,Year,Area,Date,Road,Municipality Name,County Name,Province Name,Fatalties,Serious Injuries,Light Injuries,Units Involved,Pedestrains Involved,Bicycles Involved,Mopeds Involved,Motorcycles,Light Vehicles Involved,Heavy Vehicles Involved,Other Units Involved,Unspecified Units Involved,Road Speed Limit,Accident with Hit and Run,Fog Presence,Surrounding Environment,Special Lane Presence,Special Traffic Measures,Weather Conditions,Special Road Functions,Severity of Accident,Influence of Fog,Influence of Environment,Influence of Traffic,Influence of Weather,Influence of Wind Intensity,Influence of Lighting,Influence of Special Measures,Influence of Road Objects,Influence of Road Surface,Influence of Visibility,Intersection Characteristics,Lighting Conditions,Traffic Regulation and Priority,Direction of Road,Subtype of Accident,Subtype of Road Section,Subzone within Area,Road Surface Conditions,Type of Road,Road Ownership,Wind Conditions,Day of the Week Grouping,Hour of Day,Time of Day Grouping,Type of Accident,Day Type,Day,Month
170,2010,1,2010-01-16,SE,BARCELONA,Barcelones,3,0,1,0,1,0,0,0,1,0,0,0,0,100.0,0.0,0,-1,No n'hi ha,-1.0,3,3,1,0,0,0,0,0,0,0,0,0,0,0,4,-1,0,Xoc contra objecte/obstacle sense sortida prèvia de via,-1,2,2,5,-1,2,0,12.1,0,4,5,16,1
171,2010,1,2010-03-01,SE,BARCELONA,Barcelones,3,0,1,0,2,0,0,0,1,1,0,0,0,100.0,0.0,0,-1,No n'hi ha,-1.0,3,3,1,0,0,0,0,0,0,0,0,0,0,1,5,3,1,Envestida (frontal lateral),0,2,2,5,-1,2,1,20.4,1,2,0,1,3
172,2010,0,2010-09-07,C-65,SANTA CRISTINA D'ARO,Baix Emporda,1,1,0,0,1,0,0,0,0,1,0,0,0,100.0,0.0,0,1,No n'hi ha,-1.0,3,3,0,0,0,0,1,0,0,0,0,0,0,0,3,-1,1,Resta sortides de via,-1,1,2,4,2,1,1,7.41,0,1,1,7,9
173,2010,1,2010-03-10,SE,BLANES,Selva,1,0,1,0,2,1,0,0,0,1,0,0,0,20.0,0.0,0,-1,No n'hi ha,-1.0,3,3,1,-1,0,0,0,-1,0,0,0,0,-1,1,4,4,-1,Atropellament,2,2,2,5,-1,2,1,11.42,0,3,2,10,3
174,2010,1,2010-01-19,SE,SABADELL,Valles Occidental,3,0,1,0,2,0,0,1,0,1,0,0,0,100.0,0.0,0,-1,No n'hi ha,-1.0,3,3,1,0,0,0,0,0,0,0,0,0,0,0,4,-1,-1,Envestida (frontal lateral),-1,2,2,5,-1,2,1,14.15,1,2,1,19,1
175,2010,1,2010-09-16,SE,BLANES,Selva,1,0,1,0,2,1,0,0,0,1,0,0,0,20.0,0.0,0,2,No n'hi ha,-1.0,3,3,1,-1,0,0,0,-1,0,0,0,0,-1,0,5,-1,1,Atropellament,-1,2,2,5,-1,2,1,19.53,1,3,3,16,9
176,2010,1,2010-06-19,SE,BARCELONA,Barcelones,3,0,2,0,2,0,0,0,1,0,1,0,0,100.0,0.0,0,-1,No n'hi ha,-1.0,3,3,1,0,0,0,0,0,0,0,0,0,0,1,4,2,1,Envestida (frontal lateral),2,2,2,5,-1,2,0,17.1,1,2,5,19,6
177,2010,1,2010-05-24,N-141c,CALDERS,Moianès,3,0,1,3,2,0,0,0,0,2,0,0,0,50.0,0.0,0,2,No n'hi ha,-1.0,3,1,1,0,0,0,0,0,0,0,0,0,0,0,4,-1,1,Col·lisió frontal,-1,0,2,4,1,2,1,10.38,0,2,0,24,5
178,2010,0,2010-08-30,C-66,FORALLAC,Baix Emporda,1,0,1,0,4,0,0,1,0,2,1,0,0,100.0,0.0,0,2,No n'hi ha,-1.0,3,3,1,0,0,0,0,0,0,0,0,0,1,0,3,-1,1,Fregament o col·lisió lateral,-1,1,2,4,2,2,1,3.2,2,2,0,30,8
179,2010,0,2010-04-26,BV-5001,MONTCADA I REIXAC,Valles Occidental,3,0,1,2,4,0,0,0,1,3,0,0,0,100.0,0.0,0,1,No n'hi ha,-1.0,3,3,1,0,0,0,0,0,0,0,0,0,0,0,4,-1,1,Fregament o col·lisió lateral,-1,1,2,4,3,2,1,17.35,1,2,0,26,4
180,2010,0,2010-08-04,N-340,AMPOSTA,Montsia,0,1,0,0,2,0,1,0,0,1,0,0,0,100.0,0.0,0,2,No n'hi ha,-1.0,3,3,0,0,0,0,0,0,0,0,0,0,0,0,4,-1,1,Envestida (frontal lateral),-1,1,2,4,1,2,1,19.0,1,2,2,4,8
181,2010,1,2010-05-16,SE,SALOU,Tarragones,0,0,1,0,2,1,0,0,0,1,0,0,0,100.0,0.0,0,2,No n'hi ha,-1.0,3,3,1,0,0,0,0,0,0,0,0,0,0,0,5,-1,1,Atropellament,-1,2,2,5,-1,2,0,3.5,2,3,6,16,5
182,2010,1,2010-01-08,SE,BLANES,Selva,1,0,1,0,2,1,0,0,0,1,0,0,0,20.0,0.0,0,-1,No n'hi ha,-1.0,3,3,1,-1,0,0,0,0,0,0,0,0,-1,0,2,-1,0,Atropellament,-1,2,2,5,-1,1,1,8.45,0,3,4,8,1
183,2010,1,2010-07-08,SE,CASTELLAR DEL VALLES,Valles Occidental,3,0,1,0,2,0,0,1,0,1,0,0,0,20.0,0.0,0,2,No n'hi ha,-1.0,3,3,1,-1,0,0,0,-1,0,0,0,0,-1,1,4,4,0,Envestida (frontal lateral),2,2,2,5,-1,2,1,18.5,1,2,3,8,7
184,2010,1,2010-06-01,SE,GRANOLLERS,Valles Oriental,3,0,1,0,3,0,0,0,1,2,0,0,0,100.0,0.0,0,2,No n'hi ha,-1.0,3,3,1,0,0,0,0,0,0,0,0,0,0,0,4,-1,0,Envestida (frontal lateral),-1,2,2,5,-1,2,1,17.44,1,2,1,1,6
185,2010,1,2010-03-23,SE,SANT JOAN DE VILATOR,Bages,3,0,1,0,2,1,0,0,0,1,0,0,0,40.0,0.0,0,2,Carril central,-1.0,3,3,1,0,0,0,0,0,0,0,0,0,0,1,4,3,1,Atropellament,2,2,2,5,-1,2,1,13.05,0,3,1,23,3
186,2010,0,2010-09-16,A-2,MONTMANEU,Anoia,3,0,1,1,2,0,0,0,0,1,1,0,0,100.0,0.0,0,2,No n'hi ha,-1.0,3,3,1,0,0,0,0,0,0,0,0,0,0,0,4,-1,0,Encalç,-1,1,2,4,1,2,1,15.0,1,2,3,16,9
187,2010,1,2010-09-26,C-243a,"GRANADA, LA",Alt Penedes,3,0,1,0,2,1,0,0,0,1,0,0,0,40.0,0.0,0,2,No n'hi ha,-1.0,3,1,1,0,0,0,0,0,0,0,0,0,0,1,4,4,1,Atropellament,0,0,2,4,0,2,0,11.36,0,3,6,26,9
188,2010,1,2010-11-10,SE,TERRASSA,Valles Occidental,3,0,1,0,2,0,0,1,0,1,0,0,0,100.0,0.0,0,2,No n'hi ha,-1.0,3,3,1,0,0,0,0,0,0,0,0,0,0,1,5,4,1,Envestida (frontal lateral),1,2,2,5,-1,2,1,21.0,1,2,2,10,11
189,2010,1,2010-11-30,SE,LLEIDA,Segria,2,0,1,1,2,0,0,0,0,2,0,0,0,20.0,,0,2,No n'hi ha,-1.0,3,3,1,-1,0,0,0,-1,0,0,0,0,-1,1,5,3,1,Envestida (frontal lateral),2,2,2,5,-1,2,1,1.46,2,2,1,30,11
190,2010,1,2010-06-04,SE,GRANOLLERS,Valles Oriental,3,0,1,1,4,0,0,0,1,3,0,0,0,100.0,0.0,0,2,No n'hi ha,-1.0,3,3,1,0,0,0,0,0,0,0,0,0,0,1,4,3,1,Envestida (frontal lateral),2,2,2,5,-1,2,0,18.3,1,2,4,4,6
191,2010,1,2010-10-04,SE,CASTELLO D'EMPURIES,Alt Emporda,1,0,1,0,1,0,0,1,0,0,0,0,0,20.0,0.0,0,-1,No n'hi ha,-1.0,3,3,1,-1,0,0,0,-1,0,0,0,0,0,0,4,-1,1,Xoc contra objecte/obstacle sense sortida prèvia de via,-1,2,2,5,-1,2,1,13.1,0,4,0,4,10
192,2010,0,2010-01-19,SE,REUS,Baix Camp,0,0,1,0,2,1,0,0,0,0,1,0,0,100.0,0.0,0,-1,No n'hi ha,-1.0,3,3,1,0,0,0,0,0,0,0,0,0,0,0,4,-1,-1,Atropellament,-1,1,2,3,-1,2,1,12.55,0,3,1,19,1
193,2010,0,2010-07-15,N-340a,TARRAGONA,Tarragones,0,0,1,0,2,1,0,0,0,1,0,0,0,50.0,0.0,0,2,Habilitació voral/carril addicional,-1.0,3,2,1,0,0,0,0,0,0,0,0,0,0,0,4,-1,0,Atropellament,-1,1,2,4,4,2,1,18.49,1,3,3,15,7
194,2010,0,2010-03-29,SE,RUBI,Valles Occidental,3,0,1,2,2,0,0,0,0,2,0,0,0,100.0,0.0,0,2,No n'hi ha,-1.0,3,3,1,0,0,0,0,0,0,0,0,0,0,1,5,3,1,Envestida (frontal lateral),2,1,2,3,3,2,1,22.08,2,2,0,29,3
195,2010,1,2010-11-01,SE,LLEIDA,Segria,2,0,2,0,2,0,0,0,1,1,0,0,0,100.0,0.0,0,-1,No n'hi ha,-1.0,3,3,1,0,0,0,0,0,0,0,0,0,0,0,4,-1,-1,Col·lisió frontal,-1,2,2,5,-1,2,1,17.0,1,2,0,1,11
196,2010,0,2010-08-10,SE,TORREGROSSA,Pla d'Urgell,2,0,1,0,2,0,0,1,0,1,0,0,0,100.0,0.0,0,2,No n'hi ha,-1.0,3,3,1,0,0,0,0,0,0,0,0,0,0,1,0,4,1,Envestida (frontal lateral),1,1,3,3,0,2,1,22.3,2,2,1,10,8
197,2010,1,2010-01-22,SE,BARCELONA,Barcelones,3,0,1,0,2,0,0,0,1,1,0,0,0,100.0,0.0,0,-1,No n'hi ha,-1.0,3,3,1,0,0,0,0,0,0,0,0,0,0,1,4,3,0,Fregament o col·lisió lateral,2,2,2,5,-1,2,0,15.1,1,2,4,22,1
198,2010,0,2010-10-05,C-55,SANT JOAN DE VILATOR,Bages,3,0,1,0,2,0,1,0,0,0,1,0,0,40.0,0.0,0,2,No n'hi ha,-1.0,3,3,1,0,0,0,0,0,0,0,0,0,0,2,4,4,1,Encalç,3,1,2,4,2,2,1,12.19,0,2,1,5,10
199,2010,1,2010-04-28,SE,BARCELONA,Barcelones,3,0,1,0,1,0,1,0,0,0,0,0,0,100.0,0.0,0,-1,No n'hi ha,-1.0,3,3,1,0,0,0,0,0,0,0,0,0,0,0,4,-1,1,Caiguda en la via,-1,2,2,5,-1,2,1,20.0,1,0,2,28,4
200,2010,0,2010-05-02,C-25,SANT HILARI SACALM,Selva,1,1,2,0,2,0,0,0,0,2,0,0,0,60.0,0.0,0,2,No n'hi ha,0.0,3,3,0,0,0,0,0,0,0,0,0,0,0,0,1,-1,1,Envestida (frontal lateral),-1,1,2,4,2,2,0,8.1,0,2,6,2,5
201,2010,0,2010-01-31,C-15,VALLBONA D'ANOIA,Anoia,3,0,4,2,4,0,0,0,0,4,0,0,0,100.0,0.0,0,3,No n'hi ha,-1.0,3,3,1,0,0,0,0,0,0,0,0,0,0,0,4,-1,1,Col·lisió frontal,-1,1,2,4,2,2,0,15.34,1,2,6,31,1
202,2010,0,2010-12-21,C-14,REUS,Baix Camp,0,0,1,0,2,0,0,0,0,2,0,0,0,100.0,0.0,0,1,No n'hi ha,-1.0,3,3,1,0,0,0,1,0,0,0,0,0,0,0,2,-1,1,Sortida de via amb xoc o col·lisió,-1,1,2,4,2,1,1,9.04,0,1,1,21,12
203,2010,0,2010-05-09,B-124,CASTELLAR DEL VALLES,Valles Occidental,3,1,0,1,2,0,0,0,0,2,0,0,0,100.0,0.0,0,2,No n'hi ha,-1.0,3,3,0,0,0,0,0,0,0,0,0,0,0,0,3,-1,1,Col·lisió frontal,-1,1,2,4,2,2,0,0.5,2,2,6,9,5
204,2010,1,2010-09-03,SE,LLEIDA,Segria,2,0,1,0,2,1,0,0,0,1,0,0,0,20.0,,0,2,No n'hi ha,-1.0,3,3,1,0,0,0,0,0,0,0,0,0,0,0,0,-1,0,Atropellament,-1,2,2,5,-1,2,0,21.05,1,3,4,3,9
205,2010,0,2010-03-26,C-32,CORNELLA DE LLOBREGAT,Baix Llobregat,3,0,1,0,4,0,0,0,1,3,0,0,0,80.0,0.0,0,3,No n'hi ha,-1.0,3,0,1,0,0,0,0,0,0,0,0,0,0,0,4,-1,0,Xoc contra objecte/obstacle sense sortida prèvia de via,-1,1,2,4,2,2,1,7.4,0,4,4,26,3
206,2010,0,2010-11-26,C-31,CUBELLES,Garraf,3,0,1,0,2,1,0,0,0,1,0,0,0,50.0,0.0,0,2,No n'hi ha,-1.0,3,3,1,0,0,0,0,0,0,0,0,0,1,2,0,2,1,Atropellament,3,1,2,4,2,2,0,18.25,1,3,4,26,11
207,2010,1,2010-07-24,SE,RIPOLLET,Valles Occidental,3,0,1,0,2,1,0,0,0,1,0,0,0,100.0,0.0,0,2,No n'hi ha,-1.0,3,3,1,0,0,0,0,0,0,0,0,0,0,0,4,-1,1,Atropellament,-1,2,2,5,-1,2,0,7.5,0,3,5,24,7
208,2010,1,2010-03-13,SE,MATARO,Maresme,3,0,1,1,2,1,0,0,0,1,0,0,0,20.0,0.0,0,2,No n'hi ha,-1.0,3,3,1,0,0,0,0,0,0,0,0,0,0,0,5,-1,1,Atropellament,-1,2,2,5,-1,2,0,21.1,1,3,5,13,3
209,2010,0,2010-04-14,C-32,CASTELLDEFELS,Baix Llobregat,3,0,1,0,1,0,0,0,1,0,0,0,0,80.0,0.0,0,2,No n'hi ha,-1.0,3,3,1,0,0,0,0,0,0,0,0,0,0,1,1,-1,1,Xoc contra objecte/obstacle sense sortida prèvia de via,1,1,2,4,2,2,1,21.0,1,4,2,14,4
210,2010,1,2010-03-01,SE,SANT BOI DE LLOBREGAT,Baix Llobregat,3,0,2,2,2,0,0,0,0,2,0,0,0,100.0,0.0,0,2,No n'hi ha,-1.0,3,3,1,0,0,0,0,0,0,0,0,0,1,0,4,-1,1,Envestida (frontal lateral),-1,2,2,5,-1,2,1,13.25,0,2,0,1,3
211,2010,1,2010-04-28,SE,SANT ADRIA DE BESOS,Barcelones,3,0,1,0,2,0,0,0,1,0,1,0,0,20.0,0.0,0,2,No n'hi ha,-1.0,3,3,1,-1,0,0,0,-1,0,0,0,0,-1,0,4,-1,1,Envestida (frontal lateral),-1,2,2,5,-1,2,1,17.0,1,2,2,28,4
212,2010,0,2010-02-06,N-420,BOTARELL,Baix Camp,0,1,2,0,2,0,0,0,0,2,0,0,0,100.0,0.0,0,3,No n'hi ha,-1.0,3,3,0,0,0,0,0,0,0,0,0,0,0,0,3,-1,1,Col·lisió frontal,-1,1,2,4,1,2,0,21.35,1,2,5,6,2
213,2010,1,2010-06-25,SE,BADALONA,Barcelones,3,1,0,0,2,1,0,0,0,1,0,0,0,100.0,0.0,0,-1,No n'hi ha,-1.0,3,3,0,0,0,0,0,0,0,0,0,0,1,0,4,-1,0,Atropellament,-1,2,2,5,-1,2,1,10.31,0,3,4,25,6
214,2010,0,2010-10-27,TP-2311,CABRA DEL CAMP,Alt Camp,0,0,1,2,1,0,0,0,0,1,0,0,0,100.0,0.0,0,1,No n'hi ha,-1.0,3,3,1,0,0,0,0,0,0,0,0,0,0,0,4,-1,1,Xoc contra objecte/obstacle sense sortida prèvia de via,-1,1,2,4,3,1,1,14.1,1,4,2,27,10
215,2010,0,2010-07-30,C-233,VILANOVA DE BELLPUIG,Pla d'Urgell,2,0,2,1,2,0,0,1,0,1,0,0,0,90.0,0.0,0,3,No n'hi ha,-1.0,3,3,1,0,0,0,0,0,0,0,0,0,0,0,4,-1,1,Fregament o col·lisió lateral,-1,1,2,4,2,2,1,12.45,0,2,4,30,7
216,2010,1,2010-08-13,SE,BARCELONA,Barcelones,3,0,1,0,2,1,0,0,1,0,0,0,0,100.0,0.0,0,-1,No n'hi ha,-1.0,3,3,1,0,0,0,0,0,0,0,0,0,0,1,5,3,1,Atropellament,2,2,2,5,-1,2,0,23.1,2,3,4,13,8
217,2010,1,2010-09-12,SE,BARCELONA,Barcelones,3,0,1,0,2,1,0,0,0,1,0,0,0,100.0,0.0,0,-1,No n'hi ha,-1.0,3,3,1,0,0,0,0,0,0,0,0,0,0,1,4,3,1,Atropellament,2,2,2,5,-1,2,0,10.15,0,3,6,12,9
218,2010,1,2010-02-06,SE,BARCELONA,Barcelones,3,0,1,0,2,1,0,0,0,0,1,0,0,100.0,0.0,0,-1,No n'hi ha,0.0,3,3,1,0,0,0,0,0,0,0,0,0,0,1,4,4,1,Atropellament,1,2,2,5,-1,2,0,15.5,1,3,5,6,2
219,2010,1,2010-01-22,SE,MARTORELL,Baix Llobregat,3,0,1,0,2,1,0,0,0,1,0,0,0,100.0,0.0,0,2,No n'hi ha,-1.0,3,3,1,0,0,0,0,0,0,0,0,0,0,0,4,-1,0,Atropellament,-1,2,2,5,-1,2,1,14.58,1,3,4,22,1
220,2010,0,2010-01-14,CR40,TERRASSA,Valles Occidental,3,0,1,1,3,2,0,0,0,1,0,0,0,100.0,0.0,0,-1,No n'hi ha,-1.0,3,3,1,0,0,0,0,0,0,0,0,0,0,0,4,-1,-1,Atropellament,-1,1,2,4,-1,2,1,22.18,2,3,3,14,1
221,2010,0,2010-11-19,GI-614,ROSES,Alt Emporda,1,0,1,0,2,0,0,0,1,1,0,0,0,100.0,0.0,0,3,No n'hi ha,-1.0,3,3,1,0,0,0,0,0,0,0,0,0,0,0,2,-1,1,Fregament o col·lisió lateral,-1,1,2,4,-1,2,1,9.5,0,2,4,19,11
222,2010,1,2010-01-15,SE,ESPLUGUES DE LLOBREGAT,Baix Llobregat,3,0,1,0,2,1,0,0,1,0,0,0,0,20.0,0.0,0,2,No n'hi ha,-1.0,3,3,1,-1,0,0,0,-1,0,0,0,0,0,0,5,-1,0,Atropellament,-1,2,2,5,-1,2,0,20.55,1,3,4,15,1
223,2010,0,2010-07-25,N-260,SORT,Pallars Sobira,2,0,1,0,2,0,0,0,1,1,0,0,0,70.0,0.0,0,2,No n'hi ha,-1.0,3,3,1,0,0,0,0,0,0,0,0,0,1,1,4,4,1,Envestida (frontal lateral),0,1,2,4,1,2,0,19.38,1,2,6,25,7
224,2010,0,2010-02-12,C-12,MAIALS,Segria,2,0,2,0,2,0,0,0,0,2,0,0,0,100.0,0.0,0,2,No n'hi ha,-1.0,3,3,1,0,0,0,0,0,0,0,0,0,0,0,4,-1,1,Fregament o col·lisió lateral,-1,1,2,4,2,2,1,8.1,0,2,4,12,2
225,2010,1,2010-04-15,SE,HOSPITALET DE LLOBREGAT,Barcelones,3,0,1,0,1,0,0,0,1,0,0,0,0,20.0,0.0,0,-1,No n'hi ha,-1.0,3,3,1,-1,0,0,0,-1,0,0,0,0,-1,0,5,-1,0,Caiguda en la via,-1,2,2,5,-1,2,1,23.53,2,0,3,15,4
226,2010,0,2010-09-25,C-37,MANRESA,Bages,3,0,1,0,1,0,0,0,0,1,0,0,0,90.0,0.0,0,2,No n'hi ha,-1.0,3,3,1,-1,0,0,0,-1,0,0,0,0,0,0,1,-1,1,Xoc contra objecte/obstacle sense sortida prèvia de via,-1,1,2,4,2,2,0,6.55,0,4,5,25,9
227,2010,0,2010-05-19,C-243C,ULLASTRELL,Valles Occidental,3,0,1,1,3,0,0,0,2,1,0,0,0,100.0,0.0,0,2,No n'hi ha,-1.0,3,3,1,0,1,0,0,0,0,0,0,0,0,1,4,5,1,Encalç,3,1,2,4,3,2,1,20.0,1,2,2,19,5
228,2010,1,2010-06-03,SE,VALLS,Alt Camp,0,0,1,0,2,1,0,0,0,1,0,0,0,100.0,0.0,0,2,No n'hi ha,-1.0,3,3,1,0,0,0,0,0,0,0,0,0,0,2,4,-1,1,Atropellament,2,2,2,5,-1,2,1,19.3,1,3,3,3,6
229,2010,0,2010-01-03,C-17,SANT MARTI DE CENTEL,Osona,3,0,1,0,4,0,0,0,0,4,0,0,0,100.0,0.0,0,1,No n'hi ha,-1.0,3,3,1,0,0,0,0,0,0,0,0,0,0,0,3,-1,1,Fregament o col·lisió lateral,-1,1,2,4,2,2,0,0.0,2,2,6,3,1
230,2010,0,2010-07-27,AP-7,ULLDECONA,Montsia,0,1,0,0,1,0,0,0,0,0,1,0,0,100.0,0.0,0,2,No n'hi ha,-1.0,3,3,0,0,0,0,0,0,0,0,0,0,0,0,4,-1,1,Altres,-1,1,2,4,1,2,1,20.08,1,5,1,27,7
231,2010,1,2010-07-02,SE,BARCELONA,Barcelones,3,1,0,0,2,1,0,0,1,0,0,0,0,100.0,0.0,0,-1,No n'hi ha,-1.0,3,3,0,0,0,0,0,0,0,0,0,0,0,1,4,4,0,Atropellament,2,2,2,5,-1,2,1,13.1,0,3,4,2,7
232,2010,0,2010-07-07,GI-682,TOSSA DE MAR,Selva,1,0,1,0,2,0,0,0,1,1,0,0,0,100.0,0.0,0,2,No n'hi ha,-1.0,3,3,1,0,0,0,0,0,0,0,0,0,0,1,4,4,1,Xoc contra objecte/obstacle sense sortida prèvia de via,0,1,2,4,0,2,1,15.45,1,4,2,7,7
233,2010,1,2010-07-23,SE,SABADELL,Valles Occidental,3,0,1,0,1,0,0,0,0,0,1,0,0,100.0,0.0,0,-1,No n'hi ha,-1.0,3,3,1,0,0,0,0,0,0,0,0,0,0,0,4,-1,-1,Caiguda en la via,-1,2,2,5,-1,2,0,20.43,1,0,4,23,7
234,2010,0,2010-07-31,SE,CABRERA DE MAR,Maresme,3,0,1,0,1,0,0,0,0,1,0,0,0,50.0,0.0,0,2,No n'hi ha,-1.0,3,3,1,0,0,0,0,0,0,0,0,0,0,0,0,-1,1,Xoc contra objecte/obstacle sense sortida prèvia de via,-1,1,2,3,0,2,0,3.55,2,4,5,31,7
235,2010,1,2010-06-11,SE,GIRONA,Girones,1,1,0,0,2,1,0,0,0,1,0,0,0,100.0,0.0,0,-1,No n'hi ha,-1.0,3,3,0,0,0,0,0,0,0,0,0,0,0,0,4,-1,-1,Atropellament,-1,2,2,5,-1,2,0,21.01,1,3,4,11,6
236,2010,0,2010-11-19,N-240,"ESPLUGA DE FRANCOLI, L'",Conca de Barbera,0,0,2,1,2,0,0,0,0,2,0,0,0,100.0,0.0,0,0,No n'hi ha,-1.0,3,3,1,0,0,0,0,0,0,0,0,0,0,0,3,-1,1,Col·lisió frontal,-1,1,2,4,1,2,0,21.22,1,2,4,19,11
237,2010,1,2010-10-07,SE,SANTA COLOMA DE GRAMANET,Barcelones,3,1,0,0,2,1,0,0,0,1,0,0,0,20.0,0.0,0,2,No n'hi ha,-1.0,3,3,0,-1,0,0,0,-1,0,0,0,0,0,0,4,-1,1,Atropellament,-1,2,2,5,-1,2,1,17.3,1,3,3,7,10
238,2010,1,2010-09-09,SE,SABADELL,Valles Occidental,3,0,1,0,2,1,0,0,0,1,0,0,0,100.0,0.0,0,-1,No n'hi ha,-1.0,3,3,1,0,0,0,0,0,0,0,0,0,0,0,4,-1,-1,Atropellament,-1,2,2,5,-1,2,1,15.2,1,3,3,9,9
239,2010,1,2010-09-13,SE,SANT ADRIA DE BESOS,Barcelones,3,0,1,0,2,1,0,0,0,1,0,0,0,20.0,0.0,0,2,No n'hi ha,-1.0,3,3,1,-1,0,0,0,-1,0,0,0,0,-1,0,4,-1,1,Atropellament,-1,2,2,5,-1,2,1,18.0,1,3,0,13,9
240,2010,1,2010-02-26,SE,MATARO,Maresme,3,0,1,0,2,0,0,1,0,1,0,0,0,20.0,0.0,0,2,No n'hi ha,-1.0,3,3,1,-1,0,0,0,-1,0,0,0,0,-1,1,5,4,0,Envestida (frontal lateral),2,2,2,5,-1,2,0,23.25,2,2,4,26,2
241,2010,0,2010-04-09,C-14,TARREGA,Urgell,2,1,1,1,2,0,0,0,0,2,0,0,0,100.0,0.0,0,1,Altres,-1.0,3,3,0,0,0,0,0,0,0,0,0,0,0,1,4,4,1,Envestida (frontal lateral),3,1,2,4,2,2,1,10.06,0,2,4,9,4
242,2010,1,2010-06-26,SE,MANRESA,Bages,3,0,1,0,2,1,0,0,0,1,0,0,0,30.0,0.0,0,2,No n'hi ha,-1.0,3,3,1,0,0,0,0,0,0,0,0,0,0,2,4,4,1,Atropellament,0,2,2,5,-1,2,0,11.28,0,3,5,26,6
243,2010,1,2010-06-26,SE,TARRAGONA,Tarragones,0,0,1,0,2,0,0,0,1,1,0,0,0,100.0,0.0,0,2,Altres,-1.0,3,3,1,0,0,0,0,0,0,0,0,0,0,0,4,-1,0,Fregament o col·lisió lateral,-1,2,2,5,-1,2,0,12.1,0,2,5,26,6
244,2010,1,2010-07-26,SE,"PRAT DE LLOBREGAT, E",Baix Llobregat,3,0,1,0,2,0,0,0,1,1,0,0,0,100.0,0.0,0,2,No n'hi ha,-1.0,3,3,1,0,0,0,0,0,0,0,0,0,0,1,4,4,1,Envestida (frontal lateral),2,2,2,5,-1,2,1,14.15,1,2,0,26,7
245,2010,1,2010-03-30,SE,BARCELONA,Barcelones,3,0,1,0,2,1,0,0,0,0,1,0,0,100.0,0.0,0,-1,Carril bus,-1.0,3,3,1,0,0,0,0,0,0,0,0,0,0,0,4,-1,1,Atropellament,-1,2,2,5,-1,2,1,19.5,1,3,1,30,3
246,2010,1,2010-11-18,SE,MONTCADA I REIXAC,Valles Occidental,3,1,0,0,2,1,0,0,1,0,0,0,0,20.0,0.0,0,-1,No n'hi ha,-1.0,3,3,0,-1,0,0,0,-1,0,0,0,1,-1,1,4,2,1,Atropellament,1,2,2,5,-1,2,1,12.35,0,3,3,18,11
247,2010,0,2010-11-07,N-II,VILASSAR DE MAR,Maresme,3,1,0,0,2,0,0,0,1,0,1,0,0,60.0,0.0,0,2,No n'hi ha,-1.0,3,3,0,0,0,0,0,0,0,0,0,0,0,1,0,3,1,Encalç,2,1,2,4,1,2,0,19.45,1,2,6,7,11
248,2010,1,2010-11-11,SE,BARCELONA,Barcelones,3,1,0,0,3,0,0,0,1,1,1,0,0,80.0,0.0,0,-1,No n'hi ha,-1.0,3,3,0,0,0,0,0,0,0,0,0,0,0,0,4,-1,1,Encalç,-1,2,2,5,-1,2,1,14.15,1,2,3,11,11
249,2010,0,2010-12-31,SE,"MASNOU, EL",Maresme,3,0,2,3,2,0,0,0,0,2,0,0,0,100.0,0.0,0,2,No n'hi ha,-1.0,3,3,1,0,0,0,0,0,0,0,0,0,0,0,2,-1,1,Sortida de via amb xoc o col·lisió,-1,1,2,3,1,2,1,9.5,0,1,4,31,12
250,2010,1,2010-11-09,SE,CASTELLDEFELS,Baix Llobregat,3,0,1,0,3,0,0,0,1,2,0,0,0,100.0,0.0,0,-1,No n'hi ha,-1.0,3,3,1,0,0,0,0,0,0,0,0,0,0,0,4,-1,-1,Caiguda en la via,-1,2,2,5,-1,2,1,17.45,1,0,1,9,11
251,2010,1,2010-12-16,SE,TERRASSA,Valles Occidental,3,0,1,0,1,0,0,0,1,0,0,0,0,100.0,0.0,0,-1,No n'hi ha,-1.0,3,3,1,0,0,0,0,0,0,0,0,0,0,0,4,-1,-1,Caiguda en la via,-1,2,2,5,-1,2,1,19.15,1,0,3,16,12
252,2010,0,2010-12-18,C-32,VILADECANS,Baix Llobregat,3,0,1,0,1,0,0,0,1,0,0,0,0,60.0,0.0,0,2,No n'hi ha,-1.0,3,3,1,0,0,0,0,0,0,0,0,0,0,1,4,-1,0,Xoc contra objecte/obstacle sense sortida prèvia de via,3,1,2,4,2,2,0,7.51,0,4,5,18,12
253,2010,1,2010-04-08,SE,BADALONA,Barcelones,3,0,1,0,3,0,0,0,1,2,0,0,0,100.0,0.0,0,-1,No n'hi ha,-1.0,3,3,1,0,0,1,0,0,0,0,0,0,0,1,4,2,1,Encalç,2,2,2,5,-1,2,1,9.07,0,2,3,8,4