,Year,Area,Date,Road,Municipality Name,County Name,Province Name,Fatalties,Serious Injuries,Light Injuries,Units Involved,Pedestrains Involved,Bicycles Involved,Mopeds Involved,Motorcycles,Light Vehicles Involved,Heavy Vehicles Involved,Other Units Involved,Unspecified Units Involved,Road Speed Limit,Accident with Hit and Run,Fog Presence,Surrounding Environment,Special Lane Presence,Special Traffic Measures,Weather Conditions,Special Road Functions,Severity of Accident,Influence of Fog,Influence of Environment,Influence of Traffic,Influence of Weather,Influence of Wind Intensity,Influence of Lighting,Influence of Special Measures,Influence of Road Objects,Influence of Road Surface,Influence of Visibility,Intersection Characteristics,Lighting Conditions,Traffic Regulation and Priority,Direction of Road,Subtype of Accident,Subtype of Road Section,Subzone within Area,Road Surface Conditions,Type of Road,Road Ownership,Wind Conditions,Day of the Week Grouping,Hour of Day,Time of Day Grouping,Type of Accident,Day Type,Day,Month
254,2010,1,2010-05-22,SE,TARRAGONA,Tarragones,0,0,1,0,2,1,0,0,0,1,0,0,0,100.0,0.0,0,2,No n'hi ha,-1.0,3,3,1,0,0,0,0,0,0,0,0,0,0,0,4,-1,0,Atropellament,-1,2,2,5,-1,2,0,12.1,0,3,5,22,5
255,2010,1,2010-10-13,SE,CARME,Anoia,3,1,0,0,2,1,0,0,0,1,0,0,0,100.0,0.0,0,2,No n'hi ha,-1.0,3,3,0,0,0,0,0,0,0,0,0,0,0,0,4,-1,1,Atropellament,-1,2,0,5,-1,2,1,17.1,1,3,2,13,10
256,2010,0,2010-12-31,C-55,SURIA,Bages,3,0,1,2,3,0,0,0,0,2,1,0,0,100.0,0.0,0,3,No n'hi ha,-1.0,3,3,1,0,0,0,0,0,0,0,0,0,0,0,4,-1,1,Col·lisió frontal,-1,1,2,4,2,2,1,8.3,0,2,4,31,12
257,2010,0,2010-06-02,N-260,"PONT DE BAR, EL",Alt Urgell,2,0,1,0,1,0,0,0,1,0,0,0,0,100.0,0.0,0,1,No n'hi ha,-1.0,1,3,1,0,0,0,0,0,0,0,0,0,0,0,4,-1,1,Altres,-1,1,0,4,1,2,1,15.25,1,5,2,2,6
258,2010,1,2010-04-27,SE,BARCELONA,Barcelones,3,0,1,0,2,0,0,0,1,0,1,0,0,100.0,0.0,0,-1,No n'hi ha,-1.0,3,3,1,0,0,1,0,0,0,0,0,0,0,0,4,-1,0,Fregament o col·lisió lateral,-1,2,2,5,-1,2,1,18.45,1,2,1,27,4
259,2010,1,2010-02-05,SE,MATARO,Maresme,3,0,1,0,2,1,0,0,0,1,0,0,0,20.0,0.0,0,2,No n'hi ha,-1.0,3,3,1,-1,0,0,0,-1,0,0,0,0,-1,1,4,2,1,Atropellament,2,2,2,5,-1,2,1,11.1,0,3,4,5,2
260,2010,0,2010-11-09,SE,LLEIDA,Segria,2,0,1,0,2,0,0,1,0,1,0,0,0,100.0,0.0,0,-1,No n'hi ha,-1.0,3,3,1,0,0,0,0,0,0,0,0,0,0,0,4,-1,-1,Envestida (frontal lateral),-1,1,2,3,-1,2,1,19.25,1,2,1,9,11
261,2010,1,2010-01-30,SE,BADALONA,Barcelones,3,0,1,0,2,1,0,0,0,1,0,0,0,100.0,0.0,0,-1,No n'hi ha,-1.0,3,3,1,0,0,0,0,0,0,0,0,0,0,0,4,-1,0,Atropellament,-1,2,2,5,-1,2,0,12.0,0,3,5,30,1
262,2010,1,2010-08-15,SE,BARCELONA,Barcelones,3,1,1,0,2,0,0,0,1,1,0,0,0,100.0,0.0,0,-1,No n'hi ha,-1.0,3,3,0,0,0,0,0,0,0,0,0,0,0,1,4,3,1,Envestida (frontal lateral),2,2,2,5,-1,2,0,15.05,1,2,6,15,8
263,2010,0,2010-04-16,C-14,ORGANYA,Alt Urgell,2,0,1,2,2,0,0,0,0,2,0,0,0,50.0,0.0,0,1,No n'hi ha,-1.0,3,3,1,0,0,0,0,0,0,0,0,0,0,0,3,-1,1,Col·lisió frontal,-1,1,2,4,2,2,0,21.3,1,2,4,16,4
264,2010,1,2010-06-05,SE,TERRASSA,Valles Occidental,3,0,1,1,2,0,0,0,0,2,0,0,0,100.0,0.0,0,-1,No n'hi ha,-1.0,3,3,1,0,0,0,0,0,0,0,0,0,0,0,4,-1,-1,Fregament o col·lisió lateral,-1,2,2,5,-1,2,0,10.05,0,2,5,5,6
265,2010,0,2010-10-25,C-32,ESPLUGUES DE LLOBREGAT,Baix Llobregat,3,0,1,0,2,0,0,0,1,1,0,0,0,80.0,0.0,0,2,Altres,-1.0,3,0,1,0,0,0,0,0,0,0,0,0,0,0,4,-1,1,Fregament o col·lisió lateral,-1,1,2,4,2,1,1,14.0,1,2,0,25,10
266,2010,0,2010-08-28,N-II,GIRONA,Girones,1,1,0,0,1,0,0,1,0,0,0,0,0,80.0,0.0,0,1,No n'hi ha,-1.0,3,2,0,0,0,0,0,0,0,0,0,0,0,0,3,-1,1,Caiguda en la via,-1,1,2,4,1,2,0,22.16,2,0,5,28,8
267,2010,0,2010-01-08,N-II,CALDES DE MALAVELLA,Selva,1,1,1,0,2,0,0,0,0,1,1,0,0,60.0,0.0,0,2,No n'hi ha,0.0,3,3,0,0,0,0,0,0,0,0,0,0,0,0,4,-1,1,Envestida (frontal lateral),-1,1,2,4,1,2,1,14.45,1,2,4,8,1
268,2010,0,2010-06-28,B-30,CERDANYOLA DEL VALLES,Valles Occidental,3,0,1,0,1,0,0,0,1,0,0,0,0,90.0,0.0,0,-1,No n'hi ha,-1.0,3,3,1,-1,0,0,0,-1,0,0,0,0,-1,0,4,-1,0,Xoc contra objecte/obstacle sense sortida prèvia de via,-1,1,2,4,3,2,1,9.0,0,4,0,28,6
269,2010,0,2010-07-23,C-59,MOLLET DEL VALLES,Valles Oriental,3,0,1,1,4,0,0,0,0,4,0,0,0,60.0,0.0,0,-1,No n'hi ha,-1.0,3,3,1,-1,0,0,0,-1,0,0,0,0,-1,1,1,4,1,Envestida (frontal lateral),1,1,2,4,2,2,0,21.0,1,2,4,23,7
270,2010,1,2010-10-16,SE,BARCELONA,Barcelones,3,0,1,0,3,1,0,0,0,2,0,0,0,100.0,0.0,0,-1,No n'hi ha,-1.0,3,3,1,0,0,0,0,0,0,0,0,0,0,1,5,2,0,Atropellament,2,2,2,5,-1,2,0,5.5,2,3,5,16,10
271,2010,0,2010-07-31,C-1415B,CALDES DE MONTBUI,Valles Oriental,3,0,1,0,2,0,0,1,0,1,0,0,0,50.0,0.0,0,3,No n'hi ha,-1.0,3,3,1,0,0,0,0,0,0,0,0,0,1,0,3,-1,1,Envestida (frontal lateral),-1,1,2,4,2,2,0,22.13,2,2,5,31,7
272,2010,0,2010-05-20,A-7,TARRAGONA,Tarragones,0,0,1,0,2,0,0,0,1,0,1,0,0,100.0,0.0,0,1,No n'hi ha,-1.0,3,3,1,0,0,0,0,0,0,0,0,0,0,0,4,-1,1,Encalç,-1,1,2,4,1,2,1,10.59,0,2,3,20,5
273,2010,0,2010-07-06,A-7,GELIDA,Alt Penedes,3,0,1,1,3,0,0,0,0,1,2,0,0,100.0,0.0,0,0,No n'hi ha,1.0,3,3,1,0,0,0,0,0,0,0,0,0,0,0,4,-1,0,Encalç,-1,1,2,4,1,2,1,14.42,1,2,1,6,7
274,2010,0,2010-11-27,SE,LLEIDA,Segria,2,0,1,0,2,0,0,0,0,2,0,0,0,40.0,0.0,0,2,No n'hi ha,-1.0,3,3,1,0,1,0,0,0,1,0,0,0,0,0,3,-1,1,Xoc contra objecte/obstacle sense sortida prèvia de via,-1,1,2,3,0,2,0,2.3,2,4,5,27,11
275,2010,1,2010-03-14,SE,VILANOVA I LA GELTRU,Garraf,3,0,2,0,1,0,0,0,0,1,0,0,0,100.0,0.0,0,-1,No n'hi ha,-1.0,3,3,1,0,0,0,0,0,0,0,0,0,0,0,4,-1,-1,Xoc contra objecte/obstacle sense sortida prèvia de via,-1,2,2,5,-1,2,0,2.1,2,4,6,14,3
276,2010,1,2010-04-30,SE,BARCELONA,Barcelones,3,0,1,0,2,1,0,0,0,1,0,0,0,100.0,0.0,0,-1,No n'hi ha,0.0,3,3,1,0,0,0,0,0,0,1,0,0,0,0,5,-1,0,Atropellament,-1,2,2,5,-1,2,0,23.45,2,3,4,30,4
277,2010,1,2010-02-11,SE,BARCELONA,Barcelones,3,0,1,0,3,0,0,1,1,1,0,0,0,30.0,1.0,0,-1,No n'hi ha,-1.0,3,3,1,0,0,0,0,0,0,0,0,0,1,1,4,2,1,Fregament o col·lisió lateral,1,2,2,5,-1,2,1,15.05,1,2,3,11,2
278,2010,0,2010-11-15,AL,GRANOLLERS,Valles Oriental,3,0,1,0,2,1,0,0,0,1,0,0,0,100.0,0.0,0,2,No n'hi ha,-1.0,3,3,1,0,0,0,0,0,0,0,0,0,0,0,4,-1,1,Atropellament,-1,1,2,4,0,2,1,12.3,0,3,0,15,11
279,2010,0,2010-08-04,SE,"PONT DE SUERT, EL",Alta Ribagorca,2,0,1,0,2,0,1,0,0,1,0,0,0,100.0,0.0,0,1,No n'hi ha,-1.0,3,3,1,0,0,0,0,0,0,0,1,0,1,0,4,-1,1,Resta sortides de via,-1,1,2,3,4,2,1,17.12,1,1,2,4,8
280,2010,0,2010-10-12,C-58,VACARISSES,Valles Occidental,3,1,2,3,3,0,0,0,0,3,0,0,0,80.0,0.0,0,1,Carril avançament,-1.0,3,3,0,0,0,0,0,0,0,0,0,0,0,0,2,-1,1,Envestida (frontal lateral),-1,1,2,4,2,2,1,11.23,0,2,1,12,10
281,2010,0,2010-06-06,B-40,"ROCA DEL VALLES, LA",Valles Oriental,3,1,5,2,3,0,0,0,0,3,0,0,0,100.0,0.0,0,-1,No n'hi ha,-1.0,3,3,0,0,0,0,0,0,0,0,0,0,0,0,4,-1,-1,Col·lisió frontal,-1,1,2,4,-1,2,0,2.2,2,2,6,6,6
282,2010,1,2010-10-05,SE,GIRONA,Girones,1,0,1,0,3,0,0,0,1,2,0,0,0,100.0,0.0,0,2,No n'hi ha,-1.0,3,3,1,0,0,0,0,0,0,0,0,0,0,0,4,-1,1,Encalç,-1,2,2,5,-1,2,1,15.15,1,2,1,5,10
283,2010,0,2010-07-16,A-2,SANTA COLOMA DE CERV,Baix Llobregat,3,0,1,0,3,0,0,0,1,1,1,0,0,80.0,0.0,0,3,No n'hi ha,-1.0,3,3,1,0,0,0,0,0,0,0,0,0,0,0,4,-1,0,Fregament o col·lisió lateral,-1,1,2,4,1,2,0,17.27,1,2,4,16,7
284,2010,0,2010-04-09,SE,CASTELLDEFELS,Baix Llobregat,3,0,1,0,2,0,0,0,1,1,0,0,0,100.0,0.0,0,2,No n'hi ha,-1.0,3,3,1,0,0,0,0,0,0,0,0,0,0,1,4,4,0,Altres,1,1,2,3,0,2,1,13.2,0,5,4,9,4
285,2010,1,2010-07-30,SE,BERGA,Bergueda,3,0,1,0,2,1,0,0,0,1,0,0,0,20.0,0.0,0,-1,No n'hi ha,-1.0,3,3,1,-1,0,0,0,-1,0,0,0,0,-1,1,4,3,0,Atropellament,2,2,2,5,-1,2,0,17.4,1,3,4,30,7
287,2010,1,2010-07-28,SE,"MASNOU, EL",Maresme,3,0,1,0,2,1,0,0,0,1,0,0,0,20.0,0.0,0,-1,No n'hi ha,-1.0,3,3,1,-1,0,0,0,-1,0,0,0,0,-1,1,4,2,0,Atropellament,2,2,2,5,-1,2,1,9.1,0,3,2,28,7
288,2010,1,2010-10-21,SE,BARCELONA,Barcelones,3,0,1,0,2,0,0,0,2,0,0,0,0,100.0,0.0,0,-1,No n'hi ha,-1.0,3,3,1,0,0,0,0,0,0,0,0,0,0,0,5,-1,0,Encalç,-1,2,2,5,-1,2,1,20.45,1,2,3,21,10
289,2010,0,2010-11-07,N-150,BARBERA DEL VALLES,Valles Occidental,3,0,1,0,2,1,0,0,1,0,0,0,0,100.0,0.0,0,2,No n'hi ha,-1.0,3,3,1,0,0,0,0,0,0,0,0,0,1,1,0,-1,0,Atropellament,3,1,2,4,2,2,0,19.15,1,3,6,7,11
290,2010,0,2010-01-08,C-251,CARDEDEU,Valles Oriental,3,0,1,1,2,0,0,1,0,1,0,0,0,60.0,0.0,0,2,Carril central,-1.0,3,3,1,0,0,0,0,0,0,0,0,0,0,1,3,4,1,Envestida (frontal lateral),1,1,2,4,2,2,0,18.1,1,2,4,8,1
291,2010,0,2010-10-30,C-55,SANT JOAN DE VILATOR,Bages,3,0,1,4,4,0,0,0,0,3,1,0,0,80.0,0.0,0,2,No n'hi ha,-1.0,3,3,1,0,0,0,0,0,0,0,0,0,0,0,4,-1,1,Fregament o col·lisió lateral,-1,1,2,4,2,2,0,10.44,0,2,5,30,10
292,2010,1,2010-12-29,SE,BADALONA,Barcelones,3,0,1,0,2,0,0,0,1,1,0,0,0,100.0,0.0,0,-1,No n'hi ha,-1.0,3,3,1,0,0,0,0,0,0,0,0,0,0,1,2,3,1,Envestida (frontal lateral),2,2,2,5,-1,2,1,22.15,2,2,2,29,12
293,2010,0,2010-08-19,C-31,SITGES,Garraf,3,0,1,0,1,0,0,0,0,0,1,0,0,60.0,0.0,0,3,No n'hi ha,-1.0,2,3,1,0,0,0,1,0,0,0,0,0,0,0,2,-1,1,Xoc contra objecte/obstacle sense sortida prèvia de via,-1,1,0,4,2,1,1,16.48,1,4,3,19,8
294,2010,0,2010-12-25,C-31,REGENCOS,Baix Emporda,1,1,0,0,2,1,0,0,0,1,0,0,0,100.0,0.0,0,1,No n'hi ha,-1.0,3,1,0,0,0,0,0,0,0,0,0,0,0,1,0,4,1,Atropellament,1,1,2,4,2,1,0,20.24,1,3,5,25,12
295,2010,0,2010-08-27,C-243C,CASTELLBISBAL,Valles Occidental,3,0,2,1,3,0,1,0,1,1,0,0,0,80.0,0.0,0,2,No n'hi ha,0.0,3,3,1,0,0,0,0,0,0,0,0,0,0,1,4,4,1,Envestida (frontal lateral),1,1,2,4,3,2,0,15.42,1,2,4,27,8
296,2010,0,2010-03-28,T-704,"ALEIXAR, L'",Baix Camp,0,1,1,0,4,0,0,0,2,2,0,0,0,100.0,0.0,0,1,No n'hi ha,-1.0,3,3,0,0,0,0,0,0,0,0,0,0,0,0,4,-1,1,Col·lisió frontal,-1,1,2,4,3,2,0,9.51,0,2,6,28,3
297,2010,0,2010-04-05,C-14,BASSELLA,Alt Urgell,2,0,2,0,3,0,0,0,0,3,0,0,0,90.0,0.0,0,-1,No n'hi ha,-1.0,3,3,1,-1,0,0,0,-1,0,0,0,0,0,0,4,-1,1,Fregament o col·lisió lateral,-1,1,2,4,2,2,1,14.53,1,2,0,5,4
298,2010,1,2010-01-12,SE,BADALONA,Barcelones,3,0,1,0,2,1,0,0,0,1,0,0,0,100.0,0.0,0,-1,No n'hi ha,-1.0,3,3,1,0,0,0,0,0,0,0,0,0,0,1,4,2,1,Atropellament,2,2,2,5,-1,2,1,16.19,1,3,1,12,1
299,2010,0,2010-02-18,TV-7211,CONSTANTI,Tarragones,0,1,0,3,2,0,0,0,0,1,1,0,0,50.0,0.0,0,1,Habilitació voral/carril addicional,0.0,3,2,0,0,0,0,0,0,1,1,0,0,0,0,3,-1,1,Caiguda en la via,-1,1,2,4,2,2,1,5.47,2,0,3,18,2
300,2010,1,2010-05-29,SE,"MASNOU, EL",Maresme,3,0,1,0,2,0,1,1,0,0,0,0,0,20.0,1.0,0,-1,No n'hi ha,-1.0,3,3,1,-1,0,0,0,-1,0,0,0,0,-1,1,5,4,0,Envestida (frontal lateral),2,2,2,5,-1,2,0,22.13,2,2,5,29,5
301,2010,1,2010-09-09,SE,BARCELONA,Barcelones,3,0,1,0,2,0,0,2,0,0,0,0,0,100.0,0.0,0,-1,No n'hi ha,-1.0,3,3,1,0,0,0,0,0,0,0,0,0,0,0,5,-1,1,Encalç,-1,2,2,5,-1,2,1,22.1,2,2,3,9,9
302,2010,1,2010-10-27,SE,MATARO,Maresme,3,0,1,0,2,1,0,0,0,1,0,0,0,20.0,1.0,0,2,No n'hi ha,-1.0,3,3,1,-1,0,0,0,-1,0,0,0,0,0,0,1,-1,0,Atropellament,-1,2,2,5,-1,2,1,19.15,1,3,2,27,10
303,2010,0,2010-04-02,B-510,DOSRIUS,Maresme,3,0,1,0,1,0,0,0,1,0,0,0,0,100.0,0.0,0,1,No n'hi ha,-1.0,3,3,1,0,0,0,0,0,0,0,0,0,0,0,4,-1,1,Resta sortides de via,-1,1,2,4,3,2,1,12.22,0,1,4,2,4
304,2010,0,2010-08-24,C-66,BANYOLES,Pla de l'Estany,1,1,2,1,2,0,0,0,0,2,0,0,0,100.0,0.0,0,2,No n'hi ha,-1.0,3,3,0,0,0,0,0,0,0,0,0,0,0,0,4,-1,1,Envestida (frontal lateral),-1,1,2,4,2,2,1,12.5,0,2,1,24,8
305,2010,1,2010-02-08,SE,SANT SADURNI D'ANOIA,Alt Penedes,3,0,1,0,2,1,0,0,0,1,0,0,0,100.0,0.0,0,2,No n'hi ha,-1.0,3,1,1,0,0,0,0,0,0,0,0,0,0,1,5,-1,1,Atropellament,-1,0,2,5,-1,2,1,21.3,1,3,0,8,2
306,2010,0,2010-02-28,C-14,ORGANYA,Alt Urgell,2,0,1,1,3,0,0,0,0,3,0,0,0,100.0,0.0,0,0,No n'hi ha,-1.0,3,3,1,0,0,0,0,0,0,0,0,0,0,0,3,-1,1,Col·lisió frontal,-1,1,2,4,2,2,0,18.38,1,2,6,28,2
307,2010,0,2010-08-03,SE,GRANOLLERS,Valles Oriental,3,0,1,0,2,0,0,0,1,1,0,0,0,100.0,1.0,0,-1,No n'hi ha,-1.0,3,3,1,0,0,0,0,0,0,0,0,0,0,0,4,-1,-1,Col·lisió frontal,-1,1,2,3,-1,2,1,20.2,1,2,1,3,8
308,2010,0,2010-04-30,C-16,BARCELONA,Barcelones,3,0,1,1,2,0,0,0,0,2,0,0,0,80.0,0.0,0,2,Carril reversible,-1.0,3,3,1,0,0,0,0,0,0,0,0,0,0,0,4,-1,1,Envestida (frontal lateral),-1,1,2,4,2,2,0,18.13,1,2,4,30,4
309,2010,1,2010-04-08,SE,BARCELONA,Barcelones,3,0,1,0,2,1,0,0,0,0,1,0,0,100.0,0.0,0,-1,No n'hi ha,-1.0,3,3,1,0,0,0,0,0,0,0,0,0,0,0,4,-1,0,Atropellament,-1,2,2,5,-1,2,1,14.15,1,3,3,8,4
310,2010,0,2010-06-10,C-61,VALLGORGUINA,Valles Oriental,3,0,1,0,1,0,0,0,1,0,0,0,0,100.0,0.0,0,1,No n'hi ha,-1.0,3,3,1,0,0,0,0,0,0,0,0,0,0,0,1,-1,1,Caiguda en la via,-1,1,2,4,2,2,1,20.06,1,0,3,10,6
311,2010,1,2010-02-20,SE,TARRAGONA,Tarragones,0,0,2,1,1,0,0,0,0,1,0,0,0,100.0,0.0,0,2,No n'hi ha,-1.0,3,3,1,0,0,0,0,0,0,0,0,0,0,2,5,3,0,Xoc contra objecte/obstacle sense sortida prèvia de via,0,2,2,5,-1,2,0,22.31,2,4,5,20,2
312,2010,0,2010-05-02,B-431,ARTES,Bages,3,0,1,1,1,0,0,1,0,0,0,0,0,50.0,0.0,0,0,No n'hi ha,-1.0,3,3,1,0,0,0,0,0,0,0,0,0,0,0,4,-1,1,Caiguda en la via,-1,1,2,4,3,2,0,18.03,1,0,6,2,5
313,2010,1,2010-06-02,SE,"MASNOU, EL",Maresme,3,0,1,1,2,0,0,0,1,1,0,0,0,20.0,0.0,0,-1,No n'hi ha,-1.0,3,3,1,-1,0,0,0,-1,0,0,0,0,0,1,4,4,1,Envestida (frontal lateral),2,2,2,5,-1,2,1,19.08,1,2,2,2,6
314,2010,1,2010-07-22,SE,TORROELLA DE MONTGRI,Baix Emporda,1,0,1,0,2,1,0,0,0,1,0,0,0,20.0,0.0,0,2,No n'hi ha,-1.0,3,3,1,-1,0,0,0,-1,0,0,0,0,1,1,4,5,1,Atropellament,1,2,2,5,-1,2,1,12.4,0,3,3,22,7
315,2010,0,2010-10-20,GI-682,BLANES,Selva,1,0,1,0,2,0,0,0,0,2,0,0,0,90.0,0.0,0,2,No n'hi ha,-1.0,3,3,1,-1,0,1,0,-1,0,0,0,0,-1,0,4,-1,1,Encalç,-1,1,2,4,2,2,1,11.07,0,2,2,20,10
316,2010,1,2010-07-26,SE,OLOT,Garrotxa,1,0,1,1,2,0,0,1,0,1,0,0,0,100.0,0.0,0,2,Carril central,-1.0,3,3,1,0,0,0,0,0,0,0,0,0,0,2,4,3,1,Envestida (frontal lateral),2,2,2,5,-1,2,1,18.16,1,2,0,26,7
317,2010,0,2010-03-14,C-17,"MASIES DE VOLTREGA,LES",Osona,3,1,0,1,3,1,0,0,0,2,0,0,0,100.0,0.0,0,2,No n'hi ha,-1.0,3,3,0,0,0,0,0,0,0,0,0,0,0,0,3,-1,1,Atropellament,-1,1,2,4,2,2,0,20.2,1,3,6,14,3
318,2010,1,2010-08-27,SE,SANT BOI DE LLOBREGAT,Baix Llobregat,3,0,2,1,2,0,0,0,1,1,0,0,0,100.0,0.0,0,-1,No n'hi ha,-1.0,3,3,1,0,0,0,0,0,0,0,0,0,0,1,4,4,-1,Envestida (frontal lateral),1,2,2,5,-1,2,0,18.03,1,2,4,27,8
319,2010,0,2010-06-23,BV-5128,SANT POL DE MAR,Maresme,3,0,1,0,2,0,0,1,0,1,0,0,0,40.0,0.0,0,2,No n'hi ha,-1.0,3,3,1,0,0,0,0,0,0,0,0,0,0,0,4,-1,1,Envestida (frontal lateral),-1,1,2,4,3,2,1,12.0,0,2,2,23,6
320,2010,0,2010-07-25,N-340,"PERELLO, EL",Baix Ebre,0,1,1,0,1,0,0,0,0,1,0,0,0,100.0,0.0,0,1,Carril lent,-1.0,3,3,0,0,0,0,0,0,0,0,0,0,0,0,4,-1,1,Resta sortides de via,-1,1,2,4,1,2,0,8.5,0,1,6,25,7
321,2010,1,2010-07-01,SE,OLESA DE MONTSERRAT,Baix Llobregat,3,0,1,0,2,1,0,0,0,1,0,0,0,100.0,0.0,0,2,No n'hi ha,-1.0,3,3,1,0,0,0,0,0,0,0,0,0,0,0,4,-1,0,Atropellament,-1,2,2,5,-1,2,1,18.45,1,3,3,1,7
322,2010,1,2010-02-21,SE,TERRASSA,Valles Occidental,3,0,1,0,2,1,0,0,0,1,0,0,0,100.0,0.0,0,2,No n'hi ha,-1.0,3,3,1,0,0,0,0,0,0,0,0,0,0,0,5,-1,1,Atropellament,-1,2,2,5,-1,2,0,19.5,1,3,6,21,2
323,2010,0,2010-06-07,SE,GRANOLLERS,Valles Oriental,3,0,1,0,2,1,0,0,0,0,1,0,0,100.0,0.0,0,2,No n'hi ha,-1.0,3,3,1,0,0,0,0,0,0,0,0,0,0,0,4,-1,1,Atropellament,-1,1,2,3,0,2,1,17.34,1,3,0,7,6
324,2010,1,2010-11-10,SE,MATARO,Maresme,3,0,1,0,2,0,0,0,1,1,0,0,0,20.0,0.0,0,-1,No n'hi ha,-1.0,1,3,1,-1,-1,0,0,-1,0,0,0,0,0,1,5,4,-1,Envestida (frontal lateral),2,2,0,5,-1,2,1,21.45,1,2,2,10,11
325,2010,1,2010-06-15,SE,VILANOVA I LA GELTRU,Garraf,3,0,1,0,2,1,0,0,0,1,0,0,0,100.0,0.0,0,2,No n'hi ha,-1.0,3,3,1,0,0,0,0,0,0,0,0,0,0,2,4,4,1,Atropellament,2,2,2,5,-1,2,1,13.2,0,3,1,15,6
326,2010,1,2010-07-27,SE,LLEIDA,Segria,2,0,1,0,2,1,0,0,0,1,0,0,0,20.0,0.0,0,2,No n'hi ha,-1.0,3,3,1,-1,0,0,0,-1,0,0,0,0,-1,0,4,-1,1,Atropellament,-1,2,2,5,-1,2,1,10.0,0,3,1,27,7
327,2010,0,2010-11-08,A-2,CERVERA,Segarra,2,0,1,1,3,0,0,0,0,2,1,0,0,120.0,0.0,0,2,No n'hi ha,-1.0,3,3,1,-1,0,0,0,0,0,0,0,0,-1,2,4,4,1,Encalç,3,1,2,1,1,1,1,13.58,0,2,0,8,11
328,2010,0,2010-11-17,GI-644,FORALLAC,Baix Emporda,1,1,0,1,2,0,0,0,0,2,0,0,0,100.0,0.0,0,2,No n'hi ha,-1.0,3,3,0,0,0,0,1,0,1,0,0,0,0,0,0,-1,1,Envestida (frontal lateral),-1,1,2,4,2,2,1,18.03,1,2,2,17,11
329,2010,1,2010-09-27,SE,BARCELONA,Barcelones,3,0,1,0,3,0,0,1,0,2,0,0,0,100.0,0.0,0,-1,No n'hi ha,-1.0,3,3,1,0,0,0,0,0,0,0,0,0,0,0,5,-1,1,Envestida (frontal lateral),-1,2,2,5,-1,2,1,20.2,1,2,0,27,9
330,2010,1,2010-07-21,SE,OLOT,Garrotxa,1,0,1,0,2,1,0,0,0,1,0,0,0,100.0,0.0,0,2,No n'hi ha,-1.0,3,3,1,0,0,0,0,0,0,0,0,0,0,1,4,3,1,Atropellament,2,2,2,5,-1,2,1,17.3,1,3,2,21,7
331,2010,1,2010-02-20,SE,CASTELLDEFELS,Baix Llobregat,3,0,1,0,2,1,0,0,0,1,0,0,0,100.0,0.0,0,-1,No n'hi ha,-1.0,3,3,1,0,0,0,0,0,1,0,0,0,0,0,4,-1,-1,Atropellament,-1,2,2,5,-1,2,0,10.0,0,3,5,20,2
332,2010,0,2010-03-02,C-14,"RIBA, LA",Alt Camp,0,0,1,1,3,0,0,0,0,2,1,0,0,70.0,0.0,0,0,No n'hi ha,-1.0,3,3,1,0,0,0,0,0,0,0,0,0,0,0,4,-1,1,Fregament o col·lisió lateral,-1,1,2,4,2,2,1,13.42,0,2,1,2,3
333,2010,0,2010-07-31,SE,GUIXERS,Solsones,2,0,1,0,1,0,0,0,1,0,0,0,0,100.0,0.0,0,1,No n'hi ha,-1.0,3,3,1,0,0,0,0,0,0,0,0,0,1,0,4,-1,1,Caiguda en la via,-1,1,2,3,3,2,0,11.35,0,0,5,31,7
334,2010,1,2010-03-09,SE,LLEIDA,Segria,2,0,1,0,2,1,0,0,0,1,0,0,0,100.0,0.0,0,-1,No n'hi ha,-1.0,3,0,1,0,0,0,0,0,0,0,0,0,0,1,4,3,1,Atropellament,1,2,2,5,-1,2,1,17.0,1,3,1,9,3
335,2010,0,2010-01-10,GI-623,BASCARA,Alt Emporda,1,0,1,0,1,0,0,0,0,1,0,0,0,100.0,0.0,0,-1,No n'hi ha,-1.0,3,3,1,0,0,0,0,0,0,0,0,0,0,0,4,-1,-1,Altres,-1,1,2,4,-1,2,0,23.05,2,5,6,10,1
336,2010,0,2010-04-24,C-155,SABADELL,Valles Occidental,3,0,1,4,2,0,0,0,0,2,0,0,0,100.0,0.0,0,-1,No n'hi ha,-1.0,3,3,1,0,0,0,0,0,0,0,0,0,0,0,4,-1,-1,Fregament o col·lisió lateral,-1,1,2,4,-1,2,0,22.36,2,2,5,24,4
337,2010,1,2010-11-29,SE,BARCELONA,Barcelones,3,0,1,0,2,0,0,0,1,1,0,0,0,100.0,0.0,0,-1,No n'hi ha,-1.0,3,3,1,0,0,0,0,0,0,0,0,0,0,1,5,3,1,Col·lisió frontal,2,2,2,5,-1,2,1,18.5,1,2,0,29,11
338,2010,1,2010-12-29,SE,SANT JOAN DESPI,Baix Llobregat,3,0,1,1,2,1,0,0,0,1,0,0,0,30.0,0.0,0,2,Carril bici,-1.0,3,3,1,0,0,0,0,0,0,0,0,0,0,1,4,3,1,Atropellament,2,2,2,5,-1,2,1,11.5,0,3,2,29,12
339,2010,0,2010-05-13,C-14,CIUTADILLA,Urgell,2,0,1,1,2,0,0,0,0,1,1,0,0,100.0,0.0,0,2,No n'hi ha,-1.0,3,3,1,0,0,0,0,0,0,0,0,0,0,0,4,-1,1,Fregament o col·lisió lateral,-1,1,2,4,2,2,1,14.3,1,2,3,13,5