,Year,Area,Date,Road,Municipality Name,County Name,Province Name,Fatalties,Serious Injuries,Light Injuries,Units Involved,Pedestrains Involved,Bicycles Involved,Mopeds Involved,Motorcycles,Light Vehicles Involved,Heavy Vehicles Involved,Other Units Involved,Unspecified Units Involved,Road Speed Limit,Accident with Hit and Run,Fog Presence,Surrounding Environment,Special Lane Presence,Special Traffic Measures,Weather Conditions,Special Road Functions,Severity of Accident,Influence of Fog,Influence of Environment,Influence of Traffic,Influence of Weather,Influence of Wind Intensity,Influence of Lighting,Influence of Special Measures,Influence of Road Objects,Influence of Road Surface,Influence of Visibility,Intersection Characteristics,Lighting Conditions,Traffic Regulation and Priority,Direction of Road,Subtype of Accident,Subtype of Road Section,Subzone within Area,Road Surface Conditions,Type of Road,Road Ownership,Wind Conditions,Day of the Week Grouping,Hour of Day,Time of Day Grouping,Type of Accident,Day Type,Day,Month
340,2010,0,2010-06-01,C-16,CERCS,Bergueda,3,0,2,2,3,0,0,0,0,3,0,0,0,100.0,0.0,0,1,No n'hi ha,-1.0,3,3,1,0,1,0,0,0,0,0,0,0,0,0,4,-1,1,Col·lisió frontal,-1,1,2,4,2,2,1,11.25,0,2,1,1,6
341,2010,0,2010-04-24,C-65,SANTA CRISTINA D'ARO,Baix Emporda,1,0,1,0,2,0,0,0,1,0,1,0,0,50.0,0.0,0,2,No n'hi ha,-1.0,3,3,1,0,0,0,0,0,0,0,0,0,0,1,4,-1,0,Fregament o col·lisió lateral,0,1,2,4,2,2,0,13.02,0,2,5,24,4
342,2010,0,2010-04-01,AP-7,LLINARS DEL VALLES,Valles Oriental,3,1,0,0,2,1,0,0,0,1,0,0,0,100.0,0.0,0,2,No n'hi ha,-1.0,3,3,0,0,0,0,0,0,0,0,0,0,0,0,3,-1,1,Atropellament,-1,1,2,4,1,2,1,5.3,2,3,3,1,4
343,2010,0,2010-11-26,N-340,VANDELLOS I L'HOSPITALET DE L'INFANT,Baix Camp,0,1,0,0,2,0,0,0,0,1,1,0,0,80.0,0.0,0,0,No n'hi ha,-1.0,3,3,0,0,0,0,0,0,1,0,0,0,0,0,1,-1,1,Col·lisió frontal,-1,1,2,4,1,2,0,16.04,1,2,4,26,11
344,2010,1,2010-12-12,SE,SANTA PERPETUA DE MO,Valles Occidental,3,1,1,0,1,0,0,0,0,1,0,0,0,100.0,0.0,0,-1,No n'hi ha,-1.0,3,3,0,0,0,0,0,0,0,0,0,0,0,0,4,-1,-1,Xoc contra objecte/obstacle sense sortida prèvia de via,-1,2,2,5,-1,2,0,21.3,1,4,6,12,12
345,2010,0,2010-08-08,C-51,ALIO,Alt Camp,0,1,0,0,2,1,0,0,0,1,0,0,0,100.0,0.0,0,2,No n'hi ha,-1.0,3,3,0,0,0,0,0,0,0,0,0,0,0,0,0,-1,1,Atropellament,-1,1,2,4,3,2,0,5.24,2,3,6,8,8
346,2010,1,2010-05-21,SE,ARGENTONA,Maresme,3,0,1,0,3,0,0,1,0,2,0,0,0,100.0,0.0,0,-1,No n'hi ha,-1.0,3,3,1,0,0,0,0,0,0,0,0,0,0,0,4,-1,-1,Encalç,-1,2,2,5,-1,2,0,22.15,2,2,4,21,5
347,2010,0,2010-09-14,BP-4313,SALLENT,Bages,3,0,1,0,2,0,1,0,0,1,0,0,0,100.0,0.0,0,0,No n'hi ha,-1.0,3,3,1,0,0,0,0,0,1,0,0,0,1,1,4,4,1,Fregament o col·lisió lateral,2,1,2,4,3,2,1,10.07,0,2,1,14,9
348,2010,0,2010-12-22,C-58,AVIA,Bergueda,3,0,1,0,1,0,0,0,1,0,0,0,0,80.0,0.0,0,0,No n'hi ha,-1.0,1,3,1,-1,0,0,0,0,0,0,0,0,-1,0,2,-1,1,Caiguda en la via,-1,1,0,4,2,1,1,15.55,1,0,2,22,12
349,2010,1,2010-02-23,SE,BARCELONA,Barcelones,3,0,1,0,2,0,0,0,2,0,0,0,0,60.0,1.0,0,-1,No n'hi ha,-1.0,3,3,1,0,0,0,0,0,0,0,0,0,0,1,1,3,1,Fregament o col·lisió lateral,2,2,2,5,-1,2,1,18.45,1,2,1,23,2
350,2010,1,2010-03-24,SE,SANTA MARIA DE PALAU,Valles Oriental,3,0,1,0,2,0,1,0,0,1,0,0,0,20.0,0.0,0,-1,No n'hi ha,-1.0,3,3,1,-1,0,0,0,-1,0,0,0,0,0,1,4,4,1,Envestida (frontal lateral),1,2,2,5,-1,2,1,9.25,0,2,2,24,3
351,2010,0,2010-02-10,C-31,VILANOVA I LA GELTRU,Garraf,3,0,1,1,2,0,0,0,1,1,0,0,0,100.0,0.0,0,2,No n'hi ha,-1.0,3,3,1,0,0,0,0,0,0,0,0,0,0,2,4,4,1,Encalç,3,1,2,4,2,2,1,9.17,0,2,2,10,2
352,2010,1,2010-07-27,SE,SABADELL,Valles Occidental,3,0,1,1,2,0,0,0,1,1,0,0,0,100.0,0.0,0,-1,No n'hi ha,-1.0,3,3,1,0,0,0,0,0,0,0,0,0,0,0,4,-1,-1,Envestida (frontal lateral),-1,2,2,5,-1,2,1,15.25,1,2,1,27,7
353,2010,1,2010-03-12,SE,AVIA,Bergueda,3,0,1,0,2,1,0,0,0,0,0,1,0,20.0,0.0,0,2,No n'hi ha,-1.0,3,3,1,-1,0,0,0,-1,0,0,0,0,-1,0,4,-1,1,Atropellament,-1,2,2,5,-1,2,0,18.29,1,3,4,12,3
354,2010,1,2010-11-24,SE,BARCELONA,Barcelones,3,1,1,0,2,1,0,0,1,0,0,0,0,30.0,0.0,0,-1,No n'hi ha,-1.0,3,3,0,0,0,0,0,0,0,0,0,0,0,1,5,3,0,Atropellament,1,2,2,5,-1,2,1,21.0,1,3,2,24,11
355,2010,1,2010-05-17,C-244,"POBLA DE CLARAMUNT,LA",Anoia,3,0,1,0,2,0,0,1,0,1,0,0,0,40.0,0.0,0,2,No n'hi ha,-1.0,3,1,1,0,0,0,0,0,0,0,0,0,0,1,4,5,1,Caiguda en la via,2,0,2,4,2,2,1,10.4,0,0,0,17,5
356,2010,1,2010-01-03,SE,BADALONA,Barcelones,3,0,1,2,2,0,0,0,0,2,0,0,0,100.0,0.0,0,-1,No n'hi ha,-1.0,3,3,1,0,0,0,0,0,0,0,0,0,0,1,4,2,0,Envestida (frontal lateral),2,2,2,5,-1,2,0,16.28,1,2,6,3,1
357,2010,1,2010-04-30,SE,BARCELONA,Barcelones,3,0,1,1,2,0,0,0,1,1,0,0,0,100.0,0.0,0,-1,No n'hi ha,-1.0,3,3,1,0,0,0,0,0,0,0,0,0,0,1,4,3,0,Envestida (frontal lateral),2,2,2,5,-1,2,0,17.2,1,2,4,30,4
358,2010,1,2010-02-09,SE,BARCELONA,Barcelones,3,1,0,0,2,1,0,0,0,1,0,0,0,100.0,0.0,0,-1,No n'hi ha,-1.0,3,3,0,0,0,1,0,0,0,0,0,0,0,1,5,3,1,Atropellament,2,2,0,5,-1,2,1,19.55,1,3,1,9,2
359,2010,1,2010-12-12,SE,LLEIDA,Segria,2,1,0,0,1,0,1,0,0,0,0,0,0,20.0,0.0,0,2,No n'hi ha,,3,3,0,0,0,0,0,0,0,0,0,0,0,0,2,-1,1,Caiguda en la via,-1,2,2,5,-1,2,0,11.3,0,0,6,12,12
360,2010,0,2010-03-31,C-14,RIBERA D'URGELLET,Alt Urgell,2,0,1,3,1,0,0,0,0,1,0,0,0,100.0,0.0,0,0,No n'hi ha,-1.0,3,3,1,0,0,0,0,0,0,0,0,0,0,0,4,-1,1,Xoc contra objecte/obstacle sense sortida prèvia de via,-1,1,2,4,2,2,1,19.33,1,4,2,31,3
361,2010,0,2010-10-02,N-II,ARENYS DE MAR,Maresme,3,0,1,1,2,0,0,0,1,1,0,0,0,100.0,0.0,0,2,No n'hi ha,-1.0,3,3,1,0,0,0,0,0,0,0,0,0,0,0,0,-1,1,Col·lisió frontal,-1,1,2,4,1,2,0,5.05,2,2,5,2,10
362,2010,1,2010-12-02,SE,BARCELONA,Barcelones,3,1,0,0,2,1,0,0,0,1,0,0,0,30.0,0.0,0,-1,No n'hi ha,-1.0,3,3,0,0,0,0,0,0,0,0,0,0,0,1,4,2,0,Atropellament,2,2,2,5,-1,2,1,15.5,1,3,3,2,12
363,2010,0,2010-01-25,T-740,FALSET,Priorat,0,0,1,0,2,0,0,0,0,1,1,0,0,100.0,0.0,0,1,No n'hi ha,-1.0,1,3,1,0,0,0,1,0,0,0,0,0,0,1,2,5,1,Col·lisió frontal,1,1,0,4,3,2,1,11.3,0,2,0,25,1
364,2010,0,2010-06-01,C-13,SORT,Pallars Sobira,2,0,1,0,2,0,1,0,0,1,0,0,0,50.0,0.0,0,2,No n'hi ha,-1.0,3,3,1,-1,0,0,0,-1,0,0,0,0,0,0,4,-1,0,Fregament o col·lisió lateral,-1,1,2,4,2,2,1,14.45,1,2,1,1,6
365,2010,0,2010-09-22,C-31,BADALONA,Barcelones,3,0,1,4,3,0,0,0,0,3,0,0,0,80.0,0.0,0,1,No n'hi ha,-1.0,3,3,1,0,0,1,1,0,0,0,0,0,0,0,4,-1,1,Encalç,-1,1,2,4,2,2,1,7.0,0,2,2,22,9
366,2010,1,2010-06-18,SE,"MASIES DE VOLTREGA,LES",Osona,3,0,1,0,2,0,1,0,0,1,0,0,0,30.0,0.0,0,-1,No n'hi ha,-1.0,3,3,1,-1,0,0,0,-1,0,0,0,0,-1,1,4,4,1,Envestida (frontal lateral),2,2,2,5,-1,2,1,10.0,0,2,4,18,6
367,2010,1,2010-06-28,SE,ROQUETES,Baix Ebre,0,0,1,0,2,0,1,0,0,1,0,0,0,20.0,0.0,0,-1,No n'hi ha,-1.0,3,3,1,0,0,0,0,0,0,0,0,0,0,1,4,5,-1,Envestida (frontal lateral),2,2,2,5,-1,2,1,18.07,1,2,0,28,6
368,2010,0,2010-07-06,SE,CASTELLDEFELS,Baix Llobregat,3,0,1,0,2,0,1,0,0,1,0,0,0,100.0,0.0,0,2,No n'hi ha,-1.0,3,3,1,0,0,0,0,0,0,0,0,0,0,2,4,2,1,Envestida (frontal lateral),1,1,2,3,0,2,1,19.3,1,2,1,6,7
369,2010,1,2010-07-31,SE,CASTELLAR DEL VALLES,Valles Occidental,3,0,1,1,1,0,0,0,0,1,0,0,0,20.0,0.0,0,3,No n'hi ha,-1.0,3,3,1,-1,0,0,0,-1,0,0,0,1,-1,0,4,-1,1,Xoc contra objecte/obstacle sense sortida prèvia de via,-1,2,2,5,-1,2,0,13.1,0,4,5,31,7
370,2010,0,2010-12-10,GI-633,SANT JORDI DESVALLS,Girones,1,1,1,0,1,0,0,0,0,1,0,0,0,100.0,0.0,0,2,No n'hi ha,-1.0,3,3,0,0,0,0,0,0,0,0,0,0,0,0,3,-1,1,Resta sortides de via,-1,1,2,4,2,2,1,4.59,2,1,4,10,12
371,2010,0,2010-07-04,T-204,MONTFERRI,Alt Camp,0,0,1,0,2,0,1,0,0,1,0,0,0,100.0,0.0,0,1,No n'hi ha,-1.0,3,3,1,0,0,0,0,0,0,0,0,0,0,0,4,-1,1,Fregament o col·lisió lateral,-1,1,2,4,3,2,0,11.18,0,2,6,4,7
372,2010,0,2010-08-24,C-14,REUS,Baix Camp,0,0,3,0,1,0,0,0,0,1,0,0,0,100.0,0.0,0,2,No n'hi ha,-1.0,3,3,1,0,0,0,0,0,0,0,0,0,0,0,4,-1,1,Caiguda en la via,-1,1,2,4,2,2,1,15.35,1,0,1,24,8
373,2010,1,2010-08-05,SE,LLORET DE MAR,Selva,1,0,1,1,3,2,0,1,0,0,0,0,0,100.0,0.0,0,2,No n'hi ha,-1.0,3,3,1,0,0,0,0,0,0,0,0,0,0,0,4,-1,1,Atropellament,-1,2,2,5,-1,2,1,16.3,1,3,3,5,8
374,2010,0,2010-01-23,C-13,BALAGUER,Noguera,2,1,0,1,2,0,0,1,0,1,0,0,0,80.0,0.0,0,2,No n'hi ha,-1.0,3,3,0,0,0,0,0,0,0,0,0,0,0,1,4,-1,1,Envestida (frontal lateral),1,1,2,4,2,2,0,10.15,0,2,5,23,1
375,2010,0,2010-05-22,BP-1417,SANT CUGAT DEL VALLES,Valles Occidental,3,0,1,3,2,0,0,0,0,2,0,0,0,100.0,0.0,0,2,No n'hi ha,-1.0,3,3,1,0,0,0,0,0,0,0,0,0,0,0,4,-1,1,Col·lisió frontal,-1,1,2,4,3,2,0,20.0,1,2,5,22,5
376,2010,0,2010-12-17,SE,TERRASSA,Valles Occidental,3,0,1,0,2,1,0,0,0,1,0,0,0,100.0,0.0,0,-1,No n'hi ha,-1.0,3,3,1,0,0,0,0,0,0,0,0,0,0,0,4,-1,-1,Atropellament,-1,1,2,3,-1,2,0,19.05,1,3,4,17,12
377,2010,1,2010-11-25,SE,REUS,Baix Camp,0,0,1,0,2,1,0,0,0,1,0,0,0,100.0,0.0,0,-1,No n'hi ha,-1.0,3,3,1,0,0,0,0,0,0,0,0,0,0,0,4,-1,-1,Atropellament,-1,2,2,5,-1,2,1,17.5,1,3,3,25,11
378,2010,0,2010-06-05,SE,SANT MARTI SARROCA,Alt Penedes,3,0,1,3,2,0,0,0,0,2,0,0,0,50.0,0.0,0,2,No n'hi ha,-1.0,3,3,1,0,0,1,0,0,0,0,0,0,1,0,3,-1,1,Col·lisió frontal,-1,1,2,3,0,2,0,22.0,2,2,5,5,6
379,2010,1,2010-04-21,SE,MANRESA,Bages,3,0,1,0,2,0,0,0,1,1,0,0,0,100.0,0.0,0,2,No n'hi ha,-1.0,3,3,1,0,0,0,0,0,0,0,0,0,0,1,4,4,1,Envestida (frontal lateral),1,2,2,5,0,2,1,19.4,1,2,2,21,4
380,2010,1,2010-11-17,SE,BARCELONA,Barcelones,3,0,1,0,2,0,0,0,1,1,0,0,0,100.0,0.0,0,-1,No n'hi ha,-1.0,3,3,1,0,0,0,0,0,0,0,0,0,0,1,4,3,1,Envestida (frontal lateral),2,2,2,5,-1,2,1,15.4,1,2,2,17,11
381,2010,1,2010-06-07,SE,BADALONA,Barcelones,3,0,1,0,2,0,0,0,1,1,0,0,0,100.0,0.0,0,-1,No n'hi ha,-1.0,3,3,1,0,0,0,0,0,0,0,0,0,0,1,4,2,1,Envestida (frontal lateral),2,2,2,5,-1,2,1,19.49,1,2,0,7,6
382,2010,1,2010-06-03,SE,VILAFRANCA DEL PENEDES,Alt Penedes,3,0,1,0,1,0,0,1,0,0,0,0,0,20.0,0.0,0,-1,No n'hi ha,-1.0,3,3,1,-1,-1,0,0,-1,0,0,0,0,0,1,4,4,-1,Xoc contra objecte/obstacle sense sortida prèvia de via,3,2,2,5,-1,2,1,14.4,1,4,3,3,6
383,2010,1,2010-02-28,SE,CUBELLES,Garraf,3,0,1,1,2,0,0,0,1,1,0,0,0,20.0,0.0,0,-1,No n'hi ha,-1.0,3,3,1,-1,-1,0,0,-1,0,0,0,0,0,0,1,-1,-1,Col·lisió frontal,-1,2,2,5,-1,2,0,20.35,1,2,6,28,2
384,2010,1,2010-10-17,SE,BARCELONA,Barcelones,3,0,1,0,2,0,0,0,1,1,0,0,0,100.0,0.0,0,-1,No n'hi ha,-1.0,3,3,1,0,0,0,0,0,0,0,0,0,0,1,4,3,0,Fregament o col·lisió lateral,2,2,2,5,-1,2,0,13.0,0,2,6,17,10
385,2010,1,2010-04-29,SE,CANOVELLES,Valles Oriental,3,0,1,0,2,1,0,0,0,1,0,0,0,100.0,0.0,0,0,No n'hi ha,0.0,3,3,1,0,0,0,0,0,0,0,0,0,1,0,4,-1,0,Atropellament,-1,2,2,5,-1,2,1,15.22,1,3,3,29,4
386,2010,0,2010-06-26,SE,RODA DE BARA,Tarragones,0,0,1,3,1,0,0,0,0,1,0,0,0,100.0,0.0,0,2,No n'hi ha,-1.0,3,3,1,0,0,0,0,0,0,0,0,0,0,2,4,4,0,Resta sortides de via,1,1,3,3,0,2,0,17.25,1,1,5,26,6
387,2010,1,2010-09-14,SE,LLORET DE MAR,Selva,1,0,1,1,3,2,0,0,1,0,0,0,0,30.0,0.0,0,2,No n'hi ha,-1.0,3,3,1,0,0,0,0,0,0,0,0,0,0,0,4,-1,1,Atropellament,-1,2,2,5,-1,2,1,16.0,1,3,1,14,9
388,2010,0,2010-12-31,C-58,VILADECAVALLS,Valles Occidental,3,0,1,1,3,0,0,0,0,2,1,0,0,80.0,0.0,0,2,No n'hi ha,-1.0,3,3,1,0,0,0,1,0,0,0,0,0,0,0,4,-1,1,Sortida de via amb xoc o col·lisió,-1,1,2,4,2,2,1,12.0,0,1,4,31,12
389,2010,0,2010-06-22,C-252,CABANES,Alt Emporda,1,0,2,0,2,0,0,0,1,1,0,0,0,100.0,0.0,0,3,No n'hi ha,-1.0,3,3,1,0,1,0,0,0,0,0,0,0,0,0,4,-1,1,Envestida (frontal lateral),-1,1,2,4,2,2,1,17.13,1,2,1,22,6
390,2010,0,2010-05-02,N-340,"PERELLO, EL",Baix Ebre,0,2,4,0,2,0,0,0,0,2,0,0,0,100.0,0.0,0,-1,No n'hi ha,-1.0,3,3,0,0,0,0,0,0,0,0,0,0,0,0,4,-1,-1,Col·lisió frontal,-1,1,2,4,-1,2,0,19.25,1,2,6,2,5
391,2010,1,2010-05-25,SE,TORTOSA,Baix Ebre,0,0,1,0,2,0,0,0,1,1,0,0,0,100.0,0.0,0,2,No n'hi ha,0.0,3,3,1,0,0,0,0,0,0,0,0,1,0,0,4,-1,1,Fregament o col·lisió lateral,-1,2,2,5,-1,2,1,19.55,1,2,1,25,5
392,2010,0,2010-06-27,N-260,PEDRET I MARZA,Alt Emporda,1,0,1,0,1,0,0,0,0,1,0,0,0,100.0,0.0,0,0,No n'hi ha,-1.0,3,3,1,0,0,0,0,0,0,0,0,0,0,0,3,-1,1,Resta sortides de via,-1,1,2,4,1,2,0,2.16,2,1,6,27,6
393,2010,1,2010-03-10,SE,BARCELONA,Barcelones,3,0,1,0,2,0,0,0,1,1,0,0,0,100.0,0.0,0,-1,No n'hi ha,-1.0,3,3,1,0,0,0,0,0,0,0,0,0,0,1,4,3,0,Fregament o col·lisió lateral,2,2,2,5,-1,2,1,11.3,0,2,2,10,3
394,2010,0,2010-09-12,C-32,GAVA,Baix Llobregat,3,0,1,0,2,0,0,0,1,1,0,0,0,80.0,0.0,0,2,Carril acceleració,-1.0,3,3,1,0,0,0,0,0,0,0,0,0,0,1,4,4,1,Fregament o col·lisió lateral,3,1,2,4,2,2,0,8.2,0,2,6,12,9
395,2010,0,2010-08-31,SE,MONTMELO,Valles Oriental,3,0,1,0,2,0,1,0,0,1,0,0,0,100.0,0.0,0,2,No n'hi ha,-1.0,3,3,1,0,0,0,0,0,0,0,0,0,0,1,1,4,1,Fregament o col·lisió lateral,0,1,2,3,0,2,1,20.2,1,2,1,31,8
396,2010,0,2010-01-15,C-28,NAUT ARAN,Val d'Aran,2,0,1,2,2,0,0,0,0,2,0,0,0,80.0,0.0,0,1,No n'hi ha,-1.0,3,3,1,0,1,0,0,0,0,0,0,0,0,0,4,-1,1,Envestida (frontal lateral),-1,1,2,4,2,2,1,14.34,1,2,4,15,1
397,2010,1,2010-08-25,SE,BARCELONA,Barcelones,3,0,1,0,1,0,0,0,1,0,0,0,0,100.0,0.0,0,-1,No n'hi ha,-1.0,3,3,1,0,0,0,0,0,0,0,0,0,0,1,4,3,1,Caiguda en la via,2,2,2,5,-1,2,1,12.25,0,0,2,25,8
398,2010,1,2010-05-27,SE,GIRONA,Girones,1,0,1,0,2,1,0,0,0,1,0,0,0,100.0,0.0,0,2,Habilitació voral/carril addicional,-1.0,3,3,1,0,0,0,0,0,0,0,0,0,0,2,4,4,0,Atropellament,1,2,2,5,-1,2,1,18.51,1,3,3,27,5
399,2010,1,2010-04-07,N-II,PALLEJA,Baix Llobregat,3,0,1,0,2,0,0,1,0,1,0,0,0,120.0,0.0,0,2,No n'hi ha,-1.0,1,1,1,0,0,0,0,0,0,0,0,0,0,1,5,4,1,Envestida (frontal lateral),0,0,0,4,1,1,1,20.05,1,2,2,7,4
400,2010,1,2010-04-19,SE,CASTELLO D'EMPURIES,Alt Emporda,1,1,0,0,2,0,0,0,1,1,0,0,0,20.0,0.0,0,2,No n'hi ha,-1.0,3,3,0,-1,0,0,0,-1,0,0,0,0,0,0,4,-1,1,Caiguda en la via,-1,2,2,5,-1,2,1,11.55,0,0,0,19,4
401,2010,1,2010-07-03,SE,TERRASSA,Valles Occidental,3,0,1,0,2,0,0,1,0,1,0,0,0,100.0,0.0,0,2,No n'hi ha,-1.0,3,3,1,0,0,0,0,0,0,0,0,0,0,1,5,3,1,Envestida (frontal lateral),1,2,2,5,-1,2,0,1.4,2,2,5,3,7
402,2010,0,2010-07-02,SE,"GARRIGA, LA",Valles Oriental,3,0,1,0,1,1,0,0,0,0,0,0,0,100.0,1.0,0,2,No n'hi ha,-1.0,3,3,1,0,0,0,0,0,0,0,0,0,0,0,4,-1,1,Atropellament,-1,1,2,3,0,2,0,19.3,1,3,4,2,7
403,2010,1,2010-12-14,SE,CASTELLAR DEL VALLES,Valles Occidental,3,0,2,1,2,0,0,0,0,2,0,0,0,40.0,0.0,0,2,No n'hi ha,-1.0,3,3,1,-1,0,0,0,-1,0,0,0,0,-1,1,4,4,1,Envestida (frontal lateral),2,2,2,5,-1,2,1,15.45,1,2,1,14,12
404,2010,1,2010-03-03,SE,SABADELL,Valles Occidental,3,0,1,1,2,0,0,0,1,1,0,0,0,100.0,0.0,0,-1,No n'hi ha,-1.0,3,3,1,0,0,0,0,0,0,0,0,0,0,0,4,-1,-1,Fregament o col·lisió lateral,-1,2,2,5,-1,2,1,9.55,0,2,2,3,3
405,2010,0,2010-09-21,N-II,VIDRERES,Selva,1,0,2,0,2,0,0,0,0,0,2,0,0,100.0,0.0,0,1,No n'hi ha,-1.0,3,3,1,0,0,0,0,0,0,0,0,0,0,0,2,-1,1,Fregament o col·lisió lateral,-1,1,2,4,1,2,1,10.49,0,2,1,21,9
406,2010,1,2010-08-05,SE,BARCELONA,Barcelones,3,0,1,0,2,0,0,1,0,1,0,0,0,30.0,0.0,0,-1,No n'hi ha,-1.0,3,3,1,0,0,0,0,0,0,0,0,0,0,1,4,4,0,Caiguda en la via,2,2,2,5,-1,2,1,10.2,0,0,3,5,8
407,2010,0,2010-10-27,SE,PERAFORT,Tarragones,0,0,1,0,3,0,0,0,0,3,0,0,0,40.0,0.0,0,2,No n'hi ha,3.0,3,3,1,0,0,0,0,0,0,0,0,0,1,1,3,4,1,Encalç,0,1,2,3,4,2,1,6.1,0,2,2,27,10
408,2010,0,2010-05-29,N-260,FONTANALS DE CERDANYA,Cerdanya,1,0,1,0,1,0,0,0,1,0,0,0,0,60.0,0.0,0,0,No n'hi ha,-1.0,3,3,1,0,0,0,0,0,0,0,0,0,0,0,4,-1,1,Xoc contra objecte/obstacle sense sortida prèvia de via,-1,1,2,4,1,2,0,13.0,0,4,5,29,5
409,2010,1,2010-02-01,SE,BARCELONA,Barcelones,3,0,2,4,4,0,0,0,0,4,0,0,0,100.0,0.0,0,-1,No n'hi ha,-1.0,3,3,1,0,0,0,0,0,0,0,0,0,0,1,5,3,0,Envestida (frontal lateral),2,2,2,5,-1,2,1,21.15,1,2,0,1,2
410,2010,1,2010-10-25,SE,"PRAT DE LLOBREGAT, E",Baix Llobregat,3,0,1,0,2,0,1,0,0,1,0,0,0,30.0,0.0,0,2,No n'hi ha,-1.0,3,1,1,0,0,0,0,0,0,0,0,0,0,0,4,-1,1,Fregament o col·lisió lateral,-1,0,2,5,0,2,1,13.3,0,2,0,25,10
411,2010,0,2010-12-10,N-340,AMPOSTA,Montsia,0,2,0,0,1,0,0,0,0,1,0,0,0,100.0,0.0,0,2,No n'hi ha,-1.0,3,3,0,0,0,0,0,0,0,0,0,0,0,0,4,-1,1,Resta sortides de via,-1,1,2,4,1,2,0,16.17,1,1,4,10,12
412,2010,0,2010-12-29,B-120,VILADECAVALLS,Valles Occidental,3,0,1,0,2,0,1,0,0,1,0,0,0,100.0,0.0,0,1,No n'hi ha,-1.0,3,3,1,0,0,0,0,0,0,0,0,0,0,0,4,-1,1,Col·lisió frontal,-1,1,2,4,2,2,1,14.0,1,2,2,29,12
413,2010,1,2010-01-26,SE,SABADELL,Valles Occidental,3,0,1,0,2,0,0,0,1,1,0,0,0,100.0,0.0,0,-1,No n'hi ha,-1.0,3,3,1,0,0,0,0,0,0,0,0,0,0,0,4,-1,-1,Envestida (frontal lateral),-1,2,2,5,-1,2,1,14.35,1,2,1,26,1
414,2010,0,2010-06-07,SE,RUBI,Valles Occidental,3,0,1,0,2,0,0,0,1,1,0,0,0,100.0,0.0,0,2,No n'hi ha,-1.0,3,3,1,0,0,0,0,0,0,0,0,0,0,1,4,4,1,Fregament o col·lisió lateral,1,1,2,3,0,2,1,11.45,0,2,0,7,6
415,2010,0,2010-02-25,BV-2241,SANT SADURNI D'ANOIA,Alt Penedes,3,0,1,0,1,0,0,0,0,1,0,0,0,50.0,0.0,0,1,No n'hi ha,-1.0,3,3,1,0,0,0,0,0,0,0,0,0,0,0,0,-1,1,Resta sortides de via,-1,1,2,4,3,2,1,0.17,2,1,3,25,2
416,2010,0,2010-04-25,N-II,GARRIGAS,Alt Emporda,1,0,1,0,2,0,0,0,1,1,0,0,0,80.0,0.0,0,2,No n'hi ha,-1.0,3,3,1,0,0,0,0,0,0,0,0,0,0,1,4,4,1,Envestida (frontal lateral),2,1,2,4,1,2,0,18.23,1,2,6,25,4
417,2010,1,2010-10-17,C-250,QUART,Girones,1,0,1,1,2,0,0,0,1,1,0,0,0,100.0,0.0,0,2,No n'hi ha,-1.0,3,1,1,0,0,0,0,0,0,0,0,0,0,1,4,5,1,Fregament o col·lisió lateral,1,0,2,4,0,2,0,14.0,1,2,6,17,10
418,2010,1,2010-07-06,SE,BARCELONA,Barcelones,3,1,1,0,2,0,0,0,1,1,0,0,0,100.0,0.0,0,-1,No n'hi ha,-1.0,3,3,0,0,0,0,0,0,0,0,0,0,0,1,4,3,0,Envestida (frontal lateral),2,2,2,5,-1,2,1,16.35,1,2,1,6,7
419,2010,0,2010-12-30,SE,CUBELLES,Garraf,3,0,1,0,1,0,0,0,0,1,0,0,0,50.0,0.0,0,2,No n'hi ha,-1.0,3,3,1,0,0,0,0,0,0,0,0,0,0,0,5,-1,1,Resta sortides de via,-1,1,2,3,0,2,1,1.29,2,1,3,30,12
420,2010,0,2010-01-13,N-340,CERVELLO,Baix Llobregat,3,0,1,2,2,0,0,0,0,0,2,0,0,40.0,0.0,0,1,No n'hi ha,-1.0,1,3,1,0,0,0,1,0,0,0,0,0,0,0,2,-1,1,Caiguda en la via,-1,1,0,4,1,2,1,14.52,1,0,2,13,1
421,2010,0,2010-05-09,SE,GIRONA,Girones,1,0,1,0,2,0,1,0,0,1,0,0,0,30.0,0.0,0,2,No n'hi ha,-1.0,3,3,1,0,0,0,0,0,0,0,0,0,0,1,4,3,1,Envestida (frontal lateral),2,1,2,3,0,2,0,11.34,0,2,6,9,5
422,2010,0,2010-01-21,N-340,"ARBO?, L'",Baix Penedes,0,2,0,0,2,0,0,0,0,1,1,0,0,100.0,0.0,0,-1,No n'hi ha,-1.0,3,3,0,0,0,0,0,0,0,0,0,0,0,0,4,-1,-1,Fregament o col·lisió lateral,-1,1,2,4,-1,2,1,5.1,2,2,3,21,1
423,2010,1,2010-10-15,SE,LLORET DE MAR,Selva,1,0,1,0,2,0,0,1,0,1,0,0,0,100.0,0.0,0,2,No n'hi ha,-1.0,3,3,1,0,0,0,0,0,0,0,0,0,0,1,4,4,0,Envestida (frontal lateral),0,2,2,5,-1,2,1,11.3,0,2,4,15,10