,Year,Area,Date,Road,Municipality Name,County Name,Province Name,Fatalties,Serious Injuries,Light Injuries,Units Involved,Pedestrains Involved,Bicycles Involved,Mopeds Involved,Motorcycles,Light Vehicles Involved,Heavy Vehicles Involved,Other Units Involved,Unspecified Units Involved,Road Speed Limit,Accident with Hit and Run,Fog Presence,Surrounding Environment,Special Lane Presence,Special Traffic Measures,Weather Conditions,Special Road Functions,Severity of Accident,Influence of Fog,Influence of Environment,Influence of Traffic,Influence of Weather,Influence of Wind Intensity,Influence of Lighting,Influence of Special Measures,Influence of Road Objects,Influence of Road Surface,Influence of Visibility,Intersection Characteristics,Lighting Conditions,Traffic Regulation and Priority,Direction of Road,Subtype of Accident,Subtype of Road Section,Subzone within Area,Road Surface Conditions,Type of Road,Road Ownership,Wind Conditions,Day of the Week Grouping,Hour of Day,Time of Day Grouping,Type of Accident,Day Type,Day,Month
424,2010,0,2010-06-12,T-203,"CATLLAR, EL",Tarragones,0,0,1,0,2,0,0,0,0,2,0,0,0,100.0,0.0,0,1,No n'hi ha,-1.0,3,3,1,0,0,0,0,0,0,0,0,0,0,0,3,-1,1,Sortida de via amb xoc o col·lisió,-1,1,2,4,3,2,0,0.09,2,1,5,12,6
425,2010,0,2010-04-25,SE,"BISBAL DEL PENEDES, LA",Baix Penedes,0,0,1,0,1,0,0,0,1,0,0,0,0,100.0,0.0,0,2,No n'hi ha,-1.0,3,3,1,0,0,0,0,0,0,0,0,0,0,2,4,5,1,Caiguda en la via,2,1,2,3,0,2,0,17.18,1,0,6,25,4
426,2010,0,2010-09-28,N-340,CAMARLES,Baix Ebre,0,1,0,0,2,0,0,0,0,1,1,0,0,100.0,0.0,0,1,No n'hi ha,-1.0,3,3,0,0,0,0,0,0,0,0,0,0,0,0,4,-1,1,Col·lisió frontal,-1,1,2,4,1,2,1,11.2,0,2,1,28,9
427,2010,1,2010-11-19,SE,BARCELONA,Barcelones,3,0,1,0,2,1,0,0,0,1,0,0,0,100.0,0.0,0,-1,No n'hi ha,-1.0,3,3,1,0,0,0,0,0,0,0,0,0,0,1,5,5,0,Atropellament,1,2,2,5,-1,2,0,18.4,1,3,4,19,11
428,2010,0,2010-12-05,SE,SANT ESTEVE SESROVIRES,Baix Llobregat,3,0,2,3,3,0,0,0,0,3,0,0,0,50.0,0.0,0,3,No n'hi ha,-1.0,3,3,1,0,0,1,0,0,0,0,0,0,0,0,3,-1,1,Sortida de via amb xoc o col·lisió,-1,1,2,3,3,2,0,19.55,1,1,6,5,12
429,2010,1,2010-12-11,SE,VILANOVA DEL VALLES,Valles Oriental,3,0,1,0,2,1,0,0,0,1,0,0,0,20.0,0.0,0,1,No n'hi ha,-1.0,3,3,1,0,1,0,0,0,0,0,0,0,0,0,1,-1,1,Atropellament,-1,2,1,5,-1,2,0,17.55,1,3,5,11,12
430,2010,0,2010-07-10,TV-2001,FIGUEROLA DEL CAMP,Alt Camp,0,0,1,0,2,0,1,0,0,1,0,0,0,100.0,0.0,0,3,No n'hi ha,-1.0,3,3,1,0,0,0,0,0,0,0,0,0,0,0,3,-1,1,Envestida (frontal lateral),-1,1,2,4,0,2,0,22.2,2,2,5,10,7
431,2010,0,2010-05-29,N-II,GARRIGAS,Alt Emporda,1,2,0,1,1,0,0,0,0,1,0,0,0,100.0,0.0,0,3,No n'hi ha,-1.0,3,3,0,0,0,0,0,0,0,0,0,0,0,0,1,-1,1,Resta sortides de via,-1,1,2,4,1,2,0,7.0,0,1,5,29,5
432,2010,1,2010-09-19,SE,GAVA,Baix Llobregat,3,0,2,0,3,2,0,0,0,1,0,0,0,20.0,0.0,0,-1,No n'hi ha,-1.0,3,3,1,-1,-1,0,0,-1,1,0,0,0,0,1,4,4,-1,Atropellament,2,2,2,5,-1,2,0,18.4,1,3,6,19,9
433,2010,0,2010-11-08,SE,LLEIDA,Segria,2,0,1,0,2,1,0,0,0,1,0,0,0,100.0,0.0,0,2,Carril bici,-1.0,3,3,1,0,1,0,0,0,0,0,0,0,0,2,5,-1,1,Atropellament,1,1,2,3,0,2,1,21.44,1,3,0,8,11
434,2010,1,2010-08-28,SE,BARCELONA,Barcelones,3,0,1,0,2,0,0,0,1,0,1,0,0,100.0,0.0,0,-1,No n'hi ha,-1.0,3,3,1,0,0,0,0,0,0,0,0,0,0,0,5,-1,0,Encalç,-1,2,2,5,-1,2,0,4.2,2,2,5,28,8
435,2010,1,2010-02-08,SE,MANRESA,Bages,3,0,1,0,4,1,0,0,0,2,1,0,0,100.0,0.0,0,2,No n'hi ha,-1.0,3,3,1,0,0,0,0,0,0,0,0,0,0,0,4,-1,0,Atropellament,-1,2,2,5,-1,2,1,10.5,0,3,0,8,2
436,2010,0,2010-05-22,N-II,VIDRERES,Selva,1,0,1,0,2,0,0,0,1,1,0,0,0,100.0,0.0,0,2,No n'hi ha,-1.0,3,3,1,0,0,0,0,0,0,0,0,0,0,1,0,4,1,Fregament o col·lisió lateral,2,1,2,4,1,2,0,22.15,2,2,5,22,5
437,2010,0,2010-12-04,N-340,ALCANAR,Montsia,0,0,1,1,2,0,0,0,0,1,1,0,0,100.0,0.0,0,2,No n'hi ha,-1.0,3,3,1,0,0,0,0,0,0,0,0,0,1,0,3,-1,1,Col·lisió frontal,-1,1,2,4,1,2,0,5.55,2,2,5,4,12
438,2010,1,2010-03-25,SE,TORREDEMBARRA,Tarragones,0,0,1,0,2,0,0,1,0,1,0,0,0,20.0,0.0,0,2,No n'hi ha,-1.0,3,3,1,-1,0,0,0,-1,0,0,0,0,-1,1,4,4,1,Envestida (frontal lateral),0,2,2,5,-1,2,1,13.07,0,2,3,25,3
439,2010,0,2010-06-27,C-58,TERRASSA,Valles Occidental,3,0,1,0,1,0,0,0,1,0,0,0,0,90.0,0.0,0,-1,No n'hi ha,-1.0,3,3,1,-1,0,0,0,-1,0,0,0,0,-1,0,4,-1,0,Xoc contra objecte/obstacle sense sortida prèvia de via,-1,1,2,4,2,2,0,12.55,0,4,6,27,6
440,2010,1,2010-04-07,SE,MATARO,Maresme,3,0,1,0,3,2,1,0,0,0,0,0,0,30.0,0.0,0,2,No n'hi ha,-1.0,3,3,1,-1,0,0,0,-1,0,0,0,0,-1,1,4,5,0,Atropellament,2,2,2,5,-1,2,1,19.2,1,3,2,7,4
441,2010,1,2010-07-23,SE,BARCELONA,Barcelones,3,0,1,0,2,0,0,0,1,1,0,0,0,100.0,0.0,0,-1,Carril bus,-1.0,3,3,1,0,0,0,0,0,0,0,0,0,0,1,4,3,1,Envestida (frontal lateral),2,2,2,5,-1,2,1,11.1,0,2,4,23,7
442,2010,1,2010-02-25,SE,TORREDEMBARRA,Tarragones,0,1,0,0,2,1,0,0,0,1,0,0,0,40.0,0.0,0,-1,No n'hi ha,-1.0,3,3,0,-1,0,0,0,-1,0,0,0,0,-1,0,0,-1,1,Atropellament,-1,2,2,5,-1,2,1,22.1,2,3,3,25,2
443,2010,1,2010-04-29,SE,ROQUETES,Baix Ebre,0,0,1,0,2,0,0,0,0,1,0,1,0,20.0,0.0,0,-1,No n'hi ha,-1.0,3,3,1,-1,0,0,0,-1,0,0,0,0,0,1,1,4,1,Envestida (frontal lateral),2,2,2,5,-1,2,1,7.1,0,2,3,29,4
445,2010,1,2010-04-06,SE,MATARO,Maresme,3,0,1,0,2,0,0,0,1,1,0,0,0,20.0,0.0,0,3,No n'hi ha,-1.0,3,3,1,-1,0,0,0,-1,0,0,0,0,-1,1,4,4,0,Fregament o col·lisió lateral,0,2,2,5,-1,2,1,19.05,1,2,1,6,4
446,2010,1,2010-05-17,SE,REUS,Baix Camp,0,0,1,1,3,2,0,0,0,1,0,0,0,100.0,0.0,0,-1,No n'hi ha,-1.0,3,3,1,0,0,0,0,0,0,0,0,0,0,0,4,-1,-1,Atropellament,-1,2,2,5,-1,2,1,8.42,0,3,0,17,5
447,2010,0,2010-09-26,A-7,VANDELLOS I L'HOSPITALET DE L'INFANT,Baix Camp,0,0,1,1,3,0,0,0,0,3,0,0,0,100.0,0.0,0,2,No n'hi ha,-1.0,3,3,1,0,0,0,0,0,0,0,0,0,0,0,4,-1,1,Encalç,-1,1,2,4,1,2,0,14.31,1,2,6,26,9
448,2010,0,2010-10-23,B-231,AVIA,Bergueda,3,1,0,0,2,0,0,0,1,1,0,0,0,90.0,0.0,0,0,No n'hi ha,-1.0,3,3,0,-1,0,0,0,-1,0,0,0,0,-1,0,4,-1,1,Fregament o col·lisió lateral,-1,1,2,4,3,2,0,9.36,0,2,5,23,10
449,2010,0,2010-10-23,TV-2001,FIGUEROLA DEL CAMP,Alt Camp,0,1,0,1,1,0,0,0,0,1,0,0,0,100.0,0.0,0,0,No n'hi ha,-1.0,3,3,0,0,0,0,0,0,0,0,0,0,0,0,3,-1,1,Resta sortides de via,-1,1,2,4,2,2,0,3.3,2,1,5,23,10
450,2010,1,2010-02-11,SE,BARCELONA,Barcelones,3,0,2,0,2,1,0,0,1,0,0,0,0,100.0,0.0,0,-1,No n'hi ha,-1.0,3,3,1,0,0,0,0,0,0,0,0,0,0,0,5,-1,0,Atropellament,-1,2,2,5,-1,2,1,19.15,1,3,3,11,2
451,2010,0,2010-10-29,SE,TARRAGONA,Tarragones,0,0,1,0,2,0,0,0,1,1,0,0,0,100.0,0.0,0,1,No n'hi ha,-1.0,3,3,1,0,0,0,0,0,0,0,0,0,0,0,5,-1,1,Encalç,-1,1,2,3,0,2,0,21.3,1,2,4,29,10
452,2010,1,2010-01-12,SE,LLEIDA,Segria,2,0,1,0,2,1,0,0,0,1,0,0,0,100.0,0.0,0,2,No n'hi ha,-1.0,3,3,1,0,0,0,0,0,0,0,0,0,0,0,4,-1,-1,Atropellament,-1,2,2,5,-1,2,1,21.15,1,3,1,12,1
453,2010,1,2010-11-16,SE,TERRASSA,Valles Occidental,3,0,1,0,3,0,0,0,1,2,0,0,0,20.0,1.0,0,-1,No n'hi ha,-1.0,3,3,1,0,-1,0,0,0,0,0,0,0,0,1,5,3,-1,Envestida (frontal lateral),2,2,2,5,-1,2,1,18.15,1,2,1,16,11
454,2010,1,2010-08-21,SE,BADALONA,Barcelones,3,0,1,0,1,0,0,0,1,0,0,0,0,100.0,0.0,0,-1,No n'hi ha,-1.0,3,3,1,0,0,0,0,0,0,0,0,0,0,1,4,2,0,Xoc contra objecte/obstacle sense sortida prèvia de via,3,2,2,5,-1,2,0,16.33,1,4,5,21,8
455,2010,0,2010-01-25,C-15,CANYELLES,Garraf,3,0,1,1,2,0,0,0,0,2,0,0,0,100.0,0.0,0,0,No n'hi ha,-1.0,3,3,1,0,0,1,1,0,1,0,0,0,0,0,1,-1,1,Fregament o col·lisió lateral,-1,1,2,4,2,2,1,8.01,0,2,0,25,1
456,2010,0,2010-07-25,SE,MONTELLA I MARTINET,Cerdanya,2,0,1,0,2,0,0,0,1,1,0,0,0,100.0,0.0,0,2,No n'hi ha,-1.0,3,3,1,0,0,0,0,0,0,0,0,0,0,0,4,-1,1,Fregament o col·lisió lateral,-1,1,0,3,-1,2,0,15.15,1,2,6,25,7
457,2010,0,2010-11-05,C-58,BADIA DEL VALLES,Valles Occidental,3,0,1,1,2,0,0,0,1,1,0,0,0,100.0,0.0,0,2,No n'hi ha,3.0,3,3,1,0,0,0,0,0,0,0,0,0,0,0,3,-1,0,Encalç,-1,1,2,4,2,2,0,18.39,1,2,4,5,11
458,2010,1,2010-01-20,SE,MOLLERUSSA,Pla d'Urgell,2,0,1,0,2,0,0,1,0,1,0,0,0,100.0,0.0,0,2,No n'hi ha,-1.0,3,3,1,0,0,0,0,0,0,0,0,0,0,1,4,4,1,Envestida (frontal lateral),2,2,2,5,-1,2,1,13.0,0,2,2,20,1
459,2010,0,2010-08-28,C-31,SIURANA,Alt Emporda,1,1,1,4,3,0,0,0,0,3,0,0,0,100.0,0.0,0,2,No n'hi ha,-1.0,3,3,0,0,0,0,0,0,0,0,0,0,0,0,1,-1,1,Fregament o col·lisió lateral,-1,1,2,4,2,2,0,6.45,0,2,5,28,8
460,2010,0,2010-07-29,N-260,BELLVER DE CERDANYA,Cerdanya,2,0,1,1,1,0,0,0,0,1,0,0,0,50.0,0.0,0,2,No n'hi ha,-1.0,3,3,1,0,0,0,0,0,0,0,0,0,0,0,4,-1,1,Resta sortides de via,-1,1,2,4,1,2,1,14.39,1,1,3,29,7
461,2010,1,2010-01-01,SE,HOSPITALET DE LLOBREGAT,Barcelones,3,0,3,3,2,0,0,0,0,2,0,0,0,20.0,0.0,0,-1,No n'hi ha,0.0,3,3,1,-1,0,0,0,-1,0,0,0,0,-1,0,5,-1,1,Envestida (frontal lateral),-1,2,2,5,-1,2,1,2.34,2,2,4,1,1
462,2010,1,2010-12-16,SE,BLANES,Selva,1,0,1,2,5,3,0,0,0,2,0,0,0,20.0,0.0,0,2,No n'hi ha,-1.0,3,3,1,-1,0,0,0,-1,0,0,0,0,0,1,4,2,0,Atropellament,1,2,2,5,-1,2,1,14.0,1,3,3,16,12
463,2010,1,2010-04-26,SE,BARCELONA,Barcelones,3,1,0,0,2,1,0,0,0,1,0,0,0,30.0,0.0,0,-1,No n'hi ha,-1.0,3,3,0,0,0,0,0,0,0,0,0,0,0,0,4,-1,0,Atropellament,-1,2,2,5,-1,2,1,12.15,0,3,0,26,4
464,2010,0,2010-03-23,C-65,CASSA DE LA SELVA,Girones,1,0,1,2,1,0,0,0,0,1,0,0,0,40.0,0.0,1,1,No n'hi ha,-1.0,3,3,1,0,0,0,0,0,0,0,0,0,0,1,3,4,1,Altres,0,1,2,4,2,2,1,4.14,2,5,1,23,3
465,2010,1,2010-10-02,SE,ROQUETES,Baix Ebre,0,0,1,0,2,0,0,1,0,1,0,0,0,40.0,0.0,0,2,No n'hi ha,-1.0,3,1,1,-1,0,0,0,-1,0,0,0,0,0,1,5,5,1,Envestida (frontal lateral),1,0,2,5,-1,2,0,21.0,1,2,5,2,10
466,2010,1,2010-05-31,SE,MANLLEU,Osona,3,1,0,0,2,1,0,0,0,1,0,0,0,100.0,0.0,0,2,No n'hi ha,-1.0,3,3,0,0,0,0,0,0,0,0,0,0,0,2,4,-1,1,Atropellament,2,2,2,5,0,2,1,8.05,0,3,0,31,5
467,2010,1,2010-03-30,SE,BARCELONA,Barcelones,3,0,1,0,2,1,0,0,0,1,0,0,0,100.0,0.0,0,-1,No n'hi ha,-1.0,3,3,1,0,0,0,0,0,0,0,0,0,0,1,4,3,0,Atropellament,2,2,2,5,-1,2,1,8.55,0,3,1,30,3
468,2010,0,2010-04-18,C-55,MANRESA,Bages,3,0,2,4,3,0,0,0,0,3,0,0,0,80.0,0.0,0,2,No n'hi ha,-1.0,1,3,1,0,0,0,1,0,0,0,0,0,0,0,2,-1,1,Envestida (frontal lateral),-1,1,0,4,2,2,0,10.08,0,2,6,18,4
469,2010,1,2010-07-06,SE,ALCANAR,Montsia,0,0,1,0,2,1,0,0,0,1,0,0,0,100.0,0.0,0,2,No n'hi ha,-1.0,3,3,1,0,0,0,0,0,0,0,0,0,0,1,1,-1,1,Atropellament,2,2,2,5,-1,2,1,21.15,1,3,1,6,7
470,2010,0,2010-10-09,C-35,VILALBA SASSERRA,Valles Oriental,3,1,0,0,2,0,0,0,1,1,0,0,0,100.0,0.0,0,2,No n'hi ha,-1.0,3,3,0,0,0,0,0,0,0,0,0,0,0,1,5,4,1,Col·lisió frontal,1,1,2,4,2,2,0,21.37,1,2,5,9,10
471,2010,0,2010-10-30,SE,ALCANAR,Montsia,0,0,1,0,2,0,0,0,0,2,0,0,0,40.0,0.0,0,2,No n'hi ha,-1.0,3,3,1,0,0,0,0,0,0,0,0,0,0,1,5,4,1,Envestida (frontal lateral),0,1,2,3,0,2,0,23.59,2,2,5,30,10
472,2010,0,2010-01-20,SE,CADAQUES,Alt Emporda,1,0,1,0,2,0,0,1,0,1,0,0,0,100.0,0.0,0,2,No n'hi ha,-1.0,2,3,1,0,0,0,0,0,0,0,0,0,0,1,2,4,1,Envestida (frontal lateral),2,1,0,3,0,2,1,13.45,0,2,2,20,1
473,2010,0,2010-03-20,N-260,ARSEGUEL,Alt Urgell,2,0,1,0,1,0,0,0,0,1,0,0,0,100.0,0.0,0,1,No n'hi ha,-1.0,3,3,1,0,0,0,0,0,0,0,0,0,0,0,1,-1,1,Resta sortides de via,-1,1,2,4,1,2,0,8.0,0,1,5,20,3
474,2010,0,2010-01-19,N-240,JUNEDA,Garrigues,2,0,1,0,2,0,0,0,0,1,1,0,0,80.0,0.0,0,1,No n'hi ha,,3,3,1,0,0,0,0,0,0,0,0,0,0,0,4,-1,1,Envestida (frontal lateral),-1,1,2,4,1,2,1,11.02,0,2,1,19,1
475,2010,1,2010-05-29,SE,SOLSONA,Solsones,2,0,1,0,1,0,0,0,0,1,0,0,0,20.0,0.0,0,-1,No n'hi ha,-1.0,3,3,1,-1,0,0,0,-1,0,0,0,0,-1,0,4,-1,1,Xoc contra objecte/obstacle sense sortida prèvia de via,-1,2,2,5,-1,2,0,7.2,0,4,5,29,5
476,2010,1,2010-02-17,SE,MATARO,Maresme,3,0,1,0,2,0,0,0,1,1,0,0,0,20.0,0.0,0,2,No n'hi ha,-1.0,3,3,1,-1,0,0,0,-1,0,0,0,0,0,1,4,4,1,Envestida (frontal lateral),2,2,0,5,-1,2,1,13.15,0,2,2,17,2
477,2010,0,2010-07-13,SE,SANT SADURNI D'ANOIA,Alt Penedes,3,0,1,0,2,0,2,0,0,0,0,0,0,100.0,0.0,0,2,No n'hi ha,-1.0,3,3,1,0,0,0,0,0,0,0,0,0,0,1,4,4,1,Envestida (frontal lateral),1,1,2,3,0,2,1,21.1,1,2,1,13,7
478,2010,1,2010-07-26,SE,SABADELL,Valles Occidental,3,0,1,0,2,0,0,1,0,1,0,0,0,100.0,0.0,0,-1,No n'hi ha,-1.0,3,3,1,0,0,0,0,0,0,0,0,0,0,0,4,-1,-1,Envestida (frontal lateral),-1,2,2,5,-1,2,1,14.52,1,2,0,26,7
479,2010,0,2010-01-23,C-1415A,TERRASSA,Valles Occidental,3,0,1,0,2,0,1,0,0,1,0,0,0,100.0,0.0,0,-1,No n'hi ha,-1.0,3,3,1,0,0,0,0,0,0,0,0,0,0,0,4,-1,-1,Envestida (frontal lateral),-1,1,2,4,-1,2,0,13.0,0,2,5,23,1
480,2010,0,2010-11-12,SE,TARRAGONA,Tarragones,0,0,1,0,2,0,0,1,0,1,0,0,0,100.0,0.0,0,2,No n'hi ha,-1.0,3,3,1,0,0,0,0,0,0,0,0,0,0,1,4,-1,1,Col·lisió frontal,1,1,2,3,0,2,1,10.5,0,2,4,12,11
481,2010,1,2010-05-25,SE,BARCELONA,Barcelones,3,0,1,0,2,0,0,0,1,1,0,0,0,100.0,0.0,0,-1,No n'hi ha,-1.0,3,3,1,0,0,0,0,0,0,0,0,0,0,0,4,-1,0,Xoc contra objecte/obstacle sense sortida prèvia de via,-1,2,2,5,-1,2,1,7.1,0,4,1,25,5
482,2010,0,2010-01-07,AP-7,BARBERA DEL VALLES,Valles Occidental,3,0,1,1,2,0,0,0,0,2,0,0,0,100.0,1.0,0,2,No n'hi ha,-1.0,1,3,1,0,0,0,1,0,0,0,0,0,0,0,2,-1,1,Fregament o col·lisió lateral,-1,1,0,4,1,2,1,13.45,0,2,3,7,1
483,2010,0,2010-07-21,AP-7,BARBERA DEL VALLES,Valles Occidental,3,0,1,2,4,0,0,0,0,0,4,0,0,120.0,0.0,0,2,No n'hi ha,-1.0,3,3,1,0,0,1,0,0,1,0,0,0,0,0,1,-1,0,Encalç,-1,1,2,4,0,2,1,6.49,0,2,2,21,7
484,2010,0,2010-10-01,SE,SANT JAUME D'ENVEJA,Montsia,0,0,1,0,1,0,1,0,0,0,0,0,0,100.0,0.0,0,0,No n'hi ha,-1.0,3,3,1,0,0,0,0,0,0,0,0,0,0,0,4,-1,1,Caiguda en la via,-1,1,2,3,0,2,0,18.0,1,0,4,1,10
485,2010,1,2010-04-28,SE,BARCELONA,Barcelones,3,0,1,1,2,0,0,0,2,0,0,0,0,100.0,0.0,0,-1,No n'hi ha,-1.0,3,3,1,0,0,0,0,0,0,0,0,0,0,0,4,-1,0,Encalç,-1,2,2,5,-1,2,1,17.2,1,2,2,28,4
486,2010,1,2010-05-06,SE,TARRAGONA,Tarragones,0,0,1,0,2,1,0,0,0,1,0,0,0,100.0,0.0,0,2,No n'hi ha,-1.0,3,3,1,0,0,0,0,0,1,0,0,0,0,0,0,-1,0,Atropellament,-1,2,2,5,-1,2,1,21.19,1,3,3,6,5
487,2010,1,2010-07-05,SE,MONTGAT,Maresme,3,0,1,0,1,0,0,0,1,0,0,0,0,20.0,0.0,0,-1,No n'hi ha,-1.0,3,3,1,-1,0,0,0,-1,0,0,0,0,-1,1,4,4,0,Caiguda en la via,0,2,2,5,-1,2,1,16.15,1,0,0,5,7
488,2010,0,2010-12-22,C-66,SANT FERRIOL,Garrotxa,1,1,0,1,5,0,0,0,0,3,2,0,0,100.0,0.0,0,3,No n'hi ha,-1.0,3,0,0,0,0,0,0,0,0,0,0,0,0,0,1,-1,1,Envestida (frontal lateral),-1,1,2,4,2,2,1,7.45,0,2,2,22,12
489,2010,1,2010-04-15,SE,BARCELONA,Barcelones,3,0,1,0,3,0,0,0,2,1,0,0,0,100.0,1.0,0,-1,No n'hi ha,-1.0,3,3,1,0,0,0,0,0,0,0,0,0,0,1,4,3,0,Encalç,1,2,2,5,-1,2,1,8.55,0,2,3,15,4
490,2010,0,2010-01-21,SE,CONSTANTI,Tarragones,0,0,1,0,2,0,0,0,1,0,1,0,0,50.0,0.0,0,2,No n'hi ha,-1.0,3,3,1,0,0,0,0,0,0,0,0,0,0,0,5,-1,0,Encalç,-1,1,2,3,0,2,1,22.0,2,2,3,21,1
491,2010,1,2010-06-25,SE,CASTELLDEFELS,Baix Llobregat,3,0,1,0,2,1,0,0,0,0,0,1,0,100.0,0.0,0,-1,No n'hi ha,-1.0,3,3,1,0,0,0,0,0,0,0,0,0,0,0,4,-1,-1,Atropellament,-1,2,2,5,-1,2,1,11.49,0,3,4,25,6
492,2010,1,2010-04-23,SE,TARRAGONA,Tarragones,0,0,1,0,1,0,0,0,1,0,0,0,0,20.0,0.0,0,2,No n'hi ha,-1.0,3,3,1,-1,0,0,0,-1,0,0,0,0,-1,0,4,-1,1,Sortida de via amb bolcada,-1,2,2,5,-1,2,0,16.0,1,1,4,23,4
493,2010,0,2010-03-28,C-12,BALAGUER,Noguera,2,3,3,1,3,0,0,0,0,3,0,0,0,100.0,0.0,0,-1,No n'hi ha,-1.0,3,3,0,0,0,0,0,0,0,0,0,0,0,0,4,-1,-1,Col·lisió frontal,-1,1,2,3,-1,2,0,22.3,2,2,6,28,3
494,2010,0,2010-03-22,C-55,MANRESA,Bages,3,1,0,1,3,0,0,0,0,2,1,0,0,100.0,0.0,0,1,No n'hi ha,-1.0,1,3,0,0,0,0,0,0,0,0,0,0,0,0,4,-1,1,Fregament o col·lisió lateral,-1,1,0,4,2,2,1,17.35,1,2,0,22,3
495,2010,0,2010-12-19,AP-7,SANT CUGAT DEL VALLES,Valles Occidental,3,0,1,0,2,0,0,0,0,0,2,0,0,100.0,0.0,0,0,Carril lent,-1.0,3,3,1,0,0,0,0,0,0,0,0,0,0,0,4,-1,1,Encalç,-1,1,2,4,1,1,0,16.0,1,2,6,19,12
496,2010,0,2010-12-31,C-16,SANT QUIRZE DEL VALLES,Valles Occidental,3,0,1,0,1,0,0,0,0,1,0,0,0,100.0,0.0,0,2,No n'hi ha,-1.0,3,3,1,0,0,0,1,0,0,0,0,0,0,0,2,-1,0,Resta sortides de via,-1,1,2,4,2,2,1,8.3,0,1,4,31,12
497,2010,1,2010-11-08,SE,"VENDRELL, EL",Baix Penedes,0,0,1,1,2,0,0,1,0,1,0,0,0,40.0,0.0,0,2,No n'hi ha,-1.0,3,3,1,0,0,0,0,0,0,0,0,0,0,1,4,5,1,Envestida (frontal lateral),1,2,2,5,-1,2,1,18.42,1,2,0,8,11
498,2010,1,2010-06-28,SE,BARCELONA,Barcelones,3,0,1,0,2,0,0,0,1,1,0,0,0,100.0,0.0,0,-1,No n'hi ha,-1.0,3,3,1,0,0,0,0,0,0,0,0,0,0,0,4,-1,1,Encalç,-1,2,2,5,-1,2,1,17.2,1,2,0,28,6
499,2010,0,2010-03-07,B-431,PRATS DE LLUCANES,Osona,3,1,0,0,1,0,0,0,0,1,0,0,0,100.0,0.0,0,1,No n'hi ha,-1.0,3,3,0,0,0,0,0,0,0,0,0,0,0,0,4,-1,1,Altres,-1,1,2,4,3,2,0,4.0,2,5,6,7,3
500,2010,0,2010-12-12,BV-5122,TORDERA,Maresme,3,0,1,2,1,0,0,0,0,1,0,0,0,100.0,0.0,0,2,No n'hi ha,-1.0,3,3,1,0,0,0,0,0,0,0,0,0,0,0,3,-1,1,Sortida de via amb bolcada,-1,1,2,4,2,2,0,6.25,0,1,6,12,12
501,2010,1,2010-06-05,SE,BARCELONA,Barcelones,3,0,1,0,2,1,0,0,0,1,0,0,0,100.0,0.0,0,-1,Carril bus,-1.0,3,3,1,0,0,0,0,0,0,0,0,0,0,1,4,3,1,Atropellament,2,2,2,5,-1,2,0,11.2,0,3,5,5,6
502,2010,1,2010-11-04,SE,VALLS,Alt Camp,0,0,1,0,2,1,0,0,0,1,0,0,0,100.0,0.0,0,-1,No n'hi ha,-1.0,3,3,1,0,0,0,0,0,0,0,0,0,0,0,4,-1,-1,Atropellament,-1,2,2,5,-1,2,1,8.1,0,3,3,4,11
503,2010,1,2010-10-27,N-230,LLEIDA,Segria,2,0,3,0,2,0,0,0,0,2,0,0,0,80.0,0.0,0,3,No n'hi ha,-1.0,3,1,1,0,0,0,0,0,0,0,0,0,0,0,3,-1,1,Resta sortides de via,-1,0,2,4,1,2,1,23.5,2,1,2,27,10
504,2010,1,2010-08-05,SE,IGUALADA,Anoia,3,0,1,0,2,0,0,1,0,1,0,0,0,50.0,0.0,0,-1,No n'hi ha,-1.0,3,3,1,-1,0,0,0,-1,0,0,0,0,0,1,4,4,1,Fregament o col·lisió lateral,2,2,2,5,-1,2,1,13.0,0,2,3,5,8
505,2010,1,2010-07-16,SE,TERRASSA,Valles Occidental,3,0,1,0,2,1,0,0,0,1,0,0,0,100.0,0.0,0,-1,No n'hi ha,-1.0,3,3,1,0,0,0,0,0,0,0,0,0,0,0,4,-1,-1,Atropellament,-1,2,2,5,-1,2,1,8.38,0,3,4,16,7
506,2010,1,2010-06-21,SE,LLEIDA,Segria,2,0,1,0,2,0,1,0,0,1,0,0,0,100.0,0.0,0,2,No n'hi ha,-1.0,3,3,1,0,0,0,0,0,0,0,0,0,0,1,4,3,1,Fregament o col·lisió lateral,0,2,2,5,0,2,1,17.45,1,2,0,21,6
507,2010,1,2010-01-04,SE,VIC,Osona,3,0,1,0,2,1,0,0,0,1,0,0,0,100.0,0.0,0,2,No n'hi ha,-1.0,3,3,1,0,0,0,0,0,0,0,0,0,0,0,4,-1,1,Atropellament,-1,2,2,5,-1,2,1,13.1,0,3,0,4,1
508,2010,0,2010-07-05,TV-3454,DELTEBRE,Baix Ebre,0,1,1,0,2,0,0,0,0,2,0,0,0,100.0,0.0,0,2,No n'hi ha,-1.0,3,2,0,0,0,0,0,0,0,0,0,0,0,0,1,-1,1,Col·lisió frontal,-1,1,2,4,3,2,1,6.3,0,2,0,5,7
509,2010,0,2010-04-27,B-211,SANT PERE DE RIBES,Garraf,3,0,1,1,2,0,0,0,1,1,0,0,0,100.0,0.0,0,1,No n'hi ha,-1.0,3,3,1,0,0,0,0,0,0,0,0,0,0,1,4,5,1,Fregament o col·lisió lateral,2,1,2,4,2,2,1,13.3,0,2,1,27,4
510,2010,1,2010-12-30,SE,VILADECANS,Baix Llobregat,3,0,1,1,2,1,0,0,1,0,0,0,0,20.0,0.0,0,2,No n'hi ha,-1.0,3,3,1,-1,0,0,0,-1,0,0,0,0,0,1,5,2,1,Atropellament,2,2,0,5,-1,2,1,7.1,0,3,3,30,12