,Year,Area,Date,Road,Municipality Name,County Name,Province Name,Fatalties,Serious Injuries,Light Injuries,Units Involved,Pedestrains Involved,Bicycles Involved,Mopeds Involved,Motorcycles,Light Vehicles Involved,Heavy Vehicles Involved,Other Units Involved,Unspecified Units Involved,Road Speed Limit,Accident with Hit and Run,Fog Presence,Surrounding Environment,Special Lane Presence,Special Traffic Measures,Weather Conditions,Special Road Functions,Severity of Accident,Influence of Fog,Influence of Environment,Influence of Traffic,Influence of Weather,Influence of Wind Intensity,Influence of Lighting,Influence of Special Measures,Influence of Road Objects,Influence of Road Surface,Influence of Visibility,Intersection Characteristics,Lighting Conditions,Traffic Regulation and Priority,Direction of Road,Subtype of Accident,Subtype of Road Section,Subzone within Area,Road Surface Conditions,Type of Road,Road Ownership,Wind Conditions,Day of the Week Grouping,Hour of Day,Time of Day Grouping,Type of Accident,Day Type,Day,Month
511,2010,0,2010-01-15,C-12,MORA LA NOVA,Ribera d'Ebre,0,0,1,0,1,0,0,1,0,0,0,0,0,100.0,0.0,0,1,No n'hi ha,-1.0,3,3,1,0,0,0,0,0,0,0,0,0,0,2,4,4,1,Resta sortides de via,0,1,2,4,2,2,0,16.22,1,1,4,15,1
512,2010,1,2010-03-19,SE,BARCELONA,Barcelones,3,0,1,3,3,0,0,1,2,0,0,0,0,100.0,0.0,0,-1,No n'hi ha,-1.0,3,3,1,0,0,0,0,0,0,0,0,0,0,1,5,3,0,Xoc contra objecte/obstacle sense sortida prèvia de via,1,2,2,5,-1,2,0,22.45,2,4,4,19,3
513,2010,1,2010-11-03,SE,CORNELLA DE LLOBREGAT,Baix Llobregat,3,0,1,0,2,1,0,0,0,0,1,0,0,30.0,,0,-1,No n'hi ha,-1.0,3,3,1,-1,0,0,0,0,0,0,0,0,-1,0,4,-1,0,Atropellament,-1,2,2,5,0,1,1,11.0,0,3,2,3,11
514,2010,1,2010-01-22,SE,SABADELL,Valles Occidental,3,1,0,0,2,1,0,0,0,1,0,0,0,100.0,0.0,0,-1,No n'hi ha,-1.0,3,3,0,0,0,0,0,0,0,0,0,0,0,0,4,-1,0,Atropellament,-1,2,2,5,-1,2,0,16.26,1,3,4,22,1
515,2010,0,2010-04-06,TV-2041,CREIXELL,Tarragones,0,0,1,2,2,0,0,0,1,1,0,0,0,100.0,0.0,0,2,No n'hi ha,-1.0,3,3,1,0,0,0,0,0,0,0,0,0,0,0,4,-1,1,Envestida (frontal lateral),-1,1,2,4,3,2,1,12.31,0,2,1,6,4
516,2010,1,2010-07-01,SE,BARCELONA,Barcelones,3,0,1,0,2,1,0,0,0,1,0,0,0,100.0,0.0,0,-1,No n'hi ha,-1.0,3,3,1,0,0,0,0,0,0,0,0,0,0,1,5,3,0,Atropellament,2,2,2,5,-1,2,1,0.4,2,3,3,1,7
517,2010,0,2010-06-25,SE,CALONGE,Baix Emporda,1,0,1,1,2,0,0,0,1,1,0,0,0,100.0,0.0,0,2,No n'hi ha,-1.0,3,3,1,0,0,0,0,0,0,0,0,0,0,0,4,-1,0,Fregament o col·lisió lateral,-1,1,2,3,0,2,1,13.3,0,2,4,25,6
518,2010,0,2010-12-12,C-16,SANT CUGAT DEL VALLES,Valles Occidental,3,1,0,0,1,0,0,0,0,1,0,0,0,110.0,0.0,0,3,No n'hi ha,-1.0,3,3,0,0,0,0,0,0,0,0,0,0,0,0,5,-1,1,Resta sortides de via,-1,1,2,4,2,2,0,4.45,2,1,6,12,12
519,2010,0,2010-08-07,N-260,FONTANALS DE CERDANYA,Cerdanya,1,1,0,1,3,0,0,0,2,1,0,0,0,60.0,0.0,0,0,No n'hi ha,-1.0,3,3,0,0,1,0,0,0,0,0,0,0,0,0,4,-1,1,Envestida (frontal lateral),-1,1,2,4,1,2,0,9.0,0,2,5,7,8
520,2010,1,2010-12-20,SE,BARCELONA,Barcelones,3,0,1,0,3,1,0,0,0,1,1,0,0,100.0,0.0,0,-1,No n'hi ha,-1.0,3,3,1,0,0,0,0,0,0,0,0,0,0,1,5,3,1,Atropellament,2,2,2,5,-1,2,1,21.2,1,3,0,20,12
521,2010,1,2010-04-02,SE,"VENDRELL, EL",Baix Penedes,0,0,1,1,2,0,0,2,0,0,0,0,0,40.0,0.0,0,2,No n'hi ha,-1.0,3,3,1,-1,0,0,0,-1,0,0,0,0,0,1,0,4,0,Envestida (frontal lateral),2,2,2,5,-1,2,0,22.3,2,2,4,2,4
522,2010,1,2010-07-19,SE,SANT JOAN DESPI,Baix Llobregat,3,0,1,0,2,0,1,0,0,1,0,0,0,20.0,0.0,0,-1,No n'hi ha,-1.0,3,3,1,-1,0,0,0,-1,0,0,0,0,-1,1,2,3,1,Col·lisió frontal,2,2,2,5,-1,2,1,22.25,2,2,0,19,7
523,2010,0,2010-06-23,C-16,RUBI,Valles Occidental,3,0,1,0,1,0,0,0,1,0,0,0,0,90.0,0.0,0,2,No n'hi ha,-1.0,3,3,1,-1,0,0,0,-1,0,0,0,0,-1,0,4,-1,1,Xoc contra objecte/obstacle sense sortida prèvia de via,-1,1,2,4,2,2,1,18.3,1,4,2,23,6
524,2010,1,2010-02-16,SE,BARCELONA,Barcelones,3,0,1,0,2,0,0,0,1,0,1,0,0,100.0,0.0,0,-1,Carril bus,-1.0,3,3,1,0,0,0,0,0,0,0,0,0,0,0,4,-1,1,Caiguda en la via,-1,2,2,5,-1,2,1,16.05,1,0,1,16,2
525,2010,1,2010-07-27,SE,OLOT,Garrotxa,1,0,1,0,2,1,0,0,0,1,0,0,0,20.0,0.0,0,-1,No n'hi ha,-1.0,3,3,1,0,-1,0,0,0,0,0,0,0,0,0,4,-1,-1,Atropellament,-1,2,2,5,-1,2,1,8.35,0,3,1,27,7
526,2010,0,2010-07-17,SE,CANTALLOPS,Alt Emporda,1,0,1,1,1,0,0,0,0,1,0,0,0,100.0,0.0,0,3,No n'hi ha,-1.0,3,3,1,0,0,0,0,0,0,0,0,1,0,0,4,-1,1,Altres,-1,1,0,3,0,1,0,18.53,1,5,5,17,7
527,2010,0,2010-05-04,SE,"SENIA, LA",Montsia,0,0,1,1,3,2,0,0,0,1,0,0,0,100.0,0.0,0,2,No n'hi ha,-1.0,1,3,1,0,0,0,0,0,0,0,0,0,0,2,2,4,1,Atropellament,1,1,0,3,0,1,1,14.55,1,3,1,4,5
528,2010,1,2010-01-24,SE,BARCELONA,Barcelones,3,1,0,1,2,1,0,0,1,0,0,0,0,30.0,0.0,0,-1,No n'hi ha,-1.0,1,3,0,0,0,0,0,0,0,0,0,0,1,0,5,-1,1,Atropellament,-1,2,0,5,-1,2,0,19.2,1,3,6,24,1
529,2010,1,2010-08-06,SE,BARCELONA,Barcelones,3,0,1,0,2,1,0,0,0,1,0,0,0,100.0,0.0,0,-1,No n'hi ha,-1.0,3,3,1,0,0,0,0,0,0,0,0,0,1,1,4,2,1,Atropellament,1,2,2,5,-1,2,0,18.45,1,3,4,6,8
530,2010,0,2010-09-06,N-145,"SEU D'URGELL, LA",Alt Urgell,2,0,1,0,1,0,0,0,0,1,0,0,0,100.0,0.0,0,2,No n'hi ha,-1.0,3,3,1,0,0,0,0,0,0,0,0,0,0,0,4,-1,1,Resta sortides de via,-1,1,2,4,1,2,1,7.5,0,1,0,6,9
531,2010,1,2010-10-20,SE,BARCELONA,Barcelones,3,0,1,0,2,1,0,0,0,1,0,0,0,100.0,0.0,0,-1,No n'hi ha,,3,3,1,0,0,0,0,0,0,0,0,0,0,0,5,-1,1,Atropellament,-1,2,2,5,-1,2,1,20.1,1,3,2,20,10
532,2010,0,2010-06-22,T-340,CAMARLES,Baix Ebre,0,0,1,0,2,0,0,0,1,1,0,0,0,100.0,0.0,0,0,No n'hi ha,-1.0,3,3,1,0,0,0,0,0,0,0,0,0,0,1,3,4,1,Envestida (frontal lateral),1,1,2,4,2,2,1,21.5,1,2,1,22,6
533,2010,0,2010-05-28,TV-3409,DELTEBRE,Baix Ebre,0,1,0,0,2,0,0,1,0,1,0,0,0,100.0,0.0,0,1,No n'hi ha,-1.0,3,3,0,0,0,0,0,0,0,0,0,0,0,1,1,4,1,Envestida (frontal lateral),1,1,2,4,3,2,0,19.5,1,2,4,28,5
534,2010,1,2010-01-12,SE,SABADELL,Valles Occidental,3,0,1,1,2,1,0,0,0,1,0,0,0,100.0,0.0,0,-1,No n'hi ha,-1.0,3,3,1,0,0,0,0,0,0,0,0,0,0,0,4,-1,-1,Xoc contra objecte/obstacle sense sortida prèvia de via,-1,2,2,5,-1,2,1,8.57,0,4,1,12,1
535,2010,0,2010-04-17,GI-660,"BISBAL D'EMPORDA, LA",Baix Emporda,1,2,0,0,1,0,0,0,0,1,0,0,0,100.0,0.0,0,0,No n'hi ha,-1.0,3,3,0,0,0,0,0,0,0,0,0,0,0,0,0,-1,1,Altres,-1,1,2,4,3,2,0,4.55,2,5,5,17,4
536,2010,0,2010-09-08,B-23,ESPLUGUES DE LLOBREGAT,Baix Llobregat,3,0,1,1,2,0,0,0,1,1,0,0,0,80.0,0.0,0,2,No n'hi ha,-1.0,3,3,1,0,0,0,0,0,0,0,0,0,0,0,4,-1,1,Fregament o col·lisió lateral,-1,1,2,4,1,2,1,8.45,0,2,2,8,9
537,2010,0,2010-09-17,C-1412a,CASTELLFOLLIT DE RIU,Anoia,3,1,1,0,2,0,0,0,0,2,0,0,0,100.0,0.0,0,2,No n'hi ha,-1.0,3,3,0,0,0,0,1,0,0,0,0,0,0,0,2,-1,1,Col·lisió frontal,-1,1,2,4,2,1,1,14.3,1,2,4,17,9
538,2010,1,2010-11-10,SE,PRATS DE LLUCANES,Osona,3,0,2,0,2,0,0,0,1,1,0,0,0,50.0,0.0,0,2,No n'hi ha,-1.0,3,3,1,0,0,0,0,0,0,0,0,0,0,0,0,-1,1,Col·lisió frontal,-1,2,2,5,-1,2,1,18.2,1,2,2,10,11
539,2010,1,2010-01-04,GI-661,CALONGE,Baix Emporda,1,0,1,0,2,0,0,1,0,1,0,0,0,100.0,0.0,0,2,Carril central,-1.0,3,1,1,0,0,0,0,0,0,0,0,0,0,1,4,4,1,Envestida (frontal lateral),1,0,2,4,3,2,1,14.0,1,2,0,4,1
540,2010,0,2010-10-14,SE,CERDANYOLA DEL VALLES,Valles Occidental,3,0,1,1,2,0,1,0,0,1,0,0,0,100.0,0.0,0,-1,No n'hi ha,-1.0,3,3,1,0,0,0,0,0,0,0,0,0,0,0,4,-1,-1,Fregament o col·lisió lateral,-1,1,2,3,-1,2,1,17.2,1,2,3,14,10
541,2010,1,2010-05-09,SE,CALAFELL,Baix Penedes,0,0,1,0,2,1,0,0,0,1,0,0,0,50.0,0.0,0,-1,No n'hi ha,-1.0,3,3,1,-1,-1,0,0,-1,0,0,0,0,-1,0,4,-1,-1,Atropellament,-1,2,2,5,-1,2,0,12.23,0,3,6,9,5
542,2010,0,2010-02-10,C-252,"FAR D'EMPORDA, EL",Alt Emporda,1,0,1,1,3,0,0,1,0,2,0,0,0,60.0,0.0,0,1,No n'hi ha,-1.0,3,3,1,0,0,0,0,0,0,0,0,0,0,0,3,-1,1,Encalç,-1,1,2,4,2,2,1,2.19,2,2,2,10,2
543,2010,1,2010-06-10,SE,SABADELL,Valles Occidental,3,0,1,0,2,0,0,1,0,1,0,0,0,100.0,0.0,0,2,No n'hi ha,-1.0,3,1,1,0,0,0,0,0,0,0,0,0,0,1,4,3,1,Envestida (frontal lateral),2,0,2,5,0,2,1,13.49,0,2,3,10,6
544,2010,0,2010-08-26,B-20,BADALONA,Barcelones,3,1,0,0,2,0,0,0,0,1,0,1,0,80.0,0.0,0,2,No n'hi ha,-1.0,3,3,0,0,0,0,0,0,0,0,0,0,0,0,4,-1,1,Xoc contra objecte/obstacle sense sortida prèvia de via,-1,1,2,4,2,2,1,8.15,0,4,3,26,8
545,2010,1,2010-08-19,SE,GIRONA,Girones,1,0,1,0,2,0,1,0,0,1,0,0,0,100.0,0.0,0,2,No n'hi ha,-1.0,3,3,1,0,0,0,0,0,0,0,0,0,0,1,4,5,0,Envestida (frontal lateral),2,2,2,5,-1,2,1,10.24,0,2,3,19,8
546,2010,0,2010-09-26,GI-512,TORDERA,Maresme,3,2,0,0,2,0,0,0,0,2,0,0,0,100.0,0.0,0,-1,No n'hi ha,-1.0,3,3,0,0,0,0,0,0,0,0,0,0,0,0,4,-1,-1,Col·lisió frontal,-1,1,2,4,-1,2,0,6.23,0,2,6,26,9
547,2010,0,2010-04-15,N-II,GIRONA,Girones,1,0,1,0,2,0,0,0,0,0,2,0,0,80.0,0.0,0,1,No n'hi ha,-1.0,3,2,1,0,0,0,0,0,0,0,0,0,0,0,4,-1,1,Fregament o col·lisió lateral,-1,1,2,4,1,2,1,10.22,0,2,3,15,4
548,2010,0,2010-03-26,BV-2127,"CABANYES, LES",Alt Penedes,3,0,1,1,1,0,0,0,0,1,0,0,0,50.0,0.0,0,3,No n'hi ha,-1.0,3,3,1,0,0,0,0,0,0,0,0,0,0,0,4,-1,1,Resta sortides de via,-1,1,2,4,3,2,0,17.3,1,1,4,26,3
549,2010,1,2010-01-25,SE,LLEIDA,Segria,2,0,1,1,4,3,0,0,0,1,0,0,0,100.0,0.0,0,-1,No n'hi ha,-1.0,3,3,1,0,0,0,0,0,0,0,0,0,0,0,5,-1,1,Atropellament,-1,2,0,5,0,2,1,19.3,1,3,0,25,1
550,2010,1,2010-11-02,SE,HOSPITALET DE LLOBREGAT,Barcelones,3,0,1,0,2,1,0,0,0,1,0,0,0,20.0,0.0,0,-1,No n'hi ha,-1.0,3,3,1,-1,0,0,0,-1,0,0,0,0,-1,1,4,3,1,Atropellament,2,2,2,5,-1,2,1,14.4,1,3,1,2,11
551,2010,1,2010-12-13,SE,BARCELONA,Barcelones,3,0,1,1,2,0,0,0,2,0,0,0,0,100.0,0.0,0,-1,No n'hi ha,-1.0,3,3,1,0,0,0,0,0,0,0,0,0,0,0,4,-1,1,Fregament o col·lisió lateral,-1,2,2,5,-1,2,1,14.3,1,2,0,13,12
552,2010,1,2010-03-06,SE,BERGA,Bergueda,3,0,1,0,2,1,0,0,0,1,0,0,0,20.0,,0,-1,No n'hi ha,-1.0,3,3,1,0,0,0,0,0,0,0,0,0,0,0,5,-1,-1,Atropellament,-1,2,2,5,-1,2,0,21.0,1,3,5,6,3
553,2010,1,2010-11-12,SE,GIRONA,Girones,1,0,1,1,1,0,0,0,0,1,0,0,0,100.0,0.0,0,2,No n'hi ha,-1.0,3,3,1,0,0,0,0,0,0,0,0,0,0,0,4,-1,1,Resta sortides de via,-1,2,2,5,-1,2,1,9.3,0,1,4,12,11
554,2010,1,2010-01-20,SE,BARCELONA,Barcelones,3,0,1,0,2,0,0,0,1,1,0,0,0,100.0,0.0,0,-1,No n'hi ha,-1.0,3,3,1,0,0,0,0,0,0,0,0,0,0,0,4,-1,1,Envestida (frontal lateral),-1,2,0,5,-1,2,1,12.4,0,2,2,20,1
555,2010,0,2010-07-03,C-16,BERGA,Bergueda,3,1,4,0,2,0,0,0,0,2,0,0,0,100.0,0.0,0,2,No n'hi ha,-1.0,3,3,0,0,0,0,0,0,0,0,0,0,0,0,4,-1,1,Envestida (frontal lateral),-1,1,2,4,2,2,0,20.0,1,2,5,3,7
556,2010,0,2010-07-30,AP-7,SANT CUGAT DEL VALLES,Valles Occidental,3,0,1,2,2,0,0,0,0,1,1,0,0,100.0,0.0,0,2,No n'hi ha,-1.0,3,3,1,0,0,1,0,0,0,0,0,0,0,0,4,-1,1,Encalç,-1,1,2,4,1,2,0,16.25,1,2,4,30,7
557,2010,1,2010-09-03,SE,LLEIDA,Segria,2,0,1,0,2,0,0,1,0,0,1,0,0,100.0,0.0,0,-1,No n'hi ha,-1.0,3,3,1,0,0,0,0,0,0,0,0,0,0,0,4,-1,-1,Xoc contra objecte/obstacle sense sortida prèvia de via,-1,2,2,5,-1,2,1,9.5,0,4,4,3,9
558,2010,1,2010-08-16,SE,"PRAT DE LLOBREGAT, E",Baix Llobregat,3,0,1,0,2,1,0,0,0,1,0,0,0,100.0,0.0,0,-1,No n'hi ha,-1.0,3,3,1,0,0,0,0,0,0,0,0,0,0,0,4,-1,-1,Atropellament,-1,2,2,5,-1,2,1,8.2,0,3,0,16,8
559,2010,0,2010-10-10,C-25,AGUILAR DE SEGARRA,Bages,3,1,1,0,1,0,0,0,0,1,0,0,0,100.0,0.0,0,0,No n'hi ha,-1.0,3,3,0,0,0,0,0,0,0,0,0,0,0,0,2,-1,1,Resta sortides de via,-1,1,2,4,2,2,0,8.5,0,1,6,10,10
560,2010,0,2010-05-03,C-25,AGUILAR DE SEGARRA,Bages,3,1,0,1,2,0,0,0,0,1,1,0,0,100.0,0.0,0,2,No n'hi ha,-1.0,3,3,0,0,0,0,1,0,0,0,0,0,0,0,4,-1,1,Envestida (frontal lateral),-1,1,2,4,2,2,1,16.55,1,2,0,3,5
561,2010,0,2010-02-01,C-53,"FULIOLA, LA",Urgell,2,0,1,0,2,0,0,0,0,1,1,0,0,50.0,0.0,0,2,No n'hi ha,-1.0,3,3,1,0,0,0,0,0,0,0,0,0,0,0,4,-1,1,Col·lisió frontal,-1,1,2,4,2,2,1,9.19,0,2,0,1,2
562,2010,1,2010-05-17,SE,BARCELONA,Barcelones,3,0,1,1,2,0,0,0,2,0,0,0,0,100.0,0.0,0,-1,No n'hi ha,-1.0,3,3,1,0,0,0,0,0,0,0,0,0,0,1,5,3,0,Envestida (frontal lateral),2,2,2,5,-1,2,1,22.1,2,2,0,17,5
563,2010,1,2010-11-22,SE,BARCELONA,Barcelones,3,0,1,1,2,0,0,0,1,1,0,0,0,100.0,0.0,0,-1,No n'hi ha,-1.0,3,3,1,0,0,0,0,0,0,0,0,0,0,0,4,-1,0,Fregament o col·lisió lateral,-1,2,2,5,-1,2,1,14.3,1,2,0,22,11
564,2010,1,2010-04-22,SE,BARCELONA,Barcelones,3,0,1,0,2,0,0,0,2,0,0,0,0,100.0,0.0,0,-1,No n'hi ha,-1.0,3,3,1,0,0,0,0,0,0,0,0,0,0,0,4,-1,1,Encalç,-1,2,2,5,-1,2,1,12.15,0,2,3,22,4
565,2010,0,2010-10-25,BP-5002,ALELLA,Maresme,3,0,1,0,2,1,0,0,0,1,0,0,0,90.0,0.0,0,2,No n'hi ha,-1.0,3,3,1,-1,0,0,0,-1,0,0,0,0,-1,1,4,1,1,Atropellament,1,1,2,4,2,2,1,8.35,0,3,0,25,10
566,2010,0,2010-10-01,N-IIa,FIGUERES,Alt Emporda,1,0,1,0,1,0,0,0,0,1,0,0,0,70.0,0.0,0,2,No n'hi ha,-1.0,3,3,1,0,0,0,0,0,0,0,0,0,0,0,5,-1,1,Resta sortides de via,-1,1,2,4,0,2,1,3.5,2,1,4,1,10
567,2010,0,2010-01-19,AP-7,VILOBI D'ONYAR,Selva,1,1,1,3,8,0,0,0,0,2,6,0,0,80.0,0.0,0,2,No n'hi ha,0.0,3,3,0,0,0,0,0,0,0,0,0,0,0,0,2,-1,1,Encalç,-1,1,2,4,2,2,1,8.22,0,2,1,19,1
568,2010,1,2010-05-08,SE,SANT VICENC DELS HORTS,Baix Llobregat,3,0,1,0,2,1,0,0,0,1,0,0,0,20.0,0.0,0,2,No n'hi ha,-1.0,3,3,1,0,0,0,0,0,0,0,0,0,0,0,4,-1,0,Atropellament,-1,2,2,5,-1,2,0,14.04,1,3,5,8,5
569,2010,1,2010-08-19,SE,LLORET DE MAR,Selva,1,0,1,0,1,0,0,1,0,0,0,0,0,30.0,0.0,0,0,No n'hi ha,-1.0,3,3,1,0,0,0,0,0,0,0,0,1,0,0,4,-1,1,Caiguda en la via,-1,2,2,5,-1,2,1,18.3,1,0,3,19,8
570,2010,0,2010-07-22,A-2,BELL-LLOC D'URGELL,Pla d'Urgell,2,1,0,1,2,0,0,0,0,0,2,0,0,100.0,0.0,0,2,No n'hi ha,3.0,3,3,0,0,0,1,0,0,0,0,0,0,0,0,4,-1,1,Encalç,-1,1,2,4,1,2,1,11.51,0,2,3,22,7
571,2010,1,2010-07-24,C-153,RODA DE TER,Osona,3,0,1,0,3,0,0,0,0,2,1,0,0,100.0,0.0,0,2,No n'hi ha,-1.0,3,1,1,0,0,0,0,0,0,0,0,0,0,0,4,-1,1,Envestida (frontal lateral),-1,0,2,4,2,2,0,14.0,1,2,5,24,7
572,2010,0,2010-10-26,B-151,CASTELLBISBAL,Valles Occidental,3,0,1,0,1,0,0,0,1,0,0,0,0,100.0,0.0,0,3,No n'hi ha,-1.0,3,3,1,0,0,0,0,0,0,0,0,0,0,0,4,-1,1,Fregament o col·lisió lateral,-1,1,2,4,3,2,1,8.4,0,2,1,26,10
573,2010,1,2010-05-20,SE,HOSPITALET DE LLOBREGAT,Barcelones,3,0,1,0,2,0,0,0,1,1,0,0,0,20.0,,0,2,No n'hi ha,-1.0,3,3,1,-1,0,0,0,-1,0,0,0,0,-1,0,4,-1,0,Envestida (frontal lateral),-1,2,2,5,-1,2,1,12.51,0,2,3,20,5
574,2010,1,2010-04-22,SE,MALGRAT DE MAR,Maresme,3,0,1,0,2,0,0,0,1,1,0,0,0,100.0,0.0,0,2,No n'hi ha,-1.0,3,3,1,0,0,0,0,0,0,0,0,0,0,0,4,-1,1,Envestida (frontal lateral),-1,2,2,5,-1,2,1,12.5,0,2,3,22,4
575,2010,1,2010-06-23,SE,TERRASSA,Valles Occidental,3,0,1,0,2,0,0,0,1,1,0,0,0,100.0,0.0,0,-1,No n'hi ha,-1.0,3,3,1,0,0,0,0,0,0,0,0,0,0,0,4,-1,-1,Envestida (frontal lateral),-1,2,2,5,-1,2,1,19.45,1,2,2,23,6
576,2010,1,2010-05-21,SE,"MASNOU, EL",Maresme,3,0,1,0,2,0,0,1,0,1,0,0,0,20.0,0.0,0,-1,No n'hi ha,-1.0,3,3,1,-1,0,0,0,-1,0,0,0,0,0,1,4,4,1,Envestida (frontal lateral),2,2,2,5,-1,2,0,17.05,1,2,4,21,5
577,2010,1,2010-12-24,SE,BARCELONA,Barcelones,3,1,0,0,2,1,0,0,0,0,0,1,0,100.0,0.0,0,-1,No n'hi ha,-1.0,3,3,0,0,0,0,0,0,0,0,0,0,0,1,4,3,1,Atropellament,2,2,2,5,-1,2,1,13.4,0,3,4,24,12
578,2010,0,2010-07-31,SE,SOLIVELLA,Conca de Barbera,0,0,1,0,1,0,0,0,1,0,0,0,0,100.0,0.0,0,3,No n'hi ha,-1.0,3,3,1,0,0,0,0,0,0,0,0,0,0,0,4,-1,1,Caiguda en la via,-1,1,0,3,0,2,0,18.42,1,0,5,31,7
579,2010,1,2010-06-16,SE,BARCELONA,Barcelones,3,0,1,0,2,0,0,0,1,1,0,0,0,40.0,0.0,0,-1,No n'hi ha,-1.0,3,3,1,0,0,0,0,0,0,0,0,0,0,0,4,-1,0,Envestida (frontal lateral),-1,2,2,5,-1,2,1,16.55,1,2,2,16,6
580,2010,1,2010-01-16,SE,SANT VICENC DELS HORTS,Baix Llobregat,3,0,1,1,3,0,0,0,0,3,0,0,0,20.0,0.0,0,-1,No n'hi ha,-1.0,1,3,1,0,0,0,0,0,0,0,0,0,0,0,5,-1,0,Envestida (frontal lateral),-1,2,0,5,-1,2,0,5.3,2,2,5,16,1
581,2010,0,2010-09-20,C-14,OLIOLA,Noguera,2,1,1,1,2,0,0,0,0,2,0,0,0,100.0,0.0,0,0,No n'hi ha,0.0,1,3,0,0,0,0,1,0,0,1,0,0,0,0,2,-1,1,Col·lisió frontal,-1,1,0,4,2,2,1,19.3,1,2,0,20,9
582,2010,0,2010-10-03,C-25,SANT FRUITOS DE BAGES,Bages,3,1,1,0,2,0,0,0,0,2,0,0,0,100.0,0.0,1,0,No n'hi ha,-1.0,3,3,0,0,0,0,0,0,0,0,0,0,0,0,1,-1,1,Envestida (frontal lateral),-1,1,2,4,2,2,0,7.55,0,2,6,3,10
583,2010,1,2010-09-23,SE,GRANOLLERS,Valles Oriental,3,0,1,0,2,1,0,0,0,1,0,0,0,100.0,0.0,0,2,No n'hi ha,-1.0,3,3,1,0,0,0,0,0,0,0,0,0,0,0,4,-1,1,Atropellament,-1,2,2,5,-1,2,1,17.3,1,3,3,23,9
584,2010,0,2010-10-26,C-16,BARCELONA,Barcelones,3,0,1,2,5,0,0,0,0,5,0,0,0,80.0,0.0,0,2,No n'hi ha,-1.0,3,3,1,0,0,1,0,0,0,0,0,0,0,0,5,-1,1,Envestida (frontal lateral),-1,1,2,4,2,2,1,20.0,1,2,1,26,10
585,2010,0,2010-04-11,C-153,"PLANES D'HOSTOLES, LES",Garrotxa,1,0,2,7,6,0,0,0,6,0,0,0,0,100.0,0.0,0,1,No n'hi ha,-1.0,3,3,1,0,0,0,0,0,0,0,0,0,0,0,4,-1,1,Encalç,-1,1,2,4,2,2,0,14.02,1,2,6,11,4
586,2010,1,2010-12-19,SE,"SEU D'URGELL, LA",Alt Urgell,2,1,3,0,2,0,0,0,0,2,0,0,0,40.0,0.0,0,-1,No n'hi ha,-1.0,3,3,0,0,0,0,0,0,0,0,0,0,0,1,4,5,-1,Envestida (frontal lateral),2,2,2,5,-1,2,0,6.3,0,2,6,19,12
587,2010,1,2010-04-04,SE,BARCELONA,Barcelones,3,0,2,0,1,0,0,0,0,1,0,0,0,100.0,0.0,0,-1,No n'hi ha,-1.0,2,3,1,0,0,0,1,0,0,0,1,0,1,1,1,2,0,Xoc contra objecte/obstacle sense sortida prèvia de via,2,2,0,5,-1,2,0,18.1,1,4,6,4,4
588,2010,0,2010-06-02,C-243C,CASTELLBISBAL,Valles Occidental,3,0,1,1,2,0,0,0,1,1,0,0,0,100.0,0.0,0,1,No n'hi ha,-1.0,3,3,1,0,0,0,0,0,0,0,0,0,0,0,4,-1,1,Envestida (frontal lateral),-1,1,2,4,2,2,1,19.27,1,2,2,2,6
589,2010,0,2010-12-24,N-II,CABRERA DE MAR,Maresme,3,0,1,0,2,0,0,1,0,1,0,0,0,40.0,0.0,0,0,No n'hi ha,-1.0,3,3,1,0,0,0,0,0,0,0,0,0,0,1,0,4,1,Envestida (frontal lateral),0,1,2,4,1,2,0,18.1,1,2,4,24,12
590,2010,1,2010-11-22,SE,OLESA DE MONTSERRAT,Baix Llobregat,3,0,1,0,2,1,0,0,0,1,0,0,0,100.0,0.0,0,2,No n'hi ha,-1.0,3,1,1,0,0,0,0,0,0,0,0,0,0,1,4,4,1,Atropellament,2,0,2,5,-1,2,1,11.27,0,3,0,22,11
591,2010,0,2010-07-16,BV-1415,CERDANYOLA DEL VALLES,Valles Occidental,3,0,1,0,1,0,0,0,1,0,0,0,0,100.0,0.0,0,-1,No n'hi ha,-1.0,3,3,1,0,0,0,0,0,0,1,0,0,0,0,4,-1,-1,Caiguda en la via,-1,1,2,4,-1,2,1,12.58,0,0,4,16,7
592,2010,0,2010-09-10,BP-5107,CANOVES I SAMALUS,Valles Oriental,3,0,1,1,1,0,0,0,0,1,0,0,0,100.0,0.0,0,0,No n'hi ha,-1.0,3,3,1,0,0,0,0,0,0,0,0,0,0,0,1,-1,1,Xoc contra objecte/obstacle sense sortida prèvia de via,-1,1,2,4,3,2,1,7.34,0,4,4,10,9
593,2010,0,2010-02-09,C-17,TAGAMANENT,Valles Oriental,3,0,1,0,2,0,0,0,0,2,0,0,0,80.0,0.0,0,2,No n'hi ha,3.0,1,3,1,0,0,0,1,0,0,0,0,0,0,0,4,-1,0,Resta sortides de via,-1,1,0,4,2,2,1,13.5,0,1,1,9,2
594,2010,0,2010-02-23,C-25,RAJADELL,Bages,3,1,0,1,4,1,0,0,0,1,1,1,0,100.0,0.0,0,2,Carril avançament,-1.0,3,3,0,0,0,0,0,0,0,0,0,0,0,0,4,-1,1,Atropellament,-1,1,2,4,2,2,1,16.48,1,3,1,23,2