,Year,Area,Date,Road,Municipality Name,County Name,Province Name,Fatalties,Serious Injuries,Light Injuries,Units Involved,Pedestrains Involved,Bicycles Involved,Mopeds Involved,Motorcycles,Light Vehicles Involved,Heavy Vehicles Involved,Other Units Involved,Unspecified Units Involved,Road Speed Limit,Accident with Hit and Run,Fog Presence,Surrounding Environment,Special Lane Presence,Special Traffic Measures,Weather Conditions,Special Road Functions,Severity of Accident,Influence of Fog,Influence of Environment,Influence of Traffic,Influence of Weather,Influence of Wind Intensity,Influence of Lighting,Influence of Special Measures,Influence of Road Objects,Influence of Road Surface,Influence of Visibility,Intersection Characteristics,Lighting Conditions,Traffic Regulation and Priority,Direction of Road,Subtype of Accident,Subtype of Road Section,Subzone within Area,Road Surface Conditions,Type of Road,Road Ownership,Wind Conditions,Day of the Week Grouping,Hour of Day,Time of Day Grouping,Type of Accident,Day Type,Day,Month
595,2010,0,2010-03-01,C-55,MANRESA,Bages,3,0,1,1,3,0,2,0,0,1,0,0,0,100.0,0.0,0,3,No n'hi ha,-1.0,3,3,1,0,0,0,0,0,0,0,0,0,0,1,4,4,0,Fregament o col·lisió lateral,0,1,2,4,2,2,1,16.25,1,2,0,1,3
596,2010,0,2010-09-23,GI-554,VILADEMULS,Pla de l'Estany,1,0,1,0,1,0,0,0,0,1,0,0,0,100.0,0.0,0,1,No n'hi ha,-1.0,3,3,1,0,0,0,0,0,0,0,0,0,0,0,3,-1,1,Xoc contra objecte/obstacle sense sortida prèvia de via,-1,1,2,4,3,2,1,22.46,2,4,3,23,9
597,2010,0,2010-12-04,GI-600,TORDERA,Maresme,3,0,1,0,2,0,0,1,0,1,0,0,0,70.0,0.0,0,1,No n'hi ha,-1.0,3,3,1,0,0,0,0,0,0,0,0,0,0,1,4,5,1,Fregament o col·lisió lateral,1,1,2,4,3,2,0,15.44,1,2,5,4,12
598,2010,1,2010-07-07,SE,BARCELONA,Barcelones,3,0,1,1,2,0,1,0,1,0,0,0,0,100.0,0.0,0,-1,No n'hi ha,-1.0,3,3,1,0,0,0,0,0,0,0,0,0,0,1,4,3,1,Envestida (frontal lateral),2,2,2,5,-1,2,1,17.4,1,2,2,7,7
599,2010,0,2010-12-02,N-240,MONTBLANC,Conca de Barbera,0,0,2,0,1,0,0,0,0,1,0,0,0,80.0,0.0,0,3,No n'hi ha,-1.0,3,3,1,0,0,0,0,0,0,0,0,0,0,0,4,-1,1,Sortida de via amb xoc o col·lisió,-1,1,2,4,1,2,1,15.31,1,1,3,2,12
600,2010,1,2010-10-19,SE,CERDANYOLA DEL VALLES,Valles Occidental,3,0,1,0,2,1,0,0,0,1,0,0,0,50.0,0.0,0,2,Carril bici,-1.0,3,3,1,0,0,0,0,0,0,0,0,0,0,0,4,-1,1,Atropellament,-1,2,2,5,-1,2,1,8.3,0,3,1,19,10
601,2010,1,2010-07-21,SE,BARCELONA,Barcelones,3,0,1,0,2,0,0,0,1,1,0,0,0,100.0,0.0,0,-1,No n'hi ha,-1.0,3,3,1,0,0,0,0,0,0,0,0,0,0,1,4,3,0,Envestida (frontal lateral),2,2,2,5,-1,2,1,17.55,1,2,2,21,7
602,2010,0,2010-05-26,SE,SABADELL,Valles Occidental,3,0,1,1,2,0,0,1,0,1,0,0,0,100.0,0.0,0,-1,No n'hi ha,-1.0,3,3,1,0,0,0,0,0,0,0,0,0,0,0,4,-1,-1,Envestida (frontal lateral),-1,1,2,3,-1,2,1,12.0,0,2,2,26,5
603,2010,1,2010-09-16,SE,SABADELL,Valles Occidental,3,0,1,0,2,0,0,0,1,1,0,0,0,100.0,0.0,0,-1,No n'hi ha,-1.0,3,3,1,0,0,0,0,0,0,0,0,0,0,0,4,-1,-1,Encalç,-1,2,2,5,-1,2,1,14.0,1,2,3,16,9
604,2010,1,2010-10-19,SE,BARCELONA,Barcelones,3,0,1,0,3,0,0,0,1,2,0,0,0,100.0,1.0,0,-1,No n'hi ha,-1.0,3,3,1,0,0,0,0,0,0,0,0,0,0,0,4,-1,0,Encalç,-1,2,2,5,-1,2,1,16.5,1,2,1,19,10
605,2010,0,2010-06-14,BP-1417,SANT CUGAT DEL VALLES,Valles Occidental,3,0,1,3,2,0,0,0,0,2,0,0,0,40.0,0.0,0,1,No n'hi ha,-1.0,1,3,1,-1,0,0,1,-1,0,0,0,0,0,0,1,-1,1,Col·lisió frontal,-1,1,0,4,3,2,1,23.47,2,2,0,14,6
606,2010,0,2010-03-21,BV-2122,SANT MARTI SARROCA,Alt Penedes,3,0,1,2,2,0,0,0,0,2,0,0,0,50.0,0.0,0,2,No n'hi ha,-1.0,3,3,1,0,0,0,0,0,0,0,0,0,0,0,3,-1,1,Envestida (frontal lateral),-1,1,2,4,3,2,0,20.38,1,2,6,21,3
607,2010,1,2010-01-14,SE,ROSES,Alt Emporda,1,0,1,0,2,1,0,0,0,1,0,0,0,100.0,0.0,0,2,No n'hi ha,-1.0,3,3,1,0,0,0,0,0,0,0,0,0,1,1,4,2,0,Atropellament,2,2,2,5,-1,2,1,10.35,0,3,3,14,1
608,2010,1,2010-09-04,SE,BARCELONA,Barcelones,3,1,0,0,1,0,0,0,1,0,0,0,0,100.0,0.0,0,-1,No n'hi ha,-1.0,3,3,0,0,0,0,0,0,0,0,0,0,0,1,4,3,0,Caiguda en la via,2,2,2,5,-1,2,0,12.54,0,0,5,4,9
609,2010,0,2010-08-13,C-14,BASSELLA,Alt Urgell,2,1,2,3,2,0,0,0,0,2,0,0,0,100.0,0.0,0,3,No n'hi ha,-1.0,3,3,0,0,0,0,0,0,0,0,0,0,0,0,4,-1,1,Col·lisió frontal,-1,1,2,4,2,2,1,9.07,0,2,4,13,8
610,2010,0,2010-03-31,AP-7,RODA DE BARA,Tarragones,0,0,1,3,1,0,0,0,0,1,0,0,0,100.0,0.0,0,2,No n'hi ha,-1.0,3,3,1,0,0,0,0,0,0,0,0,0,0,0,4,-1,1,Altres,-1,1,2,4,1,2,1,16.48,1,5,2,31,3
611,2010,0,2010-07-30,SE,TORTOSA,Baix Ebre,0,0,1,0,2,0,0,0,0,2,0,0,0,60.0,0.0,0,2,No n'hi ha,-1.0,3,3,1,0,0,0,0,0,0,0,0,0,0,2,4,5,1,Envestida (frontal lateral),1,1,2,3,0,2,1,8.05,0,2,4,30,7
612,2010,1,2010-08-21,SE,SALOU,Tarragones,0,0,1,1,1,0,0,0,0,1,0,0,0,100.0,0.0,0,0,No n'hi ha,-1.0,3,3,1,0,0,0,0,0,0,0,0,0,0,1,0,-1,0,Resta sortides de via,0,2,2,5,-1,2,0,5.4,2,1,5,21,8
613,2010,0,2010-08-06,C-55,CALLUS,Bages,3,1,4,0,2,0,0,0,0,2,0,0,0,100.0,0.0,0,0,No n'hi ha,-1.0,3,3,0,0,0,0,0,0,0,0,0,0,0,0,4,-1,1,Envestida (frontal lateral),-1,1,2,4,2,2,0,15.57,1,2,4,6,8
614,2010,1,2010-12-10,SE,SABADELL,Valles Occidental,3,0,1,1,7,2,0,0,0,5,0,0,0,100.0,0.0,0,-1,No n'hi ha,-1.0,3,3,1,0,0,0,0,0,0,0,0,0,0,0,4,-1,-1,Xoc contra objecte/obstacle sense sortida prèvia de via,-1,2,2,5,-1,2,1,14.1,1,4,4,10,12
615,2010,0,2010-05-17,C-60,ARGENTONA,Maresme,3,0,1,0,1,0,0,0,1,0,0,0,0,120.0,0.0,0,-1,No n'hi ha,-1.0,3,3,1,-1,0,0,0,-1,0,0,0,0,-1,0,1,-1,1,Caiguda en la via,-1,1,2,1,2,2,1,20.05,1,0,0,17,5
616,2010,0,2010-09-18,N-II,ARENYS DE MAR,Maresme,3,0,2,1,2,0,0,0,0,2,0,0,0,100.0,0.0,0,-1,No n'hi ha,-1.0,3,3,1,0,0,0,0,0,0,0,0,0,0,0,4,-1,-1,Col·lisió frontal,-1,1,2,4,-1,2,0,2.48,2,2,5,18,9
617,2010,1,2010-06-04,SE,BARCELONA,Barcelones,3,0,1,0,2,1,0,0,0,1,0,0,0,100.0,0.0,0,-1,No n'hi ha,-1.0,3,3,1,0,0,0,0,0,0,0,0,0,0,1,4,3,1,Atropellament,2,2,2,5,-1,2,1,7.32,0,3,4,4,6
618,2010,1,2010-07-04,SE,BARCELONA,Barcelones,3,0,1,3,3,2,0,1,0,0,0,0,0,100.0,0.0,0,-1,No n'hi ha,-1.0,3,3,1,0,0,0,0,0,0,0,0,0,0,1,5,3,1,Atropellament,2,2,2,5,-1,2,0,23.0,2,3,6,4,7
619,2010,1,2010-08-26,SE,BARCELONA,Barcelones,3,0,4,0,2,0,0,0,0,2,0,0,0,100.0,0.0,0,-1,No n'hi ha,-1.0,3,3,1,0,0,0,0,0,0,0,0,0,0,1,4,3,1,Xoc contra objecte/obstacle sense sortida prèvia de via,1,2,2,5,-1,2,1,16.3,1,4,3,26,8
620,2010,0,2010-10-25,SE,FORNELLS DE LA SELVA,Girones,1,0,1,0,2,0,0,0,1,1,0,0,0,40.0,0.0,0,2,No n'hi ha,-1.0,3,3,1,0,0,0,0,0,0,0,0,0,0,1,4,4,1,Fregament o col·lisió lateral,2,1,2,3,0,2,1,11.47,0,2,0,25,10
621,2010,1,2010-02-28,SE,TARRAGONA,Tarragones,0,0,1,0,2,1,0,0,1,0,0,0,0,100.0,0.0,0,2,No n'hi ha,-1.0,3,3,1,0,0,0,0,0,0,0,0,0,0,2,4,-1,0,Caiguda en la via,2,2,2,5,-1,2,0,14.0,1,0,6,28,2
622,2010,1,2010-10-28,SE,VILADECANS,Baix Llobregat,3,0,1,0,2,1,0,0,0,1,0,0,0,20.0,0.0,0,-1,No n'hi ha,-1.0,3,3,1,-1,0,0,0,-1,0,0,0,0,-1,1,4,2,0,Atropellament,2,2,2,5,-1,2,1,16.2,1,3,3,28,10
623,2010,0,2010-02-07,C-31,HOSPITALET DE LLOBREGAT,Barcelones,3,0,1,0,2,0,0,1,0,1,0,0,0,100.0,0.0,0,3,No n'hi ha,-1.0,3,3,1,0,0,0,0,0,0,0,0,0,0,0,1,-1,1,Encalç,-1,1,2,4,2,2,0,18.5,1,2,6,7,2
624,2010,0,2010-05-23,GI-660,"BISBAL D'EMPORDA, LA",Baix Emporda,1,0,2,1,1,0,0,0,0,1,0,0,0,100.0,0.0,0,3,No n'hi ha,-1.0,3,3,1,0,0,0,0,0,0,0,0,0,0,0,4,-1,1,Resta sortides de via,-1,1,2,4,3,2,0,19.06,1,1,6,23,5
625,2010,0,2010-10-06,TV-3421,ROQUETES,Baix Ebre,0,0,1,0,2,0,1,0,0,1,0,0,0,100.0,0.0,0,2,No n'hi ha,-1.0,3,3,1,0,0,0,0,0,1,0,0,0,0,1,4,4,1,Fregament o col·lisió lateral,0,1,2,4,3,2,1,8.36,0,2,2,6,10
626,2010,1,2010-11-02,SE,SANTA PERPETUA DE MO,Valles Occidental,3,0,1,0,2,0,0,0,1,1,0,0,0,100.0,0.0,0,2,No n'hi ha,-1.0,3,3,1,0,0,0,0,0,0,0,0,0,0,2,4,2,1,Fregament o col·lisió lateral,1,2,2,5,-1,2,1,13.4,0,2,1,2,11
627,2010,1,2010-09-26,SE,CASTELLDEFELS,Baix Llobregat,3,0,1,0,2,0,0,0,1,1,0,0,0,30.0,0.0,0,2,No n'hi ha,-1.0,3,3,1,0,0,0,0,0,0,0,0,0,0,0,1,-1,1,Envestida (frontal lateral),-1,2,2,5,-1,2,0,20.05,1,2,6,26,9
628,2010,1,2010-06-24,SE,VILAFRANCA DEL PENEDES,Alt Penedes,3,0,1,0,2,0,0,1,0,1,0,0,0,20.0,0.0,0,2,No n'hi ha,-1.0,3,3,1,-1,0,0,0,-1,0,0,0,0,0,1,4,5,-1,Envestida (frontal lateral),3,2,2,5,-1,2,1,21.24,1,2,3,24,6
629,2010,0,2010-08-28,AP-7,MONTORNES DEL VALLES,Valles Oriental,3,0,1,5,6,0,0,0,1,5,0,0,0,100.0,0.0,0,3,No n'hi ha,-1.0,3,3,1,0,0,0,0,0,0,0,0,0,0,0,5,-1,1,Col·lisió frontal,-1,1,2,4,1,2,0,21.44,1,2,5,28,8
630,2010,1,2010-02-22,SE,BANYOLES,Pla de l'Estany,1,0,1,0,2,0,1,0,0,1,0,0,0,30.0,0.0,0,2,No n'hi ha,-1.0,3,3,1,0,0,0,0,0,0,0,0,0,0,1,4,5,0,Envestida (frontal lateral),2,2,2,5,-1,2,1,8.45,0,2,0,22,2
631,2010,1,2010-07-17,SE,MOLLET DEL VALLES,Valles Oriental,3,0,1,1,2,0,0,0,0,2,0,0,0,100.0,0.0,0,2,No n'hi ha,-1.0,3,3,1,0,0,0,0,0,0,0,0,0,0,1,5,3,1,Envestida (frontal lateral),2,2,2,5,-1,0,0,22.23,2,2,5,17,7
632,2010,0,2010-10-25,C-59,CALDES DE MONTBUI,Valles Oriental,3,0,1,0,2,0,0,0,1,1,0,0,0,60.0,0.0,0,3,No n'hi ha,-1.0,3,3,1,0,0,0,0,0,0,0,0,0,0,1,4,4,1,Envestida (frontal lateral),1,1,2,4,2,2,1,15.29,1,2,0,25,10
633,2010,0,2010-08-19,BV-1602,LLICA D'AMUNT,Valles Oriental,3,0,2,0,3,0,2,0,0,1,0,0,0,50.0,0.0,0,2,No n'hi ha,-1.0,3,3,1,0,1,0,0,0,0,0,0,0,1,1,4,4,1,Envestida (frontal lateral),1,1,2,4,3,2,1,17.4,1,2,3,19,8
634,2010,0,2010-06-16,C-243B,SUBIRATS,Alt Penedes,3,0,3,0,2,0,0,0,0,2,0,0,0,100.0,0.0,0,1,No n'hi ha,-1.0,3,3,1,0,1,0,0,0,0,0,0,0,0,0,4,-1,1,Col·lisió frontal,-1,1,2,4,2,2,1,13.41,0,2,2,16,6
635,2010,0,2010-01-22,C-35,SANT FELIU DE BUIXALLEU,Selva,1,0,2,2,4,0,0,0,0,3,1,0,0,60.0,0.0,0,2,No n'hi ha,0.0,3,3,1,0,0,0,0,0,0,0,0,0,0,0,4,-1,1,Encalç,-1,1,2,4,2,2,0,16.15,1,2,4,22,1
636,2010,1,2010-07-03,SE,VIC,Osona,3,0,1,1,2,0,0,0,1,1,0,0,0,100.0,0.0,0,2,No n'hi ha,-1.0,3,3,1,0,0,0,0,0,0,0,0,0,0,1,4,4,1,Envestida (frontal lateral),1,2,2,5,0,2,0,10.4,0,2,5,3,7
637,2010,0,2010-02-15,L-310,TORREFETA I FLOREJACS,Segarra,2,0,1,4,1,0,0,0,0,1,0,0,0,100.0,0.0,0,1,No n'hi ha,-1.0,3,3,1,0,0,0,0,0,0,0,0,0,0,0,3,-1,1,Xoc contra objecte/obstacle sense sortida prèvia de via,-1,1,2,4,2,2,1,1.41,2,4,0,15,2
638,2010,1,2010-03-26,SE,REUS,Baix Camp,0,0,1,0,1,0,0,0,1,0,0,0,0,100.0,0.0,0,-1,No n'hi ha,-1.0,3,3,1,0,0,0,0,0,0,0,0,0,0,0,4,-1,1,Caiguda en la via,-1,2,2,5,-1,2,0,17.25,1,0,4,26,3
639,2010,0,2010-02-15,SE,SANTA COLOMA DE FARNERS,Selva,1,0,1,0,2,0,0,1,0,1,0,0,0,30.0,0.0,0,2,No n'hi ha,-1.0,1,3,1,0,0,0,0,0,0,0,0,0,0,0,5,-1,1,Envestida (frontal lateral),-1,1,0,3,0,2,1,19.2,1,2,0,15,2
640,2010,1,2010-01-31,SE,MANRESA,Bages,3,0,1,0,2,1,0,0,0,1,0,0,0,100.0,0.0,0,2,No n'hi ha,-1.0,3,3,1,0,0,0,0,0,0,0,0,0,0,0,5,-1,1,Atropellament,-1,2,2,5,-1,2,0,20.55,1,3,6,31,1
641,2010,1,2010-08-08,SE,SANT VICENC DELS HORTS,Baix Llobregat,3,0,2,1,1,0,0,0,0,1,0,0,0,20.0,0.0,0,3,No n'hi ha,-1.0,3,3,1,-1,1,0,0,-1,0,0,0,0,0,0,4,-1,1,Xoc contra objecte/obstacle sense sortida prèvia de via,-1,2,2,5,-1,2,0,18.2,1,4,6,8,8
642,2010,1,2010-05-29,SE,TERRASSA,Valles Occidental,3,0,1,0,2,0,0,0,1,1,0,0,0,100.0,0.0,0,2,No n'hi ha,-1.0,3,3,1,0,0,0,0,0,0,0,0,0,0,1,4,4,0,Envestida (frontal lateral),2,2,2,5,-1,2,0,8.2,0,2,5,29,5
643,2010,0,2010-08-03,A-2,SANT ANFREU DE LA BARCA,Baix Llobregat,3,0,1,0,2,0,0,0,0,2,0,0,0,120.0,0.0,0,2,Carril acceleració,-1.0,3,3,1,0,0,0,0,0,0,0,0,0,0,0,4,-1,1,Xoc contra objecte/obstacle sense sortida prèvia de via,-1,1,2,4,1,2,1,9.06,0,4,1,3,8
644,2010,1,2010-07-20,SE,BADALONA,Barcelones,3,0,1,0,2,0,0,0,1,1,0,0,0,100.0,0.0,0,-1,No n'hi ha,-1.0,3,3,1,0,0,0,0,0,0,0,0,0,1,1,4,2,0,Envestida (frontal lateral),2,2,2,5,-1,2,1,13.4,0,2,1,20,7
645,2010,0,2010-07-27,N-II,VIDRERES,Selva,1,0,2,4,3,0,0,0,0,2,1,0,0,100.0,0.0,0,2,Carril acceleració,-1.0,3,3,1,0,0,0,0,0,0,0,0,0,0,2,4,4,1,Envestida (frontal lateral),3,1,2,4,1,2,1,11.1,0,2,1,27,7
646,2010,0,2010-06-02,C-243C,CASTELLBISBAL,Valles Occidental,3,0,1,0,2,0,0,0,0,2,0,0,0,50.0,0.0,0,3,No n'hi ha,-1.0,3,3,1,0,0,0,0,0,0,0,0,0,0,1,4,4,1,Envestida (frontal lateral),1,1,2,4,3,2,1,16.09,1,2,2,2,6
647,2010,0,2010-12-22,SE,CABRERA DE MAR,Maresme,3,0,1,0,2,0,0,1,0,1,0,0,0,100.0,0.0,0,2,No n'hi ha,-1.0,3,3,1,0,0,0,0,0,0,0,0,0,0,0,0,-1,1,Fregament o col·lisió lateral,-1,1,2,3,0,2,1,18.09,1,2,2,22,12
648,2010,1,2010-04-10,SE,BARCELONA,Barcelones,3,0,1,0,2,0,0,0,1,1,0,0,0,100.0,0.0,0,-1,Carril bici,-1.0,3,3,1,0,0,0,0,0,0,0,0,0,0,1,5,3,1,Envestida (frontal lateral),2,2,2,5,-1,2,0,21.4,1,2,5,10,4
649,2010,0,2010-04-05,C-31,GAVA,Baix Llobregat,3,0,1,0,2,0,1,0,0,1,0,0,0,80.0,0.0,0,2,No n'hi ha,1.0,3,3,1,0,0,0,0,0,0,0,0,0,0,0,4,-1,1,Encalç,-1,1,2,4,2,2,1,11.22,0,2,0,5,4
650,2010,1,2010-01-11,SE,BARCELONA,Barcelones,3,0,1,0,2,1,0,0,0,0,1,0,0,100.0,0.0,0,-1,Carril bus,-1.0,3,3,1,0,0,0,0,0,0,0,0,0,0,1,5,3,1,Atropellament,1,2,2,5,-1,2,1,18.3,1,3,0,11,1
651,2010,1,2010-09-18,SE,MONTGAT,Maresme,3,0,1,0,2,0,0,1,0,1,0,0,0,40.0,0.0,0,-1,No n'hi ha,-1.0,3,3,1,-1,0,0,0,-1,0,0,0,0,0,1,5,3,1,Fregament o col·lisió lateral,1,2,2,5,-1,2,0,23.0,2,2,5,18,9
652,2010,0,2010-04-09,GI-531,SANT GREGORI,Girones,1,0,1,0,2,0,0,0,1,1,0,0,0,60.0,0.0,0,2,No n'hi ha,-1.0,3,3,1,0,0,0,0,0,0,0,0,0,0,0,4,-1,1,Fregament o col·lisió lateral,-1,1,2,4,3,2,1,9.21,0,2,4,9,4
653,2010,0,2010-07-04,C-31,TORROELLA DE FLUVIA,Alt Emporda,1,0,2,2,4,0,0,0,4,0,0,0,0,100.0,0.0,0,3,Carril acceleració,-1.0,2,3,1,0,0,0,1,0,0,0,0,0,0,0,2,-1,1,Encalç,-1,1,0,4,2,2,0,9.0,0,2,6,4,7
654,2010,1,2010-01-27,SE,VALLS,Alt Camp,0,0,1,0,2,1,0,0,0,1,0,0,0,100.0,0.0,0,-1,No n'hi ha,-1.0,3,3,1,0,0,0,0,0,0,0,0,0,0,0,4,-1,-1,Atropellament,-1,2,2,5,-1,2,1,11.0,0,3,2,27,1
655,2010,1,2010-01-02,SE,SANT BOI DE LLOBREGAT,Baix Llobregat,3,0,1,0,2,0,0,0,1,1,0,0,0,100.0,0.0,0,-1,No n'hi ha,-1.0,3,3,1,0,0,0,0,0,0,0,0,0,0,0,4,-1,-1,Envestida (frontal lateral),-1,2,2,5,-1,2,0,11.25,0,2,5,2,1
656,2010,0,2010-12-28,SE,CABANES,Alt Emporda,1,1,0,0,2,0,0,0,0,2,0,0,0,100.0,0.0,0,2,No n'hi ha,-1.0,3,3,0,0,0,0,0,0,0,0,0,0,0,0,5,-1,1,Xoc contra objecte/obstacle sense sortida prèvia de via,-1,1,2,3,0,2,1,2.4,2,4,1,28,12
657,2010,0,2010-04-07,AP-2,"PAPIOL, EL",Baix Llobregat,3,0,1,2,3,0,0,0,0,2,1,0,0,120.0,0.0,0,2,No n'hi ha,-1.0,3,3,1,0,0,0,0,0,0,0,0,0,0,0,4,-1,0,Encalç,-1,1,2,4,1,2,1,9.3,0,2,2,7,4
658,2010,1,2010-10-19,SE,FRANQUESES DEL VALLE,Valles Oriental,3,0,1,0,2,0,0,0,1,1,0,0,0,100.0,0.0,0,-1,No n'hi ha,-1.0,3,3,1,0,0,0,0,0,0,0,0,0,0,0,4,-1,-1,Envestida (frontal lateral),-1,2,2,5,-1,2,1,17.0,1,2,1,19,10
659,2010,0,2010-01-26,C-31,CALAFELL,Baix Penedes,0,0,1,0,2,0,0,1,0,1,0,0,0,40.0,0.0,0,2,No n'hi ha,-1.0,3,3,1,-1,0,0,0,-1,0,0,0,0,-1,2,4,5,1,Fregament o col·lisió lateral,0,1,2,4,2,2,1,13.23,0,2,1,26,1
660,2010,0,2010-08-18,AP-7,"ROCA DEL VALLES, LA",Valles Oriental,3,0,1,1,2,0,0,0,2,0,0,0,0,100.0,0.0,0,3,No n'hi ha,-1.0,3,3,1,0,0,0,0,0,0,0,0,0,0,1,4,-1,1,Fregament o col·lisió lateral,3,1,2,4,1,2,1,18.2,1,2,2,18,8
661,2010,0,2010-04-27,SE,GRANOLLERS,Valles Oriental,3,0,1,0,2,0,0,1,0,1,0,0,0,100.0,0.0,0,2,No n'hi ha,-1.0,3,3,1,0,0,0,0,0,0,0,0,0,0,1,4,4,0,Envestida (frontal lateral),0,1,2,3,0,2,1,18.4,1,2,1,27,4
662,2010,1,2010-07-22,SE,BARCELONA,Barcelones,3,0,1,1,2,0,0,0,0,1,0,1,0,100.0,0.0,0,-1,No n'hi ha,-1.0,3,3,1,0,0,0,0,0,0,0,0,0,0,1,4,3,1,Envestida (frontal lateral),2,2,2,5,-1,2,1,16.45,1,2,3,22,7
663,2010,1,2010-07-19,SE,LLEIDA,Segria,2,0,1,0,2,0,0,0,0,1,1,0,0,100.0,0.0,0,-1,No n'hi ha,-1.0,3,3,1,0,0,0,0,0,0,0,0,0,0,1,4,4,-1,Envestida (frontal lateral),2,2,2,5,-1,2,1,20.1,1,2,0,19,7
665,2010,1,2010-12-03,SE,BADALONA,Barcelones,3,0,1,0,2,0,0,0,1,1,0,0,0,100.0,0.0,0,-1,No n'hi ha,-1.0,3,3,1,0,0,0,0,0,0,0,0,0,1,1,4,3,0,Envestida (frontal lateral),2,2,2,5,-1,2,1,13.51,0,2,4,3,12
666,2010,1,2010-04-08,SE,LLEIDA,Segria,2,0,2,0,2,0,0,1,1,0,0,0,0,100.0,0.0,0,2,No n'hi ha,-1.0,3,3,1,0,0,0,0,0,0,0,0,0,0,0,4,-1,1,Envestida (frontal lateral),-1,2,2,5,-1,2,1,10.05,0,2,3,8,4
667,2010,0,2010-06-12,C-16,SANT CUGAT DEL VALLES,Valles Occidental,3,1,3,0,1,0,0,0,0,1,0,0,0,110.0,0.0,0,0,No n'hi ha,-1.0,3,3,0,0,0,0,0,0,0,0,0,0,0,0,4,-1,1,Resta sortides de via,-1,1,2,4,2,2,0,20.21,1,1,5,12,6
668,2010,1,2010-12-07,SE,BARCELONA,Barcelones,3,0,1,0,2,0,0,0,1,0,1,0,0,100.0,0.0,0,-1,No n'hi ha,4.0,3,3,1,0,0,0,0,0,0,0,0,0,0,1,4,3,1,Envestida (frontal lateral),2,2,2,5,-1,2,1,11.4,0,2,1,7,12
669,2010,0,2010-02-09,N-141e,BESCANO,Girones,1,1,0,0,2,1,0,0,0,1,0,0,0,60.0,0.0,0,1,No n'hi ha,0.0,3,3,0,0,0,0,1,0,0,0,0,0,0,0,4,-1,1,Atropellament,-1,1,2,4,1,2,1,20.15,1,3,1,9,2
670,2010,1,2010-01-27,SE,ARTES,Bages,3,0,1,1,2,0,0,1,0,1,0,0,0,40.0,0.0,0,2,No n'hi ha,-1.0,3,3,1,0,0,0,1,0,0,0,0,0,0,1,4,4,1,Envestida (frontal lateral),1,2,2,5,-1,2,1,17.08,1,2,2,27,1
671,2010,1,2010-06-21,SE,TERRASSA,Valles Occidental,3,0,1,0,2,1,0,0,0,1,0,0,0,100.0,0.0,0,-1,No n'hi ha,-1.0,3,3,1,0,0,0,0,0,0,0,0,0,0,0,4,-1,-1,Atropellament,-1,2,2,5,-1,2,1,18.5,1,3,0,21,6
672,2010,1,2010-08-29,B-224,SANT ESTEVE SESROVIRES,Baix Llobregat,3,0,1,1,2,0,0,0,0,2,0,0,0,70.0,0.0,0,2,No n'hi ha,-1.0,3,1,1,0,0,0,0,0,0,0,0,0,0,0,3,-1,1,Envestida (frontal lateral),-1,0,2,4,2,2,0,5.45,2,2,6,29,8
673,2010,1,2010-04-07,SE,BARCELONA,Barcelones,3,1,0,1,2,0,0,0,1,1,0,0,0,100.0,0.0,0,-1,No n'hi ha,-1.0,3,3,0,0,0,0,0,0,0,0,0,0,0,1,5,3,0,Envestida (frontal lateral),2,2,2,5,-1,2,1,5.5,2,2,2,7,4
674,2010,1,2010-04-28,SE,TERRASSA,Valles Occidental,3,0,1,0,2,0,0,1,0,1,0,0,0,100.0,0.0,0,-1,No n'hi ha,-1.0,3,3,1,0,0,0,0,0,0,0,0,0,0,0,4,-1,-1,Envestida (frontal lateral),-1,2,2,5,-1,2,1,7.35,0,2,2,28,4
675,2010,1,2010-07-20,SE,VILANOVA I LA GELTRU,Garraf,3,0,1,0,2,0,0,0,1,1,0,0,0,100.0,0.0,0,-1,No n'hi ha,-1.0,3,3,1,0,0,0,0,0,0,0,0,0,0,0,4,-1,-1,Envestida (frontal lateral),-1,2,2,5,-1,2,1,13.2,0,2,1,20,7
676,2010,1,2010-06-29,SE,MOLLET DEL VALLES,Valles Oriental,3,0,1,0,2,0,0,1,0,1,0,0,0,100.0,0.0,0,2,No n'hi ha,-1.0,3,3,1,0,0,0,0,0,0,0,0,0,0,2,5,4,1,Fregament o col·lisió lateral,2,2,2,5,-1,2,1,23.57,2,2,1,29,6
677,2010,0,2010-08-07,BV-2135,"TORRE DE CLARAMUNT,LA",Anoia,3,0,2,1,2,0,0,0,0,2,0,0,0,40.0,0.0,0,2,No n'hi ha,-1.0,3,3,1,0,0,0,0,0,0,0,0,0,0,0,4,-1,1,Col·lisió frontal,-1,1,2,4,0,2,0,11.3,0,2,5,7,8
678,2010,1,2010-02-12,SE,BARCELONA,Barcelones,3,0,1,0,2,0,0,0,1,1,0,0,0,100.0,0.0,0,-1,No n'hi ha,-1.0,3,3,1,0,0,0,0,0,0,0,0,0,1,1,4,2,1,Envestida (frontal lateral),1,2,2,5,-1,2,0,17.5,1,2,4,12,2