,Year,Area,Date,Road,Municipality Name,County Name,Province Name,Fatalties,Serious Injuries,Light Injuries,Units Involved,Pedestrains Involved,Bicycles Involved,Mopeds Involved,Motorcycles,Light Vehicles Involved,Heavy Vehicles Involved,Other Units Involved,Unspecified Units Involved,Road Speed Limit,Accident with Hit and Run,Fog Presence,Surrounding Environment,Special Lane Presence,Special Traffic Measures,Weather Conditions,Special Road Functions,Severity of Accident,Influence of Fog,Influence of Environment,Influence of Traffic,Influence of Weather,Influence of Wind Intensity,Influence of Lighting,Influence of Special Measures,Influence of Road Objects,Influence of Road Surface,Influence of Visibility,Intersection Characteristics,Lighting Conditions,Traffic Regulation and Priority,Direction of Road,Subtype of Accident,Subtype of Road Section,Subzone within Area,Road Surface Conditions,Type of Road,Road Ownership,Wind Conditions,Day of the Week Grouping,Hour of Day,Time of Day Grouping,Type of Accident,Day Type,Day,Month
679,2010,0,2010-10-14,B-23,SANT FELIU DE LLOBREGAT,Baix Llobregat,3,0,1,0,2,0,0,0,1,1,0,0,0,80.0,0.0,0,2,No n'hi ha,-1.0,3,3,1,0,0,1,0,0,0,0,0,0,0,0,4,-1,1,Fregament o col·lisió lateral,-1,1,2,4,1,2,1,7.59,0,2,3,14,10
680,2010,1,2010-12-27,SE,BARCELONA,Barcelones,3,0,1,0,2,0,0,0,1,1,0,0,0,100.0,0.0,0,-1,No n'hi ha,-1.0,3,3,1,0,0,0,0,0,0,0,0,0,0,1,4,3,1,Envestida (frontal lateral),2,2,2,5,-1,2,1,17.5,1,2,0,27,12
681,2010,1,2010-11-19,SE,ROQUETES,Baix Ebre,0,0,1,0,1,0,1,0,0,0,0,0,0,20.0,0.0,0,-1,No n'hi ha,-1.0,3,3,1,-1,0,0,0,-1,0,0,0,0,-1,0,4,-1,1,Caiguda en la via,-1,2,2,5,0,2,1,12.25,0,0,4,19,11
682,2010,0,2010-09-02,-GIP 5101.00,VILANANT,Alt Emporda,1,0,1,0,2,0,0,0,1,1,0,0,0,50.0,0.0,0,3,No n'hi ha,-1.0,3,3,1,0,0,0,0,0,0,0,0,0,0,2,4,-1,1,Col·lisió frontal,1,1,2,4,3,2,1,19.26,1,2,3,2,9
683,2010,0,2010-03-19,SE,SABADELL,Valles Occidental,3,0,1,2,2,0,0,1,0,1,0,0,0,30.0,0.0,0,2,No n'hi ha,-1.0,3,3,1,0,0,0,0,0,0,0,0,0,0,0,5,-1,1,Col·lisió frontal,-1,1,2,3,0,2,0,23.44,2,2,4,19,3
684,2010,1,2010-11-06,SE,LLEIDA,Segria,2,0,1,0,2,1,0,0,0,1,0,0,0,100.0,0.0,0,-1,No n'hi ha,-1.0,3,3,1,0,0,0,0,0,0,0,0,0,0,0,4,-1,-1,Atropellament,-1,2,2,5,-1,2,0,12.45,0,3,5,6,11
685,2010,0,2010-02-08,SE,REUS,Baix Camp,0,0,1,0,2,1,0,0,0,1,0,0,0,100.0,0.0,0,-1,No n'hi ha,-1.0,3,3,1,0,0,0,0,0,0,0,0,0,0,0,4,-1,-1,Atropellament,-1,1,2,3,-1,2,1,10.4,0,3,0,8,2
686,2010,1,2010-04-27,SE,BARCELONA,Barcelones,3,1,0,2,2,0,0,0,1,1,0,0,0,100.0,0.0,0,-1,No n'hi ha,-1.0,3,3,0,0,0,0,0,0,0,0,0,0,0,1,4,3,0,Envestida (frontal lateral),2,2,2,5,-1,2,1,8.45,0,2,1,27,4
687,2010,1,2010-03-17,SE,CABRERA DE MAR,Maresme,3,0,1,0,2,1,0,0,0,0,1,0,0,30.0,0.0,0,2,No n'hi ha,-1.0,3,3,1,0,0,0,0,0,0,0,0,0,0,0,1,-1,1,Atropellament,-1,2,2,5,-1,2,1,18.1,1,3,2,17,3
688,2010,0,2010-09-13,C-352,CANOVELLES,Valles Oriental,3,0,1,0,2,0,1,0,0,1,0,0,0,40.0,0.0,0,2,No n'hi ha,-1.0,3,0,1,0,0,0,0,0,0,0,0,0,0,1,5,4,1,Fregament o col·lisió lateral,0,1,2,4,2,2,1,21.3,1,2,0,13,9
689,2010,0,2010-03-25,AP-7,FREGINALS,Montsia,0,0,1,0,1,0,0,0,0,0,1,0,0,100.0,0.0,0,0,No n'hi ha,-1.0,3,3,1,0,0,0,0,0,0,0,0,0,0,0,4,-1,1,Resta sortides de via,-1,1,2,4,4,2,1,9.15,0,1,3,25,3
690,2010,0,2010-07-21,C-65,CASSA DE LA SELVA,Girones,1,1,0,1,2,0,0,0,0,1,1,0,0,100.0,0.0,0,2,No n'hi ha,-1.0,3,3,0,0,0,0,0,0,0,0,0,0,0,0,4,-1,1,Col·lisió frontal,-1,1,2,4,2,2,1,7.0,0,2,2,21,7
691,2010,1,2010-10-01,SE,LLEIDA,Segria,2,0,1,0,2,1,0,0,0,1,0,0,0,100.0,0.0,0,-1,No n'hi ha,-1.0,3,3,1,0,0,0,0,0,0,0,0,0,0,0,5,-1,1,Atropellament,-1,2,2,5,-1,2,0,20.0,1,3,4,1,10
692,2010,1,2010-01-07,SE,MATARO,Maresme,3,0,1,0,2,1,0,0,0,1,0,0,0,20.0,0.0,0,3,No n'hi ha,-1.0,1,3,1,-1,0,0,0,0,0,0,0,0,-1,0,5,-1,0,Atropellament,-1,2,0,5,-1,0,1,20.3,1,3,3,7,1
693,2010,0,2010-04-09,C-31,MATARO,Maresme,3,0,1,0,1,0,0,0,1,0,0,0,0,50.0,0.0,0,2,No n'hi ha,-1.0,3,3,1,-1,0,0,0,-1,0,0,0,0,-1,0,4,-1,0,Xoc contra objecte/obstacle sense sortida prèvia de via,-1,1,2,2,2,2,1,14.3,1,4,4,9,4
694,2010,0,2010-04-24,AP-7,FOGARS DE TORDERA,Selva,3,0,1,1,2,0,0,0,0,0,2,0,0,100.0,0.0,0,2,No n'hi ha,-1.0,3,3,1,0,0,0,0,0,0,0,0,0,0,0,3,-1,1,Encalç,-1,1,2,4,4,2,0,5.1,2,2,5,24,4
695,2010,1,2010-03-24,SE,BARCELONA,Barcelones,3,0,1,0,2,1,0,0,0,1,0,0,0,100.0,0.0,0,-1,No n'hi ha,-1.0,3,3,1,0,0,0,0,0,0,0,0,0,0,0,4,-1,1,Atropellament,-1,2,2,5,-1,2,1,18.0,1,3,2,24,3
696,2010,0,2010-02-10,SE,GAVA,Baix Llobregat,3,0,1,0,2,0,1,0,0,1,0,0,0,80.0,0.0,0,2,Habilitació voral/carril addicional,-1.0,3,3,1,0,0,0,0,0,0,0,0,0,0,0,4,-1,1,Encalç,-1,1,2,3,2,2,1,11.0,0,2,2,10,2
697,2010,1,2010-03-30,SE,VIC,Osona,3,0,1,0,2,1,0,0,0,1,0,0,0,100.0,0.0,0,2,No n'hi ha,0.0,3,3,1,0,0,0,0,0,0,0,0,0,0,0,4,-1,0,Atropellament,-1,2,2,5,-1,0,1,12.15,0,3,1,30,3
698,2010,0,2010-07-08,B-20,ESPLUGUES DE LLOBREGAT,Baix Llobregat,3,0,1,0,1,0,0,0,0,0,0,1,0,100.0,0.0,0,1,No n'hi ha,-1.0,3,3,1,0,0,1,0,0,0,0,0,0,0,2,4,-1,0,Caiguda en la via,3,1,2,4,1,2,1,18.0,1,0,3,8,7
699,2010,0,2010-11-10,SE,TARRAGONA,Tarragones,0,0,1,0,2,0,0,1,0,1,0,0,0,100.0,0.0,0,2,No n'hi ha,-1.0,3,3,1,0,0,0,0,0,0,0,0,0,0,1,5,5,0,Fregament o col·lisió lateral,0,1,2,3,1,2,1,19.15,1,2,2,10,11
700,2010,1,2010-03-30,SE,BADALONA,Barcelones,3,2,1,2,2,0,0,0,0,1,0,1,0,100.0,0.0,0,-1,No n'hi ha,-1.0,3,3,0,0,0,0,0,0,0,0,0,0,1,0,5,-1,0,Envestida (frontal lateral),-1,2,2,5,-1,2,1,0.28,2,2,1,30,3
701,2010,1,2010-03-02,SE,BARCELONA,Barcelones,3,0,1,0,2,0,0,1,0,1,0,0,0,100.0,0.0,0,-1,No n'hi ha,-1.0,3,3,1,0,0,0,0,0,0,0,0,0,1,1,5,3,0,Fregament o col·lisió lateral,2,2,2,5,-1,2,1,18.45,1,2,1,2,3
702,2010,1,2010-07-09,SE,"PRAT DE LLOBREGAT, E",Baix Llobregat,3,0,1,0,2,0,0,0,1,0,1,0,0,100.0,0.0,0,2,No n'hi ha,-1.0,3,3,1,0,0,0,0,0,0,0,0,0,0,0,4,-1,0,Xoc contra objecte/obstacle sense sortida prèvia de via,-1,2,2,5,-1,2,0,18.5,1,4,4,9,7
703,2010,1,2010-03-12,SE,VIC,Osona,3,0,1,0,2,1,0,0,0,1,0,0,0,100.0,0.0,0,-1,No n'hi ha,-1.0,3,3,1,0,0,0,0,0,0,0,0,0,0,0,4,-1,-1,Atropellament,-1,2,2,5,-1,2,0,17.15,1,3,4,12,3
704,2010,1,2010-11-22,SE,SABADELL,Valles Occidental,3,0,1,0,2,0,1,0,0,1,0,0,0,100.0,0.0,0,-1,No n'hi ha,-1.0,3,3,1,0,0,0,0,0,0,0,0,0,0,0,4,-1,-1,Envestida (frontal lateral),-1,2,2,5,-1,2,1,12.04,0,2,0,22,11
705,2010,1,2010-04-08,SE,TERRASSA,Valles Occidental,3,0,1,0,3,0,0,0,1,2,0,0,0,100.0,0.0,0,2,No n'hi ha,-1.0,3,3,1,0,0,0,0,0,0,0,0,0,1,1,4,4,0,Envestida (frontal lateral),2,2,2,5,-1,2,1,2.0,2,2,3,8,4
706,2010,0,2010-10-10,C-58,VILADECAVALLS,Valles Occidental,3,1,4,1,2,0,0,0,0,2,0,0,0,80.0,0.0,0,3,Carril lent,-1.0,3,3,0,0,0,0,0,0,0,0,0,0,0,0,2,-1,1,Envestida (frontal lateral),-1,1,2,4,2,2,0,14.14,1,2,6,10,10
707,2010,0,2010-11-20,C-1413a,"PAPIOL, EL",Baix Llobregat,3,1,0,1,3,0,0,0,1,2,0,0,0,100.0,0.0,0,2,No n'hi ha,-1.0,3,3,0,0,0,0,0,0,0,0,0,0,0,0,3,-1,1,Xoc contra objecte/obstacle sense sortida prèvia de via,-1,1,2,4,2,2,0,23.22,2,4,5,20,11
708,2010,0,2010-09-24,A-2,CASTELLBISBAL,Valles Occidental,3,0,1,0,2,0,0,0,0,2,0,0,0,100.0,0.0,0,2,No n'hi ha,-1.0,3,3,1,0,0,0,0,0,0,0,0,0,0,0,5,-1,1,Fregament o col·lisió lateral,-1,1,2,4,1,2,1,6.1,0,2,4,24,9
709,2010,0,2010-04-25,BV-5159,VILANOVA DEL VALLES,Valles Oriental,3,1,1,2,3,0,0,0,0,3,0,0,0,100.0,0.0,0,1,No n'hi ha,-1.0,3,3,0,0,0,0,0,0,0,0,0,0,1,0,4,-1,1,Col·lisió frontal,-1,1,2,4,3,2,0,18.0,1,2,6,25,4
710,2010,0,2010-09-12,N-260,VILANANT,Alt Emporda,1,0,1,0,1,0,0,0,0,1,0,0,0,80.0,0.0,0,2,No n'hi ha,-1.0,3,3,1,0,0,0,0,0,0,0,0,0,0,0,4,-1,1,Sortida de via amb xoc o col·lisió,-1,1,2,4,1,2,0,8.28,0,1,6,12,9
711,2010,0,2010-05-17,C-17,"LLOSSES, LES",Ripolles,1,0,1,0,3,0,0,0,0,1,2,0,0,40.0,0.0,0,3,No n'hi ha,0.0,3,3,1,0,0,0,0,0,0,0,0,0,0,0,4,-1,1,Col·lisió frontal,-1,1,2,4,2,2,1,17.29,1,2,0,17,5
712,2010,0,2010-02-16,SE,MASSANES,Selva,1,0,1,0,1,0,0,0,0,1,0,0,0,100.0,0.0,0,3,No n'hi ha,-1.0,1,3,1,0,0,0,0,0,0,0,0,0,0,0,4,-1,1,Xoc contra objecte/obstacle sense sortida prèvia de via,-1,1,0,3,0,2,1,17.14,1,4,1,16,2
713,2010,0,2010-04-30,LV-7046,ALMATRET,Segria,2,1,2,2,1,0,0,0,0,1,0,0,0,100.0,0.0,0,1,No n'hi ha,-1.0,3,3,0,0,0,0,0,0,0,1,0,0,0,0,4,-1,1,Resta sortides de via,-1,1,2,4,3,1,1,11.53,0,1,4,30,4
714,2010,0,2010-10-03,N-II,BIURE,Alt Emporda,1,0,1,5,4,0,0,0,0,4,0,0,0,80.0,0.0,0,3,No n'hi ha,-1.0,3,3,1,0,0,0,0,0,0,0,0,0,0,0,4,-1,1,Col·lisió frontal,-1,1,2,4,1,2,0,8.5,0,2,6,3,10
715,2010,0,2010-07-25,TV-3022,"PERELLO, EL",Baix Ebre,0,0,2,4,2,0,0,0,0,2,0,0,0,100.0,0.0,0,0,No n'hi ha,-1.0,3,3,1,0,0,0,0,0,1,0,0,0,0,0,3,-1,1,Col·lisió frontal,-1,1,2,4,3,2,0,23.11,2,2,6,25,7
716,2010,1,2010-03-22,SE,TERRASSA,Valles Occidental,3,0,1,0,2,0,0,0,1,1,0,0,0,100.0,0.0,0,-1,No n'hi ha,-1.0,3,3,1,0,0,0,0,0,0,0,0,0,0,0,4,-1,-1,Envestida (frontal lateral),-1,2,2,5,-1,2,1,10.25,0,2,0,22,3
717,2010,1,2010-12-16,SE,SANT BOI DE LLOBREGAT,Baix Llobregat,3,0,1,0,2,0,0,0,1,1,0,0,0,100.0,0.0,0,-1,No n'hi ha,-1.0,3,3,1,0,0,0,0,0,0,0,0,0,0,0,4,-1,-1,Caiguda en la via,-1,2,2,5,-1,2,1,8.15,0,0,3,16,12
718,2010,0,2010-05-14,N-145,"SEU D'URGELL, LA",Alt Urgell,2,0,1,0,1,0,0,0,0,1,0,0,0,50.0,0.0,0,2,No n'hi ha,-1.0,3,3,1,0,0,0,0,0,0,0,0,0,0,2,0,4,1,Resta sortides de via,0,1,2,4,1,2,0,23.4,2,1,4,14,5
719,2010,0,2010-12-26,BV-1243,CALDES DE MONTBUI,Valles Oriental,3,0,1,0,1,0,0,0,0,0,0,1,0,100.0,0.0,0,1,No n'hi ha,-1.0,3,3,1,0,0,0,0,0,0,0,0,0,0,0,3,-1,1,Caiguda en la via,-1,1,2,4,3,2,0,17.22,1,0,6,26,12
720,2010,0,2010-06-18,L-313,VILANOVA DE L'AGUDA,Noguera,2,0,3,0,2,0,0,0,0,2,0,0,0,90.0,0.0,0,-1,No n'hi ha,-1.0,3,3,1,-1,0,0,0,-1,0,0,0,0,-1,0,4,-1,1,Fregament o col·lisió lateral,-1,1,2,4,3,2,0,18.4,1,2,4,18,6
721,2010,0,2010-05-09,SE,SALOU,Tarragones,0,0,1,0,2,0,0,1,0,1,0,0,0,100.0,0.0,0,2,No n'hi ha,-1.0,1,3,1,0,0,0,1,0,0,0,0,0,1,1,5,4,0,Envestida (frontal lateral),2,1,0,3,0,2,0,22.56,2,2,6,9,5
722,2010,1,2010-11-12,SE,BARCELONA,Barcelones,3,0,1,0,2,1,0,0,1,0,0,0,0,100.0,0.0,0,-1,No n'hi ha,-1.0,3,3,1,0,0,0,0,0,0,0,0,0,0,1,5,3,1,Atropellament,1,2,2,5,-1,2,0,18.13,1,3,4,12,11
724,2010,0,2010-06-24,SE,SABADELL,Valles Occidental,3,0,1,0,2,1,0,0,0,1,0,0,0,30.0,0.0,0,2,No n'hi ha,-1.0,3,3,1,0,0,0,0,0,0,0,0,0,0,0,5,-1,1,Atropellament,-1,1,2,3,0,2,1,1.5,2,3,3,24,6
725,2010,1,2010-02-09,SE,ESPLUGUES DE LLOBREGAT,Baix Llobregat,3,0,1,0,2,1,0,0,0,1,0,0,0,20.0,0.0,0,2,No n'hi ha,-1.0,1,3,1,-1,0,0,0,-1,1,0,0,0,1,0,1,-1,1,Atropellament,-1,2,0,5,-1,2,1,7.55,0,3,1,9,2
726,2010,1,2010-08-20,SE,TARRAGONA,Tarragones,0,0,1,0,2,1,0,0,0,1,0,0,0,100.0,0.0,0,2,No n'hi ha,-1.0,3,3,1,0,0,0,0,0,0,0,0,0,0,2,4,4,0,Atropellament,0,2,2,5,-1,2,1,8.0,0,3,4,20,8
727,2010,0,2010-10-24,N-260,VILAJUIGA,Alt Emporda,1,1,0,1,1,0,0,0,0,1,0,0,0,100.0,0.0,0,0,Carril d'alentiment,-1.0,3,3,0,0,0,0,0,0,0,0,0,0,0,1,3,-1,1,Resta sortides de via,3,1,2,4,1,2,0,6.47,0,1,6,24,10
728,2010,1,2010-04-02,SE,BARCELONA,Barcelones,3,1,0,0,2,1,0,0,0,0,1,0,0,100.0,0.0,0,-1,No n'hi ha,-1.0,3,3,0,0,0,1,0,0,0,0,0,0,1,0,5,-1,1,Atropellament,-1,2,2,5,-1,2,1,5.15,2,3,4,2,4
729,2010,1,2010-03-08,SE,VILAFRANCA DEL PENEDES,Alt Penedes,3,0,1,1,3,2,0,0,0,1,0,0,0,20.0,0.0,0,-1,No n'hi ha,-1.0,0,3,1,0,0,0,0,0,0,0,0,0,0,1,2,2,0,Atropellament,3,2,4,5,-1,2,1,16.2,1,3,0,8,3
730,2010,0,2010-09-08,C-51,"VENDRELL, EL",Baix Penedes,0,0,1,2,4,0,0,0,0,4,0,0,0,100.0,0.0,0,1,No n'hi ha,-1.0,3,3,1,0,0,0,0,0,0,0,0,0,0,0,4,-1,1,Encalç,-1,1,2,4,2,2,1,19.09,1,2,2,8,9
731,2010,0,2010-08-31,BV-2249,SANT LLORENC D'HORTO,Alt Penedes,3,0,1,0,1,0,0,0,0,0,1,0,0,40.0,0.0,0,2,No n'hi ha,-1.0,3,3,1,0,0,0,0,0,0,0,0,0,0,2,4,5,1,Caiguda en la via,0,1,2,4,2,2,1,7.55,0,0,1,31,8
732,2010,1,2010-08-20,SE,HOSPITALET DE LLOBREGAT,Barcelones,3,0,1,0,2,0,0,0,0,2,0,0,0,20.0,0.0,0,2,No n'hi ha,-1.0,3,3,1,-1,0,0,0,-1,0,0,0,0,-1,0,4,-1,0,Encalç,-1,2,2,5,-1,2,1,10.15,0,2,4,20,8
733,2010,0,2010-08-15,C-14,MONTBLANC,Conca de Barbera,0,0,1,5,2,0,0,0,0,2,0,0,0,70.0,0.0,0,0,No n'hi ha,-1.0,3,3,1,0,0,0,0,0,0,0,0,0,0,0,4,-1,1,Col·lisió frontal,-1,1,2,4,2,2,0,17.2,1,2,6,15,8
734,2010,1,2010-11-25,SE,BARCELONA,Barcelones,3,0,1,1,3,0,0,0,1,1,1,0,0,100.0,0.0,0,-1,No n'hi ha,-1.0,3,3,1,0,0,0,0,0,0,0,0,0,0,1,4,3,0,Envestida (frontal lateral),2,2,2,5,-1,2,1,12.3,0,2,3,25,11
735,2010,0,2010-05-30,N-230,ARRES,Val d'Aran,2,1,0,1,2,0,0,0,0,2,0,0,0,100.0,0.0,0,2,No n'hi ha,-1.0,3,3,0,0,0,0,0,0,0,0,0,0,0,0,4,-1,1,Envestida (frontal lateral),-1,1,2,4,1,2,0,17.0,1,2,6,30,5
736,2010,1,2010-09-26,SE,BARCELONA,Barcelones,3,0,1,0,2,0,0,1,0,0,1,0,0,100.0,0.0,0,-1,No n'hi ha,-1.0,3,3,1,0,0,0,0,0,0,0,0,0,0,1,4,3,0,Envestida (frontal lateral),2,2,2,5,-1,2,0,8.25,0,2,6,26,9
737,2010,1,2010-07-17,SE,LLORET DE MAR,Selva,1,0,1,0,2,0,1,0,0,1,0,0,0,100.0,0.0,0,3,No n'hi ha,-1.0,3,1,1,0,0,1,0,0,0,0,0,0,0,1,4,5,1,Envestida (frontal lateral),3,0,2,5,-1,2,0,19.3,1,2,5,17,7
738,2010,0,2010-12-26,GIV-6621,CASTELL-PLATJA D'ARO,Baix Emporda,1,0,2,1,2,0,0,0,0,2,0,0,0,60.0,0.0,0,1,No n'hi ha,-1.0,3,3,1,0,0,0,0,0,0,0,0,0,0,0,3,-1,0,Col·lisió frontal,-1,1,2,4,3,2,0,5.15,2,2,6,26,12
739,2010,0,2010-07-08,N-260,PORTBOU,Alt Emporda,1,1,0,0,1,0,0,0,1,0,0,0,0,60.0,0.0,0,1,No n'hi ha,-1.0,3,3,0,0,0,0,0,0,0,0,0,0,0,0,5,-1,1,Resta sortides de via,-1,1,2,4,1,2,1,1.0,2,1,3,8,7
740,2010,1,2010-05-13,SE,SABADELL,Valles Occidental,3,0,1,0,2,0,0,0,0,1,1,0,0,100.0,0.0,0,2,No n'hi ha,-1.0,3,3,1,0,0,0,0,0,0,0,0,0,0,1,4,4,1,Envestida (frontal lateral),2,2,2,5,-1,2,1,9.52,0,2,3,13,5
741,2010,0,2010-12-18,GI-512,AVIA,Bergueda,3,0,1,0,1,0,0,0,0,1,0,0,0,90.0,,0,-1,No n'hi ha,-1.0,1,3,1,-1,0,0,0,-1,0,0,0,0,-1,0,4,-1,0,Sortida de via amb bolcada,-1,1,0,4,2,2,0,9.5,0,1,5,18,12
742,2010,1,2010-08-10,SE,LLORET DE MAR,Selva,1,0,1,0,2,0,0,1,0,1,0,0,0,100.0,0.0,0,2,No n'hi ha,-1.0,3,3,1,0,0,0,0,0,0,0,0,0,0,0,4,-1,1,Envestida (frontal lateral),-1,2,2,5,0,2,1,16.55,1,2,1,10,8
743,2010,1,2010-11-18,SE,TORTOSA,Baix Ebre,0,0,2,1,3,0,0,0,0,3,0,0,0,100.0,0.0,0,2,No n'hi ha,-1.0,3,3,1,0,0,0,0,0,0,0,0,0,0,0,1,-1,1,Col·lisió frontal,-1,2,2,5,-1,1,1,19.0,1,2,3,18,11
744,2010,1,2010-11-03,SE,BARCELONA,Barcelones,3,0,1,0,2,1,0,0,0,1,0,0,0,10.0,0.0,0,-1,No n'hi ha,-1.0,3,3,1,0,0,0,0,0,0,0,0,0,0,0,4,-1,0,Xoc contra objecte/obstacle sense sortida prèvia de via,-1,2,2,5,-1,2,1,13.15,0,4,2,3,11
745,2010,0,2010-07-10,SE,SABADELL,Valles Occidental,3,0,1,0,2,1,0,0,0,1,0,0,0,100.0,0.0,0,-1,No n'hi ha,-1.0,3,3,1,0,0,0,0,0,0,0,0,0,0,0,4,-1,-1,Atropellament,-1,1,2,3,-1,2,0,9.55,0,3,5,10,7
746,2010,0,2010-12-31,C-1413A,AVIA,Bergueda,3,0,1,1,2,0,0,0,0,2,0,0,0,90.0,0.0,0,-1,No n'hi ha,-1.0,1,3,1,-1,0,0,0,0,0,0,0,0,0,0,2,-1,1,Envestida (frontal lateral),-1,1,0,4,2,1,1,12.35,0,2,4,31,12
747,2010,1,2010-10-06,SE,BADALONA,Barcelones,3,0,1,0,2,0,0,0,1,1,0,0,0,100.0,0.0,0,-1,No n'hi ha,-1.0,3,3,1,0,0,0,0,0,0,0,0,0,0,1,4,2,1,Encalç,1,2,2,5,-1,2,1,18.15,1,2,2,6,10
748,2010,1,2010-06-19,SE,GAVA,Baix Llobregat,3,0,1,1,2,1,0,0,1,0,0,0,0,40.0,0.0,0,2,No n'hi ha,-1.0,3,3,1,0,0,0,0,0,0,0,0,0,0,1,4,2,0,Atropellament,0,2,2,5,-1,2,0,11.5,0,3,5,19,6
749,2010,0,2010-11-24,SE,SABADELL,Valles Occidental,3,0,1,0,2,1,0,0,0,1,0,0,0,100.0,0.0,0,-1,No n'hi ha,-1.0,3,3,1,0,0,0,0,0,0,0,0,0,0,0,4,-1,-1,Atropellament,-1,1,2,3,-1,2,1,11.27,0,3,2,24,11
750,2010,1,2010-08-11,SE,LLEIDA,Segria,2,0,1,0,2,0,1,0,0,1,0,0,0,20.0,,0,2,No n'hi ha,-1.0,3,3,1,-1,0,0,0,-1,0,0,0,0,-1,1,5,3,0,Envestida (frontal lateral),0,2,2,5,-1,2,1,21.2,1,2,2,11,8
751,2010,1,2010-09-24,SE,BARCELONA,Barcelones,3,0,1,0,2,1,0,0,0,1,0,0,0,100.0,0.0,0,-1,No n'hi ha,-1.0,3,3,1,0,0,0,0,0,0,0,0,0,0,1,5,3,0,Atropellament,2,2,2,5,-1,2,0,20.05,1,3,4,24,9
752,2010,1,2010-07-08,SE,SABADELL,Valles Occidental,3,0,1,0,2,0,0,0,1,1,0,0,0,100.0,0.0,0,-1,No n'hi ha,-1.0,3,3,1,0,0,0,0,0,0,0,0,0,0,0,4,-1,-1,Envestida (frontal lateral),-1,2,2,5,-1,2,1,16.34,1,2,3,8,7
753,2010,1,2010-06-07,SE,VIC,Osona,3,0,1,0,2,0,0,0,1,1,0,0,0,100.0,0.0,0,2,No n'hi ha,-1.0,3,3,1,0,0,0,0,0,0,0,0,0,0,2,4,-1,0,Fregament o col·lisió lateral,1,2,2,5,-1,2,1,18.45,1,2,0,7,6
754,2010,0,2010-08-30,N-II,MATARO,Maresme,3,1,0,0,2,0,0,0,1,1,0,0,0,80.0,0.0,0,2,No n'hi ha,-1.0,3,3,0,0,0,0,0,0,0,0,0,0,0,0,4,-1,1,Envestida (frontal lateral),-1,1,2,4,1,2,1,18.19,1,2,0,30,8
755,2010,0,2010-01-02,C-16,BAGA,Bergueda,3,0,2,0,2,0,0,0,0,2,0,0,0,90.0,0.0,0,1,No n'hi ha,-1.0,3,3,1,0,0,0,0,0,0,0,0,0,0,0,4,-1,1,Fregament o col·lisió lateral,-1,1,2,4,2,2,0,9.35,0,2,5,2,1
756,2010,1,2010-02-11,C-63,AMER,Selva,1,0,2,1,2,0,0,0,0,1,1,0,0,50.0,0.0,0,2,No n'hi ha,-1.0,3,1,1,0,0,0,0,0,0,0,0,0,0,1,3,4,1,Envestida (frontal lateral),1,0,2,4,2,2,1,20.3,1,2,3,11,2
757,2010,0,2010-11-29,B-224,SANT ESTEVE SESROVIRES,Baix Llobregat,3,0,1,1,4,0,0,0,0,3,1,0,0,60.0,0.0,0,2,No n'hi ha,-1.0,3,3,1,0,0,0,0,0,0,0,0,0,0,0,2,-1,1,Encalç,-1,1,2,4,0,2,1,14.05,1,2,0,29,11
758,2010,1,2010-02-12,SE,BARCELONA,Barcelones,3,0,1,0,2,0,0,1,0,0,1,0,0,100.0,1.0,0,-1,No n'hi ha,-1.0,3,3,1,0,0,0,0,0,0,0,0,0,0,0,4,-1,0,Envestida (frontal lateral),-1,2,2,5,-1,2,0,18.37,1,2,4,12,2
759,2010,0,2010-02-26,SE,SABADELL,Valles Occidental,3,0,2,1,2,0,0,0,0,1,1,0,0,100.0,0.0,0,2,No n'hi ha,-1.0,3,3,1,0,0,0,0,0,0,0,0,0,0,1,4,3,1,Envestida (frontal lateral),2,1,2,3,0,2,1,14.4,1,2,4,26,2
760,2010,0,2010-07-19,N-260,PERALADA,Alt Emporda,1,0,1,3,2,0,0,0,0,1,0,1,0,100.0,0.0,0,3,No n'hi ha,-1.0,3,3,1,0,0,0,0,0,0,0,0,0,0,1,3,-1,1,Envestida (frontal lateral),1,1,2,4,1,2,1,0.26,2,2,0,19,7
761,2010,0,2010-07-04,C-14,BASSELLA,Alt Urgell,2,1,2,2,4,0,0,0,1,3,0,0,0,100.0,0.0,0,3,No n'hi ha,-1.0,2,3,0,0,0,0,1,0,0,0,0,0,0,0,2,-1,1,Col·lisió frontal,-1,1,0,4,2,2,0,17.5,1,2,6,4,7
762,2010,0,2010-08-02,BP-5002,ALELLA,Maresme,3,0,1,0,2,0,0,0,1,1,0,0,0,50.0,0.0,0,-1,No n'hi ha,-1.0,3,3,1,0,0,0,0,0,0,0,0,0,0,0,4,-1,-1,Encalç,-1,1,2,4,2,2,1,7.32,0,2,0,2,8
763,2010,0,2010-05-12,B-430,SALLENT,Bages,3,0,1,0,2,0,0,0,0,1,1,0,0,100.0,0.0,0,3,No n'hi ha,-1.0,1,3,1,0,0,0,0,0,0,0,0,0,0,0,4,-1,1,Col·lisió frontal,-1,1,0,4,3,2,1,6.52,0,2,2,12,5
764,2010,1,2010-11-23,SE,REUS,Baix Camp,0,0,1,0,2,1,0,0,0,1,0,0,0,100.0,0.0,0,-1,No n'hi ha,-1.0,3,3,1,0,0,0,0,0,0,0,0,0,0,0,4,-1,-1,Atropellament,-1,2,2,5,-1,2,1,16.45,1,3,1,23,11