,Year,Area,Date,Road,Municipality Name,County Name,Province Name,Fatalties,Serious Injuries,Light Injuries,Units Involved,Pedestrains Involved,Bicycles Involved,Mopeds Involved,Motorcycles,Light Vehicles Involved,Heavy Vehicles Involved,Other Units Involved,Unspecified Units Involved,Road Speed Limit,Accident with Hit and Run,Fog Presence,Surrounding Environment,Special Lane Presence,Special Traffic Measures,Weather Conditions,Special Road Functions,Severity of Accident,Influence of Fog,Influence of Environment,Influence of Traffic,Influence of Weather,Influence of Wind Intensity,Influence of Lighting,Influence of Special Measures,Influence of Road Objects,Influence of Road Surface,Influence of Visibility,Intersection Characteristics,Lighting Conditions,Traffic Regulation and Priority,Direction of Road,Subtype of Accident,Subtype of Road Section,Subzone within Area,Road Surface Conditions,Type of Road,Road Ownership,Wind Conditions,Day of the Week Grouping,Hour of Day,Time of Day Grouping,Type of Accident,Day Type,Day,Month
765,2010,0,2010-08-30,C-31,CUBELLES,Garraf,3,0,1,0,2,0,0,0,0,1,0,1,0,100.0,0.0,0,3,No n'hi ha,-1.0,3,3,1,0,0,0,0,0,0,0,0,0,0,1,4,-1,1,Encalç,3,1,2,4,2,2,1,12.5,0,2,0,30,8
766,2010,1,2010-10-24,SE,BARCELONA,Barcelones,3,0,1,1,2,0,0,0,1,1,0,0,0,100.0,0.0,0,-1,No n'hi ha,-1.0,3,3,1,0,0,0,0,0,0,0,0,0,0,1,5,3,0,Col·lisió frontal,2,2,2,5,-1,2,0,21.3,1,2,6,24,10
767,2010,1,2010-11-25,SE,GIRONA,Girones,1,0,1,0,2,0,0,0,1,1,0,0,0,100.0,0.0,0,2,No n'hi ha,-1.0,3,3,1,0,0,0,0,0,0,0,0,0,0,1,4,4,1,Envestida (frontal lateral),2,2,2,5,-1,2,1,12.51,0,2,3,25,11
768,2010,1,2010-05-11,C-35,SANT CELONI,Valles Oriental,3,0,2,1,2,0,0,0,0,2,0,0,0,100.0,1.0,0,2,No n'hi ha,-1.0,3,1,1,0,0,0,0,0,0,0,0,0,0,1,5,4,1,Envestida (frontal lateral),1,0,2,4,2,2,1,5.3,2,2,1,11,5
769,2010,0,2010-10-26,C-1415c,"ROCA DEL VALLES, LA",Valles Oriental,3,1,0,1,3,0,0,0,1,2,0,0,0,80.0,0.0,0,2,No n'hi ha,-1.0,3,3,0,0,0,0,0,0,0,0,0,0,0,0,4,-1,1,Caiguda en la via,-1,1,2,4,2,2,1,13.45,0,0,1,26,10
770,2010,1,2010-11-03,SE,CASTELLDEFELS,Baix Llobregat,3,1,0,0,2,1,0,0,0,0,1,0,0,100.0,0.0,0,2,No n'hi ha,-1.0,3,3,0,0,0,0,0,0,0,0,0,0,0,0,4,-1,1,Atropellament,-1,2,2,5,-1,2,1,10.0,0,3,2,3,11
771,2010,0,2010-08-25,BV-2115,CUBELLES,Garraf,3,0,2,0,2,0,0,1,1,0,0,0,0,100.0,0.0,0,2,No n'hi ha,-1.0,3,3,1,0,0,0,0,0,0,0,0,0,0,0,4,-1,1,Col·lisió frontal,-1,1,2,4,2,2,1,12.0,0,2,2,25,8
772,2010,0,2010-01-06,SE,VILANOVA I LA GELTRU,Garraf,3,0,1,0,1,0,0,0,1,0,0,0,0,100.0,0.0,0,2,No n'hi ha,-1.0,3,3,1,0,0,0,0,0,0,0,0,0,0,1,5,5,1,Xoc contra objecte/obstacle sense sortida prèvia de via,1,1,2,3,0,2,1,6.3,0,4,2,6,1
773,2010,1,2010-09-10,SE,"PLA DE SANTA MARIA, EL",Alt Camp,0,0,1,0,2,1,0,0,0,1,0,0,0,50.0,0.0,0,2,No n'hi ha,-1.0,3,1,1,0,0,0,0,0,0,0,0,0,0,0,4,-1,1,Atropellament,-1,0,2,5,-1,2,0,19.52,1,3,4,10,9
774,2010,0,2010-07-14,N-II,SANT POL DE MAR,Maresme,3,0,1,0,1,0,0,1,0,0,0,0,0,100.0,0.0,0,3,No n'hi ha,-1.0,3,3,1,0,0,0,0,0,0,0,0,0,0,0,4,-1,1,Resta sortides de via,-1,1,2,4,1,2,1,7.44,0,1,2,14,7
775,2010,1,2010-03-10,SE,TERRASSA,Valles Occidental,3,0,1,0,2,1,0,0,0,1,0,0,0,100.0,0.0,0,-1,No n'hi ha,-1.0,3,3,1,0,0,0,0,0,0,0,0,0,0,0,4,-1,-1,Atropellament,-1,2,2,5,-1,2,1,10.45,0,3,2,10,3
776,2010,1,2010-03-05,SE,BARCELONA,Barcelones,3,0,1,0,2,0,0,0,1,1,0,0,0,100.0,0.0,0,-1,No n'hi ha,-1.0,3,3,1,0,0,1,0,0,0,0,0,0,0,0,4,-1,1,Caiguda en la via,-1,2,2,5,-1,2,1,14.3,1,0,4,5,3
777,2010,0,2010-11-04,C-51,RODONYA,Alt Camp,0,0,1,0,2,0,0,1,0,0,1,0,0,100.0,0.0,0,0,No n'hi ha,-1.0,3,3,1,0,0,0,0,0,0,0,0,0,0,0,4,-1,1,Envestida (frontal lateral),-1,1,2,4,2,2,1,10.36,0,2,3,4,11
778,2010,1,2010-02-28,SE,BANYOLES,Pla de l'Estany,1,0,2,1,2,0,0,1,0,1,0,0,0,100.0,0.0,0,2,No n'hi ha,-1.0,3,3,1,0,0,0,0,0,0,0,0,0,0,1,5,4,0,Envestida (frontal lateral),2,2,2,5,-1,2,0,0.57,2,2,6,28,2
779,2010,1,2010-04-01,SE,BARCELONA,Barcelones,3,1,0,0,2,0,1,0,0,0,1,0,0,30.0,0.0,0,-1,Carril bici,-1.0,3,3,0,0,0,0,0,0,0,0,0,0,1,1,4,3,1,Envestida (frontal lateral),2,2,2,5,-1,2,1,9.35,0,2,3,1,4
780,2010,0,2010-08-15,N-240,TARRAGONA,Tarragones,0,0,1,0,1,0,0,1,0,0,0,0,0,100.0,0.0,0,3,No n'hi ha,-1.0,3,3,1,0,0,0,0,0,0,0,0,0,0,1,5,2,1,Resta sortides de via,3,1,2,4,1,2,0,21.2,1,1,6,15,8
781,2010,0,2010-11-20,BV-4608,MANLLEU,Osona,3,0,1,0,2,0,0,0,0,2,0,0,0,70.0,0.0,1,3,No n'hi ha,-1.0,3,3,1,1,0,0,0,0,0,0,0,0,0,0,3,-1,1,Col·lisió frontal,-1,1,2,4,3,2,0,1.0,2,2,5,20,11
782,2010,0,2010-05-08,BV-5001,MONTORNES DEL VALLES,Valles Oriental,3,0,1,0,2,0,1,0,0,1,0,0,0,40.0,0.0,0,2,No n'hi ha,,3,3,1,0,0,0,0,0,0,0,0,0,0,1,4,5,1,Fregament o col·lisió lateral,1,1,2,4,3,2,0,11.45,0,2,5,8,5
783,2010,1,2010-11-30,SE,REUS,Baix Camp,0,0,1,0,2,1,0,0,0,1,0,0,0,100.0,0.0,0,2,No n'hi ha,-1.0,3,3,1,0,0,0,0,0,0,0,0,0,0,0,5,-1,1,Atropellament,-1,2,2,5,-1,2,1,21.15,1,3,1,30,11
784,2010,0,2010-10-04,BV-5126,CALELLA,Maresme,3,0,1,2,2,0,0,0,0,1,1,0,0,100.0,0.0,0,1,No n'hi ha,-1.0,3,3,1,0,0,0,0,0,0,0,0,0,0,0,1,-1,1,Col·lisió frontal,-1,1,2,4,3,2,1,19.2,1,2,0,4,10
785,2010,1,2010-05-07,SE,CORNELLA DE LLOBREGAT,Baix Llobregat,3,0,1,1,2,0,0,1,0,1,0,0,0,20.0,0.0,0,-1,No n'hi ha,-1.0,3,3,1,-1,0,-1,-1,-1,-1,-1,-1,-1,-1,1,-1,4,0,Envestida (frontal lateral),0,2,2,5,-1,-1,0,16.45,1,2,4,7,5
786,2010,0,2010-02-04,N-II,SILS,Selva,1,0,1,1,2,0,0,0,0,2,0,0,0,60.0,0.0,0,1,No n'hi ha,0.0,1,3,1,0,0,0,0,0,0,0,0,0,0,0,2,-1,1,Col·lisió frontal,-1,1,0,4,1,2,1,15.2,1,2,3,4,2
787,2010,0,2010-05-28,GI-552,SANT FELIU DE BUIXALLEU,Selva,1,0,1,1,2,0,0,0,0,2,0,0,0,50.0,0.0,0,2,No n'hi ha,-1.0,3,3,1,0,0,0,0,0,0,0,0,0,0,0,1,-1,1,Col·lisió frontal,-1,1,2,4,3,2,1,5.5,2,2,4,28,5
788,2010,1,2010-02-25,SE,MATARO,Maresme,3,0,1,0,2,1,0,0,0,1,0,0,0,20.0,0.0,0,2,No n'hi ha,-1.0,3,3,1,-1,0,0,0,-1,0,0,0,0,-1,1,4,4,1,Atropellament,2,2,2,5,-1,2,1,12.3,0,3,3,25,2
789,2010,1,2010-01-18,SE,LLEIDA,Segria,2,0,1,0,2,1,0,0,0,1,0,0,0,20.0,0.0,0,2,No n'hi ha,-1.0,3,3,1,-1,0,0,0,-1,0,0,0,0,1,0,4,-1,0,Atropellament,-1,2,2,5,-1,2,1,14.5,1,3,0,18,1
790,2010,1,2010-03-09,SE,GAVA,Baix Llobregat,3,0,1,0,2,0,0,0,1,1,0,0,0,20.0,0.0,0,-1,No n'hi ha,-1.0,3,3,1,0,0,0,0,0,0,0,0,0,0,0,4,-1,1,Encalç,-1,2,2,5,-1,2,1,14.5,1,2,1,9,3
791,2010,1,2010-05-13,SE,RUBI,Valles Occidental,3,0,1,0,2,1,0,0,0,1,0,0,0,100.0,0.0,0,2,No n'hi ha,-1.0,1,3,1,0,0,0,0,0,0,0,0,0,1,0,2,-1,0,Atropellament,-1,2,0,5,-1,2,1,14.27,1,3,3,13,5
792,2010,1,2010-11-09,SE,SABADELL,Valles Occidental,3,0,1,0,2,0,0,0,1,1,0,0,0,100.0,0.0,0,-1,No n'hi ha,-1.0,3,3,1,0,0,0,0,0,0,0,0,0,0,0,4,-1,-1,Envestida (frontal lateral),-1,2,2,5,-1,2,1,21.4,1,2,1,9,11
793,2010,0,2010-07-18,C-31,"TALLADA D'EMPORDA, LA",Baix Emporda,1,0,2,1,2,0,0,0,0,2,0,0,0,70.0,0.0,0,2,No n'hi ha,-1.0,3,3,1,0,0,0,0,0,0,0,0,0,0,1,3,4,1,Envestida (frontal lateral),1,1,2,4,2,2,0,21.46,1,2,6,18,7
794,2010,0,2010-04-30,TV-2041,RODA DE BARA,Tarragones,0,0,1,4,2,0,0,0,0,2,0,0,0,60.0,0.0,0,1,No n'hi ha,-1.0,3,3,1,0,0,0,0,0,0,0,0,0,0,0,4,-1,1,Envestida (frontal lateral),-1,1,2,4,3,2,0,17.19,1,2,4,30,4
795,2010,0,2010-06-17,BV-2005,TORRELLES DE LLOBREGAT,Baix Llobregat,3,0,1,0,2,0,0,0,1,1,0,0,0,40.0,0.0,0,0,No n'hi ha,-1.0,3,3,1,0,0,0,0,0,0,0,0,0,0,0,4,-1,1,Col·lisió frontal,-1,1,2,4,2,2,1,20.1,1,2,3,17,6
796,2010,0,2010-06-24,C-58,RIPOLLET,Valles Occidental,3,0,1,0,1,0,0,0,1,0,0,0,0,70.0,0.0,0,2,No n'hi ha,-1.0,3,3,1,0,0,0,0,0,0,0,0,0,0,0,4,-1,0,Caiguda en la via,-1,1,2,4,2,2,1,14.15,1,0,3,24,6
797,2010,0,2010-03-27,T-314,RIUDOMS,Baix Camp,0,1,1,0,2,0,0,0,1,1,0,0,0,100.0,0.0,0,1,No n'hi ha,-1.0,3,3,0,0,0,0,0,0,0,0,0,0,0,0,3,-1,1,Fregament o col·lisió lateral,-1,1,2,4,3,2,0,20.0,1,2,5,27,3
798,2010,0,2010-10-29,N-340,SANT CARLES DE LA RAPITA,Montsia,0,1,0,0,2,1,0,0,0,1,0,0,0,100.0,0.0,0,2,No n'hi ha,-1.0,3,3,0,0,0,0,0,0,0,0,0,0,0,0,3,-1,1,Atropellament,-1,1,2,4,1,2,0,19.38,1,3,4,29,10
799,2010,1,2010-11-25,SE,BLANES,Selva,1,0,1,0,1,0,0,0,0,1,0,0,0,20.0,0.0,0,-1,No n'hi ha,-1.0,3,3,1,-1,0,0,0,-1,0,0,0,0,0,0,5,-1,1,Altres,-1,2,2,5,-1,2,1,3.33,2,5,3,25,11
800,2010,0,2010-02-26,C-31,CASTELL-PLATJA D'ARO,Baix Emporda,1,0,1,1,4,0,0,0,0,3,1,0,0,80.0,0.0,0,1,No n'hi ha,-1.0,3,3,1,0,0,0,0,0,0,0,0,0,0,0,4,-1,1,Envestida (frontal lateral),-1,1,2,4,2,2,1,11.17,0,2,4,26,2
801,2010,1,2010-10-19,SE,TERRASSA,Valles Occidental,3,0,1,0,2,1,0,0,0,0,1,0,0,100.0,0.0,0,-1,No n'hi ha,-1.0,3,3,1,0,0,0,0,0,0,0,0,0,0,0,4,-1,-1,Atropellament,-1,2,2,5,-1,2,1,15.55,1,3,1,19,10
802,2010,0,2010-05-07,N-340,TARRAGONA,Tarragones,0,0,1,0,2,0,0,0,0,1,1,0,0,100.0,0.0,0,2,No n'hi ha,-1.0,3,3,1,0,0,0,0,0,0,0,0,0,0,0,4,-1,1,Col·lisió frontal,-1,1,2,4,1,2,1,13.3,0,2,4,7,5
803,2010,0,2010-01-16,CR19,"VALL D'EN BAS, LA",Garrotxa,1,0,2,1,2,0,0,0,0,2,0,0,0,100.0,0.0,0,2,No n'hi ha,-1.0,3,3,1,0,1,0,0,0,0,0,0,0,0,1,4,4,1,Col·lisió frontal,1,1,2,4,4,2,0,10.3,0,2,5,16,1
804,2010,1,2010-08-18,SE,TARRAGONA,Tarragones,0,0,1,0,2,0,0,0,1,1,0,0,0,20.0,0.0,0,2,No n'hi ha,-1.0,3,3,1,-1,0,0,0,-1,0,0,0,0,-1,0,4,-1,1,Encalç,-1,2,2,5,-1,2,1,18.36,1,2,2,18,8
805,2010,1,2010-11-29,SE,BARCELONA,Barcelones,3,0,1,0,2,0,0,0,1,1,0,0,0,100.0,0.0,0,-1,No n'hi ha,-1.0,3,3,1,0,0,0,0,0,0,0,0,0,0,1,4,2,1,Envestida (frontal lateral),1,2,2,5,-1,2,1,15.4,1,2,0,29,11
806,2010,1,2010-12-12,SE,MANRESA,Bages,3,0,1,0,2,1,0,0,0,1,0,0,0,100.0,0.0,0,2,No n'hi ha,-1.0,3,3,1,0,0,0,0,0,0,0,0,0,0,0,4,-1,1,Atropellament,-1,2,2,5,-1,2,0,13.25,0,3,6,12,12
807,2010,1,2010-10-04,SE,ALFARRAS,Segria,2,0,2,0,3,2,0,0,0,1,0,0,0,100.0,0.0,0,2,No n'hi ha,-1.0,3,1,1,0,0,0,0,0,1,0,0,0,0,0,1,-1,1,Atropellament,-1,0,2,5,-1,2,1,8.59,0,3,0,4,10
808,2010,1,2010-03-14,SE,LLORET DE MAR,Selva,1,0,1,0,2,0,0,0,0,1,1,0,0,100.0,0.0,0,2,No n'hi ha,-1.0,3,3,1,0,0,0,0,0,0,0,0,0,0,0,5,-1,1,Xoc contra objecte/obstacle sense sortida prèvia de via,-1,2,2,5,0,2,0,21.3,1,4,6,14,3
809,2010,0,2010-08-27,C-245,CORNELLA DE LLOBREGAT,Baix Llobregat,3,0,1,0,2,0,1,0,0,1,0,0,0,100.0,0.0,0,2,No n'hi ha,-1.0,3,3,1,0,0,0,0,0,0,0,0,0,0,0,4,-1,1,Fregament o col·lisió lateral,-1,1,2,4,2,2,0,19.23,1,2,4,27,8
810,2010,0,2010-12-01,B-124,SABADELL,Valles Occidental,3,0,2,0,2,0,0,0,0,2,0,0,0,70.0,0.0,0,2,No n'hi ha,-1.0,3,3,1,0,0,0,0,0,0,0,0,0,0,0,3,-1,1,Envestida (frontal lateral),-1,1,2,4,0,2,1,5.24,2,2,2,1,12
811,2010,0,2010-06-25,N-340,BELLVEI,Baix Penedes,0,0,1,0,2,1,0,0,0,1,0,0,0,70.0,0.0,0,2,No n'hi ha,-1.0,3,3,1,0,0,0,0,0,0,0,0,0,1,0,4,-1,1,Atropellament,-1,1,2,4,1,2,1,9.05,0,3,4,25,6
812,2010,0,2010-04-02,N-II,VIDRERES,Selva,1,0,3,1,2,0,0,0,0,1,1,0,0,100.0,0.0,0,3,No n'hi ha,-1.0,3,3,1,0,0,0,0,0,0,0,0,0,0,0,4,-1,1,Envestida (frontal lateral),-1,1,2,4,1,1,1,14.55,1,2,4,2,4
813,2010,1,2010-08-14,SE,LLEIDA,Segria,2,0,1,0,2,1,0,0,0,1,0,0,0,100.0,0.0,0,-1,No n'hi ha,-1.0,3,3,1,0,0,0,0,0,0,0,0,0,1,0,4,-1,-1,Atropellament,-1,2,2,5,-1,2,0,20.0,1,3,5,14,8
814,2010,0,2010-03-05,BV-5122,TORDERA,Maresme,3,1,0,0,3,0,0,1,0,1,1,0,0,100.0,0.0,0,2,No n'hi ha,-1.0,2,3,0,0,0,0,0,0,0,0,0,0,0,0,1,-1,1,Envestida (frontal lateral),-1,1,0,4,2,2,1,7.5,0,2,4,5,3
815,2010,1,2010-04-23,SE,LLEIDA,Segria,2,0,1,0,1,0,0,0,1,0,0,0,0,100.0,0.0,0,-1,No n'hi ha,-1.0,3,3,1,0,0,0,0,0,0,0,0,0,0,0,4,-1,-1,Caiguda en la via,-1,2,2,5,-1,2,0,20.4,1,0,4,23,4
816,2010,0,2010-09-06,BP-1417,SANT CUGAT DEL VALLES,Valles Occidental,3,0,1,1,2,0,0,0,1,1,0,0,0,100.0,0.0,0,1,No n'hi ha,-1.0,3,3,1,0,0,0,0,0,0,0,0,0,0,0,1,-1,1,Fregament o col·lisió lateral,-1,1,2,4,3,2,1,19.33,1,2,0,6,9
817,2010,1,2010-10-23,SE,CASTELLO D'EMPURIES,Alt Emporda,1,1,0,0,1,0,0,0,0,1,0,0,0,20.0,0.0,0,2,No n'hi ha,-1.0,3,3,0,-1,0,0,0,-1,0,0,0,0,0,1,5,4,1,Xoc contra objecte/obstacle sense sortida prèvia de via,0,2,2,5,-1,2,0,22.3,2,4,5,23,10
818,2010,1,2010-12-17,SE,TERRASSA,Valles Occidental,3,0,2,0,2,0,0,0,1,1,0,0,0,50.0,1.0,0,2,No n'hi ha,-1.0,3,3,1,0,0,0,0,0,0,0,0,0,0,0,5,-1,1,Fregament o col·lisió lateral,-1,2,2,5,-1,2,0,20.31,1,2,4,17,12
819,2010,1,2010-06-24,SE,BARCELONA,Barcelones,3,0,1,5,2,0,0,0,0,2,0,0,0,100.0,0.0,0,-1,No n'hi ha,-1.0,3,3,1,0,0,0,0,0,0,0,0,0,1,1,5,3,0,Envestida (frontal lateral),2,2,2,5,-1,2,1,2.26,2,2,3,24,6
820,2010,0,2010-05-24,LV-2001,TORREGROSSA,Pla d'Urgell,2,1,0,0,2,0,0,1,0,1,0,0,0,70.0,0.0,0,2,No n'hi ha,-1.0,3,0,0,0,0,0,0,0,0,0,0,0,1,1,4,4,1,Fregament o col·lisió lateral,2,1,2,4,0,2,1,17.27,1,2,0,24,5
821,2010,0,2010-09-30,SE,AMPOSTA,Montsia,0,0,1,0,2,1,0,0,0,1,0,0,0,100.0,0.0,0,2,No n'hi ha,-1.0,3,3,1,0,0,0,0,0,0,0,0,0,0,1,4,4,1,Atropellament,1,1,2,3,0,2,1,17.1,1,3,3,30,9
822,2010,1,2010-06-26,SE,BARCELONA,Barcelones,3,0,1,1,2,0,0,0,1,1,0,0,0,100.0,0.0,0,-1,No n'hi ha,-1.0,3,3,1,0,0,0,0,0,0,0,0,0,0,0,4,-1,0,Fregament o col·lisió lateral,-1,2,2,5,-1,2,0,19.45,1,2,5,26,6
823,2010,1,2010-12-11,SE,GIRONA,Girones,1,0,1,0,2,1,0,1,0,0,0,0,0,30.0,0.0,0,2,No n'hi ha,-1.0,3,3,1,0,0,0,0,0,0,0,0,0,1,0,5,-1,0,Atropellament,-1,2,2,5,-1,2,0,19.14,1,3,5,11,12
824,2010,0,2010-10-31,C-14,PONTS,Noguera,2,0,1,0,2,0,0,0,0,1,1,0,0,100.0,0.0,0,1,No n'hi ha,-1.0,3,3,1,0,0,0,0,0,0,0,0,0,0,0,3,-1,1,Fregament o col·lisió lateral,-1,1,2,4,2,2,0,18.18,1,2,6,31,10
825,2010,0,2010-12-15,TP-2124,"ARBO?, L'",Baix Penedes,0,0,1,0,2,0,0,1,0,0,1,0,0,50.0,0.0,0,2,No n'hi ha,-1.0,3,3,1,0,0,0,0,0,0,0,0,0,1,1,1,4,1,Envestida (frontal lateral),0,1,2,4,3,2,1,16.1,1,2,2,15,12
826,2010,1,2010-05-23,N-340,SUBIRATS,Alt Penedes,3,0,1,0,2,1,0,0,0,1,0,0,0,70.0,0.0,0,0,No n'hi ha,-1.0,3,1,1,0,0,0,0,0,0,0,0,0,0,0,4,-1,1,Atropellament,-1,0,2,4,1,2,0,12.22,0,3,6,23,5
827,2010,1,2010-07-30,SE,BARCELONA,Barcelones,3,0,2,0,2,1,0,0,1,0,0,0,0,100.0,0.0,0,-1,No n'hi ha,-1.0,3,3,1,0,0,0,0,0,0,0,0,0,0,1,5,3,0,Atropellament,1,2,2,5,-1,2,1,0.27,2,3,4,30,7
828,2010,1,2010-02-26,SE,MANRESA,Bages,3,0,1,0,2,0,0,0,1,1,0,0,0,100.0,0.0,0,2,No n'hi ha,-1.0,3,3,1,0,0,0,0,0,0,0,0,0,0,0,5,-1,0,Xoc contra objecte/obstacle sense sortida prèvia de via,-1,2,2,5,-1,2,0,23.3,2,4,4,26,2
829,2010,1,2010-11-23,SE,BARCELONA,Barcelones,3,0,1,0,2,1,0,0,0,0,1,0,0,100.0,0.0,0,-1,Carril bus,-1.0,3,3,1,0,0,0,0,0,0,0,0,0,1,0,4,-1,1,Atropellament,-1,2,2,5,-1,2,1,18.1,1,3,1,23,11
830,2010,0,2010-08-08,N-II,ARENYS DE MAR,Maresme,3,0,1,1,1,0,0,0,1,0,0,0,0,100.0,0.0,0,-1,No n'hi ha,-1.0,3,3,1,0,0,0,0,0,0,0,0,0,0,0,4,-1,-1,Resta sortides de via,-1,1,2,4,-1,2,0,15.54,1,1,6,8,8
831,2010,1,2010-06-21,SE,SABADELL,Valles Occidental,3,0,1,0,2,0,0,0,1,1,0,0,0,100.0,0.0,0,-1,No n'hi ha,-1.0,3,3,1,0,0,0,0,0,0,0,0,0,0,0,4,-1,-1,Encalç,-1,2,2,5,-1,2,1,18.27,1,2,0,21,6
832,2010,1,2010-08-25,SE,LLEIDA,Segria,2,1,0,1,2,0,0,0,1,1,0,0,0,100.0,0.0,0,-1,No n'hi ha,-1.0,3,3,0,0,0,0,0,0,0,0,0,0,0,0,4,-1,-1,Col·lisió frontal,-1,2,2,5,-1,2,1,12.15,0,2,2,25,8
833,2010,0,2010-11-06,BV-1415,CERDANYOLA DEL VALLES,Valles Occidental,3,0,1,2,1,0,0,0,0,1,0,0,0,100.0,0.0,0,-1,No n'hi ha,-1.0,3,3,1,0,0,0,0,0,0,0,0,0,0,0,4,-1,-1,Altres,-1,1,2,4,-1,2,0,20.0,1,5,5,6,11
834,2010,0,2010-02-23,SE,TORROELLA DE MONTGRI,Baix Emporda,1,0,1,1,1,0,0,0,0,1,0,0,0,100.0,0.0,0,3,No n'hi ha,-1.0,3,3,1,0,0,0,0,0,0,0,0,0,0,0,4,-1,1,Resta sortides de via,-1,1,2,3,0,2,1,14.25,1,1,1,23,2
835,2010,0,2010-12-23,C-251,"ROCA DEL VALLES, LA",Valles Oriental,3,0,2,0,2,0,0,0,0,2,0,0,0,60.0,0.0,0,1,No n'hi ha,-1.0,3,3,1,0,0,1,0,0,0,0,0,0,0,0,0,-1,1,Col·lisió frontal,-1,1,2,4,2,2,1,20.15,1,2,3,23,12
836,2010,1,2010-04-04,GI-661,CALONGE,Baix Emporda,1,0,1,0,2,0,0,0,0,2,0,0,0,100.0,0.0,0,2,Altres,-1.0,3,1,1,0,0,0,0,0,0,0,0,0,0,1,4,4,1,Col·lisió frontal,1,0,2,4,3,2,0,12.0,0,2,6,4,4
837,2010,0,2010-06-09,SE,ALCANAR,Montsia,0,0,1,0,2,1,0,0,0,1,0,0,0,40.0,0.0,0,0,No n'hi ha,-1.0,3,3,1,0,0,0,0,0,0,0,0,0,0,2,4,5,1,Atropellament,1,1,2,3,1,2,1,12.55,0,3,2,9,6
838,2010,1,2010-06-17,SE,LLEIDA,Segria,2,0,1,0,2,1,0,0,0,1,0,0,0,100.0,0.0,0,-1,No n'hi ha,-1.0,3,3,1,0,0,0,0,0,0,0,0,0,0,0,4,-1,-1,Atropellament,-1,2,2,5,-1,2,1,11.17,0,3,3,17,6
839,2010,1,2010-09-10,SE,FIGUERES,Alt Emporda,1,0,1,0,2,1,0,0,0,1,0,0,0,100.0,0.0,0,2,No n'hi ha,-1.0,3,3,1,0,0,0,0,0,0,0,0,0,0,0,4,-1,0,Atropellament,-1,2,2,5,-1,2,1,11.4,0,3,4,10,9
840,2010,0,2010-10-03,SE,BANYOLES,Pla de l'Estany,1,0,1,0,2,0,0,1,0,1,0,0,0,40.0,0.0,0,1,No n'hi ha,-1.0,3,3,1,0,0,0,0,0,0,0,0,0,0,1,4,4,1,Envestida (frontal lateral),1,1,2,3,0,2,0,16.2,1,2,6,3,10
841,2010,0,2010-08-25,C-66,"PERA, LA",Baix Emporda,1,0,1,0,2,0,0,0,1,1,0,0,0,100.0,0.0,0,1,No n'hi ha,-1.0,3,3,1,0,0,0,0,0,0,0,0,0,0,0,4,-1,1,Fregament o col·lisió lateral,-1,1,2,4,2,2,1,8.5,0,2,2,25,8
842,2010,1,2010-04-16,SE,OLERDOLA,Alt Penedes,3,0,1,0,1,0,0,0,0,1,0,0,0,30.0,0.0,0,3,No n'hi ha,-1.0,3,3,1,0,0,0,0,0,0,0,0,0,0,0,4,-1,1,Altres,-1,2,2,5,-1,2,1,12.33,0,5,4,16,4
843,2010,0,2010-06-04,SE,SABADELL,Valles Occidental,3,0,2,0,1,0,0,0,0,1,0,0,0,100.0,0.0,0,-1,No n'hi ha,-1.0,3,3,1,0,0,0,0,0,0,0,0,0,0,0,4,-1,-1,Xoc contra objecte/obstacle sense sortida prèvia de via,-1,1,2,3,-1,2,1,1.24,2,4,4,4,6
844,2010,1,2010-10-19,SE,BARCELONA,Barcelones,3,0,1,2,2,1,0,0,0,1,0,0,0,100.0,0.0,0,-1,No n'hi ha,-1.0,3,3,1,0,0,0,0,0,0,0,0,0,0,1,1,3,1,Atropellament,2,2,2,5,-1,2,1,19.1,1,3,1,19,10
845,2010,1,2010-07-02,SE,BARCELONA,Barcelones,3,1,0,1,2,1,0,0,0,1,0,0,0,100.0,0.0,0,-1,No n'hi ha,-1.0,3,3,0,0,0,0,0,0,0,0,0,0,0,1,4,2,1,Atropellament,1,2,2,5,-1,2,1,13.2,0,3,4,2,7
846,2010,0,2010-05-03,C-155,POLINYA,Valles Occidental,3,0,1,0,2,0,0,1,0,1,0,0,0,100.0,0.0,0,2,No n'hi ha,-1.0,2,3,1,0,0,0,1,0,0,0,0,0,0,0,2,-1,1,Col·lisió frontal,-1,1,0,4,2,1,1,18.48,1,2,0,3,5
847,2010,0,2010-02-15,C-31,BADALONA,Barcelones,3,0,3,1,2,0,0,0,0,2,0,0,0,80.0,0.0,0,2,No n'hi ha,-1.0,3,0,1,0,0,0,0,0,0,0,0,0,0,0,4,-1,1,Envestida (frontal lateral),-1,1,2,4,2,2,1,14.3,1,2,0,15,2
848,2010,1,2010-02-02,SE,TARRAGONA,Tarragones,0,0,1,0,2,0,0,0,1,1,0,0,0,20.0,,0,2,No n'hi ha,-1.0,3,3,1,-1,0,0,0,-1,0,0,0,0,0,1,5,4,0,Fregament o col·lisió lateral,2,2,2,5,-1,2,1,22.13,2,2,1,2,2
849,2010,1,2010-08-27,SE,TARRAGONA,Tarragones,0,0,1,1,2,0,0,0,1,1,0,0,0,20.0,,0,2,No n'hi ha,-1.0,3,3,1,-1,0,0,0,-1,0,0,0,0,-1,1,4,4,0,Envestida (frontal lateral),3,2,2,5,-1,2,1,13.2,0,2,4,27,8