,Year,Area,Date,Road,Municipality Name,County Name,Province Name,Fatalties,Serious Injuries,Light Injuries,Units Involved,Pedestrains Involved,Bicycles Involved,Mopeds Involved,Motorcycles,Light Vehicles Involved,Heavy Vehicles Involved,Other Units Involved,Unspecified Units Involved,Road Speed Limit,Accident with Hit and Run,Fog Presence,Surrounding Environment,Special Lane Presence,Special Traffic Measures,Weather Conditions,Special Road Functions,Severity of Accident,Influence of Fog,Influence of Environment,Influence of Traffic,Influence of Weather,Influence of Wind Intensity,Influence of Lighting,Influence of Special Measures,Influence of Road Objects,Influence of Road Surface,Influence of Visibility,Intersection Characteristics,Lighting Conditions,Traffic Regulation and Priority,Direction of Road,Subtype of Accident,Subtype of Road Section,Subzone within Area,Road Surface Conditions,Type of Road,Road Ownership,Wind Conditions,Day of the Week Grouping,Hour of Day,Time of Day Grouping,Type of Accident,Day Type,Day,Month
850,2010,0,2010-09-08,SE,TERRASSA,Valles Occidental,3,0,1,0,2,0,0,0,2,0,0,0,0,100.0,0.0,0,-1,No n'hi ha,-1.0,3,3,1,0,0,0,0,0,0,0,0,0,0,0,4,-1,-1,Envestida (frontal lateral),-1,1,2,3,-1,2,1,8.3,0,2,2,8,9
851,2010,0,2010-06-16,SE,VILADECAVALLS,Valles Occidental,3,0,1,0,2,0,0,0,1,1,0,0,0,100.0,0.0,0,2,No n'hi ha,-1.0,3,3,1,0,0,0,0,0,0,0,0,0,0,0,4,-1,1,Col·lisió frontal,-1,1,2,3,0,2,1,18.1,1,2,2,16,6
852,2010,0,2010-10-31,LV-4241b,ODEN,Solsones,2,0,1,1,1,0,0,0,1,0,0,0,0,100.0,0.0,0,1,No n'hi ha,-1.0,3,3,1,0,0,0,0,0,0,0,0,0,0,0,4,-1,1,Resta sortides de via,-1,1,2,4,2,2,0,16.0,1,1,6,31,10
853,2010,0,2010-01-08,C-55,CASTELLBELL I EL VIL,Bages,3,1,2,1,3,0,0,0,0,2,1,0,0,60.0,0.0,0,3,No n'hi ha,-1.0,3,3,0,0,0,0,0,0,0,0,0,0,0,0,2,-1,1,Envestida (frontal lateral),-1,1,2,4,2,1,1,12.07,0,2,4,8,1
854,2010,1,2010-07-23,SE,VIC,Osona,3,0,1,2,3,0,0,1,0,2,0,0,0,100.0,0.0,0,2,No n'hi ha,-1.0,3,3,1,0,0,0,0,0,0,0,0,0,0,1,4,5,1,Envestida (frontal lateral),2,2,2,5,-1,2,1,13.35,0,2,4,23,7
855,2010,1,2010-04-17,SE,BARCELONA,Barcelones,3,1,0,0,2,0,0,0,1,1,0,0,0,100.0,0.0,0,-1,No n'hi ha,-1.0,3,3,0,0,0,0,0,0,0,0,0,0,0,1,4,2,1,Envestida (frontal lateral),2,2,2,5,-1,2,0,18.3,1,2,5,17,4
856,2010,0,2010-05-23,N-340,VANDELLOS I L'HOSPITALET DE L'INFANT,Baix Camp,0,0,1,1,2,0,0,0,1,1,0,0,0,90.0,0.0,0,2,No n'hi ha,-1.0,3,3,1,-1,0,0,0,-1,0,0,0,0,-1,0,4,-1,1,Envestida (frontal lateral),-1,1,2,4,1,2,0,10.38,0,2,6,23,5
857,2010,1,2010-10-22,SE,SABADELL,Valles Occidental,3,0,1,1,2,1,0,0,1,0,0,0,0,100.0,0.0,0,-1,No n'hi ha,-1.0,3,3,1,0,0,0,0,0,0,0,0,0,0,0,4,-1,-1,Atropellament,-1,2,2,5,-1,2,0,19.02,1,3,4,22,10
858,2010,0,2010-02-28,TV-3316,ALCANAR,Montsia,0,0,1,0,1,0,0,0,0,1,0,0,0,100.0,0.0,0,2,No n'hi ha,-1.0,3,3,1,0,0,0,0,0,0,0,0,0,0,0,4,-1,1,Resta sortides de via,-1,1,2,4,3,2,0,9.15,0,1,6,28,2
859,2010,1,2010-11-06,SE,TERRASSA,Valles Occidental,3,0,1,0,2,1,0,0,0,0,1,0,0,30.0,0.0,0,1,Altres,0.0,3,3,1,0,0,0,0,0,0,0,0,0,0,2,4,-1,1,Atropellament,2,2,3,5,-1,2,0,13.05,0,3,5,6,11
860,2010,1,2010-12-09,SE,GIRONA,Girones,1,0,1,0,2,1,1,0,0,0,0,0,0,30.0,0.0,0,2,No n'hi ha,-1.0,3,3,1,0,0,0,0,0,0,0,0,0,0,0,4,-1,0,Atropellament,-1,2,2,5,-1,2,1,8.2,0,3,3,9,12
861,2010,1,2010-10-07,SE,CERDANYOLA DEL VALLES,Valles Occidental,3,0,1,0,2,1,0,0,0,1,0,0,0,100.0,0.0,0,2,No n'hi ha,-1.0,3,3,1,0,0,0,0,0,0,0,0,0,0,0,3,-1,0,Atropellament,-1,2,2,5,-1,2,1,20.27,1,3,3,7,10
862,2010,0,2010-06-12,SE,BENIFALLET,Baix Ebre,0,0,1,0,2,0,0,0,1,1,0,0,0,100.0,0.0,0,3,No n'hi ha,-1.0,3,3,1,0,1,0,0,0,0,0,0,1,1,0,4,-1,1,Col·lisió frontal,-1,1,2,3,0,2,0,20.2,1,2,5,12,6
863,2010,0,2010-12-21,N-141c,MOIA,Moianès,3,0,1,0,3,0,0,0,0,3,0,0,0,100.0,0.0,1,2,No n'hi ha,-1.0,3,3,1,1,0,0,0,0,0,0,0,0,0,0,1,-1,1,Envestida (frontal lateral),-1,1,2,4,1,2,1,18.3,1,2,1,21,12
864,2010,0,2010-09-24,B-520,SANTA EUGENIA DE BER,Osona,3,0,2,2,2,0,0,0,0,2,0,0,0,60.0,0.0,0,2,No n'hi ha,-1.0,1,3,1,0,0,0,1,0,1,0,0,0,0,0,2,-1,1,Col·lisió frontal,-1,1,0,4,3,2,0,19.15,1,2,4,24,9
865,2010,0,2010-11-07,N-420,RIUDOMS,Baix Camp,0,3,4,5,4,0,0,0,0,4,0,0,0,100.0,0.0,0,-1,No n'hi ha,-1.0,3,3,0,0,0,0,0,0,0,0,0,0,0,0,4,-1,-1,Col·lisió frontal,-1,1,2,4,-1,2,0,9.4,0,2,6,7,11
866,2010,0,2010-11-27,GI-555,MASSANES,Selva,1,0,1,0,1,0,0,0,0,1,0,0,0,90.0,0.0,0,-1,No n'hi ha,-1.0,1,3,1,-1,0,0,0,-1,0,0,0,0,0,0,3,-1,1,Sortida de via amb bolcada,-1,1,0,4,2,2,0,2.51,2,1,5,27,11
867,2010,1,2010-01-20,SE,VILANOVA I LA GELTRU,Garraf,3,0,1,0,2,0,1,0,0,1,0,0,0,100.0,0.0,0,2,No n'hi ha,-1.0,3,3,1,0,0,0,0,0,0,0,0,0,0,1,4,4,1,Fregament o col·lisió lateral,0,2,2,5,-1,2,1,16.15,1,2,2,20,1
868,2010,0,2010-06-11,C-31,"PRAT DE LLOBREGAT, E",Baix Llobregat,3,0,1,0,2,0,0,0,1,1,0,0,0,90.0,0.0,0,-1,No n'hi ha,-1.0,3,3,1,-1,0,0,0,-1,0,0,0,0,-1,0,4,-1,0,Envestida (frontal lateral),-1,1,2,4,2,2,1,12.3,0,2,4,11,6
869,2010,1,2010-11-09,SE,CASTELLDEFELS,Baix Llobregat,3,0,1,0,2,1,0,0,0,1,0,0,0,100.0,0.0,0,2,No n'hi ha,-1.0,3,3,1,0,0,0,0,0,1,0,0,0,0,2,4,2,1,Atropellament,2,2,2,5,-1,2,1,9.41,0,3,1,9,11
870,2010,0,2010-05-08,C-25,SANTA MARIA D'OLO,Moianès,3,0,1,0,2,0,0,0,0,1,1,0,0,90.0,0.0,0,3,No n'hi ha,-1.0,3,3,1,0,0,0,0,0,0,0,0,0,0,0,1,-1,1,Envestida (frontal lateral),-1,1,2,4,2,2,0,6.11,0,2,5,8,5
871,2010,0,2010-10-30,N-260,SORT,Pallars Sobira,2,0,1,1,2,0,0,0,0,2,0,0,0,70.0,0.0,0,1,No n'hi ha,-1.0,3,3,1,0,0,0,0,0,0,0,0,0,0,0,2,-1,1,Envestida (frontal lateral),-1,1,2,4,1,2,0,18.1,1,2,5,30,10
872,2010,1,2010-02-19,SE,ROQUETES,Baix Ebre,0,0,1,2,2,1,0,1,0,0,0,0,0,100.0,0.0,0,1,No n'hi ha,-1.0,3,1,1,0,0,0,0,0,0,0,0,0,0,2,5,2,1,Atropellament,2,0,2,5,-1,2,0,19.0,1,3,4,19,2
873,2010,0,2010-08-29,SE,SALOU,Tarragones,0,0,1,0,1,0,0,0,1,0,0,0,0,50.0,0.0,0,2,No n'hi ha,-1.0,3,3,1,0,0,0,0,0,0,0,0,0,0,1,4,4,1,Xoc contra objecte/obstacle sense sortida prèvia de via,0,1,2,3,3,2,0,19.07,1,4,6,29,8
874,2010,1,2010-09-12,SE,GRANOLLERS,Valles Oriental,3,0,1,0,2,0,0,0,1,1,0,0,0,100.0,0.0,0,2,No n'hi ha,-1.0,3,3,1,0,0,0,0,0,0,0,0,0,0,1,5,3,1,Envestida (frontal lateral),2,2,2,5,-1,2,0,22.35,2,2,6,12,9
875,2010,1,2010-10-09,SE,BARCELONA,Barcelones,3,0,1,0,2,1,0,0,0,1,0,0,0,100.0,0.0,0,-1,No n'hi ha,-1.0,3,3,1,0,0,0,0,0,0,0,0,0,0,1,5,2,1,Atropellament,1,2,2,5,-1,2,0,21.0,1,3,5,9,10
876,2010,0,2010-02-18,N-II,"MASNOU, EL",Maresme,3,0,1,0,2,1,0,0,0,1,0,0,0,50.0,0.0,0,2,No n'hi ha,-1.0,3,3,1,-1,0,0,0,-1,0,0,0,0,-1,0,4,-1,1,Atropellament,-1,1,2,4,1,2,1,13.4,0,3,3,18,2
877,2010,0,2010-07-06,C-55,CASTELLBELL I EL VIL,Bages,3,0,1,0,1,0,1,0,0,0,0,0,0,60.0,0.0,0,2,No n'hi ha,-1.0,3,3,1,-1,0,0,0,-1,0,0,0,0,-1,0,4,-1,1,Xoc contra objecte/obstacle sense sortida prèvia de via,-1,1,2,4,2,2,1,14.04,1,4,1,6,7
878,2010,0,2010-01-19,N-340,"AMPOLLA, L'",Baix Ebre,0,0,1,3,1,0,0,0,0,1,0,0,0,80.0,0.0,0,2,No n'hi ha,-1.0,3,3,1,0,0,0,0,0,0,0,0,0,1,0,3,-1,1,Resta sortides de via,-1,1,2,4,1,2,1,22.18,2,1,1,19,1
879,2010,1,2010-06-25,SE,BARCELONA,Barcelones,3,0,1,0,2,1,0,0,0,1,0,0,0,100.0,0.0,0,-1,No n'hi ha,-1.0,3,3,1,0,0,0,0,0,0,0,0,0,0,0,5,-1,0,Atropellament,-1,2,2,5,-1,2,0,22.3,2,3,4,25,6
880,2010,0,2010-06-11,BV-5119,MOLLET DEL VALLES,Valles Oriental,3,0,1,0,2,0,0,0,1,1,0,0,0,90.0,0.0,0,2,No n'hi ha,-1.0,3,3,1,-1,0,0,0,-1,0,0,0,0,-1,0,1,-1,1,Caiguda en la via,-1,1,0,4,3,2,0,21.0,1,0,4,11,6
881,2010,0,2010-12-11,AL,TERRASSA,Valles Occidental,3,0,1,0,2,0,1,0,0,1,0,0,0,100.0,0.0,0,-1,No n'hi ha,-1.0,3,3,1,0,0,0,0,0,0,0,0,0,0,0,4,-1,-1,Encalç,-1,1,2,4,-1,2,0,12.1,0,2,5,11,12
882,2010,1,2010-12-20,SE,BARCELONA,Barcelones,3,0,1,2,4,0,0,0,1,3,0,0,0,100.0,0.0,0,-1,No n'hi ha,-1.0,3,3,1,0,0,1,0,0,0,0,0,0,0,0,1,-1,0,Fregament o col·lisió lateral,-1,2,2,5,-1,2,1,17.45,1,2,0,20,12
883,2010,1,2010-05-22,SE,BADALONA,Barcelones,3,0,1,0,1,0,0,0,1,0,0,0,0,100.0,0.0,0,-1,No n'hi ha,-1.0,3,3,1,0,0,0,0,0,0,0,0,0,0,0,5,-1,0,Caiguda en la via,-1,2,2,5,-1,2,0,4.07,2,0,5,22,5
884,2010,0,2010-03-29,C-28,ALT ANEU,Pallars Sobira,2,0,1,0,1,0,0,0,1,0,0,0,0,40.0,0.0,0,0,No n'hi ha,-1.0,3,3,1,0,0,0,0,0,0,0,0,0,0,0,3,-1,1,Xoc contra objecte/obstacle sense sortida prèvia de via,-1,1,2,4,2,2,1,0.3,2,4,0,29,3
885,2010,1,2010-03-04,SE,BARCELONA,Barcelones,3,0,1,0,2,1,0,0,1,0,0,0,0,100.0,0.0,0,-1,No n'hi ha,-1.0,3,3,1,0,0,0,0,0,0,0,1,0,0,0,5,-1,0,Xoc contra objecte/obstacle sense sortida prèvia de via,-1,2,2,5,-1,2,1,19.45,1,4,3,4,3
886,2010,1,2010-03-30,SE,MATARO,Maresme,3,0,1,0,1,0,0,0,1,0,0,0,0,20.0,0.0,0,2,No n'hi ha,-1.0,3,3,1,-1,0,0,0,-1,0,0,0,0,-1,0,4,-1,1,Caiguda en la via,-1,2,2,5,-1,2,1,16.05,1,0,1,30,3
887,2010,1,2010-04-28,SE,BADALONA,Barcelones,3,0,1,0,2,0,1,0,0,0,1,0,0,100.0,0.0,0,-1,No n'hi ha,-1.0,3,3,1,0,0,0,0,0,0,0,0,0,0,1,4,2,0,Caiguda en la via,2,2,2,5,-1,2,1,11.35,0,0,2,28,4
888,2010,1,2010-04-10,SE,TERRASSA,Valles Occidental,3,0,1,0,2,0,0,0,1,1,0,0,0,100.0,0.0,0,-1,No n'hi ha,-1.0,3,3,1,0,0,0,0,0,0,0,0,0,0,0,4,-1,-1,Encalç,-1,2,2,5,-1,2,0,11.5,0,2,5,10,4
889,2010,1,2010-10-19,SE,TARRAGONA,Tarragones,0,0,2,0,3,2,0,0,0,1,0,0,0,100.0,0.0,0,2,No n'hi ha,-1.0,3,3,1,0,0,0,0,0,1,0,0,0,0,0,4,-1,1,Atropellament,-1,2,2,5,-1,2,1,18.01,1,3,1,19,10
890,2010,1,2010-04-22,SE,GRANOLLERS,Valles Oriental,3,0,1,0,2,1,0,0,0,1,0,0,0,100.0,0.0,0,2,No n'hi ha,-1.0,3,3,1,0,0,0,0,0,0,0,0,0,0,2,4,2,1,Atropellament,2,2,2,5,-1,2,1,13.2,0,3,3,22,4
891,2010,0,2010-11-21,C-17,PARETS DEL VALLES,Valles Oriental,3,1,0,0,2,1,0,0,0,1,0,0,0,100.0,0.0,0,2,No n'hi ha,-1.0,3,3,0,0,0,0,0,0,0,0,0,0,0,0,0,-1,0,Atropellament,-1,1,2,4,2,2,0,6.15,0,3,6,21,11
892,2010,0,2010-12-08,C-13,VALLFOGONA DE BALAGUER,Noguera,2,1,0,1,1,0,0,0,0,1,0,0,0,100.0,0.0,0,2,No n'hi ha,-1.0,3,3,0,0,1,0,0,0,0,0,0,0,0,1,3,4,1,Xoc contra objecte/obstacle sense sortida prèvia de via,0,1,2,4,2,2,1,4.45,2,4,2,8,12
893,2010,1,2010-03-01,SE,BARCELONA,Barcelones,3,0,1,1,5,0,0,0,1,4,0,0,0,100.0,0.0,0,-1,Carril bici,-1.0,3,3,1,0,0,0,0,0,0,0,0,0,0,1,5,3,0,Fregament o col·lisió lateral,2,2,2,5,-1,2,1,6.15,0,2,0,1,3
894,2010,1,2010-04-09,SE,BARCELONA,Barcelones,3,0,1,0,2,0,0,0,1,1,0,0,0,100.0,0.0,0,-1,Carril reversible,-1.0,3,3,1,0,0,1,0,0,0,0,0,0,0,0,4,-1,1,Fregament o col·lisió lateral,-1,2,2,5,-1,2,0,18.05,1,2,4,9,4
895,2010,1,2010-10-26,SE,ROSES,Alt Emporda,1,0,1,0,2,1,0,0,0,1,0,0,0,100.0,0.0,0,1,No n'hi ha,-1.0,3,3,1,0,0,0,0,0,0,0,0,0,0,0,4,-1,1,Atropellament,-1,2,2,5,-1,2,1,11.3,0,3,1,26,10
896,2010,1,2010-09-27,SE,MANRESA,Bages,3,0,1,0,2,0,0,1,0,1,0,0,0,100.0,0.0,0,2,No n'hi ha,-1.0,3,3,1,0,0,0,0,0,0,0,0,0,1,1,4,4,1,Envestida (frontal lateral),1,2,2,5,-1,2,1,9.14,0,2,0,27,9
897,2010,1,2010-09-28,SE,LLEIDA,Segria,2,0,1,0,2,0,0,0,1,0,1,0,0,100.0,0.0,0,-1,No n'hi ha,-1.0,3,3,1,0,0,0,0,0,0,0,0,0,0,0,4,-1,-1,Fregament o col·lisió lateral,-1,2,2,5,-1,2,1,16.0,1,2,1,28,9
898,2010,0,2010-02-24,C-55,CASTELLGALI,Bages,3,1,0,4,4,0,0,0,0,4,0,0,0,100.0,0.0,0,-1,No n'hi ha,-1.0,3,3,0,0,0,0,0,0,0,0,0,0,0,0,4,-1,-1,Encalç,-1,1,2,4,-1,2,1,7.04,0,2,2,24,2
899,2010,1,2010-04-28,SE,GRANOLLERS,Valles Oriental,3,0,1,0,2,1,0,0,0,1,0,0,0,30.0,0.0,0,2,No n'hi ha,-1.0,3,3,1,0,0,0,0,0,0,0,0,0,0,0,4,-1,0,Atropellament,-1,2,2,5,-1,2,1,17.15,1,3,2,28,4
900,2010,0,2010-06-06,C-14,RIBERA D'URGELLET,Alt Urgell,2,0,1,2,3,0,0,0,0,2,1,0,0,100.0,0.0,0,1,No n'hi ha,-1.0,1,3,1,0,0,0,0,0,0,0,0,0,0,0,1,-1,1,Fregament o col·lisió lateral,-1,1,0,4,2,2,0,6.4,0,2,6,6,6
901,2010,1,2010-12-13,SE,GIRONA,Girones,1,0,1,1,4,0,0,0,1,2,1,0,0,100.0,0.0,0,2,No n'hi ha,-1.0,3,3,1,0,0,0,0,0,0,0,0,0,0,1,4,5,1,Caiguda en la via,2,2,2,5,-1,2,1,15.2,1,0,0,13,12
902,2010,0,2010-10-16,C-17,"LLAGOSTA, LA",Valles Oriental,3,1,0,0,1,0,0,0,1,0,0,0,0,100.0,0.0,0,3,Carril habilitat en sentit contrari habitual,-1.0,3,3,0,0,0,0,0,0,0,0,0,0,0,0,4,-1,1,Resta sortides de via,-1,1,2,4,2,2,0,8.4,0,1,5,16,10
903,2010,0,2010-06-04,GI-533,AIGUAVIVA,Girones,1,0,1,0,2,0,0,0,1,1,0,0,0,50.0,0.0,0,2,No n'hi ha,-1.0,3,3,1,0,0,0,0,0,0,0,0,0,0,1,4,5,1,Envestida (frontal lateral),1,1,2,4,2,2,0,20.2,1,2,4,4,6
904,2010,1,2010-07-10,SE,BARCELONA,Barcelones,3,0,1,0,2,0,0,0,1,1,0,0,0,100.0,0.0,0,-1,No n'hi ha,-1.0,3,3,1,0,0,0,0,0,0,0,0,0,0,1,4,4,0,Envestida (frontal lateral),2,2,2,5,-1,2,0,15.1,1,2,5,10,7
905,2010,1,2010-01-04,SE,BARCELONA,Barcelones,3,0,1,0,2,0,0,0,1,1,0,0,0,80.0,0.0,0,-1,No n'hi ha,-1.0,3,3,1,0,0,0,0,0,0,0,0,0,0,0,4,-1,1,Caiguda en la via,-1,2,2,5,-1,2,1,15.4,1,0,0,4,1
906,2010,1,2010-09-04,SE,BADALONA,Barcelones,3,0,1,0,2,1,0,0,0,1,0,0,0,100.0,0.0,0,-1,No n'hi ha,-1.0,3,3,1,0,0,0,0,0,0,0,0,0,0,1,4,2,1,Atropellament,2,2,2,5,-1,2,0,11.36,0,3,5,4,9
907,2010,0,2010-06-24,AP-7,FOGARS DE TORDERA,Selva,3,0,2,4,4,0,0,0,0,2,2,0,0,100.0,0.0,0,2,No n'hi ha,-1.0,3,3,1,0,0,0,0,0,0,0,0,0,0,0,3,-1,1,Encalç,-1,1,2,4,4,2,1,5.35,2,2,3,24,6
908,2010,0,2010-07-25,C-12,CAMARASA,Noguera,2,0,1,4,2,0,0,0,0,2,0,0,0,90.0,0.0,0,2,No n'hi ha,-1.0,3,3,1,-1,0,0,0,-1,0,0,0,0,-1,1,4,4,1,Fregament o col·lisió lateral,1,1,2,4,2,2,0,17.15,1,2,6,25,7
909,2010,1,2010-12-11,SE,VILAFRANCA DEL PENEDES,Alt Penedes,3,0,1,0,2,0,0,0,1,1,0,0,0,20.0,0.0,0,-1,No n'hi ha,-1.0,3,3,1,0,0,0,0,0,0,0,0,0,0,1,4,4,-1,Envestida (frontal lateral),1,2,2,5,-1,2,0,12.43,0,2,5,11,12
910,2010,0,2010-06-01,TV-3148,VILA-SECA,Tarragones,0,0,1,1,2,0,0,1,0,1,0,0,0,40.0,0.0,0,0,No n'hi ha,-1.0,3,3,1,0,0,0,0,0,0,0,0,0,0,1,0,4,1,Envestida (frontal lateral),0,1,2,4,3,2,1,0.05,2,2,1,1,6
911,2010,1,2010-10-19,SE,LLEIDA,Segria,2,0,1,0,2,1,0,0,0,1,0,0,0,20.0,,0,2,No n'hi ha,-1.0,3,3,1,-1,0,0,0,-1,0,0,0,0,-1,1,4,2,0,Atropellament,2,2,2,5,-1,2,1,8.45,0,3,1,19,10
912,2010,0,2010-10-21,B-142,POLINYA,Valles Occidental,3,0,1,0,2,1,0,0,1,0,0,0,0,60.0,0.0,0,2,No n'hi ha,-1.0,3,3,1,0,0,0,0,0,0,0,0,0,0,0,4,-1,1,Atropellament,-1,1,2,4,3,2,1,18.11,1,3,3,21,10
913,2010,0,2010-06-27,C-26,"LLOSSES, LES",Ripolles,1,1,1,1,2,0,0,0,2,0,0,0,0,100.0,0.0,0,1,No n'hi ha,-1.0,3,3,0,0,0,0,0,0,0,0,0,0,0,0,4,-1,1,Xoc contra objecte/obstacle sense sortida prèvia de via,-1,1,2,4,2,2,0,10.0,0,4,6,27,6
914,2010,1,2010-02-18,SE,HOSPITALET DE LLOBREGAT,Barcelones,3,0,1,1,2,1,0,0,1,0,0,0,0,20.0,0.0,0,-1,No n'hi ha,-1.0,2,3,1,-1,0,0,1,-1,1,0,0,0,1,0,3,-1,1,Atropellament,-1,2,0,5,-1,2,1,22.05,2,3,3,18,2
915,2010,0,2010-06-22,GI-682,BLANES,Selva,1,0,1,0,2,0,0,0,1,1,0,0,0,90.0,0.0,0,2,No n'hi ha,-1.0,3,1,1,-1,0,0,0,-1,0,0,0,0,-1,2,5,5,1,Fregament o col·lisió lateral,3,1,2,4,3,2,1,22.29,2,2,1,22,6
917,2010,0,2010-03-28,CR08,BARCELONA,Barcelones,3,0,1,0,1,0,0,0,0,1,0,0,0,60.0,0.0,0,-1,No n'hi ha,-1.0,3,1,1,0,0,0,0,0,0,0,0,0,0,0,5,-1,1,Resta sortides de via,-1,1,2,2,2,2,0,5.45,2,1,6,28,3
918,2010,1,2010-10-04,SE,BARCELONA,Barcelones,3,0,1,1,2,0,0,0,1,1,0,0,0,100.0,0.0,0,-1,No n'hi ha,-1.0,3,3,1,0,0,0,0,0,0,0,0,0,0,1,5,3,0,Envestida (frontal lateral),2,2,2,5,-1,2,1,20.2,1,2,0,4,10
919,2010,1,2010-06-17,SE,SABADELL,Valles Occidental,3,0,1,1,3,1,0,1,0,1,0,0,0,100.0,0.0,0,2,No n'hi ha,-1.0,3,3,1,0,0,0,0,0,0,0,0,0,0,1,4,4,0,Atropellament,2,2,2,5,-1,2,1,10.15,0,3,3,17,6
920,2010,0,2010-02-27,B-500,SANT FOST DE CAMPSEN,Valles Oriental,3,1,1,1,2,0,0,1,0,1,0,0,0,50.0,1.0,0,1,No n'hi ha,-1.0,3,3,0,0,0,0,0,0,0,0,0,0,0,0,0,-1,1,Col·lisió frontal,-1,1,2,4,2,2,0,21.1,1,2,5,27,2
921,2010,0,2010-10-14,C-63,RIUDARENES,Selva,1,0,1,0,1,0,1,0,0,0,0,0,0,100.0,0.0,0,2,No n'hi ha,-1.0,3,3,1,0,0,0,0,0,0,0,0,0,0,0,4,-1,1,Caiguda en la via,-1,1,2,4,3,2,1,13.05,0,0,3,14,10
922,2010,0,2010-09-04,N-260,ALP,Cerdanya,1,0,1,1,1,0,0,0,1,0,0,0,0,60.0,0.0,0,1,No n'hi ha,-1.0,3,3,1,0,1,0,0,0,0,0,0,0,0,0,4,-1,1,Caiguda en la via,-1,1,2,4,1,2,0,15.37,1,0,5,4,9
923,2010,0,2010-09-05,C-58,VACARISSES,Valles Occidental,3,1,2,3,5,0,0,0,3,2,0,0,0,100.0,0.0,0,1,No n'hi ha,-1.0,3,3,0,0,0,0,0,0,0,0,0,0,0,0,4,-1,1,Col·lisió frontal,-1,1,2,4,2,2,0,19.41,1,2,6,5,9
924,2010,0,2010-09-06,C-16,"NOU DE BERGUEDA, LA",Bergueda,3,0,2,0,1,0,0,0,0,1,0,0,0,100.0,0.0,0,3,No n'hi ha,-1.0,3,3,1,0,0,0,0,0,0,0,0,0,0,0,2,-1,1,Resta sortides de via,-1,1,2,4,2,2,1,18.26,1,1,0,6,9
925,2010,0,2010-10-15,L-500,BARRUERA,Alta Ribagorca,2,0,1,0,1,0,0,0,0,1,0,0,0,100.0,0.0,0,1,No n'hi ha,-1.0,3,3,1,0,0,0,0,0,0,0,1,0,1,0,3,-1,1,Xoc contra objecte/obstacle sense sortida prèvia de via,-1,1,2,4,2,2,0,21.21,1,4,4,15,10
926,2010,1,2010-09-08,SE,TERRASSA,Valles Occidental,3,0,1,0,2,1,0,0,0,1,0,0,0,100.0,0.0,0,-1,No n'hi ha,-1.0,3,3,1,0,0,0,0,0,0,0,0,0,0,0,4,-1,-1,Atropellament,-1,2,2,5,-1,2,1,9.35,0,3,2,8,9
927,2010,1,2010-08-06,SE,BARCELONA,Barcelones,3,0,1,1,2,1,0,0,1,0,0,0,0,100.0,0.0,0,-1,No n'hi ha,-1.0,3,3,1,0,0,0,0,0,0,0,0,0,0,1,4,3,0,Atropellament,2,2,2,5,-1,2,0,21.2,1,3,4,6,8
928,2010,0,2010-11-20,B-522,GURB,Osona,3,0,2,0,3,0,0,0,0,3,0,0,0,100.0,0.0,0,3,No n'hi ha,-1.0,3,3,1,0,1,0,0,0,0,0,1,0,0,0,4,-1,1,Col·lisió frontal,-1,1,2,4,3,2,0,13.05,0,2,5,20,11
929,2010,0,2010-06-09,B-224,SANT ESTEVE SESROVIRES,Baix Llobregat,3,0,1,2,2,0,0,0,0,2,0,0,0,100.0,0.0,0,2,No n'hi ha,-1.0,1,3,1,0,0,0,0,0,0,0,0,0,0,0,2,-1,1,Envestida (frontal lateral),-1,1,0,4,2,2,1,14.12,1,2,2,9,6
930,2010,0,2010-09-09,N-II,GIRONA,Girones,1,0,1,0,2,0,0,0,0,1,1,0,0,100.0,0.0,0,2,No n'hi ha,-1.0,3,3,1,0,0,0,0,0,0,0,0,0,0,0,4,-1,1,Col·lisió frontal,-1,1,2,4,1,2,1,12.15,0,2,3,9,9
931,2010,0,2010-10-09,N-340,TARRAGONA,Tarragones,0,0,1,0,1,0,0,0,0,1,0,0,0,120.0,0.0,0,2,No n'hi ha,-1.0,3,3,1,-1,0,0,0,-1,0,0,0,0,-1,0,0,-1,1,Resta sortides de via,-1,1,2,1,1,2,0,22.0,2,1,5,9,10
932,2010,1,2010-04-20,C-66,BORDILS,Girones,1,1,0,0,2,1,0,0,0,1,0,0,0,50.0,0.0,0,2,No n'hi ha,-1.0,3,1,0,0,0,0,0,0,0,0,0,0,0,0,4,-1,1,Sortida de via amb atropellament,-1,0,2,4,2,2,1,10.4,0,1,1,20,4
933,2010,0,2010-10-29,N-II,FORNELLS DE LA SELVA,Girones,1,0,2,3,4,0,0,0,0,3,1,0,0,100.0,0.0,0,1,No n'hi ha,-1.0,3,3,1,0,0,0,0,0,0,0,0,0,0,1,4,4,1,Envestida (frontal lateral),3,1,2,4,1,2,1,9.43,0,2,4,29,10
934,2010,1,2010-04-04,SE,LLICA D'AMUNT,Valles Oriental,3,0,1,0,1,0,0,0,0,0,0,1,0,20.0,0.0,0,3,No n'hi ha,-1.0,3,3,1,0,0,0,0,0,0,0,0,0,0,0,4,-1,1,Caiguda en la via,-1,2,2,5,-1,2,0,14.0,1,0,6,4,4