,Year,Area,Date,Road,Municipality Name,County Name,Province Name,Fatalties,Serious Injuries,Light Injuries,Units Involved,Pedestrains Involved,Bicycles Involved,Mopeds Involved,Motorcycles,Light Vehicles Involved,Heavy Vehicles Involved,Other Units Involved,Unspecified Units Involved,Road Speed Limit,Accident with Hit and Run,Fog Presence,Surrounding Environment,Special Lane Presence,Special Traffic Measures,Weather Conditions,Special Road Functions,Severity of Accident,Influence of Fog,Influence of Environment,Influence of Traffic,Influence of Weather,Influence of Wind Intensity,Influence of Lighting,Influence of Special Measures,Influence of Road Objects,Influence of Road Surface,Influence of Visibility,Intersection Characteristics,Lighting Conditions,Traffic Regulation and Priority,Direction of Road,Subtype of Accident,Subtype of Road Section,Subzone within Area,Road Surface Conditions,Type of Road,Road Ownership,Wind Conditions,Day of the Week Grouping,Hour of Day,Time of Day Grouping,Type of Accident,Day Type,Day,Month
935,2010,1,2010-10-01,N-340,"ALDEA, L'",Baix Ebre,0,0,1,0,2,0,0,0,1,1,0,0,0,50.0,0.0,0,3,No n'hi ha,-1.0,3,1,1,0,0,0,0,0,0,0,0,0,0,2,4,3,1,Caiguda en la via,1,0,2,4,1,2,1,10.42,0,0,4,1,10
936,2010,0,2010-07-11,N-340,"PERELLO, EL",Baix Ebre,0,1,0,1,2,0,0,0,0,1,1,0,0,100.0,0.0,0,0,No n'hi ha,-1.0,3,3,0,0,0,0,0,0,0,0,0,0,0,0,4,-1,1,Col·lisió frontal,-1,1,2,4,1,2,0,19.15,1,2,6,11,7
937,2010,0,2010-05-09,N-260,BESALU,Garrotxa,1,1,1,0,1,0,0,0,0,1,0,0,0,80.0,0.0,0,2,No n'hi ha,-1.0,3,3,0,0,0,0,0,0,0,0,0,0,0,0,4,-1,1,Resta sortides de via,-1,1,2,4,1,2,0,14.59,1,1,6,9,5
938,2010,1,2010-11-16,SE,GIRONA,Girones,1,0,1,0,2,0,1,0,0,1,0,0,0,100.0,0.0,0,2,No n'hi ha,-1.0,3,3,1,0,0,0,0,0,0,0,0,0,0,2,5,5,1,Envestida (frontal lateral),3,2,2,5,-1,2,1,20.39,1,2,1,16,11
939,2010,1,2010-02-28,SE,CALAFELL,Baix Penedes,0,0,1,1,2,0,0,1,0,1,0,0,0,20.0,0.0,0,3,No n'hi ha,-1.0,3,3,1,-1,0,0,0,-1,0,0,0,0,0,1,3,4,1,Envestida (frontal lateral),1,2,2,5,-1,2,0,19.12,1,2,6,28,2
940,2010,0,2010-09-06,LV-3003,SANT RAMON,Segarra,2,1,0,1,1,0,0,0,0,1,0,0,0,100.0,0.0,0,3,No n'hi ha,-1.0,1,3,0,0,0,0,1,0,0,0,0,0,0,0,2,-1,1,Caiguda en la via,-1,1,0,4,3,2,1,19.19,1,0,0,6,9
941,2010,1,2010-01-11,SE,BARCELONA,Barcelones,3,0,1,1,2,0,0,1,0,1,0,0,0,100.0,0.0,0,-1,No n'hi ha,-1.0,3,3,1,0,0,0,0,0,0,0,0,0,0,1,5,3,0,Envestida (frontal lateral),2,2,2,5,-1,2,1,21.55,1,2,0,11,1
942,2010,1,2010-03-27,SE,BARCELONA,Barcelones,3,0,1,0,2,0,0,0,1,1,0,0,0,100.0,0.0,0,-1,No n'hi ha,-1.0,3,3,1,0,0,0,0,0,0,0,0,0,0,1,4,3,0,Fregament o col·lisió lateral,2,2,2,5,-1,2,0,14.0,1,2,5,27,3
943,2010,0,2010-12-27,N-260,GARRIGUELLA,Alt Emporda,1,0,1,1,2,0,0,0,0,2,0,0,0,90.0,0.0,0,2,No n'hi ha,-1.0,3,3,1,-1,1,0,0,-1,0,0,0,0,0,0,3,-1,1,Col·lisió frontal,-1,1,2,4,1,2,1,18.4,1,2,0,27,12
944,2010,0,2010-09-17,TP-3311,ULLDECONA,Montsia,0,1,2,0,2,0,0,0,0,2,0,0,0,100.0,0.0,0,1,No n'hi ha,-1.0,3,3,0,0,0,0,0,0,0,0,0,0,0,0,4,-1,1,Envestida (frontal lateral),-1,1,2,4,3,2,1,13.2,0,2,4,17,9
945,2010,0,2010-07-11,N-340,"PERELLO, EL",Baix Ebre,0,0,1,0,2,1,0,0,0,1,0,0,0,100.0,0.0,0,0,No n'hi ha,3.0,3,3,1,0,0,1,0,0,1,0,0,0,0,0,3,-1,1,Atropellament,-1,1,2,4,1,2,0,22.25,2,3,6,11,7
946,2010,1,2010-06-29,SE,BARCELONA,Barcelones,3,0,1,1,2,1,0,0,1,0,0,0,0,100.0,0.0,0,-1,No n'hi ha,-1.0,3,3,1,0,0,0,0,0,0,0,0,0,0,1,4,3,0,Atropellament,2,2,2,5,-1,2,1,19.2,1,3,1,29,6
947,2010,1,2010-07-21,SE,SANT PERE DE RIBES,Garraf,3,0,1,0,1,0,0,0,1,0,0,0,0,30.0,0.0,0,2,No n'hi ha,-1.0,3,3,1,0,0,0,0,0,0,0,0,0,0,2,4,-1,0,Caiguda en la via,1,2,2,5,-1,2,1,18.45,1,0,2,21,7
948,2010,1,2010-02-01,SE,BARCELONA,Barcelones,3,0,1,0,2,1,0,0,0,1,0,0,0,100.0,0.0,0,-1,No n'hi ha,-1.0,3,3,1,0,0,0,0,0,0,0,0,0,0,1,5,3,0,Atropellament,2,2,2,5,-1,2,1,19.55,1,3,0,1,2
949,2010,0,2010-03-14,N-II,SANT ANDREU DE LLAVANERES,Maresme,3,0,1,1,1,0,0,0,1,0,0,0,0,100.0,0.0,0,2,No n'hi ha,0.0,3,3,1,0,0,1,0,0,0,0,0,0,0,0,4,-1,1,Caiguda en la via,-1,1,2,4,1,2,0,12.21,0,0,6,14,3
950,2010,1,2010-01-01,SE,SANT FELIU DE BUIXALLEU,Selva,1,0,1,0,1,0,0,0,0,1,0,0,0,20.0,0.0,0,2,No n'hi ha,-1.0,3,3,1,-1,0,0,0,-1,0,0,0,0,-1,0,5,-1,-1,Resta sortides de via,-1,2,2,5,-1,2,1,3.3,2,1,4,1,1
951,2010,1,2010-06-16,SE,TARRAGONA,Tarragones,0,0,1,0,2,1,0,0,0,1,0,0,0,20.0,0.0,0,-1,No n'hi ha,-1.0,3,3,1,-1,0,0,0,-1,0,0,0,0,-1,0,4,-1,1,Atropellament,-1,2,2,5,-1,2,1,12.0,0,3,2,16,6
952,2010,0,2010-07-30,AP-7,FOGARS DE TORDERA,Selva,3,1,2,1,3,0,0,0,0,3,0,0,0,100.0,0.0,0,1,No n'hi ha,-1.0,1,3,0,0,0,0,0,0,0,0,0,0,0,0,3,-1,1,Fregament o col·lisió lateral,-1,1,2,4,1,2,0,23.17,2,2,4,30,7
953,2010,0,2010-12-09,N-260,PRULLANS,Cerdanya,2,1,0,2,2,0,0,0,0,2,0,0,0,70.0,0.0,0,1,No n'hi ha,-1.0,3,3,0,0,0,0,0,0,0,0,0,0,0,0,3,-1,1,Col·lisió frontal,-1,1,2,4,1,2,1,18.1,1,2,3,9,12
954,2010,1,2010-02-17,SE,ROSES,Alt Emporda,1,1,0,0,2,1,0,0,0,0,1,0,0,40.0,0.0,0,1,No n'hi ha,-1.0,3,1,0,0,0,0,0,0,0,0,0,0,0,0,4,-1,1,Atropellament,-1,0,2,5,0,2,1,9.07,0,3,2,17,2
955,2010,1,2010-05-31,SE,SALOU,Tarragones,0,0,1,0,2,0,0,0,1,1,0,0,0,100.0,0.0,0,2,No n'hi ha,-1.0,3,3,1,0,0,0,0,0,0,0,0,0,0,1,4,4,0,Envestida (frontal lateral),1,2,2,5,-1,2,1,17.0,1,2,0,31,5
956,2010,1,2010-05-02,SE,BARCELONA,Barcelones,3,0,1,0,3,0,0,1,0,2,0,0,0,100.0,0.0,0,-1,No n'hi ha,-1.0,1,3,1,0,0,0,0,0,0,0,0,0,0,1,5,2,0,Envestida (frontal lateral),2,2,0,5,-1,2,0,5.3,2,2,6,2,5
957,2010,0,2010-11-01,C-12,XERTA,Baix Ebre,0,0,1,0,2,1,0,0,0,0,1,0,0,40.0,0.0,0,2,No n'hi ha,-1.0,3,3,1,0,0,0,0,0,0,0,0,0,0,0,4,-1,0,Atropellament,-1,1,2,4,2,2,1,15.27,1,3,0,1,11
958,2010,1,2010-11-19,N-IIa,SANT JULIA DE RAMIS,Girones,1,0,1,2,3,0,0,0,0,3,0,0,0,60.0,0.0,0,2,Carril central,-1.0,3,1,1,0,0,0,0,0,0,0,0,0,0,2,5,-1,1,Col·lisió frontal,1,0,2,4,1,2,0,21.4,1,2,4,19,11
959,2010,1,2010-10-05,SE,BARCELONA,Barcelones,3,0,2,1,2,0,1,0,1,0,0,0,0,100.0,0.0,0,-1,No n'hi ha,-1.0,3,3,1,0,0,0,0,0,0,0,0,0,0,1,4,3,1,Envestida (frontal lateral),2,2,2,5,-1,2,1,14.2,1,2,1,5,10
960,2010,1,2010-11-13,SE,SABADELL,Valles Occidental,3,0,2,6,5,0,0,0,0,5,0,0,0,100.0,0.0,0,-1,No n'hi ha,-1.0,3,3,1,0,0,0,0,0,0,0,0,0,0,0,4,-1,-1,Fregament o col·lisió lateral,-1,2,2,5,-1,2,0,23.0,2,2,5,13,11
961,2010,1,2010-02-18,SE,BARCELONA,Barcelones,3,0,1,0,2,0,0,1,0,1,0,0,0,100.0,0.0,0,-1,No n'hi ha,-1.0,3,3,1,0,0,0,0,0,0,0,0,0,0,0,4,-1,0,Envestida (frontal lateral),-1,2,2,5,-1,2,1,18.5,1,2,3,18,2
962,2010,0,2010-10-01,SE,LLICA D'AMUNT,Valles Oriental,3,0,1,0,2,0,0,0,1,1,0,0,0,90.0,,0,2,No n'hi ha,-1.0,3,1,1,-1,0,0,0,-1,0,0,0,0,-1,2,4,4,1,Caiguda en la via,-1,1,2,4,-1,2,1,12.34,0,0,4,1,10
963,2010,0,2010-11-04,C-55,PINOS,Solsones,2,1,2,0,2,0,0,0,0,1,1,0,0,100.0,0.0,0,1,No n'hi ha,-1.0,3,3,0,0,0,0,0,0,0,0,0,0,1,0,4,-1,1,Col·lisió frontal,-1,1,2,4,2,2,1,15.56,1,2,3,4,11
964,2010,0,2010-02-21,AP-7,GARRIGAS,Alt Emporda,1,0,1,0,4,1,0,0,0,0,1,2,0,100.0,0.0,0,2,Carril acceleració,-1.0,3,3,1,0,0,0,0,0,0,0,0,0,0,0,3,-1,0,Atropellament,-1,1,2,4,1,2,0,1.15,2,3,6,21,2
965,2010,0,2010-12-17,N-II,CABRERA DE MAR,Maresme,3,0,1,0,2,0,0,0,0,2,0,0,0,100.0,0.0,0,2,Carril central,-1.0,3,3,1,0,0,0,0,0,0,0,0,0,0,1,4,4,1,Fregament o col·lisió lateral,1,1,2,4,-1,2,0,15.55,1,2,4,17,12
966,2010,0,2010-07-25,C-31,PALAMOS,Baix Emporda,1,2,0,1,3,0,0,0,0,3,0,0,0,100.0,0.0,0,-1,No n'hi ha,-1.0,3,3,0,0,0,0,0,0,0,0,0,0,0,0,4,-1,-1,Col·lisió frontal,-1,1,2,4,-1,2,0,4.35,2,2,6,25,7
967,2010,0,2010-08-31,GI-644,FORALLAC,Baix Emporda,1,1,0,1,2,0,0,1,0,1,0,0,0,100.0,0.0,0,1,No n'hi ha,-1.0,3,3,0,0,0,0,0,0,0,0,0,0,0,0,3,-1,1,Envestida (frontal lateral),-1,1,2,4,3,2,1,20.54,1,2,1,31,8
968,2010,0,2010-02-06,C-14,"SELVA DEL CAMP, LA",Baix Camp,0,0,1,1,1,0,0,0,0,1,0,0,0,40.0,0.0,0,1,No n'hi ha,-1.0,3,3,1,0,0,0,0,0,0,0,0,0,0,0,3,-1,1,Resta sortides de via,-1,1,2,4,2,2,0,4.32,2,1,5,6,2
969,2010,0,2010-03-27,SE,MAIALS,Segria,2,1,1,0,2,0,0,0,0,1,1,0,0,40.0,0.0,0,2,No n'hi ha,-1.0,3,3,0,0,0,0,0,0,1,0,0,0,0,0,4,-1,1,Col·lisió frontal,-1,1,3,3,0,2,0,9.15,0,2,5,27,3
970,2010,0,2010-04-13,N-240,"ESPLUGA DE FRANCOLI, L'",Conca de Barbera,0,1,1,0,1,0,0,0,0,1,0,0,0,100.0,0.0,0,1,No n'hi ha,-1.0,3,3,0,0,1,0,0,0,0,0,0,0,0,0,2,-1,1,Xoc contra objecte/obstacle sense sortida prèvia de via,-1,1,2,4,1,2,1,13.55,0,4,1,13,4
971,2010,0,2010-05-12,SE,SABADELL,Valles Occidental,3,0,1,1,2,1,0,0,1,0,0,0,0,100.0,0.0,0,-1,No n'hi ha,-1.0,3,3,1,0,0,0,0,0,0,0,0,0,0,0,4,-1,-1,Atropellament,-1,1,2,3,-1,2,1,14.19,1,3,2,12,5
972,2010,0,2010-10-07,N-340,TORREDEMBARRA,Tarragones,0,0,1,0,2,0,0,1,0,1,0,0,0,70.0,0.0,0,2,No n'hi ha,-1.0,3,3,1,0,0,0,0,0,0,0,0,0,0,1,3,4,1,Fregament o col·lisió lateral,1,1,2,4,1,2,1,20.0,1,2,3,7,10
973,2010,0,2010-05-16,N-II,PONT DE MOLINS,Alt Emporda,1,1,0,2,2,1,0,0,1,0,0,0,0,50.0,0.0,0,2,No n'hi ha,-1.0,3,1,0,0,0,0,0,0,0,0,0,0,0,1,4,4,1,Atropellament,3,1,2,4,1,2,0,17.28,1,3,6,16,5
974,2010,0,2010-01-20,C-25,ARTES,Bages,3,2,3,1,2,0,0,0,0,2,0,0,0,100.0,0.0,0,-1,No n'hi ha,-1.0,3,3,0,0,0,0,0,0,0,0,0,0,0,0,4,-1,-1,Envestida (frontal lateral),-1,1,2,4,-1,2,1,18.42,1,2,2,20,1
975,2010,1,2010-01-25,SE,LLEIDA,Segria,2,0,1,0,2,1,0,0,0,1,0,0,0,20.0,0.0,0,-1,No n'hi ha,-1.0,2,3,1,-1,0,0,0,-1,0,0,0,0,-1,0,5,-1,0,Atropellament,-1,2,0,5,-1,2,1,20.3,1,3,0,25,1
976,2010,1,2010-04-28,SE,BARCELONA,Barcelones,3,0,1,0,2,0,0,0,1,1,0,0,0,60.0,0.0,0,-1,No n'hi ha,-1.0,3,3,1,0,0,1,0,0,0,0,0,0,0,0,5,-1,0,Xoc contra objecte/obstacle sense sortida prèvia de via,-1,2,2,5,-1,2,1,18.1,1,4,2,28,4
977,2010,0,2010-03-18,C-31,"PRAT DE LLOBREGAT, E",Baix Llobregat,3,1,0,1,2,0,1,0,0,1,0,0,0,80.0,0.0,0,3,No n'hi ha,-1.0,3,3,0,0,0,0,0,0,0,0,0,0,0,0,4,-1,0,Encalç,-1,1,2,4,2,2,1,10.5,0,2,3,18,3
978,2010,1,2010-02-10,SE,VILANOVA I LA GELTRU,Garraf,3,0,1,0,2,1,0,0,0,1,0,0,0,100.0,0.0,0,-1,No n'hi ha,-1.0,3,3,1,0,0,0,0,0,0,0,0,0,0,0,4,-1,-1,Atropellament,-1,2,2,5,-1,2,1,18.3,1,3,2,10,2
979,2010,1,2010-10-23,SE,SABADELL,Valles Occidental,3,0,1,1,2,0,0,1,0,0,1,0,0,100.0,0.0,0,-1,No n'hi ha,-1.0,3,3,1,0,0,0,0,0,0,0,0,0,0,0,4,-1,-1,Envestida (frontal lateral),-1,2,2,5,-1,2,0,16.37,1,2,5,23,10
980,2010,1,2010-02-04,SE,SANT BOI DE LLOBREGAT,Baix Llobregat,3,0,1,0,2,1,0,0,0,1,0,0,0,100.0,0.0,0,2,No n'hi ha,-1.0,3,3,1,0,0,0,0,0,0,0,0,0,0,0,1,-1,1,Atropellament,-1,2,2,5,-1,2,1,7.35,0,3,3,4,2
981,2010,1,2010-05-25,SE,VILAFRANCA DEL PENEDES,Alt Penedes,3,0,1,0,2,1,0,0,0,1,0,0,0,20.0,0.0,0,-1,No n'hi ha,-1.0,3,3,1,-1,-1,0,0,-1,0,0,0,0,0,1,4,4,0,Atropellament,1,2,2,5,-1,2,1,10.55,0,3,1,25,5
982,2010,1,2010-07-29,SE,CALONGE,Baix Emporda,1,1,0,0,2,0,0,0,1,1,0,0,0,30.0,0.0,0,2,No n'hi ha,-1.0,3,3,0,0,0,0,0,0,0,0,0,0,0,0,3,-1,1,Fregament o col·lisió lateral,-1,2,2,5,-1,2,1,21.11,1,2,3,29,7
983,2010,1,2010-03-26,SE,ARENYS DE MAR,Maresme,3,0,1,0,2,0,0,2,0,0,0,0,0,100.0,0.0,0,-1,No n'hi ha,-1.0,3,3,1,0,0,0,0,0,0,0,0,0,0,0,4,-1,-1,Encalç,-1,2,2,5,-1,2,0,19.04,1,2,4,26,3
984,2010,0,2010-11-17,TV-3541,XERTA,Baix Ebre,0,0,1,2,1,0,0,0,0,1,0,0,0,100.0,0.0,0,3,No n'hi ha,-1.0,3,3,1,0,0,0,0,0,0,0,0,0,0,0,3,-1,1,Resta sortides de via,-1,1,2,4,3,2,1,21.4,1,1,2,17,11
985,2010,0,2010-09-04,L-702,LLEIDA,Segria,2,1,0,0,2,1,0,0,0,1,0,0,0,100.0,0.0,0,2,No n'hi ha,-1.0,3,3,0,0,0,0,0,0,0,0,0,0,0,0,3,-1,1,Atropellament,-1,1,2,4,0,2,0,22.15,2,3,5,4,9
986,2010,1,2010-10-04,SE,BADALONA,Barcelones,3,0,1,0,2,1,0,0,0,1,0,0,0,100.0,0.0,0,-1,No n'hi ha,-1.0,3,3,1,0,0,0,0,0,0,0,0,0,0,0,4,-1,1,Atropellament,-1,2,2,5,-1,2,1,9.14,0,3,0,4,10
987,2010,0,2010-09-05,C-58,SANT QUIRZE DEL VALLES,Valles Occidental,3,0,1,1,2,1,0,0,0,1,0,0,0,120.0,0.0,0,2,No n'hi ha,-1.0,3,3,1,0,0,0,0,0,0,0,0,0,0,0,3,-1,1,Atropellament,-1,1,2,4,2,2,0,3.2,2,3,6,5,9
988,2010,0,2010-07-04,AP-2,"PAPIOL, EL",Baix Llobregat,3,0,1,1,1,0,0,0,1,0,0,0,0,90.0,0.0,0,2,No n'hi ha,-1.0,3,3,1,-1,0,0,0,-1,0,0,0,0,-1,0,0,-1,1,Caiguda en la via,-1,1,2,4,2,2,0,2.0,2,0,6,4,7
989,2010,0,2010-04-30,C-16,GUARDIOLA DE BERGUEDA,Bergueda,3,0,2,2,2,0,0,0,0,2,0,0,0,60.0,0.0,0,1,Carril lent,1.0,1,3,1,0,0,0,0,0,0,0,0,0,0,0,4,-1,1,Envestida (frontal lateral),-1,1,0,4,2,2,1,8.2,0,2,4,30,4
990,2010,1,2010-04-23,SE,BARCELONA,Barcelones,3,0,1,0,2,0,0,0,1,1,0,0,0,100.0,0.0,0,-1,No n'hi ha,-1.0,3,3,1,0,0,0,0,0,0,0,0,0,0,1,4,3,1,Envestida (frontal lateral),2,2,2,5,-1,2,0,15.0,1,2,4,23,4
991,2010,0,2010-01-21,N-420,MORA D'EBRE,Ribera d'Ebre,0,1,0,0,2,0,0,0,0,2,0,0,0,100.0,0.0,0,3,No n'hi ha,-1.0,3,3,0,0,0,0,0,0,0,0,0,0,0,0,1,-1,1,Xoc contra objecte/obstacle sense sortida prèvia de via,-1,1,2,4,1,2,1,7.5,0,4,3,21,1
992,2010,0,2010-07-01,AP-7,VILABLAREIX,Girones,1,0,1,2,4,0,0,0,0,1,3,0,0,100.0,0.0,0,2,No n'hi ha,-1.0,3,3,1,0,0,0,0,0,0,0,0,0,0,0,4,-1,1,Encalç,-1,1,2,4,1,2,1,9.4,0,2,3,1,7
993,2010,0,2010-10-29,T-750,PERAFORT,Tarragones,0,1,0,0,2,0,0,0,0,1,1,0,0,40.0,0.0,0,3,No n'hi ha,-1.0,3,3,0,0,0,0,0,0,0,0,0,0,0,0,1,-1,1,Fregament o col·lisió lateral,-1,1,2,4,3,2,1,8.07,0,2,4,29,10
994,2010,1,2010-10-05,BV-5001,VILANOVA DEL VALLES,Valles Oriental,3,0,1,0,2,0,0,0,1,1,0,0,0,100.0,0.0,0,2,No n'hi ha,-1.0,3,1,1,0,0,0,0,0,0,0,0,0,1,1,4,5,1,Col·lisió frontal,1,0,2,4,3,2,1,16.5,1,2,1,5,10
995,2010,1,2010-05-28,SE,SANT ANDREU DE LLAVANERES,Maresme,3,0,1,0,2,0,0,1,0,1,0,0,0,20.0,0.0,0,-1,No n'hi ha,-1.0,3,3,1,-1,0,0,0,-1,0,0,0,0,0,1,4,4,1,Envestida (frontal lateral),2,2,2,5,-1,2,0,20.12,1,2,4,28,5
996,2010,1,2010-10-26,SE,SABADELL,Valles Occidental,3,0,1,0,2,1,0,0,0,1,0,0,0,100.0,0.0,0,-1,No n'hi ha,-1.0,3,3,1,0,0,0,0,0,0,0,0,0,1,0,4,-1,-1,Atropellament,-1,2,2,5,-1,2,1,18.39,1,3,1,26,10
997,2010,0,2010-01-16,TV-2126,CALAFELL,Baix Penedes,0,0,1,0,1,0,0,0,1,0,0,0,0,100.0,0.0,0,3,No n'hi ha,-1.0,3,3,1,0,0,0,0,0,0,0,0,0,0,0,3,-1,1,Caiguda en la via,-1,1,2,4,3,2,0,23.18,2,0,5,16,1
998,2010,1,2010-12-31,SE,VIDRERES,Selva,1,0,1,0,2,1,0,1,0,0,0,0,0,50.0,0.0,0,2,No n'hi ha,-1.0,3,1,1,0,0,0,0,0,0,0,0,0,0,0,2,-1,1,Atropellament,-1,0,2,5,-1,2,0,17.0,1,3,4,31,12
999,2010,0,2010-04-01,C-44,VANDELLOS I L'HOSPITALET DE L'INFANT,Baix Camp,0,0,1,1,2,0,0,0,1,1,0,0,0,50.0,0.0,0,2,Habilitació voral/carril addicional,-1.0,3,3,1,0,0,0,0,0,0,0,0,0,0,1,1,4,1,Envestida (frontal lateral),3,1,2,4,2,2,1,21.47,1,2,3,1,4
1000,2010,1,2010-03-13,SE,VILAFRANCA DEL PENEDES,Alt Penedes,3,0,1,1,2,0,0,0,0,2,0,0,0,20.0,0.0,0,-1,No n'hi ha,-1.0,3,3,1,-1,0,0,0,-1,0,0,0,0,-1,1,4,4,1,Fregament o col·lisió lateral,1,2,2,5,-1,2,0,7.38,0,2,5,13,3
1001,2010,1,2010-12-10,SE,TARRAGONA,Tarragones,0,0,2,0,3,2,0,0,0,1,0,0,0,100.0,0.0,0,2,No n'hi ha,-1.0,3,3,1,0,0,0,0,0,0,0,0,0,0,1,4,3,1,Atropellament,2,2,2,5,-1,2,0,15.3,1,3,4,10,12
1002,2010,0,2010-08-25,BV-5022,VILASSAR DE MAR,Maresme,3,0,1,0,1,0,0,0,0,1,0,0,0,50.0,0.0,0,2,No n'hi ha,-1.0,3,3,1,0,0,0,0,0,1,0,0,0,0,0,5,-1,1,Xoc contra objecte/obstacle sense sortida prèvia de via,-1,1,2,4,3,2,1,1.25,2,4,2,25,8
1003,2010,1,2010-08-01,SE,BARCELONA,Barcelones,3,0,1,0,2,0,0,0,1,1,0,0,0,80.0,0.0,0,-1,No n'hi ha,-1.0,3,3,1,0,0,0,0,0,0,0,0,0,0,0,4,-1,0,Encalç,-1,2,2,5,-1,2,0,13.3,0,2,6,1,8
1004,2010,0,2010-05-28,N-240,LLEIDA,Segria,2,1,0,2,3,0,0,0,0,3,0,0,0,100.0,0.0,0,1,No n'hi ha,-1.0,3,3,0,0,0,0,0,0,1,0,0,0,0,0,3,-1,1,Fregament o col·lisió lateral,-1,1,2,4,1,2,0,23.3,2,2,4,28,5
1005,2010,1,2010-12-17,SE,TARRAGONA,Tarragones,0,0,1,0,2,0,0,0,0,2,0,0,0,60.0,,0,2,No n'hi ha,-1.0,3,3,1,-1,0,0,0,-1,0,0,0,0,-1,1,1,4,1,Envestida (frontal lateral),2,2,2,5,0,2,1,8.04,0,2,4,17,12
1006,2010,0,2010-08-02,BP-5002,ALELLA,Maresme,3,0,1,0,2,0,0,0,1,1,0,0,0,50.0,0.0,0,1,No n'hi ha,-1.0,3,3,1,0,0,0,0,0,0,0,0,0,0,0,4,-1,1,Encalç,-1,1,2,4,2,2,1,7.15,0,2,0,2,8
1007,2010,1,2010-11-11,SE,BADALONA,Barcelones,3,1,0,0,2,1,0,0,1,0,0,0,0,100.0,0.0,0,-1,No n'hi ha,-1.0,3,3,0,0,0,0,0,0,0,0,0,0,0,1,4,2,1,Atropellament,2,2,2,5,-1,2,1,13.3,0,3,3,11,11
1008,2010,0,2010-10-01,N-340,VINYOLS I ELS ARCS,Baix Camp,0,0,1,0,2,0,0,0,1,1,0,0,0,80.0,0.0,0,2,No n'hi ha,-1.0,3,3,1,0,0,0,0,0,0,0,0,0,0,0,4,-1,1,Envestida (frontal lateral),-1,1,2,4,1,2,1,14.41,1,2,4,1,10
1009,2010,1,2010-06-04,SE,VILASSAR DE MAR,Maresme,3,0,1,0,2,1,0,0,0,1,0,0,0,100.0,0.0,0,2,No n'hi ha,-1.0,3,3,1,0,0,0,0,0,0,0,0,0,1,0,4,-1,0,Atropellament,-1,2,2,5,-1,2,1,8.5,0,3,4,4,6
1010,2010,1,2010-08-25,SE,BARCELONA,Barcelones,3,0,1,1,3,0,0,0,2,1,0,0,0,100.0,0.0,0,-1,No n'hi ha,-1.0,3,3,1,0,0,0,0,0,0,0,0,0,0,1,4,3,0,Envestida (frontal lateral),2,2,2,5,-1,2,1,9.4,0,2,2,25,8
1011,2010,1,2010-07-19,SE,FIGUERES,Alt Emporda,1,0,1,0,2,1,0,0,0,1,0,0,0,50.0,0.0,0,2,No n'hi ha,-1.0,3,3,1,0,0,0,0,0,0,0,0,0,0,0,5,-1,1,Atropellament,-1,2,2,5,-1,2,1,21.5,1,3,0,19,7
1012,2010,0,2010-07-21,C-31,VILANOVA I LA GELTRU,Garraf,3,1,1,0,2,0,0,0,1,1,0,0,0,90.0,0.0,0,3,No n'hi ha,-1.0,3,3,0,0,0,0,0,0,0,0,0,0,0,0,4,-1,1,Col·lisió frontal,-1,1,2,4,2,2,1,15.44,1,2,2,21,7
1013,2010,1,2010-06-25,SE,MATARO,Maresme,3,0,1,0,2,1,0,0,1,0,0,0,0,20.0,0.0,0,2,No n'hi ha,-1.0,3,3,1,-1,0,0,0,-1,0,0,0,0,-1,0,4,-1,0,Atropellament,-1,2,2,5,-1,2,1,12.1,0,3,4,25,6
1014,2010,1,2010-01-12,SE,BANYOLES,Pla de l'Estany,1,0,1,0,2,0,0,1,0,1,0,0,0,100.0,0.0,0,2,No n'hi ha,-1.0,3,3,1,0,0,0,0,0,0,0,0,0,0,1,5,4,1,Envestida (frontal lateral),2,2,2,5,0,2,1,7.18,0,2,1,12,1
1015,2010,1,2010-09-09,SE,BARCELONA,Barcelones,3,0,1,1,3,0,0,0,1,1,1,0,0,100.0,0.0,0,-1,No n'hi ha,0.0,3,3,1,0,0,0,0,0,0,1,0,0,1,1,4,2,0,Envestida (frontal lateral),2,2,2,5,-1,2,1,10.05,0,2,3,9,9
1016,2010,0,2010-10-30,B-40,"ROCA DEL VALLES, LA",Valles Oriental,3,0,2,0,2,0,0,0,0,2,0,0,0,60.0,0.0,0,2,No n'hi ha,-1.0,3,3,1,0,0,0,0,0,0,0,0,0,0,1,3,5,1,Col·lisió frontal,2,1,2,4,3,2,0,6.1,0,2,5,30,10
1017,2010,0,2010-04-04,GI-550,ARBUCIES,Selva,1,0,2,0,2,0,0,0,1,1,0,0,0,100.0,0.0,0,3,No n'hi ha,-1.0,1,3,1,0,0,0,0,0,0,0,0,0,0,0,2,-1,1,Envestida (frontal lateral),-1,1,0,4,3,2,0,11.32,0,2,6,4,4
1018,2010,1,2010-03-18,SE,CASTELLDEFELS,Baix Llobregat,3,0,2,0,2,0,0,0,0,2,0,0,0,100.0,0.0,0,2,No n'hi ha,-1.0,3,3,1,0,0,0,0,0,0,0,0,0,0,1,4,4,1,Envestida (frontal lateral),2,2,2,5,-1,2,1,12.1,0,2,3,18,3
1019,2010,1,2010-03-17,SE,GIRONA,Girones,1,0,1,0,2,0,0,0,1,1,0,0,0,50.0,0.0,0,2,No n'hi ha,-1.0,3,3,1,0,0,0,0,0,0,0,0,0,0,1,4,2,1,Envestida (frontal lateral),1,2,2,5,-1,2,1,14.13,1,2,2,17,3