,Year,Area,Date,Road,Municipality Name,County Name,Province Name,Fatalties,Serious Injuries,Light Injuries,Units Involved,Pedestrains Involved,Bicycles Involved,Mopeds Involved,Motorcycles,Light Vehicles Involved,Heavy Vehicles Involved,Other Units Involved,Unspecified Units Involved,Road Speed Limit,Accident with Hit and Run,Fog Presence,Surrounding Environment,Special Lane Presence,Special Traffic Measures,Weather Conditions,Special Road Functions,Severity of Accident,Influence of Fog,Influence of Environment,Influence of Traffic,Influence of Weather,Influence of Wind Intensity,Influence of Lighting,Influence of Special Measures,Influence of Road Objects,Influence of Road Surface,Influence of Visibility,Intersection Characteristics,Lighting Conditions,Traffic Regulation and Priority,Direction of Road,Subtype of Accident,Subtype of Road Section,Subzone within Area,Road Surface Conditions,Type of Road,Road Ownership,Wind Conditions,Day of the Week Grouping,Hour of Day,Time of Day Grouping,Type of Accident,Day Type,Day,Month
1020,2010,0,2010-04-21,C-58,BARCELONA,Barcelones,3,0,1,0,2,0,0,0,1,1,0,0,0,80.0,0.0,0,1,No n'hi ha,-1.0,3,3,1,0,0,0,0,0,0,0,0,0,0,0,4,-1,1,Caiguda en la via,-1,1,2,4,2,2,1,9.21,0,0,2,21,4
1021,2010,0,2010-01-13,SE,REUS,Baix Camp,0,0,1,0,2,1,0,0,0,1,0,0,0,100.0,0.0,0,-1,No n'hi ha,-1.0,3,3,1,0,0,0,0,0,0,0,0,0,0,0,4,-1,-1,Atropellament,-1,1,2,3,-1,2,1,11.37,0,3,2,13,1
1022,2010,1,2010-01-19,B-431,ARTES,Bages,3,0,1,0,2,1,0,0,0,1,0,0,0,50.0,0.0,0,2,No n'hi ha,-1.0,3,1,1,0,0,0,0,0,0,0,0,0,0,2,5,-1,1,Atropellament,2,0,2,4,2,2,1,20.26,1,3,1,19,1
1023,2010,1,2010-07-13,SE,REUS,Baix Camp,0,0,1,0,2,1,0,0,0,1,0,0,0,100.0,0.0,0,-1,No n'hi ha,-1.0,3,3,1,0,0,0,0,0,0,0,0,0,0,0,4,-1,-1,Atropellament,-1,2,2,5,-1,2,1,21.15,1,3,1,13,7
1024,2010,0,2010-10-25,C-244,"PLA DEL PENEDES, EL",Alt Penedes,3,0,1,1,2,0,0,0,0,1,1,0,0,60.0,0.0,0,0,No n'hi ha,0.0,3,3,1,0,0,0,0,0,0,0,0,0,0,0,4,-1,1,Resta sortides de via,-1,1,2,4,2,2,1,16.22,1,1,0,25,10
1025,2010,1,2010-03-16,SE,LLEIDA,Segria,2,0,1,0,2,1,0,0,0,1,0,0,0,20.0,0.0,0,2,No n'hi ha,-1.0,3,3,1,-1,0,0,0,-1,0,0,0,0,-1,0,4,-1,1,Atropellament,-1,2,2,5,-1,2,1,7.35,0,3,1,16,3
1026,2010,0,2010-08-22,C-26,OLIUS,Solsones,2,0,1,0,1,0,0,0,1,0,0,0,0,90.0,0.0,0,1,No n'hi ha,-1.0,3,3,1,-1,0,0,0,-1,0,0,0,0,0,0,4,-1,1,Resta sortides de via,-1,1,2,4,2,2,0,9.55,0,1,6,22,8
1027,2010,0,2010-09-28,L-313,TORREFETA I FLOREJACS,Segarra,2,0,1,0,1,0,0,0,0,1,0,0,0,60.0,0.0,0,1,No n'hi ha,-1.0,3,3,1,0,1,0,0,0,1,0,0,0,0,0,4,-1,1,Xoc contra objecte/obstacle sense sortida prèvia de via,-1,1,2,4,2,2,1,12.0,0,4,1,28,9
1028,2010,1,2010-09-30,SE,BARCELONA,Barcelones,3,0,1,1,3,2,0,0,0,1,0,0,0,100.0,0.0,0,-1,No n'hi ha,-1.0,3,3,1,0,0,0,0,0,0,0,0,0,0,0,4,-1,0,Atropellament,-1,2,2,5,-1,2,1,16.4,1,3,3,30,9
1029,2010,0,2010-11-14,N-II,MACANET DE LA SELVA,Selva,1,0,3,1,2,0,0,0,0,2,0,0,0,100.0,0.0,0,1,No n'hi ha,-1.0,3,3,1,0,0,0,0,0,0,0,0,0,0,0,4,-1,1,Col·lisió frontal,-1,1,2,4,1,2,0,11.4,0,2,6,14,11
1030,2010,1,2010-02-01,SE,OLOT,Garrotxa,1,0,2,0,3,2,0,0,0,1,0,0,0,20.0,0.0,0,2,No n'hi ha,-1.0,3,3,1,0,0,0,0,0,0,0,0,0,0,1,4,4,0,Atropellament,2,2,1,5,-1,2,1,15.39,1,3,0,1,2
1031,2010,0,2010-06-03,BV-5115,GUALBA,Valles Oriental,3,0,1,1,2,0,0,0,0,2,0,0,0,100.0,0.0,0,2,No n'hi ha,-1.0,3,3,1,0,0,0,0,0,0,0,0,0,0,0,4,-1,1,Fregament o col·lisió lateral,-1,1,2,4,3,2,1,7.51,0,2,3,3,6
1032,2010,1,2010-06-27,SE,TERRASSA,Valles Occidental,3,0,1,0,2,0,0,1,0,1,0,0,0,100.0,0.0,0,-1,No n'hi ha,-1.0,3,3,1,0,0,0,0,0,0,0,0,0,0,0,4,-1,-1,Envestida (frontal lateral),-1,2,2,5,-1,2,0,17.55,1,2,6,27,6
1033,2010,0,2010-08-25,AP-7,AGULLANA,Alt Emporda,1,0,1,0,3,0,0,0,0,1,2,0,0,100.0,0.0,0,2,No n'hi ha,0.0,3,3,1,0,0,0,0,0,0,0,0,0,1,0,4,-1,0,Encalç,-1,1,2,4,1,2,1,14.2,1,2,2,25,8
1034,2010,0,2010-07-13,GIV-5235,MAIA DE MONTCAL,Garrotxa,1,0,1,0,2,0,0,0,0,0,1,1,0,90.0,0.0,0,3,Sense Especificar,-1.0,3,3,1,-1,0,0,0,-1,0,0,0,0,-1,0,4,-1,1,Col·lisió frontal,-1,1,2,4,3,2,1,19.45,1,2,1,13,7
1035,2010,0,2010-10-10,SE,MOLLERUSSA,Pla d'Urgell,2,0,2,0,2,0,0,0,0,2,0,0,0,100.0,0.0,0,2,No n'hi ha,-1.0,1,3,1,0,0,0,0,0,0,0,0,0,0,1,5,4,0,Envestida (frontal lateral),2,1,0,3,0,2,0,3.05,2,2,6,10,10
1036,2010,0,2010-03-02,C-14,OLIANA,Alt Urgell,2,0,1,1,2,0,0,0,0,2,0,0,0,40.0,0.0,0,2,No n'hi ha,-1.0,3,3,1,0,0,0,0,0,0,0,0,0,0,0,5,-1,1,Encalç,-1,1,2,4,2,2,1,19.2,1,2,1,2,3
1037,2010,0,2010-12-27,C-61,VALLGORGUINA,Valles Oriental,3,0,1,1,2,0,0,0,0,2,0,0,0,100.0,0.0,0,2,No n'hi ha,-1.0,3,3,1,0,0,0,0,0,0,0,0,0,1,0,0,-1,1,Altres,-1,1,2,4,2,2,1,18.5,1,5,0,27,12
1038,2010,0,2010-09-11,SE,SABADELL,Valles Occidental,3,0,1,0,2,0,0,0,1,1,0,0,0,100.0,0.0,0,-1,No n'hi ha,-1.0,3,3,1,0,0,0,0,0,0,0,0,0,0,0,4,-1,-1,Envestida (frontal lateral),-1,1,2,3,-1,2,0,17.18,1,2,5,11,9
1039,2010,1,2010-06-24,SE,MATADEPERA,Valles Occidental,3,0,1,0,3,0,0,0,0,3,0,0,0,20.0,0.0,0,-1,No n'hi ha,-1.0,3,3,1,-1,0,0,0,-1,0,0,0,0,0,0,5,-1,1,Xoc contra objecte/obstacle sense sortida prèvia de via,-1,2,2,5,-1,2,1,1.2,2,4,3,24,6
1040,2010,1,2010-05-25,SE,BARCELONA,Barcelones,3,1,0,1,2,1,0,0,1,0,0,0,0,100.0,0.0,0,-1,No n'hi ha,-1.0,3,3,0,0,0,0,0,0,0,0,0,0,0,1,4,3,1,Atropellament,2,2,2,5,-1,2,1,20.1,1,3,1,25,5
1041,2010,1,2010-11-19,SE,SANT CUGAT DEL VALLES,Valles Occidental,3,1,1,0,2,0,0,1,0,1,0,0,0,100.0,0.0,0,-1,No n'hi ha,-1.0,3,3,0,0,0,0,0,0,0,0,0,0,0,0,4,-1,-1,Fregament o col·lisió lateral,-1,2,2,5,-1,2,0,17.17,1,2,4,19,11
1042,2010,1,2010-11-24,SE,GIRONA,Girones,1,0,1,0,2,0,1,0,0,1,0,0,0,100.0,0.0,0,2,No n'hi ha,-1.0,3,3,1,0,0,0,0,0,0,0,0,0,0,0,4,-1,1,Envestida (frontal lateral),-1,2,2,5,-1,2,1,15.57,1,2,2,24,11
1043,2010,0,2010-09-27,C-63,BRUNYOLA,Selva,1,1,0,0,3,1,0,0,0,2,0,0,0,100.0,0.0,0,3,No n'hi ha,-1.0,3,3,0,0,0,0,0,0,0,0,0,0,0,0,4,-1,1,Atropellament,-1,1,2,4,2,2,1,9.25,0,3,0,27,9
1044,2010,1,2010-07-29,SE,SANTA PERPETUA DE MO,Valles Occidental,3,0,1,0,2,1,0,1,0,0,0,0,0,100.0,0.0,0,2,No n'hi ha,-1.0,2,3,1,0,0,0,1,0,0,0,0,0,0,0,2,-1,1,Atropellament,-1,2,0,5,0,0,1,18.3,1,3,3,29,7
1045,2010,0,2010-10-29,N-420,MORA D'EBRE,Ribera d'Ebre,0,0,1,0,2,0,0,0,0,1,1,0,0,100.0,0.0,0,2,No n'hi ha,-1.0,3,3,1,0,0,0,0,0,0,0,0,0,0,0,3,-1,1,Encalç,-1,1,2,4,1,2,1,7.45,0,2,4,29,10
1046,2010,1,2010-07-03,SE,BARCELONA,Barcelones,3,0,1,0,2,0,0,0,1,0,1,0,0,100.0,0.0,0,-1,No n'hi ha,-1.0,3,3,1,0,0,0,0,0,0,0,0,0,0,1,4,5,0,Envestida (frontal lateral),2,2,2,5,-1,2,0,6.15,0,2,5,3,7
1047,2010,1,2010-09-30,SE,BARCELONA,Barcelones,3,0,1,0,2,0,0,0,1,1,0,0,0,100.0,0.0,0,-1,No n'hi ha,-1.0,3,3,1,0,0,0,0,0,0,0,0,0,0,1,4,3,1,Envestida (frontal lateral),2,2,2,5,-1,2,1,15.5,1,2,3,30,9
1048,2010,0,2010-12-31,SE,RUBI,Valles Occidental,3,0,1,0,2,1,0,0,0,1,0,0,0,100.0,0.0,0,2,No n'hi ha,-1.0,3,3,1,0,0,0,0,0,0,0,0,0,0,0,2,-1,1,Atropellament,-1,1,2,3,0,2,1,10.5,0,3,4,31,12
1049,2010,0,2010-05-29,AP-7,"VENDRELL, EL",Baix Penedes,0,1,1,6,7,0,0,0,0,7,0,0,0,100.0,0.0,0,2,No n'hi ha,-1.0,3,3,0,0,0,0,0,0,0,0,0,0,0,0,3,-1,1,Col·lisió frontal,-1,1,2,4,1,2,0,22.28,2,2,5,29,5
1050,2010,1,2010-08-28,SE,BARCELONA,Barcelones,3,0,1,0,2,0,0,1,0,1,0,0,0,100.0,0.0,0,-1,Carril bus,-1.0,3,3,1,0,0,0,0,0,0,0,0,0,0,1,4,3,0,Envestida (frontal lateral),2,2,2,5,-1,2,0,15.05,1,2,5,28,8
1051,2010,0,2010-01-14,C-51,RODONYA,Alt Camp,0,0,1,0,3,0,0,0,0,2,1,0,0,100.0,0.0,0,1,No n'hi ha,-1.0,3,3,1,0,0,0,0,0,0,0,0,0,0,0,2,-1,1,Fregament o col·lisió lateral,-1,1,2,4,2,2,1,11.5,0,2,3,14,1
1052,2010,0,2010-04-07,N-340,MONT-ROIG DEL CAMP,Baix Camp,0,3,0,0,4,0,3,0,0,1,0,0,0,100.0,0.0,0,-1,No n'hi ha,-1.0,3,3,0,0,0,0,0,0,0,0,0,0,0,0,4,-1,-1,Col·lisió frontal,-1,1,2,4,-1,2,1,12.05,0,2,2,7,4
1053,2010,1,2010-11-10,SE,BARCELONA,Barcelones,3,0,1,1,2,1,0,0,1,0,0,0,0,100.0,0.0,0,-1,Carril bus,-1.0,3,3,1,0,0,0,0,0,0,1,0,0,0,1,5,3,1,Atropellament,1,2,2,5,-1,2,1,20.55,1,3,2,10,11
1054,2010,0,2010-06-24,SE,VILA-SECA,Tarragones,0,0,1,0,1,0,0,0,0,1,0,0,0,100.0,0.0,0,-1,No n'hi ha,-1.0,3,3,1,0,0,0,0,0,0,0,0,0,0,0,4,-1,-1,Caiguda en la via,-1,1,2,3,-1,2,1,13.0,0,0,3,24,6
1055,2010,0,2010-06-28,BV-2113,SANT PERE DE RIBES,Garraf,3,0,1,1,1,0,0,0,0,1,0,0,0,100.0,0.0,0,0,No n'hi ha,-1.0,3,3,1,0,0,0,0,0,0,0,0,0,0,0,4,-1,1,Resta sortides de via,-1,1,2,4,3,2,1,7.35,0,1,0,28,6
1056,2010,1,2010-01-24,SE,BARCELONA,Barcelones,3,0,1,6,8,5,0,0,0,3,0,0,0,100.0,0.0,0,-1,No n'hi ha,-1.0,3,3,1,0,0,0,0,0,0,0,0,0,0,1,4,3,0,Atropellament,2,2,2,5,-1,2,0,9.2,0,3,6,24,1
1057,2010,1,2010-01-05,SE,SANT JOAN DE VILATOR,Bages,3,0,1,0,2,0,0,0,1,1,0,0,0,30.0,0.0,0,2,No n'hi ha,-1.0,3,3,1,0,0,0,1,0,0,0,0,0,0,1,2,5,1,Fregament o col·lisió lateral,1,2,2,5,-1,2,1,17.0,1,2,1,5,1
1058,2010,0,2010-04-18,SE,VINAIXA,Garrigues,2,1,2,0,2,0,0,0,0,2,0,0,0,100.0,0.0,0,2,No n'hi ha,-1.0,3,3,0,0,0,0,0,0,0,0,0,0,1,0,4,-1,1,Xoc contra objecte/obstacle sense sortida prèvia de via,-1,1,2,3,1,2,0,17.1,1,4,6,18,4
1059,2010,0,2010-12-22,AL,SABADELL,Valles Occidental,3,0,1,0,2,1,0,0,0,1,0,0,0,100.0,0.0,0,-1,No n'hi ha,-1.0,3,3,1,0,0,0,0,0,0,0,0,0,0,0,4,-1,-1,Atropellament,-1,1,2,4,-1,2,1,11.42,0,3,2,22,12
1060,2010,1,2010-06-05,SE,VIC,Osona,3,0,1,0,2,0,0,0,0,1,0,1,0,100.0,0.0,0,2,No n'hi ha,-1.0,3,3,1,0,0,0,0,0,0,0,0,0,0,1,4,4,1,Col·lisió frontal,1,2,2,5,-1,2,0,12.05,0,2,5,5,6
1061,2010,1,2010-02-25,SE,PREMIA DE MAR,Maresme,3,0,1,0,2,1,0,0,0,1,0,0,0,30.0,,0,2,No n'hi ha,,3,3,1,-1,0,0,0,-1,0,0,0,0,0,0,4,-1,0,Atropellament,-1,2,2,5,-1,2,1,13.25,0,3,3,25,2
1062,2010,0,2010-10-11,AP-7,"JONQUERA, LA",Alt Emporda,1,2,0,0,2,0,0,0,0,1,1,0,0,100.0,0.0,0,-1,No n'hi ha,-1.0,3,3,0,0,0,0,0,0,0,0,0,0,0,0,4,-1,-1,Envestida (frontal lateral),-1,1,2,4,-1,2,1,20.3,1,2,0,11,10
1063,2010,0,2010-01-04,N-240,VALLS,Alt Camp,0,1,0,1,2,0,0,0,0,1,1,0,0,100.0,0.0,0,2,No n'hi ha,-1.0,3,3,0,0,0,0,0,0,0,0,0,0,0,0,4,-1,1,Col·lisió frontal,-1,1,2,4,1,2,1,14.55,1,2,0,4,1
1064,2010,1,2010-12-11,SE,BARCELONA,Barcelones,3,0,1,0,2,1,0,0,0,1,0,0,0,100.0,0.0,0,-1,No n'hi ha,-1.0,3,3,1,0,0,0,0,0,0,0,0,0,0,0,4,-1,0,Atropellament,-1,2,2,5,-1,2,0,10.35,0,3,5,11,12
1065,2010,0,2010-07-08,C-31,GAVA,Baix Llobregat,3,0,1,0,2,0,0,0,1,1,0,0,0,80.0,0.0,0,2,No n'hi ha,-1.0,3,2,1,0,0,0,0,0,0,0,0,0,0,0,4,-1,0,Encalç,-1,1,2,4,2,2,1,18.4,1,2,3,8,7
1066,2010,1,2010-02-20,SE,BARCELONA,Barcelones,3,0,1,1,2,0,0,0,1,1,0,0,0,100.0,0.0,0,-1,No n'hi ha,-1.0,3,3,1,0,0,0,0,0,0,0,0,0,0,1,4,3,1,Envestida (frontal lateral),2,2,2,5,-1,2,0,16.45,1,2,5,20,2
1067,2010,1,2010-01-21,SE,BARCELONA,Barcelones,3,1,0,1,5,0,0,0,1,4,0,0,0,100.0,0.0,0,-1,No n'hi ha,-1.0,3,3,0,0,0,0,0,0,0,0,0,0,0,1,5,4,0,Envestida (frontal lateral),2,2,2,5,-1,2,1,4.3,2,2,3,21,1
1068,2010,0,2010-06-08,N-II,AVIA,Bergueda,3,0,1,0,2,1,0,0,0,1,0,0,0,90.0,0.0,0,2,No n'hi ha,-1.0,3,3,1,-1,0,0,0,-1,1,0,0,0,0,0,3,-1,1,Atropellament,-1,1,2,4,1,2,1,22.5,2,3,1,8,6
1069,2010,0,2010-10-29,C-13,SALAS DE PALLARS,Pallars Jussa,2,1,0,0,1,0,0,0,0,1,0,0,0,100.0,0.0,0,0,No n'hi ha,-1.0,3,3,0,0,0,0,1,0,0,0,0,0,0,0,3,-1,1,Xoc contra objecte/obstacle sense sortida prèvia de via,-1,1,2,4,2,2,1,1.3,2,4,4,29,10
1070,2010,1,2010-08-13,SE,BADALONA,Barcelones,3,1,0,0,2,1,0,0,0,0,0,1,0,100.0,0.0,0,-1,Altres,-1.0,3,3,0,0,0,0,0,0,0,0,0,0,0,1,4,2,1,Atropellament,2,2,2,5,-1,2,0,17.0,1,3,4,13,8
1071,2010,0,2010-12-09,C-59,CALDES DE MONTBUI,Valles Oriental,3,2,0,1,3,0,0,0,0,1,2,0,0,100.0,0.0,0,-1,No n'hi ha,-1.0,3,3,0,0,1,0,0,0,0,0,0,0,0,0,4,-1,-1,Col·lisió frontal,-1,1,2,4,-1,2,1,12.06,0,2,3,9,12
1072,2010,1,2010-08-08,SE,BARCELONA,Barcelones,3,0,1,2,2,0,0,0,2,0,0,0,0,100.0,0.0,0,-1,No n'hi ha,-1.0,3,3,1,0,0,0,0,0,0,0,0,0,0,1,4,3,0,Envestida (frontal lateral),2,2,2,5,-1,2,0,20.2,1,2,6,8,8
1073,2010,0,2010-06-25,N-260,CAMPDEVANOL,Ripolles,1,1,0,0,2,0,0,0,1,1,0,0,0,60.0,0.0,0,2,No n'hi ha,-1.0,3,3,0,0,0,0,0,0,0,0,0,0,0,0,4,-1,1,Envestida (frontal lateral),-1,1,2,4,1,2,1,11.5,0,2,4,25,6
1074,2010,0,2010-12-14,C-58,BARCELONA,Barcelones,3,1,0,1,4,1,0,0,0,2,1,0,0,80.0,0.0,0,2,No n'hi ha,-1.0,3,3,0,0,0,0,0,0,1,0,0,0,0,1,0,-1,0,Atropellament,1,1,2,4,2,2,1,22.2,2,3,1,14,12
1075,2010,1,2010-08-14,SE,OLOT,Garrotxa,1,0,1,0,2,0,0,0,1,1,0,0,0,100.0,0.0,0,2,No n'hi ha,-1.0,3,3,1,0,0,0,0,0,0,0,0,0,0,1,5,5,1,Envestida (frontal lateral),2,2,2,5,-1,2,0,0.23,2,2,5,14,8
1076,2010,1,2010-12-01,SE,BARCELONA,Barcelones,3,0,1,0,2,0,0,0,1,1,0,0,0,100.0,1.0,0,-1,No n'hi ha,-1.0,3,3,1,0,0,0,0,0,0,0,0,0,0,1,5,3,1,Caiguda en la via,2,2,2,5,-1,2,1,21.0,1,0,2,1,12
1077,2010,1,2010-11-03,SE,BARCELONA,Barcelones,3,0,1,0,2,0,0,0,2,0,0,0,0,100.0,0.0,0,-1,No n'hi ha,-1.0,3,3,1,0,0,0,0,0,0,0,0,0,0,1,4,3,1,Encalç,2,2,2,5,-1,2,1,12.05,0,2,2,3,11
1078,2010,1,2010-05-21,SE,LLORET DE MAR,Selva,1,0,1,0,2,0,0,1,0,1,0,0,0,100.0,0.0,0,2,No n'hi ha,-1.0,3,3,1,0,0,0,0,0,0,0,0,0,0,0,4,-1,1,Envestida (frontal lateral),-1,2,2,5,0,2,0,19.0,1,2,4,21,5
1079,2010,1,2010-11-04,SE,BARCELONA,Barcelones,3,0,1,0,2,0,0,0,1,1,0,0,0,100.0,0.0,0,-1,No n'hi ha,-1.0,3,3,1,0,0,0,0,0,0,0,0,0,0,1,4,3,0,Fregament o col·lisió lateral,2,2,2,5,-1,2,1,17.16,1,2,3,4,11
1080,2010,0,2010-12-20,AL,SANTA MARIA D'OLO,Moianès,3,0,1,1,2,0,0,0,0,2,0,0,0,90.0,0.0,0,2,Carril avançament,-1.0,3,3,1,-1,0,0,0,-1,0,0,0,0,-1,0,3,-1,1,Fregament o col·lisió lateral,-1,1,2,4,2,2,1,19.01,1,2,0,20,12
1081,2010,1,2010-08-31,SE,SANT JOAN DESPI,Baix Llobregat,3,0,1,0,2,0,0,0,1,1,0,0,0,20.0,0.0,0,-1,No n'hi ha,-1.0,3,3,1,-1,0,0,0,-1,0,0,0,0,0,1,4,3,1,Col·lisió frontal,1,2,2,5,-1,2,1,9.42,0,2,1,31,8
1082,2010,1,2010-12-10,SE,"RIERA DE GAIA, LA",Tarragones,0,0,1,0,2,1,0,0,0,1,0,0,0,100.0,0.0,0,2,No n'hi ha,-1.0,3,3,1,0,0,0,0,0,0,0,0,0,0,0,4,-1,0,Atropellament,-1,2,2,5,-1,2,1,11.41,0,3,4,10,12
1083,2010,0,2010-02-17,C-55,CASTELLGALI,Bages,3,0,1,3,3,0,0,0,0,3,0,0,0,100.0,0.0,0,1,No n'hi ha,-1.0,3,3,1,0,0,0,0,0,0,0,0,0,0,0,3,-1,1,Envestida (frontal lateral),-1,1,2,4,2,2,1,23.42,2,2,2,17,2
1084,2010,0,2010-05-22,C-15,VILANOVA I LA GELTRU,Garraf,3,0,1,0,1,0,0,0,1,0,0,0,0,100.0,0.0,0,3,No n'hi ha,-1.0,3,3,1,0,0,0,0,0,0,0,0,0,0,0,4,-1,1,Xoc contra objecte/obstacle sense sortida prèvia de via,-1,1,2,4,2,2,0,15.15,1,4,5,22,5
1085,2010,1,2010-11-03,SE,BARCELONA,Barcelones,3,0,1,0,1,0,0,0,1,0,0,0,0,100.0,0.0,0,-1,No n'hi ha,-1.0,3,3,1,0,0,0,0,0,0,0,0,0,0,0,5,-1,1,Xoc contra objecte/obstacle sense sortida prèvia de via,-1,2,2,5,-1,2,1,21.0,1,4,2,3,11
1086,2010,0,2010-07-04,C-14,ALCOVER,Alt Camp,0,1,1,1,2,0,0,0,0,2,0,0,0,100.0,0.0,0,2,No n'hi ha,-1.0,3,3,0,0,0,0,0,0,0,0,0,0,0,0,4,-1,1,Col·lisió frontal,-1,1,2,4,2,2,0,8.39,0,2,6,4,7
1087,2010,1,2010-08-19,SE,TORTOSA,Baix Ebre,0,0,1,1,2,0,0,1,0,1,0,0,0,100.0,0.0,0,2,No n'hi ha,-1.0,1,3,1,0,0,0,0,0,0,0,0,0,0,1,5,4,0,Fregament o col·lisió lateral,2,2,0,5,-1,2,1,22.0,2,2,3,19,8
1088,2010,0,2010-07-12,C-63,LLORET DE MAR,Selva,1,0,1,0,2,0,0,0,1,1,0,0,0,100.0,0.0,0,2,No n'hi ha,-1.0,3,3,1,0,0,0,0,0,0,0,0,0,0,1,4,5,1,Envestida (frontal lateral),1,1,2,4,2,2,1,23.26,2,2,0,12,7
1089,2010,1,2010-10-13,SE,MATARO,Maresme,3,0,1,0,2,0,0,0,1,1,0,0,0,20.0,0.0,0,2,No n'hi ha,-1.0,3,3,1,-1,0,0,0,-1,0,0,0,0,-1,1,4,4,0,Envestida (frontal lateral),2,2,2,5,-1,2,1,8.4,0,2,2,13,10
1090,2010,1,2010-11-16,SE,SANT ADRIA DE BESOS,Barcelones,3,0,1,0,3,0,0,0,1,2,0,0,0,20.0,0.0,0,2,No n'hi ha,-1.0,3,3,1,-1,0,0,0,-1,0,0,0,0,-1,1,4,3,1,Envestida (frontal lateral),2,2,2,5,-1,2,1,9.15,0,2,1,16,11
1091,2010,1,2010-02-18,SE,CAMPDEVANOL,Ripolles,1,1,0,0,2,1,0,0,0,0,1,0,0,50.0,0.0,0,3,No n'hi ha,-1.0,3,1,0,0,0,0,0,0,0,0,0,0,0,0,4,-1,1,Atropellament,-1,0,2,5,1,2,1,17.19,1,3,3,18,2
1092,2010,1,2010-09-16,SE,AMPOSTA,Montsia,0,1,0,0,2,1,0,0,0,1,0,0,0,100.0,0.0,0,2,No n'hi ha,-1.0,3,3,0,0,0,0,0,0,0,0,0,0,0,2,4,4,0,Atropellament,2,2,2,5,-1,2,1,18.55,1,3,3,16,9
1093,2010,1,2010-05-05,SE,LLEIDA,Segria,2,0,1,0,2,0,0,1,0,1,0,0,0,100.0,0.0,0,2,No n'hi ha,-1.0,3,3,1,0,0,0,0,0,0,0,0,0,0,0,4,-1,0,Envestida (frontal lateral),-1,2,2,5,-1,2,1,0.1,2,2,2,5,5
1094,2010,0,2010-09-19,C-60,ARGENTONA,Maresme,3,0,1,0,2,0,0,0,1,1,0,0,0,120.0,0.0,0,0,No n'hi ha,-1.0,3,3,1,0,0,0,0,0,0,0,0,0,0,0,1,-1,1,Xoc contra objecte/obstacle sense sortida prèvia de via,-1,1,2,4,2,2,0,19.4,1,4,6,19,9
1095,2010,0,2010-09-05,AL,TERRASSA,Valles Occidental,3,0,1,0,2,0,0,0,1,1,0,0,0,100.0,0.0,0,-1,No n'hi ha,-1.0,3,3,1,0,0,0,0,0,0,0,0,0,0,0,4,-1,-1,Fregament o col·lisió lateral,-1,1,2,4,-1,2,0,0.3,2,2,6,5,9
1096,2010,1,2010-09-29,SE,MANLLEU,Osona,3,0,1,0,2,1,0,0,0,1,0,0,0,100.0,0.0,0,1,Carril central,-1.0,3,3,1,0,0,0,1,0,0,0,0,0,0,0,4,-1,1,Atropellament,-1,2,2,5,-1,2,1,18.06,1,3,2,29,9
1097,2010,1,2010-08-09,SE,BARCELONA,Barcelones,3,0,1,0,2,0,0,0,1,1,0,0,0,100.0,0.0,0,-1,No n'hi ha,-1.0,3,3,1,0,0,0,0,0,0,0,0,0,0,1,4,2,0,Envestida (frontal lateral),2,2,2,5,-1,2,1,12.55,0,2,0,9,8
1098,2010,1,2010-07-18,N-340,ALTAFULLA,Tarragones,0,0,1,1,4,0,4,0,0,0,0,0,0,30.0,0.0,0,3,No n'hi ha,-1.0,3,1,1,0,0,0,0,0,0,0,0,0,0,0,4,-1,1,Caiguda en la via,-1,0,2,4,0,2,0,12.0,0,0,6,18,7
1099,2010,0,2010-11-08,C-12,TORTOSA,Baix Ebre,0,0,1,1,3,0,0,0,0,3,0,0,0,100.0,0.0,0,2,No n'hi ha,-1.0,3,3,1,0,0,0,0,0,0,0,0,0,0,0,5,-1,1,Col·lisió frontal,-1,1,2,4,2,2,1,20.19,1,2,0,8,11
1100,2010,0,2010-07-27,AP-7,"PAPIOL, EL",Baix Llobregat,3,0,1,2,5,0,0,0,0,5,0,0,0,100.0,0.0,0,3,No n'hi ha,-1.0,3,3,1,0,0,1,0,0,0,0,0,0,0,0,4,-1,1,Fregament o col·lisió lateral,-1,1,2,4,1,2,1,8.3,0,2,1,27,7
1101,2010,1,2010-01-13,SE,BADALONA,Barcelones,3,0,1,0,2,0,0,1,0,1,0,0,0,100.0,0.0,0,-1,No n'hi ha,-1.0,3,3,1,0,0,1,0,0,0,0,0,0,0,1,5,2,1,Envestida (frontal lateral),2,2,2,5,-1,2,1,18.2,1,2,2,13,1
1102,2010,0,2010-10-19,C-31,SITGES,Garraf,3,0,1,0,2,0,0,0,1,1,0,0,0,60.0,0.0,0,1,No n'hi ha,-1.0,3,3,1,0,0,1,0,0,0,0,0,0,0,0,4,-1,1,Encalç,-1,1,2,4,2,1,1,16.47,1,2,1,19,10
1103,2010,1,2010-12-31,SE,SABADELL,Valles Occidental,3,0,1,0,2,1,0,0,0,1,0,0,0,100.0,0.0,0,2,No n'hi ha,-1.0,1,3,1,0,0,0,0,0,0,0,0,0,0,0,5,-1,1,Atropellament,-1,2,0,5,-1,2,1,5.42,2,3,4,31,12
1104,2010,0,2010-05-04,SE,RUBI,Valles Occidental,3,0,1,0,2,1,0,0,0,1,0,0,0,100.0,0.0,0,2,No n'hi ha,-1.0,1,3,1,0,0,0,1,0,0,0,0,0,0,0,5,-1,1,Atropellament,-1,1,0,3,0,2,1,21.25,1,3,1,4,5