,Year,Area,Date,Road,Municipality Name,County Name,Province Name,Fatalties,Serious Injuries,Light Injuries,Units Involved,Pedestrains Involved,Bicycles Involved,Mopeds Involved,Motorcycles,Light Vehicles Involved,Heavy Vehicles Involved,Other Units Involved,Unspecified Units Involved,Road Speed Limit,Accident with Hit and Run,Fog Presence,Surrounding Environment,Special Lane Presence,Special Traffic Measures,Weather Conditions,Special Road Functions,Severity of Accident,Influence of Fog,Influence of Environment,Influence of Traffic,Influence of Weather,Influence of Wind Intensity,Influence of Lighting,Influence of Special Measures,Influence of Road Objects,Influence of Road Surface,Influence of Visibility,Intersection Characteristics,Lighting Conditions,Traffic Regulation and Priority,Direction of Road,Subtype of Accident,Subtype of Road Section,Subzone within Area,Road Surface Conditions,Type of Road,Road Ownership,Wind Conditions,Day of the Week Grouping,Hour of Day,Time of Day Grouping,Type of Accident,Day Type,Day,Month
1105,2010,0,2010-06-17,B-142,POLINYA,Valles Occidental,3,0,1,2,2,0,0,0,0,2,0,0,0,60.0,0.0,0,2,No n'hi ha,-1.0,3,3,1,0,0,0,0,0,0,0,0,0,0,1,4,2,1,Envestida (frontal lateral),1,1,2,4,2,2,1,9.52,0,2,3,17,6
1106,2010,1,2010-08-27,SE,LLORET DE MAR,Selva,1,0,1,0,2,1,0,0,0,1,0,0,0,100.0,0.0,0,2,No n'hi ha,-1.0,3,3,1,0,0,0,0,0,0,0,0,0,0,0,4,-1,1,Atropellament,-1,2,2,5,-1,2,1,11.3,0,3,4,27,8
1107,2010,1,2010-08-25,SE,LLEIDA,Segria,2,0,1,0,2,1,0,0,0,1,0,0,0,100.0,0.0,0,2,No n'hi ha,-1.0,3,3,1,0,0,0,0,0,0,0,0,0,0,0,4,-1,1,Atropellament,-1,2,2,5,-1,2,1,17.0,1,3,2,25,8
1108,2010,1,2010-02-18,SE,HOSPITALET DE LLOBREGAT,Barcelones,3,0,1,0,2,0,0,0,1,1,0,0,0,20.0,1.0,0,-1,No n'hi ha,-1.0,3,3,1,0,-1,0,0,0,0,0,0,0,0,0,4,-1,1,Fregament o col·lisió lateral,-1,2,2,5,-1,2,1,13.3,0,2,3,18,2
1109,2010,1,2010-12-13,SE,GAVA,Baix Llobregat,3,0,1,0,2,1,0,0,0,1,0,0,0,30.0,0.0,0,-1,No n'hi ha,-1.0,3,3,1,-1,-1,0,0,-1,0,0,0,0,-1,1,4,4,-1,Atropellament,2,2,2,5,-1,2,1,16.0,1,3,0,13,12
1110,2010,1,2010-08-14,SE,"PRAT DE LLOBREGAT, E",Baix Llobregat,3,0,2,0,2,0,0,1,0,1,0,0,0,100.0,0.0,0,2,No n'hi ha,-1.0,3,3,1,0,0,0,0,0,0,0,0,0,0,1,4,4,0,Envestida (frontal lateral),2,2,2,5,-1,2,0,12.5,0,2,5,14,8
1111,2010,1,2010-03-07,SE,VIC,Osona,3,0,1,0,2,1,0,0,0,1,0,0,0,100.0,0.0,0,2,No n'hi ha,-1.0,3,3,1,0,0,0,0,0,0,0,0,0,0,0,4,-1,0,Atropellament,-1,2,2,5,-1,2,0,11.2,0,3,6,7,3
1112,2010,1,2010-05-31,SE,VILANOVA I LA GELTRU,Garraf,3,0,1,0,2,0,1,0,0,1,0,0,0,100.0,0.0,0,2,No n'hi ha,-1.0,3,3,1,0,0,0,0,0,0,0,0,0,0,1,4,2,1,Envestida (frontal lateral),0,2,2,5,-1,2,1,8.2,0,2,0,31,5
1113,2010,1,2010-08-28,SE,SANT BOI DE LLOBREGAT,Baix Llobregat,3,0,1,0,2,0,0,0,1,1,0,0,0,100.0,0.0,0,-1,No n'hi ha,-1.0,3,3,1,0,0,0,0,0,0,0,0,0,0,0,4,-1,-1,Envestida (frontal lateral),-1,2,2,5,-1,2,0,10.15,0,2,5,28,8
1114,2010,0,2010-10-17,GI-612,"PORT DE LA SELVA, EL",Alt Emporda,1,0,1,0,2,0,0,1,0,1,0,0,0,50.0,0.0,0,2,No n'hi ha,-1.0,3,3,1,0,0,0,0,0,0,0,0,0,0,0,4,-1,1,Col·lisió frontal,-1,1,2,4,3,2,0,12.0,0,2,6,17,10
1115,2010,0,2010-09-09,N-260,MAIA DE MONTCAL,Garrotxa,1,2,0,0,3,0,0,0,0,2,1,0,0,100.0,0.0,0,-1,No n'hi ha,-1.0,3,3,0,0,0,0,0,0,0,0,0,0,0,0,4,-1,-1,Col·lisió frontal,-1,1,2,4,-1,2,1,18.23,1,2,3,9,9
1116,2010,1,2010-06-09,SE,VALLS,Alt Camp,0,0,1,1,2,0,0,0,0,1,1,0,0,70.0,0.0,0,2,No n'hi ha,-1.0,1,1,1,0,0,0,0,0,0,0,0,0,0,1,2,3,1,Envestida (frontal lateral),0,0,0,5,0,1,1,9.35,0,2,2,9,6
1117,2010,0,2010-06-11,C-25,ARTES,Bages,3,4,0,1,4,0,0,0,0,2,2,0,0,100.0,0.0,0,-1,No n'hi ha,-1.0,3,3,0,0,0,0,0,0,0,0,0,0,0,0,4,-1,-1,Col·lisió frontal,-1,1,2,4,-1,2,0,20.34,1,2,4,11,6
1118,2010,1,2010-09-06,SE,BERGA,Bergueda,3,0,1,0,2,1,0,0,0,1,0,0,0,20.0,,0,-1,No n'hi ha,-1.0,3,3,1,-1,0,0,0,-1,0,0,0,0,-1,1,4,2,0,Atropellament,1,2,2,5,-1,2,1,13.0,0,3,0,6,9
1119,2010,1,2010-02-22,SE,ALMACELLES,Segria,2,0,1,0,2,0,0,1,0,1,0,0,0,100.0,0.0,0,2,No n'hi ha,-1.0,3,3,1,0,0,0,0,0,0,0,0,0,0,1,4,4,1,Caiguda en la via,2,2,5,5,-1,2,1,17.56,1,0,0,22,2
1120,2010,1,2010-10-14,SE,HOSPITALET DE LLOBREGAT,Barcelones,3,0,1,0,2,0,0,0,1,1,0,0,0,20.0,0.0,0,2,No n'hi ha,-1.0,3,3,1,-1,0,0,0,-1,0,0,0,0,-1,0,4,-1,1,Caiguda en la via,-1,2,2,5,-1,2,1,8.35,0,0,3,14,10
1121,2010,1,2010-07-17,SE,BERGA,Bergueda,3,0,2,0,3,2,0,0,0,1,0,0,0,20.0,,0,-1,No n'hi ha,-1.0,3,3,1,-1,0,0,0,-1,0,0,0,0,0,1,4,5,0,Atropellament,0,2,2,5,-1,2,0,11.0,0,3,5,17,7
1122,2010,0,2010-09-12,N-230,ALFARRAS,Segria,2,0,4,4,3,0,0,0,0,3,0,0,0,100.0,0.0,0,1,No n'hi ha,-1.0,3,3,1,0,0,0,0,0,0,0,0,0,0,0,4,-1,1,Col·lisió frontal,-1,1,2,4,1,2,0,16.33,1,2,6,12,9
1123,2010,1,2010-07-04,SE,SANT CARLES DE LA RAPITA,Montsia,0,0,1,0,2,1,0,1,0,0,0,0,0,100.0,0.0,0,2,No n'hi ha,-1.0,3,3,1,0,0,0,0,0,0,0,0,0,0,1,4,-1,1,Atropellament,2,2,2,5,-1,2,0,13.2,0,3,6,4,7
1124,2010,0,2010-02-24,SE,GIMENELLS I EL PLA DE LA FONT,Segria,2,0,1,0,1,0,0,0,0,1,0,0,0,90.0,0.0,0,2,Sense Especificar,-1.0,3,3,1,0,1,0,0,0,0,0,0,0,0,0,4,-1,1,Xoc contra objecte/obstacle sense sortida prèvia de via,-1,1,2,4,0,1,1,11.3,0,4,2,24,2
1125,2010,0,2010-03-19,AP-7,"ALDEA, L'",Baix Ebre,0,1,0,0,2,0,0,0,0,2,0,0,0,100.0,0.0,0,2,No n'hi ha,-1.0,3,3,0,0,0,0,0,0,0,0,1,0,0,0,0,-1,1,Sortida de via amb xoc o col·lisió,-1,1,2,4,1,2,0,21.54,1,1,4,19,3
1126,2010,1,2010-01-11,SE,BARCELONA,Barcelones,3,0,1,0,2,1,0,0,1,0,0,0,0,100.0,0.0,0,-1,No n'hi ha,0.0,3,3,1,0,0,1,0,0,0,1,0,0,1,1,4,3,0,Atropellament,1,2,2,5,-1,2,1,8.2,0,3,0,11,1
1127,2010,0,2010-12-19,SE,VILASSAR DE MAR,Maresme,3,0,1,0,2,0,0,0,1,1,0,0,0,100.0,0.0,0,2,No n'hi ha,-1.0,3,3,1,0,0,0,0,0,0,0,0,0,0,2,5,4,1,Fregament o col·lisió lateral,2,1,2,3,2,2,0,0.01,2,2,6,19,12
1128,2010,0,2010-10-01,SE,SITGES,Garraf,3,0,1,0,2,0,0,0,1,1,0,0,0,60.0,0.0,0,3,No n'hi ha,-1.0,3,3,1,0,0,0,0,0,0,0,0,0,0,0,3,-1,1,Col·lisió frontal,-1,1,2,3,2,2,0,20.3,1,2,4,1,10
1130,2010,0,2010-10-20,B-124,CASTELLAR DEL VALLES,Valles Occidental,3,0,1,0,2,1,0,0,0,1,0,0,0,100.0,0.0,0,2,No n'hi ha,-1.0,3,3,1,0,1,0,0,0,0,0,0,0,0,0,4,-1,1,Atropellament,-1,1,2,4,0,2,1,11.14,0,3,2,20,10
1131,2010,1,2010-09-20,SE,GRANOLLERS,Valles Oriental,3,0,1,0,2,1,0,0,0,1,0,0,0,100.0,0.0,0,2,No n'hi ha,-1.0,3,3,1,0,0,0,0,0,0,0,0,0,0,0,4,-1,0,Atropellament,-1,2,2,5,-1,2,1,15.45,1,3,0,20,9
1132,2010,1,2010-05-26,SE,SANT VICENC DELS HORTS,Baix Llobregat,3,0,1,0,2,1,0,0,0,1,0,0,0,20.0,0.0,0,2,No n'hi ha,-1.0,3,3,1,-1,0,0,0,-1,0,0,0,0,-1,0,4,-1,1,Atropellament,-1,2,2,5,-1,2,1,8.47,0,3,2,26,5
1133,2010,0,2010-07-06,C-65,LLAGOSTERA,Girones,1,1,0,1,1,0,0,0,0,0,1,0,0,80.0,0.0,0,0,No n'hi ha,-1.0,3,3,0,0,0,0,0,0,0,0,0,0,0,1,4,2,0,Resta sortides de via,2,1,2,4,2,2,1,6.48,0,1,1,6,7
1134,2010,0,2010-06-09,C-35,SANTA MARIA DE PALAU,Valles Oriental,3,0,1,0,4,0,0,0,0,3,1,0,0,100.0,0.0,0,2,No n'hi ha,-1.0,3,3,1,0,0,0,0,0,0,0,0,0,0,0,2,-1,1,Fregament o col·lisió lateral,-1,1,2,4,2,2,1,17.1,1,2,2,9,6
1135,2010,0,2010-07-30,BP-2151,TORRELAVIT,Alt Penedes,3,0,1,3,2,0,0,0,0,2,0,0,0,100.0,0.0,0,0,No n'hi ha,-1.0,3,3,1,0,1,0,0,0,0,0,0,0,0,0,4,-1,1,Envestida (frontal lateral),-1,1,2,4,2,2,0,17.1,1,2,4,30,7
1136,2010,0,2010-02-28,B-10,SANT ADRIA DE BESOS,Barcelones,3,0,2,0,1,0,0,0,0,1,0,0,0,80.0,0.0,0,-1,No n'hi ha,-1.0,3,3,1,-1,0,0,0,-1,0,0,0,0,-1,0,4,-1,0,Xoc contra objecte/obstacle sense sortida prèvia de via,-1,1,2,3,3,2,0,8.0,0,4,6,28,2
1137,2010,1,2010-09-07,SE,BLANES,Selva,1,0,1,0,2,0,0,1,0,1,0,0,0,20.0,,0,-1,No n'hi ha,-1.0,1,3,1,-1,0,0,0,0,0,0,0,0,0,1,5,4,1,Envestida (frontal lateral),1,2,0,5,-1,1,1,22.42,2,2,1,7,9
1138,2010,0,2010-05-21,N-340,"ARBO?, L'",Baix Penedes,0,0,1,2,2,0,0,0,0,2,0,0,0,100.0,0.0,0,2,No n'hi ha,-1.0,3,3,1,0,0,0,0,0,0,0,0,0,0,0,4,-1,1,Col·lisió frontal,-1,1,2,4,1,2,1,12.26,0,2,4,21,5
1139,2010,0,2010-01-14,GI-555,MASSANES,Selva,1,0,1,2,3,0,0,0,0,3,0,0,0,70.0,0.0,0,-1,No n'hi ha,-1.0,1,3,1,-1,0,0,0,-1,0,0,0,0,0,0,3,-1,1,Fregament o col·lisió lateral,-1,1,0,4,3,2,1,19.15,1,2,3,14,1
1140,2010,0,2010-11-14,C-28,ALT ANEU,Pallars Sobira,2,0,1,0,1,0,0,0,1,0,0,0,0,100.0,0.0,0,1,No n'hi ha,-1.0,3,3,1,0,0,0,0,0,0,0,0,0,0,0,4,-1,1,Caiguda en la via,-1,1,2,4,2,2,0,10.44,0,0,6,14,11
1141,2010,0,2010-12-28,N-II,CALDES DE MALAVELLA,Selva,1,1,0,1,2,0,0,0,0,1,1,0,0,80.0,0.0,0,1,No n'hi ha,0.0,3,3,0,0,0,0,0,0,0,0,0,0,0,0,4,-1,1,Col·lisió frontal,-1,1,2,4,1,2,1,10.0,0,2,1,28,12
1142,2010,1,2010-01-06,SE,SABADELL,Valles Occidental,3,0,1,0,2,0,0,1,0,1,0,0,0,100.0,0.0,0,-1,No n'hi ha,-1.0,3,3,1,0,0,0,0,0,0,0,0,0,0,0,4,-1,-1,Envestida (frontal lateral),-1,2,2,5,-1,2,1,21.3,1,2,2,6,1
1143,2010,0,2010-08-27,C-25,GURB,Osona,3,1,0,0,2,0,0,0,0,1,1,0,0,100.0,0.0,0,2,Carril acceleració,-1.0,3,3,0,0,0,0,0,0,0,0,0,0,0,0,0,-1,1,Envestida (frontal lateral),-1,1,2,4,2,2,0,23.15,2,2,4,27,8
1144,2010,0,2010-08-11,C-37,MANRESA,Bages,3,0,1,0,2,0,0,0,0,1,0,1,0,50.0,0.0,0,2,No n'hi ha,-1.0,3,3,1,0,0,0,0,0,0,0,0,0,0,1,4,5,1,Encalç,3,1,2,4,2,2,1,8.45,0,2,2,11,8
1145,2010,1,2010-09-14,SE,LLEIDA,Segria,2,0,1,1,3,1,0,1,0,1,0,0,0,100.0,0.0,0,-1,No n'hi ha,-1.0,3,3,1,0,0,0,0,0,0,0,0,0,0,0,4,-1,-1,Atropellament,-1,2,2,5,-1,2,1,17.5,1,3,1,14,9
1146,2010,0,2010-05-24,BV-2119,OLERDOLA,Alt Penedes,3,0,1,0,2,0,0,0,1,1,0,0,0,30.0,0.0,0,2,No n'hi ha,-1.0,3,3,1,0,0,0,0,0,1,0,0,0,0,0,4,-1,1,Fregament o col·lisió lateral,-1,1,2,4,4,2,1,20.3,1,2,0,24,5
1147,2010,1,2010-09-30,SE,MATARO,Maresme,3,0,1,0,2,1,0,0,0,1,0,0,0,20.0,0.0,0,-1,No n'hi ha,-1.0,3,3,1,0,0,0,0,0,0,0,0,0,0,0,4,-1,0,Atropellament,-1,2,2,5,-1,2,1,17.49,1,3,3,30,9
1148,2011,1,2011-04-01,SE,BARCELONA,Barcelones,3,0,1,0,2,0,0,0,1,1,0,0,0,100.0,0.0,0,-1,No n'hi ha,-1.0,3,3,1,0,0,1,0,0,0,0,0,0,0,0,4,-1,1,Fregament o col·lisió lateral,-1,2,2,5,-1,2,1,13.55,0,2,4,1,4
1149,2011,0,2011-09-25,C-43,GANDESA,Terra Alta,0,1,0,2,2,0,0,0,1,1,0,0,0,100.0,0.0,0,2,No n'hi ha,-1.0,3,3,0,0,0,0,0,0,0,0,0,0,0,0,4,-1,1,Col·lisió frontal,-1,1,2,4,2,2,0,12.15,0,2,6,25,9
1150,2011,1,2011-09-16,SE,ALCOVER,Alt Camp,0,0,1,0,2,1,0,0,0,1,0,0,0,40.0,0.0,0,2,No n'hi ha,-1.0,3,3,1,0,1,0,0,0,1,0,0,0,0,0,1,-1,0,Atropellament,-1,2,2,5,-1,2,0,17.3,1,3,4,16,9
1151,2011,1,2011-12-23,SE,SANTA COLOMA DE GRAMANET,Barcelones,3,0,1,2,2,0,0,0,1,1,0,0,0,20.0,0.0,0,-1,No n'hi ha,-1.0,3,3,1,-1,0,0,0,-1,0,0,0,0,-1,1,5,3,1,Envestida (frontal lateral),2,2,2,5,-1,2,0,22.51,2,2,4,23,12
1152,2011,0,2011-04-20,C-33,"LLAGOSTA, LA",Valles Oriental,3,0,1,0,2,0,0,0,1,1,0,0,0,100.0,0.0,0,2,No n'hi ha,-1.0,3,3,1,0,0,0,0,0,0,0,0,0,0,0,4,-1,1,Envestida (frontal lateral),-1,1,2,4,2,2,1,19.4,1,2,2,20,4
1153,2011,1,2011-12-29,SE,ESPLUGUES DE LLOBREGAT,Baix Llobregat,3,0,1,0,1,0,0,1,0,0,0,0,0,20.0,0.0,0,-1,No n'hi ha,-1.0,3,3,1,-1,0,0,0,-1,0,0,0,0,-1,0,4,-1,1,Caiguda en la via,-1,2,2,5,-1,2,1,14.05,1,0,3,29,12
1154,2011,0,2011-11-10,N-340,VILAFRANCA DEL PENEDES,Alt Penedes,3,0,1,0,2,0,0,0,0,1,1,0,0,90.0,,0,2,No n'hi ha,-1.0,3,3,1,-1,0,0,0,-1,0,0,0,0,0,0,4,-1,1,Encalç,-1,1,2,4,1,2,1,16.43,1,2,3,10,11
1155,2011,0,2011-12-04,C-63,BRUNYOLA,Selva,1,1,0,0,2,0,0,0,1,1,0,0,0,100.0,0.0,0,3,No n'hi ha,-1.0,3,3,0,0,0,0,0,0,0,0,0,0,0,1,4,5,1,Encalç,1,1,2,4,2,2,0,11.0,0,2,6,4,12
1156,2011,1,2011-12-21,SE,VILAFRANCA DEL PENEDES,Alt Penedes,3,0,1,0,2,1,0,0,0,1,0,0,0,20.0,0.0,0,-1,No n'hi ha,-1.0,3,3,1,0,-1,0,0,0,0,0,0,0,0,1,4,2,-1,Atropellament,1,2,2,5,-1,2,1,14.02,1,3,2,21,12
1157,2011,1,2011-08-13,SE,BARCELONA,Barcelones,3,1,1,0,2,0,0,0,2,0,0,0,0,30.0,0.0,0,-1,No n'hi ha,-1.0,3,3,0,0,0,0,0,0,0,0,0,0,1,1,5,4,0,Envestida (frontal lateral),2,2,2,5,-1,2,0,5.22,2,2,5,13,8
1158,2011,1,2011-03-09,SE,BARCELONA,Barcelones,3,0,1,0,2,0,0,1,0,0,1,0,0,100.0,0.0,0,-1,No n'hi ha,-1.0,3,3,1,0,0,0,0,0,0,0,0,0,0,0,4,-1,1,Fregament o col·lisió lateral,-1,2,2,5,-1,2,1,10.55,0,2,2,9,3
1159,2011,0,2011-01-19,N-340,OLERDOLA,Alt Penedes,3,0,1,0,2,0,0,0,1,1,0,0,0,40.0,0.0,0,2,No n'hi ha,0.0,3,3,1,0,0,0,0,0,0,0,0,0,0,1,3,4,1,Envestida (frontal lateral),1,1,2,4,1,2,1,20.23,1,2,2,19,1
1160,2011,0,2011-09-28,BV-2244,SANT SADURNI D'ANOIA,Alt Penedes,3,1,0,0,2,0,0,0,0,1,1,0,0,100.0,0.0,0,2,No n'hi ha,-1.0,3,2,0,0,0,0,0,0,0,0,0,0,0,0,3,-1,1,Col·lisió frontal,-1,1,2,4,2,2,1,21.5,1,2,2,28,9
1161,2011,1,2011-09-08,SE,MANRESA,Bages,3,1,0,0,2,1,0,0,0,0,0,1,0,40.0,0.0,0,2,No n'hi ha,-1.0,3,3,0,0,0,0,0,0,0,0,0,0,0,0,4,-1,1,Atropellament,-1,2,2,5,0,2,1,12.5,0,3,3,8,9
1162,2011,0,2011-06-20,C-153,SANTA MARIA DE CORCO,Osona,3,0,1,0,2,0,0,0,1,1,0,0,0,100.0,0.0,0,2,No n'hi ha,-1.0,3,3,1,0,0,0,0,0,0,0,0,0,0,0,4,-1,1,Fregament o col·lisió lateral,-1,1,2,4,2,2,1,17.01,1,2,0,20,6
1163,2011,0,2011-09-16,N-II,"BRUC, EL",Anoia,3,0,2,3,3,0,0,0,0,1,2,0,0,60.0,0.0,0,0,Carril habilitat en sentit contrari habitual,0.0,3,3,1,0,0,0,0,0,0,0,0,0,0,0,4,-1,1,Encalç,-1,1,2,4,1,2,1,9.26,0,2,4,16,9
1164,2011,1,2011-07-07,SE,MATARO,Maresme,3,0,1,0,2,1,0,0,0,1,0,0,0,20.0,0.0,0,2,No n'hi ha,-1.0,3,3,1,-1,0,0,0,-1,0,0,0,0,0,1,4,2,0,Atropellament,1,2,2,5,-1,2,1,9.1,0,3,3,7,7
1165,2011,0,2011-04-29,N-340,"VENDRELL, EL",Baix Penedes,0,1,0,1,2,0,0,0,1,1,0,0,0,100.0,0.0,0,3,No n'hi ha,-1.0,3,0,0,0,0,0,0,0,0,0,0,0,0,0,3,-1,1,Envestida (frontal lateral),-1,1,2,4,1,2,1,6.29,0,2,4,29,4
1166,2011,0,2011-07-16,N-340,AVINYONET DEL PENEDES,Alt Penedes,3,0,1,0,2,0,0,0,1,1,0,0,0,100.0,0.0,0,1,No n'hi ha,-1.0,3,3,1,0,0,0,0,0,0,0,0,0,0,0,4,-1,1,Fregament o col·lisió lateral,-1,1,2,4,1,2,0,18.2,1,2,5,16,7
1167,2011,0,2011-07-06,T-751,VALLMOLL,Alt Camp,0,0,1,0,1,0,0,0,0,1,0,0,0,90.0,0.0,0,2,No n'hi ha,-1.0,3,3,1,-1,0,0,0,-1,0,0,0,0,0,0,1,-1,1,Xoc contra objecte/obstacle sense sortida prèvia de via,-1,1,2,4,0,2,1,6.0,0,4,2,6,7
1168,2011,1,2011-07-01,SE,ESPLUGUES DE LLOBREGAT,Baix Llobregat,3,0,1,0,2,0,0,0,1,1,0,0,0,20.0,0.0,0,2,Altres,-1.0,3,3,1,-1,0,0,0,-1,0,0,0,0,-1,1,4,3,1,Envestida (frontal lateral),0,2,2,5,-1,2,1,12.48,0,2,4,1,7
1169,2011,1,2011-06-13,SE,BARCELONA,Barcelones,3,0,1,0,2,1,0,0,0,0,1,0,0,100.0,0.0,0,-1,Carril bus,-1.0,3,3,1,0,0,0,0,0,0,0,0,0,0,1,4,3,1,Atropellament,2,2,2,5,-1,2,1,12.3,0,3,0,13,6
1170,2011,1,2011-09-16,SE,MATARO,Maresme,3,0,1,0,3,0,0,0,1,2,0,0,0,20.0,0.0,0,-1,No n'hi ha,-1.0,3,3,1,0,-1,0,0,0,0,0,0,0,0,0,4,-1,-1,Xoc contra objecte/obstacle sense sortida prèvia de via,-1,2,2,5,-1,2,0,15.0,1,4,4,16,9
1171,2011,1,2011-01-05,SE,GIRONA,Girones,1,1,0,0,2,1,0,0,0,0,1,0,0,100.0,0.0,0,2,No n'hi ha,-1.0,3,3,0,0,0,0,0,0,0,0,0,0,0,0,4,-1,1,Atropellament,-1,2,2,5,-1,2,1,9.2,0,3,2,5,1
1172,2011,0,2011-05-24,C-59,CALDES DE MONTBUI,Valles Oriental,3,0,1,0,2,0,0,0,1,1,0,0,0,60.0,0.0,0,2,No n'hi ha,-1.0,3,3,1,0,0,0,0,0,0,0,0,0,0,1,4,4,1,Envestida (frontal lateral),1,1,2,4,2,2,1,12.45,0,2,1,24,5
1173,2011,0,2011-09-05,C-55,SANT JOAN DE VILATOR,Bages,3,0,1,0,2,0,0,0,1,0,1,0,0,60.0,0.0,0,2,No n'hi ha,-1.0,1,0,1,0,0,0,0,0,0,0,0,0,0,1,2,4,1,Fregament o col·lisió lateral,0,1,0,4,2,2,1,7.04,0,2,0,5,9
1174,2011,0,2011-12-21,SE,GUALBA,Valles Oriental,3,0,1,3,2,0,0,0,0,2,0,0,0,100.0,0.0,0,1,No n'hi ha,-1.0,3,3,1,0,0,0,0,0,0,0,0,0,0,1,4,4,1,Envestida (frontal lateral),1,1,2,3,0,2,1,14.05,1,2,2,21,12
1175,2011,0,2011-01-24,C-1415c,ARGENTONA,Maresme,3,0,1,0,2,0,1,0,0,1,0,0,0,50.0,0.0,0,2,No n'hi ha,-1.0,3,3,1,0,0,0,0,0,0,0,0,0,0,1,4,3,1,Envestida (frontal lateral),2,1,2,4,3,2,1,15.3,1,2,0,24,1
1176,2011,1,2011-05-12,SE,SANT SADURNI D'ANOIA,Alt Penedes,3,0,1,0,2,0,0,1,0,1,0,0,0,100.0,0.0,0,2,No n'hi ha,-1.0,3,3,1,0,0,0,0,0,0,0,0,0,0,0,4,-1,1,Envestida (frontal lateral),-1,2,2,5,-1,2,1,11.25,0,2,3,12,5
1177,2011,0,2011-06-11,C-31,CALONGE,Baix Emporda,1,0,1,0,4,0,0,0,0,4,0,0,0,40.0,0.0,0,2,Carril habilitat en sentit contrari habitual,4.0,3,3,1,-1,0,1,0,-1,0,0,0,0,-1,0,4,-1,1,Encalç,-1,1,2,4,2,2,0,17.29,1,2,5,11,6
1178,2011,1,2011-08-29,SE,VILA-SECA,Tarragones,0,0,1,0,2,1,0,0,0,1,0,0,0,30.0,0.0,0,2,No n'hi ha,-1.0,3,3,1,0,0,0,0,0,0,0,0,0,0,1,5,2,0,Atropellament,1,2,2,5,-1,2,1,21.3,1,3,0,29,8
1179,2011,0,2011-05-24,N-145,"VALLS DE VALIRA, LES",Alt Urgell,2,0,1,1,1,0,0,0,0,1,0,0,0,60.0,0.0,0,3,No n'hi ha,0.0,3,3,1,-1,0,0,0,-1,0,0,0,0,0,0,4,-1,1,Resta sortides de via,-1,1,2,4,1,2,1,15.2,1,1,1,24,5
1180,2011,1,2011-07-28,SE,BARCELONA,Barcelones,3,0,3,1,2,0,0,0,2,0,0,0,0,60.0,0.0,0,-1,No n'hi ha,-1.0,3,3,1,0,0,0,0,0,0,0,0,0,0,0,5,-1,1,Encalç,-1,2,2,5,-1,2,1,0.55,2,2,3,28,7
1181,2011,1,2011-02-08,N-II,SANT VICENC DE MONTA,Maresme,3,0,1,1,3,0,0,0,0,3,0,0,0,50.0,0.0,0,2,Carril central,-1.0,3,1,1,0,0,0,0,0,0,0,0,0,0,1,5,-1,1,Envestida (frontal lateral),1,0,2,4,1,2,1,21.25,1,2,1,8,2
1182,2011,1,2011-03-21,SE,MATARO,Maresme,3,0,1,0,2,0,0,0,1,1,0,0,0,20.0,0.0,0,-1,No n'hi ha,-1.0,3,3,1,0,0,0,0,0,0,0,0,0,0,1,4,4,-1,Envestida (frontal lateral),2,2,2,5,-1,2,1,8.5,0,2,0,21,3
1183,2011,0,2011-12-12,C-53,PENELLES,Noguera,2,0,1,2,2,0,0,0,0,2,0,0,0,100.0,0.0,0,0,No n'hi ha,-1.0,3,3,1,0,0,1,0,0,0,0,0,0,0,0,4,-1,1,Envestida (frontal lateral),-1,1,2,4,2,2,1,16.15,1,2,0,12,12
1184,2011,1,2011-05-11,SE,BARCELONA,Barcelones,3,0,1,1,2,1,0,0,1,0,0,0,0,100.0,0.0,0,-1,No n'hi ha,-1.0,3,3,1,0,0,0,0,0,0,0,0,0,0,1,4,3,0,Atropellament,2,2,2,5,-1,2,1,17.0,1,3,2,11,5
1185,2011,1,2011-10-13,SE,BARCELONA,Barcelones,3,0,1,0,2,0,0,1,0,1,0,0,0,100.0,0.0,0,-1,No n'hi ha,-1.0,3,3,1,0,0,0,0,0,0,0,0,0,0,1,4,3,1,Envestida (frontal lateral),2,2,2,5,-1,2,1,12.3,0,2,3,13,10
1186,2011,1,2011-01-26,SE,BARCELONA,Barcelones,3,0,1,0,2,0,0,1,0,1,0,0,0,30.0,0.0,0,-1,No n'hi ha,-1.0,3,3,1,0,0,0,0,0,0,0,0,0,0,1,5,2,0,Envestida (frontal lateral),2,2,2,5,-1,2,1,21.0,1,2,2,26,1
1187,2011,0,2011-05-21,C-14,VERDU,Urgell,2,0,3,0,2,0,0,0,0,2,0,0,0,100.0,0.0,0,0,No n'hi ha,-1.0,3,3,1,0,0,0,0,0,0,0,0,0,0,0,4,-1,1,Col·lisió frontal,-1,1,2,4,2,2,0,10.38,0,2,5,21,5
1188,2011,1,2011-11-24,SE,BARCELONA,Barcelones,3,0,1,0,2,0,0,0,0,1,0,1,0,100.0,0.0,0,-1,No n'hi ha,-1.0,3,3,1,0,0,0,0,0,0,0,0,0,0,1,5,3,0,Envestida (frontal lateral),2,2,2,5,-1,2,1,22.0,2,2,3,24,11
1189,2011,1,2011-03-03,SE,CORNELLA DE LLOBREGAT,Baix Llobregat,3,0,1,0,2,1,0,0,0,1,0,0,0,30.0,0.0,0,2,No n'hi ha,-1.0,1,3,1,-1,0,0,0,-1,0,0,0,0,-1,0,5,-1,1,Atropellament,-1,2,0,5,-1,2,1,22.35,2,3,3,3,3