,Year,Area,Date,Road,Municipality Name,County Name,Province Name,Fatalties,Serious Injuries,Light Injuries,Units Involved,Pedestrains Involved,Bicycles Involved,Mopeds Involved,Motorcycles,Light Vehicles Involved,Heavy Vehicles Involved,Other Units Involved,Unspecified Units Involved,Road Speed Limit,Accident with Hit and Run,Fog Presence,Surrounding Environment,Special Lane Presence,Special Traffic Measures,Weather Conditions,Special Road Functions,Severity of Accident,Influence of Fog,Influence of Environment,Influence of Traffic,Influence of Weather,Influence of Wind Intensity,Influence of Lighting,Influence of Special Measures,Influence of Road Objects,Influence of Road Surface,Influence of Visibility,Intersection Characteristics,Lighting Conditions,Traffic Regulation and Priority,Direction of Road,Subtype of Accident,Subtype of Road Section,Subzone within Area,Road Surface Conditions,Type of Road,Road Ownership,Wind Conditions,Day of the Week Grouping,Hour of Day,Time of Day Grouping,Type of Accident,Day Type,Day,Month
1190,2011,1,2011-10-14,SE,ROSSELLO,Segria,2,0,1,0,2,1,0,0,0,1,0,0,0,40.0,,0,2,No n'hi ha,-1.0,3,3,1,-1,0,0,0,-1,0,0,0,0,-1,1,5,4,1,Atropellament,0,2,2,5,-1,2,0,19.3,1,3,4,14,10
1191,2011,0,2011-01-12,C-55,MONISTROL DE MONTSER,Bages,3,0,2,1,4,0,0,0,0,2,2,0,0,80.0,0.0,0,3,No n'hi ha,-1.0,3,3,1,0,0,0,0,0,0,0,0,0,0,0,4,-1,1,Xoc contra objecte/obstacle sense sortida prèvia de via,-1,1,2,4,2,2,1,13.01,0,4,2,12,1
1192,2011,1,2011-06-21,SE,PINEDA DE MAR,Maresme,3,0,1,0,2,0,0,1,0,1,0,0,0,60.0,0.0,0,2,No n'hi ha,-1.0,3,3,1,0,0,0,0,0,0,0,0,0,0,0,4,-1,1,Fregament o col·lisió lateral,-1,2,2,5,2,2,1,9.0,0,2,1,21,6
1193,2011,1,2011-05-16,SE,BADALONA,Barcelones,3,0,1,1,2,0,0,0,1,1,0,0,0,100.0,0.0,0,-1,No n'hi ha,-1.0,3,3,1,0,0,0,0,0,0,0,0,0,0,1,4,2,1,Caiguda en la via,2,2,2,5,-1,2,1,13.08,0,0,0,16,5
1194,2011,0,2011-12-21,SE,CERDANYOLA DEL VALLES,Valles Occidental,3,0,1,1,2,0,0,0,0,0,2,0,0,30.0,0.0,0,2,No n'hi ha,-1.0,3,3,1,0,0,0,0,0,0,0,0,0,0,2,4,-1,1,Fregament o col·lisió lateral,0,1,2,3,4,2,1,8.44,0,2,2,21,12
1195,2011,0,2011-10-28,C-58,VACARISSES,Valles Occidental,3,0,1,0,3,0,0,0,0,2,1,0,0,80.0,0.0,0,2,Carril avançament,-1.0,3,3,1,0,0,0,0,0,0,0,0,0,0,0,2,-1,1,Fregament o col·lisió lateral,-1,1,2,4,2,2,1,13.4,0,2,4,28,10
1196,2011,1,2011-11-04,SE,SANT CARLES DE LA RAPITA,Montsia,0,0,1,0,2,1,0,0,0,1,0,0,0,100.0,0.0,0,2,No n'hi ha,-1.0,3,3,1,0,0,0,0,0,0,0,0,0,0,0,4,-1,0,Atropellament,-1,2,2,5,-1,2,0,21.5,1,3,4,4,11
1197,2011,1,2011-10-25,SE,REUS,Baix Camp,0,0,1,0,2,1,0,0,0,1,0,0,0,100.0,0.0,0,-1,No n'hi ha,-1.0,3,3,1,0,0,0,0,0,0,0,0,0,0,0,4,-1,-1,Atropellament,-1,2,2,5,-1,2,1,11.15,0,3,1,25,10
1198,2011,0,2011-04-08,B-30,CERDANYOLA DEL VALLES,Valles Occidental,3,0,1,0,2,0,0,0,1,1,0,0,0,80.0,0.0,0,1,No n'hi ha,-1.0,3,3,1,0,0,0,0,0,1,0,0,0,0,0,4,-1,0,Fregament o col·lisió lateral,-1,1,2,4,1,2,1,8.02,0,2,4,8,4
1199,2011,0,2011-04-25,C-58,VACARISSES,Valles Occidental,3,0,2,8,4,0,0,0,0,4,0,0,0,80.0,0.0,0,0,Carril acceleració,-1.0,3,3,1,0,0,0,0,0,0,0,0,0,0,0,4,-1,1,Envestida (frontal lateral),-1,1,2,4,2,2,1,17.25,1,2,0,25,4
1200,2011,1,2011-01-25,SE,BARCELONA,Barcelones,3,0,1,0,2,0,0,0,1,1,0,0,0,100.0,0.0,0,-1,No n'hi ha,-1.0,3,3,1,0,0,0,0,0,0,0,0,0,0,0,5,-1,0,Fregament o col·lisió lateral,-1,2,2,5,-1,2,1,19.05,1,2,1,25,1
1201,2011,0,2011-01-21,C-12,ALBATARREC,Segria,2,0,1,0,3,0,0,0,1,1,1,0,0,100.0,0.0,0,1,Carril acceleració,-1.0,3,3,1,0,0,0,0,0,0,0,0,0,0,1,4,4,1,Envestida (frontal lateral),0,1,2,4,2,2,1,12.36,0,2,4,21,1
1202,2011,1,2011-07-20,SE,BARCELONA,Barcelones,3,0,1,0,2,0,0,0,1,1,0,0,0,100.0,0.0,0,-1,No n'hi ha,-1.0,3,3,1,0,0,0,0,0,0,0,0,0,0,1,4,3,0,Envestida (frontal lateral),2,2,2,5,-1,2,1,10.35,0,2,2,20,7
1203,2011,0,2011-04-17,N-II,MONTGAT,Maresme,3,0,1,0,1,0,0,0,1,0,0,0,0,40.0,0.0,0,-1,No n'hi ha,-1.0,3,3,1,-1,0,0,0,-1,0,0,0,0,0,2,5,4,1,Caiguda en la via,0,1,2,4,1,2,0,6.15,0,0,6,17,4
1204,2011,0,2011-08-14,GI-681,TOSSA DE MAR,Selva,1,0,1,0,2,1,0,0,0,1,0,0,0,100.0,0.0,0,2,No n'hi ha,-1.0,3,3,1,0,0,0,0,0,0,0,0,0,0,0,3,-1,1,Atropellament,-1,1,2,4,3,2,0,5.3,2,3,6,14,8
1205,2011,1,2011-07-15,SE,FIGUERES,Alt Emporda,1,0,1,0,2,0,0,0,1,1,0,0,0,20.0,0.0,0,-1,No n'hi ha,-1.0,3,3,1,-1,0,0,0,-1,0,0,0,0,-1,1,4,4,-1,Caiguda en la via,1,2,2,5,-1,2,1,7.3,0,0,4,15,7
1206,2011,0,2011-07-15,BV-1221,NAVARCLES,Bages,3,0,1,0,2,0,0,1,0,1,0,0,0,100.0,0.0,0,2,No n'hi ha,-1.0,3,3,1,0,0,0,0,0,0,0,0,0,1,0,4,-1,1,Fregament o col·lisió lateral,-1,1,2,4,2,2,0,18.38,1,2,4,15,7
1207,2011,1,2011-10-13,SE,TARRAGONA,Tarragones,0,0,1,0,2,1,0,0,1,0,0,0,0,100.0,0.0,0,2,No n'hi ha,-1.0,3,3,1,0,0,0,0,0,0,0,0,0,0,2,4,4,1,Atropellament,0,2,2,5,-1,2,1,9.1,0,3,3,13,10
1208,2011,1,2011-09-03,SE,TERRASSA,Valles Occidental,3,0,1,1,2,1,0,0,0,1,0,0,0,100.0,0.0,0,2,No n'hi ha,-1.0,3,3,1,0,0,0,0,0,0,0,0,0,0,1,4,3,0,Atropellament,0,2,2,5,-1,2,0,22.38,2,3,5,3,9
1209,2011,1,2011-07-14,SE,BARCELONA,Barcelones,3,0,1,0,2,1,0,0,0,1,0,0,0,100.0,0.0,0,-1,Carril bus,-1.0,1,3,1,0,0,1,0,0,0,0,0,0,0,0,4,-1,1,Atropellament,-1,2,0,5,-1,2,1,10.3,0,3,3,14,7
1210,2011,1,2011-09-08,SE,CERDANYOLA DEL VALLES,Valles Occidental,3,0,1,0,2,1,0,0,0,1,0,0,0,100.0,0.0,0,2,No n'hi ha,-1.0,3,3,1,0,0,0,0,0,0,0,0,0,0,0,5,-1,1,Atropellament,-1,2,2,5,-1,2,1,21.45,1,3,3,8,9
1211,2011,1,2011-09-27,SE,BANYOLES,Pla de l'Estany,1,0,1,0,2,0,0,1,0,1,0,0,0,100.0,0.0,0,2,No n'hi ha,-1.0,3,3,1,0,0,0,0,0,0,0,0,0,0,0,4,-1,1,Envestida (frontal lateral),-1,2,2,5,-1,2,1,18.15,1,2,1,27,9
1212,2011,1,2011-12-05,SE,MATARO,Maresme,3,1,0,0,2,0,0,0,1,1,0,0,0,100.0,0.0,0,2,No n'hi ha,-1.0,3,3,0,0,0,0,0,0,0,0,0,0,0,1,4,4,1,Envestida (frontal lateral),2,2,2,5,-1,2,1,13.35,0,2,0,5,12
1213,2011,0,2011-06-22,N-340,"ARBO?, L'",Baix Penedes,0,0,1,0,2,0,0,0,1,0,1,0,0,40.0,0.0,0,2,No n'hi ha,-1.0,3,3,1,0,0,0,0,0,0,0,0,0,0,1,4,4,1,Encalç,0,1,2,4,1,2,1,12.25,0,2,2,22,6
1214,2011,1,2011-05-02,SE,LLORET DE MAR,Selva,1,0,1,0,2,1,0,0,0,1,0,0,0,100.0,0.0,0,3,No n'hi ha,-1.0,3,1,1,0,0,0,1,0,0,0,0,0,0,0,4,-1,1,Atropellament,-1,0,2,5,-1,2,1,21.5,1,3,0,2,5
1215,2011,1,2011-04-10,SE,TARRAGONA,Tarragones,0,0,1,0,2,1,0,0,0,1,0,0,0,20.0,,0,2,No n'hi ha,-1.0,3,3,1,-1,0,0,0,-1,0,0,0,0,-1,0,4,-1,1,Atropellament,-1,2,2,5,-1,2,0,12.55,0,3,6,10,4
1216,2011,1,2011-08-18,SE,BARCELONA,Barcelones,3,1,0,0,6,0,0,1,3,1,1,0,0,100.0,0.0,0,-1,No n'hi ha,-1.0,3,3,0,0,0,0,0,0,0,0,0,0,0,1,4,3,0,Envestida (frontal lateral),2,2,2,5,-1,2,1,13.2,0,2,3,18,8
1217,2011,1,2011-09-18,SE,CUBELLES,Garraf,3,0,1,2,2,0,0,0,1,1,0,0,0,20.0,0.0,0,-1,No n'hi ha,-1.0,3,3,1,-1,-1,0,0,-1,0,0,0,0,0,1,5,4,-1,Envestida (frontal lateral),2,2,2,5,-1,2,0,20.45,1,2,6,18,9
1218,2011,0,2011-09-24,C-17,SEVA,Osona,3,1,0,0,1,0,0,0,0,1,0,0,0,100.0,0.0,0,2,No n'hi ha,-1.0,3,3,0,0,0,0,0,0,0,0,0,0,0,2,3,-1,1,Resta sortides de via,3,1,2,4,2,2,0,2.51,2,1,5,24,9
1219,2011,1,2011-10-28,SE,"FULIOLA, LA",Urgell,2,0,1,0,2,1,0,0,0,1,0,0,0,100.0,0.0,0,2,No n'hi ha,-1.0,1,3,1,0,0,0,0,0,0,0,0,0,0,0,2,-1,1,Atropellament,-1,2,3,5,-1,2,1,11.35,0,3,4,28,10
1220,2011,1,2011-12-10,SE,TERRASSA,Valles Occidental,3,0,1,0,2,0,1,0,0,1,0,0,0,100.0,0.0,0,-1,No n'hi ha,-1.0,3,3,1,0,0,0,0,0,0,0,0,0,0,0,4,-1,-1,Envestida (frontal lateral),-1,2,2,5,-1,2,0,8.55,0,2,5,10,12
1221,2011,1,2011-04-08,SE,SANT JUST DESVERN,Baix Llobregat,3,0,1,2,2,0,0,0,2,0,0,0,0,100.0,0.0,0,2,No n'hi ha,-1.0,3,3,1,0,0,0,0,0,0,0,0,0,0,1,5,3,1,Envestida (frontal lateral),2,2,2,5,0,2,0,22.35,2,2,4,8,4
1222,2011,1,2011-04-26,SE,"VENDRELL, EL",Baix Penedes,0,0,1,1,2,0,0,0,0,1,1,0,0,40.0,0.0,0,-1,No n'hi ha,-1.0,3,3,1,-1,0,0,0,-1,0,0,0,0,-1,0,5,-1,1,Xoc contra objecte/obstacle sense sortida prèvia de via,-1,2,2,5,-1,2,1,0.05,2,4,1,26,4
1223,2011,1,2011-09-25,SE,TERRASSA,Valles Occidental,3,0,1,0,2,0,1,0,0,1,0,0,0,100.0,0.0,0,2,No n'hi ha,-1.0,3,0,1,0,0,0,0,0,0,0,0,0,0,1,4,5,0,Fregament o col·lisió lateral,0,2,2,5,-1,2,0,10.2,0,2,6,25,9
1224,2011,0,2011-07-16,BV-5001,MARTORELLES,Valles Oriental,3,1,1,3,5,0,4,0,0,1,0,0,0,100.0,0.0,0,2,No n'hi ha,-1.0,3,3,0,0,1,0,0,0,0,0,0,0,0,0,4,-1,1,Resta sortides de via,-1,1,2,4,3,2,0,14.35,1,1,5,16,7
1225,2011,1,2011-03-19,SE,CAMBRILS,Baix Camp,0,0,1,0,1,0,0,0,1,0,0,0,0,100.0,0.0,0,-1,No n'hi ha,-1.0,3,3,1,0,0,0,0,0,0,0,0,0,0,0,4,-1,-1,Resta sortides de via,-1,2,2,5,-1,2,0,14.1,1,1,5,19,3
1226,2011,1,2011-06-28,SE,BARCELONA,Barcelones,3,0,1,0,2,1,0,0,0,0,1,0,0,100.0,0.0,0,-1,Carril bus,-1.0,3,3,1,0,0,0,0,0,0,0,0,0,1,0,4,-1,1,Atropellament,-1,2,2,5,-1,2,1,10.15,0,3,1,28,6
1227,2011,0,2011-03-03,C-55,CASTELLBELL I EL VIL,Bages,3,0,5,0,2,0,0,0,0,2,0,0,0,60.0,0.0,0,1,No n'hi ha,-1.0,1,3,1,0,0,0,1,0,0,0,0,0,0,0,2,-1,1,Envestida (frontal lateral),-1,1,0,4,2,2,1,16.1,1,2,3,3,3
1228,2011,0,2011-07-04,GI-642,RUPIA,Baix Emporda,1,1,2,0,1,0,0,0,0,1,0,0,0,50.0,0.0,0,1,No n'hi ha,-1.0,3,3,0,0,1,0,0,0,0,0,0,0,0,0,1,-1,1,Sortida de via amb bolcada,-1,1,2,4,3,2,1,6.51,0,1,0,4,7
1229,2011,1,2011-01-03,SE,BARCELONA,Barcelones,3,0,1,0,2,1,0,0,1,0,0,0,0,100.0,0.0,0,-1,No n'hi ha,-1.0,3,3,1,0,0,0,0,0,0,0,0,0,0,0,4,-1,0,Atropellament,-1,2,2,5,-1,2,1,11.0,0,3,0,3,1
1230,2011,1,2011-03-01,SE,ESPLUGUES DE LLOBREGAT,Baix Llobregat,3,0,2,2,3,2,0,0,0,0,1,0,0,20.0,0.0,0,-1,No n'hi ha,-1.0,3,3,1,0,0,0,0,0,0,0,0,0,0,1,4,4,-1,Atropellament,1,2,2,5,-1,2,1,16.55,1,3,1,1,3
1231,2011,0,2011-07-23,SE,GIRONA,Girones,1,0,1,0,2,0,1,0,0,1,0,0,0,100.0,0.0,0,2,Carril bici,-1.0,3,3,1,0,0,0,0,0,0,0,0,0,0,1,1,4,1,Envestida (frontal lateral),1,1,2,3,3,2,0,6.35,0,2,5,23,7
1232,2011,1,2011-05-20,SE,PALAU-SAVERDERA,Alt Emporda,1,0,1,1,2,0,0,2,0,0,0,0,0,100.0,0.0,0,2,No n'hi ha,-1.0,3,3,1,0,0,0,0,0,0,0,0,0,0,0,1,-1,1,Col·lisió frontal,-1,2,2,5,0,2,0,21.0,1,2,4,20,5
1233,2011,1,2011-08-13,SE,BARCELONA,Barcelones,3,0,1,0,2,1,0,0,0,1,0,0,0,80.0,0.0,0,-1,No n'hi ha,-1.0,3,3,1,0,0,0,0,0,0,0,0,0,1,0,5,-1,1,Atropellament,-1,2,2,5,-1,2,0,22.5,2,3,5,13,8
1234,2011,1,2011-12-12,SE,LLEIDA,Segria,2,0,1,0,2,1,0,0,0,1,0,0,0,100.0,0.0,0,-1,No n'hi ha,-1.0,3,3,1,0,0,0,0,0,0,0,0,0,0,0,4,-1,-1,Atropellament,-1,2,2,5,-1,2,1,18.45,1,3,0,12,12
1235,2011,0,2011-06-10,GI-555,MASSANES,Selva,1,1,0,2,2,0,0,0,0,2,0,0,0,100.0,0.0,0,2,No n'hi ha,-1.0,1,3,0,0,0,0,0,0,0,0,0,0,0,0,2,-1,1,Col·lisió frontal,-1,1,0,4,2,2,1,10.2,0,2,4,10,6
1236,2011,1,2011-01-27,SE,BARCELONA,Barcelones,3,0,1,0,2,0,0,0,0,1,1,0,0,100.0,0.0,0,-1,No n'hi ha,-1.0,1,3,1,0,0,0,0,0,0,0,0,0,0,0,5,-1,1,Encalç,-1,2,0,5,-1,2,1,21.4,1,2,3,27,1
1237,2011,1,2011-12-03,SE,BARCELONA,Barcelones,3,0,1,0,2,1,0,0,1,0,0,0,0,100.0,0.0,0,-1,No n'hi ha,-1.0,3,3,1,0,0,0,0,0,0,0,0,0,0,1,5,2,0,Atropellament,2,2,2,5,-1,2,0,20.47,1,3,5,3,12
1238,2011,1,2011-12-19,SE,VALLS,Alt Camp,0,0,1,0,1,0,0,0,0,1,0,0,0,50.0,0.0,0,2,No n'hi ha,-1.0,3,3,1,0,0,0,0,0,0,0,0,0,0,1,5,-1,1,Xoc contra objecte/obstacle sense sortida prèvia de via,0,2,2,5,-1,2,1,22.15,2,4,0,19,12
1239,2011,0,2011-07-27,C-451,MASSOTERES,Segarra,2,1,0,1,2,0,0,0,0,2,0,0,0,100.0,0.0,0,0,No n'hi ha,-1.0,3,3,0,0,0,0,0,0,0,0,0,0,0,0,4,-1,1,Envestida (frontal lateral),-1,1,2,4,2,2,1,9.11,0,2,2,27,7
1240,2011,1,2011-05-02,SE,BARCELONA,Barcelones,3,0,1,0,2,1,0,0,0,1,0,0,0,100.0,0.0,0,-1,No n'hi ha,-1.0,3,3,1,0,0,0,0,0,0,0,0,0,0,1,4,3,0,Atropellament,2,2,2,5,-1,2,1,19.4,1,3,0,2,5
1241,2011,0,2011-12-16,SE,TERRASSA,Valles Occidental,3,0,1,0,1,0,0,0,1,0,0,0,0,100.0,0.0,0,-1,No n'hi ha,-1.0,3,3,1,0,0,0,0,0,0,0,0,0,0,0,4,-1,-1,Caiguda en la via,-1,1,2,3,-1,2,0,20.1,1,0,4,16,12
1242,2011,1,2011-07-14,SE,BARCELONA,Barcelones,3,0,1,1,3,0,0,1,1,1,0,0,0,100.0,0.0,0,-1,No n'hi ha,-1.0,3,3,1,0,0,0,0,0,0,0,0,0,0,1,5,3,0,Envestida (frontal lateral),2,2,2,5,-1,2,1,23.1,2,2,3,14,7
1243,2011,0,2011-09-08,BV-4512,ARTES,Bages,3,0,1,0,2,0,1,0,0,1,0,0,0,100.0,0.0,0,2,No n'hi ha,-1.0,3,3,1,0,0,0,0,0,0,0,0,0,0,0,4,-1,1,Encalç,-1,1,2,4,3,2,1,16.53,1,2,3,8,9
1244,2011,0,2011-08-12,C-12,MAIALS,Segria,2,0,2,4,2,0,0,0,0,2,0,0,0,100.0,0.0,0,1,No n'hi ha,-1.0,3,3,1,0,0,0,0,0,0,0,0,0,0,0,4,-1,1,Col·lisió frontal,-1,1,2,4,2,2,1,13.16,0,2,4,12,8
1245,2011,0,2011-01-20,C-61,ARENYS DE MUNT,Maresme,3,1,0,1,2,0,0,0,1,1,0,0,0,60.0,0.0,0,3,No n'hi ha,-1.0,3,3,0,0,0,0,0,0,0,0,0,0,1,1,0,4,1,Envestida (frontal lateral),1,1,2,4,2,2,1,20.3,1,2,3,20,1
1246,2011,1,2011-02-19,SE,SANTA BARBARA,Montsia,0,0,1,0,2,0,0,1,0,1,0,0,0,100.0,0.0,0,2,No n'hi ha,-1.0,3,3,1,0,0,0,0,0,0,0,0,0,1,1,5,5,0,Envestida (frontal lateral),1,2,2,5,-1,2,0,20.25,1,2,5,19,2
1247,2011,1,2011-09-08,SE,SANT BOI DE LLOBREGAT,Baix Llobregat,3,0,1,1,3,2,0,0,0,1,0,0,0,100.0,0.0,0,-1,No n'hi ha,-1.0,3,3,1,0,0,0,0,0,1,0,0,0,0,0,4,-1,0,Atropellament,-1,2,2,5,-1,2,1,18.57,1,3,3,8,9
1248,2011,1,2011-07-19,SE,GRANOLLERS,Valles Oriental,3,1,0,0,2,1,0,0,0,0,1,0,0,100.0,0.0,0,2,No n'hi ha,-1.0,3,1,0,0,0,0,0,0,0,0,0,0,0,0,4,-1,0,Atropellament,-1,0,1,5,-1,2,1,9.4,0,3,1,19,7
1249,2011,1,2011-02-23,SE,BARCELONA,Barcelones,3,0,1,0,2,0,0,0,1,1,0,0,0,100.0,0.0,0,-1,Carril bus,-1.0,3,3,1,0,0,0,0,0,0,0,0,0,0,0,4,-1,1,Fregament o col·lisió lateral,-1,2,2,5,-1,2,1,6.5,0,2,2,23,2
1250,2011,1,2011-05-14,N-II,PREMIA DE MAR,Maresme,3,0,1,0,2,0,1,0,0,1,0,0,0,50.0,0.0,0,2,No n'hi ha,-1.0,3,1,1,0,0,0,0,0,0,0,0,0,0,0,4,-1,1,Encalç,-1,0,2,4,2,2,0,7.5,0,2,5,14,5
1251,2011,1,2011-06-24,SE,SANT BOI DE LLOBREGAT,Baix Llobregat,3,0,1,1,3,2,0,0,0,1,0,0,0,100.0,1.0,0,2,No n'hi ha,-1.0,3,3,1,0,0,0,0,0,0,0,0,0,0,2,1,4,1,Atropellament,2,2,2,5,-1,2,0,21.06,1,3,4,24,6
1252,2011,1,2011-03-18,SE,"VENDRELL, EL",Baix Penedes,0,0,1,0,2,1,0,0,0,1,0,0,0,40.0,0.0,0,-1,No n'hi ha,-1.0,3,3,1,-1,0,0,0,-1,0,0,0,0,1,0,4,-1,0,Atropellament,-1,2,2,5,-1,2,1,13.05,0,3,4,18,3
1253,2011,0,2011-09-08,N-141e,BESCANO,Girones,1,1,2,0,2,0,0,0,0,2,0,0,0,50.0,0.0,0,1,No n'hi ha,-1.0,3,3,0,0,0,0,0,0,0,0,0,0,0,0,4,-1,1,Col·lisió frontal,-1,1,2,4,1,2,1,17.25,1,2,3,8,9
1254,2011,0,2011-05-25,C-55,CARDONA,Bages,3,0,1,0,1,0,0,1,0,0,0,0,0,90.0,0.0,0,3,No n'hi ha,-1.0,3,3,1,-1,0,0,0,-1,0,0,0,0,-1,0,4,-1,1,Resta sortides de via,-1,1,2,4,2,2,1,17.15,1,1,2,25,5
1255,2011,1,2011-05-24,SE,SANT BOI DE LLOBREGAT,Baix Llobregat,3,0,1,0,2,1,0,0,0,1,0,0,0,100.0,0.0,0,-1,No n'hi ha,-1.0,3,3,1,0,0,0,0,0,0,0,0,0,0,0,4,-1,-1,Atropellament,-1,2,2,5,-1,2,1,13.0,0,3,1,24,5
1256,2011,1,2011-03-07,SE,GRANOLLERS,Valles Oriental,3,0,1,0,2,0,0,0,1,1,0,0,0,100.0,0.0,0,2,No n'hi ha,-1.0,3,3,1,0,0,0,0,0,0,0,0,0,0,2,4,3,1,Encalç,1,2,2,5,-1,2,1,14.2,1,2,0,7,3
1257,2011,0,2011-08-09,-GIP 6021.00,PERALADA,Alt Emporda,1,1,0,0,1,0,0,0,0,1,0,0,0,30.0,0.0,0,2,No n'hi ha,-1.0,3,3,0,0,0,0,0,0,0,0,0,0,0,0,3,-1,1,Xoc contra objecte/obstacle sense sortida prèvia de via,-1,1,2,4,3,1,1,4.02,2,4,1,9,8
1258,2011,1,2011-09-06,SE,BARCELONA,Barcelones,3,0,1,6,5,0,3,0,0,2,0,0,0,100.0,0.0,0,-1,No n'hi ha,-1.0,3,3,1,0,0,0,0,0,0,0,0,0,0,0,4,-1,1,Encalç,-1,2,2,5,-1,2,1,18.3,1,2,1,6,9
1259,2011,0,2011-09-18,B-124,CALDERS,Moianès,3,0,1,2,2,0,0,0,1,1,0,0,0,90.0,0.0,0,0,No n'hi ha,-1.0,3,3,1,-1,0,0,0,-1,0,0,0,0,0,0,4,-1,1,Envestida (frontal lateral),-1,1,2,4,2,2,0,12.45,0,2,6,18,9
1260,2011,1,2011-06-26,SE,BARCELONA,Barcelones,3,0,1,1,2,0,0,1,0,1,0,0,0,100.0,0.0,0,-1,No n'hi ha,-1.0,3,3,1,0,0,0,0,0,0,0,0,0,0,1,4,3,1,Envestida (frontal lateral),1,2,2,5,-1,2,0,20.15,1,2,6,26,6
1261,2011,1,2011-06-19,SE,BARCELONA,Barcelones,3,0,1,2,2,0,0,0,1,1,0,0,0,100.0,0.0,0,-1,No n'hi ha,-1.0,3,3,1,0,0,0,0,0,0,1,0,0,0,1,4,3,0,Envestida (frontal lateral),2,2,2,5,-1,2,0,20.05,1,2,6,19,6
1262,2011,1,2011-12-13,SE,BARCELONA,Barcelones,3,0,1,1,3,0,0,0,2,1,0,0,0,100.0,0.0,0,-1,No n'hi ha,-1.0,3,3,1,0,0,0,0,0,0,0,0,0,0,0,4,-1,1,Encalç,-1,2,2,5,-1,2,1,16.3,1,2,1,13,12
1263,2011,1,2011-06-17,SE,BARCELONA,Barcelones,3,0,1,1,2,1,0,0,1,0,0,0,0,100.0,0.0,0,-1,No n'hi ha,-1.0,3,3,1,0,0,0,0,0,0,0,0,0,1,1,4,3,1,Atropellament,2,2,2,5,-1,2,0,15.3,1,3,4,17,6
1264,2011,1,2011-11-17,SE,PALAFOLLS,Maresme,3,0,1,0,2,0,0,0,1,1,0,0,0,100.0,0.0,0,2,No n'hi ha,-1.0,3,3,1,0,0,0,0,0,0,0,0,0,0,1,5,5,1,Envestida (frontal lateral),1,2,2,5,0,2,1,21.0,1,2,3,17,11
1265,2011,0,2011-07-03,C-16,CERCS,Bergueda,3,2,4,0,2,0,0,0,0,2,0,0,0,100.0,0.0,0,2,No n'hi ha,-1.0,1,3,0,0,0,0,0,0,0,0,0,0,0,0,4,-1,1,Fregament o col·lisió lateral,-1,1,0,4,2,2,0,17.35,1,2,6,3,7
1266,2011,0,2011-11-16,N-240,LLEIDA,Segria,2,1,1,3,2,0,0,0,0,2,0,0,0,100.0,0.0,0,2,No n'hi ha,-1.0,3,3,0,0,0,0,0,0,0,0,0,0,0,0,3,-1,1,Encalç,-1,1,2,4,1,2,1,21.3,1,2,2,16,11
1267,2011,0,2011-08-13,C-58,VILADECAVALLS,Valles Occidental,3,0,1,0,1,0,0,0,0,1,0,0,0,100.0,0.0,0,1,No n'hi ha,-1.0,3,3,1,0,0,0,0,0,0,0,0,0,0,0,0,-1,1,Sortida de via amb xoc o col·lisió,-1,1,2,4,2,2,0,1.0,2,1,5,13,8
1268,2011,1,2011-04-05,SE,SANTA COLOMA DE GRAMANET,Barcelones,3,0,1,0,2,1,0,0,0,1,0,0,0,20.0,0.0,0,-1,No n'hi ha,-1.0,3,3,1,-1,0,0,0,-1,0,0,0,0,0,0,4,-1,0,Atropellament,-1,2,2,5,-1,2,1,19.2,1,3,1,5,4
1269,2011,1,2011-05-23,SE,TERRASSA,Valles Occidental,3,0,1,1,3,2,0,0,0,1,0,0,0,100.0,0.0,0,-1,No n'hi ha,-1.0,3,3,1,0,0,0,0,0,0,0,0,0,0,0,4,-1,-1,Atropellament,-1,2,2,5,-1,2,1,17.5,1,3,0,23,5
1270,2011,1,2011-04-01,SE,BARCELONA,Barcelones,3,0,1,2,4,0,1,0,1,2,0,0,0,100.0,0.0,0,-1,No n'hi ha,-1.0,3,3,1,0,0,0,0,0,0,0,0,0,0,1,4,3,0,Fregament o col·lisió lateral,2,2,2,5,-1,2,1,13.3,0,2,4,1,4
1271,2011,1,2011-08-05,SE,CORNELLA DE LLOBREGAT,Baix Llobregat,3,0,1,0,2,1,0,0,0,1,0,0,0,20.0,0.0,0,-1,No n'hi ha,-1.0,3,3,1,-1,0,0,0,-1,0,0,0,0,-1,0,4,-1,1,Atropellament,-1,2,2,5,-1,2,0,17.51,1,3,4,5,8
1272,2011,0,2011-05-21,C-35,SANTA MARIA DE PALAU,Valles Oriental,3,0,1,2,3,0,0,0,0,3,0,0,0,100.0,0.0,0,2,No n'hi ha,-1.0,3,3,1,0,0,0,0,0,0,0,0,0,0,0,4,-1,1,Envestida (frontal lateral),-1,1,2,4,2,2,0,13.5,0,2,5,21,5
1273,2011,0,2011-11-15,C-12,FLIX,Ribera d'Ebre,0,0,1,0,3,0,0,0,0,1,1,1,0,100.0,0.0,0,3,No n'hi ha,-1.0,2,3,1,0,0,0,1,0,0,0,0,0,0,0,4,-1,1,Fregament o col·lisió lateral,-1,1,0,4,2,1,1,9.3,0,2,1,15,11