,Year,Area,Date,Road,Municipality Name,County Name,Province Name,Fatalties,Serious Injuries,Light Injuries,Units Involved,Pedestrains Involved,Bicycles Involved,Mopeds Involved,Motorcycles,Light Vehicles Involved,Heavy Vehicles Involved,Other Units Involved,Unspecified Units Involved,Road Speed Limit,Accident with Hit and Run,Fog Presence,Surrounding Environment,Special Lane Presence,Special Traffic Measures,Weather Conditions,Special Road Functions,Severity of Accident,Influence of Fog,Influence of Environment,Influence of Traffic,Influence of Weather,Influence of Wind Intensity,Influence of Lighting,Influence of Special Measures,Influence of Road Objects,Influence of Road Surface,Influence of Visibility,Intersection Characteristics,Lighting Conditions,Traffic Regulation and Priority,Direction of Road,Subtype of Accident,Subtype of Road Section,Subzone within Area,Road Surface Conditions,Type of Road,Road Ownership,Wind Conditions,Day of the Week Grouping,Hour of Day,Time of Day Grouping,Type of Accident,Day Type,Day,Month
1274,2011,1,2011-08-12,SE,GAVA,Baix Llobregat,3,0,1,0,2,0,1,0,0,1,0,0,0,20.0,0.0,0,-1,No n'hi ha,-1.0,3,3,1,0,-1,0,0,0,0,0,0,0,0,0,4,-1,-1,Envestida (frontal lateral),-1,2,2,5,-1,2,1,12.15,0,2,4,12,8
1275,2011,1,2011-03-19,SE,LLEIDA,Segria,2,0,1,0,2,1,0,0,0,1,0,0,0,100.0,0.0,0,3,No n'hi ha,-1.0,3,3,1,0,0,0,0,0,0,0,0,0,0,0,4,-1,1,Atropellament,-1,2,2,5,-1,2,0,11.0,0,3,5,19,3
1276,2011,0,2011-01-14,C-17,"LLOSSES, LES",Ripolles,1,0,2,3,4,0,0,0,0,1,3,0,0,60.0,0.0,0,1,No n'hi ha,0.0,3,3,1,0,1,0,0,0,0,0,0,0,0,0,4,-1,1,Encalç,-1,1,2,4,2,2,1,10.41,0,2,4,14,1
1277,2011,0,2011-07-05,SE,"BISBAL DEL PENEDES, LA",Baix Penedes,0,0,1,0,1,0,0,0,1,0,0,0,0,30.0,0.0,0,1,No n'hi ha,-1.0,3,3,1,0,0,0,0,0,0,0,0,0,0,2,4,5,1,Caiguda en la via,1,1,0,3,4,2,1,10.5,0,0,1,5,7
1278,2011,0,2011-06-10,C-155,PALAU DE PLEGAMANS,Valles Occidental,3,0,1,2,2,0,0,0,0,2,0,0,0,100.0,0.0,0,2,No n'hi ha,-1.0,1,3,1,0,0,0,1,0,0,0,0,0,0,0,2,-1,1,Altres,-1,1,0,4,2,2,1,14.55,1,5,4,10,6
1279,2011,0,2011-09-03,C-253,CALONGE,Baix Emporda,1,0,1,2,3,0,0,0,0,2,1,0,0,50.0,0.0,0,2,No n'hi ha,-1.0,1,3,1,0,0,0,1,0,0,0,0,0,0,0,1,-1,1,Envestida (frontal lateral),-1,1,0,4,2,2,0,20.0,1,2,5,3,9
1280,2011,0,2011-09-27,C-31C,"PRAT DE LLOBREGAT, E",Baix Llobregat,3,0,1,0,2,0,0,1,0,1,0,0,0,80.0,0.0,0,2,No n'hi ha,-1.0,3,3,1,0,0,0,0,0,0,0,0,0,0,0,1,-1,1,Caiguda en la via,-1,1,2,4,2,2,1,6.2,0,0,1,27,9
1281,2011,0,2011-10-01,N-II,GOLMES,Pla d'Urgell,2,0,1,0,1,0,0,0,0,0,0,1,0,100.0,0.0,0,2,No n'hi ha,-1.0,3,3,1,0,0,0,0,0,0,0,0,0,0,0,4,-1,1,Altres,-1,1,2,4,1,2,0,19.15,1,5,5,1,10
1282,2011,0,2011-11-17,SE,"GRANADA, LA",Alt Penedes,3,1,0,0,3,0,0,0,0,1,1,1,0,80.0,0.0,0,1,No n'hi ha,-1.0,3,3,0,0,0,0,0,0,0,0,0,0,0,0,3,-1,1,Envestida (frontal lateral),-1,1,2,3,2,2,1,7.05,0,2,3,17,11
1283,2011,1,2011-11-14,SE,VILAFRANCA DEL PENEDES,Alt Penedes,3,0,1,0,2,1,0,0,0,1,0,0,0,20.0,0.0,0,-1,No n'hi ha,-1.0,3,3,1,-1,-1,0,0,-1,0,0,0,0,0,1,4,2,-1,Atropellament,1,2,2,5,-1,2,1,18.45,1,3,0,14,11
1284,2011,1,2011-10-06,SE,LLEIDA,Segria,2,0,1,0,3,1,0,0,0,2,0,0,0,20.0,0.0,0,2,No n'hi ha,-1.0,3,3,1,-1,0,0,0,-1,0,0,0,0,-1,0,4,-1,1,Atropellament,-1,2,2,5,-1,2,1,11.3,0,3,3,6,10
1285,2011,1,2011-02-24,SE,"PRAT DE LLOBREGAT, E",Baix Llobregat,3,0,1,1,2,0,0,0,1,1,0,0,0,20.0,0.0,0,2,No n'hi ha,-1.0,3,3,1,-1,0,0,0,-1,0,0,0,0,0,1,4,5,1,Envestida (frontal lateral),2,2,2,5,-1,2,1,13.1,0,2,3,24,2
1286,2011,0,2011-05-27,A-2,FONDARELLA,Pla d'Urgell,2,0,1,0,2,0,0,0,1,1,0,0,0,60.0,0.0,0,2,Altres,-1.0,3,3,1,0,0,0,0,0,0,0,0,0,0,0,4,-1,0,Encalç,-1,1,2,4,1,2,0,19.2,1,2,4,27,5
1287,2011,1,2011-06-14,SE,MOLLET DEL VALLES,Valles Oriental,3,0,1,0,2,1,0,0,0,1,0,0,0,100.0,0.0,0,2,No n'hi ha,-1.0,3,3,1,0,0,0,0,0,0,0,0,0,0,2,4,5,0,Atropellament,1,2,2,5,-1,2,1,15.45,1,3,1,14,6
1288,2011,1,2011-05-01,SE,OLOT,Garrotxa,1,0,1,0,2,1,0,0,0,1,0,0,0,100.0,0.0,0,2,No n'hi ha,-1.0,3,3,1,0,0,0,0,0,0,0,0,0,0,0,4,-1,0,Atropellament,-1,2,2,5,-1,2,0,15.0,1,3,6,1,5
1289,2011,1,2011-05-27,SE,BARCELONA,Barcelones,3,0,1,0,2,0,1,0,0,1,0,0,0,100.0,1.0,0,-1,No n'hi ha,-1.0,3,3,1,0,0,0,0,0,0,0,0,0,0,0,4,-1,1,Fregament o col·lisió lateral,-1,2,2,5,-1,2,1,9.0,0,2,4,27,5
1290,2011,0,2011-01-20,SE,SANT CARLES DE LA RAPITA,Montsia,0,1,0,0,1,0,0,0,0,1,0,0,0,60.0,0.0,0,3,No n'hi ha,-1.0,3,3,0,0,0,0,0,0,0,0,0,0,0,0,3,-1,1,Resta sortides de via,-1,1,2,3,0,2,1,21.3,1,1,3,20,1
1291,2011,0,2011-01-11,C-17,PARETS DEL VALLES,Valles Oriental,3,0,1,0,1,0,0,0,1,0,0,0,0,100.0,0.0,0,2,No n'hi ha,-1.0,3,3,1,0,1,0,0,0,0,0,0,0,0,1,4,4,1,Caiguda en la via,3,1,2,4,2,2,1,9.5,0,0,1,11,1
1292,2011,0,2011-11-21,C-37,MANRESA,Bages,3,0,1,0,2,0,0,0,0,1,0,1,0,50.0,0.0,0,2,No n'hi ha,-1.0,1,3,1,0,0,0,0,0,0,0,0,0,0,0,0,-1,1,Col·lisió frontal,-1,1,0,4,3,2,1,18.0,1,2,0,21,11
1293,2011,0,2011-08-08,C-25,SANT BARTOMEU DEL GR,Osona,3,0,2,0,2,0,0,0,1,0,1,0,0,80.0,0.0,0,2,No n'hi ha,0.0,3,3,1,0,0,0,0,0,0,0,1,0,0,0,4,-1,1,Xoc contra objecte/obstacle sense sortida prèvia de via,-1,1,2,4,2,2,1,17.55,1,4,0,8,8
1294,2011,0,2011-03-12,C-25,MUNTANYOLA,Osona,3,0,1,0,1,0,0,0,0,1,0,0,0,60.0,0.0,0,1,No n'hi ha,0.0,3,3,1,0,0,0,0,0,0,0,0,0,0,0,3,-1,1,Resta sortides de via,-1,1,2,4,2,2,0,5.3,2,1,5,12,3
1295,2011,1,2011-06-21,SE,TORTOSA,Baix Ebre,0,0,1,0,2,1,0,0,0,1,0,0,0,100.0,1.0,0,2,No n'hi ha,-1.0,3,3,1,0,0,0,0,0,0,0,0,0,0,1,4,2,1,Atropellament,1,2,2,5,-1,2,1,17.45,1,3,1,21,6
1296,2011,1,2011-10-11,SE,SANT QUIRZE DEL VALLES,Valles Occidental,3,0,1,0,2,0,0,0,1,0,1,0,0,20.0,0.0,0,-1,No n'hi ha,-1.0,3,3,1,-1,0,0,0,-1,0,0,0,0,0,1,4,4,1,Fregament o col·lisió lateral,0,2,2,5,-1,2,1,14.3,1,2,1,11,10
1297,2011,0,2011-05-29,C-31,HOSPITALET DE LLOBREGAT,Barcelones,3,0,1,0,2,1,0,0,0,1,0,0,0,60.0,0.0,0,2,No n'hi ha,-1.0,3,3,1,0,0,0,0,0,0,0,0,0,0,1,0,-1,0,Atropellament,3,1,2,4,2,2,0,23.1,2,3,6,29,5
1298,2011,0,2011-07-25,C-12,TORTOSA,Baix Ebre,0,0,1,0,1,0,0,0,1,0,0,0,0,70.0,0.0,0,2,No n'hi ha,-1.0,3,3,1,-1,0,0,0,-1,0,0,0,0,-1,0,4,-1,1,Sortida de via amb bolcada,-1,1,2,4,2,2,1,16.06,1,1,0,25,7
1299,2011,0,2011-05-19,C-150a,PORQUERES,Pla de l'Estany,1,2,0,0,2,0,0,0,1,1,0,0,0,100.0,0.0,0,1,No n'hi ha,-1.0,3,3,0,0,0,0,0,0,0,0,0,0,0,2,4,4,1,Fregament o col·lisió lateral,1,1,2,4,2,2,1,16.2,1,2,3,19,5
1300,2011,1,2011-10-24,SE,VIC,Osona,3,0,1,0,3,1,0,0,0,2,0,0,0,100.0,0.0,0,2,No n'hi ha,-1.0,3,3,1,0,0,0,0,0,0,0,0,0,0,1,4,4,1,Atropellament,0,2,2,5,-1,2,1,12.55,0,3,0,24,10
1301,2011,1,2011-06-21,SE,LLEIDA,Segria,2,0,1,0,3,0,0,0,1,2,0,0,0,100.0,0.0,0,2,No n'hi ha,-1.0,3,3,1,0,0,0,0,0,0,0,0,0,0,0,5,-1,1,Fregament o col·lisió lateral,-1,2,2,5,-1,2,1,21.3,1,2,1,21,6
1302,2011,1,2011-04-07,SE,BARCELONA,Barcelones,3,0,1,0,1,0,0,0,0,0,1,0,0,100.0,0.0,0,-1,No n'hi ha,-1.0,3,3,1,0,0,0,0,0,0,0,0,0,0,0,4,-1,0,Caiguda en la via,-1,2,2,5,-1,2,1,16.5,1,0,3,7,4
1303,2011,0,2011-01-08,C-16,CERCS,Bergueda,3,1,0,0,2,0,0,0,0,2,0,0,0,100.0,0.0,0,3,No n'hi ha,-1.0,3,3,0,0,0,0,0,0,0,0,0,0,0,0,3,-1,1,Envestida (frontal lateral),-1,1,2,4,2,2,0,17.37,1,2,5,8,1
1304,2011,0,2011-01-02,C-12,TORREBESSES,Segria,2,0,2,1,2,0,0,0,0,2,0,0,0,100.0,0.0,0,2,Carril central,-1.0,3,3,1,0,0,0,0,0,0,0,0,0,0,1,4,4,1,Envestida (frontal lateral),1,1,2,4,2,2,0,11.56,0,2,6,2,1
1305,2011,1,2011-08-09,SE,LLICA D'AMUNT,Valles Oriental,3,0,1,3,2,0,0,0,0,2,0,0,0,40.0,0.0,0,2,No n'hi ha,-1.0,3,3,1,0,0,0,0,0,0,0,0,0,0,0,4,-1,1,Xoc contra objecte/obstacle sense sortida prèvia de via,-1,2,2,5,-1,2,1,19.2,1,4,1,9,8
1306,2011,0,2011-04-05,SE,SANTA COLOMA DE FARNERS,Selva,1,0,1,0,2,0,0,0,1,1,0,0,0,100.0,0.0,0,2,No n'hi ha,-1.0,3,3,1,0,0,0,0,0,0,0,0,0,0,1,4,4,0,Envestida (frontal lateral),2,1,2,3,4,2,1,17.48,1,2,1,5,4
1307,2011,1,2011-03-22,SE,VILA-SECA,Tarragones,0,0,1,0,2,1,0,0,0,1,0,0,0,100.0,0.0,0,-1,No n'hi ha,-1.0,3,3,1,0,0,0,0,0,0,0,0,0,0,0,4,-1,-1,Atropellament,-1,2,2,5,-1,2,1,11.15,0,3,1,22,3
1308,2011,0,2011-11-29,C-251,LLINARS DEL VALLES,Valles Oriental,3,0,1,0,2,1,0,0,0,1,0,0,0,90.0,0.0,0,2,Sense Especificar,-1.0,3,3,1,-1,0,0,0,-1,0,0,0,0,0,0,5,-1,0,Atropellament,-1,1,2,4,0,2,1,22.05,2,3,1,29,11
1309,2011,1,2011-07-15,SE,GRANOLLERS,Valles Oriental,3,0,1,0,2,1,0,0,0,1,0,0,0,40.0,0.0,0,2,No n'hi ha,-1.0,3,3,1,0,0,0,0,0,0,0,0,0,0,1,4,2,1,Atropellament,2,2,2,5,-1,2,0,18.25,1,3,4,15,7
1310,2011,0,2011-04-12,B-124,CASTELLAR DEL VALLES,Valles Occidental,3,0,2,0,2,0,2,0,0,0,0,0,0,100.0,0.0,0,1,No n'hi ha,-1.0,3,3,1,0,0,0,0,0,0,0,0,0,0,0,4,-1,1,Caiguda en la via,-1,1,2,4,2,2,1,16.3,1,0,1,12,4
1311,2011,1,2011-11-25,SE,MANRESA,Bages,3,0,1,0,3,1,0,0,0,2,0,0,0,100.0,0.0,0,2,No n'hi ha,-1.0,3,3,1,0,0,0,0,0,0,0,0,0,0,0,4,-1,1,Atropellament,-1,2,2,5,0,2,1,12.35,0,3,4,25,11
1312,2011,0,2011-11-08,AP-7,SILS,Selva,1,1,0,4,4,0,0,0,0,0,4,0,0,100.0,0.0,0,0,No n'hi ha,-1.0,3,3,0,0,0,0,0,0,0,0,0,0,0,0,0,-1,1,Xoc contra objecte/obstacle sense sortida prèvia de via,-1,1,2,4,1,2,1,23.4,2,4,1,8,11
1313,2011,1,2011-02-16,SE,SANT QUIRZE DEL VALLES,Valles Occidental,3,0,1,0,2,1,0,0,0,1,0,0,0,20.0,0.0,0,2,No n'hi ha,-1.0,3,3,1,-1,0,0,0,-1,0,0,0,0,-1,1,4,4,1,Atropellament,2,2,2,5,-1,2,1,9.02,0,3,2,16,2
1314,2011,0,2011-10-24,SE,SANT VICENC DELS HORTS,Baix Llobregat,3,0,1,1,2,0,0,0,1,1,0,0,0,40.0,0.0,0,2,No n'hi ha,-1.0,2,3,1,0,0,0,1,0,0,0,0,0,0,1,2,4,0,Envestida (frontal lateral),0,1,0,3,2,1,1,14.25,1,2,0,24,10
1315,2011,0,2011-08-30,TP-3311,ULLDECONA,Montsia,0,0,2,1,3,0,0,0,0,2,1,0,0,100.0,0.0,0,1,No n'hi ha,-1.0,3,3,1,0,0,0,0,0,0,0,0,0,0,0,4,-1,1,Envestida (frontal lateral),-1,1,2,4,3,2,1,10.3,0,2,1,30,8
1316,2011,1,2011-01-15,SE,ESPARREGUERA,Baix Llobregat,3,0,1,0,2,1,0,0,0,1,0,0,0,20.0,0.0,0,2,No n'hi ha,-1.0,3,3,1,-1,0,0,0,-1,0,0,0,0,-1,0,4,-1,0,Atropellament,-1,2,2,5,-1,2,0,13.35,0,3,5,15,1
1317,2011,1,2011-01-14,SE,SANTA PERPETUA DE MO,Valles Occidental,3,0,1,0,2,0,0,0,1,1,0,0,0,50.0,0.0,0,2,No n'hi ha,-1.0,3,3,1,0,0,0,0,0,0,0,0,0,0,1,4,4,1,Envestida (frontal lateral),1,2,2,5,2,2,1,11.01,0,2,4,14,1
1318,2011,1,2011-08-03,SE,LLORET DE MAR,Selva,1,0,1,0,2,0,0,0,1,1,0,0,0,100.0,0.0,0,2,No n'hi ha,-1.0,3,3,1,0,0,0,0,0,0,0,1,0,1,0,4,-1,1,Envestida (frontal lateral),-1,2,2,5,-1,2,1,16.33,1,2,2,3,8
1319,2011,0,2011-01-30,N-II,GOLMES,Pla d'Urgell,2,0,1,0,2,1,0,0,0,1,0,0,0,30.0,1.0,0,2,No n'hi ha,-1.0,3,3,1,0,0,0,0,0,0,0,0,0,0,0,5,-1,1,Atropellament,-1,1,2,4,-1,2,0,5.1,2,3,6,30,1
1320,2011,0,2011-09-22,T-722,VILALLONGA DEL CAMP,Tarragones,0,0,1,0,2,0,1,0,0,1,0,0,0,100.0,0.0,0,1,No n'hi ha,-1.0,3,3,1,0,0,0,0,0,0,0,0,0,0,1,3,5,1,Fregament o col·lisió lateral,1,1,2,4,3,2,1,20.29,1,2,3,22,9
1321,2011,0,2011-08-08,N-II,VILADEMULS,Pla de l'Estany,1,1,0,1,2,0,0,0,0,1,1,0,0,100.0,0.0,0,2,No n'hi ha,-1.0,3,3,0,0,0,0,0,0,0,0,0,0,0,0,1,-1,1,Col·lisió frontal,-1,1,2,4,1,2,1,6.57,0,2,0,8,8
1322,2011,0,2011-03-13,C-25,CASTELLFOLLIT DE RIU,Anoia,3,1,0,0,2,0,0,0,0,1,1,0,0,100.0,0.0,0,2,No n'hi ha,-1.0,3,3,0,0,0,0,0,0,0,0,0,0,0,0,4,-1,1,Col·lisió frontal,-1,1,2,4,2,2,0,14.58,1,2,6,13,3
1323,2011,0,2011-06-14,C-31,"PRAT DE LLOBREGAT, E",Baix Llobregat,3,0,1,1,3,0,0,0,1,2,0,0,0,100.0,1.0,0,-1,No n'hi ha,-1.0,3,3,1,0,0,0,0,0,0,0,0,0,0,0,4,-1,-1,Encalç,-1,1,2,4,-1,2,1,13.15,0,2,1,14,6
1324,2011,1,2011-12-01,SE,SANTA COLOMA DE GRAMANET,Barcelones,3,0,1,0,2,1,0,0,0,1,0,0,0,20.0,0.0,0,2,No n'hi ha,-1.0,3,3,1,-1,0,0,0,-1,0,0,0,0,0,0,5,-1,0,Atropellament,-1,2,2,5,-1,2,1,21.45,1,3,3,1,12
1325,2011,0,2011-10-29,C-53,VALLFOGONA DE BALAGUER,Noguera,2,0,1,2,2,0,0,0,0,2,0,0,0,70.0,0.0,0,1,No n'hi ha,-1.0,3,3,1,0,0,0,0,0,0,0,0,0,0,1,2,4,1,Envestida (frontal lateral),0,1,2,4,2,2,0,12.5,0,2,5,29,10
1326,2011,0,2011-09-23,C-32,SITGES,Garraf,3,1,0,0,3,1,0,0,0,1,1,0,0,100.0,0.0,0,2,No n'hi ha,-1.0,3,3,0,0,0,0,0,0,1,0,0,0,1,0,3,-1,1,Atropellament,-1,1,2,4,2,2,1,6.26,0,3,4,23,9
1327,2011,0,2011-06-17,N-340,CREIXELL,Tarragones,0,0,1,0,2,1,0,0,0,0,1,0,0,70.0,0.0,0,2,No n'hi ha,-1.0,3,3,1,0,0,0,0,0,0,0,0,0,0,1,4,5,1,Atropellament,2,1,2,4,1,2,0,17.08,1,3,4,17,6
1328,2011,0,2011-08-26,BV-5305,TARADELL,Osona,3,0,1,0,1,0,0,0,0,1,0,0,0,90.0,0.0,0,2,No n'hi ha,-1.0,3,3,1,-1,0,0,0,-1,0,0,0,0,0,0,3,-1,1,Resta sortides de via,-1,1,2,4,2,2,1,5.2,2,1,4,26,8
1329,2011,0,2011-01-12,A-2,CORNELLA DE LLOBREGAT,Baix Llobregat,3,1,0,1,2,0,0,0,0,2,0,0,0,80.0,0.0,0,2,No n'hi ha,-1.0,3,3,0,0,0,0,0,0,0,0,0,0,0,0,0,-1,1,Envestida (frontal lateral),-1,1,2,4,1,2,1,23.01,2,2,2,12,1
1330,2011,0,2011-07-08,C-32,PALAFOLLS,Maresme,3,0,2,1,2,0,0,0,0,2,0,0,0,100.0,0.0,0,2,Carril d'alentiment,4.0,3,3,1,0,0,0,0,0,0,0,0,0,0,0,5,-1,1,Sortida de via amb xoc o col·lisió,-1,1,2,4,2,2,0,22.1,2,1,4,8,7
1331,2011,1,2011-11-28,SE,BARCELONA,Barcelones,3,0,1,0,2,0,0,0,0,2,0,0,0,80.0,0.0,0,-1,No n'hi ha,-1.0,3,3,1,0,0,0,0,0,0,0,0,0,0,0,5,-1,1,Xoc contra objecte/obstacle sense sortida prèvia de via,-1,2,2,5,-1,2,1,12.45,0,4,0,28,11
1332,2011,1,2011-09-13,SE,LLORET DE MAR,Selva,1,0,1,0,2,1,0,0,0,0,1,0,0,100.0,0.0,0,2,No n'hi ha,-1.0,3,1,1,0,0,0,0,0,0,0,0,0,0,0,4,-1,1,Atropellament,-1,0,2,5,-1,2,1,18.3,1,3,1,13,9
1333,2011,1,2011-09-02,SE,VILA-SECA,Tarragones,0,1,0,0,1,0,0,0,1,0,0,0,0,100.0,1.0,0,-1,No n'hi ha,-1.0,3,3,0,0,0,0,0,0,0,0,0,0,0,0,4,-1,-1,Resta sortides de via,-1,2,2,5,-1,2,1,6.42,0,1,4,2,9
1334,2011,0,2011-07-31,N-340,BELLVEI,Baix Penedes,0,0,1,0,3,1,0,0,0,2,0,0,0,100.0,0.0,0,2,No n'hi ha,-1.0,3,3,1,0,0,0,0,0,0,0,0,0,0,2,3,-1,1,Atropellament,3,1,2,4,1,2,0,6.15,0,3,6,31,7
1335,2011,1,2011-05-31,SE,BARCELONA,Barcelones,3,0,1,0,2,1,0,0,0,1,0,0,0,100.0,0.0,0,-1,No n'hi ha,-1.0,3,3,1,0,0,1,0,0,0,0,0,0,0,1,4,3,1,Atropellament,0,2,2,5,-1,2,1,8.15,0,3,1,31,5
1336,2011,0,2011-06-21,C-31,"TALLADA D'EMPORDA, LA",Baix Emporda,1,0,1,1,2,0,0,0,0,2,0,0,0,80.0,0.0,0,2,No n'hi ha,-1.0,3,3,1,0,0,0,0,0,0,0,0,0,0,1,4,4,1,Envestida (frontal lateral),1,1,2,4,2,2,1,12.24,0,2,1,21,6
1337,2011,1,2011-08-13,SE,"VALLS DE VALIRA, LES",Alt Urgell,2,0,1,0,1,0,0,0,0,0,0,1,0,100.0,0.0,0,0,No n'hi ha,-1.0,3,3,1,0,0,0,0,0,0,0,0,0,0,0,4,-1,1,Caiguda en la via,-1,2,2,5,0,2,0,14.03,1,0,5,13,8
1338,2011,0,2011-12-10,N-240a,MONTBLANC,Conca de Barbera,0,0,1,1,1,0,0,0,0,1,0,0,0,60.0,0.0,0,3,No n'hi ha,-1.0,3,3,1,0,0,0,0,0,0,0,0,0,0,0,3,-1,1,Xoc contra objecte/obstacle sense sortida prèvia de via,-1,1,2,4,1,2,0,2.55,2,4,5,10,12
1339,2011,0,2011-11-03,N-230,VILAMOS,Val d'Aran,2,0,1,0,3,0,0,0,0,1,2,0,0,90.0,,0,3,No n'hi ha,-1.0,1,3,1,-1,0,0,0,-1,0,0,0,0,0,0,2,-1,1,Envestida (frontal lateral),-1,1,0,4,1,2,1,6.5,0,2,3,3,11
1340,2011,0,2011-05-06,C-31,"PRAT DE LLOBREGAT, E",Baix Llobregat,3,0,1,0,2,0,0,0,1,1,0,0,0,90.0,0.0,0,2,No n'hi ha,-1.0,3,3,1,-1,0,0,0,-1,0,0,0,0,-1,0,4,-1,0,Fregament o col·lisió lateral,-1,1,2,4,2,2,0,17.51,1,2,4,6,5
1341,2011,1,2011-11-21,SE,PALAFRUGELL,Baix Emporda,1,0,1,0,2,0,1,0,0,1,0,0,0,20.0,0.0,0,-1,No n'hi ha,-1.0,3,3,1,-1,-1,0,0,-1,0,0,0,0,0,1,4,4,-1,Envestida (frontal lateral),0,2,2,5,-1,2,1,8.2,0,2,0,21,11
1342,2011,0,2011-07-03,B-522,GURB,Osona,3,0,1,1,3,0,0,0,0,3,0,0,0,100.0,0.0,0,1,No n'hi ha,-1.0,1,3,1,0,0,0,1,0,0,0,0,0,0,0,2,-1,1,Envestida (frontal lateral),-1,1,0,4,3,2,0,20.4,1,2,6,3,7
1343,2011,1,2011-03-14,SE,MATARO,Maresme,3,0,1,1,3,2,0,0,0,1,0,0,0,30.0,0.0,0,-1,No n'hi ha,-1.0,3,3,1,0,0,0,0,0,0,0,0,0,0,0,4,-1,-1,Atropellament,-1,2,2,5,-1,2,1,9.25,0,3,0,14,3
1344,2011,0,2011-10-14,C-17,"LLAGOSTA, LA",Valles Oriental,3,0,1,3,4,0,0,0,0,4,0,0,0,100.0,0.0,0,2,No n'hi ha,-1.0,3,3,1,0,1,0,0,0,0,0,0,0,1,0,4,-1,1,Encalç,-1,1,2,4,2,2,0,16.4,1,2,4,14,10
1345,2011,1,2011-02-05,SE,SANT FELIU DE LLOBREGAT,Baix Llobregat,3,0,1,1,3,2,0,0,0,1,0,0,0,20.0,0.0,0,2,No n'hi ha,-1.0,3,1,1,0,0,0,0,0,0,0,0,0,0,0,4,-1,1,Atropellament,-1,0,2,5,0,2,0,12.4,0,3,5,5,2
1346,2011,0,2011-03-12,AP-7,SANT JULIA DE RAMIS,Girones,1,0,1,3,1,0,0,0,0,1,0,0,0,80.0,0.0,0,2,No n'hi ha,0.0,2,3,1,0,0,0,1,0,0,0,0,0,0,0,3,-1,1,Resta sortides de via,-1,1,0,4,1,2,0,23.31,2,1,5,12,3
1347,2011,1,2011-05-18,SE,BARCELONA,Barcelones,3,0,1,0,2,0,0,0,1,1,0,0,0,100.0,0.0,0,-1,No n'hi ha,-1.0,3,3,1,0,0,0,0,0,0,0,0,0,1,1,4,5,1,Envestida (frontal lateral),1,2,2,5,-1,2,1,8.2,0,2,2,18,5
1348,2011,0,2011-04-03,BV-2115,CUBELLES,Garraf,3,1,0,0,1,0,0,0,1,0,0,0,0,100.0,0.0,0,3,No n'hi ha,-1.0,3,3,0,0,0,0,0,0,0,0,0,0,1,0,4,-1,1,Caiguda en la via,-1,1,2,4,3,2,0,14.01,1,0,6,3,4
1349,2011,1,2011-06-22,SE,SALOU,Tarragones,0,0,1,0,2,1,0,1,0,0,0,0,0,100.0,0.0,0,2,No n'hi ha,-1.0,3,3,1,0,0,0,0,0,0,0,0,0,0,2,4,2,1,Atropellament,1,2,2,5,-1,2,1,12.1,0,3,2,22,6
1350,2011,1,2011-09-26,SE,SANT BOI DE LLOBREGAT,Baix Llobregat,3,0,2,0,1,0,0,0,1,0,0,0,0,100.0,0.0,0,-1,No n'hi ha,-1.0,3,3,1,0,0,0,0,0,0,0,0,0,0,0,4,-1,1,Caiguda en la via,-1,2,2,5,-1,2,1,16.26,1,0,0,26,9
1351,2011,1,2011-05-01,SE,LLEIDA,Segria,2,1,0,0,1,0,0,0,0,1,0,0,0,100.0,0.0,0,-1,No n'hi ha,-1.0,3,3,0,0,0,0,0,0,0,0,0,0,0,0,4,-1,1,Altres,-1,2,2,5,0,2,0,19.0,1,5,6,1,5
1352,2011,0,2011-12-13,A-2,JORBA,Anoia,3,0,1,0,2,0,0,0,0,0,1,1,0,100.0,0.0,0,2,No n'hi ha,-1.0,3,3,1,0,0,0,0,0,0,0,0,0,0,0,5,-1,0,Encalç,-1,1,2,4,1,2,1,20.36,1,2,1,13,12
1353,2011,0,2011-07-08,C-66,PORQUERES,Pla de l'Estany,1,0,1,0,2,0,0,0,0,1,1,0,0,100.0,0.0,0,3,Carril avançament,-1.0,3,2,1,0,0,0,0,0,0,0,0,0,0,0,4,-1,1,Fregament o col·lisió lateral,-1,1,2,4,2,2,0,16.14,1,2,4,8,7
1354,2011,1,2011-03-23,SE,MANRESA,Bages,3,0,1,0,1,0,0,0,1,0,0,0,0,20.0,0.0,0,2,No n'hi ha,-1.0,3,3,1,0,0,0,0,0,0,0,0,0,0,0,4,-1,1,Resta sortides de via,-1,2,2,5,0,2,1,17.22,1,1,2,23,3
1355,2011,1,2011-02-16,SE,SANT QUIRZE DEL VALLES,Valles Occidental,3,0,1,0,2,1,0,0,0,1,0,0,0,30.0,0.0,0,2,No n'hi ha,-1.0,3,3,1,0,0,0,0,0,0,0,0,0,0,2,4,4,1,Atropellament,2,2,2,5,-1,2,1,9.04,0,3,2,16,2
1356,2011,1,2011-01-04,SE,VILANOVA I LA GELTRU,Garraf,3,0,1,0,2,0,0,0,1,1,0,0,0,100.0,0.0,0,-1,No n'hi ha,-1.0,3,3,1,0,0,0,0,0,0,0,0,0,0,0,4,-1,-1,Envestida (frontal lateral),-1,2,2,5,-1,2,1,23.06,2,2,1,4,1
1357,2011,1,2011-04-12,SE,CERDANYOLA DEL VALLES,Valles Occidental,3,0,1,0,2,0,0,1,0,1,0,0,0,100.0,0.0,0,2,No n'hi ha,-1.0,3,3,1,0,0,0,0,0,0,0,0,0,0,1,5,4,1,Envestida (frontal lateral),2,2,2,5,-1,2,1,5.45,2,2,1,12,4