,Year,Area,Date,Road,Municipality Name,County Name,Province Name,Fatalties,Serious Injuries,Light Injuries,Units Involved,Pedestrains Involved,Bicycles Involved,Mopeds Involved,Motorcycles,Light Vehicles Involved,Heavy Vehicles Involved,Other Units Involved,Unspecified Units Involved,Road Speed Limit,Accident with Hit and Run,Fog Presence,Surrounding Environment,Special Lane Presence,Special Traffic Measures,Weather Conditions,Special Road Functions,Severity of Accident,Influence of Fog,Influence of Environment,Influence of Traffic,Influence of Weather,Influence of Wind Intensity,Influence of Lighting,Influence of Special Measures,Influence of Road Objects,Influence of Road Surface,Influence of Visibility,Intersection Characteristics,Lighting Conditions,Traffic Regulation and Priority,Direction of Road,Subtype of Accident,Subtype of Road Section,Subzone within Area,Road Surface Conditions,Type of Road,Road Ownership,Wind Conditions,Day of the Week Grouping,Hour of Day,Time of Day Grouping,Type of Accident,Day Type,Day,Month
1358,2011,0,2011-11-24,N-260,RIPOLL,Ripolles,1,0,1,2,2,0,0,0,0,2,0,0,0,80.0,0.0,0,3,No n'hi ha,-1.0,3,3,1,0,0,0,0,0,0,0,0,0,0,0,4,-1,1,Col·lisió frontal,-1,1,2,4,1,2,1,15.05,1,2,3,24,11
1359,2011,0,2011-08-11,SE,LLEIDA,Segria,2,0,2,6,2,0,0,0,0,2,0,0,0,80.0,0.0,0,2,No n'hi ha,-1.0,3,3,1,0,0,0,0,0,0,0,0,0,0,2,4,-1,1,Envestida (frontal lateral),3,1,2,3,1,2,1,19.47,1,2,3,11,8
1360,2011,1,2011-07-16,SE,BARCELONA,Barcelones,3,0,1,0,2,0,0,1,0,1,0,0,0,100.0,0.0,0,-1,No n'hi ha,-1.0,3,3,1,0,0,0,0,0,0,0,0,0,0,1,4,3,1,Envestida (frontal lateral),2,2,2,5,-1,2,0,9.5,0,2,5,16,7
1361,2011,1,2011-12-09,SE,RUBI,Valles Occidental,3,0,1,0,2,0,0,1,0,1,0,0,0,100.0,0.0,0,-1,No n'hi ha,-1.0,3,3,1,0,0,0,0,0,0,0,0,0,0,0,4,-1,-1,Encalç,-1,2,2,5,-1,2,1,0.45,2,2,4,9,12
1362,2011,1,2011-04-19,SE,BARCELONA,Barcelones,3,0,1,1,3,1,0,0,2,0,0,0,0,100.0,0.0,0,-1,Carril bici,-1.0,3,3,1,0,0,0,0,0,0,0,0,0,0,0,4,-1,1,Atropellament,-1,2,2,5,-1,2,1,11.55,0,3,1,19,4
1363,2011,0,2011-06-04,C-31C,"PRAT DE LLOBREGAT, E",Baix Llobregat,3,0,2,0,2,0,0,1,0,1,0,0,0,40.0,0.0,0,2,No n'hi ha,-1.0,3,3,1,0,0,0,0,0,0,0,0,0,0,1,4,4,0,Fregament o col·lisió lateral,0,1,2,4,2,2,0,18.0,1,2,5,4,6
1364,2011,0,2011-09-23,N-340,VANDELLOS I L'HOSPITALET DE L'INFANT,Baix Camp,0,0,2,1,2,0,0,0,0,2,0,0,0,100.0,0.0,0,2,No n'hi ha,-1.0,3,3,1,0,0,0,0,0,0,0,0,0,0,0,4,-1,1,Col·lisió frontal,-1,1,2,4,1,2,1,10.2,0,2,4,23,9
1365,2011,1,2011-12-24,SE,VIMBODI,Conca de Barbera,0,0,1,0,2,1,0,0,0,1,0,0,0,100.0,0.0,0,2,No n'hi ha,-1.0,3,3,1,0,0,0,0,0,0,0,0,0,0,1,5,5,0,Atropellament,2,2,3,5,-1,2,0,17.32,1,3,5,24,12
1366,2011,0,2011-05-18,A-2,CORNELLA DE LLOBREGAT,Baix Llobregat,3,1,0,0,2,0,0,0,1,0,1,0,0,70.0,0.0,0,2,No n'hi ha,0.0,3,3,0,0,0,0,0,0,0,0,0,0,0,0,0,-1,1,Encalç,-1,1,2,4,1,2,1,4.0,2,2,2,18,5
1367,2011,0,2011-08-14,C-1412a,OLIOLA,Noguera,2,1,0,0,2,0,0,0,1,1,0,0,0,100.0,0.0,0,2,No n'hi ha,-1.0,3,3,0,0,0,0,0,0,0,0,0,0,1,1,4,5,1,Envestida (frontal lateral),1,1,2,4,2,2,0,14.15,1,2,6,14,8
1368,2011,0,2011-04-08,C-17,MONTCADA I REIXAC,Valles Occidental,3,1,0,0,1,0,0,0,1,0,0,0,0,50.0,0.0,0,0,No n'hi ha,-1.0,3,3,0,0,0,0,0,0,0,0,0,0,1,0,0,-1,1,Xoc contra objecte/obstacle sense sortida prèvia de via,-1,1,2,4,2,2,1,0.45,2,4,4,8,4
1369,2011,1,2011-10-14,SE,LLAGOSTERA,Girones,1,0,1,0,2,1,0,0,0,1,0,0,0,100.0,0.0,0,2,No n'hi ha,-1.0,3,3,1,0,0,0,0,0,0,0,0,0,0,0,4,-1,1,Atropellament,-1,2,2,5,0,2,1,14.45,1,3,4,14,10
1370,2011,0,2011-10-01,BV-2041,GAVA,Baix Llobregat,3,0,1,0,4,0,4,0,0,0,0,0,0,100.0,0.0,0,0,No n'hi ha,-1.0,3,3,1,0,0,0,0,0,0,0,0,0,0,0,4,-1,1,Caiguda en la via,-1,1,2,4,3,2,0,10.5,0,0,5,1,10
1371,2011,1,2011-04-13,SE,TORROELLA DE MONTGRI,Baix Emporda,1,0,1,0,2,0,0,0,1,1,0,0,0,100.0,0.0,0,3,No n'hi ha,-1.0,3,3,1,0,0,0,0,0,0,0,0,0,1,0,4,-1,1,Envestida (frontal lateral),-1,2,2,5,-1,2,1,8.49,0,2,2,13,4
1372,2011,1,2011-10-25,SE,LLEIDA,Segria,2,0,1,0,2,1,0,0,0,1,0,0,0,100.0,0.0,0,2,No n'hi ha,-1.0,3,3,1,0,0,0,0,0,0,0,0,0,0,1,5,3,1,Atropellament,1,2,2,5,-1,2,1,20.25,1,3,1,25,10
1373,2011,1,2011-04-29,SE,BARCELONA,Barcelones,3,0,1,0,2,0,0,0,1,1,0,0,0,100.0,0.0,0,-1,No n'hi ha,-1.0,3,3,1,0,0,0,0,0,0,0,0,0,0,1,4,3,0,Envestida (frontal lateral),2,2,0,5,-1,2,1,7.45,0,2,4,29,4
1374,2011,1,2011-06-25,SE,SALOU,Tarragones,0,0,1,0,2,0,0,0,1,1,0,0,0,100.0,0.0,0,2,No n'hi ha,-1.0,3,3,1,0,0,0,0,0,0,0,0,0,0,0,4,-1,1,Col·lisió frontal,-1,2,2,5,-1,2,0,20.45,1,2,5,25,6
1375,2011,1,2011-08-02,SE,VILAFRANCA DEL PENEDES,Alt Penedes,3,0,1,0,2,1,0,0,0,1,0,0,0,20.0,,0,-1,No n'hi ha,-1.0,3,3,1,0,-1,0,0,0,0,0,0,0,0,1,4,2,-1,Atropellament,1,2,2,5,-1,2,1,13.3,0,3,1,2,8
1376,2011,1,2011-01-12,SE,VIC,Osona,3,0,1,2,3,2,0,0,0,1,0,0,0,100.0,0.0,0,2,No n'hi ha,-1.0,3,3,1,0,1,0,0,0,0,0,0,0,0,0,4,-1,0,Atropellament,-1,2,2,5,-1,2,1,11.25,0,3,2,12,1
1377,2011,1,2011-07-28,SE,LLEIDA,Segria,2,0,1,0,1,0,0,0,1,0,0,0,0,100.0,0.0,0,-1,No n'hi ha,-1.0,3,3,1,0,0,0,0,0,0,0,0,0,0,0,4,-1,-1,Caiguda en la via,-1,2,2,5,-1,2,1,18.0,1,0,3,28,7
1378,2011,0,2011-01-12,B-124,SANT LLORENC SAVALL,Valles Occidental,3,0,1,0,1,0,0,0,1,0,0,0,0,100.0,0.0,0,1,No n'hi ha,-1.0,3,3,1,0,0,0,1,0,0,0,0,0,0,0,3,-1,1,Caiguda en la via,-1,1,2,4,2,2,1,6.3,0,0,2,12,1
1379,2011,0,2011-05-15,N-260,BOLVIR,Cerdanya,1,0,1,1,2,0,0,0,0,2,0,0,0,90.0,0.0,0,2,No n'hi ha,-1.0,3,3,1,-1,0,0,0,-1,0,0,0,0,-1,0,3,-1,1,Encalç,-1,1,2,4,1,2,0,22.05,2,2,6,15,5
1380,2011,0,2011-10-05,N-260,PEDRET I MARZA,Alt Emporda,1,0,1,0,2,1,0,0,0,1,0,0,0,90.0,0.0,0,2,No n'hi ha,-1.0,3,3,1,-1,0,0,0,-1,0,0,0,0,-1,0,4,-1,1,Atropellament,-1,1,2,4,1,2,1,15.53,1,3,2,5,10
1381,2011,1,2011-01-11,SE,BARCELONA,Barcelones,3,0,2,0,3,2,0,0,0,1,0,0,0,100.0,0.0,0,-1,No n'hi ha,-1.0,3,3,1,0,0,0,0,0,0,0,0,0,1,1,5,3,1,Atropellament,1,2,2,5,-1,2,1,19.05,1,3,1,11,1
1382,2011,1,2011-05-09,SE,BARCELONA,Barcelones,3,1,0,1,2,1,0,0,1,0,0,0,0,100.0,0.0,0,-1,No n'hi ha,-1.0,3,3,0,0,0,0,0,0,0,0,0,0,1,0,4,-1,0,Atropellament,-1,2,2,5,-1,2,1,11.55,0,3,0,9,5
1383,2011,0,2011-10-30,N-230b,"PINELL DE BRAI, EL",Terra Alta,0,0,1,0,1,0,0,0,1,0,0,0,0,100.0,0.0,0,0,No n'hi ha,-1.0,3,3,1,0,1,0,0,0,0,0,0,0,0,0,4,-1,1,Resta sortides de via,-1,1,2,4,1,2,0,10.1,0,1,6,30,10
1384,2011,0,2011-06-16,C-31,CASTELLDEFELS,Baix Llobregat,3,0,1,0,1,0,0,0,1,0,0,0,0,100.0,0.0,0,2,No n'hi ha,-1.0,3,0,1,0,0,0,0,0,0,0,0,0,0,1,4,-1,1,Caiguda en la via,3,1,2,4,2,2,1,9.33,0,0,3,16,6
1385,2011,1,2011-02-18,SE,BARCELONA,Barcelones,3,0,2,0,2,0,0,0,2,0,0,0,0,100.0,0.0,0,-1,No n'hi ha,-1.0,3,3,1,0,0,0,0,0,0,0,0,0,0,1,4,2,0,Envestida (frontal lateral),2,2,0,5,-1,2,1,7.4,0,2,4,18,2
1386,2011,1,2011-11-21,SE,MANRESA,Bages,3,0,2,0,3,2,0,0,0,1,0,0,0,100.0,0.0,0,2,No n'hi ha,-1.0,1,3,1,0,0,0,0,0,0,0,0,0,0,0,5,-1,1,Atropellament,-1,2,0,5,0,2,1,19.3,1,3,0,21,11
1387,2011,0,2011-10-16,C-14,COLL DE NARGO,Alt Urgell,2,0,1,0,2,0,0,0,1,1,0,0,0,70.0,0.0,0,2,Altres,-1.0,3,3,1,0,0,0,0,0,0,0,0,0,0,1,4,4,1,Encalç,1,1,2,4,2,2,0,11.27,0,2,6,16,10
1388,2011,0,2011-08-11,A-2,SANT VICENC DELS HORTS,Baix Llobregat,3,0,1,3,2,0,0,0,1,1,0,0,0,100.0,0.0,0,0,No n'hi ha,-1.0,3,3,1,0,0,0,0,0,0,0,0,0,0,0,4,-1,1,Fregament o col·lisió lateral,-1,1,2,4,1,2,1,17.35,1,2,3,11,8
1389,2011,0,2011-11-30,C-35,SANT CELONI,Valles Oriental,3,1,0,1,2,0,0,0,1,1,0,0,0,60.0,0.0,0,2,No n'hi ha,-1.0,3,3,0,0,0,0,0,0,0,0,0,0,0,0,4,-1,1,Fregament o col·lisió lateral,-1,1,2,4,2,2,1,8.3,0,2,2,30,11
1390,2011,1,2011-02-10,SE,BARCELONA,Barcelones,3,0,1,0,2,0,0,0,1,1,0,0,0,100.0,0.0,0,-1,No n'hi ha,-1.0,3,3,1,0,0,0,0,0,0,0,0,0,0,0,4,-1,1,Caiguda en la via,-1,2,2,5,-1,2,1,19.0,1,0,3,10,2
1391,2011,1,2011-06-04,SE,SABADELL,Valles Occidental,3,0,1,0,2,0,0,1,0,1,0,0,0,100.0,0.0,0,2,No n'hi ha,-1.0,3,3,1,0,0,0,0,0,0,0,0,0,0,1,4,4,1,Envestida (frontal lateral),2,2,2,5,-1,2,0,11.5,0,2,5,4,6
1392,2011,0,2011-09-03,B-124,CASTELLAR DEL VALLES,Valles Occidental,3,0,1,0,2,0,1,0,0,1,0,0,0,100.0,0.0,0,0,No n'hi ha,-1.0,3,3,1,0,1,0,0,0,0,0,0,0,0,0,4,-1,1,Fregament o col·lisió lateral,-1,1,2,4,2,2,0,12.0,0,2,5,3,9
1393,2011,0,2011-03-25,BP-5002,ALELLA,Maresme,3,0,1,0,2,0,0,0,1,1,0,0,0,50.0,0.0,0,-1,No n'hi ha,-1.0,3,3,1,0,0,0,0,0,0,0,0,0,0,0,4,-1,-1,Fregament o col·lisió lateral,-1,1,2,4,2,2,1,7.0,0,2,4,25,3
1394,2011,1,2011-08-16,C-26,"ESPUNYOLA, L'",Bergueda,3,0,1,1,2,0,0,1,1,0,0,0,0,50.0,0.0,0,2,No n'hi ha,-1.0,3,1,1,0,0,0,0,0,0,0,0,0,0,1,4,2,1,Fregament o col·lisió lateral,1,0,2,4,2,2,1,19.34,1,2,1,16,8
1395,2011,1,2011-12-07,SE,PALAU DE PLEGAMANS,Valles Occidental,3,0,1,0,2,0,0,0,1,1,0,0,0,100.0,0.0,0,-1,No n'hi ha,-1.0,3,3,1,0,0,0,0,0,0,0,0,0,0,0,4,-1,-1,Envestida (frontal lateral),-1,2,2,5,-1,2,1,17.3,1,2,2,7,12
1396,2011,1,2011-11-24,SE,BLANES,Selva,1,0,1,0,2,0,0,0,1,1,0,0,0,20.0,0.0,0,-1,No n'hi ha,-1.0,3,3,1,-1,0,0,0,-1,0,0,0,0,0,1,4,4,1,Col·lisió frontal,1,2,2,5,-1,2,1,14.0,1,2,3,24,11
1397,2011,0,2011-06-14,BP-2126,FONT-RUBI,Alt Penedes,3,0,1,3,2,0,0,0,0,2,0,0,0,100.0,0.0,0,1,No n'hi ha,-1.0,3,3,1,0,0,0,0,0,0,0,0,0,0,0,4,-1,1,Fregament o col·lisió lateral,-1,1,2,4,3,2,1,13.05,0,2,1,14,6
1398,2011,1,2011-09-29,SE,SABADELL,Valles Occidental,3,0,1,0,2,1,0,0,0,1,0,0,0,100.0,0.0,0,-1,No n'hi ha,-1.0,3,3,1,0,0,0,0,0,0,0,0,0,0,0,4,-1,-1,Atropellament,-1,2,2,5,-1,2,1,19.2,1,3,3,29,9
1399,2011,1,2011-04-16,SE,CERDANYOLA DEL VALLES,Valles Occidental,3,0,1,0,2,0,0,0,1,1,0,0,0,100.0,0.0,0,2,No n'hi ha,-1.0,3,3,1,0,0,0,0,0,0,0,0,0,0,1,5,-1,1,Envestida (frontal lateral),2,2,2,5,-1,2,0,0.05,2,2,5,16,4
1400,2011,1,2011-10-21,SE,CALAFELL,Baix Penedes,0,0,2,0,3,2,0,0,0,1,0,0,0,50.0,0.0,0,2,No n'hi ha,-1.0,3,1,1,-1,0,0,0,-1,0,0,0,0,-1,1,4,2,1,Atropellament,1,0,2,5,-1,2,0,19.25,1,3,4,21,10
1401,2011,1,2011-04-04,SE,"VENDRELL, EL",Baix Penedes,0,0,1,0,2,1,0,0,0,1,0,0,0,20.0,0.0,0,-1,No n'hi ha,-1.0,3,3,1,-1,0,0,0,-1,0,0,0,0,0,0,4,-1,0,Atropellament,-1,2,2,5,-1,2,1,15.0,1,3,0,4,4
1402,2011,1,2011-09-20,GI-531,SANT GREGORI,Girones,1,0,1,0,2,0,0,1,0,0,1,0,0,100.0,0.0,0,2,No n'hi ha,-1.0,3,1,1,0,0,0,0,0,1,0,0,0,0,1,4,5,1,Fregament o col·lisió lateral,1,0,2,4,3,2,1,18.5,1,2,1,20,9
1403,2011,0,2011-11-30,N-340,AMPOSTA,Montsia,0,1,0,0,2,0,0,0,0,1,1,0,0,100.0,0.0,0,2,Carril d'alentiment,-1.0,3,3,0,0,0,0,0,0,0,0,0,0,1,1,0,4,1,Envestida (frontal lateral),3,1,2,4,1,2,1,18.1,1,2,2,30,11
1404,2011,0,2011-08-14,TV-3223,PRADELL DE LA TEIXETA,Priorat,0,0,1,1,2,0,0,0,2,0,0,0,0,90.0,0.0,0,3,No n'hi ha,-1.0,3,3,1,-1,0,0,0,-1,0,0,0,0,0,0,4,-1,1,Fregament o col·lisió lateral,-1,1,2,4,2,2,0,16.5,1,2,6,14,8
1405,2011,0,2011-10-06,N-340,TARRAGONA,Tarragones,0,0,1,0,2,0,1,0,0,1,0,0,0,40.0,0.0,0,2,No n'hi ha,-1.0,3,3,1,0,0,0,0,0,0,0,0,0,0,1,4,4,0,Encalç,0,1,2,4,1,2,1,18.18,1,2,3,6,10
1406,2011,1,2011-03-02,SE,CUBELLES,Garraf,3,0,1,0,2,1,0,0,0,1,0,0,0,20.0,0.0,0,-1,No n'hi ha,0.0,3,3,1,-1,-1,0,0,-1,0,1,0,0,1,0,4,-1,-1,Atropellament,-1,2,2,5,-1,2,1,12.4,0,3,2,2,3
1407,2011,1,2011-01-09,SE,CASTELLDEFELS,Baix Llobregat,3,0,1,0,2,1,0,0,0,1,0,0,0,100.0,0.0,0,-1,No n'hi ha,-1.0,3,3,1,0,0,0,0,0,0,0,0,0,0,0,4,-1,-1,Atropellament,-1,2,2,5,-1,2,0,0.21,2,3,6,9,1
1408,2011,0,2011-03-06,SE,PACS DEL PENEDES,Alt Penedes,3,0,1,0,2,0,0,0,1,1,0,0,0,40.0,0.0,0,2,No n'hi ha,-1.0,3,3,1,0,0,0,0,0,0,0,0,0,1,1,4,4,1,Fregament o col·lisió lateral,2,1,2,3,0,2,0,12.55,0,2,6,6,3
1409,2011,1,2011-11-10,SE,BARCELONA,Barcelones,3,0,1,0,2,0,0,0,2,0,0,0,0,100.0,0.0,0,-1,No n'hi ha,-1.0,3,3,1,0,0,0,0,0,0,0,0,0,0,1,5,3,0,Envestida (frontal lateral),2,2,2,5,-1,2,1,21.0,1,2,3,10,11
1410,2011,1,2011-04-06,SE,VILAJUIGA,Alt Emporda,1,0,1,0,2,0,0,1,0,1,0,0,0,100.0,0.0,0,2,No n'hi ha,-1.0,3,3,1,0,0,0,0,0,0,0,0,0,0,1,4,5,1,Fregament o col·lisió lateral,1,2,2,5,0,2,1,19.3,1,2,2,6,4
1411,2011,1,2011-11-08,SE,CORNELLA DE LLOBREGAT,Baix Llobregat,3,0,1,0,2,0,0,1,0,1,0,0,0,20.0,0.0,0,-1,No n'hi ha,-1.0,-1,1,1,-1,-1,-1,-1,-1,-1,-1,-1,-1,-1,0,-1,-1,-1,Fregament o col·lisió lateral,-1,0,-1,5,-1,-1,1,14.2,1,2,1,8,11
1412,2011,0,2011-10-19,N-IIa,LLEIDA,Segria,2,0,1,0,2,1,0,0,0,1,0,0,0,100.0,0.0,0,-1,No n'hi ha,-1.0,3,3,1,0,0,0,0,0,0,0,0,0,0,0,4,-1,-1,Atropellament,-1,1,2,4,-1,2,1,19.5,1,3,2,19,10
1413,2011,0,2011-03-13,C-55,CASTELLBELL I EL VIL,Bages,3,0,2,2,1,0,0,0,0,1,0,0,0,60.0,0.0,0,1,No n'hi ha,-1.0,3,3,1,0,0,0,0,0,0,0,0,0,0,0,3,-1,1,Resta sortides de via,-1,1,2,4,2,2,0,5.58,2,1,6,13,3
1414,2011,1,2011-10-18,SE,SOLSONA,Solsones,2,0,1,0,2,1,0,0,0,1,0,0,0,20.0,0.0,0,-1,No n'hi ha,-1.0,3,3,1,-1,0,0,0,-1,0,0,0,0,1,0,4,-1,1,Atropellament,-1,2,2,5,-1,2,1,10.25,0,3,1,18,10
1415,2011,0,2011-06-22,GI-682,BLANES,Selva,1,0,1,0,1,0,0,0,1,0,0,0,0,40.0,0.0,0,2,No n'hi ha,-1.0,3,3,1,-1,0,0,0,-1,0,0,0,0,-1,2,4,5,1,Sortida de via amb bolcada,0,1,2,4,2,2,1,14.55,1,1,2,22,6
1416,2011,1,2011-09-05,SE,SANT JOAN DESPI,Baix Llobregat,3,0,1,0,2,0,1,0,0,1,0,0,0,100.0,0.0,0,2,No n'hi ha,-1.0,3,3,1,0,0,0,0,0,0,0,0,0,0,0,4,-1,1,Envestida (frontal lateral),-1,2,2,5,0,2,1,16.3,1,2,0,5,9
1417,2011,0,2011-10-21,C-31,HOSPITALET DE LLOBREGAT,Barcelones,3,0,1,0,1,0,0,0,1,0,0,0,0,60.0,0.0,0,2,No n'hi ha,-1.0,3,3,1,0,0,0,0,0,0,0,0,0,0,1,4,-1,0,Caiguda en la via,3,1,2,4,2,2,0,17.2,1,0,4,21,10
1418,2011,1,2011-04-20,SE,BLANES,Selva,1,0,1,0,2,1,0,0,0,1,0,0,0,20.0,0.0,0,-1,No n'hi ha,-1.0,3,3,1,-1,0,0,0,-1,0,0,0,0,0,0,4,-1,1,Atropellament,-1,2,2,5,-1,2,1,19.1,1,3,2,20,4
1419,2011,0,2011-07-27,T-323,MONT-ROIG DEL CAMP,Baix Camp,0,1,0,0,1,0,0,0,0,1,0,0,0,100.0,0.0,0,1,No n'hi ha,-1.0,3,3,0,0,0,0,0,0,0,0,0,0,0,0,1,-1,1,Altres,-1,1,2,4,2,2,1,20.58,1,5,2,27,7
1420,2011,1,2011-06-21,SE,BARCELONA,Barcelones,3,0,1,0,3,1,0,0,0,2,0,0,0,100.0,0.0,0,-1,No n'hi ha,-1.0,3,3,1,0,0,0,0,0,0,0,0,0,0,0,4,-1,1,Atropellament,-1,2,2,5,-1,2,1,13.45,0,3,1,21,6
1421,2011,0,2011-03-06,N-150,BARBERA DEL VALLES,Valles Occidental,3,0,1,1,2,0,0,1,0,1,0,0,0,60.0,0.0,0,2,No n'hi ha,-1.0,3,3,1,0,0,0,0,0,0,0,0,0,0,2,5,4,0,Fregament o col·lisió lateral,3,1,2,4,2,2,0,19.3,1,2,6,6,3
1422,2011,1,2011-04-29,SE,SABADELL,Valles Occidental,3,0,1,3,1,0,0,0,0,1,0,0,0,100.0,0.0,0,-1,No n'hi ha,-1.0,3,3,1,0,0,0,0,0,0,0,0,0,0,0,4,-1,-1,Xoc contra objecte/obstacle sense sortida prèvia de via,-1,2,2,5,-1,2,1,5.28,2,4,4,29,4
1423,2011,1,2011-12-26,SE,BARCELONA,Barcelones,3,0,1,0,2,0,0,0,1,1,0,0,0,100.0,0.0,0,-1,No n'hi ha,-1.0,3,3,1,0,0,0,0,0,0,0,0,0,0,1,4,3,0,Envestida (frontal lateral),2,2,2,5,-1,2,1,12.3,0,2,0,26,12
1424,2011,0,2011-08-16,TV-3146,VILA-SECA,Tarragones,0,1,0,0,2,0,0,0,1,1,0,0,0,100.0,0.0,0,2,No n'hi ha,-1.0,3,3,0,0,0,0,0,0,0,0,0,0,0,0,4,-1,1,Caiguda en la via,-1,1,2,4,3,2,1,11.56,0,0,1,16,8
1425,2011,1,2011-06-13,GI-552,RIELLS I VIABREA,Selva,1,0,1,1,2,0,0,1,0,1,0,0,0,50.0,0.0,0,2,No n'hi ha,-1.0,3,1,1,0,0,0,0,0,1,0,0,0,0,1,0,4,1,Envestida (frontal lateral),1,0,2,4,3,2,1,22.25,2,2,0,13,6
1426,2011,1,2011-10-02,SE,GRANOLLERS,Valles Oriental,3,0,1,0,2,0,0,0,0,2,0,0,0,50.0,1.0,0,2,No n'hi ha,-1.0,3,3,1,0,0,0,0,0,0,0,0,0,0,0,5,-1,1,Col·lisió frontal,-1,2,2,5,-1,2,0,6.15,0,2,6,2,10
1427,2011,1,2011-05-15,SE,LLEIDA,Segria,2,0,1,0,2,1,0,0,0,1,0,0,0,20.0,,0,2,No n'hi ha,-1.0,3,3,1,-1,0,0,0,-1,0,0,0,0,-1,0,4,-1,1,Atropellament,-1,2,2,5,-1,2,0,21.0,1,3,6,15,5
1428,2011,0,2011-03-11,SE,"ALDEA, L'",Baix Ebre,0,0,1,2,2,0,0,0,0,2,0,0,0,100.0,0.0,0,1,No n'hi ha,-1.0,3,3,1,0,0,0,0,0,0,0,0,0,0,0,4,-1,1,Envestida (frontal lateral),-1,1,2,3,0,2,1,11.33,0,2,4,11,3
1429,2011,1,2011-08-12,SE,VILA-SECA,Tarragones,0,0,1,1,2,0,0,1,0,1,0,0,0,100.0,0.0,0,-1,No n'hi ha,-1.0,3,3,1,0,0,0,0,0,0,0,0,0,0,0,4,-1,-1,Envestida (frontal lateral),-1,2,2,5,-1,2,1,11.3,0,2,4,12,8
1430,2011,1,2011-10-14,SE,BARCELONA,Barcelones,3,0,1,0,2,0,0,0,1,0,1,0,0,100.0,0.0,0,-1,No n'hi ha,-1.0,3,3,1,0,0,1,0,0,0,0,0,0,1,0,4,-1,0,Encalç,-1,2,2,5,-1,2,0,17.35,1,2,4,14,10
1431,2011,1,2011-03-25,SE,BARCELONA,Barcelones,3,0,1,0,2,0,0,0,1,1,0,0,0,100.0,0.0,0,-1,No n'hi ha,-1.0,3,3,1,0,0,0,0,0,0,0,0,0,0,1,4,3,1,Envestida (frontal lateral),2,2,2,5,-1,2,1,14.2,1,2,4,25,3
1432,2011,1,2011-07-18,SE,MANRESA,Bages,3,0,1,1,2,1,0,0,1,0,0,0,0,100.0,0.0,0,2,No n'hi ha,-1.0,3,3,1,0,0,0,0,0,0,0,0,0,0,2,4,2,0,Atropellament,0,2,2,5,-1,2,1,9.0,0,3,0,18,7
1433,2011,1,2011-01-02,SE,SANT CUGAT DEL VALLES,Valles Occidental,3,0,1,0,2,1,0,0,0,1,0,0,0,20.0,0.0,0,-1,No n'hi ha,-1.0,3,3,1,0,-1,0,0,0,0,0,0,0,0,1,1,3,-1,Atropellament,2,2,2,5,-1,2,0,18.05,1,3,6,2,1
1434,2011,0,2011-11-12,TP-2442,SANT JAUME DELS DOMENYS,Baix Penedes,0,0,2,0,1,0,0,0,0,1,0,0,0,100.0,0.0,0,1,No n'hi ha,-1.0,3,3,1,0,0,0,0,0,0,0,0,0,0,0,1,-1,1,Resta sortides de via,-1,1,2,4,3,2,0,17.28,1,1,5,12,11
1435,2011,1,2011-06-18,SE,BARCELONA,Barcelones,3,0,1,0,2,0,0,0,1,1,0,0,0,100.0,0.0,0,-1,No n'hi ha,-1.0,3,3,1,0,0,0,0,0,0,0,0,0,0,1,4,3,1,Envestida (frontal lateral),2,2,2,5,-1,2,0,11.1,0,2,5,18,6
1436,2011,1,2011-11-24,SE,AMPOSTA,Montsia,0,0,1,0,2,1,0,0,0,1,0,0,0,40.0,0.0,0,2,No n'hi ha,-1.0,3,3,1,0,0,0,0,0,0,0,0,0,0,0,5,-1,1,Atropellament,-1,2,2,5,-1,2,1,18.33,1,3,3,24,11
1437,2011,0,2011-02-01,AP-7,VILOBI D'ONYAR,Selva,1,0,1,0,2,0,0,0,0,1,1,0,0,120.0,0.0,0,2,No n'hi ha,-1.0,3,3,1,0,0,0,0,0,0,0,0,0,0,0,4,-1,1,Encalç,-1,1,2,4,1,2,1,17.1,1,2,1,1,2
1438,2011,0,2011-04-07,C-17,MOLLET DEL VALLES,Valles Oriental,3,0,1,0,3,0,0,0,0,2,1,0,0,100.0,0.0,0,2,No n'hi ha,-1.0,3,3,1,0,0,0,0,0,0,0,0,0,0,0,4,-1,1,Encalç,-1,1,2,4,2,2,1,10.22,0,2,3,7,4
1439,2011,0,2011-01-20,N-II,MATARO,Maresme,3,0,1,0,2,0,0,1,0,0,0,1,0,40.0,0.0,0,2,No n'hi ha,-1.0,3,3,1,0,0,0,0,0,0,0,0,0,0,1,4,4,0,Envestida (frontal lateral),0,1,2,4,1,2,1,11.45,0,2,3,20,1
1440,2011,0,2011-03-26,N-II,GARRIGAS,Alt Emporda,1,0,1,0,2,0,0,0,1,1,0,0,0,100.0,0.0,0,0,No n'hi ha,-1.0,1,3,1,0,0,0,1,0,0,0,0,0,0,1,2,5,1,Fregament o col·lisió lateral,2,1,0,4,1,2,0,18.45,1,2,5,26,3
1441,2011,1,2011-09-15,SE,TERRASSA,Valles Occidental,3,0,1,0,2,0,0,0,1,1,0,0,0,100.0,0.0,0,-1,No n'hi ha,-1.0,3,3,1,0,0,0,0,0,0,0,0,0,0,1,4,5,-1,Fregament o col·lisió lateral,1,2,2,5,-1,2,1,12.15,0,2,3,15,9
1442,2011,1,2011-06-08,SE,BERGA,Bergueda,3,0,1,0,2,1,0,0,0,0,1,0,0,20.0,0.0,0,-1,No n'hi ha,-1.0,1,3,1,-1,0,0,0,-1,0,0,0,0,0,0,4,-1,0,Atropellament,-1,2,0,5,-1,2,1,11.3,0,3,2,8,6