,Year,Area,Date,Road,Municipality Name,County Name,Province Name,Fatalties,Serious Injuries,Light Injuries,Units Involved,Pedestrains Involved,Bicycles Involved,Mopeds Involved,Motorcycles,Light Vehicles Involved,Heavy Vehicles Involved,Other Units Involved,Unspecified Units Involved,Road Speed Limit,Accident with Hit and Run,Fog Presence,Surrounding Environment,Special Lane Presence,Special Traffic Measures,Weather Conditions,Special Road Functions,Severity of Accident,Influence of Fog,Influence of Environment,Influence of Traffic,Influence of Weather,Influence of Wind Intensity,Influence of Lighting,Influence of Special Measures,Influence of Road Objects,Influence of Road Surface,Influence of Visibility,Intersection Characteristics,Lighting Conditions,Traffic Regulation and Priority,Direction of Road,Subtype of Accident,Subtype of Road Section,Subzone within Area,Road Surface Conditions,Type of Road,Road Ownership,Wind Conditions,Day of the Week Grouping,Hour of Day,Time of Day Grouping,Type of Accident,Day Type,Day,Month
1443,2011,1,2011-10-17,SE,CASTELL-PLATJA D'ARO,Baix Emporda,1,0,1,0,2,0,0,1,0,1,0,0,0,30.0,0.0,0,2,No n'hi ha,-1.0,3,3,1,0,0,0,0,0,0,0,0,0,0,1,4,4,0,Envestida (frontal lateral),2,2,2,5,0,2,1,16.35,1,2,0,17,10
1444,2011,1,2011-07-11,SE,VILANOVA I LA GELTRU,Garraf,3,0,1,0,1,0,1,0,0,0,0,0,0,100.0,0.0,0,-1,No n'hi ha,-1.0,3,3,1,0,0,0,0,0,0,0,0,0,0,0,4,-1,-1,Caiguda en la via,-1,2,2,5,-1,2,1,7.0,0,0,0,11,7
1445,2011,1,2011-12-19,SE,MANRESA,Bages,3,0,1,0,2,1,0,0,0,1,0,0,0,100.0,0.0,0,2,No n'hi ha,-1.0,3,3,1,0,0,0,0,0,0,0,0,0,0,0,5,-1,0,Atropellament,-1,2,2,5,-1,2,1,20.35,1,3,0,19,12
1446,2011,1,2011-03-27,SE,BARCELONA,Barcelones,3,0,1,0,2,1,0,0,0,1,0,0,0,100.0,1.0,0,-1,No n'hi ha,-1.0,3,3,1,0,0,0,0,0,0,0,0,0,0,0,5,-1,0,Atropellament,-1,2,2,5,-1,2,0,7.0,0,3,6,27,3
1447,2011,1,2011-06-08,SE,BADALONA,Barcelones,3,0,1,2,2,0,0,0,0,2,0,0,0,100.0,0.0,0,-1,No n'hi ha,-1.0,3,3,1,0,0,0,0,0,0,0,0,0,0,1,4,2,0,Envestida (frontal lateral),2,2,2,5,-1,2,1,14.5,1,2,2,8,6
1448,2011,0,2011-08-27,C-31,BADALONA,Barcelones,3,0,1,0,2,0,0,0,2,0,0,0,0,80.0,1.0,0,0,No n'hi ha,-1.0,3,0,1,-1,0,0,0,-1,0,0,0,0,-1,0,0,-1,1,Fregament o col·lisió lateral,-1,1,2,2,2,2,0,2.59,2,2,5,27,8
1449,2011,1,2011-12-15,SE,GAVA,Baix Llobregat,3,0,1,0,2,0,0,0,1,1,0,0,0,20.0,0.0,0,-1,No n'hi ha,-1.0,3,3,1,-1,-1,1,0,-1,0,0,0,0,-1,1,4,4,-1,Encalç,2,2,2,5,-1,2,1,17.4,1,2,3,15,12
1450,2011,0,2011-09-10,T-201,PONTILS,Conca de Barbera,0,0,1,0,1,0,0,0,0,1,0,0,0,100.0,0.0,0,0,No n'hi ha,-1.0,3,3,1,0,0,0,0,0,0,0,0,0,0,0,4,-1,1,Altres,-1,1,2,4,2,2,0,18.02,1,5,5,10,9
1451,2011,0,2011-08-20,C-31,PALS,Baix Emporda,1,0,1,2,2,0,0,0,1,1,0,0,0,100.0,0.0,0,2,Carril habilitat en sentit contrari habitual,3.0,3,3,1,0,0,1,0,0,0,0,0,0,0,0,4,-1,1,Envestida (frontal lateral),-1,1,2,4,2,2,0,8.14,0,2,5,20,8
1452,2011,0,2011-02-15,C-35,SANT FELIU DE BUIXALLEU,Selva,1,0,1,0,2,0,1,0,0,1,0,0,0,80.0,0.0,0,0,No n'hi ha,-1.0,3,3,1,-1,0,0,0,-1,0,0,0,0,-1,0,4,-1,1,Fregament o col·lisió lateral,-1,1,2,4,2,2,1,13.45,0,2,1,15,2
1453,2011,0,2011-07-03,C-55,CARDONA,Bages,3,0,3,1,2,0,0,0,0,2,0,0,0,100.0,0.0,0,3,No n'hi ha,-1.0,1,3,1,0,0,0,0,0,0,0,0,0,0,0,2,-1,1,Envestida (frontal lateral),-1,1,0,4,2,2,0,16.44,1,2,6,3,7
1454,2011,1,2011-03-21,SE,SABADELL,Valles Occidental,3,0,1,0,2,1,0,0,0,1,0,0,0,100.0,0.0,0,-1,No n'hi ha,-1.0,3,3,1,0,0,0,0,0,0,0,0,0,0,0,4,-1,-1,Atropellament,-1,2,2,5,-1,2,1,16.1,1,3,0,21,3
1455,2011,1,2011-06-12,SE,BARCELONA,Barcelones,3,0,1,0,2,1,0,0,0,1,0,0,0,100.0,0.0,0,-1,No n'hi ha,-1.0,3,3,1,0,0,0,0,0,0,0,0,0,0,0,5,-1,0,Atropellament,-1,2,2,5,-1,2,0,22.0,2,3,6,12,6
1456,2011,1,2011-01-21,SE,TERRASSA,Valles Occidental,3,0,1,0,2,0,0,1,0,0,1,0,0,100.0,0.0,0,-1,No n'hi ha,-1.0,3,3,1,0,0,0,0,0,0,0,0,0,0,0,4,-1,-1,Envestida (frontal lateral),-1,2,2,5,-1,2,1,7.45,0,2,4,21,1
1457,2011,0,2011-11-04,N-II,TORDERA,Maresme,3,1,2,0,3,0,0,0,0,3,0,0,0,70.0,0.0,0,2,No n'hi ha,-1.0,2,3,0,0,0,0,0,0,0,0,0,0,0,0,2,-1,1,Fregament o col·lisió lateral,-1,1,0,4,1,1,1,11.45,0,2,4,4,11
1458,2011,0,2011-06-18,N-340,TARRAGONA,Tarragones,0,0,1,0,1,0,0,0,1,0,0,0,0,70.0,0.0,0,2,No n'hi ha,-1.0,3,3,1,0,0,0,0,0,0,0,0,0,0,1,4,4,1,Caiguda en la via,1,1,2,4,1,2,0,12.2,0,0,5,18,6
1459,2011,0,2011-07-19,C-14,ALCOVER,Alt Camp,0,0,1,1,2,0,0,0,0,2,0,0,0,100.0,0.0,0,1,No n'hi ha,-1.0,1,3,1,0,0,0,0,0,0,0,0,0,0,0,2,-1,1,Col·lisió frontal,-1,1,0,4,2,1,1,7.42,0,2,1,19,7
1460,2011,0,2011-04-07,C-51,"BISBAL DEL PENEDES, LA",Baix Penedes,0,0,1,0,1,0,0,0,0,1,0,0,0,100.0,0.0,0,1,No n'hi ha,-1.0,3,3,1,0,0,0,0,0,0,0,0,0,0,0,4,-1,1,Resta sortides de via,-1,1,2,4,2,2,1,14.43,1,1,3,7,4
1461,2011,0,2011-11-25,SE,CASTELLGALI,Bages,3,0,1,0,2,0,1,0,0,1,0,0,0,50.0,0.0,0,1,No n'hi ha,-1.0,3,3,1,0,0,0,0,0,1,0,0,0,0,2,4,4,1,Fregament o col·lisió lateral,1,1,2,3,0,2,0,15.0,1,2,4,25,11
1462,2011,0,2011-06-03,N-260,COLERA,Alt Emporda,1,0,1,0,2,0,0,0,1,0,0,1,0,100.0,0.0,0,0,No n'hi ha,-1.0,3,3,1,0,0,0,0,0,0,0,0,0,0,0,4,-1,1,Fregament o col·lisió lateral,-1,1,2,4,1,2,1,13.3,0,2,4,3,6
1463,2011,0,2011-06-28,C-244,MEDIONA,Alt Penedes,3,0,1,2,2,0,0,0,0,2,0,0,0,100.0,0.0,0,3,No n'hi ha,-1.0,3,3,1,0,0,0,0,0,0,0,0,0,0,0,4,-1,1,Col·lisió frontal,-1,1,2,4,2,2,1,18.0,1,2,1,28,6
1464,2011,1,2011-09-29,SE,BARCELONA,Barcelones,3,0,1,1,3,0,0,0,1,1,1,0,0,100.0,0.0,0,-1,No n'hi ha,-1.0,3,3,1,0,0,0,0,0,0,0,0,0,0,1,5,3,0,Envestida (frontal lateral),2,2,2,5,-1,2,1,0.2,2,2,3,29,9
1465,2011,1,2011-11-19,SE,ALMENAR,Segria,2,0,1,0,2,0,0,0,0,1,1,0,0,100.0,0.0,1,2,No n'hi ha,-1.0,3,3,1,0,0,0,0,0,0,0,0,0,0,0,2,-1,1,Col·lisió frontal,-1,2,2,5,2,2,0,8.32,0,2,5,19,11
1466,2011,1,2011-02-25,SE,BARCELONA,Barcelones,3,0,1,2,2,1,0,1,0,0,0,0,0,100.0,0.0,0,-1,No n'hi ha,-1.0,3,3,1,0,0,0,0,0,0,0,0,0,1,1,4,3,0,Atropellament,2,2,2,5,-1,2,1,13.1,0,3,4,25,2
1467,2011,1,2011-11-29,SE,PARETS DEL VALLES,Valles Oriental,3,0,1,0,2,0,0,1,0,1,0,0,0,20.0,0.0,0,-1,No n'hi ha,-1.0,3,3,1,-1,0,0,0,-1,0,0,0,0,-1,1,5,5,1,Envestida (frontal lateral),1,2,2,5,-1,2,1,22.0,2,2,1,29,11
1468,2011,0,2011-10-30,BV-1201,OLESA DE MONTSERRAT,Baix Llobregat,3,0,1,2,4,0,3,0,0,1,0,0,0,50.0,0.0,0,3,No n'hi ha,-1.0,3,3,1,0,0,0,0,0,0,0,0,0,0,0,4,-1,1,Encalç,-1,1,2,4,2,2,0,12.12,0,2,6,30,10
1469,2011,0,2011-07-08,BP-1503,SANT CUGAT DEL VALLES,Valles Occidental,3,0,1,1,2,0,0,0,0,2,0,0,0,100.0,0.0,0,2,No n'hi ha,-1.0,3,3,1,0,1,0,0,0,0,0,0,0,1,1,4,4,1,Fregament o col·lisió lateral,1,1,2,4,3,2,1,11.18,0,2,4,8,7
1470,2011,1,2011-03-19,C-1413B,CENTELLES,Osona,3,0,1,2,3,1,0,0,0,2,0,0,0,50.0,0.0,0,2,No n'hi ha,-1.0,3,1,1,0,0,0,0,0,0,0,0,0,0,0,4,-1,1,Sortida de via amb atropellament,-1,0,2,4,2,2,0,10.15,0,1,5,19,3
1471,2011,0,2011-10-05,N-340,"VENDRELL, EL",Baix Penedes,0,0,1,0,1,0,0,0,1,0,0,0,0,100.0,0.0,0,2,No n'hi ha,-1.0,3,3,1,0,0,0,0,0,0,0,0,0,0,2,4,-1,1,Resta sortides de via,3,1,2,4,1,2,1,10.42,0,1,2,5,10
1472,2011,1,2011-09-09,SE,TERRASSA,Valles Occidental,3,0,1,0,2,1,0,0,0,0,1,0,0,100.0,0.0,0,-1,No n'hi ha,-1.0,3,3,1,0,0,0,0,0,0,0,0,0,0,0,4,-1,-1,Atropellament,-1,2,2,5,-1,2,1,11.3,0,3,4,9,9
1473,2011,0,2011-03-23,BV-1432,GRANOLLERS,Valles Oriental,3,0,1,0,2,0,0,0,0,1,1,0,0,70.0,0.0,0,0,No n'hi ha,-1.0,3,3,1,0,0,0,0,0,0,0,0,0,0,0,3,-1,1,Encalç,-1,1,2,4,0,2,1,0.55,2,2,2,23,3
1474,2011,1,2011-01-16,BV-4601,SANT BARTOMEU DEL GR,Osona,3,0,1,0,2,0,0,0,1,1,0,0,0,50.0,0.0,0,2,No n'hi ha,-1.0,3,1,1,0,0,0,0,0,0,0,0,0,0,2,4,5,1,Envestida (frontal lateral),1,0,2,4,3,2,0,11.5,0,2,6,16,1
1475,2011,1,2011-11-05,N-141e,BESCANO,Girones,1,0,1,0,2,1,0,0,0,1,0,0,0,100.0,0.0,0,2,No n'hi ha,-1.0,1,1,1,0,0,0,1,0,0,0,0,0,0,2,5,-1,1,Atropellament,1,0,0,4,1,2,0,18.45,1,3,5,5,11
1476,2011,0,2011-05-05,C-242,ARBOLI,Baix Camp,0,0,1,0,2,0,0,0,1,1,0,0,0,100.0,0.0,0,2,No n'hi ha,-1.0,3,3,1,0,0,0,0,0,0,0,0,0,0,0,4,-1,1,Col·lisió frontal,-1,1,2,4,2,2,1,17.42,1,2,3,5,5
1477,2011,1,2011-12-09,SE,BARCELONA,Barcelones,3,0,2,1,2,1,0,0,1,0,0,0,0,100.0,0.0,0,-1,No n'hi ha,-1.0,3,3,1,0,0,0,0,0,0,0,0,0,0,1,5,3,0,Atropellament,2,2,2,5,-1,2,1,0.4,2,3,4,9,12
1478,2011,0,2011-01-01,N-II,CALDES DE MALAVELLA,Selva,1,0,1,4,1,0,0,0,0,1,0,0,0,80.0,0.0,0,3,No n'hi ha,0.0,3,3,1,0,0,0,0,0,0,0,0,0,0,0,1,-1,1,Sortida de via amb bolcada,-1,1,2,4,1,2,0,7.57,0,1,5,1,1
1479,2011,1,2011-11-07,SE,BARCELONA,Barcelones,3,0,1,1,2,1,1,0,0,0,0,0,0,100.0,0.0,0,-1,No n'hi ha,-1.0,3,3,1,0,0,0,0,0,0,0,0,0,0,1,5,3,0,Atropellament,2,2,2,5,-1,2,1,19.4,1,3,0,7,11
1480,2011,1,2011-10-10,SE,LLEIDA,Segria,2,0,1,3,5,4,0,0,0,1,0,0,0,100.0,0.0,0,-1,No n'hi ha,-1.0,3,3,1,0,0,0,1,0,0,0,0,0,0,0,4,-1,0,Atropellament,-1,2,2,5,-1,2,1,17.2,1,3,0,10,10
1481,2011,1,2011-06-28,SE,BARCELONA,Barcelones,3,0,1,0,2,1,0,0,0,1,0,0,0,100.0,0.0,0,-1,No n'hi ha,-1.0,3,3,1,0,0,0,0,0,0,0,0,0,0,1,4,3,0,Atropellament,1,2,2,5,-1,2,1,13.05,0,3,1,28,6
1482,2011,1,2011-08-27,SE,MANRESA,Bages,3,0,1,0,2,1,0,0,0,1,0,0,0,100.0,0.0,0,3,No n'hi ha,-1.0,3,3,1,0,0,0,0,0,0,0,0,0,0,0,1,-1,0,Atropellament,-1,2,2,5,-1,2,0,20.25,1,3,5,27,8
1483,2011,1,2011-06-17,SE,SANT BOI DE LLOBREGAT,Baix Llobregat,3,0,1,0,3,0,0,0,0,3,0,0,0,20.0,0.0,0,-1,No n'hi ha,-1.0,3,3,1,-1,0,0,0,-1,0,0,0,0,0,0,4,-1,0,Encalç,-1,2,2,5,-1,2,1,14.39,1,2,4,17,6
1484,2011,0,2011-03-07,GI-500,AGULLANA,Alt Emporda,1,0,1,0,2,0,0,0,1,1,0,0,0,100.0,0.0,0,0,No n'hi ha,-1.0,3,3,1,0,0,0,0,0,0,0,0,0,0,0,4,-1,1,Encalç,-1,1,2,4,3,2,1,16.0,1,2,0,7,3
1485,2011,1,2011-05-16,SE,REUS,Baix Camp,0,0,1,0,2,0,0,0,1,1,0,0,0,100.0,0.0,0,-1,No n'hi ha,-1.0,3,3,1,0,0,0,0,0,0,0,0,0,0,0,4,-1,-1,Encalç,-1,2,2,5,-1,2,1,13.36,0,2,0,16,5
1486,2011,0,2011-10-27,C-63,BRUNYOLA,Selva,1,0,1,2,3,0,0,0,0,3,0,0,0,70.0,0.0,0,1,No n'hi ha,-1.0,1,3,1,0,0,0,1,0,0,0,0,0,0,0,2,-1,1,Fregament o col·lisió lateral,-1,1,0,4,2,2,1,15.22,1,2,3,27,10
1487,2011,0,2011-07-28,N-340,TARRAGONA,Tarragones,0,0,1,0,3,2,0,0,0,1,0,0,0,70.0,0.0,0,1,No n'hi ha,-1.0,3,3,1,0,0,0,0,0,0,0,0,0,0,1,4,4,1,Atropellament,1,1,2,4,1,2,1,12.4,0,3,3,28,7
1488,2011,1,2011-09-05,SE,SANTA MARIA DE PALAU,Valles Oriental,3,0,1,0,2,0,0,1,0,1,0,0,0,40.0,0.0,0,2,No n'hi ha,-1.0,3,3,1,0,0,0,0,0,0,0,0,0,0,1,1,4,0,Envestida (frontal lateral),2,2,2,5,-1,2,1,7.1,0,2,0,5,9
1489,2011,1,2011-02-04,SE,SABADELL,Valles Occidental,3,0,1,1,2,0,0,0,1,1,0,0,0,100.0,0.0,0,-1,No n'hi ha,-1.0,3,3,1,0,0,0,0,0,0,0,0,0,0,0,4,-1,-1,Envestida (frontal lateral),-1,2,2,5,-1,2,0,17.4,1,2,4,4,2
1490,2011,0,2011-01-30,C-59,SAN FELIU DE CODINES,Valles Oriental,3,0,1,0,1,0,0,0,0,1,0,0,0,40.0,0.0,0,2,No n'hi ha,-1.0,3,3,1,0,0,0,0,0,0,0,0,0,0,0,3,-1,1,Resta sortides de via,-1,1,2,4,2,2,0,5.1,2,1,6,30,1
1491,2011,0,2011-07-09,C-31,MONTGAT,Maresme,3,0,1,0,1,0,0,0,1,0,0,0,0,100.0,0.0,0,0,No n'hi ha,-1.0,3,3,1,0,0,0,0,0,0,0,0,0,0,0,4,-1,1,Resta sortides de via,-1,1,2,4,2,1,0,19.3,1,1,5,9,7
1492,2011,1,2011-08-04,SE,REUS,Baix Camp,0,0,1,0,2,1,0,0,0,1,0,0,0,100.0,0.0,0,-1,No n'hi ha,-1.0,3,3,1,0,0,0,0,0,0,0,0,0,0,0,4,-1,-1,Atropellament,-1,2,2,5,-1,2,1,18.3,1,3,3,4,8
1493,2011,1,2011-01-28,SE,GIRONA,Girones,1,0,1,1,2,0,0,1,0,1,0,0,0,30.0,0.0,0,2,No n'hi ha,-1.0,3,3,1,0,0,0,0,0,0,0,0,0,0,1,4,3,1,Envestida (frontal lateral),2,2,2,5,-1,2,0,18.0,1,2,4,28,1
1494,2011,1,2011-05-18,SE,BARCELONA,Barcelones,3,0,1,1,2,0,0,0,1,1,0,0,0,100.0,0.0,0,-1,No n'hi ha,-1.0,3,3,1,0,0,0,0,0,0,0,0,0,0,1,4,4,1,Envestida (frontal lateral),1,2,2,5,-1,2,1,6.5,0,2,2,18,5
1495,2011,1,2011-05-24,SE,BARCELONA,Barcelones,3,0,1,0,2,0,1,0,0,1,0,0,0,100.0,0.0,0,-1,Carril bici,-1.0,3,3,1,0,0,0,0,0,0,0,0,0,0,1,4,3,0,Fregament o col·lisió lateral,2,2,2,5,-1,2,1,8.25,0,2,1,24,5
1496,2011,0,2011-05-24,B-211,SANT PERE DE RIBES,Garraf,3,0,1,1,2,0,0,0,1,1,0,0,0,100.0,0.0,0,2,No n'hi ha,-1.0,3,3,1,0,0,0,0,0,0,0,0,0,0,1,4,4,1,Fregament o col·lisió lateral,1,1,2,4,3,2,1,18.15,1,2,1,24,5
1497,2011,1,2011-10-04,SE,ESPLUGUES DE LLOBREGAT,Baix Llobregat,3,0,1,0,2,0,0,0,0,2,0,0,0,20.0,0.0,0,2,No n'hi ha,-1.0,3,3,1,-1,0,0,0,-1,0,0,0,0,-1,0,5,-1,0,Xoc contra objecte/obstacle sense sortida prèvia de via,-1,2,2,5,-1,2,1,21.15,1,4,1,4,10
1498,2011,1,2011-09-20,SE,MANRESA,Bages,3,0,1,1,4,2,0,0,0,2,0,0,0,100.0,0.0,0,2,No n'hi ha,-1.0,3,3,1,0,0,0,0,0,0,0,0,0,0,1,4,2,0,Atropellament,0,2,2,5,-1,2,1,13.1,0,3,1,20,9
1499,2011,0,2011-05-01,C-31,"TALLADA D'EMPORDA, LA",Baix Emporda,1,0,2,2,2,0,0,0,0,2,0,0,0,80.0,0.0,0,2,No n'hi ha,-1.0,3,3,1,0,0,0,0,0,0,0,0,0,0,1,4,4,1,Col·lisió frontal,1,1,2,4,2,2,0,19.13,1,2,6,1,5
1500,2011,1,2011-10-26,SE,GAVA,Baix Llobregat,3,0,1,0,2,0,0,0,1,1,0,0,0,20.0,0.0,0,-1,No n'hi ha,-1.0,3,3,1,-1,-1,0,0,-1,0,0,0,0,-1,1,4,4,-1,Envestida (frontal lateral),1,2,2,5,-1,2,1,11.35,0,2,2,26,10
1501,2011,1,2011-06-10,SE,BARCELONA,Barcelones,3,0,1,0,2,1,0,0,0,1,0,0,0,100.0,0.0,0,-1,No n'hi ha,-1.0,3,3,1,0,0,0,0,0,0,0,0,0,0,1,4,4,1,Atropellament,1,2,2,5,-1,2,1,6.18,0,3,4,10,6
1502,2011,0,2011-03-19,C-66,PALOL DE REVARDIT,Pla de l'Estany,1,0,1,0,1,0,0,0,0,1,0,0,0,100.0,0.0,0,2,No n'hi ha,-1.0,3,3,1,0,0,0,0,0,0,0,0,0,0,0,1,-1,1,Altres,-1,1,2,4,2,2,0,6.35,0,5,5,19,3
1503,2011,1,2011-06-17,SE,SANTA COLOMA DE GRAMANET,Barcelones,3,0,1,0,2,0,0,1,0,1,0,0,0,20.0,0.0,0,2,No n'hi ha,-1.0,3,3,1,-1,0,0,0,-1,0,0,0,0,1,1,4,4,0,Envestida (frontal lateral),2,2,2,5,-1,2,1,13.45,0,2,4,17,6
1504,2011,0,2011-07-15,C-25,AGUILAR DE SEGARRA,Bages,3,1,1,1,3,0,0,0,0,1,2,0,0,100.0,0.0,0,0,No n'hi ha,-1.0,3,3,0,0,0,0,0,0,0,0,0,0,0,0,0,-1,1,Envestida (frontal lateral),-1,1,2,4,2,2,0,22.4,2,2,4,15,7
1505,2011,1,2011-03-18,SE,BELANYA,Osona,3,0,1,0,2,1,0,0,0,1,0,0,0,20.0,0.0,0,2,No n'hi ha,-1.0,3,3,1,-1,0,0,0,-1,0,0,0,0,0,0,4,-1,0,Atropellament,-1,2,2,5,-1,2,0,18.47,1,3,4,18,3
1506,2011,1,2011-12-16,SE,OLESA DE MONTSERRAT,Baix Llobregat,3,0,1,0,2,1,0,0,0,1,0,0,0,100.0,1.0,0,2,No n'hi ha,,3,1,1,0,0,0,0,0,0,0,0,0,0,0,4,-1,1,Atropellament,-1,0,2,5,-1,2,0,17.0,1,3,4,16,12
1507,2011,1,2011-01-14,SE,"PRAT DE LLOBREGAT, E",Baix Llobregat,3,0,1,0,2,1,0,0,0,1,0,0,0,100.0,0.0,0,-1,No n'hi ha,-1.0,3,3,1,0,0,0,0,0,0,0,0,0,0,0,4,-1,-1,Atropellament,-1,2,2,5,-1,2,0,16.59,1,3,4,14,1
1508,2011,1,2011-12-19,SE,GAVA,Baix Llobregat,3,0,1,0,2,0,0,1,0,1,0,0,0,20.0,0.0,0,-1,No n'hi ha,-1.0,3,3,1,-1,-1,0,0,-1,0,0,0,0,0,1,4,4,-1,Envestida (frontal lateral),2,2,2,5,-1,2,1,9.2,0,2,0,19,12
1509,2011,1,2011-11-15,SE,GIRONA,Girones,1,0,1,0,2,0,0,1,0,1,0,0,0,100.0,0.0,0,2,No n'hi ha,-1.0,3,3,1,0,0,0,0,0,0,0,0,0,0,1,4,4,1,Envestida (frontal lateral),1,2,2,5,-1,2,1,14.25,1,2,1,15,11
1510,2011,0,2011-01-05,C-31,MONTGAT,Maresme,3,0,1,1,1,0,0,0,1,0,0,0,0,100.0,1.0,0,0,No n'hi ha,-1.0,3,0,1,0,0,0,0,0,0,0,0,0,0,2,1,-1,1,Caiguda en la via,1,1,2,4,2,2,1,17.16,1,0,2,5,1
1511,2011,1,2011-10-04,SE,BARCELONA,Barcelones,3,0,1,1,2,0,0,0,1,1,0,0,0,100.0,0.0,0,-1,No n'hi ha,-1.0,3,3,1,0,0,0,0,0,0,0,0,0,0,1,4,3,0,Envestida (frontal lateral),2,2,2,5,-1,2,1,13.3,0,2,1,4,10
1512,2011,0,2011-09-02,GIV-5241,OLOT,Garrotxa,1,0,2,1,2,0,0,0,0,2,0,0,0,100.0,0.0,0,2,No n'hi ha,-1.0,3,3,1,0,0,0,0,0,0,0,0,0,0,0,3,-1,1,Col·lisió frontal,-1,1,2,4,3,2,0,21.45,1,2,4,2,9
1513,2011,1,2011-12-19,SE,BARCELONA,Barcelones,3,0,1,2,4,0,0,0,4,0,0,0,0,100.0,0.0,0,-1,No n'hi ha,-1.0,3,3,1,0,0,0,0,0,0,0,0,0,1,1,4,3,0,Fregament o col·lisió lateral,2,2,2,5,-1,2,1,16.03,1,2,0,19,12
1514,2011,1,2011-06-29,SE,VILANOVA I LA GELTRU,Garraf,3,0,1,5,2,0,0,0,1,1,0,0,0,100.0,0.0,0,2,No n'hi ha,-1.0,3,3,1,0,0,0,0,0,0,0,0,0,0,1,4,4,1,Envestida (frontal lateral),2,2,2,5,-1,2,1,20.3,1,2,2,29,6
1515,2011,1,2011-10-08,SE,BARCELONA,Barcelones,3,1,0,1,2,0,0,0,2,0,0,0,0,100.0,0.0,0,-1,No n'hi ha,-1.0,3,3,0,0,0,0,0,0,0,0,0,0,0,0,4,-1,1,Envestida (frontal lateral),-1,2,2,5,-1,2,0,11.35,0,2,5,8,10
1516,2011,1,2011-11-14,SE,CANOVELLES,Valles Oriental,3,0,1,0,2,0,0,0,1,1,0,0,0,100.0,0.0,0,-1,No n'hi ha,-1.0,3,3,1,0,0,0,0,0,0,0,0,0,0,0,4,-1,-1,Envestida (frontal lateral),-1,2,2,5,-1,2,1,3.45,2,2,0,14,11
1517,2011,0,2011-10-31,N-240,VALLS,Alt Camp,0,0,1,0,2,1,0,0,0,1,0,0,0,100.0,0.0,0,-1,No n'hi ha,-1.0,3,3,1,0,0,0,0,0,0,0,0,0,0,0,4,-1,-1,Atropellament,-1,1,2,4,-1,2,1,21.16,1,3,0,31,10
1518,2011,1,2011-09-30,SE,BARCELONA,Barcelones,3,0,1,0,2,0,0,1,0,1,0,0,0,100.0,0.0,0,-1,Carril bus,-1.0,3,3,1,0,0,0,0,0,0,0,0,0,0,1,5,3,0,Envestida (frontal lateral),2,2,2,5,-1,2,0,23.3,2,2,4,30,9
1519,2011,0,2011-04-21,B-224,MASQUEFA,Anoia,3,1,0,1,2,0,0,0,1,1,0,0,0,100.0,0.0,0,2,No n'hi ha,-1.0,3,3,0,0,0,0,0,0,0,0,0,0,0,0,4,-1,1,Fregament o col·lisió lateral,-1,1,2,4,3,2,1,17.46,1,2,3,21,4
1520,2011,0,2011-02-12,B-23,MOLINS DE REI,Baix Llobregat,3,0,1,0,2,0,0,0,1,1,0,0,0,80.0,0.0,0,2,No n'hi ha,-1.0,3,3,1,0,0,0,0,0,0,0,0,0,0,0,4,-1,1,Fregament o col·lisió lateral,-1,1,2,4,1,2,0,8.45,0,2,5,12,2
1521,2011,0,2011-10-06,C-60,"ROCA DEL VALLES, LA",Valles Oriental,3,1,1,1,4,0,0,0,0,2,2,0,0,80.0,0.0,0,0,No n'hi ha,-1.0,3,3,0,0,0,1,0,0,0,0,0,0,0,0,4,-1,1,Col·lisió frontal,-1,1,2,4,2,2,1,14.19,1,2,3,6,10
1522,2011,1,2011-04-05,BP-1432,BIGUES I RIELLS,Valles Oriental,3,0,1,0,2,0,1,0,0,1,0,0,0,50.0,0.0,0,2,No n'hi ha,-1.0,3,1,1,0,0,0,0,0,0,0,0,0,0,1,4,-1,1,Envestida (frontal lateral),1,0,2,4,0,2,1,17.45,1,2,1,5,4
1523,2011,1,2011-03-12,SE,BARCELONA,Barcelones,3,0,1,0,2,0,0,0,1,1,0,0,0,100.0,0.0,0,-1,Carril bici,-1.0,2,3,1,0,0,0,1,0,0,0,0,0,1,1,5,3,0,Envestida (frontal lateral),2,2,0,5,-1,2,0,6.15,0,2,5,12,3
1524,2011,0,2011-03-10,SE,"BORGES BLANQUES, LES",Garrigues,2,1,1,0,2,0,0,0,0,0,2,0,0,100.0,0.0,0,2,No n'hi ha,-1.0,3,3,0,0,0,0,0,0,0,0,0,0,0,0,3,-1,1,Envestida (frontal lateral),-1,1,2,3,1,2,1,1.45,2,2,3,10,3
1525,2011,0,2011-04-19,AP-7,ULLDECONA,Montsia,0,0,1,0,2,0,0,0,1,1,0,0,0,100.0,0.0,0,0,No n'hi ha,-1.0,3,3,1,0,0,0,0,0,0,0,0,0,0,0,4,-1,1,Fregament o col·lisió lateral,-1,1,2,4,1,2,1,11.28,0,2,1,19,4
1526,2011,0,2011-07-10,SE,CASTELLO DE FARFANYA,Noguera,2,0,1,2,1,0,0,0,0,1,0,0,0,40.0,0.0,0,2,No n'hi ha,-1.0,3,3,1,0,0,0,0,0,0,0,0,0,0,0,4,-1,1,Resta sortides de via,-1,1,0,3,4,2,0,19.57,1,1,6,10,7