,Year,Area,Date,Road,Municipality Name,County Name,Province Name,Fatalties,Serious Injuries,Light Injuries,Units Involved,Pedestrains Involved,Bicycles Involved,Mopeds Involved,Motorcycles,Light Vehicles Involved,Heavy Vehicles Involved,Other Units Involved,Unspecified Units Involved,Road Speed Limit,Accident with Hit and Run,Fog Presence,Surrounding Environment,Special Lane Presence,Special Traffic Measures,Weather Conditions,Special Road Functions,Severity of Accident,Influence of Fog,Influence of Environment,Influence of Traffic,Influence of Weather,Influence of Wind Intensity,Influence of Lighting,Influence of Special Measures,Influence of Road Objects,Influence of Road Surface,Influence of Visibility,Intersection Characteristics,Lighting Conditions,Traffic Regulation and Priority,Direction of Road,Subtype of Accident,Subtype of Road Section,Subzone within Area,Road Surface Conditions,Type of Road,Road Ownership,Wind Conditions,Day of the Week Grouping,Hour of Day,Time of Day Grouping,Type of Accident,Day Type,Day,Month
1527,2011,1,2011-02-09,SE,CANOVELLES,Valles Oriental,3,0,1,0,2,0,0,0,0,2,0,0,0,100.0,0.0,0,2,No n'hi ha,-1.0,3,3,1,0,0,0,0,0,0,0,0,0,0,1,4,4,1,Envestida (frontal lateral),2,2,2,5,-1,2,1,14.13,1,2,2,9,2
1528,2011,1,2011-07-15,SE,CAMBRILS,Baix Camp,0,0,1,0,2,0,1,0,0,1,0,0,0,100.0,0.0,0,2,No n'hi ha,-1.0,3,3,1,0,0,0,0,0,0,0,0,0,0,1,4,4,1,Col·lisió frontal,0,2,2,5,0,2,1,10.35,0,2,4,15,7
1529,2011,1,2011-12-06,SE,GIRONA,Girones,1,0,1,0,2,0,0,0,1,1,0,0,0,100.0,0.0,0,2,No n'hi ha,-1.0,3,3,1,0,0,0,0,0,0,0,0,0,0,1,1,3,1,Envestida (frontal lateral),1,2,2,5,-1,2,1,17.4,1,2,1,6,12
1530,2011,1,2011-08-31,SE,VILA-SECA,Tarragones,0,0,1,0,1,0,0,0,0,1,0,0,0,100.0,0.0,0,3,No n'hi ha,-1.0,3,3,1,0,0,0,0,0,0,0,0,0,0,0,2,-1,0,Resta sortides de via,-1,2,2,5,3,2,1,7.43,0,1,2,31,8
1531,2011,1,2011-10-29,SE,LLEIDA,Segria,2,0,1,0,2,1,0,0,0,1,0,0,0,20.0,0.0,0,2,No n'hi ha,-1.0,3,3,1,-1,0,0,0,-1,0,0,0,0,-1,0,2,-1,0,Atropellament,-1,2,2,5,-1,2,0,14.0,1,3,5,29,10
1532,2011,1,2011-12-15,SE,LLEIDA,Segria,2,0,1,0,2,0,1,0,0,1,0,0,0,20.0,,0,-1,No n'hi ha,-1.0,3,3,1,0,0,0,0,0,0,0,0,0,0,1,4,5,-1,Fregament o col·lisió lateral,1,2,2,5,-1,2,1,14.45,1,2,3,15,12
1533,2011,1,2011-07-29,SE,BLANES,Selva,1,0,1,0,2,0,0,0,1,1,0,0,0,20.0,,0,2,No n'hi ha,-1.0,3,3,1,-1,0,0,0,-1,0,0,0,0,-1,1,4,4,0,Envestida (frontal lateral),2,2,2,5,-1,2,1,13.05,0,2,4,29,7
1534,2011,1,2011-07-21,SE,BLANES,Selva,1,0,1,1,2,1,0,0,1,0,0,0,0,20.0,0.0,0,-1,No n'hi ha,-1.0,3,-1,1,-1,0,0,0,-1,0,0,0,0,-1,0,4,-1,1,Atropellament,-1,2,2,5,-1,2,1,15.14,1,3,3,21,7
1535,2011,0,2011-05-16,C-63,SANTA COLOMA DE FARNERS,Selva,1,1,2,3,2,0,0,0,0,2,0,0,0,100.0,0.0,0,1,No n'hi ha,-1.0,3,3,0,0,0,0,0,0,0,0,0,0,0,0,4,-1,1,Envestida (frontal lateral),-1,1,2,4,2,2,1,14.1,1,2,0,16,5
1536,2011,1,2011-05-12,SE,BARCELONA,Barcelones,3,0,1,1,3,1,0,0,1,0,1,0,0,100.0,0.0,0,-1,No n'hi ha,-1.0,3,3,1,0,0,0,0,0,0,0,0,0,0,1,4,3,1,Atropellament,0,2,2,5,-1,2,1,10.3,0,3,3,12,5
1537,2011,1,2011-09-11,SE,SABADELL,Valles Occidental,3,0,1,1,2,0,0,0,0,1,1,0,0,100.0,0.0,0,-1,No n'hi ha,-1.0,3,3,1,0,0,0,0,0,0,0,0,0,0,0,4,-1,-1,Col·lisió frontal,-1,2,2,5,-1,2,0,6.14,0,2,6,11,9
1538,2011,0,2011-12-26,SE,SABADELL,Valles Occidental,3,0,2,0,2,0,0,2,0,0,0,0,0,100.0,0.0,0,-1,No n'hi ha,-1.0,3,3,1,0,0,1,0,0,0,0,0,0,0,0,4,-1,-1,Envestida (frontal lateral),-1,1,2,3,-1,2,1,18.54,1,2,0,26,12
1539,2011,0,2011-09-16,TV-3319,"SENIA, LA",Montsia,0,1,0,0,2,0,0,0,1,1,0,0,0,100.0,0.0,0,2,No n'hi ha,-1.0,3,3,0,0,0,0,0,0,1,0,0,0,0,0,4,-1,1,Caiguda en la via,-1,1,2,4,2,2,1,10.26,0,0,4,16,9
1540,2011,1,2011-03-17,SE,BARCELONA,Barcelones,3,0,1,0,3,0,0,0,2,0,1,0,0,100.0,0.0,0,-1,Carril bus,-1.0,3,3,1,0,0,0,0,0,0,0,0,0,0,1,4,3,1,Encalç,1,2,2,5,-1,2,1,11.5,0,2,3,17,3
1541,2011,0,2011-09-11,C-31B,VILA-SECA,Tarragones,0,0,1,0,1,0,0,0,0,1,0,0,0,100.0,0.0,0,3,No n'hi ha,-1.0,3,3,1,0,0,0,0,0,0,0,0,0,0,0,4,-1,1,Xoc contra objecte/obstacle sense sortida prèvia de via,-1,1,2,4,2,2,0,16.1,1,4,6,11,9
1542,2011,0,2011-07-10,SE,CASSA DE LA SELVA,Girones,1,0,3,1,1,0,0,0,0,0,1,0,0,40.0,0.0,0,0,No n'hi ha,-1.0,3,3,1,0,0,0,0,0,0,0,0,0,0,2,4,-1,1,Resta sortides de via,0,1,2,3,2,2,0,11.4,0,1,6,10,7
1543,2011,0,2011-08-24,T-310,REUS,Baix Camp,0,0,1,0,2,0,0,1,0,1,0,0,0,100.0,0.0,0,2,No n'hi ha,-1.0,3,0,1,0,0,0,0,0,0,0,0,0,1,1,4,4,0,Envestida (frontal lateral),0,1,2,4,2,2,1,13.39,0,2,2,24,8
1544,2011,1,2011-01-31,SE,CUBELLES,Garraf,3,0,1,1,1,0,0,0,0,1,0,0,0,20.0,0.0,0,-1,No n'hi ha,-1.0,3,3,1,0,-1,0,0,0,0,0,0,0,0,0,4,-1,-1,Xoc contra objecte/obstacle sense sortida prèvia de via,-1,2,2,5,-1,2,1,16.15,1,4,0,31,1
1545,2011,1,2011-03-29,SE,VALLROMANES,Valles Oriental,3,0,1,1,2,0,0,0,0,2,0,0,0,20.0,0.0,0,2,No n'hi ha,-1.0,3,3,1,0,0,0,0,0,0,0,0,0,1,1,4,5,1,Envestida (frontal lateral),1,2,2,5,-1,2,1,17.4,1,2,1,29,3
1546,2011,0,2011-04-21,L-702,ARTESA DE LLEIDA,Segria,2,0,1,0,3,2,0,0,0,1,0,0,0,100.0,0.0,0,2,No n'hi ha,-1.0,3,3,1,0,1,0,0,0,0,0,0,0,0,0,4,-1,1,Atropellament,-1,1,2,4,3,2,1,18.16,1,3,3,21,4
1547,2011,0,2011-08-29,C-31,REGENCOS,Baix Emporda,1,0,1,0,2,0,0,1,0,1,0,0,0,100.0,0.0,0,2,No n'hi ha,-1.0,3,3,1,0,0,0,0,0,0,0,0,0,0,0,3,-1,1,Fregament o col·lisió lateral,-1,1,2,4,2,2,1,2.45,2,2,0,29,8
1548,2011,0,2011-03-23,C-245,SANT BOI DE LLOBREGAT,Baix Llobregat,3,0,2,0,1,0,0,0,0,1,0,0,0,40.0,0.0,0,2,No n'hi ha,-1.0,3,3,1,0,0,0,0,0,0,0,0,0,0,2,0,4,1,Sortida de via amb bolcada,0,1,2,4,3,2,1,23.0,2,1,2,23,3
1549,2011,0,2011-02-23,N-II,CAPMANY,Alt Emporda,1,0,1,1,2,0,0,0,0,2,0,0,0,100.0,0.0,0,1,No n'hi ha,-1.0,3,3,1,0,0,0,0,0,0,0,0,0,0,0,3,-1,1,Col·lisió frontal,-1,1,2,4,1,0,1,3.53,2,2,2,23,2
1550,2011,1,2011-09-24,SE,BARCELONA,Barcelones,3,0,3,0,4,3,0,0,0,0,1,0,0,100.0,0.0,0,-1,No n'hi ha,-1.0,3,3,1,0,0,0,0,0,0,0,0,0,0,1,4,5,0,Atropellament,2,2,2,5,-1,2,0,16.43,1,3,5,24,9
1551,2011,0,2011-08-07,C-26,FORADADA,Noguera,2,0,1,1,2,0,0,0,0,2,0,0,0,100.0,0.0,0,0,No n'hi ha,-1.0,3,3,1,0,1,0,0,0,1,0,0,0,0,0,3,-1,1,Fregament o col·lisió lateral,-1,1,2,4,2,2,0,22.53,2,2,6,7,8
1552,2011,1,2011-02-18,SE,TARRAGONA,Tarragones,0,0,2,0,3,2,0,0,0,1,0,0,0,100.0,0.0,0,2,No n'hi ha,-1.0,3,3,1,0,0,0,0,0,1,0,0,0,0,0,4,-1,1,Atropellament,-1,2,2,5,-1,2,1,10.06,0,3,4,18,2
1553,2011,0,2011-11-24,BV-5303,SEVA,Osona,3,0,1,2,2,0,0,0,0,2,0,0,0,100.0,0.0,0,1,No n'hi ha,-1.0,3,3,1,0,0,0,0,0,0,0,0,0,0,0,4,-1,1,Envestida (frontal lateral),-1,1,2,4,3,2,1,13.4,0,2,3,24,11
1554,2011,1,2011-01-14,SE,MOLLET DEL VALLES,Valles Oriental,3,0,1,0,2,0,0,0,0,1,1,0,0,100.0,0.0,0,2,No n'hi ha,-1.0,3,3,1,0,0,0,0,0,0,0,0,0,0,0,2,-1,1,Xoc contra objecte/obstacle sense sortida prèvia de via,-1,2,2,5,-1,2,1,14.18,1,4,4,14,1
1555,2011,0,2011-02-12,N-260,ORDIS,Alt Emporda,1,0,1,0,2,0,0,0,1,1,0,0,0,100.0,0.0,0,2,Carril central,-1.0,3,3,1,0,0,0,0,0,0,0,0,0,0,1,4,4,1,Envestida (frontal lateral),1,1,2,4,1,2,0,11.08,0,2,5,12,2
1556,2011,1,2011-03-07,SE,CASTELLAR DEL VALLES,Valles Occidental,3,1,0,0,2,1,0,0,0,0,1,0,0,50.0,0.0,0,1,No n'hi ha,-1.0,3,1,0,-1,0,0,0,-1,0,0,0,0,-1,0,4,-1,1,Atropellament,-1,0,2,5,0,2,1,11.09,0,3,0,7,3
1557,2011,1,2011-06-21,SE,MATARO,Maresme,3,0,1,1,2,0,0,0,1,1,0,0,0,20.0,0.0,0,-1,No n'hi ha,-1.0,3,3,1,-1,0,0,0,-1,0,0,0,0,-1,1,4,4,1,Envestida (frontal lateral),0,2,2,5,-1,2,1,8.5,0,2,1,21,6
1558,2011,1,2011-07-24,SE,LLICA DE VALL,Valles Oriental,3,0,1,0,1,0,0,0,1,0,0,0,0,100.0,0.0,0,-1,No n'hi ha,-1.0,3,3,1,0,0,0,0,0,0,0,0,0,0,0,4,-1,-1,Xoc contra objecte/obstacle sense sortida prèvia de via,-1,2,2,5,-1,2,0,3.46,2,4,6,24,7
1559,2011,1,2011-10-05,SE,BARCELONA,Barcelones,3,0,1,3,2,0,0,1,0,0,1,0,0,100.0,0.0,0,-1,No n'hi ha,-1.0,3,3,1,0,0,0,0,0,0,0,0,0,0,1,4,2,1,Col·lisió frontal,0,2,2,5,-1,2,1,7.45,0,2,2,5,10
1560,2011,1,2011-05-19,SE,BARCELONA,Barcelones,3,0,1,0,2,0,0,0,1,1,0,0,0,100.0,0.0,0,-1,No n'hi ha,-1.0,3,3,1,0,0,0,0,0,0,0,0,0,1,0,4,-1,0,Envestida (frontal lateral),-1,2,2,5,-1,2,1,11.3,0,2,3,19,5
1561,2011,1,2011-01-14,SE,MANRESA,Bages,3,0,1,0,1,0,0,0,0,0,1,0,0,30.0,0.0,0,1,No n'hi ha,-1.0,3,3,1,-1,0,0,0,-1,0,0,0,0,-1,0,4,-1,1,Caiguda en la via,-1,2,1,5,4,2,0,16.28,1,0,4,14,1
1562,2011,0,2011-04-15,C-31,HOSPITALET DE LLOBREGAT,Barcelones,3,0,1,0,2,0,0,0,1,1,0,0,0,80.0,0.0,0,0,No n'hi ha,-1.0,3,3,1,0,0,0,0,0,0,0,0,0,0,0,5,-1,1,Encalç,-1,1,2,4,2,2,1,6.3,0,2,4,15,4
1563,2011,1,2011-09-06,SE,VILASSAR DE MAR,Maresme,3,0,1,0,2,0,0,0,1,1,0,0,0,100.0,0.0,0,2,No n'hi ha,-1.0,3,3,1,0,0,0,0,0,0,0,0,0,0,1,4,4,1,Col·lisió frontal,1,2,2,5,0,2,1,10.08,0,2,1,6,9
1564,2011,1,2011-12-01,SE,SANTA OLIVA,Baix Penedes,0,0,1,0,2,1,0,0,0,0,1,0,0,100.0,0.0,0,2,No n'hi ha,-1.0,3,3,1,0,0,0,0,0,0,0,0,0,0,0,4,-1,0,Atropellament,-1,2,2,5,-1,2,1,11.06,0,3,3,1,12
1565,2011,0,2011-09-19,C-14,ARTESA DE SEGRE,Noguera,2,0,1,0,2,0,1,0,0,1,0,0,0,90.0,0.0,0,2,No n'hi ha,-1.0,3,3,1,-1,0,0,0,-1,0,0,0,0,1,0,3,-1,1,Encalç,-1,1,2,4,2,2,1,5.08,2,2,0,19,9
1566,2011,1,2011-03-18,SE,ESPLUGUES DE LLOBREGAT,Baix Llobregat,3,0,1,0,2,0,0,0,1,0,1,0,0,20.0,0.0,0,2,No n'hi ha,-1.0,3,3,1,-1,0,0,0,-1,0,0,0,0,-1,0,4,-1,-1,Envestida (frontal lateral),-1,2,2,5,-1,2,1,11.3,0,2,4,18,3
1567,2011,1,2011-08-22,SE,SANT PERE DE RIBES,Garraf,3,0,1,1,2,0,0,0,1,0,1,0,0,40.0,0.0,0,2,No n'hi ha,-1.0,3,3,1,0,0,0,0,0,0,0,0,0,0,1,5,4,1,Caiguda en la via,0,2,2,5,2,2,1,1.32,2,0,0,22,8
1568,2011,0,2011-01-09,N-145,"VALLS DE VALIRA, LES",Alt Urgell,2,0,2,5,4,0,0,0,0,4,0,0,0,90.0,0.0,0,0,No n'hi ha,-1.0,1,3,1,-1,0,0,0,0,0,0,0,0,-1,0,3,-1,1,Fregament o col·lisió lateral,-1,1,0,4,1,1,0,19.0,1,2,6,9,1
1569,2011,1,2011-10-24,SE,LLORET DE MAR,Selva,1,0,1,0,1,0,0,0,1,0,0,0,0,40.0,0.0,0,2,No n'hi ha,-1.0,3,1,1,0,0,0,0,0,0,0,0,0,0,0,4,-1,1,Caiguda en la via,-1,0,2,5,-1,2,1,14.27,1,0,0,24,10
1570,2011,0,2011-08-25,TV-3422,ALFARA DE CARLES,Baix Ebre,0,0,2,0,2,1,0,1,0,0,0,0,0,100.0,0.0,0,1,No n'hi ha,-1.0,3,3,1,0,0,0,0,0,0,0,0,0,1,0,0,-1,1,Atropellament,-1,1,2,4,3,2,1,23.29,2,3,3,25,8
1571,2011,0,2011-02-27,C-63,"CELLERA DE TER, LA",Selva,1,0,1,5,2,0,0,0,0,2,0,0,0,100.0,0.0,0,1,No n'hi ha,-1.0,3,3,1,0,0,0,0,0,0,0,0,0,0,0,4,-1,1,Col·lisió frontal,-1,1,2,4,2,2,0,13.25,0,2,6,27,2
1572,2011,0,2011-08-10,BV-2041,BEGUES,Baix Llobregat,3,0,1,1,2,0,0,1,0,1,0,0,0,100.0,0.0,0,0,No n'hi ha,-1.0,3,3,1,0,0,0,0,0,1,0,0,0,0,0,3,-1,1,Caiguda en la via,-1,1,2,4,2,2,1,0.44,2,0,2,10,8
1573,2011,0,2011-03-15,C-252,GARRIGUELLA,Alt Emporda,1,0,1,0,2,0,0,1,0,1,0,0,0,40.0,0.0,0,2,No n'hi ha,-1.0,2,3,1,0,0,0,1,0,0,0,0,0,0,1,5,4,1,Envestida (frontal lateral),0,1,0,4,2,1,1,19.2,1,2,1,15,3
1574,2011,1,2011-12-06,SE,TERRASSA,Valles Occidental,3,0,1,0,3,0,0,0,1,2,0,0,0,100.0,0.0,0,-1,No n'hi ha,-1.0,3,3,1,0,0,0,0,0,0,0,0,0,0,0,4,-1,-1,Envestida (frontal lateral),-1,2,2,5,-1,2,1,14.2,1,2,1,6,12
1575,2011,1,2011-12-20,SE,BARCELONA,Barcelones,3,0,1,0,2,0,0,0,1,1,0,0,0,100.0,0.0,0,-1,No n'hi ha,-1.0,3,3,1,0,0,0,0,0,0,0,0,0,0,0,4,-1,0,Col·lisió frontal,-1,2,2,5,-1,2,1,15.45,1,2,1,20,12
1576,2011,1,2011-05-26,SE,LLEIDA,Segria,2,0,1,0,2,1,0,0,0,1,0,0,0,20.0,0.0,0,2,No n'hi ha,-1.0,3,3,1,-1,0,0,0,-1,0,0,0,0,-1,0,4,-1,1,Atropellament,-1,2,2,5,-1,2,1,15.03,1,3,3,26,5
1577,2011,1,2011-08-02,SE,BADALONA,Barcelones,3,0,1,0,2,0,0,0,1,1,0,0,0,100.0,0.0,0,-1,No n'hi ha,-1.0,3,3,1,0,0,0,0,0,0,0,0,0,0,1,4,5,0,Envestida (frontal lateral),1,2,2,5,-1,2,1,12.5,0,2,1,2,8
1578,2011,0,2011-12-31,B-224,SANT ESTEVE SESROVIRES,Baix Llobregat,3,0,3,2,3,0,0,0,0,3,0,0,0,60.0,0.0,0,2,No n'hi ha,-1.0,4,3,1,0,0,0,0,0,0,0,0,0,0,0,4,-1,1,Envestida (frontal lateral),-1,1,0,4,3,2,0,14.2,1,2,5,31,12
1579,2011,0,2011-06-18,N-145,"VALLS DE VALIRA, LES",Alt Urgell,2,0,1,0,2,0,1,0,0,1,0,0,0,60.0,0.0,0,1,No n'hi ha,0.0,3,3,1,0,0,0,0,0,0,0,0,0,0,1,4,5,1,Fregament o col·lisió lateral,3,1,2,4,1,2,0,11.42,0,2,5,18,6
1580,2011,1,2011-07-23,SE,ALP,Cerdanya,1,0,1,0,1,0,0,0,1,0,0,0,0,40.0,0.0,0,1,No n'hi ha,-1.0,3,3,1,0,0,0,0,0,0,0,0,0,0,0,4,-1,1,Caiguda en la via,-1,2,2,5,4,2,0,11.5,0,0,5,23,7
1581,2011,1,2011-08-04,SE,TARRAGONA,Tarragones,0,0,1,0,2,1,0,0,0,1,0,0,0,20.0,0.0,0,2,No n'hi ha,-1.0,3,3,1,-1,0,0,0,-1,0,0,0,0,-1,0,4,-1,0,Atropellament,-1,2,2,5,-1,2,1,11.25,0,3,3,4,8
1582,2011,1,2011-05-05,SE,BARCELONA,Barcelones,3,0,1,0,3,0,0,0,1,2,0,0,0,100.0,0.0,0,-1,No n'hi ha,-1.0,3,3,1,0,0,0,0,0,0,0,0,0,0,0,4,-1,0,Encalç,-1,2,2,5,-1,2,1,16.0,1,2,3,5,5
1583,2011,1,2011-08-11,SE,LLEIDA,Segria,2,0,1,0,2,0,0,1,0,0,1,0,0,100.0,0.0,0,3,No n'hi ha,-1.0,3,3,1,0,0,0,0,0,0,0,0,0,0,0,4,-1,-1,Xoc contra objecte/obstacle sense sortida prèvia de via,-1,2,2,5,-1,2,1,6.4,0,4,3,11,8
1584,2011,0,2011-07-30,C-58,VACARISSES,Valles Occidental,3,1,1,2,2,0,0,0,0,2,0,0,0,80.0,0.0,0,0,No n'hi ha,-1.0,3,3,0,0,0,0,0,0,0,0,0,0,0,0,4,-1,1,Envestida (frontal lateral),-1,1,2,4,2,2,0,17.5,1,2,5,30,7
1585,2011,0,2011-02-21,C-12,FLIX,Ribera d'Ebre,0,0,1,0,3,0,0,0,0,0,2,1,0,50.0,0.0,0,2,No n'hi ha,-1.0,3,3,1,0,0,0,0,0,0,0,0,0,0,1,4,4,1,Fregament o col·lisió lateral,0,1,2,4,2,2,1,17.05,1,2,0,21,2
1586,2011,1,2011-06-29,SE,BARCELONA,Barcelones,3,0,1,0,2,1,0,0,0,1,0,0,0,100.0,0.0,0,-1,No n'hi ha,-1.0,3,3,1,0,0,0,0,0,0,0,0,0,0,1,4,3,0,Atropellament,2,2,2,5,-1,2,1,12.11,0,3,2,29,6
1587,2011,1,2011-11-25,SE,BARCELONA,Barcelones,3,0,1,3,4,3,0,0,0,1,0,0,0,30.0,0.0,0,-1,No n'hi ha,0.0,3,3,1,0,0,1,0,0,0,1,0,0,0,1,5,3,1,Caiguda en la via,2,2,2,5,-1,2,1,7.5,0,0,4,25,11
1588,2011,1,2011-06-01,SE,"ALDEA, L'",Baix Ebre,0,0,1,0,2,0,1,0,0,1,0,0,0,100.0,0.0,0,2,No n'hi ha,-1.0,3,3,1,0,0,0,0,0,0,0,0,0,1,1,4,4,0,Fregament o col·lisió lateral,1,2,2,5,-1,2,1,19.46,1,2,2,1,6
1589,2011,1,2011-05-22,SE,SABADELL,Valles Occidental,3,0,1,4,3,2,0,0,0,1,0,0,0,100.0,0.0,0,-1,No n'hi ha,-1.0,3,3,1,0,0,0,0,0,0,0,0,0,0,0,4,-1,-1,Atropellament,-1,2,2,5,-1,2,0,13.45,0,3,6,22,5
1590,2011,1,2011-11-02,SE,PREMIA DE MAR,Maresme,3,0,1,0,2,0,0,0,1,1,0,0,0,40.0,0.0,0,1,No n'hi ha,-1.0,3,3,1,-1,0,0,0,-1,0,0,0,0,0,1,0,3,1,Envestida (frontal lateral),1,2,2,5,-1,2,1,20.3,1,2,2,2,11
1591,2011,0,2011-06-19,C-1415B,SANTA EULALIA DE RON,Valles Oriental,3,0,2,3,2,0,0,0,0,2,0,0,0,100.0,0.0,0,3,No n'hi ha,-1.0,3,3,1,0,0,0,0,0,0,0,0,0,0,0,4,-1,1,Envestida (frontal lateral),-1,1,2,4,3,2,0,17.0,1,2,6,19,6
1592,2011,1,2011-03-09,SE,ARTESA DE SEGRE,Noguera,2,0,1,0,2,0,0,1,0,0,1,0,0,100.0,0.0,0,2,No n'hi ha,-1.0,3,3,1,0,1,1,0,0,0,0,0,0,0,0,4,-1,1,Fregament o col·lisió lateral,-1,2,2,5,-1,2,1,13.2,0,2,2,9,3
1593,2011,1,2011-10-12,SE,CERDANYOLA DEL VALLES,Valles Occidental,3,0,1,0,2,1,0,0,0,1,0,0,0,20.0,0.0,0,2,No n'hi ha,-1.0,3,3,1,0,0,0,0,0,1,0,0,0,0,0,4,-1,0,Atropellament,-1,2,2,5,-1,2,1,16.2,1,3,2,12,10
1594,2011,0,2011-11-13,C-58,CASTELLBELL I EL VIL,Bages,3,1,4,1,2,0,0,0,0,2,0,0,0,60.0,0.0,0,2,No n'hi ha,-1.0,3,3,0,0,0,1,0,0,0,0,0,0,0,0,3,-1,1,Envestida (frontal lateral),-1,1,2,4,2,2,0,19.28,1,2,6,13,11
1595,2011,0,2011-10-26,GIV-5043,BIURE,Alt Emporda,1,0,1,0,2,0,1,0,0,1,0,0,0,100.0,0.0,0,0,No n'hi ha,-1.0,3,3,1,0,0,0,0,0,0,0,0,0,0,0,4,-1,1,Col·lisió frontal,-1,1,2,4,3,2,1,16.47,1,2,2,26,10
1596,2011,1,2011-04-06,SE,MATADEPERA,Valles Occidental,3,0,1,0,2,1,0,0,0,1,0,0,0,100.0,0.0,0,2,Carril central,-1.0,3,3,1,0,0,0,0,0,0,0,0,0,0,1,1,4,0,Atropellament,0,2,2,5,-1,2,1,20.4,1,3,2,6,4
1597,2011,0,2011-08-31,C-59,CASTELLTERCOL,Moianès,3,0,1,0,3,0,0,0,0,3,0,0,0,100.0,0.0,0,2,No n'hi ha,-1.0,3,3,1,0,0,0,0,0,0,0,0,0,0,1,4,5,1,Envestida (frontal lateral),1,1,2,4,2,2,1,20.1,1,2,2,31,8
1598,2011,0,2011-05-15,SE,VILA-SECA,Tarragones,0,0,1,0,1,0,0,0,1,0,0,0,0,100.0,0.0,0,2,No n'hi ha,-1.0,3,3,1,0,0,0,0,0,0,0,0,0,0,2,4,4,1,Sortida de via amb xoc o col·lisió,1,1,2,3,0,2,0,19.4,1,1,6,15,5
1599,2011,1,2011-10-04,SE,SANT JOAN DE VILATOR,Bages,3,0,1,0,2,0,0,0,0,0,2,0,0,40.0,0.0,0,2,No n'hi ha,-1.0,3,3,1,-1,0,0,0,-1,0,0,0,0,-1,1,4,4,0,Envestida (frontal lateral),2,2,2,5,-1,2,1,8.25,0,2,1,4,10
1600,2011,0,2011-06-22,T-331,ULLDECONA,Montsia,0,0,1,2,2,0,0,0,0,2,0,0,0,100.0,0.0,0,0,No n'hi ha,-1.0,3,3,1,0,0,0,0,0,0,0,0,0,0,0,4,-1,1,Col·lisió frontal,-1,1,2,4,3,2,1,20.41,1,2,2,22,6
1601,2011,0,2011-03-01,T-310,REUS,Baix Camp,0,0,1,0,2,1,0,0,0,1,0,0,0,40.0,0.0,0,1,Altres,-1.0,3,3,1,0,0,0,0,0,1,0,0,0,0,2,4,2,1,Atropellament,0,1,2,4,2,2,1,8.23,0,3,1,1,3
1602,2011,1,2011-08-12,SE,BARCELONA,Barcelones,3,0,1,0,2,0,0,0,1,1,0,0,0,100.0,0.0,0,-1,No n'hi ha,-1.0,3,3,1,0,0,0,0,0,0,0,0,0,0,0,4,-1,1,Encalç,-1,2,2,5,-1,2,0,17.2,1,2,4,12,8
1603,2011,0,2011-10-16,C-12,ALFES,Segria,2,0,1,1,2,0,0,0,2,0,0,0,0,100.0,0.0,0,2,No n'hi ha,-1.0,3,3,1,0,0,0,0,0,0,0,0,0,0,1,4,4,1,Fregament o col·lisió lateral,0,1,2,4,2,2,0,11.0,0,2,6,16,10
1604,2011,1,2011-02-04,SE,CUBELLES,Garraf,3,0,1,0,2,0,0,0,1,1,0,0,0,20.0,0.0,0,-1,No n'hi ha,-1.0,3,3,1,-1,0,0,0,-1,0,0,0,0,0,0,4,-1,1,Fregament o col·lisió lateral,-1,2,2,5,-1,2,1,14.21,1,2,4,4,2
1605,2011,1,2011-05-05,SE,HOSPITALET DE LLOBREGAT,Barcelones,3,0,1,0,2,0,0,0,1,1,0,0,0,20.0,0.0,0,-1,No n'hi ha,-1.0,3,3,1,-1,0,0,0,-1,0,0,0,0,-1,1,4,5,1,Envestida (frontal lateral),2,2,2,5,-1,2,1,14.56,1,2,3,5,5
1606,2011,1,2011-05-31,SE,BARCELONA,Barcelones,3,0,1,1,2,0,0,1,0,1,0,0,0,100.0,0.0,0,-1,No n'hi ha,-1.0,3,3,1,0,0,0,0,0,0,0,0,0,0,1,4,3,1,Fregament o col·lisió lateral,2,2,2,5,-1,2,1,14.15,1,2,1,31,5
1607,2011,0,2011-05-14,AP-7,"JONQUERA, LA",Alt Emporda,1,0,1,1,3,2,0,0,0,1,0,0,0,100.0,0.0,0,3,No n'hi ha,3.0,1,3,1,0,0,0,1,0,0,0,1,0,0,0,2,-1,1,Atropellament,-1,1,0,4,1,1,0,19.1,1,3,5,14,5
1608,2011,0,2011-06-25,C-26,ALGERRI,Noguera,2,0,1,1,1,0,0,0,0,1,0,0,0,100.0,0.0,0,3,No n'hi ha,-1.0,3,3,1,0,0,0,0,0,0,0,0,0,0,0,3,-1,1,Resta sortides de via,-1,1,2,4,2,2,0,2.56,2,1,5,25,6
1609,2011,1,2011-12-22,SE,OLOT,Garrotxa,1,0,1,0,2,1,0,0,0,0,1,0,0,100.0,0.0,0,2,No n'hi ha,-1.0,3,3,1,0,0,0,0,0,0,0,0,0,0,0,5,-1,1,Atropellament,-1,2,2,5,-1,2,1,18.05,1,3,3,22,12
1610,2011,0,2011-06-23,C-13,BALAGUER,Noguera,2,2,1,1,3,0,0,0,0,1,2,0,0,100.0,0.0,0,-1,No n'hi ha,-1.0,3,3,0,0,0,0,0,0,0,0,0,0,0,0,4,-1,-1,Col·lisió frontal,-1,1,2,4,-1,2,1,19.53,1,2,3,23,6
1611,2011,0,2011-01-16,L-500,BARRUERA,Alta Ribagorca,2,0,1,0,2,1,0,0,0,1,0,0,0,100.0,0.0,0,2,No n'hi ha,-1.0,3,3,1,0,0,0,0,0,0,0,0,0,0,0,1,-1,1,Atropellament,-1,1,2,4,2,2,0,18.0,1,3,6,16,1