,Year,Area,Date,Road,Municipality Name,County Name,Province Name,Fatalties,Serious Injuries,Light Injuries,Units Involved,Pedestrains Involved,Bicycles Involved,Mopeds Involved,Motorcycles,Light Vehicles Involved,Heavy Vehicles Involved,Other Units Involved,Unspecified Units Involved,Road Speed Limit,Accident with Hit and Run,Fog Presence,Surrounding Environment,Special Lane Presence,Special Traffic Measures,Weather Conditions,Special Road Functions,Severity of Accident,Influence of Fog,Influence of Environment,Influence of Traffic,Influence of Weather,Influence of Wind Intensity,Influence of Lighting,Influence of Special Measures,Influence of Road Objects,Influence of Road Surface,Influence of Visibility,Intersection Characteristics,Lighting Conditions,Traffic Regulation and Priority,Direction of Road,Subtype of Accident,Subtype of Road Section,Subzone within Area,Road Surface Conditions,Type of Road,Road Ownership,Wind Conditions,Day of the Week Grouping,Hour of Day,Time of Day Grouping,Type of Accident,Day Type,Day,Month
1612,2011,0,2011-05-01,SE,ALPICAT,Segria,2,0,1,1,3,0,0,1,0,2,0,0,0,100.0,0.0,0,1,No n'hi ha,-1.0,3,3,1,0,0,0,0,0,1,0,0,0,1,0,5,-1,1,Col·lisió frontal,-1,1,2,3,0,2,0,5.39,2,2,6,1,5
1613,2011,1,2011-07-16,SE,MONT-ROIG DEL CAMP,Baix Camp,0,0,2,1,2,0,0,0,0,2,0,0,0,100.0,0.0,0,2,No n'hi ha,-1.0,3,3,1,0,0,0,0,0,0,0,0,0,0,1,4,4,0,Envestida (frontal lateral),2,2,2,5,-1,2,0,11.25,0,2,5,16,7
1614,2011,1,2011-08-11,SE,SABADELL,Valles Occidental,3,0,1,0,2,0,0,0,1,1,0,0,0,100.0,0.0,0,-1,No n'hi ha,-1.0,3,3,1,0,0,0,0,0,0,0,0,0,0,0,4,-1,-1,Fregament o col·lisió lateral,-1,2,2,5,-1,2,1,17.28,1,2,3,11,8
1615,2011,1,2011-09-16,SE,BARCELONA,Barcelones,3,0,1,0,3,2,0,0,0,0,1,0,0,100.0,0.0,0,-1,Carril bus,-1.0,3,3,1,0,0,0,0,0,0,0,0,0,0,1,4,3,1,Atropellament,2,2,2,5,-1,2,0,17.5,1,3,4,16,9
1616,2011,1,2011-10-17,SE,BARCELONA,Barcelones,3,0,1,2,4,0,0,0,3,1,0,0,0,100.0,0.0,0,-1,No n'hi ha,-1.0,3,3,1,0,0,0,0,0,0,0,0,0,0,1,1,3,1,Col·lisió frontal,2,2,2,5,-1,2,1,7.35,0,2,0,17,10
1617,2011,1,2011-02-17,SE,MONTORNES DEL VALLES,Valles Oriental,3,0,1,0,2,1,0,0,0,1,0,0,0,100.0,0.0,0,2,No n'hi ha,-1.0,3,3,1,0,0,0,0,0,0,0,0,0,0,0,4,-1,1,Atropellament,-1,2,2,5,-1,2,1,10.0,0,3,3,17,2
1618,2011,0,2011-07-09,C-14,RIBERA D'URGELLET,Alt Urgell,2,0,1,0,1,0,1,0,0,0,0,0,0,100.0,0.0,0,1,No n'hi ha,-1.0,3,3,1,0,0,0,0,0,0,0,0,0,0,0,4,-1,1,Caiguda en la via,-1,1,2,4,2,2,0,13.1,0,0,5,9,7
1619,2011,0,2011-01-26,C-245,SANT BOI DE LLOBREGAT,Baix Llobregat,3,0,1,0,2,0,0,1,0,1,0,0,0,90.0,0.0,0,-1,No n'hi ha,-1.0,3,3,1,0,-1,0,0,0,0,0,0,0,0,1,4,4,0,Envestida (frontal lateral),0,1,2,4,0,2,1,9.55,0,2,2,26,1
1620,2011,1,2011-08-15,C-153,RODA DE TER,Osona,3,0,1,1,2,0,0,1,0,1,0,0,0,50.0,0.0,0,2,No n'hi ha,-1.0,3,1,1,0,0,0,0,0,0,0,0,0,0,1,0,-1,1,Envestida (frontal lateral),2,0,2,4,3,2,1,21.32,1,2,0,15,8
1621,2011,0,2011-05-14,C-1415B,SANTA EULALIA DE RON,Valles Oriental,3,0,1,0,3,0,0,1,0,2,0,0,0,100.0,0.0,0,3,No n'hi ha,-1.0,3,3,1,0,0,0,0,0,0,0,0,0,0,0,4,-1,1,Caiguda en la via,-1,1,2,4,3,2,0,12.3,0,0,5,14,5
1622,2011,0,2011-07-09,AP-7,SANT CELONI,Valles Oriental,3,0,1,1,2,0,0,0,0,1,1,0,0,120.0,0.0,0,2,No n'hi ha,-1.0,3,3,1,-1,0,0,0,-1,0,0,0,0,-1,0,4,-1,0,Encalç,-1,1,2,2,1,2,0,14.48,1,2,5,9,7
1623,2011,0,2011-02-24,N-240,"GARIDELLS, ELS",Alt Camp,0,0,1,0,1,0,0,0,0,1,0,0,0,100.0,0.0,0,2,No n'hi ha,-1.0,3,3,1,0,0,0,0,0,0,0,0,0,0,0,0,-1,1,Resta sortides de via,-1,1,2,4,1,2,1,1.15,2,1,3,24,2
1624,2011,1,2011-04-04,SE,BALAGUER,Noguera,2,1,0,1,3,2,0,0,0,0,1,0,0,40.0,0.0,0,2,No n'hi ha,-1.0,3,3,0,0,0,0,0,0,0,0,0,0,0,2,4,4,0,Atropellament,1,2,3,5,-1,2,1,11.45,0,3,0,4,4
1625,2011,1,2011-12-23,SE,BARCELONA,Barcelones,3,0,1,2,2,1,0,0,1,0,0,0,0,100.0,0.0,0,-1,No n'hi ha,-1.0,3,3,1,0,0,0,0,0,0,0,0,0,0,0,4,-1,1,Atropellament,-1,2,2,5,-1,2,1,13.34,0,3,4,23,12
1626,2011,1,2011-03-10,SE,BARCELONA,Barcelones,3,0,1,0,2,0,0,0,1,1,0,0,0,100.0,0.0,0,-1,No n'hi ha,-1.0,3,3,1,0,0,0,0,0,0,0,0,0,0,1,4,3,1,Envestida (frontal lateral),2,2,2,5,-1,2,1,18.2,1,2,3,10,3
1627,2011,0,2011-09-19,SE,ARTESA DE SEGRE,Noguera,2,0,1,0,2,0,1,0,0,1,0,0,0,100.0,0.0,0,1,No n'hi ha,-1.0,3,3,1,0,0,0,0,0,1,0,0,0,1,0,3,-1,1,Encalç,-1,1,2,3,2,2,1,5.08,2,2,0,19,9
1628,2011,0,2011-09-29,C-65,SANTA CRISTINA D'ARO,Baix Emporda,1,0,1,2,3,0,0,0,0,3,0,0,0,100.0,0.0,0,3,No n'hi ha,-1.0,3,3,1,0,0,0,0,0,0,0,0,0,0,0,3,-1,1,Fregament o col·lisió lateral,-1,1,2,4,3,2,1,6.48,0,2,3,29,9
1629,2011,1,2011-08-21,C-12B,ASCO,Ribera d'Ebre,0,0,1,0,2,0,0,0,1,1,0,0,0,100.0,0.0,0,2,No n'hi ha,-1.0,3,1,1,0,0,0,0,0,0,0,0,0,0,0,1,-1,1,Fregament o col·lisió lateral,-1,0,2,4,2,2,0,21.43,1,2,6,21,8
1630,2011,1,2011-08-26,SE,BARCELONA,Barcelones,3,2,0,0,3,2,0,0,0,1,0,0,0,100.0,0.0,0,-1,No n'hi ha,-1.0,3,3,0,0,0,0,0,0,0,0,0,0,1,1,4,5,0,Atropellament,1,2,2,5,-1,2,0,20.1,1,3,4,26,8
1631,2011,1,2011-02-03,SE,TARRAGONA,Tarragones,0,0,1,0,2,0,0,0,1,1,0,0,0,100.0,0.0,0,2,No n'hi ha,-1.0,3,1,1,0,0,0,0,0,0,0,0,0,0,0,4,-1,1,Fregament o col·lisió lateral,-1,0,2,5,-1,2,1,18.52,1,2,3,3,2
1632,2011,0,2011-04-15,GI-634,COLOMERS,Baix Emporda,1,0,1,0,1,0,0,0,0,1,0,0,0,100.0,0.0,0,1,No n'hi ha,-1.0,3,3,1,0,0,0,0,0,0,0,0,0,0,0,4,-1,1,Resta sortides de via,-1,1,2,4,3,2,1,13.42,0,1,4,15,4
1633,2011,1,2011-08-14,SE,BARCELONA,Barcelones,3,1,0,0,1,0,0,0,0,1,0,0,0,60.0,0.0,0,-1,No n'hi ha,-1.0,3,3,0,0,0,0,0,0,0,0,0,0,0,0,4,-1,0,Xoc contra objecte/obstacle sense sortida prèvia de via,-1,2,2,5,-1,2,0,7.5,0,4,6,14,8
1634,2011,1,2011-09-30,SE,SABADELL,Valles Occidental,3,0,1,0,2,0,0,0,1,1,0,0,0,100.0,0.0,0,-1,No n'hi ha,-1.0,3,3,1,0,0,0,0,0,0,0,0,0,0,0,4,-1,-1,Col·lisió frontal,-1,2,2,5,-1,2,0,20.15,1,2,4,30,9
1635,2011,1,2011-09-22,SE,MIRALCAMP,Pla d'Urgell,2,0,1,0,1,0,0,0,1,0,0,0,0,20.0,,0,2,No n'hi ha,-1.0,3,3,1,-1,0,0,0,-1,0,0,0,0,-1,0,4,-1,1,Resta sortides de via,-1,2,2,5,0,2,1,18.45,1,1,3,22,9
1636,2011,1,2011-02-21,SE,SOLSONA,Solsones,2,1,0,0,2,0,0,1,0,1,0,0,0,20.0,0.0,0,-1,No n'hi ha,-1.0,3,3,0,-1,0,0,0,-1,0,0,0,0,-1,1,5,5,1,Envestida (frontal lateral),2,2,2,5,-1,2,1,19.28,1,2,0,21,2
1637,2011,1,2011-06-14,SE,LLEIDA,Segria,2,0,1,0,2,1,0,0,0,1,0,0,0,100.0,0.0,0,-1,No n'hi ha,-1.0,3,3,1,0,0,0,0,0,0,0,0,0,0,0,4,-1,-1,Atropellament,-1,2,2,5,-1,2,1,17.45,1,3,1,14,6
1638,2011,0,2011-11-06,B-30,SANT CUGAT DEL VALLES,Valles Occidental,3,1,0,5,2,0,0,0,0,2,0,0,0,100.0,0.0,0,-1,No n'hi ha,-1.0,3,3,0,0,0,0,0,0,0,0,0,0,0,0,4,-1,-1,Sortida de via amb xoc o col·lisió,-1,1,2,4,-1,2,0,13.3,0,1,6,6,11
1639,2011,0,2011-06-26,C-51,RODONYA,Alt Camp,0,0,1,0,2,0,0,0,1,1,0,0,0,50.0,0.0,0,1,No n'hi ha,0.0,3,3,1,0,0,0,0,0,0,0,0,0,0,1,4,4,1,Envestida (frontal lateral),2,1,2,4,2,2,0,13.5,0,2,6,26,6
1640,2011,0,2011-09-14,A-7,CAMBRILS,Baix Camp,0,0,1,0,1,0,0,0,0,1,0,0,0,100.0,0.0,0,0,No n'hi ha,-1.0,3,3,1,-1,0,0,0,-1,0,0,0,0,-1,0,4,-1,1,Sortida de via amb bolcada,-1,1,2,1,1,2,1,13.55,0,1,2,14,9
1641,2011,1,2011-01-28,N-II,VILASSAR DE MAR,Maresme,3,0,1,0,3,1,0,0,0,2,0,0,0,100.0,0.0,0,2,No n'hi ha,-1.0,3,1,1,0,0,0,0,0,0,0,0,0,0,0,0,-1,1,Atropellament,-1,0,2,4,1,2,1,7.2,0,3,4,28,1
1642,2011,1,2011-01-14,SE,BARCELONA,Barcelones,3,1,0,0,2,0,0,0,1,1,0,0,0,100.0,0.0,0,-1,No n'hi ha,-1.0,3,3,0,0,0,0,0,0,0,0,0,0,0,1,4,3,1,Col·lisió frontal,2,2,2,5,-1,2,1,8.5,0,2,4,14,1
1643,2011,1,2011-06-28,SE,MANRESA,Bages,3,0,1,0,2,1,0,0,0,1,0,0,0,100.0,0.0,0,2,No n'hi ha,-1.0,3,3,1,0,0,0,0,0,0,0,0,0,0,0,4,-1,1,Atropellament,-1,2,2,5,-1,2,1,11.3,0,3,1,28,6
1644,2011,1,2011-07-13,SE,SANTA COLOMA DE CERV,Baix Llobregat,3,0,1,0,2,1,0,0,0,1,0,0,0,100.0,0.0,0,1,No n'hi ha,-1.0,3,3,1,0,0,0,0,0,0,0,0,0,0,1,5,5,0,Atropellament,1,2,2,5,0,2,1,22.3,2,3,2,13,7
1645,2011,1,2011-10-24,SE,ALELLA,Maresme,3,0,1,0,1,0,0,1,0,0,0,0,0,20.0,0.0,0,2,No n'hi ha,-1.0,3,3,1,-1,0,0,0,-1,0,0,0,0,-1,0,2,-1,0,Xoc contra objecte/obstacle sense sortida prèvia de via,-1,2,0,5,-1,2,1,10.45,0,4,0,24,10
1646,2011,0,2011-07-07,N-420,MORA LA NOVA,Ribera d'Ebre,0,0,1,0,1,0,0,0,0,1,0,0,0,100.0,0.0,0,2,No n'hi ha,-1.0,3,3,1,0,0,0,0,0,0,0,0,0,0,0,4,-1,1,Resta sortides de via,-1,1,2,4,1,2,1,16.2,1,1,3,7,7
1647,2011,0,2011-04-15,N-240,"BORGES BLANQUES, LES",Garrigues,2,3,0,2,3,0,0,0,0,3,0,0,0,100.0,0.0,0,-1,No n'hi ha,-1.0,3,3,0,0,0,0,0,0,0,0,0,0,0,0,4,-1,-1,Col·lisió frontal,-1,1,2,4,-1,2,1,12.41,0,2,4,15,4
1648,2011,1,2011-10-20,C-59,MOIA,Moianès,3,0,1,0,2,0,0,0,1,0,1,0,0,100.0,0.0,0,2,No n'hi ha,-1.0,3,1,1,0,0,0,0,0,0,0,0,0,0,2,4,3,1,Encalç,2,0,2,4,2,2,1,11.45,0,2,3,20,10
1649,2011,1,2011-06-30,SE,SABADELL,Valles Occidental,3,0,1,0,2,1,1,0,0,0,0,0,0,100.0,0.0,0,-1,No n'hi ha,-1.0,3,3,1,0,0,0,0,0,0,0,0,0,0,0,4,-1,-1,Atropellament,-1,2,2,5,-1,2,1,20.18,1,3,3,30,6
1650,2011,0,2011-05-22,T-224,LLORAC,Conca de Barbera,0,0,1,1,2,0,0,0,1,1,0,0,0,100.0,0.0,0,3,No n'hi ha,-1.0,3,3,1,0,0,0,0,0,0,0,0,0,0,0,4,-1,1,Envestida (frontal lateral),-1,1,2,4,3,2,0,10.37,0,2,6,22,5
1651,2011,1,2011-08-14,SE,LLORET DE MAR,Selva,1,0,1,0,2,1,0,0,1,0,0,0,0,100.0,0.0,0,-1,No n'hi ha,-1.0,3,3,1,0,0,0,0,0,0,0,0,0,0,0,4,-1,-1,Atropellament,-1,2,2,5,-1,2,0,0.1,2,3,6,14,8
1652,2011,1,2011-09-29,SE,BARCELONA,Barcelones,3,0,1,0,2,0,0,0,1,1,0,0,0,100.0,0.0,0,-1,No n'hi ha,-1.0,3,3,1,0,0,0,0,0,0,0,0,0,0,1,5,3,1,Envestida (frontal lateral),2,2,2,5,-1,2,1,1.1,2,2,3,29,9
1653,2011,1,2011-11-11,SE,TARREGA,Urgell,2,0,1,1,3,2,0,0,0,1,0,0,0,20.0,0.0,0,-1,No n'hi ha,-1.0,3,3,1,0,-1,0,0,0,0,0,0,0,0,0,4,-1,-1,Atropellament,-1,2,2,5,-1,2,1,10.42,0,3,4,11,11
1654,2011,0,2011-10-16,B-10,SANT ADRIA DE BESOS,Barcelones,3,0,2,2,2,0,0,0,0,2,0,0,0,80.0,0.0,0,0,No n'hi ha,-1.0,3,0,1,0,0,0,0,0,0,0,0,0,0,0,5,-1,1,Sortida de via amb xoc o col·lisió,-1,1,2,4,3,2,0,4.0,2,1,6,16,10
1655,2011,1,2011-05-12,SE,TARRAGONA,Tarragones,0,0,1,0,2,0,0,0,1,1,0,0,0,20.0,0.0,0,2,No n'hi ha,-1.0,3,1,1,-1,0,0,0,-1,0,0,0,0,-1,1,4,5,0,Fregament o col·lisió lateral,0,0,2,5,-1,2,1,9.3,0,2,3,12,5
1656,2011,0,2011-05-30,C-31,"PRAT DE LLOBREGAT, E",Baix Llobregat,3,1,0,0,2,1,0,0,0,1,0,0,0,100.0,0.0,0,2,Carril acceleració,-1.0,3,3,0,0,0,0,0,0,0,0,0,0,0,0,4,-1,1,Atropellament,-1,1,2,4,2,2,1,17.3,1,3,0,30,5
1658,2011,1,2011-03-17,SE,GIRONA,Girones,1,0,1,0,2,1,0,0,0,1,0,0,0,100.0,1.0,0,2,No n'hi ha,-1.0,3,3,1,0,0,0,0,0,0,0,0,0,0,2,1,3,0,Atropellament,2,2,2,5,-1,2,1,18.55,1,3,3,17,3
1659,2011,0,2011-02-07,C-31,BADALONA,Barcelones,3,0,1,0,2,0,0,0,1,1,0,0,0,80.0,0.0,0,1,No n'hi ha,,3,3,1,0,0,0,0,0,1,0,0,0,0,0,4,-1,1,Encalç,-1,1,2,4,2,2,1,13.0,0,2,0,7,2
1660,2011,1,2011-11-28,SE,BARCELONA,Barcelones,3,0,1,0,2,0,0,0,1,1,0,0,0,100.0,0.0,0,-1,No n'hi ha,-1.0,3,3,1,0,0,0,0,0,0,0,0,0,0,1,4,3,0,Envestida (frontal lateral),2,2,2,5,-1,2,1,15.45,1,2,0,28,11
1661,2011,0,2011-04-15,C-12,LLARDECANS,Segria,2,0,1,0,2,0,0,0,1,1,0,0,0,100.0,0.0,0,2,No n'hi ha,-1.0,3,3,1,0,0,0,0,0,0,0,0,0,1,1,4,4,1,Envestida (frontal lateral),0,1,2,4,2,2,0,17.42,1,2,4,15,4
1662,2011,0,2011-05-08,N-340,"PERELLO, EL",Baix Ebre,0,1,2,0,3,0,0,0,0,3,0,0,0,100.0,0.0,0,0,Carril avançament,-1.0,3,3,0,0,0,0,0,0,0,0,0,0,0,0,4,-1,1,Fregament o col·lisió lateral,-1,1,2,4,1,2,0,19.15,1,2,6,8,5
1663,2011,0,2011-06-18,B-432,ORISTA,Osona,3,1,0,0,2,0,0,0,1,1,0,0,0,100.0,0.0,0,1,No n'hi ha,-1.0,3,3,0,0,0,0,0,0,0,0,0,0,0,0,4,-1,1,Fregament o col·lisió lateral,-1,1,2,4,3,2,0,16.19,1,2,5,18,6
1664,2011,0,2011-10-23,T-344,AMPOSTA,Montsia,0,0,1,0,2,0,0,0,1,1,0,0,0,100.0,0.0,0,1,No n'hi ha,-1.0,3,3,1,0,0,0,0,0,0,0,0,0,0,0,4,-1,1,Fregament o col·lisió lateral,-1,1,2,4,2,2,0,16.16,1,2,6,23,10
1665,2011,0,2011-03-28,N-340,SUBIRATS,Alt Penedes,3,0,1,0,2,0,0,0,1,1,0,0,0,70.0,0.0,0,2,No n'hi ha,-1.0,3,3,1,0,0,0,0,0,0,0,0,0,0,0,4,-1,1,Encalç,-1,1,2,4,1,2,1,14.3,1,2,0,28,3
1666,2011,1,2011-02-14,SE,BARCELONA,Barcelones,3,0,1,2,2,1,0,0,1,0,0,0,0,100.0,0.0,0,-1,No n'hi ha,-1.0,3,3,1,0,0,0,0,0,0,0,0,0,0,1,5,3,0,Atropellament,2,2,0,5,-1,2,1,20.3,1,3,0,14,2
1667,2011,1,2011-11-15,SE,TERRASSA,Valles Occidental,3,0,1,0,1,1,0,0,0,0,0,0,0,100.0,1.0,0,-1,No n'hi ha,-1.0,3,3,1,0,0,0,1,0,0,0,0,0,0,0,4,-1,-1,Atropellament,-1,2,2,5,-1,2,1,18.0,1,3,1,15,11
1668,2011,0,2011-03-06,N-II,AGULLANA,Alt Emporda,1,0,1,0,1,0,0,0,0,1,0,0,0,100.0,0.0,0,3,No n'hi ha,-1.0,3,3,1,0,0,0,0,0,0,0,0,0,0,0,4,-1,1,Resta sortides de via,-1,1,2,4,1,2,0,18.2,1,1,6,6,3
1669,2011,1,2011-02-26,SE,BARCELONA,Barcelones,3,0,1,0,2,0,0,1,0,1,0,0,0,100.0,0.0,0,-1,No n'hi ha,-1.0,3,3,1,0,0,0,0,0,0,0,0,0,1,1,4,2,0,Envestida (frontal lateral),2,2,2,5,-1,2,0,18.15,1,2,5,26,2
1670,2011,1,2011-11-22,C-17z,SANT QUIRZE DE BESORA,Osona,3,0,1,0,2,0,0,0,0,1,1,0,0,50.0,0.0,0,2,Carril central,-1.0,1,1,1,0,0,0,0,0,0,0,0,0,0,1,2,3,1,Fregament o col·lisió lateral,2,0,0,4,2,2,1,14.09,1,2,1,22,11
1671,2011,1,2011-10-11,SE,MOLINS DE REI,Baix Llobregat,3,0,1,0,2,1,0,0,0,1,0,0,0,20.0,0.0,0,-1,No n'hi ha,-1.0,3,3,1,-1,0,0,0,-1,1,0,0,0,1,0,4,-1,0,Atropellament,-1,2,2,5,-1,2,1,16.57,1,3,1,11,10
1672,2011,0,2011-07-13,BV-5224,SANT PERE DE TORELLO,Osona,3,0,5,1,3,0,0,1,0,2,0,0,0,60.0,0.0,0,3,No n'hi ha,-1.0,3,3,1,0,0,0,1,0,0,0,0,0,0,0,3,-1,1,Fregament o col·lisió lateral,-1,1,2,4,3,2,1,22.34,2,2,2,13,7
1673,2011,0,2011-05-30,C-1415A,TERRASSA,Valles Occidental,3,0,1,0,1,0,0,0,0,0,1,0,0,100.0,0.0,0,1,No n'hi ha,-1.0,3,3,1,0,0,0,0,0,0,0,0,0,0,0,4,-1,1,Resta sortides de via,-1,1,2,4,3,2,1,13.36,0,1,0,30,5
1674,2011,1,2011-08-16,SE,BANYOLES,Pla de l'Estany,1,0,1,0,1,0,0,1,0,0,0,0,0,20.0,0.0,0,2,No n'hi ha,-1.0,3,3,1,0,0,0,0,0,0,0,0,0,0,1,5,4,0,Caiguda en la via,2,2,2,5,-1,2,1,21.5,1,0,1,16,8
1675,2011,1,2011-02-23,SE,BARCELONA,Barcelones,3,0,1,0,2,0,0,0,1,1,0,0,0,100.0,0.0,0,-1,No n'hi ha,-1.0,3,3,1,0,0,0,0,0,0,0,0,0,1,1,4,3,0,Fregament o col·lisió lateral,2,2,2,5,-1,2,1,17.4,1,2,2,23,2
1676,2011,0,2011-04-20,C-12,GARCIA,Ribera d'Ebre,0,3,1,2,2,0,0,0,0,1,1,0,0,100.0,0.0,0,-1,No n'hi ha,-1.0,3,3,0,0,0,0,0,0,0,0,0,0,0,0,4,-1,-1,Fregament o col·lisió lateral,-1,1,2,4,-1,2,1,18.2,1,2,2,20,4
1677,2011,0,2011-10-24,C-32,HOSPITALET DE LLOBREGAT,Barcelones,3,1,0,0,2,1,0,0,0,1,0,0,0,80.0,0.0,0,2,No n'hi ha,-1.0,2,0,0,0,0,0,1,0,0,0,0,0,0,0,0,-1,1,Atropellament,-1,1,0,4,2,1,1,4.45,2,3,0,24,10
1678,2011,0,2011-11-19,B-204,VILADECANS,Baix Llobregat,3,0,2,1,2,0,0,0,0,1,1,0,0,60.0,0.0,0,3,No n'hi ha,-1.0,3,3,1,0,0,0,0,0,0,0,0,0,0,0,2,-1,1,Col·lisió frontal,-1,1,2,4,3,2,0,7.45,0,2,5,19,11
1679,2011,0,2011-10-07,T-704,"ALEIXAR, L'",Baix Camp,0,0,1,1,2,0,0,0,1,1,0,0,0,50.0,0.0,0,2,No n'hi ha,-1.0,3,3,1,-1,0,0,0,-1,0,0,0,0,0,0,4,-1,1,Col·lisió frontal,-1,1,2,4,3,2,0,18.43,1,2,4,7,10
1680,2011,0,2011-12-16,C-37,VALLS,Alt Camp,0,0,1,0,2,0,0,0,0,1,1,0,0,50.0,0.0,0,2,No n'hi ha,-1.0,3,3,1,0,0,0,0,0,0,0,0,0,0,1,3,4,1,Envestida (frontal lateral),1,1,2,4,2,2,1,6.03,0,2,4,16,12
1681,2011,1,2011-06-02,SE,CASTELLAR DEL VALLES,Valles Occidental,3,0,1,0,2,0,0,1,0,1,0,0,0,20.0,,0,-1,No n'hi ha,-1.0,3,3,1,-1,0,0,0,-1,0,0,0,0,-1,0,4,-1,0,Xoc contra objecte/obstacle sense sortida prèvia de via,-1,2,2,5,-1,2,1,8.15,0,4,3,2,6
1682,2011,0,2011-01-16,C-55,CARDONA,Bages,3,0,2,0,1,0,0,0,0,1,0,0,0,100.0,0.0,0,3,No n'hi ha,-1.0,3,3,1,0,0,0,0,0,0,0,0,0,0,0,0,-1,1,Resta sortides de via,-1,1,2,4,2,2,0,21.05,1,1,6,16,1
1683,2011,0,2011-06-07,C-55,MANRESA,Bages,3,2,1,0,2,0,0,0,0,2,0,0,0,90.0,0.0,0,2,No n'hi ha,-1.0,1,3,0,0,0,0,1,0,0,0,0,0,0,0,2,-1,1,Envestida (frontal lateral),-1,1,0,4,2,2,1,18.55,1,2,1,7,6
1684,2011,0,2011-04-29,T-301,TORTOSA,Baix Ebre,0,0,1,0,1,0,0,0,1,0,0,0,0,100.0,0.0,0,2,No n'hi ha,-1.0,3,3,1,0,0,0,0,0,0,0,0,0,0,0,4,-1,1,Caiguda en la via,-1,1,2,4,3,2,0,19.25,1,0,4,29,4
1685,2011,0,2011-10-08,AP-7,VILADEMULS,Pla de l'Estany,1,0,1,2,3,0,0,0,2,1,0,0,0,120.0,0.0,0,2,No n'hi ha,-1.0,3,3,1,0,0,0,0,0,0,0,0,0,0,0,4,-1,0,Encalç,-1,1,2,4,4,2,0,9.54,0,2,5,8,10
1686,2011,0,2011-09-12,N-260,RIBERA D'URGELLET,Alt Urgell,2,0,1,0,1,0,0,0,1,0,0,0,0,70.0,0.0,0,1,No n'hi ha,-1.0,3,3,1,-1,0,0,0,-1,0,0,0,0,0,0,4,-1,1,Resta sortides de via,-1,1,2,4,1,2,1,15.5,1,1,0,12,9
1687,2011,1,2011-07-04,SE,PALAFRUGELL,Baix Emporda,1,0,1,1,2,0,0,0,1,1,0,0,0,20.0,0.0,0,-1,No n'hi ha,-1.0,3,3,1,-1,-1,0,0,-1,0,0,0,0,-1,1,4,4,-1,Envestida (frontal lateral),2,2,2,5,-1,2,1,16.15,1,2,0,4,7
1688,2011,1,2011-03-11,SE,BARCELONA,Barcelones,3,0,1,0,2,0,0,0,1,1,0,0,0,40.0,0.0,0,-1,No n'hi ha,-1.0,3,3,1,0,0,0,0,0,0,0,0,0,0,1,4,2,1,Caiguda en la via,1,2,2,5,-1,2,1,13.4,0,0,4,11,3
1689,2011,1,2011-11-07,SE,GRANOLLERS,Valles Oriental,3,0,1,0,2,0,0,0,1,1,0,0,0,100.0,0.0,0,2,No n'hi ha,-1.0,3,3,1,0,0,0,0,0,0,0,0,0,0,1,4,4,1,Envestida (frontal lateral),1,2,2,5,-1,2,1,16.15,1,2,0,7,11
1690,2011,1,2011-07-19,SE,VIC,Osona,3,0,1,0,2,0,0,1,0,1,0,0,0,20.0,0.0,0,2,No n'hi ha,-1.0,3,3,1,0,1,0,0,0,0,0,0,0,1,0,4,-1,1,Col·lisió frontal,-1,2,2,5,0,2,1,10.2,0,2,1,19,7
1691,2011,1,2011-08-08,SE,BARCELONA,Barcelones,3,0,1,0,1,0,0,0,0,1,0,0,0,100.0,0.0,0,-1,No n'hi ha,-1.0,3,3,1,0,0,0,0,0,0,0,0,0,0,0,4,-1,1,Resta sortides de via,-1,2,2,5,-1,2,1,17.5,1,1,0,8,8
1692,2011,1,2011-03-21,SE,VILADECANS,Baix Llobregat,3,0,1,0,2,1,0,0,0,1,0,0,0,20.0,0.0,0,-1,No n'hi ha,-1.0,3,3,1,-1,0,0,0,-1,0,0,0,0,0,1,4,2,1,Atropellament,2,2,2,5,-1,2,1,16.1,1,3,0,21,3
1693,2011,0,2011-08-13,GI-681,CALDES DE MALAVELLA,Selva,1,0,1,1,2,0,0,0,1,1,0,0,0,90.0,1.0,0,-1,No n'hi ha,-1.0,3,3,1,-1,0,0,0,-1,0,0,0,0,-1,0,3,-1,1,Caiguda en la via,-1,1,2,4,2,2,0,21.3,1,0,5,13,8
1694,2011,1,2011-04-05,SE,BARCELONA,Barcelones,3,0,1,2,2,0,0,0,0,2,0,0,0,40.0,0.0,0,-1,No n'hi ha,-1.0,3,3,1,0,0,0,0,0,0,0,0,0,0,0,4,-1,1,Col·lisió frontal,-1,2,2,5,-1,2,1,20.06,1,2,1,5,4
1695,2011,0,2011-09-17,N-260,MONTFERRER I CASTELLBO,Alt Urgell,2,0,1,0,1,0,0,0,1,0,0,0,0,40.0,0.0,0,1,No n'hi ha,-1.0,3,3,1,0,0,0,0,0,0,0,0,0,0,1,4,-1,1,Resta sortides de via,1,1,2,4,1,2,0,12.0,0,1,5,17,9
1696,2011,1,2011-06-07,SE,SABADELL,Valles Occidental,3,1,1,1,2,0,0,0,0,1,1,0,0,100.0,0.0,0,-1,No n'hi ha,-1.0,3,3,0,0,0,0,0,0,0,0,0,0,0,0,4,-1,-1,Envestida (frontal lateral),-1,2,2,5,-1,2,1,10.21,0,2,1,7,6