,Year,Area,Date,Road,Municipality Name,County Name,Province Name,Fatalties,Serious Injuries,Light Injuries,Units Involved,Pedestrains Involved,Bicycles Involved,Mopeds Involved,Motorcycles,Light Vehicles Involved,Heavy Vehicles Involved,Other Units Involved,Unspecified Units Involved,Road Speed Limit,Accident with Hit and Run,Fog Presence,Surrounding Environment,Special Lane Presence,Special Traffic Measures,Weather Conditions,Special Road Functions,Severity of Accident,Influence of Fog,Influence of Environment,Influence of Traffic,Influence of Weather,Influence of Wind Intensity,Influence of Lighting,Influence of Special Measures,Influence of Road Objects,Influence of Road Surface,Influence of Visibility,Intersection Characteristics,Lighting Conditions,Traffic Regulation and Priority,Direction of Road,Subtype of Accident,Subtype of Road Section,Subzone within Area,Road Surface Conditions,Type of Road,Road Ownership,Wind Conditions,Day of the Week Grouping,Hour of Day,Time of Day Grouping,Type of Accident,Day Type,Day,Month
1697,2011,1,2011-11-27,SE,OLESA DE MONTSERRAT,Baix Llobregat,3,0,1,0,1,0,0,0,0,0,0,1,0,100.0,0.0,0,2,No n'hi ha,-1.0,3,3,1,0,0,0,0,0,0,0,0,0,0,0,4,-1,1,Resta sortides de via,-1,2,2,5,-1,2,0,11.35,0,1,6,27,11
1698,2011,1,2011-04-16,SE,BARCELONA,Barcelones,3,0,1,0,2,0,0,0,1,0,1,0,0,100.0,0.0,0,-1,No n'hi ha,-1.0,3,3,1,0,0,0,0,0,0,0,0,0,0,1,4,3,1,Envestida (frontal lateral),2,2,2,5,-1,2,0,9.15,0,2,5,16,4
1699,2011,1,2011-07-02,SE,SANT CUGAT DEL VALLES,Valles Occidental,3,0,1,0,2,0,1,0,0,1,0,0,0,40.0,0.0,0,-1,No n'hi ha,-1.0,3,3,1,-1,-1,0,0,-1,0,0,0,0,-1,0,5,-1,-1,Col·lisió frontal,-1,2,2,5,-1,2,0,22.23,2,2,5,2,7
1700,2011,1,2011-12-27,SE,LLEIDA,Segria,2,0,1,0,2,1,0,0,0,1,0,0,0,20.0,0.0,1,2,No n'hi ha,-1.0,3,3,1,0,0,0,0,-1,0,0,0,0,-1,0,2,-1,-1,Atropellament,-1,2,0,5,-1,2,1,8.15,0,3,1,27,12
1701,2011,0,2011-08-27,BV-5114,SANT CELONI,Valles Oriental,3,0,1,3,2,0,0,1,0,1,0,0,0,100.0,0.0,0,3,No n'hi ha,-1.0,3,3,1,0,0,0,0,0,0,0,0,0,0,0,4,-1,1,Envestida (frontal lateral),-1,1,2,4,2,2,0,17.2,1,2,5,27,8
1702,2011,0,2011-10-03,SE,IVARS D'URGELL,Pla d'Urgell,2,0,1,0,2,0,0,0,0,0,2,0,0,100.0,0.0,0,3,No n'hi ha,-1.0,3,3,1,0,0,1,0,0,0,0,0,0,0,0,4,-1,1,Fregament o col·lisió lateral,-1,1,2,3,0,2,1,10.25,0,2,0,3,10
1703,2011,1,2011-04-05,SE,LLEIDA,Segria,2,0,1,0,3,1,0,0,0,2,0,0,0,100.0,0.0,0,-1,No n'hi ha,-1.0,3,3,1,0,0,0,0,0,0,0,0,0,0,0,4,-1,-1,Atropellament,-1,2,2,5,-1,2,1,18.1,1,3,1,5,4
1704,2011,1,2011-07-29,SE,BARCELONA,Barcelones,3,0,1,0,2,1,0,0,0,1,0,0,0,80.0,0.0,0,-1,No n'hi ha,-1.0,3,3,1,0,0,0,0,0,0,0,0,0,0,0,1,-1,1,Atropellament,-1,2,2,5,-1,2,0,21.24,1,3,4,29,7
1705,2011,1,2011-10-29,SE,LLEIDA,Segria,2,0,1,0,2,1,0,0,0,1,0,0,0,20.0,0.0,0,-1,No n'hi ha,-1.0,3,3,1,-1,0,0,0,-1,0,0,0,0,-1,0,4,-1,1,Atropellament,-1,2,2,5,-1,2,0,14.1,1,3,5,29,10
1706,2011,1,2011-12-31,SE,BARCELONA,Barcelones,3,0,1,0,2,0,0,0,2,0,0,0,0,100.0,0.0,0,-1,No n'hi ha,-1.0,3,3,1,0,0,0,0,0,0,0,0,0,0,0,5,-1,1,Encalç,-1,2,2,5,-1,2,0,1.05,2,2,5,31,12
1707,2011,1,2011-12-30,SE,ESPLUGUES DE LLOBREGAT,Baix Llobregat,3,0,1,0,1,0,0,0,1,0,0,0,0,20.0,0.0,0,-1,No n'hi ha,-1.0,3,3,1,-1,0,0,0,-1,0,0,0,0,-1,0,4,-1,0,Caiguda en la via,-1,2,2,5,-1,2,0,15.2,1,0,4,30,12
1708,2011,0,2011-10-05,C-31,HOSPITALET DE LLOBREGAT,Barcelones,3,0,1,3,9,0,0,0,1,8,0,0,0,80.0,0.0,0,2,No n'hi ha,,3,3,1,0,0,0,0,0,0,0,0,0,0,0,4,-1,1,Encalç,-1,1,2,4,2,2,1,13.3,0,2,2,5,10
1709,2011,0,2011-05-06,T-323,MONT-ROIG DEL CAMP,Baix Camp,0,0,1,0,1,0,0,1,0,0,0,0,0,90.0,0.0,0,-1,No n'hi ha,-1.0,3,3,1,-1,0,0,0,-1,0,0,0,0,-1,0,4,-1,1,Caiguda en la via,-1,1,2,4,3,2,0,15.3,1,0,4,6,5
1710,2011,1,2011-04-11,SE,VIC,Osona,3,0,1,0,2,1,0,0,0,1,0,0,0,100.0,0.0,0,2,No n'hi ha,-1.0,3,3,1,0,0,0,0,0,0,0,0,0,0,0,4,-1,1,Atropellament,-1,2,2,5,-1,2,1,14.55,1,3,0,11,4
1711,2011,1,2011-03-30,SE,GIRONA,Girones,1,1,0,0,2,1,0,0,0,0,1,0,0,100.0,0.0,0,2,No n'hi ha,-1.0,3,3,0,0,0,0,0,0,0,0,0,0,0,0,4,-1,1,Atropellament,-1,2,2,5,-1,2,1,19.18,1,3,2,30,3
1712,2011,1,2011-06-26,SE,BARCELONA,Barcelones,3,0,2,0,1,0,0,0,1,0,0,0,0,30.0,0.0,0,-1,No n'hi ha,0.0,3,3,1,0,0,0,0,0,0,0,0,0,0,0,5,-1,1,Xoc contra objecte/obstacle sense sortida prèvia de via,-1,2,2,5,-1,2,0,2.0,2,4,6,26,6
1713,2011,1,2011-11-25,SE,REUS,Baix Camp,0,0,1,1,3,2,0,0,0,1,0,0,0,100.0,0.0,0,-1,No n'hi ha,-1.0,3,3,1,0,0,0,0,0,0,0,0,0,0,0,4,-1,-1,Atropellament,-1,2,2,5,-1,2,1,10.45,0,3,4,25,11
1714,2011,0,2011-10-28,SE,GANDESA,Terra Alta,0,0,1,0,2,0,0,0,0,1,1,0,0,100.0,0.0,0,2,No n'hi ha,-1.0,3,3,1,0,0,0,0,0,0,0,0,0,0,0,4,-1,0,Fregament o col·lisió lateral,-1,1,2,3,0,2,0,16.0,1,2,4,28,10
1715,2011,0,2011-04-10,C-13,LLAVORSI,Pallars Sobira,2,0,1,0,1,0,1,0,0,0,0,0,0,100.0,0.0,0,3,No n'hi ha,-1.0,3,3,1,0,0,0,0,0,0,0,0,0,0,0,4,-1,1,Caiguda en la via,-1,1,2,4,2,2,0,19.0,1,0,6,10,4
1716,2011,1,2011-04-13,SE,ALMACELLES,Segria,2,0,1,0,2,1,0,0,0,1,0,0,0,100.0,0.0,0,2,No n'hi ha,-1.0,3,3,1,0,1,0,0,0,0,0,0,0,1,1,4,2,1,Atropellament,2,2,2,5,-1,2,1,13.27,0,3,2,13,4
1717,2011,0,2011-08-12,N-240,LLEIDA,Segria,2,0,4,1,3,0,0,0,0,2,1,0,0,100.0,0.0,0,2,No n'hi ha,-1.0,3,3,1,0,0,0,0,0,0,0,0,0,0,0,4,-1,1,Encalç,-1,1,2,4,1,2,1,11.15,0,2,4,12,8
1718,2011,0,2011-10-08,C-51,ALBINYANA,Baix Penedes,0,0,1,0,2,1,0,0,0,1,0,0,0,50.0,0.0,0,2,No n'hi ha,-1.0,3,3,1,0,0,0,0,0,1,0,0,0,1,0,5,-1,1,Atropellament,-1,1,2,4,2,2,0,20.17,1,3,5,8,10
1719,2011,1,2011-02-16,SE,SANT VICENC DELS HORTS,Baix Llobregat,3,0,1,0,2,0,0,0,1,1,0,0,0,50.0,0.0,0,2,No n'hi ha,-1.0,3,3,1,-1,0,0,0,-1,0,0,0,0,0,0,4,-1,1,Envestida (frontal lateral),-1,2,2,5,-1,2,1,15.25,1,2,2,16,2
1720,2011,0,2011-05-14,C-16,VACARISSES,Valles Occidental,3,0,1,1,1,0,0,0,0,1,0,0,0,60.0,0.0,0,2,Carril d'alentiment,-1.0,3,3,1,0,0,0,0,0,0,0,0,0,0,1,5,-1,0,Resta sortides de via,3,1,2,4,2,2,0,4.05,2,1,5,14,5
1721,2011,1,2011-06-06,SE,TERRASSA,Valles Occidental,3,0,1,0,2,0,0,0,0,2,0,0,0,20.0,0.0,0,2,No n'hi ha,-1.0,3,3,1,-1,0,0,0,-1,0,0,0,0,-1,0,4,-1,0,Encalç,-1,2,2,5,-1,2,1,20.4,1,2,0,6,6
1722,2011,1,2011-04-29,SE,RUBI,Valles Occidental,3,0,1,0,2,0,0,0,1,1,0,0,0,100.0,0.0,0,1,No n'hi ha,-1.0,3,3,1,0,0,0,0,0,0,0,0,0,0,1,4,4,1,Envestida (frontal lateral),0,2,2,5,2,2,1,14.15,1,2,4,29,4
1723,2011,0,2011-08-31,N-340,"AMPOLLA, L'",Baix Ebre,0,1,0,1,2,0,0,0,0,1,1,0,0,100.0,0.0,0,2,No n'hi ha,-1.0,3,3,0,0,0,0,0,0,0,0,0,0,0,0,4,-1,1,Envestida (frontal lateral),-1,1,2,4,1,2,1,9.41,0,2,2,31,8
1724,2011,1,2011-07-30,SE,SABADELL,Valles Occidental,3,1,0,0,2,1,0,0,0,1,0,0,0,100.0,0.0,0,-1,No n'hi ha,-1.0,3,3,0,0,0,0,0,0,0,0,0,0,0,0,4,-1,-1,Atropellament,-1,2,2,5,-1,2,0,12.36,0,3,5,30,7
1725,2011,0,2011-03-30,C-17,"GARRIGA, LA",Valles Oriental,3,0,1,1,1,0,0,0,0,1,0,0,0,100.0,0.0,0,3,No n'hi ha,-1.0,3,3,1,0,0,0,0,0,0,0,0,0,0,0,3,-1,1,Resta sortides de via,-1,1,2,4,2,2,1,4.3,2,1,2,30,3
1726,2011,1,2011-06-20,SE,LLEIDA,Segria,2,0,1,0,2,1,0,0,0,1,0,0,0,100.0,0.0,0,2,No n'hi ha,-1.0,3,3,1,0,0,0,0,0,0,0,0,0,0,0,4,-1,1,Atropellament,-1,2,2,5,-1,2,1,14.3,1,3,0,20,6
1727,2011,0,2011-03-13,C-25,ESTARAS,Segarra,2,0,5,9,7,0,0,0,0,6,1,0,0,100.0,0.0,1,3,No n'hi ha,-1.0,3,3,1,1,0,0,0,0,1,0,0,0,0,0,3,-1,1,Col·lisió frontal,-1,1,2,4,2,2,0,6.08,0,2,6,13,3
1728,2011,1,2011-01-07,SE,MATARO,Maresme,3,0,1,0,2,1,0,0,0,1,0,0,0,20.0,0.0,0,2,No n'hi ha,-1.0,3,3,1,0,0,0,0,0,0,0,0,0,0,1,4,3,0,Atropellament,1,2,2,5,-1,2,1,10.0,0,3,4,7,1
1729,2011,0,2011-04-19,N-260,RIBERA D'URGELLET,Alt Urgell,2,0,1,0,1,0,0,0,1,0,0,0,0,70.0,0.0,0,1,No n'hi ha,-1.0,3,3,1,-1,0,0,0,-1,0,0,0,0,-1,0,4,-1,1,Caiguda en la via,-1,1,2,4,1,2,1,18.3,1,0,1,19,4
1730,2011,1,2011-01-22,SE,MANRESA,Bages,3,0,1,1,3,0,0,1,0,2,0,0,0,100.0,1.0,0,2,No n'hi ha,-1.0,3,3,1,0,0,0,0,0,0,0,0,0,0,0,5,-1,1,Encalç,-1,2,2,5,-1,2,0,21.15,1,2,5,22,1
1731,2011,1,2011-09-28,SE,TERRASSA,Valles Occidental,3,0,1,0,2,1,0,0,0,1,0,0,0,100.0,0.0,0,-1,No n'hi ha,-1.0,3,3,1,0,0,0,0,0,0,0,0,0,0,0,4,-1,-1,Atropellament,-1,2,2,5,-1,2,1,19.2,1,3,2,28,9
1732,2011,1,2011-08-04,SE,BARCELONA,Barcelones,3,1,1,0,2,1,0,0,1,0,0,0,0,100.0,0.0,0,-1,No n'hi ha,-1.0,3,3,0,0,0,0,0,0,0,0,0,0,0,0,4,-1,0,Atropellament,-1,2,2,5,-1,2,1,19.18,1,3,3,4,8
1733,2011,1,2011-04-20,SE,MATARO,Maresme,3,0,1,0,2,1,0,0,0,1,0,0,0,20.0,0.0,0,-1,No n'hi ha,-1.0,3,3,1,-1,0,0,0,-1,0,0,0,0,-1,0,4,-1,1,Atropellament,-1,2,2,5,-1,2,1,18.5,1,3,2,20,4
1734,2011,0,2011-08-19,N-II,FIGUERES,Alt Emporda,1,0,1,0,1,0,0,0,0,0,1,0,0,100.0,0.0,0,3,No n'hi ha,-1.0,3,2,1,0,0,0,0,0,0,0,0,0,0,0,4,-1,1,Altres,-1,1,2,4,1,2,1,12.0,0,5,4,19,8
1735,2011,1,2011-08-16,SE,SANT ADRIA DE BESOS,Barcelones,3,0,1,0,2,1,0,0,0,1,0,0,0,100.0,1.0,0,2,No n'hi ha,-1.0,3,3,1,0,0,0,0,0,0,0,0,0,0,0,4,-1,1,Atropellament,-1,2,2,5,-1,2,1,19.5,1,3,1,16,8
1736,2011,0,2011-10-16,B-124,SANT LLORENC SAVALL,Valles Occidental,3,0,1,0,2,0,1,0,0,1,0,0,0,100.0,0.0,0,1,No n'hi ha,-1.0,3,3,1,0,0,0,0,0,0,0,0,0,0,0,4,-1,1,Fregament o col·lisió lateral,-1,1,2,4,2,2,0,12.0,0,2,6,16,10
1737,2011,1,2011-09-13,SE,BANYOLES,Pla de l'Estany,1,0,1,0,2,0,1,0,0,1,0,0,0,100.0,0.0,0,2,No n'hi ha,-1.0,3,3,1,0,0,0,0,0,0,0,0,0,0,1,4,4,0,Envestida (frontal lateral),2,2,2,5,-1,2,1,9.25,0,2,1,13,9
1738,2011,0,2011-09-24,BV-5011,MONTCADA I REIXAC,Valles Occidental,3,0,1,0,1,0,0,0,0,1,0,0,0,100.0,0.0,0,0,No n'hi ha,-1.0,3,3,1,0,0,0,0,0,0,0,0,0,0,0,2,-1,1,Resta sortides de via,-1,1,2,4,3,2,0,14.3,1,1,5,24,9
1739,2011,0,2011-11-16,N-420,"GUIAMETS, ELS",Priorat,0,1,0,0,1,0,0,0,0,1,0,0,0,100.0,0.0,0,0,No n'hi ha,-1.0,3,3,0,0,1,0,0,0,0,0,0,0,0,0,4,-1,1,Sortida de via amb bolcada,-1,1,2,4,1,2,1,16.0,1,1,2,16,11
1740,2011,0,2011-01-07,C-59,SAN FELIU DE CODINES,Valles Oriental,3,0,2,0,3,0,0,0,0,3,0,0,0,80.0,0.0,0,3,No n'hi ha,-1.0,3,3,1,0,0,0,0,0,0,0,0,0,0,0,4,-1,1,Col·lisió frontal,-1,1,2,4,2,2,1,9.2,0,2,4,7,1
1741,2011,0,2011-04-11,N-II,GIRONA,Girones,1,0,1,0,4,0,0,0,0,3,1,0,0,100.0,0.0,0,1,No n'hi ha,-1.0,3,2,1,0,0,0,0,0,0,0,0,0,0,0,4,-1,1,Encalç,-1,1,2,4,1,2,1,12.13,0,2,0,11,4
1742,2011,1,2011-11-22,SE,BARCELONA,Barcelones,3,0,1,0,2,1,0,0,0,0,1,0,0,100.0,0.0,0,-1,Carril bus,-1.0,3,3,1,0,0,0,0,0,0,0,0,0,1,1,5,2,0,Atropellament,2,2,2,5,-1,2,1,18.5,1,3,1,22,11
1743,2011,0,2011-02-16,C-245,SANT BOI DE LLOBREGAT,Baix Llobregat,3,1,0,0,2,0,0,0,1,0,1,0,0,100.0,0.0,0,0,No n'hi ha,-1.0,3,3,0,0,0,0,0,0,0,0,0,0,0,0,4,-1,1,Fregament o col·lisió lateral,-1,1,2,4,2,2,1,15.4,1,2,2,16,2
1744,2011,1,2011-01-28,SE,TARREGA,Urgell,2,1,0,0,2,1,0,0,0,0,1,0,0,20.0,0.0,0,2,No n'hi ha,-1.0,1,3,0,-1,0,0,0,-1,0,0,0,0,0,0,5,-1,1,Atropellament,-1,2,0,5,-1,2,0,18.37,1,3,4,28,1
1745,2011,1,2011-06-22,N-II,SANT ANDREU DE LLAVANERES,Maresme,3,0,1,0,2,1,0,0,0,1,0,0,0,50.0,0.0,0,2,No n'hi ha,-1.0,3,1,1,0,0,0,0,0,0,0,0,0,0,0,4,-1,1,Atropellament,-1,0,2,4,1,2,1,17.15,1,3,2,22,6
1746,2011,1,2011-01-21,SE,TARRAGONA,Tarragones,0,0,1,2,5,0,0,0,1,4,0,0,0,50.0,0.0,0,2,No n'hi ha,0.0,3,3,1,0,0,0,0,0,0,0,0,0,0,0,4,-1,1,Encalç,-1,2,2,5,1,2,1,10.5,0,2,4,21,1
1747,2011,1,2011-09-09,SE,CADAQUES,Alt Emporda,1,0,1,0,2,0,0,0,1,1,0,0,0,20.0,0.0,0,2,No n'hi ha,-1.0,3,3,1,-1,0,0,0,-1,0,0,0,0,-1,1,4,4,1,Envestida (frontal lateral),2,2,2,5,-1,2,1,9.28,0,2,4,9,9
1748,2011,1,2011-02-04,SE,VIC,Osona,3,0,1,0,2,1,0,0,0,1,0,0,0,100.0,0.0,0,2,No n'hi ha,-1.0,3,3,1,0,0,0,0,0,0,0,0,0,0,0,4,-1,1,Atropellament,-1,2,2,5,-1,2,1,7.45,0,3,4,4,2
1749,2011,1,2011-03-08,SE,BARCELONA,Barcelones,3,0,1,0,1,0,0,0,1,0,0,0,0,50.0,0.0,0,-1,No n'hi ha,-1.0,3,3,1,0,0,0,0,0,0,0,0,0,0,1,1,2,0,Xoc contra objecte/obstacle sense sortida prèvia de via,0,2,2,5,-1,2,1,20.3,1,4,1,8,3
1750,2011,0,2011-06-01,C-14,PINELL DE SOLSONES,Solsones,2,0,1,3,1,0,0,0,0,1,0,0,0,90.0,0.0,0,1,No n'hi ha,-1.0,3,3,1,0,0,0,0,0,0,0,0,0,0,0,4,-1,1,Resta sortides de via,-1,1,2,4,2,2,1,15.4,1,1,2,1,6
1751,2011,1,2011-03-28,SE,BLANES,Selva,1,0,1,0,2,1,0,0,0,1,0,0,0,30.0,0.0,0,-1,No n'hi ha,-1.0,3,3,1,-1,0,0,0,-1,0,0,0,0,0,0,4,-1,1,Atropellament,-1,2,2,5,-1,2,1,10.55,0,3,0,28,3
1752,2011,1,2011-08-30,SE,SABADELL,Valles Occidental,3,0,1,0,2,1,0,0,0,1,0,0,0,100.0,0.0,0,-1,No n'hi ha,-1.0,3,3,1,0,0,0,0,0,0,0,0,0,0,0,4,-1,-1,Atropellament,-1,2,2,5,-1,2,1,12.52,0,3,1,30,8
1753,2011,0,2011-11-04,C-58,TERRASSA,Valles Occidental,3,0,1,1,3,0,0,0,0,1,2,0,0,60.0,0.0,0,1,No n'hi ha,-1.0,1,3,1,0,0,0,1,0,0,0,0,0,0,2,2,-1,1,Envestida (frontal lateral),3,1,0,4,2,2,1,13.15,0,2,4,4,11
1754,2011,1,2011-04-09,SE,TERRASSA,Valles Occidental,3,0,1,0,2,0,0,0,1,1,0,0,0,100.0,0.0,0,2,No n'hi ha,-1.0,3,3,1,0,0,0,0,0,0,0,0,0,0,1,4,4,0,Envestida (frontal lateral),2,2,2,5,-1,2,0,17.25,1,2,5,9,4
1755,2011,0,2011-08-31,C-15,VILANOVA I LA GELTRU,Garraf,3,1,0,0,2,0,0,1,0,1,0,0,0,40.0,0.0,0,2,No n'hi ha,0.0,3,3,0,0,0,0,0,0,0,0,0,0,0,0,4,-1,1,Envestida (frontal lateral),-1,1,2,4,2,2,1,7.0,0,2,2,31,8
1756,2011,1,2011-04-20,SE,BADALONA,Barcelones,3,0,1,0,1,0,0,0,1,0,0,0,0,100.0,0.0,0,-1,No n'hi ha,-1.0,3,3,1,0,0,0,0,0,0,0,1,0,0,0,4,-1,0,Caiguda en la via,-1,2,2,5,-1,2,1,17.24,1,0,2,20,4
1757,2011,0,2011-01-12,C-31E,MATARO,Maresme,3,0,1,2,2,0,0,0,1,1,0,0,0,100.0,0.0,0,2,No n'hi ha,-1.0,3,3,1,0,0,0,0,0,0,0,0,0,0,0,4,-1,1,Encalç,-1,1,2,4,2,2,1,11.0,0,2,2,12,1
1758,2011,0,2011-07-16,C-233,BOVERA,Garrigues,2,0,1,0,1,0,0,0,1,0,0,0,0,100.0,0.0,0,2,No n'hi ha,-1.0,3,3,1,0,1,0,0,0,0,0,0,0,0,0,4,-1,1,Caiguda en la via,-1,1,2,4,2,2,0,10.55,0,0,5,16,7
1759,2011,0,2011-11-02,C-58,SANT QUIRZE DEL VALLES,Valles Occidental,3,0,2,3,3,0,0,0,0,3,0,0,0,100.0,0.0,0,2,No n'hi ha,-1.0,3,3,1,0,0,0,0,0,0,0,0,0,0,0,4,-1,1,Encalç,-1,1,2,4,2,2,1,14.05,1,2,2,2,11
1760,2011,1,2011-03-26,SE,SABADELL,Valles Occidental,3,0,1,0,2,1,0,0,0,1,0,0,0,100.0,0.0,0,-1,No n'hi ha,-1.0,3,3,1,0,0,0,0,0,0,0,0,0,1,0,4,-1,-1,Atropellament,-1,2,2,5,-1,2,0,12.12,0,3,5,26,3
1761,2011,0,2011-05-18,N-II,PALAFOLLS,Maresme,3,0,1,0,1,0,0,0,1,0,0,0,0,40.0,0.0,0,2,No n'hi ha,-1.0,3,3,1,0,0,0,0,0,1,0,0,0,0,2,1,4,1,Caiguda en la via,0,1,2,4,1,2,1,20.05,1,0,2,18,5
1762,2011,1,2011-08-09,SE,BARCELONA,Barcelones,3,0,1,0,1,0,0,0,1,0,0,0,0,100.0,0.0,0,-1,Habilitació voral/carril addicional,-1.0,3,3,1,0,0,0,0,0,0,0,0,0,0,0,5,-1,1,Xoc contra objecte/obstacle sense sortida prèvia de via,-1,2,2,5,-1,2,1,21.48,1,4,1,9,8
1763,2011,0,2011-02-19,C-35,SANT CELONI,Valles Oriental,3,0,1,0,2,0,0,0,1,1,0,0,0,70.0,0.0,0,2,No n'hi ha,-1.0,3,3,1,0,0,0,0,0,0,0,0,0,0,1,4,4,1,Col·lisió frontal,1,1,2,4,2,2,0,12.03,0,2,5,19,2
1764,2011,0,2011-03-30,N-260,"SEU D'URGELL, LA",Alt Urgell,2,0,1,0,1,0,0,0,0,1,0,0,0,50.0,0.0,0,3,No n'hi ha,-1.0,3,3,1,0,0,0,0,0,1,0,0,0,0,0,4,-1,1,Resta sortides de via,-1,1,2,4,1,2,1,14.0,1,1,2,30,3
1765,2011,0,2011-10-17,C-58,SANT QUIRZE DEL VALLES,Valles Occidental,3,0,1,0,3,0,0,0,1,2,0,0,0,100.0,0.0,0,1,No n'hi ha,-1.0,3,3,1,0,0,1,0,0,0,0,0,0,0,0,4,-1,1,Envestida (frontal lateral),-1,1,2,4,2,2,1,8.35,0,2,0,17,10
1766,2011,0,2011-10-31,AP-7,SUBIRATS,Alt Penedes,3,0,1,1,2,0,0,0,0,1,1,0,0,100.0,0.0,0,3,No n'hi ha,-1.0,3,3,1,0,0,0,0,0,0,0,0,0,0,0,4,-1,1,Encalç,-1,1,2,4,1,2,1,15.4,1,2,0,31,10
1767,2011,0,2011-03-06,GI-400,ALP,Cerdanya,1,0,1,0,2,0,0,0,0,2,0,0,0,40.0,0.0,0,0,No n'hi ha,-1.0,3,3,1,0,1,0,0,0,0,0,0,0,0,0,4,-1,1,Envestida (frontal lateral),-1,1,2,4,2,2,0,9.05,0,2,6,6,3
1768,2011,1,2011-12-06,SE,SARRIA DE TER,Girones,1,0,1,0,2,1,0,0,0,1,0,0,0,100.0,0.0,0,2,No n'hi ha,-1.0,3,3,1,0,0,0,0,0,0,0,0,0,0,0,5,-1,1,Atropellament,-1,2,2,5,-1,2,1,20.44,1,3,1,6,12
1769,2011,1,2011-11-04,SE,SABADELL,Valles Occidental,3,0,1,0,2,1,0,0,0,1,0,0,0,100.0,0.0,0,-1,No n'hi ha,-1.0,3,3,1,0,0,0,0,0,0,0,0,0,0,0,4,-1,-1,Atropellament,-1,2,2,5,-1,2,0,18.37,1,3,4,4,11
1770,2011,1,2011-06-03,SE,VIC,Osona,3,0,1,0,2,0,0,0,1,1,0,0,0,100.0,0.0,0,2,No n'hi ha,-1.0,3,3,1,0,0,0,0,0,0,0,0,0,0,2,4,-1,1,Envestida (frontal lateral),2,2,2,5,-1,2,1,9.12,0,2,4,3,6
1771,2011,0,2011-08-05,C-15,OLERDOLA,Alt Penedes,3,0,2,1,4,0,0,0,0,4,0,0,0,40.0,0.0,0,1,Habilitació voral/carril addicional,0.0,3,3,1,0,0,0,0,0,0,0,0,0,0,0,4,-1,1,Fregament o col·lisió lateral,-1,1,2,4,2,2,0,18.39,1,2,4,5,8
1772,2011,1,2011-01-28,SE,TARRAGONA,Tarragones,0,0,1,0,2,1,0,0,0,0,1,0,0,20.0,,0,2,No n'hi ha,-1.0,3,3,1,-1,0,0,0,-1,0,0,0,0,-1,0,4,-1,1,Atropellament,-1,2,2,5,-1,2,1,12.27,0,3,4,28,1
1773,2011,0,2011-03-20,GI-614,ROSES,Alt Emporda,1,1,0,0,2,0,0,0,1,0,1,0,0,100.0,0.0,0,3,No n'hi ha,-1.0,3,3,0,0,0,0,0,0,0,0,0,0,0,0,4,-1,1,Envestida (frontal lateral),-1,1,2,4,3,2,0,14.3,1,2,6,20,3
1774,2011,0,2011-10-05,BV-5106,ARGENTONA,Maresme,3,0,1,1,2,0,0,0,0,2,0,0,0,50.0,0.0,0,2,No n'hi ha,-1.0,3,3,1,0,0,0,0,0,0,0,0,0,0,1,4,5,1,Envestida (frontal lateral),1,1,2,4,3,2,1,8.49,0,2,2,5,10
1775,2011,1,2011-12-16,SE,SABADELL,Valles Occidental,3,0,2,0,2,0,0,0,0,2,0,0,0,100.0,0.0,0,-1,No n'hi ha,-1.0,3,3,1,0,0,0,0,0,0,0,0,0,0,0,4,-1,-1,Col·lisió frontal,-1,2,2,5,-1,2,0,19.43,1,2,4,16,12
1776,2011,1,2011-09-20,SE,VIC,Osona,3,0,1,0,2,1,0,0,0,1,0,0,0,100.0,0.0,0,2,No n'hi ha,-1.0,3,3,1,0,0,0,0,0,0,0,0,0,0,0,4,-1,1,Atropellament,-1,2,2,5,-1,2,1,19.0,1,3,1,20,9
1777,2011,1,2011-03-15,SE,BADALONA,Barcelones,3,0,1,0,2,1,0,0,0,1,0,0,0,100.0,0.0,0,-1,No n'hi ha,-1.0,1,3,1,0,0,0,0,0,0,0,0,0,0,0,4,-1,0,Atropellament,-1,2,0,5,-1,2,1,16.0,1,3,1,15,3
1778,2011,1,2011-09-09,SE,BADALONA,Barcelones,3,0,1,0,2,1,0,0,0,1,0,0,0,100.0,0.0,0,-1,No n'hi ha,-1.0,3,3,1,0,0,0,0,0,0,0,0,0,0,0,4,-1,1,Atropellament,-1,2,2,5,-1,2,0,16.24,1,3,4,9,9
1779,2011,0,2011-09-27,SE,PINOS,Solsones,2,0,1,0,2,0,1,0,0,1,0,0,0,100.0,0.0,0,1,No n'hi ha,-1.0,3,3,1,0,0,0,0,0,0,0,0,0,0,0,4,-1,1,Col·lisió frontal,-1,1,2,3,-1,2,1,10.06,0,2,1,27,9
1780,2011,1,2011-01-04,SE,TORREDEMBARRA,Tarragones,0,0,1,0,2,0,0,0,1,1,0,0,0,100.0,0.0,0,2,No n'hi ha,-1.0,3,3,1,0,0,0,0,0,0,0,0,0,0,1,4,2,1,Envestida (frontal lateral),1,2,2,5,-1,2,1,13.45,0,2,1,4,1
1781,2011,0,2011-04-17,N-340,TARRAGONA,Tarragones,0,1,1,2,2,0,0,0,0,1,1,0,0,80.0,0.0,0,3,No n'hi ha,-1.0,3,3,0,0,0,0,0,0,0,0,0,0,0,0,4,-1,1,Col·lisió frontal,-1,1,2,4,1,2,0,19.5,1,2,6,17,4
1782,2011,0,2011-11-22,C-66,SANT JOAN DE MOLLET,Girones,1,1,0,0,4,0,0,0,0,2,2,0,0,100.0,0.0,0,0,No n'hi ha,0.0,1,3,0,0,1,0,1,0,0,0,1,0,1,0,2,-1,1,Envestida (frontal lateral),-1,1,0,4,2,2,1,12.54,0,2,1,22,11