,Year,Area,Date,Road,Municipality Name,County Name,Province Name,Fatalties,Serious Injuries,Light Injuries,Units Involved,Pedestrains Involved,Bicycles Involved,Mopeds Involved,Motorcycles,Light Vehicles Involved,Heavy Vehicles Involved,Other Units Involved,Unspecified Units Involved,Road Speed Limit,Accident with Hit and Run,Fog Presence,Surrounding Environment,Special Lane Presence,Special Traffic Measures,Weather Conditions,Special Road Functions,Severity of Accident,Influence of Fog,Influence of Environment,Influence of Traffic,Influence of Weather,Influence of Wind Intensity,Influence of Lighting,Influence of Special Measures,Influence of Road Objects,Influence of Road Surface,Influence of Visibility,Intersection Characteristics,Lighting Conditions,Traffic Regulation and Priority,Direction of Road,Subtype of Accident,Subtype of Road Section,Subzone within Area,Road Surface Conditions,Type of Road,Road Ownership,Wind Conditions,Day of the Week Grouping,Hour of Day,Time of Day Grouping,Type of Accident,Day Type,Day,Month
1783,2011,0,2011-07-02,N-145,"VALLS DE VALIRA, LES",Alt Urgell,2,0,1,0,1,0,1,0,0,0,0,0,0,100.0,0.0,0,-1,No n'hi ha,-1.0,3,3,1,0,0,0,0,0,0,0,0,0,0,0,4,-1,-1,Caiguda en la via,-1,1,2,4,-1,2,0,10.0,0,0,5,2,7
1784,2011,0,2011-07-03,T-315,REUS,Baix Camp,0,0,1,0,2,0,0,0,0,2,0,0,0,70.0,0.0,0,1,No n'hi ha,5.0,3,3,1,0,0,0,0,0,0,1,0,0,0,2,4,4,0,Xoc contra objecte/obstacle sense sortida prèvia de via,0,1,2,4,2,2,0,7.49,0,4,6,3,7
1785,2011,1,2011-06-06,SE,SABADELL,Valles Occidental,3,0,1,0,2,0,0,0,1,1,0,0,0,100.0,0.0,0,-1,No n'hi ha,-1.0,3,3,1,0,0,0,0,0,0,0,0,0,0,0,4,-1,-1,Fregament o col·lisió lateral,-1,2,2,5,-1,2,1,9.57,0,2,0,6,6
1786,2011,1,2011-07-22,SE,VILAFRANCA DEL PENEDES,Alt Penedes,3,0,2,0,2,0,0,1,0,1,0,0,0,20.0,0.0,0,-1,No n'hi ha,-1.0,3,3,1,0,-1,0,0,0,0,0,0,0,0,1,2,4,-1,Col·lisió frontal,1,2,2,5,-1,2,0,16.53,1,2,4,22,7
1787,2011,1,2011-01-10,SE,SABADELL,Valles Occidental,3,0,1,0,2,0,0,1,0,1,0,0,0,100.0,0.0,0,-1,No n'hi ha,-1.0,3,3,1,0,0,0,0,0,0,0,0,0,0,0,4,-1,-1,Encalç,-1,2,2,5,-1,2,1,18.54,1,2,0,10,1
1788,2011,1,2011-08-04,SE,BARCELONA,Barcelones,3,0,1,1,5,0,0,0,1,4,0,0,0,30.0,0.0,0,-1,No n'hi ha,-1.0,3,3,1,0,0,0,0,0,0,0,0,0,1,1,4,5,0,Envestida (frontal lateral),2,2,2,5,-1,2,1,17.0,1,2,3,4,8
1790,2011,0,2011-11-26,T-204,MONTFERRI,Alt Camp,0,0,1,2,2,0,0,0,0,2,0,0,0,100.0,0.0,0,3,No n'hi ha,-1.0,3,3,1,0,0,0,0,0,0,0,0,0,0,0,4,-1,1,Envestida (frontal lateral),-1,1,2,4,3,2,0,10.04,0,2,5,26,11
1791,2011,1,2011-10-25,SE,REUS,Baix Camp,0,0,1,0,2,0,0,1,0,1,0,0,0,100.0,0.0,0,-1,No n'hi ha,-1.0,3,3,1,0,0,0,0,0,0,0,0,0,0,0,4,-1,-1,Envestida (frontal lateral),-1,2,2,5,-1,2,1,14.17,1,2,1,25,10
1792,2011,0,2011-11-18,N-II,SILS,Selva,1,0,2,2,2,0,0,0,0,1,0,1,0,100.0,0.0,0,3,No n'hi ha,-1.0,3,3,1,0,0,0,0,0,0,0,0,0,0,0,4,-1,1,Col·lisió frontal,-1,1,2,4,1,2,1,10.23,0,2,4,18,11
1793,2011,1,2011-11-14,SE,SABADELL,Valles Occidental,3,0,1,0,2,1,0,0,0,1,0,0,0,100.0,0.0,0,-1,No n'hi ha,-1.0,3,3,1,0,0,0,1,0,0,0,0,0,0,0,4,-1,-1,Atropellament,-1,2,2,5,-1,2,1,18.39,1,3,0,14,11
1794,2011,0,2011-07-26,B-124,CASTELLAR DEL VALLES,Valles Occidental,3,0,2,0,2,0,0,0,0,2,0,0,0,100.0,0.0,0,-1,No n'hi ha,-1.0,3,3,1,0,0,0,0,0,0,0,0,0,0,0,4,-1,-1,Sortida de via amb xoc o col·lisió,-1,1,2,4,-1,2,1,22.05,2,1,1,26,7
1795,2011,1,2011-03-24,SE,MONTMELO,Valles Oriental,3,0,1,0,2,1,0,0,0,1,0,0,0,100.0,0.0,0,2,No n'hi ha,-1.0,3,3,1,0,0,0,0,0,0,0,0,0,0,0,4,-1,1,Atropellament,-1,2,2,5,-1,2,1,13.18,0,3,3,24,3
1796,2011,0,2011-06-23,L-702,PUIGVERD DE LLEIDA,Segria,2,0,2,1,2,0,0,0,0,2,0,0,0,90.0,,0,-1,No n'hi ha,-1.0,3,3,1,-1,0,0,0,-1,0,0,0,0,-1,1,4,5,1,Envestida (frontal lateral),2,1,2,4,2,2,1,21.17,1,2,3,23,6
1797,2011,0,2011-01-15,SE,SANT SADURNI D'ANOIA,Alt Penedes,3,0,1,0,2,1,0,0,0,1,0,0,0,100.0,0.0,0,2,No n'hi ha,-1.0,3,3,1,0,0,0,0,0,0,0,0,0,0,0,4,-1,1,Atropellament,-1,1,2,3,0,2,0,10.15,0,3,5,15,1
1798,2011,1,2011-02-21,SE,BARCELONA,Barcelones,3,0,1,0,2,1,0,0,0,1,0,0,0,100.0,0.0,0,-1,No n'hi ha,-1.0,3,3,1,0,0,0,0,0,0,0,0,0,1,1,4,5,0,Atropellament,1,2,2,5,-1,2,1,7.5,0,3,0,21,2
1799,2011,0,2011-08-23,BV-1602,LLICA D'AMUNT,Valles Oriental,3,0,1,0,2,0,0,0,1,1,0,0,0,100.0,0.0,0,2,No n'hi ha,-1.0,3,3,1,0,0,0,0,0,0,0,0,0,0,1,4,5,1,Caiguda en la via,1,1,2,4,3,2,1,18.16,1,0,1,23,8
1800,2011,0,2011-02-15,N-340,SANT CARLES DE LA RAPITA,Montsia,0,0,1,0,2,0,0,0,0,0,2,0,0,100.0,0.0,0,2,No n'hi ha,-1.0,1,3,1,0,0,0,1,0,1,0,0,0,0,0,4,-1,1,Envestida (frontal lateral),-1,1,0,4,1,2,1,17.36,1,2,1,15,2
1801,2011,0,2011-08-26,B-225,CASTELLBISBAL,Valles Occidental,3,0,1,0,2,0,0,0,0,1,1,0,0,100.0,0.0,0,2,No n'hi ha,-1.0,3,3,1,0,1,0,0,0,0,0,0,0,0,1,4,5,1,Envestida (frontal lateral),1,1,2,4,2,2,0,15.1,1,2,4,26,8
1802,2011,1,2011-01-02,SE,BARCELONA,Barcelones,3,0,1,1,2,0,0,0,1,1,0,0,0,100.0,0.0,0,-1,No n'hi ha,-1.0,3,3,1,0,0,0,0,0,0,0,0,0,0,1,5,3,0,Envestida (frontal lateral),2,2,2,5,-1,2,0,21.2,1,2,6,2,1
1803,2011,1,2011-06-03,SE,ARENYS DE MAR,Maresme,3,0,1,0,2,0,0,0,1,1,0,0,0,100.0,0.0,0,-1,No n'hi ha,-1.0,3,3,1,0,0,0,0,0,0,0,0,0,0,0,4,-1,-1,Envestida (frontal lateral),-1,2,2,5,-1,2,1,12.2,0,2,4,3,6
1804,2011,1,2011-10-14,SE,"ALDEA, L'",Baix Ebre,0,1,0,0,1,0,0,0,0,0,1,0,0,100.0,0.0,0,2,No n'hi ha,-1.0,3,3,0,0,0,0,0,0,0,0,0,0,0,0,4,-1,1,Caiguda en la via,-1,2,2,5,0,2,1,12.4,0,0,4,14,10
1805,2011,0,2011-05-24,N-II,BASCARA,Alt Emporda,1,0,1,0,2,0,0,0,1,1,0,0,0,100.0,0.0,0,2,No n'hi ha,-1.0,3,3,1,0,0,0,0,0,0,0,0,0,0,0,4,-1,1,Envestida (frontal lateral),-1,1,2,4,1,2,1,12.39,0,2,1,24,5
1806,2011,1,2011-03-30,SE,VALLS,Alt Camp,0,0,1,1,3,2,0,0,0,1,0,0,0,100.0,0.0,0,2,No n'hi ha,-1.0,3,3,1,0,0,0,0,0,0,0,0,0,0,0,4,-1,0,Atropellament,-1,2,2,5,-1,2,1,13.0,0,3,2,30,3
1807,2011,1,2011-11-18,SE,CORNELLA DE LLOBREGAT,Baix Llobregat,3,0,1,0,2,1,0,0,0,1,0,0,0,30.0,0.0,0,2,No n'hi ha,-1.0,3,1,1,-1,0,0,0,-1,0,0,0,0,-1,0,4,-1,0,Atropellament,-1,0,2,5,-1,2,1,9.45,0,3,4,18,11
1808,2011,1,2011-04-11,SE,TERRASSA,Valles Occidental,3,0,1,0,2,1,0,0,0,1,0,0,0,20.0,0.0,0,2,No n'hi ha,-1.0,3,3,1,-1,0,0,0,-1,0,0,0,0,-1,0,4,-1,1,Atropellament,-1,2,2,5,-1,2,1,13.05,0,3,0,11,4
1809,2011,0,2011-04-19,C-17,PARETS DEL VALLES,Valles Oriental,3,0,1,0,1,0,0,0,1,0,0,0,0,100.0,0.0,0,2,No n'hi ha,-1.0,3,3,1,0,0,0,0,0,0,0,0,0,0,0,3,-1,1,Resta sortides de via,-1,1,2,4,2,2,1,6.1,0,1,1,19,4
1810,2011,1,2011-02-02,SE,RIPOLLET,Valles Occidental,3,0,1,0,2,1,0,0,0,1,0,0,0,100.0,0.0,0,3,No n'hi ha,-1.0,3,3,1,0,0,0,0,0,0,0,0,0,0,0,0,-1,1,Atropellament,-1,2,2,5,-1,2,1,20.3,1,3,2,2,2
1811,2011,1,2011-04-10,SE,TIVENYS,Baix Ebre,0,0,1,0,1,0,0,0,1,0,0,0,0,100.0,0.0,0,2,No n'hi ha,-1.0,3,3,1,0,0,0,0,0,0,0,0,0,0,0,4,-1,1,Caiguda en la via,-1,2,0,5,0,2,0,17.0,1,0,6,10,4
1812,2011,1,2011-07-27,SE,MANRESA,Bages,3,0,1,0,2,1,0,0,0,1,0,0,0,100.0,0.0,0,3,No n'hi ha,-1.0,3,3,1,0,0,0,0,0,0,0,0,0,0,0,4,-1,1,Atropellament,-1,2,2,5,0,2,1,11.0,0,3,2,27,7
1813,2011,1,2011-03-24,SE,MOLLET DEL VALLES,Valles Oriental,3,0,1,0,2,1,0,0,0,1,0,0,0,100.0,0.0,0,2,No n'hi ha,-1.0,3,3,1,0,0,0,0,0,0,0,0,0,0,2,4,5,0,Atropellament,1,2,2,5,-1,2,1,11.3,0,3,3,24,3
1814,2011,1,2011-10-03,N-II,PREMIA DE MAR,Maresme,3,0,1,0,2,0,0,0,1,1,0,0,0,50.0,0.0,0,2,No n'hi ha,-1.0,3,1,1,0,0,0,0,0,0,0,0,0,0,2,4,3,1,Encalç,1,0,2,4,2,2,1,7.3,0,2,0,3,10
1815,2011,0,2011-05-12,TV-7211,CONSTANTI,Tarragones,0,0,1,0,3,0,0,0,0,2,1,0,0,70.0,0.0,0,1,No n'hi ha,-1.0,3,3,1,0,0,0,0,0,0,0,0,0,0,0,4,-1,1,Col·lisió frontal,-1,1,2,4,2,2,1,11.25,0,2,3,12,5
1816,2011,1,2011-08-02,SE,TARRAGONA,Tarragones,0,1,0,0,2,0,0,0,1,1,0,0,0,100.0,0.0,0,2,No n'hi ha,-1.0,3,3,0,0,0,0,0,0,0,0,0,0,0,1,4,5,0,Envestida (frontal lateral),1,2,2,5,-1,2,1,16.37,1,2,1,2,8
1817,2011,0,2011-04-24,C-1415B,LLICA D'AMUNT,Valles Oriental,3,0,2,0,1,0,0,0,0,1,0,0,0,70.0,0.0,0,0,No n'hi ha,-1.0,1,3,1,0,0,0,0,0,0,0,0,0,0,0,2,-1,1,Resta sortides de via,-1,1,0,4,3,2,0,7.45,0,1,6,24,4
1818,2011,1,2011-03-14,SE,BARCELONA,Barcelones,3,0,1,0,1,0,0,1,0,0,0,0,0,100.0,0.0,0,-1,No n'hi ha,-1.0,1,3,1,0,0,0,0,0,0,0,0,0,0,1,4,3,1,Caiguda en la via,3,2,0,5,-1,2,1,15.5,1,0,0,14,3
1819,2011,1,2011-01-11,SE,BARCELONA,Barcelones,3,0,2,0,3,0,0,0,2,0,1,0,0,100.0,0.0,0,-1,No n'hi ha,-1.0,3,3,1,0,0,0,0,0,0,0,0,0,0,1,5,3,1,Fregament o col·lisió lateral,1,2,2,5,-1,2,1,7.4,0,2,1,11,1
1820,2011,1,2011-11-23,SE,BARCELONA,Barcelones,3,0,1,0,2,0,0,0,1,1,0,0,0,100.0,0.0,0,-1,No n'hi ha,-1.0,3,3,1,0,0,0,0,0,0,0,0,0,0,1,4,5,0,Envestida (frontal lateral),2,2,2,5,-1,2,1,14.0,1,2,2,23,11
1821,2011,0,2011-07-31,N-240,MONTBLANC,Conca de Barbera,0,1,0,0,2,0,0,1,0,1,0,0,0,100.0,0.0,0,2,No n'hi ha,-1.0,3,3,0,0,1,0,0,0,0,0,0,0,0,0,3,-1,1,Col·lisió frontal,-1,1,2,4,1,2,0,23.16,2,2,6,31,7
1822,2011,1,2011-09-29,SE,TERRASSA,Valles Occidental,3,0,1,0,2,0,0,0,1,1,0,0,0,100.0,0.0,0,-1,No n'hi ha,-1.0,3,3,1,0,0,0,0,0,0,0,0,0,0,0,4,-1,-1,Encalç,-1,2,2,5,-1,2,1,13.5,0,2,3,29,9
1823,2011,1,2011-02-12,B-402,"POBLA DE LILLET, LA",Bergueda,3,0,1,0,2,1,0,0,0,1,0,0,0,50.0,0.0,0,2,No n'hi ha,-1.0,3,1,1,0,1,0,0,0,0,0,0,0,0,0,4,-1,1,Atropellament,-1,0,2,4,2,2,0,16.1,1,3,5,12,2
1824,2011,0,2011-03-18,C-58,SANT QUIRZE DEL VALLES,Valles Occidental,3,0,1,0,1,0,0,0,1,0,0,0,0,100.0,0.0,0,3,No n'hi ha,-1.0,3,3,1,0,0,0,0,0,0,0,0,0,0,0,4,-1,1,Caiguda en la via,-1,1,2,4,2,2,0,15.2,1,0,4,18,3
1825,2011,0,2011-03-11,C-60,"ROCA DEL VALLES, LA",Valles Oriental,3,0,1,0,2,0,0,0,1,1,0,0,0,60.0,1.0,0,3,Carril acceleració,-1.0,3,3,1,0,0,0,0,0,0,0,0,0,0,2,4,4,1,Encalç,3,1,2,4,2,2,1,14.19,1,2,4,11,3
1826,2011,1,2011-03-13,SE,BARCELONA,Barcelones,3,0,1,0,2,1,0,0,1,0,0,0,0,100.0,0.0,0,-1,No n'hi ha,-1.0,3,3,1,0,0,0,0,0,0,0,0,0,0,1,4,3,0,Atropellament,2,2,2,5,-1,2,0,17.0,1,3,6,13,3
1827,2011,1,2011-07-09,SE,LLORET DE MAR,Selva,1,0,1,0,2,0,0,0,1,1,0,0,0,100.0,0.0,0,2,No n'hi ha,-1.0,3,3,1,0,0,0,0,0,0,0,0,0,0,0,1,-1,1,Fregament o col·lisió lateral,-1,2,2,5,-1,2,0,6.18,0,2,5,9,7
1828,2011,0,2011-05-09,N-340,OLERDOLA,Alt Penedes,3,1,0,2,3,0,0,0,0,1,2,0,0,100.0,0.0,0,2,No n'hi ha,-1.0,3,2,0,0,0,1,0,0,0,0,0,0,0,0,4,-1,1,Encalç,-1,1,2,4,1,2,1,12.15,0,2,0,9,5
1829,2011,1,2011-11-29,SE,PARETS DEL VALLES,Valles Oriental,3,0,1,0,2,0,0,1,0,1,0,0,0,100.0,0.0,0,-1,No n'hi ha,-1.0,3,3,1,0,0,0,0,0,0,0,0,0,0,0,4,-1,-1,Envestida (frontal lateral),-1,2,2,5,-1,2,1,22.0,2,2,1,29,11
1830,2011,1,2011-03-20,SE,VILAFRANCA DEL PENEDES,Alt Penedes,3,0,1,1,1,0,0,0,0,1,0,0,0,20.0,0.0,0,-1,No n'hi ha,-1.0,3,3,1,-1,-1,0,0,-1,0,0,0,0,0,1,4,2,1,Xoc contra objecte/obstacle sense sortida prèvia de via,3,2,2,5,-1,2,0,15.4,1,4,6,20,3
1831,2011,1,2011-06-08,SE,HOSPITALET DE LLOBREGAT,Barcelones,3,0,1,0,2,1,0,0,0,0,1,0,0,20.0,0.0,0,-1,No n'hi ha,-1.0,3,3,1,0,0,0,0,0,0,0,0,0,0,0,4,-1,-1,Atropellament,-1,2,2,5,-1,2,1,15.0,1,3,2,8,6
1832,2011,0,2011-04-19,N-230c,"PINELL DE BRAI, EL",Terra Alta,0,0,1,0,1,0,0,1,0,0,0,0,0,100.0,0.0,0,1,No n'hi ha,-1.0,3,3,1,0,0,0,0,0,0,0,0,0,0,0,4,-1,1,Xoc contra objecte/obstacle sense sortida prèvia de via,-1,1,2,4,2,2,1,10.51,0,4,1,19,4
1833,2011,0,2011-05-12,N-II,VILASSAR DE MAR,Maresme,3,0,1,1,2,0,0,1,1,0,0,0,0,100.0,0.0,0,2,No n'hi ha,-1.0,3,3,1,0,0,0,0,0,0,0,0,0,0,0,0,-1,1,Encalç,-1,1,2,4,1,2,1,21.18,1,2,3,12,5
1834,2011,1,2011-08-27,SE,TOSSA DE MAR,Selva,1,0,2,0,2,0,0,0,1,1,0,0,0,100.0,0.0,0,2,No n'hi ha,-1.0,3,1,1,0,0,0,0,0,0,0,0,0,0,2,4,-1,1,Fregament o col·lisió lateral,-1,0,2,5,-1,2,0,13.15,0,2,5,27,8
1835,2011,1,2011-12-01,SE,FIGUERES,Alt Emporda,1,0,1,0,2,1,0,0,0,1,0,0,0,20.0,0.0,0,-1,No n'hi ha,-1.0,-1,3,1,-1,-1,-1,-1,-1,-1,-1,-1,-1,-1,0,-1,-1,-1,Atropellament,-1,2,-1,5,-1,-1,1,10.15,0,3,3,1,12
1836,2011,0,2011-11-04,C-14,TARREGA,Urgell,2,0,1,1,2,0,0,0,0,2,0,0,0,100.0,0.0,0,1,No n'hi ha,-1.0,3,3,1,0,0,0,0,0,0,0,0,0,0,0,4,-1,1,Col·lisió frontal,-1,1,2,4,2,2,1,13.01,0,2,4,4,11
1837,2011,1,2011-03-23,SE,ESPLUGUES DE LLOBREGAT,Baix Llobregat,3,0,1,0,1,0,0,0,1,0,0,0,0,20.0,0.0,0,2,No n'hi ha,-1.0,3,3,1,-1,0,0,0,-1,0,0,0,0,0,1,4,3,0,Caiguda en la via,0,2,2,5,-1,2,1,10.4,0,0,2,23,3
1838,2011,0,2011-10-18,C-243B,GELIDA,Alt Penedes,3,0,1,0,1,0,0,0,0,1,0,0,0,100.0,0.0,0,3,No n'hi ha,-1.0,3,3,1,0,0,0,0,0,0,0,0,0,0,0,2,-1,1,Xoc contra objecte/obstacle sense sortida prèvia de via,-1,1,2,4,3,2,1,18.45,1,4,1,18,10
1839,2011,0,2011-08-20,C-462,OLIUS,Solsones,2,0,1,2,2,0,0,0,1,1,0,0,0,50.0,0.0,0,2,No n'hi ha,-1.0,3,3,1,0,0,0,0,0,0,0,0,0,0,0,4,-1,1,Col·lisió frontal,-1,1,2,4,2,2,0,16.55,1,2,5,20,8
1840,2011,1,2011-08-15,SE,CASTELLO D'EMPURIES,Alt Emporda,1,0,1,0,2,0,0,0,1,1,0,0,0,20.0,,0,-1,No n'hi ha,-1.0,3,3,1,0,0,0,0,0,0,0,0,0,0,1,5,4,-1,Envestida (frontal lateral),1,2,2,5,-1,2,1,23.35,2,2,0,15,8
1841,2011,1,2011-05-06,SE,"PRAT DE LLOBREGAT, E",Baix Llobregat,3,0,1,0,2,0,0,1,0,1,0,0,0,100.0,0.0,0,-1,No n'hi ha,-1.0,3,3,1,0,0,0,0,0,0,0,0,0,0,0,4,-1,-1,Envestida (frontal lateral),-1,2,2,5,-1,2,0,23.06,2,2,4,6,5
1842,2011,0,2011-03-15,AP-7,SANT JULIA DE RAMIS,Girones,1,0,2,1,2,0,0,0,0,2,0,0,0,80.0,0.0,0,1,No n'hi ha,0.0,2,3,1,0,0,0,1,0,0,0,0,0,0,0,0,-1,1,Xoc contra objecte/obstacle sense sortida prèvia de via,-1,1,0,4,1,2,1,4.54,2,4,1,15,3
1843,2011,0,2011-08-01,L-401,FIGOLS I ALINYA,Alt Urgell,2,0,1,1,2,0,0,0,1,1,0,0,0,90.0,0.0,0,-1,No n'hi ha,-1.0,3,3,1,-1,0,0,0,-1,0,0,0,0,-1,0,4,-1,1,Col·lisió frontal,-1,1,2,4,3,2,1,16.05,1,2,0,1,8
1844,2011,0,2011-03-06,B-224,PIERA,Anoia,3,0,2,1,2,0,0,0,0,2,0,0,0,60.0,0.0,0,-1,No n'hi ha,-1.0,3,3,1,-1,0,0,0,-1,0,0,0,0,0,1,2,4,1,Col·lisió frontal,0,1,2,4,2,2,0,16.35,1,2,6,6,3
1845,2011,1,2011-10-10,C-12B,ASCO,Ribera d'Ebre,0,0,1,0,2,0,0,0,1,1,0,0,0,100.0,0.0,0,0,No n'hi ha,-1.0,3,1,1,0,0,0,0,0,0,0,0,0,0,0,4,-1,1,Envestida (frontal lateral),-1,0,2,4,2,2,1,15.0,1,2,0,10,10
1846,2011,0,2011-04-10,BP-5002,VILANOVA DEL VALLES,Valles Oriental,3,0,1,0,1,0,0,0,1,0,0,0,0,90.0,,0,-1,No n'hi ha,-1.0,3,3,1,-1,0,0,0,-1,0,0,0,0,0,0,4,-1,1,Xoc contra objecte/obstacle sense sortida prèvia de via,-1,1,2,4,3,2,0,15.3,1,4,6,10,4
1847,2011,1,2011-06-21,SE,TORROELLA DE MONTGRI,Baix Emporda,1,0,1,0,2,0,1,0,0,1,0,0,0,20.0,0.0,0,2,No n'hi ha,-1.0,3,3,1,-1,0,0,0,-1,0,0,0,0,0,1,4,4,0,Envestida (frontal lateral),2,2,2,5,-1,2,1,7.2,0,2,1,21,6
1848,2011,1,2011-06-03,SE,ESPLUGUES DE LLOBREGAT,Baix Llobregat,3,0,1,0,2,1,0,0,0,1,0,0,0,20.0,0.0,0,2,No n'hi ha,-1.0,3,3,1,0,0,0,0,0,0,0,0,0,1,0,4,-1,1,Atropellament,-1,2,2,5,-1,2,1,8.05,0,3,4,3,6
1849,2011,1,2011-10-31,SE,VILANOVA I LA GELTRU,Garraf,3,0,1,0,2,1,0,0,0,1,0,0,0,100.0,0.0,0,1,No n'hi ha,-1.0,3,3,1,0,0,0,0,0,0,0,0,0,0,1,4,4,0,Atropellament,2,2,2,5,-1,2,1,13.15,0,3,0,31,10
1850,2011,0,2011-08-25,C-55,CASTELLBELL I EL VIL,Bages,3,0,2,1,2,0,0,0,0,2,0,0,0,100.0,0.0,0,1,No n'hi ha,-1.0,3,3,1,0,0,0,0,0,1,0,0,0,0,0,4,-1,1,Col·lisió frontal,-1,1,2,4,2,2,1,6.45,0,2,3,25,8
1851,2011,1,2011-06-02,SE,HOSPITALET DE LLOBREGAT,Barcelones,3,0,1,0,3,1,0,0,0,0,0,2,0,20.0,0.0,0,2,Altres,-1.0,3,3,1,-1,0,0,0,-1,0,0,0,0,0,0,4,-1,1,Atropellament,-1,2,2,5,-1,2,1,19.45,1,3,3,2,6
1852,2011,1,2011-09-22,SE,MANRESA,Bages,3,0,1,0,2,1,0,0,0,1,0,0,0,100.0,0.0,0,2,No n'hi ha,-1.0,3,3,1,0,0,0,0,0,0,0,0,0,0,1,4,4,1,Atropellament,1,2,2,5,-1,2,1,12.0,0,3,3,22,9
1853,2011,1,2011-07-27,SE,TORROELLA DE MONTGRI,Baix Emporda,1,0,1,0,2,1,0,0,0,1,0,0,0,20.0,0.0,0,2,No n'hi ha,-1.0,3,3,1,-1,0,0,0,-1,0,0,0,0,-1,0,4,-1,1,Atropellament,-1,2,2,5,-1,2,1,18.0,1,3,2,27,7
1854,2011,1,2011-12-01,SE,LLEIDA,Segria,2,0,1,0,1,0,0,0,1,0,0,0,0,100.0,0.0,0,-1,No n'hi ha,-1.0,3,3,1,0,0,0,0,0,0,0,0,0,0,0,4,-1,-1,Caiguda en la via,-1,2,2,5,-1,2,1,15.45,1,0,3,1,12
1855,2011,0,2011-03-06,C-462,NAVES,Solsones,2,1,1,1,2,0,0,0,2,0,0,0,0,100.0,0.0,0,1,Carril avançament,-1.0,3,3,0,0,0,0,0,0,0,0,0,0,0,0,4,-1,1,Fregament o col·lisió lateral,-1,1,2,4,2,2,0,13.19,0,2,6,6,3
1856,2011,1,2011-08-21,SE,SABADELL,Valles Occidental,3,0,1,0,2,0,0,0,1,1,0,0,0,100.0,0.0,0,-1,No n'hi ha,-1.0,3,3,1,0,0,0,0,0,0,0,0,0,0,0,4,-1,-1,Fregament o col·lisió lateral,-1,2,2,5,-1,2,0,14.21,1,2,6,21,8
1857,2011,1,2011-01-16,SE,IGUALADA,Anoia,3,0,1,0,2,1,0,0,0,1,0,0,0,50.0,0.0,0,-1,No n'hi ha,-1.0,3,3,1,-1,-1,0,0,-1,0,0,0,0,0,0,4,-1,1,Atropellament,-1,2,2,5,-1,2,0,8.0,0,3,6,16,1
1858,2011,0,2011-10-16,AP-7,BANYERES DEL PENEDES,Baix Penedes,0,0,1,0,2,1,0,0,0,1,0,0,0,100.0,0.0,0,2,No n'hi ha,-1.0,3,3,1,0,0,0,0,0,0,0,0,0,0,0,4,-1,1,Atropellament,-1,1,2,4,1,2,0,13.1,0,3,6,16,10
1859,2011,1,2011-07-12,SE,IGUALADA,Anoia,3,0,1,0,2,1,0,0,0,1,0,0,0,50.0,0.0,0,2,No n'hi ha,-1.0,3,3,1,-1,0,0,0,-1,0,0,0,0,-1,1,4,2,1,Atropellament,2,2,2,5,-1,2,1,15.1,1,3,1,12,7
1860,2011,1,2011-03-09,SE,VILASSAR DE MAR,Maresme,3,0,1,0,2,1,0,0,0,1,0,0,0,100.0,0.0,0,2,No n'hi ha,-1.0,3,3,1,0,0,0,0,0,0,0,0,0,0,1,5,4,0,Atropellament,2,2,2,5,0,2,1,19.5,1,3,2,9,3
1861,2011,0,2011-03-14,N-IIa,SANT JULIA DE RAMIS,Girones,1,0,2,0,2,0,0,1,0,0,1,0,0,60.0,0.0,0,2,No n'hi ha,-1.0,1,3,1,-1,0,0,0,0,0,0,0,0,-1,1,2,4,1,Envestida (frontal lateral),1,1,0,4,1,1,1,11.05,0,2,0,14,3
1862,2011,0,2011-09-06,N-340,BELLVEI,Baix Penedes,0,0,1,0,3,0,1,0,0,2,0,0,0,50.0,0.0,0,2,No n'hi ha,-1.0,3,3,1,0,0,0,0,0,0,0,0,0,0,1,4,4,0,Fregament o col·lisió lateral,1,1,2,4,1,2,1,17.45,1,2,1,6,9
1863,2011,0,2011-05-24,C-55,MONISTROL DE MONTSER,Bages,3,0,1,0,4,0,0,0,1,3,0,0,0,100.0,0.0,0,1,No n'hi ha,-1.0,3,3,1,0,0,0,0,0,0,0,0,0,0,0,3,-1,1,Fregament o col·lisió lateral,-1,1,2,4,2,2,1,22.43,2,2,1,24,5
1864,2011,0,2011-08-11,N-II,GIRONA,Girones,1,0,2,2,4,0,0,0,0,2,2,0,0,100.0,0.0,0,1,No n'hi ha,-1.0,3,2,1,0,0,0,0,0,0,0,0,0,0,0,4,-1,1,Fregament o col·lisió lateral,-1,1,2,4,1,2,1,16.33,1,2,3,11,8
1865,2011,0,2011-07-23,C-25,SANT FRUITOS DE BAGES,Bages,3,0,2,1,2,0,0,0,1,1,0,0,0,100.0,0.0,0,0,Carril acceleració,-1.0,3,3,1,0,0,0,0,0,0,0,0,0,0,0,4,-1,1,Envestida (frontal lateral),-1,1,2,4,2,2,0,13.1,0,2,5,23,7
1866,2011,1,2011-01-07,SE,MANRESA,Bages,3,0,1,0,2,1,0,0,0,1,0,0,0,100.0,0.0,0,2,No n'hi ha,-1.0,3,3,1,0,0,0,0,0,0,0,0,0,0,0,4,-1,0,Atropellament,-1,2,2,5,-1,2,0,15.15,1,3,4,7,1