,Year,Area,Date,Road,Municipality Name,County Name,Province Name,Fatalties,Serious Injuries,Light Injuries,Units Involved,Pedestrains Involved,Bicycles Involved,Mopeds Involved,Motorcycles,Light Vehicles Involved,Heavy Vehicles Involved,Other Units Involved,Unspecified Units Involved,Road Speed Limit,Accident with Hit and Run,Fog Presence,Surrounding Environment,Special Lane Presence,Special Traffic Measures,Weather Conditions,Special Road Functions,Severity of Accident,Influence of Fog,Influence of Environment,Influence of Traffic,Influence of Weather,Influence of Wind Intensity,Influence of Lighting,Influence of Special Measures,Influence of Road Objects,Influence of Road Surface,Influence of Visibility,Intersection Characteristics,Lighting Conditions,Traffic Regulation and Priority,Direction of Road,Subtype of Accident,Subtype of Road Section,Subzone within Area,Road Surface Conditions,Type of Road,Road Ownership,Wind Conditions,Day of the Week Grouping,Hour of Day,Time of Day Grouping,Type of Accident,Day Type,Day,Month
1867,2011,1,2011-12-02,SE,IGUALADA,Anoia,3,0,1,0,2,0,0,0,1,1,0,0,0,50.0,0.0,0,2,No n'hi ha,-1.0,3,3,1,-1,0,0,0,-1,0,0,0,0,0,1,5,4,-1,Fregament o col·lisió lateral,2,2,2,5,-1,2,0,19.14,1,2,4,2,12
1868,2011,0,2011-07-23,SE,LLORET DE MAR,Selva,1,0,1,0,2,0,0,0,0,2,0,0,0,100.0,0.0,0,-1,No n'hi ha,-1.0,3,3,1,0,0,0,0,0,0,0,0,0,0,0,4,-1,-1,Envestida (frontal lateral),-1,1,2,3,-1,2,0,15.3,1,2,5,23,7
1869,2011,0,2011-12-07,C-32,TEIA,Maresme,3,0,1,0,1,0,0,0,1,0,0,0,0,100.0,0.0,0,1,No n'hi ha,-1.0,3,3,1,0,0,0,0,0,0,0,0,0,0,0,4,-1,1,Caiguda en la via,-1,1,2,4,2,2,1,8.4,0,0,2,7,12
1870,2011,0,2011-10-22,GI-550,SANT HILARI SACALM,Selva,1,0,1,0,2,0,0,0,1,1,0,0,0,100.0,0.0,0,1,No n'hi ha,-1.0,3,3,1,0,0,0,0,0,0,0,0,0,0,0,4,-1,1,Col·lisió frontal,-1,1,2,4,3,2,0,16.2,1,2,5,22,10
1871,2011,0,2011-04-01,SE,CALDES DE MALAVELLA,Selva,1,0,1,1,2,0,0,1,0,1,0,0,0,100.0,0.0,0,2,No n'hi ha,-1.0,3,3,1,0,0,0,0,0,0,0,0,0,0,1,5,2,1,Fregament o col·lisió lateral,1,1,2,4,0,2,0,22.1,2,2,4,1,4
1872,2011,1,2011-05-18,SE,LLEIDA,Segria,2,0,1,1,3,2,0,0,0,1,0,0,0,100.0,0.0,0,1,No n'hi ha,-1.0,3,3,1,0,0,0,0,0,0,0,0,0,0,0,4,-1,1,Atropellament,-1,2,2,5,0,2,1,15.0,1,3,2,18,5
1873,2011,1,2011-02-27,SE,SANT VICENC DELS HORTS,Baix Llobregat,3,0,1,0,2,1,0,0,0,1,0,0,0,50.0,0.0,0,2,No n'hi ha,-1.0,3,3,1,0,0,0,0,0,0,0,0,0,0,0,1,-1,1,Atropellament,-1,2,2,5,-1,2,0,20.31,1,3,6,27,2
1874,2011,1,2011-04-15,SE,BARCELONA,Barcelones,3,2,0,0,2,0,0,1,1,0,0,0,0,100.0,0.0,0,-1,No n'hi ha,-1.0,3,3,0,0,0,0,0,0,0,0,0,0,0,1,4,3,0,Envestida (frontal lateral),2,2,2,5,-1,2,0,16.2,1,2,4,15,4
1875,2011,1,2011-01-12,SE,ROSES,Alt Emporda,1,0,1,0,2,0,0,1,0,1,0,0,0,100.0,0.0,0,-1,No n'hi ha,-1.0,3,3,1,0,0,0,0,0,0,0,0,0,0,0,4,-1,-1,Encalç,-1,2,2,5,-1,2,1,11.55,0,2,2,12,1
1876,2011,1,2011-05-26,SE,LLEIDA,Segria,2,0,1,0,2,1,0,0,0,1,0,0,0,100.0,0.0,0,-1,No n'hi ha,-1.0,3,3,1,0,0,0,0,0,0,0,0,0,0,0,4,-1,1,Atropellament,-1,2,2,5,-1,2,1,15.03,1,3,3,26,5
1877,2011,0,2011-04-22,N-260,ESTAMARIU,Alt Urgell,2,0,1,0,1,0,0,0,1,0,0,0,0,100.0,0.0,0,1,No n'hi ha,-1.0,3,3,1,0,0,0,0,0,0,0,0,0,0,0,4,-1,1,Xoc contra objecte/obstacle sense sortida prèvia de via,-1,1,2,4,1,2,0,20.05,1,4,4,22,4
1878,2011,0,2011-03-09,C-17,GURB,Osona,3,0,1,0,2,0,1,0,0,1,0,0,0,100.0,0.0,0,2,No n'hi ha,-1.0,3,3,1,-1,0,0,0,-1,0,0,0,0,0,0,3,-1,1,Encalç,-1,1,2,1,2,2,1,7.0,0,2,2,9,3
1879,2011,1,2011-12-23,SE,TARRAGONA,Tarragones,0,0,1,0,2,1,0,0,0,1,0,0,0,100.0,0.0,0,2,No n'hi ha,-1.0,3,3,1,0,0,0,0,0,0,0,0,0,0,2,5,2,0,Atropellament,2,2,2,5,-1,2,0,18.3,1,3,4,23,12
1880,2011,0,2011-12-03,C-31,PALAMOS,Baix Emporda,1,0,1,0,2,1,0,0,0,1,0,0,0,60.0,0.0,0,1,No n'hi ha,-1.0,3,3,1,0,0,0,0,0,0,0,0,0,0,1,4,4,0,Atropellament,0,1,2,4,2,2,0,10.23,0,3,5,3,12
1881,2011,0,2011-11-15,SE,LLORET DE MAR,Selva,1,0,1,1,3,2,0,0,0,1,0,0,0,40.0,0.0,0,2,No n'hi ha,-1.0,2,3,1,0,0,0,0,0,0,0,0,0,0,1,0,3,1,Atropellament,2,1,0,3,0,1,1,17.3,1,3,1,15,11
1882,2011,0,2011-10-24,N-II,VIDRERES,Selva,1,1,3,1,4,0,0,0,0,4,0,0,0,100.0,0.0,0,2,No n'hi ha,-1.0,1,3,0,0,0,0,1,0,0,0,0,0,0,0,2,-1,1,Fregament o col·lisió lateral,-1,1,0,4,1,2,1,17.13,1,2,0,24,10
1883,2011,0,2011-10-19,C-66,BORDILS,Girones,1,1,0,0,3,0,0,1,0,1,1,0,0,100.0,0.0,0,2,No n'hi ha,-1.0,3,3,0,0,0,0,0,0,0,0,0,0,0,0,3,-1,1,Encalç,-1,1,2,4,2,2,1,7.3,0,2,2,19,10
1884,2011,1,2011-07-14,SE,VILA-SECA,Tarragones,0,0,1,0,2,0,0,1,0,1,0,0,0,100.0,0.0,0,-1,No n'hi ha,-1.0,3,3,1,0,0,0,0,0,0,0,0,0,0,0,4,-1,-1,Envestida (frontal lateral),-1,2,2,5,-1,2,1,13.4,0,2,3,14,7
1885,2011,1,2011-03-10,SE,LLEIDA,Segria,2,0,1,0,2,1,1,0,0,0,0,0,0,100.0,0.0,0,2,Carril bici,-1.0,3,3,1,0,0,0,0,0,0,0,0,0,0,0,4,-1,1,Atropellament,-1,2,4,5,0,2,1,10.3,0,3,3,10,3
1886,2011,1,2011-01-05,SE,SABADELL,Valles Occidental,3,0,1,0,2,1,0,0,0,1,0,0,0,100.0,0.0,0,-1,No n'hi ha,-1.0,3,3,1,0,0,0,0,0,0,0,0,0,0,0,4,-1,-1,Atropellament,-1,2,2,5,-1,2,1,17.48,1,3,2,5,1
1887,2011,1,2011-11-07,SE,MARTORELL,Baix Llobregat,3,0,1,0,2,0,0,0,1,1,0,0,0,100.0,0.0,0,2,No n'hi ha,-1.0,3,3,1,0,0,0,0,0,0,0,0,0,0,1,4,4,1,Envestida (frontal lateral),3,2,2,5,0,1,1,17.02,1,2,0,7,11
1888,2011,0,2011-06-04,BV-5003,MONTMELO,Valles Oriental,3,0,1,2,2,0,0,0,2,0,0,0,0,100.0,0.0,0,2,No n'hi ha,-1.0,3,3,1,0,0,0,0,0,0,0,0,0,0,0,4,-1,1,Encalç,-1,1,2,4,3,2,0,10.15,0,2,5,4,6
1889,2011,1,2011-02-24,SE,BADALONA,Barcelones,3,0,1,0,1,0,0,0,1,0,0,0,0,100.0,0.0,0,-1,No n'hi ha,-1.0,3,3,1,0,0,0,0,0,0,0,1,0,0,1,5,2,0,Caiguda en la via,3,2,0,5,-1,2,1,19.28,1,0,3,24,2
1890,2011,0,2011-12-24,C-1412a,VILANOVA DE L'AGUDA,Noguera,2,1,0,0,1,0,0,0,0,1,0,0,0,100.0,0.0,0,1,No n'hi ha,-1.0,3,3,0,0,1,0,0,0,0,0,0,0,0,0,3,-1,1,Resta sortides de via,-1,1,2,4,2,2,0,18.25,1,1,5,24,12
1891,2011,1,2011-09-23,SE,MANRESA,Bages,3,0,3,0,3,2,0,0,1,0,0,0,0,100.0,0.0,0,2,No n'hi ha,-1.0,3,3,1,0,0,0,0,0,0,0,0,0,0,1,5,3,1,Atropellament,1,2,3,5,0,2,0,20.05,1,3,4,23,9
1892,2011,1,2011-01-31,SE,GRANOLLERS,Valles Oriental,3,0,1,0,2,1,0,0,0,1,0,0,0,100.0,0.0,0,2,No n'hi ha,-1.0,3,3,1,0,0,0,0,0,0,0,0,0,0,2,4,4,1,Atropellament,2,2,2,5,-1,2,1,13.57,0,3,0,31,1
1893,2011,0,2011-07-12,N-340,CREIXELL,Tarragones,0,0,1,0,1,0,0,1,0,0,0,0,0,100.0,0.0,0,1,No n'hi ha,-1.0,3,3,1,0,0,0,0,0,0,0,0,0,0,0,4,-1,1,Caiguda en la via,-1,1,2,4,1,2,1,13.37,0,0,1,12,7
1894,2011,1,2011-08-23,SE,BELLVER DE CERDANYA,Cerdanya,2,0,1,0,1,0,0,0,0,0,1,0,0,30.0,0.0,0,1,No n'hi ha,-1.0,3,3,1,0,0,0,0,0,0,0,0,0,0,0,3,-1,1,Resta sortides de via,-1,2,2,5,3,2,1,22.16,2,1,1,23,8
1895,2011,1,2011-11-05,SE,ESPLUGUES DE LLOBREGAT,Baix Llobregat,3,0,1,0,2,0,0,1,0,1,0,0,0,20.0,0.0,0,2,No n'hi ha,-1.0,1,3,1,-1,0,0,0,-1,0,0,0,0,0,1,5,4,1,Envestida (frontal lateral),2,2,0,5,-1,2,0,21.15,1,2,5,5,11
1896,2011,1,2011-12-23,SE,BARCELONA,Barcelones,3,0,1,0,3,0,0,0,1,1,1,0,0,80.0,0.0,0,-1,No n'hi ha,-1.0,3,3,1,0,0,1,0,0,0,0,0,0,0,0,4,-1,1,Encalç,-1,2,2,5,-1,2,0,15.46,1,2,4,23,12
1898,2011,1,2011-01-17,SE,SANT BOI DE LLOBREGAT,Baix Llobregat,3,0,1,0,3,0,0,0,1,2,0,0,0,100.0,0.0,0,2,No n'hi ha,-1.0,3,3,1,0,0,0,0,0,0,0,0,0,0,0,5,-1,1,Envestida (frontal lateral),-1,2,2,5,-1,2,1,18.29,1,2,0,17,1
1899,2011,0,2011-08-17,A-7,TARRAGONA,Tarragones,0,1,0,0,2,0,0,0,0,1,1,0,0,100.0,0.0,0,2,No n'hi ha,-1.0,3,3,0,0,0,0,0,0,0,0,0,0,1,0,0,-1,1,Xoc contra objecte/obstacle sense sortida prèvia de via,-1,1,2,4,1,2,1,5.35,2,4,2,17,8
1900,2011,1,2011-08-06,SE,MATARO,Maresme,3,0,1,0,2,1,0,0,0,1,0,0,0,20.0,,0,2,No n'hi ha,-1.0,3,3,1,-1,0,0,0,-1,0,0,0,0,1,0,4,-1,0,Atropellament,-1,2,2,5,-1,2,0,17.4,1,3,5,6,8
1901,2011,1,2011-09-22,SE,BARCELONA,Barcelones,3,0,1,1,3,1,0,0,1,1,0,0,0,100.0,0.0,0,-1,No n'hi ha,-1.0,3,3,1,0,0,0,0,0,0,0,0,0,0,0,4,-1,0,Atropellament,-1,2,2,5,-1,2,1,14.55,1,3,3,22,9
1902,2011,1,2011-01-21,SE,OLOT,Garrotxa,1,0,1,0,2,1,0,0,0,1,0,0,0,20.0,0.0,0,-1,No n'hi ha,-1.0,3,3,1,0,-1,0,0,0,0,0,0,0,0,0,4,-1,-1,Atropellament,-1,2,2,5,-1,2,0,15.38,1,3,4,21,1
1903,2011,1,2011-04-16,SE,MANLLEU,Osona,3,0,1,1,3,2,0,0,0,1,0,0,0,20.0,1.0,0,2,No n'hi ha,-1.0,3,3,1,0,0,0,0,0,0,0,0,0,0,0,4,-1,0,Atropellament,-1,2,2,5,-1,2,0,13.42,0,3,5,16,4
1904,2011,1,2011-10-11,SE,LLORET DE MAR,Selva,1,0,1,0,2,1,0,0,0,1,0,0,0,40.0,0.0,0,2,No n'hi ha,-1.0,3,3,1,0,0,0,0,0,0,0,0,0,0,0,4,-1,1,Atropellament,-1,2,2,5,-1,2,1,17.45,1,3,1,11,10
1905,2011,1,2011-01-16,SE,SABADELL,Valles Occidental,3,0,1,0,2,1,0,0,0,1,0,0,0,100.0,1.0,0,-1,No n'hi ha,-1.0,3,3,1,0,0,0,0,0,0,0,0,0,0,0,4,-1,-1,Atropellament,-1,2,2,5,-1,2,0,6.27,0,3,6,16,1
1906,2011,0,2011-04-27,C-35,SANT FELIU DE BUIXALLEU,Selva,1,0,1,0,3,0,0,0,1,2,0,0,0,80.0,0.0,0,2,No n'hi ha,-1.0,3,3,1,0,0,0,0,0,0,0,0,0,0,0,4,-1,1,Envestida (frontal lateral),-1,1,2,4,2,2,1,15.45,1,2,2,27,4
1907,2011,0,2011-05-12,C-16,"NOU DE BERGUEDA, LA",Bergueda,3,1,0,2,2,0,0,0,0,2,0,0,0,100.0,0.0,0,1,No n'hi ha,-1.0,1,3,0,0,0,0,1,0,0,0,0,0,0,0,4,-1,1,Sortida de via amb xoc o col·lisió,-1,1,0,4,2,2,1,18.25,1,1,3,12,5
1908,2011,1,2011-04-23,SE,BARCELONA,Barcelones,3,0,1,0,2,0,0,1,0,1,0,0,0,100.0,0.0,0,-1,No n'hi ha,-1.0,3,3,1,0,0,0,0,0,0,0,0,0,0,1,4,4,1,Fregament o col·lisió lateral,1,2,2,5,-1,2,0,17.35,1,2,5,23,4
1909,2011,1,2011-12-04,SE,REUS,Baix Camp,0,0,1,1,2,0,0,0,0,2,0,0,0,100.0,0.0,0,-1,No n'hi ha,-1.0,3,3,1,0,0,0,0,0,0,0,0,0,0,0,4,-1,-1,Envestida (frontal lateral),-1,2,2,5,-1,2,0,17.3,1,2,6,4,12
1910,2011,1,2011-12-22,SE,BARCELONA,Barcelones,3,0,1,1,2,0,0,0,2,0,0,0,0,100.0,0.0,0,-1,No n'hi ha,-1.0,3,3,1,0,0,0,0,0,0,0,0,0,1,0,4,-1,1,Envestida (frontal lateral),-1,2,2,5,-1,2,1,16.15,1,2,3,22,12
1911,2011,0,2011-06-04,N-230,BOSSOST,Val d'Aran,2,0,4,0,1,0,0,0,0,1,0,0,0,90.0,0.0,0,1,No n'hi ha,-1.0,3,3,1,-1,0,0,0,-1,0,0,0,0,0,0,2,-1,1,Resta sortides de via,-1,1,2,4,1,2,0,16.42,1,1,5,4,6
1912,2011,0,2011-08-21,AP-7,MACANET DE LA SELVA,Selva,1,0,1,0,2,0,0,0,0,1,1,0,0,100.0,0.0,0,1,No n'hi ha,-1.0,3,3,1,0,0,0,0,0,0,0,0,0,0,0,4,-1,1,Encalç,-1,1,2,4,1,2,0,17.22,1,2,6,21,8
1913,2011,0,2011-03-28,B-20,BADALONA,Barcelones,3,0,1,0,1,0,0,1,0,0,0,0,0,100.0,0.0,0,2,No n'hi ha,-1.0,3,3,1,0,0,0,0,0,0,0,0,0,0,0,4,-1,0,Caiguda en la via,-1,1,2,4,3,2,1,11.45,0,0,0,28,3
1914,2011,1,2011-01-09,SE,CERDANYOLA DEL VALLES,Valles Occidental,3,0,1,4,6,0,0,0,0,5,1,0,0,100.0,0.0,0,2,No n'hi ha,-1.0,3,3,1,0,0,0,0,0,0,0,0,0,0,0,5,-1,0,Xoc contra objecte/obstacle sense sortida prèvia de via,-1,2,2,5,-1,2,0,7.08,0,4,6,9,1
1915,2011,1,2011-02-10,SE,TERRASSA,Valles Occidental,3,0,1,0,2,0,0,0,1,1,0,0,0,100.0,0.0,0,2,No n'hi ha,-1.0,3,1,1,0,0,0,0,0,0,0,0,0,0,0,4,-1,1,Fregament o col·lisió lateral,-1,0,2,5,2,2,1,10.15,0,2,3,10,2
1916,2011,1,2011-05-19,SE,BARCELONA,Barcelones,3,0,1,0,2,1,0,0,1,0,0,0,0,100.0,1.0,0,-1,No n'hi ha,-1.0,3,3,1,0,0,0,0,0,0,0,0,0,0,1,4,3,1,Atropellament,2,2,2,5,-1,2,1,13.5,0,3,3,19,5
1917,2011,1,2011-09-21,SE,TARRAGONA,Tarragones,0,0,2,0,3,2,0,0,0,1,0,0,0,100.0,0.0,0,2,No n'hi ha,-1.0,3,3,1,0,0,0,0,0,0,0,0,0,0,2,4,5,1,Atropellament,0,2,2,5,-1,2,1,16.0,1,3,2,21,9
1918,2011,1,2011-08-02,SE,SANT BOI DE LLOBREGAT,Baix Llobregat,3,0,1,0,2,1,0,0,0,1,0,0,0,100.0,0.0,0,-1,No n'hi ha,-1.0,3,3,1,0,0,0,0,0,0,0,0,0,0,1,4,2,1,Atropellament,2,2,2,5,-1,2,1,12.25,0,3,1,2,8
1919,2011,1,2011-09-02,SE,BADALONA,Barcelones,3,0,1,0,2,0,0,0,1,1,0,0,0,100.0,0.0,0,-1,No n'hi ha,-1.0,3,3,1,0,0,0,0,0,0,0,0,0,0,1,4,2,0,Envestida (frontal lateral),2,2,2,5,-1,2,0,23.47,2,2,4,2,9
1920,2011,1,2011-10-08,SE,MATARO,Maresme,3,0,1,0,2,1,0,0,0,1,0,0,0,20.0,0.0,0,-1,No n'hi ha,-1.0,3,3,1,0,0,0,0,0,0,0,0,0,0,1,4,2,0,Atropellament,2,2,2,5,-1,2,0,9.4,0,3,5,8,10
1921,2011,1,2011-11-22,BV-2249,SANT LLORENC D'HORTO,Alt Penedes,3,1,0,0,2,1,0,0,0,1,0,0,0,100.0,0.0,0,2,No n'hi ha,-1.0,1,1,0,0,0,0,1,0,0,0,0,0,1,0,2,-1,1,Atropellament,-1,0,0,4,2,2,1,9.03,0,3,1,22,11
1922,2011,0,2011-05-28,L-311,CERVERA,Segarra,2,1,2,2,2,0,0,0,0,2,0,0,0,100.0,0.0,0,1,No n'hi ha,-1.0,3,3,0,0,0,0,0,0,0,0,0,0,0,0,1,-1,1,Col·lisió frontal,-1,1,2,4,2,1,0,20.51,1,2,5,28,5
1923,2011,0,2011-08-15,GIV-6612,SANTA CRISTINA D'ARO,Baix Emporda,1,0,1,2,2,0,0,0,1,1,0,0,0,100.0,0.0,0,2,No n'hi ha,-1.0,3,3,1,0,0,0,0,0,0,0,0,0,0,0,4,-1,1,Envestida (frontal lateral),-1,1,2,4,3,2,1,13.32,0,2,0,15,8
1924,2011,0,2011-01-28,C-66,SANT JOAN DE MOLLET,Girones,1,0,1,0,3,0,0,0,0,2,1,0,0,100.0,0.0,0,0,No n'hi ha,-1.0,3,3,1,0,0,0,0,0,0,0,1,0,0,0,4,-1,1,Col·lisió frontal,-1,1,2,4,2,2,0,15.0,1,2,4,28,1
1925,2011,1,2011-10-20,SE,FRANQUESES DEL VALLE,Valles Oriental,3,0,1,0,2,1,0,0,1,0,0,0,0,30.0,0.0,0,2,No n'hi ha,-1.0,3,3,1,0,0,0,0,0,0,0,0,0,0,0,4,-1,1,Atropellament,-1,2,2,5,0,2,1,17.0,1,3,3,20,10
1926,2011,0,2011-01-01,BP-4313,BALSARENY,Bages,3,1,0,1,2,0,0,0,0,2,0,0,0,40.0,0.0,0,0,No n'hi ha,-1.0,3,3,0,0,0,0,0,0,0,0,0,0,0,0,3,-1,1,Xoc contra objecte/obstacle sense sortida prèvia de via,-1,1,2,4,3,2,0,3.3,2,4,5,1,1
1927,2011,0,2011-03-12,N-II,GIRONA,Girones,1,1,0,0,2,0,0,0,0,1,1,0,0,100.0,0.0,0,2,No n'hi ha,-1.0,2,2,0,0,0,0,0,0,0,0,0,0,0,0,3,-1,1,Col·lisió frontal,-1,1,0,4,1,2,0,6.15,0,2,5,12,3
1928,2011,1,2011-02-05,SE,ROQUETES,Baix Ebre,0,0,1,0,1,0,0,0,0,0,0,1,0,20.0,0.0,0,-1,No n'hi ha,-1.0,3,3,1,-1,0,0,0,-1,0,0,0,0,0,0,4,-1,1,Resta sortides de via,-1,2,2,5,0,2,0,10.0,0,1,5,5,2
1929,2011,0,2011-07-03,N-II,MACANET DE LA SELVA,Selva,1,1,1,1,3,0,0,0,0,3,0,0,0,100.0,0.0,0,2,No n'hi ha,-1.0,3,3,0,0,0,0,0,0,0,0,0,0,0,0,4,-1,1,Col·lisió frontal,-1,1,2,4,1,2,0,20.29,1,2,6,3,7
1930,2011,0,2011-08-09,C-15,VILANOVA I LA GELTRU,Garraf,3,0,1,0,3,0,0,0,0,2,1,0,0,60.0,0.0,0,3,No n'hi ha,0.0,3,3,1,0,0,0,0,0,0,0,0,0,0,0,4,-1,1,Fregament o col·lisió lateral,-1,1,2,4,2,2,1,15.15,1,2,1,9,8
1931,2011,0,2011-08-27,N-340,AMPOSTA,Montsia,0,1,0,0,2,0,0,0,1,1,0,0,0,100.0,0.0,0,2,No n'hi ha,-1.0,3,3,0,0,1,0,0,0,0,0,0,0,0,0,4,-1,1,Fregament o col·lisió lateral,-1,1,2,4,1,2,0,18.3,1,2,5,27,8
1932,2011,0,2011-11-12,SE,PIERA,Anoia,3,0,1,0,2,0,1,0,0,1,0,0,0,30.0,0.0,0,2,No n'hi ha,-1.0,3,3,1,0,0,0,0,0,1,0,0,0,0,1,3,4,1,Col·lisió frontal,1,1,2,3,3,2,0,20.3,1,2,5,12,11
1933,2011,1,2011-02-17,N-230,BOSSOST,Val d'Aran,2,0,1,0,2,1,0,0,0,1,0,0,0,100.0,0.0,0,2,No n'hi ha,-1.0,0,1,1,0,0,0,0,0,0,0,0,0,1,0,4,-1,1,Atropellament,-1,0,4,4,1,2,1,20.0,1,3,3,17,2
1934,2011,1,2011-02-17,SE,TARRAGONA,Tarragones,0,0,1,0,2,0,0,0,1,1,0,0,0,20.0,,0,2,No n'hi ha,-1.0,1,3,1,-1,0,0,0,-1,0,0,0,0,0,1,2,3,1,Envestida (frontal lateral),2,2,0,5,-1,2,1,8.45,0,2,3,17,2
1935,2011,1,2011-05-12,SE,SANT BOI DE LLOBREGAT,Baix Llobregat,3,0,1,0,2,1,0,0,0,1,0,0,0,100.0,0.0,0,2,No n'hi ha,-1.0,3,3,1,0,0,0,0,0,0,0,0,0,0,2,4,-1,1,Atropellament,1,2,2,5,-1,2,1,17.5,1,3,3,12,5
1936,2011,1,2011-02-24,SE,"PRAT DE LLOBREGAT, E",Baix Llobregat,3,0,1,0,2,0,0,0,1,1,0,0,0,100.0,0.0,0,-1,No n'hi ha,-1.0,3,3,1,0,0,0,0,0,0,0,0,0,0,0,4,-1,-1,Envestida (frontal lateral),-1,2,2,5,-1,2,1,13.1,0,2,3,24,2
1937,2011,0,2011-10-07,N-260,FONTANALS DE CERDANYA,Cerdanya,1,0,1,0,2,0,0,0,1,1,0,0,0,60.0,0.0,0,1,No n'hi ha,-1.0,3,3,1,0,0,0,0,0,0,0,0,0,0,0,4,-1,1,Fregament o col·lisió lateral,-1,1,2,4,1,2,1,12.57,0,2,4,7,10
1938,2011,1,2011-07-01,SE,BARCELONA,Barcelones,3,0,1,0,2,0,1,0,0,1,0,0,0,100.0,0.0,0,-1,Carril bici,-1.0,3,3,1,0,0,0,0,0,0,0,0,0,0,0,4,-1,1,Fregament o col·lisió lateral,-1,2,2,5,-1,2,1,14.45,1,2,4,1,7
1939,2011,1,2011-10-18,SE,CASTELL-PLATJA D'ARO,Baix Emporda,1,0,1,0,2,1,0,0,0,1,0,0,0,100.0,0.0,0,2,No n'hi ha,-1.0,3,3,1,0,0,0,0,0,0,0,0,0,0,0,4,-1,1,Atropellament,-1,2,2,5,-1,2,1,14.3,1,3,1,18,10
1940,2011,0,2011-02-17,T-742,VALLS,Alt Camp,0,0,1,0,1,0,0,0,1,0,0,0,0,100.0,0.0,0,0,No n'hi ha,-1.0,3,3,1,0,1,0,0,0,0,0,0,0,0,0,2,-1,1,Xoc contra objecte/obstacle sense sortida prèvia de via,-1,1,2,4,3,2,1,17.22,1,4,3,17,2
1941,2011,1,2011-04-15,SE,BARCELONA,Barcelones,3,1,0,0,2,1,0,0,0,0,0,1,0,100.0,0.0,0,-1,Altres,-1.0,3,3,0,0,0,0,0,0,0,0,0,0,0,1,5,5,1,Atropellament,2,2,2,5,-1,2,0,20.51,1,3,4,15,4
1942,2011,0,2011-09-03,L-200,PUIGGROS,Garrigues,2,1,0,3,3,0,0,0,1,1,1,0,0,100.0,0.0,0,2,No n'hi ha,-1.0,3,3,0,0,0,0,0,0,0,0,0,0,0,0,4,-1,1,Col·lisió frontal,-1,1,2,4,2,2,0,10.59,0,2,5,3,9
1943,2011,0,2011-03-24,C-51,ALBINYANA,Baix Penedes,0,0,1,0,2,1,0,0,0,1,0,0,0,50.0,0.0,0,2,No n'hi ha,-1.0,3,3,1,0,0,0,0,0,0,0,0,0,0,0,3,-1,1,Atropellament,-1,1,2,4,2,2,1,20.17,1,3,3,24,3
1944,2011,0,2011-06-24,N-II,GIRONA,Girones,1,0,2,0,1,0,0,0,0,1,0,0,0,100.0,0.0,0,0,No n'hi ha,-1.0,3,2,1,0,0,0,0,0,0,0,0,0,0,0,4,-1,1,Resta sortides de via,-1,1,2,4,1,2,0,16.42,1,1,4,24,6
1945,2011,0,2011-10-23,C-563,JOSA I TUIXEN,Alt Urgell,2,0,1,0,1,0,0,0,1,0,0,0,0,40.0,0.0,0,1,No n'hi ha,-1.0,3,3,1,0,0,0,0,0,0,0,0,0,0,0,4,-1,1,Caiguda en la via,-1,1,2,4,3,2,0,11.55,0,0,6,23,10
1946,2011,0,2011-06-04,BV-5003,MONTMELO,Valles Oriental,3,0,1,0,2,0,0,0,1,1,0,0,0,50.0,0.0,0,3,No n'hi ha,,3,3,1,0,0,0,1,0,0,0,0,0,0,0,0,-1,1,Xoc contra objecte/obstacle sense sortida prèvia de via,-1,1,2,4,0,2,0,1.0,2,4,5,4,6
1947,2011,1,2011-05-03,SE,TORROELLA DE MONTGRI,Baix Emporda,1,0,1,0,2,0,0,1,0,1,0,0,0,20.0,0.0,0,-1,No n'hi ha,-1.0,3,3,1,-1,0,0,0,-1,0,0,0,0,0,1,4,4,1,Envestida (frontal lateral),2,2,2,5,-1,2,1,14.05,1,2,1,3,5
1948,2011,1,2011-06-22,SE,ROSES,Alt Emporda,1,0,1,0,2,1,0,0,0,1,0,0,0,40.0,0.0,0,2,No n'hi ha,-1.0,3,3,1,0,0,0,0,0,0,0,0,0,0,1,4,-1,1,Atropellament,1,2,2,5,-1,2,1,17.3,1,3,2,22,6
1949,2011,0,2011-02-11,BV-2002,SANTA COLOMA DE CERV,Baix Llobregat,3,0,1,2,3,0,0,0,0,3,0,0,0,50.0,0.0,0,2,No n'hi ha,-1.0,3,3,1,0,0,0,0,0,0,0,0,0,0,0,0,-1,1,Col·lisió frontal,-1,1,2,4,3,2,0,22.0,2,2,4,11,2
1950,2011,1,2011-01-10,SE,CASTELLAR DEL VALLES,Valles Occidental,3,0,1,1,2,0,0,1,0,1,0,0,0,40.0,0.0,0,2,No n'hi ha,-1.0,3,3,1,-1,0,0,0,-1,0,0,0,0,-1,1,4,4,1,Envestida (frontal lateral),2,2,2,5,-1,2,1,13.15,0,2,0,10,1
1951,2011,0,2011-05-12,B-211,SANT PERE DE RIBES,Garraf,3,0,1,0,2,0,0,0,1,1,0,0,0,50.0,0.0,0,3,No n'hi ha,-1.0,3,3,1,0,0,0,0,0,0,0,0,0,0,1,4,5,1,Envestida (frontal lateral),1,1,2,4,3,2,1,19.15,1,2,3,12,5
1952,2011,1,2011-09-28,SE,"MASNOU, EL",Maresme,3,0,1,0,2,0,0,0,2,0,0,0,0,20.0,0.0,0,-1,No n'hi ha,-1.0,3,3,1,0,-1,0,0,0,0,0,0,0,0,0,1,-1,-1,Encalç,-1,2,2,5,-1,2,1,8.05,0,2,2,28,9