,Year,Area,Date,Road,Municipality Name,County Name,Province Name,Fatalties,Serious Injuries,Light Injuries,Units Involved,Pedestrains Involved,Bicycles Involved,Mopeds Involved,Motorcycles,Light Vehicles Involved,Heavy Vehicles Involved,Other Units Involved,Unspecified Units Involved,Road Speed Limit,Accident with Hit and Run,Fog Presence,Surrounding Environment,Special Lane Presence,Special Traffic Measures,Weather Conditions,Special Road Functions,Severity of Accident,Influence of Fog,Influence of Environment,Influence of Traffic,Influence of Weather,Influence of Wind Intensity,Influence of Lighting,Influence of Special Measures,Influence of Road Objects,Influence of Road Surface,Influence of Visibility,Intersection Characteristics,Lighting Conditions,Traffic Regulation and Priority,Direction of Road,Subtype of Accident,Subtype of Road Section,Subzone within Area,Road Surface Conditions,Type of Road,Road Ownership,Wind Conditions,Day of the Week Grouping,Hour of Day,Time of Day Grouping,Type of Accident,Day Type,Day,Month
1953,2011,1,2011-05-01,SE,BARCELONA,Barcelones,3,0,1,1,2,0,0,0,2,0,0,0,0,100.0,0.0,0,-1,Carril bus,-1.0,3,3,1,0,0,0,0,0,0,0,0,0,0,1,4,3,1,Envestida (frontal lateral),0,2,2,5,-1,2,0,10.4,0,2,6,1,5
1954,2011,1,2011-12-23,SE,SANTA COLOMA DE GRAMANET,Barcelones,3,0,1,1,3,2,0,0,0,0,1,0,0,20.0,0.0,0,-1,No n'hi ha,-1.0,3,3,1,0,0,0,0,0,0,0,0,0,0,1,4,3,-1,Atropellament,2,2,2,5,-1,2,1,10.35,0,3,4,23,12
1955,2011,0,2011-12-01,AP-7,SANT CUGAT DEL VALLES,Valles Occidental,3,0,1,0,2,0,0,0,0,1,1,0,0,100.0,0.0,0,1,No n'hi ha,-1.0,3,3,1,0,0,0,0,0,0,0,0,0,0,0,1,-1,1,Fregament o col·lisió lateral,-1,1,2,4,1,2,1,7.32,0,2,3,1,12
1956,2011,1,2011-05-19,SE,BARCELONA,Barcelones,3,0,1,0,4,0,0,1,2,1,0,0,0,100.0,0.0,0,-1,No n'hi ha,-1.0,3,3,1,0,0,0,0,0,0,0,0,0,0,1,5,3,1,Envestida (frontal lateral),2,2,2,5,-1,2,1,21.45,1,2,3,19,5
1957,2011,1,2011-03-19,SE,GRANOLLERS,Valles Oriental,3,0,1,1,2,0,0,1,0,1,0,0,0,100.0,0.0,0,2,No n'hi ha,-1.0,3,3,1,0,0,0,0,0,0,0,0,0,0,1,4,4,0,Envestida (frontal lateral),0,2,2,5,-1,2,0,18.1,1,2,5,19,3
1958,2011,1,2011-10-21,SE,BLANES,Selva,1,0,1,1,2,0,0,1,0,1,0,0,0,90.0,0.0,0,0,No n'hi ha,-1.0,3,1,1,-1,1,0,0,-1,1,0,0,0,-1,1,5,4,1,Envestida (frontal lateral),1,0,2,5,-1,2,0,21.4,1,2,4,21,10
1959,2011,1,2011-08-02,SE,"PRAT DE LLOBREGAT, E",Baix Llobregat,3,0,1,0,2,0,0,1,1,0,0,0,0,100.0,0.0,0,2,No n'hi ha,-1.0,3,3,1,0,0,0,0,0,0,0,0,0,0,0,1,-1,1,Encalç,-1,2,2,5,2,2,1,20.4,1,2,1,2,8
1960,2011,1,2011-11-30,SE,VIELHA E MIJARAN,Val d'Aran,2,0,1,1,2,1,0,0,0,1,0,0,0,50.0,0.0,0,2,No n'hi ha,-1.0,3,1,1,0,1,0,0,0,0,0,0,0,0,0,5,-1,1,Atropellament,-1,0,2,5,-1,2,1,19.25,1,3,2,30,11
1961,2011,0,2011-04-13,B-20,CORNELLA DE LLOBREGAT,Baix Llobregat,3,0,2,0,2,0,0,0,0,0,1,1,0,60.0,0.0,0,3,No n'hi ha,-1.0,3,0,1,0,0,0,0,0,0,0,0,0,0,0,0,-1,0,Caiguda en la via,-1,1,2,4,2,2,1,4.3,2,0,2,13,4
1962,2011,1,2011-03-05,SE,MOLLET DEL VALLES,Valles Oriental,3,0,1,1,2,0,0,1,0,1,0,0,0,100.0,0.0,0,2,No n'hi ha,-1.0,3,3,1,0,0,0,0,0,0,0,0,0,0,1,4,4,1,Envestida (frontal lateral),2,2,2,5,-1,2,0,14.18,1,2,5,5,3
1963,2011,0,2011-06-12,L-511,COLL DE NARGO,Alt Urgell,2,0,1,0,1,0,0,0,1,0,0,0,0,100.0,0.0,0,1,No n'hi ha,-1.0,3,3,1,0,0,0,0,0,0,0,0,0,0,0,4,-1,1,Resta sortides de via,-1,1,2,4,3,2,0,14.2,1,1,6,12,6
1964,2011,1,2011-06-17,SE,SANTA COLOMA DE GRAMANET,Barcelones,3,0,1,0,2,1,0,0,0,1,0,0,0,20.0,0.0,0,-1,No n'hi ha,-1.0,3,3,1,-1,0,0,0,-1,0,0,0,0,1,0,4,-1,0,Atropellament,-1,2,2,5,-1,2,0,15.12,1,3,4,17,6
1965,2011,1,2011-01-15,SE,LLEIDA,Segria,2,0,1,0,2,1,0,1,0,0,0,0,0,100.0,0.0,0,-1,No n'hi ha,-1.0,3,3,1,0,0,0,0,0,0,0,0,0,0,0,4,-1,-1,Atropellament,-1,2,2,5,-1,2,0,18.2,1,3,5,15,1
1966,2011,1,2011-03-22,SE,TORTOSA,Baix Ebre,0,0,1,0,1,0,0,0,0,1,0,0,0,100.0,0.0,0,3,No n'hi ha,-1.0,1,3,1,0,0,0,0,0,0,0,0,0,0,2,2,-1,0,Resta sortides de via,0,2,0,5,-1,2,1,8.35,0,1,1,22,3
1967,2011,0,2011-08-28,BV-2115,CASTELLET I LA GORNA,Alt Penedes,3,1,0,0,1,0,0,0,1,0,0,0,0,100.0,0.0,0,1,No n'hi ha,-1.0,3,3,0,0,0,0,0,0,0,0,0,0,0,0,4,-1,1,Caiguda en la via,-1,1,2,4,3,2,0,12.02,0,0,6,28,8
1968,2011,0,2011-07-30,TP-2125,SANTA OLIVA,Baix Penedes,0,0,1,1,2,0,1,0,1,0,0,0,0,90.0,0.0,0,2,No n'hi ha,-1.0,3,3,1,-1,0,0,0,-1,1,0,0,0,0,0,3,-1,1,Encalç,-1,1,2,4,3,2,0,3.53,2,2,5,30,7
1969,2011,0,2011-10-27,C-66,CORNELLA DEL TERRI,Pla de l'Estany,1,0,1,4,2,0,0,0,0,2,0,0,0,90.0,0.0,0,1,No n'hi ha,-1.0,1,3,1,-1,0,0,0,-1,0,0,0,0,-1,0,2,-1,1,Encalç,-1,1,0,4,2,2,1,11.55,0,2,3,27,10
1970,2011,1,2011-01-27,BV-2411,OLESA DE BONESVALLS,Alt Penedes,3,0,1,1,2,0,0,0,0,2,0,0,0,50.0,0.0,0,2,No n'hi ha,-1.0,1,1,1,0,0,0,0,0,0,0,0,0,0,1,2,4,1,Fregament o col·lisió lateral,1,0,0,4,2,2,1,11.2,0,2,3,27,1
1971,2011,1,2011-12-23,SE,SABADELL,Valles Occidental,3,0,1,5,2,0,0,0,0,2,0,0,0,100.0,0.0,0,-1,No n'hi ha,-1.0,3,3,1,0,0,0,0,0,0,0,0,0,0,0,4,-1,-1,Envestida (frontal lateral),-1,2,2,5,-1,2,1,6.1,0,2,4,23,12
1972,2011,1,2011-10-28,SE,BARCELONA,Barcelones,3,0,1,0,2,1,0,0,0,1,0,0,0,100.0,0.0,0,-1,No n'hi ha,-1.0,3,3,1,0,0,0,0,0,0,0,0,0,1,0,4,-1,0,Atropellament,-1,2,0,5,-1,2,0,17.1,1,3,4,28,10
1973,2011,0,2011-02-21,AP-7,BARBERA DEL VALLES,Valles Occidental,3,0,1,0,5,0,0,0,0,2,3,0,0,100.0,1.0,0,1,No n'hi ha,-1.0,3,3,1,0,0,0,0,0,0,0,0,0,0,0,4,-1,1,Fregament o col·lisió lateral,-1,1,2,4,1,2,1,13.41,0,2,0,21,2
1974,2011,0,2011-09-29,C-59,CALDES DE MONTBUI,Valles Oriental,3,0,2,1,2,0,0,0,0,1,1,0,0,60.0,0.0,0,2,No n'hi ha,-1.0,3,3,1,0,0,0,0,0,0,0,0,0,0,1,4,4,1,Envestida (frontal lateral),1,1,2,4,2,2,1,13.3,0,2,3,29,9
1975,2011,0,2011-09-11,B-402,GUARDIOLA DE BERGUEDA,Bergueda,3,0,1,0,1,0,0,0,1,0,0,0,0,100.0,0.0,0,3,No n'hi ha,-1.0,3,3,1,0,0,0,0,0,0,0,0,0,0,0,4,-1,1,Resta sortides de via,-1,1,2,4,3,2,0,12.48,0,1,6,11,9
1976,2011,0,2011-10-01,BV-6001,MALGRAT DE MAR,Maresme,3,0,1,0,3,0,0,0,1,2,0,0,0,100.0,0.0,0,-1,No n'hi ha,-1.0,3,3,1,0,0,0,0,0,0,0,0,0,0,0,4,-1,-1,Encalç,-1,1,2,4,-1,2,0,9.29,0,2,5,1,10
1977,2011,1,2011-10-03,SE,REUS,Baix Camp,0,0,1,1,2,1,0,0,0,1,0,0,0,100.0,0.0,0,-1,No n'hi ha,-1.0,3,3,1,0,0,0,0,0,0,0,0,0,0,0,4,-1,-1,Atropellament,-1,2,2,5,-1,2,1,12.47,0,3,0,3,10
1978,2011,1,2011-11-23,SE,LLEIDA,Segria,2,0,1,0,2,1,0,0,0,1,0,0,0,100.0,0.0,0,-1,No n'hi ha,-1.0,3,3,1,0,0,0,0,0,0,0,0,0,0,0,4,-1,0,Atropellament,-1,2,2,5,0,2,1,14.15,1,3,2,23,11
1979,2011,1,2011-10-30,SE,SANT BOI DE LLOBREGAT,Baix Llobregat,3,0,2,0,3,2,0,0,0,1,0,0,0,100.0,0.0,0,2,No n'hi ha,-1.0,3,3,1,0,0,0,0,0,0,0,0,0,0,0,4,-1,1,Atropellament,-1,2,2,5,-1,2,0,13.25,0,3,6,30,10
1980,2011,0,2011-03-17,N-150,BARBERA DEL VALLES,Valles Occidental,3,0,1,0,2,0,1,0,0,1,0,0,0,60.0,0.0,0,2,No n'hi ha,-1.0,3,3,1,0,0,0,0,0,0,0,0,0,0,2,4,4,0,Fregament o col·lisió lateral,3,1,2,4,2,2,1,17.3,1,2,3,17,3
1981,2011,1,2011-09-28,SE,BARCELONA,Barcelones,3,0,1,0,2,0,0,0,1,1,0,0,0,100.0,0.0,0,-1,No n'hi ha,-1.0,3,3,1,0,0,0,0,0,0,0,0,0,0,0,4,-1,0,Caiguda en la via,-1,2,2,5,-1,2,1,16.1,1,0,2,28,9
1982,2011,1,2011-07-09,SE,"AVELLANES I SANTA LINYA, LES",Noguera,2,0,1,0,2,0,1,0,1,0,0,0,0,100.0,0.0,0,1,No n'hi ha,-1.0,3,3,1,0,1,0,0,0,0,0,0,0,0,0,4,-1,1,Envestida (frontal lateral),-1,2,0,5,4,2,0,11.14,0,2,5,9,7
1983,2011,1,2011-04-29,SE,BARCELONA,Barcelones,3,1,0,0,2,0,0,0,1,0,1,0,0,100.0,0.0,0,-1,No n'hi ha,-1.0,1,3,0,0,0,0,0,0,0,0,0,0,0,1,4,2,0,Caiguda en la via,2,2,0,5,-1,2,1,11.05,0,0,4,29,4
1984,2011,1,2011-09-21,SE,TERRASSA,Valles Occidental,3,0,1,1,2,1,0,0,1,0,0,0,0,100.0,0.0,0,-1,No n'hi ha,-1.0,3,3,1,0,0,0,0,0,0,0,0,0,0,0,4,-1,-1,Atropellament,-1,2,2,5,-1,2,1,10.4,0,3,2,21,9
1985,2011,1,2011-07-14,C-31,VERGES,Baix Emporda,1,0,1,0,2,0,0,0,0,2,0,0,0,50.0,0.0,0,2,No n'hi ha,-1.0,3,1,1,0,0,0,0,0,0,0,0,0,0,0,4,-1,1,Envestida (frontal lateral),-1,0,2,4,2,2,1,13.45,0,2,3,14,7
1986,2011,0,2011-12-22,SE,MANRESA,Bages,3,0,1,0,1,0,0,0,0,1,0,0,0,50.0,0.0,0,2,No n'hi ha,-1.0,3,3,1,0,0,0,0,0,0,0,0,0,0,0,5,-1,1,Resta sortides de via,-1,1,2,3,0,2,1,5.2,2,1,3,22,12
1987,2011,1,2011-10-12,SE,REUS,Baix Camp,0,0,1,0,1,0,0,0,0,1,0,0,0,50.0,0.0,0,2,No n'hi ha,-1.0,3,3,1,0,0,0,0,0,0,0,0,0,0,0,4,-1,1,Resta sortides de via,-1,2,2,5,-1,2,1,16.3,1,1,2,12,10
1988,2011,0,2011-03-11,N-II,CABRERA DE MAR,Maresme,3,0,1,0,2,0,0,1,0,1,0,0,0,90.0,0.0,0,-1,No n'hi ha,-1.0,3,3,1,-1,0,0,0,-1,0,0,0,0,-1,0,4,-1,1,Fregament o col·lisió lateral,-1,1,2,4,1,2,1,14.34,1,2,4,11,3
1989,2011,0,2011-07-19,C-25,SANTA COLOMA DE FARNERS,Selva,1,1,0,1,2,0,0,0,0,1,1,0,0,80.0,0.0,0,1,No n'hi ha,0.0,3,3,0,0,0,0,0,0,0,0,0,0,0,0,4,-1,1,Col·lisió frontal,-1,1,2,4,2,2,1,19.41,1,2,1,19,7
1990,2011,0,2011-11-24,N-260,ESTAMARIU,Alt Urgell,2,0,2,0,2,0,0,0,0,2,0,0,0,90.0,0.0,0,-1,No n'hi ha,-1.0,3,3,1,0,0,0,0,0,0,0,0,0,0,0,4,-1,-1,Xoc contra objecte/obstacle sense sortida prèvia de via,-1,1,2,4,1,2,1,14.05,1,4,3,24,11
1991,2011,0,2011-01-25,N-340,ALCANAR,Montsia,0,0,1,2,2,0,0,0,0,2,0,0,0,100.0,0.0,0,1,No n'hi ha,3.0,3,3,1,0,0,0,0,0,0,0,0,0,0,0,4,-1,1,Encalç,-1,1,2,4,1,2,1,9.45,0,2,1,25,1
1992,2011,1,2011-02-15,SE,SANT ADRIA DE BESOS,Barcelones,3,0,1,0,2,1,0,0,0,1,0,0,0,20.0,0.0,0,2,No n'hi ha,-1.0,3,3,1,-1,0,0,0,-1,0,0,0,0,-1,1,5,4,0,Atropellament,2,2,0,5,-1,2,1,19.35,1,3,1,15,2
1993,2011,0,2011-07-06,A-26,OLOT,Garrotxa,1,0,1,0,1,0,0,0,0,1,0,0,0,100.0,0.0,0,2,No n'hi ha,-1.0,3,3,1,0,0,0,0,0,0,0,0,0,0,1,0,5,0,Resta sortides de via,3,1,2,4,0,2,1,22.2,2,1,2,6,7
1994,2011,0,2011-07-24,GIV-5343,VILOBI D'ONYAR,Selva,1,0,2,1,2,0,0,0,0,2,0,0,0,100.0,0.0,0,2,No n'hi ha,-1.0,3,3,1,0,0,0,0,0,0,0,0,0,1,1,4,5,1,Envestida (frontal lateral),1,1,2,4,3,2,0,16.0,1,2,6,24,7
1995,2011,0,2011-04-16,A-2,CASTELLOLI,Anoia,3,0,1,0,1,0,0,0,0,1,0,0,0,100.0,0.0,0,0,No n'hi ha,-1.0,3,3,1,-1,0,0,0,-1,0,0,0,0,-1,0,4,-1,1,Resta sortides de via,-1,1,2,1,1,2,0,10.54,0,1,5,16,4
1996,2011,1,2011-11-23,SE,SABADELL,Valles Occidental,3,1,1,1,4,3,0,0,0,1,0,0,0,100.0,0.0,0,-1,No n'hi ha,-1.0,3,3,0,0,0,0,0,0,0,0,0,0,0,0,4,-1,-1,Atropellament,-1,2,2,5,-1,2,1,20.03,1,3,2,23,11
1997,2011,0,2011-10-16,BV-2117,CASTELLET I LA GORNA,Alt Penedes,3,0,1,0,1,0,0,1,0,0,0,0,0,100.0,0.0,0,3,No n'hi ha,-1.0,3,3,1,0,0,0,0,0,0,0,0,0,0,1,4,-1,1,Xoc contra objecte/obstacle sense sortida prèvia de via,1,1,2,4,0,2,0,19.15,1,4,6,16,10
1998,2011,1,2011-07-25,C-15,CANYELLES,Garraf,3,0,1,0,2,1,0,0,0,1,0,0,0,40.0,0.0,0,2,No n'hi ha,-1.0,3,1,1,0,0,0,0,0,0,0,0,0,0,2,4,4,1,Atropellament,0,0,2,4,2,2,1,11.22,0,3,0,25,7
1999,2011,1,2011-06-12,SE,BARCELONA,Barcelones,3,0,1,2,2,0,0,0,0,2,0,0,0,100.0,0.0,0,-1,No n'hi ha,-1.0,3,3,1,0,0,0,0,0,0,0,0,0,0,1,4,3,1,Envestida (frontal lateral),2,2,2,5,-1,2,0,19.35,1,2,6,12,6
2000,2011,1,2011-08-02,SE,PALAFRUGELL,Baix Emporda,1,0,1,0,2,1,0,0,1,0,0,0,0,20.0,0.0,0,-1,No n'hi ha,-1.0,3,3,1,-1,-1,0,0,-1,0,0,0,0,0,0,4,-1,-1,Atropellament,-1,2,2,5,-1,2,1,17.5,1,3,1,2,8
2001,2011,1,2011-12-23,SE,SABADELL,Valles Occidental,3,0,1,1,3,2,0,0,0,1,0,0,0,100.0,0.0,0,-1,No n'hi ha,-1.0,3,3,1,0,0,0,0,0,0,0,0,0,0,0,4,-1,-1,Atropellament,-1,2,2,5,-1,2,0,18.38,1,3,4,23,12
2002,2011,1,2011-04-10,C-66,BORDILS,Girones,1,0,1,0,2,1,0,0,0,1,0,0,0,100.0,0.0,0,2,No n'hi ha,-1.0,3,1,1,0,0,0,0,0,0,0,0,0,0,0,4,-1,1,Atropellament,-1,0,2,4,2,2,0,12.2,0,3,6,10,4
2003,2011,0,2011-11-02,BV-5011,BADALONA,Barcelones,3,0,1,0,1,0,0,1,0,0,0,0,0,100.0,0.0,0,1,No n'hi ha,-1.0,3,3,1,0,0,0,0,0,0,0,0,0,0,0,2,-1,1,Caiguda en la via,-1,1,2,4,3,2,1,9.09,0,0,2,2,11
2004,2011,1,2011-01-03,SE,MOLLET DEL VALLES,Valles Oriental,3,0,1,0,2,1,0,0,0,1,0,0,0,100.0,0.0,0,2,No n'hi ha,-1.0,3,3,1,0,0,0,0,0,0,0,0,0,0,1,4,5,0,Atropellament,1,2,2,5,-1,2,1,12.4,0,3,0,3,1
2005,2011,1,2011-06-06,SE,TERRASSA,Valles Occidental,3,0,1,0,1,0,0,0,0,0,1,0,0,100.0,0.0,0,2,No n'hi ha,-1.0,3,3,1,0,0,0,0,0,0,0,0,0,0,0,4,-1,1,Caiguda en la via,-1,2,2,5,-1,2,1,19.15,1,0,0,6,6
2006,2011,1,2011-11-09,SE,SABADELL,Valles Occidental,3,0,1,0,2,0,0,0,1,1,0,0,0,100.0,0.0,0,-1,No n'hi ha,-1.0,3,3,1,0,0,0,0,0,0,0,0,0,0,0,4,-1,-1,Envestida (frontal lateral),-1,2,2,5,-1,2,1,7.37,0,2,2,9,11
2007,2011,0,2011-04-16,B-20,BADALONA,Barcelones,3,0,2,0,1,0,0,0,1,0,0,0,0,40.0,0.0,0,2,Carril d'alentiment,-1.0,3,0,1,0,0,0,0,0,0,0,0,0,0,0,4,-1,0,Caiguda en la via,-1,1,2,4,2,2,0,17.2,1,0,5,16,4
2008,2011,1,2011-11-14,SE,LLEIDA,Segria,2,0,1,0,3,1,0,0,0,1,0,1,0,100.0,0.0,0,3,No n'hi ha,-1.0,3,3,1,0,0,0,0,0,0,0,0,0,0,0,4,-1,0,Atropellament,-1,2,2,5,-1,2,1,14.0,1,3,0,14,11
2010,2011,0,2011-11-10,N-340,VILAFRANCA DEL PENEDES,Alt Penedes,3,0,1,1,2,0,0,0,0,1,1,0,0,100.0,0.0,0,2,No n'hi ha,-1.0,3,3,1,0,0,0,0,0,0,0,0,0,0,0,4,-1,1,Encalç,-1,1,2,4,1,2,1,16.4,1,2,3,10,11
2011,2011,0,2011-02-05,SE,MONTOLIU DE LLEIDA,Segria,2,1,0,1,1,0,0,0,0,1,0,0,0,100.0,0.0,0,1,No n'hi ha,-1.0,3,3,0,0,0,0,0,0,0,0,0,0,0,2,1,5,1,Sortida de via amb bolcada,-1,1,2,3,0,2,0,8.36,0,1,5,5,2
2012,2011,1,2011-09-11,SE,TORTOSA,Baix Ebre,0,0,1,0,1,0,0,0,0,1,0,0,0,100.0,0.0,0,3,No n'hi ha,-1.0,3,3,1,0,0,0,0,0,0,0,0,0,0,0,1,-1,1,Resta sortides de via,-1,2,2,5,0,2,0,20.42,1,1,6,11,9
2013,2011,1,2011-06-27,SE,SABADELL,Valles Occidental,3,0,1,0,2,1,0,0,0,1,0,0,0,100.0,0.0,0,-1,No n'hi ha,-1.0,3,3,1,0,0,0,0,0,0,0,0,0,0,0,4,-1,-1,Atropellament,-1,2,2,5,-1,2,1,17.42,1,3,0,27,6
2014,2011,0,2011-03-27,N-340,VINYOLS I ELS ARCS,Baix Camp,0,0,1,4,1,0,0,0,0,1,0,0,0,80.0,0.0,0,2,No n'hi ha,-1.0,3,3,1,0,0,0,0,0,0,0,0,0,0,0,4,-1,1,Resta sortides de via,-1,1,2,4,1,2,0,19.45,1,1,6,27,3
2015,2011,0,2011-08-12,N-IIa,CASTELLOLI,Anoia,3,0,1,0,1,0,0,0,1,0,0,0,0,90.0,0.0,0,2,No n'hi ha,-1.0,3,3,1,-1,0,0,0,-1,0,0,0,0,0,1,5,4,1,Resta sortides de via,0,1,1,4,1,2,0,22.3,2,1,4,12,8
2016,2011,1,2011-07-22,SE,CORNELLA DE LLOBREGAT,Baix Llobregat,3,0,1,0,2,0,0,0,1,1,0,0,0,20.0,0.0,0,2,Carril central,-1.0,3,3,1,-1,0,0,0,-1,0,0,0,0,-1,1,4,4,1,Envestida (frontal lateral),1,2,2,5,-1,2,0,18.3,1,2,4,22,7
2017,2011,0,2011-07-27,BV-2411,OLESA DE BONESVALLS,Alt Penedes,3,0,1,0,1,0,0,0,1,0,0,0,0,100.0,0.0,0,3,No n'hi ha,-1.0,3,3,1,0,0,0,0,0,0,0,0,0,0,0,4,-1,1,Resta sortides de via,-1,1,2,4,2,2,1,19.15,1,1,2,27,7
2018,2011,1,2011-11-13,SE,SEVA,Osona,3,0,2,0,2,0,0,0,1,1,0,0,0,50.0,0.0,1,2,No n'hi ha,-1.0,3,3,1,-1,0,0,0,-1,0,0,0,0,1,0,2,-1,1,Envestida (frontal lateral),-1,2,2,5,2,2,0,10.3,0,2,6,13,11
2019,2011,1,2011-09-13,SE,SANT ANDREU DE LLAVANERES,Maresme,3,0,1,0,2,0,0,1,0,1,0,0,0,20.0,0.0,0,-1,No n'hi ha,-1.0,3,3,1,0,-1,0,0,0,0,0,0,0,0,1,4,4,-1,Envestida (frontal lateral),0,2,2,5,-1,2,1,14.5,1,2,1,13,9
2020,2011,1,2011-02-02,SE,BARCELONA,Barcelones,3,1,0,1,2,1,0,0,1,0,0,0,0,100.0,0.0,0,-1,No n'hi ha,-1.0,3,3,0,0,0,0,0,0,0,0,0,0,0,1,4,3,1,Atropellament,2,2,2,5,-1,2,1,13.0,0,3,2,2,2
2021,2011,1,2011-03-27,SE,IGUALADA,Anoia,3,0,1,0,2,0,1,0,0,1,0,0,0,50.0,0.0,0,2,No n'hi ha,-1.0,3,3,1,-1,0,0,0,-1,0,0,0,0,-1,0,4,-1,0,Envestida (frontal lateral),-1,2,2,5,-1,2,0,15.45,1,2,6,27,3
2022,2011,1,2011-12-12,SE,TERRASSA,Valles Occidental,3,0,1,0,2,0,0,0,1,1,0,0,0,100.0,1.0,0,-1,No n'hi ha,-1.0,3,3,1,0,0,0,0,0,0,0,0,0,0,0,4,-1,-1,Fregament o col·lisió lateral,-1,2,2,5,-1,2,1,20.35,1,2,0,12,12
2023,2011,1,2011-09-27,SE,SANT CARLES DE LA RAPITA,Montsia,0,0,1,0,4,0,0,0,1,3,0,0,0,100.0,0.0,0,2,No n'hi ha,-1.0,3,3,1,0,0,0,0,0,0,0,0,0,0,0,4,-1,1,Encalç,-1,2,2,5,-1,2,1,12.3,0,2,1,27,9
2024,2011,1,2011-02-07,SE,BARCELONA,Barcelones,3,0,1,0,2,0,0,0,1,1,0,0,0,100.0,0.0,0,-1,No n'hi ha,-1.0,3,3,1,0,0,0,0,0,0,0,0,0,0,1,4,4,0,Envestida (frontal lateral),2,2,2,5,-1,2,1,8.15,0,2,0,7,2
2025,2011,1,2011-04-10,SE,GAVA,Baix Llobregat,3,0,1,0,1,0,0,0,1,0,0,0,0,20.0,0.0,0,-1,No n'hi ha,-1.0,3,3,1,-1,-1,0,0,-1,0,0,0,0,-1,1,4,4,-1,Caiguda en la via,0,2,2,5,-1,2,0,12.4,0,0,6,10,4
2026,2011,1,2011-08-15,SE,BARCELONA,Barcelones,3,1,0,0,2,0,1,0,0,0,0,1,0,100.0,0.0,0,-1,Altres,-1.0,3,3,0,0,0,0,0,0,0,0,0,0,0,1,4,3,1,Envestida (frontal lateral),2,2,2,5,-1,2,1,20.3,1,2,0,15,8
2027,2011,0,2011-04-05,B-502,ARGENTONA,Maresme,3,0,1,2,2,0,0,0,1,1,0,0,0,100.0,0.0,0,2,No n'hi ha,-1.0,3,3,1,0,0,0,0,0,0,0,0,0,0,1,4,4,1,Fregament o col·lisió lateral,3,1,2,4,2,2,1,18.55,1,2,1,5,4
2028,2011,0,2011-06-21,C-245,CORNELLA DE LLOBREGAT,Baix Llobregat,3,0,1,0,2,0,0,0,1,0,0,1,0,100.0,0.0,0,2,No n'hi ha,-1.0,3,3,1,0,0,0,0,0,1,0,0,0,0,0,1,-1,1,Encalç,-1,1,2,4,3,2,1,6.55,0,2,1,21,6
2029,2011,1,2011-02-09,SE,"VENDRELL, EL",Baix Penedes,0,0,1,0,2,1,0,0,0,1,0,0,0,20.0,1.0,0,-1,No n'hi ha,-1.0,3,3,1,0,0,0,0,0,0,0,0,0,0,0,4,-1,-1,Atropellament,-1,2,1,5,-1,2,1,16.28,1,3,2,9,2
2030,2011,1,2011-09-05,SE,LLEIDA,Segria,2,0,1,0,2,1,0,0,0,0,1,0,0,100.0,0.0,0,-1,No n'hi ha,-1.0,3,3,1,0,0,0,0,0,0,0,0,0,0,0,4,-1,-1,Atropellament,-1,2,2,5,-1,2,1,19.3,1,3,0,5,9
2031,2011,1,2011-03-15,SE,VIC,Osona,3,0,1,0,2,0,0,0,0,2,0,0,0,50.0,0.0,0,2,No n'hi ha,-1.0,1,3,1,0,0,0,0,0,0,0,0,0,0,1,5,4,1,Envestida (frontal lateral),0,2,0,5,0,1,1,22.15,2,2,1,15,3
2032,2011,1,2011-10-06,SE,VILASSAR DE MAR,Maresme,3,0,1,0,2,0,0,0,1,1,0,0,0,100.0,0.0,0,2,No n'hi ha,-1.0,3,3,1,0,0,0,0,0,0,0,0,0,0,0,1,-1,0,Caiguda en la via,-1,2,2,5,0,2,1,20.25,1,0,3,6,10
2033,2011,1,2011-04-16,SE,BARCELONA,Barcelones,3,0,1,0,2,1,0,0,0,1,0,0,0,100.0,0.0,0,-1,No n'hi ha,-1.0,3,3,1,0,0,0,0,0,0,0,0,0,0,1,4,2,0,Atropellament,2,2,2,5,-1,2,0,12.5,0,3,5,16,4
2034,2011,1,2011-01-07,SE,IGUALADA,Anoia,3,0,1,0,2,1,0,0,0,1,0,0,0,50.0,0.0,0,2,No n'hi ha,-1.0,3,3,1,-1,0,0,0,-1,0,0,0,0,-1,0,4,-1,0,Atropellament,-1,2,2,5,-1,2,1,13.15,0,3,4,7,1
2035,2011,1,2011-07-11,SE,REUS,Baix Camp,0,0,1,0,2,0,0,1,0,1,0,0,0,100.0,0.0,0,2,No n'hi ha,-1.0,3,3,1,0,0,0,0,0,0,0,0,0,0,1,4,5,1,Fregament o col·lisió lateral,1,2,2,5,0,2,1,14.2,1,2,0,11,7
2036,2011,1,2011-05-11,SE,SANT JOAN DE VILATOR,Bages,3,0,1,1,3,2,0,0,0,1,0,0,0,30.0,0.0,0,2,No n'hi ha,-1.0,3,3,1,0,0,0,0,0,0,0,0,0,0,0,4,-1,0,Atropellament,-1,2,2,5,-1,2,1,11.45,0,3,2,11,5
2037,2011,0,2011-10-18,AP-7,"ALDEA, L'",Baix Ebre,0,1,0,0,2,0,0,0,0,2,0,0,0,100.0,0.0,0,3,No n'hi ha,-1.0,3,3,0,0,0,0,0,0,1,0,0,0,0,0,4,-1,1,Envestida (frontal lateral),-1,1,2,4,1,2,1,18.35,1,2,1,18,10