,Year,Area,Date,Road,Municipality Name,County Name,Province Name,Fatalties,Serious Injuries,Light Injuries,Units Involved,Pedestrains Involved,Bicycles Involved,Mopeds Involved,Motorcycles,Light Vehicles Involved,Heavy Vehicles Involved,Other Units Involved,Unspecified Units Involved,Road Speed Limit,Accident with Hit and Run,Fog Presence,Surrounding Environment,Special Lane Presence,Special Traffic Measures,Weather Conditions,Special Road Functions,Severity of Accident,Influence of Fog,Influence of Environment,Influence of Traffic,Influence of Weather,Influence of Wind Intensity,Influence of Lighting,Influence of Special Measures,Influence of Road Objects,Influence of Road Surface,Influence of Visibility,Intersection Characteristics,Lighting Conditions,Traffic Regulation and Priority,Direction of Road,Subtype of Accident,Subtype of Road Section,Subzone within Area,Road Surface Conditions,Type of Road,Road Ownership,Wind Conditions,Day of the Week Grouping,Hour of Day,Time of Day Grouping,Type of Accident,Day Type,Day,Month
2038,2011,1,2011-05-25,SE,BARCELONA,Barcelones,3,0,1,1,2,1,0,0,1,0,0,0,0,100.0,0.0,0,-1,No n'hi ha,-1.0,3,3,1,0,0,0,0,0,0,0,0,0,1,1,4,2,0,Atropellament,2,2,2,5,-1,2,1,9.15,0,3,2,25,5
2039,2011,0,2011-04-10,GIV-5221,MONTAGUT,Garrotxa,1,1,0,0,1,0,0,0,1,0,0,0,0,100.0,0.0,0,3,No n'hi ha,-1.0,3,3,0,0,0,0,0,0,0,0,0,0,0,0,4,-1,1,Xoc contra objecte/obstacle sense sortida prèvia de via,-1,1,2,4,2,2,0,15.0,1,4,6,10,4
2040,2011,1,2011-06-03,SE,BARCELONA,Barcelones,3,0,1,0,2,0,0,0,1,1,0,0,0,100.0,0.0,0,-1,No n'hi ha,-1.0,3,3,1,0,0,0,0,0,0,0,0,0,1,1,4,3,0,Envestida (frontal lateral),2,2,2,5,-1,2,1,11.1,0,2,4,3,6
2041,2011,0,2011-10-16,C-55,CALLUS,Bages,3,0,1,0,2,0,0,1,0,1,0,0,0,100.0,1.0,0,3,No n'hi ha,-1.0,3,3,1,0,0,0,0,0,0,0,0,0,0,0,3,-1,1,Fregament o col·lisió lateral,-1,1,2,4,2,2,0,20.43,1,2,6,16,10
2042,2011,0,2011-09-03,C-65,GIRONA,Girones,1,0,2,6,3,0,0,0,0,3,0,0,0,100.0,0.0,0,2,No n'hi ha,-1.0,3,3,1,0,0,0,0,0,0,0,0,0,0,0,0,-1,1,Fregament o col·lisió lateral,-1,1,2,4,2,2,0,21.34,1,2,5,3,9
2043,2011,1,2011-04-20,SE,SANT GUIM DE FREIXENET,Segarra,2,0,1,0,2,1,0,0,0,1,0,0,0,100.0,0.0,0,2,No n'hi ha,-1.0,3,3,1,0,0,0,0,0,0,0,0,0,0,1,4,4,1,Atropellament,2,2,2,5,-1,2,1,16.25,1,3,2,20,4
2044,2011,1,2011-08-29,SE,TARRAGONA,Tarragones,0,0,1,0,2,0,1,0,0,0,1,0,0,20.0,0.0,0,2,No n'hi ha,-1.0,3,3,1,0,0,0,0,0,0,0,0,0,0,1,4,1,1,Envestida (frontal lateral),2,2,2,5,0,2,1,12.45,0,2,0,29,8
2045,2011,1,2011-12-24,SE,SABADELL,Valles Occidental,3,0,1,0,2,0,0,1,0,1,0,0,0,100.0,0.0,0,-1,No n'hi ha,-1.0,3,3,1,0,0,0,0,0,0,0,0,0,0,0,4,-1,-1,Envestida (frontal lateral),-1,2,2,5,-1,2,0,17.07,1,2,5,24,12
2046,2011,1,2011-10-01,SE,OLOT,Garrotxa,1,0,1,0,2,1,1,0,0,0,0,0,0,100.0,0.0,0,2,No n'hi ha,-1.0,3,3,1,0,0,0,0,0,0,0,0,0,0,0,5,-1,0,Atropellament,-1,2,3,5,-1,2,0,21.3,1,3,5,1,10
2047,2011,1,2011-05-20,SE,IGUALADA,Anoia,3,0,1,0,2,0,0,1,0,1,0,0,0,50.0,0.0,0,-1,No n'hi ha,-1.0,3,3,1,-1,-1,0,0,-1,0,0,0,0,-1,0,4,-1,0,Encalç,-1,2,2,5,-1,2,0,16.43,1,2,4,20,5
2048,2011,1,2011-02-08,SE,TERRASSA,Valles Occidental,3,0,1,0,2,1,0,0,0,1,0,0,0,20.0,0.0,0,-1,No n'hi ha,-1.0,3,3,1,-1,-1,0,0,0,0,0,0,0,0,0,4,-1,-1,Atropellament,-1,2,2,5,-1,2,1,17.2,1,3,1,8,2
2049,2011,1,2011-11-21,SE,BARCELONA,Barcelones,3,0,1,0,2,1,0,0,0,1,0,0,0,100.0,0.0,0,-1,No n'hi ha,-1.0,3,3,1,0,0,0,0,0,0,0,0,0,1,0,4,-1,0,Atropellament,-1,2,2,5,-1,2,1,11.3,0,3,0,21,11
2050,2011,0,2011-06-27,AP-7,SILS,Selva,1,1,0,0,3,1,0,0,0,0,2,0,0,110.0,0.0,0,1,No n'hi ha,1.0,3,3,0,0,0,0,0,0,0,0,0,0,0,0,4,-1,1,Atropellament,-1,1,2,4,1,1,1,12.29,0,3,0,27,6
2051,2011,1,2011-02-17,SE,VILASSAR DE MAR,Maresme,3,0,1,0,2,0,1,0,0,1,0,0,0,100.0,0.0,0,2,No n'hi ha,-1.0,3,3,1,0,0,0,0,0,0,0,0,0,0,1,4,4,1,Caiguda en la via,1,2,1,5,0,2,1,9.17,0,0,3,17,2
2052,2011,1,2011-01-13,SE,BARCELONA,Barcelones,3,0,1,0,1,0,0,0,0,0,1,0,0,100.0,0.0,0,-1,No n'hi ha,-1.0,3,3,1,0,0,0,0,0,0,0,0,0,0,1,4,3,1,Caiguda en la via,3,2,2,5,-1,2,1,10.55,0,0,3,13,1
2053,2011,1,2011-02-15,SE,BARCELONA,Barcelones,3,0,1,0,2,0,0,0,1,1,0,0,0,100.0,0.0,0,-1,No n'hi ha,-1.0,1,3,1,0,0,0,0,0,0,0,0,0,0,1,5,3,1,Envestida (frontal lateral),2,2,0,5,-1,2,1,19.2,1,2,1,15,2
2054,2011,1,2011-10-31,SE,OLOT,Garrotxa,1,1,0,0,2,1,0,0,0,1,0,0,0,100.0,0.0,0,2,Carril central,-1.0,3,3,0,0,0,0,0,0,0,0,0,0,0,0,4,-1,1,Atropellament,-1,2,2,5,0,2,1,10.12,0,3,0,31,10
2055,2011,0,2011-02-10,BV-5001,MONTCADA I REIXAC,Valles Occidental,3,0,2,1,2,0,0,1,0,1,0,0,0,100.0,0.0,0,1,No n'hi ha,-1.0,3,3,1,0,0,0,0,0,0,0,0,0,0,0,1,-1,1,Col·lisió frontal,-1,1,2,4,3,2,1,18.5,1,2,3,10,2
2056,2011,1,2011-02-15,SE,BARCELONA,Barcelones,3,0,1,0,2,0,0,0,1,0,1,0,0,100.0,0.0,0,-1,Carril bus,0.0,3,3,1,0,0,1,0,0,0,0,0,0,0,0,4,-1,0,Fregament o col·lisió lateral,-1,2,2,5,-1,2,1,15.0,1,2,1,15,2
2057,2011,0,2011-08-25,C-32,SITGES,Garraf,3,0,1,0,1,0,0,0,1,0,0,0,0,60.0,0.0,0,2,No n'hi ha,-1.0,3,3,1,0,0,0,0,0,0,0,0,0,0,0,1,-1,0,Caiguda en la via,-1,1,2,4,2,2,1,21.33,1,0,3,25,8
2058,2011,0,2011-08-15,C-462,LLADURS,Solsones,2,0,1,0,1,0,0,0,1,0,0,0,0,50.0,0.0,0,1,No n'hi ha,-1.0,3,3,1,0,0,0,0,0,0,0,0,0,0,0,4,-1,1,Resta sortides de via,-1,1,2,4,2,2,1,17.22,1,1,0,15,8
2059,2011,1,2011-11-23,SE,VIC,Osona,3,0,1,0,2,0,0,1,0,1,0,0,0,100.0,0.0,0,-1,No n'hi ha,-1.0,3,3,1,0,0,0,0,0,0,0,0,0,0,0,4,-1,-1,Envestida (frontal lateral),-1,2,2,5,-1,2,1,13.3,0,2,2,23,11
2060,2011,1,2011-10-13,SE,BADALONA,Barcelones,3,0,1,0,2,0,0,0,1,1,0,0,0,100.0,0.0,0,-1,No n'hi ha,-1.0,3,3,1,0,0,0,0,0,0,0,0,0,0,0,4,-1,0,Envestida (frontal lateral),-1,2,2,5,-1,2,1,18.25,1,2,3,13,10
2061,2011,1,2011-08-08,SE,VIC,Osona,3,0,1,0,2,1,0,0,0,1,0,0,0,40.0,0.0,0,2,Carril central,-1.0,3,3,1,0,0,1,0,0,0,0,0,0,0,2,4,-1,0,Atropellament,2,2,2,5,-1,2,1,13.45,0,3,0,8,8
2062,2011,1,2011-10-11,SE,OLOT,Garrotxa,1,0,1,0,2,0,0,0,1,1,0,0,0,20.0,0.0,0,2,No n'hi ha,-1.0,3,3,1,0,0,0,0,0,0,0,0,0,0,1,5,4,1,Envestida (frontal lateral),0,2,2,5,-1,2,1,20.31,1,2,1,11,10
2063,2011,1,2011-04-06,SE,FRANQUESES DEL VALLE,Valles Oriental,3,0,1,0,2,1,0,0,0,1,0,0,0,100.0,0.0,0,2,No n'hi ha,-1.0,3,3,1,0,0,0,0,0,0,0,0,0,0,0,4,-1,1,Atropellament,-1,2,2,5,0,2,1,10.45,0,3,2,6,4
2064,2011,0,2011-11-17,N-II,MOLLERUSSA,Pla d'Urgell,2,0,1,0,1,0,0,0,1,0,0,0,0,40.0,0.0,0,2,No n'hi ha,-1.0,3,3,1,0,0,0,0,0,1,0,0,0,0,2,3,4,1,Resta sortides de via,0,1,2,4,1,2,1,23.09,2,1,3,17,11
2065,2011,0,2011-11-26,C-35,GRANOLLERS,Valles Oriental,3,0,1,0,2,1,0,0,0,1,0,0,0,100.0,1.0,0,2,No n'hi ha,5.0,3,3,1,0,0,0,0,0,0,0,0,0,0,1,3,2,1,Atropellament,3,1,2,4,2,2,0,4.15,2,3,5,26,11
2066,2011,0,2011-08-17,SE,PERALADA,Alt Emporda,1,0,1,0,2,1,0,0,0,1,0,0,0,100.0,0.0,0,2,No n'hi ha,-1.0,3,3,1,0,0,0,0,0,0,0,0,0,0,0,3,-1,1,Atropellament,-1,1,2,3,4,2,1,3.56,2,3,2,17,8
2067,2011,1,2011-01-28,SE,ALMENAR,Segria,2,1,0,0,2,1,0,0,0,1,0,0,0,100.0,0.0,0,2,No n'hi ha,-1.0,1,1,0,0,0,0,1,0,1,0,0,0,0,0,5,-1,1,Atropellament,-1,0,0,5,-1,2,0,18.35,1,3,4,28,1
2068,2011,1,2011-12-16,SE,TERRASSA,Valles Occidental,3,0,1,0,2,0,1,0,0,1,0,0,0,100.0,0.0,0,-1,No n'hi ha,-1.0,3,3,1,0,0,0,0,0,0,0,0,0,0,0,4,-1,-1,Col·lisió frontal,-1,2,2,5,-1,2,0,18.3,1,2,4,16,12
2069,2011,0,2011-10-22,SE,BELLVER DE CERDANYA,Cerdanya,2,0,1,0,2,1,0,0,0,1,0,0,0,90.0,0.0,0,2,No n'hi ha,-1.0,3,3,1,0,0,0,0,0,0,0,0,0,0,0,4,-1,1,Atropellament,-1,1,3,3,4,2,0,17.55,1,3,5,22,10
2070,2011,0,2011-07-26,LV-5052,VIELHA E MIJARAN,Val d'Aran,2,0,1,0,2,0,0,0,0,2,0,0,0,100.0,0.0,0,2,No n'hi ha,-1.0,3,3,1,0,0,0,0,0,0,0,0,0,1,0,2,-1,1,Xoc contra objecte/obstacle sense sortida prèvia de via,-1,1,2,4,3,2,1,14.0,1,4,1,26,7
2071,2011,1,2011-10-31,SE,SANT BOI DE LLOBREGAT,Baix Llobregat,3,0,1,0,2,1,0,0,0,1,0,0,0,100.0,0.0,0,2,No n'hi ha,-1.0,3,3,1,0,0,0,0,0,0,0,0,0,0,1,4,5,0,Atropellament,1,2,2,5,-1,2,1,9.3,0,3,0,31,10
2072,2011,0,2011-10-16,C-14,PERAMOLA,Alt Urgell,2,0,2,3,2,0,0,0,0,2,0,0,0,50.0,0.0,0,1,Carril avançament,-1.0,3,3,1,0,0,0,0,0,0,0,0,0,0,0,1,-1,1,Col·lisió frontal,-1,1,2,4,2,2,0,19.35,1,2,6,16,10
2073,2011,1,2011-03-07,SE,CASTELLTERCOL,Moianès,3,0,1,0,2,0,0,0,1,1,0,0,0,20.0,0.0,0,2,No n'hi ha,-1.0,3,3,1,0,0,0,0,0,0,0,0,0,1,1,4,5,1,Envestida (frontal lateral),1,2,2,5,-1,2,1,12.54,0,2,0,7,3
2074,2011,1,2011-09-12,SE,LLORET DE MAR,Selva,1,0,1,1,3,2,1,0,0,0,0,0,0,100.0,0.0,0,2,Carril bici,-1.0,3,1,1,0,0,0,0,0,0,0,0,0,0,0,0,-1,0,Atropellament,-1,0,2,5,-1,2,1,21.5,1,3,0,12,9
2075,2011,1,2011-06-11,SE,VILAFRANCA DEL PENEDES,Alt Penedes,3,0,1,0,2,1,0,0,0,1,0,0,0,20.0,0.0,0,-1,No n'hi ha,-1.0,3,3,1,-1,0,0,0,-1,0,0,0,0,0,1,4,2,1,Atropellament,1,2,2,5,-1,2,0,13.18,0,3,5,11,6
2076,2011,1,2011-01-09,SE,VILASSAR DE MAR,Maresme,3,0,1,0,1,0,1,0,0,0,0,0,0,100.0,0.0,0,2,No n'hi ha,-1.0,3,3,1,0,0,0,0,0,0,0,0,0,0,0,4,-1,1,Caiguda en la via,-1,2,2,5,0,2,0,10.13,0,0,6,9,1
2077,2011,0,2011-07-09,C-13,"POBLA DE SEGUR, LA",Pallars Jussa,2,0,1,4,3,0,0,0,1,2,0,0,0,100.0,0.0,0,2,No n'hi ha,-1.0,3,3,1,0,0,0,0,0,0,0,0,0,0,0,4,-1,1,Encalç,-1,1,2,4,2,2,0,11.2,0,2,5,9,7
2078,2011,1,2011-11-29,SE,SABADELL,Valles Occidental,3,0,1,0,2,0,0,0,1,1,0,0,0,100.0,0.0,0,2,No n'hi ha,-1.0,3,3,1,0,0,0,0,0,0,0,0,0,0,1,4,4,0,Envestida (frontal lateral),2,2,2,5,-1,2,1,10.2,0,2,1,29,11
2079,2011,0,2011-01-29,N-II,CALDES DE MALAVELLA,Selva,1,2,0,0,2,0,0,0,0,1,1,0,0,80.0,0.0,0,1,No n'hi ha,0.0,1,3,0,0,0,0,1,0,0,0,0,0,0,0,3,-1,1,Fregament o col·lisió lateral,-1,1,0,4,1,2,0,4.35,2,2,5,29,1
2080,2011,1,2011-11-11,SE,BARCELONA,Barcelones,3,0,1,0,2,1,0,0,0,1,0,0,0,100.0,0.0,0,-1,No n'hi ha,1.0,3,3,1,0,0,1,0,0,0,1,1,0,0,1,5,4,0,Atropellament,2,2,2,5,-1,2,0,17.3,1,3,4,11,11
2081,2011,0,2011-04-22,C-59,CASTELLTERCOL,Moianès,3,0,1,0,2,0,0,0,1,1,0,0,0,100.0,0.0,0,2,No n'hi ha,-1.0,3,3,1,0,0,0,0,0,0,0,0,0,0,1,4,4,1,Fregament o col·lisió lateral,1,1,2,4,2,2,1,8.45,0,2,4,22,4
2082,2011,0,2011-05-16,SE,LLEIDA,Segria,2,0,1,0,1,0,1,0,0,0,0,0,0,40.0,0.0,0,1,No n'hi ha,-1.0,3,3,1,0,0,0,0,0,0,0,0,0,1,1,3,-1,0,Resta sortides de via,0,1,2,3,2,2,1,22.2,2,1,0,16,5
2083,2011,1,2011-09-16,SE,BARCELONA,Barcelones,3,0,1,0,1,0,0,0,0,1,0,0,0,100.0,0.0,0,-1,No n'hi ha,-1.0,3,3,1,0,0,0,0,0,0,0,0,0,0,1,4,2,0,Caiguda en la via,2,2,2,5,-1,2,1,11.3,0,0,4,16,9
2084,2011,0,2011-03-23,C-1413a,SENTMENAT,Valles Occidental,3,0,1,0,2,0,0,0,1,1,0,0,0,100.0,1.0,0,1,No n'hi ha,-1.0,3,3,1,0,0,0,0,0,0,0,0,0,0,0,4,-1,1,Caiguda en la via,-1,1,2,4,2,2,1,11.3,0,0,2,23,3
2085,2011,0,2011-02-20,N-230,"PONT DE SUERT, EL",Alta Ribagorca,2,0,1,0,1,0,0,0,0,1,0,0,0,90.0,0.0,0,2,No n'hi ha,-1.0,3,3,1,-1,0,0,0,-1,0,0,0,0,0,0,3,-1,1,Sortida de via amb bolcada,-1,1,0,4,1,2,0,23.0,2,1,6,20,2
2086,2011,1,2011-03-11,SE,SABADELL,Valles Occidental,3,0,1,1,2,1,0,0,1,0,0,0,0,100.0,0.0,0,-1,No n'hi ha,-1.0,3,3,1,0,0,0,0,0,0,0,0,0,0,0,4,-1,-1,Atropellament,-1,2,2,5,-1,2,1,14.32,1,3,4,11,3
2087,2011,0,2011-02-22,C-51,ALBINYANA,Baix Penedes,0,0,1,0,2,0,0,0,1,1,0,0,0,100.0,0.0,0,2,No n'hi ha,-1.0,3,3,1,0,0,0,0,0,0,0,1,0,0,0,4,-1,1,Xoc contra objecte/obstacle sense sortida prèvia de via,-1,1,2,4,2,2,1,9.24,0,4,1,22,2
2088,2011,1,2011-11-19,SE,BARCELONA,Barcelones,3,1,0,0,2,0,0,0,1,1,0,0,0,100.0,0.0,0,-1,No n'hi ha,-1.0,3,3,0,0,0,0,0,0,0,0,0,0,0,1,4,3,1,Fregament o col·lisió lateral,2,2,2,5,-1,2,0,8.3,0,2,5,19,11
2089,2011,1,2011-03-25,SE,REUS,Baix Camp,0,0,1,0,2,1,0,0,0,1,0,0,0,100.0,0.0,0,-1,No n'hi ha,-1.0,3,3,1,0,0,0,0,0,0,0,0,0,0,0,4,-1,-1,Atropellament,-1,2,2,5,-1,2,1,0.35,2,3,4,25,3
2090,2011,0,2011-10-08,B-112,COLLBATO,Baix Llobregat,3,0,1,0,1,0,0,0,0,0,0,1,0,100.0,0.0,0,3,No n'hi ha,-1.0,3,3,1,0,1,0,0,0,0,0,0,0,0,0,4,-1,1,Resta sortides de via,-1,1,2,4,3,2,0,12.1,0,1,5,8,10
2091,2011,1,2011-10-09,SE,"MASNOU, EL",Maresme,3,0,1,0,2,0,0,0,0,2,0,0,0,20.0,0.0,0,-1,No n'hi ha,-1.0,3,3,1,0,-1,0,0,0,0,0,0,0,0,1,4,4,-1,Envestida (frontal lateral),2,2,2,5,-1,2,0,15.0,1,2,6,9,10
2092,2011,1,2011-09-01,SE,SANTA COLOMA DE QUERALT,Conca de Barbera,0,0,1,0,2,0,1,0,0,1,0,0,0,100.0,0.0,0,2,No n'hi ha,-1.0,3,3,1,0,0,0,0,0,0,0,0,0,1,1,4,4,1,Fregament o col·lisió lateral,2,2,2,5,-1,2,1,14.11,1,2,3,1,9
2093,2011,0,2011-06-15,AP-7,FOGARS DE TORDERA,Selva,3,1,0,1,2,0,0,0,0,0,2,0,0,80.0,0.0,0,1,No n'hi ha,3.0,3,3,0,0,0,1,0,0,0,0,0,0,0,2,2,-1,1,Encalç,3,1,2,4,4,2,1,13.15,0,2,2,15,6
2094,2011,1,2011-03-19,SE,VILANOVA I LA GELTRU,Garraf,3,0,1,0,2,0,0,0,1,1,0,0,0,100.0,0.0,0,2,No n'hi ha,-1.0,3,3,1,0,0,0,0,0,0,0,0,0,0,1,1,4,0,Envestida (frontal lateral),2,2,2,5,-1,2,0,18.5,1,2,5,19,3
2095,2011,1,2011-01-04,SE,BERGA,Bergueda,3,0,1,0,2,0,0,1,0,1,0,0,0,20.0,0.0,0,-1,No n'hi ha,-1.0,3,3,1,0,0,0,0,0,0,0,0,0,0,0,4,-1,-1,Envestida (frontal lateral),-1,2,2,5,-1,2,1,16.2,1,2,1,4,1
2096,2011,1,2011-06-23,SE,LLICA D'AMUNT,Valles Oriental,3,0,1,0,2,1,0,0,0,1,0,0,0,40.0,0.0,0,2,No n'hi ha,-1.0,3,3,1,0,0,0,0,0,0,0,0,0,0,0,4,-1,1,Atropellament,-1,2,2,5,-1,2,1,19.5,1,3,3,23,6
2097,2011,1,2011-08-04,SE,BARCELONA,Barcelones,3,0,1,0,2,0,1,0,0,1,0,0,0,100.0,0.0,0,-1,No n'hi ha,-1.0,3,3,1,0,0,0,0,0,0,0,0,0,0,1,4,3,0,Envestida (frontal lateral),1,2,2,5,-1,2,1,14.05,1,2,3,4,8
2098,2011,0,2011-07-24,B-212,SANT JAUME DELS DOMENYS,Baix Penedes,0,0,1,0,1,0,0,0,1,0,0,0,0,100.0,0.0,0,0,No n'hi ha,-1.0,3,3,1,0,0,0,0,0,0,0,0,0,0,0,4,-1,1,Resta sortides de via,-1,1,2,4,2,2,0,12.2,0,1,6,24,7
2099,2011,0,2011-10-28,C-60,"ROCA DEL VALLES, LA",Valles Oriental,3,0,1,0,2,0,0,0,0,2,0,0,0,80.0,0.0,0,1,No n'hi ha,-1.0,1,3,1,0,0,0,0,0,0,0,0,0,0,0,3,-1,1,Fregament o col·lisió lateral,-1,1,0,4,2,2,1,1.3,2,2,4,28,10
2100,2011,0,2011-03-17,C-31,CUBELLES,Garraf,3,0,1,0,2,0,0,0,1,1,0,0,0,100.0,0.0,0,2,No n'hi ha,-1.0,3,3,1,0,0,0,0,0,0,0,0,0,0,1,4,2,1,Fregament o col·lisió lateral,1,1,2,4,2,2,1,10.12,0,2,3,17,3
2101,2011,1,2011-02-02,SE,RIPOLLET,Valles Occidental,3,0,1,0,2,1,0,0,0,1,0,0,0,20.0,0.0,0,-1,No n'hi ha,-1.0,3,3,1,-1,0,0,0,-1,0,0,0,0,-1,0,5,-1,1,Atropellament,-1,2,2,5,-1,2,1,20.3,1,3,2,2,2
2102,2011,0,2011-06-28,C-1413a,SANT CUGAT DEL VALLES,Valles Occidental,3,0,1,0,2,0,0,0,0,1,1,0,0,100.0,0.0,0,1,No n'hi ha,-1.0,3,3,1,0,0,0,0,0,0,0,0,0,0,0,4,-1,1,Col·lisió frontal,-1,1,2,4,2,2,1,9.0,0,2,1,28,6
2103,2011,0,2011-08-05,N-420,GANDESA,Terra Alta,0,0,2,0,2,0,0,0,0,0,2,0,0,100.0,0.0,0,2,No n'hi ha,-1.0,3,3,1,0,0,0,0,0,0,0,0,0,0,0,4,-1,1,Encalç,-1,1,2,4,1,2,1,13.45,0,2,4,5,8
2104,2011,1,2011-02-14,SE,LLORET DE MAR,Selva,1,0,1,0,2,1,0,0,0,1,0,0,0,40.0,0.0,0,2,No n'hi ha,-1.0,3,1,1,0,0,0,0,0,0,0,0,0,0,0,5,-1,1,Atropellament,-1,0,2,5,-1,2,1,19.23,1,3,0,14,2
2105,2011,0,2011-09-29,BV-5105,"ROCA DEL VALLES, LA",Valles Oriental,3,0,1,0,2,0,0,0,1,1,0,0,0,50.0,0.0,0,2,No n'hi ha,-1.0,3,0,1,0,0,0,0,0,0,0,0,0,0,1,4,4,0,Caiguda en la via,0,1,2,4,3,2,1,13.2,0,0,3,29,9
2106,2011,1,2011-01-11,SE,CASTELLDEFELS,Baix Llobregat,3,0,1,1,2,0,0,0,0,2,0,0,0,30.0,0.0,0,2,No n'hi ha,-1.0,3,3,1,0,0,0,0,0,0,0,0,0,0,1,4,4,1,Envestida (frontal lateral),2,2,2,5,-1,2,1,12.0,0,2,1,11,1
2107,2011,0,2011-11-24,TP-2235,"PALLARESOS, ELS",Tarragones,0,0,1,1,1,0,0,0,0,1,0,0,0,100.0,0.0,0,1,No n'hi ha,-1.0,3,3,1,0,1,0,0,0,0,0,0,0,0,0,3,-1,1,Resta sortides de via,-1,1,2,4,3,2,1,23.3,2,1,3,24,11
2108,2011,0,2011-06-15,C-17,TAGAMANENT,Valles Oriental,3,0,1,0,2,1,0,0,0,1,0,0,0,40.0,0.0,0,3,No n'hi ha,-1.0,3,3,1,0,0,0,0,0,0,0,0,0,0,2,4,4,0,Atropellament,0,1,2,4,2,2,1,12.38,0,3,2,15,6
2109,2011,0,2011-08-17,A-2,CASTELLBISBAL,Valles Occidental,3,2,0,1,4,0,0,0,0,2,2,0,0,100.0,0.0,0,2,No n'hi ha,-1.0,3,3,0,0,0,0,0,0,0,0,0,0,0,0,4,-1,1,Encalç,-1,1,2,4,1,2,1,9.57,0,2,2,17,8
2110,2011,0,2011-09-18,A-2,PALLEJA,Baix Llobregat,3,0,1,0,1,0,0,0,1,0,0,0,0,120.0,0.0,0,2,No n'hi ha,-1.0,3,3,1,0,0,0,0,0,0,0,0,0,0,0,5,-1,1,Caiguda en la via,-1,1,2,4,1,2,0,4.55,2,0,6,18,9
2111,2011,1,2011-04-05,SE,BARCELONA,Barcelones,3,1,0,1,2,1,0,0,1,0,0,0,0,100.0,0.0,0,-1,No n'hi ha,-1.0,3,3,0,0,0,0,0,0,0,0,0,0,0,1,4,3,0,Atropellament,2,2,2,5,-1,2,1,18.25,1,3,1,5,4
2112,2011,0,2011-10-29,A-2,GOLMES,Pla d'Urgell,2,0,1,2,3,0,0,0,0,3,0,0,0,120.0,0.0,0,2,No n'hi ha,-1.0,3,3,1,0,0,0,0,0,0,0,0,0,0,0,2,-1,1,Encalç,-1,1,2,4,1,2,0,11.59,0,2,5,29,10
2113,2011,0,2011-08-07,BP-5002,VALLROMANES,Valles Oriental,3,0,1,2,3,0,0,0,0,3,0,0,0,50.0,0.0,0,3,No n'hi ha,-1.0,3,3,1,0,0,0,0,0,0,0,0,0,0,0,4,-1,1,Col·lisió frontal,-1,1,2,4,2,2,0,13.25,0,2,6,7,8
2114,2011,1,2011-03-18,SE,LLEIDA,Segria,2,0,1,0,2,0,0,0,1,1,0,0,0,50.0,,0,3,No n'hi ha,-1.0,3,3,1,-1,0,1,0,-1,0,0,0,0,-1,0,4,-1,1,Encalç,-1,2,2,5,-1,2,0,18.2,1,2,4,18,3
2115,2011,1,2011-12-12,SE,VIC,Osona,3,0,1,0,2,1,0,0,0,1,0,0,0,100.0,0.0,1,2,No n'hi ha,-1.0,3,3,1,0,0,0,0,0,0,0,0,0,0,0,1,-1,0,Atropellament,-1,2,2,5,-1,2,1,7.45,0,3,0,12,12
2116,2011,1,2011-11-15,SE,GIRONELLA,Bergueda,3,0,1,0,3,0,0,1,0,2,0,0,0,100.0,0.0,0,2,No n'hi ha,-1.0,2,3,1,0,0,0,1,0,0,0,0,0,0,2,5,5,1,Envestida (frontal lateral),3,2,0,5,-1,2,1,20.27,1,2,1,15,11
2117,2011,1,2011-08-03,SE,SANT BOI DE LLOBREGAT,Baix Llobregat,3,0,1,0,2,0,0,0,1,1,0,0,0,100.0,0.0,0,2,No n'hi ha,-1.0,3,3,1,0,0,0,0,0,0,0,0,0,0,0,4,-1,0,Envestida (frontal lateral),-1,2,2,5,-1,2,1,9.3,0,2,2,3,8
2118,2011,0,2011-05-06,T-714,"TORRE DE L'ESPANYOL, LA",Ribera d'Ebre,0,0,1,1,2,0,0,1,0,1,0,0,0,100.0,0.0,0,1,No n'hi ha,-1.0,3,3,1,0,0,0,0,0,0,0,0,0,0,0,4,-1,1,Envestida (frontal lateral),-1,1,2,4,3,2,1,8.15,0,2,4,6,5
2119,2011,0,2011-08-05,AP-7,"ROCA DEL VALLES, LA",Valles Oriental,3,0,1,4,4,0,0,0,0,4,0,0,0,70.0,0.0,0,-1,No n'hi ha,-1.0,3,3,1,-1,0,0,0,-1,0,0,0,0,0,0,4,-1,1,Encalç,-1,1,2,2,1,2,0,17.14,1,2,4,5,8
2120,2011,1,2011-09-04,SE,SABADELL,Valles Occidental,3,0,1,0,2,1,0,0,0,1,0,0,0,100.0,0.0,0,-1,No n'hi ha,-1.0,3,3,1,0,0,0,0,0,0,0,0,0,0,0,4,-1,-1,Atropellament,-1,2,2,5,-1,2,0,18.2,1,3,6,4,9
2121,2011,1,2011-09-28,SE,ESPLUGUES DE LLOBREGAT,Baix Llobregat,3,0,1,0,1,0,0,0,1,0,0,0,0,20.0,0.0,0,2,No n'hi ha,-1.0,3,3,1,-1,0,0,0,-1,0,0,0,0,-1,0,4,-1,1,Sortida de via amb bolcada,-1,2,2,5,-1,2,1,18.55,1,1,2,28,9
2122,2011,1,2011-10-05,SE,SABADELL,Valles Occidental,3,0,1,0,3,2,0,0,0,1,0,0,0,100.0,0.0,0,-1,No n'hi ha,-1.0,3,3,1,0,0,0,0,0,0,0,0,0,0,0,4,-1,-1,Atropellament,-1,2,2,5,-1,2,1,18.38,1,3,2,5,10