,Year,Area,Date,Road,Municipality Name,County Name,Province Name,Fatalties,Serious Injuries,Light Injuries,Units Involved,Pedestrains Involved,Bicycles Involved,Mopeds Involved,Motorcycles,Light Vehicles Involved,Heavy Vehicles Involved,Other Units Involved,Unspecified Units Involved,Road Speed Limit,Accident with Hit and Run,Fog Presence,Surrounding Environment,Special Lane Presence,Special Traffic Measures,Weather Conditions,Special Road Functions,Severity of Accident,Influence of Fog,Influence of Environment,Influence of Traffic,Influence of Weather,Influence of Wind Intensity,Influence of Lighting,Influence of Special Measures,Influence of Road Objects,Influence of Road Surface,Influence of Visibility,Intersection Characteristics,Lighting Conditions,Traffic Regulation and Priority,Direction of Road,Subtype of Accident,Subtype of Road Section,Subzone within Area,Road Surface Conditions,Type of Road,Road Ownership,Wind Conditions,Day of the Week Grouping,Hour of Day,Time of Day Grouping,Type of Accident,Day Type,Day,Month
2123,2011,1,2011-11-23,SE,MATARO,Maresme,3,0,1,0,2,0,1,0,0,0,1,0,0,20.0,0.0,0,2,No n'hi ha,-1.0,3,3,1,-1,0,0,0,-1,0,0,0,0,-1,1,4,3,0,Envestida (frontal lateral),0,2,2,5,-1,2,1,11.25,0,2,2,23,11
2124,2011,1,2011-04-10,SE,GAVA,Baix Llobregat,3,0,1,0,2,0,0,0,1,1,0,0,0,100.0,0.0,0,1,No n'hi ha,-1.0,3,3,1,0,0,0,0,0,0,0,0,0,0,0,4,-1,1,Col·lisió frontal,-1,2,2,5,4,2,0,9.1,0,2,6,10,4
2125,2011,0,2011-01-29,C-32,MATARO,Maresme,3,2,1,0,2,0,0,0,0,2,0,0,0,100.0,0.0,0,3,No n'hi ha,-1.0,3,0,0,0,0,0,0,0,0,0,0,0,0,1,0,2,1,Col·lisió frontal,3,1,2,4,2,2,0,4.56,2,2,5,29,1
2126,2011,1,2011-02-14,SE,REUS,Baix Camp,0,0,1,1,3,2,0,0,0,1,0,0,0,100.0,0.0,0,-1,No n'hi ha,-1.0,3,3,1,0,0,0,0,0,0,0,0,0,0,0,4,-1,-1,Atropellament,-1,2,2,5,-1,2,1,13.5,0,3,0,14,2
2127,2011,0,2011-03-22,N-141e,BESCANO,Girones,1,0,1,0,2,0,0,0,0,2,0,0,0,100.0,0.0,0,0,No n'hi ha,-1.0,3,3,1,0,0,0,0,0,0,0,0,0,0,0,3,-1,1,Sortida de via amb xoc o col·lisió,-1,1,2,4,2,2,1,21.05,1,1,1,22,3
2128,2011,0,2011-10-24,BP-2151,TORRELAVIT,Alt Penedes,3,0,1,0,1,0,0,0,0,1,0,0,0,70.0,0.0,0,0,No n'hi ha,-1.0,1,3,1,0,0,0,0,0,0,0,0,0,0,0,3,-1,1,Resta sortides de via,-1,1,0,4,3,2,1,0.15,2,1,0,24,10
2129,2011,1,2011-01-18,SE,MATARO,Maresme,3,0,1,0,2,1,0,0,0,1,0,0,0,20.0,0.0,0,-1,No n'hi ha,-1.0,3,3,1,0,0,0,0,0,0,0,0,0,0,0,4,-1,-1,Atropellament,-1,2,2,5,-1,2,1,8.15,0,3,1,18,1
2130,2011,1,2011-05-24,N-II,BASCARA,Alt Emporda,1,0,1,0,2,1,0,0,0,1,0,0,0,50.0,0.0,0,2,No n'hi ha,-1.0,3,1,1,0,0,0,0,0,0,0,0,0,0,0,4,-1,1,Atropellament,-1,0,2,4,2,2,1,8.03,0,3,1,24,5
2131,2011,1,2011-03-18,SE,MATARO,Maresme,3,0,1,0,2,1,0,0,0,1,0,0,0,20.0,0.0,0,-1,No n'hi ha,-1.0,3,3,1,-1,0,0,0,-1,0,0,0,0,0,0,5,-1,1,Atropellament,-1,2,2,5,-1,2,0,20.0,1,3,4,18,3
2132,2011,1,2011-02-06,SE,SANT BOI DE LLOBREGAT,Baix Llobregat,3,0,1,0,1,0,1,0,0,0,0,0,0,100.0,1.0,0,-1,No n'hi ha,-1.0,3,3,1,0,0,0,0,0,0,0,1,0,0,0,4,-1,1,Xoc contra objecte/obstacle sense sortida prèvia de via,-1,2,2,5,-1,2,0,13.57,0,4,6,6,2
2133,2011,1,2011-01-14,SE,BARCELONA,Barcelones,3,0,1,1,2,0,0,1,0,1,0,0,0,100.0,0.0,0,-1,No n'hi ha,-1.0,3,3,1,0,0,1,0,0,0,0,0,0,0,0,5,-1,0,Fregament o col·lisió lateral,-1,2,2,5,-1,2,0,19.0,1,2,4,14,1
2134,2011,0,2011-05-10,C-1415c,ARGENTONA,Maresme,3,0,1,0,2,0,0,0,1,1,0,0,0,100.0,0.0,0,1,No n'hi ha,-1.0,3,3,1,0,0,0,0,0,0,0,0,0,0,0,4,-1,1,Envestida (frontal lateral),-1,1,2,4,2,2,1,10.15,0,2,1,10,5
2135,2011,1,2011-11-07,SE,OLOT,Garrotxa,1,0,1,0,2,1,0,0,0,1,0,0,0,100.0,0.0,0,2,No n'hi ha,-1.0,3,3,1,0,0,0,0,0,0,0,0,0,0,0,0,-1,1,Atropellament,-1,2,2,5,0,2,1,18.44,1,3,0,7,11
2136,2011,1,2011-03-27,SE,TIVISSA,Ribera d'Ebre,0,0,1,1,1,0,0,0,0,0,0,1,0,100.0,0.0,0,2,No n'hi ha,-1.0,3,3,1,0,0,0,0,0,0,0,0,0,0,0,4,-1,1,Caiguda en la via,-1,2,0,5,4,2,0,18.56,1,0,6,27,3
2137,2011,0,2011-12-02,TV-3408,AMPOSTA,Montsia,0,0,1,1,2,0,0,0,0,2,0,0,0,100.0,0.0,0,1,No n'hi ha,-1.0,3,3,1,0,0,0,0,0,0,0,0,0,0,1,4,4,1,Envestida (frontal lateral),2,1,2,4,3,2,1,11.0,0,2,4,2,12
2138,2011,1,2011-05-15,SE,SALOU,Tarragones,0,0,1,0,2,1,0,0,0,1,0,0,0,100.0,1.0,0,2,No n'hi ha,-1.0,3,3,1,0,0,0,0,0,0,0,0,0,0,1,0,4,0,Atropellament,2,2,2,5,-1,2,0,5.3,2,3,6,15,5
2139,2011,0,2011-12-05,C-12,BALAGUER,Noguera,2,1,0,0,1,0,0,0,0,1,0,0,0,100.0,0.0,0,3,No n'hi ha,-1.0,3,3,0,0,0,0,0,0,0,0,0,0,0,0,4,-1,1,Resta sortides de via,-1,1,2,4,2,2,1,9.4,0,1,0,5,12
2140,2011,1,2011-08-07,SE,BADALONA,Barcelones,3,0,1,0,2,0,0,0,1,1,0,0,0,100.0,0.0,0,-1,Carril habilitat en sentit contrari habitual,-1.0,3,3,1,0,0,0,0,0,0,1,1,0,0,0,4,-1,0,Caiguda en la via,-1,2,1,5,-1,2,0,11.26,0,0,6,7,8
2141,2011,0,2011-02-21,A-2,PALLEJA,Baix Llobregat,3,0,1,1,2,1,0,0,1,0,0,0,0,100.0,0.0,0,3,No n'hi ha,3.0,3,3,1,0,0,1,0,0,0,0,0,0,0,0,4,-1,1,Atropellament,-1,1,2,4,1,2,1,8.46,0,3,0,21,2
2142,2011,1,2011-08-16,SE,HOSPITALET DE LLOBREGAT,Barcelones,3,0,2,1,2,0,0,0,2,0,0,0,0,30.0,,0,2,No n'hi ha,-1.0,3,3,1,-1,0,0,0,-1,0,0,0,0,0,1,4,3,0,Envestida (frontal lateral),2,2,2,5,-1,2,1,10.45,0,2,1,16,8
2143,2011,1,2011-05-19,SE,BARCELONA,Barcelones,3,0,1,2,4,0,0,0,1,3,0,0,0,100.0,0.0,0,-1,No n'hi ha,-1.0,3,3,1,0,0,0,0,0,0,0,0,0,0,0,5,-1,1,Envestida (frontal lateral),-1,2,2,5,-1,2,1,22.0,2,2,3,19,5
2144,2011,0,2011-04-11,C-13,RIALP,Pallars Sobira,2,0,1,1,1,0,0,0,0,1,0,0,0,100.0,0.0,0,3,No n'hi ha,-1.0,3,3,1,0,0,0,0,0,0,0,0,0,0,0,4,-1,1,Resta sortides de via,-1,1,2,4,2,2,1,19.0,1,1,0,11,4
2145,2011,0,2011-09-30,C-16,"NOU DE BERGUEDA, LA",Bergueda,3,0,1,0,1,0,0,0,1,0,0,0,0,100.0,0.0,0,2,No n'hi ha,-1.0,3,3,1,0,0,0,0,0,0,0,0,0,0,0,4,-1,1,Caiguda en la via,-1,1,2,4,2,2,1,10.2,0,0,4,30,9
2146,2011,1,2011-07-23,SE,MASSANES,Selva,1,1,0,0,2,1,0,0,0,0,1,0,0,30.0,0.0,0,2,No n'hi ha,-1.0,3,3,0,0,0,0,0,0,0,0,0,0,0,0,4,-1,1,Atropellament,-1,2,2,5,0,2,0,14.43,1,3,5,23,7
2147,2011,1,2011-05-11,SE,BARCELONA,Barcelones,3,0,1,1,2,0,0,0,1,1,0,0,0,100.0,0.0,0,-1,No n'hi ha,-1.0,3,3,1,0,0,0,0,0,0,0,0,0,0,1,4,2,1,Envestida (frontal lateral),2,2,2,5,-1,2,1,15.3,1,2,2,11,5
2148,2011,1,2011-06-24,SE,SANTA PERPETUA DE MO,Valles Occidental,3,0,1,0,2,0,0,0,0,1,0,1,0,100.0,0.0,0,2,No n'hi ha,-1.0,3,3,1,0,0,0,0,0,0,0,0,0,0,1,1,5,1,Envestida (frontal lateral),1,2,2,5,0,2,0,20.5,1,2,4,24,6
2149,2011,0,2011-08-16,N-260,MONTFERRER I CASTELLBO,Alt Urgell,2,0,1,0,2,0,0,0,1,1,0,0,0,50.0,,0,-1,No n'hi ha,-1.0,3,3,1,0,0,0,0,0,0,0,0,0,0,0,4,-1,-1,Envestida (frontal lateral),-1,1,2,4,1,2,1,15.48,1,2,1,16,8
2150,2011,1,2011-05-18,SE,TORTOSA,Baix Ebre,0,0,1,0,2,1,0,0,0,1,0,0,0,100.0,0.0,0,2,No n'hi ha,-1.0,3,3,1,0,0,0,0,0,0,0,0,0,0,0,4,-1,0,Atropellament,-1,2,2,5,-1,2,1,19.1,1,3,2,18,5
2151,2011,1,2011-04-07,SE,REUS,Baix Camp,0,0,1,0,2,0,0,0,1,1,0,0,0,100.0,0.0,0,-1,No n'hi ha,-1.0,3,3,1,0,0,0,0,0,0,0,0,0,0,0,4,-1,-1,Encalç,-1,2,2,5,-1,2,1,11.4,0,2,3,7,4
2152,2011,1,2011-09-10,SE,TERRASSA,Valles Occidental,3,0,2,0,3,2,0,0,0,1,0,0,0,100.0,0.0,0,2,No n'hi ha,1.0,3,3,1,0,0,0,0,0,0,0,0,0,0,2,5,3,1,Atropellament,2,2,2,5,-1,2,0,2.42,2,3,5,10,9
2153,2011,0,2011-03-21,AP-7,SANTA PERPETUA DE MO,Valles Occidental,3,0,1,0,2,0,0,0,0,0,2,0,0,100.0,0.0,0,0,No n'hi ha,-1.0,3,3,1,0,0,1,0,0,0,0,0,0,0,0,4,-1,1,Encalç,-1,1,2,4,1,2,1,12.3,0,2,0,21,3
2154,2011,1,2011-09-01,SE,BARCELONA,Barcelones,3,0,1,0,2,0,0,0,1,1,0,0,0,100.0,0.0,0,-1,No n'hi ha,-1.0,3,3,1,0,0,0,0,0,0,0,0,0,0,1,4,3,1,Envestida (frontal lateral),2,2,2,5,-1,2,1,14.45,1,2,3,1,9
2155,2011,0,2011-11-01,SE,GIMENELLS I EL PLA DE LA FONT,Segria,2,0,1,0,2,1,0,0,0,1,0,0,0,100.0,0.0,0,2,No n'hi ha,-1.0,3,3,1,0,0,0,0,0,0,0,0,0,1,0,1,-1,1,Atropellament,-1,1,2,3,-1,2,1,18.2,1,3,1,1,11
2156,2011,0,2011-02-02,B-10,SANT ADRIA DE BESOS,Barcelones,3,0,1,0,2,0,0,0,1,1,0,0,0,80.0,0.0,0,1,No n'hi ha,-1.0,3,0,1,0,0,0,0,0,0,0,0,0,0,1,4,5,0,Fregament o col·lisió lateral,3,1,2,4,0,2,1,17.05,1,2,2,2,2
2157,2011,1,2011-03-09,N-152a,GURB,Osona,3,0,1,2,2,0,0,0,0,2,0,0,0,60.0,0.0,0,2,No n'hi ha,-1.0,3,1,1,-1,0,0,0,-1,0,0,0,0,0,1,0,5,1,Envestida (frontal lateral),1,0,2,4,1,2,1,20.05,1,2,2,9,3
2158,2011,1,2011-04-03,C-15,CANYELLES,Garraf,3,0,1,0,1,0,0,0,1,0,0,0,0,40.0,0.0,0,3,No n'hi ha,-1.0,3,1,1,0,0,0,0,0,0,0,0,0,0,1,4,4,1,Caiguda en la via,0,0,2,4,2,2,0,13.34,0,0,6,3,4
2159,2011,1,2011-07-06,SE,BADALONA,Barcelones,3,0,1,0,2,0,0,0,1,1,0,0,0,20.0,0.0,0,-1,No n'hi ha,-1.0,3,3,1,0,0,0,0,0,0,0,0,0,0,1,4,5,1,Envestida (frontal lateral),1,2,2,5,-1,2,1,8.3,0,2,2,6,7
2160,2011,1,2011-08-22,SE,SABADELL,Valles Occidental,3,0,1,0,2,0,0,0,1,1,0,0,0,100.0,0.0,0,-1,No n'hi ha,-1.0,3,3,1,0,0,0,0,0,0,0,0,0,0,0,4,-1,-1,Envestida (frontal lateral),-1,2,2,5,-1,2,1,11.58,0,2,0,22,8
2161,2011,1,2011-07-29,SE,VILAFRANCA DEL PENEDES,Alt Penedes,3,0,1,0,2,1,0,0,0,1,0,0,0,20.0,0.0,0,-1,No n'hi ha,-1.0,3,3,1,0,-1,0,0,0,0,0,0,0,0,1,4,2,-1,Atropellament,1,2,2,5,-1,2,1,9.43,0,3,4,29,7
2162,2011,1,2011-10-26,SE,ESPLUGUES DE LLOBREGAT,Baix Llobregat,3,0,1,0,2,0,0,0,1,1,0,0,0,20.0,1.0,0,2,No n'hi ha,-1.0,3,1,1,-1,0,0,0,-1,0,0,0,0,-1,1,4,3,1,Envestida (frontal lateral),1,0,2,5,-1,2,1,12.55,0,2,2,26,10
2163,2011,0,2011-08-21,C-35,GUALBA,Valles Oriental,3,0,1,3,3,0,0,0,0,2,1,0,0,100.0,0.0,0,1,No n'hi ha,-1.0,3,3,1,0,0,0,0,0,0,0,0,0,1,0,4,-1,1,Fregament o col·lisió lateral,-1,1,2,4,2,2,0,11.34,0,2,6,21,8
2164,2011,0,2011-01-23,C-58,BARCELONA,Barcelones,3,0,1,2,2,0,0,0,0,2,0,0,0,80.0,0.0,0,1,No n'hi ha,-1.0,3,3,1,0,0,1,0,0,1,0,0,0,0,0,5,-1,1,Encalç,-1,1,2,4,2,2,0,6.15,0,2,6,23,1
2165,2011,0,2011-10-09,N-II,"MASNOU, EL",Maresme,3,0,1,0,2,0,0,0,0,2,0,0,0,50.0,1.0,0,2,No n'hi ha,-1.0,3,3,1,0,0,0,0,0,0,0,0,0,0,0,5,-1,1,Encalç,-1,1,2,4,2,2,0,6.35,0,2,6,9,10
2166,2011,1,2011-05-28,SE,NAVARCLES,Bages,3,0,1,1,1,0,0,0,1,0,0,0,0,100.0,0.0,0,2,No n'hi ha,-1.0,3,3,1,0,0,0,0,0,0,0,0,0,0,1,4,5,1,Caiguda en la via,1,2,2,5,0,2,0,14.0,1,0,5,28,5
2167,2011,0,2011-11-16,T-310,RIUDOMS,Baix Camp,0,0,1,0,2,0,0,0,0,1,1,0,0,90.0,0.0,0,2,No n'hi ha,-1.0,3,3,1,0,0,0,0,0,0,0,0,0,0,1,0,5,1,Envestida (frontal lateral),1,1,2,4,2,2,1,19.1,1,2,2,16,11
2168,2011,1,2011-06-01,SE,SABADELL,Valles Occidental,3,0,1,0,2,1,0,1,0,0,0,0,0,100.0,1.0,0,-1,No n'hi ha,-1.0,3,3,1,0,0,0,0,0,0,0,0,0,0,0,4,-1,-1,Atropellament,-1,2,2,5,-1,2,1,22.46,2,3,2,1,6
2169,2011,0,2011-04-28,AP-7,SALT,Girones,1,0,1,1,2,0,0,0,0,2,0,0,0,80.0,0.0,0,2,No n'hi ha,0.0,1,3,1,0,0,0,0,0,0,0,0,0,0,0,4,-1,1,Encalç,-1,1,0,4,1,2,1,7.32,0,2,3,28,4
2170,2011,1,2011-04-18,SE,BLANES,Selva,1,1,0,0,2,1,0,0,0,1,0,0,0,20.0,0.0,0,3,No n'hi ha,-1.0,3,3,0,-1,0,0,0,-1,0,0,0,0,0,0,4,-1,1,Atropellament,-1,2,2,5,-1,2,1,17.15,1,3,0,18,4
2171,2011,1,2011-11-16,SE,VIC,Osona,3,0,1,0,3,2,0,0,0,1,0,0,0,40.0,0.0,0,1,No n'hi ha,-1.0,3,3,1,0,0,0,0,0,0,0,0,0,0,1,4,5,0,Atropellament,2,2,2,5,0,2,1,15.0,1,3,2,16,11
2172,2011,1,2011-11-30,SE,BARCELONA,Barcelones,3,0,1,0,2,1,0,0,0,1,0,0,0,100.0,0.0,0,-1,No n'hi ha,-1.0,3,3,1,0,0,0,0,0,0,0,0,0,0,0,4,-1,0,Atropellament,-1,2,2,5,-1,2,1,12.35,0,3,2,30,11
2173,2011,1,2011-09-13,SE,BADALONA,Barcelones,3,0,1,0,2,1,0,0,0,1,0,0,0,100.0,0.0,0,-1,No n'hi ha,-1.0,3,3,1,0,0,0,0,0,0,0,0,0,0,1,5,2,0,Atropellament,2,2,2,5,-1,2,1,21.0,1,3,1,13,9
2174,2011,0,2011-01-20,B-224,SANT ESTEVE SESROVIRES,Baix Llobregat,3,1,0,0,2,0,0,0,1,0,0,1,0,60.0,0.0,0,2,No n'hi ha,-1.0,3,3,0,0,0,0,0,0,0,0,0,0,0,1,3,4,1,Envestida (frontal lateral),1,1,2,4,2,2,1,6.4,0,2,3,20,1
2175,2011,1,2011-05-09,SE,TERRASSA,Valles Occidental,3,0,1,0,2,1,0,0,0,1,0,0,0,20.0,0.0,0,2,No n'hi ha,-1.0,3,3,1,-1,0,0,0,-1,0,0,0,0,1,0,4,-1,1,Atropellament,-1,2,2,5,-1,2,1,18.5,1,3,0,9,5
2176,2011,1,2011-05-28,SE,GIRONA,Girones,1,0,1,0,1,0,0,1,0,0,0,0,0,20.0,0.0,0,-1,No n'hi ha,-1.0,3,3,1,0,-1,0,0,0,0,0,0,0,0,0,1,-1,-1,Xoc contra objecte/obstacle sense sortida prèvia de via,-1,2,2,5,-1,2,0,6.04,0,4,5,28,5
2177,2011,1,2011-05-11,SE,SANT JOAN DE VILATOR,Bages,3,0,1,1,2,1,0,0,0,1,0,0,0,40.0,0.0,0,2,No n'hi ha,-1.0,3,3,1,-1,0,0,0,-1,0,0,0,0,-1,1,4,2,0,Atropellament,2,2,2,5,-1,2,1,11.45,0,3,2,11,5
2178,2011,1,2011-09-12,SE,TERRASSA,Valles Occidental,3,0,1,0,2,1,0,0,0,1,0,0,0,100.0,0.0,0,-1,No n'hi ha,-1.0,3,3,1,0,0,0,0,0,0,0,0,0,0,0,4,-1,-1,Atropellament,-1,2,2,5,-1,2,1,12.55,0,3,0,12,9
2179,2011,1,2011-02-07,SE,BARCELONA,Barcelones,3,0,1,0,1,0,0,0,1,0,0,0,0,100.0,0.0,0,-1,Carril bici,-1.0,3,3,1,0,0,0,0,0,0,0,0,0,0,0,4,-1,0,Xoc contra objecte/obstacle sense sortida prèvia de via,-1,2,2,5,-1,2,1,12.45,0,4,0,7,2
2180,2011,0,2011-01-14,C-58,TERRASSA,Valles Occidental,3,0,1,0,2,0,0,0,1,1,0,0,0,100.0,0.0,0,3,No n'hi ha,-1.0,3,3,1,0,0,0,0,0,0,0,0,0,0,0,4,-1,0,Fregament o col·lisió lateral,-1,1,2,4,2,2,1,12.3,0,2,4,14,1
2181,2011,1,2011-07-26,SE,CAMBRILS,Baix Camp,0,0,1,0,2,1,0,0,0,1,0,0,0,100.0,0.0,0,0,No n'hi ha,-1.0,3,3,1,0,0,0,0,0,0,0,0,0,0,2,4,-1,0,Atropellament,2,2,2,5,-1,2,1,20.25,1,3,1,26,7
2182,2011,1,2011-10-08,SE,SABADELL,Valles Occidental,3,0,1,1,2,0,0,0,0,2,0,0,0,100.0,0.0,0,2,No n'hi ha,-1.0,3,3,1,0,0,0,0,0,0,0,0,0,0,1,5,3,1,Col·lisió frontal,2,2,2,5,0,2,0,0.03,2,2,5,8,10
2183,2011,0,2011-01-22,AP-7,FOGARS DE TORDERA,Selva,3,0,2,3,1,0,0,0,0,1,0,0,0,100.0,0.0,0,1,No n'hi ha,-1.0,3,3,1,0,0,0,0,0,0,0,0,0,0,0,4,-1,1,Resta sortides de via,-1,1,2,4,1,2,0,7.5,0,1,5,22,1
2184,2011,0,2011-05-04,C-12,TORTOSA,Baix Ebre,0,1,1,18,2,0,0,0,0,1,1,0,0,100.0,0.0,0,0,No n'hi ha,-1.0,3,3,0,0,0,0,0,0,0,0,0,0,0,0,4,-1,1,Col·lisió frontal,-1,1,2,4,2,2,1,8.1,0,2,2,4,5
2185,2011,0,2011-11-13,N-340,"ALDEA, L'",Baix Ebre,0,1,0,0,2,0,0,0,0,1,1,0,0,100.0,0.0,0,0,No n'hi ha,-1.0,3,3,0,0,0,0,0,0,1,0,0,0,0,0,3,-1,1,Col·lisió frontal,-1,1,2,4,1,2,0,22.3,2,2,6,13,11
2186,2011,1,2011-11-10,SE,BARCELONA,Barcelones,3,0,1,0,2,0,0,0,1,1,0,0,0,100.0,0.0,0,-1,No n'hi ha,-1.0,3,3,1,0,0,0,0,0,0,0,0,0,0,1,4,3,1,Encalç,2,2,2,5,-1,2,1,16.4,1,2,3,10,11
2187,2011,0,2011-03-30,C-1415c,ARGENTONA,Maresme,3,0,2,2,2,0,0,0,0,2,0,0,0,80.0,0.0,0,2,No n'hi ha,-1.0,3,3,1,0,0,0,0,0,0,0,0,0,0,0,4,-1,1,Col·lisió frontal,-1,1,2,4,3,2,1,14.55,1,2,2,30,3
2188,2011,0,2011-07-10,C-55,CASTELLBELL I EL VIL,Bages,3,0,1,1,1,0,0,0,1,0,0,0,0,100.0,0.0,0,3,No n'hi ha,-1.0,3,3,1,0,0,0,0,0,0,0,0,0,0,2,4,4,1,Resta sortides de via,3,1,2,4,2,2,0,12.43,0,1,6,10,7
2189,2011,1,2011-04-01,SE,BLANES,Selva,1,0,1,0,2,0,0,1,0,1,0,0,0,20.0,0.0,0,2,No n'hi ha,-1.0,3,3,1,-1,0,0,0,-1,0,0,0,0,0,1,1,4,1,Envestida (frontal lateral),3,2,2,5,-1,2,0,21.05,1,2,4,1,4
2190,2011,1,2011-03-31,SE,MANRESA,Bages,3,0,1,0,2,1,0,0,0,1,0,0,0,100.0,0.0,0,2,No n'hi ha,-1.0,3,3,1,0,0,0,0,0,0,0,0,0,0,0,4,-1,1,Atropellament,-1,2,2,5,-1,2,1,18.5,1,3,3,31,3
2191,2011,0,2011-04-19,N-260,TOSES,Ripolles,1,1,0,0,1,0,0,0,1,0,0,0,0,100.0,0.0,0,1,No n'hi ha,-1.0,3,3,0,0,0,0,0,0,0,0,0,0,0,0,4,-1,1,Caiguda en la via,-1,1,2,4,1,2,1,11.5,0,0,1,19,4
2192,2011,1,2011-05-16,SE,PALAFRUGELL,Baix Emporda,1,0,1,0,2,1,0,0,0,1,0,0,0,20.0,0.0,0,-1,No n'hi ha,-1.0,3,3,1,-1,-1,0,0,-1,0,0,0,0,0,0,4,-1,-1,Atropellament,-1,2,2,5,-1,2,1,20.0,1,3,0,16,5
2193,2011,1,2011-11-01,C-63,VIDRERES,Selva,1,0,1,0,2,0,0,0,1,1,0,0,0,100.0,0.0,0,2,No n'hi ha,-1.0,3,1,1,0,0,0,0,0,0,0,0,0,0,0,0,-1,1,Encalç,-1,0,2,4,2,2,1,19.1,1,2,1,1,11
2194,2011,1,2011-10-02,SE,GRANOLLERS,Valles Oriental,3,0,1,0,1,0,0,0,0,1,0,0,0,50.0,0.0,0,2,No n'hi ha,-1.0,3,3,1,0,0,0,0,0,0,0,0,0,0,1,4,4,1,Xoc contra objecte/obstacle sense sortida prèvia de via,1,2,2,5,-1,2,0,7.55,0,4,6,2,10
2195,2011,1,2011-07-01,SE,PALAMOS,Baix Emporda,1,0,1,0,2,0,0,0,1,1,0,0,0,20.0,0.0,0,2,No n'hi ha,-1.0,3,3,1,0,0,0,0,-1,0,0,0,0,0,1,4,4,0,Envestida (frontal lateral),2,2,2,5,-1,2,0,18.28,1,2,4,1,7
2196,2011,1,2011-10-07,SE,RIPOLLET,Valles Occidental,3,0,1,0,2,0,0,0,1,1,0,0,0,100.0,1.0,0,3,No n'hi ha,-1.0,3,3,1,0,0,0,0,0,0,0,0,0,0,0,5,-1,1,Fregament o col·lisió lateral,-1,2,2,5,0,2,0,22.28,2,2,4,7,10
2197,2012,1,2012-05-04,SE,BARCELONA,Barcelones,3,0,1,0,2,0,0,0,1,1,0,0,0,100.0,0.0,0,-1,No n'hi ha,-1.0,3,3,1,0,0,0,0,0,0,0,0,0,0,1,4,3,0,Fregament o col·lisió lateral,2,2,2,5,-1,2,1,13.0,0,2,4,4,5
2198,2012,1,2012-06-07,SE,VIC,Osona,3,1,0,0,2,1,0,0,0,1,0,0,0,100.0,0.0,0,3,No n'hi ha,-1.0,3,3,0,0,0,0,0,0,0,0,0,0,0,2,4,-1,0,Atropellament,1,2,2,5,-1,2,1,10.28,0,3,3,7,6
2199,2012,0,2012-07-28,N-240,"BORGES BLANQUES, LES",Garrigues,2,0,1,0,2,0,0,0,0,1,1,0,0,100.0,0.0,0,2,No n'hi ha,-1.0,3,3,1,0,0,0,0,0,0,0,0,0,0,0,1,-1,1,Fregament o col·lisió lateral,-1,1,2,4,1,2,0,7.2,0,2,5,28,7
2200,2012,0,2012-03-31,N-260,CABANELLES,Alt Emporda,1,1,1,0,1,0,0,0,0,1,0,0,0,100.0,0.0,0,1,No n'hi ha,-1.0,3,3,0,0,0,0,0,0,0,0,0,0,0,0,4,-1,1,Resta sortides de via,-1,1,2,4,1,2,0,12.13,0,1,5,31,3
2201,2012,0,2012-06-17,C-55,CALLUS,Bages,3,0,2,0,2,0,0,0,0,2,0,0,0,60.0,0.0,0,1,No n'hi ha,-1.0,3,3,1,0,0,0,0,0,1,0,0,0,0,0,3,-1,1,Envestida (frontal lateral),-1,1,2,4,2,2,0,22.51,2,2,6,17,6
2202,2012,1,2012-04-30,SE,GRANOLLERS,Valles Oriental,3,0,1,1,2,0,0,0,0,2,0,0,0,100.0,0.0,0,2,No n'hi ha,-1.0,1,3,1,0,0,0,0,0,0,0,0,0,0,1,4,4,1,Envestida (frontal lateral),2,2,2,5,-1,2,1,15.3,1,2,0,30,4
2203,2012,1,2012-09-21,SE,ALELLA,Maresme,3,0,1,0,2,0,0,1,0,0,1,0,0,20.0,0.0,0,-1,No n'hi ha,-1.0,3,3,1,0,0,0,0,0,0,0,0,0,0,0,4,-1,1,Envestida (frontal lateral),-1,2,2,5,-1,2,1,11.05,0,2,4,21,9
2204,2012,0,2012-07-28,N-II,BORRASSA,Alt Emporda,1,1,3,2,2,0,0,0,0,2,0,0,0,100.0,0.0,0,2,No n'hi ha,-1.0,3,3,0,0,0,0,0,0,0,0,0,0,0,0,4,-1,1,Col·lisió frontal,-1,1,2,4,1,2,0,10.3,0,2,5,28,7
2205,2012,1,2012-02-08,SE,VILAFRANCA DEL PENEDES,Alt Penedes,3,0,1,0,2,1,0,0,0,1,0,0,0,20.0,0.0,0,-1,No n'hi ha,-1.0,3,3,1,0,0,0,0,0,0,0,0,0,0,1,4,2,1,Atropellament,1,2,2,5,-1,2,1,16.44,1,3,2,8,2
2206,2012,0,2012-01-20,C-16,BARCELONA,Barcelones,3,1,1,1,5,0,0,0,0,5,0,0,0,80.0,0.0,0,2,No n'hi ha,,3,3,0,0,1,0,0,0,0,0,0,0,0,0,5,-1,1,Encalç,-1,1,2,4,2,2,1,12.55,0,2,4,20,1
2207,2012,1,2012-12-30,SE,SANT FELIU DE LLOBREGAT,Baix Llobregat,3,0,1,1,2,0,0,0,1,1,0,0,0,100.0,0.0,0,2,Carril central,-1.0,3,3,1,0,0,0,0,0,0,0,0,0,0,1,4,4,1,Envestida (frontal lateral),2,2,2,5,-1,2,0,12.0,0,2,6,30,12
2208,2012,0,2012-10-25,C-31,HOSPITALET DE LLOBREGAT,Barcelones,3,0,1,0,2,0,0,0,1,1,0,0,0,100.0,0.0,0,2,No n'hi ha,-1.0,3,3,1,0,0,1,0,0,0,0,0,0,0,0,5,-1,0,Fregament o col·lisió lateral,-1,1,2,4,2,2,1,7.3,0,2,3,25,10