,Year,Area,Date,Road,Municipality Name,County Name,Province Name,Fatalties,Serious Injuries,Light Injuries,Units Involved,Pedestrains Involved,Bicycles Involved,Mopeds Involved,Motorcycles,Light Vehicles Involved,Heavy Vehicles Involved,Other Units Involved,Unspecified Units Involved,Road Speed Limit,Accident with Hit and Run,Fog Presence,Surrounding Environment,Special Lane Presence,Special Traffic Measures,Weather Conditions,Special Road Functions,Severity of Accident,Influence of Fog,Influence of Environment,Influence of Traffic,Influence of Weather,Influence of Wind Intensity,Influence of Lighting,Influence of Special Measures,Influence of Road Objects,Influence of Road Surface,Influence of Visibility,Intersection Characteristics,Lighting Conditions,Traffic Regulation and Priority,Direction of Road,Subtype of Accident,Subtype of Road Section,Subzone within Area,Road Surface Conditions,Type of Road,Road Ownership,Wind Conditions,Day of the Week Grouping,Hour of Day,Time of Day Grouping,Type of Accident,Day Type,Day,Month
2209,2012,1,2012-02-11,SE,CASTELLDEFELS,Baix Llobregat,3,0,1,0,2,0,0,0,1,1,0,0,0,100.0,0.0,0,2,No n'hi ha,-1.0,3,3,1,0,0,0,0,0,0,0,0,0,0,0,1,-1,1,Envestida (frontal lateral),-1,2,2,5,-1,1,0,17.13,1,2,5,11,2
2210,2012,1,2012-03-27,SE,CONSTANTI,Tarragones,0,0,1,0,1,0,0,0,0,1,0,0,0,100.0,0.0,0,2,No n'hi ha,-1.0,3,3,1,0,0,0,0,0,0,0,0,0,0,0,4,-1,1,Resta sortides de via,-1,2,0,5,0,2,1,16.15,1,1,1,27,3
2211,2012,1,2012-05-23,SE,BARCELONA,Barcelones,3,0,1,1,3,1,0,0,1,1,0,0,0,100.0,0.0,0,-1,No n'hi ha,-1.0,3,3,1,0,0,0,0,0,0,0,0,0,0,1,4,3,1,Atropellament,2,2,2,5,-1,2,1,16.15,1,3,2,23,5
2212,2012,1,2012-02-28,SE,SABADELL,Valles Occidental,3,0,1,0,2,0,0,0,1,1,0,0,0,100.0,0.0,0,-1,No n'hi ha,-1.0,3,3,1,0,0,0,0,0,0,0,0,0,0,0,4,-1,-1,Col·lisió frontal,-1,2,2,5,-1,2,1,10.2,0,2,1,28,2
2213,2012,1,2012-07-05,SE,ESPLUGUES DE LLOBREGAT,Baix Llobregat,3,0,1,0,2,0,0,0,1,1,0,0,0,20.0,0.0,0,2,No n'hi ha,-1.0,3,3,1,-1,0,0,0,-1,0,0,0,0,-1,1,4,3,1,Envestida (frontal lateral),2,2,2,5,-1,2,1,15.15,1,2,3,5,7
2214,2012,1,2012-11-08,SE,MANRESA,Bages,3,0,1,1,2,0,2,0,0,0,0,0,0,100.0,0.0,0,1,No n'hi ha,-1.0,3,3,1,0,0,0,0,0,0,0,0,0,0,0,4,-1,1,Caiguda en la via,-1,2,2,5,0,2,1,15.0,1,0,3,8,11
2215,2012,0,2012-03-24,C-35,SANT FELIU DE BUIXALLEU,Selva,1,1,0,0,1,0,0,0,0,1,0,0,0,100.0,0.0,0,2,No n'hi ha,-1.0,3,3,0,0,0,0,0,0,0,0,0,0,0,0,4,-1,1,Resta sortides de via,-1,1,2,4,2,2,0,7.34,0,1,5,24,3
2216,2012,1,2012-11-16,SE,TERRASSA,Valles Occidental,3,0,1,0,2,1,0,0,0,1,0,0,0,20.0,0.0,0,-1,No n'hi ha,-1.0,3,3,1,0,0,0,0,0,0,0,0,0,0,0,0,-1,-1,Atropellament,-1,2,2,5,-1,2,0,16.15,1,3,4,16,11
2217,2012,1,2012-02-07,SE,"VENDRELL, EL",Baix Penedes,0,0,1,0,2,1,0,0,0,1,0,0,0,40.0,0.0,0,2,No n'hi ha,-1.0,3,3,1,0,0,0,0,0,0,0,0,0,0,0,1,-1,1,Atropellament,-1,2,2,5,-1,2,1,8.0,0,3,1,7,2
2218,2012,1,2012-11-07,SE,BARCELONA,Barcelones,3,0,1,1,3,0,0,0,1,2,0,0,0,100.0,0.0,0,-1,No n'hi ha,-1.0,3,3,1,0,0,0,0,0,0,0,0,0,0,1,5,3,1,Envestida (frontal lateral),2,2,2,5,-1,2,1,21.15,1,2,2,7,11
2219,2012,1,2012-08-23,SE,LLEIDA,Segria,2,0,1,0,2,0,0,1,0,1,0,0,0,20.0,0.0,0,-1,No n'hi ha,-1.0,3,3,1,-1,-1,0,0,-1,0,0,0,0,-1,0,4,-1,-1,Fregament o col·lisió lateral,-1,2,2,5,-1,2,1,13.05,0,2,3,23,8
2220,2012,0,2012-12-24,C-13,SALAS DE PALLARS,Pallars Jussa,2,1,2,0,2,0,0,0,0,2,0,0,0,100.0,0.0,0,1,No n'hi ha,-1.0,3,3,0,0,0,0,0,0,0,0,0,0,0,0,3,-1,1,Envestida (frontal lateral),-1,1,2,4,2,2,1,20.24,1,2,0,24,12
2221,2012,0,2012-08-31,A-2,"PALAU D'ANGLESOLA, EL",Pla d'Urgell,2,1,1,6,1,0,0,0,0,1,0,0,0,100.0,0.0,0,2,No n'hi ha,-1.0,3,3,0,0,0,0,0,0,0,0,0,0,0,0,3,-1,1,Resta sortides de via,-1,1,2,4,1,2,0,20.3,1,1,4,31,8
2222,2012,0,2012-08-22,N-II,PREMIA DE MAR,Maresme,3,0,1,1,2,0,0,1,1,0,0,0,0,100.0,0.0,0,2,No n'hi ha,-1.0,3,3,1,0,0,0,0,0,0,0,0,0,0,0,4,-1,1,Fregament o col·lisió lateral,-1,1,2,4,1,2,1,14.47,1,2,2,22,8
2223,2012,1,2012-11-19,SE,LLEIDA,Segria,2,0,1,0,2,0,0,0,1,0,1,0,0,100.0,0.0,0,-1,No n'hi ha,-1.0,3,3,1,0,0,0,0,0,0,0,0,0,0,0,4,-1,-1,Envestida (frontal lateral),-1,2,2,5,-1,2,1,19.5,1,2,0,19,11
2224,2012,0,2012-07-26,B-502,ARGENTONA,Maresme,3,0,1,1,2,0,0,0,1,1,0,0,0,100.0,0.0,0,1,No n'hi ha,-1.0,3,3,1,0,0,0,0,0,0,0,0,0,0,0,4,-1,1,Envestida (frontal lateral),-1,1,2,4,4,2,1,19.15,1,2,3,26,7
2225,2012,1,2012-02-06,SE,BARCELONA,Barcelones,3,0,1,1,2,1,0,0,1,0,0,0,0,100.0,0.0,0,-1,Carril bus,-1.0,3,3,1,0,0,0,0,0,0,0,0,0,0,1,5,2,1,Atropellament,0,2,2,5,-1,2,1,21.05,1,3,0,6,2
2226,2012,1,2012-03-30,SE,BARCELONA,Barcelones,3,0,3,0,2,0,0,1,1,0,0,0,0,100.0,0.0,0,-1,No n'hi ha,-1.0,3,3,1,0,0,0,0,0,0,0,0,0,0,1,5,3,1,Envestida (frontal lateral),2,2,2,5,-1,2,0,20.5,1,2,4,30,3
2227,2012,1,2012-01-16,SE,SANT ANDREU DE LLAVANERES,Maresme,3,0,1,0,2,0,0,1,0,1,0,0,0,20.0,0.0,0,-1,No n'hi ha,-1.0,1,3,1,-1,0,0,0,-1,0,0,0,0,0,0,4,-1,1,Col·lisió frontal,-1,2,0,5,-1,2,1,13.39,0,2,0,16,1
2228,2012,0,2012-02-02,N-150,CERDANYOLA DEL VALLES,Valles Occidental,3,0,1,0,2,0,0,1,0,1,0,0,0,100.0,0.0,0,2,No n'hi ha,0.0,3,3,1,0,0,0,0,0,0,0,0,0,0,1,4,5,1,Altres,1,1,2,3,2,2,1,13.35,0,5,3,2,2
2229,2012,0,2012-03-04,N-II,CABRERA DE MAR,Maresme,3,0,1,1,2,0,2,0,0,0,0,0,0,40.0,0.0,0,2,No n'hi ha,-1.0,1,3,1,0,0,0,0,0,0,0,0,0,0,2,4,-1,1,Caiguda en la via,0,1,2,4,1,2,0,9.5,0,0,6,4,3
2230,2012,0,2012-11-27,C-65,LLAGOSTERA,Girones,1,1,0,1,2,0,0,0,0,1,1,0,0,100.0,0.0,0,2,No n'hi ha,-1.0,3,3,0,0,0,0,0,0,0,0,0,0,0,0,2,-1,1,Col·lisió frontal,-1,1,2,4,2,2,1,15.18,1,2,1,27,11
2231,2012,0,2012-10-17,BV-2137,MEDIONA,Alt Penedes,3,0,1,1,3,0,2,0,0,1,0,0,0,40.0,0.0,0,2,No n'hi ha,-1.0,3,3,1,0,0,0,0,0,0,0,0,0,0,0,4,-1,1,Col·lisió frontal,-1,1,2,4,0,2,1,13.39,0,2,2,17,10
2232,2012,0,2012-08-09,LV-3002,RINER,Solsones,2,0,1,0,1,0,0,0,1,0,0,0,0,100.0,0.0,0,1,No n'hi ha,-1.0,3,3,1,0,0,0,0,0,0,0,0,0,0,0,4,-1,1,Caiguda en la via,-1,1,2,4,3,2,1,13.29,0,0,3,9,8
2233,2012,0,2012-06-13,C-59,CALDES DE MONTBUI,Valles Oriental,3,0,3,1,2,0,0,0,0,2,0,0,0,100.0,0.0,0,1,No n'hi ha,-1.0,3,3,1,0,0,0,0,0,0,0,0,0,0,0,4,-1,1,Col·lisió frontal,-1,1,2,4,2,2,1,9.3,0,2,2,13,6
2234,2012,0,2012-09-23,N-230c,MIRAVET,Ribera d'Ebre,0,0,1,0,1,0,0,0,1,0,0,0,0,100.0,0.0,0,0,No n'hi ha,-1.0,3,3,1,0,0,0,0,0,0,0,0,0,0,0,4,-1,1,Resta sortides de via,-1,1,2,4,2,2,0,11.27,0,1,6,23,9
2235,2012,1,2012-12-10,C-1411,GIRONELLA,Bergueda,3,0,1,0,2,1,0,0,0,1,0,0,0,100.0,0.0,0,2,No n'hi ha,-1.0,3,1,1,0,0,0,0,0,0,0,0,0,0,0,4,-1,1,Atropellament,-1,0,2,4,3,2,1,12.33,0,3,0,10,12
2236,2012,1,2012-12-09,SE,BARCELONA,Barcelones,3,0,1,2,2,1,0,0,1,0,0,0,0,100.0,0.0,0,-1,No n'hi ha,-1.0,3,3,1,0,0,0,0,0,0,0,0,0,1,0,5,-1,1,Atropellament,-1,2,2,5,-1,2,0,18.0,1,3,6,9,12
2237,2012,0,2012-03-01,N-II,"JONQUERA, LA",Alt Emporda,1,0,1,3,2,0,0,0,0,2,0,0,0,70.0,0.0,0,1,No n'hi ha,-1.0,3,3,1,0,0,0,0,0,0,0,0,0,0,1,5,4,1,Col·lisió frontal,1,1,2,4,1,2,1,19.27,1,2,3,1,3
2238,2012,1,2012-12-08,SE,VILASSAR DE MAR,Maresme,3,0,1,0,2,0,0,1,0,1,0,0,0,100.0,0.0,0,2,No n'hi ha,-1.0,3,3,1,0,0,0,0,0,0,0,0,0,0,0,5,-1,1,Fregament o col·lisió lateral,-1,2,2,5,-1,2,0,2.0,2,2,5,8,12
2239,2012,1,2012-11-03,SE,TERRASSA,Valles Occidental,3,0,1,0,3,2,0,0,0,1,0,0,0,100.0,0.0,0,-1,No n'hi ha,-1.0,3,3,1,0,0,0,0,0,0,0,0,0,0,0,4,-1,-1,Atropellament,-1,2,2,5,-1,2,0,21.4,1,3,5,3,11
2240,2012,1,2012-05-22,SE,BARCELONA,Barcelones,3,0,1,0,2,0,0,0,1,1,0,0,0,100.0,0.0,0,-1,No n'hi ha,-1.0,3,3,1,0,0,0,0,0,0,0,0,0,0,1,4,3,1,Envestida (frontal lateral),1,2,2,5,-1,2,1,16.15,1,2,1,22,5
2241,2012,1,2012-04-23,SE,HOSPITALET DE LLOBREGAT,Barcelones,3,0,1,0,1,0,0,0,1,0,0,0,0,20.0,,0,1,No n'hi ha,-1.0,3,3,1,-1,0,0,0,-1,0,0,0,0,-1,1,5,4,0,Caiguda en la via,0,2,2,5,-1,2,1,5.2,2,0,0,23,4
2243,2012,1,2012-12-16,SE,GRANOLLERS,Valles Oriental,3,0,1,1,3,2,0,0,0,1,0,0,0,100.0,0.0,0,2,No n'hi ha,-1.0,3,3,1,0,0,0,0,0,0,0,0,0,0,1,5,3,1,Atropellament,2,2,2,5,-1,2,0,18.05,1,3,6,16,12
2244,2012,1,2012-09-01,C-31,CUNIT,Baix Penedes,0,0,1,0,2,1,0,0,0,0,1,0,0,50.0,0.0,0,-1,No n'hi ha,-1.0,3,1,1,-1,0,0,0,-1,0,0,0,0,-1,1,4,4,0,Atropellament,1,0,2,4,2,2,0,9.52,0,3,5,1,9
2245,2012,1,2012-03-23,GI-550,SANT HILARI SACALM,Selva,1,0,1,0,2,0,0,0,1,1,0,0,0,100.0,0.0,0,2,No n'hi ha,-1.0,3,1,1,0,0,0,0,0,0,0,0,0,0,1,4,4,1,Col·lisió frontal,2,0,2,4,0,2,1,7.1,0,2,4,23,3
2246,2012,1,2012-03-26,SE,BARCELONA,Barcelones,3,0,1,0,2,0,0,0,1,1,0,0,0,100.0,0.0,0,-1,No n'hi ha,-1.0,3,3,1,0,0,0,0,0,0,0,0,0,0,1,4,3,0,Envestida (frontal lateral),2,2,2,5,-1,2,1,18.35,1,2,0,26,3
2247,2012,0,2012-06-24,C-15,CABRERA D'IGUALADA,Anoia,3,1,1,0,2,0,0,0,0,2,0,0,0,100.0,0.0,0,3,No n'hi ha,-1.0,3,3,0,0,0,0,0,0,0,0,0,0,0,0,4,-1,1,Envestida (frontal lateral),-1,1,2,4,2,2,0,16.35,1,2,6,24,6
2248,2012,1,2012-07-11,SE,SANT FELIU DE LLOBREGAT,Baix Llobregat,3,0,1,0,2,1,0,0,0,1,0,0,0,100.0,0.0,0,2,No n'hi ha,-1.0,3,3,1,0,0,0,0,0,0,0,0,0,0,1,5,3,1,Atropellament,-1,2,2,5,-1,2,1,22.07,2,3,2,11,7
2249,2012,0,2012-07-06,AP-7,"AMETLLA DE MAR, L'",Baix Ebre,0,0,1,1,1,0,0,0,0,1,0,0,0,100.0,0.0,0,0,No n'hi ha,-1.0,3,3,1,0,0,0,0,0,0,0,0,0,0,0,4,-1,1,Resta sortides de via,-1,1,2,4,1,2,1,14.3,1,1,4,6,7
2250,2012,0,2012-05-20,C-58,TERRASSA,Valles Occidental,3,0,1,0,1,0,0,0,0,1,0,0,0,60.0,0.0,0,2,No n'hi ha,-1.0,2,3,1,0,0,0,1,0,0,0,0,0,0,0,0,-1,1,Resta sortides de via,-1,1,0,4,2,2,0,20.45,1,1,6,20,5
2251,2012,1,2012-02-02,SE,TERRASSA,Valles Occidental,3,0,1,0,2,0,0,0,1,1,0,0,0,100.0,0.0,0,-1,No n'hi ha,-1.0,3,3,1,0,0,0,0,0,0,0,0,0,0,0,4,-1,-1,Altres,-1,2,2,5,-1,2,1,23.41,2,5,3,2,2
2252,2012,1,2012-12-03,SE,BARCELONA,Barcelones,3,0,1,0,2,0,0,0,1,1,0,0,0,100.0,0.0,0,-1,No n'hi ha,-1.0,3,3,1,0,0,0,0,0,0,0,0,0,0,1,4,3,0,Envestida (frontal lateral),2,2,2,5,-1,2,1,11.25,0,2,0,3,12
2253,2012,0,2012-08-16,C-63,LLORET DE MAR,Selva,1,0,2,0,2,1,0,1,0,0,0,0,0,100.0,0.0,0,1,No n'hi ha,-1.0,3,3,1,0,0,0,0,0,0,0,0,0,0,0,4,-1,1,Atropellament,-1,1,2,4,2,2,1,11.24,0,3,3,16,8
2254,2012,1,2012-07-17,SE,RUBI,Valles Occidental,3,0,2,0,3,2,0,0,0,1,0,0,0,100.0,0.0,0,2,No n'hi ha,-1.0,3,3,1,0,0,0,0,0,0,0,0,0,0,2,4,2,0,Atropellament,1,2,2,5,-1,2,1,10.15,0,3,1,17,7
2255,2012,1,2012-06-08,SE,BARCELONA,Barcelones,3,0,1,3,3,0,0,0,0,3,0,0,0,100.0,0.0,0,-1,No n'hi ha,-1.0,3,3,1,0,0,0,0,0,0,0,0,0,0,1,5,3,1,Envestida (frontal lateral),2,2,2,5,-1,2,1,2.0,2,2,4,8,6
2256,2012,0,2012-09-22,C-17,MOLLET DEL VALLES,Valles Oriental,3,0,2,3,1,0,0,0,0,1,0,0,0,40.0,0.0,0,3,No n'hi ha,-1.0,3,3,1,0,0,0,0,0,0,0,0,0,0,1,3,-1,0,Resta sortides de via,3,1,2,4,2,2,0,7.1,0,1,5,22,9
2257,2012,1,2012-04-18,SE,TERRASSA,Valles Occidental,3,0,1,0,2,1,0,0,0,1,0,0,0,20.0,0.0,0,-1,No n'hi ha,-1.0,3,3,1,0,0,0,0,0,0,0,0,0,1,0,4,-1,-1,Atropellament,-1,2,2,5,-1,2,1,17.1,1,3,2,18,4
2258,2012,0,2012-11-26,A-2,JORBA,Anoia,3,1,0,0,1,0,0,0,0,1,0,0,0,100.0,0.0,0,1,No n'hi ha,-1.0,3,3,0,0,0,0,0,0,0,0,0,0,0,0,3,-1,0,Resta sortides de via,-1,1,2,4,1,2,1,3.24,2,1,0,26,11
2259,2012,1,2012-03-01,SE,HOSPITALET DE LLOBREGAT,Barcelones,3,0,1,0,2,0,0,0,1,1,0,0,0,20.0,1.0,0,-1,No n'hi ha,-1.0,3,3,1,-1,0,0,0,-1,0,0,0,0,-1,1,4,2,0,Envestida (frontal lateral),3,2,2,5,-1,2,1,16.25,1,2,3,1,3
2260,2012,1,2012-06-29,SE,SANTA COLOMA DE GRAMANET,Barcelones,3,0,1,1,2,0,1,0,1,0,0,0,0,20.0,0.0,0,-1,No n'hi ha,-1.0,3,3,1,0,-1,0,0,0,0,0,0,0,0,1,4,3,-1,Envestida (frontal lateral),1,2,2,5,-1,2,0,20.3,1,2,4,29,6
2261,2012,0,2012-11-03,C-251,FRANQUESES DEL VALLE,Valles Oriental,3,0,1,0,3,0,1,0,0,2,0,0,0,60.0,0.0,0,2,No n'hi ha,-1.0,3,3,1,0,0,0,0,0,0,0,0,0,0,0,5,-1,1,Encalç,-1,1,2,4,3,2,0,19.15,1,2,5,3,11
2262,2012,1,2012-03-17,SE,BARCELONA,Barcelones,3,0,2,1,2,0,0,1,0,1,0,0,0,100.0,0.0,0,-1,No n'hi ha,-1.0,3,3,1,0,0,0,0,0,0,0,0,0,1,1,5,4,0,Envestida (frontal lateral),2,2,2,5,-1,2,0,0.2,2,2,5,17,3
2263,2012,0,2012-02-09,TV-3025,"AMETLLA DE MAR, L'",Baix Ebre,0,0,1,0,2,0,0,0,1,1,0,0,0,100.0,0.0,0,2,No n'hi ha,-1.0,3,3,1,0,0,0,0,0,0,0,0,0,0,1,4,5,1,Col·lisió frontal,1,1,2,4,3,2,1,15.05,1,2,3,9,2
2264,2012,1,2012-09-23,SE,CASTELLDEFELS,Baix Llobregat,3,0,1,1,2,0,0,1,0,1,0,0,0,100.0,0.0,0,2,No n'hi ha,-1.0,3,3,1,0,0,0,0,0,0,0,0,0,0,0,4,-1,0,Envestida (frontal lateral),-1,2,2,5,-1,2,0,18.3,1,2,6,23,9
2265,2012,0,2012-08-25,C-13,VALLFOGONA DE BALAGUER,Noguera,2,0,1,1,1,0,0,0,0,1,0,0,0,100.0,0.0,0,1,No n'hi ha,-1.0,3,3,1,0,0,0,0,0,0,0,0,0,0,0,4,-1,1,Resta sortides de via,-1,1,2,3,0,2,0,10.03,0,1,5,25,8
2266,2012,1,2012-08-02,SE,BARCELONA,Barcelones,3,0,1,3,2,0,0,0,0,1,1,0,0,100.0,0.0,0,-1,No n'hi ha,-1.0,3,3,1,0,0,0,0,0,0,0,0,0,0,0,4,-1,1,Encalç,-1,2,2,5,-1,2,1,12.3,0,2,3,2,8
2267,2012,1,2012-07-15,SE,BELLCAIRE D'URGELL,Noguera,2,0,2,0,3,2,0,0,0,1,0,0,0,100.0,0.0,0,2,No n'hi ha,-1.0,3,3,1,0,1,0,0,0,1,0,0,0,0,0,1,-1,1,Atropellament,-1,2,2,5,2,2,0,20.34,1,3,6,15,7
2268,2012,1,2012-06-22,SE,LLORET DE MAR,Selva,1,0,1,0,2,0,0,0,1,1,0,0,0,100.0,0.0,0,2,Altres,-1.0,3,3,1,0,0,0,0,0,0,0,0,0,0,2,4,4,0,Encalç,3,2,2,5,-1,2,0,20.0,1,2,4,22,6
2269,2012,0,2012-03-24,LV-2101,VERDU,Urgell,2,0,1,0,1,0,0,0,0,0,1,0,0,40.0,0.0,0,1,No n'hi ha,-1.0,3,3,1,0,0,0,0,0,0,0,0,0,0,0,2,-1,1,Sortida de via amb bolcada,-1,1,2,3,3,2,0,10.58,0,1,5,24,3
2270,2012,1,2012-04-03,SE,BARCELONA,Barcelones,3,0,1,0,2,1,0,0,0,1,0,0,0,100.0,0.0,0,-1,No n'hi ha,-1.0,1,3,1,0,0,0,0,0,0,0,0,0,0,1,4,3,0,Atropellament,2,2,0,5,-1,2,1,10.0,0,3,1,3,4
2271,2012,0,2012-05-19,BV-2115,CASTELLET I LA GORNA,Alt Penedes,3,0,1,0,2,0,0,0,1,1,0,0,0,100.0,0.0,0,1,No n'hi ha,-1.0,3,3,1,0,0,0,0,0,0,0,0,0,1,0,4,-1,1,Caiguda en la via,-1,1,2,4,1,2,0,13.31,0,0,5,19,5
2272,2012,1,2012-03-09,SE,SOLSONA,Solsones,2,1,1,0,3,2,0,0,0,1,0,0,0,20.0,0.0,0,-1,No n'hi ha,-1.0,3,3,0,-1,0,0,0,-1,0,0,0,0,1,0,4,-1,0,Atropellament,-1,2,2,5,-1,2,1,8.32,0,3,4,9,3
2273,2012,0,2012-04-03,T-310,PRATDIP,Baix Camp,0,1,0,0,1,0,0,0,0,1,0,0,0,100.0,0.0,0,1,No n'hi ha,-1.0,3,3,0,0,0,0,0,0,0,0,0,0,0,0,2,-1,1,Resta sortides de via,-1,1,2,4,0,2,1,15.15,1,1,1,3,4
2274,2012,1,2012-01-19,SE,HOSPITALET DE LLOBREGAT,Barcelones,3,0,1,0,2,0,0,0,1,1,0,0,0,20.0,0.0,0,2,No n'hi ha,-1.0,3,3,1,-1,0,0,0,-1,0,0,0,0,-1,1,4,4,0,Envestida (frontal lateral),2,2,2,5,-1,2,1,15.58,1,2,3,19,1
2275,2012,0,2012-02-05,L-902,ALMENAR,Segria,2,0,1,0,1,0,0,0,0,1,0,0,0,100.0,0.0,0,1,No n'hi ha,-1.0,3,3,1,0,0,0,0,0,1,0,0,0,0,0,3,-1,1,Sortida de via amb xoc o col·lisió,-1,1,2,4,3,2,0,21.15,1,1,6,5,2
2276,2012,1,2012-10-24,SE,TARRAGONA,Tarragones,0,0,1,0,2,1,0,0,0,1,0,0,0,100.0,0.0,0,2,No n'hi ha,-1.0,3,3,1,0,0,0,0,0,0,0,0,0,0,0,0,-1,1,Atropellament,-1,2,2,5,-1,2,1,7.42,0,3,2,24,10
2277,2012,1,2012-06-16,SE,SABADELL,Valles Occidental,3,0,1,0,2,0,0,0,1,1,0,0,0,50.0,0.0,0,2,No n'hi ha,-1.0,3,3,1,0,0,0,0,0,0,0,0,0,0,0,4,-1,1,Col·lisió frontal,-1,2,2,5,-1,2,0,14.17,1,2,5,16,6
2278,2012,1,2012-02-04,SE,"VENDRELL, EL",Baix Penedes,0,0,1,0,2,0,0,0,1,1,0,0,0,40.0,0.0,0,-1,No n'hi ha,-1.0,3,3,1,0,0,0,0,0,0,0,0,0,0,0,4,-1,-1,Caiguda en la via,-1,2,2,5,-1,2,0,13.2,0,0,5,4,2
2279,2012,0,2012-02-15,C-14,MONTBLANC,Conca de Barbera,0,0,1,0,1,0,0,0,0,0,1,0,0,100.0,0.0,0,0,No n'hi ha,-1.0,3,3,1,0,0,0,0,0,0,0,0,0,0,0,4,-1,1,Caiguda en la via,-1,1,2,4,2,2,1,13.28,0,0,2,15,2
2280,2012,0,2012-10-18,T-312,CAMBRILS,Baix Camp,0,0,1,0,2,0,0,1,0,1,0,0,0,100.0,0.0,0,-1,No n'hi ha,-1.0,3,3,1,0,0,0,0,0,0,0,0,0,0,0,4,-1,-1,Col·lisió frontal,-1,1,2,3,-1,2,1,12.3,0,2,3,18,10
2281,2012,0,2012-06-16,C-65,LLAGOSTERA,Girones,1,0,1,0,2,0,1,0,0,1,0,0,0,80.0,0.0,0,3,Altres,-1.0,3,3,1,0,0,0,0,0,0,0,0,0,0,1,4,2,0,Encalç,1,1,2,4,2,1,0,17.5,1,2,5,16,6
2282,2012,1,2012-10-12,SE,GAVA,Baix Llobregat,3,0,1,0,2,1,0,0,0,1,0,0,0,20.0,0.0,0,2,No n'hi ha,-1.0,1,3,1,0,0,0,1,0,0,0,0,0,0,0,5,-1,1,Atropellament,-1,2,0,5,-1,2,0,22.19,2,3,4,12,10
2283,2012,1,2012-10-01,SE,SANT BOI DE LLOBREGAT,Baix Llobregat,3,0,1,0,2,0,0,0,1,1,0,0,0,100.0,0.0,0,-1,No n'hi ha,-1.0,3,3,1,0,0,0,0,0,0,0,0,0,0,0,4,-1,-1,Encalç,-1,2,2,5,-1,2,1,10.15,0,2,0,1,10
2284,2012,1,2012-09-19,SE,VIC,Osona,3,0,1,0,2,0,0,1,0,1,0,0,0,100.0,0.0,0,2,No n'hi ha,-1.0,1,3,1,0,0,0,1,0,0,0,0,0,0,1,5,4,1,Encalç,0,2,0,5,3,2,1,5.0,2,2,2,19,9
2285,2012,0,2012-06-04,A-7,CASTELLVI DE LA MARC,Alt Penedes,3,0,1,1,1,0,0,0,1,0,0,0,0,120.0,0.0,0,2,No n'hi ha,-1.0,3,3,1,0,0,0,0,0,0,0,0,0,0,0,3,-1,0,Caiguda en la via,-1,1,2,4,1,2,1,0.59,2,0,0,4,6
2286,2012,0,2012-11-01,C-31,"VENDRELL, EL",Baix Penedes,0,0,1,1,2,1,0,0,0,1,0,0,0,100.0,0.0,0,2,Carril d'alentiment,-1.0,3,3,1,0,0,0,0,0,0,0,0,0,0,1,3,4,1,Atropellament,3,1,2,4,2,2,1,23.07,2,3,3,1,11
2287,2012,1,2012-04-21,SE,SANT ADRIA DE BESOS,Barcelones,3,0,1,1,2,0,0,0,0,2,0,0,0,100.0,0.0,0,2,No n'hi ha,-1.0,3,3,1,0,0,0,0,0,0,0,0,0,0,1,4,4,1,Envestida (frontal lateral),2,2,2,5,-1,2,0,11.15,0,2,5,21,4
2288,2012,0,2012-12-13,C-63,SANTA COLOMA DE FARNERS,Selva,1,0,1,0,2,0,0,0,1,1,0,0,0,70.0,0.0,0,2,No n'hi ha,-1.0,3,3,1,0,0,0,0,0,0,0,0,0,0,1,1,4,1,Fregament o col·lisió lateral,0,1,2,4,2,2,1,7.5,0,2,3,13,12
2289,2012,1,2012-05-17,SE,SANT CUGAT DEL VALLES,Valles Occidental,3,0,1,0,2,0,0,1,0,1,0,0,0,100.0,0.0,0,2,No n'hi ha,-1.0,3,3,1,0,0,0,0,0,0,0,0,0,0,1,4,5,0,Fregament o col·lisió lateral,2,2,2,5,0,2,1,8.3,0,2,3,17,5
2290,2012,1,2012-05-17,SE,SABADELL,Valles Occidental,3,0,1,0,2,1,0,0,0,1,0,0,0,100.0,0.0,0,-1,No n'hi ha,-1.0,3,3,1,0,0,0,0,0,0,0,0,0,0,0,4,-1,-1,Atropellament,-1,2,2,5,-1,2,1,17.2,1,3,3,17,5
2291,2012,1,2012-10-11,SE,MANLLEU,Osona,3,0,1,0,2,1,0,0,0,1,0,0,0,20.0,0.0,0,2,No n'hi ha,-1.0,3,3,1,-1,0,0,0,-1,0,0,0,0,-1,1,4,5,1,Atropellament,1,2,2,5,-1,2,1,12.33,0,3,3,11,10
2292,2012,1,2012-05-23,SE,LLEIDA,Segria,2,0,1,1,3,2,0,0,0,1,0,0,0,30.0,0.0,0,2,No n'hi ha,-1.0,3,3,1,0,0,0,0,0,0,0,0,0,0,0,4,-1,1,Atropellament,-1,2,2,5,-1,2,1,20.1,1,3,2,23,5
2293,2012,0,2012-07-22,A-2,PALLEJA,Baix Llobregat,3,0,1,0,2,0,0,0,0,2,0,0,0,100.0,0.0,0,2,No n'hi ha,-1.0,3,3,1,0,0,0,0,0,0,0,0,0,0,0,4,-1,1,Fregament o col·lisió lateral,-1,1,2,4,1,2,0,13.3,0,2,6,22,7
2294,2012,1,2012-04-24,SE,LLEIDA,Segria,2,0,1,0,2,1,0,0,0,1,0,0,0,20.0,0.0,0,2,No n'hi ha,-1.0,3,3,1,-1,0,0,0,-1,0,0,0,0,-1,0,4,-1,0,Atropellament,-1,2,2,5,-1,2,1,13.15,0,3,1,24,4