,Year,Area,Date,Road,Municipality Name,County Name,Province Name,Fatalties,Serious Injuries,Light Injuries,Units Involved,Pedestrains Involved,Bicycles Involved,Mopeds Involved,Motorcycles,Light Vehicles Involved,Heavy Vehicles Involved,Other Units Involved,Unspecified Units Involved,Road Speed Limit,Accident with Hit and Run,Fog Presence,Surrounding Environment,Special Lane Presence,Special Traffic Measures,Weather Conditions,Special Road Functions,Severity of Accident,Influence of Fog,Influence of Environment,Influence of Traffic,Influence of Weather,Influence of Wind Intensity,Influence of Lighting,Influence of Special Measures,Influence of Road Objects,Influence of Road Surface,Influence of Visibility,Intersection Characteristics,Lighting Conditions,Traffic Regulation and Priority,Direction of Road,Subtype of Accident,Subtype of Road Section,Subzone within Area,Road Surface Conditions,Type of Road,Road Ownership,Wind Conditions,Day of the Week Grouping,Hour of Day,Time of Day Grouping,Type of Accident,Day Type,Day,Month
2295,2012,0,2012-09-11,CR12,CANET DE MAR,Maresme,3,0,2,1,2,0,0,1,0,0,0,1,0,100.0,0.0,0,1,No n'hi ha,-1.0,3,3,1,0,0,0,0,0,0,0,0,0,0,0,4,-1,1,Col·lisió frontal,-1,1,0,3,0,2,1,15.29,1,2,1,11,9
2296,2012,1,2012-02-06,SE,BADALONA,Barcelones,3,0,1,0,2,1,0,0,0,1,0,0,0,20.0,0.0,0,2,No n'hi ha,-1.0,3,3,1,-1,0,0,0,-1,0,0,0,0,-1,0,4,-1,0,Atropellament,-1,2,2,5,-1,2,1,15.38,1,3,0,6,2
2297,2012,1,2012-04-27,SE,BARCELONA,Barcelones,3,0,1,0,2,0,0,0,1,1,0,0,0,100.0,0.0,0,-1,No n'hi ha,-1.0,3,3,1,0,0,0,0,0,0,0,0,0,0,1,4,3,1,Fregament o col·lisió lateral,2,2,2,5,-1,2,1,14.3,1,2,4,27,4
2298,2012,1,2012-11-10,SE,"BRUC, EL",Anoia,3,0,1,0,1,0,0,0,1,0,0,0,0,20.0,0.0,0,-1,Sense Especificar,-1.0,3,3,1,0,0,0,0,0,0,0,0,0,0,0,4,-1,-1,Altres,-1,2,2,5,4,2,0,11.25,0,5,5,10,11
2299,2012,1,2012-09-28,SE,BARCELONA,Barcelones,3,1,0,0,2,0,0,0,1,1,0,0,0,100.0,0.0,0,-1,Carril bus,-1.0,1,3,0,0,0,1,0,0,0,0,0,0,0,0,4,-1,1,Caiguda en la via,-1,2,0,5,-1,2,1,13.2,0,0,4,28,9
2300,2012,0,2012-03-16,C-51,ALBINYANA,Baix Penedes,0,0,1,0,2,0,0,0,1,1,0,0,0,90.0,0.0,0,-1,Sense Especificar,-1.0,3,3,1,0,0,0,0,0,0,0,0,0,0,0,4,-1,-1,Fregament o col·lisió lateral,-1,1,2,4,4,2,1,8.24,0,2,4,16,3
2301,2012,0,2012-05-31,N-260,MONTFERRER I CASTELLBO,Alt Urgell,2,0,1,1,3,0,0,0,0,0,3,0,0,100.0,0.0,0,2,No n'hi ha,-1.0,3,3,1,0,0,0,0,0,1,0,0,0,0,0,1,-1,1,Encalç,-1,1,2,4,1,2,1,7.3,0,2,3,31,5
2302,2012,0,2012-10-26,C-58,MONTCADA I REIXAC,Valles Occidental,3,0,1,0,2,0,0,0,1,1,0,0,0,100.0,0.0,0,3,No n'hi ha,-1.0,1,3,1,0,0,0,0,0,0,0,0,0,0,0,5,-1,1,Fregament o col·lisió lateral,-1,1,2,4,2,2,1,8.07,0,2,4,26,10
2303,2012,0,2012-08-07,C-37,VALLS,Alt Camp,0,1,0,1,2,0,0,0,0,1,1,0,0,100.0,0.0,0,0,No n'hi ha,-1.0,3,3,0,0,0,0,0,0,0,0,0,0,0,0,4,-1,1,Col·lisió frontal,-1,1,2,4,2,2,1,16.54,1,2,1,7,8
2304,2012,0,2012-12-16,C-31,SITGES,Garraf,3,0,1,2,2,0,0,0,2,0,0,0,0,60.0,0.0,0,3,No n'hi ha,-1.0,3,3,1,0,0,0,0,0,0,0,0,0,0,0,3,-1,1,Col·lisió frontal,-1,1,2,4,2,2,0,18.15,1,2,6,16,12
2305,2012,0,2012-09-27,N-260,FONTANALS DE CERDANYA,Cerdanya,1,0,1,0,1,0,0,0,1,0,0,0,0,60.0,0.0,0,0,No n'hi ha,-1.0,3,3,1,0,0,0,0,0,0,0,0,0,0,0,4,-1,1,Resta sortides de via,-1,1,2,4,1,2,1,15.11,1,1,3,27,9
2306,2012,0,2012-11-25,C-35,SANTA MARIA DE PALAU,Valles Oriental,3,0,2,0,2,0,0,0,0,2,0,0,0,100.0,0.0,0,1,No n'hi ha,-1.0,3,3,1,0,0,0,0,0,0,0,0,0,1,0,3,-1,1,Col·lisió frontal,-1,1,2,4,2,2,0,6.43,0,2,6,25,11
2307,2012,0,2012-05-17,CR,PUIGCERDA,Cerdanya,1,0,1,0,1,0,0,0,1,0,0,0,0,100.0,0.0,0,-1,No n'hi ha,-1.0,3,3,1,0,0,0,0,0,0,0,0,0,0,0,4,-1,-1,Caiguda en la via,-1,1,2,3,-1,2,1,15.0,1,0,3,17,5
2308,2012,0,2012-01-11,CR,SALT,Girones,1,0,1,1,2,0,0,0,0,2,0,0,0,100.0,0.0,0,2,No n'hi ha,-1.0,3,3,1,0,0,0,0,0,0,0,0,0,0,1,0,4,1,Col·lisió frontal,1,1,2,3,0,2,1,7.05,0,2,2,11,1
2309,2012,0,2012-04-24,C-25,CALONGE DE SEGARRA,Anoia,3,1,1,0,3,0,0,0,0,0,3,0,0,100.0,0.0,0,-1,No n'hi ha,-1.0,3,3,0,0,0,0,0,0,0,0,0,0,0,0,4,-1,-1,Encalç,-1,1,2,4,-1,2,1,9.45,0,2,1,24,4
2310,2012,1,2012-12-08,SE,HOSPITALET DE LLOBREGAT,Barcelones,3,0,1,1,2,1,0,0,1,0,0,0,0,20.0,0.0,0,-1,No n'hi ha,-1.0,3,3,1,0,0,0,0,0,1,0,0,0,0,0,1,-1,-1,Atropellament,-1,2,2,5,-1,2,0,9.24,0,3,5,8,12
2311,2012,0,2012-03-12,C-53,VALLFOGONA DE BALAGUER,Noguera,2,1,1,0,2,0,0,0,0,2,0,0,0,100.0,0.0,0,0,No n'hi ha,-1.0,3,3,0,0,0,0,0,0,0,0,0,0,0,0,4,-1,1,Col·lisió frontal,-1,1,2,4,2,2,1,8.35,0,2,0,12,3
2312,2012,0,2012-12-16,N-II,CAPMANY,Alt Emporda,1,0,1,0,2,1,0,0,0,1,0,0,0,100.0,0.0,0,2,No n'hi ha,-1.0,3,3,1,0,0,0,0,0,1,0,0,0,0,0,0,-1,1,Atropellament,-1,1,2,4,1,2,0,5.5,2,3,6,16,12
2313,2012,0,2012-09-18,BP-1503,SANT CUGAT DEL VALLES,Valles Occidental,3,0,1,0,2,0,0,0,1,1,0,0,0,60.0,0.0,0,2,No n'hi ha,-1.0,3,3,1,0,0,1,0,0,0,0,0,0,0,2,1,4,1,Envestida (frontal lateral),2,1,2,4,3,2,1,19.1,1,2,1,18,9
2314,2012,0,2012-04-21,C-32,GAVA,Baix Llobregat,3,0,1,2,2,0,0,0,1,1,0,0,0,100.0,0.0,0,2,No n'hi ha,-1.0,3,3,1,0,0,0,0,0,0,0,0,0,0,1,4,4,1,Fregament o col·lisió lateral,3,1,2,4,2,2,0,14.04,1,2,5,21,4
2315,2012,1,2012-07-16,SE,SABADELL,Valles Occidental,3,0,1,1,2,0,1,0,1,0,0,0,0,100.0,0.0,0,-1,No n'hi ha,-1.0,3,3,1,0,0,0,0,0,0,0,0,0,0,0,4,-1,-1,Envestida (frontal lateral),-1,2,2,5,-1,2,1,5.57,2,2,0,16,7
2316,2012,0,2012-06-02,C-462,NAVES,Solsones,2,0,1,0,2,0,0,0,0,2,0,0,0,90.0,0.0,0,-1,Sense Especificar,-1.0,3,3,1,0,0,0,0,0,0,0,0,0,0,0,4,-1,-1,Col·lisió frontal,-1,1,2,4,4,2,0,11.56,0,2,5,2,6
2317,2012,0,2012-01-28,C-66,"PERA, LA",Baix Emporda,1,0,1,0,2,0,0,1,0,1,0,0,0,100.0,0.0,0,1,No n'hi ha,-1.0,3,3,1,0,0,0,0,0,0,0,0,0,0,0,2,-1,1,Fregament o col·lisió lateral,-1,1,2,4,2,2,0,8.52,0,2,5,28,1
2318,2012,0,2012-08-25,N-260,LLES DE CERDANYA,Cerdanya,2,0,1,0,2,0,0,0,0,1,0,1,0,100.0,0.0,0,1,No n'hi ha,-1.0,3,3,1,0,0,0,0,0,0,0,0,0,0,0,4,-1,1,Encalç,-1,1,2,4,1,2,0,11.48,0,2,5,25,8
2319,2012,1,2012-01-10,SE,BARCELONA,Barcelones,3,0,1,0,2,0,0,0,1,1,0,0,0,100.0,0.0,0,-1,No n'hi ha,-1.0,3,3,1,0,0,1,0,0,0,0,0,0,0,0,5,-1,0,Encalç,-1,2,2,5,-1,2,1,18.4,1,2,1,10,1
2320,2012,0,2012-11-27,C-1412a,CALAF,Anoia,3,0,3,1,2,0,0,0,0,2,0,0,0,60.0,0.0,0,1,Carril central,-1.0,3,3,1,0,0,0,0,0,0,0,0,0,0,1,1,4,1,Envestida (frontal lateral),1,1,2,4,2,2,1,7.46,0,2,1,27,11
2321,2012,1,2012-08-27,SE,LLEIDA,Segria,2,0,1,0,2,1,0,0,0,1,0,0,0,20.0,0.0,0,2,No n'hi ha,-1.0,3,3,1,-1,0,0,0,-1,0,0,0,0,-1,0,4,-1,0,Atropellament,-1,2,2,5,-1,2,1,18.15,1,3,0,27,8
2322,2012,1,2012-06-29,SE,BARCELONA,Barcelones,3,0,1,0,2,1,0,0,0,1,0,0,0,100.0,1.0,0,-1,Carril bici,-1.0,3,3,1,0,0,0,0,0,0,0,0,0,0,0,5,-1,1,Atropellament,-1,2,2,5,-1,2,1,3.55,2,3,4,29,6
2323,2012,0,2012-07-12,BV-1001,VECIANA,Anoia,3,0,1,0,2,0,0,0,0,0,2,0,0,100.0,0.0,0,0,No n'hi ha,-1.0,3,3,1,0,0,0,0,0,0,0,0,0,0,2,4,4,1,Sortida de via amb xoc o col·lisió,1,1,2,4,3,1,1,7.35,0,1,3,12,7
2324,2012,1,2012-05-18,SE,"PRAT DE LLOBREGAT, E",Baix Llobregat,3,0,1,0,2,1,0,0,0,1,0,0,0,100.0,0.0,0,2,No n'hi ha,-1.0,3,3,1,0,0,0,0,0,0,0,0,0,0,0,4,-1,1,Atropellament,-1,2,2,5,-1,2,0,15.3,1,3,4,18,5
2325,2012,1,2012-08-07,GI-612,"PORT DE LA SELVA, EL",Alt Emporda,1,1,0,3,2,1,0,0,0,1,0,0,0,100.0,0.0,0,1,No n'hi ha,-1.0,3,1,0,0,0,0,0,0,0,0,0,0,0,0,4,-1,1,Atropellament,-1,0,2,4,3,2,1,12.39,0,3,1,7,8
2326,2012,0,2012-04-09,C-14,FIGOLS I ALINYA,Alt Urgell,2,2,6,0,2,0,0,0,0,2,0,0,0,100.0,0.0,0,1,No n'hi ha,-1.0,3,3,0,0,0,0,0,0,0,0,0,0,0,0,4,-1,1,Col·lisió frontal,-1,1,2,4,2,2,1,11.05,0,2,0,9,4
2327,2012,0,2012-12-08,C-55,SANT VICENC DE CASTELLERS,Bages,3,1,0,0,2,1,0,0,0,1,0,0,0,100.0,0.0,0,2,No n'hi ha,-1.0,3,3,0,0,0,0,0,0,0,0,0,0,0,0,3,-1,1,Atropellament,-1,1,2,4,2,2,0,5.15,2,3,5,8,12
2328,2012,1,2012-10-02,SE,"AMETLLA DEL VALLES,",Valles Oriental,3,0,1,1,2,0,0,0,1,0,1,0,0,20.0,0.0,0,-1,No n'hi ha,-1.0,3,3,1,-1,0,0,0,-1,0,0,0,0,0,0,4,-1,1,Col·lisió frontal,-1,2,2,5,-1,2,1,15.0,1,2,1,2,10
2329,2012,0,2012-03-31,T-702,"MORERA DE MONTSANT, LA",Priorat,0,0,1,0,1,0,0,0,1,0,0,0,0,90.0,0.0,0,-1,Sense Especificar,-1.0,3,3,1,0,0,0,0,0,0,0,0,0,0,0,4,-1,-1,Altres,-1,1,2,4,4,2,0,18.47,1,5,5,31,3
2330,2012,0,2012-01-27,N-II,CAPMANY,Alt Emporda,1,1,0,0,2,1,0,0,0,1,0,0,0,100.0,0.0,0,2,No n'hi ha,-1.0,3,3,0,0,0,0,0,0,1,0,0,0,0,0,3,-1,1,Atropellament,-1,1,2,4,1,2,1,4.43,2,3,4,27,1
2331,2012,1,2012-01-27,SE,BARCELONA,Barcelones,3,0,1,1,2,0,0,0,2,0,0,0,0,100.0,0.0,0,-1,No n'hi ha,-1.0,3,3,1,0,0,1,0,0,0,0,0,0,0,1,4,3,1,Encalç,2,2,2,5,-1,2,1,14.28,1,2,4,27,1
2332,2012,1,2012-05-11,C-13,TERMENS,Noguera,2,1,0,0,2,0,0,1,0,1,0,0,0,50.0,0.0,0,2,No n'hi ha,-1.0,3,1,0,0,0,0,0,0,0,0,0,0,0,0,5,-1,1,Envestida (frontal lateral),-1,0,2,4,2,2,0,21.57,1,2,4,11,5
2333,2012,1,2012-01-22,SE,BARCELONA,Barcelones,3,0,2,5,2,0,0,0,0,2,0,0,0,30.0,0.0,0,-1,No n'hi ha,-1.0,3,3,1,0,0,0,0,0,0,0,0,0,1,1,5,3,1,Envestida (frontal lateral),2,2,2,5,-1,2,0,6.3,0,2,6,22,1
2334,2012,1,2012-12-29,SE,BARCELONA,Barcelones,3,0,1,0,2,0,1,0,0,1,0,0,0,100.0,0.0,0,-1,No n'hi ha,-1.0,3,3,1,0,0,0,0,0,0,0,0,0,1,1,4,3,0,Envestida (frontal lateral),1,2,2,5,-1,2,0,16.1,1,2,5,29,12
2335,2012,1,2012-10-31,SE,MONTMELO,Valles Oriental,3,0,1,0,2,1,0,0,0,1,0,0,0,40.0,0.0,0,-1,No n'hi ha,-1.0,2,3,1,-1,0,0,0,-1,0,0,0,0,0,1,2,4,1,Atropellament,2,2,0,5,-1,2,1,8.09,0,3,2,31,10
2336,2012,1,2012-01-22,C-150a,CORNELLA DEL TERRI,Pla de l'Estany,1,0,1,1,3,0,0,0,1,2,0,0,0,100.0,0.0,0,2,No n'hi ha,-1.0,3,1,1,0,0,0,0,0,0,0,0,0,0,1,4,3,1,Envestida (frontal lateral),2,0,2,4,0,2,0,14.44,1,2,6,22,1
2337,2012,0,2012-12-10,C-37,SANTA MARGARIDA DE M,Anoia,3,0,1,0,2,0,0,0,1,1,0,0,0,40.0,0.0,0,2,No n'hi ha,-1.0,3,3,1,0,0,0,0,0,0,0,0,0,0,1,4,4,0,Envestida (frontal lateral),0,1,2,4,2,2,1,16.06,1,2,0,10,12
2338,2012,0,2012-12-27,N-II,MARTORELL,Baix Llobregat,3,1,0,0,1,0,0,0,0,1,0,0,0,60.0,0.0,0,2,No n'hi ha,-1.0,3,3,0,0,0,0,0,0,0,0,0,0,0,0,5,-1,0,Xoc contra objecte/obstacle sense sortida prèvia de via,-1,1,2,4,1,2,1,22.21,2,4,3,27,12
2339,2012,0,2012-08-06,B-502,CABRERA DE MAR,Maresme,3,0,1,0,2,0,0,0,1,1,0,0,0,50.0,0.0,0,2,No n'hi ha,0.0,3,3,1,0,0,0,0,0,0,0,0,0,0,0,4,-1,1,Encalç,-1,1,2,4,3,0,1,19.55,1,2,0,6,8
2340,2012,0,2012-01-12,GI-682,BLANES,Selva,1,0,1,0,1,0,0,0,1,0,0,0,0,90.0,0.0,0,-1,No n'hi ha,-1.0,3,3,1,-1,0,0,0,-1,0,0,0,0,0,1,5,5,0,Caiguda en la via,0,1,2,4,3,2,1,22.0,2,0,3,12,1
2341,2012,0,2012-10-17,N-340,CASTELLVI DE LA MARC,Alt Penedes,3,1,0,0,2,0,0,0,0,1,1,0,0,100.0,0.0,0,1,No n'hi ha,-1.0,3,3,0,0,0,0,0,0,0,0,0,0,0,0,4,-1,1,Col·lisió frontal,-1,1,2,4,1,2,1,13.48,0,2,2,17,10
2342,2012,1,2012-06-25,SE,"VENDRELL, EL",Baix Penedes,0,0,1,0,2,0,0,1,0,1,0,0,0,40.0,0.0,0,-1,No n'hi ha,-1.0,3,3,1,-1,0,0,0,-1,0,0,0,0,-1,0,4,-1,0,Envestida (frontal lateral),-1,2,2,5,-1,2,1,20.02,1,2,0,25,6
2343,2012,0,2012-10-11,C-17,MONTCADA I REIXAC,Valles Occidental,3,0,1,0,3,0,0,1,0,1,1,0,0,40.0,0.0,0,2,No n'hi ha,0.0,3,3,1,0,0,0,0,0,0,0,0,0,0,0,4,-1,0,Fregament o col·lisió lateral,-1,1,2,4,2,2,1,13.15,0,2,3,11,10
2344,2012,0,2012-06-21,C-155,SABADELL,Valles Occidental,3,0,1,0,1,0,0,0,1,0,0,0,0,50.0,0.0,0,0,No n'hi ha,-1.0,3,3,1,0,0,0,0,0,0,0,0,0,0,0,4,-1,1,Caiguda en la via,-1,1,2,4,2,2,1,19.45,1,0,3,21,6
2345,2012,1,2012-01-29,SE,CORNELLA DE LLOBREGAT,Baix Llobregat,3,1,0,0,1,0,0,0,1,0,0,0,0,20.0,0.0,0,2,No n'hi ha,-1.0,3,3,0,-1,0,0,0,-1,0,0,0,0,-1,0,4,-1,1,Caiguda en la via,-1,2,2,5,-1,2,0,16.45,1,0,6,29,1
2346,2012,0,2012-07-27,C-12,ALDOVER,Baix Ebre,0,0,1,3,2,0,0,0,0,2,0,0,0,100.0,0.0,0,0,No n'hi ha,-1.0,3,3,1,0,0,0,0,0,0,0,0,0,0,0,4,-1,1,Envestida (frontal lateral),-1,1,2,4,2,2,0,16.5,1,2,4,27,7
2347,2012,1,2012-12-05,SE,TORTOSA,Baix Ebre,0,0,1,0,2,1,0,0,0,1,0,0,0,100.0,0.0,0,2,No n'hi ha,-1.0,3,3,1,0,0,0,0,0,0,0,0,0,0,0,4,-1,1,Atropellament,-1,2,2,5,-1,2,1,10.3,0,3,2,5,12
2348,2012,1,2012-09-30,SE,MANRESA,Bages,3,0,1,1,3,0,0,0,1,2,0,0,0,40.0,0.0,0,2,No n'hi ha,-1.0,3,3,1,0,0,0,0,0,0,0,0,0,0,1,5,4,0,Envestida (frontal lateral),2,2,2,5,-1,2,0,21.0,1,2,6,30,9
2349,2012,0,2012-07-28,C-15,MEDIONA,Alt Penedes,3,0,2,6,4,0,0,0,0,4,0,0,0,100.0,0.0,0,3,No n'hi ha,-1.0,3,3,1,0,0,0,0,0,0,0,0,0,0,0,4,-1,1,Fregament o col·lisió lateral,-1,1,2,4,2,2,0,17.17,1,2,5,28,7
2350,2012,1,2012-07-21,SE,"AMPOLLA, L'",Baix Ebre,0,0,1,0,2,1,0,0,0,1,0,0,0,20.0,0.0,0,-1,Sense Especificar,-1.0,3,3,1,0,0,0,0,0,0,0,0,0,0,0,4,-1,-1,Atropellament,-1,2,2,5,4,2,0,14.23,1,3,5,21,7
2351,2012,0,2012-01-22,C-14,PINELL DE SOLSONES,Solsones,2,2,3,0,2,0,0,0,0,2,0,0,0,100.0,0.0,0,1,No n'hi ha,-1.0,3,3,0,0,0,0,0,0,0,0,0,0,0,0,4,-1,1,Envestida (frontal lateral),-1,1,2,4,2,2,0,15.05,1,2,6,22,1
2352,2012,1,2012-11-23,SE,BARCELONA,Barcelones,3,0,1,0,2,0,0,0,2,0,0,0,0,100.0,0.0,0,-1,No n'hi ha,-1.0,3,3,1,0,0,0,0,0,0,0,0,0,0,0,5,-1,1,Caiguda en la via,-1,2,2,5,-1,2,0,19.45,1,0,4,23,11
2353,2012,1,2012-05-11,SE,GIRONA,Girones,1,0,1,1,2,0,0,1,0,1,0,0,0,100.0,0.0,0,3,No n'hi ha,-1.0,3,3,1,0,0,0,0,0,0,0,0,0,0,0,4,-1,0,Fregament o col·lisió lateral,-1,2,2,5,-1,2,1,8.2,0,2,4,11,5
2354,2012,1,2012-08-06,SE,REUS,Baix Camp,0,0,1,0,1,0,0,0,1,0,0,0,0,100.0,0.0,0,-1,No n'hi ha,-1.0,3,3,1,0,0,0,0,0,0,0,0,0,0,0,4,-1,-1,Resta sortides de via,-1,2,2,5,-1,2,1,20.05,1,1,0,6,8
2355,2012,1,2012-03-19,SE,MATARO,Maresme,3,0,1,0,2,0,0,0,1,1,0,0,0,20.0,0.0,0,2,No n'hi ha,-1.0,3,3,1,-1,0,0,0,-1,0,0,0,0,-1,1,1,5,1,Envestida (frontal lateral),2,2,2,5,-1,2,1,19.15,1,2,0,19,3
2356,2012,0,2012-11-18,C-32,SANT VICENC DE MONTA,Maresme,3,0,1,0,1,0,0,0,0,1,0,0,0,40.0,0.0,0,2,No n'hi ha,-1.0,3,3,1,0,0,0,0,0,0,0,0,0,0,0,4,-1,0,Xoc contra objecte/obstacle sense sortida prèvia de via,-1,1,2,4,2,2,0,8.28,0,4,6,18,11
2357,2012,1,2012-01-02,SE,BARCELONA,Barcelones,3,1,0,0,2,0,1,0,0,0,1,0,0,100.0,0.0,0,-1,No n'hi ha,-1.0,3,3,0,0,0,0,0,0,0,0,0,0,0,1,4,3,0,Fregament o col·lisió lateral,2,2,2,5,-1,2,1,15.35,1,2,0,2,1
2358,2012,1,2012-03-10,SE,BARCELONA,Barcelones,3,1,0,0,1,0,0,0,1,0,0,0,0,60.0,0.0,0,-1,No n'hi ha,-1.0,3,3,0,0,0,0,0,0,0,0,0,0,0,0,5,-1,1,Xoc contra objecte/obstacle sense sortida prèvia de via,-1,2,2,5,-1,2,0,2.45,2,4,5,10,3
2359,2012,0,2012-08-03,N-340,TARRAGONA,Tarragones,0,0,1,1,2,1,0,0,1,0,0,0,0,50.0,0.0,0,2,No n'hi ha,-1.0,3,3,1,0,0,0,0,0,0,0,0,0,0,2,4,3,1,Atropellament,3,1,2,3,0,2,0,16.11,1,3,4,3,8
2360,2012,1,2012-07-05,SE,LLICA D'AMUNT,Valles Oriental,3,0,1,0,2,1,0,0,0,1,0,0,0,100.0,0.0,0,2,No n'hi ha,-1.0,3,3,1,0,0,0,0,0,0,0,0,0,0,0,4,-1,1,Atropellament,-1,2,2,5,-1,2,1,14.0,1,3,3,5,7
2361,2012,1,2012-08-30,SE,TERRASSA,Valles Occidental,3,0,1,0,2,1,0,0,0,1,0,0,0,100.0,0.0,0,-1,No n'hi ha,-1.0,3,3,1,0,0,0,0,0,0,0,0,0,0,0,4,-1,-1,Atropellament,-1,2,2,5,-1,2,1,19.5,1,3,3,30,8
2362,2012,0,2012-08-09,N-260,RIBERA D'URGELLET,Alt Urgell,2,1,0,1,2,0,0,0,0,1,1,0,0,90.0,0.0,0,3,No n'hi ha,-1.0,3,3,0,0,0,0,0,0,0,0,0,0,0,0,1,-1,1,Col·lisió frontal,-1,1,2,4,1,2,1,7.37,0,2,3,9,8
2363,2012,0,2012-06-02,C-31,SITGES,Garraf,3,0,1,2,2,0,0,0,0,2,0,0,0,50.0,0.0,0,0,No n'hi ha,-1.0,3,0,1,0,0,0,0,0,0,0,0,0,0,0,4,-1,1,Envestida (frontal lateral),-1,1,2,4,2,2,0,11.1,0,2,5,2,6
2364,2012,1,2012-06-15,SE,BARCELONA,Barcelones,3,0,1,1,2,0,0,0,1,0,1,0,0,100.0,0.0,0,-1,No n'hi ha,-1.0,3,3,1,0,0,1,0,0,0,0,0,0,0,0,4,-1,0,Fregament o col·lisió lateral,-1,2,2,5,-1,2,1,12.0,0,2,4,15,6
2365,2012,0,2012-02-11,CR,RUBI,Valles Occidental,3,1,1,0,1,0,0,0,0,1,0,0,0,100.0,0.0,0,-1,No n'hi ha,-1.0,3,3,0,0,0,0,0,0,0,0,0,0,0,0,4,-1,-1,Sortida de via amb bolcada,-1,1,2,4,-1,2,0,1.5,2,1,5,11,2
2366,2012,1,2012-04-03,SE,PALAMOS,Baix Emporda,1,0,1,1,2,0,0,0,0,2,0,0,0,20.0,0.0,0,2,No n'hi ha,-1.0,3,3,1,-1,0,0,0,-1,0,0,0,0,-1,0,2,-1,1,Col·lisió frontal,-1,2,2,5,-1,2,1,10.45,0,2,1,3,4
2367,2012,0,2012-02-26,TV-3101,"BORGES DEL CAMP, LES",Baix Camp,0,0,1,0,1,0,0,0,0,1,0,0,0,100.0,0.0,0,2,No n'hi ha,-1.0,3,3,1,0,0,0,0,0,0,0,0,0,0,0,4,-1,1,Resta sortides de via,-1,1,2,4,3,2,0,7.45,0,1,6,26,2
2368,2012,0,2012-10-02,N-340,"ALDEA, L'",Baix Ebre,0,1,1,0,2,0,0,0,0,0,2,0,0,100.0,0.0,0,3,No n'hi ha,-1.0,3,3,0,0,0,0,0,0,0,0,0,0,0,0,3,-1,1,Col·lisió frontal,-1,1,2,4,1,2,1,4.2,2,2,1,2,10
2369,2012,0,2012-10-10,BP-1503,SANT QUIRZE DEL VALLES,Valles Occidental,3,0,2,0,2,0,0,0,1,1,0,0,0,60.0,0.0,0,2,No n'hi ha,-1.0,3,3,1,0,0,0,0,0,0,0,0,0,0,1,4,-1,1,Envestida (frontal lateral),1,1,2,4,3,2,1,20.0,1,2,2,10,10
2370,2012,1,2012-09-19,N-152a,AIGUAFREDA,Valles Oriental,3,0,1,1,2,1,0,0,0,1,0,0,0,100.0,0.0,0,2,No n'hi ha,-1.0,3,1,1,0,0,0,0,0,0,0,0,0,1,0,1,-1,1,Atropellament,-1,0,0,4,2,2,1,7.48,0,3,2,19,9
2371,2012,0,2012-08-18,C-51,"VENDRELL, EL",Baix Penedes,0,1,0,0,2,0,1,0,0,0,1,0,0,100.0,0.0,0,-1,No n'hi ha,-1.0,3,3,0,0,0,0,0,0,0,0,0,0,0,0,4,-1,-1,Envestida (frontal lateral),-1,1,2,4,-1,2,0,7.54,0,2,5,18,8
2372,2012,1,2012-03-19,SE,BARCELONA,Barcelones,3,1,0,0,2,0,0,0,1,1,0,0,0,100.0,0.0,0,-1,Altres,-1.0,3,3,0,0,0,0,0,0,0,0,0,0,0,1,4,3,1,Envestida (frontal lateral),2,2,2,5,-1,2,1,16.05,1,2,0,19,3
2373,2012,0,2012-12-03,C-13,CASTELL DE MUR,Pallars Jussa,2,0,2,0,3,0,0,0,0,3,0,0,0,100.0,0.0,0,3,No n'hi ha,-1.0,3,3,1,0,0,0,0,0,0,0,0,0,0,0,5,-1,1,Col·lisió frontal,-1,1,2,4,2,2,1,18.57,1,2,0,3,12
2374,2012,0,2012-12-06,N-II,"JONQUERA, LA",Alt Emporda,1,0,1,1,1,0,0,0,0,1,0,0,0,100.0,0.0,0,1,No n'hi ha,-1.0,3,3,1,0,0,0,0,0,0,0,0,0,0,0,4,-1,1,Resta sortides de via,-1,1,2,4,1,1,1,9.51,0,1,3,6,12
2375,2012,1,2012-10-08,SE,GELIDA,Alt Penedes,3,0,1,1,2,0,0,0,1,1,0,0,0,50.0,0.0,0,-1,No n'hi ha,-1.0,3,1,1,0,0,0,0,0,0,0,0,0,0,1,4,5,1,Envestida (frontal lateral),1,0,2,5,3,2,1,8.3,0,2,0,8,10
2376,2012,0,2012-07-21,TV-3319,"SENIA, LA",Montsia,0,0,1,0,1,0,0,0,0,1,0,0,0,100.0,0.0,0,2,No n'hi ha,-1.0,3,3,1,0,0,0,0,0,0,0,0,0,0,0,4,-1,1,Resta sortides de via,-1,1,2,4,3,2,0,16.15,1,1,5,21,7
2377,2012,1,2012-09-19,SE,"CATLLAR, EL",Tarragones,0,1,0,0,1,0,0,0,0,0,1,0,0,100.0,0.0,0,2,No n'hi ha,-1.0,1,3,0,0,0,0,0,0,0,1,0,0,0,0,4,-1,1,Sortida de via amb bolcada,-1,2,3,5,-1,2,1,12.2,0,1,2,19,9
2378,2012,1,2012-02-11,SE,GIRONA,Girones,1,0,1,0,2,1,0,0,0,1,0,0,0,100.0,0.0,0,2,No n'hi ha,-1.0,3,3,1,0,0,0,0,0,0,0,0,0,0,1,4,2,0,Atropellament,2,2,2,5,0,2,0,13.39,0,3,5,11,2