,Year,Area,Date,Road,Municipality Name,County Name,Province Name,Fatalties,Serious Injuries,Light Injuries,Units Involved,Pedestrains Involved,Bicycles Involved,Mopeds Involved,Motorcycles,Light Vehicles Involved,Heavy Vehicles Involved,Other Units Involved,Unspecified Units Involved,Road Speed Limit,Accident with Hit and Run,Fog Presence,Surrounding Environment,Special Lane Presence,Special Traffic Measures,Weather Conditions,Special Road Functions,Severity of Accident,Influence of Fog,Influence of Environment,Influence of Traffic,Influence of Weather,Influence of Wind Intensity,Influence of Lighting,Influence of Special Measures,Influence of Road Objects,Influence of Road Surface,Influence of Visibility,Intersection Characteristics,Lighting Conditions,Traffic Regulation and Priority,Direction of Road,Subtype of Accident,Subtype of Road Section,Subzone within Area,Road Surface Conditions,Type of Road,Road Ownership,Wind Conditions,Day of the Week Grouping,Hour of Day,Time of Day Grouping,Type of Accident,Day Type,Day,Month
2379,2012,1,2012-10-15,SE,LLAMBILLES,Girones,1,0,1,0,2,0,0,1,0,1,0,0,0,30.0,0.0,0,-1,No n'hi ha,-1.0,3,3,1,0,0,0,0,0,0,0,0,0,0,0,4,-1,0,Envestida (frontal lateral),-1,2,2,5,4,2,1,10.2,0,2,0,15,10
2380,2012,1,2012-06-14,SE,SITGES,Garraf,3,0,1,0,2,1,0,0,0,1,0,0,0,100.0,0.0,0,2,No n'hi ha,-1.0,3,3,1,0,0,0,0,0,0,0,0,0,0,1,4,4,0,Atropellament,1,2,2,5,-1,2,1,15.1,1,3,3,14,6
2381,2012,1,2012-12-03,SE,LLEIDA,Segria,2,0,1,0,1,0,0,0,0,1,0,0,0,100.0,0.0,0,1,No n'hi ha,-1.0,3,3,1,0,0,0,0,0,0,0,0,0,0,0,4,-1,1,Xoc contra objecte/obstacle sense sortida prèvia de via,-1,2,2,5,-1,1,1,8.2,0,4,0,3,12
2382,2012,1,2012-03-12,SE,BARCELONA,Barcelones,3,1,0,1,2,1,0,0,1,0,0,0,0,60.0,0.0,0,-1,No n'hi ha,-1.0,3,3,0,0,0,0,0,0,0,0,0,0,0,0,4,-1,1,Atropellament,-1,2,2,5,-1,2,1,17.35,1,3,0,12,3
2383,2012,1,2012-01-05,SE,TARRAGONA,Tarragones,0,0,1,1,2,0,0,1,0,1,0,0,0,100.0,0.0,0,2,No n'hi ha,-1.0,3,3,1,0,0,0,0,0,0,0,0,0,0,0,5,-1,1,Envestida (frontal lateral),-1,2,2,5,-1,2,1,22.12,2,2,3,5,1
2384,2012,0,2012-04-01,LV-3003,TORA,Segarra,2,0,1,0,1,0,0,1,0,0,0,0,0,100.0,0.0,0,1,No n'hi ha,-1.0,3,3,1,0,0,0,0,0,0,0,0,0,1,0,3,-1,1,Caiguda en la via,-1,1,2,4,2,2,0,0.18,2,0,6,1,4
2385,2012,0,2012-03-18,C-31,MONTGAT,Maresme,3,0,1,1,1,0,0,0,0,1,0,0,0,100.0,0.0,0,1,No n'hi ha,-1.0,3,0,1,0,0,0,0,0,0,0,0,0,0,0,5,-1,1,Xoc contra objecte/obstacle sense sortida prèvia de via,-1,1,2,4,2,2,0,21.34,1,4,6,18,3
2386,2012,1,2012-06-30,SE,BARCELONA,Barcelones,3,0,1,1,2,0,0,0,1,1,0,0,0,100.0,0.0,0,-1,No n'hi ha,-1.0,3,3,1,0,0,0,0,0,0,0,0,0,0,1,4,2,1,Fregament o col·lisió lateral,1,2,2,5,-1,2,0,16.0,1,2,5,30,6
2387,2012,1,2012-11-18,SE,GRANOLLERS,Valles Oriental,3,0,1,0,2,1,0,0,0,1,0,0,0,100.0,0.0,0,2,No n'hi ha,-1.0,1,3,1,0,0,0,0,0,0,0,0,0,0,0,5,-1,1,Atropellament,-1,2,2,5,-1,2,0,21.0,1,3,6,18,11
2388,2012,0,2012-02-12,GIV-5523,RIELLS I VIABREA,Selva,1,0,1,0,1,0,0,0,1,0,0,0,0,100.0,0.0,0,2,No n'hi ha,-1.0,3,3,1,0,0,0,0,0,0,0,0,0,0,0,4,-1,1,Caiguda en la via,-1,1,2,4,3,2,0,14.35,1,0,6,12,2
2389,2012,1,2012-12-03,SE,BARCELONA,Barcelones,3,0,1,0,2,1,0,0,0,1,0,0,0,100.0,0.0,0,-1,No n'hi ha,-1.0,3,3,1,0,0,0,0,0,0,0,0,0,0,1,4,3,1,Atropellament,2,2,2,5,-1,2,1,10.0,0,3,0,3,12
2390,2012,1,2012-11-05,SE,BARCELONA,Barcelones,3,0,1,0,2,0,1,0,0,0,1,0,0,100.0,0.0,0,-1,No n'hi ha,-1.0,3,3,1,0,0,0,0,0,0,0,0,0,0,1,4,3,1,Envestida (frontal lateral),2,2,2,5,-1,2,1,14.3,1,2,0,5,11
2391,2012,0,2012-07-19,BP-1241,SAN FELIU DE CODINES,Valles Oriental,3,0,1,0,3,0,1,0,0,2,0,0,0,100.0,0.0,0,1,No n'hi ha,-1.0,3,3,1,0,0,0,0,0,0,0,0,0,0,0,1,-1,1,Fregament o col·lisió lateral,-1,1,2,4,3,2,1,20.58,1,2,3,19,7
2392,2012,1,2012-05-09,SE,SABADELL,Valles Occidental,3,0,1,0,2,1,0,0,0,1,0,0,0,100.0,0.0,0,2,No n'hi ha,-1.0,3,3,1,0,0,0,0,0,0,0,0,0,0,1,4,3,1,Atropellament,2,2,2,5,0,2,1,13.1,0,3,2,9,5
2393,2012,1,2012-07-29,SE,ROSES,Alt Emporda,1,0,1,0,2,1,0,0,0,1,0,0,0,20.0,0.0,0,-1,No n'hi ha,-1.0,3,3,1,-1,0,0,0,-1,0,0,0,0,0,0,4,-1,0,Atropellament,-1,2,2,5,-1,2,0,19.4,1,3,6,29,7
2394,2012,1,2012-10-15,SE,TERRASSA,Valles Occidental,3,0,1,0,4,0,0,0,0,4,0,0,0,100.0,0.0,0,-1,No n'hi ha,-1.0,3,3,1,0,0,0,0,0,0,0,0,0,0,0,4,-1,-1,Altres,-1,2,2,5,-1,2,1,14.05,1,5,0,15,10
2395,2012,1,2012-05-12,SE,"VENDRELL, EL",Baix Penedes,0,0,1,0,1,0,0,1,0,0,0,0,0,40.0,0.0,0,-1,No n'hi ha,-1.0,3,3,1,-1,0,0,0,-1,0,0,0,0,-1,1,4,5,0,Caiguda en la via,1,2,2,5,-1,2,0,18.15,1,0,5,12,5
2396,2012,0,2012-11-02,N-260,LLES DE CERDANYA,Cerdanya,2,0,2,0,2,0,0,0,2,0,0,0,0,100.0,0.0,0,1,No n'hi ha,-1.0,3,3,1,0,0,0,0,0,0,0,0,0,0,0,4,-1,1,Encalç,-1,1,2,4,1,2,1,13.51,0,2,4,2,11
2397,2012,0,2012-08-20,LV-9022,ALPICAT,Segria,2,0,1,0,2,0,0,0,1,1,0,0,0,100.0,0.0,0,1,No n'hi ha,-1.0,3,3,1,0,1,0,0,0,0,0,0,0,0,2,4,4,1,Encalç,0,1,2,4,3,2,1,7.59,0,2,0,20,8
2398,2012,0,2012-07-06,B-520,SANTA EUGENIA DE BER,Osona,3,0,2,1,2,0,0,0,0,2,0,0,0,100.0,0.0,0,1,No n'hi ha,-1.0,3,3,1,0,0,0,0,0,0,0,0,0,0,0,4,-1,1,Envestida (frontal lateral),-1,1,2,4,3,2,1,9.45,0,2,4,6,7
2399,2012,1,2012-11-07,SE,CARDEDEU,Valles Oriental,3,0,2,0,3,2,0,0,0,1,0,0,0,40.0,0.0,0,-1,No n'hi ha,-1.0,3,1,1,-1,0,0,0,-1,0,0,0,0,0,0,4,-1,1,Atropellament,-1,0,2,5,-1,2,1,8.25,0,3,2,7,11
2400,2012,1,2012-05-15,SE,SABADELL,Valles Occidental,3,0,1,0,2,0,0,0,1,0,1,0,0,100.0,0.0,0,-1,No n'hi ha,-1.0,3,3,1,0,0,0,0,0,0,0,0,0,0,0,4,-1,-1,Xoc contra objecte/obstacle sense sortida prèvia de via,-1,2,2,5,-1,2,1,13.5,0,4,1,15,5
2401,2012,1,2012-04-11,SE,TERRASSA,Valles Occidental,3,0,1,0,2,1,0,0,0,1,0,0,0,100.0,0.0,0,-1,No n'hi ha,-1.0,3,3,1,0,0,0,0,0,0,0,0,0,0,0,4,-1,-1,Atropellament,-1,2,2,5,-1,2,1,20.0,1,3,2,11,4
2402,2012,1,2012-09-23,SE,BARCELONA,Barcelones,3,0,1,1,2,0,0,0,1,1,0,0,0,100.0,0.0,0,-1,No n'hi ha,-1.0,3,3,1,0,0,0,0,0,0,0,0,0,0,0,5,-1,1,Envestida (frontal lateral),-1,2,2,5,-1,2,0,5.25,2,2,6,23,9
2403,2012,0,2012-03-13,B-231,ESPARREGUERA,Baix Llobregat,3,1,0,0,1,0,0,0,0,0,1,0,0,20.0,0.0,0,1,No n'hi ha,0.0,3,3,0,0,0,0,0,0,0,0,0,0,0,0,4,-1,1,Caiguda en la via,-1,1,2,4,3,1,1,11.37,0,0,1,13,3
2404,2012,0,2012-02-24,BV-4512,ARTES,Bages,3,0,1,0,2,0,0,0,1,1,0,0,0,100.0,0.0,0,2,No n'hi ha,-1.0,3,3,1,0,0,0,0,0,0,0,0,0,0,0,4,-1,1,Encalç,-1,1,2,4,3,2,0,15.56,1,2,4,24,2
2405,2012,0,2012-04-19,N-240,JUNEDA,Garrigues,2,3,0,1,3,0,0,0,0,1,2,0,0,80.0,0.0,0,2,No n'hi ha,-1.0,3,3,0,0,0,0,0,0,0,0,0,0,0,1,4,4,1,Envestida (frontal lateral),0,1,2,4,1,2,1,11.3,0,2,3,19,4
2406,2012,1,2012-05-18,SE,BARCELONA,Barcelones,3,1,0,0,2,1,0,0,0,1,0,0,0,100.0,0.0,0,-1,No n'hi ha,-1.0,3,3,0,0,0,0,0,0,0,0,0,0,0,1,4,3,0,Atropellament,2,2,2,5,-1,2,0,19.11,1,3,4,18,5
2407,2012,1,2012-12-20,SE,CERDANYOLA DEL VALLES,Valles Occidental,3,0,1,0,2,1,0,0,0,1,0,0,0,100.0,0.0,0,2,No n'hi ha,-1.0,3,3,1,0,0,1,0,0,0,0,0,0,0,1,5,4,1,Atropellament,2,2,2,5,1,2,1,21.1,1,3,3,20,12
2408,2012,0,2012-12-22,AP-7,SANTA PERPETUA DE MO,Valles Occidental,3,0,1,0,3,0,0,0,1,2,0,0,0,100.0,0.0,0,2,No n'hi ha,-1.0,3,3,1,0,0,0,0,0,0,0,0,0,0,0,4,-1,0,Fregament o col·lisió lateral,-1,1,2,4,1,2,0,15.15,1,2,5,22,12
2409,2012,0,2012-01-11,C-60,"ROCA DEL VALLES, LA",Valles Oriental,3,0,1,2,4,0,0,0,2,1,1,0,0,80.0,0.0,0,2,No n'hi ha,-1.0,3,3,1,0,0,0,0,0,0,0,0,0,0,0,5,-1,1,Caiguda en la via,-1,1,2,4,2,2,1,10.4,0,0,2,11,1
2410,2012,0,2012-02-06,C-31,SANT ADRIA DE BESOS,Barcelones,3,0,1,0,2,0,0,0,1,1,0,0,0,100.0,0.0,0,2,Carril acceleració,-1.0,3,3,1,0,0,0,0,0,0,0,0,0,0,2,5,4,0,Encalç,3,1,2,4,2,1,1,21.13,1,2,0,6,2
2411,2012,1,2012-07-14,SE,CAMBRILS,Baix Camp,0,0,1,0,2,0,0,0,0,2,0,0,0,100.0,0.0,0,-1,No n'hi ha,-1.0,3,3,1,0,0,0,0,0,0,0,0,0,0,0,4,-1,-1,Col·lisió frontal,-1,2,2,5,-1,2,0,18.5,1,2,5,14,7
2412,2012,1,2012-01-13,SE,TARRAGONA,Tarragones,0,0,1,3,2,0,0,0,0,2,0,0,0,20.0,,0,2,No n'hi ha,-1.0,3,3,1,-1,0,0,0,-1,0,0,0,0,-1,1,5,4,0,Envestida (frontal lateral),2,2,2,5,-1,2,1,0.15,2,2,4,13,1
2413,2012,1,2012-08-05,SE,CALLDETENES,Osona,3,0,1,1,2,0,0,1,0,1,0,0,0,100.0,0.0,0,1,No n'hi ha,-1.0,3,3,1,0,0,0,0,0,0,0,0,0,0,1,4,4,1,Envestida (frontal lateral),2,2,2,5,-1,2,0,20.03,1,2,6,5,8
2414,2012,1,2012-01-28,SE,BERGA,Bergueda,3,0,1,0,2,0,0,0,1,1,0,0,0,20.0,0.0,0,-1,No n'hi ha,-1.0,3,3,1,-1,0,0,0,-1,0,0,0,0,0,1,2,4,1,Envestida (frontal lateral),1,2,2,5,-1,2,0,14.25,1,2,5,28,1
2415,2012,1,2012-04-16,SE,BARCELONA,Barcelones,3,0,1,0,2,1,0,1,0,0,0,0,0,100.0,1.0,0,-1,No n'hi ha,-1.0,3,3,1,0,0,0,0,0,0,0,0,0,0,0,4,-1,1,Atropellament,-1,2,2,5,-1,2,1,8.25,0,3,0,16,4
2416,2012,1,2012-07-02,SE,MANRESA,Bages,3,0,1,0,1,0,0,0,0,1,0,0,0,100.0,0.0,0,2,No n'hi ha,-1.0,3,3,1,0,0,0,0,0,0,0,0,0,0,0,5,-1,0,Xoc contra objecte/obstacle sense sortida prèvia de via,-1,2,2,5,-1,2,1,0.0,2,4,0,2,7
2417,2012,1,2012-01-12,SE,BADALONA,Barcelones,3,0,1,1,3,2,0,0,0,1,0,0,0,20.0,0.0,0,-1,No n'hi ha,-1.0,3,3,1,-1,0,0,0,-1,0,0,0,0,-1,1,4,3,1,Sortida de via amb atropellament,2,2,2,5,-1,2,1,10.4,0,1,3,12,1
2418,2012,0,2012-01-08,C-12,ALCANO,Segria,2,0,2,2,2,0,0,0,0,2,0,0,0,100.0,0.0,0,3,No n'hi ha,-1.0,3,3,1,0,1,0,0,0,1,0,0,0,0,0,3,-1,1,Envestida (frontal lateral),-1,1,2,4,2,2,0,20.45,1,2,6,8,1
2419,2012,1,2012-05-08,N-IIa,FIGUERES,Alt Emporda,1,0,1,0,3,0,0,0,0,3,0,0,0,50.0,0.0,0,2,No n'hi ha,-1.0,3,1,1,0,0,0,0,0,0,0,0,0,0,0,3,-1,1,Encalç,-1,0,2,4,1,2,1,0.36,2,2,1,8,5
2420,2012,0,2012-10-29,C-25,RIUDELLOTS DE LA SELVA,Selva,1,0,2,1,3,0,0,0,0,2,1,0,0,100.0,0.0,0,3,No n'hi ha,-1.0,3,3,1,0,0,0,0,0,0,0,0,0,0,0,4,-1,1,Fregament o col·lisió lateral,-1,1,2,4,2,2,1,11.5,0,2,0,29,10
2421,2012,1,2012-10-13,SE,BARCELONA,Barcelones,3,0,1,0,2,0,0,0,1,1,0,0,0,100.0,0.0,0,-1,Carril central,,3,3,1,0,0,0,0,0,0,1,0,0,1,1,4,3,1,Envestida (frontal lateral),2,2,2,5,-1,2,0,11.5,0,2,5,13,10
2422,2012,1,2012-01-05,SE,BARCELONA,Barcelones,3,1,1,0,2,1,0,0,1,0,0,0,0,100.0,0.0,0,-1,No n'hi ha,-1.0,3,3,0,0,0,0,0,0,0,0,0,0,1,1,4,4,0,Atropellament,2,2,2,5,-1,2,1,11.23,0,3,3,5,1
2423,2012,0,2012-07-01,N-150,TERRASSA,Valles Occidental,3,0,1,0,1,0,0,0,0,1,0,0,0,100.0,0.0,0,-1,No n'hi ha,-1.0,3,3,1,0,0,0,1,0,0,0,0,0,0,0,4,-1,-1,Resta sortides de via,-1,1,2,4,-1,2,0,20.3,1,1,6,1,7
2424,2012,0,2012-06-18,N-II,SILS,Selva,1,1,0,0,2,0,0,0,1,1,0,0,0,60.0,0.0,0,2,Carril central,-1.0,3,3,0,0,0,0,0,0,0,0,0,0,0,1,4,4,1,Fregament o col·lisió lateral,1,1,2,4,1,2,1,17.45,1,2,0,18,6
2425,2012,1,2012-09-11,SE,BARCELONA,Barcelones,3,0,1,1,3,0,0,0,1,2,0,0,0,80.0,0.0,0,-1,No n'hi ha,-1.0,3,3,1,0,0,0,0,0,0,0,0,0,0,0,4,-1,1,Col·lisió frontal,-1,2,2,5,-1,2,1,7.15,0,2,1,11,9
2426,2012,0,2012-12-25,C-59,CALDES DE MONTBUI,Valles Oriental,3,0,1,1,2,0,0,0,0,2,0,0,0,100.0,0.0,0,2,No n'hi ha,-1.0,3,3,1,0,0,0,0,0,0,0,0,0,0,0,4,-1,1,Col·lisió frontal,-1,1,2,4,2,2,1,16.15,1,2,1,25,12
2427,2012,0,2012-08-10,-GIP 5121.00,CRESPIA,Pla de l'Estany,1,0,1,2,1,0,0,0,0,1,0,0,0,100.0,0.0,0,1,No n'hi ha,-1.0,3,3,1,0,0,0,0,0,0,0,0,0,0,1,4,4,1,Resta sortides de via,2,1,2,4,3,2,1,11.57,0,1,4,10,8
2428,2012,0,2012-07-18,N-145,"VALLS DE VALIRA, LES",Alt Urgell,2,0,1,2,4,0,0,0,0,4,0,0,0,60.0,0.0,0,2,No n'hi ha,0.0,3,3,1,0,0,0,0,0,0,0,0,0,0,0,4,-1,1,Fregament o col·lisió lateral,-1,1,2,4,1,2,1,11.34,0,2,2,18,7
2429,2012,0,2012-09-15,B-224,SANT ESTEVE SESROVIRES,Baix Llobregat,3,0,1,0,2,0,0,0,1,1,0,0,0,40.0,0.0,0,2,No n'hi ha,-1.0,3,3,1,0,0,0,0,0,0,0,0,0,0,0,4,-1,1,Fregament o col·lisió lateral,-1,1,2,4,2,2,0,13.58,0,2,5,15,9
2430,2012,1,2012-07-10,SE,REUS,Baix Camp,0,0,1,1,2,0,0,1,0,1,0,0,0,100.0,0.0,0,-1,No n'hi ha,-1.0,3,3,1,0,0,0,0,0,0,0,0,0,0,0,4,-1,-1,Envestida (frontal lateral),-1,2,2,5,-1,2,1,12.5,0,2,1,10,7
2431,2012,0,2012-02-12,C-17,LLICA DE VALL,Valles Oriental,3,0,1,1,2,0,0,0,0,2,0,0,0,90.0,0.0,0,-1,Sense Especificar,-1.0,3,3,1,0,0,0,0,0,0,0,0,0,0,0,4,-1,-1,Encalç,-1,1,2,4,4,2,0,19.34,1,2,6,12,2
2432,2012,1,2012-04-24,SE,BARCELONA,Barcelones,3,0,1,0,2,0,0,0,1,1,0,0,0,100.0,0.0,0,-1,No n'hi ha,-1.0,3,3,1,0,0,0,0,0,0,0,0,0,0,1,4,3,1,Envestida (frontal lateral),0,2,2,5,-1,2,1,14.28,1,2,1,24,4
2433,2012,1,2012-09-19,SE,SABADELL,Valles Occidental,3,0,1,0,2,1,0,0,0,1,0,0,0,100.0,0.0,0,-1,No n'hi ha,-1.0,3,3,1,0,0,0,0,0,0,0,0,0,0,0,4,-1,-1,Atropellament,-1,2,2,5,-1,2,1,16.53,1,3,2,19,9
2434,2012,1,2012-09-20,SE,CASTELLO D'EMPURIES,Alt Emporda,1,0,1,0,3,0,0,1,0,2,0,0,0,100.0,0.0,0,2,No n'hi ha,-1.0,3,3,1,0,0,0,0,0,0,0,0,0,0,0,4,-1,0,Envestida (frontal lateral),-1,2,2,5,0,2,1,18.21,1,2,3,20,9
2435,2012,0,2012-07-21,A-2,VILAGRASSA,Urgell,2,0,1,0,1,0,0,0,1,0,0,0,0,100.0,0.0,0,2,No n'hi ha,-1.0,3,3,1,0,0,0,0,0,0,0,0,0,0,0,4,-1,0,Xoc contra objecte/obstacle sense sortida prèvia de via,-1,1,2,4,1,2,0,10.54,0,4,5,21,7
2436,2012,0,2012-05-16,LV-5222,SORT,Pallars Sobira,2,0,1,0,1,0,0,0,1,0,0,0,0,100.0,0.0,0,0,No n'hi ha,1.0,3,3,1,0,0,0,0,0,0,0,0,0,0,0,4,-1,1,Caiguda en la via,-1,1,2,4,3,2,1,19.0,1,0,2,16,5
2437,2012,1,2012-06-15,SE,VIC,Osona,3,0,1,0,2,1,0,0,0,1,0,0,0,100.0,0.0,0,2,No n'hi ha,-1.0,3,3,1,0,0,0,0,0,0,0,0,0,0,0,4,-1,1,Atropellament,-1,2,2,5,-1,2,0,19.3,1,3,4,15,6
2438,2012,1,2012-05-14,SE,BARCELONA,Barcelones,3,0,1,2,1,0,0,0,0,1,0,0,0,100.0,0.0,0,-1,No n'hi ha,-1.0,3,3,1,0,0,0,0,0,0,0,0,0,0,0,5,-1,0,Xoc contra objecte/obstacle sense sortida prèvia de via,-1,2,2,5,-1,2,1,5.05,2,4,0,14,5
2439,2012,1,2012-04-03,N-340,"ALDEA, L'",Baix Ebre,0,0,2,0,2,0,0,1,0,1,0,0,0,50.0,0.0,0,2,No n'hi ha,-1.0,1,1,1,0,0,0,1,0,0,0,0,0,0,0,2,-1,1,Envestida (frontal lateral),-1,0,0,4,1,2,1,19.32,1,2,1,3,4
2440,2012,1,2012-12-06,SE,BARCELONA,Barcelones,3,0,1,0,2,1,0,0,0,1,0,0,0,100.0,0.0,0,-1,Carril bus,-1.0,3,3,1,0,0,0,0,0,0,0,0,0,0,0,5,-1,1,Atropellament,-1,2,2,5,-1,2,1,22.45,2,3,3,6,12
2441,2012,1,2012-04-10,SE,BARCELONA,Barcelones,3,0,1,0,2,0,0,0,1,1,0,0,0,100.0,0.0,0,-1,No n'hi ha,-1.0,3,3,1,0,0,1,0,0,0,0,0,0,0,1,4,3,0,Fregament o col·lisió lateral,2,2,2,5,-1,2,1,9.0,0,2,1,10,4
2442,2012,1,2012-02-03,SE,TARRAGONA,Tarragones,0,0,1,0,3,2,0,0,0,1,0,0,0,100.0,0.0,0,2,Carril bici,-1.0,3,3,1,0,0,0,0,0,0,0,0,0,0,1,4,1,1,Atropellament,3,2,2,5,0,2,0,16.55,1,3,4,3,2
2443,2012,1,2012-02-28,SE,BARCELONA,Barcelones,3,0,1,0,3,0,0,0,1,2,0,0,0,100.0,0.0,0,-1,No n'hi ha,-1.0,3,3,1,0,0,0,0,0,0,0,0,0,0,1,4,3,0,Fregament o col·lisió lateral,2,2,2,5,-1,2,1,12.0,0,2,1,28,2
2444,2012,0,2012-03-26,C-31,"VENDRELL, EL",Baix Penedes,0,1,0,0,3,0,0,0,1,2,0,0,0,100.0,0.0,0,1,Carril d'alentiment,-1.0,3,3,0,0,0,0,0,0,0,0,1,0,1,0,3,-1,1,Xoc contra objecte/obstacle sense sortida prèvia de via,-1,1,2,4,2,2,1,21.3,1,4,0,26,3
2445,2012,0,2012-12-21,AP-7,CERDANYOLA DEL VALLES,Valles Occidental,3,0,1,0,2,0,0,0,0,1,1,0,0,100.0,0.0,0,1,No n'hi ha,-1.0,3,3,1,0,0,0,0,0,0,0,0,0,0,0,3,-1,1,Fregament o col·lisió lateral,-1,1,2,4,1,2,0,18.4,1,2,4,21,12
2446,2012,1,2012-11-07,SE,CORNELLA DE LLOBREGAT,Baix Llobregat,3,0,1,0,2,0,0,0,1,1,0,0,0,20.0,0.0,0,2,No n'hi ha,-1.0,3,3,1,-1,0,0,0,-1,0,0,0,0,-1,0,4,-1,1,Envestida (frontal lateral),-1,2,2,5,-1,2,1,8.16,0,2,2,7,11
2447,2012,0,2012-12-28,BP-2151,SANT SADURNI D'ANOIA,Alt Penedes,3,0,1,0,1,0,0,0,1,0,0,0,0,100.0,0.0,0,1,No n'hi ha,-1.0,3,3,1,0,0,0,0,0,0,0,0,0,0,0,4,-1,1,Caiguda en la via,-1,1,2,4,2,2,0,16.05,1,0,4,28,12
2448,2012,1,2012-03-15,SE,VILASSAR DE MAR,Maresme,3,0,1,0,2,1,0,0,0,1,0,0,0,30.0,0.0,0,2,No n'hi ha,-1.0,3,3,1,0,0,0,0,0,0,0,0,0,0,0,4,-1,0,Atropellament,-1,2,2,5,-1,2,1,13.55,0,3,3,15,3
2449,2012,0,2012-10-18,C-25,MANRESA,Bages,3,1,0,2,3,1,1,0,0,1,0,0,0,80.0,0.0,0,2,No n'hi ha,0.0,3,3,0,0,0,0,0,0,0,0,0,0,0,0,3,-1,1,Atropellament,-1,1,2,4,2,2,1,19.26,1,3,3,18,10
2450,2012,0,2012-05-19,B-502,CABRERA DE MAR,Maresme,3,0,1,0,1,0,0,0,1,0,0,0,0,50.0,0.0,0,2,No n'hi ha,-1.0,3,3,1,0,0,0,0,0,0,0,0,0,0,0,1,-1,1,Resta sortides de via,-1,1,2,4,3,2,0,7.35,0,1,5,19,5
2451,2012,0,2012-05-27,CR,OS DE BALAGUER,Noguera,2,0,1,0,2,0,0,0,1,1,0,0,0,100.0,0.0,0,1,No n'hi ha,-1.0,3,3,1,0,0,0,0,0,0,0,0,0,0,0,4,-1,1,Col·lisió frontal,-1,1,5,3,4,2,0,18.0,1,2,6,27,5
2452,2012,0,2012-09-10,C-26,FORADADA,Noguera,2,0,1,0,2,0,0,0,0,0,2,0,0,100.0,0.0,0,2,No n'hi ha,-1.0,3,3,1,0,0,0,0,0,0,0,0,0,0,1,4,4,1,Fregament o col·lisió lateral,2,1,2,4,2,2,1,12.12,0,2,0,10,9
2453,2012,0,2012-04-19,CR,LLEIDA,Segria,2,0,1,0,1,0,0,0,1,0,0,0,0,100.0,0.0,0,1,No n'hi ha,-1.0,3,3,1,0,0,0,0,0,1,0,1,0,1,0,3,-1,1,Xoc contra objecte/obstacle sense sortida prèvia de via,-1,1,2,3,0,2,1,22.51,2,4,3,19,4
2454,2012,0,2012-08-15,C-25,ARBUCIES,Selva,1,0,2,3,3,0,0,0,0,3,0,0,0,80.0,0.0,0,3,No n'hi ha,0.0,3,3,1,0,0,0,0,0,0,0,0,0,0,0,4,-1,1,Envestida (frontal lateral),-1,1,2,4,2,2,1,10.0,0,2,2,15,8
2455,2012,1,2012-10-17,SE,LLEIDA,Segria,2,0,1,1,2,0,0,0,0,2,0,0,0,20.0,0.0,0,2,No n'hi ha,-1.0,3,3,1,-1,0,0,0,-1,0,0,0,0,-1,0,4,-1,1,Col·lisió frontal,-1,2,2,5,-1,2,1,8.3,0,2,2,17,10
2456,2012,0,2012-06-09,C-35,"ROCA DEL VALLES, LA",Valles Oriental,3,0,1,0,2,0,1,0,0,1,0,0,0,90.0,0.0,0,2,Carril d'alentiment,-1.0,3,2,1,0,0,0,0,0,0,0,0,0,0,1,4,-1,1,Encalç,3,1,2,4,2,2,0,8.21,0,2,5,9,6
2457,2012,1,2012-02-28,SE,MANRESA,Bages,3,0,1,0,2,1,0,0,0,1,0,0,0,100.0,0.0,1,2,No n'hi ha,-1.0,3,3,1,0,0,0,0,0,0,0,0,0,0,0,2,-1,1,Atropellament,-1,2,2,5,-1,2,1,8.25,0,3,1,28,2
2458,2012,0,2012-04-02,C-154,PRATS DE LLUCANES,Osona,3,0,1,0,2,1,0,0,0,0,1,0,0,40.0,0.0,0,1,No n'hi ha,0.0,3,3,1,0,0,0,0,0,0,0,0,0,0,2,2,-1,1,Atropellament,3,1,2,4,2,2,1,20.36,1,3,0,2,4
2459,2012,0,2012-03-11,CR,OLIVELLA,Garraf,3,0,1,0,2,0,0,0,2,0,0,0,0,30.0,0.0,0,3,No n'hi ha,-1.0,3,3,1,0,0,0,0,0,0,0,0,0,0,0,4,-1,1,Encalç,-1,1,3,3,4,2,0,13.45,0,2,6,11,3
2460,2012,0,2012-07-21,C-16,TERRASSA,Valles Occidental,3,0,1,2,1,0,0,0,0,1,0,0,0,100.0,0.0,0,1,No n'hi ha,-1.0,3,3,1,0,0,0,0,0,0,0,0,0,0,2,3,5,1,Sortida de via amb xoc o col·lisió,3,1,2,4,2,2,0,6.04,0,1,5,21,7
2461,2012,1,2012-11-23,SE,SABADELL,Valles Occidental,3,0,1,0,2,1,0,0,0,1,0,0,0,100.0,0.0,0,-1,No n'hi ha,-1.0,3,3,1,0,0,0,0,0,0,0,0,0,0,0,4,-1,-1,Atropellament,-1,2,2,5,-1,2,0,17.15,1,3,4,23,11
2462,2012,1,2012-07-18,SE,TERRASSA,Valles Occidental,3,0,2,0,4,2,0,0,0,2,0,0,0,100.0,0.0,0,-1,No n'hi ha,-1.0,3,3,1,0,0,0,0,0,0,0,0,0,0,0,4,-1,-1,Atropellament,-1,2,2,5,-1,2,1,11.05,0,3,2,18,7