,Year,Area,Date,Road,Municipality Name,County Name,Province Name,Fatalties,Serious Injuries,Light Injuries,Units Involved,Pedestrains Involved,Bicycles Involved,Mopeds Involved,Motorcycles,Light Vehicles Involved,Heavy Vehicles Involved,Other Units Involved,Unspecified Units Involved,Road Speed Limit,Accident with Hit and Run,Fog Presence,Surrounding Environment,Special Lane Presence,Special Traffic Measures,Weather Conditions,Special Road Functions,Severity of Accident,Influence of Fog,Influence of Environment,Influence of Traffic,Influence of Weather,Influence of Wind Intensity,Influence of Lighting,Influence of Special Measures,Influence of Road Objects,Influence of Road Surface,Influence of Visibility,Intersection Characteristics,Lighting Conditions,Traffic Regulation and Priority,Direction of Road,Subtype of Accident,Subtype of Road Section,Subzone within Area,Road Surface Conditions,Type of Road,Road Ownership,Wind Conditions,Day of the Week Grouping,Hour of Day,Time of Day Grouping,Type of Accident,Day Type,Day,Month
2463,2012,0,2012-02-29,AP-7,TARRAGONA,Tarragones,0,0,1,1,1,0,0,0,0,1,0,0,0,100.0,0.0,0,2,No n'hi ha,-1.0,3,3,1,0,0,0,0,0,0,0,0,0,0,0,4,-1,1,Sortida de via amb xoc o col·lisió,-1,1,2,4,4,2,1,17.45,1,1,2,29,2
2464,2012,1,2012-08-23,SE,LLEIDA,Segria,2,0,1,0,2,0,0,1,0,1,0,0,0,100.0,0.0,0,2,No n'hi ha,-1.0,3,3,1,0,0,0,0,0,0,0,0,0,0,0,4,-1,0,Envestida (frontal lateral),-1,2,2,5,-1,2,1,13.08,0,2,3,23,8
2465,2012,1,2012-09-25,SE,SABADELL,Valles Occidental,3,0,1,0,2,0,1,0,0,1,0,0,0,100.0,0.0,0,-1,No n'hi ha,-1.0,3,3,1,0,0,0,0,0,0,0,0,0,0,0,4,-1,-1,Envestida (frontal lateral),-1,2,2,5,-1,2,1,20.33,1,2,1,25,9
2466,2012,1,2012-04-23,SE,VILAFRANCA DEL PENEDES,Alt Penedes,3,0,1,0,2,0,0,1,0,1,0,0,0,20.0,0.0,0,2,No n'hi ha,-1.0,3,3,1,-1,0,0,0,-1,0,0,0,0,0,1,4,4,1,Fregament o col·lisió lateral,1,2,2,5,-1,2,1,8.15,0,2,0,23,4
2467,2012,1,2012-02-16,SE,LLEIDA,Segria,2,0,1,0,2,0,0,0,1,0,1,0,0,20.0,0.0,0,3,No n'hi ha,-1.0,3,3,1,-1,0,0,0,-1,1,0,0,0,0,1,4,3,1,Encalç,1,2,2,5,-1,2,1,8.25,0,2,3,16,2
2468,2012,1,2012-10-31,SE,OLOT,Garrotxa,1,0,1,0,2,1,0,0,0,1,0,0,0,50.0,0.0,0,1,No n'hi ha,1.0,3,3,1,0,0,0,0,0,0,0,0,1,0,0,2,-1,0,Caiguda en la via,-1,2,2,5,-1,2,1,17.0,1,0,2,31,10
2469,2012,1,2012-04-22,SE,MANLLEU,Osona,3,0,1,1,2,0,0,1,0,1,0,0,0,20.0,0.0,0,2,No n'hi ha,-1.0,3,3,1,-1,0,0,0,-1,0,0,0,0,-1,1,4,4,0,Envestida (frontal lateral),0,2,2,5,-1,2,0,14.5,1,2,6,22,4
2470,2012,1,2012-04-11,SE,TERRASSA,Valles Occidental,3,0,1,0,2,0,0,0,1,1,0,0,0,100.0,0.0,0,-1,No n'hi ha,-1.0,3,3,1,0,0,0,0,0,0,0,0,0,0,0,4,-1,-1,Envestida (frontal lateral),-1,2,2,5,-1,2,1,6.4,0,2,2,11,4
2471,2012,0,2012-07-04,C-32,ARGENTONA,Maresme,3,0,2,0,2,0,0,0,1,1,0,0,0,100.0,0.0,0,3,No n'hi ha,-1.0,3,3,1,0,0,0,0,0,0,0,0,0,0,0,4,-1,1,Encalç,-1,1,2,4,2,2,1,18.51,1,2,2,4,7
2472,2012,0,2012-06-21,N-260,ISOVOL,Cerdanya,1,0,1,0,2,0,0,0,1,1,0,0,0,70.0,0.0,0,2,No n'hi ha,-1.0,3,3,1,0,0,0,0,0,0,0,0,0,0,1,4,4,1,Envestida (frontal lateral),0,1,2,4,1,2,1,16.13,1,2,3,21,6
2473,2012,0,2012-08-31,C-58,BARCELONA,Barcelones,3,2,1,0,2,0,0,0,0,2,0,0,0,80.0,0.0,0,3,No n'hi ha,-1.0,3,3,0,0,0,0,0,0,0,0,0,0,0,0,5,-1,0,Resta sortides de via,-1,1,2,4,2,2,1,3.11,2,1,4,31,8
2474,2012,0,2012-09-29,N-141,BESCANO,Girones,1,0,1,2,2,0,0,0,0,2,0,0,0,70.0,0.0,0,1,No n'hi ha,-1.0,3,3,1,0,0,0,0,0,0,0,0,0,0,0,4,-1,1,Col·lisió frontal,-1,1,2,4,2,2,0,19.59,1,2,5,29,9
2475,2012,0,2012-11-10,C-16,CERCS,Bergueda,3,0,2,0,2,0,0,0,0,1,1,0,0,60.0,0.0,0,2,No n'hi ha,-1.0,1,3,1,0,0,0,0,0,0,0,0,0,0,0,4,-1,1,Col·lisió frontal,-1,1,2,4,2,2,0,7.43,0,2,5,10,11
2476,2012,0,2012-03-03,C-15,"GRANADA, LA",Alt Penedes,3,1,1,1,2,0,0,0,0,2,0,0,0,100.0,0.0,0,2,No n'hi ha,-1.0,3,3,0,0,0,0,0,0,0,0,0,0,0,0,4,-1,1,Envestida (frontal lateral),-1,1,2,3,2,2,0,14.25,1,2,5,3,3
2477,2012,0,2012-11-03,N-260,MAIA DE MONTCAL,Garrotxa,1,0,1,0,3,0,0,0,1,2,0,0,0,100.0,0.0,0,1,No n'hi ha,-1.0,3,3,1,0,0,0,0,0,0,0,0,0,0,1,4,4,1,Col·lisió frontal,2,1,2,4,1,2,0,14.15,1,2,5,3,11
2478,2012,1,2012-04-19,SE,GIRONA,Girones,1,0,1,0,2,0,0,0,1,1,0,0,0,100.0,0.0,0,2,No n'hi ha,-1.0,3,3,1,0,0,0,0,0,0,0,0,0,0,1,5,3,1,Encalç,2,2,2,5,0,2,1,22.33,2,2,3,19,4
2479,2012,0,2012-01-08,GI-682,LLORET DE MAR,Selva,1,1,0,2,2,0,0,0,0,2,0,0,0,100.0,0.0,0,1,No n'hi ha,-1.0,3,3,0,0,0,0,0,0,0,0,0,0,0,0,4,-1,1,Col·lisió frontal,-1,1,2,4,3,2,0,11.34,0,2,6,8,1
2480,2012,0,2012-01-30,B-10,SANT ADRIA DE BESOS,Barcelones,3,0,1,0,1,0,0,0,1,0,0,0,0,90.0,0.0,0,-1,Sense Especificar,-1.0,3,3,1,0,0,0,0,0,0,0,0,0,0,0,4,-1,-1,Altres,-1,1,2,4,4,2,1,8.53,0,5,0,30,1
2481,2012,1,2012-07-06,SE,TERRASSA,Valles Occidental,3,0,1,0,2,0,0,0,1,1,0,0,0,100.0,0.0,0,-1,No n'hi ha,-1.0,3,3,1,0,0,0,0,0,0,0,0,0,0,0,4,-1,-1,Envestida (frontal lateral),-1,2,2,5,-1,2,1,14.15,1,2,4,6,7
2482,2012,0,2012-08-28,C-1413B,CENTELLES,Osona,3,0,1,0,2,0,1,0,0,1,0,0,0,90.0,0.0,0,-1,Sense Especificar,-1.0,3,3,1,0,0,0,0,0,0,0,0,0,0,1,4,4,-1,Envestida (frontal lateral),1,1,2,4,4,2,1,20.52,1,2,1,28,8
2483,2012,1,2012-08-03,SE,VILANOVA I LA GELTRU,Garraf,3,0,1,0,2,0,0,0,1,1,0,0,0,100.0,0.0,0,2,No n'hi ha,-1.0,3,3,1,0,0,0,0,0,0,0,0,0,0,1,4,5,0,Col·lisió frontal,1,2,2,5,-1,2,0,15.21,1,2,4,3,8
2484,2012,1,2012-08-22,SE,CAMARLES,Baix Ebre,0,0,1,0,2,0,1,0,0,1,0,0,0,100.0,0.0,0,2,No n'hi ha,-1.0,3,3,1,0,0,0,0,0,0,0,0,0,1,1,1,4,1,Envestida (frontal lateral),2,2,2,5,0,2,1,20.45,1,2,2,22,8
2485,2012,0,2012-08-16,CR,ALT ANEU,Pallars Sobira,2,0,1,0,1,0,1,0,0,0,0,0,0,100.0,0.0,0,-1,No n'hi ha,-1.0,3,3,1,0,0,0,0,0,0,0,1,0,0,0,4,-1,-1,Xoc contra objecte/obstacle sense sortida prèvia de via,-1,1,2,3,-1,2,1,9.55,0,4,3,16,8
2486,2012,1,2012-06-02,SE,MATARO,Maresme,3,1,0,0,1,0,0,0,1,0,0,0,0,20.0,0.0,0,-1,No n'hi ha,-1.0,3,3,0,0,0,0,0,0,0,0,0,0,0,0,5,-1,-1,Xoc contra objecte/obstacle sense sortida prèvia de via,-1,2,2,5,-1,2,0,4.2,2,4,5,2,6
2487,2012,1,2012-08-17,SE,SABADELL,Valles Occidental,3,0,1,0,5,4,0,0,0,1,0,0,0,100.0,0.0,0,-1,No n'hi ha,-1.0,3,3,1,0,0,0,0,0,0,0,0,0,0,0,4,-1,-1,Atropellament,-1,2,2,5,-1,2,0,18.37,1,3,4,17,8
2488,2012,0,2012-05-05,N-II,"MASNOU, EL",Maresme,3,0,1,0,2,0,1,0,0,1,0,0,0,50.0,0.0,0,2,No n'hi ha,-1.0,3,3,1,0,0,0,0,0,1,0,0,0,0,0,1,-1,1,Encalç,-1,1,2,4,1,2,0,7.2,0,2,5,5,5
2489,2012,0,2012-11-17,CR,"BORGES BLANQUES, LES",Garrigues,2,1,1,5,3,0,0,0,0,3,0,0,0,100.0,0.0,0,1,No n'hi ha,-1.0,1,3,0,0,0,0,1,0,0,0,0,0,1,0,2,-1,1,Col·lisió frontal,-1,1,2,3,1,2,0,16.15,1,2,5,17,11
2490,2012,1,2012-06-07,SE,BADALONA,Barcelones,3,0,1,3,2,0,0,0,0,2,0,0,0,20.0,0.0,0,-1,No n'hi ha,-1.0,3,3,1,-1,0,0,0,-1,0,0,0,0,0,1,5,4,0,Envestida (frontal lateral),2,2,2,5,-1,2,1,0.3,2,2,3,7,6
2491,2012,1,2012-04-23,SE,SABADELL,Valles Occidental,3,0,1,0,2,1,0,0,0,1,0,0,0,100.0,0.0,0,-1,No n'hi ha,-1.0,3,3,1,0,0,0,0,0,0,0,0,0,0,0,4,-1,-1,Atropellament,-1,2,2,5,-1,2,1,9.27,0,3,0,23,4
2492,2012,1,2012-12-18,SE,GAVA,Baix Llobregat,3,0,1,0,2,0,0,0,1,1,0,0,0,20.0,0.0,0,-1,No n'hi ha,-1.0,3,3,1,-1,0,0,0,-1,0,0,0,0,0,1,4,4,0,Envestida (frontal lateral),1,2,2,5,-1,2,1,8.3,0,2,1,18,12
2493,2012,1,2012-11-05,SE,CORNELLA DE LLOBREGAT,Baix Llobregat,3,0,1,0,3,0,0,0,1,2,0,0,0,20.0,,0,3,No n'hi ha,-1.0,3,3,1,-1,0,0,0,-1,0,0,0,0,-1,1,4,3,0,Envestida (frontal lateral),1,2,2,5,-1,2,1,19.25,1,2,0,5,11
2494,2012,1,2012-10-07,SE,VILA-SECA,Tarragones,0,0,1,2,2,1,0,1,0,0,0,0,0,100.0,0.0,0,-1,No n'hi ha,-1.0,3,3,1,0,0,0,0,0,0,0,0,0,0,0,4,-1,-1,Atropellament,-1,2,2,5,-1,2,0,20.3,1,3,6,7,10
2495,2012,0,2012-08-28,CR,"PRAT DE LLOBREGAT, E",Baix Llobregat,3,0,1,2,3,0,0,0,0,2,1,0,0,60.0,0.0,0,0,No n'hi ha,-1.0,3,3,1,0,0,0,0,0,0,0,0,0,0,0,4,-1,1,Fregament o col·lisió lateral,-1,1,2,3,2,2,1,15.22,1,2,1,28,8
2496,2012,0,2012-08-10,A-2,PALLEJA,Baix Llobregat,3,0,4,2,4,0,0,0,0,4,0,0,0,120.0,0.0,0,2,No n'hi ha,-1.0,3,3,1,0,1,0,0,0,1,0,0,0,1,0,3,-1,1,Encalç,-1,1,2,4,1,2,0,22.55,2,2,4,10,8
2497,2012,0,2012-05-04,C-15B,SANT PERE DE RIBES,Garraf,3,0,1,0,2,0,1,0,0,1,0,0,0,40.0,0.0,0,2,No n'hi ha,-1.0,3,3,1,0,0,0,0,0,0,0,0,0,0,1,1,5,0,Caiguda en la via,0,1,2,4,2,2,0,20.3,1,0,4,4,5
2498,2012,1,2012-09-26,SE,ARTESA DE SEGRE,Noguera,2,0,1,0,2,1,0,0,0,1,0,0,0,100.0,0.0,0,2,No n'hi ha,-1.0,3,1,1,0,0,0,0,0,0,0,0,0,0,0,4,-1,1,Atropellament,-1,0,2,5,0,2,1,11.13,0,3,2,26,9
2499,2012,1,2012-12-15,SE,BADALONA,Barcelones,3,1,0,1,2,1,0,0,1,0,0,0,0,20.0,0.0,0,-1,No n'hi ha,-1.0,3,3,0,-1,0,0,0,-1,0,0,0,0,-1,1,5,3,1,Atropellament,1,2,2,5,-1,2,0,18.52,1,3,5,15,12
2500,2012,1,2012-03-28,SE,SARROCA DE LLEIDA,Segria,2,0,1,0,2,1,0,0,0,1,0,0,0,100.0,0.0,0,2,No n'hi ha,-1.0,3,3,1,0,0,0,0,0,0,0,0,0,0,1,4,5,1,Atropellament,2,2,2,5,2,2,1,15.06,1,3,2,28,3
2501,2012,0,2012-06-02,T-323,MONT-ROIG DEL CAMP,Baix Camp,0,0,1,0,1,0,1,0,0,0,0,0,0,70.0,0.0,0,1,No n'hi ha,-1.0,3,3,1,0,0,0,0,0,0,0,0,0,0,0,4,-1,1,Xoc contra objecte/obstacle sense sortida prèvia de via,-1,1,2,4,2,2,0,12.1,0,4,5,2,6
2502,2012,1,2012-05-07,SE,MATARO,Maresme,3,0,1,0,3,0,0,0,1,2,0,0,0,20.0,0.0,0,-1,No n'hi ha,-1.0,3,3,1,-1,-1,0,0,-1,0,0,0,0,0,0,4,-1,1,Caiguda en la via,-1,2,2,5,-1,2,1,19.3,1,0,0,7,5
2503,2012,0,2012-07-21,GIV-6546,PALAFRUGELL,Baix Emporda,1,1,0,0,2,0,0,0,1,1,0,0,0,100.0,0.0,0,2,No n'hi ha,-1.0,3,3,0,0,0,0,0,0,0,0,0,0,0,0,4,-1,1,Xoc contra objecte/obstacle sense sortida prèvia de via,-1,1,2,4,3,2,0,19.35,1,4,5,21,7
2504,2012,1,2012-11-22,SE,SABADELL,Valles Occidental,3,0,1,0,2,1,0,0,0,1,0,0,0,100.0,0.0,0,-1,No n'hi ha,-1.0,3,3,1,0,0,0,0,0,0,0,0,0,0,0,4,-1,-1,Atropellament,-1,2,2,5,-1,2,1,12.4,0,3,3,22,11
2505,2012,0,2012-03-07,BV-2041,GAVA,Baix Llobregat,3,0,1,0,2,0,0,0,0,1,1,0,0,100.0,0.0,0,3,No n'hi ha,-1.0,3,3,1,0,0,0,0,0,0,0,0,0,0,0,1,-1,1,Fregament o col·lisió lateral,-1,1,2,4,3,2,1,18.4,1,2,2,7,3
2506,2012,0,2012-08-11,BV-2041,GAVA,Baix Llobregat,3,0,1,0,1,0,0,0,0,1,0,0,0,40.0,0.0,0,3,No n'hi ha,-1.0,3,3,1,0,0,0,0,0,0,0,0,0,0,0,0,-1,1,Resta sortides de via,-1,1,2,4,4,2,0,23.3,2,1,5,11,8
2507,2012,0,2012-07-24,C-14,RIBERA D'URGELLET,Alt Urgell,2,0,1,3,3,0,0,0,0,2,1,0,0,60.0,0.0,0,2,No n'hi ha,1.0,3,3,1,0,0,0,0,0,0,0,0,0,0,0,4,-1,1,Encalç,-1,1,2,4,2,2,1,17.0,1,2,1,24,7
2508,2012,0,2012-04-22,TP-7402,PORRERA,Priorat,0,0,1,0,1,0,0,0,1,0,0,0,0,90.0,0.0,0,-1,Sense Especificar,-1.0,3,3,1,0,0,0,0,0,0,0,0,0,0,0,4,-1,-1,Altres,-1,1,2,4,4,2,0,13.16,0,5,6,22,4
2509,2012,0,2012-01-24,B-231,HOSTALETS DE PIEROLA,Anoia,3,0,2,0,2,0,0,0,0,2,0,0,0,100.0,0.0,0,1,No n'hi ha,-1.0,3,3,1,0,0,0,0,0,0,0,0,0,0,0,1,-1,1,Col·lisió frontal,-1,1,2,4,4,2,1,7.5,0,2,1,24,1
2510,2012,1,2012-02-08,SE,BARCELONA,Barcelones,3,0,1,1,3,0,0,1,1,1,0,0,0,100.0,0.0,0,-1,No n'hi ha,-1.0,3,3,1,0,0,0,0,0,0,0,0,0,0,1,4,3,1,Envestida (frontal lateral),2,2,2,5,-1,2,1,10.2,0,2,2,8,2
2511,2012,1,2012-09-22,SE,BARCELONA,Barcelones,3,0,1,0,2,1,0,0,0,1,0,0,0,100.0,0.0,0,-1,No n'hi ha,-1.0,3,3,1,0,0,0,0,0,0,0,0,0,0,1,4,3,0,Atropellament,2,2,2,5,-1,2,0,18.56,1,3,5,22,9
2512,2012,0,2012-08-15,N-260,CONCA DE DALT,Pallars Jussa,2,0,2,3,1,0,0,0,0,1,0,0,0,100.0,0.0,0,1,No n'hi ha,-1.0,3,3,1,0,0,0,0,0,0,0,0,0,0,1,4,2,1,Resta sortides de via,3,1,2,4,1,2,1,7.45,0,1,2,15,8
2513,2012,1,2012-03-10,SE,HOSPITALET DE LLOBREGAT,Barcelones,3,0,1,1,2,0,0,0,1,1,0,0,0,20.0,0.0,0,2,No n'hi ha,0.0,3,3,1,-1,0,0,0,-1,0,0,0,0,-1,1,5,3,1,Fregament o col·lisió lateral,1,2,2,5,-1,2,0,1.1,2,2,5,10,3
2514,2012,1,2012-12-05,SE,GAVA,Baix Llobregat,3,0,2,0,3,2,0,0,0,1,0,0,0,20.0,0.0,0,2,Carril bici,-1.0,3,3,1,-1,0,0,0,-1,0,0,0,0,-1,0,4,-1,1,Atropellament,-1,2,2,5,-1,2,1,15.46,1,3,2,5,12
2515,2012,1,2012-01-10,SE,CASTELLAR DEL VALLES,Valles Occidental,3,0,1,0,2,1,0,0,0,1,0,0,0,20.0,0.0,0,2,No n'hi ha,-1.0,3,3,1,-1,0,0,0,-1,0,0,0,0,-1,1,4,4,0,Atropellament,2,2,2,5,-1,2,1,15.0,1,3,1,10,1
2516,2012,1,2012-11-10,SE,VILA-SECA,Tarragones,0,0,1,0,2,0,0,0,1,1,0,0,0,100.0,0.0,0,-1,No n'hi ha,-1.0,3,3,1,0,0,0,0,0,0,0,0,0,0,1,4,2,0,Envestida (frontal lateral),1,2,2,5,-1,2,0,13.55,0,2,5,10,11
2517,2012,1,2012-05-08,SE,"VENDRELL, EL",Baix Penedes,0,0,1,1,2,0,1,0,0,0,0,1,0,60.0,0.0,0,-1,No n'hi ha,-1.0,3,3,1,-1,0,0,0,-1,0,0,0,0,-1,0,3,-1,0,Col·lisió frontal,-1,2,2,5,-1,2,1,21.42,1,2,1,8,5
2518,2012,0,2012-06-29,C-15,VILAFRANCA DEL PENEDES,Alt Penedes,3,1,1,0,2,0,0,0,0,2,0,0,0,100.0,0.0,0,0,No n'hi ha,-1.0,3,3,0,0,0,0,0,0,0,0,0,0,0,0,4,-1,1,Col·lisió frontal,-1,1,2,4,2,2,0,16.14,1,2,4,29,6
2519,2012,1,2012-01-11,SE,MANRESA,Bages,3,0,1,0,2,0,0,1,0,1,0,0,0,20.0,0.0,0,-1,No n'hi ha,-1.0,3,3,1,-1,0,0,0,-1,0,0,0,0,0,0,4,-1,1,Envestida (frontal lateral),-1,2,2,5,-1,2,1,14.54,1,2,2,11,1
2520,2012,0,2012-07-25,CR,"SELVA DEL CAMP, LA",Baix Camp,0,1,0,0,2,0,1,0,0,1,0,0,0,40.0,0.0,0,0,No n'hi ha,-1.0,3,3,0,0,0,0,0,0,0,0,0,0,0,1,4,4,1,Envestida (frontal lateral),1,1,2,3,0,2,1,19.55,1,2,2,25,7
2521,2012,1,2012-10-19,SE,ROSES,Alt Emporda,1,0,1,0,2,1,0,1,0,0,0,0,0,100.0,0.0,0,2,No n'hi ha,-1.0,3,3,1,0,0,0,0,0,0,0,0,0,0,1,4,2,0,Caiguda en la via,2,2,2,5,-1,2,1,14.5,1,0,4,19,10
2522,2012,1,2012-01-23,SE,BARCELONA,Barcelones,3,0,1,0,2,0,0,0,1,0,1,0,0,100.0,0.0,0,-1,No n'hi ha,-1.0,3,3,1,0,0,0,0,0,0,0,0,0,0,1,4,3,1,Caiguda en la via,1,2,2,5,-1,2,1,11.24,0,0,0,23,1
2523,2012,1,2012-10-16,SE,MANLLEU,Osona,3,0,1,0,2,1,0,0,0,1,0,0,0,20.0,0.0,0,2,No n'hi ha,-1.0,3,1,1,-1,0,0,0,-1,0,0,0,0,-1,0,4,-1,1,Atropellament,-1,0,2,5,-1,2,1,13.13,0,3,1,16,10
2524,2012,1,2012-02-21,SE,BARCELONA,Barcelones,3,0,1,0,2,0,0,0,1,1,0,0,0,100.0,0.0,0,-1,No n'hi ha,-1.0,3,3,1,0,0,0,0,0,0,0,0,0,0,1,4,3,0,Envestida (frontal lateral),1,2,2,5,-1,2,1,10.5,0,2,1,21,2
2525,2012,0,2012-03-30,C-58,SANT QUIRZE DEL VALLES,Valles Occidental,3,0,1,4,1,0,0,0,0,1,0,0,0,60.0,0.0,0,1,No n'hi ha,-1.0,3,3,1,0,0,0,0,0,0,0,0,0,0,0,5,-1,0,Resta sortides de via,-1,1,2,4,2,2,1,4.35,2,1,4,30,3
2526,2012,1,2012-05-10,SE,SABADELL,Valles Occidental,3,0,1,0,2,1,0,0,0,1,0,0,0,100.0,0.0,0,-1,No n'hi ha,-1.0,3,3,1,0,0,0,0,0,0,0,0,0,0,0,4,-1,-1,Atropellament,-1,2,2,5,-1,2,1,16.35,1,3,3,10,5
2527,2012,0,2012-01-22,GI-552,RIELLS I VIABREA,Selva,1,0,1,0,1,0,0,0,0,1,0,0,0,100.0,0.0,0,2,No n'hi ha,-1.0,3,3,1,0,0,0,0,0,0,0,0,0,0,0,1,-1,1,Sortida de via amb xoc o col·lisió,-1,1,2,4,3,2,0,17.38,1,1,6,22,1
2528,2012,0,2012-02-23,A-2,ALCOLETGE,Segria,2,0,1,5,1,0,0,0,0,1,0,0,0,100.0,0.0,0,2,No n'hi ha,-1.0,3,3,1,0,0,0,0,0,0,0,1,0,0,0,4,-1,0,Resta sortides de via,-1,1,2,4,1,2,1,14.45,1,1,3,23,2
2529,2012,1,2012-05-13,SE,BARCELONA,Barcelones,3,0,1,0,2,0,0,1,0,1,0,0,0,100.0,0.0,0,-1,No n'hi ha,-1.0,1,3,1,0,0,0,0,0,0,0,0,0,0,1,5,3,1,Col·lisió frontal,2,2,0,5,-1,2,0,2.5,2,2,6,13,5
2530,2012,1,2012-07-06,SE,TERRASSA,Valles Occidental,3,0,1,0,2,0,0,0,1,1,0,0,0,20.0,0.0,0,-1,No n'hi ha,-1.0,3,3,1,0,0,0,0,0,0,0,0,0,0,1,4,5,-1,Envestida (frontal lateral),2,2,2,5,-1,2,1,14.15,1,2,4,6,7
2531,2012,1,2012-08-30,SE,IGUALADA,Anoia,3,0,1,0,2,0,0,1,0,1,0,0,0,50.0,0.0,0,2,No n'hi ha,-1.0,3,3,1,-1,0,0,0,-1,0,0,0,0,-1,1,5,4,1,Fregament o col·lisió lateral,1,2,2,5,-1,2,1,5.5,2,2,3,30,8
2532,2012,1,2012-12-28,SE,MORA D'EBRE,Ribera d'Ebre,0,0,1,0,2,0,0,0,1,1,0,0,0,100.0,0.0,0,2,No n'hi ha,-1.0,3,3,1,0,0,0,0,0,0,0,0,0,1,1,5,3,1,Envestida (frontal lateral),2,2,2,5,-1,2,0,18.26,1,2,4,28,12
2533,2012,1,2012-08-02,SE,SANT BOI DE LLOBREGAT,Baix Llobregat,3,0,1,0,2,0,0,1,0,1,0,0,0,30.0,0.0,0,2,No n'hi ha,-1.0,3,3,1,0,0,0,0,0,0,0,0,0,0,1,4,4,0,Envestida (frontal lateral),2,2,2,5,-1,2,1,12.42,0,2,3,2,8
2534,2012,0,2012-01-22,C-32,ESPLUGUES DE LLOBREGAT,Baix Llobregat,3,0,1,1,2,0,0,0,1,1,0,0,0,50.0,0.0,0,2,Carril d'alentiment,-1.0,3,0,1,0,0,0,0,0,0,0,0,0,0,0,4,-1,0,Sortida de via amb xoc o col·lisió,-1,1,2,4,2,2,0,11.39,0,1,6,22,1
2535,2012,1,2012-12-22,SE,PREMIA DE MAR,Maresme,3,0,1,1,2,0,0,0,1,1,0,0,0,40.0,0.0,0,-1,No n'hi ha,-1.0,3,3,1,-1,0,0,0,-1,0,0,0,0,-1,1,4,3,0,Envestida (frontal lateral),2,2,2,5,-1,2,0,11.43,0,2,5,22,12
2536,2012,1,2012-01-09,SE,CERDANYOLA DEL VALLES,Valles Occidental,3,0,1,0,2,1,0,0,0,1,0,0,0,100.0,0.0,0,2,No n'hi ha,-1.0,3,3,1,0,0,0,0,0,0,0,0,0,0,2,4,-1,0,Altres,1,2,2,5,-1,2,1,13.25,0,5,0,9,1
2537,2012,0,2012-08-11,C-14,ARTESA DE SEGRE,Noguera,2,3,1,0,1,0,0,0,0,1,0,0,0,100.0,0.0,0,-1,No n'hi ha,-1.0,3,3,0,0,0,0,0,0,0,0,0,0,0,0,4,-1,-1,Resta sortides de via,-1,1,2,4,-1,2,0,16.56,1,1,5,11,8
2538,2012,0,2012-08-28,AP-7,REUS,Baix Camp,0,1,1,4,2,0,0,0,0,1,1,0,0,100.0,0.0,0,2,Carril lent,-1.0,3,3,0,0,0,0,0,0,0,0,0,0,0,0,1,-1,1,Encalç,-1,1,2,4,1,2,1,6.44,0,2,1,28,8
2539,2012,1,2012-03-30,SE,BARCELONA,Barcelones,3,0,1,1,2,0,0,0,1,1,0,0,0,100.0,0.0,0,-1,No n'hi ha,-1.0,3,3,1,0,0,0,0,0,0,0,0,0,0,1,5,3,1,Envestida (frontal lateral),1,2,2,5,-1,2,0,21.45,1,2,4,30,3
2540,2012,1,2012-08-15,SE,SITGES,Garraf,3,0,1,0,2,1,0,0,0,1,0,0,0,20.0,0.0,0,2,No n'hi ha,-1.0,3,3,1,0,0,0,0,0,0,0,0,0,0,0,4,-1,1,Atropellament,-1,2,2,5,0,2,1,18.43,1,3,2,15,8
2541,2012,1,2012-05-12,SE,BARCELONA,Barcelones,3,0,1,0,2,0,0,0,1,1,0,0,0,100.0,0.0,0,-1,No n'hi ha,-1.0,3,3,1,0,0,0,0,0,0,0,0,0,0,1,4,3,1,Envestida (frontal lateral),2,2,2,5,-1,2,0,14.08,1,2,5,12,5
2542,2012,1,2012-01-04,SE,GIRONA,Girones,1,0,1,0,2,0,1,0,0,1,0,0,0,30.0,0.0,0,2,Carril bici,-1.0,3,3,1,0,0,0,0,0,0,0,0,0,0,1,5,5,0,Envestida (frontal lateral),2,2,2,5,-1,2,1,18.24,1,2,2,4,1
2543,2012,1,2012-04-20,SE,BARCELONA,Barcelones,3,0,1,1,4,0,0,0,1,2,1,0,0,100.0,0.0,0,-1,No n'hi ha,-1.0,3,3,1,0,0,1,0,0,0,0,0,0,0,0,4,-1,1,Fregament o col·lisió lateral,-1,2,2,5,-1,2,0,17.4,1,2,4,20,4
2544,2012,1,2012-07-03,SE,TERRASSA,Valles Occidental,3,0,1,0,2,0,0,1,0,1,0,0,0,100.0,0.0,0,-1,No n'hi ha,-1.0,3,3,1,0,0,0,0,0,0,0,0,0,0,0,4,-1,-1,Caiguda en la via,-1,2,2,5,-1,2,1,19.3,1,0,1,3,7
2545,2012,0,2012-07-25,BV-5201,SANT JULIA DE VILATO,Osona,3,0,1,1,3,0,0,0,0,3,0,0,0,50.0,0.0,0,2,No n'hi ha,-1.0,3,3,1,0,1,0,0,0,0,0,0,0,0,1,4,5,1,Envestida (frontal lateral),2,1,2,4,3,2,1,13.32,0,2,2,25,7
2546,2012,1,2012-09-13,SE,CUBELLS,Noguera,2,1,0,0,2,1,0,0,0,1,0,0,0,100.0,0.0,0,2,No n'hi ha,-1.0,3,3,0,0,0,0,0,0,0,0,0,0,0,0,4,-1,1,Atropellament,-1,2,3,5,-1,2,1,17.0,1,3,3,13,9