,Year,Area,Date,Road,Municipality Name,County Name,Province Name,Fatalties,Serious Injuries,Light Injuries,Units Involved,Pedestrains Involved,Bicycles Involved,Mopeds Involved,Motorcycles,Light Vehicles Involved,Heavy Vehicles Involved,Other Units Involved,Unspecified Units Involved,Road Speed Limit,Accident with Hit and Run,Fog Presence,Surrounding Environment,Special Lane Presence,Special Traffic Measures,Weather Conditions,Special Road Functions,Severity of Accident,Influence of Fog,Influence of Environment,Influence of Traffic,Influence of Weather,Influence of Wind Intensity,Influence of Lighting,Influence of Special Measures,Influence of Road Objects,Influence of Road Surface,Influence of Visibility,Intersection Characteristics,Lighting Conditions,Traffic Regulation and Priority,Direction of Road,Subtype of Accident,Subtype of Road Section,Subzone within Area,Road Surface Conditions,Type of Road,Road Ownership,Wind Conditions,Day of the Week Grouping,Hour of Day,Time of Day Grouping,Type of Accident,Day Type,Day,Month
2547,2012,1,2012-03-30,SE,SABADELL,Valles Occidental,3,0,1,0,2,0,0,0,1,1,0,0,0,100.0,0.0,0,-1,No n'hi ha,-1.0,3,3,1,0,0,0,0,0,0,0,0,0,0,0,4,-1,-1,Envestida (frontal lateral),-1,2,2,5,-1,2,0,17.32,1,2,4,30,3
2548,2012,1,2012-05-23,SE,TERRASSA,Valles Occidental,3,0,1,0,2,1,0,0,0,1,0,0,0,100.0,0.0,0,2,Altres,-1.0,3,3,1,0,0,0,0,0,0,0,0,0,0,0,4,-1,0,Atropellament,-1,2,2,5,-1,2,1,12.25,0,3,2,23,5
2549,2012,0,2012-07-28,N-260,LLES DE CERDANYA,Cerdanya,2,0,1,0,2,0,0,0,1,1,0,0,0,50.0,0.0,0,1,No n'hi ha,-1.0,3,3,1,0,0,0,0,0,0,0,0,0,0,0,4,-1,1,Fregament o col·lisió lateral,-1,1,2,4,1,2,0,12.36,0,2,5,28,7
2550,2012,1,2012-04-07,SE,HOSPITALET DE LLOBREGAT,Barcelones,3,0,1,0,2,1,0,0,0,1,0,0,0,20.0,0.0,0,-1,No n'hi ha,-1.0,3,3,1,-1,0,0,0,-1,0,0,0,0,1,0,4,-1,0,Atropellament,-1,2,2,5,-1,2,0,19.02,1,3,5,7,4
2551,2012,0,2012-12-28,BV-5305,SEVA,Osona,3,1,0,0,2,0,0,0,0,2,0,0,0,100.0,0.0,0,3,No n'hi ha,-1.0,3,3,0,0,0,0,0,0,0,0,0,0,0,0,4,-1,1,Fregament o col·lisió lateral,-1,1,2,4,3,2,1,13.08,0,2,4,28,12
2552,2012,0,2012-04-22,N-340,"AMPOLLA, L'",Baix Ebre,0,0,1,0,2,0,0,0,0,1,1,0,0,100.0,0.0,0,3,No n'hi ha,-1.0,3,3,1,0,0,0,0,0,0,0,0,0,0,0,4,-1,1,Fregament o col·lisió lateral,-1,1,2,4,1,2,0,15.42,1,2,6,22,4
2553,2012,1,2012-08-25,SE,CUBELLES,Garraf,3,0,1,0,2,1,0,0,0,1,0,0,0,20.0,0.0,0,2,No n'hi ha,-1.0,3,3,1,-1,0,0,0,-1,0,0,0,0,0,0,4,-1,0,Atropellament,-1,2,2,5,-1,2,0,11.38,0,3,5,25,8
2554,2012,0,2012-03-21,C-55,ABRERA,Baix Llobregat,3,0,1,1,2,1,0,0,0,1,0,0,0,70.0,0.0,0,3,No n'hi ha,-1.0,1,3,1,0,0,0,0,0,0,0,0,0,0,1,4,2,1,Xoc contra objecte/obstacle sense sortida prèvia de via,3,1,2,4,2,2,1,9.08,0,4,2,21,3
2555,2012,1,2012-11-24,SE,AMPOSTA,Montsia,0,0,1,0,2,1,0,0,0,1,0,0,0,100.0,0.0,0,2,No n'hi ha,-1.0,3,3,1,0,0,0,0,0,0,0,0,0,0,0,4,-1,0,Atropellament,-1,2,2,5,-1,2,0,15.3,1,3,5,24,11
2556,2012,1,2012-03-06,SE,TERRASSA,Valles Occidental,3,0,1,0,3,0,0,0,0,2,1,0,0,100.0,1.0,0,2,No n'hi ha,-1.0,3,3,1,0,0,0,0,0,0,0,0,0,0,0,5,-1,0,Col·lisió frontal,-1,2,2,5,-1,2,1,4.54,2,2,1,6,3
2557,2012,1,2012-09-25,SE,MOLINS DE REI,Baix Llobregat,3,0,1,0,2,0,1,0,0,1,0,0,0,20.0,0.0,0,-1,No n'hi ha,-1.0,3,3,1,-1,0,0,0,-1,0,0,0,0,0,0,4,-1,1,Encalç,-1,2,2,5,-1,2,1,15.0,1,2,1,25,9
2558,2012,1,2012-11-28,SE,BARCELONA,Barcelones,3,0,1,1,2,0,0,0,1,1,0,0,0,100.0,0.0,0,-1,No n'hi ha,-1.0,3,3,1,0,0,0,0,0,0,0,0,0,0,1,5,3,1,Envestida (frontal lateral),2,2,2,5,-1,2,1,23.0,2,2,2,28,11
2559,2012,1,2012-07-25,SE,CERDANYOLA DEL VALLES,Valles Occidental,3,0,1,0,2,0,1,0,0,1,0,0,0,100.0,0.0,0,2,Carril bici,-1.0,3,3,1,0,0,0,0,0,0,0,0,0,0,1,4,4,1,Fregament o col·lisió lateral,1,2,2,5,0,2,1,19.49,1,2,2,25,7
2560,2012,1,2012-12-31,SE,TERRASSA,Valles Occidental,3,0,1,0,2,1,0,0,0,1,0,0,0,100.0,1.0,0,-1,No n'hi ha,-1.0,3,3,1,0,0,0,0,0,0,0,0,0,0,0,4,-1,-1,Atropellament,-1,2,2,5,-1,2,1,18.15,1,3,0,31,12
2561,2012,0,2012-11-24,C-242,ARBOLI,Baix Camp,0,0,1,0,3,0,0,0,2,1,0,0,0,100.0,0.0,0,1,No n'hi ha,-1.0,3,3,1,0,0,0,0,0,0,0,0,0,0,0,4,-1,1,Caiguda en la via,-1,1,2,4,2,2,0,13.22,0,0,5,24,11
2562,2012,1,2012-03-05,SE,BARCELONA,Barcelones,3,0,1,0,2,1,0,0,0,0,0,1,0,100.0,0.0,0,-1,No n'hi ha,-1.0,3,3,1,0,0,0,0,0,0,0,0,0,0,1,4,3,1,Caiguda en la via,2,2,2,5,-1,2,1,17.45,1,0,0,5,3
2563,2012,1,2012-08-22,SE,AMPOSTA,Montsia,0,0,1,0,2,1,0,0,0,1,0,0,0,100.0,0.0,0,2,No n'hi ha,-1.0,3,3,1,0,0,0,0,0,0,0,0,0,0,0,4,-1,1,Atropellament,-1,2,2,5,-1,2,1,11.15,0,3,2,22,8
2564,2012,1,2012-11-08,SE,SALOU,Tarragones,0,0,1,0,2,0,0,0,1,1,0,0,0,100.0,0.0,0,2,No n'hi ha,-1.0,3,3,1,0,0,0,0,0,0,0,0,0,0,1,4,4,0,Envestida (frontal lateral),2,2,2,5,-1,2,1,12.4,0,2,3,8,11
2565,2012,0,2012-06-01,C-15,VILAFRANCA DEL PENEDES,Alt Penedes,3,4,0,3,3,0,0,0,0,3,0,0,0,100.0,0.0,0,1,No n'hi ha,-1.0,3,3,0,0,0,0,0,0,0,0,0,0,0,0,4,-1,1,Col·lisió frontal,-1,1,2,4,2,2,1,13.05,0,2,4,1,6
2566,2012,0,2012-09-09,C-25,AGUILAR DE SEGARRA,Bages,3,0,1,0,1,0,0,0,0,0,1,0,0,100.0,0.0,0,2,No n'hi ha,0.0,3,3,1,0,0,0,0,0,0,1,0,0,0,0,4,-1,1,Caiguda en la via,-1,1,2,4,2,2,0,10.06,0,0,6,9,9
2567,2012,1,2012-07-31,SE,SABADELL,Valles Occidental,3,0,1,0,2,1,0,0,0,1,0,0,0,100.0,0.0,0,-1,No n'hi ha,-1.0,3,3,1,0,0,0,0,0,0,0,0,0,0,0,4,-1,-1,Atropellament,-1,2,2,5,-1,2,1,23.01,2,3,1,31,7
2568,2012,1,2012-02-09,SE,REUS,Baix Camp,0,0,1,0,2,0,0,0,1,1,0,0,0,100.0,0.0,0,2,No n'hi ha,-1.0,3,3,1,0,0,0,0,0,0,0,0,0,0,0,4,-1,0,Envestida (frontal lateral),-1,2,2,5,-1,2,1,10.34,0,2,3,9,2
2569,2012,1,2012-07-14,SE,CASSERRES,Bergueda,3,0,1,1,1,0,0,0,0,1,0,0,0,100.0,0.0,0,1,No n'hi ha,-1.0,3,3,1,0,1,0,0,0,0,0,0,1,0,1,4,5,1,Sortida de via amb xoc o col·lisió,1,2,3,5,-1,2,0,11.29,0,1,5,14,7
2570,2012,1,2012-08-17,SE,BADALONA,Barcelones,3,0,1,0,2,1,0,0,0,1,0,0,0,20.0,0.0,0,2,No n'hi ha,-1.0,3,3,1,-1,0,0,0,-1,0,0,0,0,-1,1,5,3,0,Atropellament,2,2,2,5,-1,2,0,21.4,1,3,4,17,8
2571,2012,0,2012-03-31,BV-2176,CASTELLVI DE LA MARC,Alt Penedes,3,1,0,0,2,1,0,0,0,1,0,0,0,100.0,1.0,0,2,No n'hi ha,-1.0,3,3,0,0,0,0,0,0,0,0,0,0,1,0,3,-1,1,Atropellament,-1,1,2,4,2,2,0,21.55,1,3,5,31,3
2572,2012,1,2012-11-29,SE,TERRASSA,Valles Occidental,3,0,1,1,2,0,0,0,1,1,0,0,0,20.0,0.0,0,-1,No n'hi ha,-1.0,3,3,1,0,-1,0,0,0,0,0,0,0,0,1,4,4,-1,Envestida (frontal lateral),2,2,2,5,-1,2,1,14.4,1,2,3,29,11
2573,2012,0,2012-07-08,B-120,VILADECAVALLS,Valles Occidental,3,0,2,2,2,0,0,0,0,2,0,0,0,100.0,0.0,0,1,No n'hi ha,-1.0,3,3,1,0,0,0,0,0,0,0,0,0,0,0,1,-1,1,Col·lisió frontal,-1,1,2,4,2,2,0,6.49,0,2,6,8,7
2574,2012,1,2012-11-02,SE,BARCELONA,Barcelones,3,0,1,1,3,2,0,0,0,1,0,0,0,30.0,0.0,0,-1,No n'hi ha,-1.0,3,3,1,0,0,0,0,0,0,0,0,0,0,0,5,-1,0,Atropellament,-1,2,2,5,-1,2,0,20.35,1,3,4,2,11
2575,2012,1,2012-02-07,SE,TARRAGONA,Tarragones,0,0,1,0,2,1,0,0,0,1,0,0,0,100.0,0.0,0,2,No n'hi ha,-1.0,3,3,1,0,0,0,0,0,0,0,0,0,0,0,4,-1,0,Atropellament,-1,2,2,5,-1,2,1,10.25,0,3,1,7,2
2576,2012,1,2012-06-11,SE,BARCELONA,Barcelones,3,0,1,0,5,0,0,0,1,4,0,0,0,80.0,0.0,0,-1,No n'hi ha,-1.0,3,3,1,0,0,1,0,0,0,0,0,0,0,0,4,-1,0,Encalç,-1,2,2,5,-1,2,1,18.43,1,2,0,11,6
2577,2012,0,2012-11-05,N-420,RIUDECOLS,Baix Camp,0,0,2,0,3,0,0,0,0,3,0,0,0,100.0,0.0,0,3,Carril d'alentiment,-1.0,3,3,1,0,0,0,0,0,0,0,0,0,0,0,4,-1,1,Col·lisió frontal,-1,1,2,4,1,2,1,11.4,0,2,0,5,11
2578,2012,1,2012-04-22,SE,BARCELONA,Barcelones,3,0,2,0,1,0,0,0,0,1,0,0,0,100.0,0.0,0,-1,No n'hi ha,-1.0,3,3,1,0,0,0,0,0,0,0,0,0,0,0,5,-1,0,Xoc contra objecte/obstacle sense sortida prèvia de via,-1,2,2,5,-1,2,0,21.2,1,4,6,22,4
2579,2012,1,2012-12-12,SE,SANT CUGAT DEL VALLES,Valles Occidental,3,0,1,1,1,0,0,0,0,0,1,0,0,100.0,0.0,0,-1,No n'hi ha,-1.0,3,3,1,0,0,0,0,0,0,1,0,0,0,0,4,-1,-1,Xoc contra objecte/obstacle sense sortida prèvia de via,-1,2,2,5,-1,2,1,11.4,0,4,2,12,12
2580,2012,0,2012-05-13,N-II,ARENYS DE MAR,Maresme,3,0,1,1,3,0,0,0,1,2,0,0,0,40.0,0.0,0,1,No n'hi ha,-1.0,3,3,1,0,0,0,0,0,0,0,0,0,0,0,4,-1,1,Envestida (frontal lateral),-1,1,2,4,1,2,0,8.45,0,2,6,13,5
2581,2012,1,2012-10-11,SE,GIRONA,Girones,1,0,1,0,2,0,0,1,0,1,0,0,0,100.0,0.0,0,2,No n'hi ha,-1.0,2,3,1,0,0,0,0,0,0,0,0,0,1,1,5,4,1,Envestida (frontal lateral),2,2,2,5,-1,2,1,21.36,1,2,3,11,10
2582,2012,0,2012-05-18,GI-543,VILADRAU,Osona,1,0,1,0,2,0,0,0,1,1,0,0,0,100.0,0.0,0,1,No n'hi ha,-1.0,3,3,1,0,0,0,0,0,0,0,0,0,1,0,2,-1,1,Col·lisió frontal,-1,1,2,4,3,2,1,13.31,0,2,4,18,5
2583,2012,0,2012-12-03,AP-7,GELIDA,Alt Penedes,3,0,1,3,2,0,0,0,0,1,1,0,0,100.0,0.0,0,2,No n'hi ha,-1.0,3,3,1,0,0,0,0,0,0,0,0,0,0,0,4,-1,1,Encalç,-1,1,2,4,1,2,1,16.0,1,2,0,3,12
2584,2012,0,2012-04-04,N-340,CAMARLES,Baix Ebre,0,0,1,1,3,0,0,0,0,2,1,0,0,100.0,0.0,0,2,No n'hi ha,-1.0,3,3,1,0,0,1,0,0,0,0,0,0,0,0,4,-1,1,Xoc contra objecte/obstacle sense sortida prèvia de via,-1,1,2,4,1,2,1,13.2,0,4,2,4,4
2585,2012,0,2012-04-04,C-12,MENARGUENS,Noguera,2,2,0,4,4,0,0,0,0,3,1,0,0,100.0,0.0,0,-1,No n'hi ha,-1.0,3,3,0,0,0,0,0,0,0,0,0,0,0,0,4,-1,-1,Encalç,-1,1,2,4,-1,2,1,18.48,1,2,2,4,4
2586,2012,0,2012-03-24,C-12,AMPOSTA,Montsia,0,1,0,0,1,1,0,0,0,0,0,0,0,100.0,1.0,0,-1,No n'hi ha,-1.0,3,3,0,0,0,0,0,0,0,0,0,0,0,0,4,-1,-1,Atropellament,-1,1,2,4,-1,2,0,21.3,1,3,5,24,3
2587,2012,1,2012-04-10,SE,TERRASSA,Valles Occidental,3,0,1,0,2,1,0,0,0,1,0,0,0,100.0,0.0,0,-1,No n'hi ha,-1.0,3,3,1,0,0,0,0,0,1,0,0,0,0,0,4,-1,-1,Atropellament,-1,2,2,5,-1,2,1,19.15,1,3,1,10,4
2588,2012,1,2012-03-30,SE,SANT BOI DE LLOBREGAT,Baix Llobregat,3,1,0,0,2,1,0,0,0,0,1,0,0,100.0,0.0,0,2,No n'hi ha,-1.0,3,3,0,0,0,0,0,0,0,0,0,0,0,2,4,4,0,Atropellament,1,2,2,5,-1,2,1,11.15,0,3,4,30,3
2589,2012,0,2012-09-26,CR,"PERELLO, EL",Baix Ebre,0,0,1,0,1,0,0,0,0,0,1,0,0,100.0,0.0,0,2,No n'hi ha,-1.0,3,3,1,0,0,0,0,0,0,0,0,0,0,2,2,5,1,Xoc contra objecte/obstacle sense sortida prèvia de via,1,1,2,3,4,2,1,18.55,1,4,2,26,9
2590,2012,0,2012-08-28,CR,ARBECA,Garrigues,2,0,1,0,2,0,0,0,0,1,0,1,0,60.0,0.0,0,2,No n'hi ha,-1.0,2,3,1,0,0,0,1,0,0,0,0,0,0,1,4,4,1,Envestida (frontal lateral),2,1,2,3,3,2,1,18.29,1,2,1,28,8
2591,2012,0,2012-09-01,C-58,TERRASSA,Valles Occidental,3,1,0,1,2,0,0,0,1,1,0,0,0,100.0,0.0,0,2,No n'hi ha,-1.0,3,3,0,0,0,0,0,0,1,0,0,0,0,0,0,-1,1,Col·lisió frontal,-1,1,2,4,2,2,0,2.4,2,2,5,1,9
2592,2012,1,2012-10-18,SE,TERRASSA,Valles Occidental,3,0,1,0,2,0,0,0,1,1,0,0,0,100.0,0.0,0,-1,No n'hi ha,-1.0,3,3,1,0,0,0,0,0,0,0,0,0,0,0,4,-1,-1,Col·lisió frontal,-1,2,2,5,-1,2,1,8.55,0,2,3,18,10
2593,2012,1,2012-12-14,SE,LLEIDA,Segria,2,0,1,0,2,0,0,0,1,1,0,0,0,100.0,0.0,0,-1,No n'hi ha,-1.0,3,3,1,0,0,0,0,0,0,0,0,0,0,1,4,4,-1,Encalç,0,2,2,5,-1,2,1,14.55,1,2,4,14,12
2594,2012,1,2012-01-20,SE,GIRONA,Girones,1,0,1,0,2,0,0,0,1,0,1,0,0,100.0,0.0,0,2,No n'hi ha,-1.0,3,3,1,0,0,0,0,0,0,0,0,0,0,0,4,-1,0,Caiguda en la via,-1,2,2,5,-1,2,1,9.52,0,0,4,20,1
2595,2012,1,2012-12-29,SE,GIRONELLA,Bergueda,3,1,0,0,2,0,0,0,0,1,0,1,0,100.0,0.0,0,1,No n'hi ha,-1.0,3,3,0,0,0,0,0,0,1,0,0,0,0,2,4,5,1,Envestida (frontal lateral),1,2,2,5,-1,2,0,13.14,0,2,5,29,12
2596,2012,1,2012-12-24,SE,CABRILS,Maresme,3,0,1,0,2,0,0,0,1,1,0,0,0,100.0,0.0,0,2,No n'hi ha,-1.0,3,3,1,0,0,0,0,0,0,0,0,0,0,1,4,5,1,Envestida (frontal lateral),1,2,2,5,0,2,1,15.25,1,2,0,24,12
2597,2012,1,2012-10-08,SE,BARCELONA,Barcelones,3,0,1,1,2,1,0,1,0,0,0,0,0,100.0,0.0,0,-1,No n'hi ha,-1.0,3,3,1,0,0,0,0,0,0,0,0,0,0,1,4,3,1,Atropellament,2,2,2,5,-1,2,1,15.45,1,3,0,8,10
2598,2012,1,2012-09-21,SE,PREMIA DE MAR,Maresme,3,1,0,0,2,1,0,0,0,0,1,0,0,20.0,0.0,0,2,No n'hi ha,-1.0,3,3,0,-1,0,0,0,-1,0,0,0,0,-1,1,4,5,0,Atropellament,2,2,2,5,-1,2,1,10.35,0,3,4,21,9
2599,2012,1,2012-05-11,SE,BARCELONA,Barcelones,3,0,1,1,2,1,0,0,1,0,0,0,0,100.0,0.0,0,-1,No n'hi ha,-1.0,3,3,1,0,0,0,0,0,0,0,0,0,0,1,4,3,1,Atropellament,2,2,2,5,-1,2,1,12.0,0,3,4,11,5
2600,2012,0,2012-08-27,GI-682,LLORET DE MAR,Selva,1,0,2,0,2,0,0,0,1,1,0,0,0,90.0,0.0,0,2,No n'hi ha,-1.0,3,3,1,0,0,0,0,0,0,0,0,0,0,1,4,5,1,Fregament o col·lisió lateral,1,1,2,4,2,2,1,14.27,1,2,0,27,8
2601,2012,0,2012-11-16,C-25,MANRESA,Bages,3,0,1,1,4,0,0,0,0,3,1,0,0,40.0,0.0,1,2,No n'hi ha,1.0,3,3,1,0,0,0,0,0,0,1,0,0,0,0,1,-1,1,Encalç,-1,1,2,4,2,2,1,7.37,0,2,4,16,11
2602,2012,1,2012-01-09,SE,VILANOVA I LA GELTRU,Garraf,3,0,1,1,2,0,0,0,2,0,0,0,0,100.0,0.0,0,2,No n'hi ha,-1.0,3,3,1,0,0,0,0,0,0,0,0,0,0,0,5,-1,1,Encalç,-1,2,2,5,-1,2,1,18.3,1,2,0,9,1
2603,2012,1,2012-02-19,SE,LLEIDA,Segria,2,0,1,1,3,2,0,0,0,1,0,0,0,100.0,0.0,0,-1,No n'hi ha,-1.0,3,3,1,0,0,0,0,0,0,0,0,0,0,0,4,-1,-1,Atropellament,-1,2,2,5,-1,2,0,12.5,0,3,6,19,2
2604,2012,1,2012-12-19,SE,BARCELONA,Barcelones,3,0,1,0,3,0,0,0,1,2,0,0,0,100.0,1.0,0,-1,No n'hi ha,-1.0,3,3,1,0,0,0,0,0,0,0,0,0,0,1,4,2,0,Caiguda en la via,1,2,2,5,-1,2,1,15.3,1,0,2,19,12
2605,2012,1,2012-09-24,SE,BARCELONA,Barcelones,3,0,1,0,2,0,0,0,0,2,0,0,0,100.0,0.0,0,-1,No n'hi ha,-1.0,3,3,1,0,0,0,0,0,0,0,0,0,0,1,5,3,0,Envestida (frontal lateral),2,2,2,5,-1,2,1,5.55,2,2,0,24,9
2606,2012,0,2012-11-04,C-16,BARCELONA,Barcelones,3,1,1,0,2,0,0,0,0,2,0,0,0,80.0,0.0,0,3,No n'hi ha,-1.0,3,3,0,0,0,0,0,0,0,0,0,0,0,0,5,-1,1,Col·lisió frontal,-1,1,2,4,2,2,0,7.0,0,2,6,4,11
2607,2012,1,2012-11-22,SE,CERDANYOLA DEL VALLES,Valles Occidental,3,0,1,0,2,0,0,0,1,1,0,0,0,100.0,0.0,0,2,No n'hi ha,-1.0,3,3,1,0,0,0,0,0,0,0,0,0,0,1,4,4,1,Altres,2,2,2,5,-1,2,1,8.48,0,5,3,22,11
2608,2012,0,2012-08-03,AP-7,MONTORNES DEL VALLES,Valles Oriental,3,0,1,1,2,0,0,0,0,2,0,0,0,100.0,0.0,0,2,No n'hi ha,-1.0,3,3,1,0,0,0,0,0,0,0,0,0,0,0,4,-1,1,Fregament o col·lisió lateral,-1,1,2,4,1,2,0,16.45,1,2,4,3,8
2609,2012,0,2012-12-08,N-260,RIUDAURA,Garrotxa,1,0,3,0,2,0,0,0,0,2,0,0,0,90.0,0.0,0,1,No n'hi ha,-1.0,3,3,1,0,0,0,0,0,0,0,0,0,0,0,3,-1,1,Col·lisió frontal,-1,1,2,4,1,1,0,6.24,0,2,5,8,12
2610,2012,0,2012-12-07,TV-3025,"AMETLLA DE MAR, L'",Baix Ebre,0,0,1,0,2,0,0,0,1,1,0,0,0,60.0,0.0,0,2,No n'hi ha,-1.0,3,3,1,0,0,0,0,0,0,0,0,0,0,1,4,4,1,Envestida (frontal lateral),1,1,2,4,3,2,1,12.59,0,2,4,7,12
2611,2012,0,2012-02-02,CR,"PALAU D'ANGLESOLA, EL",Pla d'Urgell,2,0,1,0,1,0,0,0,0,1,0,0,0,90.0,0.0,0,-1,Sense Especificar,-1.0,3,3,1,0,0,0,0,0,0,0,0,0,0,0,4,-1,-1,Resta sortides de via,-1,1,2,4,4,2,1,20.11,1,1,3,2,2
2612,2012,0,2012-10-13,N-260,SORT,Pallars Sobira,2,0,1,0,2,1,0,0,0,0,1,0,0,100.0,0.0,0,1,No n'hi ha,-1.0,3,3,1,0,0,0,0,0,0,0,0,0,0,0,3,-1,1,Atropellament,-1,1,2,4,1,2,0,22.2,2,3,5,13,10
2613,2012,0,2012-03-29,A-2,JORBA,Anoia,3,0,1,0,2,0,0,0,0,0,2,0,0,100.0,0.0,0,2,No n'hi ha,-1.0,3,3,1,0,0,0,0,0,0,0,0,0,0,0,5,-1,1,Xoc contra objecte/obstacle sense sortida prèvia de via,-1,1,2,4,1,2,1,2.22,2,4,3,29,3
2614,2012,1,2012-07-28,SE,CASTELLO D'EMPURIES,Alt Emporda,1,0,1,0,2,0,0,0,1,1,0,0,0,20.0,0.0,0,2,No n'hi ha,-1.0,3,3,1,-1,0,0,0,-1,0,0,0,0,0,0,5,-1,1,Envestida (frontal lateral),-1,2,2,5,-1,2,0,4.1,2,2,5,28,7
2615,2012,1,2012-05-12,SE,BARCELONA,Barcelones,3,0,1,0,3,0,0,0,0,3,0,0,0,100.0,0.0,0,-1,No n'hi ha,-1.0,3,3,1,0,0,0,0,0,0,0,0,0,0,0,4,-1,0,Envestida (frontal lateral),-1,2,2,5,-1,2,0,8.05,0,2,5,12,5
2616,2012,1,2012-05-15,SE,BARCELONA,Barcelones,3,0,1,1,2,0,0,0,1,1,0,0,0,100.0,0.0,0,-1,No n'hi ha,-1.0,3,3,1,0,0,0,0,0,0,0,0,0,0,0,5,-1,0,Fregament o col·lisió lateral,-1,2,2,5,-1,2,1,22.0,2,2,1,15,5
2617,2012,1,2012-04-18,SE,TERRASSA,Valles Occidental,3,0,1,0,2,1,0,0,0,1,0,0,0,100.0,0.0,0,-1,No n'hi ha,-1.0,3,3,1,0,0,0,0,0,0,0,0,0,0,0,4,-1,-1,Atropellament,-1,2,2,5,-1,2,1,17.1,1,3,2,18,4
2618,2012,0,2012-05-30,C-63,AMER,Selva,1,0,1,0,2,0,0,0,1,0,1,0,0,100.0,0.0,0,2,No n'hi ha,-1.0,3,3,1,0,0,0,0,0,0,0,0,0,0,1,4,-1,1,Envestida (frontal lateral),3,1,2,4,2,2,1,14.07,1,2,2,30,5
2619,2012,0,2012-02-01,BV-5011,MONTCADA I REIXAC,Valles Occidental,3,1,1,0,2,0,0,0,0,2,0,0,0,100.0,0.0,0,0,No n'hi ha,-1.0,1,3,0,0,0,0,0,0,0,0,0,0,0,0,2,-1,1,Envestida (frontal lateral),-1,1,0,4,3,1,1,17.0,1,2,2,1,2
2620,2012,1,2012-09-25,SE,MOLLET DEL VALLES,Valles Oriental,3,0,1,0,2,0,0,0,1,1,0,0,0,100.0,0.0,0,2,No n'hi ha,-1.0,3,3,1,0,0,0,0,0,0,0,0,0,0,2,4,5,1,Fregament o col·lisió lateral,-1,2,2,5,-1,2,1,12.35,0,2,1,25,9
2621,2012,1,2012-02-14,SE,VILAFRANCA DEL PENEDES,Alt Penedes,3,0,1,0,3,1,0,0,0,2,0,0,0,20.0,0.0,0,-1,No n'hi ha,-1.0,3,3,1,0,-1,0,0,0,0,0,0,0,0,1,4,4,-1,Atropellament,1,2,2,5,-1,2,1,8.3,0,3,1,14,2
2622,2012,0,2012-05-22,N-340,ALCANAR,Montsia,0,0,1,0,1,0,0,0,0,0,1,0,0,100.0,0.0,0,3,No n'hi ha,-1.0,3,3,1,0,0,0,0,1,0,0,0,0,0,0,3,-1,1,Resta sortides de via,-1,1,2,4,1,0,1,0.55,2,1,1,22,5
2623,2012,1,2012-10-31,SE,BADALONA,Barcelones,3,0,1,0,2,1,0,0,0,1,0,0,0,30.0,0.0,0,-1,No n'hi ha,-1.0,2,3,1,-1,0,0,0,-1,0,0,0,0,-1,1,2,2,0,Atropellament,1,2,0,5,-1,2,1,8.5,0,3,2,31,10
2624,2012,0,2012-06-17,BV-2415,OLIVELLA,Garraf,3,0,1,0,1,0,0,0,1,0,0,0,0,100.0,0.0,0,0,No n'hi ha,-1.0,3,3,1,0,0,0,0,0,1,0,0,0,0,0,4,-1,1,Caiguda en la via,-1,1,2,4,3,2,0,18.5,1,0,6,17,6
2625,2012,0,2012-08-09,C-58,SANT QUIRZE DEL VALLES,Valles Occidental,3,0,1,3,2,0,0,0,0,2,0,0,0,80.0,0.0,0,3,No n'hi ha,-1.0,3,3,1,0,0,0,0,0,0,0,0,0,0,0,5,-1,0,Encalç,-1,1,2,3,2,2,1,22.2,2,2,3,9,8
2626,2012,0,2012-04-30,TP-2125,SANTA OLIVA,Baix Penedes,0,0,1,1,2,0,0,0,0,2,0,0,0,90.0,0.0,0,-1,Sense Especificar,-1.0,3,3,1,0,0,0,0,0,0,0,0,0,0,0,4,-1,-1,Encalç,-1,1,2,4,4,2,1,11.14,0,2,0,30,4
2627,2012,0,2012-10-09,C-16,BARCELONA,Barcelones,3,0,1,0,2,0,0,0,2,0,0,0,0,80.0,0.0,0,2,Carril reversible,-1.0,3,3,1,0,0,0,0,0,0,0,0,0,0,0,5,-1,1,Fregament o col·lisió lateral,-1,1,2,4,2,2,1,19.3,1,2,1,9,10
2628,2012,1,2012-07-25,SE,BADALONA,Barcelones,3,0,1,0,2,0,1,0,0,1,0,0,0,20.0,0.0,0,-1,No n'hi ha,-1.0,3,3,1,-1,0,0,0,-1,0,0,0,0,0,1,4,3,0,Envestida (frontal lateral),1,2,2,5,-1,2,1,14.03,1,2,2,25,7
2629,2012,0,2012-12-20,CR,VILABLAREIX,Girones,1,0,1,0,2,1,0,0,0,1,0,0,0,100.0,0.0,0,2,No n'hi ha,-1.0,3,3,1,0,0,0,0,0,0,0,0,0,0,2,4,4,0,Atropellament,2,1,2,3,0,2,1,9.45,0,3,3,20,12
2630,2012,1,2012-12-15,SE,BANYOLES,Pla de l'Estany,1,0,1,0,1,0,0,0,1,0,0,0,0,20.0,0.0,0,2,No n'hi ha,-1.0,3,3,1,-1,0,0,0,-1,0,0,0,0,-1,0,4,-1,0,Caiguda en la via,-1,2,2,5,-1,2,0,15.57,1,0,5,15,12
2631,2012,0,2012-10-11,L-311,CERVERA,Segarra,2,2,4,0,2,0,0,0,0,2,0,0,0,100.0,0.0,0,-1,No n'hi ha,-1.0,3,3,0,0,0,0,0,0,0,0,0,0,0,0,4,-1,-1,Col·lisió frontal,-1,1,2,4,-1,2,1,21.47,1,2,3,11,10