,Year,Area,Date,Road,Municipality Name,County Name,Province Name,Fatalties,Serious Injuries,Light Injuries,Units Involved,Pedestrains Involved,Bicycles Involved,Mopeds Involved,Motorcycles,Light Vehicles Involved,Heavy Vehicles Involved,Other Units Involved,Unspecified Units Involved,Road Speed Limit,Accident with Hit and Run,Fog Presence,Surrounding Environment,Special Lane Presence,Special Traffic Measures,Weather Conditions,Special Road Functions,Severity of Accident,Influence of Fog,Influence of Environment,Influence of Traffic,Influence of Weather,Influence of Wind Intensity,Influence of Lighting,Influence of Special Measures,Influence of Road Objects,Influence of Road Surface,Influence of Visibility,Intersection Characteristics,Lighting Conditions,Traffic Regulation and Priority,Direction of Road,Subtype of Accident,Subtype of Road Section,Subzone within Area,Road Surface Conditions,Type of Road,Road Ownership,Wind Conditions,Day of the Week Grouping,Hour of Day,Time of Day Grouping,Type of Accident,Day Type,Day,Month
2632,2012,1,2012-08-26,SE,SALOU,Tarragones,0,0,1,0,2,1,0,0,0,1,0,0,0,100.0,1.0,0,2,No n'hi ha,-1.0,3,3,1,0,0,0,0,0,0,0,0,0,0,2,0,-1,1,Atropellament,2,2,2,5,-1,2,0,3.18,2,3,6,26,8
2633,2012,1,2012-09-08,SE,CASTELLDEFELS,Baix Llobregat,3,0,1,0,2,0,1,0,0,1,0,0,0,30.0,0.0,0,2,No n'hi ha,-1.0,3,3,1,0,0,0,0,0,0,0,0,0,0,0,4,-1,0,Envestida (frontal lateral),-1,2,2,5,-1,2,0,9.36,0,2,5,8,9
2634,2012,1,2012-10-14,SE,"AMETLLA DEL VALLES,",Valles Oriental,3,0,1,0,2,0,0,1,0,1,0,0,0,40.0,0.0,0,-1,No n'hi ha,-1.0,3,3,1,-1,0,0,0,-1,0,0,0,0,0,1,4,3,1,Envestida (frontal lateral),2,2,2,5,-1,2,0,16.42,1,2,6,14,10
2635,2012,1,2012-11-20,SE,SANT BOI DE LLOBREGAT,Baix Llobregat,3,0,1,3,3,0,0,0,0,3,0,0,0,100.0,0.0,0,2,No n'hi ha,-1.0,3,3,1,0,0,0,0,0,0,0,0,0,0,2,5,4,1,Xoc contra objecte/obstacle sense sortida prèvia de via,0,2,2,5,-1,2,1,18.45,1,4,1,20,11
2636,2012,0,2012-02-04,C-55,CASTELLGALI,Bages,3,1,0,3,3,0,0,0,0,3,0,0,0,100.0,0.0,0,3,No n'hi ha,-1.0,3,3,0,0,0,0,0,0,0,0,0,0,0,0,4,-1,1,Envestida (frontal lateral),-1,1,2,4,2,2,0,11.51,0,2,5,4,2
2637,2012,0,2012-10-14,C-38,SANT JOAN DE LES ABADESSES,Ripolles,1,0,1,5,2,0,0,0,0,2,0,0,0,100.0,0.0,0,1,No n'hi ha,-1.0,3,3,1,0,0,0,0,0,0,0,0,0,0,0,4,-1,1,Envestida (frontal lateral),-1,1,2,4,2,2,0,11.26,0,2,6,14,10
2638,2012,0,2012-09-07,N-260,PUIGCERDA,Cerdanya,1,0,1,1,2,0,0,0,0,2,0,0,0,90.0,0.0,0,2,No n'hi ha,-1.0,3,3,1,0,0,0,0,0,0,0,0,0,0,0,4,-1,1,Encalç,-1,1,2,4,1,2,1,9.27,0,2,4,7,9
2639,2012,0,2012-06-03,N-141e,BESCANO,Girones,1,0,1,4,2,0,0,0,0,2,0,0,0,100.0,0.0,0,3,No n'hi ha,-1.0,3,3,1,0,0,0,0,0,0,0,0,0,0,0,2,-1,1,Xoc contra objecte/obstacle sense sortida prèvia de via,-1,1,2,4,3,2,0,18.01,1,4,6,3,6
2640,2012,1,2012-04-13,SE,BARCELONA,Barcelones,3,0,1,0,2,0,0,0,1,1,0,0,0,100.0,0.0,0,-1,No n'hi ha,-1.0,1,3,1,0,0,0,0,0,0,0,0,0,0,1,5,2,1,Envestida (frontal lateral),1,2,0,5,-1,2,1,5.45,2,2,4,13,4
2641,2012,0,2012-06-01,N-141e,BESCANO,Girones,1,1,0,0,2,0,0,0,0,1,1,0,0,100.0,0.0,0,1,No n'hi ha,-1.0,3,3,0,0,0,0,0,0,0,0,0,0,0,0,4,-1,1,Col·lisió frontal,-1,1,2,4,1,2,0,19.35,1,2,4,1,6
2642,2012,0,2012-07-31,C-55,ABRERA,Baix Llobregat,3,1,0,0,1,0,0,0,0,1,0,0,0,100.0,0.0,0,0,No n'hi ha,-1.0,3,3,0,0,0,0,0,0,0,0,0,0,0,0,4,-1,1,Sortida de via amb xoc o col·lisió,-1,1,2,4,2,2,1,16.32,1,1,1,31,7
2643,2012,1,2012-05-08,SE,GAVA,Baix Llobregat,3,0,1,0,2,1,0,0,0,1,0,0,0,20.0,0.0,0,-1,No n'hi ha,-1.0,3,3,1,0,0,0,0,0,0,0,0,0,0,0,5,-1,1,Atropellament,-1,2,2,5,-1,2,1,22.0,2,3,1,8,5
2644,2012,0,2012-12-23,N-141c,MOIA,Moianès,3,0,1,2,2,0,0,0,2,0,0,0,0,100.0,0.0,0,1,No n'hi ha,-1.0,3,3,1,0,0,0,0,0,0,0,0,0,0,0,4,-1,1,Caiguda en la via,-1,1,2,4,1,2,0,11.38,0,0,6,23,12
2645,2012,1,2012-04-24,SE,VILANOVA I LA GELTRU,Garraf,3,0,1,0,1,0,0,1,0,0,0,0,0,100.0,0.0,0,-1,No n'hi ha,-1.0,3,3,1,0,0,0,0,0,0,0,0,0,0,0,4,-1,-1,Caiguda en la via,-1,2,2,5,-1,2,1,17.2,1,0,1,24,4
2646,2012,0,2012-04-21,N-260,"SEU D'URGELL, LA",Alt Urgell,2,0,2,2,3,0,0,0,0,3,0,0,0,70.0,0.0,0,1,No n'hi ha,-1.0,3,3,1,0,0,0,0,0,0,0,0,0,0,0,4,-1,1,Col·lisió frontal,-1,1,2,4,1,2,0,10.0,0,2,5,21,4
2647,2012,1,2012-05-25,SE,GRANOLLERS,Valles Oriental,3,0,1,0,2,0,0,0,1,1,0,0,0,100.0,0.0,0,2,No n'hi ha,-1.0,3,3,1,0,0,0,0,0,0,0,0,0,0,0,4,-1,1,Envestida (frontal lateral),-1,2,2,5,-1,2,0,17.4,1,2,4,25,5
2648,2012,1,2012-11-12,SE,SABADELL,Valles Occidental,3,0,1,0,2,1,0,0,0,1,0,0,0,100.0,0.0,0,-1,No n'hi ha,-1.0,3,3,1,0,0,0,0,0,0,0,0,0,0,0,4,-1,-1,Atropellament,-1,2,2,5,-1,2,1,9.44,0,3,0,12,11
2649,2012,1,2012-05-07,SE,FIGUERES,Alt Emporda,1,0,1,0,2,1,0,0,0,1,0,0,0,100.0,0.0,0,2,No n'hi ha,,3,3,1,0,0,0,0,0,1,0,0,0,0,0,4,-1,1,Atropellament,-1,2,2,5,0,2,1,20.0,1,3,0,7,5
2650,2012,1,2012-08-17,SE,BERGA,Bergueda,3,0,2,0,3,2,0,0,0,1,0,0,0,20.0,0.0,0,-1,No n'hi ha,-1.0,3,3,1,0,-1,0,0,0,0,0,0,0,0,0,4,-1,1,Atropellament,-1,2,2,5,-1,2,1,8.45,0,3,4,17,8
2651,2012,0,2012-02-28,C-14,VILAVERD,Conca de Barbera,0,0,1,0,2,0,0,0,1,1,0,0,0,100.0,0.0,0,0,No n'hi ha,-1.0,3,3,1,0,1,0,0,0,0,0,0,0,0,0,4,-1,1,Sortida de via amb xoc o col·lisió,-1,1,2,4,2,2,1,10.08,0,1,1,28,2
2652,2012,0,2012-04-27,C-1412a,VILANOVA DE L'AGUDA,Noguera,2,1,0,0,2,0,0,0,0,1,1,0,0,100.0,0.0,0,3,No n'hi ha,-1.0,3,3,0,0,0,0,0,0,0,0,0,0,0,0,4,-1,1,Col·lisió frontal,-1,1,2,4,2,2,0,17.05,1,2,4,27,4
2653,2012,0,2012-06-03,B-10,HOSPITALET DE LLOBREGAT,Barcelones,3,0,1,0,1,0,0,0,0,1,0,0,0,100.0,0.0,0,2,No n'hi ha,-1.0,2,3,1,0,0,0,1,0,0,0,0,0,0,0,2,-1,0,Caiguda en la via,-1,1,3,4,4,1,0,23.23,2,0,6,3,6
2654,2012,1,2012-01-25,SE,SANTA MARIA DE PALAU,Valles Oriental,3,0,1,0,2,0,0,0,1,1,0,0,0,40.0,0.0,0,1,No n'hi ha,-1.0,3,1,1,-1,0,0,0,-1,0,0,0,0,-1,1,5,4,0,Envestida (frontal lateral),0,0,2,5,0,2,1,20.13,1,2,2,25,1
2655,2012,0,2012-11-08,CR,VILALBA DELS ARCS,Terra Alta,0,0,1,1,1,0,0,0,0,1,0,0,0,100.0,0.0,0,3,No n'hi ha,-1.0,1,3,1,0,0,0,1,0,0,0,0,0,0,0,3,-1,1,Resta sortides de via,-1,1,0,3,0,2,1,21.0,1,1,3,8,11
2656,2012,1,2012-02-24,SE,BARCELONA,Barcelones,3,0,1,0,2,0,0,0,1,1,0,0,0,100.0,0.0,0,-1,No n'hi ha,-1.0,3,3,1,0,0,1,0,0,0,0,0,0,0,0,4,-1,1,Fregament o col·lisió lateral,-1,2,2,5,-1,2,0,15.35,1,2,4,24,2
2657,2012,0,2012-05-16,C-14,PIRA,Conca de Barbera,0,0,2,2,2,0,0,0,0,1,1,0,0,90.0,0.0,0,-1,Sense Especificar,-1.0,3,3,1,0,0,0,0,0,0,0,0,0,0,0,4,-1,-1,Envestida (frontal lateral),-1,1,2,4,4,2,1,11.4,0,2,2,16,5
2658,2012,1,2012-01-30,SE,BARCELONA,Barcelones,3,0,1,0,2,1,0,0,0,0,1,0,0,100.0,0.0,0,-1,Carril bus,-1.0,3,3,1,0,0,0,0,0,0,0,0,0,0,0,5,-1,1,Atropellament,-1,2,2,5,-1,2,1,20.15,1,3,0,30,1
2659,2012,0,2012-09-03,BV-2415,OLERDOLA,Alt Penedes,3,0,1,0,2,0,0,0,1,1,0,0,0,50.0,0.0,0,2,No n'hi ha,-1.0,3,3,1,0,0,0,0,0,0,0,0,0,0,0,4,-1,1,Caiguda en la via,-1,1,2,4,0,2,1,15.43,1,0,0,3,9
2660,2012,1,2012-07-20,C-61,ARENYS DE MAR,Maresme,3,0,1,1,2,1,0,0,1,0,0,0,0,40.0,0.0,0,2,No n'hi ha,-1.0,3,1,1,0,0,0,0,0,0,0,0,0,0,0,5,-1,1,Atropellament,-1,0,2,4,2,2,0,22.25,2,3,4,20,7
2661,2012,0,2012-03-19,C-32,VILADECANS,Baix Llobregat,3,0,1,0,1,0,0,0,1,0,0,0,0,90.0,0.0,0,-1,Sense Especificar,-1.0,3,3,1,0,0,0,0,0,0,0,0,0,0,0,4,-1,-1,Altres,-1,1,2,4,4,2,1,8.17,0,5,0,19,3
2662,2012,1,2012-10-19,SE,OLESA DE MONTSERRAT,Baix Llobregat,3,0,1,0,1,0,0,1,0,0,0,0,0,100.0,0.0,0,2,No n'hi ha,-1.0,1,3,1,0,0,0,0,0,0,0,0,0,0,2,5,4,0,Caiguda en la via,1,2,2,5,-1,2,0,21.55,1,0,4,19,10
2663,2012,0,2012-07-11,N-II,SANT ANDREU DE LLAVANERES,Maresme,3,0,1,0,4,0,0,0,1,3,0,0,0,80.0,0.0,0,2,No n'hi ha,-1.0,3,3,1,0,0,0,0,0,0,0,0,0,0,0,4,-1,1,Fregament o col·lisió lateral,-1,1,2,4,1,2,1,20.2,1,2,2,11,7
2664,2012,1,2012-07-02,SE,SABADELL,Valles Occidental,3,0,1,1,3,2,0,0,0,1,0,0,0,100.0,0.0,0,-1,No n'hi ha,-1.0,3,3,1,0,0,0,0,0,1,0,0,0,0,0,4,-1,-1,Atropellament,-1,2,2,5,-1,2,1,19.23,1,3,0,2,7
2665,2012,0,2012-09-14,C-13,"POBLA DE SEGUR, LA",Pallars Jussa,2,0,1,2,3,0,0,0,0,3,0,0,0,90.0,0.0,0,-1,Sense Especificar,-1.0,3,3,1,0,0,0,0,0,0,0,0,0,0,0,4,-1,-1,Col·lisió frontal,-1,1,2,4,4,2,1,13.47,0,2,4,14,9
2666,2012,1,2012-10-13,SE,GOSOL,Bergueda,2,0,1,0,2,1,0,0,0,1,0,0,0,20.0,0.0,0,-1,Sense Especificar,-1.0,3,3,1,0,0,0,0,0,0,0,0,0,0,1,4,5,-1,Atropellament,0,2,2,5,4,2,0,13.01,0,3,5,13,10
2667,2012,1,2012-11-15,SE,TERRASSA,Valles Occidental,3,0,1,0,2,1,0,0,0,1,0,0,0,20.0,0.0,0,-1,No n'hi ha,-1.0,3,3,1,0,0,0,0,0,0,0,0,0,0,1,4,5,-1,Atropellament,2,2,2,5,-1,2,1,15.0,1,3,3,15,11
2668,2012,1,2012-09-15,SE,BARCELONA,Barcelones,3,0,1,0,2,1,0,0,0,0,1,0,0,100.0,0.0,0,-1,No n'hi ha,-1.0,3,3,1,0,0,0,0,0,0,0,0,0,0,0,4,-1,0,Atropellament,-1,2,2,5,-1,2,0,11.5,0,3,5,15,9
2669,2012,1,2012-01-13,SE,GRANOLLERS,Valles Oriental,3,0,1,0,2,1,0,0,0,1,0,0,0,100.0,0.0,0,2,No n'hi ha,-1.0,3,3,1,0,0,0,0,0,0,0,0,0,0,2,4,3,1,Atropellament,2,2,2,5,-1,2,1,13.18,0,3,4,13,1
2670,2012,0,2012-08-04,BV-2115,CASTELLET I LA GORNA,Alt Penedes,3,0,1,1,2,0,2,0,0,0,0,0,0,100.0,0.0,0,3,No n'hi ha,-1.0,3,3,1,0,0,0,0,0,0,0,0,0,0,0,4,-1,1,Caiguda en la via,-1,1,2,4,3,2,0,10.3,0,0,5,4,8
2671,2012,0,2012-10-19,C-31,HOSPITALET DE LLOBREGAT,Barcelones,3,0,1,0,2,0,0,0,1,1,0,0,0,60.0,0.0,0,2,No n'hi ha,-1.0,1,3,1,0,0,0,0,0,0,0,0,0,0,2,5,-1,1,Encalç,3,1,2,4,2,1,0,20.04,1,2,4,19,10
2672,2012,0,2012-06-27,N-II,FIGUERES,Alt Emporda,1,1,1,4,3,0,0,0,0,1,2,0,0,80.0,0.0,0,3,No n'hi ha,-1.0,3,2,0,0,0,0,0,0,0,0,0,0,0,2,4,4,1,Encalç,3,1,2,4,1,2,1,12.2,0,2,2,27,6
2673,2012,1,2012-07-04,SE,REUS,Baix Camp,0,0,1,0,2,0,0,0,1,1,0,0,0,100.0,0.0,0,-1,No n'hi ha,-1.0,3,3,1,0,0,0,0,0,0,0,0,0,0,0,4,-1,-1,Envestida (frontal lateral),-1,2,2,5,-1,2,1,13.21,0,2,2,4,7
2674,2012,0,2012-07-04,BV-1221,MATADEPERA,Valles Occidental,3,1,0,1,2,0,0,0,1,1,0,0,0,100.0,0.0,0,1,No n'hi ha,-1.0,3,3,0,0,0,0,0,0,0,0,0,0,0,1,4,5,1,Envestida (frontal lateral),1,1,2,4,3,2,1,15.3,1,2,2,4,7
2675,2012,1,2012-04-23,SE,PALAFRUGELL,Baix Emporda,1,0,1,0,2,1,0,0,0,1,0,0,0,20.0,0.0,0,-1,No n'hi ha,-1.0,3,3,1,-1,-1,0,0,-1,0,0,0,0,-1,0,4,-1,-1,Atropellament,-1,2,2,5,-1,2,1,14.0,1,3,0,23,4
2676,2012,1,2012-09-19,SE,CERDANYOLA DEL VALLES,Valles Occidental,3,0,1,0,2,1,0,0,0,1,0,0,0,100.0,0.0,0,2,No n'hi ha,-1.0,3,3,1,0,0,0,0,0,0,0,0,0,0,1,4,4,1,Atropellament,1,2,2,5,0,2,1,16.2,1,3,2,19,9
2677,2012,1,2012-09-01,SE,BARCELONA,Barcelones,3,0,1,3,3,2,0,0,1,0,0,0,0,100.0,0.0,0,-1,No n'hi ha,-1.0,3,3,1,0,0,0,0,0,0,0,0,0,0,0,5,-1,1,Atropellament,-1,2,2,5,-1,2,0,0.2,2,3,5,1,9
2678,2012,1,2012-03-30,SE,BARCELONA,Barcelones,3,0,1,1,2,1,1,0,0,0,0,0,0,100.0,0.0,0,-1,No n'hi ha,-1.0,3,3,1,0,0,0,0,0,0,0,0,0,0,0,4,-1,0,Atropellament,-1,2,2,5,-1,2,1,14.0,1,3,4,30,3
2679,2012,0,2012-10-03,C-31,MONT-RAS,Baix Emporda,1,0,1,0,2,0,1,0,0,1,0,0,0,80.0,0.0,0,2,Habilitació voral/carril addicional,-1.0,3,3,1,0,0,0,0,0,0,0,0,0,0,0,4,-1,1,Encalç,-1,1,2,4,2,2,1,12.03,0,2,2,3,10
2680,2012,0,2012-12-17,C-245,CORNELLA DE LLOBREGAT,Baix Llobregat,3,0,1,0,2,1,0,0,0,0,1,0,0,80.0,0.0,0,0,No n'hi ha,-1.0,3,3,1,0,0,0,0,0,0,0,0,0,0,0,4,-1,1,Atropellament,-1,1,2,4,2,2,1,12.5,0,3,0,17,12
2681,2012,1,2012-03-07,SE,BARCELONA,Barcelones,3,0,1,0,2,1,0,1,0,0,0,0,0,100.0,0.0,0,-1,No n'hi ha,-1.0,3,3,1,0,0,0,0,0,0,0,0,0,1,1,4,3,1,Atropellament,2,2,2,5,-1,2,1,16.35,1,3,2,7,3
2682,2012,1,2012-10-24,SE,BADALONA,Barcelones,3,0,1,0,2,0,0,1,0,1,0,0,0,20.0,0.0,0,-1,No n'hi ha,-1.0,3,3,1,-1,-1,0,0,-1,0,0,0,0,-1,1,4,3,1,Caiguda en la via,2,2,2,5,-1,2,1,11.3,0,0,2,24,10
2683,2012,0,2012-03-27,C-26,ALGERRI,Noguera,2,0,1,1,1,0,0,0,0,1,0,0,0,100.0,0.0,0,1,No n'hi ha,-1.0,3,3,1,0,1,0,0,0,0,0,0,0,0,0,4,-1,1,Sortida de via amb xoc o col·lisió,-1,1,2,4,2,2,1,11.4,0,1,1,27,3
2684,2012,1,2012-12-03,SE,SANTA BARBARA,Montsia,0,0,1,0,2,0,1,0,0,0,1,0,0,40.0,0.0,0,2,No n'hi ha,-1.0,3,3,1,0,0,0,0,0,0,0,0,0,0,1,4,4,1,Envestida (frontal lateral),2,2,2,5,0,2,1,15.55,1,2,0,3,12
2685,2012,1,2012-12-09,SE,BARCELONA,Barcelones,3,0,2,0,2,0,0,0,1,1,0,0,0,100.0,0.0,0,-1,No n'hi ha,-1.0,3,3,1,0,0,0,0,0,0,0,0,0,0,1,4,3,0,Envestida (frontal lateral),2,2,2,5,-1,2,0,15.45,1,2,6,9,12
2686,2012,1,2012-08-21,SE,BARCELONA,Barcelones,3,0,1,0,2,1,0,0,1,0,0,0,0,100.0,0.0,0,-1,No n'hi ha,-1.0,3,3,1,0,0,0,0,0,0,0,0,0,0,1,5,3,1,Caiguda en la via,2,2,2,5,-1,2,1,5.0,2,0,1,21,8
2687,2012,1,2012-03-19,SE,SABADELL,Valles Occidental,3,0,1,0,2,1,0,0,0,1,0,0,0,100.0,0.0,0,-1,No n'hi ha,-1.0,3,3,1,0,0,0,0,0,0,0,0,0,0,0,4,-1,-1,Atropellament,-1,2,2,5,-1,2,1,15.21,1,3,0,19,3
2688,2012,1,2012-12-01,SE,BARCELONA,Barcelones,3,0,1,0,2,0,0,1,0,1,0,0,0,100.0,0.0,0,-1,No n'hi ha,-1.0,3,3,1,0,0,0,0,0,0,0,0,0,0,0,5,-1,0,Fregament o col·lisió lateral,-1,2,2,5,-1,2,0,2.0,2,2,5,1,12
2689,2012,0,2012-02-22,B-150,"PAPIOL, EL",Baix Llobregat,3,0,1,0,2,0,1,0,0,1,0,0,0,40.0,0.0,0,2,No n'hi ha,-1.0,3,3,1,0,0,0,0,0,1,0,0,0,0,1,0,4,1,Envestida (frontal lateral),0,1,2,4,3,2,1,6.05,0,2,2,22,2
2690,2012,1,2012-08-11,SE,BARCELONA,Barcelones,3,0,1,1,2,0,0,0,1,1,0,0,0,100.0,0.0,0,-1,No n'hi ha,-1.0,3,3,1,0,0,0,0,0,0,0,0,0,0,1,4,3,1,Caiguda en la via,2,2,2,5,-1,2,0,19.1,1,0,5,11,8
2691,2012,0,2012-01-05,C-150a,BANYOLES,Pla de l'Estany,1,0,1,0,2,0,0,1,0,1,0,0,0,100.0,0.0,0,-1,No n'hi ha,-1.0,3,3,1,0,0,0,0,0,0,0,0,0,0,0,4,-1,-1,Envestida (frontal lateral),-1,1,2,4,-1,2,1,14.35,1,2,3,5,1
2692,2012,1,2012-09-15,SE,SALOU,Tarragones,0,0,1,1,4,0,2,0,0,2,0,0,0,100.0,0.0,0,2,No n'hi ha,-1.0,3,3,1,0,0,0,0,0,0,0,0,0,0,1,5,5,1,Envestida (frontal lateral),1,2,2,5,-1,2,0,20.31,1,2,5,15,9
2693,2012,0,2012-07-28,N-II,CABRERA DE MAR,Maresme,3,0,1,2,2,0,0,0,1,1,0,0,0,100.0,0.0,0,2,No n'hi ha,-1.0,3,3,1,0,0,0,0,0,0,0,0,0,0,0,4,-1,1,Encalç,-1,1,2,4,1,2,0,16.41,1,2,5,28,7
2694,2012,0,2012-12-04,gi-682,BLANES,Selva,1,0,1,0,1,0,0,0,1,0,0,0,0,90.0,0.0,0,-1,No n'hi ha,-1.0,3,3,1,0,0,0,0,0,0,0,0,0,0,1,5,4,-1,Caiguda en la via,0,1,2,4,2,2,1,19.35,1,0,1,4,12
2695,2012,0,2012-11-20,N-II,FORNELLS DE LA SELVA,Girones,1,0,1,1,2,0,0,0,0,2,0,0,0,60.0,0.0,0,2,No n'hi ha,0.0,3,2,1,0,0,0,0,0,0,0,0,0,0,0,4,-1,1,Sortida de via amb xoc o col·lisió,-1,1,2,4,1,2,1,15.31,1,1,1,20,11
2696,2012,1,2012-04-18,SE,ESPLUGUES DE LLOBREGAT,Baix Llobregat,3,0,1,0,2,0,0,0,1,1,0,0,0,20.0,0.0,0,2,No n'hi ha,-1.0,3,1,1,-1,0,0,0,-1,0,0,0,0,0,1,4,5,1,Envestida (frontal lateral),3,0,2,5,-1,2,1,14.3,1,2,2,18,4
2697,2012,0,2012-05-23,CR,VIELHA E MIJARAN,Val d'Aran,2,0,1,0,2,0,0,0,1,1,0,0,0,100.0,0.0,0,2,No n'hi ha,-1.0,3,3,1,0,0,0,0,0,0,0,0,0,0,1,5,5,1,Envestida (frontal lateral),1,1,2,3,2,2,1,23.0,2,2,2,23,5
2698,2012,0,2012-01-29,C-31C,SANT BOI DE LLOBREGAT,Baix Llobregat,3,0,1,1,3,0,2,0,0,1,0,0,0,80.0,0.0,0,3,No n'hi ha,-1.0,3,3,1,0,0,0,0,0,0,0,0,0,0,0,4,-1,1,Encalç,-1,1,2,4,2,2,0,12.45,0,2,6,29,1
2699,2012,0,2012-09-25,AP-7,MONTMELO,Valles Oriental,3,0,1,2,2,0,0,0,0,2,0,0,0,100.0,0.0,0,0,No n'hi ha,-1.0,3,3,1,0,1,0,0,0,1,0,0,0,0,0,4,-1,1,Envestida (frontal lateral),-1,1,2,4,1,2,1,18.4,1,2,1,25,9
2700,2012,0,2012-09-25,AP-7,SUBIRATS,Alt Penedes,3,0,1,1,3,1,0,0,0,1,1,0,0,100.0,0.0,0,1,No n'hi ha,-1.0,3,3,1,0,0,0,0,0,0,0,0,0,1,0,4,-1,1,Atropellament,-1,1,2,4,1,2,1,12.31,0,3,1,25,9
2701,2012,0,2012-01-25,C-13,SALAS DE PALLARS,Pallars Jussa,2,0,1,1,1,0,0,0,0,1,0,0,0,90.0,0.0,0,-1,Sense Especificar,-1.0,3,3,1,0,0,0,0,0,0,0,0,0,0,0,4,-1,-1,Resta sortides de via,-1,1,2,4,4,2,1,9.43,0,1,2,25,1
2702,2012,1,2012-04-20,SE,GIRONA,Girones,1,0,1,0,2,0,0,0,1,1,0,0,0,40.0,0.0,0,2,No n'hi ha,-1.0,3,3,1,0,0,0,0,0,0,0,0,0,0,1,4,4,1,Envestida (frontal lateral),1,2,2,5,-1,2,1,10.16,0,2,4,20,4
2703,2012,0,2012-05-16,GI-682,BLANES,Selva,1,0,1,0,2,1,0,0,0,1,0,0,0,90.0,0.0,0,-1,No n'hi ha,-1.0,3,3,1,-1,0,0,0,-1,0,0,0,0,-1,0,4,-1,0,Atropellament,-1,1,2,4,1,2,1,6.43,0,3,2,16,5
2704,2012,0,2012-05-21,C-241d,SANTA COLOMA DE QUERALT,Conca de Barbera,0,1,1,1,2,0,0,0,0,2,0,0,0,100.0,0.0,0,2,Carril central,-1.0,3,3,0,0,0,0,0,0,0,0,0,0,0,1,4,4,1,Envestida (frontal lateral),1,1,2,4,2,2,1,10.44,0,2,0,21,5
2705,2012,1,2012-03-30,SE,BARCELONA,Barcelones,3,0,2,0,2,1,1,0,0,0,0,0,0,100.0,0.0,0,-1,Carril bici,-1.0,3,3,1,0,0,0,0,0,0,0,0,0,0,0,4,-1,1,Atropellament,-1,2,2,5,-1,2,1,13.25,0,3,4,30,3
2706,2012,1,2012-06-15,SE,"PRAT DE LLOBREGAT, E",Baix Llobregat,3,0,3,0,4,3,0,0,0,1,0,0,0,30.0,0.0,0,2,No n'hi ha,-1.0,3,3,1,0,0,0,0,0,0,0,0,0,0,0,4,-1,1,Atropellament,-1,2,2,5,-1,2,1,11.22,0,3,4,15,6
2707,2012,0,2012-09-25,C-31,"PRAT DE LLOBREGAT, E",Baix Llobregat,3,0,1,0,2,0,0,0,1,0,1,0,0,60.0,0.0,0,3,No n'hi ha,0.0,3,3,1,0,0,0,0,0,0,0,0,0,0,0,4,-1,1,Caiguda en la via,-1,1,2,4,2,2,1,9.05,0,0,1,25,9
2708,2012,0,2012-01-19,C-35,LLINARS DEL VALLES,Valles Oriental,3,0,1,0,3,0,0,0,0,3,0,0,0,90.0,0.0,0,3,No n'hi ha,-1.0,3,2,1,0,0,0,0,0,0,0,0,0,0,0,4,-1,1,Fregament o col·lisió lateral,-1,1,2,4,2,2,1,9.05,0,2,3,19,1
2709,2012,1,2012-06-05,SE,SABADELL,Valles Occidental,3,0,1,0,2,1,0,0,0,1,0,0,0,100.0,0.0,0,-1,No n'hi ha,-1.0,3,3,1,0,0,0,0,0,0,0,0,0,0,0,4,-1,-1,Atropellament,-1,2,2,5,-1,2,1,18.3,1,3,1,5,6
2710,2012,1,2012-06-13,SE,BARCELONA,Barcelones,3,0,1,0,2,0,0,1,0,1,0,0,0,100.0,0.0,0,-1,No n'hi ha,-1.0,3,3,1,0,0,0,0,0,0,0,0,0,0,1,5,3,1,Envestida (frontal lateral),2,2,2,5,-1,2,1,1.2,2,2,2,13,6
2711,2012,0,2012-12-09,C-14,VILANOVA DE L'AGUDA,Noguera,2,0,1,4,2,0,0,0,0,2,0,0,0,70.0,0.0,0,2,No n'hi ha,-1.0,3,3,1,0,0,0,0,0,1,0,0,0,0,1,3,4,1,Fregament o col·lisió lateral,0,1,2,4,2,2,0,20.53,1,2,6,9,12
2712,2012,0,2012-09-03,C-58,VACARISSES,Valles Occidental,3,1,0,1,2,0,0,0,1,1,0,0,0,90.0,0.0,0,2,No n'hi ha,-1.0,3,3,0,0,0,0,0,0,0,0,0,0,0,0,4,-1,1,Col·lisió frontal,-1,1,2,4,2,2,1,16.35,1,2,0,3,9
2713,2012,1,2012-02-25,SE,BARCELONA,Barcelones,3,0,1,0,2,0,0,0,1,0,1,0,0,100.0,0.0,0,-1,No n'hi ha,-1.0,3,3,1,0,0,0,0,0,0,0,0,0,0,1,5,3,1,Envestida (frontal lateral),2,2,2,5,-1,2,0,0.45,2,2,5,25,2
2714,2012,1,2012-11-22,SE,BARCELONA,Barcelones,3,0,1,0,2,0,0,0,1,0,1,0,0,100.0,0.0,0,-1,No n'hi ha,-1.0,3,3,1,0,0,0,0,0,0,0,0,0,0,0,4,-1,1,Encalç,-1,2,2,5,-1,2,1,14.2,1,2,3,22,11
2715,2012,0,2012-06-06,C-1415A,CASTELLAR DEL VALLES,Valles Occidental,3,0,1,0,1,0,0,0,1,0,0,0,0,100.0,0.0,0,1,No n'hi ha,-1.0,3,3,1,0,0,0,0,0,0,0,0,0,0,0,4,-1,1,Resta sortides de via,-1,1,2,4,3,2,1,17.3,1,1,2,6,6