,Year,Area,Date,Road,Municipality Name,County Name,Province Name,Fatalties,Serious Injuries,Light Injuries,Units Involved,Pedestrains Involved,Bicycles Involved,Mopeds Involved,Motorcycles,Light Vehicles Involved,Heavy Vehicles Involved,Other Units Involved,Unspecified Units Involved,Road Speed Limit,Accident with Hit and Run,Fog Presence,Surrounding Environment,Special Lane Presence,Special Traffic Measures,Weather Conditions,Special Road Functions,Severity of Accident,Influence of Fog,Influence of Environment,Influence of Traffic,Influence of Weather,Influence of Wind Intensity,Influence of Lighting,Influence of Special Measures,Influence of Road Objects,Influence of Road Surface,Influence of Visibility,Intersection Characteristics,Lighting Conditions,Traffic Regulation and Priority,Direction of Road,Subtype of Accident,Subtype of Road Section,Subzone within Area,Road Surface Conditions,Type of Road,Road Ownership,Wind Conditions,Day of the Week Grouping,Hour of Day,Time of Day Grouping,Type of Accident,Day Type,Day,Month
2716,2012,1,2012-08-28,SE,LLORET DE MAR,Selva,1,0,1,1,2,0,1,1,0,0,0,0,0,100.0,0.0,0,2,No n'hi ha,-1.0,3,3,1,0,0,0,0,0,0,0,0,0,0,0,5,-1,1,Fregament o col·lisió lateral,-1,2,2,5,-1,2,1,22.37,2,2,1,28,8
2717,2012,0,2012-12-28,AP-7,TARRAGONA,Tarragones,0,0,1,0,2,0,0,0,0,1,1,0,0,90.0,0.0,0,-1,Sense Especificar,-1.0,3,3,1,0,0,0,0,0,0,0,0,0,0,0,4,-1,-1,Encalç,-1,1,2,4,4,2,1,13.56,0,2,4,28,12
2718,2012,1,2012-03-14,SE,MANRESA,Bages,3,0,1,0,2,1,0,0,0,1,0,0,0,100.0,0.0,0,2,No n'hi ha,-1.0,3,3,1,0,0,0,0,0,0,0,0,0,0,1,4,4,0,Atropellament,2,2,2,5,-1,2,1,9.1,0,3,2,14,3
2719,2012,1,2012-06-29,SE,CAMBRILS,Baix Camp,0,0,1,0,2,0,1,0,0,1,0,0,0,100.0,0.0,0,-1,No n'hi ha,-1.0,3,3,1,0,0,0,0,0,0,0,0,0,0,0,4,-1,-1,Caiguda en la via,-1,2,2,5,-1,2,1,10.5,0,0,4,29,6
2720,2012,0,2012-08-16,BV-2119,OLERDOLA,Alt Penedes,3,0,1,0,1,0,1,0,0,0,0,0,0,100.0,0.0,0,3,No n'hi ha,-1.0,3,3,1,0,0,0,0,0,0,0,0,0,0,0,4,-1,1,Caiguda en la via,-1,1,2,4,2,2,1,16.3,1,0,3,16,8
2721,2012,1,2012-02-23,SE,BLANES,Selva,1,0,1,0,2,0,0,1,0,1,0,0,0,20.0,0.0,0,-1,No n'hi ha,-1.0,3,3,1,-1,0,0,0,-1,0,0,0,0,-1,1,0,4,0,Envestida (frontal lateral),2,2,2,5,-1,2,1,22.05,2,2,3,23,2
2722,2012,0,2012-09-29,A-2,LLEIDA,Segria,2,0,1,0,1,0,0,0,0,1,0,0,0,100.0,0.0,0,2,No n'hi ha,-1.0,2,3,1,0,0,0,1,0,0,0,0,0,0,0,2,-1,1,Sortida de via amb xoc o col·lisió,-1,1,2,4,1,2,0,13.53,0,1,5,29,9
2723,2012,0,2012-08-12,AP-7,MOLLET DEL VALLES,Valles Oriental,3,0,3,0,1,0,0,0,0,1,0,0,0,60.0,0.0,0,3,Carril d'alentiment,-1.0,3,3,1,0,0,0,0,0,0,0,0,0,0,0,4,-1,0,Resta sortides de via,-1,1,2,4,1,2,0,7.15,0,1,6,12,8
2724,2012,1,2012-12-20,SE,GAVA,Baix Llobregat,3,0,1,0,2,1,0,0,0,1,0,0,0,20.0,0.0,0,-1,No n'hi ha,-1.0,3,3,1,-1,-1,0,0,-1,0,0,0,0,0,0,4,-1,0,Atropellament,-1,2,2,5,-1,2,1,15.27,1,3,3,20,12
2725,2012,1,2012-10-02,SE,LLORET DE MAR,Selva,1,0,1,0,2,1,0,0,0,1,0,0,0,100.0,0.0,0,2,No n'hi ha,-1.0,3,3,1,0,0,0,0,0,0,0,0,0,0,0,5,-1,0,Atropellament,-1,2,2,5,0,2,1,21.0,1,3,1,2,10
2726,2012,1,2012-11-29,SE,BARCELONA,Barcelones,3,0,1,0,2,0,1,0,0,1,0,0,0,100.0,0.0,0,-1,No n'hi ha,-1.0,3,3,1,0,0,0,0,0,0,0,0,0,0,1,5,3,1,Envestida (frontal lateral),1,2,2,5,-1,2,1,5.4,2,2,3,29,11
2727,2012,1,2012-09-07,SE,BARCELONA,Barcelones,3,0,1,0,2,0,0,0,1,1,0,0,0,100.0,0.0,0,-1,No n'hi ha,-1.0,3,3,1,0,0,0,0,0,0,0,0,0,0,0,4,-1,0,Fregament o col·lisió lateral,-1,2,2,5,-1,2,0,15.05,1,2,4,7,9
2728,2012,1,2012-01-25,SE,LLEIDA,Segria,2,0,1,0,2,1,0,0,0,1,0,0,0,20.0,,0,2,No n'hi ha,-1.0,3,3,1,-1,0,0,0,-1,0,0,0,0,-1,1,4,2,0,Atropellament,1,2,2,5,-1,2,1,12.0,0,3,2,25,1
2729,2012,1,2012-09-30,SE,MATARO,Maresme,3,0,1,0,2,1,0,0,0,1,0,0,0,20.0,1.0,0,-1,No n'hi ha,-1.0,3,3,1,0,-1,0,0,0,0,0,0,0,0,0,4,-1,-1,Atropellament,-1,2,2,5,-1,2,0,14.38,1,3,6,30,9
2730,2012,0,2012-05-20,N-II,ALCARRAS,Segria,2,0,1,1,1,0,0,0,0,1,0,0,0,100.0,0.0,0,2,No n'hi ha,-1.0,3,3,1,0,0,0,0,0,0,0,0,0,0,0,1,-1,1,Resta sortides de via,-1,1,2,4,1,2,0,6.2,0,1,6,20,5
2731,2012,1,2012-10-25,SE,TARRAGONA,Tarragones,0,0,1,0,1,0,0,0,1,0,0,0,0,20.0,,0,2,No n'hi ha,-1.0,1,3,1,-1,0,0,0,-1,0,0,1,0,-1,0,5,-1,1,Xoc contra objecte/obstacle sense sortida prèvia de via,-1,2,0,5,-1,2,1,21.5,1,4,3,25,10
2732,2012,0,2012-07-22,C-1415A,CASTELLAR DEL VALLES,Valles Occidental,3,0,1,3,6,0,5,0,0,1,0,0,0,100.0,1.0,0,3,No n'hi ha,-1.0,3,3,1,0,0,0,0,0,0,0,0,0,0,0,2,-1,1,Encalç,-1,1,2,4,3,2,0,6.49,0,2,6,22,7
2733,2012,1,2012-08-31,SE,SANT FELIU DE GUIXOLS,Baix Emporda,1,0,1,0,2,0,1,0,0,1,0,0,0,20.0,0.0,0,-1,No n'hi ha,-1.0,3,3,1,-1,-1,0,0,-1,0,0,0,0,0,1,4,4,-1,Envestida (frontal lateral),2,2,2,5,-1,2,0,15.23,1,2,4,31,8
2734,2012,1,2012-11-07,SE,CALDES DE MALAVELLA,Selva,1,0,1,0,2,1,0,0,0,0,1,0,0,50.0,0.0,0,2,No n'hi ha,-1.0,3,3,1,0,0,0,0,0,0,0,0,0,0,1,1,2,1,Atropellament,1,2,2,5,-1,2,1,18.08,1,3,2,7,11
2735,2012,0,2012-11-28,C-12,AMPOSTA,Montsia,0,0,1,0,2,1,0,0,0,1,0,0,0,100.0,0.0,0,1,No n'hi ha,-1.0,3,3,1,0,0,0,0,1,0,0,0,0,0,0,3,-1,1,Atropellament,-1,1,2,4,2,0,1,20.04,1,3,2,28,11
2736,2012,0,2012-05-31,N-340,"AMETLLA DE MAR, L'",Baix Ebre,0,0,1,0,2,0,0,0,1,1,0,0,0,90.0,0.0,0,-1,Sense Especificar,-1.0,3,3,1,0,0,0,0,0,0,0,0,0,0,0,4,-1,-1,Encalç,-1,1,2,4,4,2,1,7.39,0,2,3,31,5
2737,2012,1,2012-12-21,SE,"GARRIGA, LA",Valles Oriental,3,0,1,0,2,0,0,0,1,1,0,0,0,100.0,0.0,0,2,No n'hi ha,-1.0,3,3,1,0,0,0,0,0,0,0,0,0,0,1,4,4,1,Envestida (frontal lateral),1,2,2,5,0,2,0,15.05,1,2,4,21,12
2738,2012,0,2012-08-25,C-31,GAVA,Baix Llobregat,3,0,1,0,1,0,0,0,0,1,0,0,0,100.0,0.0,0,2,No n'hi ha,-1.0,3,3,1,0,0,0,0,0,0,0,0,0,0,0,4,-1,1,Xoc contra objecte/obstacle sense sortida prèvia de via,-1,1,2,4,2,2,0,16.46,1,4,5,25,8
2739,2012,0,2012-02-10,BV-5001,MONTCADA I REIXAC,Valles Occidental,3,0,2,1,2,0,0,1,0,1,0,0,0,90.0,0.0,0,1,No n'hi ha,-1.0,3,3,1,-1,0,0,0,-1,0,0,0,0,-1,0,1,-1,1,Col·lisió frontal,-1,1,2,4,3,2,0,18.5,1,2,4,10,2
2740,2012,0,2012-11-23,N-II,BASCARA,Alt Emporda,1,0,1,1,2,0,0,0,0,1,1,0,0,100.0,0.0,0,2,No n'hi ha,-1.0,3,3,1,0,0,0,0,0,0,0,0,0,0,0,3,-1,1,Sortida de via amb xoc o col·lisió,-1,1,2,4,1,2,1,6.1,0,1,4,23,11
2741,2012,0,2012-02-21,C-35,GRANOLLERS,Valles Oriental,3,0,1,0,1,0,0,0,0,0,1,0,0,40.0,0.0,0,2,No n'hi ha,-1.0,3,3,1,0,0,0,0,0,0,0,0,0,0,0,4,-1,1,Resta sortides de via,-1,1,2,4,2,2,1,8.14,0,1,1,21,2
2742,2012,0,2012-09-09,B-124,SANT LLORENC SAVALL,Valles Occidental,3,0,2,0,1,0,0,0,1,0,0,0,0,100.0,0.0,0,0,No n'hi ha,-1.0,3,3,1,0,0,0,0,0,0,0,0,0,0,0,4,-1,1,Xoc contra objecte/obstacle sense sortida prèvia de via,-1,1,2,4,3,2,0,12.11,0,4,6,9,9
2743,2012,1,2012-10-20,SE,REUS,Baix Camp,0,0,1,0,2,1,1,0,0,0,0,0,0,100.0,0.0,0,-1,No n'hi ha,-1.0,3,3,1,0,0,0,0,0,0,0,0,0,0,0,4,-1,-1,Altres,-1,2,2,5,-1,2,0,12.15,0,5,5,20,10
2744,2012,1,2012-07-01,SE,MANRESA,Bages,3,0,1,0,1,0,0,1,0,0,0,0,0,100.0,0.0,0,2,No n'hi ha,-1.0,1,3,1,0,0,0,1,0,0,0,0,0,0,0,2,-1,1,Caiguda en la via,-1,2,0,5,0,2,0,18.08,1,0,6,1,7
2745,2012,1,2012-07-03,SE,SABADELL,Valles Occidental,3,0,1,0,2,0,0,0,1,1,0,0,0,100.0,0.0,0,-1,No n'hi ha,-1.0,3,3,1,0,0,0,0,0,0,0,0,0,0,0,4,-1,-1,Envestida (frontal lateral),-1,2,2,5,-1,2,1,19.49,1,2,1,3,7
2746,2012,1,2012-05-04,SE,MOLLERUSSA,Pla d'Urgell,2,0,1,0,2,1,0,0,0,1,0,0,0,100.0,0.0,0,2,No n'hi ha,-1.0,3,3,1,0,0,0,0,0,0,0,0,0,0,2,4,2,1,Atropellament,0,2,2,5,-1,2,0,17.0,1,3,4,4,5
2747,2012,1,2012-08-11,SE,MONT-ROIG DEL CAMP,Baix Camp,0,0,1,1,2,0,0,0,2,0,0,0,0,100.0,0.0,0,-1,No n'hi ha,-1.0,3,3,1,0,0,0,0,0,0,0,0,0,0,0,4,-1,-1,Envestida (frontal lateral),-1,2,2,5,-1,2,0,13.58,0,2,5,11,8
2748,2012,1,2012-03-26,SE,BARCELONA,Barcelones,3,0,1,0,2,0,0,0,1,1,0,0,0,100.0,0.0,0,-1,No n'hi ha,-1.0,3,3,1,0,0,0,0,0,0,0,0,0,0,1,4,2,1,Envestida (frontal lateral),2,2,2,5,-1,2,1,16.2,1,2,0,26,3
2749,2012,1,2012-02-09,SE,SALOU,Tarragones,0,0,1,1,2,0,0,1,0,1,0,0,0,100.0,0.0,0,2,No n'hi ha,-1.0,3,3,1,0,0,0,0,0,0,0,0,0,0,1,4,4,1,Fregament o col·lisió lateral,0,2,2,5,-1,2,1,13.5,0,2,3,9,2
2750,2012,0,2012-10-12,B-682,MALGRAT DE MAR,Maresme,3,0,1,3,1,0,0,0,0,1,0,0,0,90.0,0.0,0,2,No n'hi ha,-1.0,3,3,1,0,0,0,0,0,0,0,0,0,0,0,0,-1,0,Resta sortides de via,-1,1,2,4,3,2,1,6.4,0,1,4,12,10
2751,2012,1,2012-11-07,SE,BARCELONA,Barcelones,3,0,1,0,2,1,0,0,0,0,1,0,0,30.0,0.0,0,-1,No n'hi ha,-1.0,3,3,1,0,0,0,0,0,0,0,0,0,1,0,5,-1,1,Atropellament,-1,2,2,5,-1,2,1,16.19,1,3,2,7,11
2752,2012,1,2012-07-19,SE,TERRASSA,Valles Occidental,3,0,1,0,2,1,0,0,0,1,0,0,0,100.0,0.0,0,-1,No n'hi ha,-1.0,3,3,1,0,0,0,0,0,0,0,0,0,1,0,4,-1,-1,Atropellament,-1,2,2,5,-1,2,1,19.3,1,3,3,19,7
2753,2012,1,2012-10-08,SE,CORNELLA DE LLOBREGAT,Baix Llobregat,3,1,0,0,2,0,1,0,0,0,1,0,0,20.0,0.0,0,2,No n'hi ha,-1.0,3,3,0,-1,0,0,0,-1,0,0,0,0,-1,1,4,5,0,Envestida (frontal lateral),0,2,2,5,-1,2,1,13.3,0,2,0,8,10
2754,2012,1,2012-09-27,N-340,"ALDEA, L'",Baix Ebre,0,0,1,0,2,1,0,0,0,1,0,0,0,50.0,0.0,0,2,No n'hi ha,-1.0,3,1,1,0,0,0,0,0,0,0,0,0,1,0,4,-1,1,Atropellament,-1,0,2,4,1,2,1,10.5,0,3,3,27,9
2755,2012,1,2012-10-29,SE,TERRASSA,Valles Occidental,3,0,1,0,2,1,0,0,0,1,0,0,0,100.0,0.0,0,-1,No n'hi ha,-1.0,3,3,1,0,0,0,0,0,0,0,0,0,0,0,4,-1,-1,Atropellament,-1,2,2,5,-1,2,1,19.3,1,3,0,29,10
2756,2012,0,2012-04-13,C-16,"NOU DE BERGUEDA, LA",Bergueda,3,0,1,0,1,0,0,0,0,1,0,0,0,100.0,0.0,0,1,No n'hi ha,-1.0,3,3,1,0,0,0,0,0,0,0,0,0,0,0,4,-1,1,Xoc contra objecte/obstacle sense sortida prèvia de via,-1,1,2,4,2,2,1,13.07,0,4,4,13,4
2757,2012,1,2012-10-10,SE,VILANOVA DEL VALLES,Valles Oriental,3,0,1,0,2,1,0,0,0,1,0,0,0,30.0,0.0,0,2,No n'hi ha,-1.0,3,3,1,-1,0,0,0,-1,0,0,0,0,-1,0,1,-1,1,Atropellament,-1,2,2,5,-1,2,1,18.31,1,3,2,10,10
2758,2012,0,2012-06-18,L-313,CABANABONA,Noguera,2,0,1,0,2,0,0,0,0,2,0,0,0,90.0,0.0,0,-1,Sense Especificar,-1.0,3,3,1,0,0,0,0,0,0,0,0,0,0,0,4,-1,-1,Fregament o col·lisió lateral,-1,1,2,4,4,2,1,9.29,0,2,0,18,6
2759,2012,0,2012-01-02,C-245,CORNELLA DE LLOBREGAT,Baix Llobregat,3,0,1,0,2,0,0,1,0,1,0,0,0,80.0,0.0,0,2,No n'hi ha,-1.0,3,3,1,0,0,0,0,0,1,0,0,0,0,0,4,-1,1,Envestida (frontal lateral),-1,1,2,4,2,2,1,17.0,1,2,0,2,1
2760,2012,1,2012-03-17,SE,BARCELONA,Barcelones,3,0,1,0,2,0,0,1,0,1,0,0,0,100.0,0.0,0,-1,No n'hi ha,-1.0,3,3,1,0,0,0,0,0,0,0,0,0,0,1,5,3,0,Envestida (frontal lateral),1,2,2,5,-1,2,0,3.25,2,2,5,17,3
2761,2012,0,2012-09-01,BV-5122,TORDERA,Maresme,3,1,0,1,2,0,0,0,1,1,0,0,0,100.0,0.0,0,0,No n'hi ha,-1.0,3,3,0,0,0,0,0,0,0,0,0,0,0,0,4,-1,1,Caiguda en la via,-1,1,2,4,2,2,0,15.03,1,0,5,1,9
2762,2012,0,2012-07-13,N-IIa,CERVERA,Segarra,2,0,1,4,2,0,0,0,0,2,0,0,0,90.0,0.0,0,-1,Sense Especificar,-1.0,3,3,1,0,0,0,0,0,0,0,0,0,0,0,4,-1,-1,Encalç,-1,1,2,4,4,2,0,19.17,1,2,4,13,7
2763,2012,1,2012-03-26,SE,BARCELONA,Barcelones,3,0,2,0,3,0,0,0,2,1,0,0,0,100.0,0.0,0,-1,No n'hi ha,-1.0,3,3,1,0,0,1,0,0,0,0,0,0,0,0,4,-1,0,Fregament o col·lisió lateral,-1,2,2,5,-1,2,1,11.3,0,2,0,26,3
2764,2012,0,2012-12-30,N-IIa,FIGUERES,Alt Emporda,1,0,1,4,2,0,0,0,0,2,0,0,0,100.0,0.0,0,2,No n'hi ha,-1.0,3,3,1,0,0,0,0,0,0,0,0,0,0,0,5,-1,1,Envestida (frontal lateral),-1,1,2,4,1,2,0,22.37,2,2,6,30,12
2765,2012,0,2012-05-06,BV-1432,LLICA D'AMUNT,Valles Oriental,3,0,1,0,1,0,0,0,0,1,0,0,0,100.0,0.0,0,3,No n'hi ha,-1.0,3,3,1,0,0,0,0,0,0,0,0,0,0,0,4,-1,1,Resta sortides de via,-1,1,2,4,3,2,0,7.5,0,1,6,6,5
2766,2012,1,2012-12-07,SE,BARCELONA,Barcelones,3,0,1,0,2,0,0,1,0,1,0,0,0,100.0,0.0,0,-1,No n'hi ha,-1.0,3,3,1,0,0,0,0,0,0,0,0,0,0,1,5,3,0,Fregament o col·lisió lateral,2,2,2,5,-1,2,0,20.15,1,2,4,7,12
2767,2012,0,2012-06-06,TP-2442,"MONTMELL, EL",Baix Penedes,0,0,1,0,1,0,1,0,0,0,0,0,0,100.0,0.0,0,3,No n'hi ha,-1.0,3,3,1,0,0,0,0,0,0,0,0,0,0,0,4,-1,1,Resta sortides de via,-1,1,2,4,3,2,1,12.08,0,1,2,6,6
2768,2012,1,2012-02-13,SE,OLESA DE MONTSERRAT,Baix Llobregat,3,0,1,0,2,0,0,1,0,1,0,0,0,50.0,0.0,0,2,No n'hi ha,-1.0,3,3,1,0,0,0,0,0,0,0,0,0,0,1,5,4,1,Col·lisió frontal,1,2,2,5,0,2,1,21.0,1,2,0,13,2
2769,2012,0,2012-11-18,C-65,LLAGOSTERA,Girones,1,1,1,0,4,0,0,0,1,3,0,0,0,100.0,0.0,0,2,No n'hi ha,-1.0,1,3,0,0,0,0,0,0,0,0,0,0,0,0,1,-1,1,Col·lisió frontal,-1,1,2,4,2,2,0,18.09,1,2,6,18,11
2770,2012,1,2012-07-18,SE,MATARO,Maresme,3,0,1,0,1,0,0,0,1,0,0,0,0,20.0,0.0,0,2,No n'hi ha,-1.0,3,3,1,0,0,0,0,0,0,0,0,0,0,0,4,-1,1,Caiguda en la via,-1,2,2,5,-1,2,1,15.23,1,0,2,18,7
2771,2012,1,2012-03-02,SE,REUS,Baix Camp,0,0,1,0,5,0,0,0,0,5,0,0,0,100.0,0.0,0,-1,No n'hi ha,-1.0,3,3,1,0,0,0,0,0,0,0,0,0,0,0,4,-1,-1,Envestida (frontal lateral),-1,2,2,5,-1,2,1,8.15,0,2,4,2,3
2772,2012,0,2012-02-02,C-13,VILANOVA DE LA BARCA,Segria,2,1,0,1,3,0,0,0,0,1,2,0,0,100.0,0.0,0,2,No n'hi ha,-1.0,3,3,0,0,0,0,0,0,0,0,0,0,0,1,1,5,1,Encalç,1,1,2,4,2,1,1,7.49,0,2,3,2,2
2773,2012,0,2012-02-29,C-153,"MASIES DE RODA, LES",Osona,3,0,1,0,1,0,1,0,0,0,0,0,0,100.0,0.0,0,3,No n'hi ha,-1.0,3,3,1,0,0,0,0,0,0,0,0,0,0,0,3,-1,1,Resta sortides de via,-1,1,2,4,2,2,1,21.25,1,1,2,29,2
2774,2012,1,2012-01-15,SE,CERDANYOLA DEL VALLES,Valles Occidental,3,0,1,0,2,0,0,0,1,1,0,0,0,100.0,0.0,0,2,No n'hi ha,-1.0,3,3,1,0,0,0,0,0,0,0,0,0,0,1,4,5,1,Altres,1,2,2,5,0,2,0,13.2,0,5,6,15,1
2775,2012,1,2012-07-01,SE,BARCELONA,Barcelones,3,0,1,0,2,0,1,0,0,1,0,0,0,100.0,0.0,0,-1,No n'hi ha,-1.0,3,3,1,0,0,0,0,0,0,0,0,0,0,1,4,3,0,Envestida (frontal lateral),2,2,2,5,-1,2,0,10.03,0,2,6,1,7
2776,2012,0,2012-04-07,N-340,RODA DE BARA,Tarragones,0,0,1,1,3,0,2,0,0,1,0,0,0,100.0,0.0,0,2,No n'hi ha,-1.0,3,3,1,0,0,0,0,0,0,0,0,0,0,1,4,5,1,Caiguda en la via,3,1,2,4,1,2,0,12.2,0,0,5,7,4
2777,2012,0,2012-02-06,CR,"TORRE DE CABDELLA, LA",Pallars Jussa,2,0,2,0,1,0,0,0,0,1,0,0,0,100.0,0.0,0,0,No n'hi ha,-1.0,3,3,1,0,0,0,0,0,0,0,0,0,0,0,4,-1,1,Resta sortides de via,-1,1,0,3,4,0,1,15.0,1,1,0,6,2
2778,2012,0,2012-02-20,A-2,CASTELLOLI,Anoia,3,0,1,2,1,0,0,0,0,1,0,0,0,90.0,0.0,0,-1,Sense Especificar,-1.0,3,3,1,0,0,0,0,0,0,0,0,0,0,0,4,-1,-1,Resta sortides de via,-1,1,2,4,4,2,1,18.49,1,1,0,20,2
2779,2012,1,2012-12-21,SE,BANYOLES,Pla de l'Estany,1,0,1,0,2,1,0,0,0,1,0,0,0,100.0,0.0,0,2,No n'hi ha,-1.0,3,3,1,0,0,0,0,0,0,0,0,0,0,0,5,-1,0,Atropellament,-1,2,2,5,-1,2,0,18.22,1,3,4,21,12
2780,2012,0,2012-09-09,N-230,ALGUAIRE,Segria,2,0,1,3,2,0,0,0,0,2,0,0,0,100.0,0.0,0,1,No n'hi ha,-1.0,3,3,1,0,0,0,0,0,0,0,0,0,0,1,4,4,1,Envestida (frontal lateral),0,1,2,4,1,2,0,9.11,0,2,6,9,9
2781,2012,0,2012-03-02,N-II,QUART,Girones,1,0,1,1,3,0,0,0,0,2,1,0,0,100.0,0.0,0,2,No n'hi ha,-1.0,3,2,1,0,0,0,0,0,0,0,0,0,0,0,3,-1,1,Envestida (frontal lateral),-1,1,2,4,1,2,0,23.5,2,2,4,2,3
2782,2012,0,2012-01-12,A-2,JORBA,Anoia,3,0,1,0,2,1,0,0,0,1,0,0,0,100.0,0.0,0,3,No n'hi ha,1.0,3,3,1,0,0,0,0,0,0,0,0,0,0,0,5,-1,0,Atropellament,-1,1,2,4,1,2,1,18.37,1,3,3,12,1
2783,2012,1,2012-03-10,SE,BADALONA,Barcelones,3,0,1,0,2,1,0,0,0,1,0,0,0,20.0,0.0,0,-1,No n'hi ha,-1.0,3,3,1,-1,0,0,0,-1,0,0,0,0,-1,0,1,-1,0,Atropellament,-1,2,2,5,-1,2,0,20.52,1,3,5,10,3
2784,2012,0,2012-10-26,C-17,"LLAGOSTA, LA",Valles Oriental,3,0,1,0,2,0,0,0,1,1,0,0,0,40.0,0.0,0,2,Carril acceleració,-1.0,3,3,1,0,0,0,0,0,0,0,0,0,0,2,4,4,0,Encalç,3,1,2,4,2,2,1,14.5,1,2,4,26,10
2785,2012,0,2012-01-16,C-14,OLIANA,Alt Urgell,2,0,1,2,2,0,0,0,0,2,0,0,0,100.0,0.0,0,3,No n'hi ha,-1.0,3,3,1,0,0,0,0,0,0,0,0,0,0,0,4,-1,1,Envestida (frontal lateral),-1,1,2,4,2,2,1,9.3,0,2,0,16,1
2786,2012,1,2012-09-15,SE,LLEIDA,Segria,2,0,1,0,2,0,0,0,1,1,0,0,0,100.0,0.0,0,2,No n'hi ha,-1.0,3,3,1,0,0,0,0,0,0,0,0,0,0,1,4,2,1,Envestida (frontal lateral),1,2,2,5,-1,2,0,14.53,1,2,5,15,9
2787,2012,0,2012-03-10,GI-674,LLAGOSTERA,Girones,1,1,0,0,2,0,0,0,1,1,0,0,0,100.0,0.0,0,1,No n'hi ha,-1.0,3,3,0,0,0,0,0,0,1,0,0,0,1,1,4,5,1,Caiguda en la via,2,1,2,4,2,2,0,10.2,0,0,5,10,3
2788,2012,1,2012-08-10,SE,BARCELONA,Barcelones,3,0,1,0,2,0,0,0,1,1,0,0,0,100.0,0.0,0,-1,No n'hi ha,-1.0,3,3,1,0,0,0,0,0,0,0,0,0,0,1,4,3,1,Envestida (frontal lateral),2,2,2,5,-1,2,0,16.3,1,2,4,10,8
2789,2012,0,2012-10-10,N-260,RIPOLL,Ripolles,1,1,1,0,2,0,0,0,0,2,0,0,0,60.0,0.0,0,1,No n'hi ha,-1.0,3,3,0,0,0,0,0,0,0,0,0,0,0,1,4,4,1,Fregament o col·lisió lateral,1,1,2,4,1,2,1,17.5,1,2,2,10,10
2790,2012,1,2012-03-09,SE,GRANOLLERS,Valles Oriental,3,0,1,0,2,1,0,0,0,0,1,0,0,100.0,0.0,0,2,No n'hi ha,-1.0,3,3,1,0,0,0,0,0,0,0,0,0,0,0,4,-1,0,Atropellament,-1,2,2,5,-1,2,1,8.3,0,3,4,9,3
2791,2012,0,2012-05-19,N-II,VILAMALLA,Alt Emporda,1,0,1,1,2,0,0,0,0,1,1,0,0,80.0,0.0,0,3,No n'hi ha,-1.0,3,2,1,0,0,0,0,0,0,0,0,0,0,0,2,-1,1,Fregament o col·lisió lateral,-1,1,2,4,1,2,0,13.44,0,2,5,19,5
2792,2012,0,2012-08-10,C-25,SANT BARTOMEU DEL GR,Osona,3,0,3,1,3,0,0,0,0,2,1,0,0,60.0,0.0,0,1,No n'hi ha,0.0,3,3,1,0,0,0,0,0,0,0,0,0,0,0,4,-1,0,Col·lisió frontal,-1,1,2,4,2,2,1,13.27,0,2,4,10,8
2793,2012,1,2012-04-20,SE,CASTELLDEFELS,Baix Llobregat,3,0,1,0,1,0,0,0,1,0,0,0,0,100.0,0.0,0,1,No n'hi ha,-1.0,3,3,1,0,0,0,0,0,0,0,0,0,0,0,4,-1,1,Xoc contra objecte/obstacle sense sortida prèvia de via,-1,2,2,5,-1,2,0,18.2,1,4,4,20,4
2794,2012,1,2012-11-06,SE,CARDEDEU,Valles Oriental,3,0,1,1,3,2,0,0,0,1,0,0,0,30.0,0.0,0,-1,No n'hi ha,-1.0,3,3,1,-1,0,0,0,-1,0,0,0,0,-1,1,4,2,0,Atropellament,2,2,2,5,-1,2,1,15.05,1,3,1,6,11
2795,2012,1,2012-02-18,SE,SANT QUIRZE DEL VALLES,Valles Occidental,3,0,1,1,2,0,0,0,0,2,0,0,0,30.0,0.0,0,2,No n'hi ha,-1.0,3,3,1,0,0,0,0,0,0,0,0,0,0,0,4,-1,1,Envestida (frontal lateral),-1,2,2,5,-1,2,0,10.55,0,2,5,18,2
2796,2012,0,2012-05-26,GI-681,TOSSA DE MAR,Selva,1,0,1,0,2,0,0,0,1,1,0,0,0,100.0,0.0,0,1,No n'hi ha,-1.0,3,3,1,0,0,0,0,0,0,0,0,0,0,0,4,-1,1,Fregament o col·lisió lateral,-1,1,2,4,3,2,0,11.32,0,2,5,26,5
2797,2012,1,2012-01-21,SE,LLICA D'AMUNT,Valles Oriental,3,0,1,0,1,0,0,1,0,0,0,0,0,100.0,0.0,0,2,No n'hi ha,-1.0,3,3,1,0,0,0,0,0,0,0,0,0,0,0,4,-1,0,Xoc contra objecte/obstacle sense sortida prèvia de via,-1,2,2,5,-1,2,0,14.2,1,4,5,21,1
2798,2012,1,2012-02-01,SE,GAVA,Baix Llobregat,3,0,1,0,2,1,0,0,0,1,0,0,0,20.0,0.0,0,-1,No n'hi ha,-1.0,3,3,1,0,0,0,0,0,0,0,0,0,1,1,4,2,1,Atropellament,2,2,2,5,-1,2,1,18.5,1,3,2,1,2
2799,2012,0,2012-01-13,BP-1101,"BRUC, EL",Anoia,3,1,0,1,1,0,0,0,0,1,0,0,0,100.0,0.0,1,1,No n'hi ha,-1.0,3,3,0,0,0,0,0,0,0,0,0,0,0,0,2,-1,1,Resta sortides de via,-1,1,2,4,3,2,1,8.0,0,1,4,13,1