,Year,Area,Date,Road,Municipality Name,County Name,Province Name,Fatalties,Serious Injuries,Light Injuries,Units Involved,Pedestrains Involved,Bicycles Involved,Mopeds Involved,Motorcycles,Light Vehicles Involved,Heavy Vehicles Involved,Other Units Involved,Unspecified Units Involved,Road Speed Limit,Accident with Hit and Run,Fog Presence,Surrounding Environment,Special Lane Presence,Special Traffic Measures,Weather Conditions,Special Road Functions,Severity of Accident,Influence of Fog,Influence of Environment,Influence of Traffic,Influence of Weather,Influence of Wind Intensity,Influence of Lighting,Influence of Special Measures,Influence of Road Objects,Influence of Road Surface,Influence of Visibility,Intersection Characteristics,Lighting Conditions,Traffic Regulation and Priority,Direction of Road,Subtype of Accident,Subtype of Road Section,Subzone within Area,Road Surface Conditions,Type of Road,Road Ownership,Wind Conditions,Day of the Week Grouping,Hour of Day,Time of Day Grouping,Type of Accident,Day Type,Day,Month
2800,2012,1,2012-08-13,SE,BARCELONA,Barcelones,3,0,1,1,2,1,0,0,1,0,0,0,0,100.0,0.0,0,-1,No n'hi ha,-1.0,3,3,1,0,0,0,0,0,0,0,0,0,0,0,4,-1,0,Caiguda en la via,-1,2,2,5,-1,2,1,20.25,1,0,0,13,8
2801,2012,1,2012-09-19,SE,GIRONA,Girones,1,0,1,0,2,1,0,0,0,1,0,0,0,100.0,0.0,0,2,No n'hi ha,-1.0,3,3,1,0,0,0,0,0,0,0,0,0,0,2,4,-1,1,Atropellament,1,2,2,5,-1,2,1,14.39,1,3,2,19,9
2802,2012,0,2012-08-20,N-240,VALLMOLL,Alt Camp,0,0,1,1,2,0,0,0,0,2,0,0,0,100.0,0.0,0,1,Carril d'alentiment,-1.0,3,3,1,0,0,0,0,0,0,0,0,0,1,1,3,4,1,Encalç,3,1,2,4,1,2,1,21.46,1,2,0,20,8
2803,2012,0,2012-10-02,BP-1432,"AMETLLA DEL VALLES,",Valles Oriental,3,0,1,1,2,0,0,1,0,0,1,0,0,100.0,0.0,0,0,No n'hi ha,-1.0,3,3,1,0,0,0,0,0,0,0,0,0,0,0,4,-1,1,Caiguda en la via,-1,1,2,4,3,2,1,15.0,1,0,1,2,10
2804,2012,0,2012-08-20,A-2,SANT FELIU DE LLOBREGAT,Baix Llobregat,3,0,1,1,3,0,0,0,0,2,1,0,0,80.0,0.0,0,3,No n'hi ha,-1.0,3,3,1,0,0,0,0,0,0,0,0,0,0,0,4,-1,1,Fregament o col·lisió lateral,-1,1,2,4,1,2,1,12.0,0,2,0,20,8
2805,2012,1,2012-08-02,SE,SABADELL,Valles Occidental,3,0,1,0,2,0,0,0,1,1,0,0,0,100.0,0.0,0,-1,No n'hi ha,-1.0,3,3,1,0,0,0,0,0,0,0,0,0,0,0,4,-1,-1,Envestida (frontal lateral),-1,2,2,5,-1,2,1,9.35,0,2,3,2,8
2806,2012,0,2012-02-02,C-16,SANT CUGAT DEL VALLES,Valles Occidental,3,0,1,0,1,0,0,0,1,0,0,0,0,90.0,0.0,1,2,No n'hi ha,-1.0,0,3,1,1,0,0,1,0,0,1,0,0,0,0,2,-1,0,Caiguda en la via,-1,1,0,4,2,2,1,10.3,0,0,3,2,2
2807,2012,0,2012-08-11,C-31,VILAMALLA,Alt Emporda,1,0,3,5,4,0,0,0,0,4,0,0,0,100.0,0.0,0,2,No n'hi ha,-1.0,3,3,1,0,0,0,0,0,0,0,0,0,0,0,4,-1,1,Fregament o col·lisió lateral,-1,1,2,4,2,2,0,14.38,1,2,5,11,8
2808,2012,1,2012-03-01,SE,GAVA,Baix Llobregat,3,0,1,0,2,1,0,0,1,0,0,0,0,20.0,0.0,0,-1,No n'hi ha,-1.0,3,3,1,0,0,0,0,0,0,0,0,0,0,1,4,2,1,Atropellament,2,2,2,5,-1,2,1,19.05,1,3,3,1,3
2809,2012,0,2012-09-23,C-55,MONISTROL DE MONTSER,Bages,3,0,2,1,2,0,0,0,0,2,0,0,0,100.0,0.0,0,1,No n'hi ha,-1.0,3,3,1,0,0,0,0,0,0,0,0,0,0,0,1,-1,1,Sortida de via amb xoc o col·lisió,-1,1,2,4,2,2,0,8.06,0,1,6,23,9
2810,2012,0,2012-12-30,AP-7,CONSTANTI,Tarragones,0,0,1,0,2,0,0,0,0,2,0,0,0,100.0,0.0,0,3,No n'hi ha,-1.0,3,3,1,0,0,0,0,0,0,0,1,0,0,0,3,-1,1,Sortida de via amb xoc o col·lisió,-1,1,2,4,1,2,0,21.55,1,1,6,30,12
2811,2012,1,2012-02-06,SE,TARRAGONA,Tarragones,0,0,1,1,4,3,0,0,0,1,0,0,0,100.0,0.0,0,2,No n'hi ha,-1.0,3,3,1,0,1,0,0,0,0,0,0,0,0,0,4,-1,1,Atropellament,-1,2,2,5,-1,2,1,12.07,0,3,0,6,2
2812,2012,0,2012-10-27,C-55,CARDONA,Bages,3,0,1,3,2,0,0,0,0,2,0,0,0,80.0,0.0,0,1,No n'hi ha,-1.0,3,3,1,0,0,0,0,0,0,0,0,0,0,0,4,-1,1,Fregament o col·lisió lateral,-1,1,2,4,2,2,0,17.43,1,2,5,27,10
2813,2012,0,2012-02-06,A-2,SANT JOAN DESPI,Baix Llobregat,3,0,1,1,4,0,0,0,0,4,0,0,0,100.0,0.0,0,2,No n'hi ha,-1.0,3,3,1,0,0,0,0,0,0,0,0,0,0,0,1,-1,1,Encalç,-1,1,2,4,1,2,1,18.35,1,2,0,6,2
2814,2012,1,2012-03-30,SE,SANT GREGORI,Girones,1,1,0,0,2,1,0,0,0,0,1,0,0,100.0,0.0,0,1,No n'hi ha,-1.0,3,3,0,0,1,0,0,0,0,0,0,0,0,0,4,-1,1,Atropellament,-1,2,2,5,-1,2,1,9.58,0,3,4,30,3
2815,2012,1,2012-04-26,SE,BADALONA,Barcelones,3,0,1,0,2,0,0,0,1,1,0,0,0,20.0,0.0,0,-1,No n'hi ha,-1.0,3,3,1,-1,0,0,0,-1,0,0,0,0,-1,1,4,4,1,Fregament o col·lisió lateral,2,2,2,5,-1,2,1,10.09,0,2,3,26,4
2816,2012,1,2012-05-31,SE,LLEIDA,Segria,2,0,1,0,1,0,0,0,0,1,0,0,0,20.0,0.0,0,-1,No n'hi ha,-1.0,3,3,1,0,0,0,0,0,0,0,0,0,0,1,4,3,-1,Xoc contra objecte/obstacle sense sortida prèvia de via,1,2,2,5,-1,2,1,12.14,0,4,3,31,5
2817,2012,0,2012-03-26,C-31,SANT PERE DE RIBES,Garraf,3,0,1,0,4,0,0,0,0,4,0,0,0,100.0,0.0,0,1,No n'hi ha,-1.0,3,3,1,0,0,0,0,0,0,0,0,0,0,0,4,-1,1,Fregament o col·lisió lateral,-1,1,1,4,2,2,1,18.2,1,2,0,26,3
2818,2012,1,2012-03-31,SE,BARCELONA,Barcelones,3,0,1,0,2,1,0,0,0,1,0,0,0,30.0,0.0,0,-1,No n'hi ha,-1.0,3,3,1,0,0,0,0,0,0,0,0,0,1,0,4,-1,0,Atropellament,-1,2,2,5,-1,2,0,16.5,1,3,5,31,3
2819,2012,0,2012-07-01,BV-5108,CANOVES I SAMALUS,Valles Oriental,3,0,1,0,1,0,0,0,1,0,0,0,0,100.0,0.0,0,2,No n'hi ha,-1.0,3,3,1,0,0,0,0,0,0,0,0,0,0,0,3,-1,1,Xoc contra objecte/obstacle sense sortida prèvia de via,-1,1,2,4,3,2,0,1.1,2,4,6,1,7
2820,2012,1,2012-12-26,SE,BARCELONA,Barcelones,3,0,1,0,2,0,0,0,1,1,0,0,0,100.0,0.0,0,-1,No n'hi ha,-1.0,3,3,1,0,0,0,0,0,0,0,0,0,0,1,4,3,0,Envestida (frontal lateral),2,2,2,5,-1,2,1,8.1,0,2,2,26,12
2821,2012,1,2012-12-17,SE,LLEIDA,Segria,2,0,1,0,2,0,0,0,1,1,0,0,0,20.0,0.0,0,2,No n'hi ha,-1.0,3,3,1,-1,0,0,0,-1,0,0,0,0,-1,0,4,-1,1,Fregament o col·lisió lateral,-1,2,2,5,-1,2,1,8.5,0,2,0,17,12
2822,2012,0,2012-07-25,N-230,VIELHA E MIJARAN,Val d'Aran,2,0,2,1,2,0,0,0,0,2,0,0,0,100.0,0.0,0,1,No n'hi ha,-1.0,3,3,1,0,0,0,0,0,0,0,0,0,0,0,4,-1,1,Col·lisió frontal,-1,1,2,4,1,2,1,16.3,1,2,2,25,7
2823,2012,0,2012-01-10,N-IIa,MARTORELL,Baix Llobregat,3,0,1,0,2,1,0,0,0,1,0,0,0,60.0,0.0,0,0,No n'hi ha,-1.0,3,3,1,0,1,0,0,0,0,0,0,0,0,0,5,-1,0,Atropellament,-1,1,2,4,1,2,1,18.29,1,3,1,10,1
2824,2012,1,2012-02-06,SE,HOSPITALET DE LLOBREGAT,Barcelones,3,0,1,0,2,1,0,0,1,0,0,0,0,20.0,0.0,0,-1,No n'hi ha,-1.0,3,3,1,0,0,0,0,0,0,0,0,0,0,1,1,3,-1,Caiguda en la via,1,2,2,5,-1,2,1,16.45,1,0,0,6,2
2825,2012,0,2012-10-27,BV-2041,GAVA,Baix Llobregat,3,0,1,1,2,0,0,0,0,1,1,0,0,100.0,0.0,0,1,No n'hi ha,-1.0,3,3,1,0,0,0,0,0,0,0,0,0,0,0,2,-1,1,Col·lisió frontal,-1,1,2,4,2,2,0,9.1,0,2,5,27,10
2826,2012,0,2012-01-22,C-55,CARDONA,Bages,3,2,0,1,3,0,0,0,0,3,0,0,0,100.0,0.0,0,-1,No n'hi ha,-1.0,3,3,0,0,0,0,0,0,0,0,0,0,0,0,4,-1,-1,Col·lisió frontal,-1,1,2,4,-1,2,0,0.25,2,2,6,22,1
2827,2012,1,2012-01-21,SE,BARCELONA,Barcelones,3,0,1,0,2,0,0,1,0,1,0,0,0,100.0,0.0,0,-1,No n'hi ha,-1.0,3,3,1,0,0,0,0,0,0,0,0,0,0,1,5,4,0,Envestida (frontal lateral),2,2,2,5,-1,2,0,23.43,2,2,5,21,1
2828,2012,1,2012-05-04,SE,PALAMOS,Baix Emporda,1,0,1,0,2,1,0,1,0,0,0,0,0,20.0,0.0,0,2,No n'hi ha,-1.0,3,1,1,-1,0,0,0,-1,0,0,0,0,0,0,5,-1,1,Atropellament,-1,0,2,5,-1,2,0,21.44,1,3,4,4,5
2829,2012,0,2012-10-16,C-58,RIPOLLET,Valles Occidental,3,0,1,2,5,0,0,0,1,4,0,0,0,100.0,0.0,0,2,No n'hi ha,-1.0,3,3,1,0,0,0,0,0,0,0,0,0,0,0,4,-1,1,Encalç,-1,1,2,4,2,2,1,15.4,1,2,1,16,10
2830,2012,1,2012-06-17,SE,BARCELONA,Barcelones,3,0,1,0,2,0,0,0,1,1,0,0,0,100.0,0.0,0,-1,Carril reversible,-1.0,3,3,1,0,0,0,0,0,0,0,0,0,0,1,5,3,1,Envestida (frontal lateral),2,2,2,5,-1,2,0,3.55,2,2,6,17,6
2831,2012,0,2012-04-15,B-24,CERVELLO,Baix Llobregat,3,0,1,0,1,0,0,0,0,1,0,0,0,80.0,0.0,0,0,No n'hi ha,-1.0,1,3,1,0,0,0,0,0,0,0,0,0,0,0,3,-1,1,Xoc contra objecte/obstacle sense sortida prèvia de via,-1,1,2,4,1,2,0,20.33,1,4,6,15,4
2832,2012,1,2012-11-21,SE,VILASSAR DE MAR,Maresme,3,0,1,0,2,1,0,0,0,1,0,0,0,100.0,0.0,0,2,No n'hi ha,-1.0,3,3,1,0,0,0,0,0,0,0,0,0,0,0,5,-1,1,Atropellament,-1,2,2,5,3,2,1,19.4,1,3,2,21,11
2833,2012,1,2012-03-06,SE,BARCELONA,Barcelones,3,0,1,0,2,1,0,0,0,1,0,0,0,100.0,0.0,0,-1,No n'hi ha,-1.0,3,3,1,0,0,0,0,0,0,0,0,0,0,1,5,3,1,Atropellament,2,2,2,5,-1,2,1,19.35,1,3,1,6,3
2834,2012,1,2012-04-10,SE,TARRAGONA,Tarragones,0,0,1,0,4,0,0,0,0,4,0,0,0,100.0,0.0,0,2,No n'hi ha,-1.0,3,3,1,0,0,0,0,0,0,0,0,0,0,1,5,4,0,Envestida (frontal lateral),2,2,2,5,0,2,1,20.45,1,2,1,10,4
2835,2012,1,2012-05-09,SE,LLEIDA,Segria,2,0,1,0,2,1,0,0,0,1,0,0,0,100.0,0.0,0,2,No n'hi ha,-1.0,3,3,1,0,0,0,0,0,0,0,0,0,0,1,4,2,0,Atropellament,0,2,2,5,4,2,1,7.53,0,3,2,9,5
2836,2012,1,2012-02-14,SE,SABADELL,Valles Occidental,3,0,1,0,2,1,0,0,0,1,0,0,0,100.0,0.0,0,-1,No n'hi ha,-1.0,3,3,1,0,0,0,0,0,0,0,0,0,0,0,4,-1,-1,Atropellament,-1,2,2,5,-1,2,1,20.4,1,3,1,14,2
2837,2012,1,2012-01-26,SE,BARCELONA,Barcelones,3,1,0,0,3,0,0,0,1,2,0,0,0,100.0,0.0,0,-1,No n'hi ha,-1.0,3,3,0,0,0,0,0,0,0,0,0,0,0,1,4,3,1,Caiguda en la via,2,2,2,5,-1,2,1,10.45,0,0,3,26,1
2838,2012,0,2012-10-06,N-340,SANT CARLES DE LA RAPITA,Montsia,0,0,1,0,2,0,0,0,0,2,0,0,0,100.0,0.0,0,1,No n'hi ha,-1.0,3,3,1,0,0,0,0,0,0,0,0,0,0,1,4,4,1,Fregament o col·lisió lateral,2,1,2,4,1,2,0,10.25,0,2,5,6,10
2839,2012,1,2012-12-15,SE,BADALONA,Barcelones,3,1,0,1,2,1,0,0,1,0,0,0,0,20.0,0.0,0,-1,No n'hi ha,-1.0,3,3,0,-1,0,0,0,-1,0,0,0,0,-1,0,5,-1,1,Atropellament,-1,2,2,5,-1,2,0,18.52,1,3,5,15,12
2840,2012,0,2012-05-04,C-59,SANTA PERPETUA DE MO,Valles Occidental,3,1,0,0,2,1,0,0,0,1,0,0,0,80.0,0.0,0,2,No n'hi ha,-1.0,3,3,0,0,0,0,0,0,0,0,0,0,0,0,3,-1,1,Atropellament,-1,1,2,4,2,2,0,22.3,2,3,4,4,5
2841,2012,1,2012-02-12,SE,BARCELONA,Barcelones,3,0,1,3,2,0,0,0,1,1,0,0,0,100.0,0.0,0,-1,No n'hi ha,-1.0,3,3,1,0,0,0,0,0,0,0,0,0,0,1,5,3,1,Envestida (frontal lateral),2,2,2,5,-1,2,0,5.45,2,2,6,12,2
2842,2012,0,2012-07-16,N-II,MACANET DE LA SELVA,Selva,1,1,0,4,4,0,0,0,0,2,2,0,0,100.0,0.0,0,3,No n'hi ha,-1.0,3,3,0,0,0,0,0,0,0,0,0,0,0,0,4,-1,1,Envestida (frontal lateral),-1,1,2,4,1,2,1,11.28,0,2,0,16,7
2843,2012,1,2012-07-30,SE,ROSES,Alt Emporda,1,0,1,0,2,0,0,1,0,1,0,0,0,100.0,0.0,0,-1,No n'hi ha,-1.0,3,3,1,0,0,0,0,0,0,0,0,0,0,0,4,-1,1,Envestida (frontal lateral),-1,2,2,5,-1,2,1,9.45,0,2,0,30,7
2844,2012,1,2012-04-05,N-340,SANT JUST DESVERN,Baix Llobregat,3,0,1,0,2,0,0,1,0,1,0,0,0,100.0,0.0,0,2,No n'hi ha,-1.0,3,1,1,0,0,0,1,0,0,0,0,0,0,2,2,-1,1,Caiguda en la via,-1,0,2,4,1,2,1,15.0,1,0,3,5,4
2845,2012,1,2012-02-21,SE,CORNELLA DE LLOBREGAT,Baix Llobregat,3,1,0,0,2,1,0,0,0,1,0,0,0,20.0,0.0,0,-1,No n'hi ha,-1.0,3,3,0,0,0,0,0,0,0,0,0,0,0,1,4,2,-1,Atropellament,1,2,2,5,-1,2,1,8.49,0,3,1,21,2
2846,2012,0,2012-10-13,C-45,MAIALS,Segria,2,0,1,1,3,0,3,0,0,0,0,0,0,100.0,0.0,0,2,No n'hi ha,-1.0,3,3,1,0,0,0,0,0,0,0,0,1,0,0,4,-1,1,Caiguda en la via,-1,1,2,3,2,2,0,9.55,0,0,5,13,10
2847,2012,1,2012-11-02,SE,BARCELONA,Barcelones,3,1,0,1,1,0,0,0,1,0,0,0,0,80.0,0.0,0,-1,No n'hi ha,-1.0,3,3,0,0,0,0,0,0,0,0,0,0,0,0,4,-1,0,Caiguda en la via,-1,2,2,5,-1,2,1,12.0,0,0,4,2,11
2848,2012,0,2012-06-15,AP-7,CREIXELL,Tarragones,0,0,1,0,1,0,0,0,0,1,0,0,0,90.0,0.0,0,-1,Sense Especificar,-1.0,3,3,1,0,0,0,0,0,0,0,0,0,0,0,4,-1,-1,Resta sortides de via,-1,1,2,4,4,2,1,11.43,0,1,4,15,6
2849,2012,0,2012-09-14,C-58,VILADECAVALLS,Valles Occidental,3,0,3,0,2,0,0,0,0,2,0,0,0,100.0,0.0,0,1,No n'hi ha,-1.0,3,3,1,0,0,0,0,0,0,0,0,0,0,0,1,-1,1,Col·lisió frontal,-1,1,2,4,2,2,1,7.11,0,2,4,14,9
2850,2012,0,2012-05-22,B-30,CERDANYOLA DEL VALLES,Valles Occidental,3,0,1,0,1,0,0,0,1,0,0,0,0,60.0,0.0,0,1,No n'hi ha,-1.0,3,3,1,0,0,0,0,0,0,0,0,0,0,0,4,-1,1,Caiguda en la via,-1,1,2,4,1,2,1,18.18,1,0,1,22,5
2851,2012,1,2012-05-23,SE,GIRONA,Girones,1,0,1,0,2,0,0,0,1,1,0,0,0,100.0,0.0,0,2,No n'hi ha,-1.0,3,3,1,0,0,0,0,0,0,0,0,0,0,1,4,4,1,Encalç,0,2,2,5,0,2,1,17.19,1,2,2,23,5
2852,2012,0,2012-05-28,N-260,LLANCA,Alt Emporda,1,0,2,0,1,0,0,0,1,0,0,0,0,60.0,0.0,0,1,No n'hi ha,-1.0,3,3,1,0,0,0,0,0,0,0,0,0,0,0,4,-1,1,Caiguda en la via,-1,1,2,4,1,2,1,13.08,0,0,0,28,5
2853,2012,1,2012-12-28,SE,REUS,Baix Camp,0,0,1,1,3,2,0,0,0,1,0,0,0,100.0,0.0,0,-1,No n'hi ha,-1.0,3,3,1,0,0,0,0,0,0,0,0,0,0,0,4,-1,-1,Atropellament,-1,2,2,5,-1,2,0,19.46,1,3,4,28,12
2854,2012,1,2012-12-29,SE,"PONT DE SUERT, EL",Alta Ribagorca,2,0,1,1,3,2,0,0,0,1,0,0,0,50.0,0.0,0,2,No n'hi ha,-1.0,3,1,1,0,0,0,0,0,0,0,0,0,0,0,5,-1,1,Atropellament,-1,0,2,5,-1,2,0,18.07,1,3,5,29,12
2855,2012,0,2012-02-01,C-16,CERCS,Bergueda,3,0,2,1,3,0,0,0,0,1,1,1,0,70.0,0.0,0,2,No n'hi ha,-1.0,3,3,1,0,0,0,0,0,0,0,0,0,0,0,4,-1,1,Caiguda en la via,-1,1,2,4,2,2,1,16.35,1,0,2,1,2
2856,2012,1,2012-05-24,SE,TARRAGONA,Tarragones,0,0,2,0,3,1,0,0,1,1,0,0,0,100.0,0.0,0,2,No n'hi ha,-1.0,3,3,1,0,0,0,0,0,0,0,0,0,0,0,4,-1,1,Atropellament,-1,2,2,5,-1,2,1,13.1,0,3,3,24,5
2857,2012,0,2012-11-03,N-260,GUILS DE CERDANYA,Cerdanya,1,0,2,2,3,0,0,0,0,3,0,0,0,60.0,0.0,0,2,No n'hi ha,-1.0,3,3,1,0,0,0,0,0,0,0,0,0,0,0,1,-1,1,Col·lisió frontal,-1,1,2,4,1,2,0,17.38,1,2,5,3,11
2858,2012,1,2012-07-18,SE,CUBELLES,Garraf,3,0,1,1,2,0,0,1,0,1,0,0,0,20.0,0.0,0,-1,No n'hi ha,-1.0,3,3,1,0,-1,0,0,0,0,0,0,0,0,1,4,4,-1,Envestida (frontal lateral),2,2,2,5,-1,2,1,14.27,1,2,2,18,7
2859,2012,1,2012-01-30,SE,TORREDEMBARRA,Tarragones,0,1,0,0,2,0,0,1,0,1,0,0,0,100.0,0.0,0,-1,No n'hi ha,-1.0,3,3,0,0,0,0,0,0,0,0,0,0,0,0,4,-1,-1,Envestida (frontal lateral),-1,2,2,5,-1,2,1,17.1,1,2,0,30,1
2860,2012,1,2012-09-29,SE,SANT VICENC DELS HORTS,Baix Llobregat,3,0,1,0,2,0,1,0,0,1,0,0,0,20.0,1.0,0,3,Altres,,1,3,1,-1,1,0,0,-1,0,1,0,0,-1,0,4,-1,0,Caiguda en la via,-1,2,0,5,-1,2,0,17.4,1,0,5,29,9
2861,2012,1,2012-12-06,SE,LLEIDA,Segria,2,0,1,0,2,1,0,0,0,1,0,0,0,100.0,0.0,0,-1,No n'hi ha,-1.0,3,3,1,0,0,0,0,0,0,0,0,0,0,0,4,-1,-1,Altres,-1,2,2,5,-1,2,1,19.45,1,5,3,6,12
2862,2012,1,2012-09-21,SE,GIRONA,Girones,1,0,1,0,2,0,0,1,0,1,0,0,0,100.0,0.0,0,2,No n'hi ha,-1.0,3,3,1,0,0,0,0,0,0,0,0,0,0,1,4,4,1,Envestida (frontal lateral),2,2,2,5,-1,2,1,10.2,0,2,4,21,9
2863,2012,0,2012-03-24,BV-5108,CARDEDEU,Valles Oriental,3,0,2,1,2,0,0,0,0,2,0,0,0,50.0,0.0,0,2,No n'hi ha,0.0,3,3,1,0,0,0,0,0,0,0,0,0,0,1,4,4,1,Col·lisió frontal,1,1,2,4,3,2,0,18.53,1,2,5,24,3
2864,2012,0,2012-07-06,N-260,BOLVIR,Cerdanya,1,1,1,2,2,0,0,0,0,1,1,0,0,100.0,0.0,0,2,No n'hi ha,-1.0,3,3,0,0,0,0,0,0,0,0,0,0,0,0,4,-1,1,Envestida (frontal lateral),-1,1,2,4,1,2,0,15.48,1,2,4,6,7
2865,2012,0,2012-03-27,C-58,BADIA DEL VALLES,Valles Occidental,3,1,0,0,2,1,0,0,0,1,0,0,0,100.0,0.0,0,-1,No n'hi ha,-1.0,3,3,0,0,0,0,0,0,0,0,0,0,0,0,4,-1,-1,Atropellament,-1,1,2,4,-1,2,1,22.3,2,3,1,27,3
2866,2012,1,2012-09-28,SE,SANT QUIRZE DEL VALLES,Valles Occidental,3,0,1,0,2,1,0,0,0,1,0,0,0,20.0,0.0,0,2,No n'hi ha,-1.0,3,3,1,0,0,0,0,0,0,0,0,0,0,0,1,-1,1,Atropellament,-1,2,2,5,-1,2,0,19.2,1,3,4,28,9
2867,2012,1,2012-03-07,SE,SANT JOAN DE VILATOR,Bages,3,0,1,0,2,0,0,0,1,1,0,0,0,30.0,0.0,0,2,No n'hi ha,-1.0,3,3,1,-1,0,0,0,-1,0,0,0,0,-1,1,4,4,0,Envestida (frontal lateral),2,2,2,5,-1,2,1,14.34,1,2,2,7,3
2868,2012,1,2012-03-29,SE,HOSPITALET DE LLOBREGAT,Barcelones,3,0,1,0,2,1,0,0,0,1,0,0,0,20.0,0.0,0,2,No n'hi ha,-1.0,3,3,1,-1,0,0,0,-1,0,0,0,0,0,0,4,-1,0,Atropellament,-1,2,2,5,-1,2,1,13.3,0,3,3,29,3
2869,2012,1,2012-04-19,SE,BARCELONA,Barcelones,3,0,1,1,2,0,0,0,1,1,0,0,0,20.0,0.0,0,-1,No n'hi ha,-1.0,3,3,1,0,0,0,0,0,0,0,0,0,0,1,4,3,1,Encalç,1,2,2,5,-1,2,1,19.15,1,2,3,19,4
2870,2012,1,2012-07-10,SE,VILANOVA I LA GELTRU,Garraf,3,0,1,0,2,0,0,0,1,1,0,0,0,100.0,0.0,0,-1,No n'hi ha,-1.0,3,3,1,0,0,0,0,0,0,0,0,0,0,0,4,-1,-1,Envestida (frontal lateral),-1,2,2,5,-1,2,1,18.2,1,2,1,10,7
2871,2012,0,2012-04-02,C-25,GURB,Osona,3,0,2,3,3,0,0,0,0,3,0,0,0,60.0,0.0,0,1,No n'hi ha,0.0,3,3,1,0,0,0,0,0,0,0,0,0,0,0,4,-1,1,Encalç,-1,1,2,4,2,2,1,17.18,1,2,0,2,4
2872,2012,0,2012-08-06,C-55,MONISTROL DE MONTSER,Bages,3,0,1,1,3,0,0,0,0,2,1,0,0,60.0,0.0,0,2,No n'hi ha,-1.0,2,3,1,0,0,0,1,0,0,0,0,0,0,0,4,-1,1,Col·lisió frontal,-1,1,0,4,2,2,1,7.46,0,2,0,6,8
2873,2012,1,2012-06-22,SE,MOLLET DEL VALLES,Valles Oriental,3,0,1,1,2,0,0,0,1,1,0,0,0,40.0,0.0,0,2,No n'hi ha,-1.0,3,3,1,0,0,0,0,0,0,0,0,0,0,2,4,4,0,Envestida (frontal lateral),-1,2,2,5,-1,2,1,8.0,0,2,4,22,6
2874,2012,0,2012-11-06,GI-552,RIELLS I VIABREA,Selva,1,0,1,0,2,0,0,1,0,1,0,0,0,100.0,0.0,0,2,No n'hi ha,-1.0,3,3,1,0,0,0,0,0,0,0,0,0,0,1,4,4,1,Envestida (frontal lateral),1,1,2,4,2,2,1,10.15,0,2,1,6,11
2875,2012,0,2012-12-24,C-1413a,RUBI,Valles Occidental,3,0,1,0,1,0,0,0,0,1,0,0,0,100.0,0.0,0,-1,No n'hi ha,-1.0,3,3,1,0,0,0,0,0,0,0,0,0,0,0,4,-1,-1,Xoc contra objecte/obstacle sense sortida prèvia de via,-1,1,2,3,-1,2,1,17.3,1,4,0,24,12
2876,2012,0,2012-02-12,BV-2127,"CABANYES, LES",Alt Penedes,3,0,1,1,1,0,0,0,1,0,0,0,0,50.0,0.0,0,1,No n'hi ha,-1.0,3,3,1,0,0,0,0,0,0,0,0,0,0,0,4,-1,1,Caiguda en la via,-1,1,2,4,2,2,0,9.15,0,0,6,12,2
2877,2012,1,2012-03-17,N-141e,BESCANO,Girones,1,0,1,1,2,0,0,1,0,1,0,0,0,100.0,0.0,0,3,No n'hi ha,-1.0,3,1,1,0,0,0,0,0,0,0,0,0,0,1,5,4,1,Fregament o col·lisió lateral,2,0,2,4,0,2,0,19.41,1,2,5,17,3
2878,2012,1,2012-09-14,SE,GAVA,Baix Llobregat,3,0,1,0,2,1,0,0,0,1,0,0,0,20.0,0.0,0,-1,No n'hi ha,-1.0,3,3,1,0,0,0,0,0,1,0,0,0,0,0,4,-1,1,Atropellament,-1,2,2,5,-1,2,0,18.15,1,3,4,14,9
2879,2012,1,2012-07-28,SE,BARCELONA,Barcelones,3,0,1,0,1,0,0,0,1,0,0,0,0,100.0,0.0,0,-1,No n'hi ha,-1.0,3,3,1,0,0,0,0,0,0,0,0,0,0,0,4,-1,0,Xoc contra objecte/obstacle sense sortida prèvia de via,-1,2,2,5,-1,2,0,7.2,0,4,5,28,7
2880,2012,1,2012-01-06,SE,BESCANO,Girones,1,0,1,0,2,0,0,1,0,1,0,0,0,100.0,0.0,0,2,No n'hi ha,-1.0,3,3,1,0,0,0,0,0,0,0,0,0,0,1,5,4,1,Envestida (frontal lateral),1,2,2,5,-1,2,0,19.0,1,2,4,6,1
2881,2012,1,2012-03-09,SE,CUBELLES,Garraf,3,0,1,1,2,0,0,0,0,2,0,0,0,20.0,0.0,0,2,No n'hi ha,-1.0,3,3,1,-1,0,0,0,-1,0,0,0,0,-1,1,4,4,1,Envestida (frontal lateral),2,2,2,5,-1,2,0,19.55,1,2,4,9,3
2882,2012,0,2012-08-28,T-751,VALLMOLL,Alt Camp,0,1,0,0,2,0,1,0,0,1,0,0,0,100.0,0.0,0,1,No n'hi ha,-1.0,3,3,0,0,0,0,0,0,0,0,0,0,0,1,4,-1,1,Fregament o col·lisió lateral,1,1,2,4,0,2,1,10.37,0,2,1,28,8
2883,2012,1,2012-10-02,SE,ESPLUGUES DE LLOBREGAT,Baix Llobregat,3,0,1,1,1,0,0,0,0,1,0,0,0,20.0,0.0,0,-1,No n'hi ha,-1.0,3,3,1,-1,0,0,0,-1,0,0,0,0,-1,0,5,-1,0,Xoc contra objecte/obstacle sense sortida prèvia de via,-1,2,2,5,-1,2,1,23.45,2,4,1,2,10