,Year,Area,Date,Road,Municipality Name,County Name,Province Name,Fatalties,Serious Injuries,Light Injuries,Units Involved,Pedestrains Involved,Bicycles Involved,Mopeds Involved,Motorcycles,Light Vehicles Involved,Heavy Vehicles Involved,Other Units Involved,Unspecified Units Involved,Road Speed Limit,Accident with Hit and Run,Fog Presence,Surrounding Environment,Special Lane Presence,Special Traffic Measures,Weather Conditions,Special Road Functions,Severity of Accident,Influence of Fog,Influence of Environment,Influence of Traffic,Influence of Weather,Influence of Wind Intensity,Influence of Lighting,Influence of Special Measures,Influence of Road Objects,Influence of Road Surface,Influence of Visibility,Intersection Characteristics,Lighting Conditions,Traffic Regulation and Priority,Direction of Road,Subtype of Accident,Subtype of Road Section,Subzone within Area,Road Surface Conditions,Type of Road,Road Ownership,Wind Conditions,Day of the Week Grouping,Hour of Day,Time of Day Grouping,Type of Accident,Day Type,Day,Month
2884,2012,1,2012-10-15,SE,LLICA DE VALL,Valles Oriental,3,0,1,0,1,0,0,1,0,0,0,0,0,40.0,0.0,0,-1,No n'hi ha,-1.0,3,3,1,0,0,0,0,0,0,0,0,0,0,0,4,-1,-1,Altres,-1,2,2,5,-1,2,1,17.25,1,5,0,15,10
2885,2012,0,2012-03-29,C-31,SITGES,Garraf,3,0,1,0,2,0,0,0,1,1,0,0,0,60.0,0.0,0,3,No n'hi ha,-1.0,3,3,1,0,0,0,0,0,0,0,0,0,0,0,4,-1,1,Fregament o col·lisió lateral,-1,1,2,4,2,2,1,11.15,0,2,3,29,3
2886,2012,1,2012-01-15,SE,REUS,Baix Camp,0,0,1,0,2,1,0,0,0,1,0,0,0,100.0,0.0,0,-1,No n'hi ha,-1.0,3,3,1,0,0,0,0,0,0,0,0,0,0,0,4,-1,-1,Atropellament,-1,2,2,5,-1,2,0,13.3,0,3,6,15,1
2887,2012,1,2012-12-10,SE,TORROELLA DE MONTGRI,Baix Emporda,1,0,1,0,2,0,0,0,1,1,0,0,0,20.0,0.0,0,-1,No n'hi ha,-1.0,3,3,1,-1,0,0,0,-1,0,0,0,0,0,1,4,4,0,Encalç,2,2,2,5,-1,2,1,10.0,0,2,0,10,12
2888,2012,1,2012-03-19,SE,BARCELONA,Barcelones,3,0,1,0,2,0,0,0,1,1,0,0,0,100.0,0.0,0,-1,No n'hi ha,-1.0,3,3,1,0,0,0,0,0,0,0,0,0,0,1,5,3,1,Fregament o col·lisió lateral,1,2,2,5,-1,2,1,20.3,1,2,0,19,3
2889,2012,1,2012-07-17,SE,LLEIDA,Segria,2,0,1,0,2,1,0,0,0,1,0,0,0,100.0,1.0,0,1,No n'hi ha,-1.0,3,3,1,0,0,0,0,0,0,0,0,0,0,0,4,-1,0,Atropellament,-1,2,2,5,-1,2,1,11.55,0,3,1,17,7
2890,2012,0,2012-11-05,C-63,LLORET DE MAR,Selva,1,1,0,0,2,0,0,0,1,1,0,0,0,100.0,0.0,0,2,No n'hi ha,-1.0,3,3,0,0,0,0,0,0,0,0,0,0,0,0,4,-1,1,Encalç,-1,1,2,4,2,2,1,13.0,0,2,0,5,11
2891,2012,1,2012-05-09,SE,BARCELONA,Barcelones,3,0,1,0,3,0,0,0,2,1,0,0,0,100.0,0.0,0,-1,No n'hi ha,-1.0,3,3,1,0,0,0,0,0,0,0,0,0,0,0,4,-1,1,Envestida (frontal lateral),-1,2,2,5,-1,2,1,17.25,1,2,2,9,5
2892,2012,0,2012-10-18,N-II,FONDARELLA,Pla d'Urgell,2,0,1,0,2,0,0,1,0,1,0,0,0,100.0,0.0,0,1,No n'hi ha,-1.0,3,3,1,0,0,0,0,0,0,0,0,0,0,1,4,4,1,Envestida (frontal lateral),2,1,2,4,1,2,1,8.56,0,2,3,18,10
2893,2012,0,2012-06-23,CR,ALCARRAS,Segria,2,0,1,0,1,0,0,1,0,0,0,0,0,90.0,0.0,0,-1,Sense Especificar,-1.0,3,3,1,0,0,0,0,0,0,0,0,0,0,0,4,-1,-1,Caiguda en la via,-1,1,2,4,4,2,0,14.04,1,0,5,23,6
2894,2012,0,2012-03-03,T-702,"VILELLA BAIXA, LA",Priorat,0,0,2,0,2,0,0,0,1,1,0,0,0,100.0,0.0,0,0,No n'hi ha,-1.0,3,3,1,0,1,0,0,0,0,0,0,0,1,0,4,-1,1,Caiguda en la via,-1,1,2,4,3,2,0,14.01,1,0,5,3,3
2895,2012,1,2012-11-26,SE,BARCELONA,Barcelones,3,0,1,0,1,0,0,0,1,0,0,0,0,100.0,0.0,0,-1,Carril d'alentiment,-1.0,3,3,1,0,0,0,0,0,0,0,0,0,0,0,5,-1,0,Xoc contra objecte/obstacle sense sortida prèvia de via,-1,2,2,5,-1,2,1,2.0,2,4,0,26,11
2896,2012,1,2012-02-18,SE,CERDANYOLA DEL VALLES,Valles Occidental,3,0,1,0,1,0,0,0,0,1,0,0,0,100.0,0.0,0,2,No n'hi ha,-1.0,3,3,1,0,0,0,0,0,0,0,0,0,0,1,1,5,1,Altres,2,2,0,5,-1,2,0,7.35,0,5,5,18,2
2897,2012,1,2012-02-04,SE,TERRASSA,Valles Occidental,3,0,1,0,2,0,0,1,0,1,0,0,0,100.0,1.0,0,2,No n'hi ha,-1.0,3,3,1,0,0,0,0,0,0,0,0,0,0,1,5,4,1,Envestida (frontal lateral),1,2,2,5,-1,2,0,22.57,2,2,5,4,2
2898,2012,0,2012-11-25,C-31,SITGES,Garraf,3,0,2,0,2,0,0,0,1,1,0,0,0,60.0,0.0,0,0,No n'hi ha,-1.0,3,3,1,0,0,0,0,0,0,0,0,0,0,0,1,-1,1,Fregament o col·lisió lateral,-1,1,2,4,2,2,0,18.28,1,2,6,25,11
2899,2012,1,2012-06-28,SE,BARCELONA,Barcelones,3,0,1,0,3,0,0,0,2,1,0,0,0,100.0,0.0,0,-1,No n'hi ha,-1.0,3,3,1,0,0,0,0,0,0,0,0,0,0,1,4,3,0,Envestida (frontal lateral),2,2,2,5,-1,2,1,9.0,0,2,3,28,6
2900,2012,0,2012-01-03,BV-2411,BEGUES,Baix Llobregat,3,0,1,0,1,0,0,0,0,1,0,0,0,100.0,0.0,0,1,No n'hi ha,-1.0,3,3,1,0,0,0,0,0,0,0,0,0,0,0,3,-1,1,Resta sortides de via,-1,1,2,4,2,2,1,21.46,1,1,1,3,1
2901,2012,1,2012-08-03,SE,VILANOVA I LA GELTRU,Garraf,3,0,1,0,2,1,0,0,0,1,0,0,0,100.0,0.0,0,-1,No n'hi ha,-1.0,3,3,1,0,0,0,0,0,0,0,0,0,0,0,4,-1,-1,Altres,-1,2,2,5,-1,2,1,8.0,0,5,4,3,8
2902,2012,0,2012-11-12,C-352,"ROCA DEL VALLES, LA",Valles Oriental,3,0,2,5,4,0,0,0,0,3,1,0,0,100.0,0.0,0,2,No n'hi ha,-1.0,3,0,1,0,0,0,0,0,1,0,0,0,0,2,3,-1,1,Encalç,3,1,2,4,3,2,1,18.3,1,2,0,12,11
2903,2012,1,2012-02-10,SE,SANT JOAN DESPI,Baix Llobregat,3,0,1,0,2,1,0,0,0,0,1,0,0,100.0,0.0,0,2,No n'hi ha,3.0,3,3,1,0,0,0,0,0,0,0,0,0,0,1,4,3,1,Atropellament,-1,2,2,5,-1,2,0,17.4,1,3,4,10,2
2904,2012,0,2012-11-22,N-II,GIRONA,Girones,1,1,0,1,3,0,0,0,0,1,2,0,0,100.0,0.0,0,1,No n'hi ha,-1.0,3,2,0,0,0,0,0,0,0,0,0,0,0,0,4,-1,1,Fregament o col·lisió lateral,-1,1,2,4,1,2,1,14.38,1,2,3,22,11
2905,2012,1,2012-06-06,SE,BARCELONA,Barcelones,3,0,1,0,2,0,0,0,1,1,0,0,0,30.0,0.0,0,-1,No n'hi ha,-1.0,3,3,1,0,0,0,0,0,0,0,0,0,0,0,5,-1,0,Col·lisió frontal,-1,2,2,5,-1,2,1,22.35,2,2,2,6,6
2906,2012,1,2012-10-30,SE,BARCELONA,Barcelones,3,0,1,1,2,1,0,0,1,0,0,0,0,100.0,0.0,0,-1,No n'hi ha,-1.0,2,3,1,0,0,0,1,0,0,0,0,0,0,0,5,-1,1,Atropellament,-1,2,0,5,-1,2,1,20.3,1,3,1,30,10
2907,2012,0,2012-10-31,N-II,GOLMES,Pla d'Urgell,2,0,1,3,2,0,0,0,0,2,0,0,0,80.0,0.0,0,2,No n'hi ha,-1.0,3,3,1,0,0,0,0,0,0,0,0,0,0,0,3,-1,1,Encalç,-1,1,2,4,1,2,1,19.2,1,2,2,31,10
2908,2012,1,2012-05-20,SE,TORTOSA,Baix Ebre,0,0,2,0,3,2,0,0,0,1,0,0,0,100.0,0.0,0,2,Carril central,-1.0,3,3,1,0,0,0,0,0,0,0,0,0,0,0,5,-1,1,Atropellament,-1,2,2,5,-1,2,0,0.38,2,3,6,20,5
2909,2012,1,2012-02-14,SE,CAMBRILS,Baix Camp,0,0,1,0,2,1,0,0,0,1,0,0,0,100.0,0.0,0,2,No n'hi ha,-1.0,3,3,1,0,0,0,0,0,0,0,0,0,0,0,5,-1,1,Atropellament,-1,2,2,5,0,2,1,19.27,1,3,1,14,2
2910,2012,0,2012-04-11,C-352,"ROCA DEL VALLES, LA",Valles Oriental,3,0,1,0,2,0,0,0,1,1,0,0,0,100.0,0.0,0,3,Carril habilitat en sentit contrari habitual,4.0,3,2,1,0,0,0,0,0,0,1,0,0,0,0,4,-1,1,Encalç,-1,1,2,4,2,2,1,11.36,0,2,2,11,4
2911,2012,1,2012-10-06,SE,BARCELONA,Barcelones,3,0,2,0,2,0,0,0,1,1,0,0,0,100.0,0.0,0,-1,No n'hi ha,-1.0,3,3,1,0,0,0,0,0,0,0,0,0,0,1,4,3,0,Fregament o col·lisió lateral,2,2,2,5,-1,2,0,17.15,1,2,5,6,10
2912,2012,1,2012-04-05,SE,GIRONA,Girones,1,0,2,0,2,0,0,0,1,1,0,0,0,100.0,0.0,0,2,No n'hi ha,-1.0,3,3,1,0,0,0,0,0,0,0,0,0,0,0,5,-1,1,Caiguda en la via,-1,2,2,5,-1,2,1,23.33,2,0,3,5,4
2913,2012,1,2012-01-14,SE,MATARO,Maresme,3,0,1,0,2,1,0,0,0,1,0,0,0,20.0,0.0,0,2,No n'hi ha,-1.0,3,3,1,0,0,0,0,0,0,0,0,0,0,0,5,-1,1,Atropellament,-1,2,2,5,-1,2,0,19.0,1,3,5,14,1
2914,2012,0,2012-08-14,C-58,RIPOLLET,Valles Occidental,3,0,1,0,1,0,0,0,0,1,0,0,0,100.0,0.0,0,2,No n'hi ha,-1.0,3,3,1,0,0,0,0,0,0,0,0,0,0,0,4,-1,1,Sortida de via amb xoc o col·lisió,-1,1,2,4,2,2,1,17.35,1,1,1,14,8
2915,2012,1,2012-11-10,SE,LLEIDA,Segria,2,0,1,1,2,0,0,0,1,1,0,0,0,100.0,0.0,0,-1,No n'hi ha,-1.0,3,3,1,0,0,0,0,0,0,0,0,0,0,0,4,-1,-1,Col·lisió frontal,-1,2,2,5,-1,2,0,20.1,1,2,5,10,11
2916,2012,1,2012-10-08,SE,BARCELONA,Barcelones,3,0,1,0,2,0,0,0,2,0,0,0,0,100.0,1.0,0,-1,No n'hi ha,-1.0,3,3,1,0,0,0,0,0,0,0,0,0,0,1,4,3,0,Caiguda en la via,2,2,2,5,-1,2,1,16.15,1,0,0,8,10
2917,2012,0,2012-10-10,C-352,FRANQUESES DEL VALLE,Valles Oriental,3,0,4,0,2,0,0,0,0,2,0,0,0,80.0,0.0,0,1,No n'hi ha,-1.0,3,0,1,0,1,0,0,0,0,0,0,0,0,0,4,-1,1,Envestida (frontal lateral),-1,1,2,4,2,2,1,15.05,1,2,2,10,10
2918,2012,0,2012-09-15,C-66,PORQUERES,Pla de l'Estany,1,0,2,0,2,0,0,0,1,1,0,0,0,100.0,0.0,0,0,No n'hi ha,-1.0,3,3,1,0,0,0,0,0,0,0,0,0,0,0,4,-1,1,Fregament o col·lisió lateral,-1,1,2,4,2,2,0,18.3,1,2,5,15,9
2919,2012,1,2012-05-11,SE,ULLA,Baix Emporda,1,0,1,0,2,0,1,0,0,1,0,0,0,100.0,0.0,0,2,No n'hi ha,-1.0,3,3,1,0,0,0,0,0,0,0,0,0,0,1,4,4,1,Envestida (frontal lateral),1,2,2,5,0,2,1,7.57,0,2,4,11,5
2920,2012,0,2012-12-11,N-IIa,SANT JULIA DE RAMIS,Girones,1,1,0,0,2,1,0,0,0,1,0,0,0,60.0,0.0,0,2,No n'hi ha,-1.0,3,3,0,0,0,0,0,0,0,0,0,0,0,0,4,-1,1,Atropellament,-1,1,2,4,1,2,1,10.03,0,3,1,11,12
2921,2012,0,2012-08-19,BV-2241,PIERA,Anoia,3,0,1,0,1,0,0,0,1,0,0,0,0,90.0,0.0,0,-1,Sense Especificar,-1.0,3,3,1,0,0,0,0,0,0,0,0,0,0,0,4,-1,-1,Resta sortides de via,-1,1,2,4,4,2,0,13.25,0,1,6,19,8
2922,2012,0,2012-10-12,C-58,VACARISSES,Valles Occidental,3,0,4,2,2,0,0,0,0,2,0,0,0,100.0,0.0,0,3,No n'hi ha,-1.0,3,3,1,0,0,0,0,0,0,0,0,0,0,0,0,-1,1,Col·lisió frontal,-1,1,2,4,2,2,1,7.2,0,2,4,12,10
2923,2012,1,2012-07-30,SE,VILAFRANCA DEL PENEDES,Alt Penedes,3,0,1,0,2,1,0,0,0,1,0,0,0,20.0,0.0,0,2,No n'hi ha,-1.0,3,3,1,-1,0,0,0,-1,0,0,0,0,0,1,4,2,1,Atropellament,1,2,2,5,-1,2,1,19.14,1,3,0,30,7
2924,2012,1,2012-06-20,SE,ESPLUGUES DE LLOBREGAT,Baix Llobregat,3,0,1,0,2,1,0,0,0,1,0,0,0,20.0,0.0,0,2,No n'hi ha,-1.0,3,3,1,0,0,0,0,0,0,0,0,0,0,1,4,2,0,Atropellament,2,2,2,5,-1,2,1,19.16,1,3,2,20,6
2925,2012,1,2012-02-13,SE,REUS,Baix Camp,0,0,1,0,2,1,0,0,0,1,0,0,0,100.0,0.0,0,-1,No n'hi ha,-1.0,3,3,1,0,0,0,0,0,0,0,0,0,0,0,4,-1,-1,Atropellament,-1,2,2,5,-1,2,1,12.39,0,3,0,13,2
2926,2012,0,2012-11-19,B-521,VIC,Osona,3,0,1,0,1,0,0,0,1,0,0,0,0,60.0,0.0,0,2,No n'hi ha,-1.0,3,3,1,0,0,0,0,0,1,0,0,0,0,1,0,4,1,Resta sortides de via,3,1,2,4,4,2,1,21.06,1,1,0,19,11
2927,2012,1,2012-06-03,N-141d,VIC,Osona,3,0,1,0,2,0,0,0,0,2,0,0,0,50.0,0.0,0,2,No n'hi ha,-1.0,2,1,1,0,0,0,1,0,0,0,0,0,0,0,4,-1,1,Col·lisió frontal,-1,0,0,4,3,2,0,20.0,1,2,6,3,6
2928,2012,0,2012-08-30,N-II,SANT JULIA DE RAMIS,Girones,1,0,1,1,2,0,2,0,0,0,0,0,0,80.0,0.0,0,2,Carril lent,-1.0,3,3,1,0,0,0,1,0,0,0,0,0,0,0,2,-1,1,Caiguda en la via,-1,1,2,4,1,2,1,15.19,1,0,3,30,8
2929,2012,0,2012-04-08,L-313,OLIOLA,Noguera,2,3,4,0,3,0,0,0,0,3,0,0,0,100.0,0.0,0,-1,No n'hi ha,-1.0,3,3,0,0,0,0,0,0,0,0,0,0,0,0,4,-1,-1,Resta sortides de via,-1,1,2,4,-1,2,0,19.1,1,1,6,8,4
2930,2012,0,2012-05-04,N-260,VILAFANT,Alt Emporda,1,0,1,0,2,0,0,1,0,1,0,0,0,100.0,0.0,0,1,No n'hi ha,-1.0,3,3,1,0,0,0,0,0,0,0,0,0,0,0,4,-1,1,Encalç,-1,1,2,4,1,2,0,15.23,1,2,4,4,5
2931,2012,0,2012-08-02,C-15,VILANOVA I LA GELTRU,Garraf,3,0,1,0,2,0,0,0,1,1,0,0,0,40.0,0.0,0,2,No n'hi ha,-1.0,3,3,1,0,0,0,0,0,0,0,0,0,0,0,4,-1,1,Fregament o col·lisió lateral,-1,1,2,4,2,2,1,14.05,1,2,3,2,8
2932,2012,0,2012-01-06,N-260,LLANCA,Alt Emporda,1,1,0,0,1,0,0,0,0,1,0,0,0,100.0,0.0,0,2,No n'hi ha,-1.0,3,3,0,0,0,0,0,0,0,0,0,0,0,0,4,-1,1,Sortida de via amb xoc o col·lisió,-1,1,2,4,1,2,1,12.05,0,1,4,6,1
2933,2012,1,2012-08-17,SE,BARCELONA,Barcelones,3,0,1,1,2,0,0,0,2,0,0,0,0,100.0,0.0,0,-1,No n'hi ha,-1.0,3,3,1,0,0,0,0,0,0,0,0,0,0,1,4,3,0,Envestida (frontal lateral),2,2,2,5,-1,2,1,9.55,0,2,4,17,8
2934,2012,0,2012-05-26,C-17,RIPOLL,Ripolles,1,0,1,0,2,0,0,0,1,1,0,0,0,50.0,0.0,0,2,No n'hi ha,-1.0,3,3,1,0,0,0,0,0,0,0,0,0,0,1,4,4,1,Fregament o col·lisió lateral,0,1,2,4,2,2,0,11.59,0,2,5,26,5
2935,2012,0,2012-02-07,N-340,OLERDOLA,Alt Penedes,3,1,1,0,2,0,0,0,0,2,0,0,0,70.0,0.0,0,2,No n'hi ha,-1.0,3,3,0,0,0,0,0,0,0,0,0,0,0,0,3,-1,1,Col·lisió frontal,-1,1,2,4,1,2,1,20.5,1,2,1,7,2
2936,2012,1,2012-02-24,SE,"CELLERA DE TER, LA",Selva,1,1,0,0,2,0,0,0,1,0,1,0,0,100.0,0.0,0,2,No n'hi ha,-1.0,3,3,0,0,0,0,0,0,0,0,0,0,0,1,5,4,1,Xoc contra objecte/obstacle sense sortida prèvia de via,1,2,2,5,-1,2,0,21.5,1,4,4,24,2
2937,2012,1,2012-06-08,SE,SALOU,Tarragones,0,0,1,0,2,1,1,0,0,0,0,0,0,100.0,0.0,0,2,No n'hi ha,-1.0,3,3,1,0,0,0,0,0,0,0,0,0,0,0,4,-1,0,Atropellament,-1,2,2,5,-1,2,1,12.3,0,3,4,8,6
2938,2012,0,2012-03-10,C-25,RAJADELL,Bages,3,2,0,2,3,0,0,0,0,2,1,0,0,80.0,0.0,0,0,No n'hi ha,0.0,3,3,0,0,0,0,0,0,0,1,0,0,0,0,4,-1,1,Envestida (frontal lateral),-1,1,2,4,2,2,0,16.47,1,2,5,10,3
2939,2012,1,2012-03-17,SE,OLESA DE MONTSERRAT,Baix Llobregat,3,0,1,1,2,0,0,1,0,1,0,0,0,100.0,0.0,0,2,No n'hi ha,-1.0,3,1,1,0,0,0,0,0,0,0,0,0,0,1,5,4,1,Envestida (frontal lateral),2,0,2,5,-1,2,0,20.0,1,2,5,17,3
2940,2012,1,2012-08-29,SE,GRANOLLERS,Valles Oriental,3,0,1,0,2,1,0,0,0,1,0,0,0,100.0,0.0,0,2,No n'hi ha,-1.0,3,3,1,0,0,0,0,0,0,0,0,0,0,1,1,3,1,Atropellament,1,2,2,5,4,2,1,20.5,1,3,2,29,8
2941,2012,1,2012-04-30,SE,BADALONA,Barcelones,3,0,1,0,2,0,1,0,1,0,0,0,0,20.0,0.0,0,2,No n'hi ha,-1.0,3,3,1,-1,0,0,0,-1,0,0,0,0,0,1,4,3,0,Envestida (frontal lateral),2,2,2,5,-1,2,1,13.18,0,2,0,30,4
2942,2012,0,2012-11-08,B-20,BADALONA,Barcelones,3,0,1,0,2,0,0,0,1,0,1,0,0,100.0,0.0,0,1,No n'hi ha,-1.0,3,3,1,0,0,0,0,0,0,0,0,0,0,2,3,-1,1,Envestida (frontal lateral),3,1,2,4,1,2,1,18.05,1,2,3,8,11
2943,2012,1,2012-03-13,SE,SABADELL,Valles Occidental,3,0,1,0,2,1,0,0,0,1,0,0,0,100.0,0.0,0,-1,No n'hi ha,-1.0,3,3,1,0,0,0,0,0,1,0,0,0,0,0,4,-1,-1,Atropellament,-1,2,2,5,-1,2,1,17.56,1,3,1,13,3
2944,2012,0,2012-04-12,B-124,SANT LLORENC SAVALL,Valles Occidental,3,0,1,0,1,0,0,1,0,0,0,0,0,50.0,0.0,0,2,No n'hi ha,-1.0,3,3,1,0,0,0,0,0,0,0,0,0,0,0,0,-1,1,Caiguda en la via,-1,1,2,4,3,2,1,21.4,1,0,3,12,4
2945,2012,1,2012-10-13,SE,SABADELL,Valles Occidental,3,0,1,2,4,3,0,0,0,1,0,0,0,100.0,0.0,0,-1,No n'hi ha,-1.0,3,3,1,0,0,0,0,0,0,0,0,0,0,0,4,-1,-1,Atropellament,-1,2,2,5,-1,2,0,19.1,1,3,5,13,10
2946,2012,0,2012-01-26,C-245,SANT BOI DE LLOBREGAT,Baix Llobregat,3,0,1,0,2,0,0,1,0,1,0,0,0,100.0,0.0,0,-1,No n'hi ha,-1.0,3,3,1,0,0,0,0,0,0,0,0,0,0,0,4,-1,-1,Envestida (frontal lateral),-1,1,2,3,-1,2,1,9.55,0,2,3,26,1
2947,2012,1,2012-07-19,SE,MORA LA NOVA,Ribera d'Ebre,0,0,1,0,2,0,1,0,0,1,0,0,0,20.0,0.0,0,2,No n'hi ha,-1.0,3,3,1,0,1,0,0,0,1,0,0,0,0,1,4,4,1,Fregament o col·lisió lateral,2,2,2,5,-1,2,1,19.58,1,2,3,19,7
2948,2012,1,2012-12-16,SE,GRANOLLERS,Valles Oriental,3,0,1,1,1,0,0,0,0,1,0,0,0,50.0,0.0,0,2,No n'hi ha,-1.0,3,3,1,0,0,0,0,0,0,0,0,0,0,1,5,4,0,Resta sortides de via,0,2,2,5,-1,2,0,5.05,2,1,6,16,12
2949,2012,0,2012-05-24,C-55,OLESA DE MONTSERRAT,Baix Llobregat,3,0,1,0,2,0,0,0,1,1,0,0,0,90.0,0.0,0,0,No n'hi ha,-1.0,3,3,1,0,0,0,0,0,0,0,0,0,0,2,4,4,1,Fregament o col·lisió lateral,3,1,2,4,4,2,1,9.3,0,2,3,24,5
2950,2012,0,2012-08-13,CR,SANT JAUME D'ENVEJA,Montsia,0,0,1,0,1,0,0,0,1,0,0,0,0,100.0,0.0,0,3,No n'hi ha,-1.0,3,3,1,0,0,0,0,0,0,0,0,0,0,0,4,-1,1,Resta sortides de via,-1,1,2,3,0,2,1,13.25,0,1,0,13,8
2951,2012,1,2012-10-02,SE,ESPLUGUES DE LLOBREGAT,Baix Llobregat,3,0,1,0,2,1,0,0,0,1,0,0,0,20.0,0.0,0,-1,No n'hi ha,-1.0,3,3,1,-1,0,0,0,-1,0,0,0,0,-1,0,5,-1,0,Atropellament,-1,2,2,5,-1,2,1,20.2,1,3,1,2,10
2952,2012,0,2012-05-06,BP-1101,SANT SALVADOR DE GUARDIA,Bages,3,0,1,3,3,0,0,0,0,3,0,0,0,100.0,0.0,0,1,No n'hi ha,-1.0,3,3,1,0,0,1,0,0,0,0,0,0,0,0,3,-1,1,Col·lisió frontal,-1,1,2,4,3,2,0,0.05,2,2,6,6,5
2953,2012,0,2012-10-20,CR6,"TORRE DE CLARAMUNT,LA",Anoia,3,0,1,0,1,0,0,1,0,0,0,0,0,30.0,0.0,0,1,No n'hi ha,-1.0,2,3,1,0,0,0,0,0,0,0,0,0,0,0,3,-1,1,Caiguda en la via,-1,1,5,3,4,1,0,19.15,1,0,5,20,10
2954,2012,0,2012-01-17,N-IIa,SANT JULIA DE RAMIS,Girones,1,1,3,0,2,0,0,0,0,2,0,0,0,40.0,0.0,0,1,No n'hi ha,0.0,3,3,0,0,0,0,0,0,0,0,0,0,0,1,3,4,1,Fregament o col·lisió lateral,1,1,2,4,1,2,1,20.49,1,2,1,17,1
2955,2012,0,2012-11-02,N-260,ORDIS,Alt Emporda,1,0,1,0,2,0,0,0,0,1,1,0,0,80.0,0.0,0,1,No n'hi ha,-1.0,3,3,1,0,0,0,0,0,0,0,0,0,0,1,3,4,1,Fregament o col·lisió lateral,3,1,2,4,1,2,0,18.42,1,2,4,2,11
2956,2012,0,2012-08-04,B-120,OLESA DE MONTSERRAT,Baix Llobregat,3,0,1,0,2,0,0,0,1,1,0,0,0,60.0,0.0,0,1,No n'hi ha,-1.0,3,3,1,0,0,0,0,0,0,0,0,0,0,0,4,-1,1,Col·lisió frontal,-1,1,2,4,3,2,0,11.25,0,2,5,4,8
2957,2012,0,2012-08-03,C-25,CALONGE DE SEGARRA,Anoia,3,0,1,0,1,0,0,0,0,1,0,0,0,60.0,0.0,0,1,Carril acceleració,0.0,3,3,1,0,0,0,0,0,0,0,0,0,0,2,3,4,0,Xoc contra objecte/obstacle sense sortida prèvia de via,3,1,2,4,2,2,0,22.36,2,4,4,3,8
2958,2012,1,2012-10-27,C-245,SANT BOI DE LLOBREGAT,Baix Llobregat,3,0,1,0,3,0,0,0,1,2,0,0,0,100.0,0.0,0,2,No n'hi ha,-1.0,3,1,1,0,0,0,0,0,0,0,0,0,0,2,5,4,1,Fregament o col·lisió lateral,1,0,2,4,0,2,0,21.49,1,2,5,27,10
2959,2012,0,2012-06-08,C-12,LLARDECANS,Segria,2,1,0,0,2,0,0,0,0,1,1,0,0,100.0,0.0,0,1,No n'hi ha,-1.0,3,3,0,0,1,0,0,0,0,0,0,0,0,0,4,-1,1,Col·lisió frontal,-1,1,2,4,2,2,1,13.22,0,2,4,8,6
2960,2012,1,2012-06-29,SE,BADALONA,Barcelones,3,0,1,0,2,1,0,0,0,1,0,0,0,20.0,0.0,0,-1,No n'hi ha,-1.0,3,3,1,-1,0,0,0,-1,0,0,0,0,-1,1,4,4,0,Atropellament,2,2,2,5,-1,2,1,7.2,0,3,4,29,6
2961,2012,1,2012-08-20,SE,BARCELONA,Barcelones,3,1,0,0,2,0,0,0,1,0,1,0,0,100.0,0.0,0,-1,Carril bus,-1.0,3,3,0,0,0,0,0,0,0,0,0,0,0,1,4,3,1,Envestida (frontal lateral),2,2,2,5,-1,2,1,6.4,0,2,0,20,8
2962,2012,1,2012-11-06,SE,BARCELONA,Barcelones,3,0,1,0,2,0,0,0,1,1,0,0,0,30.0,0.0,0,-1,No n'hi ha,-1.0,3,3,1,0,0,0,0,0,0,0,0,0,0,1,4,4,0,Envestida (frontal lateral),2,2,2,5,-1,2,1,8.2,0,2,1,6,11
2963,2012,1,2012-06-24,SE,BARCELONA,Barcelones,3,0,1,0,2,0,0,0,1,1,0,0,0,100.0,0.0,0,-1,No n'hi ha,-1.0,3,3,1,0,0,0,0,0,0,0,0,0,0,1,4,3,1,Envestida (frontal lateral),2,2,2,5,-1,2,0,17.0,1,2,6,24,6
2964,2012,1,2012-03-08,SE,BARCELONA,Barcelones,3,0,1,0,2,0,0,0,1,1,0,0,0,100.0,0.0,0,-1,No n'hi ha,-1.0,3,3,1,0,0,0,0,0,0,0,0,0,0,1,4,3,1,Envestida (frontal lateral),1,2,2,5,-1,2,1,10.3,0,2,3,8,3
2965,2012,0,2012-06-15,N-340,"VENDRELL, EL",Baix Penedes,0,1,0,0,2,0,1,0,0,0,1,0,0,100.0,1.0,0,1,No n'hi ha,-1.0,3,3,0,0,0,0,0,0,0,0,0,0,0,1,3,-1,1,Encalç,3,1,2,4,1,2,1,6.25,0,2,4,15,6
2966,2012,0,2012-09-04,N-340,RODA DE BARA,Tarragones,0,1,0,0,2,1,0,0,0,1,0,0,0,100.0,0.0,0,2,Carril acceleració,-1.0,3,3,0,0,0,0,0,0,0,0,0,0,0,0,1,-1,1,Atropellament,-1,1,2,4,1,2,1,20.48,1,3,1,4,9
2967,2012,1,2012-04-11,SE,HOSPITALET DE LLOBREGAT,Barcelones,3,0,1,0,2,1,0,0,0,1,0,0,0,20.0,0.0,0,2,No n'hi ha,-1.0,3,3,1,-1,0,0,0,-1,0,0,0,0,-1,0,4,-1,1,Atropellament,-1,2,2,5,-1,2,1,11.5,0,3,2,11,4