,Year,Area,Date,Road,Municipality Name,County Name,Province Name,Fatalties,Serious Injuries,Light Injuries,Units Involved,Pedestrains Involved,Bicycles Involved,Mopeds Involved,Motorcycles,Light Vehicles Involved,Heavy Vehicles Involved,Other Units Involved,Unspecified Units Involved,Road Speed Limit,Accident with Hit and Run,Fog Presence,Surrounding Environment,Special Lane Presence,Special Traffic Measures,Weather Conditions,Special Road Functions,Severity of Accident,Influence of Fog,Influence of Environment,Influence of Traffic,Influence of Weather,Influence of Wind Intensity,Influence of Lighting,Influence of Special Measures,Influence of Road Objects,Influence of Road Surface,Influence of Visibility,Intersection Characteristics,Lighting Conditions,Traffic Regulation and Priority,Direction of Road,Subtype of Accident,Subtype of Road Section,Subzone within Area,Road Surface Conditions,Type of Road,Road Ownership,Wind Conditions,Day of the Week Grouping,Hour of Day,Time of Day Grouping,Type of Accident,Day Type,Day,Month
2968,2012,0,2012-12-03,N-240,VINAIXA,Garrigues,2,0,1,4,1,0,0,0,0,1,0,0,0,100.0,0.0,0,1,Carril lent,-1.0,3,3,1,0,0,0,0,0,0,0,0,0,0,0,3,-1,1,Resta sortides de via,-1,1,2,4,1,2,1,22.35,2,1,0,3,12
2969,2012,0,2012-01-04,C-59,PALAU DE PLEGAMANS,Valles Occidental,3,0,2,1,2,0,0,0,0,2,0,0,0,100.0,0.0,0,1,No n'hi ha,-1.0,3,2,1,0,0,0,0,0,0,0,0,0,0,2,4,4,1,Col·lisió frontal,3,1,2,4,2,2,1,8.25,0,2,2,4,1
2970,2012,1,2012-04-11,SE,BARCELONA,Barcelones,3,0,1,0,2,0,1,0,0,1,0,0,0,100.0,0.0,0,-1,No n'hi ha,-1.0,3,3,1,0,0,0,0,0,0,0,0,0,0,0,4,-1,1,Encalç,-1,2,2,5,-1,2,1,13.47,0,2,2,11,4
2971,2012,0,2012-09-01,A-2,RIBERA D'ONDARA,Segarra,2,0,2,2,3,1,0,0,0,0,2,0,0,100.0,0.0,0,0,No n'hi ha,-1.0,3,3,1,0,0,0,0,0,1,0,0,0,0,0,3,-1,1,Xoc contra objecte/obstacle sense sortida prèvia de via,-1,1,2,4,1,2,0,2.32,2,4,5,1,9
2972,2012,1,2012-10-03,SE,VIC,Osona,3,0,1,0,2,0,0,0,0,1,0,1,0,100.0,0.0,0,2,No n'hi ha,-1.0,3,3,1,0,0,0,0,0,0,0,0,0,0,1,4,4,1,Fregament o col·lisió lateral,2,2,2,5,-1,2,1,9.5,0,2,2,3,10
2973,2012,0,2012-05-05,BP-1417,SANT CUGAT DEL VALLES,Valles Occidental,3,0,1,1,1,0,0,0,0,1,0,0,0,100.0,0.0,0,3,No n'hi ha,-1.0,3,3,1,0,0,0,0,0,0,0,1,0,0,0,4,-1,1,Altres,-1,1,2,4,3,2,0,6.3,0,5,5,5,5
2974,2012,0,2012-12-19,N-240,TARRAGONA,Tarragones,0,0,1,0,2,0,0,0,1,1,0,0,0,40.0,0.0,0,2,No n'hi ha,-1.0,3,3,1,0,0,0,0,0,0,0,0,0,0,1,5,5,1,Encalç,0,1,2,4,1,2,1,20.11,1,2,2,19,12
2975,2012,1,2012-07-25,SE,BARCELONA,Barcelones,3,0,1,2,2,0,0,1,0,1,0,0,0,100.0,0.0,0,-1,No n'hi ha,-1.0,3,3,1,0,0,0,0,0,0,0,0,0,0,1,4,3,1,Envestida (frontal lateral),2,2,2,5,-1,2,1,18.0,1,2,2,25,7
2976,2012,1,2012-12-20,SE,BARCELONA,Barcelones,3,0,1,0,3,0,0,0,1,2,0,0,0,100.0,0.0,0,-1,No n'hi ha,-1.0,3,3,1,0,0,0,0,0,0,0,0,0,0,0,5,-1,0,Caiguda en la via,-1,2,2,5,-1,2,1,19.15,1,0,3,20,12
2977,2012,1,2012-08-11,SE,HOSPITALET DE LLOBREGAT,Barcelones,3,0,1,0,1,0,0,0,1,0,0,0,0,20.0,0.0,0,-1,No n'hi ha,-1.0,3,3,1,-1,0,0,0,-1,0,0,0,0,-1,0,4,-1,0,Xoc contra objecte/obstacle sense sortida prèvia de via,-1,2,2,5,-1,2,0,14.17,1,4,5,11,8
2978,2012,1,2012-06-15,SE,GRANOLLERS,Valles Oriental,3,0,1,0,2,1,0,0,0,0,1,0,0,100.0,0.0,0,2,No n'hi ha,-1.0,3,1,1,0,0,0,0,0,0,0,0,0,0,2,4,3,1,Atropellament,2,0,2,5,-1,2,1,14.55,1,3,4,15,6
2979,2012,0,2012-12-15,B-210,VILADECANS,Baix Llobregat,3,0,3,0,2,0,0,0,0,2,0,0,0,70.0,0.0,0,2,No n'hi ha,-1.0,3,3,1,0,0,0,0,0,0,0,0,0,0,0,3,-1,1,Col·lisió frontal,-1,1,2,4,2,2,0,21.22,1,2,5,15,12
2980,2012,0,2012-10-10,C-59,CALDES DE MONTBUI,Valles Oriental,3,0,1,1,2,0,0,0,1,1,0,0,0,60.0,0.0,0,2,No n'hi ha,,3,3,1,0,0,0,0,0,0,0,0,0,0,1,0,4,1,Col·lisió frontal,1,1,2,4,2,2,1,6.5,0,2,2,10,10
2981,2012,0,2012-03-23,C-17,"GARRIGA, LA",Valles Oriental,3,1,0,0,1,0,0,0,0,1,0,0,0,100.0,0.0,0,3,No n'hi ha,-1.0,3,3,0,0,0,0,0,0,0,0,0,0,0,0,4,-1,1,Resta sortides de via,-1,1,2,4,2,2,1,8.2,0,1,4,23,3
2982,2012,0,2012-03-09,CR,MONT-RAS,Baix Emporda,1,0,1,0,2,1,0,0,0,1,0,0,0,30.0,0.0,0,1,No n'hi ha,-1.0,3,3,1,0,0,0,0,0,0,0,0,0,0,0,4,-1,1,Atropellament,-1,1,2,3,0,1,1,13.14,0,3,4,9,3
2983,2012,0,2012-06-04,AP-7,"PAPIOL, EL",Baix Llobregat,3,0,1,0,1,0,0,0,0,1,0,0,0,60.0,0.0,0,2,No n'hi ha,-1.0,1,3,1,0,0,0,0,0,0,0,0,0,0,1,0,-1,0,Xoc contra objecte/obstacle sense sortida prèvia de via,3,1,2,4,2,2,1,0.11,2,4,0,4,6
2984,2012,0,2012-04-05,GI-641,TORROELLA DE MONTGRI,Baix Emporda,1,0,1,4,2,0,0,0,0,1,1,0,0,100.0,0.0,0,2,No n'hi ha,-1.0,3,3,1,0,0,0,0,0,0,0,0,0,0,0,4,-1,1,Encalç,-1,1,2,4,2,2,1,13.5,0,2,3,5,4
2985,2012,1,2012-11-13,SE,TERRASSA,Valles Occidental,3,0,1,0,2,0,0,0,1,0,1,0,0,100.0,0.0,0,-1,No n'hi ha,-1.0,3,3,1,0,0,0,0,0,0,0,0,0,0,0,4,-1,-1,Envestida (frontal lateral),-1,2,2,5,-1,2,1,11.0,0,2,1,13,11
2986,2012,0,2012-04-06,C-246a,VILANOVA I LA GELTRU,Garraf,3,0,2,0,2,0,0,0,1,1,0,0,0,40.0,0.0,0,3,No n'hi ha,-1.0,3,3,1,0,0,0,0,0,0,0,0,0,0,0,4,-1,1,Resta sortides de via,-1,1,2,4,2,2,1,11.27,0,1,4,6,4
2987,2012,1,2012-10-19,SE,LLEIDA,Segria,2,0,1,0,2,1,0,0,0,1,0,0,0,20.0,0.0,0,2,No n'hi ha,-1.0,2,3,1,0,0,0,1,0,0,0,0,0,0,2,5,-1,1,Atropellament,2,2,0,5,-1,1,1,7.3,0,3,4,19,10
2988,2012,0,2012-05-07,C-12,LLEIDA,Segria,2,0,3,1,1,0,0,0,0,1,0,0,0,100.0,0.0,0,1,No n'hi ha,-1.0,3,3,1,0,1,0,0,0,0,0,0,0,0,0,4,-1,1,Sortida de via amb xoc o col·lisió,-1,1,2,4,2,2,1,18.15,1,1,0,7,5
2989,2012,0,2012-03-03,C-31,HOSPITALET DE LLOBREGAT,Barcelones,3,0,1,0,2,0,0,0,1,1,0,0,0,100.0,0.0,0,2,No n'hi ha,-1.0,3,3,1,0,0,0,0,0,0,0,0,0,0,0,5,-1,1,Encalç,-1,1,2,4,2,2,0,20.45,1,2,5,3,3
2990,2012,1,2012-06-22,SE,BARCELONA,Barcelones,3,0,1,2,3,0,0,0,1,2,0,0,0,100.0,0.0,0,-1,No n'hi ha,-1.0,3,3,1,0,0,1,0,0,0,0,0,0,0,0,4,-1,1,Fregament o col·lisió lateral,-1,2,2,5,-1,2,0,15.2,1,2,4,22,6
2991,2012,1,2012-04-12,SE,TERRASSA,Valles Occidental,3,0,1,0,2,1,0,0,0,1,0,0,0,100.0,0.0,0,-1,No n'hi ha,-1.0,3,3,1,0,0,0,0,0,0,0,0,0,0,0,4,-1,-1,Atropellament,-1,2,2,5,-1,2,1,19.0,1,3,3,12,4
2992,2012,0,2012-11-10,GI-543,ARBUCIES,Selva,1,0,1,0,1,0,0,0,1,0,0,0,0,100.0,0.0,0,0,No n'hi ha,-1.0,3,3,1,0,0,0,0,0,0,0,0,0,0,0,4,-1,1,Caiguda en la via,-1,1,2,4,3,2,0,16.43,1,0,5,10,11
2993,2012,1,2012-02-21,SE,BARCELONA,Barcelones,3,0,1,0,2,0,0,0,1,1,0,0,0,100.0,0.0,0,-1,No n'hi ha,-1.0,3,3,1,0,0,0,0,0,0,0,0,0,0,1,4,3,1,Envestida (frontal lateral),2,2,2,5,-1,2,1,16.36,1,2,1,21,2
2994,2012,1,2012-10-02,SE,CASTELLDEFELS,Baix Llobregat,3,0,1,0,2,1,0,0,0,1,0,0,0,40.0,0.0,0,2,No n'hi ha,-1.0,3,3,1,0,0,0,0,0,0,0,0,0,0,1,4,2,1,Atropellament,-1,2,2,5,-1,2,1,10.02,0,3,1,2,10
2995,2012,0,2012-10-10,CR,ALDOVER,Baix Ebre,0,0,1,0,2,0,0,1,0,1,0,0,0,100.0,0.0,0,1,No n'hi ha,-1.0,3,3,1,0,0,0,0,0,0,0,0,0,1,0,4,-1,1,Envestida (frontal lateral),-1,1,2,3,-1,2,1,14.56,1,2,2,10,10
2996,2012,1,2012-08-20,SE,"PRAT DE LLOBREGAT, E",Baix Llobregat,3,1,0,0,1,0,0,0,1,0,0,0,0,100.0,0.0,0,-1,No n'hi ha,-1.0,3,1,0,0,0,0,0,0,0,0,0,0,0,0,4,-1,-1,Xoc contra objecte/obstacle sense sortida prèvia de via,-1,0,2,5,-1,2,1,19.0,1,4,0,20,8
2997,2012,0,2012-05-06,C-55,MANRESA,Bages,3,0,1,1,2,0,0,0,1,1,0,0,0,80.0,0.0,0,1,No n'hi ha,-1.0,3,0,1,0,0,0,0,0,0,0,0,0,0,0,4,-1,1,Caiguda en la via,-1,1,2,4,2,2,0,19.2,1,0,6,6,5
2998,2012,0,2012-10-19,C-155,LLICA DE VALL,Valles Oriental,3,0,1,2,2,0,0,0,0,2,0,0,0,40.0,0.0,0,2,No n'hi ha,-1.0,3,3,1,0,0,0,0,0,0,0,0,0,0,0,4,-1,1,Envestida (frontal lateral),-1,1,2,4,2,2,1,12.45,0,2,4,19,10
2999,2012,0,2012-05-02,N-420,MAR?A,Priorat,0,1,0,0,2,0,0,0,0,0,2,0,0,100.0,0.0,0,3,No n'hi ha,-1.0,3,3,0,0,0,0,0,0,0,0,0,0,0,0,4,-1,1,Encalç,-1,1,2,4,1,2,1,16.0,1,2,2,2,5
3000,2012,1,2012-08-30,SE,HOSPITALET DE LLOBREGAT,Barcelones,3,0,1,0,2,1,0,0,0,0,1,0,0,20.0,0.0,0,-1,No n'hi ha,-1.0,1,3,1,-1,0,0,0,-1,0,0,0,0,-1,1,2,2,0,Atropellament,2,2,0,5,-1,2,1,18.0,1,3,3,30,8
3001,2012,1,2012-05-08,SE,BARCELONA,Barcelones,3,0,1,0,3,1,0,0,2,0,0,0,0,100.0,0.0,0,-1,No n'hi ha,-1.0,3,3,1,0,0,0,0,0,0,0,0,0,0,1,4,3,0,Atropellament,2,2,2,5,-1,2,1,14.05,1,3,1,8,5
3002,2012,0,2012-02-28,C-55,MANRESA,Bages,3,1,3,0,2,0,0,0,0,2,0,0,0,60.0,0.0,1,3,No n'hi ha,-1.0,3,3,0,1,0,0,0,0,0,0,0,0,0,0,2,-1,1,Envestida (frontal lateral),-1,1,2,4,2,2,1,7.26,0,2,1,28,2
3003,2012,0,2012-10-10,C-451,OLIUS,Solsones,2,1,1,0,1,0,0,0,0,1,0,0,0,100.0,0.0,0,2,No n'hi ha,-1.0,3,3,0,0,0,0,0,0,0,0,0,0,0,0,4,-1,1,Resta sortides de via,-1,1,2,4,2,2,1,13.08,0,1,2,10,10
3004,2012,0,2012-06-04,L-511,ISONA I CONCA DELLA,Pallars Jussa,2,0,1,0,1,0,0,0,1,0,0,0,0,100.0,0.0,0,1,No n'hi ha,-1.0,3,3,1,0,0,0,0,0,0,0,0,0,0,0,4,-1,1,Xoc contra objecte/obstacle sense sortida prèvia de via,-1,1,2,4,2,2,1,12.28,0,4,0,4,6
3005,2012,1,2012-12-07,SE,CERDANYOLA DEL VALLES,Valles Occidental,3,0,1,0,2,1,0,0,0,1,0,0,0,100.0,0.0,0,2,No n'hi ha,-1.0,3,3,1,0,0,0,0,0,0,0,0,0,0,1,4,3,0,Altres,2,2,2,5,-1,2,1,10.4,0,5,4,7,12
3006,2012,1,2012-03-08,SE,SANTA COLOMA DE CERV,Baix Llobregat,3,0,1,0,1,0,0,0,0,1,0,0,0,30.0,0.0,0,-1,No n'hi ha,-1.0,3,3,1,-1,0,0,0,-1,0,0,0,0,-1,0,4,-1,1,Resta sortides de via,-1,2,2,5,-1,2,1,17.15,1,1,3,8,3
3007,2012,1,2012-07-10,SE,BADALONA,Barcelones,3,0,1,0,1,0,0,0,1,0,0,0,0,20.0,0.0,0,-1,No n'hi ha,-1.0,3,3,1,-1,0,0,0,-1,0,0,0,0,-1,1,4,3,0,Caiguda en la via,0,2,1,5,-1,2,1,15.2,1,0,1,10,7
3008,2012,1,2012-12-20,SE,SANT JOAN DESPI,Baix Llobregat,3,0,1,0,2,1,0,0,0,1,0,0,0,100.0,0.0,0,2,No n'hi ha,-1.0,3,3,1,0,0,0,0,0,0,0,0,0,0,0,1,-1,1,Atropellament,-1,2,2,5,0,2,1,7.5,0,3,3,20,12
3009,2012,0,2012-11-17,C-242,"GRANADELLA, LA",Garrigues,2,0,2,0,1,0,0,0,0,1,0,0,0,100.0,0.0,0,0,No n'hi ha,-1.0,1,3,1,0,0,0,0,0,0,0,0,0,0,0,2,-1,1,Resta sortides de via,-1,1,2,4,2,2,0,10.29,0,1,5,17,11
3010,2012,1,2012-10-24,SE,BARCELONA,Barcelones,3,0,1,1,2,0,0,0,2,0,0,0,0,100.0,0.0,0,-1,No n'hi ha,-1.0,3,3,1,0,0,0,0,0,0,0,0,0,0,1,4,3,0,Encalç,2,2,2,5,-1,2,1,12.1,0,2,2,24,10
3011,2012,1,2012-05-19,SE,HOSPITALET DE LLOBREGAT,Barcelones,3,0,1,0,2,0,0,0,1,1,0,0,0,20.0,0.0,0,-1,No n'hi ha,-1.0,3,3,1,0,0,0,0,0,0,0,0,0,0,1,4,4,0,Envestida (frontal lateral),2,2,2,5,-1,2,0,14.33,1,2,5,19,5
3012,2012,0,2012-07-21,N-230,ALMENAR,Segria,2,0,1,4,1,0,0,0,0,1,0,0,0,100.0,0.0,0,1,No n'hi ha,-1.0,3,3,1,0,0,0,0,0,0,0,0,0,0,0,4,-1,1,Resta sortides de via,-1,1,2,4,1,2,0,20.1,1,1,5,21,7
3013,2012,1,2012-04-17,SE,BARCELONA,Barcelones,3,0,1,0,3,0,0,0,1,1,1,0,0,100.0,0.0,0,-1,No n'hi ha,-1.0,3,3,1,0,0,0,0,0,0,0,0,0,0,1,4,3,0,Caiguda en la via,2,2,2,5,-1,2,1,13.0,0,0,1,17,4
3014,2012,1,2012-11-24,SE,PREMIA DE MAR,Maresme,3,0,1,0,2,0,0,1,0,1,0,0,0,30.0,0.0,0,-1,No n'hi ha,-1.0,3,3,1,-1,0,0,0,-1,0,0,0,0,0,1,5,4,0,Envestida (frontal lateral),2,2,2,5,-1,2,0,0.28,2,2,5,24,11
3015,2012,0,2012-11-13,TV-3454,DELTEBRE,Baix Ebre,0,1,0,0,2,0,1,0,0,1,0,0,0,90.0,1.0,0,1,No n'hi ha,-1.0,1,3,0,0,1,0,1,0,1,0,0,0,0,1,3,4,1,Fregament o col·lisió lateral,1,1,2,4,2,2,1,18.33,1,2,1,13,11
3016,2012,1,2012-04-04,SE,BARCELONA,Barcelones,3,1,0,0,2,0,0,0,1,1,0,0,0,100.0,0.0,0,-1,No n'hi ha,-1.0,1,3,0,0,0,0,0,0,0,0,0,0,1,1,5,2,1,Caiguda en la via,2,2,0,5,-1,2,1,6.55,0,0,2,4,4
3017,2012,0,2012-06-09,C-31,SANT PERE DE RIBES,Garraf,3,2,2,0,3,0,0,0,0,3,0,0,0,90.0,0.0,0,0,No n'hi ha,-1.0,3,3,0,0,0,0,0,0,0,0,0,0,0,0,3,-1,1,Col·lisió frontal,-1,1,2,4,2,2,0,0.54,2,2,5,9,6
3018,2012,0,2012-12-29,N-340a,ALCANAR,Montsia,0,0,1,0,2,0,1,0,0,1,0,0,0,70.0,1.0,0,2,No n'hi ha,-1.0,3,3,1,0,0,0,0,0,0,0,0,0,0,0,1,-1,1,Encalç,-1,1,2,4,0,2,0,18.4,1,2,5,29,12
3019,2012,0,2012-07-13,C-12,TORTOSA,Baix Ebre,0,0,1,0,2,0,1,0,0,1,0,0,0,50.0,0.0,0,1,No n'hi ha,-1.0,3,3,1,0,0,0,0,0,1,0,0,0,0,2,3,4,1,Envestida (frontal lateral),0,1,2,4,2,2,1,0.05,2,2,4,13,7
3020,2012,0,2012-03-27,B-142,SANTA PERPETUA DE MO,Valles Occidental,3,0,1,0,2,0,0,0,0,2,0,0,0,60.0,0.0,0,2,No n'hi ha,-1.0,3,3,1,0,0,0,0,0,0,0,0,0,0,0,5,-1,1,Col·lisió frontal,-1,1,2,4,2,2,1,6.53,0,2,1,27,3
3021,2012,1,2012-07-18,SE,BARCELONA,Barcelones,3,0,1,0,2,1,1,0,0,0,0,0,0,100.0,0.0,0,-1,Carril bici,-1.0,3,3,1,0,0,0,0,0,0,0,0,0,0,1,4,3,0,Atropellament,2,2,2,5,-1,2,1,13.35,0,3,2,18,7
3022,2012,1,2012-07-15,SE,"POBLA DE SEGUR, LA",Pallars Jussa,2,0,1,1,3,2,0,0,0,1,0,0,0,100.0,0.0,0,2,No n'hi ha,-1.0,3,3,1,0,0,0,0,0,0,0,0,0,0,2,5,4,1,Atropellament,1,2,2,5,-1,2,0,5.45,2,3,6,15,7
3023,2012,1,2012-03-14,SE,BARCELONA,Barcelones,3,0,1,2,3,0,0,0,2,1,0,0,0,100.0,0.0,0,-1,No n'hi ha,-1.0,3,3,1,0,0,0,0,0,0,0,0,0,0,0,4,-1,1,Encalç,-1,2,2,5,-1,2,1,14.5,1,2,2,14,3
3024,2012,1,2012-01-13,SE,CERDANYOLA DEL VALLES,Valles Occidental,3,0,1,0,2,1,0,0,0,1,0,0,0,100.0,0.0,0,2,No n'hi ha,-1.0,3,3,1,0,0,0,0,0,0,0,0,0,0,1,4,-1,0,Altres,1,2,2,5,-1,2,1,10.3,0,5,4,13,1
3025,2012,0,2012-09-05,AP-7,"AMPOLLA, L'",Baix Ebre,0,1,0,1,1,0,0,0,0,1,0,0,0,100.0,0.0,0,2,No n'hi ha,-1.0,3,3,0,0,0,0,0,0,0,0,0,0,0,0,4,-1,1,Resta sortides de via,-1,1,2,4,1,2,1,15.53,1,1,2,5,9
3026,2012,1,2012-08-22,SE,BARCELONA,Barcelones,3,0,1,14,7,0,0,0,1,3,2,1,0,100.0,0.0,0,-1,Altres,-1.0,3,3,1,0,0,0,0,0,0,0,1,0,0,1,4,3,1,Encalç,2,2,0,5,-1,2,1,12.05,0,2,2,22,8
3027,2012,0,2012-06-11,N-340,CASTELLET I LA GORNA,Alt Penedes,3,1,2,2,4,0,0,0,0,3,1,0,0,100.0,0.0,0,2,Altres,-1.0,3,3,0,0,0,0,0,0,0,0,0,0,0,1,4,-1,1,Fregament o col·lisió lateral,3,1,2,4,1,2,1,18.46,1,2,0,11,6
3028,2012,1,2012-02-26,SE,AMPOSTA,Montsia,0,0,1,1,3,2,0,0,0,1,0,0,0,100.0,1.0,0,-1,No n'hi ha,-1.0,3,3,1,0,0,0,0,0,0,0,0,0,0,0,4,-1,-1,Atropellament,-1,2,2,5,-1,2,0,3.3,2,3,6,26,2
3029,2012,1,2012-10-31,SE,VILANOVA I LA GELTRU,Garraf,3,0,1,0,2,1,0,0,0,1,0,0,0,100.0,0.0,0,2,No n'hi ha,-1.0,3,3,1,0,0,0,0,0,0,0,0,0,0,1,4,2,1,Atropellament,-1,2,2,5,-1,2,1,16.0,1,3,2,31,10
3030,2012,1,2012-03-23,SE,REUS,Baix Camp,0,1,1,0,3,2,0,0,0,1,0,0,0,100.0,0.0,0,2,No n'hi ha,-1.0,3,3,0,0,0,0,0,0,0,0,0,0,0,2,5,4,0,Atropellament,1,2,2,5,-1,2,0,20.4,1,3,4,23,3
3031,2012,0,2012-04-23,C-55,OLESA DE MONTSERRAT,Baix Llobregat,3,0,1,0,2,1,0,0,0,1,0,0,0,90.0,0.0,0,2,No n'hi ha,-1.0,3,3,1,0,0,0,0,0,0,0,0,0,0,0,4,-1,1,Atropellament,-1,1,2,4,2,2,1,13.0,0,3,0,23,4
3032,2012,1,2012-02-10,SE,MOLLET DEL VALLES,Valles Oriental,3,0,1,0,2,0,0,0,1,1,0,0,0,100.0,0.0,0,2,No n'hi ha,-1.0,3,3,1,0,0,0,0,0,0,0,0,0,0,1,5,4,0,Envestida (frontal lateral),2,2,2,5,-1,2,1,7.18,0,2,4,10,2
3033,2012,0,2012-08-14,C-58,VACARISSES,Valles Occidental,3,0,2,0,1,0,0,0,0,1,0,0,0,100.0,0.0,0,3,No n'hi ha,-1.0,3,3,1,0,0,0,0,0,0,0,0,0,0,0,4,-1,1,Resta sortides de via,-1,1,2,4,2,2,1,13.2,0,1,1,14,8
3034,2012,0,2012-03-14,C-32,SITGES,Garraf,3,0,1,1,2,0,0,0,0,2,0,0,0,90.0,0.0,0,2,No n'hi ha,-1.0,3,3,1,0,0,0,0,0,0,0,0,0,0,0,4,-1,0,Encalç,-1,1,2,4,2,2,1,12.3,0,2,2,14,3
3035,2012,1,2012-08-30,SE,BARCELONA,Barcelones,3,0,1,0,2,1,0,0,0,0,1,0,0,100.0,0.0,0,-1,Carril bici,-1.0,3,3,1,0,0,0,0,0,0,0,0,0,0,0,4,-1,1,Atropellament,-1,2,2,5,-1,2,1,7.5,0,3,3,30,8
3036,2012,1,2012-10-05,SE,SANT QUIRZE DEL VALLES,Valles Occidental,3,0,1,0,2,0,0,1,0,1,0,0,0,20.0,0.0,0,2,No n'hi ha,-1.0,3,3,1,0,0,0,0,0,0,0,0,0,0,2,5,4,0,Envestida (frontal lateral),2,2,2,5,-1,2,0,22.3,2,2,4,5,10
3037,2012,1,2012-01-21,SE,"BORGES BLANQUES, LES",Garrigues,2,0,1,0,2,1,0,0,0,1,0,0,0,100.0,0.0,0,1,No n'hi ha,-1.0,3,3,1,0,0,0,0,0,1,0,0,0,0,1,4,3,1,Xoc contra objecte/obstacle sense sortida prèvia de via,2,2,2,5,0,2,0,11.0,0,4,5,21,1
3038,2012,1,2012-05-06,SE,BARCELONA,Barcelones,3,0,1,0,2,0,0,0,1,1,0,0,0,30.0,0.0,0,-1,No n'hi ha,-1.0,3,3,1,0,0,0,0,0,0,0,0,0,0,1,5,4,0,Envestida (frontal lateral),2,2,2,5,-1,2,0,2.4,2,2,6,6,5
3039,2012,1,2012-04-12,SE,MOLLET DEL VALLES,Valles Oriental,3,0,1,0,2,1,0,0,0,1,0,0,0,100.0,0.0,0,2,No n'hi ha,-1.0,3,3,1,0,0,0,0,0,0,0,0,0,0,2,5,2,1,Atropellament,2,2,2,5,-1,2,1,6.08,0,3,3,12,4
3040,2012,0,2012-07-08,GI-550,ARBUCIES,Selva,1,0,1,1,2,0,0,0,1,1,0,0,0,100.0,0.0,0,3,No n'hi ha,-1.0,3,3,1,0,0,0,0,0,1,0,0,0,0,0,3,-1,1,Fregament o col·lisió lateral,-1,1,2,4,3,2,0,20.5,1,2,6,8,7
3041,2012,1,2012-10-01,SE,"MORELL, EL",Tarragones,0,0,1,1,3,2,0,0,0,1,0,0,0,100.0,0.0,0,2,No n'hi ha,-1.0,3,1,1,0,0,0,0,0,0,0,0,0,0,2,5,5,1,Atropellament,3,0,2,5,-1,2,1,7.05,0,3,0,1,10
3042,2012,1,2012-09-23,SE,SITGES,Garraf,3,0,1,0,2,0,0,0,1,1,0,0,0,30.0,0.0,0,2,No n'hi ha,-1.0,3,3,1,0,0,0,0,0,0,0,0,0,0,0,4,-1,1,Col·lisió frontal,-1,2,2,5,0,2,0,10.45,0,2,6,23,9
3043,2012,1,2012-12-04,SE,BARCELONA,Barcelones,3,0,1,0,2,0,0,0,1,0,1,0,0,100.0,0.0,0,-1,No n'hi ha,-1.0,3,3,1,0,0,0,0,0,0,0,0,0,0,1,4,5,0,Encalç,1,2,2,5,-1,2,1,15.2,1,2,1,4,12
3044,2012,0,2012-04-29,AP-7,VILOBI D'ONYAR,Selva,1,0,1,4,1,0,0,0,0,1,0,0,0,80.0,0.0,0,3,No n'hi ha,0.0,3,3,1,0,0,0,0,0,0,0,0,0,0,0,1,-1,1,Sortida de via amb xoc o col·lisió,-1,1,2,4,1,2,0,7.14,0,1,6,29,4
3045,2012,1,2012-06-12,SE,BARCELONA,Barcelones,3,0,1,1,3,0,0,1,2,0,0,0,0,100.0,0.0,0,-1,No n'hi ha,-1.0,3,3,1,0,0,0,0,0,0,0,0,0,0,0,4,-1,0,Fregament o col·lisió lateral,-1,2,2,5,-1,2,1,18.45,1,2,1,12,6
3046,2012,1,2012-03-12,SE,BADALONA,Barcelones,3,0,2,0,3,2,0,0,0,1,0,0,0,20.0,0.0,0,-1,No n'hi ha,-1.0,3,3,1,-1,0,0,0,-1,0,0,0,0,-1,1,5,3,-1,Atropellament,2,2,2,5,-1,2,1,22.13,2,3,0,12,3
3047,2012,1,2012-12-11,SE,VIC,Osona,3,0,1,1,2,0,0,1,0,1,0,0,0,100.0,0.0,0,2,No n'hi ha,-1.0,3,3,1,0,0,0,0,0,0,0,0,0,0,0,4,-1,1,Envestida (frontal lateral),-1,2,2,5,-1,2,1,15.15,1,2,1,11,12
3048,2012,0,2012-11-09,C-12,ALBATARREC,Segria,2,0,1,1,1,0,0,0,0,1,0,0,0,70.0,0.0,0,0,No n'hi ha,-1.0,3,3,1,0,0,0,1,0,0,0,0,0,0,1,2,-1,1,Resta sortides de via,3,1,2,4,2,2,0,17.13,1,1,4,9,11
3049,2012,0,2012-05-13,C-65,LLAGOSTERA,Girones,1,0,2,1,1,0,0,0,0,1,0,0,0,100.0,0.0,0,1,No n'hi ha,-1.0,3,3,1,0,0,0,0,0,0,0,0,0,0,0,4,-1,1,Resta sortides de via,-1,1,2,4,2,2,0,8.08,0,1,6,13,5
3050,2012,1,2012-08-15,SE,ARENYS DE MAR,Maresme,3,0,1,1,2,0,0,0,1,1,0,0,0,100.0,0.0,0,-1,No n'hi ha,-1.0,3,3,1,0,0,0,0,0,0,0,0,0,0,0,4,-1,-1,Caiguda en la via,-1,2,2,5,-1,2,1,23.34,2,0,2,15,8
3051,2012,0,2012-11-15,A-2,BELL-LLOC D'URGELL,Pla d'Urgell,2,0,1,0,2,0,0,0,0,0,2,0,0,100.0,0.0,0,1,No n'hi ha,-1.0,3,3,1,0,0,0,0,0,0,0,0,0,0,0,3,-1,1,Encalç,-1,1,2,4,1,2,1,5.0,2,2,3,15,11
3052,2012,0,2012-07-29,N-340,"PERELLO, EL",Baix Ebre,0,0,1,1,2,0,1,0,0,1,0,0,0,100.0,0.0,0,1,No n'hi ha,-1.0,3,3,1,0,0,0,0,0,0,0,0,0,0,1,4,4,1,Envestida (frontal lateral),1,1,2,4,1,2,0,16.23,1,2,6,29,7