,Year,Area,Date,Road,Municipality Name,County Name,Province Name,Fatalties,Serious Injuries,Light Injuries,Units Involved,Pedestrains Involved,Bicycles Involved,Mopeds Involved,Motorcycles,Light Vehicles Involved,Heavy Vehicles Involved,Other Units Involved,Unspecified Units Involved,Road Speed Limit,Accident with Hit and Run,Fog Presence,Surrounding Environment,Special Lane Presence,Special Traffic Measures,Weather Conditions,Special Road Functions,Severity of Accident,Influence of Fog,Influence of Environment,Influence of Traffic,Influence of Weather,Influence of Wind Intensity,Influence of Lighting,Influence of Special Measures,Influence of Road Objects,Influence of Road Surface,Influence of Visibility,Intersection Characteristics,Lighting Conditions,Traffic Regulation and Priority,Direction of Road,Subtype of Accident,Subtype of Road Section,Subzone within Area,Road Surface Conditions,Type of Road,Road Ownership,Wind Conditions,Day of the Week Grouping,Hour of Day,Time of Day Grouping,Type of Accident,Day Type,Day,Month
3053,2012,0,2012-06-23,BP-1241,SAN FELIU DE CODINES,Valles Oriental,3,0,1,0,2,0,0,0,1,1,0,0,0,100.0,0.0,0,2,No n'hi ha,-1.0,3,3,1,0,0,0,0,0,0,0,0,0,0,0,4,-1,1,Envestida (frontal lateral),-1,1,2,4,3,2,0,9.42,0,2,5,23,6
3054,2012,1,2012-09-04,SE,RUBI,Valles Occidental,3,0,1,0,2,0,1,0,0,1,0,0,0,100.0,0.0,0,2,No n'hi ha,-1.0,3,3,1,0,0,0,0,0,0,0,0,0,0,1,4,4,1,Envestida (frontal lateral),1,2,2,5,0,2,1,13.0,0,2,1,4,9
3055,2012,0,2012-12-12,N-420,RIUDOMS,Baix Camp,0,0,1,3,2,0,0,0,0,2,0,0,0,100.0,0.0,0,1,No n'hi ha,-1.0,3,3,1,0,0,0,0,0,0,0,0,0,0,0,3,-1,1,Envestida (frontal lateral),-1,1,2,4,1,2,1,21.43,1,2,2,12,12
3056,2012,1,2012-05-07,SE,"VENDRELL, EL",Baix Penedes,0,0,1,0,2,1,0,0,0,1,0,0,0,40.0,0.0,0,-1,No n'hi ha,-1.0,3,3,1,-1,0,0,0,-1,0,0,0,0,-1,0,4,-1,1,Atropellament,-1,2,2,5,-1,2,1,10.15,0,3,0,7,5
3057,2012,0,2012-06-02,BV-1201,CASTELLBISBAL,Valles Occidental,3,0,1,0,2,0,0,0,1,1,0,0,0,70.0,0.0,0,2,No n'hi ha,-1.0,3,3,1,0,0,0,0,0,0,0,0,0,0,0,4,-1,1,Fregament o col·lisió lateral,-1,1,2,4,3,2,0,14.05,1,2,5,2,6
3058,2012,1,2012-11-12,SE,SABADELL,Valles Occidental,3,0,1,0,2,1,0,0,0,1,0,0,0,100.0,0.0,0,-1,No n'hi ha,-1.0,3,3,1,0,0,0,0,0,0,0,0,0,0,0,4,-1,-1,Atropellament,-1,2,2,5,-1,2,1,13.5,0,3,0,12,11
3059,2012,1,2012-08-31,TV-3031,"GUIAMETS, ELS",Priorat,0,0,1,0,2,0,0,0,1,1,0,0,0,50.0,0.0,0,2,Habilitació voral/carril addicional,-1.0,3,1,1,0,0,0,0,0,0,0,0,0,0,0,4,-1,1,Xoc contra objecte/obstacle sense sortida prèvia de via,-1,0,2,4,3,2,0,17.39,1,4,4,31,8
3060,2012,1,2012-10-18,SE,HOSPITALET DE LLOBREGAT,Barcelones,3,0,1,0,2,0,0,0,1,0,1,0,0,20.0,0.0,0,2,No n'hi ha,-1.0,3,3,1,-1,0,0,0,-1,0,0,0,0,-1,1,1,3,0,Envestida (frontal lateral),2,2,2,5,-1,2,1,18.3,1,2,3,18,10
3061,2012,0,2012-03-16,N-240,TARRAGONA,Tarragones,0,0,1,0,1,0,0,0,0,1,0,0,0,70.0,0.0,0,1,No n'hi ha,-1.0,3,3,1,0,0,0,0,0,0,0,0,0,0,0,3,-1,1,Resta sortides de via,-1,1,2,4,1,2,0,21.39,1,1,4,16,3
3062,2012,0,2012-05-26,BP-1503,SANT QUIRZE DEL VALLES,Valles Occidental,3,0,1,5,2,0,0,0,0,2,0,0,0,100.0,0.0,0,2,No n'hi ha,-1.0,3,3,1,0,0,0,0,0,0,0,0,0,0,0,1,-1,1,Fregament o col·lisió lateral,-1,1,2,4,3,2,0,6.16,0,2,5,26,5
3063,2012,1,2012-04-10,SE,MANLLEU,Osona,3,0,1,0,2,1,0,0,0,0,0,1,0,20.0,0.0,0,2,No n'hi ha,-1.0,3,3,1,-1,0,0,0,-1,0,0,0,0,-1,1,4,2,1,Atropellament,0,2,2,5,-1,2,1,14.35,1,3,1,10,4
3064,2012,1,2012-01-12,SE,"PRAT DE LLOBREGAT, E",Baix Llobregat,3,0,1,0,2,0,0,0,1,1,0,0,0,100.0,0.0,0,-1,No n'hi ha,-1.0,3,3,1,0,0,0,0,0,0,0,0,0,0,1,5,5,-1,Envestida (frontal lateral),2,2,2,5,-1,2,1,20.09,1,2,3,12,1
3065,2012,1,2012-03-02,SE,LLORET DE MAR,Selva,1,0,1,0,2,1,0,0,0,1,0,0,0,100.0,0.0,0,3,No n'hi ha,-1.0,3,3,1,0,0,0,0,0,1,0,0,0,0,0,4,-1,1,Atropellament,-1,2,2,5,-1,2,0,17.18,1,3,4,2,3
3066,2012,1,2012-12-07,SE,AIGUAFREDA,Valles Oriental,3,0,1,0,2,1,0,0,0,1,0,0,0,50.0,0.0,0,2,No n'hi ha,-1.0,3,1,1,0,0,0,0,0,0,0,0,0,0,0,5,-1,1,Atropellament,-1,0,2,5,0,2,0,18.3,1,3,4,7,12
3067,2012,1,2012-04-26,SE,BLANES,Selva,1,0,1,0,1,0,0,0,0,0,0,1,0,20.0,0.0,0,-1,No n'hi ha,,3,3,1,-1,0,0,0,-1,0,0,0,0,-1,0,4,-1,1,Xoc contra objecte/obstacle sense sortida prèvia de via,-1,2,2,5,-1,2,1,17.5,1,4,3,26,4
3068,2012,1,2012-03-17,SE,MATARO,Maresme,3,0,1,0,2,0,0,1,0,1,0,0,0,20.0,,0,2,No n'hi ha,-1.0,3,3,1,-1,0,0,0,-1,0,0,0,0,0,1,5,4,0,Envestida (frontal lateral),2,2,2,5,-1,2,0,22.1,2,2,5,17,3
3069,2012,1,2012-05-16,SE,MATARO,Maresme,3,0,1,0,2,0,0,1,0,1,0,0,0,20.0,0.0,0,2,No n'hi ha,-1.0,3,3,1,0,0,0,0,0,0,0,0,0,0,1,4,4,0,Envestida (frontal lateral),2,2,2,5,-1,2,1,18.35,1,2,2,16,5
3070,2012,0,2012-07-31,C-15,"POBLA DE CLARAMUNT,LA",Anoia,3,0,1,1,6,0,0,0,0,6,0,0,0,100.0,0.0,0,3,No n'hi ha,-1.0,3,3,1,0,0,0,0,0,0,0,0,0,0,0,4,-1,1,Envestida (frontal lateral),-1,1,2,4,2,2,1,18.51,1,2,1,31,7
3071,2012,0,2012-04-25,B-20,MONTGAT,Maresme,3,0,1,0,1,0,0,0,1,0,0,0,0,60.0,0.0,0,3,No n'hi ha,-1.0,3,0,1,0,0,0,0,0,0,0,0,0,0,0,0,-1,1,Xoc contra objecte/obstacle sense sortida prèvia de via,-1,1,2,4,1,2,1,5.34,2,4,2,25,4
3072,2012,1,2012-12-28,SE,GAVA,Baix Llobregat,3,0,1,0,4,0,0,0,0,4,0,0,0,20.0,0.0,0,-1,No n'hi ha,-1.0,3,3,1,-1,0,0,0,-1,0,0,0,0,0,0,4,-1,0,Envestida (frontal lateral),-1,2,2,5,-1,2,1,11.3,0,2,4,28,12
3073,2012,0,2012-07-29,N-II,MALGRAT DE MAR,Maresme,3,1,0,0,2,0,0,0,1,0,1,0,0,70.0,0.0,0,2,No n'hi ha,-1.0,3,3,0,0,0,0,0,0,0,0,0,0,0,0,4,-1,1,Fregament o col·lisió lateral,-1,1,2,4,1,2,0,19.11,1,2,6,29,7
3074,2012,1,2012-06-26,SE,FIGUERES,Alt Emporda,1,0,1,0,2,1,0,0,0,1,0,0,0,20.0,,0,-1,No n'hi ha,-1.0,3,3,1,0,-1,0,0,0,0,0,0,0,0,0,4,-1,-1,Xoc contra objecte/obstacle sense sortida prèvia de via,-1,2,2,5,-1,2,1,20.0,1,4,1,26,6
3075,2012,1,2012-10-29,SE,TARRAGONA,Tarragones,0,0,1,0,2,0,0,0,1,1,0,0,0,50.0,0.0,0,1,No n'hi ha,-1.0,3,3,1,-1,0,1,0,-1,0,0,0,0,-1,1,4,4,1,Envestida (frontal lateral),1,2,2,5,-1,2,1,9.0,0,2,0,29,10
3076,2012,1,2012-07-10,SE,LLIVIA,Cerdanya,1,0,1,0,2,1,0,0,0,0,1,0,0,30.0,0.0,0,2,No n'hi ha,-1.0,3,3,1,0,0,0,0,0,0,0,0,0,0,0,4,-1,0,Atropellament,-1,2,1,5,0,2,1,10.32,0,3,1,10,7
3077,2012,0,2012-09-22,A-2,PALLEJA,Baix Llobregat,3,0,2,2,3,0,0,0,0,3,0,0,0,100.0,0.0,0,3,No n'hi ha,-1.0,3,3,1,0,0,0,0,0,0,0,1,0,1,0,3,-1,1,Fregament o col·lisió lateral,-1,1,2,4,1,2,0,0.25,2,2,5,22,9
3078,2012,0,2012-06-04,A-2,MARTORELL,Baix Llobregat,3,0,2,0,2,0,0,1,0,1,0,0,0,120.0,0.0,0,3,No n'hi ha,-1.0,3,3,1,0,0,0,0,0,0,0,0,0,0,0,5,-1,1,Encalç,-1,1,2,4,1,2,1,23.15,2,2,0,4,6
3079,2012,1,2012-07-25,SE,ALCANAR,Montsia,0,0,1,0,1,0,1,0,0,0,0,0,0,100.0,0.0,0,2,No n'hi ha,-1.0,3,3,1,0,0,0,0,0,0,0,0,0,0,1,4,5,1,Caiguda en la via,1,2,3,5,0,2,1,9.5,0,0,2,25,7
3080,2012,1,2012-07-04,SE,"VENDRELL, EL",Baix Penedes,0,0,1,0,2,1,0,0,0,1,0,0,0,40.0,0.0,0,-1,No n'hi ha,-1.0,3,3,1,-1,0,0,0,-1,0,0,0,0,0,0,4,-1,0,Atropellament,-1,2,2,5,-1,2,1,18.34,1,3,2,4,7
3081,2012,0,2012-06-15,C-58,BADIA DEL VALLES,Valles Occidental,3,0,1,1,2,0,0,0,0,2,0,0,0,100.0,0.0,0,2,No n'hi ha,-1.0,3,3,1,0,0,0,0,0,0,0,0,0,0,0,4,-1,1,Encalç,-1,1,2,4,2,2,0,15.1,1,2,4,15,6
3082,2012,1,2012-06-21,SE,GRANOLLERS,Valles Oriental,3,0,1,0,1,0,0,0,1,0,0,0,0,100.0,0.0,0,2,No n'hi ha,-1.0,3,3,1,0,0,0,0,0,0,0,0,0,0,2,4,4,1,Caiguda en la via,0,2,2,5,-1,2,1,9.03,0,0,3,21,6
3083,2012,0,2012-11-25,C-31,CASTELLDEFELS,Baix Llobregat,3,1,0,0,1,0,0,0,1,0,0,0,0,60.0,0.0,0,0,Carril central,-1.0,3,3,0,0,0,0,0,0,0,0,0,0,0,0,5,-1,1,Caiguda en la via,-1,1,2,4,2,2,0,20.08,1,0,6,25,11
3084,2012,1,2012-12-18,SE,HOSPITALET DE LLOBREGAT,Barcelones,3,0,1,0,2,0,0,0,1,1,0,0,0,20.0,1.0,0,2,No n'hi ha,-1.0,3,3,1,-1,0,0,0,-1,0,0,0,0,-1,1,5,4,1,Xoc contra objecte/obstacle sense sortida prèvia de via,1,2,2,5,-1,2,1,5.47,2,4,1,18,12
3085,2012,1,2012-06-11,SE,BARCELONA,Barcelones,3,1,0,0,2,0,0,1,0,1,0,0,0,100.0,0.0,0,-1,No n'hi ha,-1.0,3,3,0,0,0,1,0,0,0,0,0,0,0,1,4,3,1,Fregament o col·lisió lateral,2,2,2,5,-1,2,1,19.05,1,2,0,11,6
3086,2012,1,2012-01-19,SE,BERGA,Bergueda,3,0,1,1,3,2,0,0,0,1,0,0,0,20.0,0.0,0,-1,No n'hi ha,-1.0,3,3,1,-1,0,0,0,-1,1,0,0,0,0,0,4,-1,0,Atropellament,-1,2,2,5,-1,2,1,9.15,0,3,3,19,1
3087,2012,0,2012-06-11,AP-7,"AMETLLA DE MAR, L'",Baix Ebre,0,0,1,1,2,0,0,0,0,2,0,0,0,100.0,0.0,0,0,No n'hi ha,-1.0,3,3,1,0,0,0,0,0,0,0,0,0,0,0,4,-1,0,Fregament o col·lisió lateral,-1,1,2,3,4,2,1,10.14,0,2,0,11,6
3088,2012,1,2012-06-11,SE,BARCELONA,Barcelones,3,0,1,0,1,0,0,0,0,0,1,0,0,100.0,0.0,0,-1,No n'hi ha,-1.0,3,3,1,0,0,0,0,0,0,0,0,0,0,0,4,-1,1,Caiguda en la via,-1,2,2,5,-1,2,1,10.1,0,0,0,11,6
3089,2012,0,2012-11-01,C-14,PINELL DE SOLSONES,Solsones,2,0,1,1,1,0,0,0,0,1,0,0,0,100.0,0.0,0,1,Altres,-1.0,3,3,1,0,0,0,0,0,0,0,0,0,0,0,3,-1,1,Sortida de via amb xoc o col·lisió,-1,1,2,4,2,2,1,18.35,1,1,3,1,11
3090,2012,1,2012-06-05,SE,BARCELONA,Barcelones,3,0,1,0,1,0,0,0,1,0,0,0,0,30.0,0.0,0,-1,No n'hi ha,-1.0,3,3,1,0,0,0,0,0,0,0,0,0,1,1,4,2,1,Caiguda en la via,1,2,2,5,-1,2,1,11.08,0,0,1,5,6
3091,2012,0,2012-06-15,AP-7,"VENDRELL, EL",Baix Penedes,0,0,1,1,1,0,0,0,0,1,0,0,0,100.0,0.0,0,3,No n'hi ha,-1.0,3,3,1,0,0,0,0,0,0,0,0,0,0,0,4,-1,0,Sortida de via amb xoc o col·lisió,-1,1,2,4,1,2,0,17.25,1,1,4,15,6
3092,2012,1,2012-04-26,SE,TERRASSA,Valles Occidental,3,1,0,0,2,1,0,0,0,0,0,1,0,100.0,0.0,0,-1,No n'hi ha,-1.0,3,3,0,0,0,0,0,0,0,0,0,0,0,0,4,-1,-1,Atropellament,-1,2,2,5,-1,2,1,19.2,1,3,3,26,4
3093,2012,1,2012-02-15,SE,SANT JUST DESVERN,Baix Llobregat,3,0,1,0,2,0,0,0,1,1,0,0,0,100.0,0.0,0,-1,No n'hi ha,-1.0,3,3,1,0,0,0,0,0,0,0,0,0,0,1,4,4,-1,Envestida (frontal lateral),0,2,2,5,-1,2,1,20.48,1,2,2,15,2
3094,2012,1,2012-07-07,SE,BARCELONA,Barcelones,3,0,1,0,2,1,0,0,0,1,0,0,0,100.0,0.0,0,-1,No n'hi ha,-1.0,3,3,1,0,0,0,0,0,0,0,0,0,0,1,4,3,0,Atropellament,2,2,2,5,-1,2,0,19.4,1,3,5,7,7
3095,2012,1,2012-07-20,SE,BARCELONA,Barcelones,3,0,1,0,3,1,0,0,0,2,0,0,0,100.0,0.0,0,-1,No n'hi ha,-1.0,3,3,1,0,0,0,0,0,0,0,0,0,0,1,4,3,1,Atropellament,2,2,2,5,-1,2,0,15.5,1,3,4,20,7
3096,2012,1,2012-06-30,SE,SABADELL,Valles Occidental,3,0,1,0,2,1,0,0,0,1,0,0,0,100.0,0.0,0,-1,No n'hi ha,-1.0,3,3,1,0,0,0,0,0,0,0,0,0,0,1,4,5,1,Atropellament,1,2,2,5,-1,2,0,7.32,0,3,5,30,6
3097,2012,1,2012-07-22,SE,TARRAGONA,Tarragones,0,0,1,0,1,0,0,0,0,0,1,0,0,100.0,0.0,0,-1,No n'hi ha,-1.0,3,3,1,0,0,0,0,0,0,0,0,0,0,0,4,-1,-1,Altres,-1,2,2,5,-1,2,0,17.5,1,5,6,22,7
3098,2012,1,2012-08-30,SE,SITGES,Garraf,3,0,1,0,1,0,0,0,1,0,0,0,0,100.0,0.0,0,2,No n'hi ha,-1.0,3,3,1,0,0,0,0,0,0,0,0,0,0,0,5,-1,1,Xoc contra objecte/obstacle sense sortida prèvia de via,-1,2,2,5,-1,2,1,4.11,2,4,3,30,8
3099,2012,1,2012-11-08,SE,MOLLERUSSA,Pla d'Urgell,2,0,2,0,2,1,0,0,0,1,0,0,0,40.0,0.0,0,2,No n'hi ha,-1.0,3,3,1,0,0,0,0,0,0,0,0,0,0,0,4,-1,1,Atropellament,-1,2,2,5,0,2,1,11.1,0,3,3,8,11
3100,2012,0,2012-09-20,C-352,"ROCA DEL VALLES, LA",Valles Oriental,3,2,1,4,5,0,0,0,1,4,0,0,0,90.0,0.0,0,-1,Sense Especificar,-1.0,3,3,0,0,0,0,0,0,0,0,0,0,0,0,4,-1,-1,Col·lisió frontal,-1,1,2,4,4,2,1,21.18,1,2,3,20,9
3101,2012,0,2012-07-27,B-224,SANT ESTEVE SESROVIRES,Baix Llobregat,3,0,1,5,3,0,0,0,0,3,0,0,0,100.0,0.0,0,1,No n'hi ha,-1.0,3,3,1,0,0,0,0,0,0,0,0,0,0,0,4,-1,1,Col·lisió frontal,-1,1,2,4,2,2,1,7.28,0,2,4,27,7
3102,2012,0,2012-07-16,CR,AITONA,Segria,2,0,1,0,2,0,0,1,0,1,0,0,0,100.0,0.0,0,2,No n'hi ha,-1.0,3,3,1,0,0,0,0,0,0,0,0,0,0,1,4,4,1,Envestida (frontal lateral),1,1,2,3,0,2,1,13.05,0,2,0,16,7
3103,2012,0,2012-10-16,N-145,"SEU D'URGELL, LA",Alt Urgell,2,0,1,0,2,0,1,0,0,1,0,0,0,50.0,1.0,0,1,No n'hi ha,-1.0,3,3,1,0,0,0,0,0,0,0,0,0,0,2,4,5,1,Fregament o col·lisió lateral,3,1,2,4,1,2,1,13.0,0,2,1,16,10
3104,2012,0,2012-09-21,C-253,SANTA COLOMA DE FARNERS,Selva,1,0,1,0,2,0,0,1,0,1,0,0,0,100.0,0.0,0,2,No n'hi ha,-1.0,3,3,1,0,0,0,0,0,0,0,0,0,0,0,4,-1,1,Envestida (frontal lateral),-1,1,2,4,-1,2,1,10.4,0,2,4,21,9
3105,2012,0,2012-04-15,C-59,CALDES DE MONTBUI,Valles Oriental,3,0,2,3,3,0,0,0,0,3,0,0,0,100.0,0.0,0,0,No n'hi ha,-1.0,1,3,1,0,0,0,0,0,0,0,0,0,0,0,4,-1,1,Envestida (frontal lateral),-1,1,0,4,2,2,0,19.05,1,2,6,15,4
3106,2012,0,2012-03-04,C-243B,SUBIRATS,Alt Penedes,3,0,1,1,1,0,0,0,1,0,0,0,0,100.0,0.0,0,3,No n'hi ha,-1.0,3,3,1,0,0,0,0,0,0,0,0,0,0,0,4,-1,1,Caiguda en la via,-1,1,2,4,3,2,0,10.05,0,0,6,4,3
3107,2012,0,2012-01-04,AP-7,MACANET DE LA SELVA,Selva,1,1,1,1,7,0,0,0,0,5,2,0,0,100.0,0.0,0,1,Carril acceleració,-1.0,3,3,0,0,0,0,0,0,0,0,0,0,0,0,0,-1,1,Encalç,-1,1,2,4,1,2,1,19.3,1,2,2,4,1
3108,2012,1,2012-01-13,SE,BANYOLES,Pla de l'Estany,1,1,0,0,2,0,0,0,1,0,1,0,0,100.0,0.0,0,2,No n'hi ha,-1.0,3,3,0,0,0,0,0,0,0,0,0,0,1,1,1,4,1,Envestida (frontal lateral),2,2,2,5,0,2,1,7.45,0,2,4,13,1
3109,2012,0,2012-04-28,TV-7042,MONTBLANC,Conca de Barbera,0,0,1,0,1,0,1,0,0,0,0,0,0,90.0,0.0,0,-1,Sense Especificar,-1.0,3,3,1,0,0,0,0,0,0,0,0,0,0,0,4,-1,-1,Resta sortides de via,-1,1,2,4,4,2,0,11.51,0,1,5,28,4
3110,2012,1,2012-11-15,SE,VILADECANS,Baix Llobregat,3,0,1,0,2,1,0,0,0,1,0,0,0,100.0,0.0,0,2,No n'hi ha,-1.0,3,3,1,0,0,0,0,0,0,0,0,0,0,2,5,4,1,Atropellament,0,2,2,5,-1,2,1,18.46,1,3,3,15,11
3111,2012,0,2012-10-20,B-120,TERRASSA,Valles Occidental,3,0,1,0,1,0,0,0,0,1,0,0,0,100.0,0.0,0,3,No n'hi ha,-1.0,1,3,1,0,0,0,0,0,0,0,0,0,0,0,3,-1,1,Resta sortides de via,-1,1,2,4,3,2,0,5.0,2,1,5,20,10
3112,2012,1,2012-11-05,SE,HOSPITALET DE LLOBREGAT,Barcelones,3,0,1,0,1,0,0,1,0,0,0,0,0,20.0,0.0,0,-1,No n'hi ha,-1.0,3,3,1,0,0,0,0,0,0,0,0,0,0,0,4,-1,-1,Caiguda en la via,-1,2,2,5,-1,2,1,14.1,1,0,0,5,11
3113,2012,1,2012-09-16,SE,BARCELONA,Barcelones,3,1,0,2,2,1,0,0,1,0,0,0,0,100.0,0.0,0,-1,No n'hi ha,-1.0,3,3,0,0,0,0,0,0,0,0,0,0,0,0,5,-1,0,Atropellament,-1,2,2,5,-1,2,0,20.51,1,3,6,16,9
3114,2012,0,2012-06-11,GI-664,"CRUILLES, MONELLS I SANT SADURNI DE L'HE",Baix Emporda,1,0,1,0,1,0,0,0,1,0,0,0,0,100.0,0.0,0,1,No n'hi ha,-1.0,3,3,1,0,0,0,0,0,0,0,0,0,0,0,4,-1,1,Caiguda en la via,-1,1,2,4,2,2,1,16.0,1,0,0,11,6
3115,2012,0,2012-11-03,TV-3319,ULLDECONA,Montsia,0,0,2,4,2,0,0,0,0,2,0,0,0,100.0,0.0,0,2,No n'hi ha,-1.0,3,3,1,0,1,0,0,0,1,0,0,0,0,1,3,4,1,Envestida (frontal lateral),1,1,2,4,2,2,0,18.45,1,2,5,3,11
3116,2012,0,2012-04-30,N-IIa,SANT JULIA DE RAMIS,Girones,1,0,1,0,1,0,0,0,0,1,0,0,0,50.0,0.0,0,3,Carril avançament,-1.0,3,3,1,0,0,0,0,0,0,0,0,0,0,0,4,-1,1,Resta sortides de via,-1,1,2,4,1,2,1,15.36,1,1,0,30,4
3117,2012,1,2012-05-13,SE,BARCELONA,Barcelones,3,1,0,0,1,0,0,0,1,0,0,0,0,80.0,0.0,0,-1,No n'hi ha,-1.0,3,1,0,0,0,0,0,0,0,0,0,0,0,0,4,-1,1,Xoc contra objecte/obstacle sense sortida prèvia de via,-1,0,2,5,2,2,0,7.1,0,4,6,13,5
3118,2012,1,2012-12-09,SE,BARCELONA,Barcelones,3,0,1,1,2,1,0,0,1,0,0,0,0,100.0,0.0,0,-1,No n'hi ha,-1.0,3,3,1,0,0,0,0,0,0,0,0,0,1,1,4,3,0,Atropellament,2,2,2,5,-1,2,0,16.35,1,3,6,9,12
3119,2012,1,2012-06-20,SE,SALOU,Tarragones,0,0,1,0,2,0,0,0,0,2,0,0,0,100.0,0.0,0,2,No n'hi ha,-1.0,3,3,1,0,0,0,0,0,0,0,0,0,0,1,1,4,0,Envestida (frontal lateral),2,2,2,5,-1,2,1,19.0,1,2,2,20,6
3120,2012,0,2012-02-03,N-II,SANT ANDREU DE LLAVANERES,Maresme,3,1,0,0,2,1,0,0,0,0,1,0,0,80.0,0.0,0,2,No n'hi ha,-1.0,1,3,0,0,0,0,0,0,0,0,0,0,0,0,3,-1,1,Atropellament,-1,1,2,4,1,2,1,4.3,2,3,4,3,2
3121,2012,0,2012-03-06,N-II,GIRONA,Girones,1,1,0,1,2,0,0,0,0,1,1,0,0,80.0,0.0,0,1,No n'hi ha,-1.0,3,3,0,0,0,0,0,0,0,0,0,0,0,0,4,-1,1,Col·lisió frontal,-1,1,2,4,1,2,1,7.35,0,2,1,6,3
3122,2012,0,2012-03-30,C-58,VACARISSES,Valles Occidental,3,0,2,0,2,0,0,0,0,2,0,0,0,80.0,0.0,0,1,No n'hi ha,-1.0,3,3,1,0,0,0,0,0,0,0,0,0,0,0,3,-1,1,Col·lisió frontal,-1,1,2,4,2,2,0,20.4,1,2,4,30,3
3123,2012,0,2012-05-26,C-25,SANT BARTOMEU DEL GR,Osona,3,0,1,1,3,0,0,0,0,2,0,1,0,90.0,0.0,0,-1,Sense Especificar,-1.0,3,3,1,0,0,0,0,0,0,0,0,0,0,0,4,-1,-1,Col·lisió frontal,-1,1,2,4,4,2,0,11.59,0,2,5,26,5
3124,2012,0,2012-06-27,N-II,"MASNOU, EL",Maresme,3,0,1,0,2,0,0,0,1,1,0,0,0,60.0,0.0,0,2,No n'hi ha,-1.0,3,3,1,0,0,0,0,0,0,0,0,0,0,1,5,3,1,Caiguda en la via,2,1,2,4,1,2,1,22.24,2,0,2,27,6
3125,2012,1,2012-11-19,SE,BARCELONA,Barcelones,3,0,1,0,2,1,0,0,0,1,0,0,0,100.0,0.0,0,-1,No n'hi ha,-1.0,3,3,1,0,0,0,0,0,0,0,0,0,0,1,4,2,1,Atropellament,2,2,2,5,-1,2,1,11.5,0,3,0,19,11
3126,2012,0,2012-10-05,N-420,CORBERA D'EBRE,Terra Alta,0,0,1,2,2,0,0,0,1,1,0,0,0,100.0,0.0,0,1,No n'hi ha,-1.0,3,3,1,0,0,0,0,0,1,0,0,0,0,0,3,-1,1,Col·lisió frontal,-1,1,2,4,1,2,0,20.02,1,2,4,5,10
3127,2012,1,2012-10-05,SE,BARCELONA,Barcelones,3,0,1,1,3,2,0,0,0,1,0,0,0,100.0,0.0,0,-1,No n'hi ha,-1.0,3,3,1,0,0,0,0,0,0,0,0,0,1,1,4,4,0,Atropellament,2,2,2,5,-1,2,1,9.0,0,3,4,5,10
3128,2012,1,2012-02-18,SE,CERDANYOLA DEL VALLES,Valles Occidental,3,0,1,3,5,4,0,0,0,1,0,0,0,100.0,0.0,0,-1,No n'hi ha,-1.0,3,3,1,0,0,0,0,0,0,0,0,0,0,0,4,-1,-1,Altres,-1,2,2,5,-1,2,0,23.1,2,5,5,18,2
3129,2012,0,2012-10-04,BV-3008,FONOLLOSA,Bages,3,0,1,2,2,0,0,0,1,1,0,0,0,50.0,0.0,0,0,No n'hi ha,-1.0,3,3,1,0,0,0,0,0,1,0,0,0,0,0,1,-1,1,Col·lisió frontal,-1,1,2,4,3,2,1,18.05,1,2,3,4,10
3130,2012,1,2012-09-14,SE,PREMIA DE MAR,Maresme,3,0,1,0,2,1,0,0,0,1,0,0,0,30.0,0.0,0,2,No n'hi ha,-1.0,3,3,1,-1,0,0,0,-1,0,0,0,0,0,1,4,2,0,Atropellament,1,2,2,5,-1,2,1,12.11,0,3,4,14,9
3131,2012,0,2012-06-13,AP-7,FOGARS DE TORDERA,Selva,3,0,1,0,2,0,0,0,0,1,1,0,0,120.0,0.0,0,1,No n'hi ha,-1.0,3,3,1,0,0,0,0,0,0,0,0,0,0,0,1,-1,1,Encalç,-1,1,2,4,2,2,1,5.42,2,2,2,13,6
3132,2012,1,2012-05-08,SE,BARCELONA,Barcelones,3,0,1,0,2,1,0,0,0,1,0,0,0,100.0,0.0,0,-1,No n'hi ha,-1.0,3,3,1,0,0,0,0,0,0,0,0,0,0,0,4,-1,1,Atropellament,-1,2,2,5,-1,2,1,17.38,1,3,1,8,5
3133,2012,1,2012-05-25,SE,TORROELLA DE MONTGRI,Baix Emporda,1,0,1,0,2,1,0,0,0,1,0,0,0,100.0,0.0,0,1,No n'hi ha,-1.0,3,3,1,0,0,0,0,0,0,0,0,0,0,2,4,4,1,Atropellament,2,2,2,5,2,2,0,18.56,1,3,4,25,5
3134,2012,0,2012-05-15,BP-5002,VILANOVA DEL VALLES,Valles Oriental,3,0,1,0,2,0,0,0,0,1,1,0,0,50.0,0.0,0,2,No n'hi ha,-1.0,3,3,1,0,1,0,0,0,0,0,0,0,0,1,3,4,1,Envestida (frontal lateral),1,1,2,4,3,2,1,0.01,2,2,1,15,5
3135,2012,0,2012-07-24,CR,MONTORNES DEL VALLES,Valles Oriental,3,0,1,0,2,0,0,1,0,1,0,0,0,100.0,0.0,0,2,No n'hi ha,-1.0,3,3,1,0,1,0,0,0,0,0,0,1,0,0,4,-1,1,Col·lisió frontal,-1,1,0,3,4,2,1,15.25,1,2,1,24,7