,Year,Area,Date,Road,Municipality Name,County Name,Province Name,Fatalties,Serious Injuries,Light Injuries,Units Involved,Pedestrains Involved,Bicycles Involved,Mopeds Involved,Motorcycles,Light Vehicles Involved,Heavy Vehicles Involved,Other Units Involved,Unspecified Units Involved,Road Speed Limit,Accident with Hit and Run,Fog Presence,Surrounding Environment,Special Lane Presence,Special Traffic Measures,Weather Conditions,Special Road Functions,Severity of Accident,Influence of Fog,Influence of Environment,Influence of Traffic,Influence of Weather,Influence of Wind Intensity,Influence of Lighting,Influence of Special Measures,Influence of Road Objects,Influence of Road Surface,Influence of Visibility,Intersection Characteristics,Lighting Conditions,Traffic Regulation and Priority,Direction of Road,Subtype of Accident,Subtype of Road Section,Subzone within Area,Road Surface Conditions,Type of Road,Road Ownership,Wind Conditions,Day of the Week Grouping,Hour of Day,Time of Day Grouping,Type of Accident,Day Type,Day,Month
3136,2012,0,2012-06-01,GI-550,ARBUCIES,Selva,1,0,1,0,2,0,0,0,1,1,0,0,0,100.0,0.0,0,0,No n'hi ha,-1.0,3,3,1,0,0,0,0,0,0,0,0,0,0,0,4,-1,1,Caiguda en la via,-1,1,2,4,3,2,0,19.09,1,0,4,1,6
3137,2012,1,2012-12-20,SE,BARCELONA,Barcelones,3,0,1,0,2,1,0,0,0,1,0,0,0,30.0,0.0,0,-1,No n'hi ha,-1.0,3,3,1,0,0,0,0,0,0,0,0,0,0,1,4,4,0,Atropellament,2,2,2,5,-1,2,1,12.35,0,3,3,20,12
3138,2012,0,2012-04-30,B-10,SANT ADRIA DE BESOS,Barcelones,3,0,1,1,2,0,0,0,1,1,0,0,0,100.0,0.0,0,3,Carril acceleració,-1.0,3,0,1,0,0,0,0,0,0,0,0,0,0,0,4,-1,0,Encalç,-1,1,2,4,0,2,1,17.36,1,2,0,30,4
3139,2012,1,2012-02-18,SE,RUBI,Valles Occidental,3,0,1,0,2,0,0,1,0,1,0,0,0,100.0,0.0,0,2,No n'hi ha,-1.0,3,3,1,0,0,0,0,0,0,0,0,0,0,0,5,-1,0,Encalç,-1,2,2,5,0,2,0,18.45,1,2,5,18,2
3140,2012,1,2012-12-15,SE,BARCELONA,Barcelones,3,0,1,0,2,0,0,0,1,1,0,0,0,100.0,0.0,0,-1,No n'hi ha,-1.0,3,3,1,0,0,0,0,0,0,0,0,0,0,1,5,4,1,Caiguda en la via,1,2,2,5,-1,2,0,1.55,2,0,5,15,12
3141,2012,1,2012-10-26,SE,LLEIDA,Segria,2,0,1,0,2,1,0,0,0,1,0,0,0,100.0,0.0,0,-1,No n'hi ha,-1.0,3,3,1,0,0,0,0,0,0,0,0,0,0,0,4,-1,-1,Atropellament,-1,2,2,5,-1,2,1,13.1,0,3,4,26,10
3142,2012,0,2012-04-22,CR,AMPOSTA,Montsia,0,0,2,0,7,0,7,0,0,0,0,0,0,100.0,0.0,0,2,No n'hi ha,-1.0,3,3,1,0,0,0,0,0,0,0,0,0,0,0,4,-1,1,Caiguda en la via,-1,1,2,3,4,2,0,12.5,0,0,6,22,4
3143,2012,1,2012-07-22,SE,LLORET DE MAR,Selva,1,0,1,0,2,0,0,0,1,1,0,0,0,100.0,0.0,0,2,No n'hi ha,-1.0,3,3,1,0,0,0,0,0,0,0,0,0,0,0,4,-1,1,Envestida (frontal lateral),-1,2,2,5,-1,2,0,19.04,1,2,6,22,7
3144,2012,0,2012-04-27,GIV-6101,PAU,Alt Emporda,1,0,1,0,1,0,0,0,1,0,0,0,0,90.0,0.0,0,-1,Sense Especificar,-1.0,3,3,1,0,0,0,0,0,0,0,0,0,0,0,4,-1,-1,Resta sortides de via,-1,1,2,4,4,2,0,17.12,1,1,4,27,4
3145,2012,1,2012-12-19,SE,BARCELONA,Barcelones,3,0,1,0,2,1,0,0,0,1,0,0,0,100.0,0.0,0,-1,No n'hi ha,-1.0,3,3,1,0,0,0,0,0,0,0,0,0,0,1,5,5,0,Atropellament,1,2,2,5,-1,2,1,20.05,1,3,2,19,12
3146,2012,0,2012-08-11,C-162,RIU DE CERDANYA,Cerdanya,2,0,3,2,2,0,0,0,0,2,0,0,0,100.0,0.0,0,1,No n'hi ha,-1.0,3,3,1,0,0,0,0,0,0,0,0,0,0,0,4,-1,1,Col·lisió frontal,-1,1,2,4,2,2,0,15.44,1,2,5,11,8
3147,2012,1,2012-10-14,SE,HOSPITALET DE LLOBREGAT,Barcelones,3,0,1,1,2,0,0,0,1,1,0,0,0,20.0,0.0,0,2,No n'hi ha,-1.0,3,3,1,-1,0,0,0,-1,0,0,0,0,0,0,4,-1,1,Fregament o col·lisió lateral,-1,2,2,5,-1,2,0,18.15,1,2,6,14,10
3148,2012,1,2012-06-16,GI-533,VILOBI D'ONYAR,Selva,1,4,0,0,2,0,0,0,0,2,0,0,0,50.0,0.0,0,2,No n'hi ha,-1.0,3,1,0,0,0,0,0,0,0,0,0,0,0,1,1,4,1,Sortida de via amb xoc o col·lisió,1,0,2,4,2,2,0,21.33,1,1,5,16,6
3149,2012,0,2012-07-14,BV-4511,SALLENT,Bages,3,0,1,0,1,0,0,0,1,0,0,0,0,100.0,0.0,0,2,No n'hi ha,-1.0,3,3,1,0,0,0,0,0,0,0,0,0,0,0,4,-1,1,Resta sortides de via,-1,1,2,4,3,2,0,19.23,1,1,5,14,7
3150,2012,1,2012-04-20,SE,REUS,Baix Camp,0,0,1,0,3,0,0,0,1,2,0,0,0,100.0,0.0,0,-1,No n'hi ha,-1.0,3,3,1,0,0,0,0,0,0,0,0,0,0,0,4,-1,-1,Envestida (frontal lateral),-1,2,2,5,-1,2,0,17.23,1,2,4,20,4
3151,2012,0,2012-10-13,C-14,ALCOVER,Alt Camp,0,0,1,0,1,0,0,0,0,1,0,0,0,90.0,0.0,0,-1,Sense Especificar,-1.0,3,3,1,0,0,0,0,0,0,0,0,0,0,0,4,-1,-1,Resta sortides de via,-1,1,2,4,4,2,0,16.28,1,1,5,13,10
3152,2012,1,2012-01-14,SE,CASTELLDEFELS,Baix Llobregat,3,0,1,0,2,1,0,0,0,1,0,0,0,100.0,0.0,0,-1,No n'hi ha,-1.0,3,3,1,0,0,0,0,0,0,0,0,0,0,0,4,-1,-1,Atropellament,-1,2,2,5,-1,2,0,20.05,1,3,5,14,1
3153,2012,1,2012-05-25,SE,MATARO,Maresme,3,0,1,0,2,0,0,0,1,1,0,0,0,20.0,0.0,0,-1,No n'hi ha,-1.0,3,3,1,0,0,0,0,0,0,0,0,0,0,1,4,4,1,Envestida (frontal lateral),2,2,2,5,-1,2,1,13.2,0,2,4,25,5
3154,2012,0,2012-03-07,GI-554,ESPONELLA,Pla de l'Estany,1,0,1,2,2,0,0,0,0,2,0,0,0,100.0,0.0,0,1,No n'hi ha,-1.0,3,3,1,0,0,0,0,0,0,0,0,0,0,0,4,-1,1,Envestida (frontal lateral),-1,1,2,4,3,2,1,16.3,1,2,2,7,3
3155,2012,0,2012-08-04,CR,MONTFERRER I CASTELLBO,Alt Urgell,2,0,1,0,1,0,0,0,1,0,0,0,0,100.0,0.0,0,1,No n'hi ha,-1.0,3,3,1,0,0,0,0,0,0,0,0,0,0,0,4,-1,1,Caiguda en la via,-1,1,2,4,3,2,0,11.52,0,0,5,4,8
3156,2012,1,2012-06-15,SE,RIBA-ROJA D'EBRE,Ribera d'Ebre,0,0,1,0,2,1,0,0,0,1,0,0,0,100.0,0.0,0,2,No n'hi ha,,3,3,1,0,0,0,0,0,0,0,0,0,0,1,4,5,1,Atropellament,2,2,3,5,-1,2,1,12.0,0,3,4,15,6
3157,2012,0,2012-12-17,CR,GIMENELLS I EL PLA DE LA FONT,Segria,2,0,1,2,3,0,0,0,0,2,1,0,0,80.0,0.0,0,2,No n'hi ha,-1.0,3,3,1,0,0,0,0,0,0,0,0,0,0,0,1,-1,1,Encalç,-1,1,2,4,0,2,1,18.04,1,2,0,17,12
3158,2012,1,2012-02-16,SE,BARCELONA,Barcelones,3,0,1,0,3,0,0,0,1,2,0,0,0,100.0,0.0,0,-1,No n'hi ha,-1.0,3,3,1,0,0,0,0,0,0,0,0,0,0,1,4,2,0,Envestida (frontal lateral),2,2,2,5,-1,2,1,10.05,0,2,3,16,2
3159,2012,1,2012-03-20,SE,"PRAT DE LLOBREGAT, E",Baix Llobregat,3,0,1,0,2,0,0,1,0,1,0,0,0,100.0,0.0,0,-1,No n'hi ha,-1.0,3,3,1,0,0,0,0,0,0,0,0,0,0,0,4,-1,-1,Envestida (frontal lateral),-1,2,2,5,-1,2,1,13.45,0,2,1,20,3
3160,2012,1,2012-03-06,SE,BARCELONA,Barcelones,3,0,1,0,2,0,0,1,0,1,0,0,0,100.0,0.0,0,-1,Carril bus,-1.0,3,3,1,0,0,1,0,0,0,0,0,0,0,0,5,-1,0,Envestida (frontal lateral),-1,2,2,5,-1,2,1,20.2,1,2,1,6,3
3161,2012,1,2012-03-15,SE,CASTELLDEFELS,Baix Llobregat,3,0,1,0,2,0,0,0,1,1,0,0,0,100.0,0.0,0,3,No n'hi ha,-1.0,3,3,1,0,0,0,0,0,0,0,0,0,0,1,4,-1,0,Encalç,0,2,2,5,-1,2,1,8.5,0,2,3,15,3
3162,2012,0,2012-09-14,B-224,MARTORELL,Baix Llobregat,3,0,1,0,2,0,0,0,1,1,0,0,0,40.0,0.0,0,2,No n'hi ha,-1.0,3,3,1,0,0,0,0,0,0,0,0,0,0,2,4,4,1,Fregament o col·lisió lateral,0,1,2,4,2,2,1,14.0,1,2,4,14,9
3163,2012,0,2012-09-06,A-26,MONTAGUT,Garrotxa,1,1,0,0,2,1,0,0,0,1,0,0,0,100.0,0.0,0,0,No n'hi ha,-1.0,3,3,0,0,0,0,0,0,0,0,0,0,0,0,4,-1,1,Atropellament,-1,1,2,4,1,2,1,19.04,1,3,3,6,9
3164,2012,0,2012-08-17,BV-4132,CASSERRES,Bergueda,3,0,1,0,2,0,0,0,0,2,0,0,0,100.0,0.0,0,3,No n'hi ha,-1.0,3,3,1,0,0,0,0,0,0,0,0,0,0,0,4,-1,1,Sortida de via amb xoc o col·lisió,-1,1,2,4,3,2,1,8.33,0,1,4,17,8
3165,2012,1,2012-07-05,SE,GRANOLLERS,Valles Oriental,3,0,2,0,4,0,1,0,1,2,0,0,0,100.0,0.0,0,2,No n'hi ha,-1.0,3,3,1,0,0,0,0,0,0,0,0,0,0,1,4,3,1,Envestida (frontal lateral),2,2,2,5,-1,2,1,13.43,0,2,3,5,7
3166,2012,1,2012-11-14,SE,GIRONA,Girones,1,0,1,0,2,0,0,0,1,1,0,0,0,100.0,0.0,0,2,No n'hi ha,-1.0,3,3,1,0,0,0,0,0,0,0,0,0,0,1,5,5,1,Envestida (frontal lateral),2,2,2,5,-1,2,1,18.13,1,2,2,14,11
3167,2012,1,2012-02-20,SE,BLANES,Selva,1,0,1,0,2,1,0,0,0,1,0,0,0,20.0,0.0,0,-1,No n'hi ha,-1.0,3,3,1,-1,0,0,0,-1,0,0,0,0,0,0,4,-1,0,Atropellament,-1,2,2,5,-1,2,1,11.36,0,3,0,20,2
3168,2012,0,2012-01-07,T-712,GRATALLOPS,Priorat,0,0,1,1,2,0,0,0,2,0,0,0,0,100.0,0.0,0,1,No n'hi ha,-1.0,3,3,1,0,1,0,0,0,0,0,0,0,0,0,4,-1,1,Xoc contra objecte/obstacle sense sortida prèvia de via,-1,1,2,4,2,2,0,11.45,0,4,5,7,1
3169,2012,1,2012-06-09,SE,BARCELONA,Barcelones,3,0,1,0,1,0,1,0,0,0,0,0,0,100.0,0.0,0,-1,No n'hi ha,-1.0,3,3,1,0,0,0,0,0,0,0,0,0,0,0,4,-1,1,Caiguda en la via,-1,2,2,5,-1,2,0,13.15,0,0,5,9,6
3170,2012,1,2012-05-30,SE,TERRASSA,Valles Occidental,3,0,1,0,2,0,0,0,1,1,0,0,0,50.0,0.0,0,3,No n'hi ha,-1.0,3,3,1,0,0,0,0,0,0,0,0,0,0,0,4,-1,0,Encalç,-1,2,2,5,-1,2,1,9.35,0,2,2,30,5
3171,2012,1,2012-06-20,SE,BARCELONA,Barcelones,3,0,1,0,2,0,0,1,0,1,0,0,0,100.0,0.0,0,-1,No n'hi ha,-1.0,3,3,1,0,0,0,0,0,0,0,0,0,0,0,4,-1,0,Encalç,-1,2,2,5,-1,2,1,13.5,0,2,2,20,6
3172,2012,0,2012-01-15,C-58,BARCELONA,Barcelones,3,1,0,0,1,0,0,0,1,0,0,0,0,100.0,0.0,0,-1,No n'hi ha,-1.0,3,3,0,0,0,0,0,0,0,0,0,0,0,0,4,-1,-1,Altres,-1,1,2,4,-1,2,0,7.25,0,5,6,15,1
3173,2012,1,2012-12-07,SE,TORTOSA,Baix Ebre,0,0,1,0,2,1,0,0,0,1,0,0,0,100.0,0.0,0,2,No n'hi ha,-1.0,3,3,1,0,0,0,0,0,0,0,0,0,0,0,5,-1,1,Atropellament,-1,2,2,5,-1,2,0,21.0,1,3,4,7,12
3174,2012,1,2012-05-29,SE,LLORET DE MAR,Selva,1,0,1,0,2,0,0,1,0,1,0,0,0,100.0,0.0,0,2,No n'hi ha,-1.0,3,3,1,0,0,0,0,0,0,0,0,0,0,1,4,4,0,Envestida (frontal lateral),2,2,2,5,-1,2,1,7.37,0,2,1,29,5
3175,2012,0,2012-07-10,C-12,TORTOSA,Baix Ebre,0,1,0,0,2,1,0,0,0,1,0,0,0,50.0,0.0,0,3,No n'hi ha,-1.0,3,3,0,0,0,0,0,0,0,0,0,0,0,0,4,-1,1,Atropellament,-1,1,2,4,0,2,1,9.52,0,3,1,10,7
3176,2012,0,2012-07-26,C-66,BANYOLES,Pla de l'Estany,1,0,2,1,2,0,0,0,0,2,0,0,0,100.0,0.0,0,2,No n'hi ha,-1.0,3,2,1,0,0,0,0,0,0,0,0,0,0,0,4,-1,1,Col·lisió frontal,-1,1,2,4,2,2,1,13.02,0,2,3,26,7
3177,2012,0,2012-05-04,GI-555,RIUDARENES,Selva,1,0,1,3,1,0,0,0,0,1,0,0,0,100.0,0.0,0,0,No n'hi ha,-1.0,3,3,1,0,0,0,0,0,0,0,0,0,0,0,2,-1,1,Resta sortides de via,-1,1,2,4,2,2,0,19.28,1,1,4,4,5
3178,2012,1,2012-07-18,SE,"VENDRELL, EL",Baix Penedes,0,0,1,0,2,1,0,0,0,1,0,0,0,40.0,0.0,0,-1,No n'hi ha,-1.0,3,3,1,-1,0,0,0,-1,0,0,0,0,-1,1,1,4,0,Atropellament,2,2,2,5,-1,2,1,20.28,1,3,2,18,7
3179,2012,0,2012-09-22,C-14,CIUTADILLA,Urgell,2,1,0,0,1,0,0,0,1,0,0,0,0,100.0,0.0,0,1,Carril lent,-1.0,3,3,0,0,1,0,0,0,0,0,0,0,0,0,4,-1,1,Xoc contra objecte/obstacle sense sortida prèvia de via,-1,1,2,4,2,2,0,14.3,1,4,5,22,9
3180,2012,0,2012-07-12,N-II,CASTELLBISBAL,Valles Occidental,3,0,1,0,1,0,0,0,0,0,1,0,0,120.0,0.0,0,-1,No n'hi ha,-1.0,3,3,1,-1,0,0,0,-1,0,0,0,0,0,0,1,-1,0,Xoc contra objecte/obstacle sense sortida prèvia de via,-1,1,2,1,2,2,1,20.5,1,4,3,12,7
3181,2012,1,2012-02-24,SE,MANRESA,Bages,3,0,1,0,2,1,0,0,0,1,0,0,0,100.0,0.0,0,2,No n'hi ha,-1.0,3,3,1,0,0,0,0,0,0,0,0,0,0,1,4,4,1,Atropellament,1,2,2,5,0,2,0,15.06,1,3,4,24,2
3182,2012,1,2012-09-21,SE,SANT FELIU DE LLOBREGAT,Baix Llobregat,3,0,1,0,2,0,0,0,1,1,0,0,0,100.0,0.0,0,2,No n'hi ha,-1.0,3,3,1,0,0,0,0,0,0,0,0,0,0,1,4,-1,1,Envestida (frontal lateral),2,2,2,5,-1,2,1,9.34,0,2,4,21,9
3183,2012,1,2012-01-24,SE,BARCELONA,Barcelones,3,0,1,0,3,0,0,1,1,1,0,0,0,100.0,0.0,0,-1,No n'hi ha,-1.0,3,3,1,0,0,0,0,0,0,0,0,0,0,0,5,-1,1,Fregament o col·lisió lateral,-1,2,2,5,-1,2,1,19.05,1,2,1,24,1
3184,2012,0,2012-09-19,N-154,LLIVIA,Cerdanya,1,0,1,0,1,0,0,0,0,1,0,0,0,90.0,0.0,0,2,No n'hi ha,-1.0,3,3,1,0,0,0,0,0,0,0,0,0,0,0,1,-1,1,Resta sortides de via,-1,1,2,4,1,2,1,20.46,1,1,2,19,9
3185,2012,1,2012-11-13,SE,BARCELONA,Barcelones,3,0,1,0,2,1,0,0,1,0,0,0,0,100.0,0.0,0,-1,No n'hi ha,-1.0,3,3,1,0,0,0,0,0,0,0,0,0,0,1,5,3,1,Atropellament,2,2,2,5,-1,2,1,6.3,0,3,1,13,11
3186,2012,0,2012-02-12,C-25,BRUNYOLA,Selva,1,0,2,1,1,0,0,0,0,1,0,0,0,80.0,0.0,0,0,No n'hi ha,0.0,3,3,1,0,0,0,0,0,0,1,0,0,0,0,4,-1,1,Resta sortides de via,-1,1,2,4,2,2,0,16.44,1,1,6,12,2
3187,2012,1,2012-09-28,SE,BARCELONA,Barcelones,3,0,1,0,3,2,0,0,0,1,0,0,0,100.0,0.0,0,-1,No n'hi ha,-1.0,3,3,1,0,0,0,0,0,0,0,0,0,1,0,4,-1,0,Atropellament,-1,2,2,5,-1,2,0,17.0,1,3,4,28,9
3188,2012,1,2012-07-31,SE,BARCELONA,Barcelones,3,0,1,1,2,1,0,0,1,0,0,0,0,100.0,0.0,0,-1,Carril central,-1.0,3,3,1,0,0,0,0,0,0,0,0,0,0,0,5,-1,1,Atropellament,-1,2,2,5,-1,2,1,3.15,2,3,1,31,7
3189,2012,0,2012-01-24,LV-3344,BELLPUIG,Urgell,2,0,1,0,2,0,0,0,1,0,1,0,0,100.0,0.0,0,3,No n'hi ha,-1.0,3,3,1,0,0,0,0,0,0,0,0,0,1,1,3,5,1,Envestida (frontal lateral),1,1,2,4,3,2,1,6.59,0,2,1,24,1
3190,2012,0,2012-07-18,A-2,TORRES DE SEGRE,Segria,2,0,1,0,6,2,0,0,0,2,2,0,0,100.0,0.0,0,2,No n'hi ha,-1.0,3,3,1,0,0,0,0,0,0,0,0,0,0,0,4,-1,1,Xoc contra objecte/obstacle sense sortida prèvia de via,-1,1,2,4,1,2,1,18.2,1,4,2,18,7
3191,2012,0,2012-10-18,A-2,CORBERA DE LLOBREGAT,Baix Llobregat,3,0,1,0,2,0,0,0,1,1,0,0,0,100.0,0.0,0,3,No n'hi ha,-1.0,3,3,1,0,0,0,0,0,0,0,0,0,0,0,0,-1,1,Encalç,-1,1,2,4,1,2,1,7.46,0,2,3,18,10
3192,2012,1,2012-05-25,SE,SANT BOI DE LLOBREGAT,Baix Llobregat,3,0,1,0,2,0,0,0,1,1,0,0,0,100.0,0.0,0,-1,No n'hi ha,-1.0,3,3,1,0,0,0,0,0,0,0,0,0,0,0,4,-1,-1,Envestida (frontal lateral),-1,2,2,5,-1,2,1,13.47,0,2,4,25,5
3193,2012,1,2012-07-11,SE,BADALONA,Barcelones,3,0,1,0,2,1,0,0,0,1,0,0,0,20.0,0.0,0,2,No n'hi ha,-1.0,3,3,1,-1,0,0,0,-1,0,0,0,0,-1,1,5,3,1,Atropellament,2,2,2,5,-1,2,1,5.3,2,3,2,11,7
3194,2012,1,2012-10-05,SE,VILAFRANCA DEL PENEDES,Alt Penedes,3,0,1,0,2,0,1,0,0,1,0,0,0,20.0,0.0,0,2,No n'hi ha,-1.0,3,3,1,-1,0,0,0,-1,0,0,0,0,0,1,5,4,1,Encalç,1,2,2,5,-1,2,1,6.48,0,2,4,5,10
3195,2012,0,2012-05-16,TV-7211,CONSTANTI,Tarragones,0,0,1,1,2,0,0,0,0,2,0,0,0,100.0,0.0,0,3,No n'hi ha,-1.0,3,3,1,0,0,0,0,0,0,0,0,0,0,0,4,-1,1,Col·lisió frontal,-1,1,2,4,2,2,1,14.35,1,2,2,16,5
3196,2012,1,2012-03-16,SE,VALLROMANES,Valles Oriental,3,0,1,0,2,1,0,0,0,0,1,0,0,100.0,0.0,0,2,No n'hi ha,-1.0,3,3,1,0,1,0,0,0,0,0,0,0,0,0,4,-1,1,Atropellament,-1,2,2,5,-1,2,1,9.0,0,3,4,16,3
3197,2012,0,2012-11-17,C-58,SANT QUIRZE DEL VALLES,Valles Occidental,3,1,1,2,8,1,0,0,0,7,0,0,0,100.0,0.0,0,-1,No n'hi ha,-1.0,3,3,0,0,0,0,0,0,0,0,0,0,0,0,4,-1,-1,Altres,-1,1,2,4,-1,2,0,6.3,0,5,5,17,11
3198,2012,1,2012-04-16,SE,TERRASSA,Valles Occidental,3,0,1,0,2,0,0,0,1,1,0,0,0,100.0,0.0,0,-1,No n'hi ha,-1.0,3,3,1,0,0,0,0,0,0,0,0,0,0,0,4,-1,-1,Altres,-1,2,2,5,-1,2,1,8.16,0,5,0,16,4
3199,2012,0,2012-08-21,N-IIa,SANT ANFREU DE LA BARCA,Baix Llobregat,3,0,1,0,2,1,0,0,0,0,0,1,0,90.0,0.0,0,1,No n'hi ha,-1.0,3,3,1,-1,0,0,0,-1,0,0,0,0,-1,0,4,-1,1,Atropellament,-1,1,2,4,1,2,1,11.41,0,3,1,21,8
3200,2012,1,2012-05-22,SE,REUS,Baix Camp,0,0,1,0,2,1,0,0,0,1,0,0,0,100.0,0.0,0,0,No n'hi ha,-1.0,3,3,1,0,0,0,0,0,0,0,0,0,0,0,4,-1,0,Atropellament,-1,2,2,5,0,2,1,10.45,0,3,1,22,5
3201,2012,1,2012-09-18,SE,VILA-SECA,Tarragones,0,0,1,0,2,0,0,0,1,1,0,0,0,100.0,0.0,0,-1,No n'hi ha,-1.0,3,3,1,0,0,0,0,0,0,0,0,0,0,0,4,-1,-1,Envestida (frontal lateral),-1,2,2,5,-1,2,1,20.3,1,2,1,18,9
3202,2012,1,2012-04-26,SE,BARCELONA,Barcelones,3,1,0,1,5,2,0,0,1,2,0,0,0,30.0,0.0,0,-1,No n'hi ha,-1.0,3,3,0,0,0,0,0,0,0,0,0,0,0,1,4,4,0,Atropellament,2,2,2,5,-1,2,1,16.0,1,3,3,26,4
3203,2012,1,2012-07-12,SE,BARCELONA,Barcelones,3,0,1,1,4,2,0,0,0,2,0,0,0,100.0,0.0,0,-1,No n'hi ha,0.0,3,3,1,0,0,0,0,0,0,0,0,0,0,1,4,3,0,Atropellament,2,2,2,5,-1,2,1,17.05,1,3,3,12,7
3204,2012,1,2012-05-11,SE,MANRESA,Bages,3,0,1,0,2,1,0,0,0,1,0,0,0,100.0,0.0,0,2,No n'hi ha,-1.0,3,3,1,0,0,0,0,0,0,0,0,0,0,2,4,-1,0,Atropellament,2,2,2,5,-1,2,1,13.1,0,3,4,11,5
3205,2012,1,2012-01-28,SE,SABADELL,Valles Occidental,3,0,1,2,2,0,0,0,0,2,0,0,0,100.0,0.0,0,2,No n'hi ha,-1.0,3,3,1,0,0,0,0,0,0,0,0,0,0,1,5,3,1,Envestida (frontal lateral),2,2,2,5,-1,2,0,21.55,1,2,5,28,1
3206,2012,0,2012-03-30,C-245,CORNELLA DE LLOBREGAT,Baix Llobregat,3,0,1,0,2,1,0,0,0,1,0,0,0,80.0,0.0,0,2,No n'hi ha,-1.0,3,3,1,0,0,0,0,0,0,0,0,0,1,0,4,-1,1,Atropellament,-1,1,2,4,2,2,1,14.15,1,3,4,30,3
3207,2012,1,2012-08-03,SE,GRANOLLERS,Valles Oriental,3,0,1,1,2,0,0,0,1,1,0,0,0,100.0,0.0,0,2,No n'hi ha,-1.0,3,3,1,0,0,0,0,0,0,0,0,0,0,2,4,3,1,Encalç,1,2,2,5,-1,2,1,12.3,0,2,4,3,8
3208,2012,1,2012-04-03,SE,VILANOVA I LA GELTRU,Garraf,3,0,1,0,2,1,0,0,0,1,0,0,0,100.0,0.0,0,2,No n'hi ha,-1.0,3,3,1,0,0,0,0,0,0,0,0,0,0,1,2,4,0,Caiguda en la via,2,2,2,5,-1,2,1,15.0,1,0,1,3,4
3209,2012,0,2012-04-16,N-260,ARSEGUEL,Alt Urgell,2,1,0,0,2,0,0,0,1,1,0,0,0,70.0,0.0,0,3,No n'hi ha,-1.0,3,3,0,0,0,0,0,0,0,0,0,0,0,0,4,-1,1,Envestida (frontal lateral),-1,1,2,4,2,2,1,14.5,1,2,0,16,4
3210,2012,1,2012-03-18,SE,BADALONA,Barcelones,3,0,1,1,3,2,0,0,0,1,0,0,0,20.0,0.0,0,-1,No n'hi ha,-1.0,3,3,1,-1,0,0,0,-1,0,0,0,0,0,1,5,2,1,Atropellament,2,2,2,5,-1,2,0,19.17,1,3,6,18,3
3211,2012,1,2012-09-18,SE,SANT BOI DE LLOBREGAT,Baix Llobregat,3,0,1,1,3,1,0,0,1,1,0,0,0,100.0,0.0,0,-1,No n'hi ha,-1.0,3,3,1,0,0,0,0,0,0,0,0,0,0,0,4,-1,-1,Atropellament,-1,2,2,5,-1,2,1,9.15,0,3,1,18,9
3212,2012,1,2012-01-02,SE,BADALONA,Barcelones,3,0,1,0,2,0,0,0,1,1,0,0,0,20.0,0.0,0,-1,No n'hi ha,-1.0,3,3,1,-1,0,0,0,-1,0,0,0,0,-1,1,4,4,0,Envestida (frontal lateral),2,2,2,5,-1,2,1,14.52,1,2,0,2,1
3213,2012,0,2012-07-11,C-25,VILOBI D'ONYAR,Selva,1,1,0,3,2,0,0,0,0,2,0,0,0,60.0,0.0,0,1,No n'hi ha,0.0,3,3,0,0,0,0,0,0,0,0,0,0,0,0,4,-1,1,Envestida (frontal lateral),-1,1,2,4,2,2,1,17.2,1,2,2,11,7
3214,2012,1,2012-04-03,SE,SABADELL,Valles Occidental,3,0,1,0,2,1,0,0,0,1,0,0,0,100.0,0.0,0,-1,No n'hi ha,-1.0,3,3,1,0,0,0,0,0,0,0,0,0,0,0,4,-1,-1,Atropellament,-1,2,2,5,-1,2,1,12.35,0,3,1,3,4
3215,2012,1,2012-03-22,SE,BARCELONA,Barcelones,3,0,2,1,3,0,0,0,1,2,0,0,0,100.0,0.0,0,-1,Carril bus,-1.0,3,3,1,0,0,0,0,0,0,0,0,0,0,1,5,3,0,Envestida (frontal lateral),2,2,2,5,-1,2,1,20.4,1,2,3,22,3
3216,2012,0,2012-05-11,N-230,"PONT DE SUERT, EL",Alta Ribagorca,2,0,1,0,1,0,1,0,0,0,0,0,0,100.0,0.0,0,2,No n'hi ha,-1.0,3,3,1,0,0,0,0,0,0,0,0,0,0,0,4,-1,1,Xoc contra objecte/obstacle sense sortida prèvia de via,-1,1,2,4,1,2,1,11.2,0,4,4,11,5
3217,2012,1,2012-09-18,SE,BIGUES I RIELLS,Valles Oriental,3,0,1,0,2,0,0,0,1,1,0,0,0,100.0,0.0,0,2,No n'hi ha,-1.0,3,3,1,0,0,0,0,0,0,0,0,0,0,0,4,-1,0,Encalç,-1,2,2,5,-1,2,1,13.3,0,2,1,18,9
3218,2012,1,2012-09-15,AL,CUNIT,Baix Penedes,0,0,1,1,3,2,0,0,0,1,0,0,0,90.0,0.0,0,2,No n'hi ha,-1.0,3,1,1,-1,0,0,0,-1,1,0,0,0,1,0,1,-1,0,Atropellament,-1,0,2,4,2,2,0,19.25,1,3,5,15,9
3219,2012,1,2012-11-21,SE,REUS,Baix Camp,0,0,1,1,4,1,0,0,2,0,1,0,0,100.0,0.0,0,-1,No n'hi ha,-1.0,3,3,1,0,0,0,0,0,0,0,0,0,0,0,4,-1,-1,Resta sortides de via,-1,2,2,5,-1,2,1,11.5,0,1,2,21,11
3220,2012,1,2012-02-24,SE,CASTELLVELL DEL CAMP,Baix Camp,0,0,1,1,1,0,0,0,1,0,0,0,0,100.0,0.0,0,3,No n'hi ha,-1.0,3,3,1,0,0,0,0,0,0,0,0,0,0,0,4,-1,1,Caiguda en la via,-1,2,2,5,0,2,0,17.2,1,0,4,24,2