,Year,Area,Date,Road,Municipality Name,County Name,Province Name,Fatalties,Serious Injuries,Light Injuries,Units Involved,Pedestrains Involved,Bicycles Involved,Mopeds Involved,Motorcycles,Light Vehicles Involved,Heavy Vehicles Involved,Other Units Involved,Unspecified Units Involved,Road Speed Limit,Accident with Hit and Run,Fog Presence,Surrounding Environment,Special Lane Presence,Special Traffic Measures,Weather Conditions,Special Road Functions,Severity of Accident,Influence of Fog,Influence of Environment,Influence of Traffic,Influence of Weather,Influence of Wind Intensity,Influence of Lighting,Influence of Special Measures,Influence of Road Objects,Influence of Road Surface,Influence of Visibility,Intersection Characteristics,Lighting Conditions,Traffic Regulation and Priority,Direction of Road,Subtype of Accident,Subtype of Road Section,Subzone within Area,Road Surface Conditions,Type of Road,Road Ownership,Wind Conditions,Day of the Week Grouping,Hour of Day,Time of Day Grouping,Type of Accident,Day Type,Day,Month
3221,2012,0,2012-04-04,N-II,SILS,Selva,1,1,0,0,4,0,0,0,0,1,3,0,0,100.0,0.0,0,-1,No n'hi ha,-1.0,3,3,0,0,0,0,0,0,0,0,0,0,0,0,4,-1,-1,Col·lisió frontal,-1,1,2,4,-1,2,1,14.4,1,2,2,4,4
3222,2012,1,2012-08-09,SE,TERRASSA,Valles Occidental,3,0,1,0,2,0,0,0,1,1,0,0,0,20.0,0.0,0,-1,No n'hi ha,-1.0,3,3,1,-1,-1,0,0,-1,0,0,0,0,-1,1,4,4,1,Envestida (frontal lateral),1,2,2,5,-1,2,1,18.1,1,2,3,9,8
3223,2012,1,2012-07-30,SE,REUS,Baix Camp,0,0,1,2,2,0,0,0,0,2,0,0,0,100.0,0.0,0,2,No n'hi ha,-1.0,3,3,1,0,0,0,0,0,0,0,0,0,0,1,1,4,1,Fregament o col·lisió lateral,0,2,2,5,-1,2,1,7.02,0,2,0,30,7
3224,2012,1,2012-11-02,SE,ARENYS DE MAR,Maresme,3,1,0,0,2,1,0,0,0,1,0,0,0,100.0,0.0,0,2,No n'hi ha,-1.0,3,3,0,0,0,0,0,0,0,0,0,0,0,0,5,-1,0,Atropellament,-1,2,2,5,0,2,0,20.08,1,3,4,2,11
3225,2012,1,2012-05-29,SE,LLEIDA,Segria,2,0,1,0,2,0,0,0,1,1,0,0,0,20.0,0.0,0,-1,No n'hi ha,-1.0,3,3,1,0,0,0,0,0,0,0,0,0,0,1,4,4,-1,Envestida (frontal lateral),2,2,2,5,-1,2,1,10.2,0,2,1,29,5
3226,2012,1,2012-05-28,SE,BARCELONA,Barcelones,3,1,0,0,2,1,0,0,0,1,0,0,0,100.0,0.0,0,-1,No n'hi ha,0.0,3,3,0,0,0,0,0,0,0,1,0,0,0,1,4,3,1,Atropellament,2,2,2,5,-1,2,1,10.11,0,3,0,28,5
3227,2012,0,2012-01-13,AP-7,"AMETLLA DE MAR, L'",Baix Ebre,0,1,0,0,1,0,0,0,0,0,1,0,0,100.0,0.0,0,1,No n'hi ha,-1.0,3,3,0,0,0,0,0,0,0,0,0,0,0,0,3,-1,1,Resta sortides de via,-1,1,2,4,1,2,1,1.13,2,1,4,13,1
3228,2012,0,2012-08-29,BV-3001,CARDONA,Bages,3,0,1,0,2,0,0,0,1,1,0,0,0,100.0,0.0,0,1,No n'hi ha,-1.0,3,3,1,0,0,0,0,0,0,0,0,0,0,0,1,-1,1,Envestida (frontal lateral),-1,1,2,4,3,2,1,20.22,1,2,2,29,8
3229,2012,1,2012-04-19,SE,SANT BOI DE LLOBREGAT,Baix Llobregat,3,0,1,0,2,0,1,0,0,1,0,0,0,100.0,0.0,0,2,No n'hi ha,-1.0,1,3,1,0,0,0,0,0,0,0,0,0,0,1,2,4,0,Envestida (frontal lateral),0,2,0,5,0,2,1,17.2,1,2,3,19,4
3230,2012,0,2012-08-17,B-10,SANT ADRIA DE BESOS,Barcelones,3,0,1,0,2,0,0,0,1,1,0,0,0,80.0,0.0,0,2,No n'hi ha,-1.0,3,0,1,0,0,0,0,0,0,0,0,0,0,0,4,-1,1,Encalç,-1,1,2,4,3,2,1,13.53,0,2,4,17,8
3231,2012,0,2012-03-17,BV-5301,SANTA MARIA DE PALAU,Valles Oriental,3,0,2,0,1,0,0,0,0,1,0,0,0,100.0,0.0,0,3,No n'hi ha,-1.0,3,3,1,0,1,0,0,0,0,0,0,0,1,0,1,-1,1,Resta sortides de via,-1,1,2,4,3,2,0,6.4,0,1,5,17,3
3232,2012,0,2012-11-06,C-260,FIGUERES,Alt Emporda,1,0,1,0,2,1,0,0,0,1,0,0,0,100.0,0.0,0,2,No n'hi ha,-1.0,3,2,1,0,0,0,0,0,1,0,0,0,0,2,5,-1,0,Atropellament,0,1,2,4,3,2,1,18.4,1,3,1,6,11
3233,2012,1,2012-06-14,SE,VALLS,Alt Camp,0,0,1,0,2,0,0,0,1,1,0,0,0,100.0,0.0,0,2,No n'hi ha,-1.0,3,1,1,0,0,0,0,0,0,0,0,0,0,2,4,4,1,Caiguda en la via,2,0,2,5,-1,2,1,9.45,0,0,3,14,6
3234,2012,0,2012-05-07,C-25,SANTA COLOMA DE FARNERS,Selva,1,0,1,0,1,0,0,0,1,0,0,0,0,90.0,0.0,0,-1,Sense Especificar,-1.0,3,3,1,0,0,0,0,0,0,0,0,0,0,0,4,-1,-1,Altres,-1,1,2,4,4,2,1,15.07,1,5,0,7,5
3235,2012,1,2012-01-11,SE,FRANQUESES DEL VALLE,Valles Oriental,3,0,1,0,2,0,0,0,0,1,1,0,0,50.0,0.0,0,2,No n'hi ha,-1.0,3,3,1,0,0,0,0,0,0,0,0,0,0,0,4,-1,1,Envestida (frontal lateral),-1,2,2,5,0,2,1,12.25,0,2,2,11,1
3236,2012,1,2012-01-26,SE,TERRASSA,Valles Occidental,3,0,1,0,2,1,0,0,0,1,0,0,0,100.0,0.0,0,-1,No n'hi ha,-1.0,3,3,1,0,0,0,0,0,0,0,0,0,0,0,4,-1,-1,Atropellament,-1,2,2,5,-1,2,1,19.35,1,3,3,26,1
3237,2012,0,2012-02-01,C-55,CASTELLBELL I EL VIL,Bages,3,1,1,3,3,0,0,0,0,3,0,0,0,60.0,0.0,0,1,No n'hi ha,-1.0,3,3,0,0,0,0,0,0,0,0,0,0,0,0,0,-1,1,Sortida de via amb xoc o col·lisió,-1,1,2,4,2,2,1,22.22,2,1,2,1,2
3238,2012,0,2012-05-20,C-55,CASTELLBELL I EL VIL,Bages,3,2,0,1,3,0,0,0,0,3,0,0,0,60.0,0.0,0,1,Carril avançament,-1.0,3,3,0,0,0,0,1,0,0,0,0,0,0,0,4,-1,1,Sortida de via amb xoc o col·lisió,-1,1,2,4,2,2,0,19.08,1,1,6,20,5
3239,2012,0,2012-06-02,AP-7,TARRAGONA,Tarragones,0,1,0,2,3,0,0,0,0,2,1,0,0,100.0,0.0,0,2,No n'hi ha,-1.0,3,3,0,0,0,0,0,0,0,0,0,0,0,0,4,-1,1,Xoc contra objecte/obstacle sense sortida prèvia de via,-1,1,2,4,4,2,0,16.42,1,4,5,2,6
3240,2012,1,2012-04-28,SE,BARCELONA,Barcelones,3,1,0,1,2,0,0,0,1,1,0,0,0,100.0,0.0,0,-1,No n'hi ha,-1.0,1,3,0,0,0,0,0,0,0,0,0,0,1,0,5,-1,1,Caiguda en la via,-1,2,0,5,-1,2,0,21.3,1,0,5,28,4
3241,2012,1,2012-07-16,SE,"VENDRELL, EL",Baix Penedes,0,0,2,0,2,0,0,1,1,0,0,0,0,40.0,0.0,0,-1,No n'hi ha,-1.0,3,3,1,-1,0,0,0,-1,0,0,0,0,-1,1,4,4,0,Envestida (frontal lateral),2,2,2,5,-1,2,1,12.55,0,2,0,16,7
3242,2012,0,2012-12-24,GI-552,SANT FELIU DE BUIXALLEU,Selva,1,0,1,0,1,0,0,0,0,1,0,0,0,50.0,0.0,0,2,No n'hi ha,-1.0,1,3,1,0,0,0,1,0,0,0,0,0,0,0,3,-1,1,Resta sortides de via,-1,1,2,4,2,2,1,23.52,2,1,0,24,12
3243,2012,1,2012-03-21,SE,REUS,Baix Camp,0,0,1,0,2,1,0,0,0,1,0,0,0,100.0,0.0,0,-1,No n'hi ha,-1.0,3,3,1,0,0,0,0,0,0,0,0,0,0,0,4,-1,-1,Atropellament,-1,2,2,5,-1,2,1,12.55,0,3,2,21,3
3244,2012,1,2012-03-13,N-II,VILASSAR DE MAR,Maresme,3,0,1,0,2,1,0,0,0,1,0,0,0,100.0,0.0,0,2,No n'hi ha,-1.0,3,1,1,0,0,0,0,0,0,0,0,0,0,0,4,-1,1,Atropellament,-1,0,2,4,1,2,1,18.4,1,3,1,13,3
3245,2012,0,2012-09-11,C-55,SANT JOAN DE VILATOR,Bages,3,0,1,4,2,0,0,0,0,2,0,0,0,60.0,0.0,0,2,No n'hi ha,-1.0,3,3,1,0,0,0,0,0,0,0,0,0,0,1,4,4,1,Envestida (frontal lateral),0,1,2,4,2,2,1,17.09,1,2,1,11,9
3246,2012,1,2012-07-19,SE,BARCELONA,Barcelones,3,0,1,0,2,0,0,0,1,1,0,0,0,100.0,0.0,0,-1,No n'hi ha,-1.0,3,3,1,0,0,0,0,0,0,0,0,0,0,1,4,3,0,Envestida (frontal lateral),2,2,2,5,-1,2,1,13.0,0,2,3,19,7
3247,2012,1,2012-08-17,SE,BARCELONA,Barcelones,3,0,1,2,2,1,0,0,1,0,0,0,0,100.0,0.0,0,-1,No n'hi ha,-1.0,3,3,1,0,0,0,0,0,0,0,0,0,0,1,4,2,0,Atropellament,1,2,2,5,-1,2,1,13.2,0,3,4,17,8
3248,2012,1,2012-03-19,SE,TORTOSA,Baix Ebre,0,0,1,0,2,1,0,0,0,1,0,0,0,100.0,0.0,0,3,No n'hi ha,-1.0,3,3,1,0,0,0,0,0,0,0,0,0,0,2,1,-1,1,Atropellament,1,2,2,5,-1,2,1,19.3,1,3,0,19,3
3249,2012,0,2012-09-01,GIV-5221,MONTAGUT,Garrotxa,1,0,1,1,2,1,0,1,0,0,0,0,0,100.0,0.0,0,1,No n'hi ha,-1.0,3,3,1,0,0,0,0,0,0,0,0,0,0,0,4,-1,1,Atropellament,-1,1,2,4,3,2,0,14.15,1,3,5,1,9
3250,2012,1,2012-07-10,SE,MORA D'EBRE,Ribera d'Ebre,0,0,1,0,2,1,0,0,0,1,0,0,0,100.0,0.0,0,2,No n'hi ha,-1.0,3,3,1,0,0,0,0,0,0,0,0,0,0,0,4,-1,1,Atropellament,-1,2,2,5,-1,2,1,19.17,1,3,1,10,7
3251,2012,1,2012-04-19,SE,SANTA COLOMA DE GRAMANET,Barcelones,3,0,1,0,2,1,0,0,0,1,0,0,0,20.0,0.0,0,-1,No n'hi ha,-1.0,3,3,1,-1,0,0,0,-1,0,0,0,0,0,0,4,-1,0,Atropellament,-1,2,2,5,-1,2,1,11.5,0,3,3,19,4
3252,2012,1,2012-05-04,SE,BARCELONA,Barcelones,3,0,1,0,2,0,0,0,1,1,0,0,0,100.0,0.0,0,-1,No n'hi ha,-1.0,3,3,1,0,0,0,0,0,0,0,0,0,0,0,4,-1,0,Col·lisió frontal,-1,2,2,5,-1,2,0,19.15,1,2,4,4,5
3253,2012,0,2012-11-24,C-59,CALDES DE MONTBUI,Valles Oriental,3,0,1,0,2,1,0,0,0,1,0,0,0,50.0,0.0,0,2,No n'hi ha,-1.0,3,3,1,0,1,0,0,0,0,0,0,0,0,1,4,5,1,Atropellament,2,1,2,4,2,2,0,9.5,0,3,5,24,11
3254,2012,0,2012-02-07,N-240,VIMBODI,Conca de Barbera,0,0,1,3,2,0,0,0,0,2,0,0,0,100.0,0.0,0,3,No n'hi ha,-1.0,3,3,1,0,1,0,0,0,0,0,0,0,0,1,4,4,1,Envestida (frontal lateral),2,1,2,4,1,2,1,13.25,0,2,1,7,2
3255,2012,0,2012-11-25,C-14,REUS,Baix Camp,0,0,1,0,1,0,0,0,1,0,0,0,0,90.0,0.0,0,-1,Sense Especificar,-1.0,3,3,1,0,0,0,0,0,0,0,0,0,0,0,4,-1,-1,Altres,-1,1,2,4,4,2,0,11.47,0,5,6,25,11
3256,2012,0,2012-11-10,N-340,SUBIRATS,Alt Penedes,3,0,1,0,5,2,0,0,0,3,0,0,0,100.0,0.0,0,3,No n'hi ha,-1.0,3,3,1,0,0,0,0,0,0,0,0,0,0,0,3,-1,1,Atropellament,-1,1,2,4,1,2,0,7.1,0,3,5,10,11
3257,2012,1,2012-11-26,SE,VILANOVA I LA GELTRU,Garraf,3,1,1,0,1,0,0,0,1,0,0,0,0,100.0,0.0,0,1,No n'hi ha,-1.0,3,3,0,0,0,0,0,0,0,0,0,0,0,2,4,4,1,Xoc contra objecte/obstacle sense sortida prèvia de via,0,2,2,5,-1,2,1,16.1,1,4,0,26,11
3258,2012,1,2012-10-11,SE,TERRASSA,Valles Occidental,3,0,1,0,2,1,0,0,0,1,0,0,0,100.0,0.0,0,-1,No n'hi ha,-1.0,3,3,1,0,0,0,0,0,0,0,0,0,0,0,4,-1,-1,Atropellament,-1,2,2,5,-1,2,1,15.4,1,3,3,11,10
3259,2012,0,2012-01-24,BV-1414,SABADELL,Valles Occidental,3,0,1,0,1,0,0,0,1,0,0,0,0,100.0,0.0,0,1,No n'hi ha,0.0,3,3,1,0,0,0,0,0,0,0,0,0,0,0,5,-1,1,Caiguda en la via,-1,1,2,4,2,2,1,18.44,1,0,1,24,1
3260,2012,1,2012-05-29,SE,BARCELONA,Barcelones,3,0,1,0,2,1,0,0,0,0,1,0,0,100.0,0.0,0,-1,No n'hi ha,-1.0,3,3,1,0,0,0,0,0,0,0,0,0,0,1,4,3,0,Atropellament,2,2,2,5,-1,2,1,10.0,0,3,1,29,5
3261,2012,1,2012-09-07,SE,SABADELL,Valles Occidental,3,0,1,0,1,0,0,0,0,1,0,0,0,100.0,0.0,0,-1,No n'hi ha,-1.0,3,3,1,0,0,0,0,0,0,0,0,0,0,0,4,-1,-1,Altres,-1,2,2,5,-1,2,1,0.26,2,5,4,7,9
3262,2012,0,2012-07-23,B-24,PALLEJA,Baix Llobregat,3,1,0,2,4,0,0,0,2,2,0,0,0,100.0,0.0,0,-1,No n'hi ha,-1.0,3,3,0,0,0,0,0,0,0,0,0,0,0,0,4,-1,-1,Encalç,-1,1,2,4,-1,2,1,21.5,1,2,0,23,7
3263,2012,0,2012-11-01,BV-2041,GAVA,Baix Llobregat,3,0,1,0,2,0,1,0,0,1,0,0,0,100.0,0.0,0,3,No n'hi ha,-1.0,3,3,1,0,0,0,0,0,0,0,0,0,1,0,4,-1,1,Col·lisió frontal,-1,1,2,4,3,2,1,8.41,0,2,3,1,11
3264,2012,0,2012-09-01,C-14,"SELVA DEL CAMP, LA",Baix Camp,0,0,1,0,2,0,0,0,1,1,0,0,0,100.0,1.0,0,2,No n'hi ha,-1.0,3,0,1,0,0,0,0,0,0,0,0,0,0,0,3,-1,1,Encalç,-1,1,2,4,2,2,0,4.31,2,2,5,1,9
3265,2012,1,2012-04-30,SE,BARCELONA,Barcelones,3,0,2,0,4,2,0,0,0,1,1,0,0,100.0,0.0,0,-1,No n'hi ha,-1.0,3,3,1,0,0,0,0,0,0,0,0,0,0,1,4,3,1,Atropellament,2,2,2,5,-1,2,1,11.1,0,3,0,30,4
3266,2012,0,2012-08-07,N-240,JUNEDA,Garrigues,2,1,0,1,2,0,0,0,0,2,0,0,0,100.0,0.0,0,2,Carril d'alentiment,-1.0,3,3,0,0,0,0,0,0,0,0,0,0,0,2,4,4,1,Col·lisió frontal,0,1,2,4,1,2,1,10.48,0,2,1,7,8
3267,2012,1,2012-04-21,SE,BADALONA,Barcelones,3,0,1,0,2,1,0,0,0,1,0,0,0,50.0,0.0,0,-1,No n'hi ha,-1.0,3,3,1,-1,0,0,0,-1,0,0,0,0,0,0,4,-1,1,Sortida de via amb atropellament,-1,2,2,5,-1,2,0,16.19,1,1,5,21,4
3268,2012,0,2012-06-12,C-31B,SALOU,Tarragones,0,0,1,0,2,0,0,0,1,1,0,0,0,100.0,0.0,0,2,No n'hi ha,-1.0,3,3,1,0,0,0,0,0,0,0,0,0,0,1,4,4,0,Envestida (frontal lateral),0,1,2,4,0,2,1,19.2,1,2,1,12,6
3269,2012,1,2012-07-11,SE,SANTA PERPETUA DE MO,Valles Occidental,3,0,1,0,2,0,0,0,1,1,0,0,0,100.0,0.0,0,2,No n'hi ha,-1.0,3,3,1,0,0,0,0,0,0,0,0,0,0,1,4,2,1,Envestida (frontal lateral),-1,2,2,5,-1,2,1,15.1,1,2,2,11,7
3270,2012,0,2012-06-16,N-II,"MASNOU, EL",Maresme,3,0,1,0,2,0,1,0,0,1,0,0,0,100.0,0.0,0,1,No n'hi ha,-1.0,3,3,1,0,0,0,0,0,0,0,0,0,0,1,4,4,1,Fregament o col·lisió lateral,1,1,2,4,2,2,0,19.27,1,2,5,16,6
3271,2012,1,2012-11-25,SE,BARCELONA,Barcelones,3,1,3,0,3,0,0,0,0,3,0,0,0,100.0,1.0,0,-1,No n'hi ha,-1.0,3,3,0,0,0,0,0,0,0,0,0,0,0,1,5,3,0,Fregament o col·lisió lateral,2,2,2,5,-1,2,0,6.4,0,2,6,25,11
3272,2012,0,2012-07-26,BV-5224,TORELLO,Osona,3,0,1,0,1,0,0,0,1,0,0,0,0,60.0,0.0,0,2,No n'hi ha,-1.0,3,3,1,0,0,0,0,0,0,0,0,0,0,0,4,-1,1,Sortida de via amb xoc o col·lisió,-1,1,2,4,3,2,1,19.45,1,1,3,26,7
3273,2012,1,2012-01-15,SE,GRANOLLERS,Valles Oriental,3,0,1,0,2,1,0,0,0,1,0,0,0,100.0,0.0,0,2,No n'hi ha,-1.0,3,3,1,0,0,0,0,0,0,0,0,0,0,1,4,5,0,Atropellament,1,2,2,5,-1,2,0,11.5,0,3,6,15,1
3274,2012,0,2012-02-09,C-37,ODENA,Anoia,3,0,1,0,5,0,0,0,0,4,1,0,0,100.0,0.0,0,3,No n'hi ha,-1.0,3,3,1,0,0,0,0,0,0,0,0,0,0,0,3,-1,1,Envestida (frontal lateral),-1,1,2,4,2,2,1,7.17,0,2,3,9,2
3275,2013,1,2013-01-02,SE,MATARO,Maresme,3,0,1,0,1,0,0,1,0,0,0,0,0,20.0,1.0,0,2,No n'hi ha,-1.0,3,3,1,-1,0,0,0,-1,0,0,0,0,-1,0,4,-1,0,Caiguda en la via,-1,2,2,5,-1,2,1,9.15,0,0,2,2,1
3276,2013,0,2013-01-22,N-II,VILADEMULS,Pla de l'Estany,1,1,0,0,4,0,0,0,0,2,2,0,0,80.0,0.0,0,3,No n'hi ha,-1.0,3,3,0,0,0,0,0,0,0,0,0,0,0,0,3,-1,1,Col·lisió frontal,-1,1,2,4,1,2,1,18.25,1,2,1,22,1
3277,2013,1,2013-06-01,SE,REUS,Baix Camp,0,0,1,0,2,1,0,0,0,1,0,0,0,100.0,0.0,0,-1,No n'hi ha,-1.0,3,3,1,0,0,0,0,0,0,0,0,0,0,0,4,-1,-1,Atropellament,-1,2,2,5,-1,2,0,10.4,0,3,5,1,6
3278,2013,0,2013-03-12,C-32,SANT BOI DE LLOBREGAT,Baix Llobregat,3,0,1,3,5,0,0,0,1,4,0,0,0,60.0,0.0,0,2,No n'hi ha,0.0,3,3,1,0,0,0,0,0,0,0,0,0,1,0,0,-1,0,Encalç,-1,1,2,2,2,2,1,5.5,2,2,1,12,3
3279,2013,1,2013-08-03,SE,"AMPOLLA, L'",Baix Ebre,0,0,1,0,2,1,0,0,0,1,0,0,0,100.0,0.0,0,2,No n'hi ha,,3,3,1,0,0,0,0,0,0,0,0,0,0,1,4,4,0,Atropellament,0,2,2,5,-1,2,0,11.0,0,3,5,3,8
3280,2013,0,2013-08-22,N-260,BOLVIR,Cerdanya,1,0,1,0,2,0,0,0,0,1,1,0,0,90.0,0.0,0,-1,Sense Especificar,-1.0,3,3,1,0,0,0,0,0,0,0,0,0,0,0,4,-1,-1,Envestida (frontal lateral),-1,1,2,4,4,2,1,16.13,1,2,3,22,8
3281,2013,0,2013-09-03,N-340,PALLEJA,Baix Llobregat,3,0,1,1,2,0,1,0,1,0,0,0,0,60.0,0.0,0,2,No n'hi ha,-1.0,3,3,1,0,0,0,0,0,0,0,0,0,0,0,5,-1,1,Fregament o col·lisió lateral,-1,1,2,4,1,2,1,21.55,1,2,1,3,9
3282,2013,1,2013-10-19,SE,FIGUERES,Alt Emporda,1,0,1,0,2,0,0,0,1,1,0,0,0,100.0,0.0,0,2,No n'hi ha,-1.0,3,3,1,0,0,0,0,0,0,0,0,0,0,0,4,-1,0,Fregament o col·lisió lateral,-1,2,2,5,-1,2,0,18.15,1,2,5,19,10
3283,2013,0,2013-07-01,A-2,SANT FELIU DE LLOBREGAT,Baix Llobregat,3,0,1,0,1,0,0,0,0,1,0,0,0,100.0,0.0,0,2,No n'hi ha,-1.0,3,3,1,0,0,0,0,0,0,0,1,0,0,0,1,-1,1,Altres,-1,1,3,1,1,2,1,21.3,1,5,0,1,7
3284,2013,0,2013-12-31,BV-1310,CASTELLTERCOL,Moianès,3,0,1,0,1,0,0,0,0,1,0,0,0,90.0,0.0,0,-1,Sense Especificar,-1.0,3,3,1,0,0,0,0,0,0,0,0,0,0,0,4,-1,-1,Resta sortides de via,-1,1,2,4,4,2,1,10.08,0,1,1,31,12
3285,2013,1,2013-12-05,SE,GRANOLLERS,Valles Oriental,3,0,1,0,2,0,0,0,1,1,0,0,0,100.0,0.0,0,2,No n'hi ha,-1.0,3,3,1,0,0,0,0,0,0,0,0,0,0,1,5,4,1,Envestida (frontal lateral),1,2,2,5,-1,2,1,19.35,1,2,3,5,12
3286,2013,1,2013-07-03,SE,TARRAGONA,Tarragones,0,0,1,0,2,0,0,0,0,1,1,0,0,50.0,0.0,0,2,No n'hi ha,-1.0,3,3,1,-1,0,0,0,-1,0,0,0,0,-1,1,4,4,0,Envestida (frontal lateral),2,2,2,5,-1,2,1,16.0,1,2,2,3,7
3287,2013,1,2013-12-08,SE,TERRASSA,Valles Occidental,3,0,1,0,2,0,0,1,0,1,0,0,0,100.0,0.0,0,-1,No n'hi ha,-1.0,3,3,1,0,0,0,0,0,0,0,0,0,0,0,4,-1,-1,Envestida (frontal lateral),-1,2,2,5,-1,2,0,18.3,1,2,6,8,12
3288,2013,0,2013-10-02,BV-1432,LLICA D'AMUNT,Valles Oriental,3,0,1,0,1,0,1,0,0,0,0,0,0,70.0,0.0,0,0,No n'hi ha,-1.0,3,3,1,0,0,0,0,0,0,0,0,0,0,0,4,-1,1,Caiguda en la via,-1,1,2,4,3,2,1,14.3,1,0,2,2,10
3289,2013,0,2013-01-14,BV-5159,VILANOVA DEL VALLES,Valles Oriental,3,0,1,0,1,0,0,0,0,1,0,0,0,50.0,0.0,0,2,No n'hi ha,-1.0,3,3,1,0,0,0,0,0,0,0,0,0,0,0,1,-1,1,Xoc contra objecte/obstacle sense sortida prèvia de via,-1,1,2,4,3,2,1,17.3,1,4,0,14,1
3290,2013,1,2013-01-05,SE,GAVA,Baix Llobregat,3,0,1,0,2,0,0,0,0,1,0,1,0,20.0,0.0,0,-1,No n'hi ha,-1.0,3,3,1,-1,0,0,0,-1,0,0,0,0,0,0,5,-1,0,Xoc contra objecte/obstacle sense sortida prèvia de via,-1,2,2,5,-1,2,0,22.05,2,4,5,5,1
3291,2013,0,2013-03-13,AP-7,BARBERA DEL VALLES,Valles Occidental,3,1,0,0,2,0,0,0,0,1,1,0,0,100.0,0.0,0,0,No n'hi ha,-1.0,2,3,0,0,0,1,1,0,0,0,0,0,1,0,2,-1,1,Envestida (frontal lateral),-1,1,2,2,1,1,1,14.55,1,2,2,13,3
3292,2013,0,2013-03-10,C-35,GUALBA,Valles Oriental,3,1,0,0,1,1,0,0,0,0,0,0,0,100.0,1.0,0,1,No n'hi ha,-1.0,3,3,0,0,0,0,0,0,0,0,0,0,0,0,3,-1,1,Atropellament,-1,1,2,4,2,2,0,7.3,0,3,6,10,3
3293,2013,1,2013-04-13,SE,SANT JOAN DESPI,Baix Llobregat,3,0,1,2,2,0,0,0,1,1,0,0,0,100.0,0.0,0,2,No n'hi ha,-1.0,3,3,1,0,0,0,0,0,0,0,0,0,0,1,4,3,1,Envestida (frontal lateral),2,2,2,5,-1,2,0,9.21,0,2,5,13,4
3294,2013,1,2013-01-10,SE,SANT CUGAT DEL VALLES,Valles Occidental,3,0,1,1,3,0,0,0,0,3,0,0,0,40.0,0.0,0,2,No n'hi ha,-1.0,3,3,1,0,0,0,0,0,0,0,0,0,0,0,4,-1,0,Xoc contra objecte/obstacle sense sortida prèvia de via,-1,2,2,5,-1,2,1,15.1,1,4,3,10,1
3295,2013,1,2013-01-12,SE,REUS,Baix Camp,0,0,1,0,2,1,0,0,0,1,0,0,0,100.0,0.0,0,-1,No n'hi ha,-1.0,3,3,1,0,0,0,0,0,0,0,0,0,0,0,4,-1,-1,Atropellament,-1,2,2,5,-1,2,0,10.25,0,3,5,12,1
3296,2013,1,2013-04-07,SE,BARCELONA,Barcelones,3,0,1,0,2,1,0,0,0,1,0,0,0,100.0,0.0,0,-1,No n'hi ha,-1.0,3,3,1,0,0,0,0,0,0,0,0,0,0,1,5,3,1,Atropellament,1,2,2,5,-1,2,0,4.5,2,3,6,7,4
3297,2013,1,2013-07-12,SE,ALELLA,Maresme,3,0,1,0,2,1,0,0,0,1,0,0,0,20.0,0.0,0,-1,No n'hi ha,-1.0,3,3,1,-1,0,0,0,-1,0,0,0,0,0,0,4,-1,0,Atropellament,-1,2,2,5,-1,2,1,11.45,0,3,4,12,7
3298,2013,1,2013-07-08,SE,SANT CUGAT DEL VALLES,Valles Occidental,3,0,1,0,3,0,0,1,0,2,0,0,0,40.0,0.0,0,2,No n'hi ha,-1.0,3,3,1,0,0,0,0,0,0,0,0,0,0,1,4,4,1,Encalç,2,2,2,5,-1,2,1,17.0,1,2,0,8,7
3299,2013,1,2013-07-02,SE,"LLAGOSTA, LA",Valles Oriental,3,0,1,0,2,1,1,0,0,0,0,0,0,20.0,0.0,0,-1,No n'hi ha,-1.0,3,3,1,-1,0,0,0,-1,0,0,0,0,-1,0,4,-1,1,Atropellament,-1,2,2,5,0,2,1,18.3,1,3,1,2,7
3300,2013,0,2013-09-23,C-14,AGRAMUNT,Urgell,2,0,1,0,2,0,0,1,0,1,0,0,0,100.0,0.0,0,1,No n'hi ha,-1.0,3,3,1,0,0,0,0,0,0,0,0,0,0,2,4,-1,1,Fregament o col·lisió lateral,1,1,1,4,2,2,1,11.38,0,2,0,23,9
3301,2013,0,2013-11-22,N-260,"PONT DE BAR, EL",Alt Urgell,2,0,1,0,1,0,0,0,0,1,0,0,0,100.0,0.0,0,1,No n'hi ha,-1.0,3,3,1,0,0,0,0,0,0,0,0,0,0,0,3,-1,1,Resta sortides de via,-1,1,2,4,1,2,0,18.33,1,1,4,22,11
3302,2013,1,2013-03-06,SE,BARCELONA,Barcelones,3,0,1,0,2,1,0,0,0,1,0,0,0,100.0,0.0,0,-1,No n'hi ha,-1.0,1,3,1,0,0,0,0,0,0,0,0,0,0,1,4,2,0,Atropellament,2,2,0,5,-1,2,1,9.3,0,3,2,6,3
3303,2013,0,2013-12-19,C-55,MONISTROL DE MONTSER,Bages,3,0,1,1,3,0,0,0,0,3,0,0,0,80.0,0.0,0,2,No n'hi ha,-1.0,1,3,1,0,0,0,1,0,0,0,0,0,0,0,1,-1,1,Fregament o col·lisió lateral,-1,1,2,4,2,2,1,17.13,1,2,3,19,12
3304,2013,1,2013-07-29,SE,BARCELONA,Barcelones,3,0,1,0,2,0,0,0,1,1,0,0,0,100.0,0.0,0,-1,No n'hi ha,-1.0,3,3,1,0,0,0,0,0,0,0,0,0,0,1,4,3,0,Envestida (frontal lateral),2,2,2,5,-1,2,1,20.15,1,2,0,29,7