,Year,Area,Date,Road,Municipality Name,County Name,Province Name,Fatalties,Serious Injuries,Light Injuries,Units Involved,Pedestrains Involved,Bicycles Involved,Mopeds Involved,Motorcycles,Light Vehicles Involved,Heavy Vehicles Involved,Other Units Involved,Unspecified Units Involved,Road Speed Limit,Accident with Hit and Run,Fog Presence,Surrounding Environment,Special Lane Presence,Special Traffic Measures,Weather Conditions,Special Road Functions,Severity of Accident,Influence of Fog,Influence of Environment,Influence of Traffic,Influence of Weather,Influence of Wind Intensity,Influence of Lighting,Influence of Special Measures,Influence of Road Objects,Influence of Road Surface,Influence of Visibility,Intersection Characteristics,Lighting Conditions,Traffic Regulation and Priority,Direction of Road,Subtype of Accident,Subtype of Road Section,Subzone within Area,Road Surface Conditions,Type of Road,Road Ownership,Wind Conditions,Day of the Week Grouping,Hour of Day,Time of Day Grouping,Type of Accident,Day Type,Day,Month
3305,2013,1,2013-09-30,SE,PREMIA DE MAR,Maresme,3,0,1,0,2,1,0,0,0,1,0,0,0,30.0,0.0,0,-1,No n'hi ha,-1.0,3,3,1,-1,0,0,0,-1,0,0,0,0,0,1,4,2,0,Atropellament,2,2,2,5,-1,2,1,17.45,1,3,0,30,9
3306,2013,0,2013-07-31,N-II,CABRERA DE MAR,Maresme,3,0,1,0,3,0,0,0,1,2,0,0,0,70.0,0.0,0,2,No n'hi ha,-1.0,3,3,1,0,0,1,0,0,0,0,0,0,0,0,4,-1,1,Encalç,-1,1,2,4,1,2,1,18.4,1,2,2,31,7
3307,2013,1,2013-09-28,SE,BARCELONA,Barcelones,3,0,1,0,1,0,0,1,0,0,0,0,0,30.0,0.0,0,-1,No n'hi ha,-1.0,3,3,1,0,0,0,0,0,0,0,0,0,0,0,4,-1,1,Caiguda en la via,-1,2,2,5,-1,2,0,19.0,1,0,5,28,9
3308,2013,0,2013-11-03,C-14,OLIOLA,Noguera,2,0,2,1,2,0,0,0,1,1,0,0,0,100.0,0.0,0,1,No n'hi ha,-1.0,3,3,1,0,0,0,0,0,1,0,0,0,0,0,1,-1,1,Encalç,-1,1,2,4,2,2,0,17.14,1,2,6,3,11
3309,2013,1,2013-12-24,SE,BARCELONA,Barcelones,3,0,1,1,2,0,0,0,2,0,0,0,0,100.0,0.0,0,-1,No n'hi ha,-1.0,3,3,1,0,0,0,0,0,0,0,0,0,0,1,5,3,0,Envestida (frontal lateral),2,2,2,5,-1,2,1,19.11,1,2,1,24,12
3310,2013,1,2013-12-29,SE,BARCELONA,Barcelones,3,0,1,0,1,0,0,0,1,0,0,0,0,100.0,0.0,0,-1,No n'hi ha,-1.0,3,3,1,0,0,0,0,0,0,0,0,0,0,0,5,-1,1,Xoc contra objecte/obstacle sense sortida prèvia de via,-1,2,2,5,-1,2,0,4.4,2,4,6,29,12
3311,2013,0,2013-01-26,GI-552,RIELLS I VIABREA,Selva,1,0,1,1,1,0,0,0,0,1,0,0,0,50.0,0.0,0,2,No n'hi ha,-1.0,3,3,1,0,0,0,0,0,0,0,0,0,0,0,5,-1,1,Resta sortides de via,-1,1,2,4,3,2,0,22.23,2,1,5,26,1
3312,2013,1,2013-06-07,SE,SABADELL,Valles Occidental,3,0,1,0,2,1,0,0,0,1,0,0,0,100.0,0.0,0,-1,No n'hi ha,-1.0,3,3,1,0,0,0,0,0,0,0,0,0,0,0,4,-1,-1,Atropellament,-1,2,2,5,-1,2,1,11.3,0,3,4,7,6
3313,2013,0,2013-05-22,C-35,LLINARS DEL VALLES,Valles Oriental,3,0,1,1,6,0,0,0,0,5,1,0,0,100.0,0.0,0,3,No n'hi ha,-1.0,3,3,1,0,0,0,0,0,0,0,0,0,1,0,1,-1,1,Col·lisió frontal,-1,1,2,4,2,2,1,20.45,1,2,2,22,5
3314,2013,0,2013-05-07,T-11,REUS,Baix Camp,0,0,1,4,3,0,0,0,1,1,1,0,0,80.0,0.0,0,1,Altres,-1.0,3,3,1,0,0,0,0,0,0,0,0,0,0,1,4,4,0,Envestida (frontal lateral),1,1,2,1,1,2,1,16.57,1,2,1,7,5
3315,2013,1,2013-06-25,SE,MATARO,Maresme,3,0,1,0,2,0,0,0,1,1,0,0,0,20.0,,0,2,No n'hi ha,-1.0,3,3,1,-1,0,0,0,-1,0,0,0,0,0,1,4,5,1,Envestida (frontal lateral),2,2,2,5,-1,2,1,16.0,1,2,1,25,6
3316,2013,0,2013-01-10,N-240,VALLS,Alt Camp,0,0,2,2,5,0,0,0,0,4,1,0,0,100.0,0.0,0,0,No n'hi ha,-1.0,3,3,1,0,0,0,0,0,0,0,0,0,0,0,4,-1,1,Col·lisió frontal,-1,1,2,4,1,2,1,14.15,1,2,3,10,1
3317,2013,1,2013-05-09,SE,SANT JUST DESVERN,Baix Llobregat,3,0,1,1,1,0,0,0,0,1,0,0,0,100.0,0.0,0,-1,No n'hi ha,-1.0,3,3,1,0,0,0,0,0,0,0,0,0,0,0,4,-1,-1,Altres,-1,2,2,5,-1,2,1,6.0,0,5,3,9,5
3318,2013,0,2013-04-18,C-103,FREGINALS,Montsia,0,0,1,0,1,0,0,0,0,1,0,0,0,50.0,0.0,1,0,No n'hi ha,-1.0,3,3,1,1,0,0,0,0,0,0,0,0,0,1,0,4,1,Xoc contra objecte/obstacle sense sortida prèvia de via,0,1,2,4,3,2,1,4.55,2,4,3,18,4
3319,2013,1,2013-04-02,SE,MANRESA,Bages,3,0,1,0,2,0,0,0,0,1,1,0,0,100.0,0.0,0,2,Carril central,-1.0,3,3,1,0,0,0,0,0,0,0,0,0,0,0,4,-1,1,Envestida (frontal lateral),-1,2,2,5,-1,2,1,14.4,1,2,1,2,4
3320,2013,1,2013-08-02,SE,SANT MARTI DE TOUS,Anoia,3,1,0,0,2,1,0,0,0,0,1,0,0,100.0,0.0,0,1,No n'hi ha,-1.0,3,3,0,0,1,0,0,0,0,0,0,0,0,0,4,-1,1,Atropellament,-1,2,2,5,-1,2,0,16.5,1,3,4,2,8
3321,2013,1,2013-06-08,SE,MORA D'EBRE,Ribera d'Ebre,0,0,1,0,2,0,0,0,1,1,0,0,0,100.0,0.0,0,2,No n'hi ha,-1.0,3,3,1,0,0,0,0,0,0,0,0,0,0,0,4,-1,1,Fregament o col·lisió lateral,-1,2,2,5,-1,2,0,21.0,1,2,5,8,6
3322,2013,1,2013-10-22,BV-1602,LLICA D'AMUNT,Valles Oriental,3,0,1,0,2,0,0,0,1,1,0,0,0,100.0,0.0,0,2,No n'hi ha,-1.0,3,3,1,0,0,0,0,0,0,0,0,0,0,0,4,-1,1,Encalç,-1,0,2,4,-1,2,1,17.3,1,2,1,22,10
3323,2013,1,2013-07-20,SE,BARCELONA,Barcelones,3,0,1,1,2,0,0,0,0,2,0,0,0,100.0,0.0,0,-1,No n'hi ha,-1.0,3,3,1,0,0,0,0,0,0,0,0,0,0,0,4,-1,0,Encalç,-1,2,2,5,-1,2,0,13.1,0,2,5,20,7
3324,2013,1,2013-07-12,SE,BARCELONA,Barcelones,3,0,1,0,2,0,0,0,1,1,0,0,0,100.0,0.0,0,-1,No n'hi ha,-1.0,3,3,1,0,0,0,0,0,0,0,0,0,0,1,5,3,1,Envestida (frontal lateral),2,2,2,5,-1,2,0,22.05,2,2,4,12,7
3325,2013,0,2013-09-19,N-II,MALGRAT DE MAR,Maresme,3,0,2,0,2,0,0,0,0,1,1,0,0,60.0,0.0,0,2,Carril acceleració,-1.0,3,3,1,0,0,0,0,0,0,0,0,0,0,1,4,5,1,Fregament o col·lisió lateral,1,1,2,4,1,2,1,15.19,1,2,3,19,9
3326,2013,0,2013-09-18,N-240,"BORGES BLANQUES, LES",Garrigues,2,2,0,1,3,0,0,0,0,1,2,0,0,100.0,0.0,0,2,No n'hi ha,-1.0,3,3,0,0,0,0,0,0,0,0,0,0,0,0,4,-1,1,Fregament o col·lisió lateral,-1,1,2,4,1,2,1,16.18,1,2,2,18,9
3327,2013,0,2013-05-17,C-16,BALSARENY,Bages,3,1,2,0,4,0,0,0,0,4,0,0,0,100.0,0.0,0,1,No n'hi ha,-1.0,1,3,0,0,0,0,1,0,0,0,0,0,0,0,3,-1,1,Xoc contra objecte/obstacle sense sortida prèvia de via,-1,1,2,2,2,2,0,22.29,2,4,4,17,5
3328,2013,0,2013-08-20,BV-5111,ARENYS DE MUNT,Maresme,3,0,1,0,2,0,1,0,0,1,0,0,0,100.0,0.0,0,1,No n'hi ha,-1.0,3,3,1,0,0,0,0,0,0,0,0,0,0,0,4,-1,1,Envestida (frontal lateral),-1,1,2,4,3,2,1,17.35,1,2,1,20,8
3329,2013,0,2013-08-29,A-2,CORNELLA DE LLOBREGAT,Baix Llobregat,3,1,0,0,2,1,0,0,0,1,0,0,0,100.0,0.0,0,2,No n'hi ha,-1.0,1,3,0,0,0,0,0,0,0,0,0,0,0,0,2,-1,1,Atropellament,-1,1,2,1,1,2,1,8.0,0,3,3,29,8
3330,2013,0,2013-10-20,C-12,CASTELLO DE FARFANYA,Noguera,2,0,1,0,1,0,0,0,0,1,0,0,0,100.0,0.0,0,3,No n'hi ha,-1.0,3,3,1,0,0,0,0,0,0,0,0,0,0,0,4,-1,1,Resta sortides de via,-1,1,2,4,2,2,0,8.56,0,1,6,20,10
3331,2013,1,2013-09-18,SE,BARCELONA,Barcelones,3,0,1,0,2,0,1,0,0,1,0,0,0,100.0,0.0,0,-1,Altres,-1.0,3,3,1,0,0,0,0,0,0,0,0,0,0,0,4,-1,0,Fregament o col·lisió lateral,-1,2,2,5,-1,2,1,11.4,0,2,2,18,9
3332,2013,1,2013-04-09,SE,HOSPITALET DE LLOBREGAT,Barcelones,3,0,1,0,2,0,1,0,0,0,1,0,0,20.0,0.0,0,2,No n'hi ha,-1.0,3,3,1,0,0,0,0,0,0,0,0,0,0,1,5,4,1,Envestida (frontal lateral),1,2,2,5,-1,2,1,21.0,1,2,1,9,4
3333,2013,0,2013-05-18,C-12B,ASCO,Ribera d'Ebre,0,0,1,0,1,0,0,0,1,0,0,0,0,40.0,0.0,0,1,No n'hi ha,-1.0,3,3,1,0,0,0,0,0,0,0,0,0,0,0,4,-1,1,Xoc contra objecte/obstacle sense sortida prèvia de via,-1,1,2,4,2,2,0,10.58,0,4,5,18,5
3334,2013,0,2013-03-27,TV-3032,TIVISSA,Ribera d'Ebre,0,0,1,0,2,0,0,1,0,1,0,0,0,100.0,0.0,0,3,No n'hi ha,-1.0,1,3,1,0,0,0,0,0,0,0,0,0,1,0,4,-1,1,Encalç,-1,1,2,4,3,2,1,15.07,1,2,2,27,3
3335,2013,0,2013-04-17,C-1413a,SANT CUGAT DEL VALLES,Valles Occidental,3,0,1,0,2,0,0,0,1,1,0,0,0,100.0,0.0,0,2,No n'hi ha,-1.0,3,3,1,0,0,0,0,0,0,0,0,0,0,1,4,4,0,Caiguda en la via,0,1,2,4,2,2,1,15.2,1,0,2,17,4
3336,2013,0,2013-03-23,N-II,CAPMANY,Alt Emporda,1,1,1,1,3,0,0,0,0,1,1,1,0,100.0,0.0,0,1,No n'hi ha,-1.0,3,3,0,0,0,0,0,0,0,0,0,0,0,0,3,-1,1,Fregament o col·lisió lateral,-1,1,2,4,1,2,0,0.46,2,2,5,23,3
3337,2013,0,2013-06-17,CR,ALMACELLES,Segria,2,0,1,0,2,0,1,0,0,1,0,0,0,100.0,0.0,0,1,No n'hi ha,-1.0,3,3,1,0,0,0,0,0,0,0,0,0,0,0,1,-1,1,Col·lisió frontal,-1,1,2,3,0,2,1,21.44,1,2,0,17,6
3338,2013,1,2013-04-21,SE,BADALONA,Barcelones,3,0,1,1,2,1,0,0,1,0,0,0,0,20.0,,0,2,No n'hi ha,-1.0,3,3,1,-1,0,0,0,-1,0,0,0,0,-1,0,0,-1,0,Atropellament,-1,2,2,5,-1,2,0,20.55,1,3,6,21,4
3339,2013,0,2013-04-18,AP-7,MARTORELL,Baix Llobregat,3,0,1,1,3,1,0,0,1,1,0,0,0,100.0,0.0,0,0,No n'hi ha,-1.0,3,3,1,0,0,0,0,0,0,0,0,0,0,0,4,-1,1,Atropellament,-1,1,2,2,1,2,1,9.35,0,3,3,18,4
3340,2013,1,2013-10-18,SE,LLEIDA,Segria,2,0,1,1,3,2,0,0,0,1,0,0,0,20.0,0.0,0,2,No n'hi ha,-1.0,3,3,1,-1,0,0,0,-1,0,0,0,0,0,0,4,-1,1,Atropellament,-1,2,2,5,-1,2,0,17.15,1,3,4,18,10
3341,2013,0,2013-07-19,C-13,TERMENS,Noguera,2,0,1,3,2,0,0,0,0,2,0,0,0,90.0,0.0,0,-1,Sense Especificar,-1.0,3,3,1,0,0,0,0,0,0,0,0,0,0,0,4,-1,-1,Encalç,-1,1,2,4,4,2,0,18.53,1,2,4,19,7
3342,2013,0,2013-07-26,C-65,SANTA CRISTINA D'ARO,Baix Emporda,1,0,1,0,2,0,1,0,0,1,0,0,0,100.0,0.0,0,2,No n'hi ha,-1.0,3,3,1,0,0,0,0,0,0,0,0,0,0,0,4,-1,1,Fregament o col·lisió lateral,-1,1,2,1,2,2,0,18.38,1,2,4,26,7
3343,2013,1,2013-07-08,SE,"PRAT DE LLOBREGAT, E",Baix Llobregat,3,0,1,0,1,0,1,0,0,0,0,0,0,100.0,0.0,0,-1,No n'hi ha,-1.0,3,3,1,0,0,0,0,0,0,0,0,0,0,0,4,-1,-1,Caiguda en la via,-1,2,2,5,-1,2,1,18.05,1,0,0,8,7
3344,2013,0,2013-08-08,N-340,TORREDEMBARRA,Tarragones,0,0,1,3,3,0,0,0,0,2,0,1,0,90.0,0.0,0,-1,Sense Especificar,-1.0,3,3,1,0,0,0,0,0,0,0,0,0,0,0,4,-1,-1,Fregament o col·lisió lateral,-1,1,2,4,4,2,1,16.02,1,2,3,8,8
3345,2013,0,2013-11-16,N-145,"VALLS DE VALIRA, LES",Alt Urgell,2,0,3,2,3,0,0,0,0,3,0,0,0,90.0,0.0,0,1,No n'hi ha,-1.0,3,3,1,0,0,0,0,0,0,0,0,0,0,0,4,-1,1,Envestida (frontal lateral),-1,1,2,4,1,2,0,15.34,1,2,5,16,11
3346,2013,1,2013-02-16,SE,BARCELONA,Barcelones,3,0,1,1,2,0,0,0,2,0,0,0,0,100.0,0.0,0,-1,No n'hi ha,-1.0,3,3,1,0,0,0,0,0,0,0,0,0,0,1,4,3,0,Envestida (frontal lateral),2,2,2,5,-1,2,0,15.35,1,2,5,16,2
3347,2013,1,2013-11-18,SE,MOLINS DE REI,Baix Llobregat,3,0,1,0,2,1,0,0,0,1,0,0,0,20.0,0.0,0,-1,No n'hi ha,-1.0,1,3,1,-1,0,0,0,-1,0,0,0,0,0,0,1,-1,1,Atropellament,-1,2,0,5,-1,2,1,7.4,0,3,0,18,11
3348,2013,0,2013-11-22,C-17,MONTCADA I REIXAC,Valles Occidental,3,1,0,0,2,1,0,0,0,1,0,0,0,100.0,0.0,0,3,No n'hi ha,-1.0,3,3,0,0,0,0,0,0,0,0,0,0,1,0,3,-1,1,Atropellament,-1,1,2,1,2,2,0,19.14,1,3,4,22,11
3349,2013,0,2013-08-14,BV-5114,ARBUCIES,Selva,1,0,1,0,1,0,0,0,1,0,0,0,0,50.0,0.0,0,1,No n'hi ha,-1.0,3,3,1,0,0,0,0,0,0,0,0,0,0,1,4,4,1,Caiguda en la via,1,1,2,4,3,2,1,11.02,0,0,2,14,8
3350,2013,1,2013-10-17,SE,BARCELONA,Barcelones,3,0,1,0,2,0,0,0,1,1,0,0,0,100.0,0.0,0,-1,No n'hi ha,-1.0,3,3,1,0,0,0,0,0,0,0,0,0,0,1,4,3,0,Envestida (frontal lateral),2,2,2,5,-1,2,1,13.1,0,2,3,17,10
3351,2013,0,2013-01-07,N-340,"PERELLO, EL",Baix Ebre,0,0,1,1,2,0,0,0,0,1,1,0,0,100.0,0.0,0,3,No n'hi ha,-1.0,3,3,1,0,0,0,0,0,0,0,0,0,0,0,4,-1,1,Col·lisió frontal,-1,1,2,4,1,2,1,17.3,1,2,0,7,1
3352,2013,0,2013-05-10,C-55,ABRERA,Baix Llobregat,3,0,2,0,2,0,0,0,0,1,1,0,0,90.0,0.0,0,3,No n'hi ha,-1.0,3,3,1,0,0,0,0,0,0,0,0,0,0,0,4,-1,1,Col·lisió frontal,-1,1,2,4,2,2,1,12.43,0,2,4,10,5
3353,2013,1,2013-05-24,SE,TORTOSA,Baix Ebre,0,0,1,0,3,0,0,0,1,2,0,0,0,100.0,0.0,0,1,No n'hi ha,-1.0,3,3,1,0,0,0,0,0,0,0,0,0,0,1,5,4,0,Fregament o col·lisió lateral,2,2,2,5,0,1,1,2.3,2,2,4,24,5
3354,2013,1,2013-11-11,SE,CORNELLA DE LLOBREGAT,Baix Llobregat,3,0,1,0,2,1,0,0,0,1,0,0,0,20.0,,0,-1,No n'hi ha,-1.0,3,3,1,-1,-1,0,0,-1,0,0,0,0,-1,1,1,5,-1,Atropellament,1,2,2,5,-1,2,1,6.55,0,3,0,11,11
3355,2013,1,2013-01-12,SE,BARCELONA,Barcelones,3,0,1,0,2,1,0,0,0,1,0,0,0,30.0,0.0,0,-1,No n'hi ha,-1.0,3,3,1,0,0,0,0,0,0,0,0,0,0,1,4,4,0,Atropellament,2,2,2,5,-1,2,0,12.0,0,3,5,12,1
3356,2013,1,2013-03-06,SE,BARCELONA,Barcelones,3,0,1,0,2,0,0,0,0,2,0,0,0,100.0,0.0,0,-1,No n'hi ha,-1.0,1,3,1,0,0,0,0,0,0,0,0,0,0,0,4,-1,1,Encalç,-1,2,0,5,-1,2,1,16.25,1,2,2,6,3
3357,2013,0,2013-12-29,N-240,TARRAGONA,Tarragones,0,0,1,0,2,1,0,0,0,1,0,0,0,100.0,0.0,0,2,No n'hi ha,-1.0,3,3,1,0,0,0,0,0,1,0,0,0,0,0,1,-1,1,Atropellament,-1,1,2,4,1,2,0,9.11,0,3,6,29,12
3358,2013,1,2013-12-27,N-230,"PONT DE SUERT, EL",Alta Ribagorca,2,0,1,0,2,1,0,0,0,1,0,0,0,50.0,0.0,0,1,No n'hi ha,-1.0,3,1,1,0,0,0,0,0,1,0,0,0,0,0,4,-1,1,Atropellament,-1,2,2,4,1,2,1,11.01,0,3,4,27,12
3359,2013,0,2013-06-27,N-340,CERVELLO,Baix Llobregat,3,0,1,0,2,0,0,0,1,1,0,0,0,100.0,0.0,0,3,No n'hi ha,-1.0,3,3,1,0,0,0,0,0,0,0,0,0,0,0,1,-1,1,Caiguda en la via,-1,1,2,4,1,2,1,21.28,1,0,3,27,6
3360,2013,0,2013-12-25,N-340,"AMPOLLA, L'",Baix Ebre,0,1,0,1,2,0,0,0,0,2,0,0,0,100.0,0.0,0,1,No n'hi ha,-1.0,3,3,0,0,0,0,0,0,0,0,0,0,0,0,4,-1,1,Col·lisió frontal,-1,1,2,4,1,2,1,11.34,0,2,2,25,12
3361,2013,1,2013-11-05,SE,SABADELL,Valles Occidental,3,0,1,0,2,1,0,0,0,1,0,0,0,100.0,0.0,0,-1,No n'hi ha,-1.0,3,3,1,0,0,0,0,0,0,0,0,0,0,0,4,-1,-1,Atropellament,-1,2,2,5,-1,2,1,8.3,0,3,1,5,11
3362,2013,1,2013-05-13,SE,HOSPITALET DE LLOBREGAT,Barcelones,3,0,1,0,2,0,0,0,1,1,0,0,0,20.0,0.0,0,-1,No n'hi ha,-1.0,3,3,1,-1,0,0,0,-1,0,0,0,0,0,1,5,4,1,Envestida (frontal lateral),1,2,2,5,-1,2,1,0.57,2,2,0,13,5
3363,2013,1,2013-05-04,SE,BARCELONA,Barcelones,3,0,1,1,2,1,0,0,1,0,0,0,0,100.0,0.0,0,-1,No n'hi ha,-1.0,3,3,1,0,0,0,0,0,0,0,0,0,0,1,4,3,0,Atropellament,2,2,2,5,-1,2,0,20.2,1,3,5,4,5
3364,2013,1,2013-12-27,SE,REUS,Baix Camp,0,0,1,0,2,1,0,0,0,1,0,0,0,100.0,0.0,0,-1,No n'hi ha,-1.0,3,3,1,0,0,0,0,0,0,0,0,0,0,0,4,-1,-1,Atropellament,-1,2,2,5,-1,2,1,12.21,0,3,4,27,12
3365,2013,1,2013-06-05,SE,SANT SADURNI D'ANOIA,Alt Penedes,3,0,1,0,2,0,0,0,1,1,0,0,0,100.0,0.0,0,2,No n'hi ha,-1.0,3,3,1,0,0,0,0,0,0,0,0,0,0,1,1,5,0,Envestida (frontal lateral),2,2,2,5,-1,2,1,18.2,1,2,2,5,6
3366,2013,1,2013-12-14,SE,"PRAT DE LLOBREGAT, E",Baix Llobregat,3,0,1,1,3,2,0,0,0,1,0,0,0,100.0,0.0,0,-1,No n'hi ha,-1.0,3,3,1,0,0,0,0,0,0,0,0,0,0,1,4,2,-1,Atropellament,2,2,2,5,-1,2,0,11.3,0,3,5,14,12
3367,2013,1,2013-12-13,C-66,CORCA,Baix Emporda,1,0,1,0,2,1,0,0,0,0,1,0,0,50.0,0.0,0,2,No n'hi ha,-1.0,3,1,1,0,0,0,0,0,0,0,0,0,0,2,4,3,1,Atropellament,2,2,2,4,2,2,1,12.22,0,3,4,13,12
3368,2013,1,2013-11-13,SE,BARCELONA,Barcelones,3,0,1,0,2,0,0,0,1,0,1,0,0,100.0,0.0,0,-1,No n'hi ha,-1.0,3,3,1,0,0,0,0,0,0,0,1,0,0,0,5,-1,0,Caiguda en la via,-1,2,1,5,-1,2,1,15.2,1,0,2,13,11
3369,2013,0,2013-01-13,A-2,CASTELLOLI,Anoia,3,1,0,0,1,0,0,0,1,0,0,0,0,100.0,0.0,0,1,No n'hi ha,-1.0,1,3,0,0,0,0,1,0,0,0,0,0,0,0,2,-1,1,Caiguda en la via,-1,1,2,1,2,2,0,13.56,0,0,6,13,1
3370,2013,0,2013-06-28,CR,CAMPRODON,Ripolles,1,0,1,0,1,0,1,0,0,0,0,0,0,30.0,0.0,0,3,No n'hi ha,-1.0,3,3,1,0,0,0,0,0,0,0,0,0,0,0,4,-1,1,Caiguda en la via,-1,1,2,4,4,2,1,12.5,0,0,4,28,6
3371,2013,0,2013-01-31,N-II,GARRIGAS,Alt Emporda,1,1,1,1,4,0,0,0,0,2,2,0,0,100.0,0.0,0,2,No n'hi ha,-1.0,3,3,0,0,0,0,0,0,0,0,0,0,0,0,3,-1,1,Sortida de via amb xoc o col·lisió,-1,1,2,4,1,2,1,7.4,0,1,3,31,1
3372,2013,1,2013-02-14,N-141D,VIC,Osona,3,0,1,1,2,0,0,0,0,2,0,0,0,50.0,0.0,0,1,No n'hi ha,-1.0,3,1,1,0,0,0,0,0,0,0,0,0,0,2,5,4,1,Envestida (frontal lateral),0,0,2,4,1,2,1,20.5,1,2,3,14,2
3373,2013,0,2013-01-14,A-2,CASTELLOLI,Anoia,3,0,1,0,1,0,0,0,0,1,0,0,0,120.0,0.0,0,-1,Sense Especificar,-1.0,3,3,1,0,0,0,0,0,0,0,0,0,0,0,4,-1,-1,Resta sortides de via,-1,1,2,1,4,2,1,5.45,2,1,0,14,1
3374,2013,1,2013-04-17,SE,TARRAGONA,Tarragones,0,0,1,1,3,2,0,0,0,1,0,0,0,100.0,0.0,0,2,No n'hi ha,-1.0,3,3,1,0,0,0,0,0,0,0,0,0,0,0,4,-1,1,Atropellament,-1,2,2,5,-1,2,1,17.5,1,3,2,17,4
3375,2013,0,2013-03-02,N-260,RIUDAURA,Garrotxa,1,0,1,1,2,0,0,0,2,0,0,0,0,100.0,0.0,0,1,No n'hi ha,-1.0,3,3,1,0,0,0,0,0,0,0,0,0,0,0,3,-1,1,Resta sortides de via,-1,1,2,3,2,2,0,22.06,2,1,5,2,3
3376,2013,0,2013-04-05,C-153,SANTA MARIA DE CORCO,Osona,3,0,1,0,2,0,0,0,0,2,0,0,0,90.0,0.0,0,-1,Sense Especificar,-1.0,3,3,1,0,0,0,0,0,0,0,0,0,0,0,4,-1,-1,Col·lisió frontal,-1,1,2,4,4,2,0,18.16,1,2,4,5,4
3377,2013,0,2013-06-28,B-124,SANT LLORENC SAVALL,Valles Occidental,3,0,1,0,2,0,1,0,0,1,0,0,0,100.0,0.0,0,1,No n'hi ha,-1.0,3,3,1,0,0,0,0,0,0,0,0,0,0,0,4,-1,1,Envestida (frontal lateral),-1,1,2,4,3,2,1,11.45,0,2,4,28,6
3378,2013,1,2013-11-06,SE,CAMBRILS,Baix Camp,0,0,1,0,2,1,0,0,0,1,0,0,0,100.0,0.0,0,-1,No n'hi ha,-1.0,3,3,1,0,0,0,0,0,0,0,0,0,0,0,4,-1,-1,Atropellament,-1,2,2,5,-1,2,1,9.0,0,3,2,6,11
3379,2013,0,2013-06-25,AP-7,SANT CUGAT DEL VALLES,Valles Occidental,3,0,1,0,3,0,0,0,0,2,1,0,0,100.0,0.0,0,1,No n'hi ha,-1.0,3,3,1,0,0,0,0,0,0,0,0,0,0,0,4,-1,1,Envestida (frontal lateral),-1,1,2,2,1,2,1,14.58,1,2,1,25,6
3380,2013,1,2013-12-31,SE,CREIXELL,Tarragones,0,0,1,5,2,0,0,0,0,2,0,0,0,40.0,0.0,0,2,No n'hi ha,-1.0,3,3,1,0,0,0,0,0,0,0,0,0,0,0,4,-1,1,Col·lisió frontal,-1,2,2,5,-1,2,1,16.15,1,2,1,31,12
3381,2013,1,2013-09-25,SE,"MORELL, EL",Tarragones,0,0,1,0,2,0,0,0,1,1,0,0,0,100.0,0.0,0,2,No n'hi ha,-1.0,3,3,1,0,0,0,0,0,0,0,0,0,0,1,4,4,1,Envestida (frontal lateral),2,2,2,5,-1,2,1,9.5,0,2,2,25,9
3382,2013,1,2013-11-28,SE,OLOT,Garrotxa,1,0,1,0,2,1,0,0,0,1,0,0,0,100.0,0.0,0,2,No n'hi ha,-1.0,3,3,1,0,0,0,0,0,0,0,0,0,0,1,5,4,1,Atropellament,1,2,2,5,-1,2,1,17.59,1,3,3,28,11
3383,2013,0,2013-09-03,CR,"FAR D'EMPORDA, EL",Alt Emporda,1,0,1,1,2,0,0,0,1,1,0,0,0,60.0,0.0,0,2,No n'hi ha,-1.0,3,3,1,0,0,0,0,0,0,0,0,0,0,2,4,-1,1,Envestida (frontal lateral),1,1,2,3,4,2,1,15.04,1,2,1,3,9
3384,2013,1,2013-09-01,SE,BARCELONA,Barcelones,3,0,1,2,3,0,0,0,0,3,0,0,0,100.0,0.0,0,-1,No n'hi ha,-1.0,3,3,1,0,0,0,0,0,0,0,0,0,0,0,4,-1,1,Fregament o col·lisió lateral,-1,2,2,5,-1,2,0,15.3,1,2,6,1,9
3385,2013,0,2013-01-15,N-340,"VENDRELL, EL",Baix Penedes,0,0,1,1,3,0,0,0,0,1,2,0,0,100.0,0.0,0,2,No n'hi ha,-1.0,3,3,1,0,0,0,0,0,0,0,0,0,0,0,1,-1,1,Fregament o col·lisió lateral,-1,1,2,4,1,2,1,15.55,1,2,1,15,1
3386,2013,0,2013-06-12,TP-3318,ULLDECONA,Montsia,0,0,1,0,3,0,0,0,0,3,0,0,0,100.0,0.0,0,2,No n'hi ha,-1.0,3,3,1,0,0,0,0,0,0,0,0,0,0,0,4,-1,1,Resta sortides de via,-1,1,2,4,3,2,1,19.21,1,1,2,12,6
3387,2013,1,2013-06-10,SE,"PRAT DE LLOBREGAT, E",Baix Llobregat,3,0,1,0,2,0,1,0,0,1,0,0,0,100.0,0.0,0,-1,No n'hi ha,-1.0,3,3,1,0,0,0,0,0,0,0,0,0,0,1,4,5,-1,Envestida (frontal lateral),0,2,2,5,-1,2,1,13.0,0,2,0,10,6
3388,2013,1,2013-05-23,SE,VILANOVA I LA GELTRU,Garraf,3,0,1,0,2,0,0,1,0,1,0,0,0,100.0,0.0,0,-1,No n'hi ha,-1.0,3,3,1,0,0,0,0,0,0,0,0,0,0,0,4,-1,-1,Fregament o col·lisió lateral,-1,2,2,5,-1,2,1,18.3,1,2,3,23,5