,Year,Area,Date,Road,Municipality Name,County Name,Province Name,Fatalties,Serious Injuries,Light Injuries,Units Involved,Pedestrains Involved,Bicycles Involved,Mopeds Involved,Motorcycles,Light Vehicles Involved,Heavy Vehicles Involved,Other Units Involved,Unspecified Units Involved,Road Speed Limit,Accident with Hit and Run,Fog Presence,Surrounding Environment,Special Lane Presence,Special Traffic Measures,Weather Conditions,Special Road Functions,Severity of Accident,Influence of Fog,Influence of Environment,Influence of Traffic,Influence of Weather,Influence of Wind Intensity,Influence of Lighting,Influence of Special Measures,Influence of Road Objects,Influence of Road Surface,Influence of Visibility,Intersection Characteristics,Lighting Conditions,Traffic Regulation and Priority,Direction of Road,Subtype of Accident,Subtype of Road Section,Subzone within Area,Road Surface Conditions,Type of Road,Road Ownership,Wind Conditions,Day of the Week Grouping,Hour of Day,Time of Day Grouping,Type of Accident,Day Type,Day,Month
3389,2013,1,2013-06-07,SE,PALS,Baix Emporda,1,0,1,0,1,0,0,0,0,1,0,0,0,20.0,0.0,0,2,No n'hi ha,-1.0,3,3,1,0,0,0,0,0,0,0,0,0,0,0,4,-1,1,Sortida de via amb xoc o col·lisió,-1,2,2,5,3,2,0,17.0,1,1,4,7,6
3390,2013,1,2013-03-28,SE,SALOU,Tarragones,0,0,1,0,1,0,0,1,0,0,0,0,0,50.0,0.0,0,2,No n'hi ha,-1.0,3,3,1,0,0,0,0,0,0,0,0,0,0,0,5,-1,1,Xoc contra objecte/obstacle sense sortida prèvia de via,-1,2,2,5,-1,2,1,22.45,2,4,3,28,3
3391,2013,1,2013-04-07,BV-5224,MANLLEU,Osona,3,0,1,0,2,1,0,0,0,1,0,0,0,90.0,0.0,0,2,No n'hi ha,-1.0,3,1,1,-1,0,0,0,-1,0,0,0,0,-1,0,4,-1,1,Atropellament,-1,0,0,4,-1,2,0,18.17,1,3,6,7,4
3392,2013,1,2013-09-27,SE,RUBI,Valles Occidental,3,0,1,0,2,1,0,0,0,1,0,0,0,100.0,0.0,0,2,No n'hi ha,-1.0,3,3,1,0,0,0,0,0,0,0,0,0,0,1,4,4,0,Atropellament,2,2,2,5,0,2,1,9.55,0,3,4,27,9
3393,2013,0,2013-11-06,C-15,CANYELLES,Garraf,3,0,1,0,2,0,0,0,1,1,0,0,0,30.0,0.0,0,2,No n'hi ha,-1.0,3,3,1,0,0,0,0,0,1,0,0,0,0,0,4,-1,1,Fregament o col·lisió lateral,-1,1,2,3,0,2,1,13.45,0,2,2,6,11
3394,2013,1,2013-02-06,SE,BARCELONA,Barcelones,3,0,1,0,2,0,0,0,1,1,0,0,0,30.0,0.0,0,-1,No n'hi ha,-1.0,3,3,1,0,0,0,0,0,0,0,0,0,1,1,4,4,0,Caiguda en la via,1,2,2,5,-1,2,1,8.4,0,0,2,6,2
3395,2013,1,2013-09-21,SE,MANRESA,Bages,3,0,1,0,2,0,0,1,0,1,0,0,0,40.0,0.0,0,2,No n'hi ha,-1.0,3,3,1,0,0,0,0,0,0,0,0,0,0,1,0,5,1,Envestida (frontal lateral),2,2,2,5,-1,2,0,21.15,1,2,5,21,9
3396,2013,0,2013-07-18,BV-4501,MANRESA,Bages,3,0,2,0,2,0,0,0,0,2,0,0,0,100.0,0.0,0,2,No n'hi ha,-1.0,3,3,1,0,0,0,0,0,0,0,0,0,0,0,4,-1,1,Envestida (frontal lateral),-1,1,2,4,3,2,1,13.15,0,2,3,18,7
3397,2013,0,2013-06-30,BV-4406,SAGAS,Bergueda,3,0,1,2,3,0,2,0,1,0,0,0,0,100.0,0.0,0,2,No n'hi ha,-1.0,3,3,1,0,0,0,0,0,0,0,0,0,0,0,4,-1,1,Envestida (frontal lateral),-1,1,2,4,0,2,0,12.18,0,2,6,30,6
3398,2013,0,2013-11-17,C-66,CORNELLA DEL TERRI,Pla de l'Estany,1,0,1,2,2,0,0,0,0,2,0,0,0,60.0,0.0,0,2,Carril avançament,-1.0,2,2,1,0,0,0,0,0,0,0,0,0,0,0,5,-1,1,Encalç,-1,1,2,4,3,2,0,7.3,0,2,6,17,11
3399,2013,1,2013-03-13,SE,BERGA,Bergueda,3,0,1,0,2,1,0,0,0,1,0,0,0,20.0,0.0,0,2,No n'hi ha,-1.0,1,3,1,-1,1,0,0,-1,1,0,0,0,1,0,0,-1,1,Atropellament,-1,2,0,5,-1,2,1,21.4,1,3,2,13,3
3400,2013,1,2013-04-25,SE,SABADELL,Valles Occidental,3,0,1,0,2,1,0,0,0,1,0,0,0,100.0,0.0,0,-1,No n'hi ha,-1.0,3,3,1,0,0,0,0,0,0,0,0,0,0,0,4,-1,-1,Atropellament,-1,2,2,5,-1,2,1,13.0,0,3,3,25,4
3401,2013,0,2013-04-28,C-58,BADIA DEL VALLES,Valles Occidental,3,0,1,0,2,0,0,0,0,2,0,0,0,70.0,0.0,0,0,No n'hi ha,-1.0,2,3,1,0,0,0,0,0,0,0,0,0,0,0,2,-1,0,Encalç,-1,1,2,1,2,2,0,16.0,1,2,6,28,4
3402,2013,0,2013-03-10,BV-2041,GAVA,Baix Llobregat,3,0,1,0,1,0,1,0,0,0,0,0,0,100.0,0.0,0,2,No n'hi ha,-1.0,3,3,1,0,0,0,0,0,0,0,0,0,0,0,4,-1,1,Resta sortides de via,-1,1,2,4,2,2,0,13.02,0,1,6,10,3
3403,2013,0,2013-08-04,C-32,"VENDRELL, EL",Baix Penedes,0,0,4,0,1,0,0,0,0,1,0,0,0,30.0,0.0,0,2,No n'hi ha,-1.0,3,3,1,0,0,0,0,0,0,0,0,0,0,0,4,-1,1,Resta sortides de via,-1,1,2,4,1,2,0,10.45,0,1,6,4,8
3404,2013,1,2013-03-23,SE,BARCELONA,Barcelones,3,1,1,5,8,6,0,0,0,2,0,0,0,100.0,0.0,0,-1,No n'hi ha,-1.0,3,3,0,0,0,0,0,0,0,0,0,0,0,1,4,3,0,Atropellament,2,2,2,5,-1,2,0,17.3,1,3,5,23,3
3405,2013,0,2013-10-03,C-66,SERINYA,Pla de l'Estany,1,1,0,1,2,0,0,0,0,2,0,0,0,100.0,0.0,0,3,No n'hi ha,-1.0,1,3,0,0,0,0,0,0,0,0,0,0,0,0,2,-1,1,Altres,-1,1,2,4,3,2,1,8.38,0,5,3,3,10
3406,2013,0,2013-11-22,BP-1503,RUBI,Valles Occidental,3,0,1,0,2,0,0,0,1,1,0,0,0,50.0,0.0,0,0,No n'hi ha,-1.0,3,3,1,0,0,0,0,0,0,0,0,0,0,2,4,2,1,Envestida (frontal lateral),3,1,2,4,3,2,1,13.45,0,2,4,22,11
3407,2013,0,2013-12-27,C-35,SANT CELONI,Valles Oriental,3,0,2,2,2,0,0,0,0,2,0,0,0,80.0,0.0,0,1,No n'hi ha,-1.0,3,3,1,0,0,0,0,0,0,0,0,0,0,0,4,-1,1,Col·lisió frontal,-1,1,2,4,2,2,1,13.43,0,2,4,27,12
3408,2013,1,2013-08-27,SE,"PRAT DE LLOBREGAT, E",Baix Llobregat,3,0,1,0,2,1,0,0,0,1,0,0,0,100.0,0.0,0,-1,No n'hi ha,-1.0,3,3,1,0,0,0,0,0,0,0,0,0,0,0,4,-1,-1,Atropellament,-1,2,2,5,-1,2,1,18.3,1,3,1,27,8
3409,2013,0,2013-11-10,TV-3025,"AMETLLA DE MAR, L'",Baix Ebre,0,1,0,0,1,0,0,0,1,0,0,0,0,40.0,0.0,0,2,No n'hi ha,-1.0,3,3,0,0,0,0,0,1,0,0,0,0,1,2,3,4,1,Caiguda en la via,0,1,2,4,3,0,0,21.52,1,0,6,10,11
3410,2013,1,2013-12-04,SE,RUBI,Valles Occidental,3,0,1,0,2,0,0,0,1,1,0,0,0,100.0,0.0,0,2,No n'hi ha,-1.0,3,3,1,0,0,0,0,0,0,0,0,0,0,1,4,4,0,Envestida (frontal lateral),2,2,2,5,-1,2,1,9.07,0,2,2,4,12
3411,2013,1,2013-08-05,SE,VILANOVA I LA GELTRU,Garraf,3,0,1,0,2,1,0,0,0,1,0,0,0,100.0,0.0,0,2,No n'hi ha,-1.0,3,3,1,0,0,0,0,0,1,0,0,0,0,1,1,4,1,Atropellament,1,2,2,5,0,2,1,7.4,0,3,0,5,8
3412,2013,1,2013-10-10,SE,VILANOVA I LA GELTRU,Garraf,3,0,2,0,3,2,0,0,0,1,0,0,0,100.0,0.0,0,2,No n'hi ha,-1.0,3,3,1,0,0,0,0,0,0,0,0,0,0,2,5,4,0,Atropellament,1,2,2,5,-1,2,1,22.1,2,3,3,10,10
3413,2013,0,2013-10-24,N-260,"VALLS DE VALIRA, LES",Alt Urgell,2,0,1,1,2,0,0,0,2,0,0,0,0,100.0,0.0,0,2,No n'hi ha,-1.0,3,3,1,0,0,0,0,0,0,0,0,0,0,0,4,-1,1,Fregament o col·lisió lateral,-1,1,2,4,1,2,1,12.05,0,2,3,24,10
3414,2013,1,2013-07-18,SE,LLEIDA,Segria,2,0,1,0,1,0,0,0,1,0,0,0,0,20.0,0.0,0,-1,No n'hi ha,-1.0,3,3,1,0,0,0,0,0,0,0,0,0,0,0,4,-1,-1,Caiguda en la via,-1,2,1,5,-1,2,1,13.2,0,0,3,18,7
3415,2013,0,2013-09-12,BV-5024,PREMIA DE DALT,Maresme,3,0,1,0,2,0,0,0,1,1,0,0,0,40.0,0.0,0,-1,No n'hi ha,-1.0,3,3,1,-1,0,0,0,-1,0,0,0,0,0,1,4,4,1,Envestida (frontal lateral),2,1,2,4,-1,2,1,18.05,1,2,3,12,9
3416,2013,1,2013-12-26,SE,BARCELONA,Barcelones,3,0,1,0,2,0,0,0,1,1,0,0,0,100.0,0.0,0,-1,No n'hi ha,-1.0,3,3,1,0,0,0,0,0,0,0,0,0,0,1,4,3,1,Envestida (frontal lateral),2,2,2,5,-1,2,1,14.35,1,2,3,26,12
3417,2013,1,2013-01-11,SE,GUISSONA,Segarra,2,0,1,1,3,2,0,0,0,1,0,0,0,20.0,0.0,0,-1,Sense Especificar,-1.0,3,1,1,0,0,0,0,0,0,0,0,0,0,0,4,-1,-1,Atropellament,-1,2,2,5,4,2,0,19.32,1,3,4,11,1
3418,2013,0,2013-04-25,C-31,SITGES,Garraf,3,0,1,0,1,0,0,0,0,1,0,0,0,60.0,0.0,0,1,No n'hi ha,-1.0,1,3,1,0,0,0,0,0,0,0,0,0,0,0,3,-1,1,Xoc contra objecte/obstacle sense sortida prèvia de via,-1,1,2,4,2,2,1,23.35,2,4,3,25,4
3419,2013,1,2013-05-22,SE,BADALONA,Barcelones,3,0,1,2,2,1,0,0,1,0,0,0,0,20.0,0.0,0,2,No n'hi ha,-1.0,3,3,1,-1,0,0,0,-1,0,0,0,0,0,1,4,3,1,Atropellament,2,2,2,5,-1,2,1,16.46,1,3,2,22,5
3420,2013,0,2013-06-19,LL-11,LLEIDA,Segria,2,0,1,0,2,1,0,0,0,1,0,0,0,100.0,0.0,0,2,No n'hi ha,-1.0,3,0,1,0,0,0,0,0,0,0,0,0,0,2,2,4,1,Atropellament,0,1,2,4,0,2,1,11.05,0,3,2,19,6
3421,2013,1,2013-06-30,SE,TERRASSA,Valles Occidental,3,0,1,0,2,0,1,0,0,1,0,0,0,100.0,0.0,0,2,No n'hi ha,-1.0,3,3,1,0,0,0,0,0,0,0,0,0,0,0,4,-1,1,Caiguda en la via,-1,2,2,5,-1,2,0,12.4,0,0,6,30,6
3422,2013,1,2013-02-02,SE,"CELLERA DE TER, LA",Selva,1,0,1,1,2,0,0,0,0,1,1,0,0,30.0,0.0,0,2,No n'hi ha,-1.0,3,1,1,0,0,0,0,0,0,0,0,0,0,0,4,-1,1,Col·lisió frontal,-1,2,2,5,-1,2,0,14.59,1,2,5,2,2
3423,2013,1,2013-10-28,SE,FIGUERES,Alt Emporda,1,0,1,0,2,0,0,0,1,1,0,0,0,100.0,0.0,0,2,No n'hi ha,-1.0,3,3,1,0,0,0,0,0,1,0,0,0,0,1,2,2,1,Envestida (frontal lateral),1,2,2,5,-1,2,1,18.45,1,2,0,28,10
3424,2013,0,2013-07-08,B-224,SANT ESTEVE SESROVIRES,Baix Llobregat,3,0,1,2,3,0,0,0,0,2,0,1,0,60.0,0.0,0,3,No n'hi ha,-1.0,3,3,1,0,0,0,0,0,0,0,0,0,0,0,4,-1,1,Fregament o col·lisió lateral,-1,1,2,4,3,2,1,8.47,0,2,0,8,7
3425,2013,0,2013-11-13,N-240,TORREGROSSA,Pla d'Urgell,2,0,1,1,2,0,0,0,0,2,0,0,0,80.0,0.0,0,2,No n'hi ha,-1.0,3,0,1,0,0,0,0,0,1,0,0,0,1,1,3,4,1,Fregament o col·lisió lateral,0,1,2,4,1,2,1,19.08,1,2,2,13,11
3426,2013,0,2013-09-09,C-17,MONTCADA I REIXAC,Valles Occidental,3,0,1,0,1,0,0,0,1,0,0,0,0,120.0,0.0,0,-1,Sense Especificar,-1.0,3,3,1,0,0,0,0,0,0,0,0,0,0,0,4,-1,-1,Caiguda en la via,-1,1,2,1,4,2,1,9.07,0,0,0,9,9
3427,2013,1,2013-06-07,SE,LLEIDA,Segria,2,0,1,0,2,0,0,1,0,0,1,0,0,100.0,0.0,0,-1,No n'hi ha,-1.0,3,3,1,0,0,0,0,0,0,0,0,0,0,0,4,-1,-1,Envestida (frontal lateral),-1,2,2,5,-1,2,1,5.3,2,2,4,7,6
3428,2013,0,2013-12-29,N-260,OLOT,Garrotxa,1,0,1,0,2,0,1,0,0,1,0,0,0,90.0,0.0,0,-1,Sense Especificar,-1.0,3,3,1,0,0,0,0,0,0,0,0,0,0,0,4,-1,-1,Envestida (frontal lateral),-1,1,2,4,4,2,0,12.55,0,2,6,29,12
3429,2013,1,2013-02-26,SE,BARCELONA,Barcelones,3,0,1,0,2,0,0,0,1,1,0,0,0,100.0,1.0,0,-1,No n'hi ha,-1.0,3,3,1,0,0,0,0,0,0,0,0,0,0,1,4,3,0,Fregament o col·lisió lateral,2,2,2,5,-1,2,1,16.0,1,2,1,26,2
3430,2013,1,2013-03-18,SE,BARCELONA,Barcelones,3,0,1,0,2,0,1,0,0,1,0,0,0,100.0,0.0,0,-1,No n'hi ha,-1.0,3,3,1,0,0,0,0,0,0,0,0,0,1,0,5,-1,1,Envestida (frontal lateral),-1,2,2,5,-1,2,1,21.0,1,2,0,18,3
3431,2013,1,2013-11-12,SE,TAVERNOLES,Osona,3,0,1,0,2,1,0,0,0,1,0,0,0,50.0,0.0,0,1,No n'hi ha,-1.0,3,3,1,0,0,0,0,0,0,0,0,0,0,0,4,-1,0,Atropellament,-1,2,2,5,-1,2,1,15.37,1,3,1,12,11
3432,2013,0,2013-11-15,BV-2002,SANT BOI DE LLOBREGAT,Baix Llobregat,3,0,1,0,3,0,0,0,1,2,0,0,0,100.0,0.0,0,2,No n'hi ha,-1.0,3,3,1,0,0,0,0,0,0,0,0,0,0,2,4,4,1,Encalç,1,1,2,4,3,2,1,9.58,0,2,4,15,11
3433,2013,0,2013-10-15,N-II,CAPMANY,Alt Emporda,1,0,3,0,2,0,0,0,0,2,0,0,0,90.0,0.0,0,-1,Sense Especificar,-1.0,3,3,1,0,0,0,0,0,0,0,0,0,0,0,4,-1,-1,Envestida (frontal lateral),-1,1,2,4,4,2,1,4.15,2,2,1,15,10
3434,2013,1,2013-12-23,SE,BARCELONA,Barcelones,3,0,1,0,3,0,0,0,2,1,0,0,0,100.0,0.0,0,-1,No n'hi ha,-1.0,3,3,1,0,0,0,0,0,0,0,0,0,0,0,4,-1,1,Fregament o col·lisió lateral,-1,2,2,5,-1,2,1,16.0,1,2,0,23,12
3435,2013,1,2013-12-19,SE,BARCELONA,Barcelones,3,0,1,2,3,2,0,0,1,0,0,0,0,100.0,0.0,0,-1,No n'hi ha,-1.0,1,3,1,0,0,0,0,0,0,0,0,0,1,1,5,3,0,Atropellament,2,2,0,5,-1,2,1,17.1,1,3,3,19,12
3436,2013,1,2013-11-27,SE,BARCELONA,Barcelones,3,0,1,0,1,0,0,1,0,0,0,0,0,100.0,0.0,0,-1,No n'hi ha,-1.0,3,3,1,0,0,0,0,0,0,0,0,0,0,1,5,3,0,Caiguda en la via,2,2,2,5,-1,2,1,19.25,1,0,2,27,11
3437,2013,0,2013-06-26,LP-2015,BELIANES,Urgell,2,1,2,0,1,0,0,0,0,1,0,0,0,100.0,0.0,0,2,No n'hi ha,-1.0,3,3,0,0,0,0,0,0,0,0,0,0,0,0,4,-1,1,Resta sortides de via,-1,1,2,4,2,2,1,15.15,1,1,2,26,6
3438,2013,1,2013-02-03,SE,SANT JUST DESVERN,Baix Llobregat,3,0,1,0,2,1,0,0,0,1,0,0,0,100.0,0.0,0,-1,No n'hi ha,-1.0,3,3,1,0,0,0,0,0,0,0,0,0,0,0,4,-1,-1,Atropellament,-1,2,2,5,-1,2,0,17.4,1,3,6,3,2
3439,2013,1,2013-06-26,SE,CAMBRILS,Baix Camp,0,0,1,1,3,2,0,0,0,1,0,0,0,100.0,0.0,0,-1,No n'hi ha,-1.0,3,3,1,0,0,0,0,0,0,0,0,0,0,0,4,-1,-1,Atropellament,-1,2,2,5,-1,2,1,11.45,0,3,2,26,6
3440,2013,0,2013-07-17,B-225,CASTELLBISBAL,Valles Occidental,3,0,1,0,2,0,0,0,0,1,0,1,0,100.0,0.0,0,-1,No n'hi ha,-1.0,3,3,1,0,0,0,0,0,0,0,0,0,0,0,4,-1,-1,Altres,-1,1,2,4,-1,2,1,8.55,0,5,2,17,7
3441,2013,1,2013-12-26,SE,TIVENYS,Baix Ebre,0,0,1,0,2,0,1,0,0,1,0,0,0,100.0,0.0,0,2,No n'hi ha,-1.0,3,3,1,0,0,0,0,0,0,0,0,0,0,1,4,5,1,Envestida (frontal lateral),2,2,3,5,-1,1,1,14.12,1,2,3,26,12
3442,2013,0,2013-11-07,BV-4501,MANRESA,Bages,3,1,0,0,2,1,0,0,0,1,0,0,0,50.0,0.0,0,2,No n'hi ha,-1.0,3,3,0,0,0,0,0,0,0,0,0,0,0,1,1,4,1,Atropellament,1,1,2,4,3,2,1,18.15,1,3,3,7,11
3443,2013,0,2013-12-20,C-15B,SANT PERE DE RIBES,Garraf,3,0,1,1,2,0,0,0,0,2,0,0,0,90.0,0.0,0,1,No n'hi ha,-1.0,1,3,1,0,0,0,1,0,0,0,0,0,0,1,0,4,1,Col·lisió frontal,3,1,2,4,2,2,1,5.3,2,2,4,20,12
3444,2013,1,2013-07-01,SE,BARCELONA,Barcelones,3,0,1,0,2,0,0,0,1,1,0,0,0,100.0,0.0,0,-1,No n'hi ha,-1.0,3,3,1,0,0,0,0,0,0,0,0,0,0,1,4,3,0,Envestida (frontal lateral),2,2,2,5,-1,2,1,8.2,0,2,0,1,7
3445,2013,0,2013-07-18,AP-7,GELIDA,Alt Penedes,3,0,1,0,3,0,0,0,0,1,2,0,0,100.0,0.0,0,2,No n'hi ha,-1.0,3,3,1,0,0,0,0,0,0,0,0,0,0,0,4,-1,1,Fregament o col·lisió lateral,-1,1,2,2,2,2,1,17.3,1,2,3,18,7
3446,2013,1,2013-05-14,SE,TARRAGONA,Tarragones,0,0,1,0,2,0,0,1,0,1,0,0,0,20.0,0.0,0,2,No n'hi ha,-1.0,3,3,1,-1,0,0,0,-1,0,0,0,0,-1,1,2,4,1,Envestida (frontal lateral),2,2,2,5,-1,2,1,16.34,1,2,1,14,5
3447,2013,0,2013-10-26,N-II,CALDES DE MALAVELLA,Selva,1,1,0,1,2,0,0,0,0,1,1,0,0,80.0,0.0,0,1,No n'hi ha,0.0,3,3,0,0,0,0,0,0,0,0,0,0,0,0,3,-1,1,Col·lisió frontal,-1,1,2,4,1,2,0,7.24,0,2,5,26,10
3448,2013,1,2013-06-13,SE,BADALONA,Barcelones,3,0,1,0,2,0,0,0,1,1,0,0,0,20.0,0.0,0,2,No n'hi ha,-1.0,3,3,1,-1,0,0,0,-1,0,0,0,0,-1,1,5,3,1,Envestida (frontal lateral),2,2,2,5,-1,2,1,23.35,2,2,3,13,6
3449,2013,1,2013-12-24,SE,BARCELONA,Barcelones,3,0,1,0,2,0,0,0,1,1,0,0,0,100.0,0.0,0,-1,No n'hi ha,-1.0,3,3,1,0,0,0,0,0,0,0,0,0,0,0,4,-1,0,Fregament o col·lisió lateral,-1,2,2,5,-1,2,1,9.0,0,2,1,24,12
3450,2013,0,2013-03-28,AP-7,RIUDELLOTS DE LA SELVA,Selva,1,0,1,2,2,0,0,0,0,2,0,0,0,100.0,0.0,0,2,No n'hi ha,-1.0,3,3,1,0,0,0,0,0,0,0,0,0,0,0,4,-1,1,Resta sortides de via,-1,1,2,2,1,2,1,11.3,0,1,3,28,3
3451,2013,0,2013-02-18,N-II,VILAGRASSA,Urgell,2,0,1,0,2,1,0,0,0,1,0,0,0,50.0,1.0,0,2,No n'hi ha,-1.0,3,3,1,0,0,0,0,0,0,0,0,0,0,0,5,-1,1,Atropellament,-1,1,2,4,1,2,1,19.32,1,3,0,18,2
3452,2013,1,2013-03-06,SE,VILAFRANCA DEL PENEDES,Alt Penedes,3,0,1,0,2,1,0,0,0,1,0,0,0,20.0,0.0,0,2,No n'hi ha,-1.0,3,3,1,-1,0,0,0,-1,0,0,0,0,0,1,0,2,0,Atropellament,1,2,2,5,-1,2,1,19.41,1,3,2,6,3
3453,2013,0,2013-09-01,N-II,CAPMANY,Alt Emporda,1,0,2,4,2,0,0,0,0,2,0,0,0,100.0,0.0,0,2,No n'hi ha,-1.0,3,3,1,0,0,0,0,0,0,0,0,0,0,0,3,-1,1,Col·lisió frontal,-1,1,2,4,1,2,0,5.09,2,2,6,1,9
3454,2013,1,2013-01-30,SE,BARCELONA,Barcelones,3,0,1,1,2,1,0,0,1,0,0,0,0,100.0,0.0,0,-1,No n'hi ha,-1.0,3,3,1,0,0,0,0,0,0,0,0,0,1,1,4,3,0,Atropellament,1,2,2,5,-1,2,1,13.05,0,3,2,30,1
3455,2013,0,2013-06-27,A-2,RIBERA D'ONDARA,Segarra,2,1,0,0,2,0,0,0,0,0,2,0,0,100.0,0.0,0,2,Carril lent,-1.0,3,3,0,0,0,0,0,0,1,0,0,0,0,0,3,-1,1,Encalç,-1,1,2,1,1,2,1,5.44,2,2,3,27,6
3456,2013,0,2013-06-09,N-340,AVINYONET DEL PENEDES,Alt Penedes,3,0,2,0,2,0,0,0,1,1,0,0,0,100.0,0.0,0,3,No n'hi ha,-1.0,3,3,1,0,0,0,0,0,0,0,0,0,0,0,4,-1,1,Fregament o col·lisió lateral,-1,1,2,4,1,2,0,11.4,0,2,6,9,6
3457,2013,0,2013-07-17,C-462,"VANSA I FORNOLS, LA",Alt Urgell,2,0,1,0,1,0,0,0,0,1,0,0,0,100.0,0.0,0,1,No n'hi ha,-1.0,3,3,1,0,0,0,0,0,0,0,0,0,0,0,4,-1,1,Resta sortides de via,-1,1,2,4,2,2,1,13.05,0,1,2,17,7
3458,2013,1,2013-02-22,SE,BARCELONA,Barcelones,3,0,1,3,4,0,0,0,1,3,0,0,0,100.0,0.0,0,-1,No n'hi ha,-1.0,1,3,1,0,0,0,0,0,0,0,0,0,0,0,5,-1,1,Encalç,-1,2,0,5,-1,2,0,21.1,1,2,4,22,2
3459,2013,1,2013-11-18,C-63,VIDRERES,Selva,1,1,0,0,2,1,0,0,0,1,0,0,0,40.0,0.0,0,1,No n'hi ha,-1.0,1,1,0,0,0,0,0,0,0,0,0,0,0,0,5,-1,1,Atropellament,-1,2,2,4,2,2,1,7.16,0,3,0,18,11
3460,2013,1,2013-10-02,SE,SANTA COLOMA DE FARNERS,Selva,1,0,1,0,2,1,0,0,0,1,0,0,0,30.0,0.0,0,2,No n'hi ha,-1.0,3,3,1,0,0,0,0,0,0,0,0,0,0,0,4,-1,1,Atropellament,-1,2,2,5,-1,2,1,9.08,0,3,2,2,10
3461,2013,0,2013-12-30,C-55,CASTELLGALI,Bages,3,1,1,1,3,0,0,0,0,3,0,0,0,100.0,0.0,0,2,No n'hi ha,-1.0,3,3,0,0,0,0,1,0,0,0,0,0,0,0,3,-1,1,Envestida (frontal lateral),-1,1,2,4,2,2,1,7.08,0,2,0,30,12
3462,2013,1,2013-12-15,SE,MANLLEU,Osona,3,0,1,0,2,1,0,0,0,1,0,0,0,20.0,0.0,0,2,No n'hi ha,-1.0,3,3,1,-1,0,0,0,-1,0,0,0,0,-1,1,4,2,1,Atropellament,0,2,2,5,-1,2,0,15.3,1,3,6,15,12
3463,2013,1,2013-06-01,SE,GIRONA,Girones,1,0,1,0,2,1,0,0,0,1,0,0,0,100.0,0.0,0,2,No n'hi ha,-1.0,3,3,1,0,0,0,0,0,0,0,0,0,0,2,4,4,0,Atropellament,1,2,2,5,-1,1,0,10.27,0,3,5,1,6
3464,2013,0,2013-01-23,N-340,"ALDEA, L'",Baix Ebre,0,0,1,0,1,0,0,0,0,0,1,0,0,100.0,0.0,0,0,No n'hi ha,-1.0,3,3,1,0,0,0,0,1,0,0,0,0,0,0,1,-1,1,Caiguda en la via,-1,1,2,4,1,0,1,17.25,1,0,2,23,1
3465,2013,0,2013-10-06,N-II,"JONQUERA, LA",Alt Emporda,1,0,1,0,2,0,0,0,1,1,0,0,0,100.0,0.0,0,1,No n'hi ha,-1.0,3,3,1,0,0,0,0,0,0,0,0,0,0,0,4,-1,1,Fregament o col·lisió lateral,-1,1,2,4,1,1,0,17.55,1,2,6,6,10
3466,2013,1,2013-02-20,SE,VILADECANS,Baix Llobregat,3,0,1,0,2,1,0,0,0,1,0,0,0,20.0,0.0,0,2,No n'hi ha,-1.0,3,3,1,-1,0,0,0,-1,0,0,0,0,0,0,4,-1,1,Atropellament,-1,2,2,5,-1,2,1,7.59,0,3,2,20,2
3467,2013,1,2013-04-23,SE,BARCELONA,Barcelones,3,0,1,2,6,2,0,0,3,1,0,0,0,100.0,0.0,0,-1,Carril bus,-1.0,3,3,1,0,0,0,0,0,0,0,0,0,0,1,4,3,1,Atropellament,2,2,2,5,-1,2,1,14.1,1,3,1,23,4
3468,2013,1,2013-02-14,SE,BARCELONA,Barcelones,3,0,1,1,2,0,0,0,1,1,0,0,0,100.0,0.0,0,-1,No n'hi ha,-1.0,3,3,1,0,0,1,0,0,0,0,0,0,1,1,4,5,0,Envestida (frontal lateral),2,2,2,5,-1,2,1,8.55,0,2,3,14,2
3469,2013,1,2013-10-17,SE,SARRAL,Conca de Barbera,0,0,1,0,2,0,1,0,0,1,0,0,0,100.0,0.0,0,2,No n'hi ha,-1.0,3,3,1,0,0,0,0,0,0,0,0,0,0,1,4,5,1,Fregament o col·lisió lateral,1,2,2,5,0,2,1,16.45,1,2,3,17,10
3470,2013,1,2013-10-12,SE,ESPARREGUERA,Baix Llobregat,3,2,4,1,2,0,0,0,0,2,0,0,0,20.0,0.0,0,3,No n'hi ha,-1.0,3,3,0,-1,0,0,0,-1,0,0,0,0,-1,0,4,-1,1,Envestida (frontal lateral),-1,2,2,5,-1,2,0,14.05,1,2,5,12,10
3471,2013,0,2013-09-04,C-66,PALOL DE REVARDIT,Pla de l'Estany,1,0,1,0,2,1,0,0,0,1,0,0,0,100.0,1.0,0,2,No n'hi ha,-1.0,3,3,1,0,0,0,0,0,0,0,0,0,0,0,5,-1,0,Atropellament,-1,1,2,1,2,2,1,1.37,2,3,2,4,9
3472,2013,1,2013-07-17,SE,GAVA,Baix Llobregat,3,0,1,0,2,1,0,0,0,1,0,0,0,20.0,0.0,0,0,No n'hi ha,-1.0,3,3,1,-1,0,0,0,-1,0,0,0,0,-1,0,4,-1,1,Atropellament,-1,2,2,5,-1,2,1,20.05,1,3,2,17,7
3473,2013,0,2013-09-23,C-55,CARDONA,Bages,3,0,2,0,2,0,0,0,0,2,0,0,0,60.0,0.0,0,3,No n'hi ha,-1.0,3,3,1,0,0,0,0,0,0,0,0,0,0,2,4,4,1,Fregament o col·lisió lateral,1,1,2,4,2,2,1,11.55,0,2,0,23,9