,Year,Area,Date,Road,Municipality Name,County Name,Province Name,Fatalties,Serious Injuries,Light Injuries,Units Involved,Pedestrains Involved,Bicycles Involved,Mopeds Involved,Motorcycles,Light Vehicles Involved,Heavy Vehicles Involved,Other Units Involved,Unspecified Units Involved,Road Speed Limit,Accident with Hit and Run,Fog Presence,Surrounding Environment,Special Lane Presence,Special Traffic Measures,Weather Conditions,Special Road Functions,Severity of Accident,Influence of Fog,Influence of Environment,Influence of Traffic,Influence of Weather,Influence of Wind Intensity,Influence of Lighting,Influence of Special Measures,Influence of Road Objects,Influence of Road Surface,Influence of Visibility,Intersection Characteristics,Lighting Conditions,Traffic Regulation and Priority,Direction of Road,Subtype of Accident,Subtype of Road Section,Subzone within Area,Road Surface Conditions,Type of Road,Road Ownership,Wind Conditions,Day of the Week Grouping,Hour of Day,Time of Day Grouping,Type of Accident,Day Type,Day,Month
3558,2013,1,2013-02-05,SE,SANT FELIU DE LLOBREGAT,Baix Llobregat,3,0,1,0,2,1,0,0,0,1,0,0,0,100.0,0.0,0,2,No n'hi ha,-1.0,3,3,1,0,0,0,0,0,0,0,0,0,0,1,4,3,1,Atropellament,2,2,2,5,-1,2,1,9.57,0,3,1,5,2
3559,2013,1,2013-03-11,SE,LLEIDA,Segria,2,1,0,1,2,0,0,0,1,1,0,0,0,20.0,0.0,0,2,No n'hi ha,-1.0,1,3,0,-1,0,0,0,-1,0,0,0,0,-1,0,0,-1,1,Envestida (frontal lateral),-1,2,0,5,-1,2,1,22.2,2,2,0,11,3
3560,2013,1,2013-10-29,SE,FIGUERES,Alt Emporda,1,0,1,0,2,1,0,0,0,1,0,0,0,100.0,0.0,0,3,No n'hi ha,-1.0,3,3,1,0,0,0,0,0,1,0,0,0,0,0,0,-1,0,Atropellament,-1,2,2,5,-1,2,1,19.3,1,3,1,29,10
3561,2013,1,2013-07-10,SE,SANT QUIRZE DEL VALLES,Valles Occidental,3,0,1,0,3,0,0,0,1,2,0,0,0,100.0,0.0,0,2,No n'hi ha,-1.0,3,3,1,0,0,0,0,0,0,0,0,0,0,0,4,-1,1,Envestida (frontal lateral),-1,2,2,5,-1,2,1,9.2,0,2,2,10,7
3562,2013,1,2013-01-14,BV-2003,VILADECANS,Baix Llobregat,3,0,2,0,2,0,0,0,1,1,0,0,0,90.0,0.0,0,2,No n'hi ha,-1.0,3,3,1,-1,0,0,0,-1,0,0,0,0,-1,1,4,5,1,Encalç,2,0,2,4,-1,2,1,8.4,0,2,0,14,1
3563,2013,0,2013-10-24,C-26,BORREDA,Bergueda,3,0,1,3,2,0,0,0,0,2,0,0,0,90.0,0.0,0,-1,Sense Especificar,-1.0,3,3,1,0,0,0,0,0,0,0,0,0,0,0,4,-1,-1,Envestida (frontal lateral),-1,1,2,4,4,2,1,14.1,1,2,3,24,10
3564,2013,1,2013-06-16,SE,PONTS,Noguera,2,0,1,0,2,1,0,0,0,1,0,0,0,100.0,0.0,0,2,No n'hi ha,-1.0,3,3,1,0,0,0,0,0,0,0,0,0,0,0,4,-1,1,Atropellament,-1,2,3,5,-1,2,0,12.02,0,3,6,16,6
3565,2013,0,2013-12-22,C-14,PONTS,Noguera,2,0,1,1,3,0,0,0,0,3,0,0,0,100.0,0.0,0,1,Carril avançament,-1.0,3,3,1,0,0,0,0,0,1,0,0,0,0,0,4,-1,1,Fregament o col·lisió lateral,-1,1,2,4,2,2,0,13.44,0,2,6,22,12
3566,2013,1,2013-10-02,SE,GRANOLLERS,Valles Oriental,3,0,1,0,2,1,0,0,0,1,0,0,0,100.0,0.0,0,2,No n'hi ha,-1.0,3,3,1,0,0,0,0,0,0,0,0,0,0,0,4,-1,1,Atropellament,-1,2,2,5,-1,2,1,17.13,1,3,2,2,10
3567,2013,0,2013-05-27,N-420,RIUDOMS,Baix Camp,0,0,1,2,5,0,0,0,0,5,0,0,0,80.0,0.0,0,3,Carril d'alentiment,-1.0,1,3,1,0,0,0,1,0,0,0,0,0,0,0,3,-1,1,Xoc contra objecte/obstacle sense sortida prèvia de via,-1,1,2,4,1,2,1,22.22,2,4,0,27,5
3568,2013,1,2013-06-27,SE,SANT PERE DE RIBES,Garraf,3,0,1,0,1,0,1,0,0,0,0,0,0,100.0,0.0,0,-1,No n'hi ha,-1.0,3,3,1,0,0,0,0,0,0,0,0,0,0,0,4,-1,-1,Altres,-1,2,2,5,-1,2,1,11.1,0,5,3,27,6
3569,2013,0,2013-10-03,N-340,ALCANAR,Montsia,0,0,2,0,2,0,0,0,0,1,1,0,0,100.0,0.0,0,2,No n'hi ha,-1.0,3,3,1,0,0,0,0,0,0,0,0,0,0,0,0,-1,1,Envestida (frontal lateral),-1,1,2,4,1,2,1,19.54,1,2,3,3,10
3570,2013,0,2013-10-10,GI-555,SILS,Selva,1,0,1,0,1,0,0,0,0,1,0,0,0,100.0,0.0,0,2,No n'hi ha,-1.0,1,3,1,0,0,0,1,0,0,0,0,0,0,0,1,-1,1,Resta sortides de via,-1,1,2,4,2,2,1,7.15,0,1,3,10,10
3571,2013,0,2013-10-16,N-260,PRULLANS,Cerdanya,2,0,1,0,2,0,0,0,2,0,0,0,0,100.0,0.0,0,1,No n'hi ha,-1.0,3,3,1,0,0,0,0,0,0,0,0,0,0,0,4,-1,1,Fregament o col·lisió lateral,-1,1,2,4,1,2,1,11.32,0,2,2,16,10
3572,2013,1,2013-12-01,B-522,MANLLEU,Osona,3,0,1,0,2,1,0,0,0,1,0,0,0,90.0,0.0,0,2,No n'hi ha,-1.0,3,1,1,-1,0,0,0,-1,0,0,0,0,-1,1,4,2,1,Atropellament,2,0,2,4,-1,2,0,10.53,0,3,6,1,12
3573,2013,1,2013-12-07,SE,BARCELONA,Barcelones,3,0,2,0,1,0,0,0,1,0,0,0,0,100.0,0.0,0,-1,No n'hi ha,-1.0,3,3,1,0,0,0,0,0,0,0,0,0,0,1,5,3,1,Caiguda en la via,2,2,2,5,-1,2,0,6.4,0,0,5,7,12
3574,2013,0,2013-05-15,TP-3311,"GALERA, LA",Montsia,0,0,1,1,2,0,0,0,0,2,0,0,0,100.0,0.0,0,2,No n'hi ha,-1.0,3,3,1,0,1,0,0,0,0,0,0,0,0,1,4,4,1,Fregament o col·lisió lateral,0,1,2,4,3,2,1,13.35,0,2,2,15,5
3575,2013,1,2013-06-12,GI-682,BLANES,Selva,1,0,1,0,2,0,1,0,0,1,0,0,0,90.0,0.0,0,2,No n'hi ha,-1.0,3,3,1,-1,0,0,0,-1,0,0,0,0,-1,0,4,-1,1,Envestida (frontal lateral),-1,0,2,4,0,2,1,16.21,1,2,2,12,6
3576,2013,0,2013-01-28,B-22,SANT BOI DE LLOBREGAT,Baix Llobregat,3,0,1,0,2,0,0,0,0,2,0,0,0,80.0,0.0,0,0,No n'hi ha,-1.0,3,3,1,0,0,0,0,0,0,0,0,0,0,0,5,-1,1,Xoc contra objecte/obstacle sense sortida prèvia de via,-1,1,2,4,1,2,1,6.56,0,4,0,28,1
3577,2013,1,2013-03-14,SE,ALCANAR,Montsia,0,0,1,0,2,1,0,0,0,1,0,0,0,100.0,0.0,0,2,No n'hi ha,-1.0,3,1,1,0,0,0,0,0,0,0,0,0,0,2,0,5,1,Atropellament,2,2,2,5,-1,2,1,20.35,1,3,3,14,3
3578,2013,0,2013-08-11,C-32,PREMIA DE DALT,Maresme,3,0,1,2,2,0,0,0,0,2,0,0,0,100.0,0.0,0,2,No n'hi ha,-1.0,3,3,1,0,0,0,0,0,0,0,0,0,0,0,5,-1,0,Envestida (frontal lateral),-1,1,2,2,2,2,0,23.5,2,2,6,11,8
3579,2013,0,2013-07-08,TV-3454,DELTEBRE,Baix Ebre,0,0,1,0,2,0,0,1,0,1,0,0,0,50.0,0.0,0,0,No n'hi ha,-1.0,3,0,1,0,0,0,0,0,0,0,0,0,0,1,4,4,1,Envestida (frontal lateral),2,1,2,4,3,2,1,14.25,1,2,0,8,7
3580,2013,1,2013-07-08,SE,TARRAGONA,Tarragones,0,0,1,0,2,1,0,0,0,1,0,0,0,100.0,0.0,0,2,No n'hi ha,-1.0,3,3,1,0,0,0,0,0,0,0,0,0,0,0,4,-1,1,Atropellament,-1,2,2,5,-1,2,1,20.35,1,3,0,8,7
3581,2013,1,2013-01-05,SE,BARCELONA,Barcelones,3,0,1,2,2,0,0,0,0,2,0,0,0,100.0,0.0,0,-1,Carril bus,-1.0,3,3,1,0,0,0,0,0,0,0,0,0,1,1,5,3,1,Envestida (frontal lateral),2,2,2,5,-1,2,0,20.2,1,2,5,5,1
3582,2013,1,2013-04-14,SE,BARCELONA,Barcelones,3,0,1,0,2,0,0,1,0,0,1,0,0,100.0,0.0,0,-1,No n'hi ha,3.0,3,3,1,0,0,0,0,0,0,0,0,0,0,1,4,3,0,Envestida (frontal lateral),2,2,2,5,-1,2,0,8.1,0,2,6,14,4
3583,2013,1,2013-06-12,SE,BARCELONA,Barcelones,3,0,1,0,2,0,1,0,0,1,0,0,0,100.0,0.0,0,-1,No n'hi ha,-1.0,3,3,1,0,0,0,0,0,0,0,0,0,0,1,4,2,1,Envestida (frontal lateral),2,2,2,5,-1,2,1,10.4,0,2,2,12,6
3584,2013,1,2013-06-13,SE,BARCELONA,Barcelones,3,0,1,0,2,1,0,0,0,1,0,0,0,100.0,0.0,0,-1,No n'hi ha,-1.0,3,3,1,0,0,0,0,0,0,0,1,0,1,1,4,5,1,Atropellament,1,2,2,5,-1,2,1,9.05,0,3,3,13,6
3585,2013,0,2013-09-02,N-340,OLERDOLA,Alt Penedes,3,0,1,0,1,0,0,0,1,0,0,0,0,50.0,1.0,0,2,No n'hi ha,-1.0,3,3,1,0,0,0,0,0,0,0,0,0,0,2,4,4,1,Caiguda en la via,0,1,2,4,1,2,1,7.43,0,0,0,2,9
3586,2013,1,2013-07-06,SE,LLEIDA,Segria,2,0,1,0,2,0,0,0,1,1,0,0,0,100.0,1.0,0,-1,No n'hi ha,-1.0,3,3,1,0,0,0,0,0,0,0,0,0,0,0,4,-1,-1,Fregament o col·lisió lateral,-1,2,2,5,-1,2,0,8.59,0,2,5,6,7
3587,2013,1,2013-07-19,SE,SANT FELIU DE GUIXOLS,Baix Emporda,1,0,1,0,2,0,1,0,0,1,0,0,0,20.0,0.0,0,-1,No n'hi ha,-1.0,3,3,1,-1,-1,0,0,-1,0,0,0,0,-1,1,0,5,-1,Envestida (frontal lateral),2,2,2,5,-1,2,0,22.48,2,2,4,19,7
3588,2013,1,2013-12-28,SE,SABADELL,Valles Occidental,3,0,1,0,2,1,0,0,0,1,0,0,0,100.0,0.0,0,-1,No n'hi ha,-1.0,3,3,1,0,0,0,0,0,0,0,0,0,0,0,4,-1,-1,Atropellament,-1,2,2,5,-1,2,0,12.36,0,3,5,28,12
3589,2013,1,2013-06-01,SE,ALCOVER,Alt Camp,0,0,1,0,2,1,0,0,0,1,0,0,0,30.0,0.0,0,2,No n'hi ha,-1.0,3,3,1,0,0,0,0,0,0,0,0,0,0,0,4,-1,1,Atropellament,-1,2,2,5,-1,1,0,18.43,1,3,5,1,6
3590,2013,1,2013-11-23,SE,GIRONA,Girones,1,0,1,0,1,0,0,0,0,1,0,0,0,20.0,0.0,0,-1,No n'hi ha,-1.0,3,3,1,-1,0,0,0,-1,0,0,0,0,0,0,5,-1,1,Xoc contra objecte/obstacle sense sortida prèvia de via,-1,2,2,5,-1,2,0,5.43,2,4,5,23,11
3591,2013,0,2013-09-04,BV-2415,OLERDOLA,Alt Penedes,3,1,0,1,2,0,0,0,0,2,0,0,0,100.0,0.0,0,0,No n'hi ha,-1.0,3,3,0,0,0,0,0,0,0,0,0,0,0,0,4,-1,1,Xoc contra objecte/obstacle sense sortida prèvia de via,-1,1,2,4,3,2,1,8.26,0,4,2,4,9
3592,2013,1,2013-09-10,SE,"MASNOU, EL",Maresme,3,0,1,0,2,0,0,1,0,1,0,0,0,20.0,0.0,0,-1,No n'hi ha,-1.0,3,3,1,0,-1,0,0,0,0,0,0,0,0,1,5,4,-1,Envestida (frontal lateral),2,2,2,5,-1,2,1,3.5,2,2,1,10,9
3593,2013,1,2013-12-23,SE,BARCELONA,Barcelones,3,0,1,0,2,1,0,0,1,0,0,0,0,100.0,0.0,0,-1,Carril bus,-1.0,3,3,1,0,0,0,0,0,0,0,0,0,0,0,5,-1,0,Atropellament,-1,2,2,5,-1,2,1,19.3,1,3,0,23,12
3594,2013,1,2013-12-19,N-IIa,SANT ANFREU DE LA BARCA,Baix Llobregat,3,0,1,0,2,1,0,0,0,1,0,0,0,30.0,0.0,0,-1,No n'hi ha,-1.0,1,3,1,-1,0,0,1,-1,0,0,0,0,-1,0,5,-1,1,Atropellament,-1,0,0,4,1,2,1,18.2,1,3,3,19,12
3595,2013,0,2013-07-05,BV-1432,GRANOLLERS,Valles Oriental,3,0,1,0,2,0,0,0,1,1,0,0,0,50.0,0.0,0,2,No n'hi ha,-1.0,3,3,1,0,0,0,0,0,0,0,0,0,0,0,4,-1,1,Encalç,-1,1,2,4,3,2,1,10.3,0,2,4,5,7
3596,2013,1,2013-01-21,SE,LLEIDA,Segria,2,0,1,0,2,1,0,0,0,1,0,0,0,40.0,0.0,0,2,No n'hi ha,-1.0,3,3,1,0,0,0,0,0,0,0,0,0,0,0,4,-1,1,Atropellament,-1,2,2,5,0,2,1,16.0,1,3,0,21,1
3597,2013,1,2013-04-24,SE,SABADELL,Valles Occidental,3,0,1,1,2,1,0,0,0,0,0,1,0,100.0,0.0,0,2,No n'hi ha,-1.0,3,3,1,0,0,0,0,0,0,0,0,0,0,0,4,-1,1,Atropellament,-1,2,2,5,-1,2,1,14.06,1,3,2,24,4
3598,2013,1,2013-04-10,SE,"POAL, EL",Pla d'Urgell,2,0,1,2,2,0,0,0,0,2,0,0,0,50.0,0.0,0,2,No n'hi ha,-1.0,3,3,1,0,0,0,0,0,0,0,0,0,1,1,4,4,1,Envestida (frontal lateral),2,2,2,5,-1,2,1,18.5,1,2,2,10,4
3599,2013,0,2013-05-07,CR,VALLFOGONA DE BALAGUER,Noguera,2,0,1,0,2,0,0,0,1,1,0,0,0,100.0,0.0,0,1,No n'hi ha,-1.0,3,3,1,0,0,0,0,0,0,0,0,0,0,0,4,-1,1,Envestida (frontal lateral),-1,1,2,3,0,2,1,17.16,1,2,1,7,5
3600,2013,1,2013-02-20,SE,HOSPITALET DE LLOBREGAT,Barcelones,3,0,1,0,1,0,0,0,0,1,0,0,0,20.0,0.0,0,-1,No n'hi ha,-1.0,3,3,1,-1,0,0,0,-1,0,0,0,0,0,0,4,-1,0,Xoc contra objecte/obstacle sense sortida prèvia de via,-1,2,2,5,-1,2,1,13.5,0,4,2,20,2
3601,2013,0,2013-07-12,B-22,"PRAT DE LLOBREGAT, E",Baix Llobregat,3,0,1,0,1,0,0,0,1,0,0,0,0,100.0,0.0,0,2,Altres,-1.0,3,3,1,0,0,0,0,0,0,0,0,0,0,0,4,-1,0,Caiguda en la via,-1,1,2,3,4,1,1,7.0,0,0,4,12,7
3602,2013,1,2013-10-30,SE,CORNELLA DE LLOBREGAT,Baix Llobregat,3,0,1,0,2,1,0,0,0,1,0,0,0,20.0,,0,-1,No n'hi ha,-1.0,3,3,1,-1,-1,0,0,-1,0,0,0,0,-1,1,4,2,-1,Atropellament,0,2,2,5,-1,2,1,8.45,0,3,2,30,10
3603,2013,0,2013-07-11,C-12,OS DE BALAGUER,Noguera,2,0,1,1,1,0,0,0,0,0,0,1,0,100.0,0.0,0,1,No n'hi ha,-1.0,3,3,1,0,1,0,0,0,0,0,0,0,0,0,4,-1,1,Resta sortides de via,-1,1,2,4,2,2,1,15.4,1,1,3,11,7
3604,2013,1,2013-09-24,SE,"PALAU D'ANGLESOLA, EL",Pla d'Urgell,2,0,1,1,4,3,0,0,0,1,0,0,0,30.0,0.0,0,2,No n'hi ha,-1.0,3,1,1,0,0,0,0,0,0,0,0,0,0,0,4,-1,1,Atropellament,-1,2,2,5,-1,2,1,15.13,1,3,1,24,9
3605,2013,0,2013-12-09,C-59,CALDES DE MONTBUI,Valles Oriental,3,0,1,0,2,0,1,0,0,1,0,0,0,100.0,0.0,0,1,No n'hi ha,-1.0,3,3,1,0,0,0,0,0,0,0,0,0,0,0,4,-1,1,Encalç,-1,1,2,4,2,2,1,14.44,1,2,0,9,12
3606,2013,0,2013-12-20,C-58,VACARISSES,Valles Occidental,3,0,1,2,2,0,0,0,0,2,0,0,0,60.0,0.0,0,1,No n'hi ha,-1.0,3,3,1,0,0,0,0,0,0,0,0,0,0,1,3,4,1,Envestida (frontal lateral),3,1,2,4,2,2,0,23.05,2,2,4,20,12
3607,2013,1,2013-10-13,SE,SALOU,Tarragones,0,0,1,0,3,0,0,0,1,2,0,0,0,100.0,0.0,0,2,No n'hi ha,-1.0,3,3,1,0,0,0,0,0,0,0,0,0,0,1,4,4,1,Envestida (frontal lateral),2,2,2,5,-1,2,0,16.3,1,2,6,13,10
3608,2013,1,2013-11-28,SE,SANT JOAN DESPI,Baix Llobregat,3,0,1,0,2,0,0,0,1,1,0,0,0,40.0,0.0,0,2,No n'hi ha,-1.0,3,3,1,0,0,0,0,0,0,0,0,0,0,1,5,4,1,Envestida (frontal lateral),1,2,2,5,0,2,1,21.4,1,2,3,28,11
3609,2013,1,2013-01-07,SE,TARRAGONA,Tarragones,0,0,1,0,3,1,0,0,0,2,0,0,0,100.0,0.0,0,2,No n'hi ha,-1.0,3,3,1,0,0,0,0,0,0,0,0,0,0,0,4,-1,1,Atropellament,-1,2,2,5,-1,2,1,15.15,1,3,0,7,1
3610,2013,0,2013-05-10,A-7,LA CANONJA,Tarragones,0,0,1,0,1,0,0,0,1,0,0,0,0,100.0,0.0,0,3,No n'hi ha,-1.0,3,3,1,0,0,0,0,0,0,0,1,0,0,0,4,-1,1,Xoc contra objecte/obstacle sense sortida prèvia de via,-1,1,2,1,1,2,0,16.41,1,4,4,10,5
3611,2013,1,2013-03-22,SE,SANT BOI DE LLOBREGAT,Baix Llobregat,3,0,1,0,2,0,0,1,0,1,0,0,0,100.0,0.0,0,-1,No n'hi ha,-1.0,3,3,1,0,0,0,0,0,0,0,0,0,0,0,4,-1,-1,Envestida (frontal lateral),-1,2,2,5,-1,2,0,22.53,2,2,4,22,3
3612,2013,1,2013-04-15,SE,MANRESA,Bages,3,0,1,0,2,1,0,0,0,1,0,0,0,100.0,0.0,0,2,No n'hi ha,-1.0,3,3,1,0,0,0,0,0,0,0,0,0,0,0,4,-1,1,Atropellament,-1,2,2,5,-1,2,1,16.15,1,3,0,15,4
3613,2013,1,2013-03-09,SE,VILANOVA I LA GELTRU,Garraf,3,1,0,0,1,0,0,0,1,0,0,0,0,50.0,0.0,0,1,Altres,-1.0,3,3,0,0,0,0,0,0,0,0,0,1,0,0,4,-1,1,Xoc contra objecte/obstacle sense sortida prèvia de via,-1,2,2,5,-1,2,0,14.45,1,4,5,9,3
3614,2013,0,2013-01-05,BP-1503,SANT QUIRZE DEL VALLES,Valles Occidental,3,0,1,2,4,0,0,0,0,4,0,0,0,70.0,0.0,0,2,No n'hi ha,-1.0,3,3,1,0,0,0,0,0,0,0,0,0,0,0,4,-1,1,Encalç,-1,1,2,4,3,2,0,12.3,0,2,5,5,1
3615,2013,1,2013-03-04,SE,SANT QUIRZE DEL VALLES,Valles Occidental,3,0,1,0,2,1,0,0,0,1,0,0,0,30.0,0.0,0,2,No n'hi ha,-1.0,3,3,1,0,0,0,0,0,0,0,0,0,0,0,2,-1,1,Atropellament,-1,2,2,5,-1,2,1,15.45,1,3,0,4,3
3616,2013,0,2013-01-18,C-16,BARCELONA,Barcelones,3,0,1,0,2,0,0,0,1,1,0,0,0,80.0,0.0,0,2,No n'hi ha,-1.0,3,3,1,0,0,0,0,0,0,0,0,0,0,0,5,-1,1,Encalç,-1,1,2,2,2,2,0,18.37,1,2,4,18,1
3617,2013,0,2013-01-25,N-II,MALGRAT DE MAR,Maresme,3,0,1,0,4,0,0,0,1,3,0,0,0,100.0,0.0,0,2,No n'hi ha,-1.0,3,3,1,0,0,0,0,0,0,0,0,0,0,0,4,-1,0,Fregament o col·lisió lateral,-1,1,2,4,-1,2,0,15.05,1,2,4,25,1
3618,2013,1,2013-06-06,SE,OLIVELLA,Garraf,3,1,0,0,1,0,0,0,1,0,0,0,0,30.0,0.0,0,2,No n'hi ha,-1.0,3,3,0,0,0,0,0,0,0,0,0,0,0,0,1,-1,1,Xoc contra objecte/obstacle sense sortida prèvia de via,-1,2,2,5,-1,2,1,21.15,1,4,3,6,6
3619,2013,1,2013-06-12,C-1415a,TERRASSA,Valles Occidental,3,0,1,0,2,1,1,0,0,0,0,0,0,100.0,0.0,0,-1,No n'hi ha,-1.0,3,3,1,0,0,0,0,0,0,0,0,0,0,0,4,-1,-1,Atropellament,-1,0,2,4,-1,2,1,18.0,1,3,2,12,6
3620,2013,0,2013-09-20,N-260,COLERA,Alt Emporda,1,0,1,0,2,0,0,0,1,1,0,0,0,100.0,0.0,0,1,No n'hi ha,-1.0,3,3,1,0,0,0,0,0,0,0,0,0,0,0,4,-1,1,Fregament o col·lisió lateral,-1,1,2,4,1,2,1,10.55,0,2,4,20,9
3621,2013,0,2013-08-11,C-38,SANT PAU DE SEGURIES,Ripolles,1,1,0,0,1,0,0,0,0,1,0,0,0,100.0,0.0,0,1,No n'hi ha,-1.0,3,3,0,0,0,0,0,0,0,0,0,0,0,0,4,-1,1,Resta sortides de via,-1,1,2,4,2,2,0,11.3,0,1,6,11,8
3622,2013,0,2013-08-16,TV-3421,MAS DE BARBERANS,Montsia,0,0,1,0,2,0,0,1,0,0,1,0,0,100.0,0.0,0,2,No n'hi ha,-1.0,3,3,1,0,1,0,0,0,0,0,0,0,1,0,4,-1,1,Fregament o col·lisió lateral,-1,1,2,4,2,2,1,8.31,0,2,4,16,8
3623,2013,1,2013-08-06,SE,BRAFIM,Alt Camp,0,0,1,0,2,0,0,0,1,1,0,0,0,40.0,0.0,0,3,No n'hi ha,-1.0,3,3,1,0,1,0,0,0,0,0,0,0,0,0,4,-1,1,Envestida (frontal lateral),-1,2,2,5,0,2,1,18.5,1,2,1,6,8
3624,2013,1,2013-04-17,SE,BARCELONA,Barcelones,3,0,1,1,2,0,0,0,1,1,0,0,0,100.0,1.0,0,-1,No n'hi ha,-1.0,3,3,1,0,0,0,0,0,0,0,0,0,0,1,4,2,0,Caiguda en la via,2,2,2,5,-1,2,1,14.4,1,0,2,17,4
3625,2013,1,2013-01-28,SE,BARCELONA,Barcelones,3,0,1,0,2,1,0,0,0,0,1,0,0,100.0,0.0,0,-1,No n'hi ha,-1.0,3,3,1,0,0,0,0,0,0,0,0,0,0,1,4,3,1,Atropellament,2,2,2,5,-1,2,1,10.3,0,3,0,28,1
3626,2013,1,2013-06-03,SE,SANT PERE DE RIBES,Garraf,3,0,1,0,3,0,0,0,1,2,0,0,0,100.0,0.0,0,-1,No n'hi ha,-1.0,3,3,1,0,0,0,0,0,0,0,0,0,0,0,4,-1,-1,Altres,-1,2,2,5,-1,2,1,16.2,1,5,0,3,6
3627,2013,0,2013-10-27,B-10,HOSPITALET DE LLOBREGAT,Barcelones,3,1,0,1,2,0,0,0,1,1,0,0,0,80.0,0.0,0,3,No n'hi ha,-1.0,3,3,0,0,0,0,0,0,0,0,0,0,0,0,0,-1,0,Fregament o col·lisió lateral,-1,1,2,1,3,2,0,23.0,2,2,6,27,10
3628,2013,0,2013-09-03,N-340,"VENDRELL, EL",Baix Penedes,0,1,0,2,4,0,0,0,0,3,1,0,0,100.0,0.0,0,1,No n'hi ha,-1.0,3,3,0,0,0,0,0,0,0,0,0,0,0,0,4,-1,1,Fregament o col·lisió lateral,-1,1,2,4,1,2,1,14.55,1,2,1,3,9
3629,2013,0,2013-10-22,B-522,GURB,Osona,3,0,1,1,2,0,0,0,0,2,0,0,0,90.0,0.0,0,-1,Sense Especificar,-1.0,3,3,1,0,0,0,0,0,0,0,0,0,0,0,4,-1,-1,Col·lisió frontal,-1,1,2,4,4,2,1,21.14,1,2,1,22,10
3630,2013,0,2013-09-30,C-25,SANT FRUITOS DE BAGES,Bages,3,0,1,0,2,0,0,0,1,1,0,0,0,100.0,0.0,0,2,Carril acceleració,-1.0,3,3,1,0,0,0,0,0,0,0,0,0,0,2,4,4,0,Fregament o col·lisió lateral,3,1,2,4,2,2,1,11.32,0,2,0,30,9
3631,2013,0,2013-07-29,N-340,CAMARLES,Baix Ebre,0,1,1,0,1,0,0,0,0,1,0,0,0,40.0,0.0,0,2,No n'hi ha,0.0,3,3,0,0,0,0,0,0,0,1,0,0,0,0,4,-1,1,Resta sortides de via,-1,1,2,4,1,2,1,17.5,1,1,0,29,7
3632,2013,0,2013-09-30,B-23,SANT JUST DESVERN,Baix Llobregat,3,0,1,0,1,0,0,0,1,0,0,0,0,40.0,0.0,0,2,No n'hi ha,-1.0,3,0,1,0,0,0,0,0,0,0,0,0,0,0,4,-1,0,Caiguda en la via,-1,1,2,1,2,2,1,14.1,1,0,0,30,9
3633,2013,1,2013-09-18,SE,SANT CARLES DE LA RAPITA,Montsia,0,0,1,0,2,1,0,0,0,1,0,0,0,40.0,0.0,0,2,No n'hi ha,-1.0,3,3,1,0,0,0,0,0,0,0,0,0,0,0,4,-1,1,Atropellament,-1,2,2,5,-1,2,1,7.45,0,3,2,18,9
3634,2013,1,2013-07-09,SE,TERRASSA,Valles Occidental,3,0,1,0,2,1,0,0,0,1,0,0,0,100.0,0.0,0,2,No n'hi ha,-1.0,3,3,1,0,0,0,0,0,0,0,0,0,0,0,4,-1,1,Atropellament,-1,2,1,5,-1,2,1,11.2,0,3,1,9,7
3635,2013,1,2013-08-09,SE,LLICA D'AMUNT,Valles Oriental,3,0,1,1,2,0,0,0,1,1,0,0,0,100.0,0.0,0,2,No n'hi ha,-1.0,3,3,1,0,0,0,0,0,0,0,0,0,0,0,4,-1,1,Col·lisió frontal,-1,2,2,5,-1,2,0,19.1,1,2,4,9,8
3636,2013,0,2013-10-07,C-37,SANT SALVADOR DE GUARDIA,Bages,3,0,1,0,2,0,0,0,0,1,1,0,0,100.0,0.0,0,1,No n'hi ha,-1.0,3,3,1,0,0,0,0,0,1,0,0,0,0,0,1,-1,1,Encalç,-1,1,2,4,2,2,1,19.0,1,2,0,7,10
3637,2013,0,2013-07-07,C-462,LLADURS,Solsones,2,0,2,0,2,0,0,0,2,0,0,0,0,60.0,0.0,0,3,No n'hi ha,-1.0,3,3,1,0,0,0,0,0,0,0,0,0,0,0,4,-1,1,Col·lisió frontal,-1,1,2,4,3,2,0,12.21,0,2,6,7,7
3638,2013,1,2013-02-11,SE,POLINYA,Valles Occidental,3,0,1,0,1,0,0,0,1,0,0,0,0,100.0,0.0,0,-1,No n'hi ha,-1.0,3,3,1,0,0,0,0,0,0,0,0,0,0,0,4,-1,-1,Altres,-1,2,2,5,-1,2,1,14.4,1,5,0,11,2
3639,2013,1,2013-01-11,SE,TARRAGONA,Tarragones,0,0,1,0,2,1,0,0,0,1,0,0,0,100.0,0.0,0,2,No n'hi ha,-1.0,3,3,1,0,0,0,0,0,0,0,0,0,0,0,4,-1,1,Atropellament,-1,2,2,5,0,2,1,11.15,0,3,4,11,1
3640,2013,0,2013-07-08,B-10,HOSPITALET DE LLOBREGAT,Barcelones,3,1,0,0,2,0,0,0,1,1,0,0,0,100.0,0.0,0,2,No n'hi ha,-1.0,3,3,0,0,0,0,0,0,0,0,0,0,0,0,4,-1,1,Encalç,-1,1,2,1,1,2,1,7.43,0,2,0,8,7
3641,2013,0,2013-02-20,N-II,PONTOS,Alt Emporda,1,1,0,1,2,0,0,0,0,2,0,0,0,100.0,0.0,0,2,No n'hi ha,-1.0,3,3,0,0,0,0,0,0,0,0,0,0,0,0,1,-1,1,Fregament o col·lisió lateral,-1,1,2,4,2,2,1,7.25,0,2,2,20,2