,Year,Area,Date,Road,Municipality Name,County Name,Province Name,Fatalties,Serious Injuries,Light Injuries,Units Involved,Pedestrains Involved,Bicycles Involved,Mopeds Involved,Motorcycles,Light Vehicles Involved,Heavy Vehicles Involved,Other Units Involved,Unspecified Units Involved,Road Speed Limit,Accident with Hit and Run,Fog Presence,Surrounding Environment,Special Lane Presence,Special Traffic Measures,Weather Conditions,Special Road Functions,Severity of Accident,Influence of Fog,Influence of Environment,Influence of Traffic,Influence of Weather,Influence of Wind Intensity,Influence of Lighting,Influence of Special Measures,Influence of Road Objects,Influence of Road Surface,Influence of Visibility,Intersection Characteristics,Lighting Conditions,Traffic Regulation and Priority,Direction of Road,Subtype of Accident,Subtype of Road Section,Subzone within Area,Road Surface Conditions,Type of Road,Road Ownership,Wind Conditions,Day of the Week Grouping,Hour of Day,Time of Day Grouping,Type of Accident,Day Type,Day,Month
3642,2013,0,2013-07-15,N-340,SUBIRATS,Alt Penedes,3,0,1,0,1,0,0,0,1,0,0,0,0,100.0,0.0,0,3,No n'hi ha,-1.0,3,3,1,0,0,0,0,0,0,0,0,0,0,0,4,-1,1,Xoc amb animal a la calçada,-1,1,2,4,1,2,1,6.17,0,4,0,15,7
3643,2013,0,2013-09-22,GI-500,AGULLANA,Alt Emporda,1,0,1,0,2,0,1,0,0,1,0,0,0,100.0,0.0,0,1,No n'hi ha,-1.0,3,3,1,0,0,0,0,0,0,0,0,0,0,0,3,-1,1,Encalç,-1,1,2,4,3,2,0,20.34,1,2,6,22,9
3644,2013,0,2013-07-11,BP-5002,VALLROMANES,Valles Oriental,3,0,1,1,2,0,0,1,0,1,0,0,0,100.0,0.0,0,1,No n'hi ha,-1.0,3,3,1,0,0,0,1,0,0,0,0,0,0,0,4,-1,1,Envestida (frontal lateral),-1,1,2,4,3,2,1,18.25,1,2,3,11,7
3645,2013,1,2013-03-26,SE,BARCELONA,Barcelones,3,0,1,0,1,0,0,0,1,0,0,0,0,100.0,0.0,0,-1,No n'hi ha,-1.0,3,3,1,0,0,0,0,0,0,0,0,0,0,0,5,-1,1,Xoc contra objecte/obstacle sense sortida prèvia de via,-1,2,2,5,-1,2,1,21.2,1,4,1,26,3
3646,2013,1,2013-04-20,SE,BADALONA,Barcelones,3,0,1,0,2,0,0,0,1,1,0,0,0,20.0,0.0,0,-1,No n'hi ha,-1.0,3,3,1,0,0,0,0,0,0,0,0,0,0,0,4,-1,-1,Fregament o col·lisió lateral,-1,2,2,5,-1,2,0,17.1,1,2,5,20,4
3647,2013,0,2013-12-01,C-14,TARREGA,Urgell,2,0,2,1,2,0,0,0,0,2,0,0,0,100.0,0.0,0,2,No n'hi ha,-1.0,3,3,1,0,0,0,0,0,1,0,0,0,0,0,3,-1,1,Col·lisió frontal,-1,1,2,4,2,2,0,3.01,2,2,6,1,12
3648,2013,1,2013-09-03,SE,MANRESA,Bages,3,0,1,0,2,1,1,0,0,0,0,0,0,100.0,0.0,0,2,No n'hi ha,-1.0,3,3,1,0,0,0,0,0,0,0,0,0,0,0,4,-1,0,Atropellament,-1,2,2,5,-1,2,1,18.37,1,3,1,3,9
3649,2013,1,2013-07-23,SE,XERTA,Baix Ebre,0,0,1,1,3,2,0,0,0,1,0,0,0,100.0,0.0,0,2,No n'hi ha,-1.0,3,3,1,0,0,0,0,0,0,0,0,0,0,0,4,-1,1,Atropellament,-1,2,2,5,-1,2,1,20.15,1,3,1,23,7
3650,2013,0,2013-09-03,AP-7,"PERELLO, EL",Baix Ebre,0,1,0,1,2,0,0,0,1,1,0,0,0,100.0,0.0,0,3,No n'hi ha,-1.0,3,3,0,0,0,0,0,0,1,0,0,0,0,0,3,-1,0,Encalç,-1,1,2,2,1,2,1,3.3,2,2,1,3,9
3651,2013,0,2013-07-15,C-59,CALDES DE MONTBUI,Valles Oriental,3,0,1,0,2,0,1,0,0,1,0,0,0,90.0,0.0,0,-1,Sense Especificar,-1.0,3,3,1,0,0,0,0,0,0,0,0,0,0,0,4,-1,-1,Col·lisió frontal,-1,1,2,4,4,2,1,19.55,1,2,0,15,7
3652,2013,0,2013-12-24,C-16,CERCS,Bergueda,3,1,2,1,2,0,0,0,0,1,1,0,0,70.0,0.0,0,1,No n'hi ha,-1.0,1,3,0,0,0,0,0,0,0,0,0,0,0,0,2,-1,1,Envestida (frontal lateral),-1,1,2,4,2,2,1,13.52,0,2,1,24,12
3653,2013,1,2013-01-10,SE,"SELVA DEL CAMP, LA",Baix Camp,0,0,1,0,2,1,0,0,0,1,0,0,0,20.0,0.0,0,-1,Sense Especificar,-1.0,3,3,1,0,0,0,0,0,0,0,0,0,0,0,4,-1,-1,Atropellament,-1,2,2,5,4,2,1,20.36,1,3,3,10,1
3654,2013,0,2013-03-02,C-59,CASTELLTERCOL,Moianès,3,1,0,0,2,0,0,0,1,1,0,0,0,100.0,0.0,0,-1,No n'hi ha,-1.0,3,3,0,0,0,0,0,0,0,0,0,0,0,0,4,-1,-1,Altres,-1,1,2,4,-1,2,0,17.1,1,5,5,2,3
3655,2013,0,2013-03-19,T-301,TORTOSA,Baix Ebre,0,1,0,0,2,0,0,0,1,1,0,0,0,100.0,0.0,0,0,No n'hi ha,-1.0,3,3,0,0,0,0,0,0,0,0,0,0,1,2,4,5,1,Col·lisió frontal,1,1,2,4,3,2,1,18.06,1,2,1,19,3
3656,2013,0,2013-06-16,GI-682,BLANES,Selva,1,1,0,0,2,1,0,0,0,1,0,0,0,90.0,0.0,0,2,No n'hi ha,-1.0,3,3,0,0,0,0,0,0,0,0,0,0,0,0,4,-1,1,Sortida de via amb atropellament,-1,1,2,4,2,2,0,8.39,0,1,6,16,6
3657,2013,1,2013-07-16,SE,OLOT,Garrotxa,1,0,1,0,2,1,0,0,0,1,0,0,0,100.0,0.0,0,2,No n'hi ha,-1.0,2,3,1,0,0,0,0,0,0,0,0,0,0,0,2,-1,1,Atropellament,-1,2,2,5,0,2,1,19.43,1,3,1,16,7
3658,2013,1,2013-09-26,SE,PALAFRUGELL,Baix Emporda,1,0,1,0,2,0,0,0,1,1,0,0,0,20.0,0.0,0,-1,No n'hi ha,-1.0,3,3,1,-1,0,0,0,-1,0,0,0,0,1,1,4,4,0,Fregament o col·lisió lateral,2,2,2,5,-1,2,1,8.55,0,2,3,26,9
3659,2013,1,2013-08-15,SE,SANT BOI DE LLOBREGAT,Baix Llobregat,3,0,2,0,2,0,0,0,1,1,0,0,0,100.0,0.0,0,-1,No n'hi ha,-1.0,3,3,1,0,0,0,0,0,0,0,0,0,0,0,4,-1,-1,Caiguda en la via,-1,2,2,5,-1,2,1,19.32,1,0,3,15,8
3660,2013,1,2013-01-29,SE,BARCELONA,Barcelones,3,0,1,1,2,0,0,0,2,0,0,0,0,100.0,0.0,0,-1,No n'hi ha,-1.0,3,3,1,0,0,0,0,0,0,0,0,0,0,0,4,-1,0,Encalç,-1,2,2,5,-1,2,1,14.05,1,2,1,29,1
3661,2013,1,2013-10-17,SE,HOSPITALET DE LLOBREGAT,Barcelones,3,0,1,0,2,0,0,1,0,1,0,0,0,20.0,0.0,0,-1,No n'hi ha,-1.0,3,3,1,0,0,0,0,0,0,0,0,0,0,1,5,4,-1,Envestida (frontal lateral),2,2,2,5,-1,2,1,5.38,2,2,3,17,10
3662,2013,0,2013-12-12,BV-2113,SANT PERE DE RIBES,Garraf,3,0,1,5,2,0,0,0,0,2,0,0,0,100.0,0.0,0,2,No n'hi ha,-1.0,3,3,1,0,0,0,0,0,0,0,0,0,0,0,4,-1,1,Col·lisió frontal,-1,1,2,4,0,2,1,8.58,0,2,3,12,12
3663,2013,0,2013-08-18,AP-7,OLERDOLA,Alt Penedes,3,0,2,3,2,0,0,0,0,1,1,0,0,100.0,0.0,0,2,No n'hi ha,-1.0,3,3,1,0,0,0,0,0,0,0,0,0,0,0,4,-1,1,Encalç,-1,1,2,2,2,2,0,9.49,0,2,6,18,8
3664,2013,0,2013-09-23,C-66,"PERA, LA",Baix Emporda,1,0,1,1,2,0,0,0,0,2,0,0,0,100.0,0.0,0,2,No n'hi ha,-1.0,3,3,1,0,0,0,0,0,0,0,0,0,0,1,1,4,1,Envestida (frontal lateral),2,1,2,4,2,2,1,19.57,1,2,0,23,9
3665,2013,0,2013-02-20,L-314,SANA?JA,Segarra,2,0,1,1,1,0,0,0,0,1,0,0,0,90.0,0.0,0,-1,Sense Especificar,-1.0,3,3,1,0,0,0,0,0,0,0,0,0,0,0,4,-1,-1,Altres,-1,1,2,4,4,2,1,17.37,1,5,2,20,2
3666,2013,0,2013-03-15,B-10,HOSPITALET DE LLOBREGAT,Barcelones,3,1,0,0,3,0,0,0,1,2,0,0,0,100.0,0.0,0,2,No n'hi ha,-1.0,3,3,0,0,0,0,0,0,0,0,0,0,0,0,0,-1,0,Fregament o col·lisió lateral,-1,1,2,1,2,2,1,5.37,2,2,4,15,3
3667,2013,1,2013-03-23,SE,SANT JOAN DESPI,Baix Llobregat,3,0,1,1,2,0,0,1,1,0,0,0,0,30.0,0.0,0,2,No n'hi ha,-1.0,3,3,1,0,0,0,0,0,0,0,0,0,0,0,5,-1,1,Encalç,-1,2,2,5,-1,2,0,1.2,2,2,5,23,3
3668,2013,1,2013-04-16,SE,FIGUERES,Alt Emporda,1,0,1,0,2,0,0,0,1,1,0,0,0,100.0,0.0,0,2,No n'hi ha,-1.0,3,3,1,0,0,0,0,0,0,0,0,0,0,0,4,-1,1,Caiguda en la via,-1,2,2,5,-1,2,1,18.25,1,0,1,16,4
3669,2013,1,2013-03-15,SE,CORNELLA DE LLOBREGAT,Baix Llobregat,3,0,1,4,3,1,0,0,1,1,0,0,0,20.0,0.0,0,-1,No n'hi ha,-1.0,3,3,1,-1,0,0,0,-1,0,0,0,0,-1,1,4,2,1,Atropellament,1,2,2,5,-1,2,0,18.45,1,3,4,15,3
3670,2013,1,2013-08-16,SE,TERRASSA,Valles Occidental,3,0,1,0,2,0,0,0,1,1,0,0,0,100.0,0.0,0,2,No n'hi ha,-1.0,3,3,1,0,0,0,0,0,0,0,0,0,0,1,4,4,0,Envestida (frontal lateral),2,2,2,5,-1,2,1,10.15,0,2,4,16,8
3671,2013,0,2013-10-09,C-58,SANT QUIRZE DEL VALLES,Valles Occidental,3,0,1,1,3,0,0,0,1,2,0,0,0,100.0,0.0,0,2,No n'hi ha,-1.0,3,3,1,0,0,0,0,0,0,0,0,0,0,0,5,-1,1,Encalç,-1,1,2,1,2,2,1,7.2,0,2,2,9,10
3672,2013,1,2013-11-05,SE,CASTELLDEFELS,Baix Llobregat,3,0,1,1,3,2,0,0,0,1,0,0,0,100.0,0.0,0,-1,No n'hi ha,-1.0,3,3,1,0,0,0,0,0,0,0,0,0,0,0,4,-1,-1,Atropellament,-1,2,2,5,-1,2,1,18.13,1,3,1,5,11
3673,2013,1,2013-09-10,SE,SANT CUGAT DEL VALLES,Valles Occidental,3,0,1,1,2,0,0,0,1,1,0,0,0,100.0,0.0,0,2,No n'hi ha,-1.0,3,3,1,0,0,0,0,0,0,0,0,0,0,1,5,5,1,Envestida (frontal lateral),2,2,2,5,-1,2,1,23.28,2,2,1,10,9
3674,2013,1,2013-06-08,SE,BARCELONA,Barcelones,3,0,1,0,1,0,0,0,1,0,0,0,0,100.0,0.0,0,-1,No n'hi ha,-1.0,3,3,1,0,0,0,0,0,0,0,0,0,0,0,4,-1,0,Caiguda en la via,-1,2,2,5,-1,2,0,16.25,1,0,5,8,6
3675,2013,1,2013-08-07,SE,SANT BOI DE LLOBREGAT,Baix Llobregat,3,0,1,0,1,0,1,0,0,0,0,0,0,20.0,0.0,0,-1,No n'hi ha,-1.0,3,3,1,-1,0,0,0,-1,0,0,0,1,-1,0,2,-1,-1,Caiguda en la via,-1,2,1,5,-1,2,1,17.45,1,0,2,7,8
3676,2013,1,2013-11-29,SE,GAVA,Baix Llobregat,3,0,1,0,2,0,0,0,1,1,0,0,0,20.0,0.0,0,-1,No n'hi ha,-1.0,3,3,1,-1,0,0,0,-1,0,0,0,0,1,1,4,4,1,Envestida (frontal lateral),1,2,2,5,-1,2,1,14.07,1,2,4,29,11
3677,2013,0,2013-09-07,C-44,TIVISSA,Ribera d'Ebre,0,0,1,0,2,0,0,0,0,2,0,0,0,100.0,0.0,0,0,No n'hi ha,-1.0,3,3,1,0,0,0,1,0,0,0,0,0,0,0,4,-1,1,Envestida (frontal lateral),-1,1,2,4,2,2,0,17.35,1,2,5,7,9
3678,2013,0,2013-10-04,BP-1417,SANT CUGAT DEL VALLES,Valles Occidental,3,0,1,2,2,0,0,0,1,1,0,0,0,40.0,0.0,0,1,No n'hi ha,-1.0,3,0,1,0,0,0,0,0,0,0,0,0,1,0,4,-1,1,Fregament o col·lisió lateral,-1,1,2,4,2,2,1,14.02,1,2,4,4,10
3679,2013,1,2013-05-29,SE,CERDANYOLA DEL VALLES,Valles Occidental,3,0,1,1,3,2,0,0,0,1,0,0,0,100.0,0.0,0,2,No n'hi ha,-1.0,3,3,1,0,0,0,0,0,0,0,0,0,0,1,4,4,1,Atropellament,1,2,2,5,-1,2,1,8.42,0,3,2,29,5
3680,2013,1,2013-04-03,SE,ABRERA,Baix Llobregat,3,0,1,0,2,0,0,0,1,0,1,0,0,100.0,0.0,0,2,No n'hi ha,-1.0,3,3,1,0,0,0,0,0,0,0,0,0,0,1,4,4,0,Envestida (frontal lateral),0,2,2,5,0,2,1,11.3,0,2,2,3,4
3681,2013,1,2013-04-15,SE,TERRASSA,Valles Occidental,3,0,1,0,2,0,0,0,1,1,0,0,0,100.0,1.0,0,-1,No n'hi ha,-1.0,3,3,1,0,0,0,0,0,0,0,0,0,0,0,4,-1,-1,Envestida (frontal lateral),-1,2,2,5,-1,2,1,15.2,1,2,0,15,4
3682,2013,1,2013-01-11,SE,LLORET DE MAR,Selva,1,0,2,0,2,0,0,1,0,1,0,0,0,40.0,0.0,0,2,No n'hi ha,-1.0,3,3,1,0,0,0,0,0,0,0,0,0,0,1,5,4,1,Envestida (frontal lateral),1,2,2,5,-1,2,0,19.0,1,2,4,11,1
3683,2013,0,2013-10-03,AP-7,"JONQUERA, LA",Alt Emporda,1,0,2,0,3,0,0,0,0,2,1,0,0,100.0,0.0,0,1,No n'hi ha,-1.0,1,3,1,0,0,0,0,0,1,0,0,0,0,0,3,-1,1,Xoc contra objecte/obstacle sense sortida prèvia de via,-1,1,2,2,1,2,1,4.55,2,4,3,3,10
3684,2013,0,2013-08-24,N-240,"ESPLUGA DE FRANCOLI, L'",Conca de Barbera,0,1,3,2,2,0,0,0,0,2,0,0,0,100.0,0.0,0,1,No n'hi ha,-1.0,3,3,0,0,0,0,0,0,0,0,0,0,1,0,4,-1,1,Col·lisió frontal,-1,1,2,4,1,2,0,8.5,0,2,5,24,8
3685,2013,0,2013-07-11,C-65,LLAGOSTERA,Girones,1,0,1,0,2,0,0,0,1,1,0,0,0,100.0,0.0,0,1,No n'hi ha,-1.0,3,3,1,0,0,0,0,0,1,0,0,0,0,0,4,-1,1,Encalç,-1,1,2,4,2,2,1,8.11,0,2,3,11,7
3686,2013,0,2013-08-15,CR,AMPOSTA,Montsia,0,1,0,4,2,0,0,0,0,2,0,0,0,40.0,0.0,0,3,No n'hi ha,-1.0,3,3,0,0,0,0,0,0,0,0,0,0,0,0,4,-1,1,Fregament o col·lisió lateral,-1,1,2,3,3,2,1,11.54,0,2,3,15,8
3687,2013,1,2013-08-13,SE,TERRASSA,Valles Occidental,3,0,1,1,2,1,0,0,0,0,1,0,0,30.0,0.0,0,2,Altres,-1.0,3,3,1,0,0,0,0,0,0,0,0,0,0,0,4,-1,1,Atropellament,-1,2,2,5,-1,2,1,12.0,0,3,1,13,8
3688,2013,1,2013-02-06,SE,BARCELONA,Barcelones,3,0,1,0,2,0,0,1,1,0,0,0,0,100.0,0.0,0,-1,No n'hi ha,-1.0,3,3,1,0,0,0,0,0,0,0,0,0,0,0,4,-1,0,Caiguda en la via,-1,2,2,5,-1,2,1,13.05,0,0,2,6,2
3689,2013,0,2013-10-25,LV-2012,"BORGES BLANQUES, LES",Garrigues,2,1,0,0,2,1,0,0,0,1,0,0,0,100.0,0.0,0,2,No n'hi ha,-1.0,3,3,0,0,0,0,0,0,0,0,0,0,0,0,3,-1,1,Atropellament,-1,1,2,4,0,2,0,19.3,1,3,4,25,10
3690,2013,0,2013-06-18,B-10,BARCELONA,Barcelones,3,0,1,0,2,0,0,0,1,1,0,0,0,80.0,0.0,0,-1,No n'hi ha,-1.0,3,3,1,0,0,1,0,0,0,0,0,0,0,0,4,-1,1,Encalç,-1,1,2,1,-1,2,1,16.47,1,2,1,18,6
3691,2013,1,2013-08-17,SE,MATARO,Maresme,3,0,1,0,2,0,0,0,1,1,0,0,0,20.0,1.0,0,-1,No n'hi ha,-1.0,3,3,1,0,-1,0,0,0,0,0,0,0,0,0,4,-1,-1,Caiguda en la via,-1,2,2,5,-1,2,0,14.24,1,0,5,17,8
3692,2013,1,2013-03-18,SE,BARCELONA,Barcelones,3,0,1,5,2,0,0,0,0,1,0,1,0,100.0,0.0,0,-1,Carril reversible,-1.0,3,3,1,0,0,0,0,0,0,0,0,0,0,1,5,3,1,Envestida (frontal lateral),2,2,2,5,-1,2,1,19.21,1,2,0,18,3
3693,2013,0,2013-10-30,T-750,"POBLA DE MAFUMET, LA",Tarragones,0,0,1,0,2,0,0,0,1,1,0,0,0,50.0,0.0,0,1,Carril central,-1.0,3,3,1,0,0,0,0,0,0,0,0,0,0,1,5,4,1,Col·lisió frontal,1,1,2,4,0,2,1,18.55,1,2,2,30,10
3694,2013,1,2013-08-30,SE,MANLLEU,Osona,3,0,1,0,2,1,0,0,0,1,0,0,0,20.0,0.0,0,2,No n'hi ha,-1.0,3,3,1,-1,0,0,0,-1,0,0,0,0,-1,1,4,5,0,Atropellament,2,2,2,5,-1,2,1,11.18,0,3,4,30,8
3695,2013,1,2013-09-13,SE,BARCELONA,Barcelones,3,0,1,1,2,1,0,0,1,0,0,0,0,100.0,0.0,0,-1,No n'hi ha,-1.0,3,3,1,0,0,0,0,0,0,0,0,0,0,1,5,3,0,Atropellament,2,2,2,5,-1,2,0,22.4,2,3,4,13,9
3696,2013,1,2013-09-20,SE,REUS,Baix Camp,0,0,1,0,2,0,0,0,1,1,0,0,0,100.0,0.0,0,-1,No n'hi ha,-1.0,3,3,1,0,0,0,0,0,0,0,0,0,0,1,4,4,-1,Envestida (frontal lateral),2,2,2,5,-1,2,1,8.3,0,2,4,20,9
3697,2013,0,2013-09-06,C-31,BARCELONA,Barcelones,3,0,1,0,2,0,0,0,0,2,0,0,0,100.0,0.0,0,-1,Carril avançament,-1.0,3,3,1,0,0,1,0,0,0,0,0,0,0,0,4,-1,1,Encalç,-1,1,2,1,2,2,0,19.2,1,2,4,6,9
3698,2013,0,2013-09-11,GI-634,COLOMERS,Baix Emporda,1,0,1,0,1,0,0,0,1,0,0,0,0,100.0,0.0,0,2,No n'hi ha,-1.0,1,3,1,0,0,0,1,0,0,0,0,0,0,0,2,-1,1,Caiguda en la via,-1,1,2,4,3,2,1,9.2,0,0,2,11,9
3699,2013,1,2013-11-29,SE,TERRASSA,Valles Occidental,3,1,1,0,3,2,0,0,0,1,0,0,0,100.0,0.0,0,-1,No n'hi ha,-1.0,3,3,0,0,0,0,0,0,0,0,0,0,0,0,4,-1,-1,Atropellament,-1,2,2,5,-1,2,0,19.55,1,3,4,29,11
3700,2013,1,2013-12-13,SE,BARCELONA,Barcelones,3,0,1,0,2,0,0,0,1,0,1,0,0,100.0,0.0,0,-1,No n'hi ha,-1.0,3,3,1,0,0,0,0,0,0,0,0,0,0,1,4,2,0,Fregament o col·lisió lateral,2,2,2,5,-1,2,1,13.35,0,2,4,13,12
3701,2013,0,2013-05-04,N-II,PREMIA DE MAR,Maresme,3,0,1,0,1,0,0,0,1,0,0,0,0,40.0,0.0,0,2,No n'hi ha,-1.0,1,3,1,0,0,0,0,0,0,0,0,0,0,2,5,4,1,Resta sortides de via,0,1,2,4,1,2,0,22.22,2,1,5,4,5
3702,2013,0,2013-05-10,TP-2125,SANTA OLIVA,Baix Penedes,0,0,1,0,1,0,0,1,0,0,0,0,0,90.0,0.0,0,-1,Sense Especificar,-1.0,3,3,1,0,0,0,0,0,0,0,0,0,0,0,4,-1,-1,Altres,-1,1,2,4,4,2,1,8.19,0,5,4,10,5
3703,2013,0,2013-06-22,B-231,HOSTALETS DE PIEROLA,Anoia,3,0,1,0,1,0,0,0,0,0,0,1,0,90.0,0.0,0,-1,Sense Especificar,-1.0,3,3,1,0,0,0,0,0,0,0,0,0,0,0,4,-1,-1,Resta sortides de via,-1,1,2,4,4,2,0,22.35,2,1,5,22,6
3704,2013,0,2013-01-29,C-66,GIRONA,Girones,1,0,2,0,2,0,0,0,0,2,0,0,0,80.0,0.0,0,2,Altres,-1.0,3,3,1,0,0,0,0,0,0,0,0,0,0,0,5,-1,1,Envestida (frontal lateral),-1,1,2,4,2,2,1,23.15,2,2,1,29,1
3705,2013,0,2013-03-21,C-251,"ROCA DEL VALLES, LA",Valles Oriental,3,0,1,0,2,0,0,0,1,1,0,0,0,60.0,0.0,0,2,No n'hi ha,-1.0,3,3,1,0,0,0,0,0,0,0,0,0,0,0,4,-1,1,Encalç,-1,1,2,4,2,2,1,14.3,1,2,3,21,3
3706,2013,1,2013-04-08,SE,RUBI,Valles Occidental,3,0,1,0,1,1,0,0,0,0,0,0,0,100.0,1.0,0,-1,No n'hi ha,-1.0,3,3,1,0,0,0,0,0,0,0,0,0,0,0,4,-1,-1,Atropellament,-1,2,2,5,-1,2,1,7.0,0,3,0,8,4
3707,2013,1,2013-04-11,SE,BADALONA,Barcelones,3,0,2,1,2,0,0,0,1,1,0,0,0,20.0,0.0,0,2,No n'hi ha,-1.0,3,3,1,-1,0,0,0,-1,0,0,0,0,-1,1,4,3,1,Envestida (frontal lateral),2,2,2,5,-1,2,1,11.35,0,2,3,11,4
3708,2013,1,2013-03-23,SE,CERDANYOLA DEL VALLES,Valles Occidental,3,0,2,1,4,3,0,0,0,1,0,0,0,100.0,0.0,0,2,No n'hi ha,-1.0,3,3,1,0,0,0,0,0,0,0,0,0,0,0,1,-1,1,Atropellament,-1,2,2,5,-1,2,0,7.26,0,3,5,23,3
3709,2013,1,2013-08-14,SE,PRATS DE LLUCANES,Osona,3,0,1,0,2,1,0,0,0,1,0,0,0,100.0,0.0,0,1,No n'hi ha,-1.0,3,3,1,0,0,0,0,0,0,0,0,0,0,0,4,-1,0,Atropellament,-1,2,2,5,0,2,1,19.53,1,3,2,14,8
3710,2013,1,2013-01-11,SE,BARCELONA,Barcelones,3,0,1,1,3,0,0,0,1,2,0,0,0,100.0,0.0,0,-1,No n'hi ha,-1.0,3,3,1,0,0,0,0,0,0,0,0,0,0,1,4,3,1,Envestida (frontal lateral),2,2,2,5,-1,2,1,12.3,0,2,4,11,1
3711,2013,1,2013-01-07,SE,BARCELONA,Barcelones,3,0,1,0,2,1,0,0,0,1,0,0,0,100.0,0.0,0,-1,No n'hi ha,-1.0,3,3,1,0,0,0,0,0,0,0,0,0,0,1,4,3,0,Atropellament,2,2,2,5,-1,2,1,14.5,1,3,0,7,1
3712,2013,0,2013-11-11,C-58,RIPOLLET,Valles Occidental,3,0,2,0,3,0,0,0,1,2,0,0,0,100.0,0.0,0,2,No n'hi ha,-1.0,3,3,1,0,0,0,0,0,0,0,0,0,0,0,3,-1,1,Encalç,-1,1,2,1,2,2,1,20.01,1,2,0,11,11
3713,2013,0,2013-11-24,CR,MIERES,Garrotxa,1,0,1,0,1,0,0,0,1,0,0,0,0,100.0,0.0,0,2,No n'hi ha,-1.0,3,3,1,0,0,0,0,0,0,0,0,0,0,0,4,-1,1,Caiguda en la via,-1,1,2,3,4,2,0,11.55,0,0,6,24,11
3714,2013,0,2013-10-28,C-51,ALBINYANA,Baix Penedes,0,1,0,0,1,0,0,0,1,0,0,0,0,40.0,0.0,0,2,Altres,0.0,3,3,0,0,0,0,0,0,0,0,0,0,0,0,4,-1,1,Resta sortides de via,-1,1,2,4,2,2,1,12.25,0,1,0,28,10
3715,2013,1,2013-08-11,SE,BARCELONA,Barcelones,3,0,1,5,2,0,0,0,0,2,0,0,0,100.0,0.0,0,-1,No n'hi ha,-1.0,3,3,1,0,0,0,0,0,0,0,0,0,0,1,5,3,0,Envestida (frontal lateral),2,2,2,5,-1,2,0,23.1,2,2,6,11,8
3716,2013,0,2013-09-20,B-10,BARCELONA,Barcelones,3,0,1,0,3,0,0,0,1,1,1,0,0,80.0,1.0,0,-1,No n'hi ha,-1.0,3,3,1,0,0,1,0,0,0,0,0,0,0,0,4,-1,1,Fregament o col·lisió lateral,-1,1,2,1,-1,2,1,13.4,0,2,4,20,9
3717,2013,0,2013-06-21,C-13,ESPOT,Pallars Sobira,2,0,2,0,2,0,0,0,0,2,0,0,0,100.0,0.0,0,1,No n'hi ha,-1.0,3,3,1,0,0,0,0,0,0,0,0,0,0,0,4,-1,1,Col·lisió frontal,-1,1,2,4,2,2,1,13.57,0,2,4,21,6
3718,2013,1,2013-11-16,SE,CAMBRILS,Baix Camp,0,0,1,0,2,1,0,0,0,1,0,0,0,100.0,0.0,0,2,No n'hi ha,-1.0,2,3,1,0,0,0,0,0,0,0,0,0,0,2,5,4,0,Atropellament,2,2,2,5,-1,1,0,19.4,1,3,5,16,11
3719,2013,1,2013-05-10,SE,TORREFARRERA,Segria,2,0,1,0,2,1,0,0,0,1,0,0,0,100.0,0.0,0,2,No n'hi ha,-1.0,3,3,1,0,0,0,0,0,0,0,0,0,0,0,4,-1,0,Atropellament,-1,2,3,5,0,2,0,18.06,1,3,4,10,5
3720,2013,0,2013-05-28,C-17,"LLAGOSTA, LA",Valles Oriental,3,0,1,0,2,0,0,0,1,1,0,0,0,100.0,0.0,0,3,No n'hi ha,-1.0,3,3,1,0,0,0,0,0,0,0,0,0,0,0,1,-1,1,Fregament o col·lisió lateral,-1,1,2,1,2,2,1,6.5,0,2,1,28,5
3721,2013,0,2013-05-01,C-31,SITGES,Garraf,3,0,1,0,1,0,0,0,1,0,0,0,0,60.0,0.0,0,3,No n'hi ha,-1.0,3,3,1,0,0,0,0,0,0,0,0,0,0,0,3,-1,1,Caiguda en la via,-1,1,2,4,2,2,1,6.09,0,0,2,1,5
3722,2013,0,2013-09-29,BV-6001,MALGRAT DE MAR,Maresme,3,0,3,0,5,4,0,0,0,1,0,0,0,100.0,0.0,0,-1,No n'hi ha,-1.0,3,3,1,0,0,0,0,0,0,0,0,0,0,0,4,-1,-1,Atropellament,-1,1,2,4,-1,2,0,13.0,0,3,6,29,9
3723,2013,0,2013-08-02,TV-3409,DELTEBRE,Baix Ebre,0,0,1,2,2,0,0,0,0,2,0,0,0,100.0,0.0,0,3,No n'hi ha,-1.0,3,3,1,0,0,0,0,0,0,0,0,0,1,1,4,4,1,Envestida (frontal lateral),2,1,2,4,3,2,0,16.55,1,2,4,2,8
3724,2013,1,2013-07-31,SE,CORNELLA DEL TERRI,Pla de l'Estany,1,0,1,0,2,0,0,1,0,1,0,0,0,100.0,0.0,0,2,No n'hi ha,-1.0,3,3,1,0,0,0,0,0,0,0,0,0,0,0,4,-1,1,Envestida (frontal lateral),-1,2,2,5,-1,2,1,18.5,1,2,2,31,7
3725,2013,1,2013-07-03,SE,LLORET DE MAR,Selva,1,0,1,0,1,0,0,1,0,0,0,0,0,100.0,0.0,0,-1,No n'hi ha,-1.0,3,3,1,0,0,0,0,0,0,0,0,0,0,0,4,-1,-1,Altres,-1,2,2,5,-1,2,1,13.4,0,5,2,3,7
3726,2013,1,2013-06-05,SE,BARCELONA,Barcelones,3,0,1,0,2,1,0,0,0,0,1,0,0,100.0,0.0,0,-1,Carril bus,-1.0,3,3,1,0,0,0,0,0,0,0,0,0,0,0,5,-1,1,Atropellament,-1,2,2,5,-1,2,1,21.2,1,3,2,5,6