,Year,Area,Date,Road,Municipality Name,County Name,Province Name,Fatalties,Serious Injuries,Light Injuries,Units Involved,Pedestrains Involved,Bicycles Involved,Mopeds Involved,Motorcycles,Light Vehicles Involved,Heavy Vehicles Involved,Other Units Involved,Unspecified Units Involved,Road Speed Limit,Accident with Hit and Run,Fog Presence,Surrounding Environment,Special Lane Presence,Special Traffic Measures,Weather Conditions,Special Road Functions,Severity of Accident,Influence of Fog,Influence of Environment,Influence of Traffic,Influence of Weather,Influence of Wind Intensity,Influence of Lighting,Influence of Special Measures,Influence of Road Objects,Influence of Road Surface,Influence of Visibility,Intersection Characteristics,Lighting Conditions,Traffic Regulation and Priority,Direction of Road,Subtype of Accident,Subtype of Road Section,Subzone within Area,Road Surface Conditions,Type of Road,Road Ownership,Wind Conditions,Day of the Week Grouping,Hour of Day,Time of Day Grouping,Type of Accident,Day Type,Day,Month
3727,2013,1,2013-02-05,SE,BARCELONA,Barcelones,3,0,1,0,2,0,0,0,1,1,0,0,0,100.0,0.0,0,-1,Carril bici,-1.0,3,3,1,0,0,0,0,0,0,0,0,0,0,1,4,3,0,Fregament o col·lisió lateral,2,2,2,5,-1,2,1,14.15,1,2,1,5,2
3728,2013,1,2013-10-04,SE,CASTELLDEFELS,Baix Llobregat,3,0,1,0,2,0,1,0,0,1,0,0,0,30.0,0.0,0,2,No n'hi ha,-1.0,3,3,1,0,0,0,0,0,0,0,0,0,0,1,4,5,1,Envestida (frontal lateral),2,2,2,5,-1,2,0,18.0,1,2,4,4,10
3729,2013,0,2013-10-08,AP-7,VANDELLOS I L'HOSPITALET DE L'INFANT,Baix Camp,0,1,1,1,3,0,0,0,0,2,1,0,0,80.0,0.0,0,2,Carril habilitat en sentit contrari habitual,4.0,3,3,0,0,0,0,0,0,0,0,0,0,0,0,4,-1,1,Col·lisió frontal,-1,1,2,2,1,2,1,13.42,0,2,1,8,10
3730,2013,0,2013-09-29,BV-1221,TERRASSA,Valles Occidental,3,0,1,0,2,1,0,0,1,0,0,0,0,100.0,0.0,0,-1,No n'hi ha,-1.0,3,3,1,0,0,0,0,0,0,0,0,0,0,0,4,-1,-1,Atropellament,-1,1,2,4,-1,2,0,5.25,2,3,6,29,9
3731,2013,1,2013-11-15,SE,RUBI,Valles Occidental,3,0,1,0,3,1,0,0,0,2,0,0,0,100.0,0.0,0,2,No n'hi ha,-1.0,3,3,1,0,0,0,0,0,1,0,0,0,0,0,4,-1,0,Atropellament,-1,2,2,5,0,2,1,8.4,0,3,4,15,11
3732,2013,1,2013-12-17,SE,BARCELONA,Barcelones,3,0,1,2,2,0,0,0,1,1,0,0,0,100.0,0.0,0,-1,No n'hi ha,-1.0,3,3,1,0,0,0,0,0,0,0,0,0,0,1,5,4,0,Envestida (frontal lateral),2,2,2,5,-1,2,1,21.4,1,2,1,17,12
3733,2013,1,2013-01-17,SE,BANYOLES,Pla de l'Estany,1,0,1,0,2,1,0,0,0,1,0,0,0,100.0,0.0,0,-1,No n'hi ha,-1.0,3,3,1,0,0,0,0,0,0,0,0,0,0,0,4,-1,-1,Atropellament,-1,2,2,5,-1,2,1,18.15,1,3,3,17,1
3734,2013,0,2013-03-16,B-23,MOLINS DE REI,Baix Llobregat,3,0,1,0,2,0,0,0,2,0,0,0,0,100.0,0.0,0,2,No n'hi ha,-1.0,3,3,1,0,0,0,0,0,0,0,0,0,0,0,4,-1,1,Fregament o col·lisió lateral,-1,1,2,1,1,2,0,9.39,0,2,5,16,3
3735,2013,0,2013-01-10,B-140,BARBERA DEL VALLES,Valles Occidental,3,0,1,1,3,0,0,0,2,1,0,0,0,60.0,0.0,0,2,No n'hi ha,-1.0,3,3,1,0,0,0,0,0,0,0,0,0,0,1,5,4,1,Envestida (frontal lateral),1,1,2,4,2,2,1,18.19,1,2,3,10,1
3736,2013,1,2013-02-08,SE,VILASSAR DE MAR,Maresme,3,0,1,0,2,0,0,0,1,0,1,0,0,100.0,0.0,0,2,No n'hi ha,-1.0,3,3,1,0,0,0,0,0,0,0,0,0,0,0,4,-1,1,Fregament o col·lisió lateral,-1,2,2,5,0,2,0,16.0,1,2,4,8,2
3737,2013,0,2013-02-28,GI-682,SANT FELIU DE GUIXOLS,Baix Emporda,1,0,1,0,2,0,0,0,0,2,0,0,0,90.0,0.0,0,-1,Sense Especificar,-1.0,3,3,1,0,0,0,0,0,0,0,0,0,0,0,4,-1,-1,Col·lisió frontal,-1,1,2,4,4,2,1,12.55,0,2,3,28,2
3738,2013,0,2013-03-14,C-32,GAVA,Baix Llobregat,3,0,1,1,2,0,0,0,1,1,0,0,0,100.0,0.0,0,0,No n'hi ha,-1.0,3,3,1,0,0,0,0,0,0,0,0,0,0,0,4,-1,1,Fregament o col·lisió lateral,-1,1,2,2,2,2,1,18.13,1,2,3,14,3
3739,2013,0,2013-07-09,A-7,VILA-SECA,Tarragones,0,0,1,1,1,0,0,1,0,0,0,0,0,100.0,0.0,0,3,No n'hi ha,-1.0,3,3,1,0,0,0,0,0,0,0,0,0,0,1,4,-1,1,Caiguda en la via,3,1,2,1,1,2,1,17.43,1,0,1,9,7
3740,2013,0,2013-10-04,N-II,TORDERA,Maresme,3,1,0,0,2,0,0,0,0,2,0,0,0,80.0,0.0,0,2,No n'hi ha,-1.0,1,3,0,0,0,0,0,0,0,0,0,0,0,0,0,-1,1,Envestida (frontal lateral),-1,1,2,4,1,2,1,5.3,2,2,4,4,10
3741,2013,1,2013-10-26,SE,GRANOLLERS,Valles Oriental,3,0,1,0,2,1,0,0,0,1,0,0,0,100.0,0.0,0,2,No n'hi ha,-1.0,3,3,1,0,0,0,0,0,0,0,0,0,0,0,4,-1,0,Atropellament,-1,2,2,5,-1,2,0,15.35,1,3,5,26,10
3742,2013,1,2013-02-25,SE,BARCELONA,Barcelones,3,0,1,0,2,0,0,0,1,1,0,0,0,100.0,0.0,0,-1,No n'hi ha,-1.0,3,3,1,0,0,0,0,0,0,0,0,0,0,1,4,3,1,Envestida (frontal lateral),1,2,2,5,-1,2,1,17.0,1,2,0,25,2
3743,2013,1,2013-11-06,SE,OLOT,Garrotxa,1,0,1,0,2,1,0,0,0,1,0,0,0,100.0,0.0,0,2,No n'hi ha,-1.0,3,3,1,0,0,0,0,0,0,0,0,0,0,0,4,-1,1,Atropellament,-1,2,2,5,-1,2,1,16.08,1,3,2,6,11
3744,2013,0,2013-05-18,N-II,VIDRERES,Selva,1,0,1,0,1,0,0,0,0,1,0,0,0,100.0,0.0,0,2,No n'hi ha,-1.0,3,3,1,0,0,0,0,0,0,0,0,0,0,0,4,-1,1,Resta sortides de via,-1,1,2,4,1,2,0,7.3,0,1,5,18,5
3745,2013,1,2013-07-26,SE,ALFARRAS,Segria,2,0,1,1,3,2,0,0,0,1,0,0,0,40.0,0.0,0,2,No n'hi ha,-1.0,3,1,1,0,0,0,0,0,1,0,0,0,0,2,4,4,1,Atropellament,2,2,2,5,-1,2,0,20.18,1,3,4,26,7
3746,2013,1,2013-12-31,SE,MANRESA,Bages,3,0,1,1,3,1,0,0,1,1,0,0,0,100.0,0.0,0,3,No n'hi ha,-1.0,3,3,1,0,0,0,0,0,0,0,0,0,0,1,4,3,1,Caiguda en la via,2,2,2,5,0,2,1,8.0,0,0,1,31,12
3747,2013,0,2013-12-21,GIV-6026,MASARAC,Alt Emporda,1,1,0,1,2,0,0,0,1,1,0,0,0,100.0,0.0,0,1,No n'hi ha,-1.0,3,3,0,0,0,0,0,0,0,0,0,0,0,0,4,-1,1,Col·lisió frontal,-1,1,2,4,2,2,0,13.48,0,2,5,21,12
3748,2013,1,2013-08-18,SE,BARCELONA,Barcelones,3,0,1,0,2,0,0,1,0,1,0,0,0,100.0,0.0,0,-1,No n'hi ha,-1.0,3,3,1,0,0,0,0,0,0,0,0,0,0,1,4,3,0,Envestida (frontal lateral),2,2,2,5,-1,2,0,15.4,1,2,6,18,8
3749,2013,1,2013-12-16,SE,"PRAT DE LLOBREGAT, E",Baix Llobregat,3,0,1,0,2,0,0,0,0,1,1,0,0,100.0,1.0,0,-1,No n'hi ha,-1.0,3,3,1,0,0,0,0,0,0,0,0,0,0,0,4,-1,-1,Xoc contra objecte/obstacle sense sortida prèvia de via,-1,2,2,5,-1,2,1,11.1,0,4,0,16,12
3750,2013,0,2013-01-05,N-152,GRANOLLERS,Valles Oriental,3,0,1,0,1,0,0,1,0,0,0,0,0,80.0,0.0,0,2,No n'hi ha,-1.0,3,3,1,0,0,0,0,0,0,0,0,0,0,0,4,-1,1,Resta sortides de via,-1,1,2,4,3,2,0,14.09,1,1,5,5,1
3751,2013,0,2013-01-12,N-II,SILS,Selva,1,0,1,1,3,0,0,0,1,1,1,0,0,80.0,0.0,0,1,No n'hi ha,0.0,3,3,1,0,1,0,0,0,0,0,0,0,0,0,4,-1,1,Fregament o col·lisió lateral,-1,1,2,4,1,2,0,12.12,0,2,5,12,1
3752,2013,0,2013-05-05,N-340,VINYOLS I ELS ARCS,Baix Camp,0,0,2,0,1,0,0,0,1,0,0,0,0,100.0,0.0,0,0,No n'hi ha,-1.0,3,3,1,0,0,0,0,0,0,0,1,0,0,0,3,-1,1,Xoc amb animal a la calçada,-1,1,2,4,1,2,0,23.04,2,4,6,5,5
3753,2013,1,2013-05-06,SE,OLOT,Garrotxa,1,0,1,0,2,1,0,0,0,1,0,0,0,100.0,0.0,0,2,No n'hi ha,-1.0,3,3,1,0,0,0,0,0,0,0,0,0,0,0,4,-1,1,Atropellament,-1,2,2,5,2,2,1,8.53,0,3,0,6,5
3754,2013,1,2013-06-15,SE,BARCELONA,Barcelones,3,0,1,0,2,0,0,1,0,1,0,0,0,100.0,0.0,0,-1,No n'hi ha,-1.0,3,3,1,0,0,0,0,0,0,0,0,0,0,0,4,-1,0,Fregament o col·lisió lateral,-1,2,2,5,-1,2,0,18.2,1,2,5,15,6
3755,2013,1,2013-12-15,SE,MOLINS DE REI,Baix Llobregat,3,0,1,0,1,0,0,0,1,0,0,0,0,20.0,0.0,0,-1,No n'hi ha,-1.0,3,3,1,0,-1,0,0,0,0,0,0,0,0,1,4,5,-1,Sortida de via amb xoc o col·lisió,1,2,2,5,-1,2,0,13.5,0,1,6,15,12
3756,2013,1,2013-12-02,SE,CARDEDEU,Valles Oriental,3,0,1,0,2,0,1,0,0,1,0,0,0,20.0,0.0,0,2,No n'hi ha,-1.0,3,3,1,-1,0,0,0,-1,0,0,0,0,-1,1,4,4,1,Envestida (frontal lateral),2,2,2,5,-1,2,1,7.4,0,2,0,2,12
3757,2013,0,2013-12-25,C-17,LLICA D'AMUNT,Valles Oriental,3,0,1,4,1,0,0,0,0,1,0,0,0,80.0,0.0,0,1,No n'hi ha,-1.0,3,3,1,0,0,0,0,0,0,0,0,0,0,0,3,-1,1,Xoc contra objecte/obstacle sense sortida prèvia de via,-1,1,2,1,2,2,1,19.52,1,4,2,25,12
3758,2013,0,2013-07-20,BV-5115,GUALBA,Valles Oriental,3,0,1,0,1,0,0,0,1,0,0,0,0,50.0,0.0,0,1,No n'hi ha,-1.0,3,3,1,0,1,0,0,0,0,0,0,0,1,0,4,-1,1,Caiguda en la via,-1,1,2,4,3,2,0,18.3,1,0,5,20,7
3759,2013,1,2013-07-15,SE,BARCELONA,Barcelones,3,0,1,2,2,1,0,0,1,0,0,0,0,100.0,0.0,0,-1,No n'hi ha,-1.0,3,3,1,0,0,0,0,0,0,0,0,0,0,0,4,-1,1,Atropellament,-1,2,2,5,-1,2,1,12.0,0,3,0,15,7
3760,2013,1,2013-11-06,SE,PALAMOS,Baix Emporda,1,0,1,0,2,1,0,0,0,1,0,0,0,20.0,0.0,0,2,No n'hi ha,-1.0,3,1,1,-1,0,1,0,-1,0,0,0,0,-1,0,4,-1,1,Atropellament,-1,2,2,5,-1,2,1,10.4,0,3,2,6,11
3761,2013,1,2013-07-02,SE,BARCELONA,Barcelones,3,0,1,0,2,0,1,0,0,1,0,0,0,100.0,0.0,0,-1,No n'hi ha,-1.0,3,3,1,0,0,0,0,0,0,0,0,0,0,1,4,3,1,Envestida (frontal lateral),2,2,2,5,-1,2,1,15.55,1,2,1,2,7
3762,2013,1,2013-12-14,C-13,TREMP,Pallars Jussa,2,0,1,2,2,0,0,0,0,2,0,0,0,50.0,0.0,0,2,No n'hi ha,-1.0,3,1,1,0,0,0,0,0,0,0,0,0,0,0,4,-1,1,Col·lisió frontal,-1,2,2,4,2,2,0,11.5,0,2,5,14,12
3763,2013,0,2013-12-25,N-IIa,FIGUERES,Alt Emporda,1,0,1,0,1,0,0,0,0,1,0,0,0,80.0,0.0,0,1,No n'hi ha,-1.0,3,3,1,0,0,0,0,0,0,0,0,0,0,0,3,-1,1,Resta sortides de via,-1,1,2,4,1,2,1,7.12,0,1,2,25,12
3764,2013,0,2013-12-19,C-14,CIUTADILLA,Urgell,2,0,2,0,1,0,0,0,0,1,0,0,0,100.0,0.0,0,1,No n'hi ha,-1.0,1,3,1,0,1,0,1,0,1,0,0,0,0,0,3,-1,1,Sortida de via amb xoc o col·lisió,-1,1,2,4,2,2,1,21.3,1,1,3,19,12
3765,2013,0,2013-02-01,C-35,SANT CELONI,Valles Oriental,3,1,0,0,1,0,0,0,0,1,0,0,0,100.0,0.0,0,1,No n'hi ha,-1.0,3,3,0,0,0,0,0,0,0,0,0,0,0,0,4,-1,1,Resta sortides de via,-1,1,2,4,2,2,1,8.31,0,1,4,1,2
3766,2013,1,2013-02-27,SE,VILANANT,Alt Emporda,1,0,1,0,2,1,0,0,0,1,0,0,0,90.0,0.0,0,-1,Sense Especificar,-1.0,3,1,1,0,0,0,0,0,0,0,0,0,0,0,4,-1,-1,Atropellament,-1,2,2,4,4,2,1,16.19,1,3,2,27,2
3767,2013,0,2013-12-24,N-260,"PONT DE SUERT, EL",Alta Ribagorca,2,0,1,0,1,0,0,0,0,1,0,0,0,90.0,0.0,0,-1,Sense Especificar,-1.0,3,3,1,0,0,0,0,0,0,0,0,0,0,0,4,-1,-1,Resta sortides de via,-1,1,2,4,4,2,1,11.02,0,1,1,24,12
3768,2013,1,2013-11-18,SE,LLEIDA,Segria,2,0,1,0,2,1,0,0,0,1,0,0,0,100.0,0.0,0,2,No n'hi ha,-1.0,2,3,1,0,0,0,0,0,0,0,0,0,0,2,2,-1,1,Atropellament,0,2,2,5,-1,2,1,12.05,0,3,0,18,11
3769,2013,0,2013-11-24,C-58,VACARISSES,Valles Occidental,3,0,1,2,3,0,0,0,0,3,0,0,0,60.0,0.0,0,1,No n'hi ha,-1.0,3,3,1,0,0,0,0,0,0,0,0,0,0,0,3,-1,1,Envestida (frontal lateral),-1,1,2,4,2,2,0,23.22,2,2,6,24,11
3770,2013,0,2013-06-07,C-66,CORCA,Baix Emporda,1,0,1,0,2,0,0,0,1,0,1,0,0,100.0,0.0,0,2,No n'hi ha,-1.0,3,3,1,0,0,0,0,0,0,0,0,0,0,0,4,-1,1,Fregament o col·lisió lateral,-1,1,2,4,2,2,1,12.25,0,2,4,7,6
3771,2013,0,2013-12-27,BV-1411,RIPOLLET,Valles Occidental,3,0,1,5,2,0,0,0,0,2,0,0,0,100.0,0.0,0,3,No n'hi ha,-1.0,3,3,1,0,0,0,0,0,0,0,0,0,0,1,5,3,1,Col·lisió frontal,2,1,2,4,-1,1,1,1.34,2,2,4,27,12
3772,2013,0,2013-10-03,C-31,BARCELONA,Barcelones,3,1,0,1,4,0,0,0,2,1,1,0,0,60.0,0.0,0,-1,Carril bus,-1.0,3,3,0,0,0,1,0,0,0,0,0,0,0,0,4,-1,1,Caiguda en la via,-1,1,2,1,2,2,1,8.5,0,0,3,3,10
3773,2013,0,2013-06-15,GI-623,BASCARA,Alt Emporda,1,0,2,2,3,0,0,0,0,1,1,1,0,100.0,0.0,0,2,No n'hi ha,-1.0,3,3,1,0,0,0,0,0,0,0,0,0,0,1,4,4,1,Fregament o col·lisió lateral,1,1,2,4,2,2,0,7.5,0,2,5,15,6
3774,2013,0,2013-11-23,B-224,SANT ESTEVE SESROVIRES,Baix Llobregat,3,0,1,1,2,0,0,0,0,2,0,0,0,60.0,0.0,0,2,No n'hi ha,-1.0,3,3,1,0,0,0,0,0,0,0,0,0,0,1,3,4,1,Envestida (frontal lateral),3,1,3,4,2,2,0,18.52,1,2,5,23,11
3775,2013,0,2013-07-23,CR,FORALLAC,Baix Emporda,1,0,1,0,2,0,1,0,0,1,0,0,0,100.0,0.0,0,1,No n'hi ha,-1.0,3,3,1,0,0,0,0,0,0,0,0,0,0,0,4,-1,1,Col·lisió frontal,-1,1,0,3,0,2,1,14.36,1,2,1,23,7
3776,2013,1,2013-12-14,SE,"PRAT DE LLOBREGAT, E",Baix Llobregat,3,0,1,1,3,2,0,0,0,1,0,0,0,20.0,0.0,0,-1,No n'hi ha,-1.0,3,3,1,-1,-1,0,0,-1,0,0,0,0,0,1,4,2,-1,Atropellament,2,2,2,5,-1,2,0,11.3,0,3,5,14,12
3777,2013,1,2013-03-05,SE,BARCELONA,Barcelones,3,0,1,0,2,0,0,0,1,1,0,0,0,100.0,0.0,0,-1,No n'hi ha,-1.0,1,3,1,0,0,0,0,0,0,0,0,0,0,1,4,2,1,Envestida (frontal lateral),1,2,0,5,-1,2,1,15.25,1,2,1,5,3
3778,2013,1,2013-10-28,SE,SANT ADRIA DE BESOS,Barcelones,3,0,1,0,2,1,0,0,0,1,0,0,0,100.0,0.0,0,2,No n'hi ha,-1.0,3,3,1,0,0,0,0,0,1,0,0,0,0,2,4,3,1,Atropellament,2,2,2,5,-1,2,1,16.04,1,3,0,28,10
3779,2013,1,2013-12-28,N-II,SANT ANDREU DE LLAVANERES,Maresme,3,0,1,0,2,1,0,0,0,1,0,0,0,50.0,0.0,0,2,No n'hi ha,-1.0,3,1,1,0,0,0,0,0,0,0,0,0,0,0,5,-1,1,Atropellament,-1,0,2,4,1,2,0,21.41,1,3,5,28,12
3780,2013,1,2013-01-10,SE,MATARO,Maresme,3,0,1,0,2,0,0,2,0,0,0,0,0,20.0,0.0,0,-1,No n'hi ha,-1.0,3,3,1,0,-1,0,0,0,0,0,0,0,0,0,5,-1,-1,Encalç,-1,2,2,5,-1,2,1,18.15,1,2,3,10,1
3781,2013,0,2013-04-09,C-32,VILADECANS,Baix Llobregat,3,0,1,0,2,0,0,0,1,1,0,0,0,100.0,0.0,0,0,No n'hi ha,-1.0,3,3,1,0,0,0,0,0,0,0,0,0,0,0,3,-1,1,Caiguda en la via,-1,1,2,2,2,2,1,20.59,1,0,1,9,4
3782,2013,1,2013-03-28,SE,LLEIDA,Segria,2,0,1,0,2,0,0,0,1,1,0,0,0,20.0,0.0,0,2,No n'hi ha,-1.0,3,3,1,-1,0,0,0,-1,0,0,0,0,-1,1,4,4,0,Envestida (frontal lateral),2,2,2,5,-1,2,1,19.2,1,2,3,28,3
3783,2013,1,2013-01-14,SE,BARCELONA,Barcelones,3,0,1,0,1,0,0,0,1,0,0,0,0,100.0,0.0,0,-1,No n'hi ha,-1.0,3,3,1,0,0,0,0,0,0,0,0,0,0,1,4,3,0,Caiguda en la via,2,2,0,5,-1,2,1,9.15,0,0,0,14,1
3784,2013,1,2013-07-29,SE,REUS,Baix Camp,0,0,1,0,2,0,0,1,0,1,0,0,0,100.0,0.0,0,-1,No n'hi ha,-1.0,3,3,1,0,0,0,0,0,0,0,0,0,0,0,4,-1,-1,Encalç,-1,2,2,5,-1,2,1,11.5,0,2,0,29,7
3785,2013,0,2013-08-03,C-31,VERGES,Baix Emporda,1,0,2,0,2,0,0,0,0,2,0,0,0,100.0,0.0,0,2,No n'hi ha,-1.0,3,3,1,0,0,0,0,0,0,0,0,0,0,1,4,5,1,Envestida (frontal lateral),2,1,2,4,2,2,0,11.16,0,2,5,3,8
3786,2013,0,2013-08-11,BP-2151,SANT SADURNI D'ANOIA,Alt Penedes,3,0,1,0,1,0,0,0,0,1,0,0,0,100.0,0.0,0,3,No n'hi ha,-1.0,3,3,1,0,0,0,0,0,0,0,0,0,0,0,4,-1,1,Xoc contra objecte/obstacle sense sortida prèvia de via,-1,1,2,4,2,2,0,7.56,0,4,6,11,8
3787,2013,1,2013-04-16,SE,BARCELONA,Barcelones,3,0,1,1,2,0,0,0,1,1,0,0,0,30.0,0.0,0,-1,No n'hi ha,-1.0,3,3,1,0,0,0,0,0,0,0,0,0,0,1,4,5,0,Envestida (frontal lateral),2,2,2,5,-1,2,1,20.0,1,2,1,16,4
3788,2013,1,2013-08-15,SE,LLEIDA,Segria,2,1,0,0,1,0,0,0,1,0,0,0,0,100.0,0.0,0,-1,No n'hi ha,-1.0,3,3,0,0,0,0,0,0,0,0,0,0,0,0,4,-1,-1,Altres,-1,2,2,5,-1,2,1,12.35,0,5,3,15,8
3789,2013,1,2013-03-15,SE,BARCELONA,Barcelones,3,0,1,0,2,0,0,0,1,1,0,0,0,100.0,0.0,0,-1,No n'hi ha,-1.0,3,3,1,0,0,0,0,0,0,0,0,0,0,1,5,3,1,Fregament o col·lisió lateral,2,2,2,5,-1,2,0,23.15,2,2,4,15,3
3790,2013,1,2013-02-05,SE,BARCELONA,Barcelones,3,0,1,0,2,0,0,0,1,1,0,0,0,100.0,0.0,0,-1,Carril bus,-1.0,3,3,1,0,0,0,0,0,0,0,0,0,0,1,4,3,0,Caiguda en la via,2,2,2,5,-1,2,1,15.15,1,0,1,5,2
3791,2013,0,2013-12-26,BP-4653,SANT AGUSTI DE LLUCA,Osona,3,1,0,1,2,0,0,0,0,2,0,0,0,50.0,0.0,0,2,No n'hi ha,-1.0,3,3,0,0,0,0,0,0,0,0,0,0,0,0,3,-1,1,Xoc contra objecte/obstacle sense sortida prèvia de via,-1,1,2,4,3,2,1,20.46,1,4,3,26,12
3792,2013,1,2013-09-17,SE,BARCELONA,Barcelones,3,0,1,0,2,0,0,0,1,1,0,0,0,100.0,0.0,0,-1,No n'hi ha,-1.0,3,3,1,0,0,0,0,0,0,0,0,0,0,1,4,3,1,Fregament o col·lisió lateral,2,2,2,5,-1,2,1,18.0,1,2,1,17,9
3793,2013,1,2013-11-20,SE,BARCELONA,Barcelones,3,0,1,1,2,1,0,0,1,0,0,0,0,100.0,0.0,0,-1,No n'hi ha,-1.0,3,3,1,0,0,0,0,0,0,0,0,0,0,1,5,3,0,Atropellament,2,2,2,5,-1,2,1,21.5,1,3,2,20,11
3794,2013,1,2013-01-27,SE,VILANOVA I LA GELTRU,Garraf,3,0,1,0,2,0,0,0,1,1,0,0,0,100.0,0.0,0,-1,No n'hi ha,-1.0,3,3,1,0,0,0,0,0,0,0,0,0,0,1,4,3,-1,Altres,2,2,2,5,-1,2,0,0.55,2,5,6,27,1
3795,2013,0,2013-06-10,TP-2031,"SECUITA, LA",Tarragones,0,0,1,0,2,0,0,0,1,1,0,0,0,100.0,0.0,0,2,No n'hi ha,-1.0,3,3,1,0,0,0,0,0,0,0,0,0,0,1,4,5,1,Fregament o col·lisió lateral,1,1,2,4,3,2,1,19.25,1,2,0,10,6
3796,2013,1,2013-03-27,SE,GRANOLLERS,Valles Oriental,3,0,1,0,2,1,0,0,0,1,0,0,0,100.0,0.0,0,2,No n'hi ha,-1.0,3,3,1,0,0,0,0,0,0,0,0,0,0,2,5,3,1,Atropellament,2,2,2,5,-1,2,1,21.45,1,3,2,27,3
3797,2013,0,2013-07-13,CR,RIU DE CERDANYA,Cerdanya,2,0,1,0,1,0,0,0,0,1,0,0,0,100.0,0.0,0,1,No n'hi ha,-1.0,3,3,1,0,0,0,0,0,0,0,0,0,0,0,4,-1,1,Caiguda en la via,-1,1,0,3,4,2,0,12.24,0,0,5,13,7
3798,2013,0,2013-07-29,C-12,LLEIDA,Segria,2,0,2,1,2,0,0,0,0,2,0,0,0,100.0,0.0,0,3,No n'hi ha,-1.0,3,3,1,0,1,0,0,0,0,0,0,0,0,0,4,-1,1,Col·lisió frontal,-1,1,2,4,2,2,1,9.12,0,2,0,29,7
3799,2013,0,2013-08-13,BV-1468,MOLINS DE REI,Baix Llobregat,3,0,1,0,2,0,0,0,1,1,0,0,0,100.0,0.0,0,3,No n'hi ha,-1.0,3,3,1,0,1,0,0,0,0,0,0,0,0,0,4,-1,1,Envestida (frontal lateral),-1,1,2,4,3,2,1,13.0,0,2,1,13,8
3800,2013,0,2013-10-24,L-200,PUIGGROS,Garrigues,2,1,0,0,2,0,1,0,0,1,0,0,0,100.0,0.0,0,1,No n'hi ha,-1.0,3,3,0,0,0,0,0,0,0,0,0,0,0,1,4,4,1,Fregament o col·lisió lateral,2,1,2,4,2,2,1,15.1,1,2,3,24,10
3801,2013,0,2013-11-05,C-1415a,SENTMENAT,Valles Occidental,3,1,0,0,1,0,0,0,1,0,0,0,0,100.0,0.0,0,1,No n'hi ha,-1.0,3,3,0,0,0,0,0,0,0,0,0,0,0,0,1,-1,1,Resta sortides de via,-1,1,2,4,2,2,1,7.48,0,1,1,5,11
3802,2013,0,2013-11-17,C-1412a,COPONS,Anoia,3,0,2,2,2,0,0,0,0,2,0,0,0,100.0,0.0,0,2,No n'hi ha,-1.0,2,3,1,0,0,0,1,0,0,0,0,0,0,0,3,-1,1,Fregament o col·lisió lateral,-1,1,2,4,2,2,0,20.04,1,2,6,17,11
3803,2013,1,2013-07-04,SE,BARCELONA,Barcelones,3,1,0,0,2,0,0,0,1,0,1,0,0,80.0,0.0,0,-1,Carril acceleració,-1.0,3,3,0,0,0,0,0,0,0,0,0,0,0,0,5,-1,1,Encalç,-1,2,2,5,-1,2,1,23.14,2,2,3,4,7
3804,2013,0,2013-10-22,A-2,SANT ANFREU DE LA BARCA,Baix Llobregat,3,0,1,0,2,0,0,0,1,1,0,0,0,100.0,0.0,0,1,No n'hi ha,-1.0,3,3,1,0,0,0,0,0,0,0,0,0,0,0,4,-1,1,Fregament o col·lisió lateral,-1,1,2,1,1,2,1,16.07,1,2,1,22,10
3805,2013,1,2013-12-22,SE,BATEA,Terra Alta,0,0,1,0,1,0,0,0,0,0,0,1,0,100.0,0.0,0,1,No n'hi ha,-1.0,3,3,1,0,0,0,0,0,0,0,0,0,0,0,4,-1,1,Xoc contra objecte/obstacle sense sortida prèvia de via,-1,2,0,5,-1,2,0,11.4,0,4,6,22,12
3806,2013,1,2013-09-15,SE,BARCELONA,Barcelones,3,0,1,1,2,1,0,0,1,0,0,0,0,100.0,1.0,0,-1,No n'hi ha,-1.0,3,3,1,0,0,0,0,0,0,0,0,0,0,0,5,-1,1,Atropellament,-1,2,2,5,-1,2,0,1.0,2,3,6,15,9
3807,2013,0,2013-09-29,C-26,SOLSONA,Solsones,2,0,1,1,1,0,0,0,0,1,0,0,0,100.0,0.0,0,3,No n'hi ha,-1.0,3,3,1,0,0,0,0,0,0,0,0,0,0,0,2,-1,1,Sortida de via amb xoc o col·lisió,-1,1,2,4,2,2,0,7.25,0,1,6,29,9
3808,2013,0,2013-07-07,C-1415b,CALDES DE MONTBUI,Valles Oriental,3,0,1,1,2,0,0,0,0,2,0,0,0,100.0,0.0,0,1,No n'hi ha,-1.0,3,3,1,0,1,0,0,0,0,0,0,0,0,1,4,4,1,Envestida (frontal lateral),0,1,2,4,3,2,0,20.33,1,2,6,7,7
3809,2013,1,2013-09-29,SE,RINER,Solsones,2,0,1,1,1,0,0,0,0,1,0,0,0,100.0,0.0,0,2,No n'hi ha,-1.0,3,3,1,0,0,0,0,0,0,0,0,0,0,0,1,-1,1,Resta sortides de via,-1,2,2,5,0,2,0,6.3,0,1,6,29,9