,Year,Area,Date,Road,Municipality Name,County Name,Province Name,Fatalties,Serious Injuries,Light Injuries,Units Involved,Pedestrains Involved,Bicycles Involved,Mopeds Involved,Motorcycles,Light Vehicles Involved,Heavy Vehicles Involved,Other Units Involved,Unspecified Units Involved,Road Speed Limit,Accident with Hit and Run,Fog Presence,Surrounding Environment,Special Lane Presence,Special Traffic Measures,Weather Conditions,Special Road Functions,Severity of Accident,Influence of Fog,Influence of Environment,Influence of Traffic,Influence of Weather,Influence of Wind Intensity,Influence of Lighting,Influence of Special Measures,Influence of Road Objects,Influence of Road Surface,Influence of Visibility,Intersection Characteristics,Lighting Conditions,Traffic Regulation and Priority,Direction of Road,Subtype of Accident,Subtype of Road Section,Subzone within Area,Road Surface Conditions,Type of Road,Road Ownership,Wind Conditions,Day of the Week Grouping,Hour of Day,Time of Day Grouping,Type of Accident,Day Type,Day,Month
3810,2013,0,2013-09-06,C-14,RIBERA D'URGELLET,Alt Urgell,2,2,1,0,3,0,0,0,0,1,2,0,0,100.0,0.0,0,1,No n'hi ha,-1.0,3,3,0,0,0,0,0,0,0,0,0,0,0,0,3,-1,1,Envestida (frontal lateral),-1,1,2,4,2,2,1,6.39,0,2,4,6,9
3811,2013,0,2013-01-29,C-16,CERCS,Bergueda,3,0,1,1,2,0,0,0,0,2,0,0,0,60.0,0.0,0,1,No n'hi ha,-1.0,3,3,1,0,0,0,0,0,0,0,0,0,0,0,0,-1,1,Sortida de via amb xoc o col·lisió,-1,1,2,4,2,2,1,21.28,1,1,1,29,1
3812,2013,0,2013-02-10,GI-614,ROSES,Alt Emporda,1,0,1,0,1,0,0,0,0,1,0,0,0,100.0,0.0,0,2,No n'hi ha,-1.0,3,3,1,0,0,0,0,0,0,0,0,0,0,1,5,4,1,Sortida de via amb xoc o col·lisió,1,1,2,4,2,2,0,3.23,2,1,6,10,2
3813,2013,0,2013-01-27,TV-2126,BELLVEI,Baix Penedes,0,0,1,0,3,0,0,0,1,2,0,0,0,100.0,0.0,0,2,No n'hi ha,-1.0,3,3,1,0,0,0,0,0,0,0,0,0,0,0,4,-1,1,Encalç,-1,1,2,4,3,2,0,12.12,0,2,6,27,1
3814,2013,1,2013-03-01,SE,MANRESA,Bages,3,0,1,0,2,1,0,0,0,1,0,0,0,100.0,0.0,0,2,No n'hi ha,-1.0,3,3,1,0,0,0,0,0,0,0,0,0,0,1,4,2,1,Atropellament,1,2,2,5,-1,2,1,9.3,0,3,4,1,3
3815,2013,1,2013-02-06,SE,MATARO,Maresme,3,0,1,0,2,1,0,0,0,1,0,0,0,20.0,0.0,0,2,No n'hi ha,-1.0,3,3,1,-1,0,0,0,-1,0,0,0,0,-1,1,5,2,-1,Atropellament,2,2,2,5,-1,2,1,21.05,1,3,2,6,2
3816,2013,0,2013-04-11,C-1415a,CASTELLAR DEL VALLES,Valles Occidental,3,0,1,0,2,0,0,0,1,0,1,0,0,100.0,0.0,0,1,No n'hi ha,-1.0,3,3,1,0,0,0,0,0,0,0,0,0,0,0,4,-1,1,Caiguda en la via,-1,1,2,4,2,2,1,10.26,0,0,3,11,4
3817,2013,1,2013-04-24,SE,BARCELONA,Barcelones,3,0,1,1,3,0,0,0,1,2,0,0,0,100.0,0.0,0,-1,No n'hi ha,-1.0,3,3,1,0,0,0,0,0,0,0,0,0,0,1,4,3,0,Fregament o col·lisió lateral,2,2,2,5,-1,2,1,18.26,1,2,2,24,4
3818,2013,1,2013-06-21,SE,BARCELONA,Barcelones,3,0,1,0,1,0,0,0,1,0,0,0,0,100.0,0.0,0,-1,No n'hi ha,-1.0,3,3,1,0,0,0,0,0,0,0,0,0,0,1,5,3,1,Xoc contra objecte/obstacle sense sortida prèvia de via,2,2,2,5,-1,2,1,6.0,0,4,4,21,6
3819,2013,0,2013-11-30,AP-7,VANDELLOS I L'HOSPITALET DE L'INFANT,Baix Camp,0,2,2,1,2,0,0,0,0,2,0,0,0,100.0,0.0,0,3,No n'hi ha,-1.0,3,3,0,0,0,0,0,0,0,0,0,0,0,0,4,-1,1,Col·lisió frontal,-1,1,2,2,1,2,0,14.5,1,2,5,30,11
3820,2013,1,2013-08-03,SE,BALAGUER,Noguera,2,0,1,0,2,1,0,0,0,1,0,0,0,100.0,0.0,0,2,No n'hi ha,-1.0,3,3,1,0,0,0,0,0,0,0,0,0,0,1,4,2,1,Atropellament,2,2,3,5,0,2,0,9.15,0,3,5,3,8
3821,2013,0,2013-12-08,BP-1417,SANT CUGAT DEL VALLES,Valles Occidental,3,0,1,0,1,0,0,0,1,0,0,0,0,100.0,0.0,0,1,No n'hi ha,-1.0,3,3,1,0,0,0,0,0,0,0,0,0,0,0,3,-1,1,Caiguda en la via,-1,1,2,4,3,2,0,3.3,2,0,6,8,12
3822,2013,1,2013-06-05,SE,TARRAGONA,Tarragones,0,0,1,0,2,0,0,0,1,1,0,0,0,100.0,0.0,0,2,No n'hi ha,-1.0,3,3,1,0,0,0,0,0,0,0,0,0,0,0,4,-1,1,Envestida (frontal lateral),-1,2,2,5,-1,2,1,12.5,0,2,2,5,6
3823,2013,1,2013-03-20,SE,TARRAGONA,Tarragones,0,0,1,0,3,0,0,0,1,2,0,0,0,100.0,0.0,0,2,No n'hi ha,-1.0,3,3,1,0,0,0,0,0,0,0,0,0,0,0,4,-1,1,Fregament o col·lisió lateral,-1,2,2,5,-1,2,1,13.32,0,2,2,20,3
3824,2013,1,2013-05-13,SE,OLOT,Garrotxa,1,0,1,0,2,0,0,1,0,1,0,0,0,100.0,0.0,0,2,No n'hi ha,-1.0,3,1,1,0,0,0,0,0,0,0,0,0,0,1,4,3,1,Envestida (frontal lateral),2,2,2,5,-1,2,1,14.47,1,2,0,13,5
3825,2013,0,2013-05-23,C-352,CANOVELLES,Valles Oriental,3,0,1,0,1,0,0,0,1,0,0,0,0,50.0,0.0,0,2,No n'hi ha,-1.0,3,0,1,0,0,0,0,0,0,0,0,0,0,1,4,4,1,Caiguda en la via,0,1,2,4,2,2,1,13.36,0,0,3,23,5
3826,2013,0,2013-08-19,C-13,LLEIDA,Segria,2,0,1,1,2,0,0,0,0,1,1,0,0,100.0,0.0,0,1,No n'hi ha,-1.0,3,2,1,0,0,0,0,0,0,1,0,0,0,0,4,-1,1,Encalç,-1,1,2,4,2,2,1,18.3,1,2,0,19,8
3827,2013,1,2013-08-13,SE,GAVA,Baix Llobregat,3,0,1,0,2,0,1,0,0,1,0,0,0,20.0,0.0,0,-1,No n'hi ha,-1.0,3,3,1,-1,0,0,0,-1,0,0,0,0,-1,0,4,-1,1,Fregament o col·lisió lateral,-1,2,2,5,-1,2,1,11.3,0,2,1,13,8
3828,2013,1,2013-08-21,SE,ALCANAR,Montsia,0,0,1,0,2,0,1,0,0,1,0,0,0,100.0,0.0,0,2,No n'hi ha,-1.0,3,3,1,0,0,0,0,0,0,0,0,0,0,1,4,4,1,Caiguda en la via,2,2,2,5,4,2,1,10.25,0,0,2,21,8
3829,2013,1,2013-03-25,SE,BARCELONA,Barcelones,3,0,1,0,2,0,0,0,1,1,0,0,0,100.0,0.0,0,-1,No n'hi ha,-1.0,3,3,1,0,0,0,0,0,0,0,0,0,0,1,4,3,1,Caiguda en la via,2,2,2,5,-1,2,1,15.4,1,0,0,25,3
3830,2013,1,2013-10-02,SE,SABADELL,Valles Occidental,3,0,1,0,2,0,0,0,1,1,0,0,0,100.0,0.0,0,2,No n'hi ha,-1.0,3,3,1,0,0,0,0,0,0,0,0,0,0,0,4,-1,1,Envestida (frontal lateral),-1,2,2,5,0,2,1,17.4,1,2,2,2,10
3831,2013,1,2013-11-14,SE,GRANOLLERS,Valles Oriental,3,0,1,0,2,1,0,0,0,1,0,0,0,100.0,0.0,0,2,No n'hi ha,-1.0,3,3,1,0,0,0,0,0,0,0,0,0,0,1,4,-1,0,Atropellament,1,2,2,5,-1,2,1,17.35,1,3,3,14,11
3832,2013,0,2013-12-20,C-59,SANTA PERPETUA DE MO,Valles Occidental,3,0,1,0,4,0,0,0,0,3,1,0,0,80.0,0.0,0,0,No n'hi ha,-1.0,3,3,1,0,0,0,0,0,0,0,1,0,0,0,4,-1,1,Envestida (frontal lateral),-1,1,2,1,2,2,1,13.16,0,2,4,20,12
3833,2013,0,2013-05-03,C-31,"TALLADA D'EMPORDA, LA",Baix Emporda,1,0,1,0,2,0,0,0,0,1,1,0,0,70.0,0.0,0,3,No n'hi ha,-1.0,3,3,1,0,0,0,0,0,0,0,0,0,0,1,4,-1,1,Envestida (frontal lateral),1,1,2,4,2,2,0,19.0,1,2,4,3,5
3834,2013,1,2013-02-15,N-150,SABADELL,Valles Occidental,3,0,1,0,2,0,0,0,1,1,0,0,0,100.0,0.0,0,1,No n'hi ha,-1.0,3,3,1,0,0,0,0,0,0,0,0,0,0,1,5,5,1,Envestida (frontal lateral),2,0,2,4,0,2,0,20.22,1,2,4,15,2
3835,2013,1,2013-03-14,SE,ROSSELLO,Segria,2,1,0,0,2,1,0,0,0,0,1,0,0,30.0,0.0,0,2,No n'hi ha,-1.0,3,3,0,0,1,0,0,0,0,0,0,0,0,1,4,4,1,Atropellament,2,2,2,5,-1,1,1,11.24,0,3,3,14,3
3836,2013,0,2013-07-10,C-55,CASTELLGALI,Bages,3,0,2,1,2,0,0,0,0,2,0,0,0,90.0,0.0,0,1,No n'hi ha,-1.0,3,3,1,0,0,0,0,0,0,0,0,0,0,0,4,-1,1,Col·lisió frontal,-1,1,2,4,2,2,1,15.53,1,2,2,10,7
3837,2013,0,2013-07-01,N-260,"PONT DE BAR, EL",Alt Urgell,2,0,1,1,2,0,0,0,0,0,1,1,0,60.0,0.0,0,1,No n'hi ha,-1.0,3,3,1,0,0,0,0,0,0,0,0,0,0,0,2,-1,1,Resta sortides de via,-1,1,2,4,1,1,1,16.1,1,1,0,1,7
3838,2013,1,2013-03-13,SE,BARCELONA,Barcelones,3,0,1,0,2,1,0,0,0,1,0,0,0,100.0,1.0,0,-1,No n'hi ha,-1.0,1,3,1,0,0,0,0,0,0,0,0,0,0,0,4,-1,0,Atropellament,-1,2,0,5,-1,2,1,14.0,1,3,2,13,3
3839,2013,1,2013-12-19,SE,TARRAGONA,Tarragones,0,0,1,0,2,1,0,0,0,1,0,0,0,100.0,0.0,0,2,No n'hi ha,-1.0,2,3,1,0,0,0,0,0,0,0,0,0,1,0,0,-1,1,Atropellament,-1,2,2,5,0,2,1,18.15,1,3,3,19,12
3840,2013,0,2013-06-09,C-26,ALFARRAS,Segria,2,1,1,0,2,0,0,1,0,1,0,0,0,100.0,0.0,0,2,No n'hi ha,-1.0,2,3,0,0,0,0,1,0,0,0,0,0,0,0,2,-1,1,Caiguda en la via,-1,1,2,4,2,2,0,11.3,0,0,6,9,6
3841,2013,0,2013-12-19,C-12,XERTA,Baix Ebre,0,1,1,0,2,0,0,0,0,2,0,0,0,100.0,0.0,0,0,No n'hi ha,-1.0,1,3,0,0,0,0,1,0,0,0,0,0,0,0,4,-1,1,Envestida (frontal lateral),-1,1,2,4,2,2,1,13.1,0,2,3,19,12
3842,2013,0,2013-07-31,A-2,"BRUC, EL",Anoia,3,0,1,0,3,0,0,0,0,1,1,1,0,100.0,0.0,0,2,No n'hi ha,1.0,3,3,1,0,0,1,0,0,0,0,0,0,0,0,4,-1,1,Encalç,-1,1,2,1,1,2,1,17.47,1,2,2,31,7
3843,2013,0,2013-10-02,C-1415c,"ROCA DEL VALLES, LA",Valles Oriental,3,0,1,0,2,0,0,0,1,0,1,0,0,40.0,0.0,0,2,No n'hi ha,-1.0,3,3,1,0,0,0,0,0,0,0,0,0,0,1,3,4,1,Fregament o col·lisió lateral,0,1,2,4,2,2,1,6.55,0,2,2,2,10
3844,2013,1,2013-12-09,SE,BARCELONA,Barcelones,3,0,1,0,2,0,0,0,1,1,0,0,0,100.0,0.0,0,-1,No n'hi ha,-1.0,3,3,1,0,0,0,0,0,0,0,0,0,0,0,4,-1,1,Envestida (frontal lateral),-1,2,2,5,-1,2,1,9.3,0,2,0,9,12
3845,2013,1,2013-11-21,SE,BARCELONA,Barcelones,3,0,1,1,2,1,0,0,1,0,0,0,0,30.0,0.0,0,-1,No n'hi ha,-1.0,3,3,1,0,0,0,0,0,0,0,0,0,0,1,5,3,0,Atropellament,2,2,2,5,-1,2,1,21.2,1,3,3,21,11
3846,2013,0,2013-01-01,N-260,"POBLA DE SEGUR, LA",Pallars Jussa,2,0,2,4,3,0,0,0,0,3,0,0,0,80.0,0.0,0,2,No n'hi ha,-1.0,3,3,1,0,0,0,0,0,0,0,0,0,0,0,0,-1,1,Fregament o col·lisió lateral,-1,1,2,4,1,2,1,12.22,0,2,1,1,1
3847,2013,1,2013-06-14,SE,"ROCA DEL VALLES, LA",Valles Oriental,3,0,1,0,2,1,0,0,0,1,0,0,0,100.0,0.0,0,2,No n'hi ha,-1.0,3,3,1,0,0,0,0,0,0,0,0,0,0,0,4,-1,1,Atropellament,-1,2,2,5,-1,2,1,12.05,0,3,4,14,6
3848,2013,0,2013-04-29,C-25,SANTA MARIA D'OLO,Moianès,3,0,2,0,3,0,0,0,0,2,1,0,0,120.0,0.0,0,3,No n'hi ha,-1.0,1,3,1,0,0,0,0,0,0,0,0,0,0,0,2,-1,0,Encalç,-1,1,2,4,2,2,1,11.58,0,2,0,29,4
3849,2013,1,2013-05-28,SE,SALOU,Tarragones,0,0,1,0,1,0,1,0,0,0,0,0,0,100.0,0.0,0,2,No n'hi ha,-1.0,3,3,1,0,0,0,0,0,0,0,0,0,0,0,5,-1,1,Caiguda en la via,-1,2,2,5,0,2,1,1.4,2,0,1,28,5
3850,2013,1,2013-04-10,SE,VILA-SECA,Tarragones,0,0,1,0,3,0,0,0,1,2,0,0,0,100.0,0.0,0,-1,No n'hi ha,-1.0,3,3,1,0,0,0,0,0,0,0,0,0,0,0,4,-1,-1,Caiguda en la via,-1,2,2,5,-1,2,1,12.5,0,0,2,10,4
3851,2013,0,2013-01-14,N-260,OLOT,Garrotxa,1,0,1,0,1,0,0,0,0,0,1,0,0,100.0,0.0,0,2,Carril central,-1.0,3,3,1,0,0,0,0,0,0,0,0,0,0,0,4,-1,1,Xoc contra objecte/obstacle sense sortida prèvia de via,-1,1,2,4,0,2,1,11.39,0,4,0,14,1
3852,2013,0,2013-01-29,AP-7,SANTA PERPETUA DE MO,Valles Occidental,3,1,0,0,3,0,0,0,0,1,2,0,0,100.0,0.0,0,2,No n'hi ha,-1.0,3,3,0,0,0,0,0,0,0,0,0,0,0,0,1,-1,0,Encalç,-1,1,2,2,1,2,1,8.02,0,2,1,29,1
3853,2013,1,2013-02-16,SE,GIRONA,Girones,1,0,1,0,2,0,0,0,1,1,0,0,0,20.0,0.0,0,-1,No n'hi ha,-1.0,3,3,1,0,0,0,0,0,0,0,0,0,0,0,5,-1,-1,Envestida (frontal lateral),-1,2,2,5,-1,2,0,20.44,1,2,5,16,2
3854,2013,0,2013-07-04,BP-2121,"LLACUNA, LA",Anoia,3,0,1,1,2,0,0,0,0,2,0,0,0,100.0,0.0,0,1,No n'hi ha,-1.0,3,3,1,0,0,0,0,0,0,0,0,0,0,0,4,-1,1,Col·lisió frontal,-1,1,2,4,3,2,1,13.43,0,2,3,4,7
3855,2013,0,2013-11-01,C-58,VACARISSES,Valles Occidental,3,0,1,0,2,0,0,0,0,1,1,0,0,100.0,0.0,0,3,No n'hi ha,-1.0,3,3,1,0,0,0,0,0,0,0,0,0,0,0,3,-1,1,Col·lisió frontal,-1,1,2,4,2,2,1,6.05,0,2,4,1,11
3856,2013,1,2013-07-14,SE,LLEIDA,Segria,2,0,1,2,2,0,0,0,0,2,0,0,0,100.0,0.0,0,2,No n'hi ha,-1.0,2,3,1,0,0,0,1,0,0,0,0,0,0,0,5,-1,1,Col·lisió frontal,-1,2,2,5,0,0,0,0.05,2,2,6,14,7
3857,2013,0,2013-11-07,CR,ALCOLETGE,Segria,2,0,1,0,2,0,0,1,0,0,1,0,0,100.0,0.0,0,2,No n'hi ha,-1.0,3,3,1,0,0,0,0,0,1,0,0,0,0,0,4,-1,1,Sortida de via amb xoc o col·lisió,-1,1,2,3,0,2,1,7.57,0,1,3,7,11
3858,2013,0,2013-06-05,B-224,MASQUEFA,Anoia,3,0,2,0,2,0,0,0,0,2,0,0,0,60.0,0.0,0,2,No n'hi ha,-1.0,3,3,1,0,0,0,0,0,0,0,0,0,1,1,4,4,1,Envestida (frontal lateral),1,1,2,4,3,1,1,17.0,1,2,2,5,6
3859,2013,0,2013-11-28,BP-1413,CERDANYOLA DEL VALLES,Valles Occidental,3,0,1,0,2,0,0,0,1,0,1,0,0,50.0,0.0,0,2,No n'hi ha,-1.0,3,0,1,0,1,0,0,0,0,0,0,0,0,1,4,5,0,Fregament o col·lisió lateral,0,1,2,4,0,2,1,10.5,0,2,3,28,11
3860,2013,1,2013-04-16,SE,TORROELLA DE MONTGRI,Baix Emporda,1,1,0,0,1,0,0,0,1,0,0,0,0,30.0,0.0,0,2,No n'hi ha,-1.0,3,3,0,-1,0,0,0,-1,0,0,0,0,0,0,4,-1,1,Xoc contra objecte/obstacle sense sortida prèvia de via,-1,2,2,5,-1,2,1,8.12,0,4,1,16,4
3861,2013,1,2013-10-30,SE,LLEIDA,Segria,2,0,1,0,2,1,0,0,0,1,0,0,0,100.0,0.0,0,-1,No n'hi ha,-1.0,3,3,1,0,0,0,0,0,0,0,0,0,0,0,4,-1,0,Atropellament,-1,2,2,5,-1,2,1,8.5,0,3,2,30,10
3862,2013,1,2013-01-16,BV-4501,MANRESA,Bages,3,0,1,0,2,1,0,0,0,1,0,0,0,100.0,0.0,0,2,No n'hi ha,-1.0,3,3,1,0,0,0,0,0,0,0,0,0,0,1,4,4,0,Atropellament,2,0,2,4,-1,2,1,16.4,1,3,2,16,1
3863,2013,0,2013-05-10,N-340,CASTELLET I LA GORNA,Alt Penedes,3,0,2,1,2,0,0,0,0,2,0,0,0,100.0,0.0,0,3,No n'hi ha,-1.0,3,3,1,0,0,0,0,0,0,0,0,0,0,0,4,-1,1,Col·lisió frontal,-1,1,2,4,1,2,0,19.01,1,2,4,10,5
3864,2013,0,2013-03-06,C-58,VACARISSES,Valles Occidental,3,0,1,3,3,0,0,0,0,3,0,0,0,80.0,0.0,0,3,No n'hi ha,-1.0,1,3,1,0,0,0,0,0,0,0,0,0,0,0,4,-1,1,Fregament o col·lisió lateral,-1,1,2,4,2,1,1,11.3,0,2,2,6,3
3865,2013,1,2013-03-29,SE,SANT QUIRZE DEL VALLES,Valles Occidental,3,0,1,0,1,0,1,0,0,0,0,0,0,100.0,0.0,0,2,No n'hi ha,-1.0,3,1,1,0,0,0,0,0,0,0,0,0,0,2,4,2,0,Xoc contra objecte/obstacle sense sortida prèvia de via,0,2,2,5,-1,2,0,17.5,1,4,4,29,3
3866,2013,0,2013-02-02,C-1415c,"ROCA DEL VALLES, LA",Valles Oriental,3,0,1,1,2,1,0,0,1,0,0,0,0,40.0,0.0,0,2,No n'hi ha,-1.0,3,3,1,0,1,0,0,0,1,0,0,0,0,1,3,5,1,Atropellament,0,1,2,4,3,2,0,19.33,1,3,5,2,2
3867,2013,0,2013-03-04,A-2,VECIANA,Anoia,3,0,1,0,4,0,0,0,0,1,1,2,0,120.0,0.0,0,-1,Sense Especificar,-1.0,3,3,1,0,0,0,0,0,0,0,0,0,0,0,4,-1,-1,Envestida (frontal lateral),-1,1,2,1,4,2,1,20.41,1,2,0,4,3
3868,2013,1,2013-07-11,SE,TERRASSA,Valles Occidental,3,0,1,0,2,1,0,0,0,1,0,0,0,100.0,0.0,0,2,No n'hi ha,-1.0,3,3,1,0,0,0,0,0,0,0,0,0,0,2,4,4,0,Atropellament,2,2,2,5,-1,2,1,11.15,0,3,3,11,7
3869,2013,1,2013-02-28,SE,BARCELONA,Barcelones,3,1,0,0,2,0,0,0,1,0,1,0,0,100.0,0.0,0,-1,No n'hi ha,-1.0,1,3,0,0,0,1,0,0,0,0,0,0,0,0,4,-1,1,Caiguda en la via,-1,2,0,5,-1,2,1,11.05,0,0,3,28,2
3870,2013,0,2013-07-09,BV-5251,SANT SADURNI D'OSORM,Osona,3,0,1,0,2,0,0,0,0,0,1,1,0,40.0,0.0,0,1,No n'hi ha,-1.0,3,3,1,0,0,0,0,0,0,0,0,0,0,0,4,-1,1,Caiguda en la via,-1,1,2,4,3,2,1,8.58,0,0,1,9,7
3871,2013,1,2013-06-01,SE,GIRONA,Girones,1,0,1,0,1,0,0,0,1,0,0,0,0,100.0,0.0,0,2,No n'hi ha,-1.0,3,3,1,0,0,0,0,0,0,0,0,0,0,2,5,-1,1,Resta sortides de via,0,2,2,5,-1,2,0,3.13,2,1,5,1,6
3872,2013,0,2013-05-24,N-340,"ALDEA, L'",Baix Ebre,0,0,3,2,2,0,0,0,0,2,0,0,0,100.0,0.0,0,0,No n'hi ha,-1.0,3,3,1,0,0,0,0,0,1,0,0,0,0,0,3,-1,1,Col·lisió frontal,-1,1,2,4,1,1,1,4.17,2,2,4,24,5
3873,2013,1,2013-09-23,SE,GIRONA,Girones,1,0,1,0,2,1,0,0,0,1,0,0,0,100.0,0.0,0,2,No n'hi ha,-1.0,3,3,1,0,0,0,0,0,0,0,0,0,0,2,4,2,0,Atropellament,1,2,2,5,-1,2,1,18.58,1,3,0,23,9
3874,2013,1,2013-09-05,SE,BARCELONA,Barcelones,3,0,1,0,2,0,0,0,1,1,0,0,0,100.0,0.0,0,-1,No n'hi ha,-1.0,3,3,1,0,0,0,0,0,0,0,0,0,0,1,5,3,0,Envestida (frontal lateral),2,2,2,5,-1,2,1,21.1,1,2,3,5,9
3875,2013,1,2013-09-15,SE,BARCELONA,Barcelones,3,0,1,0,2,0,1,0,0,1,0,0,0,30.0,0.0,0,-1,No n'hi ha,-1.0,3,3,1,0,0,0,0,0,0,0,0,0,0,1,5,3,1,Envestida (frontal lateral),2,2,2,5,-1,2,0,22.0,2,2,6,15,9
3876,2013,0,2013-06-10,N-IIa,ALCARRAS,Segria,2,1,0,0,2,0,0,0,1,1,0,0,0,80.0,0.0,0,2,No n'hi ha,-1.0,3,3,0,0,0,0,0,0,0,0,0,0,0,1,4,4,1,Caiguda en la via,0,1,2,4,1,2,1,19.07,1,0,0,10,6
3877,2013,1,2013-05-29,SE,CERDANYOLA DEL VALLES,Valles Occidental,3,0,1,0,2,1,0,0,0,1,0,0,0,100.0,0.0,0,-1,No n'hi ha,-1.0,3,3,1,0,0,0,0,0,0,0,0,0,0,0,4,-1,-1,Atropellament,-1,2,2,5,-1,2,1,8.0,0,3,2,29,5
3878,2013,0,2013-12-22,C-1413a,"PAPIOL, EL",Baix Llobregat,3,0,1,0,1,0,0,0,1,0,0,0,0,90.0,0.0,0,-1,Sense Especificar,-1.0,3,3,1,0,0,0,0,0,0,0,0,0,0,0,4,-1,-1,Altres,-1,1,2,4,4,2,0,11.42,0,5,6,22,12
3879,2013,0,2013-11-14,B-30,CERDANYOLA DEL VALLES,Valles Occidental,3,0,1,0,2,0,0,0,1,0,1,0,0,100.0,0.0,0,3,No n'hi ha,-1.0,3,3,1,0,0,0,0,0,0,0,0,0,0,0,4,-1,1,Fregament o col·lisió lateral,-1,1,2,1,1,2,1,10.0,0,2,3,14,11
3880,2013,1,2013-01-29,SE,OLOT,Garrotxa,1,0,1,0,2,0,1,0,0,1,0,0,0,100.0,0.0,0,2,No n'hi ha,0.0,3,3,1,0,0,0,0,0,0,0,0,0,0,2,4,4,0,Envestida (frontal lateral),2,2,2,5,-1,2,1,12.1,0,2,1,29,1
3881,2013,0,2013-03-29,BV-4022,"NOU DE BERGUEDA, LA",Bergueda,3,0,1,0,1,0,0,0,0,1,0,0,0,90.0,0.0,0,-1,Sense Especificar,-1.0,3,3,1,0,0,0,0,0,0,0,0,0,0,0,4,-1,-1,Resta sortides de via,-1,1,2,4,4,2,1,13.56,0,1,4,29,3
3882,2013,1,2013-06-07,SE,SITGES,Garraf,3,0,1,0,2,0,0,1,0,0,1,0,0,100.0,0.0,0,2,No n'hi ha,-1.0,3,3,1,0,0,0,0,0,0,0,0,0,0,1,4,5,0,Envestida (frontal lateral),2,2,2,5,-1,2,0,18.35,1,2,4,7,6
3883,2013,1,2013-06-28,SE,SANTA COLOMA DE GRAMANET,Barcelones,3,0,1,0,2,1,0,0,0,1,0,0,0,20.0,0.0,0,2,No n'hi ha,-1.0,3,3,1,-1,0,0,0,-1,0,0,0,0,-1,0,4,-1,-1,Atropellament,-1,2,2,5,-1,2,1,14.1,1,3,4,28,6
3884,2013,0,2013-03-26,C-58,TERRASSA,Valles Occidental,3,1,0,1,2,1,0,0,0,1,0,0,0,120.0,0.0,0,1,Carril avançament,-1.0,3,3,0,0,0,0,0,0,0,0,0,0,1,0,0,-1,1,Atropellament,-1,1,2,1,2,2,1,22.0,2,3,1,26,3
3885,2013,1,2013-04-23,SE,SANT CARLES DE LA RAPITA,Montsia,0,0,1,1,4,0,0,0,0,4,0,0,0,40.0,0.0,0,2,No n'hi ha,-1.0,3,3,1,0,0,0,0,0,0,0,0,0,0,0,1,-1,1,Col·lisió frontal,-1,2,2,5,-1,2,1,18.5,1,2,1,23,4
3886,2013,1,2013-02-06,SE,BARCELONA,Barcelones,3,0,1,0,2,1,0,0,0,1,0,0,0,100.0,0.0,0,-1,No n'hi ha,-1.0,3,3,1,0,0,0,0,0,0,0,0,0,0,1,5,3,0,Atropellament,2,2,2,5,-1,2,1,20.0,1,3,2,6,2
3887,2013,1,2013-08-20,SE,BARCELONA,Barcelones,3,1,0,2,2,1,0,0,1,0,0,0,0,100.0,0.0,0,-1,No n'hi ha,-1.0,3,3,0,0,0,0,0,0,0,0,0,0,0,1,4,3,0,Atropellament,2,2,2,5,-1,2,1,17.3,1,3,1,20,8
3888,2013,1,2013-05-22,SE,MANRESA,Bages,3,0,1,0,2,1,0,0,0,1,0,0,0,100.0,0.0,0,2,No n'hi ha,-1.0,3,3,1,0,0,0,0,0,0,0,0,0,0,1,4,2,1,Atropellament,1,2,2,5,-1,2,1,18.45,1,3,2,22,5
3889,2013,0,2013-10-27,BV-5001,MONTCADA I REIXAC,Valles Occidental,3,0,1,0,1,0,0,0,1,0,0,0,0,100.0,0.0,0,3,No n'hi ha,-1.0,3,3,1,0,0,0,0,0,0,0,1,0,0,0,3,-1,1,Caiguda en la via,-1,1,2,4,3,2,0,2.26,2,0,6,27,10
3890,2013,0,2013-11-12,BP-2151,SANT SADURNI D'ANOIA,Alt Penedes,3,0,1,0,2,1,0,0,0,1,0,0,0,100.0,0.0,0,2,No n'hi ha,-1.0,3,3,1,0,0,0,0,0,1,0,0,0,0,1,4,2,1,Atropellament,0,1,2,4,0,2,1,8.4,0,3,1,12,11
3891,2013,0,2013-08-26,AP-2,"PLA DE SANTA MARIA, EL",Alt Camp,0,0,1,6,2,0,0,0,0,1,1,0,0,100.0,0.0,0,2,No n'hi ha,-1.0,3,3,1,0,0,0,0,0,0,0,0,0,0,0,3,-1,1,Fregament o col·lisió lateral,-1,1,2,2,1,2,1,4.29,2,2,0,26,8
3892,2013,0,2013-12-12,BV-2202,SANT MARTI DE TOUS,Anoia,3,1,0,1,3,0,0,0,1,2,0,0,0,100.0,0.0,1,2,No n'hi ha,-1.0,3,3,0,1,0,0,0,0,0,0,0,0,0,0,2,-1,1,Col·lisió frontal,-1,1,2,4,3,2,1,8.02,0,2,3,12,12
3893,2013,1,2013-01-24,SE,GIRONA,Girones,1,0,1,0,2,1,0,0,0,1,0,0,0,100.0,0.0,0,2,No n'hi ha,-1.0,1,3,1,0,0,0,0,0,0,0,0,0,0,0,2,-1,1,Atropellament,-1,2,2,5,-1,2,1,8.53,0,3,3,24,1