,Year,Area,Date,Road,Municipality Name,County Name,Province Name,Fatalties,Serious Injuries,Light Injuries,Units Involved,Pedestrains Involved,Bicycles Involved,Mopeds Involved,Motorcycles,Light Vehicles Involved,Heavy Vehicles Involved,Other Units Involved,Unspecified Units Involved,Road Speed Limit,Accident with Hit and Run,Fog Presence,Surrounding Environment,Special Lane Presence,Special Traffic Measures,Weather Conditions,Special Road Functions,Severity of Accident,Influence of Fog,Influence of Environment,Influence of Traffic,Influence of Weather,Influence of Wind Intensity,Influence of Lighting,Influence of Special Measures,Influence of Road Objects,Influence of Road Surface,Influence of Visibility,Intersection Characteristics,Lighting Conditions,Traffic Regulation and Priority,Direction of Road,Subtype of Accident,Subtype of Road Section,Subzone within Area,Road Surface Conditions,Type of Road,Road Ownership,Wind Conditions,Day of the Week Grouping,Hour of Day,Time of Day Grouping,Type of Accident,Day Type,Day,Month
3980,2013,0,2013-10-12,TP-2125,SANTA OLIVA,Baix Penedes,0,0,1,0,2,0,0,1,0,0,0,1,0,90.0,0.0,0,-1,Sense Especificar,-1.0,3,3,1,0,0,0,0,0,0,0,0,0,0,0,4,-1,-1,Altres,-1,1,2,4,4,2,0,9.05,0,5,5,12,10
3981,2013,1,2013-07-25,SE,LLICA D'AMUNT,Valles Oriental,3,0,1,0,2,0,0,1,0,1,0,0,0,100.0,0.0,0,2,No n'hi ha,-1.0,3,3,1,0,0,0,0,0,0,0,0,0,0,1,4,4,1,Col·lisió frontal,1,2,2,5,0,2,1,18.28,1,2,3,25,7
3982,2013,1,2013-09-07,SE,LLORET DE MAR,Selva,1,0,1,0,2,0,0,1,0,1,0,0,0,40.0,0.0,0,2,No n'hi ha,-1.0,2,1,1,0,0,0,1,0,0,0,0,0,1,0,2,-1,1,Encalç,-1,2,2,5,-1,1,0,17.15,1,2,5,7,9
3983,2013,1,2013-09-09,SE,VILASSAR DE MAR,Maresme,3,0,1,0,2,0,0,0,1,1,0,0,0,100.0,0.0,0,2,No n'hi ha,-1.0,3,3,1,0,0,0,0,0,0,0,0,0,0,2,4,4,0,Envestida (frontal lateral),2,2,2,5,-1,2,1,14.1,1,2,0,9,9
3984,2013,1,2013-01-10,C-245,VILADECANS,Baix Llobregat,3,0,1,0,2,0,0,0,1,1,0,0,0,90.0,0.0,0,2,No n'hi ha,-1.0,3,3,1,-1,0,0,0,-1,0,0,0,0,-1,1,4,3,1,Encalç,2,0,2,4,-1,2,1,7.5,0,2,3,10,1
3985,2013,1,2013-07-25,SE,BARCELONA,Barcelones,3,0,1,1,2,1,0,0,1,0,0,0,0,100.0,0.0,0,-1,No n'hi ha,-1.0,3,3,1,0,0,0,0,0,0,0,0,0,0,1,4,3,0,Atropellament,2,2,2,5,-1,2,1,15.2,1,3,3,25,7
3986,2013,1,2013-07-27,SE,BARCELONA,Barcelones,3,0,1,0,2,0,0,0,0,1,1,0,0,100.0,0.0,0,-1,No n'hi ha,-1.0,3,3,1,0,0,0,0,0,0,0,0,0,0,0,4,-1,1,Encalç,-1,2,2,5,-1,2,0,8.36,0,2,5,27,7
3987,2013,0,2013-12-13,C-12,ASCO,Ribera d'Ebre,0,1,1,0,2,0,0,0,0,1,1,0,0,100.0,0.0,0,2,No n'hi ha,-1.0,3,3,0,0,0,0,0,0,0,0,0,0,0,0,3,-1,1,Col·lisió frontal,-1,1,2,4,2,2,0,19.1,1,2,4,13,12
3988,2013,1,2013-10-17,SE,BARCELONA,Barcelones,3,0,1,0,2,0,1,0,0,1,0,0,0,100.0,0.0,0,-1,Carril bici,-1.0,3,3,1,0,0,0,0,0,0,0,0,0,0,1,4,3,1,Envestida (frontal lateral),2,2,2,5,-1,2,1,14.55,1,2,3,17,10
3989,2013,0,2013-03-21,BV-2002,SANT BOI DE LLOBREGAT,Baix Llobregat,3,0,1,0,2,0,0,1,0,1,0,0,0,100.0,0.0,0,-1,No n'hi ha,-1.0,3,3,1,0,0,0,0,0,1,0,0,0,0,0,4,-1,-1,Encalç,-1,1,2,4,-1,2,1,7.5,0,2,3,21,3
3990,2013,1,2013-03-29,SE,LLORET DE MAR,Selva,1,0,1,0,3,0,0,0,1,2,0,0,0,100.0,0.0,0,2,No n'hi ha,-1.0,3,3,1,0,0,0,0,0,0,0,0,0,0,1,1,4,0,Envestida (frontal lateral),2,2,2,5,-1,2,1,6.48,0,2,4,29,3
3991,2013,1,2013-06-13,SE,BADALONA,Barcelones,3,0,1,0,2,1,0,0,0,1,0,0,0,20.0,0.0,0,-1,No n'hi ha,-1.0,3,3,1,-1,0,0,0,-1,0,0,0,0,-1,1,4,5,0,Atropellament,2,2,2,5,-1,2,1,10.45,0,3,3,13,6
3992,2013,0,2013-01-08,B-10,SANT ADRIA DE BESOS,Barcelones,3,0,1,0,2,0,0,0,1,1,0,0,0,80.0,0.0,0,2,Carril acceleració,-1.0,3,0,1,0,0,0,0,0,0,0,0,0,0,1,4,4,0,Fregament o col·lisió lateral,3,1,2,4,2,2,1,17.21,1,2,1,8,1
3993,2013,1,2013-04-16,SE,BARCELONA,Barcelones,3,0,1,0,2,0,0,0,1,0,1,0,0,100.0,0.0,0,-1,No n'hi ha,-1.0,3,3,1,0,0,0,0,0,0,0,0,0,0,0,4,-1,1,Encalç,-1,2,2,5,-1,2,1,14.0,1,2,1,16,4
3994,2013,0,2013-08-30,BV-5301,SANT ESTEVE DE PALAU,Valles Oriental,3,0,1,0,2,0,0,0,0,1,1,0,0,100.0,0.0,0,1,No n'hi ha,-1.0,3,3,1,0,0,0,0,0,0,0,0,0,0,0,3,-1,1,Altres,-1,1,2,4,3,2,1,1.3,2,5,4,30,8
3995,2013,1,2013-02-02,SE,BARCELONA,Barcelones,3,0,2,0,3,2,0,0,0,1,0,0,0,100.0,0.0,0,-1,No n'hi ha,-1.0,3,3,1,0,0,0,0,0,0,0,0,0,0,1,4,3,0,Atropellament,2,2,2,5,-1,2,0,17.5,1,3,5,2,2
3996,2013,1,2013-09-11,SE,VILAFRANCA DEL PENEDES,Alt Penedes,3,0,1,0,2,1,0,0,0,1,0,0,0,20.0,0.0,0,2,No n'hi ha,-1.0,3,3,1,0,0,0,0,0,0,0,0,0,0,1,4,2,0,Atropellament,1,2,2,5,-1,2,1,19.02,1,3,2,11,9
3997,2013,0,2013-11-21,C-35,LLINARS DEL VALLES,Valles Oriental,3,0,1,0,1,0,1,0,0,0,0,0,0,90.0,0.0,0,-1,Sense Especificar,-1.0,3,3,1,0,0,0,0,0,0,0,0,0,0,0,4,-1,-1,Altres,-1,1,2,4,4,2,1,16.08,1,5,3,21,11
3998,2013,1,2013-05-25,SE,BARCELONA,Barcelones,3,0,2,2,5,4,0,0,0,1,0,0,0,100.0,0.0,0,-1,No n'hi ha,-1.0,3,3,1,0,0,0,0,0,0,0,0,0,0,1,4,5,0,Atropellament,2,2,2,5,-1,2,0,15.1,1,3,5,25,5
3999,2013,0,2013-07-25,B-40,TERRASSA,Valles Occidental,3,0,1,0,2,1,0,0,0,1,0,0,0,100.0,0.0,0,-1,No n'hi ha,-1.0,3,3,1,0,0,0,0,0,0,0,0,0,0,0,4,-1,-1,Atropellament,-1,1,2,1,-1,2,1,18.0,1,3,3,25,7
4000,2013,0,2013-10-03,C-14,FIGOLS I ALINYA,Alt Urgell,2,0,1,0,1,0,0,0,0,1,0,0,0,70.0,0.0,0,1,No n'hi ha,-1.0,1,3,1,0,0,0,0,0,0,0,0,0,0,0,3,-1,1,Sortida de via amb bolcada,-1,1,2,4,3,2,1,22.5,2,1,3,3,10
4001,2013,1,2013-05-31,SE,BARCELONA,Barcelones,3,0,1,0,2,0,0,0,1,1,0,0,0,100.0,0.0,0,-1,No n'hi ha,-1.0,3,3,1,0,0,0,0,0,0,0,0,0,0,1,4,3,1,Col·lisió frontal,2,2,2,5,-1,2,0,15.35,1,2,4,31,5
4002,2013,1,2013-10-15,SE,REUS,Baix Camp,0,0,1,0,1,0,0,0,1,0,0,0,0,100.0,0.0,0,-1,No n'hi ha,-1.0,3,3,1,0,0,0,0,0,0,0,0,0,0,0,4,-1,-1,Xoc contra objecte/obstacle sense sortida prèvia de via,-1,2,2,5,-1,2,1,22.46,2,4,1,15,10
4003,2013,0,2013-09-29,A-2,ALCARRAS,Segria,2,0,1,0,2,0,0,0,0,1,1,0,0,100.0,0.0,0,2,No n'hi ha,-1.0,3,3,1,0,0,0,0,0,0,0,0,0,0,0,0,-1,1,Encalç,-1,1,2,1,1,2,0,22.4,2,2,6,29,9
4004,2013,0,2013-08-30,C-14,ALCOVER,Alt Camp,0,0,2,7,7,0,0,0,0,6,1,0,0,100.0,0.0,0,2,No n'hi ha,3.0,3,3,1,0,0,0,0,0,0,0,0,0,0,0,4,-1,1,Encalç,-1,1,2,4,2,2,1,13.3,0,2,4,30,8
4005,2013,0,2013-10-14,C-17,TONA,Osona,3,0,1,0,2,0,0,1,0,0,1,0,0,100.0,0.0,0,1,Altres,-1.0,3,3,1,0,1,0,0,0,0,0,0,0,0,0,4,-1,1,Col·lisió frontal,-1,1,2,1,2,2,1,18.34,1,2,0,14,10
4006,2013,1,2013-04-26,SE,TARRAGONA,Tarragones,0,0,1,0,2,1,0,0,0,1,0,0,0,100.0,0.0,0,2,No n'hi ha,-1.0,3,3,1,0,1,0,0,0,0,0,0,0,0,0,4,-1,1,Atropellament,-1,2,2,5,-1,2,1,14.15,1,3,4,26,4
4007,2013,1,2013-02-21,SE,SANT JOAN DESPI,Baix Llobregat,3,0,1,0,2,1,0,0,0,1,0,0,0,100.0,0.0,0,2,No n'hi ha,-1.0,3,3,1,0,0,0,0,0,0,0,0,0,0,2,4,2,0,Atropellament,2,2,2,5,-1,2,1,15.15,1,3,3,21,2
4008,2013,1,2013-04-04,SE,ROSES,Alt Emporda,1,0,1,0,2,1,0,0,0,1,0,0,0,20.0,0.0,0,-1,No n'hi ha,-1.0,1,3,1,-1,0,0,0,-1,0,0,0,0,0,0,4,-1,0,Atropellament,-1,2,0,5,-1,2,1,8.59,0,3,3,4,4
4009,2013,0,2013-03-22,C-35,SANT CELONI,Valles Oriental,3,0,1,0,2,0,1,0,0,0,1,0,0,100.0,0.0,0,2,No n'hi ha,-1.0,3,3,1,0,0,0,0,0,0,0,0,0,0,1,4,4,1,Fregament o col·lisió lateral,1,1,2,4,3,2,1,10.0,0,2,4,22,3
4010,2013,0,2013-06-29,GI-550,SANT HILARI SACALM,Selva,1,0,1,0,1,0,0,0,1,0,0,0,0,100.0,0.0,0,3,No n'hi ha,-1.0,3,3,1,0,0,0,0,0,0,0,0,0,0,0,4,-1,1,Resta sortides de via,-1,1,2,4,2,2,0,10.53,0,1,5,29,6
4011,2013,0,2013-09-01,B-400,VALLCEBRE,Bergueda,3,0,1,0,1,0,0,0,1,0,0,0,0,90.0,0.0,0,-1,Sense Especificar,-1.0,3,3,1,0,0,0,0,0,0,0,0,0,0,0,4,-1,-1,Altres,-1,1,2,4,4,2,0,11.38,0,5,6,1,9
4012,2013,1,2013-06-14,SE,BARCELONA,Barcelones,3,0,3,0,2,0,1,0,0,0,1,0,0,100.0,0.0,0,-1,Carril bus,-1.0,3,3,1,0,0,0,0,0,0,0,0,0,0,1,4,3,1,Envestida (frontal lateral),2,2,2,5,-1,2,0,17.1,1,2,4,14,6
4013,2013,0,2013-10-28,C-251,CARDEDEU,Valles Oriental,3,0,1,0,2,0,0,0,1,1,0,0,0,100.0,0.0,0,2,No n'hi ha,-1.0,3,3,1,0,0,0,0,0,0,0,0,0,0,1,0,5,1,Fregament o col·lisió lateral,1,1,2,4,2,2,1,19.23,1,2,0,28,10
4014,2013,0,2013-11-01,L-800,ALCARRAS,Segria,2,0,2,0,1,0,0,0,0,1,0,0,0,100.0,0.0,0,3,No n'hi ha,-1.0,3,3,1,0,0,0,0,0,0,0,0,0,0,0,4,-1,1,Resta sortides de via,-1,1,2,4,0,2,1,14.58,1,1,4,1,11
4015,2013,0,2013-12-16,BV-1432,LLICA D'AMUNT,Valles Oriental,3,0,1,0,2,1,0,0,0,0,1,0,0,70.0,0.0,0,2,No n'hi ha,-1.0,3,3,1,0,0,0,0,0,0,0,0,0,0,0,3,-1,1,Atropellament,-1,1,2,4,3,2,1,18.12,1,3,0,16,12
4016,2013,0,2013-11-04,C-16,SANT CUGAT DEL VALLES,Valles Occidental,3,0,2,1,2,0,0,0,0,2,0,0,0,110.0,0.0,0,2,No n'hi ha,-1.0,3,3,1,0,0,0,0,0,0,0,0,0,0,0,4,-1,1,Sortida de via amb xoc o col·lisió,-1,1,2,2,2,1,1,17.18,1,1,0,4,11
4017,2013,0,2013-07-26,TV-7211,CONSTANTI,Tarragones,0,0,1,3,4,0,0,0,1,3,0,0,0,100.0,0.0,0,1,No n'hi ha,-1.0,3,3,1,0,0,0,0,0,0,0,0,0,0,0,4,-1,1,Fregament o col·lisió lateral,-1,1,2,4,2,2,1,8.16,0,2,4,26,7
4018,2013,1,2013-10-01,SE,VALLGORGUINA,Valles Oriental,3,0,1,0,2,0,1,0,0,1,0,0,0,100.0,0.0,0,3,No n'hi ha,-1.0,3,3,1,0,0,0,0,0,0,0,0,0,0,1,4,4,1,Envestida (frontal lateral),1,2,2,5,-1,2,1,18.07,1,2,1,1,10
4019,2013,0,2013-06-24,C-31,GAVA,Baix Llobregat,3,0,1,1,3,0,0,0,1,2,0,0,0,50.0,0.0,0,2,No n'hi ha,-1.0,3,3,1,0,0,0,0,0,0,0,0,0,0,0,4,-1,1,Fregament o col·lisió lateral,-1,1,2,1,2,2,1,6.2,0,2,0,24,6
4020,2013,0,2013-10-18,B-510,DOSRIUS,Maresme,3,0,1,0,2,0,0,1,0,1,0,0,0,80.0,0.0,0,2,No n'hi ha,-1.0,3,3,1,0,0,0,0,0,0,0,0,0,0,0,4,-1,1,Fregament o col·lisió lateral,-1,1,2,4,4,2,0,18.0,1,2,4,18,10
4021,2013,0,2013-06-24,C-59,SANTA PERPETUA DE MO,Valles Occidental,3,0,1,0,1,0,0,0,0,1,0,0,0,100.0,0.0,0,2,No n'hi ha,-1.0,3,3,1,0,0,0,0,0,0,0,0,0,0,0,4,-1,1,Resta sortides de via,-1,1,2,4,2,2,1,8.05,0,1,0,24,6
4022,2013,1,2013-03-09,SE,CASTELLDEFELS,Baix Llobregat,3,0,1,0,1,0,0,0,1,0,0,0,0,100.0,0.0,0,2,No n'hi ha,-1.0,3,3,1,0,0,0,0,0,0,0,0,0,0,2,4,5,1,Xoc contra objecte/obstacle sense sortida prèvia de via,2,2,2,5,-1,2,0,17.45,1,4,5,9,3
4023,2013,1,2013-03-28,SE,LLEIDA,Segria,2,0,1,0,2,1,0,0,0,1,0,0,0,20.0,0.0,0,2,No n'hi ha,-1.0,3,3,1,-1,0,0,0,-1,0,0,0,0,-1,0,4,-1,0,Atropellament,-1,2,2,5,-1,2,1,10.15,0,3,3,28,3
4024,2013,0,2013-03-24,B-24,CERVELLO,Baix Llobregat,3,0,1,1,1,0,0,0,1,0,0,0,0,80.0,0.0,0,3,No n'hi ha,-1.0,3,3,1,0,0,0,0,0,0,0,0,0,0,0,3,-1,1,Xoc contra objecte/obstacle sense sortida prèvia de via,-1,1,2,1,1,2,0,6.33,0,4,6,24,3
4025,2013,1,2013-09-03,SE,GIRONA,Girones,1,0,1,0,2,0,0,1,0,1,0,0,0,100.0,0.0,0,2,No n'hi ha,-1.0,3,3,1,0,0,0,0,0,0,0,0,0,0,1,4,5,1,Encalç,0,2,2,5,0,2,1,19.18,1,2,1,3,9
4026,2013,1,2013-11-11,SE,HOSPITALET DE LLOBREGAT,Barcelones,3,0,1,2,3,2,1,0,0,0,0,0,0,20.0,0.0,0,-1,No n'hi ha,-1.0,3,3,1,-1,0,0,0,-1,0,0,0,0,0,1,1,2,0,Atropellament,2,2,2,5,-1,2,1,19.19,1,3,0,11,11
4027,2013,0,2013-09-25,A-2,SANTA COLOMA DE CERV,Baix Llobregat,3,0,1,0,2,0,0,0,0,2,0,0,0,100.0,0.0,0,0,No n'hi ha,-1.0,3,3,1,0,0,0,0,0,0,0,0,0,0,0,4,-1,1,Encalç,-1,1,2,1,1,2,1,13.37,0,2,2,25,9
4028,2013,1,2013-06-30,SE,BARCELONA,Barcelones,3,0,1,0,2,1,0,0,0,0,1,0,0,100.0,0.0,0,-1,Carril bus,-1.0,3,3,1,0,0,0,0,0,0,0,0,0,0,0,4,-1,1,Atropellament,-1,2,2,5,-1,2,0,19.05,1,3,6,30,6
4029,2013,1,2013-02-07,SE,BARCELONA,Barcelones,3,0,1,1,2,0,0,0,2,0,0,0,0,100.0,0.0,0,-1,No n'hi ha,-1.0,3,3,1,0,0,0,0,0,0,0,0,0,0,1,4,3,1,Envestida (frontal lateral),2,2,2,5,-1,2,1,15.0,1,2,3,7,2
4030,2013,0,2013-11-05,BP-1417,SANT CUGAT DEL VALLES,Valles Occidental,3,0,1,0,2,0,0,0,1,1,0,0,0,30.0,0.0,0,3,No n'hi ha,-1.0,3,3,1,0,0,0,0,0,0,0,0,0,0,1,4,4,1,Fregament o col·lisió lateral,2,1,2,4,3,2,1,14.0,1,2,1,5,11
4031,2013,0,2013-08-08,A-2,LLEIDA,Segria,2,0,2,0,2,0,0,0,0,2,0,0,0,100.0,1.0,0,2,Carril acceleració,-1.0,3,3,1,0,0,0,0,0,0,0,0,0,0,1,4,4,0,Resta sortides de via,3,1,2,1,1,2,1,11.55,0,1,3,8,8
4032,2013,1,2013-10-22,SE,SABADELL,Valles Occidental,3,0,1,0,2,1,0,0,0,1,0,0,0,100.0,0.0,0,-1,No n'hi ha,-1.0,3,3,1,0,0,0,0,0,0,0,0,0,0,0,4,-1,-1,Atropellament,-1,2,2,5,-1,2,1,10.56,0,3,1,22,10
4033,2013,0,2013-11-30,BV-1031,ODENA,Anoia,3,0,1,0,1,0,0,0,1,0,0,0,0,90.0,0.0,0,-1,Sense Especificar,-1.0,3,3,1,0,0,0,0,0,0,0,0,0,0,0,4,-1,-1,Altres,-1,1,2,4,4,2,0,12.5,0,5,5,30,11
4034,2013,0,2013-12-12,C-1412b,ISONA I CONCA DELLA,Pallars Jussa,2,0,1,0,2,0,0,0,0,1,1,0,0,100.0,0.0,0,1,No n'hi ha,-1.0,3,3,1,0,0,0,0,0,0,0,0,0,0,0,4,-1,1,Fregament o col·lisió lateral,-1,1,2,4,2,2,1,10.56,0,2,3,12,12
4035,2013,0,2013-10-08,A-7,TARRAGONA,Tarragones,0,1,0,0,2,1,0,0,0,1,0,0,0,100.0,0.0,0,2,No n'hi ha,-1.0,3,3,0,0,0,0,0,0,0,0,0,0,0,0,5,-1,1,Atropellament,-1,1,2,1,1,2,1,1.14,2,3,1,8,10
4036,2013,1,2013-09-30,SE,GIRONA,Girones,1,0,1,1,2,1,0,0,0,1,0,0,0,30.0,0.0,0,2,No n'hi ha,-1.0,3,3,1,0,0,0,0,0,0,0,0,0,0,0,4,-1,1,Atropellament,-1,2,2,5,-1,2,1,12.48,0,3,0,30,9
4037,2013,1,2013-10-08,SE,BARCELONA,Barcelones,3,0,1,1,2,0,0,1,1,0,0,0,0,100.0,0.0,0,-1,No n'hi ha,-1.0,3,3,1,0,0,0,0,0,0,0,0,0,0,1,4,2,0,Fregament o col·lisió lateral,2,2,2,5,-1,2,1,14.4,1,2,1,8,10
4038,2013,1,2013-09-29,SE,BARCELONA,Barcelones,3,0,1,2,2,0,0,0,2,0,0,0,0,100.0,0.0,0,-1,No n'hi ha,-1.0,3,3,1,0,0,0,0,0,0,0,0,0,0,1,5,3,1,Col·lisió frontal,2,2,2,5,-1,2,0,4.55,2,2,6,29,9
4039,2013,1,2013-10-13,SE,BARCELONA,Barcelones,3,0,1,0,3,0,0,0,1,2,0,0,0,100.0,0.0,0,-1,No n'hi ha,-1.0,3,3,1,0,0,0,0,0,0,0,0,0,0,1,5,3,0,Envestida (frontal lateral),2,2,2,5,-1,2,0,3.51,2,2,6,13,10
4040,2013,0,2013-05-22,C-58,SANT QUIRZE DEL VALLES,Valles Occidental,3,0,1,0,2,0,0,0,1,0,1,0,0,80.0,0.0,0,2,No n'hi ha,-1.0,3,3,1,0,0,0,0,0,0,0,0,0,0,2,4,4,1,Resta sortides de via,3,1,2,1,2,2,1,7.17,0,1,2,22,5
4041,2013,1,2013-07-02,SE,SANT FELIU DE LLOBREGAT,Baix Llobregat,3,1,0,0,2,0,0,0,1,1,0,0,0,20.0,0.0,0,-1,No n'hi ha,-1.0,3,3,0,0,-1,0,0,0,0,0,0,0,0,1,4,2,-1,Envestida (frontal lateral),1,2,2,5,-1,2,1,6.2,0,2,1,2,7
4042,2013,0,2013-08-03,AP-7,SANT CELONI,Valles Oriental,3,1,0,1,3,0,0,0,0,2,1,0,0,100.0,0.0,0,2,No n'hi ha,-1.0,3,3,0,0,0,0,0,0,0,0,0,0,0,0,3,-1,1,Encalç,-1,1,2,2,1,2,0,6.13,0,2,5,3,8
4043,2013,1,2013-01-07,SE,BARCELONA,Barcelones,3,0,1,0,2,0,0,0,1,1,0,0,0,100.0,0.0,0,-1,No n'hi ha,-1.0,3,3,1,0,0,0,0,0,0,0,0,0,0,1,5,2,1,Envestida (frontal lateral),0,2,2,5,-1,2,1,19.5,1,2,0,7,1
4044,2013,1,2013-06-05,SE,VIC,Osona,3,0,1,0,2,1,0,0,0,1,0,0,0,100.0,0.0,0,2,No n'hi ha,-1.0,3,3,1,0,0,0,0,0,0,0,0,0,0,0,5,-1,1,Atropellament,-1,2,2,5,-1,2,1,22.15,2,3,2,5,6
4045,2013,1,2013-11-13,SE,REUS,Baix Camp,0,0,1,0,2,1,0,0,0,1,0,0,0,100.0,0.0,0,-1,No n'hi ha,-1.0,3,3,1,0,0,0,0,0,0,0,0,0,0,0,4,-1,-1,Atropellament,-1,2,2,5,-1,2,1,15.5,1,3,2,13,11
4046,2013,1,2013-03-27,SE,BARCELONA,Barcelones,3,0,1,1,2,1,0,0,1,0,0,0,0,100.0,0.0,0,-1,No n'hi ha,-1.0,3,3,1,0,0,0,0,0,0,0,0,0,0,1,4,3,0,Atropellament,1,2,2,5,-1,2,1,11.25,0,3,2,27,3
4047,2013,0,2013-11-07,N-230,ROSSELLO,Segria,2,0,1,0,2,1,0,0,0,1,0,0,0,70.0,0.0,0,2,No n'hi ha,-1.0,3,3,1,0,0,0,0,0,0,0,0,0,0,0,5,-1,1,Atropellament,-1,1,2,4,1,2,1,18.34,1,3,3,7,11
4048,2013,1,2013-11-19,SE,TERRASSA,Valles Occidental,3,0,1,0,2,1,0,0,0,1,0,0,0,100.0,0.0,0,-1,No n'hi ha,-1.0,3,3,1,0,0,0,0,0,0,0,0,0,0,0,4,-1,-1,Atropellament,-1,2,2,5,-1,2,1,12.3,0,3,1,19,11
4049,2013,0,2013-11-30,BP-4313,SANTA MARIA D'OLO,Moianès,3,0,1,0,2,0,0,0,0,1,0,1,0,90.0,0.0,0,-1,Sense Especificar,-1.0,3,3,1,0,0,0,0,0,0,0,0,0,0,0,4,-1,-1,Envestida (frontal lateral),-1,1,2,4,4,2,0,13.25,0,2,5,30,11
4050,2013,1,2013-11-04,SE,GAVA,Baix Llobregat,3,0,1,0,3,0,0,0,1,2,0,0,0,20.0,0.0,0,2,No n'hi ha,-1.0,3,3,1,-1,0,0,0,-1,0,0,0,0,-1,1,4,4,0,Fregament o col·lisió lateral,1,2,2,5,-1,2,1,9.5,0,2,0,4,11
4051,2013,0,2013-11-24,C-58,TERRASSA,Valles Occidental,3,0,1,0,2,0,0,0,0,2,0,0,0,100.0,0.0,0,3,No n'hi ha,-1.0,3,3,1,0,0,0,0,0,0,0,1,0,0,0,0,-1,1,Resta sortides de via,-1,1,2,1,2,2,0,3.5,2,1,6,24,11
4052,2013,0,2013-10-31,BV-5301,SANTA MARIA DE PALAU,Valles Oriental,3,0,1,0,2,0,1,0,0,1,0,0,0,100.0,0.0,0,2,No n'hi ha,-1.0,3,3,1,0,0,0,0,0,0,0,0,0,0,0,4,-1,1,Fregament o col·lisió lateral,-1,1,2,4,2,2,1,16.0,1,2,3,31,10
4053,2013,1,2013-11-02,SE,MANRESA,Bages,3,0,1,0,2,1,0,0,0,1,0,0,0,100.0,0.0,0,2,No n'hi ha,-1.0,3,3,1,0,0,0,0,0,0,0,0,0,0,1,5,2,0,Atropellament,1,2,2,5,-1,2,0,23.2,2,3,5,2,11
4054,2013,0,2013-02-19,C-14,PREIXENS,Noguera,2,1,0,2,2,0,0,0,0,1,1,0,0,100.0,0.0,0,2,No n'hi ha,-1.0,3,3,0,0,0,0,0,0,0,0,0,0,0,0,4,-1,1,Envestida (frontal lateral),-1,1,2,4,2,2,1,9.47,0,2,1,19,2
4055,2013,0,2013-04-06,LL-11,"ALAMUS, ELS",Segria,2,0,1,0,1,0,0,0,1,0,0,0,0,120.0,0.0,0,-1,No n'hi ha,-1.0,3,3,1,-1,-1,0,0,-1,0,0,0,0,-1,0,4,-1,1,Caiguda en la via,-1,1,2,1,-1,2,0,12.55,0,0,5,6,4
4056,2013,0,2013-03-05,N-230,VIELHA E MIJARAN,Val d'Aran,2,0,1,0,2,0,0,0,0,2,0,0,0,90.0,0.0,0,-1,Sense Especificar,-1.0,3,3,1,0,0,0,0,0,0,0,0,0,0,0,4,-1,-1,Altres,-1,1,2,4,4,2,1,11.39,0,5,1,5,3
4057,2013,0,2013-05-21,GI-641,TORROELLA DE MONTGRI,Baix Emporda,1,1,0,0,2,1,0,0,0,1,0,0,0,50.0,0.0,0,2,No n'hi ha,-1.0,3,3,0,0,0,0,0,0,0,0,0,0,0,0,4,-1,1,Atropellament,-1,1,2,4,0,2,1,13.06,0,3,1,21,5
4058,2013,0,2013-07-06,N-340,CREIXELL,Tarragones,0,0,1,0,2,0,0,1,0,1,0,0,0,80.0,0.0,0,2,Carril d'alentiment,-1.0,3,3,1,0,0,0,0,0,0,0,0,0,0,1,4,5,1,Fregament o col·lisió lateral,3,1,2,4,1,2,0,9.58,0,2,5,6,7
4059,2013,1,2013-09-15,SE,SABADELL,Valles Occidental,3,0,1,1,2,0,0,0,1,1,0,0,0,100.0,0.0,0,-1,No n'hi ha,-1.0,3,3,1,0,0,0,0,0,0,0,0,0,0,0,4,-1,-1,Altres,-1,2,2,5,-1,2,0,1.05,2,5,6,15,9
4060,2013,1,2013-04-19,SE,BARCELONA,Barcelones,3,0,1,0,2,1,1,0,0,0,0,0,0,100.0,1.0,0,-1,No n'hi ha,-1.0,3,3,1,0,0,0,0,0,0,0,0,0,0,1,4,4,0,Atropellament,2,2,2,5,-1,2,1,11.3,0,3,4,19,4
4061,2013,1,2013-03-20,SE,BARCELONA,Barcelones,3,0,1,0,1,0,0,1,0,0,0,0,0,30.0,0.0,0,-1,No n'hi ha,-1.0,3,3,1,0,0,0,0,0,0,0,0,0,0,0,5,-1,0,Xoc contra objecte/obstacle sense sortida prèvia de via,-1,2,2,5,-1,2,1,20.45,1,4,2,20,3
4062,2013,0,2013-05-14,N-II,PREMIA DE MAR,Maresme,3,0,1,1,2,1,0,1,0,0,0,0,0,100.0,0.0,0,2,No n'hi ha,-1.0,3,3,1,0,0,0,0,0,0,0,0,0,0,0,4,-1,1,Atropellament,-1,1,2,4,1,2,1,8.45,0,3,1,14,5
4063,2013,0,2013-05-15,N-150,MONTCADA I REIXAC,Valles Occidental,3,0,1,1,2,1,0,0,0,1,0,0,0,100.0,0.0,0,2,No n'hi ha,-1.0,2,3,1,0,0,0,1,0,1,0,0,0,0,0,0,-1,1,Atropellament,-1,1,2,4,1,0,1,22.1,2,3,2,15,5