,Year,Area,Date,Road,Municipality Name,County Name,Province Name,Fatalties,Serious Injuries,Light Injuries,Units Involved,Pedestrains Involved,Bicycles Involved,Mopeds Involved,Motorcycles,Light Vehicles Involved,Heavy Vehicles Involved,Other Units Involved,Unspecified Units Involved,Road Speed Limit,Accident with Hit and Run,Fog Presence,Surrounding Environment,Special Lane Presence,Special Traffic Measures,Weather Conditions,Special Road Functions,Severity of Accident,Influence of Fog,Influence of Environment,Influence of Traffic,Influence of Weather,Influence of Wind Intensity,Influence of Lighting,Influence of Special Measures,Influence of Road Objects,Influence of Road Surface,Influence of Visibility,Intersection Characteristics,Lighting Conditions,Traffic Regulation and Priority,Direction of Road,Subtype of Accident,Subtype of Road Section,Subzone within Area,Road Surface Conditions,Type of Road,Road Ownership,Wind Conditions,Day of the Week Grouping,Hour of Day,Time of Day Grouping,Type of Accident,Day Type,Day,Month
4064,2013,1,2013-06-06,SE,"PRAT DE LLOBREGAT, E",Baix Llobregat,3,0,1,0,2,0,0,0,1,1,0,0,0,30.0,0.0,0,-1,No n'hi ha,-1.0,3,3,1,0,0,0,0,0,0,0,0,0,0,0,4,-1,-1,Col·lisió frontal,-1,2,2,5,-1,2,1,18.2,1,2,3,6,6
4065,2013,0,2013-10-16,C-31,"VENDRELL, EL",Baix Penedes,0,0,1,9,3,0,0,0,0,3,0,0,0,90.0,0.0,0,-1,Sense Especificar,-1.0,3,3,1,0,0,0,0,0,0,0,0,0,0,0,4,-1,-1,Col·lisió frontal,-1,1,2,4,4,2,1,19.54,1,2,2,16,10
4066,2013,1,2013-02-01,SE,BARCELONA,Barcelones,3,0,1,0,1,0,0,1,0,0,0,0,0,100.0,0.0,0,-1,No n'hi ha,-1.0,3,3,1,0,0,0,0,0,0,0,0,0,0,0,4,-1,1,Caiguda en la via,-1,2,2,5,-1,2,0,15.4,1,0,4,1,2
4067,2013,0,2013-11-28,C-13,RIALP,Pallars Sobira,2,0,1,0,2,1,0,0,0,1,0,0,0,50.0,0.0,0,2,No n'hi ha,-1.0,3,3,1,0,0,0,0,0,0,0,0,0,0,0,5,-1,1,Atropellament,-1,1,2,4,2,2,1,20.3,1,3,3,28,11
4068,2013,1,2013-12-03,SE,"LLAGOSTA, LA",Valles Oriental,3,0,1,0,2,0,0,1,0,1,0,0,0,40.0,0.0,0,2,No n'hi ha,-1.0,3,3,1,-1,0,0,0,-1,0,0,0,0,-1,1,4,5,1,Fregament o col·lisió lateral,3,2,2,5,-1,2,1,14.53,1,2,1,3,12
4069,2013,0,2013-09-03,C-241d,PIRA,Conca de Barbera,0,0,1,0,2,0,0,0,0,2,0,0,0,100.0,0.0,0,1,No n'hi ha,-1.0,3,3,1,0,1,0,0,0,0,0,0,0,0,0,4,-1,1,Sortida de via amb xoc o col·lisió,-1,1,2,4,2,2,1,19.1,1,1,1,3,9
4070,2013,1,2013-04-09,SE,"VENDRELL, EL",Baix Penedes,0,0,1,0,2,1,0,0,0,1,0,0,0,40.0,0.0,0,-1,No n'hi ha,-1.0,3,3,1,-1,0,0,0,-1,0,0,0,0,-1,0,4,-1,0,Atropellament,-1,2,2,5,-1,2,1,12.2,0,3,1,9,4
4071,2013,1,2013-05-05,SE,TERRASSA,Valles Occidental,3,0,1,0,2,0,0,0,0,2,0,0,0,100.0,0.0,0,-1,No n'hi ha,-1.0,3,3,1,0,0,0,0,0,0,0,0,0,0,0,4,-1,-1,Envestida (frontal lateral),-1,2,2,5,-1,2,0,13.55,0,2,6,5,5
4072,2013,1,2013-04-09,SE,MARTORELL,Baix Llobregat,3,0,1,1,2,0,1,0,0,1,0,0,0,20.0,0.0,0,2,No n'hi ha,-1.0,3,3,1,0,0,0,0,0,0,0,0,0,0,1,4,2,1,Envestida (frontal lateral),1,2,2,5,-1,2,1,12.5,0,2,1,9,4
4073,2013,1,2013-02-13,SE,TERRASSA,Valles Occidental,3,0,1,1,3,2,0,0,0,1,0,0,0,100.0,0.0,0,-1,No n'hi ha,-1.0,3,3,1,0,0,0,0,0,0,0,0,0,0,0,4,-1,-1,Atropellament,-1,2,2,5,-1,2,1,19.45,1,3,2,13,2
4074,2013,0,2013-04-13,LV-2032,TALAVERA,Segarra,2,0,1,1,3,2,0,0,0,1,0,0,0,100.0,0.0,0,2,No n'hi ha,-1.0,3,3,1,0,0,0,0,0,0,0,0,0,0,0,0,-1,1,Atropellament,-1,1,2,4,4,2,0,21.28,1,3,5,13,4
4075,2013,0,2013-05-12,B-433,ORISTA,Osona,3,0,1,0,2,0,0,0,2,0,0,0,0,100.0,0.0,0,1,No n'hi ha,-1.0,3,3,1,0,0,0,0,0,0,0,0,0,0,0,4,-1,1,Encalç,-1,1,2,4,3,2,0,14.46,1,2,6,12,5
4076,2013,1,2013-02-08,SE,BADALONA,Barcelones,3,0,1,0,2,1,0,0,0,1,0,0,0,30.0,0.0,0,-1,No n'hi ha,-1.0,3,3,1,-1,-1,0,0,-1,0,0,0,0,1,1,4,4,0,Atropellament,2,2,2,5,-1,2,1,12.4,0,3,4,8,2
4077,2013,1,2013-03-16,SE,BREDA,Selva,1,0,2,0,2,1,1,0,0,0,0,0,0,50.0,0.0,0,2,No n'hi ha,-1.0,3,1,1,0,0,0,0,0,0,0,0,0,0,0,4,-1,1,Atropellament,-1,2,2,5,4,2,0,13.26,0,3,5,16,3
4078,2013,1,2013-03-14,SE,GIRONA,Girones,1,0,1,0,2,0,1,0,0,1,0,0,0,100.0,0.0,0,2,No n'hi ha,-1.0,3,3,1,0,0,0,0,0,0,0,0,0,0,0,4,-1,1,Encalç,-1,2,2,5,-1,2,1,7.44,0,2,3,14,3
4079,2013,0,2013-01-08,AP-2,CASTELLDANS,Garrigues,2,1,9,3,21,0,0,0,0,17,4,0,0,100.0,0.0,1,2,No n'hi ha,-1.0,1,3,0,0,0,0,1,0,0,0,0,0,0,0,2,-1,1,Encalç,-1,1,2,2,1,2,1,9.57,0,2,1,8,1
4080,2013,0,2013-03-10,BV-5114,CAMPINS,Valles Oriental,3,0,1,0,1,0,0,0,1,0,0,0,0,100.0,0.0,0,1,No n'hi ha,-1.0,3,3,1,0,0,0,0,0,0,0,0,0,0,0,4,-1,1,Caiguda en la via,-1,1,2,4,3,2,0,10.05,0,0,6,10,3
4081,2013,1,2013-03-26,SE,HOSPITALET DE LLOBREGAT,Barcelones,3,0,1,0,2,0,0,1,0,1,0,0,0,20.0,0.0,0,-1,No n'hi ha,-1.0,3,3,1,-1,0,0,0,-1,0,0,0,0,-1,1,0,5,0,Fregament o col·lisió lateral,0,2,2,5,-1,2,1,20.35,1,2,1,26,3
4082,2013,1,2013-03-10,SE,SANT JOAN DE VILATOR,Bages,3,0,1,0,2,1,0,0,0,1,0,0,0,30.0,0.0,0,-1,No n'hi ha,-1.0,3,3,1,-1,0,0,0,-1,0,0,0,0,-1,1,4,2,0,Atropellament,2,2,2,5,-1,2,0,12.3,0,3,6,10,3
4083,2013,1,2013-07-12,SE,VIC,Osona,3,0,1,2,3,0,0,0,0,3,0,0,0,100.0,0.0,0,2,No n'hi ha,-1.0,3,3,1,0,0,0,0,0,0,0,0,0,0,1,4,4,0,Fregament o col·lisió lateral,2,2,2,5,-1,2,1,9.0,0,2,4,12,7
4084,2013,1,2013-07-02,SE,"VENDRELL, EL",Baix Penedes,0,0,1,1,2,0,0,0,1,1,0,0,0,40.0,0.0,0,-1,No n'hi ha,-1.0,3,3,1,-1,0,0,0,-1,0,0,0,0,-1,1,4,4,1,Envestida (frontal lateral),0,2,2,5,-1,2,1,17.27,1,2,1,2,7
4085,2013,1,2013-09-21,SE,SANT BOI DE LLOBREGAT,Baix Llobregat,3,0,1,0,1,0,0,0,1,0,0,0,0,20.0,,0,-1,No n'hi ha,-1.0,3,3,1,-1,-1,0,0,-1,0,0,0,0,-1,0,4,-1,1,Caiguda en la via,-1,2,2,5,-1,2,0,14.45,1,0,5,21,9
4086,2013,1,2013-09-10,SE,SANT CUGAT DEL VALLES,Valles Occidental,3,0,1,0,2,0,0,1,0,0,1,0,0,30.0,0.0,0,2,No n'hi ha,-1.0,3,3,1,0,0,0,0,0,0,0,0,0,0,1,4,3,1,Envestida (frontal lateral),2,2,2,5,0,2,1,13.44,0,2,1,10,9
4087,2013,1,2013-04-30,SE,BARCELONA,Barcelones,3,0,1,0,2,1,0,0,0,1,0,0,0,100.0,0.0,0,-1,Carril bus,-1.0,3,3,1,0,0,0,0,0,0,0,0,0,0,0,4,-1,1,Atropellament,-1,2,2,5,-1,2,1,11.0,0,3,1,30,4
4088,2013,1,2013-10-20,SE,VILAFRANCA DEL PENEDES,Alt Penedes,3,0,1,0,2,1,0,0,0,1,0,0,0,20.0,0.0,0,2,No n'hi ha,-1.0,3,3,1,-1,0,0,0,-1,0,0,0,0,0,1,4,2,1,Atropellament,1,2,2,5,-1,2,0,13.47,0,3,6,20,10
4089,2013,1,2013-12-30,SE,SABADELL,Valles Occidental,3,0,1,0,2,1,0,0,0,1,0,0,0,100.0,0.0,0,2,No n'hi ha,-1.0,3,3,1,0,0,0,0,0,0,0,0,0,0,2,0,3,1,Atropellament,2,2,2,5,-1,2,1,18.32,1,3,0,30,12
4090,2013,0,2013-05-25,N-230,ALGUAIRE,Segria,2,0,1,3,2,0,0,0,0,2,0,0,0,70.0,0.0,0,1,No n'hi ha,-1.0,3,3,1,0,1,0,0,0,0,0,0,0,0,0,4,-1,1,Envestida (frontal lateral),-1,1,2,4,1,2,0,6.5,0,2,5,25,5
4091,2013,0,2013-02-10,N-II,CAPMANY,Alt Emporda,1,0,1,0,1,0,0,0,0,1,0,0,0,80.0,0.0,0,1,Carril d'alentiment,-1.0,3,3,1,0,0,0,0,0,0,0,0,0,0,0,4,-1,1,Altres,-1,1,2,4,1,2,0,16.0,1,5,6,10,2
4092,2013,1,2013-05-31,SE,VILANOVA I LA GELTRU,Garraf,3,0,1,0,1,0,0,0,0,1,0,0,0,100.0,0.0,0,2,No n'hi ha,-1.0,3,1,1,0,0,0,0,0,0,0,0,0,0,2,4,4,1,Xoc contra objecte/obstacle sense sortida prèvia de via,0,2,2,5,-1,2,0,17.55,1,4,4,31,5
4093,2013,0,2013-03-21,C-31,CUBELLES,Garraf,3,0,1,0,2,0,1,0,0,1,0,0,0,50.0,0.0,0,2,No n'hi ha,-1.0,3,3,1,0,0,0,0,0,0,0,0,0,0,2,4,2,1,Envestida (frontal lateral),2,1,2,4,2,2,1,12.04,0,2,3,21,3
4094,2013,0,2013-04-12,LV-2101,VERDU,Urgell,2,0,1,0,1,0,0,1,0,0,0,0,0,100.0,0.0,0,2,No n'hi ha,-1.0,3,3,1,0,0,0,0,0,0,0,0,0,0,1,4,5,1,Caiguda en la via,1,1,2,4,3,2,0,19.09,1,0,4,12,4
4095,2013,0,2013-02-10,C-35,LLINARS DEL VALLES,Valles Oriental,3,0,1,0,3,0,0,0,0,3,0,0,0,90.0,0.0,0,3,No n'hi ha,-1.0,3,2,1,0,0,0,0,0,0,0,0,0,0,0,4,-1,1,Col·lisió frontal,-1,1,2,4,2,2,0,14.24,1,2,6,10,2
4096,2013,1,2013-05-24,SE,LLEIDA,Segria,2,0,1,0,2,1,0,0,0,1,0,0,0,100.0,0.0,0,-1,No n'hi ha,-1.0,3,3,1,0,0,0,0,0,0,0,0,0,0,0,4,-1,-1,Atropellament,-1,2,2,5,-1,2,0,19.3,1,3,4,24,5
4097,2013,0,2013-11-17,N-340,TARRAGONA,Tarragones,0,0,2,4,3,0,0,0,0,3,0,0,0,100.0,0.0,0,3,No n'hi ha,-1.0,2,3,1,0,0,0,1,0,0,0,0,0,0,0,3,-1,1,Encalç,-1,1,2,4,1,2,0,18.15,1,2,6,17,11
4098,2013,1,2013-11-29,SE,SANTA COLOMA DE GRAMANET,Barcelones,3,0,2,0,2,1,0,0,1,0,0,0,0,20.0,,0,2,No n'hi ha,-1.0,3,3,1,-1,0,0,0,-1,0,0,0,0,0,0,5,-1,0,Atropellament,-1,2,2,5,-1,2,0,19.05,1,3,4,29,11
4099,2013,0,2013-12-01,C-31,CALAFELL,Baix Penedes,0,1,0,0,2,1,0,0,0,1,0,0,0,70.0,0.0,0,3,Carril d'alentiment,-1.0,3,3,0,0,0,0,0,0,0,0,0,0,0,0,0,-1,1,Atropellament,-1,1,2,4,2,2,0,6.4,0,3,6,1,12
4100,2013,0,2013-07-25,B-122,RELLINARS,Valles Occidental,3,1,0,0,1,0,0,0,1,0,0,0,0,100.0,0.0,0,1,No n'hi ha,-1.0,3,3,0,0,0,0,0,0,0,0,0,0,0,0,1,-1,1,Caiguda en la via,-1,1,2,4,3,2,1,20.33,1,0,3,25,7
4101,2013,1,2013-10-18,SE,ARBECA,Garrigues,2,0,1,0,2,0,0,1,0,1,0,0,0,20.0,0.0,0,-1,Sense Especificar,-1.0,3,1,1,0,0,0,0,0,0,0,0,0,0,0,4,-1,-1,Fregament o col·lisió lateral,-1,2,2,5,-1,2,1,12.25,0,2,4,18,10
4102,2013,1,2013-08-20,SE,BARCELONA,Barcelones,3,0,1,0,2,0,0,0,1,1,0,0,0,30.0,0.0,0,-1,No n'hi ha,-1.0,3,3,1,0,0,0,0,0,0,0,0,0,0,1,1,4,0,Envestida (frontal lateral),2,2,2,5,-1,2,1,20.45,1,2,1,20,8
4103,2013,1,2013-09-20,SE,BARCELONA,Barcelones,3,0,1,0,2,0,0,0,1,1,0,0,0,100.0,0.0,0,-1,No n'hi ha,-1.0,3,3,1,0,0,0,0,0,0,0,0,0,1,1,4,3,1,Fregament o col·lisió lateral,2,2,2,5,-1,2,0,17.4,1,2,4,20,9
4104,2013,1,2013-07-21,C-14,ORGANYA,Alt Urgell,2,0,1,0,2,1,0,0,1,0,0,0,0,50.0,0.0,0,2,No n'hi ha,-1.0,3,1,1,0,0,0,0,0,0,0,0,0,0,0,4,-1,1,Atropellament,-1,2,2,4,2,2,0,9.36,0,3,6,21,7
4105,2013,1,2013-09-22,SE,SANT PERE PESCADOR,Alt Emporda,1,0,1,0,1,0,0,0,1,0,0,0,0,20.0,0.0,0,-1,Sense Especificar,-1.0,3,1,1,0,0,0,0,0,0,0,0,0,0,0,4,-1,-1,Altres,-1,2,2,5,-1,2,0,11.13,0,5,6,22,9
4106,2013,0,2013-11-16,C-55,CASTELLGALI,Bages,3,1,1,0,2,0,0,0,0,2,0,0,0,90.0,0.0,0,2,No n'hi ha,-1.0,1,3,0,0,0,0,0,0,1,0,0,0,0,0,3,-1,1,Col·lisió frontal,-1,1,2,4,2,2,0,7.02,0,2,5,16,11
4107,2013,1,2013-09-03,SE,BARCELONA,Barcelones,3,0,1,0,2,0,0,0,2,0,0,0,0,30.0,0.0,0,-1,No n'hi ha,-1.0,3,3,1,0,0,0,0,0,0,0,0,0,0,0,4,-1,1,Fregament o col·lisió lateral,-1,2,2,5,-1,2,1,8.3,0,2,1,3,9
4108,2013,1,2013-12-14,SE,BARCELONA,Barcelones,3,0,1,1,2,0,0,0,2,0,0,0,0,100.0,0.0,0,-1,No n'hi ha,-1.0,3,3,1,0,0,0,0,0,0,0,0,0,0,1,4,2,0,Fregament o col·lisió lateral,1,2,2,5,-1,2,0,13.45,0,2,5,14,12
4109,2013,0,2013-05-30,A-2,ABRERA,Baix Llobregat,3,0,1,0,2,1,0,0,0,1,0,0,0,50.0,0.0,0,2,No n'hi ha,-1.0,3,3,1,0,0,0,0,0,0,0,0,0,0,0,4,-1,0,Atropellament,-1,1,2,1,1,2,1,15.5,1,3,3,30,5
4110,2013,0,2013-02-11,LV-7022,TORREGROSSA,Pla d'Urgell,2,0,1,0,1,0,0,0,0,0,1,0,0,100.0,0.0,0,1,No n'hi ha,-1.0,3,3,1,0,0,0,0,0,0,0,0,0,0,0,4,-1,1,Resta sortides de via,-1,1,2,4,3,0,1,12.14,0,1,0,11,2
4111,2013,1,2013-04-03,SE,TERRASSA,Valles Occidental,3,0,1,1,3,2,0,1,0,0,0,0,0,100.0,0.0,0,2,No n'hi ha,-1.0,3,3,1,0,0,0,0,0,0,0,0,0,0,0,4,-1,1,Atropellament,-1,2,2,5,-1,2,1,11.15,0,3,2,3,4
4112,2013,0,2013-08-15,C-59,CALDES DE MONTBUI,Valles Oriental,3,1,3,2,2,0,0,0,0,2,0,0,0,70.0,0.0,0,3,No n'hi ha,-1.0,3,3,0,0,0,0,0,0,0,0,0,0,0,0,4,-1,1,Col·lisió frontal,-1,1,2,4,2,2,1,10.57,0,2,3,15,8
4113,2013,1,2013-11-14,SE,VILANOVA I LA GELTRU,Garraf,3,0,1,0,3,1,0,0,0,2,0,0,0,100.0,0.0,0,2,No n'hi ha,-1.0,3,3,1,0,0,0,0,0,0,0,0,0,0,0,4,-1,1,Atropellament,-1,2,2,5,-1,2,1,15.2,1,3,3,14,11
4114,2013,0,2013-12-09,C-15,"TORRE DE CLARAMUNT,LA",Anoia,3,0,1,0,2,0,0,0,1,1,0,0,0,100.0,0.0,1,2,No n'hi ha,-1.0,3,3,1,0,0,0,0,0,1,0,0,0,1,2,1,4,0,Encalç,1,1,2,4,2,2,1,7.41,0,2,0,9,12
4115,2013,1,2013-06-17,SE,TERRASSA,Valles Occidental,3,0,1,0,2,0,1,0,0,1,0,0,0,100.0,0.0,0,-1,No n'hi ha,-1.0,3,3,1,0,0,0,0,0,0,0,0,0,0,0,4,-1,-1,Envestida (frontal lateral),-1,2,2,5,-1,2,1,19.1,1,2,0,17,6
4116,2013,1,2013-10-13,SE,BARCELONA,Barcelones,3,0,1,0,2,0,0,0,1,1,0,0,0,100.0,0.0,0,-1,No n'hi ha,3.0,3,3,1,0,0,0,0,0,0,0,0,0,0,0,4,-1,1,Encalç,-1,2,2,5,-1,2,0,18.45,1,2,6,13,10
4117,2013,1,2013-02-18,SE,FIGUERES,Alt Emporda,1,0,1,0,2,1,0,0,0,1,0,0,0,30.0,0.0,0,2,No n'hi ha,-1.0,1,3,1,0,0,0,1,0,1,0,0,0,0,0,0,-1,1,Atropellament,-1,2,2,5,-1,2,1,19.3,1,3,0,18,2
4118,2013,1,2013-05-16,SE,LLEIDA,Segria,2,0,1,0,2,0,0,1,0,1,0,0,0,100.0,0.0,0,2,No n'hi ha,-1.0,3,3,1,0,0,0,0,0,0,0,0,0,0,0,4,-1,1,Caiguda en la via,-1,2,2,5,-1,2,1,13.55,0,0,3,16,5
4119,2013,1,2013-01-16,SE,VILAFRANCA DEL PENEDES,Alt Penedes,3,0,2,0,1,0,0,0,0,0,1,0,0,20.0,0.0,0,-1,No n'hi ha,-1.0,3,3,1,-1,0,0,0,-1,0,0,0,0,0,1,4,4,0,Caiguda en la via,1,2,2,5,-1,2,1,13.21,0,0,2,16,1
4120,2013,0,2013-04-29,GI-555,RIUDARENES,Selva,1,0,1,0,2,0,0,0,0,2,0,0,0,100.0,0.0,0,1,No n'hi ha,-1.0,2,3,1,0,0,0,1,0,0,0,0,0,0,0,2,-1,1,Col·lisió frontal,-1,1,2,4,2,2,1,13.35,0,2,0,29,4
4121,2013,0,2013-08-04,C-17,SEVA,Osona,3,0,1,1,1,0,0,0,0,1,0,0,0,80.0,0.0,0,0,Carril d'alentiment,-1.0,3,3,1,0,0,0,0,0,0,0,0,0,0,0,4,-1,0,Xoc contra objecte/obstacle sense sortida prèvia de via,-1,1,2,1,2,2,0,17.55,1,4,6,4,8
4122,2013,1,2013-04-02,SE,BARCELONA,Barcelones,3,1,0,1,2,1,0,0,1,0,0,0,0,100.0,0.0,0,-1,No n'hi ha,-1.0,3,3,0,0,0,0,0,0,0,0,0,0,0,0,4,-1,0,Atropellament,-1,2,2,5,-1,2,1,20.05,1,3,1,2,4
4123,2013,1,2013-03-08,SE,BARCELONA,Barcelones,3,0,1,0,2,0,0,0,1,1,0,0,0,100.0,0.0,0,-1,No n'hi ha,-1.0,3,3,1,0,0,1,0,0,0,0,0,0,0,1,5,3,1,Fregament o col·lisió lateral,0,2,2,5,-1,2,0,19.1,1,2,4,8,3
4124,2013,1,2013-12-04,SE,CASTELLDEFELS,Baix Llobregat,3,0,1,0,2,0,0,0,1,0,1,0,0,100.0,0.0,0,2,No n'hi ha,-1.0,3,3,1,0,0,0,0,0,0,0,0,0,0,1,4,4,0,Envestida (frontal lateral),1,2,2,5,-1,2,1,10.55,0,2,2,4,12
4125,2013,1,2013-06-02,SE,BARCELONA,Barcelones,3,0,1,1,2,1,0,0,0,1,0,0,0,100.0,0.0,0,-1,No n'hi ha,-1.0,3,3,1,0,0,0,0,0,0,0,0,0,0,1,5,3,1,Atropellament,2,2,2,5,-1,2,0,23.0,2,3,6,2,6
4126,2013,0,2013-10-16,N-150,MONTCADA I REIXAC,Valles Occidental,3,1,0,0,3,0,0,0,2,0,1,0,0,70.0,0.0,0,1,No n'hi ha,-1.0,3,3,0,0,0,0,0,0,0,0,0,0,0,0,4,-1,1,Envestida (frontal lateral),-1,1,2,4,1,1,1,16.19,1,2,2,16,10
4127,2013,1,2013-11-11,SE,VILAFRANCA DEL PENEDES,Alt Penedes,3,0,1,0,2,1,0,0,0,1,0,0,0,20.0,0.0,0,2,No n'hi ha,-1.0,3,3,1,-1,0,0,0,-1,0,0,0,0,-1,1,4,2,0,Atropellament,1,2,2,5,-1,2,1,13.37,0,3,0,11,11
4128,2013,0,2013-10-28,C-59,PALAU DE PLEGAMANS,Valles Occidental,3,0,2,0,3,0,0,0,0,3,0,0,0,100.0,0.0,0,1,No n'hi ha,-1.0,3,3,1,0,0,0,0,0,0,0,0,0,0,0,4,-1,1,Fregament o col·lisió lateral,-1,1,2,4,3,2,1,8.05,0,2,0,28,10
4129,2013,1,2013-06-19,SE,HOSPITALET DE LLOBREGAT,Barcelones,3,0,1,0,2,0,0,0,1,1,0,0,0,20.0,0.0,0,-1,No n'hi ha,-1.0,3,3,1,-1,0,0,0,-1,0,0,0,0,-1,1,4,5,0,Fregament o col·lisió lateral,2,2,2,5,-1,2,1,15.09,1,2,2,19,6
4130,2013,0,2013-10-23,T-11,TARRAGONA,Tarragones,0,0,1,0,2,0,0,0,1,1,0,0,0,50.0,0.0,0,1,No n'hi ha,-1.0,3,3,1,0,0,0,0,0,0,0,0,0,0,1,4,5,1,Envestida (frontal lateral),0,1,2,1,1,2,1,14.1,1,2,2,23,10
4131,2013,1,2013-12-13,SE,TERRASSA,Valles Occidental,3,0,1,0,2,0,0,1,0,1,0,0,0,100.0,0.0,0,3,No n'hi ha,-1.0,3,3,1,0,0,0,0,0,0,0,0,0,0,1,4,4,0,Envestida (frontal lateral),2,2,2,5,-1,2,1,13.4,0,2,4,13,12
4132,2013,1,2013-01-22,SE,SABADELL,Valles Occidental,3,0,1,0,2,1,0,0,0,1,0,0,0,100.0,0.0,0,-1,No n'hi ha,-1.0,3,3,1,0,0,0,0,0,0,0,0,0,0,0,4,-1,-1,Atropellament,-1,2,2,5,-1,2,1,11.23,0,3,1,22,1
4133,2013,1,2013-05-13,SE,VIC,Osona,3,0,1,0,2,0,1,0,0,1,0,0,0,100.0,0.0,0,2,Carril bici,-1.0,3,3,1,0,0,0,0,0,0,0,0,0,0,1,4,4,0,Envestida (frontal lateral),2,2,2,5,-1,2,1,13.52,0,2,0,13,5
4134,2013,0,2013-07-08,C-1413b,CENTELLES,Osona,3,0,1,1,2,0,0,0,0,2,0,0,0,50.0,0.0,0,2,No n'hi ha,-1.0,3,3,1,0,0,0,0,0,0,0,0,0,0,1,4,5,1,Col·lisió frontal,1,1,2,4,2,2,1,14.28,1,2,0,8,7
4135,2013,0,2013-07-23,C-243c,RUBI,Valles Occidental,3,0,1,0,2,0,1,0,0,1,0,0,0,50.0,0.0,0,1,No n'hi ha,-1.0,3,3,1,0,0,0,0,0,1,0,0,0,0,1,4,4,1,Fregament o col·lisió lateral,1,1,2,4,2,2,1,9.4,0,2,1,23,7
4136,2013,1,2013-08-24,SE,GIRONA,Girones,1,0,1,0,2,1,0,0,0,0,0,1,0,30.0,0.0,0,2,No n'hi ha,-1.0,3,3,1,0,1,0,0,0,0,0,0,0,0,0,4,-1,0,Atropellament,-1,2,2,5,-1,2,0,12.4,0,3,5,24,8
4137,2013,0,2013-07-22,C-153,RODA DE TER,Osona,3,0,1,0,1,0,1,0,0,0,0,0,0,90.0,0.0,0,-1,Sense Especificar,-1.0,3,3,1,0,0,0,0,0,0,0,0,0,0,0,4,-1,-1,Altres,-1,1,2,4,4,2,1,18.26,1,5,0,22,7
4138,2013,1,2013-06-26,SE,BARCELONA,Barcelones,3,0,1,0,2,0,0,0,1,1,0,0,0,100.0,0.0,0,-1,No n'hi ha,-1.0,3,3,1,0,0,0,0,0,0,0,0,0,0,1,1,3,1,Envestida (frontal lateral),2,2,2,5,-1,2,1,21.0,1,2,2,26,6
4139,2013,1,2013-03-02,SE,BARCELONA,Barcelones,3,0,1,0,2,0,0,0,1,1,0,0,0,100.0,0.0,0,-1,No n'hi ha,-1.0,3,3,1,0,0,0,0,0,0,0,0,0,0,1,4,3,0,Envestida (frontal lateral),2,2,2,5,-1,2,0,17.05,1,2,5,2,3
4140,2013,1,2013-04-13,SE,SITGES,Garraf,3,0,1,0,2,1,0,0,0,1,0,0,0,100.0,0.0,0,2,No n'hi ha,-1.0,3,3,1,0,0,0,0,0,0,0,0,0,0,1,4,5,1,Atropellament,0,2,2,5,0,2,0,10.45,0,3,5,13,4
4141,2013,0,2013-07-16,C-35,SANT CELONI,Valles Oriental,3,0,1,0,2,0,0,0,0,0,2,0,0,50.0,0.0,0,2,No n'hi ha,-1.0,3,3,1,0,0,0,0,0,1,0,0,0,0,0,1,-1,1,Encalç,-1,1,2,4,2,2,1,5.55,2,2,1,16,7
4142,2013,1,2013-10-24,SE,VIC,Osona,3,0,1,0,2,0,0,0,0,2,0,0,0,100.0,0.0,0,3,No n'hi ha,-1.0,3,3,1,0,0,0,0,0,0,0,0,0,0,1,4,3,1,Envestida (frontal lateral),2,2,2,5,-1,2,1,15.35,1,2,3,24,10
4143,2013,0,2013-10-21,B-30,BARBERA DEL VALLES,Valles Occidental,3,0,2,0,3,0,0,0,0,2,1,0,0,100.0,0.0,0,1,No n'hi ha,-1.0,3,3,1,0,0,0,0,0,0,0,0,0,0,0,5,-1,0,Encalç,-1,1,2,1,1,2,1,5.47,2,2,0,21,10
4144,2013,0,2013-01-03,CR,MONT-ROIG DEL CAMP,Baix Camp,0,0,1,0,1,0,0,0,1,0,0,0,0,60.0,0.0,0,1,No n'hi ha,-1.0,3,3,1,0,0,0,0,0,0,0,0,0,0,0,3,-1,1,Resta sortides de via,-1,1,2,3,0,2,1,0.0,2,1,3,3,1
4145,2013,1,2013-11-28,SE,BARCELONA,Barcelones,3,0,2,0,2,1,0,0,1,0,0,0,0,100.0,0.0,0,-1,No n'hi ha,-1.0,3,3,1,0,0,0,0,0,0,0,0,0,0,0,5,-1,0,Atropellament,-1,2,2,5,-1,2,1,20.3,1,3,3,28,11
4146,2013,1,2013-01-25,SE,REUS,Baix Camp,0,0,1,0,2,0,0,0,0,2,0,0,0,100.0,0.0,0,-1,No n'hi ha,-1.0,3,3,1,0,0,0,0,0,0,0,0,0,0,0,4,-1,-1,Envestida (frontal lateral),-1,2,2,5,-1,2,0,20.3,1,2,4,25,1
4147,2013,0,2013-01-08,CR,LLEIDA,Segria,2,0,1,1,2,0,0,0,1,1,0,0,0,100.0,0.0,1,1,No n'hi ha,-1.0,3,3,1,1,0,0,0,0,0,0,0,0,0,0,2,-1,1,Col·lisió frontal,-1,1,2,3,0,2,1,15.32,1,2,1,8,1
4148,2013,1,2013-03-23,SE,SENTMENAT,Valles Occidental,3,0,1,0,2,0,0,0,1,1,0,0,0,100.0,0.0,0,0,No n'hi ha,-1.0,3,3,1,0,0,0,0,0,0,0,0,0,0,0,4,-1,1,Col·lisió frontal,-1,2,0,5,-1,2,0,8.45,0,2,5,23,3
4149,2013,0,2013-03-04,C-153,RODA DE TER,Osona,3,0,1,0,2,0,0,1,0,1,0,0,0,100.0,0.0,0,2,No n'hi ha,-1.0,1,3,1,0,0,0,0,0,1,0,0,0,0,1,3,5,1,Envestida (frontal lateral),1,1,2,4,2,2,1,20.43,1,2,0,4,3