,Year,Area,Date,Road,Municipality Name,County Name,Province Name,Fatalties,Serious Injuries,Light Injuries,Units Involved,Pedestrains Involved,Bicycles Involved,Mopeds Involved,Motorcycles,Light Vehicles Involved,Heavy Vehicles Involved,Other Units Involved,Unspecified Units Involved,Road Speed Limit,Accident with Hit and Run,Fog Presence,Surrounding Environment,Special Lane Presence,Special Traffic Measures,Weather Conditions,Special Road Functions,Severity of Accident,Influence of Fog,Influence of Environment,Influence of Traffic,Influence of Weather,Influence of Wind Intensity,Influence of Lighting,Influence of Special Measures,Influence of Road Objects,Influence of Road Surface,Influence of Visibility,Intersection Characteristics,Lighting Conditions,Traffic Regulation and Priority,Direction of Road,Subtype of Accident,Subtype of Road Section,Subzone within Area,Road Surface Conditions,Type of Road,Road Ownership,Wind Conditions,Day of the Week Grouping,Hour of Day,Time of Day Grouping,Type of Accident,Day Type,Day,Month
4150,2013,0,2013-02-20,B-10,SANT ADRIA DE BESOS,Barcelones,3,0,1,0,2,0,0,0,1,1,0,0,0,80.0,0.0,0,2,No n'hi ha,-1.0,3,0,1,0,0,1,0,0,0,0,0,0,0,0,4,-1,1,Fregament o col·lisió lateral,-1,1,2,4,3,2,1,8.57,0,2,2,20,2
4151,2013,1,2013-01-12,SE,BARCELONA,Barcelones,3,1,1,1,2,1,0,0,1,0,0,0,0,100.0,0.0,0,-1,No n'hi ha,-1.0,3,3,0,0,0,0,0,0,0,0,0,0,0,1,4,3,0,Atropellament,2,2,2,5,-1,2,0,17.3,1,3,5,12,1
4152,2013,1,2013-07-18,SE,TERRASSA,Valles Occidental,3,0,1,0,3,0,0,0,1,2,0,0,0,100.0,0.0,0,2,No n'hi ha,-1.0,3,3,1,0,0,0,0,0,0,0,0,0,0,0,4,-1,0,Envestida (frontal lateral),-1,2,2,5,-1,2,1,11.12,0,2,3,18,7
4153,2013,0,2013-11-16,A-7,TARRAGONA,Tarragones,0,0,1,2,2,0,0,0,0,1,1,0,0,100.0,0.0,0,3,No n'hi ha,-1.0,2,3,1,0,0,0,1,0,0,0,0,0,0,0,2,-1,0,Fregament o col·lisió lateral,-1,1,2,1,1,2,0,9.12,0,2,5,16,11
4154,2013,1,2013-08-07,SE,ALFARRAS,Segria,2,0,1,0,3,1,0,0,0,1,1,0,0,100.0,0.0,0,2,No n'hi ha,-1.0,3,1,1,0,0,0,0,0,0,0,0,0,1,0,4,-1,1,Atropellament,-1,2,2,5,-1,2,1,16.59,1,3,2,7,8
4155,2013,1,2013-01-16,SE,BARCELONA,Barcelones,3,0,2,1,3,0,0,0,0,2,1,0,0,100.0,0.0,0,-1,Carril bici,-1.0,3,3,1,0,0,0,0,0,0,0,0,0,0,1,4,3,0,Envestida (frontal lateral),2,2,2,5,-1,2,1,15.45,1,2,2,16,1
4156,2013,1,2013-12-18,SE,MANRESA,Bages,3,0,1,0,2,1,0,0,0,1,0,0,0,100.0,0.0,0,2,No n'hi ha,-1.0,3,3,1,0,0,0,0,0,0,0,0,0,0,0,4,-1,0,Atropellament,-1,2,2,5,-1,2,1,10.3,0,3,2,18,12
4157,2013,0,2013-11-08,C-63,"PLANES D'HOSTOLES, LES",Garrotxa,1,0,1,0,2,1,0,0,0,1,0,0,0,70.0,0.0,0,2,No n'hi ha,-1.0,3,3,1,0,0,0,0,0,1,0,0,0,0,0,1,-1,1,Atropellament,-1,1,2,4,2,2,0,18.02,1,3,4,8,11
4158,2013,0,2013-01-02,BP-1101,SANT SALVADOR DE GUARDIA,Bages,3,0,1,0,1,0,0,0,1,0,0,0,0,100.0,0.0,0,1,No n'hi ha,-1.0,3,3,1,0,0,0,0,0,0,0,0,0,0,0,3,-1,1,Resta sortides de via,-1,1,2,4,3,2,1,4.3,2,1,2,2,1
4159,2013,1,2013-02-16,SE,BARCELONA,Barcelones,3,0,1,0,2,0,0,1,0,1,0,0,0,100.0,0.0,0,-1,No n'hi ha,-1.0,1,3,1,0,0,0,0,0,0,0,0,0,0,1,4,3,0,Envestida (frontal lateral),2,2,0,5,-1,2,0,11.1,0,2,5,16,2
4160,2013,1,2013-12-27,SE,LLEIDA,Segria,2,0,1,0,2,1,0,0,0,1,0,0,0,20.0,0.0,0,2,No n'hi ha,-1.0,3,3,1,-1,0,0,0,-1,0,0,0,0,1,0,4,-1,1,Atropellament,-1,2,2,5,-1,2,1,11.35,0,3,4,27,12
4161,2013,0,2013-09-22,C-242,BELLAGUARDA,Garrigues,2,0,1,0,1,0,0,1,0,0,0,0,0,100.0,0.0,0,3,No n'hi ha,-1.0,3,3,1,0,1,0,0,0,0,0,0,0,0,1,4,5,1,Sortida de via amb xoc o col·lisió,1,1,2,4,2,2,0,19.02,1,1,6,22,9
4162,2013,1,2013-07-18,SE,BARCELONA,Barcelones,3,0,2,0,2,0,0,1,0,1,0,0,0,40.0,0.0,0,-1,No n'hi ha,-1.0,3,3,1,0,0,0,0,0,0,0,0,0,0,1,4,2,1,Envestida (frontal lateral),1,2,2,5,-1,2,1,17.5,1,2,3,18,7
4163,2013,1,2013-09-05,SE,GRANOLLERS,Valles Oriental,3,0,1,0,2,0,0,0,1,1,0,0,0,100.0,0.0,0,2,No n'hi ha,0.0,3,3,1,0,0,0,0,0,0,0,0,0,0,0,4,-1,1,Envestida (frontal lateral),-1,2,2,5,-1,2,1,12.4,0,2,3,5,9
4164,2013,1,2013-12-16,SE,TARRAGONA,Tarragones,0,0,1,0,2,0,0,0,1,1,0,0,0,100.0,0.0,0,2,No n'hi ha,-1.0,3,3,1,0,0,0,0,0,0,0,0,0,0,1,5,5,1,Envestida (frontal lateral),1,2,2,5,-1,2,1,21.45,1,2,0,16,12
4165,2013,1,2013-12-01,SE,GAIA,Bages,3,0,1,0,2,1,0,0,0,1,0,0,0,100.0,0.0,0,2,No n'hi ha,-1.0,3,3,1,0,0,0,0,0,0,0,0,0,0,0,4,-1,0,Atropellament,-1,2,0,5,4,2,0,11.47,0,3,6,1,12
4166,2013,0,2013-10-03,N-420,"FATARELLA, LA",Terra Alta,0,0,2,3,2,0,0,0,0,2,0,0,0,100.0,0.0,0,2,No n'hi ha,-1.0,2,3,1,0,0,0,1,0,0,0,0,0,0,2,2,4,1,Col·lisió frontal,1,1,2,4,1,1,1,11.0,0,2,3,3,10
4167,2013,0,2013-12-20,N-340,OLERDOLA,Alt Penedes,3,1,0,1,3,0,0,0,0,1,2,0,0,100.0,0.0,0,1,No n'hi ha,-1.0,3,3,0,0,0,0,1,0,0,0,1,0,0,0,4,-1,1,Encalç,-1,1,2,4,1,2,1,12.13,0,2,4,20,12
4168,2013,1,2013-07-05,SE,SANT BOI DE LLOBREGAT,Baix Llobregat,3,0,1,0,2,1,0,0,0,1,0,0,0,100.0,0.0,0,3,No n'hi ha,-1.0,3,3,1,0,0,0,0,0,0,0,0,0,0,0,4,-1,1,Atropellament,-1,2,2,5,-1,2,1,12.4,0,3,4,5,7
4169,2013,1,2013-01-08,SE,BARCELONA,Barcelones,3,0,1,0,1,0,0,0,1,0,0,0,0,100.0,0.0,0,-1,No n'hi ha,-1.0,3,3,1,0,0,0,0,0,0,0,0,0,0,1,4,3,1,Xoc contra objecte/obstacle sense sortida prèvia de via,1,2,2,5,-1,2,1,15.0,1,4,1,8,1
4170,2013,1,2013-07-31,SE,SABADELL,Valles Occidental,3,0,1,0,2,1,0,0,0,1,0,0,0,100.0,0.0,0,-1,No n'hi ha,-1.0,3,3,1,0,0,0,0,0,0,0,0,0,0,0,4,-1,-1,Atropellament,-1,2,2,5,-1,2,1,9.26,0,3,2,31,7
4171,2013,0,2013-09-13,A-2,SANT VICENC DELS HORTS,Baix Llobregat,3,0,1,0,2,0,0,0,1,1,0,0,0,100.0,0.0,0,2,No n'hi ha,-1.0,3,3,1,0,0,1,0,0,0,0,0,0,0,0,4,-1,1,Encalç,-1,1,2,1,1,2,0,15.3,1,2,4,13,9
4172,2013,0,2013-12-26,N-340a,TARRAGONA,Tarragones,0,1,0,0,2,1,0,0,0,1,0,0,0,50.0,0.0,0,2,No n'hi ha,-1.0,3,3,0,0,0,0,0,0,0,0,0,0,0,0,3,-1,1,Atropellament,-1,1,2,4,1,0,1,4.0,2,3,3,26,12
4173,2013,1,2013-06-01,SE,REUS,Baix Camp,0,0,1,0,2,1,0,0,0,1,0,0,0,100.0,0.0,0,-1,No n'hi ha,-1.0,3,3,1,0,0,0,0,0,0,0,0,0,0,0,4,-1,-1,Atropellament,-1,2,2,5,-1,2,0,21.0,1,3,5,1,6
4174,2013,0,2013-04-21,N-260,GER,Cerdanya,1,0,1,3,2,0,0,0,1,1,0,0,0,100.0,0.0,0,1,No n'hi ha,-1.0,3,3,1,0,0,0,0,0,0,0,0,0,0,0,4,-1,1,Encalç,-1,1,2,4,1,2,0,12.28,0,2,6,21,4
4175,2013,1,2013-05-14,SE,CORNELLA DE LLOBREGAT,Baix Llobregat,3,0,1,0,2,1,0,0,0,1,0,0,0,20.0,0.0,0,-1,No n'hi ha,-1.0,1,3,1,-1,0,0,0,-1,0,0,0,0,-1,0,2,-1,0,Atropellament,-1,2,0,5,-1,2,1,18.15,1,3,1,14,5
4176,2013,0,2013-03-23,TV-2041,RODA DE BARA,Tarragones,0,0,1,0,1,0,1,0,0,0,0,0,0,90.0,0.0,0,-1,Sense Especificar,-1.0,3,3,1,0,0,0,0,0,0,0,0,0,0,0,4,-1,-1,Altres,-1,1,2,4,4,2,0,15.0,1,5,5,23,3
4177,2013,1,2013-04-15,SE,LLORET DE MAR,Selva,1,0,1,0,2,0,0,0,1,1,0,0,0,30.0,0.0,0,2,No n'hi ha,-1.0,3,3,1,0,0,0,0,0,0,0,0,0,0,0,4,-1,1,Fregament o col·lisió lateral,-1,2,2,5,-1,2,1,20.2,1,2,0,15,4
4178,2013,0,2013-04-07,CR,SUDANELL,Segria,2,0,1,0,1,0,0,0,0,1,0,0,0,100.0,0.0,0,0,No n'hi ha,-1.0,3,3,1,0,0,0,0,0,1,0,0,0,0,0,1,-1,1,Resta sortides de via,-1,1,0,3,0,2,0,20.23,1,1,6,7,4
4179,2013,0,2013-05-10,B-140,SANTA PERPETUA DE MO,Valles Occidental,3,0,2,0,3,0,1,0,1,1,0,0,0,100.0,0.0,0,2,Carril acceleració,-1.0,3,3,1,0,0,0,0,0,0,0,0,0,0,0,4,-1,1,Envestida (frontal lateral),-1,1,2,4,2,2,0,17.2,1,2,4,10,5
4180,2013,1,2013-10-21,SE,SANTA COLOMA DE GRAMANET,Barcelones,3,0,1,1,2,1,0,0,1,0,0,0,0,20.0,0.0,0,-1,No n'hi ha,-1.0,3,3,1,0,0,0,0,0,0,0,0,0,0,0,4,-1,-1,Atropellament,-1,2,2,5,-1,2,1,10.0,0,3,0,21,10
4181,2013,1,2013-06-22,SE,CALONGE,Baix Emporda,1,0,1,0,2,0,0,0,1,1,0,0,0,50.0,0.0,0,2,No n'hi ha,-1.0,3,3,1,0,0,0,0,0,0,0,0,0,0,0,4,-1,1,Caiguda en la via,-1,2,2,5,-1,2,0,9.5,0,0,5,22,6
4182,2013,0,2013-11-06,T-321,VILANOVA D'ESCORNALBOU,Baix Camp,0,0,1,0,1,0,0,0,0,0,0,1,0,90.0,0.0,0,-1,Sense Especificar,-1.0,3,3,1,0,0,0,0,0,0,0,0,0,0,0,4,-1,-1,Resta sortides de via,-1,1,2,4,4,2,1,12.59,0,1,2,6,11
4183,2013,1,2013-04-23,SE,BARCELONA,Barcelones,3,0,1,0,2,0,0,0,1,1,0,0,0,100.0,0.0,0,-1,No n'hi ha,-1.0,3,3,1,0,0,0,0,0,0,0,0,0,0,1,5,3,0,Caiguda en la via,2,2,2,5,-1,2,1,23.38,2,0,1,23,4
4184,2013,1,2013-10-08,SE,REUS,Baix Camp,0,0,1,0,2,0,0,0,1,1,0,0,0,100.0,0.0,0,-1,No n'hi ha,-1.0,3,3,1,0,0,0,0,0,0,0,0,0,0,0,4,-1,-1,Envestida (frontal lateral),-1,2,2,5,-1,2,1,21.55,1,2,1,8,10
4185,2013,1,2013-06-28,SE,BARCELONA,Barcelones,3,0,1,1,3,2,0,0,0,1,0,0,0,100.0,0.0,0,-1,No n'hi ha,-1.0,3,3,1,0,0,0,0,0,0,0,0,0,0,1,4,3,0,Atropellament,1,2,2,5,-1,2,0,19.15,1,3,4,28,6
4186,2013,1,2013-04-15,BV-2003,VILADECANS,Baix Llobregat,3,0,1,0,3,0,0,0,1,2,0,0,0,40.0,0.0,0,-1,No n'hi ha,-1.0,3,3,1,-1,0,0,0,-1,0,0,0,0,1,1,4,4,1,Envestida (frontal lateral),2,0,2,4,0,2,1,17.25,1,2,0,15,4
4187,2013,0,2013-10-15,N-II,ALPICAT,Segria,2,0,2,0,2,0,0,0,0,1,1,0,0,80.0,0.0,0,2,No n'hi ha,-1.0,3,3,1,0,0,0,0,0,0,0,0,0,0,1,3,4,1,Col·lisió frontal,1,1,2,4,1,2,1,21.25,1,2,1,15,10
4188,2013,0,2013-07-16,C-32,SANT POL DE MAR,Maresme,3,1,1,1,2,0,0,0,0,2,0,0,0,120.0,0.0,0,-1,Sense Especificar,-1.0,3,3,0,0,0,0,0,0,0,0,0,0,0,0,4,-1,-1,Encalç,-1,1,2,2,4,2,1,16.26,1,2,1,16,7
4189,2013,1,2013-10-17,SE,VILADECANS,Baix Llobregat,3,1,0,0,2,1,0,0,0,1,0,0,0,20.0,0.0,0,2,No n'hi ha,-1.0,3,3,0,-1,0,0,0,-1,0,0,0,0,0,1,5,2,0,Atropellament,2,2,2,5,-1,2,1,7.4,0,3,3,17,10
4190,2013,1,2013-09-04,SE,GIRONA,Girones,1,0,1,0,2,1,0,0,0,0,1,0,0,20.0,0.0,0,-1,No n'hi ha,-1.0,3,3,1,0,-1,0,0,0,0,0,0,0,0,0,4,-1,-1,Atropellament,-1,2,2,5,-1,2,1,8.01,0,3,2,4,9
4191,2013,0,2013-11-22,C-58,RIPOLLET,Valles Occidental,3,0,2,1,6,0,0,0,0,6,0,0,0,100.0,0.0,0,2,No n'hi ha,-1.0,3,3,1,0,0,0,0,0,0,0,0,0,0,0,0,-1,1,Fregament o col·lisió lateral,-1,1,2,1,2,2,0,18.19,1,2,4,22,11
4192,2013,1,2013-09-15,SE,FIGUERES,Alt Emporda,1,1,0,0,2,1,0,0,0,1,0,0,0,100.0,0.0,0,2,No n'hi ha,-1.0,3,1,0,0,0,0,0,0,0,0,0,0,0,0,4,-1,1,Atropellament,-1,2,2,5,-1,2,0,10.15,0,3,6,15,9
4193,2013,0,2013-12-03,BP-1432,SANTA EULALIA DE RON,Valles Oriental,3,0,1,0,2,0,0,0,1,1,0,0,0,50.0,0.0,0,1,No n'hi ha,-1.0,3,3,1,0,1,0,0,0,0,0,0,0,0,0,4,-1,1,Encalç,-1,1,2,4,3,2,1,13.31,0,2,1,3,12
4194,2013,0,2013-12-03,AP-7,SILS,Selva,1,0,2,0,2,0,0,0,0,0,2,0,0,100.0,0.0,0,1,No n'hi ha,-1.0,3,3,1,0,0,0,0,0,0,0,0,0,0,0,3,-1,1,Xoc contra objecte/obstacle sense sortida prèvia de via,-1,1,2,2,1,2,1,6.29,0,4,1,3,12
4195,2013,1,2013-12-19,SE,FIGUERES,Alt Emporda,1,0,1,0,2,1,0,0,0,1,0,0,0,100.0,0.0,0,2,No n'hi ha,-1.0,3,3,1,0,0,0,0,0,0,0,0,0,0,0,5,-1,1,Atropellament,-1,2,2,5,-1,2,1,18.45,1,3,3,19,12
4196,2013,0,2013-11-17,N-II,TORDERA,Maresme,3,0,1,2,2,0,0,0,0,2,0,0,0,100.0,0.0,0,3,No n'hi ha,-1.0,2,3,1,0,0,0,1,0,0,0,0,0,0,0,2,-1,1,Col·lisió frontal,-1,1,2,4,1,0,0,13.16,0,2,6,17,11
4197,2013,1,2013-12-24,SE,BLANES,Selva,1,0,1,0,2,0,0,1,0,1,0,0,0,20.0,0.0,0,2,No n'hi ha,-1.0,3,3,1,-1,0,0,0,-1,0,0,0,0,-1,0,4,-1,-1,Encalç,-1,2,2,5,-1,2,1,13.15,0,2,1,24,12
4198,2013,0,2013-01-18,N-150,SABADELL,Valles Occidental,3,0,1,0,2,0,0,0,1,1,0,0,0,100.0,0.0,0,2,No n'hi ha,-1.0,1,3,1,0,0,0,0,0,0,0,0,0,0,1,1,3,1,Encalç,2,1,2,4,0,2,1,7.54,0,2,4,18,1
4199,2013,0,2013-01-11,N-141e,BESCANO,Girones,1,1,0,1,2,0,0,0,0,2,0,0,0,100.0,0.0,0,1,No n'hi ha,-1.0,3,3,0,0,0,0,0,0,0,0,0,0,0,0,4,-1,1,Envestida (frontal lateral),-1,1,2,4,3,2,1,14.17,1,2,4,11,1
4200,2013,1,2013-01-11,SE,SANTA COLOMA DE GRAMANET,Barcelones,3,0,1,0,3,0,0,0,1,2,0,0,0,20.0,0.0,0,-1,No n'hi ha,-1.0,3,3,1,-1,0,0,0,-1,0,0,0,0,-1,1,4,4,0,Caiguda en la via,1,2,2,5,-1,2,1,13.3,0,0,4,11,1
4201,2013,1,2013-05-19,SE,MATARO,Maresme,3,0,1,0,1,0,0,1,0,0,0,0,0,20.0,0.0,0,3,No n'hi ha,-1.0,3,3,1,-1,0,0,0,-1,0,0,0,0,-1,0,4,-1,1,Caiguda en la via,-1,2,0,5,-1,2,0,20.25,1,0,6,19,5
4202,2013,0,2013-03-03,N-340,"VENDRELL, EL",Baix Penedes,0,1,1,2,1,0,0,0,0,1,0,0,0,70.0,0.0,0,0,No n'hi ha,-1.0,3,3,0,0,0,0,0,0,0,0,0,0,0,0,3,-1,0,Xoc contra objecte/obstacle sense sortida prèvia de via,-1,1,2,4,1,2,0,3.27,2,4,6,3,3
4203,2013,0,2013-03-25,C-37,VALLS,Alt Camp,0,0,1,0,2,1,0,0,0,0,0,1,0,100.0,0.0,0,3,No n'hi ha,-1.0,3,3,1,0,0,0,0,0,1,0,0,0,0,0,1,-1,1,Atropellament,-1,1,2,4,0,1,1,5.45,2,3,0,25,3
4204,2013,0,2013-07-08,AP-7,"PAPIOL, EL",Baix Llobregat,3,0,1,0,1,0,0,0,1,0,0,0,0,60.0,0.0,0,2,Altres,-1.0,3,3,1,0,0,0,0,0,0,0,0,0,0,1,4,-1,0,Xoc contra objecte/obstacle sense sortida prèvia de via,3,1,2,2,1,2,1,20.25,1,4,0,8,7
4205,2013,0,2013-04-09,A-7,VILA-SECA,Tarragones,0,0,2,1,3,0,0,0,0,1,2,0,0,100.0,0.0,0,2,No n'hi ha,-1.0,3,3,1,0,0,0,0,0,0,0,1,0,0,0,3,-1,1,Envestida (frontal lateral),-1,1,2,1,1,2,1,2.23,2,2,1,9,4
4206,2013,0,2013-05-05,N-II,FIGUERES,Alt Emporda,1,0,2,0,2,0,0,0,0,2,0,0,0,100.0,0.0,0,1,No n'hi ha,-1.0,3,3,1,0,0,0,0,0,0,0,0,0,0,2,4,4,1,Envestida (frontal lateral),1,1,2,4,1,2,0,18.08,1,2,6,5,5
4207,2013,1,2013-02-22,SE,SABADELL,Valles Occidental,3,0,1,0,2,1,0,0,0,1,0,0,0,100.0,0.0,0,2,No n'hi ha,-1.0,3,3,1,0,0,0,0,0,0,0,0,0,0,0,5,-1,1,Atropellament,-1,2,2,5,-1,2,0,19.52,1,3,4,22,2
4208,2013,1,2013-03-02,SE,OLOT,Garrotxa,1,0,1,0,4,0,0,0,1,3,0,0,0,100.0,0.0,0,2,No n'hi ha,-1.0,3,3,1,0,0,0,0,0,0,0,0,0,0,1,5,4,1,Envestida (frontal lateral),1,2,2,5,-1,2,0,0.12,2,2,5,2,3
4209,2013,0,2013-04-14,A-2,MARTORELL,Baix Llobregat,3,0,1,0,1,0,0,0,1,0,0,0,0,100.0,0.0,0,2,Carril acceleració,-1.0,3,3,1,0,0,0,0,0,0,0,0,0,0,2,4,-1,1,Caiguda en la via,3,1,2,1,1,2,0,19.1,1,0,6,14,4
4210,2013,0,2013-07-11,C-58,VILADECAVALLS,Valles Occidental,3,0,2,3,3,0,0,0,0,2,0,1,0,90.0,0.0,0,2,No n'hi ha,-1.0,4,3,1,0,0,0,1,0,0,0,0,0,0,0,2,-1,1,Sortida de via amb xoc o col·lisió,-1,1,2,4,2,0,1,15.35,1,1,3,11,7
4211,2013,1,2013-07-10,C-13,TREMP,Pallars Jussa,2,0,1,0,2,1,0,0,0,1,0,0,0,50.0,0.0,0,2,No n'hi ha,-1.0,2,1,1,0,0,0,1,0,0,0,0,0,1,0,1,-1,1,Atropellament,-1,2,2,4,2,1,1,20.0,1,3,2,10,7
4212,2013,0,2013-11-23,GI-543,ARBUCIES,Selva,1,0,1,0,1,0,0,0,0,1,0,0,0,100.0,0.0,0,1,No n'hi ha,-1.0,3,3,1,0,0,0,0,0,0,0,0,0,0,0,0,-1,1,Resta sortides de via,-1,1,2,4,2,2,0,17.22,1,1,5,23,11
4213,2013,0,2013-08-07,BP-1121,MONISTROL DE MONTSER,Bages,3,0,1,0,1,0,1,0,0,0,0,0,0,90.0,0.0,0,-1,Sense Especificar,-1.0,3,3,1,0,0,0,0,0,0,0,0,0,0,0,4,-1,-1,Altres,-1,1,2,4,4,2,1,12.49,0,5,2,7,8
4214,2013,0,2013-11-10,C-15,OLERDOLA,Alt Penedes,3,0,1,0,2,0,2,0,0,0,0,0,0,40.0,0.0,0,1,No n'hi ha,-1.0,3,3,1,0,1,0,0,0,0,0,0,0,0,1,4,4,1,Caiguda en la via,0,1,2,4,4,2,0,10.02,0,0,6,10,11
4215,2013,0,2013-10-22,T-310,MONTBRIO DEL CAMP,Baix Camp,0,0,1,2,2,0,0,0,0,2,0,0,0,80.0,0.0,0,2,No n'hi ha,-1.0,3,3,1,0,0,0,0,0,0,0,0,0,0,1,4,4,1,Envestida (frontal lateral),1,1,2,4,3,2,1,12.45,0,2,1,22,10
4216,2013,0,2013-10-25,T-310,MONT-ROIG DEL CAMP,Baix Camp,0,0,1,0,1,0,0,0,0,1,0,0,0,90.0,0.0,0,-1,Sense Especificar,-1.0,3,3,1,0,0,0,0,0,0,0,0,0,0,0,4,-1,-1,Resta sortides de via,-1,1,2,4,4,2,1,8.19,0,1,4,25,10
4217,2013,1,2013-11-11,SE,"PRAT DE LLOBREGAT, E",Baix Llobregat,3,0,1,0,2,0,0,1,0,1,0,0,0,100.0,0.0,0,-1,No n'hi ha,-1.0,3,3,1,0,0,0,0,0,0,0,0,0,0,1,4,3,-1,Encalç,2,2,2,5,-1,2,1,13.51,0,2,0,11,11
4218,2013,1,2013-11-21,SE,GIRONA,Girones,1,0,1,0,2,0,0,1,0,1,0,0,0,100.0,0.0,0,2,No n'hi ha,-1.0,3,3,1,0,0,0,0,0,0,0,0,0,0,2,4,3,1,Fregament o col·lisió lateral,2,2,2,5,-1,2,1,13.37,0,2,3,21,11
4219,2013,0,2013-11-09,-GIP 5511.00,SANTA COLOMA DE FARNERS,Selva,1,1,0,0,1,0,0,0,1,0,0,0,0,100.0,0.0,0,1,No n'hi ha,-1.0,3,3,0,0,0,0,0,0,0,0,0,0,0,0,0,-1,1,Resta sortides de via,-1,1,2,4,0,2,0,2.3,2,1,5,9,11
4220,2013,0,2013-07-16,C-25,MANRESA,Bages,3,0,1,0,1,0,0,0,1,0,0,0,0,80.0,0.0,0,1,No n'hi ha,0.0,3,3,1,0,0,0,0,0,0,0,0,0,0,0,3,-1,1,Caiguda en la via,-1,1,2,4,2,2,1,5.45,2,0,1,16,7
4221,2013,0,2013-05-02,B-10,BARCELONA,Barcelones,3,0,1,1,3,0,0,0,2,1,0,0,0,80.0,0.0,0,-1,No n'hi ha,-1.0,3,3,1,0,0,1,0,0,0,0,0,0,0,0,4,-1,0,Encalç,-1,1,2,1,-1,2,1,19.55,1,2,3,2,5
4222,2013,1,2013-06-19,SE,PALAFRUGELL,Baix Emporda,1,0,1,0,2,0,0,0,0,1,1,0,0,20.0,0.0,0,-1,No n'hi ha,,3,3,1,-1,-1,0,0,-1,0,1,0,0,0,0,4,-1,-1,Xoc contra objecte/obstacle sense sortida prèvia de via,-1,2,2,5,-1,2,1,13.08,0,4,2,19,6
4223,2013,1,2013-07-23,SE,SALOU,Tarragones,0,0,1,0,2,0,0,0,1,1,0,0,0,100.0,0.0,0,2,No n'hi ha,-1.0,3,3,1,0,0,0,0,0,0,0,0,0,0,0,1,-1,1,Envestida (frontal lateral),-1,2,2,5,-1,2,1,21.15,1,2,1,23,7
4224,2013,1,2013-09-26,SE,BARCELONA,Barcelones,3,0,1,1,3,1,0,0,1,1,0,0,0,100.0,0.0,0,-1,No n'hi ha,-1.0,3,3,1,0,0,0,0,0,0,0,0,0,0,0,4,-1,1,Atropellament,-1,2,2,5,-1,2,1,16.2,1,3,3,26,9
4225,2013,0,2013-09-01,GI-614,CADAQUES,Alt Emporda,1,0,1,0,2,0,0,0,1,1,0,0,0,100.0,0.0,0,1,No n'hi ha,-1.0,3,3,1,0,0,0,0,0,0,0,0,0,0,0,4,-1,1,Col·lisió frontal,-1,1,2,4,-1,2,0,8.3,0,2,6,1,9
4226,2013,1,2013-09-01,SE,BARCELONA,Barcelones,3,0,1,1,3,0,0,0,1,2,0,0,0,100.0,0.0,0,-1,No n'hi ha,-1.0,3,3,1,0,0,0,0,0,0,0,0,0,0,1,1,3,0,Fregament o col·lisió lateral,2,2,2,5,-1,2,0,20.3,1,2,6,1,9
4227,2013,1,2013-11-27,SE,BARCELONA,Barcelones,3,0,1,0,2,1,0,0,0,1,0,0,0,40.0,0.0,0,-1,No n'hi ha,-1.0,3,3,1,0,0,0,0,0,0,0,0,0,1,0,5,-1,1,Atropellament,-1,2,2,5,-1,2,1,18.3,1,3,2,27,11
4228,2013,0,2013-01-01,C-17,PARETS DEL VALLES,Valles Oriental,3,0,1,0,2,1,0,0,0,1,0,0,0,100.0,0.0,0,2,Carril acceleració,-1.0,3,3,1,0,0,0,0,0,0,0,0,0,0,2,3,4,1,Atropellament,3,1,2,1,2,2,1,19.3,1,3,1,1,1
4229,2013,0,2013-05-14,BP-1121,MONISTROL DE MONTSER,Bages,3,0,1,0,1,0,1,0,0,0,0,0,0,30.0,0.0,0,1,No n'hi ha,-1.0,1,3,1,0,0,0,0,0,0,0,0,1,0,0,2,-1,1,Caiguda en la via,-1,1,2,4,-1,2,1,16.2,1,0,1,14,5
4230,2013,0,2013-04-06,N-260,VILAJUIGA,Alt Emporda,1,0,1,1,1,0,0,0,0,1,0,0,0,100.0,0.0,0,1,No n'hi ha,-1.0,3,3,1,0,0,0,0,0,0,0,0,0,0,0,3,-1,1,Resta sortides de via,-1,1,2,4,1,2,0,5.4,2,1,5,6,4
4231,2013,1,2013-06-27,SE,MATARO,Maresme,3,0,1,0,2,1,0,0,0,1,0,0,0,20.0,,0,-1,No n'hi ha,-1.0,3,3,1,0,0,0,0,0,0,0,0,0,0,0,4,-1,-1,Atropellament,-1,2,2,5,0,2,1,9.25,0,3,3,27,6
4232,2013,0,2013-03-01,C-44,TIVISSA,Ribera d'Ebre,0,0,1,0,1,0,0,0,0,1,0,0,0,100.0,0.0,0,2,No n'hi ha,-1.0,1,3,1,0,0,0,1,0,0,1,0,0,0,0,2,-1,1,Xoc contra objecte/obstacle sense sortida prèvia de via,-1,1,2,4,2,2,1,14.33,1,4,4,1,3
4233,2013,0,2013-08-30,C-14,"RIBA, LA",Alt Camp,0,0,4,0,2,0,0,0,0,2,0,0,0,100.0,0.0,0,1,Carril lent,-1.0,3,3,1,0,0,0,0,0,0,0,0,0,0,0,4,-1,1,Col·lisió frontal,-1,1,2,4,2,2,1,12.01,0,2,4,30,8