,Year,Area,Date,Road,Municipality Name,County Name,Province Name,Fatalties,Serious Injuries,Light Injuries,Units Involved,Pedestrains Involved,Bicycles Involved,Mopeds Involved,Motorcycles,Light Vehicles Involved,Heavy Vehicles Involved,Other Units Involved,Unspecified Units Involved,Road Speed Limit,Accident with Hit and Run,Fog Presence,Surrounding Environment,Special Lane Presence,Special Traffic Measures,Weather Conditions,Special Road Functions,Severity of Accident,Influence of Fog,Influence of Environment,Influence of Traffic,Influence of Weather,Influence of Wind Intensity,Influence of Lighting,Influence of Special Measures,Influence of Road Objects,Influence of Road Surface,Influence of Visibility,Intersection Characteristics,Lighting Conditions,Traffic Regulation and Priority,Direction of Road,Subtype of Accident,Subtype of Road Section,Subzone within Area,Road Surface Conditions,Type of Road,Road Ownership,Wind Conditions,Day of the Week Grouping,Hour of Day,Time of Day Grouping,Type of Accident,Day Type,Day,Month
4234,2013,1,2013-07-20,SE,LLEIDA,Segria,2,0,1,1,2,0,0,1,0,1,0,0,0,100.0,0.0,0,-1,No n'hi ha,-1.0,3,3,1,0,0,0,0,0,0,0,0,0,0,0,4,-1,-1,Envestida (frontal lateral),-1,2,2,5,-1,2,0,15.35,1,2,5,20,7
4235,2013,0,2013-10-30,N-260,BEUDA,Garrotxa,1,0,1,0,3,0,1,0,0,1,0,1,0,90.0,0.0,0,-1,Sense Especificar,-1.0,3,3,1,0,0,0,0,0,0,0,0,0,0,0,4,-1,-1,Col·lisió frontal,-1,1,2,4,4,2,1,17.39,1,2,2,30,10
4236,2013,1,2013-09-17,SE,LLEIDA,Segria,2,0,1,0,2,0,0,1,0,1,0,0,0,20.0,0.0,0,2,No n'hi ha,-1.0,3,3,1,-1,0,0,0,-1,0,0,0,0,-1,1,4,4,-1,Envestida (frontal lateral),2,2,2,5,-1,2,1,14.55,1,2,1,17,9
4237,2013,1,2013-10-09,SE,LLEIDA,Segria,2,0,1,0,2,0,0,1,0,1,0,0,0,20.0,0.0,0,2,No n'hi ha,-1.0,3,3,1,-1,0,0,0,-1,0,0,0,0,-1,1,1,4,0,Envestida (frontal lateral),2,2,2,5,-1,2,1,7.15,0,2,2,9,10
4238,2013,1,2013-03-20,SE,BARCELONA,Barcelones,3,1,0,0,2,0,0,0,1,0,1,0,0,30.0,0.0,0,-1,No n'hi ha,-1.0,3,3,0,0,0,0,0,0,0,0,0,0,0,1,4,4,0,Envestida (frontal lateral),2,2,2,5,-1,2,1,10.45,0,2,2,20,3
4239,2013,1,2013-12-02,SE,BADALONA,Barcelones,3,0,2,12,2,0,0,0,0,1,1,0,0,20.0,0.0,0,2,Carril bus,-1.0,3,3,1,-1,0,0,0,-1,0,0,0,0,-1,0,4,-1,0,Encalç,-1,2,2,5,-1,2,1,10.3,0,2,0,2,12
4240,2013,0,2013-12-19,BV-5122,FOGARS DE TORDERA,Selva,3,0,1,0,1,0,0,0,0,1,0,0,0,70.0,0.0,0,0,No n'hi ha,-1.0,3,3,1,0,0,0,1,0,1,0,0,0,0,0,3,-1,1,Resta sortides de via,-1,1,2,4,2,2,1,7.11,0,1,3,19,12
4241,2013,0,2013-11-15,CR,GOLMES,Pla d'Urgell,2,0,2,0,2,0,0,0,0,2,0,0,0,40.0,0.0,0,2,No n'hi ha,-1.0,3,3,1,0,0,0,0,0,0,0,0,0,0,1,4,5,1,Col·lisió frontal,1,1,2,3,0,2,0,16.23,1,2,4,15,11
4242,2013,0,2013-12-27,T-331,TORTOSA,Baix Ebre,0,1,0,0,2,0,0,0,1,1,0,0,0,100.0,0.0,0,1,No n'hi ha,-1.0,3,3,0,0,0,0,0,0,0,0,0,0,0,1,4,4,1,Envestida (frontal lateral),0,1,2,4,2,2,1,11.25,0,2,4,27,12
4243,2013,1,2013-12-03,SE,BARCELONA,Barcelones,3,0,1,0,2,0,0,0,1,0,1,0,0,100.0,0.0,0,-1,No n'hi ha,-1.0,3,3,1,0,0,0,0,0,0,0,0,0,0,1,5,3,0,Caiguda en la via,2,2,2,5,-1,2,1,20.35,1,0,1,3,12
4244,2013,1,2013-11-05,SE,BARCELONA,Barcelones,3,0,1,0,2,1,0,0,0,0,0,1,0,100.0,0.0,0,-1,No n'hi ha,-1.0,3,3,1,0,0,0,0,0,0,0,0,0,1,0,5,-1,0,Atropellament,-1,2,2,5,-1,2,1,2.29,2,3,1,5,11
4245,2013,0,2013-02-19,-GIP 5129.00,BORRASSA,Alt Emporda,1,0,1,0,2,1,0,0,0,1,0,0,0,100.0,0.0,0,3,No n'hi ha,-1.0,3,3,1,0,0,0,0,0,0,0,0,0,0,0,4,-1,1,Atropellament,-1,1,2,4,3,2,1,16.39,1,3,1,19,2
4246,2013,1,2013-07-19,SE,TARREGA,Urgell,2,0,1,0,2,1,0,0,0,1,0,0,0,20.0,0.0,0,-1,No n'hi ha,-1.0,3,1,1,0,0,0,0,0,0,0,0,0,0,0,4,-1,-1,Atropellament,-1,2,2,5,-1,2,0,20.15,1,3,4,19,7
4247,2013,0,2013-04-20,N-240,JUNEDA,Garrigues,2,0,1,0,1,0,0,0,0,1,0,0,0,100.0,0.0,0,2,No n'hi ha,-1.0,3,3,1,0,0,0,0,0,0,0,0,0,0,0,3,-1,1,Resta sortides de via,-1,1,2,4,1,2,0,3.45,2,1,5,20,4
4248,2013,0,2013-05-11,GIV-6741,CASSA DE LA SELVA,Girones,1,0,1,0,1,0,0,0,0,1,0,0,0,100.0,0.0,0,2,No n'hi ha,-1.0,3,3,1,0,0,0,0,0,0,0,0,0,0,0,0,-1,1,Altres,-1,1,2,4,3,2,0,5.3,2,5,5,11,5
4249,2013,0,2013-07-12,N-II,TORDERA,Maresme,3,0,1,1,3,0,0,0,0,3,0,0,0,100.0,0.0,0,-1,No n'hi ha,-1.0,3,3,1,0,0,0,0,0,0,0,0,0,0,0,4,-1,-1,Altres,-1,1,2,4,-1,2,1,13.41,0,5,4,12,7
4250,2013,0,2013-02-22,BV-2127,VILOBI DEL PENEDES,Alt Penedes,3,0,1,0,2,0,0,0,0,2,0,0,0,40.0,0.0,0,0,No n'hi ha,-1.0,3,3,1,0,0,0,0,0,0,0,0,0,0,0,3,-1,1,Xoc contra objecte/obstacle sense sortida prèvia de via,-1,1,2,4,3,2,0,20.12,1,4,4,22,2
4251,2013,0,2013-05-03,N-260,NAVATA,Alt Emporda,1,0,2,0,2,0,0,0,1,1,0,0,0,100.0,0.0,0,2,No n'hi ha,-1.0,3,3,1,0,0,0,0,0,0,0,0,0,0,1,4,4,1,Fregament o col·lisió lateral,2,1,2,4,1,2,0,16.04,1,2,4,3,5
4252,2013,0,2013-02-16,C-14,BASSELLA,Alt Urgell,2,0,2,0,4,0,0,0,0,4,0,0,0,100.0,0.0,0,1,No n'hi ha,-1.0,3,3,1,0,0,0,0,0,0,0,0,0,0,0,4,-1,1,Fregament o col·lisió lateral,-1,1,2,4,2,2,0,9.33,0,2,5,16,2
4253,2013,1,2013-05-07,SE,SABADELL,Valles Occidental,3,0,1,0,2,0,0,0,1,1,0,0,0,100.0,0.0,0,-1,No n'hi ha,-1.0,3,3,1,0,0,0,0,0,0,0,0,0,0,0,4,-1,-1,Caiguda en la via,-1,2,2,5,-1,2,1,18.0,1,0,1,7,5
4254,2013,1,2013-04-08,SE,BARCELONA,Barcelones,3,0,1,1,2,1,0,0,1,0,0,0,0,100.0,0.0,0,-1,No n'hi ha,-1.0,3,3,1,0,0,0,0,0,0,0,0,0,0,1,4,3,1,Atropellament,2,2,2,5,-1,2,1,8.55,0,3,0,8,4
4255,2013,1,2013-07-29,SE,SANTA PERPETUA DE MO,Valles Occidental,3,0,1,1,2,0,1,0,1,0,0,0,0,30.0,0.0,0,3,No n'hi ha,-1.0,3,3,1,0,0,0,0,0,0,0,0,0,0,0,5,-1,1,Encalç,-1,2,2,5,-1,2,1,22.32,2,2,0,29,7
4256,2013,1,2013-11-04,SE,MALGRAT DE MAR,Maresme,3,0,1,0,2,0,0,1,0,1,0,0,0,100.0,0.0,0,-1,No n'hi ha,-1.0,3,3,1,0,0,0,0,0,0,0,0,0,0,0,4,-1,-1,Altres,-1,2,2,5,-1,2,1,12.03,0,5,0,4,11
4257,2013,1,2013-07-18,SE,OLOT,Garrotxa,1,0,1,0,2,0,0,1,0,1,0,0,0,100.0,0.0,0,2,No n'hi ha,-1.0,3,3,1,0,0,0,0,0,0,0,0,0,0,1,4,4,1,Envestida (frontal lateral),1,2,2,5,-1,2,1,8.14,0,2,3,18,7
4258,2013,1,2013-10-05,SE,MOLLERUSSA,Pla d'Urgell,2,1,0,0,2,0,0,0,0,2,0,0,0,50.0,0.0,0,2,No n'hi ha,-1.0,3,3,0,0,0,0,0,0,0,0,0,0,0,0,5,-1,1,Encalç,-1,2,2,5,0,2,0,20.05,1,2,5,5,10
4259,2013,1,2013-08-08,C-31,CUNIT,Baix Penedes,0,1,0,0,2,1,0,0,0,1,0,0,0,90.0,0.0,0,-1,No n'hi ha,-1.0,3,3,0,0,0,0,0,0,0,0,0,0,0,0,4,-1,1,Atropellament,-1,0,2,4,-1,2,1,18.55,1,3,3,8,8
4260,2013,1,2013-08-08,SE,"VENDRELL, EL",Baix Penedes,0,0,1,0,2,1,1,0,0,0,0,0,0,40.0,0.0,0,-1,No n'hi ha,-1.0,3,3,1,-1,0,0,0,-1,0,0,0,0,-1,0,4,-1,0,Atropellament,-1,2,2,5,-1,2,1,10.52,0,3,3,8,8
4261,2013,0,2013-12-20,BV-3008,FONOLLOSA,Bages,3,1,1,4,2,0,0,0,0,2,0,0,0,100.0,0.0,0,3,No n'hi ha,-1.0,3,3,0,0,0,0,1,0,0,0,0,0,0,0,1,-1,1,Altres,-1,1,2,4,4,2,1,9.09,0,5,4,20,12
4262,2013,1,2013-05-03,SE,BARCELONA,Barcelones,3,0,1,0,1,0,0,0,1,0,0,0,0,10.0,0.0,0,-1,Altres,0.0,3,3,1,0,0,0,0,0,0,0,1,0,0,0,4,-1,1,Caiguda en la via,-1,2,1,5,-1,2,1,13.15,0,0,4,3,5
4263,2013,0,2013-07-11,C-31,SITGES,Garraf,3,0,1,2,2,0,0,0,1,1,0,0,0,60.0,0.0,0,3,No n'hi ha,-1.0,3,3,1,0,0,0,0,0,0,0,0,0,0,0,4,-1,1,Envestida (frontal lateral),-1,1,2,4,2,2,1,16.2,1,2,3,11,7
4264,2013,0,2013-12-30,B-10,BARCELONA,Barcelones,3,0,1,0,2,0,0,0,1,1,0,0,0,100.0,0.0,0,3,No n'hi ha,-1.0,3,0,1,0,0,0,0,0,0,0,0,0,0,0,3,-1,0,Encalç,-1,1,2,1,1,2,1,20.1,1,2,0,30,12
4265,2013,1,2013-07-07,SE,LLEIDA,Segria,2,0,1,0,2,1,0,0,0,1,0,0,0,20.0,0.0,0,2,No n'hi ha,-1.0,3,3,1,-1,0,0,0,-1,0,0,0,0,-1,0,4,-1,0,Atropellament,-1,2,2,5,-1,2,0,21.05,1,3,6,7,7
4266,2013,0,2013-09-22,TV-7044,"RIBA, LA",Alt Camp,0,0,1,1,1,0,0,0,0,1,0,0,0,90.0,0.0,0,-1,Sense Especificar,-1.0,3,3,1,0,0,0,0,0,0,0,0,0,0,0,4,-1,-1,Resta sortides de via,-1,1,2,4,4,2,0,10.08,0,1,6,22,9
4267,2013,0,2013-10-01,B-431,ARTES,Bages,3,0,1,0,2,0,1,0,0,1,0,0,0,100.0,0.0,0,1,No n'hi ha,-1.0,3,3,1,0,0,0,0,0,0,0,0,0,0,0,4,-1,1,Col·lisió frontal,-1,1,2,4,0,2,1,12.25,0,2,1,1,10
4268,2013,1,2013-06-08,SE,"SELVA DEL CAMP, LA",Baix Camp,0,0,1,0,2,1,0,0,0,1,0,0,0,30.0,0.0,0,2,No n'hi ha,-1.0,3,3,1,0,0,0,0,0,0,0,0,0,0,2,4,4,0,Xoc contra objecte/obstacle sense sortida prèvia de via,1,2,2,5,-1,2,0,12.54,0,4,5,8,6
4269,2013,1,2013-01-29,SE,LLICA DE VALL,Valles Oriental,3,0,1,1,2,0,1,0,0,1,0,0,0,20.0,0.0,0,2,No n'hi ha,-1.0,3,3,1,-1,0,0,0,-1,0,0,0,0,-1,1,4,4,1,Encalç,2,2,2,5,-1,2,1,16.08,1,2,1,29,1
4270,2013,0,2013-03-29,T-11,TARRAGONA,Tarragones,0,0,1,2,1,0,0,0,0,1,0,0,0,40.0,0.0,0,0,No n'hi ha,4.0,1,3,1,0,0,0,1,0,1,0,0,0,0,1,3,4,1,Sortida de via amb xoc o col·lisió,0,1,2,1,1,2,0,20.37,1,1,4,29,3
4271,2013,0,2013-02-02,N-420,MORA LA NOVA,Ribera d'Ebre,0,0,1,0,1,0,0,0,0,1,0,0,0,100.0,0.0,0,2,No n'hi ha,-1.0,3,3,1,0,1,0,0,0,0,0,0,0,0,0,4,-1,1,Resta sortides de via,-1,1,2,4,1,0,0,16.05,1,1,5,2,2
4272,2013,0,2013-04-25,C-32,ARGENTONA,Maresme,3,0,1,1,2,0,0,0,0,2,0,0,0,100.0,0.0,0,1,No n'hi ha,-1.0,2,0,1,0,0,0,1,0,1,0,0,0,0,0,0,-1,1,Sortida de via amb xoc o col·lisió,-1,1,2,2,2,2,1,20.3,1,1,3,25,4
4273,2013,0,2013-05-23,T-1025,SANTA BARBARA,Montsia,0,0,1,1,3,0,0,0,0,3,0,0,0,100.0,0.0,0,1,No n'hi ha,-1.0,3,3,1,0,0,0,0,0,0,0,0,0,0,1,4,4,1,Col·lisió frontal,1,1,2,4,3,2,1,9.3,0,2,3,23,5
4274,2013,1,2013-04-24,SE,HOSPITALET DE LLOBREGAT,Barcelones,3,0,1,0,2,1,0,0,0,1,0,0,0,20.0,0.0,0,-1,No n'hi ha,-1.0,3,3,1,-1,0,0,0,-1,0,0,0,0,1,0,4,-1,0,Atropellament,-1,2,2,5,-1,2,1,18.23,1,3,2,24,4
4275,2013,1,2013-04-25,SE,SANT BOI DE LLOBREGAT,Baix Llobregat,3,0,1,0,2,0,0,0,1,1,0,0,0,100.0,0.0,0,-1,No n'hi ha,-1.0,3,3,1,0,0,0,0,0,0,0,0,0,0,0,4,-1,-1,Envestida (frontal lateral),-1,2,2,5,-1,2,1,7.53,0,2,3,25,4
4276,2013,1,2013-02-06,SE,"VENDRELL, EL",Baix Penedes,0,0,1,0,2,1,0,0,0,1,0,0,0,40.0,0.0,0,-1,No n'hi ha,-1.0,3,3,1,-1,0,0,0,-1,0,0,0,0,-1,1,1,4,1,Atropellament,0,2,2,5,-1,2,1,7.45,0,3,2,6,2
4277,2013,0,2013-07-11,C-58CC,MONTCADA I REIXAC,Valles Occidental,3,0,1,0,1,0,0,0,1,0,0,0,0,80.0,0.0,0,0,No n'hi ha,-1.0,3,3,1,0,0,0,0,0,0,0,0,0,0,2,4,2,0,Caiguda en la via,1,1,2,4,2,2,1,7.13,0,0,3,11,7
4278,2013,1,2013-08-28,SE,BADALONA,Barcelones,3,0,1,0,1,0,0,1,0,0,0,0,0,20.0,0.0,0,-1,No n'hi ha,-1.0,3,3,1,-1,0,0,0,-1,0,0,0,0,0,0,5,-1,0,Sortida de via amb xoc o col·lisió,-1,2,2,5,-1,2,1,22.5,2,1,2,28,8
4279,2013,1,2013-11-04,SE,LLEIDA,Segria,2,0,1,0,2,1,0,0,0,1,0,0,0,20.0,0.0,0,2,No n'hi ha,-1.0,3,3,1,-1,0,0,0,-1,0,0,0,0,0,0,2,-1,1,Atropellament,-1,2,2,5,-1,2,1,9.4,0,3,0,4,11
4280,2013,1,2013-06-27,SE,MANLLEU,Osona,3,0,1,2,2,0,0,0,0,2,0,0,0,20.0,0.0,0,2,No n'hi ha,-1.0,3,3,1,-1,0,0,0,-1,0,0,0,0,-1,1,1,4,1,Envestida (frontal lateral),2,2,0,5,-1,2,1,18.33,1,2,3,27,6
4281,2013,1,2013-07-25,SE,BARCELONA,Barcelones,3,1,0,0,2,1,0,0,0,1,0,0,0,100.0,0.0,0,-1,No n'hi ha,-1.0,3,3,0,0,0,0,0,0,0,0,0,0,0,1,5,3,0,Atropellament,2,2,2,5,-1,2,1,1.54,2,3,3,25,7
4282,2013,0,2013-05-09,C-16,SANT CUGAT DEL VALLES,Valles Occidental,3,0,1,0,2,0,0,0,1,1,0,0,0,120.0,0.0,0,-1,Sense Especificar,-1.0,3,3,1,0,0,0,0,0,0,0,0,0,0,0,4,-1,-1,Encalç,-1,1,2,2,4,2,1,10.13,0,2,3,9,5
4283,2013,1,2013-11-20,SE,TERRASSA,Valles Occidental,3,0,1,0,2,1,0,0,0,1,0,0,0,100.0,0.0,0,-1,No n'hi ha,-1.0,3,3,1,0,0,0,0,0,0,0,0,0,0,0,4,-1,-1,Atropellament,-1,2,2,5,-1,2,1,14.4,1,3,2,20,11
4284,2013,1,2013-09-03,SE,TERRASSA,Valles Occidental,3,0,1,1,3,0,0,0,1,2,0,0,0,100.0,0.0,0,-1,No n'hi ha,-1.0,3,3,1,0,0,0,0,0,0,0,0,0,0,0,4,-1,-1,Fregament o col·lisió lateral,-1,2,2,5,-1,2,1,22.5,2,2,1,3,9
4285,2013,1,2013-11-02,SE,BARCELONA,Barcelones,3,0,1,0,2,0,0,1,0,1,0,0,0,100.0,0.0,0,-1,No n'hi ha,-1.0,3,3,1,0,0,0,0,0,0,0,0,0,0,1,4,3,0,Envestida (frontal lateral),2,2,2,5,-1,2,0,9.25,0,2,5,2,11
4286,2013,0,2013-01-06,C-1411a,CASTELLBELL I EL VIL,Bages,3,0,1,5,2,0,0,0,0,2,0,0,0,40.0,0.0,0,2,No n'hi ha,-1.0,3,3,1,0,0,0,0,0,0,0,0,0,1,0,0,-1,1,Envestida (frontal lateral),-1,1,2,4,3,2,0,23.14,2,2,6,6,1
4287,2013,1,2013-04-05,SE,BADALONA,Barcelones,3,0,1,0,2,1,0,0,1,0,0,0,0,20.0,0.0,0,-1,No n'hi ha,-1.0,3,3,1,-1,0,0,0,-1,0,0,0,0,-1,0,4,-1,0,Atropellament,-1,2,2,5,-1,2,1,9.0,0,3,4,5,4
4288,2013,1,2013-02-19,SE,LLORET DE MAR,Selva,1,0,1,0,3,0,0,0,0,3,0,0,0,100.0,0.0,0,2,No n'hi ha,-1.0,3,1,1,0,0,0,0,0,0,0,0,0,0,2,4,-1,1,Fregament o col·lisió lateral,0,2,2,5,-1,2,1,11.09,0,2,1,19,2
4289,2013,1,2013-07-11,SE,LLICA D'AMUNT,Valles Oriental,3,0,1,0,2,0,0,0,1,1,0,0,0,100.0,0.0,0,2,No n'hi ha,-1.0,3,3,1,0,0,0,0,0,0,0,0,0,0,1,4,5,1,Fregament o col·lisió lateral,1,2,2,5,-1,2,1,13.58,0,2,3,11,7
4290,2013,0,2013-07-13,GI-614,ROSES,Alt Emporda,1,0,1,0,1,0,0,0,1,0,0,0,0,100.0,0.0,0,1,No n'hi ha,-1.0,3,3,1,0,0,0,0,0,0,0,0,0,0,0,4,-1,1,Caiguda en la via,-1,1,2,4,3,2,0,15.05,1,0,5,13,7
4291,2013,1,2013-03-20,SE,CERDANYOLA DEL VALLES,Valles Occidental,3,0,1,0,2,0,0,0,1,1,0,0,0,100.0,1.0,0,2,No n'hi ha,-1.0,3,3,1,0,0,0,0,0,0,0,0,0,0,1,4,4,0,Envestida (frontal lateral),2,2,2,5,0,2,1,16.05,1,2,2,20,3
4292,2013,1,2013-03-23,SE,VILAFRANCA DEL PENEDES,Alt Penedes,3,0,1,0,2,0,1,0,0,1,0,0,0,20.0,0.0,0,-1,No n'hi ha,-1.0,3,3,1,0,-1,0,0,0,0,0,0,0,0,1,4,4,-1,Envestida (frontal lateral),0,2,2,5,-1,2,0,10.3,0,2,5,23,3
4293,2013,0,2013-03-30,CR21,ARENYS DE MUNT,Maresme,3,0,1,0,2,1,0,0,0,0,0,1,0,30.0,0.0,0,-1,Sense Especificar,5.0,3,3,1,0,0,0,0,0,0,0,0,0,0,0,4,-1,1,Atropellament,-1,1,2,0,4,2,0,17.07,1,3,5,30,3
4294,2013,1,2013-07-11,SE,MANRESA,Bages,3,0,1,0,2,0,0,0,1,1,0,0,0,100.0,0.0,0,2,No n'hi ha,-1.0,3,3,1,0,0,0,0,0,0,0,0,0,1,1,4,4,1,Fregament o col·lisió lateral,0,2,2,5,-1,2,1,8.5,0,2,3,11,7
4295,2013,0,2013-06-23,C-55,SANT MATEU DE BAGES,Bages,3,0,1,0,1,0,0,0,1,0,0,0,0,70.0,0.0,0,1,Carril avançament,-1.0,3,3,1,0,0,0,0,0,0,0,0,0,0,0,4,-1,1,Sortida de via amb xoc o col·lisió,-1,1,2,4,2,2,0,9.0,0,1,6,23,6
4296,2013,0,2013-08-04,N-260,MAIA DE MONTCAL,Garrotxa,1,0,2,2,2,0,0,0,0,2,0,0,0,100.0,0.0,0,2,No n'hi ha,-1.0,3,3,1,0,0,0,0,0,0,0,0,0,0,0,4,-1,1,Envestida (frontal lateral),-1,1,2,4,1,2,0,8.24,0,2,6,4,8
4297,2013,0,2013-08-15,N-260,BOLVIR,Cerdanya,1,0,1,0,3,1,0,0,0,2,0,0,0,90.0,1.0,0,2,No n'hi ha,-1.0,3,3,1,0,0,0,0,0,0,0,0,0,0,0,1,-1,1,Atropellament,-1,1,2,4,1,2,1,6.33,0,3,3,15,8
4298,2013,1,2013-02-22,SE,BARCELONA,Barcelones,3,0,1,0,1,0,0,0,0,1,0,0,0,100.0,0.0,0,-1,No n'hi ha,-1.0,3,3,1,0,0,0,0,0,0,0,0,0,0,0,4,-1,0,Caiguda en la via,-1,2,2,5,-1,2,1,10.58,0,0,4,22,2
4299,2013,1,2013-06-24,SE,REUS,Baix Camp,0,0,1,0,2,1,0,0,0,1,0,0,0,100.0,0.0,0,-1,No n'hi ha,-1.0,3,3,1,0,0,0,0,0,0,0,0,0,0,0,4,-1,-1,Atropellament,-1,2,2,5,-1,2,1,13.56,0,3,0,24,6
4300,2013,1,2013-10-16,SE,VILAFRANCA DEL PENEDES,Alt Penedes,3,0,1,0,2,1,0,0,0,1,0,0,0,20.0,,0,2,No n'hi ha,-1.0,3,3,1,0,0,0,0,0,0,0,0,0,0,1,4,2,0,Atropellament,1,2,2,5,-1,2,1,9.55,0,3,2,16,10
4301,2013,1,2013-06-29,SE,BARCELONA,Barcelones,3,0,1,0,2,1,0,0,0,1,0,0,0,100.0,0.0,0,-1,No n'hi ha,-1.0,3,3,1,0,0,0,0,0,0,0,0,0,0,1,4,3,1,Atropellament,2,2,2,5,-1,2,0,17.3,1,3,5,29,6
4302,2013,1,2013-05-03,SE,BARCELONA,Barcelones,3,0,1,0,2,1,0,0,0,0,0,1,0,100.0,0.0,0,-1,No n'hi ha,-1.0,3,3,1,0,0,0,0,0,0,0,0,0,0,0,4,-1,1,Atropellament,-1,2,2,5,-1,2,0,16.2,1,3,4,3,5
4303,2013,1,2013-10-11,SE,REUS,Baix Camp,0,0,1,0,1,0,0,0,1,0,0,0,0,100.0,0.0,0,-1,No n'hi ha,-1.0,3,3,1,0,0,0,0,0,0,0,0,0,0,0,4,-1,-1,Caiguda en la via,-1,2,2,5,-1,2,0,15.05,1,0,4,11,10
4304,2013,1,2013-11-07,SE,ESPLUGUES DE LLOBREGAT,Baix Llobregat,3,0,1,0,2,1,0,0,0,1,0,0,0,20.0,0.0,0,-1,No n'hi ha,-1.0,3,3,1,0,1,0,0,0,1,0,0,0,0,0,4,-1,-1,Atropellament,-1,2,2,5,-1,2,1,16.3,1,3,3,7,11
4305,2013,0,2013-10-31,N-IIa,VILAGRASSA,Urgell,2,0,1,0,2,0,0,0,0,0,2,0,0,80.0,0.0,0,2,Carril acceleració,-1.0,3,3,1,0,0,0,0,0,0,0,0,0,0,2,0,4,1,Encalç,3,1,2,4,1,2,1,20.07,1,2,3,31,10
4306,2013,0,2013-12-06,TP-2311,"PLA DE SANTA MARIA, EL",Alt Camp,0,0,1,0,2,0,1,0,0,1,0,0,0,90.0,0.0,0,-1,Sense Especificar,-1.0,3,3,1,0,0,0,0,0,0,0,0,0,0,0,4,-1,-1,Col·lisió frontal,-1,1,2,4,4,2,1,11.46,0,2,4,6,12
4307,2013,0,2013-12-18,C-58,BARCELONA,Barcelones,3,1,0,0,2,0,0,0,1,0,1,0,0,80.0,0.0,0,2,No n'hi ha,-1.0,3,3,0,0,0,0,0,0,0,0,0,0,0,0,5,-1,0,Fregament o col·lisió lateral,-1,1,2,1,2,2,1,17.45,1,2,2,18,12
4308,2013,1,2013-10-24,SE,VIC,Osona,3,0,1,0,2,0,0,0,0,2,0,0,0,20.0,0.0,0,3,No n'hi ha,-1.0,3,3,1,-1,0,0,0,-1,0,0,0,0,-1,1,4,3,1,Envestida (frontal lateral),2,2,2,5,-1,2,1,15.25,1,2,3,24,10
4309,2013,1,2013-04-05,SE,OLOT,Garrotxa,1,0,1,0,2,0,0,1,0,1,0,0,0,100.0,0.0,0,2,No n'hi ha,-1.0,3,3,1,0,0,0,0,0,0,0,0,0,0,0,2,-1,0,Envestida (frontal lateral),-1,2,2,5,-1,2,1,14.41,1,2,4,5,4
4310,2013,0,2013-01-01,BV-1243,CALDES DE MONTBUI,Valles Oriental,3,0,1,1,2,0,0,0,0,2,0,0,0,100.0,0.0,0,1,No n'hi ha,-1.0,1,3,1,0,1,0,1,0,0,0,0,0,0,0,2,-1,1,Col·lisió frontal,-1,1,2,4,4,2,1,14.0,1,2,1,1,1
4311,2013,0,2013-07-30,GIV-6502,PALS,Baix Emporda,1,0,1,0,2,1,0,0,0,1,0,0,0,30.0,,0,2,No n'hi ha,-1.0,3,3,1,-1,0,0,0,-1,0,0,0,0,1,2,1,-1,1,Atropellament,0,1,2,4,3,2,1,19.47,1,3,1,30,7
4312,2013,1,2013-01-02,SE,BARCELONA,Barcelones,3,0,1,0,3,2,0,0,0,1,0,0,0,100.0,0.0,0,-1,Carril bus,-1.0,3,3,1,0,0,0,0,0,0,0,0,0,0,1,4,3,0,Atropellament,2,2,2,5,-1,2,1,16.3,1,3,2,2,1
4313,2013,1,2013-08-13,SE,HOSPITALET DE LLOBREGAT,Barcelones,3,0,1,1,4,3,0,0,0,1,0,0,0,20.0,0.0,0,2,No n'hi ha,-1.0,3,3,1,-1,0,0,0,-1,0,0,0,0,-1,0,4,-1,1,Atropellament,-1,2,2,5,-1,2,1,19.39,1,3,1,13,8
4314,2013,0,2013-10-28,C-35,GRANOLLERS,Valles Oriental,3,0,1,0,2,0,0,0,0,1,1,0,0,50.0,0.0,0,2,No n'hi ha,-1.0,3,3,1,0,0,0,0,0,0,0,0,0,0,1,4,4,1,Envestida (frontal lateral),1,1,2,4,2,2,1,14.45,1,2,0,28,10
4315,2013,0,2013-09-09,B-142,POLINYA,Valles Occidental,3,0,1,1,2,0,0,0,1,1,0,0,0,100.0,0.0,0,-1,No n'hi ha,-1.0,3,3,1,0,0,0,0,0,0,0,0,0,0,0,4,-1,-1,Col·lisió frontal,-1,1,2,4,-1,2,1,14.0,1,2,0,9,9
4316,2013,0,2013-06-11,CR,BELL-LLOC D'URGELL,Pla d'Urgell,2,0,1,3,2,0,0,0,0,2,0,0,0,40.0,0.0,0,2,No n'hi ha,-1.0,3,3,1,0,0,0,0,0,0,0,0,0,1,1,4,4,1,Fregament o col·lisió lateral,2,1,2,3,0,2,1,18.0,1,2,1,11,6
4317,2013,1,2013-12-09,N-II,PREMIA DE MAR,Maresme,3,0,1,1,2,1,0,0,0,1,0,0,0,100.0,0.0,0,2,No n'hi ha,-1.0,3,1,1,0,0,0,0,0,0,0,0,0,0,0,5,-1,1,Atropellament,-1,2,2,4,1,2,1,7.11,0,3,0,9,12
4318,2013,0,2013-12-10,BV-2002,SANT BOI DE LLOBREGAT,Baix Llobregat,3,0,1,0,2,0,0,1,0,1,0,0,0,100.0,0.0,0,-1,No n'hi ha,-1.0,3,3,1,0,0,0,0,0,0,0,0,0,0,0,4,-1,-1,Envestida (frontal lateral),-1,1,2,4,-1,2,1,9.45,0,2,1,10,12