,Year,Area,Date,Road,Municipality Name,County Name,Province Name,Fatalties,Serious Injuries,Light Injuries,Units Involved,Pedestrains Involved,Bicycles Involved,Mopeds Involved,Motorcycles,Light Vehicles Involved,Heavy Vehicles Involved,Other Units Involved,Unspecified Units Involved,Road Speed Limit,Accident with Hit and Run,Fog Presence,Surrounding Environment,Special Lane Presence,Special Traffic Measures,Weather Conditions,Special Road Functions,Severity of Accident,Influence of Fog,Influence of Environment,Influence of Traffic,Influence of Weather,Influence of Wind Intensity,Influence of Lighting,Influence of Special Measures,Influence of Road Objects,Influence of Road Surface,Influence of Visibility,Intersection Characteristics,Lighting Conditions,Traffic Regulation and Priority,Direction of Road,Subtype of Accident,Subtype of Road Section,Subzone within Area,Road Surface Conditions,Type of Road,Road Ownership,Wind Conditions,Day of the Week Grouping,Hour of Day,Time of Day Grouping,Type of Accident,Day Type,Day,Month
4319,2013,1,2013-10-11,SE,BARCELONA,Barcelones,3,0,1,0,2,0,0,1,0,1,0,0,0,100.0,0.0,0,-1,Carril bus,-1.0,3,3,1,0,0,0,0,0,0,0,0,0,0,1,4,3,1,Fregament o col·lisió lateral,2,2,0,5,-1,2,0,17.35,1,2,4,11,10
4320,2013,1,2013-04-19,SE,VILANOVA I LA GELTRU,Garraf,3,0,1,0,1,0,0,0,1,0,0,0,0,100.0,0.0,0,-1,No n'hi ha,-1.0,3,3,1,0,0,0,0,0,0,0,0,0,0,0,4,-1,-1,Altres,-1,2,2,5,-1,2,0,15.45,1,5,4,19,4
4321,2013,1,2013-04-03,SE,LLEIDA,Segria,2,1,0,0,3,0,0,0,1,0,1,1,0,100.0,0.0,0,-1,No n'hi ha,-1.0,3,3,0,0,0,0,0,0,0,0,0,0,0,0,4,-1,-1,Altres,-1,2,2,5,-1,2,1,22.15,2,5,2,3,4
4322,2013,1,2013-01-11,SE,SANT JOAN DESPI,Baix Llobregat,3,0,1,0,2,1,0,0,0,1,0,0,0,20.0,0.0,0,-1,No n'hi ha,-1.0,3,3,1,-1,0,0,0,-1,0,0,0,0,-1,0,4,-1,1,Atropellament,-1,2,2,5,-1,2,0,16.2,1,3,4,11,1
4323,2013,0,2013-03-13,TP-2039,TARRAGONA,Tarragones,0,0,1,0,2,0,0,0,1,1,0,0,0,90.0,0.0,0,-1,Sense Especificar,-1.0,3,3,1,0,0,0,0,0,0,0,0,0,0,0,4,-1,-1,Fregament o col·lisió lateral,-1,1,2,4,4,2,1,17.49,1,2,2,13,3
4324,2013,0,2013-05-22,C-422,CONSTANTI,Tarragones,0,1,0,0,3,1,0,0,0,2,0,0,0,100.0,0.0,0,3,No n'hi ha,-1.0,3,3,0,0,0,0,0,0,0,0,0,0,0,2,4,5,1,Atropellament,1,1,2,4,2,2,1,16.39,1,3,2,22,5
4325,2013,1,2013-09-06,SE,LLEIDA,Segria,2,1,1,3,6,4,0,0,0,2,0,0,0,100.0,0.0,0,-1,No n'hi ha,-1.0,3,3,0,0,0,0,0,0,0,0,0,0,0,0,4,-1,-1,Atropellament,-1,2,2,5,-1,2,0,17.3,1,3,4,6,9
4326,2013,0,2013-07-29,GI-555,MASSANES,Selva,1,0,2,0,2,0,0,0,0,2,0,0,0,100.0,0.0,0,1,No n'hi ha,-1.0,3,3,1,0,0,0,0,0,0,0,0,0,0,0,1,-1,1,Envestida (frontal lateral),-1,1,2,4,3,2,1,7.03,0,2,0,29,7
4327,2013,0,2013-08-05,GI-614,ROSES,Alt Emporda,1,0,1,0,2,0,1,0,0,1,0,0,0,100.0,0.0,0,1,No n'hi ha,-1.0,3,3,1,0,0,0,0,0,0,0,0,0,0,0,4,-1,1,Col·lisió frontal,-1,1,2,4,2,2,1,8.14,0,2,0,5,8
4328,2013,0,2013-08-01,A-2,CASTELLOLI,Anoia,3,1,0,0,1,0,0,0,1,0,0,0,0,100.0,0.0,0,3,No n'hi ha,-1.0,3,3,0,0,0,0,0,0,0,0,0,0,1,0,4,-1,1,Caiguda en la via,-1,1,2,1,1,2,1,14.05,1,0,3,1,8
4329,2013,0,2013-08-23,BV-2127,VILOBI DEL PENEDES,Alt Penedes,3,1,0,0,2,0,1,0,0,1,0,0,0,100.0,0.0,0,1,No n'hi ha,-1.0,3,3,0,0,0,0,0,0,0,0,0,0,0,0,4,-1,1,Encalç,-1,1,2,4,3,2,1,10.5,0,2,4,23,8
4330,2013,1,2013-08-07,SE,SANT CARLES DE LA RAPITA,Montsia,0,1,0,0,2,1,0,0,0,0,1,0,0,100.0,0.0,0,2,No n'hi ha,-1.0,3,3,0,0,0,0,0,0,0,0,0,0,0,0,4,-1,1,Atropellament,-1,2,2,5,-1,2,1,9.27,0,3,2,7,8
4331,2013,0,2013-11-15,N-340,OLERDOLA,Alt Penedes,3,0,2,0,2,0,0,0,0,2,0,0,0,100.0,0.0,0,2,No n'hi ha,-1.0,3,3,1,0,0,0,0,0,0,0,0,0,0,0,0,-1,1,Col·lisió frontal,-1,1,2,4,1,2,0,19.53,1,2,4,15,11
4332,2013,0,2013-06-15,N-260,SARROCA DE BELLERA,Pallars Jussa,2,0,1,1,3,0,0,0,3,0,0,0,0,60.0,0.0,0,1,No n'hi ha,-1.0,3,3,1,0,0,0,0,0,0,0,0,0,0,0,4,-1,1,Caiguda en la via,-1,1,2,4,1,2,0,12.3,0,0,5,15,6
4333,2013,0,2013-10-27,N-150,TERRASSA,Valles Occidental,3,0,1,1,2,0,0,0,0,2,0,0,0,70.0,0.0,0,3,No n'hi ha,-1.0,3,3,1,0,0,0,0,0,0,0,0,0,0,0,3,-1,1,Col·lisió frontal,-1,1,2,3,2,2,0,6.15,0,2,6,27,10
4334,2013,0,2013-09-20,LV-9225,ALBESA,Noguera,2,0,1,0,2,0,1,0,0,0,1,0,0,100.0,0.0,0,2,No n'hi ha,-1.0,3,3,1,0,0,0,0,0,0,0,0,0,0,0,4,-1,1,Fregament o col·lisió lateral,-1,1,2,4,3,2,0,17.0,1,2,4,20,9
4335,2013,0,2013-09-15,N-240,PERAFORT,Tarragones,0,0,2,0,2,0,0,0,0,2,0,0,0,100.0,0.0,0,3,No n'hi ha,-1.0,3,3,1,0,0,0,0,0,0,0,0,0,0,0,4,-1,1,Fregament o col·lisió lateral,-1,1,2,4,1,2,0,8.47,0,2,6,15,9
4336,2013,1,2013-05-30,SE,BARCELONA,Barcelones,3,0,1,2,2,0,0,0,2,0,0,0,0,100.0,0.0,0,-1,No n'hi ha,-1.0,3,3,1,0,0,1,0,0,0,0,0,0,0,1,4,3,0,Envestida (frontal lateral),2,2,2,5,-1,2,1,16.4,1,2,3,30,5
4337,2014,0,2014-07-27,C-462,NAVES,Solsones,2,0,1,1,2,0,0,0,2,0,0,0,0,90.0,0.0,0,-1,Sense Especificar,-1.0,3,3,1,0,0,0,0,0,0,0,0,0,0,0,4,-1,-1,Col·lisió frontal,-1,1,2,4,4,2,0,12.02,0,2,6,27,7
4338,2014,0,2014-07-29,B-20,MONTGAT,Maresme,3,0,1,0,1,0,0,0,1,0,0,0,0,120.0,0.0,0,-1,Sense Especificar,-1.0,3,3,1,0,0,0,0,0,0,0,0,0,0,0,4,-1,-1,Altres,-1,1,2,1,4,2,1,13.11,0,5,1,29,7
4339,2014,0,2014-04-25,N-141C,NAVARCLES,Bages,3,0,1,0,1,0,0,0,0,1,0,0,0,90.0,0.0,0,-1,Sense Especificar,-1.0,3,3,1,0,0,0,0,0,0,0,0,0,0,0,4,-1,-1,Resta sortides de via,-1,1,2,4,4,2,0,21.32,1,1,4,25,4
4340,2014,0,2014-11-30,B-23,SANT JOAN DESPI,Baix Llobregat,3,0,1,1,2,0,0,0,0,2,0,0,0,80.0,0.0,0,2,No n'hi ha,-1.0,2,3,1,0,0,0,1,0,0,0,0,0,0,0,5,-1,1,Xoc contra objecte/obstacle sense sortida prèvia de via,-1,1,2,1,3,2,0,21.21,1,4,6,30,11
4341,2014,0,2014-11-06,B-682,PALAFOLLS,Maresme,3,0,1,0,2,0,0,1,0,1,0,0,0,100.0,0.0,0,2,No n'hi ha,-1.0,3,3,1,0,0,0,0,0,0,0,0,0,0,0,3,-1,1,Encalç,-1,1,2,4,3,2,1,19.45,1,2,3,6,11
4342,2014,1,2014-06-09,SE,TERRASSA,Valles Occidental,3,0,1,0,2,0,0,0,2,0,0,0,0,100.0,0.0,0,2,No n'hi ha,-1.0,3,3,1,0,0,0,0,0,0,0,0,0,0,0,4,-1,1,Fregament o col·lisió lateral,-1,2,2,5,0,2,1,13.45,0,2,0,9,6
4343,2014,0,2014-08-17,C-31,CASTELL-PLATJA D'ARO,Baix Emporda,1,0,3,2,2,0,0,0,0,2,0,0,0,100.0,0.0,0,3,Altres,-1.0,3,3,1,0,0,0,0,0,0,0,0,0,0,0,4,-1,0,Encalç,-1,1,2,1,2,2,0,8.54,0,2,6,17,8
4344,2014,1,2014-11-17,SE,CERDANYOLA DEL VALLES,Valles Occidental,3,0,1,0,2,1,0,0,0,1,0,0,0,100.0,0.0,0,2,No n'hi ha,-1.0,3,3,1,0,0,0,0,0,0,0,0,0,0,1,4,2,0,Atropellament,1,2,2,5,-1,2,1,11.3,0,3,0,17,11
4345,2014,1,2014-04-25,SE,BARCELONA,Barcelones,3,0,1,0,2,1,0,0,0,1,0,0,0,30.0,0.0,0,-1,No n'hi ha,-1.0,3,3,1,0,0,0,0,0,0,0,0,0,0,1,5,4,0,Atropellament,1,2,2,5,-1,2,0,21.3,1,3,4,25,4
4346,2014,0,2014-08-29,AP-7,SUBIRATS,Alt Penedes,3,0,1,0,1,0,0,0,0,1,0,0,0,100.0,0.0,0,2,No n'hi ha,-1.0,3,3,1,0,0,0,0,0,0,0,0,0,0,0,4,-1,0,Xoc contra objecte/obstacle sense sortida prèvia de via,-1,1,2,2,1,2,0,19.17,1,4,4,29,8
4347,2014,1,2014-03-18,N-II,ALCARRAS,Segria,2,0,1,0,2,0,1,0,0,1,0,0,0,100.0,0.0,0,2,Carril central,-1.0,3,3,1,0,0,0,0,0,1,0,0,0,0,1,4,4,1,Envestida (frontal lateral),1,0,2,4,1,2,1,8.39,0,2,1,18,3
4348,2014,0,2014-12-22,C-32,CORNELLA DE LLOBREGAT,Baix Llobregat,3,0,1,0,2,0,0,0,1,1,0,0,0,60.0,0.0,0,2,No n'hi ha,-1.0,3,3,1,0,0,0,0,0,0,0,0,0,0,2,3,5,0,Encalç,3,1,2,2,2,2,1,18.45,1,2,0,22,12
4349,2014,1,2014-08-03,SE,VILAFRANCA DEL PENEDES,Alt Penedes,3,0,1,1,2,0,0,0,0,2,0,0,0,20.0,0.0,0,2,No n'hi ha,-1.0,3,3,1,-1,0,0,0,-1,0,0,0,0,-1,1,5,2,1,Xoc contra objecte/obstacle sense sortida prèvia de via,1,2,2,5,-1,2,0,2.38,2,4,6,3,8
4350,2014,1,2014-03-04,SE,DELTEBRE,Baix Ebre,0,0,1,1,2,1,0,1,0,0,0,0,0,100.0,0.0,0,-1,No n'hi ha,-1.0,3,3,1,0,0,0,0,0,0,0,0,0,0,0,4,-1,-1,Atropellament,-1,2,2,5,-1,2,1,19.45,1,3,1,4,3
4351,2014,0,2014-08-05,AP-7,SANT JULIA DE RAMIS,Girones,1,0,1,0,3,0,0,0,0,1,2,0,0,100.0,0.0,0,1,No n'hi ha,-1.0,3,3,1,0,0,0,0,0,0,0,0,0,0,0,0,-1,0,Fregament o col·lisió lateral,-1,1,2,2,1,2,1,22.44,2,2,1,5,8
4352,2014,0,2014-09-06,C-16,CERCS,Bergueda,3,0,1,1,2,0,0,0,0,2,0,0,0,90.0,0.0,0,-1,Sense Especificar,-1.0,3,3,1,0,0,0,0,0,0,0,0,0,0,0,4,-1,-1,Fregament o col·lisió lateral,-1,1,2,4,4,2,0,15.38,1,2,5,6,9
4353,2014,1,2014-02-22,SE,BARCELONA,Barcelones,3,0,1,0,3,2,0,0,0,1,0,0,0,100.0,0.0,0,-1,No n'hi ha,-1.0,3,3,1,0,0,0,0,0,0,0,0,0,0,1,4,3,0,Atropellament,2,2,2,5,-1,2,0,13.2,0,3,5,22,2
4354,2014,1,2014-12-25,SE,SABADELL,Valles Occidental,3,0,1,1,3,2,0,0,0,1,0,0,0,100.0,0.0,0,-1,No n'hi ha,-1.0,3,3,1,0,0,0,0,0,0,0,0,0,0,0,4,-1,-1,Atropellament,-1,2,2,5,-1,2,1,1.4,2,3,3,25,12
4355,2014,0,2014-11-08,C-31,HOSPITALET DE LLOBREGAT,Barcelones,3,1,1,0,3,0,0,0,1,2,0,0,0,80.0,0.0,0,2,Altres,-1.0,3,3,0,0,0,0,0,0,0,0,0,0,0,0,5,-1,0,Encalç,-1,1,2,1,2,2,0,23.11,2,2,5,8,11
4356,2014,1,2014-11-13,SE,BARCELONA,Barcelones,3,0,1,0,2,0,0,0,1,1,0,0,0,50.0,0.0,0,-1,No n'hi ha,-1.0,3,3,1,0,0,0,0,0,0,0,0,0,0,0,4,-1,1,Encalç,-1,2,2,5,-1,2,1,10.15,0,2,3,13,11
4357,2014,1,2014-12-21,SE,BARCELONA,Barcelones,3,0,1,0,4,0,0,0,1,3,0,0,0,100.0,0.0,0,-1,No n'hi ha,-1.0,3,3,1,0,0,0,0,0,0,0,0,0,0,0,5,-1,0,Fregament o col·lisió lateral,-1,2,2,5,-1,2,0,5.1,2,2,6,21,12
4358,2014,1,2014-03-27,SE,BALAGUER,Noguera,2,0,1,0,2,1,0,0,0,1,0,0,0,100.0,0.0,0,2,No n'hi ha,-1.0,3,3,1,0,0,0,0,0,0,0,0,0,0,2,4,-1,0,Atropellament,1,2,2,5,0,2,1,8.15,0,3,3,27,3
4359,2014,0,2014-08-03,C-260,CASTELLO D'EMPURIES,Alt Emporda,1,0,1,0,1,0,0,0,1,0,0,0,0,90.0,0.0,0,-1,Sense Especificar,-1.0,3,3,1,0,0,0,0,0,0,0,0,0,0,1,4,4,-1,Altres,0,1,2,4,4,2,0,16.0,1,5,6,3,8
4360,2014,1,2014-02-09,SE,BARCELONA,Barcelones,3,0,1,1,2,1,0,0,1,0,0,0,0,100.0,0.0,0,-1,No n'hi ha,-1.0,3,3,1,0,0,0,0,0,0,0,0,0,0,1,4,3,1,Atropellament,2,2,2,5,-1,2,0,13.15,0,3,6,9,2
4361,2014,1,2014-03-28,BV-1604,PARETS DEL VALLES,Valles Oriental,3,0,1,0,2,0,0,0,1,1,0,0,0,90.0,0.0,0,-1,No n'hi ha,-1.0,3,3,1,-1,-1,0,0,-1,0,0,0,0,-1,1,4,2,-1,Encalç,1,0,2,4,-1,2,1,14.35,1,2,4,28,3
4362,2014,0,2014-02-22,A-7,TARRAGONA,Tarragones,0,1,0,0,1,0,0,0,1,0,0,0,0,100.0,0.0,0,3,No n'hi ha,-1.0,3,3,0,0,0,0,0,0,0,0,0,0,0,0,5,-1,1,Resta sortides de via,-1,1,2,1,1,2,0,22.12,2,1,5,22,2
4363,2014,0,2014-03-28,C-31,"PRAT DE LLOBREGAT, E",Baix Llobregat,3,0,1,0,2,0,1,0,0,1,0,0,0,120.0,0.0,0,1,No n'hi ha,-1.0,3,3,1,0,0,0,0,0,0,0,0,0,0,0,4,-1,1,Encalç,-1,1,2,1,2,2,1,10.05,0,2,4,28,3
4364,2014,0,2014-08-11,AP-7,SILS,Selva,1,0,1,1,2,0,0,0,0,1,1,0,0,100.0,0.0,0,2,No n'hi ha,-1.0,3,3,1,0,0,0,0,0,0,0,0,0,0,0,3,-1,0,Encalç,-1,1,2,2,1,2,1,4.39,2,2,0,11,8
4365,2014,0,2014-12-15,N-340,TARRAGONA,Tarragones,0,1,1,1,2,0,0,0,0,2,0,0,0,100.0,0.0,0,3,No n'hi ha,3.0,1,3,0,0,0,0,0,0,0,0,0,0,0,0,2,-1,1,Envestida (frontal lateral),-1,1,2,4,1,2,1,14.23,1,2,0,15,12
4366,2014,1,2014-12-23,SE,BARCELONA,Barcelones,3,0,1,0,2,1,0,0,1,0,0,0,0,100.0,0.0,0,-1,No n'hi ha,-1.0,3,3,1,0,0,0,0,0,0,0,0,0,0,0,5,-1,1,Atropellament,-1,2,2,5,-1,2,1,17.4,1,3,1,23,12
4367,2014,0,2014-08-03,N-II,PALAFOLLS,Maresme,3,0,1,0,2,0,0,0,1,1,0,0,0,90.0,0.0,0,-1,Sense Especificar,-1.0,3,3,1,0,0,0,0,0,0,0,0,0,0,2,4,4,-1,Fregament o col·lisió lateral,0,1,2,4,4,2,0,12.12,0,2,6,3,8
4368,2014,0,2014-11-20,AP-7,BARBERA DEL VALLES,Valles Occidental,3,0,1,1,6,0,0,0,0,4,2,0,0,100.0,0.0,0,0,No n'hi ha,-1.0,3,3,1,0,0,0,0,0,0,0,0,0,0,0,4,-1,0,Altres,-1,1,2,2,1,2,1,10.19,0,5,3,20,11
4369,2014,1,2014-04-06,N-230,LLEIDA,Segria,2,1,0,4,2,0,0,0,0,2,0,0,0,100.0,0.0,0,-1,No n'hi ha,-1.0,3,3,0,0,0,0,0,0,0,0,0,0,0,0,4,-1,-1,Altres,-1,0,2,4,-1,2,0,13.0,0,5,6,6,4
4370,2014,1,2014-12-22,SE,RIELLS I VIABREA,Selva,1,0,1,0,2,1,0,0,0,1,0,0,0,20.0,0.0,0,-1,Sense Especificar,-1.0,3,3,1,0,0,0,0,0,0,0,0,0,0,0,4,-1,-1,Atropellament,-1,2,2,5,-1,2,1,18.0,1,3,0,22,12
4371,2014,0,2014-10-16,C-58,RIPOLLET,Valles Occidental,3,0,1,0,2,0,0,0,0,0,1,1,0,80.0,0.0,0,2,No n'hi ha,-1.0,3,3,1,0,0,0,0,0,0,0,0,0,0,0,4,-1,0,Altres,-1,1,2,1,2,2,1,13.01,0,5,3,16,10
4372,2014,1,2014-12-27,SE,LLORET DE MAR,Selva,1,0,1,0,1,0,0,0,1,0,0,0,0,30.0,0.0,0,2,No n'hi ha,-1.0,3,3,1,0,0,0,0,0,0,0,0,0,0,2,5,3,1,Caiguda en la via,2,2,2,5,-1,2,0,20.45,1,0,5,27,12
4373,2014,0,2014-02-25,C-60,ARGENTONA,Maresme,3,0,1,2,3,0,0,0,0,3,0,0,0,80.0,0.0,0,2,No n'hi ha,-1.0,3,3,1,0,0,0,0,0,0,0,0,0,0,0,3,-1,1,Col·lisió frontal,-1,1,2,1,2,2,1,20.25,1,2,1,25,2
4374,2014,1,2014-08-28,N-260,FIGUERES,Alt Emporda,1,0,1,0,2,0,0,0,1,1,0,0,0,100.0,0.0,0,2,No n'hi ha,-1.0,3,3,1,0,0,0,0,0,0,0,0,0,0,0,5,-1,1,Fregament o col·lisió lateral,-1,0,2,4,-1,2,1,23.0,2,2,3,28,8
4375,2014,1,2014-05-04,B-10,BARCELONA,Barcelones,3,1,0,0,2,0,0,0,1,1,0,0,0,80.0,0.0,0,-1,No n'hi ha,-1.0,3,3,0,0,0,1,0,0,0,0,0,0,0,0,4,-1,1,Fregament o col·lisió lateral,-1,0,2,1,-1,2,0,13.55,0,2,6,4,5
4376,2014,0,2014-08-21,C-35,VIDRERES,Selva,1,0,1,0,2,1,0,0,0,1,0,0,0,100.0,0.0,0,2,No n'hi ha,3.0,3,3,1,0,0,0,0,0,0,0,0,0,0,0,3,-1,0,Atropellament,-1,1,2,1,2,2,1,6.3,0,3,3,21,8
4377,2014,0,2014-07-05,N-II,PALAFOLLS,Maresme,3,0,1,0,1,0,0,0,1,0,0,0,0,90.0,0.0,0,-1,Sense Especificar,-1.0,3,3,1,0,0,0,0,0,0,0,0,0,0,1,4,4,-1,Altres,0,1,2,4,4,2,0,16.14,1,5,5,5,7
4378,2014,0,2014-12-14,BV-5227,SANTA MARIA DE BESORA,Osona,3,0,1,1,2,0,0,0,0,2,0,0,0,90.0,0.0,0,-1,Sense Especificar,-1.0,3,3,1,0,0,0,0,0,0,0,0,0,0,0,4,-1,-1,Col·lisió frontal,-1,1,2,4,4,2,0,13.14,0,2,6,14,12
4379,2014,0,2014-10-15,C-17,SEVA,Osona,3,0,1,5,5,0,0,0,0,4,1,0,0,100.0,0.0,0,3,No n'hi ha,-1.0,3,3,1,0,0,1,0,0,0,0,0,0,0,0,4,-1,1,Encalç,-1,1,2,1,2,2,1,10.55,0,2,2,15,10
4380,2014,1,2014-12-22,SE,TARRAGONA,Tarragones,0,0,1,0,2,1,0,0,0,1,0,0,0,100.0,0.0,0,2,No n'hi ha,-1.0,3,3,1,0,0,0,0,0,0,0,0,0,0,0,4,-1,0,Atropellament,-1,2,2,5,-1,2,1,10.45,0,3,0,22,12
4381,2014,0,2014-03-15,C-58,RIPOLLET,Valles Occidental,3,0,1,4,3,0,0,0,0,3,0,0,0,100.0,0.0,0,1,No n'hi ha,-1.0,3,3,1,0,1,0,0,0,0,0,0,0,0,0,4,-1,1,Sortida de via amb xoc o col·lisió,-1,1,2,1,2,2,0,7.32,0,1,5,15,3
4382,2014,1,2014-11-24,SE,BARCELONA,Barcelones,3,0,1,0,1,0,0,0,1,0,0,0,0,100.0,0.0,0,-1,No n'hi ha,-1.0,3,3,1,0,0,0,0,0,0,0,0,0,0,0,4,-1,0,Caiguda en la via,-1,2,2,5,-1,2,1,9.57,0,0,0,24,11
4383,2014,1,2014-02-09,B-502,CABRERA DE MAR,Maresme,3,0,1,0,2,1,0,0,0,1,0,0,0,100.0,0.0,0,2,No n'hi ha,-1.0,3,3,1,0,0,0,0,0,0,0,0,0,1,0,3,-1,1,Atropellament,-1,0,2,4,3,2,0,5.3,2,3,6,9,2
4384,2014,1,2014-08-07,SE,SABADELL,Valles Occidental,3,0,1,1,3,1,0,0,0,2,0,0,0,30.0,0.0,0,2,No n'hi ha,-1.0,3,3,1,0,0,0,0,0,0,0,0,0,0,0,4,-1,0,Atropellament,-1,2,2,5,-1,2,1,19.47,1,3,3,7,8
4385,2014,0,2014-06-24,CR,TORREFARRERA,Segria,2,0,1,3,2,0,0,0,0,2,0,0,0,100.0,0.0,0,2,No n'hi ha,-1.0,2,3,1,0,0,0,0,0,0,0,0,0,1,1,2,4,1,Envestida (frontal lateral),2,1,2,0,0,2,1,20.13,1,2,1,24,6
4386,2014,1,2014-08-06,SE,VILAFRANCA DEL PENEDES,Alt Penedes,3,0,1,0,2,1,1,0,0,0,0,0,0,20.0,0.0,0,2,No n'hi ha,-1.0,3,3,1,-1,0,0,0,-1,0,0,0,0,0,1,4,2,0,Atropellament,1,2,2,5,-1,2,1,20.02,1,3,2,6,8
4387,2014,0,2014-12-27,N-II,SANT VICENC DE MONTA,Maresme,3,0,1,0,2,0,0,0,2,0,0,0,0,80.0,0.0,0,2,No n'hi ha,-1.0,3,3,1,0,0,0,0,0,0,0,0,0,1,0,0,-1,1,Fregament o col·lisió lateral,-1,1,2,4,1,2,0,5.56,2,2,5,27,12
4388,2014,0,2014-11-27,SE,"GARRIGA, LA",Valles Oriental,3,0,1,2,1,0,0,0,0,1,0,0,0,100.0,0.0,0,2,No n'hi ha,-1.0,1,3,1,0,0,0,0,0,0,0,0,0,0,0,2,-1,1,Sortida de via amb xoc o col·lisió,-1,1,5,0,0,2,1,11.32,0,1,3,27,11
4389,2014,1,2014-11-21,BP-1503,SANT CUGAT DEL VALLES,Valles Occidental,3,0,1,1,3,0,0,0,1,2,0,0,0,100.0,0.0,0,2,No n'hi ha,-1.0,3,3,1,0,0,0,0,0,0,0,0,0,0,2,5,-1,1,Envestida (frontal lateral),0,0,2,4,3,2,0,21.08,1,2,4,21,11
4390,2014,1,2014-12-09,SE,TERRASSA,Valles Occidental,3,0,1,0,2,0,0,0,1,1,0,0,0,100.0,0.0,0,-1,No n'hi ha,-1.0,3,3,1,0,0,0,0,0,0,0,0,0,0,0,4,-1,-1,Envestida (frontal lateral),-1,2,2,5,-1,2,1,12.15,0,2,1,9,12
4391,2014,1,2014-11-14,SE,BARCELONA,Barcelones,3,0,1,0,2,0,0,0,1,1,0,0,0,100.0,0.0,0,-1,No n'hi ha,-1.0,3,3,1,0,0,0,0,0,0,0,0,0,0,1,4,3,1,Envestida (frontal lateral),1,2,2,5,-1,2,0,15.3,1,2,4,14,11
4392,2014,1,2014-12-11,SE,BARCELONA,Barcelones,3,1,0,0,2,0,0,0,1,1,0,0,0,100.0,0.0,0,-1,No n'hi ha,-1.0,3,3,0,0,0,0,0,0,0,0,0,0,0,1,4,2,0,Col·lisió frontal,1,2,2,5,-1,2,1,15.0,1,2,3,11,12
4393,2014,0,2014-07-09,A-2,ESPARREGUERA,Baix Llobregat,3,0,1,0,1,0,0,0,1,0,0,0,0,120.0,0.0,0,-1,Sense Especificar,-1.0,3,3,1,0,0,0,0,0,0,0,0,0,0,0,4,-1,-1,Altres,-1,1,2,1,4,2,1,12.28,0,5,2,9,7
4394,2014,0,2014-05-12,B-10,HOSPITALET DE LLOBREGAT,Barcelones,3,0,1,0,2,0,0,0,1,1,0,0,0,100.0,0.0,0,2,No n'hi ha,-1.0,3,3,1,0,0,0,0,0,0,0,0,0,0,0,1,-1,0,Caiguda en la via,-1,1,2,1,1,2,1,7.03,0,0,0,12,5
4395,2014,0,2014-09-30,C-12,MENARGUENS,Noguera,2,0,1,1,2,0,0,0,0,2,0,0,0,70.0,0.0,0,2,No n'hi ha,-1.0,1,3,1,0,0,0,0,0,0,0,0,0,0,1,2,4,1,Envestida (frontal lateral),2,1,2,4,2,2,1,16.25,1,2,1,30,9
4396,2014,1,2014-12-19,SE,SANT CARLES DE LA RAPITA,Montsia,0,0,1,1,3,1,0,0,0,2,0,0,0,40.0,0.0,0,2,No n'hi ha,-1.0,3,3,1,0,0,0,0,0,0,0,0,0,0,0,4,-1,1,Atropellament,-1,2,2,5,-1,2,0,16.29,1,3,4,19,12
4397,2014,0,2014-11-26,A-2,CASTELLBISBAL,Valles Occidental,3,0,1,0,3,0,0,0,1,2,0,0,0,100.0,0.0,0,2,No n'hi ha,-1.0,3,3,1,0,0,0,0,0,0,0,0,0,0,0,4,-1,1,Encalç,-1,1,2,1,1,2,1,13.17,0,2,2,26,11
4398,2014,0,2014-11-12,B-142,POLINYA,Valles Occidental,3,0,1,0,2,0,0,0,0,1,1,0,0,100.0,0.0,0,2,No n'hi ha,-1.0,3,3,1,0,0,0,0,0,0,0,0,0,0,2,4,5,1,Caiguda en la via,0,1,2,4,3,2,1,12.02,0,0,2,12,11
4399,2014,1,2014-05-28,SE,BARCELONA,Barcelones,3,0,1,1,3,0,0,0,1,1,1,0,0,100.0,0.0,0,-1,No n'hi ha,-1.0,3,3,1,0,0,0,0,0,0,0,0,0,0,1,4,3,0,Fregament o col·lisió lateral,2,2,2,5,-1,2,1,14.05,1,2,2,28,5
4400,2014,0,2014-11-06,AP-2,"BISBAL DEL PENEDES, LA",Baix Penedes,0,0,2,1,2,0,0,0,0,1,1,0,0,100.0,0.0,0,1,No n'hi ha,-1.0,3,3,1,0,0,0,0,0,0,0,0,0,0,0,4,-1,0,Encalç,-1,1,2,2,1,2,1,7.02,0,2,3,6,11
4401,2014,0,2014-02-23,AP-7,SANTA PERPETUA DE MO,Valles Occidental,3,0,1,1,4,0,0,0,0,4,0,0,0,100.0,0.0,0,1,No n'hi ha,-1.0,3,3,1,0,0,0,0,0,0,0,0,0,1,0,3,-1,1,Encalç,-1,1,2,2,1,2,0,6.45,0,2,6,23,2
4402,2014,1,2014-09-12,SE,SANT JUST DESVERN,Baix Llobregat,3,0,1,0,2,0,0,0,1,1,0,0,0,100.0,0.0,0,-1,No n'hi ha,-1.0,3,3,1,0,0,0,0,0,0,0,0,0,0,0,4,-1,-1,Altres,-1,2,2,5,-1,2,0,16.0,1,5,4,12,9
4404,2014,1,2014-03-25,SE,DELTEBRE,Baix Ebre,0,0,1,0,3,0,0,1,0,2,0,0,0,100.0,0.0,0,2,No n'hi ha,-1.0,3,3,1,0,0,0,0,0,0,0,0,0,0,1,5,4,1,Envestida (frontal lateral),1,2,2,5,-1,2,1,20.05,1,2,1,25,3