,Year,Area,Date,Road,Municipality Name,County Name,Province Name,Fatalties,Serious Injuries,Light Injuries,Units Involved,Pedestrains Involved,Bicycles Involved,Mopeds Involved,Motorcycles,Light Vehicles Involved,Heavy Vehicles Involved,Other Units Involved,Unspecified Units Involved,Road Speed Limit,Accident with Hit and Run,Fog Presence,Surrounding Environment,Special Lane Presence,Special Traffic Measures,Weather Conditions,Special Road Functions,Severity of Accident,Influence of Fog,Influence of Environment,Influence of Traffic,Influence of Weather,Influence of Wind Intensity,Influence of Lighting,Influence of Special Measures,Influence of Road Objects,Influence of Road Surface,Influence of Visibility,Intersection Characteristics,Lighting Conditions,Traffic Regulation and Priority,Direction of Road,Subtype of Accident,Subtype of Road Section,Subzone within Area,Road Surface Conditions,Type of Road,Road Ownership,Wind Conditions,Day of the Week Grouping,Hour of Day,Time of Day Grouping,Type of Accident,Day Type,Day,Month
4405,2014,1,2014-10-16,SE,CABRERA DE MAR,Maresme,3,0,1,0,2,0,0,0,1,1,0,0,0,50.0,0.0,0,2,No n'hi ha,-1.0,3,3,1,0,0,0,0,0,0,0,0,0,0,2,4,2,1,Encalç,1,2,2,5,3,2,1,8.41,0,2,3,16,10
4406,2014,1,2014-08-25,SE,PALAU DE PLEGAMANS,Valles Occidental,3,0,1,0,2,0,1,0,0,1,0,0,0,20.0,0.0,0,-1,No n'hi ha,-1.0,3,3,1,0,0,0,0,0,0,0,0,0,0,1,5,4,-1,Envestida (frontal lateral),1,2,2,5,-1,2,1,21.45,1,2,0,25,8
4407,2014,0,2014-11-13,AP-7,CASTELLVI DE ROSANES,Baix Llobregat,3,1,0,0,2,0,0,0,0,1,1,0,0,100.0,0.0,0,2,No n'hi ha,-1.0,3,3,0,0,0,0,0,0,0,0,0,0,0,0,4,-1,0,Xoc contra objecte/obstacle sense sortida prèvia de via,-1,1,2,2,1,2,1,14.4,1,4,3,13,11
4408,2014,1,2014-09-04,SE,"PRAT DE LLOBREGAT, E",Baix Llobregat,3,0,1,1,2,1,0,0,1,0,0,0,0,100.0,0.0,0,-1,No n'hi ha,-1.0,3,3,1,0,0,0,0,0,0,0,0,0,0,0,4,-1,-1,Atropellament,-1,2,2,5,-1,2,1,21.03,1,3,3,4,9
4409,2014,1,2014-09-30,SE,"SELVA DEL CAMP, LA",Baix Camp,0,0,1,0,2,0,0,0,1,1,0,0,0,40.0,1.0,0,2,No n'hi ha,-1.0,3,3,1,0,0,0,0,0,0,0,0,0,0,1,5,4,1,Envestida (frontal lateral),2,2,2,5,0,2,1,20.53,1,2,1,30,9
4410,2014,0,2014-10-12,B-20,SANTA COLOMA DE GRAMANET,Barcelones,3,0,1,0,1,0,0,0,1,0,0,0,0,80.0,0.0,0,2,No n'hi ha,-1.0,3,3,1,0,0,0,0,0,0,0,0,0,0,0,4,-1,0,Resta sortides de via,-1,1,2,1,1,2,0,7.28,0,1,6,12,10
4411,2014,0,2014-09-21,C-60,"ROCA DEL VALLES, LA",Valles Oriental,3,0,2,0,3,0,0,0,1,2,0,0,0,80.0,0.0,0,1,No n'hi ha,-1.0,3,3,1,0,0,0,0,0,0,0,0,0,0,1,4,4,1,Caiguda en la via,1,1,2,1,2,2,0,13.41,0,0,6,21,9
4412,2014,0,2014-09-21,A-2,GRANYANELLA,Segarra,2,0,1,1,2,0,0,0,1,1,0,0,0,100.0,0.0,0,2,Carril d'alentiment,-1.0,1,3,1,0,0,0,0,0,0,0,0,0,0,0,2,-1,1,Encalç,-1,1,2,1,1,2,0,10.53,0,2,6,21,9
4413,2014,1,2014-12-14,C-1413b,CENTELLES,Osona,3,0,1,0,2,0,1,0,0,1,0,0,0,90.0,0.0,0,-1,Sense Especificar,-1.0,3,1,1,0,0,0,0,0,0,0,0,0,0,0,4,-1,-1,Envestida (frontal lateral),-1,0,2,4,4,2,0,11.15,0,2,6,14,12
4414,2014,0,2014-02-25,C-58,VILADECAVALLS,Valles Occidental,3,0,1,1,2,0,0,0,0,1,1,0,0,100.0,0.0,0,3,No n'hi ha,-1.0,3,3,1,0,0,0,0,0,0,0,0,0,0,0,4,-1,1,Col·lisió frontal,-1,1,2,4,3,2,1,15.55,1,2,1,25,2
4415,2014,1,2014-05-15,B-122,TERRASSA,Valles Occidental,3,0,1,0,1,0,1,0,0,0,0,0,0,90.0,0.0,0,-1,No n'hi ha,-1.0,3,3,1,0,0,0,0,0,0,0,0,0,0,0,4,-1,-1,Caiguda en la via,-1,0,2,4,-1,2,1,19.48,1,0,3,15,5
4416,2014,0,2014-06-27,B-20,MONTGAT,Maresme,3,0,2,0,2,0,0,0,2,0,0,0,0,100.0,0.0,0,-1,No n'hi ha,-1.0,3,3,1,0,0,0,0,0,0,0,0,0,0,0,4,-1,-1,Caiguda en la via,-1,1,2,1,-1,2,1,12.28,0,0,4,27,6
4417,2014,0,2014-04-18,A-2,SANT VICENC DELS HORTS,Baix Llobregat,3,0,1,2,1,0,0,0,0,1,0,0,0,100.0,0.0,0,2,No n'hi ha,-1.0,3,3,1,0,0,0,0,0,0,0,0,0,0,0,4,-1,0,Altres,-1,1,2,1,1,2,0,15.41,1,5,4,18,4
4418,2014,1,2014-05-21,GI-641,TORROELLA DE MONTGRI,Baix Emporda,1,0,1,0,2,0,0,0,1,1,0,0,0,100.0,0.0,0,2,No n'hi ha,-1.0,3,3,1,0,0,0,0,0,0,0,0,0,0,2,4,4,1,Caiguda en la via,0,0,2,4,2,2,1,19.26,1,0,2,21,5
4419,2014,0,2014-11-10,AP-7,SANT CUGAT DEL VALLES,Valles Occidental,3,0,2,1,2,0,0,0,0,1,1,0,0,100.0,0.0,0,2,No n'hi ha,-1.0,3,3,1,0,0,0,0,0,0,0,0,0,0,0,4,-1,0,Fregament o col·lisió lateral,-1,1,2,2,1,2,1,12.42,0,2,0,10,11
4420,2014,1,2014-11-26,SE,TORTOSA,Baix Ebre,0,1,0,0,3,2,0,0,0,0,1,0,0,100.0,0.0,0,2,Carril bici,-1.0,3,3,0,0,0,0,0,0,0,0,0,0,1,2,4,-1,1,Atropellament,1,2,2,5,0,2,1,11.42,0,3,2,26,11
4421,2014,0,2014-07-25,C-37,VALLS,Alt Camp,0,0,1,1,1,0,0,0,0,1,0,0,0,90.0,0.0,0,-1,Sense Especificar,-1.0,3,3,1,0,0,0,0,0,0,0,0,0,0,0,4,-1,-1,Resta sortides de via,-1,1,2,4,4,2,0,18.5,1,1,4,25,7
4422,2014,0,2014-05-31,TP-2031,TARRAGONA,Tarragones,0,0,1,0,1,0,0,0,1,0,0,0,0,100.0,0.0,0,2,No n'hi ha,-1.0,3,3,1,0,0,0,0,0,0,0,0,0,0,0,5,-1,1,Caiguda en la via,-1,1,2,4,3,2,0,1.0,2,0,5,31,5
4423,2014,0,2014-09-13,C-1415c,ARGENTONA,Maresme,3,0,1,0,2,0,1,0,0,1,0,0,0,90.0,0.0,0,-1,Sense Especificar,-1.0,3,3,1,0,0,0,0,0,0,0,0,0,0,1,4,4,-1,Col·lisió frontal,0,1,2,4,4,2,0,13.07,0,2,5,13,9
4424,2014,1,2014-03-13,SE,SANTA COLOMA DE GRAMANET,Barcelones,3,0,1,0,2,1,0,0,1,0,0,0,0,20.0,0.0,0,2,No n'hi ha,-1.0,3,3,1,-1,0,0,0,-1,0,0,0,0,-1,1,4,3,1,Atropellament,2,2,2,5,-1,2,1,12.0,0,3,3,13,3
4425,2014,1,2014-07-07,N-230,ALMENAR,Segria,2,0,1,2,2,0,0,0,0,2,0,0,0,100.0,0.0,0,2,No n'hi ha,-1.0,3,3,1,0,0,0,0,0,0,0,0,0,0,0,4,-1,1,Envestida (frontal lateral),-1,0,2,4,1,2,1,19.55,1,2,0,7,7
4426,2014,1,2014-10-30,N-II,MATARO,Maresme,3,0,2,0,3,0,2,0,0,1,0,0,0,90.0,0.0,0,2,No n'hi ha,-1.0,3,3,1,0,0,0,0,0,0,0,0,0,0,0,4,-1,0,Fregament o col·lisió lateral,-1,0,2,4,-1,2,1,9.2,0,2,3,30,10
4427,2014,1,2014-12-24,B-502,VILASSAR DE MAR,Maresme,3,0,1,0,2,0,0,0,1,1,0,0,0,100.0,0.0,0,2,No n'hi ha,-1.0,3,3,1,0,0,0,0,0,0,0,0,0,1,1,4,5,1,Envestida (frontal lateral),2,0,2,4,3,2,1,16.15,1,2,2,24,12
4428,2014,1,2014-11-09,SE,BARCELONA,Barcelones,3,0,1,0,2,0,0,0,1,1,0,0,0,100.0,0.0,0,-1,No n'hi ha,-1.0,3,3,1,0,0,0,0,0,0,0,0,0,0,0,5,-1,0,Fregament o col·lisió lateral,-1,2,2,5,-1,2,0,23.1,2,2,6,9,11
4429,2014,1,2014-12-10,N-II,MATARO,Maresme,3,0,1,0,2,0,0,1,0,1,0,0,0,90.0,0.0,0,-1,No n'hi ha,-1.0,3,3,1,0,-1,0,0,0,0,0,0,0,0,0,5,-1,-1,Encalç,-1,0,2,4,-1,2,1,19.05,1,2,2,10,12
4430,2014,1,2014-04-14,C-1415c,ARGENTONA,Maresme,3,0,1,1,3,2,0,0,0,1,0,0,0,100.0,0.0,0,-1,No n'hi ha,-1.0,3,3,1,0,0,0,0,0,0,0,0,0,0,0,4,-1,-1,Atropellament,-1,0,2,4,-1,2,1,10.4,0,3,0,14,4
4431,2014,0,2014-06-13,N-II,CABRERA DE MAR,Maresme,3,0,1,0,2,0,0,0,1,1,0,0,0,90.0,0.0,0,-1,Sense Especificar,-1.0,3,3,1,0,0,0,0,0,0,0,0,0,0,2,4,-1,-1,Altres,3,1,2,4,4,2,1,10.55,0,5,4,13,6
4432,2014,0,2014-11-04,AL,CARDONA,Bages,3,0,1,0,2,0,0,0,0,0,2,0,0,30.0,0.0,0,1,No n'hi ha,-1.0,2,3,1,0,0,0,1,0,0,0,0,0,0,0,2,-1,1,Col·lisió frontal,-1,1,2,0,0,2,1,8.33,0,2,1,4,11
4433,2014,0,2014-11-27,C-25,CASTELLFOLLIT DE RIU,Anoia,3,0,1,0,2,0,0,0,0,1,1,0,0,100.0,0.0,0,3,Carril acceleració,-1.0,3,3,1,0,0,0,0,0,0,0,0,0,0,0,2,-1,1,Encalç,-1,1,2,4,2,2,1,7.24,0,2,3,27,11
4434,2014,1,2014-11-10,SE,BARCELONA,Barcelones,3,0,1,1,2,0,0,0,1,1,0,0,0,100.0,0.0,0,-1,No n'hi ha,-1.0,3,3,1,0,0,0,0,0,0,0,0,0,1,1,4,4,0,Envestida (frontal lateral),2,2,2,5,-1,2,1,19.5,1,2,0,10,11
4435,2014,1,2014-04-02,SE,MANRESA,Bages,3,0,1,1,6,5,0,0,0,1,0,0,0,100.0,0.0,0,2,No n'hi ha,-1.0,3,3,1,0,0,0,0,0,0,0,0,0,0,0,4,-1,0,Sortida de via amb atropellament,-1,2,2,5,-1,2,1,13.0,0,1,2,2,4
4436,2014,1,2014-07-18,N-230,ALFARRAS,Segria,2,0,1,0,2,1,0,0,0,1,0,0,0,100.0,0.0,0,2,No n'hi ha,-1.0,3,3,1,0,0,0,0,0,0,0,0,0,1,2,5,4,1,Atropellament,1,0,2,4,1,2,0,22.42,2,3,4,18,7
4437,2014,1,2014-06-16,SE,TARRAGONA,Tarragones,0,0,1,0,2,1,0,0,0,1,0,0,0,100.0,0.0,0,2,No n'hi ha,-1.0,3,3,1,0,0,0,0,0,0,0,0,0,0,0,4,-1,1,Atropellament,-1,2,2,5,-1,2,1,14.07,1,3,0,16,6
4438,2014,0,2014-10-11,AP-7,"JONQUERA, LA",Alt Emporda,1,1,1,0,2,0,0,0,0,1,1,0,0,90.0,0.0,0,2,No n'hi ha,-1.0,3,3,0,0,0,1,0,0,0,0,0,0,0,0,4,-1,1,Encalç,-1,1,2,2,1,2,0,10.38,0,2,5,11,10
4439,2014,0,2014-06-14,AP-7,CERDANYOLA DEL VALLES,Valles Occidental,3,0,1,0,2,0,0,0,1,1,0,0,0,100.0,0.0,0,3,No n'hi ha,-1.0,3,3,1,0,0,0,0,0,0,0,0,0,0,0,4,-1,0,Encalç,-1,1,1,2,1,2,0,13.53,0,2,5,14,6
4440,2014,0,2014-02-12,BV-2421,CORBERA DE LLOBREGAT,Baix Llobregat,3,0,1,0,2,0,0,0,1,0,1,0,0,100.0,0.0,0,-1,No n'hi ha,-1.0,3,3,1,0,0,0,0,0,0,0,0,0,0,0,4,-1,-1,Envestida (frontal lateral),-1,1,2,4,-1,2,1,15.05,1,2,2,12,2
4441,2014,1,2014-03-14,N-150,TERRASSA,Valles Occidental,3,1,0,0,1,0,0,0,1,0,0,0,0,50.0,0.0,0,3,No n'hi ha,-1.0,3,3,0,0,0,0,0,0,0,0,0,0,0,0,5,-1,0,Altres,-1,0,2,4,2,2,0,23.5,2,5,4,14,3
4442,2014,1,2014-04-05,BV-1602,LLICA D'AMUNT,Valles Oriental,3,1,1,1,1,0,0,0,0,1,0,0,0,100.0,0.0,0,2,No n'hi ha,-1.0,3,3,0,0,0,0,0,0,0,0,0,0,0,0,5,-1,1,Resta sortides de via,-1,0,2,4,-1,2,0,22.0,2,1,5,5,4
4443,2014,1,2014-05-30,SE,BARCELONA,Barcelones,3,0,1,0,2,1,0,0,0,1,0,0,0,30.0,0.0,0,-1,No n'hi ha,-1.0,1,3,1,0,0,0,0,0,0,0,0,0,0,1,4,4,0,Atropellament,0,2,0,5,-1,2,1,11.2,0,3,4,30,5
4444,2014,1,2014-08-25,SE,MATADEPERA,Valles Occidental,3,0,1,1,2,0,0,0,1,1,0,0,0,20.0,0.0,0,2,No n'hi ha,-1.0,3,3,1,0,0,0,0,0,0,0,0,0,0,2,4,4,1,Fregament o col·lisió lateral,1,2,2,5,-1,2,1,11.48,0,2,0,25,8
4445,2014,1,2014-11-23,SE,GRANOLLERS,Valles Oriental,3,0,1,0,2,0,0,0,1,1,0,0,0,100.0,0.0,0,2,No n'hi ha,-1.0,3,3,1,0,0,0,0,0,0,0,0,0,0,0,4,-1,1,Col·lisió frontal,-1,2,2,5,0,2,0,15.15,1,2,6,23,11
4446,2014,1,2014-12-12,SE,BARCELONA,Barcelones,3,0,1,0,2,0,0,0,1,1,0,0,0,100.0,0.0,0,-1,No n'hi ha,-1.0,3,3,1,0,0,0,0,0,0,0,0,0,0,1,5,3,0,Envestida (frontal lateral),2,2,2,5,-1,2,0,21.05,1,2,4,12,12
4447,2014,0,2014-09-16,A-2,SANT FELIU DE LLOBREGAT,Baix Llobregat,3,0,1,0,2,0,0,0,1,1,0,0,0,120.0,0.0,0,-1,Sense Especificar,-1.0,3,3,1,0,0,0,0,0,0,0,0,0,0,0,4,-1,-1,Encalç,-1,1,2,1,4,2,1,9.35,0,2,1,16,9
4448,2014,0,2014-12-25,C-32,SANT PERE DE RIBES,Garraf,3,1,1,0,3,1,0,0,0,2,0,0,0,120.0,0.0,0,2,No n'hi ha,-1.0,3,3,0,0,0,0,0,0,0,0,0,0,1,0,3,-1,0,Atropellament,-1,1,2,2,2,2,1,4.03,2,3,3,25,12
4449,2014,1,2014-12-06,SE,HOSPITALET DE LLOBREGAT,Barcelones,3,0,1,0,2,0,0,0,1,1,0,0,0,20.0,0.0,0,2,No n'hi ha,-1.0,3,3,1,0,0,0,0,0,0,0,0,0,0,1,5,4,0,Envestida (frontal lateral),2,2,2,5,-1,2,0,21.19,1,2,5,6,12
4450,2014,1,2014-05-05,C-245,VILADECANS,Baix Llobregat,3,0,1,0,2,0,0,1,0,1,0,0,0,90.0,0.0,0,-1,No n'hi ha,-1.0,3,3,1,0,1,0,0,0,0,0,0,0,1,1,4,2,-1,Encalç,1,0,2,4,-1,2,1,9.55,0,2,0,5,5
4451,2014,1,2014-04-01,SE,HOSPITALET DE LLOBREGAT,Barcelones,3,0,1,0,5,1,0,0,0,4,0,0,0,20.0,0.0,0,-1,No n'hi ha,-1.0,3,3,1,-1,0,0,0,-1,0,0,0,0,0,0,1,-1,0,Atropellament,-1,2,2,5,-1,2,1,20.54,1,3,1,1,4
4452,2014,1,2014-04-05,C-253,SANTA COLOMA DE FARNERS,Selva,1,0,1,0,2,0,0,0,1,1,0,0,0,100.0,0.0,0,2,No n'hi ha,-1.0,3,3,1,0,0,0,0,0,0,0,0,0,0,1,4,5,1,Envestida (frontal lateral),1,0,2,4,0,2,0,18.3,1,2,5,5,4
4453,2014,0,2014-11-03,CR,"FAR D'EMPORDA, EL",Alt Emporda,1,0,1,0,1,0,0,0,0,1,0,0,0,100.0,0.0,0,2,No n'hi ha,-1.0,3,3,1,0,0,0,0,0,0,0,0,0,0,0,5,-1,1,Resta sortides de via,-1,1,2,0,0,2,1,18.1,1,1,0,3,11
4454,2014,0,2014-09-06,BP-1417,BARCELONA,Barcelones,3,0,1,0,1,0,0,0,1,0,0,0,0,50.0,0.0,0,-1,No n'hi ha,-1.0,3,3,1,0,0,0,0,0,0,0,0,0,0,0,4,-1,1,Caiguda en la via,-1,1,2,4,3,2,0,17.5,1,0,5,6,9
4455,2014,1,2014-02-18,GI-524,OLOT,Garrotxa,1,0,1,0,2,0,0,0,0,2,0,0,0,100.0,0.0,0,2,No n'hi ha,-1.0,3,3,1,0,0,0,0,0,0,0,0,0,0,1,2,4,0,Envestida (frontal lateral),0,0,2,4,0,2,1,11.11,0,2,1,18,2
4456,2014,0,2014-06-08,CR,RIUDELLOTS DE LA SELVA,Selva,1,0,2,5,2,0,0,0,0,2,0,0,0,100.0,1.0,0,2,No n'hi ha,-1.0,3,3,1,0,0,0,0,0,0,0,0,0,0,0,1,-1,0,Encalç,-1,1,2,0,1,2,0,6.1,0,2,6,8,6
4457,2014,1,2014-11-25,SE,SANT PERE DE RIBES,Garraf,3,0,1,0,2,0,0,0,0,2,0,0,0,100.0,0.0,0,-1,No n'hi ha,-1.0,3,3,1,0,0,0,0,0,0,0,0,0,0,0,4,-1,-1,Fregament o col·lisió lateral,-1,2,2,5,-1,2,1,16.09,1,2,1,25,11
4458,2014,0,2014-11-20,B-20,BARCELONA,Barcelones,3,0,1,0,2,0,0,0,1,1,0,0,0,100.0,0.0,0,-1,No n'hi ha,-1.0,3,3,1,0,0,1,0,0,0,0,0,0,0,0,4,-1,0,Encalç,-1,1,2,1,-1,2,1,8.4,0,2,3,20,11
4459,2014,0,2014-02-11,C-16,BARCELONA,Barcelones,3,0,1,0,3,0,0,0,1,2,0,0,0,80.0,0.0,0,1,Carril reversible,-1.0,3,3,1,0,1,0,0,0,0,0,0,0,0,0,4,-1,1,Fregament o col·lisió lateral,-1,1,2,2,2,1,1,10.24,0,2,1,11,2
4460,2014,0,2014-09-27,A-2,COLLBATO,Baix Llobregat,3,0,2,0,1,0,0,0,0,1,0,0,0,60.0,0.0,0,3,No n'hi ha,-1.0,3,3,1,0,0,0,0,0,0,0,0,0,0,0,4,-1,1,Resta sortides de via,-1,1,2,1,1,2,0,18.3,1,1,5,27,9
4461,2014,1,2014-10-20,C-55,OLIUS,Solsones,2,1,2,2,2,0,0,0,0,2,0,0,0,50.0,0.0,0,2,No n'hi ha,-1.0,3,3,0,0,0,0,0,0,0,0,0,0,0,0,4,-1,1,Col·lisió frontal,-1,0,2,4,2,2,1,13.51,0,2,0,20,10
4462,2014,0,2014-12-29,A-2,BELL-LLOC D'URGELL,Pla d'Urgell,2,0,1,2,1,0,0,0,0,1,0,0,0,100.0,0.0,0,2,No n'hi ha,-1.0,3,3,1,0,0,0,0,0,0,0,0,0,0,0,4,-1,1,Resta sortides de via,-1,1,2,1,1,2,1,11.05,0,1,0,29,12
4463,2014,0,2014-04-03,C-14,REUS,Baix Camp,0,0,1,2,8,0,0,0,0,8,0,0,0,100.0,0.0,0,-1,No n'hi ha,-1.0,3,3,1,0,0,0,0,0,0,0,0,0,0,0,4,-1,-1,Envestida (frontal lateral),-1,1,2,1,-1,2,1,14.13,1,2,3,3,4
4464,2014,0,2014-04-16,B-20,SANT BOI DE LLOBREGAT,Baix Llobregat,3,0,1,0,2,0,0,0,1,1,0,0,0,80.0,0.0,0,2,No n'hi ha,-1.0,3,3,1,0,0,0,0,0,0,0,0,0,0,0,4,-1,1,Encalç,-1,1,2,1,1,2,1,16.33,1,2,2,16,4
4465,2014,1,2014-06-09,SE,GRANOLLERS,Valles Oriental,3,0,1,0,2,0,0,0,1,1,0,0,0,50.0,0.0,0,2,No n'hi ha,-1.0,3,3,1,0,0,0,0,0,0,0,0,0,0,1,4,5,0,Envestida (frontal lateral),1,2,2,5,0,2,1,13.1,0,2,0,9,6
4466,2014,0,2014-04-15,C-243b,CASTELLVI DE ROSANES,Baix Llobregat,3,0,1,0,2,0,0,0,1,1,0,0,0,90.0,0.0,0,-1,Sense Especificar,-1.0,3,3,1,0,0,0,0,0,0,0,0,0,0,0,4,-1,-1,Fregament o col·lisió lateral,-1,1,2,4,4,2,1,10.31,0,2,1,15,4
4467,2014,1,2014-10-18,SE,FIGUERES,Alt Emporda,1,0,1,0,2,0,0,1,0,1,0,0,0,100.0,0.0,0,2,No n'hi ha,-1.0,3,3,1,0,0,0,0,0,0,0,0,0,0,1,4,4,1,Envestida (frontal lateral),2,2,2,5,-1,2,0,11.2,0,2,5,18,10
4468,2014,0,2014-09-15,C-17,CANOVELLES,Valles Oriental,3,0,1,0,2,0,1,0,0,1,0,0,0,100.0,0.0,0,2,No n'hi ha,-1.0,3,3,1,0,0,0,0,0,0,0,0,0,0,0,4,-1,1,Fregament o col·lisió lateral,-1,1,2,1,2,2,1,14.2,1,2,0,15,9
4469,2014,1,2014-11-19,SE,BARCELONA,Barcelones,3,0,1,0,2,1,0,0,0,1,0,0,0,100.0,0.0,0,-1,No n'hi ha,-1.0,3,3,1,0,0,0,0,0,0,0,0,0,1,0,4,-1,1,Atropellament,-1,2,2,5,-1,2,1,11.35,0,3,2,19,11
4470,2014,1,2014-11-22,SE,BARCELONA,Barcelones,3,0,1,0,1,0,0,0,1,0,0,0,0,100.0,0.0,0,-1,Carril central,-1.0,3,3,1,0,0,0,0,0,0,0,0,0,0,0,5,-1,1,Xoc contra objecte/obstacle sense sortida prèvia de via,-1,2,2,5,-1,2,0,5.0,2,4,5,22,11
4471,2014,1,2014-05-17,SE,TORTOSA,Baix Ebre,0,0,1,0,2,0,0,0,1,1,0,0,0,100.0,0.0,0,2,No n'hi ha,-1.0,1,3,1,0,0,0,1,0,0,0,0,0,0,0,4,-1,1,Envestida (frontal lateral),-1,2,2,5,0,2,0,8.2,0,2,5,17,5
4472,2014,1,2014-07-05,SE,TERRASSA,Valles Occidental,3,0,2,1,4,2,0,0,2,0,0,0,0,100.0,0.0,0,-1,No n'hi ha,-1.0,3,3,1,0,0,0,0,0,0,0,0,0,0,0,4,-1,-1,Atropellament,-1,2,2,5,-1,2,0,6.58,0,3,5,5,7
4473,2014,0,2014-09-02,C-14z,ALCOVER,Alt Camp,0,1,0,1,2,0,0,0,0,1,1,0,0,100.0,0.0,0,2,No n'hi ha,-1.0,3,3,0,0,0,0,0,0,0,0,0,0,1,1,4,5,1,Envestida (frontal lateral),1,1,2,4,2,2,1,14.04,1,2,1,2,9
4474,2014,0,2014-09-28,C-31,MONT-RAS,Baix Emporda,1,1,0,0,1,1,0,0,0,0,0,0,0,80.0,1.0,0,2,Carril d'alentiment,-1.0,3,3,0,0,0,0,0,0,0,0,0,0,0,0,3,-1,1,Atropellament,-1,1,2,1,2,2,0,6.48,0,3,6,28,9
4475,2014,0,2014-08-09,BV-5301,SANT ESTEVE DE PALAU,Valles Oriental,3,0,1,0,1,0,0,0,1,0,0,0,0,90.0,0.0,0,-1,Sense Especificar,-1.0,3,3,1,0,0,0,0,0,0,0,0,0,0,0,4,-1,-1,Resta sortides de via,-1,1,2,4,4,2,0,14.4,1,1,5,9,8
4476,2014,1,2014-10-24,SE,TERRASSA,Valles Occidental,3,1,1,0,1,0,0,0,1,0,0,0,0,60.0,0.0,0,2,No n'hi ha,-1.0,3,3,0,0,0,0,0,0,0,0,0,0,0,0,5,-1,1,Resta sortides de via,-1,2,2,5,2,2,0,21.4,1,1,4,24,10
4477,2014,0,2014-11-07,A-2,ODENA,Anoia,3,0,1,0,1,0,0,0,0,0,1,0,0,120.0,0.0,0,-1,Sense Especificar,-1.0,3,3,1,0,0,0,0,0,0,0,0,0,0,0,4,-1,-1,Resta sortides de via,-1,1,2,1,4,2,0,23.51,2,1,4,7,11
4478,2014,1,2014-12-22,SE,TARRAGONA,Tarragones,0,0,1,0,2,1,0,0,0,1,0,0,0,100.0,0.0,0,2,No n'hi ha,-1.0,3,3,1,0,0,0,0,0,0,0,0,0,0,2,4,3,0,Atropellament,0,2,2,5,-1,2,1,12.53,0,3,0,22,12
4479,2014,1,2014-09-12,SE,BARCELONA,Barcelones,3,0,1,0,3,2,0,0,0,1,0,0,0,100.0,0.0,0,-1,No n'hi ha,-1.0,3,3,1,0,0,0,0,0,0,0,0,0,0,0,4,-1,1,Atropellament,-1,2,2,5,-1,2,0,16.1,1,3,4,12,9
4480,2014,0,2014-05-31,C-33,MONTCADA I REIXAC,Valles Occidental,3,1,0,0,2,0,0,0,1,1,0,0,0,100.0,0.0,0,-1,No n'hi ha,-1.0,3,3,0,0,0,0,0,0,0,0,0,0,0,0,4,-1,-1,Caiguda en la via,-1,1,2,2,-1,2,0,6.56,0,0,5,31,5
4481,2014,0,2014-09-14,C-243C,CASTELLBISBAL,Valles Occidental,3,0,1,0,2,0,0,0,1,1,0,0,0,60.0,0.0,0,2,No n'hi ha,-1.0,3,3,1,0,0,0,0,0,0,0,0,0,0,0,2,-1,1,Caiguda en la via,-1,1,2,4,3,2,0,11.57,0,0,6,14,9
4482,2014,1,2014-04-30,SE,CERDANYOLA DEL VALLES,Valles Occidental,3,0,1,0,2,1,0,0,0,1,0,0,0,20.0,0.0,0,2,No n'hi ha,-1.0,3,3,1,0,0,0,0,0,0,0,0,0,0,0,4,-1,0,Atropellament,-1,2,2,5,-1,2,1,8.15,0,3,2,30,4
4483,2014,1,2014-09-15,C-1415a,TERRASSA,Valles Occidental,3,0,1,0,2,0,0,0,1,1,0,0,0,100.0,0.0,0,-1,No n'hi ha,-1.0,3,3,1,0,0,0,0,0,0,0,0,0,0,0,4,-1,-1,Caiguda en la via,-1,0,2,4,-1,2,1,20.55,1,0,0,15,9
4484,2014,0,2014-06-23,C-32,SANT POL DE MAR,Maresme,3,0,1,0,1,0,0,0,0,1,0,0,0,100.0,0.0,0,2,No n'hi ha,-1.0,3,3,1,0,0,0,0,0,0,0,0,0,0,1,3,5,0,Resta sortides de via,3,1,2,2,2,2,1,4.22,2,1,0,23,6
4485,2014,1,2014-06-20,SE,TARRAGONA,Tarragones,0,0,1,1,2,1,0,0,1,0,0,0,0,100.0,0.0,0,2,No n'hi ha,-1.0,3,3,1,0,0,0,0,0,0,0,0,0,0,0,4,-1,1,Atropellament,-1,2,2,5,-1,2,1,10.3,0,3,4,20,6
4486,2014,1,2014-10-26,SE,NAVES,Solsones,2,0,1,0,1,0,0,0,0,0,0,1,0,20.0,0.0,0,-1,Sense Especificar,-1.0,3,1,1,0,0,0,0,0,0,0,0,0,0,0,4,-1,-1,Altres,-1,0,2,5,4,2,0,12.09,0,5,6,26,10
4487,2014,1,2014-11-03,SE,TERRASSA,Valles Occidental,3,0,1,1,3,1,0,0,1,1,0,0,0,100.0,0.0,0,-1,No n'hi ha,-1.0,3,3,1,0,0,0,0,0,0,0,0,0,0,0,4,-1,-1,Atropellament,-1,2,2,5,-1,2,1,9.1,0,3,0,3,11
4488,2014,1,2014-06-18,BV-1602,LLICA DE VALL,Valles Oriental,3,0,1,0,2,0,0,1,0,1,0,0,0,90.0,0.0,0,2,No n'hi ha,-1.0,3,3,1,-1,0,0,0,-1,0,0,0,0,-1,0,4,-1,1,Encalç,-1,0,2,4,-1,2,1,10.4,0,2,2,18,6