,Year,Area,Date,Road,Municipality Name,County Name,Province Name,Fatalties,Serious Injuries,Light Injuries,Units Involved,Pedestrains Involved,Bicycles Involved,Mopeds Involved,Motorcycles,Light Vehicles Involved,Heavy Vehicles Involved,Other Units Involved,Unspecified Units Involved,Road Speed Limit,Accident with Hit and Run,Fog Presence,Surrounding Environment,Special Lane Presence,Special Traffic Measures,Weather Conditions,Special Road Functions,Severity of Accident,Influence of Fog,Influence of Environment,Influence of Traffic,Influence of Weather,Influence of Wind Intensity,Influence of Lighting,Influence of Special Measures,Influence of Road Objects,Influence of Road Surface,Influence of Visibility,Intersection Characteristics,Lighting Conditions,Traffic Regulation and Priority,Direction of Road,Subtype of Accident,Subtype of Road Section,Subzone within Area,Road Surface Conditions,Type of Road,Road Ownership,Wind Conditions,Day of the Week Grouping,Hour of Day,Time of Day Grouping,Type of Accident,Day Type,Day,Month
4489,2014,0,2014-02-10,CR,TORREGROSSA,Pla d'Urgell,2,0,1,0,1,0,0,0,0,1,0,0,0,100.0,0.0,0,3,No n'hi ha,-1.0,3,3,1,0,0,0,0,0,0,0,0,0,0,0,2,-1,1,Resta sortides de via,-1,1,2,0,0,2,1,8.06,0,1,0,10,2
4490,2014,0,2014-09-08,B-23,SANT FELIU DE LLOBREGAT,Baix Llobregat,3,0,1,0,2,0,0,0,0,1,1,0,0,100.0,0.0,0,2,No n'hi ha,-1.0,3,3,1,0,0,0,0,0,0,0,0,0,0,0,4,-1,0,Fregament o col·lisió lateral,-1,1,2,1,2,2,1,16.32,1,2,0,8,9
4491,2014,0,2014-09-02,A-27,TARRAGONA,Tarragones,0,0,1,0,3,0,0,0,1,2,0,0,0,40.0,0.0,0,3,No n'hi ha,-1.0,3,3,1,0,0,0,0,0,0,0,0,0,0,2,4,4,0,Encalç,0,1,2,4,1,2,1,15.17,1,2,1,2,9
4492,2014,1,2014-10-31,SE,BARCELONA,Barcelones,3,0,3,1,4,3,0,0,1,0,0,0,0,100.0,0.0,0,-1,Carril bus,-1.0,3,3,1,0,0,0,0,0,0,0,0,0,1,1,4,3,0,Atropellament,2,2,2,5,-1,2,1,9.0,0,3,4,31,10
4493,2014,0,2014-03-26,C-32,CORNELLA DE LLOBREGAT,Baix Llobregat,3,0,1,0,2,0,0,0,1,1,0,0,0,80.0,0.0,0,0,No n'hi ha,-1.0,3,3,1,0,0,0,0,0,0,0,0,0,0,0,4,-1,1,Encalç,-1,1,2,2,2,2,1,8.0,0,2,2,26,3
4494,2014,1,2014-06-05,C-15z,CANYELLES,Garraf,3,0,1,0,1,0,0,1,0,0,0,0,0,100.0,0.0,0,2,No n'hi ha,-1.0,3,3,1,0,0,0,0,0,0,0,0,0,0,1,4,5,1,Caiguda en la via,0,0,2,4,2,2,1,10.53,0,0,3,5,6
4495,2014,0,2014-10-18,T-11,TARRAGONA,Tarragones,0,0,1,0,1,0,0,0,0,1,0,0,0,40.0,0.0,0,3,No n'hi ha,-1.0,3,3,1,0,0,0,0,0,0,0,0,0,0,2,4,4,0,Resta sortides de via,0,1,2,1,1,2,0,8.2,0,1,5,18,10
4496,2014,1,2014-04-10,N-II,SANT JULIA DE RAMIS,Girones,1,0,1,0,1,0,0,0,1,0,0,0,0,100.0,0.0,0,2,No n'hi ha,-1.0,3,3,1,0,0,0,0,0,0,0,0,0,0,2,4,3,1,Caiguda en la via,1,0,4,4,1,2,1,13.59,0,0,3,10,4
4497,2014,1,2014-05-07,SE,GRANOLLERS,Valles Oriental,3,1,0,0,2,0,0,0,1,0,1,0,0,50.0,0.0,0,2,No n'hi ha,-1.0,3,3,0,0,0,0,0,0,0,0,0,0,0,0,4,-1,1,Fregament o col·lisió lateral,-1,2,2,5,0,2,1,13.4,0,2,2,7,5
4498,2014,0,2014-08-21,AP-7,MACANET DE LA SELVA,Selva,1,0,1,0,1,0,0,0,1,0,0,0,0,100.0,1.0,0,1,No n'hi ha,-1.0,2,3,1,0,0,0,0,0,0,0,0,0,0,2,2,5,0,Fregament o col·lisió lateral,3,1,2,2,1,2,1,9.39,0,2,3,21,8
4499,2014,1,2014-12-12,C-245,ESPLUGUES DE LLOBREGAT,Baix Llobregat,3,0,1,0,2,1,0,0,0,0,0,1,0,90.0,0.0,0,-1,No n'hi ha,-1.0,3,3,1,0,-1,0,0,0,0,0,0,0,0,0,4,-1,-1,Atropellament,-1,0,2,4,-1,2,0,17.35,1,3,4,12,12
4500,2014,1,2014-12-08,SE,SALOU,Tarragones,0,0,1,0,2,0,0,1,0,1,0,0,0,100.0,0.0,0,2,No n'hi ha,-1.0,3,3,1,0,0,0,0,0,0,0,0,0,0,1,4,4,1,Envestida (frontal lateral),2,2,2,5,-1,2,1,10.3,0,2,0,8,12
4501,2014,0,2014-11-07,C-55,SANT JOAN DE VILATOR,Bages,3,1,0,0,2,1,0,0,0,1,0,0,0,100.0,0.0,0,2,No n'hi ha,-1.0,3,3,0,0,0,0,0,0,0,0,0,0,0,2,3,4,1,Atropellament,1,1,2,4,2,2,0,20.16,1,3,4,7,11
4502,2014,0,2014-08-13,C-17,TAGAMANENT,Valles Oriental,3,0,1,0,1,0,0,0,0,1,0,0,0,80.0,0.0,0,2,No n'hi ha,-1.0,1,3,1,0,0,0,0,0,0,0,0,0,0,0,3,-1,1,Resta sortides de via,-1,1,2,1,2,2,1,4.38,2,1,2,13,8
4503,2014,0,2014-08-18,B-23,MOLINS DE REI,Baix Llobregat,3,1,0,0,2,0,0,0,1,1,0,0,0,100.0,0.0,0,3,No n'hi ha,-1.0,3,3,0,0,0,0,0,0,0,0,0,0,0,0,0,-1,1,Encalç,-1,1,2,1,1,2,1,5.43,2,2,0,18,8
4504,2014,0,2014-10-09,A-2,SANT JOAN DESPI,Baix Llobregat,3,0,1,0,3,0,0,0,1,1,1,0,0,100.0,0.0,0,1,No n'hi ha,-1.0,3,3,1,0,0,0,0,0,0,0,0,0,0,0,4,-1,1,Envestida (frontal lateral),-1,1,2,1,1,2,1,16.33,1,2,3,9,10
4505,2014,1,2014-04-02,SE,SUBIRATS,Alt Penedes,3,0,1,0,3,0,0,0,0,2,1,0,0,50.0,0.0,0,2,No n'hi ha,-1.0,3,3,1,0,1,0,0,0,0,0,0,0,0,0,4,-1,1,Xoc contra objecte/obstacle sense sortida prèvia de via,-1,2,2,5,-1,2,1,10.42,0,4,2,2,4
4506,2014,1,2014-03-14,SE,LLEIDA,Segria,2,0,1,0,1,0,0,0,0,0,1,0,0,20.0,0.0,0,-1,No n'hi ha,-1.0,3,3,1,-1,0,0,0,-1,0,0,0,0,-1,0,4,-1,0,Resta sortides de via,-1,2,2,5,-1,2,1,14.25,1,1,4,14,3
4507,2014,1,2014-11-27,SE,TARRAGONA,Tarragones,0,0,1,0,2,0,0,1,0,1,0,0,0,100.0,0.0,0,2,No n'hi ha,-1.0,1,3,1,0,0,0,0,0,0,0,0,0,0,0,5,-1,1,Col·lisió frontal,-1,2,0,5,-1,2,1,7.15,0,2,3,27,11
4508,2014,1,2014-04-09,SE,BARCELONA,Barcelones,3,0,1,1,3,0,0,0,2,1,0,0,0,100.0,0.0,0,-1,No n'hi ha,-1.0,3,3,1,0,0,0,0,0,0,0,0,0,0,1,4,3,0,Envestida (frontal lateral),2,2,2,5,-1,2,1,18.5,1,2,2,9,4
4509,2014,0,2014-12-21,C-55,ABRERA,Baix Llobregat,3,0,1,2,4,0,0,0,0,4,0,0,0,90.0,0.0,0,1,No n'hi ha,-1.0,3,3,1,0,0,0,0,0,0,0,0,0,0,0,4,-1,1,Col·lisió frontal,-1,1,2,4,2,2,0,20.07,1,2,6,21,12
4510,2014,0,2014-10-21,C-58,MONTCADA I REIXAC,Valles Occidental,3,0,1,0,2,0,0,0,1,1,0,0,0,100.0,0.0,0,2,Carril acceleració,-1.0,3,3,1,0,0,0,0,0,0,0,0,0,0,0,1,-1,0,Envestida (frontal lateral),-1,1,2,1,2,2,1,7.42,0,2,1,21,10
4511,2014,0,2014-10-25,N-II,PALAFOLLS,Maresme,3,0,2,0,2,0,0,1,0,1,0,0,0,90.0,0.0,0,-1,Sense Especificar,-1.0,3,3,1,0,0,0,0,0,0,0,0,0,0,1,4,5,-1,Fregament o col·lisió lateral,0,1,2,4,4,2,0,12.25,0,2,5,25,10
4512,2014,0,2014-12-07,C-59,CALDES DE MONTBUI,Valles Oriental,3,0,1,5,3,0,0,0,0,3,0,0,0,70.0,0.0,0,2,No n'hi ha,-1.0,3,3,1,0,0,0,0,0,0,0,0,0,0,0,4,-1,1,Col·lisió frontal,-1,1,2,4,2,2,0,17.11,1,2,6,7,12
4513,2014,1,2014-09-15,SE,BERGA,Bergueda,3,0,1,0,1,0,0,0,0,1,0,0,0,20.0,0.0,0,2,No n'hi ha,-1.0,3,3,1,-1,0,0,0,-1,0,0,0,0,-1,0,5,-1,1,Sortida de via amb xoc o col·lisió,-1,0,2,5,-1,2,1,2.0,2,1,0,15,9
4514,2014,1,2014-09-22,SE,BERGA,Bergueda,3,0,1,0,2,1,0,0,0,1,0,0,0,20.0,0.0,0,-1,No n'hi ha,-1.0,3,3,1,-1,0,0,0,-1,0,0,0,0,1,0,4,-1,1,Atropellament,-1,2,2,5,-1,2,1,18.2,1,3,0,22,9
4515,2014,1,2014-09-20,SE,TORTOSA,Baix Ebre,0,0,1,0,2,0,0,1,0,1,0,0,0,100.0,0.0,0,2,No n'hi ha,-1.0,3,3,1,0,0,0,0,0,0,0,0,0,0,0,4,-1,1,Envestida (frontal lateral),-1,2,2,5,0,2,0,17.2,1,2,5,20,9
4516,2014,1,2014-09-17,C-37z,MANRESA,Bages,3,0,1,0,2,0,0,0,1,1,0,0,0,100.0,0.0,0,2,No n'hi ha,-1.0,3,3,1,0,0,0,0,0,0,0,0,0,0,0,4,-1,1,Envestida (frontal lateral),-1,0,2,4,2,2,1,17.3,1,2,2,17,9
4517,2014,0,2014-12-22,SE,SANTA EULALIA DE RIU,Osona,3,0,1,0,1,0,0,0,0,0,1,0,0,30.0,0.0,0,-1,Sense Especificar,-1.0,3,3,1,0,0,0,0,0,0,0,0,0,0,0,4,-1,-1,Resta sortides de via,-1,1,2,0,4,2,1,8.36,0,1,0,22,12
4518,2014,1,2014-02-26,SE,LLEIDA,Segria,2,0,2,0,3,2,0,0,0,1,0,0,0,100.0,0.0,0,-1,No n'hi ha,-1.0,3,3,1,0,0,0,0,0,0,0,0,0,0,0,4,-1,-1,Atropellament,-1,2,2,5,-1,2,1,9.05,0,3,2,26,2
4519,2014,1,2014-02-18,SE,ALMACELLES,Segria,2,0,1,1,2,1,0,0,1,0,0,0,0,100.0,0.0,0,2,No n'hi ha,-1.0,3,3,1,0,0,0,0,0,0,0,0,0,1,1,4,5,1,Atropellament,2,2,2,5,-1,2,1,11.48,0,3,1,18,2
4520,2014,1,2014-06-21,BV-5001,SANTA COLOMA DE GRAMANET,Barcelones,3,0,1,0,2,0,0,0,1,0,1,0,0,90.0,0.0,0,2,No n'hi ha,-1.0,3,3,1,-1,0,0,0,-1,0,0,0,0,0,1,1,3,1,Envestida (frontal lateral),2,0,2,4,-1,2,0,6.35,0,2,5,21,6
4521,2014,1,2014-09-30,SE,VILANOVA I LA GELTRU,Garraf,3,0,1,1,2,0,0,1,0,1,0,0,0,100.0,0.0,0,2,No n'hi ha,-1.0,3,3,1,0,0,0,0,0,0,0,0,0,0,1,4,4,0,Envestida (frontal lateral),1,2,2,5,-1,2,1,19.23,1,2,1,30,9
4522,2014,1,2014-11-09,SE,LLEIDA,Segria,2,0,1,0,3,0,0,1,0,2,0,0,0,100.0,0.0,0,1,No n'hi ha,-1.0,1,3,1,0,0,0,0,0,0,0,0,0,0,0,4,-1,1,Caiguda en la via,-1,2,2,5,-1,2,0,14.14,1,0,6,9,11
4523,2014,1,2014-11-15,SE,GIRONA,Girones,1,0,1,0,2,0,0,0,1,1,0,0,0,40.0,0.0,0,2,No n'hi ha,-1.0,3,3,1,0,0,0,0,0,0,0,0,0,0,1,4,4,0,Envestida (frontal lateral),3,2,2,5,0,2,0,8.4,0,2,5,15,11
4524,2014,0,2014-12-16,C-35,SANT FELIU DE BUIXALLEU,Selva,1,0,1,1,2,0,0,0,0,1,1,0,0,100.0,0.0,0,0,Carril central,-1.0,3,3,1,0,0,0,0,0,0,0,0,0,0,1,2,4,1,Col·lisió frontal,1,1,2,4,2,2,1,10.24,0,2,1,16,12
4525,2014,1,2014-11-14,C-251,CARDEDEU,Valles Oriental,3,1,0,0,2,0,0,1,0,1,0,0,0,100.0,0.0,0,2,No n'hi ha,-1.0,3,3,0,0,0,0,0,0,0,0,0,0,0,1,4,4,1,Envestida (frontal lateral),2,0,2,4,3,2,1,8.05,0,2,4,14,11
4526,2014,1,2014-03-10,BV-1604,PARETS DEL VALLES,Valles Oriental,3,0,1,0,2,1,0,0,0,1,0,0,0,100.0,0.0,0,-1,No n'hi ha,-1.0,3,3,1,0,0,0,0,0,0,0,0,0,0,0,4,-1,-1,Atropellament,-1,0,2,4,-1,2,1,11.55,0,3,0,10,3
4527,2014,0,2014-07-04,SE,BRUNYOLA,Selva,1,1,0,1,2,0,0,0,0,1,1,0,0,40.0,0.0,0,1,No n'hi ha,-1.0,3,3,0,0,0,0,0,0,1,0,0,0,0,0,4,-1,1,Col·lisió frontal,-1,1,3,0,0,2,1,8.48,0,2,4,4,7
4528,2014,0,2014-11-21,C-31,GAVA,Baix Llobregat,3,0,1,0,1,0,1,0,0,0,0,0,0,120.0,0.0,0,-1,Sense Especificar,-1.0,3,3,1,0,0,0,0,0,0,0,0,0,0,0,4,-1,1,Xoc contra objecte/obstacle sense sortida prèvia de via,-1,1,2,1,4,2,1,11.2,0,4,4,21,11
4529,2014,0,2014-12-23,BV-1201,OLESA DE MONTSERRAT,Baix Llobregat,3,2,1,1,2,0,0,0,0,2,0,0,0,50.0,0.0,0,1,No n'hi ha,-1.0,3,3,0,-1,0,0,0,-1,0,0,0,0,0,0,1,-1,1,Col·lisió frontal,-1,1,2,4,2,2,1,17.45,1,2,1,23,12
4530,2014,1,2014-11-11,SE,MALGRAT DE MAR,Maresme,3,0,1,0,2,0,1,0,0,1,0,0,0,100.0,0.0,0,2,No n'hi ha,-1.0,3,3,1,0,0,0,0,0,0,0,0,0,0,1,4,4,0,Fregament o col·lisió lateral,2,2,2,5,-1,2,1,11.14,0,2,1,11,11
4531,2014,0,2014-12-17,C-59,MOLLET DEL VALLES,Valles Oriental,3,0,1,1,2,0,0,0,1,1,0,0,0,100.0,0.0,0,2,No n'hi ha,-1.0,3,3,1,0,0,0,0,0,0,0,0,0,0,0,5,-1,1,Fregament o col·lisió lateral,-1,1,2,4,2,2,1,23.1,2,2,2,17,12
4532,2014,1,2014-04-02,B-122,TERRASSA,Valles Occidental,3,0,1,0,2,0,0,0,1,1,0,0,0,100.0,0.0,0,-1,No n'hi ha,-1.0,3,3,1,0,0,0,0,0,0,0,0,0,0,0,4,-1,-1,Caiguda en la via,-1,0,2,4,-1,2,1,20.0,1,0,2,2,4
4533,2014,0,2014-08-07,CR,LLEIDA,Segria,2,0,1,0,2,0,1,0,0,1,0,0,0,50.0,0.0,0,2,No n'hi ha,-1.0,3,3,1,0,0,0,0,0,0,0,0,0,0,1,4,4,1,Envestida (frontal lateral),1,1,2,0,0,2,1,15.52,1,2,3,7,8
4534,2014,1,2014-10-18,TV-3321,ALCANAR,Montsia,0,0,1,0,2,0,0,0,0,1,1,0,0,100.0,0.0,0,2,No n'hi ha,-1.0,3,3,1,0,0,0,0,0,0,0,0,0,0,0,3,-1,1,Envestida (frontal lateral),-1,0,2,4,2,2,0,5.59,2,2,5,18,10
4535,2014,0,2014-03-20,B-20,BARCELONA,Barcelones,3,0,1,1,2,0,0,0,0,2,0,0,0,60.0,0.0,0,-1,No n'hi ha,-1.0,3,3,1,0,0,0,0,0,0,0,0,0,0,0,5,-1,0,Sortida de via amb xoc o col·lisió,-1,1,2,1,-1,2,1,23.2,2,1,3,20,3
4536,2014,1,2014-11-15,C-37,VALLS,Alt Camp,0,0,1,2,2,0,0,0,0,1,1,0,0,100.0,0.0,0,-1,No n'hi ha,-1.0,3,3,1,0,0,0,0,0,0,0,0,0,0,0,4,-1,-1,Envestida (frontal lateral),-1,0,2,4,-1,2,0,16.35,1,2,5,15,11
4537,2014,0,2014-02-26,AP-7,MONTORNES DEL VALLES,Valles Oriental,3,0,1,0,2,0,0,0,0,1,1,0,0,50.0,0.0,0,2,No n'hi ha,-1.0,3,3,1,0,0,0,0,0,0,0,0,0,0,0,4,-1,1,Envestida (frontal lateral),-1,1,2,2,1,2,1,13.1,0,2,2,26,2
4538,2014,1,2014-04-26,SE,TARRAGONA,Tarragones,0,0,1,0,2,1,0,0,0,1,0,0,0,100.0,0.0,0,-1,No n'hi ha,-1.0,3,3,1,0,0,0,0,0,0,0,0,0,0,0,4,-1,-1,Atropellament,-1,2,2,5,-1,2,0,18.15,1,3,5,26,4
4539,2014,1,2014-02-13,SE,BARCELONA,Barcelones,3,0,1,1,3,1,0,0,1,1,0,0,0,30.0,0.0,0,-1,No n'hi ha,-1.0,3,3,1,0,0,0,0,0,0,0,0,0,0,0,4,-1,0,Atropellament,-1,2,2,5,-1,2,1,18.3,1,3,3,13,2
4540,2014,1,2014-06-14,SE,ESPLUGUES DE LLOBREGAT,Baix Llobregat,3,0,1,0,2,0,0,0,1,1,0,0,0,20.0,0.0,0,2,No n'hi ha,-1.0,3,3,1,-1,0,0,0,-1,0,0,0,0,0,1,5,5,1,Fregament o col·lisió lateral,0,2,2,5,-1,2,0,0.12,2,2,5,14,6
4541,2014,0,2014-12-06,C-60,ARGENTONA,Maresme,3,0,1,0,1,0,0,0,1,0,0,0,0,60.0,0.0,0,2,No n'hi ha,-1.0,3,3,1,0,0,0,0,0,0,0,0,0,0,0,4,-1,0,Resta sortides de via,-1,1,2,1,2,2,0,13.57,0,1,5,6,12
4542,2014,0,2014-11-18,AP-7,VILAFRANCA DEL PENEDES,Alt Penedes,3,1,0,0,2,1,0,0,0,0,1,0,0,100.0,0.0,0,1,No n'hi ha,-1.0,3,3,0,0,0,0,0,0,0,0,0,0,1,0,3,-1,1,Atropellament,-1,1,2,2,1,2,1,5.32,2,3,1,18,11
4543,2014,1,2014-07-17,SE,ESPLUGUES DE LLOBREGAT,Baix Llobregat,3,0,1,1,3,2,0,0,0,1,0,0,0,20.0,0.0,0,0,No n'hi ha,-1.0,3,3,1,-1,0,0,0,-1,0,0,0,0,-1,1,4,3,1,Atropellament,0,2,2,5,-1,2,1,11.22,0,3,3,17,7
4544,2014,0,2014-04-16,AP-7,SILS,Selva,1,0,1,2,2,0,0,0,0,1,1,0,0,100.0,0.0,0,2,No n'hi ha,-1.0,3,3,1,0,0,0,0,0,0,0,0,0,0,0,4,-1,0,Encalç,-1,1,2,2,1,2,1,17.57,1,2,2,16,4
4545,2014,1,2014-04-11,LV-3311,BELL-LLOC D'URGELL,Pla d'Urgell,2,0,1,0,1,0,0,0,0,1,0,0,0,40.0,0.0,0,2,No n'hi ha,-1.0,3,3,1,0,0,0,0,0,0,0,0,0,0,1,4,1,1,Resta sortides de via,0,0,2,4,1,2,0,18.57,1,1,4,11,4
4546,2014,1,2014-10-12,SE,TERRASSA,Valles Occidental,3,0,1,1,2,0,0,0,0,2,0,0,0,100.0,0.0,0,-1,No n'hi ha,-1.0,3,3,1,0,0,0,0,0,0,0,0,0,0,0,4,-1,-1,Altres,-1,2,2,5,-1,2,0,6.05,0,5,6,12,10
4547,2014,1,2014-08-18,SE,SITGES,Garraf,3,0,1,0,3,0,0,1,0,2,0,0,0,100.0,0.0,0,2,No n'hi ha,-1.0,3,3,1,0,0,0,0,0,0,0,0,0,0,0,4,-1,1,Col·lisió frontal,-1,2,2,5,-1,2,1,8.05,0,2,0,18,8
4548,2014,1,2014-12-11,SE,TARRAGONA,Tarragones,0,0,1,0,2,0,1,0,0,1,0,0,0,20.0,0.0,0,2,No n'hi ha,-1.0,3,3,1,-1,0,0,0,-1,0,0,0,0,-1,0,1,-1,0,Envestida (frontal lateral),-1,2,2,5,-1,2,1,18.16,1,2,3,11,12
4549,2014,0,2014-02-03,AP-2,"PAPIOL, EL",Baix Llobregat,3,0,1,3,3,0,0,0,0,3,0,0,0,80.0,0.0,0,2,No n'hi ha,-1.0,3,3,1,0,0,1,0,0,0,0,0,0,0,0,5,-1,1,Encalç,-1,1,2,2,1,2,1,18.37,1,2,0,3,2
4550,2014,1,2014-06-28,SE,TERRASSA,Valles Occidental,3,0,1,2,2,0,0,0,0,2,0,0,0,100.0,0.0,0,2,No n'hi ha,-1.0,3,3,1,0,0,0,0,0,0,0,0,0,0,0,5,-1,1,Encalç,-1,2,2,5,-1,2,0,22.1,2,2,5,28,6
4551,2014,1,2014-06-07,SE,MALGRAT DE MAR,Maresme,3,0,1,0,2,1,0,0,0,1,0,0,0,100.0,0.0,0,2,No n'hi ha,,3,3,1,0,0,0,0,0,0,0,0,0,1,0,4,-1,0,Atropellament,-1,2,2,5,-1,2,0,12.51,0,3,5,7,6
4552,2014,0,2014-06-29,C-16,SANT CUGAT DEL VALLES,Valles Occidental,3,0,2,1,2,0,0,0,0,2,0,0,0,110.0,0.0,0,1,No n'hi ha,-1.0,3,3,1,0,0,0,0,0,0,0,0,0,0,0,4,-1,0,Fregament o col·lisió lateral,-1,1,2,2,2,2,0,15.42,1,2,6,29,6
4553,2014,1,2014-03-21,SE,BARCELONA,Barcelones,3,0,1,0,2,1,0,0,0,1,0,0,0,100.0,0.0,0,-1,No n'hi ha,-1.0,3,3,1,0,0,1,0,0,0,0,0,0,0,1,4,3,0,Atropellament,2,2,2,5,-1,2,1,12.15,0,3,4,21,3
4554,2014,1,2014-10-01,SE,SANTA COLOMA DE FARNERS,Selva,1,0,1,0,3,0,0,1,0,2,0,0,0,30.0,0.0,0,2,No n'hi ha,-1.0,3,3,1,0,0,0,0,0,0,0,0,0,0,0,1,-1,1,Envestida (frontal lateral),-1,2,2,5,0,2,1,19.3,1,2,2,1,10
4555,2014,1,2014-03-19,B-10,SANTA COLOMA DE GRAMANET,Barcelones,3,1,0,1,2,0,0,0,1,1,0,0,0,60.0,0.0,0,-1,No n'hi ha,-1.0,3,3,0,0,0,0,0,0,0,0,0,0,0,0,4,-1,0,Fregament o col·lisió lateral,-1,0,2,1,-1,2,1,10.45,0,2,2,19,3
4556,2014,0,2014-11-03,AP-7,"VENDRELL, EL",Baix Penedes,0,0,1,0,4,0,0,0,0,3,0,1,0,120.0,0.0,0,-1,Sense Especificar,-1.0,3,3,1,0,0,0,0,0,0,0,0,0,0,0,4,-1,-1,Encalç,-1,1,2,2,4,2,1,18.33,1,2,0,3,11
4557,2014,1,2014-11-12,SE,CORNELLA DE LLOBREGAT,Baix Llobregat,3,0,1,0,2,1,0,0,0,1,0,0,0,20.0,0.0,0,-1,No n'hi ha,-1.0,3,3,1,-1,-1,0,0,-1,0,0,0,0,-1,0,5,-1,-1,Atropellament,-1,2,2,5,-1,2,1,20.0,1,3,2,12,11
4558,2014,0,2014-12-02,C-31,BADALONA,Barcelones,3,0,1,1,5,0,0,0,0,5,0,0,0,80.0,0.0,0,2,No n'hi ha,-1.0,3,3,1,0,0,0,0,0,0,0,0,0,0,0,5,-1,1,Encalç,-1,1,2,1,3,2,1,18.27,1,2,1,2,12
4559,2014,0,2014-04-15,C-32,MATARO,Maresme,3,0,1,0,2,0,0,0,1,1,0,0,0,100.0,0.0,0,2,No n'hi ha,-1.0,3,3,1,0,0,1,0,0,0,0,0,0,0,0,1,-1,0,Caiguda en la via,-1,1,2,2,2,2,1,19.18,1,0,1,15,4
4560,2014,0,2014-04-08,C-17,MALLA,Osona,3,0,1,0,2,0,0,0,0,1,1,0,0,100.0,0.0,0,2,No n'hi ha,-1.0,3,3,1,0,0,0,0,0,0,0,0,0,0,0,4,-1,1,Encalç,-1,1,2,1,2,2,1,11.57,0,2,1,8,4
4561,2014,1,2014-07-29,N-420,RIUDECOLS,Baix Camp,0,1,0,0,2,0,0,0,1,1,0,0,0,50.0,0.0,0,2,No n'hi ha,-1.0,3,3,0,0,0,0,0,0,0,0,0,0,0,1,3,5,1,Col·lisió frontal,1,0,2,4,1,2,1,5.31,2,2,1,29,7
4562,2014,1,2014-09-12,SE,SANT ADRIA DE BESOS,Barcelones,3,1,0,0,2,1,0,0,0,1,0,0,0,80.0,0.0,0,0,No n'hi ha,-1.0,3,3,0,0,0,0,0,0,0,0,0,0,0,1,4,4,1,Atropellament,1,2,2,5,0,2,0,18.14,1,3,4,12,9
4563,2014,0,2014-12-07,C-243b,SUBIRATS,Alt Penedes,3,0,1,0,1,0,0,0,1,0,0,0,0,100.0,0.0,0,1,No n'hi ha,-1.0,3,3,1,0,0,0,0,0,0,0,0,0,0,0,4,-1,1,Caiguda en la via,-1,1,2,4,3,2,0,10.06,0,0,6,7,12
4564,2014,1,2014-12-19,SE,BARCELONA,Barcelones,3,0,1,0,2,1,0,0,0,1,0,0,0,100.0,0.0,0,-1,Carril bus,-1.0,3,3,1,0,0,0,0,0,0,0,0,0,0,1,4,2,1,Atropellament,2,2,2,5,-1,2,1,14.3,1,3,4,19,12
4565,2014,1,2014-05-26,T-200,VALLS,Alt Camp,0,0,1,0,2,1,0,0,0,1,0,0,0,100.0,0.0,0,-1,No n'hi ha,-1.0,3,3,1,0,0,0,1,0,0,0,0,0,0,0,4,-1,-1,Atropellament,-1,0,2,4,-1,2,1,8.1,0,3,0,26,5
4566,2014,1,2014-06-01,L-702,PUIGVERD DE LLEIDA,Segria,2,0,3,3,3,0,0,0,0,3,0,0,0,100.0,0.0,0,2,No n'hi ha,-1.0,3,3,1,0,0,0,0,0,0,0,0,0,0,0,0,-1,1,Resta sortides de via,-1,0,2,4,0,2,0,4.56,2,1,6,1,6
4567,2014,0,2014-02-28,B-20,BARCELONA,Barcelones,3,0,1,0,2,0,0,0,1,1,0,0,0,80.0,0.0,0,-1,No n'hi ha,-1.0,3,3,1,0,0,0,0,0,0,0,0,0,0,0,4,-1,0,Fregament o col·lisió lateral,-1,1,2,1,-1,2,0,18.25,1,2,4,28,2
4568,2014,1,2014-11-26,SE,HOSPITALET DE LLOBREGAT,Barcelones,3,0,1,0,2,1,0,0,0,1,0,0,0,20.0,0.0,0,2,No n'hi ha,-1.0,3,3,1,-1,0,0,0,-1,0,0,0,0,-1,0,1,-1,1,Atropellament,-1,2,2,5,-1,2,1,17.09,1,3,2,26,11
4569,2014,0,2014-07-14,B-23,BARCELONA,Barcelones,3,0,1,1,3,0,0,0,2,1,0,0,0,50.0,0.0,0,-1,No n'hi ha,-1.0,3,3,1,0,0,0,0,0,0,0,0,0,0,1,5,3,1,Envestida (frontal lateral),1,1,2,1,-1,2,1,22.3,2,2,0,14,7
4570,2014,0,2014-11-13,B-225,CASTELLBISBAL,Valles Occidental,3,0,1,0,1,0,0,0,1,0,0,0,0,90.0,0.0,0,-1,Sense Especificar,-1.0,3,3,1,0,0,0,0,0,0,0,0,0,0,1,4,4,-1,Resta sortides de via,1,1,2,4,4,2,1,5.43,2,1,3,13,11
4571,2014,1,2014-09-13,SE,BARCELONA,Barcelones,3,0,1,1,3,0,0,0,1,2,0,0,0,100.0,0.0,0,-1,No n'hi ha,-1.0,3,3,1,0,0,0,0,0,0,0,0,0,0,1,4,3,0,Envestida (frontal lateral),2,2,2,5,-1,2,0,15.4,1,2,5,13,9
4572,2014,0,2014-02-09,C-58,RIPOLLET,Valles Occidental,3,1,0,1,4,0,0,0,0,4,0,0,0,100.0,0.0,0,2,No n'hi ha,-1.0,2,3,0,0,0,0,1,0,1,0,1,0,0,0,3,-1,1,Xoc contra objecte/obstacle sense sortida prèvia de via,-1,1,2,1,4,2,0,22.15,2,4,6,9,2