,Year,Area,Date,Road,Municipality Name,County Name,Province Name,Fatalties,Serious Injuries,Light Injuries,Units Involved,Pedestrains Involved,Bicycles Involved,Mopeds Involved,Motorcycles,Light Vehicles Involved,Heavy Vehicles Involved,Other Units Involved,Unspecified Units Involved,Road Speed Limit,Accident with Hit and Run,Fog Presence,Surrounding Environment,Special Lane Presence,Special Traffic Measures,Weather Conditions,Special Road Functions,Severity of Accident,Influence of Fog,Influence of Environment,Influence of Traffic,Influence of Weather,Influence of Wind Intensity,Influence of Lighting,Influence of Special Measures,Influence of Road Objects,Influence of Road Surface,Influence of Visibility,Intersection Characteristics,Lighting Conditions,Traffic Regulation and Priority,Direction of Road,Subtype of Accident,Subtype of Road Section,Subzone within Area,Road Surface Conditions,Type of Road,Road Ownership,Wind Conditions,Day of the Week Grouping,Hour of Day,Time of Day Grouping,Type of Accident,Day Type,Day,Month
4573,2014,0,2014-07-04,A-2,JORBA,Anoia,3,0,2,0,2,0,0,0,0,0,1,1,0,100.0,0.0,0,2,No n'hi ha,-1.0,3,3,1,0,0,0,0,0,0,0,0,0,0,0,1,-1,0,Encalç,-1,1,2,1,1,2,1,5.4,2,2,4,4,7
4574,2014,0,2014-12-22,GI-641,TORROELLA DE MONTGRI,Baix Emporda,1,0,1,0,2,0,0,1,0,1,0,0,0,50.0,0.0,0,2,No n'hi ha,-1.0,3,3,1,0,0,0,0,0,0,0,0,0,0,1,5,2,1,Envestida (frontal lateral),2,1,2,4,3,2,1,21.06,1,2,0,22,12
4575,2014,1,2014-11-11,SE,MOLLET DEL VALLES,Valles Oriental,3,0,1,0,2,0,0,0,1,1,0,0,0,100.0,0.0,0,2,No n'hi ha,-1.0,1,3,1,0,0,0,0,0,0,0,0,0,0,1,5,4,0,Envestida (frontal lateral),2,2,2,5,-1,2,1,20.0,1,2,1,11,11
4576,2014,1,2014-11-18,C-245,GAVA,Baix Llobregat,3,0,1,0,2,1,0,0,0,1,0,0,0,90.0,0.0,0,-1,No n'hi ha,-1.0,3,3,1,-1,0,0,0,-1,0,0,0,0,-1,0,5,-1,-1,Atropellament,-1,0,2,4,-1,2,1,21.05,1,3,1,18,11
4577,2014,0,2014-11-27,C-31,HOSPITALET DE LLOBREGAT,Barcelones,3,0,1,0,2,0,0,0,1,1,0,0,0,120.0,0.0,0,-1,Sense Especificar,-1.0,3,3,1,0,0,0,0,0,0,0,0,0,0,0,4,-1,-1,Encalç,-1,1,2,1,4,2,1,17.16,1,2,3,27,11
4578,2014,0,2014-11-12,B-10,BARCELONA,Barcelones,3,0,1,1,3,0,0,0,1,2,0,0,0,100.0,0.0,0,-1,No n'hi ha,-1.0,3,3,1,0,0,1,0,0,0,0,0,0,0,0,4,-1,1,Caiguda en la via,-1,1,2,1,-1,2,1,10.0,0,0,2,12,11
4579,2014,1,2014-08-10,SE,BRAFIM,Alt Camp,0,0,1,0,2,0,1,0,0,0,0,1,0,20.0,0.0,0,-1,Sense Especificar,-1.0,3,3,1,0,0,0,0,0,0,0,0,0,0,0,4,-1,-1,Altres,-1,2,2,5,-1,2,0,0.07,2,5,6,10,8
4580,2014,0,2014-11-23,B-23,ESPLUGUES DE LLOBREGAT,Baix Llobregat,3,0,1,2,2,0,0,0,1,1,0,0,0,50.0,0.0,0,2,No n'hi ha,3.0,3,3,1,0,0,0,0,0,0,0,0,0,0,0,0,-1,0,Encalç,-1,1,2,1,1,2,0,18.53,1,2,6,23,11
4581,2014,1,2014-12-09,SE,VILAMALLA,Alt Emporda,1,0,1,0,1,0,0,0,0,0,1,0,0,100.0,0.0,0,2,No n'hi ha,-1.0,3,3,1,0,0,0,0,0,0,0,0,0,0,0,5,-1,0,Xoc contra objecte/obstacle sense sortida prèvia de via,-1,2,3,5,4,0,1,22.05,2,4,1,9,12
4582,2014,1,2014-11-05,SE,HOSPITALET DE LLOBREGAT,Barcelones,3,0,1,0,2,0,0,0,1,1,0,0,0,20.0,0.0,0,2,No n'hi ha,-1.0,3,3,1,-1,0,0,0,-1,0,0,0,0,0,0,5,-1,1,Caiguda en la via,-1,2,2,5,-1,2,1,18.32,1,0,2,5,11
4583,2014,0,2014-06-15,AP-7,MOLLET DEL VALLES,Valles Oriental,3,1,1,1,4,0,0,0,1,3,0,0,0,100.0,0.0,0,1,No n'hi ha,-1.0,3,3,0,0,0,0,0,0,0,0,0,0,0,0,4,-1,0,Encalç,-1,1,2,2,1,2,0,10.36,0,2,6,15,6
4584,2014,1,2014-05-24,SE,BARCELONA,Barcelones,3,0,1,0,3,0,0,0,2,1,0,0,0,100.0,0.0,0,-1,No n'hi ha,-1.0,3,3,1,0,0,0,0,0,0,0,0,0,0,1,5,2,1,Caiguda en la via,1,2,2,5,-1,2,0,2.4,2,0,5,24,5
4585,2014,1,2014-05-13,T-200,VALLS,Alt Camp,0,1,0,0,2,0,0,0,0,2,0,0,0,100.0,0.0,0,-1,No n'hi ha,-1.0,3,3,0,0,0,0,0,0,0,0,0,0,0,0,4,-1,-1,Envestida (frontal lateral),-1,0,2,4,-1,2,1,9.3,0,2,1,13,5
4586,2014,0,2014-10-24,CR,MASSANES,Selva,1,0,1,0,1,0,0,0,0,1,0,0,0,40.0,0.0,0,0,No n'hi ha,-1.0,3,3,1,0,0,0,0,0,0,0,0,0,0,0,4,-1,1,Resta sortides de via,-1,1,2,0,0,2,1,12.52,0,1,4,24,10
4587,2014,0,2014-03-05,C-58,VACARISSES,Valles Occidental,3,0,1,1,3,0,0,0,0,3,0,0,0,60.0,0.0,0,2,No n'hi ha,-1.0,3,3,1,0,0,0,0,0,0,0,0,0,0,1,2,4,1,Fregament o col·lisió lateral,1,1,2,4,2,2,1,6.28,0,2,2,5,3
4588,2014,0,2014-12-31,C-53,"FULIOLA, LA",Urgell,2,1,1,1,2,0,0,0,0,2,0,0,0,100.0,0.0,0,2,No n'hi ha,-1.0,3,3,0,0,0,0,0,0,0,0,0,0,0,0,3,-1,1,Envestida (frontal lateral),-1,1,2,4,2,2,1,2.33,2,2,2,31,12
4589,2014,0,2014-12-22,A-2,MONTMANEU,Anoia,3,0,2,0,2,0,0,0,0,1,1,0,0,100.0,0.0,1,2,No n'hi ha,-1.0,3,3,1,1,0,0,0,0,0,0,0,0,0,0,2,-1,1,Encalç,-1,1,2,1,1,1,1,10.12,0,2,0,22,12
4590,2014,0,2014-03-20,N-340,"AMETLLA DE MAR, L'",Baix Ebre,0,1,1,0,2,0,0,0,0,0,2,0,0,100.0,0.0,0,3,No n'hi ha,-1.0,3,3,0,0,0,0,0,0,0,0,0,0,0,0,3,-1,1,Col·lisió frontal,-1,1,2,4,1,2,1,3.3,2,2,3,20,3
4591,2014,1,2014-04-06,SE,AMPOSTA,Montsia,0,0,1,0,2,1,0,0,0,1,0,0,0,100.0,0.0,0,2,No n'hi ha,-1.0,3,3,1,0,0,0,0,0,0,0,0,0,0,1,4,4,0,Atropellament,2,2,2,5,-1,2,0,18.1,1,3,6,6,4
4592,2014,0,2014-08-06,B-20,"PRAT DE LLOBREGAT, E",Baix Llobregat,3,0,1,0,2,0,0,0,1,1,0,0,0,80.0,0.0,0,2,No n'hi ha,-1.0,3,3,1,0,0,0,0,0,0,0,0,0,0,0,4,-1,1,Fregament o col·lisió lateral,-1,1,2,1,1,2,1,8.35,0,2,2,6,8
4593,2014,0,2014-05-13,B-10,BARCELONA,Barcelones,3,0,1,3,5,0,0,0,0,4,1,0,0,80.0,0.0,0,-1,No n'hi ha,-1.0,3,3,1,0,0,1,0,0,0,0,0,0,0,0,4,-1,1,Encalç,-1,1,2,1,-1,2,1,8.1,0,2,1,13,5
4594,2014,1,2014-12-17,SE,HOSPITALET DE LLOBREGAT,Barcelones,3,0,1,0,2,1,0,0,0,1,0,0,0,20.0,0.0,0,2,Altres,-1.0,3,3,1,-1,0,0,0,-1,0,0,0,0,-1,0,5,-1,0,Atropellament,-1,2,2,5,-1,2,1,17.34,1,3,2,17,12
4595,2014,1,2014-12-19,SE,VILANOVA I LA GELTRU,Garraf,3,0,1,0,1,0,0,1,0,0,0,0,0,100.0,1.0,0,-1,No n'hi ha,-1.0,3,3,1,0,0,0,0,0,0,0,0,0,0,1,4,4,-1,Encalç,0,2,2,5,-1,2,0,21.0,1,2,4,19,12
4596,2014,1,2014-12-08,SE,BARCELONA,Barcelones,3,0,1,1,2,0,1,0,1,0,0,0,0,100.0,0.0,0,-1,No n'hi ha,-1.0,3,3,1,0,0,0,0,0,0,0,0,0,0,1,4,3,0,Envestida (frontal lateral),2,2,2,5,-1,2,1,12.12,0,2,0,8,12
4597,2014,1,2014-11-10,SE,BARCELONA,Barcelones,3,0,1,0,2,0,0,0,1,1,0,0,0,100.0,0.0,0,-1,No n'hi ha,-1.0,3,3,1,0,0,0,0,0,0,0,0,0,0,0,5,-1,1,Fregament o col·lisió lateral,-1,2,2,5,-1,2,1,18.4,1,2,0,10,11
4598,2014,1,2014-05-13,C-153,VIC,Osona,3,0,1,0,3,0,0,0,0,3,0,0,0,100.0,0.0,0,2,No n'hi ha,-1.0,3,3,1,0,0,0,0,0,0,0,0,0,0,2,4,4,0,Encalç,0,0,2,4,-1,2,1,16.34,1,2,1,13,5
4599,2014,0,2014-12-20,C-61,ARENYS DE MUNT,Maresme,3,0,1,0,2,0,0,0,1,1,0,0,0,100.0,0.0,0,2,No n'hi ha,-1.0,3,3,1,0,0,0,0,0,1,0,0,0,0,1,1,2,1,Col·lisió frontal,2,1,2,4,2,2,0,17.48,1,2,5,20,12
4600,2014,0,2014-12-19,B-20,BARCELONA,Barcelones,3,0,1,0,2,0,0,0,1,1,0,0,0,80.0,0.0,0,-1,Carril acceleració,-1.0,3,3,1,0,0,0,0,0,0,0,0,0,0,0,4,-1,1,Caiguda en la via,-1,1,2,1,-1,2,1,12.55,0,0,4,19,12
4601,2014,1,2014-12-22,SE,BARCELONA,Barcelones,3,1,0,0,4,0,0,0,1,3,0,0,0,100.0,0.0,0,-1,No n'hi ha,-1.0,3,3,0,0,0,0,0,0,0,0,0,0,0,0,4,-1,1,Encalç,-1,2,2,5,-1,2,1,11.5,0,2,0,22,12
4602,2014,1,2014-05-06,BV-5022,VILASSAR DE MAR,Maresme,3,0,1,0,2,1,0,0,0,0,1,0,0,100.0,0.0,0,2,Carril bus,-1.0,3,3,1,0,0,0,0,0,0,0,0,0,0,0,4,-1,1,Atropellament,-1,0,2,4,0,2,1,19.0,1,3,1,6,5
4603,2014,1,2014-04-09,BP-5002,ALELLA,Maresme,3,0,1,0,2,0,0,0,1,1,0,0,0,90.0,0.0,0,-1,No n'hi ha,-1.0,3,3,1,-1,0,0,0,-1,0,0,0,0,-1,0,4,-1,1,Fregament o col·lisió lateral,-1,0,2,4,3,2,1,19.3,1,2,2,9,4
4604,2014,0,2014-12-09,C-66,PORQUERES,Pla de l'Estany,1,1,0,1,2,0,0,0,0,1,1,0,0,90.0,0.0,0,-1,Sense Especificar,-1.0,3,3,0,0,0,0,0,0,0,0,0,0,0,0,4,-1,-1,Col·lisió frontal,-1,1,2,4,4,2,1,12.36,0,2,1,9,12
4606,2014,1,2014-12-08,SE,BARCELONA,Barcelones,3,0,1,0,2,1,0,0,0,1,0,0,0,30.0,0.0,0,-1,No n'hi ha,-1.0,3,3,1,0,0,0,0,0,0,0,0,0,0,0,4,-1,1,Atropellament,-1,2,2,5,-1,2,1,13.2,0,3,0,8,12
4607,2014,0,2014-09-10,B-10,SANTA COLOMA DE GRAMANET,Barcelones,3,0,1,0,3,1,0,0,0,2,0,0,0,80.0,0.0,0,-1,No n'hi ha,-1.0,3,3,1,0,0,1,0,0,0,0,0,0,0,0,1,-1,0,Atropellament,-1,1,2,1,-1,2,1,7.03,0,3,2,10,9
4608,2014,1,2014-07-17,SE,GIRONA,Girones,1,0,1,0,2,0,1,0,0,1,0,0,0,100.0,0.0,0,2,No n'hi ha,-1.0,3,3,1,0,0,0,0,0,0,0,0,0,0,1,4,3,1,Envestida (frontal lateral),1,2,2,5,-1,2,1,20.35,1,2,3,17,7
4609,2014,1,2014-10-10,BV-2003,VILADECANS,Baix Llobregat,3,0,1,0,2,0,0,0,1,1,0,0,0,40.0,0.0,0,2,No n'hi ha,-1.0,3,3,1,-1,0,0,0,-1,0,0,0,0,0,1,4,3,1,Fregament o col·lisió lateral,2,0,2,4,-1,2,1,14.3,1,2,4,10,10
4610,2014,0,2014-08-24,SE,LLUCA,Osona,3,0,1,0,1,0,0,0,0,0,0,1,0,30.0,0.0,0,-1,Sense Especificar,-1.0,3,3,1,0,0,0,0,0,0,0,0,0,0,0,4,-1,-1,Resta sortides de via,-1,1,2,0,4,2,0,9.5,0,1,6,24,8
4611,2014,1,2014-11-24,SE,GIRONA,Girones,1,0,1,1,2,0,0,1,0,1,0,0,0,100.0,0.0,0,2,No n'hi ha,-1.0,3,3,1,0,0,0,0,0,0,0,0,0,0,1,5,3,1,Envestida (frontal lateral),1,2,2,5,-1,2,1,18.49,1,2,0,24,11
4612,2014,0,2014-03-19,C-14,"SELVA DEL CAMP, LA",Baix Camp,0,1,1,6,7,0,0,0,0,6,1,0,0,100.0,0.0,0,2,No n'hi ha,-1.0,3,3,0,0,0,0,0,0,0,0,0,0,0,0,3,-1,1,Altres,-1,1,2,1,2,2,1,22.21,2,5,2,19,3
4613,2014,0,2014-06-26,AP-7,BASCARA,Alt Emporda,1,0,1,1,3,0,0,0,0,0,3,0,0,100.0,0.0,0,2,No n'hi ha,-1.0,3,3,1,0,0,0,0,0,0,0,0,0,0,0,4,-1,0,Encalç,-1,1,2,2,2,2,1,16.17,1,2,3,26,6
4614,2014,0,2014-05-18,CR,VALLFOGONA DE BALAGUER,Noguera,2,0,1,0,1,0,0,0,0,1,0,0,0,100.0,0.0,0,2,No n'hi ha,-1.0,3,3,1,0,0,0,0,0,0,0,0,0,0,0,4,-1,1,Resta sortides de via,-1,1,2,0,0,2,0,11.57,0,1,6,18,5
4615,2014,1,2014-10-03,SE,GIRONA,Girones,1,0,1,0,2,0,0,1,0,1,0,0,0,40.0,0.0,0,2,No n'hi ha,-1.0,3,3,1,0,0,0,0,0,0,0,0,0,0,0,4,-1,1,Encalç,-1,2,2,5,0,2,1,7.58,0,2,4,3,10
4616,2014,0,2014-10-15,CR,"FAR D'EMPORDA, EL",Alt Emporda,1,0,1,0,2,0,0,0,1,1,0,0,0,100.0,0.0,0,2,No n'hi ha,-1.0,3,3,1,0,0,0,0,0,0,0,0,0,0,1,1,5,1,Col·lisió frontal,1,1,2,0,-1,2,1,18.3,1,2,2,15,10
4617,2014,0,2014-12-24,C-58,SANT QUIRZE DEL VALLES,Valles Occidental,3,0,1,1,5,0,0,0,0,5,0,0,0,120.0,0.0,0,-1,Sense Especificar,-1.0,3,3,1,0,0,0,0,0,0,0,0,0,0,0,4,-1,-1,Encalç,-1,1,2,1,4,2,1,11.02,0,2,2,24,12
4618,2014,1,2014-11-16,C-35,MACANET DE LA SELVA,Selva,1,0,1,0,1,0,0,0,1,0,0,0,0,100.0,0.0,0,1,No n'hi ha,-1.0,3,3,1,0,0,0,0,0,0,0,0,0,0,0,4,-1,1,Caiguda en la via,-1,0,2,4,2,2,0,9.59,0,0,6,16,11
4619,2014,1,2014-04-17,B-201,SANT BOI DE LLOBREGAT,Baix Llobregat,3,0,1,0,2,0,0,0,1,1,0,0,0,100.0,0.0,0,2,No n'hi ha,-1.0,3,3,1,0,0,0,0,0,0,0,0,0,0,1,4,4,1,Fregament o col·lisió lateral,0,0,2,4,-1,2,1,11.4,0,2,3,17,4
4620,2014,1,2014-07-22,SE,CAMBRILS,Baix Camp,0,0,1,0,2,0,0,0,1,1,0,0,0,100.0,0.0,0,-1,No n'hi ha,-1.0,3,3,1,0,0,0,0,0,0,0,0,0,0,0,4,-1,-1,Envestida (frontal lateral),-1,2,2,5,-1,2,1,13.38,0,2,1,22,7
4621,2014,0,2014-07-09,C-17,MONTMANY-FIGARO,Valles Oriental,3,0,2,1,1,0,0,0,0,1,0,0,0,100.0,0.0,0,3,No n'hi ha,-1.0,3,3,1,0,0,0,0,0,0,0,0,0,0,0,1,-1,0,Resta sortides de via,-1,1,2,1,2,2,1,21.03,1,1,2,9,7
4622,2014,0,2014-04-14,B-20,BARCELONA,Barcelones,3,0,1,0,2,0,0,0,2,0,0,0,0,80.0,0.0,0,-1,No n'hi ha,-1.0,3,3,1,0,0,1,0,0,0,0,0,0,0,0,4,-1,1,Encalç,-1,1,2,1,-1,2,1,8.45,0,2,0,14,4
4623,2014,1,2014-06-26,SE,BARCELONA,Barcelones,3,0,1,1,2,1,0,0,1,0,0,0,0,100.0,0.0,0,-1,No n'hi ha,-1.0,3,3,1,0,0,0,0,0,0,0,0,0,0,1,4,3,1,Atropellament,2,2,2,5,-1,2,1,20.05,1,3,3,26,6
4624,2014,0,2014-09-01,A-26,SANT JOAN LES FONTS,Garrotxa,1,0,1,0,1,0,0,0,0,1,0,0,0,100.0,0.0,0,2,No n'hi ha,-1.0,3,3,1,0,0,0,0,0,0,0,0,0,0,0,4,-1,0,Resta sortides de via,-1,1,2,1,3,2,1,14.21,1,1,0,1,9
4625,2014,0,2014-03-28,AP-7,"ALDEA, L'",Baix Ebre,0,0,1,1,1,0,0,0,0,1,0,0,0,100.0,0.0,0,0,No n'hi ha,-1.0,3,3,1,0,0,0,0,0,0,0,0,0,0,0,4,-1,0,Resta sortides de via,-1,1,2,2,1,2,0,16.45,1,1,4,28,3
4626,2014,1,2014-11-25,BP-1413,CERDANYOLA DEL VALLES,Valles Occidental,3,1,0,0,2,1,0,0,0,0,1,0,0,30.0,0.0,0,3,No n'hi ha,-1.0,3,3,0,0,0,0,0,0,1,0,0,0,0,2,3,4,1,Atropellament,0,0,2,4,3,2,1,6.5,0,3,1,25,11
4627,2014,1,2014-04-28,SE,LLEIDA,Segria,2,0,1,0,1,0,0,0,1,0,0,0,0,20.0,0.0,0,-1,No n'hi ha,-1.0,3,3,1,-1,0,0,0,-1,0,0,0,0,0,0,4,-1,1,Caiguda en la via,-1,2,2,5,-1,2,1,9.3,0,0,0,28,4
4628,2014,0,2014-12-18,C-352,"ROCA DEL VALLES, LA",Valles Oriental,3,0,2,0,2,0,0,0,1,1,0,0,0,100.0,0.0,0,1,No n'hi ha,-1.0,3,3,1,0,0,0,0,0,0,0,0,0,0,0,4,-1,0,Xoc contra objecte/obstacle sense sortida prèvia de via,-1,1,2,4,2,2,1,11.35,0,4,3,18,12
4629,2014,0,2014-02-05,C-55,PINOS,Solsones,2,0,1,0,1,0,0,0,0,1,0,0,0,90.0,0.0,0,-1,Sense Especificar,-1.0,3,3,1,0,0,0,0,0,0,0,0,0,0,0,4,-1,-1,Resta sortides de via,-1,1,2,4,4,2,1,7.5,0,1,2,5,2
4630,2014,1,2014-03-21,BP-4313,SANTA MARIA D'OLO,Moianès,3,0,1,0,1,0,0,0,1,0,0,0,0,50.0,0.0,0,1,No n'hi ha,-1.0,3,3,1,0,0,0,0,0,0,0,0,0,0,1,4,4,1,Xoc amb animal a la calçada,1,0,2,4,3,2,0,16.03,1,4,4,21,3
4631,2014,0,2014-10-29,C-17,PARETS DEL VALLES,Valles Oriental,3,0,1,0,2,0,0,0,1,1,0,0,0,120.0,0.0,0,-1,Sense Especificar,-1.0,3,3,1,0,0,0,0,0,0,0,0,0,0,0,4,-1,-1,Encalç,-1,1,2,1,4,2,1,17.11,1,2,2,29,10
4632,2014,1,2014-05-19,TV-2127,"VENDRELL, EL",Baix Penedes,0,0,1,0,3,1,0,0,0,2,0,0,0,40.0,0.0,0,-1,No n'hi ha,-1.0,3,3,1,-1,0,0,0,-1,0,0,0,0,-1,0,4,-1,1,Atropellament,-1,0,2,4,-1,2,1,12.4,0,3,0,19,5
4633,2014,1,2014-04-12,SE,GRANOLLERS,Valles Oriental,3,0,1,0,4,0,0,0,1,3,0,0,0,100.0,0.0,0,2,No n'hi ha,-1.0,3,3,1,0,0,0,0,0,0,0,0,0,0,0,4,-1,1,Encalç,-1,2,2,5,0,2,0,10.5,0,2,5,12,4
4634,2014,1,2014-03-13,SE,BARCELONA,Barcelones,3,0,1,0,2,1,0,0,0,1,0,0,0,100.0,0.0,0,-1,No n'hi ha,-1.0,3,3,1,0,0,0,0,0,0,0,0,0,0,1,4,4,1,Atropellament,1,2,2,5,-1,2,1,13.15,0,3,3,13,3
4635,2014,1,2014-08-20,SE,ESPLUGUES DE LLOBREGAT,Baix Llobregat,3,0,1,0,2,1,0,0,0,1,0,0,0,30.0,0.0,0,2,No n'hi ha,-1.0,3,3,1,-1,0,0,0,-1,0,0,0,0,-1,0,4,-1,0,Atropellament,-1,2,2,5,-1,2,1,12.1,0,3,2,20,8
4636,2014,1,2014-12-02,SE,SANT ANFREU DE LA BARCA,Baix Llobregat,3,0,1,0,2,1,0,0,0,1,0,0,0,30.0,0.0,0,2,No n'hi ha,-1.0,3,3,1,-1,0,0,0,-1,0,0,0,0,-1,0,0,-1,1,Atropellament,-1,2,2,5,-1,2,1,18.52,1,3,1,2,12
4637,2014,1,2014-10-24,BP-1503,RUBI,Valles Occidental,3,0,1,0,3,0,0,0,1,2,0,0,0,100.0,0.0,0,-1,No n'hi ha,-1.0,3,3,1,0,0,0,0,0,0,0,0,0,0,0,4,-1,-1,Envestida (frontal lateral),-1,0,2,4,-1,2,1,7.4,0,2,4,24,10
4638,2014,1,2014-10-23,C-245,ESPLUGUES DE LLOBREGAT,Baix Llobregat,3,0,1,0,2,0,0,0,1,1,0,0,0,90.0,0.0,0,-1,No n'hi ha,-1.0,3,3,1,-1,0,0,0,-1,0,0,0,0,0,1,1,2,0,Envestida (frontal lateral),0,0,2,4,-1,2,1,20.1,1,2,3,23,10
4639,2014,0,2014-05-03,AP-7,MARTORELL,Baix Llobregat,3,0,1,1,2,0,0,0,0,1,1,0,0,100.0,0.0,0,2,No n'hi ha,-1.0,3,3,1,0,0,0,0,0,0,0,0,0,0,0,4,-1,1,Encalç,-1,1,2,2,1,2,0,16.31,1,2,5,3,5
4640,2014,0,2014-06-11,CR,PAU,Alt Emporda,1,0,1,0,2,1,0,0,0,1,0,0,0,100.0,0.0,0,2,No n'hi ha,-1.0,3,3,1,0,0,0,0,0,0,0,0,0,0,0,4,-1,1,Atropellament,-1,1,2,0,0,2,1,8.28,0,3,2,11,6
4641,2014,0,2014-05-06,C-31,BARCELONA,Barcelones,3,0,1,0,2,0,0,0,1,1,0,0,0,100.0,0.0,0,-1,No n'hi ha,-1.0,3,3,1,0,0,0,0,0,0,0,0,0,0,0,4,-1,1,Encalç,-1,1,2,1,2,2,1,12.3,0,2,1,6,5
4642,2014,1,2014-06-05,SE,BARCELONA,Barcelones,3,0,1,1,2,1,0,0,1,0,0,0,0,100.0,0.0,0,-1,No n'hi ha,-1.0,3,3,1,0,0,0,0,0,0,0,0,0,0,1,4,3,0,Atropellament,2,2,2,5,-1,2,1,9.0,0,3,3,5,6
4643,2014,1,2014-09-22,B-10,BARCELONA,Barcelones,3,1,0,3,2,0,0,0,1,1,0,0,0,100.0,0.0,0,-1,No n'hi ha,-1.0,1,3,0,0,0,0,0,0,0,0,0,0,0,0,5,-1,0,Xoc contra objecte/obstacle sense sortida prèvia de via,-1,0,0,4,-1,2,1,5.45,2,4,0,22,9
4644,2014,0,2014-08-24,C-26,LLADURS,Solsones,2,0,1,0,1,0,0,0,1,0,0,0,0,90.0,0.0,0,-1,Sense Especificar,-1.0,3,3,1,0,0,0,0,0,0,0,0,0,0,0,4,-1,-1,Altres,-1,1,2,4,4,2,0,11.38,0,5,6,24,8
4645,2014,1,2014-09-10,C-14,TARREGA,Urgell,2,2,0,5,2,0,0,0,0,2,0,0,0,70.0,0.0,0,1,No n'hi ha,-1.0,3,3,0,0,0,0,0,0,0,0,0,0,0,0,3,-1,1,Envestida (frontal lateral),-1,0,2,4,2,2,1,21.42,1,2,2,10,9
4646,2014,0,2014-12-07,N-II,"MASNOU, EL",Maresme,3,0,1,0,2,0,0,0,1,1,0,0,0,90.0,0.0,0,-1,Sense Especificar,-1.0,3,3,1,0,0,0,0,0,0,0,0,0,0,1,4,4,-1,Fregament o col·lisió lateral,1,1,2,4,4,2,0,13.33,0,2,6,7,12
4647,2014,1,2014-11-26,SE,LLEIDA,Segria,2,0,1,0,2,1,0,0,0,1,0,0,0,20.0,,0,2,No n'hi ha,-1.0,3,3,1,-1,0,0,0,-1,0,0,0,0,-1,0,5,-1,1,Atropellament,-1,2,2,5,-1,2,1,7.55,0,3,2,26,11
4648,2014,1,2014-10-21,SE,SALOU,Tarragones,0,0,1,0,3,0,0,0,1,2,0,0,0,100.0,0.0,0,2,No n'hi ha,-1.0,3,3,1,0,0,0,0,0,0,0,0,0,0,0,4,-1,1,Envestida (frontal lateral),-1,2,2,5,-1,2,1,14.45,1,2,1,21,10
4649,2014,1,2014-04-13,BV-1221,TERRASSA,Valles Occidental,3,0,1,0,2,0,0,0,1,1,0,0,0,100.0,0.0,0,-1,No n'hi ha,-1.0,3,3,1,0,0,0,0,0,0,0,0,0,0,0,4,-1,-1,Envestida (frontal lateral),-1,0,2,4,-1,2,0,18.1,1,2,6,13,4
4650,2014,0,2014-09-17,CR,VALLFOGONA DE BALAGUER,Noguera,2,0,1,0,2,0,1,0,0,0,1,0,0,100.0,0.0,0,0,No n'hi ha,-1.0,3,3,1,0,1,0,0,0,0,0,0,0,0,1,4,5,1,Envestida (frontal lateral),2,1,2,0,0,2,1,13.05,0,2,2,17,9
4651,2014,0,2014-03-08,C-58,BARCELONA,Barcelones,3,0,1,0,2,1,0,0,0,1,0,0,0,100.0,0.0,0,-1,No n'hi ha,-1.0,3,3,1,0,0,0,0,0,0,0,0,0,0,0,4,-1,-1,Atropellament,-1,1,2,1,-1,2,0,4.15,2,3,5,8,3
4652,2014,0,2014-03-28,A-2,ARGENCOLA,Anoia,3,1,0,1,2,0,0,0,0,0,2,0,0,100.0,0.0,0,2,No n'hi ha,-1.0,3,3,0,0,0,0,0,0,0,0,1,0,0,0,4,-1,1,Encalç,-1,1,2,1,1,2,1,10.12,0,2,4,28,3
4653,2014,1,2014-03-02,BP-5002,ALELLA,Maresme,3,0,1,0,3,1,0,0,0,2,0,0,0,90.0,0.0,0,-1,No n'hi ha,-1.0,3,3,1,-1,0,0,0,-1,0,0,0,0,0,0,1,-1,1,Atropellament,-1,0,2,4,-1,2,0,19.05,1,3,6,2,3
4654,2014,0,2014-11-13,A-2,SANT JOAN DESPI,Baix Llobregat,3,0,1,1,3,0,0,0,0,2,1,0,0,100.0,0.0,0,2,No n'hi ha,-1.0,3,3,1,0,0,0,0,0,0,0,0,0,0,0,4,-1,0,Fregament o col·lisió lateral,-1,1,2,1,1,2,1,13.41,0,2,3,13,11
4655,2014,0,2014-12-21,SE,SITGES,Garraf,3,0,1,0,1,0,1,0,0,0,0,0,0,30.0,0.0,0,2,No n'hi ha,-1.0,3,3,1,0,0,0,0,0,0,0,0,1,0,0,4,-1,1,Caiguda en la via,-1,1,0,0,0,2,0,15.03,1,0,6,21,12
4656,2014,1,2014-12-11,SE,BARCELONA,Barcelones,3,0,1,0,2,0,0,0,1,1,0,0,0,30.0,0.0,0,-1,No n'hi ha,-1.0,3,3,1,0,0,0,0,0,0,0,0,0,1,1,4,4,0,Envestida (frontal lateral),2,2,2,5,-1,2,1,17.08,1,2,3,11,12
4657,2014,0,2014-12-24,N-260,RIPOLL,Ripolles,1,1,0,1,1,0,0,0,0,1,0,0,0,100.0,0.0,0,1,No n'hi ha,-1.0,3,3,0,0,0,0,0,0,0,0,0,0,0,0,0,-1,1,Resta sortides de via,-1,1,2,4,1,2,1,1.06,2,1,2,24,12
4658,2014,1,2014-12-18,N-IIa,MOLLERUSSA,Pla d'Urgell,2,0,1,0,2,1,0,0,0,1,0,0,0,100.0,0.0,0,2,Altres,-1.0,3,3,1,0,0,0,0,0,0,0,0,0,0,0,5,-1,0,Atropellament,-1,0,2,4,-1,2,1,18.15,1,3,3,18,12