,Year,Area,Date,Road,Municipality Name,County Name,Province Name,Fatalties,Serious Injuries,Light Injuries,Units Involved,Pedestrains Involved,Bicycles Involved,Mopeds Involved,Motorcycles,Light Vehicles Involved,Heavy Vehicles Involved,Other Units Involved,Unspecified Units Involved,Road Speed Limit,Accident with Hit and Run,Fog Presence,Surrounding Environment,Special Lane Presence,Special Traffic Measures,Weather Conditions,Special Road Functions,Severity of Accident,Influence of Fog,Influence of Environment,Influence of Traffic,Influence of Weather,Influence of Wind Intensity,Influence of Lighting,Influence of Special Measures,Influence of Road Objects,Influence of Road Surface,Influence of Visibility,Intersection Characteristics,Lighting Conditions,Traffic Regulation and Priority,Direction of Road,Subtype of Accident,Subtype of Road Section,Subzone within Area,Road Surface Conditions,Type of Road,Road Ownership,Wind Conditions,Day of the Week Grouping,Hour of Day,Time of Day Grouping,Type of Accident,Day Type,Day,Month
4659,2014,1,2014-10-04,N-141c,MANRESA,Bages,3,0,1,0,2,0,0,0,1,1,0,0,0,100.0,0.0,0,2,No n'hi ha,-1.0,3,3,1,0,0,0,0,0,0,0,0,0,0,2,4,3,1,Fregament o col·lisió lateral,1,0,2,4,0,2,0,9.45,0,2,5,4,10
4660,2014,1,2014-10-23,SE,GIRONA,Girones,1,0,1,0,2,0,0,0,1,1,0,0,0,20.0,0.0,0,-1,No n'hi ha,-1.0,3,3,1,0,-1,0,0,0,0,0,0,0,0,0,5,-1,-1,Encalç,-1,2,2,5,-1,2,1,19.57,1,2,3,23,10
4661,2014,1,2014-04-10,BV-6001,MALGRAT DE MAR,Maresme,3,0,1,0,3,1,0,0,0,2,0,0,0,100.0,0.0,0,2,No n'hi ha,1.0,3,3,1,0,0,1,0,0,0,0,0,0,1,0,4,-1,1,Atropellament,-1,0,2,4,-1,2,1,14.53,1,3,3,10,4
4662,2014,0,2014-05-13,A-2,CASTELLBISBAL,Valles Occidental,3,0,1,1,2,0,0,0,0,1,1,0,0,100.0,0.0,0,3,No n'hi ha,-1.0,3,3,1,0,0,0,0,0,0,0,0,0,0,0,4,-1,0,Encalç,-1,1,2,1,1,2,1,16.01,1,2,1,13,5
4663,2014,0,2014-12-11,N-340,TARRAGONA,Tarragones,0,0,1,1,2,0,0,0,0,1,1,0,0,100.0,0.0,0,0,No n'hi ha,-1.0,3,3,1,0,0,0,0,0,0,0,0,0,0,0,1,-1,1,Resta sortides de via,-1,1,2,4,1,2,1,17.11,1,1,3,11,12
4664,2014,1,2014-12-23,SE,ALELLA,Maresme,3,0,1,0,1,0,0,0,1,0,0,0,0,20.0,0.0,0,1,No n'hi ha,-1.0,3,3,1,-1,0,0,0,-1,0,0,0,0,0,0,4,-1,1,Caiguda en la via,-1,2,0,5,-1,2,1,10.2,0,0,1,23,12
4665,2014,0,2014-07-31,A-2,CALDES DE MALAVELLA,Selva,1,0,1,0,1,0,0,0,0,0,1,0,0,60.0,0.0,0,1,No n'hi ha,-1.0,3,3,1,0,0,0,0,0,0,0,0,0,0,0,4,-1,1,Resta sortides de via,-1,1,2,1,2,2,1,14.12,1,1,3,31,7
4666,2014,1,2014-08-30,SE,GRANOLLERS,Valles Oriental,3,0,1,0,2,0,0,0,0,2,0,0,0,100.0,1.0,0,2,No n'hi ha,-1.0,3,3,1,0,0,0,0,0,0,0,0,0,0,0,5,-1,0,Fregament o col·lisió lateral,-1,2,2,5,-1,2,0,6.01,0,2,5,30,8
4667,2014,0,2014-05-06,CR,VILOPRIU,Baix Emporda,1,1,0,0,1,0,1,0,0,0,0,0,0,100.0,0.0,0,1,No n'hi ha,-1.0,3,3,0,0,0,0,0,0,0,0,0,0,0,0,4,-1,1,Caiguda en la via,-1,1,0,0,4,2,1,11.25,0,0,1,6,5
4668,2014,1,2014-09-04,C-28,VIELHA E MIJARAN,Val d'Aran,2,0,1,1,4,2,0,0,0,1,1,0,0,50.0,0.0,0,2,No n'hi ha,-1.0,3,3,1,0,0,0,0,0,0,0,0,0,0,0,4,-1,1,Xoc contra objecte/obstacle sense sortida prèvia de via,-1,0,2,4,2,2,1,16.47,1,4,3,4,9
4669,2014,1,2014-12-10,SE,BARCELONA,Barcelones,3,0,1,0,2,0,0,1,0,1,0,0,0,100.0,0.0,0,-1,No n'hi ha,-1.0,3,3,1,0,0,0,0,0,0,0,0,0,0,1,4,5,0,Encalç,1,2,2,5,-1,2,1,15.45,1,2,2,10,12
4670,2014,1,2014-12-17,SE,SANT BOI DE LLOBREGAT,Baix Llobregat,3,1,0,0,2,1,0,0,0,0,1,0,0,100.0,0.0,0,2,Carril bus,-1.0,3,3,0,0,0,0,0,0,0,0,0,0,0,0,4,-1,1,Atropellament,-1,2,2,5,-1,2,1,14.35,1,3,2,17,12
4671,2014,0,2014-04-25,C-16,SANT CUGAT DEL VALLES,Valles Occidental,3,0,1,0,1,0,0,0,0,1,0,0,0,40.0,0.0,0,1,No n'hi ha,-1.0,3,3,1,0,0,0,0,0,0,0,0,0,0,0,4,-1,0,Resta sortides de via,-1,1,2,2,2,2,1,13.13,0,1,4,25,4
4672,2014,0,2014-05-07,A-7,TARRAGONA,Tarragones,0,0,1,0,2,0,0,0,0,1,1,0,0,100.0,0.0,0,2,No n'hi ha,-1.0,3,3,1,0,0,0,0,0,0,0,0,0,0,0,4,-1,0,Encalç,-1,1,2,1,1,2,1,12.41,0,2,2,7,5
4673,2014,0,2014-11-13,C-31,CASTELLDEFELS,Baix Llobregat,3,0,1,1,3,2,0,0,0,1,0,0,0,100.0,0.0,0,2,No n'hi ha,-1.0,3,3,1,0,0,0,0,0,0,0,0,0,0,0,5,-1,0,Atropellament,-1,1,2,1,2,2,1,19.58,1,3,3,13,11
4674,2014,0,2014-07-13,AP-7,"JONQUERA, LA",Alt Emporda,1,0,1,4,3,0,0,0,0,3,0,0,0,100.0,0.0,0,1,No n'hi ha,5.0,3,3,1,0,0,0,0,0,0,0,0,0,0,0,4,-1,0,Encalç,-1,1,2,2,1,2,0,13.3,0,2,6,13,7
4675,2014,0,2014-09-10,C-32,SITGES,Garraf,3,0,1,0,1,0,0,0,0,0,1,0,0,40.0,0.0,0,2,No n'hi ha,-1.0,3,3,1,0,0,0,0,0,0,0,0,0,0,2,4,4,1,Altres,1,1,2,2,2,2,1,17.54,1,5,2,10,9
4676,2014,0,2014-11-02,C-31,"PRAT DE LLOBREGAT, E",Baix Llobregat,3,0,1,1,7,0,6,0,0,1,0,0,0,100.0,0.0,0,2,No n'hi ha,-1.0,3,3,1,0,0,0,0,0,0,0,0,0,0,2,4,4,0,Envestida (frontal lateral),3,1,2,1,2,2,0,13.41,0,2,6,2,11
4677,2014,0,2014-09-26,C-31,BADALONA,Barcelones,3,0,1,0,2,0,0,0,1,1,0,0,0,80.0,0.0,0,3,No n'hi ha,-1.0,3,3,1,0,0,1,0,0,0,0,0,0,0,0,5,-1,0,Encalç,-1,1,2,1,2,2,0,20.33,1,2,4,26,9
4678,2014,0,2014-11-19,A-2,MONTMANEU,Anoia,3,1,0,2,4,0,0,0,0,3,1,0,0,100.0,0.0,0,1,No n'hi ha,-1.0,3,3,0,0,0,0,0,0,0,0,0,0,0,0,3,-1,1,Xoc contra objecte/obstacle sense sortida prèvia de via,-1,1,2,1,1,2,1,18.2,1,4,2,19,11
4679,2014,1,2014-11-24,SE,BARCELONA,Barcelones,3,0,1,2,6,0,0,0,1,5,0,0,0,100.0,0.0,0,-1,No n'hi ha,0.0,3,3,1,0,0,0,0,0,0,0,0,0,0,1,5,3,1,Envestida (frontal lateral),1,2,2,5,-1,2,1,7.0,0,2,0,24,11
4680,2014,1,2014-07-02,SE,AMPOSTA,Montsia,0,1,0,0,1,0,0,0,0,0,1,0,0,100.0,0.0,0,0,No n'hi ha,-1.0,1,3,0,0,0,0,0,0,0,0,0,0,0,0,2,-1,1,Caiguda en la via,-1,2,0,5,-1,2,1,9.05,0,0,2,2,7
4681,2014,0,2014-12-13,C-17,GRANOLLERS,Valles Oriental,3,0,1,0,2,0,0,0,0,2,0,0,0,120.0,0.0,0,-1,Sense Especificar,-1.0,3,3,1,0,0,0,0,0,0,0,0,0,0,0,4,-1,-1,Encalç,-1,1,2,1,4,2,0,20.0,1,2,5,13,12
4682,2014,1,2014-03-06,SE,LLEIDA,Segria,2,0,1,0,2,0,0,1,0,1,0,0,0,20.0,0.0,0,-1,No n'hi ha,-1.0,3,3,1,-1,0,0,0,-1,0,0,0,0,-1,1,4,5,1,Envestida (frontal lateral),2,2,2,5,-1,2,1,17.01,1,2,3,6,3
4683,2014,1,2014-02-05,SE,RUBI,Valles Occidental,3,0,1,0,2,0,0,1,0,1,0,0,0,100.0,0.0,0,3,No n'hi ha,-1.0,3,3,1,0,0,0,0,0,0,0,0,0,0,1,4,2,1,Fregament o col·lisió lateral,1,2,2,5,0,2,1,13.05,0,2,2,5,2
4684,2014,1,2014-04-13,SE,DELTEBRE,Baix Ebre,0,0,1,0,2,0,1,0,0,1,0,0,0,100.0,0.0,0,-1,No n'hi ha,-1.0,3,3,1,0,0,0,0,0,0,0,0,0,0,0,4,-1,-1,Fregament o col·lisió lateral,-1,2,2,5,-1,2,0,9.45,0,2,6,13,4
4685,2014,0,2014-05-01,C-31,"PRAT DE LLOBREGAT, E",Baix Llobregat,3,0,1,1,2,0,0,0,1,1,0,0,0,100.0,0.0,0,2,No n'hi ha,-1.0,3,3,1,0,0,0,0,0,0,0,0,0,0,0,4,-1,1,Encalç,-1,1,2,1,2,2,1,11.43,0,2,3,1,5
4686,2014,0,2014-11-24,C-58,BADIA DEL VALLES,Valles Occidental,3,0,1,0,2,0,1,0,0,0,1,0,0,100.0,0.0,0,2,No n'hi ha,-1.0,1,3,1,0,0,0,0,0,0,0,0,0,0,0,3,-1,0,Fregament o col·lisió lateral,-1,1,2,1,2,2,1,2.0,2,2,0,24,11
4687,2014,0,2014-12-11,B-20,SANTA COLOMA DE GRAMANET,Barcelones,3,0,1,0,2,0,0,0,1,1,0,0,0,80.0,0.0,0,3,No n'hi ha,-1.0,3,3,1,0,0,0,0,0,0,0,0,0,0,0,0,-1,0,Fregament o col·lisió lateral,-1,1,2,1,3,2,1,22.4,2,2,3,11,12
4688,2014,0,2014-09-19,B-10,BARCELONA,Barcelones,3,0,1,4,4,0,0,0,1,2,1,0,0,80.0,1.0,0,-1,No n'hi ha,-1.0,3,3,1,0,0,1,0,0,0,0,0,0,0,0,4,-1,1,Encalç,-1,1,2,1,-1,2,0,17.05,1,2,4,19,9
4689,2014,1,2014-12-16,SE,MANRESA,Bages,3,0,1,0,2,1,0,0,0,1,0,0,0,100.0,0.0,0,2,No n'hi ha,-1.0,3,3,1,0,0,0,0,0,0,0,0,0,0,1,4,3,1,Atropellament,1,2,2,5,0,2,1,15.0,1,3,1,16,12
4690,2014,1,2014-07-12,SE,BLANES,Selva,1,0,1,2,4,0,0,0,0,4,0,0,0,40.0,0.0,0,2,No n'hi ha,-1.0,3,3,1,0,0,0,0,0,0,0,0,0,0,1,5,4,1,Envestida (frontal lateral),1,2,2,5,-1,2,0,4.15,2,2,5,12,7
4691,2014,0,2014-05-23,B-20,MONTGAT,Maresme,3,1,0,0,1,0,0,0,1,0,0,0,0,120.0,0.0,0,1,No n'hi ha,-1.0,3,3,0,0,0,0,0,0,0,0,0,0,0,0,4,-1,0,Resta sortides de via,-1,1,2,1,1,2,0,19.53,1,1,4,23,5
4692,2014,0,2014-07-21,CR,SANT GREGORI,Girones,1,0,1,0,2,0,1,0,0,0,1,0,0,40.0,0.0,0,3,No n'hi ha,-1.0,3,3,1,0,0,0,0,0,0,0,0,0,0,0,4,-1,1,Resta sortides de via,-1,1,2,0,0,2,1,18.4,1,1,0,21,7
4693,2014,1,2014-09-25,C-245,ESPLUGUES DE LLOBREGAT,Baix Llobregat,3,0,1,0,1,0,0,0,1,0,0,0,0,90.0,0.0,0,-1,No n'hi ha,-1.0,3,3,1,0,0,0,0,0,0,0,0,0,0,1,4,4,0,Caiguda en la via,0,0,1,4,-1,2,1,18.38,1,0,3,25,9
4694,2014,1,2014-12-22,SE,VILA-SECA,Tarragones,0,0,1,0,2,1,0,0,0,1,0,0,0,100.0,0.0,0,-1,No n'hi ha,-1.0,3,3,1,0,0,0,0,0,1,0,0,0,0,0,4,-1,-1,Atropellament,-1,2,2,5,-1,2,1,18.5,1,3,0,22,12
4695,2014,0,2014-09-28,A-2,ODENA,Anoia,3,1,0,4,1,0,0,0,0,1,0,0,0,100.0,0.0,0,1,No n'hi ha,-1.0,3,3,0,0,0,0,0,0,0,0,0,0,0,1,3,5,0,Resta sortides de via,4,1,2,1,1,2,0,2.41,2,1,6,28,9
4696,2014,1,2014-03-17,SE,BADALONA,Barcelones,3,0,1,0,1,0,0,0,1,0,0,0,0,20.0,0.0,0,2,No n'hi ha,0.0,3,3,1,-1,0,0,0,-1,0,0,0,1,0,1,5,3,1,Caiguda en la via,2,2,2,5,-1,2,1,6.15,0,0,0,17,3
4697,2014,0,2014-04-24,GI-543,ESPINELVES,Osona,1,0,1,1,1,0,0,0,0,1,0,0,0,100.0,0.0,0,1,No n'hi ha,-1.0,3,3,1,0,0,0,0,0,0,0,0,0,0,0,4,-1,1,Xoc contra objecte/obstacle sense sortida prèvia de via,-1,1,2,4,2,2,1,9.22,0,4,3,24,4
4698,2014,1,2014-02-01,SE,"VENDRELL, EL",Baix Penedes,0,0,1,0,2,1,0,0,0,1,0,0,0,40.0,0.0,0,-1,No n'hi ha,-1.0,1,3,1,-1,0,0,0,-1,0,0,0,0,0,0,2,-1,0,Atropellament,-1,2,0,5,-1,2,0,12.45,0,3,5,1,2
4699,2014,0,2014-03-07,N-II,AGULLANA,Alt Emporda,1,0,2,3,2,0,0,0,0,2,0,0,0,100.0,0.0,0,1,No n'hi ha,-1.0,3,3,1,0,0,0,0,0,0,0,0,0,0,0,3,-1,1,Col·lisió frontal,-1,1,2,4,1,2,1,3.16,2,2,4,7,3
4700,2014,1,2014-07-09,SE,BARCELONA,Barcelones,3,0,1,0,2,0,0,1,0,1,0,0,0,100.0,0.0,0,-1,No n'hi ha,-1.0,3,3,1,0,0,0,0,0,0,0,0,0,0,1,5,3,0,Envestida (frontal lateral),2,2,2,5,-1,2,1,22.3,2,2,2,9,7
4701,2014,1,2014-05-31,SE,MARTORELLES,Valles Oriental,3,0,1,0,2,0,0,0,1,1,0,0,0,100.0,0.0,0,2,No n'hi ha,-1.0,3,3,1,0,0,0,0,0,0,0,0,0,0,2,4,4,1,Envestida (frontal lateral),1,2,2,5,-1,2,0,14.15,1,2,5,31,5
4702,2014,1,2014-03-22,SE,SABADELL,Valles Occidental,3,0,1,0,2,0,0,1,0,1,0,0,0,100.0,0.0,0,-1,No n'hi ha,-1.0,3,3,1,0,0,0,0,0,0,0,0,0,0,0,4,-1,-1,Envestida (frontal lateral),-1,2,2,5,-1,2,0,0.26,2,2,5,22,3
4703,2014,0,2014-04-27,C-35,SANT FELIU DE BUIXALLEU,Selva,1,1,2,0,3,0,0,0,0,3,0,0,0,100.0,0.0,0,2,No n'hi ha,-1.0,3,3,0,0,0,0,0,0,0,0,0,0,0,0,4,-1,1,Envestida (frontal lateral),-1,1,2,4,2,2,0,11.54,0,2,6,27,4
4704,2014,1,2014-09-02,SE,BELANYA,Osona,3,0,1,0,3,2,0,0,0,1,0,0,0,100.0,0.0,0,2,No n'hi ha,-1.0,3,3,1,0,0,0,0,0,0,0,0,0,1,0,0,-1,0,Atropellament,-1,2,2,5,-1,2,1,11.07,0,3,1,2,9
4705,2014,1,2014-10-27,SE,VILANOVA I LA GELTRU,Garraf,3,0,1,0,2,0,0,0,1,1,0,0,0,100.0,0.0,0,1,No n'hi ha,-1.0,3,3,1,0,0,0,0,0,0,0,0,0,0,1,4,4,1,Envestida (frontal lateral),1,2,2,5,-1,2,1,14.0,1,2,0,27,10
4706,2014,0,2014-01-29,A-2,RIBERA D'ONDARA,Segarra,2,0,1,7,5,1,0,0,0,4,0,0,0,100.0,0.0,0,2,No n'hi ha,-1.0,4,3,1,0,0,0,1,0,0,0,0,0,0,0,3,-1,1,Atropellament,-1,1,2,1,1,1,1,18.09,1,3,2,29,1
4707,2014,0,2014-04-20,C-58,VILADECAVALLS,Valles Occidental,3,0,1,4,2,0,0,0,0,2,0,0,0,100.0,0.0,0,2,No n'hi ha,-1.0,1,3,1,0,0,0,0,0,0,0,0,0,0,0,2,-1,1,Encalç,-1,1,2,4,2,2,0,10.48,0,2,6,20,4
4708,2014,0,2014-09-26,N-260,SORIGUERA,Pallars Sobira,2,0,1,0,1,0,0,0,1,0,0,0,0,70.0,0.0,0,1,No n'hi ha,-1.0,3,3,1,0,0,0,0,0,0,0,0,0,0,0,4,-1,1,Resta sortides de via,-1,1,2,4,1,2,1,11.36,0,1,4,26,9
4709,2014,1,2014-05-23,SE,SANTA COLOMA DE GRAMANET,Barcelones,3,0,1,0,2,1,0,1,0,0,0,0,0,20.0,0.0,0,-1,No n'hi ha,-1.0,3,3,1,-1,-1,0,0,-1,0,0,0,0,0,0,4,-1,0,Atropellament,-1,2,2,5,-1,2,1,13.3,0,3,4,23,5
4710,2014,0,2014-02-17,LV-3028,"FULIOLA, LA",Urgell,2,0,1,0,1,0,0,0,0,1,0,0,0,100.0,0.0,0,2,No n'hi ha,-1.0,3,3,1,0,0,0,0,0,1,0,0,0,0,2,3,4,1,Sortida de via amb xoc o col·lisió,0,1,2,4,0,2,1,21.25,1,1,0,17,2
4711,2014,0,2014-05-18,N-260,LLANCA,Alt Emporda,1,0,1,0,2,1,0,0,0,1,0,0,0,100.0,1.0,0,3,No n'hi ha,-1.0,3,3,1,0,0,0,0,0,0,0,0,0,0,0,4,-1,1,Atropellament,-1,1,2,4,1,2,0,14.05,1,3,6,18,5
4712,2014,0,2014-10-17,C-14,MONTBLANC,Conca de Barbera,0,0,1,1,1,0,0,0,0,0,1,0,0,40.0,0.0,0,0,No n'hi ha,-1.0,3,3,1,0,0,0,0,0,0,0,0,0,0,1,4,4,0,Resta sortides de via,3,1,2,4,2,2,0,15.17,1,1,4,17,10
4713,2014,0,2014-12-08,N-II,MACANET DE LA SELVA,Selva,1,0,1,0,2,0,0,0,0,0,2,0,0,100.0,0.0,0,2,No n'hi ha,-1.0,3,3,1,0,0,0,0,0,0,0,0,0,1,0,0,-1,0,Encalç,-1,1,2,4,1,2,1,19.31,1,2,0,8,12
4714,2014,0,2014-06-25,C-16,CERCS,Bergueda,3,0,2,2,2,0,0,0,0,2,0,0,0,60.0,0.0,0,1,No n'hi ha,-1.0,1,3,1,0,0,0,1,0,0,0,0,0,0,0,2,-1,1,Col·lisió frontal,-1,1,2,4,2,2,1,10.17,0,2,2,25,6
4715,2014,0,2014-02-14,AP-7,"PAPIOL, EL",Baix Llobregat,3,0,1,7,7,0,0,0,0,6,1,0,0,60.0,0.0,0,2,No n'hi ha,-1.0,3,3,1,0,0,1,0,0,0,0,0,0,0,0,4,-1,0,Encalç,-1,1,2,2,1,1,0,15.44,1,2,4,14,2
4716,2014,1,2014-10-21,SE,VILANOVA I LA GELTRU,Garraf,3,0,1,1,3,0,2,0,0,1,0,0,0,100.0,0.0,0,-1,No n'hi ha,-1.0,3,3,1,0,0,0,0,0,0,0,0,0,0,0,4,-1,-1,Altres,-1,2,2,5,-1,2,1,13.4,0,5,1,21,10
4717,2014,1,2014-09-22,SE,CERDANYOLA DEL VALLES,Valles Occidental,3,0,2,0,1,0,0,0,0,1,0,0,0,30.0,0.0,0,2,Carril bici,-1.0,3,3,1,0,0,0,0,0,0,0,0,0,0,0,4,-1,1,Resta sortides de via,-1,2,2,5,-1,2,1,16.5,1,1,0,22,9
4718,2014,1,2014-04-01,SE,BARCELONA,Barcelones,3,0,1,0,2,0,0,0,1,1,0,0,0,100.0,0.0,0,-1,No n'hi ha,-1.0,3,3,1,0,0,0,0,0,0,0,0,0,0,1,5,4,0,Envestida (frontal lateral),2,2,2,5,-1,2,1,21.0,1,2,1,1,4
4719,2014,1,2014-10-17,SE,LLINARS DEL VALLES,Valles Oriental,3,0,1,0,2,0,0,0,0,2,0,0,0,20.0,0.0,0,-1,No n'hi ha,,3,3,1,-1,0,0,0,-1,0,0,0,0,-1,1,4,4,1,Envestida (frontal lateral),1,2,2,5,-1,2,1,10.25,0,2,4,17,10
4720,2014,0,2014-02-03,B-124,SABADELL,Valles Occidental,3,1,0,1,2,0,0,0,0,2,0,0,0,100.0,0.0,0,1,No n'hi ha,-1.0,3,3,0,0,0,0,0,0,0,0,0,0,0,0,1,-1,1,Envestida (frontal lateral),-1,1,2,4,3,2,1,7.31,0,2,0,3,2
4721,2014,0,2014-03-17,C-14,PERAMOLA,Alt Urgell,2,0,3,0,2,0,0,0,0,2,0,0,0,100.0,0.0,0,1,No n'hi ha,-1.0,3,3,1,0,0,0,0,0,0,0,0,0,0,0,4,-1,1,Col·lisió frontal,-1,1,2,4,2,2,1,18.28,1,2,0,17,3
4722,2014,1,2014-03-22,SE,CORNELLA DE LLOBREGAT,Baix Llobregat,3,0,1,0,2,1,0,0,0,1,0,0,0,20.0,0.0,0,-1,No n'hi ha,-1.0,3,3,1,-1,-1,0,0,-1,0,0,0,0,-1,1,5,3,-1,Atropellament,2,2,2,5,-1,2,0,1.22,2,3,5,22,3
4723,2014,1,2014-06-15,SE,SANT BOI DE LLOBREGAT,Baix Llobregat,3,0,4,3,2,0,0,0,0,2,0,0,0,100.0,0.0,0,-1,No n'hi ha,-1.0,3,3,1,0,0,0,0,0,0,0,0,0,0,0,4,-1,-1,Altres,-1,2,2,5,-1,2,0,2.48,2,5,6,15,6
4724,2014,1,2014-01-23,SE,BARCELONA,Barcelones,3,0,1,0,2,1,0,0,0,1,0,0,0,100.0,1.0,0,-1,No n'hi ha,-1.0,3,3,1,0,0,0,0,0,0,0,0,0,0,1,5,3,0,Atropellament,2,2,2,5,-1,2,1,18.55,1,3,3,23,1
4725,2014,1,2014-01-10,SE,GIRONA,Girones,1,1,0,0,2,1,0,0,0,1,0,0,0,50.0,0.0,0,2,No n'hi ha,-1.0,3,3,0,0,0,0,0,0,0,0,0,0,1,1,4,3,0,Atropellament,2,2,2,5,-1,2,1,12.18,0,3,4,10,1
4726,2014,1,2014-12-13,SE,CASTELLDEFELS,Baix Llobregat,3,0,1,0,1,0,0,0,0,1,0,0,0,100.0,0.0,0,-1,No n'hi ha,-1.0,3,3,1,0,0,0,0,0,0,0,0,0,0,0,4,-1,-1,Altres,-1,2,2,5,-1,2,0,9.13,0,5,5,13,12
4727,2014,0,2014-05-15,C-55,CALLUS,Bages,3,1,0,0,2,1,0,0,0,1,0,0,0,100.0,0.0,0,1,No n'hi ha,-1.0,3,3,0,0,0,0,0,0,0,0,0,0,1,1,4,5,1,Atropellament,2,1,2,4,2,2,1,7.02,0,3,3,15,5
4728,2014,0,2014-07-08,C-13,LLAVORSI,Pallars Sobira,2,1,0,1,2,0,0,0,1,1,0,0,0,100.0,0.0,0,1,No n'hi ha,-1.0,3,3,0,0,0,0,0,0,0,0,0,0,0,0,4,-1,1,Col·lisió frontal,-1,1,2,4,2,2,1,14.34,1,2,1,8,7
4729,2014,0,2014-04-03,N-II,TORDERA,Maresme,3,1,1,1,2,0,0,0,0,2,0,0,0,100.0,0.0,0,-1,No n'hi ha,-1.0,3,3,0,0,0,0,0,0,0,0,0,0,0,0,4,-1,-1,Envestida (frontal lateral),-1,1,2,4,-1,2,1,14.55,1,2,3,3,4
4730,2014,0,2014-10-28,BV-2421,"PALMA DE CERVELLO, LA",Baix Llobregat,3,0,1,0,2,0,0,0,1,1,0,0,0,40.0,0.0,0,2,No n'hi ha,-1.0,3,3,1,0,0,0,0,0,0,0,0,0,1,0,4,-1,1,Col·lisió frontal,-1,1,2,4,2,2,1,9.13,0,2,1,28,10
4731,2014,1,2014-01-18,SE,BARCELONA,Barcelones,3,0,1,0,2,0,0,0,1,1,0,0,0,100.0,0.0,0,-1,No n'hi ha,-1.0,3,3,1,0,0,0,0,0,0,0,0,0,0,1,4,3,1,Envestida (frontal lateral),2,2,0,5,-1,2,0,13.05,0,2,5,18,1
4732,2014,0,2014-01-09,C-25,MANRESA,Bages,3,0,1,0,1,0,0,0,0,1,0,0,0,100.0,0.0,0,2,Carril d'alentiment,-1.0,3,3,1,0,0,0,0,0,1,0,0,0,0,1,3,-1,1,Xoc contra objecte/obstacle sense sortida prèvia de via,3,1,2,4,2,2,1,21.1,1,4,3,9,1
4733,2014,1,2014-10-15,SE,BARCELONA,Barcelones,3,0,1,0,2,1,0,0,0,1,0,0,0,100.0,0.0,0,-1,No n'hi ha,-1.0,3,3,1,0,0,1,0,0,0,0,0,0,1,0,5,-1,0,Atropellament,-1,2,2,5,-1,2,1,22.45,2,3,2,15,10
4734,2014,0,2014-01-21,C-31,MONTGAT,Maresme,3,0,1,0,3,0,0,0,1,2,0,0,0,100.0,0.0,0,1,No n'hi ha,3.0,3,3,1,0,0,0,0,0,0,1,0,0,0,0,5,-1,1,Encalç,-1,1,2,1,3,2,1,21.2,1,2,1,21,1
4735,2014,0,2014-01-29,AP-7,SANT GREGORI,Girones,1,0,1,3,3,0,0,0,0,3,0,0,0,120.0,0.0,0,-1,Sense Especificar,-1.0,3,3,1,0,0,0,0,0,0,0,0,0,0,0,4,-1,-1,Encalç,-1,1,2,2,4,2,1,22.18,2,2,2,29,1
4736,2014,0,2014-05-16,C-31,SITGES,Garraf,3,0,1,0,2,0,0,0,2,0,0,0,0,90.0,0.0,0,-1,Sense Especificar,-1.0,3,3,1,0,0,0,0,0,0,0,0,0,0,0,4,-1,-1,Col·lisió frontal,-1,1,2,4,4,2,1,11.0,0,2,4,16,5
4737,2014,1,2014-10-23,SE,BANYOLES,Pla de l'Estany,1,0,1,0,2,0,1,0,0,0,1,0,0,20.0,0.0,0,2,No n'hi ha,-1.0,3,3,1,-1,0,0,0,-1,0,0,0,0,-1,0,4,-1,1,Encalç,-1,2,2,5,-1,2,1,16.45,1,2,3,23,10
4738,2014,1,2014-05-14,SE,OLESA DE MONTSERRAT,Baix Llobregat,3,0,1,0,2,0,0,0,0,2,0,0,0,20.0,0.0,0,-1,No n'hi ha,-1.0,3,3,1,-1,-1,0,0,-1,0,0,0,0,0,1,4,4,-1,Envestida (frontal lateral),2,2,2,5,-1,2,1,9.35,0,2,2,14,5
4739,2014,0,2014-05-21,B-124,CASTELLAR DEL VALLES,Valles Occidental,3,0,1,0,2,0,0,0,1,1,0,0,0,60.0,0.0,0,2,No n'hi ha,-1.0,3,3,1,0,0,0,0,0,0,0,0,0,1,0,4,-1,1,Caiguda en la via,-1,1,2,4,3,2,1,18.49,1,0,2,21,5
4740,2014,1,2014-04-20,SE,BARCELONA,Barcelones,3,0,1,2,2,0,0,0,1,1,0,0,0,100.0,0.0,0,-1,No n'hi ha,-1.0,3,3,1,0,0,0,0,0,0,0,0,0,0,1,4,3,1,Envestida (frontal lateral),2,2,2,5,-1,2,0,20.0,1,2,6,20,4
4741,2014,0,2014-07-26,C-14,MONTBLANC,Conca de Barbera,0,1,3,0,2,0,0,0,0,2,0,0,0,100.0,0.0,0,1,No n'hi ha,-1.0,3,3,0,0,1,0,0,0,0,0,0,0,0,0,4,-1,1,Fregament o col·lisió lateral,-1,1,2,4,2,2,0,17.19,1,2,5,26,7
4742,2014,1,2014-10-13,SE,BARCELONA,Barcelones,3,0,1,0,3,0,0,0,1,2,0,0,0,100.0,0.0,0,-1,No n'hi ha,-1.0,3,3,1,0,0,1,0,0,0,0,0,0,0,0,4,-1,1,Fregament o col·lisió lateral,-1,2,2,5,-1,2,1,13.3,0,2,0,13,10
4743,2014,0,2014-04-13,BP-2121,TORRELLES DE FOIX,Alt Penedes,3,0,1,0,1,0,0,0,1,0,0,0,0,100.0,0.0,0,1,No n'hi ha,-1.0,3,3,1,0,0,0,0,0,0,0,0,0,0,0,4,-1,1,Caiguda en la via,-1,1,2,4,3,2,0,12.0,0,0,6,13,4