,Year,Area,Date,Road,Municipality Name,County Name,Province Name,Fatalties,Serious Injuries,Light Injuries,Units Involved,Pedestrains Involved,Bicycles Involved,Mopeds Involved,Motorcycles,Light Vehicles Involved,Heavy Vehicles Involved,Other Units Involved,Unspecified Units Involved,Road Speed Limit,Accident with Hit and Run,Fog Presence,Surrounding Environment,Special Lane Presence,Special Traffic Measures,Weather Conditions,Special Road Functions,Severity of Accident,Influence of Fog,Influence of Environment,Influence of Traffic,Influence of Weather,Influence of Wind Intensity,Influence of Lighting,Influence of Special Measures,Influence of Road Objects,Influence of Road Surface,Influence of Visibility,Intersection Characteristics,Lighting Conditions,Traffic Regulation and Priority,Direction of Road,Subtype of Accident,Subtype of Road Section,Subzone within Area,Road Surface Conditions,Type of Road,Road Ownership,Wind Conditions,Day of the Week Grouping,Hour of Day,Time of Day Grouping,Type of Accident,Day Type,Day,Month
4744,2014,0,2014-05-28,C-31,VILANOVA I LA GELTRU,Garraf,3,0,1,1,2,0,0,0,1,1,0,0,0,90.0,0.0,0,2,No n'hi ha,-1.0,3,3,1,0,0,0,0,0,0,0,0,0,0,1,4,4,1,Encalç,3,1,2,4,2,2,1,13.16,0,2,2,28,5
4745,2014,1,2014-09-04,SE,BADALONA,Barcelones,3,0,1,0,2,1,0,0,0,1,0,0,0,20.0,1.0,0,2,No n'hi ha,-1.0,3,3,1,-1,0,0,0,-1,0,0,0,0,1,0,4,-1,1,Atropellament,-1,2,2,5,-1,2,1,16.45,1,3,3,4,9
4746,2014,1,2014-03-05,SE,BARCELONA,Barcelones,3,0,1,1,2,1,1,0,0,0,0,0,0,100.0,0.0,0,-1,Carril bici,-1.0,3,3,1,0,0,0,0,0,0,0,0,0,1,0,4,-1,0,Atropellament,-1,2,2,5,-1,2,1,9.3,0,3,2,5,3
4747,2014,0,2014-10-30,C-55,MANRESA,Bages,3,1,1,0,2,0,0,0,0,2,0,0,0,80.0,0.0,0,2,No n'hi ha,-1.0,3,3,0,0,0,0,0,0,0,0,0,0,0,0,4,-1,1,Col·lisió frontal,-1,1,2,4,2,2,1,7.22,0,2,3,30,10
4748,2014,0,2014-08-11,N-260,PERALADA,Alt Emporda,1,0,1,2,2,0,0,0,0,2,0,0,0,100.0,0.0,0,0,No n'hi ha,-1.0,3,3,1,0,0,0,0,0,0,0,0,0,0,0,0,-1,1,Col·lisió frontal,-1,1,2,4,1,2,1,3.4,2,2,0,11,8
4749,2014,1,2014-02-06,SE,TORTOSA,Baix Ebre,0,0,1,0,2,1,0,0,0,1,0,0,0,100.0,0.0,0,-1,No n'hi ha,-1.0,3,3,1,0,0,0,0,0,0,0,0,0,0,0,4,-1,-1,Atropellament,-1,2,2,5,-1,2,1,7.3,0,3,3,6,2
4750,2014,1,2014-04-11,SE,HOSPITALET DE LLOBREGAT,Barcelones,3,0,1,0,2,0,0,0,1,1,0,0,0,20.0,0.0,0,-1,No n'hi ha,-1.0,3,3,1,-1,0,0,0,-1,0,0,0,0,0,1,4,3,0,Encalç,0,2,2,5,-1,2,1,14.57,1,2,4,11,4
4751,2014,1,2014-04-15,SE,BARCELONA,Barcelones,3,0,1,0,2,0,0,0,1,1,0,0,0,100.0,1.0,0,-1,Carril bus,-1.0,3,3,1,0,0,1,0,0,0,0,0,0,0,0,4,-1,0,Fregament o col·lisió lateral,-1,2,2,5,-1,2,1,19.1,1,2,1,15,4
4752,2014,1,2014-05-20,SE,MATARO,Maresme,3,0,1,1,3,2,0,0,0,1,0,0,0,20.0,0.0,0,-1,No n'hi ha,-1.0,3,3,1,-1,0,0,0,-1,0,0,0,0,-1,1,4,2,0,Atropellament,1,2,2,5,-1,2,1,12.5,0,3,1,20,5
4753,2014,0,2014-06-08,N-340,SUBIRATS,Alt Penedes,3,1,1,0,2,0,0,0,1,1,0,0,0,100.0,0.0,0,2,No n'hi ha,-1.0,3,3,0,0,0,0,0,0,0,0,0,0,0,0,4,-1,1,Envestida (frontal lateral),-1,1,2,4,1,2,0,13.2,0,2,6,8,6
4754,2014,1,2014-03-24,SE,LLINARS DEL VALLES,Valles Oriental,3,1,0,0,2,0,0,1,0,1,0,0,0,20.0,0.0,0,-1,No n'hi ha,-1.0,3,3,0,-1,0,0,0,-1,0,0,0,0,0,1,4,4,1,Envestida (frontal lateral),2,2,2,5,-1,2,1,13.3,0,2,0,24,3
4755,2014,0,2014-07-22,GI-667,CALONGE,Baix Emporda,1,0,1,0,2,0,0,0,1,1,0,0,0,60.0,0.0,0,2,No n'hi ha,-1.0,3,3,1,0,0,0,0,0,0,0,0,0,0,1,4,5,1,Col·lisió frontal,1,1,2,4,2,2,1,12.5,0,2,1,22,7
4756,2014,0,2014-05-23,T-1025,MAS DE BARBERANS,Montsia,0,0,1,0,2,0,0,0,0,1,0,1,0,70.0,0.0,0,2,No n'hi ha,-1.0,3,3,1,0,0,0,0,0,0,0,0,0,0,0,4,-1,1,Col·lisió frontal,-1,1,2,4,3,2,0,17.37,1,2,4,23,5
4757,2014,1,2014-03-14,SE,TARADELL,Osona,3,0,2,0,2,0,0,1,0,1,0,0,0,40.0,0.0,0,2,No n'hi ha,-1.0,3,3,1,0,0,0,0,0,0,0,0,0,0,1,0,4,1,Envestida (frontal lateral),1,2,2,5,-1,2,0,19.4,1,2,4,14,3
4758,2014,1,2014-05-31,SE,SABADELL,Valles Occidental,3,0,1,1,2,0,0,0,1,1,0,0,0,100.0,0.0,0,2,No n'hi ha,-1.0,3,3,1,0,0,0,0,0,0,0,0,0,0,1,4,3,1,Col·lisió frontal,2,2,2,5,0,2,0,16.35,1,2,5,31,5
4759,2014,1,2014-12-02,SE,LLEIDA,Segria,2,0,2,0,3,2,0,0,0,1,0,0,0,100.0,0.0,0,1,No n'hi ha,-1.0,3,3,1,0,1,0,0,0,0,0,0,0,1,0,5,-1,1,Atropellament,-1,2,2,5,-1,2,1,18.5,1,3,1,2,12
4760,2014,0,2014-05-14,B-140,BARBERA DEL VALLES,Valles Occidental,3,0,1,0,2,0,0,0,0,1,1,0,0,100.0,0.0,0,3,Carril lent,-1.0,3,3,1,0,0,0,0,0,0,0,0,0,1,0,5,-1,1,Envestida (frontal lateral),-1,1,2,4,3,2,1,21.49,1,2,2,14,5
4761,2014,0,2014-09-12,C-66,TORRENT,Baix Emporda,1,0,1,0,1,0,0,0,0,1,0,0,0,80.0,0.0,0,3,No n'hi ha,-1.0,3,3,1,0,0,0,0,0,0,0,0,0,0,0,3,-1,1,Resta sortides de via,-1,1,2,4,2,2,0,23.16,2,1,4,12,9
4762,2014,1,2014-11-07,SE,REUS,Baix Camp,0,0,1,0,2,1,0,0,0,1,0,0,0,100.0,0.0,0,-1,No n'hi ha,-1.0,3,3,1,0,0,0,0,0,1,0,0,0,0,0,4,-1,-1,Atropellament,-1,2,2,5,-1,2,1,14.3,1,3,4,7,11
4763,2014,0,2014-11-22,TV-3101,RIUDOMS,Baix Camp,0,0,1,1,1,0,0,0,0,1,0,0,0,70.0,0.0,0,2,No n'hi ha,-1.0,3,3,1,0,0,0,0,0,0,0,0,0,0,0,4,-1,1,Resta sortides de via,-1,1,2,4,2,2,0,14.54,1,1,5,22,11
4764,2014,1,2014-02-02,SE,GRANOLLERS,Valles Oriental,3,0,1,0,2,0,0,0,1,1,0,0,0,100.0,0.0,0,2,No n'hi ha,-1.0,3,3,1,0,0,0,0,0,0,0,0,0,0,1,4,2,1,Envestida (frontal lateral),1,2,2,5,-1,2,0,10.0,0,2,6,2,2
4765,2014,0,2014-08-12,N-260,PRULLANS,Cerdanya,2,0,1,1,2,0,0,0,0,2,0,0,0,100.0,0.0,0,1,No n'hi ha,-1.0,3,3,1,0,0,0,0,0,0,0,0,0,0,0,4,-1,1,Resta sortides de via,-1,1,2,4,1,2,1,16.46,1,1,1,12,8
4766,2014,1,2014-01-30,SE,SABADELL,Valles Occidental,3,0,1,0,2,1,0,0,1,0,0,0,0,100.0,0.0,0,-1,No n'hi ha,-1.0,3,3,1,0,0,0,0,0,0,0,0,0,0,0,4,-1,-1,Atropellament,-1,2,2,5,-1,2,1,14.34,1,3,3,30,1
4767,2014,0,2014-12-10,GI-552,ARBUCIES,Selva,1,0,1,0,2,0,0,0,1,0,1,0,0,50.0,0.0,0,1,No n'hi ha,-1.0,3,3,1,0,0,0,0,0,0,0,0,0,0,0,3,-1,1,Xoc contra objecte/obstacle sense sortida prèvia de via,-1,1,2,4,3,2,1,18.06,1,4,2,10,12
4768,2014,0,2014-06-13,C-65,LLAMBILLES,Girones,1,1,0,0,2,0,0,0,0,1,1,0,0,100.0,0.0,0,0,No n'hi ha,-1.0,1,3,0,0,0,0,0,0,0,0,0,0,0,0,2,-1,1,Col·lisió frontal,-1,1,2,4,2,2,0,16.08,1,2,4,13,6
4769,2014,1,2014-11-17,SE,BADALONA,Barcelones,3,0,1,1,2,1,0,0,1,0,0,0,0,20.0,0.0,0,-1,No n'hi ha,-1.0,3,3,1,-1,0,0,0,-1,0,0,0,0,1,1,4,2,0,Atropellament,2,2,2,5,-1,2,1,15.38,1,3,0,17,11
4770,2014,0,2014-11-20,C-16,CERCS,Bergueda,3,0,1,0,2,0,0,0,0,1,1,0,0,60.0,0.0,0,3,No n'hi ha,-1.0,3,3,1,0,0,0,0,0,0,0,0,0,0,0,4,-1,1,Col·lisió frontal,-1,1,2,4,2,2,1,16.24,1,2,3,20,11
4771,2014,1,2014-04-23,SE,BANYOLES,Pla de l'Estany,1,0,1,0,2,0,0,1,0,1,0,0,0,100.0,0.0,0,-1,No n'hi ha,-1.0,3,3,1,0,0,0,0,0,0,0,0,0,0,1,4,4,1,Envestida (frontal lateral),2,2,2,5,-1,2,1,9.05,0,2,2,23,4
4772,2014,1,2014-07-08,SE,BARCELONA,Barcelones,3,0,1,0,2,0,0,0,1,1,0,0,0,100.0,0.0,0,-1,No n'hi ha,-1.0,3,3,1,0,0,0,0,0,0,0,0,0,1,0,4,-1,1,Encalç,-1,2,2,5,-1,2,1,17.0,1,2,1,8,7
4773,2014,0,2014-05-03,B-124,CASTELLAR DEL VALLES,Valles Occidental,3,0,1,3,3,0,0,0,2,1,0,0,0,100.0,0.0,0,3,No n'hi ha,-1.0,3,3,1,0,0,0,0,0,0,0,0,0,0,0,4,-1,1,Col·lisió frontal,-1,1,2,4,2,2,0,14.25,1,2,5,3,5
4774,2014,1,2014-04-20,SE,MATARO,Maresme,3,0,1,1,1,0,0,0,0,1,0,0,0,20.0,0.0,0,-1,No n'hi ha,-1.0,1,3,1,-1,0,0,0,-1,0,0,0,0,-1,1,2,4,0,Sortida de via amb xoc o col·lisió,0,2,0,5,-1,2,0,11.15,0,1,6,20,4
4775,2014,1,2014-06-13,SE,BARCELONA,Barcelones,3,0,1,0,2,1,0,0,0,1,0,0,0,100.0,0.0,0,-1,No n'hi ha,-1.0,3,3,1,0,0,0,0,0,0,0,0,0,0,0,4,-1,0,Atropellament,-1,2,2,5,-1,2,1,14.35,1,3,4,13,6
4776,2014,0,2014-01-30,C-12,FLIX,Ribera d'Ebre,0,0,1,1,1,0,0,0,0,1,0,0,0,100.0,0.0,0,1,No n'hi ha,-1.0,3,3,1,0,0,0,1,0,0,0,0,0,0,0,4,-1,1,Altres,-1,1,2,4,2,2,1,11.33,0,5,3,30,1
4777,2014,1,2014-06-18,SE,BARCELONA,Barcelones,3,0,1,0,2,0,0,0,1,1,0,0,0,100.0,0.0,0,-1,No n'hi ha,-1.0,3,3,1,0,0,0,0,0,0,0,0,0,0,1,4,4,0,Envestida (frontal lateral),2,2,2,5,-1,2,1,19.3,1,2,2,18,6
4778,2014,1,2014-04-04,SE,"PRAT DE LLOBREGAT, E",Baix Llobregat,3,0,1,0,2,1,0,0,0,1,0,0,0,100.0,0.0,0,-1,No n'hi ha,-1.0,3,3,1,0,0,0,0,0,0,0,0,0,0,1,4,4,-1,Atropellament,1,2,2,5,-1,2,1,11.56,0,3,4,4,4
4779,2014,0,2014-05-30,C-63,"PLANES D'HOSTOLES, LES",Garrotxa,1,0,1,0,2,0,1,0,0,0,1,0,0,100.0,0.0,0,1,No n'hi ha,-1.0,3,3,1,0,0,0,0,0,0,0,0,0,0,0,4,-1,1,Resta sortides de via,-1,1,2,4,2,2,1,8.55,0,1,4,30,5
4780,2014,1,2014-02-19,SE,BARCELONA,Barcelones,3,0,1,1,2,1,1,0,0,0,0,0,0,100.0,0.0,0,-1,Carril bici,-1.0,3,3,1,0,0,0,0,0,0,0,1,0,0,1,4,3,1,Atropellament,2,2,2,5,-1,2,1,11.45,0,3,2,19,2
4781,2014,0,2014-10-05,C-35,SANTA MARIA DE PALAU,Valles Oriental,3,0,1,1,6,0,0,0,0,6,0,0,0,60.0,0.0,0,2,No n'hi ha,-1.0,1,3,1,0,1,0,1,0,0,0,0,0,0,0,3,-1,1,Col·lisió frontal,-1,1,2,4,2,2,0,6.37,0,2,6,5,10
4782,2014,1,2014-07-30,SE,BARCELONA,Barcelones,3,0,1,1,2,1,0,0,1,0,0,0,0,100.0,0.0,0,-1,No n'hi ha,-1.0,3,3,1,0,0,0,0,0,0,0,0,0,0,1,4,3,1,Atropellament,2,2,2,5,-1,2,1,8.2,0,3,2,30,7
4783,2014,0,2014-04-28,LP-7041,SOSES,Segria,2,0,1,0,1,0,0,1,0,0,0,0,0,40.0,0.0,0,2,Carril habilitat en sentit contrari habitual,0.0,3,3,1,0,0,0,0,0,0,0,0,0,0,2,4,2,1,Caiguda en la via,0,1,2,4,3,1,1,17.59,1,0,0,28,4
4784,2014,0,2014-06-25,C-16,CERCS,Bergueda,3,0,1,0,2,0,0,0,0,2,0,0,0,60.0,0.0,0,1,No n'hi ha,-1.0,1,3,1,0,0,0,0,0,0,0,0,0,0,0,2,-1,1,Col·lisió frontal,-1,1,2,4,2,2,1,9.47,0,2,2,25,6
4785,2014,1,2014-08-25,SE,SABADELL,Valles Occidental,3,0,1,1,2,0,0,0,1,1,0,0,0,100.0,0.0,0,-1,No n'hi ha,-1.0,3,3,1,0,0,0,0,0,0,0,0,0,0,0,4,-1,-1,Envestida (frontal lateral),-1,2,2,5,-1,2,1,23.05,2,2,0,25,8
4786,2014,1,2014-05-23,SE,TORROELLA DE MONTGRI,Baix Emporda,1,0,1,0,2,0,0,0,0,1,1,0,0,20.0,0.0,0,2,No n'hi ha,-1.0,3,3,1,-1,0,0,0,-1,0,0,0,0,0,0,4,-1,1,Encalç,-1,2,2,5,-1,2,1,8.05,0,2,4,23,5
4787,2014,1,2014-06-17,SE,MANRESA,Bages,3,0,1,0,2,1,0,0,0,1,0,0,0,100.0,0.0,0,2,Altres,-1.0,1,3,1,0,0,0,0,0,0,0,0,0,0,1,2,4,1,Atropellament,1,2,0,5,0,2,1,18.3,1,3,1,17,6
4788,2014,1,2014-10-16,SE,MANRESA,Bages,3,0,1,0,3,2,0,0,0,1,0,0,0,100.0,0.0,0,2,No n'hi ha,-1.0,3,3,1,0,0,0,0,0,0,0,0,0,0,0,4,-1,1,Atropellament,-1,2,2,5,-1,2,1,12.15,0,3,3,16,10
4789,2014,1,2014-11-10,SE,CAMBRILS,Baix Camp,0,0,1,0,2,0,0,0,1,0,0,1,0,100.0,0.0,0,2,No n'hi ha,-1.0,3,3,1,0,0,0,0,0,0,0,0,0,0,0,4,-1,1,Envestida (frontal lateral),-1,2,0,5,-1,2,1,13.32,0,2,0,10,11
4790,2014,1,2014-04-23,SE,MONT-ROIG DEL CAMP,Baix Camp,0,0,1,0,2,0,0,1,0,1,0,0,0,100.0,0.0,0,2,No n'hi ha,-1.0,3,3,1,0,0,0,0,0,0,0,0,0,0,2,4,3,1,Fregament o col·lisió lateral,0,2,2,5,-1,2,1,14.47,1,2,2,23,4
4791,2014,1,2014-10-13,SE,SABADELL,Valles Occidental,3,0,1,0,3,0,1,0,1,1,0,0,0,100.0,0.0,0,-1,No n'hi ha,-1.0,3,3,1,0,0,0,0,0,0,0,0,0,1,0,4,-1,-1,Fregament o col·lisió lateral,-1,2,2,5,-1,2,1,18.36,1,2,0,13,10
4792,2014,1,2014-10-17,SE,BARCELONA,Barcelones,3,0,1,0,2,1,0,0,0,1,0,0,0,100.0,1.0,0,-1,No n'hi ha,-1.0,3,3,1,0,0,1,0,0,0,0,0,0,0,0,4,-1,1,Atropellament,-1,2,2,5,-1,2,0,15.45,1,3,4,17,10
4793,2014,0,2014-08-09,C-55,CALLUS,Bages,3,0,1,1,2,0,0,0,0,2,0,0,0,60.0,0.0,0,3,No n'hi ha,-1.0,3,3,1,0,0,0,0,0,0,0,0,0,0,0,4,-1,1,Fregament o col·lisió lateral,-1,1,2,4,2,2,0,12.55,0,2,5,9,8
4794,2014,1,2014-04-26,SE,CUBELLES,Garraf,3,0,1,0,1,0,0,0,1,0,0,0,0,100.0,0.0,0,-1,No n'hi ha,-1.0,3,3,1,0,0,0,0,0,0,0,0,0,0,0,4,-1,-1,Altres,-1,2,2,5,-1,2,0,15.15,1,5,5,26,4
4795,2014,1,2014-08-27,SE,CASTELL-PLATJA D'ARO,Baix Emporda,1,0,1,1,2,1,0,0,1,0,0,0,0,100.0,0.0,0,2,No n'hi ha,-1.0,3,3,1,0,0,0,0,0,0,0,0,0,0,0,1,-1,1,Atropellament,-1,2,2,5,-1,2,1,19.15,1,3,2,27,8
4796,2014,1,2014-02-06,SE,HOSPITALET DE LLOBREGAT,Barcelones,3,0,1,0,2,0,0,0,1,1,0,0,0,20.0,0.0,0,-1,No n'hi ha,-1.0,3,3,1,0,0,0,0,0,0,0,0,0,0,0,1,-1,-1,Fregament o col·lisió lateral,-1,2,2,5,-1,2,1,17.3,1,2,3,6,2
4797,2014,1,2014-07-06,SE,TERRASSA,Valles Occidental,3,0,1,2,2,0,0,0,0,2,0,0,0,20.0,0.0,0,-1,No n'hi ha,-1.0,3,3,1,-1,0,0,0,-1,0,0,0,0,-1,1,5,4,0,Envestida (frontal lateral),2,2,2,5,-1,2,0,5.3,2,2,6,6,7
4798,2014,1,2014-06-01,SE,BARCELONA,Barcelones,3,0,1,0,2,0,0,0,1,0,1,0,0,100.0,0.0,0,-1,No n'hi ha,-1.0,3,3,1,0,0,0,0,0,0,0,0,0,0,1,4,3,0,Fregament o col·lisió lateral,2,2,2,5,-1,2,0,17.5,1,2,6,1,6
4799,2014,1,2014-10-03,SE,SABADELL,Valles Occidental,3,0,1,0,2,1,0,0,0,1,0,0,0,100.0,0.0,0,2,No n'hi ha,-1.0,3,3,1,0,0,0,0,0,0,0,0,0,0,1,4,5,0,Atropellament,2,2,2,5,-1,2,1,11.23,0,3,4,3,10
4800,2014,0,2014-08-20,GI-550,SANT HILARI SACALM,Selva,1,1,0,1,2,0,0,0,1,0,1,0,0,100.0,0.0,0,1,No n'hi ha,-1.0,3,3,0,0,0,0,0,0,0,0,0,0,0,1,4,4,1,Col·lisió frontal,2,1,2,4,3,2,1,15.36,1,2,2,20,8
4801,2014,0,2014-08-30,N-150,MONTCADA I REIXAC,Valles Occidental,3,0,2,2,2,0,0,0,0,2,0,0,0,100.0,0.0,0,1,No n'hi ha,-1.0,3,3,1,0,0,0,0,0,0,0,0,0,0,0,4,-1,1,Col·lisió frontal,-1,1,2,4,1,2,0,17.26,1,2,5,30,8
4802,2014,0,2014-01-31,C-352,CANOVELLES,Valles Oriental,3,0,1,0,2,0,0,0,1,1,0,0,0,50.0,0.0,0,2,No n'hi ha,-1.0,3,3,1,0,0,0,0,0,0,0,0,0,0,2,4,4,1,Encalç,0,1,2,4,2,2,0,17.15,1,2,4,31,1
4803,2014,0,2014-01-01,TV-3319,ULLDECONA,Montsia,0,0,3,0,1,0,0,0,0,1,0,0,0,100.0,0.0,0,1,No n'hi ha,-1.0,3,3,1,0,0,0,0,0,0,0,0,0,0,2,4,4,1,Resta sortides de via,1,1,2,4,3,2,1,8.57,0,1,2,1,1
4804,2014,0,2014-04-22,N-340,SUBIRATS,Alt Penedes,3,0,1,0,1,0,0,0,0,1,0,0,0,100.0,0.0,0,0,No n'hi ha,-1.0,3,3,1,0,0,0,0,0,0,0,0,0,0,0,4,-1,1,Resta sortides de via,-1,1,2,4,1,2,1,16.26,1,1,1,22,4
4805,2014,0,2014-07-01,L-401,FIGOLS I ALINYA,Alt Urgell,2,0,1,0,1,0,0,0,1,0,0,0,0,100.0,0.0,0,1,No n'hi ha,-1.0,3,3,1,0,0,0,0,0,0,0,1,0,0,0,4,-1,1,Resta sortides de via,-1,1,2,4,2,2,1,14.37,1,1,1,1,7
4806,2014,0,2014-12-13,N-240,MONTBLANC,Conca de Barbera,0,1,0,0,2,0,0,0,0,1,1,0,0,100.0,0.0,1,2,Carril acceleració,-1.0,3,3,0,0,0,0,0,0,0,0,0,0,0,1,3,4,1,Envestida (frontal lateral),1,1,2,4,1,2,0,6.48,0,2,5,13,12
4807,2014,1,2014-08-25,SE,SABADELL,Valles Occidental,3,0,2,0,2,0,0,0,1,1,0,0,0,100.0,0.0,0,-1,No n'hi ha,-1.0,3,3,1,0,0,0,0,0,0,0,0,0,0,0,4,-1,-1,Altres,-1,2,2,5,-1,2,1,18.54,1,5,0,25,8
4808,2014,0,2014-02-18,BP-1417,SANT CUGAT DEL VALLES,Valles Occidental,3,0,1,0,1,0,0,0,1,0,0,0,0,100.0,0.0,0,1,No n'hi ha,-1.0,3,3,1,0,0,0,0,0,0,0,0,0,0,0,1,-1,1,Caiguda en la via,-1,1,2,4,2,2,1,7.02,0,0,1,18,2
4809,2014,0,2014-04-08,N-230,"PONT DE SUERT, EL",Alta Ribagorca,2,1,0,0,2,0,0,0,0,1,1,0,0,100.0,0.0,0,1,No n'hi ha,-1.0,3,3,0,0,0,0,0,0,0,0,0,0,0,0,1,-1,1,Col·lisió frontal,-1,1,2,4,1,2,1,21.28,1,2,1,8,4
4810,2014,1,2014-05-17,SE,HOSPITALET DE LLOBREGAT,Barcelones,3,0,1,0,2,0,0,1,0,1,0,0,0,20.0,,0,-1,No n'hi ha,-1.0,3,3,1,-1,0,0,0,-1,0,0,0,0,0,1,4,2,0,Encalç,2,2,2,5,-1,2,0,19.27,1,2,5,17,5
4811,2014,1,2014-07-27,SE,BARCELONA,Barcelones,3,0,1,0,2,0,0,1,0,1,0,0,0,30.0,0.0,0,-1,No n'hi ha,-1.0,3,3,1,0,0,0,0,0,0,0,0,0,0,1,4,3,1,Envestida (frontal lateral),2,2,2,5,-1,2,0,16.15,1,2,6,27,7
4812,2014,1,2014-01-25,SE,BLANES,Selva,1,0,1,0,2,1,0,0,0,1,0,0,0,20.0,0.0,0,-1,No n'hi ha,-1.0,3,3,1,-1,-1,0,0,-1,0,0,0,0,-1,1,5,2,-1,Atropellament,0,2,2,5,-1,2,0,22.0,2,3,5,25,1
4813,2014,1,2014-05-08,SE,ESPLUGUES DE LLOBREGAT,Baix Llobregat,3,0,1,0,2,1,0,0,0,1,0,0,0,20.0,0.0,0,-1,No n'hi ha,-1.0,3,3,1,0,-1,0,0,0,1,0,0,0,1,1,4,3,-1,Atropellament,2,2,2,5,-1,2,1,10.3,0,3,3,8,5
4814,2014,1,2014-09-20,SE,BARCELONA,Barcelones,3,0,1,1,3,2,0,0,0,1,0,0,0,30.0,0.0,0,-1,No n'hi ha,-1.0,3,3,1,0,0,0,0,0,0,0,0,0,0,1,4,3,1,Atropellament,2,2,2,5,-1,2,0,16.55,1,3,5,20,9
4815,2014,1,2014-06-16,SE,RIPOLL,Ripolles,1,0,1,0,2,1,0,0,0,1,0,0,0,20.0,0.0,0,-1,No n'hi ha,-1.0,3,3,1,-1,0,0,0,-1,0,0,0,0,-1,0,4,-1,0,Atropellament,-1,0,2,5,-1,2,1,16.0,1,3,0,16,6
4816,2014,0,2014-11-19,C-65,QUART,Girones,1,0,2,0,3,0,0,0,0,3,0,0,0,100.0,0.0,0,1,No n'hi ha,-1.0,3,3,1,0,0,0,0,0,0,0,0,0,0,0,4,-1,1,Col·lisió frontal,-1,1,2,4,2,2,1,8.45,0,2,2,19,11
4817,2014,1,2014-10-17,SE,BARCELONA,Barcelones,3,0,1,1,2,0,0,1,0,0,1,0,0,100.0,0.0,0,-1,No n'hi ha,-1.0,3,3,1,0,0,0,0,0,0,0,0,0,0,1,4,3,1,Fregament o col·lisió lateral,1,2,2,5,-1,2,1,13.45,0,2,4,17,10
4818,2014,1,2014-11-26,SE,REUS,Baix Camp,0,0,1,0,2,0,0,1,0,1,0,0,0,100.0,0.0,0,-1,No n'hi ha,-1.0,3,3,1,0,0,0,0,0,0,0,0,0,0,0,4,-1,-1,Fregament o col·lisió lateral,-1,2,2,5,-1,2,1,15.5,1,2,2,26,11
4819,2014,1,2014-01-31,SE,BARCELONA,Barcelones,3,0,1,0,3,0,0,1,1,1,0,0,0,100.0,1.0,0,-1,No n'hi ha,-1.0,3,3,1,0,0,0,0,0,0,0,0,0,0,1,4,3,0,Caiguda en la via,2,2,2,5,-1,2,1,13.45,0,0,4,31,1
4820,2014,0,2014-09-16,N-260,ARSEGUEL,Alt Urgell,2,0,1,0,1,0,0,0,0,1,0,0,0,100.0,0.0,0,3,No n'hi ha,-1.0,3,3,1,0,0,0,0,0,0,0,0,0,0,0,4,-1,1,Resta sortides de via,-1,1,2,4,1,2,1,10.28,0,1,1,16,9
4821,2014,1,2014-01-11,SE,MANRESA,Bages,3,0,1,0,1,0,0,0,1,0,0,0,0,50.0,0.0,0,2,No n'hi ha,-1.0,3,3,1,0,0,0,0,0,0,0,0,0,0,0,5,-1,1,Caiguda en la via,-1,2,2,5,0,2,0,19.0,1,0,5,11,1
4822,2014,1,2014-08-30,SE,REUS,Baix Camp,0,0,1,1,2,0,0,0,0,2,0,0,0,100.0,0.0,0,-1,No n'hi ha,-1.0,3,3,1,0,0,0,0,0,0,0,0,0,0,0,4,-1,-1,Envestida (frontal lateral),-1,2,2,5,-1,2,0,11.21,0,2,5,30,8
4823,2014,1,2014-03-27,SE,TERRASSA,Valles Occidental,3,0,1,0,2,0,0,0,1,1,0,0,0,100.0,0.0,0,-1,No n'hi ha,-1.0,3,3,1,0,0,0,0,0,0,0,0,0,0,0,4,-1,-1,Envestida (frontal lateral),-1,2,2,5,-1,2,1,19.1,1,2,3,27,3
4824,2014,1,2014-08-05,SE,SANT CUGAT DEL VALLES,Valles Occidental,3,0,1,0,1,0,0,0,1,0,0,0,0,30.0,0.0,0,-1,No n'hi ha,-1.0,3,3,1,-1,-1,0,0,-1,0,0,0,0,0,1,4,5,-1,Caiguda en la via,1,2,2,5,-1,2,1,13.15,0,0,1,5,8
4825,2014,1,2014-11-13,SE,MOLLERUSSA,Pla d'Urgell,2,0,1,0,2,0,0,0,0,2,0,0,0,30.0,0.0,0,2,No n'hi ha,-1.0,3,3,1,0,0,0,0,0,0,0,0,0,0,1,4,4,1,Envestida (frontal lateral),2,2,2,5,-1,2,1,8.4,0,2,3,13,11
4826,2014,1,2014-01-06,C-28,VIELHA E MIJARAN,Val d'Aran,2,0,1,0,2,1,0,0,0,1,0,0,0,50.0,0.0,0,2,No n'hi ha,-1.0,3,1,1,0,0,0,0,0,0,0,0,0,0,0,5,-1,1,Atropellament,-1,2,2,4,2,2,1,20.08,1,3,0,6,1
4827,2014,1,2014-02-05,SE,TERRASSA,Valles Occidental,3,0,1,0,2,0,0,0,1,1,0,0,0,100.0,0.0,0,-1,No n'hi ha,-1.0,3,3,1,0,0,0,0,0,0,0,0,0,0,0,4,-1,-1,Envestida (frontal lateral),-1,2,2,5,-1,2,1,20.25,1,2,2,5,2
4828,2014,0,2014-08-11,GIV-6612,CALONGE,Baix Emporda,1,0,1,0,1,0,0,0,1,0,0,0,0,100.0,0.0,0,3,No n'hi ha,-1.0,3,3,1,0,0,0,0,0,0,0,0,0,0,0,4,-1,1,Resta sortides de via,-1,1,2,4,3,2,1,19.41,1,1,0,11,8