,Year,Area,Date,Road,Municipality Name,County Name,Province Name,Fatalties,Serious Injuries,Light Injuries,Units Involved,Pedestrains Involved,Bicycles Involved,Mopeds Involved,Motorcycles,Light Vehicles Involved,Heavy Vehicles Involved,Other Units Involved,Unspecified Units Involved,Road Speed Limit,Accident with Hit and Run,Fog Presence,Surrounding Environment,Special Lane Presence,Special Traffic Measures,Weather Conditions,Special Road Functions,Severity of Accident,Influence of Fog,Influence of Environment,Influence of Traffic,Influence of Weather,Influence of Wind Intensity,Influence of Lighting,Influence of Special Measures,Influence of Road Objects,Influence of Road Surface,Influence of Visibility,Intersection Characteristics,Lighting Conditions,Traffic Regulation and Priority,Direction of Road,Subtype of Accident,Subtype of Road Section,Subzone within Area,Road Surface Conditions,Type of Road,Road Ownership,Wind Conditions,Day of the Week Grouping,Hour of Day,Time of Day Grouping,Type of Accident,Day Type,Day,Month
4829,2014,1,2014-10-23,SE,SABADELL,Valles Occidental,3,0,1,0,1,0,0,0,1,0,0,0,0,100.0,0.0,0,2,No n'hi ha,-1.0,3,3,1,0,0,0,0,0,0,0,0,0,0,0,4,-1,1,Caiguda en la via,-1,2,2,5,0,2,1,16.41,1,0,3,23,10
4830,2014,0,2014-04-13,GI-603,RABOS,Alt Emporda,1,1,0,1,2,0,0,0,1,1,0,0,0,100.0,0.0,0,0,No n'hi ha,-1.0,3,3,0,0,0,0,0,0,0,0,0,0,0,0,4,-1,1,Col·lisió frontal,-1,1,2,4,3,2,0,16.34,1,2,6,13,4
4831,2014,1,2014-01-25,SE,SANT CUGAT DEL VALLES,Valles Occidental,3,0,1,0,2,1,0,0,0,1,0,0,0,100.0,0.0,0,2,No n'hi ha,-1.0,3,1,1,0,0,0,0,0,0,0,0,0,0,0,5,-1,1,Atropellament,-1,2,2,5,0,2,0,19.3,1,3,5,25,1
4832,2014,1,2014-06-22,SE,SANT BOI DE LLOBREGAT,Baix Llobregat,3,0,1,0,2,1,0,0,0,1,0,0,0,100.0,0.0,0,2,No n'hi ha,-1.0,3,3,1,0,0,0,0,0,0,0,0,0,0,2,4,5,0,Atropellament,1,2,2,5,-1,2,0,17.25,1,3,6,22,6
4833,2014,1,2014-08-23,SE,ASCO,Ribera d'Ebre,0,0,1,0,2,1,0,0,0,1,0,0,0,100.0,0.0,0,2,No n'hi ha,-1.0,3,3,1,0,0,0,0,0,0,0,0,0,0,1,4,5,1,Atropellament,2,2,2,5,-1,2,0,19.19,1,3,5,23,8
4834,2014,0,2014-11-01,B-151,CASTELLBISBAL,Valles Occidental,3,1,0,0,1,0,0,0,1,0,0,0,0,50.0,0.0,0,1,No n'hi ha,-1.0,3,3,0,0,0,0,0,0,0,0,0,0,0,0,4,-1,1,Resta sortides de via,-1,1,2,4,3,2,0,15.03,1,1,5,1,11
4835,2014,0,2014-04-18,C-16z,BALSARENY,Bages,3,0,1,0,2,1,0,0,0,1,0,0,0,100.0,0.0,0,1,No n'hi ha,-1.0,3,3,1,0,0,0,0,0,0,0,0,0,1,0,4,-1,1,Atropellament,-1,1,2,4,2,2,0,15.51,1,3,4,18,4
4836,2014,0,2014-11-30,C-14,VILANOVA DE L'AGUDA,Noguera,2,0,1,2,4,0,0,0,0,4,0,0,0,90.0,0.0,0,-1,Sense Especificar,-1.0,3,3,1,0,0,0,0,0,0,0,0,0,0,0,4,-1,-1,Col·lisió frontal,-1,1,2,4,4,2,0,17.5,1,2,6,30,11
4837,2014,0,2014-05-10,B-220,BELLPRAT,Anoia,3,1,0,0,1,0,0,0,1,0,0,0,0,100.0,0.0,0,1,No n'hi ha,-1.0,3,3,0,0,0,0,0,0,0,0,0,0,0,0,4,-1,1,Resta sortides de via,-1,1,2,4,2,2,0,13.3,0,1,5,10,5
4838,2014,1,2014-08-04,SE,SABADELL,Valles Occidental,3,0,1,0,2,1,0,0,0,1,0,0,0,100.0,0.0,0,-1,No n'hi ha,-1.0,3,3,1,0,0,0,0,0,0,0,0,0,0,0,4,-1,-1,Atropellament,-1,2,2,5,-1,2,1,7.59,0,3,0,4,8
4839,2014,1,2014-05-15,SE,IGUALADA,Anoia,3,0,1,0,2,1,0,0,0,1,0,0,0,50.0,0.0,0,-1,No n'hi ha,-1.0,3,3,1,-1,0,0,0,-1,0,0,0,0,-1,1,4,2,1,Atropellament,2,2,2,5,-1,2,1,13.02,0,3,3,15,5
4840,2014,1,2014-10-10,SE,BARCELONA,Barcelones,3,0,1,0,2,0,0,0,1,1,0,0,0,100.0,0.0,0,-1,No n'hi ha,-1.0,3,3,1,0,0,0,0,0,0,0,0,0,0,1,5,3,0,Envestida (frontal lateral),2,2,2,5,-1,2,0,21.5,1,2,4,10,10
4841,2014,1,2014-09-13,SE,BADALONA,Barcelones,3,0,1,0,2,0,0,0,1,1,0,0,0,20.0,0.0,0,-1,No n'hi ha,-1.0,3,3,1,-1,0,0,0,-1,0,0,0,0,-1,1,4,4,0,Envestida (frontal lateral),2,2,2,5,-1,2,0,13.2,0,2,5,13,9
4842,2014,1,2014-04-15,SE,"PRAT DE LLOBREGAT, E",Baix Llobregat,3,0,1,1,2,1,1,0,0,0,0,0,0,100.0,0.0,0,-1,No n'hi ha,-1.0,3,3,1,0,0,0,0,0,0,0,1,0,0,0,4,-1,-1,Atropellament,-1,2,2,5,-1,2,1,10.13,0,3,1,15,4
4843,2014,0,2014-01-12,C-66,BANYOLES,Pla de l'Estany,1,0,2,2,2,0,0,0,0,2,0,0,0,100.0,0.0,0,3,No n'hi ha,-1.0,3,3,1,0,0,0,0,0,0,0,0,0,0,0,4,-1,1,Envestida (frontal lateral),-1,1,2,4,2,2,0,10.39,0,2,6,12,1
4844,2014,1,2014-03-25,SE,SANTA COLOMA DE GRAMANET,Barcelones,3,0,1,0,2,0,0,0,1,1,0,0,0,20.0,0.0,0,-1,No n'hi ha,-1.0,3,3,1,0,-1,0,0,0,0,0,0,0,0,0,4,-1,-1,Envestida (frontal lateral),-1,2,2,5,-1,2,1,16.5,1,2,1,25,3
4845,2014,1,2014-11-29,SE,TERRASSA,Valles Occidental,3,0,1,0,2,1,0,0,0,1,0,0,0,20.0,0.0,0,-1,No n'hi ha,-1.0,3,3,1,0,-1,0,0,0,0,0,0,0,0,1,5,4,-1,Atropellament,1,2,2,5,-1,2,0,17.5,1,3,5,29,11
4846,2014,1,2014-11-22,SE,SANTA CRISTINA D'ARO,Baix Emporda,1,0,1,1,2,0,0,1,0,1,0,0,0,20.0,0.0,0,2,No n'hi ha,-1.0,3,3,1,-1,0,0,0,-1,0,0,0,0,0,1,5,4,1,Fregament o col·lisió lateral,2,2,2,5,-1,2,0,19.3,1,2,5,22,11
4847,2014,0,2014-07-12,BV-2115,CASTELLET I LA GORNA,Alt Penedes,3,0,1,0,2,0,0,0,1,1,0,0,0,100.0,0.0,0,3,No n'hi ha,-1.0,3,3,1,0,0,0,0,0,0,0,0,0,0,0,4,-1,1,Fregament o col·lisió lateral,-1,1,2,4,2,2,0,9.46,0,2,5,12,7
4848,2014,1,2014-03-26,SE,VILANOVA I LA GELTRU,Garraf,3,0,1,0,2,1,0,0,0,1,0,0,0,100.0,0.0,0,-1,No n'hi ha,-1.0,3,3,1,0,0,0,0,0,0,0,0,0,0,0,4,-1,-1,Atropellament,-1,2,2,5,-1,2,1,7.44,0,3,2,26,3
4849,2014,0,2014-06-14,N-260,FONTANALS DE CERDANYA,Cerdanya,1,0,1,0,1,0,0,0,1,0,0,0,0,60.0,0.0,0,1,No n'hi ha,-1.0,3,3,1,0,0,0,0,0,0,0,0,0,0,0,4,-1,1,Xoc contra objecte/obstacle sense sortida prèvia de via,-1,1,2,4,1,2,0,13.36,0,4,5,14,6
4850,2014,1,2014-07-15,SE,"PRAT DE LLOBREGAT, E",Baix Llobregat,3,0,1,0,2,1,0,0,0,1,0,0,0,100.0,0.0,0,-1,No n'hi ha,-1.0,3,3,1,0,0,0,0,0,0,0,0,0,0,0,5,-1,-1,Atropellament,-1,2,2,5,-1,2,1,23.4,2,3,1,15,7
4851,2014,1,2014-06-20,SE,MANRESA,Bages,3,0,1,0,1,0,0,1,0,0,0,0,0,100.0,0.0,0,2,No n'hi ha,-1.0,3,3,1,0,0,0,0,0,0,0,0,0,0,0,4,-1,0,Caiguda en la via,-1,2,2,5,-1,2,1,7.5,0,0,4,20,6
4852,2014,0,2014-10-11,BV-2041,GAVA,Baix Llobregat,3,0,1,0,2,0,0,0,1,1,0,0,0,50.0,0.0,0,2,No n'hi ha,-1.0,3,3,1,0,0,0,0,0,0,0,0,0,0,0,4,-1,1,Envestida (frontal lateral),-1,1,2,4,0,2,0,12.11,0,2,5,11,10
4853,2014,0,2014-03-25,C-59,PALAU DE PLEGAMANS,Valles Occidental,3,0,1,0,2,0,0,0,1,1,0,0,0,100.0,0.0,0,1,No n'hi ha,5.0,3,3,1,0,0,0,0,0,0,0,0,0,0,0,4,-1,1,Envestida (frontal lateral),-1,1,2,4,2,2,1,13.52,0,2,1,25,3
4854,2014,1,2014-08-27,SE,SALOU,Tarragones,0,0,1,0,2,1,0,0,0,1,0,0,0,50.0,0.0,0,2,No n'hi ha,-1.0,3,3,1,0,0,0,0,0,1,0,0,0,0,0,4,-1,0,Atropellament,-1,2,2,5,-1,2,1,8.3,0,3,2,27,8
4855,2014,1,2014-10-08,SE,SANT JOAN DESPI,Baix Llobregat,3,0,1,0,2,0,0,0,1,1,0,0,0,100.0,0.0,0,-1,No n'hi ha,-1.0,3,3,1,0,0,0,0,0,0,0,0,0,0,0,4,-1,-1,Envestida (frontal lateral),-1,2,2,5,-1,2,1,8.4,0,2,2,8,10
4856,2014,1,2014-03-18,SE,REUS,Baix Camp,0,0,1,0,2,0,0,1,0,1,0,0,0,100.0,0.0,0,-1,No n'hi ha,-1.0,3,3,1,0,0,0,0,0,0,0,0,0,0,0,4,-1,-1,Caiguda en la via,-1,2,2,5,-1,2,1,19.55,1,0,1,18,3
4857,2014,1,2014-06-01,SE,SITGES,Garraf,3,0,1,0,2,0,0,0,1,1,0,0,0,100.0,0.0,0,-1,No n'hi ha,-1.0,3,3,1,0,0,0,0,0,0,0,0,0,0,0,4,-1,-1,Caiguda en la via,-1,2,2,5,-1,2,0,8.56,0,0,6,1,6
4858,2014,0,2014-08-11,C-152,"PRESES, LES",Garrotxa,1,0,2,3,2,0,0,0,0,2,0,0,0,50.0,0.0,0,2,Carril central,-1.0,3,3,1,0,0,0,0,0,0,0,0,0,0,0,4,-1,1,Col·lisió frontal,-1,1,2,4,2,2,1,12.53,0,2,0,11,8
4859,2014,0,2014-06-08,GI-503,DARNIUS,Alt Emporda,1,0,1,0,1,0,0,0,1,0,0,0,0,60.0,0.0,0,1,No n'hi ha,-1.0,3,3,1,0,0,0,0,0,0,0,0,0,0,0,4,-1,1,Caiguda en la via,-1,1,2,4,3,2,0,17.13,1,0,6,8,6
4860,2014,1,2014-09-30,SE,BARCELONA,Barcelones,3,0,1,0,2,0,0,0,1,1,0,0,0,100.0,0.0,0,-1,No n'hi ha,-1.0,3,3,1,0,0,0,0,0,0,0,0,0,0,1,4,4,0,Envestida (frontal lateral),2,2,2,5,-1,2,1,15.4,1,2,1,30,9
4861,2014,0,2014-01-05,BV-3012,RAJADELL,Bages,3,1,0,0,1,0,0,0,1,0,0,0,0,100.0,0.0,0,0,No n'hi ha,-1.0,3,3,0,0,0,0,0,0,0,0,0,0,1,1,4,-1,1,Resta sortides de via,3,1,2,4,3,2,0,12.06,0,1,6,5,1
4862,2014,1,2014-01-25,SE,RIUDARENES,Selva,1,0,1,0,1,0,0,1,0,0,0,0,0,50.0,0.0,0,1,No n'hi ha,-1.0,3,3,1,0,0,0,0,0,0,0,0,0,0,0,4,-1,1,Caiguda en la via,-1,2,2,5,-1,2,0,15.0,1,0,5,25,1
4863,2014,0,2014-04-15,SE,"BRULL, EL",Osona,3,0,1,0,2,0,0,0,1,1,0,0,0,30.0,0.0,0,2,No n'hi ha,-1.0,3,3,1,0,0,0,0,0,0,0,0,0,0,0,4,-1,1,Col·lisió frontal,-1,1,2,0,0,2,1,15.52,1,2,1,15,4
4864,2014,1,2014-07-20,SE,VILASSAR DE MAR,Maresme,3,0,1,1,2,0,0,0,0,2,0,0,0,100.0,0.0,0,2,No n'hi ha,-1.0,3,3,1,0,0,0,0,0,0,0,0,0,0,0,4,-1,1,Col·lisió frontal,-1,2,2,5,-1,2,0,18.25,1,2,6,20,7
4865,2014,1,2014-09-26,SE,PALAFRUGELL,Baix Emporda,1,0,1,0,2,0,0,0,1,1,0,0,0,20.0,0.0,0,-1,No n'hi ha,-1.0,3,3,1,0,-1,0,0,0,0,0,0,0,0,0,4,-1,-1,Envestida (frontal lateral),-1,2,2,5,-1,2,0,17.17,1,2,4,26,9
4866,2014,1,2014-07-23,SE,VILAFRANCA DEL PENEDES,Alt Penedes,3,0,1,0,2,0,0,0,1,1,0,0,0,20.0,0.0,0,2,Carril lent,-1.0,3,3,1,-1,0,0,0,-1,0,0,0,0,-1,1,4,2,0,Encalç,1,2,2,5,-1,2,1,11.23,0,2,2,23,7
4867,2014,0,2014-08-26,BV-2421,"PALMA DE CERVELLO, LA",Baix Llobregat,3,0,1,0,2,0,0,0,1,1,0,0,0,100.0,0.0,0,2,No n'hi ha,-1.0,3,3,1,0,0,0,0,0,0,0,0,0,0,1,0,4,1,Envestida (frontal lateral),1,1,2,4,3,2,1,21.5,1,2,1,26,8
4868,2014,1,2014-04-29,SE,RUBI,Valles Occidental,3,0,1,0,2,0,0,0,0,2,0,0,0,100.0,0.0,0,2,No n'hi ha,-1.0,3,3,1,0,0,0,0,0,0,0,0,0,0,0,4,-1,1,Col·lisió frontal,-1,2,2,5,-1,2,1,8.0,0,2,1,29,4
4869,2014,1,2014-04-05,SE,BADALONA,Barcelones,3,0,1,0,1,0,0,1,0,0,0,0,0,20.0,0.0,0,-1,No n'hi ha,-1.0,3,3,1,0,-1,0,0,0,0,0,0,0,0,1,4,5,-1,Caiguda en la via,1,2,2,5,-1,2,0,15.0,1,0,5,5,4
4870,2014,1,2014-02-18,SE,BLANES,Selva,1,0,1,0,2,1,0,0,0,1,0,0,0,20.0,0.0,0,-1,No n'hi ha,-1.0,3,3,1,-1,-1,0,0,-1,0,0,0,0,-1,0,4,-1,-1,Atropellament,-1,2,2,5,-1,2,1,12.49,0,3,1,18,2
4871,2014,0,2014-11-06,B-124,CALDERS,Moianès,3,0,1,0,2,0,0,0,1,1,0,0,0,100.0,0.0,0,1,No n'hi ha,-1.0,3,3,1,0,0,0,0,0,0,0,0,0,0,0,1,-1,1,Col·lisió frontal,-1,1,2,4,3,2,1,17.01,1,2,3,6,11
4872,2014,0,2014-07-04,TV-3405,AMPOSTA,Montsia,0,0,1,1,2,0,0,0,0,2,0,0,0,100.0,0.0,0,1,No n'hi ha,-1.0,3,3,1,0,1,0,0,0,0,0,0,0,0,1,4,5,1,Envestida (frontal lateral),1,1,2,4,3,2,0,15.06,1,2,4,4,7
4873,2014,0,2014-07-17,C-53,"FULIOLA, LA",Urgell,2,0,3,0,2,0,0,0,0,2,0,0,0,100.0,0.0,0,2,No n'hi ha,-1.0,3,3,1,0,0,0,0,0,0,0,0,0,0,0,4,-1,1,Col·lisió frontal,-1,1,2,4,2,2,1,15.15,1,2,3,17,7
4874,2014,0,2014-02-23,C-12,OS DE BALAGUER,Noguera,2,1,2,0,1,0,0,0,0,1,0,0,0,100.0,0.0,0,0,No n'hi ha,-1.0,3,3,0,0,1,0,0,0,0,0,0,0,0,0,1,-1,1,Resta sortides de via,-1,1,2,4,2,2,0,7.3,0,1,6,23,2
4875,2014,1,2014-05-17,SE,GIRONA,Girones,1,0,1,0,2,1,0,0,0,1,0,0,0,30.0,0.0,0,2,No n'hi ha,-1.0,3,3,1,0,0,0,0,0,0,0,0,0,0,2,4,4,1,Atropellament,1,2,2,5,-1,2,0,12.04,0,3,5,17,5
4876,2014,1,2014-02-25,SE,LLEIDA,Segria,2,0,1,0,1,0,0,0,0,1,0,0,0,100.0,0.0,0,1,Carril bici,-1.0,3,3,1,0,0,0,0,0,0,0,0,0,0,0,5,-1,1,Xoc contra objecte/obstacle sense sortida prèvia de via,-1,2,2,5,-1,2,1,20.2,1,4,1,25,2
4877,2014,1,2014-07-03,SE,SANT BOI DE LLOBREGAT,Baix Llobregat,3,0,1,0,1,0,0,0,1,0,0,0,0,100.0,0.0,0,2,No n'hi ha,-1.0,3,3,1,0,0,0,0,0,0,0,0,0,0,0,4,-1,0,Caiguda en la via,-1,2,2,5,-1,2,1,18.15,1,0,3,3,7
4878,2014,0,2014-09-21,GI-664,"CRUILLES, MONELLS I SANT SADURNI DE L'HE",Baix Emporda,1,0,1,0,2,1,0,0,1,0,0,0,0,100.0,0.0,0,1,No n'hi ha,-1.0,3,3,1,0,0,0,0,0,0,0,0,0,0,0,4,-1,1,Atropellament,-1,1,2,4,3,2,0,12.42,0,3,6,21,9
4879,2014,1,2014-08-03,SE,BARCELONA,Barcelones,3,0,1,1,2,0,0,0,1,1,0,0,0,100.0,0.0,0,-1,No n'hi ha,-1.0,3,3,1,0,0,0,0,0,0,0,0,0,0,1,5,4,1,Caiguda en la via,1,2,2,5,-1,2,0,1.1,2,0,6,3,8
4880,2014,0,2014-01-13,N-240,VINAIXA,Garrigues,2,0,1,3,4,0,0,0,0,2,2,0,0,100.0,0.0,0,0,No n'hi ha,-1.0,1,3,1,0,0,0,0,0,0,0,0,0,1,0,2,-1,1,Fregament o col·lisió lateral,-1,1,2,4,1,2,1,12.56,0,2,0,13,1
4881,2014,1,2014-04-26,SE,BARCELONA,Barcelones,3,0,1,0,2,0,0,0,1,1,0,0,0,100.0,0.0,0,-1,No n'hi ha,-1.0,3,3,1,0,0,0,0,0,0,0,0,0,0,1,5,3,0,Envestida (frontal lateral),2,2,2,5,-1,2,0,3.0,2,2,5,26,4
4882,2014,0,2014-03-08,N-340a,TARRAGONA,Tarragones,0,0,1,0,1,0,0,0,1,0,0,0,0,40.0,0.0,0,2,No n'hi ha,-1.0,3,3,1,0,0,0,0,0,0,0,0,0,0,2,5,-1,1,Xoc contra objecte/obstacle sense sortida prèvia de via,0,1,2,4,1,2,0,2.5,2,4,5,8,3
4883,2014,1,2014-12-13,SE,SANTA BARBARA,Montsia,0,0,1,0,2,0,0,1,0,1,0,0,0,20.0,0.0,0,-1,Sense Especificar,-1.0,3,3,1,0,0,0,0,0,0,0,0,0,0,0,4,-1,-1,Fregament o col·lisió lateral,-1,2,2,5,-1,2,0,11.34,0,2,5,13,12
4884,2014,0,2014-04-12,N-260,"SEU D'URGELL, LA",Alt Urgell,2,0,1,0,2,0,1,0,0,1,0,0,0,50.0,0.0,0,2,No n'hi ha,-1.0,3,3,1,0,0,0,0,0,0,0,0,0,0,0,4,-1,1,Envestida (frontal lateral),-1,1,2,4,1,2,0,12.49,0,2,5,12,4
4885,2014,0,2014-03-26,BV-1462,SANT CUGAT DEL VALLES,Valles Occidental,3,0,2,0,2,1,0,0,1,0,0,0,0,100.0,0.0,0,-1,No n'hi ha,-1.0,3,3,1,0,0,0,0,0,0,0,0,0,0,0,4,-1,-1,Atropellament,-1,1,2,4,-1,2,1,19.44,1,3,2,26,3
4886,2014,0,2014-05-17,N-240,VALLMOLL,Alt Camp,0,0,1,0,2,0,0,0,1,1,0,0,0,100.0,0.0,0,2,Carril central,-1.0,3,3,1,0,0,0,0,0,0,0,0,0,0,1,4,4,1,Envestida (frontal lateral),2,1,2,4,1,2,0,17.47,1,2,5,17,5
4887,2014,0,2014-09-19,-GIP 6031.00,RABOS,Alt Emporda,1,1,0,0,1,0,0,0,1,0,0,0,0,100.0,0.0,0,1,No n'hi ha,-1.0,3,3,0,0,0,0,0,0,0,0,0,0,0,0,4,-1,1,Resta sortides de via,-1,1,2,4,3,2,0,16.42,1,1,4,19,9
4888,2014,1,2014-05-04,SE,MANRESA,Bages,3,0,1,0,2,1,0,0,0,1,0,0,0,100.0,0.0,0,2,No n'hi ha,-1.0,3,3,1,0,0,0,0,0,1,0,0,0,0,0,4,-1,1,Atropellament,-1,2,2,5,-1,2,0,10.58,0,3,6,4,5
4889,2014,1,2014-01-25,SE,BADALONA,Barcelones,3,0,1,0,2,0,0,0,1,1,0,0,0,20.0,0.0,0,-1,No n'hi ha,-1.0,3,3,1,0,0,0,0,0,0,0,0,0,0,0,5,-1,-1,Envestida (frontal lateral),-1,2,2,5,-1,2,0,21.09,1,2,5,25,1
4890,2014,1,2014-05-14,SE,GIRONA,Girones,1,0,1,0,2,0,0,1,0,1,0,0,0,100.0,0.0,0,2,No n'hi ha,-1.0,3,3,1,0,0,0,0,0,0,0,0,0,0,1,4,3,1,Fregament o col·lisió lateral,1,2,2,5,-1,2,1,19.48,1,2,2,14,5
4891,2014,1,2014-03-28,SE,SABADELL,Valles Occidental,3,0,1,0,2,0,0,0,1,1,0,0,0,100.0,0.0,0,-1,No n'hi ha,-1.0,3,3,1,0,0,0,0,0,0,0,0,0,0,0,4,-1,-1,Fregament o col·lisió lateral,-1,2,2,5,-1,2,0,15.32,1,2,4,28,3
4892,2014,1,2014-03-22,SE,BARCELONA,Barcelones,3,0,1,4,2,0,0,0,0,2,0,0,0,100.0,0.0,0,-1,No n'hi ha,-1.0,3,3,1,0,0,0,0,0,0,0,0,0,0,1,5,2,0,Envestida (frontal lateral),2,2,2,5,-1,2,0,20.5,1,2,5,22,3
4893,2014,1,2014-09-02,SE,MARTORELL,Baix Llobregat,3,0,1,0,2,0,0,0,1,1,0,0,0,50.0,0.0,0,2,No n'hi ha,-1.0,3,3,1,0,0,0,0,0,0,0,0,0,0,1,4,4,1,Col·lisió frontal,3,2,2,5,0,2,1,17.45,1,2,1,2,9
4894,2014,1,2014-10-06,SE,"PALAU D'ANGLESOLA, EL",Pla d'Urgell,2,0,1,0,2,1,0,0,0,1,0,0,0,40.0,0.0,0,2,No n'hi ha,-1.0,3,3,1,0,0,0,0,0,0,0,0,0,0,1,5,4,1,Atropellament,2,2,2,5,-1,2,1,20.24,1,3,0,6,10
4895,2014,1,2014-01-16,SE,RUBI,Valles Occidental,3,0,1,0,2,0,0,1,0,1,0,0,0,100.0,0.0,0,2,No n'hi ha,-1.0,1,3,1,0,0,0,1,0,0,0,0,0,0,1,5,5,1,Envestida (frontal lateral),2,2,2,5,-1,2,1,6.5,0,2,3,16,1
4896,2014,1,2014-01-05,SE,MATADEPERA,Valles Occidental,3,0,1,0,2,0,0,1,0,1,0,0,0,100.0,0.0,0,2,No n'hi ha,-1.0,3,3,1,0,0,0,0,0,0,0,0,0,0,1,1,4,1,Fregament o col·lisió lateral,1,2,2,5,0,2,0,18.3,1,2,6,5,1
4897,2014,0,2014-04-05,C-1415c,"ROCA DEL VALLES, LA",Valles Oriental,3,0,1,2,3,0,0,0,1,2,0,0,0,70.0,0.0,0,2,No n'hi ha,-1.0,3,3,1,0,0,0,0,0,0,0,0,0,0,0,0,-1,1,Fregament o col·lisió lateral,-1,1,2,4,2,2,0,21.32,1,2,5,5,4
4898,2014,0,2014-06-08,C-59,PALAU DE PLEGAMANS,Valles Occidental,3,0,3,0,2,0,0,0,0,2,0,0,0,100.0,0.0,0,0,No n'hi ha,-1.0,3,3,1,0,0,0,0,0,0,0,0,0,0,0,4,-1,1,Col·lisió frontal,-1,1,2,4,2,2,0,14.08,1,2,6,8,6
4899,2014,1,2014-07-08,SE,BARCELONA,Barcelones,3,0,1,0,2,0,0,1,0,1,0,0,0,100.0,0.0,0,-1,No n'hi ha,-1.0,3,3,1,0,0,0,0,0,0,0,0,0,0,1,5,3,1,Envestida (frontal lateral),2,2,2,5,-1,2,1,21.55,1,2,1,8,7
4900,2014,1,2014-10-07,SE,HOSPITALET DE LLOBREGAT,Barcelones,3,0,1,0,2,0,0,0,1,1,0,0,0,20.0,0.0,0,-1,No n'hi ha,-1.0,3,3,1,0,0,0,0,0,0,0,0,0,0,1,1,3,1,Envestida (frontal lateral),2,2,2,5,0,2,1,20.36,1,2,1,7,10
4901,2014,0,2014-08-05,C-246a,VILANOVA I LA GELTRU,Garraf,3,1,1,0,3,0,0,0,1,2,0,0,0,40.0,0.0,0,3,No n'hi ha,-1.0,3,3,0,0,0,0,0,0,0,0,0,0,0,0,0,-1,1,Fregament o col·lisió lateral,-1,1,2,4,2,2,1,2.08,2,2,1,5,8
4902,2014,0,2014-06-25,C-14,BASSELLA,Alt Urgell,2,2,0,0,1,0,0,0,0,1,0,0,0,100.0,0.0,0,1,No n'hi ha,-1.0,3,3,0,0,0,0,0,0,0,0,0,0,0,0,4,-1,1,Resta sortides de via,-1,1,2,4,2,2,1,17.0,1,1,2,25,6
4903,2014,0,2014-07-25,B-500,MOLLET DEL VALLES,Valles Oriental,3,0,1,0,2,0,0,0,1,1,0,0,0,100.0,0.0,0,1,No n'hi ha,-1.0,3,3,1,0,0,0,0,0,0,0,0,0,0,2,4,4,1,Altres,3,1,2,4,3,2,0,18.58,1,5,4,25,7
4904,2014,0,2014-08-05,LP-3322,VILA-SANA,Pla d'Urgell,2,1,0,1,2,0,1,0,0,1,0,0,0,100.0,0.0,0,2,No n'hi ha,-1.0,3,3,0,0,0,0,0,0,0,0,0,0,0,0,4,-1,1,Encalç,-1,1,2,4,3,2,1,10.24,0,2,1,5,8
4905,2014,1,2014-03-03,SE,LLEIDA,Segria,2,0,1,0,2,1,0,0,0,1,0,0,0,30.0,0.0,0,-1,No n'hi ha,-1.0,2,3,1,-1,0,0,0,0,0,0,0,0,1,0,5,-1,1,Atropellament,-1,2,0,5,-1,0,1,19.58,1,3,0,3,3
4906,2014,0,2014-01-29,A-2,SOSES,Segria,2,0,1,0,1,0,0,0,0,1,0,0,0,80.0,0.0,0,2,Altres,0.0,1,3,1,0,0,0,1,0,0,0,0,0,0,0,1,-1,1,Resta sortides de via,-1,1,2,1,1,2,1,18.1,1,1,2,29,1
4907,2014,1,2014-10-23,SE,ROSES,Alt Emporda,1,0,1,0,2,0,1,0,0,1,0,0,0,20.0,0.0,0,-1,No n'hi ha,-1.0,3,3,1,-1,0,0,0,-1,0,0,0,0,-1,1,4,4,0,Envestida (frontal lateral),0,2,2,5,-1,2,1,11.58,0,2,3,23,10
4908,2014,1,2014-02-03,SE,BARCELONA,Barcelones,3,0,1,0,2,0,0,0,1,1,0,0,0,100.0,0.0,0,-1,No n'hi ha,-1.0,3,3,1,0,0,0,0,0,0,0,0,0,0,1,4,3,0,Envestida (frontal lateral),2,2,2,5,-1,2,1,15.1,1,2,0,3,2
4909,2014,1,2014-03-05,SE,BARCELONA,Barcelones,3,0,1,0,2,0,0,0,1,1,0,0,0,100.0,0.0,0,-1,No n'hi ha,-1.0,3,3,1,0,0,0,0,0,0,0,0,0,1,0,4,-1,1,Envestida (frontal lateral),-1,2,2,5,-1,2,1,16.0,1,2,2,5,3
4910,2014,1,2014-05-19,SE,SANT BOI DE LLOBREGAT,Baix Llobregat,3,0,1,0,2,1,0,0,0,1,0,0,0,100.0,0.0,0,-1,No n'hi ha,-1.0,3,3,1,0,0,0,0,0,0,0,0,0,0,0,4,-1,-1,Atropellament,-1,2,2,5,-1,2,1,13.25,0,3,0,19,5
4911,2014,1,2014-08-30,SE,BARCELONA,Barcelones,3,1,0,0,2,1,0,0,0,1,0,0,0,100.0,0.0,0,-1,Carril bus,-1.0,3,3,0,0,0,0,0,0,0,0,0,0,0,1,5,3,0,Atropellament,2,2,2,5,-1,2,0,20.3,1,3,5,30,8
4912,2014,1,2014-10-03,SE,VILADECANS,Baix Llobregat,3,0,1,1,2,0,0,1,0,1,0,0,0,20.0,0.0,0,-1,No n'hi ha,-1.0,3,3,1,-1,0,0,0,-1,0,0,0,0,0,1,4,5,-1,Encalç,1,2,2,5,-1,2,1,10.5,0,2,4,3,10