,Year,Area,Date,Road,Municipality Name,County Name,Province Name,Fatalties,Serious Injuries,Light Injuries,Units Involved,Pedestrains Involved,Bicycles Involved,Mopeds Involved,Motorcycles,Light Vehicles Involved,Heavy Vehicles Involved,Other Units Involved,Unspecified Units Involved,Road Speed Limit,Accident with Hit and Run,Fog Presence,Surrounding Environment,Special Lane Presence,Special Traffic Measures,Weather Conditions,Special Road Functions,Severity of Accident,Influence of Fog,Influence of Environment,Influence of Traffic,Influence of Weather,Influence of Wind Intensity,Influence of Lighting,Influence of Special Measures,Influence of Road Objects,Influence of Road Surface,Influence of Visibility,Intersection Characteristics,Lighting Conditions,Traffic Regulation and Priority,Direction of Road,Subtype of Accident,Subtype of Road Section,Subzone within Area,Road Surface Conditions,Type of Road,Road Ownership,Wind Conditions,Day of the Week Grouping,Hour of Day,Time of Day Grouping,Type of Accident,Day Type,Day,Month
4913,2014,1,2014-05-07,SE,BARCELONA,Barcelones,3,0,1,1,2,0,0,0,1,1,0,0,0,100.0,0.0,0,-1,No n'hi ha,-1.0,3,3,1,0,0,0,0,0,0,0,0,0,0,1,4,3,1,Fregament o col·lisió lateral,2,2,2,5,-1,2,1,14.0,1,2,2,7,5
4914,2014,1,2014-10-13,SE,SABADELL,Valles Occidental,3,0,1,0,2,0,1,0,1,0,0,0,0,100.0,0.0,0,-1,No n'hi ha,-1.0,3,3,1,0,0,0,0,0,0,0,0,0,0,0,4,-1,-1,Altres,-1,2,2,5,-1,2,1,12.3,0,5,0,13,10
4915,2014,0,2014-01-09,C-37,MANRESA,Bages,3,0,1,2,5,0,0,0,0,5,0,0,0,100.0,0.0,0,3,No n'hi ha,-1.0,3,3,1,0,0,0,0,0,0,0,0,0,0,0,0,-1,1,Fregament o col·lisió lateral,-1,1,2,4,2,2,1,19.2,1,2,3,9,1
4916,2014,0,2014-11-06,TV-3408,SANT CARLES DE LA RAPITA,Montsia,0,2,0,1,2,0,0,0,0,1,1,0,0,100.0,0.0,0,1,No n'hi ha,-1.0,3,3,0,0,0,0,0,0,0,0,0,0,0,1,0,4,1,Envestida (frontal lateral),2,1,2,4,2,2,1,19.04,1,2,3,6,11
4917,2014,1,2014-02-14,SE,MATARO,Maresme,3,0,1,0,2,0,0,1,0,1,0,0,0,20.0,,0,2,No n'hi ha,-1.0,3,3,1,-1,0,0,0,-1,0,0,0,0,-1,1,5,4,0,Envestida (frontal lateral),2,2,2,5,-1,2,0,22.5,2,2,4,14,2
4918,2014,0,2014-01-11,N-II,SANT ANDREU DE LLAVANERES,Maresme,3,0,1,0,2,0,1,0,0,1,0,0,0,90.0,0.0,0,-1,Sense Especificar,-1.0,3,3,1,0,0,0,0,0,0,0,0,0,0,0,4,-1,-1,Fregament o col·lisió lateral,-1,1,2,4,4,2,0,9.06,0,2,5,11,1
4919,2014,0,2014-03-28,BV-1435,SANTA EULALIA DE RON,Valles Oriental,3,0,1,0,2,0,0,0,1,1,0,0,0,100.0,0.0,0,3,No n'hi ha,-1.0,3,3,1,0,0,0,0,0,0,0,0,0,0,1,4,4,1,Resta sortides de via,1,1,2,4,3,2,1,11.27,0,1,4,28,3
4920,2014,0,2014-05-19,C-37,VALLS,Alt Camp,0,0,1,1,2,0,0,0,0,2,0,0,0,40.0,0.0,0,2,No n'hi ha,0.0,3,3,1,0,0,0,0,0,0,0,0,0,0,0,4,-1,1,Encalç,-1,1,2,4,2,2,1,13.09,0,2,0,19,5
4921,2014,0,2014-04-18,L-511,COLL DE NARGO,Alt Urgell,2,0,2,6,2,0,0,0,0,2,0,0,0,100.0,0.0,0,1,No n'hi ha,-1.0,3,3,1,0,0,0,0,0,0,0,0,0,0,0,4,-1,1,Col·lisió frontal,-1,1,2,4,2,2,0,19.2,1,2,4,18,4
4922,2014,1,2014-05-06,SE,BARCELONA,Barcelones,3,0,1,1,2,1,0,0,1,0,0,0,0,100.0,0.0,0,-1,No n'hi ha,-1.0,3,3,1,0,0,0,0,0,0,0,0,0,0,1,4,3,1,Atropellament,2,2,2,5,-1,2,1,14.5,1,3,1,6,5
4923,2014,1,2014-01-31,SE,LLEIDA,Segria,2,0,1,2,2,0,0,0,0,2,0,0,0,20.0,0.0,0,2,No n'hi ha,-1.0,3,3,1,-1,0,0,0,-1,0,0,0,0,-1,1,4,3,1,Envestida (frontal lateral),0,2,2,5,-1,2,1,13.3,0,2,4,31,1
4924,2014,1,2014-02-26,SE,SANT ANFREU DE LA BARCA,Baix Llobregat,3,0,1,0,2,1,0,0,0,1,0,0,0,30.0,0.0,0,2,No n'hi ha,-1.0,3,3,1,-1,0,0,0,-1,0,0,0,0,-1,0,5,-1,0,Atropellament,-1,2,2,5,-1,2,1,19.2,1,3,2,26,2
4925,2014,0,2014-05-20,N-340,ALCANAR,Montsia,0,1,0,0,2,0,1,0,0,0,1,0,0,100.0,0.0,0,2,No n'hi ha,-1.0,3,3,0,0,0,0,0,0,0,0,0,0,1,1,4,4,1,Envestida (frontal lateral),1,1,2,4,1,2,1,18.1,1,2,1,20,5
4926,2014,0,2014-04-11,GI-512,TORDERA,Maresme,3,0,1,0,1,0,0,0,0,1,0,0,0,50.0,0.0,0,2,No n'hi ha,-1.0,3,3,1,0,0,0,0,0,0,0,0,0,0,1,4,1,1,Resta sortides de via,1,1,2,4,2,2,0,18.18,1,1,4,11,4
4927,2014,1,2014-04-13,SE,CORBERA DE LLOBREGAT,Baix Llobregat,3,0,2,0,1,0,0,0,0,1,0,0,0,20.0,0.0,0,-1,No n'hi ha,-1.0,3,3,1,-1,-1,0,0,-1,0,0,0,0,-1,0,4,-1,1,Caiguda en la via,-1,2,2,5,-1,2,0,14.2,1,0,6,13,4
4928,2014,1,2014-06-09,SE,BARCELONA,Barcelones,3,0,1,0,2,0,0,0,1,0,1,0,0,100.0,0.0,0,-1,No n'hi ha,-1.0,3,3,1,0,0,0,0,0,0,0,0,0,0,0,4,-1,1,Fregament o col·lisió lateral,-1,2,2,5,-1,2,1,15.0,1,2,0,9,6
4929,2014,0,2014-09-25,C-31,SITGES,Garraf,3,0,1,2,2,0,0,0,0,2,0,0,0,100.0,0.0,0,3,No n'hi ha,-1.0,3,3,1,0,0,0,0,0,0,0,0,0,0,0,4,-1,1,Col·lisió frontal,-1,1,2,4,2,2,1,18.28,1,2,3,25,9
4930,2014,1,2014-06-23,SE,BARCELONA,Barcelones,3,0,1,0,2,0,0,0,1,1,0,0,0,100.0,0.0,0,-1,No n'hi ha,-1.0,3,3,1,0,0,0,0,0,0,0,0,0,0,1,4,3,0,Fregament o col·lisió lateral,2,2,2,5,-1,2,1,17.0,1,2,0,23,6
4931,2014,0,2014-02-16,C-16,GUARDIOLA DE BERGUEDA,Bergueda,3,0,2,7,3,0,0,0,0,3,0,0,0,100.0,0.0,1,3,No n'hi ha,-1.0,1,3,1,1,1,0,0,0,0,0,0,0,0,0,2,-1,1,Col·lisió frontal,-1,1,2,4,2,2,0,11.4,0,2,6,16,2
4932,2014,1,2014-05-26,SE,VILA-SECA,Tarragones,0,0,1,0,2,1,0,0,0,1,0,0,0,100.0,0.0,0,-1,No n'hi ha,-1.0,3,3,1,0,0,0,1,0,0,0,0,0,0,0,4,-1,-1,Atropellament,-1,2,2,5,-1,2,1,8.35,0,3,0,26,5
4933,2014,1,2014-01-22,SE,"MASNOU, EL",Maresme,3,0,1,1,2,1,0,0,1,0,0,0,0,20.0,0.0,0,-1,No n'hi ha,-1.0,1,3,1,0,-1,0,0,0,0,0,0,0,0,1,5,2,-1,Atropellament,2,2,0,5,-1,2,1,18.5,1,3,2,22,1
4934,2014,1,2014-10-30,SE,SANTA COLOMA DE GRAMANET,Barcelones,3,0,1,0,2,0,0,0,1,1,0,0,0,20.0,0.0,0,-1,No n'hi ha,-1.0,3,3,1,-1,0,0,0,-1,0,0,0,0,1,1,4,3,1,Col·lisió frontal,1,2,2,5,-1,2,1,9.0,0,2,3,30,10
4935,2014,1,2014-08-15,SE,BLANES,Selva,1,0,1,0,2,0,0,0,1,1,0,0,0,20.0,0.0,0,2,No n'hi ha,-1.0,3,3,1,-1,0,0,0,-1,0,0,0,0,-1,0,4,-1,-1,Sortida de via amb xoc o col·lisió,-1,2,2,5,-1,2,0,16.21,1,1,4,15,8
4936,2014,1,2014-05-31,SE,"PRAT DE LLOBREGAT, E",Baix Llobregat,3,0,1,0,2,0,0,0,1,1,0,0,0,100.0,0.0,0,-1,No n'hi ha,-1.0,3,3,1,0,0,0,0,0,0,0,0,0,0,1,4,4,-1,Envestida (frontal lateral),2,2,2,5,-1,2,0,16.1,1,2,5,31,5
4937,2014,1,2014-01-14,SE,BARCELONA,Barcelones,3,0,1,0,2,1,0,0,0,0,1,0,0,100.0,0.0,0,-1,No n'hi ha,-1.0,3,3,1,0,0,0,0,0,0,0,0,0,0,0,4,-1,0,Atropellament,-1,2,2,5,-1,2,1,12.05,0,3,1,14,1
4938,2014,0,2014-04-16,T-240,"BISBAL DEL PENEDES, LA",Baix Penedes,0,0,1,0,2,0,0,0,1,1,0,0,0,60.0,0.0,0,2,No n'hi ha,-1.0,3,3,1,0,0,0,0,0,0,0,0,0,0,0,4,-1,1,Fregament o col·lisió lateral,-1,1,2,4,2,2,1,8.5,0,2,2,16,4
4939,2014,1,2014-03-14,SE,"GARRIGA, LA",Valles Oriental,3,0,1,0,2,0,0,1,0,1,0,0,0,100.0,0.0,0,2,No n'hi ha,-1.0,3,3,1,0,0,0,0,0,0,0,0,0,0,1,4,4,1,Envestida (frontal lateral),2,2,2,5,-1,2,1,13.4,0,2,4,14,3
4940,2014,0,2014-06-14,C-62,SANT BARTOMEU DEL GR,Osona,3,0,1,1,2,0,1,0,0,1,0,0,0,90.0,0.0,0,-1,Sense Especificar,-1.0,3,3,1,0,0,0,0,0,0,0,0,0,0,0,4,-1,-1,Resta sortides de via,-1,1,2,4,4,2,0,18.27,1,1,5,14,6
4941,2014,1,2014-10-09,SE,SABADELL,Valles Occidental,3,0,1,0,2,1,0,0,0,1,0,0,0,30.0,0.0,0,2,No n'hi ha,-1.0,3,3,1,0,0,0,0,0,0,0,0,0,0,1,4,4,0,Atropellament,2,2,2,5,-1,2,1,18.34,1,3,3,9,10
4942,2014,1,2014-09-01,SE,LLEIDA,Segria,2,0,1,0,2,0,0,0,1,1,0,0,0,100.0,0.0,0,-1,No n'hi ha,-1.0,3,3,1,0,0,0,0,0,0,0,0,0,0,0,4,-1,-1,Altres,-1,2,2,5,-1,2,1,21.0,1,5,0,1,9
4943,2014,0,2014-09-28,BV-2242,PIERA,Anoia,3,0,1,0,1,0,0,0,1,0,0,0,0,100.0,0.0,0,1,No n'hi ha,-1.0,3,3,1,0,0,0,0,0,0,0,0,0,0,0,2,-1,1,Resta sortides de via,-1,1,2,4,0,2,0,11.34,0,1,6,28,9
4944,2014,1,2014-08-07,SE,TARRAGONA,Tarragones,0,0,1,0,2,0,0,0,1,0,1,0,0,20.0,0.0,0,2,No n'hi ha,-1.0,3,3,1,-1,0,0,0,-1,0,0,0,0,-1,0,4,-1,1,Fregament o col·lisió lateral,-1,2,2,5,-1,2,1,10.28,0,2,3,7,8
4945,2014,0,2014-05-09,-GIP 6831.00,BLANES,Selva,1,0,1,0,2,0,0,0,1,1,0,0,0,90.0,0.0,0,2,No n'hi ha,-1.0,3,3,1,-1,0,0,0,-1,0,0,0,0,-1,0,4,-1,1,Fregament o col·lisió lateral,-1,1,2,4,0,2,0,18.42,1,2,4,9,5
4946,2014,0,2014-01-13,C-31,HOSPITALET DE LLOBREGAT,Barcelones,3,1,0,0,1,0,0,0,0,1,0,0,0,60.0,0.0,0,3,No n'hi ha,-1.0,1,3,0,0,1,0,1,0,0,0,0,0,0,0,3,-1,0,Sortida de via amb xoc o col·lisió,-1,1,2,1,2,2,1,7.07,0,1,0,13,1
4947,2014,0,2014-07-29,N-IIa,SANT ANFREU DE LA BARCA,Baix Llobregat,3,0,1,0,2,1,0,0,0,1,0,0,0,20.0,0.0,0,2,Altres,-1.0,3,3,1,-1,0,0,0,-1,0,0,0,0,-1,0,5,-1,1,Atropellament,-1,1,2,3,1,2,1,22.24,2,3,1,29,7
4948,2014,1,2014-06-22,SE,CALLUS,Bages,3,0,1,0,1,0,1,0,0,0,0,0,0,30.0,0.0,0,2,No n'hi ha,-1.0,3,3,1,-1,0,0,0,-1,0,0,0,0,0,0,4,-1,1,Caiguda en la via,-1,2,2,5,4,2,0,11.0,0,0,6,22,6
4949,2014,1,2014-02-19,SE,ARTES,Bages,3,0,1,1,2,0,0,1,0,1,0,0,0,100.0,0.0,0,2,No n'hi ha,-1.0,3,3,1,0,0,0,0,0,1,0,0,0,0,1,4,4,1,Envestida (frontal lateral),1,2,2,5,-1,2,1,17.55,1,2,2,19,2
4950,2014,1,2014-05-22,SE,BADALONA,Barcelones,3,0,1,0,2,0,0,0,1,1,0,0,0,20.0,0.0,0,-1,No n'hi ha,-1.0,3,3,1,0,-1,0,0,0,0,0,0,0,0,0,4,-1,-1,Encalç,-1,2,2,5,-1,2,1,14.3,1,2,3,22,5
4951,2014,0,2014-02-08,BV-5301,SANTA MARIA DE PALAU,Valles Oriental,3,1,0,0,2,0,1,0,0,1,0,0,0,100.0,1.0,0,2,No n'hi ha,-1.0,3,3,0,0,0,0,0,0,0,0,0,0,1,0,0,-1,1,Encalç,-1,1,2,4,3,2,0,6.49,0,2,5,8,2
4952,2014,0,2014-09-27,TV-7231,"POBLA DE MASSALUCA, LA",Terra Alta,0,0,1,0,1,0,0,0,1,0,0,0,0,100.0,0.0,1,2,No n'hi ha,-1.0,3,3,1,0,0,0,0,0,0,0,0,0,0,0,2,-1,1,Caiguda en la via,-1,1,2,4,2,2,0,10.06,0,0,5,27,9
4953,2014,0,2014-01-01,C-28,NAUT ARAN,Val d'Aran,2,0,1,0,2,1,0,0,0,1,0,0,0,60.0,0.0,0,1,No n'hi ha,-1.0,3,3,1,0,0,0,0,0,1,0,0,0,0,0,1,-1,1,Atropellament,-1,1,2,4,2,2,1,7.43,0,3,2,1,1
4954,2014,1,2014-05-28,SE,SANT JOAN DESPI,Baix Llobregat,3,0,1,0,2,0,0,0,1,1,0,0,0,100.0,0.0,0,-1,No n'hi ha,-1.0,3,3,1,0,0,0,0,0,0,0,0,0,0,0,4,-1,-1,Fregament o col·lisió lateral,-1,2,2,5,-1,2,1,9.1,0,2,2,28,5
4955,2014,1,2014-09-24,SE,MATARO,Maresme,3,0,1,0,2,0,0,1,0,1,0,0,0,20.0,0.0,0,2,No n'hi ha,-1.0,3,3,1,-1,0,0,0,-1,0,0,0,0,-1,1,4,4,1,Envestida (frontal lateral),2,2,2,5,-1,2,1,16.15,1,2,2,24,9
4956,2014,1,2014-02-17,SE,SABADELL,Valles Occidental,3,0,1,1,2,0,0,0,1,1,0,0,0,50.0,0.0,0,3,No n'hi ha,-1.0,3,3,1,0,0,0,0,0,0,0,0,0,0,0,5,-1,1,Encalç,-1,2,2,5,-1,2,1,18.25,1,2,0,17,2
4957,2014,1,2014-04-18,SE,PUIG-REIG,Bergueda,3,0,1,0,1,0,1,0,0,0,0,0,0,50.0,0.0,0,2,No n'hi ha,-1.0,3,3,1,0,0,0,0,0,0,0,0,0,0,2,4,5,1,Caiguda en la via,1,2,2,5,-1,2,1,11.51,0,0,4,18,4
4958,2014,0,2014-06-13,B-682,PALAFOLLS,Maresme,3,0,1,0,2,0,0,0,1,1,0,0,0,50.0,0.0,0,2,No n'hi ha,-1.0,3,3,1,0,0,0,0,0,0,0,0,0,0,2,4,3,1,Fregament o col·lisió lateral,3,1,2,4,3,2,0,18.56,1,2,4,13,6
4959,2014,1,2014-12-21,SE,REUS,Baix Camp,0,1,0,0,1,1,0,0,0,0,0,0,0,100.0,1.0,0,-1,No n'hi ha,-1.0,3,3,0,0,0,0,0,0,0,0,0,0,0,0,4,-1,-1,Atropellament,-1,2,2,5,-1,2,0,12.0,0,3,6,21,12
4960,2014,1,2014-04-23,SE,HOSPITALET DE LLOBREGAT,Barcelones,3,0,1,0,2,0,0,0,1,1,0,0,0,20.0,0.0,0,2,No n'hi ha,-1.0,3,3,1,-1,0,0,0,-1,0,0,0,0,-1,0,4,-1,0,Xoc contra objecte/obstacle sense sortida prèvia de via,-1,2,2,5,-1,2,1,14.5,1,4,2,23,4
4961,2014,1,2014-02-20,SE,GIRONA,Girones,1,0,1,0,3,2,0,0,0,0,1,0,0,100.0,0.0,0,2,No n'hi ha,-1.0,3,3,1,0,0,0,0,0,0,0,0,0,0,2,4,2,1,Atropellament,0,2,2,5,-1,2,1,13.52,0,3,3,20,2
4962,2014,1,2014-01-10,SE,BARCELONA,Barcelones,3,0,1,1,2,0,0,0,1,1,0,0,0,100.0,0.0,0,-1,No n'hi ha,-1.0,3,3,1,0,0,0,0,0,0,0,0,0,0,1,5,3,1,Fregament o col·lisió lateral,2,2,2,5,-1,2,0,22.11,2,2,4,10,1
4963,2014,1,2014-05-30,SE,"VENDRELL, EL",Baix Penedes,0,0,1,1,2,0,0,0,1,1,0,0,0,40.0,0.0,0,-1,No n'hi ha,-1.0,3,3,1,-1,-1,0,0,-1,0,0,0,0,-1,0,5,-1,1,Caiguda en la via,-1,2,0,5,-1,2,0,23.19,2,0,4,30,5
4964,2014,1,2014-05-24,SE,BADALONA,Barcelones,3,0,1,0,2,0,0,1,0,1,0,0,0,20.0,0.0,0,-1,No n'hi ha,-1.0,3,3,1,0,-1,0,0,0,0,0,0,0,0,0,4,-1,-1,Encalç,-1,2,2,5,-1,2,0,15.3,1,2,5,24,5
4965,2014,0,2014-01-20,AP-7,TARRAGONA,Tarragones,0,0,1,0,2,0,0,0,0,0,2,0,0,100.0,0.0,0,3,No n'hi ha,-1.0,3,3,1,0,0,0,0,0,0,0,0,0,0,0,3,-1,1,Encalç,-1,1,2,2,4,2,1,19.35,1,2,0,20,1
4966,2014,1,2014-07-05,SE,HOSPITALET DE LLOBREGAT,Barcelones,3,0,1,0,2,0,0,1,0,1,0,0,0,20.0,0.0,0,-1,No n'hi ha,-1.0,3,3,1,-1,0,0,0,-1,0,0,0,0,0,1,4,3,0,Envestida (frontal lateral),2,2,2,5,0,2,0,17.35,1,2,5,5,7
4967,2014,0,2014-01-30,C-44,VANDELLOS I L'HOSPITALET DE L'INFANT,Baix Camp,0,0,1,0,1,0,0,0,0,1,0,0,0,90.0,0.0,0,-1,Sense Especificar,-1.0,3,3,1,0,0,0,0,0,0,0,0,0,0,0,4,-1,-1,Resta sortides de via,-1,1,2,4,4,2,1,11.52,0,1,3,30,1
4968,2014,1,2014-09-23,SE,BARCELONA,Barcelones,3,0,1,1,2,0,1,0,1,0,0,0,0,100.0,0.0,0,-1,No n'hi ha,-1.0,1,3,1,0,0,0,0,0,0,0,0,0,0,1,4,3,1,Envestida (frontal lateral),2,2,0,5,-1,2,1,15.1,1,2,1,23,9
4969,2014,1,2014-02-21,SE,BADALONA,Barcelones,3,0,1,1,2,0,0,0,1,1,0,0,0,20.0,0.0,0,-1,No n'hi ha,-1.0,3,3,1,0,-1,0,0,0,0,0,0,0,0,1,1,4,-1,Envestida (frontal lateral),2,2,2,5,-1,0,0,18.2,1,2,4,21,2
4970,2014,0,2014-08-18,N-340,RODA DE BARA,Tarragones,0,1,0,0,2,0,0,0,0,1,1,0,0,100.0,0.0,0,2,No n'hi ha,-1.0,3,3,0,0,0,0,0,0,0,0,0,0,0,0,4,-1,1,Col·lisió frontal,-1,1,2,4,1,2,1,9.25,0,2,0,18,8
4971,2014,1,2014-04-03,SE,BARCELONA,Barcelones,3,0,1,0,1,0,1,0,0,0,0,0,0,40.0,0.0,0,-1,No n'hi ha,-1.0,1,3,1,0,0,0,0,0,0,0,0,0,0,1,1,3,1,Xoc contra objecte/obstacle sense sortida prèvia de via,1,2,0,5,-1,2,1,18.5,1,4,3,3,4
4972,2014,0,2014-05-14,TV-3319,ULLDECONA,Montsia,0,0,1,0,1,0,0,1,0,0,0,0,0,100.0,0.0,0,1,No n'hi ha,-1.0,3,3,1,0,0,0,0,0,0,0,0,0,0,0,1,-1,1,Resta sortides de via,-1,1,2,4,2,2,1,20.59,1,1,2,14,5
4973,2014,1,2014-10-29,SE,REUS,Baix Camp,0,0,1,1,2,0,0,0,0,2,0,0,0,100.0,0.0,0,-1,No n'hi ha,-1.0,3,3,1,0,0,0,0,0,0,0,0,0,0,0,4,-1,-1,Encalç,-1,2,2,5,-1,2,1,21.14,1,2,2,29,10
4974,2014,1,2014-03-21,SE,AMPOSTA,Montsia,0,0,1,2,2,0,0,0,0,2,0,0,0,100.0,0.0,0,2,No n'hi ha,-1.0,3,3,1,0,0,0,0,0,0,0,0,0,0,0,2,-1,1,Col·lisió frontal,-1,2,2,5,-1,2,0,16.12,1,2,4,21,3
4975,2014,1,2014-03-06,SE,CORNELLA DE LLOBREGAT,Baix Llobregat,3,0,1,0,2,0,0,0,1,1,0,0,0,20.0,0.0,0,-1,No n'hi ha,-1.0,3,3,1,-1,-1,0,0,-1,0,0,0,0,-1,1,4,4,-1,Envestida (frontal lateral),2,2,2,5,-1,2,1,14.0,1,2,3,6,3
4976,2014,0,2014-07-27,C-13,VALLFOGONA DE BALAGUER,Noguera,2,2,1,0,2,0,0,0,0,2,0,0,0,100.0,0.0,0,0,No n'hi ha,-1.0,3,3,0,0,0,0,0,0,0,0,0,0,0,0,4,-1,1,Col·lisió frontal,-1,1,2,4,2,2,0,18.35,1,2,6,27,7
4977,2014,1,2014-04-03,SE,GIRONA,Girones,1,0,1,0,2,1,0,0,0,1,0,0,0,100.0,0.0,0,2,No n'hi ha,-1.0,1,3,1,0,0,0,0,0,0,0,0,0,0,1,4,4,1,Atropellament,3,2,2,5,0,1,1,9.23,0,3,3,3,4
4978,2014,0,2014-01-14,N-IIa,TORRES DE SEGRE,Segria,2,1,0,0,3,2,0,0,0,0,1,0,0,100.0,0.0,0,2,No n'hi ha,-1.0,3,2,0,0,0,0,0,0,1,0,0,0,1,0,3,-1,1,Atropellament,-1,1,2,4,1,2,1,18.43,1,3,1,14,1
4979,2014,1,2014-08-17,SE,BARCELONA,Barcelones,3,0,1,2,4,0,0,0,0,4,0,0,0,100.0,0.0,0,-1,No n'hi ha,-1.0,3,3,1,0,0,1,0,0,0,0,0,0,0,0,4,-1,0,Encalç,-1,2,2,5,-1,2,0,16.5,1,2,6,17,8
4980,2014,0,2014-05-03,N-141c,TONA,Osona,3,0,1,0,3,0,0,0,2,1,0,0,0,40.0,0.0,0,3,No n'hi ha,-1.0,3,3,1,0,0,0,0,0,0,0,0,0,0,0,4,-1,1,Fregament o col·lisió lateral,-1,1,2,4,3,2,0,11.31,0,2,5,3,5
4981,2014,1,2014-05-13,SE,BARCELONA,Barcelones,3,0,1,0,3,0,0,0,1,2,0,0,0,100.0,0.0,0,-1,No n'hi ha,-1.0,3,3,1,0,0,1,0,0,0,0,0,0,0,0,4,-1,1,Fregament o col·lisió lateral,-1,2,2,5,-1,2,1,18.4,1,2,1,13,5
4982,2014,0,2014-09-10,C-66,FLACA,Girones,1,1,0,1,2,0,0,0,0,1,1,0,0,100.0,0.0,0,2,No n'hi ha,-1.0,3,3,0,0,0,0,0,0,0,0,0,0,0,1,4,5,1,Fregament o col·lisió lateral,1,1,2,4,2,2,1,16.01,1,2,2,10,9
4983,2014,1,2014-05-12,SE,GIRONA,Girones,1,0,1,0,2,0,0,1,0,1,0,0,0,100.0,0.0,0,2,No n'hi ha,-1.0,3,3,1,0,0,0,0,0,0,0,0,0,0,2,5,-1,0,Encalç,1,2,2,5,-1,2,1,20.39,1,2,0,12,5
4984,2014,1,2014-09-24,SE,"PRAT DE LLOBREGAT, E",Baix Llobregat,3,0,1,2,2,0,0,0,1,1,0,0,0,100.0,0.0,0,-1,No n'hi ha,-1.0,3,3,1,0,0,0,0,0,0,0,0,0,0,1,4,4,-1,Envestida (frontal lateral),2,2,2,5,-1,2,1,12.3,0,2,2,24,9
4985,2014,1,2014-09-02,SE,"MASNOU, EL",Maresme,3,0,1,0,2,1,0,0,0,1,0,0,0,20.0,0.0,0,2,No n'hi ha,-1.0,3,3,1,0,0,0,0,0,0,0,0,0,0,1,4,2,1,Atropellament,0,2,2,5,-1,2,1,19.3,1,3,1,2,9
4986,2014,1,2014-10-03,SE,VILASSAR DE MAR,Maresme,3,0,1,0,2,0,0,0,1,1,0,0,0,50.0,0.0,0,2,No n'hi ha,-1.0,3,3,1,0,0,0,0,0,0,0,0,0,0,1,4,5,1,Envestida (frontal lateral),1,2,2,5,0,2,1,14.45,1,2,4,3,10
4987,2014,1,2014-08-06,SE,BARCELONA,Barcelones,3,0,1,1,2,1,0,0,1,0,0,0,0,100.0,0.0,0,-1,No n'hi ha,-1.0,3,3,1,0,0,0,0,0,0,0,0,0,0,1,5,3,0,Atropellament,2,2,2,5,-1,2,1,20.45,1,3,2,6,8
4988,2014,0,2014-05-30,N-230,VIELHA E MIJARAN,Val d'Aran,2,0,1,0,2,0,0,0,0,1,1,0,0,100.0,0.0,0,1,No n'hi ha,-1.0,1,3,1,0,0,0,1,0,0,0,0,0,0,0,2,-1,1,Fregament o col·lisió lateral,-1,1,2,4,1,2,1,11.33,0,2,4,30,5
4989,2014,0,2014-07-12,C-12,XERTA,Baix Ebre,0,0,1,1,2,0,0,1,0,1,0,0,0,100.0,0.0,0,1,Carril central,-1.0,3,3,1,0,0,0,0,0,0,0,0,0,0,1,4,4,1,Envestida (frontal lateral),1,1,2,4,2,2,0,17.42,1,2,5,12,7
4990,2014,0,2014-10-16,N-420,MORA D'EBRE,Ribera d'Ebre,0,0,1,3,2,0,0,0,0,2,0,0,0,100.0,1.0,0,2,Altres,-1.0,3,3,1,0,0,0,0,0,0,0,0,0,0,1,4,4,1,Envestida (frontal lateral),1,1,2,4,1,2,1,18.32,1,2,3,16,10
4991,2014,1,2014-11-07,SE,SALOU,Tarragones,0,0,1,0,2,1,0,0,0,1,0,0,0,100.0,0.0,0,2,No n'hi ha,-1.0,3,3,1,0,0,0,0,0,0,0,0,0,0,2,4,2,0,Atropellament,1,2,2,5,-1,2,1,11.4,0,3,4,7,11
4992,2014,0,2014-07-05,N-260,MONTFERRER I CASTELLBO,Alt Urgell,2,0,1,0,1,0,0,0,1,0,0,0,0,100.0,0.0,0,1,No n'hi ha,-1.0,3,3,1,0,0,0,0,0,0,0,0,0,0,0,4,-1,1,Resta sortides de via,-1,1,2,4,1,2,0,12.19,0,1,5,5,7
4993,2014,0,2014-05-02,C-462,"VANSA I FORNOLS, LA",Alt Urgell,2,0,1,0,1,0,0,0,1,0,0,0,0,100.0,0.0,0,1,No n'hi ha,-1.0,3,3,1,0,0,0,0,0,0,0,0,0,0,0,4,-1,1,Caiguda en la via,-1,1,2,4,2,2,1,12.3,0,0,4,2,5
4994,2014,1,2014-02-19,SE,SALOU,Tarragones,0,0,1,0,2,0,0,0,1,1,0,0,0,50.0,0.0,0,2,No n'hi ha,-1.0,3,3,1,0,0,0,0,0,0,0,0,0,0,1,4,3,1,Encalç,1,2,2,5,2,2,1,14.35,1,2,2,19,2
4995,2014,1,2014-08-29,SE,SALOU,Tarragones,0,0,1,0,2,0,0,0,1,1,0,0,0,100.0,0.0,0,2,No n'hi ha,-1.0,3,3,1,0,0,0,0,0,0,0,0,0,0,0,4,-1,1,Envestida (frontal lateral),-1,0,2,0,0,2,1,14.1,1,2,4,29,8
4996,2014,1,2014-11-21,SE,SABADELL,Valles Occidental,3,0,1,0,2,1,0,0,0,1,0,0,0,100.0,0.0,0,2,No n'hi ha,-1.0,3,3,1,0,0,0,0,0,0,0,0,0,0,2,5,2,1,Atropellament,1,2,2,5,-1,2,0,21.25,1,3,4,21,11
4997,2014,0,2014-11-21,C-31,"FAR D'EMPORDA, EL",Alt Emporda,1,0,1,0,2,0,0,0,0,1,1,0,0,100.0,0.0,0,2,No n'hi ha,-1.0,3,3,1,0,0,0,0,0,0,0,0,0,0,1,0,4,1,Encalç,2,1,2,4,2,2,0,19.12,1,2,4,21,11