,Year,Area,Date,Road,Municipality Name,County Name,Province Name,Fatalties,Serious Injuries,Light Injuries,Units Involved,Pedestrains Involved,Bicycles Involved,Mopeds Involved,Motorcycles,Light Vehicles Involved,Heavy Vehicles Involved,Other Units Involved,Unspecified Units Involved,Road Speed Limit,Accident with Hit and Run,Fog Presence,Surrounding Environment,Special Lane Presence,Special Traffic Measures,Weather Conditions,Special Road Functions,Severity of Accident,Influence of Fog,Influence of Environment,Influence of Traffic,Influence of Weather,Influence of Wind Intensity,Influence of Lighting,Influence of Special Measures,Influence of Road Objects,Influence of Road Surface,Influence of Visibility,Intersection Characteristics,Lighting Conditions,Traffic Regulation and Priority,Direction of Road,Subtype of Accident,Subtype of Road Section,Subzone within Area,Road Surface Conditions,Type of Road,Road Ownership,Wind Conditions,Day of the Week Grouping,Hour of Day,Time of Day Grouping,Type of Accident,Day Type,Day,Month
4998,2014,1,2014-10-12,SE,BARCELONA,Barcelones,3,0,1,1,2,0,0,2,0,0,0,0,0,100.0,0.0,0,-1,No n'hi ha,0.0,3,3,1,0,0,0,0,0,0,0,0,0,1,1,5,3,1,Envestida (frontal lateral),2,2,2,5,-1,2,0,19.49,1,2,6,12,10
4999,2014,1,2014-07-28,SE,REUS,Baix Camp,0,0,1,0,2,1,0,0,0,0,1,0,0,100.0,0.0,0,2,No n'hi ha,-1.0,3,3,1,0,0,0,0,0,0,0,0,0,0,0,4,-1,1,Atropellament,-1,2,2,5,-1,2,1,8.1,0,3,0,28,7
5000,2014,1,2014-06-05,SE,BARCELONA,Barcelones,3,0,1,0,1,0,0,1,0,0,0,0,0,30.0,0.0,0,-1,Altres,-1.0,3,3,1,0,0,0,0,0,0,1,0,0,0,0,4,-1,0,Caiguda en la via,-1,2,2,5,-1,2,1,18.25,1,0,3,5,6
5001,2014,1,2014-04-02,SE,MANRESA,Bages,3,0,1,0,1,0,0,0,1,0,0,0,0,20.0,0.0,0,2,No n'hi ha,-1.0,1,3,1,0,0,0,1,0,0,0,0,0,0,0,5,-1,0,Caiguda en la via,-1,2,3,5,0,2,1,21.0,1,0,2,2,4
5002,2014,1,2014-07-15,SE,TERRASSA,Valles Occidental,3,0,1,0,2,0,0,0,1,1,0,0,0,100.0,0.0,0,2,No n'hi ha,-1.0,3,3,1,0,0,0,0,0,0,0,0,0,0,1,4,5,1,Envestida (frontal lateral),1,2,2,5,-1,2,1,20.15,1,2,1,15,7
5003,2014,1,2014-02-23,SE,CALAFELL,Baix Penedes,0,0,1,0,1,0,0,0,0,1,0,0,0,20.0,0.0,0,-1,No n'hi ha,-1.0,3,3,1,0,0,0,0,0,0,0,0,0,0,1,5,5,-1,Sortida de via amb xoc o col·lisió,2,2,2,5,-1,2,0,0.35,2,1,6,23,2
5004,2014,1,2014-06-30,SE,TORREDEMBARRA,Tarragones,0,0,1,0,2,0,0,1,0,1,0,0,0,100.0,0.0,0,2,No n'hi ha,-1.0,3,3,1,0,0,0,0,0,0,0,0,0,0,1,4,4,1,Encalç,0,2,2,5,0,2,1,11.05,0,2,0,30,6
5005,2014,0,2014-10-01,C-31,SITGES,Garraf,3,0,1,1,3,0,0,0,1,2,0,0,0,60.0,0.0,0,1,No n'hi ha,-1.0,3,3,1,0,0,0,0,0,0,0,0,0,0,0,4,-1,1,Col·lisió frontal,-1,1,2,4,2,2,1,8.22,0,2,2,1,10
5006,2014,1,2014-08-07,SE,"MASNOU, EL",Maresme,3,0,1,0,2,0,0,1,1,0,0,0,0,20.0,0.0,0,-1,No n'hi ha,-1.0,3,3,1,0,-1,0,0,0,0,0,0,0,0,1,1,5,1,Caiguda en la via,1,2,2,5,-1,2,1,21.17,1,0,3,7,8
5007,2014,0,2014-02-06,C-13,TERMENS,Noguera,2,1,0,0,1,0,0,0,0,1,0,0,0,70.0,0.0,0,2,No n'hi ha,-1.0,3,3,0,0,0,0,0,0,0,0,0,0,0,0,3,-1,1,Resta sortides de via,-1,1,2,4,2,2,1,3.15,2,1,3,6,2
5008,2014,1,2014-10-09,SE,IGUALADA,Anoia,3,0,1,0,2,1,0,0,1,0,0,0,0,50.0,0.0,0,-1,No n'hi ha,-1.0,3,3,1,-1,0,0,0,-1,0,0,0,0,0,1,4,2,0,Atropellament,2,2,2,5,-1,2,1,9.33,0,3,3,9,10
5009,2014,1,2014-09-05,SE,BARCELONA,Barcelones,3,0,1,0,1,0,0,0,0,1,0,0,0,100.0,0.0,0,-1,No n'hi ha,-1.0,3,3,1,0,0,0,0,0,0,0,0,0,0,0,4,-1,0,Caiguda en la via,-1,2,2,5,-1,2,1,13.5,0,0,4,5,9
5010,2014,1,2014-07-22,SE,BARCELONA,Barcelones,3,0,1,0,2,0,0,0,1,1,0,0,0,100.0,0.0,0,-1,No n'hi ha,-1.0,3,3,1,0,0,0,0,0,0,0,0,0,0,1,4,3,0,Envestida (frontal lateral),2,2,2,5,-1,2,1,18.4,1,2,1,22,7
5011,2014,1,2014-06-20,SE,FRANQUESES DEL VALLE,Valles Oriental,3,0,1,1,2,1,0,0,1,0,0,0,0,30.0,0.0,0,2,No n'hi ha,-1.0,3,3,1,0,0,0,0,0,0,0,0,0,0,0,4,-1,1,Atropellament,-1,2,2,5,0,2,1,8.3,0,3,4,20,6
5012,2014,1,2014-11-23,SE,"VENDRELL, EL",Baix Penedes,0,0,1,0,2,1,0,0,0,1,0,0,0,40.0,0.0,0,-1,Carril bici,-1.0,3,3,1,-1,0,0,0,-1,0,0,0,0,1,0,4,-1,0,Atropellament,-1,2,2,5,-1,2,0,14.1,1,3,6,23,11
5013,2014,1,2014-07-11,SE,HOSPITALET DE LLOBREGAT,Barcelones,3,0,1,0,2,0,0,0,1,1,0,0,0,20.0,0.0,0,-1,No n'hi ha,-1.0,3,3,1,0,0,0,0,0,0,0,0,0,0,0,4,-1,-1,Envestida (frontal lateral),-1,2,2,5,-1,2,1,7.05,0,2,4,11,7
5014,2014,1,2014-01-12,SE,GRANOLLERS,Valles Oriental,3,0,1,0,2,0,0,1,0,0,1,0,0,100.0,0.0,0,2,No n'hi ha,-1.0,1,3,1,0,0,0,0,0,0,0,0,0,0,0,5,-1,1,Envestida (frontal lateral),-1,2,2,5,-1,2,0,3.1,2,2,6,12,1
5015,2014,1,2014-02-26,SE,GRANOLLERS,Valles Oriental,3,0,1,0,2,1,0,0,0,1,0,0,0,100.0,0.0,0,2,No n'hi ha,-1.0,3,3,1,0,0,0,0,0,0,0,0,0,0,1,4,4,0,Atropellament,2,2,2,5,-1,2,1,11.45,0,3,2,26,2
5016,2014,1,2014-12-22,SE,AMPOSTA,Montsia,0,0,1,0,2,0,1,0,0,1,0,0,0,100.0,0.0,0,2,No n'hi ha,-1.0,3,3,1,0,0,0,0,0,0,0,0,0,0,1,4,4,0,Fregament o col·lisió lateral,0,2,2,5,-1,2,1,9.5,0,2,0,22,12
5017,2014,1,2014-09-15,SE,BARCELONA,Barcelones,3,1,0,0,4,0,0,0,1,3,0,0,0,100.0,0.0,0,-1,No n'hi ha,-1.0,3,3,0,0,0,0,0,0,0,0,0,0,0,0,4,-1,1,Fregament o col·lisió lateral,-1,2,2,5,-1,2,1,12.4,0,2,0,15,9
5018,2014,1,2014-09-10,SE,BLANES,Selva,1,0,1,1,3,2,0,0,0,1,0,0,0,20.0,,0,-1,No n'hi ha,-1.0,3,3,1,-1,0,0,0,-1,0,0,0,0,0,0,4,-1,1,Atropellament,-1,2,2,5,-1,2,1,12.38,0,3,2,10,9
5019,2014,1,2014-07-18,SE,BARCELONA,Barcelones,3,0,1,0,2,0,1,0,0,0,1,0,0,100.0,0.0,0,-1,No n'hi ha,-1.0,3,3,1,0,0,0,0,0,0,0,0,0,0,1,4,3,0,Fregament o col·lisió lateral,2,2,2,5,-1,2,1,14.25,1,2,4,18,7
5020,2014,1,2014-01-09,SE,BARCELONA,Barcelones,3,0,1,0,2,0,0,0,1,1,0,0,0,100.0,0.0,0,-1,No n'hi ha,-1.0,3,3,1,0,0,0,0,0,0,0,0,0,1,1,4,3,0,Envestida (frontal lateral),2,2,2,5,-1,2,1,7.5,0,2,3,9,1
5021,2014,1,2014-08-13,SE,MOLINS DE REI,Baix Llobregat,3,0,1,0,2,1,0,1,0,0,0,0,0,20.0,0.0,0,-1,No n'hi ha,-1.0,3,3,1,-1,-1,0,0,-1,0,0,0,0,0,1,4,3,-1,Atropellament,1,2,2,5,-1,2,1,12.09,0,3,2,13,8
5022,2014,1,2014-03-18,SE,"BORGES BLANQUES, LES",Garrigues,2,1,0,0,1,0,1,0,0,0,0,0,0,20.0,0.0,0,-1,Sense Especificar,-1.0,3,3,0,0,0,0,0,0,0,0,0,0,0,0,4,-1,-1,Xoc contra objecte/obstacle sense sortida prèvia de via,-1,2,2,5,-1,2,1,20.47,1,4,1,18,3
5023,2014,0,2014-05-25,GI-614,ROSES,Alt Emporda,1,0,2,0,1,0,0,0,1,0,0,0,0,100.0,0.0,0,3,No n'hi ha,-1.0,3,3,1,0,0,0,0,0,0,0,0,0,0,0,4,-1,1,Resta sortides de via,-1,1,2,4,2,2,0,18.26,1,1,6,25,5
5024,2014,0,2014-03-15,N-420,"BORGES DEL CAMP, LES",Baix Camp,0,0,2,2,2,0,0,0,0,2,0,0,0,80.0,0.0,0,2,No n'hi ha,-1.0,3,3,1,0,0,0,0,0,1,0,0,0,0,1,4,4,1,Fregament o col·lisió lateral,1,1,2,4,1,2,0,18.46,1,2,5,15,3
5025,2014,1,2014-04-14,SE,BADALONA,Barcelones,3,0,1,0,1,0,0,0,1,0,0,0,0,10.0,0.0,0,2,No n'hi ha,-1.0,3,3,1,-1,0,0,0,-1,0,0,0,0,-1,0,4,-1,0,Sortida de via amb xoc o col·lisió,-1,2,2,5,-1,2,1,13.03,0,1,0,14,4
5026,2014,1,2014-02-07,SE,VIC,Osona,3,0,1,0,2,0,0,1,0,1,0,0,0,100.0,0.0,0,2,No n'hi ha,-1.0,3,3,1,0,0,0,0,0,0,0,0,0,0,1,4,-1,1,Envestida (frontal lateral),2,2,2,5,-1,2,0,16.45,1,2,4,7,2
5027,2014,1,2014-07-17,SE,SITGES,Garraf,3,0,1,0,2,0,0,1,0,1,0,0,0,100.0,0.0,0,-1,No n'hi ha,-1.0,3,3,1,0,0,0,0,0,0,0,0,0,0,0,4,-1,-1,Encalç,-1,2,2,5,-1,2,1,7.2,0,2,3,17,7
5028,2014,1,2014-02-21,SE,BARCELONA,Barcelones,3,0,1,0,2,0,0,0,1,1,0,0,0,100.0,0.0,0,-1,No n'hi ha,-1.0,3,3,1,0,0,0,0,0,0,0,0,0,0,1,4,3,1,Encalç,2,2,2,5,-1,2,1,14.4,1,2,4,21,2
5029,2014,0,2014-05-19,C-37,VALLS,Alt Camp,0,0,2,0,2,0,0,0,0,2,0,0,0,100.0,0.0,0,2,No n'hi ha,-1.0,3,3,1,0,0,0,0,0,0,0,0,0,0,0,4,-1,1,Col·lisió frontal,-1,1,2,4,2,2,1,12.33,0,2,0,19,5
5030,2014,0,2014-04-03,C-37,VALLS,Alt Camp,0,1,0,0,2,0,0,0,0,1,1,0,0,100.0,0.0,0,0,No n'hi ha,-1.0,2,3,0,0,0,0,0,0,0,0,0,0,0,0,4,-1,1,Envestida (frontal lateral),-1,1,2,4,2,1,1,14.55,1,2,3,3,4
5031,2014,1,2014-02-19,SE,SABADELL,Valles Occidental,3,0,1,0,2,0,0,1,0,1,0,0,0,30.0,0.0,0,2,No n'hi ha,0.0,3,3,1,0,0,0,0,0,0,0,0,0,0,0,3,-1,1,Encalç,-1,2,2,5,2,2,1,21.0,1,2,2,19,2
5032,2014,1,2014-10-31,SE,RIPOLLET,Valles Occidental,3,0,1,0,2,0,0,0,1,1,0,0,0,100.0,0.0,0,2,No n'hi ha,-1.0,3,3,1,0,0,0,0,0,0,0,0,0,0,0,4,-1,1,Encalç,-1,2,2,5,2,2,0,16.15,1,2,4,31,10
5033,2014,1,2014-03-16,SE,"VENDRELL, EL",Baix Penedes,0,0,1,0,2,0,0,0,1,1,0,0,0,40.0,0.0,0,-1,No n'hi ha,-1.0,3,3,1,-1,-1,0,0,-1,0,0,0,0,-1,1,4,4,1,Envestida (frontal lateral),2,2,2,5,-1,2,0,11.42,0,2,6,16,3
5034,2014,1,2014-05-20,SE,TARRAGONA,Tarragones,0,0,1,0,1,0,0,0,1,0,0,0,0,20.0,0.0,0,1,No n'hi ha,-1.0,3,3,1,-1,0,0,0,-1,0,0,0,0,-1,0,4,-1,1,Caiguda en la via,-1,2,2,5,-1,2,1,18.44,1,0,1,20,5
5035,2014,1,2014-05-13,SE,"VENDRELL, EL",Baix Penedes,0,0,1,2,2,0,0,0,0,1,1,0,0,40.0,0.0,0,2,No n'hi ha,-1.0,1,3,1,-1,0,0,0,-1,0,0,0,0,-1,0,2,-1,1,Col·lisió frontal,-1,2,0,5,-1,2,1,8.17,0,2,1,13,5
5036,2014,1,2014-03-17,SE,HOSPITALET DE LLOBREGAT,Barcelones,3,0,1,0,2,0,0,0,1,1,0,0,0,20.0,0.0,0,-1,No n'hi ha,-1.0,3,3,1,-1,0,0,0,-1,0,0,0,0,-1,1,0,5,1,Col·lisió frontal,2,2,2,5,-1,2,1,19.44,1,2,0,17,3
5037,2014,1,2014-04-07,SE,ARENYS DE MAR,Maresme,3,0,1,0,2,0,0,1,0,1,0,0,0,100.0,0.0,0,2,No n'hi ha,-1.0,3,3,1,0,0,0,0,0,0,0,0,0,0,0,5,-1,0,Envestida (frontal lateral),-1,2,2,5,-1,2,1,21.08,1,2,0,7,4
5038,2014,1,2014-12-03,SE,VILANOVA I LA GELTRU,Garraf,3,1,0,0,2,0,0,0,1,1,0,0,0,100.0,0.0,0,2,No n'hi ha,-1.0,3,3,0,0,0,0,0,0,0,0,0,0,0,1,4,4,1,Envestida (frontal lateral),1,2,2,5,-1,2,1,11.5,0,2,2,3,12
5039,2014,1,2014-06-10,SE,GIRONA,Girones,1,0,1,0,1,0,1,0,0,0,0,0,0,30.0,0.0,0,1,Carril bici,-1.0,3,3,1,0,0,0,0,0,0,0,0,0,0,0,4,-1,1,Caiguda en la via,-1,2,0,5,4,2,1,18.08,1,0,1,10,6
5040,2014,1,2014-04-03,SE,BARCELONA,Barcelones,3,0,1,0,2,0,0,0,1,1,0,0,0,100.0,0.0,0,-1,No n'hi ha,-1.0,1,3,1,0,0,0,0,0,0,0,0,0,0,1,5,2,1,Caiguda en la via,1,2,0,5,-1,2,1,22.4,2,0,3,3,4
5041,2014,1,2014-04-09,GI-510,LLERS,Alt Emporda,1,0,1,0,2,0,0,0,1,1,0,0,0,40.0,0.0,0,2,No n'hi ha,-1.0,3,3,1,0,0,0,0,0,0,0,0,0,0,0,4,-1,1,Fregament o col·lisió lateral,-1,0,2,4,3,2,1,15.0,1,2,2,9,4
5042,2014,0,2014-04-16,A-7,"JONQUERA, LA",Alt Emporda,1,0,1,4,4,0,0,0,0,1,3,0,0,100.0,0.0,0,3,No n'hi ha,-1.0,3,3,1,0,0,0,0,0,0,0,0,0,0,0,4,-1,1,Encalç,-1,1,2,4,1,2,1,20.11,1,2,2,16,4
5043,2014,0,2014-01-04,C-16,CERCS,Bergueda,3,0,1,2,1,0,0,0,0,1,0,0,0,90.0,0.0,0,-1,Sense Especificar,-1.0,3,3,1,0,0,0,0,0,0,0,0,0,0,0,4,-1,-1,Resta sortides de via,-1,1,2,4,4,2,0,10.13,0,1,5,4,1
5044,2014,1,2014-10-29,SE,SANT PERE DE RIBES,Garraf,3,0,1,0,2,1,0,0,0,1,0,0,0,100.0,0.0,0,-1,No n'hi ha,-1.0,3,3,1,0,0,0,0,0,0,0,0,0,0,0,4,-1,-1,Atropellament,-1,2,2,5,-1,2,1,10.06,0,3,2,29,10
5045,2014,0,2014-05-28,C-16,BERGA,Bergueda,3,1,0,0,2,0,0,0,0,1,1,0,0,70.0,0.0,0,2,No n'hi ha,-1.0,1,3,0,0,0,0,1,0,0,0,0,0,0,0,2,-1,1,Col·lisió frontal,-1,1,2,4,2,2,1,20.01,1,2,2,28,5
5046,2014,1,2014-06-30,SE,LLEIDA,Segria,2,0,1,0,2,1,0,0,0,1,0,0,0,20.0,0.0,0,2,No n'hi ha,-1.0,3,3,1,-1,0,0,0,-1,0,0,0,0,-1,1,4,4,0,Atropellament,1,2,2,5,-1,2,1,9.3,0,3,0,30,6
5047,2014,1,2014-10-07,SE,VILADECANS,Baix Llobregat,3,0,1,0,2,0,1,0,0,1,0,0,0,20.0,0.0,0,2,No n'hi ha,-1.0,3,3,1,-1,0,0,0,-1,0,0,0,0,0,0,4,-1,1,Envestida (frontal lateral),-1,2,2,5,-1,2,1,18.31,1,2,1,7,10
5048,2014,1,2014-09-05,SE,TIVISSA,Ribera d'Ebre,0,1,0,0,1,0,0,0,0,0,1,0,0,100.0,0.0,0,1,No n'hi ha,-1.0,3,3,0,0,0,0,0,0,0,0,0,0,0,0,4,-1,1,Resta sortides de via,-1,2,0,5,0,2,1,9.38,0,1,4,5,9
5049,2014,0,2014-07-29,C-55,ESPARREGUERA,Baix Llobregat,3,0,1,1,2,0,0,0,0,2,0,0,0,100.0,0.0,0,2,No n'hi ha,-1.0,3,3,1,0,0,0,0,0,0,0,0,0,0,0,4,-1,1,Col·lisió frontal,-1,1,2,4,2,2,1,9.18,0,2,1,29,7
5050,2014,1,2014-11-25,SE,SABADELL,Valles Occidental,3,0,1,0,2,1,0,0,0,0,1,0,0,100.0,0.0,0,-1,No n'hi ha,-1.0,3,3,1,0,0,0,0,0,0,0,0,0,0,0,4,-1,-1,Atropellament,-1,2,2,5,-1,2,1,11.18,0,3,1,25,11
5051,2014,1,2014-05-03,SE,REUS,Baix Camp,0,0,1,1,2,1,0,0,0,1,0,0,0,100.0,0.0,0,2,No n'hi ha,-1.0,3,3,1,0,0,0,0,0,0,0,0,0,0,2,0,5,1,Atropellament,0,2,2,5,-1,1,0,22.36,2,3,5,3,5
5052,2014,1,2014-05-26,SE,MATARO,Maresme,3,0,1,0,2,0,1,0,0,1,0,0,0,20.0,0.0,0,2,No n'hi ha,-1.0,2,3,1,-1,0,0,1,0,0,0,0,0,0,1,2,4,0,Fregament o col·lisió lateral,0,2,0,5,-1,1,1,9.3,0,2,0,26,5
5053,2014,1,2014-11-07,SE,OLOT,Garrotxa,1,0,1,0,3,1,0,0,0,2,0,0,0,100.0,1.0,0,2,No n'hi ha,-1.0,3,3,1,0,0,0,0,0,0,0,0,0,0,0,5,-1,0,Atropellament,-1,2,2,5,-1,2,0,18.23,1,3,4,7,11
5054,2014,0,2014-06-04,B-204,SANT BOI DE LLOBREGAT,Baix Llobregat,3,0,1,0,1,0,0,0,0,1,0,0,0,100.0,0.0,0,2,No n'hi ha,-1.0,3,3,1,0,0,0,0,0,0,0,0,0,0,0,3,-1,1,Resta sortides de via,-1,1,3,4,2,2,1,2.13,2,1,2,4,6
5055,2014,1,2014-09-02,SE,CASTELL-PLATJA D'ARO,Baix Emporda,1,0,1,0,2,1,0,0,0,1,0,0,0,100.0,0.0,0,2,No n'hi ha,-1.0,3,3,1,0,0,0,0,0,1,0,0,0,0,0,1,-1,1,Atropellament,-1,2,2,5,-1,2,1,18.35,1,3,1,2,9
5056,2014,0,2014-04-04,C-53,BELLCAIRE D'URGELL,Noguera,2,1,0,0,2,0,0,0,0,1,1,0,0,100.0,0.0,0,2,No n'hi ha,-1.0,3,3,0,0,0,0,0,0,0,0,0,0,0,1,4,4,1,Fregament o col·lisió lateral,2,1,2,4,2,2,0,16.12,1,2,4,4,4
5057,2014,1,2014-02-19,SE,TERRASSA,Valles Occidental,3,1,0,0,1,0,0,0,0,1,0,0,0,100.0,0.0,0,2,No n'hi ha,-1.0,3,3,0,0,0,0,0,0,0,0,0,0,0,0,4,-1,1,Altres,-1,2,2,5,-1,2,1,12.05,0,5,2,19,2
5058,2014,1,2014-02-14,SE,CABRERA DE MAR,Maresme,3,0,1,0,2,0,0,1,0,1,0,0,0,100.0,0.0,0,2,No n'hi ha,-1.0,3,3,1,0,0,0,0,0,0,0,0,0,0,0,0,-1,1,Envestida (frontal lateral),-1,2,2,5,-1,2,0,20.08,1,2,4,14,2
5059,2014,0,2014-07-28,BP-5107,SANT ANTONI DE VILAM,Valles Oriental,3,0,1,0,2,0,0,0,1,0,1,0,0,70.0,0.0,0,2,No n'hi ha,-1.0,3,3,1,0,0,0,0,0,0,0,0,0,0,0,4,-1,1,Altres,-1,1,2,4,3,2,1,11.3,0,5,0,28,7
5060,2014,1,2014-04-16,SE,OLESA DE BONESVALLS,Alt Penedes,3,0,1,0,1,0,0,0,1,0,0,0,0,100.0,0.0,0,2,No n'hi ha,-1.0,3,3,1,0,0,0,0,0,0,0,0,0,0,0,4,-1,1,Caiguda en la via,-1,2,2,5,-1,2,1,9.05,0,0,2,16,4
5061,2014,1,2014-01-17,N-340,SANT JUST DESVERN,Baix Llobregat,3,0,1,0,2,0,0,0,1,1,0,0,0,100.0,0.0,0,2,No n'hi ha,-1.0,3,3,1,0,0,0,0,0,0,0,0,0,0,2,4,3,0,Encalç,-1,0,2,4,0,2,1,14.16,1,2,4,17,1
5062,2014,1,2014-03-03,SE,LLEIDA,Segria,2,0,1,0,2,1,0,0,0,1,0,0,0,20.0,0.0,0,2,No n'hi ha,-1.0,3,3,1,-1,0,0,0,0,0,0,0,0,-1,0,5,-1,1,Atropellament,-1,2,2,5,-1,0,1,19.2,1,3,0,3,3
5063,2014,0,2014-03-19,BV-5001,MONTCADA I REIXAC,Valles Occidental,3,0,1,0,2,0,0,0,1,1,0,0,0,100.0,0.0,0,2,No n'hi ha,-1.0,3,3,1,0,0,0,0,0,0,0,0,0,1,0,4,-1,1,Col·lisió frontal,-1,1,2,4,3,2,1,18.05,1,2,2,19,3
5064,2014,1,2014-02-25,SE,BADALONA,Barcelones,3,0,1,0,2,0,0,0,1,1,0,0,0,20.0,0.0,0,-1,No n'hi ha,-1.0,3,3,1,0,-1,0,0,0,0,0,0,0,0,0,5,-1,-1,Envestida (frontal lateral),-1,2,2,5,-1,2,1,22.25,2,2,1,25,2
5065,2014,1,2014-06-17,SE,TARRAGONA,Tarragones,0,0,1,0,2,0,1,0,0,1,0,0,0,40.0,0.0,0,2,No n'hi ha,-1.0,3,3,1,0,0,0,0,0,0,0,0,0,0,0,4,-1,1,Encalç,-1,2,2,5,-1,2,1,19.55,1,2,1,17,6
5066,2014,1,2014-03-19,SE,BARCELONA,Barcelones,3,0,1,0,2,0,0,0,1,1,0,0,0,100.0,0.0,0,-1,No n'hi ha,-1.0,3,3,1,0,0,0,0,0,0,0,0,0,0,1,4,3,0,Caiguda en la via,2,2,2,5,-1,2,1,12.42,0,0,2,19,3
5067,2014,1,2014-10-23,SE,HOSPITALET DE LLOBREGAT,Barcelones,3,0,1,0,2,0,0,0,1,1,0,0,0,20.0,0.0,0,2,No n'hi ha,-1.0,3,3,1,-1,0,0,0,-1,0,0,0,0,-1,1,1,5,1,Caiguda en la via,2,2,2,5,-1,2,1,6.52,0,0,3,23,10
5068,2014,1,2014-04-30,SE,BARCELONA,Barcelones,3,0,1,0,1,0,0,0,1,0,0,0,0,30.0,0.0,0,-1,Altres,-1.0,3,3,1,0,0,0,0,0,0,0,1,1,0,0,4,-1,0,Caiguda en la via,-1,2,2,5,-1,2,1,12.2,0,0,2,30,4
5069,2014,0,2014-04-06,TV-2441,QUEROL,Alt Camp,0,0,1,1,2,0,0,0,2,0,0,0,0,90.0,0.0,0,-1,Sense Especificar,-1.0,3,3,1,0,0,0,0,0,0,0,0,0,0,0,4,-1,-1,Col·lisió frontal,-1,1,2,4,4,2,0,12.07,0,2,6,6,4
5070,2014,0,2014-03-17,C-12,MAIALS,Segria,2,0,2,0,2,0,0,0,1,1,0,0,0,100.0,0.0,0,1,No n'hi ha,-1.0,3,3,1,0,0,0,0,0,0,0,0,0,0,0,4,-1,1,Col·lisió frontal,-1,1,2,4,2,2,1,8.52,0,2,0,17,3
5071,2014,1,2014-05-19,SE,RODA DE BARA,Tarragones,0,0,1,0,2,0,0,0,0,2,0,0,0,40.0,0.0,0,2,No n'hi ha,-1.0,3,3,1,0,0,0,0,0,0,0,0,0,0,1,4,4,0,Envestida (frontal lateral),2,2,2,5,-1,2,1,13.0,0,2,0,19,5
5072,2014,0,2014-07-13,C-153,SANTA MARIA DE CORCO,Osona,3,0,1,1,2,0,0,0,1,1,0,0,0,100.0,0.0,0,3,No n'hi ha,-1.0,3,3,1,0,0,0,0,0,0,0,0,0,0,0,4,-1,1,Col·lisió frontal,-1,1,2,4,2,2,0,16.17,1,2,6,13,7
5073,2014,1,2014-04-09,SE,"POBLA DE SEGUR, LA",Pallars Jussa,2,0,1,0,2,1,0,0,0,1,0,0,0,100.0,0.0,0,2,No n'hi ha,-1.0,3,3,1,0,0,0,0,0,0,0,0,0,0,1,4,3,1,Atropellament,1,2,2,5,-1,2,1,15.12,1,3,2,9,4
5074,2014,0,2014-07-20,C-25,CASSA DE LA SELVA,Girones,1,0,1,0,1,0,0,0,0,1,0,0,0,70.0,0.0,0,2,No n'hi ha,-1.0,3,3,1,0,0,0,0,0,0,0,0,0,0,0,2,-1,1,Resta sortides de via,-1,1,2,4,2,1,0,17.46,1,1,6,20,7
5075,2014,1,2014-05-10,SE,SANT BOI DE LLOBREGAT,Baix Llobregat,3,0,1,0,2,1,0,0,0,1,0,0,0,100.0,0.0,0,-1,No n'hi ha,-1.0,3,3,1,0,0,0,0,0,0,0,0,0,0,0,4,-1,-1,Atropellament,-1,2,2,5,-1,2,0,13.4,0,3,5,10,5
5076,2014,1,2014-11-09,SE,SABADELL,Valles Occidental,3,0,1,3,2,0,0,0,0,2,0,0,0,100.0,0.0,0,-1,No n'hi ha,-1.0,3,3,1,0,0,0,0,0,0,0,0,0,0,0,4,-1,-1,Envestida (frontal lateral),-1,2,2,5,-1,2,0,1.57,2,2,6,9,11
5077,2014,1,2014-06-12,SE,BARCELONA,Barcelones,3,1,0,0,1,0,0,0,1,0,0,0,0,40.0,0.0,0,-1,No n'hi ha,-1.0,3,3,0,0,0,0,0,0,0,0,0,0,0,0,4,-1,1,Resta sortides de via,-1,2,2,5,-1,2,1,20.19,1,1,3,12,6
5078,2014,0,2014-03-15,TV-7004,VILANOVA DE PRADES,Conca de Barbera,0,0,1,0,1,0,0,0,1,0,0,0,0,90.0,0.0,0,-1,Sense Especificar,-1.0,3,3,1,0,0,0,0,0,0,0,0,0,0,0,4,-1,-1,Resta sortides de via,-1,1,2,4,4,2,0,12.43,0,1,5,15,3
5079,2014,1,2014-04-10,SE,TERRASSA,Valles Occidental,3,0,1,1,3,0,0,1,0,2,0,0,0,100.0,0.0,0,-1,No n'hi ha,-1.0,3,3,1,0,0,0,0,0,0,0,0,0,0,0,4,-1,-1,Envestida (frontal lateral),-1,2,2,5,-1,2,1,23.32,2,2,3,10,4
5080,2014,1,2014-01-02,SE,BARCELONA,Barcelones,3,1,0,0,2,1,0,0,0,1,0,0,0,100.0,0.0,0,-1,No n'hi ha,-1.0,3,3,0,0,0,0,0,0,0,0,0,0,0,1,4,2,0,Atropellament,2,2,2,5,-1,2,1,12.39,0,3,3,2,1
5081,2014,1,2014-02-14,SE,VILAFRANCA DEL PENEDES,Alt Penedes,3,0,1,0,2,1,0,0,0,1,0,0,0,20.0,,0,2,No n'hi ha,-1.0,3,3,1,-1,0,0,0,-1,0,0,0,0,-1,1,4,2,-1,Atropellament,1,2,2,5,-1,2,1,11.46,0,3,4,14,2
5082,2014,0,2014-01-31,AP-7,SANTA PERPETUA DE MO,Valles Occidental,3,0,1,0,1,0,0,0,0,1,0,0,0,100.0,0.0,0,2,No n'hi ha,-1.0,3,3,1,0,0,0,0,0,0,0,0,0,0,0,4,-1,1,Resta sortides de via,-1,1,2,2,1,2,1,11.59,0,1,4,31,1
5083,2014,1,2014-03-22,SE,VIC,Osona,3,0,1,0,2,1,0,0,0,1,0,0,0,100.0,0.0,0,3,No n'hi ha,-1.0,3,3,1,0,0,0,0,0,0,0,0,0,0,0,4,-1,1,Atropellament,-1,2,2,5,-1,2,0,13.3,0,3,5,22,3