,Year,Area,Date,Road,Municipality Name,County Name,Province Name,Fatalties,Serious Injuries,Light Injuries,Units Involved,Pedestrains Involved,Bicycles Involved,Mopeds Involved,Motorcycles,Light Vehicles Involved,Heavy Vehicles Involved,Other Units Involved,Unspecified Units Involved,Road Speed Limit,Accident with Hit and Run,Fog Presence,Surrounding Environment,Special Lane Presence,Special Traffic Measures,Weather Conditions,Special Road Functions,Severity of Accident,Influence of Fog,Influence of Environment,Influence of Traffic,Influence of Weather,Influence of Wind Intensity,Influence of Lighting,Influence of Special Measures,Influence of Road Objects,Influence of Road Surface,Influence of Visibility,Intersection Characteristics,Lighting Conditions,Traffic Regulation and Priority,Direction of Road,Subtype of Accident,Subtype of Road Section,Subzone within Area,Road Surface Conditions,Type of Road,Road Ownership,Wind Conditions,Day of the Week Grouping,Hour of Day,Time of Day Grouping,Type of Accident,Day Type,Day,Month
5084,2014,1,2014-11-15,SE,HOSPITALET DE LLOBREGAT,Barcelones,3,0,1,0,2,0,0,0,1,1,0,0,0,30.0,0.0,0,2,Carril bus,-1.0,3,3,1,-1,0,0,0,-1,0,0,0,0,0,0,4,-1,1,Fregament o col·lisió lateral,-1,2,2,5,-1,2,0,11.14,0,2,5,15,11
5085,2014,1,2014-05-08,SE,SABADELL,Valles Occidental,3,0,1,0,3,2,0,0,0,1,0,0,0,100.0,0.0,0,2,No n'hi ha,-1.0,3,3,1,0,0,0,0,0,0,0,0,0,0,2,1,3,1,Atropellament,2,2,2,5,-1,2,1,20.23,1,3,3,8,5
5086,2014,0,2014-09-12,GI-524,SANTA PAU,Garrotxa,1,0,1,0,1,0,0,0,1,0,0,0,0,100.0,0.0,0,0,No n'hi ha,-1.0,3,3,1,0,0,0,0,0,0,0,0,0,0,0,4,-1,1,Resta sortides de via,-1,1,2,4,3,2,0,18.47,1,1,4,12,9
5087,2014,1,2014-01-25,SE,SANT CUGAT DEL VALLES,Valles Occidental,3,0,1,0,2,1,0,0,0,1,0,0,0,20.0,0.0,0,-1,No n'hi ha,-1.0,3,3,1,-1,-1,0,0,-1,0,0,0,0,-1,1,5,5,-1,Atropellament,1,2,2,5,-1,2,0,19.3,1,3,5,25,1
5088,2014,0,2014-02-01,N-260,CRESPIA,Pla de l'Estany,1,0,2,1,2,0,0,0,0,2,0,0,0,100.0,0.0,0,1,No n'hi ha,-1.0,2,3,1,0,0,0,0,0,0,0,0,0,0,0,3,-1,1,Xoc amb animal a la calçada,-1,1,2,4,1,1,0,20.16,1,4,5,1,2
5089,2014,1,2014-08-27,SE,TARRAGONA,Tarragones,0,0,1,0,2,1,0,0,0,1,0,0,0,20.0,0.0,0,2,No n'hi ha,-1.0,3,3,1,-1,0,0,0,-1,0,0,0,0,0,1,4,2,1,Atropellament,2,2,2,5,-1,2,1,9.15,0,3,2,27,8
5090,2014,1,2014-06-18,SE,VIC,Osona,3,0,1,0,2,0,0,0,0,1,1,0,0,100.0,0.0,0,2,No n'hi ha,-1.0,3,3,1,0,0,0,0,0,0,0,0,0,0,2,4,3,0,Fregament o col·lisió lateral,1,2,2,5,-1,2,1,11.1,0,2,2,18,6
5091,2014,1,2014-03-12,SE,BARCELONA,Barcelones,3,1,0,0,2,1,0,0,0,1,0,0,0,100.0,0.0,0,-1,No n'hi ha,-1.0,3,3,0,0,0,0,0,0,0,0,0,0,0,1,5,3,1,Atropellament,2,2,2,5,-1,2,1,19.25,1,3,2,12,3
5092,2014,0,2014-01-03,CR,NAVARCLES,Bages,3,0,1,0,2,1,0,0,0,1,0,0,0,50.0,0.0,0,2,No n'hi ha,-1.0,3,3,1,0,0,0,0,0,0,0,0,0,0,0,4,-1,1,Atropellament,-1,1,2,0,0,2,1,12.21,0,3,4,3,1
5093,2014,1,2014-11-11,SE,RUBI,Valles Occidental,3,0,1,0,2,1,0,0,0,1,0,0,0,100.0,0.0,0,1,No n'hi ha,-1.0,2,3,1,0,0,0,1,0,0,0,0,0,0,2,5,2,1,Atropellament,0,2,2,5,-1,2,1,18.0,1,3,1,11,11
5094,2014,1,2014-01-27,SE,TARRAGONA,Tarragones,0,0,1,0,2,1,0,0,0,1,0,0,0,20.0,0.0,0,2,No n'hi ha,-1.0,3,3,1,-1,0,0,0,-1,0,0,0,0,-1,0,4,-1,1,Atropellament,-1,2,2,5,-1,2,1,10.35,0,3,0,27,1
5095,2014,0,2014-02-25,C-15,VILANOVA I LA GELTRU,Garraf,3,0,1,0,2,0,0,0,1,1,0,0,0,50.0,0.0,0,3,No n'hi ha,-1.0,3,3,1,0,0,0,0,0,0,0,0,0,0,0,4,-1,0,Envestida (frontal lateral),-1,1,2,4,2,2,1,14.29,1,2,1,25,2
5096,2014,1,2014-08-31,SE,HOSPITALET DE LLOBREGAT,Barcelones,3,0,1,0,1,0,0,1,0,0,0,0,0,20.0,0.0,0,-1,No n'hi ha,-1.0,3,3,1,0,0,0,0,0,0,0,0,0,0,0,5,-1,-1,Sortida de via amb xoc o col·lisió,-1,2,2,5,-1,2,0,0.3,2,1,6,31,8
5097,2014,1,2014-07-18,SE,MATARO,Maresme,3,0,1,0,2,0,0,1,0,1,0,0,0,20.0,,0,2,No n'hi ha,-1.0,3,3,1,-1,0,0,0,-1,0,0,0,0,0,1,5,3,1,Envestida (frontal lateral),2,2,2,5,-1,2,1,2.4,2,2,4,18,7
5098,2014,0,2014-07-05,GI-600,TORDERA,Maresme,3,0,1,1,2,0,0,0,1,1,0,0,0,100.0,0.0,0,3,No n'hi ha,-1.0,3,3,1,0,0,0,0,0,0,0,0,0,0,0,4,-1,1,Encalç,-1,1,2,4,3,2,0,12.18,0,2,5,5,7
5099,2014,0,2014-10-07,BP-5002,ALELLA,Maresme,3,0,1,0,1,0,1,0,0,0,0,0,0,40.0,0.0,0,0,No n'hi ha,-1.0,3,3,1,0,0,0,0,0,0,0,0,0,0,0,4,-1,1,Xoc contra objecte/obstacle sense sortida prèvia de via,-1,1,2,4,2,2,1,10.3,0,4,1,7,10
5100,2014,0,2014-09-09,C-58,VILADECAVALLS,Valles Occidental,3,1,2,1,3,0,0,0,0,3,0,0,0,80.0,0.0,0,1,Carril lent,-1.0,1,3,0,0,0,0,0,0,0,0,0,0,0,0,3,-1,1,Envestida (frontal lateral),-1,1,2,4,2,2,1,21.08,1,2,1,9,9
5101,2014,1,2014-10-29,SE,SANT BOI DE LLOBREGAT,Baix Llobregat,3,0,1,0,3,0,0,0,1,1,1,0,0,100.0,0.0,0,2,No n'hi ha,-1.0,3,3,1,0,0,0,0,0,0,0,0,0,0,1,4,4,1,Envestida (frontal lateral),2,2,2,5,-1,2,1,9.28,0,2,2,29,10
5102,2014,0,2014-08-27,C-245,GAVA,Baix Llobregat,3,0,1,1,2,0,0,1,0,1,0,0,0,100.0,0.0,0,2,No n'hi ha,-1.0,3,3,1,0,0,0,0,0,0,0,0,0,0,1,5,4,0,Envestida (frontal lateral),0,1,2,4,0,2,1,21.54,1,2,2,27,8
5103,2014,0,2014-07-05,C-462,"VANSA I FORNOLS, LA",Alt Urgell,2,0,2,0,2,0,0,0,2,0,0,0,0,100.0,0.0,0,1,No n'hi ha,-1.0,3,3,1,0,0,0,0,0,0,0,0,0,0,0,4,-1,1,Altres,-1,1,2,4,2,2,0,15.04,1,5,5,5,7
5104,2014,0,2014-08-07,LV-2003,"ALAMUS, ELS",Segria,2,1,0,0,2,0,0,0,1,1,0,0,0,100.0,0.0,0,2,No n'hi ha,-1.0,3,3,0,0,0,0,0,0,1,0,0,0,0,1,4,5,1,Col·lisió frontal,1,1,2,4,0,2,1,20.02,1,2,3,7,8
5105,2014,0,2014-04-04,N-II,GIRONA,Girones,1,0,2,4,3,0,0,0,0,3,0,0,0,100.0,0.0,0,0,No n'hi ha,-1.0,3,3,1,0,0,0,0,0,0,0,0,0,0,0,4,-1,1,Col·lisió frontal,-1,1,2,4,1,2,0,16.33,1,2,4,4,4
5106,2014,1,2014-05-17,SE,BARCELONA,Barcelones,3,0,1,0,2,1,0,0,0,1,0,0,0,100.0,0.0,0,-1,No n'hi ha,-1.0,3,3,1,0,0,0,0,0,0,0,0,0,0,0,5,-1,1,Atropellament,-1,2,2,5,-1,2,0,1.45,2,3,5,17,5
5107,2014,1,2014-10-27,SE,BARCELONA,Barcelones,3,0,1,0,2,0,0,0,1,1,0,0,0,100.0,0.0,0,-1,No n'hi ha,-1.0,3,3,1,0,0,0,0,0,0,0,0,0,0,1,5,3,0,Envestida (frontal lateral),2,2,2,5,-1,2,1,20.35,1,2,0,27,10
5108,2014,0,2014-10-24,N-260,"SEU D'URGELL, LA",Alt Urgell,2,0,1,1,3,0,0,0,0,3,0,0,0,100.0,0.0,0,1,No n'hi ha,-1.0,3,3,1,0,0,0,0,0,0,0,0,0,0,0,5,-1,1,Col·lisió frontal,-1,1,2,4,1,2,0,19.13,1,2,4,24,10
5109,2014,1,2014-06-11,SE,REUS,Baix Camp,0,0,1,0,1,0,0,0,1,0,0,0,0,100.0,0.0,0,-1,No n'hi ha,-1.0,3,3,1,0,0,0,0,0,0,0,0,0,0,0,4,-1,-1,Caiguda en la via,-1,2,2,5,-1,2,1,19.25,1,0,2,11,6
5110,2014,1,2014-03-15,SE,HOSPITALET DE LLOBREGAT,Barcelones,3,0,2,1,2,0,0,0,0,2,0,0,0,20.0,0.0,0,-1,No n'hi ha,-1.0,3,3,1,0,0,0,0,0,0,0,0,0,0,1,5,3,-1,Envestida (frontal lateral),2,2,2,5,-1,2,0,6.4,0,2,5,15,3
5111,2014,1,2014-04-25,SE,SANT FELIU DE LLOBREGAT,Baix Llobregat,3,0,1,0,2,1,0,0,0,1,0,0,0,50.0,0.0,0,2,No n'hi ha,-1.0,3,3,1,0,0,0,0,0,0,0,0,0,0,0,4,-1,1,Atropellament,-1,2,2,5,-1,2,0,19.22,1,3,4,25,4
5112,2014,0,2014-06-29,L-401,FIGOLS I ALINYA,Alt Urgell,2,0,2,0,1,0,0,0,1,0,0,0,0,100.0,0.0,0,1,No n'hi ha,-1.0,3,3,1,0,0,0,0,0,0,0,1,0,0,0,4,-1,1,Caiguda en la via,-1,1,2,4,3,2,0,10.2,0,0,6,29,6
5113,2014,0,2014-09-28,N-340,ALTAFULLA,Tarragones,0,0,2,3,3,0,0,0,0,2,1,0,0,100.0,0.0,0,2,No n'hi ha,-1.0,1,3,1,0,0,1,0,0,0,0,0,0,0,0,4,-1,1,Encalç,-1,1,2,4,1,2,0,12.52,0,2,6,28,9
5114,2014,1,2014-06-01,SE,OLOT,Garrotxa,1,0,1,1,2,0,0,1,0,1,0,0,0,100.0,0.0,0,2,No n'hi ha,-1.0,3,3,1,0,0,0,0,0,0,0,0,0,0,1,4,4,1,Envestida (frontal lateral),2,2,2,5,-1,2,0,16.0,1,2,6,1,6
5115,2014,0,2014-10-19,C-221,BATEA,Terra Alta,0,0,1,1,3,0,0,0,1,2,0,0,0,100.0,0.0,0,1,No n'hi ha,-1.0,3,3,1,0,0,0,0,0,1,0,0,0,1,0,1,-1,1,Xoc contra objecte/obstacle sense sortida prèvia de via,-1,1,2,4,2,2,0,19.56,1,4,6,19,10
5116,2014,0,2014-07-22,BV-5001,SANT FOST DE CAMPSEN,Valles Oriental,3,0,1,0,2,0,0,0,0,1,1,0,0,40.0,0.0,0,1,No n'hi ha,0.0,3,3,1,0,0,0,0,0,0,0,0,0,0,0,4,-1,1,Col·lisió frontal,-1,1,2,4,3,2,1,15.3,1,2,1,22,7
5117,2014,0,2014-03-22,TP-2402,"BISBAL DEL PENEDES, LA",Baix Penedes,0,1,0,0,1,0,0,0,1,0,0,0,0,40.0,0.0,0,2,No n'hi ha,-1.0,3,3,0,0,1,0,0,0,0,0,0,0,0,1,2,4,1,Caiguda en la via,1,1,2,4,3,2,0,13.3,0,0,5,22,3
5118,2014,1,2014-06-27,SE,SABADELL,Valles Occidental,3,0,1,1,3,2,0,0,0,1,0,0,0,100.0,0.0,0,-1,No n'hi ha,-1.0,3,3,1,0,0,0,0,0,0,0,0,0,0,0,4,-1,-1,Atropellament,-1,2,2,5,-1,2,0,19.18,1,3,4,27,6
5119,2014,0,2014-07-19,BV-5001,MONTCADA I REIXAC,Valles Occidental,3,0,1,1,1,0,0,0,1,0,0,0,0,100.0,0.0,0,1,No n'hi ha,-1.0,3,3,1,0,0,0,0,0,0,0,0,0,0,0,4,-1,1,Resta sortides de via,-1,1,2,4,3,2,0,18.15,1,1,5,19,7
5120,2014,0,2014-01-31,C-37,ODENA,Anoia,3,0,2,0,2,0,0,0,0,2,0,0,0,90.0,0.0,0,1,Carril acceleració,-1.0,3,3,1,0,0,0,0,0,0,0,0,0,0,1,3,4,1,Envestida (frontal lateral),3,1,2,4,2,2,0,19.29,1,2,4,31,1
5121,2014,1,2014-08-07,SE,HOSPITALET DE LLOBREGAT,Barcelones,3,0,1,0,2,1,0,0,1,0,0,0,0,20.0,0.0,0,2,No n'hi ha,-1.0,3,3,1,-1,0,0,0,-1,0,0,0,0,-1,0,4,-1,0,Atropellament,-1,2,2,5,-1,2,1,14.26,1,3,3,7,8
5122,2014,1,2014-02-07,SE,HOSPITALET DE LLOBREGAT,Barcelones,3,0,2,0,3,2,0,0,0,1,0,0,0,20.0,0.0,0,-1,No n'hi ha,-1.0,3,3,1,-1,0,0,0,-1,0,0,0,0,-1,0,1,-1,0,Atropellament,-1,2,2,5,-1,2,0,19.33,1,3,4,7,2
5123,2014,1,2014-12-01,SE,REUS,Baix Camp,0,0,1,0,2,0,0,0,1,1,0,0,0,100.0,0.0,0,-1,No n'hi ha,-1.0,3,3,1,0,0,0,0,0,0,0,0,0,0,0,4,-1,-1,Encalç,-1,2,2,5,-1,2,1,16.3,1,2,0,1,12
5124,2014,1,2014-02-01,SE,BARCELONA,Barcelones,3,0,1,0,1,0,0,0,0,1,0,0,0,100.0,0.0,0,-1,No n'hi ha,-1.0,3,3,1,0,0,0,0,0,0,0,0,0,0,0,4,-1,0,Xoc contra objecte/obstacle sense sortida prèvia de via,-1,2,0,5,-1,2,0,16.1,1,4,5,1,2
5125,2014,1,2014-04-10,SE,CORNELLA DE LLOBREGAT,Baix Llobregat,3,0,1,0,2,0,0,0,1,1,0,0,0,20.0,0.0,0,-1,No n'hi ha,-1.0,3,3,1,-1,-1,0,0,-1,0,0,0,0,-1,1,4,3,-1,Encalç,1,2,2,5,-1,2,1,15.16,1,2,3,10,4
5126,2014,1,2014-06-26,SE,ROSES,Alt Emporda,1,0,1,0,2,1,0,0,0,0,0,1,0,100.0,0.0,0,-1,No n'hi ha,-1.0,3,3,1,0,0,0,0,0,0,0,0,0,0,0,4,-1,1,Atropellament,-1,2,2,5,-1,2,1,15.55,1,3,3,26,6
5127,2014,1,2014-09-03,SE,SENTMENAT,Valles Occidental,3,1,0,0,2,1,0,0,0,1,0,0,0,30.0,0.0,0,2,No n'hi ha,0.0,3,3,0,0,0,0,0,0,0,0,0,1,0,2,4,4,0,Atropellament,1,2,2,5,-1,2,1,18.0,1,3,2,3,9
5128,2014,1,2014-05-03,SE,SANT ADRIA DE BESOS,Barcelones,3,0,1,1,5,2,0,0,0,3,0,0,0,20.0,0.0,0,2,No n'hi ha,-1.0,3,3,1,0,0,0,0,0,0,0,0,0,0,1,1,4,1,Atropellament,2,2,2,5,-1,2,0,20.09,1,3,5,3,5
5129,2014,1,2014-08-04,SE,BARCELONA,Barcelones,3,0,1,0,2,0,0,0,1,1,0,0,0,100.0,0.0,0,-1,No n'hi ha,-1.0,3,3,1,0,0,0,0,0,0,0,0,0,0,1,4,3,0,Envestida (frontal lateral),2,2,2,5,-1,2,1,16.15,1,2,0,4,8
5130,2014,0,2014-01-29,C-31,HOSPITALET DE LLOBREGAT,Barcelones,3,0,1,0,2,0,0,0,1,1,0,0,0,60.0,0.0,0,3,No n'hi ha,-1.0,3,3,1,0,0,1,0,0,0,0,0,0,0,0,5,-1,1,Encalç,-1,1,2,1,2,2,1,19.49,1,2,2,29,1
5131,2014,1,2014-06-10,SE,LLEIDA,Segria,2,0,1,0,2,0,0,0,1,1,0,0,0,100.0,0.0,0,1,Carril central,-1.0,3,3,1,0,0,0,0,0,0,0,0,0,0,1,4,4,1,Col·lisió frontal,1,2,2,5,-1,2,1,19.08,1,2,1,10,6
5132,2014,1,2014-01-14,SE,MALGRAT DE MAR,Maresme,3,0,1,0,2,0,1,0,0,1,0,0,0,100.0,0.0,0,-1,No n'hi ha,-1.0,3,3,1,0,0,0,0,0,0,0,0,0,0,0,4,-1,1,Fregament o col·lisió lateral,-1,2,2,5,-1,2,1,10.1,0,2,1,14,1
5133,2014,1,2014-01-26,SE,TERRASSA,Valles Occidental,3,0,1,1,2,1,0,0,1,0,0,0,0,100.0,0.0,0,-1,No n'hi ha,-1.0,3,3,1,0,0,0,0,0,0,0,0,0,0,0,4,-1,-1,Atropellament,-1,2,2,5,-1,2,0,21.2,1,3,6,26,1
5134,2014,1,2014-05-01,SE,GIRONA,Girones,1,0,1,0,2,0,1,0,0,1,0,0,0,100.0,0.0,0,2,Carril bici,-1.0,3,3,1,0,0,0,0,0,0,0,0,0,0,2,4,5,1,Envestida (frontal lateral),0,2,2,5,-1,2,1,10.54,0,2,3,1,5
5135,2014,1,2014-08-09,SE,TERRASSA,Valles Occidental,3,0,1,1,2,0,0,0,1,1,0,0,0,100.0,0.0,0,2,No n'hi ha,-1.0,3,3,1,0,0,0,0,0,0,0,0,0,0,1,4,3,1,Envestida (frontal lateral),2,2,2,5,-1,2,0,17.3,1,2,5,9,8
5136,2014,0,2014-05-17,C-1413a,SANT QUIRZE DEL VALLES,Valles Occidental,3,0,1,0,2,0,0,0,1,1,0,0,0,100.0,0.0,0,2,No n'hi ha,-1.0,3,3,1,0,0,0,0,0,0,0,0,0,0,0,4,-1,1,Envestida (frontal lateral),-1,1,2,4,2,1,0,12.04,0,2,5,17,5
5137,2014,1,2014-02-03,SE,BARCELONA,Barcelones,3,0,1,1,3,2,0,0,0,1,0,0,0,30.0,0.0,0,-1,No n'hi ha,-1.0,3,3,1,0,0,0,0,0,0,0,0,0,0,1,4,5,0,Atropellament,2,2,2,5,-1,2,1,16.4,1,3,0,3,2
5138,2014,1,2014-01-02,SE,SABADELL,Valles Occidental,3,0,1,0,2,0,0,0,1,1,0,0,0,100.0,0.0,0,2,No n'hi ha,-1.0,3,3,1,0,0,0,0,0,0,0,0,0,0,0,4,-1,1,Fregament o col·lisió lateral,-1,2,2,5,0,2,1,15.43,1,2,3,2,1
5139,2014,1,2014-03-28,SE,IGUALADA,Anoia,3,0,1,0,2,0,1,0,0,1,0,0,0,50.0,0.0,0,2,No n'hi ha,-1.0,3,3,1,-1,0,0,0,-1,0,0,0,0,-1,1,4,4,-1,Fregament o col·lisió lateral,0,2,2,5,-1,2,1,13.47,0,2,4,28,3
5140,2014,1,2014-01-29,SE,ARENYS DE MUNT,Maresme,3,0,1,0,3,2,0,0,0,1,0,0,0,20.0,0.0,0,3,No n'hi ha,-1.0,3,3,1,-1,1,0,0,-1,0,0,0,0,0,0,4,-1,0,Atropellament,-1,2,2,5,-1,2,1,10.55,0,3,2,29,1
5141,2014,0,2014-09-28,L-313,TORREFETA I FLOREJACS,Segarra,2,1,2,0,3,0,0,0,0,3,0,0,0,100.0,0.0,0,1,No n'hi ha,-1.0,1,3,0,0,0,0,1,0,0,0,0,0,1,0,2,-1,1,Envestida (frontal lateral),-1,1,2,4,2,2,0,18.28,1,2,6,28,9
5142,2014,1,2014-11-02,SE,"VENDRELL, EL",Baix Penedes,0,0,1,0,2,1,0,0,0,1,0,0,0,40.0,0.0,0,-1,No n'hi ha,-1.0,3,3,1,-1,-1,0,0,-1,0,0,0,0,1,0,0,-1,1,Atropellament,-1,2,2,5,-1,2,0,18.43,1,3,6,2,11
5143,2014,1,2014-12-27,SE,REUS,Baix Camp,0,0,1,0,1,0,0,0,0,1,0,0,0,100.0,0.0,0,-1,No n'hi ha,-1.0,3,3,1,0,0,0,0,0,0,0,0,0,0,0,4,-1,-1,Resta sortides de via,-1,2,2,5,-1,2,0,10.15,0,1,5,27,12
5144,2014,1,2014-08-07,SE,VILANOVA I LA GELTRU,Garraf,3,0,2,0,2,0,0,2,0,0,0,0,0,50.0,0.0,0,2,No n'hi ha,-1.0,3,3,1,0,0,0,0,0,0,0,0,0,0,1,5,4,0,Envestida (frontal lateral),1,2,2,5,-1,2,1,23.15,2,2,3,7,8
5145,2014,1,2014-06-30,SE,CORBERA DE LLOBREGAT,Baix Llobregat,3,0,1,0,2,1,0,0,0,1,0,0,0,100.0,0.0,0,2,No n'hi ha,-1.0,3,3,1,0,0,0,0,0,1,0,0,0,0,0,4,-1,1,Atropellament,-1,2,2,5,0,2,1,20.05,1,3,0,30,6
5146,2014,1,2014-01-22,SE,VILAFRANCA DEL PENEDES,Alt Penedes,3,0,1,0,2,1,0,0,0,1,0,0,0,20.0,0.0,0,2,No n'hi ha,-1.0,1,3,1,-1,0,0,0,-1,0,0,0,0,0,1,5,2,-1,Atropellament,1,2,0,5,-1,2,1,19.01,1,3,2,22,1
5147,2014,0,2014-10-26,C-13,CAMARASA,Noguera,2,1,1,0,1,0,0,0,0,1,0,0,0,100.0,0.0,0,1,No n'hi ha,-1.0,3,3,0,0,0,0,0,0,0,0,0,0,0,0,4,-1,1,Resta sortides de via,-1,1,2,4,2,2,0,16.04,1,1,6,26,10
5148,2014,1,2014-06-03,SE,SANT BOI DE LLOBREGAT,Baix Llobregat,3,0,1,2,2,1,0,1,0,0,0,0,0,100.0,0.0,0,2,No n'hi ha,-1.0,3,3,1,0,0,0,0,0,0,0,0,0,0,0,4,-1,1,Atropellament,-1,2,2,5,-1,2,1,18.0,1,3,1,3,6
5149,2014,0,2014-05-22,C-13,LLAVORSI,Pallars Sobira,2,0,1,0,1,0,0,0,0,1,0,0,0,100.0,0.0,0,1,No n'hi ha,-1.0,3,3,1,0,0,0,0,0,0,0,0,0,0,0,3,-1,1,Resta sortides de via,-1,1,2,4,2,2,1,0.1,2,1,3,22,5
5150,2014,1,2014-07-12,SE,BANYOLES,Pla de l'Estany,1,0,1,0,1,0,0,0,1,0,0,0,0,100.0,0.0,0,-1,No n'hi ha,-1.0,3,3,1,0,0,0,0,0,0,0,0,0,0,0,4,-1,-1,Altres,-1,2,2,5,-1,2,0,16.22,1,5,5,12,7
5151,2014,1,2014-08-12,SE,LLORET DE MAR,Selva,1,0,1,0,2,0,0,0,1,1,0,0,0,100.0,0.0,0,2,No n'hi ha,-1.0,3,3,1,0,0,0,0,0,0,0,0,0,0,1,4,4,0,Fregament o col·lisió lateral,2,2,2,5,-1,2,1,8.2,0,2,1,12,8
5152,2014,0,2014-07-13,GI-614,ROSES,Alt Emporda,1,0,1,0,1,0,0,0,1,0,0,0,0,100.0,0.0,0,1,No n'hi ha,-1.0,3,3,1,0,0,0,0,0,0,0,0,0,0,0,4,-1,1,Resta sortides de via,-1,1,2,4,3,2,0,12.36,0,1,6,13,7
5153,2014,0,2014-01-27,C-17,PARETS DEL VALLES,Valles Oriental,3,0,1,0,2,1,0,0,0,1,0,0,0,100.0,0.0,0,2,No n'hi ha,-1.0,3,3,1,0,0,0,0,0,0,0,0,0,0,0,3,-1,1,Atropellament,-1,1,2,1,2,2,1,18.47,1,3,0,27,1
5154,2014,1,2014-07-09,SE,LLEIDA,Segria,2,1,1,0,3,2,0,0,0,1,0,0,0,100.0,0.0,0,-1,No n'hi ha,-1.0,3,3,0,0,0,0,0,0,1,0,0,0,0,0,4,-1,-1,Atropellament,-1,2,2,5,-1,2,1,20.15,1,3,2,9,7
5155,2014,1,2014-12-21,SE,TERRASSA,Valles Occidental,3,0,1,1,2,0,0,0,0,2,0,0,0,100.0,0.0,0,-1,No n'hi ha,-1.0,3,3,1,0,0,0,0,0,0,0,0,0,0,0,4,-1,-1,Envestida (frontal lateral),-1,2,2,5,-1,2,0,13.2,0,2,6,21,12
5156,2014,1,2014-04-04,SE,VILAFRANCA DEL PENEDES,Alt Penedes,3,0,1,0,2,1,0,0,0,1,0,0,0,20.0,0.0,0,2,No n'hi ha,-1.0,3,3,1,-1,0,0,0,-1,0,0,0,0,0,1,5,2,0,Atropellament,1,2,2,5,-1,2,0,20.33,1,3,4,4,4
5157,2014,1,2014-04-03,SE,CASTELL-PLATJA D'ARO,Baix Emporda,1,0,1,0,1,0,0,0,0,1,0,0,0,50.0,0.0,0,2,No n'hi ha,-1.0,1,3,1,0,0,0,1,0,0,0,0,0,0,0,1,-1,1,Resta sortides de via,-1,2,2,5,-1,2,1,19.49,1,1,3,3,4
5158,2014,1,2014-08-26,SE,BARCELONA,Barcelones,3,0,1,0,2,0,0,0,1,1,0,0,0,100.0,0.0,0,-1,No n'hi ha,-1.0,3,3,1,0,0,0,0,0,0,0,0,0,0,1,4,3,0,Caiguda en la via,2,2,2,5,-1,2,1,20.0,1,0,1,26,8
5159,2014,1,2014-04-25,SE,LLEIDA,Segria,2,0,1,0,1,0,0,0,1,0,0,0,0,20.0,,0,2,No n'hi ha,-1.0,3,3,1,-1,0,0,0,-1,0,0,0,0,-1,0,5,-1,1,Xoc contra objecte/obstacle sense sortida prèvia de via,-1,2,2,5,-1,2,0,21.2,1,4,4,25,4
5160,2014,1,2014-04-10,SE,LLEIDA,Segria,2,0,1,0,2,1,0,0,0,1,0,0,0,20.0,0.0,0,2,No n'hi ha,-1.0,3,3,1,-1,0,0,0,-1,0,0,0,0,0,0,4,-1,0,Atropellament,-1,2,2,5,-1,2,1,12.05,0,3,3,10,4
5161,2014,1,2014-10-11,SE,BARCELONA,Barcelones,3,1,0,0,1,0,0,0,1,0,0,0,0,100.0,0.0,0,-1,No n'hi ha,-1.0,3,3,0,0,0,0,0,0,0,0,0,0,0,1,5,2,1,Xoc contra objecte/obstacle sense sortida prèvia de via,0,2,2,5,-1,2,0,1.38,2,4,5,11,10
5162,2014,1,2014-05-26,SE,SABADELL,Valles Occidental,3,0,1,0,2,1,0,0,0,1,0,0,0,100.0,0.0,0,2,No n'hi ha,-1.0,1,3,1,0,0,0,0,0,0,0,0,0,0,0,2,-1,1,Atropellament,-1,2,3,5,-1,2,1,16.58,1,3,0,26,5
5163,2014,0,2014-06-07,B-431,CALDERS,Moianès,3,0,1,0,3,0,0,0,2,1,0,0,0,100.0,0.0,0,3,No n'hi ha,-1.0,3,3,1,0,0,0,0,0,0,0,0,0,0,0,4,-1,1,Envestida (frontal lateral),-1,1,2,4,2,2,0,12.16,0,2,5,7,6
5164,2014,1,2014-05-29,SE,MATARO,Maresme,3,0,1,0,1,0,0,0,1,0,0,0,0,20.0,0.0,0,-1,No n'hi ha,-1.0,3,3,1,0,1,0,0,0,0,0,1,0,0,0,4,-1,-1,Caiguda en la via,-1,2,1,5,-1,2,1,13.0,0,0,3,29,5
5165,2014,1,2014-04-10,SE,"PRAT DE LLOBREGAT, E",Baix Llobregat,3,0,1,0,2,1,0,0,0,1,0,0,0,100.0,0.0,0,-1,No n'hi ha,-1.0,3,3,1,0,0,0,0,0,0,0,0,0,0,0,4,-1,-1,Atropellament,-1,2,2,5,-1,2,1,20.0,1,3,3,10,4
5166,2014,1,2014-06-26,SE,MARTORELLES,Valles Oriental,3,0,1,1,2,0,0,0,0,2,0,0,0,40.0,0.0,0,2,No n'hi ha,-1.0,3,3,1,0,0,0,0,0,0,0,0,0,0,1,4,4,1,Col·lisió frontal,1,2,2,5,-1,2,1,14.02,1,2,3,26,6
5167,2014,0,2014-06-07,BV-5301,SEVA,Osona,3,0,1,0,2,0,0,0,1,1,0,0,0,50.0,0.0,0,2,No n'hi ha,-1.0,3,3,1,0,0,0,0,0,0,0,0,0,1,0,4,-1,1,Envestida (frontal lateral),-1,1,2,4,3,2,0,11.24,0,2,5,7,6