,Year,Area,Date,Road,Municipality Name,County Name,Province Name,Fatalties,Serious Injuries,Light Injuries,Units Involved,Pedestrains Involved,Bicycles Involved,Mopeds Involved,Motorcycles,Light Vehicles Involved,Heavy Vehicles Involved,Other Units Involved,Unspecified Units Involved,Road Speed Limit,Accident with Hit and Run,Fog Presence,Surrounding Environment,Special Lane Presence,Special Traffic Measures,Weather Conditions,Special Road Functions,Severity of Accident,Influence of Fog,Influence of Environment,Influence of Traffic,Influence of Weather,Influence of Wind Intensity,Influence of Lighting,Influence of Special Measures,Influence of Road Objects,Influence of Road Surface,Influence of Visibility,Intersection Characteristics,Lighting Conditions,Traffic Regulation and Priority,Direction of Road,Subtype of Accident,Subtype of Road Section,Subzone within Area,Road Surface Conditions,Type of Road,Road Ownership,Wind Conditions,Day of the Week Grouping,Hour of Day,Time of Day Grouping,Type of Accident,Day Type,Day,Month
5168,2014,1,2014-01-22,SE,SANT BOI DE LLOBREGAT,Baix Llobregat,3,0,1,0,2,1,0,0,0,1,0,0,0,100.0,0.0,0,-1,No n'hi ha,-1.0,3,3,1,0,0,0,1,0,0,0,0,0,0,0,4,-1,-1,Atropellament,-1,2,2,5,-1,2,1,18.55,1,3,2,22,1
5169,2014,1,2014-07-11,C-13,VILANOVA DE LA BARCA,Segria,2,0,1,0,2,0,0,0,1,1,0,0,0,100.0,0.0,0,2,No n'hi ha,-1.0,3,3,1,0,0,0,0,0,0,0,0,0,0,0,4,-1,1,Fregament o col·lisió lateral,-1,0,2,4,2,2,0,19.17,1,2,4,11,7
5170,2014,0,2014-01-18,N-420,PRADELL DE LA TEIXETA,Priorat,0,0,1,4,3,0,0,0,0,3,0,0,0,90.0,0.0,0,-1,Sense Especificar,-1.0,3,3,1,0,0,0,0,0,0,0,0,0,0,1,4,4,-1,Fregament o col·lisió lateral,1,1,2,4,4,2,0,11.3,0,2,5,18,1
5171,2014,0,2014-02-03,A-22,LLEIDA,Segria,2,0,1,0,3,0,0,0,0,2,1,0,0,100.0,0.0,0,2,No n'hi ha,-1.0,3,3,1,0,0,0,0,0,0,0,0,0,0,0,3,-1,1,Encalç,-1,1,2,3,1,2,1,19.1,1,2,0,3,2
5172,2014,1,2014-06-13,SE,RUBI,Valles Occidental,3,0,1,0,2,1,0,0,0,1,0,0,0,100.0,0.0,0,2,No n'hi ha,-1.0,3,3,1,0,0,0,0,0,0,0,0,0,0,2,4,3,1,Atropellament,2,2,2,5,-1,2,1,12.1,0,3,4,13,6
5173,2014,1,2014-06-22,SE,BARCELONA,Barcelones,3,0,1,0,2,1,0,0,0,1,0,0,0,30.0,0.0,0,-1,No n'hi ha,-1.0,3,3,1,0,0,0,0,0,0,0,0,0,0,0,4,-1,0,Atropellament,-1,2,2,5,-1,2,0,20.25,1,3,6,22,6
5174,2014,1,2014-04-07,SE,REUS,Baix Camp,0,0,1,0,2,1,0,0,0,1,0,0,0,100.0,0.0,0,-1,No n'hi ha,-1.0,3,3,1,0,0,0,0,0,0,0,0,0,0,0,4,-1,-1,Atropellament,-1,2,2,5,-1,2,1,21.12,1,3,0,7,4
5175,2014,1,2014-02-19,SE,BARCELONA,Barcelones,3,0,1,0,2,1,0,0,0,1,0,0,0,100.0,0.0,0,-1,No n'hi ha,-1.0,3,3,1,0,0,0,0,0,0,0,0,0,0,1,4,3,1,Atropellament,2,2,2,5,-1,2,1,11.15,0,3,2,19,2
5176,2014,1,2014-11-09,SE,LLORET DE MAR,Selva,1,0,2,0,2,0,0,1,0,1,0,0,0,100.0,0.0,0,2,No n'hi ha,-1.0,3,3,1,0,0,0,0,0,0,0,0,0,0,1,4,4,0,Envestida (frontal lateral),2,2,2,5,-1,2,0,15.59,1,2,6,9,11
5177,2014,1,2014-09-22,SE,"LLAGOSTA, LA",Valles Oriental,3,0,1,0,2,0,0,0,1,1,0,0,0,20.0,0.0,0,3,No n'hi ha,-1.0,1,3,1,-1,0,0,0,-1,0,0,0,0,0,1,2,4,0,Envestida (frontal lateral),0,2,0,5,-1,2,1,14.22,1,2,0,22,9
5178,2014,0,2014-01-05,GI-674,LLAGOSTERA,Girones,1,0,1,0,2,0,0,0,2,0,0,0,0,100.0,0.0,0,2,No n'hi ha,-1.0,3,3,1,0,0,0,0,0,0,0,0,0,0,0,4,-1,1,Envestida (frontal lateral),-1,1,2,4,3,2,0,12.5,0,2,6,5,1
5179,2014,1,2014-02-28,SE,BADALONA,Barcelones,3,1,0,4,2,0,0,0,0,2,0,0,0,20.0,0.0,0,-1,No n'hi ha,-1.0,3,3,0,-1,0,0,0,-1,0,0,0,0,-1,1,4,4,1,Fregament o col·lisió lateral,2,2,2,5,0,2,1,9.11,0,2,4,28,2
5180,2014,1,2014-01-30,C-152,OLOT,Garrotxa,1,0,1,0,2,1,0,0,0,1,0,0,0,100.0,0.0,0,2,No n'hi ha,-1.0,1,3,1,0,0,0,0,0,0,0,0,0,0,0,2,-1,0,Atropellament,-1,0,2,1,-1,2,1,17.37,1,3,3,30,1
5181,2014,1,2014-09-27,SE,IGUALADA,Anoia,3,0,1,0,2,0,0,0,1,1,0,0,0,50.0,0.0,0,2,No n'hi ha,-1.0,3,3,1,-1,0,0,0,-1,0,0,0,0,0,1,4,4,0,Fregament o col·lisió lateral,2,2,2,5,-1,2,0,13.15,0,2,5,27,9
5182,2014,1,2014-06-09,SE,REUS,Baix Camp,0,1,1,0,2,0,0,0,0,2,0,0,0,50.0,0.0,0,2,Carril acceleració,-1.0,3,3,0,0,0,0,0,0,0,0,0,0,0,1,4,4,1,Envestida (frontal lateral),2,2,2,5,-1,2,1,12.05,0,2,0,9,6
5183,2014,0,2014-03-01,N-340,"VENDRELL, EL",Baix Penedes,0,0,1,0,2,1,0,0,0,0,1,0,0,100.0,0.0,0,2,No n'hi ha,-1.0,3,3,1,0,0,0,0,0,1,0,0,0,0,0,3,-1,1,Atropellament,-1,1,2,4,1,2,0,3.32,2,3,5,1,3
5184,2014,1,2014-08-14,SE,HOSPITALET DE LLOBREGAT,Barcelones,3,0,1,0,2,1,0,0,0,1,0,0,0,20.0,0.0,0,2,No n'hi ha,-1.0,3,3,1,-1,0,0,0,-1,0,0,0,0,-1,1,1,4,0,Atropellament,2,2,2,5,-1,2,1,19.06,1,3,3,14,8
5185,2014,1,2014-05-17,SE,"MASNOU, EL",Maresme,3,0,1,0,2,1,0,0,0,1,0,0,0,20.0,0.0,0,-1,No n'hi ha,-1.0,3,3,1,0,0,0,0,0,0,0,0,0,0,0,4,-1,-1,Atropellament,-1,2,2,5,-1,2,0,7.58,0,3,5,17,5
5186,2014,1,2014-06-08,SE,SANT CUGAT DEL VALLES,Valles Occidental,3,0,1,1,2,0,0,1,0,1,0,0,0,100.0,0.0,0,2,No n'hi ha,-1.0,3,3,1,0,0,0,0,0,0,0,0,0,0,1,4,4,0,Altres,0,2,2,5,-1,2,0,17.19,1,5,6,8,6
5187,2014,1,2014-08-11,SE,BARCELONA,Barcelones,3,0,1,0,3,0,0,0,1,0,2,0,0,100.0,0.0,0,-1,No n'hi ha,-1.0,3,3,1,0,0,0,0,0,0,0,0,0,0,1,4,3,1,Fregament o col·lisió lateral,0,2,2,5,-1,2,1,15.0,1,2,0,11,8
5188,2014,1,2014-08-30,SE,BARCELONA,Barcelones,3,1,0,0,2,1,0,0,0,0,1,0,0,100.0,0.0,0,-1,No n'hi ha,-1.0,3,3,0,0,0,0,0,0,0,0,0,0,0,0,4,-1,1,Atropellament,-1,2,1,5,-1,2,0,9.0,0,3,5,30,8
5189,2014,1,2014-02-01,SE,BARCELONA,Barcelones,3,0,1,5,2,0,0,0,0,2,0,0,0,100.0,0.0,0,-1,No n'hi ha,-1.0,3,3,1,0,0,0,0,0,0,0,0,0,0,1,5,3,1,Envestida (frontal lateral),2,2,2,5,-1,2,0,6.25,0,2,5,1,2
5190,2014,1,2014-06-12,SE,BARCELONA,Barcelones,3,0,1,0,2,0,0,0,1,1,0,0,0,100.0,0.0,0,-1,No n'hi ha,-1.0,3,3,1,0,0,0,0,0,0,0,0,0,0,1,4,2,1,Envestida (frontal lateral),2,2,2,5,-1,2,1,18.45,1,2,3,12,6
5191,2014,1,2014-03-17,SE,BADALONA,Barcelones,3,1,0,0,2,1,0,0,0,0,1,0,0,20.0,0.0,0,-1,No n'hi ha,-1.0,3,3,0,0,0,0,0,0,0,0,0,0,0,1,4,2,-1,Atropellament,1,2,2,5,-1,2,1,16.45,1,3,0,17,3
5192,2014,0,2014-03-31,SE,PRATDIP,Baix Camp,0,0,1,0,1,0,1,0,0,0,0,0,0,30.0,0.0,0,1,No n'hi ha,-1.0,3,3,1,0,0,0,0,0,0,0,0,0,0,0,4,-1,1,Caiguda en la via,-1,1,3,0,0,1,1,11.5,0,0,0,31,3
5193,2014,1,2014-10-16,SE,BARCELONA,Barcelones,3,0,1,3,4,3,0,0,1,0,0,0,0,100.0,0.0,0,-1,No n'hi ha,-1.0,3,3,1,0,0,1,0,0,0,0,0,0,0,1,4,3,1,Atropellament,1,2,2,5,-1,2,1,18.59,1,3,3,16,10
5194,2014,1,2014-03-14,SE,LLEIDA,Segria,2,0,1,0,1,0,0,0,0,0,1,0,0,20.0,0.0,0,2,No n'hi ha,-1.0,3,3,1,-1,0,0,0,-1,0,0,0,0,-1,0,4,-1,0,Caiguda en la via,-1,2,2,5,-1,2,1,14.25,1,0,4,14,3
5195,2014,1,2014-07-11,SE,SANT BOI DE LLOBREGAT,Baix Llobregat,3,0,1,0,2,1,0,0,0,0,1,0,0,100.0,0.0,0,2,No n'hi ha,-1.0,3,3,1,0,0,0,0,0,0,0,0,0,1,1,4,3,1,Atropellament,2,2,2,5,-1,2,1,10.45,0,3,4,11,7
5196,2014,1,2014-07-16,SE,MANRESA,Bages,3,0,1,0,2,1,0,0,0,0,0,1,0,100.0,0.0,0,2,No n'hi ha,-1.0,3,3,1,0,0,0,0,0,0,0,0,0,0,0,4,-1,0,Atropellament,-1,2,3,5,-1,2,1,12.1,0,3,2,16,7
5197,2014,0,2014-03-22,T-312,CAMBRILS,Baix Camp,0,0,3,0,2,0,0,0,0,2,0,0,0,40.0,0.0,0,3,No n'hi ha,-1.0,1,3,1,0,0,0,0,0,0,0,0,0,0,0,4,-1,1,Envestida (frontal lateral),-1,1,2,4,2,2,0,16.57,1,2,5,22,3
5198,2014,1,2014-06-20,SE,BARCELONA,Barcelones,3,0,1,0,2,0,0,0,1,1,0,0,0,100.0,0.0,0,-1,No n'hi ha,-1.0,3,3,1,0,0,0,0,0,0,0,0,0,0,0,4,-1,1,Encalç,-1,2,2,5,-1,2,1,14.45,1,2,4,20,6
5199,2014,0,2014-11-02,C-63,BRUNYOLA,Selva,1,0,1,0,2,0,0,0,1,1,0,0,0,70.0,0.0,0,1,No n'hi ha,-1.0,3,3,1,0,0,0,0,0,0,0,0,0,0,1,4,4,1,Envestida (frontal lateral),0,1,2,4,2,2,0,8.44,0,2,6,2,11
5200,2014,0,2014-01-20,A-7,VILAFRANCA DEL PENEDES,Alt Penedes,3,0,1,0,1,0,0,0,0,0,1,0,0,40.0,0.0,0,3,No n'hi ha,-1.0,3,3,1,0,0,0,0,0,0,0,0,0,0,0,1,-1,1,Caiguda en la via,-1,1,2,4,1,2,1,17.11,1,0,0,20,1
5201,2014,0,2014-05-25,T-330,PRAT DE COMTE,Terra Alta,0,1,0,0,2,0,0,0,1,1,0,0,0,100.0,0.0,0,1,No n'hi ha,-1.0,3,3,0,0,0,0,0,0,0,0,0,0,0,1,2,5,1,Envestida (frontal lateral),1,1,2,4,2,2,0,11.25,0,2,6,25,5
5202,2014,1,2014-07-30,SE,VILADECANS,Baix Llobregat,3,0,1,0,1,0,0,0,0,1,0,0,0,30.0,0.0,0,3,No n'hi ha,-1.0,3,3,1,-1,0,0,0,-1,0,0,0,0,-1,0,4,-1,0,Xoc contra objecte/obstacle sense sortida prèvia de via,-1,2,2,5,-1,2,1,16.28,1,4,2,30,7
5203,2014,1,2014-04-10,SE,SABADELL,Valles Occidental,3,0,1,0,2,1,0,0,0,1,0,0,0,100.0,0.0,0,2,No n'hi ha,-1.0,3,3,1,0,0,0,0,0,0,0,0,0,0,0,4,-1,1,Atropellament,-1,2,2,5,-1,2,1,18.5,1,3,3,10,4
5204,2014,1,2014-04-09,SE,PARETS DEL VALLES,Valles Oriental,3,0,1,0,2,0,0,0,1,1,0,0,0,100.0,0.0,0,2,No n'hi ha,-1.0,3,3,1,0,0,0,0,0,0,0,0,0,0,1,4,4,1,Envestida (frontal lateral),2,2,2,5,0,2,1,13.4,0,2,2,9,4
5205,2014,0,2014-11-26,N-230,ALMENAR,Segria,2,0,1,1,2,0,0,0,0,2,0,0,0,70.0,0.0,0,2,No n'hi ha,-1.0,1,3,1,0,0,0,0,0,0,0,0,0,0,0,2,-1,1,Col·lisió frontal,-1,1,2,4,1,2,1,8.23,0,2,2,26,11
5206,2014,1,2014-01-14,B-122,TERRASSA,Valles Occidental,3,0,1,0,2,0,0,1,0,1,0,0,0,100.0,0.0,0,2,No n'hi ha,-1.0,3,3,1,0,0,0,0,0,0,0,0,0,0,0,4,-1,1,Fregament o col·lisió lateral,-1,0,2,4,0,2,1,13.5,0,2,1,14,1
5207,2014,1,2014-07-23,SE,GIRONA,Girones,1,0,1,0,2,0,0,0,1,1,0,0,0,100.0,0.0,0,2,No n'hi ha,-1.0,3,3,1,0,0,0,0,0,0,0,0,0,0,1,4,3,1,Envestida (frontal lateral),2,2,2,5,-1,2,1,6.26,0,2,2,23,7
5208,2014,0,2014-06-03,C-37,VALLS,Alt Camp,0,0,2,0,2,0,0,0,0,1,1,0,0,80.0,0.0,0,2,No n'hi ha,-1.0,3,3,1,0,0,0,0,0,0,0,0,0,0,0,4,-1,1,Envestida (frontal lateral),-1,1,2,4,2,2,1,11.44,0,2,1,3,6
5209,2014,1,2014-03-24,SE,VIC,Osona,3,0,1,0,2,0,0,0,1,1,0,0,0,20.0,0.0,0,2,No n'hi ha,-1.0,3,3,1,0,0,0,0,0,0,0,0,0,0,1,4,4,0,Envestida (frontal lateral),2,2,1,5,-1,2,1,17.15,1,2,0,24,3
5210,2014,1,2014-08-08,SE,TERRASSA,Valles Occidental,3,0,1,0,2,1,0,0,0,1,0,0,0,30.0,0.0,0,3,No n'hi ha,-1.0,3,3,1,0,0,0,0,0,0,0,0,0,0,1,4,5,1,Atropellament,2,2,2,5,-1,2,0,20.15,1,3,4,8,8
5211,2014,0,2014-07-24,BV-2115,CASTELLET I LA GORNA,Alt Penedes,3,0,1,0,2,0,1,0,0,1,0,0,0,90.0,0.0,0,-1,Sense Especificar,-1.0,3,3,1,0,0,0,0,0,0,0,0,0,0,0,4,-1,-1,Col·lisió frontal,-1,1,2,4,4,2,1,12.06,0,2,3,24,7
5212,2014,1,2014-09-08,SE,BARCELONA,Barcelones,3,1,1,0,2,0,0,0,1,1,0,0,0,100.0,0.0,0,-1,No n'hi ha,-1.0,3,3,0,0,0,0,0,0,0,0,0,0,1,1,4,3,1,Envestida (frontal lateral),0,2,2,5,-1,2,1,16.0,1,2,0,8,9
5213,2014,1,2014-05-02,SE,CASTELLO D'EMPURIES,Alt Emporda,1,0,1,0,2,1,0,0,0,1,0,0,0,100.0,0.0,0,2,No n'hi ha,-1.0,1,3,1,0,0,0,0,0,0,0,0,0,0,0,5,-1,0,Atropellament,-1,2,2,5,0,2,1,2.22,2,3,4,2,5
5214,2014,1,2014-10-20,SE,BARCELONA,Barcelones,3,0,1,0,2,1,0,0,0,1,0,0,0,100.0,0.0,0,-1,No n'hi ha,-1.0,3,3,1,0,0,0,0,0,0,0,0,0,0,1,4,3,0,Atropellament,2,2,2,5,-1,2,1,12.5,0,3,0,20,10
5215,2014,0,2014-10-26,BP-1417,SANT CUGAT DEL VALLES,Valles Occidental,3,0,1,0,2,0,0,0,1,1,0,0,0,50.0,0.0,0,3,No n'hi ha,-1.0,3,3,1,0,0,0,0,0,0,0,0,0,1,0,3,-1,1,Altres,-1,1,2,4,3,2,0,18.54,1,5,6,26,10
5216,2014,0,2014-11-20,C-1415B,CANOVELLES,Valles Oriental,3,0,1,1,3,0,0,0,0,3,0,0,0,100.0,0.0,0,1,No n'hi ha,-1.0,3,3,1,0,0,0,0,0,0,0,0,0,0,0,3,-1,1,Col·lisió frontal,-1,1,2,4,2,2,1,20.54,1,2,3,20,11
5217,2014,1,2014-11-03,SE,TERRASSA,Valles Occidental,3,0,1,0,1,0,0,0,1,0,0,0,0,100.0,0.0,0,-1,No n'hi ha,-1.0,3,3,1,0,0,0,0,0,0,0,0,0,0,0,4,-1,-1,Caiguda en la via,-1,2,2,5,-1,2,1,7.3,0,0,0,3,11
5218,2014,1,2014-02-16,SE,ESPLUGUES DE LLOBREGAT,Baix Llobregat,3,0,1,1,2,0,2,0,0,0,0,0,0,30.0,0.0,0,-1,No n'hi ha,-1.0,3,3,1,-1,-1,0,0,-1,0,0,0,0,0,0,4,-1,-1,Encalç,-1,2,2,5,-1,2,0,12.4,0,2,6,16,2
5219,2014,0,2014-03-15,C-66,CORCA,Baix Emporda,1,0,1,3,2,0,0,0,0,2,0,0,0,100.0,0.0,0,1,No n'hi ha,-1.0,3,3,1,0,0,0,0,0,0,0,0,0,0,0,4,-1,1,Envestida (frontal lateral),-1,1,2,4,2,2,0,10.0,0,2,5,15,3
5220,2014,0,2014-08-09,C-26,BASSELLA,Alt Urgell,2,0,1,1,1,0,0,0,0,1,0,0,0,50.0,0.0,0,2,No n'hi ha,-1.0,3,3,1,0,0,0,0,0,0,0,0,0,0,0,4,-1,1,Resta sortides de via,-1,1,2,4,2,2,0,8.29,0,1,5,9,8
5221,2014,0,2014-12-02,BV-5011,BADALONA,Barcelones,3,0,1,0,2,1,0,0,0,1,0,0,0,90.0,0.0,0,2,No n'hi ha,-1.0,3,3,1,-1,0,0,0,-1,0,0,0,0,0,0,3,-1,1,Atropellament,-1,1,2,4,0,1,1,7.2,0,3,1,2,12
5222,2014,0,2014-10-26,C-35,MACANET DE LA SELVA,Selva,1,0,2,0,4,0,3,0,0,1,0,0,0,100.0,0.0,0,2,Altres,-1.0,3,3,1,0,0,0,0,0,0,0,0,0,0,0,4,-1,1,Altres,-1,1,2,4,3,2,0,8.58,0,5,6,26,10
5223,2014,0,2014-07-22,BP-1503,SANT CUGAT DEL VALLES,Valles Occidental,3,0,1,0,2,0,0,0,1,1,0,0,0,40.0,0.0,0,2,No n'hi ha,-1.0,3,3,1,0,0,0,0,0,0,0,0,0,0,1,4,3,1,Encalç,1,1,2,4,3,2,1,11.55,0,2,1,22,7
5224,2014,1,2014-12-22,SE,SANTA COLOMA DE GRAMANET,Barcelones,3,0,1,2,2,0,0,0,1,1,0,0,0,20.0,0.0,0,2,No n'hi ha,-1.0,3,3,1,-1,0,0,0,-1,0,0,0,0,0,1,4,3,1,Envestida (frontal lateral),1,2,2,5,-1,2,1,12.5,0,2,0,22,12
5225,2014,1,2014-09-17,SE,BARCELONA,Barcelones,3,1,0,0,2,0,0,1,0,1,0,0,0,100.0,1.0,0,-1,No n'hi ha,-1.0,3,3,0,0,0,0,0,0,0,0,0,0,0,1,4,2,1,Envestida (frontal lateral),1,2,2,5,-1,2,1,15.45,1,2,2,17,9
5226,2014,1,2014-01-21,SE,BARCELONA,Barcelones,3,0,1,1,2,1,0,0,1,0,0,0,0,100.0,0.0,0,-1,No n'hi ha,-1.0,3,3,1,0,0,0,0,0,0,0,0,0,0,1,4,2,0,Atropellament,2,2,2,5,-1,2,1,14.3,1,3,1,21,1
5227,2014,0,2014-08-02,C-1415c,"ROCA DEL VALLES, LA",Valles Oriental,3,0,1,1,1,0,0,0,0,1,0,0,0,100.0,0.0,0,3,No n'hi ha,-1.0,3,3,1,0,0,0,0,0,0,0,0,0,0,0,3,-1,1,Resta sortides de via,-1,1,2,4,2,2,0,0.06,2,1,5,2,8
5228,2014,1,2014-11-07,SE,BADALONA,Barcelones,3,0,1,0,2,1,0,0,0,0,1,0,0,20.0,0.0,0,-1,No n'hi ha,-1.0,3,3,1,-1,0,0,0,-1,0,0,0,0,-1,1,4,5,0,Atropellament,1,2,2,5,-1,2,1,11.36,0,3,4,7,11
5229,2014,0,2014-02-07,C-252,CABANES,Alt Emporda,1,0,1,0,2,1,0,0,0,1,0,0,0,100.0,0.0,0,2,No n'hi ha,-1.0,2,3,1,0,0,0,0,0,0,0,0,0,0,1,2,-1,1,Atropellament,1,1,2,4,2,2,0,16.59,1,3,4,7,2
5230,2014,0,2014-05-18,N-260,BELLVER DE CERDANYA,Cerdanya,2,0,1,1,1,0,0,0,0,1,0,0,0,50.0,0.0,0,1,No n'hi ha,-1.0,3,3,1,0,0,0,0,0,0,0,0,0,0,0,4,-1,1,Resta sortides de via,-1,1,2,4,1,2,0,15.19,1,1,6,18,5
5231,2014,1,2014-01-24,SE,"PRAT DE LLOBREGAT, E",Baix Llobregat,3,0,1,0,2,0,0,0,1,1,0,0,0,100.0,0.0,0,-1,No n'hi ha,-1.0,3,3,1,0,0,0,0,0,0,0,0,0,0,0,5,-1,-1,Caiguda en la via,-1,2,2,5,-1,1,0,19.5,1,0,4,24,1
5232,2014,1,2014-03-18,SE,SABADELL,Valles Occidental,3,0,1,0,2,1,0,0,0,1,0,0,0,100.0,0.0,0,-1,No n'hi ha,-1.0,3,3,1,0,0,0,0,0,0,0,0,0,0,0,4,-1,-1,Atropellament,-1,2,2,5,-1,2,1,10.38,0,3,1,18,3
5233,2014,0,2014-10-22,BP-1503,SANT CUGAT DEL VALLES,Valles Occidental,3,0,1,1,2,0,0,1,0,1,0,0,0,40.0,0.0,0,2,No n'hi ha,-1.0,3,3,1,0,0,0,0,0,0,0,0,0,0,1,4,4,1,Altres,0,1,2,4,4,2,1,11.15,0,5,2,22,10
5234,2014,1,2014-06-05,SE,MATARO,Maresme,3,0,1,0,2,0,0,0,1,1,0,0,0,20.0,0.0,0,-1,No n'hi ha,-1.0,3,3,1,0,0,0,0,0,0,0,0,0,0,1,4,4,-1,Encalç,1,2,2,5,-1,2,1,13.55,0,2,3,5,6
5235,2014,1,2014-06-24,SE,"PRAT DE LLOBREGAT, E",Baix Llobregat,3,0,1,1,2,1,0,0,1,0,0,0,0,100.0,0.0,0,-1,No n'hi ha,-1.0,1,3,1,0,0,0,1,0,0,0,0,0,0,1,2,2,-1,Atropellament,1,2,0,5,-1,2,1,16.44,1,3,1,24,6
5236,2014,0,2014-07-06,B-120,OLESA DE MONTSERRAT,Baix Llobregat,3,0,1,1,2,0,0,0,1,1,0,0,0,100.0,0.0,0,1,No n'hi ha,-1.0,3,3,1,0,0,0,0,0,0,0,0,0,0,1,4,5,1,Envestida (frontal lateral),1,1,2,4,2,2,0,12.53,0,2,6,6,7
5237,2014,1,2014-04-23,SE,MANRESA,Bages,3,0,1,1,1,0,0,0,0,1,0,0,0,100.0,0.0,0,2,No n'hi ha,-1.0,3,3,1,0,0,0,0,0,0,0,0,0,0,2,4,-1,1,Sortida de via amb xoc o col·lisió,0,2,2,5,-1,2,1,14.15,1,1,2,23,4
5238,2014,0,2014-07-19,N-II,SANT ANDREU DE LLAVANERES,Maresme,3,0,1,1,2,0,0,0,1,1,0,0,0,80.0,0.0,0,2,No n'hi ha,-1.0,3,3,1,0,0,0,0,0,0,0,0,0,0,2,2,4,1,Encalç,3,1,2,4,1,2,0,17.23,1,2,5,19,7
5239,2014,0,2014-08-20,C-31,SITGES,Garraf,3,0,1,0,2,0,0,0,1,1,0,0,0,100.0,0.0,0,1,No n'hi ha,-1.0,3,3,1,0,0,0,0,0,0,0,0,0,0,0,3,-1,1,Caiguda en la via,-1,1,2,4,2,2,1,2.28,2,0,2,20,8
5240,2014,0,2014-09-28,GI-634,JAFRE,Baix Emporda,1,0,2,2,2,0,0,0,0,2,0,0,0,100.0,0.0,0,2,No n'hi ha,-1.0,3,3,1,0,0,0,0,0,0,0,0,0,0,0,2,-1,1,Col·lisió frontal,-1,1,2,4,0,2,0,12.11,0,2,6,28,9
5241,2014,1,2014-05-14,SE,BARCELONA,Barcelones,3,0,1,1,2,1,0,0,1,0,0,0,0,100.0,0.0,0,-1,No n'hi ha,-1.0,3,3,1,0,0,0,0,0,0,0,0,0,0,0,4,-1,0,Atropellament,-1,2,2,5,-1,2,1,7.58,0,3,2,14,5
5242,2014,0,2014-05-20,BV-2115,CASTELLET I LA GORNA,Alt Penedes,3,1,0,0,1,0,0,0,0,1,0,0,0,100.0,0.0,0,0,No n'hi ha,-1.0,3,3,0,0,0,0,0,0,0,0,0,0,0,0,4,-1,1,Resta sortides de via,-1,1,2,4,2,2,1,7.49,0,1,1,20,5
5243,2014,1,2014-12-15,SE,VIC,Osona,3,0,1,0,2,1,0,0,0,1,0,0,0,100.0,0.0,0,2,No n'hi ha,-1.0,2,3,1,0,0,0,0,0,0,0,0,0,0,2,4,-1,1,Atropellament,3,2,2,5,-1,2,1,10.5,0,3,0,15,12
5244,2014,1,2014-11-29,SE,VILANOVA DEL CAMI,Anoia,3,0,1,0,2,1,0,0,0,1,0,0,0,100.0,0.0,0,-1,No n'hi ha,-1.0,3,3,1,0,0,0,0,0,0,0,0,0,1,0,4,-1,-1,Atropellament,-1,2,2,5,-1,2,0,21.4,1,3,5,29,11
5245,2014,1,2014-08-18,SE,SANT QUIRZE DEL VALLES,Valles Occidental,3,0,1,0,1,0,0,0,1,0,0,0,0,100.0,0.0,0,2,No n'hi ha,-1.0,3,3,1,0,0,0,0,0,0,0,0,0,0,0,5,-1,1,Xoc contra objecte/obstacle sense sortida prèvia de via,-1,2,2,5,-1,2,1,2.45,2,4,0,18,8
5246,2014,1,2014-01-19,SE,SABADELL,Valles Occidental,3,0,1,0,2,1,0,0,0,1,0,0,0,100.0,0.0,0,-1,No n'hi ha,-1.0,3,3,1,0,0,0,0,0,1,0,0,0,0,0,4,-1,-1,Atropellament,-1,2,2,5,-1,2,0,7.45,0,3,6,19,1
5247,2014,1,2014-04-11,SE,LLORET DE MAR,Selva,1,0,1,0,2,0,1,0,0,1,0,0,0,100.0,0.0,0,-1,No n'hi ha,-1.0,3,3,1,0,0,0,0,0,0,0,0,0,0,0,4,-1,-1,Envestida (frontal lateral),-1,2,2,5,-1,2,0,20.02,1,2,4,11,4
5248,2014,1,2014-10-15,SE,BARCELONA,Barcelones,3,0,1,1,2,1,0,0,1,0,0,0,0,100.0,0.0,0,-1,No n'hi ha,-1.0,3,3,1,0,0,0,0,0,0,0,0,0,0,0,5,-1,1,Atropellament,-1,2,2,5,-1,2,1,7.2,0,3,2,15,10
5249,2014,1,2014-07-29,SE,BARCELONA,Barcelones,3,0,1,1,2,1,0,0,1,0,0,0,0,30.0,0.0,0,-1,No n'hi ha,-1.0,3,3,1,0,0,0,0,0,0,0,0,0,0,0,4,-1,0,Atropellament,-1,2,2,5,-1,2,1,9.1,0,3,1,29,7
5250,2014,0,2014-04-09,C-1415a,CASTELLAR DEL VALLES,Valles Occidental,3,0,1,0,1,0,0,0,0,1,0,0,0,90.0,0.0,0,2,No n'hi ha,-1.0,3,3,1,-1,0,0,0,-1,0,0,0,0,0,0,4,-1,1,Xoc contra objecte/obstacle sense sortida prèvia de via,-1,1,2,4,0,2,1,15.3,1,4,2,9,4
5251,2014,0,2014-09-27,N-340,"AMPOLLA, L'",Baix Ebre,0,0,1,0,1,0,1,0,0,0,0,0,0,100.0,0.0,0,1,No n'hi ha,-1.0,3,3,1,0,0,0,0,0,0,0,0,0,0,0,4,-1,1,Caiguda en la via,-1,1,2,4,1,2,0,8.55,0,0,5,27,9
5252,2014,1,2014-08-21,SE,CAMBRILS,Baix Camp,0,0,1,0,2,1,0,0,0,1,0,0,0,100.0,0.0,0,-1,No n'hi ha,-1.0,3,3,1,0,0,0,0,0,0,0,0,0,0,0,4,-1,-1,Atropellament,-1,2,2,5,-1,2,1,9.45,0,3,3,21,8