,Year,Area,Date,Road,Municipality Name,County Name,Province Name,Fatalties,Serious Injuries,Light Injuries,Units Involved,Pedestrains Involved,Bicycles Involved,Mopeds Involved,Motorcycles,Light Vehicles Involved,Heavy Vehicles Involved,Other Units Involved,Unspecified Units Involved,Road Speed Limit,Accident with Hit and Run,Fog Presence,Surrounding Environment,Special Lane Presence,Special Traffic Measures,Weather Conditions,Special Road Functions,Severity of Accident,Influence of Fog,Influence of Environment,Influence of Traffic,Influence of Weather,Influence of Wind Intensity,Influence of Lighting,Influence of Special Measures,Influence of Road Objects,Influence of Road Surface,Influence of Visibility,Intersection Characteristics,Lighting Conditions,Traffic Regulation and Priority,Direction of Road,Subtype of Accident,Subtype of Road Section,Subzone within Area,Road Surface Conditions,Type of Road,Road Ownership,Wind Conditions,Day of the Week Grouping,Hour of Day,Time of Day Grouping,Type of Accident,Day Type,Day,Month
5337,2014,1,2014-07-18,SE,ROSES,Alt Emporda,1,0,1,0,1,0,0,0,0,1,0,0,0,20.0,0.0,0,3,No n'hi ha,-1.0,3,3,1,-1,0,0,0,-1,0,0,0,0,-1,0,4,-1,1,Sortida de via amb bolcada,-1,2,1,5,0,2,1,11.02,0,1,4,18,7
5338,2014,0,2014-10-10,C-14,RIBERA D'URGELLET,Alt Urgell,2,0,1,1,1,0,0,0,0,1,0,0,0,100.0,0.0,0,1,No n'hi ha,-1.0,1,3,1,0,0,0,1,0,0,0,0,0,0,0,3,-1,1,Resta sortides de via,-1,1,2,4,2,2,0,20.48,1,1,4,10,10
5339,2014,1,2014-04-09,SE,BARCELONA,Barcelones,3,0,1,1,2,0,0,0,2,0,0,0,0,100.0,0.0,0,-1,No n'hi ha,-1.0,3,3,1,0,0,0,0,0,0,0,0,0,0,1,4,3,0,Envestida (frontal lateral),2,2,2,5,-1,2,1,19.2,1,2,2,9,4
5340,2014,1,2014-10-08,SE,BARCELONA,Barcelones,3,0,1,0,2,0,0,0,1,1,0,0,0,100.0,0.0,0,-1,No n'hi ha,-1.0,3,3,1,0,0,0,0,0,0,0,0,0,0,1,4,3,1,Envestida (frontal lateral),2,2,2,5,-1,2,1,9.4,0,2,2,8,10
5341,2014,1,2014-03-31,SE,TARREGA,Urgell,2,0,1,0,2,0,0,0,1,1,0,0,0,20.0,0.0,0,-1,No n'hi ha,-1.0,3,3,1,0,0,0,0,0,0,0,0,0,0,1,4,4,-1,Envestida (frontal lateral),2,2,2,5,-1,2,1,15.25,1,2,0,31,3
5342,2014,1,2014-01-30,SE,ESPLUGUES DE LLOBREGAT,Baix Llobregat,3,0,1,0,2,1,0,0,0,1,0,0,0,20.0,0.0,0,-1,No n'hi ha,-1.0,3,3,1,-1,-1,0,0,-1,0,0,0,0,-1,1,4,2,-1,Atropellament,2,2,2,5,-1,2,1,12.15,0,3,3,30,1
5343,2014,1,2014-04-26,SE,BARCELONA,Barcelones,3,0,1,2,2,1,0,0,1,0,0,0,0,100.0,0.0,0,-1,Carril bus,-1.0,3,3,1,0,0,0,0,0,0,0,0,0,0,1,4,3,1,Atropellament,2,2,2,5,-1,2,0,18.35,1,3,5,26,4
5344,2014,0,2014-09-19,N-II,BELL-LLOC D'URGELL,Pla d'Urgell,2,0,1,0,1,0,0,0,0,1,0,0,0,70.0,1.0,0,2,No n'hi ha,-1.0,3,3,1,0,0,0,0,0,0,0,0,0,0,0,4,-1,1,Resta sortides de via,-1,1,2,4,1,2,1,14.19,1,1,4,19,9
5345,2014,1,2014-08-22,SE,BARCELONA,Barcelones,3,0,1,0,1,0,0,0,0,0,1,0,0,100.0,0.0,0,-1,Carril bus,-1.0,2,3,1,0,0,0,1,0,0,0,0,0,0,0,4,-1,0,Caiguda en la via,-1,2,0,5,-1,2,1,13.3,0,0,4,22,8
5346,2014,0,2014-10-04,N-340,AVINYONET DEL PENEDES,Alt Penedes,3,1,0,0,2,1,0,0,0,1,0,0,0,100.0,0.0,0,3,No n'hi ha,-1.0,3,3,0,0,0,0,0,0,0,0,0,0,1,0,4,-1,1,Atropellament,-1,1,2,4,1,2,0,10.22,0,3,5,4,10
5347,2014,1,2014-04-29,SE,BARCELONA,Barcelones,3,0,1,0,2,0,0,0,1,1,0,0,0,100.0,0.0,0,-1,No n'hi ha,-1.0,3,3,1,0,0,0,0,0,0,0,0,0,0,1,5,3,0,Envestida (frontal lateral),2,2,2,5,-1,2,1,22.4,2,2,1,29,4
5348,2014,0,2014-01-15,C-32,SITGES,Garraf,3,1,0,0,1,0,0,0,0,1,0,0,0,30.0,0.0,0,1,Altres,-1.0,3,3,0,0,0,0,0,0,0,0,0,0,0,0,4,-1,1,Xoc contra objecte/obstacle sense sortida prèvia de via,-1,1,2,2,2,2,1,14.13,1,4,2,15,1
5349,2014,1,2014-01-13,SE,TERRASSA,Valles Occidental,3,0,1,0,1,0,0,0,1,0,0,0,0,100.0,0.0,0,3,No n'hi ha,-1.0,1,3,1,0,0,0,1,0,0,0,0,0,0,0,2,-1,1,Caiguda en la via,-1,2,2,5,0,2,1,8.43,0,0,0,13,1
5350,2014,0,2014-09-28,N-240,"BORGES BLANQUES, LES",Garrigues,2,1,0,4,2,0,0,0,0,2,0,0,0,70.0,0.0,0,2,No n'hi ha,-1.0,3,3,0,0,0,0,0,0,0,0,0,0,0,0,2,-1,1,Envestida (frontal lateral),-1,1,2,4,1,2,0,9.13,0,2,6,28,9
5351,2014,0,2014-08-02,C-31E,MATARO,Maresme,3,0,1,1,2,0,0,0,0,2,0,0,0,90.0,0.0,0,2,No n'hi ha,-1.0,3,3,1,0,0,0,0,0,0,0,0,0,0,0,4,-1,1,Col·lisió frontal,-1,1,2,4,2,2,0,7.33,0,2,5,2,8
5352,2014,0,2014-10-04,C-55,CLARIANA DE CARDENER,Solsones,2,1,0,0,1,0,0,0,0,1,0,0,0,60.0,0.0,0,1,No n'hi ha,-1.0,1,3,0,0,0,0,1,0,0,0,0,0,0,2,0,4,1,Resta sortides de via,1,1,2,4,2,2,0,23.16,2,1,5,4,10
5353,2014,0,2014-01-26,GI-682,LLORET DE MAR,Selva,1,0,1,0,2,0,0,0,1,1,0,0,0,40.0,0.0,0,1,No n'hi ha,-1.0,3,3,1,0,0,0,0,0,0,0,0,0,0,0,4,-1,1,Fregament o col·lisió lateral,-1,1,2,4,3,2,0,12.49,0,2,6,26,1
5354,2014,1,2014-02-28,SE,"VENDRELL, EL",Baix Penedes,0,0,1,0,2,1,0,0,0,1,0,0,0,40.0,0.0,0,2,No n'hi ha,-1.0,3,3,1,-1,0,0,0,-1,0,0,0,0,1,0,4,-1,0,Atropellament,-1,2,2,5,-1,2,0,15.29,1,3,4,28,2
5355,2014,0,2014-01-11,C-14,MONTBLANC,Conca de Barbera,0,0,2,1,2,0,0,0,0,2,0,0,0,100.0,0.0,0,2,No n'hi ha,-1.0,1,3,1,0,0,0,0,0,0,0,0,0,0,0,3,-1,1,Col·lisió frontal,-1,1,2,4,2,2,0,20.5,1,2,5,11,1
5356,2014,1,2014-03-08,SE,CORNELLA DE LLOBREGAT,Baix Llobregat,3,0,1,0,2,0,0,0,1,1,0,0,0,20.0,0.0,0,-1,No n'hi ha,-1.0,3,3,1,-1,-1,0,0,-1,0,0,0,0,-1,0,4,-1,-1,Envestida (frontal lateral),-1,2,2,5,-1,2,0,14.0,1,2,5,8,3
5357,2014,1,2014-12-16,SE,SABADELL,Valles Occidental,3,0,1,0,2,0,0,1,0,1,0,0,0,30.0,0.0,0,2,No n'hi ha,-1.0,3,3,1,0,0,0,0,0,0,0,0,0,0,0,2,-1,1,Encalç,-1,2,2,5,-1,2,1,13.0,0,2,1,16,12
5358,2014,0,2014-01-28,C-58,BADIA DEL VALLES,Valles Occidental,3,0,1,0,2,0,0,0,1,1,0,0,0,100.0,0.0,0,2,No n'hi ha,-1.0,3,3,1,0,0,0,0,0,0,0,0,0,0,0,4,-1,1,Fregament o col·lisió lateral,-1,1,2,1,2,2,1,15.3,1,2,1,28,1
5359,2014,1,2014-11-07,SE,VIC,Osona,3,0,1,0,2,1,0,0,0,1,0,0,0,100.0,0.0,0,2,No n'hi ha,-1.0,3,3,1,0,0,0,0,0,0,0,0,0,0,0,1,-1,1,Atropellament,-1,2,4,5,-1,2,0,17.5,1,3,4,7,11
5360,2014,0,2014-10-31,C-31,TORROELLA DE FLUVIA,Alt Emporda,1,0,1,7,6,0,0,0,0,6,0,0,0,100.0,0.0,0,2,No n'hi ha,-1.0,3,3,1,0,0,0,0,0,1,0,0,0,0,0,3,-1,1,Altres,-1,1,2,4,2,2,0,20.51,1,5,4,31,10
5361,2014,0,2014-08-15,BV-1341,SANT QUIRZE SAFAJA,Moianès,3,0,1,1,1,0,0,0,0,1,0,0,0,100.0,0.0,0,1,No n'hi ha,-1.0,3,3,1,0,0,0,0,0,0,0,0,0,0,0,3,-1,1,Resta sortides de via,-1,1,2,4,3,2,1,6.28,0,1,4,15,8
5362,2014,0,2014-04-05,C-251,CARDEDEU,Valles Oriental,3,0,2,3,2,0,0,0,0,2,0,0,0,100.0,0.0,0,0,No n'hi ha,-1.0,3,3,1,0,0,0,0,0,0,0,0,0,0,0,4,-1,1,Col·lisió frontal,-1,1,2,4,2,2,0,12.37,0,2,5,5,4
5363,2014,1,2014-09-22,SE,BARCELONA,Barcelones,3,0,1,0,2,0,0,0,1,1,0,0,0,100.0,0.0,0,-1,No n'hi ha,-1.0,1,3,1,0,0,0,0,0,0,0,0,0,0,1,4,3,1,Envestida (frontal lateral),2,2,0,5,-1,2,1,13.4,0,2,0,22,9
5364,2014,1,2014-09-16,SE,TERRASSA,Valles Occidental,3,0,1,0,3,0,0,1,0,2,0,0,0,100.0,0.0,0,2,No n'hi ha,-1.0,3,3,1,0,0,0,0,0,0,0,0,0,0,0,5,-1,0,Envestida (frontal lateral),-1,2,2,5,-1,2,1,0.15,2,2,1,16,9
5365,2014,1,2014-10-07,SE,ROSES,Alt Emporda,1,0,1,0,2,1,0,0,0,1,0,0,0,20.0,0.0,0,2,No n'hi ha,-1.0,3,3,1,-1,0,0,0,-1,0,0,0,0,0,0,4,-1,0,Atropellament,-1,2,2,5,-1,2,1,10.06,0,3,1,7,10
5366,2014,1,2014-03-26,SE,GRANOLLERS,Valles Oriental,3,0,1,0,2,1,0,0,0,1,0,0,0,100.0,0.0,0,2,No n'hi ha,-1.0,3,3,1,0,0,0,0,0,0,0,0,0,0,0,4,-1,1,Atropellament,-1,2,2,5,-1,2,1,12.0,0,3,2,26,3
5367,2014,1,2014-09-25,SE,BIGUES I RIELLS,Valles Oriental,3,1,0,0,2,1,0,0,0,0,1,0,0,100.0,0.0,0,2,No n'hi ha,-1.0,3,3,0,0,0,0,0,0,0,0,0,0,0,0,4,-1,1,Atropellament,-1,2,2,5,-1,2,1,8.08,0,3,3,25,9
5368,2014,1,2014-07-13,SE,ALAS I CERC,Alt Urgell,2,0,1,0,2,0,2,0,0,0,0,0,0,20.0,0.0,0,-1,Sense Especificar,-1.0,3,3,1,0,0,0,0,0,0,0,0,0,0,0,4,-1,-1,Altres,-1,2,2,5,-1,2,0,13.03,0,5,6,13,7
5369,2014,0,2014-06-15,N-260,LLES DE CERDANYA,Cerdanya,2,0,1,0,1,0,1,0,0,0,0,0,0,100.0,0.0,0,1,No n'hi ha,-1.0,3,3,1,0,0,0,0,0,0,0,0,0,0,0,4,-1,1,Caiguda en la via,-1,1,2,4,1,2,0,9.34,0,0,6,15,6
5370,2014,1,2014-06-14,SE,BARCELONA,Barcelones,3,0,1,0,2,0,0,0,1,1,0,0,0,100.0,0.0,0,-1,No n'hi ha,-1.0,3,3,1,0,0,0,0,0,0,0,0,0,0,1,4,3,0,Envestida (frontal lateral),2,2,2,5,-1,2,0,19.45,1,2,5,14,6
5371,2014,1,2014-01-06,SE,ALMACELLES,Segria,2,0,1,1,3,0,2,0,0,1,0,0,0,40.0,0.0,0,2,No n'hi ha,-1.0,3,3,1,0,0,0,0,0,0,0,0,0,0,2,4,-1,1,Encalç,0,2,2,5,-1,2,1,9.4,0,2,0,6,1
5372,2014,0,2014-06-26,C-59,CALDES DE MONTBUI,Valles Oriental,3,1,0,1,3,0,1,0,0,2,0,0,0,100.0,0.0,0,1,No n'hi ha,-1.0,3,3,0,0,0,0,0,0,0,0,0,0,0,0,2,-1,1,Col·lisió frontal,-1,1,2,4,2,2,1,19.02,1,2,3,26,6
5373,2014,1,2014-10-01,SE,LLEIDA,Segria,2,0,1,0,3,0,0,0,1,2,0,0,0,100.0,0.0,0,2,No n'hi ha,-1.0,3,3,1,0,0,0,0,0,0,0,0,0,0,0,4,-1,1,Envestida (frontal lateral),-1,2,2,5,-1,2,1,14.45,1,2,2,1,10
5374,2014,1,2014-05-22,SE,SABADELL,Valles Occidental,3,0,1,0,3,0,0,0,1,2,0,0,0,20.0,0.0,0,2,No n'hi ha,-1.0,3,3,1,0,0,0,0,0,0,0,0,0,0,0,4,-1,0,Xoc contra objecte/obstacle sense sortida prèvia de via,-1,2,2,5,-1,2,1,8.46,0,4,3,22,5
5375,2014,1,2014-01-10,SE,BARCELONA,Barcelones,3,0,1,0,2,0,0,0,1,1,0,0,0,100.0,0.0,0,-1,No n'hi ha,-1.0,3,3,1,0,0,0,0,0,0,0,0,0,0,1,5,3,0,Envestida (frontal lateral),1,2,2,5,-1,2,1,6.3,0,2,4,10,1
5376,2014,1,2014-01-26,SE,BARCELONA,Barcelones,3,0,2,1,2,0,0,0,1,1,0,0,0,100.0,0.0,0,-1,No n'hi ha,-1.0,3,3,1,0,0,0,0,0,0,0,0,0,0,1,5,3,1,Envestida (frontal lateral),1,2,2,5,-1,2,0,20.15,1,2,6,26,1
5377,2014,1,2014-05-14,SE,"POBLA DE MONTORNES, LA",Tarragones,0,0,1,0,3,0,0,0,0,3,0,0,0,30.0,0.0,0,3,No n'hi ha,-1.0,3,3,1,0,0,0,0,0,0,0,0,0,0,0,4,-1,1,Xoc contra objecte/obstacle sense sortida prèvia de via,-1,2,2,5,0,2,1,17.17,1,4,2,14,5
5378,2014,0,2014-03-04,N-II,CAPMANY,Alt Emporda,1,1,0,0,2,1,0,0,0,0,1,0,0,100.0,0.0,0,2,No n'hi ha,-1.0,3,3,0,0,0,0,0,0,0,0,0,0,0,0,3,-1,1,Atropellament,-1,1,2,4,1,0,1,2.42,2,3,1,4,3
5379,2014,1,2014-03-06,SE,CORNELLA DE LLOBREGAT,Baix Llobregat,3,0,1,1,2,0,0,0,1,0,1,0,0,20.0,0.0,0,-1,No n'hi ha,-1.0,3,3,1,-1,-1,0,0,-1,0,0,0,0,-1,1,5,3,-1,Caiguda en la via,1,2,2,5,-1,2,1,23.0,2,0,3,6,3
5380,2014,1,2014-05-30,SE,LLORET DE MAR,Selva,1,0,1,0,2,0,0,0,1,1,0,0,0,100.0,0.0,0,-1,No n'hi ha,-1.0,3,3,1,0,0,0,0,0,0,0,0,0,0,0,4,-1,-1,Altres,-1,2,2,5,-1,2,1,14.1,1,5,4,30,5
5381,2014,0,2014-03-24,TV-2041,RODA DE BARA,Tarragones,0,0,1,0,1,0,0,0,0,1,0,0,0,100.0,0.0,0,2,No n'hi ha,-1.0,3,3,1,0,0,0,0,0,0,0,0,0,0,0,4,-1,1,Resta sortides de via,-1,1,2,4,3,2,1,10.16,0,1,0,24,3
5382,2014,0,2014-04-06,C-15,TORRELAVIT,Alt Penedes,3,1,0,2,5,0,0,0,0,5,0,0,0,100.0,0.0,0,2,No n'hi ha,-1.0,3,3,0,0,0,0,0,0,0,0,0,0,0,0,4,-1,1,Col·lisió frontal,-1,1,2,4,2,2,0,18.15,1,2,6,6,4
5383,2014,1,2014-02-27,SE,BARCELONA,Barcelones,3,0,1,0,2,0,0,0,1,1,0,0,0,100.0,0.0,0,-1,No n'hi ha,-1.0,3,3,1,0,0,0,0,0,0,0,0,0,0,1,5,3,0,Encalç,2,2,2,5,-1,2,1,20.15,1,2,3,27,2
5384,2014,0,2014-10-22,BV-4317,MUNTANYOLA,Osona,3,0,1,0,2,0,0,0,1,1,0,0,0,70.0,0.0,0,3,No n'hi ha,-1.0,3,3,1,0,0,0,0,0,0,0,0,0,0,0,4,-1,1,Envestida (frontal lateral),-1,1,2,4,3,2,1,15.2,1,2,2,22,10
5385,2014,0,2014-05-24,C-26,NAVES,Solsones,2,0,1,0,2,0,0,0,1,1,0,0,0,100.0,0.0,0,1,No n'hi ha,-1.0,3,3,1,0,0,0,0,0,0,0,0,0,0,0,4,-1,1,Col·lisió frontal,-1,1,2,4,2,2,0,13.46,0,2,5,24,5
5386,2014,1,2014-07-08,SE,TORTOSA,Baix Ebre,0,0,1,0,2,1,0,0,0,1,0,0,0,100.0,0.0,0,2,No n'hi ha,-1.0,3,3,1,0,0,0,0,0,0,0,0,0,0,0,4,-1,0,Atropellament,-1,2,2,5,-1,2,1,8.0,0,3,1,8,7
5387,2014,1,2014-11-11,SE,SABADELL,Valles Occidental,3,0,1,0,2,1,0,0,0,1,0,0,0,100.0,0.0,0,-1,No n'hi ha,-1.0,3,3,1,0,0,0,1,0,0,0,0,0,0,0,4,-1,-1,Atropellament,-1,2,2,5,-1,2,1,18.21,1,3,1,11,11
5388,2014,1,2014-10-21,SE,BARCELONA,Barcelones,3,0,1,1,2,0,0,0,1,1,0,0,0,100.0,0.0,0,-1,No n'hi ha,-1.0,3,3,1,0,0,0,0,0,0,0,0,0,0,1,5,2,1,Envestida (frontal lateral),2,2,2,5,-1,2,1,20.3,1,2,1,21,10
5389,2014,1,2014-12-03,SE,BADALONA,Barcelones,3,1,0,1,2,0,0,0,1,1,0,0,0,20.0,1.0,0,2,No n'hi ha,-1.0,3,3,0,-1,0,0,0,-1,0,0,0,0,-1,1,0,3,1,Fregament o col·lisió lateral,2,2,2,5,0,2,1,1.2,2,2,2,3,12
5390,2014,1,2014-06-26,SE,BARCELONA,Barcelones,3,0,1,0,3,0,0,0,2,1,0,0,0,100.0,0.0,0,-1,No n'hi ha,-1.0,3,3,1,0,0,0,0,0,0,0,0,0,0,1,4,3,1,Envestida (frontal lateral),2,2,2,5,-1,2,1,9.2,0,2,3,26,6
5391,2014,0,2014-07-10,B-224,SANT ESTEVE SESROVIRES,Baix Llobregat,3,1,0,0,2,0,0,0,1,1,0,0,0,100.0,0.0,0,3,No n'hi ha,-1.0,3,3,0,0,0,0,0,0,0,0,0,0,0,0,4,-1,1,Col·lisió frontal,-1,1,2,4,2,2,1,19.47,1,2,3,10,7
5392,2014,1,2014-08-10,SE,TARRAGONA,Tarragones,0,0,1,1,2,1,0,1,0,0,0,0,0,20.0,0.0,0,2,No n'hi ha,-1.0,3,3,1,-1,0,0,0,-1,0,0,0,0,-1,0,5,-1,-1,Atropellament,-1,2,2,5,-1,2,0,22.09,2,3,6,10,8
5393,2014,1,2014-06-20,SE,BARCELONA,Barcelones,3,0,1,0,2,0,0,0,1,1,0,0,0,30.0,0.0,0,-1,No n'hi ha,-1.0,3,3,1,0,0,0,0,0,0,0,0,0,1,0,4,-1,1,Envestida (frontal lateral),-1,2,2,5,-1,2,0,15.0,1,2,4,20,6
5394,2014,0,2014-01-17,C-59,CALDES DE MONTBUI,Valles Oriental,3,0,1,0,2,0,0,0,1,1,0,0,0,100.0,0.0,0,2,Carril acceleració,-1.0,3,3,1,0,0,0,0,0,0,0,0,0,0,2,3,4,1,Fregament o col·lisió lateral,1,1,2,4,2,2,0,19.2,1,2,4,17,1
5395,2014,1,2014-07-16,SE,BADALONA,Barcelones,3,0,1,1,2,0,0,0,1,1,0,0,0,20.0,0.0,0,-1,No n'hi ha,-1.0,3,3,1,0,-1,0,0,0,0,0,0,0,0,1,4,4,-1,Envestida (frontal lateral),2,2,2,5,-1,2,1,7.5,0,2,2,16,7
5396,2014,0,2014-08-27,C-1415B,LLICA D'AMUNT,Valles Oriental,3,0,2,0,1,0,0,0,0,1,0,0,0,100.0,0.0,0,1,No n'hi ha,-1.0,3,3,1,0,0,0,0,0,0,0,0,0,0,0,3,-1,1,Resta sortides de via,-1,1,2,4,2,2,1,22.25,2,1,2,27,8
5397,2014,1,2014-10-10,SE,MATARO,Maresme,3,0,1,0,1,0,0,0,1,0,0,0,0,20.0,0.0,0,-1,No n'hi ha,-1.0,3,3,1,0,0,0,0,0,0,0,0,0,0,0,5,-1,-1,Sortida de via amb xoc o col·lisió,-1,2,2,5,-1,2,0,22.56,2,1,4,10,10
5398,2014,0,2014-02-09,C-37,SANT SALVADOR DE GUARDIA,Bages,3,1,3,0,2,0,0,0,0,2,0,0,0,100.0,0.0,0,0,No n'hi ha,-1.0,1,3,0,0,0,0,1,0,0,0,0,0,0,0,2,-1,1,Sortida de via amb xoc o col·lisió,-1,1,2,4,2,2,0,18.13,1,1,6,9,2
5399,2014,1,2014-03-04,SE,MANRESA,Bages,3,0,1,0,2,1,0,0,0,1,0,0,0,100.0,0.0,0,2,No n'hi ha,-1.0,3,3,1,0,0,0,0,0,1,0,0,0,0,1,5,2,0,Atropellament,1,2,2,5,-1,2,1,20.55,1,3,1,4,3
5400,2014,1,2014-04-03,SE,GIRONA,Girones,1,0,1,0,2,1,0,0,0,1,0,0,0,20.0,0.0,0,-1,No n'hi ha,-1.0,1,3,1,0,0,0,0,0,0,0,0,0,0,1,2,2,-1,Atropellament,1,2,0,5,-1,2,1,9.23,0,3,3,3,4
5401,2014,1,2014-03-05,SE,SANT CUGAT DEL VALLES,Valles Occidental,3,0,2,0,2,0,0,0,1,1,0,0,0,20.0,0.0,0,-1,No n'hi ha,-1.0,3,3,1,-1,-1,0,0,-1,0,0,0,0,0,1,4,4,-1,Col·lisió frontal,0,2,2,5,-1,2,1,11.5,0,2,2,5,3
5402,2014,1,2014-03-17,SE,HOSPITALET DE LLOBREGAT,Barcelones,3,0,1,0,3,0,0,0,1,1,1,0,0,20.0,0.0,0,-1,No n'hi ha,-1.0,3,3,1,-1,0,0,0,-1,0,0,0,0,0,0,1,-1,1,Envestida (frontal lateral),-1,2,2,5,-1,2,1,21.37,1,2,0,17,3
5403,2014,0,2014-05-07,B-682,PALAFOLLS,Maresme,3,0,1,1,2,0,0,0,1,1,0,0,0,50.0,0.0,0,2,No n'hi ha,-1.0,3,3,1,0,0,0,0,0,0,0,0,0,0,1,4,4,1,Envestida (frontal lateral),0,1,2,4,2,2,1,14.39,1,2,2,7,5
5404,2014,1,2014-11-17,SE,VILANOVA I LA GELTRU,Garraf,3,0,1,0,2,0,0,0,1,1,0,0,0,100.0,0.0,0,-1,No n'hi ha,-1.0,3,3,1,0,0,0,0,0,0,0,0,0,0,0,4,-1,-1,Envestida (frontal lateral),-1,2,2,5,-1,2,1,19.0,1,2,0,17,11
5405,2014,1,2014-10-29,SE,CUBELLES,Garraf,3,0,1,0,2,0,0,0,1,1,0,0,0,20.0,0.0,0,-1,No n'hi ha,-1.0,3,3,1,0,-1,0,0,0,0,0,0,0,0,1,4,4,-1,Envestida (frontal lateral),2,2,2,5,-1,2,1,13.45,0,2,2,29,10
5406,2014,1,2014-07-04,SE,SANTA COLOMA DE GRAMANET,Barcelones,3,0,1,0,2,0,0,0,1,1,0,0,0,20.0,,0,-1,No n'hi ha,-1.0,3,3,1,0,-1,0,0,0,0,0,0,0,0,1,4,4,-1,Envestida (frontal lateral),2,2,2,5,-1,2,1,14.1,1,2,4,4,7
5407,2014,1,2014-12-03,SE,GRANOLLERS,Valles Oriental,3,0,1,0,2,1,0,0,0,1,0,0,0,100.0,0.0,0,2,No n'hi ha,-1.0,1,3,1,0,0,0,1,0,0,0,0,0,0,2,5,4,1,Atropellament,0,2,2,5,-1,2,1,20.4,1,3,2,3,12
5408,2014,0,2014-08-03,GI-614,ROSES,Alt Emporda,1,0,1,0,1,0,0,0,1,0,0,0,0,100.0,0.0,0,1,No n'hi ha,-1.0,3,3,1,0,0,0,0,0,0,0,0,0,0,0,3,-1,1,Xoc contra objecte/obstacle sense sortida prèvia de via,-1,1,2,4,3,2,0,5.29,2,4,6,3,8
5409,2014,1,2014-07-11,SE,BARCELONA,Barcelones,3,0,1,0,2,0,0,0,1,1,0,0,0,100.0,0.0,0,-1,No n'hi ha,-1.0,3,3,1,0,0,0,0,0,0,0,0,0,0,0,4,-1,0,Encalç,-1,2,2,5,-1,2,0,17.3,1,2,4,11,7
5410,2014,0,2014-06-17,SE,MOLINS DE REI,Baix Llobregat,3,0,1,0,1,0,0,0,0,1,0,0,0,30.0,0.0,0,2,No n'hi ha,-1.0,3,3,1,-1,0,0,0,-1,0,0,0,0,-1,0,4,-1,0,Xoc contra objecte/obstacle sense sortida prèvia de via,-1,1,2,0,4,2,1,18.2,1,4,1,17,6
5411,2014,1,2014-07-12,SE,BLANES,Selva,1,0,1,2,2,0,0,0,0,2,0,0,0,40.0,0.0,0,2,No n'hi ha,-1.0,3,3,1,-1,0,0,0,-1,0,0,0,0,-1,1,5,4,1,Envestida (frontal lateral),1,2,2,5,-1,2,0,4.15,2,2,5,12,7
5412,2014,1,2014-02-25,SE,SANT ANFREU DE LA BARCA,Baix Llobregat,3,0,1,0,2,1,0,0,0,1,0,0,0,30.0,0.0,0,2,No n'hi ha,-1.0,3,3,1,-1,0,0,0,-1,0,0,0,0,-1,0,5,-1,0,Atropellament,-1,2,2,5,-1,2,1,19.22,1,3,1,25,2
5413,2014,1,2014-01-05,SE,BARCELONA,Barcelones,3,0,1,0,2,0,0,0,2,0,0,0,0,100.0,0.0,0,-1,No n'hi ha,-1.0,3,3,1,0,0,0,0,0,0,0,0,0,0,0,4,-1,1,Encalç,-1,2,2,5,-1,2,0,12.2,0,2,6,5,1
5414,2015,0,2015-04-04,N-340,"ARBO?, L'",Baix Penedes,0,0,1,0,2,1,0,0,0,1,0,0,0,40.0,0.0,0,1,No n'hi ha,-1.0,3,3,1,0,0,0,0,0,0,0,0,0,0,1,4,4,1,Atropellament,0,1,2,4,1,2,0,19.58,1,3,5,4,4
5415,2015,1,2015-03-26,SE,FRANQUESES DEL VALLE,Valles Oriental,3,0,1,0,2,0,1,0,0,1,0,0,0,50.0,0.0,0,1,No n'hi ha,-1.0,3,3,1,-1,0,0,0,-1,1,0,0,0,0,0,4,-1,1,Fregament o col·lisió lateral,-1,2,2,5,-1,2,1,7.52,0,2,3,26,3
5416,2015,0,2015-01-05,GI-681,TOSSA DE MAR,Selva,1,0,1,0,1,0,0,0,1,0,0,0,0,100.0,0.0,0,1,No n'hi ha,-1.0,3,3,1,0,0,0,0,0,0,0,0,0,0,0,4,-1,1,Resta sortides de via,-1,1,2,4,3,2,1,13.32,0,1,0,5,1
5417,2015,1,2015-04-20,SE,LLEIDA,Segria,2,0,1,0,2,1,0,0,0,1,0,0,0,100.0,0.0,0,-1,No n'hi ha,-1.0,3,3,1,0,0,0,0,0,0,0,0,0,0,0,4,-1,-1,Atropellament,-1,2,2,5,-1,2,1,13.0,0,3,0,20,4
5418,2015,1,2015-09-22,SE,GIRONA,Girones,1,0,1,0,3,2,1,0,0,0,0,0,0,100.0,0.0,0,2,No n'hi ha,-1.0,3,3,1,0,0,0,0,0,0,0,0,0,0,0,4,-1,1,Atropellament,-1,2,2,5,-1,2,1,18.45,1,3,1,22,9
5419,2015,1,2015-06-23,SE,"MASNOU, EL",Maresme,3,0,1,0,2,0,0,0,1,1,0,0,0,20.0,0.0,0,-1,No n'hi ha,-1.0,3,3,1,0,-1,0,0,0,0,0,0,0,0,0,4,-1,-1,Caiguda en la via,-1,2,2,5,-1,2,1,10.42,0,0,1,23,6
5420,2015,0,2015-07-06,C-66,BORDILS,Girones,1,0,1,0,2,0,0,0,0,2,0,0,0,50.0,0.0,0,2,No n'hi ha,-1.0,3,3,1,0,0,0,0,0,0,0,0,0,0,0,4,-1,1,Encalç,-1,1,2,4,2,2,1,19.3,1,2,0,6,7