,Year,Area,Date,Road,Municipality Name,County Name,Province Name,Fatalties,Serious Injuries,Light Injuries,Units Involved,Pedestrains Involved,Bicycles Involved,Mopeds Involved,Motorcycles,Light Vehicles Involved,Heavy Vehicles Involved,Other Units Involved,Unspecified Units Involved,Road Speed Limit,Accident with Hit and Run,Fog Presence,Surrounding Environment,Special Lane Presence,Special Traffic Measures,Weather Conditions,Special Road Functions,Severity of Accident,Influence of Fog,Influence of Environment,Influence of Traffic,Influence of Weather,Influence of Wind Intensity,Influence of Lighting,Influence of Special Measures,Influence of Road Objects,Influence of Road Surface,Influence of Visibility,Intersection Characteristics,Lighting Conditions,Traffic Regulation and Priority,Direction of Road,Subtype of Accident,Subtype of Road Section,Subzone within Area,Road Surface Conditions,Type of Road,Road Ownership,Wind Conditions,Day of the Week Grouping,Hour of Day,Time of Day Grouping,Type of Accident,Day Type,Day,Month
5421,2015,0,2015-06-25,C-462,NAVES,Solsones,2,0,1,0,1,0,0,0,0,1,0,0,0,100.0,0.0,0,1,No n'hi ha,-1.0,3,3,1,0,0,0,0,0,0,0,0,0,0,0,4,-1,1,Resta sortides de via,-1,1,2,4,2,2,1,18.13,1,1,3,25,6
5422,2015,1,2015-08-07,SE,SALOU,Tarragones,0,0,1,1,2,0,0,1,1,0,0,0,0,100.0,0.0,0,2,No n'hi ha,-1.0,3,3,1,0,0,0,0,0,0,0,0,0,0,1,1,4,1,Envestida (frontal lateral),2,2,2,5,-1,2,0,18.52,1,2,4,7,8
5423,2015,1,2015-07-22,SE,BADALONA,Barcelones,3,0,1,0,2,1,0,0,0,1,0,0,0,20.0,0.0,0,2,No n'hi ha,-1.0,3,3,1,-1,0,0,0,-1,0,0,0,0,-1,1,4,3,1,Atropellament,2,2,2,5,-1,2,1,8.27,0,3,2,22,7
5424,2015,1,2015-09-15,SE,CALDES DE MONTBUI,Valles Oriental,3,0,1,0,2,0,1,0,0,1,0,0,0,20.0,0.0,0,-1,No n'hi ha,-1.0,3,3,1,-1,0,0,0,-1,0,0,0,0,0,1,4,2,1,Encalç,2,2,2,5,-1,2,1,16.55,1,2,1,15,9
5425,2015,1,2015-03-22,SE,SANT BOI DE LLOBREGAT,Baix Llobregat,3,0,1,0,2,0,0,0,1,1,0,0,0,100.0,0.0,0,2,No n'hi ha,-1.0,3,3,1,0,0,0,0,0,0,0,0,0,0,2,4,2,0,Envestida (frontal lateral),1,2,2,5,-1,2,0,13.0,0,2,6,22,3
5426,2015,1,2015-04-13,SE,RUBI,Valles Occidental,3,0,1,0,2,1,0,0,0,0,0,1,0,100.0,0.0,0,2,No n'hi ha,-1.0,3,3,1,0,0,0,0,0,1,0,0,0,0,0,4,-1,0,Atropellament,-1,2,2,5,-1,2,1,9.0,0,3,0,13,4
5427,2015,0,2015-03-11,B-20,BARCELONA,Barcelones,3,0,1,0,2,0,0,0,1,1,0,0,0,80.0,0.0,0,-1,Carril d'alentiment,-1.0,3,3,1,0,0,0,0,0,0,0,0,0,0,0,5,-1,1,Encalç,-1,1,2,1,-1,2,1,17.25,1,2,2,11,3
5428,2015,1,2015-01-21,SE,TORTOSA,Baix Ebre,0,0,1,0,2,1,0,0,0,1,0,0,0,100.0,0.0,0,2,No n'hi ha,-1.0,3,3,1,0,0,0,0,0,0,0,0,0,0,0,4,-1,0,Atropellament,-1,2,2,5,-1,2,1,17.25,1,3,2,21,1
5429,2015,1,2015-03-04,SE,SABADELL,Valles Occidental,3,0,1,0,2,1,0,0,0,1,0,0,0,100.0,0.0,0,2,No n'hi ha,-1.0,3,3,1,0,0,0,0,0,0,0,0,0,0,2,5,-1,1,Atropellament,2,2,2,5,-1,2,1,19.1,1,3,2,4,3
5430,2015,0,2015-03-03,C-12,TORTOSA,Baix Ebre,0,0,1,0,2,0,0,0,1,1,0,0,0,100.0,0.0,0,2,Habilitació voral/carril addicional,-1.0,3,3,1,0,0,0,0,0,1,0,0,0,0,1,3,4,1,Envestida (frontal lateral),1,1,2,4,2,2,1,20.2,1,2,1,3,3
5431,2015,0,2015-03-14,L-702,CASTELLDANS,Garrigues,2,0,1,0,1,0,0,0,0,1,0,0,0,100.0,0.0,0,2,No n'hi ha,-1.0,3,3,1,0,0,0,0,0,0,0,0,0,0,0,3,-1,1,Resta sortides de via,-1,1,2,4,2,2,0,20.46,1,1,5,14,3
5432,2015,1,2015-03-22,SE,CALAFELL,Baix Penedes,0,0,1,1,2,0,0,0,0,2,0,0,0,100.0,0.0,0,-1,No n'hi ha,-1.0,3,3,1,0,0,0,0,0,0,0,0,0,0,1,4,4,-1,Envestida (frontal lateral),2,2,2,5,-1,2,0,16.0,1,2,6,22,3
5433,2015,1,2015-05-13,SE,LLEIDA,Segria,2,0,1,0,2,1,0,0,1,0,0,0,0,20.0,,0,-1,No n'hi ha,-1.0,3,3,1,0,0,0,0,0,0,0,0,0,0,0,4,-1,-1,Atropellament,-1,2,2,5,-1,2,1,9.3,0,3,2,13,5
5434,2015,0,2015-05-31,C-38,SANT PAU DE SEGURIES,Ripolles,1,0,1,1,1,0,0,0,0,1,0,0,0,40.0,0.0,0,2,No n'hi ha,-1.0,1,3,1,0,0,0,0,0,0,0,0,0,0,0,2,-1,1,Resta sortides de via,-1,1,2,4,2,2,0,16.35,1,1,6,31,5
5435,2015,0,2015-04-14,BV-2411,OLESA DE BONESVALLS,Alt Penedes,3,0,1,0,3,0,0,0,0,3,0,0,0,100.0,0.0,0,2,No n'hi ha,-1.0,3,3,1,0,0,0,0,0,0,0,0,0,0,0,4,-1,1,Col·lisió frontal,-1,1,2,4,3,2,1,17.45,1,2,1,14,4
5436,2015,1,2015-02-03,SE,SANT JOAN DESPI,Baix Llobregat,3,0,1,0,2,0,1,0,0,1,0,0,0,100.0,0.0,0,-1,No n'hi ha,-1.0,3,3,1,0,0,0,0,0,0,0,0,0,0,1,4,5,-1,Envestida (frontal lateral),1,2,2,5,-1,2,1,8.1,0,2,1,3,2
5437,2015,0,2015-01-23,C-1414,ESPARREGUERA,Baix Llobregat,3,0,1,0,1,0,0,0,1,0,0,0,0,100.0,0.0,0,2,No n'hi ha,-1.0,3,3,1,0,0,0,0,0,0,0,0,0,0,0,4,-1,1,Caiguda en la via,-1,1,2,4,2,2,0,16.37,1,0,4,23,1
5438,2015,1,2015-10-24,SE,SANT BOI DE LLOBREGAT,Baix Llobregat,3,0,1,0,2,1,0,0,0,1,0,0,0,100.0,0.0,0,-1,No n'hi ha,-1.0,3,3,1,0,0,0,0,0,0,0,0,0,0,0,4,-1,-1,Atropellament,-1,2,2,5,-1,2,0,10.3,0,3,5,24,10
5439,2015,0,2015-08-22,BP-2121,SANT MARTI SARROCA,Alt Penedes,3,0,1,0,2,0,0,0,1,1,0,0,0,100.0,0.0,0,2,No n'hi ha,-1.0,3,3,1,0,0,0,0,0,0,0,0,0,0,2,4,2,1,Caiguda en la via,1,1,2,4,3,2,0,13.53,0,0,5,22,8
5440,2015,0,2015-12-19,A-2,TARREGA,Urgell,2,0,1,0,1,0,0,0,0,1,0,0,0,90.0,0.0,0,1,No n'hi ha,-1.0,3,3,1,0,0,0,0,0,0,0,0,0,0,2,0,5,0,Resta sortides de via,3,1,2,1,1,2,0,20.24,1,1,5,19,12
5441,2015,0,2015-12-17,C-59,CALDES DE MONTBUI,Valles Oriental,3,0,1,0,2,0,0,0,1,1,0,0,0,40.0,0.0,0,1,No n'hi ha,-1.0,3,3,1,0,0,0,0,0,0,0,0,0,1,1,0,4,1,Caiguda en la via,0,1,2,4,2,2,1,20.06,1,0,3,17,12
5442,2015,0,2015-07-24,C-16,BAGA,Bergueda,3,0,1,1,1,0,0,0,1,0,0,0,0,90.0,0.0,0,-1,Sense Especificar,-1.0,3,3,1,0,0,0,0,0,0,0,0,0,0,0,4,-1,-1,Resta sortides de via,-1,1,2,4,4,2,0,18.08,1,1,4,24,7
5443,2015,1,2015-08-20,N-II,BASCARA,Alt Emporda,1,0,1,1,2,0,0,0,0,2,0,0,0,100.0,0.0,0,1,No n'hi ha,-1.0,3,3,1,0,0,0,0,0,0,0,0,0,0,0,3,-1,1,Col·lisió frontal,-1,0,2,4,1,2,1,5.19,2,2,3,20,8
5444,2015,1,2015-03-03,SE,VILAFRANCA DEL PENEDES,Alt Penedes,3,0,1,0,2,1,0,0,0,1,0,0,0,20.0,0.0,0,2,No n'hi ha,-1.0,3,3,1,-1,0,0,0,-1,0,0,0,0,0,1,4,2,1,Atropellament,1,2,2,5,-1,2,1,16.38,1,3,1,3,3
5445,2015,1,2015-07-30,B-500,BADALONA,Barcelones,3,0,1,0,1,0,0,0,0,0,1,0,0,90.0,0.0,0,2,No n'hi ha,-1.0,3,3,1,-1,0,0,0,-1,0,0,0,0,-1,0,1,-1,1,Caiguda en la via,-1,0,2,4,-1,2,1,6.2,0,0,3,30,7
5446,2015,1,2015-10-27,SE,BERGA,Bergueda,3,0,1,0,2,1,0,0,0,1,0,0,0,20.0,0.0,0,-1,No n'hi ha,-1.0,3,3,1,-1,0,0,0,-1,0,0,0,0,1,1,5,5,0,Atropellament,1,2,0,5,-1,2,1,18.15,1,3,1,27,10
5447,2015,0,2015-08-25,B-40,TERRASSA,Valles Occidental,3,0,1,0,1,0,0,0,0,1,0,0,0,40.0,0.0,0,2,No n'hi ha,-1.0,3,3,1,0,0,0,0,0,0,0,0,0,0,2,3,4,1,Resta sortides de via,0,1,2,1,2,2,1,22.32,2,1,1,25,8
5448,2015,0,2015-06-28,C-13,RIALP,Pallars Sobira,2,0,1,1,2,0,0,0,0,2,0,0,0,100.0,0.0,0,1,No n'hi ha,-1.0,3,3,1,0,0,0,0,0,0,0,0,0,0,0,4,-1,1,Envestida (frontal lateral),-1,1,2,4,2,2,0,20.1,1,2,6,28,6
5449,2015,1,2015-11-10,SE,BADALONA,Barcelones,3,0,2,0,2,1,0,0,1,0,0,0,0,20.0,0.0,0,2,No n'hi ha,-1.0,3,3,1,-1,0,0,0,-1,1,0,0,0,1,0,4,-1,1,Atropellament,-1,2,2,5,-1,2,1,14.55,1,3,1,10,11
5450,2015,0,2015-06-03,GI-682,BLANES,Selva,1,0,1,0,2,0,0,0,1,1,0,0,0,40.0,0.0,0,2,No n'hi ha,-1.0,3,3,1,-1,0,0,0,-1,0,0,0,0,-1,1,4,4,1,Caiguda en la via,0,1,2,4,3,2,1,18.3,1,0,2,3,6
5451,2015,1,2015-06-19,SE,LLORET DE MAR,Selva,1,0,1,0,2,0,0,0,2,0,0,0,0,100.0,0.0,0,2,No n'hi ha,-1.0,3,3,1,0,0,0,0,0,0,0,0,0,0,0,4,-1,1,Envestida (frontal lateral),-1,2,2,5,0,2,0,19.18,1,2,4,19,6
5452,2015,1,2015-05-15,SE,BARCELONA,Barcelones,3,0,1,0,2,1,0,0,0,1,0,0,0,100.0,0.0,0,-1,No n'hi ha,-1.0,3,3,1,0,0,0,0,0,0,0,0,0,0,0,4,-1,1,Atropellament,-1,2,2,5,-1,2,1,9.45,0,3,4,15,5
5453,2015,1,2015-05-24,SE,ROQUETES,Baix Ebre,0,0,2,4,2,0,0,0,0,2,0,0,0,100.0,0.0,0,2,No n'hi ha,-1.0,3,3,1,0,0,0,0,0,0,0,0,0,0,0,4,-1,1,Col·lisió frontal,-1,2,2,5,-1,2,0,15.24,1,2,6,24,5
5454,2015,0,2015-05-29,N-340,SANTA MARGARIDA I ELS MONJOS,Alt Penedes,3,2,0,4,4,0,0,0,1,3,0,0,0,100.0,0.0,0,0,No n'hi ha,-1.0,3,3,0,0,0,0,0,0,0,0,0,0,0,0,4,-1,1,Fregament o col·lisió lateral,-1,1,2,4,1,2,1,14.39,1,2,4,29,5
5455,2015,0,2015-04-16,N-141c,CALDERS,Moianès,3,0,1,1,4,0,0,0,0,3,1,0,0,100.0,0.0,0,1,No n'hi ha,-1.0,1,3,1,0,0,0,0,0,0,0,0,0,0,0,2,-1,1,Altres,-1,1,2,4,2,2,1,14.44,1,5,3,16,4
5456,2015,1,2015-09-26,SE,MATARO,Maresme,3,0,1,0,2,1,0,0,0,1,0,0,0,20.0,0.0,0,-1,No n'hi ha,-1.0,3,3,1,-1,0,0,0,-1,0,0,0,0,0,0,4,-1,1,Atropellament,-1,2,2,5,-1,0,0,16.55,1,3,5,26,9
5457,2015,1,2015-08-31,SE,BARCELONA,Barcelones,3,0,2,0,2,0,0,1,0,1,0,0,0,100.0,0.0,0,-1,No n'hi ha,-1.0,3,3,1,0,0,0,0,0,0,0,0,0,0,1,5,3,0,Fregament o col·lisió lateral,2,2,2,5,-1,2,1,1.1,2,2,0,31,8
5458,2015,0,2015-07-07,AL,CAMPINS,Valles Oriental,3,0,1,0,2,0,1,0,0,1,0,0,0,30.0,0.0,0,1,No n'hi ha,-1.0,3,3,1,0,0,0,0,0,0,0,0,0,0,0,4,-1,1,Col·lisió frontal,-1,1,2,0,0,2,1,8.52,0,2,1,7,7
5459,2015,0,2015-06-11,AP-2,JUNEDA,Garrigues,2,0,2,0,2,0,0,0,2,0,0,0,0,100.0,0.0,0,2,No n'hi ha,-1.0,2,3,1,0,0,0,1,0,0,0,0,0,0,0,2,-1,0,Fregament o col·lisió lateral,-1,1,2,2,1,2,1,21.01,1,2,3,11,6
5460,2015,1,2015-09-15,T-200,VALLS,Alt Camp,0,0,1,0,1,0,0,0,1,0,0,0,0,100.0,0.0,0,-1,No n'hi ha,-1.0,3,3,1,0,0,0,0,0,0,0,0,0,0,0,4,-1,-1,Altres,-1,0,2,4,-1,2,1,13.3,0,5,1,15,9
5461,2015,1,2015-04-22,SE,SANT ANDREU DE LLAVANERES,Maresme,3,0,1,0,2,0,0,1,0,1,0,0,0,20.0,0.0,0,-1,No n'hi ha,-1.0,3,3,1,0,-1,0,0,0,0,0,0,0,0,0,5,-1,-1,Envestida (frontal lateral),-1,2,2,5,-1,2,1,23.0,2,2,2,22,4
5462,2015,1,2015-10-24,SE,RIPOLLET,Valles Occidental,3,0,1,1,2,0,0,0,1,1,0,0,0,100.0,0.0,0,-1,No n'hi ha,-1.0,3,3,1,0,0,0,0,0,0,0,0,0,0,0,4,-1,-1,Altres,-1,2,2,5,-1,2,0,21.4,1,5,5,24,10
5463,2015,1,2015-04-17,SE,"LLAGOSTA, LA",Valles Oriental,3,0,1,1,2,1,0,0,1,0,0,0,0,20.0,0.0,0,-1,No n'hi ha,-1.0,3,3,1,0,-1,0,0,0,0,0,0,0,0,0,1,-1,-1,Atropellament,-1,2,2,5,-1,2,1,6.37,0,3,4,17,4
5464,2015,1,2015-04-03,SE,BARCELONA,Barcelones,3,0,1,0,2,0,0,1,0,1,0,0,0,100.0,0.0,0,-1,No n'hi ha,-1.0,3,3,1,0,0,0,0,0,0,0,0,0,0,1,4,3,1,Envestida (frontal lateral),2,2,2,5,-1,2,1,9.45,0,2,4,3,4
5465,2015,1,2015-05-02,SE,CENTELLES,Osona,3,1,0,0,2,0,1,0,0,1,0,0,0,50.0,0.0,0,2,No n'hi ha,-1.0,3,3,0,0,0,0,0,0,0,0,0,0,0,1,4,5,1,Envestida (frontal lateral),1,0,2,4,2,2,0,9.44,0,2,5,2,5
5466,2015,0,2015-01-12,-GIP 5121.00,ESPONELLA,Pla de l'Estany,1,0,1,0,1,0,0,0,0,1,0,0,0,100.0,0.0,0,1,No n'hi ha,-1.0,3,3,1,0,0,0,0,0,0,0,0,0,0,0,3,-1,1,Resta sortides de via,-1,1,2,4,3,2,1,6.5,0,1,0,12,1
5467,2015,1,2015-03-06,SE,"VENDRELL, EL",Baix Penedes,0,0,1,1,4,2,0,0,0,2,0,0,0,40.0,0.0,0,-1,No n'hi ha,-1.0,3,3,1,-1,0,0,0,-1,0,0,0,0,-1,0,4,-1,0,Atropellament,-1,2,2,5,-1,2,1,9.02,0,3,4,6,3
5468,2015,0,2015-07-11,N-150,SABADELL,Valles Occidental,3,0,1,0,2,1,0,0,0,1,0,0,0,90.0,0.0,0,-1,Sense Especificar,-1.0,3,3,1,0,0,0,0,0,0,0,0,0,0,0,4,-1,-1,Atropellament,-1,1,2,4,4,2,0,11.3,0,3,5,11,7
5469,2015,1,2015-11-02,C-243c,TERRASSA,Valles Occidental,3,0,1,0,2,1,0,0,0,1,0,0,0,100.0,0.0,0,-1,No n'hi ha,-1.0,3,3,1,0,0,0,0,0,0,0,0,0,0,0,4,-1,-1,Atropellament,-1,0,2,4,-1,2,1,18.08,1,3,0,2,11
5470,2015,0,2015-11-21,C-12,BALAGUER,Noguera,2,0,1,0,2,1,0,0,0,1,0,0,0,100.0,0.0,0,2,No n'hi ha,-1.0,3,3,1,0,0,0,0,0,0,0,0,0,0,0,4,-1,1,Atropellament,-1,1,2,4,2,1,0,17.04,1,3,5,21,11
5471,2015,1,2015-06-07,SE,BARCELONA,Barcelones,3,1,0,0,4,1,0,1,0,2,0,0,0,100.0,0.0,0,-1,No n'hi ha,-1.0,3,3,0,0,0,0,0,0,0,0,0,0,0,0,4,-1,0,Atropellament,-1,2,2,5,-1,2,0,11.2,0,3,6,7,6
5472,2015,1,2015-07-13,SE,TORTOSA,Baix Ebre,0,0,1,0,2,1,0,0,0,1,0,0,0,100.0,0.0,0,-1,No n'hi ha,-1.0,3,3,1,0,0,0,0,0,0,0,0,0,0,0,4,-1,-1,Atropellament,-1,2,2,5,-1,2,1,9.15,0,3,0,13,7
5473,2015,1,2015-06-10,SE,BARCELONA,Barcelones,3,0,1,1,2,0,0,0,2,0,0,0,0,100.0,0.0,0,-1,No n'hi ha,-1.0,3,3,1,0,0,0,0,0,0,0,0,0,0,0,4,-1,1,Fregament o col·lisió lateral,-1,2,2,5,-1,2,1,8.5,0,2,2,10,6
5474,2015,0,2015-09-23,T-702,POBOLEDA,Priorat,0,0,1,1,1,0,0,0,0,1,0,0,0,90.0,0.0,0,-1,Sense Especificar,-1.0,3,3,1,0,0,0,0,0,0,0,0,0,0,0,4,-1,-1,Altres,-1,1,2,4,4,2,1,14.03,1,5,2,23,9
5475,2015,0,2015-12-27,N-II,FORNELLS DE LA SELVA,Girones,1,1,1,2,2,0,0,0,0,2,0,0,0,100.0,0.0,0,2,Carril acceleració,-1.0,3,3,0,0,0,0,0,0,0,0,0,0,0,0,4,-1,1,Envestida (frontal lateral),-1,1,2,4,1,2,0,14.2,1,2,6,27,12
5476,2015,0,2015-08-14,C-13,"GUINGUETA D'ANEU, LA",Pallars Sobira,2,1,1,0,2,0,0,0,0,1,1,0,0,60.0,0.0,0,1,No n'hi ha,-1.0,1,3,0,0,0,0,1,0,0,0,0,0,0,0,2,-1,1,Col·lisió frontal,-1,1,2,4,2,2,0,15.52,1,2,4,14,8
5477,2015,1,2015-02-18,SE,"PRAT DE LLOBREGAT, E",Baix Llobregat,3,0,1,0,2,0,0,0,1,1,0,0,0,20.0,0.0,0,-1,No n'hi ha,-1.0,3,3,1,0,-1,0,0,0,0,0,0,0,0,1,4,4,-1,Envestida (frontal lateral),2,2,2,5,-1,2,1,8.15,0,2,2,18,2
5478,2015,1,2015-10-29,SE,BARCELONA,Barcelones,3,0,1,0,2,1,0,0,0,1,0,0,0,30.0,0.0,0,-1,No n'hi ha,-1.0,3,3,1,0,0,1,0,0,0,0,0,0,0,0,5,-1,0,Atropellament,-1,2,2,5,-1,2,1,19.3,1,3,3,29,10
5479,2015,1,2015-03-16,SE,SANT ADRIA DE BESOS,Barcelones,3,0,1,0,2,0,0,0,1,1,0,0,0,100.0,0.0,0,2,Carril acceleració,-1.0,3,3,1,0,0,0,0,0,0,0,0,0,0,1,4,4,0,Encalç,1,2,2,5,-1,2,1,17.3,1,2,0,16,3
5480,2015,1,2015-01-03,SE,MOLLET DEL VALLES,Valles Oriental,3,0,1,1,3,2,0,0,0,1,0,0,0,100.0,0.0,0,2,No n'hi ha,-1.0,3,3,1,0,0,0,0,0,1,0,0,0,0,0,4,-1,0,Atropellament,-1,2,3,5,-1,2,0,15.15,1,3,5,3,1
5481,2015,1,2015-04-22,SE,SALOU,Tarragones,0,0,1,2,2,0,0,0,1,1,0,0,0,20.0,0.0,0,2,No n'hi ha,-1.0,3,3,1,0,0,0,0,0,0,0,0,0,0,1,4,4,0,Envestida (frontal lateral),2,2,2,5,-1,2,1,20.0,1,2,2,22,4
5482,2015,1,2015-05-17,SE,HOSPITALET DE LLOBREGAT,Barcelones,3,0,1,0,2,1,0,0,0,1,0,0,0,20.0,,0,-1,No n'hi ha,-1.0,3,3,1,0,0,0,0,0,0,0,0,0,0,0,4,-1,-1,Atropellament,-1,2,2,5,-1,2,0,12.45,0,3,6,17,5
5483,2015,1,2015-04-26,SE,BARCELONA,Barcelones,3,0,1,0,2,1,0,0,0,1,0,0,0,100.0,0.0,0,-1,No n'hi ha,-1.0,1,3,1,0,0,0,0,0,0,0,0,0,1,0,5,-1,1,Atropellament,-1,2,0,5,-1,2,0,21.3,1,3,6,26,4
5484,2015,1,2015-01-12,T-200,VALLS,Alt Camp,0,0,1,0,2,1,0,0,0,1,0,0,0,100.0,0.0,0,1,No n'hi ha,-1.0,3,3,1,0,0,0,0,0,1,0,0,0,0,2,4,5,0,Atropellament,0,0,2,4,0,2,1,9.2,0,3,0,12,1
5485,2015,1,2015-03-11,SE,SABADELL,Valles Occidental,3,0,1,0,2,1,0,0,0,1,0,0,0,100.0,0.0,0,1,No n'hi ha,-1.0,3,3,1,0,0,0,0,0,0,0,0,0,0,2,5,4,0,Atropellament,1,2,2,5,-1,2,1,19.0,1,3,2,11,3
5486,2015,1,2015-05-28,SE,VIC,Osona,3,0,1,2,2,0,0,0,0,2,0,0,0,100.0,0.0,0,2,No n'hi ha,-1.0,3,3,1,0,0,0,0,0,0,0,0,0,0,1,5,4,0,Fregament o col·lisió lateral,0,2,2,5,-1,2,1,22.45,2,2,3,28,5
5487,2015,0,2015-12-13,C-243c,CASTELLBISBAL,Valles Occidental,3,0,1,0,2,0,0,0,1,1,0,0,0,100.0,0.0,0,2,No n'hi ha,-1.0,3,3,1,0,0,0,0,0,0,0,0,0,0,0,4,-1,1,Fregament o col·lisió lateral,-1,1,2,4,2,2,0,12.09,0,2,6,13,12
5488,2015,1,2015-10-13,SE,BLANES,Selva,1,0,1,0,2,1,0,0,0,1,0,0,0,20.0,,0,-1,No n'hi ha,-1.0,1,3,1,-1,0,0,0,-1,0,0,0,0,0,1,5,5,1,Atropellament,2,2,0,5,-1,2,1,20.3,1,3,1,13,10
5489,2015,0,2015-07-04,C-59,SAN FELIU DE CODINES,Valles Oriental,3,0,1,1,1,0,0,0,1,0,0,0,0,100.0,0.0,0,2,No n'hi ha,-1.0,3,3,1,0,0,0,0,0,0,0,0,0,0,0,4,-1,1,Altres,-1,1,2,4,2,2,0,12.19,0,5,5,4,7
5490,2015,1,2015-06-03,SE,TERRASSA,Valles Occidental,3,0,1,0,2,0,0,0,1,1,0,0,0,100.0,0.0,0,-1,No n'hi ha,-1.0,3,3,1,0,0,0,0,0,0,0,0,0,0,0,4,-1,-1,Envestida (frontal lateral),-1,2,2,5,-1,2,1,18.1,1,2,2,3,6
5491,2015,1,2015-06-14,SE,FIGUERES,Alt Emporda,1,0,1,2,5,3,0,0,0,2,0,0,0,100.0,0.0,0,2,No n'hi ha,-1.0,3,3,1,0,0,0,0,0,0,0,0,0,0,1,5,3,0,Atropellament,2,2,2,5,-1,2,0,1.05,2,3,6,14,6
5492,2015,0,2015-06-17,A-2,PALLEJA,Baix Llobregat,3,0,1,0,3,0,0,0,1,2,0,0,0,100.0,0.0,0,2,No n'hi ha,-1.0,3,3,1,0,0,0,0,0,1,0,0,0,0,0,3,-1,1,Encalç,-1,1,2,1,1,2,1,5.29,2,2,2,17,6
5493,2015,1,2015-10-24,SE,BARCELONA,Barcelones,3,0,1,0,2,1,0,0,0,0,1,0,0,100.0,0.0,0,-1,Carril bus,-1.0,3,3,1,0,0,0,0,0,0,0,0,0,1,1,4,3,1,Atropellament,2,2,2,5,-1,2,0,18.1,1,3,5,24,10
5494,2015,0,2015-03-05,C-16,"NOU DE BERGUEDA, LA",Bergueda,3,0,1,3,2,0,0,0,0,2,0,0,0,100.0,0.0,0,3,No n'hi ha,-1.0,3,3,1,0,0,0,0,0,0,0,0,0,0,0,4,-1,1,Col·lisió frontal,-1,1,2,4,2,2,1,15.14,1,2,3,5,3
5495,2015,0,2015-03-20,BV-4601,GURB,Osona,3,0,2,0,1,0,0,0,0,1,0,0,0,100.0,0.0,0,3,No n'hi ha,-1.0,3,3,1,0,0,0,0,0,0,0,0,0,0,0,4,-1,1,Resta sortides de via,-1,1,2,4,3,2,0,16.1,1,1,4,20,3
5496,2015,0,2015-03-02,A-7,TARRAGONA,Tarragones,0,0,1,0,2,0,0,0,0,0,2,0,0,100.0,0.0,0,2,No n'hi ha,-1.0,3,3,1,0,0,0,0,0,0,0,0,0,0,0,4,-1,0,Encalç,-1,1,2,1,1,2,1,11.39,0,2,0,2,3
5497,2015,0,2015-03-25,C-55,SANT JOAN DE VILATOR,Bages,3,0,1,1,2,0,0,0,0,2,0,0,0,60.0,0.0,0,1,No n'hi ha,-1.0,3,3,1,0,0,1,0,0,0,0,0,0,0,0,4,-1,1,Envestida (frontal lateral),-1,1,2,4,2,2,1,16.44,1,2,2,25,3
5498,2015,1,2015-06-05,SE,VIC,Osona,3,0,1,0,2,1,0,0,0,1,0,0,0,100.0,0.0,0,2,No n'hi ha,-1.0,3,3,1,0,0,0,0,0,0,0,0,0,0,0,4,-1,1,Atropellament,-1,2,2,5,-1,2,1,14.15,1,3,4,5,6
5499,2015,1,2015-09-01,SE,BADALONA,Barcelones,3,0,1,0,1,0,1,0,0,0,0,0,0,20.0,0.0,0,-1,No n'hi ha,-1.0,3,3,1,-1,0,0,0,-1,0,0,0,0,0,0,4,-1,1,Caiguda en la via,-1,2,2,5,-1,2,1,18.3,1,0,1,1,9
5500,2015,0,2015-10-04,CR,HORTA DE SANT JOAN,Terra Alta,0,0,1,0,1,0,0,0,0,0,0,1,0,100.0,0.0,0,2,No n'hi ha,-1.0,3,3,1,0,0,0,0,0,0,0,1,0,0,0,4,-1,1,Resta sortides de via,-1,1,2,0,0,2,0,18.25,1,1,6,4,10
5501,2015,1,2015-12-21,SE,SABADELL,Valles Occidental,3,0,1,0,2,1,0,0,0,1,0,0,0,100.0,0.0,0,-1,No n'hi ha,-1.0,3,3,1,0,0,0,0,0,0,0,0,0,0,0,4,-1,-1,Atropellament,-1,2,2,5,-1,2,1,19.5,1,3,0,21,12
5502,2015,1,2015-07-10,SE,LLEIDA,Segria,2,0,1,0,2,0,0,0,0,1,1,0,0,20.0,0.0,0,-1,No n'hi ha,-1.0,3,3,1,-1,0,0,0,-1,0,0,0,0,0,0,5,-1,0,Caiguda en la via,-1,2,2,5,-1,2,0,21.55,1,0,4,10,7
5503,2015,0,2015-06-26,N-II,SANT ANDREU DE LLAVANERES,Maresme,3,0,1,0,1,0,0,0,1,0,0,0,0,60.0,0.0,0,3,No n'hi ha,-1.0,3,3,1,0,0,1,0,0,0,0,0,0,0,0,4,-1,1,Caiguda en la via,-1,1,2,4,1,2,0,15.19,1,0,4,26,6
5504,2015,0,2015-08-25,C-1413a,"PAPIOL, EL",Baix Llobregat,3,1,0,0,2,0,0,1,0,1,0,0,0,90.0,0.0,0,0,No n'hi ha,-1.0,3,3,0,0,0,0,0,0,0,0,0,0,0,2,0,4,1,Encalç,3,1,2,4,2,2,1,22.12,2,2,1,25,8
5505,2015,1,2015-08-24,SE,"MASNOU, EL",Maresme,3,0,1,1,2,0,0,1,0,1,0,0,0,20.0,0.0,0,3,No n'hi ha,-1.0,3,3,1,-1,0,0,0,-1,0,0,0,0,-1,1,0,4,1,Envestida (frontal lateral),2,2,2,5,-1,2,1,1.24,2,2,0,24,8
5506,2015,0,2015-11-21,GIV-6301,VENTALLO,Alt Emporda,1,0,2,0,2,0,0,0,0,1,1,0,0,100.0,0.0,0,2,No n'hi ha,-1.0,3,3,1,0,0,0,0,0,0,0,0,0,0,1,2,4,1,Envestida (frontal lateral),1,1,2,4,3,2,0,11.19,0,2,5,21,11