,Year,Area,Date,Road,Municipality Name,County Name,Province Name,Fatalties,Serious Injuries,Light Injuries,Units Involved,Pedestrains Involved,Bicycles Involved,Mopeds Involved,Motorcycles,Light Vehicles Involved,Heavy Vehicles Involved,Other Units Involved,Unspecified Units Involved,Road Speed Limit,Accident with Hit and Run,Fog Presence,Surrounding Environment,Special Lane Presence,Special Traffic Measures,Weather Conditions,Special Road Functions,Severity of Accident,Influence of Fog,Influence of Environment,Influence of Traffic,Influence of Weather,Influence of Wind Intensity,Influence of Lighting,Influence of Special Measures,Influence of Road Objects,Influence of Road Surface,Influence of Visibility,Intersection Characteristics,Lighting Conditions,Traffic Regulation and Priority,Direction of Road,Subtype of Accident,Subtype of Road Section,Subzone within Area,Road Surface Conditions,Type of Road,Road Ownership,Wind Conditions,Day of the Week Grouping,Hour of Day,Time of Day Grouping,Type of Accident,Day Type,Day,Month
5507,2015,1,2015-07-22,SE,VILAFRANCA DEL PENEDES,Alt Penedes,3,0,1,0,2,1,0,0,0,1,0,0,0,20.0,0.0,0,2,No n'hi ha,-1.0,3,3,1,-1,0,0,0,-1,0,0,0,0,0,1,4,2,1,Atropellament,1,2,2,5,-1,2,1,16.55,1,3,2,22,7
5508,2015,1,2015-10-22,SE,CASTELLDEFELS,Baix Llobregat,3,0,1,0,2,0,0,0,1,1,0,0,0,100.0,0.0,0,-1,No n'hi ha,-1.0,3,3,1,0,0,0,0,0,0,0,0,0,0,0,4,-1,-1,Altres,-1,2,2,5,-1,2,1,20.44,1,5,3,22,10
5509,2015,1,2015-01-29,SE,LLEIDA,Segria,2,0,1,1,2,1,0,0,1,0,0,0,0,20.0,0.0,0,2,No n'hi ha,-1.0,3,3,1,-1,0,0,0,-1,0,0,0,0,-1,0,5,-1,1,Atropellament,-1,2,2,5,-1,2,1,21.1,1,3,3,29,1
5510,2015,1,2015-01-27,SE,CORBERA DE LLOBREGAT,Baix Llobregat,3,0,1,0,2,1,0,0,0,1,0,0,0,100.0,0.0,0,2,No n'hi ha,-1.0,3,3,1,0,0,0,0,0,0,0,0,0,0,0,1,-1,1,Atropellament,-1,2,2,5,-1,2,1,7.1,0,3,1,27,1
5511,2015,1,2015-06-13,SE,CASTELLO D'EMPURIES,Alt Emporda,1,1,0,0,2,1,0,0,0,1,0,0,0,20.0,0.0,0,2,No n'hi ha,-1.0,3,3,0,-1,0,0,0,-1,0,0,0,0,-1,0,1,-1,1,Atropellament,-1,2,2,5,-1,2,0,6.4,0,3,5,13,6
5512,2015,1,2015-04-19,SE,"GARRIGA, LA",Valles Oriental,3,0,1,0,2,1,0,0,0,1,0,0,0,100.0,0.0,0,2,No n'hi ha,-1.0,1,3,1,0,0,0,0,0,0,0,0,0,0,2,5,3,1,Atropellament,2,2,2,5,-1,2,0,20.4,1,3,6,19,4
5513,2015,0,2015-06-10,C-32,ESPLUGUES DE LLOBREGAT,Baix Llobregat,3,0,1,0,2,0,0,0,1,1,0,0,0,80.0,0.0,0,2,No n'hi ha,-1.0,3,3,1,0,0,0,0,0,0,0,0,0,0,0,4,-1,0,Encalç,-1,1,2,2,2,2,1,15.58,1,2,2,10,6
5514,2015,1,2015-01-28,SE,MATARO,Maresme,3,0,1,0,2,1,0,0,0,1,0,0,0,20.0,0.0,0,-1,No n'hi ha,-1.0,3,3,1,0,-1,0,0,0,0,0,0,0,0,0,0,-1,-1,Atropellament,-1,2,2,5,-1,2,1,18.35,1,3,2,28,1
5515,2015,1,2015-02-16,SE,VIC,Osona,3,0,1,0,2,1,0,0,1,0,0,0,0,100.0,0.0,0,2,No n'hi ha,-1.0,3,3,1,0,0,0,0,0,0,0,0,0,0,0,4,-1,1,Atropellament,-1,2,2,5,-1,2,1,16.35,1,3,0,16,2
5516,2015,0,2015-01-23,SE,CORBERA DE LLOBREGAT,Baix Llobregat,3,0,1,0,2,0,1,0,0,0,1,0,0,30.0,0.0,0,-1,No n'hi ha,0.0,3,3,1,-1,1,0,0,-1,1,0,0,0,0,0,4,-1,1,Fregament o col·lisió lateral,-1,1,1,0,0,2,1,9.5,0,2,4,23,1
5517,2015,0,2015-02-22,C-14,TARREGA,Urgell,2,0,1,0,1,0,0,0,1,0,0,0,0,100.0,0.0,0,1,No n'hi ha,-1.0,3,3,1,0,0,0,0,0,0,0,0,0,0,0,4,-1,1,Resta sortides de via,-1,1,2,4,2,2,0,13.43,0,1,6,22,2
5518,2015,1,2015-12-15,SE,VILANOVA I LA GELTRU,Garraf,3,0,1,0,3,0,0,1,0,2,0,0,0,100.0,0.0,0,-1,No n'hi ha,-1.0,3,3,1,0,0,0,0,0,0,0,0,0,0,0,4,-1,-1,Altres,-1,2,2,5,-1,2,1,17.2,1,5,1,15,12
5519,2015,1,2015-12-22,SE,VILOBI D'ONYAR,Selva,1,0,1,0,2,1,0,0,0,1,0,0,0,100.0,0.0,0,2,Altres,-1.0,3,3,1,0,0,0,0,0,0,0,0,0,0,0,5,-1,1,Atropellament,-1,2,2,5,-1,2,1,20.11,1,3,1,22,12
5520,2015,1,2015-10-10,SE,VILAFANT,Alt Emporda,1,0,1,0,1,0,0,0,1,0,0,0,0,100.0,0.0,0,2,No n'hi ha,-1.0,3,3,1,0,0,0,0,0,0,0,0,0,0,0,4,-1,1,Caiguda en la via,-1,2,0,5,0,2,0,15.15,1,0,5,10,10
5521,2015,0,2015-05-05,BV-4511,SANT FRUITOS DE BAGES,Bages,3,0,1,1,2,0,0,0,1,1,0,0,0,70.0,0.0,0,2,No n'hi ha,-1.0,3,3,1,0,1,0,0,0,0,0,0,0,0,1,2,5,1,Col·lisió frontal,1,1,2,4,2,2,1,18.5,1,2,1,5,5
5522,2015,1,2015-10-08,SE,FIGUERES,Alt Emporda,1,0,1,0,2,1,0,0,0,1,0,0,0,100.0,0.0,0,2,No n'hi ha,-1.0,3,3,1,0,0,0,0,0,0,0,0,0,0,0,4,-1,1,Atropellament,-1,2,2,5,-1,2,1,15.3,1,3,3,8,10
5523,2015,1,2015-07-22,SE,HOSPITALET DE LLOBREGAT,Barcelones,3,0,1,0,2,0,0,0,1,1,0,0,0,20.0,0.0,0,2,No n'hi ha,-1.0,3,3,1,-1,0,0,0,-1,0,0,0,0,-1,1,5,3,1,Envestida (frontal lateral),2,2,2,5,-1,2,1,22.05,2,2,2,22,7
5524,2015,1,2015-06-16,SE,LLEIDA,Segria,2,1,0,0,2,1,0,0,0,0,1,0,0,20.0,0.0,0,2,No n'hi ha,-1.0,3,3,0,-1,0,0,0,-1,0,0,0,0,-1,0,4,-1,0,Atropellament,-1,2,2,5,-1,2,1,15.11,1,3,1,16,6
5525,2015,1,2015-01-29,SE,RUBI,Valles Occidental,3,0,1,0,2,1,0,0,0,1,0,0,0,100.0,0.0,0,2,No n'hi ha,-1.0,3,3,1,0,0,0,0,0,0,0,0,0,0,1,4,4,0,Atropellament,1,2,2,5,-1,2,1,10.15,0,3,3,29,1
5526,2015,0,2015-04-16,C-25,MANRESA,Bages,3,0,1,0,1,0,0,0,1,0,0,0,0,100.0,0.0,0,3,No n'hi ha,-1.0,3,3,1,0,0,0,0,0,0,0,0,1,0,0,3,-1,0,Caiguda en la via,-1,1,2,1,2,2,1,21.25,1,0,3,16,4
5527,2015,1,2015-04-14,SE,BARCELONA,Barcelones,3,0,1,0,2,0,0,0,1,1,0,0,0,100.0,0.0,0,-1,No n'hi ha,-1.0,3,3,1,0,0,0,0,0,0,0,0,0,0,0,4,-1,1,Fregament o col·lisió lateral,-1,2,2,5,-1,2,1,18.15,1,2,1,14,4
5528,2015,0,2015-04-21,C-12,LLARDECANS,Segria,2,0,1,0,2,0,0,0,0,2,0,0,0,100.0,0.0,0,2,No n'hi ha,-1.0,3,3,1,0,1,0,0,0,0,0,0,0,0,1,4,4,1,Envestida (frontal lateral),0,1,2,4,2,2,1,10.44,0,2,1,21,4
5529,2015,0,2015-01-17,C-51,RODONYA,Alt Camp,0,1,0,0,2,0,1,0,0,1,0,0,0,90.0,0.0,0,2,No n'hi ha,-1.0,3,3,0,0,0,0,0,0,0,0,0,0,0,0,4,-1,1,Envestida (frontal lateral),-1,1,2,4,2,2,0,12.49,0,2,5,17,1
5530,2015,1,2015-03-13,SE,TARRAGONA,Tarragones,0,0,1,0,2,1,1,0,0,0,0,0,0,100.0,0.0,0,2,No n'hi ha,-1.0,3,3,1,0,0,0,0,0,0,0,0,0,0,1,5,5,1,Atropellament,1,2,2,5,-1,2,0,20.3,1,3,4,13,3
5531,2015,1,2015-01-16,SE,TERRASSA,Valles Occidental,3,0,1,0,1,0,0,1,0,0,0,0,0,100.0,0.0,0,-1,No n'hi ha,-1.0,3,3,1,0,0,0,1,0,0,0,0,0,0,0,4,-1,-1,Caiguda en la via,-1,2,2,5,-1,2,1,14.15,1,0,4,16,1
5532,2015,1,2015-01-19,SE,CERDANYOLA DEL VALLES,Valles Occidental,3,0,1,0,2,1,0,0,0,1,0,0,0,30.0,0.0,0,2,No n'hi ha,-1.0,1,3,1,0,0,0,1,0,0,0,0,0,0,0,2,-1,1,Atropellament,-1,2,2,5,-1,2,1,8.26,0,3,0,19,1
5533,2015,1,2015-04-25,SE,HOSPITALET DE LLOBREGAT,Barcelones,3,0,1,0,2,1,0,0,0,1,0,0,0,20.0,0.0,0,2,No n'hi ha,-1.0,3,3,1,-1,0,0,0,-1,0,0,0,0,-1,0,4,-1,0,Atropellament,-1,2,2,5,-1,2,0,16.01,1,3,5,25,4
5534,2015,0,2015-06-29,AP-7,MOLLET DEL VALLES,Valles Oriental,3,0,1,3,4,0,0,0,0,2,2,0,0,100.0,0.0,0,1,No n'hi ha,-1.0,3,3,1,0,0,0,0,0,0,0,0,0,0,0,4,-1,0,Altres,-1,1,2,2,1,2,1,18.46,1,5,0,29,6
5535,2015,0,2015-06-20,BP-5002,VILANOVA DEL VALLES,Valles Oriental,3,1,0,1,2,0,0,0,0,2,0,0,0,100.0,0.0,0,2,No n'hi ha,-1.0,3,3,0,0,0,0,0,0,0,0,0,0,0,0,4,-1,1,Col·lisió frontal,-1,1,2,4,3,2,0,7.3,0,2,5,20,6
5536,2015,1,2015-08-27,SE,TERRASSA,Valles Occidental,3,0,1,0,2,1,0,0,0,1,0,0,0,100.0,0.0,0,2,No n'hi ha,-1.0,3,3,1,0,0,0,0,0,0,0,0,0,0,2,5,4,1,Atropellament,1,2,2,5,-1,2,1,3.49,2,3,3,27,8
5537,2015,1,2015-11-16,SE,GIRONA,Girones,1,0,1,0,2,0,0,1,0,1,0,0,0,20.0,0.0,0,-1,No n'hi ha,-1.0,3,3,1,0,-1,0,0,0,0,0,0,0,0,1,4,4,-1,Fregament o col·lisió lateral,1,2,2,5,-1,2,1,17.12,1,2,0,16,11
5538,2015,1,2015-12-02,SE,LLOREN? DEL PENEDES,Baix Penedes,0,0,1,1,2,1,0,0,1,0,0,0,0,20.0,0.0,0,-1,Sense Especificar,-1.0,3,1,1,0,0,0,0,0,0,0,0,0,0,0,4,-1,-1,Atropellament,-1,0,2,5,4,2,1,21.43,1,3,2,2,12
5539,2015,1,2015-10-30,SE,TERRASSA,Valles Occidental,3,0,1,0,2,0,0,0,1,1,0,0,0,100.0,0.0,0,-1,No n'hi ha,-1.0,3,3,1,0,0,0,0,0,0,0,0,0,0,0,4,-1,-1,Caiguda en la via,-1,2,2,5,-1,2,0,18.0,1,0,4,30,10
5540,2015,0,2015-10-10,C-55,CASTELLBELL I EL VIL,Bages,3,0,1,1,2,0,0,0,0,1,1,0,0,90.0,0.0,0,3,Carril avançament,-1.0,3,3,1,0,0,0,0,0,0,0,0,0,0,0,0,-1,1,Envestida (frontal lateral),-1,1,2,4,2,2,0,6.41,0,2,5,10,10
5541,2015,1,2015-07-14,SE,VILA-SECA,Tarragones,0,1,0,1,2,1,0,0,0,1,0,0,0,100.0,0.0,0,2,No n'hi ha,-1.0,3,3,0,0,0,0,0,0,0,0,0,0,0,2,4,4,1,Atropellament,1,2,2,5,-1,2,1,12.3,0,3,1,14,7
5542,2015,1,2015-11-01,SE,BADALONA,Barcelones,3,1,0,1,1,0,0,0,1,0,0,0,0,20.0,0.0,0,-1,No n'hi ha,-1.0,3,3,0,-1,0,0,0,-1,0,0,0,0,-1,0,4,-1,1,Caiguda en la via,-1,2,2,5,-1,2,0,10.35,0,0,6,1,11
5543,2015,1,2015-10-02,SE,SANT BOI DE LLOBREGAT,Baix Llobregat,3,0,1,0,2,1,0,0,0,1,0,0,0,100.0,0.0,0,2,No n'hi ha,-1.0,3,3,1,0,0,0,0,0,0,0,0,0,0,2,4,4,1,Atropellament,2,2,2,5,-1,2,1,12.2,0,3,4,2,10
5544,2015,1,2015-11-12,SE,SITGES,Garraf,3,1,0,0,2,0,0,0,1,1,0,0,0,100.0,0.0,0,2,No n'hi ha,-1.0,3,3,0,0,0,0,0,0,0,0,0,0,0,1,4,4,1,Envestida (frontal lateral),1,2,2,5,0,2,1,12.0,0,2,3,12,11
5545,2015,1,2015-06-22,SE,SANTA COLOMA DE GRAMANET,Barcelones,3,0,1,0,2,1,0,0,0,1,0,0,0,20.0,0.0,0,-1,No n'hi ha,-1.0,3,3,1,0,-1,0,0,0,0,0,0,0,0,0,4,-1,-1,Atropellament,-1,2,2,5,-1,2,1,15.25,1,3,0,22,6
5546,2015,0,2015-10-13,C-16,BAGA,Bergueda,3,0,1,1,2,0,0,0,0,2,0,0,0,100.0,0.0,0,0,No n'hi ha,-1.0,3,3,1,0,0,0,0,0,0,0,0,0,0,0,2,-1,1,Resta sortides de via,-1,1,2,4,2,2,1,7.29,0,1,1,13,10
5547,2015,1,2015-05-27,N-340,TARRAGONA,Tarragones,0,0,1,0,2,1,0,0,0,0,1,0,0,100.0,0.0,0,2,No n'hi ha,-1.0,3,3,1,0,0,0,0,0,0,0,0,0,0,0,4,-1,1,Atropellament,-1,0,2,4,1,2,1,12.45,0,3,2,27,5
5548,2015,0,2015-03-06,B-10,HOSPITALET DE LLOBREGAT,Barcelones,3,0,1,0,1,0,0,0,1,0,0,0,0,70.0,0.0,0,2,No n'hi ha,-1.0,3,3,1,0,0,0,0,0,0,0,0,0,0,2,4,5,0,Xoc contra objecte/obstacle sense sortida prèvia de via,1,1,2,1,1,2,0,15.11,1,4,4,6,3
5549,2015,0,2015-01-16,C-37,ODENA,Anoia,3,0,1,0,1,0,0,0,0,0,1,0,0,40.0,0.0,0,1,Carril central,-1.0,3,3,1,0,1,0,0,0,0,0,0,0,0,1,3,4,1,Altres,1,1,2,4,2,2,1,7.43,0,5,4,16,1
5550,2015,0,2015-05-16,LV-5131,SORIGUERA,Pallars Sobira,2,0,2,0,2,0,0,0,2,0,0,0,0,100.0,0.0,0,1,No n'hi ha,-1.0,3,3,1,0,0,0,0,0,0,0,0,0,0,0,4,-1,1,Fregament o col·lisió lateral,-1,1,2,4,0,2,0,14.09,1,2,5,16,5
5551,2015,0,2015-10-28,T-11,REUS,Baix Camp,0,1,0,0,1,0,0,0,1,0,0,0,0,70.0,0.0,0,1,No n'hi ha,-1.0,3,3,0,0,0,0,0,0,0,0,0,0,0,0,4,-1,0,Resta sortides de via,-1,1,2,1,1,2,1,17.45,1,1,2,28,10
5552,2015,1,2015-11-08,SE,SANT CLIMENT DE LLOBREGAT,Baix Llobregat,3,0,1,0,1,0,0,1,0,0,0,0,0,20.0,0.0,0,-1,No n'hi ha,-1.0,3,3,1,0,0,0,0,0,0,0,0,0,0,1,4,5,-1,Xoc contra objecte/obstacle sense sortida prèvia de via,1,2,2,5,-1,2,0,15.55,1,4,6,8,11
5553,2015,1,2015-08-13,SE,SANT BOI DE LLOBREGAT,Baix Llobregat,3,0,1,0,2,1,0,0,0,1,0,0,0,100.0,0.0,0,2,No n'hi ha,-1.0,3,3,1,0,0,0,0,0,0,0,0,0,0,0,5,-1,0,Atropellament,-1,2,2,5,-1,2,1,21.03,1,3,3,13,8
5554,2015,0,2015-08-31,C-242,"BORGES DEL CAMP, LES",Baix Camp,0,1,0,0,1,0,0,0,1,0,0,0,0,50.0,0.0,0,2,No n'hi ha,-1.0,3,3,0,0,0,0,0,0,0,0,0,0,0,1,2,4,1,Resta sortides de via,0,1,2,4,2,2,1,18.35,1,1,0,31,8
5555,2015,1,2015-07-14,SE,TERRASSA,Valles Occidental,3,0,1,0,2,0,0,0,1,0,1,0,0,100.0,0.0,0,2,No n'hi ha,-1.0,3,3,1,0,0,0,0,0,0,0,0,0,0,0,4,-1,1,Caiguda en la via,-1,2,2,5,0,2,1,12.1,0,0,1,14,7
5556,2015,0,2015-07-25,BP-2151,TORRELAVIT,Alt Penedes,3,0,2,3,2,0,0,0,0,2,0,0,0,100.0,0.0,0,0,No n'hi ha,-1.0,1,3,1,0,0,0,0,0,0,0,0,0,0,0,2,-1,1,Envestida (frontal lateral),-1,1,2,4,3,2,0,13.49,0,2,5,25,7
5557,2015,1,2015-08-21,N-150,TERRASSA,Valles Occidental,3,0,1,0,2,1,0,0,0,1,0,0,0,100.0,0.0,0,-1,No n'hi ha,-1.0,3,3,1,0,0,0,0,0,0,0,0,0,0,0,4,-1,-1,Atropellament,-1,0,2,4,-1,2,1,11.15,0,3,4,21,8
5558,2015,1,2015-06-26,SE,IGUALADA,Anoia,3,0,1,0,2,1,0,0,0,1,0,0,0,50.0,0.0,0,-1,No n'hi ha,-1.0,3,3,1,-1,-1,0,0,-1,0,0,0,0,-1,1,5,2,-1,Atropellament,2,2,2,5,-1,2,0,22.15,2,3,4,26,6
5559,2015,1,2015-11-19,SE,SABADELL,Valles Occidental,3,0,1,0,3,0,1,0,0,2,0,0,0,30.0,0.0,0,2,No n'hi ha,-1.0,3,3,1,0,0,0,0,0,0,0,0,0,0,0,4,-1,0,Encalç,-1,2,2,5,-1,2,1,15.27,1,2,3,19,11
5560,2015,1,2015-04-26,SE,GRANOLLERS,Valles Oriental,3,0,1,1,2,0,0,0,0,2,0,0,0,100.0,0.0,0,3,No n'hi ha,-1.0,1,3,1,0,0,0,0,0,0,0,0,0,0,2,5,4,1,Xoc contra objecte/obstacle sense sortida prèvia de via,0,2,2,5,-1,2,0,5.35,2,4,6,26,4
5561,2015,0,2015-01-24,CR,SANT ESTEVE DE LA SARGA,Pallars Jussa,2,0,1,0,1,0,0,0,0,1,0,0,0,100.0,0.0,0,0,No n'hi ha,-1.0,3,3,1,0,0,0,0,0,0,0,0,0,0,0,3,-1,1,Resta sortides de via,-1,1,2,0,0,2,0,22.0,2,1,5,24,1
5562,2015,0,2015-05-05,TV-2034,VALLS,Alt Camp,0,0,1,2,2,0,0,0,0,2,0,0,0,100.0,0.0,0,2,No n'hi ha,-1.0,3,3,1,0,0,0,0,0,0,0,0,0,0,0,4,-1,1,Col·lisió frontal,-1,1,2,4,3,2,1,13.59,0,2,1,5,5
5563,2015,0,2015-05-05,TV-3531,BOT,Terra Alta,0,0,1,0,2,0,0,0,1,1,0,0,0,100.0,0.0,0,2,No n'hi ha,-1.0,3,3,1,0,0,0,0,0,0,0,0,0,0,0,4,-1,1,Col·lisió frontal,-1,1,2,4,2,2,1,18.5,1,2,1,5,5
5564,2015,1,2015-01-03,SE,TORDERA,Maresme,3,0,1,0,1,0,0,0,1,0,0,0,0,30.0,1.0,0,2,No n'hi ha,-1.0,3,3,1,0,0,0,0,0,0,0,0,0,1,0,4,-1,1,Envestida (frontal lateral),-1,0,2,0,0,2,0,8.55,0,2,5,3,1
5565,2015,1,2015-01-23,SE,BARCELONA,Barcelones,3,0,1,0,2,1,0,0,0,0,1,0,0,100.0,0.0,0,-1,No n'hi ha,0.0,3,3,1,0,0,0,0,0,0,1,0,0,0,0,4,-1,0,Atropellament,-1,2,2,5,-1,2,1,10.45,0,3,4,23,1
5566,2015,1,2015-05-21,SE,SABADELL,Valles Occidental,3,0,1,1,2,1,0,0,1,0,0,0,0,100.0,0.0,0,2,No n'hi ha,-1.0,3,3,1,0,0,0,0,0,0,0,0,0,0,1,5,3,1,Atropellament,2,2,2,5,-1,2,1,21.45,1,3,3,21,5
5567,2015,0,2015-03-09,C-58,SANT QUIRZE DEL VALLES,Valles Occidental,3,0,1,1,2,0,0,0,1,1,0,0,0,80.0,0.0,0,1,No n'hi ha,-1.0,3,3,1,0,0,0,0,0,0,0,0,0,0,2,4,4,0,Fregament o col·lisió lateral,1,1,2,1,2,2,1,13.29,0,2,0,9,3
5568,2015,1,2015-05-28,SE,"MASNOU, EL",Maresme,3,0,1,1,2,0,0,0,1,1,0,0,0,20.0,0.0,0,-1,No n'hi ha,-1.0,3,3,1,0,-1,0,0,0,0,0,0,0,0,1,4,4,-1,Envestida (frontal lateral),2,2,2,5,-1,2,1,13.32,0,2,3,28,5
5569,2015,1,2015-11-18,SE,BARCELONA,Barcelones,3,0,1,0,2,0,0,0,1,1,0,0,0,100.0,0.0,0,-1,No n'hi ha,-1.0,3,3,1,0,0,0,0,0,0,0,0,0,0,1,5,4,1,Envestida (frontal lateral),2,2,2,5,-1,2,1,19.45,1,2,2,18,11
5570,2015,1,2015-09-25,SE,VILANOVA I LA GELTRU,Garraf,3,0,1,0,3,0,0,0,1,2,0,0,0,100.0,0.0,0,2,No n'hi ha,-1.0,3,3,1,0,0,0,0,0,0,0,0,0,0,2,4,-1,0,Encalç,2,2,2,5,-1,2,1,13.15,0,2,4,25,9
5571,2015,0,2015-12-05,L-512,ARTESA DE SEGRE,Noguera,2,0,2,0,1,0,0,0,1,0,0,0,0,100.0,0.0,0,2,No n'hi ha,-1.0,3,3,1,0,0,0,0,0,0,0,0,0,0,0,4,-1,1,Resta sortides de via,-1,1,2,4,3,2,0,15.13,1,1,5,5,12
5572,2015,1,2015-07-09,SE,FLIX,Ribera d'Ebre,0,0,1,0,2,0,0,1,0,1,0,0,0,100.0,0.0,0,1,No n'hi ha,-1.0,3,3,1,0,0,0,0,0,0,0,0,0,0,0,4,-1,1,Fregament o col·lisió lateral,-1,2,2,5,-1,2,1,13.59,0,2,3,9,7
5573,2015,1,2015-12-06,SE,REUS,Baix Camp,0,0,1,0,2,1,0,0,0,1,0,0,0,100.0,0.0,0,-1,No n'hi ha,-1.0,3,3,1,0,0,0,0,0,0,0,0,0,0,0,4,-1,-1,Atropellament,-1,2,2,5,-1,2,0,4.36,2,3,6,6,12
5574,2015,1,2015-05-06,SE,BARCELONA,Barcelones,3,0,1,0,2,1,0,0,0,1,0,0,0,100.0,0.0,0,-1,No n'hi ha,-1.0,3,3,1,0,0,0,0,0,0,0,0,0,1,1,4,3,1,Atropellament,0,2,2,5,-1,2,1,11.55,0,3,2,6,5
5575,2015,1,2015-05-15,SE,TARRAGONA,Tarragones,0,0,1,0,2,1,0,0,0,1,0,0,0,50.0,0.0,0,2,No n'hi ha,-1.0,3,3,1,0,0,0,0,0,0,0,0,0,0,0,4,-1,1,Atropellament,-1,2,2,5,-1,2,0,16.55,1,3,4,15,5
5576,2015,1,2015-05-25,SE,BARCELONA,Barcelones,3,1,0,0,2,1,0,0,0,0,1,0,0,100.0,0.0,0,-1,No n'hi ha,-1.0,3,3,0,0,0,0,0,0,0,0,0,0,1,0,4,-1,0,Atropellament,-1,2,2,5,-1,2,1,10.15,0,3,0,25,5
5577,2015,0,2015-01-10,N-II,GARRIGAS,Alt Emporda,1,1,1,0,2,0,0,0,0,2,0,0,0,80.0,0.0,0,1,No n'hi ha,-1.0,3,3,0,0,0,0,0,0,1,0,0,0,0,1,3,4,1,Col·lisió frontal,2,1,2,4,1,2,0,18.54,1,2,5,10,1
5578,2015,1,2015-03-09,B-500,BADALONA,Barcelones,3,0,1,0,2,0,0,0,1,0,1,0,0,90.0,0.0,0,-1,No n'hi ha,-1.0,3,3,1,0,-1,0,0,0,0,0,0,0,0,1,4,3,-1,Envestida (frontal lateral),2,0,2,4,-1,2,1,7.48,0,2,0,9,3
5579,2015,0,2015-02-04,N-II,FIGUERES,Alt Emporda,1,1,1,3,2,0,0,0,0,2,0,0,0,80.0,0.0,0,1,No n'hi ha,-1.0,3,3,0,0,0,0,0,0,0,0,0,0,0,0,3,-1,1,Col·lisió frontal,-1,1,2,4,1,0,1,4.54,2,2,2,4,2
5580,2015,0,2015-10-09,A-2,FORNELLS DE LA SELVA,Girones,1,0,1,0,2,0,0,0,1,1,0,0,0,100.0,0.0,0,1,No n'hi ha,-1.0,3,3,1,0,0,0,0,0,0,0,0,0,0,2,2,5,0,Envestida (frontal lateral),3,1,2,1,1,2,0,18.42,1,2,4,9,10
5581,2015,1,2015-11-20,SE,MARTORELL,Baix Llobregat,3,0,1,0,2,1,0,0,0,1,0,0,0,20.0,0.0,0,-1,Sense Especificar,-1.0,3,3,1,0,0,0,0,0,0,0,0,0,0,0,4,-1,-1,Atropellament,-1,2,2,5,-1,2,0,21.45,1,3,4,20,11
5582,2015,0,2015-07-14,A-2,CASTELLBISBAL,Valles Occidental,3,0,1,0,2,0,0,0,1,1,0,0,0,40.0,0.0,0,3,No n'hi ha,-1.0,3,3,1,0,0,0,0,0,0,0,0,0,0,2,4,4,1,Encalç,0,1,2,1,1,2,1,6.24,0,2,1,14,7
5583,2015,1,2015-12-15,SE,OLERDOLA,Alt Penedes,3,0,1,0,2,1,0,0,0,1,0,0,0,100.0,0.0,0,3,No n'hi ha,-1.0,3,3,1,0,0,0,0,0,0,0,0,0,0,0,4,-1,1,Atropellament,-1,2,2,5,-1,2,1,9.35,0,3,1,15,12
5584,2015,1,2015-07-24,SE,BARCELONA,Barcelones,3,0,1,0,3,2,0,0,0,1,0,0,0,100.0,0.0,0,-1,No n'hi ha,-1.0,3,3,1,0,0,0,0,0,0,0,0,0,0,0,4,-1,0,Atropellament,-1,2,2,5,-1,2,1,12.45,0,3,4,24,7
5585,2015,0,2015-11-25,C-17,PARETS DEL VALLES,Valles Oriental,3,0,1,0,2,0,0,0,0,2,0,0,0,100.0,0.0,0,1,No n'hi ha,-1.0,3,3,1,0,0,0,0,0,0,0,0,0,0,0,0,-1,0,Encalç,-1,1,2,1,2,2,1,22.0,2,2,2,25,11
5586,2015,1,2015-07-13,SE,JAFRE,Baix Emporda,1,0,1,0,2,1,0,0,0,1,0,0,0,100.0,0.0,0,2,No n'hi ha,-1.0,3,3,1,0,0,0,0,0,0,0,0,0,0,0,4,-1,1,Atropellament,-1,2,2,5,-1,2,1,8.1,0,3,0,13,7
5587,2015,0,2015-09-25,GI-614,CADAQUES,Alt Emporda,1,0,1,2,2,0,0,0,1,1,0,0,0,100.0,0.0,0,1,No n'hi ha,-1.0,3,3,1,0,0,0,0,0,0,0,0,0,0,0,4,-1,1,Col·lisió frontal,-1,1,2,4,3,2,0,16.55,1,2,4,25,9
5588,2015,0,2015-06-16,BV-2241,SANT SADURNI D'ANOIA,Alt Penedes,3,1,0,0,1,0,0,0,0,0,1,0,0,100.0,0.0,0,1,No n'hi ha,-1.0,3,3,0,0,0,0,0,0,0,0,0,0,0,0,4,-1,1,Resta sortides de via,-1,1,2,4,2,2,1,7.22,0,1,1,16,6
5589,2015,0,2015-04-06,C-53,PENELLES,Noguera,2,0,1,0,2,0,0,0,0,2,0,0,0,100.0,0.0,0,2,No n'hi ha,-1.0,3,3,1,0,0,0,0,0,0,0,0,0,0,0,4,-1,1,Envestida (frontal lateral),-1,1,2,4,2,2,1,18.0,1,2,0,6,4
5590,2015,1,2015-04-14,SE,BARCELONA,Barcelones,3,0,1,0,2,0,0,0,1,1,0,0,0,100.0,0.0,0,-1,No n'hi ha,-1.0,3,3,1,0,0,0,0,0,0,0,0,0,0,0,4,-1,0,Fregament o col·lisió lateral,-1,2,2,5,-1,2,1,7.5,0,2,1,14,4
5591,2015,1,2015-04-20,SE,BARCELONA,Barcelones,3,0,1,1,2,1,1,0,0,0,0,0,0,100.0,0.0,0,-1,No n'hi ha,-1.0,3,3,1,0,0,0,0,0,0,0,0,0,0,0,4,-1,0,Atropellament,-1,2,2,5,-1,2,1,17.01,1,3,0,20,4