,Year,Area,Date,Road,Municipality Name,County Name,Province Name,Fatalties,Serious Injuries,Light Injuries,Units Involved,Pedestrains Involved,Bicycles Involved,Mopeds Involved,Motorcycles,Light Vehicles Involved,Heavy Vehicles Involved,Other Units Involved,Unspecified Units Involved,Road Speed Limit,Accident with Hit and Run,Fog Presence,Surrounding Environment,Special Lane Presence,Special Traffic Measures,Weather Conditions,Special Road Functions,Severity of Accident,Influence of Fog,Influence of Environment,Influence of Traffic,Influence of Weather,Influence of Wind Intensity,Influence of Lighting,Influence of Special Measures,Influence of Road Objects,Influence of Road Surface,Influence of Visibility,Intersection Characteristics,Lighting Conditions,Traffic Regulation and Priority,Direction of Road,Subtype of Accident,Subtype of Road Section,Subzone within Area,Road Surface Conditions,Type of Road,Road Ownership,Wind Conditions,Day of the Week Grouping,Hour of Day,Time of Day Grouping,Type of Accident,Day Type,Day,Month
5592,2015,1,2015-05-03,SE,SANT CELONI,Valles Oriental,3,0,1,0,2,0,0,0,1,1,0,0,0,40.0,0.0,0,2,No n'hi ha,-1.0,3,3,1,0,0,0,0,0,0,0,0,0,0,1,4,4,1,Envestida (frontal lateral),1,2,2,5,0,2,0,13.27,0,2,6,3,5
5593,2015,0,2015-03-24,B-231,ESPARREGUERA,Baix Llobregat,3,0,1,3,3,0,0,0,0,2,1,0,0,50.0,0.0,0,1,No n'hi ha,-1.0,1,3,1,0,0,0,0,0,0,0,0,0,0,0,2,-1,1,Envestida (frontal lateral),-1,1,2,4,2,2,1,7.35,0,2,1,24,3
5594,2015,0,2015-03-16,AP-7,SANTA PERPETUA DE MO,Valles Occidental,3,0,1,1,2,1,0,0,0,1,0,0,0,120.0,0.0,0,2,Carril acceleració,-1.0,3,3,1,0,0,0,0,0,0,0,0,0,1,0,4,-1,0,Atropellament,-1,1,2,2,1,2,1,18.14,1,3,0,16,3
5595,2015,0,2015-02-23,B-10,BARCELONA,Barcelones,3,0,1,1,3,0,0,0,1,1,1,0,0,80.0,0.0,0,2,No n'hi ha,-1.0,3,3,1,0,0,0,0,0,0,0,0,0,0,0,4,-1,0,Encalç,-1,1,2,1,1,2,1,10.15,0,2,0,23,2
5596,2015,1,2015-03-19,SE,MOLINS DE REI,Baix Llobregat,3,0,1,0,2,0,0,0,1,1,0,0,0,20.0,0.0,0,2,No n'hi ha,-1.0,3,3,1,-1,0,0,0,-1,0,0,0,0,-1,1,0,2,1,Envestida (frontal lateral),2,2,2,5,-1,2,1,20.28,1,2,3,19,3
5597,2015,0,2015-04-16,N-II,BELLPUIG,Urgell,2,0,1,0,2,0,0,1,0,1,0,0,0,100.0,0.0,0,2,No n'hi ha,-1.0,3,3,1,0,0,0,0,0,0,0,0,0,0,1,3,5,1,Envestida (frontal lateral),1,1,2,4,1,2,1,6.04,0,2,3,16,4
5598,2015,1,2015-08-31,SE,RUBI,Valles Occidental,3,0,1,0,2,0,0,0,1,1,0,0,0,100.0,0.0,0,-1,No n'hi ha,-1.0,3,3,1,0,0,0,0,0,0,0,0,0,0,0,4,-1,-1,Caiguda en la via,-1,2,2,5,-1,2,1,16.15,1,0,0,31,8
5599,2015,0,2015-11-15,T-203,"CATLLAR, EL",Tarragones,0,0,1,0,2,0,1,0,0,1,0,0,0,90.0,0.0,0,2,No n'hi ha,-1.0,3,3,1,0,0,0,0,0,0,0,0,0,0,0,4,-1,1,Fregament o col·lisió lateral,-1,1,2,4,3,2,0,10.36,0,2,6,15,11
5600,2015,1,2015-06-14,SE,SANT BOI DE LLOBREGAT,Baix Llobregat,3,0,1,0,2,0,0,0,1,1,0,0,0,100.0,0.0,0,2,No n'hi ha,-1.0,3,3,1,0,0,0,0,0,0,0,0,0,0,0,4,-1,1,Fregament o col·lisió lateral,-1,2,2,5,-1,2,0,14.43,1,2,6,14,6
5601,2015,0,2015-06-24,AP-7,CASTELLET I LA GORNA,Alt Penedes,3,0,1,1,2,0,0,0,1,1,0,0,0,120.0,0.0,0,2,No n'hi ha,-1.0,3,3,1,0,0,0,0,0,0,0,0,0,0,0,4,-1,0,Encalç,-1,1,2,2,1,2,1,14.18,1,2,2,24,6
5602,2015,1,2015-05-19,SE,MONTGAT,Maresme,3,0,1,0,2,1,0,0,0,1,0,0,0,20.0,0.0,0,-1,No n'hi ha,-1.0,3,3,1,-1,0,0,0,-1,0,0,0,0,-1,0,4,-1,0,Atropellament,-1,2,2,5,-1,2,1,11.55,0,3,1,19,5
5603,2015,0,2015-07-22,N-340,CAMARLES,Baix Ebre,0,1,0,2,2,0,0,0,0,0,2,0,0,100.0,0.0,0,2,No n'hi ha,-1.0,1,3,0,0,0,0,1,0,0,0,0,0,0,0,3,-1,1,Envestida (frontal lateral),-1,1,2,4,1,2,1,1.55,2,2,2,22,7
5604,2015,1,2015-10-28,SE,SABADELL,Valles Occidental,3,0,1,0,2,1,0,0,0,1,0,0,0,100.0,0.0,0,2,No n'hi ha,-1.0,3,3,1,0,0,0,0,0,0,0,0,0,0,1,4,2,1,Atropellament,2,2,2,5,0,2,1,12.55,0,3,2,28,10
5605,2015,1,2015-02-19,SE,SALT,Girones,1,0,1,0,2,0,1,0,0,1,0,0,0,20.0,0.0,0,-1,No n'hi ha,-1.0,3,3,1,-1,0,0,0,-1,0,0,0,0,1,1,4,4,1,Fregament o col·lisió lateral,1,2,2,5,-1,2,1,9.56,0,2,3,19,2
5606,2015,0,2015-02-10,BV-2415,OLIVELLA,Garraf,3,0,1,0,1,0,0,1,0,0,0,0,0,50.0,0.0,0,3,No n'hi ha,-1.0,3,3,1,0,0,0,0,0,0,0,0,0,0,0,3,-1,1,Resta sortides de via,-1,1,2,4,1,2,1,21.36,1,1,1,10,2
5607,2015,1,2015-04-24,SE,SABADELL,Valles Occidental,3,0,1,0,2,0,0,0,1,1,0,0,0,100.0,0.0,0,2,No n'hi ha,-1.0,3,3,1,0,0,0,0,0,0,0,0,0,0,2,4,5,1,Fregament o col·lisió lateral,1,2,2,5,-1,2,1,12.26,0,2,4,24,4
5608,2015,1,2015-03-04,SE,CAMBRILS,Baix Camp,0,0,1,0,2,1,0,0,0,1,0,0,0,20.0,0.0,0,2,No n'hi ha,-1.0,3,3,1,0,0,0,0,0,0,0,0,0,0,1,1,4,0,Atropellament,0,2,2,5,-1,0,1,19.2,1,3,2,4,3
5609,2015,1,2015-01-01,SE,PORQUERES,Pla de l'Estany,1,0,1,0,2,1,0,0,0,1,0,0,0,50.0,0.0,0,2,No n'hi ha,-1.0,3,3,1,0,0,0,0,0,0,0,0,0,0,0,4,-1,1,Atropellament,-1,2,2,5,-1,2,1,9.53,0,3,3,1,1
5610,2015,1,2015-12-21,B-500,BADALONA,Barcelones,3,0,1,0,2,0,0,0,1,1,0,0,0,90.0,0.0,0,2,No n'hi ha,-1.0,3,3,1,-1,0,0,0,-1,0,0,0,0,-1,0,4,-1,1,Fregament o col·lisió lateral,-1,0,2,4,-1,2,1,13.15,0,2,0,21,12
5611,2015,1,2015-11-11,SE,LLORET DE MAR,Selva,1,0,1,0,1,0,0,0,0,0,0,1,0,100.0,0.0,0,2,No n'hi ha,-1.0,3,3,1,0,0,0,0,0,0,0,0,0,0,0,4,-1,1,Resta sortides de via,-1,2,2,5,0,2,1,13.0,0,1,2,11,11
5612,2015,0,2015-08-21,L-201,MALDA,Urgell,2,1,0,0,2,1,0,0,0,1,0,0,0,50.0,0.0,0,2,Carril lent,-1.0,3,3,0,0,1,0,0,0,1,0,0,0,0,2,3,5,1,Atropellament,3,1,2,4,2,2,1,4.51,2,3,4,21,8
5613,2015,1,2015-12-30,SE,BARCELONA,Barcelones,3,0,1,0,2,0,0,1,1,0,0,0,0,100.0,0.0,0,-1,No n'hi ha,-1.0,3,3,1,0,0,0,0,0,0,0,0,0,0,1,4,2,0,Fregament o col·lisió lateral,1,2,2,5,-1,2,1,16.0,1,2,2,30,12
5614,2015,1,2015-07-20,SE,REUS,Baix Camp,0,0,1,1,1,0,0,0,0,1,0,0,0,100.0,0.0,0,-1,No n'hi ha,-1.0,3,3,1,0,0,0,0,0,0,0,0,0,0,0,4,-1,-1,Altres,-1,2,2,5,-1,2,1,19.44,1,5,0,20,7
5615,2015,0,2015-07-03,C-32,SITGES,Garraf,3,1,0,1,2,1,0,0,0,1,0,0,0,100.0,0.0,0,3,No n'hi ha,-1.0,3,3,0,0,0,0,0,0,0,0,0,0,1,0,4,-1,0,Atropellament,-1,1,2,2,2,2,1,8.06,0,3,4,3,7
5616,2015,0,2015-07-08,AP-7,AIGUAVIVA,Girones,1,1,0,1,2,0,0,0,0,1,1,0,0,100.0,0.0,0,2,No n'hi ha,-1.0,3,3,0,0,0,0,0,0,0,0,0,0,0,0,4,-1,0,Encalç,-1,1,2,2,1,2,1,13.23,0,2,2,8,7
5617,2015,0,2015-07-04,C-25,MANRESA,Bages,3,0,1,0,2,0,0,0,1,1,0,0,0,100.0,0.0,0,2,No n'hi ha,-1.0,3,3,1,0,0,0,0,0,0,0,0,0,0,1,4,2,0,Fregament o col·lisió lateral,1,1,2,1,2,2,0,15.06,1,2,5,4,7
5618,2015,1,2015-07-27,SE,AMPOSTA,Montsia,0,0,1,0,2,1,0,0,0,1,0,0,0,100.0,0.0,0,2,No n'hi ha,-1.0,3,3,1,0,0,0,0,0,0,0,0,0,0,2,4,4,0,Atropellament,0,2,2,5,-1,2,1,12.48,0,3,0,27,7
5619,2015,1,2015-06-24,SE,FIGUERES,Alt Emporda,1,0,1,0,2,1,0,0,0,1,0,0,0,100.0,1.0,0,2,No n'hi ha,-1.0,3,3,1,0,0,0,0,0,0,0,0,0,0,0,0,-1,1,Atropellament,-1,2,2,5,-1,1,1,2.4,2,3,2,24,6
5620,2015,0,2015-07-06,C-32,SANT BOI DE LLOBREGAT,Baix Llobregat,3,0,1,0,2,0,0,0,1,0,1,0,0,80.0,0.0,0,2,No n'hi ha,-1.0,3,3,1,0,0,0,0,0,0,0,0,0,0,0,4,-1,0,Encalç,-1,1,2,2,2,2,1,18.45,1,2,0,6,7
5621,2015,1,2015-09-09,SE,BARCELONA,Barcelones,3,0,1,0,2,1,0,0,0,0,1,0,0,100.0,0.0,0,-1,No n'hi ha,-1.0,3,3,1,0,0,0,0,0,0,0,0,0,0,0,4,-1,1,Atropellament,-1,2,2,5,-1,2,1,8.25,0,3,2,9,9
5622,2015,1,2015-06-14,SE,SABADELL,Valles Occidental,3,0,1,0,2,0,0,0,1,0,1,0,0,100.0,0.0,0,-1,No n'hi ha,-1.0,3,3,1,0,0,0,0,0,0,0,0,0,0,0,4,-1,-1,Altres,-1,2,2,5,-1,2,0,18.44,1,5,6,14,6
5623,2015,0,2015-02-15,C-32,TEIA,Maresme,3,0,1,0,3,1,0,0,0,2,0,0,0,30.0,0.0,0,2,No n'hi ha,-1.0,3,3,1,0,0,0,0,0,1,0,0,0,0,0,4,-1,0,Atropellament,-1,1,2,2,2,2,0,16.11,1,3,6,15,2
5624,2015,0,2015-02-03,CR,ANGLES,Selva,1,0,1,0,1,0,0,0,0,1,0,0,0,100.0,0.0,0,2,No n'hi ha,-1.0,1,3,1,0,0,0,0,0,0,0,0,0,0,0,4,-1,1,Resta sortides de via,-1,1,2,0,3,2,1,14.25,1,1,1,3,2
5625,2015,1,2015-11-17,SE,BARCELONA,Barcelones,3,0,1,0,2,0,0,0,1,1,0,0,0,100.0,0.0,0,-1,No n'hi ha,-1.0,3,3,1,0,0,0,0,0,0,0,0,0,0,1,4,3,0,Envestida (frontal lateral),2,2,2,5,-1,2,1,12.05,0,2,1,17,11
5626,2015,0,2015-07-20,N-240,MONTBLANC,Conca de Barbera,0,0,1,0,1,0,0,0,1,0,0,0,0,100.0,0.0,0,2,No n'hi ha,-1.0,3,3,1,0,0,0,0,0,0,0,0,0,0,0,4,-1,1,Caiguda en la via,-1,1,2,4,1,2,1,17.46,1,0,0,20,7
5627,2015,0,2015-09-18,N-II,SANT ANDREU DE LLAVANERES,Maresme,3,0,1,0,2,0,1,0,0,1,0,0,0,100.0,0.0,0,2,No n'hi ha,-1.0,3,3,1,0,0,0,0,0,0,0,0,0,0,0,4,-1,1,Fregament o col·lisió lateral,-1,1,2,4,1,2,1,10.42,0,2,4,18,9
5628,2015,1,2015-09-16,SE,GIRONA,Girones,1,0,1,0,2,0,0,0,1,0,1,0,0,100.0,0.0,0,2,No n'hi ha,-1.0,3,3,1,0,0,0,0,0,0,0,0,0,0,1,4,3,1,Envestida (frontal lateral),2,2,2,5,-1,2,1,13.2,0,2,2,16,9
5629,2015,1,2015-09-21,SE,TERRASSA,Valles Occidental,3,0,1,0,2,0,0,0,1,1,0,0,0,100.0,0.0,0,-1,No n'hi ha,-1.0,3,3,1,0,0,0,0,0,0,0,0,0,0,0,4,-1,-1,Envestida (frontal lateral),-1,2,2,5,-1,2,1,13.15,0,2,0,21,9
5630,2015,1,2015-10-07,SE,MATARO,Maresme,3,1,0,0,2,0,0,0,1,0,1,0,0,20.0,0.0,0,-1,No n'hi ha,-1.0,3,3,0,-1,0,0,0,-1,0,0,0,0,-1,0,4,-1,0,Col·lisió frontal,-1,2,2,5,-1,2,1,7.5,0,2,2,7,10
5631,2015,1,2015-09-21,SE,BARCELONA,Barcelones,3,0,1,1,2,0,0,0,1,1,0,0,0,100.0,0.0,0,-1,No n'hi ha,-1.0,3,3,1,0,0,0,0,0,0,0,0,0,0,1,5,3,1,Envestida (frontal lateral),2,2,2,5,-1,2,1,22.45,2,2,0,21,9
5632,2015,0,2015-09-30,C-13,TALARN,Pallars Jussa,2,0,2,4,2,0,0,0,0,2,0,0,0,100.0,0.0,0,1,No n'hi ha,-1.0,3,3,1,0,0,0,0,0,0,0,0,0,0,0,2,-1,1,Envestida (frontal lateral),-1,1,2,4,2,2,1,8.0,0,2,2,30,9
5633,2015,1,2015-12-17,SE,MATARO,Maresme,3,1,0,0,1,0,0,0,1,0,0,0,0,20.0,0.0,0,2,No n'hi ha,-1.0,3,3,0,-1,0,0,0,-1,0,0,0,0,-1,0,4,-1,1,Xoc contra objecte/obstacle sense sortida prèvia de via,-1,2,2,5,-1,2,1,15.15,1,4,3,17,12
5634,2015,1,2015-06-29,SE,LLORET DE MAR,Selva,1,1,0,0,1,0,0,1,0,0,0,0,0,40.0,0.0,0,2,No n'hi ha,-1.0,3,3,0,0,0,0,0,0,0,0,0,0,0,2,5,3,1,Altres,0,2,2,5,-1,2,1,3.31,2,5,0,29,6
5635,2015,1,2015-10-30,SE,BADALONA,Barcelones,3,0,1,1,2,0,0,0,0,1,1,0,0,20.0,0.0,0,-1,No n'hi ha,-1.0,3,3,1,-1,0,0,0,-1,0,0,0,0,-1,0,4,-1,0,Envestida (frontal lateral),-1,2,2,5,-1,2,1,9.34,0,2,4,30,10
5636,2015,1,2015-10-02,SE,BARCELONA,Barcelones,3,0,1,1,3,1,0,0,1,1,0,0,0,100.0,0.0,0,-1,No n'hi ha,-1.0,3,3,1,0,0,0,0,0,0,0,0,0,1,1,5,3,0,Atropellament,2,2,2,5,-1,2,0,23.15,2,3,4,2,10
5637,2015,1,2015-10-21,SE,RUBI,Valles Occidental,3,0,1,0,2,0,0,0,1,1,0,0,0,100.0,0.0,0,2,No n'hi ha,-1.0,3,3,1,0,0,0,0,0,0,0,0,0,0,1,4,4,1,Col·lisió frontal,1,2,2,5,-1,2,1,14.1,1,2,2,21,10
5638,2015,1,2015-11-29,SE,MACANET DE LA SELVA,Selva,1,0,1,0,2,0,0,0,1,1,0,0,0,30.0,0.0,0,2,No n'hi ha,-1.0,3,3,1,0,1,0,0,0,0,0,0,0,0,0,4,-1,1,Caiguda en la via,-1,2,2,5,0,2,0,13.39,0,0,6,29,11
5639,2015,1,2015-03-19,SE,GIRONA,Girones,1,0,1,0,2,1,0,0,0,0,1,0,0,20.0,0.0,0,-1,No n'hi ha,-1.0,3,3,1,0,-1,0,0,0,0,0,0,0,0,0,4,-1,-1,Atropellament,-1,2,2,5,-1,2,1,13.32,0,3,3,19,3
5640,2015,1,2015-01-09,SE,TERRASSA,Valles Occidental,3,0,1,0,2,1,0,0,0,1,0,0,0,100.0,0.0,0,-1,No n'hi ha,-1.0,3,3,1,0,0,0,0,0,0,0,0,0,0,0,4,-1,-1,Atropellament,-1,2,2,5,-1,2,0,16.2,1,3,4,9,1
5641,2015,1,2015-01-16,N-230,BOSSOST,Val d'Aran,2,0,1,0,2,1,0,0,0,1,0,0,0,50.0,0.0,0,1,No n'hi ha,-1.0,3,3,1,0,0,0,0,0,0,0,0,0,0,0,5,-1,1,Atropellament,-1,0,2,4,1,2,0,19.31,1,3,4,16,1
5642,2015,1,2015-06-01,C-31B,SALOU,Tarragones,0,0,1,0,2,0,0,0,1,1,0,0,0,40.0,0.0,0,2,No n'hi ha,-1.0,3,3,1,0,0,0,0,0,0,0,0,0,0,1,1,4,0,Xoc contra objecte/obstacle sense sortida prèvia de via,0,0,2,4,2,2,1,20.15,1,4,0,1,6
5643,2015,0,2015-10-05,C-55,CALLUS,Bages,3,1,0,0,3,0,0,0,0,2,1,0,0,100.0,0.0,0,3,No n'hi ha,-1.0,3,3,0,0,0,0,0,0,0,0,0,0,0,0,4,-1,1,Col·lisió frontal,-1,1,2,4,2,2,1,14.37,1,2,0,5,10
5644,2015,0,2015-06-06,CR,TORA,Segarra,2,0,1,0,1,0,1,0,0,0,0,0,0,40.0,0.0,0,2,No n'hi ha,-1.0,3,3,1,0,0,0,0,0,0,0,0,1,0,0,4,-1,1,Caiguda en la via,-1,1,2,0,3,2,0,12.37,0,0,5,6,6
5645,2015,1,2015-08-12,SE,ROSES,Alt Emporda,1,0,1,0,2,0,0,0,1,1,0,0,0,40.0,0.0,0,-1,No n'hi ha,-1.0,3,3,1,-1,0,0,0,-1,0,0,0,0,0,0,4,-1,1,Envestida (frontal lateral),-1,2,2,5,-1,2,1,17.3,1,2,2,12,8
5646,2015,1,2015-09-08,SE,VILASSAR DE MAR,Maresme,3,0,1,1,2,0,0,0,0,2,0,0,0,20.0,0.0,0,-1,No n'hi ha,-1.0,3,3,1,-1,-1,0,0,-1,0,0,0,0,-1,0,4,-1,1,Envestida (frontal lateral),-1,2,2,5,-1,2,1,12.5,0,2,1,8,9
5647,2015,1,2015-12-04,SE,MANRESA,Bages,3,0,3,4,5,3,0,0,0,2,0,0,0,100.0,0.0,0,2,No n'hi ha,-1.0,3,3,1,0,0,0,0,0,0,0,0,0,0,1,4,4,0,Atropellament,1,2,2,5,-1,2,0,16.34,1,3,4,4,12
5648,2015,1,2015-10-21,SE,TERRASSA,Valles Occidental,3,0,1,0,2,1,0,0,0,1,0,0,0,100.0,0.0,0,-1,No n'hi ha,-1.0,3,3,1,0,0,0,0,0,0,0,0,0,0,0,4,-1,-1,Atropellament,-1,2,2,5,-1,2,1,19.4,1,3,2,21,10
5649,2015,1,2015-05-05,SE,BARCELONA,Barcelones,3,0,1,1,3,1,0,0,1,1,0,0,0,100.0,0.0,0,-1,Carril bus,-1.0,3,3,1,0,0,0,0,0,0,0,0,0,0,0,4,-1,0,Atropellament,-1,2,2,5,-1,2,1,15.58,1,3,1,5,5
5650,2015,0,2015-06-06,C-1415c,ARGENTONA,Maresme,3,0,1,0,2,0,2,0,0,0,0,0,0,90.0,0.0,0,-1,Sense Especificar,-1.0,3,3,1,0,0,0,0,0,0,0,0,0,0,0,4,-1,-1,Altres,-1,1,2,4,4,2,0,12.15,0,5,5,6,6
5651,2015,0,2015-04-12,AP-7,CAMBRILS,Baix Camp,0,3,3,0,1,0,0,0,0,1,0,0,0,100.0,0.0,0,3,No n'hi ha,-1.0,3,3,0,0,0,0,0,0,0,0,0,0,0,0,4,-1,0,Resta sortides de via,-1,1,2,2,1,2,0,17.21,1,1,6,12,4
5652,2015,0,2015-02-28,B-210,VILADECANS,Baix Llobregat,3,0,1,1,2,0,0,0,0,1,1,0,0,70.0,0.0,0,2,No n'hi ha,-1.0,3,3,1,0,0,0,0,0,0,0,0,0,0,0,3,-1,1,Col·lisió frontal,-1,1,2,4,3,2,0,1.45,2,2,5,28,2
5653,2015,0,2015-08-05,BP-1417,SANT CUGAT DEL VALLES,Valles Occidental,3,0,1,0,1,0,0,0,1,0,0,0,0,100.0,0.0,0,1,No n'hi ha,-1.0,3,3,1,0,0,0,0,0,0,0,0,0,0,0,4,-1,1,Caiguda en la via,-1,1,2,4,3,2,1,18.4,1,0,2,5,8
5654,2015,1,2015-12-01,SE,BARCELONA,Barcelones,3,0,1,1,3,0,0,0,2,1,0,0,0,100.0,0.0,0,-1,Carril reversible,-1.0,3,3,1,0,0,0,0,0,0,0,0,0,0,1,5,4,0,Envestida (frontal lateral),2,2,2,5,-1,2,1,18.15,1,2,1,1,12
5655,2015,1,2015-11-05,SE,LLICA DE VALL,Valles Oriental,3,0,1,0,1,0,0,0,0,1,0,0,0,20.0,0.0,0,3,No n'hi ha,-1.0,3,3,1,-1,0,0,0,-1,0,0,0,0,-1,0,5,-1,0,Xoc contra objecte/obstacle sense sortida prèvia de via,-1,2,2,5,-1,2,1,2.4,2,4,3,5,11
5656,2015,0,2015-08-27,SE,PINOS,Solsones,2,0,1,1,1,0,0,0,1,0,0,0,0,100.0,0.0,0,1,No n'hi ha,-1.0,3,3,1,0,0,0,0,0,0,0,0,0,0,0,3,-1,1,Caiguda en la via,-1,1,0,0,-1,2,1,20.46,1,0,3,27,8
5657,2015,1,2015-10-25,SE,MATARO,Maresme,3,0,1,0,2,1,0,0,0,1,0,0,0,20.0,0.0,0,-1,No n'hi ha,-1.0,3,3,1,-1,0,0,0,-1,0,0,0,0,0,0,2,-1,1,Atropellament,-1,2,2,5,-1,2,0,14.1,1,3,6,25,10
5658,2015,1,2015-11-30,SE,MOLLET DEL VALLES,Valles Oriental,3,0,1,1,3,0,2,0,0,1,0,0,0,100.0,0.0,0,2,No n'hi ha,-1.0,3,3,1,0,0,0,0,0,1,0,0,0,0,0,4,-1,1,Envestida (frontal lateral),-1,2,2,5,-1,2,1,12.51,0,2,0,30,11
5659,2015,0,2015-07-26,C-16,GUARDIOLA DE BERGUEDA,Bergueda,3,1,1,2,3,0,0,0,0,3,0,0,0,60.0,0.0,0,2,No n'hi ha,-1.0,3,3,0,0,1,0,0,0,0,0,0,0,0,0,4,-1,1,Col·lisió frontal,-1,1,2,4,2,2,0,17.48,1,2,6,26,7
5660,2015,1,2015-11-03,SE,RUBI,Valles Occidental,3,0,1,0,2,1,0,0,0,1,0,0,0,100.0,0.0,0,2,No n'hi ha,-1.0,1,3,1,0,0,0,0,0,0,0,0,0,0,2,5,4,1,Atropellament,1,2,2,5,-1,2,1,21.0,1,3,1,3,11
5661,2015,0,2015-08-30,C-16,CASSERRES,Bergueda,3,1,3,0,2,0,0,0,0,2,0,0,0,100.0,0.0,0,3,No n'hi ha,-1.0,3,3,0,0,0,0,0,0,0,0,0,0,0,0,3,-1,1,Col·lisió frontal,-1,1,2,2,2,2,0,21.42,1,2,6,30,8
5662,2015,1,2015-10-22,B-210,GAVA,Baix Llobregat,3,0,1,0,2,1,0,0,0,1,0,0,0,90.0,0.0,0,2,No n'hi ha,-1.0,3,3,1,-1,0,0,0,-1,0,0,0,0,-1,1,4,2,0,Atropellament,1,0,2,4,-1,2,1,19.3,1,3,3,22,10
5663,2015,0,2015-02-03,AP-7,FOGARS DE TORDERA,Selva,3,0,1,0,1,0,0,0,0,0,1,0,0,40.0,0.0,0,1,No n'hi ha,-1.0,3,3,1,0,0,0,0,0,0,0,0,0,0,2,3,5,1,Resta sortides de via,3,1,2,2,1,2,1,0.29,2,1,1,3,2
5664,2015,0,2015-03-22,BV-2176,CASTELLVI DE LA MARC,Alt Penedes,3,0,1,0,1,0,0,0,0,1,0,0,0,100.0,0.0,0,0,No n'hi ha,-1.0,3,3,1,0,0,0,0,0,0,0,0,0,0,0,4,-1,1,Resta sortides de via,-1,1,2,4,3,2,0,16.03,1,1,6,22,3
5665,2015,1,2015-04-21,SE,GIRONA,Girones,1,0,1,0,2,0,0,0,1,1,0,0,0,100.0,0.0,0,2,No n'hi ha,-1.0,3,3,1,0,0,0,0,0,0,0,0,0,0,1,4,4,1,Envestida (frontal lateral),2,2,2,5,-1,2,1,16.51,1,2,1,21,4
5666,2015,1,2015-06-05,SE,TORROELLA DE MONTGRI,Baix Emporda,1,0,1,0,2,0,1,0,0,1,0,0,0,20.0,0.0,0,2,No n'hi ha,-1.0,3,3,1,-1,0,0,0,-1,0,0,0,0,0,1,4,4,0,Envestida (frontal lateral),2,2,2,5,-1,2,0,18.2,1,2,4,5,6
5667,2015,0,2015-11-04,B-10,BARCELONA,Barcelones,3,0,1,1,3,0,0,0,1,2,0,0,0,80.0,0.0,0,-1,No n'hi ha,3.0,3,3,1,0,0,1,0,0,0,0,0,0,0,0,4,-1,0,Encalç,-1,1,2,1,-1,2,1,17.15,1,2,2,4,11
5668,2015,1,2015-12-30,SE,REUS,Baix Camp,0,0,1,0,2,1,0,0,0,1,0,0,0,100.0,0.0,0,-1,No n'hi ha,-1.0,3,3,1,0,0,0,0,0,0,0,0,0,0,0,4,-1,-1,Atropellament,-1,2,2,5,-1,2,1,15.11,1,3,2,30,12
5669,2015,1,2015-12-23,SE,GIRONA,Girones,1,0,1,1,2,0,0,0,1,1,0,0,0,100.0,0.0,0,3,No n'hi ha,-1.0,3,3,1,0,0,0,0,0,0,0,0,0,0,2,5,3,1,Envestida (frontal lateral),1,2,2,5,-1,2,1,18.42,1,2,2,23,12
5670,2015,0,2015-10-05,N-II,CABRERA DE MAR,Maresme,3,0,1,0,4,0,0,0,1,3,0,0,0,100.0,0.0,0,2,No n'hi ha,-1.0,3,3,1,0,0,0,0,0,0,0,0,0,0,0,4,-1,1,Envestida (frontal lateral),-1,1,2,4,-1,2,1,17.35,1,2,0,5,10
5671,2015,1,2015-10-31,SE,SABADELL,Valles Occidental,3,0,1,0,2,0,0,0,1,0,1,0,0,100.0,0.0,0,2,No n'hi ha,-1.0,3,3,1,0,0,0,0,0,0,0,0,0,0,0,4,-1,0,Xoc contra objecte/obstacle sense sortida prèvia de via,-1,2,2,5,-1,2,0,16.11,1,4,5,31,10
5672,2015,0,2015-06-23,C-1412a,CALONGE DE SEGARRA,Anoia,3,1,0,0,2,0,0,0,0,1,1,0,0,100.0,0.0,0,1,No n'hi ha,-1.0,1,3,0,0,0,0,1,0,0,0,0,0,0,0,2,-1,1,Envestida (frontal lateral),-1,1,2,4,2,2,1,15.21,1,2,1,23,6
5673,2015,1,2015-10-20,SE,BARCELONA,Barcelones,3,0,1,0,1,0,0,1,0,0,0,0,0,100.0,0.0,0,-1,No n'hi ha,-1.0,3,3,1,0,0,0,0,0,0,0,1,0,0,0,4,-1,0,Xoc contra objecte/obstacle sense sortida prèvia de via,-1,2,2,5,-1,2,1,12.05,0,4,1,20,10
5674,2015,0,2015-12-22,C-16z,OLVAN,Bergueda,3,0,2,2,2,0,0,0,0,2,0,0,0,50.0,0.0,0,2,No n'hi ha,-1.0,3,3,1,0,0,0,0,0,0,0,0,0,0,0,3,-1,1,Col·lisió frontal,-1,1,2,4,4,2,1,18.26,1,2,1,22,12
5675,2015,1,2015-06-11,SE,ARGENTONA,Maresme,3,0,1,0,2,0,1,0,0,1,0,0,0,100.0,0.0,0,-1,No n'hi ha,-1.0,3,3,1,0,0,0,0,0,0,0,0,0,0,0,4,-1,-1,Altres,-1,2,2,5,-1,2,1,20.2,1,5,3,11,6
5676,2015,1,2015-06-02,SE,MATARO,Maresme,3,0,1,0,2,0,0,1,0,1,0,0,0,20.0,0.0,0,2,No n'hi ha,-1.0,3,3,1,-1,0,0,0,-1,0,0,0,0,-1,1,4,4,1,Encalç,3,2,2,5,-1,2,1,7.5,0,2,1,2,6
5677,2015,1,2015-02-13,SE,BARCELONA,Barcelones,3,0,1,0,2,1,0,0,0,1,0,0,0,100.0,1.0,0,-1,Carril bici,-1.0,3,3,1,0,0,0,0,0,0,0,0,0,0,1,4,3,0,Atropellament,2,2,2,5,-1,2,0,16.25,1,3,4,13,2