,Year,Area,Date,Road,Municipality Name,County Name,Province Name,Fatalties,Serious Injuries,Light Injuries,Units Involved,Pedestrains Involved,Bicycles Involved,Mopeds Involved,Motorcycles,Light Vehicles Involved,Heavy Vehicles Involved,Other Units Involved,Unspecified Units Involved,Road Speed Limit,Accident with Hit and Run,Fog Presence,Surrounding Environment,Special Lane Presence,Special Traffic Measures,Weather Conditions,Special Road Functions,Severity of Accident,Influence of Fog,Influence of Environment,Influence of Traffic,Influence of Weather,Influence of Wind Intensity,Influence of Lighting,Influence of Special Measures,Influence of Road Objects,Influence of Road Surface,Influence of Visibility,Intersection Characteristics,Lighting Conditions,Traffic Regulation and Priority,Direction of Road,Subtype of Accident,Subtype of Road Section,Subzone within Area,Road Surface Conditions,Type of Road,Road Ownership,Wind Conditions,Day of the Week Grouping,Hour of Day,Time of Day Grouping,Type of Accident,Day Type,Day,Month
5678,2015,1,2015-04-28,SE,TORREDEMBARRA,Tarragones,0,0,1,0,3,0,0,0,1,2,0,0,0,100.0,0.0,0,2,No n'hi ha,-1.0,3,3,1,0,0,0,0,0,0,0,0,0,0,2,4,5,1,Envestida (frontal lateral),1,2,2,5,-1,2,1,11.45,0,2,1,28,4
5679,2015,0,2015-01-16,N-420,PRADELL DE LA TEIXETA,Priorat,0,1,1,0,2,0,0,0,0,1,1,0,0,80.0,0.0,0,2,No n'hi ha,-1.0,1,3,0,0,0,0,1,0,0,0,0,0,0,0,4,-1,1,Col·lisió frontal,-1,1,2,4,1,2,1,12.57,0,2,4,16,1
5680,2015,1,2015-12-21,SE,TARRAGONA,Tarragones,0,1,0,0,2,1,0,0,0,1,0,0,0,100.0,0.0,0,2,No n'hi ha,-1.0,3,3,0,0,0,0,0,0,0,0,0,0,0,2,5,-1,0,Atropellament,2,2,2,5,-1,2,1,7.12,0,3,0,21,12
5681,2015,0,2015-12-23,C-31,FONTANILLES,Baix Emporda,1,1,1,1,2,0,0,0,0,2,0,0,0,100.0,0.0,0,2,No n'hi ha,-1.0,3,3,0,0,0,0,0,0,0,0,0,0,0,0,4,-1,1,Encalç,-1,1,2,4,2,2,1,12.41,0,2,2,23,12
5682,2015,0,2015-05-27,BV-1432,LLICA D'AMUNT,Valles Oriental,3,0,1,1,2,0,0,0,0,2,0,0,0,40.0,0.0,0,2,No n'hi ha,-1.0,3,3,1,0,0,0,0,0,0,0,0,0,0,1,4,4,1,Resta sortides de via,0,1,2,4,3,2,1,17.15,1,1,2,27,5
5683,2015,1,2015-10-05,SE,SABADELL,Valles Occidental,3,0,1,0,2,1,1,0,0,0,0,0,0,100.0,0.0,0,2,No n'hi ha,-1.0,3,3,1,0,0,0,0,0,0,0,0,0,0,2,4,3,1,Atropellament,2,2,2,5,0,2,1,11.33,0,3,0,5,10
5684,2015,1,2015-07-11,SE,BARCELONA,Barcelones,3,0,2,1,2,0,0,0,1,0,1,0,0,100.0,0.0,0,-1,No n'hi ha,-1.0,3,3,1,0,0,0,0,0,0,0,0,0,0,1,4,3,0,Envestida (frontal lateral),2,2,2,5,-1,2,0,18.15,1,2,5,11,7
5685,2015,1,2015-07-26,SE,BARCELONA,Barcelones,3,0,1,2,2,0,0,0,0,1,1,0,0,100.0,0.0,0,-1,No n'hi ha,-1.0,3,3,1,0,0,1,0,0,0,0,0,0,0,1,5,3,0,Envestida (frontal lateral),2,2,2,5,-1,2,0,21.55,1,2,6,26,7
5686,2015,1,2015-06-25,N-II,PREMIA DE MAR,Maresme,3,0,1,0,2,0,0,0,1,1,0,0,0,50.0,0.0,0,2,No n'hi ha,-1.0,3,3,1,0,0,0,0,0,0,0,0,0,0,0,4,-1,1,Encalç,-1,0,2,4,1,2,1,13.41,0,2,3,25,6
5687,2015,1,2015-12-15,SE,SANTA PERPETUA DE MO,Valles Occidental,3,0,1,0,2,1,0,0,0,1,0,0,0,40.0,0.0,0,2,No n'hi ha,-1.0,3,3,1,0,0,0,0,0,0,0,0,0,0,0,1,-1,1,Atropellament,-1,2,2,5,-1,2,1,7.5,0,3,1,15,12
5688,2015,1,2015-11-30,SE,CASTELLNOU DE SEANA,Pla d'Urgell,2,0,1,0,3,2,0,0,0,1,0,0,0,100.0,0.0,0,2,No n'hi ha,-1.0,3,3,1,0,0,0,0,0,0,0,0,0,0,0,4,-1,1,Atropellament,-1,2,3,5,-1,2,1,15.06,1,3,0,30,11
5689,2015,0,2015-05-27,N-340,OLERDOLA,Alt Penedes,3,1,0,1,2,0,0,0,1,0,1,0,0,80.0,0.0,0,3,No n'hi ha,-1.0,3,3,0,0,0,0,0,0,0,0,0,0,0,0,3,-1,1,Col·lisió frontal,-1,1,2,4,1,2,1,2.16,2,2,2,27,5
5690,2015,0,2015-02-12,BV-2249,GELIDA,Alt Penedes,3,0,1,1,3,2,0,0,0,1,0,0,0,40.0,0.0,0,1,No n'hi ha,-1.0,3,3,1,0,1,0,0,0,0,0,0,0,0,0,4,-1,1,Atropellament,-1,1,2,4,3,2,1,14.32,1,3,3,12,2
5691,2015,0,2015-01-26,A-2,BELLPUIG,Urgell,2,0,1,0,3,0,0,0,0,3,0,0,0,100.0,0.0,0,2,No n'hi ha,-1.0,3,3,1,0,0,0,0,0,0,0,0,0,0,0,4,-1,0,Resta sortides de via,-1,1,2,1,1,2,1,16.44,1,1,0,26,1
5692,2015,0,2015-03-23,C-243a,SUBIRATS,Alt Penedes,3,0,1,0,1,0,0,0,0,1,0,0,0,100.0,0.0,0,2,No n'hi ha,-1.0,3,3,1,0,0,0,0,0,0,0,0,0,0,0,2,-1,1,Resta sortides de via,-1,1,2,4,2,2,1,8.01,0,1,0,23,3
5693,2015,0,2015-01-11,C-1415c,ARGENTONA,Maresme,3,0,1,1,2,0,0,0,1,1,0,0,0,70.0,0.0,0,2,No n'hi ha,-1.0,3,3,1,0,0,0,0,0,0,0,0,0,0,0,3,-1,1,Envestida (frontal lateral),-1,1,2,4,3,2,0,18.1,1,2,6,11,1
5694,2015,1,2015-11-25,SE,LLEIDA,Segria,2,0,1,0,2,1,0,0,0,1,0,0,0,20.0,0.0,0,-1,No n'hi ha,-1.0,3,3,1,-1,0,0,0,-1,0,0,0,0,-1,1,4,2,1,Atropellament,2,2,2,5,-1,2,1,16.5,1,3,2,25,11
5695,2015,1,2015-12-01,SE,CORNELLA DE LLOBREGAT,Baix Llobregat,3,0,1,1,2,0,0,1,0,1,0,0,0,20.0,0.0,0,2,No n'hi ha,-1.0,3,3,1,-1,0,0,0,-1,0,0,0,0,-1,1,4,4,0,Envestida (frontal lateral),2,2,2,5,-1,2,1,16.0,1,2,1,1,12
5696,2015,0,2015-07-19,N-420,"MASROIG, EL",Priorat,0,1,0,0,3,1,0,0,0,2,0,0,0,100.0,0.0,0,2,No n'hi ha,-1.0,3,3,0,0,0,0,0,0,0,0,0,0,0,0,1,-1,1,Atropellament,-1,1,2,4,1,2,0,21.15,1,3,6,19,7
5697,2015,0,2015-09-11,B-124,CASTELLAR DEL VALLES,Valles Occidental,3,0,1,0,2,1,0,0,0,1,0,0,0,50.0,0.0,0,2,Carril acceleració,-1.0,3,3,1,-1,0,0,0,-1,0,0,0,0,-1,0,5,-1,1,Atropellament,-1,1,2,4,0,2,1,6.3,0,3,4,11,9
5698,2015,0,2015-06-29,T-323,MONT-ROIG DEL CAMP,Baix Camp,0,0,1,3,2,0,0,0,0,2,0,0,0,100.0,0.0,0,2,No n'hi ha,-1.0,3,3,1,0,0,0,0,0,0,0,0,0,0,1,4,4,1,Envestida (frontal lateral),0,1,2,4,2,2,1,15.05,1,2,0,29,6
5699,2015,0,2015-07-03,A-7,TARRAGONA,Tarragones,0,0,2,0,3,1,0,0,0,2,0,0,0,100.0,0.0,0,2,No n'hi ha,-1.0,3,3,1,0,0,0,0,0,0,0,0,0,0,0,4,-1,1,Atropellament,-1,1,2,1,1,2,1,11.4,0,3,4,3,7
5700,2015,0,2015-08-10,N-340,SANT VICENC DELS HORTS,Baix Llobregat,3,0,1,0,2,0,0,0,1,1,0,0,0,60.0,0.0,0,2,No n'hi ha,-1.0,3,3,1,0,0,0,0,0,0,0,0,0,0,2,4,2,1,Fregament o col·lisió lateral,3,1,2,4,1,2,1,11.39,0,2,0,10,8
5701,2015,1,2015-08-04,SE,LLORET DE MAR,Selva,1,0,1,0,2,0,0,1,0,1,0,0,0,100.0,0.0,0,2,No n'hi ha,-1.0,3,3,1,0,0,1,0,0,0,0,0,0,0,1,4,4,1,Envestida (frontal lateral),3,2,2,5,-1,2,1,11.15,0,2,1,4,8
5702,2015,1,2015-07-18,GIV-6502,PALS,Baix Emporda,1,0,1,1,2,1,0,0,1,0,0,0,0,100.0,0.0,0,2,No n'hi ha,-1.0,3,3,1,0,0,0,0,0,0,0,0,0,0,0,4,-1,1,Atropellament,-1,0,2,4,3,2,0,21.17,1,3,5,18,7
5703,2015,0,2015-08-12,CR,"ALDEA, L'",Baix Ebre,0,0,1,0,1,0,0,0,1,0,0,0,0,100.0,0.0,0,2,No n'hi ha,-1.0,3,3,1,0,0,0,0,0,0,0,0,0,0,0,4,-1,0,Resta sortides de via,-1,1,2,0,0,2,1,18.3,1,1,2,12,8
5704,2015,1,2015-09-06,SE,BARCELONA,Barcelones,3,0,1,0,2,0,0,0,1,1,0,0,0,100.0,0.0,0,-1,No n'hi ha,-1.0,3,3,1,0,0,0,0,0,0,0,0,0,0,1,5,3,1,Envestida (frontal lateral),2,2,2,5,-1,2,0,0.13,2,2,6,6,9
5705,2015,1,2015-05-06,SE,VILANOVA DEL VALLES,Valles Oriental,3,0,1,0,3,0,0,1,0,2,0,0,0,50.0,0.0,0,2,No n'hi ha,-1.0,3,3,1,-1,0,0,0,-1,0,0,0,0,-1,0,4,-1,1,Fregament o col·lisió lateral,-1,2,2,5,0,2,1,15.4,1,2,2,6,5
5706,2015,1,2015-06-11,SE,SANT BOI DE LLOBREGAT,Baix Llobregat,3,0,1,0,2,0,0,1,0,1,0,0,0,30.0,0.0,0,1,No n'hi ha,-1.0,3,3,1,0,0,0,0,0,0,0,0,0,0,1,4,4,1,Fregament o col·lisió lateral,0,2,2,5,-1,2,1,7.39,0,2,3,11,6
5707,2015,1,2015-09-07,SE,REUS,Baix Camp,0,0,1,0,2,0,0,0,1,1,0,0,0,100.0,0.0,0,-1,No n'hi ha,-1.0,3,3,1,0,0,0,0,0,0,0,0,0,0,0,4,-1,-1,Caiguda en la via,-1,2,2,5,-1,2,1,12.45,0,0,0,7,9
5708,2015,0,2015-12-25,C-12,GARCIA,Ribera d'Ebre,0,2,0,1,2,0,0,0,0,2,0,0,0,100.0,0.0,0,2,Carril central,-1.0,3,3,0,0,0,0,0,0,0,0,0,0,1,1,3,4,1,Col·lisió frontal,1,1,2,4,2,2,0,20.28,1,2,4,25,12
5709,2015,0,2015-03-20,C-55,MANRESA,Bages,3,0,2,0,2,0,0,0,0,2,0,0,0,100.0,0.0,0,1,No n'hi ha,-1.0,3,3,1,0,0,0,0,0,0,0,0,0,0,0,2,-1,1,Col·lisió frontal,-1,1,2,4,2,2,1,13.52,0,2,4,20,3
5710,2015,1,2015-02-21,SE,GAVA,Baix Llobregat,3,0,1,0,7,0,0,0,0,7,0,0,0,20.0,0.0,0,2,No n'hi ha,-1.0,3,3,1,-1,0,0,0,-1,0,0,0,0,-1,1,5,4,0,Fregament o col·lisió lateral,0,2,2,5,-1,2,0,6.4,0,2,5,21,2
5711,2015,1,2015-03-12,SE,HOSPITALET DE LLOBREGAT,Barcelones,3,0,1,0,2,0,0,0,2,0,0,0,0,20.0,0.0,0,-1,No n'hi ha,-1.0,3,3,1,0,0,0,0,0,0,0,0,0,0,1,4,4,-1,Envestida (frontal lateral),1,2,2,5,-1,2,1,16.43,1,2,3,12,3
5712,2015,1,2015-02-18,SE,SABADELL,Valles Occidental,3,0,1,0,2,0,0,0,1,1,0,0,0,30.0,0.0,0,2,No n'hi ha,-1.0,3,3,1,0,0,0,0,0,0,0,0,0,0,1,5,4,0,Envestida (frontal lateral),2,2,2,5,-1,2,1,22.2,2,2,2,18,2
5713,2015,1,2015-02-15,SE,BADALONA,Barcelones,3,0,1,0,1,0,0,0,1,0,0,0,0,20.0,0.0,0,-1,Habilitació voral/carril addicional,-1.0,3,3,1,-1,0,0,0,0,0,0,0,0,-1,0,5,-1,0,Sortida de via amb bolcada,-1,2,2,5,-1,1,0,0.05,2,1,6,15,2
5714,2015,0,2015-02-18,C-32,MATARO,Maresme,3,1,1,0,2,0,0,0,0,2,0,0,0,100.0,0.0,0,3,No n'hi ha,-1.0,3,3,0,0,0,0,0,0,0,0,0,0,0,0,4,-1,1,Col·lisió frontal,-1,1,2,2,2,2,1,13.25,0,2,2,18,2
5715,2015,1,2015-01-25,C-245,GAVA,Baix Llobregat,3,0,1,1,2,0,0,0,1,1,0,0,0,100.0,0.0,0,-1,No n'hi ha,-1.0,3,3,1,0,0,0,0,0,0,0,0,0,0,0,4,-1,-1,Envestida (frontal lateral),-1,0,2,4,-1,2,0,9.28,0,2,6,25,1
5716,2015,1,2015-05-13,SE,ALCARRAS,Segria,2,0,1,0,2,1,0,0,0,1,0,0,0,20.0,0.0,0,-1,No n'hi ha,-1.0,3,3,1,0,0,0,0,0,0,0,0,0,0,1,4,2,-1,Atropellament,2,2,2,5,-1,2,1,11.15,0,3,2,13,5
5717,2015,0,2015-07-24,N-IIa,SANT JULIA DE RAMIS,Girones,1,0,1,0,2,0,0,0,1,1,0,0,0,60.0,0.0,0,2,Carril d'alentiment,-1.0,3,3,1,0,0,0,0,0,0,0,0,0,0,1,4,4,1,Envestida (frontal lateral),1,1,2,4,1,2,1,9.23,0,2,4,24,7
5718,2015,1,2015-11-29,SE,FALSET,Priorat,0,0,1,0,2,0,0,0,1,1,0,0,0,100.0,0.0,0,2,No n'hi ha,-1.0,3,3,1,0,0,0,0,0,0,0,0,0,0,0,4,-1,1,Envestida (frontal lateral),-1,2,2,5,-1,2,0,9.54,0,2,6,29,11
5719,2015,0,2015-11-03,C-31,VILANOVA I LA GELTRU,Garraf,3,0,2,3,5,0,0,0,0,5,0,0,0,90.0,0.0,0,-1,Sense Especificar,-1.0,3,3,1,0,0,0,0,0,0,0,0,0,0,0,4,-1,-1,Col·lisió frontal,-1,1,2,4,4,2,1,19.5,1,2,1,3,11
5720,2015,0,2015-07-28,B-124,MONISTROL DE CALDERS,Moianès,3,0,1,0,1,0,0,0,1,0,0,0,0,90.0,0.0,0,-1,Sense Especificar,-1.0,3,3,1,0,0,0,0,0,0,0,0,0,0,0,4,-1,-1,Resta sortides de via,-1,1,2,4,4,2,1,20.0,1,1,1,28,7
5721,2015,1,2015-10-22,SE,MATARO,Maresme,3,0,1,0,3,0,0,0,1,2,0,0,0,20.0,0.0,0,-1,No n'hi ha,-1.0,3,3,1,0,0,0,0,0,0,0,0,0,0,1,4,5,-1,Envestida (frontal lateral),2,2,2,5,-1,2,1,13.2,0,2,3,22,10
5722,2015,0,2015-07-03,N-II,FIGUERES,Alt Emporda,1,0,1,3,1,0,0,0,0,0,1,0,0,80.0,0.0,0,0,No n'hi ha,-1.0,3,3,1,0,0,0,0,0,0,0,0,0,0,0,4,-1,1,Resta sortides de via,-1,1,2,4,1,2,0,19.04,1,1,4,3,7
5723,2015,1,2015-06-01,SE,VILADAMAT,Alt Emporda,1,0,1,0,2,0,1,0,0,1,0,0,0,100.0,0.0,0,2,No n'hi ha,-1.0,3,3,1,0,0,0,0,0,0,0,0,0,0,1,4,4,1,Caiguda en la via,2,2,2,5,-1,2,1,16.14,1,0,0,1,6
5724,2015,0,2015-06-14,C-17,MOLLET DEL VALLES,Valles Oriental,3,0,1,0,1,0,0,0,1,0,0,0,0,50.0,0.0,0,2,No n'hi ha,-1.0,1,3,1,0,0,0,1,0,0,0,0,0,0,1,5,5,1,Resta sortides de via,0,1,2,1,-1,2,0,2.57,2,1,6,14,6
5725,2015,1,2015-06-25,SE,JUNEDA,Garrigues,2,0,1,0,1,0,0,1,0,0,0,0,0,100.0,0.0,0,1,No n'hi ha,-1.0,3,3,1,0,0,0,0,0,0,0,0,0,0,0,5,-1,1,Caiguda en la via,-1,2,2,5,-1,2,1,21.23,1,0,3,25,6
5726,2015,0,2015-08-02,N-150,CERDANYOLA DEL VALLES,Valles Occidental,3,0,1,3,1,0,0,0,0,1,0,0,0,60.0,0.0,0,1,No n'hi ha,-1.0,3,3,1,0,0,0,0,0,0,0,0,0,0,1,1,5,0,Resta sortides de via,3,1,2,4,2,2,0,7.15,0,1,6,2,8
5727,2015,1,2015-12-27,SE,MONT-ROIG DEL CAMP,Baix Camp,0,0,1,0,2,1,0,0,0,1,0,0,0,100.0,0.0,0,-1,No n'hi ha,-1.0,3,3,1,0,0,0,0,0,0,0,0,0,0,0,4,-1,-1,Atropellament,-1,2,2,5,-1,2,0,17.15,1,3,6,27,12
5728,2015,1,2015-05-24,SE,TORTOSA,Baix Ebre,0,0,1,0,2,0,0,1,0,1,0,0,0,100.0,0.0,0,2,No n'hi ha,-1.0,3,3,1,0,0,0,0,0,0,0,0,0,0,0,3,-1,1,Xoc contra objecte/obstacle sense sortida prèvia de via,-1,2,2,5,0,2,0,22.3,2,4,6,24,5
5729,2015,0,2015-04-06,CR,PUIGVERD DE LLEIDA,Segria,2,0,1,0,2,1,0,0,0,1,0,0,0,100.0,0.0,0,3,No n'hi ha,-1.0,3,3,1,0,0,0,0,0,0,0,0,0,0,0,4,-1,1,Atropellament,-1,1,0,0,4,2,1,12.31,0,3,0,6,4
5730,2015,1,2015-01-18,BV-5224,SANT PERE DE TORELLO,Osona,3,0,1,1,2,0,0,0,0,2,0,0,0,90.0,0.0,0,-1,Sense Especificar,-1.0,3,1,1,0,0,0,0,0,0,0,0,0,0,0,4,-1,-1,Col·lisió frontal,-1,0,2,4,4,2,0,6.13,0,2,6,18,1
5731,2015,1,2015-02-18,SE,CERDANYOLA DEL VALLES,Valles Occidental,3,0,1,0,2,0,0,0,1,1,0,0,0,100.0,0.0,0,2,No n'hi ha,-1.0,3,3,1,0,0,0,0,0,0,0,0,0,0,1,5,5,1,Envestida (frontal lateral),1,2,2,5,1,2,1,21.0,1,2,2,18,2
5732,2015,0,2015-03-15,CR,TREMP,Pallars Jussa,2,0,1,0,2,1,0,0,0,1,0,0,0,100.0,0.0,0,2,No n'hi ha,-1.0,3,3,1,0,0,0,0,0,0,0,0,0,0,1,4,5,1,Atropellament,0,1,2,0,0,2,0,13.45,0,3,6,15,3
5733,2015,1,2015-10-30,C-153,RODA DE TER,Osona,3,0,1,0,2,0,0,0,1,1,0,0,0,90.0,0.0,0,-1,Sense Especificar,-1.0,3,1,1,0,0,0,0,0,0,0,0,0,0,2,4,-1,-1,Envestida (frontal lateral),2,0,2,4,4,2,0,17.47,1,2,4,30,10
5734,2015,1,2015-07-03,SE,MATARO,Maresme,3,0,1,0,2,0,0,1,1,0,0,0,0,20.0,0.0,0,-1,No n'hi ha,-1.0,3,3,1,0,-1,0,0,0,0,0,0,0,0,1,4,4,-1,Envestida (frontal lateral),2,2,2,5,0,2,1,10.4,0,2,4,3,7
5735,2015,0,2015-06-23,C-31,GUALTA,Baix Emporda,1,1,0,0,2,0,1,0,0,0,1,0,0,100.0,0.0,0,2,No n'hi ha,-1.0,3,3,0,0,0,0,0,0,0,0,0,0,0,0,4,-1,1,Encalç,-1,1,2,4,2,2,1,10.57,0,2,1,23,6
5736,2015,1,2015-06-22,SE,CORNELLA DE LLOBREGAT,Baix Llobregat,3,0,1,1,2,0,0,0,0,2,0,0,0,20.0,,0,-1,No n'hi ha,-1.0,3,3,1,0,-1,0,0,0,0,0,0,0,0,1,4,4,-1,Envestida (frontal lateral),2,2,2,5,-1,2,1,18.25,1,2,0,22,6
5737,2015,0,2015-07-12,N-340,"AMETLLA DE MAR, L'",Baix Ebre,0,0,2,1,2,0,0,0,1,1,0,0,0,100.0,0.0,0,0,No n'hi ha,-1.0,3,3,1,0,0,0,0,0,0,0,0,0,0,1,1,4,1,Envestida (frontal lateral),2,1,2,4,1,2,0,21.45,1,2,6,12,7
5738,2015,1,2015-07-22,SE,VILANOVA I LA GELTRU,Garraf,3,0,1,1,2,0,0,0,1,1,0,0,0,100.0,0.0,0,-1,No n'hi ha,-1.0,3,3,1,0,0,0,0,0,0,0,0,0,0,0,4,-1,-1,Envestida (frontal lateral),-1,2,2,5,-1,2,1,9.0,0,2,2,22,7
5740,2015,0,2015-08-19,T-322,MONT-ROIG DEL CAMP,Baix Camp,0,0,1,0,2,0,1,0,0,1,0,0,0,90.0,0.0,0,-1,Sense Especificar,-1.0,3,3,1,0,0,0,0,0,0,0,0,0,0,0,4,-1,-1,Envestida (frontal lateral),-1,1,2,4,4,2,1,11.43,0,2,2,19,8
5741,2015,0,2015-09-22,B-502,CABRERA DE MAR,Maresme,3,0,1,0,2,0,1,0,0,1,0,0,0,100.0,0.0,0,2,No n'hi ha,-1.0,3,3,1,0,0,0,0,0,0,0,0,0,0,1,4,4,1,Fregament o col·lisió lateral,0,1,2,4,3,2,1,10.4,0,2,1,22,9
5742,2015,1,2015-11-30,SE,TERRASSA,Valles Occidental,3,0,1,2,2,0,0,0,0,2,0,0,0,100.0,0.0,0,-1,No n'hi ha,-1.0,3,3,1,0,0,0,0,0,0,0,0,0,0,0,4,-1,-1,Envestida (frontal lateral),-1,2,2,5,-1,2,1,16.5,1,2,0,30,11
5743,2015,1,2015-04-14,SE,BARCELONA,Barcelones,3,0,1,1,2,1,0,0,1,0,0,0,0,100.0,0.0,0,-1,No n'hi ha,-1.0,3,3,1,0,0,0,0,0,0,0,0,0,0,0,4,-1,0,Atropellament,-1,2,2,5,-1,2,1,15.3,1,3,1,14,4
5744,2015,1,2015-04-19,SE,BARCELONA,Barcelones,3,0,1,0,2,0,0,1,0,1,0,0,0,30.0,0.0,0,-1,No n'hi ha,-1.0,3,3,1,0,0,0,0,0,0,0,0,0,0,1,4,4,0,Envestida (frontal lateral),2,2,2,5,-1,2,0,17.05,1,2,6,19,4
5745,2015,0,2015-02-06,N-IIa,CORBERA DE LLOBREGAT,Baix Llobregat,3,0,1,1,2,0,0,0,1,0,1,0,0,90.0,0.0,0,2,No n'hi ha,-1.0,3,3,1,0,0,0,0,0,1,0,0,0,0,0,4,-1,1,Fregament o col·lisió lateral,-1,1,2,4,1,2,1,9.36,0,2,4,6,2
5746,2015,0,2015-03-06,A-2,SANT VICENC DELS HORTS,Baix Llobregat,3,0,1,0,2,0,0,0,1,1,0,0,0,100.0,0.0,0,2,No n'hi ha,-1.0,3,3,1,0,0,0,0,0,0,0,0,0,0,0,4,-1,0,Encalç,-1,1,2,1,1,2,1,14.48,1,2,4,6,3
5747,2015,1,2015-02-18,SE,SANT BOI DE LLOBREGAT,Baix Llobregat,3,0,1,0,2,1,0,0,0,1,0,0,0,100.0,0.0,0,-1,No n'hi ha,-1.0,3,3,1,0,0,0,0,0,1,0,0,0,0,0,4,-1,-1,Atropellament,-1,2,2,5,-1,2,1,10.06,0,3,2,18,2
5748,2015,1,2015-04-04,SE,AMPOSTA,Montsia,0,0,1,0,2,0,0,0,1,0,1,0,0,100.0,0.0,0,2,No n'hi ha,-1.0,3,3,1,0,0,0,0,0,0,0,0,0,0,0,4,-1,1,Envestida (frontal lateral),-1,2,2,5,-1,2,0,9.14,0,2,5,4,4
5749,2015,0,2015-01-25,LP-7041,SOSES,Segria,2,0,1,0,1,0,0,0,1,0,0,0,0,100.0,0.0,0,1,No n'hi ha,-1.0,3,3,1,0,0,0,0,0,0,0,0,0,0,0,4,-1,1,Caiguda en la via,-1,1,2,4,2,2,0,12.54,0,0,6,25,1
5750,2015,0,2015-03-22,C-55,SANT JOAN DE VILATOR,Bages,3,0,2,4,4,0,0,0,0,4,0,0,0,100.0,0.0,0,2,No n'hi ha,-1.0,1,3,1,0,0,0,0,0,0,0,0,0,0,0,2,-1,1,Envestida (frontal lateral),-1,1,2,4,2,2,0,16.45,1,2,6,22,3
5751,2015,1,2015-08-26,T-200,VALLS,Alt Camp,0,0,1,0,2,1,0,0,0,1,0,0,0,100.0,0.0,0,-1,No n'hi ha,-1.0,3,3,1,0,0,0,0,0,0,0,0,0,0,0,4,-1,-1,Atropellament,-1,0,2,4,-1,2,1,18.0,1,3,2,26,8
5752,2015,1,2015-11-20,SE,BARCELONA,Barcelones,3,0,1,0,2,0,0,0,1,0,1,0,0,100.0,0.0,0,-1,Carril bus,-1.0,3,3,1,0,0,0,0,0,0,0,0,0,0,1,5,3,0,Envestida (frontal lateral),2,2,2,5,-1,2,0,23.5,2,2,4,20,11
5753,2015,1,2015-08-29,SE,BARCELONA,Barcelones,3,0,1,0,2,0,1,0,1,0,0,0,0,100.0,0.0,0,-1,No n'hi ha,-1.0,3,3,1,0,0,0,0,0,0,0,0,0,0,1,4,3,0,Envestida (frontal lateral),2,2,2,5,-1,2,0,20.2,1,2,5,29,8
5754,2015,1,2015-07-30,C-246a,VILANOVA I LA GELTRU,Garraf,3,0,2,1,2,0,0,1,0,1,0,0,0,100.0,0.0,0,2,No n'hi ha,-1.0,3,3,1,0,0,0,0,0,0,0,0,0,0,1,4,3,1,Envestida (frontal lateral),2,0,2,4,-1,2,1,20.1,1,2,3,30,7
5755,2015,1,2015-08-26,SE,ESPLUGUES DE LLOBREGAT,Baix Llobregat,3,0,1,0,2,0,0,0,1,1,0,0,0,20.0,0.0,0,-1,No n'hi ha,-1.0,3,3,1,-1,0,0,0,-1,0,0,0,0,-1,1,4,2,0,Envestida (frontal lateral),0,2,2,5,-1,2,1,18.35,1,2,2,26,8
5756,2015,1,2015-10-22,SE,VIC,Osona,3,0,1,3,2,0,0,0,0,2,0,0,0,100.0,0.0,0,2,No n'hi ha,-1.0,3,3,1,0,0,0,0,0,0,0,0,0,0,1,1,4,1,Envestida (frontal lateral),2,2,2,5,-1,2,1,7.3,0,2,3,22,10
5757,2015,0,2015-08-29,C-12,ASCO,Ribera d'Ebre,0,0,2,1,2,0,0,0,1,1,0,0,0,70.0,0.0,0,2,No n'hi ha,-1.0,3,3,1,0,0,0,0,0,0,0,0,0,0,1,4,4,1,Envestida (frontal lateral),3,1,2,4,2,2,0,11.48,0,2,5,29,8
5758,2015,0,2015-07-24,GI-674,LLAGOSTERA,Girones,1,0,1,0,2,0,0,0,1,0,1,0,0,100.0,0.0,0,0,No n'hi ha,-1.0,3,3,1,0,0,0,0,0,0,0,0,0,0,0,4,-1,1,Altres,-1,1,2,4,2,2,0,15.27,1,5,4,24,7
5759,2015,1,2015-06-20,SE,CASTELLO D'EMPURIES,Alt Emporda,1,1,0,0,2,1,0,0,0,1,0,0,0,20.0,,0,2,No n'hi ha,-1.0,3,3,0,-1,0,0,0,-1,0,0,0,0,-1,0,5,-1,0,Atropellament,-1,2,2,5,-1,2,0,2.18,2,3,5,20,6
5760,2015,1,2015-12-26,SE,SABADELL,Valles Occidental,3,0,1,2,3,0,0,0,0,3,0,0,0,100.0,0.0,0,-1,No n'hi ha,-1.0,3,3,1,0,0,0,0,0,0,0,0,0,0,0,4,-1,-1,Encalç,-1,2,2,5,-1,2,0,22.25,2,2,5,26,12
5761,2015,0,2015-12-17,BV-1201,CASTELLBISBAL,Valles Occidental,3,0,1,0,2,0,1,0,0,1,0,0,0,70.0,0.0,0,1,No n'hi ha,-1.0,3,3,1,0,0,0,0,0,0,0,0,0,0,0,3,-1,1,Encalç,-1,1,2,4,3,2,1,20.4,1,2,3,17,12