,Year,Area,Date,Road,Municipality Name,County Name,Province Name,Fatalties,Serious Injuries,Light Injuries,Units Involved,Pedestrains Involved,Bicycles Involved,Mopeds Involved,Motorcycles,Light Vehicles Involved,Heavy Vehicles Involved,Other Units Involved,Unspecified Units Involved,Road Speed Limit,Accident with Hit and Run,Fog Presence,Surrounding Environment,Special Lane Presence,Special Traffic Measures,Weather Conditions,Special Road Functions,Severity of Accident,Influence of Fog,Influence of Environment,Influence of Traffic,Influence of Weather,Influence of Wind Intensity,Influence of Lighting,Influence of Special Measures,Influence of Road Objects,Influence of Road Surface,Influence of Visibility,Intersection Characteristics,Lighting Conditions,Traffic Regulation and Priority,Direction of Road,Subtype of Accident,Subtype of Road Section,Subzone within Area,Road Surface Conditions,Type of Road,Road Ownership,Wind Conditions,Day of the Week Grouping,Hour of Day,Time of Day Grouping,Type of Accident,Day Type,Day,Month
5762,2015,0,2015-04-26,C-44,TIVISSA,Ribera d'Ebre,0,1,1,0,1,0,0,0,0,1,0,0,0,100.0,0.0,0,2,No n'hi ha,-1.0,3,3,0,0,0,0,0,0,0,0,0,0,0,0,4,-1,1,Resta sortides de via,-1,1,2,4,2,2,0,15.58,1,1,6,26,4
5763,2015,0,2015-01-30,B-224,MASQUEFA,Anoia,3,1,2,0,4,0,0,0,0,4,0,0,0,100.0,0.0,0,0,No n'hi ha,-1.0,3,3,0,0,0,0,0,1,0,0,0,0,0,0,1,-1,1,Col·lisió frontal,-1,1,2,4,3,0,1,7.05,0,2,4,30,1
5764,2015,1,2015-03-18,SE,LLEIDA,Segria,2,0,1,0,2,1,0,0,0,1,0,0,0,100.0,0.0,0,-1,No n'hi ha,-1.0,3,3,1,0,0,0,0,0,0,0,0,0,0,0,4,-1,-1,Atropellament,-1,2,2,5,-1,2,1,13.3,0,3,2,18,3
5765,2015,1,2015-05-13,SE,SANT PERE DE RIBES,Garraf,3,0,1,0,2,1,0,0,0,1,0,0,0,100.0,0.0,0,2,No n'hi ha,-1.0,3,3,1,0,0,0,0,0,0,0,0,0,0,0,4,-1,1,Atropellament,-1,2,2,5,-1,2,1,13.45,0,3,2,13,5
5766,2015,1,2015-05-06,SE,"PRAT DE LLOBREGAT, E",Baix Llobregat,3,0,1,0,2,1,1,0,0,0,0,0,0,100.0,0.0,0,-1,No n'hi ha,-1.0,3,3,1,0,0,0,0,0,0,0,0,0,0,0,4,-1,-1,Atropellament,-1,2,2,5,-1,2,1,18.5,1,3,2,6,5
5767,2015,1,2015-12-04,SE,CORNELLA DE LLOBREGAT,Baix Llobregat,3,0,1,0,2,0,0,1,0,1,0,0,0,20.0,0.0,0,2,No n'hi ha,-1.0,3,3,1,-1,0,0,0,-1,0,0,0,0,-1,1,5,3,1,Col·lisió frontal,2,2,2,5,-1,2,0,19.1,1,2,4,4,12
5768,2015,1,2015-07-07,SE,SABADELL,Valles Occidental,3,0,1,0,2,1,0,0,0,1,0,0,0,100.0,1.0,0,2,No n'hi ha,-1.0,3,3,1,0,0,0,0,0,0,0,0,0,0,0,4,-1,1,Atropellament,-1,2,2,5,-1,2,1,15.38,1,3,1,7,7
5769,2015,1,2015-02-24,SE,SANT CUGAT DEL VALLES,Valles Occidental,3,0,1,0,2,0,0,0,1,1,0,0,0,20.0,0.0,0,-1,No n'hi ha,-1.0,3,3,1,-1,-1,0,0,-1,0,0,0,0,-1,1,4,4,-1,Envestida (frontal lateral),0,2,2,5,-1,2,1,11.0,0,2,1,24,2
5770,2015,1,2015-06-23,SE,GIRONA,Girones,1,0,1,0,2,0,0,0,1,1,0,0,0,30.0,0.0,0,2,No n'hi ha,-1.0,3,3,1,0,0,0,0,0,0,0,0,0,0,1,4,4,0,Envestida (frontal lateral),2,2,2,5,-1,2,1,10.52,0,2,1,23,6
5771,2015,1,2015-06-13,SE,ARGENTONA,Maresme,3,0,1,0,2,1,0,0,0,1,0,0,0,100.0,0.0,0,-1,No n'hi ha,-1.0,3,3,1,0,0,0,0,0,0,0,0,0,0,0,4,-1,-1,Atropellament,-1,2,2,5,-1,2,0,12.15,0,3,5,13,6
5772,2015,0,2015-08-29,N-340,VANDELLOS I L'HOSPITALET DE L'INFANT,Baix Camp,0,0,1,0,2,1,0,0,0,1,0,0,0,100.0,0.0,0,-1,No n'hi ha,-1.0,3,3,1,0,0,0,0,0,0,0,0,0,0,0,4,-1,-1,Atropellament,-1,1,2,4,-1,2,0,14.0,1,3,5,29,8
5773,2015,0,2015-10-20,N-340,VALLIRANA,Baix Llobregat,3,0,1,0,2,0,0,0,1,1,0,0,0,60.0,0.0,0,2,Carril avançament,-1.0,3,3,1,0,0,0,0,0,0,0,0,0,0,0,4,-1,1,Altres,-1,1,2,4,1,2,1,14.05,1,5,1,20,10
5774,2015,0,2015-05-26,T-330,ARNES,Terra Alta,0,1,0,0,2,0,0,0,1,1,0,0,0,100.0,0.0,0,2,No n'hi ha,-1.0,3,3,0,0,0,0,0,0,0,0,0,0,0,2,4,4,1,Fregament o col·lisió lateral,1,1,2,4,2,2,1,15.15,1,2,1,26,5
5775,2015,1,2015-02-27,SE,BARCELONA,Barcelones,3,1,0,1,9,1,0,1,6,1,0,0,0,100.0,0.0,0,-1,No n'hi ha,-1.0,3,3,0,0,0,0,0,0,0,0,0,0,0,1,4,3,0,Atropellament,2,2,2,5,-1,2,1,14.02,1,3,4,27,2
5776,2015,0,2015-03-10,GI-520,VILADRAU,Osona,1,0,1,2,1,0,0,0,0,1,0,0,0,100.0,0.0,0,1,No n'hi ha,-1.0,3,3,1,0,0,0,0,0,0,0,0,0,0,0,1,-1,1,Resta sortides de via,-1,1,2,4,4,2,1,17.55,1,1,1,10,3
5777,2015,1,2015-09-07,SE,HOSPITALET DE LLOBREGAT,Barcelones,3,0,1,0,4,0,0,0,1,3,0,0,0,20.0,0.0,0,-1,No n'hi ha,-1.0,3,3,1,-1,0,0,0,-1,0,0,0,0,0,0,4,-1,1,Envestida (frontal lateral),-1,2,2,5,-1,2,1,10.5,0,2,0,7,9
5778,2015,1,2015-08-31,SE,IGUALADA,Anoia,3,0,1,0,2,1,0,0,0,1,0,0,0,50.0,0.0,0,-1,No n'hi ha,-1.0,3,3,1,-1,-1,0,0,-1,0,0,0,0,-1,1,4,2,-1,Atropellament,2,2,2,5,-1,2,1,11.28,0,3,0,31,8
5779,2015,1,2015-12-21,SE,MATADEPERA,Valles Occidental,3,1,0,0,3,0,0,0,0,3,0,0,0,100.0,0.0,0,2,No n'hi ha,-1.0,3,3,0,0,0,0,0,0,0,0,0,0,0,2,4,4,1,Xoc contra objecte/obstacle sense sortida prèvia de via,1,2,2,5,-1,2,1,14.4,1,4,0,21,12
5780,2015,1,2015-09-19,SE,HOSPITALET DE LLOBREGAT,Barcelones,3,1,0,0,2,0,0,0,1,0,1,0,0,20.0,0.0,0,2,No n'hi ha,-1.0,3,3,0,-1,0,0,0,-1,0,0,0,0,0,1,4,5,1,Envestida (frontal lateral),2,2,2,5,-1,2,0,18.13,1,2,5,19,9
5781,2015,0,2015-09-14,C-58CC,MONTCADA I REIXAC,Valles Occidental,3,0,1,0,2,0,0,0,1,1,0,0,0,90.0,0.0,0,2,Carril bus,-1.0,3,3,1,0,0,0,0,0,0,0,1,0,0,2,4,5,1,Xoc contra objecte/obstacle sense sortida prèvia de via,3,1,2,4,2,2,1,9.39,0,4,0,14,9
5782,2015,0,2015-07-28,N-260,FONTANALS DE CERDANYA,Cerdanya,1,0,1,0,2,0,0,0,1,1,0,0,0,100.0,0.0,0,1,No n'hi ha,-1.0,3,3,1,0,0,0,0,0,0,0,0,0,0,0,4,-1,1,Fregament o col·lisió lateral,-1,1,2,4,1,2,1,13.09,0,2,1,28,7
5783,2015,1,2015-07-05,SE,"VENDRELL, EL",Baix Penedes,0,0,1,0,2,0,0,1,0,1,0,0,0,40.0,0.0,0,-1,No n'hi ha,-1.0,3,3,1,-1,0,0,0,-1,0,0,0,0,1,1,4,4,0,Envestida (frontal lateral),0,2,2,5,-1,2,0,20.33,1,2,6,5,7
5784,2015,0,2015-08-08,C-60,ARGENTONA,Maresme,3,0,1,0,2,0,0,0,1,1,0,0,0,120.0,0.0,0,2,No n'hi ha,-1.0,1,3,1,0,0,0,0,0,1,0,0,0,0,0,3,-1,0,Caiguda en la via,-1,1,2,1,2,2,0,22.04,2,0,5,8,8
5785,2015,1,2015-10-14,SE,BARCELONA,Barcelones,3,0,1,3,6,1,0,0,1,4,0,0,0,100.0,0.0,0,-1,No n'hi ha,-1.0,3,3,1,0,0,1,0,0,0,0,0,0,0,0,1,-1,1,Atropellament,-1,2,2,5,-1,2,1,19.45,1,3,2,14,10
5786,2015,1,2015-06-11,SE,OLESA DE MONTSERRAT,Baix Llobregat,3,0,1,0,2,0,0,0,1,1,0,0,0,20.0,0.0,0,-1,No n'hi ha,-1.0,3,3,1,-1,-1,0,0,-1,0,0,0,0,0,1,4,4,-1,Envestida (frontal lateral),2,2,2,5,-1,2,1,13.1,0,2,3,11,6
5787,2015,1,2015-04-06,SE,VILANOVA I LA GELTRU,Garraf,3,0,1,0,2,0,0,0,1,1,0,0,0,30.0,0.0,0,2,No n'hi ha,-1.0,3,3,1,0,0,0,0,0,0,0,0,0,0,1,4,-1,1,Envestida (frontal lateral),1,2,2,5,-1,2,1,13.3,0,2,0,6,4
5788,2015,1,2015-02-20,SE,CASTELLO D'EMPURIES,Alt Emporda,1,0,1,2,2,0,0,0,0,2,0,0,0,100.0,0.0,0,2,No n'hi ha,0.0,3,3,1,0,0,0,0,0,0,0,0,0,0,1,4,4,1,Envestida (frontal lateral),2,2,2,5,-1,2,1,13.26,0,2,4,20,2
5789,2015,1,2015-04-21,SE,HOSPITALET DE LLOBREGAT,Barcelones,3,0,2,0,2,0,0,0,2,0,0,0,0,20.0,0.0,0,-1,No n'hi ha,-1.0,3,3,1,-1,0,0,0,-1,0,0,0,0,0,0,1,-1,1,Envestida (frontal lateral),-1,2,2,5,-1,2,1,20.29,1,2,1,21,4
5790,2015,0,2015-01-19,A-2,LLEIDA,Segria,2,1,0,0,2,1,0,0,0,0,1,0,0,100.0,0.0,0,0,Carril acceleració,-1.0,3,3,0,0,0,0,0,0,0,0,0,0,0,1,3,4,0,Atropellament,3,1,2,1,1,2,1,3.57,2,3,0,19,1
5791,2015,0,2015-05-19,AP-7,REUS,Baix Camp,0,0,1,0,1,0,0,0,1,0,0,0,0,120.0,0.0,0,-1,Sense Especificar,-1.0,3,3,1,0,0,0,0,0,0,0,0,0,0,0,4,-1,-1,Altres,-1,1,2,2,4,2,1,17.32,1,5,1,19,5
5792,2015,0,2015-12-27,BV-5001,"ROCA DEL VALLES, LA",Valles Oriental,3,0,2,0,2,0,0,0,0,2,0,0,0,90.0,0.0,0,-1,Sense Especificar,-1.0,3,3,1,0,0,0,0,0,0,0,0,0,0,0,4,-1,-1,Col·lisió frontal,-1,1,2,4,4,2,0,21.39,1,2,6,27,12
5793,2015,1,2015-12-16,SE,TARRAGONA,Tarragones,0,0,1,0,2,0,1,0,0,1,0,0,0,20.0,0.0,0,2,No n'hi ha,-1.0,3,3,1,-1,0,0,0,-1,0,0,0,0,-1,0,5,-1,0,Fregament o col·lisió lateral,-1,2,2,5,-1,2,1,20.15,1,2,2,16,12
5794,2015,0,2015-08-11,CR20,GIRONA,Girones,1,1,0,0,2,0,0,0,1,0,1,0,0,70.0,0.0,0,0,Carril central,-1.0,3,3,0,0,0,0,0,0,0,0,0,0,0,1,4,4,1,Envestida (frontal lateral),1,1,2,0,3,2,1,14.45,1,2,1,11,8
5795,2015,1,2015-07-16,SE,CAMBRILS,Baix Camp,0,2,0,0,3,2,0,0,0,1,0,0,0,30.0,0.0,0,2,Carril bici,-1.0,3,3,0,0,0,0,0,0,0,0,0,0,0,0,4,-1,1,Atropellament,-1,2,2,5,-1,2,1,16.0,1,3,3,16,7
5796,2015,1,2015-09-19,SE,BANYOLES,Pla de l'Estany,1,0,1,0,2,1,0,0,0,1,0,0,0,100.0,0.0,0,2,No n'hi ha,-1.0,3,3,1,0,0,0,0,0,0,0,0,0,0,0,4,-1,1,Atropellament,-1,2,2,5,-1,2,0,13.0,0,3,5,19,9
5797,2015,0,2015-09-17,N-340,VANDELLOS I L'HOSPITALET DE L'INFANT,Baix Camp,0,0,1,1,4,0,0,0,0,1,2,1,0,100.0,0.0,0,3,No n'hi ha,-1.0,3,3,1,0,0,0,0,0,0,0,0,0,0,0,4,-1,1,Col·lisió frontal,-1,1,2,4,1,2,1,15.2,1,2,3,17,9
5798,2015,1,2015-02-02,B-224,SANT ESTEVE SESROVIRES,Baix Llobregat,3,1,0,2,2,0,0,0,0,2,0,0,0,60.0,0.0,0,2,No n'hi ha,-1.0,3,3,0,0,0,0,0,0,0,0,0,0,0,0,0,-1,1,Envestida (frontal lateral),-1,0,2,4,2,2,1,20.0,1,2,0,2,2
5799,2015,1,2015-02-13,SE,BARCELONA,Barcelones,3,0,1,0,2,0,1,0,0,1,0,0,0,30.0,0.0,0,-1,No n'hi ha,-1.0,3,3,1,0,0,0,0,0,0,0,0,0,1,1,4,4,0,Envestida (frontal lateral),2,2,2,5,-1,2,0,18.1,1,2,4,13,2
5800,2015,0,2015-09-06,LP-7041,SOSES,Segria,2,2,1,2,5,0,4,0,0,1,0,0,0,100.0,0.0,0,1,No n'hi ha,-1.0,3,3,0,0,0,0,0,0,0,0,0,0,0,0,4,-1,1,Altres,-1,1,2,4,2,2,0,8.17,0,5,6,6,9
5801,2015,1,2015-11-25,SE,BARCELONA,Barcelones,3,1,0,0,2,0,0,0,1,1,0,0,0,100.0,0.0,0,-1,No n'hi ha,-1.0,3,3,0,0,0,0,0,0,0,0,0,0,0,1,5,3,1,Envestida (frontal lateral),1,2,2,5,-1,2,1,20.5,1,2,2,25,11
5802,2015,0,2015-07-18,A-2,SANT VICENC DELS HORTS,Baix Llobregat,3,0,2,0,2,0,0,0,1,1,0,0,0,100.0,0.0,0,2,No n'hi ha,-1.0,3,3,1,0,0,0,0,0,0,0,0,0,0,0,4,-1,1,Fregament o col·lisió lateral,-1,1,2,1,1,2,0,15.34,1,2,5,18,7
5803,2015,0,2015-06-29,N-II,PREMIA DE MAR,Maresme,3,0,1,0,2,1,0,0,1,0,0,0,0,100.0,0.0,0,1,No n'hi ha,-1.0,3,3,1,0,0,0,0,0,0,0,0,0,0,1,4,4,1,Atropellament,1,1,2,4,1,2,1,7.58,0,3,0,29,6
5804,2015,1,2015-10-14,SE,VILASSAR DE MAR,Maresme,3,0,1,0,1,0,0,0,0,1,0,0,0,20.0,0.0,0,-1,No n'hi ha,-1.0,3,3,1,-1,0,0,0,-1,0,0,0,0,0,1,4,4,1,Xoc contra objecte/obstacle sense sortida prèvia de via,0,2,2,5,-1,2,1,12.3,0,4,2,14,10
5805,2015,1,2015-08-31,SE,VIC,Osona,3,0,1,0,2,1,0,0,0,1,0,0,0,100.0,0.0,0,2,No n'hi ha,-1.0,3,3,1,0,0,0,0,0,0,0,0,0,0,0,4,-1,0,Atropellament,-1,2,2,5,-1,2,1,10.24,0,3,0,31,8
5806,2015,0,2015-09-18,N-420,MORA D'EBRE,Ribera d'Ebre,0,1,0,1,1,0,0,0,0,0,1,0,0,100.0,0.0,0,2,No n'hi ha,-1.0,3,3,0,0,0,0,0,0,0,0,0,0,0,0,4,-1,1,Resta sortides de via,-1,1,2,4,1,2,1,14.29,1,1,4,18,9
5807,2015,1,2015-07-21,SE,HOSPITALET DE LLOBREGAT,Barcelones,3,0,1,0,2,1,0,0,0,0,1,0,0,20.0,0.0,0,-1,No n'hi ha,-1.0,3,3,1,0,-1,0,0,0,0,0,0,0,0,0,4,-1,-1,Atropellament,-1,2,2,5,-1,2,1,10.2,0,3,1,21,7
5808,2015,1,2015-06-17,SE,BARCELONA,Barcelones,3,0,1,0,2,1,1,0,0,0,0,0,0,100.0,0.0,0,-1,No n'hi ha,-1.0,3,3,1,0,0,0,0,0,0,0,0,0,0,0,4,-1,0,Atropellament,-1,2,2,5,-1,2,1,9.45,0,3,2,17,6
5809,2015,0,2015-08-18,C-25,RAJADELL,Bages,3,0,1,0,1,0,0,0,0,1,0,0,0,120.0,0.0,0,-1,Sense Especificar,-1.0,3,3,1,0,0,0,0,0,0,0,0,0,0,0,4,-1,-1,Resta sortides de via,-1,1,2,1,4,2,1,7.06,0,1,1,18,8
5810,2015,1,2015-09-24,SE,SABADELL,Valles Occidental,3,0,1,0,2,1,0,0,0,1,0,0,0,30.0,0.0,0,2,No n'hi ha,-1.0,3,3,1,0,0,0,0,0,0,0,0,0,0,1,4,-1,0,Atropellament,2,2,2,5,-1,2,1,19.26,1,3,3,24,9
5811,2015,1,2015-06-09,SE,SANT JOAN DESPI,Baix Llobregat,3,0,1,0,2,0,0,0,1,1,0,0,0,100.0,0.0,0,2,No n'hi ha,-1.0,3,3,1,0,0,0,0,0,0,0,0,0,0,0,1,-1,1,Envestida (frontal lateral),-1,2,2,5,-1,2,1,7.2,0,2,1,9,6
5812,2015,0,2015-02-15,C-12B,ASCO,Ribera d'Ebre,0,0,1,0,1,0,0,0,1,0,0,0,0,100.0,0.0,0,1,No n'hi ha,-1.0,3,3,1,0,0,0,0,0,0,0,0,0,0,0,4,-1,1,Caiguda en la via,-1,1,2,4,2,2,0,12.36,0,0,6,15,2
5813,2015,1,2015-11-26,SE,BARCELONA,Barcelones,3,0,1,0,2,1,0,0,1,0,0,0,0,30.0,0.0,0,-1,No n'hi ha,-1.0,3,3,1,0,0,0,0,0,0,0,0,0,0,0,4,-1,1,Atropellament,-1,2,2,5,-1,2,1,8.5,0,3,3,26,11
5814,2015,0,2015-06-17,A-2,BELL-LLOC D'URGELL,Pla d'Urgell,2,0,1,0,1,0,0,0,0,0,1,0,0,50.0,0.0,0,0,No n'hi ha,-1.0,3,3,1,0,0,0,0,0,0,0,0,0,0,1,3,5,0,Resta sortides de via,3,1,2,1,1,2,1,4.26,2,1,2,17,6
5815,2015,1,2015-12-03,SE,MOLLERUSSA,Pla d'Urgell,2,0,1,0,2,0,0,0,1,1,0,0,0,100.0,0.0,0,2,No n'hi ha,-1.0,3,3,1,0,0,0,0,0,0,0,0,0,0,0,5,-1,1,Envestida (frontal lateral),-1,2,2,5,0,2,1,21.3,1,2,3,3,12
5816,2015,0,2015-12-17,C-65,CASSA DE LA SELVA,Girones,1,0,1,0,2,0,0,1,1,0,0,0,0,100.0,0.0,0,2,Carril central,-1.0,3,3,1,0,0,0,0,0,0,0,0,0,0,1,3,4,1,Col·lisió frontal,3,1,2,4,2,2,1,22.05,2,2,3,17,12
5817,2015,1,2015-07-21,SE,BADALONA,Barcelones,3,0,1,0,2,0,0,0,1,1,0,0,0,20.0,0.0,0,2,No n'hi ha,-1.0,3,3,1,-1,0,0,0,-1,0,0,0,0,-1,1,4,3,0,Envestida (frontal lateral),2,2,2,5,-1,2,1,13.0,0,2,1,21,7
5818,2015,0,2015-06-14,BV-5303,SEVA,Osona,3,0,1,0,1,0,0,0,1,0,0,0,0,100.0,0.0,0,2,No n'hi ha,-1.0,3,3,1,0,0,0,0,0,0,0,0,0,0,0,4,-1,1,Resta sortides de via,-1,1,2,4,3,2,0,12.26,0,1,6,14,6
5819,2015,0,2015-07-09,C-63,SANT FELIU DE PALLEROLS,Garrotxa,1,0,1,0,2,1,0,0,0,1,0,0,0,100.0,0.0,0,2,No n'hi ha,-1.0,3,3,1,0,0,0,0,0,0,0,0,0,0,0,0,-1,1,Atropellament,-1,1,2,4,2,2,1,21.03,1,3,3,9,7
5820,2015,0,2015-09-06,TV-2401,"MONTMELL, EL",Baix Penedes,0,0,1,0,2,0,0,0,1,1,0,0,0,50.0,0.0,0,1,No n'hi ha,-1.0,3,3,1,0,0,0,0,0,0,0,0,0,0,1,4,5,1,Envestida (frontal lateral),1,1,2,4,3,2,0,8.57,0,2,6,6,9
5822,2015,0,2015-10-13,C-14,MONTBLANC,Conca de Barbera,0,0,1,1,2,0,0,0,0,2,0,0,0,100.0,0.0,0,3,No n'hi ha,-1.0,3,3,1,0,0,0,0,0,0,0,0,0,0,0,4,-1,1,Col·lisió frontal,-1,1,2,4,2,2,1,18.16,1,2,1,13,10
5823,2015,1,2015-09-21,C-66,FORALLAC,Baix Emporda,1,0,1,0,2,0,1,0,0,1,0,0,0,40.0,0.0,0,2,No n'hi ha,-1.0,3,3,1,0,0,0,0,0,0,0,0,0,1,0,4,-1,1,Envestida (frontal lateral),-1,0,2,4,2,2,1,9.3,0,2,0,21,9
5824,2015,1,2015-10-10,T-240,LLOREN? DEL PENEDES,Baix Penedes,0,0,2,0,3,2,0,0,0,1,0,0,0,100.0,0.0,0,2,No n'hi ha,-1.0,3,3,1,0,0,0,0,0,1,0,0,0,0,2,4,5,1,Atropellament,1,0,2,4,3,2,0,8.52,0,3,5,10,10
5825,2015,0,2015-05-28,B-30,SANT CUGAT DEL VALLES,Valles Occidental,3,0,1,0,1,0,0,0,0,1,0,0,0,100.0,0.0,0,2,No n'hi ha,-1.0,3,3,1,0,0,0,0,0,0,0,0,0,0,0,4,-1,0,Resta sortides de via,-1,1,2,1,3,2,1,11.05,0,1,3,28,5
5826,2015,1,2015-05-15,SE,BARCELONA,Barcelones,3,0,1,0,1,0,0,0,1,0,0,0,0,100.0,0.0,0,-1,No n'hi ha,-1.0,3,3,1,0,0,0,0,0,0,0,0,0,0,0,5,-1,1,Xoc contra objecte/obstacle sense sortida prèvia de via,-1,2,2,5,-1,2,1,3.15,2,4,4,15,5
5827,2015,1,2015-05-08,SE,MANRESA,Bages,3,0,1,0,2,1,0,0,0,1,0,0,0,100.0,0.0,0,3,No n'hi ha,-1.0,3,3,1,0,0,0,0,0,0,0,0,0,0,1,4,2,0,Atropellament,0,2,2,5,-1,2,1,8.5,0,3,4,8,5
5828,2015,0,2015-02-20,LV-9225,ALBESA,Noguera,2,1,0,0,1,0,0,0,0,1,0,0,0,100.0,0.0,0,1,No n'hi ha,-1.0,3,3,0,0,0,0,0,0,0,0,0,0,0,0,3,-1,1,Resta sortides de via,-1,1,2,4,2,2,0,19.27,1,1,4,20,2
5829,2015,0,2015-03-22,N-240,"BORGES BLANQUES, LES",Garrigues,2,0,1,4,3,0,0,0,0,3,0,0,0,90.0,0.0,0,2,No n'hi ha,-1.0,3,3,1,0,0,0,0,0,0,0,0,0,0,0,4,-1,1,Fregament o col·lisió lateral,-1,1,2,4,1,2,0,16.36,1,2,6,22,3
5830,2015,0,2015-04-11,C-66,CELRA,Girones,1,0,1,0,1,0,0,0,0,0,0,1,0,100.0,0.0,0,3,No n'hi ha,-1.0,3,3,1,0,0,0,0,0,0,0,0,0,0,0,1,-1,1,Resta sortides de via,-1,1,0,4,-1,2,0,21.27,1,1,5,11,4
5831,2015,0,2015-09-16,C-31,SANT ADRIA DE BESOS,Barcelones,3,1,1,0,2,0,0,0,2,0,0,0,0,80.0,0.0,0,1,No n'hi ha,-1.0,3,3,0,0,0,0,0,0,0,0,0,0,0,0,4,-1,0,Fregament o col·lisió lateral,-1,1,2,1,2,2,1,14.02,1,2,2,16,9
5832,2015,0,2015-12-19,N-340,CAMARLES,Baix Ebre,0,2,1,0,2,0,0,0,0,0,1,1,0,100.0,0.0,0,2,No n'hi ha,-1.0,3,3,0,0,0,0,0,0,0,0,0,0,0,0,4,-1,1,Col·lisió frontal,-1,1,2,4,1,2,0,14.56,1,2,5,19,12
5833,2015,1,2015-12-20,SE,GIRONA,Girones,1,0,1,0,2,0,0,0,1,1,0,0,0,20.0,0.0,0,-1,No n'hi ha,-1.0,3,3,1,0,-1,0,0,0,0,0,0,0,0,1,4,4,-1,Encalç,1,2,2,5,-1,2,0,14.18,1,2,6,20,12
5834,2015,1,2015-06-22,SE,SABADELL,Valles Occidental,3,0,1,0,2,0,0,0,1,1,0,0,0,100.0,0.0,0,-1,No n'hi ha,-1.0,3,3,1,0,0,0,0,0,0,0,0,0,0,0,4,-1,-1,Envestida (frontal lateral),-1,2,2,5,-1,2,1,5.48,2,2,0,22,6
5835,2015,1,2015-06-15,SE,CORBERA DE LLOBREGAT,Baix Llobregat,3,0,1,1,3,2,0,0,0,1,0,0,0,100.0,0.0,0,2,No n'hi ha,-1.0,2,3,1,0,0,0,0,0,0,0,0,0,0,0,2,-1,1,Atropellament,-1,2,0,5,-1,2,1,15.0,1,3,0,15,6
5836,2015,1,2015-08-18,SE,BARCELONA,Barcelones,3,0,1,0,1,0,0,0,1,0,0,0,0,100.0,0.0,0,-1,No n'hi ha,-1.0,3,3,1,0,0,0,0,0,0,0,0,0,0,0,5,-1,0,Caiguda en la via,-1,2,2,5,-1,2,1,3.58,2,0,1,18,8
5837,2015,0,2015-08-03,AP-7,VILAFANT,Alt Emporda,1,0,1,0,1,0,0,0,0,0,1,0,0,100.0,0.0,0,3,No n'hi ha,-1.0,3,3,1,0,0,0,0,0,0,0,0,0,0,0,4,-1,0,Resta sortides de via,-1,1,2,2,1,2,1,7.29,0,1,0,3,8
5838,2015,1,2015-09-07,SE,LLORET DE MAR,Selva,1,0,1,0,2,0,0,1,0,1,0,0,0,100.0,0.0,0,2,No n'hi ha,-1.0,3,3,1,0,0,0,0,0,0,0,0,0,0,0,4,-1,1,Envestida (frontal lateral),-1,2,2,5,-1,2,1,14.02,1,2,0,7,9
5839,2015,1,2015-09-04,SE,MARTORELLES,Valles Oriental,3,0,1,0,1,0,0,0,1,0,0,0,0,20.0,0.0,0,-1,Sense Especificar,-1.0,3,3,1,0,0,0,0,0,0,0,0,0,0,1,4,3,-1,Altres,1,2,2,5,-1,2,0,16.2,1,5,4,4,9
5840,2015,0,2015-11-08,C-17,GURB,Osona,3,0,1,0,2,0,0,0,1,1,0,0,0,120.0,0.0,0,-1,Sense Especificar,-1.0,3,3,1,0,0,0,0,0,0,0,0,0,0,1,4,4,-1,Encalç,3,1,2,1,4,2,0,18.34,1,2,6,8,11
5841,2015,0,2015-06-13,C-1413a,SENTMENAT,Valles Occidental,3,0,1,0,2,0,0,0,1,1,0,0,0,100.0,0.0,0,2,No n'hi ha,-1.0,3,3,1,0,0,0,0,0,0,0,0,0,0,0,4,-1,1,Col·lisió frontal,-1,1,2,4,3,2,0,14.24,1,2,5,13,6
5842,2015,0,2015-08-26,A-7,CAMBRILS,Baix Camp,0,0,1,1,1,0,0,0,0,1,0,0,0,90.0,0.0,0,3,No n'hi ha,-1.0,3,3,1,0,0,0,0,0,0,0,0,0,0,0,4,-1,0,Resta sortides de via,-1,1,2,1,1,2,1,7.14,0,1,2,26,8
5843,2015,1,2015-10-12,SE,BADALONA,Barcelones,3,0,1,0,2,1,0,0,0,1,0,0,0,20.0,0.0,0,-1,No n'hi ha,-1.0,3,3,1,0,-1,0,0,0,0,0,0,0,0,1,5,3,-1,Atropellament,2,2,2,5,-1,2,1,20.3,1,3,0,12,10
5844,2015,1,2015-08-21,SE,SABADELL,Valles Occidental,3,0,1,1,2,0,0,0,1,1,0,0,0,100.0,0.0,0,2,No n'hi ha,-1.0,3,3,1,0,0,0,0,0,0,0,0,0,0,2,4,3,0,Encalç,1,2,2,5,-1,2,0,19.56,1,2,4,21,8
5845,2015,1,2015-11-09,SE,PALLEJA,Baix Llobregat,3,0,1,0,2,1,0,0,0,1,0,0,0,100.0,0.0,0,2,No n'hi ha,-1.0,3,3,1,0,0,0,0,0,0,0,0,0,0,2,5,-1,0,Atropellament,1,2,2,5,-1,2,1,19.38,1,3,0,9,11
5846,2015,0,2015-12-17,N-II,MACANET DE LA SELVA,Selva,1,0,2,2,2,0,0,0,0,2,0,0,0,100.0,0.0,0,2,No n'hi ha,-1.0,3,3,1,0,0,0,0,0,0,0,0,0,0,0,4,-1,1,Col·lisió frontal,-1,1,2,3,1,2,1,14.28,1,2,3,17,12