,Year,Area,Date,Road,Municipality Name,County Name,Province Name,Fatalties,Serious Injuries,Light Injuries,Units Involved,Pedestrains Involved,Bicycles Involved,Mopeds Involved,Motorcycles,Light Vehicles Involved,Heavy Vehicles Involved,Other Units Involved,Unspecified Units Involved,Road Speed Limit,Accident with Hit and Run,Fog Presence,Surrounding Environment,Special Lane Presence,Special Traffic Measures,Weather Conditions,Special Road Functions,Severity of Accident,Influence of Fog,Influence of Environment,Influence of Traffic,Influence of Weather,Influence of Wind Intensity,Influence of Lighting,Influence of Special Measures,Influence of Road Objects,Influence of Road Surface,Influence of Visibility,Intersection Characteristics,Lighting Conditions,Traffic Regulation and Priority,Direction of Road,Subtype of Accident,Subtype of Road Section,Subzone within Area,Road Surface Conditions,Type of Road,Road Ownership,Wind Conditions,Day of the Week Grouping,Hour of Day,Time of Day Grouping,Type of Accident,Day Type,Day,Month
5847,2015,1,2015-12-17,SE,SANT BOI DE LLOBREGAT,Baix Llobregat,3,0,1,2,2,0,0,0,0,1,1,0,0,20.0,0.0,0,-1,No n'hi ha,-1.0,3,3,1,0,0,0,0,0,0,0,0,0,0,1,5,2,-1,Encalç,1,2,2,5,-1,2,1,18.09,1,2,3,17,12
5848,2015,1,2015-05-25,SE,BARCELONA,Barcelones,3,0,1,0,2,0,0,0,1,1,0,0,0,100.0,0.0,0,-1,No n'hi ha,-1.0,3,3,1,0,0,0,0,0,0,0,0,0,0,0,4,-1,0,Fregament o col·lisió lateral,-1,2,2,5,-1,2,1,14.15,1,2,0,25,5
5849,2015,1,2015-04-07,SE,MATARO,Maresme,3,0,1,0,3,0,0,0,1,2,0,0,0,20.0,0.0,0,-1,No n'hi ha,-1.0,3,3,1,0,0,0,0,0,0,0,0,0,0,1,4,4,-1,Envestida (frontal lateral),2,2,2,5,-1,2,1,19.3,1,2,1,7,4
5850,2015,1,2015-02-23,SE,BADALONA,Barcelones,3,0,1,0,2,0,0,0,1,1,0,0,0,20.0,0.0,0,-1,No n'hi ha,-1.0,3,3,1,-1,0,0,0,-1,0,0,0,0,-1,1,4,2,1,Envestida (frontal lateral),2,2,2,5,-1,2,1,11.24,0,2,0,23,2
5851,2015,0,2015-02-25,T-722,"MORELL, EL",Tarragones,0,1,0,0,2,1,0,0,0,1,0,0,0,100.0,0.0,0,1,No n'hi ha,-1.0,3,3,0,0,0,0,0,0,1,0,0,0,0,0,3,-1,1,Atropellament,-1,1,2,4,3,2,1,20.18,1,3,2,25,2
5852,2015,1,2015-02-27,SE,BARCELONA,Barcelones,3,0,1,0,2,0,0,0,1,1,0,0,0,100.0,0.0,0,-1,No n'hi ha,-1.0,3,3,1,0,0,0,0,0,0,0,0,0,0,1,4,3,0,Envestida (frontal lateral),2,2,2,5,-1,2,0,17.1,1,2,4,27,2
5853,2015,0,2015-04-24,B-140,SANTA PERPETUA DE MO,Valles Occidental,3,0,1,0,2,1,0,0,0,1,0,0,0,60.0,0.0,0,2,No n'hi ha,-1.0,3,3,1,0,0,0,0,0,0,0,0,0,0,0,4,-1,1,Atropellament,-1,1,2,4,3,2,1,11.22,0,3,4,24,4
5854,2015,1,2015-06-19,SE,AMPOSTA,Montsia,0,0,1,0,4,0,0,0,0,3,0,1,0,100.0,0.0,0,2,No n'hi ha,-1.0,3,3,1,0,0,0,0,0,0,0,0,0,0,0,5,-1,0,Xoc contra objecte/obstacle sense sortida prèvia de via,-1,2,2,5,-1,2,0,21.2,1,4,4,19,6
5855,2015,1,2015-09-17,SE,SANT BOI DE LLOBREGAT,Baix Llobregat,3,0,1,0,2,0,0,0,1,0,1,0,0,100.0,0.0,0,-1,No n'hi ha,-1.0,3,3,1,0,0,0,0,0,0,0,0,0,0,0,4,-1,-1,Col·lisió frontal,-1,2,2,5,-1,2,1,10.22,0,2,3,17,9
5856,2015,1,2015-09-29,SE,CASTELLDEFELS,Baix Llobregat,3,0,1,0,2,0,0,0,1,0,1,0,0,100.0,0.0,0,-1,No n'hi ha,-1.0,3,3,1,0,0,0,0,0,0,0,0,0,0,0,4,-1,-1,Caiguda en la via,-1,2,2,5,-1,2,1,21.4,1,0,1,29,9
5857,2015,0,2015-10-16,C-32,CASTELLDEFELS,Baix Llobregat,3,0,1,0,2,0,0,0,0,2,0,0,0,100.0,0.0,0,2,No n'hi ha,-1.0,3,3,1,0,0,0,0,0,0,0,0,0,0,0,0,-1,0,Encalç,-1,1,2,2,2,2,1,4.57,2,2,4,16,10
5858,2015,0,2015-10-06,AP-7,CASTELLBISBAL,Valles Occidental,3,0,1,0,2,0,0,0,0,0,2,0,0,10.0,0.0,0,2,No n'hi ha,-1.0,3,3,1,0,0,0,0,0,0,0,0,0,0,0,4,-1,1,Altres,-1,1,2,2,1,2,1,15.23,1,5,1,6,10
5859,2015,0,2015-09-18,C-58,VACARISSES,Valles Occidental,3,0,3,3,3,0,0,0,0,3,0,0,0,90.0,0.0,0,2,No n'hi ha,-1.0,3,3,1,0,0,0,0,0,0,0,0,0,0,0,4,-1,1,Col·lisió frontal,-1,1,2,4,2,2,0,16.04,1,2,4,18,9
5860,2015,1,2015-01-29,BV-1602,LLICA DE VALL,Valles Oriental,3,0,2,0,3,2,0,0,0,1,0,0,0,90.0,0.0,0,2,No n'hi ha,-1.0,3,3,1,-1,0,0,0,-1,1,0,0,0,0,0,1,-1,1,Atropellament,-1,0,2,4,-1,2,1,7.32,0,3,3,29,1
5861,2015,1,2015-04-29,SE,BARCELONA,Barcelones,3,0,1,0,2,0,0,0,1,0,1,0,0,100.0,0.0,0,-1,No n'hi ha,-1.0,3,3,1,0,0,1,0,0,0,0,0,0,0,0,4,-1,0,Encalç,-1,2,2,5,-1,2,1,15.2,1,2,2,29,4
5862,2015,1,2015-03-15,C-31,CUBELLES,Garraf,3,0,1,0,1,0,0,0,1,0,0,0,0,90.0,0.0,0,2,No n'hi ha,-1.0,3,3,1,-1,0,1,0,-1,0,0,0,0,-1,0,4,-1,1,Caiguda en la via,-1,0,2,4,-1,2,0,13.15,0,0,6,15,3
5863,2015,0,2015-02-08,C-58,BARCELONA,Barcelones,3,0,1,0,2,0,0,0,1,1,0,0,0,80.0,0.0,0,3,No n'hi ha,-1.0,3,3,1,0,0,0,0,0,0,0,0,0,0,0,4,-1,0,Fregament o col·lisió lateral,-1,1,2,1,2,2,0,15.04,1,2,6,8,2
5864,2015,1,2015-03-02,SE,REUS,Baix Camp,0,0,1,1,4,3,0,0,0,1,0,0,0,100.0,0.0,0,-1,No n'hi ha,-1.0,3,3,1,0,0,0,0,0,0,0,0,0,0,0,4,-1,-1,Atropellament,-1,2,2,5,-1,2,1,8.25,0,3,0,2,3
5865,2015,1,2015-03-14,SE,CERDANYOLA DEL VALLES,Valles Occidental,3,0,1,2,4,0,0,2,1,1,0,0,0,100.0,0.0,0,2,No n'hi ha,-1.0,3,3,1,0,0,0,0,0,0,0,0,0,0,1,4,4,1,Envestida (frontal lateral),2,2,2,5,-1,2,0,7.57,0,2,5,14,3
5866,2015,0,2015-03-13,BV-1001,CALAF,Anoia,3,0,1,0,1,0,0,0,0,0,1,0,0,40.0,0.0,0,2,No n'hi ha,-1.0,3,3,1,0,0,0,0,0,0,0,0,0,0,1,4,4,1,Resta sortides de via,0,1,2,4,2,2,1,10.31,0,1,4,13,3
5867,2015,0,2015-10-13,GI-622,BASCARA,Alt Emporda,1,0,1,0,1,0,0,0,1,0,0,0,0,100.0,0.0,1,2,No n'hi ha,-1.0,3,3,1,1,0,0,0,0,0,0,0,0,0,0,1,-1,1,Xoc contra objecte/obstacle sense sortida prèvia de via,-1,1,2,4,3,2,1,7.36,0,4,1,13,10
5868,2015,1,2015-12-10,SE,SABADELL,Valles Occidental,3,0,1,0,2,0,0,0,1,1,0,0,0,30.0,0.0,0,2,No n'hi ha,-1.0,3,3,1,0,0,0,0,0,0,0,0,0,0,1,4,4,0,Envestida (frontal lateral),2,2,2,5,-1,2,1,9.48,0,2,3,10,12
5869,2015,1,2015-12-28,C-37,VALLS,Alt Camp,0,0,2,0,2,0,0,0,0,2,0,0,0,100.0,0.0,0,2,No n'hi ha,-1.0,3,3,1,0,0,0,0,0,0,0,0,0,0,1,2,4,1,Fregament o col·lisió lateral,2,0,2,4,-1,2,1,8.0,0,2,0,28,12
5870,2015,0,2015-06-12,C-14,FIGOLS I ALINYA,Alt Urgell,2,1,0,0,1,0,0,0,1,0,0,0,0,100.0,0.0,0,1,No n'hi ha,-1.0,3,3,0,0,0,0,0,0,0,0,0,0,0,0,4,-1,1,Resta sortides de via,-1,1,2,4,2,2,1,10.37,0,1,4,12,6
5871,2015,1,2015-09-21,SE,VILANOVA I LA GELTRU,Garraf,3,0,1,1,2,0,0,0,2,0,0,0,0,100.0,0.0,0,-1,No n'hi ha,-1.0,3,3,1,0,0,0,0,0,0,0,0,0,0,0,4,-1,-1,Caiguda en la via,-1,2,1,5,-1,2,1,15.45,1,0,0,21,9
5872,2015,1,2015-06-21,SE,BARCELONA,Barcelones,3,0,1,0,2,0,0,1,0,0,1,0,0,100.0,0.0,0,-1,Carril bus,-1.0,3,3,1,0,0,0,0,0,0,0,0,0,0,0,4,-1,1,Envestida (frontal lateral),-1,2,2,5,-1,2,0,12.5,0,2,6,21,6
5873,2015,0,2015-12-18,C-31,BADALONA,Barcelones,3,0,2,1,3,0,0,0,0,3,0,0,0,80.0,0.0,0,3,No n'hi ha,-1.0,3,3,1,0,0,0,0,0,0,0,0,0,0,0,5,-1,1,Encalç,-1,1,2,1,2,2,1,7.08,0,2,4,18,12
5874,2015,1,2015-07-24,SE,TORROELLA DE MONTGRI,Baix Emporda,1,0,1,0,2,0,1,0,0,1,0,0,0,20.0,0.0,0,3,No n'hi ha,-1.0,3,3,1,-1,0,0,0,-1,0,0,0,0,0,1,4,4,1,Envestida (frontal lateral),1,2,2,5,-1,2,1,8.25,0,2,4,24,7
5875,2015,0,2015-10-20,BV-1248,TERRASSA,Valles Occidental,3,1,0,0,2,0,0,0,1,1,0,0,0,50.0,0.0,0,2,No n'hi ha,-1.0,3,3,0,0,0,1,0,0,0,0,0,0,0,1,3,4,1,Envestida (frontal lateral),1,1,2,4,3,2,1,19.51,1,2,1,20,10
5876,2015,0,2015-12-10,B-20,BADALONA,Barcelones,3,0,1,0,3,1,0,0,0,1,1,0,0,80.0,0.0,0,2,No n'hi ha,-1.0,3,3,1,0,0,0,0,0,0,0,0,0,1,0,4,-1,1,Atropellament,-1,1,2,1,1,2,1,11.13,0,3,3,10,12
5877,2015,1,2015-03-24,SE,BARCELONA,Barcelones,3,0,1,0,2,1,0,0,0,0,1,0,0,100.0,0.0,0,-1,Altres,0.0,1,3,1,0,0,0,0,0,0,1,0,0,0,0,4,-1,1,Atropellament,-1,2,0,5,-1,2,1,11.27,0,3,1,24,3
5878,2015,0,2015-02-11,GIV-6621,CASTELL-PLATJA D'ARO,Baix Emporda,1,0,1,2,2,0,0,0,0,2,0,0,0,90.0,0.0,0,-1,Sense Especificar,-1.0,3,3,1,0,0,0,0,0,0,0,0,0,0,0,4,-1,-1,Col·lisió frontal,-1,1,2,4,4,2,1,21.41,1,2,2,11,2
5879,2015,0,2015-03-25,CR,LLEIDA,Segria,2,0,1,0,2,0,1,0,0,1,0,0,0,40.0,0.0,0,0,No n'hi ha,-1.0,3,3,1,0,0,0,0,0,0,0,0,0,0,1,4,4,0,Envestida (frontal lateral),0,1,2,0,-1,2,1,14.52,1,2,2,25,3
5880,2015,1,2015-03-10,SE,BARCELONA,Barcelones,3,1,0,1,2,1,0,0,1,0,0,0,0,100.0,0.0,0,-1,No n'hi ha,-1.0,3,3,0,0,0,0,0,0,0,0,0,0,0,1,4,3,1,Atropellament,1,2,2,5,-1,2,1,12.35,0,3,1,10,3
5881,2015,1,2015-05-12,SE,VILA-SECA,Tarragones,0,0,1,0,2,1,0,0,0,1,0,0,0,100.0,0.0,0,-1,No n'hi ha,-1.0,3,3,1,0,0,0,0,0,0,0,0,0,0,0,4,-1,-1,Atropellament,-1,2,2,5,-1,2,1,16.0,1,3,1,12,5
5882,2015,0,2015-11-10,N-260a,OLOT,Garrotxa,1,0,1,0,3,2,0,0,0,1,0,0,0,100.0,0.0,0,2,No n'hi ha,-1.0,3,3,1,0,0,0,0,0,1,0,0,0,0,0,4,-1,0,Atropellament,-1,1,2,4,1,2,1,16.04,1,3,1,10,11
5883,2015,1,2015-11-30,SE,TERRASSA,Valles Occidental,3,0,1,2,2,0,0,0,0,2,0,0,0,20.0,0.0,0,2,No n'hi ha,-1.0,3,3,1,-1,0,0,0,-1,0,0,0,0,-1,1,4,4,1,Envestida (frontal lateral),1,2,2,5,0,2,1,16.5,1,2,0,30,11
5884,2015,1,2015-07-04,SE,BARCELONA,Barcelones,3,0,1,1,2,0,0,0,2,0,0,0,0,100.0,0.0,0,-1,No n'hi ha,-1.0,3,3,1,0,0,0,0,0,0,0,0,0,0,0,4,-1,1,Encalç,-1,2,2,5,-1,2,0,18.08,1,2,5,4,7
5885,2015,0,2015-09-10,BP-2121,SANT MARTI SARROCA,Alt Penedes,3,0,2,1,2,0,0,0,0,2,0,0,0,100.0,0.0,0,1,No n'hi ha,-1.0,3,3,1,0,0,0,0,0,0,0,0,0,0,0,3,-1,1,Col·lisió frontal,-1,1,2,4,2,2,1,0.46,2,2,3,10,9
5886,2015,1,2015-07-25,BP-1503,SANT CUGAT DEL VALLES,Valles Occidental,3,0,1,0,1,0,0,0,0,1,0,0,0,100.0,0.0,0,-1,No n'hi ha,-1.0,3,3,1,0,0,0,0,0,0,0,0,0,0,0,4,-1,-1,Altres,-1,0,2,4,-1,2,0,5.35,2,5,5,25,7
5887,2015,1,2015-05-29,SE,MANLLEU,Osona,3,0,1,0,2,0,0,0,0,2,0,0,0,20.0,0.0,0,2,No n'hi ha,-1.0,3,3,1,-1,0,0,0,-1,0,0,0,0,-1,1,4,4,1,Envestida (frontal lateral),2,2,2,5,-1,2,1,11.46,0,2,4,29,5
5888,2015,1,2015-11-24,SE,ARGENTONA,Maresme,3,0,1,0,2,1,0,0,0,1,0,0,0,100.0,0.0,0,-1,No n'hi ha,-1.0,3,3,1,0,0,0,0,0,0,0,0,0,0,0,4,-1,-1,Atropellament,-1,2,2,5,-1,2,1,9.05,0,3,1,24,11
5889,2015,1,2015-06-15,SE,BADALONA,Barcelones,3,0,1,0,2,0,0,0,1,1,0,0,0,20.0,0.0,0,-1,No n'hi ha,-1.0,3,3,1,0,0,0,0,0,0,0,0,0,0,0,4,-1,-1,Fregament o col·lisió lateral,-1,2,2,5,-1,2,1,20.3,1,2,0,15,6
5890,2015,1,2015-02-16,SE,VILASSAR DE MAR,Maresme,3,0,1,0,2,0,0,0,1,1,0,0,0,100.0,0.0,0,2,No n'hi ha,-1.0,3,3,1,0,0,0,0,0,0,0,0,0,0,1,4,5,1,Fregament o col·lisió lateral,2,2,2,5,0,2,1,9.22,0,2,0,16,2
5891,2015,0,2015-03-08,C-16,SANT CUGAT DEL VALLES,Valles Occidental,3,0,1,0,1,0,0,0,0,1,0,0,0,80.0,0.0,0,3,No n'hi ha,-1.0,3,3,1,0,0,0,0,0,0,0,0,0,0,0,3,-1,1,Resta sortides de via,-1,1,2,2,2,2,0,20.3,1,1,6,8,3
5892,2015,1,2015-04-01,SE,BARCELONA,Barcelones,3,0,1,1,2,0,0,1,0,1,0,0,0,100.0,0.0,0,-1,Carril bus,-1.0,3,3,1,0,0,0,0,0,0,0,0,0,0,1,4,3,0,Envestida (frontal lateral),1,2,2,5,-1,2,1,13.55,0,2,2,1,4
5893,2015,0,2015-04-06,B-510,DOSRIUS,Maresme,3,0,1,0,2,0,0,0,2,0,0,0,0,100.0,0.0,0,0,No n'hi ha,-1.0,3,3,1,0,0,0,0,0,0,0,0,0,0,0,4,-1,1,Caiguda en la via,-1,1,2,4,3,2,1,11.11,0,0,0,6,4
5894,2015,1,2015-05-14,SE,BARCELONA,Barcelones,3,0,1,2,2,0,0,0,1,1,0,0,0,100.0,0.0,0,-1,No n'hi ha,-1.0,3,3,1,0,0,0,0,0,0,0,0,0,0,1,5,3,0,Caiguda en la via,2,2,2,5,-1,2,1,21.1,1,0,3,14,5
5895,2015,0,2015-04-19,N-II,MALGRAT DE MAR,Maresme,3,0,1,0,2,0,0,0,1,1,0,0,0,100.0,0.0,0,-1,No n'hi ha,-1.0,3,3,1,0,0,0,0,0,0,0,0,0,0,0,4,-1,-1,Envestida (frontal lateral),-1,1,2,4,-1,2,0,0.48,2,2,6,19,4
5896,2015,1,2015-03-11,SE,FIGUERES,Alt Emporda,1,0,1,0,2,1,0,0,0,1,0,0,0,100.0,0.0,0,2,No n'hi ha,-1.0,3,3,1,0,0,0,0,0,0,0,0,0,0,1,4,4,0,Atropellament,2,2,2,5,-1,2,1,12.45,0,3,2,11,3
5897,2015,0,2015-02-07,N-340,CREIXELL,Tarragones,0,0,1,0,2,0,2,0,0,0,0,0,0,90.0,0.0,0,-1,Sense Especificar,-1.0,3,3,1,0,0,0,0,0,0,0,0,0,0,0,4,-1,-1,Encalç,-1,1,2,4,4,2,0,11.06,0,2,5,7,2
5898,2015,1,2015-02-21,SE,BARCELONA,Barcelones,3,1,0,0,4,0,0,0,1,3,0,0,0,30.0,0.0,0,-1,No n'hi ha,-1.0,3,3,0,0,0,0,0,0,0,0,0,0,0,1,5,4,0,Envestida (frontal lateral),2,2,2,5,-1,2,0,22.13,2,2,5,21,2
5899,2015,1,2015-01-20,SE,AMPOSTA,Montsia,0,0,1,0,1,0,1,0,0,0,0,0,0,100.0,0.0,0,2,No n'hi ha,-1.0,3,3,1,0,0,0,0,0,0,0,0,0,0,1,4,-1,0,Caiguda en la via,2,2,2,5,-1,2,1,12.1,0,0,1,20,1
5900,2015,0,2015-09-01,C-25,MANRESA,Bages,3,0,1,1,2,0,0,0,0,2,0,0,0,100.0,0.0,0,2,No n'hi ha,-1.0,3,3,1,0,0,0,0,0,0,0,0,0,0,0,4,-1,0,Col·lisió frontal,-1,1,2,1,2,2,1,8.34,0,2,1,1,9
5901,2015,1,2015-05-17,BV-5305,TARADELL,Osona,3,0,1,0,2,0,0,0,1,1,0,0,0,100.0,0.0,0,2,No n'hi ha,-1.0,3,3,1,0,0,0,0,0,0,0,0,0,0,1,4,4,1,Envestida (frontal lateral),0,0,2,4,-1,2,0,11.57,0,2,6,17,5
5902,2015,0,2015-08-28,AP-7,SANTA PERPETUA DE MO,Valles Occidental,3,1,8,1,3,0,0,0,0,2,1,0,0,100.0,0.0,0,2,No n'hi ha,-1.0,3,3,0,0,0,0,0,0,0,0,0,0,0,0,3,-1,0,Encalç,-1,1,2,2,1,2,1,3.34,2,2,4,28,8
5903,2015,1,2015-10-26,SE,GRANOLLERS,Valles Oriental,3,0,1,0,2,1,0,0,0,1,0,0,0,100.0,0.0,0,2,No n'hi ha,-1.0,2,3,1,0,0,0,1,0,0,0,0,0,0,2,1,3,1,Atropellament,1,2,2,5,-1,2,1,6.35,0,3,0,26,10
5904,2015,0,2015-12-29,A-7,CAMBRILS,Baix Camp,0,0,1,0,2,0,0,0,1,1,0,0,0,120.0,0.0,0,-1,Sense Especificar,-1.0,3,3,1,0,0,0,0,0,0,0,0,0,0,0,4,-1,-1,Fregament o col·lisió lateral,-1,1,2,1,4,2,1,14.51,1,2,1,29,12
5905,2015,1,2015-09-02,SE,CABRERA DE MAR,Maresme,3,0,1,0,1,0,0,0,1,0,0,0,0,100.0,0.0,0,2,No n'hi ha,-1.0,3,3,1,0,0,0,0,0,0,0,0,0,0,2,4,-1,1,Caiguda en la via,0,2,2,5,-1,2,1,18.08,1,0,2,2,9
5906,2015,0,2015-06-13,LV-4241b,LLADURS,Solsones,2,0,1,0,1,0,0,0,1,0,0,0,0,100.0,0.0,0,1,No n'hi ha,0.0,3,3,1,0,0,0,0,0,0,0,0,0,0,0,4,-1,1,Resta sortides de via,-1,1,2,4,2,2,0,13.21,0,1,5,13,6
5907,2015,0,2015-10-20,T-714,CABACES,Priorat,0,0,1,0,1,0,0,0,1,0,0,0,0,90.0,0.0,0,-1,Sense Especificar,-1.0,3,3,1,0,0,0,0,0,0,0,0,0,0,0,4,-1,-1,Altres,-1,1,2,4,4,2,1,11.49,0,5,1,20,10
5908,2015,1,2015-06-05,SE,BARCELONA,Barcelones,3,0,1,1,2,1,0,0,1,0,0,0,0,100.0,0.0,0,-1,No n'hi ha,-1.0,3,3,1,0,0,0,0,0,0,0,0,0,0,1,4,3,0,Atropellament,2,2,2,5,-1,2,1,11.0,0,3,4,5,6
5909,2015,1,2015-06-21,SE,SANT FELIU DE LLOBREGAT,Baix Llobregat,3,0,1,0,2,0,1,0,0,1,0,0,0,100.0,0.0,0,-1,No n'hi ha,-1.0,3,3,1,0,0,0,0,0,0,0,0,0,0,1,4,3,-1,Altres,1,2,2,5,-1,2,0,14.41,1,5,6,21,6
5910,2015,0,2015-05-28,AL,CAMBRILS,Baix Camp,0,0,1,0,2,0,1,0,0,1,0,0,0,90.0,0.0,0,-1,Sense Especificar,-1.0,3,3,1,0,0,0,0,0,0,0,0,0,0,1,4,4,-1,Encalç,0,1,2,4,4,2,1,17.27,1,2,3,28,5
5911,2015,0,2015-01-14,AP-2,CASTELLDANS,Garrigues,2,0,2,1,6,0,0,0,0,1,5,0,0,100.0,0.0,1,2,No n'hi ha,-1.0,1,3,1,1,0,0,0,0,0,0,0,0,0,0,3,-1,0,Encalç,-1,1,2,2,1,2,1,6.32,0,2,2,14,1
5912,2015,1,2015-03-28,SE,REUS,Baix Camp,0,0,1,0,2,0,0,0,0,2,0,0,0,100.0,0.0,0,-1,No n'hi ha,-1.0,3,3,1,0,0,0,0,0,0,0,0,0,0,0,4,-1,-1,Envestida (frontal lateral),-1,2,2,5,-1,2,0,12.3,0,2,5,28,3
5913,2015,1,2015-05-15,SE,VIC,Osona,3,0,1,0,2,0,0,0,1,1,0,0,0,100.0,0.0,0,2,No n'hi ha,-1.0,3,3,1,0,0,0,0,0,1,0,0,0,0,1,4,5,1,Col·lisió frontal,1,2,2,5,0,2,0,20.0,1,2,4,15,5
5914,2015,0,2015-05-10,B-124,CALDERS,Moianès,3,0,2,0,2,0,0,0,2,0,0,0,0,100.0,0.0,0,1,No n'hi ha,-1.0,3,3,1,0,0,0,0,0,0,0,0,0,0,0,4,-1,1,Fregament o col·lisió lateral,-1,1,2,4,3,2,0,10.36,0,2,6,10,5
5915,2015,1,2015-04-23,SE,"PRAT DE LLOBREGAT, E",Baix Llobregat,3,0,1,0,2,1,0,0,0,1,0,0,0,100.0,0.0,0,-1,No n'hi ha,-1.0,3,3,1,0,0,0,0,0,0,0,0,0,0,0,4,-1,-1,Atropellament,-1,2,2,5,-1,2,1,19.22,1,3,3,23,4
5916,2015,1,2015-02-06,SE,LLEIDA,Segria,2,0,1,0,1,0,0,0,1,0,0,0,0,20.0,0.0,0,-1,No n'hi ha,-1.0,3,3,1,-1,0,0,0,-1,0,0,0,0,-1,0,4,-1,1,Caiguda en la via,-1,2,2,5,-1,2,0,16.1,1,0,4,6,2
5917,2015,1,2015-01-28,SE,SALOU,Tarragones,0,1,0,0,1,0,0,0,0,1,0,0,0,80.0,0.0,0,3,No n'hi ha,-1.0,3,3,0,0,0,0,0,0,0,0,0,0,0,0,5,-1,0,Resta sortides de via,-1,2,2,5,3,2,1,19.25,1,1,2,28,1
5918,2015,0,2015-09-29,LP-7041,AITONA,Segria,2,0,1,0,1,0,1,0,0,0,0,0,0,90.0,0.0,0,-1,Sense Especificar,-1.0,3,3,1,0,0,0,0,0,0,0,0,0,0,0,4,-1,-1,Altres,-1,1,2,4,4,2,1,11.59,0,5,1,29,9
5919,2015,0,2015-10-11,BV-4031,CASTELLAR DE N'HUG,Bergueda,3,1,0,0,1,0,0,0,1,0,0,0,0,100.0,0.0,0,1,No n'hi ha,-1.0,3,3,0,0,1,0,0,0,0,0,0,0,0,0,4,-1,1,Caiguda en la via,-1,1,2,4,3,2,0,11.11,0,0,6,11,10
5920,2015,0,2015-09-15,C-55,MANRESA,Bages,3,1,0,4,5,0,0,0,0,5,0,0,0,80.0,0.0,0,1,No n'hi ha,-1.0,3,3,0,0,0,0,0,0,0,0,0,0,0,0,4,-1,1,Col·lisió frontal,-1,1,2,4,2,2,1,17.04,1,2,1,15,9
5921,2015,0,2015-08-08,C-252,ULTRAMORT,Baix Emporda,1,0,3,2,2,0,0,0,0,2,0,0,0,100.0,0.0,0,1,No n'hi ha,-1.0,1,3,1,0,0,0,0,0,0,0,0,0,0,0,3,-1,1,Col·lisió frontal,-1,1,2,4,2,2,0,23.59,2,2,5,8,8
5922,2015,1,2015-06-09,SE,BARCELONA,Barcelones,3,0,1,0,2,0,0,0,1,1,0,0,0,100.0,0.0,0,-1,No n'hi ha,-1.0,3,3,1,0,0,0,0,0,0,0,0,0,0,1,4,3,0,Fregament o col·lisió lateral,2,2,2,5,-1,2,1,10.1,0,2,1,9,6
5923,2015,1,2015-06-09,SE,GIRONA,Girones,1,0,1,0,2,0,0,1,0,1,0,0,0,100.0,0.0,0,2,No n'hi ha,-1.0,3,3,1,0,0,0,0,0,0,0,0,0,0,1,4,3,1,Envestida (frontal lateral),0,2,2,5,-1,2,1,15.24,1,2,1,9,6
5924,2015,1,2015-06-20,SE,PALAFRUGELL,Baix Emporda,1,0,1,0,2,0,1,0,0,1,0,0,0,20.0,0.0,0,-1,No n'hi ha,-1.0,3,3,1,-1,-1,0,0,-1,0,0,0,0,0,1,4,5,-1,Encalç,2,2,2,5,-1,2,0,23.55,2,2,5,20,6
5925,2015,0,2015-12-27,N-230,TORREFARRERA,Segria,2,0,4,5,4,0,0,0,0,4,0,0,0,90.0,0.0,0,2,No n'hi ha,-1.0,3,3,1,0,0,0,0,0,0,0,0,0,1,0,4,-1,1,Col·lisió frontal,-1,1,2,4,1,2,0,15.2,1,2,6,27,12
5926,2015,1,2015-03-21,SE,RUBI,Valles Occidental,3,0,1,0,2,1,0,0,0,1,0,0,0,100.0,0.0,0,-1,No n'hi ha,-1.0,3,3,1,0,0,0,1,0,0,0,0,0,0,0,4,-1,-1,Atropellament,-1,2,2,5,-1,2,0,21.15,1,3,5,21,3
5927,2015,1,2015-04-08,SE,HOSPITALET DE LLOBREGAT,Barcelones,3,0,1,0,2,1,0,0,0,1,0,0,0,20.0,0.0,0,-1,No n'hi ha,-1.0,3,3,1,-1,0,0,0,-1,0,0,0,0,0,0,4,-1,-1,Atropellament,-1,2,2,5,-1,2,1,9.17,0,3,2,8,4
5928,2015,1,2015-01-08,BP-1503,RUBI,Valles Occidental,3,0,2,0,2,1,0,0,1,0,0,0,0,100.0,0.0,0,2,No n'hi ha,-1.0,3,3,1,0,0,0,0,0,0,0,0,0,0,0,4,-1,1,Atropellament,-1,0,2,4,-1,2,1,16.0,1,3,3,8,1
5929,2015,1,2015-04-29,SE,FIGUERES,Alt Emporda,1,0,1,0,2,1,0,0,0,1,0,0,0,100.0,0.0,0,2,No n'hi ha,-1.0,1,3,1,0,0,0,1,0,0,0,0,0,0,2,2,-1,1,Atropellament,2,2,2,5,-1,2,1,19.4,1,3,2,29,4
5930,2015,1,2015-02-07,SE,TERRASSA,Valles Occidental,3,0,1,1,1,0,0,0,0,1,0,0,0,100.0,0.0,0,-1,No n'hi ha,-1.0,3,3,1,0,0,0,0,0,0,0,0,0,0,0,4,-1,-1,Resta sortides de via,-1,2,2,5,-1,2,0,13.15,0,1,5,7,2
5931,2015,0,2015-09-30,C-25,"OLUGES, LES",Segarra,2,0,1,1,1,0,0,0,0,1,0,0,0,120.0,0.0,0,-1,Sense Especificar,-1.0,3,3,1,0,0,0,0,0,0,0,0,0,0,0,4,-1,-1,Resta sortides de via,-1,1,2,1,4,2,1,2.04,2,1,2,30,9
5932,2015,0,2015-11-15,B-124,CASTELLAR DEL VALLES,Valles Occidental,3,0,1,0,2,0,0,0,1,0,1,0,0,80.0,0.0,0,2,No n'hi ha,-1.0,3,3,1,0,0,0,0,0,0,0,0,0,0,0,4,-1,1,Fregament o col·lisió lateral,-1,1,2,4,3,2,0,8.39,0,2,6,15,11