,Year,Area,Date,Road,Municipality Name,County Name,Province Name,Fatalties,Serious Injuries,Light Injuries,Units Involved,Pedestrains Involved,Bicycles Involved,Mopeds Involved,Motorcycles,Light Vehicles Involved,Heavy Vehicles Involved,Other Units Involved,Unspecified Units Involved,Road Speed Limit,Accident with Hit and Run,Fog Presence,Surrounding Environment,Special Lane Presence,Special Traffic Measures,Weather Conditions,Special Road Functions,Severity of Accident,Influence of Fog,Influence of Environment,Influence of Traffic,Influence of Weather,Influence of Wind Intensity,Influence of Lighting,Influence of Special Measures,Influence of Road Objects,Influence of Road Surface,Influence of Visibility,Intersection Characteristics,Lighting Conditions,Traffic Regulation and Priority,Direction of Road,Subtype of Accident,Subtype of Road Section,Subzone within Area,Road Surface Conditions,Type of Road,Road Ownership,Wind Conditions,Day of the Week Grouping,Hour of Day,Time of Day Grouping,Type of Accident,Day Type,Day,Month
5933,2015,1,2015-10-17,SE,IGUALADA,Anoia,3,0,1,0,2,0,0,1,0,1,0,0,0,50.0,0.0,0,-1,No n'hi ha,-1.0,3,3,1,-1,0,0,0,-1,0,0,0,0,-1,1,4,3,1,Fregament o col·lisió lateral,2,2,2,5,-1,2,0,11.3,0,2,5,17,10
5934,2015,0,2015-06-05,GI-600,TORDERA,Maresme,3,0,1,0,2,0,0,0,1,1,0,0,0,100.0,0.0,0,1,No n'hi ha,-1.0,3,3,1,0,0,0,0,0,0,0,0,0,0,0,4,-1,1,Fregament o col·lisió lateral,-1,1,2,4,2,2,0,19.19,1,2,4,5,6
5935,2015,1,2015-09-12,SE,BARCELONA,Barcelones,3,0,1,1,2,0,0,0,2,0,0,0,0,100.0,0.0,0,-1,No n'hi ha,-1.0,3,3,1,0,0,0,0,0,0,0,0,0,0,0,4,-1,0,Envestida (frontal lateral),-1,2,2,5,-1,2,0,11.0,0,2,5,12,9
5936,2015,1,2015-07-24,SE,"PRAT DE LLOBREGAT, E",Baix Llobregat,3,0,1,0,2,0,0,0,1,1,0,0,0,100.0,0.0,0,-1,No n'hi ha,-1.0,3,3,1,0,0,0,0,0,0,0,0,0,0,0,4,-1,-1,Altres,-1,2,2,5,-1,2,1,11.29,0,5,4,24,7
5937,2015,0,2015-11-04,B-520,SANTA EUGENIA DE BER,Osona,3,0,1,0,2,0,0,1,0,1,0,0,0,50.0,0.0,0,2,No n'hi ha,-1.0,3,3,1,0,0,0,0,0,0,0,0,0,0,1,4,5,1,Envestida (frontal lateral),2,1,2,4,2,2,1,12.35,0,2,2,4,11
5938,2015,1,2015-11-08,SE,SABADELL,Valles Occidental,3,0,1,0,1,1,0,0,0,0,0,0,0,100.0,1.0,0,2,No n'hi ha,-1.0,3,3,1,0,0,0,0,0,0,0,0,0,0,2,5,-1,1,Atropellament,1,2,2,5,0,2,0,17.56,1,3,6,8,11
5939,2015,1,2015-08-21,SE,SANT BOI DE LLOBREGAT,Baix Llobregat,3,0,1,0,2,0,0,0,1,1,0,0,0,20.0,0.0,0,-1,No n'hi ha,-1.0,3,3,1,-1,0,0,0,-1,0,0,0,0,0,1,4,2,0,Fregament o col·lisió lateral,1,2,2,5,-1,2,0,18.35,1,2,4,21,8
5940,2015,1,2015-07-05,SE,ESPLUGUES DE LLOBREGAT,Baix Llobregat,3,0,1,1,2,1,0,0,1,0,0,0,0,20.0,0.0,0,2,No n'hi ha,-1.0,3,3,1,-1,0,0,0,-1,0,0,0,0,-1,0,1,-1,1,Atropellament,-1,2,2,5,-1,2,0,21.2,1,3,6,5,7
5941,2015,0,2015-08-10,A-2,SANT VICENC DELS HORTS,Baix Llobregat,3,0,1,0,2,0,0,0,1,1,0,0,0,100.0,0.0,0,2,No n'hi ha,3.0,3,3,1,0,0,0,0,0,0,0,0,0,0,0,4,-1,0,Encalç,-1,1,2,1,1,2,1,14.35,1,2,0,10,8
5942,2015,0,2015-10-11,C-251,"ROCA DEL VALLES, LA",Valles Oriental,3,0,2,0,3,0,0,0,1,2,0,0,0,100.0,0.0,0,3,No n'hi ha,-1.0,3,3,1,0,0,0,0,0,0,0,0,0,0,0,1,-1,1,Encalç,-1,1,2,4,3,2,0,19.04,1,2,6,11,10
5943,2015,1,2015-04-17,SE,LLEIDA,Segria,2,0,1,0,2,0,0,0,1,1,0,0,0,20.0,0.0,0,2,No n'hi ha,-1.0,3,3,1,-1,0,0,0,-1,0,0,0,0,-1,1,4,4,-1,Xoc contra objecte/obstacle sense sortida prèvia de via,2,2,2,5,-1,2,1,7.55,0,4,4,17,4
5944,2015,1,2015-04-18,BP-1503,TERRASSA,Valles Occidental,3,0,1,0,2,0,0,0,1,1,0,0,0,100.0,0.0,0,-1,No n'hi ha,-1.0,3,3,1,0,0,0,0,0,0,0,0,0,0,0,4,-1,-1,Envestida (frontal lateral),-1,0,2,4,-1,2,0,8.1,0,2,5,18,4
5945,2015,0,2015-01-27,BV-1501,CASTELLBISBAL,Valles Occidental,3,0,1,0,2,0,1,0,0,1,0,0,0,100.0,0.0,0,2,No n'hi ha,-1.0,3,3,1,0,0,0,0,0,1,0,0,0,1,1,1,2,1,Envestida (frontal lateral),1,1,2,4,3,2,1,18.07,1,2,1,27,1
5946,2015,1,2015-03-12,SE,MARTORELLES,Valles Oriental,3,1,0,0,2,1,0,0,0,1,0,0,0,100.0,0.0,0,2,No n'hi ha,-1.0,3,3,0,0,0,0,0,0,0,0,0,0,0,0,4,-1,1,Atropellament,-1,2,2,5,-1,2,1,16.37,1,3,3,12,3
5947,2015,1,2015-02-14,SE,FRANQUESES DEL VALLE,Valles Oriental,3,0,1,0,2,1,0,0,0,1,0,0,0,30.0,0.0,0,2,No n'hi ha,-1.0,3,3,1,-1,0,0,0,-1,0,0,0,0,-1,0,4,-1,1,Atropellament,-1,2,2,5,-1,2,0,16.05,1,3,5,14,2
5948,2015,1,2015-07-04,SE,LLEIDA,Segria,2,0,1,0,2,1,0,0,0,1,0,0,0,20.0,0.0,0,-1,No n'hi ha,-1.0,3,3,1,0,-1,0,0,0,0,0,0,0,0,0,4,-1,-1,Atropellament,-1,2,2,5,-1,2,0,9.3,0,3,5,4,7
5949,2015,1,2015-01-19,T-314,VINYOLS I ELS ARCS,Baix Camp,0,1,0,0,2,0,0,0,1,1,0,0,0,100.0,0.0,0,2,No n'hi ha,-1.0,3,3,0,0,0,0,0,0,0,0,0,0,0,1,2,4,1,Envestida (frontal lateral),1,0,2,4,3,2,1,12.07,0,2,0,19,1
5950,2015,0,2015-08-16,CR,ARGELAGUER,Garrotxa,1,0,1,1,1,0,0,0,1,0,0,0,0,100.0,0.0,0,2,No n'hi ha,-1.0,3,3,1,0,0,0,0,0,0,0,1,0,0,1,3,5,1,Xoc contra objecte/obstacle sense sortida prèvia de via,1,1,2,0,0,2,0,1.59,2,4,6,16,8
5951,2015,1,2015-11-20,SE,BARCELONA,Barcelones,3,0,1,0,2,0,0,0,1,1,0,0,0,100.0,0.0,0,-1,No n'hi ha,-1.0,3,3,1,0,0,0,0,0,0,0,0,0,0,1,4,3,0,Fregament o col·lisió lateral,2,2,2,5,-1,2,1,11.4,0,2,4,20,11
5952,2015,0,2015-06-20,N-II,SANT POL DE MAR,Maresme,3,0,1,0,2,0,0,0,1,1,0,0,0,60.0,0.0,0,1,No n'hi ha,-1.0,3,3,1,0,0,0,0,0,0,0,0,0,0,2,4,4,1,Fregament o col·lisió lateral,1,1,2,4,1,1,0,13.22,0,2,5,20,6
5953,2015,1,2015-06-30,N-IIa,FIGUERES,Alt Emporda,1,0,1,0,2,0,0,0,1,1,0,0,0,100.0,0.0,0,2,No n'hi ha,-1.0,3,3,1,0,0,0,0,0,0,0,0,0,0,0,4,-1,1,Fregament o col·lisió lateral,-1,0,2,4,-1,2,1,18.15,1,2,1,30,6
5954,2015,0,2015-08-03,N-II,CAPMANY,Alt Emporda,1,0,1,3,2,0,0,0,0,2,0,0,0,100.0,0.0,0,1,No n'hi ha,-1.0,3,3,1,0,0,0,0,0,0,0,0,0,0,0,3,-1,1,Col·lisió frontal,-1,1,2,4,1,2,1,4.57,2,2,0,3,8
5955,2015,0,2015-08-05,B-10,BARCELONA,Barcelones,3,0,1,0,3,0,0,0,1,1,1,0,0,100.0,1.0,0,-1,No n'hi ha,-1.0,3,3,1,0,0,1,0,0,0,0,0,0,1,0,4,-1,1,Fregament o col·lisió lateral,-1,1,2,1,-1,2,1,14.25,1,2,2,5,8
5956,2015,0,2015-11-21,C-35,CARDEDEU,Valles Oriental,3,0,1,3,3,0,0,0,0,3,0,0,0,90.0,1.0,0,2,No n'hi ha,-1.0,3,3,1,0,0,0,0,0,0,0,0,0,0,1,3,2,1,Col·lisió frontal,3,1,2,4,2,2,0,22.32,2,2,5,21,11
5957,2015,1,2015-12-25,SE,ALTAFULLA,Tarragones,0,0,1,0,1,0,0,0,1,0,0,0,0,30.0,0.0,0,2,No n'hi ha,-1.0,3,3,1,0,0,0,0,0,0,0,0,0,0,1,1,-1,1,Xoc contra objecte/obstacle sense sortida prèvia de via,0,2,2,5,-1,2,1,7.15,0,4,4,25,12
5958,2015,0,2015-12-26,B-204,"PRAT DE LLOBREGAT, E",Baix Llobregat,3,0,1,0,1,0,0,0,1,0,0,0,0,100.0,0.0,0,2,No n'hi ha,-1.0,3,3,1,0,0,0,0,0,0,0,0,0,0,0,4,-1,0,Caiguda en la via,-1,1,2,4,2,2,0,13.1,0,0,5,26,12
5959,2015,0,2015-07-16,C-12,MORA LA NOVA,Ribera d'Ebre,0,0,1,0,1,0,0,0,1,0,0,0,0,100.0,0.0,0,1,No n'hi ha,-1.0,3,3,1,0,0,0,0,0,0,0,0,0,0,2,4,2,0,Caiguda en la via,3,1,2,4,2,2,1,13.55,0,0,3,16,7
5960,2015,1,2015-08-09,SE,SANTA OLIVA,Baix Penedes,0,0,1,1,2,0,0,0,2,0,0,0,0,100.0,0.0,0,2,No n'hi ha,-1.0,3,3,1,0,1,0,0,0,0,0,0,0,1,1,4,5,1,Envestida (frontal lateral),2,2,2,5,0,2,0,12.22,0,2,6,9,8
5961,2015,0,2015-09-13,SE,ALMATRET,Segria,2,0,1,0,1,0,0,0,1,0,0,0,0,30.0,0.0,0,-1,Sense Especificar,-1.0,3,3,1,0,0,0,0,0,0,0,0,0,0,0,4,-1,-1,Altres,-1,1,2,0,4,2,0,20.44,1,5,6,13,9
5962,2015,1,2015-05-13,SE,FRANQUESES DEL VALLE,Valles Oriental,3,0,1,0,1,0,0,1,0,0,0,0,0,20.0,0.0,0,2,No n'hi ha,-1.0,3,3,1,-1,0,0,0,-1,0,0,0,0,-1,1,5,4,0,Caiguda en la via,1,2,2,5,-1,2,1,5.25,2,0,2,13,5
5963,2015,0,2015-11-22,B-224,PIERA,Anoia,3,0,2,3,2,0,0,0,0,2,0,0,0,100.0,0.0,0,2,No n'hi ha,-1.0,3,3,1,0,1,0,0,0,1,0,0,0,0,0,3,-1,1,Resta sortides de via,-1,1,2,4,2,2,0,1.4,2,1,6,22,11
5964,2015,1,2015-10-19,SE,BARCELONA,Barcelones,3,0,1,1,2,1,0,0,1,0,0,0,0,100.0,0.0,0,-1,No n'hi ha,-1.0,3,3,1,0,0,0,0,0,0,0,0,0,0,0,5,-1,0,Atropellament,-1,2,2,5,-1,2,1,20.15,1,3,0,19,10
5965,2015,1,2015-05-24,SE,LLEIDA,Segria,2,0,1,0,2,0,0,0,1,1,0,0,0,20.0,0.0,0,-1,No n'hi ha,-1.0,3,3,1,-1,-1,0,0,-1,0,0,0,0,-1,1,4,4,-1,Fregament o col·lisió lateral,2,2,2,5,-1,2,0,11.0,0,2,6,24,5
5966,2015,1,2015-04-18,SE,SABADELL,Valles Occidental,3,0,1,0,2,0,0,0,1,1,0,0,0,100.0,1.0,0,2,No n'hi ha,-1.0,3,3,1,0,0,0,0,0,0,0,0,0,0,2,4,4,1,Envestida (frontal lateral),1,2,2,5,-1,2,0,18.5,1,2,5,18,4
5967,2015,0,2015-03-14,A-2,"BRUC, EL",Anoia,3,1,3,4,1,0,0,0,0,1,0,0,0,100.0,0.0,0,1,No n'hi ha,-1.0,3,3,0,0,0,0,0,0,0,0,0,0,0,0,3,-1,0,Resta sortides de via,-1,1,2,1,1,2,0,23.0,2,1,5,14,3
5968,2015,1,2015-02-06,SE,"AMETLLA DEL VALLES,",Valles Oriental,3,0,2,0,3,2,0,0,0,1,0,0,0,100.0,0.0,0,1,No n'hi ha,-1.0,3,3,1,0,0,0,0,0,0,0,0,0,0,0,4,-1,1,Atropellament,-1,2,2,5,0,2,1,14.5,1,3,4,6,2
5969,2015,1,2015-03-21,SE,SABADELL,Valles Occidental,3,0,1,0,2,0,0,0,1,1,0,0,0,100.0,0.0,0,-1,No n'hi ha,-1.0,3,3,1,0,0,0,0,0,0,0,0,0,0,0,4,-1,-1,Caiguda en la via,-1,2,2,5,-1,2,0,11.15,0,0,5,21,3
5970,2015,0,2015-05-18,C-32,ESPLUGUES DE LLOBREGAT,Baix Llobregat,3,0,1,0,1,0,0,0,1,0,0,0,0,80.0,0.0,0,2,No n'hi ha,-1.0,3,3,1,0,0,0,0,0,0,0,0,0,0,0,4,-1,0,Caiguda en la via,-1,1,2,2,2,2,1,8.31,0,0,0,18,5
5971,2015,1,2015-05-17,SE,BERGA,Bergueda,3,0,1,1,1,0,0,0,1,0,0,0,0,20.0,0.0,0,-1,No n'hi ha,-1.0,3,3,1,-1,0,0,0,-1,0,0,0,0,0,0,4,-1,0,Caiguda en la via,-1,2,2,5,0,2,0,14.35,1,0,6,17,5
5972,2015,1,2015-04-14,SE,SANT FELIU DE GUIXOLS,Baix Emporda,1,1,0,0,2,1,0,0,0,1,0,0,0,100.0,0.0,0,2,No n'hi ha,-1.0,3,3,0,0,0,0,0,0,0,0,0,0,0,2,4,4,1,Atropellament,0,2,2,5,-1,2,1,12.36,0,3,1,14,4
5973,2015,1,2015-02-14,SE,LLORET DE MAR,Selva,1,0,1,0,2,0,0,0,1,1,0,0,0,100.0,0.0,0,-1,No n'hi ha,-1.0,3,3,1,0,0,0,0,0,0,0,0,0,0,0,4,-1,-1,Altres,-1,2,2,5,-1,2,0,20.5,1,5,5,14,2
5974,2015,0,2015-04-14,A-2,MONTMANEU,Anoia,3,0,1,0,2,0,0,0,0,1,1,0,0,100.0,0.0,0,3,No n'hi ha,-1.0,3,3,1,0,1,0,0,0,1,0,0,0,0,0,3,-1,0,Encalç,-1,1,2,1,1,2,1,6.36,0,2,1,14,4
5975,2015,0,2015-01-10,N-141e,BESCANO,Girones,1,0,3,1,3,0,0,0,2,1,0,0,0,100.0,0.0,0,1,No n'hi ha,-1.0,3,3,1,0,0,0,0,0,0,0,0,0,0,0,2,-1,1,Envestida (frontal lateral),-1,1,2,4,2,2,0,16.4,1,2,5,10,1
5976,2015,0,2015-06-09,BP-2121,PACS DEL PENEDES,Alt Penedes,3,0,1,4,1,0,0,0,0,1,0,0,0,100.0,0.0,0,3,No n'hi ha,-1.0,3,3,1,0,0,0,0,0,0,0,0,0,0,1,4,5,1,Resta sortides de via,2,1,2,4,3,2,1,18.38,1,1,1,9,6
5977,2015,1,2015-07-14,SE,SANT CARLES DE LA RAPITA,Montsia,0,0,1,0,2,1,0,0,0,1,0,0,0,40.0,0.0,0,2,No n'hi ha,-1.0,3,3,1,0,0,0,0,0,0,0,0,0,0,2,4,5,1,Atropellament,0,2,2,5,-1,2,1,13.02,0,3,1,14,7
5978,2015,0,2015-12-22,N-240,LLEIDA,Segria,2,0,1,4,4,0,0,0,0,4,0,0,0,100.0,0.0,1,2,No n'hi ha,-1.0,3,3,1,0,0,0,0,0,0,0,0,0,1,0,3,-1,1,Fregament o col·lisió lateral,-1,1,2,4,1,2,1,17.54,1,2,1,22,12
5979,2015,0,2015-07-27,B-24,PALLEJA,Baix Llobregat,3,0,1,0,2,0,0,0,1,1,0,0,0,80.0,0.0,0,2,No n'hi ha,-1.0,3,3,1,0,0,0,0,0,0,0,0,0,0,0,4,-1,0,Fregament o col·lisió lateral,-1,1,2,1,1,2,1,7.11,0,2,0,27,7
5980,2015,1,2015-08-31,SE,CERDANYOLA DEL VALLES,Valles Occidental,3,0,1,0,2,1,0,0,0,1,0,0,0,100.0,0.0,0,2,No n'hi ha,-1.0,3,3,1,0,0,0,0,0,0,0,0,0,0,0,4,-1,1,Atropellament,-1,2,2,5,-1,2,1,17.05,1,3,0,31,8
5981,2015,0,2015-08-06,N-230,VIELHA E MIJARAN,Val d'Aran,2,0,4,1,2,0,0,0,0,2,0,0,0,100.0,0.0,0,1,No n'hi ha,-1.0,3,3,1,0,0,0,0,0,0,0,0,0,0,0,4,-1,1,Col·lisió frontal,-1,1,2,4,1,2,1,16.38,1,2,3,6,8
5982,2015,1,2015-10-18,SE,VILASSAR DE MAR,Maresme,3,1,0,0,1,0,0,1,0,0,0,0,0,50.0,0.0,0,0,No n'hi ha,-1.0,3,3,0,0,0,0,0,0,0,0,0,0,0,0,5,-1,1,Xoc contra objecte/obstacle sense sortida prèvia de via,-1,2,2,5,3,2,0,22.35,2,4,6,18,10
5983,2015,1,2015-08-07,SE,HOSPITALET DE LLOBREGAT,Barcelones,3,0,1,0,2,0,0,0,1,1,0,0,0,20.0,0.0,0,2,No n'hi ha,-1.0,3,3,1,-1,0,0,0,-1,0,0,0,0,0,0,1,-1,1,Caiguda en la via,-1,2,2,5,-1,2,0,20.3,1,0,4,7,8
5984,2015,1,2015-02-14,SE,VILABLAREIX,Girones,1,0,1,0,2,0,1,0,0,1,0,0,0,90.0,0.0,0,1,No n'hi ha,-1.0,3,3,1,0,0,0,0,0,0,0,0,0,0,0,4,-1,1,Envestida (frontal lateral),-1,0,2,0,0,2,0,17.32,1,2,5,14,2
5985,2015,0,2015-04-05,C-462,NAVES,Solsones,2,0,1,0,1,0,0,0,1,0,0,0,0,40.0,0.0,0,0,No n'hi ha,-1.0,3,3,1,0,0,0,0,0,0,0,0,0,0,0,4,-1,1,Resta sortides de via,-1,1,2,4,2,2,0,15.17,1,1,6,5,4
5986,2015,1,2015-03-10,SE,BARCELONA,Barcelones,3,0,1,0,2,1,0,0,0,1,0,0,0,30.0,0.0,0,-1,Altres,-1.0,3,3,1,0,0,0,0,0,0,0,0,0,0,0,4,-1,1,Atropellament,-1,2,2,5,-1,2,1,17.45,1,3,1,10,3
5987,2015,1,2015-01-30,SE,BARCELONA,Barcelones,3,0,1,1,2,0,1,0,1,0,0,0,0,100.0,0.0,0,-1,No n'hi ha,-1.0,3,3,1,0,0,0,0,0,0,0,0,0,0,1,5,3,0,Envestida (frontal lateral),2,2,2,5,-1,2,0,21.1,1,2,4,30,1
5988,2015,1,2015-05-08,SE,SANT JOAN DESPI,Baix Llobregat,3,0,1,1,3,2,0,0,0,1,0,0,0,100.0,0.0,0,2,No n'hi ha,-1.0,3,3,1,0,0,0,0,0,0,0,0,0,0,1,4,2,0,Atropellament,2,2,2,5,-1,2,1,8.05,0,3,4,8,5
5989,2015,1,2015-07-16,BV-1221,MATADEPERA,Valles Occidental,3,1,0,0,2,0,0,1,0,1,0,0,0,40.0,0.0,0,1,No n'hi ha,-1.0,3,3,0,0,0,0,0,0,0,0,0,0,0,2,4,4,1,Col·lisió frontal,0,0,2,4,3,2,1,15.32,1,2,3,16,7
5990,2015,0,2015-09-25,C-1414,ESPARREGUERA,Baix Llobregat,3,0,1,0,2,0,0,0,1,1,0,0,0,100.0,0.0,0,1,No n'hi ha,-1.0,3,3,1,0,0,0,0,0,0,0,0,0,0,0,4,-1,1,Col·lisió frontal,-1,1,2,4,2,2,1,13.06,0,2,4,25,9
5991,2015,1,2015-06-19,SE,"MASNOU, EL",Maresme,3,0,1,0,2,0,0,0,1,1,0,0,0,20.0,0.0,0,-1,No n'hi ha,-1.0,3,3,1,0,0,0,0,0,0,0,0,0,0,1,4,4,-1,Envestida (frontal lateral),2,2,2,5,-1,2,0,18.29,1,2,4,19,6
5992,2015,1,2015-09-24,SE,IGUALADA,Anoia,3,0,1,1,2,0,0,0,2,0,0,0,0,50.0,0.0,0,-1,No n'hi ha,-1.0,3,3,1,-1,0,0,0,-1,0,0,0,0,-1,1,4,5,1,Encalç,1,2,2,5,-1,2,1,11.42,0,2,3,24,9
5993,2015,0,2015-08-04,AP-7,VILADASENS,Girones,1,0,1,2,2,0,0,0,0,1,1,0,0,120.0,0.0,0,1,No n'hi ha,-1.0,3,3,1,0,0,0,0,0,0,0,0,0,0,0,3,-1,1,Encalç,-1,1,2,2,1,2,1,1.06,2,2,1,4,8
5994,2015,0,2015-08-09,C-59,SAN FELIU DE CODINES,Valles Oriental,3,0,1,2,2,0,0,0,0,2,0,0,0,100.0,0.0,0,3,No n'hi ha,-1.0,3,3,1,0,0,0,0,0,0,0,0,0,0,0,4,-1,1,Col·lisió frontal,-1,1,2,4,2,2,0,13.04,0,2,6,9,8
5995,2015,1,2015-11-17,SE,GIRONA,Girones,1,0,1,1,2,0,0,0,0,2,0,0,0,90.0,0.0,0,-1,No n'hi ha,-1.0,3,3,1,-1,-1,0,0,-1,0,0,0,0,0,0,3,-1,-1,Col·lisió frontal,-1,2,2,5,-1,2,1,19.19,1,2,1,17,11
5996,2015,0,2015-08-06,AP-7,SANTA OLIVA,Baix Penedes,0,0,1,0,2,0,0,0,0,1,0,1,0,120.0,0.0,0,-1,Sense Especificar,-1.0,3,3,1,0,0,0,0,0,0,0,0,0,0,0,4,-1,-1,Xoc contra objecte/obstacle sense sortida prèvia de via,-1,1,2,2,4,2,1,9.3,0,4,3,6,8
5997,2015,1,2015-07-24,SE,SANT CARLES DE LA RAPITA,Montsia,0,0,2,0,2,0,0,1,0,1,0,0,0,40.0,1.0,0,2,No n'hi ha,-1.0,3,3,1,0,0,0,0,0,0,0,0,0,0,0,4,-1,1,Envestida (frontal lateral),-1,2,2,5,-1,2,1,11.5,0,2,4,24,7
5998,2015,0,2015-06-25,C-32,SANT BOI DE LLOBREGAT,Baix Llobregat,3,0,1,0,2,0,0,0,1,1,0,0,0,100.0,0.0,0,2,No n'hi ha,-1.0,3,3,1,0,0,0,0,0,0,0,0,0,0,0,4,-1,0,Encalç,-1,1,2,2,2,2,1,15.22,1,2,3,25,6
5999,2015,0,2015-06-04,AP-7,MONT-ROIG DEL CAMP,Baix Camp,0,0,1,1,1,0,0,0,0,0,1,0,0,100.0,0.0,0,2,No n'hi ha,-1.0,3,3,1,0,0,0,0,0,0,0,0,0,0,0,3,-1,0,Resta sortides de via,-1,1,2,2,4,2,1,2.47,2,1,3,4,6
6000,2015,0,2015-08-31,L-200,MIRALCAMP,Pla d'Urgell,2,0,1,0,1,0,0,0,0,0,0,1,0,100.0,0.0,0,1,No n'hi ha,-1.0,3,3,1,0,0,0,0,0,0,0,0,0,0,0,4,-1,1,Caiguda en la via,-1,1,2,4,0,2,1,16.16,1,0,0,31,8
6001,2015,1,2015-09-05,SE,SABADELL,Valles Occidental,3,0,1,4,2,0,0,0,0,1,1,0,0,100.0,0.0,0,2,No n'hi ha,-1.0,3,3,1,0,0,0,0,0,0,0,0,0,0,1,4,3,1,Envestida (frontal lateral),1,2,2,5,0,2,0,11.31,0,2,5,5,9
6002,2015,1,2015-10-09,C-153,RODA DE TER,Osona,3,0,1,0,2,1,0,0,0,1,0,0,0,50.0,1.0,0,2,No n'hi ha,-1.0,3,3,1,0,1,0,0,0,0,0,0,0,0,0,4,-1,1,Atropellament,-1,0,2,4,2,2,0,18.46,1,3,4,9,10
6003,2015,1,2015-12-19,SE,HOSPITALET DE LLOBREGAT,Barcelones,3,1,0,0,2,1,0,0,0,1,0,0,0,20.0,0.0,0,2,No n'hi ha,-1.0,3,3,0,-1,0,0,0,-1,0,0,0,0,0,0,2,-1,1,Atropellament,-1,2,2,5,-1,2,0,16.16,1,3,5,19,12
6004,2015,1,2015-02-06,SE,BADALONA,Barcelones,3,0,1,0,2,1,0,0,0,1,0,0,0,20.0,0.0,0,-1,No n'hi ha,-1.0,3,3,1,-1,0,0,0,-1,0,0,0,0,0,1,4,3,1,Atropellament,2,2,2,5,-1,2,1,12.1,0,3,4,6,2
6005,2015,1,2015-03-15,SE,LLAGOSTERA,Girones,1,0,1,0,2,0,0,1,0,1,0,0,0,100.0,0.0,0,-1,No n'hi ha,-1.0,3,3,1,0,0,0,0,0,0,0,0,0,0,0,4,-1,-1,Fregament o col·lisió lateral,-1,2,2,5,-1,2,0,12.27,0,2,6,15,3
6006,2015,0,2015-02-26,CR,CASTELLO D'EMPURIES,Alt Emporda,1,0,2,1,2,0,0,0,0,2,0,0,0,60.0,0.0,0,2,No n'hi ha,-1.0,1,3,1,0,0,0,0,0,0,0,0,0,0,0,2,-1,1,Col·lisió frontal,-1,1,2,0,2,2,1,16.17,1,2,3,26,2
6007,2015,0,2015-04-21,L-401,ODEN,Solsones,2,0,1,0,2,0,0,0,1,1,0,0,0,90.0,0.0,0,1,No n'hi ha,-1.0,3,3,1,0,0,0,0,0,0,0,0,0,0,0,4,-1,1,Altres,-1,1,2,4,2,2,1,12.32,0,5,1,21,4
6008,2015,1,2015-04-21,SE,SANT PERE DE RIBES,Garraf,3,0,1,0,2,0,0,0,1,1,0,0,0,100.0,0.0,0,2,No n'hi ha,-1.0,3,3,1,0,0,0,0,0,0,0,0,0,0,1,1,4,1,Envestida (frontal lateral),2,2,2,5,-1,2,1,19.59,1,2,1,21,4
6009,2015,1,2015-12-09,SE,VILANOVA I LA GELTRU,Garraf,3,0,2,0,3,2,0,0,0,1,0,0,0,100.0,0.0,0,2,No n'hi ha,-1.0,3,3,1,0,0,0,0,0,0,0,0,0,0,2,5,-1,0,Atropellament,1,2,2,5,-1,1,1,18.3,1,3,2,9,12
6010,2015,1,2015-12-04,SE,BARCELONA,Barcelones,3,0,1,0,2,0,0,0,1,1,0,0,0,60.0,0.0,0,-1,No n'hi ha,-1.0,3,3,1,0,0,0,0,0,0,0,0,0,0,0,5,-1,1,Col·lisió frontal,-1,2,2,5,-1,2,0,22.29,2,2,4,4,12
6011,2015,1,2015-05-30,SE,MOLINS DE REI,Baix Llobregat,3,0,1,0,2,1,0,0,1,0,0,0,0,20.0,0.0,0,2,No n'hi ha,-1.0,3,3,1,-1,0,0,0,-1,0,0,0,0,-1,1,4,2,0,Atropellament,2,2,2,5,-1,2,0,13.02,0,3,5,30,5
6012,2015,0,2015-06-21,LL-11,LLEIDA,Segria,2,0,1,0,2,0,1,0,0,1,0,0,0,100.0,1.0,0,2,No n'hi ha,-1.0,3,3,1,0,0,0,0,0,0,0,0,0,0,0,4,-1,0,Encalç,-1,1,2,1,3,2,0,12.36,0,2,6,21,6
6013,2015,1,2015-11-08,SE,MARTORELL,Baix Llobregat,3,0,1,0,1,0,1,0,0,0,0,0,0,40.0,0.0,0,2,Altres,-1.0,3,3,1,0,0,0,0,0,0,0,0,0,0,0,4,-1,0,Resta sortides de via,-1,2,2,5,-1,2,0,12.3,0,1,6,8,11
6014,2015,1,2015-07-01,SE,BARCELONA,Barcelones,3,0,1,0,2,1,0,0,0,1,0,0,0,100.0,0.0,0,-1,No n'hi ha,-1.0,3,3,1,0,0,0,0,0,0,0,0,0,0,0,4,-1,0,Atropellament,-1,2,2,5,-1,2,1,13.35,0,3,2,1,7
6015,2015,0,2015-09-01,T-310,MONTBRIO DEL CAMP,Baix Camp,0,0,1,0,2,0,0,0,0,1,1,0,0,90.0,0.0,0,-1,Sense Especificar,-1.0,3,3,1,0,0,0,0,0,0,0,0,0,0,0,4,-1,-1,Col·lisió frontal,-1,1,2,4,4,2,1,11.55,0,2,1,1,9
6016,2015,1,2015-12-14,SE,LLEIDA,Segria,2,0,1,0,2,0,0,1,0,0,1,0,0,20.0,0.0,0,2,No n'hi ha,-1.0,3,3,1,-1,0,0,0,-1,0,0,0,0,-1,0,2,-1,1,Caiguda en la via,-1,2,2,5,-1,2,1,11.2,0,0,0,14,12