,Year,Area,Date,Road,Municipality Name,County Name,Province Name,Fatalties,Serious Injuries,Light Injuries,Units Involved,Pedestrains Involved,Bicycles Involved,Mopeds Involved,Motorcycles,Light Vehicles Involved,Heavy Vehicles Involved,Other Units Involved,Unspecified Units Involved,Road Speed Limit,Accident with Hit and Run,Fog Presence,Surrounding Environment,Special Lane Presence,Special Traffic Measures,Weather Conditions,Special Road Functions,Severity of Accident,Influence of Fog,Influence of Environment,Influence of Traffic,Influence of Weather,Influence of Wind Intensity,Influence of Lighting,Influence of Special Measures,Influence of Road Objects,Influence of Road Surface,Influence of Visibility,Intersection Characteristics,Lighting Conditions,Traffic Regulation and Priority,Direction of Road,Subtype of Accident,Subtype of Road Section,Subzone within Area,Road Surface Conditions,Type of Road,Road Ownership,Wind Conditions,Day of the Week Grouping,Hour of Day,Time of Day Grouping,Type of Accident,Day Type,Day,Month
6017,2015,1,2015-07-09,SE,BARCELONA,Barcelones,3,1,0,0,2,0,0,0,1,0,1,0,0,60.0,0.0,0,-1,No n'hi ha,-1.0,3,3,0,0,0,0,0,0,0,0,0,0,0,0,5,-1,0,Fregament o col·lisió lateral,-1,2,2,5,-1,2,1,8.57,0,2,3,9,7
6018,2015,1,2015-12-25,SE,VIC,Osona,3,0,1,1,3,2,0,0,0,1,0,0,0,100.0,0.0,1,2,No n'hi ha,-1.0,3,3,1,0,0,0,0,0,0,0,0,0,0,0,5,-1,0,Atropellament,-1,2,2,5,-1,2,1,2.15,2,3,4,25,12
6019,2015,1,2015-06-19,SE,SABADELL,Valles Occidental,3,0,1,0,2,1,0,0,0,1,0,0,0,30.0,0.0,0,2,No n'hi ha,-1.0,3,3,1,0,0,0,0,0,0,0,0,0,0,0,4,-1,0,Atropellament,-1,2,2,5,-1,2,1,14.42,1,3,4,19,6
6020,2015,1,2015-09-19,SE,BARCELONA,Barcelones,3,0,1,0,3,0,0,0,1,2,0,0,0,30.0,0.0,0,-1,Carril lent,-1.0,3,3,1,0,0,0,0,0,0,0,0,0,0,1,4,2,1,Envestida (frontal lateral),2,2,2,5,-1,2,0,10.37,0,2,5,19,9
6021,2015,1,2015-02-05,SE,GIRONA,Girones,1,0,1,0,2,0,0,1,0,1,0,0,0,100.0,0.0,0,3,No n'hi ha,-1.0,3,3,1,0,0,0,0,0,0,0,0,0,0,2,5,5,1,Fregament o col·lisió lateral,1,2,2,5,-1,2,1,18.56,1,2,3,5,2
6022,2015,1,2015-05-15,SE,MATARO,Maresme,3,0,1,0,2,0,1,0,0,1,0,0,0,20.0,0.0,0,3,Carril bici,-1.0,3,3,1,-1,0,0,0,-1,0,0,0,0,-1,0,4,-1,1,Envestida (frontal lateral),-1,2,2,5,-1,2,0,15.2,1,2,4,15,5
6023,2015,1,2015-05-21,SE,BARCELONA,Barcelones,3,0,1,0,2,0,0,0,1,1,0,0,0,100.0,0.0,0,-1,No n'hi ha,-1.0,3,3,1,0,0,0,0,0,0,0,0,0,0,1,4,3,0,Fregament o col·lisió lateral,2,2,2,5,-1,2,1,12.0,0,2,3,21,5
6024,2015,0,2015-01-31,C-32,ESPLUGUES DE LLOBREGAT,Baix Llobregat,3,0,1,0,2,0,0,0,1,0,1,0,0,50.0,0.0,0,1,No n'hi ha,-1.0,3,3,1,0,0,0,0,0,0,0,0,0,0,0,0,-1,0,Encalç,-1,1,2,2,2,2,0,21.22,1,2,5,31,1
6025,2015,1,2015-02-24,SE,TORTOSA,Baix Ebre,0,0,1,0,2,0,0,0,1,1,0,0,0,100.0,0.0,0,2,No n'hi ha,-1.0,3,3,1,0,0,0,0,0,0,0,0,0,0,0,5,-1,1,Fregament o col·lisió lateral,-1,2,2,5,-1,0,1,23.1,2,2,1,24,2
6026,2015,0,2015-03-09,B-20,BARCELONA,Barcelones,3,0,1,2,2,0,0,0,2,0,0,0,0,100.0,0.0,0,-1,Carril acceleració,-1.0,3,3,1,0,0,1,0,0,0,0,0,0,0,0,5,-1,1,Encalç,-1,1,2,1,-1,2,1,19.45,1,2,0,9,3
6027,2015,0,2015-10-22,C-15z,VILANOVA I LA GELTRU,Garraf,3,0,1,1,2,0,0,0,0,2,0,0,0,100.0,0.0,0,2,No n'hi ha,-1.0,3,3,1,0,0,0,0,0,0,0,0,0,0,0,4,-1,1,Col·lisió frontal,-1,1,2,4,3,2,1,11.58,0,2,3,22,10
6028,2015,1,2015-11-04,SE,SANT CARLES DE LA RAPITA,Montsia,0,0,1,1,3,2,0,0,0,1,0,0,0,40.0,0.0,0,2,No n'hi ha,-1.0,3,3,1,0,0,0,0,0,0,0,0,0,0,0,0,-1,1,Atropellament,-1,2,2,5,-1,2,1,18.1,1,3,2,4,11
6029,2015,0,2015-09-20,AP-7,"AMETLLA DE MAR, L'",Baix Ebre,0,1,0,1,2,0,0,0,0,1,1,0,0,100.0,0.0,0,3,No n'hi ha,-1.0,3,3,0,0,0,0,0,0,0,0,0,0,0,0,4,-1,0,Encalç,-1,1,2,2,1,2,0,17.16,1,2,6,20,9
6030,2015,1,2015-02-12,BV-5023,PREMIA DE DALT,Maresme,3,0,1,2,2,1,0,0,1,0,0,0,0,40.0,0.0,0,-1,No n'hi ha,-1.0,3,3,1,-1,0,0,0,-1,0,0,0,0,0,1,4,3,1,Atropellament,2,0,2,4,-1,2,1,14.3,1,3,3,12,2
6031,2015,1,2015-11-25,SE,SUBIRATS,Alt Penedes,3,1,0,0,4,1,0,0,0,2,1,0,0,20.0,0.0,0,3,No n'hi ha,0.0,3,3,0,0,0,0,0,0,0,0,0,0,0,2,4,5,1,Atropellament,1,2,0,5,-1,2,1,12.35,0,3,2,25,11
6032,2015,1,2015-07-19,SE,CASTELL-PLATJA D'ARO,Baix Emporda,1,0,1,0,2,0,0,0,1,1,0,0,0,100.0,0.0,0,2,No n'hi ha,-1.0,3,3,1,0,0,0,0,0,0,0,0,0,0,0,5,-1,1,Encalç,-1,2,2,5,-1,2,0,22.28,2,2,6,19,7
6033,2015,1,2015-11-19,SE,VIC,Osona,3,0,1,0,2,1,0,0,0,1,0,0,0,100.0,0.0,0,2,No n'hi ha,-1.0,3,3,1,0,0,0,0,0,0,0,0,0,0,0,5,-1,1,Atropellament,-1,2,2,5,-1,2,1,18.3,1,3,3,19,11
6034,2015,1,2015-10-11,SE,VILANOVA I LA GELTRU,Garraf,3,0,1,0,2,0,0,0,1,1,0,0,0,100.0,0.0,0,2,No n'hi ha,-1.0,3,3,1,0,0,0,0,0,0,0,0,0,0,1,4,3,1,Fregament o col·lisió lateral,2,2,2,5,-1,2,0,13.0,0,2,6,11,10
6035,2015,1,2015-07-30,SE,HOSPITALET DE LLOBREGAT,Barcelones,3,1,0,0,2,1,0,0,0,0,0,1,0,20.0,0.0,0,-1,No n'hi ha,-1.0,3,3,0,-1,-1,0,0,-1,0,0,0,0,-1,0,4,-1,1,Atropellament,-1,2,2,5,-1,2,1,15.45,1,3,3,30,7
6036,2015,1,2015-04-27,SE,CORNELLA DE LLOBREGAT,Baix Llobregat,3,0,1,0,2,0,0,0,1,1,0,0,0,20.0,0.0,0,-1,No n'hi ha,-1.0,3,3,1,-1,-1,0,0,-1,0,0,0,0,-1,0,4,-1,-1,Envestida (frontal lateral),-1,2,2,5,-1,2,1,9.0,0,2,0,27,4
6037,2015,1,2015-04-08,N-240,TARRAGONA,Tarragones,0,0,1,1,2,0,0,0,1,1,0,0,0,90.0,0.0,0,2,No n'hi ha,-1.0,3,3,1,0,0,0,0,0,0,0,0,0,0,1,4,4,0,Envestida (frontal lateral),0,0,2,4,-1,2,1,19.04,1,2,2,8,4
6038,2015,0,2015-04-24,C-243c,CASTELLBISBAL,Valles Occidental,3,0,1,1,2,0,0,0,0,2,0,0,0,100.0,0.0,0,2,No n'hi ha,-1.0,3,3,1,0,0,0,0,0,0,0,0,0,0,0,4,-1,1,Col·lisió frontal,-1,1,2,4,3,2,1,14.09,1,2,4,24,4
6039,2015,0,2015-04-06,N-145,"VALLS DE VALIRA, LES",Alt Urgell,2,0,1,0,2,0,1,0,0,1,0,0,0,90.0,0.0,0,2,No n'hi ha,-1.0,3,3,1,0,0,0,0,0,0,0,0,0,0,0,4,-1,1,Caiguda en la via,-1,1,2,4,1,2,1,12.23,0,0,0,6,4
6040,2015,0,2015-02-17,C-1413a,"PAPIOL, EL",Baix Llobregat,3,0,1,0,2,0,0,0,1,1,0,0,0,50.0,0.0,0,2,No n'hi ha,-1.0,3,3,1,0,0,0,0,0,0,0,0,0,0,1,4,4,0,Envestida (frontal lateral),2,1,2,4,2,2,1,18.2,1,2,1,17,2
6041,2015,1,2015-01-15,SE,"PRAT DE LLOBREGAT, E",Baix Llobregat,3,0,1,0,2,1,0,0,0,1,0,0,0,100.0,0.0,0,-1,No n'hi ha,-1.0,3,3,1,0,0,0,0,0,0,0,0,0,0,0,5,-1,-1,Atropellament,-1,2,0,5,-1,2,1,21.3,1,3,3,15,1
6042,2015,0,2015-12-19,N-II,PALAFOLLS,Maresme,3,0,1,0,2,0,0,0,0,1,1,0,0,100.0,0.0,0,1,Carril lent,-1.0,3,3,1,0,0,0,0,0,0,0,0,0,0,0,2,-1,1,Encalç,-1,1,2,4,1,2,0,10.46,0,2,5,19,12
6043,2015,1,2015-08-17,SE,BARCELONA,Barcelones,3,0,1,0,2,1,0,0,0,1,0,0,0,100.0,0.0,0,-1,No n'hi ha,-1.0,3,3,1,0,0,0,0,0,0,0,0,0,0,0,5,-1,1,Atropellament,-1,2,2,5,-1,2,1,13.35,0,3,0,17,8
6044,2015,0,2015-09-05,N-141b,AGUILAR DE SEGARRA,Bages,3,0,2,0,2,0,0,2,0,0,0,0,0,100.0,0.0,0,2,No n'hi ha,-1.0,3,3,1,0,0,0,0,0,0,0,0,0,0,0,3,-1,1,Fregament o col·lisió lateral,-1,1,2,4,0,2,0,22.13,2,2,5,5,9
6045,2015,0,2015-09-08,C-13,CAMARASA,Noguera,2,0,1,1,2,0,0,0,1,1,0,0,0,50.0,0.0,0,1,No n'hi ha,-1.0,3,3,1,0,0,0,0,0,0,0,0,0,0,0,4,-1,1,Col·lisió frontal,-1,1,2,4,2,2,1,17.35,1,2,1,8,9
6046,2015,0,2015-10-03,N-340,REUS,Baix Camp,0,0,2,1,2,0,0,0,0,2,0,0,0,80.0,0.0,0,2,No n'hi ha,-1.0,3,3,1,0,0,0,0,0,0,0,0,0,0,0,4,-1,1,Col·lisió frontal,-1,1,2,4,1,2,0,21.35,1,2,5,3,10
6047,2015,0,2015-11-27,N-420,RIUDECOLS,Baix Camp,0,1,0,0,2,0,0,0,0,1,1,0,0,100.0,0.0,0,0,Carril lent,-1.0,3,3,0,0,0,0,0,0,0,0,0,0,0,0,1,-1,1,Col·lisió frontal,-1,1,2,4,1,2,1,7.31,0,2,4,27,11
6048,2015,0,2015-06-16,A-2,LLEIDA,Segria,2,0,1,0,3,0,0,0,0,1,2,0,0,100.0,0.0,0,2,Carril acceleració,0.0,1,3,1,0,0,0,0,0,0,1,0,0,0,0,2,-1,0,Encalç,-1,1,2,1,1,2,1,18.16,1,2,1,16,6
6049,2015,1,2015-04-02,SE,HOSPITALET DE LLOBREGAT,Barcelones,3,0,1,0,2,0,0,0,1,1,0,0,0,20.0,0.0,0,-1,No n'hi ha,-1.0,3,3,1,-1,0,0,0,-1,0,0,0,0,0,0,4,-1,1,Envestida (frontal lateral),-1,2,2,5,-1,2,1,7.38,0,2,3,2,4
6050,2015,1,2015-04-21,SE,BARCELONA,Barcelones,3,0,1,1,3,0,0,0,0,1,1,1,0,50.0,0.0,0,-1,No n'hi ha,-1.0,3,3,1,0,0,0,0,0,0,0,0,0,1,0,4,-1,1,Col·lisió frontal,-1,2,2,5,-1,2,1,15.0,1,2,1,21,4
6051,2015,0,2015-04-11,CR,HORTA DE SANT JOAN,Terra Alta,0,0,1,0,2,0,1,0,0,1,0,0,0,30.0,0.0,0,1,No n'hi ha,-1.0,3,3,1,0,0,0,0,0,0,0,0,0,1,0,4,-1,1,Fregament o col·lisió lateral,-1,1,3,0,0,2,0,15.15,1,2,5,11,4
6052,2015,1,2015-02-12,SE,GRANOLLERS,Valles Oriental,3,0,1,0,2,0,1,0,0,0,1,0,0,100.0,0.0,0,2,Carril bici,-1.0,3,3,1,0,0,0,0,0,0,0,0,0,0,0,4,-1,1,Caiguda en la via,-1,2,2,5,-1,2,1,10.0,0,0,3,12,2
6053,2015,0,2015-01-14,N-IIa,SANT VICENC DELS HORTS,Baix Llobregat,3,0,1,0,2,0,1,0,0,1,0,0,0,100.0,0.0,0,2,No n'hi ha,-1.0,3,3,1,0,0,0,0,0,0,0,0,0,0,0,5,-1,1,Encalç,-1,1,2,4,1,2,1,20.29,1,2,2,14,1
6054,2015,0,2015-04-23,N-340,VILAFRANCA DEL PENEDES,Alt Penedes,3,0,1,2,3,0,0,0,0,2,1,0,0,80.0,1.0,0,2,No n'hi ha,-1.0,3,3,1,0,0,0,0,0,0,0,0,0,0,0,4,-1,1,Col·lisió frontal,-1,1,2,4,1,2,1,12.42,0,2,3,23,4
6055,2015,0,2015-01-04,N-II,MALGRAT DE MAR,Maresme,3,0,1,1,2,0,0,0,0,2,0,0,0,80.0,0.0,0,1,No n'hi ha,-1.0,3,3,1,0,0,0,0,0,0,0,0,0,0,0,1,-1,1,Col·lisió frontal,-1,1,2,4,1,2,0,18.09,1,2,6,4,1
6056,2015,1,2015-01-17,SE,SABADELL,Valles Occidental,3,0,1,0,2,1,0,0,0,1,0,0,0,100.0,0.0,0,2,No n'hi ha,-1.0,3,3,1,0,0,0,0,0,0,0,0,0,0,0,4,-1,0,Atropellament,-1,2,2,5,-1,2,0,18.25,1,3,5,17,1
6057,2015,0,2015-05-16,L-303,"PLANS DE SIO, ELS",Segarra,2,0,2,1,1,0,0,0,0,1,0,0,0,100.0,0.0,0,2,No n'hi ha,-1.0,3,3,1,0,0,0,0,0,0,0,0,0,0,0,4,-1,1,Resta sortides de via,-1,1,2,4,2,2,0,7.43,0,1,5,16,5
6058,2015,0,2015-09-11,BV-1249,CASTELLAR DEL VALLES,Valles Occidental,3,0,2,1,1,0,0,0,0,1,0,0,0,100.0,0.0,0,3,No n'hi ha,-1.0,3,3,1,0,0,0,0,0,0,0,0,0,0,0,4,-1,1,Resta sortides de via,-1,1,2,4,3,2,1,8.52,0,1,4,11,9
6059,2015,0,2015-09-22,B-24,PALLEJA,Baix Llobregat,3,0,1,2,3,0,0,0,0,3,0,0,0,80.0,0.0,0,3,No n'hi ha,-1.0,3,3,1,0,0,0,0,0,0,0,0,0,0,0,4,-1,0,Encalç,-1,1,2,1,3,2,1,15.04,1,2,1,22,9
6060,2015,1,2015-12-08,SE,BADALONA,Barcelones,3,0,1,0,1,0,1,0,0,0,0,0,0,30.0,0.0,0,3,No n'hi ha,-1.0,3,3,1,-1,0,0,0,-1,0,0,0,0,-1,1,4,4,1,Caiguda en la via,3,2,2,5,-1,2,1,9.1,0,0,1,8,12
6061,2015,1,2015-07-14,SE,TERRASSA,Valles Occidental,3,0,1,0,1,0,0,0,1,0,0,0,0,100.0,0.0,0,2,No n'hi ha,-1.0,3,3,1,0,0,0,0,0,0,0,0,0,0,2,5,3,0,Caiguda en la via,0,2,2,5,-1,2,1,23.45,2,0,1,14,7
6062,2015,1,2015-06-30,SE,BARCELONA,Barcelones,3,0,1,0,2,0,0,0,1,0,1,0,0,100.0,0.0,0,-1,Carril bici,-1.0,3,3,1,0,0,0,0,0,0,0,0,0,0,1,5,3,1,Envestida (frontal lateral),2,2,2,5,-1,2,1,21.55,1,2,1,30,6
6063,2015,1,2015-07-04,SE,SANT FELIU DE LLOBREGAT,Baix Llobregat,3,0,1,0,2,1,0,0,0,1,0,0,0,100.0,0.0,0,2,No n'hi ha,-1.0,3,3,1,0,0,0,0,0,0,0,0,0,0,0,4,-1,0,Atropellament,-1,2,2,5,-1,2,0,12.08,0,3,5,4,7
6064,2015,1,2015-05-21,SE,BARCELONA,Barcelones,3,0,1,0,2,0,1,0,1,0,0,0,0,100.0,0.0,0,-1,Carril bici,-1.0,3,3,1,0,0,0,0,0,0,0,0,0,0,1,5,3,0,Envestida (frontal lateral),2,2,2,5,-1,2,1,21.4,1,2,3,21,5
6065,2015,1,2015-09-21,SE,BARCELONA,Barcelones,3,0,1,0,3,0,0,0,1,1,1,0,0,100.0,0.0,0,-1,No n'hi ha,-1.0,3,3,1,0,0,1,0,0,0,0,0,0,0,0,4,-1,0,Fregament o col·lisió lateral,-1,2,2,5,-1,2,1,18.5,1,2,0,21,9
6066,2015,1,2015-09-18,BV-4501,MANRESA,Bages,3,0,1,0,2,0,0,0,1,1,0,0,0,100.0,0.0,0,2,No n'hi ha,-1.0,3,3,1,0,0,0,0,0,0,0,0,0,0,1,4,4,0,Envestida (frontal lateral),1,0,2,4,-1,2,1,14.06,1,2,4,18,9
6067,2015,1,2015-05-25,SE,SANT CELONI,Valles Oriental,3,0,1,4,3,0,0,0,0,2,0,1,0,100.0,0.0,0,2,No n'hi ha,-1.0,3,3,1,0,0,0,0,0,0,0,0,0,0,1,4,4,0,Envestida (frontal lateral),2,2,2,5,-1,2,1,17.4,1,2,0,25,5
6068,2015,1,2015-03-25,SE,ARENYS DE MAR,Maresme,3,0,1,0,2,0,1,0,0,1,0,0,0,100.0,0.0,0,-1,No n'hi ha,-1.0,3,3,1,0,0,0,0,0,0,0,0,0,0,0,4,-1,-1,Envestida (frontal lateral),-1,2,2,5,-1,2,1,20.3,1,2,2,25,3
6069,2015,0,2015-03-08,N-260,BOLVIR,Cerdanya,1,1,0,0,3,0,0,0,1,2,0,0,0,100.0,0.0,0,2,No n'hi ha,-1.0,3,3,0,0,0,0,0,0,0,0,0,0,0,0,4,-1,1,Fregament o col·lisió lateral,-1,1,2,4,1,2,0,11.32,0,2,6,8,3
6070,2015,1,2015-05-26,SE,CORBERA DE LLOBREGAT,Baix Llobregat,3,0,1,0,2,0,0,0,1,1,0,0,0,30.0,0.0,0,2,No n'hi ha,-1.0,3,3,1,0,0,0,0,0,0,0,0,0,0,0,4,-1,1,Envestida (frontal lateral),-1,2,2,5,-1,2,1,16.1,1,2,1,26,5
6071,2015,1,2015-03-25,SE,LLEIDA,Segria,2,0,1,0,2,0,0,0,1,1,0,0,0,20.0,0.0,0,-1,No n'hi ha,-1.0,3,3,1,-1,0,0,0,-1,0,0,0,0,-1,1,4,5,1,Envestida (frontal lateral),0,2,2,5,-1,2,1,18.33,1,2,2,25,3
6072,2015,1,2015-10-31,SE,GIRONA,Girones,1,0,1,0,3,0,0,0,1,2,0,0,0,100.0,0.0,0,2,No n'hi ha,-1.0,3,3,1,0,0,0,0,0,0,0,0,0,0,0,2,-1,1,Envestida (frontal lateral),-1,2,2,5,-1,2,0,17.52,1,2,5,31,10
6073,2015,0,2015-06-10,GI-533,VILABLAREIX,Girones,1,0,1,0,2,1,0,0,0,1,0,0,0,100.0,0.0,0,2,No n'hi ha,-1.0,3,3,1,0,0,0,0,0,0,0,0,0,0,0,4,-1,1,Atropellament,-1,1,2,4,3,2,1,20.3,1,3,2,10,6
6074,2015,1,2015-06-30,SE,LLEIDA,Segria,2,0,1,0,2,0,0,0,1,1,0,0,0,20.0,0.0,0,-1,No n'hi ha,-1.0,3,3,1,-1,0,0,0,-1,0,0,0,0,-1,1,4,5,1,Envestida (frontal lateral),1,2,2,5,-1,2,1,13.5,0,2,1,30,6
6075,2015,1,2015-07-02,SE,"VENDRELL, EL",Baix Penedes,0,0,1,0,1,0,0,1,0,0,0,0,0,40.0,0.0,0,2,No n'hi ha,-1.0,3,3,1,-1,0,0,0,-1,0,0,0,0,-1,0,4,-1,1,Sortida de via amb bolcada,-1,2,2,5,-1,2,1,17.2,1,1,3,2,7
6076,2015,1,2015-08-26,SE,GAVA,Baix Llobregat,3,0,1,0,2,0,0,0,1,1,0,0,0,20.0,0.0,0,2,No n'hi ha,-1.0,3,3,1,-1,0,0,0,-1,0,0,0,0,-1,1,4,4,0,Envestida (frontal lateral),2,2,2,5,-1,2,1,17.15,1,2,2,26,8
6077,2015,1,2015-07-17,SE,MOLLERUSSA,Pla d'Urgell,2,0,1,0,2,0,0,0,1,1,0,0,0,100.0,0.0,0,2,No n'hi ha,-1.0,3,3,1,0,0,0,0,0,0,0,0,0,0,1,4,4,1,Envestida (frontal lateral),2,2,2,5,-1,2,1,9.0,0,2,4,17,7
6078,2015,1,2015-06-03,SE,BARCELONA,Barcelones,3,0,1,0,3,1,0,0,0,2,0,0,0,100.0,0.0,0,-1,No n'hi ha,-1.0,3,3,1,0,0,1,0,0,0,0,0,0,1,0,4,-1,0,Atropellament,-1,2,2,5,-1,2,1,17.45,1,3,2,3,6
6079,2015,1,2015-06-10,SE,CAMBRILS,Baix Camp,0,0,1,0,2,1,0,0,0,1,0,0,0,40.0,0.0,0,2,No n'hi ha,-1.0,3,3,1,0,0,0,0,0,0,0,0,0,0,0,4,-1,1,Atropellament,-1,2,2,5,-1,2,1,16.16,1,3,2,10,6
6080,2015,0,2015-05-11,C-14,OLIANA,Alt Urgell,2,0,2,0,3,0,0,0,2,1,0,0,0,100.0,0.0,0,1,No n'hi ha,-1.0,3,3,1,0,0,0,0,0,0,0,0,0,0,0,4,-1,0,Xoc contra objecte/obstacle sense sortida prèvia de via,-1,1,2,4,2,2,1,8.17,0,4,0,11,5
6081,2015,1,2015-01-28,SE,HOSPITALET DE LLOBREGAT,Barcelones,3,0,1,0,2,1,0,0,1,0,0,0,0,20.0,0.0,0,-1,No n'hi ha,-1.0,3,3,1,0,0,0,0,0,0,0,0,0,0,0,4,-1,-1,Atropellament,-1,2,2,5,-1,2,1,13.06,0,3,2,28,1
6082,2015,1,2015-03-01,SE,REUS,Baix Camp,0,0,1,0,2,1,0,0,0,0,1,0,0,100.0,0.0,0,-1,No n'hi ha,-1.0,3,3,1,0,0,0,0,0,0,0,0,0,1,0,4,-1,-1,Atropellament,-1,2,2,5,-1,2,0,19.05,1,3,6,1,3
6083,2015,1,2015-02-01,SE,CASTELLTERCOL,Moianès,3,0,1,0,2,1,0,0,0,1,0,0,0,20.0,0.0,0,-1,Sense Especificar,-1.0,3,3,1,0,0,0,0,0,0,0,0,0,0,0,4,-1,-1,Atropellament,-1,2,2,5,-1,2,0,15.28,1,3,6,1,2
6084,2015,1,2015-10-16,SE,LLEIDA,Segria,2,0,1,0,2,1,0,0,0,1,0,0,0,20.0,0.0,0,-1,No n'hi ha,-1.0,3,3,1,0,0,0,0,0,1,0,0,0,0,0,4,-1,-1,Atropellament,-1,2,2,5,-1,2,1,11.4,0,3,4,16,10
6085,2015,1,2015-05-29,SE,"MASNOU, EL",Maresme,3,0,1,1,3,0,0,0,0,3,0,0,0,20.0,0.0,0,-1,No n'hi ha,-1.0,3,3,1,0,-1,0,0,0,0,0,0,0,0,1,4,5,-1,Envestida (frontal lateral),2,2,2,5,-1,2,1,9.02,0,2,4,29,5
6086,2015,0,2015-08-16,N-II,FORNELLS DE LA SELVA,Girones,1,0,2,9,3,0,0,0,0,3,0,0,0,100.0,0.0,0,2,No n'hi ha,-1.0,3,3,1,0,0,0,0,0,0,0,0,0,0,0,3,-1,1,Col·lisió frontal,-1,1,2,4,1,2,0,23.47,2,2,6,16,8
6087,2015,1,2015-06-02,SE,CASTELLDEFELS,Baix Llobregat,3,0,1,0,2,0,0,0,1,1,0,0,0,100.0,0.0,0,2,No n'hi ha,-1.0,3,3,1,0,0,0,0,0,0,0,0,0,0,1,4,4,0,Caiguda en la via,2,2,2,5,-1,2,1,18.15,1,0,1,2,6
6088,2015,0,2015-05-29,BP-5107,SANT PERE DE VILAMAJOR,Valles Oriental,3,0,1,0,1,0,0,0,0,1,0,0,0,50.0,0.0,0,0,No n'hi ha,-1.0,3,3,1,0,0,0,0,0,0,0,0,0,0,0,1,-1,1,Resta sortides de via,-1,1,2,4,3,2,1,5.49,2,1,4,29,5
6089,2015,0,2015-10-27,C-58,RIPOLLET,Valles Occidental,3,0,1,0,7,0,0,0,0,7,0,0,0,100.0,0.0,0,3,No n'hi ha,3.0,1,3,1,0,0,0,0,0,0,0,0,0,0,0,0,-1,0,Col·lisió frontal,-1,1,2,1,2,2,1,6.51,0,2,1,27,10
6090,2015,0,2015-10-11,N-260,VILAJUIGA,Alt Emporda,1,2,0,1,2,0,0,0,0,2,0,0,0,100.0,0.0,0,1,No n'hi ha,-1.0,3,3,0,0,0,0,0,0,0,0,0,0,0,0,4,-1,1,Envestida (frontal lateral),-1,1,2,4,1,2,0,16.56,1,2,6,11,10
6091,2015,0,2015-06-15,C-12,CORBINS,Segria,2,0,1,0,2,0,0,0,1,1,0,0,0,100.0,0.0,0,2,No n'hi ha,-1.0,1,3,1,0,0,0,0,0,0,0,0,0,0,1,2,4,1,Caiguda en la via,0,1,2,4,2,2,1,20.16,1,0,0,15,6
6092,2015,1,2015-04-11,SE,LLORET DE MAR,Selva,1,0,1,0,2,0,0,0,1,1,0,0,0,30.0,0.0,0,2,No n'hi ha,-1.0,3,3,1,0,0,0,0,0,0,0,0,0,0,0,5,-1,1,Encalç,-1,2,2,5,-1,2,0,21.17,1,2,5,11,4
6093,2015,0,2015-03-07,L-800,ALCARRAS,Segria,2,0,1,0,1,0,0,0,0,1,0,0,0,100.0,0.0,0,1,No n'hi ha,-1.0,3,3,1,0,0,0,0,0,0,0,0,0,0,0,3,-1,1,Resta sortides de via,-1,1,2,4,3,2,0,2.46,2,1,5,7,3
6094,2015,1,2015-02-09,SE,BARCELONA,Barcelones,3,0,1,0,2,1,0,0,0,1,0,0,0,100.0,0.0,0,-1,Carril bici,-1.0,3,3,1,0,0,0,0,0,0,0,0,0,0,0,4,-1,1,Atropellament,-1,2,2,5,-1,2,1,7.45,0,3,0,9,2
6095,2015,1,2015-03-31,SE,PALAFRUGELL,Baix Emporda,1,0,1,0,2,1,0,0,0,1,0,0,0,20.0,0.0,0,-1,No n'hi ha,-1.0,3,3,1,-1,0,0,0,-1,0,0,0,0,-1,1,4,4,0,Atropellament,0,2,2,5,-1,2,1,13.32,0,3,1,31,3
6096,2015,1,2015-08-25,SE,LLORET DE MAR,Selva,1,0,1,0,2,0,0,0,1,1,0,0,0,100.0,0.0,0,3,No n'hi ha,-1.0,3,3,1,0,0,0,0,0,0,0,0,0,0,1,5,3,1,Envestida (frontal lateral),2,2,2,5,-1,2,1,21.3,1,2,1,25,8
6097,2015,1,2015-10-25,BV-1604,LLICA DE VALL,Valles Oriental,3,0,1,0,1,0,0,0,1,0,0,0,0,100.0,0.0,0,-1,No n'hi ha,-1.0,3,3,1,0,0,0,0,0,0,0,0,0,0,0,4,-1,-1,Resta sortides de via,-1,0,2,4,-1,2,0,18.0,1,1,6,25,10
6098,2015,1,2015-12-03,SE,CORNELLA DE LLOBREGAT,Baix Llobregat,3,0,1,0,2,1,0,0,0,1,0,0,0,20.0,0.0,0,2,No n'hi ha,-1.0,3,3,1,-1,0,0,0,-1,0,0,0,0,-1,0,4,-1,0,Atropellament,-1,2,2,5,-1,2,1,14.0,1,3,3,3,12
6099,2015,0,2015-07-25,A-22,LLEIDA,Segria,2,0,1,0,1,0,0,0,1,0,0,0,0,120.0,0.0,0,-1,Sense Especificar,-1.0,3,3,1,0,0,0,0,0,0,0,0,0,0,2,4,5,-1,Altres,3,1,2,1,4,2,0,12.17,0,5,5,25,7
6100,2015,0,2015-10-13,B-22,"PRAT DE LLOBREGAT, E",Baix Llobregat,3,1,0,0,5,1,0,0,0,4,0,0,0,80.0,0.0,0,3,No n'hi ha,-1.0,3,3,0,0,0,0,0,0,0,0,0,0,1,0,0,-1,0,Atropellament,-1,1,2,1,2,2,1,20.5,1,3,1,13,10
6101,2015,1,2015-09-11,SE,BARCELONA,Barcelones,3,1,0,0,2,0,0,0,1,1,0,0,0,100.0,0.0,0,-1,No n'hi ha,-1.0,3,3,0,0,0,0,0,0,0,0,0,0,0,0,4,-1,1,Envestida (frontal lateral),-1,2,2,5,-1,2,1,8.45,0,2,4,11,9