,Year,Area,Date,Road,Municipality Name,County Name,Province Name,Fatalties,Serious Injuries,Light Injuries,Units Involved,Pedestrains Involved,Bicycles Involved,Mopeds Involved,Motorcycles,Light Vehicles Involved,Heavy Vehicles Involved,Other Units Involved,Unspecified Units Involved,Road Speed Limit,Accident with Hit and Run,Fog Presence,Surrounding Environment,Special Lane Presence,Special Traffic Measures,Weather Conditions,Special Road Functions,Severity of Accident,Influence of Fog,Influence of Environment,Influence of Traffic,Influence of Weather,Influence of Wind Intensity,Influence of Lighting,Influence of Special Measures,Influence of Road Objects,Influence of Road Surface,Influence of Visibility,Intersection Characteristics,Lighting Conditions,Traffic Regulation and Priority,Direction of Road,Subtype of Accident,Subtype of Road Section,Subzone within Area,Road Surface Conditions,Type of Road,Road Ownership,Wind Conditions,Day of the Week Grouping,Hour of Day,Time of Day Grouping,Type of Accident,Day Type,Day,Month
6102,2015,1,2015-11-20,SE,ESPLUGUES DE LLOBREGAT,Baix Llobregat,3,0,1,0,1,0,0,0,1,0,0,0,0,20.0,0.0,0,2,No n'hi ha,-1.0,3,3,1,-1,0,0,0,-1,0,0,0,0,0,0,0,-1,0,Caiguda en la via,-1,2,2,5,-1,2,0,22.58,2,0,4,20,11
6103,2015,0,2015-06-05,CR,MONTFERRER I CASTELLBO,Alt Urgell,2,0,1,1,1,0,0,0,0,1,0,0,0,100.0,0.0,0,0,No n'hi ha,-1.0,3,3,1,0,0,0,0,0,0,0,0,0,0,0,3,-1,1,Resta sortides de via,-1,1,2,0,0,2,0,23.45,2,1,4,5,6
6104,2015,0,2015-08-04,N-230,BOSSOST,Val d'Aran,2,1,0,1,2,0,0,0,0,1,1,0,0,100.0,0.0,0,1,No n'hi ha,-1.0,3,3,0,0,0,0,0,0,0,0,0,0,0,0,3,-1,1,Col·lisió frontal,-1,1,2,4,1,2,1,21.44,1,2,1,4,8
6105,2015,1,2015-04-11,SE,CASTELLO D'EMPURIES,Alt Emporda,1,0,1,0,1,0,0,0,1,0,0,0,0,100.0,0.0,0,2,No n'hi ha,-1.0,3,3,1,0,0,0,0,0,0,0,0,0,0,0,4,-1,1,Resta sortides de via,-1,2,2,5,0,2,0,15.15,1,1,5,11,4
6106,2015,0,2015-04-14,N-340,CASTELLET I LA GORNA,Alt Penedes,3,0,1,0,2,0,0,0,0,1,1,0,0,70.0,0.0,0,2,No n'hi ha,-1.0,3,3,1,0,0,0,0,0,0,0,0,0,0,2,4,3,1,Encalç,2,1,2,4,1,2,1,12.05,0,2,1,14,4
6107,2015,1,2015-01-30,SE,VALLS,Alt Camp,0,0,1,0,2,1,0,0,0,1,0,0,0,100.0,0.0,0,2,No n'hi ha,-1.0,1,3,1,0,0,0,0,0,1,0,0,0,0,2,0,2,1,Atropellament,0,2,2,5,-1,1,0,19.45,1,3,4,30,1
6108,2015,1,2015-01-06,SE,"VENDRELL, EL",Baix Penedes,0,0,1,0,2,0,0,0,0,2,0,0,0,40.0,0.0,0,-1,No n'hi ha,-1.0,3,3,1,-1,-1,0,0,-1,0,0,0,0,-1,0,4,-1,1,Envestida (frontal lateral),-1,2,2,5,-1,2,1,13.35,0,2,1,6,1
6109,2015,0,2015-05-07,C-53,BELLCAIRE D'URGELL,Noguera,2,1,0,1,2,1,0,0,0,1,0,0,0,100.0,0.0,0,2,No n'hi ha,-1.0,3,3,0,0,0,0,0,0,0,0,0,0,0,2,4,4,1,Atropellament,1,1,2,4,0,2,1,17.18,1,3,3,7,5
6110,2015,1,2015-11-17,SE,BARCELONA,Barcelones,3,0,1,0,2,1,0,0,0,1,0,0,0,100.0,0.0,0,-1,No n'hi ha,-1.0,3,3,1,0,0,0,0,0,0,0,0,0,0,0,5,-1,0,Atropellament,-1,2,2,5,-1,2,1,23.5,2,3,1,17,11
6111,2015,1,2015-11-06,SE,BARCELONA,Barcelones,3,0,1,1,2,1,0,0,1,0,0,0,0,100.0,0.0,0,-1,No n'hi ha,-1.0,3,3,1,0,0,0,0,0,0,0,0,0,0,1,5,3,1,Atropellament,1,2,2,5,-1,2,0,18.5,1,3,4,6,11
6112,2015,0,2015-09-13,TV-2443,"MONTMELL, EL",Baix Penedes,0,0,1,0,2,0,1,0,1,0,0,0,0,100.0,0.0,0,1,No n'hi ha,-1.0,3,3,1,0,1,0,0,0,0,0,0,0,0,0,4,-1,1,Caiguda en la via,-1,1,2,4,3,2,0,11.52,0,0,6,13,9
6113,2015,1,2015-06-17,C-1413a,SABADELL,Valles Occidental,3,0,1,0,2,0,0,0,1,1,0,0,0,100.0,0.0,0,-1,No n'hi ha,-1.0,3,3,1,0,0,0,0,0,0,0,0,0,0,0,4,-1,-1,Caiguda en la via,-1,0,2,4,-1,2,1,13.25,0,0,2,17,6
6114,2015,0,2015-06-17,A-2,LLEIDA,Segria,2,1,0,1,6,0,0,0,0,2,4,0,0,100.0,0.0,0,2,No n'hi ha,0.0,3,3,0,0,0,0,0,0,0,0,0,0,0,0,4,-1,1,Encalç,-1,1,2,1,1,2,1,13.02,0,2,2,17,6
6115,2015,1,2015-05-21,SE,BARCELONA,Barcelones,3,0,1,1,4,0,0,0,2,2,0,0,0,100.0,1.0,0,-1,No n'hi ha,-1.0,3,3,1,0,0,0,0,0,0,0,0,0,0,0,4,-1,0,Fregament o col·lisió lateral,-1,2,2,5,-1,2,1,10.4,0,2,3,21,5
6116,2015,0,2015-09-12,GIV-5441,ESPINELVES,Osona,1,0,1,0,1,0,0,0,1,0,0,0,0,100.0,0.0,0,3,No n'hi ha,-1.0,3,3,1,0,0,0,0,0,0,0,0,0,0,0,4,-1,1,Caiguda en la via,-1,1,2,4,2,2,0,11.02,0,0,5,12,9
6117,2015,1,2015-06-06,SE,OLOT,Garrotxa,1,0,1,0,3,0,0,0,1,2,0,0,0,100.0,0.0,0,2,No n'hi ha,-1.0,3,3,1,0,0,0,0,0,0,0,0,0,0,0,4,-1,0,Fregament o col·lisió lateral,-1,2,2,5,-1,2,0,17.59,1,2,5,6,6
6118,2015,0,2015-07-16,B-140,BARBERA DEL VALLES,Valles Occidental,3,0,1,0,1,0,0,0,1,0,0,0,0,60.0,0.0,0,3,No n'hi ha,-1.0,3,3,1,0,0,0,0,0,0,0,0,0,0,2,4,4,1,Caiguda en la via,1,1,2,4,3,2,1,15.19,1,0,3,16,7
6119,2015,1,2015-10-08,BV-5224,MANLLEU,Osona,3,0,1,0,2,1,0,0,0,1,0,0,0,90.0,0.0,0,2,No n'hi ha,-1.0,3,3,1,-1,0,0,0,-1,0,0,0,0,-1,1,4,5,0,Atropellament,2,0,2,4,-1,2,1,13.15,0,3,3,8,10
6120,2015,0,2015-10-17,C-243c,CASTELLBISBAL,Valles Occidental,3,0,1,3,2,0,0,0,0,2,0,0,0,70.0,0.0,0,2,No n'hi ha,-1.0,3,3,1,0,0,0,0,0,0,0,0,0,0,0,4,-1,1,Col·lisió frontal,-1,1,2,4,2,2,0,12.27,0,2,5,17,10
6121,2015,1,2015-10-28,SE,BARCELONA,Barcelones,3,0,1,0,2,0,0,0,1,1,0,0,0,30.0,0.0,0,-1,No n'hi ha,-1.0,3,3,1,0,0,0,0,0,0,0,0,0,0,1,5,2,1,Col·lisió frontal,1,2,2,5,-1,2,1,18.4,1,2,2,28,10
6122,2015,1,2015-03-20,SE,VILA-SECA,Tarragones,0,0,1,0,1,0,0,1,0,0,0,0,0,100.0,0.0,0,3,No n'hi ha,-1.0,1,3,1,0,0,0,0,0,1,0,0,0,0,2,5,-1,1,Caiguda en la via,1,2,2,5,-1,2,0,20.0,1,0,4,20,3
6123,2015,1,2015-02-10,SE,BADALONA,Barcelones,3,0,1,1,2,0,1,0,1,0,0,0,0,20.0,0.0,0,2,No n'hi ha,-1.0,3,3,1,-1,0,0,0,-1,0,0,0,0,-1,0,5,-1,-1,Envestida (frontal lateral),-1,2,2,5,-1,2,1,21.3,1,2,1,10,2
6124,2015,1,2015-10-24,SE,TERRASSA,Valles Occidental,3,0,1,0,2,1,0,0,0,1,0,0,0,20.0,0.0,0,2,No n'hi ha,-1.0,3,3,1,-1,0,0,0,-1,0,0,0,0,-1,0,1,-1,1,Atropellament,-1,2,2,5,0,2,0,19.38,1,3,5,24,10
6125,2015,0,2015-08-20,C-65,CASSA DE LA SELVA,Girones,1,0,1,0,1,0,0,0,1,0,0,0,0,90.0,0.0,0,-1,Sense Especificar,-1.0,3,3,1,0,0,0,0,0,0,0,0,0,0,0,4,-1,-1,Altres,-1,1,2,4,4,2,1,17.19,1,5,3,20,8
6126,2015,0,2015-11-03,SE,BONASTRE,Baix Penedes,0,0,2,0,2,0,0,0,0,2,0,0,0,100.0,0.0,0,2,No n'hi ha,-1.0,3,3,1,0,0,0,0,0,0,0,0,0,1,0,3,-1,0,Resta sortides de via,-1,1,2,0,1,2,1,5.5,2,1,1,3,11
6127,2015,1,2015-07-16,SE,BADALONA,Barcelones,3,0,1,1,2,0,0,0,1,1,0,0,0,20.0,0.0,0,-1,No n'hi ha,-1.0,3,3,1,-1,0,0,0,-1,1,0,0,0,1,1,0,4,0,Envestida (frontal lateral),2,2,2,5,-1,2,1,22.3,2,2,3,16,7
6128,2015,1,2015-08-07,SE,BARCELONA,Barcelones,3,0,1,0,3,0,1,0,0,1,1,0,0,100.0,0.0,0,-1,No n'hi ha,-1.0,3,3,1,0,0,0,0,0,0,0,0,0,0,1,4,3,1,Envestida (frontal lateral),2,2,2,5,-1,2,0,19.5,1,2,4,7,8
6129,2015,1,2015-07-28,SE,BARCELONA,Barcelones,3,1,0,0,2,1,0,0,0,0,1,0,0,100.0,0.0,0,-1,No n'hi ha,-1.0,3,3,0,0,0,0,0,0,0,0,0,0,0,0,4,-1,0,Atropellament,-1,2,2,5,-1,2,1,15.5,1,3,1,28,7
6130,2015,0,2015-07-11,T-11,TARRAGONA,Tarragones,0,0,1,5,2,0,0,0,0,2,0,0,0,40.0,0.0,0,1,No n'hi ha,-1.0,3,3,1,0,0,0,0,0,0,0,0,0,0,1,5,4,0,Envestida (frontal lateral),0,1,2,1,3,2,0,22.39,2,2,5,11,7
6131,2015,1,2015-07-07,SE,"VENDRELL, EL",Baix Penedes,0,0,1,0,1,0,0,0,1,0,0,0,0,40.0,0.0,0,2,No n'hi ha,-1.0,3,3,1,0,0,0,0,0,0,0,0,0,0,1,5,4,1,Xoc contra objecte/obstacle sense sortida prèvia de via,0,2,2,5,-1,2,1,2.0,2,4,1,7,7
6132,2015,1,2015-11-17,SE,SANT ADRIA DE BESOS,Barcelones,3,0,1,1,3,2,0,0,0,1,0,0,0,40.0,0.0,0,2,No n'hi ha,-1.0,3,3,1,0,0,0,0,0,0,0,0,0,0,0,4,-1,0,Atropellament,-1,2,2,5,-1,2,1,16.35,1,3,1,17,11
6133,2015,1,2015-11-25,SE,SABADELL,Valles Occidental,3,0,1,0,2,0,0,1,0,1,0,0,0,100.0,1.0,0,2,No n'hi ha,-1.0,3,3,1,0,0,0,0,0,0,0,0,0,0,1,4,2,1,Envestida (frontal lateral),1,2,2,5,0,2,1,13.28,0,2,2,25,11
6134,2015,0,2015-05-28,C-58,BARCELONA,Barcelones,3,0,1,1,1,0,0,0,1,0,0,0,0,80.0,0.0,0,0,No n'hi ha,-1.0,3,3,1,0,0,0,0,0,0,0,0,0,0,0,4,-1,0,Resta sortides de via,-1,1,2,1,2,2,1,19.25,1,1,3,28,5
6135,2015,0,2015-12-14,C-37,SANT PERE DE TORELLO,Osona,3,0,1,0,3,0,0,0,0,2,1,0,0,100.0,0.0,0,2,No n'hi ha,-1.0,3,3,1,0,0,0,0,0,0,0,0,0,0,0,4,-1,1,Fregament o col·lisió lateral,-1,1,2,4,2,2,1,11.55,0,2,0,14,12
6136,2015,0,2015-11-04,C-35,SANTA MARIA DE PALAU,Valles Oriental,3,1,1,3,3,0,0,0,0,2,1,0,0,100.0,0.0,0,-1,No n'hi ha,-1.0,3,3,0,0,0,0,0,0,0,0,0,0,0,0,4,-1,-1,Col·lisió frontal,-1,1,2,4,-1,2,1,11.18,0,2,2,4,11
6137,2015,0,2015-04-21,TP-2031,"CATLLAR, EL",Tarragones,0,0,1,0,2,0,0,0,1,1,0,0,0,50.0,0.0,0,2,No n'hi ha,-1.0,3,3,1,0,0,0,0,0,0,0,0,0,0,1,4,4,1,Envestida (frontal lateral),3,1,2,4,3,2,1,12.51,0,2,1,21,4
6138,2015,1,2015-01-22,SE,TARRAGONA,Tarragones,0,0,1,1,3,2,0,0,0,1,0,0,0,40.0,0.0,0,2,No n'hi ha,-1.0,3,3,1,0,0,0,0,0,0,0,0,0,0,2,4,-1,1,Atropellament,0,2,2,5,-1,2,1,13.09,0,3,3,22,1
6139,2015,0,2015-02-09,C-17,BARCELONA,Barcelones,3,0,1,0,1,0,0,0,1,0,0,0,0,80.0,0.0,0,-1,No n'hi ha,-1.0,3,3,1,0,0,0,0,0,1,0,0,0,0,0,3,-1,0,Resta sortides de via,-1,1,2,1,2,2,1,19.1,1,1,0,9,2
6140,2015,0,2015-01-16,N-340,"AMPOLLA, L'",Baix Ebre,0,1,0,0,2,1,0,0,0,0,1,0,0,100.0,0.0,0,2,No n'hi ha,-1.0,3,3,0,0,0,0,0,0,0,0,0,0,0,0,3,-1,1,Atropellament,-1,1,2,4,1,2,1,1.29,2,3,4,16,1
6141,2015,1,2015-03-16,SE,BADALONA,Barcelones,3,0,1,1,2,1,0,0,1,0,0,0,0,20.0,0.0,0,2,No n'hi ha,-1.0,3,3,1,-1,0,0,0,-1,0,0,0,0,1,1,4,3,1,Atropellament,2,2,2,5,-1,2,1,13.5,0,3,0,16,3
6142,2015,0,2015-02-21,GI-550,SANT HILARI SACALM,Selva,1,0,1,4,2,0,0,0,0,2,0,0,0,100.0,0.0,0,1,No n'hi ha,-1.0,1,3,1,0,0,0,0,0,0,0,0,0,0,0,3,-1,1,Col·lisió frontal,-1,1,2,4,0,2,0,19.14,1,2,5,21,2
6144,2015,1,2015-02-16,C-246a,VILANOVA I LA GELTRU,Garraf,3,0,1,0,1,0,0,0,1,0,0,0,0,100.0,0.0,0,2,No n'hi ha,-1.0,3,3,1,0,0,0,0,0,0,0,0,0,0,0,5,-1,1,Caiguda en la via,-1,0,2,4,-1,2,1,7.15,0,0,0,16,2
6145,2015,0,2015-09-27,B-23,ESPLUGUES DE LLOBREGAT,Baix Llobregat,3,0,1,0,2,0,0,0,1,1,0,0,0,80.0,0.0,0,2,No n'hi ha,-1.0,1,3,1,0,0,0,0,0,0,0,0,0,0,0,4,-1,1,Encalç,-1,1,2,1,1,2,0,11.54,0,2,6,27,9
6146,2015,0,2015-11-12,CR,RIBERA D'URGELLET,Alt Urgell,2,0,1,0,1,0,0,0,0,1,0,0,0,100.0,0.0,0,1,No n'hi ha,-1.0,3,3,1,0,0,0,0,0,1,0,0,0,0,0,4,-1,1,Resta sortides de via,-1,1,5,0,0,2,1,8.38,0,1,3,12,11
6147,2015,0,2015-12-21,C-12,"AVELLANES I SANTA LINYA, LES",Noguera,2,0,1,0,2,0,0,0,0,1,1,0,0,100.0,0.0,0,0,No n'hi ha,-1.0,3,3,1,0,0,0,0,0,0,0,0,0,0,0,3,-1,1,Altres,-1,1,2,4,2,2,1,18.33,1,5,0,21,12
6148,2015,0,2015-09-04,BV-5306,TARADELL,Osona,3,0,1,0,1,0,0,0,0,1,0,0,0,90.0,0.0,0,-1,Sense Especificar,-1.0,3,3,1,0,0,0,0,0,0,0,0,0,0,0,4,-1,-1,Resta sortides de via,-1,1,2,4,4,2,0,16.56,1,1,4,4,9
6149,2015,1,2015-09-27,SE,ESPLUGUES DE LLOBREGAT,Baix Llobregat,3,0,1,0,1,0,0,0,1,0,0,0,0,20.0,0.0,0,2,No n'hi ha,-1.0,3,3,1,-1,0,0,0,-1,0,0,0,0,0,0,1,-1,1,Caiguda en la via,-1,2,2,5,-1,2,0,19.55,1,0,6,27,9
6150,2015,0,2015-09-25,C-65,SANTA CRISTINA D'ARO,Baix Emporda,1,0,1,0,1,0,0,0,1,0,0,0,0,40.0,0.0,0,1,No n'hi ha,-1.0,3,3,1,0,0,0,0,0,0,0,0,0,0,2,3,5,1,Resta sortides de via,3,1,2,1,2,2,1,3.0,2,1,4,25,9
6151,2015,1,2015-07-28,SE,VILANOVA I LA GELTRU,Garraf,3,0,1,0,2,1,0,0,0,1,0,0,0,100.0,0.0,0,2,No n'hi ha,-1.0,3,3,1,0,0,0,0,0,0,0,0,0,0,0,1,-1,0,Atropellament,-1,2,2,5,-1,2,1,19.3,1,3,1,28,7
6152,2015,1,2015-06-06,SE,TERRASSA,Valles Occidental,3,1,0,3,3,0,0,0,0,3,0,0,0,100.0,0.0,0,2,No n'hi ha,-1.0,3,3,0,0,0,0,0,0,0,0,0,0,0,0,1,-1,1,Altres,-1,2,2,5,-1,2,0,21.25,1,5,5,6,6
6153,2015,1,2015-09-30,SE,CARDEDEU,Valles Oriental,3,0,1,0,2,1,0,0,0,1,0,0,0,100.0,0.0,0,2,No n'hi ha,-1.0,3,3,1,0,0,0,0,0,1,0,0,0,1,1,0,2,1,Atropellament,2,2,2,5,-1,2,1,20.0,1,3,2,30,9
6154,2015,0,2015-06-15,N-340,"ALDEA, L'",Baix Ebre,0,2,2,0,4,0,0,0,0,2,2,0,0,100.0,0.0,0,0,No n'hi ha,-1.0,3,3,0,0,0,0,0,0,0,0,0,0,0,0,3,-1,1,Col·lisió frontal,-1,1,2,4,1,2,1,4.3,2,2,0,15,6
6155,2015,1,2015-06-12,SE,CASTELLDEFELS,Baix Llobregat,3,0,1,0,2,0,0,0,1,1,0,0,0,100.0,0.0,0,2,No n'hi ha,-1.0,3,3,1,0,0,0,0,0,0,0,0,0,0,0,5,-1,1,Fregament o col·lisió lateral,-1,2,2,5,-1,2,0,21.38,1,2,4,12,6
6156,2015,1,2015-09-13,SE,CASTELLGALI,Bages,3,0,1,0,2,0,0,0,1,1,0,0,0,20.0,0.0,0,-1,Sense Especificar,-1.0,3,3,1,0,0,0,0,0,0,0,0,0,0,2,4,4,-1,Encalç,1,2,2,5,-1,2,0,16.28,1,2,6,13,9
6157,2015,1,2015-09-06,SE,SANTA COLOMA DE GRAMANET,Barcelones,3,0,1,0,2,0,0,0,1,1,0,0,0,20.0,0.0,0,-1,No n'hi ha,-1.0,3,3,1,0,-1,0,0,0,0,0,0,0,0,0,4,-1,-1,Col·lisió frontal,-1,2,2,5,-1,2,0,18.3,1,2,6,6,9
6158,2015,0,2015-11-10,TV-3141,REUS,Baix Camp,0,0,1,0,2,0,0,0,1,1,0,0,0,90.0,0.0,0,-1,Sense Especificar,-1.0,3,3,1,0,0,0,0,0,0,0,0,0,0,2,4,4,-1,Fregament o col·lisió lateral,0,1,2,4,4,2,1,8.41,0,2,1,10,11
6159,2015,0,2015-07-18,N-260,BESALU,Garrotxa,1,1,3,0,1,0,0,0,0,1,0,0,0,80.0,0.0,0,2,No n'hi ha,-1.0,3,3,0,0,0,0,0,0,0,0,0,0,0,0,1,-1,1,Resta sortides de via,-1,1,2,4,1,2,0,7.13,0,1,5,18,7
6160,2015,1,2015-10-12,SE,BARCELONA,Barcelones,3,1,0,1,2,1,0,0,0,1,0,0,0,100.0,0.0,0,-1,No n'hi ha,-1.0,3,3,0,0,0,0,0,0,0,0,0,0,1,1,5,3,0,Atropellament,2,2,2,5,-1,2,1,7.3,0,3,0,12,10
6161,2015,0,2015-02-24,BV-5001,SANTA COLOMA DE GRAMANET,Barcelones,3,0,2,3,4,0,0,0,0,4,0,0,0,40.0,0.0,0,-1,No n'hi ha,0.0,3,3,1,-1,0,0,0,-1,0,0,0,0,0,0,4,-1,1,Encalç,-1,1,2,4,1,2,1,10.05,0,2,1,24,2
6162,2015,1,2015-03-26,SE,LLEIDA,Segria,2,0,1,3,1,0,0,0,0,0,1,0,0,20.0,0.0,0,2,No n'hi ha,-1.0,3,3,1,-1,0,0,0,-1,0,0,0,0,-1,0,4,-1,0,Caiguda en la via,-1,2,2,5,-1,2,1,16.4,1,0,3,26,3
6163,2015,1,2015-01-26,SE,MOLLERUSSA,Pla d'Urgell,2,0,1,0,2,0,0,0,1,1,0,0,0,100.0,0.0,0,2,No n'hi ha,-1.0,3,3,1,0,0,0,0,0,0,0,0,0,0,1,4,4,1,Envestida (frontal lateral),1,2,2,5,0,2,1,11.45,0,2,0,26,1
6164,2015,0,2015-04-14,C-243b,CASTELLVI DE ROSANES,Baix Llobregat,3,0,1,0,2,0,0,0,1,1,0,0,0,100.0,0.0,0,1,No n'hi ha,-1.0,3,3,1,0,0,0,0,0,0,0,0,0,0,0,3,-1,1,Fregament o col·lisió lateral,-1,1,2,4,2,2,1,20.47,1,2,1,14,4
6165,2015,1,2015-05-10,SE,SABADELL,Valles Occidental,3,0,1,0,2,0,1,0,0,1,0,0,0,100.0,0.0,0,2,No n'hi ha,-1.0,3,3,1,0,0,0,0,0,0,0,0,0,0,0,1,-1,1,Caiguda en la via,-1,2,2,5,0,2,0,20.15,1,0,6,10,5
6166,2015,1,2015-04-27,SE,TARRAGONA,Tarragones,0,0,1,0,2,0,0,0,1,1,0,0,0,100.0,0.0,0,2,No n'hi ha,-1.0,3,3,1,0,0,0,0,0,0,0,0,0,0,1,4,4,1,Envestida (frontal lateral),2,2,2,5,-1,2,1,15.3,1,2,0,27,4
6167,2015,0,2015-11-02,C-12,BALAGUER,Noguera,2,0,1,2,2,0,0,0,0,2,0,0,0,100.0,0.0,0,2,No n'hi ha,-1.0,2,3,1,0,0,0,1,0,0,0,0,0,0,0,2,-1,1,Fregament o col·lisió lateral,-1,1,2,4,2,2,1,17.45,1,2,0,2,11
6168,2015,1,2015-01-30,SE,CUBELLES,Garraf,3,0,1,1,2,0,0,0,0,2,0,0,0,20.0,0.0,0,-1,No n'hi ha,-1.0,3,3,1,-1,-1,0,0,-1,0,0,0,0,-1,0,4,-1,-1,Col·lisió frontal,-1,2,2,5,-1,2,0,17.15,1,2,4,30,1
6169,2015,0,2015-11-12,GI-623,VILADAMAT,Alt Emporda,1,0,1,0,2,0,1,0,0,1,0,0,0,100.0,0.0,0,3,Carril d'alentiment,-1.0,3,3,1,0,0,0,0,0,0,0,0,0,0,2,3,5,1,Fregament o col·lisió lateral,3,1,2,4,2,2,1,19.5,1,2,3,12,11
6170,2015,1,2015-10-15,SE,FIGUERES,Alt Emporda,1,1,0,0,2,0,0,0,1,1,0,0,0,100.0,0.0,0,2,No n'hi ha,-1.0,3,3,0,0,0,0,0,0,0,0,0,0,0,0,5,-1,1,Envestida (frontal lateral),-1,2,2,5,-1,2,1,19.3,1,2,3,15,10
6171,2015,0,2015-04-01,B-30,SANT CUGAT DEL VALLES,Valles Occidental,3,0,1,0,2,0,0,0,1,1,0,0,0,100.0,0.0,0,2,No n'hi ha,-1.0,3,3,1,0,0,0,0,0,0,0,0,0,0,2,1,4,0,Caiguda en la via,3,1,2,1,3,2,1,20.12,1,0,2,1,4
6172,2015,1,2015-05-19,SE,BARCELONA,Barcelones,3,0,1,0,2,1,0,0,0,1,0,0,0,30.0,0.0,0,-1,No n'hi ha,-1.0,1,3,1,0,0,0,0,0,0,0,0,0,0,0,4,-1,1,Atropellament,-1,2,0,5,-1,2,1,16.25,1,3,1,19,5
6173,2015,1,2015-01-01,B-143,PALAU DE PLEGAMANS,Valles Occidental,3,0,2,2,2,0,0,0,0,2,0,0,0,100.0,0.0,0,2,No n'hi ha,-1.0,3,3,1,0,0,0,0,0,0,0,0,0,0,0,1,-1,1,Col·lisió frontal,-1,0,2,4,2,2,1,7.5,0,2,3,1,1
6174,2015,1,2015-02-08,SE,SALOU,Tarragones,0,0,1,0,2,1,0,0,0,1,0,0,0,100.0,0.0,0,2,No n'hi ha,-1.0,3,3,1,0,0,0,0,0,0,0,0,0,0,1,4,3,1,Atropellament,1,2,2,5,-1,2,0,18.24,1,3,6,8,2
6175,2015,1,2015-04-19,C-1411a,CASTELLBELL I EL VIL,Bages,3,0,2,0,2,0,0,0,2,0,0,0,0,50.0,0.0,0,2,No n'hi ha,-1.0,3,3,1,0,0,0,0,0,1,0,0,0,0,1,4,5,1,Fregament o col·lisió lateral,1,0,2,4,3,2,0,13.02,0,2,6,19,4
6176,2015,0,2015-01-02,C-16,BARCELONA,Barcelones,3,1,1,0,2,0,0,0,0,2,0,0,0,80.0,0.0,0,2,Carril reversible,-1.0,3,3,0,0,0,0,0,0,0,0,0,0,0,0,5,-1,1,Encalç,-1,1,2,2,2,2,1,9.14,0,2,4,2,1
6177,2015,0,2015-01-01,C-31,PALS,Baix Emporda,1,1,0,0,2,0,0,1,0,1,0,0,0,100.0,0.0,0,2,No n'hi ha,-1.0,3,3,0,0,0,0,0,0,0,0,0,0,0,0,3,-1,1,Xoc amb animal a la calçada,-1,1,2,4,2,2,1,20.09,1,4,3,1,1
6178,2015,1,2015-11-21,SE,SANT CUGAT DEL VALLES,Valles Occidental,3,0,1,0,2,0,0,0,1,1,0,0,0,30.0,0.0,0,-1,No n'hi ha,-1.0,3,3,1,-1,-1,1,0,-1,0,0,0,0,0,0,2,-1,-1,Fregament o col·lisió lateral,-1,2,2,5,-1,2,0,14.05,1,2,5,21,11
6179,2015,1,2015-08-15,SE,MARTORELLES,Valles Oriental,3,0,3,2,1,0,0,0,0,1,0,0,0,50.0,0.0,0,1,No n'hi ha,-1.0,2,3,1,0,0,0,0,0,0,0,0,0,0,1,5,5,1,Resta sortides de via,1,2,2,5,-1,2,0,21.21,1,1,5,15,8
6180,2015,0,2015-08-15,C-31,GAVA,Baix Llobregat,3,0,1,1,2,0,0,0,1,1,0,0,0,100.0,0.0,0,2,No n'hi ha,-1.0,3,3,1,0,0,0,0,0,0,0,0,0,0,0,4,-1,1,Caiguda en la via,-1,1,2,1,2,2,0,18.53,1,0,5,15,8
6181,2015,1,2015-10-15,SE,BARCELONA,Barcelones,3,0,1,2,6,0,0,0,0,6,0,0,0,100.0,0.0,0,-1,No n'hi ha,-1.0,3,3,1,0,0,0,0,0,0,0,0,0,0,1,5,4,0,Envestida (frontal lateral),2,2,2,5,-1,2,1,6.1,0,2,3,15,10
6182,2015,1,2015-02-13,SE,BADALONA,Barcelones,3,0,1,0,2,1,0,0,0,1,0,0,0,20.0,0.0,0,-1,No n'hi ha,-1.0,3,3,1,-1,0,0,0,-1,0,0,0,0,0,1,4,3,-1,Atropellament,2,2,2,5,-1,2,0,17.2,1,3,4,13,2
6183,2015,1,2015-02-09,SE,MATARO,Maresme,3,0,1,0,2,1,0,0,0,1,0,0,0,20.0,0.0,0,-1,No n'hi ha,-1.0,3,3,1,0,-1,0,0,0,0,0,0,0,0,1,5,3,-1,Atropellament,1,2,2,5,-1,2,1,18.25,1,3,0,9,2
6184,2015,1,2015-01-02,SE,TERRASSA,Valles Occidental,3,0,1,0,2,1,0,0,1,0,0,0,0,100.0,0.0,0,-1,No n'hi ha,-1.0,3,3,1,0,0,0,0,0,0,0,0,0,0,0,4,-1,-1,Atropellament,-1,2,2,5,-1,2,1,8.3,0,3,4,2,1
6185,2015,1,2015-03-17,SE,VIC,Osona,3,0,1,0,2,1,0,0,0,1,0,0,0,100.0,0.0,0,2,No n'hi ha,-1.0,3,3,1,0,0,0,0,0,0,0,0,0,0,0,4,-1,1,Atropellament,-1,2,2,5,-1,2,1,10.0,0,3,1,17,3
6186,2015,1,2015-02-16,SE,OLOT,Garrotxa,1,0,1,0,3,0,0,0,1,2,0,0,0,100.0,0.0,0,2,No n'hi ha,-1.0,3,3,1,0,0,0,0,0,0,0,0,0,0,1,4,4,0,Envestida (frontal lateral),2,2,2,5,-1,2,1,13.4,0,2,0,16,2