,Year,Area,Date,Road,Municipality Name,County Name,Province Name,Fatalties,Serious Injuries,Light Injuries,Units Involved,Pedestrains Involved,Bicycles Involved,Mopeds Involved,Motorcycles,Light Vehicles Involved,Heavy Vehicles Involved,Other Units Involved,Unspecified Units Involved,Road Speed Limit,Accident with Hit and Run,Fog Presence,Surrounding Environment,Special Lane Presence,Special Traffic Measures,Weather Conditions,Special Road Functions,Severity of Accident,Influence of Fog,Influence of Environment,Influence of Traffic,Influence of Weather,Influence of Wind Intensity,Influence of Lighting,Influence of Special Measures,Influence of Road Objects,Influence of Road Surface,Influence of Visibility,Intersection Characteristics,Lighting Conditions,Traffic Regulation and Priority,Direction of Road,Subtype of Accident,Subtype of Road Section,Subzone within Area,Road Surface Conditions,Type of Road,Road Ownership,Wind Conditions,Day of the Week Grouping,Hour of Day,Time of Day Grouping,Type of Accident,Day Type,Day,Month
6187,2015,1,2015-06-18,SE,CASTELLDEFELS,Baix Llobregat,3,0,1,0,2,0,0,1,0,1,0,0,0,100.0,0.0,0,2,No n'hi ha,-1.0,3,3,1,0,0,0,0,0,0,0,0,0,0,0,4,-1,1,Envestida (frontal lateral),-1,2,2,5,0,2,1,14.44,1,2,3,18,6
6188,2015,1,2015-03-14,SE,LLEIDA,Segria,2,0,1,0,1,0,0,0,1,0,0,0,0,20.0,,0,2,No n'hi ha,-1.0,3,3,1,-1,0,0,0,-1,0,0,0,0,-1,1,4,3,1,Caiguda en la via,2,2,2,5,-1,2,0,14.4,1,0,5,14,3
6189,2015,1,2015-03-28,SE,FLIX,Ribera d'Ebre,0,1,0,2,2,0,0,0,1,1,0,0,0,50.0,0.0,0,2,No n'hi ha,-1.0,3,3,0,0,0,0,0,0,0,0,0,0,0,1,4,4,1,Envestida (frontal lateral),0,0,2,4,2,2,0,12.2,0,2,5,28,3
6190,2015,1,2015-10-28,SE,ROSES,Alt Emporda,1,0,1,1,2,0,0,0,1,1,0,0,0,20.0,0.0,0,-1,No n'hi ha,-1.0,3,3,1,-1,0,0,0,-1,0,0,0,0,0,1,4,5,1,Caiguda en la via,1,2,2,5,-1,2,1,11.0,0,0,2,28,10
6191,2015,1,2015-11-12,SE,BARCELONA,Barcelones,3,0,1,0,2,1,0,0,0,0,1,0,0,100.0,0.0,0,-1,Carril bici,-1.0,3,3,1,0,0,0,0,0,0,0,0,0,0,1,4,3,1,Atropellament,2,2,2,5,-1,2,1,7.15,0,3,3,12,11
6192,2015,1,2015-10-03,SE,TERMENS,Noguera,2,0,1,0,1,0,0,0,0,1,0,0,0,20.0,0.0,0,-1,Sense Especificar,-1.0,3,3,1,0,0,0,0,0,0,0,0,0,0,0,4,-1,-1,Xoc contra objecte/obstacle sense sortida prèvia de via,-1,2,2,5,-1,2,0,3.12,2,4,5,3,10
6193,2015,1,2015-11-12,SE,SABADELL,Valles Occidental,3,0,1,0,2,0,0,0,1,1,0,0,0,100.0,0.0,0,-1,No n'hi ha,-1.0,3,3,1,0,0,0,0,0,0,0,0,0,0,0,4,-1,-1,Fregament o col·lisió lateral,-1,2,2,5,-1,2,1,8.23,0,2,3,12,11
6194,2015,1,2015-12-16,SE,BARCELONA,Barcelones,3,0,1,0,2,0,0,0,1,1,0,0,0,100.0,0.0,0,-1,No n'hi ha,-1.0,3,3,1,0,0,0,0,0,0,0,0,0,0,0,4,-1,0,Fregament o col·lisió lateral,-1,2,2,5,-1,2,1,8.2,0,2,2,16,12
6195,2015,0,2015-11-18,C-31,VERGES,Baix Emporda,1,1,0,0,2,0,0,0,0,2,0,0,0,100.0,0.0,0,2,No n'hi ha,-1.0,3,3,0,0,0,0,0,0,0,0,0,0,0,0,3,-1,1,Fregament o col·lisió lateral,-1,1,2,4,2,2,1,18.52,1,2,2,18,11
6196,2015,1,2015-09-23,SE,SABADELL,Valles Occidental,3,0,1,0,3,2,0,0,0,1,0,0,0,100.0,0.0,0,1,No n'hi ha,-1.0,3,3,1,0,0,0,0,0,0,0,0,0,0,1,5,-1,1,Atropellament,2,2,2,5,-1,2,1,19.51,1,3,2,23,9
6197,2015,1,2015-06-22,SE,CORNELLA DE LLOBREGAT,Baix Llobregat,3,0,1,0,2,1,0,0,0,1,0,0,0,20.0,0.0,0,-1,No n'hi ha,-1.0,3,3,1,0,-1,0,0,0,0,0,0,0,0,0,4,-1,0,Atropellament,-1,2,2,5,-1,2,1,12.1,0,3,0,22,6
6198,2015,1,2015-08-02,SE,REUS,Baix Camp,0,0,2,0,1,0,0,0,0,1,0,0,0,100.0,1.0,0,-1,No n'hi ha,-1.0,3,3,1,0,0,0,0,0,0,0,0,0,0,0,4,-1,-1,Sortida de via amb xoc o col·lisió,-1,2,2,5,-1,2,0,8.38,0,1,6,2,8
6199,2015,0,2015-07-28,B-40,"ROCA DEL VALLES, LA",Valles Oriental,3,0,1,3,2,0,0,0,0,2,0,0,0,80.0,0.0,0,2,No n'hi ha,-1.0,3,3,1,0,0,0,0,0,0,0,0,0,0,0,4,-1,1,Fregament o col·lisió lateral,-1,1,2,1,2,2,1,12.07,0,2,1,28,7
6200,2015,1,2015-08-28,SE,LLEIDA,Segria,2,0,1,0,2,0,0,0,0,1,1,0,0,20.0,0.0,0,-1,No n'hi ha,-1.0,3,3,1,-1,0,0,0,-1,0,0,0,0,-1,0,4,-1,1,Fregament o col·lisió lateral,-1,2,2,5,-1,2,1,10.18,0,2,4,28,8
6201,2015,1,2015-06-20,SE,SABADELL,Valles Occidental,3,0,1,0,2,1,0,0,0,1,0,0,0,100.0,0.0,0,2,No n'hi ha,-1.0,3,3,1,0,0,0,0,0,0,0,0,0,0,1,4,3,1,Atropellament,2,2,2,5,-1,2,0,19.05,1,3,5,20,6
6202,2015,0,2015-05-22,C-55,OLIUS,Solsones,2,0,2,0,3,0,0,0,0,3,0,0,0,90.0,0.0,0,-1,Sense Especificar,-1.0,3,3,1,0,0,0,0,0,0,0,0,0,0,0,4,-1,-1,Resta sortides de via,-1,1,2,4,4,2,0,15.23,1,1,4,22,5
6203,2015,0,2015-04-11,C-66,CORNELLA DEL TERRI,Pla de l'Estany,1,0,1,0,1,0,0,0,1,0,0,0,0,40.0,0.0,0,3,No n'hi ha,-1.0,3,3,1,0,0,0,0,0,0,0,0,0,0,2,4,5,1,Caiguda en la via,3,1,2,4,2,2,0,17.58,1,0,5,11,4
6204,2015,1,2015-05-16,SE,MATARO,Maresme,3,0,1,0,1,0,1,0,0,0,0,0,0,20.0,0.0,0,-1,No n'hi ha,-1.0,3,3,1,-1,0,0,0,-1,0,0,0,0,-1,0,4,-1,1,Caiguda en la via,-1,2,2,5,-1,2,0,12.34,0,0,5,16,5
6205,2015,0,2015-05-19,CR,ALBONS,Baix Emporda,1,0,1,0,2,0,1,0,0,1,0,0,0,100.0,0.0,0,2,No n'hi ha,-1.0,3,3,1,0,0,0,0,0,0,0,0,0,0,0,4,-1,1,Xoc contra objecte/obstacle sense sortida prèvia de via,-1,1,2,0,2,1,1,11.43,0,4,1,19,5
6206,2015,0,2015-11-11,C-25,GURB,Osona,3,1,1,0,2,0,0,0,0,0,2,0,0,120.0,0.0,0,0,No n'hi ha,-1.0,3,3,0,0,0,0,0,0,0,0,0,0,0,0,3,-1,0,Encalç,-1,1,2,1,2,2,1,19.39,1,2,2,11,11
6207,2015,1,2015-12-30,SE,GAVA,Baix Llobregat,3,0,1,0,2,0,0,0,1,1,0,0,0,20.0,0.0,0,2,No n'hi ha,-1.0,3,3,1,-1,0,0,0,-1,0,0,0,0,-1,1,1,4,1,Envestida (frontal lateral),2,2,2,5,-1,2,1,7.3,0,2,2,30,12
6208,2015,0,2015-11-10,GI-602,ESPOLLA,Alt Emporda,1,0,1,1,1,0,0,0,0,1,0,0,0,90.0,0.0,0,0,No n'hi ha,-1.0,3,3,1,0,0,0,0,0,0,0,0,0,0,0,3,-1,1,Resta sortides de via,-1,1,2,4,2,2,1,0.0,2,1,1,10,11
6209,2015,0,2015-08-09,L-800,ALCARRAS,Segria,2,1,0,0,3,0,0,0,1,1,1,0,0,100.0,0.0,0,2,No n'hi ha,-1.0,3,3,0,0,1,0,0,0,0,0,0,0,0,1,4,5,1,Caiguda en la via,1,1,2,4,2,2,0,11.53,0,0,6,9,8
6210,2015,1,2015-08-29,SE,BARCELONA,Barcelones,3,0,1,0,2,0,0,0,1,1,0,0,0,100.0,0.0,0,-1,No n'hi ha,-1.0,3,3,1,0,0,0,0,0,0,0,0,0,1,1,4,3,0,Envestida (frontal lateral),2,2,2,5,-1,2,0,16.5,1,2,5,29,8
6211,2015,1,2015-10-30,N-141c,MANRESA,Bages,3,0,1,0,2,1,0,0,0,1,0,0,0,100.0,0.0,0,2,No n'hi ha,-1.0,3,3,1,0,0,0,0,0,0,0,0,0,0,2,4,4,0,Atropellament,1,0,2,4,-1,2,1,10.0,0,3,4,30,10
6212,2015,1,2015-07-18,SE,BARCELONA,Barcelones,3,0,1,1,2,1,0,0,0,1,0,0,0,100.0,0.0,0,-1,No n'hi ha,-1.0,3,3,1,0,0,0,0,0,0,0,0,0,1,1,4,3,0,Atropellament,2,2,2,5,-1,2,0,13.4,0,3,5,18,7
6213,2015,1,2015-06-25,SE,SANT BOI DE LLOBREGAT,Baix Llobregat,3,0,1,0,2,1,0,0,0,1,0,0,0,100.0,0.0,0,-1,No n'hi ha,-1.0,3,3,1,0,0,0,0,0,0,0,0,0,0,0,4,-1,-1,Atropellament,-1,2,2,5,-1,2,1,16.25,1,3,3,25,6
6214,2015,1,2015-06-18,SE,CASTELLAR DEL VALLES,Valles Occidental,3,0,1,0,2,1,0,0,0,1,0,0,0,40.0,0.0,0,2,No n'hi ha,-1.0,3,3,1,-1,0,0,0,-1,0,0,0,0,-1,1,4,2,1,Atropellament,2,2,2,5,-1,2,1,13.15,0,3,3,18,6
6215,2015,1,2015-08-28,SE,LLORET DE MAR,Selva,1,0,1,0,2,0,1,0,0,1,0,0,0,100.0,0.0,0,2,No n'hi ha,-1.0,3,3,1,0,0,0,0,0,0,0,0,0,0,1,5,3,1,Envestida (frontal lateral),1,2,2,5,-1,2,1,6.0,0,2,4,28,8
6216,2015,1,2015-10-07,SE,VILAFRANCA DEL PENEDES,Alt Penedes,3,0,1,0,2,0,0,1,0,1,0,0,0,20.0,0.0,0,2,No n'hi ha,-1.0,3,3,1,-1,0,0,0,-1,0,0,0,0,0,1,4,2,-1,Col·lisió frontal,1,2,2,5,-1,2,1,15.04,1,2,2,7,10
6217,2015,0,2015-08-08,A-7,TARRAGONA,Tarragones,0,0,1,0,1,0,0,0,1,0,0,0,0,100.0,0.0,0,3,No n'hi ha,-1.0,3,3,1,0,0,0,0,0,0,0,0,0,0,1,3,5,0,Resta sortides de via,3,1,2,1,1,2,0,3.48,2,1,5,8,8
6218,2015,1,2015-05-22,SE,SABADELL,Valles Occidental,3,0,1,1,2,0,0,0,1,1,0,0,0,100.0,0.0,0,2,No n'hi ha,-1.0,3,3,1,0,0,0,0,0,0,0,0,0,0,0,4,-1,0,Envestida (frontal lateral),-1,2,2,5,-1,2,0,18.29,1,2,4,22,5
6219,2015,0,2015-04-17,B-20,MONTGAT,Maresme,3,0,1,0,2,0,0,0,1,1,0,0,0,80.0,0.0,0,1,No n'hi ha,-1.0,3,3,1,0,0,0,0,0,0,0,1,0,0,0,4,-1,0,Encalç,-1,1,2,1,2,2,1,9.48,0,2,4,17,4
6220,2015,0,2015-05-03,TP-2031,BRAFIM,Alt Camp,0,2,1,0,2,0,0,0,0,2,0,0,0,100.0,0.0,0,2,No n'hi ha,-1.0,3,3,0,0,0,0,0,0,0,0,0,0,0,0,4,-1,1,Col·lisió frontal,-1,1,2,4,3,2,0,11.21,0,2,6,3,5
6221,2015,0,2015-01-15,LV-4241b,SOLSONA,Solsones,2,0,1,0,2,1,0,0,0,1,0,0,0,100.0,0.0,0,1,No n'hi ha,-1.0,3,3,1,0,0,0,0,0,0,0,0,0,0,0,3,-1,1,Atropellament,-1,1,2,4,3,2,1,18.19,1,3,3,15,1
6222,2015,1,2015-07-26,C-154,PRATS DE LLUCANES,Osona,3,0,1,0,2,0,0,0,1,1,0,0,0,50.0,0.0,0,2,No n'hi ha,-1.0,3,3,1,0,0,0,0,0,0,0,0,0,0,1,4,4,0,Envestida (frontal lateral),1,0,2,4,2,2,0,16.53,1,2,6,26,7
6223,2015,1,2015-12-11,SE,BARCELONA,Barcelones,3,0,2,0,2,0,0,1,0,1,0,0,0,100.0,0.0,0,-1,No n'hi ha,-1.0,3,3,1,0,0,0,0,0,0,0,0,0,0,0,4,-1,1,Col·lisió frontal,-1,2,2,5,-1,2,1,14.05,1,2,4,11,12
6224,2015,1,2015-11-10,SE,TERRASSA,Valles Occidental,3,0,1,0,1,0,0,0,1,0,0,0,0,100.0,0.0,0,-1,No n'hi ha,-1.0,3,3,1,0,0,0,0,0,0,0,0,0,0,0,4,-1,-1,Caiguda en la via,-1,2,2,5,-1,2,1,14.15,1,0,1,10,11
6225,2015,0,2015-10-18,N-IIa,SANT ANFREU DE LA BARCA,Baix Llobregat,3,0,1,0,2,1,0,0,0,1,0,0,0,40.0,0.0,0,2,No n'hi ha,-1.0,3,3,1,-1,0,0,0,-1,1,0,0,0,-1,0,0,-1,1,Atropellament,-1,1,2,4,1,2,0,22.0,2,3,6,18,10
6226,2015,1,2015-08-03,SE,MANRESA,Bages,3,0,1,1,2,0,0,0,0,2,0,0,0,20.0,0.0,0,-1,No n'hi ha,-1.0,3,3,1,0,0,0,0,0,0,0,0,0,0,0,4,-1,-1,Encalç,-1,2,2,5,-1,2,1,18.55,1,2,0,3,8
6227,2015,0,2015-08-14,LP-7041,SOSES,Segria,2,0,1,2,1,0,0,0,0,1,0,0,0,100.0,0.0,0,0,No n'hi ha,-1.0,3,3,1,0,0,0,0,0,0,0,0,0,0,0,4,-1,0,Altres,-1,1,2,4,3,2,1,13.1,0,5,4,14,8
6228,2015,0,2015-08-18,A-2,ESPARREGUERA,Baix Llobregat,3,0,2,3,5,0,0,0,0,3,2,0,0,70.0,0.0,0,3,Carril acceleració,-1.0,2,3,1,0,0,0,1,0,0,0,0,0,0,0,2,-1,1,Envestida (frontal lateral),-1,1,2,1,1,1,1,9.39,0,2,1,18,8
6229,2015,1,2015-07-22,SE,TERRASSA,Valles Occidental,3,0,1,0,2,0,0,0,1,1,0,0,0,100.0,0.0,0,2,No n'hi ha,-1.0,3,3,1,0,0,0,0,0,0,0,0,0,0,1,4,4,0,Envestida (frontal lateral),2,2,2,5,-1,2,1,8.2,0,2,2,22,7
6230,2015,0,2015-06-09,B-20,BARCELONA,Barcelones,3,0,1,0,2,0,0,0,1,1,0,0,0,80.0,0.0,0,-1,No n'hi ha,-1.0,3,3,1,0,0,0,0,0,0,0,0,0,0,0,4,-1,0,Fregament o col·lisió lateral,-1,1,2,1,-1,2,1,9.3,0,2,1,9,6
6231,2015,0,2015-11-08,GI-520,VILADRAU,Osona,1,0,1,0,1,0,1,0,0,0,0,0,0,90.0,0.0,0,-1,Sense Especificar,-1.0,3,3,1,0,0,0,0,0,0,0,0,0,0,0,4,-1,-1,Resta sortides de via,-1,1,2,4,4,2,0,11.51,0,1,6,8,11
6232,2015,0,2015-08-10,GI-612,"PORT DE LA SELVA, EL",Alt Emporda,1,0,1,0,1,0,0,0,1,0,0,0,0,100.0,0.0,0,1,No n'hi ha,-1.0,3,3,1,0,0,0,0,0,0,0,0,0,0,0,3,-1,1,Resta sortides de via,-1,1,2,4,3,2,1,21.16,1,1,0,10,8
6233,2015,0,2015-03-22,C-17,"AMETLLA DEL VALLES,",Valles Oriental,3,1,0,0,5,0,0,0,1,4,0,0,0,100.0,0.0,0,1,No n'hi ha,-1.0,3,3,0,0,1,0,0,0,0,0,0,0,0,0,4,-1,1,Encalç,-1,1,2,1,2,2,0,12.44,0,2,6,22,3
6234,2015,1,2015-03-11,SE,BARCELONA,Barcelones,3,0,1,0,2,0,0,0,1,1,0,0,0,100.0,0.0,0,-1,No n'hi ha,-1.0,3,3,1,0,0,0,0,0,0,0,0,0,0,1,4,3,0,Envestida (frontal lateral),2,2,2,5,-1,2,1,13.4,0,2,2,11,3
6235,2015,0,2015-05-04,GI-641,TORROELLA DE MONTGRI,Baix Emporda,1,0,2,8,3,0,0,0,0,3,0,0,0,90.0,0.0,0,1,No n'hi ha,-1.0,3,3,1,0,0,0,0,0,0,0,0,0,0,1,4,4,1,Encalç,1,1,2,4,2,2,1,16.55,1,2,0,4,5
6236,2015,0,2015-05-07,GIV-6502,PALS,Baix Emporda,1,0,1,1,2,0,0,0,0,2,0,0,0,90.0,0.0,0,2,No n'hi ha,-1.0,3,3,1,-1,0,0,0,-1,0,0,0,0,0,0,4,-1,1,Col·lisió frontal,-1,1,2,4,3,2,1,13.33,0,2,3,7,5
6237,2015,0,2015-04-17,BP-1101,SANT SALVADOR DE GUARDIA,Bages,3,0,1,0,1,0,0,0,1,0,0,0,0,90.0,0.0,0,-1,Sense Especificar,-1.0,3,3,1,0,0,0,0,0,0,0,0,0,0,0,4,-1,-1,Resta sortides de via,-1,1,2,4,4,2,1,14.19,1,1,4,17,4
6238,2015,1,2015-01-10,SE,TERRASSA,Valles Occidental,3,0,1,0,2,1,0,0,0,1,0,0,0,100.0,0.0,0,-1,No n'hi ha,-1.0,3,3,1,0,0,0,0,0,0,0,0,0,0,0,4,-1,-1,Atropellament,-1,2,2,5,-1,2,0,9.3,0,3,5,10,1
6239,2015,1,2015-03-24,SE,LLEIDA,Segria,2,0,1,0,2,1,0,0,0,1,0,0,0,100.0,0.0,0,-1,No n'hi ha,-1.0,3,3,1,0,0,0,0,0,0,0,0,0,0,0,4,-1,-1,Atropellament,-1,2,2,5,-1,2,1,19.28,1,3,1,24,3
6240,2015,1,2015-05-14,SE,MATARO,Maresme,3,0,1,0,2,0,0,0,1,1,0,0,0,20.0,0.0,0,2,No n'hi ha,-1.0,3,3,1,-1,0,0,0,-1,0,0,0,0,0,1,4,4,0,Envestida (frontal lateral),2,2,2,5,-1,2,1,9.1,0,2,3,14,5
6241,2015,0,2015-05-26,N-260,ALAS I CERC,Alt Urgell,2,0,1,0,2,0,1,0,1,0,0,0,0,50.0,0.0,0,1,No n'hi ha,-1.0,3,3,1,0,0,0,0,0,0,0,0,0,0,0,4,-1,1,Envestida (frontal lateral),-1,1,2,4,1,2,1,16.21,1,2,1,26,5
6242,2015,1,2015-02-13,SE,CARDEDEU,Valles Oriental,3,0,1,0,2,1,0,0,0,1,0,0,0,100.0,0.0,0,-1,No n'hi ha,-1.0,3,3,1,0,0,0,0,0,0,0,0,0,0,0,4,-1,-1,Atropellament,-1,2,2,5,-1,2,0,15.45,1,3,4,13,2
6243,2015,0,2015-05-15,C-32,ESPLUGUES DE LLOBREGAT,Baix Llobregat,3,0,1,0,3,0,0,0,1,2,0,0,0,80.0,0.0,0,2,No n'hi ha,-1.0,3,3,1,0,0,0,0,0,0,0,0,0,0,0,4,-1,1,Fregament o col·lisió lateral,-1,1,2,2,2,2,0,16.45,1,2,4,15,5
6244,2015,0,2015-12-21,B-10,BARCELONA,Barcelones,3,0,1,2,2,0,0,0,1,1,0,0,0,80.0,0.0,0,-1,No n'hi ha,-1.0,3,3,1,0,0,0,0,0,0,0,0,0,0,0,1,-1,0,Encalç,-1,1,2,1,-1,2,1,18.2,1,2,0,21,12
6245,2015,1,2015-10-22,SE,FRANQUESES DEL VALLE,Valles Oriental,3,0,1,0,3,0,0,0,1,1,1,0,0,100.0,0.0,0,2,No n'hi ha,-1.0,3,3,1,0,0,0,0,0,0,0,0,0,0,1,4,2,1,Fregament o col·lisió lateral,1,2,2,5,-1,2,1,17.15,1,2,3,22,10
6246,2015,1,2015-07-10,SE,HOSPITALET DE LLOBREGAT,Barcelones,3,0,1,0,2,1,0,0,0,1,0,0,0,20.0,0.0,0,2,No n'hi ha,-1.0,3,3,1,-1,0,0,0,-1,0,0,0,0,-1,0,4,-1,1,Atropellament,-1,2,2,5,-1,2,0,16.1,1,3,4,10,7
6247,2015,0,2015-09-26,LV-3333,IVARS D'URGELL,Pla d'Urgell,2,1,0,1,2,0,0,0,1,1,0,0,0,60.0,0.0,0,1,No n'hi ha,-1.0,3,3,0,0,0,0,0,0,0,0,0,0,0,1,1,4,1,Envestida (frontal lateral),2,1,2,4,3,2,0,20.29,1,2,5,26,9
6248,2015,0,2015-12-16,N-152a,VIC,Osona,3,1,0,0,2,0,0,0,1,1,0,0,0,100.0,0.0,0,2,No n'hi ha,-1.0,3,3,0,0,0,0,0,0,0,0,0,0,0,0,4,-1,1,Envestida (frontal lateral),-1,1,2,4,2,2,1,16.01,1,2,2,16,12
6249,2015,0,2015-10-18,C-31,"PRAT DE LLOBREGAT, E",Baix Llobregat,3,0,1,0,1,0,0,0,1,0,0,0,0,100.0,0.0,0,3,No n'hi ha,-1.0,3,3,1,0,0,0,0,0,0,0,0,0,0,0,0,-1,0,Xoc contra objecte/obstacle sense sortida prèvia de via,-1,1,2,1,2,2,0,6.32,0,4,6,18,10
6250,2015,1,2015-08-25,SE,BARCELONA,Barcelones,3,0,1,1,2,0,0,0,1,1,0,0,0,100.0,0.0,0,-1,No n'hi ha,-1.0,3,3,1,0,0,0,0,0,0,0,0,0,0,1,1,3,0,Envestida (frontal lateral),2,2,2,5,-1,2,1,21.15,1,2,1,25,8
6251,2015,0,2015-07-14,C-31,ULLA,Baix Emporda,1,0,1,0,2,0,0,0,1,1,0,0,0,100.0,0.0,0,2,No n'hi ha,-1.0,3,3,1,0,0,0,0,0,0,0,0,0,0,0,4,-1,1,Encalç,-1,1,2,4,2,2,1,18.48,1,2,1,14,7
6252,2015,1,2015-09-09,SE,GAVA,Baix Llobregat,3,0,1,1,2,0,0,1,0,1,0,0,0,20.0,0.0,0,2,No n'hi ha,-1.0,3,3,1,-1,0,0,0,-1,0,0,0,0,-1,0,4,-1,1,Envestida (frontal lateral),-1,2,2,5,-1,2,1,18.16,1,2,2,9,9
6253,2015,1,2015-06-20,GI-503,MACANET DE CABRENYS,Alt Emporda,1,0,1,0,2,0,1,0,0,1,0,0,0,50.0,0.0,0,2,No n'hi ha,-1.0,3,3,1,0,0,0,0,0,1,0,0,0,0,1,0,4,1,Envestida (frontal lateral),2,0,2,4,2,1,0,2.4,2,2,5,20,6
6254,2015,0,2015-07-31,N-II,RIUDELLOTS DE LA SELVA,Selva,1,0,1,3,2,0,0,0,0,2,0,0,0,100.0,0.0,0,1,No n'hi ha,-1.0,3,3,1,0,0,0,0,0,0,0,0,0,0,0,4,-1,1,Altres,-1,1,2,4,1,2,0,16.55,1,5,4,31,7
6255,2015,1,2015-09-17,SE,TERRASSA,Valles Occidental,3,0,1,0,4,0,0,0,0,4,0,0,0,100.0,0.0,0,-1,No n'hi ha,-1.0,3,3,1,0,0,0,0,0,0,0,0,0,0,0,4,-1,-1,Envestida (frontal lateral),-1,2,2,5,-1,2,1,7.0,0,2,3,17,9
6256,2015,1,2015-12-10,SE,"LLAGOSTA, LA",Valles Oriental,3,0,1,0,2,0,0,0,1,1,0,0,0,20.0,0.0,0,2,No n'hi ha,-1.0,3,3,1,-1,0,0,0,-1,0,0,0,0,-1,1,4,4,0,Envestida (frontal lateral),0,2,2,5,-1,2,1,17.02,1,2,3,10,12
6257,2015,0,2015-01-12,TV-2042,MASLLOREN?,Baix Penedes,0,0,1,0,1,0,0,0,1,0,0,0,0,90.0,0.0,0,-1,Sense Especificar,-1.0,3,3,1,0,0,0,0,0,0,0,0,0,0,0,4,-1,-1,Resta sortides de via,-1,1,2,4,4,2,1,16.01,1,1,0,12,1
6258,2015,0,2015-03-22,A-2,ODENA,Anoia,3,2,3,6,7,1,0,0,0,6,0,0,0,100.0,0.0,0,-1,No n'hi ha,-1.0,3,3,0,0,0,0,0,0,0,0,0,0,0,0,4,-1,-1,Atropellament,-1,1,2,1,-1,2,0,22.25,2,3,6,22,3
6259,2015,0,2015-05-12,BV-1123,CASTELLBELL I EL VIL,Bages,3,0,1,0,2,0,0,0,1,1,0,0,0,90.0,0.0,0,-1,Sense Especificar,-1.0,3,3,1,0,0,0,0,0,0,0,0,0,0,0,4,-1,-1,Envestida (frontal lateral),-1,1,2,4,4,2,1,18.37,1,2,1,12,5
6260,2015,0,2015-04-24,BV-1462,BARCELONA,Barcelones,3,0,1,0,2,0,0,0,1,1,0,0,0,50.0,0.0,0,-1,No n'hi ha,-1.0,3,3,1,0,0,0,0,0,0,0,0,0,0,0,4,-1,1,Encalç,-1,1,2,4,-1,2,1,13.4,0,2,4,24,4
6261,2015,1,2015-04-09,SE,SABADELL,Valles Occidental,3,0,1,0,1,0,0,0,1,0,0,0,0,50.0,0.0,0,1,No n'hi ha,-1.0,3,3,1,0,0,0,0,0,0,0,0,0,0,0,4,-1,1,Caiguda en la via,-1,2,2,5,-1,2,1,14.42,1,0,3,9,4
6262,2015,0,2015-03-08,BV-2411,OLESA DE BONESVALLS,Alt Penedes,3,0,2,0,2,0,0,0,2,0,0,0,0,100.0,0.0,0,3,No n'hi ha,-1.0,3,3,1,0,0,0,0,0,0,0,0,0,0,0,4,-1,1,Fregament o col·lisió lateral,-1,1,2,4,3,2,0,12.54,0,2,6,8,3
6263,2015,0,2015-01-31,GI-532,SANT MARTI DE LLEMENA,Girones,1,0,1,0,1,0,1,0,0,0,0,0,0,100.0,0.0,0,2,No n'hi ha,-1.0,3,3,1,0,0,0,0,0,0,0,0,0,0,0,4,-1,1,Caiguda en la via,-1,1,2,4,3,2,0,12.46,0,0,5,31,1
6264,2015,0,2015-03-06,C-32,CASTELLDEFELS,Baix Llobregat,3,1,0,0,2,0,0,0,1,1,0,0,0,100.0,0.0,0,2,No n'hi ha,-1.0,3,3,0,0,0,0,0,0,0,0,0,0,0,0,4,-1,0,Caiguda en la via,-1,1,2,2,2,2,0,16.5,1,0,4,6,3
6265,2015,1,2015-08-31,SE,TERRASSA,Valles Occidental,3,0,1,0,2,0,0,0,1,1,0,0,0,100.0,0.0,0,-1,No n'hi ha,-1.0,3,3,1,0,0,0,0,0,0,0,0,0,0,0,4,-1,-1,Fregament o col·lisió lateral,-1,2,2,5,-1,2,1,8.0,0,2,0,31,8
6266,2015,0,2015-12-20,C-26,FORADADA,Noguera,2,1,0,0,1,0,0,0,0,1,0,0,0,100.0,0.0,0,3,No n'hi ha,-1.0,3,3,0,0,0,0,0,0,0,0,0,0,0,0,3,-1,1,Resta sortides de via,-1,1,2,4,2,2,0,21.08,1,1,6,20,12
6267,2015,1,2015-07-18,SE,CASTELLDEFELS,Baix Llobregat,3,0,1,0,2,0,0,0,1,1,0,0,0,100.0,0.0,0,-1,No n'hi ha,-1.0,3,3,1,0,0,0,0,0,0,0,0,0,0,0,4,-1,-1,Fregament o col·lisió lateral,-1,2,2,5,-1,2,0,18.21,1,2,5,18,7
6268,2015,1,2015-12-17,SE,BARCELONA,Barcelones,3,0,1,0,2,1,0,0,0,1,0,0,0,100.0,0.0,0,-1,No n'hi ha,-1.0,3,3,1,0,0,0,0,0,0,0,0,0,0,0,4,-1,0,Atropellament,-1,2,2,5,-1,2,1,7.55,0,3,3,17,12
6269,2015,1,2015-08-07,SE,BARCELONA,Barcelones,3,0,1,1,4,0,0,0,2,2,0,0,0,100.0,0.0,0,-1,No n'hi ha,-1.0,3,3,1,0,0,0,0,0,0,0,0,0,0,1,4,3,1,Envestida (frontal lateral),2,2,2,5,-1,2,0,16.55,1,2,4,7,8
6270,2015,0,2015-05-26,C-243c,TERRASSA,Valles Occidental,3,0,1,0,2,0,0,0,1,1,0,0,0,50.0,0.0,0,2,No n'hi ha,-1.0,3,3,1,0,0,0,0,0,0,0,0,0,0,2,4,4,1,Col·lisió frontal,1,1,2,4,2,2,1,8.34,0,2,1,26,5