,Year,Area,Date,Road,Municipality Name,County Name,Province Name,Fatalties,Serious Injuries,Light Injuries,Units Involved,Pedestrains Involved,Bicycles Involved,Mopeds Involved,Motorcycles,Light Vehicles Involved,Heavy Vehicles Involved,Other Units Involved,Unspecified Units Involved,Road Speed Limit,Accident with Hit and Run,Fog Presence,Surrounding Environment,Special Lane Presence,Special Traffic Measures,Weather Conditions,Special Road Functions,Severity of Accident,Influence of Fog,Influence of Environment,Influence of Traffic,Influence of Weather,Influence of Wind Intensity,Influence of Lighting,Influence of Special Measures,Influence of Road Objects,Influence of Road Surface,Influence of Visibility,Intersection Characteristics,Lighting Conditions,Traffic Regulation and Priority,Direction of Road,Subtype of Accident,Subtype of Road Section,Subzone within Area,Road Surface Conditions,Type of Road,Road Ownership,Wind Conditions,Day of the Week Grouping,Hour of Day,Time of Day Grouping,Type of Accident,Day Type,Day,Month
6271,2015,0,2015-07-23,A-7,TARRAGONA,Tarragones,0,1,0,0,2,0,0,0,1,1,0,0,0,100.0,0.0,0,2,Habilitació voral/carril addicional,-1.0,3,3,0,0,0,0,0,0,1,0,0,0,0,0,3,-1,0,Encalç,-1,1,2,1,1,2,1,3.02,2,2,3,23,7
6272,2015,1,2015-10-22,N-230,ALMENAR,Segria,2,0,1,0,1,0,1,0,0,0,0,0,0,90.0,0.0,0,-1,Sense Especificar,-1.0,3,1,1,0,0,0,0,0,0,0,0,0,0,0,4,-1,-1,Altres,-1,0,2,4,4,2,1,20.39,1,5,3,22,10
6273,2015,1,2015-09-19,SE,BARCELONA,Barcelones,3,3,3,1,2,0,0,0,0,1,1,0,0,100.0,0.0,0,-1,No n'hi ha,-1.0,3,3,0,0,0,0,0,0,0,0,0,0,0,1,5,3,1,Xoc contra objecte/obstacle sense sortida prèvia de via,1,2,2,5,-1,2,0,5.54,2,4,5,19,9
6274,2015,0,2015-12-18,C-16,BERGA,Bergueda,3,0,1,1,2,0,0,0,0,2,0,0,0,120.0,0.0,0,2,No n'hi ha,-1.0,3,3,1,0,0,0,0,0,1,0,0,0,0,0,3,-1,0,Col·lisió frontal,-1,1,2,2,2,2,0,18.2,1,2,4,18,12
6275,2015,0,2015-05-01,C-25,RIUDELLOTS DE LA SELVA,Selva,1,1,1,0,1,0,0,0,1,0,0,0,0,60.0,0.0,0,1,No n'hi ha,-1.0,3,3,0,0,0,0,0,0,0,0,0,0,0,2,4,4,1,Resta sortides de via,3,1,2,1,2,2,1,11.0,0,1,4,1,5
6276,2015,0,2015-02-27,B-10,HOSPITALET DE LLOBREGAT,Barcelones,3,0,1,0,1,0,0,0,1,0,0,0,0,40.0,0.0,0,3,No n'hi ha,-1.0,3,3,1,0,0,0,0,0,0,0,0,0,0,0,0,-1,0,Caiguda en la via,-1,1,2,1,3,2,1,5.2,2,0,4,27,2
6277,2015,1,2015-02-19,SE,GIRONA,Girones,1,0,1,0,2,0,0,0,1,1,0,0,0,40.0,0.0,0,2,No n'hi ha,-1.0,3,3,1,0,0,0,0,0,0,0,0,0,0,0,5,-1,1,Envestida (frontal lateral),-1,2,2,5,-1,2,1,20.21,1,2,3,19,2
6278,2015,1,2015-02-09,SE,BARCELONA,Barcelones,3,0,1,0,2,0,0,0,1,1,0,0,0,100.0,0.0,0,-1,No n'hi ha,-1.0,3,3,1,0,0,0,0,0,0,0,0,0,0,1,4,2,0,Fregament o col·lisió lateral,2,2,2,5,-1,2,1,13.1,0,2,0,9,2
6279,2015,0,2015-01-10,TP-2039,"CATLLAR, EL",Tarragones,0,0,2,0,1,0,0,0,0,1,0,0,0,90.0,0.0,0,-1,Sense Especificar,-1.0,3,3,1,0,0,0,0,0,0,0,0,0,0,0,4,-1,-1,Resta sortides de via,-1,1,2,4,4,2,0,11.17,0,1,5,10,1
6280,2015,1,2015-11-18,SE,BARCELONA,Barcelones,3,0,1,0,2,1,0,0,0,1,0,0,0,100.0,0.0,0,-1,No n'hi ha,-1.0,3,3,1,0,0,0,0,0,0,0,0,0,0,0,4,-1,0,Atropellament,-1,2,2,5,-1,2,1,17.0,1,3,2,18,11
6281,2015,1,2015-11-19,SE,BARCELONA,Barcelones,3,0,1,0,2,0,0,0,0,0,1,1,0,30.0,0.0,0,-1,No n'hi ha,-1.0,3,3,1,0,0,0,0,0,0,0,0,0,0,1,4,4,1,Fregament o col·lisió lateral,0,2,2,5,-1,2,1,12.3,0,2,3,19,11
6282,2015,0,2015-12-13,LP-7043,TORRES DE SEGRE,Segria,2,0,1,0,2,1,0,0,0,1,0,0,0,100.0,1.0,0,2,No n'hi ha,-1.0,3,3,1,0,0,0,0,0,0,0,0,0,0,0,0,-1,1,Atropellament,-1,1,2,4,0,2,0,19.31,1,3,6,13,12
6283,2015,1,2015-06-19,SE,"MASNOU, EL",Maresme,3,0,1,0,2,1,0,0,0,1,0,0,0,20.0,0.0,0,-1,No n'hi ha,-1.0,3,3,1,-1,0,0,0,-1,0,0,0,0,-1,1,4,3,1,Atropellament,2,2,2,5,-1,2,1,8.45,0,3,4,19,6
6284,2015,1,2015-07-10,SE,BARCELONA,Barcelones,3,0,1,0,2,1,0,0,0,1,0,0,0,100.0,0.0,0,-1,No n'hi ha,-1.0,3,3,1,0,0,0,0,0,0,0,0,0,0,1,4,3,1,Atropellament,1,2,2,5,-1,2,1,10.1,0,3,4,10,7
6285,2015,1,2015-11-23,SE,ESPARREGUERA,Baix Llobregat,3,0,1,0,2,1,0,0,0,1,0,0,0,30.0,0.0,0,2,No n'hi ha,-1.0,3,3,1,-1,0,0,0,-1,0,0,0,0,0,0,4,-1,1,Atropellament,-1,2,2,5,-1,2,1,9.0,0,3,0,23,11
6286,2015,1,2015-09-24,SE,BARCELONA,Barcelones,3,0,1,0,1,0,0,0,0,1,0,0,0,100.0,0.0,0,-1,No n'hi ha,-1.0,3,3,1,0,0,0,0,0,0,0,0,0,0,1,4,3,1,Xoc contra objecte/obstacle sense sortida prèvia de via,1,2,2,5,-1,2,1,7.45,0,4,3,24,9
6287,2015,1,2015-11-04,SE,SANTA COLOMA DE GRAMANET,Barcelones,3,0,1,0,2,1,0,0,0,1,0,0,0,20.0,0.0,0,-1,No n'hi ha,-1.0,3,3,1,0,0,0,0,0,0,0,0,0,0,1,2,4,-1,Atropellament,2,2,2,5,-1,2,1,17.15,1,3,2,4,11
6288,2015,1,2015-07-04,SE,REUS,Baix Camp,0,0,1,0,2,1,0,0,0,1,0,0,0,100.0,0.0,0,-1,No n'hi ha,-1.0,3,3,1,0,0,0,0,0,0,0,0,0,0,0,4,-1,-1,Atropellament,-1,2,2,5,-1,2,0,20.15,1,3,5,4,7
6289,2015,1,2015-08-08,SE,"FATARELLA, LA",Terra Alta,0,0,1,0,1,0,0,1,0,0,0,0,0,100.0,0.0,0,1,No n'hi ha,-1.0,3,3,1,0,0,0,0,0,0,0,0,0,0,1,4,4,1,Caiguda en la via,1,2,2,5,-1,2,0,13.03,0,0,5,8,8
6290,2015,1,2015-10-07,SE,BARCELONA,Barcelones,3,0,2,1,3,2,0,0,1,0,0,0,0,30.0,0.0,0,-1,No n'hi ha,-1.0,3,3,1,0,0,0,0,0,0,0,0,0,1,1,4,5,0,Atropellament,1,2,2,5,-1,2,1,11.5,0,3,2,7,10
6291,2015,1,2015-03-02,SE,CERDANYOLA DEL VALLES,Valles Occidental,3,0,1,0,2,0,0,0,1,1,0,0,0,100.0,0.0,0,2,No n'hi ha,-1.0,3,3,1,0,0,0,0,0,0,0,0,0,0,1,4,4,0,Envestida (frontal lateral),1,2,2,5,-1,2,1,17.56,1,2,0,2,3
6292,2015,0,2015-03-24,C-55,OLESA DE MONTSERRAT,Baix Llobregat,3,2,0,1,2,0,0,0,0,1,1,0,0,90.0,0.0,0,1,No n'hi ha,-1.0,1,3,0,0,0,0,0,0,0,0,0,0,0,0,2,-1,1,Envestida (frontal lateral),-1,1,2,4,2,2,1,10.15,0,2,1,24,3
6293,2015,0,2015-03-28,LV-5118,PERAMOLA,Alt Urgell,2,0,1,0,1,0,0,0,1,0,0,0,0,100.0,0.0,0,1,No n'hi ha,-1.0,3,3,1,0,0,0,0,0,0,0,0,0,0,0,4,-1,1,Resta sortides de via,-1,1,2,4,3,2,0,12.04,0,1,5,28,3
6294,2015,1,2015-03-14,SE,ARENYS DE MAR,Maresme,3,0,1,0,2,0,0,0,0,2,0,0,0,100.0,0.0,0,-1,No n'hi ha,-1.0,3,3,1,0,0,0,1,0,0,0,0,0,0,0,4,-1,-1,Encalç,-1,2,2,5,-1,2,0,17.45,1,2,5,14,3
6295,2015,0,2015-02-26,N-340,"AMPOLLA, L'",Baix Ebre,0,2,1,0,2,0,0,0,0,2,0,0,0,100.0,0.0,0,1,No n'hi ha,-1.0,3,3,0,0,0,0,0,1,0,0,0,0,0,0,4,-1,1,Col·lisió frontal,-1,1,2,4,1,0,1,18.32,1,2,3,26,2
6296,2015,1,2015-04-23,SE,LLEIDA,Segria,2,0,1,0,2,0,0,0,1,1,0,0,0,30.0,0.0,0,1,No n'hi ha,-1.0,3,3,1,0,0,0,0,0,0,0,0,0,0,0,4,-1,1,Envestida (frontal lateral),-1,2,2,5,0,2,1,14.55,1,2,3,23,4
6297,2015,0,2015-02-17,BV-5301,MONTSENY,Valles Oriental,3,0,1,0,1,0,0,0,0,1,0,0,0,100.0,0.0,0,1,No n'hi ha,-1.0,3,3,1,0,0,0,0,0,0,0,0,0,0,1,3,4,1,Resta sortides de via,1,1,2,4,3,2,1,22.21,2,1,1,17,2
6298,2015,1,2015-11-17,SE,BARCELONA,Barcelones,3,0,1,2,2,0,0,1,1,0,0,0,0,100.0,0.0,0,-1,No n'hi ha,-1.0,3,3,1,0,0,0,0,0,0,0,0,0,0,1,5,3,0,Fregament o col·lisió lateral,2,2,2,5,-1,2,1,19.2,1,2,1,17,11
6299,2015,0,2015-11-02,C-17,RIPOLL,Ripolles,1,1,0,0,2,0,0,0,1,1,0,0,0,100.0,0.0,0,0,No n'hi ha,-1.0,1,3,0,0,0,0,0,0,0,0,0,0,0,0,2,-1,1,Fregament o col·lisió lateral,-1,1,2,4,2,2,1,14.53,1,2,0,2,11
6300,2015,1,2015-10-27,SE,VILANOVA I LA GELTRU,Garraf,3,1,0,0,1,0,0,0,1,0,0,0,0,100.0,0.0,0,-1,No n'hi ha,-1.0,3,3,0,0,0,0,0,0,0,0,0,0,0,0,4,-1,-1,Caiguda en la via,-1,2,2,5,-1,2,1,23.12,2,0,1,27,10
6301,2015,0,2015-08-07,TV-2333,SARRAL,Conca de Barbera,0,0,1,0,1,0,1,0,0,0,0,0,0,90.0,0.0,0,-1,Sense Especificar,-1.0,3,3,1,0,0,0,0,0,0,0,0,0,0,0,4,-1,-1,Altres,-1,1,2,4,4,2,1,9.35,0,5,4,7,8
6302,2015,0,2015-06-11,B-10,SANT ADRIA DE BESOS,Barcelones,3,0,1,0,2,0,0,0,1,1,0,0,0,80.0,0.0,0,3,No n'hi ha,-1.0,3,3,1,0,0,1,0,0,0,0,0,0,0,2,4,4,0,Fregament o col·lisió lateral,3,1,2,1,1,2,1,9.54,0,2,3,11,6
6303,2015,0,2015-07-01,C-44,VANDELLOS I L'HOSPITALET DE L'INFANT,Baix Camp,0,0,2,0,1,0,0,0,0,1,0,0,0,100.0,0.0,0,3,No n'hi ha,-1.0,3,3,1,0,0,0,0,0,0,0,0,0,0,0,4,-1,1,Resta sortides de via,-1,1,2,4,2,2,1,12.0,0,1,2,1,7
6304,2015,1,2015-06-02,SE,BARCELONA,Barcelones,3,1,0,0,2,0,0,0,0,2,0,0,0,80.0,0.0,0,-1,No n'hi ha,-1.0,3,3,0,0,0,0,0,0,0,0,0,0,0,0,4,-1,0,Fregament o col·lisió lateral,-1,2,2,5,-1,2,1,17.3,1,2,1,2,6
6305,2015,1,2015-09-30,SE,TARRAGONA,Tarragones,0,2,0,1,2,0,0,0,0,2,0,0,0,60.0,0.0,0,1,No n'hi ha,-1.0,1,3,0,0,0,0,0,0,0,0,0,0,0,0,1,-1,1,Envestida (frontal lateral),-1,2,2,5,0,2,1,7.4,0,2,2,30,9
6306,2015,1,2015-05-16,SE,TERRASSA,Valles Occidental,3,0,1,0,2,0,0,0,1,1,0,0,0,100.0,0.0,0,-1,No n'hi ha,-1.0,3,3,1,0,0,0,0,0,0,0,0,0,0,0,4,-1,-1,Encalç,-1,2,2,5,-1,2,0,12.3,0,2,5,16,5
6307,2015,1,2015-03-24,SE,LLEIDA,Segria,2,0,1,1,3,2,0,0,0,1,0,0,0,20.0,0.0,0,2,No n'hi ha,-1.0,2,3,1,-1,0,0,0,-1,0,0,0,0,1,0,1,-1,1,Atropellament,-1,2,0,5,0,1,1,19.28,1,3,1,24,3
6308,2015,1,2015-01-27,SE,OLOT,Garrotxa,1,1,0,1,1,0,0,0,0,1,0,0,0,100.0,0.0,0,2,No n'hi ha,-1.0,3,3,0,0,0,0,0,0,0,0,0,0,0,1,5,2,0,Sortida de via amb xoc o col·lisió,1,2,2,5,-1,2,1,23.32,2,1,1,27,1
6309,2015,0,2015-01-02,C-243c,TERRASSA,Valles Occidental,3,0,2,4,2,0,0,0,0,2,0,0,0,90.0,0.0,0,-1,Sense Especificar,-1.0,3,3,1,0,0,0,0,0,0,0,0,0,0,1,4,4,-1,Envestida (frontal lateral),1,1,2,4,4,2,1,14.14,1,2,4,2,1
6310,2015,0,2015-01-05,C-35,SANTA MARIA DE PALAU,Valles Oriental,3,0,2,0,2,0,0,0,0,1,1,0,0,90.0,0.0,0,2,Carril d'alentiment,-1.0,3,3,1,0,0,0,0,0,0,0,0,0,0,1,4,4,1,Envestida (frontal lateral),1,1,2,4,2,2,1,11.07,0,2,0,5,1
6311,2015,0,2015-04-05,GI-503,DARNIUS,Alt Emporda,1,0,1,0,1,0,0,0,1,0,0,0,0,100.0,0.0,0,1,No n'hi ha,-1.0,3,3,1,0,0,0,0,0,0,0,0,0,0,0,4,-1,1,Resta sortides de via,-1,1,2,4,3,2,0,17.11,1,1,6,5,4
6312,2015,0,2015-12-13,BV-5301,"BRULL, EL",Osona,3,0,1,0,1,0,0,0,1,0,0,0,0,90.0,0.0,0,-1,Sense Especificar,-1.0,3,3,1,0,0,0,0,0,0,0,0,0,0,0,4,-1,-1,Resta sortides de via,-1,1,2,4,4,2,0,9.28,0,1,6,13,12
6313,2015,1,2015-12-31,SE,TERRASSA,Valles Occidental,3,0,1,0,2,0,0,1,0,1,0,0,0,100.0,0.0,0,-1,No n'hi ha,-1.0,3,3,1,0,0,0,0,0,0,0,0,0,0,0,4,-1,-1,Encalç,-1,2,2,5,-1,2,1,8.3,0,2,3,31,12
6314,2015,1,2015-08-02,BV-2421,"PALMA DE CERVELLO, LA",Baix Llobregat,3,0,1,3,2,0,0,0,0,2,0,0,0,40.0,0.0,0,3,No n'hi ha,-1.0,3,3,1,0,0,0,0,0,0,0,0,0,0,0,5,-1,1,Col·lisió frontal,-1,0,2,4,-1,2,0,1.11,2,2,6,2,8
6315,2015,1,2015-05-29,SE,MANRESA,Bages,3,0,1,0,2,0,0,0,1,1,0,0,0,100.0,0.0,0,2,Carril central,-1.0,3,3,1,0,0,0,0,0,0,0,0,0,0,0,4,-1,1,Envestida (frontal lateral),-1,2,2,5,0,2,1,12.1,0,2,4,29,5
6316,2015,1,2015-11-13,SE,RUBI,Valles Occidental,3,0,1,0,2,0,0,0,1,1,0,0,0,100.0,0.0,0,2,No n'hi ha,-1.0,3,3,1,0,0,0,0,0,0,0,0,0,0,1,5,5,1,Envestida (frontal lateral),1,2,2,5,-1,2,0,18.55,1,2,4,13,11
6317,2015,0,2015-05-26,N-340,RODA DE BARA,Tarragones,0,0,2,0,1,0,0,0,1,0,0,0,0,90.0,0.0,0,-1,Sense Especificar,-1.0,3,3,1,0,0,0,0,0,0,0,0,0,0,1,4,5,-1,Resta sortides de via,0,1,2,4,4,2,1,17.09,1,1,1,26,5
6318,2015,0,2015-10-28,C-25,SANT BARTOMEU DEL GR,Osona,3,1,0,0,2,1,0,0,0,0,1,0,0,120.0,0.0,0,3,No n'hi ha,-1.0,3,3,0,0,0,0,0,0,0,0,0,0,0,0,3,-1,0,Atropellament,-1,1,2,1,2,2,1,5.23,2,3,2,28,10
6319,2015,1,2015-11-27,SE,IGUALADA,Anoia,3,0,1,0,1,0,0,1,0,0,0,0,0,50.0,0.0,0,-1,No n'hi ha,-1.0,3,3,1,-1,0,0,0,-1,0,0,0,0,0,1,5,3,1,Xoc contra objecte/obstacle sense sortida prèvia de via,2,2,2,5,-1,2,0,22.4,2,4,4,27,11
6320,2015,1,2015-12-28,SE,CORNELLA DE LLOBREGAT,Baix Llobregat,3,0,1,0,2,1,0,0,0,1,0,0,0,20.0,0.0,0,-1,No n'hi ha,-1.0,3,3,1,0,0,0,0,0,0,0,0,0,0,1,4,2,-1,Atropellament,1,2,2,5,-1,2,1,11.43,0,3,0,28,12
6321,2015,0,2015-12-18,N-340,CERVELLO,Baix Llobregat,3,0,1,1,3,0,0,0,0,3,0,0,0,80.0,0.0,0,2,No n'hi ha,-1.0,3,3,1,0,0,0,0,0,0,0,0,0,0,0,3,-1,1,Col·lisió frontal,-1,1,2,4,1,2,0,19.09,1,2,4,18,12
6322,2015,1,2015-02-16,SE,SABADELL,Valles Occidental,3,0,1,0,2,0,0,0,1,1,0,0,0,100.0,0.0,0,2,No n'hi ha,-1.0,3,3,1,0,0,0,0,0,0,0,0,0,0,2,4,3,1,Fregament o col·lisió lateral,1,2,2,5,-1,2,1,14.03,1,2,0,16,2
6323,2015,1,2015-03-12,SE,TERRASSA,Valles Occidental,3,0,1,0,2,1,0,0,0,1,0,0,0,100.0,0.0,0,-1,No n'hi ha,-1.0,3,3,1,0,0,0,0,0,0,0,0,0,0,0,4,-1,-1,Atropellament,-1,2,2,5,-1,2,1,11.2,0,3,3,12,3
6324,2015,0,2015-02-10,C-31,BADALONA,Barcelones,3,0,2,2,2,0,0,0,1,1,0,0,0,100.0,0.0,0,2,Carril acceleració,-1.0,3,3,1,0,0,0,0,0,0,0,0,0,0,2,0,4,1,Altres,3,1,2,1,2,2,1,7.29,0,5,1,10,2
6325,2015,1,2015-05-21,SE,"TORRE DE L'ESPANYOL, LA",Ribera d'Ebre,0,0,1,0,2,1,0,0,0,0,1,0,0,100.0,0.0,0,2,No n'hi ha,-1.0,3,3,1,0,0,0,0,0,1,0,0,0,0,0,1,-1,1,Atropellament,-1,2,2,5,-1,2,1,19.1,1,3,3,21,5
6326,2015,0,2015-06-04,CR,ROQUETES,Baix Ebre,0,0,1,0,1,0,0,0,1,0,0,0,0,100.0,1.0,0,2,No n'hi ha,-1.0,3,3,1,0,0,0,0,0,0,0,0,0,0,0,4,-1,1,Caiguda en la via,-1,1,0,0,0,2,1,12.38,0,0,3,4,6
6327,2015,1,2015-06-27,SE,TARRAGONA,Tarragones,0,0,1,3,1,0,0,0,0,1,0,0,0,100.0,0.0,0,2,No n'hi ha,-1.0,3,3,1,0,0,0,0,0,0,0,0,0,0,0,3,-1,1,Resta sortides de via,-1,2,2,5,0,2,0,1.05,2,1,5,27,6
6328,2015,1,2015-11-18,SE,SABADELL,Valles Occidental,3,0,1,0,2,0,0,0,1,1,0,0,0,100.0,0.0,0,2,No n'hi ha,-1.0,3,3,1,0,0,0,0,0,0,0,0,0,0,0,4,-1,1,Envestida (frontal lateral),-1,2,2,5,0,2,1,14.26,1,2,2,18,11
6329,2015,0,2015-09-27,N-II,BIURE,Alt Emporda,1,1,1,0,2,0,0,0,0,2,0,0,0,80.0,0.0,0,1,No n'hi ha,-1.0,3,3,0,0,0,0,0,0,0,0,0,0,0,0,3,-1,1,Col·lisió frontal,-1,1,2,4,1,2,0,5.42,2,2,6,27,9
6330,2015,1,2015-07-05,N-IIa,FIGUERES,Alt Emporda,1,0,1,0,2,0,0,1,0,1,0,0,0,100.0,0.0,0,2,No n'hi ha,-1.0,3,3,1,0,0,0,0,0,0,0,0,0,0,0,4,-1,1,Envestida (frontal lateral),-1,0,2,4,-1,2,0,20.55,1,2,6,5,7
6331,2015,0,2015-05-30,C-58,SANT QUIRZE DEL VALLES,Valles Occidental,3,0,1,0,1,0,0,0,1,0,0,0,0,80.0,0.0,0,2,No n'hi ha,-1.0,3,3,1,0,0,0,0,0,0,0,0,0,0,0,5,-1,0,Caiguda en la via,-1,1,2,1,3,2,0,23.02,2,0,5,30,5
6332,2015,1,2015-07-05,SE,TORTOSA,Baix Ebre,0,0,1,0,2,0,0,1,0,1,0,0,0,100.0,0.0,0,-1,No n'hi ha,-1.0,3,3,1,0,0,0,0,0,0,0,0,0,0,0,4,-1,-1,Altres,-1,2,2,5,-1,2,0,11.45,0,5,6,5,7
6333,2015,0,2015-12-28,B-22,"PRAT DE LLOBREGAT, E",Baix Llobregat,3,0,1,2,2,0,0,0,0,2,0,0,0,80.0,0.0,0,1,No n'hi ha,-1.0,3,3,1,0,0,0,0,0,0,0,0,0,0,0,1,-1,0,Encalç,-1,1,2,4,1,2,1,8.0,0,2,0,28,12
6334,2015,1,2015-04-13,N-340,"VENDRELL, EL",Baix Penedes,0,1,0,0,2,1,0,0,0,1,0,0,0,100.0,0.0,0,3,Carril acceleració,-1.0,3,3,0,0,0,0,0,0,0,0,0,0,0,0,3,-1,1,Atropellament,-1,0,2,4,1,2,1,21.12,1,3,0,13,4
6335,2015,1,2015-01-31,SE,BARCELONA,Barcelones,3,0,1,0,2,0,0,0,1,1,0,0,0,100.0,0.0,0,-1,No n'hi ha,-1.0,3,3,1,0,0,0,0,0,0,0,0,0,0,1,4,3,0,Envestida (frontal lateral),2,2,2,5,-1,2,0,8.3,0,2,5,31,1
6336,2015,1,2015-05-20,SE,BADALONA,Barcelones,3,0,1,0,2,0,0,0,1,1,0,0,0,20.0,0.0,0,-1,No n'hi ha,-1.0,3,3,1,-1,0,0,0,-1,0,0,0,0,0,1,4,4,1,Envestida (frontal lateral),1,2,2,5,-1,2,1,15.05,1,2,2,20,5
6337,2015,1,2015-01-07,SE,BARCELONA,Barcelones,3,0,1,0,2,0,0,0,1,1,0,0,0,100.0,0.0,0,-1,No n'hi ha,-1.0,3,3,1,0,0,0,0,0,0,0,0,0,0,1,4,2,0,Caiguda en la via,2,2,2,5,-1,2,1,10.0,0,0,2,7,1
6338,2015,1,2015-05-06,SE,SANTA EULALIA DE RON,Valles Oriental,3,0,1,1,2,0,0,0,1,1,0,0,0,20.0,0.0,0,-1,No n'hi ha,-1.0,3,3,1,-1,0,0,0,-1,0,0,0,0,0,0,5,-1,1,Fregament o col·lisió lateral,-1,2,2,5,-1,2,1,22.58,2,2,2,6,5
6339,2015,0,2015-08-22,C-55,MONISTROL DE MONTSER,Bages,3,0,1,2,3,0,0,0,0,3,0,0,0,100.0,0.0,0,1,No n'hi ha,-1.0,1,3,1,0,0,0,0,0,0,0,0,0,0,0,2,-1,1,Resta sortides de via,-1,1,2,4,2,2,0,8.35,0,1,5,22,8
6340,2015,0,2015-11-20,N-II,MATARO,Maresme,3,0,1,0,2,1,0,0,1,0,0,0,0,90.0,0.0,0,3,No n'hi ha,-1.0,3,3,1,0,0,0,0,0,0,0,0,0,0,0,3,-1,1,Atropellament,-1,1,2,4,1,2,0,18.28,1,3,4,20,11
6341,2015,1,2015-09-27,SE,ESPLUGUES DE LLOBREGAT,Baix Llobregat,3,0,1,1,2,0,0,1,0,1,0,0,0,20.0,0.0,0,2,No n'hi ha,-1.0,3,3,1,-1,0,0,0,-1,0,0,0,0,-1,1,5,3,0,Encalç,0,2,2,5,-1,2,0,23.1,2,2,6,27,9
6342,2015,0,2015-08-18,C-12,BENIFALLET,Baix Ebre,0,1,0,1,2,0,0,0,0,1,1,0,0,100.0,0.0,0,1,Carril lent,-1.0,3,3,0,0,0,0,0,0,0,0,0,0,0,0,2,-1,1,Col·lisió frontal,-1,1,2,4,2,2,1,13.25,0,2,1,18,8
6343,2015,1,2015-08-12,T-202,SALOMO,Tarragones,0,0,2,2,2,0,0,0,0,2,0,0,0,40.0,0.0,0,2,No n'hi ha,-1.0,3,3,1,0,0,0,0,0,0,0,0,0,0,0,5,-1,1,Col·lisió frontal,-1,0,2,4,3,2,1,1.15,2,2,2,12,8
6344,2015,0,2015-09-21,N-420,MORA D'EBRE,Ribera d'Ebre,0,0,1,1,2,0,0,0,0,2,0,0,0,100.0,0.0,0,2,Carril central,-1.0,3,3,1,0,0,0,0,0,0,0,0,0,0,1,4,4,1,Col·lisió frontal,2,1,2,4,1,2,1,8.57,0,2,0,21,9
6345,2015,1,2015-06-29,SE,BARCELONA,Barcelones,3,0,1,0,2,0,1,0,0,1,0,0,0,100.0,1.0,0,-1,Carril bus,-1.0,3,3,1,0,0,0,0,0,0,0,0,0,0,1,4,3,1,Encalç,2,2,2,5,-1,2,1,10.45,0,2,0,29,6
6346,2015,1,2015-11-06,SE,VIELHA E MIJARAN,Val d'Aran,2,0,1,0,2,1,0,0,0,1,0,0,0,100.0,0.0,0,2,No n'hi ha,-1.0,3,3,1,0,0,0,0,0,0,0,0,0,0,0,4,-1,1,Atropellament,-1,2,2,5,-1,2,1,10.27,0,3,4,6,11
6347,2015,1,2015-08-21,SE,TORTOSA,Baix Ebre,0,0,2,0,2,0,0,1,0,1,0,0,0,100.0,0.0,0,3,No n'hi ha,-1.0,3,3,1,0,0,0,0,0,0,0,0,0,0,0,4,-1,1,Col·lisió frontal,-1,2,2,5,-1,2,0,17.3,1,2,4,21,8
6348,2015,0,2015-10-15,C-58C,SABADELL,Valles Occidental,3,0,1,0,2,0,0,0,1,1,0,0,0,80.0,0.0,0,2,No n'hi ha,-1.0,3,3,1,0,0,0,0,0,0,0,0,0,0,0,4,-1,1,Encalç,-1,1,2,1,2,2,1,18.27,1,2,3,15,10
6349,2015,0,2015-04-28,BV-1414,CERDANYOLA DEL VALLES,Valles Occidental,3,1,0,0,2,0,0,0,0,1,1,0,0,100.0,0.0,0,-1,No n'hi ha,-1.0,3,3,0,0,0,0,0,0,0,0,0,0,0,0,4,-1,-1,Col·lisió frontal,-1,1,2,4,-1,2,1,10.28,0,2,1,28,4
6350,2015,0,2015-03-20,C-58,BARCELONA,Barcelones,3,0,1,1,5,0,0,0,1,4,0,0,0,80.0,0.0,0,0,No n'hi ha,-1.0,3,3,1,0,0,0,0,0,0,0,0,0,0,1,4,2,0,Encalç,3,1,2,1,2,2,0,15.18,1,2,4,20,3
6351,2015,1,2015-02-17,SE,ESPLUGUES DE LLOBREGAT,Baix Llobregat,3,0,1,0,2,0,0,0,1,1,0,0,0,20.0,0.0,0,2,No n'hi ha,-1.0,3,3,1,-1,0,0,0,-1,0,0,0,0,0,1,5,3,1,Fregament o col·lisió lateral,1,2,2,5,-1,2,1,19.1,1,2,1,17,2
6352,2015,1,2015-03-31,SE,FIGUERES,Alt Emporda,1,0,1,0,2,1,0,0,1,0,0,0,0,100.0,0.0,0,3,No n'hi ha,-1.0,3,3,1,0,0,0,0,0,0,0,0,0,0,0,4,-1,1,Atropellament,-1,2,2,5,-1,2,1,13.1,0,3,1,31,3
6353,2015,0,2015-04-02,BV-5105,"ROCA DEL VALLES, LA",Valles Oriental,3,1,0,0,2,0,0,0,0,1,1,0,0,70.0,0.0,0,3,No n'hi ha,-1.0,3,3,0,0,0,0,0,0,0,0,0,0,0,0,4,-1,1,Col·lisió frontal,-1,1,2,4,2,2,1,8.09,0,2,3,2,4
6354,2015,1,2015-12-28,SE,TERRASSA,Valles Occidental,3,0,1,1,3,2,0,0,0,1,0,0,0,20.0,0.0,0,-1,No n'hi ha,-1.0,3,3,1,0,0,0,0,0,0,0,0,0,0,0,5,-1,-1,Atropellament,-1,2,2,5,-1,2,1,18.55,1,3,0,28,12