,Year,Area,Date,Road,Municipality Name,County Name,Province Name,Fatalties,Serious Injuries,Light Injuries,Units Involved,Pedestrains Involved,Bicycles Involved,Mopeds Involved,Motorcycles,Light Vehicles Involved,Heavy Vehicles Involved,Other Units Involved,Unspecified Units Involved,Road Speed Limit,Accident with Hit and Run,Fog Presence,Surrounding Environment,Special Lane Presence,Special Traffic Measures,Weather Conditions,Special Road Functions,Severity of Accident,Influence of Fog,Influence of Environment,Influence of Traffic,Influence of Weather,Influence of Wind Intensity,Influence of Lighting,Influence of Special Measures,Influence of Road Objects,Influence of Road Surface,Influence of Visibility,Intersection Characteristics,Lighting Conditions,Traffic Regulation and Priority,Direction of Road,Subtype of Accident,Subtype of Road Section,Subzone within Area,Road Surface Conditions,Type of Road,Road Ownership,Wind Conditions,Day of the Week Grouping,Hour of Day,Time of Day Grouping,Type of Accident,Day Type,Day,Month
6355,2015,1,2015-09-26,SE,SALOU,Tarragones,0,0,1,0,2,1,0,0,0,1,0,0,0,100.0,0.0,0,2,No n'hi ha,-1.0,3,3,1,0,0,0,0,0,0,0,0,0,0,0,4,-1,1,Atropellament,-1,2,2,5,-1,2,0,15.1,1,3,5,26,9
6356,2015,0,2015-12-24,TP-2235,"PALLARESOS, ELS",Tarragones,0,1,0,1,1,0,0,0,0,1,0,0,0,100.0,0.0,0,1,No n'hi ha,-1.0,3,3,0,0,0,0,0,0,0,0,0,0,0,0,3,-1,1,Resta sortides de via,-1,1,2,4,3,2,1,19.51,1,1,3,24,12
6357,2015,0,2015-11-19,B-140,SANTA PERPETUA DE MO,Valles Occidental,3,0,2,1,2,0,0,0,1,1,0,0,0,90.0,0.0,0,-1,Sense Especificar,-1.0,3,3,1,0,0,0,0,0,0,0,0,0,0,1,4,4,-1,Envestida (frontal lateral),1,1,2,4,4,2,1,18.09,1,2,3,19,11
6358,2015,0,2015-10-22,BV-2115,VILANOVA I LA GELTRU,Garraf,3,0,1,0,3,0,0,0,1,2,0,0,0,100.0,0.0,0,-1,No n'hi ha,-1.0,3,3,1,0,0,0,0,0,0,0,0,0,0,0,4,-1,-1,Altres,-1,1,2,4,-1,2,1,11.38,0,5,3,22,10
6359,2015,1,2015-10-12,SE,CASTELLDEFELS,Baix Llobregat,3,0,1,0,2,1,0,0,0,1,0,0,0,100.0,0.0,0,2,No n'hi ha,-1.0,3,3,1,0,0,0,0,0,0,0,0,0,0,0,4,-1,1,Atropellament,-1,2,2,5,-1,2,1,13.5,0,3,0,12,10
6360,2015,0,2015-07-03,TV-2122,LLOREN? DEL PENEDES,Baix Penedes,0,0,1,0,1,0,1,0,0,0,0,0,0,90.0,0.0,0,-1,Sense Especificar,-1.0,3,3,1,0,0,0,0,0,0,0,0,0,0,1,4,4,-1,Altres,1,1,2,4,4,2,0,18.17,1,5,4,3,7
6361,2015,0,2015-05-25,BP-5002,VALLROMANES,Valles Oriental,3,0,1,0,2,0,0,0,0,2,0,0,0,70.0,0.0,0,2,No n'hi ha,-1.0,3,3,1,0,0,0,0,0,0,0,0,0,0,0,3,-1,1,Col·lisió frontal,-1,1,2,4,3,2,1,5.33,2,2,0,25,5
6362,2015,1,2015-07-31,SE,DELTEBRE,Baix Ebre,0,0,1,0,2,0,0,1,0,1,0,0,0,100.0,0.0,0,2,No n'hi ha,-1.0,3,3,1,0,0,0,0,0,0,0,0,0,0,1,4,4,1,Altres,2,2,2,5,-1,2,1,10.15,0,5,4,31,7
6363,2015,1,2015-06-03,SE,BARCELONA,Barcelones,3,0,1,1,3,0,0,0,3,0,0,0,0,100.0,0.0,0,-1,No n'hi ha,-1.0,3,3,1,0,0,0,0,0,0,0,0,0,0,1,4,3,1,Envestida (frontal lateral),2,2,2,5,-1,2,1,14.1,1,2,2,3,6
6364,2015,0,2015-09-22,C-233,VILANOVA DE BELLPUIG,Pla d'Urgell,2,0,1,1,2,0,0,0,0,0,2,0,0,90.0,0.0,0,2,No n'hi ha,-1.0,3,3,1,0,0,0,0,0,0,0,0,0,0,0,4,-1,1,Encalç,-1,1,2,4,2,2,1,17.17,1,2,1,22,9
6365,2015,1,2015-01-17,SE,HOSPITALET DE LLOBREGAT,Barcelones,3,0,1,0,2,0,0,1,0,1,0,0,0,20.0,1.0,0,-1,No n'hi ha,-1.0,3,3,1,-1,0,0,0,-1,0,0,0,0,0,1,5,4,0,Envestida (frontal lateral),2,2,2,5,-1,2,0,22.15,2,2,5,17,1
6366,2015,1,2015-03-21,SE,TERRASSA,Valles Occidental,3,0,1,2,2,0,0,0,0,2,0,0,0,100.0,0.0,0,2,No n'hi ha,-1.0,2,3,1,0,0,0,0,0,0,0,0,0,0,1,1,4,1,Col·lisió frontal,1,2,2,5,-1,2,0,7.1,0,2,5,21,3
6367,2015,0,2015-01-03,BV-2242,PIERA,Anoia,3,0,1,1,1,0,0,0,0,1,0,0,0,100.0,0.0,0,3,No n'hi ha,-1.0,3,3,1,0,0,0,0,0,0,0,0,0,0,0,0,-1,1,Resta sortides de via,-1,1,2,4,3,2,0,2.56,2,1,5,3,1
6368,2015,0,2015-01-13,C-37,MANRESA,Bages,3,0,2,1,2,0,0,0,0,2,0,0,0,40.0,0.0,0,2,No n'hi ha,-1.0,3,3,1,0,0,0,0,0,0,0,0,0,0,2,0,4,1,Encalç,0,1,2,4,2,2,1,18.55,1,2,1,13,1
6369,2015,1,2015-04-17,SE,MALGRAT DE MAR,Maresme,3,0,1,2,2,1,0,1,0,0,0,0,0,100.0,0.0,0,2,No n'hi ha,-1.0,3,3,1,0,0,0,0,0,0,0,0,0,0,1,4,5,0,Atropellament,2,2,2,5,-1,2,0,19.0,1,3,4,17,4
6370,2015,0,2015-08-27,A-2,"BRUC, EL",Anoia,3,0,1,0,2,0,0,0,0,0,2,0,0,100.0,0.0,0,3,No n'hi ha,-1.0,3,3,1,0,0,0,0,0,0,0,0,0,0,0,4,-1,0,Encalç,-1,1,2,1,1,2,1,16.05,1,2,3,27,8
6371,2015,1,2015-12-21,SE,BARCELONA,Barcelones,3,0,1,0,1,0,0,0,0,0,1,0,0,100.0,0.0,0,-1,Carril bus,-1.0,3,3,1,0,0,0,0,0,0,0,0,0,0,0,4,-1,1,Caiguda en la via,-1,2,2,5,-1,2,1,13.5,0,0,0,21,12
6372,2015,1,2015-11-07,SE,BARCELONA,Barcelones,3,0,2,0,2,1,0,1,0,0,0,0,0,100.0,0.0,0,-1,No n'hi ha,-1.0,3,3,1,0,0,0,0,0,0,0,0,0,0,1,4,3,0,Atropellament,2,2,2,5,-1,2,0,15.2,1,3,5,7,11
6373,2015,0,2015-10-29,B-124,CASTELLAR DEL VALLES,Valles Occidental,3,0,1,0,2,0,0,0,1,1,0,0,0,100.0,0.0,0,2,No n'hi ha,-1.0,3,3,1,0,0,0,0,0,0,0,0,0,1,0,3,-1,1,Col·lisió frontal,-1,1,2,4,3,2,1,22.53,2,2,3,29,10
6374,2015,1,2015-08-28,SE,BARCELONA,Barcelones,3,0,1,0,2,1,0,0,0,1,0,0,0,100.0,0.0,0,-1,No n'hi ha,-1.0,3,3,1,0,0,0,0,0,0,0,0,0,0,0,4,-1,0,Atropellament,-1,2,2,5,-1,2,1,13.05,0,3,4,28,8
6375,2015,1,2015-08-16,SE,BARCELONA,Barcelones,3,0,1,0,2,0,1,0,0,1,0,0,0,30.0,1.0,0,-1,Carril bici,-1.0,3,3,1,0,0,0,0,0,0,0,0,0,0,0,5,-1,1,Encalç,-1,2,2,5,-1,2,0,23.35,2,2,6,16,8
6376,2015,1,2015-09-27,SE,LLEIDA,Segria,2,2,0,0,4,3,0,0,0,1,0,0,0,100.0,0.0,0,2,No n'hi ha,-1.0,3,3,0,0,0,0,0,0,0,0,0,0,0,0,5,-1,1,Atropellament,-1,2,2,5,-1,2,0,4.23,2,3,6,27,9
6377,2015,0,2015-09-07,C-35,LLINARS DEL VALLES,Valles Oriental,3,0,1,0,2,0,1,0,0,0,1,0,0,90.0,0.0,0,1,No n'hi ha,-1.0,3,3,1,0,0,0,0,0,0,0,0,0,0,0,4,-1,1,Fregament o col·lisió lateral,-1,1,2,4,2,2,1,10.3,0,2,0,7,9
6378,2015,0,2015-08-06,C-53,"FULIOLA, LA",Urgell,2,0,2,2,2,0,0,0,0,2,0,0,0,50.0,0.0,0,1,No n'hi ha,-1.0,3,3,1,0,0,0,0,0,0,0,0,0,0,0,4,-1,1,Col·lisió frontal,-1,1,2,4,2,2,1,15.17,1,2,3,6,8
6379,2015,1,2015-07-23,SE,REUS,Baix Camp,0,0,1,0,2,1,0,0,0,1,0,0,0,100.0,0.0,0,2,No n'hi ha,-1.0,3,3,1,0,0,0,0,0,0,0,0,0,0,0,1,-1,1,Atropellament,-1,2,2,5,-1,2,1,21.3,1,3,3,23,7
6380,2015,0,2015-08-05,A-7,TARRAGONA,Tarragones,0,0,1,3,1,0,0,0,0,1,0,0,0,100.0,0.0,0,2,No n'hi ha,-1.0,3,3,1,0,0,0,0,0,0,0,0,0,0,0,4,-1,1,Resta sortides de via,-1,1,2,1,1,2,1,20.57,1,1,2,5,8
6381,2015,0,2015-08-29,GI-682,TOSSA DE MAR,Selva,1,0,1,1,2,0,0,1,1,0,0,0,0,100.0,0.0,0,1,No n'hi ha,-1.0,3,3,1,0,0,0,0,0,0,0,0,0,0,0,4,-1,1,Fregament o col·lisió lateral,-1,1,2,4,3,2,0,13.15,0,2,5,29,8
6382,2015,0,2015-12-22,C-15,"POBLA DE CLARAMUNT,LA",Anoia,3,0,1,0,2,0,0,0,0,2,0,0,0,100.0,0.0,0,3,No n'hi ha,-1.0,3,3,1,0,1,1,0,0,0,0,0,0,0,0,3,-1,1,Encalç,-1,1,2,4,-1,2,1,18.15,1,2,1,22,12
6383,2015,0,2015-05-12,BV-5001,MONTCADA I REIXAC,Valles Occidental,3,0,1,0,2,0,0,0,1,1,0,0,0,90.0,0.0,0,-1,No n'hi ha,-1.0,3,3,1,-1,0,0,0,-1,0,0,0,0,0,0,4,-1,1,Envestida (frontal lateral),-1,1,2,4,1,2,1,8.15,0,2,1,12,5
6384,2015,1,2015-01-24,SE,CERDANYOLA DEL VALLES,Valles Occidental,3,0,1,0,2,0,0,0,1,1,0,0,0,100.0,0.0,0,2,No n'hi ha,-1.0,3,3,1,0,0,0,0,0,0,0,0,0,0,1,5,5,0,Fregament o col·lisió lateral,0,2,2,5,-1,2,0,18.2,1,2,5,24,1
6385,2015,1,2015-03-15,SE,HOSTALETS DE PIEROLA,Anoia,3,0,2,0,2,0,0,0,1,1,0,0,0,100.0,0.0,0,2,No n'hi ha,-1.0,3,3,1,0,0,0,0,0,0,0,0,0,0,1,4,5,1,Envestida (frontal lateral),2,2,2,5,-1,2,0,12.53,0,2,6,15,3
6386,2015,1,2015-04-24,SE,LLEIDA,Segria,2,0,1,0,2,1,0,0,0,1,0,0,0,20.0,0.0,0,-1,No n'hi ha,-1.0,3,3,1,-1,0,0,0,-1,0,0,0,0,-1,0,4,-1,0,Atropellament,-1,2,2,5,-1,2,1,13.0,0,3,4,24,4
6387,2015,1,2015-05-17,SE,REUS,Baix Camp,0,0,1,2,2,0,0,1,0,1,0,0,0,100.0,0.0,0,-1,No n'hi ha,-1.0,3,3,1,0,0,0,0,0,0,0,0,0,0,0,4,-1,-1,Envestida (frontal lateral),-1,2,2,5,-1,2,0,20.4,1,2,6,17,5
6388,2015,0,2015-05-27,N-340,MOLINS DE REI,Baix Llobregat,3,0,1,0,2,0,0,0,1,1,0,0,0,90.0,0.0,0,-1,Sense Especificar,-1.0,3,3,1,0,0,0,0,0,0,0,0,0,0,1,4,4,-1,Envestida (frontal lateral),3,1,2,4,4,2,1,7.33,0,2,2,27,5
6389,2015,0,2015-06-13,TV-2126,CALAFELL,Baix Penedes,0,0,1,0,2,0,0,1,0,1,0,0,0,100.0,0.0,0,3,No n'hi ha,-1.0,3,3,1,0,0,0,0,0,0,0,0,0,0,1,4,5,1,Envestida (frontal lateral),1,1,2,4,3,2,0,17.19,1,2,5,13,6
6390,2015,1,2015-04-23,SE,FIGUERES,Alt Emporda,1,0,1,0,2,0,0,1,0,1,0,0,0,100.0,0.0,0,2,No n'hi ha,-1.0,3,3,1,0,0,0,0,0,0,0,0,0,0,1,4,4,1,Envestida (frontal lateral),2,2,2,5,-1,2,1,11.1,0,2,3,23,4
6391,2015,1,2015-02-26,C-246,CASTELLDEFELS,Baix Llobregat,3,0,1,0,2,0,0,0,1,1,0,0,0,100.0,0.0,0,2,No n'hi ha,-1.0,3,3,1,0,0,0,0,0,0,0,0,0,0,1,2,4,1,Envestida (frontal lateral),1,0,2,4,-1,2,1,11.2,0,2,3,26,2
6392,2015,1,2015-10-25,SE,VALLIRANA,Baix Llobregat,3,0,1,0,1,0,0,0,0,1,0,0,0,40.0,0.0,0,2,No n'hi ha,-1.0,3,3,1,0,0,0,0,0,0,0,0,0,0,0,5,-1,1,Altres,-1,2,2,5,-1,2,0,6.0,0,5,6,25,10
6393,2015,1,2015-07-03,SE,VILAFRANCA DEL PENEDES,Alt Penedes,3,0,1,0,2,0,0,0,1,1,0,0,0,20.0,0.0,0,2,No n'hi ha,-1.0,3,3,1,-1,0,0,0,-1,0,0,0,0,0,1,4,2,0,Envestida (frontal lateral),1,2,2,5,-1,2,1,9.16,0,2,4,3,7
6394,2015,0,2015-11-10,SE,VILANANT,Alt Emporda,1,0,1,0,1,0,0,0,0,1,0,0,0,100.0,0.0,0,2,No n'hi ha,-1.0,3,3,1,0,0,0,0,0,0,0,0,0,0,0,3,-1,1,Resta sortides de via,-1,1,2,0,0,2,1,21.41,1,1,1,10,11
6395,2015,0,2015-08-27,BV-5101,DOSRIUS,Maresme,3,0,1,0,2,0,0,1,0,1,0,0,0,90.0,0.0,0,-1,Sense Especificar,-1.0,3,3,1,0,0,0,0,0,0,0,0,0,0,2,4,4,-1,Altres,0,1,2,4,4,2,1,8.54,0,5,3,27,8
6396,2015,0,2015-06-15,AP-7,SANT CELONI,Valles Oriental,3,0,1,1,2,0,0,0,0,1,1,0,0,100.0,0.0,0,2,No n'hi ha,-1.0,3,3,1,0,0,0,0,0,0,0,0,0,0,0,2,-1,0,Xoc contra objecte/obstacle sense sortida prèvia de via,-1,1,2,2,1,2,1,19.27,1,4,0,15,6
6397,2015,1,2015-06-25,SE,AITONA,Segria,2,0,1,0,3,1,0,0,0,2,0,0,0,100.0,0.0,0,2,No n'hi ha,-1.0,3,3,1,0,0,0,0,0,0,0,0,0,0,0,5,-1,1,Atropellament,-1,2,3,5,-1,2,1,22.01,2,3,3,25,6
6398,2015,1,2015-08-29,SE,CASTELLDEFELS,Baix Llobregat,3,0,1,0,2,0,0,0,1,1,0,0,0,100.0,0.0,0,-1,No n'hi ha,-1.0,3,3,1,0,0,0,0,0,0,0,0,0,0,0,4,-1,-1,Altres,-1,2,2,5,-1,2,0,13.56,0,5,5,29,8
6399,2015,0,2015-07-01,GI-634,JAFRE,Baix Emporda,1,0,1,0,2,0,0,0,0,1,1,0,0,50.0,0.0,0,2,No n'hi ha,-1.0,3,3,1,0,0,0,0,0,0,0,0,0,0,2,4,4,1,Fregament o col·lisió lateral,0,1,2,4,3,2,1,14.12,1,2,2,1,7
6400,2015,1,2015-06-27,SE,BARCELONA,Barcelones,3,0,1,0,2,1,0,0,0,1,0,0,0,100.0,0.0,0,-1,No n'hi ha,-1.0,3,3,1,0,0,0,0,0,0,0,0,0,1,1,1,3,0,Atropellament,2,2,2,5,-1,2,0,21.55,1,3,5,27,6
6401,2015,1,2015-07-30,SE,GRANOLLERS,Valles Oriental,3,0,1,1,2,1,0,0,1,0,0,0,0,100.0,0.0,0,2,No n'hi ha,-1.0,3,3,1,0,0,0,0,0,0,0,0,0,0,0,5,-1,1,Atropellament,-1,2,2,5,-1,2,1,21.3,1,3,3,30,7
6402,2015,1,2015-03-01,SE,PALAMOS,Baix Emporda,1,0,1,1,3,2,0,0,0,1,0,0,0,30.0,0.0,0,2,No n'hi ha,-1.0,3,3,1,-1,0,0,0,-1,0,0,0,0,-1,0,4,-1,1,Atropellament,-1,0,2,5,-1,2,0,13.3,0,3,6,1,3
6403,2015,1,2015-04-07,SE,REUS,Baix Camp,0,0,1,0,2,1,0,0,0,1,0,0,0,100.0,0.0,0,-1,No n'hi ha,-1.0,3,3,1,0,0,0,0,0,0,0,0,0,0,0,4,-1,-1,Atropellament,-1,2,2,5,-1,2,1,9.51,0,3,1,7,4
6404,2015,0,2015-03-21,C-55,CASTELLGALI,Bages,3,0,1,2,3,0,0,0,0,3,0,0,0,90.0,0.0,0,1,No n'hi ha,-1.0,1,3,1,0,0,0,1,0,0,0,0,0,0,0,2,-1,1,Col·lisió frontal,-1,1,2,4,2,2,0,14.2,1,2,5,21,3
6405,2015,0,2015-04-09,LV-3025,CUBELLS,Noguera,2,1,0,0,2,0,0,0,0,1,1,0,0,100.0,0.0,0,2,No n'hi ha,-1.0,3,3,0,0,0,0,0,0,0,0,0,0,0,0,4,-1,1,Encalç,-1,1,2,4,2,2,1,12.23,0,2,3,9,4
6406,2015,0,2015-01-14,AP-7,MARTORELL,Baix Llobregat,3,0,1,0,1,1,0,0,0,0,0,0,0,100.0,1.0,0,2,No n'hi ha,-1.0,3,3,1,0,0,0,0,0,1,0,0,0,0,0,4,-1,0,Atropellament,-1,1,2,2,1,2,1,11.33,0,3,2,14,1
6407,2015,1,2015-01-31,SE,LLEIDA,Segria,2,0,1,0,2,1,0,0,0,1,0,0,0,100.0,0.0,0,2,Carril central,-1.0,3,3,1,0,0,0,0,0,0,0,0,0,0,0,5,-1,1,Atropellament,-1,2,2,5,-1,2,0,19.55,1,3,5,31,1
6408,2015,1,2015-08-13,SE,BARCELONA,Barcelones,3,0,1,1,2,1,0,0,0,1,0,0,0,100.0,0.0,0,-1,Carril bus,-1.0,3,3,1,0,0,0,0,0,0,0,0,0,0,1,4,3,1,Atropellament,2,2,2,5,-1,2,1,17.5,1,3,3,13,8
6409,2015,0,2015-06-21,N-240,LLEIDA,Segria,2,1,0,0,3,1,0,0,0,2,0,0,0,80.0,0.0,0,2,No n'hi ha,-1.0,3,3,0,0,0,0,0,0,0,0,0,0,0,0,3,-1,1,Atropellament,-1,1,2,4,1,2,0,23.55,2,3,6,21,6
6410,2015,1,2015-11-18,SE,"MASNOU, EL",Maresme,3,0,1,0,2,0,0,0,1,1,0,0,0,20.0,0.0,0,-1,No n'hi ha,-1.0,3,3,1,-1,0,0,0,-1,0,0,0,0,-1,1,4,4,1,Envestida (frontal lateral),2,2,2,5,-1,2,1,11.4,0,2,2,18,11
6411,2015,0,2015-09-23,AP-7,CERDANYOLA DEL VALLES,Valles Occidental,3,0,1,0,3,0,0,0,0,0,3,0,0,100.0,0.0,0,2,No n'hi ha,-1.0,3,3,1,0,0,0,0,0,0,0,0,0,0,0,4,-1,0,Encalç,-1,1,2,2,1,2,1,17.58,1,2,2,23,9
6412,2015,1,2015-05-12,SE,MANLLEU,Osona,3,0,1,0,2,1,0,0,0,1,0,0,0,20.0,0.0,0,2,No n'hi ha,-1.0,3,3,1,-1,0,0,0,-1,0,0,0,0,-1,0,4,-1,1,Atropellament,-1,2,2,5,-1,2,1,11.07,0,3,1,12,5
6413,2015,1,2015-07-29,SE,SANT CARLES DE LA RAPITA,Montsia,0,0,1,0,2,1,0,0,0,1,0,0,0,100.0,0.0,0,2,No n'hi ha,-1.0,3,3,1,0,0,0,0,0,0,0,0,0,0,0,1,-1,1,Atropellament,-1,2,1,5,-1,2,1,6.5,0,3,2,29,7
6414,2015,1,2015-07-15,SE,SABADELL,Valles Occidental,3,0,1,0,2,1,0,0,0,1,0,0,0,100.0,0.0,0,-1,No n'hi ha,-1.0,3,3,1,0,0,0,0,0,0,0,0,0,0,0,4,-1,-1,Atropellament,-1,2,2,5,-1,2,1,11.0,0,3,2,15,7
6415,2015,1,2015-07-27,SE,MATARO,Maresme,3,0,1,0,2,0,0,1,0,1,0,0,0,20.0,0.0,0,2,No n'hi ha,-1.0,3,3,1,-1,0,0,0,-1,0,0,0,0,0,1,4,4,0,Envestida (frontal lateral),2,2,2,5,-1,2,1,19.19,1,2,0,27,7
6416,2015,0,2015-07-15,N-260,PRULLANS,Cerdanya,2,1,0,0,1,0,0,0,1,0,0,0,0,60.0,0.0,0,1,No n'hi ha,-1.0,3,3,0,0,0,0,0,0,0,0,0,0,0,0,4,-1,1,Resta sortides de via,-1,1,2,4,1,2,1,11.08,0,1,2,15,7
6417,2015,0,2015-09-12,C-58,BARCELONA,Barcelones,3,0,1,0,1,0,0,0,1,0,0,0,0,80.0,0.0,0,1,No n'hi ha,-1.0,3,3,1,0,0,0,0,0,0,0,0,0,0,0,4,-1,0,Resta sortides de via,-1,1,2,1,2,2,0,13.24,0,1,5,12,9
6418,2015,0,2015-12-31,C-65,CASSA DE LA SELVA,Girones,1,1,0,0,1,0,0,0,1,0,0,0,0,100.0,0.0,0,2,No n'hi ha,-1.0,3,3,0,0,0,0,0,0,0,0,0,0,0,0,4,-1,1,Resta sortides de via,-1,1,2,4,2,2,1,17.0,1,1,3,31,12
6419,2015,0,2015-12-11,T-310,MONTBRIO DEL CAMP,Baix Camp,0,0,1,1,2,0,0,0,0,2,0,0,0,100.0,0.0,0,3,No n'hi ha,-1.0,3,3,1,0,0,0,0,0,0,0,0,0,0,1,4,5,1,Col·lisió frontal,1,1,2,4,2,2,1,9.33,0,2,4,11,12
6420,2015,1,2015-06-08,SE,LLEIDA,Segria,2,0,1,0,2,1,0,0,0,1,0,0,0,20.0,0.0,0,2,No n'hi ha,-1.0,3,3,1,-1,0,0,0,-1,0,0,0,0,-1,1,4,4,0,Atropellament,2,2,2,5,-1,2,1,20.05,1,3,0,8,6
6421,2015,0,2015-02-13,C-33,"LLAGOSTA, LA",Valles Oriental,3,0,1,1,2,0,0,0,1,1,0,0,0,50.0,0.0,0,2,No n'hi ha,-1.0,3,3,1,0,0,0,0,0,0,0,0,0,0,0,5,-1,0,Envestida (frontal lateral),-1,1,2,2,2,2,0,19.32,1,2,4,13,2
6422,2015,1,2015-01-20,SE,SABADELL,Valles Occidental,3,0,1,1,2,0,0,0,1,1,0,0,0,30.0,0.0,0,2,No n'hi ha,-1.0,3,3,1,0,0,0,0,0,0,0,0,0,0,1,4,4,0,Envestida (frontal lateral),2,2,2,5,-1,2,1,17.11,1,2,1,20,1
6423,2015,0,2015-04-12,C-37,VALLS,Alt Camp,0,0,2,1,2,0,0,0,0,2,0,0,0,40.0,0.0,0,2,No n'hi ha,-1.0,3,3,1,0,0,0,0,0,0,0,0,0,0,0,5,-1,1,Col·lisió frontal,-1,1,2,4,2,2,0,21.4,1,2,6,12,4
6424,2015,1,2015-01-12,SE,LLADO,Alt Emporda,1,0,1,0,2,1,0,0,0,1,0,0,0,100.0,0.0,0,2,No n'hi ha,-1.0,3,3,1,0,0,0,0,0,0,0,0,0,0,0,4,-1,1,Atropellament,-1,2,2,5,-1,2,1,10.17,0,3,0,12,1
6425,2015,0,2015-01-26,C-32,SANT BOI DE LLOBREGAT,Baix Llobregat,3,0,1,1,6,0,0,0,3,3,0,0,0,80.0,0.0,0,1,No n'hi ha,-1.0,3,3,1,0,0,0,0,0,0,0,0,0,0,0,0,-1,1,Altres,-1,1,2,2,1,2,1,7.21,0,5,0,26,1
6426,2015,1,2015-02-15,SE,BARCELONA,Barcelones,3,0,1,0,2,0,1,0,1,0,0,0,0,100.0,0.0,0,-1,No n'hi ha,-1.0,3,3,1,0,0,0,0,0,0,0,0,0,0,1,4,3,0,Envestida (frontal lateral),2,2,2,5,-1,2,0,11.5,0,2,6,15,2
6427,2015,0,2015-05-26,A-7,TARRAGONA,Tarragones,0,1,0,0,5,1,0,0,0,4,0,0,0,100.0,0.0,0,0,No n'hi ha,-1.0,3,3,0,0,0,0,0,0,0,0,0,0,0,0,3,-1,0,Atropellament,-1,1,2,1,1,2,1,22.23,2,3,1,26,5
6428,2015,1,2015-07-31,SE,LLEIDA,Segria,2,0,1,0,2,1,1,0,0,0,0,0,0,100.0,0.0,0,-1,No n'hi ha,-1.0,3,3,1,0,0,0,0,0,0,0,0,0,0,0,4,-1,-1,Atropellament,-1,2,2,5,-1,2,0,21.2,1,3,4,31,7
6429,2015,0,2015-10-16,N-II,PONTOS,Alt Emporda,1,1,2,0,2,0,0,0,0,0,2,0,0,80.0,0.0,0,2,No n'hi ha,-1.0,3,3,0,0,0,0,0,0,0,0,0,0,0,0,3,-1,1,Col·lisió frontal,-1,1,2,4,1,2,1,6.07,0,2,4,16,10
6430,2015,1,2015-12-27,SE,BARCELONA,Barcelones,3,0,1,0,2,1,0,0,0,1,0,0,0,100.0,0.0,0,-1,No n'hi ha,-1.0,3,3,1,0,0,0,0,0,0,0,0,0,1,1,5,3,0,Atropellament,2,2,2,5,-1,2,0,17.45,1,3,6,27,12
6431,2015,1,2015-09-20,SE,MACANET DE LA SELVA,Selva,1,0,1,0,1,0,0,0,0,0,0,1,0,100.0,0.0,0,2,No n'hi ha,-1.0,3,3,1,0,0,0,0,0,0,0,0,0,0,0,4,-1,1,Resta sortides de via,-1,2,2,5,-1,2,0,15.25,1,1,6,20,9
6432,2015,1,2015-09-28,SE,VIC,Osona,3,0,2,0,3,2,0,0,0,1,0,0,0,100.0,0.0,0,2,No n'hi ha,-1.0,3,3,1,0,0,0,0,0,0,0,0,0,0,1,4,2,1,Atropellament,2,2,2,5,-1,2,1,14.4,1,3,0,28,9
6433,2015,0,2015-07-19,C-37,MANRESA,Bages,3,0,5,0,3,0,0,0,0,3,0,0,0,100.0,0.0,0,1,No n'hi ha,-1.0,3,3,1,0,0,0,0,0,0,0,0,0,0,0,4,-1,1,Col·lisió frontal,-1,1,2,4,2,2,0,7.35,0,2,6,19,7
6434,2015,0,2015-07-21,AP-7,SANT JULIA DE RAMIS,Girones,1,0,1,5,3,0,0,0,0,1,2,0,0,100.0,0.0,0,0,No n'hi ha,-1.0,3,3,1,0,0,0,0,0,0,0,0,0,0,0,4,-1,1,Encalç,-1,1,2,2,1,2,1,14.18,1,2,1,21,7
6435,2015,1,2015-10-01,SE,GIRONA,Girones,1,0,1,0,3,0,0,0,1,2,0,0,0,100.0,0.0,0,2,No n'hi ha,-1.0,1,3,1,0,0,0,1,0,0,0,0,0,0,0,5,-1,1,Caiguda en la via,-1,2,0,5,-1,2,1,20.37,1,0,3,1,10
6436,2015,0,2015-11-28,TV-3141,REUS,Baix Camp,0,1,0,0,1,0,0,0,0,1,0,0,0,80.0,0.0,0,3,No n'hi ha,-1.0,3,3,0,0,0,0,0,0,0,0,0,0,0,0,4,-1,1,Resta sortides de via,-1,1,2,4,2,2,0,9.56,0,1,5,28,11
6437,2015,0,2015-07-12,N-II,"JONQUERA, LA",Alt Emporda,1,0,2,0,1,0,0,0,0,1,0,0,0,100.0,0.0,0,1,No n'hi ha,-1.0,3,3,1,0,0,0,0,0,0,0,0,0,0,0,1,-1,1,Resta sortides de via,-1,1,2,4,1,2,0,6.18,0,1,6,12,7
6438,2015,1,2015-06-19,SE,SANT BOI DE LLOBREGAT,Baix Llobregat,3,0,1,0,2,1,0,0,0,1,0,0,0,20.0,0.0,0,-1,No n'hi ha,-1.0,3,3,1,-1,-1,0,0,-1,0,0,0,0,0,1,5,2,1,Atropellament,1,2,2,5,-1,2,0,23.09,2,3,4,19,6
6439,2015,1,2015-07-12,BV-1123,"BRUC, EL",Anoia,3,0,1,0,1,0,0,0,1,0,0,0,0,100.0,0.0,0,1,No n'hi ha,-1.0,3,3,1,0,0,0,0,0,0,0,0,0,0,0,4,-1,1,Resta sortides de via,-1,0,2,4,3,2,0,11.46,0,1,6,12,7
6440,2015,0,2015-11-07,BV-1468,BARCELONA,Barcelones,3,0,1,0,1,0,0,0,1,0,0,0,0,100.0,0.0,0,1,No n'hi ha,-1.0,3,3,1,0,0,0,0,0,0,0,0,0,1,0,3,-1,1,Xoc contra objecte/obstacle sense sortida prèvia de via,-1,1,2,4,2,2,0,20.52,1,4,5,7,11