,Year,Area,Date,Road,Municipality Name,County Name,Province Name,Fatalties,Serious Injuries,Light Injuries,Units Involved,Pedestrains Involved,Bicycles Involved,Mopeds Involved,Motorcycles,Light Vehicles Involved,Heavy Vehicles Involved,Other Units Involved,Unspecified Units Involved,Road Speed Limit,Accident with Hit and Run,Fog Presence,Surrounding Environment,Special Lane Presence,Special Traffic Measures,Weather Conditions,Special Road Functions,Severity of Accident,Influence of Fog,Influence of Environment,Influence of Traffic,Influence of Weather,Influence of Wind Intensity,Influence of Lighting,Influence of Special Measures,Influence of Road Objects,Influence of Road Surface,Influence of Visibility,Intersection Characteristics,Lighting Conditions,Traffic Regulation and Priority,Direction of Road,Subtype of Accident,Subtype of Road Section,Subzone within Area,Road Surface Conditions,Type of Road,Road Ownership,Wind Conditions,Day of the Week Grouping,Hour of Day,Time of Day Grouping,Type of Accident,Day Type,Day,Month
6441,2016,1,2016-04-23,SE,TERRASSA,Valles Occidental,3,0,1,1,1,0,0,1,0,0,0,0,0,100.0,0.0,0,-1,No n'hi ha,-1.0,3,3,1,0,0,0,0,0,0,0,0,0,0,0,4,-1,-1,Caiguda en la via,-1,2,2,5,-1,2,0,19.45,1,0,5,23,4
6442,2016,0,2016-02-19,C-17,CANOVELLES,Valles Oriental,3,0,1,0,3,0,0,0,1,2,0,0,0,80.0,0.0,0,2,No n'hi ha,-1.0,3,3,1,0,0,0,0,0,0,0,0,0,0,1,4,2,0,Encalç,3,1,2,4,2,2,1,14.47,1,2,4,19,2
6443,2016,0,2016-03-29,N-II,MATARO,Maresme,3,1,0,0,4,0,1,0,0,1,1,1,0,80.0,0.0,0,2,No n'hi ha,-1.0,3,3,0,0,0,0,0,0,0,0,0,0,0,0,3,-1,1,Encalç,-1,1,2,4,1,2,1,7.05,0,2,1,29,3
6444,2016,1,2016-08-31,SE,BARCELONA,Barcelones,3,0,1,0,2,0,0,1,1,0,0,0,0,100.0,0.0,0,-1,No n'hi ha,-1.0,3,3,1,0,0,0,0,0,0,0,0,0,0,1,4,2,0,Fregament o col·lisió lateral,2,2,2,5,-1,2,1,8.4,0,2,2,31,8
6445,2016,0,2016-06-26,A-2,LLEIDA,Segria,2,0,1,3,2,0,0,0,0,2,0,0,0,80.0,0.0,0,1,No n'hi ha,-1.0,3,3,1,0,0,0,0,0,0,0,0,0,0,0,3,-1,0,Fregament o col·lisió lateral,-1,1,2,4,1,2,0,1.43,2,2,6,26,6
6446,2016,1,2016-06-24,SE,ALMACELLES,Segria,2,0,1,0,2,0,0,0,1,1,0,0,0,100.0,0.0,0,2,No n'hi ha,-1.0,3,3,1,0,0,0,0,0,0,0,0,0,0,2,4,4,1,Xoc contra objecte/obstacle sense sortida prèvia de via,2,2,3,5,-1,2,0,15.0,1,4,4,24,6
6447,2016,0,2016-06-17,B-20,BARCELONA,Barcelones,3,0,1,0,3,0,0,0,1,2,0,0,0,80.0,0.0,0,-1,No n'hi ha,-1.0,1,3,1,0,0,1,0,0,0,0,0,0,0,0,4,-1,0,Col·lisió frontal,-1,1,0,1,-1,2,1,14.51,1,2,4,17,6
6448,2016,0,2016-03-19,C-14,VILANOVA DE L'AGUDA,Noguera,2,1,0,2,2,0,0,0,0,2,0,0,0,70.0,0.0,0,2,No n'hi ha,-1.0,2,3,0,0,0,0,1,0,0,0,0,0,0,1,3,4,1,Envestida (frontal lateral),0,1,2,4,2,1,0,22.23,2,2,5,19,3
6449,2016,0,2016-09-03,BP-4654,SANT AGUSTI DE LLUCA,Osona,3,0,1,0,1,0,0,0,1,0,0,0,0,90.0,0.0,0,-1,Sense Especificar,-1.0,3,3,1,0,0,0,0,0,0,0,0,0,0,0,4,-1,-1,Altres,-1,1,2,4,4,2,0,17.22,1,5,5,3,9
6450,2016,0,2016-03-13,GIV-6226,GARRIGAS,Alt Emporda,1,0,1,0,1,0,0,0,1,0,0,0,0,100.0,0.0,0,0,No n'hi ha,-1.0,3,3,1,0,0,0,0,0,0,0,0,0,0,0,4,-1,1,Resta sortides de via,-1,1,2,4,0,1,0,12.06,0,1,6,13,3
6451,2016,0,2016-04-18,C-59,CALDES DE MONTBUI,Valles Oriental,3,0,1,0,2,0,1,0,0,0,1,0,0,40.0,1.0,0,3,Carril reversible,0.0,3,3,1,0,0,0,0,0,0,1,0,0,0,2,4,5,1,Altres,1,1,2,4,2,2,1,10.33,0,5,0,18,4
6452,2016,0,2016-08-26,C-31,SITGES,Garraf,3,0,2,1,3,0,0,0,1,1,1,0,0,100.0,0.0,0,1,No n'hi ha,-1.0,3,3,1,0,0,0,0,0,0,0,0,0,0,0,4,-1,1,Col·lisió frontal,-1,1,2,4,2,2,1,7.54,0,2,4,26,8
6453,2016,0,2016-07-07,BP-1432,BIGUES I RIELLS,Valles Oriental,3,0,1,0,2,0,1,0,0,1,0,0,0,40.0,0.0,0,1,No n'hi ha,-1.0,3,3,1,0,0,0,0,0,0,0,0,0,0,0,4,-1,1,Col·lisió frontal,-1,1,2,4,3,2,1,18.09,1,2,3,7,7
6454,2016,1,2016-08-12,SE,ARTESA DE LLEIDA,Segria,2,1,0,0,2,1,0,0,0,1,0,0,0,100.0,0.0,0,2,No n'hi ha,-1.0,3,3,0,0,0,0,0,0,1,0,0,0,1,0,4,-1,0,Atropellament,-1,2,2,5,2,2,0,20.14,1,3,4,12,8
6455,2016,0,2016-01-24,BV-2002,SANT VICENC DELS HORTS,Baix Llobregat,3,0,1,1,2,0,0,0,1,1,0,0,0,40.0,0.0,0,2,No n'hi ha,-1.0,3,3,1,0,0,0,0,0,0,0,0,0,0,1,4,4,1,Envestida (frontal lateral),0,1,2,4,2,2,0,10.02,0,2,6,24,1
6456,2016,1,2016-04-25,SE,BARCELONA,Barcelones,3,1,0,1,3,0,0,0,1,1,1,0,0,100.0,0.0,0,-1,No n'hi ha,-1.0,3,3,0,0,0,0,0,0,0,0,0,0,0,1,5,3,0,Envestida (frontal lateral),1,2,2,5,-1,2,1,6.45,0,2,0,25,4
6457,2016,1,2016-10-19,SE,"VENDRELL, EL",Baix Penedes,0,0,1,0,2,1,0,0,0,1,0,0,0,40.0,0.0,0,2,No n'hi ha,-1.0,3,3,1,-1,0,0,0,-1,0,0,0,0,1,0,4,-1,0,Atropellament,-1,2,2,5,-1,2,1,9.0,0,3,2,19,10
6458,2016,1,2016-06-04,SE,GIRONA,Girones,1,0,1,3,2,0,0,0,0,2,0,0,0,100.0,0.0,0,2,No n'hi ha,-1.0,3,3,1,0,0,0,0,0,0,0,0,0,0,1,4,3,1,Envestida (frontal lateral),2,2,2,5,-1,2,0,14.56,1,2,5,4,6
6459,2016,0,2016-08-21,N-340,VILA-SECA,Tarragones,0,0,1,5,2,0,0,0,1,1,0,0,0,100.0,0.0,0,2,No n'hi ha,-1.0,3,3,1,0,0,0,0,0,0,0,0,0,0,0,3,-1,1,Col·lisió frontal,-1,1,2,4,1,2,0,22.38,2,2,6,21,8
6460,2016,1,2016-06-11,SE,CAMBRILS,Baix Camp,0,0,1,0,2,0,0,1,0,1,0,0,0,100.0,0.0,0,-1,No n'hi ha,-1.0,3,3,1,0,0,0,0,0,0,0,0,0,0,0,4,-1,-1,Encalç,-1,2,2,5,-1,2,0,9.55,0,2,5,11,6
6461,2016,1,2016-03-30,SE,GIRONA,Girones,1,0,1,0,2,0,0,0,1,1,0,0,0,30.0,0.0,0,3,No n'hi ha,-1.0,3,3,1,0,0,0,0,0,0,0,0,0,0,1,4,4,1,Fregament o col·lisió lateral,2,2,2,5,-1,2,1,19.4,1,2,2,30,3
6462,2016,1,2016-09-22,SE,CERDANYOLA DEL VALLES,Valles Occidental,3,0,1,0,2,1,0,0,0,1,0,0,0,100.0,0.0,0,2,No n'hi ha,-1.0,3,3,1,0,0,0,0,0,0,0,0,0,0,2,4,-1,1,Atropellament,0,2,2,5,-1,2,1,8.45,0,3,3,22,9
6463,2016,0,2016-01-04,AP-7,BANYERES DEL PENEDES,Baix Penedes,0,0,1,0,2,0,0,0,0,0,2,0,0,100.0,0.0,0,2,No n'hi ha,-1.0,1,3,1,0,0,0,0,0,0,0,0,0,0,0,2,-1,0,Encalç,-1,1,2,4,1,2,1,16.58,1,2,0,4,1
6464,2016,0,2016-12-03,T-240,"BISBAL DEL PENEDES, LA",Baix Penedes,0,0,1,0,2,0,0,1,0,1,0,0,0,90.0,0.0,0,-1,Sense Especificar,-1.0,3,3,1,0,0,0,0,0,0,0,0,0,0,0,4,-1,-1,Fregament o col·lisió lateral,-1,1,2,4,4,2,0,11.59,0,2,5,3,12
6465,2016,0,2016-06-19,GI-641,TORROELLA DE MONTGRI,Baix Emporda,1,0,1,0,2,0,0,0,1,1,0,0,0,70.0,0.0,0,2,No n'hi ha,-1.0,3,3,1,0,0,0,0,0,0,0,0,0,0,1,4,5,1,Envestida (frontal lateral),1,1,2,4,2,1,0,16.35,1,2,6,19,6
6466,2016,0,2016-07-14,C-32,SANT PERE DE RIBES,Garraf,3,0,1,0,1,0,0,0,1,0,0,0,0,80.0,0.0,0,2,No n'hi ha,-1.0,3,3,1,0,0,0,0,0,0,0,0,0,0,0,4,-1,0,Caiguda en la via,-1,1,2,4,2,2,1,10.01,0,0,3,14,7
6467,2016,0,2016-03-05,B-231,HOSTALETS DE PIEROLA,Anoia,3,0,1,1,1,0,0,0,0,0,1,0,0,40.0,0.0,0,2,No n'hi ha,-1.0,3,3,1,0,0,0,0,0,0,0,0,0,0,1,4,4,0,Caiguda en la via,0,1,2,4,3,1,0,11.1,0,0,5,5,3
6468,2016,0,2016-11-26,CR,MONTFERRER I CASTELLBO,Alt Urgell,2,0,1,0,1,0,0,0,1,0,0,0,0,100.0,0.0,0,1,No n'hi ha,-1.0,3,3,1,0,0,0,0,0,0,0,0,0,0,0,4,-1,1,Caiguda en la via,-1,1,0,3,0,2,0,15.13,1,0,5,26,11
6469,2016,0,2016-02-07,AP-7,MONT-ROIG DEL CAMP,Baix Camp,0,1,2,0,1,0,0,0,0,1,0,0,0,100.0,0.0,0,2,No n'hi ha,-1.0,3,3,0,0,0,0,0,1,0,0,0,0,0,0,4,-1,0,Resta sortides de via,-1,1,2,4,1,1,0,13.3,0,1,6,7,2
6470,2016,0,2016-02-21,C-32,MATARO,Maresme,3,0,1,0,2,1,0,0,0,1,0,0,0,100.0,0.0,0,3,No n'hi ha,-1.0,3,3,1,0,0,0,0,0,0,0,0,0,0,0,3,-1,1,Atropellament,-1,1,2,4,2,2,0,5.23,2,3,6,21,2
6471,2016,0,2016-02-16,N-II,MATARO,Maresme,3,0,1,0,2,0,0,1,0,1,0,0,0,100.0,0.0,0,2,No n'hi ha,1.0,3,3,1,0,1,0,0,0,0,0,0,0,0,0,4,-1,1,Encalç,-1,1,2,4,1,2,1,14.1,1,2,1,16,2
6472,2016,1,2016-07-25,SE,SANT CUGAT DEL VALLES,Valles Occidental,3,0,1,0,2,0,0,0,1,1,0,0,0,30.0,0.0,0,-1,No n'hi ha,-1.0,3,3,1,0,0,0,0,0,0,0,0,0,0,1,4,5,-1,Envestida (frontal lateral),1,2,2,5,-1,2,1,13.01,0,2,0,25,7
6473,2016,1,2016-07-04,SE,TORELLO,Osona,3,0,1,1,2,0,0,0,1,1,0,0,0,20.0,0.0,0,2,No n'hi ha,-1.0,3,3,1,-1,0,0,0,-1,0,0,0,0,-1,1,4,4,1,Fregament o col·lisió lateral,2,2,2,5,-1,2,1,14.3,1,2,0,4,7
6474,2016,0,2016-11-14,C-51,VILA-RODONA,Alt Camp,0,1,0,0,2,0,0,0,1,0,1,0,0,70.0,0.0,0,1,No n'hi ha,-1.0,3,3,0,0,1,0,0,0,0,0,0,0,0,0,4,-1,1,Col·lisió frontal,-1,1,2,4,2,2,1,13.04,0,2,0,14,11
6475,2016,1,2016-01-21,SE,BARCELONA,Barcelones,3,0,1,0,2,0,0,1,0,1,0,0,0,100.0,0.0,0,-1,No n'hi ha,-1.0,3,3,1,0,0,0,0,0,0,0,0,0,0,1,4,3,0,Fregament o col·lisió lateral,2,2,2,5,-1,2,1,11.3,0,2,3,21,1
6476,2016,1,2016-11-05,N-II,PREMIA DE MAR,Maresme,3,1,0,0,1,0,0,0,0,1,0,0,0,100.0,0.0,0,-1,No n'hi ha,-1.0,3,3,0,0,0,0,0,0,0,0,0,0,0,0,4,-1,-1,Altres,-1,0,2,4,-1,2,0,3.45,2,5,5,5,11
6477,2016,1,2016-02-14,SE,BARCELONA,Barcelones,3,0,1,0,2,0,0,0,1,1,0,0,0,100.0,0.0,0,-1,No n'hi ha,-1.0,3,3,1,0,0,0,0,0,0,0,0,0,1,1,5,4,1,Envestida (frontal lateral),1,2,2,5,-1,2,0,20.45,1,2,6,14,2
6478,2016,0,2016-11-20,BP-4654,BERGA,Bergueda,3,0,1,0,2,0,0,0,1,1,0,0,0,100.0,0.0,0,1,No n'hi ha,-1.0,3,3,1,0,0,0,0,0,0,0,0,0,0,1,4,5,1,Encalç,1,1,2,4,2,2,0,13.18,0,2,6,20,11
6479,2016,1,2016-01-06,SE,GIRONA,Girones,1,0,1,0,2,0,0,0,1,1,0,0,0,100.0,0.0,0,2,No n'hi ha,-1.0,3,3,1,0,0,0,0,0,0,0,0,0,0,0,5,-1,1,Fregament o col·lisió lateral,-1,2,2,5,-1,2,1,19.42,1,2,2,6,1
6480,2016,0,2016-11-10,C-37,MANLLEU,Osona,3,1,0,1,3,0,0,0,0,2,1,0,0,100.0,0.0,0,2,No n'hi ha,-1.0,3,3,0,0,0,0,0,0,0,0,0,0,0,0,4,-1,1,Col·lisió frontal,-1,1,2,4,2,2,1,10.04,0,2,3,10,11
6481,2016,0,2016-01-22,BP-5002,VILANOVA DEL VALLES,Valles Oriental,3,0,2,0,2,0,0,0,0,2,0,0,0,50.0,0.0,0,2,Carril d'alentiment,-1.0,3,3,1,0,0,0,0,0,0,0,0,0,0,0,4,-1,1,Col·lisió frontal,-1,1,2,4,3,2,1,14.29,1,2,4,22,1
6482,2016,1,2016-09-12,SE,ROQUETES,Baix Ebre,0,0,1,0,2,1,0,0,0,1,0,0,0,20.0,0.0,0,2,No n'hi ha,-1.0,3,3,1,-1,0,0,0,-1,0,0,1,0,-1,0,4,-1,0,Atropellament,-1,2,2,5,-1,2,1,11.25,0,3,0,12,9
6483,2016,1,2016-08-09,SE,VIC,Osona,3,0,1,0,2,1,0,0,0,1,0,0,0,100.0,0.0,0,2,No n'hi ha,-1.0,3,3,1,0,0,0,0,0,0,0,0,0,0,0,4,-1,1,Atropellament,-1,2,2,5,0,2,1,10.1,0,3,1,9,8
6484,2016,1,2016-04-17,-GIP 5121.00,ESPONELLA,Pla de l'Estany,1,1,0,0,2,0,2,0,0,0,0,0,0,50.0,0.0,0,2,No n'hi ha,,3,3,0,0,0,0,0,0,0,0,0,0,0,0,4,-1,1,Encalç,-1,0,2,4,3,2,0,8.2,0,2,6,17,4
6485,2016,0,2016-09-30,C-1415c,"ROCA DEL VALLES, LA",Valles Oriental,3,1,0,0,2,1,0,0,0,1,0,0,0,100.0,0.0,0,-1,No n'hi ha,-1.0,3,3,0,0,0,0,0,0,0,0,0,0,0,0,4,-1,-1,Atropellament,-1,1,2,4,-1,2,1,7.04,0,3,4,30,9
6486,2016,1,2016-05-03,SE,BLANES,Selva,1,0,1,0,2,0,0,0,1,1,0,0,0,20.0,0.0,0,-1,No n'hi ha,-1.0,3,3,1,0,-1,1,0,0,0,0,0,0,0,1,4,4,-1,Envestida (frontal lateral),1,2,2,5,-1,2,1,8.03,0,2,1,3,5
6487,2016,0,2016-05-22,C-55,MANRESA,Bages,3,0,1,0,2,0,0,0,1,1,0,0,0,80.0,0.0,0,1,No n'hi ha,-1.0,3,3,1,0,0,0,0,0,0,0,0,0,0,0,2,-1,1,Encalç,-1,1,2,4,3,2,0,19.03,1,2,6,22,5
6488,2016,0,2016-12-02,C-32,HOSPITALET DE LLOBREGAT,Barcelones,3,0,1,0,2,0,0,0,1,1,0,0,0,80.0,0.0,0,2,No n'hi ha,-1.0,3,3,1,0,0,0,0,0,0,0,0,0,0,0,4,-1,0,Encalç,-1,1,2,4,2,2,1,8.15,0,2,4,2,12
6489,2016,0,2016-07-02,GI-682,LLORET DE MAR,Selva,1,0,3,1,5,0,0,0,0,5,0,0,0,100.0,0.0,0,2,No n'hi ha,-1.0,3,3,1,0,0,0,0,0,0,0,0,0,0,0,4,-1,1,Col·lisió frontal,-1,1,2,4,2,2,0,11.16,0,2,5,2,7
6490,2016,0,2016-06-25,CR,"PERA, LA",Baix Emporda,1,0,1,1,2,0,0,2,0,0,0,0,0,100.0,0.0,0,1,No n'hi ha,-1.0,3,3,1,0,0,0,0,0,0,0,0,0,0,0,4,-1,1,Col·lisió frontal,-1,1,0,3,0,2,0,16.02,1,2,5,25,6
6491,2016,0,2016-06-25,GI-510,TERRADES,Alt Emporda,1,0,1,1,1,0,0,0,1,0,0,0,0,100.0,0.0,0,2,No n'hi ha,-1.0,3,3,1,0,0,0,0,0,0,0,0,0,0,0,4,-1,1,Resta sortides de via,-1,1,2,4,2,1,0,19.47,1,1,5,25,6
6492,2016,1,2016-03-22,SE,TARRAGONA,Tarragones,0,0,1,0,2,0,0,0,0,1,1,0,0,20.0,0.0,0,2,No n'hi ha,-1.0,3,3,1,-1,0,0,0,-1,0,0,0,0,-1,0,4,-1,1,Envestida (frontal lateral),-1,2,2,5,-1,2,1,16.01,1,2,1,22,3
6493,2016,0,2016-07-27,B-10,SANT ADRIA DE BESOS,Barcelones,3,0,1,0,2,0,0,0,1,1,0,0,0,100.0,0.0,0,2,No n'hi ha,-1.0,3,3,1,0,0,0,0,0,0,0,0,0,0,2,4,4,0,Encalç,3,1,2,4,0,2,1,16.19,1,2,2,27,7
6494,2016,1,2016-01-10,SE,ROSES,Alt Emporda,1,0,1,1,1,0,0,1,0,0,0,0,0,100.0,0.0,0,-1,No n'hi ha,-1.0,3,3,1,0,0,0,0,0,0,0,0,0,0,0,4,-1,-1,Altres,-1,2,2,5,-1,2,0,8.0,0,5,6,10,1
6495,2016,0,2016-03-20,C-17,"GARRIGA, LA",Valles Oriental,3,0,1,0,1,0,0,0,0,1,0,0,0,100.0,0.0,0,3,No n'hi ha,-1.0,1,3,1,0,0,0,0,0,0,0,0,0,0,0,2,-1,0,Altres,-1,1,2,4,2,2,0,7.52,0,5,6,20,3
6496,2016,0,2016-08-15,GI-643,GUALTA,Baix Emporda,1,1,3,2,2,0,0,0,0,2,0,0,0,100.0,0.0,0,2,No n'hi ha,-1.0,3,3,0,0,0,0,0,0,0,0,0,0,0,0,4,-1,1,Envestida (frontal lateral),-1,1,2,4,2,2,1,9.5,0,2,0,15,8
6497,2016,0,2016-11-01,C-65,QUART,Girones,1,0,2,0,3,0,0,0,0,3,0,0,0,100.0,0.0,0,3,No n'hi ha,-1.0,3,3,1,0,0,0,0,0,1,0,0,0,0,0,3,-1,1,Col·lisió frontal,-1,1,2,4,2,2,1,0.0,2,2,1,1,11
6498,2016,0,2016-04-02,N-II,PALAFOLLS,Maresme,3,0,1,0,1,0,0,0,0,1,0,0,0,100.0,0.0,0,1,No n'hi ha,-1.0,3,3,1,0,0,0,0,0,0,0,0,0,0,2,3,4,1,Resta sortides de via,1,1,2,4,1,2,0,20.22,1,1,5,2,4
6499,2016,1,2016-09-27,SE,ESPLUGUES DE LLOBREGAT,Baix Llobregat,3,0,1,0,2,1,0,0,1,0,0,0,0,30.0,0.0,0,2,No n'hi ha,-1.0,3,3,1,0,0,0,0,0,0,0,0,0,0,0,3,-1,1,Atropellament,-1,2,2,5,-1,1,1,21.1,1,3,1,27,9
6500,2016,1,2016-02-20,SE,RUBI,Valles Occidental,3,0,1,0,1,0,0,0,0,1,0,0,0,100.0,0.0,0,2,No n'hi ha,-1.0,3,3,1,0,0,0,0,0,0,0,0,0,0,1,4,-1,1,Xoc contra objecte/obstacle sense sortida prèvia de via,1,2,2,5,-1,2,0,15.2,1,4,5,20,2
6501,2016,0,2016-01-05,GIV-6701,MADREMANYA,Girones,1,0,1,1,2,0,0,0,0,2,0,0,0,100.0,0.0,0,1,No n'hi ha,-1.0,4,3,1,0,0,0,1,0,0,0,0,0,0,0,2,-1,1,Col·lisió frontal,-1,1,2,4,2,2,1,17.03,1,2,1,5,1
6502,2016,0,2016-06-16,A-2,RIBERA D'ONDARA,Segarra,2,1,0,0,2,0,0,0,0,1,1,0,0,100.0,0.0,0,2,No n'hi ha,-1.0,3,3,0,0,0,0,0,0,0,0,0,0,0,0,4,-1,0,Fregament o col·lisió lateral,-1,1,2,4,1,2,1,15.21,1,2,3,16,6
6503,2016,1,2016-03-18,SE,RUBI,Valles Occidental,3,0,1,0,4,1,0,0,0,1,1,1,0,100.0,0.0,0,-1,No n'hi ha,-1.0,3,3,1,0,0,0,0,0,0,0,0,0,0,0,4,-1,-1,Atropellament,-1,2,2,5,-1,2,1,9.56,0,3,4,18,3
6504,2016,1,2016-06-10,SE,OLESA DE MONTSERRAT,Baix Llobregat,3,0,1,0,2,1,0,0,0,1,0,0,0,30.0,0.0,0,1,No n'hi ha,-1.0,3,3,1,0,0,0,0,0,0,0,0,0,0,1,4,5,0,Atropellament,2,2,2,5,-1,2,1,10.3,0,3,4,10,6
6505,2016,1,2016-11-12,SE,SANT CARLES DE LA RAPITA,Montsia,0,0,1,0,2,1,0,0,0,1,0,0,0,40.0,0.0,0,2,No n'hi ha,-1.0,3,3,1,0,0,0,0,0,0,0,0,0,0,2,4,4,0,Atropellament,2,2,2,5,-1,2,0,11.0,0,3,5,12,11
6506,2016,1,2016-01-10,SE,HOSPITALET DE LLOBREGAT,Barcelones,3,0,2,2,2,0,0,0,0,2,0,0,0,20.0,0.0,0,-1,No n'hi ha,-1.0,3,3,1,-1,0,0,0,-1,0,0,0,0,-1,1,5,3,1,Envestida (frontal lateral),2,2,2,5,-1,2,0,4.2,2,2,6,10,1
6507,2016,0,2016-05-20,C-17,MONTCADA I REIXAC,Valles Occidental,3,0,1,0,2,1,0,0,0,1,0,0,0,80.0,0.0,0,2,No n'hi ha,-1.0,3,3,1,0,0,0,0,0,0,0,0,0,0,0,0,-1,0,Atropellament,-1,1,2,4,2,2,0,21.31,1,3,4,20,5
6508,2016,0,2016-07-06,C-12,CORBINS,Segria,2,0,1,0,2,0,0,0,0,1,1,0,0,100.0,0.0,0,1,No n'hi ha,-1.0,3,3,1,0,0,0,0,0,0,0,0,0,0,0,4,-1,1,Fregament o col·lisió lateral,-1,1,2,4,2,2,1,8.11,0,2,2,6,7
6509,2016,1,2016-12-07,SE,BARCELONA,Barcelones,3,0,1,1,2,1,0,0,1,0,0,0,0,100.0,0.0,0,-1,No n'hi ha,-1.0,3,3,1,0,0,0,0,0,0,0,0,0,0,1,5,4,1,Atropellament,1,2,2,5,-1,2,1,20.03,1,3,2,7,12
6510,2016,0,2016-06-10,C-31,PALAMOS,Baix Emporda,1,0,1,1,2,0,0,0,2,0,0,0,0,100.0,0.0,0,2,Carril d'alentiment,-1.0,3,3,1,0,0,0,0,0,0,0,0,0,0,0,4,-1,0,Encalç,-1,1,2,4,2,2,0,19.14,1,2,4,10,6
6511,2016,1,2016-02-26,SE,BARCELONA,Barcelones,3,0,1,0,2,0,0,0,1,1,0,0,0,30.0,0.0,0,-1,No n'hi ha,-1.0,3,3,1,0,0,0,0,0,0,0,0,0,1,1,4,3,0,Envestida (frontal lateral),2,2,2,5,-1,2,1,12.35,0,2,4,26,2
6512,2016,0,2016-07-02,BV-4021,SANT JULIA DE CERDANYOLA,Bergueda,3,0,1,0,1,0,0,0,0,1,0,0,0,50.0,0.0,0,0,No n'hi ha,-1.0,3,3,1,0,0,0,0,0,0,0,0,0,0,0,4,-1,1,Resta sortides de via,-1,1,2,4,3,2,0,17.51,1,1,5,2,7
6513,2016,1,2016-01-25,SE,ALCANAR,Montsia,0,0,1,0,3,1,0,0,0,2,0,0,0,100.0,0.0,0,2,No n'hi ha,-1.0,3,3,1,0,0,0,0,0,0,0,0,0,0,2,4,-1,0,Atropellament,2,2,2,5,-1,2,1,16.1,1,3,0,25,1
6514,2016,0,2016-01-20,N-240,TARRAGONA,Tarragones,0,0,1,1,3,0,0,0,1,2,0,0,0,100.0,0.0,0,1,No n'hi ha,-1.0,3,3,1,0,0,0,0,0,0,0,0,0,0,0,4,-1,1,Encalç,-1,1,2,4,1,2,1,14.02,1,2,2,20,1
6515,2016,1,2016-11-14,SE,VILANOVA I LA GELTRU,Garraf,3,0,1,0,2,0,1,0,0,1,0,0,0,100.0,0.0,0,2,No n'hi ha,-1.0,3,3,1,0,0,0,0,0,0,0,0,0,0,1,4,4,1,Envestida (frontal lateral),2,2,2,5,-1,2,1,12.14,0,2,0,14,11
6516,2016,1,2016-01-08,SE,TORREDEMBARRA,Tarragones,0,0,1,0,1,0,0,0,1,0,0,0,0,100.0,0.0,0,-1,No n'hi ha,-1.0,3,3,1,0,0,0,0,0,0,0,0,0,0,0,4,-1,-1,Caiguda en la via,-1,2,2,5,-1,2,1,13.18,0,0,4,8,1
6517,2016,1,2016-03-03,SE,BARCELONA,Barcelones,3,0,1,2,2,1,0,0,1,0,0,0,0,100.0,0.0,0,-1,Carril bus,-1.0,3,3,1,0,0,0,0,0,0,0,0,0,0,0,5,-1,0,Atropellament,-1,2,2,5,-1,2,1,20.4,1,3,3,3,3
6518,2016,0,2016-11-11,C-152,SANTA COLOMA DE FARNERS,Selva,1,0,1,2,3,0,0,0,1,2,0,0,0,70.0,0.0,0,1,No n'hi ha,-1.0,3,3,1,0,0,0,0,0,0,0,0,0,0,2,3,4,1,Altres,0,1,2,4,2,2,0,20.01,1,5,4,11,11
6519,2016,1,2016-06-01,SE,CERDANYOLA DEL VALLES,Valles Occidental,3,0,1,1,3,2,0,0,0,1,0,0,0,100.0,0.0,0,2,No n'hi ha,-1.0,3,3,1,0,0,0,0,0,1,0,0,0,0,1,4,3,1,Atropellament,2,2,2,5,-1,2,1,19.15,1,3,2,1,6
6520,2016,0,2016-10-14,N-340,"PERELLO, EL",Baix Ebre,0,0,2,1,3,0,0,0,0,2,1,0,0,100.0,1.0,0,0,Carril lent,-1.0,1,3,1,0,0,0,1,0,0,0,0,0,0,0,2,-1,1,Envestida (frontal lateral),-1,1,2,4,1,2,1,10.57,0,2,4,14,10
6521,2016,1,2016-05-19,SE,SANT BOI DE LLOBREGAT,Baix Llobregat,3,0,1,1,2,0,0,1,1,0,0,0,0,100.0,0.0,0,2,No n'hi ha,-1.0,3,3,1,0,0,0,0,0,0,0,0,0,0,1,5,4,0,Envestida (frontal lateral),2,2,2,5,-1,2,1,22.33,2,2,3,19,5
6522,2016,0,2016-09-22,C-31B,TARRAGONA,Tarragones,0,1,0,0,2,0,0,0,1,1,0,0,0,50.0,0.0,0,2,No n'hi ha,-1.0,3,3,0,0,0,0,0,0,0,0,0,0,0,2,4,-1,1,Resta sortides de via,1,1,2,4,2,2,1,12.05,0,1,3,22,9
6523,2016,0,2016-02-10,C-58,BARCELONA,Barcelones,3,0,1,0,5,0,0,0,1,4,0,0,0,80.0,0.0,0,2,No n'hi ha,-1.0,3,3,1,0,0,0,0,0,0,0,0,0,0,0,5,-1,0,Envestida (frontal lateral),-1,1,2,4,2,2,1,7.0,0,2,2,10,2
6524,2016,0,2016-09-20,A-2,SANT VICENC DELS HORTS,Baix Llobregat,3,0,1,0,2,0,0,0,1,1,0,0,0,100.0,0.0,0,2,No n'hi ha,-1.0,3,3,1,0,0,0,0,0,0,0,0,0,0,0,4,-1,0,Envestida (frontal lateral),-1,1,2,4,1,2,1,8.58,0,2,1,20,9
6525,2016,1,2016-10-27,SE,SANT FELIU DE LLOBREGAT,Baix Llobregat,3,0,1,0,2,0,0,0,1,1,0,0,0,20.0,0.0,0,2,No n'hi ha,-1.0,3,3,1,-1,0,0,0,-1,0,0,0,0,-1,0,4,-1,1,Envestida (frontal lateral),-1,2,2,5,-1,2,1,9.15,0,2,3,27,10