,Year,Area,Date,Road,Municipality Name,County Name,Province Name,Fatalties,Serious Injuries,Light Injuries,Units Involved,Pedestrains Involved,Bicycles Involved,Mopeds Involved,Motorcycles,Light Vehicles Involved,Heavy Vehicles Involved,Other Units Involved,Unspecified Units Involved,Road Speed Limit,Accident with Hit and Run,Fog Presence,Surrounding Environment,Special Lane Presence,Special Traffic Measures,Weather Conditions,Special Road Functions,Severity of Accident,Influence of Fog,Influence of Environment,Influence of Traffic,Influence of Weather,Influence of Wind Intensity,Influence of Lighting,Influence of Special Measures,Influence of Road Objects,Influence of Road Surface,Influence of Visibility,Intersection Characteristics,Lighting Conditions,Traffic Regulation and Priority,Direction of Road,Subtype of Accident,Subtype of Road Section,Subzone within Area,Road Surface Conditions,Type of Road,Road Ownership,Wind Conditions,Day of the Week Grouping,Hour of Day,Time of Day Grouping,Type of Accident,Day Type,Day,Month
6526,2016,1,2016-08-13,SE,BARCELONA,Barcelones,3,1,0,1,2,0,0,0,1,1,0,0,0,100.0,0.0,0,-1,No n'hi ha,-1.0,3,3,0,0,0,0,0,0,0,0,0,0,0,1,4,3,0,Envestida (frontal lateral),2,2,2,5,-1,2,0,13.0,0,2,5,13,8
6527,2016,0,2016-05-09,C-55,MONISTROL DE MONTSER,Bages,3,0,3,0,2,0,0,0,0,2,0,0,0,100.0,0.0,0,2,No n'hi ha,-1.0,1,3,1,0,0,0,1,0,0,0,0,0,0,0,2,-1,1,Envestida (frontal lateral),-1,1,2,4,2,2,1,7.45,0,2,0,9,5
6528,2016,0,2016-01-10,C-58,MONTCADA I REIXAC,Valles Occidental,3,1,2,0,2,0,0,0,0,2,0,0,0,100.0,0.0,0,-1,No n'hi ha,-1.0,3,3,0,0,0,0,0,0,0,0,0,0,0,0,4,-1,-1,Col·lisió frontal,-1,1,2,4,-1,2,0,11.53,0,2,6,10,1
6529,2016,0,2016-11-21,C-12,GARCIA,Ribera d'Ebre,0,0,3,3,4,0,0,0,0,4,0,0,0,100.0,0.0,0,2,No n'hi ha,-1.0,1,3,1,0,0,0,0,0,0,0,0,0,0,0,3,-1,1,Col·lisió frontal,-1,1,2,4,2,2,1,17.59,1,2,0,21,11
6530,2016,0,2016-01-17,C-66,FLACA,Girones,1,0,1,4,1,0,0,0,0,1,0,0,0,100.0,0.0,0,2,No n'hi ha,-1.0,3,3,1,0,0,0,0,0,0,0,0,0,0,0,3,-1,1,Resta sortides de via,-1,1,2,4,2,2,0,0.36,2,1,6,17,1
6531,2016,0,2016-09-15,A-2,BELLPUIG,Urgell,2,1,0,0,2,0,0,0,0,2,0,0,0,100.0,0.0,0,2,No n'hi ha,-1.0,3,3,0,0,0,0,0,0,0,0,0,0,0,0,4,-1,0,Encalç,-1,1,2,4,1,2,1,18.04,1,2,3,15,9
6532,2016,1,2016-04-18,SE,SABADELL,Valles Occidental,3,0,1,0,2,1,0,0,0,0,1,0,0,100.0,0.0,0,2,No n'hi ha,-1.0,3,3,1,0,0,0,0,0,0,0,0,0,0,0,4,-1,1,Atropellament,-1,2,2,5,-1,2,1,16.37,1,3,0,18,4
6533,2016,0,2016-12-01,BV-5114,SANT CELONI,Valles Oriental,3,0,1,0,2,0,1,0,0,1,0,0,0,100.0,0.0,0,3,No n'hi ha,-1.0,3,3,1,0,0,0,0,0,0,0,0,0,0,0,1,-1,1,Envestida (frontal lateral),-1,1,2,4,3,2,1,7.33,0,2,3,1,12
6534,2016,1,2016-01-25,SE,CUBELLS,Noguera,2,0,1,0,1,0,0,0,0,1,0,0,0,20.0,0.0,0,-1,Sense Especificar,-1.0,3,3,1,0,0,0,0,0,0,0,0,0,0,0,4,-1,-1,Resta sortides de via,-1,2,2,5,-1,2,1,0.5,2,1,0,25,1
6535,2016,1,2016-01-10,SE,BADALONA,Barcelones,3,0,1,1,3,0,0,1,1,1,0,0,0,20.0,0.0,0,2,No n'hi ha,-1.0,3,3,1,-1,0,0,0,-1,0,0,0,0,0,0,5,-1,1,Envestida (frontal lateral),-1,2,2,5,-1,2,0,18.26,1,2,6,10,1
6536,2016,1,2016-05-21,SE,CERDANYOLA DEL VALLES,Valles Occidental,3,0,1,0,2,0,0,0,1,1,0,0,0,40.0,0.0,0,2,No n'hi ha,-1.0,3,3,1,0,0,0,0,0,0,0,0,0,0,1,4,4,0,Fregament o col·lisió lateral,0,2,2,5,-1,2,0,12.55,0,2,5,21,5
6537,2016,1,2016-11-01,SE,PALAMOS,Baix Emporda,1,0,1,0,2,0,1,0,0,1,0,0,0,50.0,0.0,0,2,No n'hi ha,-1.0,3,3,1,0,0,0,0,0,1,0,0,0,0,1,4,4,0,Envestida (frontal lateral),0,2,2,5,0,2,1,8.58,0,2,1,1,11
6538,2016,1,2016-10-11,SE,SANT ADRIA DE BESOS,Barcelones,3,0,1,0,3,0,0,0,1,2,0,0,0,100.0,0.0,0,2,No n'hi ha,-1.0,3,3,1,0,0,0,0,0,0,0,0,0,0,0,4,-1,0,Fregament o col·lisió lateral,-1,2,2,5,-1,2,1,7.5,0,2,1,11,10
6539,2016,1,2016-05-20,SE,BARCELONA,Barcelones,3,0,1,0,2,1,0,0,0,0,1,0,0,100.0,0.0,0,-1,No n'hi ha,-1.0,3,3,1,0,0,0,0,0,0,0,0,0,0,0,4,-1,0,Atropellament,-1,2,2,5,-1,2,1,12.2,0,3,4,20,5
6540,2016,1,2016-07-23,SE,BARCELONA,Barcelones,3,0,1,0,3,0,0,0,1,2,0,0,0,100.0,0.0,0,-1,No n'hi ha,-1.0,3,3,1,0,0,0,0,0,0,0,0,0,0,1,4,2,0,Fregament o col·lisió lateral,1,2,2,5,-1,2,0,18.15,1,2,5,23,7
6541,2016,0,2016-08-30,C-31,VILADAMAT,Alt Emporda,1,0,1,0,2,0,0,0,0,1,1,0,0,100.0,0.0,0,2,No n'hi ha,-1.0,3,3,1,0,0,0,0,0,0,0,0,0,0,0,4,-1,1,Envestida (frontal lateral),-1,1,2,4,2,2,1,8.32,0,2,1,30,8
6542,2016,1,2016-09-11,SE,CERDANYOLA DEL VALLES,Valles Occidental,3,0,1,0,1,0,0,1,0,0,0,0,0,100.0,0.0,0,3,No n'hi ha,-1.0,3,3,1,0,0,0,0,0,0,0,0,0,0,0,5,-1,1,Resta sortides de via,-1,2,2,5,-1,2,0,21.51,1,1,6,11,9
6543,2016,1,2016-01-20,SE,BARCELONA,Barcelones,3,0,1,0,2,1,0,0,1,0,0,0,0,100.0,0.0,0,-1,No n'hi ha,-1.0,3,3,1,0,0,0,0,0,0,0,1,0,1,1,4,3,0,Atropellament,2,2,2,5,-1,2,1,10.55,0,3,2,20,1
6544,2016,0,2016-07-13,C-462,OLIUS,Solsones,2,0,2,0,1,0,0,0,0,1,0,0,0,70.0,0.0,0,1,No n'hi ha,-1.0,3,3,1,0,0,0,0,0,0,0,0,0,0,0,3,-1,1,Resta sortides de via,-1,1,2,4,2,2,1,2.02,2,1,2,13,7
6545,2016,1,2016-04-03,SE,MIRAVET,Ribera d'Ebre,0,0,1,0,3,0,0,0,1,2,0,0,0,50.0,0.0,0,2,No n'hi ha,-1.0,3,3,1,0,0,0,0,0,0,0,0,0,0,0,4,-1,1,Envestida (frontal lateral),-1,2,2,5,0,2,0,12.01,0,2,6,3,4
6546,2016,1,2016-07-07,SE,SABADELL,Valles Occidental,3,0,1,0,2,1,0,0,0,1,0,0,0,100.0,0.0,0,-1,No n'hi ha,-1.0,3,3,1,0,0,0,0,0,0,0,0,0,0,0,4,-1,-1,Atropellament,-1,2,2,5,-1,2,1,11.21,0,3,3,7,7
6547,2016,0,2016-01-22,N-145,"VALLS DE VALIRA, LES",Alt Urgell,2,1,3,0,2,0,0,0,0,2,0,0,0,90.0,0.0,0,1,No n'hi ha,-1.0,3,3,0,0,0,0,0,0,0,0,0,0,0,0,1,-1,1,Envestida (frontal lateral),-1,1,2,4,1,2,1,8.37,0,2,4,22,1
6548,2016,0,2016-07-10,AP-7,MONTORNES DEL VALLES,Valles Oriental,3,0,1,6,2,0,0,0,0,2,0,0,0,120.0,0.0,0,2,No n'hi ha,3.0,3,3,1,0,0,0,0,0,0,1,0,0,0,0,5,-1,0,Encalç,-1,1,2,4,1,2,0,0.01,2,2,6,10,7
6549,2016,1,2016-03-05,SE,TARRAGONA,Tarragones,0,0,1,0,2,0,0,0,1,1,0,0,0,20.0,0.0,0,2,No n'hi ha,-1.0,3,3,1,-1,0,0,0,-1,0,0,0,0,-1,0,4,-1,1,Encalç,-1,2,2,5,-1,2,0,13.26,0,2,5,5,3
6550,2016,1,2016-10-21,SE,BARCELONA,Barcelones,3,0,1,0,2,1,0,0,1,0,0,0,0,100.0,0.0,0,-1,No n'hi ha,-1.0,3,3,1,0,0,0,0,0,0,0,0,0,0,1,5,3,0,Atropellament,2,2,2,5,-1,2,0,21.55,1,3,4,21,10
6551,2016,1,2016-08-02,SE,REUS,Baix Camp,0,0,1,0,2,1,0,0,0,1,0,0,0,100.0,0.0,0,-1,No n'hi ha,-1.0,3,3,1,0,0,0,0,0,0,0,0,0,0,0,4,-1,-1,Atropellament,-1,2,2,5,-1,2,1,10.0,0,3,1,2,8
6552,2016,0,2016-09-28,B-212,VILAFRANCA DEL PENEDES,Alt Penedes,3,0,1,0,2,0,0,0,1,0,1,0,0,100.0,0.0,0,2,No n'hi ha,-1.0,3,3,1,0,0,0,0,0,1,0,0,0,0,1,4,4,1,Envestida (frontal lateral),1,1,2,4,3,2,1,18.21,1,2,2,28,9
6553,2016,1,2016-04-19,SE,"PALLARESOS, ELS",Tarragones,0,0,1,0,2,1,0,0,0,1,0,0,0,20.0,0.0,0,-1,Sense Especificar,-1.0,3,3,1,0,0,0,0,0,0,0,0,0,0,0,4,-1,-1,Atropellament,-1,2,2,5,-1,2,1,18.2,1,3,1,19,4
6554,2016,1,2016-01-22,SE,HOSTALRIC,Selva,1,1,0,1,2,0,0,0,0,2,0,0,0,70.0,0.0,0,1,No n'hi ha,-1.0,3,3,0,0,0,0,0,0,0,0,0,0,0,0,4,-1,1,Col·lisió frontal,-1,2,2,5,-1,2,1,9.52,0,2,4,22,1
6555,2016,1,2016-11-16,SE,BADALONA,Barcelones,3,0,1,0,2,0,0,0,0,1,1,0,0,20.0,0.0,0,2,No n'hi ha,-1.0,3,3,1,0,0,0,0,0,0,0,0,0,0,0,4,-1,0,Sortida de via amb xoc o col·lisió,-1,2,2,5,-1,2,1,15.3,1,1,2,16,11
6556,2016,1,2016-08-15,SE,BARCELONA,Barcelones,3,2,0,5,4,2,0,0,0,2,0,0,0,100.0,0.0,0,-1,No n'hi ha,-1.0,3,3,0,0,0,0,0,0,0,0,0,0,0,1,4,3,1,Atropellament,2,2,2,5,-1,2,1,16.48,1,3,0,15,8
6557,2016,1,2016-08-01,SE,GRANOLLERS,Valles Oriental,3,1,0,0,1,0,0,0,1,0,0,0,0,100.0,0.0,0,2,No n'hi ha,-1.0,3,3,0,0,0,0,0,0,0,0,0,0,0,2,4,5,0,Resta sortides de via,0,2,2,5,0,2,1,13.1,0,1,0,1,8
6558,2016,1,2016-02-26,SE,MOLLET DEL VALLES,Valles Oriental,3,0,1,0,2,1,0,0,0,0,1,0,0,100.0,0.0,0,2,No n'hi ha,-1.0,3,3,1,0,0,0,0,0,0,0,0,0,0,1,4,2,0,Atropellament,1,2,2,5,-1,2,0,18.18,1,3,4,26,2
6559,2016,1,2016-03-30,SE,TERRASSA,Valles Occidental,3,0,1,0,2,0,0,0,1,1,0,0,0,100.0,0.0,0,3,No n'hi ha,-1.0,3,3,1,0,0,0,0,0,0,0,0,0,0,1,4,4,1,Envestida (frontal lateral),2,2,2,5,-1,2,1,10.5,0,2,2,30,3
6560,2016,0,2016-06-27,C-55,OLESA DE MONTSERRAT,Baix Llobregat,3,0,3,3,3,0,0,0,0,2,1,0,0,100.0,0.0,0,2,No n'hi ha,-1.0,3,3,1,0,0,0,0,0,0,0,0,0,0,0,4,-1,1,Col·lisió frontal,-1,1,2,4,2,2,1,16.43,1,2,0,27,6
6561,2016,0,2016-08-24,N-240,MONTBLANC,Conca de Barbera,0,1,1,6,5,0,0,0,0,4,1,0,0,100.0,0.0,0,2,No n'hi ha,-1.0,3,3,0,0,0,0,0,0,0,0,0,0,0,0,4,-1,1,Envestida (frontal lateral),-1,1,2,4,1,2,1,10.48,0,2,2,24,8
6562,2016,1,2016-04-18,SE,CORNELLA DE LLOBREGAT,Baix Llobregat,3,0,1,0,1,0,0,0,0,1,0,0,0,100.0,0.0,0,-1,No n'hi ha,-1.0,3,3,1,0,0,0,0,0,0,0,0,0,0,0,4,-1,-1,Altres,-1,2,2,5,-1,2,1,1.2,2,5,0,18,4
6563,2016,1,2016-07-02,SE,GIRONA,Girones,1,0,1,0,2,1,0,0,0,1,0,0,0,30.0,0.0,0,2,No n'hi ha,-1.0,3,3,1,0,0,0,0,0,0,0,0,0,0,0,4,-1,0,Atropellament,-1,2,2,5,-1,2,0,18.57,1,3,5,2,7
6564,2016,0,2016-09-20,BV-5303,SEVA,Osona,3,0,3,1,2,0,0,0,0,2,0,0,0,100.0,0.0,0,2,No n'hi ha,-1.0,3,3,1,0,0,0,0,0,0,0,0,0,0,0,4,-1,1,Col·lisió frontal,-1,1,2,4,3,2,1,18.53,1,2,1,20,9
6565,2016,0,2016-07-01,B-10,BARCELONA,Barcelones,3,0,1,0,2,0,0,0,1,1,0,0,0,80.0,0.0,0,-1,No n'hi ha,-1.0,3,3,1,0,0,1,0,0,0,0,0,0,0,0,4,-1,1,Encalç,-1,1,2,1,-1,2,1,7.55,0,2,4,1,7
6566,2016,0,2016-06-24,N-420,CORBERA D'EBRE,Terra Alta,0,0,3,2,2,0,0,0,0,2,0,0,0,100.0,0.0,0,1,No n'hi ha,-1.0,3,3,1,0,0,0,0,0,0,0,0,0,0,0,4,-1,1,Col·lisió frontal,-1,1,2,4,1,2,0,16.34,1,2,4,24,6
6567,2016,1,2016-10-21,SE,BADALONA,Barcelones,3,1,0,0,2,1,0,0,0,0,1,0,0,30.0,0.0,1,2,No n'hi ha,-1.0,3,3,0,0,0,0,0,0,0,0,0,0,0,1,1,3,0,Atropellament,1,2,1,5,-1,2,1,7.58,0,3,4,21,10
6568,2016,0,2016-08-30,C-15B,SANT PERE DE RIBES,Garraf,3,0,1,1,1,0,0,0,1,0,0,0,0,40.0,0.0,0,2,No n'hi ha,-1.0,3,3,1,0,0,0,0,0,0,0,0,0,0,0,4,-1,1,Caiguda en la via,-1,1,2,4,2,2,1,10.56,0,0,1,30,8
6569,2016,0,2016-04-13,N-150,BARBERA DEL VALLES,Valles Occidental,3,0,1,0,2,1,0,0,0,1,0,0,0,70.0,0.0,0,2,No n'hi ha,-1.0,3,3,1,0,0,1,0,0,0,0,0,0,0,0,4,-1,0,Atropellament,-1,1,2,4,1,2,1,18.07,1,3,2,13,4
6570,2016,1,2016-02-26,SE,SANT CARLES DE LA RAPITA,Montsia,0,0,1,0,2,0,0,0,1,1,0,0,0,40.0,0.0,0,2,No n'hi ha,-1.0,3,3,1,0,0,0,0,0,0,0,0,0,0,1,5,4,1,Envestida (frontal lateral),1,2,2,5,-1,2,0,22.4,2,2,4,26,2
6571,2016,0,2016-01-31,L-310,"PLANS DE SIO, ELS",Segarra,2,1,0,2,2,0,0,0,0,2,0,0,0,100.0,0.0,0,2,No n'hi ha,-1.0,3,3,0,0,0,0,0,0,0,0,0,0,0,0,3,-1,1,Encalç,-1,1,2,4,2,2,0,22.06,2,2,6,31,1
6572,2016,1,2016-12-14,SE,AIGUAVIVA,Girones,1,0,1,0,2,0,0,0,1,1,0,0,0,40.0,0.0,0,1,No n'hi ha,-1.0,3,3,1,0,0,0,0,0,0,0,0,0,0,0,0,-1,1,Altres,-1,2,2,5,-1,2,1,18.43,1,5,2,14,12
6573,2016,1,2016-12-13,SE,CERDANYOLA DEL VALLES,Valles Occidental,3,0,1,1,2,1,0,0,1,0,0,0,0,30.0,0.0,0,2,No n'hi ha,-1.0,3,3,1,0,0,0,0,0,0,0,0,0,0,0,5,-1,0,Atropellament,-1,2,2,5,-1,2,1,18.3,1,3,1,13,12
6574,2016,1,2016-05-31,SE,BLANES,Selva,1,0,1,0,1,0,0,1,0,0,0,0,0,20.0,0.0,0,2,No n'hi ha,-1.0,3,3,1,-1,0,0,0,-1,0,0,0,0,0,0,5,-1,-1,Xoc contra objecte/obstacle sense sortida prèvia de via,-1,2,2,5,-1,2,1,5.38,2,4,1,31,5
6575,2016,1,2016-05-26,SE,SANTA PERPETUA DE MO,Valles Occidental,3,1,0,0,2,1,0,0,0,0,1,0,0,30.0,0.0,0,2,No n'hi ha,-1.0,3,3,0,0,0,0,0,0,0,0,0,0,0,1,4,4,1,Atropellament,1,2,2,5,-1,2,1,9.0,0,3,3,26,5
6576,2016,0,2016-03-21,C-59,SANTA MARIA D'OLO,Moianès,3,0,1,0,2,0,0,0,0,2,0,0,0,90.0,0.0,0,-1,Sense Especificar,-1.0,3,3,1,0,0,0,0,0,0,0,0,0,0,0,4,-1,-1,Col·lisió frontal,-1,1,2,4,4,2,1,16.17,1,2,0,21,3
6577,2016,1,2016-03-13,SE,BARCELONA,Barcelones,3,0,1,2,3,0,0,0,2,1,0,0,0,100.0,0.0,0,-1,No n'hi ha,-1.0,3,3,1,0,0,0,0,0,0,0,0,0,0,0,5,-1,0,Fregament o col·lisió lateral,-1,2,2,5,-1,2,0,19.5,1,2,6,13,3
6578,2016,0,2016-03-08,C-25,RIUDELLOTS DE LA SELVA,Selva,1,0,1,0,2,1,0,0,0,0,1,0,0,50.0,0.0,0,2,Carril bus,-1.0,3,3,1,0,0,0,0,0,0,0,0,0,0,0,4,-1,1,Atropellament,-1,1,2,4,2,2,1,8.08,0,3,1,8,3
6579,2016,1,2016-01-23,SE,BARCELONA,Barcelones,3,1,0,0,2,0,0,1,0,1,0,0,0,100.0,0.0,0,-1,No n'hi ha,-1.0,3,3,0,0,0,0,0,0,0,0,0,0,0,1,5,3,1,Caiguda en la via,2,2,2,5,-1,2,0,21.4,1,0,5,23,1
6580,2016,1,2016-09-03,SE,HOSPITALET DE LLOBREGAT,Barcelones,3,0,2,0,2,0,0,0,1,0,1,0,0,20.0,0.0,0,2,No n'hi ha,-1.0,3,3,1,-1,0,0,0,-1,0,0,0,0,-1,0,4,-1,1,Envestida (frontal lateral),-1,2,2,5,-1,2,0,13.31,0,2,5,3,9
6581,2016,0,2016-12-06,N-260,FONTANALS DE CERDANYA,Cerdanya,1,0,1,0,1,0,0,0,0,1,0,0,0,60.0,0.0,0,1,No n'hi ha,-1.0,3,3,1,0,0,0,0,0,0,0,0,0,0,0,3,-1,1,Resta sortides de via,-1,1,2,4,1,2,1,3.42,2,1,1,6,12
6582,2016,0,2016-11-24,C-63,RIUDARENES,Selva,1,0,1,3,2,0,0,0,0,2,0,0,0,100.0,0.0,0,3,No n'hi ha,-1.0,3,3,1,0,0,0,0,0,0,0,0,0,0,0,1,-1,1,Col·lisió frontal,-1,1,2,4,3,2,1,17.09,1,2,3,24,11
6583,2016,1,2016-09-03,SE,SABADELL,Valles Occidental,3,0,1,4,3,0,0,0,0,2,1,0,0,50.0,0.0,0,3,No n'hi ha,-1.0,3,3,1,0,0,0,0,0,0,0,0,0,0,0,5,-1,1,Encalç,-1,2,2,5,-1,2,0,21.43,1,2,5,3,9
6584,2016,1,2016-06-03,SE,VIC,Osona,3,0,1,0,2,0,0,0,1,1,0,0,0,100.0,0.0,0,2,No n'hi ha,-1.0,3,3,1,0,0,0,0,0,0,0,0,0,0,0,4,-1,1,Envestida (frontal lateral),-1,2,2,5,-1,2,0,15.17,1,2,4,3,6
6585,2016,0,2016-07-24,N-II,"MASNOU, EL",Maresme,3,0,1,0,2,0,1,0,0,1,0,0,0,90.0,0.0,0,-1,Sense Especificar,-1.0,3,3,1,0,0,0,0,0,0,0,0,0,0,0,4,-1,-1,Envestida (frontal lateral),-1,1,2,4,4,2,0,7.04,0,2,6,24,7
6586,2016,0,2016-06-07,BV-5106,"ROCA DEL VALLES, LA",Valles Oriental,3,0,1,0,2,0,1,0,0,1,0,0,0,100.0,0.0,0,1,No n'hi ha,-1.0,3,3,1,0,0,0,0,0,0,0,0,0,0,1,4,5,1,Encalç,1,1,2,4,3,2,1,14.36,1,2,1,7,6
6587,2016,0,2016-08-28,N-260,TOSES,Ripolles,1,0,1,0,2,0,0,0,1,1,0,0,0,60.0,0.0,0,0,No n'hi ha,-1.0,3,3,1,0,0,0,0,0,0,0,0,0,0,0,4,-1,1,Caiguda en la via,-1,1,2,4,1,2,0,12.11,0,0,6,28,8
6588,2016,1,2016-09-30,SE,MATARO,Maresme,3,0,1,0,2,0,0,0,1,1,0,0,0,20.0,0.0,0,-1,No n'hi ha,-1.0,3,3,1,0,0,0,0,0,0,0,0,0,0,1,4,4,-1,Col·lisió frontal,2,2,2,5,-1,2,1,14.1,1,2,4,30,9
6589,2016,1,2016-02-05,SE,TORROELLA DE MONTGRI,Baix Emporda,1,0,1,0,2,1,0,0,0,1,0,0,0,20.0,0.0,0,2,No n'hi ha,-1.0,3,3,1,-1,0,0,0,-1,0,0,0,0,0,0,5,-1,0,Atropellament,-1,2,2,5,-1,2,0,21.1,1,3,4,5,2
6590,2016,1,2016-11-01,SE,CALONGE,Baix Emporda,1,0,1,0,2,1,1,0,0,0,0,0,0,100.0,0.0,0,2,No n'hi ha,-1.0,3,3,1,0,0,0,0,0,0,0,0,0,0,0,4,-1,1,Atropellament,-1,2,2,5,-1,2,1,11.2,0,3,1,1,11
6591,2016,1,2016-05-31,SE,VILANOVA I LA GELTRU,Garraf,3,0,1,0,1,0,0,0,1,0,0,0,0,100.0,0.0,0,2,No n'hi ha,-1.0,3,3,1,0,0,0,0,0,0,0,0,0,0,0,5,-1,1,Altres,-1,2,2,5,-1,2,1,0.2,2,5,1,31,5
6592,2016,1,2016-12-08,SE,GRANOLLERS,Valles Oriental,3,0,1,0,2,0,1,0,0,1,0,0,0,100.0,0.0,0,2,No n'hi ha,-1.0,3,3,1,0,0,0,0,0,0,0,0,0,0,2,4,-1,1,Fregament o col·lisió lateral,0,2,2,5,-1,2,1,13.08,0,2,3,8,12
6593,2016,1,2016-07-19,SE,CUBELLES,Garraf,3,0,1,0,2,0,1,0,0,1,0,0,0,20.0,0.0,0,-1,No n'hi ha,-1.0,3,3,1,-1,-1,0,0,-1,0,0,0,0,-1,0,4,-1,-1,Encalç,-1,2,2,5,-1,2,1,11.18,0,2,1,19,7
6594,2016,1,2016-02-04,SE,BARCELONA,Barcelones,3,0,1,0,3,0,0,0,1,2,0,0,0,60.0,1.0,0,-1,No n'hi ha,-1.0,3,3,1,0,0,0,0,0,0,0,0,0,0,0,5,-1,0,Encalç,-1,2,2,5,-1,2,1,17.2,1,2,3,4,2
6595,2016,1,2016-12-27,SE,VILAFANT,Alt Emporda,1,0,1,0,2,1,0,0,0,1,0,0,0,100.0,0.0,0,2,No n'hi ha,-1.0,3,3,1,0,0,0,0,0,0,0,0,0,0,1,5,5,1,Atropellament,1,2,2,5,-1,2,1,20.15,1,3,1,27,12
6596,2016,1,2016-06-05,SE,FRANQUESES DEL VALLE,Valles Oriental,3,0,1,0,1,0,0,0,0,1,0,0,0,100.0,0.0,0,2,No n'hi ha,-1.0,3,3,1,0,0,0,0,0,0,0,0,0,0,1,5,5,1,Xoc contra objecte/obstacle sense sortida prèvia de via,0,2,2,5,-1,2,0,22.36,2,4,6,5,6
6597,2016,0,2016-11-29,N-260,ORDIS,Alt Emporda,1,0,1,1,2,0,0,0,0,2,0,0,0,80.0,0.0,0,2,No n'hi ha,-1.0,1,3,1,0,0,0,0,0,0,0,0,0,0,1,3,4,1,Envestida (frontal lateral),1,1,2,4,1,2,1,18.56,1,2,1,29,11
6598,2016,0,2016-02-01,B-120,VILADECAVALLS,Valles Occidental,3,0,1,0,1,0,0,0,0,1,0,0,0,100.0,0.0,0,1,No n'hi ha,-1.0,3,3,1,0,0,0,0,0,0,0,0,0,0,2,4,4,1,Resta sortides de via,1,1,2,4,2,2,1,9.33,0,1,0,1,2
6599,2016,1,2016-11-09,SE,HOSPITALET DE LLOBREGAT,Barcelones,3,0,1,1,6,2,0,0,0,4,0,0,0,20.0,0.0,0,-1,No n'hi ha,-1.0,3,3,1,-1,0,0,0,-1,0,0,0,0,0,0,1,-1,1,Atropellament,-1,2,2,5,-1,2,1,17.1,1,3,2,9,11
6600,2016,0,2016-05-10,A-2,LLEIDA,Segria,2,1,0,0,2,0,0,0,0,1,1,0,0,100.0,0.0,0,1,No n'hi ha,3.0,3,3,0,0,0,1,0,0,0,0,0,0,0,0,4,-1,0,Encalç,-1,1,2,4,1,2,1,8.31,0,2,1,10,5
6601,2016,0,2016-12-01,C-35,SANT CELONI,Valles Oriental,3,1,0,1,2,0,0,0,0,1,1,0,0,100.0,0.0,0,3,No n'hi ha,-1.0,3,3,0,0,0,0,0,0,0,0,0,0,0,0,4,-1,1,Col·lisió frontal,-1,1,2,4,2,2,1,16.05,1,2,3,1,12
6602,2016,0,2016-03-15,B-682,MALGRAT DE MAR,Maresme,3,0,1,1,3,0,0,0,1,2,0,0,0,100.0,0.0,0,2,No n'hi ha,-1.0,3,3,1,0,0,0,0,0,0,0,0,0,0,0,0,-1,1,Col·lisió frontal,-1,1,2,4,3,2,1,20.42,1,2,1,15,3
6603,2016,0,2016-12-21,C-28,NAUT ARAN,Val d'Aran,2,1,1,0,2,0,0,0,0,2,0,0,0,100.0,0.0,0,1,No n'hi ha,-1.0,3,3,0,0,0,0,0,0,0,0,0,0,0,0,3,-1,1,Envestida (frontal lateral),-1,1,2,4,2,2,1,21.29,1,2,2,21,12
6604,2016,1,2016-07-18,SE,FIGUERES,Alt Emporda,1,0,1,0,2,1,0,0,0,1,0,0,0,100.0,0.0,0,2,No n'hi ha,-1.0,3,3,1,0,0,0,0,0,0,0,0,0,0,1,4,4,0,Atropellament,1,2,2,5,-1,2,1,14.3,1,3,0,18,7
6605,2016,1,2016-12-02,SE,LLEIDA,Segria,2,0,1,0,2,1,0,0,0,1,0,0,0,20.0,0.0,0,-1,No n'hi ha,-1.0,3,3,1,-1,0,0,0,-1,0,0,0,0,-1,0,4,-1,0,Atropellament,-1,2,2,5,-1,2,1,11.1,0,3,4,2,12
6606,2016,0,2016-09-10,C-16,CASSERRES,Bergueda,3,0,1,0,2,0,0,0,1,1,0,0,0,100.0,0.0,0,1,No n'hi ha,-1.0,3,3,1,0,0,0,0,0,0,0,0,0,0,0,3,-1,0,Encalç,-1,1,2,4,2,2,0,20.5,1,2,5,10,9
6607,2016,1,2016-11-30,SE,BARCELONA,Barcelones,3,0,1,1,2,0,0,0,1,1,0,0,0,100.0,0.0,0,-1,No n'hi ha,-1.0,3,3,1,0,0,0,0,0,0,0,0,0,0,1,1,2,1,Fregament o col·lisió lateral,0,2,2,5,-1,2,1,18.2,1,2,2,30,11
6608,2016,0,2016-07-30,N-340,"AMETLLA DE MAR, L'",Baix Ebre,0,0,1,0,2,0,1,0,0,0,1,0,0,100.0,1.0,0,2,No n'hi ha,-1.0,3,3,1,0,0,0,0,0,0,0,0,0,0,0,4,-1,1,Envestida (frontal lateral),-1,1,2,4,1,2,0,9.08,0,2,5,30,7
6609,2016,1,2016-12-02,SE,"VENDRELL, EL",Baix Penedes,0,0,1,0,2,1,0,0,0,1,0,0,0,40.0,0.0,0,-1,No n'hi ha,-1.0,3,3,1,-1,-1,0,0,-1,0,0,0,0,-1,0,4,-1,1,Atropellament,-1,2,2,5,-1,2,1,11.5,0,3,4,2,12
6610,2016,0,2016-05-28,N-420,GARCIA,Ribera d'Ebre,0,0,1,0,1,0,0,0,1,0,0,0,0,80.0,0.0,0,0,Carril lent,-1.0,3,3,1,0,0,0,0,0,0,0,0,0,0,0,4,-1,1,Xoc contra objecte/obstacle sense sortida prèvia de via,-1,1,2,4,1,2,0,9.11,0,4,5,28,5