,Year,Area,Date,Road,Municipality Name,County Name,Province Name,Fatalties,Serious Injuries,Light Injuries,Units Involved,Pedestrains Involved,Bicycles Involved,Mopeds Involved,Motorcycles,Light Vehicles Involved,Heavy Vehicles Involved,Other Units Involved,Unspecified Units Involved,Road Speed Limit,Accident with Hit and Run,Fog Presence,Surrounding Environment,Special Lane Presence,Special Traffic Measures,Weather Conditions,Special Road Functions,Severity of Accident,Influence of Fog,Influence of Environment,Influence of Traffic,Influence of Weather,Influence of Wind Intensity,Influence of Lighting,Influence of Special Measures,Influence of Road Objects,Influence of Road Surface,Influence of Visibility,Intersection Characteristics,Lighting Conditions,Traffic Regulation and Priority,Direction of Road,Subtype of Accident,Subtype of Road Section,Subzone within Area,Road Surface Conditions,Type of Road,Road Ownership,Wind Conditions,Day of the Week Grouping,Hour of Day,Time of Day Grouping,Type of Accident,Day Type,Day,Month
6611,2016,0,2016-05-31,C-1413a,SENTMENAT,Valles Occidental,3,0,1,2,2,0,0,0,0,2,0,0,0,100.0,0.0,0,2,No n'hi ha,-1.0,3,3,1,0,0,0,0,0,0,0,0,0,0,0,4,-1,1,Col·lisió frontal,-1,1,2,4,3,2,1,14.11,1,2,1,31,5
6612,2016,1,2016-04-18,SE,BARCELONA,Barcelones,3,0,1,1,2,1,0,0,1,0,0,0,0,100.0,0.0,0,-1,No n'hi ha,-1.0,3,3,1,0,0,0,0,0,0,0,0,0,1,1,4,4,0,Atropellament,2,2,2,5,-1,2,1,16.21,1,3,0,18,4
6613,2016,1,2016-11-16,SE,HOSPITALET DE LLOBREGAT,Barcelones,3,0,1,0,2,0,0,0,1,1,0,0,0,20.0,0.0,0,-1,No n'hi ha,-1.0,3,3,1,-1,-1,0,0,-1,0,0,0,0,0,1,4,4,-1,Fregament o col·lisió lateral,1,2,2,5,-1,2,1,15.46,1,2,2,16,11
6614,2016,1,2016-01-03,SE,MATARO,Maresme,3,0,1,0,2,1,0,0,0,1,0,0,0,20.0,0.0,0,2,No n'hi ha,-1.0,3,3,1,-1,0,0,0,-1,0,0,0,0,0,0,4,-1,1,Atropellament,-1,2,2,5,-1,2,0,9.24,0,3,6,3,1
6615,2016,0,2016-06-07,C-32,CALELLA,Maresme,3,0,1,0,2,0,0,0,1,1,0,0,0,100.0,0.0,0,2,Carril acceleració,-1.0,3,3,1,0,0,0,0,0,0,0,0,0,0,1,4,4,0,Fregament o col·lisió lateral,3,1,2,4,2,2,1,17.2,1,2,1,7,6
6616,2016,1,2016-06-22,SE,"VENDRELL, EL",Baix Penedes,0,0,1,0,2,1,0,0,0,1,0,0,0,40.0,0.0,0,-1,No n'hi ha,-1.0,3,3,1,-1,-1,0,0,-1,0,0,0,0,-1,0,1,-1,1,Atropellament,-1,2,2,5,-1,2,1,21.32,1,3,2,22,6
6617,2016,0,2016-07-20,GI-400,ALP,Cerdanya,1,0,1,0,2,0,0,0,1,1,0,0,0,40.0,0.0,0,1,No n'hi ha,-1.0,3,3,1,0,0,0,0,0,0,0,0,0,0,0,4,-1,1,Envestida (frontal lateral),-1,1,2,4,2,2,1,17.1,1,2,2,20,7
6618,2016,1,2016-04-25,SE,LLORET DE MAR,Selva,1,0,1,0,2,1,0,0,0,1,0,0,0,100.0,0.0,0,2,No n'hi ha,0.0,3,3,1,0,0,0,0,0,0,0,0,0,0,1,4,4,1,Atropellament,2,2,2,5,-1,2,1,8.35,0,3,0,25,4
6619,2016,0,2016-04-13,B-30,BARBERA DEL VALLES,Valles Occidental,3,0,1,0,2,0,0,0,1,1,0,0,0,80.0,0.0,0,3,No n'hi ha,-1.0,3,3,1,0,0,0,0,0,0,0,0,0,0,0,4,-1,0,Altres,-1,1,2,4,1,2,1,19.3,1,5,2,13,4
6620,2016,0,2016-11-13,C-59,CALDES DE MONTBUI,Valles Oriental,3,0,1,1,5,0,0,0,2,3,0,0,0,100.0,0.0,0,3,No n'hi ha,-1.0,3,3,1,0,0,0,0,0,0,0,0,0,0,0,4,-1,1,Encalç,-1,1,2,4,2,2,0,13.19,0,2,6,13,11
6621,2016,0,2016-08-08,N-420,GANDESA,Terra Alta,0,0,2,0,1,0,0,0,0,1,0,0,0,70.0,0.0,0,1,No n'hi ha,-1.0,3,3,1,0,0,0,0,0,0,0,0,0,0,2,3,4,1,Resta sortides de via,1,1,2,4,1,2,1,22.36,2,1,0,8,8
6622,2016,0,2016-09-24,N-II,SANT POL DE MAR,Maresme,3,0,1,0,1,0,0,0,1,0,0,0,0,90.0,0.0,0,3,No n'hi ha,-1.0,3,3,1,0,0,0,0,0,0,0,0,0,0,0,4,-1,1,Resta sortides de via,-1,1,2,4,1,2,0,9.29,0,1,5,24,9
6623,2016,0,2016-08-04,C-58,RIPOLLET,Valles Occidental,3,0,1,0,1,0,0,0,1,0,0,0,0,90.0,0.0,0,-1,Sense Especificar,-1.0,3,3,1,0,0,0,0,0,0,0,0,0,0,0,4,-1,-1,Altres,-1,1,2,4,4,2,1,11.29,0,5,3,4,8
6624,2016,0,2016-12-31,A-2,ESPARREGUERA,Baix Llobregat,3,0,1,1,2,0,0,0,1,1,0,0,0,100.0,0.0,0,2,No n'hi ha,-1.0,3,3,1,0,0,0,0,0,0,0,0,0,0,0,4,-1,0,Encalç,-1,1,2,4,1,2,0,14.22,1,2,5,31,12
6625,2016,1,2016-03-04,SE,BARCELONA,Barcelones,3,0,1,1,3,2,0,0,1,0,0,0,0,100.0,0.0,0,-1,No n'hi ha,-1.0,3,3,1,0,0,0,0,0,0,0,0,0,1,1,5,3,0,Atropellament,2,2,2,5,-1,2,0,19.5,1,3,4,4,3
6626,2016,1,2016-02-10,B-140,SABADELL,Valles Occidental,3,1,0,0,2,0,0,0,1,0,1,0,0,100.0,0.0,0,-1,No n'hi ha,-1.0,3,3,0,0,0,0,0,0,0,0,0,0,0,0,4,-1,-1,Fregament o col·lisió lateral,-1,0,2,4,-1,2,1,7.55,0,2,2,10,2
6627,2016,1,2016-01-21,SE,MANRESA,Bages,3,0,1,0,2,1,0,0,0,1,0,0,0,100.0,0.0,0,2,No n'hi ha,-1.0,3,3,1,0,0,0,0,0,0,0,0,0,0,0,4,-1,1,Atropellament,-1,2,2,5,-1,2,1,10.3,0,3,3,21,1
6628,2016,0,2016-07-18,C-234,GAVA,Baix Llobregat,3,0,1,0,1,0,0,0,1,0,0,0,0,40.0,0.0,0,2,No n'hi ha,-1.0,3,3,1,0,0,0,0,0,0,0,0,0,0,2,3,5,0,Caiguda en la via,0,1,2,4,2,2,1,21.51,1,0,0,18,7
6629,2016,0,2016-09-30,C-53,VALLFOGONA DE BALAGUER,Noguera,2,0,1,0,2,0,0,1,0,0,0,1,0,90.0,0.0,0,-1,Sense Especificar,-1.0,3,3,1,0,0,0,0,0,0,0,0,0,0,0,4,-1,-1,Envestida (frontal lateral),-1,1,2,4,4,2,0,18.12,1,2,4,30,9
6630,2016,1,2016-08-31,SE,CALAFELL,Baix Penedes,0,0,1,0,2,0,0,0,0,2,0,0,0,20.0,0.0,0,-1,No n'hi ha,-1.0,3,3,1,-1,0,0,0,-1,0,0,0,0,0,0,4,-1,0,Xoc contra objecte/obstacle sense sortida prèvia de via,-1,2,2,5,-1,2,1,15.0,1,4,2,31,8
6631,2016,1,2016-05-09,SE,BARCELONA,Barcelones,3,0,1,2,5,2,1,0,1,1,0,0,0,100.0,0.0,0,-1,No n'hi ha,-1.0,1,3,1,0,0,0,0,0,0,0,0,0,0,0,4,-1,0,Atropellament,-1,2,0,5,-1,2,1,11.4,0,3,0,9,5
6632,2016,0,2016-05-20,N-260a,OLOT,Garrotxa,1,0,1,0,2,0,1,0,0,1,0,0,0,60.0,0.0,0,1,Carril central,-1.0,3,3,1,0,0,0,0,0,0,0,0,0,0,1,4,4,1,Envestida (frontal lateral),1,1,2,4,1,2,0,15.0,1,2,4,20,5
6633,2016,0,2016-02-20,C-14,MONTBLANC,Conca de Barbera,0,1,1,1,3,0,0,0,2,1,0,0,0,100.0,0.0,0,2,No n'hi ha,-1.0,3,3,0,0,0,0,0,0,0,0,0,0,0,0,4,-1,1,Col·lisió frontal,-1,1,2,4,2,2,0,17.08,1,2,5,20,2
6634,2016,0,2016-08-03,N-II,"MASNOU, EL",Maresme,3,0,1,1,4,0,3,0,0,1,0,0,0,100.0,0.0,0,2,No n'hi ha,-1.0,3,3,1,0,0,0,0,0,1,0,0,0,0,0,4,-1,1,Altres,-1,1,2,4,1,2,1,7.28,0,5,2,3,8
6635,2016,0,2016-04-10,C-153,RUPIT I PRUIT,Osona,3,1,0,2,2,0,0,0,1,1,0,0,0,100.0,0.0,0,1,No n'hi ha,-1.0,3,3,0,0,1,0,0,0,0,0,0,0,0,0,4,-1,1,Caiguda en la via,-1,1,2,4,2,2,0,12.32,0,0,6,10,4
6636,2016,1,2016-05-10,SE,BADALONA,Barcelones,3,0,1,0,2,1,0,0,0,1,0,0,0,20.0,0.0,0,-1,No n'hi ha,-1.0,3,3,1,-1,0,0,0,-1,0,0,0,0,-1,0,4,-1,1,Atropellament,-1,2,2,5,-1,2,1,11.0,0,3,1,10,5
6637,2016,1,2016-12-20,C-1413a,RUBI,Valles Occidental,3,0,1,0,2,0,1,0,0,1,0,0,0,100.0,0.0,0,2,No n'hi ha,-1.0,2,3,1,0,0,0,1,0,0,0,0,0,0,2,5,5,1,Envestida (frontal lateral),0,0,2,4,2,2,1,18.4,1,2,1,20,12
6638,2016,0,2016-08-20,LP-9221,BENAVENT DE SEGRIA,Segria,2,0,1,0,2,0,1,0,0,1,0,0,0,100.0,0.0,0,2,No n'hi ha,-1.0,3,3,1,0,0,0,0,0,0,0,0,0,0,1,4,5,1,Caiguda en la via,2,1,2,4,3,2,0,10.21,0,0,5,20,8
6639,2016,1,2016-09-19,SE,LLEIDA,Segria,2,0,1,0,2,1,0,0,0,1,0,0,0,20.0,0.0,0,-1,No n'hi ha,-1.0,3,3,1,-1,-1,0,0,-1,0,0,0,0,-1,0,4,-1,-1,Atropellament,-1,2,2,5,-1,2,1,17.3,1,3,0,19,9
6640,2016,1,2016-03-28,SE,BARCELONA,Barcelones,3,0,1,2,2,1,0,0,1,0,0,0,0,100.0,0.0,0,-1,No n'hi ha,-1.0,3,3,1,0,0,0,0,0,0,0,0,0,0,0,4,-1,0,Atropellament,-1,2,2,5,-1,2,1,11.45,0,3,0,28,3
6641,2016,0,2016-05-15,C-32,SITGES,Garraf,3,1,0,2,3,0,0,0,1,2,0,0,0,100.0,0.0,0,2,No n'hi ha,-1.0,3,3,0,0,0,0,0,0,0,0,0,0,0,0,5,-1,0,Caiguda en la via,-1,1,2,4,2,2,0,16.29,1,0,6,15,5
6642,2016,0,2016-01-22,BV-5003,MONTMELO,Valles Oriental,3,0,1,0,1,0,0,0,1,0,0,0,0,40.0,0.0,0,2,No n'hi ha,-1.0,3,3,1,0,0,0,0,0,0,0,0,0,0,2,4,4,0,Caiguda en la via,0,1,2,4,3,2,1,13.21,0,0,4,22,1
6643,2016,0,2016-12-30,N-II,PREMIA DE MAR,Maresme,3,0,1,1,2,0,0,1,0,1,0,0,0,100.0,0.0,0,1,No n'hi ha,-1.0,3,3,1,0,0,0,0,0,0,0,0,0,0,1,4,5,1,Altres,1,1,2,4,1,2,1,14.46,1,5,4,30,12
6644,2016,0,2016-07-13,C-37,VALLS,Alt Camp,0,0,1,0,2,1,0,0,0,1,0,0,0,100.0,0.0,0,1,No n'hi ha,-1.0,3,3,1,0,0,0,0,0,1,0,0,0,0,0,3,-1,1,Atropellament,-1,1,2,4,2,2,1,5.44,2,3,2,13,7
6645,2016,0,2016-06-23,C-31,VILANOVA I LA GELTRU,Garraf,3,0,1,0,2,0,0,0,1,1,0,0,0,100.0,0.0,0,2,No n'hi ha,-1.0,3,3,1,0,0,0,0,0,0,0,0,0,0,0,4,-1,1,Encalç,-1,1,2,4,2,2,1,13.38,0,2,3,23,6
6646,2016,0,2016-01-02,N-II,VIDRERES,Selva,1,0,1,0,3,0,0,1,0,2,0,0,0,100.0,0.0,0,2,No n'hi ha,-1.0,3,3,1,0,0,0,0,0,0,0,0,0,0,0,1,-1,1,Encalç,-1,1,2,4,1,1,0,18.38,1,2,5,2,1
6647,2016,1,2016-05-21,SE,MOLLERUSSA,Pla d'Urgell,2,0,1,1,3,0,2,0,0,1,0,0,0,100.0,0.0,0,2,No n'hi ha,-1.0,3,3,1,0,0,0,0,0,0,0,0,0,0,1,4,5,0,Col·lisió frontal,1,2,2,5,-1,2,0,20.0,1,2,5,21,5
6648,2016,0,2016-04-25,N-II,PALAFOLLS,Maresme,3,0,1,0,2,0,0,0,1,0,1,0,0,60.0,0.0,0,1,No n'hi ha,-1.0,3,3,1,0,0,0,0,0,0,0,0,0,0,0,4,-1,1,Fregament o col·lisió lateral,-1,1,2,4,1,2,1,16.08,1,2,0,25,4
6649,2016,1,2016-02-02,C-31,CALAFELL,Baix Penedes,0,0,1,0,2,1,0,0,0,1,0,0,0,50.0,0.0,0,-1,No n'hi ha,-1.0,3,3,1,-1,-1,0,0,-1,0,0,0,0,0,0,5,-1,1,Atropellament,-1,0,2,4,-1,2,1,6.35,0,3,1,2,2
6650,2016,0,2016-06-26,LV-2001,TORREGROSSA,Pla d'Urgell,2,0,1,0,2,0,1,0,0,1,0,0,0,100.0,0.0,0,2,No n'hi ha,-1.0,3,3,1,0,0,0,0,0,0,0,0,0,0,1,4,4,1,Envestida (frontal lateral),0,1,2,4,2,2,0,9.22,0,2,6,26,6
6651,2016,1,2016-01-16,SE,SABADELL,Valles Occidental,3,0,1,0,2,0,0,0,1,1,0,0,0,100.0,0.0,0,-1,No n'hi ha,-1.0,3,3,1,0,0,0,0,0,0,0,0,0,0,0,4,-1,-1,Envestida (frontal lateral),-1,2,2,5,-1,2,0,12.21,0,2,5,16,1
6652,2016,1,2016-03-01,SE,SALT,Girones,1,0,1,0,2,0,1,0,0,1,0,0,0,20.0,,0,-1,No n'hi ha,-1.0,3,3,1,-1,0,0,0,-1,0,0,0,0,-1,1,4,3,1,Fregament o col·lisió lateral,1,2,2,5,-1,2,1,13.45,0,2,1,1,3
6653,2016,1,2016-05-19,SE,SABADELL,Valles Occidental,3,0,1,0,2,1,0,0,0,1,0,0,0,100.0,0.0,0,-1,No n'hi ha,-1.0,3,3,1,0,0,0,0,0,0,0,0,0,0,0,4,-1,-1,Atropellament,-1,2,2,5,-1,2,1,15.31,1,3,3,19,5
6654,2016,1,2016-02-23,SE,SABADELL,Valles Occidental,3,0,1,0,2,1,0,0,0,1,0,0,0,30.0,0.0,0,2,No n'hi ha,-1.0,3,3,1,0,0,0,0,0,0,0,0,0,0,1,4,3,1,Atropellament,2,2,2,5,-1,2,1,15.54,1,3,1,23,2
6655,2016,0,2016-10-13,C-35,HOSTALRIC,Selva,1,0,2,0,2,0,0,0,0,1,1,0,0,100.0,0.0,0,1,No n'hi ha,-1.0,1,3,1,0,0,0,0,0,0,0,0,0,0,0,2,-1,1,Col·lisió frontal,-1,1,2,4,2,2,1,13.35,0,2,3,13,10
6656,2016,1,2016-01-08,SE,MANRESA,Bages,3,0,1,0,2,0,0,0,1,1,0,0,0,100.0,0.0,0,2,Carril central,-1.0,3,3,1,0,0,0,0,0,0,0,0,0,0,1,0,3,1,Fregament o col·lisió lateral,2,2,2,5,-1,2,0,20.2,1,2,4,8,1
6657,2016,1,2016-08-11,SE,SALT,Girones,1,0,1,0,2,0,0,0,1,1,0,0,0,20.0,0.0,0,-1,No n'hi ha,,3,3,1,-1,0,0,0,-1,0,1,0,0,0,1,4,3,1,Envestida (frontal lateral),2,2,2,5,-1,2,1,18.4,1,2,3,11,8
6658,2016,1,2016-05-01,SE,GIRONA,Girones,1,0,1,0,4,0,0,0,0,4,0,0,0,100.0,0.0,0,2,No n'hi ha,-1.0,3,3,1,0,0,0,0,0,0,0,0,0,0,1,5,-1,0,Envestida (frontal lateral),1,2,2,5,-1,2,0,4.49,2,2,6,1,5
6659,2016,1,2016-04-05,SE,VILANOVA I LA GELTRU,Garraf,3,0,1,0,1,0,0,0,0,0,1,0,0,100.0,0.0,0,-1,No n'hi ha,-1.0,3,3,1,0,0,0,0,0,0,0,0,0,0,0,4,-1,-1,Altres,-1,2,2,5,-1,2,1,15.15,1,5,1,5,4
6660,2016,1,2016-05-26,SE,GAVA,Baix Llobregat,3,0,1,0,4,1,0,0,0,3,0,0,0,20.0,0.0,0,2,No n'hi ha,-1.0,3,3,1,-1,0,0,0,-1,0,0,0,0,-1,1,4,2,0,Atropellament,2,2,2,5,-1,2,1,14.1,1,3,3,26,5
6661,2016,1,2016-01-13,SE,REUS,Baix Camp,0,0,1,1,4,2,0,0,1,1,0,0,0,100.0,0.0,0,-1,No n'hi ha,-1.0,3,3,1,0,0,0,0,0,0,0,0,0,0,0,4,-1,-1,Atropellament,-1,2,2,5,-1,2,1,18.41,1,3,2,13,1
6662,2016,0,2016-04-21,TV-3142,RIUDOMS,Baix Camp,0,0,1,1,2,0,0,0,0,2,0,0,0,100.0,0.0,0,2,No n'hi ha,-1.0,1,3,1,0,0,0,0,0,0,0,0,0,0,0,2,-1,1,Col·lisió frontal,-1,1,2,4,3,2,1,8.55,0,2,3,21,4
6663,2016,0,2016-09-25,C-14,OLIANA,Alt Urgell,2,0,1,0,2,0,0,0,1,1,0,0,0,100.0,0.0,0,3,No n'hi ha,-1.0,3,3,1,0,0,0,0,0,0,0,0,0,0,0,4,-1,1,Fregament o col·lisió lateral,-1,1,2,4,2,2,0,11.08,0,2,6,25,9
6664,2016,1,2016-04-25,SE,BARCELONA,Barcelones,3,0,1,0,2,0,0,0,1,1,0,0,0,100.0,0.0,0,-1,No n'hi ha,-1.0,3,3,1,0,0,0,0,0,0,0,0,0,0,1,4,3,1,Envestida (frontal lateral),2,2,2,5,-1,2,1,17.4,1,2,0,25,4
6665,2016,1,2016-02-07,SE,ALCOVER,Alt Camp,0,0,1,0,2,1,0,0,0,1,0,0,0,100.0,0.0,0,2,No n'hi ha,-1.0,3,3,1,0,0,0,0,0,0,0,0,0,0,0,4,-1,1,Atropellament,-1,2,2,5,-1,1,0,15.2,1,3,6,7,2
6666,2016,0,2016-11-26,TV-7231,VILALBA DELS ARCS,Terra Alta,0,0,1,1,2,0,0,0,0,2,0,0,0,100.0,0.0,1,1,No n'hi ha,-1.0,1,3,1,0,1,0,1,0,0,0,0,0,0,0,3,-1,1,Col·lisió frontal,-1,1,2,4,2,2,0,18.12,1,2,5,26,11
6667,2016,1,2016-09-14,SE,BARCELONA,Barcelones,3,0,1,0,2,0,1,0,0,1,0,0,0,100.0,0.0,0,-1,No n'hi ha,-1.0,3,3,1,0,0,0,0,0,0,0,0,0,0,1,4,3,0,Envestida (frontal lateral),2,2,2,5,-1,2,1,12.1,0,2,2,14,9
6668,2016,0,2016-05-29,C-1414,ESPARREGUERA,Baix Llobregat,3,0,1,0,1,0,0,0,1,0,0,0,0,100.0,0.0,0,0,No n'hi ha,-1.0,3,3,1,0,0,0,0,0,0,0,0,0,0,0,4,-1,1,Caiguda en la via,-1,1,2,4,2,2,0,18.08,1,0,6,29,5
6669,2016,1,2016-01-22,SE,BARCELONA,Barcelones,3,0,1,0,2,0,0,0,1,0,1,0,0,100.0,0.0,0,-1,No n'hi ha,-1.0,3,3,1,0,0,0,0,0,0,0,0,0,0,1,5,3,1,Fregament o col·lisió lateral,0,2,2,5,-1,2,0,20.0,1,2,4,22,1
6670,2016,1,2016-04-08,SE,ARGELAGUER,Garrotxa,1,0,2,0,1,0,0,0,0,1,0,0,0,30.0,0.0,0,2,No n'hi ha,-1.0,3,3,1,0,0,0,0,0,0,0,0,0,0,0,4,-1,1,Resta sortides de via,-1,2,2,5,0,2,0,19.24,1,1,4,8,4
6671,2016,1,2016-12-08,SE,TORREDEMBARRA,Tarragones,0,0,1,1,2,0,0,0,1,1,0,0,0,40.0,0.0,0,2,No n'hi ha,-1.0,3,3,1,0,0,0,0,0,0,0,0,0,0,0,4,-1,1,Sortida de via amb xoc o col·lisió,-1,2,2,5,0,2,1,14.35,1,1,3,8,12
6672,2016,0,2016-04-01,N-240,"PALLARESOS, ELS",Tarragones,0,1,1,0,2,0,0,0,0,2,0,0,0,100.0,0.0,0,1,No n'hi ha,-1.0,1,3,0,0,0,0,0,0,0,0,0,0,0,0,3,-1,1,Col·lisió frontal,-1,1,2,4,1,2,0,22.2,2,2,4,1,4
6673,2016,1,2016-05-10,SE,LLEIDA,Segria,2,0,2,0,3,2,0,0,0,1,0,0,0,20.0,0.0,0,2,No n'hi ha,-1.0,1,3,1,-1,0,0,1,-1,0,0,0,0,0,1,5,2,1,Atropellament,1,2,0,5,-1,2,1,21.5,1,3,1,10,5
6674,2016,1,2016-08-28,SE,SANTA COLOMA DE GRAMANET,Barcelones,3,0,1,0,2,1,0,0,1,0,0,0,0,20.0,0.0,0,-1,Sense Especificar,-1.0,3,3,1,0,0,0,0,0,0,0,0,0,0,0,4,-1,-1,Atropellament,-1,2,2,5,-1,2,0,19.19,1,3,6,28,8
6675,2016,1,2016-01-28,SE,LLEIDA,Segria,2,0,2,0,2,1,0,0,0,1,0,0,0,100.0,0.0,0,2,No n'hi ha,3.0,3,3,1,0,0,0,0,0,0,0,0,0,0,0,5,-1,0,Atropellament,-1,2,2,5,-1,2,1,18.28,1,3,3,28,1
6676,2016,1,2016-11-12,SE,BARCELONA,Barcelones,3,0,1,0,2,0,0,0,1,1,0,0,0,100.0,0.0,0,-1,No n'hi ha,-1.0,3,3,1,0,0,0,0,0,0,0,0,0,0,1,5,2,1,Envestida (frontal lateral),2,2,2,5,-1,2,0,18.0,1,2,5,12,11
6677,2016,1,2016-08-13,SE,SALOU,Tarragones,0,1,0,1,2,0,0,0,1,1,0,0,0,100.0,0.0,0,-1,No n'hi ha,-1.0,3,3,0,0,0,0,0,0,0,0,0,0,0,0,4,-1,-1,Altres,-1,2,2,5,-1,2,0,12.0,0,5,5,13,8
6678,2016,1,2016-09-05,SE,TERRASSA,Valles Occidental,3,0,1,0,2,0,0,0,1,1,0,0,0,100.0,0.0,0,-1,No n'hi ha,-1.0,3,3,1,0,0,0,0,0,0,0,0,0,0,0,4,-1,-1,Envestida (frontal lateral),-1,2,2,5,-1,2,1,16.5,1,2,0,5,9
6679,2016,1,2016-08-17,SE,BARCELONA,Barcelones,3,0,1,0,2,1,0,0,0,1,0,0,0,30.0,0.0,0,-1,No n'hi ha,-1.0,3,3,1,0,0,0,0,0,0,0,0,0,0,0,4,-1,0,Atropellament,-1,2,2,5,-1,2,1,19.5,1,3,2,17,8
6680,2016,0,2016-10-12,SE,MARGANELL,Bages,3,0,1,0,1,0,1,0,0,0,0,0,0,100.0,0.0,0,0,No n'hi ha,-1.0,3,3,1,0,0,0,0,0,0,0,0,0,0,0,2,-1,1,Caiguda en la via,-1,1,2,0,0,2,1,12.14,0,0,2,12,10
6681,2016,1,2016-11-30,SE,BLANES,Selva,1,0,1,0,2,1,0,0,0,1,0,0,0,100.0,0.0,0,-1,No n'hi ha,-1.0,3,3,1,0,0,0,0,0,0,0,0,0,0,0,4,-1,-1,Atropellament,-1,2,2,5,-1,2,1,9.5,0,3,2,30,11
6682,2016,1,2016-04-21,BV-1604,LLICA DE VALL,Valles Oriental,3,0,1,0,2,0,0,1,0,1,0,0,0,90.0,0.0,0,-1,No n'hi ha,-1.0,3,3,1,-1,0,0,0,0,0,0,0,0,0,1,4,4,-1,Envestida (frontal lateral),1,0,2,4,-1,1,1,17.2,1,2,3,21,4
6683,2016,1,2016-01-23,SE,BARCELONA,Barcelones,3,0,1,0,2,0,0,0,1,1,0,0,0,30.0,0.0,0,-1,No n'hi ha,-1.0,3,3,1,0,0,0,0,0,0,0,0,0,0,1,4,3,1,Envestida (frontal lateral),2,2,2,5,-1,2,0,15.05,1,2,5,23,1
6684,2016,1,2016-08-27,SE,SARRIA DE TER,Girones,1,0,1,0,1,0,0,0,1,0,0,0,0,100.0,0.0,0,2,No n'hi ha,-1.0,3,3,1,0,0,0,0,0,0,0,0,0,0,0,5,-1,1,Caiguda en la via,-1,2,2,5,-1,2,0,3.18,2,0,5,27,8
6685,2016,1,2016-06-18,SE,TORELLO,Osona,3,0,1,0,2,1,0,0,0,1,0,0,0,20.0,0.0,0,-1,No n'hi ha,-1.0,3,3,1,0,-1,1,0,0,0,0,0,0,0,0,4,-1,-1,Atropellament,-1,2,2,5,-1,2,0,9.18,0,3,5,18,6
6686,2016,0,2016-08-15,A-2,ARGENCOLA,Anoia,3,0,1,0,1,0,0,0,1,0,0,0,0,100.0,0.0,0,2,No n'hi ha,-1.0,3,3,1,0,0,0,0,0,0,0,0,1,0,0,4,-1,0,Caiguda en la via,-1,1,2,4,1,2,1,14.01,1,0,0,15,8
6687,2016,0,2016-08-15,GI-600,TORDERA,Maresme,3,0,1,0,2,0,0,0,1,1,0,0,0,60.0,0.0,0,2,Carril central,-1.0,3,3,1,0,0,0,0,0,0,0,0,0,0,1,4,4,1,Envestida (frontal lateral),1,1,2,4,3,2,1,13.06,0,2,0,15,8
6688,2016,1,2016-09-19,SE,SABADELL,Valles Occidental,3,0,1,0,2,0,0,0,1,1,0,0,0,100.0,0.0,0,-1,No n'hi ha,-1.0,3,3,1,0,0,0,0,0,0,0,0,0,0,0,4,-1,-1,Col·lisió frontal,-1,2,2,5,-1,2,1,23.1,2,2,0,19,9
6689,2016,0,2016-10-23,A-2,CASTELLOLI,Anoia,3,0,2,1,2,0,0,0,0,2,0,0,0,100.0,0.0,0,1,No n'hi ha,-1.0,3,3,1,0,0,0,0,0,0,0,0,0,0,0,3,-1,1,Resta sortides de via,-1,1,2,4,1,2,0,5.49,2,1,6,23,10
6690,2016,0,2016-11-08,N-260a,OLOT,Garrotxa,1,1,1,0,2,0,0,0,0,2,0,0,0,100.0,0.0,0,1,No n'hi ha,-1.0,3,3,0,0,0,0,0,0,0,0,0,0,0,2,4,4,1,Col·lisió frontal,1,1,2,4,0,2,1,15.01,1,2,1,8,11
6691,2016,0,2016-04-22,C-32,HOSPITALET DE LLOBREGAT,Barcelones,3,0,1,1,2,0,0,0,1,1,0,0,0,80.0,0.0,0,2,No n'hi ha,-1.0,3,3,1,0,0,0,0,0,0,0,0,0,0,0,1,-1,0,Encalç,-1,1,2,4,2,2,1,7.54,0,2,4,22,4
6692,2016,1,2016-05-25,SE,SANTA COLOMA DE GRAMANET,Barcelones,3,0,1,0,2,0,0,0,1,1,0,0,0,20.0,0.0,0,-1,No n'hi ha,-1.0,3,3,1,-1,0,0,0,-1,0,0,0,0,0,1,4,4,1,Encalç,0,2,2,5,-1,2,1,13.45,0,2,2,25,5
6693,2016,0,2016-01-25,GI-600,TORDERA,Maresme,3,0,1,3,4,0,0,0,0,4,0,0,0,100.0,0.0,0,2,No n'hi ha,-1.0,3,3,1,0,0,0,0,0,0,0,0,0,0,0,3,-1,1,Col·lisió frontal,-1,1,2,4,2,2,1,21.36,1,2,0,25,1
6694,2016,1,2016-04-28,SE,TERRASSA,Valles Occidental,3,0,1,0,3,2,0,0,0,1,0,0,0,100.0,0.0,0,-1,No n'hi ha,-1.0,3,3,1,0,0,0,0,0,0,0,0,0,0,0,4,-1,-1,Atropellament,-1,2,2,5,-1,2,1,15.0,1,3,3,28,4
6695,2016,1,2016-09-12,SE,BARCELONA,Barcelones,3,1,0,0,3,1,0,0,0,1,1,0,0,100.0,0.0,0,-1,No n'hi ha,-1.0,3,3,0,0,0,0,0,0,0,0,0,0,0,0,4,-1,0,Atropellament,-1,2,2,5,-1,2,1,12.4,0,3,0,12,9
6696,2016,0,2016-03-06,C-12,ASCO,Ribera d'Ebre,0,0,1,1,2,0,0,0,0,2,0,0,0,70.0,0.0,0,2,Carril central,-1.0,3,3,1,0,0,0,0,0,0,0,0,0,0,1,4,4,1,Envestida (frontal lateral),2,1,2,4,2,2,0,12.1,0,2,6,6,3
6697,2016,1,2016-03-17,SE,BARCELONA,Barcelones,3,0,1,1,2,0,0,0,2,0,0,0,0,100.0,0.0,0,-1,No n'hi ha,-1.0,3,3,1,0,0,0,0,0,0,0,0,0,0,1,4,4,0,Envestida (frontal lateral),2,2,2,5,-1,2,1,17.35,1,2,3,17,3