,Year,Area,Date,Road,Municipality Name,County Name,Province Name,Fatalties,Serious Injuries,Light Injuries,Units Involved,Pedestrains Involved,Bicycles Involved,Mopeds Involved,Motorcycles,Light Vehicles Involved,Heavy Vehicles Involved,Other Units Involved,Unspecified Units Involved,Road Speed Limit,Accident with Hit and Run,Fog Presence,Surrounding Environment,Special Lane Presence,Special Traffic Measures,Weather Conditions,Special Road Functions,Severity of Accident,Influence of Fog,Influence of Environment,Influence of Traffic,Influence of Weather,Influence of Wind Intensity,Influence of Lighting,Influence of Special Measures,Influence of Road Objects,Influence of Road Surface,Influence of Visibility,Intersection Characteristics,Lighting Conditions,Traffic Regulation and Priority,Direction of Road,Subtype of Accident,Subtype of Road Section,Subzone within Area,Road Surface Conditions,Type of Road,Road Ownership,Wind Conditions,Day of the Week Grouping,Hour of Day,Time of Day Grouping,Type of Accident,Day Type,Day,Month
6698,2016,0,2016-03-11,C-13,TERMENS,Noguera,2,0,2,1,2,0,0,0,0,2,0,0,0,100.0,0.0,0,2,Carril d'alentiment,-1.0,3,3,1,0,0,0,0,0,0,0,0,0,0,0,4,-1,1,Envestida (frontal lateral),-1,1,2,4,2,2,0,16.46,1,2,4,11,3
6699,2016,0,2016-07-10,C-462,NAVES,Solsones,2,0,1,3,3,0,0,0,3,0,0,0,0,30.0,0.0,0,1,No n'hi ha,-1.0,3,3,1,0,0,0,0,0,0,0,0,0,0,0,4,-1,1,Resta sortides de via,-1,1,2,4,2,2,0,10.42,0,1,6,10,7
6700,2016,0,2016-12-08,BV-2115,CASTELLET I LA GORNA,Alt Penedes,3,0,1,0,1,0,0,0,1,0,0,0,0,100.0,0.0,0,1,No n'hi ha,-1.0,3,3,1,0,0,0,0,0,0,0,0,0,0,0,4,-1,1,Caiguda en la via,-1,1,2,4,3,2,1,9.33,0,0,3,8,12
6701,2016,1,2016-12-02,SE,VIC,Osona,3,0,1,0,2,1,0,0,0,1,0,0,0,100.0,0.0,0,2,No n'hi ha,-1.0,3,3,1,0,0,0,0,0,0,0,0,0,0,0,5,-1,1,Atropellament,-1,2,2,5,-1,2,0,18.47,1,3,4,2,12
6702,2016,0,2016-10-23,BV-2151,SANT MARTI SARROCA,Alt Penedes,3,0,1,0,1,0,0,0,1,0,0,0,0,100.0,0.0,0,3,No n'hi ha,-1.0,3,3,1,0,0,0,0,0,0,0,0,0,0,0,4,-1,1,Caiguda en la via,-1,1,2,4,3,2,0,18.35,1,0,6,23,10
6703,2016,0,2016-03-15,B-10,SANT ADRIA DE BESOS,Barcelones,3,0,1,0,3,0,0,0,1,1,1,0,0,80.0,0.0,0,0,Carril d'alentiment,-1.0,3,3,1,0,0,0,0,0,0,0,0,0,0,2,4,5,0,Fregament o col·lisió lateral,3,1,2,4,0,2,1,8.41,0,2,1,15,3
6704,2016,1,2016-05-17,SE,LLEIDA,Segria,2,0,1,0,1,0,0,0,1,0,0,0,0,20.0,0.0,0,2,No n'hi ha,-1.0,3,3,1,-1,0,0,0,-1,0,0,0,0,-1,0,4,-1,1,Caiguda en la via,-1,2,2,5,-1,2,1,11.1,0,0,1,17,5
6705,2016,1,2016-12-09,SE,LLICA DE VALL,Valles Oriental,3,0,1,0,1,0,0,0,1,0,0,0,0,20.0,0.0,0,2,No n'hi ha,-1.0,3,3,1,-1,0,0,0,-1,0,0,0,0,-1,0,4,-1,1,Caiguda en la via,-1,2,2,5,-1,2,1,10.24,0,0,4,9,12
6706,2016,1,2016-07-14,SE,MATARO,Maresme,3,0,2,1,3,2,0,0,1,0,0,0,0,20.0,0.0,0,2,No n'hi ha,-1.0,3,3,1,-1,0,0,0,-1,0,0,0,0,0,0,1,-1,-1,Atropellament,-1,2,2,5,-1,2,1,20.2,1,3,3,14,7
6707,2016,1,2016-08-30,SE,"VENDRELL, EL",Baix Penedes,0,0,1,0,2,1,0,0,0,1,0,0,0,40.0,0.0,0,2,No n'hi ha,-1.0,3,3,1,-1,0,0,0,-1,0,0,0,0,-1,1,4,4,1,Atropellament,0,2,2,5,-1,2,1,12.01,0,3,1,30,8
6708,2016,1,2016-02-15,SE,LLEIDA,Segria,2,0,1,0,2,0,0,0,1,1,0,0,0,20.0,,0,2,No n'hi ha,-1.0,3,3,1,-1,0,0,0,-1,0,0,0,0,0,0,4,-1,0,Encalç,-1,2,2,5,-1,2,1,9.15,0,2,0,15,2
6709,2016,1,2016-03-22,SE,OLOT,Garrotxa,1,0,1,0,2,0,1,0,0,1,0,0,0,100.0,0.0,0,2,Carril central,-1.0,3,3,1,0,0,0,0,0,0,0,0,0,0,0,4,-1,1,Encalç,-1,2,2,5,0,2,1,17.58,1,2,1,22,3
6710,2016,1,2016-12-04,SE,NAVAS,Bages,3,0,1,0,2,0,0,0,1,1,0,0,0,100.0,0.0,0,2,No n'hi ha,-1.0,1,3,1,0,0,0,0,0,0,0,0,0,0,1,5,4,0,Fregament o col·lisió lateral,2,2,2,5,-1,2,0,19.05,1,2,6,4,12
6711,2016,0,2016-07-15,N-340,AMPOSTA,Montsia,0,0,1,0,2,0,0,0,0,2,0,0,0,100.0,0.0,0,2,No n'hi ha,-1.0,3,3,1,0,0,0,0,0,0,0,0,0,0,0,4,-1,1,Envestida (frontal lateral),-1,1,2,4,1,2,1,10.08,0,2,4,15,7
6712,2016,1,2016-05-27,SE,MANLLEU,Osona,3,0,1,0,2,0,0,0,1,1,0,0,0,20.0,0.0,0,2,No n'hi ha,-1.0,3,3,1,-1,0,0,0,-1,0,0,0,0,-1,1,4,4,1,Caiguda en la via,2,2,2,5,-1,2,1,7.48,0,0,4,27,5
6713,2016,0,2016-03-20,AP-7,FREGINALS,Montsia,0,13,23,13,2,0,0,0,0,1,1,0,0,100.0,0.0,0,2,No n'hi ha,-1.0,3,3,0,0,0,0,0,0,0,0,0,0,0,0,3,-1,0,Resta sortides de via,-1,1,2,4,1,2,0,5.55,2,1,6,20,3
6714,2016,0,2016-01-02,N-II,MACANET DE LA SELVA,Selva,1,0,1,9,3,0,0,0,0,1,2,0,0,100.0,0.0,0,1,No n'hi ha,-1.0,3,3,1,0,0,0,0,0,0,0,0,0,0,2,4,4,1,Encalç,1,1,2,4,1,2,0,9.45,0,2,5,2,1
6715,2016,1,2016-09-17,SE,TERRASSA,Valles Occidental,3,0,3,1,2,0,0,0,0,1,1,0,0,100.0,0.0,0,-1,No n'hi ha,-1.0,3,3,1,0,0,0,0,0,0,0,0,0,0,0,4,-1,-1,Encalç,-1,2,2,5,-1,2,0,8.1,0,2,5,17,9
6716,2016,0,2016-03-05,B-300,PINOS,Solsones,2,0,1,0,1,0,0,0,1,0,0,0,0,100.0,0.0,0,2,No n'hi ha,-1.0,3,3,1,0,0,0,0,0,0,0,0,0,0,0,4,-1,1,Resta sortides de via,-1,1,2,4,2,2,0,14.02,1,1,5,5,3
6717,2016,1,2016-06-09,SE,BARCELONA,Barcelones,3,0,1,1,2,0,0,0,1,1,0,0,0,100.0,0.0,0,-1,No n'hi ha,-1.0,3,3,1,0,0,0,0,0,0,0,0,0,0,1,4,3,0,Envestida (frontal lateral),2,2,2,5,-1,2,1,6.45,0,2,3,9,6
6718,2016,0,2016-02-17,N-II,PALAFOLLS,Maresme,3,0,1,2,4,0,0,0,0,4,0,0,0,100.0,0.0,0,0,No n'hi ha,-1.0,3,3,1,0,0,0,0,0,0,0,0,0,0,0,4,-1,1,Altres,-1,1,2,4,1,2,1,14.47,1,5,2,17,2
6719,2016,1,2016-11-07,SE,RUBI,Valles Occidental,3,1,0,0,2,1,0,0,0,1,0,0,0,100.0,0.0,0,-1,No n'hi ha,-1.0,3,3,0,0,0,0,0,0,0,0,0,0,0,0,4,-1,-1,Atropellament,-1,2,2,5,-1,2,1,8.25,0,3,0,7,11
6720,2016,1,2016-06-01,SE,MOLLERUSSA,Pla d'Urgell,2,0,1,0,2,1,0,0,0,1,0,0,0,30.0,0.0,0,2,No n'hi ha,-1.0,3,3,1,0,0,0,0,0,0,0,0,0,0,0,4,-1,0,Atropellament,-1,2,2,5,-1,2,1,11.0,0,3,2,1,6
6721,2016,1,2016-10-01,SE,SAN FELIU DE CODINES,Valles Oriental,3,0,1,1,4,0,0,0,2,2,0,0,0,100.0,0.0,0,2,No n'hi ha,-1.0,3,3,1,0,0,0,0,0,0,0,0,0,0,0,4,-1,1,Altres,-1,2,2,5,-1,2,0,14.3,1,5,5,1,10
6722,2016,1,2016-12-11,SE,SANT JAUME DE LLIERCA,Garrotxa,1,1,0,0,2,1,0,0,0,1,0,0,0,100.0,0.0,0,2,No n'hi ha,-1.0,3,3,0,0,0,0,0,0,0,0,0,0,0,0,4,-1,0,Atropellament,-1,2,2,5,-1,2,0,8.27,0,3,6,11,12
6723,2016,1,2016-05-25,SE,VIC,Osona,3,0,1,0,2,0,1,0,0,1,0,0,0,100.0,0.0,0,2,No n'hi ha,-1.0,3,3,1,0,0,0,0,0,0,0,0,0,0,1,4,2,1,Envestida (frontal lateral),2,2,2,5,-1,2,1,15.0,1,2,2,25,5
6724,2016,1,2016-08-27,SE,ROSES,Alt Emporda,1,0,2,0,1,0,0,0,0,0,0,1,0,40.0,0.0,0,-1,No n'hi ha,-1.0,3,3,1,-1,0,0,0,-1,0,0,0,0,0,0,5,-1,1,Sortida de via amb xoc o col·lisió,-1,2,2,5,-1,2,0,20.44,1,1,5,27,8
6725,2016,1,2016-02-21,SE,BARCELONA,Barcelones,3,0,1,0,2,0,0,0,1,1,0,0,0,100.0,0.0,0,-1,No n'hi ha,-1.0,3,3,1,0,0,0,0,0,0,0,0,0,0,1,5,3,1,Envestida (frontal lateral),1,2,2,5,-1,2,0,20.3,1,2,6,21,2
6726,2016,1,2016-10-11,SE,BARCELONA,Barcelones,3,0,1,0,2,1,0,0,0,1,0,0,0,30.0,0.0,0,-1,Carril lent,-1.0,3,3,1,0,0,0,0,0,0,0,0,0,0,1,4,2,0,Atropellament,2,2,2,5,-1,2,1,12.45,0,3,1,11,10
6727,2016,0,2016-07-29,N-260,LLES DE CERDANYA,Cerdanya,2,0,1,4,3,0,0,0,0,3,0,0,0,100.0,0.0,0,1,No n'hi ha,-1.0,3,3,1,0,0,0,0,0,0,0,0,0,0,0,4,-1,1,Col·lisió frontal,-1,1,2,4,1,2,0,16.52,1,2,4,29,7
6728,2016,0,2016-11-16,C-31C,SANT BOI DE LLOBREGAT,Baix Llobregat,3,0,1,0,3,0,1,0,0,2,0,0,0,90.0,0.0,0,-1,Sense Especificar,-1.0,3,3,1,0,0,0,0,0,0,0,0,0,0,0,4,-1,-1,Encalç,-1,1,2,4,4,2,1,19.03,1,2,2,16,11
6729,2016,1,2016-08-08,SE,MATARO,Maresme,3,0,1,0,2,1,0,0,0,1,0,0,0,30.0,0.0,0,-1,No n'hi ha,-1.0,3,3,1,-1,0,0,0,-1,0,0,0,0,1,0,4,-1,-1,Atropellament,-1,2,2,5,-1,2,1,20.05,1,3,0,8,8
6730,2016,0,2016-10-16,GI-533,VILOBI D'ONYAR,Selva,1,0,1,0,1,0,0,0,1,0,0,0,0,70.0,0.0,0,2,No n'hi ha,-1.0,3,3,1,0,0,0,0,0,0,0,0,0,0,0,3,-1,1,Xoc contra objecte/obstacle sense sortida prèvia de via,-1,1,2,4,3,2,0,19.35,1,4,6,16,10
6731,2016,0,2016-02-20,N-141C,SANT FRUITOS DE BAGES,Bages,3,0,1,0,2,0,0,1,0,1,0,0,0,100.0,0.0,0,2,No n'hi ha,-1.0,3,3,1,0,0,0,0,0,1,0,1,0,0,1,3,4,1,Xoc contra objecte/obstacle sense sortida prèvia de via,1,1,2,4,1,2,0,21.3,1,4,5,20,2
6732,2016,0,2016-09-27,C-51,ALBINYANA,Baix Penedes,0,1,1,0,2,0,0,0,1,0,1,0,0,70.0,0.0,0,2,No n'hi ha,-1.0,3,3,0,0,0,0,0,0,0,0,0,0,0,0,3,-1,1,Col·lisió frontal,-1,1,2,4,2,2,1,7.04,0,2,1,27,9
6733,2016,1,2016-01-25,SE,GRANOLLERS,Valles Oriental,3,0,1,0,2,0,0,0,1,1,0,0,0,100.0,0.0,0,2,No n'hi ha,-1.0,3,3,1,0,0,0,0,0,0,0,0,0,0,1,5,5,1,Envestida (frontal lateral),1,2,2,5,-1,2,1,21.25,1,2,0,25,1
6734,2016,1,2016-05-03,SE,GIRONA,Girones,1,0,1,0,2,1,0,0,0,1,0,0,0,100.0,0.0,0,2,No n'hi ha,-1.0,3,3,1,0,0,0,0,0,0,0,0,0,0,0,4,-1,1,Atropellament,-1,2,2,5,-1,2,1,11.31,0,3,1,3,5
6735,2016,1,2016-08-10,GI-682,LLORET DE MAR,Selva,1,0,1,0,2,0,0,0,1,1,0,0,0,100.0,0.0,0,2,No n'hi ha,-1.0,3,3,1,0,0,0,0,0,0,0,0,0,0,0,5,-1,1,Envestida (frontal lateral),-1,0,2,4,-1,2,1,20.55,1,2,2,10,8
6736,2016,1,2016-03-16,SE,OLOT,Garrotxa,1,0,1,0,2,1,0,0,0,1,0,0,0,20.0,0.0,0,2,No n'hi ha,-1.0,1,3,1,0,0,0,0,0,0,0,0,0,0,2,2,4,1,Atropellament,1,2,2,5,-1,2,1,17.47,1,3,2,16,3
6737,2016,0,2016-06-06,LV-3113,GUISSONA,Segarra,2,0,1,1,2,0,0,1,0,1,0,0,0,60.0,0.0,0,2,No n'hi ha,-1.0,3,3,1,0,0,0,0,0,0,0,0,0,0,1,4,5,1,Col·lisió frontal,1,1,2,4,0,2,1,19.44,1,2,0,6,6
6738,2016,0,2016-12-19,C-17,MOLLET DEL VALLES,Valles Oriental,3,0,1,0,1,0,0,0,0,1,0,0,0,100.0,0.0,0,2,No n'hi ha,-1.0,3,3,1,0,0,0,0,0,0,0,0,0,0,0,3,-1,0,Resta sortides de via,-1,1,2,4,2,2,1,17.52,1,1,0,19,12
6739,2016,0,2016-09-18,N-141C,CALDERS,Moianès,3,0,1,0,2,0,0,0,1,1,0,0,0,100.0,0.0,0,2,No n'hi ha,-1.0,3,3,1,0,0,0,0,0,0,0,0,0,1,1,4,5,1,Encalç,1,1,2,4,3,2,0,11.42,0,2,6,18,9
6740,2016,1,2016-12-01,SE,BARCELONA,Barcelones,3,1,0,0,2,1,0,0,0,0,1,0,0,30.0,0.0,0,-1,No n'hi ha,-1.0,3,3,0,0,0,0,0,0,0,0,0,0,0,0,4,-1,0,Atropellament,-1,2,2,5,-1,2,1,16.09,1,3,3,1,12
6741,2016,1,2016-02-05,SE,SENTMENAT,Valles Occidental,3,0,1,0,2,1,0,0,0,1,0,0,0,40.0,0.0,0,2,No n'hi ha,-1.0,3,3,1,0,0,0,0,0,0,0,0,0,0,0,5,-1,1,Atropellament,-1,2,2,5,-1,2,0,19.06,1,3,4,5,2
6742,2016,0,2016-01-07,N-260,RIPOLL,Ripolles,1,0,2,1,2,0,0,0,0,2,0,0,0,100.0,0.0,0,1,No n'hi ha,-1.0,3,3,1,0,0,0,0,0,0,0,0,0,0,1,1,4,1,Envestida (frontal lateral),2,1,2,4,1,2,1,17.53,1,2,3,7,1
6743,2016,0,2016-05-20,B-23,ESPLUGUES DE LLOBREGAT,Baix Llobregat,3,0,2,1,2,0,0,0,0,2,0,0,0,80.0,0.0,0,2,No n'hi ha,-1.0,3,3,1,0,0,0,0,0,0,0,0,0,0,0,5,-1,1,Encalç,-1,1,2,4,3,2,0,23.45,2,2,4,20,5
6744,2016,1,2016-09-15,SE,TORRELAVIT,Alt Penedes,3,0,1,0,2,1,0,0,0,1,0,0,0,30.0,0.0,0,2,No n'hi ha,-1.0,3,3,1,0,0,0,0,0,0,0,0,0,0,0,1,-1,1,Atropellament,-1,2,1,5,-1,2,1,19.45,1,3,3,15,9
6745,2016,1,2016-06-17,SE,BLANES,Selva,1,0,1,0,2,0,0,0,1,1,0,0,0,20.0,0.0,0,2,No n'hi ha,-1.0,3,3,1,-1,0,0,0,-1,0,0,0,0,-1,0,4,-1,1,Col·lisió frontal,-1,2,2,5,-1,2,1,14.1,1,2,4,17,6
6746,2016,1,2016-11-22,SE,BARCELONA,Barcelones,3,1,0,2,2,1,0,0,0,0,0,1,0,100.0,0.0,0,-1,No n'hi ha,-1.0,1,3,0,0,0,0,0,0,0,0,0,0,0,1,5,3,1,Atropellament,2,2,0,5,-1,2,1,6.45,0,3,1,22,11
6747,2016,1,2016-09-01,SE,"VENDRELL, EL",Baix Penedes,0,0,1,0,2,1,0,0,0,1,0,0,0,40.0,0.0,0,-1,No n'hi ha,-1.0,3,3,1,-1,-1,0,0,-1,0,0,0,0,0,1,4,2,1,Atropellament,2,2,2,5,-1,2,1,16.56,1,3,3,1,9
6748,2016,0,2016-03-19,BP-1417,BARCELONA,Barcelones,3,0,1,2,4,3,0,0,0,1,0,0,0,50.0,0.0,0,-1,No n'hi ha,-1.0,3,3,1,0,0,0,0,0,0,0,0,0,0,0,5,-1,1,Atropellament,-1,1,2,4,3,2,0,0.3,2,3,5,19,3
6749,2016,0,2016-10-22,AP-7,SANT GREGORI,Girones,1,1,0,0,2,1,0,0,0,1,0,0,0,100.0,0.0,0,1,No n'hi ha,-1.0,3,3,0,0,0,0,0,0,0,0,0,0,0,0,3,-1,0,Atropellament,-1,1,2,4,1,2,0,6.5,0,3,5,22,10
6750,2016,0,2016-09-20,C-37,CASTELLFOLLIT DEL BO,Bages,3,0,3,0,2,0,0,0,0,2,0,0,0,100.0,0.0,0,2,No n'hi ha,-1.0,3,3,1,0,0,0,0,0,0,0,0,0,0,0,4,-1,1,Col·lisió frontal,-1,1,2,4,2,2,1,13.53,0,2,1,20,9
6751,2016,0,2016-03-18,BV-2421,"PALMA DE CERVELLO, LA",Baix Llobregat,3,1,1,2,3,0,0,0,0,3,0,0,0,100.0,0.0,0,3,No n'hi ha,-1.0,3,3,0,0,0,0,0,0,0,0,0,0,0,0,2,-1,1,Col·lisió frontal,-1,1,2,4,2,2,0,17.16,1,2,4,18,3
6752,2016,1,2016-07-01,SE,BARCELONA,Barcelones,3,0,1,1,2,0,0,0,1,1,0,0,0,100.0,0.0,0,-1,No n'hi ha,-1.0,3,3,1,0,0,0,0,0,0,0,0,0,0,0,5,-1,0,Encalç,-1,2,2,5,-1,2,1,1.0,2,2,4,1,7
6753,2016,0,2016-06-13,N-II,MACANET DE LA SELVA,Selva,1,0,2,1,4,0,0,0,0,4,0,0,0,100.0,0.0,0,1,No n'hi ha,-1.0,3,3,1,0,0,0,0,0,0,0,0,0,0,0,4,-1,1,Col·lisió frontal,-1,1,2,4,1,2,1,14.34,1,2,0,13,6
6754,2016,0,2016-04-10,C-13,CASTELL DE MUR,Pallars Jussa,2,0,1,0,1,0,1,0,0,0,0,0,0,100.0,0.0,0,1,No n'hi ha,-1.0,3,3,1,0,1,0,0,0,0,0,0,0,0,0,4,-1,1,Caiguda en la via,-1,1,2,4,2,2,0,11.34,0,0,6,10,4
6755,2016,1,2016-05-18,SE,BARCELONA,Barcelones,3,0,1,1,2,1,0,0,1,0,0,0,0,100.0,0.0,0,-1,Carril bus,-1.0,3,3,1,0,0,0,0,0,0,0,0,0,0,0,4,-1,0,Atropellament,-1,2,2,5,-1,2,1,20.0,1,3,2,18,5
6756,2016,1,2016-05-28,SE,BARCELONA,Barcelones,3,0,1,1,3,0,0,1,1,1,0,0,0,100.0,0.0,0,-1,No n'hi ha,-1.0,3,3,1,0,0,0,0,0,0,0,0,0,0,0,4,-1,1,Fregament o col·lisió lateral,-1,2,2,5,-1,2,0,17.05,1,2,5,28,5
6757,2016,0,2016-04-24,GI-521,SANT JOAN DE LES ABADESSES,Ripolles,1,0,1,0,1,0,0,0,1,0,0,0,0,100.0,0.0,0,1,No n'hi ha,-1.0,3,3,1,0,1,0,0,0,0,0,0,0,0,0,4,-1,1,Resta sortides de via,-1,1,2,4,2,2,0,11.48,0,1,6,24,4
6758,2016,0,2016-04-15,C-32,VILADECANS,Baix Llobregat,3,0,1,0,2,0,0,0,1,1,0,0,0,100.0,0.0,0,2,No n'hi ha,-1.0,3,3,1,0,0,0,0,0,0,0,0,0,0,2,4,2,1,Encalç,3,1,2,4,2,2,1,7.55,0,2,4,15,4
6759,2016,0,2016-11-04,B-510,ARGENTONA,Maresme,3,0,1,0,2,0,0,0,1,1,0,0,0,80.0,0.0,0,1,No n'hi ha,-1.0,3,3,1,0,0,0,0,0,0,0,0,0,0,0,4,-1,1,Altres,-1,1,2,4,3,2,0,15.47,1,5,4,4,11
6760,2016,1,2016-07-17,SE,ALCANAR,Montsia,0,0,1,0,2,0,0,1,0,1,0,0,0,100.0,0.0,0,2,No n'hi ha,-1.0,3,3,1,0,0,0,0,0,0,0,0,0,0,2,4,5,1,Fregament o col·lisió lateral,0,2,2,5,-1,0,0,18.1,1,2,6,17,7
6761,2016,0,2016-09-16,C-352,CANOVELLES,Valles Oriental,3,0,1,0,2,1,0,0,0,1,0,0,0,90.0,0.0,0,-1,Sense Especificar,-1.0,3,3,1,0,0,0,0,0,0,0,0,0,0,1,4,4,-1,Atropellament,0,1,2,4,4,2,1,13.07,0,3,4,16,9
6762,2016,1,2016-02-04,SE,"VENDRELL, EL",Baix Penedes,0,0,1,0,2,1,0,0,0,1,0,0,0,40.0,0.0,0,-1,No n'hi ha,-1.0,3,3,1,-1,-1,0,0,-1,0,0,0,0,0,0,4,-1,1,Atropellament,-1,2,2,5,-1,2,1,17.06,1,3,3,4,2
6763,2016,1,2016-02-04,SE,SANTA PERPETUA DE MO,Valles Occidental,3,0,1,1,2,1,0,0,1,0,0,0,0,40.0,0.0,0,2,No n'hi ha,-1.0,3,3,1,0,0,0,0,0,0,0,0,0,0,0,4,-1,1,Atropellament,-1,2,2,5,-1,2,1,9.06,0,3,3,4,2
6764,2016,0,2016-06-05,C-59,PALAU DE PLEGAMANS,Valles Occidental,3,1,4,0,2,0,0,0,0,2,0,0,0,100.0,0.0,0,-1,No n'hi ha,-1.0,3,3,0,0,0,0,0,0,0,0,0,0,0,0,4,-1,-1,Col·lisió frontal,-1,1,2,4,-1,2,0,1.1,2,2,6,5,6
6765,2016,0,2016-09-16,B-20,BARCELONA,Barcelones,3,0,1,0,2,0,0,0,1,1,0,0,0,80.0,1.0,0,-1,No n'hi ha,-1.0,3,3,1,0,0,1,0,0,0,0,0,0,0,0,5,-1,1,Fregament o col·lisió lateral,-1,1,2,1,-1,2,0,17.3,1,2,4,16,9
6766,2016,1,2016-01-19,SE,CASSA DE LA SELVA,Girones,1,0,1,1,2,0,0,0,0,2,0,0,0,100.0,0.0,0,2,No n'hi ha,-1.0,3,3,1,0,0,0,0,0,1,0,0,0,0,1,4,2,1,Col·lisió frontal,1,2,2,5,0,2,1,8.5,0,2,1,19,1
6767,2016,1,2016-02-27,SE,HOSPITALET DE LLOBREGAT,Barcelones,3,0,1,1,2,0,0,1,0,0,1,0,0,20.0,0.0,0,2,Carril bus,-1.0,3,3,1,-1,0,0,0,-1,0,0,0,0,-1,1,4,5,0,Envestida (frontal lateral),1,2,2,5,-1,2,0,17.15,1,2,5,27,2
6768,2016,1,2016-08-06,SE,SALOU,Tarragones,0,0,1,0,2,0,1,0,0,1,0,0,0,100.0,0.0,0,2,No n'hi ha,-1.0,3,3,1,0,0,0,0,0,1,0,0,0,0,2,4,-1,1,Envestida (frontal lateral),0,2,2,5,-1,2,0,8.47,0,2,5,6,8
6769,2016,1,2016-05-04,SE,BARCELONA,Barcelones,3,0,1,1,2,0,0,0,1,1,0,0,0,100.0,0.0,0,-1,No n'hi ha,-1.0,3,3,1,0,0,0,0,0,0,0,0,0,0,1,4,3,0,Envestida (frontal lateral),2,2,2,5,-1,2,1,15.0,1,2,2,4,5
6770,2016,0,2016-01-10,TV-7002,VIMBODI,Conca de Barbera,0,0,1,0,2,1,0,0,0,1,0,0,0,90.0,0.0,0,-1,Sense Especificar,-1.0,3,3,1,0,0,0,0,0,0,0,0,0,0,0,4,-1,-1,Atropellament,-1,1,2,4,4,2,0,13.52,0,3,6,10,1
6771,2016,1,2016-05-27,SE,ROSES,Alt Emporda,1,0,1,0,2,1,0,0,0,1,0,0,0,40.0,0.0,0,2,No n'hi ha,-1.0,3,3,1,-1,0,0,0,-1,0,0,0,0,-1,0,4,-1,1,Atropellament,-1,2,2,5,-1,2,1,14.07,1,3,4,27,5
6772,2016,1,2016-08-06,SE,SANT CUGAT DEL VALLES,Valles Occidental,3,0,1,1,2,0,0,0,1,1,0,0,0,100.0,0.0,0,2,No n'hi ha,-1.0,3,3,1,0,0,0,0,0,0,0,0,0,0,1,4,4,1,Col·lisió frontal,1,2,2,5,0,2,0,9.38,0,2,5,6,8
6773,2016,1,2016-06-22,SE,VILAFRANCA DEL PENEDES,Alt Penedes,3,0,1,0,2,0,0,0,1,1,0,0,0,20.0,0.0,0,2,No n'hi ha,-1.0,3,3,1,-1,0,0,0,-1,0,0,0,0,0,1,4,4,1,Envestida (frontal lateral),1,2,2,5,0,2,1,20.1,1,2,2,22,6
6774,2016,0,2016-02-14,BP-1103,MARGANELL,Bages,3,0,1,0,1,0,0,0,1,0,0,0,0,50.0,0.0,0,3,No n'hi ha,-1.0,3,3,1,0,0,0,0,0,0,0,0,0,0,0,4,-1,1,Caiguda en la via,-1,1,2,4,2,2,0,11.48,0,0,6,14,2
6775,2016,1,2016-09-30,SE,HOSPITALET DE LLOBREGAT,Barcelones,3,0,1,0,2,0,0,0,1,1,0,0,0,20.0,0.0,0,-1,No n'hi ha,-1.0,3,3,1,0,-1,0,0,0,0,0,0,0,0,1,5,3,-1,Fregament o col·lisió lateral,2,2,2,5,-1,2,1,5.5,2,2,4,30,9
6776,2016,1,2016-12-10,SE,MARTORELLES,Valles Oriental,3,1,0,4,2,0,0,0,0,2,0,0,0,50.0,0.0,0,2,Carril avançament,-1.0,3,3,0,0,0,0,0,0,0,0,0,0,0,0,5,-1,1,Fregament o col·lisió lateral,-1,2,2,5,-1,2,0,20.57,1,2,5,10,12
6777,2016,1,2016-03-03,SE,SABADELL,Valles Occidental,3,0,1,0,2,1,0,0,0,1,0,0,0,100.0,0.0,0,-1,No n'hi ha,-1.0,3,3,1,0,0,0,0,0,0,0,0,0,0,0,4,-1,-1,Atropellament,-1,2,2,5,-1,2,1,16.04,1,3,3,3,3
6778,2016,1,2016-01-17,SE,CAMARLES,Baix Ebre,0,0,1,1,1,0,0,0,0,1,0,0,0,100.0,0.0,0,1,No n'hi ha,-1.0,3,3,1,0,0,0,0,0,0,0,0,0,0,0,0,-1,1,Resta sortides de via,-1,2,2,5,0,1,0,4.22,2,1,6,17,1
6779,2016,0,2016-09-29,CR,SANT CARLES DE LA RAPITA,Montsia,0,0,1,0,2,0,1,0,0,1,0,0,0,60.0,0.0,0,2,No n'hi ha,-1.0,3,3,1,0,0,0,0,0,0,0,0,0,0,0,4,-1,1,Fregament o col·lisió lateral,-1,1,2,3,0,2,1,8.03,0,2,3,29,9
6780,2016,0,2016-08-04,C-58,RIPOLLET,Valles Occidental,3,0,1,0,2,0,0,0,1,1,0,0,0,100.0,0.0,0,2,No n'hi ha,-1.0,3,3,1,0,0,0,0,0,0,0,0,0,0,0,3,-1,0,Fregament o col·lisió lateral,-1,1,2,4,2,2,1,21.34,1,2,3,4,8
6781,2016,1,2016-10-18,BV-5001,MONTORNES DEL VALLES,Valles Oriental,3,0,1,0,2,0,0,0,1,1,0,0,0,30.0,0.0,0,2,No n'hi ha,-1.0,3,3,1,0,0,0,0,0,0,0,0,0,0,2,4,-1,1,Caiguda en la via,0,0,2,4,-1,2,1,9.5,0,0,1,18,10
6782,2016,1,2016-08-21,SE,SALOU,Tarragones,0,0,1,0,4,3,0,0,0,1,0,0,0,100.0,0.0,0,2,No n'hi ha,-1.0,3,3,1,0,0,0,0,0,0,0,0,0,0,1,4,2,1,Atropellament,1,2,2,5,-1,2,0,12.3,0,3,6,21,8