,Year,Area,Date,Road,Municipality Name,County Name,Province Name,Fatalties,Serious Injuries,Light Injuries,Units Involved,Pedestrains Involved,Bicycles Involved,Mopeds Involved,Motorcycles,Light Vehicles Involved,Heavy Vehicles Involved,Other Units Involved,Unspecified Units Involved,Road Speed Limit,Accident with Hit and Run,Fog Presence,Surrounding Environment,Special Lane Presence,Special Traffic Measures,Weather Conditions,Special Road Functions,Severity of Accident,Influence of Fog,Influence of Environment,Influence of Traffic,Influence of Weather,Influence of Wind Intensity,Influence of Lighting,Influence of Special Measures,Influence of Road Objects,Influence of Road Surface,Influence of Visibility,Intersection Characteristics,Lighting Conditions,Traffic Regulation and Priority,Direction of Road,Subtype of Accident,Subtype of Road Section,Subzone within Area,Road Surface Conditions,Type of Road,Road Ownership,Wind Conditions,Day of the Week Grouping,Hour of Day,Time of Day Grouping,Type of Accident,Day Type,Day,Month
6783,2016,0,2016-05-29,AL,VILAMACOLUM,Alt Emporda,1,0,1,0,1,0,0,0,0,1,0,0,0,100.0,0.0,0,1,No n'hi ha,-1.0,3,3,1,0,0,0,0,0,0,0,0,0,0,0,4,-1,1,Resta sortides de via,-1,1,0,0,0,2,0,12.0,0,1,6,29,5
6784,2016,0,2016-07-27,N-230,ARRES,Val d'Aran,2,0,2,0,1,0,0,0,0,1,0,0,0,100.0,0.0,0,2,No n'hi ha,-1.0,3,3,1,0,0,0,0,0,0,0,0,0,0,0,4,-1,1,Resta sortides de via,-1,1,2,4,1,2,1,19.01,1,1,2,27,7
6785,2016,1,2016-07-14,SE,BARCELONA,Barcelones,3,0,1,1,2,1,0,0,1,0,0,0,0,100.0,0.0,0,-1,No n'hi ha,-1.0,3,3,1,0,0,0,0,0,0,0,0,0,1,0,5,-1,0,Atropellament,-1,2,0,5,-1,2,1,21.3,1,3,3,14,7
6786,2016,0,2016-02-09,AP-7,VILADEMULS,Pla de l'Estany,1,1,0,0,2,1,0,0,0,0,1,0,0,50.0,0.0,0,2,Altres,-1.0,3,3,0,0,0,0,0,0,0,0,0,0,0,0,5,-1,1,Atropellament,-1,1,2,2,1,2,1,0.29,2,3,1,9,2
6787,2016,0,2016-04-26,C-31,SANT ADRIA DE BESOS,Barcelones,3,0,1,0,4,0,0,0,1,2,1,0,0,60.0,0.0,0,1,Carril bus,-1.0,3,3,1,0,0,0,0,0,0,0,0,0,0,0,4,-1,1,Altres,-1,1,2,4,2,2,1,18.55,1,5,1,26,4
6788,2016,1,2016-07-01,SE,VIC,Osona,3,0,1,0,2,0,0,0,1,1,0,0,0,100.0,0.0,0,2,No n'hi ha,-1.0,3,3,1,0,0,0,0,0,0,0,0,0,0,1,4,5,1,Envestida (frontal lateral),2,2,2,5,-1,2,1,12.3,0,2,4,1,7
6789,2016,1,2016-11-17,SE,BARCELONA,Barcelones,3,0,1,1,2,1,0,0,1,0,0,0,0,100.0,0.0,0,-1,No n'hi ha,-1.0,3,3,1,0,0,0,0,0,0,0,0,0,0,1,5,3,0,Atropellament,2,2,2,5,-1,2,1,18.39,1,3,3,17,11
6790,2016,0,2016-11-14,C-31,HOSPITALET DE LLOBREGAT,Barcelones,3,0,1,0,3,0,0,0,1,2,0,0,0,80.0,0.0,0,2,No n'hi ha,-1.0,3,3,1,0,0,0,0,0,0,0,0,0,0,0,5,-1,0,Encalç,-1,1,2,4,2,2,1,9.3,0,2,0,14,11
6791,2016,1,2016-08-28,SE,BARCELONA,Barcelones,3,0,1,0,2,0,0,0,1,1,0,0,0,100.0,0.0,0,-1,No n'hi ha,-1.0,3,3,1,0,0,0,0,0,0,0,0,0,0,1,4,3,0,Fregament o col·lisió lateral,2,2,2,5,-1,2,0,19.4,1,2,6,28,8
6792,2016,1,2016-03-04,SE,MOLINS DE REI,Baix Llobregat,3,0,2,0,2,0,0,0,1,1,0,0,0,20.0,0.0,0,2,No n'hi ha,-1.0,3,3,1,-1,0,0,0,-1,0,0,0,0,-1,1,1,4,1,Envestida (frontal lateral),1,2,2,5,0,2,0,18.15,1,2,4,4,3
6793,2016,1,2016-07-07,SE,SANT CARLES DE LA RAPITA,Montsia,0,0,1,0,2,0,0,0,1,1,0,0,0,40.0,0.0,0,2,No n'hi ha,-1.0,3,3,1,0,0,0,0,0,0,0,0,0,0,1,5,5,1,Col·lisió frontal,1,2,2,5,-1,2,1,0.48,2,2,3,7,7
6794,2016,0,2016-08-07,CR,CAMARLES,Baix Ebre,0,0,1,0,2,0,0,0,0,2,0,0,0,100.0,0.0,0,2,No n'hi ha,-1.0,3,3,1,0,0,0,0,0,0,0,0,0,1,1,4,5,1,Envestida (frontal lateral),2,1,2,3,0,2,0,20.4,1,2,6,7,8
6795,2016,1,2016-03-09,SE,TARRAGONA,Tarragones,0,0,1,0,2,1,0,0,0,1,0,0,0,20.0,0.0,0,2,No n'hi ha,-1.0,3,3,1,-1,0,0,0,-1,0,0,0,0,0,0,4,-1,0,Atropellament,-1,2,2,5,-1,2,1,11.0,0,3,2,9,3
6796,2016,0,2016-01-23,C-58,MONTCADA I REIXAC,Valles Occidental,3,0,1,7,7,0,0,0,0,7,0,0,0,90.0,0.0,0,-1,Sense Especificar,-1.0,3,3,1,0,0,0,0,0,0,0,0,0,0,0,4,-1,-1,Encalç,-1,1,2,4,4,2,0,18.33,1,2,5,23,1
6797,2016,1,2016-06-13,SE,BARCELONA,Barcelones,3,0,1,0,3,0,0,0,2,0,1,0,0,100.0,0.0,0,-1,No n'hi ha,-1.0,3,3,1,0,0,0,0,0,0,0,0,0,0,0,4,-1,1,Envestida (frontal lateral),-1,2,2,5,-1,2,1,9.53,0,2,0,13,6
6798,2016,0,2016-09-30,C-12,TORTOSA,Baix Ebre,0,0,1,0,2,0,1,0,0,1,0,0,0,100.0,0.0,0,1,No n'hi ha,-1.0,3,3,1,0,0,0,0,0,0,0,0,0,0,0,4,-1,1,Xoc contra objecte/obstacle sense sortida prèvia de via,-1,1,2,4,2,2,1,8.17,0,4,4,30,9
6799,2016,1,2016-03-26,SE,CASSA DE LA SELVA,Girones,1,0,1,0,2,0,0,0,1,1,0,0,0,70.0,0.0,0,2,No n'hi ha,-1.0,3,3,1,0,0,0,0,0,0,0,0,0,0,1,4,4,1,Fregament o col·lisió lateral,0,2,2,5,-1,2,0,10.41,0,2,5,26,3
6800,2016,1,2016-10-17,SE,SABADELL,Valles Occidental,3,0,1,0,2,1,0,0,0,1,0,0,0,30.0,0.0,0,2,No n'hi ha,-1.0,3,3,1,0,0,0,0,0,0,0,0,0,0,2,4,4,0,Atropellament,1,2,2,5,-1,2,1,9.1,0,3,0,17,10
6801,2016,1,2016-06-09,SE,MOLLET DEL VALLES,Valles Oriental,3,0,1,1,2,0,0,0,1,1,0,0,0,20.0,0.0,0,-1,No n'hi ha,-1.0,3,3,1,-1,-1,0,0,-1,0,0,0,0,-1,1,4,5,-1,Fregament o col·lisió lateral,0,2,2,5,-1,2,1,8.16,0,2,3,9,6
6802,2016,1,2016-12-23,SE,CORNELLA DE LLOBREGAT,Baix Llobregat,3,0,1,1,2,1,0,0,1,0,0,0,0,20.0,0.0,0,-1,No n'hi ha,-1.0,3,3,1,0,0,0,0,0,0,0,0,0,0,1,4,2,-1,Atropellament,0,2,2,5,0,2,1,12.5,0,3,4,23,12
6803,2016,1,2016-08-15,SE,CASTELLO D'EMPURIES,Alt Emporda,1,0,1,1,2,0,0,1,0,1,0,0,0,100.0,0.0,0,2,No n'hi ha,-1.0,3,3,1,0,0,0,0,0,0,0,0,0,0,0,5,-1,1,Envestida (frontal lateral),-1,2,2,5,0,2,1,4.12,2,2,0,15,8
6804,2016,0,2016-06-03,C-58,TERRASSA,Valles Occidental,3,0,1,0,2,0,0,0,1,1,0,0,0,100.0,0.0,0,2,No n'hi ha,-1.0,3,3,1,0,0,0,0,0,0,0,0,0,0,0,4,-1,1,Fregament o col·lisió lateral,-1,1,2,4,2,2,1,12.53,0,2,4,3,6
6805,2016,1,2016-07-07,N-340,"ALDEA, L'",Baix Ebre,0,0,1,1,2,0,0,1,0,1,0,0,0,100.0,0.0,0,2,No n'hi ha,-1.0,3,3,1,0,0,0,0,0,0,0,0,0,0,1,4,4,0,Envestida (frontal lateral),2,0,2,4,0,2,1,15.58,1,2,3,7,7
6806,2016,1,2016-06-15,C-1413a,RUBI,Valles Occidental,3,0,1,0,2,1,0,0,0,1,0,0,0,100.0,0.0,0,2,No n'hi ha,-1.0,3,3,1,0,0,0,0,0,0,0,0,0,0,0,4,-1,1,Atropellament,-1,0,2,4,2,2,1,7.35,0,3,2,15,6
6807,2016,1,2016-05-05,SE,MANRESA,Bages,3,0,1,0,2,1,0,0,0,1,0,0,0,100.0,0.0,0,2,No n'hi ha,-1.0,3,3,1,0,0,0,0,0,0,0,0,0,0,0,4,-1,0,Atropellament,-1,2,2,5,-1,2,1,15.5,1,3,3,5,5
6808,2016,1,2016-02-13,SE,BARCELONA,Barcelones,3,0,1,0,2,0,0,0,1,1,0,0,0,100.0,0.0,0,-1,No n'hi ha,-1.0,3,3,1,0,0,0,0,0,0,0,0,0,0,1,5,3,0,Encalç,2,2,2,5,-1,2,0,21.1,1,2,5,13,2
6809,2016,1,2016-04-19,SE,LLEIDA,Segria,2,0,1,0,2,0,0,0,0,1,1,0,0,20.0,0.0,0,-1,No n'hi ha,-1.0,3,3,1,0,0,0,0,0,0,0,0,0,0,1,4,4,1,Envestida (frontal lateral),2,2,2,5,-1,2,1,17.2,1,2,1,19,4
6810,2016,1,2016-07-02,B-224,PIERA,Anoia,3,0,1,0,2,1,0,0,0,1,0,0,0,100.0,0.0,0,2,No n'hi ha,-1.0,3,3,1,0,0,0,0,0,0,0,0,0,0,0,1,-1,1,Atropellament,-1,0,2,4,-1,2,0,21.15,1,3,5,2,7
6811,2016,0,2016-04-10,AP-7,MOLLET DEL VALLES,Valles Oriental,3,0,2,0,2,0,0,0,0,2,0,0,0,100.0,1.0,0,1,No n'hi ha,-1.0,3,3,1,0,0,0,0,0,1,0,0,0,0,0,3,-1,0,Encalç,-1,1,2,4,1,2,0,2.53,2,2,6,10,4
6812,2016,1,2016-04-28,SE,FIGUERES,Alt Emporda,1,0,1,0,2,1,0,0,0,1,0,0,0,100.0,0.0,0,2,No n'hi ha,-1.0,3,3,1,0,0,0,0,0,1,0,0,0,0,0,4,-1,0,Atropellament,-1,2,2,5,-1,2,1,18.2,1,3,3,28,4
6813,2016,1,2016-06-14,SE,SANT FELIU DE LLOBREGAT,Baix Llobregat,3,0,1,0,3,1,0,0,0,2,0,0,0,30.0,0.0,0,2,No n'hi ha,-1.0,3,3,1,0,0,0,0,0,0,0,0,0,0,1,4,3,1,Atropellament,2,2,2,5,-1,2,1,10.11,0,3,1,14,6
6814,2016,1,2016-08-26,SE,CALONGE,Baix Emporda,1,0,1,0,2,1,0,0,0,1,0,0,0,100.0,0.0,0,2,No n'hi ha,-1.0,3,3,1,0,0,0,0,0,0,0,0,0,0,0,4,-1,0,Atropellament,-1,2,1,5,-1,2,1,13.39,0,3,4,26,8
6815,2016,1,2016-12-18,SE,ESPARREGUERA,Baix Llobregat,3,0,1,0,2,0,0,0,1,1,0,0,0,20.0,0.0,0,2,No n'hi ha,-1.0,3,3,1,-1,0,0,0,-1,0,0,0,0,0,0,5,-1,0,Fregament o col·lisió lateral,-1,2,2,5,-1,2,0,23.53,2,2,6,18,12
6816,2016,1,2016-10-11,N-340,VALLIRANA,Baix Llobregat,3,0,1,0,1,0,0,0,1,0,0,0,0,100.0,0.0,0,-1,No n'hi ha,-1.0,3,3,1,0,0,0,0,0,0,0,0,0,0,0,4,-1,-1,Xoc contra objecte/obstacle sense sortida prèvia de via,-1,0,2,4,-1,2,1,20.4,1,4,1,11,10
6817,2016,0,2016-12-19,C-55,MANRESA,Bages,3,0,1,3,2,0,0,0,0,2,0,0,0,100.0,0.0,0,2,No n'hi ha,-1.0,1,3,1,0,0,0,0,0,0,0,0,0,0,0,3,-1,0,Col·lisió frontal,-1,1,2,4,2,2,1,21.12,1,2,0,19,12
6818,2016,0,2016-01-26,C-155,MOLLET DEL VALLES,Valles Oriental,3,0,1,0,1,0,0,0,1,0,0,0,0,100.0,0.0,0,1,No n'hi ha,-1.0,3,3,1,0,0,0,0,0,0,0,0,0,0,0,4,-1,1,Caiguda en la via,-1,1,2,4,2,2,1,15.15,1,0,1,26,1
6819,2016,1,2016-06-18,SE,CORNELLA DE LLOBREGAT,Baix Llobregat,3,0,1,0,2,1,0,0,0,1,0,0,0,20.0,0.0,0,2,No n'hi ha,-1.0,3,3,1,-1,0,0,0,-1,0,0,0,0,-1,1,4,2,1,Atropellament,1,2,2,5,-1,2,0,20.15,1,3,5,18,6
6820,2016,1,2016-08-13,SE,SANT CARLES DE LA RAPITA,Montsia,0,0,1,1,3,0,0,0,1,2,0,0,0,30.0,0.0,0,2,No n'hi ha,-1.0,3,3,1,0,0,0,0,0,0,0,0,0,0,1,4,4,1,Col·lisió frontal,1,2,2,5,-1,2,0,18.3,1,2,5,13,8
6821,2016,0,2016-08-06,A-2,SANT VICENC DELS HORTS,Baix Llobregat,3,0,1,0,1,0,1,0,0,0,0,0,0,100.0,1.0,0,0,No n'hi ha,1.0,3,3,1,0,0,0,0,0,0,0,0,0,0,1,1,2,1,Caiguda en la via,0,1,2,4,1,2,0,12.51,0,0,5,6,8
6822,2016,1,2016-06-13,N-II,MATARO,Maresme,3,0,1,0,2,0,0,1,0,1,0,0,0,90.0,0.0,0,-1,No n'hi ha,-1.0,3,3,1,-1,-1,0,0,-1,0,0,0,0,0,0,5,-1,1,Fregament o col·lisió lateral,-1,0,2,4,-1,2,1,22.15,2,2,0,13,6
6823,2016,0,2016-08-07,GI-682,TOSSA DE MAR,Selva,1,0,1,0,1,0,0,0,1,0,0,0,0,100.0,0.0,0,1,No n'hi ha,-1.0,3,3,1,0,0,0,0,0,0,0,0,0,0,0,4,-1,1,Caiguda en la via,-1,1,2,4,2,2,0,16.18,1,0,6,7,8
6824,2016,0,2016-04-13,A-2,RIBERA D'ONDARA,Segarra,2,1,0,1,3,1,0,0,0,0,2,0,0,100.0,0.0,0,3,No n'hi ha,-1.0,3,3,0,0,0,0,0,0,0,0,0,0,0,0,4,-1,0,Atropellament,-1,1,2,4,1,2,1,14.35,1,3,2,13,4
6825,2016,0,2016-04-28,A-2,SANT FELIU DE LLOBREGAT,Baix Llobregat,3,0,1,0,1,0,0,0,1,0,0,0,0,80.0,1.0,0,2,No n'hi ha,-1.0,3,3,1,0,0,0,0,0,0,0,0,0,0,0,2,-1,0,Encalç,-1,1,2,4,1,2,1,15.29,1,2,3,28,4
6826,2016,0,2016-08-09,B-10,SANT ADRIA DE BESOS,Barcelones,3,0,1,0,1,0,0,0,0,0,0,1,0,100.0,0.0,0,-1,No n'hi ha,-1.0,3,3,1,0,0,0,0,0,0,0,0,0,0,0,4,-1,-1,Resta sortides de via,-1,1,2,4,-1,2,1,17.56,1,1,1,9,8
6827,2016,0,2016-02-10,N-340,"ALDEA, L'",Baix Ebre,0,1,1,0,2,0,0,0,0,2,0,0,0,100.0,0.0,0,0,No n'hi ha,-1.0,3,3,0,0,0,0,0,0,1,0,0,0,0,0,4,-1,1,Col·lisió frontal,-1,1,2,4,1,2,1,18.16,1,2,2,10,2
6828,2016,1,2016-03-09,SE,PALAFRUGELL,Baix Emporda,1,0,1,0,2,1,0,1,0,0,0,0,0,30.0,0.0,0,-1,No n'hi ha,-1.0,3,3,1,0,0,0,0,0,0,0,0,0,0,1,0,4,-1,Atropellament,2,2,2,5,-1,2,1,18.55,1,3,2,9,3
6829,2016,1,2016-02-02,BV-1604,PARETS DEL VALLES,Valles Oriental,3,0,1,0,2,1,0,0,0,1,0,0,0,100.0,0.0,0,-1,No n'hi ha,-1.0,3,3,1,0,0,0,0,0,0,0,0,0,0,0,4,-1,-1,Atropellament,-1,0,2,4,-1,2,1,18.4,1,3,1,2,2
6830,2016,1,2016-06-20,SE,FIGUERES,Alt Emporda,1,0,2,0,2,0,0,0,1,1,0,0,0,40.0,0.0,0,2,No n'hi ha,-1.0,3,3,1,0,0,0,0,0,0,0,0,0,0,1,4,5,1,Col·lisió frontal,1,2,2,5,-1,2,1,19.0,1,2,0,20,6
6831,2016,1,2016-05-27,SE,ROSES,Alt Emporda,1,1,1,0,2,0,1,0,1,0,0,0,0,30.0,0.0,0,2,No n'hi ha,-1.0,3,3,0,0,0,0,0,0,0,0,0,0,0,0,5,-1,0,Envestida (frontal lateral),-1,2,1,5,-1,2,1,0.46,2,2,4,27,5
6832,2016,1,2016-03-26,SE,GRANOLLERS,Valles Oriental,3,0,1,0,1,0,0,0,1,0,0,0,0,100.0,0.0,0,3,No n'hi ha,-1.0,3,3,1,0,0,0,0,0,0,0,0,0,0,0,4,-1,1,Caiguda en la via,-1,2,3,5,-1,2,0,19.23,1,0,5,26,3
6833,2016,0,2016-07-16,TV-7211,CONSTANTI,Tarragones,0,1,2,0,1,0,0,0,0,1,0,0,0,70.0,0.0,0,2,No n'hi ha,-1.0,3,3,0,0,0,0,0,0,0,0,0,0,0,0,4,-1,1,Resta sortides de via,-1,1,2,4,3,2,0,18.13,1,1,5,16,7
6834,2016,1,2016-11-16,SE,AMPOSTA,Montsia,0,0,1,1,2,2,0,0,0,0,0,0,0,100.0,1.0,0,2,No n'hi ha,-1.0,3,3,1,0,0,0,0,0,0,0,0,0,0,0,4,-1,1,Atropellament,-1,2,2,5,-1,2,1,14.38,1,3,2,16,11
6835,2016,0,2016-07-12,B-20,BARCELONA,Barcelones,3,0,1,0,2,0,0,0,1,1,0,0,0,80.0,0.0,0,-1,No n'hi ha,-1.0,3,3,1,0,0,0,0,0,0,0,0,0,0,0,4,-1,0,Encalç,-1,1,2,1,-1,2,1,15.45,1,2,1,12,7
6836,2016,1,2016-02-02,SE,BARCELONA,Barcelones,3,0,1,0,2,0,1,0,0,1,0,0,0,100.0,0.0,0,-1,No n'hi ha,-1.0,3,3,1,0,0,0,0,0,0,0,0,0,0,1,4,4,1,Envestida (frontal lateral),2,2,2,5,-1,2,1,17.35,1,2,1,2,2
6837,2016,1,2016-11-30,SE,BARCELONA,Barcelones,3,0,1,0,2,0,0,0,1,0,1,0,0,100.0,0.0,0,-1,No n'hi ha,-1.0,3,3,1,0,0,1,0,0,0,0,0,0,0,1,4,3,0,Caiguda en la via,2,2,2,5,-1,2,1,10.05,0,0,2,30,11
6838,2016,1,2016-02-19,SE,MATARO,Maresme,3,0,1,0,2,0,0,0,1,1,0,0,0,20.0,0.0,0,-1,No n'hi ha,-1.0,3,3,1,0,0,0,0,0,0,0,0,0,0,0,5,-1,-1,Xoc contra objecte/obstacle sense sortida prèvia de via,-1,2,2,5,-1,2,0,19.21,1,4,4,19,2
6839,2016,0,2016-09-04,CR,BASSELLA,Alt Urgell,2,0,1,0,1,0,0,0,1,0,0,0,0,40.0,0.0,0,1,No n'hi ha,-1.0,3,3,1,0,0,0,0,0,0,0,0,0,0,0,4,-1,1,Resta sortides de via,-1,1,2,3,4,2,0,13.09,0,1,6,4,9
6840,2016,1,2016-02-10,SE,SOLSONA,Solsones,2,0,1,0,2,1,0,0,0,1,0,0,0,20.0,1.0,0,-1,No n'hi ha,-1.0,3,3,1,-1,0,0,0,-1,0,0,0,0,0,0,2,-1,1,Atropellament,-1,2,0,5,-1,2,1,14.55,1,3,2,10,2
6841,2016,0,2016-06-21,C-58,BARCELONA,Barcelones,3,0,1,0,3,0,0,0,1,1,1,0,0,80.0,0.0,0,3,Carril acceleració,-1.0,3,3,1,0,0,0,0,0,0,0,0,0,0,1,4,4,0,Altres,3,1,2,4,4,2,1,15.45,1,5,1,21,6
6842,2016,0,2016-02-14,GI-633,CERVIA DE TER,Girones,1,0,1,0,1,0,0,0,0,1,0,0,0,100.0,0.0,0,1,No n'hi ha,-1.0,2,3,1,0,0,0,1,0,0,0,0,0,0,0,3,-1,1,Resta sortides de via,-1,1,2,4,3,2,0,21.15,1,1,6,14,2
6843,2016,1,2016-11-11,SE,MATADEPERA,Valles Occidental,3,1,0,0,1,0,0,0,1,0,0,0,0,30.0,0.0,0,2,No n'hi ha,-1.0,3,3,0,0,0,0,0,0,0,0,0,0,0,0,1,-1,1,Xoc contra objecte/obstacle sense sortida prèvia de via,-1,2,2,5,-1,2,0,18.26,1,4,4,11,11
6844,2016,1,2016-03-18,SE,BARCELONA,Barcelones,3,1,0,0,2,1,0,0,0,0,1,0,0,100.0,0.0,0,-1,No n'hi ha,-1.0,3,3,0,0,0,1,0,0,0,0,0,0,1,1,4,3,1,Atropellament,2,2,2,5,-1,2,1,12.35,0,3,4,18,3
6845,2016,1,2016-04-21,SE,TERRASSA,Valles Occidental,3,0,1,0,1,0,0,0,1,0,0,0,0,100.0,0.0,0,-1,No n'hi ha,-1.0,3,3,1,0,0,0,0,0,0,0,0,0,0,0,4,-1,-1,Caiguda en la via,-1,2,2,5,-1,2,1,15.5,1,0,3,21,4
6846,2016,1,2016-09-21,SE,BARCELONA,Barcelones,3,1,0,0,2,1,0,0,0,1,0,0,0,100.0,0.0,0,-1,No n'hi ha,-1.0,3,3,0,0,0,0,0,0,0,0,0,0,1,1,4,5,1,Atropellament,2,2,2,5,-1,2,1,8.1,0,3,2,21,9
6847,2016,1,2016-04-01,SE,HOSPITALET DE LLOBREGAT,Barcelones,3,0,1,0,1,0,0,0,1,0,0,0,0,20.0,0.0,0,-1,No n'hi ha,-1.0,1,3,1,0,0,0,0,0,0,0,0,0,0,1,4,4,-1,Caiguda en la via,0,2,0,5,-1,2,1,13.15,0,0,4,1,4
6848,2016,1,2016-01-21,SE,TARRAGONA,Tarragones,0,0,1,0,2,1,0,0,0,1,0,0,0,100.0,0.0,0,-1,No n'hi ha,-1.0,3,3,1,0,0,0,0,0,0,0,0,0,0,0,4,-1,-1,Atropellament,-1,2,2,5,-1,2,1,16.28,1,3,3,21,1
6849,2016,0,2016-12-09,N-IIa,GOLMES,Pla d'Urgell,2,0,1,1,2,0,0,0,0,2,0,0,0,100.0,0.0,0,2,No n'hi ha,-1.0,3,3,1,0,0,0,0,0,0,0,0,0,0,0,3,-1,1,Col·lisió frontal,-1,1,2,4,1,2,0,18.13,1,2,4,9,12
6850,2016,1,2016-05-21,SE,GRANOLLERS,Valles Oriental,3,0,1,1,2,0,0,1,0,1,0,0,0,100.0,1.0,0,2,No n'hi ha,-1.0,3,3,1,0,0,0,0,0,0,0,0,0,0,1,4,4,1,Encalç,0,2,2,5,-1,2,0,10.3,0,2,5,21,5
6851,2016,1,2016-04-15,SE,BARCELONA,Barcelones,3,0,1,0,4,3,0,0,0,1,0,0,0,100.0,0.0,0,-1,No n'hi ha,-1.0,3,3,1,0,0,0,0,0,0,0,0,0,0,0,4,-1,0,Atropellament,-1,2,2,5,-1,2,0,16.4,1,3,4,15,4
6852,2016,1,2016-12-23,SE,SALT,Girones,1,1,0,0,2,1,0,0,0,1,0,0,0,20.0,0.0,0,2,No n'hi ha,-1.0,3,3,0,-1,0,0,0,-1,0,0,0,0,-1,0,5,-1,1,Atropellament,-1,2,2,5,-1,2,0,17.57,1,3,4,23,12
6853,2016,0,2016-06-22,C-1415A,SENTMENAT,Valles Occidental,3,0,1,1,3,0,2,0,0,1,0,0,0,100.0,0.0,0,1,No n'hi ha,-1.0,3,3,1,0,0,0,0,0,0,0,0,0,0,0,4,-1,1,Encalç,-1,1,2,4,3,2,1,18.37,1,2,2,22,6
6854,2016,1,2016-09-25,SE,GIRONA,Girones,1,0,1,0,2,1,0,0,0,1,0,0,0,100.0,0.0,0,2,No n'hi ha,-1.0,1,3,1,0,0,0,0,0,0,0,0,0,0,2,4,4,0,Atropellament,1,2,2,5,-1,2,0,17.51,1,3,6,25,9
6855,2016,1,2016-07-10,SE,BARCELONA,Barcelones,3,0,1,0,2,0,0,1,0,1,0,0,0,100.0,0.0,0,-1,No n'hi ha,-1.0,3,3,1,0,0,1,0,0,0,0,0,0,0,1,4,3,1,Envestida (frontal lateral),2,2,2,5,-1,2,0,18.15,1,2,6,10,7
6856,2016,1,2016-09-14,SE,HOSPITALET DE LLOBREGAT,Barcelones,3,0,1,0,2,0,0,1,0,1,0,0,0,20.0,0.0,0,-1,No n'hi ha,-1.0,1,3,1,-1,0,0,0,-1,0,0,0,0,0,1,1,4,0,Envestida (frontal lateral),0,2,0,5,-1,2,1,21.12,1,2,2,14,9
6857,2016,0,2016-10-01,C-1412b,"BARONIA DE RIALB, LA",Noguera,2,0,1,0,1,0,0,0,1,0,0,0,0,90.0,0.0,0,-1,Sense Especificar,-1.0,3,3,1,0,0,0,0,0,0,0,0,0,0,0,4,-1,-1,Altres,-1,1,2,4,4,2,0,17.45,1,5,5,1,10
6858,2016,1,2016-09-10,SE,ESPLUGUES DE LLOBREGAT,Baix Llobregat,3,0,1,0,2,0,0,0,0,2,0,0,0,20.0,0.0,0,2,No n'hi ha,-1.0,1,3,1,-1,0,0,0,0,0,0,0,0,-1,0,4,-1,1,Fregament o col·lisió lateral,-1,2,0,5,-1,1,0,21.01,1,2,5,10,9
6859,2016,1,2016-06-19,SE,SALOU,Tarragones,0,0,1,0,1,0,0,1,0,0,0,0,0,100.0,0.0,0,2,No n'hi ha,-1.0,3,3,1,0,0,0,0,0,0,0,0,0,0,1,4,4,1,Caiguda en la via,1,2,2,5,-1,2,0,11.0,0,0,6,19,6
6860,2016,0,2016-02-07,GIV-5136,BANYOLES,Pla de l'Estany,1,0,1,1,1,0,0,0,0,1,0,0,0,100.0,0.0,0,3,No n'hi ha,-1.0,1,3,1,0,0,0,0,0,1,0,0,0,1,0,3,-1,1,Resta sortides de via,-1,1,0,4,3,2,0,7.0,0,1,6,7,2
6861,2016,1,2016-02-12,SE,CERDANYOLA DEL VALLES,Valles Occidental,3,0,1,0,2,0,0,0,1,1,0,0,0,100.0,0.0,0,2,No n'hi ha,-1.0,3,3,1,0,0,0,0,0,0,0,0,0,0,0,4,-1,1,Caiguda en la via,-1,2,2,5,-1,2,1,11.55,0,0,4,12,2
6862,2016,1,2016-09-26,SE,LLEIDA,Segria,2,0,1,0,2,0,0,0,0,1,0,1,0,100.0,0.0,0,-1,No n'hi ha,-1.0,3,3,1,0,0,0,0,0,0,0,0,0,0,0,4,-1,-1,Envestida (frontal lateral),-1,2,2,5,-1,2,1,13.2,0,2,0,26,9
6863,2016,0,2016-05-04,B-20,SANTA COLOMA DE GRAMANET,Barcelones,3,0,1,0,2,0,0,0,1,1,0,0,0,80.0,0.0,0,3,No n'hi ha,-1.0,3,3,1,0,0,0,0,0,0,0,1,0,0,0,4,-1,0,Caiguda en la via,-1,1,2,4,3,2,1,13.16,0,0,2,4,5
6864,2016,1,2016-05-18,SE,BARCELONA,Barcelones,3,0,1,0,2,0,1,0,0,1,0,0,0,30.0,0.0,0,-1,No n'hi ha,-1.0,3,3,1,0,0,0,0,0,0,0,0,0,1,1,4,4,1,Envestida (frontal lateral),1,2,2,5,-1,2,1,19.05,1,2,2,18,5
6865,2016,0,2016-12-27,C-26,ALGERRI,Noguera,2,1,1,0,2,0,0,0,0,1,1,0,0,60.0,0.0,0,1,No n'hi ha,-1.0,3,3,0,0,0,0,0,0,0,0,0,0,0,1,4,4,1,Envestida (frontal lateral),0,1,2,4,2,2,1,12.49,0,2,1,27,12
6866,2016,1,2016-11-25,BV-5224,TORELLO,Osona,3,0,1,0,1,0,0,0,1,0,0,0,0,100.0,0.0,0,2,No n'hi ha,-1.0,3,3,1,0,0,0,0,0,0,0,0,0,0,0,4,-1,0,Xoc contra objecte/obstacle sense sortida prèvia de via,-1,0,2,4,-1,2,0,16.0,1,4,4,25,11
6867,2016,0,2016-09-06,C-243C,CASTELLBISBAL,Valles Occidental,3,0,1,0,2,0,1,0,0,1,0,0,0,50.0,0.0,0,1,Carril central,-1.0,3,3,1,0,0,0,0,0,0,0,0,0,0,1,4,4,1,Envestida (frontal lateral),2,1,2,4,2,2,1,19.17,1,2,1,6,9