,Year,Area,Date,Road,Municipality Name,County Name,Province Name,Fatalties,Serious Injuries,Light Injuries,Units Involved,Pedestrains Involved,Bicycles Involved,Mopeds Involved,Motorcycles,Light Vehicles Involved,Heavy Vehicles Involved,Other Units Involved,Unspecified Units Involved,Road Speed Limit,Accident with Hit and Run,Fog Presence,Surrounding Environment,Special Lane Presence,Special Traffic Measures,Weather Conditions,Special Road Functions,Severity of Accident,Influence of Fog,Influence of Environment,Influence of Traffic,Influence of Weather,Influence of Wind Intensity,Influence of Lighting,Influence of Special Measures,Influence of Road Objects,Influence of Road Surface,Influence of Visibility,Intersection Characteristics,Lighting Conditions,Traffic Regulation and Priority,Direction of Road,Subtype of Accident,Subtype of Road Section,Subzone within Area,Road Surface Conditions,Type of Road,Road Ownership,Wind Conditions,Day of the Week Grouping,Hour of Day,Time of Day Grouping,Type of Accident,Day Type,Day,Month
6868,2016,1,2016-11-25,SE,BARCELONA,Barcelones,3,1,0,0,2,1,0,0,0,0,0,1,0,100.0,0.0,0,-1,Altres,-1.0,3,3,0,0,0,0,0,0,0,0,0,0,0,0,4,-1,1,Atropellament,-1,2,2,5,-1,2,1,12.15,0,3,4,25,11
6869,2016,1,2016-02-24,SE,TERRASSA,Valles Occidental,3,0,1,1,2,0,0,0,1,1,0,0,0,100.0,0.0,0,2,No n'hi ha,-1.0,3,3,1,0,0,0,0,0,0,0,0,0,0,1,4,4,1,Envestida (frontal lateral),3,2,2,5,1,2,1,14.15,1,2,2,24,2
6870,2016,1,2016-07-28,SE,VILASSAR DE MAR,Maresme,3,0,1,0,2,1,0,0,0,1,0,0,0,100.0,0.0,0,2,No n'hi ha,-1.0,3,3,1,0,0,0,0,0,0,0,0,0,0,1,4,3,0,Atropellament,2,2,2,5,-1,2,1,19.4,1,3,3,28,7
6871,2016,1,2016-07-13,SE,OLOT,Garrotxa,1,0,1,0,1,0,0,1,0,0,0,0,0,100.0,0.0,0,2,No n'hi ha,-1.0,3,3,1,0,0,0,0,0,0,0,0,0,0,1,4,4,1,Caiguda en la via,0,2,2,5,-1,2,1,18.24,1,0,2,13,7
6872,2016,0,2016-05-16,TV-2401,"BISBAL DEL PENEDES, LA",Baix Penedes,0,0,1,0,1,0,0,0,1,0,0,0,0,90.0,0.0,0,-1,Sense Especificar,-1.0,3,3,1,0,0,0,0,0,0,0,0,0,0,0,4,-1,-1,Altres,-1,1,2,4,4,2,1,14.19,1,5,0,16,5
6873,2016,0,2016-07-29,L-303,PUIGVERD D'AGRAMUNT,Urgell,2,0,1,4,2,0,0,0,0,2,0,0,0,100.0,0.0,0,1,No n'hi ha,-1.0,3,3,1,0,0,0,0,0,0,0,0,0,0,0,4,-1,1,Envestida (frontal lateral),-1,1,2,4,2,2,0,17.2,1,2,4,29,7
6874,2016,1,2016-10-05,SE,CARDONA,Bages,3,0,1,0,1,0,1,0,0,0,0,0,0,20.0,0.0,0,-1,Sense Especificar,-1.0,3,3,1,0,0,0,0,0,0,0,0,0,0,0,4,-1,-1,Altres,-1,2,2,5,-1,2,1,17.57,1,5,2,5,10
6875,2016,0,2016-06-17,B-10,BARCELONA,Barcelones,3,0,1,0,2,0,0,0,1,1,0,0,0,60.0,0.0,0,-1,No n'hi ha,-1.0,3,3,1,0,0,1,0,0,0,0,0,0,0,0,4,-1,0,Fregament o col·lisió lateral,-1,1,2,1,-1,2,0,18.0,1,2,4,17,6
6876,2016,1,2016-03-10,BV-5001,MONTORNES DEL VALLES,Valles Oriental,3,0,2,0,2,1,0,0,1,0,0,0,0,100.0,0.0,0,2,No n'hi ha,-1.0,3,3,1,0,0,0,0,0,0,0,0,0,0,2,1,3,1,Atropellament,2,0,2,4,-1,2,1,18.5,1,3,3,10,3
6877,2016,0,2016-12-29,A-2,ARGENCOLA,Anoia,3,1,0,1,2,0,0,0,0,1,1,0,0,100.0,0.0,0,3,No n'hi ha,-1.0,3,3,0,0,1,0,0,0,1,0,0,0,0,0,3,-1,1,Encalç,-1,1,2,4,1,2,1,18.3,1,2,3,29,12
6878,2016,1,2016-04-17,SE,BARCELONA,Barcelones,3,0,1,0,2,1,0,0,0,1,0,0,0,100.0,0.0,0,-1,No n'hi ha,-1.0,3,3,1,0,0,0,0,0,0,0,0,0,0,0,4,-1,0,Atropellament,-1,2,2,5,-1,2,0,18.2,1,3,6,17,4
6879,2016,0,2016-12-20,B-23,BARCELONA,Barcelones,3,0,1,1,2,0,0,0,1,1,0,0,0,100.0,0.0,0,-1,No n'hi ha,-1.0,1,3,1,0,0,1,0,0,0,0,0,0,0,0,4,-1,1,Fregament o col·lisió lateral,-1,1,0,4,-1,2,1,8.3,0,2,1,20,12
6880,2016,1,2016-11-09,SE,"BRUC, EL",Anoia,3,0,1,0,2,1,0,0,1,0,0,0,0,20.0,0.0,0,-1,Sense Especificar,-1.0,3,3,1,0,0,0,0,0,0,0,0,0,0,0,4,-1,-1,Atropellament,-1,2,2,5,-1,2,1,8.24,0,3,2,9,11
6881,2016,1,2016-01-18,SE,BADALONA,Barcelones,3,0,1,0,2,1,0,0,0,1,0,0,0,20.0,0.0,0,-1,No n'hi ha,-1.0,3,3,1,-1,0,0,0,-1,0,0,0,0,-1,0,4,-1,0,Atropellament,-1,2,2,5,-1,2,1,17.18,1,3,0,18,1
6882,2016,1,2016-06-20,SE,BARCELONA,Barcelones,3,0,1,0,2,0,0,0,1,0,0,1,0,100.0,0.0,0,-1,No n'hi ha,-1.0,3,3,1,0,0,0,0,0,0,0,0,0,0,1,4,3,0,Fregament o col·lisió lateral,2,2,2,5,-1,2,1,8.52,0,2,0,20,6
6883,2016,0,2016-09-29,C-31,SITGES,Garraf,3,0,1,0,2,0,0,0,1,1,0,0,0,60.0,0.0,0,2,No n'hi ha,-1.0,3,3,1,0,0,0,0,0,0,0,0,0,0,0,4,-1,1,Caiguda en la via,-1,1,2,4,2,2,1,12.53,0,0,3,29,9
6884,2016,0,2016-10-14,N-420,BATEA,Terra Alta,0,0,1,2,2,0,0,0,0,2,0,0,0,100.0,0.0,0,1,No n'hi ha,-1.0,2,3,1,0,1,0,0,0,0,0,0,0,0,0,2,-1,1,Col·lisió frontal,-1,1,2,4,1,2,1,10.04,0,2,4,14,10
6885,2016,1,2016-12-21,SE,BARCELONA,Barcelones,3,0,1,1,3,0,0,0,1,2,0,0,0,100.0,0.0,0,-1,Carril bus,-1.0,3,3,1,0,0,0,0,0,0,0,0,0,0,0,4,-1,1,Envestida (frontal lateral),-1,2,0,5,-1,2,1,9.0,0,2,2,21,12
6886,2016,0,2016-10-09,BV-4241,CAPOLAT,Bergueda,3,0,1,0,1,0,1,0,0,0,0,0,0,90.0,0.0,0,-1,Sense Especificar,-1.0,3,3,1,0,0,0,0,0,0,0,0,0,0,0,4,-1,-1,Xoc amb animal a la calçada,-1,1,2,4,4,2,0,9.14,0,4,6,9,10
6887,2016,0,2016-01-30,C-14,PINELL DE SOLSONES,Solsones,2,0,3,0,1,0,0,0,0,1,0,0,0,100.0,0.0,1,1,Carril lent,-1.0,3,3,1,0,0,0,0,0,0,0,0,0,0,0,2,-1,1,Resta sortides de via,-1,1,2,4,2,2,0,10.09,0,1,5,30,1
6888,2016,1,2016-08-16,SE,SITGES,Garraf,3,0,2,0,2,0,0,0,1,1,0,0,0,100.0,0.0,0,2,No n'hi ha,-1.0,3,3,1,0,0,0,0,0,0,0,0,0,0,1,4,5,1,Envestida (frontal lateral),2,2,2,5,-1,2,1,19.17,1,2,1,16,8
6889,2016,0,2016-10-06,C-31,SITGES,Garraf,3,0,2,1,2,0,0,0,0,2,0,0,0,50.0,0.0,0,2,No n'hi ha,-1.0,3,3,1,0,0,0,0,0,0,0,0,0,0,0,4,-1,1,Col·lisió frontal,-1,1,2,4,2,2,1,16.06,1,2,3,6,10
6890,2016,0,2016-07-20,C-17,MALLA,Osona,3,0,1,1,2,0,0,0,0,2,0,0,0,100.0,0.0,0,2,No n'hi ha,-1.0,3,3,1,0,0,0,0,0,0,0,0,0,0,0,4,-1,0,Encalç,-1,1,2,4,2,2,1,13.45,0,2,2,20,7
6891,2016,1,2016-01-27,SE,RUBI,Valles Occidental,3,0,1,2,2,0,0,0,1,1,0,0,0,100.0,0.0,0,2,No n'hi ha,-1.0,3,3,1,0,0,0,0,0,0,0,0,0,0,0,4,-1,1,Envestida (frontal lateral),-1,2,2,5,-1,2,1,14.1,1,2,2,27,1
6892,2016,1,2016-11-22,SE,MATARO,Maresme,3,0,1,0,2,1,0,0,0,1,0,0,0,20.0,0.0,0,-1,No n'hi ha,-1.0,3,3,1,-1,-1,0,0,-1,0,0,0,0,0,0,5,-1,-1,Atropellament,-1,2,2,5,-1,2,1,20.45,1,3,1,22,11
6893,2016,0,2016-12-12,TP-2031,VILABELLA,Alt Camp,0,1,1,0,3,0,2,0,0,1,0,0,0,100.0,0.0,0,1,No n'hi ha,-1.0,3,3,0,0,0,0,0,0,0,0,0,0,0,0,4,-1,1,Col·lisió frontal,-1,1,2,4,3,2,1,13.21,0,2,0,12,12
6894,2016,1,2016-02-23,SE,BADALONA,Barcelones,3,0,1,0,2,0,0,0,1,1,0,0,0,20.0,0.0,0,-1,No n'hi ha,-1.0,3,3,1,0,-1,0,0,0,0,0,0,0,0,0,4,-1,-1,Encalç,-1,2,2,5,-1,2,1,13.4,0,2,1,23,2
6895,2016,1,2016-10-13,SE,VILAFRANCA DEL PENEDES,Alt Penedes,3,0,1,0,2,1,0,0,0,1,0,0,0,20.0,0.0,0,2,No n'hi ha,-1.0,2,3,1,-1,0,0,0,-1,0,0,0,0,0,1,5,2,1,Atropellament,1,2,0,5,-1,2,1,19.3,1,3,3,13,10
6896,2016,1,2016-12-20,SE,HOSPITALET DE LLOBREGAT,Barcelones,3,0,1,0,2,1,0,0,0,1,0,0,0,20.0,0.0,0,-1,No n'hi ha,-1.0,2,3,1,-1,0,0,0,0,0,0,0,0,0,0,5,-1,1,Atropellament,-1,2,0,5,-1,1,1,20.21,1,3,1,20,12
6897,2016,1,2016-03-30,SE,SABADELL,Valles Occidental,3,0,1,0,2,0,0,0,1,1,0,0,0,100.0,0.0,0,-1,No n'hi ha,-1.0,3,3,1,0,0,0,0,0,0,0,0,0,0,0,4,-1,-1,Envestida (frontal lateral),-1,2,2,5,-1,2,1,15.28,1,2,2,30,3
6898,2016,0,2016-06-21,B-204,"PRAT DE LLOBREGAT, E",Baix Llobregat,3,0,1,0,2,0,0,0,1,1,0,0,0,50.0,0.0,0,2,No n'hi ha,-1.0,3,3,1,0,0,0,0,0,0,0,0,0,0,0,4,-1,0,Encalç,-1,1,2,4,3,2,1,10.42,0,2,1,21,6
6899,2016,1,2016-11-25,SE,SANTA EUGENIA DE BER,Osona,3,0,1,0,2,0,0,0,0,2,0,0,0,20.0,0.0,0,-1,Sense Especificar,-1.0,3,3,1,0,0,0,0,0,0,0,0,0,0,2,4,5,-1,Fregament o col·lisió lateral,0,2,2,5,-1,2,0,16.14,1,2,4,25,11
6900,2016,0,2016-04-09,BP-1103,MARGANELL,Bages,3,0,1,0,2,0,0,0,1,1,0,0,0,90.0,0.0,0,-1,Sense Especificar,-1.0,3,3,1,0,0,0,0,0,0,0,0,0,0,0,4,-1,-1,Fregament o col·lisió lateral,-1,1,2,4,4,2,0,18.47,1,2,5,9,4
6901,2016,0,2016-06-05,BP-1101,SANT SALVADOR DE GUARDIA,Bages,3,0,1,0,2,0,0,0,1,1,0,0,0,90.0,0.0,0,-1,Sense Especificar,-1.0,3,3,1,0,0,0,0,0,0,0,0,0,0,1,4,5,-1,Fregament o col·lisió lateral,1,1,2,4,4,2,0,9.42,0,2,6,5,6
6902,2016,0,2016-06-26,N-340,CASTELLET I LA GORNA,Alt Penedes,3,0,1,0,1,0,0,0,0,0,1,0,0,100.0,0.0,0,3,No n'hi ha,-1.0,3,3,1,0,0,0,0,0,0,0,0,0,0,0,4,-1,1,Xoc contra objecte/obstacle sense sortida prèvia de via,-1,1,2,4,4,2,0,11.37,0,4,6,26,6
6903,2016,1,2016-06-16,SE,MATARO,Maresme,3,0,1,0,2,1,0,0,0,1,0,0,0,20.0,0.0,0,-1,No n'hi ha,-1.0,3,3,1,-1,0,0,0,-1,0,0,0,0,-1,0,4,-1,1,Atropellament,-1,2,2,5,-1,2,1,12.46,0,3,3,16,6
6904,2016,1,2016-02-27,SE,CASTELL-PLATJA D'ARO,Baix Emporda,1,0,1,0,2,0,0,0,1,1,0,0,0,100.0,0.0,0,2,No n'hi ha,-1.0,1,3,1,0,0,0,0,0,0,0,0,0,0,1,4,4,0,Envestida (frontal lateral),0,2,2,5,-1,2,0,14.25,1,2,5,27,2
6905,2016,1,2016-04-13,SE,MOLLERUSSA,Pla d'Urgell,2,0,1,0,2,1,0,0,0,1,0,0,0,40.0,0.0,0,2,No n'hi ha,-1.0,3,3,1,0,0,0,0,0,0,0,0,0,0,1,4,2,1,Atropellament,2,2,2,5,0,2,1,12.35,0,3,2,13,4
6906,2016,1,2016-09-13,SE,BARCELONA,Barcelones,3,1,0,1,2,1,0,0,1,0,0,0,0,100.0,0.0,0,-1,Carril central,-1.0,3,3,0,0,0,0,0,0,0,0,0,0,0,0,1,-1,1,Atropellament,-1,2,2,5,-1,2,1,6.3,0,3,1,13,9
6907,2016,1,2016-05-24,SE,VILAMALLA,Alt Emporda,1,0,1,0,2,0,0,0,1,1,0,0,0,100.0,0.0,0,2,No n'hi ha,-1.0,3,3,1,0,0,0,0,0,0,0,0,0,0,0,4,-1,1,Col·lisió frontal,-1,2,2,5,-1,2,1,13.09,0,2,1,24,5
6908,2016,1,2016-07-03,SE,BARCELONA,Barcelones,3,0,1,0,2,1,0,0,1,0,0,0,0,100.0,1.0,0,-1,No n'hi ha,-1.0,3,3,1,0,0,0,0,0,0,0,0,0,1,1,4,3,1,Atropellament,2,2,2,5,-1,2,0,12.05,0,3,6,3,7
6909,2016,1,2016-01-11,SE,ROSES,Alt Emporda,1,1,1,0,2,0,0,0,0,2,0,0,0,40.0,0.0,0,2,No n'hi ha,-1.0,1,3,0,0,0,0,0,0,0,0,0,0,0,0,1,-1,1,Altres,-1,2,2,5,0,2,1,17.4,1,5,0,11,1
6910,2016,0,2016-07-19,GIV-6542,PALAFRUGELL,Baix Emporda,1,0,1,0,2,0,0,0,1,1,0,0,0,100.0,0.0,0,2,No n'hi ha,-1.0,3,3,1,0,0,0,0,0,0,0,0,0,0,1,4,4,1,Envestida (frontal lateral),1,1,2,4,2,2,1,11.18,0,2,1,19,7
6911,2016,1,2016-01-16,SE,BARCELONA,Barcelones,3,0,1,1,2,0,0,0,1,1,0,0,0,100.0,0.0,0,-1,No n'hi ha,-1.0,3,3,1,0,0,0,0,0,0,0,0,0,0,1,4,3,0,Envestida (frontal lateral),2,2,2,5,-1,2,0,14.38,1,2,5,16,1
6912,2016,1,2016-01-27,N-IIa,FIGUERES,Alt Emporda,1,0,1,3,3,0,0,0,0,3,0,0,0,100.0,0.0,0,2,No n'hi ha,-1.0,3,3,1,0,0,0,0,0,0,0,0,0,0,0,5,-1,1,Envestida (frontal lateral),-1,0,2,4,-1,2,1,18.4,1,2,2,27,1
6913,2016,0,2016-06-03,N-260,PLANOLES,Ripolles,1,0,1,1,1,0,0,0,1,0,0,0,0,60.0,0.0,0,3,No n'hi ha,-1.0,3,3,1,0,0,0,0,0,0,0,0,0,0,0,4,-1,1,Caiguda en la via,-1,1,2,4,1,2,0,16.01,1,0,4,3,6
6914,2016,0,2016-03-07,C-252,"FAR D'EMPORDA, EL",Alt Emporda,1,0,1,0,1,0,0,0,0,1,0,0,0,100.0,0.0,0,2,No n'hi ha,-1.0,3,3,1,0,0,0,0,0,0,0,0,0,0,1,1,4,1,Resta sortides de via,1,1,2,4,4,2,1,6.37,0,1,0,7,3
6915,2016,1,2016-12-08,SE,BARCELONA,Barcelones,3,0,1,2,2,0,0,0,1,1,0,0,0,100.0,0.0,0,-1,No n'hi ha,-1.0,3,3,1,0,0,1,0,0,0,0,0,0,1,1,5,2,0,Envestida (frontal lateral),2,2,2,5,-1,2,1,19.03,1,2,3,8,12
6916,2016,0,2016-08-08,N-340,"PERELLO, EL",Baix Ebre,0,0,2,1,2,0,0,0,0,1,1,0,0,100.0,0.0,0,2,Carril lent,-1.0,3,3,1,0,0,0,0,0,0,0,0,0,0,0,4,-1,1,Col·lisió frontal,-1,1,2,4,1,2,1,14.01,1,2,0,8,8
6917,2016,0,2016-04-26,N-340,VALLIRANA,Baix Llobregat,3,2,1,0,2,0,0,0,0,2,0,0,0,80.0,0.0,0,1,No n'hi ha,-1.0,3,3,0,0,0,0,0,0,0,0,0,0,0,0,4,-1,1,Col·lisió frontal,-1,1,2,4,1,2,1,16.16,1,2,1,26,4
6918,2016,1,2016-03-14,SE,CALAFELL,Baix Penedes,0,0,1,0,1,0,0,0,1,0,0,0,0,20.0,0.0,0,-1,No n'hi ha,0.0,3,3,1,0,-1,0,0,0,0,0,1,1,0,0,4,-1,-1,Caiguda en la via,-1,2,1,5,-1,2,1,14.35,1,0,0,14,3
6919,2016,1,2016-09-14,SE,VILAFRANCA DEL PENEDES,Alt Penedes,3,0,1,0,2,0,1,0,0,1,0,0,0,20.0,0.0,0,-1,No n'hi ha,-1.0,3,3,1,-1,-1,0,0,-1,0,0,0,0,0,1,4,4,0,Col·lisió frontal,1,2,2,5,-1,2,1,16.12,1,2,2,14,9
6920,2016,1,2016-04-14,SE,HOSPITALET DE LLOBREGAT,Barcelones,3,0,1,0,1,0,0,0,1,0,0,0,0,20.0,0.0,0,-1,No n'hi ha,-1.0,3,3,1,-1,0,0,0,-1,0,0,0,0,0,0,4,-1,1,Caiguda en la via,-1,2,2,5,-1,2,1,19.25,1,0,3,14,4
6921,2016,1,2016-06-05,SE,BARCELONA,Barcelones,3,1,0,0,2,0,0,0,1,1,0,0,0,100.0,0.0,0,-1,No n'hi ha,-1.0,3,3,0,0,0,0,0,0,0,0,0,0,0,0,4,-1,1,Fregament o col·lisió lateral,-1,2,2,5,-1,2,0,17.0,1,2,6,5,6
6922,2016,0,2016-07-13,A-2,SANT ANFREU DE LA BARCA,Baix Llobregat,3,0,1,0,3,0,0,0,1,2,0,0,0,100.0,0.0,0,2,Carril acceleració,4.0,3,3,1,0,0,0,0,0,0,0,0,0,0,2,4,4,0,Encalç,3,1,2,4,1,2,1,13.28,0,2,2,13,7
6923,2016,0,2016-02-15,A-27,"MASO, LA",Alt Camp,0,0,1,0,2,0,0,0,1,1,0,0,0,100.0,0.0,0,2,No n'hi ha,-1.0,3,3,1,0,0,0,0,0,0,0,0,0,0,0,0,-1,0,Fregament o col·lisió lateral,-1,1,2,4,1,2,1,19.18,1,2,0,15,2
6924,2016,0,2016-04-24,C-59,CALDES DE MONTBUI,Valles Oriental,3,1,0,2,2,0,0,0,0,2,0,0,0,60.0,0.0,0,2,No n'hi ha,-1.0,3,3,0,0,0,0,0,0,0,0,0,0,0,0,3,-1,1,Envestida (frontal lateral),-1,1,2,4,2,2,0,4.11,2,2,6,24,4
6925,2016,0,2016-06-27,B-20,BARCELONA,Barcelones,3,0,1,1,2,0,0,0,1,1,0,0,0,60.0,0.0,0,-1,No n'hi ha,-1.0,1,3,1,0,0,1,0,0,0,0,0,0,0,0,4,-1,0,Encalç,-1,1,2,1,-1,2,1,8.2,0,2,0,27,6
6926,2016,1,2016-07-25,SE,BARCELONA,Barcelones,3,0,1,0,2,0,0,0,1,1,0,0,0,100.0,0.0,0,-1,No n'hi ha,-1.0,3,3,1,0,0,0,0,0,0,0,0,0,1,1,4,4,0,Envestida (frontal lateral),2,2,2,5,-1,2,1,13.4,0,2,0,25,7
6927,2016,0,2016-04-09,AP-7,SANTA MARGARIDA I ELS MONJOS,Alt Penedes,3,0,1,0,2,0,0,0,1,0,1,0,0,100.0,0.0,0,2,No n'hi ha,-1.0,3,3,1,0,0,0,0,0,0,0,0,0,0,1,4,4,1,Envestida (frontal lateral),3,1,2,4,1,2,0,12.09,0,2,5,9,4
6928,2016,1,2016-12-06,SE,SALT,Girones,1,0,1,0,2,1,0,0,0,1,0,0,0,20.0,0.0,0,2,Carril lent,-1.0,3,3,1,-1,0,0,0,-1,0,0,0,0,0,1,4,3,1,Atropellament,2,2,2,5,0,2,1,8.59,0,3,1,6,12
6929,2016,1,2016-01-03,SE,SABADELL,Valles Occidental,3,0,1,0,1,0,0,0,1,0,0,0,0,100.0,0.0,0,-1,No n'hi ha,-1.0,3,3,1,0,0,0,0,0,0,0,0,0,0,0,4,-1,-1,Caiguda en la via,-1,2,2,5,-1,2,0,6.58,0,0,6,3,1
6930,2016,1,2016-12-14,SE,SANTA PERPETUA DE MO,Valles Occidental,3,0,1,2,2,1,0,1,0,0,0,0,0,100.0,0.0,0,2,No n'hi ha,-1.0,3,3,1,0,0,0,0,0,0,0,0,0,0,0,4,-1,1,Atropellament,-1,2,2,5,-1,2,1,16.25,1,3,2,14,12
6931,2016,0,2016-08-06,BV-5301,"BRULL, EL",Osona,3,0,1,0,2,0,0,0,1,1,0,0,0,50.0,0.0,0,2,No n'hi ha,-1.0,3,3,1,0,0,0,0,0,0,0,0,0,0,1,4,5,1,Col·lisió frontal,2,1,2,4,2,2,0,10.18,0,2,5,6,8
6932,2016,1,2016-09-08,C-246a,VILANOVA I LA GELTRU,Garraf,3,0,1,0,2,0,0,1,0,1,0,0,0,100.0,0.0,0,2,No n'hi ha,-1.0,3,3,1,0,0,0,0,0,0,0,0,0,0,0,4,-1,0,Altres,-1,0,2,4,-1,2,1,14.5,1,5,3,8,9
6933,2016,1,2016-11-09,SE,BANYOLES,Pla de l'Estany,1,0,1,0,2,1,0,0,0,1,0,0,0,100.0,0.0,0,1,No n'hi ha,-1.0,3,3,1,0,0,0,1,0,0,0,0,0,0,2,4,5,1,Atropellament,2,2,2,5,-1,2,1,9.03,0,3,2,9,11
6934,2016,1,2016-08-19,SE,DELTEBRE,Baix Ebre,0,0,1,0,2,0,0,1,0,1,0,0,0,100.0,0.0,0,2,No n'hi ha,-1.0,3,3,1,0,0,0,0,0,0,0,0,0,0,1,4,4,1,Envestida (frontal lateral),1,2,2,5,-1,2,0,18.13,1,2,4,19,8
6935,2016,0,2016-05-05,A-2,PALLEJA,Baix Llobregat,3,0,1,2,3,0,0,0,0,3,0,0,0,100.0,0.0,0,2,No n'hi ha,-1.0,3,3,1,0,0,0,0,0,0,0,0,0,0,0,3,-1,1,Altres,-1,1,2,4,1,2,1,23.48,2,5,3,5,5
6936,2016,0,2016-11-30,C-26,BALAGUER,Noguera,2,0,2,1,1,0,0,0,0,1,0,0,0,90.0,0.0,0,-1,Sense Especificar,-1.0,3,3,1,0,0,0,0,0,0,0,0,0,0,0,4,-1,-1,Xoc contra objecte/obstacle sense sortida prèvia de via,-1,1,2,4,4,2,1,8.42,0,4,2,30,11
6937,2016,0,2016-10-25,C-55,MONISTROL DE MONTSER,Bages,3,0,2,0,3,0,0,0,0,3,0,0,0,100.0,0.0,0,3,No n'hi ha,-1.0,1,3,1,0,0,0,0,0,0,0,0,0,0,0,3,-1,1,Encalç,-1,1,2,4,2,2,1,5.4,2,2,1,25,10
6938,2016,1,2016-11-24,SE,BESCANO,Girones,1,0,1,0,1,0,0,0,1,0,0,0,0,20.0,0.0,0,-1,Sense Especificar,-1.0,3,3,1,0,0,0,0,0,0,0,0,0,0,2,4,5,-1,Altres,1,2,2,5,-1,2,1,16.0,1,5,3,24,11
6939,2016,1,2016-08-17,SE,FIGUERES,Alt Emporda,1,0,1,2,2,1,0,0,1,0,0,0,0,40.0,0.0,0,2,No n'hi ha,-1.0,3,3,1,0,0,0,0,0,0,0,0,0,0,0,4,-1,0,Atropellament,-1,2,2,5,-1,2,1,11.1,0,3,2,17,8
6940,2016,0,2016-06-14,C-32,SANT BOI DE LLOBREGAT,Baix Llobregat,3,0,1,0,2,0,0,0,1,1,0,0,0,60.0,0.0,0,3,No n'hi ha,-1.0,3,3,1,0,0,0,0,0,0,0,0,0,0,0,4,-1,0,Encalç,-1,1,2,4,2,2,1,8.49,0,2,1,14,6
6941,2016,1,2016-04-30,SE,TERRASSA,Valles Occidental,3,0,1,0,2,0,0,1,0,1,0,0,0,100.0,0.0,0,-1,No n'hi ha,-1.0,3,3,1,0,0,0,0,0,0,0,0,0,0,0,4,-1,-1,Envestida (frontal lateral),-1,2,2,5,-1,2,0,15.3,1,2,5,30,4
6942,2016,1,2016-12-19,B-250a,"PRAT DE LLOBREGAT, E",Baix Llobregat,3,0,1,0,2,0,1,0,0,1,0,0,0,90.0,0.0,0,-1,No n'hi ha,-1.0,2,3,1,0,-1,0,0,0,0,0,0,0,0,0,0,-1,-1,Fregament o col·lisió lateral,-1,0,0,4,-1,2,1,23.0,2,2,0,19,12
6943,2016,1,2016-03-09,SE,BARCELONA,Barcelones,3,0,1,0,1,0,0,0,0,1,0,0,0,100.0,0.0,0,-1,No n'hi ha,-1.0,1,3,1,0,0,0,0,0,0,0,0,0,0,0,5,-1,1,Xoc contra objecte/obstacle sense sortida prèvia de via,-1,2,2,5,-1,2,1,20.58,1,4,2,9,3
6944,2016,0,2016-09-08,AP-7,SARRIA DE TER,Girones,1,1,1,3,3,0,0,0,0,2,1,0,0,120.0,0.0,0,3,No n'hi ha,-1.0,3,3,0,0,0,0,0,0,0,0,0,0,0,0,4,-1,1,Altres,-1,1,2,4,1,2,1,11.09,0,5,3,8,9
6945,2016,1,2016-03-29,SE,TORTOSA,Baix Ebre,0,0,1,1,3,2,0,0,0,1,0,0,0,40.0,0.0,0,2,No n'hi ha,-1.0,3,3,1,0,0,0,0,0,1,0,0,0,0,2,4,3,1,Atropellament,-1,2,2,5,-1,2,1,9.25,0,3,1,29,3
6946,2016,1,2016-07-30,SE,SABADELL,Valles Occidental,3,0,1,1,1,0,0,0,1,0,0,0,0,100.0,0.0,0,-1,No n'hi ha,-1.0,3,3,1,0,0,0,0,0,0,0,0,0,0,0,4,-1,-1,Xoc contra objecte/obstacle sense sortida prèvia de via,-1,2,2,5,-1,2,0,3.53,2,4,5,30,7
6947,2016,1,2016-11-14,SE,BARCELONA,Barcelones,3,0,1,0,2,0,0,0,1,1,0,0,0,30.0,0.0,0,-1,No n'hi ha,-1.0,3,3,1,0,0,0,0,0,0,0,0,0,0,1,5,4,0,Envestida (frontal lateral),2,2,2,5,-1,2,1,20.5,1,2,0,14,11
6948,2016,0,2016-04-16,C-32,TEIA,Maresme,3,0,1,0,1,0,0,0,0,1,0,0,0,120.0,0.0,0,2,No n'hi ha,-1.0,3,3,1,0,0,0,0,0,0,0,0,0,0,0,4,-1,0,Resta sortides de via,-1,1,2,4,2,2,0,17.08,1,1,5,16,4
6949,2016,1,2016-09-06,SE,CARDEDEU,Valles Oriental,3,1,0,0,2,0,0,0,1,1,0,0,0,100.0,0.0,0,-1,No n'hi ha,-1.0,3,3,0,0,0,0,0,0,0,0,0,0,0,0,4,-1,-1,Altres,-1,2,2,5,-1,2,1,5.4,2,5,1,6,9
6950,2016,1,2016-11-11,SE,GAVA,Baix Llobregat,3,0,1,0,2,1,0,0,0,1,0,0,0,20.0,0.0,0,-1,No n'hi ha,-1.0,3,3,1,0,0,0,0,0,0,0,0,0,0,1,4,2,-1,Atropellament,2,2,2,5,-1,2,1,11.3,0,3,4,11,11
6951,2016,0,2016-09-27,C-251,CARDEDEU,Valles Oriental,3,0,1,0,2,0,0,0,1,1,0,0,0,100.0,0.0,0,2,No n'hi ha,-1.0,3,3,1,0,0,0,0,0,0,0,0,0,0,1,4,4,1,Fregament o col·lisió lateral,2,1,2,4,4,2,1,12.41,0,2,1,27,9
6952,2016,1,2016-04-26,SE,BADALONA,Barcelones,3,0,1,0,2,1,0,0,0,1,0,0,0,20.0,0.0,0,2,No n'hi ha,-1.0,3,3,1,-1,0,0,0,-1,0,0,0,0,-1,1,1,3,1,Atropellament,2,2,2,5,-1,2,1,7.35,0,3,1,26,4