,Year,Area,Date,Road,Municipality Name,County Name,Province Name,Fatalties,Serious Injuries,Light Injuries,Units Involved,Pedestrains Involved,Bicycles Involved,Mopeds Involved,Motorcycles,Light Vehicles Involved,Heavy Vehicles Involved,Other Units Involved,Unspecified Units Involved,Road Speed Limit,Accident with Hit and Run,Fog Presence,Surrounding Environment,Special Lane Presence,Special Traffic Measures,Weather Conditions,Special Road Functions,Severity of Accident,Influence of Fog,Influence of Environment,Influence of Traffic,Influence of Weather,Influence of Wind Intensity,Influence of Lighting,Influence of Special Measures,Influence of Road Objects,Influence of Road Surface,Influence of Visibility,Intersection Characteristics,Lighting Conditions,Traffic Regulation and Priority,Direction of Road,Subtype of Accident,Subtype of Road Section,Subzone within Area,Road Surface Conditions,Type of Road,Road Ownership,Wind Conditions,Day of the Week Grouping,Hour of Day,Time of Day Grouping,Type of Accident,Day Type,Day,Month
6953,2016,1,2016-07-10,SE,MOLINS DE REI,Baix Llobregat,3,0,1,1,3,0,0,0,0,2,1,0,0,100.0,0.0,0,2,No n'hi ha,-1.0,3,3,1,0,0,0,0,0,0,0,0,0,0,1,5,3,1,Envestida (frontal lateral),2,2,2,5,-1,2,0,22.15,2,2,6,10,7
6954,2016,1,2016-10-07,SE,NAVAS,Bages,3,0,1,0,2,1,0,0,0,1,0,0,0,100.0,0.0,0,2,No n'hi ha,-1.0,3,3,1,0,0,0,0,0,0,0,0,0,0,2,1,-1,1,Atropellament,2,2,2,5,-1,2,0,19.3,1,3,4,7,10
6955,2016,1,2016-09-26,SE,SABADELL,Valles Occidental,3,0,1,0,2,1,0,0,0,1,0,0,0,100.0,0.0,0,-1,No n'hi ha,-1.0,3,3,1,0,0,0,0,0,0,0,0,0,0,0,4,-1,-1,Atropellament,-1,2,2,5,-1,2,1,12.3,0,3,0,26,9
6956,2016,0,2016-01-19,B-682,PALAFOLLS,Maresme,3,0,1,0,1,0,0,0,1,0,0,0,0,50.0,0.0,0,2,No n'hi ha,-1.0,3,3,1,0,0,0,0,0,0,0,0,0,0,1,4,3,1,Caiguda en la via,1,1,2,4,2,2,1,13.42,0,0,1,19,1
6957,2016,1,2016-08-10,SE,VILANOVA I LA GELTRU,Garraf,3,0,1,0,2,1,0,0,0,1,0,0,0,30.0,0.0,0,2,No n'hi ha,-1.0,3,3,1,0,0,0,0,0,0,0,0,0,0,2,4,4,0,Atropellament,1,2,2,5,-1,2,1,15.45,1,3,2,10,8
6958,2016,0,2016-01-26,C-245,SANT BOI DE LLOBREGAT,Baix Llobregat,3,0,1,1,1,0,0,0,1,0,0,0,0,40.0,0.0,0,2,No n'hi ha,0.0,3,3,1,0,0,0,0,0,0,1,0,1,0,0,3,-1,1,Xoc contra objecte/obstacle sense sortida prèvia de via,-1,1,2,4,1,2,1,20.0,1,4,1,26,1
6959,2016,1,2016-06-19,C-66,CELRA,Girones,1,0,1,3,5,4,0,0,0,1,0,0,0,100.0,0.0,0,2,No n'hi ha,-1.0,3,3,1,0,0,0,0,0,0,0,0,0,0,1,4,3,1,Atropellament,2,0,2,4,2,2,0,12.2,0,3,6,19,6
6960,2016,0,2016-06-03,AP-2,"BISBAL DEL PENEDES, LA",Baix Penedes,0,0,1,0,2,0,0,0,0,1,0,1,0,90.0,0.0,0,-1,Sense Especificar,-1.0,3,3,1,0,0,0,0,0,0,0,0,0,0,0,4,-1,-1,Encalç,-1,1,2,4,4,2,0,17.43,1,2,4,3,6
6961,2016,1,2016-05-06,SE,BADIA DEL VALLES,Valles Occidental,3,0,1,1,4,3,0,0,0,1,0,0,0,20.0,0.0,0,-1,No n'hi ha,-1.0,3,3,1,-1,-1,0,0,-1,0,0,0,0,0,0,4,-1,-1,Atropellament,-1,2,2,5,-1,2,0,17.35,1,3,4,6,5
6962,2016,0,2016-10-02,N-240,"BORGES BLANQUES, LES",Garrigues,2,0,1,0,1,0,0,0,0,1,0,0,0,90.0,0.0,0,-1,Sense Especificar,-1.0,3,3,1,0,0,0,0,0,0,0,0,0,0,0,4,-1,-1,Resta sortides de via,-1,1,2,4,4,2,0,15.18,1,1,6,2,10
6963,2016,1,2016-10-29,SE,SANTA PERPETUA DE MO,Valles Occidental,3,0,1,1,3,0,0,0,1,2,0,0,0,40.0,0.0,0,2,No n'hi ha,-1.0,3,3,1,0,0,0,0,0,0,0,0,0,0,2,4,-1,1,Fregament o col·lisió lateral,0,2,2,5,-1,2,0,13.28,0,2,5,29,10
6964,2016,0,2016-04-11,T-714,CABACES,Priorat,0,0,1,0,1,0,0,0,1,0,0,0,0,90.0,0.0,0,-1,Sense Especificar,-1.0,3,3,1,0,0,0,0,0,0,0,0,0,0,0,4,-1,-1,Altres,-1,1,2,4,4,2,1,11.54,0,5,0,11,4
6965,2016,0,2016-06-23,N-340,RODA DE BARA,Tarragones,0,0,1,0,2,0,1,0,0,1,0,0,0,100.0,0.0,0,2,No n'hi ha,-1.0,3,3,1,0,0,0,0,0,0,0,0,0,0,1,4,4,1,Envestida (frontal lateral),1,1,2,4,1,2,1,9.41,0,2,3,23,6
6966,2016,1,2016-09-12,BV-1439,GRANOLLERS,Valles Oriental,3,0,1,0,2,0,0,0,1,1,0,0,0,100.0,0.0,0,2,No n'hi ha,-1.0,3,3,1,0,0,0,0,0,0,0,0,0,0,0,4,-1,0,Envestida (frontal lateral),-1,0,2,4,-1,2,1,19.0,1,2,0,12,9
6967,2016,1,2016-07-15,SE,ROSES,Alt Emporda,1,0,1,0,2,0,1,0,0,1,0,0,0,40.0,1.0,0,-1,No n'hi ha,-1.0,3,3,1,-1,0,0,0,-1,0,0,0,0,0,0,4,-1,1,Fregament o col·lisió lateral,-1,2,2,5,-1,2,0,18.59,1,2,4,15,7
6968,2016,0,2016-05-14,N-II,MONTGAT,Maresme,3,0,1,0,2,0,0,0,1,1,0,0,0,40.0,0.0,0,2,No n'hi ha,-1.0,3,3,1,0,0,0,0,0,0,0,0,0,0,1,4,4,0,Fregament o col·lisió lateral,0,1,2,4,1,2,0,12.36,0,2,5,14,5
6969,2016,1,2016-04-23,SE,GRANOLLERS,Valles Oriental,3,0,1,0,2,0,0,2,0,0,0,0,0,100.0,0.0,0,2,No n'hi ha,-1.0,3,3,1,0,0,0,0,0,0,0,0,0,0,1,5,4,0,Fregament o col·lisió lateral,2,2,2,5,-1,2,0,23.13,2,2,5,23,4
6970,2016,1,2016-03-23,SE,SABADELL,Valles Occidental,3,0,1,0,1,0,1,0,0,0,0,0,0,100.0,0.0,0,-1,No n'hi ha,-1.0,3,3,1,0,0,0,0,0,0,0,0,0,0,0,4,-1,-1,Caiguda en la via,-1,2,2,5,-1,2,1,19.59,1,0,2,23,3
6971,2016,0,2016-01-08,B-23,MOLINS DE REI,Baix Llobregat,3,0,1,0,2,1,0,0,0,1,0,0,0,100.0,0.0,0,2,Carril acceleració,-1.0,3,3,1,0,0,0,0,0,0,0,0,0,0,1,4,4,0,Atropellament,3,1,2,4,1,2,1,14.28,1,3,4,8,1
6972,2016,1,2016-05-06,SE,TERRASSA,Valles Occidental,3,0,1,0,3,0,2,0,0,1,0,0,0,100.0,0.0,0,-1,No n'hi ha,-1.0,3,3,1,0,0,0,0,0,0,0,0,0,0,0,4,-1,-1,Envestida (frontal lateral),-1,2,2,5,-1,2,0,17.05,1,2,4,6,5
6973,2016,1,2016-01-15,SE,TERMENS,Noguera,2,0,1,0,2,0,0,1,0,1,0,0,0,20.0,0.0,0,2,No n'hi ha,-1.0,3,3,1,0,0,0,0,0,0,0,0,0,0,2,5,5,1,Caiguda en la via,0,2,2,5,-1,2,0,21.19,1,0,4,15,1
6974,2016,1,2016-02-14,SE,CERDANYOLA DEL VALLES,Valles Occidental,3,0,1,0,2,1,0,0,0,1,0,0,0,100.0,0.0,0,2,No n'hi ha,-1.0,1,3,1,0,0,0,0,0,0,0,0,0,0,2,5,4,0,Atropellament,2,2,2,5,-1,2,0,19.0,1,3,6,14,2
6975,2016,1,2016-04-26,SE,PALAMOS,Baix Emporda,1,0,1,0,2,1,0,0,0,1,0,0,0,20.0,0.0,0,2,No n'hi ha,-1.0,3,3,1,-1,0,0,0,-1,0,0,0,0,-1,0,4,-1,1,Atropellament,-1,2,2,5,-1,2,1,19.02,1,3,1,26,4
6976,2016,0,2016-12-13,B-120,VILADECAVALLS,Valles Occidental,3,0,3,2,2,0,0,0,0,2,0,0,0,100.0,0.0,0,3,No n'hi ha,-1.0,3,3,1,0,0,0,0,0,0,0,0,0,0,0,3,-1,1,Col·lisió frontal,-1,1,2,4,2,2,1,20.55,1,2,1,13,12
6977,2016,1,2016-07-11,SE,BARCELONA,Barcelones,3,0,1,0,1,0,0,0,1,0,0,0,0,100.0,0.0,0,-1,No n'hi ha,-1.0,3,3,1,0,0,0,0,0,0,0,0,0,0,0,4,-1,0,Caiguda en la via,-1,2,2,5,-1,2,1,12.1,0,0,0,11,7
6978,2016,0,2016-06-24,N-260,FONTANALS DE CERDANYA,Cerdanya,1,0,2,2,1,0,0,0,0,1,0,0,0,100.0,0.0,0,1,No n'hi ha,-1.0,3,3,1,0,0,0,0,0,0,0,0,0,0,0,4,-1,1,Resta sortides de via,-1,1,2,4,1,2,1,7.03,0,1,4,24,6
6979,2016,1,2016-05-15,SE,POLINYA,Valles Occidental,3,0,1,0,2,0,0,1,0,1,0,0,0,100.0,0.0,0,-1,No n'hi ha,-1.0,3,3,1,0,0,0,0,0,0,0,0,0,0,0,4,-1,-1,Altres,-1,2,2,5,-1,2,0,23.16,2,5,6,15,5
6980,2016,1,2016-02-16,SE,GRANOLLERS,Valles Oriental,3,0,1,0,2,1,0,0,0,1,0,0,0,100.0,0.0,0,2,No n'hi ha,-1.0,3,3,1,0,0,0,0,0,0,0,0,0,0,0,4,-1,1,Atropellament,-1,2,2,5,-1,2,1,14.19,1,3,1,16,2
6981,2016,1,2016-09-08,SE,SANT CUGAT DEL VALLES,Valles Occidental,3,0,1,1,3,0,0,1,0,2,0,0,0,100.0,0.0,0,-1,No n'hi ha,-1.0,3,3,1,0,0,0,0,0,0,0,0,0,0,0,4,-1,-1,Envestida (frontal lateral),-1,2,2,5,-1,2,1,18.15,1,2,3,8,9
6982,2016,1,2016-05-12,BV-2002,SANT VICENC DELS HORTS,Baix Llobregat,3,0,1,7,4,0,0,0,0,4,0,0,0,90.0,0.0,0,-1,No n'hi ha,-1.0,3,3,1,0,-1,0,0,0,0,0,0,0,0,0,4,-1,-1,Encalç,-1,0,2,4,-1,2,1,17.4,1,2,3,12,5
6983,2016,1,2016-04-05,SE,TARRAGONA,Tarragones,0,0,1,0,2,1,0,0,0,1,0,0,0,20.0,0.0,0,2,No n'hi ha,-1.0,1,3,1,-1,0,0,0,-1,0,0,0,0,0,0,1,-1,0,Atropellament,-1,2,0,5,-1,2,1,7.04,0,3,1,5,4
6984,2016,0,2016-05-03,C-65,GIRONA,Girones,1,0,1,1,2,0,0,0,0,2,0,0,0,100.0,0.0,0,0,No n'hi ha,-1.0,3,3,1,0,0,0,0,0,0,0,0,0,0,0,4,-1,1,Envestida (frontal lateral),-1,1,2,4,2,2,1,18.49,1,2,1,3,5
6985,2016,1,2016-01-21,SE,BARCELONA,Barcelones,3,0,1,0,3,0,0,0,1,2,0,0,0,100.0,0.0,0,-1,No n'hi ha,-1.0,3,3,1,0,0,0,0,0,0,0,0,0,0,0,5,-1,0,Fregament o col·lisió lateral,-1,2,2,5,-1,2,1,19.25,1,2,3,21,1
6986,2016,0,2016-06-15,CR,LLEIDA,Segria,2,0,1,0,1,0,1,0,0,0,0,0,0,100.0,0.0,0,1,No n'hi ha,-1.0,3,3,1,0,0,0,0,0,0,0,0,0,0,0,4,-1,1,Caiguda en la via,-1,1,0,3,0,2,1,10.48,0,0,2,15,6
6987,2016,0,2016-08-31,C-15,"POBLA DE CLARAMUNT,LA",Anoia,3,0,3,1,4,0,0,0,0,3,1,0,0,100.0,0.0,0,1,Carril avançament,-1.0,3,3,1,0,0,0,0,0,0,0,0,0,0,0,4,-1,1,Altres,-1,1,2,4,2,2,1,18.04,1,5,2,31,8
6988,2016,0,2016-05-15,C-15z,SANTA FE DEL PENEDES,Alt Penedes,3,0,1,0,1,0,0,0,1,0,0,0,0,60.0,0.0,0,2,No n'hi ha,-1.0,3,3,1,0,0,0,0,0,0,0,0,0,0,0,4,-1,1,Caiguda en la via,-1,1,2,4,2,2,0,13.21,0,0,6,15,5
6989,2016,0,2016-02-11,C-31,BADALONA,Barcelones,3,1,0,0,2,0,0,0,1,0,1,0,0,100.0,0.0,0,-1,No n'hi ha,-1.0,3,3,0,0,0,0,0,0,0,0,0,0,0,0,4,-1,-1,Altres,-1,1,2,4,-1,2,1,8.54,0,5,3,11,2
6990,2016,1,2016-03-04,L-200,MOLLERUSSA,Pla d'Urgell,2,0,1,0,2,1,0,0,0,1,0,0,0,40.0,0.0,0,2,No n'hi ha,-1.0,3,3,1,0,0,0,0,0,0,0,0,0,0,1,4,2,1,Atropellament,1,0,2,4,0,2,1,11.3,0,3,4,4,3
6991,2016,0,2016-05-28,GI-555,RIUDARENES,Selva,1,0,1,0,2,0,0,1,0,1,0,0,0,100.0,0.0,0,2,No n'hi ha,-1.0,3,3,1,0,0,0,0,0,0,0,0,0,0,0,4,-1,1,Encalç,-1,1,2,4,0,2,0,12.59,0,2,5,28,5
6992,2016,1,2016-10-29,SE,MATARO,Maresme,3,1,0,1,2,1,0,0,1,0,0,0,0,20.0,0.0,0,2,No n'hi ha,-1.0,3,3,0,-1,0,0,0,-1,0,0,0,0,-1,1,5,2,1,Atropellament,1,2,2,5,-1,2,0,20.53,1,3,5,29,10
6993,2016,1,2016-02-10,SE,HOSPITALET DE LLOBREGAT,Barcelones,3,0,1,0,2,0,0,0,1,1,0,0,0,20.0,0.0,0,-1,No n'hi ha,-1.0,3,3,1,-1,0,0,0,-1,0,0,0,0,0,1,4,5,0,Envestida (frontal lateral),2,2,2,5,0,2,1,17.55,1,2,2,10,2
6994,2016,0,2016-11-19,TP-7403,PORRERA,Priorat,0,0,1,0,2,0,0,0,2,0,0,0,0,90.0,0.0,0,-1,Sense Especificar,-1.0,3,3,1,0,0,0,0,0,0,0,0,0,0,0,4,-1,-1,Envestida (frontal lateral),-1,1,2,4,4,2,0,12.5,0,2,5,19,11
6995,2016,0,2016-08-04,CR,AMPOSTA,Montsia,0,0,1,2,1,0,0,0,0,1,0,0,0,100.0,0.0,0,3,No n'hi ha,-1.0,3,3,1,0,0,0,0,0,0,0,0,0,0,0,4,-1,1,Resta sortides de via,-1,1,2,3,0,2,1,17.0,1,1,3,4,8
6996,2016,0,2016-02-14,C-13,"SENTIU DE SIO, LA",Noguera,2,0,1,0,1,0,0,0,0,1,0,0,0,90.0,0.0,0,-1,Sense Especificar,-1.0,3,3,1,0,0,0,0,0,0,0,0,0,0,0,4,-1,-1,Resta sortides de via,-1,1,2,4,4,2,0,4.43,2,1,6,14,2
6997,2016,0,2016-07-17,GI-504,TERRADES,Alt Emporda,1,0,1,1,1,0,0,0,1,0,0,0,0,100.0,0.0,0,1,No n'hi ha,-1.0,3,3,1,0,0,0,0,0,0,0,0,0,0,0,4,-1,1,Caiguda en la via,-1,1,2,4,3,2,0,11.43,0,0,6,17,7
6998,2016,1,2016-10-01,SE,CASTELLO D'EMPURIES,Alt Emporda,1,0,1,0,2,1,0,0,0,1,0,0,0,100.0,0.0,0,2,No n'hi ha,-1.0,3,3,1,0,0,0,0,0,0,0,0,0,0,2,4,5,0,Atropellament,0,2,2,5,-1,2,0,10.4,0,3,5,1,10
6999,2016,0,2016-07-26,N-260,GARRIGUELLA,Alt Emporda,1,0,2,1,2,0,0,0,0,2,0,0,0,100.0,0.0,0,2,No n'hi ha,-1.0,3,3,1,0,0,0,0,0,0,0,0,0,0,0,3,-1,1,Col·lisió frontal,-1,1,2,4,1,2,1,0.33,2,2,1,26,7
7000,2016,1,2016-12-29,SE,"POBLA DE CLARAMUNT,LA",Anoia,3,0,1,0,2,1,0,0,0,1,0,0,0,20.0,0.0,0,-1,Sense Especificar,-1.0,3,3,1,0,0,0,0,0,0,0,0,0,0,1,4,3,-1,Atropellament,2,2,2,5,-1,2,1,22.06,2,3,3,29,12
7001,2016,0,2016-09-10,A-2,CASTELLOLI,Anoia,3,0,1,1,2,0,0,0,1,1,0,0,0,100.0,0.0,0,3,No n'hi ha,-1.0,3,3,1,0,0,0,0,0,0,0,0,0,0,0,4,-1,0,Fregament o col·lisió lateral,-1,1,2,4,1,2,0,12.54,0,2,5,10,9
7002,2016,1,2016-08-06,SE,HOSPITALET DE LLOBREGAT,Barcelones,3,1,0,0,1,0,0,0,1,0,0,0,0,20.0,0.0,0,2,No n'hi ha,-1.0,3,3,0,-1,0,0,0,-1,0,0,0,0,-1,0,1,-1,1,Xoc contra objecte/obstacle sense sortida prèvia de via,-1,2,2,5,-1,2,0,7.13,0,4,5,6,8
7003,2016,1,2016-06-30,SE,REUS,Baix Camp,0,0,1,0,2,0,0,0,0,2,0,0,0,100.0,0.0,0,-1,No n'hi ha,-1.0,3,3,1,0,0,0,0,0,0,0,0,0,0,0,4,-1,-1,Fregament o col·lisió lateral,-1,2,2,5,-1,2,1,6.3,0,2,3,30,6
7004,2016,0,2016-06-23,C-16,SALLENT,Bages,3,0,1,0,1,0,0,0,0,1,0,0,0,100.0,0.0,0,2,No n'hi ha,-1.0,3,3,1,0,0,0,0,0,0,0,0,0,0,0,4,-1,1,Resta sortides de via,-1,1,2,4,2,2,1,8.29,0,1,3,23,6
7005,2016,1,2016-07-09,SE,HOSPITALET DE LLOBREGAT,Barcelones,3,0,1,0,2,1,0,0,0,1,0,0,0,20.0,0.0,0,-1,No n'hi ha,-1.0,3,3,1,0,-1,0,0,0,0,0,0,0,0,0,5,-1,-1,Atropellament,-1,2,2,5,-1,2,0,23.59,2,3,5,9,7
7006,2016,1,2016-07-21,SE,BARCELONA,Barcelones,3,0,1,0,2,0,1,0,0,0,1,0,0,100.0,0.0,0,-1,Carril bici,-1.0,3,3,1,0,0,0,0,0,0,0,0,0,0,1,4,3,1,Envestida (frontal lateral),2,2,2,5,-1,2,1,12.35,0,2,3,21,7
7007,2016,1,2016-08-15,SE,CAMBRILS,Baix Camp,0,0,1,0,2,0,2,0,0,0,0,0,0,100.0,0.0,0,2,Carril bici,-1.0,3,3,1,0,0,0,0,0,0,0,0,0,0,0,4,-1,1,Caiguda en la via,-1,2,3,5,-1,2,1,17.3,1,0,0,15,8
7008,2016,0,2016-12-12,C-25,SANTA MARIA D'OLO,Moianès,3,0,1,2,2,0,0,0,0,1,1,0,0,90.0,0.0,0,-1,Sense Especificar,-1.0,3,3,1,0,0,0,0,0,0,0,0,0,0,0,4,-1,-1,Encalç,-1,1,2,4,4,2,1,14.47,1,2,0,12,12
7009,2016,1,2016-04-27,SE,BARCELONA,Barcelones,3,0,1,0,2,1,1,0,0,0,0,0,0,10.0,0.0,0,-1,Carril bici,-1.0,3,3,1,0,0,0,0,0,0,0,0,0,1,0,4,-1,1,Atropellament,-1,2,2,5,-1,2,1,18.5,1,3,2,27,4
7010,2016,1,2016-11-19,SE,"VENDRELL, EL",Baix Penedes,0,0,1,0,3,2,0,0,0,1,0,0,0,40.0,0.0,0,-1,No n'hi ha,-1.0,3,3,1,-1,-1,0,0,-1,0,0,0,0,1,1,5,4,1,Atropellament,2,2,2,5,-1,2,0,18.33,1,3,5,19,11
7011,2016,1,2016-07-18,SE,BARCELONA,Barcelones,3,1,1,0,2,0,0,0,2,0,0,0,0,100.0,0.0,0,-1,No n'hi ha,-1.0,3,3,0,0,0,0,0,0,0,0,0,0,0,1,4,3,1,Envestida (frontal lateral),1,2,2,5,-1,2,1,17.23,1,2,0,18,7
7012,2016,1,2016-09-16,SE,GIRONA,Girones,1,0,1,0,2,0,0,0,0,2,0,0,0,40.0,0.0,0,2,No n'hi ha,-1.0,3,3,1,0,0,0,0,0,0,0,0,0,0,1,4,3,1,Encalç,2,2,2,5,-1,2,0,16.0,1,2,4,16,9
7013,2016,1,2016-12-13,SE,CERDANYOLA DEL VALLES,Valles Occidental,3,0,1,0,3,0,0,0,1,2,0,0,0,100.0,0.0,0,2,No n'hi ha,-1.0,3,3,1,0,0,0,0,0,0,0,0,0,0,0,5,-1,0,Sortida de via amb xoc o col·lisió,-1,2,2,5,-1,2,1,18.08,1,1,1,13,12
7014,2016,1,2016-12-18,N-IIa,SANT JULIA DE RAMIS,Girones,1,0,1,1,1,0,0,0,0,1,0,0,0,100.0,0.0,0,2,No n'hi ha,-1.0,3,3,1,0,0,0,0,0,0,0,0,0,0,0,5,-1,1,Resta sortides de via,-1,0,2,4,2,2,0,6.14,0,1,6,18,12
7015,2016,1,2016-05-08,SE,BARCELONA,Barcelones,3,0,1,0,2,1,0,0,0,1,0,0,0,100.0,0.0,0,-1,No n'hi ha,-1.0,3,3,1,0,0,0,0,0,0,0,0,0,1,0,5,-1,1,Atropellament,-1,2,2,5,-1,2,0,22.5,2,3,6,8,5
7016,2016,1,2016-06-02,SE,BARCELONA,Barcelones,3,0,1,0,1,0,0,0,0,0,1,0,0,100.0,0.0,0,-1,No n'hi ha,-1.0,3,3,1,0,0,1,0,0,0,0,0,0,0,0,4,-1,0,Caiguda en la via,-1,2,2,5,-1,2,1,17.3,1,0,3,2,6
7017,2016,1,2016-06-10,SE,CAMBRILS,Baix Camp,0,0,1,1,2,0,0,0,1,1,0,0,0,40.0,0.0,0,2,No n'hi ha,-1.0,3,3,1,0,0,0,0,0,0,0,0,0,0,2,5,4,1,Envestida (frontal lateral),0,2,2,5,-1,2,1,0.0,2,2,4,10,6
7018,2016,0,2016-04-03,BP-1417,SANT CUGAT DEL VALLES,Valles Occidental,3,0,3,1,3,0,0,0,3,0,0,0,0,100.0,0.0,0,1,No n'hi ha,-1.0,3,3,1,0,0,0,0,0,0,0,0,0,1,0,4,-1,1,Altres,-1,1,2,4,3,2,0,18.31,1,5,6,3,4
7019,2016,1,2016-10-09,SE,LLORET DE MAR,Selva,1,0,1,0,1,0,0,1,0,0,0,0,0,100.0,0.0,0,-1,No n'hi ha,-1.0,3,3,1,0,0,0,0,0,0,0,0,0,0,0,4,-1,-1,Xoc contra objecte/obstacle sense sortida prèvia de via,-1,2,2,5,-1,2,0,10.08,0,4,6,9,10
7020,2016,1,2016-07-02,SE,PINELL DE SOLSONES,Solsones,2,0,1,0,1,0,0,0,1,0,0,0,0,20.0,0.0,0,-1,Sense Especificar,-1.0,3,3,1,0,0,0,0,0,0,0,0,0,0,0,4,-1,-1,Altres,-1,2,2,5,-1,2,0,11.37,0,5,5,2,7
7021,2016,0,2016-09-09,B-682,PALAFOLLS,Maresme,3,0,1,0,2,0,1,0,0,1,0,0,0,90.0,0.0,0,-1,Sense Especificar,-1.0,3,3,1,0,0,0,0,0,0,0,0,0,0,1,4,4,-1,Encalç,0,1,2,4,4,2,1,7.42,0,2,4,9,9
7022,2016,1,2016-07-23,SE,BARCELONA,Barcelones,3,0,1,1,8,0,0,0,1,7,0,0,0,100.0,0.0,0,-1,No n'hi ha,-1.0,3,3,1,0,0,0,0,0,0,0,0,0,0,0,4,-1,0,Fregament o col·lisió lateral,-1,2,2,5,-1,2,0,6.3,0,2,5,23,7
7023,2016,0,2016-12-15,N-II,VIDRERES,Selva,1,0,3,1,2,0,0,0,0,2,0,0,0,100.0,0.0,0,1,No n'hi ha,-1.0,3,3,1,0,0,0,0,0,0,0,0,0,0,0,4,-1,1,Col·lisió frontal,-1,1,2,4,1,2,1,13.15,0,2,3,15,12
7024,2016,0,2016-04-14,C-17,MALLA,Osona,3,0,1,2,5,0,0,0,1,4,0,0,0,100.0,0.0,0,2,No n'hi ha,-1.0,3,3,1,0,0,0,0,0,0,0,0,0,0,0,4,-1,1,Encalç,-1,1,2,4,2,2,1,16.53,1,2,3,14,4
7025,2016,1,2016-02-19,SE,FRANQUESES DEL VALLE,Valles Oriental,3,0,1,0,2,0,0,0,1,1,0,0,0,30.0,0.0,0,2,No n'hi ha,-1.0,3,3,1,0,0,0,0,0,0,0,0,0,0,1,4,5,1,Fregament o col·lisió lateral,1,2,2,5,0,2,1,9.16,0,2,4,19,2
7026,2016,0,2016-11-26,C-14,ORGANYA,Alt Urgell,2,0,1,0,1,0,0,0,0,1,0,0,0,100.0,0.0,0,1,No n'hi ha,-1.0,2,3,1,0,1,0,0,0,0,0,0,0,0,0,3,-1,1,Xoc contra objecte/obstacle sense sortida prèvia de via,-1,1,2,4,2,2,0,22.3,2,4,5,26,11
7027,2016,1,2016-11-07,SE,SALT,Girones,1,0,1,0,2,0,0,1,0,1,0,0,0,20.0,0.0,0,2,No n'hi ha,-1.0,3,3,1,-1,0,0,0,-1,0,0,0,0,0,1,5,2,1,Envestida (frontal lateral),2,2,2,5,-1,2,1,7.05,0,2,0,7,11
7028,2016,0,2016-09-10,BP-5002,VALLROMANES,Valles Oriental,3,1,0,0,1,0,0,0,0,1,0,0,0,100.0,0.0,0,-1,No n'hi ha,-1.0,3,3,0,0,0,0,0,0,0,0,0,0,0,0,4,-1,-1,Resta sortides de via,-1,1,2,4,-1,2,0,5.23,2,1,5,10,9
7029,2016,1,2016-04-26,SE,TARRAGONA,Tarragones,0,0,1,0,2,1,0,0,0,1,0,0,0,20.0,0.0,0,2,No n'hi ha,-1.0,3,3,1,-1,0,0,0,-1,0,0,0,0,-1,0,4,-1,0,Atropellament,-1,2,2,5,-1,2,1,13.1,0,3,1,26,4
7030,2016,0,2016-09-25,C-462,NAVES,Solsones,2,0,1,1,3,0,0,0,1,2,0,0,0,50.0,0.0,0,3,No n'hi ha,-1.0,3,3,1,0,0,0,0,0,0,0,0,0,0,0,4,-1,1,Fregament o col·lisió lateral,-1,1,2,4,2,2,0,11.35,0,2,6,25,9
7031,2016,0,2016-08-07,C-65,CASSA DE LA SELVA,Girones,1,0,5,0,2,0,0,0,0,2,0,0,0,100.0,0.0,0,2,No n'hi ha,-1.0,3,3,1,0,0,0,0,0,0,0,0,0,0,0,1,-1,1,Col·lisió frontal,-1,1,2,4,2,2,0,6.35,0,2,6,7,8
7032,2016,1,2016-01-11,SE,SANT SADURNI D'ANOIA,Alt Penedes,3,0,1,0,2,1,0,0,0,1,0,0,0,100.0,0.0,0,2,No n'hi ha,-1.0,3,3,1,0,0,0,0,0,0,0,0,0,0,2,5,4,0,Atropellament,0,2,2,5,-1,2,1,19.4,1,3,0,11,1
7033,2016,0,2016-07-18,A-2,ODENA,Anoia,3,0,1,0,1,0,0,0,1,0,0,0,0,40.0,0.0,0,1,No n'hi ha,-1.0,3,3,1,0,0,0,0,0,0,0,0,0,0,0,4,-1,1,Resta sortides de via,-1,1,2,4,1,2,1,14.22,1,1,0,18,7
7034,2016,1,2016-11-23,SE,ARENYS DE MAR,Maresme,3,0,1,0,2,0,0,1,0,1,0,0,0,100.0,0.0,0,2,No n'hi ha,-1.0,1,3,1,0,0,0,1,0,0,0,0,0,0,0,4,-1,1,Caiguda en la via,-1,2,2,5,-1,2,1,10.34,0,0,2,23,11
7035,2016,0,2016-04-03,C-37z,MANRESA,Bages,3,0,1,0,1,0,0,0,1,0,0,0,0,90.0,0.0,0,-1,Sense Especificar,-1.0,3,3,1,0,0,0,0,0,0,0,0,0,0,0,4,-1,-1,Resta sortides de via,-1,1,2,4,4,2,0,10.55,0,1,6,3,4
7036,2016,0,2016-04-22,B-150,CASTELLBISBAL,Valles Occidental,3,0,1,0,1,0,0,0,1,0,0,0,0,90.0,0.0,0,-1,Sense Especificar,-1.0,3,3,1,0,0,0,0,0,0,0,0,0,0,2,4,4,-1,Altres,0,1,2,4,4,2,0,17.35,1,5,4,22,4