,Year,Area,Date,Road,Municipality Name,County Name,Province Name,Fatalties,Serious Injuries,Light Injuries,Units Involved,Pedestrains Involved,Bicycles Involved,Mopeds Involved,Motorcycles,Light Vehicles Involved,Heavy Vehicles Involved,Other Units Involved,Unspecified Units Involved,Road Speed Limit,Accident with Hit and Run,Fog Presence,Surrounding Environment,Special Lane Presence,Special Traffic Measures,Weather Conditions,Special Road Functions,Severity of Accident,Influence of Fog,Influence of Environment,Influence of Traffic,Influence of Weather,Influence of Wind Intensity,Influence of Lighting,Influence of Special Measures,Influence of Road Objects,Influence of Road Surface,Influence of Visibility,Intersection Characteristics,Lighting Conditions,Traffic Regulation and Priority,Direction of Road,Subtype of Accident,Subtype of Road Section,Subzone within Area,Road Surface Conditions,Type of Road,Road Ownership,Wind Conditions,Day of the Week Grouping,Hour of Day,Time of Day Grouping,Type of Accident,Day Type,Day,Month
7037,2016,0,2016-06-26,T-740,PORRERA,Priorat,0,0,1,0,1,0,1,0,0,0,0,0,0,90.0,0.0,0,-1,Sense Especificar,-1.0,3,3,1,0,0,0,0,0,0,0,0,0,0,0,4,-1,-1,Altres,-1,1,2,4,4,2,0,11.5,0,5,6,26,6
7038,2016,1,2016-09-01,SE,SANT JOAN DESPI,Baix Llobregat,3,0,1,0,2,0,0,0,1,1,0,0,0,100.0,0.0,0,1,No n'hi ha,-1.0,3,3,1,0,0,0,0,0,0,0,0,0,0,1,4,5,0,Envestida (frontal lateral),0,2,2,5,0,2,1,7.55,0,2,3,1,9
7039,2016,1,2016-03-09,SE,OLESA DE MONTSERRAT,Baix Llobregat,3,0,1,1,3,2,0,0,0,1,0,0,0,100.0,0.0,0,2,No n'hi ha,-1.0,3,3,1,0,0,0,0,0,0,0,0,0,0,0,4,-1,1,Atropellament,-1,2,2,5,-1,2,1,18.45,1,3,2,9,3
7040,2016,0,2016-05-23,GI-681,TOSSA DE MAR,Selva,1,0,1,0,2,0,0,0,1,1,0,0,0,100.0,0.0,0,3,No n'hi ha,-1.0,3,3,1,0,0,0,0,0,0,0,0,0,0,0,4,-1,1,Col·lisió frontal,-1,1,2,4,3,2,1,14.06,1,2,0,23,5
7041,2016,0,2016-07-17,C-26,NAVES,Solsones,2,1,0,0,1,0,0,0,1,0,0,0,0,100.0,0.0,0,2,No n'hi ha,-1.0,3,3,0,0,0,0,0,0,0,0,0,0,0,0,4,-1,1,Resta sortides de via,-1,1,2,4,2,2,0,19.08,1,1,6,17,7
7042,2016,1,2016-05-03,SE,SANT BOI DE LLOBREGAT,Baix Llobregat,3,0,1,0,2,0,0,0,1,1,0,0,0,20.0,0.0,0,-1,No n'hi ha,-1.0,3,3,1,-1,0,0,0,-1,0,0,0,0,-1,0,4,-1,0,Caiguda en la via,-1,2,2,5,-1,2,1,8.45,0,0,1,3,5
7043,2016,0,2016-06-27,C-32,SANT PERE DE RIBES,Garraf,3,1,0,0,1,0,0,0,1,0,0,0,0,100.0,0.0,0,3,No n'hi ha,-1.0,3,3,0,0,0,0,0,0,0,0,0,0,0,0,3,-1,0,Resta sortides de via,-1,1,2,4,2,2,1,3.33,2,1,0,27,6
7044,2016,1,2016-08-14,SE,BARCELONA,Barcelones,3,0,1,0,2,1,0,0,0,1,0,0,0,30.0,0.0,0,-1,No n'hi ha,-1.0,3,3,1,0,0,0,0,0,0,0,0,0,1,1,4,3,1,Atropellament,2,2,2,5,-1,2,0,8.56,0,3,6,14,8
7045,2016,0,2016-05-31,TV-7223,"SELVA DEL CAMP, LA",Baix Camp,0,0,1,11,1,0,0,0,0,0,1,0,0,100.0,0.0,0,2,No n'hi ha,-1.0,3,3,1,0,0,0,0,0,0,0,0,0,0,1,4,4,1,Altres,3,1,2,4,3,2,1,17.36,1,5,1,31,5
7046,2016,0,2016-12-02,BP-1432,"AMETLLA DEL VALLES,",Valles Oriental,3,0,1,1,2,0,0,0,0,2,0,0,0,100.0,0.0,0,2,No n'hi ha,-1.0,3,3,1,0,0,0,0,0,1,0,0,0,0,0,4,-1,1,Col·lisió frontal,-1,1,2,4,3,2,1,8.59,0,2,4,2,12
7047,2016,1,2016-02-04,SE,BARCELONA,Barcelones,3,0,1,0,3,0,0,0,1,2,0,0,0,100.0,0.0,0,-1,No n'hi ha,-1.0,3,3,1,0,0,0,0,0,0,0,0,0,0,1,4,3,1,Col·lisió frontal,2,2,2,5,-1,2,1,14.15,1,2,3,4,2
7048,2016,1,2016-12-06,SE,SANT JOAN DE VILATOR,Bages,3,0,1,0,2,1,0,0,0,1,0,0,0,100.0,0.0,0,2,No n'hi ha,-1.0,3,3,1,0,0,0,0,0,0,0,0,0,0,1,1,5,1,Atropellament,2,2,2,5,-1,2,1,17.57,1,3,1,6,12
7049,2016,0,2016-06-03,B-430,SALLENT,Bages,3,0,1,0,2,0,0,0,1,1,0,0,0,90.0,0.0,0,-1,Sense Especificar,-1.0,3,3,1,0,0,0,0,0,0,0,0,0,0,1,4,5,-1,Envestida (frontal lateral),1,1,2,4,4,2,0,17.03,1,2,4,3,6
7050,2016,0,2016-08-07,BP-4654,ALPENS,Osona,3,0,1,0,1,0,0,0,1,0,0,0,0,90.0,0.0,0,-1,Sense Especificar,-1.0,3,3,1,0,0,0,0,0,0,0,0,0,0,0,4,-1,-1,Resta sortides de via,-1,1,2,4,4,2,0,12.44,0,1,6,7,8
7051,2016,0,2016-01-11,LV-2001,JUNEDA,Garrigues,2,1,0,0,2,0,0,0,0,1,1,0,0,100.0,0.0,0,2,No n'hi ha,-1.0,3,3,0,0,0,0,0,0,0,0,0,0,0,0,3,-1,1,Encalç,-1,1,2,4,2,2,1,19.39,1,2,0,11,1
7052,2016,1,2016-06-01,SE,IGUALADA,Anoia,3,0,1,0,2,1,0,0,0,1,0,0,0,50.0,0.0,0,2,No n'hi ha,-1.0,3,3,1,-1,0,0,0,-1,0,0,0,0,-1,1,4,3,0,Atropellament,2,2,2,5,-1,2,1,8.5,0,3,2,1,6
7053,2016,1,2016-06-27,SE,ROSES,Alt Emporda,1,0,1,0,1,0,0,0,1,0,0,0,0,20.0,0.0,0,2,No n'hi ha,-1.0,3,3,1,-1,0,0,0,-1,0,0,0,0,0,0,4,-1,1,Caiguda en la via,-1,2,1,5,-1,2,1,13.07,0,0,0,27,6
7054,2016,1,2016-03-16,N-260,MONTELLA I MARTINET,Cerdanya,2,1,0,0,2,1,0,0,0,1,0,0,0,50.0,0.0,0,2,No n'hi ha,-1.0,3,3,0,0,0,0,0,0,0,0,0,0,0,0,0,-1,1,Atropellament,-1,0,2,4,1,2,1,19.27,1,3,2,16,3
7055,2016,1,2016-02-04,SE,REUS,Baix Camp,0,0,1,0,1,0,0,0,1,0,0,0,0,100.0,0.0,0,-1,No n'hi ha,-1.0,3,3,1,0,0,0,0,0,0,0,0,0,0,0,4,-1,-1,Resta sortides de via,-1,2,2,5,-1,2,1,21.11,1,1,3,4,2
7056,2016,0,2016-07-14,C-31,"PRAT DE LLOBREGAT, E",Baix Llobregat,3,0,1,0,1,0,0,0,1,0,0,0,0,100.0,0.0,0,2,No n'hi ha,-1.0,3,3,1,0,0,0,0,0,0,0,0,0,0,0,1,-1,1,Caiguda en la via,-1,1,2,4,2,2,1,20.48,1,0,3,14,7
7057,2016,1,2016-03-13,SE,AITONA,Segria,2,0,1,1,2,0,2,0,0,0,0,0,0,100.0,0.0,0,2,No n'hi ha,-1.0,3,3,1,0,0,0,0,0,0,0,0,0,0,0,4,-1,1,Caiguda en la via,-1,2,2,5,2,2,0,9.39,0,0,6,13,3
7058,2016,0,2016-06-09,BV-1435,BIGUES I RIELLS,Valles Oriental,3,0,1,0,2,0,0,0,1,1,0,0,0,50.0,0.0,0,3,No n'hi ha,-1.0,3,3,1,0,0,0,0,0,0,0,0,0,1,1,4,4,1,Envestida (frontal lateral),3,1,2,4,3,2,1,14.07,1,2,3,9,6
7059,2016,1,2016-12-02,SE,TERRASSA,Valles Occidental,3,0,1,0,2,0,1,0,0,1,0,0,0,100.0,0.0,0,2,No n'hi ha,-1.0,3,3,1,0,0,0,0,0,0,0,0,0,0,1,5,4,0,Altres,2,2,2,5,-1,2,1,5.15,2,5,4,2,12
7060,2016,0,2016-11-24,B-10,SANT ADRIA DE BESOS,Barcelones,3,0,1,0,2,0,0,0,1,1,0,0,0,80.0,0.0,0,2,No n'hi ha,-1.0,3,3,1,0,0,0,0,0,0,0,0,0,0,0,4,-1,0,Encalç,-1,1,2,4,1,2,1,16.27,1,2,3,24,11
7061,2016,0,2016-08-21,AP-7,"ALDEA, L'",Baix Ebre,0,2,4,5,2,0,0,0,0,2,0,0,0,100.0,0.0,0,2,No n'hi ha,-1.0,3,3,0,0,0,0,0,0,0,0,0,0,0,0,4,-1,1,Envestida (frontal lateral),-1,1,2,4,1,2,0,11.15,0,2,6,21,8
7062,2016,1,2016-06-22,SE,HOSPITALET DE LLOBREGAT,Barcelones,3,0,1,0,2,1,0,0,0,1,0,0,0,20.0,1.0,0,-1,No n'hi ha,-1.0,3,3,1,-1,0,0,0,-1,0,0,0,0,0,0,4,-1,0,Atropellament,-1,2,2,5,0,2,1,17.15,1,3,2,22,6
7063,2016,0,2016-01-29,C-65,GIRONA,Girones,1,1,1,0,3,0,0,0,0,3,0,0,0,100.0,0.0,0,1,Carril acceleració,-1.0,3,3,0,0,0,0,0,0,0,0,0,0,0,0,5,-1,1,Col·lisió frontal,-1,1,2,4,2,2,0,22.59,2,2,4,29,1
7064,2016,0,2016-12-14,C-13,BALAGUER,Noguera,2,0,1,1,3,0,0,0,0,3,0,0,0,100.0,0.0,0,2,No n'hi ha,-1.0,3,3,1,0,0,0,0,0,0,0,0,0,0,1,3,4,1,Encalç,1,1,2,4,2,2,1,7.07,0,2,2,14,12
7065,2016,0,2016-10-20,N-340,ALCANAR,Montsia,0,0,1,0,1,0,0,0,0,1,0,0,0,100.0,0.0,0,0,No n'hi ha,-1.0,3,3,1,0,0,0,0,0,0,0,0,0,0,0,4,-1,1,Resta sortides de via,-1,1,2,4,1,2,1,15.01,1,1,3,20,10
7066,2016,0,2016-04-05,A-2,SANTA COLOMA DE CERV,Baix Llobregat,3,0,1,0,2,0,0,0,1,1,0,0,0,80.0,0.0,0,3,No n'hi ha,-1.0,1,3,1,0,0,0,0,0,0,0,0,0,0,0,2,-1,0,Encalç,-1,1,2,4,1,2,1,11.53,0,2,1,5,4
7067,2016,0,2016-07-17,BP-5107,SANT PERE DE VILAMAJOR,Valles Oriental,3,0,1,1,2,0,0,0,1,1,0,0,0,90.0,0.0,0,-1,Sense Especificar,-1.0,3,3,1,0,0,0,0,0,0,0,0,0,0,0,4,-1,-1,Col·lisió frontal,-1,1,2,4,4,2,0,12.48,0,2,6,17,7
7068,2016,1,2016-03-17,N-II,"JONQUERA, LA",Alt Emporda,1,0,1,1,2,0,0,0,0,1,1,0,0,30.0,0.0,0,2,No n'hi ha,-1.0,1,3,1,0,0,0,1,0,0,0,0,0,0,2,2,4,1,Encalç,0,0,2,4,1,1,1,13.2,0,2,3,17,3
7069,2016,0,2016-07-03,C-31,VILANOVA I LA GELTRU,Garraf,3,0,1,0,3,0,0,0,1,2,0,0,0,90.0,0.0,0,3,No n'hi ha,-1.0,3,3,1,0,0,0,0,0,0,0,0,0,0,0,4,-1,1,Col·lisió frontal,-1,1,2,4,2,2,0,13.11,0,2,6,3,7
7070,2016,0,2016-02-28,C-31,SANT ADRIA DE BESOS,Barcelones,3,1,0,0,1,0,0,0,0,1,0,0,0,100.0,0.0,0,-1,No n'hi ha,-1.0,3,3,0,0,0,0,0,0,0,0,0,0,0,0,4,-1,-1,Resta sortides de via,-1,1,2,4,-1,2,0,2.49,2,1,6,28,2
7071,2016,1,2016-10-15,SE,FIGUERES,Alt Emporda,1,0,1,0,3,2,0,0,0,1,0,0,0,100.0,0.0,0,2,No n'hi ha,-1.0,3,3,1,0,0,0,0,0,0,0,0,0,0,0,4,-1,1,Atropellament,-1,2,2,5,-1,2,0,13.45,0,3,5,15,10
7072,2016,0,2016-04-09,N-II,PREMIA DE MAR,Maresme,3,0,2,2,3,0,0,0,0,3,0,0,0,90.0,0.0,0,-1,Sense Especificar,-1.0,3,3,1,0,0,0,0,0,0,0,0,0,0,0,4,-1,-1,Col·lisió frontal,-1,1,2,4,4,2,0,7.23,0,2,5,9,4
7073,2016,0,2016-01-22,GI-652,PALS,Baix Emporda,1,0,1,0,3,0,0,0,0,2,1,0,0,40.0,0.0,0,2,No n'hi ha,-1.0,3,3,1,0,0,0,0,0,0,0,0,0,0,2,3,4,1,Col·lisió frontal,0,1,2,4,4,2,0,18.1,1,2,4,22,1
7074,2016,1,2016-10-22,SE,CORNELLA DE LLOBREGAT,Baix Llobregat,3,0,1,0,2,0,0,1,0,1,0,0,0,20.0,0.0,0,2,No n'hi ha,-1.0,3,3,1,-1,0,0,0,-1,0,0,0,0,-1,1,4,2,1,Envestida (frontal lateral),1,2,2,5,-1,2,0,15.23,1,2,5,22,10
7075,2016,1,2016-09-08,SE,BARCELONA,Barcelones,3,1,0,0,2,1,0,0,0,0,1,0,0,40.0,0.0,0,-1,No n'hi ha,-1.0,3,3,0,0,0,0,0,0,0,0,0,0,1,0,5,-1,0,Atropellament,-1,2,2,5,-1,2,1,14.22,1,3,3,8,9
7076,2016,1,2016-11-05,SE,SABADELL,Valles Occidental,3,1,1,0,3,2,0,0,0,1,0,0,0,100.0,0.0,0,-1,No n'hi ha,-1.0,3,3,0,0,0,0,0,0,0,0,0,0,0,0,4,-1,-1,Atropellament,-1,2,2,5,-1,2,0,5.2,2,3,5,5,11
7077,2016,1,2016-02-13,SE,MOLLERUSSA,Pla d'Urgell,2,0,1,0,2,1,0,0,0,1,0,0,0,30.0,0.0,0,2,Carril bici,-1.0,3,3,1,0,0,0,0,0,0,0,0,0,0,0,4,-1,0,Atropellament,-1,2,3,5,-1,2,0,12.58,0,3,5,13,2
7078,2016,1,2016-02-22,SE,SABADELL,Valles Occidental,3,0,1,0,2,1,0,0,0,1,0,0,0,100.0,0.0,0,1,No n'hi ha,-1.0,3,3,1,0,0,0,0,0,0,0,0,0,0,2,4,3,1,Atropellament,1,2,2,5,-1,2,1,17.16,1,3,0,22,2
7079,2016,0,2016-06-20,CR,"ALDEA, L'",Baix Ebre,0,1,1,0,2,0,0,0,0,2,0,0,0,100.0,0.0,0,2,No n'hi ha,-1.0,3,3,0,0,0,0,0,0,0,0,0,0,0,1,4,4,1,Envestida (frontal lateral),2,1,2,3,0,2,1,9.28,0,2,0,20,6
7080,2016,1,2016-07-02,SE,ALIO,Alt Camp,0,0,1,0,1,0,0,0,0,1,0,0,0,20.0,0.0,0,-1,Sense Especificar,-1.0,3,3,1,0,0,0,0,0,0,0,0,0,0,0,4,-1,-1,Resta sortides de via,-1,2,2,5,-1,2,0,5.08,2,1,5,2,7
7081,2016,0,2016-10-10,C-31,BARCELONA,Barcelones,3,0,1,0,2,0,0,0,1,1,0,0,0,80.0,0.0,0,-1,No n'hi ha,-1.0,3,1,1,0,0,1,0,0,0,0,0,0,0,0,5,-1,0,Encalç,-1,1,2,2,2,2,1,20.3,1,2,0,10,10
7082,2016,0,2016-06-09,TV-7223,VILALLONGA DEL CAMP,Tarragones,0,1,0,1,2,0,0,0,1,1,0,0,0,100.0,0.0,0,2,No n'hi ha,-1.0,3,3,0,0,0,0,0,0,0,0,0,0,0,0,4,-1,1,Col·lisió frontal,-1,1,2,4,3,2,1,6.54,0,2,3,9,6
7083,2016,0,2016-10-02,C-1412b,"BARONIA DE RIALB, LA",Noguera,2,1,1,0,1,0,0,0,1,0,0,0,0,100.0,0.0,0,3,No n'hi ha,-1.0,3,3,0,0,0,0,0,0,0,0,0,0,0,0,4,-1,1,Resta sortides de via,-1,1,2,4,2,2,0,13.15,0,1,6,2,10
7084,2016,1,2016-08-19,SE,BARCELONA,Barcelones,3,0,1,0,2,1,0,0,0,1,0,0,0,100.0,0.0,0,-1,No n'hi ha,-1.0,3,3,1,0,0,0,0,0,0,0,0,0,0,1,4,3,0,Atropellament,2,2,2,5,-1,2,1,8.3,0,3,4,19,8
7085,2016,0,2016-06-27,AL,SABADELL,Valles Occidental,3,0,1,2,2,0,0,0,0,2,0,0,0,80.0,0.0,0,2,No n'hi ha,-1.0,3,3,1,0,0,0,0,0,0,0,0,0,0,0,4,-1,1,Col·lisió frontal,-1,1,2,0,0,2,1,13.16,0,2,0,27,6
7086,2016,0,2016-03-27,N-240,"BORGES BLANQUES, LES",Garrigues,2,0,2,2,2,0,0,0,0,2,0,0,0,100.0,0.0,0,2,No n'hi ha,-1.0,3,3,1,0,0,0,0,0,0,0,0,0,0,0,4,-1,1,Col·lisió frontal,-1,1,2,4,1,2,0,8.23,0,2,6,27,3
7087,2016,1,2016-06-04,SE,VILANOVA I LA GELTRU,Garraf,3,0,1,0,2,0,1,0,1,0,0,0,0,100.0,0.0,0,2,No n'hi ha,-1.0,3,3,1,0,0,0,0,0,0,0,0,0,0,0,4,-1,1,Xoc contra objecte/obstacle sense sortida prèvia de via,-1,2,2,5,-1,2,0,14.03,1,4,5,4,6
7088,2016,0,2016-04-05,B-124,CASTELLAR DEL VALLES,Valles Occidental,3,0,2,0,1,0,0,0,0,1,0,0,0,100.0,0.0,0,1,No n'hi ha,-1.0,1,3,1,0,0,0,0,0,0,0,0,0,0,0,2,-1,1,Resta sortides de via,-1,1,2,4,2,2,1,18.13,1,1,1,5,4
7089,2016,1,2016-07-12,SE,CALDES DE MALAVELLA,Selva,1,1,0,0,2,0,0,1,0,0,1,0,0,100.0,0.0,0,-1,No n'hi ha,-1.0,3,3,0,0,0,0,0,0,0,0,0,0,0,0,4,-1,-1,Col·lisió frontal,-1,2,2,5,-1,2,1,17.25,1,2,1,12,7
7090,2016,1,2016-01-25,SE,BARCELONA,Barcelones,3,0,1,0,3,1,0,0,0,2,0,0,0,100.0,1.0,0,-1,No n'hi ha,-1.0,3,3,1,0,0,0,0,0,0,0,0,0,0,0,4,-1,0,Atropellament,-1,2,2,5,-1,2,1,13.49,0,3,0,25,1
7091,2016,0,2016-04-29,N-240,MONTBLANC,Conca de Barbera,0,1,0,0,3,0,0,0,0,2,1,0,0,100.0,0.0,1,3,No n'hi ha,-1.0,3,3,0,1,0,0,0,0,0,0,0,0,0,0,1,-1,1,Col·lisió frontal,-1,1,2,4,1,2,1,7.05,0,2,4,29,4
7092,2016,0,2016-07-17,N-II,CABRERA DE MAR,Maresme,3,0,1,1,2,0,0,0,1,1,0,0,0,40.0,0.0,0,2,No n'hi ha,-1.0,3,3,1,0,0,0,0,0,0,0,0,0,0,1,4,4,1,Envestida (frontal lateral),0,1,2,4,1,2,0,13.08,0,2,6,17,7
7093,2016,1,2016-07-29,SE,PORQUERES,Pla de l'Estany,1,0,1,0,1,0,0,0,0,1,0,0,0,100.0,0.0,0,2,Carril bici,-1.0,3,3,1,0,0,0,0,0,0,0,0,0,0,0,3,-1,0,Xoc contra objecte/obstacle sense sortida prèvia de via,-1,2,2,5,0,2,1,6.15,0,4,4,29,7
7094,2016,1,2016-04-11,SE,TARRAGONA,Tarragones,0,0,1,0,2,0,0,0,1,1,0,0,0,100.0,0.0,0,2,No n'hi ha,-1.0,3,3,1,0,0,0,0,0,0,0,0,0,0,0,3,-1,1,Caiguda en la via,-1,2,2,5,-1,2,1,21.0,1,0,0,11,4
7095,2016,0,2016-10-31,N-340,CASTELLET I LA GORNA,Alt Penedes,3,0,1,0,2,0,0,0,1,1,0,0,0,50.0,0.0,0,2,No n'hi ha,-1.0,3,3,1,0,0,0,0,0,0,0,0,0,0,1,5,4,1,Fregament o col·lisió lateral,1,1,2,4,1,2,1,18.53,1,2,0,31,10
7096,2016,1,2016-12-04,BV-5224,MANLLEU,Osona,3,0,1,0,2,1,0,0,0,1,0,0,0,90.0,0.0,0,2,No n'hi ha,-1.0,2,3,1,-1,0,0,0,-1,0,0,0,0,1,0,5,-1,1,Atropellament,-1,0,0,4,-1,2,0,17.5,1,3,6,4,12
7097,2016,1,2016-04-07,SE,TERRASSA,Valles Occidental,3,0,1,0,2,1,0,0,0,1,0,0,0,100.0,0.0,0,2,No n'hi ha,-1.0,3,3,1,0,0,0,0,0,0,0,0,0,0,2,4,5,0,Atropellament,1,2,2,5,-1,2,1,7.3,0,3,3,7,4
7098,2016,1,2016-04-08,SE,BARCELONA,Barcelones,3,0,1,0,2,0,0,0,1,1,0,0,0,60.0,0.0,0,-1,No n'hi ha,-1.0,3,3,1,0,0,0,0,0,0,0,0,0,0,0,5,-1,0,Encalç,-1,2,2,5,-1,2,0,22.0,2,2,4,8,4
7099,2016,0,2016-12-21,C-58,SANT QUIRZE DEL VALLES,Valles Occidental,3,0,1,4,6,0,0,0,0,4,2,0,0,120.0,0.0,0,2,No n'hi ha,-1.0,3,3,1,0,0,0,0,0,0,0,0,0,0,0,4,-1,0,Encalç,-1,1,2,4,2,2,1,14.0,1,2,2,21,12
7100,2016,1,2016-10-13,SE,BARCELONA,Barcelones,3,0,1,0,2,1,0,0,0,1,0,0,0,100.0,0.0,0,-1,No n'hi ha,-1.0,2,3,1,0,0,1,1,0,0,0,0,0,0,1,4,2,0,Atropellament,1,2,0,5,-1,2,1,18.5,1,3,3,13,10
7101,2016,1,2016-12-13,SE,SABADELL,Valles Occidental,3,0,1,0,2,1,0,0,0,1,0,0,0,100.0,0.0,0,-1,No n'hi ha,-1.0,3,3,1,0,0,0,0,0,0,0,0,0,0,0,4,-1,-1,Atropellament,-1,2,2,5,-1,2,1,12.1,0,3,1,13,12
7102,2016,1,2016-11-10,SE,TERRASSA,Valles Occidental,3,0,1,0,2,1,0,0,0,1,0,0,0,100.0,0.0,0,-1,No n'hi ha,-1.0,3,3,1,0,0,0,0,0,0,0,0,0,0,0,4,-1,-1,Atropellament,-1,2,2,5,-1,2,1,19.15,1,3,3,10,11
7103,2016,0,2016-04-23,N-260,ALP,Cerdanya,1,0,1,0,1,0,0,0,1,0,0,0,0,60.0,0.0,0,1,No n'hi ha,-1.0,3,3,1,0,0,0,0,0,0,0,0,0,0,0,4,-1,1,Caiguda en la via,-1,1,2,4,1,2,0,14.52,1,0,5,23,4
7104,2016,0,2016-01-02,N-II,CAPMANY,Alt Emporda,1,0,1,0,2,1,0,0,0,1,0,0,0,100.0,0.0,0,2,No n'hi ha,-1.0,3,3,1,0,0,0,0,0,0,0,0,0,0,0,3,-1,1,Atropellament,-1,1,2,4,1,2,0,2.53,2,3,5,2,1
7105,2016,0,2016-01-13,C-31,HOSPITALET DE LLOBREGAT,Barcelones,3,0,3,1,3,0,0,0,2,0,0,1,0,80.0,0.0,0,2,No n'hi ha,-1.0,3,3,1,0,0,0,0,0,0,0,0,0,0,0,4,-1,0,Fregament o col·lisió lateral,-1,1,2,4,2,2,1,15.2,1,2,2,13,1
7106,2016,1,2016-06-17,SE,BARCELONA,Barcelones,3,0,1,1,5,0,0,0,1,2,2,0,0,100.0,0.0,0,-1,No n'hi ha,-1.0,3,3,1,0,0,0,0,0,0,0,0,0,0,1,4,3,0,Envestida (frontal lateral),2,2,2,5,-1,2,1,11.1,0,2,4,17,6
7107,2016,1,2016-07-28,SE,SANT CUGAT DEL VALLES,Valles Occidental,3,0,2,0,2,0,0,0,0,2,0,0,0,20.0,0.0,0,-1,No n'hi ha,-1.0,3,3,1,-1,-1,0,0,-1,0,0,0,0,-1,1,4,4,-1,Envestida (frontal lateral),1,2,2,5,-1,2,1,9.52,0,2,3,28,7
7108,2016,0,2016-09-11,C-462,NAVES,Solsones,2,1,0,0,1,0,0,0,1,0,0,0,0,40.0,0.0,0,1,No n'hi ha,-1.0,3,3,0,0,0,0,0,0,0,0,0,0,0,0,4,-1,1,Resta sortides de via,-1,1,2,4,2,2,0,12.03,0,1,6,11,9
7109,2016,1,2016-12-30,SE,CAMPRODON,Ripolles,1,0,1,0,2,1,0,0,0,1,0,0,0,20.0,0.0,0,3,No n'hi ha,-1.0,3,3,1,0,0,0,0,0,0,0,0,0,0,1,4,5,0,Atropellament,1,2,1,5,-1,2,1,12.19,0,3,4,30,12
7110,2016,0,2016-04-16,C-32,CASTELLDEFELS,Baix Llobregat,3,0,1,2,3,0,0,0,0,3,0,0,0,100.0,0.0,0,1,No n'hi ha,-1.0,3,3,1,0,0,0,0,0,0,0,0,0,0,0,4,-1,1,Encalç,-1,1,2,4,2,2,0,19.02,1,2,5,16,4
7111,2016,1,2016-09-18,SE,BARCELONA,Barcelones,3,0,1,0,3,0,0,0,1,2,0,0,0,100.0,1.0,0,-1,No n'hi ha,-1.0,3,3,1,0,0,0,0,0,0,0,0,0,0,1,5,2,0,Envestida (frontal lateral),2,2,2,5,-1,2,0,4.1,2,2,6,18,9
7112,2016,1,2016-08-12,C-253,CALONGE,Baix Emporda,1,0,1,0,2,0,0,0,1,1,0,0,0,50.0,0.0,0,2,No n'hi ha,-1.0,3,3,1,0,0,0,0,0,0,0,0,0,0,1,4,2,1,Envestida (frontal lateral),1,0,2,4,-1,2,1,12.03,0,2,4,12,8
7113,2016,1,2016-11-29,SE,GRANOLLERS,Valles Oriental,3,0,1,0,2,1,0,0,0,1,0,0,0,100.0,0.0,0,2,No n'hi ha,-1.0,3,3,1,0,0,0,0,0,0,0,0,0,0,2,4,3,1,Atropellament,2,2,2,5,-1,2,1,9.56,0,3,1,29,11
7114,2016,1,2016-03-29,SE,MANRESA,Bages,3,0,1,0,2,0,0,0,1,1,0,0,0,100.0,0.0,0,2,No n'hi ha,-1.0,3,3,1,0,0,0,0,0,0,0,0,0,0,0,4,-1,1,Fregament o col·lisió lateral,-1,2,2,5,-1,2,1,17.15,1,2,1,29,3
7115,2016,1,2016-04-12,SE,RUBI,Valles Occidental,3,0,1,1,2,1,0,0,0,1,0,0,0,100.0,0.0,0,-1,No n'hi ha,-1.0,3,3,1,0,0,0,0,0,0,0,0,0,0,0,4,-1,-1,Atropellament,-1,2,2,5,-1,2,1,15.24,1,3,1,12,4
7116,2016,0,2016-03-24,B-224,MASQUEFA,Anoia,3,0,2,2,2,0,0,0,0,2,0,0,0,50.0,0.0,0,2,No n'hi ha,-1.0,3,3,1,0,0,0,0,0,0,0,0,0,0,0,4,-1,1,Col·lisió frontal,-1,1,2,4,2,2,1,10.05,0,2,3,24,3
7117,2016,0,2016-08-20,C-260,CASTELLO D'EMPURIES,Alt Emporda,1,0,1,0,2,0,0,0,1,1,0,0,0,40.0,0.0,0,2,No n'hi ha,-1.0,3,3,1,0,0,0,0,0,0,0,0,0,0,1,4,2,0,Caiguda en la via,0,1,2,4,2,2,0,11.35,0,0,5,20,8
7118,2016,1,2016-06-12,SE,CORNELLA DE LLOBREGAT,Baix Llobregat,3,0,1,0,2,1,0,0,0,1,0,0,0,20.0,0.0,0,2,No n'hi ha,-1.0,3,3,1,0,0,0,0,0,0,0,0,0,0,0,5,-1,1,Atropellament,-1,2,2,5,-1,2,0,21.3,1,3,6,12,6
7119,2016,1,2016-05-29,SE,SABADELL,Valles Occidental,3,0,1,0,2,1,0,0,0,1,0,0,0,30.0,0.0,0,2,No n'hi ha,-1.0,3,3,1,0,0,0,0,0,0,0,0,0,0,1,4,-1,1,Atropellament,2,2,2,5,-1,2,0,19.53,1,3,6,29,5
7120,2016,1,2016-05-02,SE,MANRESA,Bages,3,0,1,0,2,1,0,0,0,1,0,0,0,20.0,0.0,0,-1,No n'hi ha,-1.0,3,3,1,0,0,0,0,0,0,0,0,0,0,1,5,4,-1,Atropellament,2,2,2,5,-1,2,1,23.15,2,3,0,2,5
7121,2016,0,2016-02-27,AP-7,SANT CUGAT DEL VALLES,Valles Occidental,3,0,1,0,2,0,0,0,0,1,1,0,0,100.0,0.0,0,2,No n'hi ha,-1.0,2,3,1,0,0,0,1,0,0,0,0,0,0,0,0,-1,1,Resta sortides de via,-1,1,2,4,2,2,0,6.36,0,1,5,27,2