,Year,Area,Date,Road,Municipality Name,County Name,Province Name,Fatalties,Serious Injuries,Light Injuries,Units Involved,Pedestrains Involved,Bicycles Involved,Mopeds Involved,Motorcycles,Light Vehicles Involved,Heavy Vehicles Involved,Other Units Involved,Unspecified Units Involved,Road Speed Limit,Accident with Hit and Run,Fog Presence,Surrounding Environment,Special Lane Presence,Special Traffic Measures,Weather Conditions,Special Road Functions,Severity of Accident,Influence of Fog,Influence of Environment,Influence of Traffic,Influence of Weather,Influence of Wind Intensity,Influence of Lighting,Influence of Special Measures,Influence of Road Objects,Influence of Road Surface,Influence of Visibility,Intersection Characteristics,Lighting Conditions,Traffic Regulation and Priority,Direction of Road,Subtype of Accident,Subtype of Road Section,Subzone within Area,Road Surface Conditions,Type of Road,Road Ownership,Wind Conditions,Day of the Week Grouping,Hour of Day,Time of Day Grouping,Type of Accident,Day Type,Day,Month
7122,2016,0,2016-07-17,N-260,MONTFERRER I CASTELLBO,Alt Urgell,2,0,1,1,2,0,0,0,1,1,0,0,0,100.0,0.0,0,3,No n'hi ha,-1.0,3,3,1,0,0,0,0,0,0,0,0,0,0,0,4,-1,1,Encalç,-1,1,2,4,1,2,0,20.3,1,2,6,17,7
7123,2016,0,2016-05-20,B-23,ESPLUGUES DE LLOBREGAT,Baix Llobregat,3,0,2,0,2,0,0,0,1,1,0,0,0,100.0,0.0,0,2,No n'hi ha,-1.0,3,3,1,0,0,0,0,0,0,0,0,0,0,0,4,-1,1,Encalç,-1,1,2,4,1,2,0,17.56,1,2,4,20,5
7124,2016,0,2016-09-04,C-26,NAVES,Solsones,2,0,1,0,1,0,0,0,1,0,0,0,0,100.0,0.0,0,1,No n'hi ha,-1.0,3,3,1,0,1,0,0,0,0,0,0,0,0,0,4,-1,1,Resta sortides de via,-1,1,2,4,2,2,0,12.0,0,1,6,4,9
7125,2016,1,2016-07-03,SE,HOSPITALET DE LLOBREGAT,Barcelones,3,0,1,0,2,0,0,0,1,1,0,0,0,20.0,0.0,0,-1,No n'hi ha,-1.0,3,3,1,0,0,0,0,0,0,0,0,0,0,0,4,-1,-1,Envestida (frontal lateral),-1,2,2,5,-1,2,0,14.23,1,2,6,3,7
7126,2016,1,2016-12-07,SE,SANT BOI DE LLOBREGAT,Baix Llobregat,3,0,1,0,2,1,0,0,0,1,0,0,0,100.0,0.0,0,-1,No n'hi ha,-1.0,3,3,1,0,0,0,0,0,0,0,0,0,0,0,4,-1,-1,Atropellament,-1,2,2,5,-1,2,1,10.3,0,3,2,7,12
7127,2016,1,2016-02-26,SE,BARCELONA,Barcelones,3,0,1,0,2,0,1,0,1,0,0,0,0,100.0,1.0,0,-1,No n'hi ha,-1.0,3,3,1,0,0,0,0,0,0,0,0,0,0,1,4,3,0,Caiguda en la via,2,2,2,5,-1,2,1,14.2,1,0,4,26,2
7128,2016,1,2016-02-06,N-IIa,FIGUERES,Alt Emporda,1,0,1,1,2,0,0,0,0,2,0,0,0,100.0,0.0,0,2,No n'hi ha,-1.0,3,3,1,0,0,0,0,0,0,0,0,0,0,0,5,-1,1,Encalç,-1,0,2,4,-1,2,0,1.4,2,2,5,6,2
7129,2016,1,2016-04-06,SE,SABADELL,Valles Occidental,3,0,1,0,2,0,0,0,1,1,0,0,0,100.0,0.0,0,-1,No n'hi ha,-1.0,3,3,1,0,0,0,0,0,0,0,0,0,0,0,4,-1,-1,Caiguda en la via,-1,2,2,5,-1,2,1,8.55,0,0,2,6,4
7130,2016,0,2016-06-21,C-63,VIDRERES,Selva,1,1,0,2,2,0,0,0,0,2,0,0,0,100.0,0.0,0,2,Carril central,-1.0,3,3,0,0,0,0,0,0,0,0,0,0,0,1,4,2,1,Envestida (frontal lateral),1,1,2,4,3,2,1,16.53,1,2,1,21,6
7131,2016,1,2016-02-09,SE,TARRAGONA,Tarragones,0,0,1,0,2,1,0,0,0,1,0,0,0,20.0,0.0,0,2,No n'hi ha,-1.0,3,3,1,-1,0,0,0,-1,0,0,0,0,-1,0,4,-1,0,Atropellament,-1,2,2,5,-1,2,1,14.0,1,3,1,9,2
7132,2016,1,2016-10-20,SE,SANT ADRIA DE BESOS,Barcelones,3,0,1,0,2,0,0,0,1,1,0,0,0,40.0,0.0,0,2,No n'hi ha,-1.0,1,3,1,0,0,0,0,0,0,0,0,0,0,1,5,4,1,Envestida (frontal lateral),1,2,2,5,-1,2,1,21.5,1,2,3,20,10
7133,2016,1,2016-08-20,SE,TERRASSA,Valles Occidental,3,0,1,1,3,0,2,0,0,1,0,0,0,30.0,0.0,0,2,No n'hi ha,-1.0,3,3,1,0,0,0,0,0,0,0,0,0,0,1,4,3,1,Envestida (frontal lateral),2,2,2,5,-1,2,0,13.45,0,2,5,20,8
7134,2016,1,2016-02-20,SE,BADALONA,Barcelones,3,0,1,0,2,0,0,0,1,1,0,0,0,20.0,0.0,0,-1,No n'hi ha,-1.0,3,3,1,-1,0,0,0,-1,0,0,0,0,0,1,4,4,0,Envestida (frontal lateral),3,2,2,5,-1,2,0,11.46,0,2,5,20,2
7135,2016,0,2016-08-15,BV-2115,VILANOVA I LA GELTRU,Garraf,3,0,2,0,2,0,0,0,1,1,0,0,0,100.0,0.0,0,2,No n'hi ha,-1.0,3,3,1,0,0,0,0,0,0,0,0,0,0,1,5,4,1,Altres,1,1,2,4,0,2,1,21.16,1,5,0,15,8
7136,2016,1,2016-07-28,SE,FRANQUESES DEL VALLE,Valles Oriental,3,0,1,0,1,0,0,0,1,0,0,0,0,50.0,0.0,0,2,No n'hi ha,-1.0,3,3,1,0,0,0,0,0,0,0,0,0,0,0,4,-1,1,Xoc contra objecte/obstacle sense sortida prèvia de via,-1,2,2,5,1,2,1,17.5,1,4,3,28,7
7137,2016,1,2016-12-18,SE,CANOVELLES,Valles Oriental,3,0,1,0,2,1,0,0,0,1,0,0,0,20.0,0.0,0,-1,No n'hi ha,-1.0,3,3,1,-1,0,0,0,-1,0,0,0,0,-1,1,1,5,1,Atropellament,2,2,2,5,-1,2,0,19.5,1,3,6,18,12
7138,2016,0,2016-10-13,C-234,GAVA,Baix Llobregat,3,0,1,0,1,0,0,0,0,1,0,0,0,100.0,0.0,0,2,No n'hi ha,-1.0,3,3,1,0,0,0,1,0,0,0,0,0,0,0,4,-1,1,Xoc contra objecte/obstacle sense sortida prèvia de via,-1,1,2,4,2,2,1,9.27,0,4,3,13,10
7139,2016,1,2016-08-19,N-340,CAMBRILS,Baix Camp,0,0,1,0,1,0,0,0,1,0,0,0,0,80.0,0.0,0,2,No n'hi ha,-1.0,3,3,1,0,0,0,0,0,0,0,0,0,0,0,4,-1,1,Resta sortides de via,-1,0,2,4,0,2,1,14.58,1,1,4,19,8
7140,2016,0,2016-08-17,N-340,"VENDRELL, EL",Baix Penedes,0,1,0,0,2,0,0,0,0,1,1,0,0,100.0,0.0,0,2,No n'hi ha,-1.0,3,3,0,0,0,0,0,0,0,0,0,0,0,0,4,-1,1,Envestida (frontal lateral),-1,1,2,4,1,2,1,11.27,0,2,2,17,8
7141,2016,1,2016-07-04,SE,LLEIDA,Segria,2,0,1,0,2,0,0,1,0,0,1,0,0,20.0,0.0,0,2,No n'hi ha,-1.0,3,3,1,-1,0,0,0,-1,0,0,0,0,-1,0,4,-1,1,Fregament o col·lisió lateral,-1,2,2,5,0,2,1,15.3,1,2,0,4,7
7142,2016,1,2016-07-08,SE,TERRASSA,Valles Occidental,3,0,1,0,2,0,1,0,0,1,0,0,0,100.0,0.0,0,-1,No n'hi ha,-1.0,3,3,1,0,0,0,0,0,0,0,0,0,0,0,4,-1,-1,Envestida (frontal lateral),-1,2,2,5,-1,2,1,0.35,2,2,4,8,7
7143,2016,1,2016-12-29,SE,BARCELONA,Barcelones,3,1,0,0,2,0,1,0,0,1,0,0,0,30.0,0.0,0,-1,No n'hi ha,-1.0,3,3,0,0,0,0,0,0,0,0,0,0,0,1,5,3,0,Envestida (frontal lateral),1,2,2,5,-1,2,1,22.47,2,2,3,29,12
7144,2016,0,2016-02-26,AL,VILASSAR DE MAR,Maresme,3,0,1,0,1,0,1,0,0,0,0,0,0,30.0,0.0,0,-1,No n'hi ha,-1.0,3,3,1,-1,0,0,0,-1,0,0,0,0,0,0,4,-1,0,Caiguda en la via,-1,1,1,0,4,2,0,17.35,1,0,4,26,2
7145,2016,0,2016-05-16,A-2,VILAGRASSA,Urgell,2,0,1,0,2,0,0,0,1,1,0,0,0,100.0,0.0,0,2,No n'hi ha,-1.0,3,3,1,0,0,0,0,0,0,0,0,0,0,0,4,-1,0,Encalç,-1,1,2,4,1,2,1,19.13,1,2,0,16,5
7146,2016,0,2016-01-04,N-141e,BESCANO,Girones,1,0,1,0,3,1,0,0,0,2,0,0,0,50.0,0.0,0,2,No n'hi ha,-1.0,3,3,1,0,1,0,0,0,0,0,0,0,1,0,0,-1,1,Atropellament,-1,1,2,4,1,2,1,21.56,1,3,0,4,1
7147,2016,0,2016-10-16,C-1412a,CALONGE DE SEGARRA,Anoia,3,0,1,0,1,0,0,0,0,1,0,0,0,90.0,0.0,0,-1,Sense Especificar,-1.0,3,3,1,0,0,0,0,0,0,0,0,0,0,2,4,4,-1,Resta sortides de via,1,1,2,4,4,2,0,2.27,2,1,6,16,10
7148,2016,0,2016-10-18,SE,MANLLEU,Osona,3,0,1,0,2,0,0,0,1,1,0,0,0,100.0,0.0,0,1,No n'hi ha,-1.0,3,3,1,0,0,0,0,0,0,0,0,0,0,0,4,-1,1,Col·lisió frontal,-1,1,3,0,4,2,1,14.47,1,2,1,18,10
7149,2016,1,2016-09-16,SE,VIC,Osona,3,0,1,0,2,1,0,0,0,1,0,0,0,100.0,0.0,0,2,No n'hi ha,-1.0,3,3,1,0,0,1,0,0,0,0,0,0,0,0,5,-1,1,Atropellament,-1,2,2,5,-1,2,0,21.2,1,3,4,16,9
7150,2016,0,2016-04-02,N-II,PONT DE MOLINS,Alt Emporda,1,7,1,0,3,0,0,0,0,3,0,0,0,80.0,0.0,0,2,No n'hi ha,-1.0,1,3,0,0,0,0,0,0,0,0,0,0,0,0,3,-1,1,Envestida (frontal lateral),-1,1,2,4,1,2,0,6.2,0,2,5,2,4
7151,2016,0,2016-10-26,N-IIa,ALCARRAS,Segria,2,0,1,0,2,0,0,0,1,0,1,0,0,100.0,0.0,0,2,No n'hi ha,-1.0,3,3,1,0,0,0,0,0,0,0,0,0,0,0,4,-1,1,Fregament o col·lisió lateral,-1,1,2,4,1,2,1,14.57,1,2,2,26,10
7152,2016,0,2016-01-19,N-260,CAMPDEVANOL,Ripolles,1,0,1,2,3,0,0,0,0,3,0,0,0,50.0,0.0,0,1,No n'hi ha,-1.0,3,3,1,0,0,0,0,0,0,0,0,0,0,0,4,-1,1,Fregament o col·lisió lateral,-1,1,2,4,1,2,1,9.15,0,2,1,19,1
7153,2016,1,2016-03-17,SE,BARCELONA,Barcelones,3,0,2,0,2,1,0,0,1,0,0,0,0,100.0,0.0,0,-1,Carril central,-1.0,3,3,1,0,0,0,0,0,0,0,0,0,0,0,4,-1,0,Atropellament,-1,2,2,5,-1,2,1,16.1,1,3,3,17,3
7154,2016,1,2016-06-09,SE,CABRERA DE MAR,Maresme,3,0,1,0,2,0,0,0,1,1,0,0,0,20.0,0.0,0,-1,Sense Especificar,-1.0,3,3,1,0,0,0,0,0,0,0,0,0,0,0,4,-1,-1,Col·lisió frontal,-1,2,2,5,-1,2,1,7.47,0,2,3,9,6
7155,2016,0,2016-10-25,CR,SORT,Pallars Sobira,2,0,1,0,1,0,0,0,0,1,0,0,0,100.0,0.0,0,1,No n'hi ha,-1.0,3,3,1,0,0,0,0,0,0,0,0,0,0,0,4,-1,1,Resta sortides de via,-1,1,2,3,0,2,1,17.35,1,1,1,25,10
7156,2016,1,2016-06-07,SE,TORTOSA,Baix Ebre,0,1,0,0,2,1,0,0,0,1,0,0,0,100.0,0.0,0,2,No n'hi ha,-1.0,3,3,0,0,0,0,0,0,0,0,0,0,0,0,4,-1,1,Atropellament,-1,2,2,5,-1,2,1,19.05,1,3,1,7,6
7157,2016,0,2016-08-05,A-2,ODENA,Anoia,3,0,1,2,4,0,0,0,0,0,4,0,0,100.0,0.0,0,3,No n'hi ha,-1.0,3,3,1,0,0,0,0,0,0,0,0,0,0,0,3,-1,0,Encalç,-1,1,2,4,1,2,1,3.55,2,2,4,5,8
7158,2016,1,2016-12-18,SE,TERRASSA,Valles Occidental,3,0,1,0,3,0,0,1,0,2,0,0,0,100.0,0.0,0,-1,No n'hi ha,-1.0,3,3,1,0,0,0,0,0,0,0,0,0,0,0,4,-1,-1,Encalç,-1,2,2,5,-1,2,0,13.3,0,2,6,18,12
7159,2016,0,2016-02-10,C-58,MONTCADA I REIXAC,Valles Occidental,3,0,1,0,2,1,0,0,0,1,0,0,0,100.0,0.0,0,3,No n'hi ha,-1.0,3,3,1,0,0,0,0,0,0,0,0,0,0,0,3,-1,1,Atropellament,-1,1,2,4,2,2,1,2.08,2,3,2,10,2
7160,2016,0,2016-04-13,C-58,MONTCADA I REIXAC,Valles Occidental,3,0,1,1,2,0,0,0,1,1,0,0,0,80.0,0.0,0,2,Carril acceleració,-1.0,3,3,1,0,0,0,0,0,0,0,0,0,0,1,4,4,0,Encalç,3,1,2,4,2,2,1,9.52,0,2,2,13,4
7161,2016,1,2016-02-04,SE,CALDES DE MONTBUI,Valles Oriental,3,0,1,0,2,1,0,0,0,1,0,0,0,20.0,0.0,0,-1,No n'hi ha,-1.0,3,3,1,-1,0,0,0,-1,0,0,0,0,1,0,1,-1,0,Atropellament,-1,2,2,5,-1,2,1,17.5,1,3,3,4,2
7162,2016,1,2016-02-19,AL,MANRESA,Bages,3,1,0,0,2,1,0,0,0,1,0,0,0,100.0,0.0,0,3,No n'hi ha,-1.0,3,3,0,0,0,0,0,0,0,0,0,0,0,0,3,-1,1,Atropellament,-1,0,2,4,2,2,1,2.5,2,3,4,19,2
7163,2016,0,2016-08-15,TV-3421,MAS DE BARBERANS,Montsia,0,0,2,0,1,0,0,0,0,1,0,0,0,100.0,0.0,0,2,No n'hi ha,-1.0,3,3,1,0,0,0,0,0,0,0,0,0,0,0,4,-1,1,Resta sortides de via,-1,1,2,4,3,2,1,12.32,0,1,0,15,8
7164,2016,1,2016-02-18,SE,TORREGROSSA,Pla d'Urgell,2,0,1,0,2,0,1,0,0,1,0,0,0,100.0,0.0,0,2,No n'hi ha,-1.0,1,3,1,0,0,0,0,0,0,0,0,0,0,1,4,4,1,Fregament o col·lisió lateral,2,2,2,5,-1,2,1,13.16,0,2,3,18,2
7165,2016,1,2016-12-16,SE,CERDANYOLA DEL VALLES,Valles Occidental,3,0,1,0,2,1,0,0,0,1,0,0,0,20.0,0.0,0,-1,Sense Especificar,-1.0,1,3,1,0,0,0,1,0,0,0,0,0,0,0,2,-1,-1,Atropellament,-1,2,0,5,-1,2,1,14.13,1,3,4,16,12
7166,2016,1,2016-12-02,SE,ROSES,Alt Emporda,1,0,1,0,2,1,0,0,0,1,0,0,0,40.0,0.0,0,2,No n'hi ha,-1.0,3,3,1,0,0,0,0,0,0,0,0,0,0,2,4,5,1,Atropellament,2,2,2,5,-1,2,1,9.1,0,3,4,2,12
7167,2016,0,2016-05-02,C-246,SITGES,Garraf,3,1,0,0,1,0,0,0,1,0,0,0,0,80.0,0.0,0,0,No n'hi ha,-1.0,3,3,0,0,0,0,0,0,0,0,0,0,0,1,1,2,0,Xoc contra objecte/obstacle sense sortida prèvia de via,1,1,2,4,2,2,1,6.5,0,4,0,2,5
7168,2016,1,2016-12-23,SE,ARENYS DE MUNT,Maresme,3,0,1,0,2,1,0,0,0,1,0,0,0,20.0,0.0,0,3,No n'hi ha,-1.0,3,3,1,-1,1,0,0,-1,0,0,0,0,1,1,4,2,0,Atropellament,2,2,2,5,-1,2,1,10.45,0,3,4,23,12
7169,2016,1,2016-11-14,SE,BARCELONA,Barcelones,3,0,1,3,5,3,1,0,0,1,0,0,0,100.0,0.0,0,-1,No n'hi ha,-1.0,3,3,1,0,0,0,0,0,0,0,0,0,0,1,4,3,1,Atropellament,2,2,2,5,-1,2,1,14.55,1,3,0,14,11
7170,2016,1,2016-07-12,SE,MOLLET DEL VALLES,Valles Oriental,3,0,1,0,3,0,0,0,1,2,0,0,0,100.0,0.0,0,2,No n'hi ha,-1.0,3,3,1,0,0,0,0,0,0,0,0,0,0,1,4,3,1,Col·lisió frontal,2,2,2,5,-1,2,1,17.29,1,2,1,12,7
7171,2016,1,2016-10-31,C-152,OLOT,Garrotxa,1,0,1,0,2,0,0,0,1,1,0,0,0,100.0,1.0,0,2,Carril central,-1.0,3,3,1,0,0,0,0,0,0,0,0,0,0,1,4,4,1,Envestida (frontal lateral),2,0,2,4,-1,2,1,18.1,1,2,0,31,10
7172,2016,1,2016-03-12,C-245,GAVA,Baix Llobregat,3,1,0,2,4,2,0,0,0,2,0,0,0,90.0,0.0,0,-1,No n'hi ha,-1.0,3,3,0,-1,0,0,0,-1,0,0,0,0,-1,0,5,-1,1,Atropellament,-1,0,2,4,-1,2,0,18.45,1,3,5,12,3
7173,2016,0,2016-09-14,B-10,BARCELONA,Barcelones,3,0,3,21,1,0,0,0,0,0,1,0,0,80.0,0.0,0,-1,No n'hi ha,-1.0,2,3,1,0,0,0,1,0,0,0,0,0,1,0,5,-1,1,Xoc contra objecte/obstacle sense sortida prèvia de via,-1,1,0,1,-1,2,1,2.58,2,4,2,14,9
7174,2016,1,2016-03-26,SE,BARCELONA,Barcelones,3,0,1,0,2,0,0,1,0,1,0,0,0,100.0,0.0,0,-1,No n'hi ha,-1.0,3,3,1,0,0,0,0,0,0,0,0,0,0,0,4,-1,0,Fregament o col·lisió lateral,-1,2,2,5,-1,2,0,11.23,0,2,5,26,3
7175,2016,1,2016-05-30,SE,SABADELL,Valles Occidental,3,0,1,1,3,2,0,0,1,0,0,0,0,100.0,0.0,0,1,No n'hi ha,-1.0,3,3,1,0,0,0,0,0,0,0,0,0,0,2,4,3,1,Atropellament,2,2,4,5,0,2,1,19.18,1,3,0,30,5
7176,2016,1,2016-05-30,SE,SANT BOI DE LLOBREGAT,Baix Llobregat,3,0,1,0,2,0,0,0,1,1,0,0,0,30.0,0.0,0,-1,No n'hi ha,-1.0,3,3,1,-1,0,0,0,-1,0,0,0,0,-1,1,4,2,0,Fregament o col·lisió lateral,1,2,2,5,-1,2,1,8.55,0,2,0,30,5
7177,2016,1,2016-07-13,SE,BADALONA,Barcelones,3,0,1,0,2,1,0,0,0,1,0,0,0,20.0,0.0,0,-1,No n'hi ha,-1.0,3,3,1,-1,0,0,0,-1,0,0,0,0,0,1,4,5,0,Atropellament,2,2,2,5,-1,2,1,15.4,1,3,2,13,7
7178,2016,1,2016-08-22,SE,CASTELLDEFELS,Baix Llobregat,3,0,1,0,2,1,0,0,0,1,0,0,0,30.0,0.0,0,2,No n'hi ha,-1.0,3,3,1,0,0,0,0,0,0,0,0,0,0,0,4,-1,1,Atropellament,-1,2,2,5,-1,2,1,14.05,1,3,0,22,8
7179,2016,1,2016-11-05,SE,"JONQUERA, LA",Alt Emporda,1,1,0,0,2,1,0,0,0,1,0,0,0,40.0,1.0,0,2,No n'hi ha,-1.0,1,3,0,0,0,0,0,0,0,0,0,0,0,0,5,-1,1,Atropellament,-1,2,2,5,1,2,0,18.04,1,3,5,5,11
7180,2016,0,2016-01-20,C-253a,LLAGOSTERA,Girones,1,0,2,4,3,0,0,0,0,3,0,0,0,100.0,0.0,0,2,No n'hi ha,-1.0,3,3,1,0,0,0,0,0,0,0,0,0,0,0,4,-1,1,Col·lisió frontal,-1,1,2,4,2,2,1,14.57,1,2,2,20,1
7181,2016,0,2016-11-26,C-58,TERRASSA,Valles Occidental,3,0,2,0,2,0,0,0,0,2,0,0,0,60.0,0.0,0,3,No n'hi ha,-1.0,2,3,1,0,0,0,0,0,0,0,0,0,0,0,2,-1,1,Col·lisió frontal,-1,1,2,4,2,1,0,16.22,1,2,5,26,11
7182,2016,1,2016-06-24,SE,FRANQUESES DEL VALLE,Valles Oriental,3,1,0,0,1,0,0,0,0,1,0,0,0,100.0,0.0,0,2,No n'hi ha,-1.0,3,3,0,0,0,0,0,0,0,0,0,0,0,1,5,5,1,Altres,0,2,2,5,-1,2,0,22.2,2,5,4,24,6
7183,2016,0,2016-04-23,C-462,NAVES,Solsones,2,0,1,0,1,0,0,0,1,0,0,0,0,30.0,0.0,0,1,No n'hi ha,-1.0,3,3,1,0,0,0,0,0,0,0,0,0,0,0,4,-1,1,Xoc contra objecte/obstacle sense sortida prèvia de via,-1,1,2,4,2,2,0,14.52,1,4,5,23,4
7184,2016,1,2016-07-11,SE,LLEIDA,Segria,2,0,1,0,2,1,0,0,0,1,0,0,0,20.0,0.0,0,2,Carril bus,-1.0,3,3,1,-1,0,1,0,-1,0,0,0,0,0,0,4,-1,0,Atropellament,-1,2,2,5,-1,2,1,12.05,0,3,0,11,7
7185,2016,1,2016-02-05,SE,VILADECANS,Baix Llobregat,3,0,1,0,2,0,0,0,1,1,0,0,0,20.0,0.0,0,2,No n'hi ha,-1.0,3,3,1,-1,0,0,0,-1,0,0,0,0,-1,0,4,-1,1,Col·lisió frontal,-1,2,2,5,-1,2,1,9.02,0,2,4,5,2
7186,2016,0,2016-06-27,N-IIa,VILANOVA DEL CAMI,Anoia,3,0,1,0,2,0,0,1,0,1,0,0,0,90.0,0.0,0,-1,Sense Especificar,-1.0,3,3,1,0,0,0,0,0,0,0,0,0,0,0,4,-1,-1,Encalç,-1,1,2,4,4,2,1,13.29,0,2,0,27,6
7187,2016,1,2016-04-15,GIV-6441,FORALLAC,Baix Emporda,1,0,1,0,2,0,0,1,0,1,0,0,0,30.0,0.0,0,2,No n'hi ha,-1.0,3,3,1,0,0,0,0,0,0,0,0,0,0,1,4,4,1,Envestida (frontal lateral),2,0,2,4,3,2,1,13.44,0,2,4,15,4
7188,2016,0,2016-03-02,C-58,SABADELL,Valles Occidental,3,0,1,1,2,0,0,0,0,2,0,0,0,100.0,0.0,0,1,No n'hi ha,-1.0,3,3,1,0,0,0,0,0,0,0,0,0,0,2,4,4,0,Encalç,3,1,2,4,2,2,1,9.39,0,2,2,2,3
7189,2016,0,2016-08-20,BV-1415,CERDANYOLA DEL VALLES,Valles Occidental,3,0,1,0,2,0,0,0,1,1,0,0,0,100.0,0.0,0,2,No n'hi ha,-1.0,3,3,1,0,0,0,0,0,0,0,0,0,0,0,4,-1,1,Envestida (frontal lateral),-1,1,2,4,3,2,0,14.48,1,2,5,20,8
7190,2016,0,2016-01-21,T-11,REUS,Baix Camp,0,0,1,1,4,0,0,0,1,3,0,0,0,100.0,0.0,0,3,No n'hi ha,-1.0,3,3,1,0,0,0,0,0,0,0,1,0,1,0,3,-1,0,Resta sortides de via,-1,1,2,4,1,2,1,18.45,1,1,3,21,1
7191,2016,0,2016-12-06,CR,SUSQUEDA,Selva,1,3,2,2,1,0,0,0,0,1,0,0,0,40.0,0.0,0,3,No n'hi ha,-1.0,3,3,0,0,1,0,0,0,1,0,0,0,0,0,3,-1,1,Resta sortides de via,-1,1,2,3,0,2,1,19.28,1,1,1,6,12
7192,2016,1,2016-10-05,SE,ESPLUGUES DE LLOBREGAT,Baix Llobregat,3,0,1,1,2,0,0,0,2,0,0,0,0,20.0,0.0,0,2,No n'hi ha,-1.0,3,3,1,-1,0,0,0,-1,0,0,0,0,0,1,4,3,0,Encalç,1,2,2,5,-1,2,1,15.0,1,2,2,5,10
7193,2016,1,2016-03-20,SE,LLICA D'AMUNT,Valles Oriental,3,0,1,0,1,0,1,0,0,0,0,0,0,100.0,0.0,0,-1,No n'hi ha,-1.0,3,3,1,0,0,0,0,0,0,0,0,0,0,0,4,-1,-1,Altres,-1,2,2,5,-1,2,0,18.0,1,5,6,20,3
7194,2016,0,2016-06-25,C-26,CASTELLO DE FARFANYA,Noguera,2,1,0,0,2,1,0,0,0,1,0,0,0,50.0,0.0,0,1,No n'hi ha,-1.0,3,3,0,0,0,0,0,0,0,0,0,0,0,0,4,-1,1,Atropellament,-1,1,2,4,2,2,0,20.52,1,3,5,25,6
7195,2016,1,2016-07-02,SE,BARCELONA,Barcelones,3,0,1,0,2,1,0,0,0,0,1,0,0,30.0,0.0,0,-1,Carril bici,-1.0,3,3,1,0,0,0,0,0,0,0,0,0,0,1,4,3,0,Atropellament,1,2,2,5,-1,2,0,14.0,1,3,5,2,7
7196,2016,1,2016-10-07,SE,BARCELONA,Barcelones,3,0,1,0,2,1,0,0,0,1,0,0,0,100.0,0.0,0,-1,No n'hi ha,-1.0,3,3,1,0,0,0,0,0,0,0,0,0,0,1,5,3,0,Atropellament,2,2,2,5,-1,2,0,23.0,2,3,4,7,10
7197,2016,0,2016-05-29,N-420,MORA D'EBRE,Ribera d'Ebre,0,0,1,2,2,0,0,0,0,2,0,0,0,100.0,0.0,0,0,No n'hi ha,-1.0,3,3,1,0,0,0,0,0,0,0,0,0,0,0,4,-1,1,Envestida (frontal lateral),-1,1,2,4,1,2,0,16.12,1,2,6,29,5
7198,2016,0,2016-09-07,L-800,ALCARRAS,Segria,2,1,0,0,2,0,0,0,0,0,2,0,0,100.0,0.0,0,1,No n'hi ha,-1.0,3,3,0,0,0,0,0,0,0,0,0,0,0,0,4,-1,1,Col·lisió frontal,-1,1,2,4,3,2,1,12.31,0,2,2,7,9
7199,2016,1,2016-03-10,SE,CORBERA DE LLOBREGAT,Baix Llobregat,3,0,1,0,1,0,0,0,1,0,0,0,0,20.0,0.0,0,-1,No n'hi ha,-1.0,3,3,1,-1,0,0,0,-1,0,0,1,0,-1,0,5,-1,1,Caiguda en la via,-1,2,2,5,-1,2,1,23.45,2,0,3,10,3
7200,2016,0,2016-09-11,TV-3022,"PERELLO, EL",Baix Ebre,0,0,2,0,1,0,0,0,0,1,0,0,0,100.0,0.0,0,2,No n'hi ha,-1.0,3,3,1,0,0,0,0,0,0,0,0,0,0,0,4,-1,1,Resta sortides de via,-1,1,2,4,2,2,0,14.58,1,1,6,11,9
7201,2016,1,2016-04-23,SE,VILANOVA I LA GELTRU,Garraf,3,0,1,0,2,1,0,0,0,1,0,0,0,100.0,0.0,0,2,No n'hi ha,-1.0,3,3,1,0,0,0,0,0,0,0,0,0,0,2,4,2,0,Atropellament,1,2,2,5,-1,2,0,10.55,0,3,5,23,4
7202,2016,0,2016-02-13,AP-7,RIUDELLOTS DE LA SELVA,Selva,1,0,1,0,2,0,0,0,0,1,1,0,0,100.0,0.0,0,2,No n'hi ha,-1.0,3,3,1,0,0,0,0,0,0,0,0,0,0,0,4,-1,0,Encalç,-1,1,2,4,1,2,0,12.47,0,2,5,13,2
7203,2016,1,2016-11-18,SE,SANT QUIRZE DEL VALLES,Valles Occidental,3,0,1,0,1,0,0,0,0,1,0,0,0,100.0,0.0,0,2,No n'hi ha,-1.0,3,3,1,0,0,0,0,0,0,0,0,0,0,0,3,-1,0,Xoc contra objecte/obstacle sense sortida prèvia de via,-1,2,2,5,-1,2,1,4.0,2,4,4,18,11
7204,2016,1,2016-03-07,SE,BARCELONA,Barcelones,3,1,0,1,2,1,0,0,1,0,0,0,0,100.0,0.0,0,-1,No n'hi ha,-1.0,3,3,0,0,0,0,0,0,0,0,0,0,0,1,4,3,0,Atropellament,2,2,2,5,-1,2,1,11.52,0,3,0,7,3
7205,2016,0,2016-07-26,N-II,FIGUERES,Alt Emporda,1,0,1,0,3,0,0,0,1,2,0,0,0,80.0,0.0,0,0,No n'hi ha,-1.0,3,3,1,0,0,0,0,0,0,0,0,0,0,0,4,-1,1,Fregament o col·lisió lateral,-1,1,2,4,1,2,1,12.55,0,2,1,26,7
7206,2016,1,2016-12-31,SE,TERRASSA,Valles Occidental,3,0,1,1,4,3,0,0,0,0,1,0,0,100.0,0.0,0,-1,No n'hi ha,-1.0,3,3,1,0,0,0,0,0,0,0,0,0,0,0,4,-1,-1,Atropellament,-1,2,2,5,-1,2,0,16.57,1,3,5,31,12