,Year,Area,Date,Road,Municipality Name,County Name,Province Name,Fatalties,Serious Injuries,Light Injuries,Units Involved,Pedestrains Involved,Bicycles Involved,Mopeds Involved,Motorcycles,Light Vehicles Involved,Heavy Vehicles Involved,Other Units Involved,Unspecified Units Involved,Road Speed Limit,Accident with Hit and Run,Fog Presence,Surrounding Environment,Special Lane Presence,Special Traffic Measures,Weather Conditions,Special Road Functions,Severity of Accident,Influence of Fog,Influence of Environment,Influence of Traffic,Influence of Weather,Influence of Wind Intensity,Influence of Lighting,Influence of Special Measures,Influence of Road Objects,Influence of Road Surface,Influence of Visibility,Intersection Characteristics,Lighting Conditions,Traffic Regulation and Priority,Direction of Road,Subtype of Accident,Subtype of Road Section,Subzone within Area,Road Surface Conditions,Type of Road,Road Ownership,Wind Conditions,Day of the Week Grouping,Hour of Day,Time of Day Grouping,Type of Accident,Day Type,Day,Month
7207,2016,1,2016-04-13,SE,BARCELONA,Barcelones,3,0,1,0,2,0,0,0,1,1,0,0,0,30.0,0.0,0,-1,No n'hi ha,-1.0,3,3,1,0,0,0,0,0,0,0,0,0,0,1,4,4,0,Envestida (frontal lateral),2,2,2,5,-1,2,1,17.45,1,2,2,13,4
7208,2016,1,2016-11-09,SE,VILASSAR DE MAR,Maresme,3,1,0,0,2,1,0,0,0,1,0,0,0,100.0,0.0,0,-1,No n'hi ha,-1.0,3,3,0,0,0,0,0,0,0,0,0,0,0,0,4,-1,-1,Atropellament,-1,0,2,4,-1,2,1,17.0,1,3,2,9,11
7209,2016,0,2016-12-01,TP-2039,"CATLLAR, EL",Tarragones,0,0,1,0,2,0,1,0,0,0,0,1,0,50.0,0.0,0,3,No n'hi ha,-1.0,3,3,1,0,0,0,0,0,1,0,0,0,0,0,4,-1,1,Envestida (frontal lateral),-1,1,2,4,3,2,1,15.48,1,2,3,1,12
7210,2016,1,2016-11-15,SE,CORNELLA DE LLOBREGAT,Baix Llobregat,3,0,2,0,2,1,0,0,1,0,0,0,0,30.0,0.0,0,2,No n'hi ha,-1.0,3,3,1,-1,0,0,0,-1,0,0,0,0,-1,1,5,2,1,Atropellament,1,2,2,5,-1,2,1,21.55,1,3,1,15,11
7211,2016,0,2016-12-01,C-37,MANRESA,Bages,3,2,0,1,4,0,0,0,0,4,0,0,0,100.0,0.0,1,0,No n'hi ha,-1.0,3,3,0,1,0,0,0,0,0,0,0,0,0,0,3,-1,1,Col·lisió frontal,-1,1,2,4,2,2,1,6.11,0,2,3,1,12
7212,2016,0,2016-04-20,BV-1462,BARCELONA,Barcelones,3,0,1,0,2,0,1,0,0,1,0,0,0,100.0,0.0,0,-1,No n'hi ha,-1.0,3,3,1,0,0,0,0,0,0,0,0,0,0,0,4,-1,1,Encalç,-1,1,2,4,-1,2,1,12.0,0,2,2,20,4
7213,2016,0,2016-03-12,C-14,"RIBA, LA",Alt Camp,0,0,1,7,6,0,0,0,0,6,0,0,0,100.0,0.0,0,0,Carril lent,-1.0,3,3,1,0,1,0,0,0,0,0,0,0,0,0,3,-1,1,Col·lisió frontal,-1,1,2,4,2,2,0,19.49,1,2,5,12,3
7214,2016,0,2016-01-17,L-303,CERVERA,Segarra,2,0,1,0,1,0,0,0,0,1,0,0,0,40.0,0.0,0,3,No n'hi ha,-1.0,3,3,1,0,0,0,0,0,0,0,0,0,0,2,3,4,1,Resta sortides de via,0,1,2,4,2,2,0,6.37,0,1,6,17,1
7215,2016,1,2016-02-22,SE,LLEIDA,Segria,2,0,1,0,2,1,0,0,0,1,0,0,0,20.0,,0,2,No n'hi ha,-1.0,3,3,1,-1,0,0,0,-1,0,0,0,0,-1,1,5,2,0,Atropellament,2,2,2,5,-1,2,1,20.0,1,3,0,22,2
7216,2016,0,2016-05-02,N-260a,OLOT,Garrotxa,1,0,2,1,2,0,0,0,0,2,0,0,0,60.0,0.0,0,1,No n'hi ha,-1.0,3,3,1,0,0,0,0,0,0,0,0,0,0,1,4,4,1,Col·lisió frontal,1,1,2,4,1,2,1,8.06,0,2,0,2,5
7217,2016,0,2016-08-23,C-14,COLL DE NARGO,Alt Urgell,2,0,1,0,1,0,0,0,0,1,0,0,0,100.0,0.0,0,1,No n'hi ha,-1.0,3,3,1,0,0,0,0,0,0,0,0,0,0,0,4,-1,1,Resta sortides de via,-1,1,2,4,2,2,1,19.38,1,1,1,23,8
7218,2016,0,2016-12-04,C-35,SANT CELONI,Valles Oriental,3,0,3,0,1,0,0,0,0,1,0,0,0,60.0,0.0,0,2,No n'hi ha,-1.0,3,3,1,0,0,0,0,0,0,0,0,0,0,2,3,4,1,Resta sortides de via,3,1,2,4,2,2,0,0.5,2,1,6,4,12
7219,2016,0,2016-12-05,CR,CASTELLNOU DE SEANA,Pla d'Urgell,2,0,1,2,2,0,0,0,1,1,0,0,0,100.0,0.0,0,2,No n'hi ha,-1.0,3,3,1,0,0,0,0,0,0,0,0,0,0,1,4,4,1,Fregament o col·lisió lateral,2,1,2,3,0,2,1,11.29,0,2,0,5,12
7220,2016,0,2016-05-30,SE,VIDRERES,Selva,1,0,1,0,2,0,0,1,0,1,0,0,0,20.0,0.0,0,2,No n'hi ha,-1.0,2,3,1,0,0,0,1,0,0,0,0,0,0,0,2,-1,1,Altres,-1,1,2,0,-1,1,1,19.56,1,5,0,30,5
7221,2016,1,2016-08-30,SE,MENARGUENS,Noguera,2,0,1,0,2,1,0,0,0,1,0,0,0,100.0,0.0,0,1,No n'hi ha,-1.0,3,3,1,0,0,0,0,0,0,0,0,0,0,0,4,-1,1,Atropellament,-1,2,3,5,-1,2,1,11.45,0,3,1,30,8
7222,2016,0,2016-06-21,L-511,ABELLA DE LA CONCA,Pallars Jussa,2,0,1,0,1,0,0,0,1,0,0,0,0,100.0,0.0,0,1,No n'hi ha,-1.0,3,3,1,0,0,0,0,0,0,0,0,0,0,0,4,-1,1,Caiguda en la via,-1,1,2,4,3,2,1,12.41,0,0,1,21,6
7223,2016,1,2016-05-23,SE,TORROELLA DE MONTGRI,Baix Emporda,1,0,1,1,3,0,2,0,0,1,0,0,0,20.0,0.0,0,-1,No n'hi ha,-1.0,3,3,1,-1,0,0,0,-1,0,0,0,0,-1,1,4,4,1,Envestida (frontal lateral),2,2,2,5,-1,2,1,16.1,1,2,0,23,5
7224,2016,0,2016-08-10,B-224,MASQUEFA,Anoia,3,0,4,2,3,0,0,0,0,2,1,0,0,60.0,0.0,0,1,Carril central,-1.0,3,3,1,0,0,0,0,0,0,0,0,0,0,0,4,-1,1,Altres,-1,1,2,4,2,2,1,10.3,0,5,2,10,8
7225,2016,1,2016-05-21,SE,MOLLET DEL VALLES,Valles Oriental,3,0,1,0,2,1,0,0,0,0,1,0,0,20.0,0.0,0,-1,No n'hi ha,-1.0,3,3,1,0,-1,0,0,0,0,0,0,0,0,1,4,5,-1,Atropellament,2,2,2,5,-1,2,0,18.54,1,3,5,21,5
7226,2016,0,2016-11-29,GI-632,BELLCAIRE D'EMPORDA,Baix Emporda,1,1,0,0,1,0,0,0,0,1,0,0,0,100.0,0.0,0,2,No n'hi ha,-1.0,3,3,0,0,0,0,0,0,0,0,0,0,0,0,2,-1,1,Resta sortides de via,-1,1,2,4,3,2,1,15.53,1,1,1,29,11
7227,2016,1,2016-07-26,SE,TARRAGONA,Tarragones,0,0,1,0,2,0,0,0,1,1,0,0,0,100.0,0.0,0,2,No n'hi ha,-1.0,3,3,1,0,0,0,0,0,0,0,0,0,0,0,4,-1,1,Col·lisió frontal,-1,2,2,5,-1,2,1,10.05,0,2,1,26,7
7228,2016,0,2016-06-15,C-13,BALAGUER,Noguera,2,0,1,0,1,0,0,0,0,1,0,0,0,90.0,0.0,0,-1,Sense Especificar,-1.0,3,3,1,0,0,0,0,0,0,0,0,0,0,0,4,-1,-1,Resta sortides de via,-1,1,2,4,4,2,1,9.2,0,1,2,15,6
7229,2016,1,2016-09-06,SE,BARCELONA,Barcelones,3,0,1,0,2,1,0,0,0,1,0,0,0,30.0,0.0,0,-1,No n'hi ha,-1.0,3,3,1,0,0,0,0,0,0,0,0,0,0,1,4,4,1,Atropellament,1,2,2,5,-1,2,1,10.4,0,3,1,6,9
7230,2016,0,2016-06-17,B-30,SANT CUGAT DEL VALLES,Valles Occidental,3,0,1,0,2,0,0,0,1,1,0,0,0,100.0,0.0,0,2,No n'hi ha,-1.0,3,3,1,0,0,0,0,0,0,0,0,0,0,0,4,-1,0,Encalç,-1,1,2,4,2,2,1,7.19,0,2,4,17,6
7231,2016,1,2016-07-10,GI-531,SANT GREGORI,Girones,1,0,1,0,3,0,0,0,1,2,0,0,0,50.0,0.0,0,2,No n'hi ha,-1.0,3,3,1,0,0,0,0,0,0,0,0,0,0,0,4,-1,1,Envestida (frontal lateral),-1,0,2,4,2,2,0,15.16,1,2,6,10,7
7232,2016,1,2016-03-05,SE,VILADECAVALLS,Valles Occidental,3,1,0,0,2,1,0,0,0,1,0,0,0,20.0,0.0,0,2,No n'hi ha,-1.0,3,3,0,-1,0,0,0,-1,0,0,0,0,-1,1,4,5,0,Atropellament,1,2,2,5,-1,2,0,17.0,1,3,5,5,3
7233,2016,0,2016-08-09,C-31,CALAFELL,Baix Penedes,0,0,1,0,2,0,0,0,1,1,0,0,0,80.0,0.0,0,2,No n'hi ha,-1.0,3,3,1,0,0,0,0,0,0,0,0,0,0,1,4,4,1,Envestida (frontal lateral),3,1,2,4,2,2,1,15.55,1,2,1,9,8
7234,2016,0,2016-07-20,GI-533,VILOBI D'ONYAR,Selva,1,0,1,1,2,0,0,0,0,2,0,0,0,100.0,0.0,0,2,No n'hi ha,-1.0,3,3,1,0,0,0,0,0,0,0,0,0,0,0,4,-1,1,Envestida (frontal lateral),-1,1,2,4,3,2,1,14.18,1,2,2,20,7
7235,2016,0,2016-05-08,C-59,SAN FELIU DE CODINES,Valles Oriental,3,0,1,0,2,0,0,0,0,2,0,0,0,80.0,0.0,0,2,No n'hi ha,-1.0,1,3,1,0,0,0,0,0,0,0,0,0,0,0,2,-1,1,Col·lisió frontal,-1,1,2,4,2,2,0,10.09,0,2,6,8,5
7236,2016,0,2016-02-12,BV-2429,SUBIRATS,Alt Penedes,3,0,1,0,2,0,0,0,0,2,0,0,0,50.0,0.0,0,1,No n'hi ha,-1.0,3,3,1,0,0,0,0,0,0,0,0,0,0,1,4,4,1,Envestida (frontal lateral),1,1,2,4,3,2,0,17.55,1,2,4,12,2
7237,2016,1,2016-05-28,SE,GIRONA,Girones,1,0,1,0,1,0,0,1,0,0,0,0,0,100.0,0.0,0,2,No n'hi ha,-1.0,3,3,1,0,0,0,0,0,0,0,0,0,0,1,5,4,1,Caiguda en la via,2,2,2,5,-1,2,0,5.22,2,0,5,28,5
7238,2016,1,2016-11-17,SE,GRANOLLERS,Valles Oriental,3,1,0,0,2,1,0,0,0,1,0,0,0,100.0,0.0,0,2,No n'hi ha,-1.0,3,3,0,0,0,0,0,0,0,0,0,0,0,0,4,-1,1,Atropellament,-1,2,2,5,-1,2,1,9.05,0,3,3,17,11
7239,2016,1,2016-11-24,SE,BARCELONA,Barcelones,3,0,1,2,2,0,0,0,1,1,0,0,0,100.0,0.0,0,-1,No n'hi ha,-1.0,3,3,1,0,0,0,0,0,0,0,0,0,1,1,5,3,1,Envestida (frontal lateral),2,2,0,5,-1,2,1,0.45,2,2,3,24,11
7240,2016,1,2016-12-23,SE,BARCELONA,Barcelones,3,0,1,0,2,0,0,0,1,1,0,0,0,100.0,0.0,0,-1,No n'hi ha,-1.0,3,3,1,0,0,1,0,0,0,0,0,0,0,1,5,3,1,Fregament o col·lisió lateral,2,2,2,5,-1,2,0,18.08,1,2,4,23,12
7241,2016,0,2016-09-06,C-25,ARBUCIES,Selva,1,0,1,0,1,0,0,0,0,1,0,0,0,100.0,0.0,0,1,No n'hi ha,-1.0,3,3,1,0,0,0,0,0,0,0,0,0,0,0,4,-1,0,Resta sortides de via,-1,1,2,4,2,2,1,16.15,1,1,1,6,9
7242,2016,1,2016-02-28,SE,BARCELONA,Barcelones,3,0,1,0,2,0,0,0,1,1,0,0,0,100.0,0.0,0,-1,No n'hi ha,-1.0,3,3,1,0,0,0,0,0,0,0,0,0,0,1,5,2,1,Envestida (frontal lateral),2,2,2,5,-1,2,0,22.35,2,2,6,28,2
7243,2016,0,2016-03-12,B-10,SANT ADRIA DE BESOS,Barcelones,3,0,1,0,2,0,0,0,1,1,0,0,0,80.0,0.0,0,1,No n'hi ha,-1.0,3,3,1,0,0,0,0,0,0,0,0,0,0,0,4,-1,0,Altres,-1,1,2,4,0,2,0,14.15,1,5,5,12,3
7244,2016,0,2016-08-20,C-55,COLLBATO,Baix Llobregat,3,0,1,0,1,0,0,0,1,0,0,0,0,100.0,0.0,0,2,No n'hi ha,-1.0,3,3,1,0,0,0,0,0,0,0,0,0,0,0,4,-1,1,Resta sortides de via,-1,1,2,4,2,2,0,19.27,1,1,5,20,8
7245,2016,0,2016-11-01,C-14,RIBERA D'URGELLET,Alt Urgell,2,1,0,0,2,0,0,0,1,1,0,0,0,70.0,0.0,0,1,No n'hi ha,-1.0,3,3,0,0,0,0,0,0,0,0,0,0,0,1,4,4,1,Col·lisió frontal,1,1,2,4,2,2,1,17.0,1,2,1,1,11
7246,2016,1,2016-01-03,SE,"PRAT DE LLOBREGAT, E",Baix Llobregat,3,0,1,0,1,0,1,0,0,0,0,0,0,20.0,0.0,0,-1,No n'hi ha,-1.0,3,3,1,0,-1,0,0,0,0,0,0,0,0,0,4,-1,-1,Caiguda en la via,-1,2,2,5,-1,2,0,13.14,0,0,6,3,1
7247,2016,1,2016-12-08,SE,MATARO,Maresme,3,0,2,0,3,2,0,0,0,1,0,0,0,20.0,0.0,0,-1,No n'hi ha,-1.0,3,3,1,-1,-1,0,0,-1,0,0,0,0,1,0,4,-1,1,Atropellament,-1,2,2,5,-1,2,1,16.11,1,3,3,8,12
7248,2016,0,2016-08-03,C-55,SANT JOAN DE VILATOR,Bages,3,0,1,0,1,0,0,0,1,0,0,0,0,100.0,0.0,0,2,No n'hi ha,-1.0,3,3,1,0,0,0,0,0,1,0,0,0,0,0,3,-1,1,Caiguda en la via,-1,1,2,4,2,2,1,5.11,2,0,2,3,8
7249,2016,0,2016-07-30,C-25,ARBUCIES,Selva,1,1,0,0,1,0,0,0,0,1,0,0,0,100.0,0.0,0,1,Carril acceleració,-1.0,3,3,0,0,0,0,0,0,0,0,0,0,0,0,3,-1,0,Resta sortides de via,-1,1,2,4,2,2,0,4.15,2,1,5,30,7
7250,2016,1,2016-02-08,SE,TERRASSA,Valles Occidental,3,0,1,0,2,0,0,0,1,1,0,0,0,100.0,0.0,0,-1,No n'hi ha,-1.0,3,3,1,0,0,0,0,0,0,0,0,0,0,0,4,-1,-1,Altres,-1,2,2,5,-1,2,1,21.2,1,5,0,8,2
7251,2016,1,2016-12-28,SE,BARCELONA,Barcelones,3,1,0,0,2,1,0,0,0,1,0,0,0,100.0,0.0,0,-1,No n'hi ha,-1.0,3,3,0,0,0,0,0,0,0,0,0,0,0,1,5,3,1,Atropellament,3,2,2,5,-1,2,1,19.05,1,3,2,28,12
7252,2016,1,2016-05-20,SE,BARCELONA,Barcelones,3,0,1,0,2,0,0,0,1,1,0,0,0,100.0,0.0,0,-1,No n'hi ha,-1.0,3,3,1,0,0,0,0,0,0,0,0,0,0,1,4,3,1,Envestida (frontal lateral),2,2,2,5,-1,2,0,15.07,1,2,4,20,5
7253,2016,1,2016-02-16,SE,BARCELONA,Barcelones,3,1,0,0,2,0,0,0,1,1,0,0,0,100.0,0.0,0,-1,No n'hi ha,-1.0,3,3,0,0,0,0,0,0,0,0,0,0,0,0,4,-1,1,Caiguda en la via,-1,2,2,5,-1,2,1,8.0,0,0,1,16,2
7254,2016,1,2016-09-11,SE,BARCELONA,Barcelones,3,0,1,1,2,1,0,0,1,0,0,0,0,100.0,0.0,0,-1,No n'hi ha,-1.0,3,3,1,0,0,0,0,0,0,0,0,0,0,0,4,-1,1,Atropellament,-1,2,2,5,-1,2,0,9.4,0,3,6,11,9
7255,2016,0,2016-04-07,C-31,"PRAT DE LLOBREGAT, E",Baix Llobregat,3,0,1,0,1,0,0,0,1,0,0,0,0,80.0,0.0,0,2,No n'hi ha,-1.0,3,3,1,0,0,0,0,0,0,0,0,0,0,1,5,5,0,Xoc contra objecte/obstacle sense sortida prèvia de via,3,1,2,4,2,2,1,4.0,2,4,3,7,4
7256,2016,0,2016-09-07,N-340,ALTAFULLA,Tarragones,0,1,0,0,3,0,0,0,0,1,2,0,0,100.0,0.0,0,3,No n'hi ha,-1.0,3,3,0,0,0,1,0,0,0,0,0,0,0,1,4,5,1,Encalç,3,1,2,4,1,2,1,9.0,0,2,2,7,9
7257,2016,0,2016-07-19,A-7,TARRAGONA,Tarragones,0,0,2,0,3,0,0,0,0,1,2,0,0,100.0,0.0,0,3,No n'hi ha,-1.0,3,3,1,0,0,0,0,0,0,0,0,0,0,0,4,-1,1,Encalç,-1,1,2,4,1,2,1,16.18,1,2,1,19,7
7258,2016,0,2016-11-21,B-20,SANTA COLOMA DE GRAMANET,Barcelones,3,0,1,0,3,0,0,0,1,2,0,0,0,80.0,0.0,0,3,No n'hi ha,-1.0,1,3,1,0,0,0,1,0,0,0,0,0,0,0,2,-1,0,Encalç,-1,1,2,4,2,2,1,7.02,0,2,0,21,11
7259,2016,1,2016-05-30,SE,CERDANYOLA DEL VALLES,Valles Occidental,3,0,1,0,2,0,0,0,1,1,0,0,0,100.0,0.0,0,2,No n'hi ha,-1.0,3,3,1,0,0,0,0,0,0,0,0,0,0,1,4,3,1,Envestida (frontal lateral),2,2,2,5,2,2,1,17.0,1,2,0,30,5
7260,2016,1,2016-06-04,TV-2127,"VENDRELL, EL",Baix Penedes,0,0,1,0,2,0,1,0,0,1,0,0,0,40.0,0.0,0,-1,No n'hi ha,-1.0,3,3,1,-1,0,0,0,-1,0,0,0,0,-1,1,4,4,1,Envestida (frontal lateral),1,0,2,4,-1,2,0,12.05,0,2,5,4,6
7261,2016,0,2016-08-26,A-7,CAMBRILS,Baix Camp,0,1,2,0,3,0,0,0,0,2,1,0,0,100.0,0.0,0,2,No n'hi ha,3.0,3,3,0,0,0,0,0,0,0,0,0,0,0,0,4,-1,0,Encalç,-1,1,2,4,1,2,0,16.43,1,2,4,26,8
7262,2016,1,2016-09-10,SE,LLEIDA,Segria,2,0,1,0,2,0,0,0,1,1,0,0,0,20.0,0.0,0,-1,No n'hi ha,-1.0,3,3,1,-1,0,0,0,-1,0,0,0,0,-1,1,5,4,0,Envestida (frontal lateral),2,2,2,5,-1,2,0,1.0,2,2,5,10,9
7263,2016,0,2016-12-21,B-142,SENTMENAT,Valles Occidental,3,1,0,0,3,0,0,0,1,1,1,0,0,100.0,0.0,0,-1,No n'hi ha,-1.0,3,3,0,0,0,0,0,0,0,0,0,0,0,0,4,-1,-1,Caiguda en la via,-1,1,2,4,-1,2,1,9.3,0,0,2,21,12
7264,2016,0,2016-10-26,BV-2242,PIERA,Anoia,3,0,1,1,2,0,0,0,0,2,0,0,0,100.0,0.0,0,2,No n'hi ha,-1.0,3,3,1,0,0,0,0,0,0,0,0,0,0,0,4,-1,1,Col·lisió frontal,-1,1,2,4,3,2,1,15.27,1,2,2,26,10
7265,2016,0,2016-12-22,N-340,AMPOSTA,Montsia,0,2,0,0,2,0,0,0,1,1,0,0,0,100.0,0.0,0,2,No n'hi ha,-1.0,3,3,0,0,0,0,0,0,0,0,0,0,0,0,4,-1,1,Envestida (frontal lateral),-1,1,2,4,1,2,1,13.36,0,2,3,22,12
7266,2016,0,2016-04-27,N-340,RODA DE BARA,Tarragones,0,1,0,1,2,0,0,0,0,1,1,0,0,70.0,0.0,0,3,No n'hi ha,-1.0,3,3,0,0,0,0,0,0,0,0,0,0,0,0,3,-1,1,Col·lisió frontal,-1,1,2,4,1,2,1,20.46,1,2,2,27,4
7267,2016,1,2016-11-15,SE,IGUALADA,Anoia,3,0,1,0,2,1,0,0,0,1,0,0,0,50.0,0.0,0,2,No n'hi ha,-1.0,3,3,1,-1,0,0,0,-1,0,0,0,0,-1,1,4,3,1,Atropellament,1,2,2,5,-1,2,1,10.2,0,3,1,15,11
7268,2016,1,2016-02-03,SE,REUS,Baix Camp,0,0,1,0,2,1,0,0,0,1,0,0,0,100.0,0.0,0,-1,No n'hi ha,-1.0,3,3,1,0,0,0,0,0,0,0,0,0,0,0,4,-1,-1,Atropellament,-1,2,2,5,-1,2,1,19.2,1,3,2,3,2
7269,2016,0,2016-03-01,C-17,"MASIES DE VOLTREGA,LES",Osona,3,0,1,0,1,0,0,0,0,1,0,0,0,100.0,0.0,0,1,No n'hi ha,-1.0,3,3,1,0,0,0,0,0,0,0,0,0,0,0,4,-1,1,Resta sortides de via,-1,1,2,4,3,2,1,13.05,0,1,1,1,3
7270,2016,0,2016-07-11,C-25,ARBUCIES,Selva,1,0,1,0,2,0,0,0,0,1,1,0,0,80.0,0.0,0,0,No n'hi ha,-1.0,3,3,1,0,0,0,0,0,0,0,0,0,0,0,4,-1,0,Xoc contra objecte/obstacle sense sortida prèvia de via,-1,1,2,4,2,2,1,14.18,1,4,0,11,7
7271,2016,1,2016-05-13,SE,BARCELONA,Barcelones,3,0,1,1,3,1,0,1,1,0,0,0,0,100.0,1.0,0,-1,No n'hi ha,-1.0,3,3,1,0,0,0,0,0,0,0,0,0,0,1,4,3,1,Atropellament,1,2,2,5,-1,2,1,13.4,0,3,4,13,5
7272,2016,0,2016-03-31,N-141e,BESCANO,Girones,1,0,1,0,1,0,0,0,1,0,0,0,0,100.0,0.0,0,2,No n'hi ha,-1.0,3,3,1,0,0,0,0,0,0,0,0,0,0,0,4,-1,1,Resta sortides de via,-1,1,2,4,0,2,1,12.22,0,1,3,31,3
7273,2016,1,2016-07-09,B-522,MANLLEU,Osona,3,0,1,0,2,0,0,0,0,2,0,0,0,90.0,0.0,0,2,No n'hi ha,-1.0,3,3,1,-1,0,0,0,-1,0,0,0,0,-1,1,4,5,0,Xoc contra objecte/obstacle sense sortida prèvia de via,0,0,2,4,-1,2,0,17.23,1,4,5,9,7
7274,2016,1,2016-08-24,SE,SANT BOI DE LLOBREGAT,Baix Llobregat,3,0,1,0,1,0,0,0,1,0,0,0,0,20.0,0.0,0,-1,No n'hi ha,-1.0,3,3,1,-1,0,0,0,-1,0,0,0,0,-1,0,5,-1,1,Sortida de via amb bolcada,-1,2,2,5,-1,2,1,21.22,1,1,2,24,8
7275,2016,1,2016-08-19,SE,MATARO,Maresme,3,0,1,0,1,0,0,0,0,1,0,0,0,20.0,0.0,0,-1,No n'hi ha,-1.0,3,3,1,0,-1,0,0,0,0,0,0,0,0,1,5,3,-1,Xoc contra objecte/obstacle sense sortida prèvia de via,2,2,2,5,-1,2,1,5.38,2,4,4,19,8
7276,2016,1,2016-04-30,SE,CASTELLDEFELS,Baix Llobregat,3,0,1,0,2,1,0,0,0,1,0,0,0,100.0,0.0,0,2,No n'hi ha,-1.0,3,3,1,0,0,0,0,0,0,0,0,0,0,0,4,-1,1,Atropellament,-1,2,2,5,-1,2,0,13.2,0,3,5,30,4
7277,2016,1,2016-05-16,SE,CALAFELL,Baix Penedes,0,0,1,0,2,1,0,0,0,1,0,0,0,20.0,0.0,0,2,No n'hi ha,-1.0,3,3,1,-1,0,0,0,-1,0,0,0,0,-1,1,4,2,1,Atropellament,2,2,2,5,-1,2,1,17.0,1,3,0,16,5
7278,2016,0,2016-07-07,C-65,LLAMBILLES,Girones,1,0,1,1,2,0,0,0,0,2,0,0,0,100.0,0.0,0,2,No n'hi ha,-1.0,3,3,1,0,0,0,0,0,0,0,0,0,0,0,4,-1,1,Envestida (frontal lateral),-1,1,2,4,2,2,1,13.45,0,2,3,7,7
7279,2016,1,2016-10-08,SE,IGUALADA,Anoia,3,0,1,0,2,0,0,1,0,1,0,0,0,50.0,0.0,0,-1,No n'hi ha,-1.0,3,3,1,-1,-1,0,0,-1,0,0,0,0,0,1,4,5,1,Envestida (frontal lateral),1,2,2,5,-1,2,0,18.24,1,2,5,8,10
7280,2016,1,2016-01-03,SE,BARCELONA,Barcelones,3,0,1,1,2,0,0,0,1,1,0,0,0,100.0,0.0,0,-1,No n'hi ha,-1.0,3,3,1,0,0,0,0,0,0,0,0,0,0,1,5,3,1,Fregament o col·lisió lateral,2,2,2,5,-1,2,0,21.08,1,2,6,3,1
7281,2016,1,2016-05-02,SE,BARCELONA,Barcelones,3,0,1,0,2,1,0,0,0,0,1,0,0,100.0,0.0,0,-1,No n'hi ha,-1.0,3,3,1,0,0,0,0,0,0,0,0,0,0,1,4,3,1,Atropellament,2,2,2,5,-1,2,1,18.35,1,3,0,2,5
7282,2016,1,2016-09-21,SE,REUS,Baix Camp,0,0,1,0,2,1,0,0,0,1,0,0,0,100.0,0.0,0,2,No n'hi ha,-1.0,3,3,1,0,0,0,0,0,0,0,0,0,0,2,0,3,1,Atropellament,3,2,2,5,-1,2,1,21.58,1,3,2,21,9
7283,2016,1,2016-05-06,SE,REUS,Baix Camp,0,0,1,1,2,0,0,0,1,1,0,0,0,100.0,0.0,0,-1,No n'hi ha,-1.0,3,3,1,0,0,0,0,0,0,0,0,0,0,0,4,-1,-1,Envestida (frontal lateral),-1,2,2,5,-1,2,0,18.5,1,2,4,6,5
7284,2016,0,2016-01-02,BV-2421,"PALMA DE CERVELLO, LA",Baix Llobregat,3,0,1,2,2,0,0,0,0,2,0,0,0,100.0,0.0,0,1,No n'hi ha,-1.0,3,3,1,0,0,0,0,0,0,0,0,0,0,0,2,-1,1,Col·lisió frontal,-1,1,2,4,3,2,0,8.48,0,2,5,2,1
7285,2016,1,2016-09-07,SE,BARCELONA,Barcelones,3,0,1,1,2,1,0,0,1,0,0,0,0,100.0,0.0,0,-1,Carril bus,-1.0,3,3,1,0,0,1,0,0,0,0,0,0,1,0,4,-1,1,Atropellament,-1,2,2,5,-1,2,1,13.29,0,3,2,7,9
7286,2016,1,2016-06-29,SE,SANT FELIU DE LLOBREGAT,Baix Llobregat,3,0,1,0,2,1,0,0,0,1,0,0,0,20.0,0.0,0,-1,No n'hi ha,-1.0,3,3,1,-1,-1,0,0,-1,0,0,0,0,0,1,4,2,-1,Atropellament,2,2,2,5,-1,2,1,9.3,0,3,2,29,6
7287,2016,1,2016-11-11,SE,BADALONA,Barcelones,3,0,1,2,2,0,0,0,0,2,0,0,0,20.0,0.0,0,2,No n'hi ha,-1.0,3,3,1,-1,0,0,0,-1,0,0,0,0,-1,1,5,4,-1,Envestida (frontal lateral),2,2,2,5,-1,2,0,18.2,1,2,4,11,11
7288,2016,0,2016-06-30,TP-2031,"CATLLAR, EL",Tarragones,0,0,1,0,2,0,0,0,1,1,0,0,0,50.0,0.0,0,2,No n'hi ha,-1.0,3,3,1,0,0,0,0,0,0,0,0,0,0,0,1,-1,1,Envestida (frontal lateral),-1,1,2,4,3,2,1,22.0,2,2,3,30,6
7289,2016,0,2016-05-31,AL,ALAS I CERC,Alt Urgell,2,0,1,0,1,0,1,0,0,0,0,0,0,30.0,0.0,0,1,No n'hi ha,-1.0,3,3,1,0,0,0,0,0,0,0,0,1,0,0,4,-1,1,Caiguda en la via,-1,1,3,0,0,2,1,19.31,1,0,1,31,5
7290,2016,1,2016-12-18,SE,TERRASSA,Valles Occidental,3,0,2,0,2,0,0,1,1,0,0,0,0,100.0,0.0,0,-1,No n'hi ha,-1.0,3,3,1,0,0,0,0,0,0,0,0,0,0,0,4,-1,-1,Fregament o col·lisió lateral,-1,2,2,5,-1,2,0,20.4,1,2,6,18,12
7291,2016,0,2016-04-03,C-58,RIPOLLET,Valles Occidental,3,0,1,0,1,0,0,0,0,1,0,0,0,100.0,0.0,0,1,No n'hi ha,-1.0,3,3,1,0,0,0,0,0,0,0,0,0,0,1,5,4,1,Resta sortides de via,1,1,2,4,2,2,0,2.02,2,1,6,3,4