,Year,Area,Date,Road,Municipality Name,County Name,Province Name,Fatalties,Serious Injuries,Light Injuries,Units Involved,Pedestrains Involved,Bicycles Involved,Mopeds Involved,Motorcycles,Light Vehicles Involved,Heavy Vehicles Involved,Other Units Involved,Unspecified Units Involved,Road Speed Limit,Accident with Hit and Run,Fog Presence,Surrounding Environment,Special Lane Presence,Special Traffic Measures,Weather Conditions,Special Road Functions,Severity of Accident,Influence of Fog,Influence of Environment,Influence of Traffic,Influence of Weather,Influence of Wind Intensity,Influence of Lighting,Influence of Special Measures,Influence of Road Objects,Influence of Road Surface,Influence of Visibility,Intersection Characteristics,Lighting Conditions,Traffic Regulation and Priority,Direction of Road,Subtype of Accident,Subtype of Road Section,Subzone within Area,Road Surface Conditions,Type of Road,Road Ownership,Wind Conditions,Day of the Week Grouping,Hour of Day,Time of Day Grouping,Type of Accident,Day Type,Day,Month
7460,2010,1,2010-08-16,SE,BARCELONA,Barcelones,3,0,1,0,1,0,0,0,1,0,0,0,0,80.0,0.0,0,-1,No n'hi ha,-1.0,3,3,1,0,0,0,0,0,0,0,1,0,0,0,4,-1,1,Caiguda en la via,-1,2,2,5,-1,2,1,12.35,0,0,0,16,8
7461,2010,0,2010-04-11,AL,MANRESA,Bages,3,0,1,1,2,0,0,1,0,1,0,0,0,100.0,0.0,0,2,No n'hi ha,-1.0,3,3,1,0,0,0,0,0,1,0,0,0,0,1,4,4,1,Envestida (frontal lateral),1,1,2,4,3,2,0,19.1,1,2,6,11,4
7462,2010,0,2010-10-23,C-31,SIURANA,Alt Emporda,1,0,1,0,2,1,0,0,0,1,0,0,0,100.0,0.0,0,2,No n'hi ha,-1.0,3,3,1,0,0,0,0,0,0,0,0,0,0,0,3,-1,1,Atropellament,-1,1,2,4,2,2,0,6.37,0,3,5,23,10
7463,2010,0,2010-10-25,SE,LLEIDA,Segria,2,0,1,0,2,0,1,0,0,1,0,0,0,100.0,0.0,0,-1,No n'hi ha,-1.0,3,3,1,0,0,0,0,0,0,0,0,0,0,0,4,-1,-1,Fregament o col·lisió lateral,-1,1,2,3,-1,2,1,14.4,1,2,0,25,10
7464,2010,0,2010-07-14,BV-2041,BEGUES,Baix Llobregat,3,0,1,0,2,0,0,0,1,1,0,0,0,100.0,0.0,0,0,No n'hi ha,-1.0,3,3,1,0,0,0,0,0,0,0,0,0,0,0,4,-1,1,Fregament o col·lisió lateral,-1,1,2,4,2,2,1,18.25,1,2,2,14,7
7465,2010,1,2010-12-07,SE,SANT QUIRZE DEL VALLES,Valles Occidental,3,0,1,1,2,0,0,1,0,1,0,0,0,100.0,0.0,0,1,No n'hi ha,-1.0,3,3,1,0,0,0,0,0,0,0,0,0,0,1,4,2,1,Envestida (frontal lateral),1,2,2,5,-1,2,1,13.23,0,2,1,7,12
7466,2010,0,2010-08-16,B-224,MASQUEFA,Anoia,3,0,2,1,3,0,0,1,1,1,0,0,0,50.0,0.0,0,3,No n'hi ha,-1.0,3,3,1,-1,0,0,0,-1,0,0,0,0,0,0,4,-1,1,Envestida (frontal lateral),-1,1,2,4,2,2,1,19.3,1,2,0,16,8
7467,2010,1,2010-05-24,SE,BARCELONA,Barcelones,3,0,1,0,2,0,0,1,0,1,0,0,0,100.0,0.0,0,-1,No n'hi ha,-1.0,3,3,1,0,0,0,0,0,0,0,0,0,0,0,4,-1,1,Fregament o col·lisió lateral,-1,2,2,5,-1,2,1,10.55,0,2,0,24,5
7468,2010,1,2010-02-23,SE,LLEIDA,Segria,2,0,1,0,2,0,1,0,0,1,0,0,0,100.0,0.0,0,-1,No n'hi ha,-1.0,3,3,1,0,0,0,0,0,0,0,0,0,0,0,4,-1,-1,Envestida (frontal lateral),-1,2,2,5,-1,2,1,15.3,1,2,1,23,2
7469,2010,1,2010-02-09,SE,SABADELL,Valles Occidental,3,0,1,0,2,1,0,0,0,1,0,0,0,100.0,1.0,0,-1,No n'hi ha,-1.0,3,3,1,0,0,0,0,0,0,0,0,0,0,0,4,-1,-1,Atropellament,-1,2,2,5,-1,2,1,12.23,0,3,1,9,2
7470,2010,1,2010-06-05,SE,BADALONA,Barcelones,3,0,1,0,2,0,0,0,1,1,0,0,0,40.0,1.0,0,-1,Carril d'alentiment,-1.0,3,3,1,0,0,0,0,0,0,0,1,0,0,0,5,-1,1,Encalç,-1,2,2,5,-1,2,0,4.0,2,2,5,5,6
7471,2010,0,2010-01-26,C-42,TORTOSA,Baix Ebre,0,0,1,0,1,0,0,0,1,0,0,0,0,40.0,0.0,0,1,No n'hi ha,-1.0,3,3,1,0,0,0,0,0,1,0,0,0,1,2,3,4,0,Altres,0,1,2,4,2,2,1,20.3,1,5,1,26,1
7472,2010,0,2010-03-19,BV-2411,OLESA DE BONESVALLS,Alt Penedes,3,0,1,0,2,0,0,0,0,0,2,0,0,100.0,0.0,0,1,No n'hi ha,-1.0,3,3,1,0,0,0,0,0,0,0,0,0,0,0,4,-1,1,Col·lisió frontal,-1,1,2,4,3,2,1,13.15,0,2,4,19,3
7473,2010,1,2010-08-15,SE,DELTEBRE,Baix Ebre,0,0,1,0,2,0,0,1,0,1,0,0,0,100.0,0.0,0,2,No n'hi ha,-1.0,3,3,1,0,0,0,0,0,0,0,0,0,0,0,4,-1,1,Encalç,-1,2,2,5,-1,2,0,13.0,0,2,6,15,8
7474,2010,0,2010-04-29,SE,VILANOVA I LA GELTRU,Garraf,3,0,1,0,2,1,0,0,0,1,0,0,0,100.0,0.0,0,-1,No n'hi ha,-1.0,3,3,1,0,0,0,0,0,0,0,0,0,0,0,4,-1,-1,Atropellament,-1,1,2,3,-1,2,1,18.15,1,3,3,29,4
7475,2010,0,2010-11-07,N-340,ALCANAR,Montsia,0,1,2,0,2,0,0,0,0,1,1,0,0,100.0,0.0,0,2,No n'hi ha,-1.0,3,3,0,0,0,0,0,0,0,0,0,0,0,0,1,-1,1,Col·lisió frontal,-1,1,2,4,1,2,0,20.04,1,2,6,7,11
7476,2010,0,2010-01-03,B-20,SANT BOI DE LLOBREGAT,Baix Llobregat,3,0,1,0,2,0,0,0,0,1,1,0,0,80.0,1.0,0,2,No n'hi ha,-1.0,3,0,1,0,0,0,0,0,0,0,0,0,0,1,4,-1,1,Altres,3,1,2,4,1,2,0,15.3,1,5,6,3,1
7477,2010,0,2010-10-17,SE,PASSANANT,Conca de Barbera,0,0,1,0,2,0,0,0,1,1,0,0,0,100.0,0.0,0,3,No n'hi ha,-1.0,3,3,1,0,0,0,0,0,0,0,0,0,0,0,4,-1,1,Col·lisió frontal,-1,1,5,3,4,2,0,10.0,0,2,6,17,10
7478,2010,1,2010-03-10,SE,RIPOLLET,Valles Occidental,3,0,1,0,2,0,0,0,1,1,0,0,0,20.0,0.0,0,2,No n'hi ha,-1.0,3,3,1,-1,0,0,0,-1,0,0,0,0,-1,1,4,4,1,Envestida (frontal lateral),2,2,2,5,-1,2,1,18.35,1,2,2,10,3
7479,2010,1,2010-02-06,SE,BARCELONA,Barcelones,3,0,1,0,2,0,0,1,0,1,0,0,0,20.0,0.0,0,-1,No n'hi ha,-1.0,3,3,1,0,0,0,0,0,0,0,0,0,1,1,5,4,0,Envestida (frontal lateral),2,2,2,5,-1,2,0,20.0,1,2,5,6,2
7480,2010,1,2010-09-12,SE,BARCELONA,Barcelones,3,0,1,0,2,1,0,0,0,1,0,0,0,100.0,0.0,0,-1,No n'hi ha,-1.0,3,3,1,0,0,0,0,0,0,0,0,0,0,0,5,-1,1,Atropellament,-1,2,2,5,-1,2,0,20.5,1,3,6,12,9
7481,2010,0,2010-12-01,BV-5128,SANT POL DE MAR,Maresme,3,0,1,1,2,0,0,0,0,2,0,0,0,100.0,0.0,0,3,No n'hi ha,-1.0,3,3,1,0,0,0,0,0,0,0,0,0,0,0,3,-1,1,Xoc contra objecte/obstacle sense sortida prèvia de via,-1,1,2,4,4,2,1,19.5,1,4,2,1,12
7482,2010,0,2010-04-15,T-310,RIUDOMS,Baix Camp,0,0,1,0,2,0,0,1,0,1,0,0,0,100.0,0.0,0,2,No n'hi ha,-1.0,3,3,1,0,0,0,0,0,0,0,0,0,0,1,4,5,1,Encalç,1,1,2,4,2,2,1,18.15,1,2,3,15,4
7483,2010,0,2010-02-12,B-520,TARADELL,Osona,3,0,1,0,1,0,0,0,0,1,0,0,0,100.0,0.0,0,0,No n'hi ha,-1.0,3,3,1,0,0,0,0,0,0,0,0,0,0,0,3,-1,1,Resta sortides de via,-1,1,2,4,3,2,1,2.17,2,1,4,12,2
7484,2010,1,2010-03-18,SE,GIRONA,Girones,1,0,1,0,2,0,0,0,1,1,0,0,0,100.0,0.0,0,2,No n'hi ha,-1.0,3,3,1,0,0,0,0,0,0,0,0,0,0,2,4,5,1,Fregament o col·lisió lateral,-1,2,2,5,-1,2,1,8.42,0,2,3,18,3
7485,2010,1,2010-01-02,SE,"ROCA DEL VALLES, LA",Valles Oriental,3,0,1,0,2,1,0,0,0,0,1,0,0,100.0,0.0,0,2,No n'hi ha,-1.0,3,3,1,0,0,0,0,0,0,0,0,0,0,1,4,5,0,Atropellament,1,2,2,5,-1,2,0,13.15,0,3,5,2,1
7486,2010,1,2010-11-17,SE,GAVA,Baix Llobregat,3,0,1,0,2,0,0,0,1,1,0,0,0,20.0,0.0,0,-1,No n'hi ha,-1.0,3,3,1,-1,-1,0,0,-1,0,0,0,0,0,1,4,4,0,Envestida (frontal lateral),2,2,2,5,-1,2,1,12.15,0,2,2,17,11
7487,2010,0,2010-03-29,BV-4131,CASSERRES,Bergueda,3,0,1,0,2,0,1,0,0,1,0,0,0,100.0,0.0,0,1,No n'hi ha,-1.0,3,3,1,0,0,0,0,0,0,0,0,0,0,0,4,-1,1,Col·lisió frontal,-1,1,2,4,4,2,1,10.49,0,2,0,29,3
7488,2010,0,2010-09-01,N-II,CABRERA DE MAR,Maresme,3,0,1,0,1,0,0,0,1,0,0,0,0,70.0,0.0,0,1,No n'hi ha,-1.0,3,3,1,0,0,0,0,0,0,0,0,0,0,0,4,-1,1,Caiguda en la via,-1,1,2,4,2,2,1,18.57,1,0,2,1,9
7489,2010,1,2010-11-20,SE,TERRASSA,Valles Occidental,3,0,1,0,2,0,0,1,1,0,0,0,0,20.0,0.0,0,-1,No n'hi ha,-1.0,3,3,1,0,-1,0,0,0,0,0,0,0,0,1,5,4,-1,Envestida (frontal lateral),2,2,2,5,-1,2,0,22.45,2,2,5,20,11
7490,2010,0,2010-10-17,A-2,JORBA,Anoia,3,0,1,0,1,0,0,0,0,1,0,0,0,120.0,0.0,0,2,No n'hi ha,-1.0,3,3,1,-1,0,0,0,-1,0,0,0,0,-1,0,1,-1,1,Resta sortides de via,-1,1,2,1,1,2,0,8.0,0,1,6,17,10
7491,2010,0,2010-05-12,SE,SANT JOAN DE LES ABADESSES,Ripolles,1,0,2,3,3,0,0,0,0,2,1,0,0,100.0,0.0,0,1,No n'hi ha,-1.0,3,3,1,0,0,0,0,0,0,0,0,0,0,0,2,-1,1,Envestida (frontal lateral),-1,1,2,3,1,2,1,19.2,1,2,2,12,5
7492,2010,1,2010-09-01,SE,TERRASSA,Valles Occidental,3,0,1,0,2,0,0,0,1,1,0,0,0,100.0,0.0,0,-1,No n'hi ha,-1.0,3,3,1,0,0,0,0,0,0,0,0,0,0,0,4,-1,-1,Envestida (frontal lateral),-1,2,2,5,-1,2,1,12.3,0,2,2,1,9
7493,2010,0,2010-12-10,B-224,PIERA,Anoia,3,1,0,0,3,1,0,0,0,2,0,0,0,50.0,0.0,0,3,No n'hi ha,-1.0,3,3,0,0,0,0,0,0,0,0,0,0,0,0,4,-1,1,Resta sortides de via,-1,1,2,4,2,2,0,16.35,1,1,4,10,12
7494,2010,0,2010-01-27,BV-1415,CERDANYOLA DEL VALLES,Valles Occidental,3,0,1,1,2,0,0,0,0,2,0,0,0,100.0,0.0,0,0,Altres,-1.0,3,3,1,0,0,0,0,0,0,0,0,0,0,0,4,-1,1,Fregament o col·lisió lateral,-1,1,2,4,0,2,1,9.23,0,2,2,27,1
7495,2010,1,2010-12-30,SE,TERRASSA,Valles Occidental,3,0,1,0,2,1,0,0,0,1,0,0,0,100.0,0.0,0,2,No n'hi ha,-1.0,3,3,1,0,0,0,0,0,0,0,0,0,0,0,5,-1,1,Atropellament,-1,2,2,5,-1,2,1,20.05,1,3,3,30,12
7496,2010,0,2010-06-13,N-II,GIRONA,Girones,1,0,1,0,1,0,0,0,0,0,1,0,0,80.0,0.0,0,1,No n'hi ha,-1.0,3,2,1,0,0,0,0,0,0,0,0,0,0,0,4,-1,1,Altres,-1,1,2,4,1,2,0,14.55,1,5,6,13,6
7497,2010,1,2010-11-13,SE,SANT BOI DE LLOBREGAT,Baix Llobregat,3,0,2,0,1,0,0,0,0,1,0,0,0,100.0,0.0,0,-1,No n'hi ha,-1.0,3,3,1,0,0,0,0,0,0,0,0,0,0,0,4,-1,-1,Resta sortides de via,-1,2,2,5,-1,2,0,3.2,2,1,5,13,11
7498,2010,0,2010-08-29,C-12,AGER,Noguera,2,1,0,1,2,1,0,0,0,1,0,0,0,100.0,0.0,0,2,No n'hi ha,-1.0,3,3,0,0,0,0,0,0,1,0,0,0,1,1,3,5,1,Atropellament,2,1,2,4,2,2,0,21.3,1,3,6,29,8
7499,2010,0,2010-03-01,N-420,PRADELL DE LA TEIXETA,Priorat,0,0,1,1,2,0,0,0,0,2,0,0,0,80.0,0.0,0,3,No n'hi ha,-1.0,1,3,1,0,0,0,0,0,0,0,0,0,0,0,3,-1,1,Envestida (frontal lateral),-1,1,0,4,1,2,1,6.41,0,2,0,1,3
7500,2010,1,2010-11-24,SE,ESPLUGUES DE LLOBREGAT,Baix Llobregat,3,0,1,0,2,1,0,0,0,1,0,0,0,20.0,0.0,0,2,No n'hi ha,-1.0,3,3,1,-1,0,0,0,-1,0,0,0,0,-1,1,4,2,0,Atropellament,2,2,2,5,-1,2,1,9.25,0,3,2,24,11
7501,2010,0,2010-03-12,SE,VALLFOGONA DE BALAGUER,Noguera,2,0,1,0,2,0,0,0,1,1,0,0,0,70.0,0.0,0,2,No n'hi ha,-1.0,3,3,1,0,0,0,0,0,0,0,0,0,0,1,4,4,1,Envestida (frontal lateral),1,1,2,3,2,2,1,8.52,0,2,4,12,3
7502,2010,0,2010-09-07,N-II,SANT JULIA DE RAMIS,Girones,1,3,1,1,2,0,0,0,0,1,1,0,0,60.0,0.0,0,1,No n'hi ha,-1.0,3,3,0,0,0,0,0,0,0,0,0,0,0,1,4,4,1,Envestida (frontal lateral),1,1,2,4,1,2,1,11.35,0,2,1,7,9
7503,2010,0,2010-11-09,GI-531,SANT GREGORI,Girones,1,0,1,0,2,0,0,1,0,1,0,0,0,100.0,0.0,0,-1,No n'hi ha,-1.0,3,3,1,0,0,0,0,0,0,0,0,0,0,0,4,-1,-1,Caiguda en la via,-1,1,2,4,-1,2,1,17.39,1,0,1,9,11
7504,2010,0,2010-07-31,SE,SALOU,Tarragones,0,0,1,0,1,0,0,1,0,0,0,0,0,50.0,0.0,0,2,No n'hi ha,-1.0,4,3,1,0,0,0,0,0,0,0,0,0,0,2,4,4,1,Caiguda en la via,0,1,0,3,0,2,0,11.2,0,0,5,31,7
7505,2010,0,2010-05-08,N-260,BELLVER DE CERDANYA,Cerdanya,2,0,1,1,3,0,0,0,0,2,1,0,0,100.0,0.0,0,1,Altres,-1.0,3,3,1,0,0,0,0,0,0,0,0,0,0,1,4,4,1,Envestida (frontal lateral),1,1,2,4,1,2,0,13.4,0,2,5,8,5
7506,2010,1,2010-08-13,SE,BARCELONA,Barcelones,3,0,2,0,2,0,0,0,1,1,0,0,0,100.0,0.0,0,-1,No n'hi ha,-1.0,3,3,1,0,0,0,0,0,0,0,0,0,0,1,4,3,1,Envestida (frontal lateral),2,2,2,5,-1,2,1,11.05,0,2,4,13,8
7507,2010,0,2010-06-26,C-25,SANT FRUITOS DE BAGES,Bages,3,0,1,0,1,0,0,0,1,0,0,0,0,100.0,0.0,0,2,No n'hi ha,-1.0,3,3,1,0,0,0,0,0,0,0,0,0,0,0,4,-1,1,Caiguda en la via,-1,1,2,4,2,2,0,11.08,0,0,5,26,6
7508,2010,1,2010-09-15,SE,BARCELONA,Barcelones,3,0,1,0,2,0,0,1,0,1,0,0,0,100.0,0.0,0,-1,No n'hi ha,-1.0,3,3,1,0,0,0,0,0,0,0,0,0,0,0,4,-1,1,Caiguda en la via,-1,2,2,5,-1,2,1,17.09,1,0,2,15,9
7509,2010,1,2010-04-17,SE,BLANES,Selva,1,0,1,0,1,0,0,0,1,0,0,0,0,50.0,0.0,0,2,No n'hi ha,-1.0,3,3,1,-1,0,0,0,-1,0,0,0,0,-1,0,5,-1,1,Caiguda en la via,-1,2,2,5,-1,2,0,4.0,2,0,5,17,4
7510,2010,1,2010-02-09,SE,GIRONA,Girones,1,0,1,0,2,1,0,0,0,1,0,0,0,100.0,0.0,0,2,No n'hi ha,-1.0,3,3,1,0,0,0,0,0,0,0,0,0,0,2,4,-1,1,Atropellament,1,2,2,5,-1,2,1,16.0,1,3,1,9,2
7511,2010,1,2010-11-23,SE,FIGUERES,Alt Emporda,1,0,1,0,2,0,0,0,1,1,0,0,0,100.0,0.0,0,-1,No n'hi ha,-1.0,3,3,1,0,0,0,0,0,0,0,0,0,1,0,4,-1,-1,Envestida (frontal lateral),-1,2,2,5,-1,2,1,19.25,1,2,1,23,11
7512,2010,1,2010-04-26,SE,BARCELONA,Barcelones,3,0,1,1,2,0,0,0,1,1,0,0,0,100.0,0.0,0,-1,No n'hi ha,-1.0,3,3,1,0,0,0,0,0,0,0,0,0,0,1,5,4,0,Envestida (frontal lateral),2,2,2,5,-1,2,1,21.2,1,2,0,26,4
7513,2010,0,2010-05-03,AP-7,GRANOLLERS,Valles Oriental,3,0,1,0,2,0,0,0,0,1,1,0,0,100.0,0.0,0,0,No n'hi ha,-1.0,1,3,1,0,0,0,0,0,0,0,0,0,0,0,2,-1,1,Envestida (frontal lateral),-1,1,0,4,1,1,1,14.47,1,2,0,3,5
7514,2010,1,2010-01-20,SE,BARCELONA,Barcelones,3,0,1,0,3,0,0,0,1,1,1,0,0,80.0,0.0,0,-1,Carril acceleració,-1.0,3,3,1,0,0,1,0,0,0,0,0,0,0,0,4,-1,1,Fregament o col·lisió lateral,-1,2,2,5,-1,2,1,13.25,0,2,2,20,1
7515,2010,0,2010-11-14,AP-7,MACANET DE LA SELVA,Selva,1,0,1,0,2,0,0,0,0,2,0,0,0,100.0,0.0,0,1,No n'hi ha,-1.0,3,3,1,0,0,0,0,0,0,0,0,0,0,2,4,4,1,Sortida de via amb xoc o col·lisió,3,1,2,4,1,2,0,12.0,0,1,6,14,11
7516,2010,0,2010-03-11,N-420,"BORGES DEL CAMP, LES",Baix Camp,0,0,1,0,2,0,0,0,0,1,1,0,0,100.0,0.0,0,1,Carril central,,3,3,1,0,0,0,0,0,0,0,0,0,0,1,4,4,1,Fregament o col·lisió lateral,1,1,2,4,1,2,1,8.5,0,2,3,11,3
7517,2010,0,2010-03-04,SE,TREMP,Pallars Jussa,2,0,1,1,2,0,0,0,0,1,1,0,0,100.0,0.0,0,2,No n'hi ha,-1.0,3,3,1,0,0,0,0,0,0,0,0,0,0,1,4,4,1,Envestida (frontal lateral),2,1,2,3,0,2,1,15.37,1,2,3,4,3
7518,2010,1,2010-06-17,SE,"MASNOU, EL",Maresme,3,0,1,0,2,0,0,1,0,1,0,0,0,20.0,0.0,0,-1,No n'hi ha,-1.0,3,3,1,-1,0,0,0,-1,0,0,0,0,-1,1,4,4,0,Envestida (frontal lateral),2,2,2,5,-1,2,1,13.55,0,2,3,17,6
7519,2010,1,2010-11-03,SE,GIRONA,Girones,1,1,0,1,2,0,0,0,1,1,0,0,0,100.0,0.0,0,2,No n'hi ha,-1.0,3,3,0,0,0,0,0,0,0,0,0,0,0,0,5,-1,1,Envestida (frontal lateral),-1,2,2,5,-1,2,1,5.52,2,2,2,3,11
7520,2010,0,2010-01-30,SE,MASSANES,Selva,1,0,1,0,2,0,0,0,1,1,0,0,0,100.0,0.0,0,2,No n'hi ha,-1.0,3,3,1,0,0,0,0,0,0,0,0,0,0,1,4,5,1,Envestida (frontal lateral),2,1,2,3,0,2,0,16.15,1,2,5,30,1
7521,2010,0,2010-01-17,SE,LLEIDA,Segria,2,0,1,0,2,1,0,0,0,1,0,0,0,80.0,0.0,0,3,No n'hi ha,-1.0,3,3,1,0,0,0,0,0,0,0,0,0,1,0,3,-1,1,Atropellament,-1,1,2,3,1,2,0,3.06,2,3,6,17,1
7522,2010,1,2010-04-22,SE,SABADELL,Valles Occidental,3,0,1,0,2,0,0,1,0,1,0,0,0,100.0,0.0,0,-1,No n'hi ha,-1.0,3,3,1,0,0,0,0,0,0,0,0,0,0,0,4,-1,-1,Envestida (frontal lateral),-1,2,2,5,-1,2,1,14.3,1,2,3,22,4
7523,2010,0,2010-06-17,AP-7,"AMETLLA DE MAR, L'",Baix Ebre,0,2,0,1,1,0,0,0,0,1,0,0,0,100.0,0.0,0,-1,No n'hi ha,-1.0,3,3,0,0,0,0,0,0,0,0,0,0,0,0,4,-1,-1,Altres,-1,1,2,4,-1,2,1,6.47,0,5,3,17,6
7524,2010,0,2010-12-24,C-31,GUALTA,Baix Emporda,1,0,1,0,2,0,0,1,0,1,0,0,0,100.0,0.0,0,2,No n'hi ha,-1.0,3,3,1,0,0,0,0,0,0,0,0,0,0,0,3,-1,1,Encalç,-1,1,2,4,2,2,0,19.03,1,2,4,24,12
7525,2010,1,2010-02-28,SE,SABADELL,Valles Occidental,3,0,1,0,2,0,0,1,0,1,0,0,0,100.0,0.0,0,-1,No n'hi ha,-1.0,3,3,1,0,0,0,0,0,0,0,0,0,0,0,4,-1,-1,Encalç,-1,2,2,5,-1,2,0,16.59,1,2,6,28,2
7526,2010,0,2010-10-30,C-252,VERGES,Baix Emporda,1,0,1,0,2,1,0,0,0,1,0,0,0,100.0,0.0,0,-1,No n'hi ha,-1.0,3,3,1,0,0,0,0,0,0,0,0,0,0,0,4,-1,-1,Atropellament,-1,1,2,4,-1,2,0,20.3,1,3,5,30,10
7527,2010,1,2010-09-12,SE,BARCELONA,Barcelones,3,0,1,1,2,1,0,0,0,1,0,0,0,100.0,0.0,0,-1,No n'hi ha,-1.0,3,3,1,0,0,0,0,0,0,0,0,0,0,0,1,-1,1,Atropellament,-1,2,2,5,-1,2,0,20.25,1,3,6,12,9
7528,2010,0,2010-07-17,T-702,"VILELLA ALTA, LA",Priorat,0,1,0,0,2,0,0,0,1,1,0,0,0,100.0,0.0,0,1,No n'hi ha,-1.0,3,3,0,0,1,0,0,0,0,0,0,0,1,0,4,-1,1,Caiguda en la via,-1,1,2,4,0,2,0,10.13,0,0,5,17,7
7529,2010,0,2010-06-24,C-31,CALONGE,Baix Emporda,1,0,1,11,5,0,0,0,0,5,0,0,0,40.0,0.0,0,1,No n'hi ha,0.0,3,3,1,0,1,0,0,0,0,0,0,0,0,0,4,-1,1,Fregament o col·lisió lateral,-1,1,2,4,2,2,1,10.32,0,2,3,24,6
7530,2010,0,2010-02-07,C-59,CALDES DE MONTBUI,Valles Oriental,3,0,1,0,2,0,0,0,1,1,0,0,0,100.0,0.0,0,-1,No n'hi ha,-1.0,3,3,1,0,0,0,0,0,0,0,0,0,0,0,4,-1,-1,Encalç,-1,1,2,4,-1,2,0,11.5,0,2,6,7,2
7531,2010,1,2010-02-03,SE,BARCELONA,Barcelones,3,0,1,0,2,1,0,0,0,0,1,0,0,100.0,0.0,0,-1,No n'hi ha,-1.0,3,3,1,0,0,0,0,0,0,0,0,0,0,1,4,3,1,Atropellament,2,2,2,5,-1,2,1,10.15,0,3,2,3,2
7532,2010,0,2010-04-18,GIV-5313,CANET D'ADRI,Girones,1,0,1,0,1,0,0,0,1,0,0,0,0,60.0,0.0,0,0,No n'hi ha,-1.0,3,3,1,0,0,0,0,0,0,0,0,0,0,0,4,-1,1,Xoc contra objecte/obstacle sense sortida prèvia de via,-1,1,2,4,3,2,0,9.55,0,4,6,18,4
7533,2010,0,2010-04-23,LV-3025,MONTGAI,Noguera,2,1,0,1,1,0,0,0,0,1,0,0,0,60.0,0.0,0,3,No n'hi ha,0.0,1,3,0,-1,0,0,0,-1,0,0,0,0,-1,0,2,-1,1,Resta sortides de via,-1,1,0,4,3,2,0,18.16,1,1,4,23,4
7534,2010,1,2010-12-01,SE,BARCELONA,Barcelones,3,0,1,0,2,1,0,0,0,1,0,0,0,100.0,0.0,0,-1,No n'hi ha,-1.0,3,3,1,0,0,0,0,0,0,0,0,0,0,1,4,4,0,Atropellament,2,2,2,5,-1,2,1,12.5,0,3,2,1,12
7535,2010,0,2010-06-16,AP-7,"PAPIOL, EL",Baix Llobregat,3,0,1,0,1,0,0,0,1,0,0,0,0,100.0,0.0,0,2,No n'hi ha,-1.0,3,3,1,0,0,0,0,0,0,0,0,0,0,0,4,-1,1,Caiguda en la via,-1,1,2,4,1,2,1,8.15,0,0,2,16,6
7536,2010,1,2010-03-18,SE,BARCELONA,Barcelones,3,0,1,5,2,0,0,0,0,2,0,0,0,100.0,0.0,0,-1,No n'hi ha,-1.0,3,3,1,0,0,0,0,0,0,0,0,0,1,1,4,3,1,Envestida (frontal lateral),2,2,2,5,-1,2,1,15.25,1,2,3,18,3
7537,2010,1,2010-06-15,SE,TERRASSA,Valles Occidental,3,0,1,0,2,0,1,0,0,1,0,0,0,100.0,0.0,0,-1,No n'hi ha,-1.0,3,3,1,0,0,0,0,0,0,0,0,0,0,0,4,-1,-1,Col·lisió frontal,-1,2,2,5,-1,2,1,16.32,1,2,1,15,6
7538,2010,1,2010-02-05,T-314,VINYOLS I ELS ARCS,Baix Camp,0,0,1,0,2,0,0,1,0,1,0,0,0,100.0,0.0,0,2,No n'hi ha,-1.0,3,1,1,0,0,0,0,0,0,0,0,0,0,1,3,5,1,Fregament o col·lisió lateral,2,0,2,4,3,2,0,19.01,1,2,4,5,2
7539,2010,1,2010-04-19,SE,SANT ADRIA DE BESOS,Barcelones,3,0,1,1,2,1,0,0,1,0,0,0,0,20.0,0.0,0,2,No n'hi ha,-1.0,3,3,1,-1,0,0,0,-1,0,0,0,0,-1,0,4,-1,1,Atropellament,-1,2,2,5,-1,2,1,12.3,0,3,0,19,4
7540,2010,0,2010-12-23,SE,VILAMACOLUM,Alt Emporda,1,0,1,1,1,0,0,0,0,1,0,0,0,100.0,0.0,0,0,No n'hi ha,-1.0,3,3,1,0,0,0,1,0,0,0,0,0,0,0,3,-1,1,Resta sortides de via,-1,1,2,3,0,2,1,19.48,1,1,3,23,12
7541,2010,1,2010-03-05,SE,LLEIDA,Segria,2,0,1,0,2,0,0,0,1,1,0,0,0,20.0,1.0,0,3,No n'hi ha,-1.0,3,3,1,0,0,0,0,0,0,0,0,0,0,1,4,3,0,Encalç,0,2,2,5,-1,2,0,16.45,1,2,4,5,3
7542,2010,0,2010-05-15,AP-7,AMPOSTA,Montsia,0,0,1,4,2,0,0,0,0,2,0,0,0,100.0,0.0,0,1,No n'hi ha,-1.0,3,3,1,0,0,0,0,0,0,0,0,0,0,0,4,-1,1,Encalç,-1,1,2,4,1,2,0,17.19,1,2,5,15,5
7543,2010,0,2010-06-13,A-2,CASTELLOLI,Anoia,3,0,1,3,1,0,0,0,0,1,0,0,0,120.0,0.0,0,-1,No n'hi ha,-1.0,3,3,1,-1,0,0,0,-1,0,0,0,0,-1,0,4,-1,1,Xoc contra objecte/obstacle sense sortida prèvia de via,-1,1,2,1,1,2,0,14.3,1,4,6,13,6