,Year,Area,Date,Road,Municipality Name,County Name,Province Name,Fatalties,Serious Injuries,Light Injuries,Units Involved,Pedestrains Involved,Bicycles Involved,Mopeds Involved,Motorcycles,Light Vehicles Involved,Heavy Vehicles Involved,Other Units Involved,Unspecified Units Involved,Road Speed Limit,Accident with Hit and Run,Fog Presence,Surrounding Environment,Special Lane Presence,Special Traffic Measures,Weather Conditions,Special Road Functions,Severity of Accident,Influence of Fog,Influence of Environment,Influence of Traffic,Influence of Weather,Influence of Wind Intensity,Influence of Lighting,Influence of Special Measures,Influence of Road Objects,Influence of Road Surface,Influence of Visibility,Intersection Characteristics,Lighting Conditions,Traffic Regulation and Priority,Direction of Road,Subtype of Accident,Subtype of Road Section,Subzone within Area,Road Surface Conditions,Type of Road,Road Ownership,Wind Conditions,Day of the Week Grouping,Hour of Day,Time of Day Grouping,Type of Accident,Day Type,Day,Month
7544,2010,1,2010-02-26,SE,SABADELL,Valles Occidental,3,0,1,0,2,0,0,0,1,1,0,0,0,100.0,0.0,0,-1,No n'hi ha,-1.0,3,3,1,0,0,0,0,0,0,0,0,0,0,0,4,-1,-1,Envestida (frontal lateral),-1,2,2,5,-1,2,0,17.13,1,2,4,26,2
7545,2010,0,2010-05-15,C-260,FORTIA,Alt Emporda,1,0,1,0,1,0,0,0,1,0,0,0,0,100.0,0.0,0,2,No n'hi ha,-1.0,3,3,1,0,0,0,0,1,0,0,0,0,0,0,4,-1,1,Xoc contra objecte/obstacle sense sortida prèvia de via,-1,1,2,4,2,0,0,16.25,1,4,5,15,5
7546,2010,0,2010-02-13,SE,REUS,Baix Camp,0,0,1,0,2,1,0,0,0,1,0,0,0,100.0,0.0,0,-1,No n'hi ha,-1.0,3,3,1,0,0,0,0,0,0,0,0,0,0,0,4,-1,-1,Atropellament,-1,1,2,3,-1,2,0,9.3,0,3,5,13,2
7547,2010,0,2010-08-27,N-260,PRULLANS,Cerdanya,2,0,1,0,2,0,0,0,0,2,0,0,0,100.0,0.0,0,1,No n'hi ha,-1.0,3,3,1,0,0,0,0,0,0,0,0,0,0,0,4,-1,1,Fregament o col·lisió lateral,-1,1,2,4,1,2,0,19.04,1,2,4,27,8
7548,2010,0,2010-10-02,CR40,TERRASSA,Valles Occidental,3,0,2,0,2,0,0,0,1,1,0,0,0,100.0,0.0,0,-1,No n'hi ha,-1.0,3,3,1,0,0,0,0,0,0,0,0,0,0,0,4,-1,-1,Envestida (frontal lateral),-1,1,2,3,-1,2,0,6.44,0,2,5,2,10
7549,2010,1,2010-03-31,SE,BARCELONA,Barcelones,3,0,1,1,2,1,0,0,1,0,0,0,0,100.0,0.0,0,-1,No n'hi ha,-1.0,3,3,1,0,0,0,0,0,0,0,0,0,0,1,4,3,1,Atropellament,2,2,2,5,-1,2,1,14.25,1,3,2,31,3
7550,2010,0,2010-10-08,GI-555,RIUDARENES,Selva,1,1,0,1,1,0,0,0,0,1,0,0,0,100.0,0.0,0,1,No n'hi ha,-1.0,3,3,0,0,0,0,0,0,0,0,0,0,0,0,2,-1,1,Resta sortides de via,-1,1,2,4,3,2,0,15.22,1,1,4,8,10
7551,2010,1,2010-03-30,SE,VIC,Osona,3,0,1,0,2,1,0,0,0,1,0,0,0,100.0,0.0,0,-1,No n'hi ha,-1.0,3,3,1,0,0,0,0,0,0,0,0,0,0,0,4,-1,-1,Atropellament,-1,2,2,5,-1,2,1,14.55,1,3,1,30,3
7552,2010,0,2010-04-02,N-II,PONT DE MOLINS,Alt Emporda,1,0,1,0,2,0,0,1,0,1,0,0,0,100.0,0.0,0,-1,No n'hi ha,-1.0,3,3,1,0,0,0,0,0,0,0,0,0,0,0,4,-1,-1,Fregament o col·lisió lateral,-1,1,2,4,-1,2,0,18.27,1,2,4,2,4
7553,2010,1,2010-12-10,SE,REUS,Baix Camp,0,0,1,0,2,1,0,0,0,1,0,0,0,100.0,0.0,0,-1,No n'hi ha,-1.0,3,3,1,0,0,0,0,0,0,0,0,0,0,0,4,-1,-1,Atropellament,-1,2,2,5,-1,2,1,13.0,0,3,4,10,12
7554,2010,1,2010-10-06,SE,IGUALADA,Anoia,3,0,1,0,2,1,0,0,0,1,0,0,0,50.0,0.0,0,2,No n'hi ha,-1.0,3,3,1,-1,0,0,0,-1,0,0,0,0,-1,0,4,-1,1,Atropellament,-1,2,2,5,-1,2,1,17.45,1,3,2,6,10
7555,2010,1,2010-02-08,SE,BARCELONA,Barcelones,3,0,2,0,2,1,0,0,1,0,0,0,0,100.0,0.0,0,-1,No n'hi ha,-1.0,2,3,1,0,0,1,1,0,0,0,0,0,1,0,5,-1,1,Atropellament,-1,2,0,5,-1,2,1,19.0,1,3,0,8,2
7556,2010,0,2010-02-24,TV-3408,AMPOSTA,Montsia,0,1,1,1,2,0,0,0,0,2,0,0,0,100.0,0.0,0,1,No n'hi ha,-1.0,3,3,0,0,0,0,0,0,0,0,0,0,0,1,4,4,1,Fregament o col·lisió lateral,2,1,2,4,3,2,1,17.35,1,2,2,24,2
7557,2010,1,2010-01-03,SE,GIRONA,Girones,1,0,1,0,2,1,0,0,0,1,0,0,0,30.0,0.0,0,2,No n'hi ha,-1.0,3,3,1,0,0,0,0,0,0,0,0,0,0,2,2,5,0,Atropellament,2,2,2,5,-1,2,0,11.06,0,3,6,3,1
7558,2010,0,2010-09-12,C-55,CASTELLBELL I EL VIL,Bages,3,0,1,0,1,0,0,0,1,0,0,0,0,90.0,0.0,0,3,No n'hi ha,-1.0,3,3,1,-1,0,0,0,-1,0,0,0,0,-1,0,2,-1,1,Resta sortides de via,-1,1,2,4,2,2,0,8.5,0,1,6,12,9
7559,2010,0,2010-06-29,C-25,MANRESA,Bages,3,1,0,0,2,0,0,0,0,1,1,0,0,100.0,0.0,0,3,No n'hi ha,-1.0,3,3,0,0,0,0,0,0,0,0,0,0,0,0,4,-1,1,Envestida (frontal lateral),-1,1,2,4,2,2,1,13.47,0,2,1,29,6
7560,2010,0,2010-03-29,N-340,ALCANAR,Montsia,0,1,0,0,2,1,0,0,0,1,0,0,0,70.0,0.0,0,2,No n'hi ha,-1.0,3,3,0,0,0,0,0,0,0,0,0,0,1,0,0,-1,1,Atropellament,-1,1,2,4,1,2,1,1.55,2,3,0,29,3
7561,2010,1,2010-07-18,SE,VILADECANS,Baix Llobregat,3,0,1,0,1,0,0,0,0,1,0,0,0,20.0,0.0,0,-1,No n'hi ha,-1.0,3,3,1,0,-1,0,0,0,0,0,0,0,0,1,4,4,-1,Caiguda en la via,0,2,2,5,-1,2,0,7.28,0,0,6,18,7
7562,2010,0,2010-07-10,C-38,SANT JOAN DE LES ABADESSES,Ripolles,1,0,1,1,3,0,3,0,0,0,0,0,0,40.0,0.0,0,2,No n'hi ha,0.0,3,3,1,-1,0,0,0,-1,0,0,0,0,0,0,4,-1,1,Fregament o col·lisió lateral,-1,1,2,4,2,2,0,9.0,0,2,5,10,7
7563,2010,1,2010-02-22,SE,HOSPITALET DE LLOBREGAT,Barcelones,3,1,0,0,2,1,0,0,0,1,0,0,0,20.0,,0,2,No n'hi ha,-1.0,3,3,0,-1,0,0,0,-1,0,0,0,0,-1,0,5,-1,0,Atropellament,-1,2,0,5,0,2,1,1.07,2,3,0,22,2
7564,2010,0,2010-12-20,AP-7,SANT JULIA DE RAMIS,Girones,1,1,1,0,1,0,0,0,0,1,0,0,0,80.0,0.0,0,1,No n'hi ha,0.0,3,3,0,0,0,0,0,0,0,0,0,0,0,0,4,-1,1,Resta sortides de via,-1,1,2,4,1,2,1,8.43,0,1,0,20,12
7565,2010,1,2010-01-20,SE,BARCELONA,Barcelones,3,0,1,0,2,0,0,0,1,0,1,0,0,80.0,1.0,0,-1,No n'hi ha,-1.0,3,3,1,0,0,0,0,0,0,0,0,0,0,0,4,-1,1,Encalç,-1,2,2,5,-1,2,1,11.05,0,2,2,20,1
7566,2010,0,2010-09-01,T-204,SALOMO,Tarragones,0,1,0,2,2,0,0,0,0,1,1,0,0,100.0,0.0,0,3,No n'hi ha,-1.0,3,3,0,0,1,0,0,0,0,0,0,0,0,0,4,-1,1,Envestida (frontal lateral),-1,1,2,4,2,2,1,11.25,0,2,2,1,9
7567,2010,0,2010-12-08,B-124,AVIA,Bergueda,3,0,1,0,1,0,0,0,0,0,0,1,0,90.0,0.0,0,1,No n'hi ha,-1.0,3,3,1,-1,0,0,0,-1,0,0,0,0,0,0,4,-1,1,Resta sortides de via,-1,1,0,4,3,2,1,11.3,0,1,2,8,12
7568,2010,0,2010-06-18,N-II,GIRONA,Girones,1,0,2,1,3,0,0,0,0,2,1,0,0,100.0,0.0,0,1,No n'hi ha,-1.0,3,2,1,0,0,0,0,0,0,0,0,0,0,0,4,-1,1,Encalç,-1,1,2,4,1,2,1,12.45,0,2,4,18,6
7569,2010,1,2010-11-30,SE,TORROELLA DE MONTGRI,Baix Emporda,1,0,1,0,2,1,0,0,0,1,0,0,0,20.0,0.0,0,2,No n'hi ha,-1.0,3,3,1,-1,0,0,0,-1,0,0,0,0,-1,0,1,-1,1,Atropellament,-1,2,2,5,-1,2,1,17.3,1,3,1,30,11
7570,2010,1,2010-11-29,SE,SANT BOI DE LLOBREGAT,Baix Llobregat,3,0,1,0,2,1,0,0,0,1,0,0,0,100.0,0.0,0,2,No n'hi ha,-1.0,3,3,1,0,0,0,0,0,0,0,0,0,0,1,5,2,0,Atropellament,2,2,2,5,-1,2,1,17.4,1,3,0,29,11
7571,2010,0,2010-11-02,C-1413a,"PAPIOL, EL",Baix Llobregat,3,0,1,0,2,0,0,0,0,2,0,0,0,70.0,0.0,0,2,No n'hi ha,-1.0,3,2,1,0,0,0,0,0,0,0,0,0,0,0,4,-1,1,Col·lisió frontal,-1,1,2,4,2,2,1,8.55,0,2,1,2,11
7572,2010,1,2010-09-11,SE,BARCELONA,Barcelones,3,1,0,1,1,0,0,0,0,1,0,0,0,100.0,0.0,0,-1,No n'hi ha,-1.0,3,3,0,0,0,0,0,0,0,0,0,0,0,1,5,3,1,Xoc contra objecte/obstacle sense sortida prèvia de via,0,2,2,5,-1,2,0,2.45,2,4,5,11,9
7573,2010,1,2010-06-25,SE,BALAGUER,Noguera,2,0,1,0,2,1,0,1,0,0,0,0,0,40.0,0.0,0,1,No n'hi ha,-1.0,3,1,1,0,0,0,0,0,0,0,0,0,0,2,4,-1,1,Atropellament,1,0,2,5,-1,2,0,20.1,1,3,4,25,6
7574,2010,0,2010-07-02,B-30,SANT CUGAT DEL VALLES,Valles Occidental,3,1,0,0,1,0,0,0,0,0,1,0,0,100.0,0.0,0,3,Carril acceleració,-1.0,3,3,0,0,1,0,0,0,0,0,0,0,0,2,4,4,0,Resta sortides de via,3,1,2,4,1,2,0,15.39,1,1,4,2,7
7575,2010,1,2010-02-20,SE,TORTOSA,Baix Ebre,0,0,1,1,1,0,0,1,0,0,0,0,0,100.0,0.0,0,2,No n'hi ha,-1.0,3,3,1,0,0,0,0,0,0,0,0,0,0,1,4,-1,0,Caiguda en la via,1,2,2,5,-1,2,0,11.57,0,0,5,20,2
7576,2010,1,2010-01-29,SE,GIRONA,Girones,1,0,1,0,2,1,0,0,0,1,0,0,0,100.0,0.0,0,2,Carril bus,-1.0,3,3,1,0,0,0,0,0,0,0,0,0,0,0,4,-1,1,Atropellament,-1,2,2,5,-1,2,0,16.23,1,3,4,29,1
7577,2010,0,2010-07-06,C-31,HOSPITALET DE LLOBREGAT,Barcelones,3,0,1,0,2,0,0,1,0,1,0,0,0,80.0,0.0,0,2,No n'hi ha,-1.0,3,3,1,-1,0,0,0,-1,0,0,0,0,-1,0,4,-1,0,Envestida (frontal lateral),-1,1,2,4,2,2,1,8.15,0,2,1,6,7
7578,2010,0,2010-04-11,C-260,CASTELLO D'EMPURIES,Alt Emporda,1,0,2,0,1,0,0,0,1,0,0,0,0,80.0,0.0,0,3,No n'hi ha,-1.0,3,3,1,0,0,0,0,0,0,0,0,0,0,0,4,-1,1,Caiguda en la via,-1,1,2,4,2,2,0,8.3,0,0,6,11,4
7579,2010,0,2010-09-10,C-51,ALIO,Alt Camp,0,0,1,0,2,0,0,0,0,1,1,0,0,100.0,0.0,0,3,No n'hi ha,-1.0,3,3,1,0,0,0,0,0,0,0,0,0,0,0,4,-1,1,Caiguda en la via,-1,1,2,4,2,2,1,11.17,0,0,4,10,9
7580,2010,0,2010-06-12,C-14,MONTBLANC,Conca de Barbera,0,1,0,0,2,0,0,0,1,1,0,0,0,100.0,0.0,0,2,No n'hi ha,-1.0,3,3,0,0,0,0,0,0,0,0,0,0,0,0,4,-1,1,Encalç,-1,1,2,4,2,2,0,16.41,1,2,5,12,6
7581,2010,1,2010-08-27,SE,CALONGE,Baix Emporda,1,0,2,0,2,1,0,1,0,0,0,0,0,30.0,0.0,0,2,No n'hi ha,-1.0,3,3,1,0,0,0,0,0,0,0,0,0,0,0,4,-1,0,Atropellament,-1,2,1,5,-1,2,0,17.0,1,3,4,27,8
7582,2010,1,2010-11-25,SE,LLEIDA,Segria,2,0,1,0,1,0,0,0,0,1,0,0,0,100.0,0.0,0,2,No n'hi ha,-1.0,3,3,1,0,0,0,0,0,0,0,0,0,0,0,4,-1,0,Resta sortides de via,-1,2,2,5,-1,2,1,14.0,1,1,3,25,11
7583,2010,1,2010-11-28,SE,CASTELLAR DEL VALLES,Valles Occidental,3,0,1,0,1,0,1,0,0,0,0,0,0,20.0,0.0,0,1,No n'hi ha,-1.0,3,3,1,-1,0,0,0,-1,0,0,0,1,-1,0,4,-1,1,Caiguda en la via,-1,2,2,5,0,2,0,10.45,0,0,6,28,11
7584,2010,1,2010-12-15,SE,SABADELL,Valles Occidental,3,0,1,0,2,0,1,0,0,0,1,0,0,100.0,0.0,0,-1,No n'hi ha,-1.0,3,3,1,0,0,0,0,0,0,0,0,0,0,0,4,-1,1,Encalç,-1,2,2,5,-1,2,1,11.47,0,2,2,15,12
7585,2010,1,2010-11-23,SE,SABADELL,Valles Occidental,3,0,1,0,2,0,0,0,1,1,0,0,0,100.0,0.0,0,-1,No n'hi ha,-1.0,3,3,1,0,0,0,0,0,0,0,0,0,0,0,4,-1,-1,Envestida (frontal lateral),-1,2,2,5,-1,2,1,19.16,1,2,1,23,11
7586,2010,0,2010-08-01,B-124,SANT LLORENC SAVALL,Valles Occidental,3,0,1,1,3,0,2,0,0,1,0,0,0,100.0,0.0,0,0,No n'hi ha,-1.0,3,3,1,0,0,0,0,0,0,0,0,0,0,0,4,-1,1,Encalç,-1,1,2,4,2,2,0,10.45,0,2,6,1,8
7587,2010,1,2010-10-02,SE,TARRAGONA,Tarragones,0,0,1,0,2,0,0,0,1,1,0,0,0,20.0,,0,2,No n'hi ha,-1.0,3,3,1,-1,0,0,0,-1,0,0,0,0,-1,1,4,5,-1,Envestida (frontal lateral),0,2,2,5,-1,2,0,12.3,0,2,5,2,10
7588,2010,0,2010-02-24,N-141e,BESCANO,Girones,1,0,1,0,2,1,0,0,0,1,0,0,0,100.0,0.0,0,-1,No n'hi ha,-1.0,3,3,1,0,0,0,0,0,0,0,0,0,0,0,4,-1,-1,Atropellament,-1,1,2,4,-1,2,1,21.2,1,3,2,24,2
7589,2010,1,2010-07-01,SE,BARCELONA,Barcelones,3,0,1,1,2,0,0,0,2,0,0,0,0,100.0,0.0,0,-1,No n'hi ha,-1.0,3,3,1,0,0,0,0,0,0,0,0,0,0,1,4,3,0,Envestida (frontal lateral),2,2,2,5,-1,2,1,9.35,0,2,3,1,7
7590,2010,0,2010-03-10,AP-7,SANT CUGAT DEL VALLES,Valles Occidental,3,0,1,0,2,0,0,0,1,1,0,0,0,120.0,0.0,0,2,No n'hi ha,-1.0,3,3,1,0,0,0,0,0,0,0,0,0,0,0,4,-1,1,Fregament o col·lisió lateral,-1,1,2,4,1,2,1,17.38,1,2,2,10,3
7591,2010,1,2010-09-11,SE,CORNELLA DE LLOBREGAT,Baix Llobregat,3,0,1,0,2,1,0,0,0,1,0,0,0,30.0,0.0,0,-1,No n'hi ha,-1.0,3,3,1,0,0,0,0,0,0,0,0,0,0,0,4,-1,1,Atropellament,-1,2,2,5,-1,2,0,19.05,1,3,5,11,9
7592,2010,1,2010-05-24,SE,MANRESA,Bages,3,0,1,2,2,0,0,1,0,1,0,0,0,100.0,0.0,0,2,No n'hi ha,-1.0,3,3,1,0,0,0,0,0,0,0,0,0,0,1,4,5,1,Envestida (frontal lateral),2,2,2,5,-1,2,1,19.5,1,2,0,24,5
7593,2010,0,2010-11-12,C-58,SABADELL,Valles Occidental,3,0,1,1,2,0,0,0,1,1,0,0,0,120.0,0.0,0,-1,No n'hi ha,-1.0,3,3,1,-1,0,0,0,-1,0,0,0,0,0,0,3,-1,1,Encalç,-1,1,2,2,2,2,0,18.39,1,2,4,12,11
7594,2010,0,2010-11-11,N-340,"PERELLO, EL",Baix Ebre,0,1,0,0,2,1,0,0,0,0,1,0,0,100.0,0.0,0,2,No n'hi ha,-1.0,3,3,0,0,0,0,0,0,0,0,0,0,0,0,4,-1,1,Atropellament,-1,1,2,4,1,2,1,11.48,0,3,3,11,11
7595,2010,1,2010-03-19,SE,BARCELONA,Barcelones,3,1,0,0,1,0,0,0,1,0,0,0,0,100.0,0.0,0,-1,No n'hi ha,-1.0,3,3,0,0,0,0,0,0,0,0,0,0,0,0,4,-1,1,Caiguda en la via,-1,2,2,5,-1,2,1,8.26,0,0,4,19,3
7596,2010,0,2010-04-02,AP-7,PARETS DEL VALLES,Valles Oriental,3,0,1,0,1,0,0,0,1,0,0,0,0,100.0,0.0,0,2,No n'hi ha,-1.0,3,3,1,0,0,0,0,0,0,0,0,0,0,0,4,-1,1,Xoc contra objecte/obstacle sense sortida prèvia de via,-1,1,2,4,1,2,0,15.15,1,4,4,2,4
7597,2010,1,2010-09-13,SE,SANT HILARI SACALM,Selva,1,0,1,0,2,1,0,0,0,0,1,0,0,100.0,0.0,0,2,No n'hi ha,-1.0,3,3,1,0,0,0,0,0,0,0,0,0,0,2,4,5,1,Atropellament,2,2,2,5,-1,2,1,8.4,0,3,0,13,9
7598,2010,1,2010-07-09,SE,TARRAGONA,Tarragones,0,0,1,0,2,1,0,0,0,1,0,0,0,100.0,0.0,0,2,No n'hi ha,-1.0,3,3,1,0,0,0,0,0,0,0,0,0,1,1,4,4,0,Atropellament,1,2,2,5,-1,2,0,15.15,1,3,4,9,7
7599,2010,1,2010-04-12,SE,BARCELONA,Barcelones,3,0,1,0,2,1,0,0,0,1,0,0,0,100.0,0.0,0,-1,No n'hi ha,-1.0,1,3,1,0,0,0,0,0,0,0,0,0,1,1,4,3,1,Atropellament,2,2,0,5,-1,2,1,16.15,1,3,0,12,4
7600,2010,0,2010-02-13,C-13,LLAVORSI,Pallars Sobira,2,0,2,0,1,0,0,0,0,1,0,0,0,100.0,0.0,0,0,No n'hi ha,-1.0,3,3,1,0,0,0,0,0,0,0,0,0,0,0,4,-1,1,Resta sortides de via,-1,1,2,4,2,2,0,17.15,1,1,5,13,2
7601,2010,1,2010-09-15,SE,CORNELLA DE LLOBREGAT,Baix Llobregat,3,0,1,0,2,0,0,0,1,1,0,0,0,20.0,0.0,0,-1,No n'hi ha,-1.0,3,3,1,-1,0,0,0,-1,0,0,0,0,0,0,4,-1,1,Fregament o col·lisió lateral,-1,2,2,5,-1,2,1,15.0,1,2,2,15,9
7602,2010,0,2010-08-03,AP-7,LLINARS DEL VALLES,Valles Oriental,3,0,2,0,1,0,0,0,0,1,0,0,0,100.0,0.0,0,3,No n'hi ha,-1.0,3,3,1,0,0,0,0,0,0,0,0,0,0,0,4,-1,1,Xoc contra objecte/obstacle sense sortida prèvia de via,-1,1,2,4,1,2,1,7.41,0,4,1,3,8
7603,2010,0,2010-09-13,C-16,BARCELONA,Barcelones,3,0,1,0,2,0,0,0,1,1,0,0,0,80.0,0.0,0,0,Carril reversible,-1.0,3,3,1,0,0,0,0,0,0,0,0,0,0,0,5,-1,1,Fregament o col·lisió lateral,-1,1,2,4,2,2,1,9.02,0,2,0,13,9
7604,2010,1,2010-11-16,SE,MATARO,Maresme,3,0,1,1,3,2,0,0,0,1,0,0,0,20.0,0.0,0,2,No n'hi ha,-1.0,3,3,1,-1,0,0,0,-1,0,0,0,0,0,0,4,-1,1,Atropellament,-1,2,2,5,-1,2,1,15.3,1,3,1,16,11
7605,2010,1,2010-04-02,SE,"TORRE DE CLARAMUNT,LA",Anoia,3,0,1,1,2,0,0,0,1,1,0,0,0,20.0,,0,2,No n'hi ha,-1.0,3,3,1,-1,0,0,0,-1,0,0,0,0,0,0,4,-1,1,Col·lisió frontal,-1,2,2,5,-1,2,1,13.0,0,2,4,2,4
7606,2010,0,2010-09-06,LP-7041,SOSES,Segria,2,0,1,1,2,0,0,0,0,2,0,0,0,90.0,0.0,0,-1,No n'hi ha,-1.0,3,3,1,-1,0,0,0,0,0,0,0,0,0,0,4,-1,-1,Col·lisió frontal,-1,1,2,4,2,2,1,11.4,0,2,0,6,9
7607,2010,0,2010-02-09,C-58,VACARISSES,Valles Occidental,3,0,2,0,2,0,0,0,0,2,0,0,0,80.0,0.0,0,1,No n'hi ha,-1.0,3,3,1,0,0,0,0,0,0,0,0,0,0,0,2,-1,1,Envestida (frontal lateral),-1,1,2,4,2,2,1,8.07,0,2,1,9,2
7608,2010,0,2010-07-14,SE,ALP,Cerdanya,1,2,0,0,1,0,0,0,0,1,0,0,0,100.0,0.0,0,-1,No n'hi ha,-1.0,3,3,0,0,0,0,0,0,0,0,0,0,0,0,4,-1,-1,Resta sortides de via,-1,1,2,3,-1,2,1,9.0,0,1,2,14,7
7609,2010,0,2010-08-29,BP-2121,PACS DEL PENEDES,Alt Penedes,3,0,1,0,2,0,1,0,0,1,0,0,0,50.0,0.0,0,2,No n'hi ha,-1.0,3,3,1,0,0,0,0,0,0,0,0,0,0,0,4,-1,1,Encalç,-1,1,2,4,2,2,0,15.1,1,2,6,29,8
7610,2010,0,2010-09-08,GIV-6612,CALONGE,Baix Emporda,1,0,1,0,2,0,0,1,0,0,1,0,0,100.0,0.0,0,-1,No n'hi ha,-1.0,3,3,1,0,0,0,0,0,0,0,0,0,0,0,4,-1,-1,Encalç,-1,1,2,4,-1,2,1,14.3,1,2,2,8,9
7611,2010,1,2010-07-14,SE,BARCELONA,Barcelones,3,1,0,1,2,1,0,0,1,0,0,0,0,100.0,0.0,0,-1,No n'hi ha,-1.0,3,3,0,0,0,0,0,0,0,0,0,0,1,1,4,3,1,Atropellament,2,2,2,5,-1,2,1,18.05,1,3,2,14,7
7612,2010,0,2010-03-13,SE,GANDESA,Terra Alta,0,0,1,0,2,0,0,1,0,1,0,0,0,100.0,0.0,0,2,No n'hi ha,-1.0,3,3,1,0,0,0,0,0,0,0,0,0,0,0,4,-1,1,Col·lisió frontal,-1,1,2,3,0,2,0,17.15,1,2,5,13,3
7613,2010,0,2010-02-19,B-432,OLOST,Osona,3,0,1,1,3,2,0,0,0,1,0,0,0,50.0,0.0,0,2,No n'hi ha,0.0,3,3,1,0,0,0,0,0,0,0,0,0,0,2,5,4,1,Atropellament,1,1,2,4,3,2,0,20.0,1,3,4,19,2
7614,2010,0,2010-08-07,N-141d,AVIA,Bergueda,3,0,1,0,2,0,0,0,1,1,0,0,0,90.0,0.0,0,2,No n'hi ha,-1.0,3,3,1,-1,0,0,0,-1,0,0,0,0,0,0,4,-1,1,Caiguda en la via,-1,1,2,4,2,2,0,15.3,1,0,5,7,8
7615,2010,0,2010-11-24,T-324,BENISSANET,Ribera d'Ebre,0,0,1,1,1,0,0,0,0,1,0,0,0,80.0,0.0,0,0,No n'hi ha,-1.0,3,3,1,0,0,0,0,0,0,0,0,0,0,0,3,-1,1,Xoc contra objecte/obstacle sense sortida prèvia de via,-1,1,2,4,3,2,1,4.15,2,4,2,24,11
7616,2010,0,2010-06-08,BV-5108,CANOVES I SAMALUS,Valles Oriental,3,0,1,0,1,0,0,0,0,1,0,0,0,100.0,0.0,0,2,No n'hi ha,-1.0,3,3,1,0,0,0,0,0,0,0,0,0,0,0,1,-1,1,Resta sortides de via,-1,1,2,4,3,2,1,8.43,0,1,1,8,6
7617,2010,0,2010-11-22,SE,LLEIDA,Segria,2,0,1,0,2,0,0,1,0,1,0,0,0,40.0,0.0,0,2,No n'hi ha,-1.0,3,3,1,0,0,0,0,0,0,0,0,0,0,1,4,4,0,Fregament o col·lisió lateral,0,1,2,3,1,1,1,14.38,1,2,0,22,11
7618,2010,1,2010-07-08,SE,LLEIDA,Segria,2,0,1,0,3,0,0,1,0,2,0,0,0,100.0,0.0,0,-1,No n'hi ha,-1.0,3,3,1,0,0,0,0,0,0,0,0,0,0,0,4,-1,-1,Envestida (frontal lateral),-1,2,2,5,-1,2,1,7.45,0,2,3,8,7
7619,2010,0,2010-08-18,C-51,"BISBAL DEL PENEDES, LA",Baix Penedes,0,1,0,0,1,0,0,0,1,0,0,0,0,100.0,0.0,0,2,No n'hi ha,-1.0,3,3,0,0,0,0,0,0,0,0,0,0,0,0,4,-1,1,Caiguda en la via,-1,1,2,4,2,2,1,9.45,0,0,2,18,8
7620,2010,1,2010-07-02,SE,BARCELONA,Barcelones,3,0,1,0,2,0,0,1,0,1,0,0,0,100.0,0.0,0,-1,No n'hi ha,-1.0,3,3,1,0,0,0,0,0,0,0,0,0,0,1,4,3,0,Envestida (frontal lateral),2,2,2,5,-1,2,1,9.5,0,2,4,2,7
7621,2010,1,2010-01-20,SE,TARRAGONA,Tarragones,0,0,1,0,2,1,0,0,0,1,0,0,0,100.0,0.0,0,2,No n'hi ha,-1.0,3,3,1,0,0,0,0,0,0,0,0,0,0,0,4,-1,1,Atropellament,-1,2,2,5,-1,2,1,12.0,0,3,2,20,1
7622,2010,1,2010-09-02,SE,BARCELONA,Barcelones,3,0,1,0,3,0,0,0,1,1,1,0,0,100.0,0.0,0,-1,Carril bus,-1.0,3,3,1,0,0,0,0,0,0,0,0,0,0,0,4,-1,1,Fregament o col·lisió lateral,-1,2,2,5,-1,2,1,11.57,0,2,3,2,9
7623,2010,1,2010-11-08,SE,MANRESA,Bages,3,0,1,0,2,1,1,0,0,0,0,0,0,100.0,0.0,0,3,No n'hi ha,-1.0,3,3,1,0,0,0,0,0,0,0,0,0,0,0,4,-1,1,Atropellament,-1,2,2,5,-1,2,1,13.05,0,3,0,8,11
7624,2010,0,2010-11-20,SE,"TORRE DE L'ESPANYOL, LA",Ribera d'Ebre,0,0,1,0,2,0,0,0,1,1,0,0,0,100.0,0.0,0,1,No n'hi ha,-1.0,3,3,1,0,1,0,0,0,0,0,0,0,0,0,4,-1,1,Col·lisió frontal,-1,1,0,3,4,2,0,13.3,0,2,5,20,11
7625,2010,0,2010-08-17,N-340,AMPOSTA,Montsia,0,1,3,0,2,0,0,0,0,2,0,0,0,100.0,0.0,0,2,Carril acceleració,-1.0,3,3,0,0,0,0,0,0,0,0,0,0,0,0,4,-1,1,Col·lisió frontal,-1,1,2,4,1,2,1,12.15,0,2,1,17,8
7626,2010,0,2010-11-06,N-II,"MASNOU, EL",Maresme,3,0,1,0,2,0,0,0,1,1,0,0,0,60.0,0.0,0,2,No n'hi ha,-1.0,3,3,1,0,0,0,0,0,0,0,0,0,0,0,4,-1,1,Col·lisió frontal,-1,1,2,4,1,2,0,7.14,0,2,5,6,11
7627,2010,1,2010-06-11,SE,BARCELONA,Barcelones,3,0,1,2,3,2,0,0,1,0,0,0,0,100.0,0.0,0,-1,No n'hi ha,-1.0,3,3,1,0,0,0,0,0,0,0,0,0,0,1,1,3,0,Atropellament,1,2,2,5,-1,2,0,20.5,1,3,4,11,6
7628,2010,1,2010-03-30,SE,TARRAGONA,Tarragones,0,0,1,0,2,1,0,0,0,1,0,0,0,100.0,0.0,0,2,No n'hi ha,-1.0,3,1,1,0,0,0,0,0,0,0,0,0,0,2,5,2,1,Atropellament,0,0,2,5,-1,2,1,7.15,0,3,1,30,3