,Year,Area,Date,Road,Municipality Name,County Name,Province Name,Fatalties,Serious Injuries,Light Injuries,Units Involved,Pedestrains Involved,Bicycles Involved,Mopeds Involved,Motorcycles,Light Vehicles Involved,Heavy Vehicles Involved,Other Units Involved,Unspecified Units Involved,Road Speed Limit,Accident with Hit and Run,Fog Presence,Surrounding Environment,Special Lane Presence,Special Traffic Measures,Weather Conditions,Special Road Functions,Severity of Accident,Influence of Fog,Influence of Environment,Influence of Traffic,Influence of Weather,Influence of Wind Intensity,Influence of Lighting,Influence of Special Measures,Influence of Road Objects,Influence of Road Surface,Influence of Visibility,Intersection Characteristics,Lighting Conditions,Traffic Regulation and Priority,Direction of Road,Subtype of Accident,Subtype of Road Section,Subzone within Area,Road Surface Conditions,Type of Road,Road Ownership,Wind Conditions,Day of the Week Grouping,Hour of Day,Time of Day Grouping,Type of Accident,Day Type,Day,Month
7629,2010,1,2010-07-31,SE,BARCELONA,Barcelones,3,0,1,1,2,0,0,0,1,1,0,0,0,100.0,0.0,0,-1,No n'hi ha,-1.0,3,3,1,0,0,0,0,0,0,0,0,0,0,1,4,3,0,Envestida (frontal lateral),2,2,2,5,-1,2,0,18.55,1,2,5,31,7
7630,2010,1,2010-01-14,SE,BARCELONA,Barcelones,3,0,1,1,2,1,0,1,0,0,0,0,0,100.0,0.0,0,-1,No n'hi ha,-1.0,3,3,1,0,0,0,0,0,0,0,0,0,0,1,5,3,1,Atropellament,2,2,2,5,-1,2,1,19.4,1,3,3,14,1
7631,2010,0,2010-05-10,C-12,BALAGUER,Noguera,2,0,1,0,2,0,0,0,1,1,0,0,0,100.0,0.0,0,2,Carril central,-1.0,3,3,1,0,0,0,0,0,0,0,0,0,0,1,4,4,1,Envestida (frontal lateral),3,1,2,4,2,2,1,17.0,1,2,0,10,5
7632,2010,1,2010-09-21,SE,BARCELONA,Barcelones,3,0,1,0,2,1,0,0,1,0,0,0,0,100.0,0.0,0,-1,No n'hi ha,-1.0,1,3,1,0,0,1,0,0,0,0,0,0,1,0,4,-1,1,Atropellament,-1,2,0,5,-1,2,1,9.15,0,3,1,21,9
7633,2010,1,2010-04-01,SE,BARCELONA,Barcelones,3,0,1,0,2,0,0,0,1,1,0,0,0,100.0,0.0,0,-1,No n'hi ha,-1.0,3,3,1,0,0,1,0,0,0,0,0,0,0,1,4,3,0,Fregament o col·lisió lateral,2,2,2,5,-1,2,1,13.5,0,2,3,1,4
7634,2010,1,2010-02-19,SE,SABADELL,Valles Occidental,3,0,1,0,2,1,0,0,0,1,0,0,0,100.0,0.0,0,2,No n'hi ha,-1.0,1,1,1,0,0,0,1,0,0,0,0,0,0,2,5,3,1,Atropellament,2,0,1,5,-1,2,1,7.08,0,3,4,19,2
7635,2010,1,2010-09-03,SE,BARCELONA,Barcelones,3,0,1,0,3,0,0,0,1,2,0,0,0,100.0,0.0,0,-1,No n'hi ha,-1.0,3,3,1,0,0,1,0,0,0,0,0,0,0,1,5,3,1,Encalç,2,2,2,5,-1,2,0,21.5,1,2,4,3,9
7636,2010,1,2010-01-20,SE,SANT BOI DE LLOBREGAT,Baix Llobregat,3,0,1,0,2,1,0,0,0,1,0,0,0,100.0,0.0,0,-1,No n'hi ha,-1.0,3,3,1,0,0,0,0,0,0,0,0,0,0,0,4,-1,-1,Atropellament,-1,2,2,5,-1,2,1,12.15,0,3,2,20,1
7637,2010,0,2010-03-12,C-31,CASTELL-PLATJA D'ARO,Baix Emporda,1,1,1,2,2,0,0,0,0,2,0,0,0,40.0,0.0,0,1,No n'hi ha,0.0,3,2,0,0,0,0,0,0,0,0,0,0,0,0,4,-1,1,Fregament o col·lisió lateral,-1,1,2,4,2,2,1,13.35,0,2,4,12,3
7638,2010,1,2010-08-04,SE,BADALONA,Barcelones,3,0,1,0,2,0,0,1,0,1,0,0,0,100.0,0.0,0,-1,No n'hi ha,-1.0,3,3,1,0,0,0,0,0,0,0,0,0,0,1,4,4,1,Envestida (frontal lateral),2,2,2,5,-1,2,1,7.31,0,2,2,4,8
7639,2010,1,2010-05-31,SE,PALAFRUGELL,Baix Emporda,1,0,1,0,2,0,0,1,0,1,0,0,0,20.0,0.0,0,-1,No n'hi ha,-1.0,3,3,1,-1,-1,0,0,-1,0,0,0,0,0,1,5,4,-1,Envestida (frontal lateral),0,2,2,5,-1,2,1,22.0,2,2,0,31,5
7640,2010,0,2010-09-24,C-17,"LLAGOSTA, LA",Valles Oriental,3,0,2,0,3,0,0,0,2,1,0,0,0,100.0,0.0,0,1,No n'hi ha,-1.0,3,3,1,0,0,0,0,0,0,0,0,0,1,0,3,-1,0,Col·lisió frontal,-1,1,2,4,2,2,1,4.27,2,2,4,24,9
7641,2010,0,2010-01-24,LV-9225,ALBESA,Noguera,2,2,1,0,1,0,0,0,0,1,0,0,0,100.0,0.0,0,1,No n'hi ha,-1.0,3,3,0,0,0,0,0,0,0,0,0,0,0,0,4,-1,1,Caiguda en la via,-1,1,2,4,3,2,0,9.11,0,0,6,24,1
7642,2010,1,2010-07-26,SE,BARCELONA,Barcelones,3,0,1,0,2,0,0,0,1,1,0,0,0,30.0,0.0,0,-1,No n'hi ha,-1.0,3,3,1,0,0,0,0,0,0,0,0,0,0,1,4,2,0,Envestida (frontal lateral),2,2,2,5,-1,2,1,9.4,0,2,0,26,7
7643,2010,0,2010-05-01,C-17,RIPOLL,Ripolles,1,1,0,1,2,0,0,0,0,2,0,0,0,100.0,0.0,0,3,No n'hi ha,-1.0,2,0,0,0,0,0,0,0,0,0,0,0,0,0,2,-1,1,Fregament o col·lisió lateral,-1,1,0,4,2,2,0,19.1,1,2,5,1,5
7644,2010,1,2010-10-05,SE,BADALONA,Barcelones,3,1,1,0,1,0,0,1,0,0,0,0,0,100.0,0.0,0,-1,No n'hi ha,-1.0,3,3,0,0,0,0,0,0,0,0,0,0,0,0,5,-1,1,Xoc contra objecte/obstacle sense sortida prèvia de via,-1,2,2,5,-1,2,1,19.5,1,4,1,5,10
7645,2010,0,2010-02-14,N-II,LLEIDA,Segria,2,1,0,0,3,1,0,0,0,2,0,0,0,70.0,0.0,0,2,No n'hi ha,-1.0,3,3,0,0,0,0,0,0,0,0,0,0,0,1,0,5,1,Atropellament,2,1,2,4,1,2,0,1.39,2,3,6,14,2
7646,2010,0,2010-09-29,N-II,VILADEMULS,Pla de l'Estany,1,1,1,1,2,0,0,0,0,1,1,0,0,60.0,0.0,0,1,No n'hi ha,-1.0,3,3,0,0,0,0,0,0,0,0,0,0,0,0,4,-1,1,Envestida (frontal lateral),-1,1,2,4,1,2,1,14.35,1,2,2,29,9
7647,2010,0,2010-07-13,N-260,FONTANALS DE CERDANYA,Cerdanya,1,0,1,1,3,0,0,0,3,0,0,0,0,60.0,0.0,0,0,No n'hi ha,-1.0,3,3,1,0,0,0,0,0,0,0,0,0,0,0,4,-1,1,Col·lisió frontal,-1,1,2,4,1,2,1,17.12,1,2,1,13,7
7648,2010,1,2010-07-16,SE,TERRASSA,Valles Occidental,3,0,1,0,2,1,0,0,0,1,0,0,0,100.0,0.0,0,-1,No n'hi ha,-1.0,3,3,1,0,0,0,0,0,0,0,0,0,0,0,4,-1,-1,Atropellament,-1,2,2,5,-1,2,1,11.05,0,3,4,16,7
7649,2010,1,2010-10-18,SE,REUS,Baix Camp,0,1,0,0,2,1,0,0,0,0,1,0,0,100.0,0.0,0,-1,No n'hi ha,-1.0,3,3,0,0,0,0,0,0,0,0,0,0,0,0,0,-1,-1,Atropellament,-1,2,2,5,-1,2,1,21.03,1,3,0,18,10
7650,2010,1,2010-10-02,SE,SABADELL,Valles Occidental,3,0,1,0,1,0,0,0,0,1,0,0,0,100.0,0.0,0,0,No n'hi ha,-1.0,3,3,1,0,0,0,0,0,0,0,0,0,0,2,5,4,1,Xoc contra objecte/obstacle sense sortida prèvia de via,1,2,2,5,-1,2,0,3.33,2,4,5,2,10
7651,2010,0,2010-09-21,C-16,GUARDIOLA DE BERGUEDA,Bergueda,3,0,1,0,1,0,0,0,0,1,0,0,0,100.0,0.0,0,1,No n'hi ha,-1.0,1,3,1,0,0,0,0,0,0,0,0,0,0,0,4,-1,1,Altres,-1,1,0,4,2,2,1,10.03,0,5,1,21,9
7652,2010,1,2010-07-25,SE,ALCANAR,Montsia,0,2,0,0,1,0,0,0,0,1,0,0,0,40.0,0.0,0,2,No n'hi ha,-1.0,3,1,0,0,0,0,0,0,0,0,0,0,0,0,4,-1,1,Xoc contra objecte/obstacle sense sortida prèvia de via,-1,0,2,3,0,2,0,19.45,1,4,6,25,7
7653,2010,0,2010-12-07,N-420,MORA D'EBRE,Ribera d'Ebre,0,0,2,1,3,0,0,0,0,3,0,0,0,100.0,0.0,0,2,No n'hi ha,-1.0,3,3,1,0,0,0,0,0,1,0,0,0,0,0,3,-1,1,Encalç,-1,1,2,4,1,2,1,18.55,1,2,1,7,12
7654,2010,1,2010-03-21,SE,BADALONA,Barcelones,3,1,0,0,1,0,1,0,0,0,0,0,0,100.0,0.0,0,-1,No n'hi ha,-1.0,3,3,0,0,0,0,0,0,0,0,0,0,0,1,4,5,1,Xoc contra objecte/obstacle sense sortida prèvia de via,3,2,2,5,-1,2,0,10.35,0,4,6,21,3
7655,2010,0,2010-02-09,C-12,GARCIA,Ribera d'Ebre,0,0,1,2,2,0,0,0,0,2,0,0,0,100.0,0.0,0,2,No n'hi ha,-1.0,3,3,1,0,0,0,0,0,0,0,0,0,0,0,4,-1,1,Col·lisió frontal,-1,1,2,4,2,2,1,11.3,0,2,1,9,2
7656,2010,0,2010-12-06,A-2,ESPARREGUERA,Baix Llobregat,3,0,1,0,2,0,0,0,0,2,0,0,0,100.0,0.0,0,3,Carril d'alentiment,-1.0,3,3,1,0,0,0,0,0,0,0,0,0,0,1,4,4,1,Envestida (frontal lateral),3,1,2,4,1,2,1,13.0,0,2,0,6,12
7657,2010,0,2010-06-05,C-16,RUBI,Valles Occidental,3,0,1,0,2,0,0,0,0,1,1,0,0,120.0,0.0,0,2,No n'hi ha,-1.0,3,3,1,-1,0,0,0,-1,0,0,0,0,-1,0,4,-1,1,Xoc contra objecte/obstacle sense sortida prèvia de via,-1,1,2,2,2,2,0,11.25,0,4,5,5,6
7658,2010,1,2010-08-26,SE,HOSPITALET DE LLOBREGAT,Barcelones,3,0,1,0,2,0,0,0,0,2,0,0,0,20.0,0.0,0,2,No n'hi ha,-1.0,3,3,1,-1,0,0,0,-1,0,0,0,0,0,1,4,4,0,Envestida (frontal lateral),0,2,2,5,-1,2,1,11.1,0,2,3,26,8
7659,2010,0,2010-07-08,C-26,BERGA,Bergueda,3,1,1,0,1,0,0,0,0,1,0,0,0,50.0,0.0,0,1,No n'hi ha,-1.0,3,3,0,0,0,0,0,0,0,0,0,0,0,0,4,-1,1,Resta sortides de via,-1,1,2,4,2,2,1,14.38,1,1,3,8,7
7660,2010,0,2010-12-10,SE,TORRES DE SEGRE,Segria,2,0,1,1,2,1,0,1,0,0,0,0,0,100.0,0.0,0,3,No n'hi ha,-1.0,3,3,1,0,0,0,0,0,1,0,0,0,0,0,1,-1,1,Atropellament,-1,1,2,3,0,2,0,17.0,1,3,4,10,12
7661,2010,1,2010-11-22,SE,MATARO,Maresme,3,0,1,1,3,2,0,0,1,0,0,0,0,20.0,0.0,0,0,No n'hi ha,-1.0,3,3,1,-1,0,0,0,-1,0,0,0,0,-1,0,5,-1,1,Atropellament,-1,2,2,5,-1,2,1,21.45,1,3,0,22,11
7662,2010,1,2010-07-27,SE,VIC,Osona,3,0,1,0,2,1,0,0,0,1,0,0,0,100.0,0.0,0,2,No n'hi ha,-1.0,3,3,1,0,0,0,0,0,0,0,0,0,0,0,4,-1,0,Atropellament,-1,2,2,5,-1,2,1,20.0,1,3,1,27,7
7663,2010,1,2010-02-17,SE,ALCANAR,Montsia,0,0,1,0,2,0,0,0,1,1,0,0,0,100.0,0.0,0,2,No n'hi ha,-1.0,3,3,1,0,0,0,0,0,0,0,0,0,0,1,4,4,0,Envestida (frontal lateral),2,2,2,5,-1,2,1,16.3,1,2,2,17,2
7664,2010,1,2010-07-28,SE,IGUALADA,Anoia,3,0,1,1,2,1,0,1,0,0,0,0,0,50.0,0.0,0,2,No n'hi ha,-1.0,3,3,1,-1,0,0,0,-1,0,0,0,0,-1,1,1,2,1,Atropellament,2,2,2,5,-1,2,1,21.13,1,3,2,28,7
7665,2010,1,2010-12-30,SE,VIC,Osona,3,0,1,0,2,1,0,0,0,1,0,0,0,20.0,0.0,0,2,No n'hi ha,-1.0,3,3,1,0,0,0,0,0,0,0,0,0,0,2,4,-1,0,Atropellament,2,2,1,5,-1,2,1,11.45,0,3,3,30,12
7666,2010,0,2010-09-04,SE,ALFARRAS,Segria,2,0,2,1,1,0,0,0,0,1,0,0,0,100.0,0.0,0,3,No n'hi ha,-1.0,3,3,1,0,0,0,0,0,0,0,0,0,0,0,4,-1,1,Resta sortides de via,-1,1,2,3,4,2,0,9.35,0,1,5,4,9
7667,2010,0,2010-03-17,B-10,HOSPITALET DE LLOBREGAT,Barcelones,3,0,1,0,2,0,0,0,1,1,0,0,0,80.0,0.0,0,3,No n'hi ha,-1.0,3,3,1,0,0,0,0,0,1,0,0,0,0,0,4,-1,1,Encalç,-1,1,2,4,1,2,1,19.12,1,2,2,17,3
7668,2010,0,2010-04-29,N-230,"PONT DE SUERT, EL",Alta Ribagorca,2,0,1,0,1,0,0,0,0,0,1,0,0,40.0,0.0,0,-1,No n'hi ha,-1.0,1,3,1,-1,0,0,1,-1,0,0,0,0,0,0,2,-1,1,Xoc contra objecte/obstacle sense sortida prèvia de via,-1,1,0,1,1,2,1,7.19,0,4,3,29,4
7669,2010,0,2010-07-15,C-32,CORNELLA DE LLOBREGAT,Baix Llobregat,3,0,1,1,3,0,0,0,1,2,0,0,0,80.0,0.0,0,3,No n'hi ha,-1.0,3,0,1,0,0,1,0,0,0,0,0,0,0,0,4,-1,1,Encalç,-1,1,2,4,2,2,1,15.15,1,2,3,15,7
7670,2010,0,2010-02-05,C-15B,SANT PERE DE RIBES,Garraf,3,0,1,0,2,0,1,0,0,1,0,0,0,40.0,0.0,0,2,No n'hi ha,-1.0,3,3,1,0,0,0,0,0,0,0,0,0,0,1,5,4,0,Fregament o col·lisió lateral,0,1,2,4,3,2,0,19.3,1,2,4,5,2
7671,2010,1,2010-11-29,SE,BARCELONA,Barcelones,3,0,1,0,2,0,1,0,0,1,0,0,0,30.0,0.0,0,-1,No n'hi ha,-1.0,1,3,1,0,0,0,0,0,0,0,0,0,0,1,5,2,1,Envestida (frontal lateral),2,2,0,5,-1,2,1,18.4,1,2,0,29,11
7672,2010,0,2010-08-22,C-31,SITGES,Garraf,3,0,1,2,2,0,0,0,0,2,0,0,0,100.0,0.0,0,1,No n'hi ha,-1.0,3,3,1,0,0,0,0,0,0,0,0,0,0,0,4,-1,1,Col·lisió frontal,-1,1,2,4,2,2,0,20.0,1,2,6,22,8
7673,2010,0,2010-11-10,C-26,ALGERRI,Noguera,2,0,1,0,2,0,0,0,0,1,1,0,0,100.0,0.0,0,2,No n'hi ha,-1.0,3,3,1,0,0,0,0,0,0,0,0,0,0,0,3,-1,1,Col·lisió frontal,-1,1,2,4,2,2,1,4.36,2,2,2,10,11
7674,2010,1,2010-02-27,SE,HOSPITALET DE LLOBREGAT,Barcelones,3,0,1,1,2,0,0,0,0,1,1,0,0,20.0,0.0,0,-1,No n'hi ha,-1.0,3,3,1,-1,0,0,0,-1,0,0,0,0,-1,1,5,4,0,Xoc contra objecte/obstacle sense sortida prèvia de via,0,2,2,5,-1,2,0,23.5,2,4,5,27,2
7675,2010,1,2010-11-24,SE,GRANOLLERS,Valles Oriental,3,0,1,0,2,1,0,0,0,1,0,0,0,100.0,0.0,0,2,No n'hi ha,-1.0,3,3,1,0,0,0,0,0,0,0,0,0,0,1,4,3,1,Atropellament,2,2,2,5,-1,2,1,11.25,0,3,2,24,11
7676,2010,1,2010-03-18,N-340,CAMBRILS,Baix Camp,0,0,1,0,2,0,0,0,1,0,1,0,0,50.0,0.0,0,2,No n'hi ha,-1.0,3,1,1,0,0,0,0,0,0,0,0,0,0,0,0,-1,1,Fregament o col·lisió lateral,-1,0,2,4,1,2,1,21.45,1,2,3,18,3
7677,2010,1,2010-09-19,SE,LLEIDA,Segria,2,0,1,0,1,0,0,1,0,0,0,0,0,100.0,0.0,0,-1,No n'hi ha,-1.0,3,3,1,0,0,0,0,0,0,0,0,0,0,0,4,-1,-1,Resta sortides de via,-1,2,2,5,-1,2,0,10.5,0,1,6,19,9
7678,2010,1,2010-08-04,SE,BARCELONA,Barcelones,3,0,1,0,2,0,1,0,0,1,0,0,0,100.0,0.0,0,-1,No n'hi ha,-1.0,3,3,1,0,0,0,0,0,0,0,0,0,0,1,1,3,0,Envestida (frontal lateral),2,2,2,5,-1,2,1,20.5,1,2,2,4,8
7679,2010,0,2010-07-07,SE,"BORGES BLANQUES, LES",Garrigues,2,0,1,5,2,1,0,0,0,1,0,0,0,80.0,0.0,0,1,No n'hi ha,0.0,3,3,1,0,0,0,0,0,0,0,0,0,0,0,4,-1,0,Altres,-1,1,2,3,4,2,1,11.15,0,5,2,7,7
7680,2010,0,2010-11-12,C-12,FLIX,Ribera d'Ebre,0,2,0,1,5,0,0,0,0,4,1,0,0,100.0,0.0,0,-1,No n'hi ha,-1.0,3,3,0,0,0,0,0,0,0,0,0,0,0,0,4,-1,-1,Col·lisió frontal,-1,1,2,4,-1,2,0,15.18,1,2,4,12,11
7681,2010,1,2010-04-06,SE,"ESPLUGA DE FRANCOLI, L'",Conca de Barbera,0,0,1,0,2,0,0,1,0,0,1,0,0,50.0,0.0,0,1,No n'hi ha,-1.0,3,1,1,0,0,0,0,0,0,0,0,0,0,0,4,-1,1,Envestida (frontal lateral),-1,0,2,5,-1,2,1,12.0,0,2,1,6,4
7682,2010,1,2010-03-13,SE,BARCELONA,Barcelones,3,0,1,0,2,0,0,0,1,1,0,0,0,30.0,0.0,0,-1,No n'hi ha,-1.0,3,3,1,0,0,0,0,0,0,0,0,0,0,1,4,4,0,Envestida (frontal lateral),1,2,2,5,-1,2,0,17.15,1,2,5,13,3
7683,2010,1,2010-06-14,SE,GIRONA,Girones,1,0,1,0,2,1,0,0,0,1,0,0,0,100.0,0.0,0,2,No n'hi ha,-1.0,3,3,1,0,0,0,0,0,0,0,0,0,0,1,4,5,0,Atropellament,2,2,2,5,-1,2,1,18.28,1,3,0,14,6
7684,2010,0,2010-04-17,B-10,SANT ADRIA DE BESOS,Barcelones,3,0,1,4,1,0,0,0,0,1,0,0,0,60.0,0.0,0,3,Carril acceleració,-1.0,3,0,1,0,0,0,0,0,0,0,0,0,0,2,1,4,1,Xoc contra objecte/obstacle sense sortida prèvia de via,3,1,2,4,0,2,0,7.05,0,4,5,17,4
7685,2010,1,2010-06-07,SE,MATARO,Maresme,3,0,1,0,2,1,0,0,0,1,0,0,0,20.0,0.0,0,-1,No n'hi ha,-1.0,3,3,1,-1,0,0,0,-1,0,0,0,0,-1,0,4,-1,0,Atropellament,-1,2,2,5,-1,2,1,16.5,1,3,0,7,6
7686,2010,1,2010-04-17,SE,PRATS DE LLUCANES,Osona,3,0,1,0,2,1,0,0,0,1,0,0,0,20.0,0.0,0,2,No n'hi ha,-1.0,3,3,1,0,0,0,0,0,0,0,0,0,0,1,4,5,1,Atropellament,1,2,2,5,-1,2,0,8.5,0,3,5,17,4
7687,2010,1,2010-02-11,SE,TORREFARRERA,Segria,2,0,1,0,1,0,0,0,0,1,0,0,0,100.0,0.0,0,2,No n'hi ha,-1.0,3,3,1,0,0,0,0,0,0,0,0,0,0,1,5,4,1,Xoc contra objecte/obstacle sense sortida prèvia de via,0,2,2,5,-1,2,1,21.54,1,4,3,11,2
7688,2010,0,2010-10-30,N-230,ALMENAR,Segria,2,0,1,0,2,0,0,0,0,2,0,0,0,100.0,0.0,0,2,No n'hi ha,0.0,3,3,1,0,0,0,1,0,1,0,0,0,0,0,3,-1,1,Col·lisió frontal,-1,1,2,4,1,2,0,6.29,0,2,5,30,10
7689,2010,0,2010-02-26,AP-7,MONTORNES DEL VALLES,Valles Oriental,3,0,1,0,2,0,0,0,1,1,0,0,0,100.0,0.0,0,2,No n'hi ha,-1.0,3,3,1,0,0,0,0,0,0,0,0,0,0,0,4,-1,1,Fregament o col·lisió lateral,-1,1,2,4,1,2,0,17.15,1,2,4,26,2
7690,2010,0,2010-02-09,CR40,TERRASSA,Valles Occidental,3,0,1,0,2,0,0,0,0,2,0,0,0,100.0,0.0,0,-1,No n'hi ha,-1.0,3,3,1,0,0,0,0,0,0,0,0,0,0,0,4,-1,-1,Envestida (frontal lateral),-1,1,2,4,-1,2,1,8.45,0,2,1,9,2
7691,2010,0,2010-12-20,SE,REUS,Baix Camp,0,0,1,0,2,1,0,0,0,1,0,0,0,100.0,0.0,0,-1,No n'hi ha,-1.0,3,3,1,0,0,0,0,0,0,0,0,0,0,0,4,-1,-1,Atropellament,-1,1,2,3,-1,2,1,11.1,0,3,0,20,12
7692,2010,0,2010-05-25,SE,RUBI,Valles Occidental,3,0,1,0,2,0,0,0,1,1,0,0,0,100.0,0.0,0,2,No n'hi ha,-1.0,3,3,1,0,0,0,0,0,0,0,0,0,0,1,4,4,1,Envestida (frontal lateral),1,1,2,3,0,2,1,13.5,0,2,1,25,5
7693,2010,1,2010-07-07,SE,BANYOLES,Pla de l'Estany,1,0,1,0,1,0,1,0,0,0,0,0,0,20.0,0.0,0,2,No n'hi ha,-1.0,3,3,1,0,0,0,0,0,0,0,0,0,0,0,4,-1,1,Xoc contra objecte/obstacle sense sortida prèvia de via,-1,2,2,5,-1,2,1,16.3,1,4,2,7,7
7694,2010,0,2010-05-11,C-60,ARGENTONA,Maresme,3,1,0,0,1,0,0,0,1,0,0,0,0,100.0,0.0,0,0,No n'hi ha,-1.0,3,3,0,0,0,0,0,0,0,0,0,0,0,0,4,-1,1,Altres,-1,1,2,4,2,2,1,13.18,0,5,1,11,5
7695,2010,1,2010-04-22,SE,TERRASSA,Valles Occidental,3,0,1,0,2,1,0,0,0,1,0,0,0,100.0,0.0,0,-1,No n'hi ha,-1.0,3,3,1,0,0,0,0,0,0,0,0,0,0,0,4,-1,-1,Atropellament,-1,2,2,5,-1,2,1,12.3,0,3,3,22,4
7696,2010,0,2010-11-20,C-51,"BISBAL DEL PENEDES, LA",Baix Penedes,0,0,1,1,2,0,0,0,0,2,0,0,0,100.0,0.0,0,3,No n'hi ha,-1.0,3,3,1,0,0,0,0,0,0,0,0,0,0,0,2,-1,1,Col·lisió frontal,-1,1,2,4,2,2,0,14.3,1,2,5,20,11
7697,2010,1,2010-11-23,SE,BARCELONA,Barcelones,3,1,0,1,4,0,0,0,3,1,0,0,0,100.0,1.0,0,-1,No n'hi ha,-1.0,3,3,0,0,0,0,0,0,0,0,0,0,0,1,4,3,1,Envestida (frontal lateral),2,2,2,5,-1,2,1,9.25,0,2,1,23,11
7698,2010,1,2010-10-06,SE,TOSSA DE MAR,Selva,1,0,1,0,1,0,0,0,1,0,0,0,0,100.0,0.0,0,2,No n'hi ha,-1.0,3,3,1,0,0,0,0,0,0,0,0,0,0,0,5,-1,0,Xoc contra objecte/obstacle sense sortida prèvia de via,-1,2,2,5,-1,2,1,21.5,1,4,2,6,10
7699,2010,1,2010-03-31,SE,TERRASSA,Valles Occidental,3,0,1,0,2,1,0,0,0,1,0,0,0,100.0,0.0,0,2,No n'hi ha,-1.0,3,3,1,0,0,0,0,0,0,0,0,0,0,1,4,4,0,Atropellament,2,2,2,5,-1,2,1,19.05,1,3,2,31,3
7700,2010,0,2010-05-16,BP-1417,SANT CUGAT DEL VALLES,Valles Occidental,3,0,1,0,1,0,0,0,1,0,0,0,0,100.0,0.0,0,2,No n'hi ha,-1.0,3,3,1,0,0,0,0,0,0,0,0,0,0,0,4,-1,1,Caiguda en la via,-1,1,2,4,3,2,0,18.5,1,0,6,16,5
7701,2010,0,2010-01-31,SE,CASTELLDEFELS,Baix Llobregat,3,0,1,0,3,0,0,0,1,2,0,0,0,100.0,0.0,0,2,No n'hi ha,-1.0,3,3,1,0,0,0,0,0,0,0,0,0,0,2,0,5,1,Envestida (frontal lateral),1,1,2,3,0,2,0,21.15,1,2,6,31,1
7702,2010,0,2010-12-31,C-58,VACARISSES,Valles Occidental,3,0,2,1,2,0,0,0,0,2,0,0,0,80.0,0.0,0,1,Carril avançament,3.0,3,3,1,0,0,0,0,0,0,0,0,0,0,0,2,-1,1,Envestida (frontal lateral),-1,1,2,4,2,2,1,12.3,0,2,4,31,12
7703,2010,1,2010-12-01,SE,BARCELONA,Barcelones,3,0,2,0,2,1,0,0,1,0,0,0,0,100.0,0.0,0,-1,No n'hi ha,-1.0,3,3,1,0,0,1,0,0,0,0,0,0,1,1,4,3,1,Atropellament,2,2,2,5,-1,2,1,8.09,0,3,2,1,12
7704,2010,0,2010-07-16,C-25,"OLUGES, LES",Segarra,2,0,6,1,4,0,0,0,0,4,0,0,0,100.0,0.0,0,2,No n'hi ha,-1.0,3,3,1,0,0,0,0,0,0,0,0,0,1,0,3,-1,1,Col·lisió frontal,-1,1,2,4,2,2,0,22.59,2,2,4,16,7
7705,2010,0,2010-02-21,C-66,CELRA,Girones,1,0,1,1,1,0,0,0,0,1,0,0,0,50.0,0.0,0,3,No n'hi ha,-1.0,3,3,1,0,0,0,0,0,0,0,0,0,0,0,4,-1,1,Xoc contra objecte/obstacle sense sortida prèvia de via,-1,1,2,4,2,2,0,16.53,1,4,6,21,2
7706,2010,1,2010-07-05,SE,CANET DE MAR,Maresme,3,0,1,0,1,0,0,1,0,0,0,0,0,20.0,0.0,0,-1,No n'hi ha,-1.0,3,3,1,-1,0,0,0,-1,0,0,0,0,-1,1,4,2,0,Xoc contra objecte/obstacle sense sortida prèvia de via,1,2,2,5,-1,2,1,19.1,1,4,0,5,7
7707,2010,1,2010-06-03,SE,LLEIDA,Segria,2,0,1,0,3,0,0,0,1,2,0,0,0,100.0,0.0,0,2,No n'hi ha,-1.0,3,3,1,0,0,0,0,0,0,0,0,0,0,0,4,-1,1,Fregament o col·lisió lateral,-1,2,2,5,-1,2,1,8.52,0,2,3,3,6
7709,2010,1,2010-11-26,SE,CORNELLA DE LLOBREGAT,Baix Llobregat,3,0,1,0,2,0,0,0,1,1,0,0,0,20.0,0.0,0,-1,No n'hi ha,-1.0,3,3,1,0,0,0,0,0,0,0,0,0,0,0,4,-1,1,Fregament o col·lisió lateral,-1,2,2,5,-1,2,0,19.0,1,2,4,26,11
7710,2010,1,2010-12-02,SE,GAVA,Baix Llobregat,3,0,1,0,2,0,0,1,0,1,0,0,0,50.0,0.0,0,-1,No n'hi ha,-1.0,3,3,1,-1,-1,0,0,-1,0,0,0,0,0,1,4,4,-1,Encalç,0,2,2,5,-1,2,1,12.25,0,2,3,2,12
7711,2010,0,2010-09-13,SE,TERRASSA,Valles Occidental,3,0,1,0,2,0,0,0,1,1,0,0,0,100.0,0.0,0,-1,No n'hi ha,-1.0,3,3,1,0,0,0,0,0,0,0,0,0,0,0,4,-1,-1,Encalç,-1,1,2,3,-1,2,1,11.25,0,2,0,13,9
7712,2010,0,2010-12-14,SE,ROQUETES,Baix Ebre,0,0,1,0,2,0,0,1,0,1,0,0,0,30.0,0.0,0,2,No n'hi ha,-1.0,3,3,1,0,0,0,0,0,0,0,0,0,0,1,4,5,1,Col·lisió frontal,1,1,2,3,0,2,1,12.2,0,2,1,14,12
7713,2010,1,2010-12-24,SE,RIPOLLET,Valles Occidental,3,0,1,0,2,1,0,0,0,1,0,0,0,100.0,0.0,0,2,No n'hi ha,-1.0,3,3,1,0,0,0,0,0,0,0,0,0,0,0,4,-1,1,Atropellament,-1,2,2,5,-1,2,1,9.5,0,3,4,24,12