,Year,Area,Date,Road,Municipality Name,County Name,Province Name,Fatalties,Serious Injuries,Light Injuries,Units Involved,Pedestrains Involved,Bicycles Involved,Mopeds Involved,Motorcycles,Light Vehicles Involved,Heavy Vehicles Involved,Other Units Involved,Unspecified Units Involved,Road Speed Limit,Accident with Hit and Run,Fog Presence,Surrounding Environment,Special Lane Presence,Special Traffic Measures,Weather Conditions,Special Road Functions,Severity of Accident,Influence of Fog,Influence of Environment,Influence of Traffic,Influence of Weather,Influence of Wind Intensity,Influence of Lighting,Influence of Special Measures,Influence of Road Objects,Influence of Road Surface,Influence of Visibility,Intersection Characteristics,Lighting Conditions,Traffic Regulation and Priority,Direction of Road,Subtype of Accident,Subtype of Road Section,Subzone within Area,Road Surface Conditions,Type of Road,Road Ownership,Wind Conditions,Day of the Week Grouping,Hour of Day,Time of Day Grouping,Type of Accident,Day Type,Day,Month
7714,2010,0,2010-03-10,T-310,MONT-ROIG DEL CAMP,Baix Camp,0,1,1,0,1,0,0,0,0,1,0,0,0,100.0,0.0,0,2,No n'hi ha,-1.0,3,2,0,0,0,0,0,0,0,0,0,0,0,0,3,-1,1,Resta sortides de via,-1,1,2,4,3,2,1,23.17,2,1,2,10,3
7715,2010,1,2010-04-20,SE,BADALONA,Barcelones,3,0,1,0,2,0,0,0,1,1,0,0,0,100.0,0.0,0,-1,No n'hi ha,-1.0,3,3,1,0,0,1,0,0,0,0,0,0,0,1,4,2,1,Encalç,1,2,2,5,-1,2,1,19.0,1,2,1,20,4
7716,2010,1,2010-05-27,SE,BARCELONA,Barcelones,3,1,0,1,2,1,0,0,1,0,0,0,0,100.0,0.0,0,-1,No n'hi ha,-1.0,3,3,0,0,0,0,0,0,0,0,0,0,1,1,4,3,0,Atropellament,2,2,2,5,-1,2,1,18.08,1,3,3,27,5
7717,2010,1,2010-07-05,SE,"VENDRELL, EL",Baix Penedes,0,0,1,0,2,0,1,0,0,1,0,0,0,40.0,0.0,0,-1,No n'hi ha,-1.0,3,3,1,-1,0,0,0,-1,0,0,0,0,0,1,4,4,0,Fregament o col·lisió lateral,0,2,2,5,-1,2,1,18.3,1,2,0,5,7
7718,2010,1,2010-04-13,SE,BARCELONA,Barcelones,3,0,1,0,2,1,0,0,0,1,0,0,0,100.0,0.0,0,-1,Carril bus,-1.0,3,3,1,0,0,1,0,0,0,0,0,0,0,1,4,3,1,Atropellament,2,2,2,5,-1,2,1,18.4,1,3,1,13,4
7719,2010,1,2010-10-07,SE,VILANOVA I LA GELTRU,Garraf,3,0,1,0,2,0,0,1,0,1,0,0,0,100.0,0.0,0,2,No n'hi ha,-1.0,3,3,1,0,0,0,0,0,0,0,0,0,0,0,4,-1,0,Col·lisió frontal,-1,2,2,5,-1,2,1,14.05,1,2,3,7,10
7720,2010,1,2010-09-09,SE,BARCELONA,Barcelones,3,0,1,0,2,0,0,0,1,1,0,0,0,100.0,0.0,0,-1,No n'hi ha,-1.0,3,3,1,0,0,0,0,0,0,0,0,0,0,0,4,-1,1,Encalç,-1,2,2,5,-1,2,1,7.15,0,2,3,9,9
7721,2010,1,2010-07-14,SE,BARCELONA,Barcelones,3,0,1,1,2,0,0,0,1,1,0,0,0,100.0,0.0,0,-1,No n'hi ha,-1.0,3,3,1,0,0,0,0,0,0,0,0,0,0,1,4,4,0,Envestida (frontal lateral),2,2,2,5,-1,2,1,13.1,0,2,2,14,7
7722,2010,1,2010-01-16,SE,BARCELONA,Barcelones,3,0,2,2,2,0,0,0,0,2,0,0,0,100.0,0.0,0,-1,No n'hi ha,-1.0,3,3,1,0,0,0,0,0,0,0,0,0,1,1,5,3,0,Envestida (frontal lateral),2,2,2,5,-1,2,0,3.45,2,2,5,16,1
7723,2010,0,2010-08-01,N-II,BASCARA,Alt Emporda,1,0,2,0,1,0,0,0,0,1,0,0,0,100.0,0.0,0,3,No n'hi ha,-1.0,3,3,1,0,0,0,0,0,0,0,0,0,0,0,1,-1,1,Resta sortides de via,-1,1,2,4,1,2,0,7.37,0,1,6,1,8
7724,2010,1,2010-10-15,SE,SANT FELIU DE GUIXOLS,Baix Emporda,1,0,1,0,2,1,0,0,0,1,0,0,0,20.0,0.0,0,2,No n'hi ha,-1.0,3,3,1,-1,0,0,0,-1,0,0,0,0,-1,0,4,-1,1,Atropellament,-1,2,2,5,-1,2,1,13.19,0,3,4,15,10
7725,2010,1,2010-07-26,SE,BARCELONA,Barcelones,3,1,0,0,1,0,0,0,1,0,0,0,0,60.0,0.0,0,-1,No n'hi ha,-1.0,3,3,0,0,0,0,0,0,0,0,0,0,0,1,5,2,0,Xoc contra objecte/obstacle sense sortida prèvia de via,3,2,2,5,-1,2,1,22.5,2,4,0,26,7
7726,2010,1,2010-05-20,SE,TARRAGONA,Tarragones,0,0,1,0,2,1,0,0,0,1,0,0,0,20.0,0.0,0,2,No n'hi ha,-1.0,3,3,1,-1,0,0,0,-1,0,0,0,0,-1,0,4,-1,1,Atropellament,-1,2,2,5,-1,2,1,17.3,1,3,3,20,5
7727,2010,0,2010-10-09,N-II,MATARO,Maresme,3,0,1,0,2,0,0,0,1,1,0,0,0,40.0,0.0,0,2,No n'hi ha,-1.0,3,3,1,0,0,0,0,0,0,0,0,0,0,1,4,5,1,Fregament o col·lisió lateral,0,1,2,4,1,2,0,12.0,0,2,5,9,10
7728,2011,1,2011-02-07,SE,CORNELLA DE LLOBREGAT,Baix Llobregat,3,0,1,0,1,0,0,0,1,0,0,0,0,20.0,0.0,0,-1,No n'hi ha,-1.0,3,3,1,0,-1,0,0,0,0,0,0,0,0,1,5,4,-1,Caiguda en la via,0,2,1,5,-1,2,1,5.4,2,0,0,7,2
7729,2011,1,2011-08-17,SE,GURB,Osona,3,0,1,0,2,0,0,0,1,1,0,0,0,20.0,0.0,0,2,No n'hi ha,-1.0,3,3,1,-1,0,0,0,-1,0,0,0,0,-1,1,4,5,1,Caiguda en la via,1,2,2,5,-1,2,1,16.38,1,0,2,17,8
7730,2011,1,2011-04-21,SE,TARADELL,Osona,3,0,1,0,2,0,0,0,1,1,0,0,0,40.0,0.0,0,2,No n'hi ha,-1.0,3,3,1,-1,0,0,0,-1,0,0,0,0,-1,1,4,4,1,Envestida (frontal lateral),1,2,2,5,-1,2,1,16.2,1,2,3,21,4
7731,2011,0,2011-08-10,N-141c,CALDERS,Moianès,3,0,1,1,1,0,0,0,1,0,0,0,0,90.0,0.0,0,2,No n'hi ha,-1.0,3,3,1,-1,0,0,0,-1,0,0,0,0,-1,0,4,-1,1,Resta sortides de via,-1,1,2,4,2,2,1,13.42,0,1,2,10,8
7732,2011,0,2011-10-08,C-31,BADALONA,Barcelones,3,0,1,2,2,1,0,0,1,0,0,0,0,80.0,0.0,0,2,No n'hi ha,-1.0,3,0,1,-1,0,0,0,-1,0,0,0,0,-1,0,4,-1,1,Atropellament,-1,1,2,2,2,2,0,10.45,0,3,5,8,10
7734,2011,0,2011-06-26,BP-1103,MARGANELL,Bages,3,0,1,0,1,0,0,0,1,0,0,0,0,90.0,0.0,0,-1,No n'hi ha,-1.0,3,3,1,-1,0,0,0,-1,0,0,0,0,0,0,4,-1,1,Resta sortides de via,-1,1,2,4,3,2,0,20.27,1,1,6,26,6
7735,2011,0,2011-07-29,BV-2127,VILAFRANCA DEL PENEDES,Alt Penedes,3,0,1,0,1,0,0,0,1,0,0,0,0,40.0,0.0,0,3,No n'hi ha,-1.0,3,3,1,-1,0,0,0,-1,0,0,0,0,-1,0,2,-1,1,Xoc contra objecte/obstacle sense sortida prèvia de via,-1,1,2,4,3,2,0,20.42,1,4,4,29,7
7736,2011,0,2011-10-12,C-31B,TARRAGONA,Tarragones,0,0,1,0,1,0,0,0,1,0,0,0,0,40.0,0.0,0,2,No n'hi ha,-1.0,3,3,1,-1,0,0,0,-1,0,0,0,0,0,1,4,4,1,Resta sortides de via,0,1,2,4,2,2,1,16.0,1,1,2,12,10
7737,2011,0,2011-09-03,C-26,SOLSONA,Solsones,2,0,1,0,1,0,0,0,0,1,0,0,0,90.0,0.0,0,1,No n'hi ha,-1.0,3,3,1,-1,0,0,0,-1,0,0,0,0,-1,0,4,-1,1,Resta sortides de via,-1,1,2,4,2,2,0,18.17,1,1,5,3,9
7738,2011,0,2011-09-26,C-26,BERGA,Bergueda,3,0,2,2,2,0,0,0,0,2,0,0,0,90.0,0.0,0,2,No n'hi ha,-1.0,3,3,1,-1,0,0,0,-1,0,0,0,0,-1,0,4,-1,1,Col·lisió frontal,-1,1,2,4,2,2,1,17.3,1,2,0,26,9
7739,2011,0,2011-09-26,B-231,HOSTALETS DE PIEROLA,Anoia,3,0,1,0,1,0,0,0,0,0,1,0,0,40.0,0.0,0,2,No n'hi ha,-1.0,3,3,1,-1,0,0,0,-1,0,0,0,0,-1,1,4,4,1,Caiguda en la via,0,1,2,4,2,2,1,16.3,1,0,0,26,9
7740,2011,0,2011-10-31,C-26,CUBELLS,Noguera,2,0,1,0,2,0,0,0,0,2,0,0,0,90.0,0.0,0,2,No n'hi ha,-1.0,3,3,1,-1,0,0,0,-1,0,0,0,0,-1,0,4,-1,1,Fregament o col·lisió lateral,-1,1,2,4,2,2,1,11.45,0,2,0,31,10
7741,2011,0,2011-03-26,C-462,NAVES,Solsones,2,0,1,0,1,0,0,0,1,0,0,0,0,50.0,0.0,0,1,No n'hi ha,-1.0,3,3,1,-1,0,0,0,-1,0,0,0,0,-1,0,4,-1,1,Resta sortides de via,-1,1,2,4,2,2,0,14.3,1,1,5,26,3
7742,2011,0,2011-03-13,C-17,"GARRIGA, LA",Valles Oriental,3,0,1,0,1,0,0,0,0,1,0,0,0,90.0,0.0,0,0,No n'hi ha,-1.0,3,3,1,-1,0,0,0,-1,0,0,0,0,0,0,4,-1,1,Xoc contra objecte/obstacle sense sortida prèvia de via,-1,1,2,4,2,2,0,5.45,2,4,6,13,3
7743,2011,0,2011-05-25,N-340,"AMETLLA DE MAR, L'",Baix Ebre,0,0,1,0,1,0,1,0,0,0,0,0,0,90.0,0.0,0,2,No n'hi ha,0.0,3,3,1,-1,0,0,0,-1,0,1,0,0,-1,0,4,-1,1,Xoc contra objecte/obstacle sense sortida prèvia de via,-1,1,2,4,1,2,1,11.42,0,4,2,25,5
7744,2011,0,2011-01-13,TP-2235,"PALLARESOS, ELS",Tarragones,0,0,1,0,1,0,0,0,1,0,0,0,0,90.0,0.0,0,2,No n'hi ha,-1.0,3,3,1,-1,0,0,0,-1,0,0,0,0,-1,0,4,-1,1,Caiguda en la via,-1,1,0,4,3,2,1,7.55,0,0,3,13,1
7745,2011,0,2011-05-15,B-400,GUARDIOLA DE BERGUEDA,Bergueda,3,0,2,0,1,0,0,0,1,0,0,0,0,90.0,0.0,0,3,No n'hi ha,-1.0,3,3,1,-1,0,0,0,-1,0,0,0,0,0,0,4,-1,1,Resta sortides de via,-1,1,2,4,2,2,0,13.36,0,1,6,15,5
7746,2011,1,2011-02-07,SE,ESPLUGUES DE LLOBREGAT,Baix Llobregat,3,0,1,0,2,1,0,0,0,1,0,0,0,20.0,0.0,0,2,No n'hi ha,0.0,3,3,1,-1,0,0,0,-1,0,1,0,0,-1,0,4,-1,1,Atropellament,-1,2,2,5,-1,2,1,11.0,0,3,0,7,2
7747,2011,0,2011-01-11,SE,RIUDAURA,Garrotxa,1,0,1,0,2,0,0,0,1,1,0,0,0,30.0,0.0,0,1,No n'hi ha,-1.0,3,3,1,0,0,0,0,0,0,0,0,0,1,0,4,-1,1,Envestida (frontal lateral),-1,1,2,3,4,2,1,11.23,0,2,1,11,1
7748,2011,0,2011-01-16,BP-4654,SORA,Osona,3,0,2,0,1,0,0,0,0,1,0,0,0,100.0,0.0,0,3,No n'hi ha,-1.0,3,3,1,0,0,0,0,0,0,0,0,0,0,0,4,-1,1,Resta sortides de via,-1,1,2,4,3,2,0,16.15,1,1,6,16,1
7749,2011,0,2011-02-12,C-31,MONTGAT,Maresme,3,0,1,0,1,0,0,0,1,0,0,0,0,80.0,0.0,0,1,No n'hi ha,-1.0,3,3,1,0,0,0,0,0,0,0,0,0,0,0,4,-1,1,Caiguda en la via,-1,1,2,4,2,2,0,13.52,0,0,5,12,2
7750,2011,1,2011-09-07,SE,ESPARREGUERA,Baix Llobregat,3,0,1,0,2,1,0,0,0,1,0,0,0,20.0,0.0,0,3,No n'hi ha,-1.0,3,3,1,-1,1,0,0,-1,0,0,0,0,-1,1,4,5,0,Atropellament,0,2,2,5,-1,2,1,17.45,1,3,2,7,9
7751,2011,0,2011-08-11,SE,RODA DE BARA,Tarragones,0,1,1,0,1,0,0,0,0,0,0,1,0,100.0,0.0,0,0,No n'hi ha,-1.0,3,3,0,0,0,0,0,0,0,0,0,1,0,0,4,-1,1,Caiguda en la via,-1,1,0,3,0,2,1,13.21,0,0,3,11,8
7752,2011,1,2011-08-14,SE,LLEIDA,Segria,2,1,0,0,1,0,1,0,0,0,0,0,0,100.0,0.0,0,-1,No n'hi ha,-1.0,3,3,0,0,0,0,0,0,0,0,0,0,0,0,4,-1,0,Caiguda en la via,-1,2,2,5,-1,2,0,13.05,0,0,6,14,8
7753,2011,1,2011-09-04,SE,CASTELLDEFELS,Baix Llobregat,3,0,1,1,2,1,0,0,1,0,0,0,0,30.0,0.0,0,2,No n'hi ha,-1.0,3,3,1,0,0,0,0,0,0,0,0,0,0,0,4,-1,1,Atropellament,-1,2,2,5,-1,2,0,12.03,0,3,6,4,9
7754,2011,1,2011-01-29,SE,BADALONA,Barcelones,3,0,2,2,2,0,0,0,0,2,0,0,0,40.0,0.0,0,-1,No n'hi ha,-1.0,3,3,1,0,0,0,0,0,0,0,0,0,0,1,4,3,1,Envestida (frontal lateral),2,2,2,5,-1,2,0,12.3,0,2,5,29,1
7755,2011,0,2011-06-05,BV-5108,CANOVES I SAMALUS,Valles Oriental,3,0,1,1,3,0,0,0,0,3,0,0,0,100.0,0.0,0,2,No n'hi ha,-1.0,3,3,1,0,0,0,1,0,0,0,0,0,1,0,4,-1,1,Fregament o col·lisió lateral,-1,1,2,4,3,2,0,14.15,1,2,6,5,6
7756,2011,0,2011-08-28,C-65,GIRONA,Girones,1,0,1,0,2,1,0,0,0,1,0,0,0,80.0,0.0,0,0,No n'hi ha,-1.0,3,3,1,0,0,0,0,0,0,0,0,0,0,0,5,-1,0,Atropellament,-1,1,2,3,4,2,0,2.23,2,3,6,28,8
7757,2011,0,2011-09-13,C-35,GUALBA,Valles Oriental,3,0,1,2,2,0,0,0,0,2,0,0,0,100.0,0.0,0,2,No n'hi ha,-1.0,3,3,1,0,0,0,0,0,0,0,0,0,0,1,4,4,1,Col·lisió frontal,1,1,2,4,2,2,1,14.1,1,2,1,13,9
7758,2011,0,2011-10-28,C-31,VILANOVA I LA GELTRU,Garraf,3,0,1,3,2,0,0,0,0,2,0,0,0,90.0,0.0,0,1,No n'hi ha,0.0,1,3,1,0,0,0,1,0,1,0,0,0,0,0,0,-1,1,Col·lisió frontal,-1,1,0,4,2,1,0,23.45,2,2,4,28,10
7759,2011,0,2011-01-14,GI-600,TORDERA,Maresme,3,0,1,0,2,0,0,1,0,1,0,0,0,60.0,0.0,0,1,No n'hi ha,-1.0,3,3,1,0,0,0,0,0,0,0,0,0,0,1,1,4,1,Envestida (frontal lateral),1,1,2,4,2,2,1,7.5,0,2,4,14,1
7760,2011,0,2011-07-15,C-16,SALLENT,Bages,3,1,0,0,1,0,0,0,0,1,0,0,0,100.0,0.0,0,3,No n'hi ha,-1.0,3,3,0,0,0,0,0,0,0,0,0,0,0,0,4,-1,1,Xoc contra objecte/obstacle sense sortida prèvia de via,-1,1,2,4,2,2,0,17.45,1,4,4,15,7
7761,2011,1,2011-11-17,SE,GIRONA,Girones,1,0,1,0,2,0,0,0,1,0,1,0,0,100.0,0.0,0,2,No n'hi ha,-1.0,3,3,1,0,0,0,0,0,0,0,0,0,0,1,4,5,1,Envestida (frontal lateral),1,2,2,5,0,2,1,9.31,0,2,3,17,11
7762,2011,1,2011-09-09,SE,MANRESA,Bages,3,0,1,0,2,0,0,1,0,1,0,0,0,100.0,0.0,0,2,No n'hi ha,-1.0,3,3,1,0,0,0,0,0,0,0,0,0,0,0,4,-1,1,Encalç,-1,2,2,5,-1,2,1,13.1,0,2,4,9,9
7763,2011,1,2011-03-10,SE,BARCELONA,Barcelones,3,0,1,0,2,0,0,1,0,1,0,0,0,100.0,0.0,0,-1,No n'hi ha,-1.0,3,3,1,0,0,0,0,0,0,0,0,0,0,1,5,3,0,Envestida (frontal lateral),2,2,2,5,-1,2,1,21.3,1,2,3,10,3
7764,2011,0,2011-10-29,AP-7,SANTA MARIA DE PALAU,Valles Oriental,3,1,0,2,2,0,0,0,0,2,0,0,0,100.0,0.0,0,2,No n'hi ha,-1.0,3,3,0,0,0,0,0,0,0,0,0,0,0,0,3,-1,1,Sortida de via amb xoc o col·lisió,-1,1,2,4,1,1,0,5.3,2,1,5,29,10
7765,2011,0,2011-08-28,GI-681,TOSSA DE MAR,Selva,1,0,1,0,1,0,0,0,1,0,0,0,0,100.0,0.0,0,1,No n'hi ha,-1.0,3,3,1,0,0,0,0,0,0,0,0,0,0,0,4,-1,1,Caiguda en la via,-1,1,2,4,3,2,0,17.1,1,0,6,28,8
7766,2011,0,2011-03-11,AP-7,"AMPOLLA, L'",Baix Ebre,0,0,1,1,2,0,0,0,0,2,0,0,0,100.0,0.0,0,0,No n'hi ha,-1.0,2,3,1,0,0,0,1,0,0,0,0,0,1,0,3,-1,1,Envestida (frontal lateral),-1,1,0,4,1,2,0,20.2,1,2,4,11,3
7767,2011,0,2011-11-22,C-65,LLAGOSTERA,Girones,1,0,2,1,2,0,0,0,0,2,0,0,0,100.0,0.0,0,2,No n'hi ha,-1.0,1,3,1,0,0,0,0,0,0,0,0,0,0,0,3,-1,1,Envestida (frontal lateral),-1,1,0,4,2,2,1,17.58,1,2,1,22,11
7768,2011,1,2011-05-20,SE,SABADELL,Valles Occidental,3,0,1,0,2,0,0,0,1,1,0,0,0,100.0,0.0,0,-1,No n'hi ha,-1.0,3,3,1,0,0,0,0,0,0,0,0,0,0,0,4,-1,-1,Envestida (frontal lateral),-1,2,2,5,-1,2,1,13.5,0,2,4,20,5
7769,2011,0,2011-06-20,C-31,GAVA,Baix Llobregat,3,1,0,0,2,0,0,0,1,1,0,0,0,100.0,0.0,0,2,No n'hi ha,-1.0,3,3,0,0,0,0,0,0,0,0,0,0,1,0,0,-1,1,Encalç,-1,1,2,4,2,2,1,22.4,2,2,0,20,6
7770,2011,1,2011-03-11,A-2,CERVERA,Segarra,2,0,1,0,1,0,0,0,0,0,1,0,0,40.0,0.0,0,0,No n'hi ha,-1.0,3,1,1,0,0,0,0,0,0,0,0,0,0,1,3,4,0,Xoc contra objecte/obstacle sense sortida prèvia de via,0,0,2,4,1,2,1,1.2,2,4,4,11,3
7771,2011,1,2011-02-05,SE,BARCELONA,Barcelones,3,3,1,1,3,0,0,0,0,2,1,0,0,100.0,0.0,0,-1,Carril bus,-1.0,3,3,0,0,0,0,0,0,0,0,0,0,1,0,5,-1,1,Fregament o col·lisió lateral,-1,2,2,5,-1,2,0,0.15,2,2,5,5,2
7772,2011,0,2011-07-07,SE,"PLA DE SANTA MARIA, EL",Alt Camp,0,0,1,0,2,0,0,1,0,1,0,0,0,20.0,1.0,0,2,No n'hi ha,-1.0,3,3,1,0,1,0,0,0,0,0,0,1,0,0,4,-1,1,Col·lisió frontal,-1,1,2,3,0,2,1,18.36,1,2,3,7,7
7773,2011,0,2011-03-01,B-224,PIERA,Anoia,3,1,0,0,2,1,0,0,0,1,0,0,0,50.0,0.0,0,2,No n'hi ha,-1.0,3,3,0,0,0,0,0,0,0,0,0,0,0,1,3,2,1,Atropellament,1,1,2,4,2,2,1,21.3,1,3,1,1,3
7774,2011,0,2011-02-20,B-212,SANTA MARGARIDA I ELS MONJOS,Alt Penedes,3,0,1,0,1,0,0,0,1,0,0,0,0,40.0,0.0,0,2,No n'hi ha,-1.0,3,3,1,0,0,0,0,0,0,0,0,0,0,2,4,4,1,Caiguda en la via,0,1,2,4,3,2,0,12.3,0,0,6,20,2
7775,2011,0,2011-03-25,BV-4501,MANRESA,Bages,3,0,2,0,2,0,0,0,0,2,0,0,0,40.0,0.0,0,2,No n'hi ha,-1.0,3,3,1,0,0,0,0,0,0,0,0,0,0,0,3,-1,1,Col·lisió frontal,-1,1,2,4,3,2,1,5.45,2,2,4,25,3
7776,2011,1,2011-03-02,SE,IGUALADA,Anoia,3,0,1,0,2,1,0,0,0,1,0,0,0,50.0,0.0,0,2,No n'hi ha,-1.0,3,3,1,-1,0,0,0,-1,0,0,0,0,-1,1,4,2,1,Atropellament,2,2,2,5,-1,2,1,9.1,0,3,2,2,3
7777,2011,1,2011-06-06,SE,OLOT,Garrotxa,1,0,1,1,2,1,0,1,0,0,0,0,0,100.0,0.0,0,2,No n'hi ha,-1.0,3,3,1,0,0,0,0,0,0,0,0,0,0,0,4,-1,1,Atropellament,-1,2,2,5,-1,2,1,11.23,0,3,0,6,6
7778,2011,0,2011-03-12,C-35,SANT FELIU DE BUIXALLEU,Selva,1,0,1,1,4,0,0,0,0,3,1,0,0,100.0,0.0,0,2,No n'hi ha,-1.0,2,3,1,0,0,0,0,0,0,0,0,0,0,0,1,-1,1,Col·lisió frontal,-1,1,0,4,2,2,0,6.58,0,2,5,12,3
7779,2011,1,2011-07-11,SE,SABADELL,Valles Occidental,3,0,1,0,2,1,0,0,0,1,0,0,0,100.0,0.0,0,-1,No n'hi ha,-1.0,3,3,1,0,0,0,0,0,0,0,0,0,0,0,4,-1,-1,Atropellament,-1,2,2,5,-1,2,1,18.54,1,3,0,11,7
7780,2011,0,2011-03-19,GI-553,SANT FELIU DE BUIXALLEU,Selva,1,0,1,0,1,0,0,0,1,0,0,0,0,60.0,0.0,0,1,No n'hi ha,-1.0,3,3,1,0,0,0,0,0,0,0,0,0,0,0,4,-1,1,Resta sortides de via,-1,1,2,4,2,2,0,16.4,1,1,5,19,3
7781,2011,1,2011-06-20,SE,REUS,Baix Camp,0,0,1,0,2,1,0,0,0,1,0,0,0,100.0,0.0,0,-1,No n'hi ha,-1.0,3,3,1,0,0,0,0,0,0,0,0,0,0,0,4,-1,-1,Atropellament,-1,2,2,5,-1,2,1,11.55,0,3,0,20,6
7782,2011,1,2011-08-01,SE,MATARO,Maresme,3,0,2,0,2,0,0,0,1,1,0,0,0,20.0,0.0,0,2,No n'hi ha,-1.0,3,3,1,-1,0,0,0,-1,0,0,0,0,-1,1,4,4,1,Envestida (frontal lateral),2,2,2,5,-1,2,1,11.48,0,2,0,1,8
7783,2011,0,2011-07-17,N-260,BESALU,Garrotxa,1,0,5,1,1,0,0,0,0,1,0,0,0,80.0,0.0,0,0,No n'hi ha,-1.0,1,3,1,0,0,0,0,0,0,0,0,0,0,0,1,-1,1,Resta sortides de via,-1,1,0,4,1,2,0,21.0,1,1,6,17,7
7784,2011,1,2011-05-20,SE,LLINARS DEL VALLES,Valles Oriental,3,0,1,0,2,0,0,1,0,1,0,0,0,20.0,0.0,0,2,Carril lent,-1.0,3,3,1,-1,0,0,0,-1,0,0,0,0,0,1,4,4,0,Fregament o col·lisió lateral,2,2,2,5,-1,2,1,7.54,0,2,4,20,5
7785,2011,0,2011-05-30,C-14,AGRAMUNT,Urgell,2,1,0,0,1,0,0,0,0,1,0,0,0,100.0,0.0,0,1,No n'hi ha,-1.0,3,3,0,0,0,0,0,0,0,0,0,0,0,0,2,-1,1,Resta sortides de via,-1,1,2,4,2,2,1,20.4,1,1,0,30,5
7786,2011,1,2011-12-23,SE,BARCELONA,Barcelones,3,0,1,0,1,0,0,1,0,0,0,0,0,100.0,0.0,0,-1,No n'hi ha,-1.0,3,3,1,0,0,0,0,0,0,0,0,0,0,0,5,-1,1,Xoc contra objecte/obstacle sense sortida prèvia de via,-1,2,2,5,-1,2,1,6.5,0,4,4,23,12
7787,2011,1,2011-05-26,SE,BARCELONA,Barcelones,3,0,1,1,2,0,0,0,1,1,0,0,0,100.0,0.0,0,-1,No n'hi ha,-1.0,3,3,1,0,0,0,0,0,1,0,0,0,0,1,3,3,0,Envestida (frontal lateral),2,2,2,5,-1,2,1,21.2,1,2,3,26,5
7788,2011,1,2011-12-01,SE,BARCELONA,Barcelones,3,0,1,1,2,0,0,0,1,1,0,0,0,100.0,0.0,0,-1,No n'hi ha,-1.0,3,3,1,0,0,0,0,0,0,0,0,0,0,1,4,3,1,Envestida (frontal lateral),2,2,2,5,-1,2,1,14.5,1,2,3,1,12
7789,2011,1,2011-10-21,SE,BARCELONA,Barcelones,3,1,0,0,3,1,0,0,0,2,0,0,0,100.0,0.0,0,-1,No n'hi ha,-1.0,3,3,0,0,0,0,0,0,0,0,0,0,0,1,4,4,0,Atropellament,2,2,2,5,-1,2,1,11.4,0,3,4,21,10
7790,2011,1,2011-12-01,SE,"PONT DE SUERT, EL",Alta Ribagorca,2,0,1,0,2,0,0,1,0,0,1,0,0,100.0,0.0,0,2,No n'hi ha,-1.0,3,3,1,0,1,0,0,0,0,1,0,0,0,1,4,5,1,Envestida (frontal lateral),1,2,3,5,-1,2,1,14.21,1,2,3,1,12
7791,2011,0,2011-12-13,BV-2127,VILAFRANCA DEL PENEDES,Alt Penedes,3,0,1,0,2,1,0,0,0,1,0,0,0,100.0,0.0,0,1,No n'hi ha,-1.0,3,3,1,0,0,0,0,0,0,0,0,0,0,0,3,-1,1,Atropellament,-1,1,2,4,3,2,1,18.56,1,3,1,13,12
7792,2011,1,2011-07-17,SE,BADALONA,Barcelones,3,0,1,0,1,0,0,0,1,0,0,0,0,100.0,0.0,0,-1,No n'hi ha,-1.0,3,3,1,0,0,0,0,0,0,0,0,0,0,0,1,-1,1,Caiguda en la via,-1,2,2,5,-1,2,0,20.4,1,0,6,17,7
7793,2011,1,2011-10-03,SE,BARCELONA,Barcelones,3,0,1,2,2,0,0,0,1,1,0,0,0,100.0,0.0,0,-1,No n'hi ha,-1.0,3,3,1,0,0,0,0,0,0,0,0,0,0,0,4,-1,1,Encalç,-1,2,2,5,-1,2,1,13.55,0,2,0,3,10
7794,2011,0,2011-12-29,C-35,MACANET DE LA SELVA,Selva,1,0,1,0,2,0,1,0,0,1,0,0,0,60.0,0.0,0,2,No n'hi ha,-1.0,3,3,1,0,0,0,0,0,0,0,0,0,0,1,4,4,1,Fregament o col·lisió lateral,2,1,2,4,3,2,1,11.26,0,2,3,29,12
7795,2011,1,2011-12-30,N-141c,MOIA,Moianès,3,0,1,0,2,1,0,0,0,1,0,0,0,100.0,0.0,0,2,No n'hi ha,-1.0,3,1,1,0,0,0,0,0,0,0,0,0,0,2,5,5,1,Atropellament,2,0,2,4,2,2,0,18.3,1,3,4,30,12
7796,2011,1,2011-08-09,SE,BARCELONA,Barcelones,3,0,1,0,2,0,0,0,1,1,0,0,0,100.0,1.0,0,-1,No n'hi ha,-1.0,3,3,1,0,0,0,0,0,0,0,0,0,0,1,5,3,1,Fregament o col·lisió lateral,0,2,2,5,-1,2,1,21.15,1,2,1,9,8
7797,2011,1,2011-01-21,SE,OLOT,Garrotxa,1,0,1,0,2,1,0,0,0,1,0,0,0,100.0,0.0,0,2,No n'hi ha,-1.0,3,3,1,0,0,0,0,0,0,0,0,0,0,0,4,-1,1,Atropellament,-1,2,2,5,-1,2,0,15.38,1,3,4,21,1
7798,2011,1,2011-01-24,SE,GRANOLLERS,Valles Oriental,3,0,1,0,2,0,0,0,1,1,0,0,0,100.0,0.0,0,2,No n'hi ha,-1.0,3,3,1,0,0,0,0,0,0,0,0,0,0,1,4,4,0,Envestida (frontal lateral),2,2,2,5,0,2,1,14.45,1,2,0,24,1