,Year,Area,Date,Road,Municipality Name,County Name,Province Name,Fatalties,Serious Injuries,Light Injuries,Units Involved,Pedestrains Involved,Bicycles Involved,Mopeds Involved,Motorcycles,Light Vehicles Involved,Heavy Vehicles Involved,Other Units Involved,Unspecified Units Involved,Road Speed Limit,Accident with Hit and Run,Fog Presence,Surrounding Environment,Special Lane Presence,Special Traffic Measures,Weather Conditions,Special Road Functions,Severity of Accident,Influence of Fog,Influence of Environment,Influence of Traffic,Influence of Weather,Influence of Wind Intensity,Influence of Lighting,Influence of Special Measures,Influence of Road Objects,Influence of Road Surface,Influence of Visibility,Intersection Characteristics,Lighting Conditions,Traffic Regulation and Priority,Direction of Road,Subtype of Accident,Subtype of Road Section,Subzone within Area,Road Surface Conditions,Type of Road,Road Ownership,Wind Conditions,Day of the Week Grouping,Hour of Day,Time of Day Grouping,Type of Accident,Day Type,Day,Month
7799,2011,0,2011-08-07,BV-5001,MONTCADA I REIXAC,Valles Occidental,3,0,1,1,2,0,0,0,0,2,0,0,0,50.0,0.0,0,1,No n'hi ha,-1.0,3,3,1,0,0,0,0,0,0,0,0,0,0,2,3,4,1,Col·lisió frontal,1,1,2,4,3,2,0,23.13,2,2,6,7,8
7800,2011,1,2011-09-13,SE,TERRASSA,Valles Occidental,3,0,1,3,5,4,0,0,0,1,0,0,0,100.0,0.0,0,-1,No n'hi ha,-1.0,3,3,1,0,0,0,0,0,0,0,0,0,0,0,4,-1,-1,Atropellament,-1,2,2,5,-1,2,1,19.45,1,3,1,13,9
7801,2011,1,2011-10-09,SE,"PRAT DE LLOBREGAT, E",Baix Llobregat,3,0,1,0,2,0,0,0,1,1,0,0,0,100.0,0.0,0,-1,No n'hi ha,-1.0,3,3,1,0,0,0,0,0,0,0,0,0,0,1,5,4,-1,Envestida (frontal lateral),2,2,2,5,-1,2,0,0.2,2,2,6,9,10
7802,2011,1,2011-10-21,SE,SABADELL,Valles Occidental,3,0,1,1,2,1,0,0,1,0,0,0,0,100.0,0.0,0,-1,No n'hi ha,-1.0,3,3,1,0,0,0,0,0,0,0,0,0,0,0,4,-1,-1,Atropellament,-1,2,2,5,-1,2,1,10.41,0,3,4,21,10
7803,2011,0,2011-01-24,N-340,CAMBRILS,Baix Camp,0,0,1,0,2,0,0,1,0,1,0,0,0,100.0,0.0,0,2,Carril central,-1.0,3,3,1,0,0,0,0,0,0,0,0,0,0,1,4,4,1,Envestida (frontal lateral),1,1,2,4,1,2,1,8.27,0,2,0,24,1
7804,2011,1,2011-05-10,SE,SUBIRATS,Alt Penedes,3,0,2,0,3,2,0,0,0,1,0,0,0,100.0,0.0,0,2,Altres,-1.0,3,3,1,0,0,0,0,0,0,0,0,0,0,0,1,-1,1,Atropellament,-1,2,2,5,-1,2,1,20.28,1,3,1,10,5
7805,2011,1,2011-02-23,SE,BARCELONA,Barcelones,3,0,1,0,2,0,0,0,1,1,0,0,0,100.0,0.0,0,-1,No n'hi ha,-1.0,3,3,1,0,0,0,0,0,0,0,0,0,0,1,4,3,1,Fregament o col·lisió lateral,2,2,2,5,-1,2,1,9.35,0,2,2,23,2
7806,2011,1,2011-05-20,SE,ROSES,Alt Emporda,1,0,1,0,2,1,0,0,0,1,0,0,0,100.0,0.0,0,2,No n'hi ha,-1.0,3,3,1,0,0,0,0,0,0,0,0,0,0,0,4,-1,1,Atropellament,-1,2,2,5,-1,2,1,10.52,0,3,4,20,5
7807,2011,0,2011-08-31,C-35,LLINARS DEL VALLES,Valles Oriental,3,0,2,0,2,0,0,0,1,1,0,0,0,90.0,0.0,0,1,No n'hi ha,-1.0,3,3,1,0,0,0,0,0,0,0,0,0,0,0,4,-1,1,Col·lisió frontal,-1,1,2,4,2,2,1,19.1,1,2,2,31,8
7808,2011,1,2011-10-31,SE,MANLLEU,Osona,3,0,1,0,2,1,0,0,0,1,0,0,0,20.0,0.0,0,-1,No n'hi ha,-1.0,3,3,1,-1,0,0,0,-1,0,0,0,0,-1,0,4,-1,0,Atropellament,-1,2,2,5,-1,2,1,11.38,0,3,0,31,10
7809,2011,1,2011-03-18,SE,ESPARREGUERA,Baix Llobregat,3,0,1,0,2,1,0,0,0,1,0,0,0,20.0,0.0,0,2,Carril bus,-1.0,3,3,1,-1,0,0,0,-1,0,0,0,0,-1,0,4,-1,1,Atropellament,-1,2,2,5,-1,2,1,12.13,0,3,4,18,3
7810,2011,0,2011-07-20,C-25,SANT SADURNI D'OSORM,Osona,3,1,1,0,3,0,0,0,0,1,1,1,0,60.0,0.0,0,2,No n'hi ha,0.0,3,3,0,0,0,0,0,0,0,0,0,0,0,0,4,-1,1,Col·lisió frontal,-1,1,2,4,2,2,1,11.49,0,2,2,20,7
7811,2011,1,2011-04-26,SE,LLEIDA,Segria,2,0,1,0,2,0,1,0,0,1,0,0,0,100.0,0.0,0,-1,No n'hi ha,-1.0,3,3,1,0,0,0,0,0,0,0,0,0,0,0,4,-1,1,Envestida (frontal lateral),-1,2,2,5,0,2,1,15.35,1,2,1,26,4
7812,2011,0,2011-08-21,BP-5107,CANOVES I SAMALUS,Valles Oriental,3,0,1,0,2,0,0,0,1,1,0,0,0,100.0,0.0,0,2,No n'hi ha,-1.0,3,3,1,0,0,0,0,0,0,0,0,0,1,0,4,-1,1,Envestida (frontal lateral),-1,1,2,4,3,2,0,17.13,1,2,6,21,8
7813,2011,0,2011-09-24,C-58,MONTCADA I REIXAC,Valles Occidental,3,0,1,1,2,0,0,0,0,2,0,0,0,100.0,0.0,0,3,No n'hi ha,-1.0,1,3,1,0,0,0,1,0,0,0,0,0,0,2,2,4,1,Envestida (frontal lateral),3,1,0,4,3,2,0,10.25,0,2,5,24,9
7814,2011,1,2011-05-13,SE,LLEIDA,Segria,2,0,1,0,2,0,1,0,0,1,0,0,0,100.0,0.0,0,-1,No n'hi ha,-1.0,3,3,1,0,0,0,0,0,0,0,0,0,0,0,4,-1,0,Fregament o col·lisió lateral,-1,2,2,5,-1,2,0,19.4,1,2,4,13,5
7815,2011,0,2011-07-06,AP-7,SARRIA DE TER,Girones,1,0,1,4,2,0,0,0,0,2,0,0,0,80.0,0.0,0,2,No n'hi ha,0.0,3,3,1,0,0,0,0,0,0,0,0,0,0,0,4,-1,0,Encalç,-1,1,2,4,1,2,1,19.24,1,2,2,6,7
7816,2011,1,2011-05-26,SE,LLEIDA,Segria,2,0,1,0,2,1,0,0,0,1,0,0,0,20.0,0.0,0,-1,No n'hi ha,-1.0,3,3,1,-1,0,0,0,-1,0,0,0,0,0,0,4,-1,1,Atropellament,-1,2,2,5,-1,2,1,15.03,1,3,3,26,5
7817,2011,0,2011-03-16,C-13,VALLFOGONA DE BALAGUER,Noguera,2,0,1,3,1,0,0,0,0,1,0,0,0,100.0,0.0,0,0,No n'hi ha,-1.0,1,3,1,0,0,0,0,0,0,0,0,0,0,0,1,-1,1,Resta sortides de via,-1,1,0,4,4,2,1,7.4,0,1,2,16,3
7818,2011,1,2011-01-25,SE,GIRONA,Girones,1,0,1,0,2,1,0,0,0,1,0,0,0,30.0,0.0,0,2,No n'hi ha,-1.0,3,3,1,0,0,0,0,0,0,0,0,0,0,1,4,-1,0,Atropellament,1,2,2,5,-1,2,1,14.15,1,3,1,25,1
7819,2011,1,2011-03-17,SE,VILAFRANCA DEL PENEDES,Alt Penedes,3,0,1,0,2,1,0,0,0,1,0,0,0,20.0,0.0,0,-1,No n'hi ha,-1.0,3,3,1,-1,-1,0,0,-1,0,0,0,0,0,1,4,2,-1,Atropellament,1,2,2,5,-1,2,1,9.35,0,3,3,17,3
7820,2011,0,2011-03-27,C-31,PALAMOS,Baix Emporda,1,0,1,1,2,0,0,0,0,2,0,0,0,40.0,1.0,0,2,No n'hi ha,0.0,3,0,1,0,0,0,0,0,0,0,0,0,0,0,1,-1,1,Col·lisió frontal,-1,1,2,4,2,2,0,7.11,0,2,6,27,3
7821,2011,0,2011-06-29,C-17,MONTCADA I REIXAC,Valles Occidental,3,0,1,0,2,0,0,0,2,0,0,0,0,80.0,0.0,0,2,No n'hi ha,-1.0,3,3,1,0,0,0,0,0,0,0,0,0,0,0,4,-1,1,Caiguda en la via,-1,1,2,4,2,2,1,18.0,1,0,2,29,6
7822,2011,1,2011-03-08,SE,GRANOLLERS,Valles Oriental,3,0,1,0,2,0,0,1,0,1,0,0,0,100.0,0.0,0,2,No n'hi ha,-1.0,3,3,1,0,0,0,0,0,0,0,0,0,0,1,4,4,0,Envestida (frontal lateral),2,2,2,5,-1,2,1,13.56,0,2,1,8,3
7823,2011,1,2011-04-17,SE,SANT FELIU DE LLOBREGAT,Baix Llobregat,3,0,1,0,2,0,0,0,1,1,0,0,0,100.0,0.0,0,2,No n'hi ha,-1.0,3,3,1,0,0,0,0,0,0,0,0,0,0,1,4,4,1,Envestida (frontal lateral),2,2,2,5,-1,2,0,11.41,0,2,6,17,4
7824,2011,1,2011-12-17,SE,TERRASSA,Valles Occidental,3,0,1,0,2,0,0,0,1,1,0,0,0,100.0,0.0,0,-1,No n'hi ha,-1.0,3,3,1,0,0,0,0,0,0,0,0,0,0,0,4,-1,-1,Caiguda en la via,-1,2,2,5,-1,2,0,21.15,1,0,5,17,12
7825,2011,1,2011-12-23,SE,SABADELL,Valles Occidental,3,0,1,0,2,1,0,0,0,1,0,0,0,100.0,0.0,0,-1,No n'hi ha,-1.0,3,3,1,0,0,0,0,0,0,0,0,0,0,0,4,-1,-1,Atropellament,-1,2,2,5,-1,2,1,10.29,0,3,4,23,12
7826,2011,1,2011-05-19,SE,BARCELONA,Barcelones,3,0,1,2,2,0,0,1,0,1,0,0,0,30.0,0.0,0,-1,No n'hi ha,-1.0,3,3,1,0,0,0,0,0,0,0,0,0,0,1,5,4,0,Envestida (frontal lateral),2,2,2,5,-1,2,1,22.2,2,2,3,19,5
7827,2011,1,2011-05-30,SE,BARCELONA,Barcelones,3,0,1,1,2,0,0,0,1,1,0,0,0,100.0,0.0,0,-1,No n'hi ha,-1.0,3,3,1,0,0,0,0,0,0,0,0,0,0,1,5,2,0,Caiguda en la via,1,2,2,5,-1,2,1,21.0,1,0,0,30,5
7828,2011,1,2011-06-11,SE,BARCELONA,Barcelones,3,0,1,0,2,1,0,0,0,0,0,1,0,20.0,0.0,0,-1,Altres,-1.0,3,3,1,0,0,0,0,0,0,0,0,0,0,0,4,-1,0,Atropellament,-1,2,0,5,-1,2,0,7.33,0,3,5,11,6
7829,2011,0,2011-12-10,N-II,PONTOS,Alt Emporda,1,1,0,0,1,0,0,0,0,1,0,0,0,100.0,0.0,0,1,No n'hi ha,-1.0,3,3,0,0,0,0,0,0,0,0,0,0,0,0,4,-1,1,Sortida de via amb xoc o col·lisió,-1,1,2,4,1,2,0,13.59,0,1,5,10,12
7830,2011,1,2011-11-08,SE,BARCELONA,Barcelones,3,0,1,0,2,1,0,0,0,1,0,0,0,100.0,0.0,0,-1,No n'hi ha,-1.0,3,3,1,0,0,0,0,0,0,0,0,0,0,1,5,3,1,Atropellament,1,2,2,5,-1,2,1,20.04,1,3,1,8,11
7831,2011,0,2011-01-24,C-245,CORNELLA DE LLOBREGAT,Baix Llobregat,3,0,1,0,2,0,0,0,1,1,0,0,0,80.0,0.0,0,2,No n'hi ha,-1.0,3,3,1,0,0,0,0,0,0,0,0,0,0,0,4,-1,1,Caiguda en la via,-1,1,2,4,2,2,1,8.0,0,0,0,24,1
7832,2011,1,2011-09-13,SE,GIRONA,Girones,1,0,1,0,2,1,0,0,0,1,0,0,0,100.0,0.0,0,2,No n'hi ha,-1.0,3,3,1,0,0,0,0,0,0,0,0,0,0,2,4,3,1,Atropellament,2,2,2,5,-1,2,1,19.46,1,3,1,13,9
7833,2011,1,2011-04-29,SE,SANT JOAN DE VILATOR,Bages,3,0,1,5,2,0,0,0,0,2,0,0,0,50.0,0.0,0,-1,No n'hi ha,-1.0,3,3,1,-1,0,0,0,-1,0,0,0,0,-1,1,5,4,1,Envestida (frontal lateral),0,2,2,5,-1,2,0,22.1,2,2,4,29,4
7834,2011,1,2011-03-01,SE,SABADELL,Valles Occidental,3,0,1,0,2,0,0,0,1,1,0,0,0,100.0,0.0,0,-1,No n'hi ha,-1.0,3,3,1,0,0,0,0,0,0,0,0,0,0,0,4,-1,-1,Envestida (frontal lateral),-1,2,2,5,-1,2,1,20.37,1,2,1,1,3
7835,2011,1,2011-08-01,SE,SANT BOI DE LLOBREGAT,Baix Llobregat,3,0,1,0,2,0,0,0,1,1,0,0,0,20.0,0.0,0,-1,No n'hi ha,-1.0,3,3,1,-1,-1,0,0,-1,0,0,0,0,0,0,4,-1,1,Envestida (frontal lateral),-1,2,2,5,-1,2,1,16.58,1,2,0,1,8
7836,2011,1,2011-07-26,SE,SANT BOI DE LLOBREGAT,Baix Llobregat,3,0,1,0,1,0,1,0,0,0,0,0,0,20.0,0.0,0,-1,No n'hi ha,-1.0,3,3,1,-1,0,0,0,-1,0,0,0,0,-1,0,4,-1,1,Caiguda en la via,-1,2,2,5,-1,2,1,10.4,0,0,1,26,7
7837,2011,0,2011-02-27,C-17,"MASIES DE VOLTREGA,LES",Osona,3,1,0,1,3,0,0,0,1,2,0,0,0,100.0,0.0,0,2,No n'hi ha,-1.0,3,3,0,0,0,0,0,0,0,0,0,0,1,0,4,-1,1,Fregament o col·lisió lateral,-1,1,2,4,2,2,0,15.5,1,2,6,27,2
7838,2011,1,2011-10-14,SE,TORTOSA,Baix Ebre,0,0,1,0,2,1,0,0,0,0,1,0,0,100.0,0.0,0,2,No n'hi ha,-1.0,3,3,1,0,0,0,0,0,0,0,0,0,0,0,5,-1,0,Atropellament,-1,2,2,5,-1,2,1,7.15,0,3,4,14,10
7839,2011,1,2011-03-10,SE,LLEIDA,Segria,2,0,1,0,2,0,0,1,0,1,0,0,0,100.0,0.0,0,-1,No n'hi ha,-1.0,3,3,1,0,0,0,0,0,0,0,0,0,0,0,4,-1,-1,Envestida (frontal lateral),-1,2,2,5,-1,2,1,8.05,0,2,3,10,3
7840,2011,1,2011-05-30,SE,REUS,Baix Camp,0,0,1,0,2,0,0,0,1,1,0,0,0,100.0,0.0,0,-1,No n'hi ha,-1.0,3,3,1,0,0,0,0,0,0,0,0,0,0,0,4,-1,-1,Fregament o col·lisió lateral,-1,2,2,5,-1,2,1,12.05,0,2,0,30,5
7841,2011,1,2011-06-11,SE,VILAFRANCA DEL PENEDES,Alt Penedes,3,0,1,0,2,1,0,0,0,1,0,0,0,20.0,0.0,0,-1,No n'hi ha,-1.0,3,3,1,0,-1,0,0,0,0,0,0,0,0,1,5,2,-1,Atropellament,1,2,2,5,-1,2,0,23.2,2,3,5,11,6
7842,2011,0,2011-04-23,C-1413a,SANT QUIRZE DEL VALLES,Valles Occidental,3,1,4,1,1,0,0,0,0,1,0,0,0,100.0,0.0,0,1,No n'hi ha,-1.0,1,3,0,0,0,0,1,0,0,0,0,0,0,0,2,-1,1,Resta sortides de via,-1,1,0,4,2,2,0,14.0,1,1,5,23,4
7843,2011,1,2011-01-14,SE,MONTCADA I REIXAC,Valles Occidental,3,0,1,0,2,1,0,0,0,1,0,0,0,20.0,0.0,0,-1,No n'hi ha,-1.0,3,3,1,-1,0,0,0,-1,0,0,0,0,-1,1,4,4,1,Atropellament,2,2,2,5,-1,2,1,7.55,0,3,4,14,1
7844,2011,1,2011-11-18,SE,LLEIDA,Segria,2,0,1,0,2,1,0,0,0,1,0,0,0,20.0,,0,3,No n'hi ha,-1.0,3,3,1,-1,0,0,0,-1,0,0,0,0,0,0,4,-1,1,Atropellament,-1,2,2,5,-1,2,0,15.55,1,3,4,18,11
7845,2011,1,2011-09-29,SE,IGUALADA,Anoia,3,0,1,0,2,0,0,1,0,1,0,0,0,50.0,0.0,0,-1,No n'hi ha,-1.0,3,3,1,-1,0,0,0,-1,0,0,0,0,-1,0,1,-1,0,Fregament o col·lisió lateral,-1,2,2,5,-1,2,1,20.45,1,2,3,29,9
7846,2011,1,2011-04-04,SE,GIRONA,Girones,1,0,1,0,1,0,0,0,1,0,0,0,0,100.0,0.0,0,2,No n'hi ha,-1.0,3,3,1,0,0,0,0,0,0,0,0,0,0,0,5,-1,0,Xoc contra objecte/obstacle sense sortida prèvia de via,-1,2,1,5,-1,2,1,21.39,1,4,0,4,4
7847,2011,0,2011-05-26,C-12,MORA LA NOVA,Ribera d'Ebre,0,0,1,0,2,0,0,0,0,2,0,0,0,100.0,0.0,0,2,No n'hi ha,-1.0,3,3,1,0,0,0,0,0,0,0,0,0,0,0,4,-1,1,Encalç,-1,1,2,4,2,2,1,13.05,0,2,3,26,5
7848,2011,0,2011-11-27,GI-552,RIELLS I VIABREA,Selva,1,0,1,0,2,1,0,0,0,1,0,0,0,100.0,0.0,0,1,No n'hi ha,-1.0,3,3,1,0,0,0,0,0,0,0,0,0,0,0,3,-1,1,Atropellament,-1,1,2,4,3,2,0,3.1,2,3,6,27,11
7849,2011,1,2011-05-15,SE,BARCELONA,Barcelones,3,0,1,0,2,0,0,0,1,1,0,0,0,60.0,0.0,0,-1,No n'hi ha,-1.0,3,3,1,0,0,1,0,0,0,0,0,0,0,0,1,-1,1,Caiguda en la via,-1,2,2,5,-1,2,0,20.0,1,0,6,15,5
7850,2011,0,2011-03-11,N-260,FONTANALS DE CERDANYA,Cerdanya,1,0,2,0,2,0,0,0,0,2,0,0,0,90.0,0.0,0,-1,No n'hi ha,-1.0,3,3,1,-1,0,0,0,0,0,0,0,0,0,0,3,-1,1,Col·lisió frontal,-1,1,2,4,1,0,0,20.4,1,2,4,11,3
7851,2011,1,2011-09-02,SE,BARCELONA,Barcelones,3,0,1,0,2,1,0,0,0,1,0,0,0,100.0,1.0,0,-1,No n'hi ha,-1.0,3,3,1,0,0,0,0,0,0,0,0,0,0,0,5,-1,1,Atropellament,-1,2,2,5,-1,2,0,22.25,2,3,4,2,9
7852,2011,0,2011-12-29,SE,MONTBRIO DEL CAMP,Baix Camp,0,1,0,1,2,0,0,1,0,1,0,0,0,100.0,0.0,0,2,No n'hi ha,-1.0,3,3,0,0,0,0,0,0,0,0,0,0,1,1,5,5,1,Envestida (frontal lateral),2,1,2,3,0,2,1,0.32,2,2,3,29,12
7853,2011,0,2011-01-07,C-31C,"PRAT DE LLOBREGAT, E",Baix Llobregat,3,1,2,0,2,0,0,0,0,2,0,0,0,80.0,0.0,0,2,No n'hi ha,-1.0,3,3,0,0,0,0,0,0,0,0,0,0,0,0,3,-1,1,Col·lisió frontal,-1,1,2,4,2,2,1,0.38,2,2,4,7,1
7854,2011,1,2011-01-04,SE,TORTOSA,Baix Ebre,0,0,1,0,2,1,0,0,0,1,0,0,0,100.0,0.0,0,2,No n'hi ha,-1.0,3,3,1,0,0,0,0,0,0,0,0,0,1,1,5,5,0,Atropellament,1,2,2,5,0,2,1,17.3,1,3,1,4,1
7855,2011,1,2011-02-16,SE,REUS,Baix Camp,0,0,1,0,1,0,0,1,0,0,0,0,0,100.0,0.0,0,-1,No n'hi ha,-1.0,3,3,1,0,0,0,0,0,0,0,0,0,0,1,4,4,-1,Resta sortides de via,0,2,2,5,-1,2,1,18.28,1,1,2,16,2
7856,2011,0,2011-08-16,N-420,BOTARELL,Baix Camp,0,1,0,0,2,0,0,0,1,0,1,0,0,70.0,0.0,0,1,No n'hi ha,-1.0,3,3,0,0,0,0,0,0,0,0,0,0,0,2,4,4,1,Caiguda en la via,0,1,2,4,1,2,1,16.15,1,0,1,16,8
7857,2011,0,2011-09-08,C-26,AVIA,Bergueda,3,0,1,0,1,0,0,0,0,1,0,0,0,100.0,0.0,0,1,No n'hi ha,-1.0,3,3,1,0,0,0,0,0,0,0,0,0,0,0,1,-1,1,Resta sortides de via,-1,1,2,4,2,2,1,7.5,0,1,3,8,9
7858,2011,1,2011-05-12,SE,SANTA COLOMA DE CERV,Baix Llobregat,3,0,1,2,2,0,0,0,0,2,0,0,0,20.0,0.0,0,-1,No n'hi ha,3.0,3,3,1,-1,1,1,0,-1,0,0,0,0,1,0,4,-1,1,Col·lisió frontal,-1,2,2,5,-1,2,1,19.33,1,2,3,12,5
7859,2011,0,2011-10-27,C-462,LLADURS,Solsones,2,0,1,0,2,0,0,0,0,1,1,0,0,40.0,0.0,0,2,No n'hi ha,-1.0,2,3,1,0,0,0,1,0,0,0,0,0,0,0,2,-1,1,Col·lisió frontal,-1,1,0,4,2,2,1,10.31,0,2,3,27,10
7860,2011,1,2011-11-13,SE,SANT CUGAT DEL VALLES,Valles Occidental,3,0,1,0,2,1,0,0,0,1,0,0,0,20.0,0.0,0,-1,No n'hi ha,-1.0,3,3,1,-1,-1,0,0,-1,0,0,0,0,0,0,2,-1,-1,Atropellament,-1,2,2,5,-1,2,0,7.15,0,3,6,13,11
7861,2011,1,2011-09-27,SE,BANYOLES,Pla de l'Estany,1,0,1,0,2,0,0,1,0,1,0,0,0,100.0,0.0,0,3,No n'hi ha,-1.0,3,3,1,0,0,0,0,0,0,0,0,0,0,1,4,5,1,Col·lisió frontal,1,2,2,5,-1,2,1,8.5,0,2,1,27,9
7862,2011,0,2011-11-01,N-II,BIURE,Alt Emporda,1,0,2,0,2,0,0,0,0,2,0,0,0,100.0,0.0,0,2,No n'hi ha,-1.0,3,3,1,0,0,0,0,0,0,0,0,0,0,0,3,-1,1,Col·lisió frontal,-1,1,2,4,1,2,1,19.17,1,2,1,1,11
7863,2011,0,2011-07-02,C-352,FRANQUESES DEL VALLE,Valles Oriental,3,0,1,0,1,0,0,0,1,0,0,0,0,60.0,0.0,0,2,Altres,-1.0,3,0,1,0,0,0,0,0,0,0,0,0,0,2,4,-1,1,Resta sortides de via,1,1,2,4,2,2,0,13.43,0,1,5,2,7
7864,2011,1,2011-07-09,SE,ARTES,Bages,3,0,1,2,2,0,0,1,0,1,0,0,0,40.0,0.0,0,2,No n'hi ha,-1.0,3,3,1,0,0,0,0,0,0,0,0,0,0,0,4,-1,1,Fregament o col·lisió lateral,-1,2,2,5,-1,2,0,19.36,1,2,5,9,7
7865,2011,0,2011-01-27,C-1415B,CALDES DE MONTBUI,Valles Oriental,3,0,1,0,2,0,0,0,1,1,0,0,0,100.0,0.0,0,3,No n'hi ha,-1.0,1,3,1,0,0,0,0,0,0,0,0,0,0,0,4,-1,1,Caiguda en la via,-1,1,0,4,2,2,1,13.56,0,0,3,27,1
7866,2011,0,2011-06-04,GI-681,TOSSA DE MAR,Selva,1,0,3,0,2,0,0,0,0,2,0,0,0,100.0,0.0,0,2,No n'hi ha,-1.0,3,3,1,0,0,0,0,0,0,0,0,0,0,0,3,-1,1,Col·lisió frontal,-1,1,2,4,2,2,0,5.0,2,2,5,4,6
7867,2011,0,2011-06-18,AP-7,MACANET DE LA SELVA,Selva,1,1,0,0,3,0,0,0,0,1,2,0,0,100.0,0.0,0,2,No n'hi ha,-1.0,3,3,0,0,0,0,0,0,0,0,1,0,0,0,4,-1,1,Encalç,-1,1,2,4,1,2,0,14.0,1,2,5,18,6
7868,2011,0,2011-05-27,GIV-6226,GARRIGAS,Alt Emporda,1,0,1,0,1,0,0,0,0,1,0,0,0,100.0,0.0,0,3,No n'hi ha,-1.0,3,3,1,0,0,0,0,0,0,0,0,0,0,0,4,-1,1,Resta sortides de via,-1,1,2,4,3,2,1,10.07,0,1,4,27,5
7869,2011,1,2011-11-05,SE,LLEIDA,Segria,2,0,1,0,2,1,0,0,0,0,1,0,0,20.0,0.0,0,2,No n'hi ha,-1.0,3,3,1,-1,0,0,0,-1,0,0,0,0,-1,0,4,-1,1,Atropellament,-1,2,2,5,-1,2,0,19.3,1,3,5,5,11
7870,2011,1,2011-12-11,SE,BARCELONA,Barcelones,3,0,1,0,2,0,0,0,1,1,0,0,0,100.0,0.0,0,-1,Carril acceleració,-1.0,3,3,1,0,0,0,0,0,0,0,0,0,0,0,5,-1,0,Encalç,-1,2,2,5,-1,2,0,18.0,1,2,6,11,12
7871,2011,1,2011-10-21,SE,BARCELONA,Barcelones,3,0,1,0,4,0,0,0,1,3,0,0,0,100.0,0.0,0,-1,No n'hi ha,-1.0,3,3,1,0,0,0,0,0,0,0,0,0,0,1,5,4,0,Envestida (frontal lateral),2,2,2,5,-1,2,0,22.3,2,2,4,21,10
7872,2011,1,2011-06-26,SE,BARCELONA,Barcelones,3,0,2,0,2,0,0,1,0,1,0,0,0,100.0,0.0,0,-1,No n'hi ha,-1.0,3,3,1,0,0,0,0,0,0,0,0,0,0,1,4,3,0,Envestida (frontal lateral),2,2,2,5,-1,2,0,18.35,1,2,6,26,6
7873,2011,1,2011-12-04,SE,TERRASSA,Valles Occidental,3,0,1,0,2,0,0,0,1,1,0,0,0,100.0,0.0,0,1,No n'hi ha,-1.0,3,3,1,0,0,0,0,0,0,0,0,0,0,0,1,-1,1,Encalç,-1,2,2,5,-1,2,0,7.15,0,2,6,4,12
7874,2011,1,2011-07-25,SE,BARCELONA,Barcelones,3,0,1,0,2,0,0,0,1,1,0,0,0,30.0,0.0,0,-1,No n'hi ha,-1.0,3,3,1,0,0,0,0,0,0,0,0,0,0,1,5,5,0,Envestida (frontal lateral),2,2,2,5,-1,2,1,21.32,1,2,0,25,7
7875,2011,1,2011-07-19,SE,BARCELONA,Barcelones,3,0,1,1,2,0,0,0,0,2,0,0,0,60.0,0.0,0,-1,No n'hi ha,-1.0,3,3,1,0,0,0,0,0,0,0,0,0,0,0,5,-1,0,Col·lisió frontal,-1,2,2,5,-1,2,1,2.2,2,2,1,19,7
7876,2011,1,2011-11-01,SE,BARCELONA,Barcelones,3,0,1,0,2,1,0,0,0,1,0,0,0,100.0,0.0,0,-1,No n'hi ha,-1.0,3,3,1,0,0,0,0,0,0,0,0,0,0,0,5,-1,1,Atropellament,-1,2,2,5,-1,2,1,22.1,2,3,1,1,11
7877,2011,0,2011-12-16,C-66,CORNELLA DEL TERRI,Pla de l'Estany,1,0,1,0,1,0,0,0,0,1,0,0,0,60.0,0.0,0,3,No n'hi ha,-1.0,3,3,1,0,0,0,0,0,0,0,0,0,0,1,4,4,0,Caiguda en la via,0,1,2,4,4,2,1,8.25,0,0,4,16,12
7878,2011,1,2011-02-04,SE,LLEIDA,Segria,2,0,1,0,2,1,0,0,0,0,1,0,0,100.0,0.0,0,-1,No n'hi ha,-1.0,3,3,1,0,0,0,0,0,0,0,0,0,0,0,4,-1,-1,Atropellament,-1,2,2,5,-1,2,0,18.55,1,3,4,4,2
7879,2011,1,2011-07-27,C-253,CALONGE,Baix Emporda,1,0,1,0,2,0,0,0,1,1,0,0,0,100.0,0.0,0,2,No n'hi ha,-1.0,3,1,1,0,0,0,0,0,0,0,0,0,0,1,4,4,0,Envestida (frontal lateral),0,0,2,4,2,2,1,18.3,1,2,2,27,7
7880,2011,1,2011-09-08,SE,BANYOLES,Pla de l'Estany,1,0,1,0,2,1,0,0,0,1,0,0,0,100.0,0.0,0,2,No n'hi ha,-1.0,3,3,1,0,0,0,0,0,0,0,0,0,0,0,4,-1,1,Atropellament,-1,2,2,5,0,2,1,17.55,1,3,3,8,9
7881,2011,1,2011-03-13,SE,MOLLERUSSA,Pla d'Urgell,2,0,1,0,2,1,0,1,0,0,0,0,0,100.0,0.0,0,2,No n'hi ha,-1.0,3,3,1,0,0,0,0,0,0,0,0,0,0,0,4,-1,1,Atropellament,-1,2,2,5,0,2,0,17.3,1,3,6,13,3
7882,2011,1,2011-07-03,SE,SABADELL,Valles Occidental,3,0,1,0,1,0,1,0,0,0,0,0,0,100.0,0.0,0,-1,No n'hi ha,-1.0,3,3,1,0,0,0,0,0,0,0,0,0,0,0,4,-1,-1,Caiguda en la via,-1,2,2,5,-1,2,0,10.45,0,0,6,3,7
7883,2011,0,2011-02-05,C-61,ARENYS DE MUNT,Maresme,3,0,1,1,2,0,0,1,1,0,0,0,0,100.0,0.0,0,3,No n'hi ha,-1.0,3,3,1,0,0,0,0,0,0,0,0,0,0,0,4,-1,1,Fregament o col·lisió lateral,-1,1,2,4,2,2,0,14.2,1,2,5,5,2