,Year,Area,Date,Road,Municipality Name,County Name,Province Name,Fatalties,Serious Injuries,Light Injuries,Units Involved,Pedestrains Involved,Bicycles Involved,Mopeds Involved,Motorcycles,Light Vehicles Involved,Heavy Vehicles Involved,Other Units Involved,Unspecified Units Involved,Road Speed Limit,Accident with Hit and Run,Fog Presence,Surrounding Environment,Special Lane Presence,Special Traffic Measures,Weather Conditions,Special Road Functions,Severity of Accident,Influence of Fog,Influence of Environment,Influence of Traffic,Influence of Weather,Influence of Wind Intensity,Influence of Lighting,Influence of Special Measures,Influence of Road Objects,Influence of Road Surface,Influence of Visibility,Intersection Characteristics,Lighting Conditions,Traffic Regulation and Priority,Direction of Road,Subtype of Accident,Subtype of Road Section,Subzone within Area,Road Surface Conditions,Type of Road,Road Ownership,Wind Conditions,Day of the Week Grouping,Hour of Day,Time of Day Grouping,Type of Accident,Day Type,Day,Month
7884,2011,1,2011-04-01,SE,BARCELONA,Barcelones,3,0,1,0,2,0,0,0,1,1,0,0,0,100.0,0.0,0,-1,No n'hi ha,-1.0,3,3,1,0,0,0,0,0,0,0,0,0,0,0,4,-1,0,Xoc contra objecte/obstacle sense sortida prèvia de via,-1,2,2,5,-1,2,0,19.2,1,4,4,1,4
7885,2011,0,2011-10-21,BV-5303,SEVA,Osona,3,0,1,4,3,0,0,0,0,3,0,0,0,50.0,0.0,0,0,No n'hi ha,-1.0,3,3,1,0,0,0,0,0,0,0,0,0,0,0,1,-1,1,Envestida (frontal lateral),-1,1,2,4,3,2,0,18.26,1,2,4,21,10
7886,2011,0,2011-08-22,C-14,VILAVERD,Conca de Barbera,0,1,2,1,3,0,0,0,0,3,0,0,0,100.0,0.0,0,1,No n'hi ha,-1.0,3,3,0,0,0,0,0,0,0,0,0,0,0,0,4,-1,1,Envestida (frontal lateral),-1,1,2,4,2,2,1,18.11,1,2,0,22,8
7887,2011,0,2011-09-13,T-240,"BISBAL DEL PENEDES, LA",Baix Penedes,0,0,1,0,2,0,1,0,0,1,0,0,0,40.0,0.0,0,1,No n'hi ha,-1.0,3,3,1,0,0,0,0,0,1,0,0,0,0,1,4,4,1,Envestida (frontal lateral),0,1,2,4,2,2,1,19.16,1,2,1,13,9
7888,2011,0,2011-11-16,C-31,BADALONA,Barcelones,3,0,1,0,1,0,0,0,0,1,0,0,0,80.0,0.0,0,3,No n'hi ha,-1.0,1,0,1,0,0,0,0,0,0,0,0,0,0,0,4,-1,1,Sortida de via amb xoc o col·lisió,-1,1,0,4,2,2,1,13.45,0,1,2,16,11
7889,2011,1,2011-01-27,SE,PREMIA DE MAR,Maresme,3,0,1,0,2,1,0,0,0,1,0,0,0,30.0,0.0,0,2,No n'hi ha,-1.0,3,3,1,-1,0,0,0,-1,0,0,0,0,0,0,4,-1,0,Atropellament,-1,2,2,5,-1,2,1,9.1,0,3,3,27,1
7890,2011,1,2011-07-13,SE,BADALONA,Barcelones,3,1,0,0,2,0,0,0,1,1,0,0,0,100.0,0.0,0,-1,No n'hi ha,-1.0,3,3,0,0,0,0,0,0,0,0,0,0,0,1,4,2,0,Xoc contra objecte/obstacle sense sortida prèvia de via,3,2,2,5,-1,2,1,10.2,0,4,2,13,7
7891,2011,0,2011-06-10,C-31,"PRAT DE LLOBREGAT, E",Baix Llobregat,3,0,1,0,2,0,1,0,0,1,0,0,0,100.0,0.0,0,2,No n'hi ha,-1.0,3,0,1,0,0,0,0,0,0,0,0,0,0,0,4,-1,1,Caiguda en la via,-1,1,2,4,2,2,0,18.5,1,0,4,10,6
7892,2011,0,2011-04-07,B-224,SANT ESTEVE SESROVIRES,Baix Llobregat,3,0,1,0,2,0,1,0,0,1,0,0,0,70.0,0.0,0,2,No n'hi ha,-1.0,3,3,1,0,0,0,0,0,1,0,0,0,0,1,1,4,1,Envestida (frontal lateral),1,1,2,4,2,2,1,19.45,1,2,3,7,4
7893,2011,0,2011-04-06,N-II,VILAGRASSA,Urgell,2,1,0,0,2,0,0,0,1,0,1,0,0,80.0,0.0,0,2,Carril central,-1.0,3,3,0,0,0,0,0,0,0,0,0,0,0,1,4,4,1,Envestida (frontal lateral),1,1,2,4,1,2,1,15.44,1,2,2,6,4
7894,2011,0,2011-04-17,TP-3311,"GALERA, LA",Montsia,0,0,1,0,2,0,0,0,1,1,0,0,0,70.0,0.0,0,2,No n'hi ha,-1.0,3,3,1,0,0,0,0,0,0,0,0,0,0,1,4,4,1,Envestida (frontal lateral),1,1,2,4,2,2,0,10.53,0,2,6,17,4
7895,2011,1,2011-03-14,SE,PIERA,Anoia,3,0,1,1,2,1,0,0,1,0,0,0,0,20.0,0.0,0,-1,No n'hi ha,-1.0,3,3,1,-1,0,0,0,-1,0,0,0,0,-1,0,4,-1,1,Atropellament,-1,2,2,5,-1,2,1,12.48,0,3,0,14,3
7896,2011,0,2011-04-30,BV-5301,"BRULL, EL",Osona,3,0,1,0,1,0,0,0,1,0,0,0,0,30.0,0.0,0,1,No n'hi ha,0.0,3,3,1,0,0,0,0,0,0,0,0,0,0,0,4,-1,1,Resta sortides de via,-1,1,2,4,3,2,0,15.15,1,1,5,30,4
7897,2011,0,2011-05-20,C-51,ALIO,Alt Camp,0,0,1,1,1,0,0,1,0,0,0,0,0,80.0,0.0,0,1,No n'hi ha,0.0,3,3,1,0,1,0,0,0,0,0,0,0,0,0,4,-1,1,Caiguda en la via,-1,1,2,4,2,1,1,13.5,0,0,4,20,5
7898,2011,1,2011-06-25,SE,TERRASSA,Valles Occidental,3,0,1,0,2,0,1,0,0,1,0,0,0,100.0,0.0,0,2,No n'hi ha,-1.0,3,3,1,0,0,0,0,0,0,0,0,0,0,1,4,4,0,Envestida (frontal lateral),0,2,2,5,-1,2,0,14.0,1,2,5,25,6
7899,2011,1,2011-12-23,SE,BARCELONA,Barcelones,3,0,1,0,2,0,0,0,1,1,0,0,0,100.0,0.0,0,-1,No n'hi ha,-1.0,3,3,1,0,0,1,0,0,0,0,0,0,0,0,1,-1,1,Fregament o col·lisió lateral,-1,2,2,5,-1,2,0,17.4,1,2,4,23,12
7900,2011,1,2011-09-13,SE,BARCELONA,Barcelones,3,0,2,1,3,1,0,0,2,0,0,0,0,100.0,0.0,0,-1,No n'hi ha,-1.0,3,3,1,0,0,0,0,0,0,0,0,0,0,1,4,3,0,Atropellament,2,2,2,5,-1,2,1,16.4,1,3,1,13,9
7901,2011,1,2011-09-15,SE,BARCELONA,Barcelones,3,0,1,0,2,0,0,0,1,1,0,0,0,100.0,0.0,0,-1,No n'hi ha,-1.0,3,3,1,0,0,0,0,0,0,0,0,0,0,0,4,-1,0,Fregament o col·lisió lateral,-1,2,2,5,-1,2,1,15.0,1,2,3,15,9
7902,2011,1,2011-04-18,SE,BARCELONA,Barcelones,3,0,1,0,2,0,0,0,1,1,0,0,0,100.0,0.0,0,-1,No n'hi ha,-1.0,3,3,1,0,0,0,0,0,0,0,0,0,0,1,5,3,0,Envestida (frontal lateral),2,2,2,5,-1,2,1,21.3,1,2,0,18,4
7903,2011,1,2011-09-12,SE,BARCELONA,Barcelones,3,0,1,1,2,0,0,0,1,1,0,0,0,100.0,0.0,0,-1,No n'hi ha,-1.0,3,3,1,0,0,0,0,0,0,0,0,0,0,0,5,-1,1,Fregament o col·lisió lateral,-1,2,2,5,-1,2,1,2.1,2,2,0,12,9
7904,2011,1,2011-11-30,SE,BARCELONA,Barcelones,3,0,2,2,3,2,0,0,1,0,0,0,0,100.0,0.0,0,-1,No n'hi ha,-1.0,3,3,1,0,0,0,0,0,0,0,0,0,0,1,4,3,1,Atropellament,2,2,2,5,-1,2,1,8.25,0,3,2,30,11
7905,2011,1,2011-11-04,SE,BARCELONA,Barcelones,3,0,1,0,2,0,0,0,1,0,1,0,0,100.0,0.0,0,-1,No n'hi ha,-1.0,1,3,1,0,0,1,0,0,0,0,0,0,0,0,4,-1,1,Caiguda en la via,-1,2,0,5,-1,2,1,7.35,0,0,4,4,11
7906,2011,1,2011-01-26,SE,PARETS DEL VALLES,Valles Oriental,3,0,1,0,2,1,0,0,0,1,0,0,0,100.0,0.0,0,-1,No n'hi ha,-1.0,3,3,1,0,0,0,0,0,0,0,0,0,0,0,4,-1,-1,Atropellament,-1,2,2,5,-1,2,1,8.55,0,3,2,26,1
7907,2011,0,2011-02-10,B-224,SANT LLORENC D'HORTO,Alt Penedes,3,0,1,0,2,0,0,0,1,1,0,0,0,100.0,0.0,0,2,No n'hi ha,-1.0,3,3,1,0,0,0,0,0,0,0,0,0,0,1,4,4,1,Fregament o col·lisió lateral,1,1,2,4,3,2,1,13.0,0,2,3,10,2
7908,2011,1,2011-09-28,SE,TERRASSA,Valles Occidental,3,0,1,0,2,1,0,0,0,1,0,0,0,100.0,0.0,0,-1,No n'hi ha,-1.0,3,3,1,0,0,0,0,0,0,0,0,0,0,0,4,-1,-1,Atropellament,-1,2,2,5,-1,2,1,8.51,0,3,2,28,9
7909,2011,0,2011-08-19,AP-7,"VENDRELL, EL",Baix Penedes,0,0,1,0,1,0,0,0,0,0,1,0,0,100.0,0.0,0,3,No n'hi ha,-1.0,3,3,1,0,0,0,0,0,0,0,0,0,0,0,4,-1,0,Resta sortides de via,-1,1,2,4,1,2,0,17.25,1,1,4,19,8
7910,2011,0,2011-06-24,TV-3401,CAMARLES,Baix Ebre,0,0,1,2,2,0,0,0,0,2,0,0,0,100.0,0.0,0,2,No n'hi ha,-1.0,3,3,1,0,0,0,0,0,0,0,0,0,0,1,4,4,1,Envestida (frontal lateral),2,1,2,4,3,2,0,16.35,1,2,4,24,6
7911,2011,1,2011-08-28,C-63,VIDRERES,Selva,1,0,1,0,2,1,0,0,0,1,0,0,0,100.0,0.0,0,2,No n'hi ha,-1.0,3,1,1,0,0,0,0,0,0,0,0,0,0,0,4,-1,1,Atropellament,-1,0,2,4,2,2,0,12.0,0,3,6,28,8
7912,2011,1,2011-09-19,SE,VALLGORGUINA,Valles Oriental,3,0,2,0,1,0,0,0,0,1,0,0,0,100.0,0.0,0,2,No n'hi ha,-1.0,3,3,1,0,1,0,0,0,0,0,0,0,0,0,4,-1,1,Resta sortides de via,-1,2,2,5,-1,2,1,16.18,1,1,0,19,9
7913,2011,0,2011-05-20,C-14,COLL DE NARGO,Alt Urgell,2,0,1,0,1,0,0,0,0,1,0,0,0,100.0,0.0,0,3,No n'hi ha,-1.0,3,3,1,0,0,0,0,0,0,0,0,0,0,0,4,-1,1,Resta sortides de via,-1,1,2,4,2,2,1,12.55,0,1,4,20,5
7914,2011,1,2011-07-13,SE,SANT ANDREU DE LLAVANERES,Maresme,3,0,1,1,2,1,0,0,0,1,0,0,0,20.0,0.0,0,-1,No n'hi ha,-1.0,3,3,1,0,-1,0,0,0,0,0,0,0,0,0,1,-1,-1,Atropellament,-1,2,2,5,-1,2,1,20.55,1,3,2,13,7
7915,2011,0,2011-08-27,GI-400,ALP,Cerdanya,1,0,1,0,2,0,0,0,1,1,0,0,0,40.0,0.0,0,1,No n'hi ha,-1.0,3,3,1,0,0,0,0,0,0,0,0,0,0,0,4,-1,1,Fregament o col·lisió lateral,-1,1,2,4,3,2,0,16.2,1,2,5,27,8
7916,2011,0,2011-10-24,GI-555,MASSANES,Selva,1,0,1,0,2,0,0,0,0,2,0,0,0,100.0,0.0,0,0,No n'hi ha,-1.0,2,3,1,0,0,0,1,0,0,0,0,0,0,0,2,-1,1,Xoc contra objecte/obstacle sense sortida prèvia de via,-1,1,0,4,2,1,1,17.43,1,4,0,24,10
7917,2011,1,2011-10-02,SE,CORNELLA DE LLOBREGAT,Baix Llobregat,3,0,1,0,2,0,0,0,1,1,0,0,0,30.0,0.0,0,2,No n'hi ha,-1.0,3,3,1,-1,0,0,0,-1,0,0,0,0,0,1,5,3,1,Envestida (frontal lateral),2,2,2,5,-1,2,0,0.45,2,2,6,2,10
7918,2011,0,2011-10-04,SE,FRANQUESES DEL VALLE,Valles Oriental,3,1,0,0,1,0,0,1,0,0,0,0,0,50.0,0.0,0,2,No n'hi ha,-1.0,3,3,0,0,0,0,0,0,1,0,1,0,0,2,3,5,1,Xoc contra objecte/obstacle sense sortida prèvia de via,-1,1,2,3,0,2,1,7.02,0,4,1,4,10
7919,2011,0,2011-10-16,N-340,SUBIRATS,Alt Penedes,3,0,1,0,2,1,0,0,0,1,0,0,0,70.0,0.0,0,3,No n'hi ha,-1.0,3,3,1,0,0,0,0,0,0,0,0,0,1,0,0,-1,1,Atropellament,-1,1,2,4,1,2,0,19.45,1,3,6,16,10
7920,2011,0,2011-03-10,C-251,"ROCA DEL VALLES, LA",Valles Oriental,3,1,0,2,2,0,0,1,0,1,0,0,0,60.0,0.0,0,3,No n'hi ha,-1.0,3,3,0,0,0,0,0,0,0,0,0,0,0,0,4,-1,1,Xoc contra objecte/obstacle sense sortida prèvia de via,-1,1,2,4,2,2,1,18.45,1,4,3,10,3
7921,2011,1,2011-03-29,SE,GRANOLLERS,Valles Oriental,3,0,1,0,2,0,0,0,1,1,0,0,0,100.0,0.0,0,2,No n'hi ha,-1.0,3,3,1,0,0,0,0,0,0,0,0,0,0,1,4,5,1,Envestida (frontal lateral),2,2,2,5,-1,2,1,15.5,1,2,1,29,3
7922,2011,1,2011-06-15,SE,TARRAGONA,Tarragones,0,0,1,2,2,0,0,0,0,2,0,0,0,50.0,0.0,0,1,No n'hi ha,-1.0,3,3,1,0,0,0,0,0,0,0,0,0,0,1,4,4,1,Envestida (frontal lateral),2,2,2,5,3,2,1,17.15,1,2,2,15,6
7923,2011,0,2011-02-12,BV-2115,CASTELLET I LA GORNA,Alt Penedes,3,0,1,0,1,0,0,0,1,0,0,0,0,100.0,0.0,0,1,No n'hi ha,-1.0,3,3,1,0,1,0,0,0,0,0,0,0,0,0,4,-1,1,Caiguda en la via,-1,1,2,4,3,2,0,14.0,1,0,5,12,2
7924,2011,0,2011-03-13,N-340,TARRAGONA,Tarragones,0,4,0,0,2,0,0,0,0,1,1,0,0,100.0,0.0,0,2,No n'hi ha,-1.0,3,3,0,0,0,0,0,0,0,0,0,0,0,0,4,-1,1,Col·lisió frontal,-1,1,2,4,1,2,0,9.25,0,2,6,13,3
7925,2011,1,2011-04-10,SE,FIGUERES,Alt Emporda,1,0,1,0,2,0,0,0,1,1,0,0,0,100.0,0.0,0,2,No n'hi ha,-1.0,3,3,1,0,0,0,0,0,0,0,0,0,0,1,4,4,1,Envestida (frontal lateral),1,2,2,5,-1,2,0,15.0,1,2,6,10,4
7926,2011,0,2011-05-06,C-16,TERRASSA,Valles Occidental,3,0,1,0,1,0,0,0,0,1,0,0,0,100.0,0.0,0,2,No n'hi ha,-1.0,3,3,1,0,0,0,0,0,0,0,0,0,0,0,4,-1,0,Altres,-1,1,2,4,2,2,0,15.1,1,5,4,6,5
7927,2011,1,2011-05-26,SE,BARCELONA,Barcelones,3,0,1,0,2,0,1,0,0,1,0,0,0,100.0,0.0,0,-1,No n'hi ha,0.0,3,3,1,0,0,0,0,0,0,0,0,0,1,1,4,3,0,Envestida (frontal lateral),2,2,2,5,-1,2,1,18.4,1,2,3,26,5
7928,2011,1,2011-09-24,SE,BADALONA,Barcelones,3,0,1,0,1,0,0,0,1,0,0,0,0,100.0,0.0,0,-1,No n'hi ha,-1.0,1,3,1,0,0,0,0,0,0,0,0,0,0,0,4,-1,0,Caiguda en la via,-1,2,0,5,-1,2,0,8.29,0,0,5,24,9
7929,2011,1,2011-12-31,SE,BIGUES I RIELLS,Valles Oriental,3,1,0,0,2,1,0,0,0,0,1,0,0,20.0,0.0,0,-1,No n'hi ha,-1.0,3,3,0,-1,0,0,0,-1,0,0,0,0,-1,0,4,-1,1,Atropellament,-1,2,2,5,-1,2,0,13.15,0,3,5,31,12
7930,2011,1,2011-09-26,SE,BARCELONA,Barcelones,3,1,1,1,2,0,0,0,1,1,0,0,0,100.0,0.0,0,-1,No n'hi ha,-1.0,3,3,0,0,0,0,0,0,0,0,0,0,0,1,4,2,1,Encalç,1,2,2,5,-1,2,1,9.3,0,2,0,26,9
7931,2011,1,2011-11-11,SE,BARCELONA,Barcelones,3,0,1,0,2,0,0,0,1,1,0,0,0,100.0,0.0,0,-1,No n'hi ha,-1.0,3,3,1,0,0,0,0,0,0,0,0,0,0,0,5,-1,1,Fregament o col·lisió lateral,-1,2,2,5,-1,2,0,23.15,2,2,4,11,11
7932,2011,0,2011-02-04,N-240,TORREGROSSA,Pla d'Urgell,2,1,0,0,2,0,0,0,1,1,0,0,0,80.0,0.0,0,2,No n'hi ha,-1.0,3,3,0,0,0,0,0,0,0,0,0,0,0,1,3,4,1,Envestida (frontal lateral),0,1,2,4,1,2,0,20.15,1,2,4,4,2
7933,2011,1,2011-02-28,SE,TARRAGONA,Tarragones,0,0,1,0,2,0,0,0,1,1,0,0,0,30.0,0.0,0,2,No n'hi ha,-1.0,3,3,1,0,0,0,0,0,0,0,0,0,0,1,4,4,1,Fregament o col·lisió lateral,2,2,2,5,-1,2,1,13.5,0,2,0,28,2
7934,2011,0,2011-01-18,N-260,FIGUERES,Alt Emporda,1,0,2,0,2,0,0,0,0,2,0,0,0,100.0,0.0,0,3,No n'hi ha,-1.0,3,3,1,0,0,0,0,0,0,0,1,0,0,0,4,-1,1,Envestida (frontal lateral),-1,1,2,4,1,2,1,8.25,0,2,1,18,1
7935,2011,1,2011-02-04,SE,MARTORELL,Baix Llobregat,3,0,1,0,2,0,0,0,0,2,0,0,0,20.0,0.0,0,2,No n'hi ha,-1.0,3,3,1,-1,0,0,0,-1,0,0,0,0,-1,1,5,4,1,Fregament o col·lisió lateral,2,2,2,5,-1,2,1,6.55,0,2,4,4,2
7936,2011,1,2011-09-18,SE,VILAFRANCA DEL PENEDES,Alt Penedes,3,0,1,0,2,0,1,0,0,1,0,0,0,20.0,0.0,0,-1,No n'hi ha,-1.0,3,3,1,-1,0,0,0,-1,0,0,0,0,0,1,4,4,0,Envestida (frontal lateral),1,2,2,5,-1,2,0,9.55,0,2,6,18,9
7937,2011,0,2011-07-17,SE,ALBANYA,Alt Emporda,1,0,1,0,1,0,0,0,1,0,0,0,0,20.0,0.0,0,1,No n'hi ha,-1.0,2,3,1,0,0,0,1,0,0,0,0,0,0,0,4,-1,1,Caiguda en la via,-1,1,0,3,0,1,0,14.42,1,0,6,17,7
7938,2011,1,2011-05-31,SE,VILAFRANCA DEL PENEDES,Alt Penedes,3,0,1,0,2,0,1,0,0,1,0,0,0,20.0,0.0,0,-1,No n'hi ha,-1.0,3,3,1,-1,-1,0,0,-1,0,0,0,0,0,1,4,4,0,Envestida (frontal lateral),1,2,2,5,-1,2,1,16.05,1,2,1,31,5
7939,2011,1,2011-06-18,C-63,"PLANES D'HOSTOLES, LES",Garrotxa,1,2,0,0,2,1,0,0,1,0,0,0,0,50.0,0.0,0,2,No n'hi ha,-1.0,3,1,0,0,1,0,0,0,0,0,0,0,0,0,4,-1,1,Atropellament,-1,0,2,4,2,2,0,16.14,1,3,5,18,6
7940,2011,1,2011-02-24,SE,SABADELL,Valles Occidental,3,0,1,0,2,0,0,0,1,1,0,0,0,100.0,0.0,0,-1,No n'hi ha,-1.0,3,3,1,0,0,0,0,0,0,0,0,0,0,0,4,-1,-1,Envestida (frontal lateral),-1,2,2,5,-1,2,1,18.3,1,2,3,24,2
7941,2011,0,2011-09-09,SE,POLINYA,Valles Occidental,3,1,0,0,2,0,1,0,0,1,0,0,0,100.0,0.0,0,-1,No n'hi ha,-1.0,3,3,0,0,0,0,0,0,0,0,0,0,0,0,4,-1,-1,Fregament o col·lisió lateral,-1,1,2,3,-1,2,1,10.09,0,2,4,9,9
7942,2011,1,2011-10-18,SE,SABADELL,Valles Occidental,3,0,1,0,2,1,0,0,0,1,0,0,0,100.0,0.0,0,-1,No n'hi ha,-1.0,3,3,1,0,0,0,0,0,0,0,0,0,0,0,4,-1,-1,Atropellament,-1,2,2,5,-1,2,1,19.46,1,3,1,18,10
7943,2011,1,2011-04-28,SE,SABADELL,Valles Occidental,3,0,2,0,2,1,1,0,0,0,0,0,0,100.0,0.0,0,-1,No n'hi ha,-1.0,3,3,1,0,0,0,0,0,0,0,0,0,0,0,4,-1,-1,Atropellament,-1,2,2,5,-1,2,1,12.05,0,3,3,28,4
7944,2011,0,2011-02-25,N-230,"PONT DE SUERT, EL",Alta Ribagorca,2,0,1,0,3,0,0,0,0,3,0,0,0,70.0,1.0,0,2,No n'hi ha,-1.0,3,3,1,0,0,0,0,0,0,0,0,0,0,0,3,-1,1,Sortida de via amb xoc o col·lisió,-1,1,2,4,1,2,0,21.46,1,1,4,25,2
7945,2011,0,2011-05-24,C-61,VALLGORGUINA,Valles Oriental,3,1,0,0,1,0,0,0,1,0,0,0,0,100.0,0.0,0,3,No n'hi ha,-1.0,3,3,0,0,0,0,0,0,0,0,0,0,0,0,4,-1,1,Resta sortides de via,-1,1,2,4,2,2,1,14.3,1,1,1,24,5
7946,2011,0,2011-03-12,N-II,MACANET DE LA SELVA,Selva,1,0,1,1,2,0,0,0,0,1,1,0,0,60.0,0.0,0,2,No n'hi ha,0.0,2,3,1,0,0,0,0,0,0,0,0,0,0,1,1,4,1,Envestida (frontal lateral),1,1,0,4,1,2,0,6.21,0,2,5,12,3
7947,2011,1,2011-07-19,SE,LLEIDA,Segria,2,0,1,0,1,0,1,0,0,0,0,0,0,100.0,0.0,0,-1,No n'hi ha,-1.0,3,3,1,0,0,0,0,1,0,0,0,0,0,0,4,-1,0,Caiguda en la via,-1,2,2,5,-1,2,1,18.0,1,0,1,19,7
7948,2011,0,2011-05-31,C-13,CAMARASA,Noguera,2,0,1,0,1,0,0,0,0,1,0,0,0,100.0,0.0,0,1,No n'hi ha,-1.0,2,3,1,0,0,0,1,0,0,0,0,0,0,0,2,-1,1,Resta sortides de via,-1,1,0,4,2,2,1,18.0,1,1,1,31,5
7949,2011,1,2011-05-02,SE,BARCELONA,Barcelones,3,0,1,0,2,0,0,1,0,1,0,0,0,100.0,0.0,0,-1,No n'hi ha,-1.0,1,3,1,0,0,0,0,0,0,0,0,0,0,0,4,-1,0,Fregament o col·lisió lateral,-1,2,0,5,-1,2,1,13.15,0,2,0,2,5
7950,2011,1,2011-09-21,SE,BARCELONA,Barcelones,3,1,0,0,2,1,0,0,0,1,0,0,0,100.0,0.0,0,-1,No n'hi ha,-1.0,3,3,0,0,0,0,0,0,0,0,0,0,0,1,4,2,1,Atropellament,1,2,2,5,-1,2,1,8.45,0,3,2,21,9
7951,2011,1,2011-04-12,SE,BARCELONA,Barcelones,3,0,1,1,2,1,0,0,1,0,0,0,0,100.0,0.0,0,-1,No n'hi ha,-1.0,3,3,1,0,0,0,0,0,0,0,0,0,0,1,4,3,1,Atropellament,2,2,2,5,-1,2,1,17.0,1,3,1,12,4
7952,2011,1,2011-06-28,SE,BARCELONA,Barcelones,3,1,0,0,2,1,0,0,0,0,1,0,0,100.0,0.0,0,-1,No n'hi ha,-1.0,3,3,0,0,0,0,0,0,0,0,0,0,0,1,4,3,1,Atropellament,1,2,2,5,-1,2,1,9.2,0,3,1,28,6
7953,2011,1,2011-07-22,SE,BARCELONA,Barcelones,3,0,1,0,3,0,0,2,0,1,0,0,0,100.0,0.0,0,-1,No n'hi ha,-1.0,3,3,1,0,0,0,0,0,0,0,0,0,0,1,4,3,1,Envestida (frontal lateral),2,2,2,5,-1,2,0,15.0,1,2,4,22,7
7954,2011,1,2011-11-18,SE,BARCELONA,Barcelones,3,0,1,0,2,1,1,0,0,0,0,0,0,100.0,0.0,0,-1,No n'hi ha,-1.0,3,3,1,0,0,0,0,0,0,0,0,0,0,0,4,-1,0,Atropellament,-1,2,2,5,-1,2,1,13.16,0,3,4,18,11
7955,2011,1,2011-01-13,SE,ROSES,Alt Emporda,1,1,0,0,2,1,0,0,0,1,0,0,0,100.0,0.0,0,-1,No n'hi ha,-1.0,3,3,0,0,0,0,0,0,0,0,0,0,0,0,4,-1,-1,Atropellament,-1,2,2,5,-1,2,1,20.17,1,3,3,13,1
7956,2011,0,2011-01-09,N-IIa,TARREGA,Urgell,2,0,1,2,1,0,0,0,0,1,0,0,0,100.0,0.0,0,2,No n'hi ha,-1.0,3,3,1,0,0,0,0,0,0,0,0,0,0,0,3,-1,1,Xoc contra objecte/obstacle sense sortida prèvia de via,-1,1,2,4,1,2,0,22.41,2,4,6,9,1
7957,2011,0,2011-01-27,C-63,AMER,Selva,1,1,1,0,2,0,0,0,0,2,0,0,0,100.0,0.0,0,2,No n'hi ha,-1.0,1,3,0,0,0,0,1,0,0,0,0,0,0,0,3,-1,1,Col·lisió frontal,-1,1,0,4,2,2,1,19.37,1,2,3,27,1
7958,2011,1,2011-04-24,SE,ROSES,Alt Emporda,1,0,1,0,1,0,0,0,0,1,0,0,0,20.0,0.0,0,-1,No n'hi ha,-1.0,1,3,1,0,0,0,0,0,0,0,0,0,0,0,1,-1,0,Resta sortides de via,-1,2,0,5,-1,2,0,5.45,2,1,6,24,4
7959,2011,1,2011-07-30,SE,LLINARS DEL VALLES,Valles Oriental,3,0,1,0,2,0,0,0,1,1,0,0,0,20.0,0.0,0,-1,No n'hi ha,-1.0,3,3,1,-1,0,0,0,-1,0,0,0,0,0,1,4,2,1,Fregament o col·lisió lateral,1,2,2,5,-1,2,0,11.3,0,2,5,30,7
7960,2011,0,2011-10-21,C-31,VILANOVA I LA GELTRU,Garraf,3,0,2,1,6,0,0,0,1,4,1,0,0,100.0,0.0,0,3,No n'hi ha,,1,3,1,0,0,0,0,0,0,0,0,0,0,0,4,-1,1,Encalç,-1,1,0,4,2,2,0,15.48,1,2,4,21,10
7961,2011,0,2011-10-17,C-65,GIRONA,Girones,1,0,1,0,1,0,0,0,0,0,1,0,0,100.0,0.0,0,0,No n'hi ha,-1.0,3,3,1,0,0,0,0,0,0,0,0,0,0,0,4,-1,0,Xoc contra objecte/obstacle sense sortida prèvia de via,-1,1,2,4,2,2,1,12.24,0,4,0,17,10
7962,2011,1,2011-03-27,SE,VILAFRANCA DEL PENEDES,Alt Penedes,3,0,1,0,2,1,0,0,0,1,0,0,0,20.0,0.0,0,-1,No n'hi ha,-1.0,3,3,1,-1,0,0,0,-1,0,0,0,0,0,1,4,2,0,Atropellament,1,2,2,5,-1,2,0,19.07,1,3,6,27,3
7963,2011,1,2011-05-06,SE,GAVA,Baix Llobregat,3,0,1,0,2,0,1,0,0,1,0,0,0,20.0,1.0,0,-1,No n'hi ha,-1.0,3,3,1,-1,-1,0,0,-1,0,0,0,0,0,1,4,4,-1,Envestida (frontal lateral),2,2,2,5,-1,2,1,12.2,0,2,4,6,5
7964,2011,1,2011-05-19,SE,SANT FELIU DE BUIXALLEU,Selva,1,0,1,0,2,0,0,1,0,1,0,0,0,100.0,0.0,0,2,No n'hi ha,-1.0,3,3,1,0,0,0,0,0,0,0,0,0,0,1,0,5,1,Envestida (frontal lateral),2,2,2,5,0,2,1,21.0,1,2,3,19,5
7965,2011,1,2011-09-25,SE,FONT-RUBI,Alt Penedes,3,0,1,0,1,0,0,0,1,0,0,0,0,100.0,0.0,0,3,No n'hi ha,-1.0,3,3,1,0,0,0,0,0,0,0,0,0,0,1,4,5,1,Caiguda en la via,1,2,2,5,0,2,0,17.02,1,0,6,25,9
7966,2011,1,2011-05-11,SE,ARGENTONA,Maresme,3,0,1,0,1,0,0,0,1,0,0,0,0,40.0,0.0,0,2,No n'hi ha,-1.0,3,3,1,0,0,0,0,0,0,0,0,0,0,0,4,-1,0,Resta sortides de via,-1,2,2,5,2,2,1,16.49,1,1,2,11,5
7967,2011,0,2011-09-09,B-510,DOSRIUS,Maresme,3,0,1,0,1,0,0,0,1,0,0,0,0,100.0,0.0,0,1,No n'hi ha,-1.0,3,3,1,0,0,0,0,0,0,0,0,0,0,0,4,-1,1,Resta sortides de via,-1,1,2,4,3,2,0,19.0,1,1,4,9,9