,Year,Area,Date,Road,Municipality Name,County Name,Province Name,Fatalties,Serious Injuries,Light Injuries,Units Involved,Pedestrains Involved,Bicycles Involved,Mopeds Involved,Motorcycles,Light Vehicles Involved,Heavy Vehicles Involved,Other Units Involved,Unspecified Units Involved,Road Speed Limit,Accident with Hit and Run,Fog Presence,Surrounding Environment,Special Lane Presence,Special Traffic Measures,Weather Conditions,Special Road Functions,Severity of Accident,Influence of Fog,Influence of Environment,Influence of Traffic,Influence of Weather,Influence of Wind Intensity,Influence of Lighting,Influence of Special Measures,Influence of Road Objects,Influence of Road Surface,Influence of Visibility,Intersection Characteristics,Lighting Conditions,Traffic Regulation and Priority,Direction of Road,Subtype of Accident,Subtype of Road Section,Subzone within Area,Road Surface Conditions,Type of Road,Road Ownership,Wind Conditions,Day of the Week Grouping,Hour of Day,Time of Day Grouping,Type of Accident,Day Type,Day,Month
7968,2011,1,2011-05-30,SE,TARRAGONA,Tarragones,0,0,1,0,2,0,0,0,1,1,0,0,0,50.0,,0,2,No n'hi ha,-1.0,1,3,1,-1,0,0,0,-1,0,0,0,0,0,0,2,-1,1,Encalç,-1,2,0,5,-1,2,1,12.3,0,2,0,30,5
7969,2011,1,2011-11-04,SE,GRANOLLERS,Valles Oriental,3,0,1,0,3,1,0,0,0,2,0,0,0,100.0,0.0,0,2,No n'hi ha,-1.0,3,3,1,0,0,0,1,0,0,0,0,0,0,1,5,-1,1,Atropellament,2,2,2,5,-1,2,0,21.15,1,3,4,4,11
7970,2011,0,2011-11-03,C-16,SALLENT,Bages,3,1,0,0,2,1,0,0,0,1,0,0,0,120.0,0.0,0,2,No n'hi ha,-1.0,3,3,0,0,0,0,0,0,0,0,0,0,0,0,3,-1,0,Atropellament,-1,1,2,4,2,2,1,20.0,1,3,3,3,11
7971,2011,0,2011-02-15,C-35,SANTA MARIA DE PALAU,Valles Oriental,3,0,2,0,2,0,0,0,0,2,0,0,0,40.0,0.0,0,2,No n'hi ha,0.0,1,3,1,0,1,0,0,0,0,0,0,0,0,1,0,4,1,Envestida (frontal lateral),2,1,0,4,2,2,1,20.45,1,2,1,15,2
7972,2011,0,2011-03-05,C-66,FLACA,Girones,1,0,3,0,2,0,0,0,0,2,0,0,0,100.0,0.0,0,2,No n'hi ha,-1.0,1,3,1,0,0,0,1,0,0,0,0,0,0,0,2,-1,1,Fregament o col·lisió lateral,-1,1,0,4,2,2,0,8.09,0,2,5,5,3
7973,2011,1,2011-02-14,SE,GRANOLLERS,Valles Oriental,3,0,1,0,2,0,0,1,0,0,1,0,0,100.0,0.0,0,2,No n'hi ha,-1.0,3,3,1,0,0,0,0,0,0,0,0,0,0,1,0,4,1,Fregament o col·lisió lateral,0,2,2,5,-1,1,1,20.43,1,2,0,14,2
7974,2011,0,2011-02-28,C-1415A,TERRASSA,Valles Occidental,3,1,0,0,2,0,0,0,1,1,0,0,0,100.0,0.0,0,3,No n'hi ha,-1.0,3,3,0,0,0,0,0,0,0,0,0,0,0,0,4,-1,1,Col·lisió frontal,-1,1,2,4,2,2,1,14.36,1,2,0,28,2
7975,2011,0,2011-06-03,SE,VALLS,Alt Camp,0,0,1,0,2,0,0,0,0,2,0,0,0,100.0,0.0,0,-1,No n'hi ha,-1.0,3,3,1,0,0,0,0,0,0,0,0,0,0,0,4,-1,-1,Envestida (frontal lateral),-1,1,2,3,-1,2,1,13.45,0,2,4,3,6
7976,2011,1,2011-03-27,SE,IGUALADA,Anoia,3,0,1,2,2,0,0,0,0,2,0,0,0,50.0,0.0,0,-1,No n'hi ha,-1.0,3,3,1,-1,0,0,0,-1,0,0,0,0,0,1,4,4,1,Col·lisió frontal,1,2,2,5,-1,2,0,17.25,1,2,6,27,3
7977,2011,1,2011-04-01,SE,MANRESA,Bages,3,0,1,0,2,1,0,0,0,1,0,0,0,100.0,0.0,0,2,No n'hi ha,-1.0,3,3,1,0,0,0,0,0,0,0,0,0,0,1,4,2,0,Atropellament,1,2,2,5,-1,2,1,8.5,0,3,4,1,4
7978,2011,1,2011-06-26,GI-641,TORROELLA DE MONTGRI,Baix Emporda,1,1,0,0,2,1,0,0,0,1,0,0,0,100.0,0.0,0,2,No n'hi ha,-1.0,3,1,0,0,0,0,0,0,1,0,0,0,1,0,4,-1,1,Atropellament,-1,0,2,4,2,2,0,14.13,1,3,6,26,6
7979,2011,0,2011-02-03,N-II,VILAMALLA,Alt Emporda,1,1,1,1,4,0,0,0,0,2,2,0,0,80.0,0.0,0,1,No n'hi ha,-1.0,3,0,0,0,0,0,0,0,0,0,0,0,0,0,3,-1,1,Col·lisió frontal,-1,1,2,4,1,2,1,18.48,1,2,3,3,2
7980,2011,0,2011-12-11,BV-2115,CASTELLET I LA GORNA,Alt Penedes,3,0,1,0,1,0,0,0,1,0,0,0,0,40.0,0.0,0,1,No n'hi ha,-1.0,3,3,1,0,0,0,0,0,0,0,0,0,0,0,4,-1,1,Resta sortides de via,-1,1,2,4,0,2,0,11.5,0,1,6,11,12
7981,2011,0,2011-11-25,GI-610,VILAJUIGA,Alt Emporda,1,0,1,0,2,0,0,1,0,1,0,0,0,80.0,0.0,0,2,No n'hi ha,-1.0,3,3,1,0,0,0,0,0,0,0,0,0,0,0,4,-1,1,Envestida (frontal lateral),-1,1,2,4,2,2,0,15.0,1,2,4,25,11
7982,2011,1,2011-12-31,SE,GAVA,Baix Llobregat,3,0,1,0,2,0,1,0,0,1,0,0,0,20.0,0.0,0,-1,No n'hi ha,-1.0,3,3,1,-1,-1,0,0,-1,0,0,0,0,0,1,4,4,-1,Envestida (frontal lateral),1,2,2,5,-1,2,0,12.3,0,2,5,31,12
7983,2012,1,2012-07-14,N-II,ARENYS DE MAR,Maresme,3,0,1,0,2,0,0,0,1,1,0,0,0,100.0,0.0,0,2,No n'hi ha,-1.0,3,1,1,0,0,0,0,0,0,0,0,0,0,0,4,-1,1,Caiguda en la via,-1,0,2,4,1,2,0,17.36,1,0,5,14,7
7984,2012,1,2012-10-19,SE,LLEIDA,Segria,2,0,1,0,2,1,0,0,0,1,0,0,0,100.0,0.0,0,2,No n'hi ha,-1.0,3,3,1,0,0,0,0,0,0,0,0,0,0,2,4,3,1,Atropellament,2,2,2,5,-1,2,1,11.45,0,3,4,19,10
7985,2012,0,2012-12-17,N-141e,BESCANO,Girones,1,0,1,0,2,0,0,0,1,1,0,0,0,100.0,0.0,0,2,No n'hi ha,-1.0,3,3,1,0,0,0,0,0,0,0,0,0,0,0,4,-1,1,Fregament o col·lisió lateral,-1,1,2,4,2,2,1,12.5,0,2,0,17,12
7986,2012,0,2012-09-01,BV-5101,DOSRIUS,Maresme,3,0,1,1,3,0,0,1,0,2,0,0,0,100.0,0.0,0,2,No n'hi ha,-1.0,3,3,1,0,0,0,0,0,0,0,0,0,0,0,3,-1,1,Caiguda en la via,-1,1,2,4,3,2,0,1.55,2,0,5,1,9
7987,2012,1,2012-10-05,SE,LLEIDA,Segria,2,0,1,0,2,1,0,0,0,1,0,0,0,100.0,0.0,0,2,No n'hi ha,-1.0,3,3,1,0,0,0,0,0,0,0,0,0,0,0,4,-1,1,Atropellament,-1,2,2,5,-1,2,1,9.0,0,3,4,5,10
7988,2012,0,2012-08-04,N-260,"PONT DE SUERT, EL",Alta Ribagorca,2,1,0,0,2,0,0,0,1,1,0,0,0,100.0,0.0,0,1,No n'hi ha,-1.0,3,3,0,0,0,0,0,0,0,0,0,0,0,0,4,-1,1,Col·lisió frontal,-1,1,2,4,1,2,0,12.35,0,2,5,4,8
7989,2012,0,2012-09-16,C-14,OLIANA,Alt Urgell,2,0,1,1,1,0,0,0,1,0,0,0,0,100.0,0.0,0,1,No n'hi ha,-1.0,3,3,1,0,0,0,0,0,0,0,0,0,0,0,4,-1,1,Resta sortides de via,-1,1,2,3,0,2,0,16.58,1,1,6,16,9
7990,2012,1,2012-04-26,SE,BARCELONA,Barcelones,3,0,1,0,2,0,0,0,1,1,0,0,0,100.0,0.0,0,-1,No n'hi ha,-1.0,3,3,1,0,0,0,0,0,0,0,0,0,0,1,5,3,0,Envestida (frontal lateral),2,2,2,5,-1,2,1,21.25,1,2,3,26,4
7991,2012,0,2012-12-20,N-260,PERALADA,Alt Emporda,1,0,1,2,3,0,0,0,0,3,0,0,0,100.0,0.0,0,1,No n'hi ha,-1.0,3,3,1,0,0,0,0,0,0,0,0,0,0,0,2,-1,1,Col·lisió frontal,-1,1,2,4,1,1,1,17.19,1,2,3,20,12
7992,2012,0,2012-09-08,C-12,FLIX,Ribera d'Ebre,0,0,1,0,2,0,0,1,0,0,1,0,0,50.0,0.0,0,2,No n'hi ha,-1.0,3,3,1,0,0,0,0,0,0,0,0,0,0,0,4,-1,1,Fregament o col·lisió lateral,-1,1,2,4,2,2,0,11.45,0,2,5,8,9
7993,2012,1,2012-08-12,SE,BARCELONA,Barcelones,3,0,1,0,2,0,0,1,0,1,0,0,0,100.0,0.0,0,-1,No n'hi ha,-1.0,3,3,1,0,0,0,0,0,0,0,1,0,0,1,4,3,0,Envestida (frontal lateral),1,2,2,5,-1,2,0,13.0,0,2,6,12,8
7994,2012,0,2012-07-06,AP-7,"ROCA DEL VALLES, LA",Valles Oriental,3,0,1,0,2,0,0,0,1,1,0,0,0,100.0,0.0,0,3,No n'hi ha,-1.0,3,3,1,0,0,0,0,0,0,0,0,0,0,0,4,-1,1,Encalç,-1,1,2,4,1,2,0,17.0,1,2,4,6,7
7995,2012,1,2012-01-16,SE,VILAFRANCA DEL PENEDES,Alt Penedes,3,0,1,0,1,0,0,0,0,0,1,0,0,20.0,0.0,0,-1,No n'hi ha,-1.0,3,3,1,-1,0,0,0,-1,0,0,0,0,0,1,4,2,0,Caiguda en la via,1,2,2,5,-1,2,1,13.21,0,0,0,16,1
7996,2012,0,2012-03-04,N-IIa,LLEIDA,Segria,2,0,1,2,1,0,0,0,0,1,0,0,0,90.0,0.0,0,-1,Sense Especificar,-1.0,3,3,1,0,0,0,0,0,0,0,0,0,0,0,4,-1,-1,Resta sortides de via,-1,1,2,4,4,2,0,5.54,2,1,6,4,3
7997,2012,1,2012-04-02,SE,BARCELONA,Barcelones,3,1,0,0,2,1,0,0,0,1,0,0,0,100.0,0.0,0,-1,No n'hi ha,-1.0,3,3,0,0,0,1,0,0,0,0,0,0,1,1,4,3,1,Atropellament,1,2,2,5,-1,2,1,9.45,0,3,0,2,4
7998,2012,0,2012-09-30,B-500,SANT FOST DE CAMPSEN,Valles Oriental,3,0,1,0,1,0,1,0,0,0,0,0,0,100.0,0.0,0,3,No n'hi ha,-1.0,3,3,1,0,0,0,1,0,0,0,0,0,0,0,4,-1,1,Caiguda en la via,-1,1,2,4,3,2,0,9.0,0,0,6,30,9
7999,2012,0,2012-10-31,AP-7,MOLLET DEL VALLES,Valles Oriental,3,0,1,1,2,0,0,0,0,0,2,0,0,100.0,0.0,0,1,No n'hi ha,3.0,3,3,1,0,0,1,0,0,0,0,0,0,0,0,0,-1,1,Encalç,-1,1,2,4,1,2,1,20.49,1,2,2,31,10
8000,2012,0,2012-09-20,GI-612,"PORT DE LA SELVA, EL",Alt Emporda,1,0,1,0,2,0,1,0,0,1,0,0,0,90.0,0.0,0,-1,Sense Especificar,-1.0,3,3,1,0,0,0,0,0,0,0,0,0,0,0,4,-1,-1,Fregament o col·lisió lateral,-1,1,2,4,4,2,1,8.31,0,2,3,20,9
8001,2012,1,2012-01-11,SE,VILANOVA I LA GELTRU,Garraf,3,0,1,0,2,0,1,0,0,1,0,0,0,100.0,0.0,0,1,No n'hi ha,-1.0,3,3,1,0,0,0,0,0,1,0,0,0,0,2,1,-1,1,Envestida (frontal lateral),0,2,2,5,-1,2,1,17.15,1,2,2,11,1
8002,2012,1,2012-12-16,SE,BARCELONA,Barcelones,3,0,1,0,2,0,0,1,0,1,0,0,0,100.0,0.0,0,-1,No n'hi ha,-1.0,3,3,1,0,0,0,0,0,0,0,0,0,0,1,5,3,0,Envestida (frontal lateral),2,2,2,5,-1,2,0,4.45,2,2,6,16,12
8003,2012,0,2012-03-18,CR1,PUIGPELAT,Alt Camp,0,0,1,0,1,0,0,0,1,0,0,0,0,100.0,0.0,0,1,No n'hi ha,-1.0,3,3,1,0,0,0,0,0,1,0,0,1,1,0,4,-1,0,Caiguda en la via,-1,1,0,3,0,2,0,13.45,0,0,6,18,3
8004,2012,1,2012-11-02,SE,TERRASSA,Valles Occidental,3,0,1,0,2,0,0,0,1,1,0,0,0,100.0,0.0,0,-1,No n'hi ha,-1.0,3,3,1,0,0,0,0,0,0,0,0,0,0,0,4,-1,-1,Envestida (frontal lateral),-1,2,2,5,-1,2,0,15.19,1,2,4,2,11
8005,2012,0,2012-11-26,N-150,MONTCADA I REIXAC,Valles Occidental,3,0,1,0,2,0,0,0,1,1,0,0,0,100.0,0.0,0,2,No n'hi ha,-1.0,3,3,1,0,0,0,0,0,0,0,0,0,0,0,4,-1,1,Envestida (frontal lateral),-1,1,2,4,2,2,1,17.0,1,2,0,26,11
8006,2012,1,2012-01-11,SE,MANRESA,Bages,3,0,1,0,2,0,0,1,0,1,0,0,0,100.0,0.0,0,2,No n'hi ha,-1.0,3,3,1,0,0,0,0,0,0,0,0,0,0,1,4,4,1,Envestida (frontal lateral),2,2,2,5,0,2,1,14.55,1,2,2,11,1
8007,2012,0,2012-07-20,L-303,OSSO DE SIO,Urgell,2,0,1,2,1,0,0,0,0,1,0,0,0,100.0,0.0,0,2,No n'hi ha,-1.0,3,3,1,0,0,0,0,0,0,0,0,0,0,0,4,-1,1,Resta sortides de via,-1,1,2,4,3,2,1,8.55,0,1,4,20,7
8008,2012,0,2012-10-30,AP-7,"PAPIOL, EL",Baix Llobregat,3,0,1,0,2,0,0,0,1,0,1,0,0,100.0,0.0,0,2,Altres,-1.0,3,3,1,0,0,0,0,0,0,0,0,0,0,1,0,-1,0,Encalç,3,1,2,4,2,2,1,18.45,1,2,1,30,10
8009,2012,0,2012-04-26,BV-5301,SANTA MARIA DE PALAU,Valles Oriental,3,0,1,0,2,0,1,0,0,1,0,0,0,100.0,0.0,0,3,No n'hi ha,-1.0,3,3,1,0,0,0,0,0,0,0,0,0,0,0,1,-1,1,Encalç,-1,1,2,4,3,2,1,6.3,0,2,3,26,4
8010,2012,1,2012-01-09,SE,TORTOSA,Baix Ebre,0,0,1,0,1,0,0,0,0,0,0,1,0,100.0,0.0,0,3,No n'hi ha,-1.0,3,3,1,0,0,0,0,0,0,0,0,0,0,1,5,4,0,Caiguda en la via,0,2,2,5,0,2,1,20.15,1,0,0,9,1
8011,2012,0,2012-05-12,C-32,PALAFOLLS,Maresme,3,0,2,0,2,0,0,0,1,1,0,0,0,80.0,0.0,0,1,No n'hi ha,-1.0,3,3,1,0,0,0,0,0,0,0,0,0,0,0,4,-1,1,Encalç,-1,1,2,4,2,2,0,12.0,0,2,5,12,5
8012,2012,1,2012-08-29,SE,SABADELL,Valles Occidental,3,0,1,0,2,0,0,0,1,0,1,0,0,100.0,0.0,0,-1,No n'hi ha,-1.0,3,3,1,0,0,0,0,0,0,0,0,0,0,0,4,-1,-1,Altres,-1,2,2,5,-1,2,1,8.06,0,5,2,29,8
8013,2012,0,2012-02-27,C-58,SANT QUIRZE DEL VALLES,Valles Occidental,3,0,1,0,1,0,0,0,1,0,0,0,0,100.0,0.0,0,2,No n'hi ha,-1.0,3,3,1,0,0,0,0,0,0,0,1,0,0,0,4,-1,1,Xoc contra objecte/obstacle sense sortida prèvia de via,-1,1,2,4,2,2,1,10.2,0,4,0,27,2
8014,2012,0,2012-05-27,C-1415a,CASTELLAR DEL VALLES,Valles Occidental,3,0,1,0,2,0,0,0,1,1,0,0,0,90.0,0.0,0,-1,Sense Especificar,-1.0,3,3,1,0,0,0,0,0,0,0,0,0,0,0,4,-1,-1,Fregament o col·lisió lateral,-1,1,2,4,4,2,0,13.58,0,2,6,27,5
8015,2012,1,2012-11-28,SE,SALOU,Tarragones,0,0,1,0,2,1,0,0,0,1,0,0,0,100.0,0.0,0,2,No n'hi ha,-1.0,3,3,1,0,0,0,0,0,0,0,0,0,0,0,5,-1,0,Atropellament,-1,2,2,5,-1,2,1,20.3,1,3,2,28,11
8016,2012,1,2012-06-25,SE,MANLLEU,Osona,3,0,1,0,2,1,0,0,0,1,0,0,0,20.0,0.0,0,2,No n'hi ha,-1.0,3,1,1,-1,0,0,0,-1,0,0,0,0,-1,0,4,-1,1,Atropellament,-1,0,2,5,-1,2,1,7.38,0,3,0,25,6
8017,2012,0,2012-02-28,C-12,ALFES,Segria,2,1,0,0,2,0,0,0,1,1,0,0,0,100.0,0.0,0,2,No n'hi ha,-1.0,3,3,0,0,0,0,0,0,0,0,1,0,0,0,3,-1,1,Caiguda en la via,-1,1,2,4,2,2,1,21.2,1,0,1,28,2
8018,2012,0,2012-09-11,C-61,ARENYS DE MAR,Maresme,3,0,1,0,2,0,1,0,0,1,0,0,0,100.0,0.0,0,2,No n'hi ha,-1.0,3,3,1,0,0,0,0,0,0,0,0,0,0,1,4,4,0,Fregament o col·lisió lateral,2,1,2,4,2,2,1,14.21,1,2,1,11,9
8019,2012,0,2012-07-22,N-260,FONTANALS DE CERDANYA,Cerdanya,1,0,1,1,2,0,0,0,1,1,0,0,0,60.0,0.0,0,0,No n'hi ha,-1.0,3,3,1,0,1,0,0,0,0,0,0,0,0,0,4,-1,1,Envestida (frontal lateral),-1,1,2,4,1,2,0,18.57,1,2,6,22,7
8020,2012,1,2012-07-01,SE,IGUALADA,Anoia,3,0,1,0,2,0,0,1,0,1,0,0,0,50.0,0.0,0,2,No n'hi ha,-1.0,3,3,1,-1,0,0,0,-1,0,0,0,0,0,1,4,4,-1,Fregament o col·lisió lateral,2,2,2,5,-1,2,0,12.47,0,2,6,1,7
8021,2012,0,2012-10-09,BV-1221,NAVARCLES,Bages,3,0,1,0,2,1,0,0,0,1,0,0,0,90.0,0.0,0,-1,Sense Especificar,-1.0,3,3,1,0,0,0,0,0,0,0,0,0,0,0,4,-1,-1,Atropellament,-1,1,2,4,4,2,1,20.33,1,3,1,9,10
8022,2012,1,2012-03-18,N-260,VILAFANT,Alt Emporda,1,1,0,1,4,1,3,0,0,0,0,0,0,50.0,0.0,0,2,No n'hi ha,,3,1,0,0,0,0,0,0,0,0,0,0,0,0,4,-1,1,Atropellament,-1,0,2,4,1,2,0,13.5,0,3,6,18,3
8023,2012,1,2012-01-28,SE,MATARO,Maresme,3,0,1,0,1,0,0,0,0,1,0,0,0,20.0,0.0,0,2,No n'hi ha,-1.0,3,3,1,-1,0,0,0,-1,0,0,0,0,-1,1,5,5,0,Xoc contra objecte/obstacle sense sortida prèvia de via,1,2,2,5,-1,2,0,6.2,0,4,5,28,1
8024,2012,1,2012-11-13,SE,ESPLUGUES DE LLOBREGAT,Baix Llobregat,3,0,1,0,2,0,0,0,1,1,0,0,0,20.0,0.0,0,-1,No n'hi ha,-1.0,3,3,1,-1,0,0,0,-1,0,0,0,0,-1,1,4,3,1,Envestida (frontal lateral),1,2,2,5,-1,2,1,8.2,0,2,1,13,11
8025,2012,0,2012-11-30,CR,ALPICAT,Segria,2,0,1,2,2,0,0,0,0,2,0,0,0,30.0,0.0,0,0,No n'hi ha,-1.0,3,3,1,0,0,0,0,0,1,0,0,0,1,0,5,-1,1,Col·lisió frontal,-1,1,2,3,0,2,0,19.1,1,2,4,30,11
8026,2012,0,2012-06-12,C-25,SANT PERE SALLAVINER,Anoia,3,0,1,0,2,0,0,0,0,1,1,0,0,80.0,0.0,0,2,No n'hi ha,0.0,3,3,1,0,0,0,0,0,0,0,0,0,0,0,4,-1,1,Envestida (frontal lateral),-1,1,2,4,2,2,1,8.12,0,2,1,12,6
8027,2012,0,2012-11-13,C-26,CASTELLAR DE LA RIBERA,Solsones,2,0,2,0,2,0,0,0,0,1,1,0,0,100.0,0.0,0,0,No n'hi ha,-1.0,3,3,1,0,0,0,0,0,1,0,0,0,0,0,4,-1,1,Encalç,-1,1,2,4,2,2,1,9.41,0,2,1,13,11
8028,2012,0,2012-05-01,C-241d,"PILES, LES",Conca de Barbera,0,0,1,0,2,0,0,0,1,1,0,0,0,100.0,0.0,0,1,No n'hi ha,-1.0,3,3,1,0,0,0,0,0,0,0,0,0,0,0,4,-1,1,Caiguda en la via,-1,1,2,4,2,2,1,11.3,0,0,1,1,5
8029,2012,0,2012-10-02,TV-3141,RIUDOMS,Baix Camp,0,0,1,2,1,0,0,0,0,1,0,0,0,90.0,0.0,0,-1,Sense Especificar,-1.0,3,3,1,0,0,0,0,0,0,0,0,0,0,0,4,-1,-1,Resta sortides de via,-1,1,2,4,4,2,1,17.41,1,1,1,2,10
8030,2012,1,2012-01-13,SE,BADALONA,Barcelones,3,0,1,0,2,0,0,0,1,1,0,0,0,20.0,0.0,0,-1,No n'hi ha,-1.0,3,3,1,0,0,0,0,0,0,0,0,0,0,1,5,4,1,Envestida (frontal lateral),2,2,2,5,-1,2,1,6.59,0,2,4,13,1
8031,2012,0,2012-08-15,C-61,VALLGORGUINA,Valles Oriental,3,0,1,0,1,0,0,0,0,1,0,0,0,100.0,0.0,0,3,No n'hi ha,-1.0,3,3,1,0,0,0,0,0,0,0,0,0,0,0,4,-1,1,Resta sortides de via,-1,1,2,4,2,2,1,15.0,1,1,2,15,8
8032,2012,0,2012-06-27,C-63,VIDRERES,Selva,1,1,3,1,1,0,0,0,0,1,0,0,0,50.0,0.0,0,1,No n'hi ha,-1.0,3,3,0,0,0,0,0,0,0,0,0,0,0,1,4,5,1,Sortida de via amb xoc o col·lisió,1,1,2,4,2,2,1,18.58,1,1,2,27,6
8033,2012,0,2012-01-23,BP-5002,ALELLA,Maresme,3,0,1,0,2,0,0,0,1,1,0,0,0,50.0,0.0,0,3,No n'hi ha,-1.0,3,3,1,0,0,0,0,0,0,0,0,0,0,1,4,5,1,Caiguda en la via,2,1,2,4,2,2,1,10.2,0,0,0,23,1
8034,2012,0,2012-02-13,C-25,CASTELLFOLLIT DE RIU,Anoia,3,0,1,0,1,0,0,0,0,0,1,0,0,90.0,0.0,0,-1,Sense Especificar,-1.0,3,3,1,0,0,0,0,0,0,0,0,0,0,0,4,-1,-1,Resta sortides de via,-1,1,2,4,4,2,1,6.0,0,1,0,13,2
8035,2012,1,2012-07-26,T-700,"ESPLUGA DE FRANCOLI, L'",Conca de Barbera,0,0,1,0,2,0,0,1,1,0,0,0,0,100.0,0.0,0,2,No n'hi ha,-1.0,3,1,1,0,0,0,0,0,0,0,0,0,0,0,4,-1,1,Envestida (frontal lateral),-1,0,2,4,3,2,1,17.01,1,2,3,26,7
8036,2012,0,2012-01-22,BP-1417,SANT CUGAT DEL VALLES,Valles Occidental,3,0,1,0,1,0,0,0,1,0,0,0,0,100.0,0.0,0,3,No n'hi ha,-1.0,3,3,1,0,0,0,0,0,0,0,0,0,0,0,4,-1,1,Caiguda en la via,-1,1,2,4,3,2,0,16.0,1,0,6,22,1
8037,2012,1,2012-05-23,SE,HOSPITALET DE LLOBREGAT,Barcelones,3,0,1,0,2,0,0,0,1,0,1,0,0,20.0,1.0,0,2,No n'hi ha,-1.0,3,3,1,-1,0,0,0,-1,0,0,0,0,-1,0,4,-1,1,Encalç,-1,2,2,5,-1,2,1,18.55,1,2,2,23,5
8038,2012,1,2012-05-09,SE,CAMBRILS,Baix Camp,0,0,1,0,2,1,0,0,0,1,0,0,0,100.0,0.0,0,-1,No n'hi ha,-1.0,3,3,1,0,0,0,0,0,0,0,0,0,0,0,4,-1,-1,Atropellament,-1,2,2,5,-1,2,1,9.28,0,3,2,9,5
8039,2012,0,2012-10-26,A-2,CASTELLOLI,Anoia,3,0,1,0,1,0,0,0,0,0,1,0,0,90.0,0.0,0,1,No n'hi ha,-1.0,2,3,1,0,0,0,1,0,0,0,0,0,0,0,1,-1,0,Resta sortides de via,-1,1,2,4,1,1,1,7.59,0,1,4,26,10
8040,2012,1,2012-07-30,N-260,BOLVIR,Cerdanya,1,0,1,0,2,0,0,0,0,0,1,1,0,30.0,0.0,0,3,No n'hi ha,-1.0,3,1,1,0,0,0,0,0,0,0,0,0,0,1,4,3,1,Fregament o col·lisió lateral,4,0,2,4,1,2,1,17.17,1,2,0,30,7
8041,2012,0,2012-06-03,C-260,CASTELLO D'EMPURIES,Alt Emporda,1,0,1,1,1,0,0,0,1,0,0,0,0,40.0,0.0,0,1,No n'hi ha,-1.0,3,3,1,0,0,0,1,0,0,0,0,0,0,2,2,4,1,Caiguda en la via,0,1,2,4,2,2,0,18.07,1,0,6,3,6
8042,2012,1,2012-06-20,N-IIa,SANT JULIA DE RAMIS,Girones,1,0,1,0,2,0,0,0,1,1,0,0,0,50.0,0.0,0,2,No n'hi ha,-1.0,3,1,1,0,0,0,0,0,0,0,0,0,0,2,4,5,1,Encalç,1,0,2,4,1,2,1,19.15,1,2,2,20,6
8043,2012,1,2012-04-21,SE,TORTOSA,Baix Ebre,0,0,1,0,2,1,0,0,0,1,0,0,0,100.0,0.0,0,2,No n'hi ha,-1.0,3,3,1,0,0,0,0,0,0,0,0,0,0,0,4,-1,1,Atropellament,-1,2,2,5,-1,2,0,13.3,0,3,5,21,4
8044,2012,0,2012-10-22,GI-642,RUPIA,Baix Emporda,1,1,0,1,2,0,0,0,0,2,0,0,0,100.0,0.0,0,2,No n'hi ha,-1.0,3,3,0,0,0,0,0,0,0,0,0,0,0,0,2,-1,1,Fregament o col·lisió lateral,-1,1,2,4,2,2,1,9.45,0,2,0,22,10
8045,2012,1,2012-10-22,SE,FRANQUESES DEL VALLE,Valles Oriental,3,0,1,0,2,0,0,0,1,1,0,0,0,100.0,0.0,0,2,No n'hi ha,-1.0,3,3,1,0,0,0,0,0,0,0,0,0,0,0,1,-1,0,Envestida (frontal lateral),-1,2,2,5,-1,2,1,17.5,1,2,0,22,10
8046,2012,0,2012-05-20,T-702,CORNUDELLA DE MONTSANT,Priorat,0,0,2,2,1,0,0,0,0,1,0,0,0,100.0,0.0,0,1,No n'hi ha,-1.0,3,3,1,0,0,0,0,0,0,0,0,0,0,0,2,-1,1,Resta sortides de via,-1,1,2,4,3,2,0,13.38,0,1,6,20,5
8047,2012,0,2012-08-10,N-340,VILA-SECA,Tarragones,0,0,1,0,2,0,0,0,1,0,1,0,0,70.0,0.0,0,2,Altres,-1.0,3,3,1,0,0,0,0,0,0,0,0,0,1,1,0,5,0,Fregament o col·lisió lateral,3,1,2,4,1,2,0,23.25,2,2,4,10,8
8048,2012,0,2012-07-09,BV-5105,"ROCA DEL VALLES, LA",Valles Oriental,3,0,1,0,3,0,0,0,1,1,1,0,0,60.0,0.0,0,3,Carril acceleració,-1.0,3,3,1,0,0,0,0,0,0,0,0,0,0,1,4,4,1,Col·lisió frontal,1,1,2,4,3,2,1,7.43,0,2,0,9,7
8049,2012,1,2012-01-17,SE,BLANES,Selva,1,0,1,0,2,1,0,0,0,1,0,0,0,20.0,0.0,0,-1,No n'hi ha,-1.0,3,3,1,-1,0,0,0,-1,0,0,0,0,-1,1,1,4,1,Atropellament,0,2,2,5,-1,2,1,19.1,1,3,1,17,1
8050,2012,1,2012-10-05,SE,LLORET DE MAR,Selva,1,0,1,0,2,1,0,0,0,1,0,0,0,100.0,0.0,0,2,No n'hi ha,-1.0,3,3,1,0,0,0,0,0,1,0,0,0,0,0,4,-1,1,Atropellament,-1,2,2,5,-1,2,0,17.3,1,3,4,5,10
8051,2012,1,2012-07-16,SE,GIRONA,Girones,1,0,1,0,3,2,0,0,0,1,0,0,0,100.0,0.0,0,2,No n'hi ha,-1.0,3,3,1,0,0,0,0,0,0,0,0,0,1,0,4,-1,0,Atropellament,-1,2,2,5,-1,2,1,17.52,1,3,0,16,7