,Year,Area,Date,Road,Municipality Name,County Name,Province Name,Fatalties,Serious Injuries,Light Injuries,Units Involved,Pedestrains Involved,Bicycles Involved,Mopeds Involved,Motorcycles,Light Vehicles Involved,Heavy Vehicles Involved,Other Units Involved,Unspecified Units Involved,Road Speed Limit,Accident with Hit and Run,Fog Presence,Surrounding Environment,Special Lane Presence,Special Traffic Measures,Weather Conditions,Special Road Functions,Severity of Accident,Influence of Fog,Influence of Environment,Influence of Traffic,Influence of Weather,Influence of Wind Intensity,Influence of Lighting,Influence of Special Measures,Influence of Road Objects,Influence of Road Surface,Influence of Visibility,Intersection Characteristics,Lighting Conditions,Traffic Regulation and Priority,Direction of Road,Subtype of Accident,Subtype of Road Section,Subzone within Area,Road Surface Conditions,Type of Road,Road Ownership,Wind Conditions,Day of the Week Grouping,Hour of Day,Time of Day Grouping,Type of Accident,Day Type,Day,Month
8052,2012,0,2012-06-02,C-14,RIBERA D'URGELLET,Alt Urgell,2,0,3,3,2,0,0,0,0,2,0,0,0,70.0,0.0,0,2,No n'hi ha,-1.0,3,3,1,0,0,0,0,0,0,0,0,0,0,0,4,-1,1,Col·lisió frontal,-1,1,2,4,2,2,0,14.27,1,2,5,2,6
8053,2012,1,2012-08-05,SE,VILANOVA I LA GELTRU,Garraf,3,0,1,0,2,0,0,0,1,1,0,0,0,100.0,0.0,0,2,No n'hi ha,-1.0,3,3,1,0,0,0,0,0,0,0,0,0,0,1,4,5,1,Envestida (frontal lateral),1,2,2,5,-1,2,0,11.35,0,2,6,5,8
8054,2012,1,2012-03-12,SE,BADALONA,Barcelones,3,0,1,0,2,0,0,1,0,1,0,0,0,20.0,0.0,0,-1,No n'hi ha,-1.0,3,3,1,-1,0,0,0,-1,0,0,0,0,-1,1,4,2,1,Envestida (frontal lateral),1,2,2,5,-1,2,1,9.43,0,2,0,12,3
8055,2012,0,2012-07-20,C-12,AMPOSTA,Montsia,0,0,1,2,1,0,0,0,0,1,0,0,0,100.0,0.0,0,2,No n'hi ha,-1.0,3,3,1,0,0,0,0,0,0,0,0,0,0,2,3,4,1,Resta sortides de via,1,1,2,4,2,2,1,5.24,2,1,4,20,7
8056,2012,1,2012-01-30,SE,HOSPITALET DE LLOBREGAT,Barcelones,3,0,1,0,2,1,0,0,0,1,0,0,0,20.0,0.0,0,2,No n'hi ha,-1.0,3,3,1,-1,0,0,0,-1,0,0,0,0,-1,0,4,-1,1,Atropellament,-1,2,2,5,-1,2,1,14.4,1,3,0,30,1
8057,2012,0,2012-03-30,C-31,SANT ADRIA DE BESOS,Barcelones,3,0,1,0,2,0,0,0,1,1,0,0,0,80.0,0.0,0,2,No n'hi ha,-1.0,3,3,1,0,0,0,0,0,0,0,0,0,0,0,4,-1,1,Encalç,-1,1,2,4,2,2,1,10.2,0,2,4,30,3
8058,2012,1,2012-01-30,SE,PARETS DEL VALLES,Valles Oriental,3,0,1,0,2,1,0,0,0,1,0,0,0,20.0,0.0,0,2,No n'hi ha,-1.0,3,3,1,-1,0,0,0,-1,0,0,0,0,-1,1,4,3,1,Atropellament,1,2,2,5,-1,2,1,8.43,0,3,0,30,1
8059,2012,1,2012-03-27,SE,SANT FELIU DE LLOBREGAT,Baix Llobregat,3,0,1,0,2,0,0,0,1,0,1,0,0,100.0,0.0,0,1,No n'hi ha,-1.0,3,3,1,0,0,0,0,0,0,0,0,0,0,0,4,-1,1,Envestida (frontal lateral),-1,2,2,5,0,2,1,13.25,0,2,1,27,3
8060,2012,1,2012-01-22,SE,SANT FELIU DE GUIXOLS,Baix Emporda,1,1,1,0,1,0,0,0,0,1,0,0,0,20.0,0.0,0,-1,No n'hi ha,-1.0,3,1,0,-1,-1,0,0,-1,0,0,0,0,-1,0,1,-1,-1,Xoc contra objecte/obstacle sense sortida prèvia de via,-1,0,2,5,-1,2,0,6.21,0,4,6,22,1
8061,2012,0,2012-08-21,C-13,SALAS DE PALLARS,Pallars Jussa,2,0,1,4,2,0,0,0,0,2,0,0,0,100.0,0.0,0,3,No n'hi ha,-1.0,3,3,1,0,0,0,0,0,0,0,0,0,0,0,4,-1,1,Col·lisió frontal,-1,1,2,4,2,2,1,13.1,0,2,1,21,8
8062,2012,0,2012-04-02,A-2,"PRAT DE LLOBREGAT, E",Baix Llobregat,3,0,1,0,1,0,0,0,1,0,0,0,0,100.0,0.0,0,2,Carril acceleració,-1.0,3,3,1,0,0,0,0,0,0,0,0,0,0,0,4,-1,0,Xoc contra objecte/obstacle sense sortida prèvia de via,-1,1,2,4,1,2,1,20.07,1,4,0,2,4
8063,2012,0,2012-01-28,B-682,PALAFOLLS,Maresme,3,0,3,3,3,0,0,0,0,3,0,0,0,90.0,0.0,0,3,No n'hi ha,-1.0,3,3,1,0,0,0,0,0,0,0,0,0,0,0,4,-1,1,Envestida (frontal lateral),-1,1,2,4,2,2,0,14.28,1,2,5,28,1
8064,2012,1,2012-05-02,N-II,"MASNOU, EL",Maresme,3,0,1,0,2,0,0,0,1,1,0,0,0,50.0,0.0,0,2,No n'hi ha,-1.0,3,1,1,0,0,0,0,0,0,0,0,0,0,0,4,-1,1,Encalç,-1,0,2,4,2,2,1,8.26,0,2,2,2,5
8065,2012,1,2012-08-28,SE,OLOT,Garrotxa,1,0,1,0,2,1,0,0,0,0,1,0,0,100.0,0.0,0,2,No n'hi ha,-1.0,3,3,1,0,0,0,0,0,0,0,0,0,0,0,4,-1,1,Atropellament,-1,2,2,5,-1,2,1,8.37,0,3,1,28,8
8066,2012,1,2012-04-28,SE,MONTCLAR,Bergueda,3,0,2,0,2,0,0,0,0,1,0,1,0,20.0,0.0,0,-1,Sense Especificar,-1.0,3,3,1,0,0,0,0,0,0,0,0,0,0,0,4,-1,-1,Envestida (frontal lateral),-1,2,2,5,-1,2,0,19.41,1,2,5,28,4
8067,2012,1,2012-10-11,SE,VIC,Osona,3,0,1,0,2,0,0,1,0,1,0,0,0,100.0,0.0,0,2,No n'hi ha,-1.0,3,3,1,0,0,0,0,0,1,0,0,0,0,0,1,-1,0,Encalç,-1,2,2,5,-1,2,1,18.48,1,2,3,11,10
8068,2012,1,2012-11-03,SE,"PRAT DE LLOBREGAT, E",Baix Llobregat,3,0,1,1,2,0,0,1,0,1,0,0,0,100.0,0.0,0,2,No n'hi ha,-1.0,3,3,1,0,0,0,0,0,0,0,0,0,0,0,4,-1,1,Envestida (frontal lateral),-1,2,2,5,-1,2,0,16.0,1,2,5,3,11
8069,2012,1,2012-12-14,SE,IGUALADA,Anoia,3,0,1,0,2,1,0,0,0,1,0,0,0,50.0,0.0,0,2,No n'hi ha,-1.0,3,3,1,-1,0,0,0,-1,0,0,0,0,-1,1,4,2,1,Atropellament,2,2,2,5,-1,2,1,14.5,1,3,4,14,12
8070,2012,0,2012-04-25,C-35,GRANOLLERS,Valles Oriental,3,0,1,0,2,0,0,1,0,1,0,0,0,60.0,0.0,0,2,No n'hi ha,-1.0,3,3,1,0,0,0,0,0,0,0,0,0,0,1,0,4,1,Envestida (frontal lateral),2,1,2,4,2,2,1,22.25,2,2,2,25,4
8071,2012,1,2012-07-29,SE,MANLLEU,Osona,3,0,1,0,2,1,0,0,0,1,0,0,0,20.0,0.0,0,2,No n'hi ha,-1.0,3,3,1,-1,0,0,0,-1,0,0,0,0,-1,1,4,4,0,Atropellament,1,2,2,5,-1,2,0,12.17,0,3,6,29,7
8072,2012,0,2012-07-25,C-17,MONTCADA I REIXAC,Valles Occidental,3,0,1,0,3,0,0,0,1,2,0,0,0,50.0,0.0,0,1,No n'hi ha,-1.0,3,3,1,0,0,0,0,0,0,0,0,0,0,0,4,-1,1,Caiguda en la via,-1,1,2,4,2,2,1,11.45,0,0,2,25,7
8073,2012,1,2012-07-27,SE,SANTA COLOMA DE GRAMANET,Barcelones,3,0,1,0,2,0,0,1,0,1,0,0,0,20.0,0.0,0,-1,No n'hi ha,-1.0,3,3,1,-1,0,0,0,-1,0,0,0,0,-1,1,1,3,1,Fregament o col·lisió lateral,2,2,2,5,-1,2,1,6.5,0,2,4,27,7
8074,2012,1,2012-10-22,SE,SANT PERE DE VILAMAJOR,Valles Oriental,3,0,1,0,2,0,1,0,0,1,0,0,0,100.0,0.0,0,2,No n'hi ha,-1.0,3,3,1,0,0,0,0,0,0,0,0,0,1,1,4,4,1,Envestida (frontal lateral),2,2,2,5,4,2,1,12.14,0,2,0,22,10
8075,2012,0,2012-06-04,CR,ALCOLETGE,Segria,2,0,1,0,2,1,0,0,0,1,0,0,0,100.0,0.0,0,1,No n'hi ha,-1.0,3,3,1,0,0,0,0,0,0,0,0,0,0,0,4,-1,1,Atropellament,-1,1,2,3,3,2,1,13.15,0,3,0,4,6
8076,2012,0,2012-09-22,CR,"ALDEA, L'",Baix Ebre,0,0,1,0,1,0,0,0,0,1,0,0,0,100.0,0.0,0,1,No n'hi ha,-1.0,3,3,1,0,1,0,0,0,0,0,0,0,0,0,2,-1,1,Resta sortides de via,-1,1,0,3,0,2,0,17.0,1,1,5,22,9
8077,2012,0,2012-04-07,CR,AGER,Noguera,2,0,1,0,1,0,0,0,1,0,0,0,0,90.0,0.0,0,-1,Sense Especificar,-1.0,3,3,1,0,0,0,0,0,0,0,0,0,0,0,4,-1,-1,Altres,-1,1,2,4,4,2,0,15.38,1,5,5,7,4
8078,2012,1,2012-04-06,SE,VILA-SECA,Tarragones,0,0,1,0,2,0,0,0,1,1,0,0,0,100.0,0.0,0,-1,No n'hi ha,-1.0,3,3,1,0,0,0,0,0,0,0,0,0,0,0,4,-1,-1,Fregament o col·lisió lateral,-1,2,2,5,-1,2,1,14.15,1,2,4,6,4
8079,2012,0,2012-02-01,B-124,CASTELLAR DEL VALLES,Valles Occidental,3,0,1,2,2,0,0,0,0,1,1,0,0,70.0,0.0,0,2,No n'hi ha,-1.0,1,3,1,0,0,0,0,0,0,0,0,0,0,0,2,-1,1,Col·lisió frontal,-1,1,0,4,2,2,1,14.0,1,2,2,1,2
8080,2012,1,2012-10-23,SE,BARCELONA,Barcelones,3,0,1,2,2,0,0,0,0,2,0,0,0,100.0,0.0,0,-1,No n'hi ha,-1.0,3,3,1,0,0,0,0,0,0,0,0,0,0,0,4,-1,0,Encalç,-1,2,2,5,-1,2,1,16.3,1,2,1,23,10
8081,2012,1,2012-10-18,SE,BARCELONA,Barcelones,3,0,1,0,1,0,0,0,1,0,0,0,0,100.0,0.0,0,-1,No n'hi ha,-1.0,3,3,1,0,0,0,0,0,0,0,0,0,0,0,5,-1,0,Xoc contra objecte/obstacle sense sortida prèvia de via,-1,2,2,5,-1,2,1,0.3,2,4,3,18,10
8082,2012,0,2012-09-10,C-53,BELLCAIRE D'URGELL,Noguera,2,0,1,3,2,0,0,0,0,2,0,0,0,90.0,0.0,0,-1,Sense Especificar,-1.0,3,3,1,0,0,0,0,0,0,0,0,0,0,0,4,-1,-1,Envestida (frontal lateral),-1,1,2,4,4,2,1,23.44,2,2,0,10,9
8083,2012,1,2012-03-13,SE,CAMARLES,Baix Ebre,0,0,1,1,2,0,0,1,0,1,0,0,0,100.0,0.0,0,2,No n'hi ha,-1.0,3,3,1,0,0,0,0,0,0,0,0,0,0,1,5,4,1,Envestida (frontal lateral),2,2,2,5,-1,2,1,22.3,2,2,1,13,3
8084,2012,0,2012-06-16,T-331,ULLDECONA,Montsia,0,0,1,0,1,0,0,0,0,1,0,0,0,100.0,0.0,0,2,No n'hi ha,-1.0,3,3,1,0,0,0,0,0,0,0,0,0,0,0,4,-1,1,Resta sortides de via,-1,1,2,4,3,2,0,12.41,0,1,5,16,6
8085,2012,1,2012-12-06,SE,BARCELONA,Barcelones,3,0,1,0,1,0,0,0,1,0,0,0,0,100.0,0.0,0,-1,No n'hi ha,-1.0,3,3,1,0,0,0,0,0,0,0,0,0,0,0,4,-1,1,Xoc contra objecte/obstacle sense sortida prèvia de via,-1,2,2,5,-1,2,1,11.48,0,4,3,6,12
8086,2012,0,2012-10-20,C-66,CORNELLA DEL TERRI,Pla de l'Estany,1,0,3,1,2,0,0,0,0,2,0,0,0,100.0,0.0,0,3,Carril central,-1.0,1,0,1,0,0,0,0,0,0,0,0,0,0,0,2,-1,1,Sortida de via amb xoc o col·lisió,-1,1,2,4,3,2,0,14.17,1,1,5,20,10
8087,2012,1,2012-11-26,SE,MATARO,Maresme,3,0,1,1,2,1,0,0,0,1,0,0,0,20.0,0.0,0,2,No n'hi ha,-1.0,3,3,1,-1,0,0,0,-1,0,0,0,0,-1,1,4,2,0,Atropellament,2,2,2,5,-1,2,1,12.35,0,3,0,26,11
8088,2012,1,2012-11-30,SE,BARCELONA,Barcelones,3,0,1,0,2,0,0,0,1,1,0,0,0,100.0,0.0,0,-1,No n'hi ha,3.0,3,3,1,0,0,0,0,0,0,0,0,0,1,0,4,-1,1,Caiguda en la via,-1,2,2,5,-1,2,0,16.45,1,0,4,30,11
8089,2012,1,2012-05-15,SE,BARCELONA,Barcelones,3,0,1,0,2,0,0,0,1,1,0,0,0,100.0,0.0,0,-1,No n'hi ha,-1.0,3,3,1,0,0,0,0,0,0,0,0,0,1,1,5,3,1,Col·lisió frontal,2,2,2,5,-1,2,1,5.53,2,2,1,15,5
8090,2012,1,2012-04-26,SE,OLESA DE MONTSERRAT,Baix Llobregat,3,0,1,0,2,1,0,0,0,0,1,0,0,20.0,0.0,0,-1,No n'hi ha,-1.0,3,3,1,-1,-1,0,0,-1,0,0,0,0,0,0,4,-1,-1,Atropellament,-1,2,1,5,-1,2,1,9.2,0,3,3,26,4
8091,2012,0,2012-05-14,C-25,MANRESA,Bages,3,1,0,1,2,0,0,0,0,0,2,0,0,100.0,0.0,0,2,No n'hi ha,0.0,3,3,0,0,0,0,0,0,0,0,0,0,0,0,4,-1,0,Encalç,-1,1,2,4,2,2,1,19.08,1,2,0,14,5
8092,2012,1,2012-03-01,SE,MOLLET DEL VALLES,Valles Oriental,3,0,1,0,2,1,0,0,0,1,0,0,0,100.0,0.0,0,2,No n'hi ha,-1.0,3,1,1,0,0,0,0,0,0,0,0,0,0,1,4,4,1,Atropellament,1,0,2,5,-1,2,1,8.17,0,3,3,1,3
8093,2012,0,2012-12-18,N-II,"MASNOU, EL",Maresme,3,0,1,1,2,0,0,0,1,1,0,0,0,80.0,0.0,0,2,Carril acceleració,-1.0,3,3,1,0,0,0,0,0,0,0,0,0,0,2,0,4,1,Encalç,3,1,2,4,1,2,1,19.3,1,2,1,18,12
8094,2012,0,2012-02-19,N-II,"FAR D'EMPORDA, EL",Alt Emporda,1,5,3,1,2,0,0,0,0,1,1,0,0,80.0,0.0,0,0,No n'hi ha,-1.0,3,2,0,0,0,0,0,0,0,0,0,0,0,0,3,-1,1,Col·lisió frontal,-1,1,2,4,1,0,0,22.55,2,2,6,19,2
8095,2012,0,2012-04-07,CR,ULLDECONA,Montsia,0,0,1,0,1,0,0,0,0,0,1,0,0,100.0,0.0,0,3,No n'hi ha,,3,3,1,0,0,0,0,0,1,0,0,0,0,0,4,-1,1,Resta sortides de via,-1,1,0,3,0,2,0,10.0,0,1,5,7,4
8096,2012,1,2012-11-16,SE,BARCELONA,Barcelones,3,0,1,0,2,1,0,0,0,1,0,0,0,100.0,0.0,0,-1,No n'hi ha,-1.0,3,3,1,0,0,0,0,0,0,0,0,0,0,1,4,3,0,Atropellament,2,2,2,5,-1,2,1,9.5,0,3,4,16,11
8097,2012,1,2012-03-14,SE,AMPOSTA,Montsia,0,0,1,4,6,5,0,0,0,1,0,0,0,100.0,0.0,0,2,No n'hi ha,-1.0,3,3,1,0,0,0,0,0,0,0,0,0,0,2,4,2,1,Atropellament,0,2,2,5,-1,2,1,12.21,0,3,2,14,3
8098,2012,0,2012-08-29,C-153,SANTA MARIA DE CORCO,Osona,3,0,1,2,2,0,0,0,0,2,0,0,0,90.0,0.0,0,-1,Sense Especificar,-1.0,3,3,1,0,0,0,0,0,0,0,0,0,0,0,4,-1,-1,Altres,-1,1,2,4,4,2,1,13.48,0,5,2,29,8
8099,2012,1,2012-06-07,SE,LLORET DE MAR,Selva,1,0,1,0,2,0,0,0,1,1,0,0,0,100.0,0.0,0,2,No n'hi ha,-1.0,3,3,1,0,0,0,0,0,0,0,0,0,0,1,5,4,1,Envestida (frontal lateral),1,2,2,5,-1,2,1,0.2,2,2,3,7,6
8100,2012,0,2012-06-16,C-55,ABRERA,Baix Llobregat,3,0,1,0,2,0,0,0,0,2,0,0,0,60.0,0.0,0,2,Carril acceleració,-1.0,3,3,1,0,0,0,0,0,0,0,0,0,0,1,4,4,0,Encalç,3,1,2,4,2,2,0,20.45,1,2,5,16,6
8101,2012,1,2012-07-23,SE,VILAFRANCA DEL PENEDES,Alt Penedes,3,0,1,0,2,1,0,0,0,1,0,0,0,20.0,0.0,0,2,No n'hi ha,-1.0,3,3,1,-1,0,0,0,-1,0,0,0,0,0,1,4,3,1,Atropellament,1,2,2,5,-1,2,1,15.2,1,3,0,23,7
8102,2012,1,2012-02-09,SE,BARCELONA,Barcelones,3,1,0,1,2,1,0,0,1,0,0,0,0,100.0,0.0,0,-1,No n'hi ha,-1.0,3,3,0,0,0,0,0,0,0,0,0,0,0,1,5,3,0,Atropellament,2,2,2,5,-1,2,1,19.3,1,3,3,9,2
8103,2012,1,2012-05-24,SE,BARCELONA,Barcelones,3,0,1,0,2,1,0,0,0,1,0,0,0,30.0,0.0,0,-1,No n'hi ha,-1.0,3,3,1,0,0,0,0,0,0,0,0,0,0,1,4,5,0,Atropellament,1,2,2,5,-1,2,1,11.0,0,3,3,24,5
8104,2012,0,2012-06-12,AP-7,"VENDRELL, EL",Baix Penedes,0,1,2,0,2,0,0,0,0,0,2,0,0,60.0,0.0,0,2,No n'hi ha,0.0,3,3,0,0,0,0,0,0,0,0,0,0,0,1,3,-1,1,Xoc contra objecte/obstacle sense sortida prèvia de via,3,1,2,4,-1,2,1,10.3,0,4,1,12,6
8105,2012,1,2012-06-24,SE,BARCELONA,Barcelones,3,0,1,0,2,1,0,0,0,1,0,0,0,100.0,0.0,0,-1,No n'hi ha,-1.0,3,3,1,0,0,0,0,0,0,0,0,0,1,0,5,-1,0,Atropellament,-1,2,2,5,-1,2,0,1.4,2,3,6,24,6
8106,2012,1,2012-03-22,SE,LLEIDA,Segria,2,0,1,0,2,1,0,0,0,1,0,0,0,100.0,0.0,0,-1,No n'hi ha,-1.0,3,3,1,0,0,0,0,0,0,0,0,0,0,0,4,-1,-1,Atropellament,-1,2,2,5,-1,2,1,17.5,1,3,3,22,3
8107,2012,1,2012-06-24,SE,TERRASSA,Valles Occidental,3,0,1,0,2,0,0,0,1,1,0,0,0,100.0,0.0,0,-1,No n'hi ha,-1.0,3,3,1,0,0,0,0,0,0,0,0,0,0,0,4,-1,-1,Altres,-1,2,2,5,-1,2,0,4.07,2,5,6,24,6
8108,2012,1,2012-05-15,SE,BARCELONA,Barcelones,3,0,1,0,2,0,0,1,1,0,0,0,0,100.0,0.0,0,-1,Carril bus,-1.0,3,3,1,0,0,1,0,0,0,0,0,0,0,1,4,3,1,Caiguda en la via,2,2,2,5,-1,2,1,20.3,1,0,1,15,5
8109,2012,0,2012-03-29,C-12,GINESTAR,Ribera d'Ebre,0,0,1,1,2,0,0,0,1,0,1,0,0,100.0,0.0,0,2,No n'hi ha,-1.0,3,3,1,0,0,0,0,0,0,0,0,0,0,0,4,-1,1,Caiguda en la via,-1,1,2,4,2,2,1,12.5,0,0,3,29,3
8110,2012,0,2012-04-09,CR,AMPOSTA,Montsia,0,0,1,0,1,0,0,1,0,0,0,0,0,100.0,0.0,0,1,No n'hi ha,-1.0,3,3,1,0,0,0,0,0,0,0,0,0,0,0,4,-1,1,Caiguda en la via,-1,1,2,3,0,2,1,13.04,0,0,0,9,4
8111,2012,1,2012-03-09,SE,BARCELONA,Barcelones,3,0,1,1,1,0,0,0,1,0,0,0,0,40.0,0.0,0,-1,No n'hi ha,-1.0,3,3,1,0,0,0,0,0,0,0,0,0,0,0,4,-1,0,Xoc contra objecte/obstacle sense sortida prèvia de via,-1,2,2,5,-1,2,0,15.0,1,4,4,9,3
8112,2012,1,2012-10-02,SE,ROSES,Alt Emporda,1,0,1,0,2,1,0,0,0,1,0,0,0,20.0,0.0,0,-1,No n'hi ha,-1.0,3,3,1,-1,0,0,0,-1,0,0,0,0,0,0,4,-1,0,Atropellament,-1,2,0,5,-1,2,1,11.45,0,3,1,2,10
8113,2012,0,2012-08-04,BV-2111,SANT PERE DE RIBES,Garraf,3,0,1,0,2,0,0,1,0,1,0,0,0,100.0,0.0,0,1,No n'hi ha,-1.0,3,3,1,0,0,0,0,0,0,0,0,0,0,0,4,-1,1,Fregament o col·lisió lateral,-1,1,2,4,3,2,0,18.25,1,2,5,4,8
8114,2012,1,2012-06-19,SE,REUS,Baix Camp,0,0,1,0,2,1,0,0,0,1,0,0,0,100.0,0.0,0,-1,No n'hi ha,-1.0,3,3,1,0,0,0,0,0,0,0,0,0,0,0,4,-1,-1,Atropellament,-1,2,2,5,-1,2,1,8.35,0,3,1,19,6
8115,2012,0,2012-06-15,CR2,"FAR D'EMPORDA, EL",Alt Emporda,1,0,2,1,1,0,0,0,0,1,0,0,0,100.0,0.0,0,0,No n'hi ha,-1.0,3,3,1,0,0,0,0,0,0,0,0,0,0,0,4,-1,1,Sortida de via amb xoc o col·lisió,-1,1,2,3,0,2,0,19.51,1,1,4,15,6
8116,2012,1,2012-12-03,SE,REUS,Baix Camp,0,0,2,0,2,0,0,1,0,1,0,0,0,100.0,0.0,0,-1,No n'hi ha,-1.0,3,3,1,0,0,0,0,0,0,0,0,0,0,0,4,-1,-1,Fregament o col·lisió lateral,-1,2,2,5,-1,2,1,9.3,0,2,0,3,12
8117,2012,0,2012-01-22,C-12,MENARGUENS,Noguera,2,0,1,1,2,0,0,0,1,1,0,0,0,60.0,0.0,0,2,No n'hi ha,-1.0,3,3,1,0,0,0,0,0,1,0,0,0,0,1,4,4,1,Fregament o col·lisió lateral,0,1,2,3,2,2,0,17.25,1,2,6,22,1
8118,2012,1,2012-05-07,SE,HOSPITALET DE LLOBREGAT,Barcelones,3,0,1,0,2,0,0,0,2,0,0,0,0,20.0,0.0,0,2,No n'hi ha,-1.0,3,3,1,-1,0,0,0,-1,0,0,0,0,0,1,4,5,1,Encalç,2,2,2,5,-1,2,1,13.25,0,2,0,7,5
8119,2012,1,2012-11-03,SE,SABADELL,Valles Occidental,3,1,1,2,1,0,0,0,0,1,0,0,0,100.0,1.0,0,-1,No n'hi ha,-1.0,3,3,0,0,0,0,0,0,0,0,0,0,0,1,4,3,1,Envestida (frontal lateral),2,2,2,5,-1,2,0,0.38,2,2,5,3,11
8120,2012,0,2012-09-12,C-14,COLL DE NARGO,Alt Urgell,2,0,1,1,1,0,0,0,0,0,0,1,0,70.0,0.0,0,2,No n'hi ha,-1.0,3,3,1,0,0,0,0,0,0,0,0,0,0,0,4,-1,1,Resta sortides de via,-1,1,2,4,2,2,1,11.11,0,1,2,12,9
8121,2012,1,2012-03-07,SE,BARCELONA,Barcelones,3,0,1,0,2,0,0,0,1,1,0,0,0,100.0,0.0,0,-1,No n'hi ha,-1.0,3,3,1,0,0,0,0,0,0,0,0,0,0,1,4,2,1,Envestida (frontal lateral),2,2,2,5,-1,2,1,13.55,0,2,2,7,3
8122,2012,1,2012-10-13,SE,PREMIA DE MAR,Maresme,3,0,1,0,2,0,0,0,0,2,0,0,0,20.0,0.0,0,-1,No n'hi ha,-1.0,3,3,1,-1,0,0,0,-1,0,0,0,0,0,1,4,4,1,Envestida (frontal lateral),2,2,2,5,-1,2,0,13.29,0,2,5,13,10
8123,2012,0,2012-04-20,N-II,"MASNOU, EL",Maresme,3,0,1,0,2,0,0,0,1,1,0,0,0,80.0,0.0,0,2,No n'hi ha,-1.0,3,3,1,0,0,0,0,0,0,0,0,0,0,0,4,-1,1,Encalç,-1,1,2,4,2,2,0,16.0,1,2,4,20,4
8124,2012,0,2012-02-29,C-451,MASSOTERES,Segarra,2,1,1,0,2,0,0,0,1,1,0,0,0,100.0,0.0,0,0,No n'hi ha,-1.0,3,3,0,0,0,0,0,0,0,0,0,0,0,1,4,4,1,Envestida (frontal lateral),2,1,2,4,2,2,1,15.13,1,2,2,29,2
8125,2012,1,2012-12-21,SE,BARCELONA,Barcelones,3,0,1,1,2,1,0,0,0,1,0,0,0,20.0,0.0,0,-1,Altres,-1.0,3,3,1,0,0,0,0,0,0,0,0,0,0,0,5,-1,1,Xoc contra objecte/obstacle sense sortida prèvia de via,-1,2,2,5,-1,2,1,2.45,2,4,4,21,12
8126,2012,1,2012-04-17,SE,REUS,Baix Camp,0,0,1,0,2,0,0,0,1,1,0,0,0,100.0,0.0,0,-1,No n'hi ha,-1.0,3,3,1,0,0,0,0,0,0,0,0,0,0,0,4,-1,-1,Envestida (frontal lateral),-1,2,2,5,-1,2,1,22.43,2,2,1,17,4
8127,2012,1,2012-10-02,SE,LLEIDA,Segria,2,0,1,0,2,1,0,0,0,1,0,0,0,20.0,0.0,0,-1,No n'hi ha,-1.0,3,3,1,0,0,0,0,0,0,0,0,0,0,0,4,-1,1,Atropellament,-1,2,2,5,-1,2,1,18.3,1,3,1,2,10
8128,2012,1,2012-02-16,SE,MATARO,Maresme,3,0,1,0,2,0,0,1,0,1,0,0,0,20.0,0.0,0,-1,No n'hi ha,-1.0,3,3,1,0,-1,0,0,0,0,0,0,0,0,1,5,4,-1,Envestida (frontal lateral),2,2,2,5,-1,2,1,19.15,1,2,3,16,2
8129,2012,1,2012-03-15,SE,BARCELONA,Barcelones,3,0,1,0,2,0,0,0,1,1,0,0,0,100.0,0.0,0,-1,No n'hi ha,0.0,3,3,1,0,0,0,0,0,0,0,0,0,0,1,5,2,1,Envestida (frontal lateral),1,2,2,5,-1,2,1,20.0,1,2,3,15,3
8130,2012,1,2012-10-01,SE,"VENDRELL, EL",Baix Penedes,0,0,1,0,1,0,1,0,0,0,0,0,0,40.0,0.0,0,-1,No n'hi ha,-1.0,3,3,1,-1,0,0,0,-1,0,0,0,0,0,1,4,4,0,Caiguda en la via,2,2,1,5,-1,2,1,19.25,1,0,0,1,10
8131,2012,1,2012-04-16,SE,BARCELONA,Barcelones,3,0,1,0,2,0,0,1,0,1,0,0,0,100.0,0.0,0,-1,No n'hi ha,-1.0,3,3,1,0,0,0,0,0,0,0,0,0,0,1,4,3,0,Envestida (frontal lateral),2,2,2,5,-1,2,1,12.2,0,2,0,16,4
8132,2012,1,2012-10-06,SE,BARCELONA,Barcelones,3,0,1,0,1,0,0,0,1,0,0,0,0,100.0,0.0,0,-1,No n'hi ha,-1.0,3,3,1,0,0,0,0,0,0,0,0,0,0,0,4,-1,0,Caiguda en la via,-1,2,2,5,-1,2,0,19.4,1,0,5,6,10
8133,2012,1,2012-01-11,SE,RUBI,Valles Occidental,3,0,1,0,2,1,0,0,0,1,0,0,0,100.0,0.0,0,2,No n'hi ha,-1.0,3,3,1,0,0,0,0,0,0,0,0,0,0,0,4,-1,1,Atropellament,-1,2,2,5,-1,2,1,12.35,0,3,2,11,1
8134,2012,1,2012-10-31,SE,BARCELONA,Barcelones,3,0,1,1,2,1,0,0,1,0,0,0,0,100.0,0.0,0,-1,No n'hi ha,-1.0,3,3,1,0,0,0,0,0,0,0,0,0,0,1,5,3,0,Atropellament,1,2,2,5,-1,2,1,20.57,1,3,2,31,10
8135,2012,0,2012-04-04,LV-7046,ALMATRET,Segria,2,0,1,0,2,0,0,0,0,2,0,0,0,60.0,0.0,0,1,No n'hi ha,-1.0,3,3,1,0,0,0,0,0,0,0,0,0,0,0,4,-1,1,Fregament o col·lisió lateral,-1,1,2,4,3,2,1,12.29,0,2,2,4,4
8136,2012,1,2012-05-03,SE,GIRONA,Girones,1,0,1,0,2,1,0,0,0,1,0,0,0,30.0,0.0,0,2,No n'hi ha,-1.0,3,3,1,0,0,0,0,0,0,0,0,0,0,1,1,-1,0,Atropellament,2,2,2,5,-1,2,1,6.28,0,3,3,3,5