,Year,Area,Date,Road,Municipality Name,County Name,Province Name,Fatalties,Serious Injuries,Light Injuries,Units Involved,Pedestrains Involved,Bicycles Involved,Mopeds Involved,Motorcycles,Light Vehicles Involved,Heavy Vehicles Involved,Other Units Involved,Unspecified Units Involved,Road Speed Limit,Accident with Hit and Run,Fog Presence,Surrounding Environment,Special Lane Presence,Special Traffic Measures,Weather Conditions,Special Road Functions,Severity of Accident,Influence of Fog,Influence of Environment,Influence of Traffic,Influence of Weather,Influence of Wind Intensity,Influence of Lighting,Influence of Special Measures,Influence of Road Objects,Influence of Road Surface,Influence of Visibility,Intersection Characteristics,Lighting Conditions,Traffic Regulation and Priority,Direction of Road,Subtype of Accident,Subtype of Road Section,Subzone within Area,Road Surface Conditions,Type of Road,Road Ownership,Wind Conditions,Day of the Week Grouping,Hour of Day,Time of Day Grouping,Type of Accident,Day Type,Day,Month
8137,2012,0,2012-04-10,A-2,SANT VICENC DELS HORTS,Baix Llobregat,3,0,1,0,2,0,0,0,1,1,0,0,0,100.0,0.0,0,2,No n'hi ha,-1.0,3,3,1,0,0,0,0,0,0,0,0,0,0,0,4,-1,0,Encalç,-1,1,2,4,1,2,1,18.05,1,2,1,10,4
8138,2012,0,2012-07-06,B-23,ESPLUGUES DE LLOBREGAT,Baix Llobregat,3,0,1,0,2,0,0,0,1,1,0,0,0,80.0,0.0,0,2,No n'hi ha,-1.0,3,3,1,0,0,0,0,0,0,0,0,0,0,0,4,-1,1,Fregament o col·lisió lateral,-1,1,2,4,2,2,1,13.3,0,2,4,6,7
8139,2012,0,2012-05-04,GI-533,VILOBI D'ONYAR,Selva,1,0,1,2,3,0,0,0,0,2,1,0,0,100.0,0.0,0,2,No n'hi ha,-1.0,3,3,1,0,0,0,0,0,0,0,0,0,0,0,4,-1,1,Col·lisió frontal,-1,1,2,4,3,2,0,15.5,1,2,4,4,5
8140,2012,0,2012-07-04,T-318,PRATDIP,Baix Camp,0,0,1,2,2,0,0,0,0,2,0,0,0,100.0,0.0,0,3,No n'hi ha,-1.0,3,3,1,0,0,0,0,0,0,0,0,0,0,1,4,4,1,Envestida (frontal lateral),1,1,2,4,2,2,1,17.02,1,2,2,4,7
8141,2012,1,2012-04-10,SE,SABADELL,Valles Occidental,3,0,1,0,2,0,0,0,1,1,0,0,0,100.0,0.0,0,-1,No n'hi ha,-1.0,3,3,1,0,0,0,0,0,0,0,0,0,0,0,4,-1,-1,Envestida (frontal lateral),-1,2,2,5,-1,2,1,15.1,1,2,1,10,4
8142,2012,1,2012-10-19,SE,TARRAGONA,Tarragones,0,0,1,0,2,0,0,0,1,1,0,0,0,40.0,0.0,0,2,No n'hi ha,-1.0,1,1,1,0,0,0,0,0,0,0,0,0,0,1,2,4,1,Envestida (frontal lateral),0,0,2,5,0,2,1,13.15,0,2,4,19,10
8143,2012,0,2012-08-14,AP-7,MONT-ROIG DEL CAMP,Baix Camp,0,0,2,0,1,0,0,0,0,1,0,0,0,100.0,0.0,0,3,No n'hi ha,-1.0,3,3,1,0,0,0,0,0,0,0,0,0,0,0,4,-1,1,Resta sortides de via,-1,1,2,4,1,2,1,16.0,1,1,1,14,8
8144,2012,0,2012-11-11,C-31,"PRAT DE LLOBREGAT, E",Baix Llobregat,3,0,1,0,2,0,1,0,0,1,0,0,0,60.0,0.0,0,1,Carril acceleració,0.0,3,3,1,0,0,0,0,0,0,0,0,0,0,0,4,-1,1,Encalç,-1,1,2,4,2,2,0,10.1,0,2,6,11,11
8145,2012,1,2012-03-10,SE,MATARO,Maresme,3,0,1,0,2,1,0,0,0,1,0,0,0,20.0,0.0,0,-1,No n'hi ha,-1.0,3,3,1,-1,0,0,0,-1,0,0,0,0,-1,0,4,-1,1,Atropellament,-1,2,2,5,-1,2,0,16.1,1,3,5,10,3
8146,2012,1,2012-01-02,SE,BARCELONA,Barcelones,3,0,1,0,2,0,0,1,0,1,0,0,0,100.0,0.0,0,-1,No n'hi ha,-1.0,3,3,1,0,0,0,0,0,0,0,0,0,0,1,5,4,0,Envestida (frontal lateral),2,2,2,5,-1,2,1,21.15,1,2,0,2,1
8147,2012,1,2012-10-05,SE,ALMACELLES,Segria,2,0,1,0,2,0,0,0,1,0,1,0,0,30.0,0.0,0,2,No n'hi ha,-1.0,3,3,1,0,0,0,0,0,0,0,0,0,1,1,4,5,1,Fregament o col·lisió lateral,2,2,3,5,0,2,1,12.23,0,2,4,5,10
8148,2012,1,2012-03-16,SE,ESPLUGUES DE LLOBREGAT,Baix Llobregat,3,0,1,0,3,1,0,0,0,2,0,0,0,20.0,0.0,0,2,No n'hi ha,-1.0,3,3,1,-1,0,0,0,-1,0,0,0,0,0,1,1,4,1,Atropellament,2,2,2,5,-1,2,0,18.4,1,3,4,16,3
8149,2012,1,2012-08-23,SE,ROSES,Alt Emporda,1,0,1,0,2,0,1,0,0,1,0,0,0,20.0,0.0,0,-1,No n'hi ha,-1.0,3,3,1,-1,0,0,0,-1,0,0,0,0,0,1,4,5,0,Envestida (frontal lateral),0,2,2,5,-1,2,1,10.0,0,2,3,23,8
8150,2012,1,2012-11-16,SE,BARCELONA,Barcelones,3,0,2,0,4,1,0,0,1,2,0,0,0,30.0,0.0,0,-1,No n'hi ha,-1.0,3,3,1,0,0,0,0,0,0,0,0,0,0,1,5,3,0,Atropellament,2,2,2,5,-1,2,0,19.44,1,3,4,16,11
8151,2012,1,2012-04-08,SE,BARCELONA,Barcelones,3,0,1,0,2,1,0,0,0,1,0,0,0,100.0,0.0,0,-1,No n'hi ha,-1.0,3,3,1,0,0,0,0,0,0,0,0,0,0,1,4,3,0,Atropellament,2,2,2,5,-1,2,0,8.2,0,3,6,8,4
8152,2012,0,2012-07-07,C-31,SANT PERE DE RIBES,Garraf,3,0,2,2,2,0,0,0,0,2,0,0,0,90.0,0.0,0,2,No n'hi ha,-1.0,3,3,1,0,0,0,0,0,0,0,0,0,1,0,4,-1,1,Col·lisió frontal,-1,1,2,4,2,2,0,17.01,1,2,5,7,7
8153,2012,0,2012-09-09,C-25,AGUILAR DE SEGARRA,Bages,3,0,1,1,2,0,0,0,0,2,0,0,0,40.0,0.0,0,2,No n'hi ha,0.0,3,3,1,0,0,0,0,0,0,0,0,0,0,0,4,-1,1,Col·lisió frontal,-1,1,2,4,2,2,0,16.42,1,2,6,9,9
8154,2012,0,2012-03-30,CR,ALGERRI,Noguera,2,0,1,0,1,0,0,0,0,1,0,0,0,100.0,0.0,0,3,No n'hi ha,-1.0,3,3,1,0,0,0,0,0,0,0,1,0,0,0,4,-1,1,Sortida de via amb xoc o col·lisió,-1,1,0,3,0,2,1,12.1,0,1,4,30,3
8155,2012,1,2012-01-26,SE,BARCELONA,Barcelones,3,0,1,0,3,2,0,0,0,1,0,0,0,100.0,0.0,0,-1,No n'hi ha,-1.0,3,3,1,0,0,1,0,0,0,0,0,0,0,0,4,-1,0,Atropellament,-1,2,2,5,-1,2,1,8.5,0,3,3,26,1
8156,2012,1,2012-06-24,SE,VALLROMANES,Valles Oriental,3,1,0,0,1,0,0,0,0,1,0,0,0,50.0,0.0,0,3,No n'hi ha,-1.0,3,3,0,0,0,0,0,0,0,0,0,0,0,0,1,-1,1,Xoc contra objecte/obstacle sense sortida prèvia de via,-1,2,0,5,-1,2,0,7.35,0,4,6,24,6
8157,2012,0,2012-11-08,C-65,SANTA CRISTINA D'ARO,Baix Emporda,1,0,1,0,2,0,0,1,0,1,0,0,0,100.0,0.0,0,2,No n'hi ha,-1.0,3,3,1,0,0,0,0,0,0,0,0,0,0,1,1,4,1,Fregament o col·lisió lateral,1,1,2,4,2,2,1,18.56,1,2,3,8,11
8158,2012,0,2012-06-28,A-2,TARREGA,Urgell,2,0,1,3,2,0,0,0,0,1,1,0,0,100.0,0.0,0,2,No n'hi ha,-1.0,3,3,1,0,0,0,0,0,0,0,0,0,1,0,5,-1,1,Encalç,-1,1,2,4,1,2,1,5.3,2,2,3,28,6
8159,2012,1,2012-09-09,SE,SABADELL,Valles Occidental,3,0,1,0,1,0,1,0,0,0,0,0,0,100.0,0.0,0,-1,No n'hi ha,-1.0,3,3,1,0,0,0,0,0,0,0,0,0,0,0,4,-1,-1,Altres,-1,2,2,5,-1,2,0,4.15,2,5,6,9,9
8160,2012,1,2012-07-14,SE,CASTELLO D'EMPURIES,Alt Emporda,1,0,1,0,1,0,0,0,0,1,0,0,0,30.0,0.0,0,2,No n'hi ha,-1.0,3,3,1,0,0,0,0,0,0,0,0,0,0,0,4,-1,1,Xoc contra objecte/obstacle sense sortida prèvia de via,-1,2,0,5,4,2,0,14.1,1,4,5,14,7
8161,2012,0,2012-05-12,C-31,SITGES,Garraf,3,0,1,0,4,0,0,0,1,3,0,0,0,100.0,0.0,0,2,No n'hi ha,-1.0,3,3,1,0,0,0,0,0,0,0,0,0,0,0,4,-1,1,Fregament o col·lisió lateral,-1,1,2,4,2,2,0,18.23,1,2,5,12,5
8162,2012,1,2012-06-04,SE,MATARO,Maresme,3,0,1,0,2,0,0,1,0,1,0,0,0,20.0,0.0,0,2,No n'hi ha,-1.0,3,3,1,-1,0,0,0,-1,0,0,0,0,-1,0,4,-1,1,Col·lisió frontal,-1,2,1,5,-1,2,1,17.0,1,2,0,4,6
8163,2012,1,2012-07-25,SE,FIGUERES,Alt Emporda,1,0,1,0,2,0,1,0,0,1,0,0,0,100.0,0.0,0,2,No n'hi ha,-1.0,3,3,1,0,0,0,0,0,0,0,0,0,0,0,4,-1,1,Altres,-1,2,2,5,2,2,1,19.15,1,5,2,25,7
8164,2012,1,2012-05-02,SE,MORA D'EBRE,Ribera d'Ebre,0,0,1,0,2,0,1,0,0,1,0,0,0,100.0,0.0,0,3,No n'hi ha,-1.0,3,3,1,0,1,0,0,0,0,0,0,0,0,0,4,-1,1,Envestida (frontal lateral),-1,2,2,5,-1,2,1,19.3,1,2,2,2,5
8165,2012,1,2012-12-18,SE,MOLLET DEL VALLES,Valles Oriental,3,0,1,0,2,0,0,1,0,1,0,0,0,100.0,0.0,0,2,No n'hi ha,-1.0,3,3,1,0,0,0,0,0,0,0,0,0,0,1,0,3,1,Envestida (frontal lateral),2,2,2,5,-1,2,1,21.17,1,2,1,18,12
8166,2012,0,2012-09-23,CR34,MACANET DE LA SELVA,Selva,1,0,1,0,2,0,0,1,0,1,0,0,0,30.0,1.0,0,1,No n'hi ha,-1.0,3,3,1,0,0,0,0,0,0,0,0,0,0,0,4,-1,1,Caiguda en la via,-1,1,2,3,0,2,0,19.05,1,0,6,23,9
8167,2012,0,2012-06-18,CR,ABRERA,Baix Llobregat,3,0,1,0,1,0,0,0,1,0,0,0,0,40.0,0.0,0,2,No n'hi ha,-1.0,3,3,1,0,0,0,0,0,0,0,0,0,0,0,5,-1,0,Xoc contra objecte/obstacle sense sortida prèvia de via,-1,1,2,3,2,2,1,0.4,2,4,0,18,6
8168,2012,1,2012-05-19,SE,AMPOSTA,Montsia,0,0,1,0,2,1,0,0,0,1,0,0,0,100.0,0.0,0,2,No n'hi ha,-1.0,3,3,1,0,0,0,0,0,0,0,0,0,0,2,4,2,1,Atropellament,0,2,2,5,-1,2,0,12.53,0,3,5,19,5
8169,2012,1,2012-05-15,SE,CORBERA DE LLOBREGAT,Baix Llobregat,3,0,2,0,1,0,0,0,0,1,0,0,0,100.0,0.0,0,-1,No n'hi ha,-1.0,3,3,1,0,0,0,0,0,0,0,0,0,0,0,4,-1,-1,Xoc contra objecte/obstacle sense sortida prèvia de via,-1,2,2,5,-1,2,1,9.09,0,4,1,15,5
8170,2012,1,2012-11-13,SE,LLEIDA,Segria,2,0,1,0,2,1,0,0,0,1,0,0,0,20.0,,0,3,No n'hi ha,-1.0,3,3,1,-1,0,0,0,-1,0,0,0,0,1,1,4,2,1,Atropellament,2,2,2,5,-1,2,1,10.25,0,3,1,13,11
8171,2012,0,2012-04-01,GIV-5132,FONTCOBERTA,Pla de l'Estany,1,0,1,0,1,0,0,0,0,1,0,0,0,100.0,0.0,0,1,No n'hi ha,-1.0,3,3,1,0,0,0,0,0,0,0,0,0,0,0,4,-1,1,Sortida de via amb xoc o col·lisió,-1,1,2,4,3,2,0,18.04,1,1,6,1,4
8172,2012,0,2012-09-10,CR,JUNEDA,Garrigues,2,0,1,0,1,0,0,1,0,0,0,0,0,100.0,0.0,0,2,No n'hi ha,-1.0,3,3,1,0,0,0,0,0,0,0,0,0,0,0,4,-1,1,Resta sortides de via,-1,1,2,3,0,2,1,11.1,0,1,0,10,9
8173,2012,1,2012-02-16,SE,TERRASSA,Valles Occidental,3,0,1,0,2,1,0,0,0,1,0,0,0,100.0,0.0,0,2,No n'hi ha,-1.0,3,3,1,0,0,0,0,0,0,0,0,0,0,0,4,-1,1,Atropellament,-1,2,2,5,0,2,1,10.0,0,3,3,16,2
8174,2012,0,2012-06-14,C-55,MANRESA,Bages,3,0,1,0,2,0,0,0,1,1,0,0,0,90.0,0.0,0,2,No n'hi ha,-1.0,3,3,1,0,0,0,0,0,0,0,0,0,0,0,4,-1,1,Col·lisió frontal,-1,1,2,4,2,2,1,7.2,0,2,3,14,6
8175,2012,0,2012-07-06,BV-2241,SANT SADURNI D'ANOIA,Alt Penedes,3,0,1,0,2,0,0,0,1,1,0,0,0,60.0,0.0,0,1,No n'hi ha,-1.0,3,3,1,0,0,0,0,0,0,0,0,0,0,1,4,-1,1,Encalç,1,1,2,4,2,2,1,7.53,0,2,4,6,7
8176,2012,0,2012-02-12,A-2,SOSES,Segria,2,1,1,0,1,0,0,0,0,1,0,0,0,100.0,0.0,0,0,No n'hi ha,-1.0,3,3,0,0,1,0,0,0,0,0,0,0,0,0,4,-1,1,Xoc contra objecte/obstacle sense sortida prèvia de via,-1,1,2,3,1,1,0,10.44,0,4,6,12,2
8177,2012,0,2012-07-16,CR,PALAU DE SANTA EULALIA,Alt Emporda,1,0,1,0,2,0,0,0,1,1,0,0,0,100.0,0.0,0,3,No n'hi ha,-1.0,3,3,1,0,0,0,0,0,0,0,0,0,1,2,4,5,1,Envestida (frontal lateral),1,1,2,3,0,2,1,20.35,1,2,0,16,7
8178,2012,0,2012-02-12,C-13,BALAGUER,Noguera,2,2,1,1,5,0,4,0,0,1,0,0,0,80.0,0.0,0,2,No n'hi ha,-1.0,3,3,0,0,0,0,0,1,0,0,0,0,0,0,4,-1,1,Encalç,-1,1,2,3,2,1,0,13.05,0,2,6,12,2
8179,2012,1,2012-03-19,SE,BARCELONA,Barcelones,3,0,1,0,2,0,0,0,1,1,0,0,0,100.0,0.0,0,-1,No n'hi ha,-1.0,3,3,1,0,0,0,0,0,0,0,0,0,0,1,5,2,1,Envestida (frontal lateral),1,2,2,5,-1,2,1,21.0,1,2,0,19,3
8180,2012,1,2012-05-07,SE,ESPLUGUES DE LLOBREGAT,Baix Llobregat,3,0,1,0,2,0,0,0,1,1,0,0,0,20.0,0.0,0,2,No n'hi ha,-1.0,3,1,1,-1,0,0,0,-1,0,0,0,0,0,0,4,-1,1,Envestida (frontal lateral),-1,0,2,5,-1,2,1,14.45,1,2,0,7,5
8181,2012,0,2012-12-14,B-30,BARBERA DEL VALLES,Valles Occidental,3,0,1,0,2,0,0,0,1,1,0,0,0,100.0,0.0,0,3,No n'hi ha,-1.0,3,3,1,0,0,0,0,0,0,0,0,0,0,2,4,-1,1,Encalç,3,1,2,4,1,2,1,14.55,1,2,4,14,12
8182,2012,1,2012-12-09,SE,SABADELL,Valles Occidental,3,0,1,0,2,1,0,0,0,1,0,0,0,100.0,0.0,0,-1,No n'hi ha,-1.0,3,3,1,0,0,0,0,0,0,0,0,0,0,0,4,-1,-1,Atropellament,-1,2,2,5,-1,2,0,12.48,0,3,6,9,12
8183,2012,1,2012-12-09,SE,VILASSAR DE MAR,Maresme,3,0,1,0,2,0,0,1,0,1,0,0,0,100.0,0.0,0,2,No n'hi ha,-1.0,3,3,1,0,0,0,0,0,0,0,0,0,0,0,4,-1,0,Fregament o col·lisió lateral,-1,2,2,5,0,2,0,14.4,1,2,6,9,12
8184,2012,1,2012-02-01,SE,MANRESA,Bages,3,0,1,1,4,2,0,1,0,1,0,0,0,100.0,0.0,0,2,No n'hi ha,-1.0,3,3,1,0,0,0,0,0,0,0,0,0,0,0,4,-1,1,Xoc contra objecte/obstacle sense sortida prèvia de via,-1,2,2,5,-1,2,1,9.4,0,4,2,1,2
8185,2012,0,2012-05-27,N-260,RIUDAURA,Garrotxa,1,1,0,1,2,0,0,0,1,1,0,0,0,100.0,0.0,0,2,No n'hi ha,-1.0,3,3,0,0,0,0,0,0,0,0,0,0,0,0,4,-1,1,Resta sortides de via,-1,1,2,4,1,2,0,13.45,0,1,6,27,5
8186,2012,0,2012-12-18,A-2,CORNELLA DE LLOBREGAT,Baix Llobregat,3,0,1,0,2,0,0,0,1,1,0,0,0,100.0,0.0,0,3,No n'hi ha,-1.0,3,0,1,0,0,0,0,0,0,0,0,0,0,0,4,-1,1,Encalç,-1,1,2,4,1,2,1,8.3,0,2,1,18,12
8187,2012,0,2012-07-26,N-II,SANT JULIA DE RAMIS,Girones,1,0,2,0,4,0,0,0,0,4,0,0,0,100.0,0.0,0,2,No n'hi ha,-1.0,3,3,1,0,0,0,0,0,0,0,0,0,0,0,4,-1,1,Envestida (frontal lateral),-1,1,2,4,1,2,1,15.35,1,2,3,26,7
8188,2012,0,2012-01-29,C-17,TONA,Osona,3,0,1,3,3,0,0,0,0,3,0,0,0,90.0,0.0,0,-1,Sense Especificar,-1.0,3,3,1,0,0,0,0,0,0,0,0,0,0,0,4,-1,-1,Xoc contra objecte/obstacle sense sortida prèvia de via,-1,1,2,4,4,2,0,1.02,2,4,6,29,1
8189,2012,1,2012-06-18,SE,TIVISSA,Ribera d'Ebre,0,0,1,0,2,0,1,0,0,1,0,0,0,20.0,0.0,0,1,No n'hi ha,-1.0,3,3,1,0,0,0,0,0,0,0,0,0,0,0,4,-1,1,Col·lisió frontal,-1,2,2,5,0,2,1,14.45,1,2,0,18,6
8190,2012,0,2012-05-23,C-32,SITGES,Garraf,3,0,1,2,2,0,0,0,0,2,0,0,0,100.0,0.0,0,2,No n'hi ha,-1.0,3,3,1,0,0,0,0,0,0,0,0,0,0,0,4,-1,1,Encalç,-1,1,2,4,2,2,1,20.1,1,2,2,23,5
8191,2012,0,2012-10-20,CR,RIU DE CERDANYA,Cerdanya,2,0,1,0,1,0,0,0,0,0,0,1,0,100.0,0.0,0,1,No n'hi ha,-1.0,3,3,1,0,0,0,0,0,0,0,0,0,0,0,1,-1,1,Resta sortides de via,-1,1,0,3,0,2,0,18.19,1,1,5,20,10
8192,2012,0,2012-05-06,TV-3319,"SENIA, LA",Montsia,0,1,0,1,1,0,0,0,0,1,0,0,0,100.0,0.0,0,2,No n'hi ha,-1.0,3,3,0,0,0,0,0,0,1,0,0,0,0,0,3,-1,1,Resta sortides de via,-1,1,2,4,3,2,0,21.55,1,1,6,6,5
8193,2012,0,2012-07-26,C-58,SANT QUIRZE DEL VALLES,Valles Occidental,3,0,1,0,3,0,0,0,0,3,0,0,0,100.0,0.0,0,0,Carril acceleració,-1.0,3,3,1,0,0,0,0,0,0,0,0,0,0,1,4,4,1,Fregament o col·lisió lateral,3,1,2,4,2,2,1,14.45,1,2,3,26,7
8194,2012,0,2012-12-07,CR,GUILS DE CERDANYA,Cerdanya,1,0,1,0,1,0,0,0,0,1,0,0,0,100.0,0.0,0,1,No n'hi ha,-1.0,3,3,1,0,0,0,0,0,0,0,0,0,0,0,2,-1,1,Resta sortides de via,-1,1,2,3,0,2,0,16.13,1,1,4,7,12
8195,2012,1,2012-04-08,N-II,CANET DE MAR,Maresme,3,0,2,0,2,1,0,0,1,0,0,0,0,70.0,0.0,0,2,No n'hi ha,-1.0,3,1,1,0,0,0,0,0,0,0,0,0,0,0,4,-1,1,Atropellament,-1,0,2,4,1,2,0,14.0,1,3,6,8,4
8196,2012,1,2012-04-28,SE,TERRASSA,Valles Occidental,3,0,1,1,2,0,0,0,1,1,0,0,0,100.0,0.0,0,3,No n'hi ha,-1.0,3,3,1,0,0,0,0,0,0,0,0,0,0,1,4,4,0,Envestida (frontal lateral),2,2,2,5,-1,2,0,9.57,0,2,5,28,4
8197,2012,0,2012-01-10,BV-1435,SANTA EULALIA DE RON,Valles Oriental,3,0,1,4,3,0,0,0,0,3,0,0,0,100.0,0.0,0,2,No n'hi ha,-1.0,3,3,1,0,0,0,0,0,0,0,0,0,0,0,4,-1,1,Encalç,-1,1,2,4,0,2,1,14.57,1,2,1,10,1
8198,2012,0,2012-03-25,T-233,SARRAL,Conca de Barbera,0,0,1,0,1,0,0,0,1,0,0,0,0,100.0,0.0,0,0,No n'hi ha,-1.0,3,3,1,0,0,0,0,0,0,0,0,0,0,0,4,-1,1,Resta sortides de via,-1,1,2,4,2,2,0,17.35,1,1,6,25,3
8199,2012,1,2012-02-23,SE,BARCELONA,Barcelones,3,0,1,0,2,0,0,0,1,1,0,0,0,100.0,0.0,0,-1,No n'hi ha,-1.0,3,3,1,0,0,0,0,0,0,0,0,0,0,0,4,-1,0,Fregament o col·lisió lateral,-1,2,2,5,-1,2,1,12.1,0,2,3,23,2
8200,2012,1,2012-10-22,SE,GIRONA,Girones,1,1,0,0,3,0,0,0,1,0,2,0,0,100.0,0.0,0,2,No n'hi ha,-1.0,3,3,0,0,0,0,0,0,0,0,0,0,0,0,4,-1,1,Encalç,-1,2,2,5,-1,2,1,13.53,0,2,0,22,10
8201,2012,1,2012-11-27,SE,OLOT,Garrotxa,1,0,1,0,1,0,1,0,0,0,0,0,0,100.0,0.0,0,3,No n'hi ha,-1.0,3,3,1,0,0,0,0,0,0,0,0,0,0,0,4,-1,1,Caiguda en la via,-1,2,0,5,-1,2,1,15.37,1,0,1,27,11
8202,2012,1,2012-12-21,SE,SANT BOI DE LLOBREGAT,Baix Llobregat,3,0,1,0,2,1,0,0,0,1,0,0,0,100.0,0.0,0,2,No n'hi ha,-1.0,3,3,1,0,0,0,0,0,0,0,0,0,0,1,5,4,0,Atropellament,1,2,2,5,-1,2,0,18.4,1,3,4,21,12
8203,2012,0,2012-07-27,C-32,MATARO,Maresme,3,0,2,0,2,0,0,0,1,1,0,0,0,100.0,0.0,0,2,No n'hi ha,-1.0,3,3,1,0,0,0,0,0,0,0,0,0,0,0,1,-1,1,Encalç,-1,1,2,4,2,2,0,21.1,1,2,4,27,7
8204,2012,0,2012-10-30,GI-600,TORDERA,Maresme,3,0,1,1,2,0,0,0,0,1,1,0,0,40.0,0.0,0,2,No n'hi ha,-1.0,3,3,1,0,0,0,0,0,0,0,0,0,0,2,2,4,1,Envestida (frontal lateral),0,1,2,4,3,2,1,10.29,0,2,1,30,10
8205,2012,0,2012-07-01,C-31,SITGES,Garraf,3,0,1,1,2,0,0,0,1,1,0,0,0,60.0,0.0,0,2,No n'hi ha,-1.0,2,3,1,0,0,0,1,0,1,0,0,0,0,1,2,5,1,Envestida (frontal lateral),1,1,2,4,2,2,0,16.48,1,2,6,1,7
8206,2012,1,2012-06-21,SE,SALOU,Tarragones,0,0,1,0,3,0,2,0,0,1,0,0,0,50.0,0.0,0,2,No n'hi ha,-1.0,3,3,1,0,1,0,0,0,0,0,0,0,0,1,4,4,1,Envestida (frontal lateral),0,2,2,5,0,2,1,9.45,0,2,3,21,6
8207,2012,0,2012-09-09,C-1412b,ISONA I CONCA DELLA,Pallars Jussa,2,0,1,0,1,0,0,0,1,0,0,0,0,100.0,0.0,0,2,No n'hi ha,-1.0,3,3,1,0,0,0,0,0,0,0,0,0,0,0,4,-1,1,Caiguda en la via,-1,1,2,4,2,2,0,12.03,0,0,6,9,9
8208,2012,1,2012-10-25,SE,HOSPITALET DE LLOBREGAT,Barcelones,3,1,0,0,2,1,0,0,1,0,0,0,0,20.0,0.0,0,-1,No n'hi ha,-1.0,1,3,0,0,0,0,0,0,0,0,0,0,0,0,5,-1,-1,Atropellament,-1,2,0,5,-1,2,1,19.2,1,3,3,25,10
8209,2012,0,2012-10-29,BV-5122,FOGARS DE TORDERA,Selva,3,1,0,0,2,0,1,0,0,1,0,0,0,90.0,0.0,0,-1,Sense Especificar,-1.0,3,3,0,0,0,0,0,0,0,0,0,0,0,0,4,-1,-1,Encalç,-1,1,2,4,4,2,1,18.58,1,2,0,29,10
8210,2012,1,2012-07-22,SE,BARCELONA,Barcelones,3,0,1,0,2,1,0,0,0,1,0,0,0,100.0,0.0,0,-1,No n'hi ha,-1.0,3,3,1,0,0,0,0,0,0,0,0,0,0,1,4,3,0,Atropellament,2,2,2,5,-1,2,0,13.5,0,3,6,22,7
8211,2012,1,2012-04-18,SE,GIRONA,Girones,1,0,1,0,2,1,0,0,0,1,0,0,0,20.0,0.0,0,-1,No n'hi ha,-1.0,1,3,1,0,-1,0,0,0,0,0,0,0,0,0,4,-1,-1,Atropellament,-1,2,0,5,-1,2,1,9.45,0,3,2,18,4
8212,2012,0,2012-10-26,N-II,PONT DE MOLINS,Alt Emporda,1,0,1,0,2,0,0,0,0,1,1,0,0,80.0,0.0,0,2,No n'hi ha,-1.0,1,3,1,0,0,0,0,0,0,0,0,0,0,0,0,-1,1,Col·lisió frontal,-1,1,2,4,1,2,0,23.01,2,2,4,26,10
8213,2012,1,2012-08-20,SE,SANT FELIU DE GUIXOLS,Baix Emporda,1,0,1,2,2,0,0,0,1,1,0,0,0,20.0,0.0,0,-1,No n'hi ha,-1.0,3,3,1,-1,-1,0,0,-1,0,0,0,0,0,0,4,-1,-1,Col·lisió frontal,-1,2,2,5,-1,2,1,13.1,0,2,0,20,8
8214,2012,1,2012-05-09,SE,LLEIDA,Segria,2,0,1,0,2,0,0,0,0,1,0,1,0,20.0,0.0,0,2,No n'hi ha,-1.0,3,3,1,-1,0,0,0,-1,0,0,0,0,-1,1,4,4,0,Envestida (frontal lateral),0,2,2,5,-1,2,1,13.37,0,2,2,9,5
8215,2012,1,2012-06-29,SE,TERRASSA,Valles Occidental,3,0,1,1,2,0,0,0,1,1,0,0,0,20.0,0.0,0,-1,No n'hi ha,-1.0,3,3,1,0,0,0,0,0,0,0,0,0,0,1,4,4,-1,Envestida (frontal lateral),2,2,2,5,-1,2,0,16.15,1,2,4,29,6
8216,2012,0,2012-05-11,C-65,GIRONA,Girones,1,0,1,5,3,0,0,0,0,3,0,0,0,100.0,0.0,0,2,No n'hi ha,-1.0,3,3,1,0,0,0,0,0,0,0,0,0,0,0,4,-1,1,Col·lisió frontal,-1,1,2,4,2,2,0,17.25,1,2,4,11,5
8217,2012,1,2012-04-27,SE,GIRONA,Girones,1,0,1,0,2,1,0,0,0,1,0,0,0,30.0,0.0,0,2,No n'hi ha,-1.0,3,3,1,0,0,0,0,0,0,0,0,0,0,0,4,-1,0,Atropellament,-1,2,2,5,-1,2,1,14.38,1,3,4,27,4
8218,2012,0,2012-08-22,N-260,TOSES,Ripolles,1,0,1,0,1,0,0,0,1,0,0,0,0,100.0,0.0,0,1,No n'hi ha,-1.0,3,3,1,0,0,0,0,0,0,0,0,0,0,0,4,-1,1,Caiguda en la via,-1,1,2,4,1,2,1,12.08,0,0,2,22,8
8219,2012,0,2012-12-16,GI-531,SANT GREGORI,Girones,1,0,1,1,2,0,0,0,1,1,0,0,0,100.0,0.0,0,2,No n'hi ha,-1.0,3,3,1,0,0,0,0,0,0,0,0,0,0,1,4,4,1,Envestida (frontal lateral),1,1,2,4,3,2,0,13.15,0,2,6,16,12
8220,2012,1,2012-07-03,SE,SANTA COLOMA DE CERV,Baix Llobregat,3,0,1,1,2,0,0,1,0,1,0,0,0,50.0,0.0,0,-1,No n'hi ha,-1.0,3,3,1,-1,0,0,0,-1,0,0,0,0,-1,0,4,-1,1,Encalç,-1,2,2,5,-1,2,1,15.0,1,2,1,3,7