,Year,Area,Date,Road,Municipality Name,County Name,Province Name,Fatalties,Serious Injuries,Light Injuries,Units Involved,Pedestrains Involved,Bicycles Involved,Mopeds Involved,Motorcycles,Light Vehicles Involved,Heavy Vehicles Involved,Other Units Involved,Unspecified Units Involved,Road Speed Limit,Accident with Hit and Run,Fog Presence,Surrounding Environment,Special Lane Presence,Special Traffic Measures,Weather Conditions,Special Road Functions,Severity of Accident,Influence of Fog,Influence of Environment,Influence of Traffic,Influence of Weather,Influence of Wind Intensity,Influence of Lighting,Influence of Special Measures,Influence of Road Objects,Influence of Road Surface,Influence of Visibility,Intersection Characteristics,Lighting Conditions,Traffic Regulation and Priority,Direction of Road,Subtype of Accident,Subtype of Road Section,Subzone within Area,Road Surface Conditions,Type of Road,Road Ownership,Wind Conditions,Day of the Week Grouping,Hour of Day,Time of Day Grouping,Type of Accident,Day Type,Day,Month
8221,2012,1,2012-01-29,SE,TERRASSA,Valles Occidental,3,0,1,1,1,0,0,0,0,1,0,0,0,100.0,0.0,0,-1,No n'hi ha,-1.0,3,3,1,0,0,0,0,0,0,0,0,0,0,0,4,-1,-1,Altres,-1,2,2,5,-1,2,0,5.05,2,5,6,29,1
8222,2012,1,2012-11-15,SE,TERRASSA,Valles Occidental,3,0,1,0,2,1,0,0,0,1,0,0,0,100.0,0.0,0,-1,No n'hi ha,-1.0,3,3,1,0,0,0,0,0,0,0,0,0,0,0,4,-1,-1,Atropellament,-1,2,2,5,-1,2,1,15.0,1,3,3,15,11
8223,2012,1,2012-06-22,SE,SANT ADRIA DE BESOS,Barcelones,3,0,1,0,2,0,0,0,0,1,1,0,0,20.0,0.0,0,-1,No n'hi ha,-1.0,3,3,1,-1,0,0,0,-1,0,0,0,0,-1,1,4,4,-1,Envestida (frontal lateral),2,2,2,5,-1,2,0,17.15,1,2,4,22,6
8224,2012,0,2012-04-06,AP-2,MONTBLANC,Conca de Barbera,0,0,2,6,2,0,0,0,0,2,0,0,0,100.0,0.0,0,2,Carril d'alentiment,-1.0,4,3,1,0,0,0,1,0,0,0,1,0,0,2,2,5,1,Encalç,1,1,0,4,1,1,1,12.33,0,2,4,6,4
8225,2012,0,2012-11-23,CR7,SANTA MARIA D'OLO,Moianès,3,0,1,0,2,1,0,0,0,1,0,0,0,90.0,0.0,0,-1,Sense Especificar,-1.0,3,3,1,0,0,0,0,0,0,0,0,0,0,0,4,-1,-1,Atropellament,-1,1,2,4,4,2,1,8.04,0,3,4,23,11
8226,2012,1,2012-03-31,SE,SANTA MARIA DE PALAU,Valles Oriental,3,0,1,0,2,0,0,0,1,1,0,0,0,20.0,0.0,0,2,No n'hi ha,-1.0,3,3,1,-1,0,0,0,-1,0,0,0,0,-1,0,4,-1,1,Col·lisió frontal,-1,2,2,5,-1,2,0,13.5,0,2,5,31,3
8227,2012,0,2012-02-25,C-58,RIPOLLET,Valles Occidental,3,0,2,0,2,0,0,0,1,1,0,0,0,100.0,0.0,0,0,Carril acceleració,-1.0,3,3,1,0,0,0,0,0,0,0,0,0,0,2,3,2,1,Fregament o col·lisió lateral,1,1,2,4,2,2,0,20.31,1,2,5,25,2
8228,2012,1,2012-06-22,SE,VALLS,Alt Camp,0,0,1,0,2,0,0,0,0,2,0,0,0,100.0,0.0,0,-1,No n'hi ha,-1.0,3,3,1,0,0,0,0,0,0,0,0,0,0,0,4,-1,-1,Envestida (frontal lateral),-1,2,2,5,-1,2,0,16.0,1,2,4,22,6
8229,2012,1,2012-09-11,SE,IGUALADA,Anoia,3,0,1,5,5,4,0,1,0,0,0,0,0,50.0,0.0,0,2,No n'hi ha,-1.0,3,3,1,-1,0,0,0,-1,0,0,0,0,-1,1,5,2,1,Atropellament,2,2,2,5,-1,2,1,20.3,1,3,1,11,9
8230,2012,0,2012-07-15,N-240,"PALLARESOS, ELS",Tarragones,0,0,1,0,2,0,0,0,1,1,0,0,0,100.0,0.0,0,0,No n'hi ha,-1.0,3,3,1,0,0,0,0,0,0,0,0,0,0,0,4,-1,1,Encalç,-1,1,2,4,1,2,0,13.13,0,2,6,15,7
8231,2012,0,2012-08-28,C-16,GUARDIOLA DE BERGUEDA,Bergueda,3,0,4,0,2,0,0,0,0,2,0,0,0,100.0,0.0,0,1,No n'hi ha,-1.0,3,3,1,0,0,0,1,0,0,0,0,0,0,0,2,-1,1,Col·lisió frontal,-1,1,2,4,2,2,1,19.2,1,2,1,28,8
8232,2012,1,2012-02-13,SE,SANT FELIU DE GUIXOLS,Baix Emporda,1,0,1,0,2,1,0,0,0,1,0,0,0,20.0,0.0,0,-1,No n'hi ha,-1.0,3,3,1,-1,-1,0,0,-1,0,0,0,0,-1,1,4,2,-1,Atropellament,1,2,2,5,-1,2,1,10.21,0,3,0,13,2
8233,2012,0,2012-03-14,TP-2039,TARRAGONA,Tarragones,0,1,0,0,1,0,0,0,0,1,0,0,0,40.0,0.0,0,2,No n'hi ha,-1.0,3,3,0,0,1,0,0,0,0,0,0,0,0,1,3,4,1,Resta sortides de via,0,1,2,4,3,2,1,4.05,2,1,2,14,3
8234,2012,1,2012-09-17,SE,HOSPITALET DE LLOBREGAT,Barcelones,3,0,1,1,2,0,0,0,1,1,0,0,0,20.0,0.0,0,-1,No n'hi ha,-1.0,3,3,1,0,0,0,0,0,0,0,0,0,0,0,5,-1,-1,Fregament o col·lisió lateral,-1,2,2,5,-1,2,1,21.37,1,2,0,17,9
8235,2012,0,2012-03-09,N-IIa,HOSTALETS DE PIEROLA,Anoia,3,0,1,0,2,0,0,0,1,1,0,0,0,60.0,0.0,0,2,No n'hi ha,-1.0,3,3,1,0,0,0,0,0,0,0,0,0,0,1,3,5,1,Envestida (frontal lateral),1,1,2,4,1,2,0,19.54,1,2,4,9,3
8236,2012,1,2012-08-04,SE,CAMBRILS,Baix Camp,0,0,1,0,2,0,0,0,1,1,0,0,0,50.0,0.0,0,2,No n'hi ha,-1.0,3,3,1,0,0,0,0,0,0,0,0,0,0,1,4,5,1,Fregament o col·lisió lateral,1,2,2,5,0,2,0,11.3,0,2,5,4,8
8237,2012,0,2012-10-03,N-IIa,SANT JULIA DE RAMIS,Girones,1,0,1,0,2,0,0,0,1,1,0,0,0,80.0,0.0,0,1,Carril central,-1.0,3,3,1,0,0,0,0,0,0,0,0,0,0,1,0,4,1,Envestida (frontal lateral),2,1,2,4,1,2,1,20.2,1,2,2,3,10
8238,2012,0,2012-10-29,C-17,TAGAMANENT,Valles Oriental,3,0,1,0,1,0,0,0,1,0,0,0,0,80.0,0.0,0,2,No n'hi ha,-1.0,3,3,1,0,0,0,0,0,0,0,0,0,0,0,4,-1,1,Caiguda en la via,-1,1,2,4,2,2,1,9.11,0,0,0,29,10
8239,2012,1,2012-01-11,SE,BARCELONA,Barcelones,3,1,0,0,2,1,0,0,0,0,1,0,0,30.0,0.0,0,-1,No n'hi ha,-1.0,3,3,0,0,0,0,0,0,0,0,0,0,0,0,4,-1,0,Atropellament,-1,2,2,5,-1,2,1,14.53,1,3,2,11,1
8240,2012,1,2012-02-08,SE,"VENDRELL, EL",Baix Penedes,0,0,1,0,2,0,0,1,0,1,0,0,0,40.0,0.0,0,-1,No n'hi ha,-1.0,3,3,1,0,0,0,0,0,0,0,0,0,0,0,4,-1,1,Encalç,-1,2,2,5,-1,2,1,11.58,0,2,2,8,2
8241,2012,1,2012-08-21,SE,VIC,Osona,3,0,1,0,2,0,0,0,1,1,0,0,0,100.0,0.0,0,2,No n'hi ha,-1.0,3,3,1,0,0,0,0,0,0,0,0,0,0,1,4,4,0,Envestida (frontal lateral),0,2,2,5,-1,2,1,16.0,1,2,1,21,8
8242,2012,0,2012-08-28,CR,ALINS,Pallars Sobira,2,1,0,1,1,0,0,0,0,0,0,1,0,100.0,0.0,1,3,No n'hi ha,5.0,3,3,0,0,0,0,0,0,0,0,0,0,0,0,4,-1,1,Resta sortides de via,-1,1,2,3,0,2,1,10.0,0,1,1,28,8
8243,2012,1,2012-12-03,SE,BADALONA,Barcelones,3,0,1,3,2,0,0,0,0,2,0,0,0,20.0,0.0,0,2,No n'hi ha,-1.0,3,3,1,-1,0,0,0,-1,0,0,0,0,0,1,4,4,0,Envestida (frontal lateral),2,2,2,5,-1,2,1,10.46,0,2,0,3,12
8244,2012,1,2012-03-29,SE,AMPOSTA,Montsia,0,0,1,0,1,0,0,0,1,0,0,0,0,100.0,0.0,0,2,No n'hi ha,-1.0,3,3,1,0,0,0,0,0,0,0,0,0,0,1,4,4,1,Caiguda en la via,0,2,2,5,-1,2,1,10.0,0,0,3,29,3
8245,2012,1,2012-03-07,SE,BARCELONA,Barcelones,3,0,1,0,2,1,1,0,0,0,0,0,0,100.0,0.0,0,-1,Carril bici,-1.0,3,3,1,0,0,0,0,0,0,0,0,0,0,1,4,3,0,Atropellament,2,2,2,5,-1,2,1,14.0,1,3,2,7,3
8246,2012,1,2012-05-30,SE,SABADELL,Valles Occidental,3,0,1,0,2,1,0,0,0,0,1,0,0,100.0,0.0,0,1,No n'hi ha,-1.0,3,3,1,0,0,0,0,0,0,0,0,0,0,1,4,3,1,Atropellament,2,2,2,5,-1,2,1,17.25,1,3,2,30,5
8247,2012,1,2012-08-21,SE,IGUALADA,Anoia,3,0,1,0,2,1,0,0,0,1,0,0,0,50.0,0.0,0,-1,No n'hi ha,-1.0,3,3,1,-1,-1,0,0,-1,0,0,0,0,0,0,5,-1,0,Atropellament,-1,2,2,5,0,2,1,1.3,2,3,1,21,8
8248,2012,1,2012-02-10,SE,TORTOSA,Baix Ebre,0,0,1,0,2,1,0,0,1,0,0,0,0,100.0,0.0,0,2,No n'hi ha,-1.0,3,3,1,0,0,0,0,0,0,0,0,0,0,0,1,-1,1,Atropellament,-1,2,2,5,3,2,0,18.15,1,3,4,10,2
8249,2012,0,2012-10-29,C-251,"ROCA DEL VALLES, LA",Valles Oriental,3,0,1,1,1,0,0,0,0,1,0,0,0,40.0,0.0,0,1,No n'hi ha,-1.0,3,3,1,0,0,0,0,0,0,0,0,0,0,2,3,5,1,Resta sortides de via,1,1,2,4,3,2,1,2.4,2,1,0,29,10
8250,2012,1,2012-10-06,SE,BARCELONA,Barcelones,3,0,1,0,2,0,0,0,1,1,0,0,0,100.0,0.0,0,-1,Carril lent,-1.0,3,3,1,0,0,0,0,0,0,0,0,0,0,1,5,3,1,Col·lisió frontal,2,2,2,5,-1,2,0,7.25,0,2,5,6,10
8251,2012,1,2012-08-06,SE,BARCELONA,Barcelones,3,0,1,0,1,0,0,1,0,0,0,0,0,100.0,0.0,0,-1,No n'hi ha,-1.0,1,3,1,0,0,0,0,0,0,0,0,0,0,0,4,-1,1,Caiguda en la via,-1,2,0,5,-1,2,1,7.35,0,0,0,6,8
8252,2013,0,2013-05-14,C-451,BIOSCA,Segarra,2,1,1,0,2,0,0,0,0,2,0,0,0,100.0,0.0,0,2,No n'hi ha,-1.0,3,3,0,0,0,0,0,0,0,0,0,0,0,0,4,-1,1,Col·lisió frontal,-1,1,2,4,2,2,1,7.0,0,2,1,14,5
8253,2013,1,2013-04-04,SE,SABADELL,Valles Occidental,3,0,1,0,2,1,1,0,0,0,0,0,0,100.0,1.0,0,-1,No n'hi ha,-1.0,3,3,1,0,0,0,0,0,0,0,0,0,0,0,4,-1,-1,Atropellament,-1,2,2,5,-1,2,1,21.08,1,3,3,4,4
8254,2013,0,2013-05-09,GI-614,CADAQUES,Alt Emporda,1,0,2,0,1,0,0,0,1,0,0,0,0,40.0,0.0,0,0,No n'hi ha,-1.0,3,3,1,0,0,0,0,0,0,0,0,0,0,0,4,-1,1,Caiguda en la via,-1,1,2,4,3,2,1,16.44,1,0,3,9,5
8255,2013,0,2013-04-02,C-31,CUBELLES,Garraf,3,0,1,0,2,1,0,0,0,1,0,0,0,40.0,0.0,0,2,No n'hi ha,-1.0,3,3,1,0,0,0,0,0,0,0,0,0,0,0,0,-1,1,Atropellament,-1,1,2,4,2,2,1,21.1,1,3,1,2,4
8256,2013,1,2013-02-04,SE,SABADELL,Valles Occidental,3,0,1,0,2,0,0,0,1,1,0,0,0,100.0,0.0,0,2,No n'hi ha,-1.0,3,3,1,0,0,0,0,0,0,0,0,0,0,1,4,3,1,Envestida (frontal lateral),2,2,2,5,-1,2,1,11.25,0,2,0,4,2
8257,2013,0,2013-02-01,C-26,BALAGUER,Noguera,2,0,1,0,2,1,0,0,0,1,0,0,0,40.0,0.0,1,2,No n'hi ha,1.0,3,3,1,0,0,0,0,0,0,1,0,0,0,0,4,-1,1,Atropellament,-1,1,2,4,2,2,1,9.5,0,3,4,1,2
8258,2013,1,2013-03-05,SE,HOSPITALET DE LLOBREGAT,Barcelones,3,0,1,1,2,1,0,0,1,0,0,0,0,20.0,0.0,0,-1,No n'hi ha,-1.0,2,3,1,0,0,0,1,0,0,0,0,0,0,0,5,-1,-1,Atropellament,-1,2,0,5,-1,2,1,19.48,1,3,1,5,3
8259,2013,1,2013-02-08,SE,TERRASSA,Valles Occidental,3,0,1,0,2,1,0,0,0,1,0,0,0,100.0,0.0,0,2,No n'hi ha,-1.0,3,3,1,0,0,0,0,0,0,0,0,0,0,0,4,-1,1,Atropellament,-1,2,2,5,-1,2,1,12.3,0,3,4,8,2
8260,2013,0,2013-11-06,C-31,CALONGE,Baix Emporda,1,0,1,0,2,0,0,0,0,2,0,0,0,120.0,0.0,0,-1,Sense Especificar,-1.0,3,3,1,0,0,0,0,0,0,0,0,0,0,0,4,-1,-1,Resta sortides de via,-1,1,2,1,4,2,1,16.05,1,1,2,6,11
8261,2013,1,2013-01-18,SE,BARCELONA,Barcelones,3,0,1,0,2,0,0,0,1,1,0,0,0,100.0,0.0,0,-1,Carril bus,-1.0,1,3,1,0,0,0,0,0,0,0,0,0,0,0,4,-1,0,Caiguda en la via,-1,2,0,5,-1,2,1,9.15,0,0,4,18,1
8262,2013,1,2013-05-28,SE,HOSPITALET DE LLOBREGAT,Barcelones,3,0,1,0,2,0,0,0,1,1,0,0,0,30.0,,0,-1,No n'hi ha,-1.0,3,3,1,0,-1,0,0,0,0,0,0,0,0,1,5,3,-1,Fregament o col·lisió lateral,2,2,2,5,-1,2,1,1.1,2,2,1,28,5
8263,2013,0,2013-08-14,GI-682,BLANES,Selva,1,0,1,0,2,0,0,0,1,1,0,0,0,70.0,0.0,0,-1,No n'hi ha,-1.0,3,3,1,-1,-1,0,0,-1,0,0,0,0,-1,0,4,-1,1,Envestida (frontal lateral),-1,1,2,4,3,2,1,11.2,0,2,2,14,8
8264,2013,1,2013-08-01,SE,MORA LA NOVA,Ribera d'Ebre,0,0,1,0,1,0,0,0,0,1,0,0,0,100.0,0.0,0,2,No n'hi ha,-1.0,3,3,1,0,0,0,0,0,0,0,0,0,0,0,5,-1,1,Resta sortides de via,-1,2,2,5,-1,2,1,3.59,2,1,3,1,8
8265,2013,1,2013-09-06,SE,BLANES,Selva,1,0,1,0,2,0,0,1,0,1,0,0,0,20.0,0.0,0,-1,No n'hi ha,-1.0,3,3,1,0,0,0,0,0,0,0,0,0,0,0,5,-1,-1,Caiguda en la via,-1,2,2,5,-1,2,1,6.4,0,0,4,6,9
8266,2013,1,2013-08-31,SE,LLORET DE MAR,Selva,1,0,1,0,1,0,0,0,1,0,0,0,0,100.0,0.0,0,2,No n'hi ha,-1.0,3,3,1,0,0,0,0,0,0,0,0,0,0,2,4,-1,0,Caiguda en la via,2,2,2,5,-1,2,0,18.15,1,0,5,31,8
8267,2013,1,2013-11-20,SE,MANRESA,Bages,3,0,1,0,2,1,0,0,0,1,0,0,0,20.0,0.0,0,-1,No n'hi ha,-1.0,3,3,1,0,0,0,0,0,0,0,0,0,0,1,4,2,-1,Atropellament,2,2,2,5,-1,2,1,12.4,0,3,2,20,11
8268,2013,0,2013-12-03,N-150,MONTCADA I REIXAC,Valles Occidental,3,0,1,1,2,0,0,1,0,1,0,0,0,100.0,0.0,0,-1,No n'hi ha,-1.0,3,3,1,0,0,0,0,0,0,0,0,0,0,0,4,-1,-1,Altres,-1,1,2,4,-1,2,1,20.0,1,5,1,3,12
8269,2013,1,2013-06-12,SE,BARCELONA,Barcelones,3,0,1,0,2,0,1,0,0,1,0,0,0,100.0,0.0,0,-1,No n'hi ha,-1.0,3,3,1,0,0,0,0,0,0,0,0,0,0,1,4,3,1,Envestida (frontal lateral),2,2,2,5,-1,2,1,19.35,1,2,2,12,6
8270,2013,0,2013-05-20,C-17,GRANOLLERS,Valles Oriental,3,0,1,1,1,0,0,0,0,1,0,0,0,80.0,0.0,0,1,No n'hi ha,-1.0,2,3,1,0,0,0,1,0,1,0,0,0,0,0,3,-1,1,Resta sortides de via,-1,1,2,1,2,2,1,0.22,2,1,0,20,5
8271,2013,1,2013-11-24,BP-2151,SANT PERE DE RIUDEBITLLES,Alt Penedes,3,0,1,0,2,0,0,0,1,1,0,0,0,50.0,0.0,0,2,No n'hi ha,-1.0,3,1,1,0,0,0,0,0,0,0,0,0,1,1,4,5,1,Envestida (frontal lateral),2,2,2,4,3,2,0,12.07,0,2,6,24,11
8272,2013,0,2013-06-10,AP-7,"ALDEA, L'",Baix Ebre,0,1,0,1,2,0,0,0,0,1,1,0,0,100.0,0.0,0,2,No n'hi ha,-1.0,3,3,0,0,0,0,0,0,0,0,0,0,1,0,0,-1,1,Encalç,-1,1,2,2,1,2,1,2.3,2,2,0,10,6
8273,2013,0,2013-10-16,C-31,VILADECANS,Baix Llobregat,3,0,1,0,2,0,0,0,1,0,1,0,0,40.0,0.0,0,2,No n'hi ha,-1.0,3,3,1,0,0,0,0,0,0,0,0,0,0,2,1,4,0,Fregament o col·lisió lateral,0,1,2,1,2,2,1,18.52,1,2,2,16,10
8274,2013,1,2013-08-22,SE,SANTA COLOMA DE GRAMANET,Barcelones,3,0,1,0,1,0,0,0,1,0,0,0,0,20.0,0.0,0,-1,No n'hi ha,-1.0,3,3,1,-1,0,0,0,-1,0,0,0,0,-1,1,4,3,0,Caiguda en la via,1,2,2,5,-1,2,1,10.56,0,0,3,22,8
8275,2013,1,2013-12-23,SE,CASTELL-PLATJA D'ARO,Baix Emporda,1,0,1,0,2,1,0,1,0,0,0,0,0,30.0,1.0,0,2,No n'hi ha,-1.0,3,3,1,0,0,0,0,0,0,0,0,0,0,0,3,-1,1,Atropellament,-1,2,0,5,-1,2,1,19.0,1,3,0,23,12
8276,2013,1,2013-01-09,SE,VIDRERES,Selva,1,0,1,0,2,1,0,0,0,1,0,0,0,100.0,0.0,0,2,No n'hi ha,-1.0,3,3,1,0,0,0,0,0,0,0,0,0,0,0,4,-1,1,Atropellament,-1,2,2,5,0,2,1,12.37,0,3,2,9,1
8277,2013,1,2013-07-10,SE,QUEROL,Alt Camp,0,0,1,0,2,0,0,0,1,1,0,0,0,20.0,0.0,0,-1,Sense Especificar,-1.0,3,1,1,0,0,0,0,0,0,0,0,0,0,0,4,-1,-1,Envestida (frontal lateral),-1,2,2,5,-1,2,1,17.28,1,2,2,10,7
8278,2013,1,2013-12-13,C-12,FLIX,Ribera d'Ebre,0,0,1,0,2,1,0,0,0,1,0,0,0,30.0,0.0,0,2,No n'hi ha,0.0,3,1,1,0,0,0,0,0,0,0,0,0,1,0,3,-1,1,Atropellament,-1,2,2,4,2,2,0,18.5,1,3,4,13,12
8279,2013,1,2013-09-18,SE,SABADELL,Valles Occidental,3,0,1,0,1,0,0,0,0,0,1,0,0,100.0,0.0,0,-1,No n'hi ha,-1.0,3,3,1,0,0,0,0,0,0,0,0,0,0,0,4,-1,-1,Altres,-1,2,2,5,-1,2,1,13.56,0,5,2,18,9
8280,2013,1,2013-12-16,SE,GRANOLLERS,Valles Oriental,3,0,1,0,2,0,1,0,0,1,0,0,0,100.0,0.0,0,2,No n'hi ha,-1.0,3,3,1,0,0,0,0,0,0,0,0,0,0,0,5,-1,0,Envestida (frontal lateral),-1,2,2,5,-1,2,1,18.15,1,2,0,16,12
8281,2013,1,2013-10-05,SE,GIRONA,Girones,1,0,1,0,2,1,0,0,0,1,0,0,0,100.0,0.0,0,2,No n'hi ha,-1.0,1,3,1,0,0,0,1,0,0,0,0,0,0,2,5,-1,1,Atropellament,2,2,2,5,-1,2,0,19.53,1,3,5,5,10
8282,2013,0,2013-12-11,N-340,"VENDRELL, EL",Baix Penedes,0,0,2,1,2,0,0,0,0,1,1,0,0,100.0,0.0,0,0,No n'hi ha,-1.0,3,3,1,0,0,0,0,0,0,0,0,0,0,0,4,-1,1,Col·lisió frontal,-1,1,2,4,1,2,1,7.49,0,2,2,11,12
8283,2013,0,2013-11-10,C-58,MONTCADA I REIXAC,Valles Occidental,3,0,1,1,1,0,0,0,0,1,0,0,0,120.0,0.0,0,1,No n'hi ha,-1.0,3,3,1,0,0,0,0,0,0,0,0,0,0,0,4,-1,1,Altres,-1,1,2,1,2,2,0,11.58,0,5,6,10,11
8284,2013,0,2013-10-03,C-12,BENIFALLET,Baix Ebre,0,0,1,1,2,0,0,0,0,2,0,0,0,100.0,0.0,0,2,Carril central,-1.0,1,3,1,0,1,0,0,0,0,0,0,0,0,1,4,4,1,Col·lisió frontal,1,1,2,4,2,2,1,13.3,0,2,3,3,10
8285,2013,1,2013-09-22,SE,BARCELONA,Barcelones,3,0,1,0,2,1,0,0,0,1,0,0,0,100.0,0.0,0,-1,No n'hi ha,-1.0,3,3,1,0,0,0,0,0,0,0,0,0,0,0,5,-1,1,Atropellament,-1,2,2,5,-1,2,0,21.1,1,3,6,22,9
8286,2013,1,2013-09-23,SE,SABADELL,Valles Occidental,3,0,1,0,2,1,1,0,0,0,0,0,0,100.0,0.0,0,2,No n'hi ha,-1.0,3,3,1,0,0,0,0,0,0,0,0,0,0,0,5,-1,1,Atropellament,-1,2,2,5,-1,2,1,20.3,1,3,0,23,9
8287,2013,1,2013-11-26,SE,BARCELONA,Barcelones,3,0,1,0,3,0,0,0,1,2,0,0,0,100.0,1.0,0,-1,No n'hi ha,-1.0,3,3,1,0,0,0,0,0,0,0,0,0,0,1,4,3,0,Encalç,1,2,2,5,-1,2,1,7.55,0,2,1,26,11
8288,2013,1,2013-11-27,SE,BARCELONA,Barcelones,3,0,1,0,2,0,0,0,1,1,0,0,0,100.0,0.0,0,-1,No n'hi ha,-1.0,3,3,1,0,0,0,0,0,0,0,0,0,0,1,4,4,1,Encalç,2,2,2,5,-1,2,1,14.45,1,2,2,27,11
8289,2013,1,2013-01-14,SE,SABADELL,Valles Occidental,3,0,1,1,3,2,0,0,0,1,0,0,0,100.0,0.0,0,-1,No n'hi ha,-1.0,3,3,1,0,0,0,0,0,0,0,0,0,0,0,4,-1,-1,Atropellament,-1,2,2,5,-1,2,1,7.5,0,3,0,14,1
8290,2013,1,2013-01-11,SE,ESTERRI D'ANEU,Pallars Sobira,2,0,1,0,2,1,0,0,0,1,0,0,0,100.0,1.0,0,2,No n'hi ha,-1.0,3,3,1,0,0,0,0,0,0,0,0,0,0,0,4,-1,1,Atropellament,-1,2,2,5,-1,2,0,15.3,1,3,4,11,1
8291,2013,0,2013-02-23,C-15,"POBLA DE CLARAMUNT,LA",Anoia,3,1,1,2,3,0,0,0,0,3,0,0,0,100.0,0.0,0,1,No n'hi ha,-1.0,0,3,0,0,0,0,0,0,0,0,0,0,0,0,2,-1,1,Col·lisió frontal,-1,1,2,4,2,2,0,9.53,0,2,5,23,2
8292,2013,0,2013-06-22,C-13,TALARN,Pallars Jussa,2,0,1,0,2,0,0,0,1,1,0,0,0,100.0,0.0,0,2,No n'hi ha,-1.0,3,3,1,0,0,0,0,0,0,0,0,0,0,0,4,-1,1,Encalç,-1,1,2,4,2,2,0,9.55,0,2,5,22,6
8293,2013,1,2013-04-03,SE,VIC,Osona,3,0,1,0,2,0,0,0,0,2,0,0,0,100.0,0.0,0,2,Carril bici,-1.0,3,3,1,0,0,0,0,0,0,0,0,0,0,1,4,3,1,Envestida (frontal lateral),2,2,2,5,-1,2,1,19.45,1,2,2,3,4
8294,2013,1,2013-03-13,SE,MANRESA,Bages,3,0,1,0,2,0,0,0,0,1,0,1,0,100.0,0.0,0,2,No n'hi ha,-1.0,2,3,1,0,0,0,1,0,0,0,0,0,0,0,2,-1,1,Envestida (frontal lateral),-1,2,2,5,-1,2,1,13.29,0,2,2,13,3
8295,2013,0,2013-05-05,CR8,"SELVA DEL CAMP, LA",Baix Camp,0,0,1,1,1,0,0,0,0,1,0,0,0,90.0,0.0,0,-1,Sense Especificar,-1.0,3,3,1,0,0,0,0,0,0,0,0,0,0,0,4,-1,-1,Resta sortides de via,-1,1,2,4,4,2,0,11.35,0,1,6,5,5
8296,2013,1,2013-02-24,BV-1604,PARETS DEL VALLES,Valles Oriental,3,0,1,0,1,0,0,0,1,0,0,0,0,90.0,0.0,0,2,No n'hi ha,-1.0,3,3,1,-1,0,0,0,-1,0,0,0,0,-1,0,5,-1,1,Sortida de via amb xoc o col·lisió,-1,0,2,4,-1,2,0,23.18,2,1,6,24,2
8297,2013,0,2013-02-21,C-17,PARETS DEL VALLES,Valles Oriental,3,0,1,0,1,0,0,0,0,1,0,0,0,100.0,0.0,0,1,No n'hi ha,-1.0,3,3,1,0,0,0,0,0,0,0,0,0,0,0,4,-1,1,Sortida de via amb xoc o col·lisió,-1,1,2,1,2,2,1,12.05,0,1,3,21,2
8298,2013,0,2013-02-20,C-17,"AMETLLA DEL VALLES,",Valles Oriental,3,0,1,0,2,0,0,0,1,1,0,0,0,100.0,0.0,0,3,No n'hi ha,-1.0,3,3,1,0,0,0,0,0,0,0,0,0,0,0,4,-1,1,Encalç,-1,1,2,1,2,2,1,8.15,0,2,2,20,2
8299,2013,1,2013-03-15,SE,REUS,Baix Camp,0,0,1,0,2,1,0,0,0,1,0,0,0,100.0,0.0,0,-1,No n'hi ha,-1.0,3,3,1,0,0,0,0,0,0,0,0,0,0,1,4,4,-1,Atropellament,0,2,2,5,-1,2,1,8.45,0,3,4,15,3
8300,2013,1,2013-06-25,SE,TERRASSA,Valles Occidental,3,0,1,0,2,0,0,0,0,2,0,0,0,100.0,0.0,0,3,No n'hi ha,-1.0,3,3,1,0,0,0,0,0,0,0,0,0,0,1,5,3,1,Envestida (frontal lateral),2,2,2,5,-1,2,1,0.3,2,2,1,25,6
8301,2013,1,2013-08-31,SE,"MORELL, EL",Tarragones,0,0,1,0,2,1,0,0,0,1,0,0,0,20.0,0.0,0,-1,Sense Especificar,-1.0,3,3,1,0,0,0,0,0,0,0,0,0,0,1,4,5,-1,Atropellament,0,2,2,5,4,2,0,11.42,0,3,5,31,8
8302,2013,0,2013-09-10,T-350,MASDENVERGE,Montsia,0,0,1,0,1,0,0,0,0,1,0,0,0,100.0,0.0,0,2,No n'hi ha,-1.0,3,3,1,0,0,0,0,0,0,0,0,0,0,0,4,-1,1,Resta sortides de via,-1,1,2,4,3,2,1,9.54,0,1,1,10,9
8303,2013,1,2013-01-10,SE,BARCELONA,Barcelones,3,1,0,0,2,1,0,0,0,1,0,0,0,30.0,0.0,0,-1,No n'hi ha,0.0,3,3,0,0,0,0,0,0,0,1,0,0,0,0,4,-1,0,Atropellament,-1,2,2,5,-1,2,1,14.15,1,3,3,10,1
8304,2013,1,2013-11-06,SE,LLEIDA,Segria,2,0,1,0,2,1,0,0,0,1,0,0,0,20.0,0.0,0,2,No n'hi ha,-1.0,3,3,1,-1,0,0,0,-1,0,0,0,0,-1,0,5,-1,1,Atropellament,-1,2,2,5,-1,2,1,6.35,0,3,2,6,11
8305,2013,0,2013-09-13,C-58,MONTCADA I REIXAC,Valles Occidental,3,0,1,0,2,0,0,0,1,1,0,0,0,100.0,0.0,0,3,No n'hi ha,-1.0,3,3,1,0,0,0,0,0,0,0,1,0,0,0,4,-1,1,Xoc contra objecte/obstacle sense sortida prèvia de via,-1,1,2,1,2,2,1,8.15,0,4,4,13,9