,Year,Area,Date,Road,Municipality Name,County Name,Province Name,Fatalties,Serious Injuries,Light Injuries,Units Involved,Pedestrains Involved,Bicycles Involved,Mopeds Involved,Motorcycles,Light Vehicles Involved,Heavy Vehicles Involved,Other Units Involved,Unspecified Units Involved,Road Speed Limit,Accident with Hit and Run,Fog Presence,Surrounding Environment,Special Lane Presence,Special Traffic Measures,Weather Conditions,Special Road Functions,Severity of Accident,Influence of Fog,Influence of Environment,Influence of Traffic,Influence of Weather,Influence of Wind Intensity,Influence of Lighting,Influence of Special Measures,Influence of Road Objects,Influence of Road Surface,Influence of Visibility,Intersection Characteristics,Lighting Conditions,Traffic Regulation and Priority,Direction of Road,Subtype of Accident,Subtype of Road Section,Subzone within Area,Road Surface Conditions,Type of Road,Road Ownership,Wind Conditions,Day of the Week Grouping,Hour of Day,Time of Day Grouping,Type of Accident,Day Type,Day,Month
8306,2013,1,2013-02-06,SE,BARCELONA,Barcelones,3,0,1,2,2,0,0,0,1,1,0,0,0,100.0,0.0,0,-1,Carril bus,-1.0,3,3,1,0,0,0,0,0,0,0,0,0,0,1,4,3,1,Fregament o col·lisió lateral,1,2,2,5,-1,2,1,9.1,0,2,2,6,2
8307,2013,1,2013-12-19,SE,SABADELL,Valles Occidental,3,0,1,0,1,0,0,0,1,0,0,0,0,100.0,0.0,0,-1,No n'hi ha,-1.0,3,3,1,0,0,0,0,0,0,0,0,0,0,0,4,-1,-1,Altres,-1,2,2,5,-1,2,1,1.55,2,5,3,19,12
8308,2013,0,2013-09-19,C-31,CUBELLES,Garraf,3,0,1,0,2,0,0,0,1,1,0,0,0,100.0,0.0,0,2,No n'hi ha,-1.0,3,3,1,0,0,0,0,0,0,0,0,0,0,1,4,5,1,Fregament o col·lisió lateral,2,1,2,4,2,2,1,10.41,0,2,3,19,9
8309,2013,1,2013-10-07,SE,SANTA COLOMA DE GRAMANET,Barcelones,3,0,1,0,2,1,0,0,0,1,0,0,0,20.0,0.0,0,-1,No n'hi ha,-1.0,3,3,1,-1,-1,0,0,-1,0,0,0,0,1,0,4,-1,-1,Atropellament,-1,2,2,5,-1,2,1,14.2,1,3,0,7,10
8310,2013,1,2013-06-23,SE,SABADELL,Valles Occidental,3,0,2,1,1,0,0,0,0,1,0,0,0,100.0,0.0,0,-1,No n'hi ha,-1.0,3,3,1,0,0,0,0,0,0,0,0,0,0,0,4,-1,-1,Altres,-1,2,2,5,-1,2,0,4.3,2,5,6,23,6
8311,2013,1,2013-10-09,SE,CARDEDEU,Valles Oriental,3,0,1,1,2,0,0,0,1,1,0,0,0,20.0,0.0,0,2,No n'hi ha,-1.0,3,3,1,-1,0,0,0,-1,0,0,0,0,-1,1,4,5,1,Envestida (frontal lateral),1,2,2,5,-1,2,1,17.18,1,2,2,9,10
8312,2013,0,2013-12-12,CR07,SANT JOAN DE VILATOR,Bages,3,0,1,0,1,0,0,0,1,0,0,0,0,100.0,0.0,0,3,No n'hi ha,-1.0,3,3,1,0,0,0,0,0,0,0,0,0,0,0,3,-1,1,Xoc contra objecte/obstacle sense sortida prèvia de via,-1,1,2,3,4,2,1,2.0,2,4,3,12,12
8313,2013,1,2013-05-04,SE,BARCELONA,Barcelones,3,0,1,1,2,0,0,0,0,2,0,0,0,100.0,0.0,0,-1,No n'hi ha,-1.0,3,3,1,0,0,0,0,0,0,0,0,0,0,1,4,3,0,Envestida (frontal lateral),2,2,2,5,-1,2,0,11.15,0,2,5,4,5
8314,2013,0,2013-06-23,N-240,TARRAGONA,Tarragones,0,0,1,1,1,0,0,0,0,1,0,0,0,50.0,0.0,0,2,No n'hi ha,-1.0,3,3,1,-1,0,0,0,-1,0,0,0,0,-1,1,5,4,1,Resta sortides de via,0,1,2,4,-1,2,0,5.15,2,1,6,23,6
8315,2013,1,2013-10-23,SE,PARETS DEL VALLES,Valles Oriental,3,0,1,0,2,1,0,0,0,1,0,0,0,20.0,0.0,0,3,No n'hi ha,-1.0,3,3,1,-1,1,0,0,-1,0,0,0,0,0,0,2,-1,1,Atropellament,-1,2,2,5,-1,2,1,8.43,0,3,2,23,10
8316,2013,1,2013-10-01,SE,TERRASSA,Valles Occidental,3,0,1,0,2,0,0,0,1,1,0,0,0,100.0,0.0,0,-1,No n'hi ha,-1.0,3,3,1,0,0,0,0,0,0,0,0,0,0,0,4,-1,-1,Encalç,-1,2,2,5,-1,2,1,17.15,1,2,1,1,10
8317,2013,0,2013-07-26,C-31,SANT ADRIA DE BESOS,Barcelones,3,0,1,0,2,0,0,0,1,1,0,0,0,80.0,0.0,0,2,No n'hi ha,-1.0,3,3,1,0,0,0,0,0,0,0,0,0,0,0,4,-1,1,Encalç,-1,1,2,1,2,2,1,14.3,1,2,4,26,7
8318,2013,0,2013-11-24,GI-614,ROSES,Alt Emporda,1,0,2,1,1,0,0,0,0,0,1,0,0,100.0,0.0,0,0,No n'hi ha,-1.0,3,3,1,0,0,0,0,0,0,0,0,0,0,0,4,-1,1,Altres,-1,1,2,4,3,0,0,14.25,1,5,6,24,11
8319,2013,0,2013-08-30,C-1415a,SENTMENAT,Valles Occidental,3,0,1,1,2,0,0,0,0,1,1,0,0,100.0,0.0,0,1,No n'hi ha,-1.0,3,3,1,0,0,0,0,0,0,0,0,0,0,0,4,-1,1,Altres,-1,1,2,4,2,2,1,12.32,0,5,4,30,8
8320,2013,1,2013-10-28,SE,RUBI,Valles Occidental,3,1,0,0,2,1,0,0,0,1,0,0,0,100.0,0.0,0,-1,No n'hi ha,-1.0,3,3,0,0,0,0,0,0,0,0,0,0,0,0,4,-1,-1,Atropellament,-1,2,2,5,-1,2,1,9.3,0,3,0,28,10
8321,2013,1,2013-12-10,SE,BARCELONA,Barcelones,3,0,1,0,2,0,0,0,1,1,0,0,0,100.0,0.0,0,-1,No n'hi ha,-1.0,3,3,1,0,0,0,0,0,0,0,0,0,0,1,5,3,1,Envestida (frontal lateral),1,2,2,5,-1,2,1,17.55,1,2,1,10,12
8322,2013,1,2013-11-21,SE,BARCELONA,Barcelones,3,0,1,0,3,0,0,0,1,2,0,0,0,100.0,0.0,0,-1,Altres,-1.0,3,3,1,0,0,0,0,0,0,0,0,0,0,0,5,-1,1,Fregament o col·lisió lateral,-1,2,2,5,-1,2,1,19.3,1,2,3,21,11
8323,2013,0,2013-01-03,C-55,MANRESA,Bages,3,1,0,0,2,0,0,0,0,1,1,0,0,60.0,0.0,0,0,No n'hi ha,-1.0,3,3,0,0,0,0,0,0,0,0,0,0,0,2,4,4,1,Resta sortides de via,3,1,2,4,2,2,1,13.52,0,1,3,3,1
8324,2013,1,2013-01-28,SE,PALAU DE PLEGAMANS,Valles Occidental,3,0,1,0,2,0,0,1,0,1,0,0,0,30.0,0.0,0,2,No n'hi ha,-1.0,3,3,1,0,0,0,0,0,0,0,0,0,0,1,4,4,0,Envestida (frontal lateral),2,2,2,5,0,2,1,10.15,0,2,0,28,1
8325,2013,1,2013-05-03,SE,SANTA PERPETUA DE MO,Valles Occidental,3,0,1,0,1,0,0,0,1,0,0,0,0,100.0,0.0,0,-1,No n'hi ha,-1.0,3,3,1,0,0,0,0,0,0,0,1,0,0,0,4,-1,-1,Xoc contra objecte/obstacle sense sortida prèvia de via,-1,2,2,5,-1,2,0,23.5,2,4,4,3,5
8326,2013,1,2013-03-22,SE,SABADELL,Valles Occidental,3,0,1,0,2,0,0,0,0,2,0,0,0,30.0,0.0,0,2,No n'hi ha,-1.0,3,3,1,0,0,0,0,0,0,0,0,0,0,1,5,4,0,Envestida (frontal lateral),2,2,2,5,-1,2,0,19.5,1,2,4,22,3
8327,2013,0,2013-03-30,GI-631,VILOPRIU,Baix Emporda,1,0,1,0,2,0,2,0,0,0,0,0,0,50.0,0.0,0,2,No n'hi ha,-1.0,3,3,1,0,0,0,0,0,0,0,0,0,0,0,4,-1,1,Caiguda en la via,-1,1,2,4,4,2,0,10.04,0,0,5,30,3
8328,2013,0,2013-05-05,B-124,CASTELLAR DEL VALLES,Valles Occidental,3,0,1,0,2,0,1,0,0,1,0,0,0,100.0,0.0,0,1,No n'hi ha,-1.0,3,3,1,0,1,0,0,0,0,0,0,0,0,0,4,-1,1,Col·lisió frontal,-1,1,2,4,3,2,0,11.42,0,2,6,5,5
8329,2013,0,2013-03-16,A-2,VILAGRASSA,Urgell,2,0,1,1,1,0,0,0,0,1,0,0,0,40.0,0.0,0,2,No n'hi ha,-1.0,1,3,1,0,0,0,0,0,1,0,0,0,0,2,3,-1,1,Resta sortides de via,3,1,2,1,1,2,0,4.07,2,1,5,16,3
8330,2013,1,2013-04-17,SE,BADALONA,Barcelones,3,0,1,0,1,0,1,0,0,0,0,0,0,20.0,0.0,0,2,No n'hi ha,-1.0,3,3,1,-1,0,0,0,-1,0,0,0,0,0,0,4,-1,1,Caiguda en la via,-1,2,2,5,-1,2,1,10.42,0,0,2,17,4
8331,2013,0,2013-04-25,GI-613,"PORT DE LA SELVA, EL",Alt Emporda,1,0,1,0,2,0,0,0,0,2,0,0,0,100.0,0.0,0,3,No n'hi ha,-1.0,1,3,1,0,0,0,0,0,0,0,0,0,0,0,4,-1,1,Col·lisió frontal,-1,1,2,4,3,2,1,17.35,1,2,3,25,4
8332,2013,0,2013-01-20,C-60,"ROCA DEL VALLES, LA",Valles Oriental,3,0,1,0,1,0,0,0,1,0,0,0,0,80.0,0.0,0,3,No n'hi ha,-1.0,3,3,1,0,0,0,0,0,0,0,0,0,0,0,4,-1,0,Caiguda en la via,-1,1,2,1,2,2,0,8.1,0,0,6,20,1
8333,2013,1,2013-02-09,SE,SABADELL,Valles Occidental,3,0,1,0,1,0,0,0,0,1,0,0,0,100.0,0.0,0,-1,No n'hi ha,-1.0,3,3,1,0,0,0,0,0,0,0,0,0,0,0,4,-1,-1,Xoc contra objecte/obstacle sense sortida prèvia de via,-1,2,2,5,-1,2,0,6.13,0,4,5,9,2
8334,2013,1,2013-04-15,SE,LLORET DE MAR,Selva,1,0,1,0,2,1,0,0,0,1,0,0,0,100.0,0.0,0,2,No n'hi ha,-1.0,3,3,1,0,0,0,0,0,0,0,0,0,0,0,4,-1,0,Atropellament,-1,2,2,5,-1,2,1,12.43,0,3,0,15,4
8335,2013,1,2013-03-04,SE,VILADAMAT,Alt Emporda,1,0,1,0,2,1,0,0,0,1,0,0,0,50.0,0.0,0,2,No n'hi ha,-1.0,3,3,1,0,0,0,0,0,0,0,0,0,0,0,2,-1,1,Atropellament,-1,2,2,5,-1,2,1,17.26,1,3,0,4,3
8336,2013,0,2013-01-31,B-10,BARCELONA,Barcelones,3,0,1,0,2,0,0,0,1,1,0,0,0,80.0,0.0,0,-1,No n'hi ha,-1.0,3,3,1,0,0,1,0,0,0,0,0,0,0,0,4,-1,0,Encalç,-1,1,2,1,-1,2,1,13.5,0,2,3,31,1
8337,2013,0,2013-07-15,AP-7,"ALDEA, L'",Baix Ebre,0,0,1,0,1,0,0,0,0,1,0,0,0,100.0,0.0,0,2,No n'hi ha,-1.0,3,3,1,0,0,0,0,0,0,0,0,0,0,0,4,-1,1,Altres,-1,1,2,2,1,2,1,15.05,1,5,0,15,7
8338,2013,0,2013-07-24,N-340,"ALDEA, L'",Baix Ebre,0,0,2,0,2,0,0,1,0,1,0,0,0,100.0,0.0,0,2,No n'hi ha,-1.0,3,3,1,0,0,0,0,0,0,0,0,0,0,1,4,2,1,Fregament o col·lisió lateral,1,1,2,4,1,2,1,16.57,1,2,2,24,7
8339,2013,0,2013-08-31,C-31,"PRAT DE LLOBREGAT, E",Baix Llobregat,3,0,1,0,1,0,0,0,1,0,0,0,0,80.0,0.0,0,2,No n'hi ha,-1.0,3,3,1,0,0,0,0,0,0,0,0,1,0,0,4,-1,1,Caiguda en la via,-1,1,2,1,2,2,0,17.0,1,0,5,31,8
8340,2013,0,2013-08-29,B-10,HOSPITALET DE LLOBREGAT,Barcelones,3,1,0,0,1,0,0,0,0,0,1,0,0,40.0,0.0,0,3,No n'hi ha,-1.0,3,3,0,0,0,0,0,0,0,0,0,0,0,0,1,-1,0,Altres,-1,1,2,1,1,2,1,20.47,1,5,3,29,8
8341,2013,1,2013-04-22,SE,SITGES,Garraf,3,0,1,0,1,0,0,1,0,0,0,0,0,40.0,0.0,0,2,No n'hi ha,-1.0,3,3,1,0,0,0,0,0,0,0,0,0,0,0,5,-1,0,Xoc contra objecte/obstacle sense sortida prèvia de via,-1,2,2,5,0,2,1,21.46,1,4,0,22,4
8342,2013,1,2013-10-30,SE,SANTA MARIA DE PALAU,Valles Oriental,3,0,2,0,2,0,0,0,0,2,0,0,0,50.0,0.0,0,0,No n'hi ha,-1.0,3,-1,1,0,0,0,0,0,0,0,0,0,0,0,4,-1,1,Envestida (frontal lateral),-1,2,2,5,0,2,1,12.23,0,2,2,30,10
8343,2013,0,2013-11-09,GI-660,"BISBAL D'EMPORDA, LA",Baix Emporda,1,0,1,0,1,0,0,0,1,0,0,0,0,100.0,0.0,0,1,No n'hi ha,-1.0,3,3,1,0,0,0,0,0,0,0,0,0,0,0,4,-1,1,Resta sortides de via,-1,1,2,4,3,2,0,13.09,0,1,5,9,11
8344,2013,1,2013-09-20,SE,PALAMOS,Baix Emporda,1,0,1,0,2,1,0,0,0,1,0,0,0,20.0,0.0,0,2,No n'hi ha,-1.0,3,1,1,0,0,0,0,0,0,0,0,0,0,0,4,-1,1,Atropellament,-1,2,2,5,-1,1,1,11.34,0,3,4,20,9
8345,2013,1,2013-10-18,SE,HOSPITALET DE LLOBREGAT,Barcelones,3,0,1,0,2,0,0,0,1,1,0,0,0,20.0,0.0,0,2,No n'hi ha,-1.0,3,3,1,-1,0,0,0,-1,0,0,0,0,-1,0,4,-1,1,Envestida (frontal lateral),-1,2,2,5,-1,2,1,14.09,1,2,4,18,10
8346,2013,1,2013-08-03,SE,TERRASSA,Valles Occidental,3,0,1,0,1,0,0,0,1,0,0,0,0,100.0,0.0,0,-1,No n'hi ha,-1.0,3,3,1,0,0,0,0,0,0,0,0,0,0,0,4,-1,-1,Caiguda en la via,-1,2,2,5,-1,2,0,14.3,1,0,5,3,8
8347,2013,1,2013-12-07,SE,MOLINS DE REI,Baix Llobregat,3,0,1,4,2,0,0,0,0,2,0,0,0,20.0,0.0,0,-1,No n'hi ha,-1.0,3,3,1,0,0,0,0,0,0,0,0,0,0,1,4,4,-1,Envestida (frontal lateral),0,2,2,5,-1,2,0,14.45,1,2,5,7,12
8348,2013,1,2013-12-02,SE,LLEIDA,Segria,2,0,1,0,1,0,0,0,0,0,1,0,0,20.0,,0,-1,No n'hi ha,-1.0,3,3,1,-1,0,0,0,-1,0,0,0,0,-1,0,4,-1,1,Caiguda en la via,-1,2,2,5,-1,2,1,13.2,0,0,0,2,12
8349,2013,1,2013-09-09,SE,FRANQUESES DEL VALLE,Valles Oriental,3,0,1,0,2,0,0,0,1,1,0,0,0,50.0,0.0,0,1,No n'hi ha,-1.0,3,3,1,-1,0,0,0,-1,0,0,0,0,0,1,4,4,0,Envestida (frontal lateral),0,2,2,5,-1,2,1,19.45,1,2,0,9,9
8350,2013,1,2013-07-06,SE,BARCELONA,Barcelones,3,0,1,0,2,0,0,0,1,1,0,0,0,100.0,0.0,0,-1,No n'hi ha,-1.0,3,3,1,0,0,0,0,0,0,0,0,0,0,0,5,-1,0,Col·lisió frontal,-1,2,2,5,-1,2,0,21.25,1,2,5,6,7
8351,2013,0,2013-07-25,C-17z,SANT QUIRZE DE BESORA,Osona,3,0,1,0,2,0,0,0,1,0,1,0,0,60.0,0.0,0,1,No n'hi ha,-1.0,3,3,1,0,0,0,0,0,0,0,0,0,1,0,4,-1,1,Caiguda en la via,-1,1,2,4,2,2,1,14.05,1,0,3,25,7
8352,2013,1,2013-12-05,N-260,SANT JOAN LES FONTS,Garrotxa,1,1,0,0,2,1,0,0,0,0,1,0,0,50.0,0.0,0,2,No n'hi ha,-1.0,3,1,0,0,0,0,0,0,0,0,0,0,0,0,4,-1,1,Atropellament,-1,2,2,4,1,2,1,12.28,0,3,3,5,12
8353,2013,1,2013-05-31,SE,LLEIDA,Segria,2,0,1,0,2,1,0,0,0,1,0,0,0,100.0,0.0,0,-1,No n'hi ha,-1.0,3,3,1,0,0,0,0,0,0,0,0,0,0,0,4,-1,-1,Atropellament,-1,2,2,5,-1,2,1,12.48,0,3,4,31,5
8354,2013,1,2013-05-14,SE,ARENYS DE MAR,Maresme,3,0,1,0,2,1,0,0,0,1,0,0,0,40.0,0.0,0,2,No n'hi ha,-1.0,1,3,1,0,0,0,0,0,0,0,0,0,0,0,2,-1,1,Atropellament,-1,2,2,5,-1,2,1,18.4,1,3,1,14,5
8355,2013,1,2013-01-08,C-245,VILADECANS,Baix Llobregat,3,0,1,0,2,1,0,0,0,1,0,0,0,90.0,0.0,0,2,No n'hi ha,-1.0,3,3,1,-1,1,0,0,-1,1,0,0,0,1,1,0,2,1,Atropellament,1,0,2,4,-1,2,1,7.09,0,3,1,8,1
8356,2013,1,2013-09-19,SE,LLEIDA,Segria,2,1,0,0,2,1,0,0,0,1,0,0,0,20.0,0.0,0,1,No n'hi ha,-1.0,3,3,0,-1,0,0,0,-1,0,0,0,0,1,0,4,-1,1,Atropellament,-1,2,2,5,-1,2,1,18.35,1,3,3,19,9
8357,2013,0,2013-08-18,B-221,TALAVERA,Segarra,2,0,1,0,1,0,0,0,0,1,0,0,0,100.0,0.0,0,2,No n'hi ha,-1.0,3,3,1,0,0,0,0,0,0,0,0,0,0,0,1,-1,1,Resta sortides de via,-1,1,2,4,3,2,0,7.3,0,1,6,18,8
8358,2013,1,2013-11-09,SE,SABADELL,Valles Occidental,3,0,1,0,2,1,0,0,0,1,0,0,0,100.0,0.0,0,2,No n'hi ha,-1.0,3,1,1,0,0,0,0,0,0,0,0,0,0,2,4,5,1,Atropellament,2,2,2,5,0,2,0,13.1,0,3,5,9,11
8359,2013,1,2013-10-22,SE,BANYOLES,Pla de l'Estany,1,0,1,0,2,0,1,0,0,1,0,0,0,20.0,0.0,0,2,No n'hi ha,-1.0,3,3,1,-1,0,0,0,-1,0,0,0,0,0,1,4,3,1,Encalç,2,2,2,5,-1,2,1,12.18,0,2,1,22,10
8360,2013,1,2013-12-05,SE,BARCELONA,Barcelones,3,1,0,4,2,0,0,0,0,2,0,0,0,80.0,0.0,0,-1,No n'hi ha,-1.0,3,3,0,0,0,0,0,0,0,0,0,0,0,0,4,-1,1,Xoc contra objecte/obstacle sense sortida prèvia de via,-1,2,2,5,-1,2,1,13.15,0,4,3,5,12
8361,2013,1,2013-01-03,SE,TORRES DE SEGRE,Segria,2,0,1,0,2,1,0,0,0,1,0,0,0,100.0,0.0,0,1,No n'hi ha,-1.0,3,3,1,0,0,0,0,0,1,0,0,0,0,0,1,-1,1,Atropellament,-1,2,2,5,0,2,1,16.45,1,3,3,3,1
8362,2013,1,2013-01-25,SE,CASTELLAR DEL VALLES,Valles Occidental,3,0,1,0,2,0,0,0,1,1,0,0,0,40.0,0.0,0,-1,No n'hi ha,-1.0,3,3,1,-1,0,0,0,-1,0,0,0,0,-1,1,4,4,1,Envestida (frontal lateral),2,2,2,5,-1,2,0,16.15,1,2,4,25,1
8363,2013,1,2013-04-02,SE,VILALLONGA DE TER,Ripolles,1,1,0,0,1,0,0,0,0,1,0,0,0,100.0,0.0,0,1,No n'hi ha,-1.0,1,3,0,0,0,0,0,0,0,0,0,0,0,0,4,-1,1,Resta sortides de via,-1,2,2,5,0,2,1,18.24,1,1,1,2,4
8364,2013,1,2013-05-15,SE,MALGRAT DE MAR,Maresme,3,0,1,0,2,1,0,0,0,1,0,0,0,100.0,0.0,0,-1,No n'hi ha,-1.0,3,3,1,0,0,0,0,0,0,0,0,0,0,0,4,-1,-1,Atropellament,-1,2,2,5,-1,2,1,8.53,0,3,2,15,5
8365,2013,0,2013-04-29,C-55,MANRESA,Bages,3,0,1,0,2,1,0,0,0,1,0,0,0,100.0,0.0,0,2,No n'hi ha,-1.0,1,3,1,0,0,0,0,0,0,0,0,0,0,0,2,-1,1,Atropellament,-1,1,2,4,2,2,1,12.42,0,3,0,29,4
8366,2013,0,2013-04-24,C-66,CELRA,Girones,1,0,1,0,2,1,0,0,0,1,0,0,0,100.0,1.0,0,2,Carril bus,-1.0,3,3,1,0,0,0,0,0,0,0,0,0,0,0,4,-1,1,Atropellament,-1,1,2,4,2,2,1,17.32,1,3,2,24,4
8367,2013,0,2013-02-04,C-12,SARROCA DE LLEIDA,Segria,2,1,0,1,2,0,0,0,0,1,1,0,0,100.0,0.0,0,3,No n'hi ha,-1.0,3,3,0,0,1,0,0,0,0,0,0,0,0,1,4,4,1,Fregament o col·lisió lateral,0,1,2,4,2,2,1,11.35,0,2,0,4,2
8368,2013,1,2013-01-23,SE,GIRONA,Girones,1,0,1,0,2,1,0,0,0,1,0,0,0,100.0,1.0,0,2,No n'hi ha,-1.0,3,3,1,0,0,0,0,0,0,0,0,0,0,0,5,-1,1,Atropellament,-1,2,2,5,0,2,1,19.16,1,3,2,23,1
8369,2013,0,2013-01-12,N-141e,BESCANO,Girones,1,0,1,0,1,0,0,0,0,1,0,0,0,100.0,0.0,0,2,No n'hi ha,-1.0,3,3,1,0,0,0,0,0,0,0,0,0,0,1,5,5,0,Xoc contra objecte/obstacle sense sortida prèvia de via,0,1,2,4,1,2,0,7.25,0,4,5,12,1
8370,2013,1,2013-02-26,SE,REUS,Baix Camp,0,0,1,0,2,1,0,0,0,1,0,0,0,100.0,0.0,0,-1,No n'hi ha,-1.0,3,3,1,0,0,0,0,0,0,0,0,0,0,0,4,-1,-1,Atropellament,-1,2,2,5,-1,2,1,20.3,1,3,1,26,2
8371,2013,1,2013-02-07,SE,LLICA D'AMUNT,Valles Oriental,3,0,1,4,2,0,0,0,0,2,0,0,0,30.0,0.0,0,2,No n'hi ha,-1.0,3,3,1,0,0,0,0,0,0,0,0,0,0,1,4,4,0,Fregament o col·lisió lateral,2,2,2,5,-1,2,1,12.12,0,2,3,7,2
8372,2013,0,2013-04-23,C-61,VALLGORGUINA,Valles Oriental,3,0,1,0,2,0,0,0,1,1,0,0,0,40.0,0.0,0,2,No n'hi ha,-1.0,3,3,1,0,0,0,0,0,1,0,0,0,0,1,4,4,1,Caiguda en la via,1,1,2,4,2,2,1,18.39,1,0,1,23,4
8373,2013,1,2013-02-07,SE,GAVA,Baix Llobregat,3,0,1,0,2,0,0,0,1,1,0,0,0,20.0,0.0,0,2,No n'hi ha,-1.0,3,3,1,-1,0,0,0,-1,0,0,0,0,0,1,4,4,1,Envestida (frontal lateral),1,2,2,5,-1,2,1,12.0,0,2,3,7,2
8374,2013,0,2013-02-23,B-221,MONTMANEU,Anoia,3,0,1,0,1,0,0,0,1,0,0,0,0,90.0,0.0,0,-1,Sense Especificar,-1.0,3,3,1,0,0,0,0,0,0,0,0,0,0,0,4,-1,-1,Resta sortides de via,-1,1,2,4,4,2,0,20.11,1,1,5,23,2
8375,2013,1,2013-09-23,SE,HOSPITALET DE LLOBREGAT,Barcelones,3,0,1,0,2,0,1,0,0,1,0,0,0,20.0,0.0,0,2,No n'hi ha,-1.0,3,3,1,-1,0,0,0,-1,0,0,0,0,0,1,5,3,1,Envestida (frontal lateral),2,2,2,5,-1,2,1,6.39,0,2,0,23,9
8376,2013,0,2013-07-07,CR,"VANSA I FORNOLS, LA",Alt Urgell,2,0,1,0,1,0,0,0,0,1,0,0,0,100.0,0.0,0,1,No n'hi ha,-1.0,3,3,1,0,0,0,0,0,0,0,0,0,0,0,4,-1,1,Caiguda en la via,-1,1,0,3,4,2,0,16.2,1,0,6,7,7
8377,2013,0,2013-10-18,C-59,SANTA PERPETUA DE MO,Valles Occidental,3,0,1,1,2,0,1,0,1,0,0,0,0,80.0,0.0,0,2,Carril acceleració,-1.0,3,3,1,0,0,0,0,0,0,0,0,0,0,2,4,4,1,Envestida (frontal lateral),3,1,2,1,2,2,1,11.21,0,2,4,18,10
8378,2013,0,2013-09-09,A-2,ESPARREGUERA,Baix Llobregat,3,1,0,0,2,0,0,0,0,1,1,0,0,120.0,0.0,0,3,No n'hi ha,-1.0,3,3,0,0,0,0,0,0,0,0,0,0,1,0,3,-1,1,Encalç,-1,1,2,1,1,2,1,6.32,0,2,0,9,9
8379,2013,1,2013-01-17,SE,BARCELONA,Barcelones,3,0,1,0,2,0,0,0,1,1,0,0,0,100.0,0.0,0,-1,No n'hi ha,-1.0,3,3,1,0,0,0,0,0,0,0,0,0,0,1,5,4,0,Envestida (frontal lateral),2,2,2,5,-1,2,1,20.5,1,2,3,17,1
8380,2013,0,2013-07-10,C-155,LLICA DE VALL,Valles Oriental,3,0,1,2,3,0,0,0,0,3,0,0,0,50.0,0.0,0,2,No n'hi ha,-1.0,3,3,1,0,0,0,0,0,0,0,0,0,0,0,4,-1,1,Encalç,-1,1,2,4,2,2,1,20.1,1,2,2,10,7
8381,2013,1,2013-07-03,SE,OLOT,Garrotxa,1,0,1,0,2,0,1,0,0,1,0,0,0,100.0,0.0,0,2,No n'hi ha,-1.0,3,3,1,0,0,0,0,0,0,0,0,0,0,0,4,-1,0,Encalç,-1,2,2,5,-1,2,1,12.4,0,2,2,3,7
8382,2013,0,2013-05-14,C-1412a,CASTELLFOLLIT DE RIU,Anoia,3,1,0,1,2,0,0,0,0,1,1,0,0,90.0,0.0,0,1,No n'hi ha,-1.0,1,3,0,0,0,0,0,0,0,0,0,0,0,0,3,-1,1,Sortida de via amb xoc o col·lisió,-1,1,2,4,4,2,1,22.14,2,1,1,14,5
8383,2013,0,2013-06-09,T-313,DUESAIG?ES,Baix Camp,0,0,1,0,1,0,0,0,1,0,0,0,0,90.0,0.0,0,-1,Sense Especificar,-1.0,3,3,1,0,0,0,0,0,0,0,0,0,0,0,4,-1,-1,Altres,-1,1,2,4,4,2,0,14.08,1,5,6,9,6
8384,2013,1,2013-06-18,SE,BARCELONA,Barcelones,3,0,1,0,2,1,0,0,0,1,0,0,0,100.0,0.0,0,-1,No n'hi ha,-1.0,3,3,1,0,0,0,0,0,0,0,0,0,0,1,4,3,0,Atropellament,2,2,2,5,-1,2,1,8.0,0,3,1,18,6
8385,2013,0,2013-05-30,C-153,RUPIT I PRUIT,Osona,3,0,1,0,1,0,0,0,1,0,0,0,0,100.0,0.0,0,1,No n'hi ha,-1.0,3,3,1,0,0,0,0,0,0,0,0,0,0,0,4,-1,1,Altres,-1,1,2,4,3,2,1,17.0,1,5,3,30,5
8386,2013,1,2013-10-25,SE,DELTEBRE,Baix Ebre,0,0,1,0,2,0,0,0,0,2,0,0,0,100.0,0.0,0,2,No n'hi ha,-1.0,3,3,1,0,0,0,0,0,0,0,0,0,0,1,4,4,1,Fregament o col·lisió lateral,2,2,2,5,-1,2,0,16.35,1,2,4,25,10
8387,2013,0,2013-08-25,C-55,OLESA DE MONTSERRAT,Baix Llobregat,3,0,1,0,1,0,0,0,0,1,0,0,0,90.0,0.0,0,1,No n'hi ha,-1.0,3,3,1,0,0,0,0,0,0,0,0,0,0,0,4,-1,1,Resta sortides de via,-1,1,2,4,2,2,0,13.21,0,1,6,25,8
8388,2013,1,2013-05-10,BV-5023,PREMIA DE MAR,Maresme,3,0,1,0,2,0,0,1,0,1,0,0,0,40.0,0.0,0,2,No n'hi ha,-1.0,3,3,1,-1,0,0,0,-1,0,0,0,0,-1,1,5,3,1,Col·lisió frontal,2,0,2,4,-1,2,0,21.34,1,2,4,10,5
8389,2013,1,2013-08-28,SE,GIRONA,Girones,1,0,1,1,2,0,0,0,0,2,0,0,0,20.0,0.0,0,-1,No n'hi ha,-1.0,3,3,1,0,-1,0,0,0,0,0,0,0,0,1,4,4,-1,Envestida (frontal lateral),0,2,0,5,-1,2,1,11.08,0,2,2,28,8
8390,2013,1,2013-10-01,SE,TERRASSA,Valles Occidental,3,1,0,1,2,0,0,0,1,1,0,0,0,100.0,0.0,0,2,No n'hi ha,-1.0,3,3,0,0,0,0,0,0,0,0,0,0,0,1,4,4,0,Envestida (frontal lateral),2,2,2,5,-1,2,1,10.5,0,2,1,1,10