,Year,Area,Date,Road,Municipality Name,County Name,Province Name,Fatalties,Serious Injuries,Light Injuries,Units Involved,Pedestrains Involved,Bicycles Involved,Mopeds Involved,Motorcycles,Light Vehicles Involved,Heavy Vehicles Involved,Other Units Involved,Unspecified Units Involved,Road Speed Limit,Accident with Hit and Run,Fog Presence,Surrounding Environment,Special Lane Presence,Special Traffic Measures,Weather Conditions,Special Road Functions,Severity of Accident,Influence of Fog,Influence of Environment,Influence of Traffic,Influence of Weather,Influence of Wind Intensity,Influence of Lighting,Influence of Special Measures,Influence of Road Objects,Influence of Road Surface,Influence of Visibility,Intersection Characteristics,Lighting Conditions,Traffic Regulation and Priority,Direction of Road,Subtype of Accident,Subtype of Road Section,Subzone within Area,Road Surface Conditions,Type of Road,Road Ownership,Wind Conditions,Day of the Week Grouping,Hour of Day,Time of Day Grouping,Type of Accident,Day Type,Day,Month
8391,2013,1,2013-10-15,SE,BARCELONA,Barcelones,3,0,1,1,2,0,0,1,0,1,0,0,0,100.0,0.0,0,-1,No n'hi ha,-1.0,3,3,1,0,0,0,0,0,0,0,0,0,0,1,4,3,1,Col·lisió frontal,2,2,2,5,-1,2,1,10.4,0,2,1,15,10
8392,2013,0,2013-05-06,N-260,CABANELLES,Alt Emporda,1,1,1,1,2,0,0,0,0,1,1,0,0,100.0,0.0,0,1,No n'hi ha,-1.0,3,3,0,0,0,0,0,0,0,0,0,0,1,1,4,4,1,Fregament o col·lisió lateral,1,1,2,4,1,2,1,10.0,0,2,0,6,5
8393,2013,0,2013-10-18,CR40,RUBI,Valles Occidental,3,1,0,0,1,0,0,0,1,0,0,0,0,100.0,0.0,0,-1,No n'hi ha,-1.0,3,3,0,0,0,0,0,0,0,0,0,0,0,0,4,-1,-1,Altres,-1,1,2,3,-1,2,0,21.35,1,5,4,18,10
8394,2013,0,2013-07-20,GI-600,TORDERA,Maresme,3,0,1,3,3,0,0,1,0,2,0,0,0,60.0,0.0,0,2,No n'hi ha,-1.0,3,3,1,0,0,0,0,0,0,0,0,0,0,0,3,-1,1,Envestida (frontal lateral),-1,1,2,4,3,2,0,3.0,2,2,5,20,7
8395,2013,1,2013-08-31,SE,LLORET DE MAR,Selva,1,0,1,0,2,0,0,1,0,1,0,0,0,100.0,0.0,0,2,No n'hi ha,-1.0,3,3,1,0,0,0,0,0,0,0,0,0,0,0,4,-1,1,Caiguda en la via,-1,2,1,5,-1,2,0,19.0,1,0,5,31,8
8396,2013,0,2013-12-17,C-16,BERGA,Bergueda,3,2,2,1,2,0,0,0,0,2,0,0,0,120.0,0.0,0,2,No n'hi ha,-1.0,3,3,0,0,0,0,0,0,0,0,0,0,0,0,0,-1,0,Encalç,-1,1,2,2,2,2,1,19.51,1,2,1,17,12
8397,2013,0,2013-08-25,BV-2041,GAVA,Baix Llobregat,3,0,1,0,1,0,1,0,0,0,0,0,0,100.0,0.0,0,1,No n'hi ha,-1.0,3,3,1,0,0,0,0,0,0,0,1,0,0,0,4,-1,1,Caiguda en la via,-1,1,2,4,3,2,0,12.2,0,0,6,25,8
8398,2013,0,2013-11-22,B-10,SANT ADRIA DE BESOS,Barcelones,3,1,3,0,2,0,0,0,0,2,0,0,0,90.0,0.0,0,-1,Sense Especificar,-1.0,3,3,0,0,0,0,0,0,0,0,0,0,0,0,4,-1,-1,Envestida (frontal lateral),-1,1,2,4,4,2,1,4.32,2,2,4,22,11
8399,2013,1,2013-05-14,SE,CABRERA DE MAR,Maresme,3,0,1,0,2,0,0,0,1,1,0,0,0,100.0,0.0,0,2,No n'hi ha,-1.0,3,3,1,0,0,0,0,0,0,0,1,0,0,1,4,4,1,Envestida (frontal lateral),1,2,2,5,-1,2,1,11.2,0,2,1,14,5
8400,2013,0,2013-04-17,N-260,CAMPELLES,Ripolles,1,0,1,1,2,0,0,0,0,2,0,0,0,60.0,0.0,0,2,No n'hi ha,-1.0,3,3,1,0,0,0,0,0,0,0,0,0,1,1,4,4,1,Envestida (frontal lateral),1,1,2,4,2,2,1,10.2,0,2,2,17,4
8401,2013,1,2013-05-22,SE,OLESA DE MONTSERRAT,Baix Llobregat,3,0,1,0,2,1,0,0,0,1,0,0,0,100.0,0.0,0,2,No n'hi ha,-1.0,3,3,1,0,0,0,0,0,0,0,0,0,0,0,4,-1,0,Atropellament,-1,2,2,5,-1,2,1,19.45,1,3,2,22,5
8402,2013,0,2013-05-22,C-35,PARETS DEL VALLES,Valles Oriental,3,0,1,2,2,0,0,0,0,2,0,0,0,100.0,0.0,0,3,No n'hi ha,-1.0,3,3,1,0,0,0,0,0,0,0,0,0,0,0,4,-1,1,Envestida (frontal lateral),-1,1,2,4,2,2,1,8.3,0,2,2,22,5
8403,2013,1,2013-06-29,SE,LLORET DE MAR,Selva,1,0,1,1,2,0,0,0,1,1,0,0,0,100.0,0.0,0,2,No n'hi ha,-1.0,3,3,1,0,0,0,0,0,0,0,0,0,0,1,4,2,1,Fregament o col·lisió lateral,3,2,2,5,-1,2,0,13.45,0,2,5,29,6
8404,2013,0,2013-03-10,BV-4601,GURB,Osona,3,0,1,0,2,0,0,0,1,1,0,0,0,50.0,0.0,0,2,No n'hi ha,-1.0,3,3,1,0,0,0,0,0,0,0,0,0,0,0,4,-1,1,Col·lisió frontal,-1,1,2,4,3,2,0,10.0,0,2,6,10,3
8405,2013,0,2013-03-21,A-2,ODENA,Anoia,3,0,1,0,2,0,0,0,0,0,2,0,0,100.0,0.0,0,3,No n'hi ha,-1.0,3,3,1,0,0,0,0,0,0,0,0,0,0,0,3,-1,1,Encalç,-1,1,2,1,1,2,1,22.35,2,2,3,21,3
8406,2013,0,2013-06-11,CR,"ALDEA, L'",Baix Ebre,0,0,1,0,2,0,1,0,0,1,0,0,0,100.0,0.0,0,2,No n'hi ha,-1.0,3,3,1,0,0,0,0,0,0,0,0,0,1,2,4,5,1,Col·lisió frontal,1,1,2,3,4,2,1,17.0,1,2,1,11,6
8407,2013,0,2013-04-30,B-20,BARCELONA,Barcelones,3,0,1,0,1,0,0,0,1,0,0,0,0,100.0,0.0,0,2,No n'hi ha,-1.0,3,3,1,0,0,0,0,0,0,0,0,0,0,0,4,-1,0,Caiguda en la via,-1,1,2,1,1,2,1,16.0,1,0,1,30,4
8408,2013,1,2013-04-30,SE,GIRONA,Girones,1,0,1,0,2,1,0,0,0,1,0,0,0,100.0,0.0,0,2,No n'hi ha,-1.0,3,3,1,0,0,0,0,0,0,0,0,0,0,0,4,-1,0,Atropellament,-1,2,2,5,0,2,1,15.15,1,3,1,30,4
8409,2013,0,2013-01-15,C-241c,ARGENCOLA,Anoia,3,0,1,0,1,0,0,0,0,0,1,0,0,100.0,0.0,0,1,No n'hi ha,-1.0,3,3,1,0,0,0,0,0,0,0,0,0,0,0,4,-1,1,Caiguda en la via,-1,1,2,4,2,2,1,8.56,0,0,1,15,1
8410,2013,1,2013-03-22,SE,GAVA,Baix Llobregat,3,1,1,0,1,0,0,0,0,1,0,0,0,20.0,0.0,0,2,No n'hi ha,-1.0,3,3,0,-1,0,0,0,-1,0,0,0,0,-1,1,5,5,1,Xoc contra objecte/obstacle sense sortida prèvia de via,0,2,2,5,-1,2,1,1.54,2,4,4,22,3
8411,2013,0,2013-04-21,C-32,MATARO,Maresme,3,0,1,6,4,0,0,0,2,2,0,0,0,100.0,0.0,0,2,No n'hi ha,-1.0,3,3,1,0,0,0,0,0,0,0,0,0,0,0,4,-1,1,Envestida (frontal lateral),-1,1,2,2,2,2,0,16.55,1,2,6,21,4
8412,2013,0,2013-02-23,TV-3141,REUS,Baix Camp,0,0,1,0,1,0,0,0,0,1,0,0,0,90.0,0.0,0,-1,Sense Especificar,-1.0,3,3,1,0,0,0,0,0,0,0,0,0,0,0,4,-1,-1,Resta sortides de via,-1,1,2,4,4,2,0,9.36,0,1,5,23,2
8413,2013,0,2013-07-22,GIV-4033,DAS,Cerdanya,1,1,0,0,3,0,0,0,1,1,0,1,0,100.0,0.0,0,2,No n'hi ha,-1.0,3,3,0,0,0,0,0,0,0,0,0,0,0,1,4,4,1,Envestida (frontal lateral),1,1,2,4,3,2,1,9.19,0,2,0,22,7
8415,2013,1,2013-10-21,SE,OLESA DE MONTSERRAT,Baix Llobregat,3,0,1,0,2,1,0,0,0,1,0,0,0,100.0,0.0,0,2,No n'hi ha,-1.0,3,3,1,0,0,0,0,0,0,0,0,0,0,2,4,-1,0,Atropellament,1,2,2,5,-1,2,1,10.3,0,3,0,21,10
8416,2013,1,2013-08-31,SE,"GUINGUETA D'ANEU, LA",Pallars Sobira,2,0,1,0,1,0,0,0,1,0,0,0,0,100.0,0.0,0,2,No n'hi ha,-1.0,3,3,1,0,0,0,0,0,0,0,0,0,0,0,5,-1,1,Caiguda en la via,-1,2,3,5,-1,2,0,0.48,2,0,5,31,8
8417,2013,0,2013-10-13,C-12,AMPOSTA,Montsia,0,0,1,1,1,0,0,0,1,0,0,0,0,100.0,0.0,0,1,No n'hi ha,-1.0,3,2,1,0,0,0,0,0,0,0,0,0,0,0,4,-1,1,Xoc contra objecte/obstacle sense sortida prèvia de via,-1,1,2,4,2,2,0,17.25,1,4,6,13,10
8418,2013,1,2013-02-15,SE,BARCELONA,Barcelones,3,0,1,0,2,0,0,0,1,1,0,0,0,30.0,0.0,0,-1,No n'hi ha,-1.0,3,3,1,0,0,0,0,0,0,0,0,0,0,1,4,2,0,Envestida (frontal lateral),2,2,2,5,-1,2,0,17.3,1,2,4,15,2
8419,2013,0,2013-08-14,C-28,NAUT ARAN,Val d'Aran,2,0,1,0,2,1,0,0,0,1,0,0,0,90.0,0.0,0,-1,Sense Especificar,-1.0,3,3,1,0,0,0,0,0,0,0,0,0,0,0,4,-1,-1,Atropellament,-1,1,2,4,4,2,1,19.21,1,3,2,14,8
8420,2013,0,2013-10-28,TV-7048,CASTELLVELL DEL CAMP,Baix Camp,0,0,1,0,2,0,0,1,0,1,0,0,0,50.0,0.0,0,1,Carril central,-1.0,3,3,1,0,0,0,0,0,0,0,0,0,0,1,4,4,1,Fregament o col·lisió lateral,1,1,2,4,3,2,1,7.43,0,2,0,28,10
8421,2013,0,2013-11-06,CR,LLES DE CERDANYA,Cerdanya,2,0,1,0,1,0,0,0,0,1,0,0,0,30.0,0.0,0,1,No n'hi ha,-1.0,3,3,1,0,0,0,0,0,0,0,0,0,0,0,4,-1,1,Resta sortides de via,-1,1,2,3,0,2,1,10.4,0,1,2,6,11
8422,2013,1,2013-05-16,SE,BARCELONA,Barcelones,3,0,1,0,2,0,0,0,1,1,0,0,0,100.0,0.0,0,-1,Carril bici,-1.0,1,3,1,0,0,0,0,0,0,0,0,0,0,0,4,-1,1,Fregament o col·lisió lateral,-1,2,0,5,-1,2,1,9.1,0,2,3,16,5
8423,2013,1,2013-11-13,SE,TARRAGONA,Tarragones,0,0,1,0,2,0,0,1,0,1,0,0,0,100.0,0.0,0,2,No n'hi ha,-1.0,3,3,1,0,0,0,0,0,0,0,0,0,0,0,4,-1,1,Fregament o col·lisió lateral,-1,2,2,5,-1,2,1,14.15,1,2,2,13,11
8424,2013,0,2013-06-01,C-12,ALFES,Segria,2,1,2,0,2,0,0,0,0,2,0,0,0,100.0,0.0,0,1,No n'hi ha,-1.0,3,3,0,0,0,0,0,0,0,0,0,0,0,0,4,-1,1,Resta sortides de via,-1,1,2,4,2,2,0,14.04,1,1,5,1,6
8425,2013,0,2013-09-02,L-511,COLL DE NARGO,Alt Urgell,2,0,1,0,2,0,0,0,1,1,0,0,0,100.0,0.0,0,1,No n'hi ha,-1.0,3,3,1,0,0,0,0,0,0,0,0,0,0,0,4,-1,1,Envestida (frontal lateral),-1,1,2,4,3,2,1,17.29,1,2,0,2,9
8426,2013,0,2013-11-03,LP-3322,VILA-SANA,Pla d'Urgell,2,1,0,0,2,0,1,0,0,1,0,0,0,100.0,0.0,0,2,No n'hi ha,-1.0,3,3,0,0,0,0,0,0,0,0,0,0,0,1,4,4,1,Envestida (frontal lateral),1,1,2,4,3,2,0,10.11,0,2,6,3,11
8427,2013,1,2013-10-04,SE,SABADELL,Valles Occidental,3,0,1,0,2,1,0,0,0,1,0,0,0,100.0,0.0,0,-1,No n'hi ha,-1.0,3,3,1,0,0,0,1,0,0,0,0,0,0,0,4,-1,-1,Atropellament,-1,2,2,5,-1,2,0,22.16,2,3,4,4,10
8428,2013,1,2013-08-07,SE,MONT-RAS,Baix Emporda,1,0,1,0,2,0,1,0,0,0,1,0,0,20.0,0.0,0,-1,Sense Especificar,-1.0,3,1,1,0,0,0,0,0,0,0,0,0,0,0,4,-1,-1,Col·lisió frontal,-1,2,2,5,-1,2,1,11.31,0,2,2,7,8
8429,2013,0,2013-08-08,C-251,GRANOLLERS,Valles Oriental,3,0,1,0,1,0,0,0,1,0,0,0,0,100.0,0.0,0,2,Carril d'alentiment,-1.0,3,3,1,0,0,0,0,0,0,0,0,0,0,0,4,-1,1,Resta sortides de via,-1,1,2,4,0,2,1,11.4,0,1,3,8,8
8430,2013,1,2013-09-10,SE,SITGES,Garraf,3,0,1,1,2,1,0,0,1,0,0,0,0,30.0,0.0,0,2,No n'hi ha,-1.0,3,3,1,0,0,0,0,0,0,0,0,0,0,0,5,-1,1,Atropellament,-1,2,2,5,-1,2,1,23.55,2,3,1,10,9
8431,2013,1,2013-09-07,SE,BARCELONA,Barcelones,3,0,1,1,3,0,0,0,1,1,1,0,0,30.0,0.0,0,-1,No n'hi ha,-1.0,3,3,1,0,0,0,0,0,0,0,0,0,0,0,4,-1,1,Col·lisió frontal,-1,2,2,5,-1,2,0,9.05,0,2,5,7,9
8432,2013,1,2013-01-26,SE,LLEIDA,Segria,2,1,0,0,2,0,1,0,0,1,0,0,0,20.0,0.0,0,-1,No n'hi ha,-1.0,3,3,0,-1,0,0,0,-1,0,0,0,0,-1,0,4,-1,1,Fregament o col·lisió lateral,-1,2,2,5,-1,2,0,15.45,1,2,5,26,1
8433,2013,1,2013-01-31,N-150,SABADELL,Valles Occidental,3,0,1,0,2,1,0,0,0,1,0,0,0,100.0,0.0,0,-1,No n'hi ha,-1.0,3,3,1,0,0,0,0,0,0,0,0,0,0,0,4,-1,-1,Atropellament,-1,0,2,4,-1,2,1,21.0,1,3,3,31,1
8434,2013,0,2013-06-24,C-16,SANT CUGAT DEL VALLES,Valles Occidental,3,0,2,0,1,0,0,0,0,1,0,0,0,100.0,0.0,0,3,No n'hi ha,-1.0,3,3,1,0,0,0,0,0,0,0,0,0,0,2,5,-1,1,Xoc contra objecte/obstacle sense sortida prèvia de via,3,1,2,2,2,2,1,4.03,2,4,0,24,6
8435,2013,0,2013-02-21,BV-1229,CASTELLGALI,Bages,3,0,1,0,2,0,0,0,1,1,0,0,0,90.0,0.0,0,-1,Sense Especificar,-1.0,3,3,1,0,0,0,0,0,0,0,0,0,0,0,4,-1,-1,Fregament o col·lisió lateral,-1,1,2,4,4,2,1,14.54,1,2,3,21,2
8436,2013,0,2013-05-03,B-140,BARBERA DEL VALLES,Valles Occidental,3,0,1,1,3,0,0,0,2,1,0,0,0,60.0,0.0,0,2,No n'hi ha,-1.0,3,3,1,0,0,0,0,0,1,0,0,0,0,1,4,4,1,Envestida (frontal lateral),1,1,2,4,2,2,1,7.37,0,2,4,3,5
8437,2013,0,2013-04-21,BV-2411,OLESA DE BONESVALLS,Alt Penedes,3,1,0,0,2,0,0,0,1,1,0,0,0,40.0,0.0,0,1,No n'hi ha,-1.0,3,3,0,0,0,0,0,0,0,0,0,0,0,0,4,-1,1,Col·lisió frontal,-1,1,2,4,3,2,0,17.01,1,2,6,21,4
8438,2013,1,2013-03-02,SE,SABADELL,Valles Occidental,3,0,1,0,2,0,0,1,0,1,0,0,0,30.0,0.0,0,2,No n'hi ha,-1.0,3,3,1,0,0,0,0,0,0,0,0,0,0,2,5,4,1,Encalç,1,2,2,5,-1,2,0,20.18,1,2,5,2,3
8439,2013,0,2013-04-10,C-35,SANT CELONI,Valles Oriental,3,0,1,0,1,0,0,0,0,1,0,0,0,100.0,0.0,0,3,No n'hi ha,-1.0,3,3,1,0,0,0,0,0,0,0,0,0,0,0,4,-1,1,Resta sortides de via,-1,1,2,4,2,2,1,7.56,0,1,2,10,4
8440,2013,1,2013-07-12,SE,VILAFRANCA DEL PENEDES,Alt Penedes,3,0,1,0,2,1,0,0,0,1,0,0,0,20.0,0.0,0,2,No n'hi ha,-1.0,3,3,1,-1,0,0,0,-1,0,0,0,0,0,1,4,2,0,Atropellament,1,2,2,5,-1,2,0,19.38,1,3,4,12,7
8441,2013,1,2013-07-31,SE,ALCANAR,Montsia,0,0,1,0,2,0,0,0,1,1,0,0,0,100.0,0.0,0,2,No n'hi ha,-1.0,3,3,1,0,0,0,1,0,0,0,0,0,0,0,1,-1,1,Envestida (frontal lateral),-1,2,2,5,-1,2,1,19.4,1,2,2,31,7
8442,2013,0,2013-08-27,C-16,CERCS,Bergueda,3,1,1,0,2,0,0,0,0,1,1,0,0,100.0,0.0,0,2,No n'hi ha,-1.0,3,3,0,0,1,0,0,0,0,0,0,0,0,0,5,-1,1,Encalç,-1,1,2,4,2,2,1,12.35,0,2,1,27,8
8443,2013,1,2013-02-23,SE,BARCELONA,Barcelones,3,0,1,0,2,0,0,0,1,1,0,0,0,100.0,0.0,0,-1,No n'hi ha,-1.0,1,3,1,0,0,0,0,0,0,0,0,0,0,1,4,2,1,Envestida (frontal lateral),2,2,0,5,-1,2,0,9.4,0,2,5,23,2
8444,2013,0,2013-08-14,C-14,AGRAMUNT,Urgell,2,0,1,2,2,0,0,0,0,2,0,0,0,100.0,0.0,0,2,Altres,-1.0,3,3,1,0,0,0,0,0,1,0,0,0,0,0,4,-1,1,Col·lisió frontal,-1,1,2,4,2,2,1,17.05,1,2,2,14,8
8445,2013,1,2013-09-24,SE,REUS,Baix Camp,0,1,0,0,1,0,0,0,0,1,0,0,0,100.0,0.0,0,-1,No n'hi ha,-1.0,3,3,0,0,0,0,0,0,0,0,0,0,0,0,4,-1,-1,Resta sortides de via,-1,2,2,5,-1,2,1,8.37,0,1,1,24,9
8446,2013,1,2013-08-03,SE,LLEIDA,Segria,2,0,1,0,2,0,0,0,0,2,0,0,0,20.0,0.0,0,3,No n'hi ha,-1.0,3,3,1,-1,0,0,0,-1,0,0,0,0,-1,0,5,-1,1,Fregament o col·lisió lateral,-1,2,2,5,-1,2,0,5.15,2,2,5,3,8
8447,2013,0,2013-06-15,N-145,"VALLS DE VALIRA, LES",Alt Urgell,2,0,2,2,3,0,0,0,1,2,0,0,0,90.0,0.0,0,1,No n'hi ha,-1.0,3,3,1,0,0,0,0,0,0,0,0,0,0,0,4,-1,1,Fregament o col·lisió lateral,-1,1,2,4,1,2,0,17.45,1,2,5,15,6
8448,2013,1,2013-07-19,SE,BARCELONA,Barcelones,3,0,1,0,2,0,0,0,1,1,0,0,0,100.0,0.0,0,-1,No n'hi ha,-1.0,3,3,1,0,0,0,0,0,0,0,0,0,0,0,4,-1,1,Fregament o col·lisió lateral,-1,2,2,5,-1,2,0,16.32,1,2,4,19,7
8449,2013,1,2013-07-30,SE,BARCELONA,Barcelones,3,1,0,0,2,0,0,1,0,0,1,0,0,100.0,0.0,0,-1,No n'hi ha,-1.0,3,3,0,0,0,0,0,0,0,0,0,0,0,0,5,-1,0,Fregament o col·lisió lateral,-1,2,2,5,-1,2,1,1.3,2,2,1,30,7
8450,2013,0,2013-10-06,N-260,RIBERA D'URGELLET,Alt Urgell,2,0,1,0,1,0,0,0,1,0,0,0,0,50.0,0.0,0,1,No n'hi ha,-1.0,3,3,1,0,0,0,0,0,0,0,0,0,0,0,4,-1,1,Caiguda en la via,-1,1,2,4,1,2,0,11.5,0,0,6,6,10
8451,2013,1,2013-11-26,SE,CERDANYOLA DEL VALLES,Valles Occidental,3,0,1,0,2,0,0,0,1,1,0,0,0,100.0,0.0,0,2,No n'hi ha,-1.0,3,3,1,0,0,0,0,0,0,0,0,0,0,0,4,-1,1,Fregament o col·lisió lateral,-1,2,2,5,0,2,1,13.22,0,2,1,26,11
8452,2013,0,2013-11-07,C-53,BELLCAIRE D'URGELL,Noguera,2,0,1,4,2,0,0,0,0,2,0,0,0,100.0,0.0,0,2,No n'hi ha,-1.0,3,3,1,0,0,0,0,0,0,0,0,0,0,0,3,-1,1,Col·lisió frontal,-1,1,2,4,2,2,1,21.45,1,2,3,7,11
8453,2013,1,2013-08-31,SE,MALGRAT DE MAR,Maresme,3,0,1,0,1,0,0,1,0,0,0,0,0,100.0,0.0,0,-1,No n'hi ha,-1.0,3,3,1,0,0,0,0,0,0,0,0,0,0,0,4,-1,-1,Altres,-1,2,2,5,-1,2,0,5.43,2,5,5,31,8
8454,2013,0,2013-10-11,GI-555,SILS,Selva,1,0,1,0,1,0,0,0,0,1,0,0,0,100.0,0.0,0,2,No n'hi ha,-1.0,1,3,1,0,0,0,0,0,0,0,0,0,0,0,2,-1,1,Sortida de via amb xoc o col·lisió,-1,1,2,4,3,2,0,15.24,1,1,4,11,10
8455,2013,1,2013-10-11,SE,TARRAGONA,Tarragones,0,1,0,0,2,1,0,0,0,0,1,0,0,100.0,0.0,0,2,No n'hi ha,-1.0,3,3,0,0,0,0,0,0,0,0,0,0,0,0,4,-1,1,Atropellament,-1,2,2,5,-1,2,0,18.3,1,3,4,11,10
8456,2013,1,2013-11-04,SE,BARCELONA,Barcelones,3,0,1,0,2,0,0,0,1,1,0,0,0,100.0,0.0,0,-1,No n'hi ha,-1.0,3,3,1,0,0,0,0,0,0,0,0,0,0,0,4,-1,0,Encalç,-1,2,2,5,-1,2,1,7.5,0,2,0,4,11
8457,2013,1,2013-11-18,SE,BARCELONA,Barcelones,3,0,1,0,2,1,0,0,0,1,0,0,0,30.0,0.0,0,-1,No n'hi ha,-1.0,1,3,1,0,0,0,0,0,0,0,0,0,0,0,4,-1,0,Atropellament,-1,2,0,5,-1,2,1,11.2,0,3,0,18,11
8458,2013,1,2013-05-31,SE,MATARO,Maresme,3,0,1,0,2,0,0,1,0,1,0,0,0,20.0,0.0,0,-1,No n'hi ha,-1.0,3,3,1,-1,0,0,0,-1,0,0,0,0,1,1,4,4,0,Envestida (frontal lateral),2,2,2,5,-1,2,1,13.5,0,2,4,31,5
8459,2013,1,2013-04-14,N-IIa,FONDARELLA,Pla d'Urgell,2,0,1,0,2,0,0,0,1,1,0,0,0,40.0,0.0,0,2,No n'hi ha,-1.0,3,1,1,0,0,0,0,0,0,0,0,0,0,1,4,4,0,Altres,0,2,2,4,1,2,0,14.29,1,5,6,14,4
8460,2013,0,2013-04-14,B-20,BADALONA,Barcelones,3,0,1,1,1,0,0,1,0,0,0,0,0,100.0,0.0,0,3,No n'hi ha,-1.0,3,3,1,0,0,0,0,0,0,0,0,0,0,0,4,-1,1,Sortida de via amb xoc o col·lisió,-1,1,2,1,1,2,0,7.25,0,1,6,14,4
8461,2013,1,2013-02-19,SE,PALAU DE PLEGAMANS,Valles Occidental,3,0,1,1,2,0,1,0,0,0,1,0,0,100.0,0.0,0,2,No n'hi ha,-1.0,3,1,1,0,0,0,0,0,0,0,0,0,0,1,0,4,1,Envestida (frontal lateral),3,2,2,5,-1,2,1,19.32,1,2,1,19,2
8462,2013,1,2013-01-01,SE,CERDANYOLA DEL VALLES,Valles Occidental,3,0,1,0,1,0,0,0,1,0,0,0,0,100.0,0.0,0,1,No n'hi ha,-1.0,3,3,1,0,0,0,0,0,0,0,0,0,0,0,5,-1,1,Altres,-1,2,2,5,-1,2,1,4.34,2,5,1,1,1
8463,2013,0,2013-02-13,C-55,RINER,Solsones,2,0,1,1,2,0,0,0,0,2,0,0,0,90.0,0.0,0,1,Carril lent,-1.0,3,3,1,0,0,0,0,0,0,0,0,0,0,0,4,-1,1,Col·lisió frontal,-1,1,2,4,2,2,1,17.23,1,2,2,13,2
8464,2013,1,2013-01-17,SE,BARCELONA,Barcelones,3,0,1,0,2,0,0,0,1,1,0,0,0,100.0,0.0,0,-1,No n'hi ha,-1.0,3,3,1,0,0,1,0,0,0,0,0,0,0,0,4,-1,1,Encalç,-1,2,2,5,-1,2,1,16.59,1,2,3,17,1
8465,2013,1,2013-06-21,C-250,CASSA DE LA SELVA,Girones,1,0,1,0,2,0,1,0,0,1,0,0,0,100.0,0.0,0,2,Altres,-1.0,3,1,1,0,0,0,0,0,0,0,0,0,0,1,4,4,1,Fregament o col·lisió lateral,0,2,2,4,0,2,1,9.2,0,2,4,21,6
8466,2013,0,2013-08-07,BP-1503,SANT CUGAT DEL VALLES,Valles Occidental,3,0,1,1,2,0,0,0,1,1,0,0,0,100.0,0.0,0,1,Carril central,-1.0,1,3,1,0,0,0,0,0,0,0,0,0,0,1,2,4,1,Envestida (frontal lateral),1,1,2,4,2,2,1,20.1,1,2,2,7,8
8467,2013,1,2013-09-02,SE,LLORET DE MAR,Selva,1,0,1,0,2,0,0,0,1,1,0,0,0,100.0,0.0,0,2,No n'hi ha,-1.0,3,1,1,0,0,0,0,0,0,0,0,0,0,0,0,-1,1,Fregament o col·lisió lateral,-1,2,2,5,-1,2,1,21.0,1,2,0,2,9
8468,2013,0,2013-07-09,C-65,CASSA DE LA SELVA,Girones,1,0,1,0,2,0,0,0,1,1,0,0,0,100.0,0.0,0,2,No n'hi ha,-1.0,3,3,1,0,0,0,0,0,0,0,0,0,0,0,4,-1,1,Fregament o col·lisió lateral,-1,1,2,4,2,2,1,12.05,0,2,1,9,7
8469,2013,1,2013-10-16,SE,ROQUETES,Baix Ebre,0,0,1,0,1,0,0,1,0,0,0,0,0,20.0,0.0,0,-1,No n'hi ha,-1.0,3,3,1,-1,0,0,0,-1,0,0,0,0,0,0,3,-1,1,Caiguda en la via,-1,2,2,5,0,2,1,20.25,1,0,2,16,10
8470,2013,1,2013-07-20,SE,LLORET DE MAR,Selva,1,0,1,1,2,0,0,1,1,0,0,0,0,100.0,0.0,0,-1,No n'hi ha,-1.0,3,3,1,0,0,0,0,0,0,0,0,0,0,0,4,-1,-1,Envestida (frontal lateral),-1,2,2,5,-1,2,0,10.52,0,2,5,20,7
8471,2013,1,2013-08-07,N-II,"JONQUERA, LA",Alt Emporda,1,0,1,0,2,1,0,0,0,1,0,0,0,100.0,0.0,0,2,No n'hi ha,-1.0,3,1,1,0,0,0,0,0,0,0,0,0,0,0,0,-1,1,Atropellament,-1,2,2,4,1,1,1,22.47,2,3,2,7,8
8472,2013,1,2013-10-28,SE,SANT BOI DE LLOBREGAT,Baix Llobregat,3,0,1,0,2,1,0,0,0,1,0,0,0,100.0,0.0,0,2,No n'hi ha,-1.0,3,3,1,0,0,0,0,0,0,0,0,0,0,0,5,-1,1,Atropellament,-1,2,2,5,-1,2,1,18.2,1,3,0,28,10
8473,2013,1,2013-12-11,SE,MATARO,Maresme,3,0,1,0,1,0,1,0,0,0,0,0,0,20.0,0.0,0,2,No n'hi ha,-1.0,3,3,1,-1,0,0,0,-1,0,0,0,0,0,0,4,-1,1,Caiguda en la via,-1,2,2,5,-1,2,1,11.42,0,0,2,11,12
8474,2013,1,2013-11-29,SE,DELTEBRE,Baix Ebre,0,0,1,0,2,0,1,0,0,1,0,0,0,100.0,0.0,0,-1,No n'hi ha,-1.0,3,3,1,0,0,0,0,0,0,0,0,0,0,0,4,-1,-1,Fregament o col·lisió lateral,-1,2,2,5,-1,2,1,9.0,0,2,4,29,11
8475,2013,1,2013-02-10,SE,BARCELONA,Barcelones,3,0,1,0,2,0,0,0,1,1,0,0,0,100.0,0.0,0,-1,No n'hi ha,-1.0,3,3,1,0,0,0,0,0,0,0,0,0,0,1,5,3,1,Envestida (frontal lateral),2,2,2,5,-1,2,0,1.0,2,2,6,10,2