,Year,Area,Date,Road,Municipality Name,County Name,Province Name,Fatalties,Serious Injuries,Light Injuries,Units Involved,Pedestrains Involved,Bicycles Involved,Mopeds Involved,Motorcycles,Light Vehicles Involved,Heavy Vehicles Involved,Other Units Involved,Unspecified Units Involved,Road Speed Limit,Accident with Hit and Run,Fog Presence,Surrounding Environment,Special Lane Presence,Special Traffic Measures,Weather Conditions,Special Road Functions,Severity of Accident,Influence of Fog,Influence of Environment,Influence of Traffic,Influence of Weather,Influence of Wind Intensity,Influence of Lighting,Influence of Special Measures,Influence of Road Objects,Influence of Road Surface,Influence of Visibility,Intersection Characteristics,Lighting Conditions,Traffic Regulation and Priority,Direction of Road,Subtype of Accident,Subtype of Road Section,Subzone within Area,Road Surface Conditions,Type of Road,Road Ownership,Wind Conditions,Day of the Week Grouping,Hour of Day,Time of Day Grouping,Type of Accident,Day Type,Day,Month
8476,2013,1,2013-07-22,SE,BARCELONA,Barcelones,3,0,1,0,2,1,0,0,0,1,0,0,0,100.0,0.0,0,-1,Carril bus,-1.0,3,3,1,0,0,0,0,0,0,0,0,0,0,1,4,3,0,Atropellament,2,2,2,5,-1,2,1,7.42,0,3,0,22,7
8477,2013,0,2013-10-04,C-31,TORROELLA DE FLUVIA,Alt Emporda,1,0,1,1,3,0,0,0,0,3,0,0,0,100.0,0.0,0,2,No n'hi ha,-1.0,3,3,1,0,0,0,0,0,0,0,0,0,0,0,3,-1,1,Envestida (frontal lateral),-1,1,2,4,2,2,0,21.55,1,2,4,4,10
8478,2013,1,2013-10-16,SE,GIRONA,Girones,1,0,1,0,2,0,0,0,1,1,0,0,0,100.0,0.0,0,2,No n'hi ha,-1.0,3,3,1,0,0,0,0,0,0,0,0,0,0,1,4,4,1,Envestida (frontal lateral),1,2,2,5,0,2,1,11.08,0,2,2,16,10
8479,2013,1,2013-08-02,SE,BARCELONA,Barcelones,3,0,1,0,2,1,0,0,0,1,0,0,0,100.0,0.0,0,-1,No n'hi ha,-1.0,3,3,1,0,0,0,0,0,0,0,0,0,0,1,4,3,1,Atropellament,2,2,2,5,-1,2,1,11.3,0,3,4,2,8
8480,2013,0,2013-11-30,N-260,NAVATA,Alt Emporda,1,0,1,0,1,0,0,0,0,1,0,0,0,90.0,0.0,0,-1,Sense Especificar,-1.0,3,3,1,0,0,0,0,0,0,0,0,0,0,0,4,-1,-1,Resta sortides de via,-1,1,2,4,4,2,0,18.55,1,1,5,30,11
8481,2013,1,2013-12-13,SE,SANT BOI DE LLOBREGAT,Baix Llobregat,3,0,1,0,2,0,0,0,1,1,0,0,0,100.0,0.0,0,0,No n'hi ha,-1.0,3,3,1,0,0,0,0,0,0,0,0,0,0,2,4,-1,1,Fregament o col·lisió lateral,0,2,2,5,-1,2,1,11.2,0,2,4,13,12
8482,2013,0,2013-09-07,N-141b,SANT PERE SALLAVINER,Anoia,3,0,1,0,1,0,0,0,1,0,0,0,0,50.0,0.0,0,1,No n'hi ha,-1.0,3,3,1,0,0,0,0,0,0,0,0,0,0,0,2,-1,1,Resta sortides de via,-1,1,2,4,1,2,0,9.22,0,1,5,7,9
8483,2013,0,2013-10-01,N-II,LLEIDA,Segria,2,0,1,3,2,0,0,0,0,2,0,0,0,100.0,0.0,0,2,No n'hi ha,-1.0,3,3,1,0,0,0,0,0,0,0,0,0,0,0,4,-1,1,Col·lisió frontal,-1,1,2,4,1,2,1,12.48,0,2,1,1,10
8484,2013,1,2013-06-03,SE,SANT CUGAT DEL VALLES,Valles Occidental,3,0,1,0,2,1,0,0,0,1,0,0,0,100.0,0.0,0,2,No n'hi ha,-1.0,3,3,1,0,0,0,0,0,0,0,0,0,0,0,4,-1,0,Atropellament,-1,2,2,5,-1,2,1,19.3,1,3,0,3,6
8485,2013,0,2013-11-15,C-14,REUS,Baix Camp,0,0,1,0,2,1,0,0,0,1,0,0,0,40.0,0.0,0,2,No n'hi ha,-1.0,3,3,1,0,0,0,0,0,0,0,0,0,0,1,5,4,0,Atropellament,0,1,2,1,2,2,0,22.3,2,3,4,15,11
8486,2013,0,2013-09-22,C-1413a,RUBI,Valles Occidental,3,0,1,0,2,0,0,0,1,1,0,0,0,50.0,0.0,0,2,No n'hi ha,-1.0,3,3,1,0,0,0,0,0,0,0,0,0,0,1,5,4,1,Fregament o col·lisió lateral,0,1,2,4,2,2,0,21.0,1,2,6,22,9
8487,2013,0,2013-12-02,C-14,TARREGA,Urgell,2,1,1,0,2,0,0,0,0,2,0,0,0,40.0,0.0,0,2,No n'hi ha,-1.0,3,3,0,0,0,0,0,0,0,0,0,0,0,1,5,4,1,Resta sortides de via,0,1,2,4,2,2,1,20.3,1,1,0,2,12
8488,2013,0,2013-09-20,GI-633,COLOMERS,Baix Emporda,1,0,1,0,1,0,0,0,1,0,0,0,0,100.0,0.0,0,2,No n'hi ha,-1.0,3,3,1,0,0,0,0,0,0,0,1,0,0,0,3,-1,1,Sortida de via amb xoc o col·lisió,-1,1,2,4,2,2,0,20.51,1,1,4,20,9
8489,2013,0,2013-01-14,C-58,VACARISSES,Valles Occidental,3,0,1,1,2,0,0,0,0,2,0,0,0,90.0,0.0,0,3,No n'hi ha,-1.0,3,3,1,0,1,0,0,0,0,0,0,0,0,0,4,-1,1,Xoc contra objecte/obstacle sense sortida prèvia de via,-1,1,2,4,2,2,1,16.55,1,4,0,14,1
8490,2013,1,2013-01-16,SE,CORNELLA DE LLOBREGAT,Baix Llobregat,3,0,1,0,2,0,0,0,1,1,0,0,0,20.0,0.0,0,3,No n'hi ha,-1.0,3,3,1,-1,0,0,0,-1,0,0,0,0,-1,1,5,4,1,Envestida (frontal lateral),1,2,2,5,-1,2,1,21.1,1,2,2,16,1
8491,2013,1,2013-01-25,SE,PREMIA DE MAR,Maresme,3,0,1,0,2,1,0,0,0,1,0,0,0,30.0,1.0,0,-1,No n'hi ha,-1.0,3,3,1,-1,0,0,0,-1,0,0,0,0,0,1,4,2,1,Atropellament,1,2,2,5,-1,2,0,16.03,1,3,4,25,1
8492,2013,1,2013-05-07,SE,MOLLET DEL VALLES,Valles Oriental,3,0,1,0,2,0,0,0,0,2,0,0,0,20.0,,0,-1,No n'hi ha,-1.0,3,3,1,-1,0,0,0,-1,0,0,0,0,-1,1,4,4,0,Fregament o col·lisió lateral,2,2,2,5,-1,2,1,8.34,0,2,1,7,5
8493,2013,1,2013-03-31,C-242,CORNUDELLA DE MONTSANT,Priorat,0,0,1,0,2,0,1,0,0,1,0,0,0,50.0,0.0,0,2,No n'hi ha,-1.0,3,1,1,0,0,0,0,0,0,0,0,0,0,1,4,5,1,Envestida (frontal lateral),1,2,2,4,2,2,0,11.49,0,2,6,31,3
8494,2013,0,2013-04-30,C-55,CASTELLBELL I EL VIL,Bages,3,0,2,0,2,0,0,0,0,2,0,0,0,60.0,0.0,0,1,Carril lent,-1.0,1,3,1,0,0,0,0,0,0,0,0,0,0,0,2,-1,1,Envestida (frontal lateral),-1,1,2,4,2,1,1,8.42,0,2,1,30,4
8495,2013,1,2013-04-06,SE,BARCELONA,Barcelones,3,0,1,7,3,0,0,0,0,2,1,0,0,100.0,0.0,0,-1,No n'hi ha,-1.0,1,3,1,0,0,0,0,0,0,0,0,0,0,1,5,3,1,Envestida (frontal lateral),2,2,0,5,-1,2,0,1.05,2,2,5,6,4
8496,2013,1,2013-01-26,SE,BARCELONA,Barcelones,3,0,1,0,2,0,1,0,0,1,0,0,0,100.0,0.0,0,-1,No n'hi ha,-1.0,1,3,1,0,0,0,0,0,0,0,0,0,0,1,4,3,1,Envestida (frontal lateral),2,2,0,5,-1,2,0,7.4,0,2,5,26,1
8497,2013,1,2013-06-30,SE,MANRESA,Bages,3,1,0,0,2,1,0,0,0,1,0,0,0,100.0,0.0,0,2,No n'hi ha,-1.0,3,3,0,0,0,0,0,0,0,0,0,0,0,0,4,-1,1,Atropellament,-1,2,2,5,-1,2,0,11.45,0,3,6,30,6
8498,2013,0,2013-07-04,C-32,ARENYS DE MAR,Maresme,3,0,1,0,1,0,0,0,1,0,0,0,0,120.0,1.0,0,-1,Sense Especificar,-1.0,3,3,1,0,0,0,0,0,0,0,0,0,0,0,4,-1,-1,Fregament o col·lisió lateral,-1,1,2,2,4,2,1,20.32,1,2,3,4,7
8499,2013,0,2013-11-05,L-700,ALBATARREC,Segria,2,1,0,1,2,0,0,0,0,2,0,0,0,100.0,0.0,0,1,No n'hi ha,-1.0,3,3,0,0,0,0,0,0,0,0,0,0,0,0,4,-1,1,Envestida (frontal lateral),-1,1,2,4,4,2,1,16.21,1,2,1,5,11
8500,2013,0,2013-10-12,N-260,FONTANALS DE CERDANYA,Cerdanya,1,0,1,0,1,0,0,0,1,0,0,0,0,40.0,0.0,0,1,No n'hi ha,-1.0,3,3,1,0,0,0,0,0,0,0,0,0,0,0,4,-1,1,Caiguda en la via,-1,1,2,4,1,2,0,12.22,0,0,5,12,10
8501,2013,1,2013-01-24,SE,BARCELONA,Barcelones,3,0,1,0,2,0,0,0,1,1,0,0,0,100.0,0.0,0,-1,No n'hi ha,-1.0,3,3,1,0,0,0,0,0,0,0,0,0,1,1,4,3,1,Envestida (frontal lateral),2,2,2,5,-1,2,1,8.4,0,2,3,24,1
8502,2013,1,2013-02-06,SE,BARCELONA,Barcelones,3,1,0,0,2,1,0,0,0,1,0,0,0,100.0,0.0,0,-1,No n'hi ha,-1.0,3,3,0,0,0,0,0,0,0,0,0,0,0,1,5,2,0,Atropellament,2,2,2,5,-1,2,1,18.55,1,3,2,6,2
8503,2013,0,2013-09-07,GI-555,SILS,Selva,1,2,2,0,2,0,0,0,0,2,0,0,0,100.0,0.0,0,3,No n'hi ha,-1.0,2,3,0,0,0,0,1,0,0,0,0,0,0,0,2,-1,1,Fregament o col·lisió lateral,-1,1,2,4,2,2,0,17.09,1,2,5,7,9
8504,2013,1,2013-10-29,SE,MALGRAT DE MAR,Maresme,3,0,1,0,2,1,0,0,0,1,0,0,0,20.0,0.0,0,2,No n'hi ha,-1.0,1,3,1,-1,1,0,1,-1,1,0,0,0,1,0,0,-1,0,Atropellament,-1,2,0,5,-1,2,1,19.05,1,3,1,29,10
8505,2013,1,2013-07-15,SE,BARCELONA,Barcelones,3,1,0,0,2,0,0,0,1,1,0,0,0,80.0,0.0,0,-1,No n'hi ha,-1.0,3,3,0,0,0,1,0,0,0,0,0,0,0,0,4,-1,0,Encalç,-1,2,2,5,-1,2,1,15.25,1,2,0,15,7
8506,2013,1,2013-10-28,SE,SANTA COLOMA DE GRAMANET,Barcelones,3,0,1,0,2,1,0,0,0,1,0,0,0,20.0,0.0,0,-1,No n'hi ha,-1.0,3,3,1,-1,0,0,0,-1,0,0,0,0,0,1,4,5,0,Atropellament,1,2,2,5,-1,2,1,12.15,0,3,0,28,10
8507,2013,0,2013-11-28,AP-7,SANT CELONI,Valles Oriental,3,1,0,0,2,0,0,0,0,1,1,0,0,100.0,0.0,0,2,No n'hi ha,-1.0,3,3,0,0,0,0,0,0,0,0,0,0,1,0,3,-1,1,Encalç,-1,1,2,2,1,2,1,22.15,2,2,3,28,11
8508,2013,1,2013-08-14,SE,BARCELONA,Barcelones,3,0,1,0,2,1,0,0,0,0,0,1,0,100.0,0.0,0,-1,Altres,-1.0,3,3,1,0,0,0,0,0,0,0,0,0,0,0,4,-1,1,Atropellament,-1,2,2,5,-1,2,1,15.2,1,3,2,14,8
8509,2013,1,2013-05-03,SE,BARCELONA,Barcelones,3,0,1,0,2,1,0,0,0,1,0,0,0,100.0,0.0,0,-1,No n'hi ha,-1.0,3,3,1,0,0,0,0,0,0,0,0,0,0,1,4,3,0,Atropellament,2,2,2,5,-1,2,0,16.03,1,3,4,3,5
8510,2013,0,2013-07-07,C-59,PALAU DE PLEGAMANS,Valles Occidental,3,0,1,3,2,0,0,0,0,2,0,0,0,100.0,0.0,0,1,No n'hi ha,-1.0,3,3,1,0,0,0,0,0,0,0,0,0,0,0,3,-1,1,Envestida (frontal lateral),-1,1,2,4,2,2,0,5.45,2,2,6,7,7
8511,2013,0,2013-11-18,C-58,SANT QUIRZE DEL VALLES,Valles Occidental,3,0,1,2,1,0,0,0,0,1,0,0,0,40.0,0.0,0,2,No n'hi ha,-1.0,2,3,1,0,0,0,1,0,0,0,0,0,0,0,2,-1,0,Resta sortides de via,-1,1,2,1,3,2,1,13.3,0,1,0,18,11
8512,2013,0,2013-11-02,T-750,"POBLA DE MAFUMET, LA",Tarragones,0,0,1,1,2,0,0,0,0,1,1,0,0,40.0,0.0,0,2,No n'hi ha,-1.0,3,3,1,0,0,0,0,0,0,0,0,0,0,1,1,4,1,Envestida (frontal lateral),0,1,2,4,3,2,0,7.02,0,2,5,2,11
8513,2013,1,2013-12-14,SE,BARCELONA,Barcelones,3,0,1,0,1,0,0,0,1,0,0,0,0,100.0,0.0,0,-1,No n'hi ha,-1.0,3,3,1,0,0,0,0,0,0,0,0,0,0,0,5,-1,0,Xoc contra objecte/obstacle sense sortida prèvia de via,-1,2,2,5,-1,2,0,6.15,0,4,5,14,12
8514,2014,0,2014-07-05,C-14,ALCOVER,Alt Camp,0,2,0,6,2,0,0,0,0,1,1,0,0,100.0,0.0,0,1,No n'hi ha,-1.0,3,3,0,0,0,0,0,0,0,0,0,0,0,1,4,4,1,Envestida (frontal lateral),0,1,2,1,2,2,0,14.08,1,2,5,5,7
8515,2014,1,2014-05-31,SE,"GARRIGA, LA",Valles Oriental,3,0,1,0,2,0,1,0,0,1,0,0,0,100.0,0.0,0,2,No n'hi ha,-1.0,3,3,1,0,0,0,0,0,0,0,0,0,0,1,4,5,1,Fregament o col·lisió lateral,1,2,2,5,-1,2,0,12.0,0,2,5,31,5
8516,2014,0,2014-12-15,BP-5002,ALELLA,Maresme,3,0,1,0,1,0,0,0,0,1,0,0,0,90.0,0.0,0,-1,No n'hi ha,-1.0,3,3,1,0,0,0,0,0,0,0,0,0,0,0,5,-1,-1,Sortida de via amb xoc o col·lisió,-1,1,2,4,2,2,1,0.3,2,1,0,15,12
8517,2014,1,2014-11-05,SE,BARCELONA,Barcelones,3,0,1,0,2,0,0,0,1,1,0,0,0,100.0,0.0,0,-1,No n'hi ha,-1.0,3,3,1,0,0,0,0,0,0,0,0,0,0,1,1,3,1,Caiguda en la via,2,2,2,5,-1,2,1,17.55,1,0,2,5,11
8518,2014,1,2014-11-11,SE,BARCELONA,Barcelones,3,0,1,0,2,1,0,0,0,0,1,0,0,100.0,0.0,0,-1,Carril bus,-1.0,3,3,1,0,0,0,0,0,0,0,0,0,1,0,4,-1,1,Atropellament,-1,2,2,5,-1,2,1,11.15,0,3,1,11,11
8519,2014,0,2014-07-08,C-31,PALAMOS,Baix Emporda,1,0,1,0,2,0,1,0,0,1,0,0,0,100.0,0.0,0,-1,No n'hi ha,-1.0,3,3,1,0,0,0,0,0,0,0,0,0,0,0,4,-1,-1,Encalç,-1,1,2,1,-1,2,1,16.33,1,2,1,8,7
8520,2014,0,2014-05-15,C-243b,SUBIRATS,Alt Penedes,3,0,1,0,1,0,0,0,1,0,0,0,0,100.0,0.0,0,2,No n'hi ha,-1.0,3,3,1,0,0,0,0,0,0,0,0,0,0,0,3,-1,1,Xoc contra objecte/obstacle sense sortida prèvia de via,-1,1,2,4,3,2,1,4.54,2,4,3,15,5
8521,2014,0,2014-08-03,CR,SAGAS,Bergueda,3,0,3,0,2,0,0,0,0,2,0,0,0,60.0,0.0,0,0,No n'hi ha,-1.0,3,3,1,0,0,0,0,0,0,0,0,0,0,0,4,-1,1,Col·lisió frontal,-1,1,2,0,2,2,0,18.09,1,2,6,3,8
8522,2014,1,2014-08-05,N-420a,MORA D'EBRE,Ribera d'Ebre,0,0,1,0,2,1,0,0,0,1,0,0,0,50.0,0.0,0,0,No n'hi ha,-1.0,3,3,1,0,1,0,0,0,0,0,0,0,0,0,1,-1,1,Atropellament,-1,0,2,4,1,2,1,21.26,1,3,1,5,8
8523,2014,1,2014-08-24,SE,SANT PERE DE TORELLO,Osona,3,0,1,1,1,0,0,1,0,0,0,0,0,20.0,0.0,0,-1,Sense Especificar,-1.0,3,3,1,0,0,0,0,0,0,0,0,0,0,0,4,-1,-1,Altres,-1,2,2,5,-1,2,0,22.41,2,5,6,24,8
8524,2014,1,2014-03-28,BV-1604,PARETS DEL VALLES,Valles Oriental,3,0,1,0,2,0,0,0,1,1,0,0,0,100.0,0.0,0,-1,No n'hi ha,-1.0,3,3,1,0,0,0,0,0,0,0,0,0,0,0,4,-1,-1,Encalç,-1,0,2,4,-1,2,1,14.35,1,2,4,28,3
8525,2014,1,2014-12-20,SE,"TALLADA D'EMPORDA, LA",Baix Emporda,1,0,1,0,2,0,0,0,1,1,0,0,0,100.0,0.0,0,2,No n'hi ha,-1.0,3,3,1,0,0,0,0,0,0,0,0,0,0,1,4,4,1,Envestida (frontal lateral),1,2,2,5,0,2,0,10.16,0,2,5,20,12
8526,2014,0,2014-10-20,A-2,CASTELLBISBAL,Valles Occidental,3,0,1,2,4,0,0,0,0,4,0,0,0,100.0,0.0,0,3,No n'hi ha,-1.0,3,3,1,0,0,0,0,0,0,0,0,0,0,0,4,-1,0,Encalç,-1,1,2,1,1,2,1,12.36,0,2,0,20,10
8527,2014,0,2014-10-22,TV-2127,"VENDRELL, EL",Baix Penedes,0,0,1,0,2,0,1,0,0,1,0,0,0,40.0,0.0,0,2,No n'hi ha,-1.0,3,3,1,0,0,0,0,0,0,0,0,0,0,1,4,4,1,Envestida (frontal lateral),0,1,2,4,3,2,1,11.13,0,2,2,22,10
8528,2014,0,2014-12-22,N-340,CERVELLO,Baix Llobregat,3,1,0,2,2,0,0,0,0,2,0,0,0,100.0,0.0,0,3,Carril lent,-1.0,3,3,0,0,0,0,0,0,0,0,0,0,0,0,3,-1,1,Encalç,-1,1,2,4,1,2,1,19.05,1,2,0,22,12
8529,2014,0,2014-02-03,A-2,LLEIDA,Segria,2,0,1,0,2,0,0,0,0,1,1,0,0,100.0,0.0,0,2,No n'hi ha,-1.0,3,3,1,0,0,0,0,0,1,0,0,0,0,0,3,-1,1,Encalç,-1,1,2,1,1,2,1,19.29,1,2,0,3,2
8530,2014,0,2014-06-11,AP-7,CASTELLBISBAL,Valles Occidental,3,0,1,2,2,0,0,0,0,1,1,0,0,100.0,0.0,0,3,No n'hi ha,-1.0,3,3,1,0,0,0,0,0,0,0,0,0,0,0,0,-1,0,Encalç,-1,1,2,2,1,2,1,3.31,2,2,2,11,6
8531,2014,0,2014-11-03,C-31,BADALONA,Barcelones,3,1,0,0,3,0,0,1,0,1,1,0,0,80.0,0.0,0,2,No n'hi ha,-1.0,1,3,0,0,0,0,0,0,0,0,0,0,0,0,4,-1,0,Caiguda en la via,-1,1,2,1,3,2,1,11.4,0,0,0,3,11
8532,2014,1,2014-11-18,SE,BARCELONA,Barcelones,3,0,1,0,2,0,0,0,1,1,0,0,0,100.0,0.0,0,-1,No n'hi ha,-1.0,3,3,1,0,0,0,0,0,0,0,0,0,0,1,5,3,0,Envestida (frontal lateral),2,2,2,5,-1,2,1,22.4,2,2,1,18,11
8533,2014,1,2014-02-21,C-245,VILADECANS,Baix Llobregat,3,0,1,0,2,0,0,0,1,1,0,0,0,30.0,0.0,0,2,No n'hi ha,-1.0,3,3,1,-1,0,0,0,-1,0,0,0,0,0,1,4,4,1,Envestida (frontal lateral),0,0,2,4,-1,2,1,13.48,0,2,4,21,2
8534,2014,1,2014-05-22,SE,TARRAGONA,Tarragones,0,0,1,0,2,1,0,0,0,1,0,0,0,100.0,0.0,0,2,No n'hi ha,-1.0,3,3,1,0,0,0,0,0,0,0,0,0,0,0,4,-1,1,Atropellament,-1,2,2,5,-1,2,1,11.5,0,3,3,22,5
8535,2014,0,2014-07-22,C-16,SANT CUGAT DEL VALLES,Valles Occidental,3,0,1,0,1,0,0,0,1,0,0,0,0,110.0,0.0,0,1,No n'hi ha,-1.0,3,3,1,0,0,0,0,0,0,0,0,0,0,0,1,-1,0,Caiguda en la via,-1,1,2,2,4,2,1,21.06,1,0,1,22,7
8536,2014,1,2014-03-25,SE,BARCELONA,Barcelones,3,0,1,0,2,1,1,0,0,0,0,0,0,20.0,0.0,0,-1,Carril bici,-1.0,3,3,1,0,0,0,0,0,0,0,0,0,0,1,4,3,1,Atropellament,2,2,2,5,-1,2,1,17.4,1,3,1,25,3
8537,2014,0,2014-11-07,C-17,MONTCADA I REIXAC,Valles Occidental,3,0,1,0,1,0,0,0,1,0,0,0,0,100.0,0.0,0,2,No n'hi ha,-1.0,3,3,1,0,0,0,0,0,0,0,0,0,0,0,4,-1,0,Caiguda en la via,-1,1,2,1,2,2,1,14.36,1,0,4,7,11
8538,2014,0,2014-09-25,B-20,BARCELONA,Barcelones,3,0,1,0,1,0,0,0,0,1,0,0,0,60.0,0.0,0,-1,No n'hi ha,-1.0,1,3,1,0,0,0,0,0,0,0,0,0,0,0,5,-1,1,Sortida de via amb xoc o col·lisió,-1,1,0,1,-1,2,1,5.2,2,1,3,25,9
8539,2014,1,2014-12-22,SE,BARCELONA,Barcelones,3,1,0,0,2,1,0,0,1,0,0,0,0,100.0,0.0,0,-1,No n'hi ha,-1.0,3,3,0,0,0,0,0,0,0,0,0,0,0,0,4,-1,1,Atropellament,-1,2,2,5,-1,2,1,15.3,1,3,0,22,12
8540,2014,0,2014-08-06,C-155,POLINYA,Valles Occidental,3,0,1,0,1,0,0,0,1,0,0,0,0,90.0,0.0,0,-1,Sense Especificar,-1.0,3,3,1,0,0,0,0,0,0,0,0,0,0,0,4,-1,-1,Resta sortides de via,-1,1,2,4,4,2,1,15.27,1,1,2,6,8
8541,2014,0,2014-05-05,A-2,ESPARREGUERA,Baix Llobregat,3,1,0,0,2,0,0,0,0,0,2,0,0,100.0,0.0,0,3,No n'hi ha,-1.0,3,3,0,0,0,0,0,0,0,0,0,0,0,0,4,-1,1,Fregament o col·lisió lateral,-1,1,2,1,1,2,1,13.01,0,2,0,5,5
8542,2014,1,2014-06-15,SE,CAMBRILS,Baix Camp,0,0,1,0,2,1,0,0,0,0,1,0,0,100.0,0.0,0,-1,No n'hi ha,-1.0,3,3,1,0,0,0,0,0,0,0,0,0,0,0,4,-1,-1,Atropellament,-1,2,2,5,-1,2,0,10.0,0,3,6,15,6
8543,2014,1,2014-03-14,SE,SANT BOI DE LLOBREGAT,Baix Llobregat,3,0,1,0,2,1,0,0,1,0,0,0,0,100.0,0.0,0,-1,No n'hi ha,-1.0,3,3,1,0,0,0,0,0,0,0,0,0,0,0,4,-1,-1,Atropellament,-1,2,2,5,-1,2,1,9.25,0,3,4,14,3
8544,2014,1,2014-08-02,C-31B,TARRAGONA,Tarragones,0,0,1,0,2,0,0,0,1,1,0,0,0,120.0,0.0,0,2,No n'hi ha,-1.0,3,3,1,-1,0,0,0,-1,0,0,0,0,-1,1,4,4,1,Envestida (frontal lateral),1,0,2,1,-1,2,0,10.16,0,2,5,2,8
8545,2014,0,2014-10-13,A-2,SANTA COLOMA DE CERV,Baix Llobregat,3,0,1,0,2,0,0,0,1,1,0,0,0,80.0,0.0,0,3,No n'hi ha,-1.0,3,3,1,0,0,0,0,0,0,0,0,0,0,0,1,-1,0,Encalç,-1,1,2,1,1,2,1,7.53,0,2,0,13,10
8546,2014,1,2014-12-12,SE,FONT-RUBI,Alt Penedes,3,0,1,0,1,0,0,0,0,0,1,0,0,20.0,0.0,0,0,No n'hi ha,-1.0,3,3,1,0,0,0,0,0,0,0,0,0,0,0,4,-1,1,Resta sortides de via,-1,2,2,5,0,2,1,13.36,0,1,4,12,12
8547,2014,1,2014-11-05,SE,BANYOLES,Pla de l'Estany,1,0,1,0,2,1,0,0,0,1,0,0,0,100.0,0.0,0,-1,No n'hi ha,-1.0,3,3,1,0,0,0,0,0,0,0,0,0,0,0,4,-1,-1,Atropellament,-1,2,2,5,-1,2,1,16.22,1,3,2,5,11
8548,2014,1,2014-12-19,SE,BARCELONA,Barcelones,3,0,1,0,2,1,0,0,0,1,0,0,0,100.0,0.0,0,-1,No n'hi ha,-1.0,3,3,1,0,0,0,0,0,0,0,0,0,1,1,4,3,1,Atropellament,1,2,2,5,-1,2,0,15.45,1,3,4,19,12
8549,2014,0,2014-12-29,SE,TORRELLES DE FOIX,Alt Penedes,3,0,1,1,1,0,0,0,0,1,0,0,0,100.0,0.0,0,1,No n'hi ha,-1.0,3,3,1,0,0,0,0,0,0,0,0,0,0,0,0,-1,1,Resta sortides de via,-1,1,3,0,-1,2,1,21.05,1,1,0,29,12
8550,2014,1,2014-06-20,SE,TERRASSA,Valles Occidental,3,0,1,0,2,1,0,0,0,1,0,0,0,100.0,0.0,0,-1,No n'hi ha,-1.0,3,3,1,0,0,0,0,0,0,0,0,0,0,0,4,-1,-1,Atropellament,-1,2,2,5,-1,2,1,9.52,0,3,4,20,6
8551,2014,0,2014-08-04,AP-7,SUBIRATS,Alt Penedes,3,0,2,2,4,0,0,0,0,2,2,0,0,100.0,0.0,0,2,No n'hi ha,-1.0,3,3,1,0,0,0,0,0,0,0,0,0,0,0,4,-1,0,Fregament o col·lisió lateral,-1,1,2,2,1,2,1,11.5,0,2,0,4,8
8552,2014,1,2014-09-04,SE,TORTOSA,Baix Ebre,0,1,0,0,1,0,0,0,0,1,0,0,0,40.0,0.0,1,0,No n'hi ha,-1.0,3,3,0,1,0,0,0,0,0,0,0,0,0,0,2,-1,1,Resta sortides de via,-1,2,2,5,4,2,1,18.0,1,1,3,4,9
8553,2014,1,2014-10-03,N-150,SABADELL,Valles Occidental,3,0,1,0,2,0,1,0,0,1,0,0,0,30.0,0.0,0,2,No n'hi ha,-1.0,3,3,1,0,0,0,0,0,0,0,0,0,0,1,5,2,0,Envestida (frontal lateral),1,0,2,4,-1,2,0,21.4,1,2,4,3,10
8554,2014,1,2014-10-07,BV-4401,GAIA,Bages,3,0,1,0,1,0,1,0,0,0,0,0,0,90.0,0.0,0,-1,Sense Especificar,-1.0,3,1,1,0,0,0,0,0,0,0,0,0,0,0,4,-1,-1,Altres,-1,0,2,4,4,2,1,19.2,1,5,1,7,10
8555,2014,0,2014-09-11,BV-5301,"BRULL, EL",Osona,3,0,1,1,1,0,0,0,1,0,0,0,0,90.0,0.0,0,-1,Sense Especificar,-1.0,3,3,1,0,0,0,0,0,0,0,0,0,0,0,4,-1,-1,Resta sortides de via,-1,1,2,4,4,2,1,10.59,0,1,3,11,9
8556,2014,1,2014-10-20,C-66,BORDILS,Girones,1,0,1,0,2,1,0,0,1,0,0,0,0,90.0,0.0,0,-1,Sense Especificar,-1.0,3,1,1,0,0,0,0,0,0,0,0,0,0,0,4,-1,-1,Altres,-1,0,2,4,4,2,1,9.33,0,5,0,20,10
8557,2014,1,2014-10-12,SE,GIRONA,Girones,1,0,1,0,2,0,0,0,1,1,0,0,0,20.0,0.0,0,-1,No n'hi ha,-1.0,3,3,1,0,-1,0,0,0,0,0,0,0,0,1,4,5,-1,Envestida (frontal lateral),2,2,2,5,-1,2,0,13.06,0,2,6,12,10
8558,2014,0,2014-11-19,C-32,ESPLUGUES DE LLOBREGAT,Baix Llobregat,3,0,2,0,2,0,0,0,1,1,0,0,0,80.0,0.0,0,2,No n'hi ha,-1.0,3,3,1,0,0,0,0,0,0,0,0,0,0,0,4,-1,0,Encalç,-1,1,2,2,2,2,1,15.07,1,2,2,19,11
8559,2014,0,2014-10-13,C-32,ARGENTONA,Maresme,3,0,1,1,2,0,0,0,0,1,1,0,0,100.0,0.0,0,2,No n'hi ha,-1.0,3,3,1,0,0,0,0,0,0,0,0,0,0,0,4,-1,0,Encalç,-1,1,2,2,2,2,1,8.3,0,2,0,13,10