,Year,Area,Date,Road,Municipality Name,County Name,Province Name,Fatalties,Serious Injuries,Light Injuries,Units Involved,Pedestrains Involved,Bicycles Involved,Mopeds Involved,Motorcycles,Light Vehicles Involved,Heavy Vehicles Involved,Other Units Involved,Unspecified Units Involved,Road Speed Limit,Accident with Hit and Run,Fog Presence,Surrounding Environment,Special Lane Presence,Special Traffic Measures,Weather Conditions,Special Road Functions,Severity of Accident,Influence of Fog,Influence of Environment,Influence of Traffic,Influence of Weather,Influence of Wind Intensity,Influence of Lighting,Influence of Special Measures,Influence of Road Objects,Influence of Road Surface,Influence of Visibility,Intersection Characteristics,Lighting Conditions,Traffic Regulation and Priority,Direction of Road,Subtype of Accident,Subtype of Road Section,Subzone within Area,Road Surface Conditions,Type of Road,Road Ownership,Wind Conditions,Day of the Week Grouping,Hour of Day,Time of Day Grouping,Type of Accident,Day Type,Day,Month
8560,2014,1,2014-06-10,SE,BERGA,Bergueda,3,0,1,0,1,0,0,0,0,1,0,0,0,50.0,0.0,0,0,No n'hi ha,-1.0,3,3,1,-1,0,0,0,-1,0,0,0,0,0,0,5,-1,1,Sortida de via amb xoc o col·lisió,-1,0,2,5,-1,2,1,22.25,2,1,1,10,6
8561,2014,0,2014-06-14,A-2,SANT FELIU DE LLOBREGAT,Baix Llobregat,3,0,1,1,2,0,0,0,1,1,0,0,0,80.0,0.0,0,2,No n'hi ha,-1.0,3,3,1,0,0,0,0,0,0,0,0,0,0,0,4,-1,1,Fregament o col·lisió lateral,-1,1,2,1,1,2,0,21.0,1,2,5,14,6
8562,2014,1,2014-09-02,SE,GIRONA,Girones,1,0,1,0,2,1,0,0,0,1,0,0,0,100.0,0.0,0,2,No n'hi ha,-1.0,3,3,1,0,0,0,0,0,0,0,0,0,0,0,4,-1,1,Atropellament,-1,2,2,5,0,2,1,11.15,0,3,1,2,9
8563,2014,0,2014-09-24,C-155,LLICA DE VALL,Valles Oriental,3,0,1,0,2,0,0,1,0,1,0,0,0,100.0,0.0,0,2,No n'hi ha,-1.0,3,3,1,0,0,0,0,0,0,0,0,0,0,0,4,-1,1,Encalç,-1,1,2,4,2,2,1,18.41,1,2,2,24,9
8564,2014,0,2014-04-30,C-31,HOSPITALET DE LLOBREGAT,Barcelones,3,0,1,0,2,0,0,1,0,1,0,0,0,80.0,0.0,0,2,No n'hi ha,-1.0,3,3,1,0,0,0,0,0,0,0,0,0,0,0,5,-1,1,Caiguda en la via,-1,1,2,1,2,2,1,23.46,2,0,2,30,4
8566,2014,1,2014-10-23,B-522,MANLLEU,Osona,3,0,1,0,2,1,0,0,0,1,0,0,0,90.0,0.0,0,2,No n'hi ha,-1.0,3,3,1,-1,0,0,0,-1,0,0,0,0,-1,1,4,2,0,Atropellament,1,0,2,4,-1,2,1,14.04,1,3,3,23,10
8567,2014,0,2014-10-17,AP-7,AIGUAVIVA,Girones,1,0,1,0,1,0,0,0,1,0,0,0,0,40.0,0.0,0,1,No n'hi ha,-1.0,3,3,1,0,0,0,1,0,0,0,0,0,0,0,4,-1,0,Caiguda en la via,-1,1,2,2,1,2,1,10.35,0,0,4,17,10
8568,2014,0,2014-10-31,N-II,"JONQUERA, LA",Alt Emporda,1,1,0,0,3,2,0,0,0,1,0,0,0,50.0,0.0,0,2,No n'hi ha,-1.0,3,3,0,0,0,0,0,0,0,0,0,0,0,0,3,-1,1,Atropellament,-1,1,2,4,1,2,0,19.46,1,3,4,31,10
8569,2014,1,2014-12-04,N-141c,MANRESA,Bages,3,0,1,1,2,0,0,0,0,2,0,0,0,100.0,0.0,0,2,No n'hi ha,-1.0,1,3,1,0,0,0,1,0,0,0,0,0,0,0,4,-1,1,Envestida (frontal lateral),-1,0,2,4,0,2,1,13.3,0,2,3,4,12
8570,2014,0,2014-05-17,CR,ALAS I CERC,Alt Urgell,2,0,1,0,1,0,1,0,0,0,0,0,0,100.0,0.0,0,1,No n'hi ha,-1.0,3,3,1,0,0,0,0,0,0,0,0,0,0,0,4,-1,1,Caiguda en la via,-1,1,1,0,4,2,0,13.45,0,0,5,17,5
8571,2014,0,2014-02-19,C-33,BARCELONA,Barcelones,3,0,1,0,2,0,0,0,1,1,0,0,0,80.0,0.0,0,0,No n'hi ha,-1.0,3,3,1,0,0,0,0,0,0,0,0,0,0,2,5,-1,1,Fregament o col·lisió lateral,1,1,2,2,2,2,1,20.13,1,2,2,19,2
8572,2014,1,2014-04-14,C-55,MONISTROL DE MONTSER,Bages,3,0,1,0,2,0,0,0,0,1,1,0,0,50.0,0.0,0,2,No n'hi ha,-1.0,3,3,1,0,0,0,0,0,0,0,0,0,0,0,1,-1,1,Encalç,-1,0,2,4,2,2,1,6.45,0,2,0,14,4
8573,2014,0,2014-10-08,B-20,MONTGAT,Maresme,3,0,1,0,1,0,0,0,1,0,0,0,0,40.0,0.0,0,1,No n'hi ha,-1.0,3,3,1,0,0,0,0,0,0,0,0,0,0,1,1,4,0,Resta sortides de via,0,1,2,1,1,2,1,19.05,1,1,2,8,10
8574,2014,0,2014-08-03,C-260,CASTELLO D'EMPURIES,Alt Emporda,1,0,1,0,1,0,0,0,1,0,0,0,0,90.0,0.0,0,-1,Sense Especificar,-1.0,3,3,1,0,0,0,0,0,0,0,0,0,0,1,4,4,-1,Altres,0,1,2,4,4,2,0,16.38,1,5,6,3,8
8575,2014,0,2014-12-30,C-17,LLICA DE VALL,Valles Oriental,3,0,1,0,1,0,0,0,0,1,0,0,0,30.0,0.0,0,1,No n'hi ha,-1.0,3,3,1,0,0,0,0,0,0,0,0,0,0,0,4,-1,1,Resta sortides de via,-1,1,2,1,2,2,1,9.36,0,1,1,30,12
8576,2014,1,2014-12-11,SE,RUBI,Valles Occidental,3,0,1,0,2,0,0,1,0,1,0,0,0,100.0,0.0,0,2,No n'hi ha,-1.0,3,3,1,0,0,0,0,0,0,0,0,0,0,1,1,3,1,Envestida (frontal lateral),0,2,2,5,-1,2,1,7.2,0,2,3,11,12
8577,2014,1,2014-12-19,SE,BARCELONA,Barcelones,3,0,1,1,2,0,0,0,1,1,0,0,0,100.0,0.0,0,-1,No n'hi ha,-1.0,3,3,1,0,0,0,0,0,0,0,0,0,0,1,5,3,1,Envestida (frontal lateral),2,2,2,5,-1,2,1,0.2,2,2,4,19,12
8578,2014,1,2014-09-01,SE,MARTORELL,Baix Llobregat,3,0,1,0,1,0,0,0,0,1,0,0,0,100.0,0.0,0,1,No n'hi ha,-1.0,3,3,1,0,0,0,0,0,0,0,0,0,0,0,1,-1,1,Resta sortides de via,-1,2,2,5,3,2,1,6.3,0,1,0,1,9
8579,2014,0,2014-08-05,N-260,ORDIS,Alt Emporda,1,0,1,0,2,0,0,0,1,1,0,0,0,80.0,0.0,0,2,No n'hi ha,-1.0,3,3,1,0,0,0,0,0,0,0,0,0,0,1,4,4,1,Col·lisió frontal,1,1,2,4,1,2,1,11.53,0,2,1,5,8
8580,2014,1,2014-10-16,SE,HOSPITALET DE LLOBREGAT,Barcelones,3,0,1,0,1,0,0,0,1,0,0,0,0,20.0,0.0,0,-1,No n'hi ha,-1.0,3,3,1,-1,0,0,0,-1,0,0,0,0,-1,0,5,-1,0,Xoc contra objecte/obstacle sense sortida prèvia de via,-1,2,2,5,-1,2,1,20.45,1,4,3,16,10
8581,2014,0,2014-03-02,C-35,SANTA MARIA DE PALAU,Valles Oriental,3,0,1,1,2,0,0,0,0,2,0,0,0,90.0,0.0,0,-1,Sense Especificar,-1.0,3,3,1,0,0,0,0,0,0,0,0,0,0,0,4,-1,-1,Col·lisió frontal,-1,1,2,4,4,2,0,19.42,1,2,6,2,3
8582,2014,0,2014-08-22,N-II,TORDERA,Maresme,3,0,1,4,3,0,0,0,0,3,0,0,0,100.0,0.0,0,1,No n'hi ha,-1.0,1,3,1,0,1,0,1,0,0,0,0,0,0,0,2,-1,1,Col·lisió frontal,-1,1,2,4,1,2,1,13.55,0,2,4,22,8
8583,2014,0,2014-06-03,C-37,QUEROL,Alt Camp,0,0,1,0,1,0,0,0,1,0,0,0,0,90.0,0.0,0,-1,Sense Especificar,-1.0,3,3,1,0,0,0,0,0,0,0,0,0,0,0,4,-1,-1,Resta sortides de via,-1,1,2,4,4,2,1,11.49,0,1,1,3,6
8584,2014,1,2014-05-26,SE,LLEIDA,Segria,2,0,1,0,2,0,1,0,1,0,0,0,0,20.0,0.0,0,2,Carril bici,-1.0,3,3,1,-1,0,0,0,-1,0,0,0,0,-1,0,4,-1,1,Envestida (frontal lateral),-1,2,2,5,-1,2,1,14.5,1,2,0,26,5
8585,2014,0,2014-01-31,N-IIa,CASTELLOLI,Anoia,3,0,1,0,2,0,0,0,0,1,1,0,0,40.0,0.0,0,3,No n'hi ha,-1.0,3,3,1,0,0,0,0,0,0,0,0,0,0,1,1,4,1,Encalç,0,1,2,3,0,2,1,8.56,0,2,4,31,1
8586,2014,1,2014-01-07,SE,BERGA,Bergueda,3,0,1,0,2,1,0,0,0,1,0,0,0,20.0,,0,-1,No n'hi ha,-1.0,3,3,1,0,-1,0,0,0,0,0,0,0,0,1,4,2,-1,Atropellament,3,2,2,5,-1,2,1,12.0,0,3,1,7,1
8587,2014,0,2014-04-17,C-14,COLL DE NARGO,Alt Urgell,2,0,2,3,1,0,0,0,0,1,0,0,0,100.0,0.0,0,1,No n'hi ha,-1.0,3,3,1,0,0,0,0,0,0,0,0,0,0,0,4,-1,1,Resta sortides de via,-1,1,2,4,2,2,1,12.45,0,1,3,17,4
8588,2014,1,2014-01-12,SE,CORNELLA DE LLOBREGAT,Baix Llobregat,3,0,1,0,1,0,0,0,1,0,0,0,0,20.0,0.0,0,-1,No n'hi ha,-1.0,1,3,1,-1,-1,0,0,-1,0,0,0,0,-1,1,1,5,-1,Caiguda en la via,0,2,0,5,-1,2,0,6.3,0,0,6,12,1
8589,2014,1,2014-02-14,SE,FOLGUEROLES,Osona,3,0,1,0,1,0,0,1,0,0,0,0,0,100.0,0.0,0,2,No n'hi ha,-1.0,3,3,1,0,0,0,0,0,0,0,0,0,0,0,4,-1,1,Xoc contra objecte/obstacle sense sortida prèvia de via,-1,2,2,5,-1,2,0,17.36,1,4,4,14,2
8590,2014,0,2014-01-01,N-152a,GRANOLLERS,Valles Oriental,3,0,1,0,1,0,0,0,1,0,0,0,0,60.0,0.0,0,2,No n'hi ha,-1.0,3,3,1,0,0,0,0,0,0,0,0,0,0,0,4,-1,1,Resta sortides de via,-1,1,2,4,4,2,1,10.09,0,1,2,1,1
8591,2014,0,2014-07-13,C-55,CASTELLBELL I EL VIL,Bages,3,0,1,0,1,0,1,0,0,0,0,0,0,90.0,0.0,0,-1,Sense Especificar,-1.0,3,3,1,0,0,0,0,0,0,0,0,0,0,0,4,-1,-1,Resta sortides de via,-1,1,2,4,4,2,0,12.13,0,1,6,13,7
8592,2014,1,2014-02-03,SE,SANT FELIU DE LLOBREGAT,Baix Llobregat,3,0,1,0,2,1,0,1,0,0,0,0,0,100.0,0.0,0,2,No n'hi ha,-1.0,3,3,1,0,0,0,0,0,0,0,0,0,0,0,4,-1,1,Atropellament,-1,2,2,5,0,2,1,12.22,0,3,0,3,2
8593,2014,0,2014-08-28,C-14,ALCOVER,Alt Camp,0,0,1,0,1,0,0,0,0,1,0,0,0,100.0,0.0,0,2,No n'hi ha,-1.0,3,3,1,0,0,0,0,0,0,0,0,0,0,2,3,5,1,Resta sortides de via,3,1,2,4,4,2,1,21.45,1,1,3,28,8
8594,2014,1,2014-09-18,SE,SANTA COLOMA DE GRAMANET,Barcelones,3,0,1,3,2,0,0,1,0,1,0,0,0,20.0,0.0,0,2,No n'hi ha,-1.0,3,3,1,-1,0,0,0,-1,0,0,0,0,-1,1,4,3,1,Envestida (frontal lateral),2,2,2,5,-1,2,1,14.4,1,2,3,18,9
8595,2014,1,2014-08-20,SE,CASTELL-PLATJA D'ARO,Baix Emporda,1,0,3,0,2,0,0,0,0,2,0,0,0,50.0,0.0,0,2,No n'hi ha,-1.0,3,3,1,0,0,0,0,0,0,0,0,0,0,0,1,-1,1,Col·lisió frontal,-1,2,2,5,-1,2,1,7.51,0,2,2,20,8
8596,2014,0,2014-03-13,N-340,"PERELLO, EL",Baix Ebre,0,0,2,1,2,0,0,0,0,2,0,0,0,100.0,1.0,0,2,No n'hi ha,-1.0,3,3,1,0,0,0,0,0,0,0,0,0,0,0,1,-1,1,Col·lisió frontal,-1,1,2,4,1,2,1,7.58,0,2,3,13,3
8597,2014,1,2014-08-08,SE,SABADELL,Valles Occidental,3,0,1,0,2,1,0,0,0,1,0,0,0,30.0,0.0,0,2,No n'hi ha,-1.0,3,3,1,0,0,0,0,0,0,0,0,0,0,0,4,-1,1,Atropellament,-1,2,2,5,-1,2,0,20.05,1,3,4,8,8
8598,2014,1,2014-01-27,SE,SABADELL,Valles Occidental,3,0,1,0,2,1,0,0,0,1,0,0,0,100.0,0.0,0,2,No n'hi ha,-1.0,3,3,1,0,0,0,0,0,0,0,0,0,0,0,4,-1,0,Atropellament,-1,2,2,5,-1,2,1,17.1,1,3,0,27,1
8599,2014,1,2014-09-16,SE,BLANES,Selva,1,0,1,0,2,0,0,0,1,1,0,0,0,40.0,0.0,0,2,No n'hi ha,-1.0,3,3,1,-1,0,0,0,-1,0,0,0,0,-1,1,4,4,-1,Fregament o col·lisió lateral,0,2,2,5,-1,2,1,12.15,0,2,1,16,9
8600,2014,1,2014-10-03,SE,MANRESA,Bages,3,0,1,0,2,1,0,0,0,1,0,0,0,100.0,0.0,0,2,No n'hi ha,-1.0,3,3,1,0,0,0,0,0,0,0,0,0,0,0,4,-1,0,Atropellament,-1,2,2,5,-1,2,0,17.1,1,3,4,3,10
8601,2014,0,2014-10-17,C-1412b,"BARONIA DE RIALB, LA",Noguera,2,0,1,0,1,0,0,0,1,0,0,0,0,100.0,0.0,0,1,No n'hi ha,-1.0,3,3,1,0,0,0,0,0,0,0,0,0,0,0,4,-1,1,Resta sortides de via,-1,1,2,4,2,2,0,18.58,1,1,4,17,10
8602,2014,1,2014-03-20,SE,BARCELONA,Barcelones,3,0,1,0,3,0,0,0,1,2,0,0,0,100.0,0.0,0,-1,No n'hi ha,-1.0,3,3,1,0,0,0,0,0,0,0,0,0,0,0,4,-1,1,Fregament o col·lisió lateral,-1,2,2,5,-1,2,1,14.2,1,2,3,20,3
8603,2014,1,2014-06-08,SE,BARCELONA,Barcelones,3,0,1,0,1,0,0,0,1,0,0,0,0,100.0,0.0,0,-1,No n'hi ha,-1.0,3,3,1,0,0,0,0,0,0,0,0,0,0,1,5,3,0,Xoc contra objecte/obstacle sense sortida prèvia de via,2,2,2,5,-1,2,0,0.4,2,4,6,8,6
8604,2014,0,2014-06-22,N-260,FONTANALS DE CERDANYA,Cerdanya,1,1,0,0,1,0,0,0,1,0,0,0,0,60.0,0.0,0,0,No n'hi ha,-1.0,3,3,0,0,0,0,0,0,0,0,0,0,0,0,4,-1,1,Resta sortides de via,-1,1,2,4,1,2,0,9.52,0,1,6,22,6
8605,2014,1,2014-07-18,SE,PALAFRUGELL,Baix Emporda,1,0,1,1,2,0,0,0,2,0,0,0,0,20.0,0.0,0,-1,No n'hi ha,-1.0,3,3,1,-1,0,0,0,-1,0,0,0,0,-1,0,4,-1,1,Fregament o col·lisió lateral,-1,2,2,5,-1,2,0,16.3,1,2,4,18,7
8606,2014,1,2014-10-27,SE,SABADELL,Valles Occidental,3,0,1,0,2,0,0,0,1,1,0,0,0,100.0,0.0,0,-1,No n'hi ha,-1.0,3,3,1,0,0,0,0,0,0,0,0,0,0,0,4,-1,-1,Envestida (frontal lateral),-1,2,2,5,-1,2,1,21.02,1,2,0,27,10
8607,2014,1,2014-09-04,SE,BARCELONA,Barcelones,3,0,1,0,2,1,0,0,0,1,0,0,0,100.0,0.0,0,-1,No n'hi ha,-1.0,3,3,1,0,0,0,0,0,0,0,0,0,0,0,4,-1,0,Atropellament,-1,2,2,5,-1,2,1,20.0,1,3,3,4,9
8608,2014,1,2014-09-30,SE,SANT BOI DE LLOBREGAT,Baix Llobregat,3,0,1,0,1,0,0,0,1,0,0,0,0,20.0,0.0,0,2,No n'hi ha,-1.0,2,3,1,-1,0,0,0,-1,0,0,0,0,0,1,2,4,0,Caiguda en la via,0,2,0,5,-1,2,1,18.3,1,0,1,30,9
8609,2014,1,2014-05-06,SE,CASTELLET I LA GORNA,Alt Penedes,3,0,1,0,2,1,0,0,0,1,0,0,0,20.0,0.0,0,-1,Sense Especificar,-1.0,3,3,1,0,0,0,0,0,0,0,0,0,0,2,4,4,-1,Atropellament,1,2,2,5,-1,2,1,13.03,0,3,1,6,5
8610,2014,0,2014-03-13,C-154,SANT BARTOMEU DEL GR,Osona,3,0,1,0,2,1,0,0,0,0,1,0,0,100.0,0.0,0,3,No n'hi ha,-1.0,3,3,1,0,0,0,0,0,0,0,0,0,0,0,4,-1,1,Atropellament,-1,1,2,4,3,2,1,17.26,1,3,3,13,3
8611,2014,1,2014-12-03,SE,CANOVES I SAMALUS,Valles Oriental,3,0,1,1,2,0,0,0,0,2,0,0,0,40.0,0.0,0,2,No n'hi ha,-1.0,3,3,1,0,1,0,0,0,0,0,0,0,0,1,4,4,1,Envestida (frontal lateral),2,2,2,5,-1,2,1,10.5,0,2,2,3,12
8612,2014,0,2014-10-10,N-230,VIELHA E MIJARAN,Val d'Aran,2,1,2,0,1,0,0,0,0,1,0,0,0,100.0,0.0,0,1,No n'hi ha,-1.0,1,3,0,0,0,0,1,0,0,0,0,0,0,0,2,-1,1,Resta sortides de via,-1,1,2,4,1,2,1,12.57,0,1,4,10,10
8613,2014,0,2014-04-16,N-260,SANT JOAN DE LES ABADESSES,Ripolles,1,0,1,0,1,0,1,0,0,0,0,0,0,100.0,0.0,0,2,No n'hi ha,-1.0,3,3,1,0,0,0,0,0,0,0,0,0,0,0,4,-1,1,Caiguda en la via,-1,1,2,4,1,2,1,11.18,0,0,2,16,4
8614,2014,1,2014-02-20,SE,TERRASSA,Valles Occidental,3,0,1,0,1,0,0,0,1,0,0,0,0,100.0,0.0,0,-1,No n'hi ha,-1.0,3,3,1,0,0,0,0,0,0,0,0,0,0,0,4,-1,-1,Caiguda en la via,-1,2,2,5,-1,2,1,17.45,1,0,3,20,2
8615,2014,1,2014-09-25,SE,SABADELL,Valles Occidental,3,0,1,0,2,0,0,0,1,1,0,0,0,100.0,0.0,0,-1,No n'hi ha,-1.0,3,3,1,0,0,0,0,0,0,0,0,0,0,0,4,-1,-1,Caiguda en la via,-1,2,2,5,-1,2,1,20.25,1,0,3,25,9
8616,2014,1,2014-08-15,SE,CARDEDEU,Valles Oriental,3,0,1,0,2,0,0,0,0,2,0,0,0,20.0,0.0,0,-1,No n'hi ha,-1.0,3,3,1,0,0,0,0,0,0,0,0,0,0,0,4,-1,-1,Xoc contra objecte/obstacle sense sortida prèvia de via,-1,2,2,5,-1,2,0,18.45,1,4,4,15,8
8617,2014,1,2014-11-03,SE,ROSES,Alt Emporda,1,0,1,0,3,0,0,0,1,2,0,0,0,40.0,0.0,0,2,No n'hi ha,-1.0,3,3,1,0,0,0,0,0,0,0,0,0,0,1,5,2,1,Fregament o col·lisió lateral,1,2,2,5,-1,2,1,18.15,1,2,0,3,11
8618,2014,0,2014-05-25,C-451,OLIUS,Solsones,2,0,1,0,1,0,0,0,0,0,1,0,0,100.0,0.0,0,1,Carril lent,-1.0,3,3,1,0,0,0,0,0,0,0,0,0,0,0,2,-1,1,Resta sortides de via,-1,1,2,4,2,1,0,15.14,1,1,6,25,5
8619,2014,1,2014-07-18,SE,BARCELONA,Barcelones,3,1,0,0,1,0,0,0,0,1,0,0,0,100.0,0.0,0,-1,No n'hi ha,-1.0,3,3,0,0,0,0,0,0,0,0,0,0,0,1,4,4,0,Xoc contra objecte/obstacle sense sortida prèvia de via,1,2,2,5,-1,2,0,17.0,1,4,4,18,7
8620,2014,0,2014-04-26,B-221,MONTMANEU,Anoia,3,0,2,5,2,0,0,0,0,2,0,0,0,100.0,0.0,0,2,No n'hi ha,-1.0,3,3,1,0,0,0,0,0,0,0,0,0,0,0,4,-1,1,Col·lisió frontal,-1,1,2,4,3,2,0,9.55,0,2,5,26,4
8621,2014,1,2014-04-16,SE,BARCELONA,Barcelones,3,0,1,0,2,1,0,0,0,0,1,0,0,100.0,0.0,0,-1,Carril bus,0.0,3,3,1,0,0,0,0,0,0,0,0,0,0,1,4,3,1,Atropellament,2,2,2,5,-1,2,1,15.3,1,3,2,16,4
8622,2014,0,2014-01-26,L-313,TORREFETA I FLOREJACS,Segarra,2,0,1,1,1,0,0,0,0,1,0,0,0,100.0,0.0,0,2,No n'hi ha,-1.0,3,3,1,0,0,0,0,0,1,0,0,0,0,0,3,-1,1,Sortida de via amb xoc o col·lisió,-1,1,2,4,2,2,0,5.53,2,1,6,26,1
8623,2014,1,2014-04-10,SE,BARCELONA,Barcelones,3,0,2,0,2,0,0,0,2,0,0,0,0,100.0,0.0,0,-1,No n'hi ha,-1.0,3,3,1,0,0,0,0,0,0,0,0,0,0,1,5,3,0,Envestida (frontal lateral),2,2,2,5,-1,2,1,19.5,1,2,3,10,4
8624,2014,1,2014-04-19,SE,BARCELONA,Barcelones,3,0,1,0,2,0,0,0,1,1,0,0,0,30.0,0.0,0,-1,No n'hi ha,-1.0,3,3,1,0,0,0,0,0,0,0,0,0,0,1,4,4,0,Envestida (frontal lateral),2,2,2,5,-1,2,0,8.15,0,2,5,19,4
8625,2014,1,2014-10-06,SE,AMPOSTA,Montsia,0,0,1,1,3,2,0,0,0,1,0,0,0,100.0,0.0,0,2,No n'hi ha,-1.0,3,3,1,0,0,0,0,0,0,0,0,0,0,0,2,-1,0,Atropellament,-1,2,2,5,-1,2,1,8.24,0,3,0,6,10
8626,2014,1,2014-11-10,SE,"AMETLLA DE MAR, L'",Baix Ebre,0,0,1,0,1,0,0,0,0,1,0,0,0,100.0,0.0,0,-1,No n'hi ha,-1.0,3,3,1,0,0,0,0,0,0,0,0,0,0,0,4,-1,-1,Altres,-1,2,2,5,-1,2,1,9.05,0,5,0,10,11
8627,2014,0,2014-03-07,B-224,SANT ESTEVE SESROVIRES,Baix Llobregat,3,0,1,0,2,0,0,0,1,1,0,0,0,60.0,0.0,0,2,Carril acceleració,-1.0,3,3,1,0,0,0,0,0,0,0,0,0,0,1,3,4,1,Envestida (frontal lateral),1,1,2,4,0,2,0,21.39,1,2,4,7,3
8628,2014,0,2014-06-01,LV-4241,GUIXERS,Solsones,2,0,1,0,1,0,0,0,1,0,0,0,0,100.0,0.0,0,1,No n'hi ha,-1.0,3,3,1,0,0,0,0,0,0,0,0,0,0,0,4,-1,1,Caiguda en la via,-1,1,2,3,3,2,0,12.27,0,0,6,1,6
8629,2014,1,2014-02-02,SE,BARCELONA,Barcelones,3,0,2,1,3,0,0,0,1,2,0,0,0,100.0,0.0,0,-1,Carril reversible,-1.0,3,3,1,0,0,0,0,0,0,0,0,0,0,0,5,-1,1,Encalç,-1,2,2,5,-1,2,0,22.0,2,2,6,2,2
8630,2014,0,2014-02-01,C-1412,CASTELLFOLLIT DE RIU,Anoia,3,0,1,2,2,0,0,0,0,2,0,0,0,100.0,0.0,0,1,No n'hi ha,-1.0,1,3,1,0,0,0,1,0,0,0,0,0,0,0,2,-1,1,Envestida (frontal lateral),-1,1,2,4,2,2,0,14.24,1,2,5,1,2
8631,2014,1,2014-08-08,SE,BARCELONA,Barcelones,3,0,1,0,2,0,0,0,1,1,0,0,0,100.0,0.0,0,-1,No n'hi ha,-1.0,3,3,1,0,0,0,0,0,0,0,0,0,0,1,4,2,1,Envestida (frontal lateral),1,2,2,5,-1,2,0,20.1,1,2,4,8,8
8632,2014,0,2014-04-06,C-13,CAMARASA,Noguera,2,0,1,0,1,0,0,0,1,0,0,0,0,100.0,0.0,0,1,No n'hi ha,-1.0,3,3,1,0,1,0,0,0,0,0,0,0,0,0,4,-1,1,Resta sortides de via,-1,1,2,4,2,2,0,12.4,0,1,6,6,4
8633,2014,1,2014-09-17,SE,FIGUERES,Alt Emporda,1,0,1,0,2,1,0,0,0,1,0,0,0,100.0,0.0,0,2,No n'hi ha,-1.0,3,3,1,0,0,0,0,0,0,0,0,0,0,0,4,-1,0,Atropellament,-1,2,2,5,-1,2,1,14.5,1,3,2,17,9
8634,2014,1,2014-08-29,SE,BARCELONA,Barcelones,3,0,1,2,2,0,0,0,2,0,0,0,0,30.0,0.0,0,-1,No n'hi ha,-1.0,3,3,1,0,0,0,0,0,0,0,0,0,0,1,4,3,0,Fregament o col·lisió lateral,2,2,2,5,-1,2,0,17.35,1,2,4,29,8
8635,2014,1,2014-05-09,SE,CASTELLO D'EMPURIES,Alt Emporda,1,0,1,1,2,0,0,0,1,1,0,0,0,100.0,0.0,0,2,Carril central,-1.0,3,3,1,0,0,0,0,0,0,0,0,0,0,0,1,-1,1,Envestida (frontal lateral),-1,2,2,5,0,2,0,21.2,1,2,4,9,5
8636,2014,0,2014-07-19,GIV-6591,PALAFRUGELL,Baix Emporda,1,0,1,1,2,0,0,0,2,0,0,0,0,60.0,0.0,0,1,No n'hi ha,-1.0,3,3,1,0,0,0,0,0,0,0,0,0,0,0,4,-1,1,Col·lisió frontal,-1,1,2,4,3,2,0,17.05,1,2,5,19,7
8637,2014,0,2014-06-13,GI-682,TOSSA DE MAR,Selva,1,0,1,0,2,0,0,0,1,0,1,0,0,100.0,0.0,0,3,No n'hi ha,-1.0,3,3,1,0,0,0,0,0,0,0,0,0,0,0,4,-1,1,Envestida (frontal lateral),-1,1,2,4,4,2,1,13.35,0,2,4,13,6
8638,2014,0,2014-01-08,TV-3031,"GUIAMETS, ELS",Priorat,0,0,1,0,1,0,1,0,0,0,0,0,0,90.0,0.0,0,-1,Sense Especificar,-1.0,3,3,1,0,0,0,0,0,0,0,0,0,0,0,4,-1,-1,Resta sortides de via,-1,1,2,4,4,2,1,14.47,1,1,2,8,1
8639,2014,0,2014-01-27,C-31,HOSPITALET DE LLOBREGAT,Barcelones,3,0,1,0,2,0,0,0,2,0,0,0,0,100.0,0.0,0,2,No n'hi ha,-1.0,3,3,1,0,0,0,0,0,0,0,0,0,1,0,4,-1,1,Caiguda en la via,-1,1,2,1,2,2,1,8.53,0,0,0,27,1
8640,2014,1,2014-01-08,SE,OLESA DE MONTSERRAT,Baix Llobregat,3,0,1,0,2,1,0,0,0,1,0,0,0,100.0,0.0,0,2,No n'hi ha,-1.0,3,1,1,0,0,0,0,0,0,0,0,0,0,2,5,4,1,Atropellament,0,2,2,5,-1,2,1,20.3,1,3,2,8,1
8641,2014,0,2014-03-06,C-37,SANT SALVADOR DE GUARDIA,Bages,3,0,1,0,2,0,0,1,0,1,0,0,0,50.0,0.0,0,2,No n'hi ha,-1.0,3,3,1,0,0,0,0,0,0,0,0,0,0,0,1,-1,1,Fregament o col·lisió lateral,-1,1,2,4,2,2,1,6.35,0,2,3,6,3
8642,2014,1,2014-05-14,SE,SANT CUGAT DEL VALLES,Valles Occidental,3,0,1,0,2,1,0,0,0,1,0,0,0,100.0,0.0,0,2,No n'hi ha,-1.0,3,3,1,0,0,0,0,0,0,0,0,0,0,0,5,-1,1,Atropellament,-1,2,2,5,-1,2,1,22.46,2,3,2,14,5
8643,2014,1,2014-05-22,SE,TERRASSA,Valles Occidental,3,0,1,0,3,2,0,0,0,1,0,0,0,100.0,0.0,0,-1,No n'hi ha,-1.0,3,3,1,0,0,0,0,0,0,0,0,0,0,0,4,-1,-1,Atropellament,-1,2,2,5,-1,2,1,20.15,1,3,3,22,5
8644,2014,1,2014-08-22,SE,REUS,Baix Camp,0,0,2,0,2,0,0,0,1,1,0,0,0,100.0,0.0,0,2,Carril central,-1.0,3,3,1,0,0,0,0,0,0,0,0,0,0,1,4,3,0,Envestida (frontal lateral),2,2,2,5,-1,2,1,8.16,0,2,4,22,8