,Year,Area,Date,Road,Municipality Name,County Name,Province Name,Fatalties,Serious Injuries,Light Injuries,Units Involved,Pedestrains Involved,Bicycles Involved,Mopeds Involved,Motorcycles,Light Vehicles Involved,Heavy Vehicles Involved,Other Units Involved,Unspecified Units Involved,Road Speed Limit,Accident with Hit and Run,Fog Presence,Surrounding Environment,Special Lane Presence,Special Traffic Measures,Weather Conditions,Special Road Functions,Severity of Accident,Influence of Fog,Influence of Environment,Influence of Traffic,Influence of Weather,Influence of Wind Intensity,Influence of Lighting,Influence of Special Measures,Influence of Road Objects,Influence of Road Surface,Influence of Visibility,Intersection Characteristics,Lighting Conditions,Traffic Regulation and Priority,Direction of Road,Subtype of Accident,Subtype of Road Section,Subzone within Area,Road Surface Conditions,Type of Road,Road Ownership,Wind Conditions,Day of the Week Grouping,Hour of Day,Time of Day Grouping,Type of Accident,Day Type,Day,Month
8645,2014,1,2014-10-21,SE,BARCELONA,Barcelones,3,0,1,0,1,0,1,0,0,0,0,0,0,100.0,0.0,0,-1,No n'hi ha,-1.0,3,3,1,0,0,0,0,0,0,0,0,0,0,0,5,-1,0,Caiguda en la via,-1,2,2,5,-1,2,1,5.3,2,0,1,21,10
8646,2014,1,2014-03-08,SE,BARCELONA,Barcelones,3,0,1,0,2,0,0,0,2,0,0,0,0,100.0,0.0,0,-1,No n'hi ha,-1.0,3,3,1,0,0,0,0,0,0,0,0,0,0,1,5,3,0,Envestida (frontal lateral),2,2,2,5,-1,2,0,18.25,1,2,5,8,3
8647,2014,0,2014-08-11,L-401,FIGOLS I ALINYA,Alt Urgell,2,0,1,1,2,0,0,0,2,0,0,0,0,100.0,0.0,0,1,No n'hi ha,-1.0,3,3,1,0,0,0,0,0,0,0,0,0,0,0,4,-1,1,Caiguda en la via,-1,1,2,4,3,2,1,15.57,1,0,0,11,8
8648,2014,0,2014-09-28,B-224,SANT ESTEVE SESROVIRES,Baix Llobregat,3,0,2,4,2,0,0,0,0,2,0,0,0,50.0,0.0,0,2,No n'hi ha,-1.0,2,3,1,0,0,0,0,0,0,0,0,0,0,1,2,2,1,Envestida (frontal lateral),2,1,2,4,2,2,0,14.03,1,2,6,28,9
8649,2014,1,2014-12-14,SE,CERDANYOLA DEL VALLES,Valles Occidental,3,0,1,0,1,0,0,0,0,1,0,0,0,100.0,0.0,0,2,No n'hi ha,-1.0,3,3,1,0,0,0,0,0,0,0,0,0,0,0,5,-1,1,Xoc contra objecte/obstacle sense sortida prèvia de via,-1,2,2,5,-1,2,0,5.02,2,4,6,14,12
8650,2014,1,2014-02-08,SE,MOLINS DE REI,Baix Llobregat,3,0,1,0,1,0,0,0,1,0,0,0,0,20.0,0.0,0,2,No n'hi ha,-1.0,3,3,1,-1,0,0,0,-1,0,0,0,0,0,1,4,4,1,Caiguda en la via,2,2,2,5,-1,2,0,12.05,0,0,5,8,2
8651,2014,1,2014-01-09,SE,BARCELONA,Barcelones,3,1,0,0,1,0,0,1,0,0,0,0,0,100.0,0.0,0,-1,No n'hi ha,-1.0,3,3,0,0,0,0,0,0,0,0,0,0,0,0,5,-1,1,Xoc contra objecte/obstacle sense sortida prèvia de via,-1,2,2,5,-1,2,1,2.5,2,4,3,9,1
8652,2014,0,2014-02-04,C-63,"PLANES D'HOSTOLES, LES",Garrotxa,1,0,1,0,2,0,0,0,0,2,0,0,0,100.0,0.0,0,1,No n'hi ha,-1.0,3,3,1,0,0,0,0,0,0,0,0,0,1,1,4,5,1,Fregament o col·lisió lateral,1,1,2,4,2,2,1,9.56,0,2,1,4,2
8653,2014,1,2014-05-24,SE,BARCELONA,Barcelones,3,0,1,1,2,0,0,0,2,0,0,0,0,100.0,0.0,0,-1,No n'hi ha,-1.0,3,3,1,0,0,0,0,0,0,0,0,0,0,1,4,3,1,Envestida (frontal lateral),2,2,2,5,-1,2,0,16.25,1,2,5,24,5
8654,2014,1,2014-05-12,SE,LLEIDA,Segria,2,0,1,0,1,0,0,0,1,0,0,0,0,20.0,0.0,0,2,No n'hi ha,-1.0,3,3,1,-1,0,0,0,-1,0,0,0,0,-1,0,0,-1,0,Caiguda en la via,-1,2,2,5,-1,2,1,22.25,2,0,0,12,5
8655,2014,1,2014-04-07,SE,VILABERTRAN,Alt Emporda,1,0,1,0,2,1,0,0,0,1,0,0,0,100.0,0.0,0,2,No n'hi ha,-1.0,3,3,1,0,0,0,0,0,0,0,0,0,0,0,4,-1,1,Atropellament,-1,2,2,5,-1,2,1,10.2,0,3,0,7,4
8656,2014,1,2014-09-26,SE,TERRASSA,Valles Occidental,3,0,1,0,2,1,0,0,0,1,0,0,0,100.0,0.0,0,-1,No n'hi ha,-1.0,3,3,1,0,0,0,0,0,0,0,0,0,0,0,4,-1,-1,Atropellament,-1,2,2,5,-1,2,0,17.3,1,3,4,26,9
8657,2014,1,2014-08-12,SE,BARCELONA,Barcelones,3,0,1,0,2,0,0,1,0,1,0,0,0,100.0,0.0,0,-1,No n'hi ha,-1.0,3,3,1,0,0,0,0,0,0,0,0,0,0,1,4,3,0,Fregament o col·lisió lateral,2,2,2,5,-1,2,1,9.3,0,2,1,12,8
8658,2014,1,2014-08-12,SE,BARCELONA,Barcelones,3,0,1,0,2,0,1,0,1,0,0,0,0,100.0,0.0,0,-1,No n'hi ha,-1.0,3,3,1,0,0,0,0,0,0,0,0,0,0,1,4,3,1,Envestida (frontal lateral),0,2,2,5,-1,2,1,14.0,1,2,1,12,8
8659,2014,0,2014-06-06,LP-9221,LLEIDA,Segria,2,0,3,0,2,0,0,0,0,2,0,0,0,70.0,0.0,0,1,No n'hi ha,-1.0,3,3,1,0,0,0,0,0,0,0,0,0,0,0,4,-1,0,Col·lisió frontal,-1,1,2,4,0,2,1,13.37,0,2,4,6,6
8660,2014,0,2014-05-26,N-141e,BESCANO,Girones,1,0,1,1,2,0,0,0,0,2,0,0,0,40.0,0.0,0,2,No n'hi ha,0.0,1,3,1,0,0,0,0,0,0,0,0,0,0,0,2,-1,1,Col·lisió frontal,-1,1,2,4,1,2,1,19.37,1,2,0,26,5
8661,2014,1,2014-11-01,SE,SANT CUGAT DEL VALLES,Valles Occidental,3,0,1,0,2,1,0,0,0,1,0,0,0,40.0,0.0,0,2,No n'hi ha,-1.0,3,3,1,0,0,0,0,0,0,0,0,0,0,0,5,-1,1,Atropellament,-1,2,2,5,-1,2,0,2.3,2,3,5,1,11
8662,2014,0,2014-10-30,C-15,SANT PERE DE RIBES,Garraf,3,0,1,0,1,0,0,0,1,0,0,0,0,90.0,0.0,0,3,No n'hi ha,-1.0,3,3,1,0,0,0,0,0,0,0,0,0,0,0,3,-1,0,Caiguda en la via,-1,1,2,4,2,2,1,1.04,2,0,3,30,10
8663,2014,1,2014-06-17,SE,MANRESA,Bages,3,0,1,0,3,0,0,0,0,3,0,0,0,100.0,0.0,0,2,No n'hi ha,-1.0,2,3,1,0,0,0,1,0,0,0,0,0,0,1,2,3,0,Encalç,1,2,0,5,0,1,1,19.3,1,2,1,17,6
8664,2014,0,2014-09-30,C-44,TIVISSA,Ribera d'Ebre,0,1,0,0,2,0,0,0,0,1,1,0,0,100.0,0.0,1,0,No n'hi ha,-1.0,2,3,0,0,0,0,1,0,0,0,0,0,0,0,2,-1,1,Envestida (frontal lateral),-1,1,2,4,2,2,1,10.13,0,2,1,30,9
8665,2014,1,2014-07-04,SE,BARCELONA,Barcelones,3,0,1,0,2,0,0,1,0,1,0,0,0,100.0,0.0,0,-1,No n'hi ha,-1.0,3,3,1,0,0,0,0,0,0,0,0,0,0,0,4,-1,0,Envestida (frontal lateral),-1,2,2,5,-1,2,1,9.55,0,2,4,4,7
8666,2014,0,2014-02-20,C-12,BENIFALLET,Baix Ebre,0,0,1,1,2,0,0,0,0,1,1,0,0,100.0,0.0,0,2,No n'hi ha,-1.0,3,3,1,0,0,0,0,0,0,0,0,0,0,0,2,-1,1,Envestida (frontal lateral),-1,1,2,4,2,2,1,17.22,1,2,3,20,2
8667,2014,0,2014-05-23,C-352,FRANQUESES DEL VALLE,Valles Oriental,3,1,0,0,3,0,1,0,1,0,1,0,0,80.0,0.0,0,1,No n'hi ha,-1.0,3,3,0,0,0,0,0,0,0,0,0,0,0,0,4,-1,1,Altres,-1,1,2,4,2,2,0,17.52,1,5,4,23,5
8668,2014,0,2014-09-17,C-152,"VALL D'EN BAS, LA",Garrotxa,1,0,1,0,1,0,0,0,1,0,0,0,0,100.0,0.0,0,2,No n'hi ha,-1.0,3,3,1,0,0,0,0,0,0,0,0,0,0,0,3,-1,1,Resta sortides de via,-1,1,2,4,2,2,1,22.25,2,1,2,17,9
8669,2014,1,2014-08-09,SE,REUS,Baix Camp,0,0,1,0,2,1,0,1,0,0,0,0,0,100.0,0.0,0,-1,No n'hi ha,-1.0,3,3,1,0,0,0,0,0,0,0,0,0,0,0,4,-1,-1,Atropellament,-1,2,2,5,-1,2,0,13.17,0,3,5,9,8
8670,2014,1,2014-02-27,SE,BARCELONA,Barcelones,3,0,1,0,2,1,0,0,0,1,0,0,0,100.0,0.0,0,-1,No n'hi ha,-1.0,3,3,1,0,0,0,0,0,0,0,0,0,0,1,4,4,0,Atropellament,1,2,2,5,-1,2,1,14.45,1,3,3,27,2
8671,2014,1,2014-06-10,SE,BARCELONA,Barcelones,3,0,1,0,2,0,0,0,1,1,0,0,0,100.0,0.0,0,-1,No n'hi ha,-1.0,3,3,1,0,0,0,0,0,0,0,0,0,0,1,4,3,1,Fregament o col·lisió lateral,2,2,2,5,-1,2,1,8.55,0,2,1,10,6
8672,2014,1,2014-09-03,SE,MANRESA,Bages,3,0,1,0,2,1,0,0,0,1,0,0,0,100.0,0.0,0,2,Carril central,-1.0,3,3,1,0,0,0,0,0,0,0,0,0,0,0,4,-1,0,Atropellament,-1,2,2,5,-1,2,1,19.15,1,3,2,3,9
8673,2014,0,2014-02-03,C-253a,LLAGOSTERA,Girones,1,0,1,2,1,0,0,0,0,1,0,0,0,90.0,0.0,0,1,No n'hi ha,-1.0,3,3,1,0,0,0,0,0,0,0,0,0,0,0,3,-1,1,Altres,-1,1,2,4,2,2,1,21.58,1,5,0,3,2
8674,2014,0,2014-01-07,A-2,CORNELLA DE LLOBREGAT,Baix Llobregat,3,0,1,0,2,0,0,0,1,1,0,0,0,80.0,0.0,0,2,No n'hi ha,-1.0,3,3,1,0,0,1,0,0,0,0,0,0,0,0,5,-1,1,Encalç,-1,1,2,1,1,2,1,18.35,1,2,1,7,1
8675,2014,0,2014-06-30,TV-3403,SANT JAUME D'ENVEJA,Montsia,0,0,2,1,2,0,0,1,0,1,0,0,0,60.0,0.0,0,2,Carril d'alentiment,-1.0,3,3,1,0,0,0,0,0,0,0,0,0,0,1,4,4,1,Envestida (frontal lateral),2,1,2,4,3,2,1,20.12,1,2,0,30,6
8676,2014,1,2014-07-11,SE,BARCELONA,Barcelones,3,0,1,0,2,0,0,0,1,1,0,0,0,100.0,0.0,0,-1,Carril bus,-1.0,3,3,1,0,0,0,0,0,0,0,0,0,0,1,4,5,1,Caiguda en la via,0,2,2,5,-1,2,1,14.42,1,0,4,11,7
8677,2014,1,2014-06-14,SE,BARCELONA,Barcelones,3,0,1,1,2,0,0,0,1,1,0,0,0,100.0,0.0,0,-1,No n'hi ha,-1.0,3,3,1,0,0,0,0,0,0,0,0,0,1,1,5,3,0,Envestida (frontal lateral),2,2,2,5,-1,2,0,23.35,2,2,5,14,6
8678,2014,1,2014-06-19,SE,CUBELLES,Garraf,3,1,0,0,2,1,0,0,0,1,0,0,0,100.0,0.0,0,2,No n'hi ha,-1.0,3,3,0,0,0,0,0,0,0,0,0,0,0,0,4,-1,0,Atropellament,-1,2,2,5,-1,2,1,20.34,1,3,3,19,6
8679,2014,1,2014-10-07,SE,MANLLEU,Osona,3,0,1,0,2,1,0,0,0,1,0,0,0,20.0,0.0,0,2,No n'hi ha,-1.0,3,3,1,-1,0,0,0,-1,0,0,0,0,-1,0,5,-1,1,Atropellament,-1,2,2,5,-1,2,1,20.37,1,3,1,7,10
8680,2014,0,2014-10-07,TP-2031,TARRAGONA,Tarragones,0,0,1,0,2,0,0,0,1,1,0,0,0,40.0,0.0,0,2,No n'hi ha,-1.0,3,3,1,0,0,0,0,0,0,0,0,0,0,1,4,4,1,Encalç,0,1,2,4,3,2,1,14.17,1,2,1,7,10
8681,2014,1,2014-09-06,SE,BADALONA,Barcelones,3,0,1,0,2,0,0,1,0,1,0,0,0,20.0,0.0,0,2,No n'hi ha,-1.0,3,3,1,-1,0,0,0,-1,0,0,0,0,-1,1,1,3,1,Envestida (frontal lateral),2,2,2,5,-1,2,0,7.4,0,2,5,6,9
8682,2014,0,2014-06-25,N-141e,BESCANO,Girones,1,0,1,0,2,0,0,0,1,1,0,0,0,60.0,0.0,0,2,No n'hi ha,0.0,3,3,1,0,0,0,0,0,0,0,0,0,0,0,4,-1,1,Col·lisió frontal,-1,1,2,4,1,2,1,19.14,1,2,2,25,6
8683,2014,0,2014-01-29,C-37,VALLS,Alt Camp,0,0,1,0,3,0,0,0,0,2,1,0,0,100.0,0.0,0,3,No n'hi ha,-1.0,3,3,1,0,0,0,0,0,0,0,0,0,0,0,4,-1,1,Envestida (frontal lateral),-1,1,2,4,2,2,1,13.19,0,2,2,29,1
8684,2014,1,2014-10-01,SE,VIC,Osona,3,0,1,0,2,1,0,0,0,1,0,0,0,100.0,0.0,0,2,No n'hi ha,-1.0,3,3,1,0,0,0,0,0,0,0,0,0,0,0,5,-1,1,Atropellament,-1,2,2,5,-1,2,1,20.0,1,3,2,1,10
8685,2014,1,2014-04-07,SE,MATARO,Maresme,3,0,1,1,1,0,0,0,0,1,0,0,0,20.0,0.0,0,1,No n'hi ha,-1.0,3,3,1,0,0,0,0,0,0,0,0,0,0,0,4,-1,0,Xoc contra objecte/obstacle sense sortida prèvia de via,-1,2,2,5,-1,2,1,9.2,0,4,0,7,4
8686,2014,0,2014-08-28,C-155,LLICA DE VALL,Valles Oriental,3,0,1,0,1,0,0,0,1,0,0,0,0,100.0,0.0,0,2,No n'hi ha,-1.0,3,3,1,0,1,0,0,0,0,0,0,0,0,0,4,-1,1,Caiguda en la via,-1,1,2,4,2,2,1,14.2,1,0,3,28,8
8687,2014,0,2014-07-24,LV-2001,TORREGROSSA,Pla d'Urgell,2,0,1,0,2,0,0,0,1,1,0,0,0,100.0,0.0,0,1,No n'hi ha,-1.0,3,3,1,0,0,0,0,0,0,0,0,0,0,0,4,-1,1,Fregament o col·lisió lateral,-1,1,2,4,3,2,1,12.17,0,2,3,24,7
8688,2014,0,2014-05-30,C-31,VILANOVA I LA GELTRU,Garraf,3,0,1,3,2,0,0,0,0,2,0,0,0,90.0,0.0,0,-1,Sense Especificar,-1.0,3,3,1,0,0,0,0,0,0,0,0,0,0,0,4,-1,-1,Encalç,-1,1,2,4,4,2,0,19.28,1,2,4,30,5
8689,2014,0,2014-02-04,C-245,CORNELLA DE LLOBREGAT,Baix Llobregat,3,0,1,0,2,0,1,0,0,1,0,0,0,80.0,0.0,0,2,No n'hi ha,-1.0,3,3,1,0,0,0,0,0,0,0,0,0,0,0,4,-1,1,Encalç,-1,1,2,4,2,2,1,9.48,0,2,1,4,2
8690,2014,1,2014-04-11,SE,BARCELONA,Barcelones,3,0,1,1,2,0,0,0,2,0,0,0,0,100.0,0.0,0,-1,No n'hi ha,-1.0,3,3,1,0,0,0,0,0,0,0,0,0,0,0,4,-1,1,Encalç,-1,2,2,5,-1,2,1,13.15,0,2,4,11,4
8691,2014,1,2014-05-04,SE,"MASNOU, EL",Maresme,3,0,1,0,2,1,0,0,0,1,0,0,0,20.0,0.0,0,-1,No n'hi ha,-1.0,3,3,1,0,0,0,0,0,0,0,0,0,0,0,0,-1,-1,Atropellament,-1,2,2,5,-1,2,0,6.45,0,3,6,4,5
8692,2014,1,2014-05-15,SE,CASTELL-PLATJA D'ARO,Baix Emporda,1,0,1,0,2,0,0,0,1,1,0,0,0,100.0,0.0,0,2,No n'hi ha,-1.0,3,3,1,0,0,0,0,0,0,0,0,0,0,0,4,-1,1,Encalç,-1,2,2,5,-1,2,1,11.2,0,2,3,15,5
8693,2014,1,2014-07-11,SE,SABADELL,Valles Occidental,3,0,1,0,2,1,0,0,1,0,0,0,0,100.0,0.0,0,-1,No n'hi ha,-1.0,3,3,1,0,0,0,0,0,0,0,0,0,1,0,4,-1,-1,Atropellament,-1,2,2,5,-1,2,1,13.26,0,3,4,11,7
8694,2014,0,2014-06-20,C-26,"SENTIU DE SIO, LA",Noguera,2,0,1,0,1,0,0,0,0,1,0,0,0,100.0,0.0,0,2,No n'hi ha,-1.0,3,3,1,0,0,0,0,0,0,0,0,0,0,0,4,-1,1,Resta sortides de via,-1,1,2,4,2,2,0,17.2,1,1,4,20,6
8695,2014,1,2014-01-19,SE,SANT ADRIA DE BESOS,Barcelones,3,0,1,0,2,0,0,0,1,1,0,0,0,20.0,0.0,0,2,No n'hi ha,-1.0,2,3,1,-1,0,0,0,0,0,0,0,0,0,1,5,3,1,Envestida (frontal lateral),2,2,0,5,-1,1,0,18.25,1,2,6,19,1
8696,2014,1,2014-03-04,SE,MATARO,Maresme,3,0,1,1,2,0,0,0,0,2,0,0,0,20.0,0.0,0,1,No n'hi ha,-1.0,3,3,1,-1,0,0,0,-1,0,0,0,0,-1,1,5,5,1,Envestida (frontal lateral),2,2,2,5,-1,2,1,20.35,1,2,1,4,3
8697,2014,0,2014-01-03,T-314,RIUDOMS,Baix Camp,0,1,0,1,2,0,0,0,1,1,0,0,0,100.0,0.0,0,2,No n'hi ha,-1.0,3,3,0,0,0,0,0,0,0,0,0,0,0,0,4,-1,1,Col·lisió frontal,-1,1,2,4,3,2,0,16.2,1,2,4,3,1
8698,2014,0,2014-11-18,C-12,GINESTAR,Ribera d'Ebre,0,0,1,2,2,0,0,0,0,2,0,0,0,100.0,0.0,0,2,No n'hi ha,-1.0,3,3,1,0,0,0,0,0,0,0,0,0,0,1,4,4,1,Envestida (frontal lateral),0,1,2,4,2,2,1,17.2,1,2,1,18,11
8699,2014,0,2014-09-13,C-53,PENELLES,Noguera,2,0,2,0,2,0,0,0,0,2,0,0,0,100.0,0.0,0,2,No n'hi ha,-1.0,3,3,1,0,0,0,0,0,0,0,0,0,0,1,4,4,1,Envestida (frontal lateral),0,1,2,4,2,2,0,11.42,0,2,5,13,9
8700,2014,1,2014-09-11,SE,CORBERA DE LLOBREGAT,Baix Llobregat,3,0,1,0,1,0,0,0,1,0,0,0,0,100.0,0.0,0,-1,No n'hi ha,-1.0,3,3,1,0,0,0,0,0,0,0,0,0,0,0,4,-1,-1,Caiguda en la via,-1,2,2,5,-1,2,1,20.0,1,0,3,11,9
8701,2014,1,2014-08-15,SE,BLANES,Selva,1,0,1,0,2,0,0,0,1,1,0,0,0,100.0,0.0,0,-1,No n'hi ha,-1.0,3,3,1,0,0,0,0,0,0,0,0,0,0,0,4,-1,-1,Envestida (frontal lateral),-1,2,2,5,-1,2,0,16.2,1,2,4,15,8
8702,2014,1,2014-08-17,SE,MATARO,Maresme,3,0,1,4,2,0,0,0,0,2,0,0,0,20.0,0.0,0,-1,No n'hi ha,-1.0,3,3,1,0,0,0,0,0,0,0,0,0,0,1,4,2,-1,Envestida (frontal lateral),1,2,2,5,-1,2,0,12.15,0,2,6,17,8
8703,2014,0,2014-03-22,N-240,VINAIXA,Garrigues,2,0,1,0,1,0,0,0,0,1,0,0,0,90.0,0.0,0,-1,No n'hi ha,-1.0,3,3,1,-1,-1,0,0,-1,0,0,0,0,0,0,4,-1,-1,Sortida de via amb xoc o col·lisió,-1,1,2,4,-1,2,0,9.52,0,1,5,22,3
8704,2014,1,2014-07-02,SE,BARCELONA,Barcelones,3,0,1,0,2,1,0,0,0,1,0,0,0,100.0,0.0,0,-1,No n'hi ha,-1.0,3,3,1,0,0,0,0,0,0,0,0,0,0,1,4,2,0,Atropellament,1,2,2,5,-1,2,1,14.3,1,3,2,2,7
8705,2014,0,2014-04-05,BV-5105,"ROCA DEL VALLES, LA",Valles Oriental,3,0,1,0,2,0,1,0,0,1,0,0,0,60.0,0.0,0,2,Carril acceleració,-1.0,3,3,1,0,0,0,0,0,0,0,0,0,0,0,4,-1,1,Encalç,-1,1,2,4,3,2,0,11.48,0,2,5,5,4
8706,2014,1,2014-06-13,SE,VILADECANS,Baix Llobregat,3,0,1,0,2,1,0,0,0,1,0,0,0,20.0,0.0,0,2,No n'hi ha,-1.0,3,3,1,-1,0,0,0,-1,0,0,0,0,0,1,4,2,1,Atropellament,0,2,2,5,-1,2,1,13.0,0,3,4,13,6
8707,2014,0,2014-06-01,C-246a,SITGES,Garraf,3,0,1,0,1,0,1,0,0,0,0,0,0,90.0,0.0,0,-1,Sense Especificar,-1.0,3,3,1,0,0,0,0,0,0,0,0,0,0,0,4,-1,-1,Altres,-1,1,2,4,4,2,0,12.46,0,5,6,1,6
8708,2014,1,2014-07-21,SE,BARCELONA,Barcelones,3,1,0,0,2,0,0,0,1,1,0,0,0,100.0,0.0,0,-1,No n'hi ha,-1.0,3,3,0,0,0,0,0,0,0,0,0,0,0,1,4,2,1,Encalç,1,2,2,5,-1,2,1,18.2,1,2,0,21,7
8709,2014,1,2014-03-13,SE,LLORET DE MAR,Selva,1,0,1,0,2,0,0,0,1,1,0,0,0,100.0,0.0,0,3,No n'hi ha,-1.0,3,3,1,0,1,0,0,0,0,0,0,0,0,0,4,-1,1,Col·lisió frontal,-1,2,2,5,-1,2,1,9.25,0,2,3,13,3
8710,2014,1,2014-04-04,SE,HOSPITALET DE LLOBREGAT,Barcelones,3,0,1,0,2,0,1,0,1,0,0,0,0,20.0,0.0,0,2,No n'hi ha,-1.0,3,3,1,-1,0,0,0,-1,0,0,0,0,0,0,4,-1,1,Fregament o col·lisió lateral,-1,2,2,5,-1,2,1,8.2,0,2,4,4,4
8711,2014,0,2014-01-06,A-7,MONT-ROIG DEL CAMP,Baix Camp,0,0,1,2,2,0,0,0,0,2,0,0,0,120.0,0.0,0,-1,Sense Especificar,-1.0,3,3,1,0,0,0,0,0,0,0,0,0,0,0,4,-1,-1,Envestida (frontal lateral),-1,1,2,1,4,2,1,17.09,1,2,0,6,1
8712,2014,1,2014-06-21,SE,MANRESA,Bages,3,0,1,0,2,0,1,0,0,1,0,0,0,100.0,0.0,0,1,No n'hi ha,-1.0,3,3,1,0,0,0,0,0,0,0,0,0,0,1,4,4,1,Envestida (frontal lateral),1,2,2,5,0,2,0,19.1,1,2,5,21,6
8713,2014,0,2014-10-03,SE,SANTA MARIA D'OLO,Moianès,3,0,1,0,2,0,1,0,0,1,0,0,0,40.0,0.0,0,1,No n'hi ha,-1.0,3,3,1,0,0,0,0,0,0,0,0,0,0,0,2,-1,1,Col·lisió frontal,-1,1,3,0,4,2,0,17.46,1,2,4,3,10
8714,2014,0,2014-01-04,C-58,TERRASSA,Valles Occidental,3,0,2,1,2,0,0,0,0,2,0,0,0,100.0,0.0,0,1,No n'hi ha,-1.0,1,3,1,0,0,0,1,0,0,0,0,0,0,0,2,-1,1,Col·lisió frontal,-1,1,2,4,2,2,0,15.15,1,2,5,4,1
8715,2014,0,2014-01-21,C-35,SANT FELIU DE BUIXALLEU,Selva,1,1,0,0,4,1,0,0,0,3,0,0,0,100.0,0.0,0,2,No n'hi ha,-1.0,3,3,0,0,0,0,0,0,0,0,0,0,0,0,3,-1,1,Atropellament,-1,1,2,4,2,2,1,22.22,2,3,1,21,1
8716,2014,1,2014-03-22,SE,BADALONA,Barcelones,3,0,1,2,3,2,0,0,1,0,0,0,0,20.0,0.0,0,-1,No n'hi ha,-1.0,3,3,1,0,0,0,0,0,0,0,0,0,0,1,4,3,-1,Atropellament,2,2,2,5,-1,2,0,15.4,1,3,5,22,3
8717,2014,1,2014-12-19,C-59,MOIA,Moianès,3,0,1,0,2,1,0,0,0,0,1,0,0,50.0,0.0,1,-1,No n'hi ha,-1.0,3,3,1,0,0,0,0,-1,0,0,0,0,0,0,2,-1,1,Caiguda en la via,-1,0,1,4,2,2,1,9.15,0,0,4,19,12
8718,2014,1,2014-01-31,C-246a,VILANOVA I LA GELTRU,Garraf,3,0,1,0,2,1,0,0,0,1,0,0,0,100.0,0.0,0,-1,No n'hi ha,-1.0,3,3,1,0,0,0,0,0,0,0,0,0,0,0,4,-1,-1,Atropellament,-1,0,2,4,-1,2,1,6.15,0,3,4,31,1
8719,2014,1,2014-10-02,SE,RIPOLLET,Valles Occidental,3,1,0,0,1,0,1,0,0,0,0,0,0,20.0,0.0,0,2,No n'hi ha,-1.0,3,3,0,-1,0,0,0,-1,0,0,0,0,-1,0,4,-1,1,Caiguda en la via,-1,2,2,5,-1,2,1,18.2,1,0,3,2,10
8720,2014,1,2014-03-01,SE,HOSPITALET DE LLOBREGAT,Barcelones,3,0,1,0,2,0,0,0,1,1,0,0,0,20.0,0.0,0,-1,No n'hi ha,-1.0,3,3,1,-1,0,0,0,-1,0,0,0,0,-1,1,4,4,0,Envestida (frontal lateral),2,2,2,5,-1,2,0,14.47,1,2,5,1,3
8721,2014,1,2014-04-10,SE,HOSPITALET DE LLOBREGAT,Barcelones,3,0,1,0,2,0,0,0,1,1,0,0,0,20.0,0.0,0,-1,No n'hi ha,-1.0,3,3,1,-1,0,0,0,-1,0,0,0,0,-1,0,4,-1,0,Encalç,-1,2,2,5,-1,2,1,8.1,0,2,3,10,4
8722,2014,1,2014-08-29,SE,VILANOVA I LA GELTRU,Garraf,3,0,1,0,2,0,0,1,1,0,0,0,0,100.0,0.0,0,-1,No n'hi ha,-1.0,3,3,1,0,0,0,0,0,0,0,0,0,0,0,4,-1,-1,Altres,-1,2,2,5,-1,2,0,20.0,1,5,4,29,8
8723,2014,0,2014-04-01,N-260,VILAFANT,Alt Emporda,1,0,1,0,1,0,0,0,0,0,1,0,0,80.0,0.0,0,3,No n'hi ha,-1.0,3,3,1,0,0,0,0,0,0,0,0,0,0,0,4,-1,1,Resta sortides de via,-1,1,2,4,1,2,1,14.53,1,1,1,1,4
8724,2014,1,2014-04-27,SE,PONT DE VILOMARA I R,Bages,3,0,1,0,2,1,0,0,0,1,0,0,0,20.0,0.0,0,-1,Sense Especificar,-1.0,3,3,1,0,0,0,0,0,0,0,0,0,0,0,4,-1,1,Atropellament,-1,2,2,5,-1,2,0,19.14,1,3,6,27,4
8725,2014,1,2014-04-08,SE,SABADELL,Valles Occidental,3,0,1,0,2,0,0,0,1,1,0,0,0,100.0,0.0,0,2,No n'hi ha,-1.0,3,3,1,0,0,0,0,0,0,0,0,0,0,1,5,3,1,Envestida (frontal lateral),2,2,2,5,-1,2,1,20.53,1,2,1,8,4
8726,2014,1,2014-09-29,SE,BADALONA,Barcelones,3,0,1,0,1,0,1,0,0,0,0,0,0,20.0,0.0,0,2,No n'hi ha,-1.0,3,3,1,-1,0,0,0,-1,0,0,0,0,-1,0,4,-1,1,Caiguda en la via,-1,2,2,5,-1,2,1,12.45,0,0,0,29,9
8727,2014,0,2014-02-15,C-55,MANRESA,Bages,3,1,0,0,1,0,0,0,1,0,0,0,0,100.0,0.0,0,0,No n'hi ha,-1.0,3,3,0,0,0,0,0,0,0,0,0,0,0,0,4,-1,1,Caiguda en la via,-1,1,2,4,2,2,0,14.25,1,0,5,15,2
8728,2014,0,2014-01-11,BV-2212,ARGENCOLA,Anoia,3,0,1,0,1,0,1,0,0,0,0,0,0,90.0,0.0,0,-1,Sense Especificar,-1.0,3,3,1,0,0,0,0,0,0,0,0,0,0,0,4,-1,-1,Altres,-1,1,2,4,4,2,0,8.52,0,5,5,11,1
8729,2014,0,2014-02-23,N-II,"MASNOU, EL",Maresme,3,0,1,0,2,0,0,1,0,1,0,0,0,50.0,0.0,0,2,No n'hi ha,-1.0,3,3,1,0,0,0,0,0,1,0,0,0,0,0,1,-1,1,Encalç,-1,1,2,4,4,2,0,18.0,1,2,6,23,2