,Year,Area,Date,Road,Municipality Name,County Name,Province Name,Fatalties,Serious Injuries,Light Injuries,Units Involved,Pedestrains Involved,Bicycles Involved,Mopeds Involved,Motorcycles,Light Vehicles Involved,Heavy Vehicles Involved,Other Units Involved,Unspecified Units Involved,Road Speed Limit,Accident with Hit and Run,Fog Presence,Surrounding Environment,Special Lane Presence,Special Traffic Measures,Weather Conditions,Special Road Functions,Severity of Accident,Influence of Fog,Influence of Environment,Influence of Traffic,Influence of Weather,Influence of Wind Intensity,Influence of Lighting,Influence of Special Measures,Influence of Road Objects,Influence of Road Surface,Influence of Visibility,Intersection Characteristics,Lighting Conditions,Traffic Regulation and Priority,Direction of Road,Subtype of Accident,Subtype of Road Section,Subzone within Area,Road Surface Conditions,Type of Road,Road Ownership,Wind Conditions,Day of the Week Grouping,Hour of Day,Time of Day Grouping,Type of Accident,Day Type,Day,Month
8730,2014,0,2014-07-01,B-210,VILADECANS,Baix Llobregat,3,0,1,0,2,0,1,0,0,1,0,0,0,40.0,0.0,0,2,No n'hi ha,-1.0,3,3,1,0,0,0,0,0,0,0,0,0,0,1,4,4,0,Envestida (frontal lateral),0,1,2,4,3,2,1,19.03,1,2,1,1,7
8731,2014,1,2014-11-22,SE,SANT JOAN DE VILATOR,Bages,3,0,2,0,3,2,0,0,0,1,0,0,0,100.0,0.0,0,2,No n'hi ha,-1.0,3,3,1,0,0,0,0,0,0,0,0,0,0,2,4,4,1,Atropellament,2,2,2,5,-1,2,0,17.0,1,3,5,22,11
8732,2014,1,2014-08-05,SE,CASTELLO D'EMPURIES,Alt Emporda,1,0,1,1,2,0,0,1,0,1,0,0,0,100.0,0.0,0,2,Carril central,-1.0,3,3,1,0,0,0,0,0,0,0,0,0,0,1,4,4,1,Col·lisió frontal,3,2,2,5,0,2,1,12.0,0,2,1,5,8
8733,2014,1,2014-09-03,SE,CASTELLDEFELS,Baix Llobregat,3,0,1,1,2,0,2,0,0,0,0,0,0,30.0,0.0,0,2,Carril bici,-1.0,3,3,1,0,0,0,0,0,0,0,0,0,0,0,4,-1,1,Caiguda en la via,-1,2,3,5,-1,2,1,12.0,0,0,2,3,9
8734,2014,1,2014-10-28,SE,SALOU,Tarragones,0,0,1,0,1,0,0,1,0,0,0,0,0,100.0,0.0,0,2,No n'hi ha,-1.0,3,3,1,0,0,0,0,0,0,0,0,0,0,1,4,-1,1,Resta sortides de via,0,2,2,5,-1,2,1,8.3,0,1,1,28,10
8735,2014,0,2014-07-10,C-245,SANT BOI DE LLOBREGAT,Baix Llobregat,3,0,1,2,2,1,0,1,0,0,0,0,0,100.0,0.0,0,2,No n'hi ha,-1.0,3,3,1,0,0,0,0,0,0,0,0,0,0,2,5,3,1,Atropellament,0,1,2,4,0,2,1,23.35,2,3,3,10,7
8736,2014,1,2014-02-02,SE,PONTS,Noguera,2,0,1,0,2,1,0,0,0,1,0,0,0,100.0,0.0,0,2,No n'hi ha,-1.0,3,3,1,0,0,0,0,0,1,0,0,0,0,0,4,-1,1,Atropellament,-1,2,2,5,-1,2,0,10.43,0,3,6,2,2
8737,2014,1,2014-01-19,SE,LLICA D'AMUNT,Valles Oriental,3,0,2,3,2,0,0,0,0,2,0,0,0,100.0,0.0,0,2,No n'hi ha,-1.0,3,3,1,0,0,0,0,0,0,0,0,0,0,0,4,-1,1,Col·lisió frontal,-1,2,2,5,-1,2,0,13.41,0,2,6,19,1
8738,2014,1,2014-04-09,SE,HOSPITALET DE LLOBREGAT,Barcelones,3,0,1,0,2,0,0,0,1,1,0,0,0,20.0,0.0,0,2,No n'hi ha,-1.0,3,3,1,-1,0,0,0,-1,0,0,0,0,0,0,4,-1,0,Encalç,-1,2,2,5,-1,2,1,15.17,1,2,2,9,4
8739,2014,1,2014-01-11,SE,CASTELLAR DEL VALLES,Valles Occidental,3,0,1,0,3,0,0,1,0,2,0,0,0,20.0,0.0,0,2,No n'hi ha,-1.0,3,3,1,-1,0,0,0,-1,0,0,0,0,-1,1,4,5,1,Envestida (frontal lateral),1,2,2,5,-1,2,0,17.0,1,2,5,11,1
8740,2014,1,2014-01-22,SE,MANRESA,Bages,3,0,1,0,2,1,0,0,0,1,0,0,0,100.0,0.0,0,2,No n'hi ha,-1.0,3,3,1,0,0,0,0,0,0,0,0,0,0,0,4,-1,0,Atropellament,-1,2,2,5,-1,2,1,10.25,0,3,2,22,1
8741,2014,0,2014-03-19,BV-1212,VACARISSES,Valles Occidental,3,1,0,0,1,0,0,0,1,0,0,0,0,100.0,0.0,0,-1,No n'hi ha,-1.0,3,3,0,0,0,0,0,0,0,0,0,0,0,0,4,-1,-1,Resta sortides de via,-1,1,2,4,-1,2,1,19.01,1,1,2,19,3
8742,2014,1,2014-03-28,SE,TERRASSA,Valles Occidental,3,0,1,0,2,0,0,0,1,1,0,0,0,100.0,0.0,0,-1,No n'hi ha,-1.0,3,3,1,0,0,0,0,0,0,0,0,0,0,0,4,-1,-1,Caiguda en la via,-1,2,2,5,-1,2,0,18.3,1,0,4,28,3
8743,2014,1,2014-07-24,SE,BANYOLES,Pla de l'Estany,1,0,1,0,2,0,0,0,1,1,0,0,0,20.0,0.0,0,2,No n'hi ha,-1.0,3,3,1,-1,0,0,0,-1,0,0,0,0,-1,1,5,4,0,Envestida (frontal lateral),0,2,2,5,-1,2,1,23.3,2,2,3,24,7
8744,2014,0,2014-02-13,BV-5001,MONTORNES DEL VALLES,Valles Oriental,3,0,1,0,2,0,0,1,0,1,0,0,0,100.0,0.0,0,2,No n'hi ha,-1.0,3,3,1,0,0,0,0,0,0,0,0,0,0,0,3,-1,1,Altres,-1,1,2,4,3,2,1,19.37,1,5,3,13,2
8745,2014,0,2014-07-05,BV-2421,"PALMA DE CERVELLO, LA",Baix Llobregat,3,0,1,2,2,0,0,0,0,2,0,0,0,100.0,0.0,0,1,No n'hi ha,-1.0,3,3,1,0,0,0,0,0,0,0,0,0,0,0,4,-1,1,Col·lisió frontal,-1,1,2,4,2,2,0,16.22,1,2,5,5,7
8746,2014,0,2014-10-25,GI-682,LLORET DE MAR,Selva,1,0,6,0,2,0,0,0,0,2,0,0,0,100.0,0.0,0,1,No n'hi ha,-1.0,3,3,1,0,0,0,0,0,0,0,0,0,0,0,3,-1,1,Col·lisió frontal,-1,1,2,4,3,2,0,22.37,2,2,5,25,10
8747,2014,1,2014-05-06,SE,SABADELL,Valles Occidental,3,0,1,0,2,0,0,0,1,1,0,0,0,100.0,0.0,0,3,No n'hi ha,-1.0,3,3,1,0,0,0,0,0,0,0,0,0,0,0,4,-1,1,Envestida (frontal lateral),-1,2,2,5,-1,2,1,7.53,0,2,1,6,5
8748,2014,1,2014-05-10,SE,BARCELONA,Barcelones,3,0,1,1,2,0,0,0,2,0,0,0,0,30.0,0.0,0,-1,No n'hi ha,-1.0,3,3,1,0,0,0,0,0,0,0,0,0,0,1,5,3,0,Envestida (frontal lateral),2,2,2,5,-1,2,0,21.35,1,2,5,10,5
8749,2014,1,2014-11-05,SE,HOSPITALET DE LLOBREGAT,Barcelones,3,0,1,0,3,0,0,0,1,2,0,0,0,20.0,0.0,0,2,No n'hi ha,-1.0,3,3,1,-1,0,0,0,-1,0,0,0,0,-1,0,1,-1,0,Envestida (frontal lateral),-1,2,2,5,-1,2,1,18.45,1,2,2,5,11
8750,2014,0,2014-05-02,N-230,VILAMOS,Val d'Aran,2,0,2,0,2,0,0,0,0,1,1,0,0,100.0,0.0,0,1,No n'hi ha,-1.0,1,3,1,0,0,0,0,0,0,0,0,0,0,0,2,-1,1,Fregament o col·lisió lateral,-1,1,2,4,1,1,1,10.51,0,2,4,2,5
8751,2014,1,2014-11-08,SE,GIRONA,Girones,1,0,1,1,1,0,0,0,0,1,0,0,0,30.0,0.0,0,2,No n'hi ha,-1.0,3,3,1,0,0,0,0,0,0,0,0,0,0,0,5,-1,1,Altres,-1,2,2,5,-1,2,0,0.26,2,5,5,8,11
8752,2014,1,2014-11-29,SE,CASTELLDEFELS,Baix Llobregat,3,0,1,0,2,0,0,0,0,2,0,0,0,100.0,0.0,0,2,No n'hi ha,-1.0,1,3,1,0,0,0,1,0,0,0,0,0,0,0,2,-1,1,Envestida (frontal lateral),-1,2,2,5,-1,2,0,14.0,1,2,5,29,11
8753,2014,0,2014-07-21,N-IIa,SANTA LLOGAIA D'ALGUEMA,Alt Emporda,1,0,1,0,2,0,0,0,1,1,0,0,0,40.0,0.0,0,2,No n'hi ha,-1.0,3,3,1,0,0,0,0,0,0,0,0,0,0,0,4,-1,1,Fregament o col·lisió lateral,-1,1,2,4,1,2,1,8.08,0,2,0,21,7
8754,2014,1,2014-04-16,GI-612,LLANCA,Alt Emporda,1,0,1,0,2,0,0,0,1,1,0,0,0,50.0,0.0,0,3,No n'hi ha,-1.0,3,3,1,0,0,0,0,0,0,0,0,0,0,1,4,5,1,Fregament o col·lisió lateral,1,0,2,4,3,2,1,18.29,1,2,2,16,4
8755,2014,1,2014-12-17,SE,MANRESA,Bages,3,0,1,0,1,0,0,0,1,0,0,0,0,20.0,0.0,0,-1,No n'hi ha,-1.0,3,3,1,0,0,0,0,0,0,0,0,0,0,0,4,-1,-1,Caiguda en la via,-1,2,2,5,-1,2,1,10.47,0,0,2,17,12
8756,2014,0,2014-02-01,C-55,NAVAS,Bages,3,0,1,3,2,0,0,0,0,2,0,0,0,90.0,0.0,0,0,No n'hi ha,-1.0,1,3,1,0,0,0,1,0,0,0,0,0,0,0,2,-1,1,Col·lisió frontal,-1,1,2,4,2,2,0,16.22,1,2,5,1,2
8757,2014,1,2014-11-27,SE,MOLINS DE REI,Baix Llobregat,3,0,1,0,2,0,0,0,1,1,0,0,0,20.0,0.0,0,-1,No n'hi ha,-1.0,1,3,1,-1,-1,1,0,-1,0,0,0,0,0,0,5,-1,0,Envestida (frontal lateral),-1,2,0,5,-1,2,1,19.45,1,2,3,27,11
8758,2014,1,2014-12-12,SE,SABADELL,Valles Occidental,3,0,1,0,2,1,0,0,0,1,0,0,0,30.0,0.0,0,2,No n'hi ha,-1.0,3,3,1,0,0,0,0,0,0,0,0,0,0,0,5,-1,0,Atropellament,-1,2,2,5,-1,2,0,21.3,1,3,4,12,12
8759,2014,1,2014-07-01,SE,TERRASSA,Valles Occidental,3,0,1,0,2,0,0,0,1,1,0,0,0,100.0,0.0,0,-1,No n'hi ha,-1.0,3,3,1,0,0,0,0,0,0,0,0,0,0,0,4,-1,-1,Altres,-1,2,2,5,-1,2,1,13.2,0,5,1,1,7
8760,2014,0,2014-05-07,B-140,BARBERA DEL VALLES,Valles Occidental,3,1,0,1,2,0,0,0,0,2,0,0,0,60.0,0.0,0,2,No n'hi ha,-1.0,3,3,0,0,0,0,0,0,0,0,0,0,0,1,4,1,1,Envestida (frontal lateral),1,1,2,4,3,2,1,12.01,0,2,2,7,5
8761,2014,1,2014-02-11,SE,VILADECANS,Baix Llobregat,3,0,1,0,2,0,0,0,1,1,0,0,0,30.0,0.0,0,2,No n'hi ha,-1.0,3,3,1,-1,0,0,0,-1,0,0,0,0,-1,1,4,4,1,Envestida (frontal lateral),0,2,2,5,-1,2,1,7.43,0,2,1,11,2
8762,2014,0,2014-06-26,C-35,SANT FELIU DE BUIXALLEU,Selva,1,0,1,0,2,1,0,0,0,1,0,0,0,100.0,0.0,0,2,No n'hi ha,-1.0,3,3,1,0,0,0,0,0,0,0,0,0,0,1,4,5,1,Atropellament,3,1,2,4,2,2,1,18.24,1,3,3,26,6
8763,2014,1,2014-06-14,SE,GIRONA,Girones,1,0,1,0,2,0,0,0,1,1,0,0,0,100.0,1.0,0,2,No n'hi ha,-1.0,3,3,1,0,0,0,0,0,0,0,0,0,0,0,5,-1,1,Caiguda en la via,-1,2,2,5,-1,2,0,23.05,2,0,5,14,6
8764,2014,1,2014-02-12,SE,BARCELONA,Barcelones,3,0,1,0,2,0,0,0,1,0,1,0,0,100.0,0.0,0,-1,No n'hi ha,-1.0,3,3,1,0,0,0,0,0,0,0,0,0,0,1,4,3,1,Envestida (frontal lateral),2,2,2,5,-1,2,1,12.5,0,2,2,12,2
8765,2014,0,2014-03-23,C-462,LLADURS,Solsones,2,0,1,0,1,0,0,0,1,0,0,0,0,50.0,0.0,0,2,No n'hi ha,-1.0,3,3,1,-1,0,0,0,0,0,0,0,0,0,0,4,-1,1,Sortida de via amb xoc o col·lisió,-1,1,2,4,2,1,0,11.56,0,1,6,23,3
8766,2014,1,2014-03-05,SE,SABADELL,Valles Occidental,3,0,1,0,2,1,0,0,0,1,0,0,0,30.0,0.0,0,2,No n'hi ha,-1.0,3,3,1,0,0,0,0,0,0,0,0,0,0,0,5,-1,1,Atropellament,-1,2,2,5,-1,2,1,21.18,1,3,2,5,3
8767,2014,1,2014-02-07,SE,BARCELONA,Barcelones,3,0,1,0,2,1,0,0,0,0,0,1,0,30.0,0.0,0,-1,No n'hi ha,-1.0,3,3,1,0,0,0,0,0,0,0,0,0,0,0,4,-1,1,Atropellament,-1,2,2,5,-1,2,1,12.25,0,3,4,7,2
8768,2014,1,2014-10-13,SE,SABADELL,Valles Occidental,3,0,1,0,2,1,0,0,0,1,0,0,0,20.0,,0,-1,No n'hi ha,-1.0,3,3,1,-1,-1,0,0,-1,0,0,0,0,0,0,4,-1,-1,Atropellament,-1,2,2,5,-1,2,1,12.3,0,3,0,13,10
8769,2015,0,2015-02-13,B-10,SANT ADRIA DE BESOS,Barcelones,3,1,0,0,2,0,0,0,1,0,1,0,0,100.0,0.0,0,-1,No n'hi ha,-1.0,3,3,0,0,0,0,0,0,0,0,0,0,0,0,4,-1,-1,Caiguda en la via,-1,1,2,1,-1,2,1,14.15,1,0,4,13,2
8770,2015,1,2015-06-06,SE,MATARO,Maresme,3,0,1,0,2,1,0,0,0,1,0,0,0,20.0,0.0,0,-1,No n'hi ha,-1.0,3,3,1,0,0,0,0,0,0,0,0,0,0,1,4,2,-1,Atropellament,2,2,2,5,0,2,0,9.3,0,3,5,6,6
8771,2015,0,2015-03-10,C-260,ROSES,Alt Emporda,1,0,1,0,1,0,0,0,0,1,0,0,0,40.0,0.0,0,2,No n'hi ha,-1.0,3,3,1,0,0,0,0,0,0,0,0,0,0,1,4,4,1,Resta sortides de via,0,1,2,4,3,2,1,11.53,0,1,1,10,3
8772,2015,1,2015-04-15,SE,BARCELONA,Barcelones,3,1,0,0,3,0,0,0,1,2,0,0,0,100.0,0.0,0,-1,No n'hi ha,-1.0,3,3,0,0,0,0,0,0,0,0,0,0,0,1,4,3,0,Xoc contra objecte/obstacle sense sortida prèvia de via,2,2,2,5,-1,2,1,12.2,0,4,2,15,4
8773,2015,1,2015-03-19,SE,"PRAT DE LLOBREGAT, E",Baix Llobregat,3,0,1,0,2,0,1,0,0,1,0,0,0,50.0,0.0,0,2,No n'hi ha,-1.0,3,3,1,0,0,0,0,0,0,0,0,0,0,1,4,4,0,Envestida (frontal lateral),0,0,2,5,1,2,1,17.08,1,2,3,19,3
8774,2015,0,2015-03-31,C-32,VILASSAR DE DALT,Maresme,3,0,1,1,3,0,0,0,1,2,0,0,0,100.0,0.0,0,1,No n'hi ha,-1.0,3,3,1,0,0,0,0,0,0,0,0,0,0,0,5,-1,0,Encalç,-1,1,2,2,2,2,1,21.02,1,2,1,31,3
8775,2015,1,2015-01-21,SE,BARCELONA,Barcelones,3,0,1,0,2,0,1,0,0,0,1,0,0,100.0,0.0,0,-1,Carril bus,-1.0,3,3,1,0,0,0,0,0,0,0,0,0,0,1,5,3,1,Envestida (frontal lateral),2,2,2,5,-1,2,1,20.3,1,2,2,21,1
8776,2015,0,2015-03-21,AP-7,MASDENVERGE,Montsia,0,0,4,1,2,0,0,0,0,1,1,0,0,100.0,0.0,0,1,No n'hi ha,-1.0,2,3,1,0,0,0,1,0,0,0,0,0,0,0,3,-1,1,Resta sortides de via,-1,1,2,2,1,1,0,5.45,2,1,5,21,3
8777,2015,1,2015-12-09,SE,BARCELONA,Barcelones,3,0,1,0,2,1,0,0,0,1,0,0,0,30.0,0.0,0,-1,No n'hi ha,-1.0,3,3,1,0,0,0,0,0,0,0,0,0,0,0,4,-1,0,Atropellament,-1,2,2,5,-1,2,1,15.3,1,3,2,9,12
8778,2015,0,2015-07-17,T-331,SANTA BARBARA,Montsia,0,0,1,0,2,0,0,0,1,1,0,0,0,50.0,0.0,0,2,No n'hi ha,-1.0,3,3,1,0,0,0,0,0,0,0,0,0,0,2,4,4,1,Envestida (frontal lateral),0,1,2,4,2,2,1,9.08,0,2,4,17,7
8779,2015,1,2015-11-27,SE,BARCELONA,Barcelones,3,0,1,1,2,1,0,0,1,0,0,0,0,100.0,0.0,0,-1,No n'hi ha,-1.0,3,3,1,0,0,0,0,0,0,0,0,0,0,0,4,-1,1,Atropellament,-1,2,2,5,-1,2,1,8.25,0,3,4,27,11
8780,2015,0,2015-11-19,T-750,PERAFORT,Tarragones,0,1,1,0,2,0,0,0,1,1,0,0,0,100.0,0.0,0,3,No n'hi ha,-1.0,3,3,0,0,0,0,0,0,0,0,0,0,0,0,4,-1,1,Col·lisió frontal,-1,1,2,4,3,2,1,15.02,1,2,3,19,11
8781,2015,0,2015-10-17,LL-11,"ALAMUS, ELS",Segria,2,0,1,0,2,1,0,0,0,1,0,0,0,100.0,0.0,0,-1,No n'hi ha,-1.0,3,3,1,0,0,0,0,0,0,0,0,0,0,0,4,-1,1,Atropellament,-1,1,2,4,0,2,0,7.27,0,3,5,17,10
8782,2015,1,2015-06-11,SE,OLESA DE MONTSERRAT,Baix Llobregat,3,0,1,0,2,0,0,0,1,1,0,0,0,100.0,0.0,0,2,No n'hi ha,-1.0,3,3,1,0,0,0,0,0,0,0,0,0,0,1,4,4,0,Envestida (frontal lateral),2,2,2,5,-1,2,1,13.0,0,2,3,11,6
8783,2015,1,2015-09-18,C-1411,CASSERRES,Bergueda,3,0,1,0,2,1,0,0,0,1,0,0,0,100.0,0.0,0,2,No n'hi ha,-1.0,3,3,1,0,0,0,0,0,0,0,0,0,1,2,4,2,1,Atropellament,1,0,2,4,-1,2,0,17.13,1,3,4,18,9
8784,2015,1,2015-09-05,SE,VILA-SECA,Tarragones,0,1,0,0,2,0,0,0,0,1,1,0,0,100.0,0.0,0,2,No n'hi ha,-1.0,3,3,0,0,0,0,0,0,0,0,0,0,0,0,1,-1,1,Envestida (frontal lateral),-1,2,2,5,-1,2,0,6.08,0,2,5,5,9
8785,2015,0,2015-09-28,C-55,CASTELLGALI,Bages,3,0,1,2,3,0,0,0,0,3,0,0,0,60.0,0.0,0,2,Altres,0.0,3,3,1,0,0,0,0,0,0,0,0,0,0,0,4,-1,1,Col·lisió frontal,-1,1,2,4,2,2,1,11.0,0,2,0,28,9
8786,2015,0,2015-06-06,C-51,"VENDRELL, EL",Baix Penedes,0,0,1,0,2,0,0,1,0,1,0,0,0,40.0,0.0,0,2,No n'hi ha,-1.0,3,3,1,0,0,0,0,0,0,0,0,0,0,0,4,-1,0,Encalç,-1,1,2,4,2,2,0,13.21,0,2,5,6,6
8787,2015,0,2015-07-13,A-2,SANT JOAN DESPI,Baix Llobregat,3,0,1,0,2,0,0,0,1,1,0,0,0,100.0,0.0,0,2,No n'hi ha,-1.0,3,3,1,0,0,0,0,0,0,0,0,0,0,0,4,-1,0,Caiguda en la via,-1,1,2,1,1,2,1,9.44,0,0,0,13,7
8788,2015,1,2015-09-23,SE,LLEIDA,Segria,2,1,0,0,2,1,0,0,0,1,0,0,0,20.0,0.0,0,-1,No n'hi ha,-1.0,3,3,0,-1,0,0,0,-1,0,0,0,0,0,0,4,-1,0,Atropellament,-1,2,2,5,-1,2,1,11.5,0,3,2,23,9
8789,2015,1,2015-07-22,SE,"BORGES DEL CAMP, LES",Baix Camp,0,1,0,1,2,1,0,0,0,1,0,0,0,100.0,0.0,0,2,No n'hi ha,-1.0,3,3,0,0,0,0,0,0,0,0,0,0,0,1,4,5,1,Atropellament,1,2,2,5,0,2,1,10.21,0,3,2,22,7
8790,2015,1,2015-06-19,SE,BARCELONA,Barcelones,3,1,0,1,2,0,0,0,2,0,0,0,0,30.0,0.0,0,-1,No n'hi ha,-1.0,3,3,0,0,0,0,0,0,0,0,0,0,0,1,4,4,0,Envestida (frontal lateral),2,2,2,5,-1,2,0,17.15,1,2,4,19,6
8791,2015,0,2015-09-03,AP-7,CASTELLET I LA GORNA,Alt Penedes,3,0,2,0,1,0,0,0,0,1,0,0,0,100.0,0.0,0,2,No n'hi ha,-1.0,3,3,1,0,0,0,0,0,0,0,0,0,0,0,2,-1,0,Xoc contra objecte/obstacle sense sortida prèvia de via,-1,1,2,2,1,2,1,17.18,1,4,3,3,9
8792,2015,0,2015-10-05,C-243b,SANT SADURNI D'ANOIA,Alt Penedes,3,0,1,0,2,0,0,0,0,0,1,1,0,40.0,0.0,0,2,No n'hi ha,-1.0,3,3,1,0,0,0,0,0,0,0,0,0,0,0,4,-1,1,Fregament o col·lisió lateral,-1,1,2,4,2,2,1,13.41,0,2,0,5,10
8793,2015,1,2015-11-27,SE,CERVELLO,Baix Llobregat,3,0,1,1,2,0,0,0,1,1,0,0,0,30.0,0.0,0,1,No n'hi ha,-1.0,3,3,1,0,0,0,0,0,0,0,0,0,0,0,4,-1,1,Col·lisió frontal,-1,2,2,5,-1,2,1,14.45,1,2,4,27,11
8794,2015,0,2015-10-31,A-2,SANT ANFREU DE LA BARCA,Baix Llobregat,3,0,1,3,3,0,0,0,0,2,1,0,0,100.0,0.0,1,2,No n'hi ha,-1.0,3,3,1,0,0,0,0,0,0,0,0,0,0,0,3,-1,0,Envestida (frontal lateral),-1,1,2,1,1,2,0,6.17,0,2,5,31,10
8795,2015,0,2015-12-06,BV-2131,CARME,Anoia,3,0,1,2,1,0,0,0,0,1,0,0,0,40.0,0.0,0,3,No n'hi ha,-1.0,3,3,1,0,0,0,0,0,0,0,0,0,0,0,3,-1,1,Resta sortides de via,-1,1,2,4,0,2,0,1.5,2,1,6,6,12
8796,2015,1,2015-03-28,SE,BARCELONA,Barcelones,3,0,1,0,1,0,0,0,1,0,0,0,0,100.0,0.0,0,-1,No n'hi ha,-1.0,3,3,1,0,0,0,0,0,0,0,1,0,0,0,5,-1,1,Xoc contra objecte/obstacle sense sortida prèvia de via,-1,2,2,5,-1,2,0,22.05,2,4,5,28,3
8797,2015,1,2015-04-30,SE,TERRASSA,Valles Occidental,3,0,1,0,2,1,0,0,1,0,0,0,0,100.0,0.0,0,-1,No n'hi ha,-1.0,3,3,1,0,0,0,0,0,0,0,0,0,0,0,4,-1,-1,Atropellament,-1,2,2,5,-1,2,1,13.5,0,3,3,30,4
8798,2015,1,2015-04-15,SE,BARCELONA,Barcelones,3,0,1,0,2,0,0,0,1,1,0,0,0,100.0,0.0,0,-1,No n'hi ha,-1.0,3,3,1,0,0,0,0,0,0,0,0,0,0,0,4,-1,0,Fregament o col·lisió lateral,-1,2,2,5,-1,2,1,12.15,0,2,2,15,4
8799,2015,0,2015-03-10,C-13,SALAS DE PALLARS,Pallars Jussa,2,1,3,0,3,0,0,0,0,3,0,0,0,90.0,0.0,0,1,No n'hi ha,-1.0,3,3,0,0,0,0,0,0,0,0,0,0,0,0,4,-1,1,Col·lisió frontal,-1,1,2,4,3,2,1,10.36,0,2,1,10,3
8800,2015,0,2015-02-08,C-241d,MONTBLANC,Conca de Barbera,0,0,1,1,2,0,0,0,1,1,0,0,0,100.0,0.0,0,2,No n'hi ha,-1.0,3,3,1,0,0,0,0,0,0,0,0,0,0,0,4,-1,1,Encalç,-1,1,2,4,2,2,0,14.01,1,2,6,8,2
8801,2015,1,2015-02-11,SE,HOSPITALET DE LLOBREGAT,Barcelones,3,0,1,0,3,0,1,0,1,1,0,0,0,20.0,0.0,0,2,No n'hi ha,-1.0,3,3,1,-1,0,0,0,-1,0,0,0,0,-1,1,1,4,0,Envestida (frontal lateral),2,2,2,5,-1,2,1,18.15,1,2,2,11,2
8802,2015,1,2015-05-01,SE,TARRAGONA,Tarragones,0,0,1,0,2,1,0,0,1,0,0,0,0,100.0,0.0,0,2,No n'hi ha,-1.0,3,3,1,0,0,0,0,0,0,0,0,0,0,0,5,-1,1,Atropellament,-1,2,2,5,-1,2,0,23.0,2,3,4,1,5
8803,2015,0,2015-04-05,AP-7,LLINARS DEL VALLES,Valles Oriental,3,1,0,4,2,0,0,0,0,2,0,0,0,100.0,0.0,0,2,No n'hi ha,-1.0,3,3,0,0,0,0,0,0,0,0,0,0,0,0,1,-1,1,Encalç,-1,1,2,2,1,2,0,7.05,0,2,6,5,4
8804,2015,0,2015-01-13,CR,BOVERA,Garrigues,2,0,1,0,1,0,0,0,0,1,0,0,0,50.0,0.0,0,3,No n'hi ha,-1.0,3,3,1,0,0,0,0,0,0,0,0,0,0,0,3,-1,1,Resta sortides de via,-1,1,2,0,0,2,1,20.36,1,1,1,13,1
8805,2015,0,2015-12-12,AP-7,REUS,Baix Camp,0,0,1,1,1,0,0,0,0,1,0,0,0,120.0,0.0,0,-1,Sense Especificar,-1.0,3,3,1,0,0,0,0,0,0,0,0,0,0,2,4,5,-1,Resta sortides de via,3,1,2,2,4,2,0,11.51,0,1,5,12,12
8806,2015,1,2015-06-05,SE,BANYOLES,Pla de l'Estany,1,0,1,0,1,0,0,0,1,0,0,0,0,20.0,0.0,0,2,No n'hi ha,-1.0,3,3,1,-1,0,0,0,-1,0,0,0,0,-1,0,4,-1,0,Caiguda en la via,-1,2,2,5,-1,2,0,16.16,1,0,4,5,6
8807,2015,0,2015-09-24,GIV-6741,CALDES DE MALAVELLA,Selva,1,0,1,0,2,0,1,0,0,1,0,0,0,50.0,0.0,0,1,No n'hi ha,-1.0,3,3,1,0,0,0,0,0,0,0,0,0,0,1,4,4,1,Envestida (frontal lateral),2,1,2,4,2,2,1,17.07,1,2,3,24,9
8808,2015,1,2015-09-18,BV-2001,SANT JOAN DESPI,Baix Llobregat,3,0,1,0,1,0,0,0,1,0,0,0,0,90.0,0.0,0,-1,No n'hi ha,-1.0,3,3,1,-1,0,0,0,-1,0,0,0,0,-1,1,5,5,0,Sortida de via amb xoc o col·lisió,0,0,2,4,-1,2,1,1.08,2,1,4,18,9
8809,2015,1,2015-11-20,SE,ESPLUGUES DE LLOBREGAT,Baix Llobregat,3,0,1,0,2,0,0,0,1,1,0,0,0,20.0,0.0,0,2,No n'hi ha,-1.0,3,3,1,-1,0,0,0,-1,0,0,0,0,-1,1,4,4,0,Envestida (frontal lateral),0,2,2,5,-1,2,0,17.05,1,2,4,20,11
8810,2015,0,2015-11-19,C-154,SANT BARTOMEU DEL GR,Osona,3,0,1,0,1,0,0,0,1,0,0,0,0,100.0,0.0,0,1,No n'hi ha,-1.0,3,3,1,0,0,0,0,0,0,0,0,0,0,0,2,-1,1,Resta sortides de via,-1,1,2,4,4,2,1,17.01,1,1,3,19,11
8811,2015,0,2015-10-26,B-20,MONTGAT,Maresme,3,0,1,0,1,0,0,0,1,0,0,0,0,60.0,0.0,0,2,No n'hi ha,-1.0,1,3,1,0,0,0,0,0,0,0,0,0,1,0,0,-1,1,Caiguda en la via,-1,1,2,1,1,2,1,20.39,1,0,0,26,10
8812,2015,0,2015-08-28,B-20,"PRAT DE LLOBREGAT, E",Baix Llobregat,3,0,1,0,2,0,0,0,0,1,1,0,0,60.0,0.0,0,3,No n'hi ha,-1.0,3,3,1,0,0,0,0,0,0,0,0,0,0,0,4,-1,1,Col·lisió frontal,-1,1,2,1,2,2,1,13.31,0,2,4,28,8
8813,2015,1,2015-11-12,SE,BARCELONA,Barcelones,3,0,1,0,2,1,0,0,1,0,0,0,0,100.0,0.0,0,-1,No n'hi ha,-1.0,3,3,1,0,0,0,0,0,0,0,0,0,0,1,4,3,1,Atropellament,2,2,2,5,-1,2,1,8.1,0,3,3,12,11