,Year,Area,Date,Road,Municipality Name,County Name,Province Name,Fatalties,Serious Injuries,Light Injuries,Units Involved,Pedestrains Involved,Bicycles Involved,Mopeds Involved,Motorcycles,Light Vehicles Involved,Heavy Vehicles Involved,Other Units Involved,Unspecified Units Involved,Road Speed Limit,Accident with Hit and Run,Fog Presence,Surrounding Environment,Special Lane Presence,Special Traffic Measures,Weather Conditions,Special Road Functions,Severity of Accident,Influence of Fog,Influence of Environment,Influence of Traffic,Influence of Weather,Influence of Wind Intensity,Influence of Lighting,Influence of Special Measures,Influence of Road Objects,Influence of Road Surface,Influence of Visibility,Intersection Characteristics,Lighting Conditions,Traffic Regulation and Priority,Direction of Road,Subtype of Accident,Subtype of Road Section,Subzone within Area,Road Surface Conditions,Type of Road,Road Ownership,Wind Conditions,Day of the Week Grouping,Hour of Day,Time of Day Grouping,Type of Accident,Day Type,Day,Month
8814,2015,1,2015-11-05,SE,BARCELONA,Barcelones,3,0,1,1,2,0,0,0,1,1,0,0,0,100.0,0.0,0,-1,No n'hi ha,-1.0,3,3,1,0,0,0,0,0,0,0,0,0,0,0,4,-1,1,Fregament o col·lisió lateral,-1,2,2,5,-1,2,1,16.55,1,2,3,5,11
8815,2015,0,2015-11-14,C-17,BELANYA,Osona,3,0,1,0,3,0,0,0,1,2,0,0,0,100.0,0.0,0,2,No n'hi ha,-1.0,3,3,1,0,0,0,0,0,0,0,0,0,0,0,1,-1,0,Encalç,-1,1,2,1,2,2,0,19.58,1,2,5,14,11
8816,2015,1,2015-12-22,SE,GIRONA,Girones,1,0,1,0,2,0,0,0,0,2,0,0,0,20.0,0.0,0,-1,No n'hi ha,-1.0,3,3,1,0,-1,0,0,0,0,0,0,0,0,0,4,-1,-1,Envestida (frontal lateral),-1,2,2,5,-1,2,1,6.15,0,2,1,22,12
8817,2015,0,2015-07-10,B-24,CERVELLO,Baix Llobregat,3,1,0,0,2,0,0,0,1,1,0,0,0,60.0,0.0,0,3,No n'hi ha,-1.0,3,3,0,0,0,0,0,0,0,0,0,0,0,0,4,-1,1,Encalç,-1,1,2,1,1,2,1,13.35,0,2,4,10,7
8818,2015,0,2015-07-20,GI-660,CALONGE,Baix Emporda,1,0,1,0,2,0,0,0,1,1,0,0,0,100.0,0.0,0,2,No n'hi ha,-1.0,3,3,1,0,0,0,0,0,0,0,0,0,0,0,4,-1,1,Fregament o col·lisió lateral,-1,1,2,4,3,2,1,16.44,1,2,0,20,7
8819,2015,0,2015-08-28,C-31,VENTALLO,Alt Emporda,1,1,1,3,3,0,0,0,0,3,0,0,0,100.0,0.0,0,1,No n'hi ha,-1.0,3,3,0,0,0,0,0,0,0,0,0,0,0,0,4,-1,1,Col·lisió frontal,-1,1,2,4,2,2,1,10.57,0,2,4,28,8
8820,2015,0,2015-11-07,C-155,POLINYA,Valles Occidental,3,1,0,0,2,0,0,0,1,1,0,0,0,100.0,0.0,0,-1,No n'hi ha,-1.0,3,3,0,0,0,0,0,0,0,0,0,0,0,0,4,-1,-1,Caiguda en la via,-1,1,2,4,-1,2,0,18.38,1,0,5,7,11
8821,2015,0,2015-10-16,AP-2,"PAPIOL, EL",Baix Llobregat,3,0,1,0,2,0,0,0,0,1,1,0,0,100.0,0.0,0,1,No n'hi ha,-1.0,3,3,1,0,0,0,0,0,0,0,0,0,0,0,4,-1,0,Encalç,-1,1,2,2,1,2,0,16.49,1,2,4,16,10
8822,2015,1,2015-09-23,SE,BARCELONA,Barcelones,3,0,1,1,3,2,0,0,0,1,0,0,0,100.0,0.0,0,-1,No n'hi ha,-1.0,3,3,1,0,0,0,0,0,0,0,0,0,0,1,4,2,1,Atropellament,1,2,2,5,-1,2,1,16.4,1,3,2,23,9
8823,2015,1,2015-07-20,B-522,MANLLEU,Osona,3,0,1,0,2,1,0,0,0,1,0,0,0,90.0,0.0,0,2,No n'hi ha,0.0,3,3,1,-1,0,0,0,-1,0,1,0,0,1,0,4,-1,1,Atropellament,-1,0,2,4,-1,2,1,10.36,0,3,0,20,7
8824,2015,0,2015-06-24,GI-600,TORDERA,Maresme,3,0,1,0,2,0,0,0,1,1,0,0,0,60.0,0.0,0,2,No n'hi ha,-1.0,3,3,1,0,0,0,0,0,0,0,0,0,0,0,4,-1,1,Fregament o col·lisió lateral,-1,1,2,4,3,2,1,19.18,1,2,2,24,6
8825,2015,0,2015-07-12,LV-5133,"VALLS D'AGUILAR, LES",Alt Urgell,2,0,1,0,1,0,0,0,0,1,0,0,0,40.0,0.0,0,1,No n'hi ha,-1.0,3,3,1,0,0,0,0,0,0,0,0,0,0,0,1,-1,1,Altres,-1,1,2,4,3,2,0,5.56,2,5,6,12,7
8826,2015,0,2015-09-14,C-31,CUBELLES,Garraf,3,0,1,0,2,0,0,0,1,1,0,0,0,50.0,0.0,0,3,Habilitació voral/carril addicional,-1.0,3,3,1,0,0,0,0,0,0,0,0,0,0,1,4,4,1,Envestida (frontal lateral),1,1,2,4,2,2,1,13.56,0,2,0,14,9
8827,2015,0,2015-10-02,C-58,VACARISSES,Valles Occidental,3,1,1,1,2,0,0,0,0,2,0,0,0,80.0,0.0,0,1,Carril lent,-1.0,3,3,0,0,0,0,0,0,0,0,0,0,0,0,1,-1,1,Envestida (frontal lateral),-1,1,2,4,2,2,1,8.4,0,2,4,2,10
8828,2015,0,2015-09-27,N-230,BOSSOST,Val d'Aran,2,1,0,0,1,0,0,0,0,1,0,0,0,100.0,0.0,0,1,No n'hi ha,-1.0,3,3,0,0,0,0,0,0,0,0,0,0,0,0,3,-1,1,Xoc contra objecte/obstacle sense sortida prèvia de via,-1,1,2,4,1,2,0,23.19,2,4,6,27,9
8829,2015,1,2015-12-08,SE,ORGANYA,Alt Urgell,2,0,1,0,2,1,0,0,0,1,0,0,0,100.0,0.0,0,2,No n'hi ha,-1.0,3,3,1,0,0,0,0,0,0,0,0,0,0,0,4,-1,1,Atropellament,-1,2,2,5,-1,2,1,11.39,0,3,1,8,12
8830,2015,1,2015-11-22,SE,SABADELL,Valles Occidental,3,0,1,0,2,1,0,0,0,1,0,0,0,100.0,0.0,0,-1,No n'hi ha,-1.0,3,3,1,0,0,0,0,0,0,0,0,0,0,0,4,-1,-1,Atropellament,-1,2,2,5,-1,2,0,12.4,0,3,6,22,11
8831,2015,1,2015-06-15,SE,SANTA COLOMA DE GRAMANET,Barcelones,3,0,1,0,2,1,0,0,1,0,0,0,0,20.0,0.0,0,2,No n'hi ha,-1.0,3,3,1,0,0,0,0,0,0,0,0,0,0,1,5,3,1,Atropellament,1,2,2,5,0,2,1,22.2,2,3,0,15,6
8832,2015,1,2015-08-01,SE,SANT ANFREU DE LA BARCA,Baix Llobregat,3,0,1,0,2,0,1,0,0,1,0,0,0,30.0,0.0,0,2,No n'hi ha,-1.0,3,3,1,-1,0,0,0,-1,0,0,0,0,-1,1,5,4,1,Envestida (frontal lateral),1,2,2,5,-1,2,0,23.3,2,2,5,1,8
8833,2015,0,2015-09-26,B-20,MONTGAT,Maresme,3,0,1,0,1,0,0,0,0,0,1,0,0,80.0,0.0,0,1,No n'hi ha,-1.0,3,3,1,0,0,0,0,0,0,0,0,0,0,0,5,-1,0,Altres,-1,1,2,1,1,2,0,1.18,2,5,5,26,9
8834,2015,0,2015-05-03,C-25,CAMPLLONG,Girones,1,0,1,4,3,0,0,0,0,3,0,0,0,100.0,0.0,0,1,No n'hi ha,-1.0,3,3,1,0,0,0,0,0,0,0,0,0,0,0,4,-1,0,Fregament o col·lisió lateral,-1,1,2,1,2,2,0,9.21,0,2,6,3,5
8835,2015,1,2015-04-01,SE,MATARO,Maresme,3,0,1,0,2,0,0,0,1,1,0,0,0,20.0,0.0,0,-1,No n'hi ha,-1.0,3,3,1,0,0,0,0,0,0,0,0,0,0,0,4,-1,-1,Encalç,-1,2,2,5,-1,2,1,13.22,0,2,2,1,4
8836,2015,1,2015-05-16,SE,MARTORELL,Baix Llobregat,3,0,1,0,2,1,0,0,0,1,0,0,0,30.0,0.0,0,2,No n'hi ha,-1.0,3,3,1,0,0,0,0,0,0,0,0,0,0,2,4,2,1,Atropellament,1,2,2,5,-1,2,0,13.2,0,3,5,16,5
8837,2015,1,2015-03-04,SE,TERRASSA,Valles Occidental,3,1,0,0,1,0,0,0,0,1,0,0,0,100.0,0.0,0,-1,No n'hi ha,-1.0,3,3,0,0,0,0,0,0,0,0,0,0,0,0,4,-1,-1,Altres,-1,2,2,5,-1,2,1,22.5,2,5,2,4,3
8838,2015,1,2015-04-30,SE,VILANOVA I LA GELTRU,Garraf,3,1,0,0,3,0,0,1,0,2,0,0,0,100.0,0.0,0,2,Carril central,-1.0,3,3,0,0,0,0,0,0,0,0,0,0,0,1,1,-1,1,Envestida (frontal lateral),2,2,2,5,-1,2,1,21.0,1,2,3,30,4
8839,2015,1,2015-03-27,SE,ESPLUGUES DE LLOBREGAT,Baix Llobregat,3,0,1,2,3,0,0,0,0,1,0,2,0,20.0,0.0,0,2,Altres,-1.0,3,3,1,-1,0,0,0,-1,0,0,0,0,-1,1,4,3,1,Envestida (frontal lateral),0,2,2,5,-1,2,1,14.52,1,2,4,27,3
8840,2015,0,2015-02-20,N-240,JUNEDA,Garrigues,2,0,1,0,1,0,0,0,0,1,0,0,0,100.0,0.0,0,0,Carril acceleració,-1.0,3,3,1,0,0,0,0,0,0,0,0,0,0,0,4,-1,1,Resta sortides de via,-1,1,2,4,1,2,1,13.08,0,1,4,20,2
8841,2015,1,2015-03-25,SE,RIPOLLET,Valles Occidental,3,0,1,1,2,0,0,1,0,1,0,0,0,100.0,0.0,0,2,Carril central,-1.0,3,3,1,0,0,0,0,0,0,0,0,0,0,1,5,4,1,Col·lisió frontal,1,2,2,5,-1,2,1,21.5,1,2,2,25,3
8842,2015,0,2015-05-22,C-32,ARGENTONA,Maresme,3,0,1,0,2,0,0,0,1,1,0,0,0,100.0,0.0,0,2,No n'hi ha,-1.0,3,3,1,0,0,0,0,0,0,0,0,0,0,0,4,-1,0,Altres,-1,1,2,2,2,2,0,16.27,1,5,4,22,5
8843,2015,0,2015-01-14,C-14,"SELVA DEL CAMP, LA",Baix Camp,0,0,1,0,1,0,0,0,1,0,0,0,0,120.0,0.0,0,2,No n'hi ha,-1.0,3,3,1,0,0,0,0,0,0,0,0,0,0,0,3,-1,1,Xoc contra objecte/obstacle sense sortida prèvia de via,-1,1,2,1,2,2,1,2.07,2,4,2,14,1
8844,2015,0,2015-01-28,GI-512,TORDERA,Maresme,3,0,1,2,3,0,0,0,0,3,0,0,0,100.0,0.0,0,1,No n'hi ha,-1.0,3,3,1,0,0,0,0,0,0,0,0,0,0,0,3,-1,1,Fregament o col·lisió lateral,-1,1,2,4,2,2,1,19.37,1,2,2,28,1
8845,2015,1,2015-02-15,SE,COLLDEJOU,Baix Camp,0,0,1,0,2,0,0,0,1,1,0,0,0,20.0,0.0,0,-1,Sense Especificar,-1.0,3,1,1,0,0,0,0,0,0,0,0,0,0,0,4,-1,-1,Col·lisió frontal,-1,0,2,5,4,2,0,11.09,0,2,6,15,2
8846,2015,0,2015-08-08,N-II,GIRONA,Girones,1,1,2,4,3,0,0,0,0,3,0,0,0,100.0,0.0,0,1,Carril avançament,-1.0,2,3,0,0,0,0,1,0,0,0,0,0,0,0,2,-1,1,Col·lisió frontal,-1,1,2,4,1,2,0,18.02,1,2,5,8,8
8847,2015,0,2015-11-30,C-32,SANT POL DE MAR,Maresme,3,0,2,0,1,0,0,0,0,1,0,0,0,100.0,0.0,0,3,Carril acceleració,-1.0,3,3,1,0,0,0,0,0,0,0,0,0,0,1,4,4,0,Resta sortides de via,3,1,2,2,2,2,1,15.54,1,1,0,30,11
8848,2015,0,2015-08-28,C-37,SANT SALVADOR DE GUARDIA,Bages,3,0,1,0,2,0,0,0,1,1,0,0,0,100.0,0.0,0,2,No n'hi ha,-1.0,3,3,1,0,0,0,0,0,0,0,0,0,0,0,4,-1,1,Col·lisió frontal,-1,1,2,4,0,2,0,18.38,1,2,4,28,8
8849,2015,1,2015-11-06,SE,BARCELONA,Barcelones,3,1,0,0,3,0,0,0,1,0,2,0,0,60.0,0.0,0,-1,No n'hi ha,-1.0,3,3,0,0,0,1,0,0,0,0,0,0,0,0,5,-1,1,Fregament o col·lisió lateral,-1,2,2,5,-1,2,0,16.3,1,2,4,6,11
8850,2015,1,2015-11-30,SE,SANT JOAN DESPI,Baix Llobregat,3,0,1,0,1,1,0,0,0,0,0,0,0,100.0,1.0,0,-1,No n'hi ha,-1.0,3,3,1,0,0,0,0,0,0,0,0,0,0,0,4,-1,-1,Atropellament,-1,2,2,5,-1,2,1,7.1,0,3,0,30,11
8851,2015,0,2015-12-23,TP-2311,CABRA DEL CAMP,Alt Camp,0,0,1,1,1,0,0,0,0,1,0,0,0,90.0,0.0,0,-1,Sense Especificar,-1.0,3,3,1,0,0,0,0,0,0,0,0,0,0,0,4,-1,-1,Resta sortides de via,-1,1,2,4,4,2,1,5.31,2,1,2,23,12
8852,2015,1,2015-06-08,SE,HOSPITALET DE LLOBREGAT,Barcelones,3,0,1,0,2,0,0,0,1,1,0,0,0,20.0,0.0,0,2,No n'hi ha,-1.0,3,3,1,-1,0,0,0,-1,0,0,0,0,-1,1,5,5,0,Envestida (frontal lateral),1,2,2,5,-1,2,1,21.53,1,2,0,8,6
8853,2015,0,2015-06-17,C-153,RUPIT I PRUIT,Osona,3,0,1,1,1,0,0,0,0,1,0,0,0,100.0,0.0,0,1,No n'hi ha,-1.0,3,3,1,0,0,0,0,0,0,0,0,0,0,0,4,-1,1,Resta sortides de via,-1,1,2,4,2,2,1,16.31,1,1,2,17,6
8854,2015,1,2015-07-06,SE,VIC,Osona,3,0,1,1,2,0,0,1,0,1,0,0,0,100.0,0.0,0,2,No n'hi ha,-1.0,3,3,1,0,0,0,0,0,0,0,0,0,0,1,4,5,0,Col·lisió frontal,1,2,2,5,0,2,1,14.38,1,2,0,6,7
8855,2015,1,2015-10-12,SE,REUS,Baix Camp,0,0,1,0,2,0,0,0,1,1,0,0,0,100.0,0.0,0,-1,No n'hi ha,-1.0,3,3,1,0,0,0,0,0,0,0,0,0,0,1,4,3,-1,Altres,2,2,2,5,-1,2,1,16.02,1,5,0,12,10
8856,2015,0,2015-06-17,GIV-5201,VILADRAU,Osona,1,0,1,0,1,0,0,0,1,0,0,0,0,100.0,0.0,0,2,No n'hi ha,-1.0,3,3,1,0,0,0,0,0,1,0,0,0,0,0,3,-1,1,Xoc contra objecte/obstacle sense sortida prèvia de via,-1,1,2,4,2,2,1,23.5,2,4,2,17,6
8857,2015,1,2015-05-13,SE,BADALONA,Barcelones,3,0,1,0,3,0,0,0,1,2,0,0,0,20.0,0.0,0,-1,No n'hi ha,-1.0,3,3,1,0,-1,0,0,0,0,0,0,0,1,1,4,4,-1,Envestida (frontal lateral),2,2,2,5,-1,2,1,8.41,0,2,2,13,5
8858,2015,0,2015-10-28,BV-5101,DOSRIUS,Maresme,3,0,1,0,3,0,0,0,1,2,0,0,0,90.0,0.0,0,-1,Sense Especificar,-1.0,3,3,1,0,0,0,0,0,0,0,0,0,0,0,4,-1,-1,Col·lisió frontal,-1,1,2,4,4,2,1,9.04,0,2,2,28,10
8859,2015,0,2015-07-24,AP-7,BANYERES DEL PENEDES,Baix Penedes,0,0,1,0,2,0,0,0,0,0,2,0,0,100.0,0.0,0,2,No n'hi ha,-1.0,3,3,1,0,1,0,0,0,0,0,0,0,0,0,5,-1,1,Encalç,-1,1,2,2,1,2,1,2.53,2,2,4,24,7
8860,2015,0,2015-10-22,BV-4031,CASTELLAR DE N'HUG,Bergueda,3,1,0,0,1,0,0,0,1,0,0,0,0,100.0,0.0,0,1,No n'hi ha,-1.0,3,3,0,0,0,0,0,0,0,0,0,0,0,0,4,-1,1,Caiguda en la via,-1,1,2,4,3,2,1,17.33,1,0,3,22,10
8861,2015,1,2015-11-18,SE,AMPOSTA,Montsia,0,0,1,0,2,1,0,0,0,1,0,0,0,100.0,0.0,0,2,No n'hi ha,-1.0,3,3,1,0,0,0,0,0,0,0,0,0,0,2,4,-1,0,Atropellament,2,2,2,5,-1,2,1,12.2,0,3,2,18,11
8862,2015,0,2015-11-08,BV-5303,SEVA,Osona,3,0,1,0,1,0,0,0,1,0,0,0,0,90.0,0.0,0,-1,Sense Especificar,-1.0,3,3,1,0,0,0,0,0,0,0,0,0,0,0,4,-1,-1,Resta sortides de via,-1,1,2,4,4,2,0,10.27,0,1,6,8,11
8863,2015,1,2015-08-11,SE,SANT BOI DE LLOBREGAT,Baix Llobregat,3,0,2,0,2,0,0,0,1,1,0,0,0,20.0,0.0,0,-1,No n'hi ha,-1.0,3,3,1,-1,-1,0,0,-1,0,0,0,0,0,0,4,-1,-1,Fregament o col·lisió lateral,-1,2,2,5,-1,2,1,16.37,1,2,1,11,8
8864,2015,1,2015-11-07,SE,"PRAT DE LLOBREGAT, E",Baix Llobregat,3,0,1,0,2,0,0,1,0,1,0,0,0,20.0,0.0,0,-1,No n'hi ha,-1.0,3,3,1,0,0,0,0,0,0,0,0,0,0,1,4,4,-1,Caiguda en la via,0,2,2,5,-1,2,0,5.3,2,0,5,7,11
8865,2015,1,2015-11-17,SE,TERRASSA,Valles Occidental,3,0,1,0,2,1,1,0,0,0,0,0,0,30.0,0.0,0,2,Carril bus,-1.0,3,3,1,0,0,0,0,0,0,0,0,0,0,2,5,3,1,Atropellament,2,2,2,5,-1,2,1,21.3,1,3,1,17,11
8867,2015,1,2015-05-30,SE,LLEIDA,Segria,2,0,1,0,2,1,0,0,0,1,0,0,0,20.0,0.0,0,2,No n'hi ha,-1.0,3,3,1,-1,0,0,0,-1,0,0,0,0,-1,0,4,-1,1,Atropellament,-1,2,2,5,-1,2,0,13.1,0,3,5,30,5
8868,2015,0,2015-05-22,N-230,ROSSELLO,Segria,2,1,0,1,2,1,0,0,0,1,0,0,0,100.0,0.0,0,1,No n'hi ha,-1.0,3,3,0,0,0,0,0,0,0,0,0,0,0,0,3,-1,1,Atropellament,-1,1,2,4,1,2,0,22.48,2,3,4,22,5
8869,2015,1,2015-06-05,SE,SANT BOI DE LLOBREGAT,Baix Llobregat,3,0,1,0,2,1,0,0,0,1,0,0,0,100.0,0.0,0,2,No n'hi ha,-1.0,3,3,1,0,0,0,0,0,0,0,0,0,0,2,4,-1,0,Atropellament,1,2,2,5,-1,2,1,12.24,0,3,4,5,6
8870,2015,1,2015-04-14,C-253,SANT FELIU DE GUIXOLS,Baix Emporda,1,0,1,0,2,0,0,0,1,1,0,0,0,100.0,0.0,0,2,No n'hi ha,-1.0,3,3,1,0,0,0,0,0,0,0,0,0,0,2,4,3,0,Envestida (frontal lateral),1,0,2,4,-1,2,1,9.54,0,2,1,14,4
8871,2015,0,2015-02-11,C-245,SANT BOI DE LLOBREGAT,Baix Llobregat,3,0,1,0,1,0,0,0,1,0,0,0,0,50.0,0.0,0,2,No n'hi ha,-1.0,3,3,1,0,0,0,0,0,0,0,0,0,0,1,5,4,1,Xoc contra objecte/obstacle sense sortida prèvia de via,0,1,2,4,0,2,1,0.1,2,4,2,11,2
8872,2015,0,2015-05-24,C-58,RIPOLLET,Valles Occidental,3,0,1,3,2,0,0,0,0,2,0,0,0,100.0,0.0,0,1,No n'hi ha,-1.0,3,3,1,0,0,0,0,0,0,0,0,0,0,0,3,-1,0,Fregament o col·lisió lateral,-1,1,2,1,2,2,0,22.16,2,2,6,24,5
8873,2015,0,2015-05-05,C-451,OLIUS,Solsones,2,0,1,0,1,0,0,0,0,1,0,0,0,90.0,0.0,0,-1,Sense Especificar,-1.0,3,3,1,0,0,0,0,0,0,0,0,0,0,0,4,-1,-1,Resta sortides de via,-1,1,2,4,4,2,1,14.46,1,1,1,5,5
8874,2015,1,2015-03-07,SE,LLEIDA,Segria,2,0,1,0,2,1,0,0,0,1,0,0,0,20.0,,0,-1,No n'hi ha,-1.0,3,3,1,-1,0,0,0,-1,0,0,0,0,-1,0,4,-1,0,Atropellament,-1,2,2,5,-1,2,0,10.1,0,3,5,7,3
8875,2015,0,2015-11-21,N-141c,MOIA,Moianès,3,0,1,0,1,0,0,0,1,0,0,0,0,100.0,0.0,0,2,No n'hi ha,-1.0,3,3,1,0,0,0,0,0,0,0,0,0,0,0,4,-1,1,Resta sortides de via,-1,1,2,4,2,2,0,11.56,0,1,5,21,11
8876,2015,1,2015-07-12,SE,CASTELLDEFELS,Baix Llobregat,3,0,1,0,2,0,0,0,0,1,0,1,0,100.0,0.0,0,-1,No n'hi ha,-1.0,3,3,1,0,0,0,0,0,0,0,0,0,0,0,4,-1,-1,Envestida (frontal lateral),-1,2,2,5,-1,2,0,19.01,1,2,6,12,7
8877,2015,0,2015-06-07,AP-7,BASCARA,Alt Emporda,1,1,0,1,2,0,0,0,0,1,1,0,0,120.0,0.0,0,1,No n'hi ha,-1.0,3,3,0,0,0,0,0,0,0,0,0,0,0,0,4,-1,1,Fregament o col·lisió lateral,-1,1,2,2,1,2,0,17.38,1,2,6,7,6
8878,2015,1,2015-07-08,SE,LLORET DE MAR,Selva,1,0,1,1,2,0,0,0,2,0,0,0,0,100.0,0.0,0,2,No n'hi ha,-1.0,3,3,1,0,0,0,0,0,0,0,0,0,0,1,4,4,1,Envestida (frontal lateral),2,2,2,5,-1,2,1,12.56,0,2,2,8,7
8879,2015,1,2015-09-01,SE,GRANOLLERS,Valles Oriental,3,1,0,0,2,1,0,0,0,1,0,0,0,50.0,0.0,0,2,No n'hi ha,-1.0,3,3,0,0,0,0,0,0,0,0,0,0,0,0,5,-1,1,Atropellament,-1,2,2,5,-1,2,1,6.0,0,3,1,1,9
8880,2015,1,2015-09-24,SE,SANT BOI DE LLOBREGAT,Baix Llobregat,3,0,1,0,2,0,0,1,1,0,0,0,0,20.0,0.0,0,-1,No n'hi ha,-1.0,3,3,1,0,0,0,0,0,0,0,0,0,0,1,5,3,-1,Fregament o col·lisió lateral,2,2,2,5,-1,2,1,21.45,1,2,3,24,9
8881,2015,0,2015-08-11,C-63,LLORET DE MAR,Selva,1,0,1,0,2,0,0,0,1,0,1,0,0,100.0,0.0,0,0,No n'hi ha,-1.0,3,3,1,0,0,0,0,0,0,0,0,0,0,0,4,-1,1,Envestida (frontal lateral),-1,1,2,4,2,2,1,12.42,0,2,1,11,8
8882,2015,0,2015-07-19,GI-531,SANT MARTI DE LLEMENA,Girones,1,0,1,0,1,0,0,0,0,1,0,0,0,100.0,0.0,0,0,No n'hi ha,-1.0,3,3,1,0,0,0,0,0,0,0,0,0,0,0,3,-1,1,Resta sortides de via,-1,1,2,4,3,2,0,2.21,2,1,6,19,7
8883,2015,0,2015-07-25,A-2,ESPARREGUERA,Baix Llobregat,3,0,1,0,1,0,0,0,0,0,1,0,0,100.0,0.0,0,2,No n'hi ha,-1.0,1,3,1,0,0,0,0,0,0,0,0,0,0,0,2,-1,0,Xoc contra objecte/obstacle sense sortida prèvia de via,-1,1,2,1,1,2,0,12.38,0,4,5,25,7
8884,2015,1,2015-06-15,SE,SABADELL,Valles Occidental,3,0,1,0,2,1,0,0,0,1,0,0,0,30.0,0.0,0,2,No n'hi ha,-1.0,3,3,1,0,0,0,0,0,0,0,0,0,0,2,4,4,1,Atropellament,2,2,2,5,-1,2,1,16.59,1,3,0,15,6
8885,2015,0,2015-07-17,N-260,ORDIS,Alt Emporda,1,0,1,1,2,0,0,0,0,2,0,0,0,80.0,0.0,0,1,No n'hi ha,-1.0,3,3,1,0,0,0,0,0,0,0,0,0,0,1,4,4,1,Col·lisió frontal,1,1,2,4,1,2,0,20.12,1,2,4,17,7
8886,2015,1,2015-09-07,SE,AMPOSTA,Montsia,0,0,1,0,1,0,0,0,1,0,0,0,0,100.0,0.0,0,2,No n'hi ha,-1.0,3,3,1,0,0,0,0,0,0,0,0,0,0,0,4,-1,1,Xoc contra objecte/obstacle sense sortida prèvia de via,-1,2,2,5,-1,2,1,13.05,0,4,0,7,9
8887,2015,1,2015-09-08,SE,HOSPITALET DE LLOBREGAT,Barcelones,3,0,1,0,2,1,0,0,0,1,0,0,0,20.0,0.0,0,-1,No n'hi ha,-1.0,3,3,1,0,0,0,0,0,0,0,0,0,0,0,4,-1,-1,Atropellament,-1,2,2,5,-1,2,1,12.45,0,3,1,8,9
8888,2015,0,2015-06-06,N-260,FONTANALS DE CERDANYA,Cerdanya,1,0,1,0,1,0,0,0,1,0,0,0,0,40.0,0.0,0,1,No n'hi ha,-1.0,3,3,1,0,0,0,0,0,0,0,0,0,0,0,4,-1,1,Resta sortides de via,-1,1,2,4,1,2,0,9.06,0,1,5,6,6
8889,2015,0,2015-06-07,C-35,MACANET DE LA SELVA,Selva,1,0,1,0,1,0,0,0,1,0,0,0,0,100.0,0.0,0,2,No n'hi ha,-1.0,3,3,1,0,0,0,0,0,0,0,0,0,0,0,4,-1,1,Resta sortides de via,-1,1,2,4,2,2,0,17.48,1,1,6,7,6
8890,2015,0,2015-11-28,GI-632,BELLCAIRE D'EMPORDA,Baix Emporda,1,0,1,0,2,0,0,0,1,1,0,0,0,100.0,0.0,0,1,No n'hi ha,-1.0,3,3,1,0,0,0,0,0,0,0,0,0,0,2,4,5,1,Envestida (frontal lateral),1,1,2,4,3,2,0,12.4,0,2,5,28,11
8891,2015,1,2015-12-16,SE,SANTA COLOMA DE GRAMANET,Barcelones,3,1,0,1,2,1,0,0,1,0,0,0,0,20.0,0.0,0,2,No n'hi ha,-1.0,3,3,0,-1,0,0,0,-1,0,0,0,0,-1,1,1,3,0,Atropellament,2,2,2,5,-1,2,1,18.2,1,3,2,16,12
8892,2015,1,2015-09-19,BV-1221,TERRASSA,Valles Occidental,3,0,1,1,2,0,0,0,0,2,0,0,0,90.0,0.0,0,-1,No n'hi ha,-1.0,3,3,1,0,-1,0,0,0,0,0,0,0,0,0,5,-1,-1,Col·lisió frontal,-1,0,2,4,-1,2,0,23.1,2,2,5,19,9
8893,2015,0,2015-03-14,C-244,"POBLA DE CLARAMUNT,LA",Anoia,3,0,2,3,3,0,0,0,0,3,0,0,0,40.0,0.0,0,1,No n'hi ha,-1.0,1,3,1,0,0,0,1,0,0,0,0,0,0,0,1,-1,1,Col·lisió frontal,-1,1,2,4,2,2,0,19.04,1,2,5,14,3
8894,2015,1,2015-06-09,C-253,CASTELL-PLATJA D'ARO,Baix Emporda,1,1,2,0,2,0,0,0,0,2,0,0,0,100.0,0.0,0,-1,No n'hi ha,-1.0,3,3,0,0,0,0,0,0,0,0,0,0,0,0,4,-1,-1,Altres,-1,0,2,4,-1,2,1,9.48,0,5,1,9,6
8895,2015,1,2015-03-06,SE,SABADELL,Valles Occidental,3,0,1,0,2,1,0,0,0,0,1,0,0,100.0,0.0,0,2,No n'hi ha,-1.0,3,3,1,0,0,0,0,0,0,0,0,0,0,0,4,-1,1,Atropellament,-1,2,2,5,-1,2,1,14.38,1,3,4,6,3
8896,2015,1,2015-02-27,SE,SABADELL,Valles Occidental,3,0,1,0,1,0,0,0,1,0,0,0,0,100.0,1.0,0,2,No n'hi ha,-1.0,3,3,1,0,0,0,0,0,0,0,0,0,0,0,5,-1,1,Envestida (frontal lateral),-1,2,2,5,0,2,0,19.16,1,2,4,27,2
8897,2015,0,2015-04-05,N-141c,MOIA,Moianès,3,1,0,0,1,0,0,0,1,0,0,0,0,100.0,0.0,0,2,No n'hi ha,-1.0,3,3,0,0,0,0,0,0,0,0,0,0,0,0,4,-1,1,Resta sortides de via,-1,1,2,4,2,2,0,12.43,0,1,6,5,4
8898,2015,1,2015-02-27,SE,VILADECANS,Baix Llobregat,3,0,1,0,2,0,1,0,1,0,0,0,0,20.0,0.0,0,1,No n'hi ha,-1.0,3,3,1,-1,0,0,0,-1,0,0,0,0,0,1,4,4,0,Fregament o col·lisió lateral,0,2,2,5,-1,2,1,14.0,1,2,4,27,2