,Year,Area,Date,Road,Municipality Name,County Name,Province Name,Fatalties,Serious Injuries,Light Injuries,Units Involved,Pedestrains Involved,Bicycles Involved,Mopeds Involved,Motorcycles,Light Vehicles Involved,Heavy Vehicles Involved,Other Units Involved,Unspecified Units Involved,Road Speed Limit,Accident with Hit and Run,Fog Presence,Surrounding Environment,Special Lane Presence,Special Traffic Measures,Weather Conditions,Special Road Functions,Severity of Accident,Influence of Fog,Influence of Environment,Influence of Traffic,Influence of Weather,Influence of Wind Intensity,Influence of Lighting,Influence of Special Measures,Influence of Road Objects,Influence of Road Surface,Influence of Visibility,Intersection Characteristics,Lighting Conditions,Traffic Regulation and Priority,Direction of Road,Subtype of Accident,Subtype of Road Section,Subzone within Area,Road Surface Conditions,Type of Road,Road Ownership,Wind Conditions,Day of the Week Grouping,Hour of Day,Time of Day Grouping,Type of Accident,Day Type,Day,Month
8899,2015,0,2015-05-09,BP-4654,SANT AGUSTI DE LLUCA,Osona,3,0,1,0,1,0,0,0,1,0,0,0,0,90.0,0.0,0,-1,Sense Especificar,-1.0,3,3,1,0,0,0,0,0,0,0,0,0,0,0,4,-1,-1,Resta sortides de via,-1,1,2,4,4,2,0,11.36,0,1,5,9,5
8900,2015,1,2015-05-26,C-246a,VILANOVA I LA GELTRU,Garraf,3,0,1,0,2,1,0,0,0,1,0,0,0,100.0,0.0,0,2,No n'hi ha,-1.0,3,3,1,0,0,0,0,0,0,0,0,0,0,1,4,3,1,Atropellament,2,0,2,4,-1,1,1,10.1,0,3,1,26,5
8901,2015,1,2015-02-20,SE,TORDERA,Maresme,3,0,1,0,2,0,0,0,1,1,0,0,0,100.0,0.0,0,2,No n'hi ha,-1.0,3,3,1,0,0,0,0,0,0,0,0,0,0,1,4,4,0,Envestida (frontal lateral),0,2,2,5,-1,2,1,13.2,0,2,4,20,2
8902,2015,1,2015-01-10,SE,SANTA MARIA DE PALAU,Valles Oriental,3,0,1,0,2,0,0,0,1,1,0,0,0,40.0,0.0,0,2,No n'hi ha,-1.0,3,3,1,0,0,0,0,0,0,0,0,0,0,0,4,-1,1,Envestida (frontal lateral),-1,2,2,5,0,2,0,10.05,0,2,5,10,1
8903,2015,0,2015-02-20,N-260,PRULLANS,Cerdanya,2,0,1,3,3,0,0,0,0,3,0,0,0,100.0,0.0,0,1,No n'hi ha,-1.0,3,3,1,0,0,0,0,0,0,0,0,0,0,0,4,-1,1,Col·lisió frontal,-1,1,2,4,1,2,0,17.23,1,2,4,20,2
8904,2015,0,2015-09-26,C-61,ARENYS DE MUNT,Maresme,3,1,0,0,1,0,0,0,1,0,0,0,0,100.0,0.0,0,1,No n'hi ha,-1.0,3,3,0,0,0,0,0,0,0,0,0,0,0,2,3,4,1,Resta sortides de via,1,1,2,4,2,2,0,22.09,2,1,5,26,9
8905,2015,1,2015-11-18,SE,SANTA COLOMA DE FARNERS,Selva,1,0,2,0,1,0,0,0,0,1,0,0,0,100.0,0.0,0,2,No n'hi ha,-1.0,3,3,1,0,0,0,0,0,0,0,0,0,0,0,5,-1,1,Resta sortides de via,-1,2,2,5,-1,2,1,19.0,1,1,2,18,11
8906,2015,1,2015-11-03,SE,CORBINS,Segria,2,0,1,3,3,0,0,0,0,3,0,0,0,100.0,0.0,0,1,No n'hi ha,-1.0,3,3,1,0,0,0,0,0,0,0,0,0,0,0,4,-1,1,Altres,-1,2,2,5,2,2,1,12.21,0,5,1,3,11
8907,2015,1,2015-09-09,SE,CORNELLA DE LLOBREGAT,Baix Llobregat,3,0,2,0,2,0,0,0,1,1,0,0,0,20.0,0.0,0,-1,No n'hi ha,-1.0,3,3,1,-1,0,0,0,-1,0,0,0,0,-1,1,1,3,1,Col·lisió frontal,2,2,2,5,-1,2,1,19.2,1,2,2,9,9
8908,2015,1,2015-09-23,SE,GRANOLLERS,Valles Oriental,3,0,1,0,2,1,0,0,0,1,0,0,0,100.0,0.0,0,2,No n'hi ha,-1.0,3,3,1,0,0,0,0,0,0,0,0,0,0,1,4,3,1,Atropellament,2,2,2,5,-1,2,1,11.31,0,3,2,23,9
8909,2015,0,2015-11-22,C-1415a,SENTMENAT,Valles Occidental,3,0,2,0,2,0,0,0,1,1,0,0,0,50.0,0.0,0,2,No n'hi ha,-1.0,3,3,1,0,0,0,0,0,0,0,0,0,1,0,3,-1,1,Resta sortides de via,-1,1,2,4,2,2,0,21.3,1,1,6,22,11
8910,2015,0,2015-07-09,C-61,ARENYS DE MAR,Maresme,3,0,1,1,2,0,0,0,1,1,0,0,0,100.0,0.0,0,1,No n'hi ha,-1.0,3,3,1,0,1,0,0,0,0,0,0,0,0,1,4,5,1,Col·lisió frontal,2,1,2,4,2,2,1,19.05,1,2,3,9,7
8911,2015,0,2015-07-02,CR,SALAS DE PALLARS,Pallars Jussa,2,0,1,4,1,0,0,0,0,0,1,0,0,40.0,0.0,0,1,No n'hi ha,-1.0,3,3,1,0,0,0,0,0,0,0,0,0,0,0,4,-1,1,Altres,-1,1,0,0,0,2,1,13.12,0,5,3,2,7
8912,2015,1,2015-10-20,SE,TERRASSA,Valles Occidental,3,0,1,0,2,1,0,0,0,1,0,0,0,100.0,0.0,0,-1,No n'hi ha,-1.0,3,3,1,0,0,0,0,0,0,0,0,0,0,0,4,-1,-1,Atropellament,-1,2,2,5,-1,2,1,12.4,0,3,1,20,10
8913,2015,0,2015-06-28,N-II,SILS,Selva,1,0,2,1,2,0,0,0,0,2,0,0,0,100.0,0.0,0,2,No n'hi ha,-1.0,3,3,1,0,0,0,0,0,0,0,0,0,0,0,4,-1,1,Col·lisió frontal,-1,1,2,4,1,2,0,8.42,0,2,6,28,6
8914,2015,0,2015-09-26,BV-4656,BORREDA,Bergueda,3,0,1,0,1,0,0,0,1,0,0,0,0,90.0,0.0,0,-1,Sense Especificar,-1.0,3,3,1,0,0,0,0,0,0,0,0,0,0,0,4,-1,-1,Resta sortides de via,-1,1,2,4,4,2,0,12.02,0,1,5,26,9
8915,2015,1,2015-07-18,SE,BARCELONA,Barcelones,3,0,1,0,1,0,0,0,1,0,0,0,0,80.0,0.0,0,-1,No n'hi ha,-1.0,3,3,1,0,0,0,0,0,0,0,0,0,0,0,4,-1,0,Xoc contra objecte/obstacle sense sortida prèvia de via,-1,2,2,5,-1,2,0,16.42,1,4,5,18,7
8916,2015,0,2015-08-28,C-55,SANT JOAN DE VILATOR,Bages,3,1,0,0,2,0,0,1,0,1,0,0,0,80.0,0.0,0,0,No n'hi ha,-1.0,3,3,0,0,0,0,0,0,0,0,0,0,0,1,4,4,1,Envestida (frontal lateral),1,1,2,4,2,2,1,14.16,1,2,4,28,8
8917,2015,0,2015-12-15,B-140,SANTA PERPETUA DE MO,Valles Occidental,3,0,1,1,2,0,0,1,0,1,0,0,0,40.0,0.0,0,2,No n'hi ha,-1.0,3,3,1,0,0,0,0,0,0,0,0,0,0,1,4,4,1,Envestida (frontal lateral),0,1,2,4,3,2,1,9.05,0,2,1,15,12
8918,2015,0,2015-09-08,LV-4241b,LLADURS,Solsones,2,1,0,0,3,0,0,0,1,2,0,0,0,100.0,0.0,0,1,No n'hi ha,-1.0,3,3,0,0,0,0,0,0,0,0,0,0,0,0,4,-1,1,Caiguda en la via,-1,1,2,4,2,2,1,13.06,0,0,1,8,9
8919,2015,0,2015-07-24,A-7,GELIDA,Alt Penedes,3,0,1,0,2,0,0,0,0,1,1,0,0,100.0,0.0,0,2,No n'hi ha,-1.0,3,3,1,0,0,0,0,0,0,0,0,0,0,0,4,-1,0,Encalç,-1,1,2,4,2,2,1,7.26,0,2,4,24,7
8920,2015,0,2015-07-25,LV-3003,IVORRA,Segarra,2,0,1,0,1,0,0,0,0,1,0,0,0,90.0,0.0,0,-1,Sense Especificar,-1.0,3,3,1,0,0,0,0,0,0,0,0,0,0,0,4,-1,-1,Resta sortides de via,-1,1,2,4,4,2,0,23.24,2,1,5,25,7
8921,2015,0,2015-07-03,N-II,MATARO,Maresme,3,0,1,0,2,1,0,0,0,1,0,0,0,80.0,0.0,0,2,No n'hi ha,-1.0,3,3,1,0,0,0,0,0,0,0,0,0,1,0,3,-1,1,Atropellament,-1,1,2,4,1,2,1,1.46,2,3,4,3,7
8922,2015,1,2015-07-10,SE,RIUDELLOTS DE LA SELVA,Selva,1,0,1,0,2,0,0,0,1,1,0,0,0,40.0,0.0,0,2,No n'hi ha,-1.0,3,3,1,0,0,0,0,0,0,0,0,0,0,0,4,-1,1,Col·lisió frontal,-1,2,2,5,-1,2,0,17.29,1,2,4,10,7
8923,2015,1,2015-04-13,C-31,HOSPITALET DE LLOBREGAT,Barcelones,3,0,1,0,2,0,0,0,1,1,0,0,0,90.0,0.0,0,-1,No n'hi ha,-1.0,3,3,1,0,-1,0,0,0,0,0,0,0,0,0,4,-1,-1,Col·lisió frontal,-1,0,2,4,-1,2,1,17.35,1,2,0,13,4
8924,2015,0,2015-08-16,A-2,BELLPUIG,Urgell,2,0,2,2,1,0,0,0,0,1,0,0,0,100.0,0.0,0,3,No n'hi ha,-1.0,3,3,1,0,0,0,0,0,0,0,0,0,0,0,4,-1,0,Resta sortides de via,-1,1,2,1,1,2,0,16.37,1,1,6,16,8
8926,2015,1,2015-10-12,SE,MIRAVET,Ribera d'Ebre,0,0,1,0,2,0,0,0,0,2,0,0,0,50.0,0.0,0,2,No n'hi ha,-1.0,3,3,1,0,0,0,0,0,0,0,0,0,0,0,5,-1,1,Envestida (frontal lateral),-1,0,2,4,3,2,1,7.0,0,2,0,12,10
8927,2015,1,2015-04-23,SE,BARCELONA,Barcelones,3,0,1,0,2,0,0,1,0,1,0,0,0,100.0,0.0,0,-1,No n'hi ha,-1.0,3,3,1,0,0,0,0,0,0,0,0,0,0,1,5,3,1,Envestida (frontal lateral),2,2,2,5,-1,2,1,23.2,2,2,3,23,4
8928,2015,1,2015-12-04,SE,GIRONA,Girones,1,0,1,0,1,0,0,0,1,0,0,0,0,100.0,0.0,0,2,No n'hi ha,-1.0,3,3,1,0,0,0,0,0,0,0,0,0,0,2,4,4,0,Caiguda en la via,1,2,2,5,-1,2,1,12.29,0,0,4,4,12
8929,2015,0,2015-05-08,GI-524,SANTA PAU,Garrotxa,1,0,1,0,1,0,0,1,0,0,0,0,0,100.0,0.0,0,1,No n'hi ha,-1.0,3,3,1,0,0,0,0,0,0,0,0,0,0,0,4,-1,1,Resta sortides de via,-1,1,2,4,2,2,0,15.19,1,1,4,8,5
8930,2015,1,2015-04-23,SE,LLEIDA,Segria,2,0,1,0,1,0,0,0,1,0,0,0,0,100.0,0.0,0,-1,No n'hi ha,-1.0,3,3,1,0,0,0,0,0,0,0,0,0,0,0,4,-1,-1,Resta sortides de via,-1,2,2,5,-1,2,1,10.45,0,1,3,23,4
8931,2015,0,2015-03-27,B-23,SANT FELIU DE LLOBREGAT,Baix Llobregat,3,0,1,0,2,1,0,0,0,1,0,0,0,100.0,1.0,0,2,No n'hi ha,-1.0,3,3,1,0,0,0,0,0,0,0,0,0,0,0,4,-1,0,Atropellament,-1,1,2,1,1,2,0,18.23,1,3,4,27,3
8932,2015,0,2015-02-23,C-35,MONTMELO,Valles Oriental,3,0,1,0,2,0,0,0,1,1,0,0,0,100.0,0.0,0,3,No n'hi ha,-1.0,3,3,1,0,0,0,0,0,0,0,0,0,0,0,4,-1,1,Envestida (frontal lateral),-1,1,2,4,2,2,1,7.55,0,2,0,23,2
8933,2015,0,2015-03-12,CR,PORQUERES,Pla de l'Estany,1,0,1,0,2,0,0,0,1,1,0,0,0,30.0,0.0,0,1,No n'hi ha,-1.0,3,3,1,0,0,0,0,0,0,0,0,0,0,1,4,3,1,Encalç,2,1,2,0,0,2,1,13.57,0,2,3,12,3
8934,2015,0,2015-05-12,C-16,VILADECAVALLS,Valles Occidental,3,0,1,1,2,0,0,0,0,1,1,0,0,100.0,0.0,0,3,No n'hi ha,-1.0,3,3,1,0,0,0,0,0,0,0,0,0,0,0,4,-1,0,Encalç,-1,1,2,2,2,2,1,7.48,0,2,1,12,5
8935,2015,1,2015-01-27,SE,ESPLUGUES DE LLOBREGAT,Baix Llobregat,3,0,1,1,2,0,0,1,0,1,0,0,0,20.0,0.0,0,-1,No n'hi ha,-1.0,3,3,1,-1,-1,0,0,-1,0,0,0,0,0,0,5,-1,-1,Encalç,-1,2,2,5,-1,2,1,19.35,1,2,1,27,1
8936,2015,0,2015-05-03,C-17,"GARRIGA, LA",Valles Oriental,3,0,2,0,1,0,0,0,0,1,0,0,0,80.0,0.0,0,0,No n'hi ha,-1.0,3,3,1,0,0,0,0,0,0,0,0,0,0,0,4,-1,1,Altres,-1,1,2,1,2,2,0,13.55,0,5,6,3,5
8937,2015,1,2015-05-22,SE,REUS,Baix Camp,0,0,1,0,2,0,0,0,0,2,0,0,0,100.0,0.0,0,-1,No n'hi ha,-1.0,3,3,1,0,0,0,0,0,0,0,0,0,0,0,4,-1,-1,Envestida (frontal lateral),-1,2,2,5,-1,2,1,8.15,0,2,4,22,5
8938,2015,0,2015-01-13,B-23,SANT JOAN DESPI,Baix Llobregat,3,0,1,1,2,0,0,0,1,1,0,0,0,100.0,0.0,0,2,No n'hi ha,-1.0,3,3,1,0,0,0,0,0,0,0,0,0,0,0,4,-1,1,Resta sortides de via,-1,1,2,1,2,2,1,13.49,0,1,1,13,1
8939,2015,1,2015-01-20,SE,ROSES,Alt Emporda,1,0,1,0,2,0,0,0,1,1,0,0,0,100.0,0.0,0,-1,No n'hi ha,-1.0,3,3,1,0,0,0,0,0,0,0,0,0,0,0,4,-1,-1,Altres,-1,2,2,5,-1,2,1,22.07,2,5,1,20,1
8940,2015,1,2015-05-18,SE,"MORELL, EL",Tarragones,0,1,0,0,2,1,0,0,0,1,0,0,0,100.0,0.0,0,2,No n'hi ha,-1.0,3,3,0,0,0,0,0,0,0,0,0,0,1,0,4,-1,1,Atropellament,-1,2,2,5,3,2,1,17.12,1,3,0,18,5
8941,2015,1,2015-04-16,SE,VILANOVA I LA GELTRU,Garraf,3,0,1,0,2,1,0,0,0,1,0,0,0,100.0,0.0,0,2,No n'hi ha,-1.0,3,3,1,0,0,0,0,0,0,0,0,0,0,1,4,2,1,Atropellament,2,2,2,5,-1,2,1,17.05,1,3,3,16,4
8942,2015,0,2015-12-10,B-23,MOLINS DE REI,Baix Llobregat,3,0,1,0,2,0,0,0,1,1,0,0,0,100.0,0.0,0,2,No n'hi ha,-1.0,3,3,1,0,0,0,0,0,0,0,0,0,0,0,5,-1,0,Encalç,-1,1,2,1,1,2,1,17.49,1,2,3,10,12
8943,2015,0,2015-09-07,N-340,"PERELLO, EL",Baix Ebre,0,3,1,0,4,0,0,0,0,1,3,0,0,100.0,0.0,0,2,No n'hi ha,-1.0,3,3,0,0,0,0,0,0,0,0,0,0,0,0,4,-1,1,Col·lisió frontal,-1,1,2,4,1,2,1,17.35,1,2,0,7,9
8944,2015,0,2015-08-25,N-240,PERAFORT,Tarragones,0,0,1,3,2,0,0,0,0,2,0,0,0,70.0,0.0,0,2,No n'hi ha,-1.0,3,3,1,0,0,0,0,0,0,0,0,0,0,2,4,4,1,Envestida (frontal lateral),0,1,2,4,1,2,1,11.39,0,2,1,25,8
8945,2015,1,2015-10-16,N-IIa,FIGUERES,Alt Emporda,1,0,1,0,2,1,0,0,0,1,0,0,0,100.0,0.0,0,2,No n'hi ha,-1.0,3,3,1,0,0,0,0,0,0,0,0,0,0,0,4,-1,1,Atropellament,-1,0,2,4,-1,2,1,11.2,0,3,4,16,10
8946,2015,0,2015-08-19,CR,"SENTIU DE SIO, LA",Noguera,2,1,0,0,2,0,1,0,0,0,1,0,0,100.0,0.0,0,0,No n'hi ha,-1.0,3,3,0,0,0,0,0,0,0,0,0,0,0,0,4,-1,1,Xoc contra objecte/obstacle sense sortida prèvia de via,-1,1,2,0,0,2,1,18.5,1,4,2,19,8
8947,2015,1,2015-08-27,SE,FIGUERES,Alt Emporda,1,0,1,0,2,1,0,0,0,1,0,0,0,100.0,0.0,0,0,No n'hi ha,-1.0,3,3,1,0,0,0,0,0,0,0,0,0,0,0,4,-1,0,Atropellament,-1,2,2,5,-1,2,1,12.0,0,3,3,27,8
8948,2015,0,2015-10-15,C-1414,ESPARREGUERA,Baix Llobregat,3,0,1,0,1,0,0,0,1,0,0,0,0,100.0,0.0,0,1,No n'hi ha,-1.0,3,3,1,0,0,0,0,0,0,0,0,0,0,0,1,-1,1,Xoc contra objecte/obstacle sense sortida prèvia de via,-1,1,2,4,3,2,1,19.1,1,4,3,15,10
8949,2015,0,2015-11-30,C-51,"BISBAL DEL PENEDES, LA",Baix Penedes,0,1,0,0,2,0,0,0,0,1,1,0,0,100.0,0.0,0,1,No n'hi ha,-1.0,3,3,0,0,0,0,0,0,0,0,0,0,0,0,4,-1,1,Col·lisió frontal,-1,1,2,4,1,2,1,13.17,0,2,0,30,11
8950,2015,1,2015-11-23,SE,SANT JOAN DESPI,Baix Llobregat,3,0,1,0,2,0,0,0,1,1,0,0,0,100.0,0.0,0,2,No n'hi ha,-1.0,3,3,1,0,0,0,0,0,0,0,0,0,0,1,4,4,1,Fregament o col·lisió lateral,2,2,2,5,-1,2,1,16.0,1,2,0,23,11
8951,2015,1,2015-09-14,SE,ESPLUGUES DE LLOBREGAT,Baix Llobregat,3,0,1,0,2,0,0,0,1,1,0,0,0,20.0,0.0,0,2,No n'hi ha,-1.0,3,3,1,-1,0,0,0,-1,0,0,0,0,1,1,4,4,0,Envestida (frontal lateral),2,2,2,5,-1,2,1,9.25,0,2,0,14,9
8952,2015,1,2015-05-22,C-31,CALAFELL,Baix Penedes,0,0,1,0,2,1,0,0,0,1,0,0,0,50.0,,0,2,No n'hi ha,-1.0,3,3,1,-1,0,0,0,-1,0,0,0,0,-1,1,5,2,1,Atropellament,2,0,2,4,-1,2,0,20.43,1,3,4,22,5
8953,2015,1,2015-11-10,SE,REUS,Baix Camp,0,0,1,0,2,1,0,0,0,1,0,0,0,100.0,0.0,0,2,No n'hi ha,-1.0,3,3,1,0,0,0,0,0,0,0,0,0,0,0,0,-1,1,Atropellament,-1,2,2,5,-1,2,1,21.0,1,3,1,10,11
8954,2015,1,2015-11-06,SE,SANTA PERPETUA DE MO,Valles Occidental,3,0,1,0,2,0,0,1,0,1,0,0,0,100.0,0.0,0,2,No n'hi ha,-1.0,3,3,1,0,0,0,0,0,0,0,0,0,0,1,4,4,0,Fregament o col·lisió lateral,0,2,2,5,-1,2,0,17.3,1,2,4,6,11
8955,2015,1,2015-10-10,SE,CASTELLDEFELS,Baix Llobregat,3,0,1,0,2,0,1,0,0,1,0,0,0,100.0,0.0,0,-1,No n'hi ha,-1.0,3,3,1,0,0,0,0,0,0,0,0,0,0,0,4,-1,-1,Envestida (frontal lateral),-1,2,2,5,-1,2,0,16.15,1,2,5,10,10
8956,2015,1,2015-07-21,SE,CASTELLDEFELS,Baix Llobregat,3,0,1,0,2,1,0,0,0,1,0,0,0,100.0,0.0,0,2,No n'hi ha,-1.0,3,3,1,0,0,0,0,0,0,0,0,0,0,0,4,-1,1,Atropellament,-1,2,2,5,-1,2,1,12.0,0,3,1,21,7
8957,2015,0,2015-06-09,BP-1417,BARCELONA,Barcelones,3,0,1,0,2,0,0,0,1,1,0,0,0,100.0,0.0,0,-1,No n'hi ha,-1.0,3,3,1,0,0,0,0,0,0,0,0,0,0,0,4,-1,1,Fregament o col·lisió lateral,-1,1,2,4,3,2,1,18.0,1,2,1,9,6
8958,2015,1,2015-12-23,SE,VILAFRANCA DEL PENEDES,Alt Penedes,3,0,1,0,2,1,0,0,0,1,0,0,0,20.0,0.0,0,2,No n'hi ha,-1.0,3,3,1,-1,0,0,0,-1,0,0,0,0,0,1,4,4,0,Atropellament,1,2,2,5,-1,2,1,12.15,0,3,2,23,12
8959,2015,1,2015-11-26,SE,ALTAFULLA,Tarragones,0,0,1,0,2,0,1,0,0,1,0,0,0,100.0,0.0,0,-1,No n'hi ha,-1.0,3,3,1,0,0,0,0,0,0,0,0,0,0,0,4,-1,-1,Fregament o col·lisió lateral,-1,2,2,5,-1,2,1,8.35,0,2,3,26,11
8960,2015,1,2015-05-13,SE,RUBI,Valles Occidental,3,0,1,0,2,1,0,0,0,1,0,0,0,30.0,0.0,0,2,No n'hi ha,-1.0,3,3,1,0,0,0,0,0,0,0,0,0,1,0,4,-1,1,Atropellament,-1,2,2,5,-1,2,1,10.5,0,3,2,13,5
8961,2015,0,2015-12-17,C-32,ESPLUGUES DE LLOBREGAT,Baix Llobregat,3,0,1,0,1,0,0,0,1,0,0,0,0,50.0,0.0,0,3,No n'hi ha,-1.0,3,3,1,0,0,0,0,0,0,0,0,0,0,2,5,2,0,Caiguda en la via,3,1,2,2,2,2,1,17.58,1,0,3,17,12
8962,2015,1,2015-09-29,SE,ROSES,Alt Emporda,1,0,1,0,2,1,0,0,0,1,0,0,0,20.0,0.0,0,-1,No n'hi ha,-1.0,3,3,1,-1,0,0,0,-1,0,0,0,0,0,0,4,-1,1,Atropellament,-1,2,2,5,-1,2,1,9.17,0,3,1,29,9
8963,2015,0,2015-11-01,GI-512,TORDERA,Maresme,3,0,3,1,1,0,0,0,0,1,0,0,0,100.0,0.0,0,2,No n'hi ha,-1.0,3,3,1,0,0,0,0,0,0,0,0,0,0,0,1,-1,1,Resta sortides de via,-1,1,2,4,2,2,0,7.3,0,1,6,1,11
8964,2015,0,2015-03-21,C-243c,TERRASSA,Valles Occidental,3,0,2,0,2,0,0,0,0,2,0,0,0,50.0,0.0,0,2,No n'hi ha,-1.0,1,3,1,0,0,0,1,0,0,0,0,0,0,0,4,-1,1,Col·lisió frontal,-1,1,2,4,2,1,0,11.56,0,2,5,21,3
8965,2015,1,2015-05-14,SE,BARCELONA,Barcelones,3,1,0,0,4,0,0,0,1,3,0,0,0,100.0,0.0,0,-1,No n'hi ha,-1.0,3,3,0,0,0,1,0,0,0,0,0,0,0,0,4,-1,1,Caiguda en la via,-1,2,2,5,-1,2,1,16.45,1,0,3,14,5
8966,2015,0,2015-06-10,gi-682,BLANES,Selva,1,0,1,0,2,0,0,0,1,1,0,0,0,90.0,0.0,0,-1,No n'hi ha,-1.0,3,3,1,0,0,0,0,0,0,0,0,0,0,0,4,-1,-1,Fregament o col·lisió lateral,-1,1,2,4,0,2,1,14.0,1,2,2,10,6
8967,2015,0,2015-03-23,B-682,PALAFOLLS,Maresme,3,0,1,0,2,0,0,0,0,0,2,0,0,90.0,0.0,0,2,No n'hi ha,-1.0,3,3,1,0,0,0,0,0,0,0,0,0,0,0,4,-1,1,Encalç,-1,1,2,4,3,2,1,9.5,0,2,0,23,3
8968,2015,1,2015-02-27,SE,SABADELL,Valles Occidental,3,0,1,0,2,1,0,0,0,1,0,0,0,100.0,0.0,0,2,No n'hi ha,-1.0,3,3,1,0,0,0,0,0,0,0,0,0,0,0,0,-1,1,Atropellament,-1,2,2,5,-1,2,0,19.26,1,3,4,27,2
8969,2015,1,2015-04-29,SE,VALLFOGONA DE BALAGUER,Noguera,2,0,1,0,3,1,0,0,0,2,0,0,0,30.0,0.0,0,0,No n'hi ha,-1.0,3,3,1,0,0,0,0,0,0,0,0,0,0,0,4,-1,1,Atropellament,-1,2,2,5,0,2,1,17.18,1,3,2,29,4
8970,2015,1,2015-02-20,SE,"VENDRELL, EL",Baix Penedes,0,0,1,0,2,1,0,0,0,1,0,0,0,40.0,0.0,0,-1,No n'hi ha,-1.0,3,3,1,-1,-1,0,0,-1,0,0,0,0,-1,0,4,-1,1,Atropellament,-1,2,2,5,-1,2,0,17.11,1,3,4,20,2
8971,2015,0,2015-04-12,C-32,SANT BOI DE LLOBREGAT,Baix Llobregat,3,0,1,1,2,0,0,0,1,1,0,0,0,120.0,0.0,0,-1,Sense Especificar,-1.0,3,3,1,0,0,0,0,0,0,0,0,0,0,0,4,-1,-1,Fregament o col·lisió lateral,-1,1,2,2,4,2,0,19.49,1,2,6,12,4
8972,2015,1,2015-04-28,SE,TERRASSA,Valles Occidental,3,0,2,0,1,0,0,0,0,1,0,0,0,100.0,0.0,0,-1,No n'hi ha,-1.0,3,3,1,0,0,0,0,0,0,0,0,0,0,0,4,-1,-1,Resta sortides de via,-1,2,2,5,-1,2,1,8.05,0,1,1,28,4
8973,2015,0,2015-02-07,N-260,"SEU D'URGELL, LA",Alt Urgell,2,0,1,2,1,0,0,0,0,1,0,0,0,50.0,0.0,0,2,No n'hi ha,-1.0,3,3,1,0,0,0,0,0,0,0,0,0,0,0,5,-1,1,Resta sortides de via,-1,1,2,4,1,2,0,3.53,2,1,5,7,2
8974,2015,1,2015-01-20,SE,BARCELONA,Barcelones,3,1,0,0,2,0,0,0,1,1,0,0,0,100.0,0.0,0,-1,No n'hi ha,-1.0,3,3,0,0,0,1,0,0,0,0,0,0,0,0,4,-1,1,Envestida (frontal lateral),-1,2,2,5,-1,2,1,9.1,0,2,1,20,1
8975,2015,0,2015-04-21,B-23,ESPLUGUES DE LLOBREGAT,Baix Llobregat,3,0,1,1,1,0,0,0,1,0,0,0,0,80.0,0.0,0,0,No n'hi ha,-1.0,3,3,1,0,0,0,0,0,0,0,0,0,0,0,0,-1,0,Xoc contra objecte/obstacle sense sortida prèvia de via,-1,1,2,1,3,2,1,22.2,2,4,1,21,4
8976,2015,1,2015-04-16,SE,SANT ADRIA DE BESOS,Barcelones,3,0,1,0,2,0,0,0,1,1,0,0,0,100.0,0.0,0,2,No n'hi ha,-1.0,3,3,1,0,0,0,0,0,0,0,0,0,0,0,4,-1,1,Caiguda en la via,-1,2,2,5,-1,2,1,7.2,0,0,3,16,4
8977,2015,1,2015-02-09,SE,SANT CUGAT DEL VALLES,Valles Occidental,3,0,1,0,1,0,0,0,1,0,0,0,0,100.0,0.0,0,-1,No n'hi ha,-1.0,3,3,1,0,0,0,0,0,0,0,0,0,0,0,4,-1,-1,Altres,-1,2,2,5,-1,2,1,1.17,2,5,0,9,2
8978,2015,1,2015-06-04,SE,VILANOVA I LA GELTRU,Garraf,3,0,1,0,1,0,0,1,0,0,0,0,0,100.0,0.0,0,-1,No n'hi ha,-1.0,3,3,1,0,0,0,0,0,0,0,0,0,0,0,4,-1,-1,Resta sortides de via,-1,2,2,5,-1,2,1,22.0,2,1,3,4,6
8979,2015,1,2015-11-21,SE,ROSES,Alt Emporda,1,0,1,0,2,0,0,0,1,1,0,0,0,40.0,0.0,0,-1,No n'hi ha,-1.0,3,3,1,-1,0,0,0,0,0,0,0,0,0,0,5,-1,1,Col·lisió frontal,-1,2,2,5,-1,0,0,21.1,1,2,5,21,11
8980,2015,0,2015-06-19,LP-7041,SOSES,Segria,2,0,1,0,2,0,0,0,1,1,0,0,0,100.0,0.0,0,2,No n'hi ha,-1.0,3,3,1,0,0,0,0,0,0,0,0,0,0,0,4,-1,1,Fregament o col·lisió lateral,-1,1,2,4,2,2,0,20.38,1,2,4,19,6
8981,2015,1,2015-08-15,SE,"PRAT DE LLOBREGAT, E",Baix Llobregat,3,0,3,0,1,0,0,0,0,1,0,0,0,20.0,0.0,0,-1,No n'hi ha,-1.0,3,3,1,-1,-1,0,0,-1,0,0,0,0,0,0,4,-1,-1,Xoc contra objecte/obstacle sense sortida prèvia de via,-1,2,2,5,-1,2,0,19.25,1,4,5,15,8
8982,2015,1,2015-10-28,SE,"SELVA DEL CAMP, LA",Baix Camp,0,1,0,0,2,1,0,0,0,1,0,0,0,100.0,0.0,0,2,No n'hi ha,-1.0,3,3,0,0,0,0,0,0,1,0,0,0,0,2,4,2,1,Atropellament,2,2,2,5,-1,2,1,7.4,0,3,2,28,10