,Year,Area,Date,Road,Municipality Name,County Name,Province Name,Fatalties,Serious Injuries,Light Injuries,Units Involved,Pedestrains Involved,Bicycles Involved,Mopeds Involved,Motorcycles,Light Vehicles Involved,Heavy Vehicles Involved,Other Units Involved,Unspecified Units Involved,Road Speed Limit,Accident with Hit and Run,Fog Presence,Surrounding Environment,Special Lane Presence,Special Traffic Measures,Weather Conditions,Special Road Functions,Severity of Accident,Influence of Fog,Influence of Environment,Influence of Traffic,Influence of Weather,Influence of Wind Intensity,Influence of Lighting,Influence of Special Measures,Influence of Road Objects,Influence of Road Surface,Influence of Visibility,Intersection Characteristics,Lighting Conditions,Traffic Regulation and Priority,Direction of Road,Subtype of Accident,Subtype of Road Section,Subzone within Area,Road Surface Conditions,Type of Road,Road Ownership,Wind Conditions,Day of the Week Grouping,Hour of Day,Time of Day Grouping,Type of Accident,Day Type,Day,Month
8983,2015,0,2015-11-07,BP-1417,SANT CUGAT DEL VALLES,Valles Occidental,3,0,1,3,2,0,0,0,0,2,0,0,0,100.0,0.0,0,1,No n'hi ha,-1.0,3,3,1,0,0,0,0,0,0,0,0,0,0,0,3,-1,1,Col·lisió frontal,-1,1,2,4,3,2,0,2.1,2,2,5,7,11
8984,2015,1,2015-11-25,SE,SABADELL,Valles Occidental,3,0,1,0,2,1,0,0,0,0,1,0,0,30.0,0.0,0,2,No n'hi ha,-1.0,3,3,1,0,0,0,0,0,0,0,0,0,0,0,4,-1,1,Atropellament,-1,2,2,5,-1,2,1,14.0,1,3,2,25,11
8985,2015,0,2015-12-30,BV-1203,ULLASTRELL,Valles Occidental,3,0,1,0,1,0,0,0,0,1,0,0,0,90.0,0.0,0,-1,Sense Especificar,-1.0,3,3,1,0,0,0,0,0,0,0,0,0,0,0,4,-1,-1,Resta sortides de via,-1,1,2,4,4,2,1,18.12,1,1,2,30,12
8986,2015,1,2015-10-05,SE,TERRASSA,Valles Occidental,3,0,1,0,1,0,0,1,0,0,0,0,0,100.0,0.0,0,-1,No n'hi ha,-1.0,3,3,1,0,0,0,0,0,0,0,0,0,0,0,4,-1,-1,Caiguda en la via,-1,2,2,5,-1,2,1,10.1,0,0,0,5,10
8987,2015,0,2015-05-31,C-63,LLORET DE MAR,Selva,1,0,3,1,2,0,0,0,0,2,0,0,0,100.0,0.0,0,1,No n'hi ha,-1.0,3,3,1,0,0,0,0,0,0,0,0,0,0,0,4,-1,1,Col·lisió frontal,-1,1,1,4,2,2,0,19.13,1,2,6,31,5
8988,2015,1,2015-09-24,SE,SABADELL,Valles Occidental,3,0,1,1,2,1,0,0,1,0,0,0,0,100.0,0.0,0,2,No n'hi ha,-1.0,3,3,1,0,0,0,0,0,0,0,0,0,0,0,4,-1,1,Atropellament,-1,2,2,5,-1,2,1,14.24,1,3,3,24,9
8989,2015,0,2015-11-08,B-30,BARBERA DEL VALLES,Valles Occidental,3,0,1,1,1,0,0,0,0,1,0,0,0,90.0,0.0,0,-1,Sense Especificar,-1.0,3,3,1,0,0,0,0,0,0,0,0,0,0,2,4,2,-1,Resta sortides de via,1,1,2,4,4,2,0,8.21,0,1,6,8,11
8990,2015,0,2015-10-09,N-340,SANT CARLES DE LA RAPITA,Montsia,0,0,1,1,2,0,0,0,0,1,1,0,0,100.0,0.0,0,2,No n'hi ha,-1.0,3,3,1,0,0,0,0,0,0,0,0,0,0,1,4,4,1,Envestida (frontal lateral),1,1,2,4,1,2,1,12.59,0,2,4,9,10
8991,2015,0,2015-08-15,LV-3231,AGRAMUNT,Urgell,2,0,1,0,1,0,0,0,0,1,0,0,0,90.0,0.0,0,-1,Sense Especificar,-1.0,3,3,1,0,0,0,0,0,0,0,0,0,0,0,4,-1,-1,Resta sortides de via,-1,1,2,4,4,2,0,14.35,1,1,5,15,8
8992,2015,0,2015-09-19,LV-9046,OS DE BALAGUER,Noguera,2,0,1,0,1,0,0,0,1,0,0,0,0,100.0,0.0,0,1,No n'hi ha,-1.0,3,3,1,0,0,0,0,0,0,0,0,0,0,0,4,-1,1,Resta sortides de via,-1,1,2,4,0,2,0,12.58,0,1,5,19,9
8993,2015,1,2015-06-14,SE,BARCELONA,Barcelones,3,0,1,2,2,1,0,1,0,0,0,0,0,100.0,0.0,0,-1,No n'hi ha,-1.0,3,3,1,0,0,0,0,0,0,0,0,0,0,0,4,-1,0,Atropellament,-1,2,2,5,-1,2,0,17.2,1,3,6,14,6
8994,2015,1,2015-12-04,SE,SANT ADRIA DE BESOS,Barcelones,3,0,1,0,2,0,0,0,1,1,0,0,0,100.0,0.0,0,2,No n'hi ha,-1.0,3,3,1,0,0,0,0,0,0,0,0,0,0,1,4,3,0,Fregament o col·lisió lateral,2,2,2,5,-1,2,1,14.25,1,2,4,4,12
8995,2015,0,2015-08-18,N-II,TORDERA,Maresme,3,1,0,0,2,0,0,0,0,2,0,0,0,100.0,0.0,0,2,No n'hi ha,-1.0,2,3,0,0,0,0,0,0,0,0,0,0,0,0,4,-1,1,Envestida (frontal lateral),-1,1,2,4,1,2,1,9.3,0,2,1,18,8
8996,2015,0,2015-04-03,C-45,SEROS,Segria,2,0,1,0,1,0,0,0,0,0,1,0,0,100.0,0.0,0,3,No n'hi ha,-1.0,3,3,1,0,0,0,0,0,0,0,0,0,0,0,4,-1,1,Caiguda en la via,-1,1,2,4,3,2,0,19.25,1,0,4,3,4
8997,2015,1,2015-04-07,SE,SABADELL,Valles Occidental,3,0,1,1,2,0,0,0,1,1,0,0,0,100.0,0.0,0,2,No n'hi ha,-1.0,3,3,1,0,0,0,0,0,0,0,0,0,0,0,4,-1,1,Envestida (frontal lateral),-1,2,2,5,-1,2,1,17.43,1,2,1,7,4
8998,2015,1,2015-04-14,SE,BARCELONA,Barcelones,3,0,1,1,1,0,0,0,1,0,0,0,0,100.0,0.0,0,-1,No n'hi ha,-1.0,3,3,1,0,0,0,0,0,0,0,0,0,1,0,4,-1,1,Caiguda en la via,-1,2,2,5,-1,2,1,16.2,1,0,1,14,4
8999,2015,1,2015-03-21,SE,SANT BOI DE LLOBREGAT,Baix Llobregat,3,0,1,1,3,0,0,0,1,2,0,0,0,30.0,0.0,0,2,No n'hi ha,-1.0,3,3,1,0,0,0,0,0,0,0,0,0,0,0,1,-1,0,Xoc contra objecte/obstacle sense sortida prèvia de via,-1,2,2,5,-1,1,0,18.28,1,4,5,21,3
9000,2015,1,2015-06-06,SE,LLORET DE MAR,Selva,1,0,1,0,2,1,0,0,0,1,0,0,0,100.0,0.0,0,2,No n'hi ha,-1.0,3,3,1,0,0,0,0,0,0,0,0,0,0,0,4,-1,0,Atropellament,-1,2,2,5,-1,2,0,10.0,0,3,5,6,6
9001,2015,1,2015-02-25,SE,TERRASSA,Valles Occidental,3,0,1,0,2,1,0,0,0,1,0,0,0,100.0,0.0,0,-1,No n'hi ha,-1.0,3,3,1,0,0,0,0,0,0,0,0,0,0,0,4,-1,-1,Atropellament,-1,2,2,5,-1,2,1,21.05,1,3,2,25,2
9002,2015,0,2015-03-14,N-260,ISOVOL,Cerdanya,1,0,4,2,3,0,0,0,0,3,0,0,0,80.0,0.0,0,1,No n'hi ha,-1.0,3,3,1,0,0,0,0,0,0,0,0,0,0,1,4,4,1,Envestida (frontal lateral),2,1,2,4,1,2,0,14.05,1,2,5,14,3
9003,2015,1,2015-05-08,SE,VIC,Osona,3,0,1,0,2,0,1,0,0,1,0,0,0,100.0,0.0,0,2,Carril bici,-1.0,3,3,1,0,0,0,0,0,0,0,0,0,0,0,4,-1,0,Fregament o col·lisió lateral,-1,2,3,5,-1,2,1,14.15,1,2,4,8,5
9004,2015,1,2015-02-09,SE,HOSPITALET DE LLOBREGAT,Barcelones,3,0,1,0,2,1,0,0,0,1,0,0,0,20.0,0.0,0,2,No n'hi ha,-1.0,3,3,1,-1,0,0,0,-1,0,0,0,0,0,0,4,-1,0,Atropellament,-1,2,2,5,-1,2,1,8.28,0,3,0,9,2
9005,2015,1,2015-01-22,SE,BARCELONA,Barcelones,3,0,1,0,2,1,0,0,0,0,1,0,0,100.0,0.0,0,-1,Carril habilitat en sentit contrari habitual,-1.0,3,3,1,0,0,0,0,0,0,0,0,0,0,1,4,3,1,Atropellament,2,2,2,5,-1,2,1,8.48,0,3,3,22,1
9006,2015,0,2015-03-24,N-340,CAMARLES,Baix Ebre,0,1,0,1,2,0,0,0,0,1,1,0,0,100.0,0.0,0,2,No n'hi ha,-1.0,3,3,0,0,0,0,0,0,0,0,0,0,0,0,2,-1,1,Col·lisió frontal,-1,1,2,4,1,2,1,14.23,1,2,1,24,3
9007,2015,1,2015-02-17,SE,MOLINS DE REI,Baix Llobregat,3,0,1,0,2,1,0,0,0,1,0,0,0,100.0,0.0,0,2,No n'hi ha,-1.0,3,3,1,0,0,0,0,0,0,0,0,0,0,2,1,-1,1,Atropellament,2,2,2,5,-1,2,1,19.37,1,3,1,17,2
9008,2015,0,2015-02-18,AP-7,MARTORELL,Baix Llobregat,3,0,1,0,1,0,0,0,0,0,1,0,0,80.0,0.0,0,2,No n'hi ha,-1.0,3,3,1,0,0,0,0,0,0,0,0,0,0,0,3,-1,0,Resta sortides de via,-1,1,2,2,1,2,1,3.51,2,1,2,18,2
9009,2015,1,2015-04-02,SE,VILADECANS,Baix Llobregat,3,0,1,0,2,1,0,0,0,1,0,0,0,10.0,0.0,0,-1,Sense Especificar,-1.0,3,3,1,0,0,0,0,0,0,0,0,0,0,0,4,-1,-1,Atropellament,-1,2,2,5,4,2,1,18.2,1,3,3,2,4
9010,2015,1,2015-10-29,SE,HOSPITALET DE LLOBREGAT,Barcelones,3,0,1,1,2,0,0,0,1,1,0,0,0,20.0,0.0,0,-1,No n'hi ha,-1.0,3,3,1,0,-1,0,0,0,0,0,0,0,0,1,5,5,-1,Envestida (frontal lateral),1,2,2,5,-1,2,1,20.4,1,2,3,29,10
9011,2015,1,2015-07-24,SE,CALONGE,Baix Emporda,1,0,1,0,2,0,1,0,0,1,0,0,0,30.0,0.0,0,2,No n'hi ha,-1.0,3,3,1,0,0,0,0,0,0,0,0,0,0,1,4,4,1,Envestida (frontal lateral),2,2,2,5,0,2,1,9.0,0,2,4,24,7
9012,2015,0,2015-12-06,C-59,CALDES DE MONTBUI,Valles Oriental,3,0,1,0,2,0,0,0,1,1,0,0,0,60.0,0.0,0,2,Carril central,-1.0,3,3,1,0,0,0,0,0,0,0,0,0,0,1,1,4,1,Envestida (frontal lateral),3,1,2,4,2,2,0,7.35,0,2,6,6,12
9013,2015,1,2015-06-30,SE,TARRAGONA,Tarragones,0,0,1,0,2,0,0,0,1,1,0,0,0,20.0,1.0,0,2,No n'hi ha,-1.0,3,3,1,-1,0,0,0,-1,0,0,0,0,-1,0,4,-1,1,Fregament o col·lisió lateral,-1,2,2,5,-1,2,1,14.3,1,2,1,30,6
9014,2015,0,2015-12-27,C-31,SITGES,Garraf,3,0,1,0,1,0,1,0,0,0,0,0,0,50.0,0.0,0,1,No n'hi ha,-1.0,3,3,1,0,0,0,0,0,0,0,0,0,0,1,4,4,1,Caiguda en la via,0,1,2,4,2,2,0,9.55,0,0,6,27,12
9015,2015,0,2015-12-24,N-340,SANT CARLES DE LA RAPITA,Montsia,0,0,3,0,2,0,0,0,0,2,0,0,0,100.0,0.0,0,1,No n'hi ha,-1.0,3,3,1,0,0,0,0,0,0,0,0,0,1,0,3,-1,0,Col·lisió frontal,-1,1,2,4,1,2,1,18.53,1,2,3,24,12
9016,2015,0,2015-08-22,BV-2111,SANT PERE DE RIBES,Garraf,3,0,1,0,1,0,1,0,0,0,0,0,0,100.0,0.0,0,2,No n'hi ha,-1.0,1,3,1,0,0,0,1,0,0,0,0,0,0,1,2,4,0,Caiguda en la via,0,1,2,4,3,2,0,11.03,0,0,5,22,8
9017,2015,1,2015-09-11,SE,TERRASSA,Valles Occidental,3,0,1,1,2,0,0,0,1,1,0,0,0,100.0,0.0,0,-1,No n'hi ha,-1.0,3,3,1,0,0,0,0,0,0,0,0,0,0,0,4,-1,-1,Envestida (frontal lateral),-1,2,2,5,-1,2,0,15.0,1,2,4,11,9
9018,2015,1,2015-06-09,SE,BARCELONA,Barcelones,3,0,1,0,3,0,0,0,1,2,0,0,0,100.0,0.0,0,-1,No n'hi ha,-1.0,3,3,1,0,0,0,0,0,0,0,0,0,0,1,4,3,0,Fregament o col·lisió lateral,2,2,2,5,-1,2,1,18.2,1,2,1,9,6
9019,2015,0,2015-10-15,BV-2002,CORNELLA DE LLOBREGAT,Baix Llobregat,3,0,1,0,1,0,0,0,1,0,0,0,0,100.0,0.0,0,2,No n'hi ha,-1.0,3,3,1,0,0,0,0,0,0,0,0,1,0,0,4,-1,1,Caiguda en la via,-1,1,2,4,3,2,1,17.4,1,0,3,15,10
9020,2015,1,2015-10-13,SE,FRANQUESES DEL VALLE,Valles Oriental,3,0,1,0,2,0,1,0,0,1,0,0,0,20.0,0.0,0,-1,No n'hi ha,-1.0,3,3,1,-1,0,0,0,-1,0,0,0,0,-1,1,4,4,-1,Envestida (frontal lateral),0,2,2,5,-1,2,1,13.52,0,2,1,13,10
9021,2015,0,2015-10-14,A-2,ALPICAT,Segria,2,0,1,1,2,0,0,0,0,1,1,0,0,100.0,0.0,0,2,No n'hi ha,0.0,3,3,1,0,0,0,0,0,1,1,0,0,0,0,4,-1,0,Xoc contra objecte/obstacle sense sortida prèvia de via,-1,1,2,1,1,2,1,18.55,1,4,2,14,10
9022,2015,1,2015-12-29,BP-1121,CASTELLBELL I EL VIL,Bages,3,0,2,0,2,0,0,0,0,1,1,0,0,50.0,0.0,0,1,No n'hi ha,-1.0,3,3,1,0,0,0,0,0,0,0,0,0,0,0,4,-1,1,Col·lisió frontal,-1,0,2,4,3,2,1,11.43,0,2,1,29,12
9023,2015,0,2015-12-20,N-II,PONTOS,Alt Emporda,1,0,1,3,3,0,0,0,0,3,0,0,0,80.0,0.0,0,2,No n'hi ha,-1.0,3,3,1,0,0,0,0,0,0,0,0,0,0,0,1,-1,1,Col·lisió frontal,-1,1,2,4,1,2,0,7.5,0,2,6,20,12
9024,2016,0,2016-08-19,C-62,ORISTA,Osona,3,0,1,0,2,0,0,0,1,1,0,0,0,100.0,0.0,0,3,No n'hi ha,-1.0,3,3,1,0,0,0,0,0,0,0,0,0,0,2,4,4,1,Envestida (frontal lateral),1,1,2,4,2,2,1,7.33,0,2,4,19,8
9025,2016,1,2016-05-13,SE,BARCELONA,Barcelones,3,0,1,0,2,1,0,0,0,1,0,0,0,100.0,0.0,0,-1,No n'hi ha,-1.0,3,3,1,0,0,0,0,0,0,0,0,0,0,1,4,3,1,Atropellament,2,2,2,5,-1,2,1,14.2,1,3,4,13,5
9026,2016,0,2016-07-10,C-13,TERMENS,Noguera,2,0,2,3,2,0,0,0,0,2,0,0,0,100.0,0.0,0,2,No n'hi ha,-1.0,3,3,1,0,0,0,0,0,0,0,0,0,0,0,4,-1,1,Col·lisió frontal,-1,1,2,4,2,2,0,16.51,1,2,6,10,7
9027,2016,0,2016-04-18,CR,"PONT DE SUERT, EL",Alta Ribagorca,2,0,1,0,1,0,0,0,0,0,0,1,0,40.0,0.0,0,1,No n'hi ha,-1.0,3,3,1,0,0,0,0,0,0,0,0,0,0,0,1,-1,1,Resta sortides de via,-1,1,2,3,0,2,1,20.24,1,1,0,18,4
9028,2016,1,2016-10-28,SE,LLEIDA,Segria,2,0,1,0,1,0,0,0,0,0,1,0,0,20.0,0.0,0,-1,No n'hi ha,-1.0,3,3,1,0,-1,0,0,0,0,0,0,0,0,0,4,-1,-1,Caiguda en la via,-1,2,2,5,-1,2,1,10.45,0,0,4,28,10
9029,2016,1,2016-08-26,SE,BARCELONA,Barcelones,3,0,1,1,2,0,0,0,1,1,0,0,0,100.0,0.0,0,-1,No n'hi ha,-1.0,3,3,1,0,0,0,0,0,0,0,0,0,0,1,4,2,0,Envestida (frontal lateral),2,2,2,5,-1,2,1,14.3,1,2,4,26,8
9030,2016,0,2016-01-07,C-51,"VENDRELL, EL",Baix Penedes,0,0,2,3,2,0,0,0,0,2,0,0,0,40.0,0.0,0,2,No n'hi ha,-1.0,3,3,1,0,0,0,0,0,0,0,0,0,0,2,4,4,1,Col·lisió frontal,3,1,2,4,2,2,1,15.33,1,2,3,7,1
9031,2016,1,2016-11-17,N-IIa,PALLEJA,Baix Llobregat,3,0,1,0,2,0,0,0,0,1,1,0,0,100.0,0.0,0,2,No n'hi ha,-1.0,3,3,1,0,0,0,0,0,0,0,0,0,0,1,1,4,1,Envestida (frontal lateral),2,0,2,4,1,2,1,7.3,0,2,3,17,11
9032,2016,1,2016-12-30,SE,BARCELONA,Barcelones,3,0,1,1,2,0,1,0,1,0,0,0,0,100.0,0.0,0,-1,No n'hi ha,-1.0,3,3,1,0,0,0,0,0,0,0,0,0,0,1,4,3,0,Envestida (frontal lateral),2,2,2,5,-1,2,0,15.15,1,2,4,30,12
9033,2016,1,2016-04-23,SE,ARGENCOLA,Anoia,3,0,1,0,1,0,0,0,0,1,0,0,0,20.0,0.0,0,-1,Sense Especificar,-1.0,3,3,1,0,0,0,0,0,0,0,0,0,0,0,4,-1,-1,Resta sortides de via,-1,2,2,5,-1,2,0,10.11,0,1,5,23,4
9034,2016,0,2016-04-10,LV-3025,PREIXENS,Noguera,2,0,1,0,2,0,1,0,0,1,0,0,0,70.0,0.0,0,1,No n'hi ha,-1.0,3,3,1,0,0,0,0,0,0,0,0,0,0,0,4,-1,1,Encalç,-1,1,2,4,3,2,0,12.56,0,2,6,10,4
9035,2016,0,2016-06-13,C-55,OLESA DE MONTSERRAT,Baix Llobregat,3,1,0,0,2,1,0,0,0,0,1,0,0,90.0,0.0,0,2,No n'hi ha,-1.0,3,3,0,0,0,0,0,0,0,0,0,0,0,1,4,2,1,Atropellament,3,1,2,4,2,2,1,17.05,1,3,0,13,6
9036,2016,1,2016-02-05,SE,BARCELONA,Barcelones,3,0,1,0,1,0,0,0,1,0,0,0,0,100.0,0.0,0,-1,No n'hi ha,-1.0,3,3,1,0,0,0,0,0,0,0,0,0,0,0,5,-1,0,Resta sortides de via,-1,2,2,5,-1,2,1,2.15,2,1,4,5,2
9037,2016,1,2016-05-23,SE,BARCELONA,Barcelones,3,0,1,0,1,0,0,0,0,0,1,0,0,100.0,0.0,0,-1,No n'hi ha,-1.0,3,3,1,0,0,0,0,0,0,0,0,0,0,0,5,-1,0,Caiguda en la via,-1,2,2,5,-1,2,1,21.5,1,0,0,23,5
9038,2016,1,2016-10-22,SE,BARCELONA,Barcelones,3,0,1,0,2,0,0,0,1,1,0,0,0,100.0,0.0,0,-1,No n'hi ha,-1.0,3,3,1,0,0,0,0,0,0,0,0,0,0,0,5,-1,1,Fregament o col·lisió lateral,-1,2,2,5,-1,2,0,0.1,2,2,5,22,10
9039,2016,1,2016-08-29,SE,GUISSONA,Segarra,2,0,1,0,2,0,1,0,0,1,0,0,0,40.0,0.0,0,2,No n'hi ha,-1.0,3,3,1,0,0,0,0,0,0,0,0,0,0,0,4,-1,0,Envestida (frontal lateral),-1,2,2,5,-1,2,1,21.06,1,2,0,29,8
9040,2016,1,2016-05-27,SE,CENTELLES,Osona,3,0,1,1,2,0,0,0,1,1,0,0,0,100.0,0.0,0,2,No n'hi ha,-1.0,3,3,1,0,0,0,0,0,0,0,0,0,0,1,4,5,1,Envestida (frontal lateral),2,2,2,5,-1,2,0,17.21,1,2,4,27,5
9041,2016,0,2016-08-01,C-243b,SUBIRATS,Alt Penedes,3,0,1,0,1,0,0,0,0,1,0,0,0,100.0,0.0,0,1,No n'hi ha,-1.0,3,3,1,0,0,0,0,0,0,0,0,0,0,0,4,-1,1,Resta sortides de via,-1,1,2,4,3,2,1,17.38,1,1,0,1,8
9042,2016,1,2016-09-07,SE,AMPOSTA,Montsia,0,0,1,0,2,0,0,1,0,1,0,0,0,100.0,0.0,0,2,No n'hi ha,-1.0,3,3,1,0,0,0,0,0,0,0,0,0,0,1,4,5,0,Fregament o col·lisió lateral,2,2,2,5,-1,2,1,16.49,1,2,2,7,9
9043,2016,1,2016-03-11,SE,PALAFRUGELL,Baix Emporda,1,0,1,0,1,0,0,1,0,0,0,0,0,20.0,0.0,0,-1,No n'hi ha,-1.0,3,3,1,0,0,0,0,0,0,0,0,0,0,0,1,-1,-1,Caiguda en la via,-1,2,2,5,-1,2,1,7.1,0,0,4,11,3
9044,2016,1,2016-08-12,SE,TARRAGONA,Tarragones,0,0,1,0,2,0,0,0,1,1,0,0,0,20.0,0.0,0,2,No n'hi ha,-1.0,3,3,1,-1,0,0,0,-1,0,0,0,0,-1,0,4,-1,0,Fregament o col·lisió lateral,-1,2,2,5,-1,2,0,18.47,1,2,4,12,8
9045,2016,1,2016-04-30,SE,BARCELONA,Barcelones,3,0,1,0,2,0,0,0,1,1,0,0,0,100.0,0.0,0,-1,Carril bus,-1.0,3,3,1,0,0,0,0,0,0,0,0,0,0,1,4,3,0,Caiguda en la via,2,2,0,5,-1,2,0,11.2,0,0,5,30,4
9046,2016,1,2016-10-05,SE,ESPARREGUERA,Baix Llobregat,3,0,1,0,2,1,0,0,0,1,0,0,0,20.0,0.0,0,2,No n'hi ha,-1.0,3,3,1,-1,0,0,0,-1,0,0,0,0,0,0,4,-1,0,Atropellament,-1,2,2,5,-1,2,1,10.3,0,3,2,5,10
9047,2016,0,2016-02-22,C-260,ROSES,Alt Emporda,1,0,1,0,2,0,1,0,0,1,0,0,0,80.0,0.0,0,2,No n'hi ha,-1.0,3,3,1,0,0,0,0,0,0,0,0,0,0,0,4,-1,0,Encalç,-1,1,2,4,3,2,1,11.05,0,2,0,22,2
9048,2016,0,2016-05-19,N-II,SILS,Selva,1,0,3,2,3,0,0,0,0,2,1,0,0,100.0,0.0,0,1,No n'hi ha,-1.0,3,3,1,0,0,0,0,0,0,0,0,0,0,0,4,-1,1,Col·lisió frontal,-1,1,2,4,1,2,1,18.14,1,2,3,19,5
9049,2016,0,2016-10-30,C-12,XERTA,Baix Ebre,0,1,0,1,1,0,0,0,1,0,0,0,0,100.0,0.0,0,2,No n'hi ha,-1.0,3,3,0,0,0,0,0,0,0,0,0,0,0,0,4,-1,1,Resta sortides de via,-1,1,2,4,2,2,0,11.54,0,1,6,30,10
9050,2016,0,2016-06-10,C-260,CASTELLO D'EMPURIES,Alt Emporda,1,0,1,0,2,0,1,0,0,1,0,0,0,40.0,0.0,0,2,No n'hi ha,-1.0,3,3,1,0,0,0,0,0,0,0,0,0,0,1,4,2,0,Envestida (frontal lateral),0,1,2,4,2,2,1,10.15,0,2,4,10,6
9051,2016,0,2016-01-28,A-2,ESPARREGUERA,Baix Llobregat,3,0,1,0,3,0,0,0,1,1,1,0,0,100.0,0.0,0,3,Carril acceleració,-1.0,3,3,1,0,0,0,0,0,0,0,0,0,0,1,4,4,0,Envestida (frontal lateral),3,1,2,4,1,2,1,13.47,0,2,3,28,1
9052,2016,1,2016-09-05,SE,DELTEBRE,Baix Ebre,0,0,1,1,2,0,0,1,0,1,0,0,0,100.0,0.0,0,-1,No n'hi ha,-1.0,3,3,1,0,0,0,0,0,0,0,0,0,0,0,4,-1,-1,Col·lisió frontal,-1,2,2,5,-1,2,1,0.0,2,2,0,5,9
9053,2016,1,2016-05-04,C-251,CARDEDEU,Valles Oriental,3,0,1,0,2,0,0,0,2,0,0,0,0,100.0,0.0,0,2,No n'hi ha,-1.0,3,3,1,0,0,0,0,0,0,0,0,0,0,0,4,-1,1,Encalç,-1,0,2,4,-1,2,1,15.58,1,2,2,4,5
9054,2016,1,2016-01-27,SE,BARCELONA,Barcelones,3,0,1,1,2,1,0,0,1,0,0,0,0,100.0,0.0,0,-1,No n'hi ha,-1.0,3,3,1,0,0,0,0,0,0,0,0,0,0,0,5,-1,1,Atropellament,-1,2,2,5,-1,2,1,18.2,1,3,2,27,1
9055,2016,0,2016-10-03,C-17,MALLA,Osona,3,0,1,0,1,0,0,0,1,0,0,0,0,40.0,0.0,0,0,No n'hi ha,-1.0,3,3,1,0,0,0,0,0,0,0,0,0,0,2,4,2,0,Resta sortides de via,3,1,2,4,2,2,1,15.08,1,1,0,3,10
9056,2016,0,2016-11-27,C-53,BELLCAIRE D'URGELL,Noguera,2,0,1,0,1,0,0,0,0,1,0,0,0,100.0,0.0,0,2,No n'hi ha,-1.0,3,3,1,0,0,0,0,0,0,0,0,0,0,0,3,-1,1,Resta sortides de via,-1,1,2,4,2,2,0,2.51,2,1,6,27,11
9057,2016,1,2016-12-05,SE,LLEIDA,Segria,2,0,1,0,2,0,0,0,1,1,0,0,0,20.0,0.0,0,1,Carril central,-1.0,3,3,1,-1,0,0,0,-1,0,0,0,0,-1,1,5,3,1,Encalç,2,2,2,5,-1,2,1,19.55,1,2,0,5,12
9058,2016,1,2016-05-10,SE,SANTA COLOMA DE GRAMANET,Barcelones,3,0,1,0,2,0,1,0,0,1,0,0,0,20.0,0.0,0,-1,No n'hi ha,-1.0,3,3,1,0,0,0,0,0,0,0,0,0,0,1,1,2,-1,Envestida (frontal lateral),1,2,2,5,-1,2,1,6.1,0,2,1,10,5
9059,2016,1,2016-03-14,SE,VIC,Osona,3,0,1,0,2,0,0,0,1,1,0,0,0,100.0,0.0,0,2,No n'hi ha,-1.0,3,3,1,0,0,0,0,0,0,0,0,0,0,0,4,-1,1,Caiguda en la via,-1,2,2,5,-1,2,1,9.1,0,0,0,14,3
9060,2016,1,2016-06-16,SE,ESPLUGUES DE LLOBREGAT,Baix Llobregat,3,0,1,0,2,0,0,0,1,1,0,0,0,20.0,0.0,0,2,No n'hi ha,-1.0,3,3,1,0,0,0,0,0,0,0,0,0,0,1,4,4,1,Envestida (frontal lateral),2,2,2,5,-1,2,1,12.45,0,2,3,16,6
9061,2016,1,2016-03-10,SE,HOSPITALET DE LLOBREGAT,Barcelones,3,0,1,1,3,0,1,0,0,2,0,0,0,20.0,0.0,0,-1,No n'hi ha,3.0,3,3,1,-1,0,0,0,-1,0,0,0,0,0,1,1,4,1,Envestida (frontal lateral),2,2,2,5,-1,2,1,13.13,0,2,3,10,3
9062,2016,1,2016-07-10,SE,BARCELONA,Barcelones,3,0,1,0,2,0,0,0,1,1,0,0,0,100.0,0.0,0,-1,No n'hi ha,-1.0,3,3,1,0,0,0,0,0,0,0,0,0,0,1,4,3,0,Envestida (frontal lateral),2,2,2,5,-1,2,0,16.4,1,2,6,10,7
9063,2016,0,2016-08-15,L-310,TORREFETA I FLOREJACS,Segarra,2,1,2,3,3,0,0,0,0,3,0,0,0,60.0,0.0,0,1,No n'hi ha,-1.0,3,3,0,0,0,0,0,0,0,0,0,0,0,0,4,-1,1,Col·lisió frontal,-1,1,2,4,2,2,1,15.52,1,2,0,15,8
9064,2016,1,2016-10-29,SE,CERVELLO,Baix Llobregat,3,0,1,0,1,0,0,0,0,0,0,1,0,100.0,0.0,0,3,No n'hi ha,-1.0,3,3,1,0,0,0,0,0,0,0,0,0,0,0,4,-1,1,Altres,-1,2,0,5,0,2,0,18.3,1,5,5,29,10
9065,2016,1,2016-10-10,SE,SABADELL,Valles Occidental,3,0,1,0,2,0,0,0,1,1,0,0,0,100.0,0.0,0,-1,No n'hi ha,-1.0,3,3,1,0,0,0,0,0,0,0,0,0,0,0,4,-1,-1,Envestida (frontal lateral),-1,2,2,5,-1,2,1,9.55,0,2,0,10,10
9066,2016,1,2016-05-25,SE,BARCELONA,Barcelones,3,0,1,0,1,0,0,0,1,0,0,0,0,100.0,0.0,0,-1,No n'hi ha,-1.0,3,3,1,0,0,0,0,0,0,0,0,0,0,0,5,-1,1,Xoc contra objecte/obstacle sense sortida prèvia de via,-1,2,2,5,-1,2,1,0.5,2,4,2,25,5