,Year,Area,Date,Road,Municipality Name,County Name,Province Name,Fatalties,Serious Injuries,Light Injuries,Units Involved,Pedestrains Involved,Bicycles Involved,Mopeds Involved,Motorcycles,Light Vehicles Involved,Heavy Vehicles Involved,Other Units Involved,Unspecified Units Involved,Road Speed Limit,Accident with Hit and Run,Fog Presence,Surrounding Environment,Special Lane Presence,Special Traffic Measures,Weather Conditions,Special Road Functions,Severity of Accident,Influence of Fog,Influence of Environment,Influence of Traffic,Influence of Weather,Influence of Wind Intensity,Influence of Lighting,Influence of Special Measures,Influence of Road Objects,Influence of Road Surface,Influence of Visibility,Intersection Characteristics,Lighting Conditions,Traffic Regulation and Priority,Direction of Road,Subtype of Accident,Subtype of Road Section,Subzone within Area,Road Surface Conditions,Type of Road,Road Ownership,Wind Conditions,Day of the Week Grouping,Hour of Day,Time of Day Grouping,Type of Accident,Day Type,Day,Month
9067,2016,1,2016-09-19,B-23,BARCELONA,Barcelones,3,0,2,1,2,0,0,0,1,1,0,0,0,100.0,0.0,0,-1,No n'hi ha,-1.0,3,3,1,0,0,1,0,0,0,0,0,0,0,0,4,-1,1,Encalç,-1,0,2,4,-1,2,1,9.5,0,2,0,19,9
9068,2016,1,2016-11-19,SE,TERRASSA,Valles Occidental,3,0,1,0,2,1,0,0,0,1,0,0,0,100.0,0.0,0,-1,No n'hi ha,-1.0,3,3,1,0,0,0,0,0,0,0,0,0,0,0,4,-1,-1,Atropellament,-1,2,2,5,-1,2,0,13.15,0,3,5,19,11
9069,2016,1,2016-08-08,GI-682,LLORET DE MAR,Selva,1,0,1,1,2,0,0,0,1,1,0,0,0,100.0,0.0,0,2,No n'hi ha,-1.0,3,3,1,0,0,0,0,0,0,0,0,0,0,1,4,4,1,Envestida (frontal lateral),1,0,2,4,-1,2,1,10.15,0,2,0,8,8
9070,2016,1,2016-05-26,SE,HOSPITALET DE LLOBREGAT,Barcelones,3,0,1,0,2,1,0,0,0,1,0,0,0,20.0,0.0,0,-1,No n'hi ha,-1.0,3,3,1,-1,0,0,0,-1,0,0,0,0,0,0,4,-1,0,Atropellament,-1,2,2,5,-1,2,1,17.26,1,3,3,26,5
9071,2016,1,2016-12-12,SE,BARCELONA,Barcelones,3,0,1,1,2,1,0,0,1,0,0,0,0,30.0,0.0,0,-1,No n'hi ha,-1.0,3,3,1,0,0,0,0,0,0,0,0,0,0,0,4,-1,1,Atropellament,-1,2,2,5,-1,2,1,17.0,1,3,0,12,12
9072,2016,0,2016-04-28,C-25,SANT FRUITOS DE BAGES,Bages,3,0,1,0,2,0,0,0,0,2,0,0,0,90.0,0.0,0,-1,Sense Especificar,-1.0,3,3,1,0,0,0,0,0,0,0,0,0,0,1,4,4,-1,Xoc contra objecte/obstacle sense sortida prèvia de via,3,1,2,4,4,2,1,0.2,2,4,3,28,4
9073,2016,1,2016-10-26,SE,SANT CUGAT DEL VALLES,Valles Occidental,3,0,1,0,2,0,0,1,0,1,0,0,0,40.0,0.0,0,-1,No n'hi ha,-1.0,3,3,1,-1,-1,0,0,-1,0,0,0,0,-1,1,5,4,-1,Envestida (frontal lateral),2,2,2,5,-1,2,1,22.06,2,2,2,26,10
9074,2016,0,2016-02-24,N-IIa,LLEIDA,Segria,2,1,0,0,2,1,0,0,0,1,0,0,0,100.0,0.0,0,2,No n'hi ha,-1.0,3,3,0,0,0,0,0,0,0,0,0,0,0,0,3,-1,1,Atropellament,-1,1,2,4,1,2,1,3.0,2,3,2,24,2
9075,2016,1,2016-06-29,SE,BARCELONA,Barcelones,3,0,1,0,2,0,0,0,1,0,1,0,0,100.0,0.0,0,-1,Carril bus,-1.0,3,3,1,0,0,1,0,0,0,0,0,0,0,0,4,-1,1,Encalç,-1,2,2,5,-1,2,1,13.55,0,2,2,29,6
9076,2016,1,2016-10-07,SE,TARRAGONA,Tarragones,0,0,1,0,2,1,0,0,0,0,1,0,0,100.0,0.0,0,2,No n'hi ha,-1.0,3,3,1,0,0,0,0,0,0,0,0,0,0,0,4,-1,1,Atropellament,-1,2,2,5,-1,2,0,15.2,1,3,4,7,10
9077,2016,0,2016-03-30,C-66,SERINYA,Pla de l'Estany,1,0,1,0,2,0,0,1,0,1,0,0,0,100.0,0.0,0,2,No n'hi ha,-1.0,3,3,1,0,0,0,0,0,0,0,0,0,0,0,4,-1,1,Envestida (frontal lateral),-1,1,2,4,2,2,1,10.0,0,2,2,30,3
9078,2016,1,2016-11-12,SE,MATARO,Maresme,3,0,1,0,2,1,0,0,0,1,0,0,0,20.0,0.0,0,-1,No n'hi ha,-1.0,3,3,1,0,0,0,0,0,0,0,0,0,0,0,4,-1,-1,Atropellament,-1,2,2,5,-1,2,0,16.02,1,3,5,12,11
9079,2016,0,2016-09-04,N-260,MONTFERRER I CASTELLBO,Alt Urgell,2,0,1,0,1,0,0,0,1,0,0,0,0,70.0,0.0,0,1,No n'hi ha,-1.0,3,3,1,0,0,0,0,0,0,0,0,0,0,0,4,-1,1,Xoc contra objecte/obstacle sense sortida prèvia de via,-1,1,2,4,1,2,0,14.58,1,4,6,4,9
9080,2016,1,2016-02-22,BV-1604,PARETS DEL VALLES,Valles Oriental,3,0,1,0,2,1,0,0,0,1,0,0,0,90.0,0.0,0,-1,No n'hi ha,-1.0,3,3,1,0,-1,0,0,0,0,0,0,0,0,1,1,2,-1,Atropellament,0,0,2,4,-1,2,1,19.0,1,3,0,22,2
9082,2016,0,2016-06-04,C-31,VILANOVA I LA GELTRU,Garraf,3,1,0,0,1,0,0,0,0,1,0,0,0,90.0,0.0,0,2,No n'hi ha,-1.0,3,3,0,0,0,0,0,0,0,0,0,0,0,0,1,-1,1,Resta sortides de via,-1,1,2,4,2,2,0,6.41,0,1,5,4,6
9083,2016,1,2016-11-07,SE,GIRONA,Girones,1,0,1,1,2,0,0,0,1,1,0,0,0,100.0,0.0,0,2,No n'hi ha,-1.0,3,3,1,0,0,0,0,0,0,0,0,0,0,2,4,-1,0,Col·lisió frontal,2,2,2,5,-1,2,1,14.54,1,2,0,7,11
9084,2016,0,2016-09-30,CR,GIRONELLA,Bergueda,3,0,1,0,2,1,0,0,0,1,0,0,0,50.0,0.0,0,2,No n'hi ha,-1.0,3,3,1,0,0,0,0,0,0,0,0,0,0,0,4,-1,1,Atropellament,-1,1,2,4,0,2,0,15.54,1,3,4,30,9
9085,2016,1,2016-01-18,SE,SABADELL,Valles Occidental,3,0,1,1,2,0,0,0,1,1,0,0,0,100.0,0.0,0,-1,No n'hi ha,-1.0,3,3,1,0,0,0,0,0,0,0,0,0,0,0,4,-1,-1,Envestida (frontal lateral),-1,2,2,5,-1,2,1,15.5,1,2,0,18,1
9086,2016,1,2016-09-16,SE,SABADELL,Valles Occidental,3,0,1,0,2,0,0,0,1,1,0,0,0,100.0,0.0,0,-1,No n'hi ha,-1.0,3,3,1,0,0,0,0,0,0,0,0,0,0,0,4,-1,-1,Envestida (frontal lateral),-1,2,2,5,-1,2,1,11.53,0,2,4,16,9
9087,2016,0,2016-10-26,C-16C,SANT FRUITOS DE BAGES,Bages,3,0,1,0,2,0,1,0,0,1,0,0,0,100.0,0.0,0,0,No n'hi ha,-1.0,3,3,1,0,0,0,0,0,0,0,0,0,0,0,4,-1,0,Encalç,-1,1,2,4,2,2,1,11.53,0,2,2,26,10
9088,2016,1,2016-06-28,SE,VALLS,Alt Camp,0,0,1,0,2,1,0,0,0,1,0,0,0,100.0,0.0,0,-1,No n'hi ha,-1.0,3,3,1,0,0,0,0,0,0,0,0,0,0,0,4,-1,-1,Atropellament,-1,2,2,5,-1,2,1,20.0,1,3,1,28,6
9089,2016,1,2016-10-15,SE,VALLIRANA,Baix Llobregat,3,0,1,0,2,0,0,0,1,1,0,0,0,60.0,0.0,0,2,No n'hi ha,-1.0,3,3,1,0,0,0,0,0,0,0,0,0,0,1,4,2,1,Altres,3,2,2,5,1,2,0,13.25,0,5,5,15,10
9090,2016,1,2016-06-25,SE,MATARO,Maresme,3,0,1,0,1,0,1,0,0,0,0,0,0,20.0,0.0,0,0,No n'hi ha,-1.0,3,3,1,-1,1,0,0,-1,0,0,0,0,-1,0,4,-1,1,Caiguda en la via,-1,2,2,5,0,2,0,14.35,1,0,5,25,6
9091,2016,1,2016-09-19,SE,BARCELONA,Barcelones,3,0,1,0,2,1,0,0,0,1,0,0,0,100.0,0.0,0,-1,No n'hi ha,-1.0,3,3,1,0,0,0,0,0,0,0,0,0,0,1,5,3,1,Atropellament,2,2,2,5,-1,2,1,0.34,2,3,0,19,9
9092,2016,0,2016-07-29,AP-7,FOGARS DE TORDERA,Selva,3,0,1,1,2,0,0,0,0,0,2,0,0,120.0,0.0,0,2,No n'hi ha,-1.0,3,3,1,0,0,0,0,0,0,0,0,0,0,0,4,-1,0,Encalç,-1,1,2,4,4,2,1,14.33,1,2,4,29,7
9093,2016,1,2016-10-31,SE,LLICA D'AMUNT,Valles Oriental,3,0,2,1,4,3,0,0,0,1,0,0,0,100.0,0.0,0,-1,No n'hi ha,-1.0,3,3,1,0,0,0,0,0,0,0,0,0,0,0,4,-1,-1,Atropellament,-1,2,2,5,-1,2,1,20.08,1,3,0,31,10
9094,2016,1,2016-01-18,SE,OLOT,Garrotxa,1,1,0,0,2,1,0,0,0,1,0,0,0,100.0,0.0,0,2,No n'hi ha,-1.0,3,3,0,0,0,0,0,0,0,0,0,0,0,0,5,-1,1,Atropellament,-1,2,2,5,-1,2,1,23.41,2,3,0,18,1
9095,2016,1,2016-10-19,SE,LLORET DE MAR,Selva,1,0,1,0,2,0,0,0,1,1,0,0,0,100.0,0.0,0,-1,No n'hi ha,-1.0,3,3,1,0,0,0,0,0,0,0,0,0,0,0,4,-1,-1,Envestida (frontal lateral),-1,2,2,5,-1,2,1,14.05,1,2,2,19,10
9096,2016,1,2016-05-08,SE,BARCELONA,Barcelones,3,0,1,0,2,0,0,0,1,1,0,0,0,100.0,0.0,0,-1,No n'hi ha,-1.0,1,3,1,0,0,0,0,0,0,0,0,0,0,1,4,2,0,Envestida (frontal lateral),2,2,0,5,-1,2,0,14.5,1,2,6,8,5
9097,2016,1,2016-11-13,SE,BADALONA,Barcelones,3,0,1,0,1,0,0,1,0,0,0,0,0,20.0,0.0,0,-1,No n'hi ha,-1.0,3,3,1,-1,0,0,0,-1,0,0,0,0,0,1,4,3,0,Caiguda en la via,2,2,2,5,-1,2,0,11.05,0,0,6,13,11
9098,2016,1,2016-05-13,SE,SALOU,Tarragones,0,0,1,0,2,0,0,1,0,1,0,0,0,100.0,0.0,0,2,No n'hi ha,-1.0,3,3,1,0,0,0,0,0,0,0,0,0,0,1,4,4,1,Envestida (frontal lateral),2,2,2,5,-1,2,1,14.45,1,2,4,13,5
9099,2016,1,2016-05-28,SE,SANTA COLOMA DE FARNERS,Selva,1,0,1,0,2,0,0,0,1,1,0,0,0,50.0,0.0,0,2,No n'hi ha,-1.0,3,3,1,0,0,0,0,0,0,0,0,0,0,1,5,4,1,Envestida (frontal lateral),1,2,2,5,2,2,0,22.15,2,2,5,28,5
9100,2016,0,2016-08-30,A-7,LA CANONJA,Tarragones,0,0,1,1,2,0,0,0,0,1,1,0,0,100.0,0.0,0,3,No n'hi ha,-1.0,3,3,1,0,0,0,0,0,0,0,0,0,0,0,3,-1,0,Encalç,-1,1,2,1,1,2,1,1.27,2,2,1,30,8
9101,2016,1,2016-02-25,SE,BARCELONA,Barcelones,3,0,1,1,3,2,0,0,1,0,0,0,0,30.0,0.0,0,-1,No n'hi ha,-1.0,3,3,1,0,0,0,0,0,0,0,0,0,0,1,5,4,0,Atropellament,2,2,2,5,-1,2,1,20.05,1,3,3,25,2
9102,2016,1,2016-08-13,SE,AITONA,Segria,2,0,1,1,2,0,0,0,0,2,0,0,0,50.0,0.0,0,2,No n'hi ha,-1.0,3,3,1,0,0,0,0,0,0,0,0,0,0,1,4,5,1,Col·lisió frontal,2,2,2,5,-1,2,0,8.11,0,2,5,13,8
9103,2016,0,2016-05-31,C-1414,ESPARREGUERA,Baix Llobregat,3,0,2,0,1,0,0,0,0,1,0,0,0,100.0,0.0,0,3,No n'hi ha,-1.0,3,3,1,0,0,0,0,0,0,0,0,0,0,0,4,-1,1,Resta sortides de via,-1,1,2,4,3,2,1,17.01,1,1,1,31,5
9104,2016,0,2016-11-01,BP-1417,SANT CUGAT DEL VALLES,Valles Occidental,3,0,1,0,1,0,0,0,1,0,0,0,0,50.0,0.0,0,-1,No n'hi ha,-1.0,3,3,1,0,0,0,0,0,0,0,0,0,0,0,4,-1,1,Caiguda en la via,-1,1,2,4,3,2,1,18.0,1,0,1,1,11
9105,2016,0,2016-12-17,C-35,SANTA MARIA DE PALAU,Valles Oriental,3,0,2,1,2,0,0,0,1,1,0,0,0,100.0,0.0,0,2,No n'hi ha,-1.0,3,3,1,0,0,0,0,0,0,0,0,0,0,1,0,4,1,Envestida (frontal lateral),1,1,2,4,2,2,0,21.32,1,2,5,17,12
9106,2016,0,2016-10-31,B-10,SANT ADRIA DE BESOS,Barcelones,3,0,1,1,2,0,0,0,1,1,0,0,0,80.0,0.0,0,1,No n'hi ha,-1.0,3,3,1,0,0,1,0,0,0,0,0,0,0,0,4,-1,1,Caiguda en la via,-1,1,2,4,1,2,1,14.29,1,0,0,31,10
9107,2016,1,2016-04-22,SE,TERRASSA,Valles Occidental,3,0,1,0,2,0,1,0,0,1,0,0,0,100.0,0.0,0,-1,No n'hi ha,-1.0,3,3,1,0,0,0,0,0,0,0,0,0,0,0,4,-1,-1,Envestida (frontal lateral),-1,2,2,5,-1,2,1,11.1,0,2,4,22,4
9108,2016,1,2016-06-27,SE,RUBI,Valles Occidental,3,0,1,0,2,0,0,0,1,1,0,0,0,100.0,0.0,0,2,No n'hi ha,-1.0,3,3,1,0,0,0,0,0,0,0,0,0,0,1,4,4,0,Caiguda en la via,2,2,2,5,-1,2,1,13.3,0,0,0,27,6
9109,2016,1,2016-05-28,SE,SANT FELIU DE LLOBREGAT,Baix Llobregat,3,0,1,0,2,1,0,0,0,1,0,0,0,20.0,0.0,0,-1,No n'hi ha,-1.0,3,3,1,-1,-1,0,0,-1,0,0,0,0,-1,1,4,2,-1,Atropellament,2,2,2,5,-1,2,0,20.21,1,3,5,28,5
9110,2016,1,2016-11-15,SE,BARCELONA,Barcelones,3,0,1,0,2,0,0,0,1,1,0,0,0,100.0,0.0,0,-1,No n'hi ha,-1.0,3,3,1,0,0,0,0,0,0,0,0,0,0,0,4,-1,1,Encalç,-1,2,2,5,-1,2,1,15.3,1,2,1,15,11
9111,2016,1,2016-01-01,SE,VILANOVA I LA GELTRU,Garraf,3,0,1,0,2,1,0,0,1,0,0,0,0,100.0,0.0,0,-1,No n'hi ha,-1.0,3,3,1,0,0,0,0,0,0,0,0,0,0,0,4,-1,-1,Atropellament,-1,2,2,5,-1,2,0,18.0,1,3,4,1,1
9112,2016,0,2016-09-18,C-37,QUEROL,Alt Camp,0,0,1,1,2,0,0,0,2,0,0,0,0,100.0,0.0,0,0,No n'hi ha,-1.0,3,3,1,0,0,0,0,0,0,0,0,0,0,0,4,-1,1,Envestida (frontal lateral),-1,1,2,4,2,2,0,11.27,0,2,6,18,9
9113,2016,1,2016-02-19,SE,MATADEPERA,Valles Occidental,3,0,1,0,2,0,1,0,0,1,0,0,0,100.0,0.0,0,2,No n'hi ha,-1.0,3,3,1,0,0,0,0,0,0,0,0,0,0,1,1,4,1,Envestida (frontal lateral),0,2,2,5,-1,2,1,8.39,0,2,4,19,2
9114,2016,1,2016-09-16,SE,MANRESA,Bages,3,0,1,0,1,0,0,0,0,0,1,0,0,100.0,0.0,0,2,No n'hi ha,-1.0,3,3,1,0,0,0,0,0,0,0,0,0,0,2,4,4,1,Altres,2,2,2,5,-1,2,1,13.5,0,5,4,16,9
9115,2016,0,2016-06-28,CR,SANTA COLOMA DE FARNERS,Selva,1,2,0,0,1,0,0,0,0,1,0,0,0,100.0,0.0,0,0,No n'hi ha,-1.0,3,3,0,0,0,0,0,0,0,0,0,1,0,0,4,-1,1,Resta sortides de via,-1,1,0,3,4,2,1,19.58,1,1,1,28,6
9116,2016,1,2016-08-29,SE,BARCELONA,Barcelones,3,0,1,0,2,1,0,0,0,1,0,0,0,100.0,0.0,0,-1,No n'hi ha,-1.0,3,3,1,0,0,1,0,0,0,0,0,0,0,0,5,-1,0,Atropellament,-1,2,2,5,-1,2,1,21.15,1,3,0,29,8
9117,2016,1,2016-06-22,SE,TARRAGONA,Tarragones,0,0,1,0,2,0,0,0,1,1,0,0,0,20.0,0.0,0,2,No n'hi ha,-1.0,3,3,1,-1,0,0,0,-1,0,0,0,0,-1,1,4,4,0,Envestida (frontal lateral),2,2,2,5,-1,2,1,14.32,1,2,2,22,6
9118,2016,0,2016-05-16,C-16,SANT CUGAT DEL VALLES,Valles Occidental,3,0,2,0,1,0,0,0,1,0,0,0,0,60.0,0.0,0,1,No n'hi ha,-1.0,3,3,1,0,0,0,0,0,0,0,0,0,0,2,4,2,0,Resta sortides de via,3,1,2,4,2,2,1,18.09,1,1,0,16,5
9119,2016,1,2016-04-30,GI-682,BLANES,Selva,1,0,1,0,1,0,0,1,0,0,0,0,0,100.0,0.0,0,-1,No n'hi ha,-1.0,3,3,1,0,0,0,0,0,0,0,0,0,0,0,4,-1,-1,Resta sortides de via,-1,0,2,4,-1,2,0,15.26,1,1,5,30,4
9121,2016,0,2016-08-07,N-II,MATARO,Maresme,3,0,1,2,2,0,1,0,1,0,0,0,0,80.0,0.0,0,3,No n'hi ha,-1.0,3,3,1,0,0,0,0,0,0,0,0,0,0,0,4,-1,1,Encalç,-1,1,2,4,1,2,0,18.58,1,2,6,7,8
9122,2016,1,2016-05-04,SE,MATARO,Maresme,3,0,1,0,2,0,0,0,1,1,0,0,0,20.0,0.0,0,-1,No n'hi ha,-1.0,3,3,1,0,0,0,0,0,0,0,0,0,0,0,4,-1,-1,Envestida (frontal lateral),-1,2,2,5,-1,2,1,9.45,0,2,2,4,5
9123,2016,0,2016-08-31,A-2,CASTELLOLI,Anoia,3,0,1,0,1,0,0,0,1,0,0,0,0,90.0,0.0,0,-1,Sense Especificar,-1.0,3,3,1,0,0,0,0,0,0,0,0,0,0,0,4,-1,-1,Altres,-1,1,2,4,4,2,1,11.04,0,5,2,31,8
9124,2016,0,2016-12-31,C-245,CORNELLA DE LLOBREGAT,Baix Llobregat,3,0,2,1,2,0,1,0,1,0,0,0,0,80.0,0.0,0,2,No n'hi ha,-1.0,3,3,1,0,0,0,0,0,0,0,0,0,0,2,4,2,0,Encalç,3,1,2,4,2,2,0,10.38,0,2,5,31,12
9125,2016,1,2016-07-17,SE,TORELLO,Osona,3,0,1,0,2,0,1,0,0,1,0,0,0,100.0,0.0,0,2,No n'hi ha,-1.0,3,3,1,0,0,0,0,0,0,0,0,0,0,1,4,5,1,Col·lisió frontal,1,2,2,5,3,2,0,8.1,0,2,6,17,7
9126,2016,1,2016-10-18,SE,BARCELONA,Barcelones,3,0,1,0,2,1,0,0,0,1,0,0,0,100.0,0.0,0,-1,No n'hi ha,-1.0,3,3,1,0,0,0,0,0,0,0,0,0,1,1,4,3,0,Atropellament,2,2,2,5,-1,2,1,9.5,0,3,1,18,10
9127,2016,1,2016-03-09,SE,VILAFRANCA DEL PENEDES,Alt Penedes,3,0,1,0,2,1,0,0,0,1,0,0,0,20.0,0.0,0,2,No n'hi ha,-1.0,3,3,1,-1,0,0,0,-1,0,0,0,0,0,1,5,2,0,Atropellament,1,2,2,5,-1,2,1,19.38,1,3,2,9,3
9128,2016,1,2016-05-03,SE,BADALONA,Barcelones,3,1,0,0,2,1,0,0,0,1,0,0,0,20.0,0.0,0,-1,No n'hi ha,-1.0,3,3,0,-1,0,0,0,-1,0,0,0,0,-1,0,4,-1,1,Atropellament,-1,2,2,5,-1,2,1,11.4,0,3,1,3,5
9129,2016,1,2016-09-18,SE,BARCELONA,Barcelones,3,0,1,0,2,0,0,0,1,1,0,0,0,100.0,0.0,0,-1,No n'hi ha,-1.0,3,3,1,0,0,0,0,0,0,0,0,0,0,1,5,3,0,Encalç,2,2,2,5,-1,2,0,4.35,2,2,6,18,9
9130,2016,0,2016-05-22,BV-2115,CASTELLET I LA GORNA,Alt Penedes,3,0,1,0,1,0,0,0,1,0,0,0,0,100.0,0.0,0,2,No n'hi ha,-1.0,3,3,1,0,0,0,0,0,0,0,0,0,0,0,4,-1,1,Xoc contra objecte/obstacle sense sortida prèvia de via,-1,1,2,4,3,2,0,12.23,0,4,6,22,5
9131,2016,1,2016-08-09,SE,BADALONA,Barcelones,3,0,2,0,2,0,0,0,1,1,0,0,0,20.0,0.0,0,-1,No n'hi ha,-1.0,3,3,1,-1,0,0,0,-1,0,0,0,0,0,1,4,4,0,Envestida (frontal lateral),0,2,2,5,-1,2,1,19.05,1,2,1,9,8
9132,2016,1,2016-02-14,SE,TORROELLA DE MONTGRI,Baix Emporda,1,0,1,0,2,0,1,0,0,1,0,0,0,20.0,0.0,0,3,No n'hi ha,-1.0,3,3,1,-1,0,0,0,-1,0,0,0,0,0,0,4,-1,0,Xoc contra objecte/obstacle sense sortida prèvia de via,-1,2,2,5,-1,2,0,11.5,0,4,6,14,2
9133,2016,1,2016-02-03,SE,BARCELONA,Barcelones,3,0,1,0,2,0,0,0,1,0,1,0,0,80.0,0.0,0,-1,No n'hi ha,-1.0,3,3,1,0,0,0,0,0,0,0,0,0,0,0,5,-1,1,Fregament o col·lisió lateral,-1,2,2,5,-1,2,1,20.3,1,2,2,3,2
9134,2016,1,2016-08-30,SE,BARCELONA,Barcelones,3,0,1,0,2,1,0,0,1,0,0,0,0,100.0,0.0,0,-1,No n'hi ha,-1.0,3,3,1,0,0,0,0,0,0,0,0,0,0,1,4,2,1,Atropellament,1,2,2,5,-1,2,1,11.06,0,3,1,30,8
9135,2016,1,2016-11-08,C-246a,VILANOVA I LA GELTRU,Garraf,3,0,1,0,2,0,0,0,1,0,1,0,0,100.0,0.0,0,2,No n'hi ha,-1.0,3,3,1,0,0,0,0,0,0,0,0,0,0,1,4,5,1,Envestida (frontal lateral),3,0,2,4,-1,2,1,15.25,1,2,1,8,11
9136,2016,1,2016-09-27,SE,"VILOSELL, EL",Garrigues,2,0,1,1,2,1,0,0,0,0,1,0,0,20.0,0.0,0,-1,Sense Especificar,-1.0,3,3,1,0,0,0,0,0,0,0,0,0,0,0,4,-1,-1,Atropellament,-1,2,2,5,-1,2,1,15.5,1,3,1,27,9
9137,2016,1,2016-08-22,C-253,PALAMOS,Baix Emporda,1,0,2,0,2,0,0,0,1,1,0,0,0,50.0,0.0,0,2,No n'hi ha,-1.0,3,3,1,0,0,0,0,0,0,0,0,0,0,1,4,4,0,Fregament o col·lisió lateral,1,0,2,4,0,2,1,17.3,1,2,0,22,8
9138,2016,0,2016-02-07,CR,MURA,Bages,3,0,1,0,1,0,1,0,0,0,0,0,0,30.0,0.0,0,0,No n'hi ha,-1.0,3,3,1,0,0,0,0,0,0,0,0,0,0,0,2,-1,1,Caiguda en la via,-1,1,2,4,0,2,0,10.27,0,0,6,7,2
9139,2016,0,2016-11-21,C-243C,CASTELLBISBAL,Valles Occidental,3,0,1,0,2,0,0,0,0,1,1,0,0,100.0,0.0,0,1,No n'hi ha,-1.0,2,3,1,0,0,0,0,0,0,0,0,0,0,1,2,4,1,Altres,1,1,2,4,2,2,1,10.12,0,5,0,21,11
9140,2016,1,2016-06-22,SE,LLEIDA,Segria,2,0,1,0,2,0,0,0,1,1,0,0,0,20.0,,0,-1,No n'hi ha,-1.0,3,3,1,-1,0,0,0,-1,0,0,0,1,0,0,4,-1,1,Xoc contra objecte/obstacle sense sortida prèvia de via,-1,2,2,5,0,2,1,19.4,1,4,2,22,6
9141,2016,1,2016-08-01,SE,"GRANADELLA, LA",Garrigues,2,0,1,0,2,1,0,0,0,1,0,0,0,20.0,0.0,0,-1,Sense Especificar,-1.0,3,3,1,0,0,0,0,0,0,0,0,0,0,1,4,5,-1,Atropellament,1,2,2,5,-1,2,1,10.29,0,3,0,1,8
9142,2016,0,2016-07-07,B-10,HOSPITALET DE LLOBREGAT,Barcelones,3,0,1,0,2,0,0,0,0,0,2,0,0,100.0,0.0,0,1,Carril acceleració,-1.0,3,3,1,0,0,0,0,0,0,0,0,0,0,0,4,-1,0,Encalç,-1,1,2,4,1,2,1,8.38,0,2,3,7,7
9143,2016,1,2016-05-02,SE,CARDEDEU,Valles Oriental,3,0,1,0,1,0,0,0,0,1,0,0,0,100.0,0.0,0,3,No n'hi ha,-1.0,3,3,1,0,0,0,0,0,0,0,0,0,0,1,5,5,0,Xoc contra objecte/obstacle sense sortida prèvia de via,3,2,2,5,-1,2,1,1.5,2,4,0,2,5
9144,2016,1,2016-04-24,SE,BARCELONA,Barcelones,3,0,1,0,2,0,0,0,1,1,0,0,0,100.0,0.0,0,-1,No n'hi ha,-1.0,3,3,1,0,0,0,0,0,0,0,0,0,0,1,4,3,1,Encalç,2,2,2,5,-1,2,0,11.2,0,2,6,24,4
9145,2016,1,2016-03-04,B-500,BADALONA,Barcelones,3,1,0,0,1,0,0,0,1,0,0,0,0,90.0,0.0,0,-1,No n'hi ha,-1.0,3,3,0,-1,0,0,0,-1,0,0,0,0,-1,1,5,3,1,Xoc contra objecte/obstacle sense sortida prèvia de via,2,0,2,4,-1,2,0,23.47,2,4,4,4,3
9146,2016,0,2016-03-25,L-512,ARTESA DE SEGRE,Noguera,2,0,1,0,1,0,0,0,1,0,0,0,0,100.0,0.0,0,3,No n'hi ha,-1.0,3,3,1,0,0,0,0,0,0,0,0,0,0,0,1,-1,1,Xoc contra objecte/obstacle sense sortida prèvia de via,-1,1,2,4,2,2,0,19.59,1,4,4,25,3
9147,2016,0,2016-10-15,C-1415c,ARGENTONA,Maresme,3,0,1,0,2,0,1,0,0,1,0,0,0,50.0,0.0,0,3,No n'hi ha,-1.0,3,3,1,0,0,0,0,0,0,0,0,0,0,0,4,-1,1,Altres,-1,1,2,4,3,2,0,13.05,0,5,5,15,10
9148,2016,0,2016-09-22,CR,ALCANAR,Montsia,0,1,0,0,1,0,0,1,0,0,0,0,0,100.0,0.0,0,2,No n'hi ha,-1.0,3,3,0,0,0,0,0,0,0,0,0,0,0,2,3,4,1,Altres,1,1,2,3,0,2,1,5.0,2,5,3,22,9
9149,2016,0,2016-04-15,N-II,CALDES DE MALAVELLA,Selva,1,0,1,0,2,0,0,0,1,0,1,0,0,100.0,0.0,0,3,No n'hi ha,-1.0,3,3,1,0,0,0,0,0,0,0,0,0,0,0,4,-1,0,Altres,-1,1,2,3,1,2,1,13.56,0,5,4,15,4
9150,2016,0,2016-10-11,T-722,VILALLONGA DEL CAMP,Tarragones,0,0,1,0,3,0,0,0,1,1,1,0,0,100.0,0.0,0,2,No n'hi ha,-1.0,3,3,1,0,0,0,0,0,0,0,0,0,0,1,4,4,1,Col·lisió frontal,2,1,2,4,3,2,1,18.1,1,2,1,11,10
9151,2016,0,2016-08-31,C-17,MONTCADA I REIXAC,Valles Occidental,3,1,0,0,2,0,0,0,1,0,1,0,0,100.0,0.0,0,-1,No n'hi ha,-1.0,3,3,0,0,0,0,0,0,0,0,0,0,0,0,4,-1,-1,Encalç,-1,1,2,4,-1,2,1,7.13,0,2,2,31,8
9152,2016,1,2016-05-13,SE,MARTORELL,Baix Llobregat,3,0,1,0,2,1,0,0,0,1,0,0,0,20.0,0.0,0,-1,Sense Especificar,-1.0,3,3,1,0,0,0,0,0,0,0,0,0,0,1,4,2,-1,Atropellament,1,2,2,5,-1,2,0,16.3,1,3,4,13,5
9153,2016,0,2016-04-05,B-204,SANT BOI DE LLOBREGAT,Baix Llobregat,3,0,1,1,3,2,0,0,0,0,1,0,0,90.0,0.0,0,2,No n'hi ha,-1.0,1,3,1,-1,0,0,0,-1,0,0,0,0,-1,0,2,-1,1,Atropellament,-1,1,0,4,0,2,1,8.55,0,3,1,5,4