,Year,Area,Date,Road,Municipality Name,County Name,Province Name,Fatalties,Serious Injuries,Light Injuries,Units Involved,Pedestrains Involved,Bicycles Involved,Mopeds Involved,Motorcycles,Light Vehicles Involved,Heavy Vehicles Involved,Other Units Involved,Unspecified Units Involved,Road Speed Limit,Accident with Hit and Run,Fog Presence,Surrounding Environment,Special Lane Presence,Special Traffic Measures,Weather Conditions,Special Road Functions,Severity of Accident,Influence of Fog,Influence of Environment,Influence of Traffic,Influence of Weather,Influence of Wind Intensity,Influence of Lighting,Influence of Special Measures,Influence of Road Objects,Influence of Road Surface,Influence of Visibility,Intersection Characteristics,Lighting Conditions,Traffic Regulation and Priority,Direction of Road,Subtype of Accident,Subtype of Road Section,Subzone within Area,Road Surface Conditions,Type of Road,Road Ownership,Wind Conditions,Day of the Week Grouping,Hour of Day,Time of Day Grouping,Type of Accident,Day Type,Day,Month
9154,2016,0,2016-07-30,GI-614,ROSES,Alt Emporda,1,0,1,0,2,0,1,0,1,0,0,0,0,100.0,0.0,0,3,No n'hi ha,-1.0,3,3,1,0,0,0,0,0,0,0,0,0,0,0,4,-1,1,Fregament o col·lisió lateral,-1,1,2,4,1,2,0,9.55,0,2,5,30,7
9155,2016,0,2016-03-20,BV-2115,CASTELLET I LA GORNA,Alt Penedes,3,0,1,0,1,0,0,0,1,0,0,0,0,100.0,0.0,0,2,No n'hi ha,-1.0,3,3,1,0,0,0,0,0,0,0,0,0,0,0,3,-1,1,Resta sortides de via,-1,1,2,4,3,2,0,20.46,1,1,6,20,3
9156,2016,1,2016-11-03,SE,BARCELONA,Barcelones,3,0,1,1,2,1,0,0,1,0,0,0,0,100.0,0.0,0,-1,Carril bus,-1.0,3,3,1,0,0,0,0,0,0,0,0,0,1,1,1,3,0,Atropellament,2,2,2,5,-1,2,1,18.05,1,3,3,3,11
9157,2016,1,2016-12-24,SE,SABADELL,Valles Occidental,3,0,1,1,1,0,0,0,0,1,0,0,0,100.0,0.0,0,-1,No n'hi ha,-1.0,3,3,1,0,0,0,0,0,0,0,0,0,0,0,4,-1,-1,Xoc contra objecte/obstacle sense sortida prèvia de via,-1,2,2,5,-1,2,0,7.25,0,4,5,24,12
9158,2016,1,2016-06-21,SE,VILAFRANCA DEL PENEDES,Alt Penedes,3,0,1,0,2,1,0,0,0,1,0,0,0,20.0,0.0,0,-1,No n'hi ha,-1.0,3,3,1,-1,0,0,0,-1,0,0,0,0,0,1,4,2,0,Atropellament,1,2,2,5,0,2,1,20.0,1,3,1,21,6
9159,2016,1,2016-07-27,SE,CAMBRILS,Baix Camp,0,0,1,0,2,1,0,0,0,1,0,0,0,30.0,0.0,0,0,No n'hi ha,-1.0,3,3,1,0,0,0,0,0,0,0,0,0,0,0,4,-1,1,Atropellament,-1,2,2,5,-1,2,1,11.45,0,3,2,27,7
9160,2016,0,2016-10-19,CR,GOLMES,Pla d'Urgell,2,0,1,0,2,0,1,0,0,1,0,0,0,60.0,0.0,0,1,No n'hi ha,-1.0,3,3,1,0,0,0,0,0,0,0,0,0,0,0,4,-1,1,Encalç,-1,1,2,3,0,2,1,9.13,0,2,2,19,10
9161,2016,1,2016-05-25,SE,BADALONA,Barcelones,3,0,1,0,2,1,0,0,0,1,0,0,0,20.0,1.0,0,2,No n'hi ha,-1.0,3,3,1,-1,0,0,0,-1,0,0,0,0,-1,0,4,-1,1,Atropellament,-1,2,2,5,-1,2,1,11.28,0,3,2,25,5
9162,2016,0,2016-08-01,C-16,SANT CUGAT DEL VALLES,Valles Occidental,3,0,1,0,2,0,0,0,1,1,0,0,0,110.0,0.0,0,2,No n'hi ha,-1.0,3,3,1,0,0,0,0,0,0,0,0,0,0,0,5,-1,0,Fregament o col·lisió lateral,-1,1,2,4,2,2,1,14.09,1,2,0,1,8
9163,2016,1,2016-09-08,SE,CALDES DE MALAVELLA,Selva,1,0,1,0,2,0,1,0,0,1,0,0,0,100.0,0.0,0,-1,No n'hi ha,-1.0,3,3,1,0,0,0,0,0,0,0,0,0,0,0,4,-1,-1,Envestida (frontal lateral),-1,2,2,5,-1,2,1,16.0,1,2,3,8,9
9164,2016,0,2016-10-16,N-240,LLEIDA,Segria,2,1,1,2,3,0,0,0,0,3,0,0,0,100.0,0.0,0,-1,No n'hi ha,-1.0,3,3,0,0,0,0,0,0,1,0,0,0,1,0,4,-1,-1,Col·lisió frontal,-1,1,2,4,-1,2,0,1.0,2,2,6,16,10
9165,2016,0,2016-10-31,T-11,TARRAGONA,Tarragones,0,0,1,0,1,0,0,0,0,1,0,0,0,40.0,0.0,0,2,No n'hi ha,-1.0,3,3,1,0,0,0,0,0,0,0,0,0,0,1,5,4,0,Resta sortides de via,0,1,2,4,1,2,1,5.23,2,1,0,31,10
9166,2016,1,2016-09-28,SE,ROQUETES,Baix Ebre,0,0,1,0,2,0,0,1,0,1,0,0,0,40.0,,0,2,Carril central,-1.0,3,3,1,-1,1,0,0,-1,0,0,0,0,1,1,5,5,0,Envestida (frontal lateral),2,2,2,5,-1,2,1,21.45,1,2,2,28,9
9167,2016,1,2016-06-14,SE,TERRASSA,Valles Occidental,3,0,1,0,1,0,0,0,1,0,0,0,0,100.0,0.0,0,-1,No n'hi ha,-1.0,3,3,1,0,0,0,0,0,0,0,0,0,0,0,4,-1,-1,Altres,-1,2,2,5,-1,2,1,4.09,2,5,1,14,6
9168,2016,1,2016-08-12,SE,GAVA,Baix Llobregat,3,0,1,0,1,0,0,0,0,1,0,0,0,50.0,0.0,0,2,No n'hi ha,-1.0,3,3,1,-1,0,0,0,-1,0,0,0,0,-1,0,4,-1,1,Sortida de via amb xoc o col·lisió,-1,2,2,5,-1,2,0,15.45,1,1,4,12,8
9169,2016,1,2016-03-11,SE,SABADELL,Valles Occidental,3,0,1,1,3,2,0,0,0,0,1,0,0,100.0,0.0,0,-1,No n'hi ha,-1.0,3,3,1,0,0,0,0,0,0,0,0,0,0,0,4,-1,-1,Atropellament,-1,2,2,5,-1,2,0,19.4,1,3,4,11,3
9170,2016,1,2016-07-24,SE,MURA,Bages,3,0,1,1,1,0,0,0,1,0,0,0,0,20.0,0.0,0,-1,Sense Especificar,-1.0,3,3,1,0,0,0,0,0,0,0,0,0,0,0,4,-1,-1,Resta sortides de via,-1,2,2,5,-1,2,0,12.09,0,1,6,24,7
9171,2016,1,2016-05-19,SE,CARDEDEU,Valles Oriental,3,0,1,0,1,0,0,0,0,1,0,0,0,100.0,0.0,0,-1,No n'hi ha,-1.0,3,3,1,0,0,0,0,0,0,0,0,0,0,0,1,-1,-1,Xoc contra objecte/obstacle sense sortida prèvia de via,-1,2,2,5,-1,2,1,20.5,1,4,3,19,5
9172,2016,1,2016-05-17,SE,BARCELONA,Barcelones,3,0,1,0,2,1,0,0,0,1,0,0,0,100.0,0.0,0,-1,No n'hi ha,-1.0,3,3,1,0,0,0,0,0,0,0,0,0,0,1,4,3,0,Atropellament,2,2,2,5,-1,2,1,11.35,0,3,1,17,5
9173,2016,1,2016-12-01,SE,HOSPITALET DE LLOBREGAT,Barcelones,3,0,1,0,1,0,0,0,1,0,0,0,0,20.0,0.0,0,-1,No n'hi ha,-1.0,3,3,1,0,-1,0,0,0,0,0,0,0,0,0,1,-1,-1,Caiguda en la via,-1,2,2,5,-1,2,1,18.19,1,0,3,1,12
9174,2016,1,2016-10-29,SE,OGASSA,Ripolles,1,0,1,0,1,0,0,0,1,0,0,0,0,100.0,0.0,0,2,No n'hi ha,-1.0,3,3,1,0,0,0,0,0,0,0,0,0,0,0,4,-1,0,Caiguda en la via,-1,2,2,5,-1,2,0,12.0,0,0,5,29,10
9175,2016,0,2016-05-11,C-31,"TALLADA D'EMPORDA, LA",Baix Emporda,1,0,2,2,2,0,0,0,0,1,1,0,0,70.0,0.0,0,2,Carril acceleració,-1.0,3,3,1,0,0,0,0,0,0,0,0,0,0,1,4,4,1,Col·lisió frontal,1,1,2,4,2,2,1,11.55,0,2,2,11,5
9176,2016,0,2016-01-05,C-154,SANT BARTOMEU DEL GR,Osona,3,2,0,0,1,0,0,0,0,1,0,0,0,100.0,0.0,0,1,No n'hi ha,-1.0,3,3,0,0,0,0,0,0,0,0,0,0,0,0,2,-1,1,Resta sortides de via,-1,1,2,4,0,2,1,17.0,1,1,1,5,1
9177,2016,0,2016-06-14,N-340,ALCANAR,Montsia,0,1,0,0,2,0,0,0,0,1,1,0,0,100.0,0.0,0,2,No n'hi ha,-1.0,3,3,0,0,0,0,0,0,0,0,0,0,0,0,4,-1,1,Col·lisió frontal,-1,1,2,4,1,2,1,11.25,0,2,1,14,6
9178,2016,1,2016-06-18,SE,ALMENAR,Segria,2,0,1,0,2,0,1,0,0,1,0,0,0,100.0,0.0,0,2,No n'hi ha,-1.0,3,3,1,0,0,0,0,0,0,0,0,0,0,0,4,-1,0,Caiguda en la via,-1,2,2,5,-1,2,0,10.29,0,0,5,18,6
9179,2016,0,2016-04-03,N-152,PUIGCERDA,Cerdanya,1,0,1,0,2,1,0,0,0,1,0,0,0,50.0,0.0,0,2,No n'hi ha,-1.0,3,3,1,0,0,0,0,0,0,0,0,0,0,0,1,-1,1,Atropellament,-1,1,2,4,1,2,0,6.51,0,3,6,3,4
9180,2016,1,2016-07-09,SE,TERRASSA,Valles Occidental,3,0,1,0,2,0,0,0,1,1,0,0,0,100.0,0.0,0,2,No n'hi ha,-1.0,3,3,1,0,0,0,0,0,0,0,0,0,0,0,4,-1,1,Envestida (frontal lateral),-1,2,2,5,-1,2,0,18.3,1,2,5,9,7
9181,2016,1,2016-11-13,SE,SANT ADRIA DE BESOS,Barcelones,3,0,1,1,2,0,1,1,0,0,0,0,0,100.0,0.0,0,2,No n'hi ha,-1.0,3,3,1,0,0,0,0,0,0,0,0,0,0,0,4,-1,1,Encalç,-1,2,2,5,-1,2,0,14.0,1,2,6,13,11
9182,2016,0,2016-11-25,C-55,SANT JOAN DE VILATOR,Bages,3,0,1,0,2,0,0,1,0,1,0,0,0,90.0,0.0,0,-1,Sense Especificar,-1.0,3,3,1,0,0,0,0,0,0,0,0,0,0,1,4,4,-1,Envestida (frontal lateral),2,1,2,4,4,2,0,21.27,1,2,4,25,11
9183,2016,0,2016-07-15,C-35,SANT CELONI,Valles Oriental,3,0,1,0,2,0,0,0,1,1,0,0,0,60.0,0.0,0,2,No n'hi ha,-1.0,3,3,1,0,0,0,0,0,0,0,0,0,0,1,4,4,1,Col·lisió frontal,1,1,2,4,2,2,1,14.09,1,2,4,15,7
9184,2016,0,2016-09-06,N-IIa,GOLMES,Pla d'Urgell,2,0,1,0,2,1,0,0,0,1,0,0,0,100.0,0.0,0,2,No n'hi ha,-1.0,3,3,1,0,0,0,0,0,0,0,0,0,0,0,0,-1,1,Atropellament,-1,1,2,4,1,2,1,21.2,1,3,1,6,9
9185,2016,0,2016-11-26,C-31,SANT ADRIA DE BESOS,Barcelones,3,1,0,0,1,0,0,0,1,0,0,0,0,80.0,0.0,0,2,No n'hi ha,-1.0,3,3,0,0,0,0,0,0,0,0,0,0,0,0,5,-1,0,Altres,-1,1,2,4,2,2,0,4.55,2,5,5,26,11
9186,2016,0,2016-04-08,L-310,TARREGA,Urgell,2,0,1,0,2,0,0,0,0,2,0,0,0,100.0,0.0,0,3,No n'hi ha,-1.0,3,3,1,0,0,0,0,0,0,0,0,0,0,0,1,-1,1,Encalç,-1,1,2,4,2,2,0,20.1,1,2,4,8,4
9187,2016,1,2016-02-16,SE,SANT CUGAT DEL VALLES,Valles Occidental,3,0,1,0,2,0,0,0,1,1,0,0,0,20.0,0.0,0,-1,No n'hi ha,-1.0,3,3,1,-1,0,0,0,-1,0,0,0,0,0,0,1,-1,1,Envestida (frontal lateral),-1,2,2,5,0,2,1,18.35,1,2,1,16,2
9188,2016,1,2016-04-15,SE,CABRERA DE MAR,Maresme,3,0,1,1,2,0,0,0,1,1,0,0,0,30.0,0.0,0,2,No n'hi ha,-1.0,3,3,1,0,0,0,0,0,0,0,0,0,0,1,4,-1,1,Fregament o col·lisió lateral,1,2,2,5,-1,2,1,13.15,0,2,4,15,4
9189,2016,0,2016-04-17,LV-3344,"FULIOLA, LA",Urgell,2,0,1,1,1,0,0,0,0,1,0,0,0,100.0,0.0,0,2,No n'hi ha,-1.0,3,3,1,0,0,0,0,0,0,0,0,0,0,0,1,-1,1,Resta sortides de via,-1,1,2,4,3,2,0,7.0,0,1,6,17,4
9190,2016,0,2016-09-03,C-28,NAUT ARAN,Val d'Aran,2,0,1,0,2,0,0,0,1,1,0,0,0,100.0,0.0,0,1,No n'hi ha,-1.0,3,3,1,0,0,0,0,0,0,0,0,0,0,0,3,-1,1,Envestida (frontal lateral),-1,1,2,4,2,2,0,21.28,1,2,5,3,9
9191,2016,0,2016-01-21,C-35,SANTA MARIA DE PALAU,Valles Oriental,3,0,1,1,2,0,0,0,1,0,1,0,0,100.0,0.0,0,1,No n'hi ha,-1.0,3,3,1,0,0,0,0,0,0,0,0,0,0,1,4,4,1,Envestida (frontal lateral),1,1,2,4,2,2,1,9.26,0,2,3,21,1
9192,2016,0,2016-10-13,N-141C,MOIA,Moianès,3,0,1,0,1,0,0,0,0,1,0,0,0,100.0,0.0,0,2,No n'hi ha,-1.0,3,3,1,0,0,0,0,0,0,0,0,0,0,0,2,-1,1,Resta sortides de via,-1,1,2,4,1,2,1,10.06,0,1,3,13,10
9193,2016,0,2016-12-07,C-31,CALAFELL,Baix Penedes,0,0,1,0,2,0,1,0,0,1,0,0,0,100.0,0.0,0,1,No n'hi ha,-1.0,3,3,1,0,0,0,0,0,0,0,0,0,0,0,4,-1,1,Encalç,-1,1,2,4,2,2,1,12.07,0,2,2,7,12
9194,2016,1,2016-12-14,SE,"VENDRELL, EL",Baix Penedes,0,0,1,0,2,1,0,0,0,1,0,0,0,40.0,0.0,0,-1,No n'hi ha,-1.0,3,3,1,-1,-1,0,0,-1,0,0,0,0,1,0,5,-1,1,Atropellament,-1,2,2,5,-1,2,1,19.1,1,3,2,14,12
9195,2016,1,2016-01-01,SE,BADALONA,Barcelones,3,0,1,1,2,0,2,0,0,0,0,0,0,10.0,0.0,0,-1,No n'hi ha,-1.0,3,3,1,-1,0,0,0,-1,0,0,0,0,1,1,4,5,1,Envestida (frontal lateral),1,2,2,5,0,2,1,11.2,0,2,4,1,1
9196,2016,0,2016-03-13,B-431,ARTES,Bages,3,0,1,0,1,0,0,0,1,0,0,0,0,90.0,0.0,0,-1,Sense Especificar,-1.0,3,3,1,0,0,0,0,0,0,0,0,0,0,0,4,-1,-1,Resta sortides de via,-1,1,2,4,4,2,0,11.29,0,1,6,13,3
9197,2016,0,2016-05-24,B-520,TARADELL,Osona,3,0,1,0,2,0,0,0,0,2,0,0,0,50.0,0.0,0,2,No n'hi ha,-1.0,3,3,1,0,0,0,0,0,0,0,0,0,0,1,4,4,1,Envestida (frontal lateral),0,1,2,4,3,2,1,13.01,0,2,1,24,5
9198,2016,1,2016-09-30,SE,SABADELL,Valles Occidental,3,0,1,0,2,0,0,0,1,1,0,0,0,40.0,0.0,0,1,No n'hi ha,-1.0,3,3,1,0,0,0,0,0,0,0,0,0,0,1,4,4,1,Envestida (frontal lateral),1,2,2,5,0,2,0,15.0,1,2,4,30,9
9199,2016,0,2016-10-25,TV-3022,RASQUERA,Ribera d'Ebre,0,0,1,1,2,0,0,0,0,2,0,0,0,90.0,0.0,0,3,No n'hi ha,-1.0,1,3,1,0,0,0,0,0,0,0,0,0,0,0,2,-1,1,Encalç,-1,1,2,4,2,2,1,8.58,0,2,1,25,10
9200,2016,1,2016-11-18,SE,VILANOVA I LA GELTRU,Garraf,3,1,0,0,4,0,0,1,0,3,0,0,0,100.0,0.0,0,-1,No n'hi ha,-1.0,3,3,0,0,0,0,0,0,0,0,0,0,0,0,4,-1,-1,Altres,-1,2,2,5,-1,2,1,8.36,0,5,4,18,11
9201,2016,1,2016-07-25,SE,BARCELONA,Barcelones,3,1,0,0,2,0,1,0,0,0,1,0,0,100.0,0.0,0,-1,Carril bus,-1.0,3,3,0,0,0,0,0,0,0,0,0,0,0,0,5,-1,0,Envestida (frontal lateral),-1,2,2,5,-1,2,1,0.3,2,2,0,25,7
9202,2016,0,2016-05-29,BP-2126,FONT-RUBI,Alt Penedes,3,0,1,0,1,0,0,0,1,0,0,0,0,100.0,0.0,0,1,No n'hi ha,-1.0,3,3,1,0,0,0,0,0,0,0,1,0,0,0,4,-1,1,Caiguda en la via,-1,1,2,4,3,2,0,13.07,0,0,6,29,5
9203,2016,1,2016-11-06,SE,TORTOSA,Baix Ebre,0,1,0,0,1,0,0,0,0,0,1,0,0,100.0,0.0,0,-1,No n'hi ha,-1.0,3,3,0,0,0,0,0,0,0,0,0,0,0,0,4,-1,1,Altres,-1,0,2,0,0,2,0,11.28,0,5,6,6,11
9204,2016,1,2016-03-15,SE,TERRASSA,Valles Occidental,3,0,1,1,2,0,1,0,1,0,0,0,0,100.0,0.0,0,-1,No n'hi ha,-1.0,3,3,1,0,0,0,0,0,0,0,0,0,0,0,4,-1,-1,Envestida (frontal lateral),-1,2,2,5,-1,2,1,12.45,0,2,1,15,3
9205,2016,0,2016-03-11,C-55,MONISTROL DE MONTSER,Bages,3,0,2,1,2,0,0,0,0,2,0,0,0,100.0,0.0,0,0,No n'hi ha,-1.0,3,3,1,0,0,0,0,0,0,0,0,0,0,2,4,2,1,Col·lisió frontal,3,1,2,4,2,2,1,9.4,0,2,4,11,3
9206,2016,1,2016-08-21,SE,CASTELLDEFELS,Baix Llobregat,3,0,2,1,2,0,0,0,1,1,0,0,0,100.0,0.0,0,2,No n'hi ha,-1.0,3,3,1,0,0,0,0,0,0,0,0,0,0,1,4,4,0,Envestida (frontal lateral),2,2,2,5,-1,2,0,13.55,0,2,6,21,8
9207,2016,1,2016-07-24,SE,VILANOVA I LA GELTRU,Garraf,3,0,1,0,2,0,0,0,1,1,0,0,0,100.0,0.0,0,2,No n'hi ha,-1.0,3,3,1,0,0,0,0,0,0,0,0,0,0,2,4,2,1,Envestida (frontal lateral),0,2,2,5,-1,2,0,19.25,1,2,6,24,7
9208,2016,0,2016-12-29,BV-5103,LLINARS DEL VALLES,Valles Oriental,3,0,1,0,2,0,1,0,0,1,0,0,0,100.0,0.0,0,1,No n'hi ha,-1.0,3,3,1,0,1,0,0,0,1,0,0,0,0,1,4,5,1,Altres,1,1,2,4,3,2,1,13.53,0,5,3,29,12
9209,2016,1,2016-05-13,SE,SANT PERE DE RIBES,Garraf,3,0,2,1,2,0,0,1,0,1,0,0,0,100.0,0.0,0,-1,No n'hi ha,-1.0,3,3,1,0,0,0,0,0,0,0,0,0,0,0,4,-1,-1,Col·lisió frontal,-1,2,2,5,-1,2,0,16.37,1,2,4,13,5
9210,2016,0,2016-10-21,B-140,BARBERA DEL VALLES,Valles Occidental,3,1,0,0,2,0,0,0,1,1,0,0,0,100.0,0.0,0,-1,No n'hi ha,-1.0,3,3,0,0,0,0,0,0,0,0,0,0,0,0,4,-1,-1,Col·lisió frontal,-1,1,2,4,-1,2,1,8.0,0,2,4,21,10
9211,2016,0,2016-12-30,-GIP 5244.00,SANT MIQUEL DE CAMPMAJOR,Pla de l'Estany,1,0,1,0,1,0,1,0,0,0,0,0,0,90.0,0.0,0,-1,Sense Especificar,-1.0,3,3,1,0,0,0,0,0,0,0,0,0,0,0,4,-1,-1,Altres,-1,1,2,4,4,2,1,12.35,0,5,4,30,12
9212,2016,1,2016-03-03,SE,REUS,Baix Camp,0,0,1,0,2,0,0,0,1,1,0,0,0,100.0,0.0,0,-1,No n'hi ha,-1.0,3,3,1,0,0,0,0,0,0,0,0,0,0,0,4,-1,-1,Encalç,-1,2,2,5,-1,2,1,21.3,1,2,3,3,3
9213,2016,1,2016-07-08,SE,GIRONA,Girones,1,0,1,1,2,1,0,0,1,0,0,0,0,100.0,0.0,0,2,No n'hi ha,-1.0,3,3,1,0,0,0,0,0,0,0,0,0,0,2,4,3,1,Atropellament,2,2,2,5,-1,2,0,20.29,1,3,4,8,7
9214,2016,1,2016-09-23,SE,SANT SADURNI D'ANOIA,Alt Penedes,3,0,1,0,2,0,0,0,1,1,0,0,0,100.0,0.0,0,2,No n'hi ha,-1.0,3,3,1,0,0,0,0,0,0,0,0,0,0,1,4,4,0,Envestida (frontal lateral),2,2,2,5,-1,2,1,14.18,1,2,4,23,9
9215,2016,0,2016-11-03,T-310,MONTBRIO DEL CAMP,Baix Camp,0,0,1,0,2,1,0,0,0,1,0,0,0,100.0,0.0,0,2,No n'hi ha,-1.0,3,3,1,0,1,0,0,0,0,0,0,0,0,0,4,-1,1,Atropellament,-1,1,2,4,2,2,1,16.58,1,3,3,3,11
9216,2016,0,2016-09-21,BP-5002,VALLROMANES,Valles Oriental,3,0,1,0,1,0,0,0,1,0,0,0,0,90.0,0.0,0,-1,Sense Especificar,-1.0,3,3,1,0,0,0,0,0,0,0,0,0,0,2,4,2,-1,Altres,0,1,2,4,4,2,1,11.1,0,5,2,21,9
9217,2016,1,2016-10-16,SE,BARCELONA,Barcelones,3,0,1,0,2,0,1,0,0,1,0,0,0,100.0,0.0,0,-1,Carril bici,-1.0,3,3,1,0,0,0,0,0,0,0,0,0,0,1,4,3,0,Envestida (frontal lateral),2,2,2,5,-1,2,0,10.3,0,2,6,16,10
9218,2016,0,2016-11-24,GI-553,SANT FELIU DE BUIXALLEU,Selva,1,1,0,1,2,0,0,0,0,2,0,0,0,80.0,0.0,0,1,No n'hi ha,-1.0,3,3,0,0,0,0,0,0,0,0,0,0,0,1,4,4,1,Envestida (frontal lateral),2,1,2,4,2,2,1,11.44,0,2,3,24,11
9219,2016,1,2016-11-10,SE,ESPLUGUES DE LLOBREGAT,Baix Llobregat,3,0,1,2,3,2,0,0,1,0,0,0,0,20.0,,0,-1,No n'hi ha,-1.0,3,3,1,0,0,0,0,0,0,0,0,0,0,1,4,3,-1,Atropellament,1,2,2,5,-1,2,1,9.2,0,3,3,10,11
9220,2016,1,2016-03-07,TV-7211,REUS,Baix Camp,0,0,1,0,2,1,0,0,0,1,0,0,0,100.0,0.0,0,-1,No n'hi ha,-1.0,3,3,1,0,0,0,0,0,0,0,0,0,0,0,4,-1,-1,Atropellament,-1,0,2,4,-1,2,1,20.45,1,3,0,7,3
9221,2016,1,2016-03-13,SE,SANTA COLOMA DE GRAMANET,Barcelones,3,0,1,0,2,0,2,0,0,0,0,0,0,20.0,0.0,0,2,No n'hi ha,-1.0,3,3,1,0,0,0,0,0,0,0,0,0,0,1,4,4,1,Envestida (frontal lateral),3,2,2,5,0,2,0,10.4,0,2,6,13,3
9222,2016,1,2016-03-04,SE,GRANOLLERS,Valles Oriental,3,0,1,0,2,1,0,0,0,1,0,0,0,100.0,0.0,0,2,No n'hi ha,-1.0,3,3,1,0,0,0,0,0,0,0,0,0,0,0,4,-1,1,Atropellament,-1,2,2,5,-1,2,1,13.45,0,3,4,4,3
9223,2016,1,2016-06-19,SE,VILANOVA I LA GELTRU,Garraf,3,0,1,0,1,0,0,0,1,0,0,0,0,20.0,0.0,0,-1,No n'hi ha,-1.0,3,3,1,0,-1,0,0,0,0,0,0,0,0,0,4,-1,-1,Sortida de via amb bolcada,-1,2,2,5,-1,2,0,12.05,0,1,6,19,6
9224,2016,0,2016-05-11,A-2,SANT FELIU DE LLOBREGAT,Baix Llobregat,3,0,1,0,2,0,0,0,0,1,1,0,0,80.0,0.0,0,3,No n'hi ha,-1.0,3,3,1,0,0,0,0,0,0,0,1,0,0,0,1,-1,0,Col·lisió frontal,-1,1,2,4,1,2,1,6.3,0,2,2,11,5
9225,2016,1,2016-05-18,SE,"ROCA DEL VALLES, LA",Valles Oriental,3,0,1,0,2,1,0,0,0,1,0,0,0,20.0,0.0,0,1,No n'hi ha,-1.0,3,3,1,0,0,0,0,0,0,0,0,0,0,0,2,-1,1,Atropellament,-1,2,2,5,-1,2,1,16.4,1,3,2,18,5
9226,2016,0,2016-06-14,C-32,PINEDA DE MAR,Maresme,3,0,1,1,2,0,0,0,1,1,0,0,0,100.0,0.0,0,3,No n'hi ha,-1.0,3,3,1,0,0,0,0,0,0,0,0,0,0,1,4,4,1,Envestida (frontal lateral),1,1,2,4,2,2,1,9.53,0,2,1,14,6
9227,2016,1,2016-06-19,SE,GRANOLLERS,Valles Oriental,3,0,1,0,2,0,1,0,0,1,0,0,0,100.0,0.0,0,2,No n'hi ha,-1.0,3,3,1,0,0,0,0,0,0,0,0,0,0,2,4,5,1,Col·lisió frontal,1,2,2,5,-1,2,0,11.5,0,2,6,19,6
9228,2016,0,2016-09-08,N-II,MALGRAT DE MAR,Maresme,3,0,1,0,1,1,0,0,0,0,0,0,0,60.0,1.0,0,2,No n'hi ha,-1.0,3,3,1,0,0,0,0,0,0,0,0,0,1,0,0,-1,1,Atropellament,-1,1,2,4,1,2,1,22.29,2,3,3,8,9
9229,2016,1,2016-10-20,SE,REUS,Baix Camp,0,0,1,0,2,0,0,0,1,1,0,0,0,100.0,0.0,0,-1,No n'hi ha,-1.0,3,3,1,0,0,0,0,0,0,0,0,0,0,0,4,-1,-1,Encalç,-1,2,2,5,-1,2,1,15.5,1,2,3,20,10
9230,2016,0,2016-04-13,CR,MASSANES,Selva,1,0,1,1,2,0,0,0,0,1,1,0,0,40.0,0.0,0,1,No n'hi ha,-1.0,3,3,1,0,0,0,0,0,0,0,0,0,0,0,4,-1,1,Col·lisió frontal,-1,1,2,3,0,2,1,15.2,1,2,2,13,4
9231,2016,1,2016-05-04,SE,SANT BOI DE LLOBREGAT,Baix Llobregat,3,0,1,0,1,0,0,0,0,0,1,0,0,20.0,0.0,0,-1,No n'hi ha,-1.0,3,3,1,-1,0,0,0,-1,0,0,0,0,-1,1,4,4,0,Xoc contra objecte/obstacle sense sortida prèvia de via,0,2,2,5,-1,2,1,13.35,0,4,2,4,5
9232,2016,0,2016-06-04,C-37,SANT SALVADOR DE GUARDIA,Bages,3,0,1,0,1,0,0,0,1,0,0,0,0,90.0,0.0,0,-1,Sense Especificar,-1.0,3,3,1,0,0,0,0,0,0,0,0,0,0,0,4,-1,-1,Resta sortides de via,-1,1,2,4,4,2,0,14.41,1,1,5,4,6
9233,2016,1,2016-07-22,SE,SABADELL,Valles Occidental,3,0,1,1,2,1,0,0,1,0,0,0,0,100.0,0.0,0,-1,No n'hi ha,-1.0,3,3,1,0,0,0,0,0,0,0,0,0,0,0,4,-1,-1,Atropellament,-1,2,2,5,-1,2,1,11.42,0,3,4,22,7
9234,2016,1,2016-04-19,SE,BADALONA,Barcelones,3,0,1,0,1,0,0,0,1,0,0,0,0,20.0,0.0,0,2,No n'hi ha,-1.0,3,3,1,-1,0,0,0,-1,0,0,0,0,-1,0,4,-1,0,Caiguda en la via,-1,2,2,5,-1,2,1,7.5,0,0,1,19,4
9235,2016,1,2016-01-15,SE,BARCELONA,Barcelones,3,0,1,0,2,0,0,0,1,1,0,0,0,100.0,0.0,0,-1,No n'hi ha,-1.0,3,3,1,0,0,0,0,0,0,0,0,0,0,1,5,3,0,Fregament o col·lisió lateral,2,2,2,5,-1,2,0,19.54,1,2,4,15,1
9236,2016,0,2016-03-11,TV-3405,AMPOSTA,Montsia,0,0,1,0,1,0,0,0,1,0,0,0,0,100.0,0.0,0,3,No n'hi ha,-1.0,3,3,1,0,0,0,0,0,0,0,0,0,0,0,3,-1,1,Resta sortides de via,-1,1,2,4,3,2,0,21.16,1,1,4,11,3
9237,2016,1,2016-04-18,SE,HOSPITALET DE LLOBREGAT,Barcelones,3,0,1,0,3,0,0,0,1,2,0,0,0,20.0,0.0,0,-1,No n'hi ha,-1.0,3,3,1,-1,0,0,0,-1,0,0,0,0,0,0,1,-1,0,Envestida (frontal lateral),-1,2,2,5,-1,2,1,21.08,1,2,0,18,4