,Year,Area,Date,Road,Municipality Name,County Name,Province Name,Fatalties,Serious Injuries,Light Injuries,Units Involved,Pedestrains Involved,Bicycles Involved,Mopeds Involved,Motorcycles,Light Vehicles Involved,Heavy Vehicles Involved,Other Units Involved,Unspecified Units Involved,Road Speed Limit,Accident with Hit and Run,Fog Presence,Surrounding Environment,Special Lane Presence,Special Traffic Measures,Weather Conditions,Special Road Functions,Severity of Accident,Influence of Fog,Influence of Environment,Influence of Traffic,Influence of Weather,Influence of Wind Intensity,Influence of Lighting,Influence of Special Measures,Influence of Road Objects,Influence of Road Surface,Influence of Visibility,Intersection Characteristics,Lighting Conditions,Traffic Regulation and Priority,Direction of Road,Subtype of Accident,Subtype of Road Section,Subzone within Area,Road Surface Conditions,Type of Road,Road Ownership,Wind Conditions,Day of the Week Grouping,Hour of Day,Time of Day Grouping,Type of Accident,Day Type,Day,Month
9238,2016,1,2016-03-08,SE,SANT HIPOLIT DE VOLTREGA,Osona,3,0,1,0,2,0,0,0,1,1,0,0,0,20.0,0.0,0,-1,Sense Especificar,-1.0,3,3,1,0,0,0,0,0,0,0,0,0,0,1,4,4,-1,Altres,2,2,2,5,-1,2,1,19.41,1,5,1,8,3
9239,2016,1,2016-02-06,SE,OLESA DE BONESVALLS,Alt Penedes,3,0,1,0,1,0,0,0,1,0,0,0,0,100.0,0.0,0,3,No n'hi ha,-1.0,3,3,1,0,0,0,0,0,0,0,0,0,0,0,4,-1,1,Caiguda en la via,-1,2,0,5,0,2,0,11.39,0,0,5,6,2
9240,2016,0,2016-07-03,N-340,TARRAGONA,Tarragones,0,0,1,1,2,0,0,0,0,2,0,0,0,70.0,0.0,0,2,No n'hi ha,-1.0,3,3,1,0,0,0,0,0,0,0,0,0,0,0,4,-1,1,Col·lisió frontal,-1,1,2,4,1,2,0,11.46,0,2,6,3,7
9241,2016,0,2016-05-28,-GIP 5233.00,MONTAGUT,Garrotxa,1,0,1,0,2,0,0,1,0,1,0,0,0,100.0,0.0,0,2,No n'hi ha,-1.0,3,3,1,0,0,0,0,0,0,0,0,0,0,2,4,4,1,Envestida (frontal lateral),1,1,2,4,3,2,0,18.05,1,2,5,28,5
9242,2016,1,2016-10-31,SE,TERRASSA,Valles Occidental,3,0,1,0,2,0,0,1,0,1,0,0,0,100.0,0.0,0,-1,No n'hi ha,-1.0,3,3,1,0,0,0,0,0,0,0,0,0,0,0,4,-1,-1,Envestida (frontal lateral),-1,2,2,5,-1,2,1,17.45,1,2,0,31,10
9243,2016,1,2016-02-13,SE,MOLLO,Ripolles,1,0,1,0,1,0,0,1,0,0,0,0,0,30.0,0.0,0,1,No n'hi ha,-1.0,3,3,1,0,0,0,0,0,0,0,0,0,0,0,4,-1,1,Caiguda en la via,-1,2,2,5,-1,2,0,10.27,0,0,5,13,2
9244,2016,1,2016-11-14,SE,MATARO,Maresme,3,0,1,0,2,1,0,0,0,1,0,0,0,20.0,0.0,0,2,No n'hi ha,-1.0,3,3,1,0,0,0,0,0,0,0,0,0,0,1,5,2,1,Atropellament,2,2,2,5,-1,2,1,18.2,1,3,0,14,11
9245,2016,0,2016-12-01,N-340,ALTAFULLA,Tarragones,0,0,2,0,2,0,0,0,0,2,0,0,0,100.0,0.0,0,3,No n'hi ha,-1.0,3,3,1,0,0,0,0,0,0,0,0,0,0,0,4,-1,1,Col·lisió frontal,-1,1,2,4,1,2,1,13.55,0,2,3,1,12
9246,2016,0,2016-03-06,GI-682,TOSSA DE MAR,Selva,1,0,1,0,3,0,1,0,1,1,0,0,0,100.0,0.0,0,1,No n'hi ha,-1.0,3,3,1,0,0,0,0,0,0,0,0,0,0,0,4,-1,1,Caiguda en la via,-1,1,2,4,2,2,0,12.45,0,0,6,6,3
9247,2016,1,2016-07-04,SE,SANT MARTI SARROCA,Alt Penedes,3,0,1,0,1,0,0,0,1,0,0,0,0,50.0,0.0,0,0,No n'hi ha,-1.0,3,3,1,0,0,0,0,0,0,0,0,0,0,0,4,-1,1,Resta sortides de via,-1,2,2,5,0,2,1,19.22,1,1,0,4,7
9248,2016,1,2016-10-10,SE,BARCELONA,Barcelones,3,0,1,1,2,1,1,0,0,0,0,0,0,100.0,0.0,0,-1,Carril bici,-1.0,3,3,1,0,0,0,0,0,0,0,0,0,0,1,4,3,0,Atropellament,2,2,2,5,-1,2,1,15.45,1,3,0,10,10
9249,2016,1,2016-07-04,SE,SANTA COLOMA DE GRAMANET,Barcelones,3,0,1,0,2,0,0,1,0,1,0,0,0,20.0,0.0,0,-1,No n'hi ha,-1.0,3,3,1,-1,0,0,0,-1,0,0,0,0,0,0,4,-1,1,Envestida (frontal lateral),-1,2,2,5,0,1,1,10.45,0,2,0,4,7
9250,2016,0,2016-06-15,B-10,BARCELONA,Barcelones,3,0,1,0,3,0,0,0,2,0,1,0,0,80.0,0.0,0,3,No n'hi ha,-1.0,3,3,1,0,0,0,0,0,0,0,0,0,0,0,4,-1,0,Encalç,-1,1,2,4,3,2,1,8.3,0,2,2,15,6
9251,2016,1,2016-05-14,SE,BARCELONA,Barcelones,3,0,1,0,2,1,0,0,0,1,0,0,0,100.0,0.0,0,-1,No n'hi ha,-1.0,1,3,1,0,0,0,0,0,0,0,0,0,0,1,4,3,1,Atropellament,2,2,0,5,-1,2,0,18.4,1,3,5,14,5
9252,2016,0,2016-03-25,GI-555,MASSANES,Selva,1,0,5,0,3,0,0,0,0,2,1,0,0,100.0,0.0,0,1,No n'hi ha,-1.0,3,3,1,0,0,0,0,0,0,0,0,0,0,0,4,-1,1,Col·lisió frontal,-1,1,2,4,2,2,1,11.49,0,2,4,25,3
9253,2016,0,2016-06-26,C-66,FLACA,Girones,1,0,1,5,3,0,0,0,0,3,0,0,0,100.0,0.0,0,2,No n'hi ha,-1.0,3,3,1,0,0,0,0,0,0,0,0,0,0,0,4,-1,1,Col·lisió frontal,-1,1,2,4,2,2,0,14.03,1,2,6,26,6
9254,2016,1,2016-08-28,SE,SALOU,Tarragones,0,0,1,0,1,0,0,0,0,1,0,0,0,100.0,0.0,0,2,No n'hi ha,-1.0,3,3,1,0,0,0,0,0,0,0,0,0,0,1,4,3,0,Xoc contra objecte/obstacle sense sortida prèvia de via,0,2,2,5,-1,2,0,8.3,0,4,6,28,8
9255,2016,1,2016-04-06,SE,GIRONA,Girones,1,0,1,0,1,0,0,0,0,1,0,0,0,20.0,0.0,0,-1,No n'hi ha,-1.0,3,3,1,-1,-1,0,0,-1,0,0,0,0,0,0,4,-1,-1,Resta sortides de via,-1,2,2,5,-1,2,1,15.46,1,1,2,6,4
9256,2016,1,2016-10-18,C-61,ARENYS DE MUNT,Maresme,3,0,1,1,2,0,0,0,1,1,0,0,0,90.0,0.0,0,2,No n'hi ha,-1.0,3,3,1,-1,0,0,0,-1,0,0,0,0,0,1,4,4,1,Fregament o col·lisió lateral,1,0,2,4,-1,2,1,18.3,1,2,1,18,10
9257,2016,1,2016-04-30,SE,BARCELONA,Barcelones,3,0,1,1,2,1,0,0,0,0,1,0,0,100.0,0.0,0,-1,Carril bus,-1.0,3,3,1,0,0,0,0,0,0,0,0,0,0,0,5,-1,1,Atropellament,-1,2,2,5,-1,2,0,20.23,1,3,5,30,4
9258,2016,1,2016-05-10,SE,LLEIDA,Segria,2,0,1,0,2,1,0,0,0,1,0,0,0,100.0,0.0,0,2,No n'hi ha,-1.0,3,3,1,0,0,0,0,0,0,0,0,0,0,0,4,-1,1,Atropellament,-1,2,2,5,-1,2,1,18.5,1,3,1,10,5
9259,2016,0,2016-02-09,BV-2151,SANT MARTI SARROCA,Alt Penedes,3,0,1,1,2,0,0,0,0,2,0,0,0,100.0,0.0,0,2,No n'hi ha,-1.0,3,3,1,0,0,0,0,0,0,0,0,0,1,0,3,-1,1,Envestida (frontal lateral),-1,1,2,4,0,2,1,19.23,1,2,1,9,2
9260,2016,0,2016-01-09,C-55,CASTELLBELL I EL VIL,Bages,3,1,0,0,2,1,0,0,0,0,1,0,0,80.0,0.0,0,2,No n'hi ha,-1.0,3,3,0,0,1,0,0,0,0,0,0,0,0,0,5,-1,1,Atropellament,-1,1,2,4,2,2,0,5.21,2,3,5,9,1
9261,2016,1,2016-04-08,SE,FRANQUESES DEL VALLE,Valles Oriental,3,0,1,0,2,1,0,0,0,1,0,0,0,50.0,0.0,0,2,No n'hi ha,-1.0,2,3,1,0,0,0,1,0,0,0,0,0,1,0,2,-1,1,Atropellament,-1,2,0,5,-1,1,1,7.2,0,3,4,8,4
9262,2016,1,2016-11-03,SE,BARCELONA,Barcelones,3,0,1,0,2,0,1,0,0,1,0,0,0,100.0,0.0,0,-1,No n'hi ha,-1.0,3,3,1,0,0,0,0,0,0,0,0,0,0,0,4,-1,1,Col·lisió frontal,-1,2,2,5,-1,2,1,7.4,0,2,3,3,11
9263,2016,1,2016-09-24,SE,SABADELL,Valles Occidental,3,0,1,0,2,0,0,0,1,1,0,0,0,100.0,0.0,0,-1,No n'hi ha,-1.0,3,3,1,0,0,0,0,0,0,0,0,0,0,0,4,-1,-1,Resta sortides de via,-1,2,2,5,-1,2,0,6.28,0,1,5,24,9
9264,2016,1,2016-10-09,SE,TARRAGONA,Tarragones,0,0,2,0,3,2,0,0,0,1,0,0,0,20.0,0.0,0,2,No n'hi ha,-1.0,1,3,1,-1,0,0,0,-1,0,0,0,0,-1,0,5,-1,1,Atropellament,-1,2,0,5,-1,2,0,20.35,1,3,6,9,10
9265,2016,0,2016-10-10,B-10,BARCELONA,Barcelones,3,0,1,0,2,0,0,0,1,1,0,0,0,80.0,0.0,0,-1,No n'hi ha,-1.0,3,3,1,0,0,0,0,0,0,0,0,0,0,0,5,-1,1,Encalç,-1,1,2,1,-1,2,1,5.05,2,2,0,10,10
9266,2016,1,2016-11-01,SE,GRANOLLERS,Valles Oriental,3,0,1,0,2,0,0,1,0,1,0,0,0,100.0,0.0,0,2,No n'hi ha,-1.0,3,3,1,0,0,0,0,0,0,0,0,0,0,1,5,3,1,Envestida (frontal lateral),2,2,2,5,-1,2,1,20.35,1,2,1,1,11
9267,2016,0,2016-08-24,C-35,VALLGORGUINA,Valles Oriental,3,0,1,2,2,0,0,0,1,1,0,0,0,90.0,0.0,0,2,No n'hi ha,-1.0,3,3,1,0,0,1,0,0,0,0,0,0,0,1,4,4,1,Fregament o col·lisió lateral,1,1,2,4,2,2,1,7.51,0,2,2,24,8
9268,2016,0,2016-02-19,C-58,SABADELL,Valles Occidental,3,0,1,0,2,0,0,0,1,1,0,0,0,100.0,0.0,0,2,No n'hi ha,-1.0,3,3,1,0,0,0,0,0,0,0,0,0,0,0,4,-1,1,Encalç,-1,1,2,4,2,2,1,9.3,0,2,4,19,2
9269,2016,1,2016-03-11,SE,BARCELONA,Barcelones,3,0,1,1,2,0,0,0,1,1,0,0,0,100.0,0.0,0,-1,No n'hi ha,-1.0,3,3,1,0,0,1,0,0,0,0,0,0,0,0,4,-1,1,Encalç,-1,2,2,5,-1,2,0,15.15,1,2,4,11,3
9270,2016,0,2016-08-07,BV-5301,MONTSENY,Valles Oriental,3,0,1,2,2,0,0,0,1,1,0,0,0,100.0,0.0,0,1,No n'hi ha,-1.0,3,3,1,0,0,0,0,0,0,0,0,0,0,0,4,-1,1,Col·lisió frontal,-1,1,2,4,3,2,0,17.56,1,2,6,7,8
9271,2016,1,2016-01-25,SE,REUS,Baix Camp,0,0,1,1,2,0,0,0,1,1,0,0,0,100.0,0.0,0,-1,No n'hi ha,-1.0,3,3,1,0,0,0,0,0,0,0,0,0,0,0,4,-1,-1,Xoc contra objecte/obstacle sense sortida prèvia de via,-1,2,2,5,-1,2,1,18.0,1,4,0,25,1
9272,2016,0,2016-03-13,C-31,SANT ADRIA DE BESOS,Barcelones,3,0,1,0,2,0,0,0,1,1,0,0,0,80.0,0.0,0,2,No n'hi ha,-1.0,3,3,1,0,0,0,0,0,0,0,0,0,0,1,4,5,0,Envestida (frontal lateral),3,1,2,4,2,2,0,10.11,0,2,6,13,3
9273,2016,1,2016-02-17,SE,IGUALADA,Anoia,3,0,1,0,2,0,0,0,1,1,0,0,0,50.0,0.0,0,-1,No n'hi ha,-1.0,3,3,1,-1,0,0,0,-1,0,0,0,0,-1,1,4,4,1,Fregament o col·lisió lateral,2,2,2,5,-1,2,1,16.51,1,2,2,17,2
9274,2016,1,2016-01-10,SE,MATARO,Maresme,3,1,0,0,2,0,0,0,1,1,0,0,0,20.0,0.0,0,-1,No n'hi ha,-1.0,3,3,0,-1,0,0,0,-1,0,0,0,0,-1,1,5,3,1,Envestida (frontal lateral),2,2,2,5,-1,2,0,1.54,2,2,6,10,1
9275,2016,1,2016-10-07,SE,BARCELONA,Barcelones,3,0,1,0,2,0,0,0,1,1,0,0,0,100.0,0.0,0,-1,No n'hi ha,-1.0,3,3,1,0,0,0,0,0,0,0,0,0,0,1,4,3,1,Fregament o col·lisió lateral,2,2,2,5,-1,2,0,17.2,1,2,4,7,10
9276,2016,0,2016-01-04,C-422,"SELVA DEL CAMP, LA",Baix Camp,0,0,1,1,3,0,0,0,1,2,0,0,0,100.0,0.0,0,2,No n'hi ha,-1.0,1,3,1,0,0,0,0,0,1,0,0,0,0,1,3,5,1,Envestida (frontal lateral),1,1,2,4,2,2,1,18.0,1,2,0,4,1
9277,2016,1,2016-10-11,SE,TERRASSA,Valles Occidental,3,0,1,0,2,0,0,0,1,1,0,0,0,100.0,0.0,0,2,No n'hi ha,-1.0,3,3,1,0,0,0,0,0,0,0,0,0,0,0,5,-1,1,Fregament o col·lisió lateral,-1,2,2,5,0,2,1,20.15,1,2,1,11,10
9278,2016,1,2016-09-28,SE,GIRONA,Girones,1,0,1,0,1,0,0,0,1,0,0,0,0,100.0,0.0,0,2,No n'hi ha,-1.0,3,3,1,0,0,0,0,0,0,0,0,0,0,0,5,-1,1,Caiguda en la via,-1,2,2,5,-1,2,1,20.18,1,0,2,28,9
9279,2016,0,2016-10-14,N-145,"VALLS DE VALIRA, LES",Alt Urgell,2,0,1,0,2,0,0,0,0,1,1,0,0,90.0,0.0,0,1,No n'hi ha,-1.0,3,3,1,0,0,0,0,0,0,0,0,0,0,0,2,-1,1,Envestida (frontal lateral),-1,1,2,4,1,2,0,15.16,1,2,4,14,10
9280,2016,1,2016-08-01,T-323,MONT-ROIG DEL CAMP,Baix Camp,0,0,1,4,2,0,0,0,0,2,0,0,0,40.0,0.0,0,3,No n'hi ha,-1.0,3,3,1,0,0,0,0,0,0,0,0,0,0,1,4,4,1,Encalç,0,0,2,4,-1,2,1,8.25,0,2,0,1,8
9281,2016,1,2016-04-08,SE,TERRASSA,Valles Occidental,3,0,1,0,2,0,0,0,1,1,0,0,0,100.0,0.0,0,-1,No n'hi ha,-1.0,3,3,1,0,0,0,0,0,0,0,0,0,0,0,4,-1,-1,Envestida (frontal lateral),-1,2,2,5,-1,2,0,19.55,1,2,4,8,4
9282,2016,1,2016-09-01,SE,SABADELL,Valles Occidental,3,0,1,0,2,1,0,0,0,1,0,0,0,100.0,0.0,0,-1,No n'hi ha,-1.0,3,3,1,0,0,0,0,0,0,0,0,0,0,0,4,-1,-1,Atropellament,-1,2,2,5,-1,2,1,10.32,0,3,3,1,9
9283,2016,0,2016-06-19,TV-2443,"MONTMELL, EL",Baix Penedes,0,0,1,0,1,0,0,0,1,0,0,0,0,90.0,0.0,0,-1,Sense Especificar,-1.0,3,3,1,0,0,0,0,0,0,0,0,0,0,0,4,-1,-1,Resta sortides de via,-1,1,2,4,4,2,0,10.56,0,1,6,19,6
9284,2016,1,2016-01-12,SE,BARCELONA,Barcelones,3,0,1,0,3,0,0,1,1,1,0,0,0,100.0,0.0,0,-1,No n'hi ha,-1.0,3,3,1,0,0,0,0,0,0,0,0,0,0,1,4,3,0,Encalç,2,2,2,5,-1,2,1,15.5,1,2,1,12,1
9285,2016,0,2016-01-10,AP-7,BARBERA DEL VALLES,Valles Occidental,3,0,1,0,2,0,0,0,1,1,0,0,0,100.0,1.0,0,2,No n'hi ha,3.0,3,3,1,0,0,1,0,0,0,0,0,0,0,0,5,-1,0,Envestida (frontal lateral),-1,1,2,4,1,2,0,18.2,1,2,6,10,1
9286,2016,1,2016-10-01,SE,MURA,Bages,3,0,1,0,1,0,1,0,0,0,0,0,0,20.0,0.0,0,-1,Sense Especificar,-1.0,3,3,1,0,0,0,0,0,0,0,0,0,0,0,4,-1,-1,Altres,-1,2,2,5,-1,2,0,10.02,0,5,5,1,10
9287,2010,0,2010-04-21,N-260,RIBES DE FRESER,Ripolles,1,0,1,0,1,0,0,0,1,0,0,0,0,60.0,0.0,0,0,No n'hi ha,-1.0,3,3,1,0,0,0,0,0,0,0,0,0,0,0,4,-1,1,Xoc contra objecte/obstacle sense sortida prèvia de via,-1,1,2,4,1,2,1,17.0,1,4,2,21,4
9288,2010,1,2010-07-06,SE,PALAFRUGELL,Baix Emporda,1,0,1,0,2,0,0,1,0,1,0,0,0,20.0,0.0,0,-1,No n'hi ha,-1.0,3,3,1,-1,-1,0,0,-1,0,0,0,0,-1,1,4,4,-1,Envestida (frontal lateral),2,2,2,5,-1,2,1,9.15,0,2,1,6,7
9289,2010,0,2010-09-11,CR40,SABADELL,Valles Occidental,3,0,1,3,2,0,0,0,1,1,0,0,0,100.0,0.0,0,-1,No n'hi ha,-1.0,3,3,1,0,0,0,0,0,0,0,0,0,0,0,4,-1,-1,Col·lisió frontal,-1,1,2,3,-1,2,0,23.47,2,2,5,11,9
9290,2010,0,2010-11-22,SE,IVARS D'URGELL,Pla d'Urgell,2,0,1,1,2,0,0,0,0,2,0,0,0,100.0,0.0,0,0,No n'hi ha,-1.0,3,3,1,0,0,0,0,0,0,0,0,0,0,1,4,5,1,Envestida (frontal lateral),2,1,5,3,0,2,1,16.12,1,2,0,22,11
9291,2010,0,2010-10-28,GI-531,"PLANES D'HOSTOLES, LES",Garrotxa,1,0,1,0,2,0,0,0,0,2,0,0,0,100.0,0.0,0,0,No n'hi ha,-1.0,3,3,1,0,0,0,0,0,0,0,0,0,0,0,4,-1,1,Resta sortides de via,-1,1,2,4,2,2,1,12.06,0,1,3,28,10
9292,2010,0,2010-11-29,C-65,GIRONA,Girones,1,1,1,0,3,0,0,0,0,3,0,0,0,100.0,0.0,0,1,No n'hi ha,-1.0,3,3,0,0,0,0,0,0,0,0,0,0,0,0,4,-1,1,Col·lisió frontal,-1,1,2,4,2,2,1,14.45,1,2,0,29,11
9293,2010,1,2010-10-06,SE,VILANOVA I LA GELTRU,Garraf,3,0,1,0,2,1,0,0,0,1,0,0,0,100.0,0.0,0,-1,No n'hi ha,-1.0,3,3,1,0,0,0,0,0,0,0,0,0,0,0,4,-1,-1,Atropellament,-1,2,2,5,-1,2,1,10.0,0,3,2,6,10
9294,2010,0,2010-11-21,C-37,MANRESA,Bages,3,0,1,2,1,0,0,0,0,1,0,0,0,90.0,0.0,0,0,No n'hi ha,-1.0,3,3,1,-1,0,0,0,-1,0,0,0,0,-1,1,3,4,1,Resta sortides de via,1,1,0,4,2,2,0,4.2,2,1,6,21,11
9295,2010,1,2010-11-03,SE,SANT ADRIA DE BESOS,Barcelones,3,1,0,0,1,0,0,0,1,0,0,0,0,80.0,0.0,0,2,No n'hi ha,-1.0,3,1,0,0,0,0,0,0,0,0,0,0,0,0,5,-1,1,Sortida de via amb xoc o col·lisió,-1,0,2,5,2,2,1,2.26,2,1,2,3,11
9296,2010,0,2010-11-11,B-30,SANT CUGAT DEL VALLES,Valles Occidental,3,0,1,0,2,0,0,0,1,1,0,0,0,100.0,0.0,0,1,No n'hi ha,-1.0,3,3,1,0,0,0,0,0,0,0,0,0,0,0,0,-1,1,Envestida (frontal lateral),-1,1,2,4,1,2,1,18.57,1,2,3,11,11
9297,2010,0,2010-06-02,A-7,MONT-ROIG DEL CAMP,Baix Camp,0,1,0,0,3,0,0,0,0,0,3,0,0,100.0,0.0,0,3,No n'hi ha,-1.0,3,3,0,0,0,0,0,0,0,0,0,0,0,0,4,-1,1,Encalç,-1,1,2,4,1,2,1,16.54,1,2,2,2,6
9298,2010,1,2010-06-03,SE,SANT CELONI,Valles Oriental,3,0,1,0,2,1,0,0,0,1,0,0,0,30.0,0.0,0,2,No n'hi ha,-1.0,3,3,1,0,0,0,0,0,0,0,0,0,0,0,4,-1,1,Atropellament,-1,2,2,5,-1,2,1,19.22,1,3,3,3,6
9299,2010,1,2010-07-06,SE,CAMBRILS,Baix Camp,0,0,1,0,1,0,0,0,0,1,0,0,0,50.0,0.0,0,2,No n'hi ha,-1.0,3,3,1,0,0,0,0,0,0,0,0,0,0,0,5,-1,0,Resta sortides de via,-1,2,3,5,-1,2,1,3.43,2,1,1,6,7
9300,2010,1,2010-12-14,SE,BADALONA,Barcelones,3,1,0,0,2,1,0,0,0,1,0,0,0,100.0,0.0,0,-1,No n'hi ha,-1.0,3,3,0,0,0,0,0,0,0,0,0,0,1,1,5,2,1,Atropellament,1,2,2,5,-1,2,1,17.24,1,3,1,14,12
9301,2010,0,2010-01-21,C-66,SERINYA,Pla de l'Estany,1,0,1,0,1,0,0,0,0,1,0,0,0,100.0,0.0,0,1,No n'hi ha,-1.0,3,3,1,0,0,0,0,0,0,0,0,0,0,0,1,-1,1,Xoc contra objecte/obstacle sense sortida prèvia de via,-1,1,2,4,2,2,1,8.3,0,4,3,21,1
9302,2010,1,2010-03-30,SE,BANYOLES,Pla de l'Estany,1,0,1,0,2,1,0,0,0,1,0,0,0,30.0,0.0,0,2,No n'hi ha,-1.0,3,3,1,0,1,0,0,0,0,0,0,0,0,0,4,-1,1,Atropellament,-1,2,2,5,0,2,1,9.33,0,3,1,30,3
9303,2010,0,2010-07-24,SE,"PERELLO, EL",Baix Ebre,0,0,1,0,2,0,0,0,0,1,0,1,0,100.0,0.0,0,1,No n'hi ha,-1.0,3,3,1,0,0,0,0,0,0,0,0,0,0,0,4,-1,1,Fregament o col·lisió lateral,-1,1,2,3,4,2,0,18.5,1,2,5,24,7
9304,2010,0,2010-09-17,C-55,MANRESA,Bages,3,1,0,0,2,0,0,0,0,1,1,0,0,60.0,0.0,0,2,No n'hi ha,-1.0,3,3,0,0,0,0,1,0,0,0,0,0,0,0,3,-1,1,Envestida (frontal lateral),-1,1,2,4,2,2,0,22.24,2,2,4,17,9
9305,2010,1,2010-03-16,SE,BARCELONA,Barcelones,3,0,1,0,2,1,0,0,0,1,0,0,0,100.0,0.0,0,-1,No n'hi ha,-1.0,3,3,1,0,0,0,0,0,0,0,0,0,1,0,4,-1,0,Atropellament,-1,2,2,5,-1,2,1,16.55,1,3,1,16,3
9306,2010,0,2010-01-13,C-55,OLESA DE MONTSERRAT,Baix Llobregat,3,0,1,0,2,1,0,0,0,1,0,0,0,100.0,0.0,0,2,No n'hi ha,-1.0,3,3,1,0,0,0,0,0,0,0,0,0,0,0,0,-1,1,Atropellament,-1,1,2,4,2,2,1,7.29,0,3,2,13,1
9307,2010,0,2010-06-18,C-242,"BORGES DEL CAMP, LES",Baix Camp,0,0,1,0,2,0,0,0,1,1,0,0,0,50.0,0.0,0,2,No n'hi ha,-1.0,3,1,1,-1,0,0,0,-1,0,0,0,0,0,1,4,5,1,Envestida (frontal lateral),1,1,2,4,2,2,1,8.35,0,2,4,18,6
9308,2010,0,2010-03-26,B-10,HOSPITALET DE LLOBREGAT,Barcelones,3,0,1,0,1,0,0,0,1,0,0,0,0,80.0,0.0,0,3,No n'hi ha,0.0,3,3,1,0,0,0,0,0,0,0,0,0,0,0,5,-1,1,Caiguda en la via,-1,1,2,4,1,2,1,3.07,2,0,4,26,3
9309,2010,0,2010-10-23,AP-7,CONSTANTI,Tarragones,0,1,0,0,2,1,0,0,0,1,0,0,0,100.0,0.0,0,1,No n'hi ha,0.0,3,3,0,0,0,0,0,0,0,0,0,0,1,0,0,-1,1,Atropellament,-1,1,2,4,1,2,0,19.5,1,3,5,23,10
9310,2010,1,2010-03-28,SE,BARCELONA,Barcelones,3,0,1,4,3,0,0,1,0,2,0,0,0,100.0,0.0,0,-1,No n'hi ha,-1.0,3,3,1,0,0,0,0,0,0,0,0,0,0,1,4,3,0,Envestida (frontal lateral),2,2,2,5,-1,2,0,17.1,1,2,6,28,3
9311,2010,0,2010-01-01,BV-2241,PIERA,Anoia,3,0,1,0,2,0,0,1,0,1,0,0,0,40.0,0.0,0,3,No n'hi ha,-1.0,3,3,1,-1,0,0,0,-1,0,0,0,0,0,1,5,4,1,Envestida (frontal lateral),2,1,2,4,3,2,0,20.15,1,2,4,1,1
9312,2010,1,2010-11-26,SE,TERRASSA,Valles Occidental,3,0,1,0,2,0,0,0,1,1,0,0,0,100.0,0.0,0,-1,No n'hi ha,-1.0,3,3,1,0,0,0,0,0,0,0,0,0,0,0,4,-1,-1,Col·lisió frontal,-1,2,2,5,-1,2,1,9.15,0,2,4,26,11
9313,2010,1,2010-02-05,SE,RIELLS I VIABREA,Selva,1,1,0,1,1,0,0,0,0,1,0,0,0,40.0,0.0,0,2,No n'hi ha,-1.0,3,3,0,0,0,0,0,0,0,0,0,0,0,0,5,-1,1,Resta sortides de via,-1,2,2,5,-1,2,0,23.52,2,1,4,5,2
9314,2010,0,2010-07-19,GI-555,MASSANES,Selva,1,0,1,1,1,0,0,0,0,1,0,0,0,90.0,0.0,0,1,No n'hi ha,-1.0,3,3,1,-1,0,0,0,-1,0,0,0,0,-1,0,2,-1,1,Resta sortides de via,-1,1,2,4,2,2,1,19.0,1,1,0,19,7
9315,2010,0,2010-10-17,C-15,OLERDOLA,Alt Penedes,3,0,2,1,2,0,0,0,0,2,0,0,0,40.0,0.0,0,3,No n'hi ha,0.0,3,3,1,0,0,0,0,0,0,0,0,0,0,0,4,-1,1,Col·lisió frontal,-1,1,2,4,2,2,0,11.2,0,2,6,17,10
9316,2010,1,2010-02-11,SE,TERRASSA,Valles Occidental,3,1,0,0,2,1,0,0,0,1,0,0,0,100.0,0.0,0,2,No n'hi ha,-1.0,3,3,0,0,0,0,0,0,0,0,0,0,0,0,5,-1,0,Atropellament,-1,2,2,5,-1,2,1,18.49,1,3,3,11,2
9317,2010,0,2010-07-23,C-55,CASTELLBELL I EL VIL,Bages,3,1,4,0,2,0,0,0,0,1,1,0,0,100.0,0.0,0,0,No n'hi ha,-1.0,3,3,0,0,0,0,1,0,1,0,0,0,0,0,3,-1,1,Sortida de via amb xoc o col·lisió,-1,1,2,4,2,2,1,4.29,2,1,4,23,7
9318,2010,0,2010-07-31,SE,"NOU DE BERGUEDA, LA",Bergueda,3,0,1,0,1,0,0,0,1,0,0,0,0,100.0,0.0,0,1,No n'hi ha,-1.0,3,3,1,0,0,0,0,0,0,0,0,0,0,0,4,-1,1,Caiguda en la via,-1,1,2,3,0,2,0,13.5,0,0,5,31,7
9319,2010,0,2010-10-23,SE,AGER,Noguera,2,1,0,1,2,0,0,0,2,0,0,0,0,100.0,0.0,0,1,No n'hi ha,-1.0,3,3,0,0,0,0,0,0,0,0,0,0,0,0,4,-1,1,Caiguda en la via,-1,1,0,3,4,2,0,18.15,1,0,5,23,10
9320,2010,1,2010-05-23,SE,LLORET DE MAR,Selva,1,0,1,2,2,0,0,0,1,1,0,0,0,100.0,0.0,0,2,No n'hi ha,-1.0,3,1,1,0,0,0,0,0,0,0,0,0,0,2,5,-1,1,Encalç,0,0,2,5,-1,2,0,21.55,1,2,6,23,5
9321,2010,0,2010-01-14,BV-2041,GAVA,Baix Llobregat,3,0,1,0,1,0,0,1,0,0,0,0,0,100.0,0.0,0,3,No n'hi ha,-1.0,3,3,1,0,0,0,0,0,0,0,0,0,0,0,4,-1,1,Resta sortides de via,-1,1,2,4,3,2,1,11.25,0,1,3,14,1
9322,2010,0,2010-08-12,N-260,VILAJUIGA,Alt Emporda,1,0,2,1,2,0,0,0,0,1,1,0,0,90.0,0.0,0,1,No n'hi ha,-1.0,3,3,1,0,0,0,0,0,0,0,0,0,0,0,4,-1,1,Col·lisió frontal,-1,1,2,4,1,2,1,12.24,0,2,3,12,8