,Year,Area,Date,Road,Municipality Name,County Name,Province Name,Fatalties,Serious Injuries,Light Injuries,Units Involved,Pedestrains Involved,Bicycles Involved,Mopeds Involved,Motorcycles,Light Vehicles Involved,Heavy Vehicles Involved,Other Units Involved,Unspecified Units Involved,Road Speed Limit,Accident with Hit and Run,Fog Presence,Surrounding Environment,Special Lane Presence,Special Traffic Measures,Weather Conditions,Special Road Functions,Severity of Accident,Influence of Fog,Influence of Environment,Influence of Traffic,Influence of Weather,Influence of Wind Intensity,Influence of Lighting,Influence of Special Measures,Influence of Road Objects,Influence of Road Surface,Influence of Visibility,Intersection Characteristics,Lighting Conditions,Traffic Regulation and Priority,Direction of Road,Subtype of Accident,Subtype of Road Section,Subzone within Area,Road Surface Conditions,Type of Road,Road Ownership,Wind Conditions,Day of the Week Grouping,Hour of Day,Time of Day Grouping,Type of Accident,Day Type,Day,Month
9323,2010,0,2010-04-13,C-15,OLERDOLA,Alt Penedes,3,0,1,2,2,0,0,0,0,1,1,0,0,100.0,0.0,0,3,No n'hi ha,-1.0,3,3,1,0,0,0,0,0,0,0,0,0,0,0,4,-1,1,Envestida (frontal lateral),-1,1,2,4,2,2,1,8.4,0,2,1,13,4
9324,2010,0,2010-10-30,C-17,CANOVELLES,Valles Oriental,3,1,0,0,2,1,0,0,0,1,0,0,0,100.0,0.0,0,2,No n'hi ha,-1.0,3,3,0,0,0,0,0,0,0,0,0,0,0,0,3,-1,1,Atropellament,-1,1,2,4,2,2,0,0.4,2,3,5,30,10
9325,2010,1,2010-09-26,SE,BARCELONA,Barcelones,3,0,2,0,2,1,0,0,1,0,0,0,0,100.0,0.0,0,-1,No n'hi ha,-1.0,3,3,1,0,0,0,0,0,0,0,0,0,0,1,4,3,1,Atropellament,2,2,2,5,-1,2,0,18.3,1,3,6,26,9
9326,2010,1,2010-01-29,SE,HOSPITALET DE LLOBREGAT,Barcelones,3,0,1,1,1,0,0,0,1,0,0,0,0,20.0,0.0,0,-1,No n'hi ha,-1.0,3,3,1,-1,0,0,0,-1,0,0,0,0,-1,0,5,-1,1,Caiguda en la via,-1,2,2,5,-1,2,1,4.4,2,0,4,29,1
9327,2010,0,2010-05-01,T-240,"BISBAL DEL PENEDES, LA",Baix Penedes,0,0,1,0,1,0,0,0,1,0,0,0,0,60.0,0.0,0,3,No n'hi ha,-1.0,3,3,1,0,0,0,0,0,0,0,0,0,0,0,4,-1,1,Resta sortides de via,-1,1,2,4,2,2,0,17.57,1,1,5,1,5
9328,2010,1,2010-07-19,SE,BARCELONA,Barcelones,3,0,1,0,2,0,0,0,1,1,0,0,0,60.0,0.0,0,-1,No n'hi ha,-1.0,3,3,1,0,0,0,0,0,0,0,0,0,0,0,5,-1,0,Fregament o col·lisió lateral,-1,2,2,5,-1,2,1,11.45,0,2,0,19,7
9329,2010,0,2010-09-07,AP-7,CAPMANY,Alt Emporda,1,0,1,1,1,0,0,0,0,1,0,0,0,100.0,0.0,0,1,No n'hi ha,-1.0,1,3,1,0,0,0,1,0,0,0,0,0,0,0,2,-1,0,Altres,-1,1,0,4,1,2,1,17.15,1,5,1,7,9
9330,2010,1,2010-05-30,SE,SABADELL,Valles Occidental,3,0,1,0,1,0,0,0,1,0,0,0,0,100.0,0.0,0,-1,No n'hi ha,-1.0,3,3,1,0,0,0,0,0,0,0,0,0,0,0,4,-1,-1,Caiguda en la via,-1,2,2,5,-1,2,0,8.15,0,0,6,30,5
9331,2010,0,2010-07-15,N-420,"BORGES DEL CAMP, LES",Baix Camp,0,0,1,0,2,0,0,0,1,1,0,0,0,80.0,0.0,0,2,Carril central,-1.0,3,3,1,0,0,0,0,0,0,0,0,0,0,1,4,4,1,Envestida (frontal lateral),3,1,2,4,1,2,1,11.32,0,2,3,15,7
9332,2010,1,2010-09-10,SE,"PRAT DE LLOBREGAT, E",Baix Llobregat,3,0,1,0,2,0,0,0,1,1,0,0,0,100.0,0.0,0,-1,No n'hi ha,-1.0,3,3,1,0,0,0,0,0,0,0,0,0,0,1,4,4,1,Envestida (frontal lateral),1,2,2,5,-1,2,0,18.05,1,2,4,10,9
9333,2010,0,2010-05-21,L-310,"PLANS DE SIO, ELS",Segarra,2,0,1,0,2,0,0,0,0,1,1,0,0,100.0,0.0,0,0,No n'hi ha,-1.0,3,3,1,0,0,0,0,0,1,0,0,0,0,0,4,-1,1,Envestida (frontal lateral),-1,1,2,4,3,2,1,14.15,1,2,4,21,5
9334,2010,1,2010-03-19,SE,MATARO,Maresme,3,0,1,0,2,0,0,0,1,1,0,0,0,20.0,0.0,0,2,No n'hi ha,-1.0,3,3,1,0,0,0,0,0,0,0,0,0,0,0,4,-1,0,Envestida (frontal lateral),-1,2,2,5,-1,2,1,7.57,0,2,4,19,3
9335,2010,0,2010-05-20,C-352,CANOVELLES,Valles Oriental,3,0,1,0,2,0,1,0,0,1,0,0,0,50.0,0.0,0,2,No n'hi ha,-1.0,3,0,1,0,0,0,0,0,1,0,0,0,0,2,1,4,1,Fregament o col·lisió lateral,0,1,2,4,2,2,1,7.15,0,2,3,20,5
9336,2010,0,2010-09-28,C-58,SANT QUIRZE DEL VALLES,Valles Occidental,3,0,1,1,2,0,0,0,2,0,0,0,0,100.0,0.0,0,2,No n'hi ha,-1.0,3,3,1,0,0,0,0,0,0,0,0,0,0,0,4,-1,1,Fregament o col·lisió lateral,-1,1,2,4,2,2,1,9.02,0,2,1,28,9
9337,2010,1,2010-10-25,SE,LLEIDA,Segria,2,0,1,0,2,1,0,0,0,0,1,0,0,100.0,0.0,0,-1,No n'hi ha,-1.0,3,3,1,0,0,0,0,0,0,0,0,0,0,0,4,-1,-1,Atropellament,-1,2,2,5,-1,2,1,10.5,0,3,0,25,10
9338,2010,1,2010-02-17,SE,BARCELONA,Barcelones,3,0,1,0,2,1,1,0,0,0,0,0,0,100.0,0.0,0,-1,No n'hi ha,-1.0,3,3,1,0,0,0,0,0,0,0,0,0,1,0,5,-1,0,Atropellament,-1,2,2,5,-1,2,1,18.0,1,3,2,17,2
9339,2010,0,2010-05-08,BV-2155,SUBIRATS,Alt Penedes,3,0,1,0,1,0,0,1,0,0,0,0,0,100.0,0.0,0,0,No n'hi ha,-1.0,1,3,1,0,0,0,1,0,0,0,0,0,0,0,3,-1,1,Xoc contra objecte/obstacle sense sortida prèvia de via,-1,1,0,4,3,2,0,21.45,1,4,5,8,5
9340,2010,1,2010-08-29,SE,BANYOLES,Pla de l'Estany,1,0,1,0,2,1,0,0,0,1,0,0,0,20.0,0.0,0,2,No n'hi ha,-1.0,3,3,1,0,0,0,0,0,0,0,0,0,0,1,4,2,0,Atropellament,1,2,2,5,-1,2,0,12.23,0,3,6,29,8
9341,2010,1,2010-06-26,SE,BARCELONA,Barcelones,3,1,0,2,2,0,1,0,0,1,0,0,0,100.0,0.0,0,-1,No n'hi ha,-1.0,3,3,0,0,0,0,0,0,0,0,0,0,0,1,4,3,1,Envestida (frontal lateral),2,2,2,5,-1,2,0,11.3,0,2,5,26,6
9342,2010,1,2010-08-10,SE,BANYOLES,Pla de l'Estany,1,1,0,0,2,1,0,0,0,1,0,0,0,100.0,0.0,0,2,Carril avançament,-1.0,3,3,0,0,0,0,0,0,0,0,0,0,0,1,4,5,0,Atropellament,1,2,2,5,0,2,1,9.09,0,3,1,10,8
9343,2010,1,2010-06-28,SE,MATARO,Maresme,3,0,1,0,2,1,0,0,0,1,0,0,0,20.0,0.0,0,2,No n'hi ha,-1.0,3,3,1,-1,0,0,0,-1,0,0,0,0,0,0,4,-1,0,Atropellament,-1,2,2,5,-1,2,1,11.35,0,3,0,28,6
9344,2010,0,2010-03-17,C-25,ARBUCIES,Selva,1,1,0,1,2,0,0,0,0,1,1,0,0,60.0,0.0,0,2,No n'hi ha,0.0,3,3,0,0,0,0,0,0,0,0,0,0,0,0,4,-1,1,Col·lisió frontal,-1,1,2,4,2,2,1,16.1,1,2,2,17,3
9345,2010,1,2010-11-01,SE,BARCELONA,Barcelones,3,0,1,0,2,0,0,0,1,1,0,0,0,100.0,0.0,0,-1,No n'hi ha,-1.0,3,3,1,0,0,0,0,0,0,0,0,0,0,1,5,3,0,Envestida (frontal lateral),2,2,2,5,-1,2,1,2.15,2,2,0,1,11
9346,2010,1,2010-04-28,T-240,"BISBAL DEL PENEDES, LA",Baix Penedes,0,0,1,0,2,0,0,1,0,1,0,0,0,30.0,0.0,0,2,No n'hi ha,-1.0,3,1,1,0,0,0,0,0,0,0,0,0,1,1,4,5,1,Xoc contra objecte/obstacle sense sortida prèvia de via,3,0,2,4,2,2,1,15.45,1,4,2,28,4
9347,2010,1,2010-05-29,SE,VILAFRANCA DEL PENEDES,Alt Penedes,3,0,1,0,2,1,0,0,0,1,0,0,0,20.0,0.0,0,-1,No n'hi ha,-1.0,3,3,1,-1,-1,0,0,-1,0,0,0,0,0,1,5,4,0,Atropellament,1,2,2,5,-1,2,0,23.1,2,3,5,29,5
9348,2010,0,2010-04-04,T-722,VILALLONGA DEL CAMP,Tarragones,0,0,1,1,1,0,0,0,0,1,0,0,0,100.0,0.0,0,0,No n'hi ha,0.0,3,3,1,0,0,0,0,0,0,0,0,0,0,0,1,-1,1,Resta sortides de via,-1,1,2,4,3,2,0,19.03,1,1,6,4,4
9350,2010,1,2010-12-18,SE,GAVA,Baix Llobregat,3,0,1,0,2,0,0,1,0,1,0,0,0,20.0,0.0,0,-1,No n'hi ha,-1.0,3,3,1,-1,-1,0,0,-1,0,0,0,0,0,1,4,4,-1,Envestida (frontal lateral),2,2,2,5,-1,2,0,15.45,1,2,5,18,12
9351,2010,0,2010-07-31,N-240,LLEIDA,Segria,2,1,2,0,2,0,0,0,0,2,0,0,0,100.0,0.0,0,3,No n'hi ha,-1.0,3,3,0,0,0,0,0,0,0,0,0,0,0,0,4,-1,1,Col·lisió frontal,-1,1,2,4,1,2,0,17.56,1,2,5,31,7
9352,2010,1,2010-05-22,SE,BARCELONA,Barcelones,3,0,1,0,2,0,1,0,0,1,0,0,0,100.0,0.0,0,-1,No n'hi ha,-1.0,3,3,1,0,0,0,0,0,0,0,0,0,0,0,4,-1,1,Xoc contra objecte/obstacle sense sortida prèvia de via,-1,2,2,5,-1,2,0,17.25,1,4,5,22,5
9353,2010,0,2010-07-21,N-340,VILA-SECA,Tarragones,0,0,1,2,3,0,0,0,0,2,1,0,0,100.0,0.0,0,2,No n'hi ha,-1.0,3,3,1,0,0,1,0,0,0,0,0,0,0,0,4,-1,1,Fregament o col·lisió lateral,-1,1,2,4,1,2,1,8.57,0,2,2,21,7
9354,2010,1,2010-11-17,SE,BADALONA,Barcelones,3,0,1,0,2,0,0,0,1,1,0,0,0,100.0,0.0,0,-1,No n'hi ha,-1.0,3,3,1,0,0,0,0,0,0,0,0,0,0,1,4,4,1,Envestida (frontal lateral),1,2,2,5,-1,2,1,8.49,0,2,2,17,11
9355,2010,1,2010-11-22,C-153,VIC,Osona,3,0,1,1,2,0,0,1,0,1,0,0,0,50.0,0.0,0,2,No n'hi ha,-1.0,3,1,1,0,0,0,0,0,0,0,0,0,0,1,4,4,1,Envestida (frontal lateral),0,0,2,4,3,2,1,13.3,0,2,0,22,11
9356,2010,0,2010-10-16,C-12,ROQUETES,Baix Ebre,0,0,2,6,3,0,0,0,0,2,1,0,0,100.0,0.0,0,2,No n'hi ha,-1.0,3,3,1,0,0,0,0,0,0,0,0,0,0,0,4,-1,1,Col·lisió frontal,-1,1,2,4,2,2,0,12.5,0,2,5,16,10
9357,2010,0,2010-08-04,C-31,VILANOVA I LA GELTRU,Garraf,3,1,0,0,2,0,0,0,1,1,0,0,0,90.0,0.0,0,0,No n'hi ha,-1.0,3,3,0,0,0,0,0,0,0,0,0,0,0,0,3,-1,1,Encalç,-1,1,2,4,2,2,1,22.3,2,2,2,4,8
9358,2010,0,2010-03-01,SE,CERDANYOLA DEL VALLES,Valles Occidental,3,0,1,0,1,0,0,0,1,0,0,0,0,100.0,0.0,0,2,No n'hi ha,-1.0,3,3,1,0,0,0,0,0,0,0,0,0,0,2,5,4,0,Caiguda en la via,0,1,2,3,2,2,1,20.0,1,0,0,1,3
9359,2010,1,2010-10-25,SE,SABADELL,Valles Occidental,3,0,1,0,2,0,0,1,0,1,0,0,0,100.0,0.0,0,-1,No n'hi ha,-1.0,3,3,1,0,0,0,0,0,0,0,0,0,0,0,4,-1,-1,Envestida (frontal lateral),-1,2,2,5,-1,2,1,19.42,1,2,0,25,10
9360,2010,1,2010-11-22,SE,BARCELONA,Barcelones,3,0,1,0,2,1,0,0,0,0,1,0,0,100.0,0.0,0,-1,No n'hi ha,-1.0,3,3,1,0,0,0,0,0,0,0,0,0,0,1,4,3,1,Atropellament,2,2,2,5,-1,2,1,11.01,0,3,0,22,11
9361,2010,0,2010-01-02,C-65,LLAGOSTERA,Girones,1,0,1,1,2,0,0,0,0,2,0,0,0,50.0,0.0,0,-1,No n'hi ha,-1.0,3,3,1,-1,0,0,0,-1,0,0,0,0,-1,1,4,4,1,Envestida (frontal lateral),1,1,2,4,2,2,0,12.3,0,2,5,2,1
9362,2010,1,2010-11-01,SE,BARCELONA,Barcelones,3,0,1,1,2,0,0,0,1,1,0,0,0,100.0,0.0,0,-1,No n'hi ha,-1.0,3,3,1,0,0,0,0,0,0,0,0,0,0,1,5,3,0,Fregament o col·lisió lateral,2,2,2,5,-1,2,1,20.35,1,2,0,1,11
9363,2010,1,2010-05-12,SE,SABADELL,Valles Occidental,3,0,1,5,2,0,0,0,0,1,1,0,0,100.0,0.0,0,-1,No n'hi ha,-1.0,3,3,1,0,0,0,0,0,0,0,0,0,0,0,4,-1,-1,Envestida (frontal lateral),-1,2,2,5,-1,2,1,19.16,1,2,2,12,5
9364,2010,1,2010-09-03,SE,BARCELONA,Barcelones,3,0,1,2,4,0,0,0,3,1,0,0,0,100.0,0.0,0,-1,No n'hi ha,-1.0,3,3,1,0,0,1,0,0,0,0,0,0,0,0,4,-1,1,Fregament o col·lisió lateral,-1,2,2,5,-1,2,0,17.4,1,2,4,3,9
9365,2010,1,2010-02-20,SE,REUS,Baix Camp,0,0,1,0,1,1,0,0,0,0,0,0,0,100.0,1.0,0,2,No n'hi ha,-1.0,3,3,1,0,0,0,0,0,0,0,0,0,0,2,5,-1,0,Atropellament,1,2,2,5,-1,2,0,21.0,1,3,5,20,2
9366,2010,0,2010-07-02,C-17,MONTCADA I REIXAC,Valles Occidental,3,1,0,0,1,0,0,0,1,0,0,0,0,50.0,0.0,0,3,No n'hi ha,-1.0,3,3,0,0,0,0,0,0,0,0,0,0,0,1,5,4,1,Resta sortides de via,3,1,2,4,2,2,0,23.48,2,1,4,2,7
9367,2010,1,2010-07-08,SE,LLORET DE MAR,Selva,1,0,1,0,1,0,0,0,1,0,0,0,0,100.0,0.0,0,2,No n'hi ha,-1.0,3,3,1,0,0,0,0,0,0,0,0,0,0,0,5,-1,1,Caiguda en la via,-1,2,2,5,-1,2,1,0.05,2,0,3,8,7
9368,2010,0,2010-04-13,C-37,"PLA DE SANTA MARIA, EL",Alt Camp,0,0,1,0,2,0,0,0,0,2,0,0,0,90.0,0.0,0,2,No n'hi ha,-1.0,3,3,1,-1,0,0,0,-1,0,0,0,0,-1,1,4,5,1,Envestida (frontal lateral),1,1,2,4,2,2,1,18.33,1,2,1,13,4
9369,2010,1,2010-07-02,SE,MATARO,Maresme,3,0,1,0,2,1,0,0,0,1,0,0,0,20.0,0.0,0,-1,No n'hi ha,-1.0,3,3,1,0,0,0,0,0,0,0,0,0,0,1,4,5,0,Atropellament,2,2,2,5,-1,2,1,9.3,0,3,4,2,7
9370,2010,0,2010-02-07,N-II,PONTOS,Alt Emporda,1,1,0,0,2,0,0,0,0,2,0,0,0,80.0,0.0,0,3,No n'hi ha,-1.0,3,3,0,0,0,0,0,0,0,0,0,0,0,0,3,-1,1,Envestida (frontal lateral),-1,1,2,4,1,2,0,23.3,2,2,6,7,2
9371,2010,1,2010-10-07,N-340a,MOLINS DE REI,Baix Llobregat,3,0,1,0,2,0,0,0,0,2,0,0,0,60.0,0.0,0,2,Carril acceleració,-1.0,3,1,1,0,0,0,0,0,0,0,0,0,0,1,4,3,1,Xoc contra objecte/obstacle sense sortida prèvia de via,1,0,2,4,1,2,1,17.2,1,4,3,7,10
9372,2010,1,2010-05-25,SE,MATARO,Maresme,3,0,1,0,2,0,0,0,1,1,0,0,0,20.0,0.0,0,2,No n'hi ha,-1.0,3,3,1,-1,0,0,0,-1,0,0,0,0,0,1,4,4,1,Envestida (frontal lateral),2,2,2,5,-1,2,1,9.5,0,2,1,25,5
9373,2010,1,2010-03-28,SE,BELLVEI,Baix Penedes,0,0,1,0,1,0,0,0,0,0,0,1,0,30.0,0.0,0,2,No n'hi ha,-1.0,3,3,1,0,0,0,0,0,0,0,0,0,0,0,4,-1,1,Resta sortides de via,-1,2,2,5,-1,2,0,18.46,1,1,6,28,3
9374,2010,0,2010-10-03,B-431,ORISTA,Osona,3,0,1,0,1,0,0,0,1,0,0,0,0,100.0,0.0,0,1,No n'hi ha,-1.0,3,3,1,0,0,0,0,0,0,0,0,0,0,0,4,-1,1,Resta sortides de via,-1,1,2,4,3,2,0,12.3,0,1,6,3,10
9375,2010,1,2010-02-18,SE,BARCELONA,Barcelones,3,0,1,1,2,0,0,1,1,0,0,0,0,100.0,0.0,0,-1,No n'hi ha,-1.0,3,3,1,0,0,0,0,0,0,0,0,0,1,1,5,2,1,Envestida (frontal lateral),1,2,2,5,-1,2,1,19.2,1,2,3,18,2
9376,2010,1,2010-05-01,SE,GRANOLLERS,Valles Oriental,3,0,1,2,2,0,0,0,0,2,0,0,0,100.0,0.0,0,2,No n'hi ha,-1.0,3,3,1,0,0,0,0,0,0,0,0,0,0,1,5,3,1,Fregament o col·lisió lateral,2,2,2,5,-1,2,0,6.29,0,2,5,1,5
9377,2010,1,2010-02-07,SE,CORNELLA DE LLOBREGAT,Baix Llobregat,3,0,1,0,1,0,0,0,1,0,0,0,0,20.0,0.0,0,2,No n'hi ha,-1.0,3,3,1,-1,0,1,0,-1,0,0,0,0,-1,0,5,-1,1,Sortida de via amb bolcada,-1,2,2,5,-1,2,0,4.55,2,1,6,7,2
9378,2010,1,2010-12-10,N-230,"PONT DE SUERT, EL",Alta Ribagorca,2,0,1,0,2,1,0,0,0,1,0,0,0,100.0,0.0,0,2,No n'hi ha,-1.0,3,1,1,0,0,0,0,0,1,0,0,0,0,2,4,5,1,Atropellament,2,0,2,4,1,2,1,9.5,0,3,4,10,12
9379,2010,1,2010-05-27,SE,BARCELONA,Barcelones,3,0,1,0,2,0,0,1,0,1,0,0,0,100.0,0.0,0,-1,No n'hi ha,-1.0,3,3,1,0,0,0,0,0,0,0,0,0,0,1,4,3,0,Fregament o col·lisió lateral,2,2,2,5,-1,2,1,16.3,1,2,3,27,5
9380,2010,1,2010-04-13,SE,SANT CELONI,Valles Oriental,3,0,1,0,2,0,1,0,0,1,0,0,0,100.0,0.0,0,2,No n'hi ha,-1.0,3,3,1,0,0,0,0,0,0,0,0,0,0,1,4,4,0,Envestida (frontal lateral),2,2,2,5,-1,2,1,13.16,0,2,1,13,4
9381,2010,1,2010-04-26,SE,MANRESA,Bages,3,0,1,3,2,0,0,0,0,2,0,0,0,20.0,0.0,0,-1,No n'hi ha,-1.0,3,3,1,0,0,0,0,0,0,0,0,0,0,1,5,4,-1,Envestida (frontal lateral),2,2,2,5,-1,2,1,5.55,2,2,0,26,4
9382,2010,1,2010-03-20,SE,BARCELONA,Barcelones,3,0,1,0,1,0,0,1,0,0,0,0,0,50.0,0.0,0,-1,No n'hi ha,-1.0,3,3,1,0,0,0,0,0,0,0,0,0,0,0,5,-1,0,Caiguda en la via,-1,2,2,5,-1,2,0,11.25,0,0,5,20,3
9383,2010,1,2010-12-12,SE,CASTELLFOLLIT DEL BO,Bages,3,0,1,0,1,0,0,0,1,0,0,0,0,20.0,0.0,0,1,No n'hi ha,-1.0,3,3,1,-1,0,0,0,-1,0,0,0,0,0,0,4,-1,1,Resta sortides de via,-1,2,1,5,0,2,0,13.08,0,1,6,12,12
9384,2010,0,2010-07-25,C-12,CAMARASA,Noguera,2,0,1,4,2,0,0,0,0,2,0,0,0,90.0,0.0,0,-1,No n'hi ha,-1.0,3,3,1,-1,0,0,0,-1,1,0,0,0,1,1,4,5,1,Envestida (frontal lateral),2,1,2,4,2,2,0,17.15,1,2,6,25,7
9385,2010,1,2010-03-01,SE,BARCELONA,Barcelones,3,0,1,0,2,1,0,0,0,1,0,0,0,100.0,0.0,0,-1,Carril bus,-1.0,3,3,1,0,0,0,0,0,0,0,0,0,1,1,5,3,1,Atropellament,1,2,2,5,-1,2,1,5.5,2,3,0,1,3
9386,2010,0,2010-06-12,BV-4235,NAVAS,Bages,3,0,1,0,1,0,0,1,0,0,0,0,0,100.0,0.0,0,1,No n'hi ha,-1.0,3,3,1,0,0,0,0,0,0,0,0,0,0,0,4,-1,1,Caiguda en la via,-1,1,2,4,4,2,0,11.0,0,0,5,12,6
9387,2010,1,2010-10-20,SE,OLOT,Garrotxa,1,0,1,0,2,1,0,0,0,0,1,0,0,100.0,0.0,0,2,No n'hi ha,-1.0,3,3,1,0,0,0,0,0,0,0,0,0,0,1,4,4,0,Atropellament,1,2,2,5,-1,2,1,12.54,0,3,2,20,10
9388,2010,1,2010-07-29,SE,BARCELONA,Barcelones,3,0,1,0,2,0,0,0,1,0,1,0,0,100.0,0.0,0,-1,No n'hi ha,-1.0,1,3,1,0,0,0,0,0,0,0,0,0,0,0,4,-1,0,Caiguda en la via,-1,2,0,5,-1,2,1,18.5,1,0,3,29,7
9389,2010,0,2010-05-18,B-10,SANT ADRIA DE BESOS,Barcelones,3,0,1,0,1,0,0,0,1,0,0,0,0,90.0,0.0,0,-1,No n'hi ha,-1.0,3,3,1,-1,0,0,0,-1,0,0,0,0,-1,0,4,-1,0,Caiguda en la via,-1,1,2,4,3,2,1,9.0,0,0,1,18,5
9390,2010,1,2010-05-07,N-340a,TARRAGONA,Tarragones,0,1,1,1,2,0,0,0,0,2,0,0,0,100.0,0.0,0,2,No n'hi ha,-1.0,3,1,0,0,0,0,0,0,0,0,0,0,0,0,5,-1,1,Resta sortides de via,-1,0,2,4,1,2,1,0.55,2,1,4,7,5
9391,2010,0,2010-01-15,SE,TARRAGONA,Tarragones,0,0,2,0,2,0,0,0,1,1,0,0,0,100.0,0.0,0,1,No n'hi ha,-1.0,3,3,1,0,0,0,0,0,0,0,0,0,0,1,5,3,1,Envestida (frontal lateral),1,1,2,3,1,2,0,20.0,1,2,4,15,1
9392,2010,0,2010-11-07,C-58,SANT QUIRZE DEL VALLES,Valles Occidental,3,0,1,3,1,0,0,0,0,1,0,0,0,100.0,0.0,0,2,Carril central,-1.0,3,3,1,0,0,0,0,0,0,0,0,0,0,0,1,-1,1,Xoc contra objecte/obstacle sense sortida prèvia de via,-1,1,2,4,2,2,0,7.12,0,4,6,7,11
9393,2010,1,2010-07-07,SE,LLORET DE MAR,Selva,1,0,1,1,2,1,0,0,1,0,0,0,0,40.0,0.0,0,1,No n'hi ha,-1.0,3,1,1,0,0,0,0,0,0,0,0,0,0,0,5,-1,1,Atropellament,-1,0,2,5,-1,2,1,0.17,2,3,2,7,7
9394,2010,1,2010-07-01,SE,TORROELLA DE MONTGRI,Baix Emporda,1,0,1,1,2,0,0,1,0,1,0,0,0,20.0,1.0,0,2,No n'hi ha,-1.0,3,3,1,-1,0,0,0,-1,0,0,0,0,-1,1,5,4,1,Envestida (frontal lateral),2,2,2,5,-1,2,1,0.05,2,2,3,1,7
9395,2010,1,2010-06-05,SE,SANT QUIRZE DEL VALLES,Valles Occidental,3,0,1,0,1,0,0,1,0,0,0,0,0,20.0,0.0,0,-1,No n'hi ha,-1.0,3,3,1,0,0,0,0,0,0,0,0,0,0,0,4,-1,-1,Xoc contra objecte/obstacle sense sortida prèvia de via,-1,2,2,5,-1,2,0,18.0,1,4,5,5,6
9396,2010,1,2010-05-24,SE,BARCELONA,Barcelones,3,0,1,0,2,1,0,0,0,1,0,0,0,100.0,0.0,0,-1,No n'hi ha,-1.0,3,3,1,0,0,0,0,0,0,0,0,0,0,0,4,-1,1,Atropellament,-1,2,2,5,-1,2,1,15.05,1,3,0,24,5
9397,2010,0,2010-02-24,C-14,VILA-SECA,Tarragones,0,0,1,0,1,0,0,0,1,0,0,0,0,40.0,0.0,0,2,No n'hi ha,-1.0,3,3,1,0,0,0,0,0,0,0,0,0,0,1,5,4,1,Resta sortides de via,0,1,2,4,2,2,1,3.05,2,1,2,24,2
9398,2010,0,2010-06-30,AP-7,MOLLET DEL VALLES,Valles Oriental,3,0,2,1,3,0,0,0,0,2,1,0,0,120.0,0.0,0,2,No n'hi ha,-1.0,3,3,1,0,0,0,0,0,0,0,0,0,0,0,4,-1,1,Fregament o col·lisió lateral,-1,1,2,4,1,2,1,18.24,1,2,2,30,6
9399,2010,1,2010-09-08,SE,SANT JOAN DESPI,Baix Llobregat,3,0,1,0,2,0,0,0,1,1,0,0,0,20.0,0.0,0,-1,No n'hi ha,-1.0,3,3,1,-1,0,0,0,-1,0,0,0,0,0,1,4,4,0,Envestida (frontal lateral),2,2,2,5,-1,2,1,13.2,0,2,2,8,9
9400,2010,0,2010-10-20,TP-2402,"BISBAL DEL PENEDES, LA",Baix Penedes,0,0,1,0,1,0,0,0,1,0,0,0,0,100.0,0.0,0,2,No n'hi ha,-1.0,3,3,1,0,0,0,0,0,0,0,0,0,0,0,1,-1,1,Altres,-1,1,2,4,3,2,1,7.47,0,5,2,20,10
9401,2010,1,2010-03-23,SE,BADALONA,Barcelones,3,0,1,0,2,1,0,0,0,0,1,0,0,100.0,0.0,0,-1,Carril acceleració,-1.0,3,3,1,0,0,1,0,0,0,0,0,0,1,1,4,3,0,Atropellament,2,2,2,5,-1,2,1,13.32,0,3,1,23,3
9402,2010,0,2010-11-23,C-245,CORNELLA DE LLOBREGAT,Baix Llobregat,3,0,1,0,2,0,1,0,1,0,0,0,0,100.0,0.0,0,3,No n'hi ha,-1.0,3,3,1,0,0,0,0,0,0,0,0,0,0,1,4,2,0,Fregament o col·lisió lateral,3,1,2,4,2,2,1,9.4,0,2,1,23,11
9403,2010,0,2010-09-09,GI-682,LLORET DE MAR,Selva,1,0,1,2,2,0,0,0,0,2,0,0,0,90.0,0.0,0,3,No n'hi ha,-1.0,3,3,1,0,0,0,0,0,0,0,0,0,0,0,4,-1,1,Fregament o col·lisió lateral,-1,1,2,4,3,2,1,9.35,0,2,3,9,9
9404,2010,1,2010-04-05,SE,SANT BOI DE LLOBREGAT,Baix Llobregat,3,0,1,0,1,0,0,0,1,0,0,0,0,100.0,0.0,0,-1,No n'hi ha,-1.0,3,3,1,0,0,0,0,0,0,0,0,0,0,0,4,-1,-1,Xoc contra objecte/obstacle sense sortida prèvia de via,-1,2,2,5,-1,2,1,7.07,0,4,0,5,4
9405,2010,1,2010-10-27,SE,OLESA DE MONTSERRAT,Baix Llobregat,3,0,1,0,2,1,0,0,0,1,0,0,0,100.0,0.0,0,2,No n'hi ha,-1.0,3,3,1,0,0,0,0,0,0,0,0,0,0,0,4,-1,1,Atropellament,-1,2,2,5,-1,2,1,12.0,0,3,2,27,10
9406,2010,1,2010-03-09,SE,GAVA,Baix Llobregat,3,0,2,2,1,0,0,0,0,1,0,0,0,50.0,0.0,0,2,No n'hi ha,-1.0,3,3,1,-1,0,0,0,-1,0,0,0,0,-1,1,5,2,1,Caiguda en la via,1,2,2,5,-1,2,1,22.11,2,0,1,9,3