,Year,Area,Date,Road,Municipality Name,County Name,Province Name,Fatalties,Serious Injuries,Light Injuries,Units Involved,Pedestrains Involved,Bicycles Involved,Mopeds Involved,Motorcycles,Light Vehicles Involved,Heavy Vehicles Involved,Other Units Involved,Unspecified Units Involved,Road Speed Limit,Accident with Hit and Run,Fog Presence,Surrounding Environment,Special Lane Presence,Special Traffic Measures,Weather Conditions,Special Road Functions,Severity of Accident,Influence of Fog,Influence of Environment,Influence of Traffic,Influence of Weather,Influence of Wind Intensity,Influence of Lighting,Influence of Special Measures,Influence of Road Objects,Influence of Road Surface,Influence of Visibility,Intersection Characteristics,Lighting Conditions,Traffic Regulation and Priority,Direction of Road,Subtype of Accident,Subtype of Road Section,Subzone within Area,Road Surface Conditions,Type of Road,Road Ownership,Wind Conditions,Day of the Week Grouping,Hour of Day,Time of Day Grouping,Type of Accident,Day Type,Day,Month
9407,2010,0,2010-06-04,SE,ROQUETES,Baix Ebre,0,0,1,0,2,0,1,0,0,1,0,0,0,40.0,0.0,0,2,No n'hi ha,-1.0,3,3,1,0,0,0,0,0,0,0,0,0,0,1,5,5,1,Envestida (frontal lateral),1,1,2,3,3,2,0,23.15,2,2,4,4,6
9408,2010,0,2010-11-24,N-152a,MONTCADA I REIXAC,Valles Occidental,3,0,1,1,2,0,0,0,0,2,0,0,0,100.0,0.0,0,2,No n'hi ha,-1.0,3,3,1,0,0,0,0,0,0,0,0,0,0,0,5,-1,1,Resta sortides de via,-1,1,2,4,2,2,1,21.29,1,1,2,24,11
9409,2010,0,2010-12-21,BV-2041,GAVA,Baix Llobregat,3,0,1,0,1,0,0,0,1,0,0,0,0,100.0,0.0,0,0,No n'hi ha,-1.0,3,3,1,0,0,0,1,0,1,0,0,0,0,0,0,-1,1,Resta sortides de via,-1,1,2,4,2,2,1,4.35,2,1,1,21,12
9410,2010,1,2010-01-26,SE,IGUALADA,Anoia,3,0,1,0,2,1,0,0,0,1,0,0,0,50.0,0.0,0,2,No n'hi ha,-1.0,3,3,1,-1,0,0,0,-1,0,0,0,0,-1,1,4,2,1,Atropellament,2,2,2,5,-1,2,1,8.2,0,3,1,26,1
9411,2010,1,2010-12-17,SE,MATARO,Maresme,3,0,1,0,2,1,0,0,0,1,0,0,0,20.0,0.0,0,-1,No n'hi ha,-1.0,3,3,1,-1,0,0,0,-1,0,0,0,0,0,1,1,2,0,Atropellament,2,2,2,5,-1,2,0,19.05,1,3,4,17,12
9412,2010,1,2010-01-16,SE,MANRESA,Bages,3,0,1,1,2,1,0,0,1,0,0,0,0,100.0,0.0,0,2,No n'hi ha,-1.0,3,3,1,0,0,0,0,0,0,0,0,0,0,0,1,-1,1,Atropellament,-1,2,2,5,-1,2,0,19.3,1,3,5,16,1
9413,2010,1,2010-01-07,SE,HOSPITALET DE LLOBREGAT,Barcelones,3,1,0,0,2,1,0,0,0,0,0,1,0,20.0,0.0,0,-1,No n'hi ha,-1.0,1,3,0,-1,0,0,0,0,0,0,0,0,0,1,2,3,1,Atropellament,2,2,0,5,-1,1,1,15.31,1,3,3,7,1
9414,2010,0,2010-06-25,C-58,MONTCADA I REIXAC,Valles Occidental,3,0,2,1,2,0,0,0,0,2,0,0,0,80.0,0.0,0,2,No n'hi ha,0.0,3,3,1,0,0,0,0,0,0,0,0,0,0,0,4,-1,1,Encalç,-1,1,2,4,2,2,1,9.18,0,2,4,25,6
9415,2010,0,2010-05-14,SE,SABADELL,Valles Occidental,3,0,1,0,2,0,0,1,0,1,0,0,0,100.0,0.0,0,-1,No n'hi ha,-1.0,3,3,1,0,0,0,0,0,0,0,0,0,0,0,4,-1,-1,Envestida (frontal lateral),-1,1,2,3,-1,2,1,12.56,0,2,4,14,5
9416,2010,1,2010-08-05,SE,BARCELONA,Barcelones,3,0,1,0,2,0,0,0,1,1,0,0,0,100.0,0.0,0,-1,No n'hi ha,-1.0,3,3,1,0,0,0,0,0,0,0,0,0,0,1,4,3,1,Col·lisió frontal,2,2,2,5,-1,2,1,17.2,1,2,3,5,8
9417,2010,0,2010-08-08,C-25,FOLGUEROLES,Osona,3,1,0,0,3,0,0,0,0,2,1,0,0,100.0,0.0,0,2,No n'hi ha,-1.0,3,3,0,0,0,0,0,0,0,0,0,0,0,0,1,-1,1,Envestida (frontal lateral),-1,1,2,4,2,2,0,6.43,0,2,6,8,8
9418,2010,0,2010-09-15,TV-7211,CONSTANTI,Tarragones,0,0,1,2,3,0,0,0,0,2,1,0,0,70.0,0.0,0,2,No n'hi ha,-1.0,3,3,1,0,0,0,0,0,0,0,0,0,0,1,4,4,1,Fregament o col·lisió lateral,1,1,2,4,2,2,1,17.3,1,2,2,15,9
9419,2010,1,2010-05-29,SE,BADALONA,Barcelones,3,0,1,0,2,1,0,0,0,1,0,0,0,100.0,0.0,0,-1,No n'hi ha,-1.0,3,3,1,0,0,0,0,0,0,0,0,0,1,0,4,-1,0,Atropellament,-1,2,2,5,-1,2,0,10.0,0,3,5,29,5
9420,2010,0,2010-04-16,AP-7,BARBERA DEL VALLES,Valles Occidental,3,0,1,0,2,0,0,0,1,1,0,0,0,100.0,0.0,0,3,No n'hi ha,-1.0,3,3,1,0,0,0,0,0,0,0,0,0,0,0,3,-1,1,Encalç,-1,1,2,4,1,2,1,5.25,2,2,4,16,4
9421,2010,0,2010-03-21,SE,AIGUAMURCIA,Alt Camp,0,0,1,0,1,0,0,0,1,0,0,0,0,40.0,0.0,0,3,No n'hi ha,-1.0,3,3,1,0,0,0,0,0,0,0,0,0,0,0,4,-1,1,Xoc contra objecte/obstacle sense sortida prèvia de via,-1,1,0,3,4,2,0,12.0,0,4,6,21,3
9422,2010,1,2010-07-05,SE,"MASNOU, EL",Maresme,3,0,1,0,2,0,0,0,1,1,0,0,0,20.0,0.0,0,-1,No n'hi ha,-1.0,3,3,1,-1,0,0,0,-1,0,0,0,0,-1,0,4,-1,1,Envestida (frontal lateral),-1,2,2,5,-1,2,1,19.4,1,2,0,5,7
9423,2010,1,2010-10-13,SE,BARCELONA,Barcelones,3,0,1,0,2,0,0,0,1,1,0,0,0,100.0,0.0,0,-1,No n'hi ha,-1.0,3,3,1,0,0,0,0,0,0,0,0,0,1,1,4,2,0,Fregament o col·lisió lateral,2,2,2,5,-1,2,1,10.45,0,2,2,13,10
9424,2010,1,2010-01-11,SE,TARRAGONA,Tarragones,0,0,1,0,2,0,0,1,0,1,0,0,0,20.0,,0,2,No n'hi ha,-1.0,3,3,1,-1,0,0,0,-1,0,0,0,0,-1,0,4,-1,1,Envestida (frontal lateral),-1,2,2,5,-1,2,1,10.2,0,2,0,11,1
9425,2010,0,2010-10-28,T-750,"POBLA DE MAFUMET, LA",Tarragones,0,0,1,0,2,0,0,1,0,0,1,0,0,40.0,0.0,0,1,No n'hi ha,0.0,3,3,1,0,0,0,0,0,0,0,0,0,0,1,1,4,1,Caiguda en la via,0,1,2,4,3,2,1,18.58,1,0,3,28,10
9426,2010,0,2010-02-08,C-66,SANT JULIA DE RAMIS,Girones,1,0,1,0,1,0,0,0,0,0,1,0,0,100.0,0.0,0,3,No n'hi ha,-1.0,2,3,1,0,0,0,0,0,0,0,0,0,0,0,2,-1,1,Xoc contra objecte/obstacle sense sortida prèvia de via,-1,1,0,4,2,2,1,17.45,1,4,0,8,2
9427,2010,1,2010-04-23,SE,TOSSA DE MAR,Selva,1,0,1,0,1,0,0,0,0,0,0,1,0,20.0,0.0,0,2,No n'hi ha,-1.0,1,3,1,0,0,0,0,0,0,0,0,0,0,2,4,-1,1,Caiguda en la via,2,2,0,5,-1,2,1,11.1,0,0,4,23,4
9428,2010,0,2010-07-16,N-II,VILADEMULS,Pla de l'Estany,1,0,1,0,2,0,0,0,0,1,1,0,0,100.0,0.0,0,3,No n'hi ha,-1.0,3,3,1,0,0,0,0,0,0,0,0,0,0,1,4,4,1,Fregament o col·lisió lateral,2,1,2,4,1,2,1,8.15,0,2,4,16,7
9429,2010,0,2010-07-19,C-162,FONTANALS DE CERDANYA,Cerdanya,1,1,0,0,2,0,0,0,0,1,1,0,0,100.0,0.0,0,0,No n'hi ha,-1.0,3,3,0,0,0,0,0,0,0,0,0,0,0,0,3,-1,1,Xoc contra objecte/obstacle sense sortida prèvia de via,-1,1,2,4,2,2,1,5.09,2,4,0,19,7
9430,2010,0,2010-11-10,N-II,BASCARA,Alt Emporda,1,0,1,1,2,0,0,0,0,0,2,0,0,100.0,0.0,0,3,No n'hi ha,-1.0,3,3,1,0,0,0,0,0,1,0,0,0,0,0,1,-1,1,Encalç,-1,1,2,4,1,2,1,8.0,0,2,2,10,11
9431,2010,0,2010-11-21,B-40,"ROCA DEL VALLES, LA",Valles Oriental,3,0,1,5,2,0,0,0,0,2,0,0,0,80.0,0.0,0,3,No n'hi ha,-1.0,3,3,1,0,0,0,0,0,0,0,0,0,0,0,3,-1,1,Altres,-1,1,2,4,2,2,0,7.0,0,5,6,21,11
9432,2010,1,2010-09-22,SE,CASTELLAR DEL VALLES,Valles Occidental,3,0,1,0,2,1,0,0,0,1,0,0,0,20.0,0.0,0,2,No n'hi ha,-1.0,3,3,1,-1,0,0,0,-1,0,0,0,0,-1,1,4,2,0,Atropellament,2,2,2,5,-1,2,1,12.1,0,3,2,22,9
9433,2010,1,2010-10-17,SE,TARRAGONA,Tarragones,0,0,1,0,2,1,0,0,0,1,0,0,0,20.0,,0,2,No n'hi ha,-1.0,3,3,1,-1,0,0,0,-1,0,0,0,0,-1,0,5,-1,1,Atropellament,-1,2,2,5,-1,2,0,22.05,2,3,6,17,10
9434,2010,0,2010-10-09,C-1413a,"PAPIOL, EL",Baix Llobregat,3,0,1,0,1,0,0,0,1,0,0,0,0,100.0,0.0,0,1,No n'hi ha,-1.0,3,3,1,0,0,0,0,0,0,0,0,0,0,0,4,-1,1,Caiguda en la via,-1,1,2,4,2,2,0,18.2,1,0,5,9,10
9435,2010,1,2010-09-16,SE,SABADELL,Valles Occidental,3,0,1,0,1,0,0,0,1,0,0,0,0,100.0,0.0,0,-1,No n'hi ha,-1.0,3,3,1,0,0,0,0,0,0,0,0,0,0,0,4,-1,-1,Xoc contra objecte/obstacle sense sortida prèvia de via,-1,2,2,5,-1,2,1,15.24,1,4,3,16,9
9436,2010,1,2010-03-06,SE,TORELLO,Osona,3,1,1,0,3,2,0,0,0,1,0,0,0,40.0,0.0,0,2,No n'hi ha,-1.0,3,3,0,0,0,0,0,0,0,0,0,0,0,0,4,-1,1,Atropellament,-1,2,2,5,-1,2,0,17.15,1,3,5,6,3
9437,2010,0,2010-09-04,GI-682,BLANES,Selva,1,0,1,1,4,0,0,0,2,2,0,0,0,90.0,0.0,0,-1,No n'hi ha,-1.0,3,3,1,-1,0,1,0,-1,0,0,0,0,-1,0,4,-1,1,Encalç,-1,1,2,4,3,2,0,10.52,0,2,5,4,9
9438,2010,0,2010-11-25,SE,REUS,Baix Camp,0,0,1,0,2,1,0,0,0,1,0,0,0,100.0,0.0,0,-1,No n'hi ha,-1.0,3,3,1,0,0,0,0,0,0,0,0,0,0,0,4,-1,-1,Atropellament,-1,1,2,3,-1,2,1,17.55,1,3,3,25,11
9439,2010,1,2010-05-25,SE,BARCELONA,Barcelones,3,0,1,0,2,0,0,0,1,1,0,0,0,80.0,0.0,0,-1,No n'hi ha,-1.0,3,3,1,0,0,0,0,0,0,0,0,0,0,0,4,-1,0,Fregament o col·lisió lateral,-1,2,2,5,-1,2,1,16.4,1,2,1,25,5
9440,2010,0,2010-03-30,SE,COLLBATO,Baix Llobregat,3,0,1,0,1,0,0,0,0,1,0,0,0,100.0,0.0,0,0,No n'hi ha,4.0,3,3,1,0,0,0,0,0,0,0,0,0,0,0,3,-1,1,Resta sortides de via,-1,1,2,3,2,2,1,1.18,2,1,1,30,3
9441,2010,0,2010-08-16,N-260,RIBES DE FRESER,Ripolles,1,0,1,0,2,0,1,0,0,1,0,0,0,60.0,0.0,0,1,No n'hi ha,-1.0,3,3,1,0,0,0,0,0,0,0,0,0,0,0,4,-1,1,Caiguda en la via,-1,1,2,4,1,2,1,13.5,0,0,0,16,8
9442,2010,1,2010-05-05,SE,MONTCADA I REIXAC,Valles Occidental,3,0,1,0,2,0,0,1,0,1,0,0,0,20.0,0.0,0,-1,No n'hi ha,-1.0,3,3,1,0,0,0,0,0,0,0,0,0,0,1,4,4,-1,Envestida (frontal lateral),2,2,2,5,-1,2,1,7.5,0,2,2,5,5
9443,2010,1,2010-11-10,SE,CAMARLES,Baix Ebre,0,0,1,0,2,0,0,1,0,1,0,0,0,40.0,0.0,0,2,No n'hi ha,-1.0,3,3,1,0,0,0,0,0,0,0,0,0,0,1,4,5,1,Fregament o col·lisió lateral,2,2,2,5,-1,2,1,8.23,0,2,2,10,11
9444,2010,1,2010-05-27,SE,SABADELL,Valles Occidental,3,0,1,0,2,1,0,0,0,1,0,0,0,100.0,0.0,0,-1,No n'hi ha,-1.0,3,3,1,0,0,0,0,0,0,0,0,0,0,0,4,-1,-1,Atropellament,-1,2,2,5,-1,2,1,14.58,1,3,3,27,5
9445,2010,0,2010-12-27,T-310,REUS,Baix Camp,0,0,1,0,2,0,1,0,0,1,0,0,0,40.0,0.0,0,2,No n'hi ha,-1.0,3,3,1,0,0,0,0,0,0,0,0,0,0,1,4,4,0,Fregament o col·lisió lateral,0,1,2,4,2,2,1,16.25,1,2,0,27,12
9446,2010,0,2010-03-19,TP-2031,NULLES,Alt Camp,0,0,1,0,1,0,0,0,0,0,1,0,0,90.0,0.0,0,2,No n'hi ha,-1.0,3,3,1,-1,0,0,0,-1,0,0,0,0,-1,0,4,-1,1,Sortida de via amb bolcada,-1,1,2,4,3,2,1,13.2,0,1,4,19,3
9447,2010,1,2010-07-13,SE,MATARO,Maresme,3,0,1,0,2,0,0,1,0,0,1,0,0,20.0,,0,2,No n'hi ha,-1.0,3,3,1,-1,0,0,0,-1,0,0,1,0,0,0,5,-1,-1,Xoc contra objecte/obstacle sense sortida prèvia de via,-1,2,2,5,-1,2,1,3.04,2,4,1,13,7
9448,2010,0,2010-09-23,B-24,PALLEJA,Baix Llobregat,3,0,1,1,1,0,0,0,1,0,0,0,0,50.0,0.0,0,3,No n'hi ha,-1.0,3,3,1,0,0,0,0,0,0,0,0,0,0,1,3,-1,0,Caiguda en la via,3,1,2,4,2,2,1,22.15,2,0,3,23,9
9449,2010,1,2010-06-17,SE,TARRAGONA,Tarragones,0,0,1,0,2,1,0,0,0,1,0,0,0,100.0,0.0,0,2,No n'hi ha,-1.0,3,3,1,0,0,0,0,0,1,0,0,0,0,0,4,-1,1,Atropellament,-1,2,2,5,-1,2,1,20.55,1,3,3,17,6
9450,2010,0,2010-02-05,C-32,CORNELLA DE LLOBREGAT,Baix Llobregat,3,0,1,0,2,0,0,0,1,1,0,0,0,100.0,0.0,0,3,No n'hi ha,-1.0,3,0,1,0,0,0,0,0,0,0,0,0,0,0,4,-1,1,Encalç,-1,1,2,4,2,2,1,14.2,1,2,4,5,2
9451,2010,0,2010-01-07,N-240,TORREGROSSA,Pla d'Urgell,2,1,1,0,2,0,0,0,0,2,0,0,0,100.0,0.0,0,2,No n'hi ha,-1.0,3,3,0,0,0,0,0,0,0,0,0,0,0,0,4,-1,1,Col·lisió frontal,-1,1,2,4,1,2,1,13.14,0,2,3,7,1
9452,2010,0,2010-11-15,C-14,ORGANYA,Alt Urgell,2,0,1,1,2,0,0,0,0,1,1,0,0,100.0,0.0,0,1,No n'hi ha,-1.0,3,3,1,0,0,0,1,0,0,0,0,0,0,0,4,-1,1,Col·lisió frontal,-1,1,2,4,2,2,1,9.01,0,2,0,15,11
9453,2010,0,2010-06-02,SE,VILASSAR DE MAR,Maresme,3,0,1,0,2,0,0,0,1,1,0,0,0,100.0,0.0,0,2,No n'hi ha,-1.0,3,3,1,0,0,0,0,0,0,0,0,0,0,1,4,4,1,Envestida (frontal lateral),1,1,2,3,0,2,1,20.0,1,2,2,2,6
9454,2010,0,2010-09-17,C-55,MONISTROL DE MONTSER,Bages,3,0,1,0,1,0,0,0,0,1,0,0,0,80.0,0.0,0,2,No n'hi ha,-1.0,1,3,1,-1,0,0,0,-1,0,0,0,0,-1,0,3,-1,1,Sortida de via amb bolcada,-1,1,0,4,2,2,0,23.19,2,1,4,17,9
9455,2010,0,2010-06-07,C-14,ORGANYA,Alt Urgell,2,0,1,0,1,0,0,0,0,1,0,0,0,100.0,0.0,0,3,No n'hi ha,-1.0,3,3,1,0,0,0,0,0,0,0,0,0,0,0,4,-1,1,Resta sortides de via,-1,1,2,4,2,2,1,15.3,1,1,0,7,6
9456,2010,0,2010-12-18,GI-512,AVIA,Bergueda,3,0,1,0,1,0,0,0,0,1,0,0,0,90.0,0.0,0,2,No n'hi ha,-1.0,1,3,1,-1,0,0,0,-1,0,0,0,0,0,0,2,-1,1,Resta sortides de via,-1,1,0,4,1,2,0,9.5,0,1,5,18,12
9457,2010,1,2010-10-11,SE,BARCELONA,Barcelones,3,0,3,0,4,3,0,0,0,1,0,0,0,100.0,0.0,0,-1,No n'hi ha,-1.0,2,3,1,0,0,0,1,0,0,0,0,0,0,1,5,2,1,Atropellament,2,2,0,5,-1,2,1,22.15,2,3,0,11,10
9458,2010,1,2010-06-29,SE,CERDANYOLA DEL VALLES,Valles Occidental,3,0,1,0,2,1,0,0,0,1,0,0,0,100.0,0.0,0,2,No n'hi ha,-1.0,3,3,1,0,0,0,0,0,0,0,0,0,0,2,4,3,0,Atropellament,1,2,2,5,-1,2,1,10.49,0,3,1,29,6
9459,2010,1,2010-09-25,SE,BARCELONA,Barcelones,3,0,1,0,2,0,0,1,0,1,0,0,0,100.0,0.0,0,-1,No n'hi ha,-1.0,3,3,1,0,0,0,0,0,0,0,0,0,0,1,4,4,0,Envestida (frontal lateral),2,2,2,5,-1,2,0,16.15,1,2,5,25,9
9460,2010,0,2010-11-14,C-51,"BISBAL DEL PENEDES, LA",Baix Penedes,0,0,1,1,3,0,0,0,2,1,0,0,0,100.0,0.0,0,3,No n'hi ha,-1.0,3,3,1,0,0,0,0,0,0,0,0,0,0,0,4,-1,1,Sortida de via amb xoc o col·lisió,-1,1,2,4,2,2,0,13.09,0,1,6,14,11
9461,2010,1,2010-11-17,SE,MATARO,Maresme,3,0,1,0,2,0,0,2,0,0,0,0,0,20.0,0.0,0,-1,No n'hi ha,-1.0,3,3,1,-1,0,0,0,-1,0,0,0,0,0,0,4,-1,-1,Encalç,-1,2,2,5,-1,2,1,13.0,0,2,2,17,11
9462,2010,0,2010-11-08,C-252,"FAR D'EMPORDA, EL",Alt Emporda,1,0,1,0,2,0,1,0,0,1,0,0,0,80.0,0.0,0,2,No n'hi ha,-1.0,3,3,1,0,0,0,0,0,0,0,0,0,0,0,0,-1,1,Encalç,-1,1,2,4,3,2,1,19.0,1,2,0,8,11
9463,2010,0,2010-09-29,C-31,SANTA CRISTINA D'ARO,Baix Emporda,1,0,1,1,1,0,0,0,1,0,0,0,0,100.0,0.0,0,0,No n'hi ha,-1.0,3,3,1,0,0,0,0,0,0,0,0,0,0,0,4,-1,0,Resta sortides de via,-1,1,2,4,2,2,1,12.3,0,1,2,29,9
9464,2010,1,2010-01-18,SE,MONTCADA I REIXAC,Valles Occidental,3,0,2,0,2,0,0,0,0,2,0,0,0,20.0,0.0,0,-1,No n'hi ha,-1.0,1,3,1,-1,0,0,0,-1,0,0,0,0,-1,1,2,4,1,Envestida (frontal lateral),2,2,0,5,0,2,1,16.2,1,2,0,18,1
9465,2010,0,2010-11-19,C-244,"POBLA DE CLARAMUNT,LA",Anoia,3,0,1,0,1,0,0,0,1,0,0,0,0,50.0,1.0,0,2,Altres,-1.0,3,3,1,0,1,0,0,0,0,0,0,0,0,1,4,4,1,Caiguda en la via,1,1,2,4,2,2,0,16.16,1,0,4,19,11
9466,2010,1,2010-08-31,SE,MONTMELO,Valles Oriental,3,0,1,0,2,0,1,0,0,1,0,0,0,20.0,0.0,0,2,No n'hi ha,-1.0,3,3,1,-1,0,0,0,-1,0,0,0,0,-1,1,1,4,1,Caiguda en la via,0,2,2,5,-1,2,1,20.25,1,0,1,31,8
9467,2010,0,2010-11-20,N-II,CALDES DE MALAVELLA,Selva,1,1,1,0,2,0,0,0,0,2,0,0,0,80.0,0.0,0,3,No n'hi ha,0.0,3,3,0,0,0,0,0,0,0,0,0,0,0,0,3,-1,1,Col·lisió frontal,-1,1,2,4,1,2,0,5.08,2,2,5,20,11
9468,2010,1,2010-05-15,SE,BARCELONA,Barcelones,3,0,1,1,2,1,0,1,0,0,0,0,0,100.0,0.0,0,-1,No n'hi ha,-1.0,3,3,1,0,0,0,0,0,0,0,0,0,0,0,5,-1,0,Atropellament,-1,2,2,5,-1,2,0,22.1,2,3,5,15,5
9469,2010,0,2010-02-11,N-II,CAPMANY,Alt Emporda,1,0,1,1,2,0,0,0,0,1,1,0,0,100.0,0.0,0,2,Carril central,-1.0,3,3,1,0,0,0,0,0,1,0,0,0,0,1,3,4,1,Envestida (frontal lateral),1,1,2,4,1,2,1,19.32,1,2,3,11,2
9470,2010,1,2010-01-23,SE,LLEIDA,Segria,2,0,3,0,1,0,0,0,0,1,0,0,0,20.0,0.0,0,-1,No n'hi ha,-1.0,3,1,1,-1,0,0,0,-1,0,0,0,0,0,0,5,-1,1,Sortida de via amb bolcada,-1,0,2,5,-1,2,0,23.4,2,1,5,23,1
9471,2010,1,2010-06-03,SE,VILANOVA I LA GELTRU,Garraf,3,0,1,0,2,1,0,0,0,1,0,0,0,100.0,0.0,0,-1,No n'hi ha,-1.0,3,3,1,0,0,0,0,0,0,0,0,0,0,0,4,-1,-1,Atropellament,-1,2,2,5,-1,2,1,8.5,0,3,3,3,6
9472,2010,1,2010-04-06,SE,MATARO,Maresme,3,0,1,0,2,0,0,1,0,1,0,0,0,20.0,0.0,0,2,No n'hi ha,-1.0,3,3,1,-1,0,0,0,-1,0,0,0,0,-1,1,5,4,0,Envestida (frontal lateral),2,2,2,5,-1,2,1,23.14,2,2,1,6,4
9473,2010,1,2010-11-10,SE,BARCELONA,Barcelones,3,0,1,0,2,1,0,0,0,1,0,0,0,30.0,0.0,0,-1,No n'hi ha,-1.0,3,3,1,0,0,0,0,0,0,0,0,0,0,0,4,-1,1,Atropellament,-1,2,2,5,-1,2,1,12.15,0,3,2,10,11
9474,2010,1,2010-08-10,SE,CORNELLA DE LLOBREGAT,Baix Llobregat,3,0,1,0,2,1,0,0,0,0,1,0,0,20.0,0.0,0,2,No n'hi ha,-1.0,3,3,1,0,0,0,0,0,0,0,0,0,0,0,4,-1,1,Atropellament,-1,2,2,5,-1,2,1,15.2,1,3,1,10,8
9475,2010,1,2010-03-17,SE,GAVA,Baix Llobregat,3,0,1,0,3,0,0,1,0,2,0,0,0,20.0,0.0,0,2,No n'hi ha,-1.0,3,3,1,-1,0,0,0,-1,0,0,0,0,-1,1,4,4,0,Envestida (frontal lateral),2,2,2,5,-1,2,1,7.5,0,2,2,17,3
9476,2010,0,2010-07-20,SE,CONSTANTI,Tarragones,0,0,1,0,2,0,0,0,1,1,0,0,0,100.0,0.0,0,2,No n'hi ha,-1.0,3,3,1,0,0,0,0,0,0,0,0,0,0,1,4,5,1,Envestida (frontal lateral),1,1,2,3,0,2,1,7.35,0,2,1,20,7
9477,2010,1,2010-09-03,SE,CASTELLAR DEL VALLES,Valles Occidental,3,0,1,0,2,1,0,0,0,1,0,0,0,40.0,,0,-1,No n'hi ha,-1.0,3,3,1,-1,0,0,0,-1,0,0,0,0,0,0,4,-1,0,Atropellament,-1,2,2,5,-1,2,1,10.45,0,3,4,3,9
9478,2010,0,2010-11-14,C-35,"ROCA DEL VALLES, LA",Valles Oriental,3,0,1,1,3,0,0,0,0,3,0,0,0,100.0,0.0,0,1,No n'hi ha,-1.0,3,2,1,0,1,0,0,0,0,0,0,0,0,0,3,-1,1,Col·lisió frontal,-1,1,2,4,2,2,0,6.15,0,2,6,14,11
9479,2010,0,2010-07-26,C-32,SANT POL DE MAR,Maresme,3,1,0,0,1,0,0,0,0,0,1,0,0,120.0,0.0,0,3,No n'hi ha,-1.0,3,3,0,0,0,0,0,0,0,0,0,0,0,0,4,-1,1,Resta sortides de via,-1,1,2,4,2,2,1,16.15,1,1,0,26,7
9480,2010,0,2010-01-28,AL,SANT BOI DE LLOBREGAT,Baix Llobregat,3,0,1,0,1,0,0,1,0,0,0,0,0,90.0,0.0,0,-1,No n'hi ha,-1.0,3,3,1,-1,0,0,0,-1,0,0,0,0,0,0,4,-1,1,Caiguda en la via,-1,1,2,4,0,2,1,13.3,0,0,3,28,1
9481,2010,1,2010-10-25,SE,MOLLET DEL VALLES,Valles Oriental,3,0,1,0,2,1,0,0,0,1,0,0,0,100.0,0.0,0,2,No n'hi ha,-1.0,3,3,1,0,0,0,0,0,0,0,0,0,0,1,4,3,1,Atropellament,2,2,2,5,-1,2,1,7.35,0,3,0,25,10
9482,2010,1,2010-03-09,SE,BARCELONA,Barcelones,3,1,1,0,2,0,0,0,1,0,1,0,0,100.0,0.0,0,-1,No n'hi ha,-1.0,3,3,0,0,0,0,0,0,0,0,0,0,1,1,4,3,0,Envestida (frontal lateral),2,2,2,5,-1,2,1,14.25,1,2,1,9,3
9483,2010,0,2010-09-19,N-260,"PONT DE SUERT, EL",Alta Ribagorca,2,0,1,0,1,0,0,0,1,0,0,0,0,100.0,0.0,0,0,No n'hi ha,-1.0,3,3,1,0,0,0,0,0,1,0,0,0,0,0,4,-1,1,Altres,-1,1,2,4,1,2,0,9.0,0,5,6,19,9
9484,2010,0,2010-04-29,C-25,SANT FRUITOS DE BAGES,Bages,3,1,1,0,2,0,0,0,0,2,0,0,0,100.0,0.0,0,2,No n'hi ha,-1.0,3,3,0,0,0,0,0,0,0,0,0,0,0,0,4,-1,1,Col·lisió frontal,-1,1,2,4,2,2,1,16.29,1,2,3,29,4
9485,2010,1,2010-04-01,SE,BARCELONA,Barcelones,3,1,0,2,2,0,0,0,0,2,0,0,0,100.0,0.0,0,-1,No n'hi ha,-1.0,3,3,0,0,0,0,0,0,0,0,0,0,0,1,5,3,0,Envestida (frontal lateral),2,2,2,5,-1,2,1,23.2,2,2,3,1,4
9486,2010,1,2010-05-19,SE,SANT BOI DE LLOBREGAT,Baix Llobregat,3,0,1,0,2,0,0,0,1,1,0,0,0,20.0,0.0,0,-1,No n'hi ha,-1.0,3,3,1,-1,0,0,0,-1,0,0,0,0,0,1,4,3,1,Xoc contra objecte/obstacle sense sortida prèvia de via,0,2,2,5,-1,2,1,8.4,0,4,2,19,5
9487,2010,1,2010-01-30,SE,TOSSA DE MAR,Selva,1,0,1,0,2,0,0,1,1,0,0,0,0,100.0,0.0,0,2,No n'hi ha,-1.0,3,3,1,0,0,0,0,0,0,0,0,0,0,1,4,4,0,Envestida (frontal lateral),-1,2,2,5,-1,2,0,16.05,1,2,5,30,1
9488,2011,1,2011-11-25,SE,CASTELLGALI,Bages,3,0,1,0,2,0,1,0,0,1,0,0,0,20.0,0.0,0,2,No n'hi ha,-1.0,3,3,1,-1,0,0,0,-1,0,0,0,0,-1,1,4,4,1,Envestida (frontal lateral),1,2,2,5,-1,2,0,15.0,1,2,4,25,11
9489,2011,1,2011-10-07,SE,SANTA EUGENIA DE BER,Osona,3,0,1,0,2,0,1,0,1,0,0,0,0,20.0,1.0,0,3,No n'hi ha,-1.0,3,3,1,-1,0,0,0,-1,0,0,0,0,0,1,4,4,0,Fregament o col·lisió lateral,1,2,2,5,-1,2,1,13.2,0,2,4,7,10
9490,2011,0,2011-07-10,BV-3008,FONOLLOSA,Bages,3,0,1,0,2,0,0,0,1,1,0,0,0,90.0,0.0,0,1,No n'hi ha,-1.0,3,3,1,-1,0,0,0,-1,0,0,0,0,0,1,4,5,1,Fregament o col·lisió lateral,3,1,2,4,3,2,0,10.5,0,2,6,10,7