,Year,Area,Date,Road,Municipality Name,County Name,Province Name,Fatalties,Serious Injuries,Light Injuries,Units Involved,Pedestrains Involved,Bicycles Involved,Mopeds Involved,Motorcycles,Light Vehicles Involved,Heavy Vehicles Involved,Other Units Involved,Unspecified Units Involved,Road Speed Limit,Accident with Hit and Run,Fog Presence,Surrounding Environment,Special Lane Presence,Special Traffic Measures,Weather Conditions,Special Road Functions,Severity of Accident,Influence of Fog,Influence of Environment,Influence of Traffic,Influence of Weather,Influence of Wind Intensity,Influence of Lighting,Influence of Special Measures,Influence of Road Objects,Influence of Road Surface,Influence of Visibility,Intersection Characteristics,Lighting Conditions,Traffic Regulation and Priority,Direction of Road,Subtype of Accident,Subtype of Road Section,Subzone within Area,Road Surface Conditions,Type of Road,Road Ownership,Wind Conditions,Day of the Week Grouping,Hour of Day,Time of Day Grouping,Type of Accident,Day Type,Day,Month
9491,2011,0,2011-06-15,BV-4511,SANTPEDOR,Bages,3,0,1,1,2,0,0,0,1,1,0,0,0,50.0,0.0,0,3,No n'hi ha,-1.0,3,3,1,-1,0,0,0,-1,0,0,0,0,0,1,4,4,0,Fregament o col·lisió lateral,0,1,2,4,3,2,1,14.1,1,2,2,15,6
9492,2011,0,2011-10-13,A-2,VECIANA,Anoia,3,0,1,0,1,0,0,0,0,0,1,0,0,120.0,,0,2,No n'hi ha,-1.0,3,3,1,-1,0,0,0,-1,0,0,0,0,-1,0,0,-1,0,Xoc contra objecte/obstacle sense sortida prèvia de via,-1,1,2,1,1,2,1,20.0,1,4,3,13,10
9493,2011,0,2011-05-09,C-16,PUIG-REIG,Bergueda,3,0,1,3,1,0,0,0,0,1,0,0,0,100.0,,0,0,No n'hi ha,-1.0,3,3,1,-1,0,0,0,-1,0,0,0,0,-1,0,4,-1,1,Xoc contra objecte/obstacle sense sortida prèvia de via,-1,1,2,1,1,2,1,18.27,1,4,0,9,5
9494,2011,0,2011-03-06,N-260,ARSEGUEL,Alt Urgell,2,0,1,0,1,0,0,0,1,0,0,0,0,90.0,0.0,0,1,No n'hi ha,-1.0,3,3,1,-1,0,0,0,-1,0,0,0,0,-1,0,4,-1,1,Resta sortides de via,-1,1,2,4,1,2,0,15.58,1,1,6,6,3
9495,2011,1,2011-01-11,SE,SABADELL,Valles Occidental,3,0,1,0,2,1,0,0,0,1,0,0,0,100.0,0.0,0,-1,No n'hi ha,-1.0,3,3,1,0,0,0,0,0,0,0,0,0,0,0,4,-1,-1,Atropellament,-1,2,2,5,-1,2,1,10.57,0,3,1,11,1
9496,2011,1,2011-01-31,SE,TARRAGONA,Tarragones,0,0,1,1,2,1,0,0,0,1,0,0,0,60.0,0.0,0,3,No n'hi ha,-1.0,3,3,1,0,0,0,0,0,0,0,0,0,0,1,3,5,1,Atropellament,2,2,2,5,1,2,1,21.4,1,3,0,31,1
9497,2011,1,2011-02-15,SE,LLORET DE MAR,Selva,1,0,1,1,2,1,0,0,1,0,0,0,0,100.0,0.0,0,-1,No n'hi ha,-1.0,3,3,1,0,0,0,0,0,0,0,0,0,0,0,4,-1,-1,Atropellament,-1,2,2,5,-1,2,1,0.56,2,3,1,15,2
9498,2011,1,2011-09-19,SE,"VENDRELL, EL",Baix Penedes,0,1,1,0,2,0,0,0,0,2,0,0,0,40.0,0.0,0,-1,No n'hi ha,-1.0,3,3,0,-1,0,0,0,-1,0,0,0,0,-1,1,4,4,1,Xoc contra objecte/obstacle sense sortida prèvia de via,0,2,2,5,-1,2,1,12.45,0,4,0,19,9
9499,2011,0,2011-10-01,C-25,SANTA COLOMA DE FARNERS,Selva,1,0,2,0,2,0,0,0,0,2,0,0,0,100.0,0.0,0,1,No n'hi ha,-1.0,3,3,1,0,0,0,0,0,0,0,0,0,0,0,3,-1,1,Col·lisió frontal,-1,1,2,4,2,2,0,4.14,2,2,5,1,10
9500,2011,1,2011-07-10,SE,OLESA DE MONTSERRAT,Baix Llobregat,3,0,1,0,2,1,0,0,0,1,0,0,0,100.0,0.0,0,2,No n'hi ha,-1.0,3,3,1,0,0,0,0,0,0,0,0,0,0,0,4,-1,1,Atropellament,-1,2,2,5,-1,2,0,9.29,0,3,6,10,7
9501,2011,1,2011-09-21,SE,OLOT,Garrotxa,1,0,1,0,2,0,1,0,0,1,0,0,0,100.0,0.0,0,2,No n'hi ha,-1.0,3,3,1,0,0,0,0,0,0,0,0,0,0,0,4,-1,1,Col·lisió frontal,-1,2,2,5,0,2,1,17.42,1,2,2,21,9
9502,2011,0,2011-09-26,N-II,MACANET DE LA SELVA,Selva,1,0,1,0,1,0,0,0,1,0,0,0,0,100.0,0.0,0,2,No n'hi ha,-1.0,3,3,1,0,0,0,0,0,0,0,0,0,0,0,4,-1,1,Caiguda en la via,-1,1,2,4,1,2,1,12.16,0,0,0,26,9
9503,2011,0,2011-10-28,C-16,CERCS,Bergueda,3,1,0,1,2,0,0,0,0,1,1,0,0,70.0,0.0,0,1,Carril avançament,-1.0,1,3,0,0,0,0,1,0,0,0,0,0,0,0,2,-1,1,Envestida (frontal lateral),-1,1,2,4,2,2,1,11.47,0,2,4,28,10
9504,2011,0,2011-02-24,C-31,CASTELLDEFELS,Baix Llobregat,3,0,1,0,2,0,0,0,1,1,0,0,0,100.0,0.0,0,2,No n'hi ha,-1.0,3,3,1,0,0,0,0,0,0,0,0,0,0,0,4,-1,1,Encalç,-1,1,2,4,2,2,1,15.35,1,2,3,24,2
9505,2011,1,2011-02-18,SE,BARCELONA,Barcelones,3,0,1,0,1,0,1,0,0,0,0,0,0,100.0,0.0,0,-1,No n'hi ha,-1.0,3,3,1,0,0,0,0,0,0,0,0,0,0,1,4,3,0,Xoc contra objecte/obstacle sense sortida prèvia de via,2,2,2,5,-1,2,1,14.5,1,4,4,18,2
9506,2011,0,2011-07-28,N-II,PONTOS,Alt Emporda,1,1,0,1,4,0,0,0,0,3,1,0,0,100.0,0.0,0,1,No n'hi ha,-1.0,3,3,0,0,0,0,0,0,0,0,0,0,0,0,4,-1,1,Col·lisió frontal,-1,1,2,4,1,2,1,19.05,1,2,3,28,7
9507,2011,1,2011-03-10,SE,BARCELONA,Barcelones,3,0,1,0,2,1,0,0,0,1,0,0,0,100.0,0.0,0,-1,No n'hi ha,-1.0,3,3,1,0,0,0,0,0,0,0,0,0,0,1,4,2,0,Atropellament,2,2,2,5,-1,2,1,13.2,0,3,3,10,3
9508,2011,1,2011-02-10,SE,BARCELONA,Barcelones,3,0,1,0,2,1,0,0,0,0,1,0,0,10.0,0.0,0,-1,No n'hi ha,-1.0,3,3,1,0,0,0,0,0,0,0,0,0,0,0,4,-1,0,Atropellament,-1,2,2,5,-1,2,1,15.5,1,3,3,10,2
9509,2011,1,2011-11-14,SE,SANT ANFREU DE LA BARCA,Baix Llobregat,3,0,1,0,2,1,0,0,0,1,0,0,0,30.0,0.0,0,2,No n'hi ha,-1.0,2,3,1,-1,0,0,1,-1,0,0,0,0,-1,0,5,-1,1,Atropellament,-1,2,0,5,-1,2,1,17.56,1,3,0,14,11
9510,2011,1,2011-01-26,SE,BARCELONA,Barcelones,3,0,1,0,2,0,0,0,1,1,0,0,0,100.0,0.0,0,-1,No n'hi ha,-1.0,3,3,1,0,0,0,0,0,0,0,0,0,0,1,4,3,0,Fregament o col·lisió lateral,2,2,2,5,-1,2,1,12.37,0,2,2,26,1
9511,2011,1,2011-10-11,SE,SANT QUIRZE DEL VALLES,Valles Occidental,3,0,1,0,2,0,0,0,1,0,1,0,0,100.0,0.0,0,2,No n'hi ha,-1.0,3,3,1,0,0,0,0,0,0,0,0,0,0,1,4,4,0,Envestida (frontal lateral),0,2,2,5,0,2,1,14.25,1,2,1,11,10
9512,2011,0,2011-04-10,B-124,SABADELL,Valles Occidental,3,0,1,1,2,0,0,0,1,1,0,0,0,100.0,0.0,0,1,No n'hi ha,-1.0,3,3,1,0,0,0,0,0,0,0,0,0,0,0,4,-1,1,Encalç,-1,1,2,4,2,2,0,14.02,1,2,6,10,4
9513,2011,1,2011-05-01,SE,TERRASSA,Valles Occidental,3,0,1,1,1,0,0,0,0,1,0,0,0,100.0,0.0,0,2,No n'hi ha,-1.0,3,3,1,0,0,0,0,0,0,0,0,0,0,2,5,-1,1,Xoc contra objecte/obstacle sense sortida prèvia de via,0,2,2,5,-1,2,0,2.55,2,4,6,1,5
9514,2011,0,2011-11-27,C-31B,VILA-SECA,Tarragones,0,2,1,1,1,0,0,0,0,1,0,0,0,100.0,0.0,0,2,No n'hi ha,-1.0,3,3,0,0,0,0,0,0,0,0,1,0,1,0,3,-1,1,Xoc contra objecte/obstacle sense sortida prèvia de via,-1,1,2,4,2,2,0,4.35,2,4,6,27,11
9515,2011,1,2011-12-12,SE,BARCELONA,Barcelones,3,0,1,0,2,1,0,0,0,1,0,0,0,100.0,0.0,0,-1,No n'hi ha,-1.0,3,3,1,0,0,0,0,0,0,0,0,0,0,1,1,3,1,Atropellament,2,2,2,5,-1,2,1,17.2,1,3,0,12,12
9516,2011,1,2011-12-13,SE,BANYOLES,Pla de l'Estany,1,0,1,1,2,0,1,1,0,0,0,0,0,20.0,0.0,0,2,No n'hi ha,-1.0,3,3,1,0,0,0,0,0,1,0,0,0,1,1,1,4,1,Fregament o col·lisió lateral,2,2,2,5,-1,2,1,17.22,1,2,1,13,12
9517,2011,1,2011-12-09,SE,MATARO,Maresme,3,0,1,0,2,1,0,0,0,1,0,0,0,20.0,0.0,0,2,No n'hi ha,-1.0,3,3,1,0,0,0,0,0,0,0,0,0,0,1,4,2,0,Atropellament,2,2,2,5,-1,2,1,9.5,0,3,4,9,12
9518,2011,1,2011-07-06,SE,BARCELONA,Barcelones,3,1,0,1,2,0,0,0,1,1,0,0,0,100.0,0.0,0,-1,No n'hi ha,-1.0,3,3,0,0,0,0,0,0,0,0,0,0,0,0,4,-1,0,Fregament o col·lisió lateral,-1,2,2,5,-1,2,1,6.53,0,2,2,6,7
9519,2011,1,2011-11-29,SE,BARCELONA,Barcelones,3,0,1,0,2,0,0,0,1,1,0,0,0,100.0,0.0,0,-1,No n'hi ha,-1.0,3,3,1,0,0,0,0,0,0,0,0,0,0,1,4,4,1,Envestida (frontal lateral),2,2,2,5,-1,2,1,15.15,1,2,1,29,11
9520,2011,1,2011-01-03,SE,LLEIDA,Segria,2,0,1,0,2,1,0,0,0,1,0,0,0,100.0,1.0,0,-1,No n'hi ha,-1.0,3,3,1,0,0,0,0,0,0,0,0,0,0,0,4,-1,-1,Atropellament,-1,2,2,5,-1,2,1,7.55,0,3,0,3,1
9521,2011,0,2011-02-05,C-242,ALFORJA,Baix Camp,0,0,1,1,2,0,0,0,0,2,0,0,0,100.0,0.0,0,2,No n'hi ha,-1.0,3,3,1,0,0,0,0,0,0,0,0,0,0,1,4,4,1,Fregament o col·lisió lateral,0,1,2,4,2,2,0,10.33,0,2,5,5,2
9522,2011,1,2011-07-09,SE,CASTELLAR DEL VALLES,Valles Occidental,3,0,1,0,2,0,0,0,1,1,0,0,0,20.0,0.0,0,-1,No n'hi ha,-1.0,3,3,1,-1,0,0,0,-1,0,0,0,0,0,1,4,4,0,Envestida (frontal lateral),2,2,2,5,-1,2,0,10.05,0,2,5,9,7
9523,2011,0,2011-08-12,SE,TERRASSA,Valles Occidental,3,1,0,0,2,0,0,0,1,1,0,0,0,100.0,0.0,0,2,No n'hi ha,-1.0,3,3,0,0,0,0,0,0,0,0,0,0,0,0,4,-1,0,Xoc contra objecte/obstacle sense sortida prèvia de via,-1,1,2,3,0,2,0,16.1,1,4,4,12,8
9524,2011,0,2011-08-07,GI-623,VILA?R,Alt Emporda,1,0,1,3,1,0,0,0,0,1,0,0,0,100.0,0.0,0,3,No n'hi ha,-1.0,3,3,1,0,0,0,0,0,0,0,0,0,0,0,4,-1,1,Resta sortides de via,-1,1,2,4,3,2,0,18.24,1,1,6,7,8
9525,2011,0,2011-02-10,BP-1417,SANT CUGAT DEL VALLES,Valles Occidental,3,0,1,0,1,0,0,1,0,0,0,0,0,100.0,0.0,0,0,No n'hi ha,-1.0,3,3,1,0,0,0,0,0,0,0,0,0,0,0,4,-1,1,Caiguda en la via,-1,1,2,4,3,2,1,16.25,1,0,3,10,2
9526,2011,1,2011-09-03,SE,FIGUERES,Alt Emporda,1,0,1,0,2,0,0,0,1,1,0,0,0,100.0,0.0,0,2,No n'hi ha,-1.0,3,3,1,0,0,0,1,0,0,0,0,0,1,1,0,2,1,Envestida (frontal lateral),1,2,2,5,-1,2,0,20.15,1,2,5,3,9
9527,2011,1,2011-07-28,SE,CAMBRILS,Baix Camp,0,0,1,0,2,1,0,0,0,1,0,0,0,100.0,0.0,0,2,No n'hi ha,-1.0,3,3,1,0,0,0,0,0,0,0,0,0,0,0,4,-1,1,Atropellament,-1,2,2,5,-1,2,1,11.44,0,3,3,28,7
9528,2011,1,2011-08-19,SE,SANT JULIA DEL LLOR I BONMATI,Selva,1,1,0,0,2,0,0,1,0,1,0,0,0,40.0,0.0,0,2,No n'hi ha,-1.0,3,3,0,0,0,0,0,0,0,0,0,0,0,1,1,5,1,Fregament o col·lisió lateral,2,2,2,5,0,2,0,20.4,1,2,4,19,8
9529,2011,0,2011-06-11,B-224,SANT LLORENC D'HORTO,Alt Penedes,3,0,2,0,2,0,0,0,0,2,0,0,0,100.0,0.0,0,1,No n'hi ha,-1.0,3,3,1,0,0,0,0,0,0,0,0,0,0,0,1,-1,1,Fregament o col·lisió lateral,-1,1,2,4,3,2,0,6.2,0,2,5,11,6
9530,2011,0,2011-07-13,C-17,"AMETLLA DEL VALLES,",Valles Oriental,3,0,1,0,1,0,0,0,1,0,0,0,0,70.0,0.0,0,3,Carril d'alentiment,-1.0,3,3,1,0,0,0,0,0,0,0,0,0,0,2,4,-1,0,Resta sortides de via,3,1,2,4,2,2,1,9.3,0,1,2,13,7
9531,2011,0,2011-09-20,T-211,"POBLA DE MONTORNES, LA",Tarragones,0,1,0,0,2,1,0,0,0,1,0,0,0,100.0,0.0,0,0,No n'hi ha,-1.0,3,3,0,0,0,0,0,0,0,0,0,0,0,0,3,-1,1,Atropellament,-1,1,2,4,3,2,1,1.4,2,3,1,20,9
9532,2011,1,2011-04-08,SE,BADALONA,Barcelones,3,0,1,0,2,1,0,0,0,1,0,0,0,100.0,0.0,0,-1,No n'hi ha,-1.0,3,3,1,0,0,0,0,0,0,0,0,0,0,0,4,-1,0,Atropellament,-1,2,2,5,-1,2,0,15.05,1,3,4,8,4
9533,2011,1,2011-07-01,SE,IGUALADA,Anoia,3,0,1,0,2,1,0,0,0,1,0,0,0,50.0,0.0,0,2,No n'hi ha,-1.0,3,3,1,-1,0,0,0,-1,0,0,0,0,0,1,4,2,1,Atropellament,2,2,2,5,-1,2,0,19.3,1,3,4,1,7
9534,2011,1,2011-05-21,SE,TORNABOUS,Urgell,2,0,1,0,2,0,0,1,0,1,0,0,0,100.0,0.0,0,2,No n'hi ha,-1.0,3,3,1,0,0,0,0,0,0,0,0,0,0,1,4,5,1,Envestida (frontal lateral),2,2,2,5,-1,2,0,9.49,0,2,5,21,5
9535,2011,1,2011-09-07,SE,TERRASSA,Valles Occidental,3,0,1,0,2,0,0,0,1,1,0,0,0,100.0,0.0,0,-1,No n'hi ha,-1.0,3,3,1,0,0,0,0,0,0,0,0,0,0,0,4,-1,-1,Fregament o col·lisió lateral,-1,2,2,5,-1,2,1,9.1,0,2,2,7,9
9536,2011,1,2011-10-10,SE,BERGA,Bergueda,3,0,1,0,2,1,0,0,0,1,0,0,0,20.0,,0,-1,No n'hi ha,-1.0,3,3,1,-1,0,0,0,-1,0,0,0,0,0,0,4,-1,0,Atropellament,-1,2,2,5,-1,2,1,18.25,1,3,0,10,10
9537,2011,1,2011-04-11,SE,BARCELONA,Barcelones,3,0,1,1,2,0,0,0,1,1,0,0,0,100.0,0.0,0,-1,No n'hi ha,-1.0,3,3,1,0,0,0,0,0,0,0,0,0,0,1,5,3,0,Envestida (frontal lateral),2,2,2,5,-1,2,1,6.25,0,2,0,11,4
9538,2011,1,2011-11-07,SE,BANYOLES,Pla de l'Estany,1,1,0,0,2,1,0,0,0,1,0,0,0,100.0,0.0,0,2,No n'hi ha,-1.0,3,3,0,0,0,0,0,0,0,0,0,0,0,1,4,3,1,Atropellament,2,2,2,5,-1,2,1,9.14,0,3,0,7,11
9539,2011,0,2011-11-11,TP-3311,"GALERA, LA",Montsia,0,0,1,0,1,0,0,0,1,0,0,0,0,100.0,0.0,0,0,No n'hi ha,-1.0,3,3,1,0,0,0,0,0,0,0,0,0,1,0,3,-1,1,Resta sortides de via,-1,1,2,4,2,2,0,21.21,1,1,4,11,11
9540,2011,0,2011-11-28,SE,FRANQUESES DEL VALLE,Valles Oriental,3,0,1,0,2,0,1,0,0,1,0,0,0,50.0,0.0,0,2,No n'hi ha,-1.0,3,3,1,0,0,0,0,0,0,0,0,0,0,1,4,4,0,Envestida (frontal lateral),0,1,2,3,-1,2,1,16.3,1,2,0,28,11
9541,2011,1,2011-10-21,SE,SABADELL,Valles Occidental,3,0,2,1,3,0,0,0,0,3,0,0,0,100.0,0.0,0,-1,No n'hi ha,-1.0,3,3,1,0,0,0,0,0,0,0,0,0,0,0,4,-1,-1,Col·lisió frontal,-1,2,2,5,-1,2,1,12.11,0,2,4,21,10
9542,2011,1,2011-01-15,SE,BANYOLES,Pla de l'Estany,1,0,1,3,1,0,0,0,0,1,0,0,0,20.0,0.0,0,2,No n'hi ha,-1.0,3,3,1,-1,0,0,0,-1,0,0,0,0,-1,0,5,-1,0,Xoc contra objecte/obstacle sense sortida prèvia de via,-1,2,2,5,-1,2,0,22.4,2,4,5,15,1
9543,2011,1,2011-11-07,SE,LLEIDA,Segria,2,0,1,0,2,0,0,1,0,1,0,0,0,100.0,0.0,0,-1,No n'hi ha,-1.0,3,3,1,0,0,0,0,0,0,0,0,0,0,0,4,-1,-1,Envestida (frontal lateral),-1,2,2,5,-1,2,1,1.3,2,2,0,7,11
9544,2011,0,2011-07-11,N-340,VILAFRANCA DEL PENEDES,Alt Penedes,3,0,1,1,2,0,0,1,0,1,0,0,0,40.0,0.0,0,2,No n'hi ha,0.0,3,3,1,0,0,0,0,0,0,0,0,0,1,0,5,-1,1,Fregament o col·lisió lateral,-1,1,2,4,1,2,1,23.55,2,2,0,11,7
9545,2011,0,2011-10-11,SE,MONTFERRER I CASTELLBO,Alt Urgell,2,0,1,0,2,0,0,1,0,1,0,0,0,100.0,0.0,0,2,No n'hi ha,-1.0,3,3,1,0,0,0,0,0,0,0,0,0,0,0,4,-1,1,Envestida (frontal lateral),-1,1,2,3,0,2,1,16.5,1,2,1,11,10
9546,2011,0,2011-11-02,N-230,VIELHA E MIJARAN,Val d'Aran,2,0,1,1,2,0,0,0,0,2,0,0,0,100.0,0.0,0,2,No n'hi ha,-1.0,3,3,1,0,0,0,1,0,0,0,0,0,0,0,4,-1,1,Altres,-1,1,2,4,1,2,1,18.25,1,5,2,2,11
9547,2011,0,2011-01-25,C-251,FRANQUESES DEL VALLE,Valles Oriental,3,0,1,0,2,0,0,1,0,1,0,0,0,100.0,1.0,0,1,No n'hi ha,-1.0,3,3,1,0,0,0,0,0,0,0,0,0,0,1,4,4,1,Envestida (frontal lateral),1,1,2,4,2,2,1,14.3,1,2,1,25,1
9548,2011,0,2011-04-01,TV-3022,"PERELLO, EL",Baix Ebre,0,0,1,2,2,0,0,0,0,1,1,0,0,70.0,0.0,0,2,No n'hi ha,-1.0,3,3,1,0,0,0,0,0,0,0,0,0,0,1,4,4,1,Envestida (frontal lateral),1,1,2,4,3,2,0,19.05,1,2,4,1,4
9549,2011,0,2011-07-18,AP-7,"VENDRELL, EL",Baix Penedes,0,0,1,2,1,0,0,0,0,1,0,0,0,100.0,0.0,0,2,No n'hi ha,-1.0,3,3,1,0,0,0,0,0,0,0,0,0,0,0,4,-1,0,Altres,-1,1,2,4,1,2,1,8.06,0,5,0,18,7
9550,2011,1,2011-04-13,SE,BARCELONA,Barcelones,3,0,1,0,2,0,0,0,1,1,0,0,0,60.0,0.0,0,-1,No n'hi ha,-1.0,3,3,1,0,0,1,0,0,0,0,0,0,0,0,5,-1,0,Encalç,-1,2,2,5,-1,2,1,14.3,1,2,2,13,4
9551,2011,1,2011-11-24,SE,SABADELL,Valles Occidental,3,0,1,0,2,0,0,0,1,1,0,0,0,100.0,0.0,0,-1,No n'hi ha,-1.0,3,3,1,0,0,0,0,0,0,0,0,0,0,0,4,-1,-1,Fregament o col·lisió lateral,-1,2,2,5,-1,2,1,12.55,0,2,3,24,11
9552,2011,1,2011-11-19,SE,VALLS,Alt Camp,0,0,1,0,1,0,1,0,0,0,0,0,0,100.0,0.0,0,-1,No n'hi ha,-1.0,3,3,1,0,0,0,0,0,0,0,0,0,0,0,4,-1,-1,Caiguda en la via,-1,2,2,5,-1,2,0,10.3,0,0,5,19,11
9553,2011,0,2011-04-21,C-152,"PRESES, LES",Garrotxa,1,1,0,0,2,0,1,0,0,0,1,0,0,70.0,0.0,0,2,No n'hi ha,-1.0,3,3,0,-1,0,0,0,-1,0,0,0,0,-1,1,4,5,1,Envestida (frontal lateral),1,1,2,4,2,2,1,14.22,1,2,3,21,4
9554,2011,0,2011-02-28,C-13,BALAGUER,Noguera,2,1,0,0,2,0,1,0,0,1,0,0,0,100.0,0.0,0,2,No n'hi ha,-1.0,3,3,0,0,0,0,0,0,1,0,0,0,1,1,3,5,1,Fregament o col·lisió lateral,1,1,2,4,2,2,1,19.13,1,2,0,28,2
9555,2011,1,2011-08-08,SE,VILANOVA I LA GELTRU,Garraf,3,0,2,0,1,0,0,1,0,0,0,0,0,100.0,0.0,0,2,No n'hi ha,-1.0,3,3,1,0,0,0,0,0,0,0,0,0,0,2,4,0,1,Caiguda en la via,0,2,2,5,-1,2,1,18.15,1,0,0,8,8
9556,2011,1,2011-08-08,SE,LLEIDA,Segria,2,0,1,0,2,0,0,0,1,1,0,0,0,100.0,0.0,0,-1,No n'hi ha,-1.0,3,3,1,0,0,0,0,0,0,0,0,0,0,0,4,-1,-1,Fregament o col·lisió lateral,-1,2,2,5,-1,2,1,19.1,1,2,0,8,8
9557,2011,0,2011-08-17,L-311,CERVERA,Segarra,2,1,0,6,3,0,0,0,0,3,0,0,0,100.0,0.0,0,0,No n'hi ha,-1.0,3,3,0,0,0,0,0,0,0,0,0,0,0,0,4,-1,1,Col·lisió frontal,-1,1,2,4,2,2,1,18.05,1,2,2,17,8
9558,2011,0,2011-03-25,SE,CERDANYOLA DEL VALLES,Valles Occidental,3,0,2,0,2,0,0,0,1,1,0,0,0,100.0,0.0,0,-1,No n'hi ha,-1.0,3,3,1,0,0,0,0,0,0,0,0,0,0,0,4,-1,-1,Col·lisió frontal,-1,1,2,3,-1,2,0,18.0,1,2,4,25,3
9559,2011,0,2011-06-06,AL,QUART,Girones,1,0,1,0,2,0,1,0,0,1,0,0,0,100.0,0.0,0,2,No n'hi ha,-1.0,3,3,1,0,0,0,0,0,0,0,0,0,0,1,4,4,0,Envestida (frontal lateral),0,1,2,4,2,2,1,12.19,0,2,0,6,6
9560,2011,0,2011-11-04,C-16,CERCS,Bergueda,3,0,1,2,3,0,0,0,0,3,0,0,0,100.0,0.0,0,3,No n'hi ha,-1.0,1,3,1,0,1,0,0,0,0,0,0,0,0,0,2,-1,1,Envestida (frontal lateral),-1,1,0,4,2,2,1,9.32,0,2,4,4,11
9561,2011,1,2011-11-24,SE,MATARO,Maresme,3,0,1,0,2,0,0,1,0,1,0,0,0,20.0,0.0,0,-1,No n'hi ha,-1.0,3,3,1,-1,-1,0,0,-1,0,0,0,0,0,1,5,4,0,Envestida (frontal lateral),0,2,2,5,-1,2,1,19.0,1,2,3,24,11
9562,2011,1,2011-10-11,SE,BLANES,Selva,1,0,1,0,1,0,0,0,1,0,0,0,0,30.0,0.0,0,2,No n'hi ha,-1.0,3,3,1,-1,0,0,0,-1,0,0,0,0,-1,0,3,-1,1,Resta sortides de via,-1,2,2,5,-1,2,1,21.1,1,1,1,11,10
9563,2011,1,2011-11-09,SE,"ALDEA, L'",Baix Ebre,0,0,1,1,3,1,0,2,0,0,0,0,0,100.0,0.0,0,3,No n'hi ha,-1.0,3,3,1,0,0,0,0,0,0,0,0,0,1,0,0,-1,1,Atropellament,-1,2,2,5,0,2,1,19.54,1,3,2,9,11
9564,2011,1,2011-11-17,SE,SABADELL,Valles Occidental,3,0,1,0,2,1,0,0,0,1,0,0,0,100.0,0.0,0,-1,No n'hi ha,-1.0,3,3,1,0,0,0,0,0,0,0,0,0,0,0,4,-1,-1,Atropellament,-1,2,2,5,-1,2,1,15.08,1,3,3,17,11
9565,2011,0,2011-04-21,SE,VILALLER,Alta Ribagorca,2,0,1,0,1,0,1,0,0,0,0,0,0,100.0,0.0,0,3,No n'hi ha,-1.0,3,3,1,0,0,0,0,0,0,0,1,0,0,0,2,-1,1,Caiguda en la via,-1,1,0,3,0,2,1,11.15,0,0,3,21,4
9566,2011,0,2011-08-29,SE,MAIALS,Segria,2,0,1,0,1,0,0,0,0,0,1,0,0,100.0,0.0,0,3,No n'hi ha,-1.0,3,3,1,0,0,0,0,0,0,0,0,0,0,0,3,-1,1,Caiguda en la via,-1,1,2,3,2,2,1,22.29,2,0,0,29,8
9567,2011,0,2011-09-04,T-733,ASCO,Ribera d'Ebre,0,0,1,0,1,0,0,0,1,0,0,0,0,100.0,0.0,0,3,No n'hi ha,-1.0,3,3,1,0,1,0,0,0,0,0,0,0,0,0,4,-1,1,Caiguda en la via,-1,1,2,4,3,2,0,9.3,0,0,6,4,9
9568,2011,1,2011-07-21,SE,SALOU,Tarragones,0,0,1,0,2,0,0,0,1,1,0,0,0,100.0,0.0,0,2,No n'hi ha,-1.0,3,3,1,0,0,0,0,0,0,0,0,0,0,0,4,-1,1,Fregament o col·lisió lateral,-1,2,2,5,0,2,1,15.1,1,2,3,21,7
9569,2011,1,2011-02-13,SE,PALAMOS,Baix Emporda,1,0,1,0,2,0,0,1,0,1,0,0,0,20.0,0.0,0,-1,No n'hi ha,-1.0,3,3,1,0,0,0,0,0,0,0,0,0,0,0,2,-1,-1,Fregament o col·lisió lateral,-1,2,2,5,-1,2,0,17.1,1,2,6,13,2
9570,2011,0,2011-02-20,C-35,SANTA MARIA DE PALAU,Valles Oriental,3,2,0,0,2,0,0,0,0,2,0,0,0,70.0,0.0,0,2,No n'hi ha,-1.0,3,3,0,0,0,0,0,0,0,0,0,0,0,1,4,4,1,Envestida (frontal lateral),1,1,2,4,2,2,0,11.0,0,2,6,20,2
9571,2011,0,2011-03-27,N-II,FORNELLS DE LA SELVA,Girones,1,1,0,0,1,0,0,0,0,1,0,0,0,80.0,0.0,0,1,No n'hi ha,-1.0,3,2,0,0,0,0,0,0,0,0,0,0,0,0,4,-1,1,Resta sortides de via,-1,1,2,4,1,2,0,14.01,1,1,6,27,3
9572,2011,1,2011-05-09,SE,RIUDARENES,Selva,1,1,0,1,2,0,0,2,0,0,0,0,0,20.0,0.0,0,2,No n'hi ha,-1.0,3,3,0,0,0,0,0,0,0,0,0,0,0,0,1,-1,1,Col·lisió frontal,-1,2,2,5,-1,2,1,21.08,1,2,0,9,5
9573,2011,0,2011-03-26,N-340,CAMBRILS,Baix Camp,0,0,1,0,1,0,0,0,0,1,0,0,0,100.0,0.0,0,1,No n'hi ha,-1.0,3,3,1,0,0,0,0,0,0,0,0,0,0,0,4,-1,1,Resta sortides de via,-1,1,2,4,1,2,0,7.24,0,1,5,26,3