,Year,Area,Date,Road,Municipality Name,County Name,Province Name,Fatalties,Serious Injuries,Light Injuries,Units Involved,Pedestrains Involved,Bicycles Involved,Mopeds Involved,Motorcycles,Light Vehicles Involved,Heavy Vehicles Involved,Other Units Involved,Unspecified Units Involved,Road Speed Limit,Accident with Hit and Run,Fog Presence,Surrounding Environment,Special Lane Presence,Special Traffic Measures,Weather Conditions,Special Road Functions,Severity of Accident,Influence of Fog,Influence of Environment,Influence of Traffic,Influence of Weather,Influence of Wind Intensity,Influence of Lighting,Influence of Special Measures,Influence of Road Objects,Influence of Road Surface,Influence of Visibility,Intersection Characteristics,Lighting Conditions,Traffic Regulation and Priority,Direction of Road,Subtype of Accident,Subtype of Road Section,Subzone within Area,Road Surface Conditions,Type of Road,Road Ownership,Wind Conditions,Day of the Week Grouping,Hour of Day,Time of Day Grouping,Type of Accident,Day Type,Day,Month
9574,2011,0,2011-03-31,C-16C,SANT FRUITOS DE BAGES,Bages,3,0,1,0,2,1,0,0,0,1,0,0,0,100.0,0.0,0,1,Carril d'alentiment,-1.0,3,3,1,0,0,0,0,0,0,0,0,0,0,2,0,2,1,Atropellament,3,1,2,4,2,2,1,23.46,2,3,3,31,3
9575,2011,0,2011-01-03,C-55,SANT MATEU DE BAGES,Bages,3,0,1,0,1,0,0,0,0,0,1,0,0,70.0,0.0,0,1,No n'hi ha,-1.0,3,3,1,0,0,0,0,0,0,0,0,0,0,0,3,-1,1,Sortida de via amb bolcada,-1,1,2,4,2,2,1,6.28,0,1,0,3,1
9576,2011,1,2011-07-04,SE,ESPLUGUES DE LLOBREGAT,Baix Llobregat,3,0,1,0,1,0,0,1,0,0,0,0,0,20.0,0.0,0,-1,No n'hi ha,-1.0,1,1,1,0,0,0,0,0,0,0,0,0,0,0,2,-1,-1,Caiguda en la via,-1,0,0,5,-1,2,1,15.05,1,0,0,4,7
9577,2011,0,2011-12-23,C-14,RIBERA D'URGELLET,Alt Urgell,2,1,0,1,2,0,1,0,0,1,0,0,0,100.0,0.0,0,2,No n'hi ha,-1.0,3,3,0,0,0,0,0,0,0,0,0,0,1,0,3,-1,1,Encalç,-1,1,2,4,4,2,0,20.33,1,2,4,23,12
9578,2011,0,2011-12-19,C-1415A,CASTELLAR DEL VALLES,Valles Occidental,3,0,1,2,2,0,0,0,0,2,0,0,0,50.0,0.0,0,1,No n'hi ha,-1.0,3,3,1,0,0,0,0,0,0,0,0,0,0,0,1,-1,1,Col·lisió frontal,-1,1,2,4,3,2,1,7.35,0,2,0,19,12
9579,2011,0,2011-01-03,C-59,CALDES DE MONTBUI,Valles Oriental,3,0,2,1,2,0,0,0,0,2,0,0,0,100.0,0.0,0,2,No n'hi ha,-1.0,3,3,1,0,1,0,0,0,0,0,0,0,0,1,4,5,1,Col·lisió frontal,1,1,2,4,2,2,1,15.58,1,2,0,3,1
9580,2011,1,2011-04-07,SE,HOSPITALET DE LLOBREGAT,Barcelones,3,0,1,0,2,1,0,0,0,0,1,0,0,20.0,0.0,0,2,No n'hi ha,-1.0,3,3,1,0,0,0,0,0,0,0,0,0,0,0,4,-1,1,Atropellament,-1,2,2,5,-1,2,1,9.3,0,3,3,7,4
9581,2011,1,2011-01-22,B-124,SABADELL,Valles Occidental,3,1,2,0,1,0,0,0,0,1,0,0,0,100.0,0.0,0,-1,No n'hi ha,-1.0,3,-1,0,0,0,0,0,0,0,0,0,0,0,0,5,-1,-1,Altres,-1,2,2,5,-1,2,0,4.06,2,5,5,22,1
9582,2011,1,2011-02-19,SE,PARETS DEL VALLES,Valles Oriental,3,0,1,0,2,0,0,0,1,1,0,0,0,20.0,0.0,0,2,No n'hi ha,-1.0,3,3,1,-1,0,0,0,0,0,0,0,0,-1,1,4,5,1,Envestida (frontal lateral),1,2,2,5,-1,1,0,9.24,0,2,5,19,2
9583,2011,0,2011-07-21,C-32,ARENYS DE MAR,Maresme,3,0,1,1,1,0,0,0,0,1,0,0,0,100.0,0.0,0,3,No n'hi ha,-1.0,3,3,1,0,0,0,0,0,0,0,0,0,0,0,4,-1,1,Xoc contra objecte/obstacle sense sortida prèvia de via,-1,1,2,4,2,2,1,10.3,0,4,3,21,7
9584,2011,1,2011-03-04,SE,BADALONA,Barcelones,3,0,1,0,2,0,0,0,1,1,0,0,0,100.0,0.0,0,-1,No n'hi ha,-1.0,3,3,1,0,0,0,0,0,0,0,0,0,0,1,1,3,0,Envestida (frontal lateral),2,2,2,5,-1,2,1,14.29,1,2,4,4,3
9585,2011,0,2011-02-13,C-1412b,TREMP,Pallars Jussa,2,1,0,0,3,0,0,0,0,2,1,0,0,100.0,0.0,0,2,No n'hi ha,-1.0,3,3,0,0,0,0,0,0,0,0,0,0,0,0,4,-1,1,Envestida (frontal lateral),-1,1,2,4,2,2,0,13.41,0,2,6,13,2
9586,2011,0,2011-10-28,B-210,GAVA,Baix Llobregat,3,0,1,0,2,1,0,0,0,1,0,0,0,100.0,0.0,0,2,Carril bici,-1.0,3,3,1,0,0,0,0,0,0,0,0,0,0,1,5,4,1,Atropellament,0,1,2,4,2,2,0,19.2,1,3,4,28,10
9587,2011,0,2011-08-06,A-2,BELL-LLOC D'URGELL,Pla d'Urgell,2,0,1,3,1,0,0,0,0,1,0,0,0,100.0,0.0,0,2,No n'hi ha,-1.0,3,3,1,0,0,0,0,0,0,0,0,0,0,0,1,-1,1,Resta sortides de via,-1,1,2,4,1,2,0,21.07,1,1,5,6,8
9588,2011,1,2011-11-15,SE,CORNELLA DE LLOBREGAT,Baix Llobregat,3,0,1,0,2,0,0,0,2,0,0,0,0,30.0,0.0,0,2,No n'hi ha,-1.0,1,3,1,-1,0,0,0,-1,0,0,0,0,-1,0,5,-1,1,Envestida (frontal lateral),-1,2,0,5,-1,2,1,18.1,1,2,1,15,11
9589,2011,0,2011-07-28,C-42,TORTOSA,Baix Ebre,0,0,1,0,2,0,0,1,0,1,0,0,0,80.0,0.0,0,1,No n'hi ha,-1.0,3,3,1,0,0,0,0,0,0,0,0,0,0,0,4,-1,1,Fregament o col·lisió lateral,-1,1,2,4,2,2,1,12.4,0,2,3,28,7
9590,2011,0,2011-08-25,C-1412a,SANA?JA,Segarra,2,0,1,0,1,0,0,0,0,1,0,0,0,100.0,0.0,0,2,No n'hi ha,-1.0,3,3,1,0,0,0,0,0,0,0,0,0,0,0,4,-1,1,Resta sortides de via,-1,1,2,4,2,2,1,17.15,1,1,3,25,8
9591,2011,1,2011-09-26,SE,REUS,Baix Camp,0,0,2,1,2,0,0,0,0,2,0,0,0,100.0,0.0,0,-1,No n'hi ha,-1.0,3,3,1,0,0,0,0,0,0,0,0,0,0,0,4,-1,-1,Envestida (frontal lateral),-1,2,2,5,-1,2,1,16.4,1,2,0,26,9
9592,2011,0,2011-09-26,TP-3311,"GALERA, LA",Montsia,0,0,1,2,3,0,0,0,0,2,1,0,0,70.0,0.0,0,3,No n'hi ha,-1.0,3,3,1,0,0,0,0,0,0,0,0,0,0,0,4,-1,1,Envestida (frontal lateral),-1,1,2,4,3,2,1,17.57,1,2,0,26,9
9593,2011,1,2011-10-11,SE,VIC,Osona,3,0,1,0,2,1,0,0,0,0,1,0,0,100.0,0.0,0,-1,No n'hi ha,-1.0,3,3,1,0,0,0,0,0,0,0,0,0,0,0,4,-1,-1,Atropellament,-1,2,2,5,-1,2,1,15.0,1,3,1,11,10
9594,2011,0,2011-06-14,GI-674,LLAGOSTERA,Girones,1,0,1,0,2,0,1,0,0,1,0,0,0,60.0,0.0,0,2,Carril bici,-1.0,3,3,1,0,0,0,0,0,0,0,0,0,0,1,4,4,1,Envestida (frontal lateral),2,1,2,4,3,2,1,16.29,1,2,1,14,6
9595,2011,0,2011-06-04,C-162,DAS,Cerdanya,1,0,1,3,2,0,0,0,0,2,0,0,0,100.0,0.0,0,1,No n'hi ha,-1.0,3,3,1,0,0,0,0,0,0,0,0,0,0,0,4,-1,1,Col·lisió frontal,-1,1,2,4,4,2,0,13.2,0,2,5,4,6
9596,2011,1,2011-03-19,SE,TORTOSA,Baix Ebre,0,0,1,0,2,0,1,0,0,1,0,0,0,80.0,0.0,0,3,No n'hi ha,-1.0,3,1,1,0,0,0,0,0,0,0,0,0,0,0,4,-1,0,Fregament o col·lisió lateral,-1,0,2,5,2,2,0,12.15,0,2,5,19,3
9597,2011,0,2011-11-19,C-59,SANTA PERPETUA DE MO,Valles Occidental,3,0,1,0,2,0,1,0,0,1,0,0,0,80.0,0.0,0,2,No n'hi ha,-1.0,3,3,1,0,0,0,0,0,0,0,0,0,0,2,4,4,1,Encalç,3,1,2,4,2,2,0,10.2,0,2,5,19,11
9598,2011,1,2011-11-29,SE,BARCELONA,Barcelones,3,0,1,0,2,0,0,0,1,1,0,0,0,100.0,0.0,0,-1,Carril bus,-1.0,3,3,1,0,0,1,0,0,0,0,0,0,0,0,5,-1,1,Encalç,-1,2,2,5,-1,2,1,20.35,1,2,1,29,11
9599,2011,1,2011-02-25,SE,SANTA MARIA DE PALAU,Valles Oriental,3,1,0,1,2,0,0,0,1,1,0,0,0,20.0,0.0,0,-1,No n'hi ha,-1.0,3,3,0,-1,0,0,0,-1,0,0,0,0,-1,0,5,-1,1,Col·lisió frontal,-1,2,2,5,-1,2,0,21.1,1,2,4,25,2
9600,2011,1,2011-01-28,SE,TARRAGONA,Tarragones,0,0,1,1,2,1,0,0,0,0,1,0,0,100.0,0.0,0,1,No n'hi ha,-1.0,3,3,1,0,0,0,0,0,0,0,0,0,0,0,4,-1,1,Atropellament,-1,2,2,5,-1,2,1,12.27,0,3,4,28,1
9601,2011,1,2011-08-07,SE,SANT GUIM DE FREIXENET,Segarra,2,0,1,1,1,0,0,0,0,1,0,0,0,100.0,0.0,1,2,No n'hi ha,-1.0,3,3,1,1,0,0,0,0,0,0,0,0,0,0,2,-1,1,Xoc contra objecte/obstacle sense sortida prèvia de via,-1,2,0,5,0,2,0,8.4,0,4,6,7,8
9602,2011,1,2011-07-26,SE,VILABLAREIX,Girones,1,0,1,0,2,1,0,0,0,1,0,0,0,30.0,0.0,0,2,No n'hi ha,-1.0,3,3,1,0,0,0,0,0,0,0,0,0,0,0,4,-1,1,Atropellament,-1,2,2,5,-1,2,1,12.19,0,3,1,26,7
9603,2011,0,2011-08-25,TV-3454,DELTEBRE,Baix Ebre,0,1,0,0,2,0,1,0,0,1,0,0,0,50.0,0.0,0,1,No n'hi ha,-1.0,3,3,0,0,0,0,0,0,1,0,0,0,0,0,3,-1,1,Encalç,-1,1,2,4,3,2,1,22.36,2,2,3,25,8
9604,2011,1,2011-09-10,SE,RODA DE TER,Osona,3,0,2,0,1,0,0,0,0,0,1,0,0,100.0,0.0,0,2,No n'hi ha,-1.0,3,3,1,0,0,0,0,0,0,0,0,1,0,0,4,-1,1,Xoc contra objecte/obstacle sense sortida prèvia de via,-1,2,0,5,-1,2,0,12.44,0,4,5,10,9
9605,2011,1,2011-10-05,SE,OLOT,Garrotxa,1,1,0,0,2,0,0,0,1,1,0,0,0,100.0,0.0,0,2,No n'hi ha,-1.0,3,3,0,0,0,0,0,0,0,0,0,0,0,1,4,4,0,Envestida (frontal lateral),2,2,2,5,-1,2,1,11.45,0,2,2,5,10
9606,2011,1,2011-03-21,SE,VILAFRANCA DEL PENEDES,Alt Penedes,3,0,1,1,2,0,0,1,0,1,0,0,0,20.0,,0,-1,No n'hi ha,-1.0,3,3,1,-1,-1,0,0,-1,0,0,0,0,0,1,5,2,0,Encalç,1,2,2,5,-1,2,1,21.3,1,2,0,21,3
9607,2011,0,2011-10-15,C-245,SANT BOI DE LLOBREGAT,Baix Llobregat,3,0,1,0,2,0,0,1,0,1,0,0,0,100.0,0.0,0,2,No n'hi ha,-1.0,3,3,1,0,0,0,0,0,0,0,0,0,0,1,3,5,1,Envestida (frontal lateral),1,1,2,4,0,2,0,20.2,1,2,5,15,10
9608,2011,1,2011-11-04,SE,TERRASSA,Valles Occidental,3,0,1,3,3,0,0,0,0,3,0,0,0,100.0,0.0,0,-1,No n'hi ha,-1.0,3,3,1,0,0,0,0,0,0,0,0,0,0,0,4,-1,-1,Col·lisió frontal,-1,2,2,5,-1,2,1,8.45,0,2,4,4,11
9609,2011,1,2011-09-09,SE,SANT BOI DE LLOBREGAT,Baix Llobregat,3,0,1,0,2,1,0,0,0,1,0,0,0,100.0,0.0,0,-1,No n'hi ha,-1.0,3,3,1,0,0,0,0,0,0,0,0,0,0,0,4,-1,-1,Atropellament,-1,2,2,5,-1,2,0,22.15,2,3,4,9,9
9610,2011,0,2011-06-17,C-17,MOLLET DEL VALLES,Valles Oriental,3,1,0,1,1,0,0,0,0,1,0,0,0,100.0,0.0,0,1,No n'hi ha,-1.0,3,0,0,0,0,0,0,0,0,0,0,0,0,0,3,-1,0,Sortida de via amb xoc o col·lisió,-1,1,2,4,2,2,1,2.3,2,1,4,17,6
9611,2011,1,2011-05-16,SE,PALAMOS,Baix Emporda,1,0,2,0,2,1,0,0,1,0,0,0,0,30.0,0.0,0,2,No n'hi ha,-1.0,3,1,1,-1,0,0,0,-1,0,0,0,0,-1,0,4,-1,1,Atropellament,-1,0,2,5,-1,2,1,16.15,1,3,0,16,5
9612,2011,1,2011-10-19,SE,GRANOLLERS,Valles Oriental,3,0,1,0,2,1,0,0,0,1,0,0,0,100.0,0.0,0,2,No n'hi ha,-1.0,3,3,1,0,0,0,0,0,0,0,0,0,0,2,4,4,0,Atropellament,1,2,2,5,-1,2,1,10.21,0,3,2,19,10
9613,2011,1,2011-02-09,SE,BARCELONA,Barcelones,3,0,1,0,2,0,0,0,1,1,0,0,0,100.0,0.0,0,-1,No n'hi ha,-1.0,3,3,1,0,0,0,0,0,0,0,0,0,0,1,4,3,0,Envestida (frontal lateral),2,2,2,5,-1,2,1,13.55,0,2,2,9,2
9614,2011,0,2011-10-25,SE,LLORET DE MAR,Selva,1,0,1,0,2,1,0,1,0,0,0,0,0,100.0,0.0,0,2,Carril avançament,-1.0,3,3,1,0,0,0,0,0,0,0,0,0,0,0,1,-1,1,Atropellament,-1,1,2,3,2,2,1,18.2,1,3,1,25,10
9615,2011,0,2011-11-16,C-66,BANYOLES,Pla de l'Estany,1,1,1,0,2,0,0,0,0,1,1,0,0,100.0,0.0,0,0,No n'hi ha,-1.0,3,2,0,0,0,0,0,0,0,0,0,0,0,0,2,-1,1,Col·lisió frontal,-1,1,2,4,2,2,1,15.45,1,2,2,16,11
9616,2011,0,2011-11-22,C-17,"GARRIGA, LA",Valles Oriental,3,0,1,0,1,0,0,0,0,1,0,0,0,100.0,0.0,0,3,No n'hi ha,-1.0,2,3,1,0,0,0,1,0,0,0,0,0,0,0,2,-1,0,Sortida de via amb bolcada,-1,1,0,4,2,1,1,11.15,0,1,1,22,11
9617,2011,1,2011-03-31,SE,REUS,Baix Camp,0,0,1,0,2,0,0,0,0,1,1,0,0,100.0,0.0,0,-1,No n'hi ha,-1.0,3,3,1,0,0,0,0,0,0,0,0,0,0,0,4,-1,0,Fregament o col·lisió lateral,-1,2,2,5,-1,2,1,13.4,0,2,3,31,3
9618,2011,0,2011-10-19,N-260,CABANELLES,Alt Emporda,1,1,0,0,1,0,1,0,0,0,0,0,0,100.0,0.0,1,3,No n'hi ha,-1.0,3,3,0,0,0,0,0,0,0,0,0,0,0,0,3,-1,1,Xoc contra objecte/obstacle sense sortida prèvia de via,-1,1,2,4,1,2,1,7.25,0,4,2,19,10
9619,2011,1,2011-07-27,SE,BADALONA,Barcelones,3,0,1,0,1,0,0,0,1,0,0,0,0,100.0,0.0,0,-1,No n'hi ha,-1.0,3,3,1,0,0,0,0,0,0,0,1,0,0,0,4,-1,0,Xoc contra objecte/obstacle sense sortida prèvia de via,-1,2,2,5,-1,2,1,8.23,0,4,2,27,7
9620,2011,0,2011-06-26,B-210,GAVA,Baix Llobregat,3,0,1,0,2,1,0,0,0,1,0,0,0,40.0,0.0,0,2,No n'hi ha,-1.0,3,3,1,0,0,0,0,0,0,0,0,0,0,2,1,2,1,Atropellament,0,1,2,4,3,2,0,6.3,0,3,6,26,6
9621,2011,1,2011-04-13,SE,TARRAGONA,Tarragones,0,0,1,0,2,1,0,0,0,1,0,0,0,20.0,,0,2,No n'hi ha,-1.0,3,3,1,-1,0,0,0,-1,0,0,0,0,0,0,4,-1,0,Atropellament,-1,2,2,5,-1,2,1,12.5,0,3,2,13,4
9622,2011,0,2011-04-03,C-16,SANT CUGAT DEL VALLES,Valles Occidental,3,0,1,0,1,0,0,0,0,1,0,0,0,60.0,0.0,0,2,No n'hi ha,-1.0,3,3,1,0,0,0,0,0,0,0,1,0,0,2,4,4,0,Resta sortides de via,3,1,2,4,2,2,0,7.45,0,1,6,3,4
9623,2011,1,2011-07-09,SE,MANRESA,Bages,3,1,0,0,1,0,0,0,1,0,0,0,0,100.0,0.0,0,2,No n'hi ha,-1.0,3,3,0,0,0,0,0,0,0,0,0,0,0,0,1,-1,1,Xoc contra objecte/obstacle sense sortida prèvia de via,-1,2,2,5,0,2,0,20.45,1,4,5,9,7
9624,2011,0,2011-04-09,C-244,"POBLA DE CLARAMUNT,LA",Anoia,3,0,2,2,2,0,0,0,0,2,0,0,0,40.0,0.0,0,1,No n'hi ha,-1.0,3,3,1,0,0,0,0,0,0,0,0,0,0,0,1,-1,1,Envestida (frontal lateral),-1,1,2,4,3,2,0,8.3,0,2,5,9,4
9625,2011,1,2011-12-15,SE,ESPLUGUES DE LLOBREGAT,Baix Llobregat,3,0,1,0,2,0,0,0,1,1,0,0,0,20.0,0.0,0,2,No n'hi ha,-1.0,3,3,1,-1,0,0,0,-1,0,0,0,0,-1,1,4,4,1,Envestida (frontal lateral),2,2,2,5,-1,2,1,15.2,1,2,3,15,12
9626,2011,0,2011-12-13,A-2,SANTA COLOMA DE CERV,Baix Llobregat,3,0,1,1,2,0,0,0,1,1,0,0,0,80.0,0.0,0,3,No n'hi ha,-1.0,3,3,1,0,0,0,0,0,0,0,0,0,1,0,4,-1,1,Altres,-1,1,2,4,1,2,1,10.0,0,5,1,13,12
9627,2011,1,2011-08-03,SE,BARCELONA,Barcelones,3,1,0,0,2,1,0,0,0,0,1,0,0,100.0,0.0,0,-1,Carril bus,-1.0,3,3,0,0,0,0,0,0,0,0,0,0,0,1,5,3,1,Atropellament,1,2,2,5,-1,2,1,2.2,2,3,2,3,8
9628,2011,1,2011-12-20,SE,CASTELLDEFELS,Baix Llobregat,3,0,1,0,2,1,0,0,0,1,0,0,0,100.0,0.0,0,-1,No n'hi ha,-1.0,3,3,1,0,0,0,0,0,0,0,0,0,0,0,4,-1,-1,Atropellament,-1,2,2,5,-1,2,1,11.3,0,3,1,20,12
9629,2011,1,2011-01-21,SE,BANYOLES,Pla de l'Estany,1,0,1,0,2,0,0,1,0,1,0,0,0,40.0,0.0,0,2,No n'hi ha,-1.0,3,3,1,0,0,0,0,0,0,0,0,0,1,1,4,4,0,Envestida (frontal lateral),1,2,2,5,0,2,1,8.4,0,2,4,21,1
9630,2011,1,2011-01-15,SE,LLEIDA,Segria,2,0,1,0,2,0,0,1,0,1,0,0,0,100.0,0.0,0,-1,No n'hi ha,-1.0,3,3,1,0,0,0,0,0,0,0,0,0,0,0,4,-1,-1,Envestida (frontal lateral),-1,2,2,5,-1,2,0,9.4,0,2,5,15,1
9631,2011,1,2011-06-23,SE,GAVA,Baix Llobregat,3,1,0,0,2,1,0,0,0,1,0,0,0,20.0,0.0,0,-1,No n'hi ha,-1.0,3,3,0,-1,0,0,0,-1,1,0,0,0,1,0,1,-1,0,Atropellament,-1,2,2,5,-1,2,1,7.58,0,3,3,23,6
9632,2011,0,2011-10-16,C-252,GARRIGUELLA,Alt Emporda,1,0,1,0,1,0,0,0,1,0,0,0,0,100.0,0.0,0,3,No n'hi ha,-1.0,3,3,1,0,0,0,0,0,0,0,0,0,0,0,4,-1,1,Caiguda en la via,-1,1,2,4,2,2,0,13.11,0,0,6,16,10
9633,2011,1,2011-04-08,SE,BADALONA,Barcelones,3,0,1,0,1,0,0,0,1,0,0,0,0,100.0,0.0,0,-1,No n'hi ha,-1.0,3,3,1,0,0,0,0,0,0,0,0,0,0,0,4,-1,0,Caiguda en la via,-1,2,2,5,-1,2,1,12.22,0,0,4,8,4
9634,2011,0,2011-02-26,C-31,HOSPITALET DE LLOBREGAT,Barcelones,3,1,0,0,2,1,0,0,0,1,0,0,0,80.0,0.0,0,3,No n'hi ha,-1.0,3,3,0,0,0,0,0,0,0,0,0,0,1,0,4,-1,1,Atropellament,-1,1,2,4,2,1,0,13.51,0,3,5,26,2
9635,2011,1,2011-02-17,SE,MONTCADA I REIXAC,Valles Occidental,3,0,1,0,2,1,0,0,0,1,0,0,0,20.0,0.0,0,2,No n'hi ha,-1.0,1,3,1,-1,0,0,1,-1,0,0,0,0,0,0,2,-1,1,Atropellament,-1,2,0,5,-1,2,1,14.15,1,3,3,17,2
9636,2011,1,2011-03-31,SE,CASTELLO D'EMPURIES,Alt Emporda,1,0,1,0,1,0,0,0,0,1,0,0,0,20.0,0.0,0,2,No n'hi ha,-1.0,3,3,1,-1,0,0,0,-1,0,0,0,0,0,0,5,-1,1,Xoc contra objecte/obstacle sense sortida prèvia de via,-1,2,2,5,-1,2,1,6.1,0,4,3,31,3
9637,2011,0,2011-05-03,SE,RUBI,Valles Occidental,3,0,1,3,1,0,0,0,0,1,0,0,0,100.0,0.0,0,2,No n'hi ha,-1.0,3,3,1,0,0,0,0,0,0,0,0,0,0,1,4,5,1,Resta sortides de via,1,1,2,3,0,2,1,7.15,0,1,1,3,5
9638,2011,1,2011-11-28,SE,"PRAT DE LLOBREGAT, E",Baix Llobregat,3,0,1,1,2,0,1,0,1,0,0,0,0,100.0,0.0,0,-1,No n'hi ha,-1.0,3,3,1,0,0,0,0,0,0,0,0,0,0,0,4,-1,-1,Envestida (frontal lateral),-1,2,2,5,-1,2,1,11.01,0,2,0,28,11
9639,2011,1,2011-11-08,SE,MATARO,Maresme,3,0,1,0,2,0,0,0,1,1,0,0,0,20.0,0.0,0,-1,No n'hi ha,-1.0,3,3,1,-1,0,0,0,-1,0,0,0,0,0,1,4,4,1,Envestida (frontal lateral),2,2,2,5,-1,2,1,12.0,0,2,1,8,11
9640,2011,1,2011-05-17,SE,"VENDRELL, EL",Baix Penedes,0,0,1,0,2,1,0,0,0,1,0,0,0,40.0,0.0,0,-1,No n'hi ha,-1.0,3,3,1,-1,0,0,0,-1,0,0,0,0,-1,0,4,-1,1,Atropellament,-1,2,2,5,-1,2,1,17.01,1,3,1,17,5
9641,2011,0,2011-06-24,C-12,GINESTAR,Ribera d'Ebre,0,0,1,0,1,0,0,1,0,0,0,0,0,100.0,0.0,0,2,No n'hi ha,-1.0,3,3,1,0,0,0,0,0,0,0,0,0,0,0,4,-1,1,Resta sortides de via,-1,1,2,4,2,2,1,6.0,0,1,4,24,6
9642,2011,0,2011-06-01,C-51,BRAFIM,Alt Camp,0,1,0,0,1,0,0,0,0,1,0,0,0,100.0,0.0,0,0,No n'hi ha,-1.0,3,3,0,0,0,0,0,0,1,0,0,0,0,0,3,-1,1,Altres,-1,1,2,4,2,2,1,2.0,2,5,2,1,6
9643,2011,0,2011-04-05,TV-7223,"SELVA DEL CAMP, LA",Baix Camp,0,0,1,0,2,0,0,0,1,1,0,0,0,100.0,0.0,0,3,No n'hi ha,-1.0,3,3,1,0,0,0,0,0,0,0,0,0,1,1,3,4,1,Envestida (frontal lateral),1,1,2,4,0,2,1,22.22,2,2,1,5,4
9644,2011,1,2011-05-09,SE,TERRASSA,Valles Occidental,3,0,1,0,2,1,0,0,0,1,0,0,0,30.0,0.0,0,2,No n'hi ha,-1.0,3,3,1,0,0,0,0,0,1,0,0,0,0,2,4,2,1,Atropellament,2,2,2,5,-1,2,1,18.5,1,3,0,9,5
9645,2011,1,2011-04-24,SE,REUS,Baix Camp,0,0,1,2,2,0,0,0,0,2,0,0,0,100.0,0.0,0,-1,No n'hi ha,-1.0,3,3,1,0,0,0,0,0,0,0,0,0,0,0,5,-1,-1,Fregament o col·lisió lateral,-1,2,2,5,-1,2,0,5.5,2,2,6,24,4
9646,2011,1,2011-05-23,SE,BARCELONA,Barcelones,3,0,1,0,2,1,0,0,1,0,0,0,0,20.0,0.0,0,-1,No n'hi ha,-1.0,3,3,1,0,0,0,0,0,0,0,0,0,0,0,4,-1,0,Atropellament,-1,2,2,5,-1,2,1,7.4,0,3,0,23,5
9647,2011,1,2011-12-20,SE,CABRERA DE MAR,Maresme,3,0,1,0,2,0,0,1,0,1,0,0,0,100.0,0.0,0,2,No n'hi ha,-1.0,3,3,1,0,0,0,0,0,0,0,0,0,0,0,5,-1,1,Envestida (frontal lateral),-1,2,2,5,-1,2,1,19.15,1,2,1,20,12
9648,2011,1,2011-12-05,SE,BARCELONA,Barcelones,3,0,1,0,2,1,0,0,0,1,0,0,0,100.0,0.0,0,-1,No n'hi ha,-1.0,3,3,1,0,0,0,0,0,0,0,0,0,0,0,5,-1,0,Atropellament,-1,2,2,5,-1,2,1,17.15,1,3,0,5,12
9649,2011,1,2011-11-09,SE,TARRAGONA,Tarragones,0,0,1,0,2,1,0,0,0,1,0,0,0,20.0,,0,2,No n'hi ha,-1.0,3,3,1,-1,0,0,0,-1,0,0,0,0,-1,0,5,-1,1,Atropellament,-1,2,2,5,-1,2,1,18.2,1,3,2,9,11
9650,2011,1,2011-11-17,SE,BARCELONA,Barcelones,3,0,1,0,2,1,0,0,1,0,0,0,0,100.0,0.0,0,-1,No n'hi ha,-1.0,3,3,1,0,0,0,0,0,0,0,0,0,0,0,5,-1,0,Atropellament,-1,2,2,5,-1,2,1,22.09,2,3,3,17,11
9651,2011,1,2011-08-29,SE,MOLLET DEL VALLES,Valles Oriental,3,0,1,0,1,0,0,0,0,0,1,0,0,40.0,0.0,0,2,No n'hi ha,-1.0,3,3,1,0,0,0,0,0,0,0,0,0,0,1,4,4,0,Caiguda en la via,0,2,2,5,-1,2,1,8.0,0,0,0,29,8
9652,2011,0,2011-09-06,LV-9225,ALBESA,Noguera,2,0,1,0,1,0,0,0,0,0,1,0,0,100.0,0.0,0,3,No n'hi ha,-1.0,3,3,1,0,0,0,0,0,1,0,0,0,0,0,4,-1,1,Altres,-1,1,2,4,3,2,1,19.28,1,5,1,6,9
9653,2011,0,2011-08-19,GI-682,TOSSA DE MAR,Selva,1,1,0,0,2,0,1,0,0,1,0,0,0,100.0,0.0,0,1,No n'hi ha,-1.0,3,3,0,0,0,0,0,0,0,0,0,0,0,0,4,-1,1,Col·lisió frontal,-1,1,2,4,3,2,0,17.12,1,2,4,19,8
9654,2011,1,2011-05-03,SE,BERGA,Bergueda,3,0,1,1,3,2,0,0,0,1,0,0,0,20.0,0.0,0,-1,No n'hi ha,-1.0,3,3,1,-1,0,0,0,-1,0,0,0,0,0,1,5,2,0,Atropellament,0,2,2,5,-1,2,1,20.1,1,3,1,3,5
9655,2011,0,2011-09-12,C-59,CALDES DE MONTBUI,Valles Oriental,3,0,1,0,1,0,0,0,0,1,0,0,0,100.0,0.0,0,0,No n'hi ha,-1.0,3,3,1,0,0,0,0,0,0,0,0,0,0,0,3,-1,1,Resta sortides de via,-1,1,2,4,2,2,1,6.11,0,1,0,12,9
9656,2011,0,2011-08-14,SE,CABANES,Alt Emporda,1,0,1,0,1,0,0,0,0,1,0,0,0,100.0,0.0,0,0,No n'hi ha,-1.0,3,3,1,0,0,0,0,0,0,0,0,0,0,1,5,4,1,Xoc contra objecte/obstacle sense sortida prèvia de via,1,1,2,3,0,2,0,3.26,2,4,6,14,8
9657,2011,1,2011-09-29,SE,TERRASSA,Valles Occidental,3,0,1,0,2,1,0,0,0,1,0,0,0,100.0,0.0,0,-1,No n'hi ha,-1.0,3,3,1,0,0,0,0,0,0,0,0,0,0,0,4,-1,-1,Atropellament,-1,2,2,5,-1,2,1,18.0,1,3,3,29,9