,Year,Area,Date,Road,Municipality Name,County Name,Province Name,Fatalties,Serious Injuries,Light Injuries,Units Involved,Pedestrains Involved,Bicycles Involved,Mopeds Involved,Motorcycles,Light Vehicles Involved,Heavy Vehicles Involved,Other Units Involved,Unspecified Units Involved,Road Speed Limit,Accident with Hit and Run,Fog Presence,Surrounding Environment,Special Lane Presence,Special Traffic Measures,Weather Conditions,Special Road Functions,Severity of Accident,Influence of Fog,Influence of Environment,Influence of Traffic,Influence of Weather,Influence of Wind Intensity,Influence of Lighting,Influence of Special Measures,Influence of Road Objects,Influence of Road Surface,Influence of Visibility,Intersection Characteristics,Lighting Conditions,Traffic Regulation and Priority,Direction of Road,Subtype of Accident,Subtype of Road Section,Subzone within Area,Road Surface Conditions,Type of Road,Road Ownership,Wind Conditions,Day of the Week Grouping,Hour of Day,Time of Day Grouping,Type of Accident,Day Type,Day,Month
9658,2011,1,2011-03-26,SE,BARCELONA,Barcelones,3,0,1,0,1,0,0,0,1,0,0,0,0,40.0,0.0,0,-1,No n'hi ha,-1.0,3,3,1,0,0,0,0,0,0,0,0,0,0,0,4,-1,1,Xoc contra objecte/obstacle sense sortida prèvia de via,-1,2,2,5,-1,2,0,9.55,0,4,5,26,3
9659,2011,0,2011-10-29,C-25,GURB,Osona,3,0,2,2,3,0,0,0,0,3,0,0,0,90.0,0.0,0,2,No n'hi ha,-1.0,3,3,1,0,0,0,0,0,1,0,0,0,0,0,3,-1,1,Col·lisió frontal,-1,1,2,4,2,2,0,8.0,0,2,5,29,10
9660,2011,1,2011-10-17,SE,OLOT,Garrotxa,1,0,1,0,1,0,0,0,0,1,0,0,0,100.0,0.0,0,2,No n'hi ha,-1.0,3,3,1,0,0,0,0,0,0,0,0,0,0,0,4,-1,0,Resta sortides de via,-1,2,2,5,-1,2,1,16.3,1,1,0,17,10
9661,2011,1,2011-08-31,SE,TARRAGONA,Tarragones,0,0,1,0,2,1,0,0,0,1,0,0,0,20.0,,0,2,No n'hi ha,-1.0,3,3,1,-1,0,0,0,-1,0,0,0,0,-1,0,4,-1,1,Atropellament,-1,2,2,5,-1,2,1,11.55,0,3,2,31,8
9662,2011,1,2011-10-26,SE,MATARO,Maresme,3,0,2,0,2,0,0,0,1,1,0,0,0,20.0,0.0,0,-1,No n'hi ha,-1.0,3,3,1,-1,-1,0,0,-1,0,0,0,0,0,1,4,5,-1,Envestida (frontal lateral),2,2,2,5,-1,2,1,14.05,1,2,2,26,10
9663,2011,0,2011-05-28,C-25,GURB,Osona,3,0,5,0,3,0,0,0,0,3,0,0,0,60.0,0.0,0,1,No n'hi ha,0.0,3,3,1,0,0,0,0,0,0,0,0,0,0,0,4,-1,1,Fregament o col·lisió lateral,-1,1,2,4,2,2,0,14.4,1,2,5,28,5
9664,2011,0,2011-05-25,C-14,COLL DE NARGO,Alt Urgell,2,0,1,0,1,0,0,0,0,1,0,0,0,100.0,0.0,0,3,No n'hi ha,-1.0,3,3,1,0,0,0,0,0,0,0,0,0,0,0,4,-1,1,Resta sortides de via,-1,1,2,4,2,2,1,15.17,1,1,2,25,5
9665,2011,0,2011-05-24,BV-2002,SANTA COLOMA DE CERV,Baix Llobregat,3,0,1,1,2,0,0,0,0,2,0,0,0,50.0,0.0,0,2,No n'hi ha,0.0,3,3,1,0,0,0,0,0,0,0,0,0,0,0,1,-1,1,Col·lisió frontal,-1,1,2,4,2,2,1,5.3,2,2,1,24,5
9666,2011,1,2011-07-17,SE,SANT BOI DE LLOBREGAT,Baix Llobregat,3,0,1,1,2,0,0,0,0,2,0,0,0,20.0,0.0,0,-1,No n'hi ha,-1.0,3,3,1,-1,0,0,0,-1,0,0,0,0,0,1,4,3,1,Envestida (frontal lateral),2,2,2,5,-1,2,0,10.0,0,2,6,17,7
9667,2011,1,2011-04-17,SE,CAMBRILS,Baix Camp,0,0,1,0,2,1,0,0,0,1,0,0,0,30.0,0.0,0,2,No n'hi ha,-1.0,3,3,1,0,0,0,0,0,0,0,0,0,0,1,4,2,0,Atropellament,0,2,2,5,0,2,0,16.25,1,3,6,17,4
9668,2011,0,2011-05-03,C-58,SANT QUIRZE DEL VALLES,Valles Occidental,3,0,1,0,1,0,0,0,1,0,0,0,0,100.0,0.0,0,1,No n'hi ha,-1.0,3,3,1,0,0,0,0,0,0,0,0,0,0,0,4,-1,1,Caiguda en la via,-1,1,2,4,2,2,1,16.04,1,0,1,3,5
9669,2011,1,2011-09-01,SE,BARCELONA,Barcelones,3,0,1,0,2,1,0,0,0,1,0,0,0,100.0,0.0,0,-1,No n'hi ha,-1.0,3,3,1,0,0,0,0,0,0,0,0,0,0,0,5,-1,1,Atropellament,-1,2,2,5,-1,2,1,21.55,1,3,3,1,9
9670,2011,1,2011-11-23,SE,TERRASSA,Valles Occidental,3,0,1,0,2,0,0,0,1,1,0,0,0,100.0,0.0,0,-1,No n'hi ha,-1.0,3,3,1,0,0,0,0,0,0,0,0,0,0,0,4,-1,-1,Envestida (frontal lateral),-1,2,2,5,-1,2,1,15.55,1,2,2,23,11
9671,2011,1,2011-02-13,SE,MATARO,Maresme,3,0,1,0,1,0,0,1,0,0,0,0,0,20.0,0.0,0,-1,No n'hi ha,-1.0,3,3,1,-1,0,0,0,-1,0,0,0,0,0,0,5,-1,1,Xoc contra objecte/obstacle sense sortida prèvia de via,-1,2,2,5,-1,2,0,0.4,2,4,6,13,2
9672,2011,0,2011-07-30,C-55,MONISTROL DE MONTSER,Bages,3,1,5,1,2,0,0,0,0,2,0,0,0,80.0,0.0,0,0,Carril central,-1.0,1,3,0,0,0,0,1,0,0,0,0,0,0,0,2,-1,1,Envestida (frontal lateral),-1,1,0,4,2,2,0,18.08,1,2,5,30,7
9673,2011,1,2011-08-15,SE,CASTELLDEFELS,Baix Llobregat,3,0,1,0,2,0,0,1,0,1,0,0,0,100.0,0.0,0,2,No n'hi ha,-1.0,3,3,1,0,0,0,0,0,0,0,0,0,0,1,4,4,0,Envestida (frontal lateral),2,2,2,5,-1,2,1,19.23,1,2,0,15,8
9674,2011,0,2011-01-02,N-340,TARRAGONA,Tarragones,0,2,2,1,2,0,0,0,0,2,0,0,0,100.0,0.0,0,-1,No n'hi ha,-1.0,3,3,0,0,0,0,0,0,0,0,0,0,0,0,4,-1,-1,Altres,-1,1,2,4,-1,2,0,2.1,2,5,6,2,1
9675,2011,0,2011-08-01,N-II,"JONQUERA, LA",Alt Emporda,1,0,1,1,2,0,0,1,0,1,0,0,0,100.0,0.0,0,3,No n'hi ha,-1.0,3,3,1,0,0,0,0,0,0,0,0,0,0,0,4,-1,1,Envestida (frontal lateral),-1,1,2,4,1,2,1,10.53,0,2,0,1,8
9676,2011,0,2011-08-15,C-12,GARCIA,Ribera d'Ebre,0,0,3,1,2,0,0,0,0,2,0,0,0,100.0,0.0,0,2,No n'hi ha,-1.0,3,3,1,0,0,0,0,0,0,0,0,0,0,0,3,-1,1,Envestida (frontal lateral),-1,1,2,4,2,2,1,22.0,2,2,0,15,8
9677,2011,1,2011-09-09,SE,SANTA MARIA D'OLO,Moianès,3,0,1,0,1,0,0,0,0,1,0,0,0,40.0,0.0,0,3,No n'hi ha,-1.0,3,3,1,0,0,0,0,0,0,0,0,0,0,0,3,-1,1,Caiguda en la via,-1,2,2,5,-1,2,0,21.24,1,0,4,9,9
9678,2011,1,2011-04-27,N-II,PALLEJA,Baix Llobregat,3,0,1,0,2,0,0,0,1,0,1,0,0,100.0,0.0,0,2,No n'hi ha,-1.0,3,1,1,0,0,0,0,0,0,0,0,0,0,2,4,4,1,Caiguda en la via,-1,0,2,4,1,2,1,17.1,1,0,2,27,4
9679,2011,1,2011-09-24,SE,TERRASSA,Valles Occidental,3,0,1,0,1,0,0,0,0,1,0,0,0,30.0,0.0,0,2,No n'hi ha,0.0,3,3,1,0,0,0,0,0,0,1,0,0,0,0,5,-1,1,Xoc contra objecte/obstacle sense sortida prèvia de via,-1,2,2,5,-1,2,0,23.15,2,4,5,24,9
9680,2011,0,2011-10-01,A-2,CORBERA DE LLOBREGAT,Baix Llobregat,3,0,1,0,1,0,0,0,1,0,0,0,0,120.0,0.0,0,2,No n'hi ha,-1.0,3,3,1,0,0,0,0,0,0,0,0,0,0,0,4,-1,0,Caiguda en la via,-1,1,2,4,1,2,0,19.45,1,0,5,1,10
9681,2011,1,2011-11-04,SE,TERRASSA,Valles Occidental,3,0,1,0,3,1,0,0,0,2,0,0,0,100.0,0.0,0,-1,No n'hi ha,-1.0,3,3,1,0,0,0,1,0,0,0,0,0,0,0,4,-1,-1,Atropellament,-1,2,2,5,-1,2,0,20.2,1,3,4,4,11
9682,2011,1,2011-06-06,SE,MATARO,Maresme,3,0,1,0,2,1,0,0,0,1,0,0,0,30.0,0.0,0,2,No n'hi ha,-1.0,3,3,1,-1,0,0,0,-1,0,0,0,0,-1,0,4,-1,1,Atropellament,-1,2,2,5,-1,2,1,7.43,0,3,0,6,6
9683,2011,1,2011-03-18,SE,FRANQUESES DEL VALLE,Valles Oriental,3,0,1,0,2,1,0,0,0,1,0,0,0,30.0,0.0,0,2,No n'hi ha,-1.0,3,3,1,0,0,0,0,0,0,0,0,0,0,2,2,4,0,Atropellament,1,2,2,5,-1,2,0,17.3,1,3,4,18,3
9684,2011,0,2011-03-12,BV-4401,GAIA,Bages,3,0,2,1,2,0,0,0,0,2,0,0,0,100.0,0.0,0,2,No n'hi ha,-1.0,3,3,1,0,0,0,0,0,0,0,0,0,0,0,4,-1,1,Resta sortides de via,-1,1,2,4,3,2,0,9.05,0,1,5,12,3
9685,2011,0,2011-05-24,BV-4608,MANLLEU,Osona,3,1,0,0,2,1,0,0,0,1,0,0,0,100.0,0.0,0,2,No n'hi ha,-1.0,3,3,0,0,0,0,0,0,0,0,0,0,0,0,4,-1,1,Atropellament,-1,1,2,4,3,2,1,16.42,1,3,1,24,5
9686,2011,1,2011-04-19,SE,MONTMELO,Valles Oriental,3,0,1,0,1,0,0,0,1,0,0,0,0,100.0,0.0,0,2,No n'hi ha,-1.0,3,1,1,0,0,0,0,0,0,0,0,0,0,2,1,4,1,Altres,3,0,2,5,-1,2,1,19.25,1,5,1,19,4
9687,2011,0,2011-04-04,N-340,SANT CARLES DE LA RAPITA,Montsia,0,0,1,0,1,0,0,0,0,0,1,0,0,100.0,0.0,0,2,No n'hi ha,-1.0,3,3,1,0,0,0,0,0,0,0,0,0,0,0,4,-1,1,Resta sortides de via,-1,1,2,4,1,2,1,16.59,1,1,0,4,4
9688,2011,0,2011-04-04,LV-7031,"BORGES BLANQUES, LES",Garrigues,2,0,2,0,1,0,0,0,0,1,0,0,0,100.0,0.0,0,1,No n'hi ha,-1.0,3,3,1,0,0,0,0,0,0,0,0,0,0,0,4,-1,1,Resta sortides de via,-1,1,2,4,0,2,1,17.55,1,1,0,4,4
9689,2011,0,2011-03-13,BV-2004,SANT BOI DE LLOBREGAT,Baix Llobregat,3,0,1,0,1,0,1,0,0,0,0,0,0,90.0,0.0,0,-1,No n'hi ha,-1.0,3,3,1,0,0,0,0,0,0,0,0,0,0,0,4,-1,-1,Caiguda en la via,-1,1,0,4,0,2,0,13.1,0,0,6,13,3
9690,2011,0,2011-05-05,N-260,RIPOLL,Ripolles,1,2,0,0,2,0,0,0,0,1,1,0,0,90.0,0.0,0,2,No n'hi ha,-1.0,2,3,0,-1,0,0,1,0,0,0,0,0,0,0,2,-1,1,Envestida (frontal lateral),-1,1,0,4,1,0,1,16.54,1,2,3,5,5
9691,2011,1,2011-12-23,SE,GAVA,Baix Llobregat,3,0,1,1,2,0,0,1,0,1,0,0,0,20.0,,0,-1,No n'hi ha,-1.0,3,3,1,-1,-1,0,0,-1,0,0,0,0,-1,1,5,4,-1,Envestida (frontal lateral),0,2,2,5,-1,2,1,2.13,2,2,4,23,12
9692,2011,1,2011-09-19,SE,BARCELONA,Barcelones,3,1,0,0,2,0,0,0,1,1,0,0,0,100.0,0.0,0,-1,No n'hi ha,-1.0,3,3,0,0,0,0,0,0,0,0,0,0,0,1,4,3,0,Envestida (frontal lateral),2,2,2,5,-1,2,1,17.35,1,2,0,19,9
9693,2012,0,2012-07-14,TV-7211,REUS,Baix Camp,0,1,0,1,1,0,0,0,0,1,0,0,0,100.0,0.0,0,2,No n'hi ha,-1.0,3,3,0,0,0,0,0,0,0,0,0,0,0,0,3,-1,1,Xoc contra objecte/obstacle sense sortida prèvia de via,-1,1,2,4,3,2,0,23.0,2,4,5,14,7
9694,2012,0,2012-04-26,B-22,SANT BOI DE LLOBREGAT,Baix Llobregat,3,0,1,0,2,0,0,0,1,1,0,0,0,80.0,0.0,0,3,No n'hi ha,-1.0,3,3,1,0,0,0,0,0,0,0,1,0,0,0,4,-1,1,Xoc contra objecte/obstacle sense sortida prèvia de via,-1,1,2,4,1,2,1,16.5,1,4,3,26,4
9695,2012,1,2012-02-09,SE,SABADELL,Valles Occidental,3,0,1,0,2,1,0,0,0,1,0,0,0,100.0,0.0,0,-1,No n'hi ha,-1.0,3,3,1,0,0,0,0,0,0,0,0,0,0,0,4,-1,-1,Atropellament,-1,2,2,5,-1,2,1,11.13,0,3,3,9,2
9696,2012,1,2012-10-29,SE,VILAFRANCA DEL PENEDES,Alt Penedes,3,0,1,1,2,0,0,1,0,1,0,0,0,20.0,0.0,0,2,No n'hi ha,-1.0,3,3,1,-1,0,0,0,-1,0,0,0,0,0,1,4,4,0,Envestida (frontal lateral),1,2,2,5,-1,2,1,9.43,0,2,0,29,10
9697,2012,0,2012-02-12,BV-2041,GAVA,Baix Llobregat,3,0,1,0,1,0,0,0,1,0,0,0,0,100.0,0.0,0,3,No n'hi ha,-1.0,3,3,1,0,0,0,0,0,0,0,0,0,0,0,4,-1,1,Caiguda en la via,-1,1,2,4,2,2,0,11.33,0,0,6,12,2
9698,2012,1,2012-08-14,SE,LLORET DE MAR,Selva,1,0,1,0,2,0,1,0,0,1,0,0,0,100.0,0.0,0,3,No n'hi ha,-1.0,3,3,1,0,0,0,0,0,0,0,0,0,0,0,4,-1,1,Col·lisió frontal,-1,2,2,5,-1,2,1,8.44,0,2,1,14,8
9699,2012,0,2012-11-23,AP-7,LLINARS DEL VALLES,Valles Oriental,3,0,1,0,3,0,0,0,0,0,3,0,0,100.0,0.0,0,2,No n'hi ha,-1.0,3,3,1,0,1,0,0,0,0,0,0,0,0,2,4,4,1,Encalç,3,1,2,4,1,2,1,10.45,0,2,4,23,11
9700,2012,1,2012-06-20,SE,REUS,Baix Camp,0,0,1,1,1,0,0,1,0,0,0,0,0,100.0,0.0,0,-1,No n'hi ha,-1.0,3,3,1,0,0,0,0,0,0,0,1,0,0,1,4,4,-1,Caiguda en la via,0,2,2,5,-1,2,1,18.3,1,0,2,20,6
9701,2012,0,2012-05-26,C-31,"TALLADA D'EMPORDA, LA",Baix Emporda,1,2,3,1,3,0,0,0,0,3,0,0,0,90.0,0.0,0,3,No n'hi ha,-1.0,3,3,0,0,0,0,0,0,0,0,0,0,0,0,4,-1,1,Col·lisió frontal,-1,1,2,4,2,2,0,15.02,1,2,5,26,5
9702,2012,1,2012-02-22,SE,CABRERA DE MAR,Maresme,3,0,1,0,2,0,1,0,0,1,0,0,0,50.0,0.0,0,2,No n'hi ha,-1.0,3,3,1,0,0,0,0,0,0,0,0,0,0,1,4,5,1,Sortida de via amb xoc o col·lisió,0,2,2,5,-1,2,1,10.0,0,1,2,22,2
9703,2012,0,2012-01-02,C-243a,SUBIRATS,Alt Penedes,3,0,1,0,3,0,0,0,0,3,0,0,0,60.0,0.0,0,3,No n'hi ha,-1.0,3,3,1,0,0,0,0,0,0,0,0,0,1,1,3,4,1,Col·lisió frontal,2,1,2,4,2,2,1,6.55,0,2,0,2,1
9704,2012,1,2012-06-07,SE,SABADELL,Valles Occidental,3,0,1,0,2,0,1,0,0,0,1,0,0,100.0,0.0,0,2,No n'hi ha,-1.0,3,3,1,0,0,0,0,0,0,0,0,0,0,2,4,4,1,Envestida (frontal lateral),1,2,2,5,-1,2,1,14.22,1,2,3,7,6
9705,2012,1,2012-10-05,SE,BARCELONA,Barcelones,3,0,1,1,2,0,0,1,0,1,0,0,0,100.0,0.0,0,-1,No n'hi ha,-1.0,3,3,1,0,0,0,0,0,0,0,0,0,0,1,4,3,1,Envestida (frontal lateral),2,2,2,5,-1,2,1,9.2,0,2,4,5,10
9706,2012,1,2012-04-12,SE,BARCELONA,Barcelones,3,0,1,0,2,0,0,0,1,1,0,0,0,100.0,0.0,0,-1,No n'hi ha,-1.0,3,3,1,0,0,0,0,0,0,0,1,0,0,1,4,4,0,Envestida (frontal lateral),1,2,2,5,-1,2,1,9.3,0,2,3,12,4
9707,2012,0,2012-11-29,C-17,MONTCADA I REIXAC,Valles Occidental,3,0,1,0,3,0,0,0,1,2,0,0,0,100.0,0.0,0,3,No n'hi ha,-1.0,3,3,1,0,0,0,0,0,0,0,0,0,0,1,3,4,0,Caiguda en la via,1,1,2,4,2,2,1,18.2,1,0,3,29,11
9708,2012,1,2012-02-24,SE,BARCELONA,Barcelones,3,0,1,0,1,0,0,1,0,0,0,0,0,40.0,0.0,0,-1,No n'hi ha,-1.0,3,3,1,0,0,0,0,0,0,0,0,0,0,0,4,-1,1,Xoc contra objecte/obstacle sense sortida prèvia de via,-1,2,2,5,-1,2,1,8.3,0,4,4,24,2
9709,2012,0,2012-07-30,C-31,BADALONA,Barcelones,3,0,1,0,1,0,0,0,1,0,0,0,0,80.0,0.0,0,2,No n'hi ha,-1.0,3,3,1,0,0,0,0,0,0,0,0,0,0,0,4,-1,1,Caiguda en la via,-1,1,2,4,2,2,1,19.05,1,0,0,30,7
9710,2012,0,2012-11-26,C-55,SANT VICENC DE CASTELLERS,Bages,3,1,0,0,2,1,0,0,0,1,0,0,0,60.0,0.0,0,1,Carril acceleració,-1.0,1,0,0,0,0,0,0,0,0,0,0,0,0,0,3,-1,1,Atropellament,-1,1,2,4,2,2,1,20.36,1,3,0,26,11
9711,2012,1,2012-10-24,SE,TERRASSA,Valles Occidental,3,0,1,0,2,1,0,0,0,1,0,0,0,100.0,0.0,0,-1,No n'hi ha,-1.0,3,3,1,0,1,0,0,0,0,0,0,0,0,0,4,-1,-1,Atropellament,-1,2,2,5,-1,2,1,17.18,1,3,2,24,10
9712,2012,1,2012-12-24,SE,BARCELONA,Barcelones,3,0,1,0,2,0,0,0,1,1,0,0,0,100.0,0.0,0,-1,No n'hi ha,-1.0,3,3,1,0,0,0,0,0,0,0,0,0,0,0,4,-1,1,Fregament o col·lisió lateral,-1,2,2,5,-1,2,1,13.3,0,2,0,24,12
9713,2012,0,2012-08-16,C-25,VILOBI D'ONYAR,Selva,1,0,1,2,2,0,0,0,0,2,0,0,0,60.0,0.0,0,1,No n'hi ha,0.0,3,3,1,0,0,0,0,0,0,0,0,0,0,0,4,-1,1,Envestida (frontal lateral),-1,1,2,4,2,2,1,16.09,1,2,3,16,8
9714,2012,0,2012-02-28,AP-2,MONTOLIU DE LLEIDA,Segria,2,1,1,1,2,0,0,0,0,1,1,0,0,100.0,0.0,0,2,No n'hi ha,-1.0,3,3,0,0,0,0,0,0,0,0,0,0,0,0,3,-1,1,Encalç,-1,1,2,4,1,2,1,5.25,2,2,1,28,2
9715,2012,1,2012-05-01,SE,MANRESA,Bages,3,0,1,0,2,1,0,0,0,1,0,0,0,100.0,0.0,0,2,No n'hi ha,-1.0,3,3,1,0,0,0,0,0,0,0,0,0,0,0,4,-1,0,Atropellament,-1,2,2,5,-1,2,1,12.0,0,3,1,1,5
9716,2012,0,2012-08-11,C-35,SANT FELIU DE BUIXALLEU,Selva,1,1,0,1,2,0,0,0,1,1,0,0,0,100.0,0.0,0,2,No n'hi ha,-1.0,3,3,0,0,0,0,0,0,0,0,0,0,0,0,3,-1,1,Col·lisió frontal,-1,1,2,4,2,2,0,23.2,2,2,5,11,8
9717,2012,1,2012-03-19,SE,ESPLUGUES DE LLOBREGAT,Baix Llobregat,3,1,0,1,2,0,0,0,1,1,0,0,0,20.0,0.0,0,2,No n'hi ha,-1.0,3,1,0,-1,0,0,0,-1,0,0,0,0,-1,1,4,3,1,Envestida (frontal lateral),0,0,2,5,-1,2,1,10.22,0,2,0,19,3
9718,2012,1,2012-08-05,SE,HOSPITALET DE LLOBREGAT,Barcelones,3,0,1,1,2,0,0,1,1,0,0,0,0,20.0,1.0,0,-1,No n'hi ha,-1.0,3,3,1,0,0,0,0,0,0,0,0,0,0,0,5,-1,-1,Fregament o col·lisió lateral,-1,2,2,5,-1,2,0,3.18,2,2,6,5,8
9719,2012,1,2012-08-19,SE,BARCELONA,Barcelones,3,1,0,0,1,0,0,0,1,0,0,0,0,30.0,0.0,0,-1,No n'hi ha,-1.0,3,3,0,0,0,0,0,0,0,0,0,0,0,0,5,-1,1,Xoc contra objecte/obstacle sense sortida prèvia de via,-1,2,2,5,-1,2,0,21.4,1,4,6,19,8
9720,2012,0,2012-03-01,BV-1468,MOLINS DE REI,Baix Llobregat,3,0,1,0,1,0,0,1,0,0,0,0,0,90.0,0.0,0,-1,Sense Especificar,-1.0,3,3,1,0,0,0,0,0,0,0,0,0,0,0,4,-1,-1,Resta sortides de via,-1,1,2,4,4,2,1,16.19,1,1,3,1,3
9721,2012,1,2012-02-23,SE,BADALONA,Barcelones,3,0,1,0,2,0,0,0,1,1,0,0,0,20.0,0.0,0,-1,No n'hi ha,-1.0,3,3,1,-1,0,0,0,-1,0,0,0,0,-1,1,4,3,1,Envestida (frontal lateral),2,2,2,5,-1,2,1,18.35,1,2,3,23,2
9722,2012,0,2012-06-30,B-231,HOSTALETS DE PIEROLA,Anoia,3,0,1,2,2,0,0,0,0,2,0,0,0,90.0,0.0,0,-1,Sense Especificar,-1.0,3,3,1,0,0,0,0,0,0,0,0,0,0,0,4,-1,-1,Resta sortides de via,-1,1,2,4,4,2,0,5.49,2,1,5,30,6
9723,2012,1,2012-10-31,SE,BADALONA,Barcelones,3,0,1,0,2,0,0,0,1,1,0,0,0,20.0,0.0,0,2,No n'hi ha,-1.0,3,3,1,-1,0,0,0,-1,0,0,0,0,-1,1,5,4,1,Envestida (frontal lateral),2,2,2,5,-1,2,1,17.35,1,2,2,31,10
9724,2012,1,2012-10-03,TP-2125,SANTA OLIVA,Baix Penedes,0,0,1,1,2,1,0,0,1,0,0,0,0,40.0,0.0,0,2,No n'hi ha,-1.0,3,1,1,0,0,0,0,0,0,0,0,0,0,0,5,-1,1,Atropellament,-1,0,2,4,2,2,1,21.2,1,3,2,3,10
9725,2012,0,2012-03-31,CR,DAS,Cerdanya,1,0,1,0,2,0,0,0,1,1,0,0,0,100.0,0.0,0,2,No n'hi ha,-1.0,3,3,1,0,0,0,0,0,1,0,0,0,0,0,1,-1,1,Col·lisió frontal,-1,1,2,3,4,2,0,9.05,0,2,5,31,3
9727,2012,1,2012-05-27,SE,PALAMOS,Baix Emporda,1,0,1,0,1,0,0,0,1,0,0,0,0,20.0,0.0,0,2,No n'hi ha,-1.0,3,3,1,-1,0,0,0,-1,0,0,0,0,-1,0,4,-1,0,Sortida de via amb xoc o col·lisió,-1,2,2,5,-1,2,0,16.3,1,1,6,27,5
9728,2012,1,2012-08-21,SE,"VENDRELL, EL",Baix Penedes,0,0,1,0,2,1,0,0,0,1,0,0,0,40.0,0.0,0,-1,No n'hi ha,-1.0,3,3,1,-1,0,0,0,-1,0,0,0,0,0,1,1,4,0,Atropellament,1,2,2,5,-1,2,1,21.17,1,3,1,21,8
9729,2012,0,2012-06-06,BP-1417,SANT CUGAT DEL VALLES,Valles Occidental,3,0,1,0,2,0,0,0,1,0,1,0,0,100.0,0.0,0,2,No n'hi ha,-1.0,3,3,1,0,0,0,0,0,0,1,0,0,0,0,4,-1,1,Envestida (frontal lateral),-1,1,2,4,3,2,1,13.15,0,2,2,6,6
9730,2012,0,2012-09-18,C-242,CORNUDELLA DE MONTSANT,Priorat,0,0,1,0,1,0,0,0,0,0,0,1,0,50.0,0.0,0,1,No n'hi ha,-1.0,3,3,1,0,0,0,0,0,0,0,0,0,0,0,4,-1,1,Caiguda en la via,-1,1,2,4,2,2,1,10.49,0,0,1,18,9
9731,2012,1,2012-05-09,SE,CASTELLAR DEL VALLES,Valles Occidental,3,0,1,0,2,0,0,0,1,1,0,0,0,20.0,,0,2,No n'hi ha,-1.0,3,3,1,-1,0,0,0,-1,0,0,0,0,-1,0,2,-1,1,Envestida (frontal lateral),-1,2,2,5,-1,2,1,13.4,0,2,2,9,5
9732,2012,1,2012-08-20,SE,MONTMELO,Valles Oriental,3,0,1,0,1,0,0,0,1,0,0,0,0,30.0,0.0,0,1,No n'hi ha,-1.0,3,3,1,0,0,0,0,0,0,0,0,0,0,0,4,-1,1,Altres,-1,2,2,5,0,2,1,18.0,1,5,0,20,8
9733,2012,0,2012-12-06,N-141c,SANT FRUITOS DE BAGES,Bages,3,0,1,6,2,0,0,0,0,2,0,0,0,100.0,0.0,0,2,No n'hi ha,-1.0,3,3,1,0,0,0,0,0,0,0,0,0,0,0,4,-1,1,Col·lisió frontal,-1,1,2,4,1,2,1,8.16,0,2,3,6,12
9734,2012,0,2012-12-04,CR34,SILS,Selva,1,0,1,0,1,0,0,1,0,0,0,0,0,60.0,0.0,0,2,No n'hi ha,-1.0,3,3,1,0,0,0,0,0,0,0,0,0,0,0,3,-1,1,Caiguda en la via,-1,1,2,3,0,2,1,18.4,1,0,1,4,12
9735,2012,1,2012-07-05,SE,BADALONA,Barcelones,3,0,1,0,2,1,0,0,0,1,0,0,0,20.0,0.0,0,-1,No n'hi ha,-1.0,1,3,1,-1,0,0,0,-1,0,0,0,0,0,1,0,4,1,Atropellament,2,2,0,5,-1,2,1,21.23,1,3,3,5,7
9736,2012,0,2012-01-08,BV-1221,MATADEPERA,Valles Occidental,3,0,1,1,1,0,0,0,0,1,0,0,0,100.0,0.0,0,3,No n'hi ha,-1.0,3,3,1,0,0,0,0,0,0,0,0,0,0,0,4,-1,1,Resta sortides de via,-1,1,2,4,3,2,0,16.3,1,1,6,8,1
9737,2012,0,2012-08-19,BV-5128,SANT CEBRIA DE VALLA,Maresme,3,0,1,0,1,0,0,0,0,1,0,0,0,100.0,0.0,0,1,No n'hi ha,-1.0,3,3,1,0,0,0,0,0,0,0,0,0,0,0,4,-1,1,Resta sortides de via,-1,1,2,4,0,2,0,8.25,0,1,6,19,8
9738,2012,0,2012-08-04,C-31,SITGES,Garraf,3,0,1,0,2,0,0,0,0,2,0,0,0,90.0,0.0,0,-1,Sense Especificar,-1.0,3,3,1,0,0,0,0,0,0,0,0,0,0,0,4,-1,-1,Envestida (frontal lateral),-1,1,2,4,4,2,0,10.52,0,2,5,4,8
9739,2012,1,2012-07-08,SE,TERRASSA,Valles Occidental,3,0,1,0,2,0,1,0,0,1,0,0,0,100.0,0.0,0,2,No n'hi ha,-1.0,3,3,1,0,0,0,0,0,0,0,0,0,0,0,4,-1,0,Envestida (frontal lateral),-1,2,2,5,-1,2,0,8.15,0,2,6,8,7
9740,2012,0,2012-08-08,C-17,GURB,Osona,3,0,1,0,1,0,0,0,0,1,0,0,0,90.0,0.0,0,-1,Sense Especificar,-1.0,3,3,1,0,0,0,0,0,0,0,0,0,0,0,4,-1,-1,Resta sortides de via,-1,1,2,4,4,2,1,23.04,2,1,2,8,8
9741,2012,1,2012-12-08,SE,BARCELONA,Barcelones,3,0,1,0,2,0,1,0,0,1,0,0,0,100.0,0.0,0,-1,No n'hi ha,-1.0,3,3,1,0,0,0,0,0,0,0,0,0,0,1,4,3,0,Envestida (frontal lateral),2,2,2,5,-1,2,0,16.4,1,2,5,8,12