,Year,Area,Date,Road,Municipality Name,County Name,Province Name,Fatalties,Serious Injuries,Light Injuries,Units Involved,Pedestrains Involved,Bicycles Involved,Mopeds Involved,Motorcycles,Light Vehicles Involved,Heavy Vehicles Involved,Other Units Involved,Unspecified Units Involved,Road Speed Limit,Accident with Hit and Run,Fog Presence,Surrounding Environment,Special Lane Presence,Special Traffic Measures,Weather Conditions,Special Road Functions,Severity of Accident,Influence of Fog,Influence of Environment,Influence of Traffic,Influence of Weather,Influence of Wind Intensity,Influence of Lighting,Influence of Special Measures,Influence of Road Objects,Influence of Road Surface,Influence of Visibility,Intersection Characteristics,Lighting Conditions,Traffic Regulation and Priority,Direction of Road,Subtype of Accident,Subtype of Road Section,Subzone within Area,Road Surface Conditions,Type of Road,Road Ownership,Wind Conditions,Day of the Week Grouping,Hour of Day,Time of Day Grouping,Type of Accident,Day Type,Day,Month
9742,2012,1,2012-05-08,SE,VESPELLA,Tarragones,0,0,1,0,1,0,0,0,0,0,1,0,0,20.0,0.0,0,-1,Sense Especificar,-1.0,3,3,1,0,0,0,0,0,0,0,0,0,0,0,4,-1,-1,Xoc contra objecte/obstacle sense sortida prèvia de via,-1,2,2,5,4,2,1,9.5,0,4,1,8,5
9743,2012,1,2012-01-03,SE,TERRASSA,Valles Occidental,3,0,1,0,2,1,0,0,0,1,0,0,0,100.0,0.0,0,-1,No n'hi ha,-1.0,3,3,1,0,0,0,0,0,0,0,0,0,0,0,4,-1,-1,Atropellament,-1,2,2,5,-1,2,1,10.0,0,3,1,3,1
9744,2012,1,2012-05-09,SE,SANT ADRIA DE BESOS,Barcelones,3,0,1,0,1,0,0,0,0,1,0,0,0,100.0,0.0,0,2,No n'hi ha,-1.0,3,3,1,0,0,0,0,0,0,0,0,0,0,0,5,-1,1,Xoc contra objecte/obstacle sense sortida prèvia de via,-1,2,2,5,-1,2,1,1.0,2,4,2,9,5
9745,2012,1,2012-01-20,SE,BARCELONA,Barcelones,3,0,1,0,2,0,0,0,1,1,0,0,0,100.0,0.0,0,-1,Altres,-1.0,3,3,1,0,0,0,0,0,0,0,0,0,0,1,4,3,0,Envestida (frontal lateral),2,2,2,5,-1,2,1,14.35,1,2,4,20,1
9746,2012,0,2012-05-12,GIV-5201,VILADRAU,Osona,1,0,1,0,1,0,0,0,1,0,0,0,0,90.0,0.0,0,-1,Sense Especificar,-1.0,3,3,1,0,0,0,0,0,0,0,0,0,0,0,4,-1,-1,Resta sortides de via,-1,1,2,4,4,2,0,14.02,1,1,5,12,5
9747,2012,0,2012-06-24,C-26,BALAGUER,Noguera,2,0,1,1,1,0,0,0,0,1,0,0,0,100.0,0.0,0,3,No n'hi ha,-1.0,3,3,1,0,1,0,0,0,0,0,0,0,0,0,4,-1,1,Sortida de via amb xoc o col·lisió,-1,1,2,4,2,2,0,17.39,1,1,6,24,6
9748,2012,0,2012-04-29,AL,SABADELL,Valles Occidental,3,0,1,0,3,0,0,0,1,2,0,0,0,100.0,0.0,0,1,No n'hi ha,-1.0,3,2,1,0,0,0,0,1,0,0,1,0,0,0,4,-1,1,Xoc contra objecte/obstacle sense sortida prèvia de via,-1,1,2,4,2,1,0,14.47,1,4,6,29,4
9749,2012,1,2012-07-30,SE,PREMIA DE MAR,Maresme,3,0,1,3,2,0,0,0,0,2,0,0,0,30.0,0.0,0,-1,No n'hi ha,-1.0,3,3,1,-1,0,0,0,-1,0,0,0,0,0,1,4,4,0,Envestida (frontal lateral),2,2,2,5,-1,2,1,19.29,1,2,0,30,7
9750,2012,1,2012-07-24,SE,ROSES,Alt Emporda,1,0,1,0,1,0,0,0,1,0,0,0,0,30.0,0.0,0,-1,No n'hi ha,-1.0,3,3,1,-1,0,0,0,-1,0,0,0,0,0,0,4,-1,1,Caiguda en la via,-1,2,2,5,-1,2,1,20.3,1,0,1,24,7
9751,2012,0,2012-07-01,C-55,MONISTROL DE MONTSER,Bages,3,0,1,4,2,0,0,0,0,2,0,0,0,80.0,0.0,0,2,No n'hi ha,-1.0,1,3,1,0,0,0,1,0,0,0,0,0,0,0,2,-1,1,Envestida (frontal lateral),-1,1,0,4,2,2,0,17.37,1,2,6,1,7
9752,2012,1,2012-04-14,SE,MATARO,Maresme,3,0,1,0,2,0,0,1,0,1,0,0,0,20.0,0.0,0,2,No n'hi ha,-1.0,3,3,1,0,0,0,0,0,1,0,0,0,0,1,1,5,1,Col·lisió frontal,1,2,2,5,-1,2,0,18.3,1,2,5,14,4
9753,2012,1,2012-04-03,SE,BARCELONA,Barcelones,3,0,1,0,2,0,0,0,1,1,0,0,0,100.0,0.0,0,-1,No n'hi ha,-1.0,2,3,1,0,0,0,1,0,0,0,0,0,1,1,4,2,1,Col·lisió frontal,2,2,0,5,-1,2,1,10.1,0,2,1,3,4
9754,2012,1,2012-09-19,SE,BADALONA,Barcelones,3,0,1,0,2,0,0,0,1,1,0,0,0,20.0,0.0,0,-1,No n'hi ha,-1.0,3,3,1,0,-1,0,0,0,0,0,0,0,0,1,5,3,-1,Envestida (frontal lateral),2,2,2,5,-1,2,1,6.19,0,2,2,19,9
9755,2012,1,2012-08-03,SE,BARCELONA,Barcelones,3,0,1,0,2,0,0,0,1,1,0,0,0,100.0,0.0,0,-1,No n'hi ha,-1.0,3,3,1,0,0,0,0,0,0,0,0,0,0,1,5,2,0,Fregament o col·lisió lateral,2,2,2,5,-1,2,0,22.05,2,2,4,3,8
9756,2012,1,2012-03-02,SE,LLEIDA,Segria,2,0,1,0,3,0,0,1,0,2,0,0,0,100.0,0.0,0,1,No n'hi ha,-1.0,3,3,1,0,0,0,0,0,0,0,0,0,0,0,4,-1,1,Altres,-1,2,2,5,-1,2,1,12.05,0,5,4,2,3
9757,2012,1,2012-04-28,SE,BARCELONA,Barcelones,3,0,1,2,2,0,0,0,0,2,0,0,0,100.0,0.0,0,-1,No n'hi ha,-1.0,3,3,1,0,0,0,0,0,0,0,0,0,0,0,4,-1,1,Encalç,-1,2,2,5,-1,2,0,7.4,0,2,5,28,4
9758,2012,1,2012-10-06,SE,BARCELONA,Barcelones,3,0,1,1,2,0,0,0,1,1,0,0,0,100.0,0.0,0,-1,No n'hi ha,-1.0,3,3,1,0,0,0,0,0,0,0,0,0,0,1,4,3,0,Envestida (frontal lateral),2,2,2,5,-1,2,0,16.0,1,2,5,6,10
9759,2012,0,2012-11-27,BP-2121,TORRELLES DE FOIX,Alt Penedes,3,0,1,0,1,0,0,0,0,1,0,0,0,100.0,0.0,0,0,No n'hi ha,-1.0,1,3,1,0,0,0,0,0,0,0,0,0,0,0,2,-1,1,Xoc contra objecte/obstacle sense sortida prèvia de via,-1,1,2,4,3,1,1,13.06,0,4,1,27,11
9760,2012,1,2012-11-06,SE,OLOT,Garrotxa,1,0,1,0,2,1,0,0,0,1,0,0,0,100.0,0.0,0,2,No n'hi ha,-1.0,1,1,1,0,0,0,0,0,0,0,0,0,0,0,0,-1,1,Atropellament,-1,0,0,5,-1,2,1,19.51,1,3,1,6,11
9761,2012,1,2012-08-08,SE,HOSPITALET DE LLOBREGAT,Barcelones,3,0,1,0,1,0,0,1,0,0,0,0,0,20.0,0.0,0,-1,No n'hi ha,-1.0,3,3,1,0,0,0,0,0,0,0,0,0,0,1,4,5,0,Xoc contra objecte/obstacle sense sortida prèvia de via,3,2,2,5,-1,2,1,19.11,1,4,2,8,8
9762,2012,1,2012-10-29,SE,"PRAT DE LLOBREGAT, E",Baix Llobregat,3,1,0,0,1,0,0,1,0,0,0,0,0,100.0,0.0,0,-1,No n'hi ha,-1.0,3,3,0,0,0,0,0,0,0,0,0,0,0,1,0,4,-1,Caiguda en la via,0,2,2,5,-1,2,1,5.27,2,0,0,29,10
9763,2012,0,2012-10-06,GIV-6043,PERALADA,Alt Emporda,1,0,1,0,1,0,0,0,0,1,0,0,0,100.0,0.0,0,2,No n'hi ha,-1.0,3,3,1,0,0,0,0,0,0,0,0,0,0,0,4,-1,1,Sortida de via amb xoc o col·lisió,-1,1,2,4,0,2,0,9.57,0,1,5,6,10
9764,2012,0,2012-05-11,AP-7,MOLLET DEL VALLES,Valles Oriental,3,0,1,0,1,0,0,0,1,0,0,0,0,100.0,0.0,0,3,No n'hi ha,-1.0,3,3,1,0,0,0,0,0,0,0,0,0,0,0,4,-1,1,Resta sortides de via,-1,1,2,4,1,2,1,11.0,0,1,4,11,5
9765,2012,0,2012-01-03,B-140,BARBERA DEL VALLES,Valles Occidental,3,0,1,0,2,0,1,0,0,1,0,0,0,60.0,0.0,0,2,No n'hi ha,-1.0,3,3,1,0,0,0,0,0,0,0,0,0,0,1,4,4,1,Envestida (frontal lateral),1,1,2,4,2,2,1,12.16,0,2,1,3,1
9766,2012,0,2012-07-31,C-31,HOSPITALET DE LLOBREGAT,Barcelones,3,0,1,0,1,0,0,0,1,0,0,0,0,50.0,0.0,0,3,No n'hi ha,-1.0,3,3,1,0,0,0,0,0,0,0,0,0,0,1,4,4,0,Caiguda en la via,3,1,2,4,2,2,1,10.15,0,0,1,31,7
9767,2012,0,2012-10-11,C-1415c,ARGENTONA,Maresme,3,0,2,1,2,0,0,0,0,2,0,0,0,60.0,0.0,0,3,Habilitació voral/carril addicional,-1.0,3,3,1,0,0,0,0,0,0,0,0,0,0,0,4,-1,1,Envestida (frontal lateral),-1,1,2,4,3,2,1,8.1,0,2,3,11,10
9768,2012,0,2012-05-03,B-23,ESPLUGUES DE LLOBREGAT,Baix Llobregat,3,0,1,0,1,0,0,0,1,0,0,0,0,30.0,0.0,0,2,No n'hi ha,0.0,3,3,1,0,0,0,0,0,0,0,0,0,0,2,5,2,0,Xoc contra objecte/obstacle sense sortida prèvia de via,3,1,2,4,3,2,1,23.35,2,4,3,3,5
9769,2012,0,2012-12-02,TP-2402,"BISBAL DEL PENEDES, LA",Baix Penedes,0,0,1,3,1,0,0,0,0,1,0,0,0,100.0,0.0,0,0,No n'hi ha,-1.0,3,3,1,0,0,0,0,0,0,0,0,0,0,0,3,-1,1,Sortida de via amb bolcada,-1,1,2,4,3,2,0,18.28,1,1,6,2,12
9770,2012,1,2012-01-25,SE,VIC,Osona,3,0,1,0,2,1,0,0,0,1,0,0,0,100.0,0.0,0,2,No n'hi ha,-1.0,3,3,1,0,0,0,0,0,0,0,0,0,0,0,4,-1,0,Atropellament,-1,2,2,5,-1,2,1,16.45,1,3,2,25,1
9771,2012,0,2012-08-24,B-20,BADALONA,Barcelones,3,0,1,3,2,0,0,0,0,2,0,0,0,100.0,0.0,0,2,No n'hi ha,-1.0,3,0,1,0,0,0,0,0,0,0,0,0,0,0,4,-1,1,Encalç,-1,1,2,4,1,2,1,12.35,0,2,4,24,8
9772,2012,1,2012-09-28,SE,TERRASSA,Valles Occidental,3,0,1,0,1,0,0,0,1,0,0,0,0,100.0,0.0,0,-1,No n'hi ha,-1.0,3,3,1,0,0,0,0,0,0,0,0,0,0,0,4,-1,-1,Caiguda en la via,-1,2,2,5,-1,2,1,8.0,0,0,4,28,9
9773,2012,0,2012-03-20,C-66,"PERA, LA",Baix Emporda,1,0,1,0,1,0,0,0,0,0,1,0,0,100.0,0.0,0,2,No n'hi ha,-1.0,3,3,1,0,0,0,0,0,0,0,0,0,0,0,4,-1,1,Sortida de via amb xoc o col·lisió,-1,1,2,4,2,2,1,7.24,0,1,1,20,3
9774,2012,0,2012-06-07,N-260,ALP,Cerdanya,1,0,1,0,1,0,0,0,1,0,0,0,0,100.0,0.0,0,1,No n'hi ha,-1.0,3,3,1,0,0,0,0,0,0,0,0,0,0,0,4,-1,1,Resta sortides de via,-1,1,2,4,1,2,1,13.05,0,1,3,7,6
9775,2012,1,2012-06-21,SE,SANT CUGAT DEL VALLES,Valles Occidental,3,0,1,0,2,0,0,0,1,1,0,0,0,100.0,0.0,0,2,No n'hi ha,-1.0,3,3,1,0,0,0,0,0,0,0,0,0,0,2,4,5,1,Encalç,0,2,2,5,-1,2,1,18.58,1,2,3,21,6
9776,2012,0,2012-04-15,T-11,TARRAGONA,Tarragones,0,0,1,0,2,1,0,0,0,1,0,0,0,40.0,0.0,0,2,No n'hi ha,0.0,3,3,1,0,0,0,0,0,0,0,0,0,0,1,4,4,1,Atropellament,0,1,2,4,1,2,0,12.45,0,3,6,15,4
9777,2012,1,2012-03-27,SE,BARCELONA,Barcelones,3,0,1,0,2,0,0,0,1,1,0,0,0,100.0,0.0,0,-1,No n'hi ha,-1.0,3,3,1,0,0,1,0,0,0,0,0,0,0,1,4,2,0,Envestida (frontal lateral),2,2,2,5,-1,2,1,18.35,1,2,1,27,3
9778,2012,1,2012-09-06,SE,"MASNOU, EL",Maresme,3,0,2,0,1,0,0,0,0,1,0,0,0,20.0,0.0,0,-1,No n'hi ha,-1.0,3,3,1,0,-1,0,0,0,0,0,0,0,0,0,4,-1,-1,Xoc contra objecte/obstacle sense sortida prèvia de via,-1,2,2,5,-1,2,1,12.3,0,4,3,6,9
9779,2012,1,2012-07-01,SE,CUBELLES,Garraf,3,0,1,0,1,0,0,0,0,1,0,0,0,20.0,0.0,0,-1,No n'hi ha,-1.0,3,3,1,-1,-1,0,0,-1,0,0,0,0,0,0,4,-1,-1,Caiguda en la via,-1,2,2,5,-1,2,0,12.28,0,0,6,1,7
9780,2012,1,2012-10-30,SE,SITGES,Garraf,3,0,1,0,2,1,0,0,1,0,0,0,0,100.0,0.0,0,2,No n'hi ha,-1.0,2,3,1,0,0,0,1,0,1,0,0,0,0,0,5,-1,1,Atropellament,-1,2,2,5,0,1,1,19.21,1,3,1,30,10
9781,2012,0,2012-08-19,A-2,LLEIDA,Segria,2,0,1,0,2,0,0,0,1,1,0,0,0,100.0,0.0,0,1,No n'hi ha,-1.0,3,3,1,0,0,0,0,0,0,0,0,0,0,0,4,-1,1,Envestida (frontal lateral),-1,1,2,4,1,2,0,19.42,1,2,6,19,8
9782,2012,1,2012-05-13,SE,MANLLEU,Osona,3,0,1,4,2,0,0,1,0,1,0,0,0,20.0,0.0,0,2,No n'hi ha,-1.0,1,3,1,0,0,0,0,0,0,0,0,0,0,1,4,4,0,Envestida (frontal lateral),2,2,0,5,-1,2,0,17.2,1,2,6,13,5
9783,2012,0,2012-06-21,BP-1503,SANT CUGAT DEL VALLES,Valles Occidental,3,0,1,0,2,0,0,0,1,1,0,0,0,50.0,0.0,0,2,No n'hi ha,-1.0,3,3,1,0,0,0,0,0,0,0,0,0,0,1,4,4,0,Envestida (frontal lateral),1,1,2,4,3,2,1,15.05,1,2,3,21,6
9784,2012,1,2012-08-13,SE,BARCELONA,Barcelones,3,0,1,0,2,1,0,0,0,1,0,0,0,100.0,0.0,0,-1,No n'hi ha,-1.0,3,3,1,0,0,0,0,0,0,0,0,0,0,1,4,3,1,Atropellament,2,2,2,5,-1,2,1,18.1,1,3,0,13,8
9785,2012,0,2012-09-26,C-15,MEDIONA,Alt Penedes,3,0,1,0,2,0,0,0,0,0,2,0,0,90.0,0.0,0,2,Carril avançament,-1.0,3,3,1,0,0,0,0,0,0,0,0,0,0,0,4,-1,1,Encalç,-1,1,2,4,2,2,1,14.39,1,2,2,26,9
9786,2012,0,2012-12-13,AP-7,AIGUAVIVA,Girones,1,0,1,4,2,0,0,0,0,2,0,0,0,100.0,0.0,0,3,No n'hi ha,-1.0,3,3,1,0,0,0,0,0,0,0,0,0,0,0,0,-1,1,Fregament o col·lisió lateral,-1,1,2,4,1,2,1,2.38,2,2,3,13,12
9787,2012,0,2012-05-10,T-11,TARRAGONA,Tarragones,0,0,1,0,2,1,0,0,0,1,0,0,0,40.0,0.0,0,2,No n'hi ha,0.0,3,3,1,0,0,0,0,0,0,0,0,0,0,1,4,4,1,Atropellament,0,1,2,4,1,2,1,17.48,1,3,3,10,5
9788,2012,0,2012-11-25,C-66,TORRENT,Baix Emporda,1,0,3,1,2,0,0,0,0,2,0,0,0,80.0,0.0,0,1,No n'hi ha,-1.0,3,3,1,0,0,0,0,0,0,0,0,0,0,0,3,-1,1,Col·lisió frontal,-1,1,2,4,2,2,0,6.4,0,2,6,25,11
9789,2012,0,2012-04-25,B-212,CASTELLVI DE LA MARC,Alt Penedes,3,0,1,0,1,0,0,0,1,0,0,0,0,100.0,0.0,0,0,No n'hi ha,-1.0,3,3,1,0,0,0,0,0,0,0,0,0,0,0,4,-1,1,Caiguda en la via,-1,1,2,4,2,2,1,14.05,1,0,2,25,4
9790,2012,0,2012-09-24,C-59,CALDES DE MONTBUI,Valles Oriental,3,0,1,0,1,0,0,1,0,0,0,0,0,100.0,0.0,0,1,No n'hi ha,-1.0,3,3,1,0,0,0,0,0,0,0,0,0,1,0,3,-1,1,Sortida de via amb xoc o col·lisió,-1,1,2,4,2,2,1,3.52,2,1,0,24,9
9791,2012,1,2012-08-30,SE,VILASSAR DE MAR,Maresme,3,0,1,0,2,1,0,0,0,1,0,0,0,100.0,0.0,0,2,No n'hi ha,-1.0,3,3,1,0,0,0,0,0,0,0,0,0,0,0,4,-1,0,Atropellament,-1,2,2,5,-1,2,1,10.15,0,3,3,30,8
9792,2012,0,2012-12-05,C-250,QUART,Girones,1,0,1,0,1,0,0,0,1,0,0,0,0,40.0,0.0,0,1,No n'hi ha,-1.0,3,3,1,0,0,0,0,0,0,0,0,0,0,2,5,4,1,Caiguda en la via,0,1,2,4,2,2,1,20.28,1,0,2,5,12
9793,2012,0,2012-05-15,GI-543,VILADRAU,Osona,1,0,1,0,1,0,0,0,1,0,0,0,0,90.0,0.0,0,-1,Sense Especificar,-1.0,3,3,1,0,0,0,0,0,0,0,0,0,0,0,4,-1,-1,Resta sortides de via,-1,1,2,4,4,2,1,18.52,1,1,1,15,5
9794,2012,1,2012-11-07,SE,GRANOLLERS,Valles Oriental,3,0,1,0,2,0,0,0,1,1,0,0,0,100.0,0.0,0,2,No n'hi ha,-1.0,3,3,1,0,0,0,0,0,0,0,0,0,0,0,4,-1,1,Envestida (frontal lateral),-1,2,2,5,-1,2,1,12.5,0,2,2,7,11
9795,2012,0,2012-01-03,C-245,CORNELLA DE LLOBREGAT,Baix Llobregat,3,0,1,0,2,0,1,0,0,1,0,0,0,100.0,0.0,0,2,No n'hi ha,-1.0,3,3,1,0,0,0,0,0,0,0,0,0,0,0,4,-1,0,Caiguda en la via,-1,1,2,4,2,2,1,12.39,0,0,1,3,1
9796,2012,1,2012-11-30,SE,ARGENTONA,Maresme,3,1,0,1,2,0,0,0,0,1,1,0,0,40.0,0.0,0,2,No n'hi ha,0.0,3,0,0,0,0,0,0,0,1,1,0,0,0,0,4,-1,1,Envestida (frontal lateral),-1,2,2,5,3,2,1,9.08,0,2,4,30,11
9797,2012,0,2012-08-25,N-340,"AMPOLLA, L'",Baix Ebre,0,0,1,1,2,0,0,0,1,1,0,0,0,100.0,0.0,0,2,No n'hi ha,-1.0,3,3,1,0,0,0,0,0,0,0,0,0,0,1,4,4,1,Envestida (frontal lateral),2,1,2,4,1,2,0,13.05,0,2,5,25,8
9798,2012,1,2012-08-21,SE,ROSES,Alt Emporda,1,0,1,0,2,1,0,1,0,0,0,0,0,20.0,0.0,0,-1,No n'hi ha,-1.0,3,3,1,-1,0,0,0,-1,0,0,0,0,0,0,4,-1,1,Atropellament,-1,2,2,5,-1,2,1,17.43,1,3,1,21,8
9799,2012,0,2012-11-01,C-35,MASSANES,Selva,1,0,1,0,1,0,0,0,1,0,0,0,0,40.0,0.0,0,2,No n'hi ha,-1.0,3,3,1,0,0,0,0,0,0,0,0,0,0,2,4,4,1,Caiguda en la via,0,1,2,4,2,2,1,10.38,0,0,3,1,11
9800,2012,0,2012-06-14,AP-7,SUBIRATS,Alt Penedes,3,0,1,0,1,0,0,0,0,1,0,0,0,100.0,0.0,0,1,No n'hi ha,-1.0,3,3,1,0,0,0,0,0,0,0,0,0,0,0,3,-1,0,Xoc contra objecte/obstacle sense sortida prèvia de via,-1,1,2,4,1,2,1,3.08,2,4,3,14,6
9801,2012,1,2012-04-12,SE,LLORET DE MAR,Selva,1,0,1,0,1,0,1,0,0,0,0,0,0,100.0,0.0,0,1,No n'hi ha,-1.0,4,3,1,0,0,0,0,0,0,0,0,0,0,0,1,-1,1,Resta sortides de via,-1,2,2,5,-1,2,1,19.45,1,1,3,12,4
9802,2012,1,2012-02-17,SE,ESPARREGUERA,Baix Llobregat,3,1,0,5,1,0,0,0,0,1,0,0,0,20.0,0.0,0,0,No n'hi ha,-1.0,3,3,0,-1,0,0,0,-1,0,0,0,0,0,0,0,-1,0,Caiguda en la via,-1,2,2,5,-1,2,1,5.15,2,0,4,17,2
9803,2012,0,2012-11-12,C-55,CASTELLBELL I EL VIL,Bages,3,2,0,0,2,0,0,0,0,1,1,0,0,60.0,0.0,0,1,No n'hi ha,-1.0,3,3,0,0,0,0,0,0,0,0,0,0,0,0,2,-1,1,Col·lisió frontal,-1,1,2,4,2,2,1,15.29,1,2,0,12,11
9804,2012,1,2012-02-23,SE,BARCELONA,Barcelones,3,0,1,0,2,1,0,0,0,0,1,0,0,100.0,0.0,0,-1,Carril bus,-1.0,3,3,1,0,0,0,0,0,0,0,0,0,0,1,5,3,1,Atropellament,2,2,2,5,-1,2,1,6.2,0,3,3,23,2
9805,2012,0,2012-07-26,LV-2001,TORREGROSSA,Pla d'Urgell,2,0,1,0,2,0,0,0,1,1,0,0,0,40.0,0.0,0,2,No n'hi ha,-1.0,3,3,1,0,0,0,0,0,0,0,0,0,0,1,4,4,1,Envestida (frontal lateral),0,1,2,4,3,2,1,15.37,1,2,3,26,7
9806,2012,0,2012-10-11,C-14,BASSELLA,Alt Urgell,2,0,1,0,1,0,0,0,1,0,0,0,0,80.0,0.0,0,3,No n'hi ha,-1.0,3,3,1,0,0,0,0,0,0,0,0,0,0,0,4,-1,1,Resta sortides de via,-1,1,2,4,2,2,1,12.56,0,1,3,11,10
9807,2012,1,2012-06-26,SE,BARCELONA,Barcelones,3,0,1,0,2,1,0,0,0,1,0,0,0,100.0,0.0,0,-1,No n'hi ha,-1.0,3,3,1,0,0,0,0,0,0,0,0,0,1,0,4,-1,0,Atropellament,-1,2,2,5,-1,2,1,21.1,1,3,1,26,6
9808,2012,1,2012-06-10,SE,BARCELONA,Barcelones,3,0,2,0,2,1,0,0,1,0,0,0,0,100.0,0.0,0,-1,No n'hi ha,-1.0,3,3,1,0,0,0,0,0,0,0,0,0,0,1,4,3,1,Atropellament,2,2,2,5,-1,2,0,14.45,1,3,6,10,6
9809,2012,1,2012-12-29,SE,BARCELONA,Barcelones,3,0,1,0,2,0,0,0,1,1,0,0,0,100.0,0.0,0,-1,No n'hi ha,-1.0,3,3,1,0,0,0,0,0,0,0,0,0,0,1,5,3,1,Fregament o col·lisió lateral,2,2,2,5,-1,2,0,21.21,1,2,5,29,12
9810,2012,1,2012-09-09,SE,MATARO,Maresme,3,0,1,1,1,0,0,0,0,1,0,0,0,20.0,0.0,0,-1,No n'hi ha,-1.0,3,3,1,0,0,0,0,0,0,0,0,0,0,1,4,4,1,Xoc contra objecte/obstacle sense sortida prèvia de via,0,2,2,5,-1,2,0,11.45,0,4,6,9,9
9811,2012,0,2012-05-10,N-240,MONTBLANC,Conca de Barbera,0,0,1,0,1,0,0,0,1,0,0,0,0,90.0,0.0,0,-1,Sense Especificar,-1.0,3,3,1,0,0,0,0,0,0,0,0,0,0,0,4,-1,-1,Altres,-1,1,2,4,4,2,1,16.3,1,5,3,10,5
9812,2012,0,2012-12-14,N-260,LLANCA,Alt Emporda,1,0,1,0,1,0,0,0,1,0,0,0,0,90.0,0.0,0,-1,Sense Especificar,-1.0,3,3,1,0,0,0,0,0,0,0,0,0,0,0,4,-1,-1,Resta sortides de via,-1,1,2,4,4,2,1,13.06,0,1,4,14,12
9813,2012,0,2012-12-28,BV-1229,SANT VICENC DE CASTELLERS,Bages,3,0,1,0,1,0,0,1,0,0,0,0,0,40.0,0.0,0,2,No n'hi ha,-1.0,3,3,1,0,0,0,0,0,0,0,0,0,0,2,5,4,1,Caiguda en la via,0,1,2,4,0,2,0,20.49,1,0,4,28,12
9814,2012,0,2012-03-21,GI-555,RIUDARENES,Selva,1,0,2,0,2,0,0,0,0,2,0,0,0,100.0,0.0,0,0,No n'hi ha,-1.0,2,3,1,0,0,0,1,0,0,0,0,0,0,0,2,-1,1,Fregament o col·lisió lateral,-1,1,0,4,2,2,1,13.2,0,2,2,21,3
9815,2012,1,2012-04-08,SE,BARCELONA,Barcelones,3,0,1,0,1,0,0,0,1,0,0,0,0,100.0,0.0,0,-1,No n'hi ha,-1.0,3,3,1,0,0,0,0,0,0,0,0,0,0,1,4,3,0,Xoc contra objecte/obstacle sense sortida prèvia de via,1,2,2,5,-1,2,0,6.45,0,4,6,8,4
9816,2012,0,2012-10-23,GIV-6612,CALONGE,Baix Emporda,1,0,1,0,1,0,0,0,0,1,0,0,0,100.0,0.0,0,1,No n'hi ha,-1.0,3,3,1,0,0,0,0,0,0,0,0,0,0,0,4,-1,1,Sortida de via amb bolcada,-1,1,2,4,3,2,1,16.2,1,1,1,23,10
9817,2012,1,2012-10-14,SE,SANT BOI DE LLOBREGAT,Baix Llobregat,3,0,1,0,1,0,0,0,0,0,1,0,0,100.0,0.0,0,-1,No n'hi ha,-1.0,3,3,1,0,0,0,0,0,0,0,0,0,0,0,4,-1,-1,Caiguda en la via,-1,2,2,5,-1,2,0,19.4,1,0,6,14,10
9818,2012,0,2012-02-18,C-35,SANT CELONI,Valles Oriental,3,1,0,0,2,1,0,0,0,1,0,0,0,100.0,0.0,0,-1,No n'hi ha,-1.0,3,3,0,0,0,0,0,0,0,0,0,0,0,0,4,-1,-1,Atropellament,-1,1,2,4,-1,2,0,19.05,1,3,5,18,2
9819,2012,1,2012-04-28,SE,BARCELONA,Barcelones,3,0,1,0,2,1,0,0,0,1,0,0,0,30.0,0.0,0,-1,No n'hi ha,-1.0,3,3,1,0,0,0,0,0,0,0,0,0,0,1,4,2,0,Atropellament,1,2,2,5,-1,2,0,17.55,1,3,5,28,4
9820,2012,0,2012-09-29,N-260,COLERA,Alt Emporda,1,0,2,1,2,0,0,0,0,2,0,0,0,40.0,0.0,0,1,No n'hi ha,-1.0,1,3,1,0,0,0,1,0,0,0,0,0,0,0,4,-1,1,Col·lisió frontal,-1,1,2,4,1,2,0,12.2,0,2,5,29,9
9821,2012,1,2012-11-06,SE,TERRASSA,Valles Occidental,3,0,1,0,2,0,0,0,1,1,0,0,0,20.0,0.0,0,-1,No n'hi ha,-1.0,3,1,1,-1,0,0,0,-1,0,0,0,0,-1,1,4,5,1,Fregament o col·lisió lateral,1,0,2,5,-1,2,1,15.0,1,2,1,6,11
9822,2012,1,2012-01-11,SE,VIC,Osona,3,0,1,1,3,2,0,0,0,1,0,0,0,100.0,0.0,0,2,No n'hi ha,-1.0,3,3,1,0,0,0,0,0,0,0,0,0,0,0,5,-1,1,Atropellament,-1,2,2,5,0,2,1,19.3,1,3,2,11,1
9823,2012,0,2012-05-27,N-260,RIBERA D'URGELLET,Alt Urgell,2,0,1,0,1,0,0,0,1,0,0,0,0,70.0,0.0,0,0,No n'hi ha,-1.0,3,3,1,0,0,0,0,0,0,0,0,0,1,0,4,-1,1,Caiguda en la via,-1,1,2,4,1,2,0,14.4,1,0,6,27,5
9824,2012,0,2012-10-22,B-224,SANT ESTEVE SESROVIRES,Baix Llobregat,3,0,1,1,2,0,0,0,0,2,0,0,0,60.0,0.0,0,1,No n'hi ha,-1.0,1,3,1,0,0,0,0,0,0,0,0,0,0,0,2,-1,1,Col·lisió frontal,-1,1,2,4,2,2,1,15.45,1,2,0,22,10