,Year,Area,Date,Road,Municipality Name,County Name,Province Name,Fatalties,Serious Injuries,Light Injuries,Units Involved,Pedestrains Involved,Bicycles Involved,Mopeds Involved,Motorcycles,Light Vehicles Involved,Heavy Vehicles Involved,Other Units Involved,Unspecified Units Involved,Road Speed Limit,Accident with Hit and Run,Fog Presence,Surrounding Environment,Special Lane Presence,Special Traffic Measures,Weather Conditions,Special Road Functions,Severity of Accident,Influence of Fog,Influence of Environment,Influence of Traffic,Influence of Weather,Influence of Wind Intensity,Influence of Lighting,Influence of Special Measures,Influence of Road Objects,Influence of Road Surface,Influence of Visibility,Intersection Characteristics,Lighting Conditions,Traffic Regulation and Priority,Direction of Road,Subtype of Accident,Subtype of Road Section,Subzone within Area,Road Surface Conditions,Type of Road,Road Ownership,Wind Conditions,Day of the Week Grouping,Hour of Day,Time of Day Grouping,Type of Accident,Day Type,Day,Month
9993,2013,0,2013-06-22,BV-1224,PONT DE VILOMARA I R,Bages,3,0,1,0,1,0,0,0,1,0,0,0,0,40.0,0.0,0,1,No n'hi ha,-1.0,3,3,1,0,0,0,0,0,0,0,0,0,0,0,4,-1,1,Caiguda en la via,-1,1,2,3,0,2,0,18.39,1,0,5,22,6
9994,2013,0,2013-05-02,AP-7,"AMETLLA DE MAR, L'",Baix Ebre,0,0,1,0,1,0,0,0,0,1,0,0,0,100.0,0.0,0,3,No n'hi ha,-1.0,3,3,1,0,0,0,0,0,0,0,0,0,0,0,4,-1,0,Resta sortides de via,-1,1,2,2,4,2,1,14.58,1,1,3,2,5
9995,2013,1,2013-04-30,SE,MOLLET DEL VALLES,Valles Oriental,3,0,1,1,2,0,0,0,1,1,0,0,0,100.0,0.0,0,2,No n'hi ha,-1.0,3,3,1,0,0,0,0,0,0,0,0,0,0,1,4,4,1,Envestida (frontal lateral),1,2,2,5,-1,2,1,11.3,0,2,1,30,4
9996,2013,1,2013-01-18,SE,SANTA MARIA DE CORCO,Osona,3,0,1,0,1,0,1,0,0,0,0,0,0,20.0,0.0,0,-1,Sense Especificar,-1.0,3,3,1,0,0,0,0,0,0,0,0,0,0,0,4,-1,-1,Xoc contra objecte/obstacle sense sortida prèvia de via,-1,2,2,5,4,2,1,10.21,0,4,4,18,1
9997,2013,0,2013-02-15,C-12B,ASCO,Ribera d'Ebre,0,0,1,0,1,0,0,0,0,1,0,0,0,100.0,0.0,0,3,No n'hi ha,-1.0,3,3,1,0,0,0,0,0,0,0,0,0,0,0,4,-1,1,Resta sortides de via,-1,1,2,4,2,2,1,13.22,0,1,4,15,2
9998,2013,1,2013-05-09,SE,"VENDRELL, EL",Baix Penedes,0,0,1,3,2,0,0,0,0,2,0,0,0,40.0,0.0,0,-1,No n'hi ha,-1.0,1,3,1,-1,0,0,0,-1,0,0,0,0,0,0,2,-1,1,Col·lisió frontal,-1,2,0,5,-1,2,1,10.08,0,2,3,9,5
9999,2013,1,2013-05-08,SE,MATARO,Maresme,3,0,1,0,2,1,0,0,1,0,0,0,0,20.0,0.0,0,-1,No n'hi ha,-1.0,3,3,1,0,0,0,0,0,0,0,0,0,0,1,4,3,-1,Atropellament,1,2,2,5,-1,2,1,7.35,0,3,2,8,5
10000,2013,1,2013-05-07,SE,AMPOSTA,Montsia,0,0,1,0,2,1,0,0,0,1,0,0,0,100.0,0.0,0,2,No n'hi ha,-1.0,3,3,1,0,0,0,0,0,0,0,0,0,0,0,4,-1,1,Atropellament,-1,2,2,5,-1,2,1,14.55,1,3,1,7,5
10001,2013,0,2013-04-04,C-28,NAUT ARAN,Val d'Aran,2,0,1,1,1,0,0,0,0,1,0,0,0,70.0,0.0,0,1,No n'hi ha,-1.0,1,3,1,0,0,0,0,0,0,0,0,0,0,0,3,-1,1,Resta sortides de via,-1,1,2,4,2,2,1,5.55,2,1,3,4,4
10002,2013,0,2013-04-04,B-211,SANT PERE DE RIBES,Garraf,3,0,1,5,2,0,0,0,0,1,1,0,0,30.0,0.0,0,2,No n'hi ha,-1.0,3,3,1,0,0,0,0,0,0,0,0,0,0,0,4,-1,1,Col·lisió frontal,-1,1,2,4,0,2,1,15.25,1,2,3,4,4
10003,2013,0,2013-05-04,N-IIa,SANT ANFREU DE LA BARCA,Baix Llobregat,3,0,1,0,2,1,0,0,0,1,0,0,0,50.0,0.0,0,2,No n'hi ha,-1.0,3,3,1,-1,0,0,0,-1,0,0,0,0,-1,0,4,-1,1,Atropellament,-1,1,2,4,1,2,0,12.03,0,3,5,4,5
10004,2013,1,2013-03-25,SE,CORBERA DE LLOBREGAT,Baix Llobregat,3,0,1,0,2,1,0,0,0,1,0,0,0,30.0,,0,2,No n'hi ha,,1,3,1,0,0,0,0,0,0,0,0,0,1,0,5,-1,1,Atropellament,-1,2,0,5,0,2,1,21.5,1,3,0,25,3
10005,2013,1,2013-02-19,SE,TERRASSA,Valles Occidental,3,0,1,0,2,1,0,0,0,1,0,0,0,100.0,0.0,0,-1,No n'hi ha,-1.0,3,3,1,0,0,0,0,0,0,0,0,0,0,0,4,-1,-1,Atropellament,-1,2,2,5,-1,2,1,16.35,1,3,1,19,2
10006,2013,0,2013-08-16,B-24,PALLEJA,Baix Llobregat,3,1,0,0,1,0,0,0,0,1,0,0,0,50.0,0.0,0,3,No n'hi ha,-1.0,3,2,0,0,0,0,0,0,0,0,0,0,0,0,4,-1,0,Xoc contra objecte/obstacle sense sortida prèvia de via,-1,1,2,1,3,2,0,15.31,1,4,4,16,8
10007,2013,1,2013-10-05,SE,LLEIDA,Segria,2,0,1,0,2,0,0,0,1,1,0,0,0,20.0,0.0,0,-1,No n'hi ha,-1.0,3,3,1,-1,-1,0,0,-1,0,0,0,0,-1,0,4,-1,-1,Xoc contra objecte/obstacle sense sortida prèvia de via,-1,2,2,5,-1,2,0,15.45,1,4,5,5,10
10008,2013,0,2013-08-27,GI-555,RIUDARENES,Selva,1,0,1,0,2,0,0,0,1,0,1,0,0,100.0,0.0,0,1,No n'hi ha,-1.0,3,3,1,0,0,0,0,0,0,0,0,0,0,0,2,-1,1,Caiguda en la via,-1,1,2,4,3,2,1,16.15,1,0,1,27,8
10009,2013,1,2013-04-10,SE,VILADECANS,Baix Llobregat,3,0,2,0,3,2,0,0,0,1,0,0,0,20.0,0.0,0,-1,No n'hi ha,-1.0,3,3,1,-1,0,0,0,-1,0,0,0,0,-1,0,4,-1,1,Atropellament,-1,2,2,5,-1,2,1,8.27,0,3,2,10,4
10010,2013,0,2013-07-19,B-225,CASTELLBISBAL,Valles Occidental,3,0,1,0,2,0,0,0,1,1,0,0,0,100.0,0.0,0,1,No n'hi ha,0.0,3,3,1,0,0,0,0,0,0,0,0,0,0,0,4,-1,1,Envestida (frontal lateral),-1,1,2,4,2,2,1,14.24,1,2,4,19,7
10011,2013,1,2013-07-31,SE,BARCELONA,Barcelones,3,1,0,0,1,0,0,0,1,0,0,0,0,100.0,0.0,0,-1,Carril bici,-1.0,3,3,0,0,0,0,0,0,0,0,0,0,0,0,4,-1,0,Xoc contra objecte/obstacle sense sortida prèvia de via,-1,2,2,5,-1,2,1,16.52,1,4,2,31,7
10012,2013,0,2013-09-18,C-230a,ALBATARREC,Segria,2,0,1,3,2,0,0,0,0,2,0,0,0,100.0,0.0,0,2,No n'hi ha,-1.0,3,3,1,0,0,0,0,0,0,0,0,0,0,1,1,5,1,Fregament o col·lisió lateral,1,1,2,4,2,2,1,19.5,1,2,2,18,9
10013,2013,1,2013-10-08,SE,SABADELL,Valles Occidental,3,0,1,0,3,2,0,0,0,1,0,0,0,100.0,0.0,0,-1,No n'hi ha,-1.0,3,3,1,0,0,0,0,0,0,0,0,0,0,0,4,-1,-1,Atropellament,-1,2,2,5,-1,2,1,11.1,0,3,1,8,10
10014,2013,1,2013-12-20,SE,VIC,Osona,3,0,1,0,2,1,0,0,0,1,0,0,0,100.0,0.0,0,2,No n'hi ha,-1.0,3,3,1,0,0,0,0,0,0,0,0,0,0,0,4,-1,0,Atropellament,-1,2,2,5,-1,2,0,16.0,1,3,4,20,12
10015,2013,0,2013-11-26,C-17,MONTCADA I REIXAC,Valles Occidental,3,1,0,0,1,0,0,0,1,0,0,0,0,100.0,0.0,0,-1,No n'hi ha,-1.0,3,3,0,0,0,0,0,0,0,0,0,0,0,0,4,-1,-1,Altres,-1,1,2,1,-1,2,1,16.45,1,5,1,26,11
10016,2013,0,2013-12-08,TP-3311,"SENIA, LA",Montsia,0,0,1,0,1,0,0,0,1,0,0,0,0,40.0,0.0,0,2,No n'hi ha,-1.0,3,3,1,0,0,0,0,0,0,0,0,0,0,1,4,-1,1,Altres,0,1,2,4,2,2,0,11.52,0,5,6,8,12
10017,2013,1,2013-10-21,SE,BARCELONA,Barcelones,3,0,1,0,2,1,0,0,0,1,0,0,0,100.0,0.0,0,-1,No n'hi ha,-1.0,3,3,1,0,0,0,0,0,0,0,0,0,0,1,4,2,0,Atropellament,0,2,2,5,-1,2,1,17.0,1,3,0,21,10
10018,2013,0,2013-04-13,B-30,CERDANYOLA DEL VALLES,Valles Occidental,3,0,1,0,1,0,0,0,1,0,0,0,0,100.0,0.0,0,3,Carril acceleració,-1.0,3,3,1,0,0,0,0,0,0,0,0,0,0,0,4,-1,0,Resta sortides de via,-1,1,2,1,1,2,0,13.45,0,1,5,13,4
10019,2013,0,2013-06-16,C-63,RIUDARENES,Selva,1,0,1,0,1,0,0,0,0,1,0,0,0,100.0,0.0,0,3,No n'hi ha,-1.0,3,3,1,0,0,0,0,0,0,0,0,0,0,0,4,-1,1,Sortida de via amb xoc o col·lisió,-1,1,2,4,2,2,0,7.05,0,1,6,16,6
10020,2013,0,2013-06-02,BV-5301,MONTSENY,Valles Oriental,3,0,1,0,1,0,0,0,1,0,0,0,0,50.0,0.0,0,0,No n'hi ha,-1.0,3,3,1,0,0,0,0,0,0,0,0,0,0,0,4,-1,1,Resta sortides de via,-1,1,2,4,3,2,0,13.45,0,1,6,2,6
10021,2013,0,2013-06-17,AP-7,FREGINALS,Montsia,0,0,1,0,1,0,0,0,0,0,1,0,0,100.0,0.0,0,2,No n'hi ha,-1.0,3,3,1,0,0,0,0,0,0,0,0,0,0,0,4,-1,1,Altres,-1,1,2,2,1,2,1,12.18,0,5,0,17,6
10022,2013,1,2013-04-05,SE,HOSPITALET DE LLOBREGAT,Barcelones,3,1,0,0,2,1,0,0,0,0,1,0,0,20.0,0.0,0,1,Altres,-1.0,1,3,0,-1,0,0,0,-1,0,0,0,0,0,0,2,-1,0,Atropellament,-1,2,0,5,-1,2,1,11.37,0,3,4,5,4
10023,2013,0,2013-04-02,GIV-6024,SANT CLIMENT SESCEBES,Alt Emporda,1,0,1,0,2,1,0,0,0,0,0,1,0,100.0,0.0,0,2,No n'hi ha,-1.0,3,3,1,0,0,0,0,0,0,0,0,0,0,0,4,-1,1,Atropellament,-1,1,2,4,3,2,1,8.2,0,3,1,2,4
10024,2013,0,2013-04-25,N-340,"PERELLO, EL",Baix Ebre,0,2,1,2,3,0,0,0,0,2,1,0,0,100.0,0.0,0,1,No n'hi ha,-1.0,3,3,0,0,0,0,0,0,0,0,0,0,0,0,4,-1,1,Fregament o col·lisió lateral,-1,1,2,4,1,2,1,17.18,1,2,3,25,4
10025,2013,0,2013-03-13,T-11,TARRAGONA,Tarragones,0,0,1,0,1,0,0,0,0,1,0,0,0,40.0,0.0,0,0,No n'hi ha,-1.0,3,3,1,0,0,0,0,0,1,0,0,0,0,1,3,4,1,Xoc contra objecte/obstacle sense sortida prèvia de via,0,1,2,1,1,2,1,21.15,1,4,2,13,3
10026,2013,0,2013-03-05,C-58,VACARISSES,Valles Occidental,3,0,1,1,3,0,0,0,0,3,0,0,0,90.0,0.0,1,1,No n'hi ha,-1.0,1,3,1,0,0,0,0,0,0,0,0,0,0,0,2,-1,1,Col·lisió frontal,-1,1,2,4,2,1,1,14.15,1,2,1,5,3
10027,2013,1,2013-08-04,SE,HOSPITALET DE LLOBREGAT,Barcelones,3,0,1,1,2,0,0,1,0,1,0,0,0,20.0,0.0,0,2,No n'hi ha,-1.0,3,3,1,-1,0,0,0,-1,0,0,0,0,-1,1,4,4,0,Envestida (frontal lateral),2,2,2,5,-1,2,0,11.12,0,2,6,4,8
10028,2013,0,2013-10-20,AP-7,SILS,Selva,1,0,1,0,1,0,0,0,0,0,0,1,0,120.0,0.0,0,-1,Sense Especificar,-1.0,3,3,1,0,0,0,0,0,0,0,0,0,0,0,4,-1,-1,Resta sortides de via,-1,1,2,2,4,2,0,17.3,1,1,6,20,10
10029,2013,1,2013-12-19,SE,ARGENTONA,Maresme,3,0,1,3,2,0,0,0,0,2,0,0,0,100.0,0.0,0,-1,No n'hi ha,-1.0,3,3,1,0,0,0,0,0,0,0,0,0,0,0,4,-1,-1,Envestida (frontal lateral),-1,2,2,5,-1,2,1,17.0,1,2,3,19,12
10030,2013,0,2013-09-05,C-28,VIELHA E MIJARAN,Val d'Aran,2,0,1,0,2,1,0,0,0,0,0,1,0,50.0,0.0,0,1,No n'hi ha,-1.0,3,3,1,0,0,0,0,0,0,0,0,0,0,0,3,-1,1,Atropellament,-1,1,2,4,3,2,1,21.23,1,3,3,5,9
10031,2013,1,2013-08-07,SE,BARCELONA,Barcelones,3,1,0,0,2,0,0,0,1,0,1,0,0,100.0,0.0,0,-1,No n'hi ha,-1.0,3,3,0,0,0,0,0,0,0,0,0,0,1,0,4,-1,0,Envestida (frontal lateral),-1,2,2,5,-1,2,1,18.19,1,2,2,7,8
10032,2013,0,2013-12-17,BV-5001,MONTCADA I REIXAC,Valles Occidental,3,0,1,0,2,0,0,1,0,1,0,0,0,50.0,0.0,0,2,No n'hi ha,-1.0,3,3,1,0,0,0,0,0,0,0,0,0,1,1,3,2,1,Col·lisió frontal,1,1,2,4,2,2,1,21.0,1,2,1,17,12
10033,2013,1,2013-11-07,C-245,GAVA,Baix Llobregat,3,0,1,0,2,0,0,0,1,1,0,0,0,90.0,0.0,0,-1,No n'hi ha,-1.0,3,3,1,-1,0,0,0,-1,0,0,0,0,-1,1,5,5,1,Envestida (frontal lateral),2,0,2,4,-1,2,1,5.42,2,2,3,7,11
10034,2013,1,2013-10-06,SE,BARCELONA,Barcelones,3,0,1,0,2,1,0,0,1,0,0,0,0,100.0,0.0,0,-1,No n'hi ha,-1.0,3,3,1,0,0,0,0,0,0,0,0,0,1,0,4,-1,1,Atropellament,-1,2,2,5,-1,2,0,12.0,0,3,6,6,10
10035,2013,0,2013-09-14,N-141,BOSSOST,Val d'Aran,2,0,1,0,1,0,0,0,0,0,0,1,0,100.0,0.0,0,1,No n'hi ha,-1.0,3,3,1,0,0,0,0,0,0,0,0,0,0,0,4,-1,1,Resta sortides de via,-1,1,2,4,1,2,0,13.24,0,1,5,14,9
10036,2013,0,2013-12-31,L-303,OSSO DE SIO,Urgell,2,0,1,0,2,0,0,0,0,2,0,0,0,100.0,0.0,0,2,No n'hi ha,-1.0,3,3,1,0,0,0,0,0,0,0,1,0,0,0,4,-1,1,Xoc amb animal a la calçada,-1,1,2,4,2,2,1,12.54,0,4,1,31,12
10037,2013,0,2013-10-01,C-32,ESPLUGUES DE LLOBREGAT,Baix Llobregat,3,0,1,3,2,0,0,0,0,2,0,0,0,80.0,0.0,0,3,No n'hi ha,-1.0,3,0,1,0,0,0,0,0,0,0,0,0,0,0,4,-1,1,Encalç,-1,1,2,2,2,2,1,18.15,1,2,1,1,10
10038,2013,1,2013-01-17,SE,SABADELL,Valles Occidental,3,0,1,1,2,0,0,0,2,0,0,0,0,100.0,0.0,0,-1,No n'hi ha,-1.0,3,3,1,0,0,0,0,0,0,0,0,0,0,0,4,-1,-1,Envestida (frontal lateral),-1,2,2,5,-1,2,1,19.37,1,2,3,17,1
10039,2013,0,2013-01-09,C-58,MONTCADA I REIXAC,Valles Occidental,3,0,1,0,2,0,0,0,0,1,1,0,0,100.0,0.0,0,1,No n'hi ha,0.0,3,3,1,0,0,0,0,0,0,0,0,0,0,0,5,-1,1,Encalç,-1,1,2,1,2,2,1,22.23,2,2,2,9,1
10040,2013,0,2013-01-14,C-58,VACARISSES,Valles Occidental,3,1,0,1,2,0,0,0,0,1,1,0,0,90.0,0.0,0,1,No n'hi ha,-1.0,3,3,0,0,0,0,0,0,0,0,0,0,0,0,4,-1,1,Envestida (frontal lateral),-1,1,2,4,2,2,1,12.24,0,2,0,14,1
10041,2013,0,2013-02-03,GIV-5264,VILALLONGA DE TER,Ripolles,1,0,1,3,1,0,0,0,0,1,0,0,0,100.0,0.0,0,1,No n'hi ha,-1.0,3,3,1,0,0,0,0,0,0,0,0,0,0,0,3,-1,1,Resta sortides de via,-1,1,2,4,2,1,0,18.08,1,1,6,3,2
10042,2013,0,2013-01-09,C-65,SANT FELIU DE GUIXOLS,Baix Emporda,1,0,1,0,2,1,0,0,0,1,0,0,0,100.0,0.0,1,2,No n'hi ha,-1.0,3,3,1,0,0,0,0,0,0,0,0,0,0,0,3,-1,1,Atropellament,-1,1,2,4,2,2,1,1.16,2,3,2,9,1
10043,2013,1,2013-01-14,SE,LLEIDA,Segria,2,0,1,0,2,0,0,1,0,1,0,0,0,20.0,0.0,0,-1,No n'hi ha,1.0,3,3,1,-1,0,0,0,-1,0,0,0,0,0,0,4,-1,1,Fregament o col·lisió lateral,-1,2,2,5,-1,2,1,13.3,0,2,0,14,1
10044,2013,0,2013-04-23,C-31,PALS,Baix Emporda,1,1,1,3,3,0,0,0,0,3,0,0,0,90.0,0.0,0,-1,Sense Especificar,-1.0,3,3,0,0,0,0,0,0,0,0,0,0,0,0,4,-1,-1,Encalç,-1,1,2,4,4,2,1,17.48,1,2,1,23,4
10045,2013,0,2013-06-24,A-2,RIBERA D'ONDARA,Segarra,2,0,2,2,2,0,0,0,0,1,1,0,0,100.0,0.0,0,2,No n'hi ha,-1.0,3,3,1,0,0,0,0,0,0,0,0,0,0,0,4,-1,0,Encalç,-1,1,2,1,1,2,1,17.3,1,2,0,24,6
10046,2013,0,2013-06-26,C-15,VILANOVA I LA GELTRU,Garraf,3,1,0,0,1,0,0,0,1,0,0,0,0,90.0,0.0,0,2,No n'hi ha,-1.0,3,3,0,0,0,0,0,0,0,0,0,0,0,0,4,-1,1,Xoc contra objecte/obstacle sense sortida prèvia de via,-1,1,2,4,2,2,1,16.41,1,4,2,26,6
10047,2013,1,2013-06-21,SE,SABADELL,Valles Occidental,3,0,2,0,2,0,0,0,1,1,0,0,0,100.0,0.0,0,2,No n'hi ha,-1.0,1,3,1,0,0,0,1,0,0,0,0,0,0,2,2,-1,0,Envestida (frontal lateral),1,2,2,5,-1,2,0,18.17,1,2,4,21,6
10048,2013,1,2013-01-23,SE,SANT BOI DE LLOBREGAT,Baix Llobregat,3,0,1,0,1,0,0,1,0,0,0,0,0,100.0,0.0,0,-1,No n'hi ha,-1.0,3,3,1,0,0,0,0,0,0,0,0,0,0,0,4,-1,-1,Caiguda en la via,-1,2,2,5,-1,2,1,8.15,0,0,2,23,1
10049,2013,0,2013-04-29,C-58,BARCELONA,Barcelones,3,1,0,0,4,1,0,0,0,3,0,0,0,100.0,0.0,0,-1,No n'hi ha,-1.0,3,3,0,0,0,0,0,0,0,0,0,0,0,0,4,-1,-1,Atropellament,-1,1,2,1,-1,2,1,6.26,0,3,0,29,4
10050,2013,0,2013-01-26,C-26,CUBELLS,Noguera,2,0,2,2,3,0,0,0,0,3,0,0,0,100.0,0.0,0,1,No n'hi ha,-1.0,3,3,1,0,0,0,0,0,0,0,0,0,0,0,4,-1,1,Envestida (frontal lateral),-1,1,2,4,2,2,0,12.4,0,2,5,26,1
10051,2013,0,2013-04-13,A-2,SANT JOAN DESPI,Baix Llobregat,3,0,2,3,2,0,0,0,1,1,0,0,0,100.0,0.0,0,2,No n'hi ha,-1.0,3,3,1,0,0,0,0,0,0,0,0,0,0,1,4,-1,0,Encalç,3,1,2,1,1,2,0,18.5,1,2,5,13,4
10052,2013,1,2013-02-26,SE,CORNELLA DE LLOBREGAT,Baix Llobregat,3,0,1,0,2,1,0,0,0,0,1,0,0,20.0,0.0,0,2,No n'hi ha,-1.0,3,3,1,-1,0,0,0,-1,0,0,0,0,-1,0,4,-1,1,Atropellament,-1,2,2,5,-1,2,1,10.05,0,3,1,26,2
10053,2013,1,2013-03-27,SE,ESPARREGUERA,Baix Llobregat,3,0,1,0,1,0,0,0,1,0,0,0,0,30.0,,0,-1,No n'hi ha,-1.0,1,3,1,-1,0,0,0,-1,0,0,0,0,0,0,2,-1,1,Xoc contra objecte/obstacle sense sortida prèvia de via,-1,2,0,5,-1,2,1,11.3,0,4,2,27,3
10054,2013,0,2013-05-20,T-340,DELTEBRE,Baix Ebre,0,0,3,0,1,0,0,0,0,1,0,0,0,100.0,0.0,0,0,No n'hi ha,-1.0,3,3,1,0,0,0,0,0,0,0,0,0,0,0,4,-1,1,Resta sortides de via,-1,1,2,4,2,2,1,10.45,0,1,0,20,5
10055,2013,0,2013-07-05,BV-5128,SANT ISCLE DE VALLAL,Maresme,3,0,1,0,1,0,0,1,0,0,0,0,0,100.0,0.0,0,3,No n'hi ha,-1.0,3,3,1,0,0,0,0,0,0,0,0,0,0,0,3,-1,1,Altres,-1,1,2,4,3,2,1,4.45,2,5,4,5,7
10056,2013,0,2013-07-07,CR,TORRES DE SEGRE,Segria,2,1,0,0,1,0,0,0,0,1,0,0,0,100.0,0.0,0,1,No n'hi ha,-1.0,3,3,0,0,0,0,0,0,0,0,0,0,0,0,3,-1,1,Resta sortides de via,-1,1,0,3,0,2,0,9.53,0,1,6,7,7
10057,2013,1,2013-10-23,SE,TERRASSA,Valles Occidental,3,0,1,0,2,0,0,1,0,1,0,0,0,100.0,1.0,0,2,No n'hi ha,-1.0,3,3,1,0,0,0,0,0,0,0,0,0,0,0,4,-1,0,Envestida (frontal lateral),-1,2,2,5,-1,2,1,13.15,0,2,2,23,10
10058,2013,0,2013-10-05,N-141g,AGUILAR DE SEGARRA,Bages,3,0,1,0,1,0,1,0,0,0,0,0,0,90.0,0.0,0,-1,Sense Especificar,-1.0,3,3,1,0,0,0,0,0,0,0,0,0,0,0,4,-1,-1,Xoc contra objecte/obstacle sense sortida prèvia de via,-1,1,2,4,4,2,0,12.55,0,4,5,5,10
10059,2013,1,2013-01-21,SE,BARCELONA,Barcelones,3,0,1,3,3,0,0,0,1,2,0,0,0,100.0,0.0,0,-1,No n'hi ha,-1.0,3,3,1,0,0,0,0,0,0,0,0,0,0,1,5,3,1,Envestida (frontal lateral),2,2,2,5,-1,2,1,7.0,0,2,0,21,1
10060,2013,1,2013-05-04,SE,BANYOLES,Pla de l'Estany,1,0,1,0,1,0,0,0,1,0,0,0,0,20.0,0.0,0,1,Altres,,3,3,1,-1,0,0,0,-1,0,1,0,1,-1,0,4,-1,0,Caiguda en la via,-1,2,1,5,0,2,0,15.0,1,0,5,4,5
10061,2013,0,2013-07-24,AP-7,CASTELLET I LA GORNA,Alt Penedes,3,0,1,0,1,0,0,0,0,1,0,0,0,100.0,0.0,0,3,No n'hi ha,-1.0,3,3,1,0,0,0,0,0,0,0,1,0,0,0,4,-1,1,Xoc contra objecte/obstacle sense sortida prèvia de via,-1,1,2,2,1,2,1,20.11,1,4,2,24,7
10062,2013,1,2013-02-04,SE,BARCELONA,Barcelones,3,0,1,0,2,0,0,0,1,1,0,0,0,100.0,0.0,0,-1,No n'hi ha,-1.0,3,3,1,0,0,1,0,0,0,0,0,0,1,1,5,3,0,Envestida (frontal lateral),2,2,2,5,-1,2,1,19.05,1,2,0,4,2
10063,2013,1,2013-09-15,SE,BARCELONA,Barcelones,3,0,1,0,1,0,1,0,0,0,0,0,0,100.0,0.0,0,-1,No n'hi ha,-1.0,1,3,1,0,0,0,0,0,0,0,0,0,0,0,4,-1,1,Caiguda en la via,-1,2,0,5,-1,2,0,11.5,0,0,6,15,9
10064,2013,0,2013-08-09,B-23,SANT FELIU DE LLOBREGAT,Baix Llobregat,3,0,1,0,1,0,0,0,1,0,0,0,0,40.0,0.0,0,2,Carril d'alentiment,-1.0,3,3,1,0,0,0,0,0,0,0,0,0,0,2,4,2,1,Caiguda en la via,3,1,2,1,1,2,1,6.51,0,0,4,9,8
10065,2013,1,2013-08-30,SE,GIRONA,Girones,1,0,1,0,2,0,0,1,0,1,0,0,0,20.0,0.0,0,-1,No n'hi ha,-1.0,3,3,1,0,-1,0,0,0,0,0,0,0,0,1,4,4,-1,Encalç,0,2,2,5,-1,2,1,14.04,1,2,4,30,8
10066,2013,0,2013-12-21,C-33,MOLLET DEL VALLES,Valles Oriental,3,0,1,0,2,0,0,0,0,2,0,0,0,100.0,0.0,0,2,No n'hi ha,-1.0,3,3,1,0,0,0,0,0,0,0,0,0,0,0,4,-1,1,Encalç,-1,1,2,2,2,2,0,11.08,0,2,5,21,12
10067,2013,0,2013-11-17,B-682,MALGRAT DE MAR,Maresme,3,0,1,1,2,0,0,0,0,2,0,0,0,90.0,0.0,0,2,No n'hi ha,-1.0,2,3,1,0,0,0,1,0,0,0,0,0,0,0,2,-1,1,Col·lisió frontal,-1,1,2,4,4,1,0,10.48,0,2,6,17,11
10068,2013,1,2013-10-23,SE,BARCELONA,Barcelones,3,0,1,0,2,1,0,0,0,1,0,0,0,100.0,0.0,0,-1,No n'hi ha,-1.0,1,3,1,0,0,0,0,0,0,0,0,0,1,1,5,3,0,Atropellament,1,2,0,5,-1,2,1,6.45,0,3,2,23,10
10069,2013,0,2013-01-15,C-35,LLINARS DEL VALLES,Valles Oriental,3,0,2,1,2,0,0,0,0,1,1,0,0,100.0,0.0,0,2,No n'hi ha,-1.0,3,3,1,0,0,0,0,0,0,0,0,0,0,0,4,-1,1,Col·lisió frontal,-1,1,2,4,2,2,1,9.4,0,2,1,15,1
10070,2013,1,2013-01-28,SE,HOSPITALET DE LLOBREGAT,Barcelones,3,0,1,0,2,0,0,0,1,0,1,0,0,20.0,0.0,0,2,No n'hi ha,-1.0,3,3,1,-1,0,0,0,-1,0,0,0,0,-1,0,5,-1,0,Encalç,-1,2,2,5,-1,2,1,20.21,1,2,0,28,1
10071,2013,0,2013-06-27,C-66,PALAFRUGELL,Baix Emporda,1,0,1,0,2,0,1,0,0,1,0,0,0,90.0,0.0,0,-1,Sense Especificar,-1.0,3,3,1,0,0,0,0,0,0,0,0,0,0,0,4,-1,-1,Encalç,-1,1,2,4,4,2,1,17.03,1,2,3,27,6
10072,2013,0,2013-05-04,BV-5001,MONTORNES DEL VALLES,Valles Oriental,3,0,1,0,2,0,1,0,0,1,0,0,0,90.0,0.0,0,-1,No n'hi ha,-1.0,1,3,1,-1,-1,0,0,-1,0,0,0,0,-1,1,2,3,1,Envestida (frontal lateral),2,1,0,4,-1,2,0,20.2,1,2,5,4,5
10073,2013,1,2013-01-26,SE,ARTESA DE SEGRE,Noguera,2,0,1,0,2,1,0,0,0,1,0,0,0,100.0,0.0,0,2,No n'hi ha,-1.0,3,3,1,0,0,0,0,0,0,0,0,0,0,0,1,-1,1,Atropellament,-1,2,2,5,-1,2,0,18.08,1,3,5,26,1
10074,2013,0,2013-03-22,CR,VALLFOGONA DE RIPOLLES,Ripolles,1,0,1,0,2,0,0,0,1,1,0,0,0,100.0,0.0,0,1,No n'hi ha,-1.0,3,3,1,0,0,0,0,0,0,0,0,0,0,0,4,-1,1,Fregament o col·lisió lateral,-1,1,2,4,1,2,0,18.04,1,2,4,22,3