,Year,Area,Date,Road,Municipality Name,County Name,Province Name,Fatalties,Serious Injuries,Light Injuries,Units Involved,Pedestrains Involved,Bicycles Involved,Mopeds Involved,Motorcycles,Light Vehicles Involved,Heavy Vehicles Involved,Other Units Involved,Unspecified Units Involved,Road Speed Limit,Accident with Hit and Run,Fog Presence,Surrounding Environment,Special Lane Presence,Special Traffic Measures,Weather Conditions,Special Road Functions,Severity of Accident,Influence of Fog,Influence of Environment,Influence of Traffic,Influence of Weather,Influence of Wind Intensity,Influence of Lighting,Influence of Special Measures,Influence of Road Objects,Influence of Road Surface,Influence of Visibility,Intersection Characteristics,Lighting Conditions,Traffic Regulation and Priority,Direction of Road,Subtype of Accident,Subtype of Road Section,Subzone within Area,Road Surface Conditions,Type of Road,Road Ownership,Wind Conditions,Day of the Week Grouping,Hour of Day,Time of Day Grouping,Type of Accident,Day Type,Day,Month
10075,2013,1,2013-07-10,SE,IGUALADA,Anoia,3,0,1,0,2,1,0,0,0,1,0,0,0,50.0,0.0,0,-1,No n'hi ha,-1.0,3,3,1,-1,0,0,0,-1,0,0,0,0,0,1,5,2,0,Atropellament,2,2,2,5,-1,2,1,22.0,2,3,2,10,7
10076,2013,0,2013-07-26,C-15B,SANT PERE DE RIBES,Garraf,3,0,1,1,1,0,0,1,0,0,0,0,0,100.0,0.0,0,1,No n'hi ha,-1.0,3,3,1,0,0,0,0,0,0,0,0,0,0,0,4,-1,1,Xoc contra objecte/obstacle sense sortida prèvia de via,-1,1,2,4,2,2,1,8.5,0,4,4,26,7
10077,2013,0,2013-08-08,GI-400,ALP,Cerdanya,1,0,1,0,1,0,0,0,0,0,0,1,0,100.0,0.0,0,1,No n'hi ha,-1.0,3,3,1,0,0,0,0,0,0,0,0,0,0,0,1,-1,1,Resta sortides de via,-1,1,0,4,0,2,1,21.03,1,1,3,8,8
10078,2013,1,2013-07-11,SE,HOSPITALET DE LLOBREGAT,Barcelones,3,0,1,0,2,0,0,0,1,1,0,0,0,20.0,0.0,0,2,No n'hi ha,-1.0,3,3,1,-1,0,0,0,-1,0,0,0,0,-1,1,5,3,0,Envestida (frontal lateral),2,2,2,5,-1,2,1,20.51,1,2,3,11,7
10079,2013,1,2013-07-07,SE,FIGUERES,Alt Emporda,1,0,1,0,2,0,0,1,0,1,0,0,0,100.0,0.0,0,2,No n'hi ha,-1.0,3,1,1,0,0,0,0,0,0,0,0,0,0,1,4,3,1,Envestida (frontal lateral),2,2,2,5,-1,2,0,8.3,0,2,6,7,7
10080,2013,1,2013-04-09,SE,BARCELONA,Barcelones,3,0,1,0,1,0,0,0,0,0,1,0,0,100.0,0.0,0,-1,Carril bus,-1.0,3,3,1,0,0,0,0,0,0,0,0,0,0,1,4,2,0,Caiguda en la via,2,2,2,5,-1,2,1,9.3,0,0,1,9,4
10081,2013,1,2013-04-10,SE,BARCELONA,Barcelones,3,0,1,0,2,0,0,0,1,1,0,0,0,100.0,0.0,0,-1,Carril bus,-1.0,3,3,1,0,0,0,0,0,0,0,0,0,0,1,4,3,1,Fregament o col·lisió lateral,2,2,2,5,-1,2,1,9.1,0,2,2,10,4
10082,2013,0,2013-06-25,C-58,MONTCADA I REIXAC,Valles Occidental,3,0,1,0,2,0,0,0,1,1,0,0,0,100.0,0.0,0,2,No n'hi ha,-1.0,3,3,1,0,0,0,0,0,0,0,0,0,0,0,4,-1,1,Fregament o col·lisió lateral,-1,1,2,1,2,2,1,18.3,1,2,1,25,6
10083,2013,1,2013-07-05,SE,FRANQUESES DEL VALLE,Valles Oriental,3,0,1,0,2,0,0,0,1,1,0,0,0,30.0,0.0,0,2,No n'hi ha,-1.0,3,3,1,-1,0,0,0,-1,0,0,0,0,-1,1,4,4,1,Fregament o col·lisió lateral,2,2,2,5,-1,2,1,10.03,0,2,4,5,7
10084,2013,1,2013-11-11,C-155,LLICA DE VALL,Valles Oriental,3,0,1,0,2,1,0,0,0,1,0,0,0,50.0,0.0,0,2,No n'hi ha,-1.0,3,1,1,0,0,0,0,0,0,0,0,0,0,2,4,4,1,Atropellament,0,2,2,4,2,2,1,11.55,0,3,0,11,11
10085,2013,0,2013-04-28,B-20,BARCELONA,Barcelones,3,0,1,1,1,0,0,0,0,1,0,0,0,80.0,0.0,0,-1,No n'hi ha,-1.0,1,3,1,0,0,0,0,0,0,0,0,0,0,0,4,-1,1,Xoc contra objecte/obstacle sense sortida prèvia de via,-1,1,0,1,-1,2,0,17.3,1,4,6,28,4
10086,2013,0,2013-12-31,B-122,TERRASSA,Valles Occidental,3,0,1,1,2,0,0,0,0,2,0,0,0,100.0,0.0,0,1,No n'hi ha,-1.0,3,3,1,0,0,0,0,0,0,0,0,0,0,0,4,-1,1,Col·lisió frontal,-1,1,2,4,3,2,1,11.58,0,2,1,31,12
10087,2013,1,2013-05-25,SE,BARCELONA,Barcelones,3,0,1,0,2,0,1,0,0,1,0,0,0,100.0,0.0,0,-1,No n'hi ha,-1.0,3,3,1,0,0,0,0,0,0,0,0,0,0,1,4,4,0,Envestida (frontal lateral),2,2,2,5,-1,2,0,13.1,0,2,5,25,5
10088,2013,1,2013-06-04,SE,TERRASSA,Valles Occidental,3,0,1,0,2,1,0,0,0,1,0,0,0,100.0,0.0,0,-1,No n'hi ha,-1.0,3,3,1,0,0,0,0,0,0,0,0,0,0,0,4,-1,-1,Atropellament,-1,2,2,5,-1,2,1,8.3,0,3,1,4,6
10089,2013,0,2013-06-14,C-17,VIC,Osona,3,0,1,1,2,0,0,2,0,0,0,0,0,40.0,0.0,0,2,No n'hi ha,-1.0,3,3,1,0,0,0,0,0,0,0,0,0,1,0,4,-1,1,Col·lisió frontal,-1,1,2,1,4,2,1,9.15,0,2,4,14,6
10090,2013,1,2013-08-27,SE,LLEIDA,Segria,2,0,1,0,2,0,0,0,1,1,0,0,0,100.0,0.0,0,2,No n'hi ha,-1.0,3,1,1,0,0,0,0,0,0,0,0,0,0,0,4,-1,1,Encalç,-1,2,2,5,-1,2,1,10.4,0,2,1,27,8
10091,2013,0,2013-12-15,GI-622,BASCARA,Alt Emporda,1,1,0,0,1,0,0,0,1,0,0,0,0,100.0,0.0,0,1,No n'hi ha,-1.0,3,3,0,0,0,0,0,0,0,0,0,0,0,0,3,-1,1,Resta sortides de via,-1,1,2,4,0,2,0,4.4,2,1,6,15,12
10092,2013,1,2013-10-15,SE,BARCELONA,Barcelones,3,0,1,0,2,1,0,0,0,1,0,0,0,100.0,0.0,0,-1,Carril reversible,-1.0,3,3,1,0,0,0,0,0,0,0,0,0,0,0,4,-1,1,Atropellament,-1,2,2,5,-1,2,1,10.55,0,3,1,15,10
10093,2013,0,2013-06-18,A-22,ALPICAT,Segria,2,0,1,0,1,0,0,0,0,1,0,0,0,100.0,0.0,0,2,No n'hi ha,-1.0,2,3,1,0,0,0,1,0,0,0,0,0,0,0,2,-1,1,Xoc contra objecte/obstacle sense sortida prèvia de via,-1,1,2,4,1,2,1,16.07,1,4,1,18,6
10094,2013,0,2013-07-08,C-32,ARGENTONA,Maresme,3,0,1,0,2,0,0,0,1,1,0,0,0,100.0,0.0,0,2,Carril acceleració,-1.0,3,0,1,0,0,0,0,0,0,0,0,0,1,2,4,4,1,Fregament o col·lisió lateral,3,1,2,2,2,2,1,12.04,0,2,0,8,7
10095,2013,0,2013-11-16,C-35,GUALBA,Valles Oriental,3,0,1,0,1,0,0,0,0,1,0,0,0,70.0,0.0,0,3,No n'hi ha,-1.0,3,3,1,0,0,0,0,0,0,0,0,0,0,0,4,-1,1,Sortida de via amb xoc o col·lisió,-1,1,2,4,2,2,0,8.5,0,1,5,16,11
10096,2013,1,2013-12-08,C-242,ALFORJA,Baix Camp,0,0,1,0,1,0,0,0,0,1,0,0,0,50.0,0.0,0,2,No n'hi ha,-1.0,3,1,1,0,0,0,0,0,0,0,0,0,0,0,5,-1,1,Sortida de via amb xoc o col·lisió,-1,2,2,4,2,2,0,6.2,0,1,6,8,12
10097,2013,1,2013-12-10,SE,ROSES,Alt Emporda,1,0,1,0,2,0,0,0,1,1,0,0,0,100.0,0.0,0,-1,No n'hi ha,-1.0,3,3,1,0,0,0,0,0,0,0,0,0,0,0,4,-1,-1,Altres,-1,2,2,5,-1,2,1,17.45,1,5,1,10,12
10098,2013,0,2013-09-21,B-20,BARCELONA,Barcelones,3,0,1,1,1,0,0,0,0,1,0,0,0,120.0,0.0,0,-1,No n'hi ha,-1.0,3,3,1,0,0,0,0,0,0,0,0,0,0,0,5,-1,1,Xoc contra objecte/obstacle sense sortida prèvia de via,-1,1,2,1,-1,2,0,4.2,2,4,5,21,9
10099,2013,0,2013-11-12,N-150,BARBERA DEL VALLES,Valles Occidental,3,0,1,0,1,0,0,0,1,0,0,0,0,100.0,0.0,0,2,No n'hi ha,-1.0,3,3,1,0,0,1,0,0,0,0,0,0,0,0,3,-1,1,Caiguda en la via,-1,1,2,4,3,2,1,17.5,1,0,1,12,11
10100,2013,0,2013-03-27,C-17,CENTELLES,Osona,3,0,1,0,2,0,0,0,0,0,1,1,0,100.0,0.0,0,1,No n'hi ha,-1.0,3,3,1,0,0,0,0,0,0,0,0,0,0,0,2,-1,1,Altres,-1,1,2,1,3,2,1,9.4,0,5,2,27,3
10101,2013,1,2013-03-23,SE,HOSPITALET DE LLOBREGAT,Barcelones,3,0,1,0,2,0,0,0,0,2,0,0,0,20.0,,0,-1,No n'hi ha,-1.0,3,3,1,-1,0,0,0,-1,0,0,0,0,-1,1,5,4,1,Envestida (frontal lateral),0,2,2,5,-1,2,0,5.11,2,2,5,23,3
10102,2013,0,2013-03-08,B-201z,"PRAT DE LLOBREGAT, E",Baix Llobregat,3,0,1,0,2,0,0,0,1,1,0,0,0,100.0,0.0,0,2,No n'hi ha,-1.0,3,3,1,0,0,0,0,0,0,0,0,0,0,0,4,-1,0,Envestida (frontal lateral),-1,1,2,4,3,2,1,12.47,0,2,4,8,3
10103,2013,1,2013-05-11,SE,NAVARCLES,Bages,3,0,1,0,1,0,0,1,0,0,0,0,0,30.0,0.0,0,2,No n'hi ha,-1.0,3,3,1,0,0,0,0,0,0,0,0,0,0,0,4,-1,1,Altres,-1,2,2,5,-1,2,0,20.06,1,5,5,11,5
10104,2013,0,2013-01-13,N-340,"VENDRELL, EL",Baix Penedes,0,0,1,0,1,0,0,0,0,0,0,1,0,90.0,0.0,0,-1,Sense Especificar,-1.0,3,3,1,0,0,0,0,0,0,0,0,0,0,0,4,-1,-1,Altres,-1,1,2,4,4,2,0,12.03,0,5,6,13,1
10105,2013,0,2013-05-07,BV-5001,MONTCADA I REIXAC,Valles Occidental,3,0,1,0,2,0,1,0,0,1,0,0,0,40.0,0.0,0,1,No n'hi ha,-1.0,3,3,1,0,0,0,0,0,0,0,0,0,0,1,4,4,1,Envestida (frontal lateral),0,1,2,4,3,2,1,15.26,1,2,1,7,5
10106,2013,0,2013-03-25,AP-7,"AMETLLA DE MAR, L'",Baix Ebre,0,0,3,1,1,0,0,0,0,1,0,0,0,100.0,0.0,0,1,No n'hi ha,-1.0,3,3,1,0,0,0,0,0,0,0,0,0,0,0,4,-1,1,Resta sortides de via,-1,1,2,2,1,2,1,8.28,0,1,0,25,3
10107,2013,1,2013-04-08,SE,SABADELL,Valles Occidental,3,0,1,0,2,0,0,0,1,1,0,0,0,100.0,0.0,0,2,No n'hi ha,-1.0,3,3,1,0,0,0,0,0,0,0,0,0,0,2,4,3,0,Fregament o col·lisió lateral,2,2,2,5,-1,2,1,18.08,1,2,0,8,4
10108,2013,1,2013-01-31,SE,BARCELONA,Barcelones,3,0,1,0,2,0,0,0,1,1,0,0,0,100.0,0.0,0,-1,No n'hi ha,-1.0,3,3,1,0,0,0,0,0,0,0,0,0,0,1,4,3,1,Envestida (frontal lateral),2,2,2,5,-1,2,1,9.0,0,2,3,31,1
10109,2013,1,2013-08-23,SE,LLORET DE MAR,Selva,1,0,1,0,1,0,0,0,1,0,0,0,0,100.0,0.0,0,-1,No n'hi ha,-1.0,3,3,1,0,0,0,0,0,0,0,0,0,0,0,4,-1,-1,Altres,-1,2,2,5,-1,2,1,1.0,2,5,4,23,8
10110,2013,1,2013-09-10,SE,TERRASSA,Valles Occidental,3,0,1,0,2,1,0,0,0,1,0,0,0,100.0,0.0,0,-1,No n'hi ha,-1.0,3,3,1,0,0,0,0,0,0,0,0,0,0,0,4,-1,-1,Atropellament,-1,2,2,5,-1,2,1,20.5,1,3,1,10,9
10111,2013,1,2013-10-22,SE,GRANOLLERS,Valles Oriental,3,0,1,0,2,0,0,0,1,1,0,0,0,100.0,0.0,0,2,No n'hi ha,-1.0,3,3,1,0,0,0,0,0,0,0,0,0,0,0,4,-1,0,Caiguda en la via,-1,2,2,5,-1,2,1,13.12,0,0,1,22,10
10112,2013,1,2013-10-17,SE,LLICA D'AMUNT,Valles Oriental,3,0,1,0,1,0,0,1,0,0,0,0,0,100.0,0.0,0,2,No n'hi ha,-1.0,3,3,1,0,0,0,0,0,0,0,0,0,0,0,4,-1,0,Resta sortides de via,-1,2,2,5,-1,2,1,16.16,1,1,3,17,10
10113,2013,1,2013-11-29,C-1411a,CASTELLBELL I EL VIL,Bages,3,0,1,1,1,0,0,0,0,1,0,0,0,100.0,0.0,0,3,No n'hi ha,-1.0,3,3,1,0,0,0,0,0,0,0,0,0,0,0,4,-1,1,Resta sortides de via,-1,0,3,4,-1,2,1,12.4,0,1,4,29,11
10114,2013,1,2013-06-25,SE,BARCELONA,Barcelones,3,0,1,0,2,0,0,0,1,1,0,0,0,100.0,0.0,0,-1,No n'hi ha,-1.0,3,3,1,0,0,0,0,0,0,0,0,0,0,0,4,-1,1,Encalç,-1,2,2,5,-1,2,1,14.35,1,2,1,25,6
10115,2013,0,2013-06-27,CR,JORBA,Anoia,3,1,0,1,1,0,0,0,0,0,0,1,0,100.0,0.0,0,1,No n'hi ha,-1.0,3,3,0,0,0,0,0,0,0,0,0,0,0,0,4,-1,1,Resta sortides de via,-1,1,2,3,4,2,1,18.47,1,1,3,27,6
10116,2013,1,2013-08-21,BV-5222,MANLLEU,Osona,3,0,1,0,2,0,1,0,0,1,0,0,0,90.0,0.0,0,2,No n'hi ha,-1.0,3,3,1,-1,0,0,0,-1,0,0,0,0,-1,0,4,-1,1,Xoc contra objecte/obstacle sense sortida prèvia de via,-1,0,2,4,-1,2,1,9.52,0,4,2,21,8
10117,2013,1,2013-09-27,SE,BIGUES I RIELLS,Valles Oriental,3,0,1,0,1,0,0,0,1,0,0,0,0,20.0,0.0,0,-1,No n'hi ha,-1.0,3,3,1,-1,-1,0,0,-1,0,0,0,0,0,0,4,-1,-1,Caiguda en la via,-1,2,2,5,-1,2,0,16.49,1,0,4,27,9
10118,2013,1,2013-06-04,SE,BARCELONA,Barcelones,3,0,1,0,2,0,0,0,1,1,0,0,0,100.0,0.0,0,-1,No n'hi ha,-1.0,3,3,1,0,0,0,0,0,0,0,0,0,0,1,4,3,0,Fregament o col·lisió lateral,2,2,2,5,-1,2,1,8.3,0,2,1,4,6
10119,2013,1,2013-06-06,SE,BARCELONA,Barcelones,3,0,1,0,2,0,1,0,0,1,0,0,0,100.0,1.0,0,-1,No n'hi ha,-1.0,3,3,1,0,0,0,0,0,0,0,0,0,0,1,5,2,0,Caiguda en la via,2,2,2,5,-1,2,1,21.0,1,0,3,6,6
10120,2013,1,2013-06-20,SE,BARCELONA,Barcelones,3,0,1,0,2,0,0,0,1,1,0,0,0,100.0,0.0,0,-1,No n'hi ha,-1.0,3,3,1,0,0,0,0,0,0,0,0,0,0,1,4,3,0,Envestida (frontal lateral),2,2,2,5,-1,2,1,8.3,0,2,3,20,6
10121,2013,1,2013-10-10,SE,GIRONA,Girones,1,0,1,0,2,0,0,0,1,1,0,0,0,20.0,1.0,0,-1,No n'hi ha,-1.0,1,3,1,0,-1,0,0,0,0,0,0,0,0,1,2,4,-1,Envestida (frontal lateral),3,2,0,5,-1,2,1,14.05,1,2,3,10,10
10122,2013,0,2013-12-27,B-224,MASQUEFA,Anoia,3,0,1,1,2,0,0,0,0,2,0,0,0,100.0,0.0,0,3,No n'hi ha,-1.0,3,3,1,0,0,0,0,0,0,0,0,0,0,0,4,-1,1,Col·lisió frontal,-1,1,2,4,2,2,0,15.45,1,2,4,27,12
10123,2013,1,2013-11-19,SE,SABADELL,Valles Occidental,3,0,1,0,2,0,0,0,1,0,1,0,0,100.0,0.0,0,-1,No n'hi ha,-1.0,3,3,1,0,0,0,0,0,0,0,0,0,0,0,4,-1,-1,Encalç,-1,2,2,5,-1,2,1,12.05,0,2,1,19,11
10124,2014,0,2014-03-09,GIV-5201,VILADRAU,Osona,1,0,1,0,1,0,0,0,1,0,0,0,0,90.0,0.0,0,-1,Sense Especificar,-1.0,3,3,1,0,0,0,0,0,0,0,0,0,0,0,4,-1,-1,Resta sortides de via,-1,1,2,4,4,2,0,17.54,1,1,6,9,3
10125,2014,0,2014-04-04,AP-7,SANT CUGAT DEL VALLES,Valles Occidental,3,0,1,0,2,0,0,0,0,1,1,0,0,120.0,0.0,0,-1,Sense Especificar,-1.0,3,3,1,0,0,0,0,0,0,0,0,0,0,0,4,-1,-1,Xoc contra objecte/obstacle sense sortida prèvia de via,-1,1,2,2,4,2,1,11.17,0,4,4,4,4
10126,2014,0,2014-06-25,C-31,CASTELLDEFELS,Baix Llobregat,3,0,1,0,2,0,1,0,0,1,0,0,0,100.0,0.0,0,2,No n'hi ha,-1.0,3,3,1,0,0,0,0,0,0,0,0,0,0,2,4,4,1,Fregament o col·lisió lateral,1,1,2,1,2,2,1,14.26,1,2,2,25,6
10127,2014,0,2014-05-17,CR,OS DE BALAGUER,Noguera,2,0,1,0,2,0,0,0,1,1,0,0,0,100.0,0.0,0,0,No n'hi ha,-1.0,3,3,1,0,0,0,0,0,0,0,0,0,1,0,4,-1,1,Col·lisió frontal,-1,1,5,0,4,2,0,18.0,1,2,5,17,5
10128,2014,1,2014-08-01,SE,SANT CELONI,Valles Oriental,3,0,1,1,3,2,0,0,0,1,0,0,0,100.0,0.0,0,2,No n'hi ha,-1.0,3,3,1,0,0,0,0,0,0,0,0,0,0,2,4,4,0,Atropellament,1,2,2,5,0,2,1,11.4,0,3,4,1,8
10129,2014,0,2014-04-17,C-31,PALAMOS,Baix Emporda,1,0,1,2,3,0,0,0,0,3,0,0,0,100.0,0.0,0,-1,No n'hi ha,-1.0,3,3,1,0,0,0,0,0,0,0,0,0,0,0,4,-1,-1,Encalç,-1,1,2,1,-1,2,1,15.43,1,2,3,17,4
10130,2014,0,2014-11-10,C-58,MONTCADA I REIXAC,Valles Occidental,3,0,1,0,2,0,0,0,1,1,0,0,0,100.0,0.0,0,3,No n'hi ha,-1.0,3,3,1,0,0,0,0,0,0,0,0,0,0,0,4,-1,0,Encalç,-1,1,2,1,2,2,1,14.02,1,2,0,10,11
10131,2014,1,2014-08-15,SE,ESPLUGUES DE LLOBREGAT,Baix Llobregat,3,0,1,0,1,0,0,0,1,0,0,0,0,20.0,0.0,0,2,No n'hi ha,-1.0,1,3,1,-1,0,0,0,-1,0,0,0,0,0,0,5,-1,0,Caiguda en la via,-1,2,0,5,-1,2,0,21.05,1,0,4,15,8
10132,2014,0,2014-12-03,AP-7,BARBERA DEL VALLES,Valles Occidental,3,0,1,0,1,0,0,0,1,0,0,0,0,120.0,0.0,0,2,No n'hi ha,-1.0,1,3,1,0,0,0,1,0,0,0,0,0,0,0,0,-1,0,Caiguda en la via,-1,1,2,2,1,2,1,19.38,1,0,2,3,12
10133,2014,0,2014-10-03,C-33,MONTCADA I REIXAC,Valles Occidental,3,0,1,0,2,0,0,1,0,1,0,0,0,80.0,0.0,0,2,No n'hi ha,-1.0,3,3,1,0,0,0,0,0,0,0,0,0,0,0,4,-1,0,Encalç,-1,1,2,2,2,2,1,12.15,0,2,4,3,10
10134,2014,0,2014-12-11,C-32,ALELLA,Maresme,3,0,1,0,2,0,0,0,1,1,0,0,0,120.0,0.0,0,2,No n'hi ha,-1.0,3,3,1,0,1,0,0,0,0,0,0,0,0,0,4,-1,1,Encalç,-1,1,2,2,2,2,1,10.29,0,2,3,11,12
10135,2014,0,2014-09-17,B-20,BARCELONA,Barcelones,3,0,1,1,1,0,0,0,0,1,0,0,0,60.0,0.0,0,-1,No n'hi ha,-1.0,3,3,1,0,0,0,0,0,0,0,0,0,0,0,5,-1,1,Xoc contra objecte/obstacle sense sortida prèvia de via,-1,1,0,1,-1,2,1,6.3,0,4,2,17,9
10136,2014,1,2014-11-03,SE,"VENDRELL, EL",Baix Penedes,0,0,1,0,2,1,0,0,0,1,0,0,0,40.0,0.0,0,-1,No n'hi ha,-1.0,3,3,1,-1,-1,0,0,-1,0,0,0,0,-1,0,5,-1,1,Atropellament,-1,2,2,5,-1,2,1,19.5,1,3,0,3,11
10137,2014,0,2014-08-11,C-260,CASTELLO D'EMPURIES,Alt Emporda,1,0,1,1,2,0,0,1,0,1,0,0,0,70.0,0.0,0,1,No n'hi ha,-1.0,3,3,1,0,0,0,0,0,0,0,0,0,0,0,4,-1,0,Encalç,-1,1,2,4,2,2,1,18.12,1,2,0,11,8
10138,2014,1,2014-05-19,BV-1415,BARCELONA,Barcelones,3,0,1,0,2,0,0,0,1,1,0,0,0,100.0,0.0,0,-1,No n'hi ha,-1.0,3,3,1,0,0,0,0,0,0,0,0,0,0,1,1,3,0,Fregament o col·lisió lateral,2,0,2,4,-1,2,1,20.3,1,2,0,19,5
10139,2014,0,2014-10-10,N-II,VILADEMULS,Pla de l'Estany,1,0,1,0,3,0,0,0,0,2,1,0,0,100.0,0.0,0,2,No n'hi ha,-1.0,3,3,1,0,0,0,0,0,0,0,0,0,0,0,1,-1,1,Altres,-1,1,2,4,1,2,0,19.4,1,5,4,10,10
10140,2014,1,2014-05-30,SE,ARENYS DE MUNT,Maresme,3,0,1,0,2,1,0,0,0,1,0,0,0,20.0,0.0,0,3,No n'hi ha,-1.0,1,3,1,-1,1,0,0,-1,0,0,0,0,-1,1,2,5,1,Atropellament,1,2,0,5,-1,2,1,14.44,1,3,4,30,5
10141,2014,1,2014-05-25,SE,LLEIDA,Segria,2,0,1,0,1,0,0,0,0,1,0,0,0,20.0,0.0,0,-1,No n'hi ha,-1.0,3,3,1,0,0,0,0,0,0,0,0,0,0,1,4,4,-1,Sortida de via amb xoc o col·lisió,0,2,2,5,-1,2,0,8.28,0,1,6,25,5
10142,2014,0,2014-06-16,AP-7,SANT JULIA DE RAMIS,Girones,1,1,2,1,1,0,0,0,0,1,0,0,0,100.0,0.0,0,0,No n'hi ha,-1.0,3,3,0,0,0,0,0,0,0,0,1,0,0,0,3,-1,0,Xoc contra objecte/obstacle sense sortida prèvia de via,-1,1,2,2,2,2,1,3.56,2,4,0,16,6
10143,2014,0,2014-07-22,C-32,SITGES,Garraf,3,0,1,1,2,0,0,0,1,1,0,0,0,100.0,0.0,0,2,No n'hi ha,-1.0,3,3,1,0,0,0,0,0,0,0,0,0,0,0,4,-1,0,Encalç,-1,1,2,2,2,2,1,16.18,1,2,1,22,7
10144,2014,0,2014-08-27,CR,TORREFARRERA,Segria,2,0,1,0,1,0,0,0,1,0,0,0,0,50.0,0.0,0,1,No n'hi ha,-1.0,3,3,1,0,0,0,0,0,0,0,0,0,0,1,4,4,1,Resta sortides de via,1,1,2,0,0,2,1,18.15,1,1,2,27,8
10145,2014,0,2014-10-05,C-32,CORNELLA DE LLOBREGAT,Baix Llobregat,3,0,1,1,3,0,0,0,1,2,0,0,0,80.0,0.0,0,3,No n'hi ha,-1.0,3,3,1,0,0,0,0,0,0,0,0,0,0,0,4,-1,0,Encalç,-1,1,2,2,2,2,0,18.4,1,2,6,5,10
10146,2014,1,2014-08-12,C-65z,LLAGOSTERA,Girones,1,0,1,0,2,0,0,0,1,1,0,0,0,100.0,0.0,0,-1,No n'hi ha,-1.0,3,3,1,0,0,0,0,0,0,0,0,0,0,0,4,-1,-1,Col·lisió frontal,-1,0,2,4,-1,2,1,19.13,1,2,1,12,8
10147,2014,1,2014-10-10,SE,TERRASSA,Valles Occidental,3,1,0,0,2,1,0,0,0,1,0,0,0,100.0,0.0,0,-1,No n'hi ha,-1.0,3,3,0,0,0,0,1,0,0,0,0,0,1,0,4,-1,-1,Atropellament,-1,2,2,5,-1,2,0,19.25,1,3,4,10,10
10148,2014,1,2014-11-06,SE,ESPLUGUES DE LLOBREGAT,Baix Llobregat,3,1,0,0,3,1,0,0,0,2,0,0,0,20.0,0.0,0,-1,No n'hi ha,-1.0,3,3,0,-1,0,0,0,-1,0,0,0,0,-1,1,4,4,0,Atropellament,2,2,2,5,-1,2,1,12.25,0,3,3,6,11
10149,2014,1,2014-12-11,SE,HOSPITALET DE LLOBREGAT,Barcelones,3,0,1,0,2,0,0,1,0,1,0,0,0,20.0,0.0,0,-1,No n'hi ha,-1.0,3,3,1,-1,0,0,0,-1,0,0,0,0,0,0,1,-1,1,Envestida (frontal lateral),-1,2,2,5,-1,2,1,17.15,1,2,3,11,12
10150,2014,1,2014-05-09,SE,LLEIDA,Segria,2,0,1,0,2,1,0,0,0,0,1,0,0,20.0,0.0,0,-1,No n'hi ha,-1.0,3,3,1,-1,0,0,0,-1,0,0,0,0,0,0,4,-1,0,Atropellament,-1,2,2,5,-1,2,1,9.05,0,3,4,9,5
10151,2014,0,2014-12-08,AP-7,VANDELLOS I L'HOSPITALET DE L'INFANT,Baix Camp,0,1,1,0,1,0,0,0,0,0,0,1,0,100.0,0.0,0,0,No n'hi ha,-1.0,3,3,0,0,0,0,0,1,0,0,0,0,0,0,3,-1,0,Resta sortides de via,-1,1,2,2,1,0,1,20.33,1,1,0,8,12
10152,2014,0,2014-12-12,C-31,HOSPITALET DE LLOBREGAT,Barcelones,3,1,0,0,1,0,0,0,1,0,0,0,0,70.0,0.0,0,3,No n'hi ha,-1.0,3,3,0,0,0,0,0,0,0,0,0,0,0,0,0,-1,0,Resta sortides de via,-1,1,2,1,1,2,0,21.42,1,1,4,12,12
10153,2014,1,2014-04-09,SE,BARCELONA,Barcelones,3,0,1,0,3,0,0,0,2,1,0,0,0,100.0,0.0,0,-1,No n'hi ha,-1.0,3,3,1,0,0,0,0,0,0,0,0,0,1,1,5,3,0,Caiguda en la via,2,2,2,5,-1,2,1,23.2,2,0,2,9,4
10154,2014,0,2014-08-18,A-2,CORNELLA DE LLOBREGAT,Baix Llobregat,3,0,1,0,2,0,0,0,1,1,0,0,0,100.0,0.0,0,2,Carril acceleració,-1.0,3,3,1,0,0,0,0,0,0,0,0,0,0,1,0,4,0,Encalç,3,1,2,1,1,2,1,22.46,2,2,0,18,8
10155,2014,1,2014-12-24,N-II,SANT ADRIA DE BESOS,Barcelones,3,0,1,0,1,0,0,0,1,0,0,0,0,100.0,0.0,0,2,No n'hi ha,-1.0,3,3,1,0,0,0,0,0,0,0,0,0,0,0,5,-1,1,Xoc contra objecte/obstacle sense sortida prèvia de via,-1,0,2,4,-1,2,1,2.27,2,4,2,24,12
10156,2014,0,2014-11-22,A-22,LLEIDA,Segria,2,0,1,0,1,0,0,0,0,1,0,0,0,40.0,0.0,0,1,No n'hi ha,-1.0,3,3,1,0,0,0,0,0,0,0,0,0,0,2,0,4,1,Resta sortides de via,0,1,2,3,1,2,0,22.23,2,1,5,22,11
10157,2014,0,2014-11-27,AP-7,"ALDEA, L'",Baix Ebre,0,0,1,1,2,0,0,0,0,2,0,0,0,100.0,0.0,0,2,No n'hi ha,-1.0,1,3,1,0,0,0,1,0,1,0,0,0,0,0,3,-1,1,Encalç,-1,1,2,2,1,2,1,22.38,2,2,3,27,11