,Year,Area,Date,Road,Municipality Name,County Name,Province Name,Fatalties,Serious Injuries,Light Injuries,Units Involved,Pedestrains Involved,Bicycles Involved,Mopeds Involved,Motorcycles,Light Vehicles Involved,Heavy Vehicles Involved,Other Units Involved,Unspecified Units Involved,Road Speed Limit,Accident with Hit and Run,Fog Presence,Surrounding Environment,Special Lane Presence,Special Traffic Measures,Weather Conditions,Special Road Functions,Severity of Accident,Influence of Fog,Influence of Environment,Influence of Traffic,Influence of Weather,Influence of Wind Intensity,Influence of Lighting,Influence of Special Measures,Influence of Road Objects,Influence of Road Surface,Influence of Visibility,Intersection Characteristics,Lighting Conditions,Traffic Regulation and Priority,Direction of Road,Subtype of Accident,Subtype of Road Section,Subzone within Area,Road Surface Conditions,Type of Road,Road Ownership,Wind Conditions,Day of the Week Grouping,Hour of Day,Time of Day Grouping,Type of Accident,Day Type,Day,Month
10158,2014,1,2014-10-30,SE,MOLLET DEL VALLES,Valles Oriental,3,0,1,0,2,0,0,0,0,1,1,0,0,100.0,0.0,0,2,No n'hi ha,-1.0,3,3,1,0,0,0,0,0,0,0,0,0,0,1,5,2,0,Fregament o col·lisió lateral,0,2,2,5,-1,2,1,5.52,2,2,3,30,10
10159,2014,0,2014-10-23,SE,CERDANYOLA DEL VALLES,Valles Occidental,3,0,1,0,1,0,1,0,0,0,0,0,0,100.0,0.0,0,1,No n'hi ha,-1.0,3,3,1,0,0,0,0,0,0,0,0,0,0,0,4,-1,1,Altres,-1,1,0,0,0,2,1,10.15,0,5,3,23,10
10160,2014,1,2014-11-05,SE,BARCELONA,Barcelones,3,0,1,0,4,0,0,1,2,1,0,0,0,100.0,0.0,0,-1,No n'hi ha,-1.0,3,3,1,0,0,0,0,0,0,0,0,0,0,1,4,3,0,Fregament o col·lisió lateral,2,2,2,5,-1,2,1,9.05,0,2,2,5,11
10161,2014,1,2014-06-22,SE,AMPOSTA,Montsia,0,0,1,2,1,0,0,0,0,1,0,0,0,100.0,0.0,0,1,No n'hi ha,-1.0,3,3,1,0,0,0,0,0,0,0,0,1,0,0,4,-1,1,Altres,-1,2,4,5,0,2,0,7.3,0,5,6,22,6
10162,2014,0,2014-08-12,N-240,VIMBODI,Conca de Barbera,0,0,1,0,2,0,0,0,0,2,0,0,0,90.0,0.0,0,-1,Sense Especificar,-1.0,3,3,1,0,0,0,0,0,0,0,0,0,0,1,4,4,-1,Envestida (frontal lateral),1,1,2,4,4,2,1,12.07,0,2,1,12,8
10163,2014,0,2014-09-02,-GIP 6531.00,BEGUR,Baix Emporda,1,0,1,1,2,0,0,0,1,1,0,0,0,100.0,0.0,0,2,No n'hi ha,-1.0,3,3,1,0,0,0,0,0,0,0,0,0,0,1,4,4,1,Envestida (frontal lateral),1,1,2,4,3,2,1,19.29,1,2,1,2,9
10164,2014,1,2014-03-10,N-150,SABADELL,Valles Occidental,3,0,1,0,2,0,0,0,1,1,0,0,0,100.0,0.0,0,2,No n'hi ha,-1.0,3,3,1,0,0,0,0,0,0,0,0,0,0,1,5,3,1,Fregament o col·lisió lateral,2,0,2,4,0,2,1,19.1,1,2,0,10,3
10165,2014,1,2014-11-12,SE,RUBI,Valles Occidental,3,0,1,0,2,0,0,0,1,1,0,0,0,100.0,0.0,0,2,No n'hi ha,-1.0,3,3,1,0,0,0,0,0,0,0,0,0,0,1,4,-1,1,Envestida (frontal lateral),2,2,2,5,-1,2,1,9.0,0,2,2,12,11
10166,2014,1,2014-12-30,SE,BARCELONA,Barcelones,3,1,0,1,2,1,0,0,1,0,0,0,0,100.0,0.0,0,-1,No n'hi ha,-1.0,3,3,0,0,0,0,0,0,0,0,0,0,1,0,5,-1,1,Atropellament,-1,2,2,5,-1,2,1,22.27,2,3,1,30,12
10167,2014,1,2014-11-06,SE,BARCELONA,Barcelones,3,0,1,0,2,1,0,0,1,0,0,0,0,100.0,0.0,0,-1,No n'hi ha,-1.0,3,3,1,0,0,0,0,0,0,0,0,0,0,1,5,3,0,Atropellament,2,2,2,5,-1,2,1,21.55,1,3,3,6,11
10168,2014,1,2014-10-08,C-245,CORNELLA DE LLOBREGAT,Baix Llobregat,3,0,1,1,2,0,0,0,1,1,0,0,0,90.0,0.0,0,2,No n'hi ha,-1.0,3,3,1,-1,0,0,0,-1,0,0,0,0,0,1,4,3,1,Encalç,1,0,2,4,-1,2,1,16.03,1,2,2,8,10
10169,2014,1,2014-12-24,SE,TARRAGONA,Tarragones,0,0,1,0,5,0,0,0,1,4,0,0,0,100.0,0.0,0,2,No n'hi ha,-1.0,3,3,1,0,0,0,0,0,0,0,0,0,0,0,4,-1,1,Caiguda en la via,-1,2,2,5,-1,2,1,16.34,1,0,2,24,12
10170,2014,0,2014-06-16,BV-1435,LLICA D'AMUNT,Valles Oriental,3,0,1,0,2,0,0,1,0,1,0,0,0,50.0,0.0,0,2,No n'hi ha,-1.0,3,3,1,0,0,0,0,0,0,0,0,0,0,1,1,4,1,Encalç,1,1,2,4,3,2,1,20.42,1,2,0,16,6
10171,2014,0,2014-04-05,C-31,HOSPITALET DE LLOBREGAT,Barcelones,3,1,0,0,1,0,0,0,1,0,0,0,0,30.0,0.0,0,-1,No n'hi ha,-1.0,3,3,0,-1,0,0,0,-1,0,0,0,0,0,0,3,-1,0,Sortida de via amb xoc o col·lisió,-1,1,2,1,2,2,0,23.2,2,1,5,5,4
10172,2014,1,2014-05-07,N-150,SABADELL,Valles Occidental,3,0,1,0,2,1,0,0,0,1,0,0,0,100.0,0.0,0,2,No n'hi ha,-1.0,3,3,1,0,0,0,0,0,0,0,0,0,0,1,4,3,1,Atropellament,2,0,2,4,-1,2,1,18.4,1,3,2,7,5
10173,2014,0,2014-07-12,CR,"ALDEA, L'",Baix Ebre,0,1,0,2,2,0,0,0,0,2,0,0,0,40.0,0.0,0,2,No n'hi ha,-1.0,3,3,0,0,0,0,0,0,0,0,0,0,1,1,4,4,1,Envestida (frontal lateral),1,1,2,0,2,2,0,16.55,1,2,5,12,7
10174,2014,0,2014-07-20,A-2,TARREGA,Urgell,2,0,2,0,1,0,0,0,0,1,0,0,0,100.0,0.0,0,2,No n'hi ha,-1.0,3,3,1,0,0,0,0,0,0,0,0,0,0,2,5,4,1,Xoc contra objecte/obstacle sense sortida prèvia de via,3,1,2,1,1,2,0,7.24,0,4,6,20,7
10175,2014,0,2014-09-20,B-10,SANT ADRIA DE BESOS,Barcelones,3,0,2,0,2,0,0,0,1,1,0,0,0,80.0,1.0,0,2,No n'hi ha,-1.0,3,3,1,0,0,0,0,0,0,0,0,0,0,0,4,-1,0,Encalç,-1,1,2,1,0,2,0,12.51,0,2,5,20,9
10176,2014,0,2014-12-05,C-31,SANT ADRIA DE BESOS,Barcelones,3,0,1,0,1,0,0,0,1,0,0,0,0,80.0,0.0,0,3,No n'hi ha,-1.0,3,3,1,0,0,0,0,0,0,0,0,0,0,2,1,2,1,Caiguda en la via,3,1,2,1,2,2,1,7.23,0,0,4,5,12
10177,2014,1,2014-09-25,SE,VILAFRANCA DEL PENEDES,Alt Penedes,3,0,1,1,2,0,0,0,0,2,0,0,0,20.0,0.0,0,2,No n'hi ha,-1.0,3,3,1,-1,0,0,0,-1,0,0,0,0,0,1,4,2,1,Envestida (frontal lateral),1,2,2,5,-1,2,1,17.09,1,2,3,25,9
10178,2014,1,2014-10-26,BP-2121,SANT MARTI SARROCA,Alt Penedes,3,0,1,2,3,0,0,0,2,1,0,0,0,100.0,0.0,0,2,No n'hi ha,-1.0,3,3,1,0,0,0,0,0,0,0,0,0,1,0,4,-1,1,Encalç,-1,0,2,4,3,2,0,11.53,0,2,6,26,10
10179,2014,1,2014-10-16,SE,BADALONA,Barcelones,3,0,1,0,1,0,0,0,1,0,0,0,0,20.0,0.0,0,-1,No n'hi ha,-1.0,3,3,1,-1,0,0,0,-1,0,0,0,0,-1,0,4,-1,0,Caiguda en la via,-1,2,2,5,-1,2,1,8.0,0,0,3,16,10
10180,2014,1,2014-12-23,SE,SANTA MARIA DE BESORA,Osona,3,0,1,0,2,1,0,0,0,1,0,0,0,100.0,0.0,0,0,No n'hi ha,-1.0,3,3,1,0,1,0,0,0,0,0,0,0,0,1,4,5,1,Atropellament,1,2,3,5,-1,2,1,14.24,1,3,1,23,12
10181,2014,0,2014-06-22,AP-7,MACANET DE LA SELVA,Selva,1,0,3,2,2,0,0,0,0,2,0,0,0,120.0,0.0,0,2,No n'hi ha,-1.0,3,3,1,0,0,0,0,0,0,0,0,0,0,0,4,-1,0,Resta sortides de via,-1,1,2,2,1,2,0,20.38,1,1,6,22,6
10182,2014,1,2014-04-26,BV-1221,TERRASSA,Valles Occidental,3,0,1,0,2,0,0,0,1,1,0,0,0,100.0,0.0,0,-1,No n'hi ha,-1.0,3,3,1,0,0,0,0,0,0,0,0,0,0,1,4,4,-1,Envestida (frontal lateral),2,0,2,4,-1,2,0,11.15,0,2,5,26,4
10183,2014,0,2014-07-10,N-420,RIUDECOLS,Baix Camp,0,1,0,0,2,0,1,0,0,1,0,0,0,100.0,0.0,0,0,Carril lent,-1.0,3,3,0,0,0,0,0,0,1,0,0,0,0,0,4,-1,1,Envestida (frontal lateral),-1,1,2,4,1,2,1,19.28,1,2,3,10,7
10184,2014,0,2014-06-10,A-2,VECIANA,Anoia,3,0,1,0,2,0,0,0,0,0,2,0,0,100.0,0.0,0,3,No n'hi ha,-1.0,3,3,1,0,1,0,0,0,0,0,0,0,0,0,4,-1,1,Encalç,-1,1,2,1,1,2,1,17.37,1,2,1,10,6
10185,2014,1,2014-05-13,SE,MONTMELO,Valles Oriental,3,0,1,0,1,0,0,0,0,1,0,0,0,100.0,0.0,0,2,No n'hi ha,-1.0,1,3,1,0,0,0,0,0,0,0,0,0,0,0,2,-1,1,Sortida de via amb xoc o col·lisió,-1,2,2,5,0,2,1,14.4,1,1,1,13,5
10186,2014,1,2014-07-18,T-200,VALLS,Alt Camp,0,0,1,0,2,0,0,0,0,2,0,0,0,100.0,1.0,0,-1,No n'hi ha,-1.0,3,3,1,0,0,0,0,0,0,0,0,0,0,0,4,-1,-1,Fregament o col·lisió lateral,-1,0,2,4,-1,2,0,22.0,2,2,4,18,7
10187,2014,0,2014-12-02,L-311,TARROJA DE SEGARRA,Segarra,2,1,0,0,1,0,0,0,0,1,0,0,0,100.0,0.0,0,2,No n'hi ha,-1.0,3,3,0,0,0,0,0,0,0,0,0,0,0,0,4,-1,1,Resta sortides de via,-1,1,2,4,3,2,1,11.01,0,1,1,2,12
10188,2014,1,2014-10-24,SE,GIRONA,Girones,1,0,1,0,2,0,0,0,1,1,0,0,0,20.0,0.0,0,-1,No n'hi ha,-1.0,3,3,1,0,-1,0,0,0,0,0,0,0,0,1,5,4,-1,Envestida (frontal lateral),2,2,2,5,-1,2,1,6.18,0,2,4,24,10
10189,2014,1,2014-12-19,SE,BARCELONA,Barcelones,3,0,1,1,2,1,0,0,1,0,0,0,0,100.0,0.0,0,-1,No n'hi ha,-1.0,3,3,1,0,0,0,0,0,0,0,0,0,1,1,5,3,0,Atropellament,2,2,2,5,-1,2,0,21.4,1,3,4,19,12
10190,2014,0,2014-07-30,BV-5001,MONTCADA I REIXAC,Valles Occidental,3,0,1,0,1,0,1,0,0,0,0,0,0,90.0,0.0,0,-1,Sense Especificar,-1.0,3,3,1,0,0,0,0,0,0,0,0,0,0,1,4,4,-1,Altres,0,1,2,4,4,2,1,9.32,0,5,2,30,7
10191,2014,1,2014-07-29,SE,CAMBRILS,Baix Camp,0,0,1,0,2,1,0,0,0,1,0,0,0,100.0,0.0,0,-1,No n'hi ha,-1.0,3,3,1,0,0,0,0,0,0,0,0,0,0,0,4,-1,-1,Atropellament,-1,2,2,5,-1,2,1,8.15,0,3,1,29,7
10192,2014,1,2014-09-21,SE,SEVA,Osona,3,0,1,0,1,0,0,0,1,0,0,0,0,20.0,0.0,0,-1,Sense Especificar,-1.0,3,3,1,0,0,0,0,0,0,0,0,0,0,0,4,-1,-1,Altres,-1,2,2,5,-1,2,0,18.03,1,5,6,21,9
10193,2014,0,2014-08-27,A-2,VILAGRASSA,Urgell,2,0,1,3,1,0,0,0,0,1,0,0,0,80.0,0.0,0,2,No n'hi ha,-1.0,3,3,1,0,0,0,0,0,0,0,0,0,0,0,4,-1,0,Resta sortides de via,-1,1,2,1,1,2,1,13.18,0,1,2,27,8
10194,2014,0,2014-10-01,AP-7,PONT DE MOLINS,Alt Emporda,1,0,1,0,2,0,0,0,0,0,2,0,0,100.0,0.0,0,3,No n'hi ha,-1.0,3,3,1,0,0,0,0,0,0,0,0,0,0,0,4,-1,1,Fregament o col·lisió lateral,-1,1,2,2,1,2,1,15.53,1,2,2,1,10
10195,2014,1,2014-12-17,SE,CORNELLA DE LLOBREGAT,Baix Llobregat,3,0,1,0,2,1,0,0,0,1,0,0,0,20.0,0.0,0,-1,No n'hi ha,-1.0,3,3,1,0,-1,0,0,0,0,0,0,0,0,1,1,2,-1,Atropellament,1,2,2,5,-1,2,1,7.1,0,3,2,17,12
10196,2014,0,2014-12-27,BV-2041,GAVA,Baix Llobregat,3,0,1,1,2,0,0,0,1,0,0,1,0,40.0,0.0,0,1,No n'hi ha,-1.0,3,3,1,0,0,0,0,0,0,0,0,0,0,0,2,-1,1,Caiguda en la via,-1,1,2,4,3,2,0,9.46,0,0,5,27,12
10197,2014,1,2014-11-18,N-II,PREMIA DE MAR,Maresme,3,1,0,0,1,0,0,0,1,0,0,0,0,50.0,0.0,0,2,No n'hi ha,-1.0,3,3,0,0,0,0,0,0,0,0,0,0,0,0,4,-1,1,Caiguda en la via,-1,0,2,4,2,2,1,16.18,1,0,1,18,11
10198,2014,0,2014-02-04,N-230,BOSSOST,Val d'Aran,2,0,1,1,1,0,0,0,0,1,0,0,0,100.0,0.0,0,3,No n'hi ha,-1.0,3,3,1,0,0,0,0,0,0,0,1,0,0,0,4,-1,1,Xoc contra objecte/obstacle sense sortida prèvia de via,-1,1,2,4,1,2,1,16.2,1,4,1,4,2
10199,2014,1,2014-01-07,SE,BARCELONA,Barcelones,3,0,1,0,2,1,0,0,0,1,0,0,0,100.0,0.0,0,-1,No n'hi ha,-1.0,3,3,1,0,0,0,0,0,0,0,0,0,1,0,5,-1,1,Atropellament,-1,2,2,5,-1,2,1,18.35,1,3,1,7,1
10200,2014,0,2014-07-18,C-31,"FAR D'EMPORDA, EL",Alt Emporda,1,0,1,0,1,0,0,0,0,0,1,0,0,60.0,0.0,0,1,No n'hi ha,-1.0,3,3,1,0,0,0,0,0,0,0,0,0,0,1,4,2,1,Resta sortides de via,3,1,2,4,2,2,0,17.44,1,1,4,18,7
10201,2014,1,2014-01-13,SE,BARCELONA,Barcelones,3,0,1,0,2,1,0,0,0,0,1,0,0,100.0,0.0,0,-1,No n'hi ha,-1.0,1,3,1,0,0,0,0,0,0,0,0,0,1,0,4,-1,0,Atropellament,-1,2,2,5,-1,2,1,8.15,0,3,0,13,1
10202,2014,0,2014-05-05,N-340,CAMBRILS,Baix Camp,0,0,1,0,2,0,0,0,1,1,0,0,0,90.0,0.0,0,-1,Sense Especificar,-1.0,3,3,1,0,0,0,0,0,0,0,0,0,0,1,4,4,-1,Fregament o col·lisió lateral,1,1,2,4,4,2,1,14.3,1,2,0,5,5
10203,2014,1,2014-01-27,BV-1604,PARETS DEL VALLES,Valles Oriental,3,0,1,1,2,1,0,0,1,0,0,0,0,100.0,0.0,0,2,No n'hi ha,-1.0,3,3,1,0,0,0,0,0,0,0,0,0,0,1,1,3,1,Atropellament,1,0,2,4,0,2,1,13.32,0,3,0,27,1
10204,2014,0,2014-05-19,C-58,VACARISSES,Valles Occidental,3,0,1,0,1,0,0,0,0,1,0,0,0,100.0,0.0,0,3,No n'hi ha,-1.0,3,3,1,0,0,0,0,0,0,0,0,0,0,1,4,4,1,Resta sortides de via,1,1,2,4,2,2,1,11.48,0,1,0,19,5
10205,2014,0,2014-02-01,C-25,ARTES,Bages,3,1,0,0,1,0,0,0,0,1,0,0,0,120.0,0.0,0,2,No n'hi ha,-1.0,1,3,0,0,0,0,1,0,0,0,0,0,0,0,2,-1,1,Resta sortides de via,-1,1,2,4,2,2,0,16.42,1,1,5,1,2
10206,2014,1,2014-02-22,SE,BARCELONA,Barcelones,3,1,0,0,1,0,0,0,0,1,0,0,0,100.0,0.0,0,-1,No n'hi ha,-1.0,3,3,0,0,0,0,0,0,0,0,0,0,0,1,5,3,0,Sortida de via amb xoc o col·lisió,1,2,2,5,-1,2,0,5.38,2,1,5,22,2
10207,2014,0,2014-07-15,GIV-6213,FORTIA,Alt Emporda,1,0,2,1,1,0,0,0,0,1,0,0,0,100.0,0.0,0,2,No n'hi ha,-1.0,3,3,1,0,0,0,0,0,0,0,0,0,0,0,4,-1,1,Resta sortides de via,-1,1,2,4,0,2,1,7.0,0,1,1,15,7
10208,2014,1,2014-07-13,SE,REUS,Baix Camp,0,0,1,0,2,0,1,0,0,1,0,0,0,100.0,0.0,0,-1,No n'hi ha,-1.0,3,3,1,0,0,0,0,0,0,0,0,0,0,0,4,-1,-1,Col·lisió frontal,-1,2,2,5,-1,2,0,10.2,0,2,6,13,7
10209,2014,0,2014-07-11,TV-2041,CREIXELL,Tarragones,0,0,1,0,2,0,0,0,1,1,0,0,0,100.0,0.0,0,2,No n'hi ha,-1.0,3,3,1,0,0,0,0,0,0,0,0,0,0,1,4,4,1,Envestida (frontal lateral),1,1,2,4,3,2,0,19.58,1,2,4,11,7
10210,2014,0,2014-08-08,N-IIa,CERVERA,Segarra,2,2,0,0,2,0,0,0,0,2,0,0,0,100.0,0.0,0,-1,No n'hi ha,-1.0,3,3,0,0,0,0,0,0,0,0,0,0,0,0,4,-1,-1,Col·lisió frontal,-1,1,2,4,-1,2,1,0.01,2,2,4,8,8
10211,2014,0,2014-01-23,N-340,"ARBO?, L'",Baix Penedes,0,0,2,0,2,0,0,0,0,1,1,0,0,100.0,0.0,0,2,No n'hi ha,-1.0,3,3,1,0,0,0,0,0,0,0,0,0,0,0,4,-1,1,Col·lisió frontal,-1,1,2,4,1,2,1,15.29,1,2,3,23,1
10212,2014,1,2014-06-14,SE,HOSPITALET DE LLOBREGAT,Barcelones,3,0,1,0,1,0,0,0,1,0,0,0,0,20.0,0.0,0,-1,No n'hi ha,-1.0,3,3,1,-1,0,0,0,-1,0,0,0,0,0,0,4,-1,0,Xoc contra objecte/obstacle sense sortida prèvia de via,-1,2,2,5,-1,2,0,17.5,1,4,5,14,6
10213,2014,0,2014-02-02,SE,VINEBRE,Ribera d'Ebre,0,1,0,0,1,0,0,0,0,0,1,0,0,100.0,0.0,0,3,No n'hi ha,-1.0,3,3,0,0,0,0,0,0,0,0,0,0,0,0,4,-1,1,Resta sortides de via,-1,1,2,0,4,2,0,12.25,0,1,6,2,2
10214,2014,0,2014-09-02,N-420,CASERES,Terra Alta,0,0,1,0,1,0,0,0,0,1,0,0,0,100.0,0.0,0,1,No n'hi ha,-1.0,3,3,1,0,0,0,0,0,0,0,0,0,0,0,4,-1,1,Resta sortides de via,-1,1,2,4,1,2,1,14.44,1,1,1,2,9
10215,2014,0,2014-06-25,C-14,PREIXENS,Noguera,2,0,1,1,1,0,0,0,0,1,0,0,0,100.0,0.0,1,2,No n'hi ha,-1.0,3,3,1,0,0,0,0,0,0,0,0,0,0,0,1,-1,1,Resta sortides de via,-1,1,2,4,2,2,1,6.14,0,1,2,25,6
10216,2014,0,2014-10-05,LP-3322,BELLCAIRE D'URGELL,Noguera,2,0,1,0,1,0,0,0,0,1,0,0,0,100.0,0.0,0,1,No n'hi ha,-1.0,3,3,1,0,0,0,0,0,0,0,0,0,0,0,3,-1,1,Resta sortides de via,-1,1,2,4,3,2,0,1.44,2,1,6,5,10
10217,2014,1,2014-11-27,SE,CARDEDEU,Valles Oriental,3,1,0,0,3,0,0,0,0,1,2,0,0,100.0,0.0,0,-1,No n'hi ha,-1.0,3,3,0,0,0,0,0,0,0,0,0,0,0,0,4,-1,1,Fregament o col·lisió lateral,-1,2,2,5,-1,2,1,8.1,0,2,3,27,11
10218,2014,0,2014-04-07,BV-5001,MONTCADA I REIXAC,Valles Occidental,3,0,1,1,2,0,0,1,0,1,0,0,0,50.0,0.0,0,1,No n'hi ha,-1.0,3,3,1,0,0,0,0,0,0,0,0,0,0,1,4,3,1,Encalç,1,1,2,4,3,2,1,14.15,1,2,0,7,4
10219,2014,0,2014-06-23,BP-1121,MARGANELL,Bages,3,0,1,0,1,0,1,0,0,0,0,0,0,90.0,0.0,0,-1,Sense Especificar,-1.0,3,3,1,0,0,0,0,0,0,0,0,0,0,0,4,-1,-1,Altres,-1,1,2,4,4,2,1,16.17,1,5,0,23,6
10220,2014,1,2014-01-28,SE,LLEIDA,Segria,2,0,1,0,2,1,0,0,0,1,0,0,0,20.0,0.0,0,2,No n'hi ha,-1.0,2,3,1,-1,0,0,0,0,0,0,0,0,0,0,5,-1,0,Atropellament,-1,2,0,5,-1,1,1,19.39,1,3,1,28,1
10221,2014,0,2014-07-27,C-153,SANTA MARIA DE CORCO,Osona,3,0,1,1,1,0,0,0,1,0,0,0,0,100.0,0.0,0,1,No n'hi ha,-1.0,3,3,1,0,0,0,0,0,0,0,0,0,0,0,4,-1,1,Resta sortides de via,-1,1,2,4,2,2,0,9.2,0,1,6,27,7
10222,2014,0,2014-04-19,T-211,"POBLA DE MONTORNES, LA",Tarragones,0,0,1,0,2,0,0,0,0,1,0,1,0,90.0,0.0,0,-1,Sense Especificar,-1.0,3,3,1,0,0,0,0,0,0,0,0,0,0,0,4,-1,-1,Fregament o col·lisió lateral,-1,1,2,4,4,2,0,12.26,0,2,5,19,4
10223,2014,1,2014-05-19,SE,BARCELONA,Barcelones,3,0,1,0,3,0,0,0,1,2,0,0,0,100.0,0.0,0,-1,No n'hi ha,-1.0,3,3,1,0,0,1,0,0,0,0,0,0,0,1,4,3,1,Encalç,2,2,2,5,-1,2,1,8.49,0,2,0,19,5
10224,2014,1,2014-09-07,SE,GIRONA,Girones,1,0,1,0,1,0,0,0,1,0,0,0,0,100.0,0.0,0,1,No n'hi ha,-1.0,3,3,1,0,0,0,0,0,0,0,0,0,0,0,4,-1,1,Caiguda en la via,-1,2,2,5,0,2,0,8.21,0,0,6,7,9
10225,2014,1,2014-11-26,SE,MARTORELL,Baix Llobregat,3,0,1,0,2,1,0,0,0,1,0,0,0,100.0,0.0,0,2,No n'hi ha,-1.0,1,3,1,0,0,0,0,0,0,0,0,0,0,1,4,2,1,Atropellament,1,2,2,5,-1,2,1,14.15,1,3,2,26,11
10226,2014,1,2014-02-13,SE,SANT BOI DE LLOBREGAT,Baix Llobregat,3,0,1,0,1,0,1,0,0,0,0,0,0,30.0,0.0,0,-1,No n'hi ha,-1.0,3,3,1,-1,0,0,0,-1,0,0,0,0,0,0,4,-1,0,Caiguda en la via,-1,0,1,0,0,2,1,17.2,1,0,3,13,2
10227,2014,1,2014-07-06,SE,PALAFRUGELL,Baix Emporda,1,0,1,0,2,0,0,0,1,1,0,0,0,20.0,0.0,0,-1,No n'hi ha,-1.0,3,3,1,-1,0,0,0,-1,0,0,0,0,0,1,4,4,1,Envestida (frontal lateral),1,2,2,5,-1,2,0,12.0,0,2,6,6,7
10228,2014,1,2014-07-03,SE,BARCELONA,Barcelones,3,0,1,0,2,1,0,0,1,0,0,0,0,100.0,0.0,0,-1,No n'hi ha,-1.0,3,3,1,0,0,0,0,0,0,0,0,0,0,0,4,-1,0,Atropellament,-1,2,2,5,-1,2,1,7.55,0,3,3,3,7
10229,2014,0,2014-06-04,N-340,AVINYONET DEL PENEDES,Alt Penedes,3,1,1,0,2,0,0,0,0,1,1,0,0,100.0,0.0,0,2,No n'hi ha,-1.0,3,3,0,0,0,0,0,0,0,0,0,0,0,0,4,-1,1,Col·lisió frontal,-1,1,2,4,1,2,1,15.59,1,2,2,4,6
10230,2014,1,2014-06-21,SE,MATARO,Maresme,3,0,1,0,2,0,0,0,0,2,0,0,0,20.0,0.0,0,-1,No n'hi ha,-1.0,3,3,1,0,-1,0,0,0,0,0,0,0,0,0,4,-1,-1,Col·lisió frontal,-1,2,2,5,-1,2,0,6.1,0,2,5,21,6
10231,2014,0,2014-07-28,N-II,SANT JULIA DE RAMIS,Girones,1,0,1,5,2,0,0,0,0,2,0,0,0,100.0,0.0,0,0,No n'hi ha,-1.0,2,3,1,0,0,0,0,0,0,0,0,0,0,0,4,-1,1,Col·lisió frontal,-1,1,2,4,1,2,1,16.12,1,2,0,28,7
10232,2014,0,2014-06-15,T-700,VIMBODI,Conca de Barbera,0,0,1,0,2,0,0,0,1,1,0,0,0,90.0,0.0,0,-1,Sense Especificar,-1.0,3,3,1,0,0,0,0,0,0,0,0,0,0,0,4,-1,-1,Fregament o col·lisió lateral,-1,1,2,4,4,2,0,12.35,0,2,6,15,6
10233,2014,1,2014-10-10,SE,"MASNOU, EL",Maresme,3,0,1,0,2,0,1,0,0,1,0,0,0,20.0,0.0,0,-1,No n'hi ha,-1.0,3,3,1,0,0,0,0,0,0,0,0,0,0,1,4,5,0,Envestida (frontal lateral),1,2,2,5,-1,2,1,14.17,1,2,4,10,10
10234,2014,1,2014-02-03,SE,"PRAT DE LLOBREGAT, E",Baix Llobregat,3,0,1,0,1,0,0,0,1,0,0,0,0,100.0,0.0,0,-1,No n'hi ha,-1.0,3,3,1,0,0,0,0,0,0,0,0,0,0,1,5,3,-1,Caiguda en la via,2,2,2,5,-1,2,1,21.2,1,0,0,3,2
10235,2014,1,2014-06-02,SE,BARCELONA,Barcelones,3,0,1,0,2,1,0,0,0,1,0,0,0,100.0,0.0,0,-1,No n'hi ha,-1.0,3,3,1,0,0,0,0,0,0,0,0,0,0,0,4,-1,1,Atropellament,-1,2,2,5,-1,2,1,16.4,1,3,0,2,6
10236,2014,1,2014-12-09,SE,TERRASSA,Valles Occidental,3,0,1,0,1,0,0,0,0,1,0,0,0,100.0,0.0,0,-1,No n'hi ha,-1.0,3,3,1,0,0,0,0,0,0,0,0,0,0,0,4,-1,-1,Altres,-1,2,2,5,-1,2,1,13.25,0,5,1,9,12
10237,2014,0,2014-06-28,SE,SABADELL,Valles Occidental,3,0,1,0,2,0,0,0,1,1,0,0,0,100.0,0.0,0,-1,No n'hi ha,-1.0,3,3,1,0,0,0,0,0,0,0,0,0,0,0,4,-1,-1,Envestida (frontal lateral),-1,1,2,0,-1,2,0,11.28,0,2,5,28,6
10238,2014,0,2014-03-12,GIV-6102,PALAU-SAVERDERA,Alt Emporda,1,1,0,0,1,0,0,0,1,0,0,0,0,100.0,0.0,0,2,No n'hi ha,-1.0,3,3,0,0,0,0,0,0,0,0,0,0,0,0,4,-1,1,Sortida de via amb xoc o col·lisió,-1,1,2,4,3,2,1,11.42,0,1,2,12,3
10239,2014,1,2014-08-06,SE,ROSES,Alt Emporda,1,0,1,0,2,1,0,0,0,1,0,0,0,40.0,0.0,0,-1,No n'hi ha,-1.0,3,3,1,-1,0,0,0,-1,0,0,0,0,-1,0,4,-1,1,Atropellament,-1,2,2,5,-1,2,1,19.3,1,3,2,6,8
10240,2014,1,2014-08-08,SE,BARCELONA,Barcelones,3,0,2,0,2,0,0,0,1,1,0,0,0,100.0,0.0,0,-1,No n'hi ha,0.0,3,3,1,0,0,0,0,0,0,0,0,0,1,1,5,3,1,Envestida (frontal lateral),2,2,2,5,-1,2,1,5.25,2,2,4,8,8
10241,2014,1,2014-10-20,SE,SABADELL,Valles Occidental,3,0,1,0,1,0,1,0,0,0,0,0,0,20.0,0.0,0,2,No n'hi ha,0.0,3,3,1,0,0,0,0,0,0,0,0,0,1,0,1,-1,0,Xoc contra objecte/obstacle sense sortida prèvia de via,-1,2,2,5,0,2,1,7.49,0,4,0,20,10