,Year,Area,Date,Road,Municipality Name,County Name,Province Name,Fatalties,Serious Injuries,Light Injuries,Units Involved,Pedestrains Involved,Bicycles Involved,Mopeds Involved,Motorcycles,Light Vehicles Involved,Heavy Vehicles Involved,Other Units Involved,Unspecified Units Involved,Road Speed Limit,Accident with Hit and Run,Fog Presence,Surrounding Environment,Special Lane Presence,Special Traffic Measures,Weather Conditions,Special Road Functions,Severity of Accident,Influence of Fog,Influence of Environment,Influence of Traffic,Influence of Weather,Influence of Wind Intensity,Influence of Lighting,Influence of Special Measures,Influence of Road Objects,Influence of Road Surface,Influence of Visibility,Intersection Characteristics,Lighting Conditions,Traffic Regulation and Priority,Direction of Road,Subtype of Accident,Subtype of Road Section,Subzone within Area,Road Surface Conditions,Type of Road,Road Ownership,Wind Conditions,Day of the Week Grouping,Hour of Day,Time of Day Grouping,Type of Accident,Day Type,Day,Month
10242,2014,1,2014-09-27,SE,MATARO,Maresme,3,0,2,0,1,0,0,0,1,0,0,0,0,30.0,0.0,0,2,No n'hi ha,-1.0,3,3,1,-1,0,0,0,-1,0,0,0,0,-1,0,1,-1,0,Xoc contra objecte/obstacle sense sortida prèvia de via,-1,2,2,5,-1,2,0,7.1,0,4,5,27,9
10243,2014,0,2014-05-06,N-260,BAIX PALLARS,Pallars Sobira,2,1,0,0,1,0,0,0,0,1,0,0,0,100.0,0.0,0,1,No n'hi ha,-1.0,3,3,0,0,0,0,0,0,0,0,0,0,0,0,4,-1,1,Resta sortides de via,-1,1,2,4,1,2,1,12.3,0,1,1,6,5
10244,2014,1,2014-10-20,SE,TERRASSA,Valles Occidental,3,0,1,0,2,0,0,0,1,1,0,0,0,100.0,0.0,0,-1,No n'hi ha,-1.0,3,3,1,0,0,0,0,0,0,0,0,0,0,0,4,-1,-1,Envestida (frontal lateral),-1,2,2,5,-1,2,1,14.5,1,2,0,20,10
10245,2014,1,2014-09-25,SE,MANRESA,Bages,3,0,1,0,2,1,0,0,0,1,0,0,0,100.0,0.0,0,2,No n'hi ha,-1.0,3,3,1,0,0,0,0,0,0,0,0,0,0,0,4,-1,0,Atropellament,-1,2,2,5,-1,2,1,10.43,0,3,3,25,9
10246,2014,1,2014-06-18,SE,BARCELONA,Barcelones,3,0,1,0,2,1,0,0,0,1,0,0,0,30.0,0.0,0,-1,No n'hi ha,-1.0,3,3,1,0,0,0,0,0,0,0,0,0,0,0,4,-1,0,Atropellament,-1,2,2,5,-1,2,1,20.3,1,3,2,18,6
10247,2014,1,2014-01-19,SE,LLICA DE VALL,Valles Oriental,3,0,1,0,1,0,0,0,0,1,0,0,0,20.0,0.0,0,-1,No n'hi ha,-1.0,1,3,1,0,0,0,1,0,0,0,0,0,0,0,0,-1,-1,Sortida de via amb xoc o col·lisió,-1,2,0,5,-1,2,0,9.15,0,1,6,19,1
10248,2014,0,2014-02-12,N-II,"FAR D'EMPORDA, EL",Alt Emporda,1,0,1,1,2,0,0,0,0,1,1,0,0,80.0,0.0,0,0,No n'hi ha,-1.0,3,3,1,0,0,0,0,0,0,0,0,0,0,0,3,-1,1,Fregament o col·lisió lateral,-1,1,2,4,1,2,1,5.12,2,2,2,12,2
10249,2014,1,2014-04-03,SE,VIC,Osona,3,0,1,0,2,0,0,1,0,0,1,0,0,100.0,0.0,0,2,No n'hi ha,-1.0,1,3,1,0,0,0,1,0,0,0,0,0,0,1,4,4,0,Caiguda en la via,2,2,2,5,-1,2,1,12.45,0,0,3,3,4
10250,2014,1,2014-10-27,SE,MORA LA NOVA,Ribera d'Ebre,0,0,1,0,2,1,0,0,0,1,0,0,0,100.0,0.0,0,2,No n'hi ha,-1.0,3,3,1,0,0,0,0,0,0,0,0,0,1,0,5,-1,1,Atropellament,-1,2,2,5,-1,2,1,20.39,1,3,0,27,10
10251,2014,0,2014-04-05,C-1415A,TERRASSA,Valles Occidental,3,0,1,2,2,0,0,0,1,1,0,0,0,50.0,0.0,0,3,No n'hi ha,-1.0,3,3,1,0,1,0,0,0,0,0,0,0,0,1,4,5,1,Envestida (frontal lateral),1,1,2,4,3,2,0,17.11,1,2,5,5,4
10252,2014,1,2014-10-23,SE,GIRONA,Girones,1,0,1,0,2,0,0,0,1,1,0,0,0,100.0,0.0,0,2,No n'hi ha,-1.0,3,3,1,0,0,0,0,0,0,0,0,0,0,0,5,-1,1,Encalç,-1,2,2,5,-1,2,1,19.57,1,2,3,23,10
10253,2014,1,2014-04-04,SE,BARCELONA,Barcelones,3,0,1,0,2,1,1,0,0,0,0,0,0,100.0,0.0,0,-1,Carril bici,-1.0,1,3,1,0,0,0,0,0,0,0,0,0,0,1,4,3,1,Atropellament,2,2,0,5,-1,2,1,8.45,0,3,4,4,4
10254,2014,0,2014-05-10,C-14,TARREGA,Urgell,2,0,2,2,2,0,0,0,0,2,0,0,0,90.0,0.0,0,2,No n'hi ha,-1.0,3,3,1,0,0,0,0,0,0,0,0,0,0,0,4,-1,1,Envestida (frontal lateral),-1,1,2,4,2,2,0,12.0,0,2,5,10,5
10255,2014,1,2014-10-06,SE,BARCELONA,Barcelones,3,0,1,1,2,0,0,0,2,0,0,0,0,100.0,0.0,0,-1,No n'hi ha,-1.0,3,3,1,0,0,0,0,0,0,0,0,0,0,1,4,3,0,Envestida (frontal lateral),2,2,2,5,-1,2,1,15.15,1,2,0,6,10
10256,2014,0,2014-04-11,C-15,OLERDOLA,Alt Penedes,3,0,1,3,2,0,0,0,0,2,0,0,0,80.0,0.0,0,2,No n'hi ha,3.0,3,3,1,0,0,1,0,0,0,0,0,0,0,0,4,-1,0,Encalç,-1,1,2,4,2,2,0,19.12,1,2,4,11,4
10257,2014,1,2014-04-10,SE,BARCELONA,Barcelones,3,0,1,0,2,0,0,0,1,1,0,0,0,100.0,0.0,0,-1,No n'hi ha,-1.0,3,3,1,0,0,0,0,0,0,0,0,0,0,1,4,2,0,Encalç,2,2,2,5,-1,2,1,12.5,0,2,3,10,4
10258,2014,0,2014-10-04,N-260,FONTANALS DE CERDANYA,Cerdanya,1,0,1,0,1,0,0,0,1,0,0,0,0,100.0,0.0,0,1,No n'hi ha,-1.0,3,3,1,0,0,0,0,0,0,0,0,0,0,0,4,-1,1,Caiguda en la via,-1,1,2,4,1,2,0,10.55,0,0,5,4,10
10260,2014,1,2014-10-15,SE,SANT CUGAT DEL VALLES,Valles Occidental,3,0,1,0,1,0,0,0,1,0,0,0,0,20.0,0.0,0,-1,No n'hi ha,-1.0,3,3,1,-1,-1,0,0,-1,0,0,1,0,0,1,5,5,-1,Caiguda en la via,3,2,1,5,-1,2,1,20.3,1,0,2,15,10
10261,2014,0,2014-04-15,N-260a,OLOT,Garrotxa,1,0,1,0,1,0,1,0,0,0,0,0,0,90.0,0.0,0,-1,Sense Especificar,-1.0,3,3,1,0,0,0,0,0,0,0,0,0,0,0,4,-1,-1,Altres,-1,1,2,4,4,2,1,18.34,1,5,1,15,4
10262,2014,1,2014-01-04,SE,SANT BOI DE LLOBREGAT,Baix Llobregat,3,0,1,0,1,0,0,0,1,0,0,0,0,20.0,0.0,0,-1,No n'hi ha,-1.0,3,3,1,-1,0,0,0,-1,0,0,0,0,0,0,5,-1,1,Caiguda en la via,-1,2,0,5,-1,2,0,5.15,2,0,5,4,1
10263,2014,1,2014-01-23,SE,HOSPITALET DE LLOBREGAT,Barcelones,3,0,1,0,2,0,0,0,0,1,1,0,0,20.0,0.0,0,-1,No n'hi ha,-1.0,3,3,1,0,0,0,0,0,0,0,0,0,0,1,4,4,-1,Envestida (frontal lateral),2,2,2,5,-1,2,1,13.15,0,2,3,23,1
10264,2014,0,2014-06-09,BP-1103,"BRUC, EL",Anoia,3,0,2,0,1,0,0,0,1,0,0,0,0,100.0,0.0,0,1,No n'hi ha,-1.0,3,3,1,0,0,0,0,0,0,0,0,0,0,0,4,-1,1,Caiguda en la via,-1,1,2,4,2,2,1,10.56,0,0,0,9,6
10265,2014,1,2014-06-24,SE,CAMBRILS,Baix Camp,0,0,1,0,2,0,0,0,1,1,0,0,0,100.0,0.0,0,-1,No n'hi ha,-1.0,3,3,1,0,0,0,0,0,0,0,0,0,0,0,4,-1,-1,Envestida (frontal lateral),-1,2,2,5,-1,2,1,17.0,1,2,1,24,6
10266,2014,1,2014-02-02,SE,MATARO,Maresme,3,0,1,0,2,1,0,0,0,1,0,0,0,20.0,0.0,0,-1,No n'hi ha,-1.0,1,3,1,0,0,0,0,0,0,0,0,0,0,0,5,-1,-1,Atropellament,-1,2,0,5,-1,2,0,6.4,0,3,6,2,2
10267,2014,0,2014-08-31,N-IIa,SANT JULIA DE RAMIS,Girones,1,0,1,0,1,0,0,1,0,0,0,0,0,50.0,0.0,0,2,No n'hi ha,-1.0,3,3,1,0,0,0,0,0,0,0,0,0,0,2,5,1,0,Caiguda en la via,0,1,2,4,1,2,0,1.34,2,0,6,31,8
10268,2014,0,2014-03-13,N-340,RODA DE BARA,Tarragones,0,0,1,0,2,0,0,0,1,1,0,0,0,40.0,0.0,0,2,No n'hi ha,-1.0,3,3,1,0,0,0,0,0,0,0,0,0,0,1,4,4,0,Envestida (frontal lateral),0,1,2,4,1,2,1,14.15,1,2,3,13,3
10269,2014,0,2014-02-11,BV-2127,VILOBI DEL PENEDES,Alt Penedes,3,0,1,1,2,0,0,0,0,2,0,0,0,90.0,0.0,0,-1,Sense Especificar,-1.0,3,3,1,0,0,0,0,0,0,0,0,0,0,0,4,-1,-1,Fregament o col·lisió lateral,-1,1,2,4,4,2,1,18.57,1,2,1,11,2
10270,2014,0,2014-11-29,C-31,SITGES,Garraf,3,0,1,1,2,0,0,0,0,2,0,0,0,60.0,0.0,0,3,No n'hi ha,-1.0,2,3,1,0,0,0,1,0,0,0,0,0,0,0,2,-1,1,Col·lisió frontal,-1,1,2,4,2,2,0,12.57,0,2,5,29,11
10271,2014,1,2014-07-03,SE,SANT CELONI,Valles Oriental,3,0,1,0,2,1,0,0,1,0,0,0,0,40.0,0.0,0,2,No n'hi ha,-1.0,3,3,1,0,0,0,0,0,0,0,0,0,0,0,4,-1,0,Atropellament,-1,2,2,5,-1,2,1,7.3,0,3,3,3,7
10272,2014,0,2014-10-04,GI-503,MACANET DE CABRENYS,Alt Emporda,1,0,1,0,1,0,0,0,1,0,0,0,0,100.0,0.0,0,1,No n'hi ha,-1.0,3,3,1,0,0,0,0,0,0,0,0,0,0,0,4,-1,1,Resta sortides de via,-1,1,2,4,3,2,0,17.46,1,1,5,4,10
10273,2014,1,2014-11-25,SE,SALOU,Tarragones,0,0,1,0,2,0,0,0,1,1,0,0,0,100.0,0.0,0,2,No n'hi ha,-1.0,3,3,1,0,0,0,0,0,0,0,0,0,0,0,1,-1,1,Col·lisió frontal,-1,2,2,5,-1,2,1,17.45,1,2,1,25,11
10274,2014,0,2014-04-04,C-37,VALLS,Alt Camp,0,0,1,0,2,1,0,0,0,1,0,0,0,50.0,0.0,0,2,No n'hi ha,-1.0,3,3,1,0,0,0,0,0,0,0,0,0,0,0,4,-1,1,Atropellament,-1,1,2,4,2,2,0,17.05,1,3,4,4,4
10275,2014,1,2014-02-27,SE,ESPLUGUES DE LLOBREGAT,Baix Llobregat,3,0,1,0,2,0,0,0,1,1,0,0,0,20.0,0.0,0,-1,No n'hi ha,-1.0,3,3,1,0,-1,0,0,0,0,0,0,0,0,1,4,4,-1,Envestida (frontal lateral),2,2,2,5,-1,2,1,12.25,0,2,3,27,2
10276,2014,1,2014-06-02,SE,SANT CUGAT DEL VALLES,Valles Occidental,3,0,1,0,1,0,1,0,0,0,0,0,0,20.0,0.0,0,-1,No n'hi ha,-1.0,3,3,1,-1,-1,0,0,-1,0,0,0,0,0,0,4,-1,-1,Xoc contra objecte/obstacle sense sortida prèvia de via,-1,2,2,5,-1,2,1,19.25,1,4,0,2,6
10277,2014,1,2014-05-26,SE,MATARO,Maresme,3,0,1,0,3,1,0,0,0,2,0,0,0,20.0,0.0,0,3,No n'hi ha,-1.0,3,3,1,-1,0,0,0,-1,0,0,0,0,-1,0,5,-1,1,Atropellament,-1,2,2,5,-1,2,1,21.45,1,3,0,26,5
10278,2014,1,2014-05-20,SE,TERRASSA,Valles Occidental,3,1,1,1,2,0,0,0,0,2,0,0,0,100.0,0.0,0,-1,No n'hi ha,-1.0,3,3,0,0,0,0,0,0,0,0,0,0,0,0,4,-1,-1,Altres,-1,2,2,5,-1,2,1,20.1,1,5,1,20,5
10279,2014,1,2014-07-14,SE,"PRAT DE LLOBREGAT, E",Baix Llobregat,3,0,1,0,2,0,0,0,1,1,0,0,0,100.0,0.0,0,-1,No n'hi ha,-1.0,3,3,1,0,0,0,0,0,0,0,0,0,0,1,4,4,-1,Envestida (frontal lateral),1,2,2,5,-1,2,1,14.45,1,2,0,14,7
10280,2014,1,2014-09-10,SE,PALLEJA,Baix Llobregat,3,0,1,1,2,0,0,0,1,1,0,0,0,100.0,0.0,0,-1,No n'hi ha,-1.0,3,3,1,0,0,0,0,0,0,0,0,0,0,0,4,-1,-1,Fregament o col·lisió lateral,-1,2,2,5,-1,2,1,12.2,0,2,2,10,9
10281,2014,0,2014-07-12,C-17,MOLLET DEL VALLES,Valles Oriental,3,1,0,1,2,0,0,0,1,1,0,0,0,100.0,0.0,0,0,No n'hi ha,-1.0,3,3,0,0,0,0,0,0,1,0,0,0,0,0,4,-1,1,Fregament o col·lisió lateral,-1,1,2,4,-1,2,0,8.03,0,2,5,12,7
10282,2014,1,2014-06-07,SE,HOSPITALET DE LLOBREGAT,Barcelones,3,0,1,0,1,0,0,0,0,1,0,0,0,20.0,0.0,0,-1,No n'hi ha,-1.0,3,3,1,-1,-1,0,0,-1,0,0,0,0,0,1,4,5,0,Caiguda en la via,0,2,2,5,-1,2,0,13.1,0,0,5,7,6
10283,2014,0,2014-09-11,C-31,SITGES,Garraf,3,0,1,0,2,0,1,0,0,1,0,0,0,60.0,0.0,0,1,No n'hi ha,-1.0,3,3,1,0,0,0,0,0,0,0,0,0,0,0,4,-1,1,Resta sortides de via,-1,1,2,4,2,2,1,18.52,1,1,3,11,9
10284,2014,0,2014-08-07,GI-682,BLANES,Selva,1,0,1,0,1,0,0,0,1,0,0,0,0,40.0,0.0,0,2,No n'hi ha,-1.0,3,3,1,-1,0,0,0,-1,0,0,0,0,-1,1,5,4,-1,Caiguda en la via,0,1,2,4,-1,2,1,22.01,2,0,3,7,8
10285,2014,0,2014-07-29,N-145,"VALLS DE VALIRA, LES",Alt Urgell,2,0,1,0,2,0,0,0,0,2,0,0,0,90.0,0.0,0,1,No n'hi ha,-1.0,3,3,1,0,0,0,0,0,0,0,0,0,0,0,4,-1,1,Fregament o col·lisió lateral,-1,1,2,4,1,2,1,10.57,0,2,1,29,7
10286,2014,1,2014-12-11,SE,BADALONA,Barcelones,3,0,1,0,2,1,0,0,0,1,0,0,0,20.0,0.0,0,-1,No n'hi ha,-1.0,3,3,1,-1,0,0,0,-1,0,0,0,0,-1,1,4,2,0,Atropellament,2,2,2,5,-1,2,1,11.0,0,3,3,11,12
10287,2014,1,2014-07-23,SE,SABADELL,Valles Occidental,3,0,1,0,2,0,1,0,0,1,0,0,0,100.0,0.0,0,-1,No n'hi ha,-1.0,3,3,1,0,0,0,0,0,0,0,0,0,0,0,4,-1,-1,Fregament o col·lisió lateral,-1,2,2,5,-1,2,1,11.0,0,2,2,23,7
10288,2014,1,2014-01-26,SE,GIRONA,Girones,1,0,1,3,1,0,0,0,0,1,0,0,0,100.0,0.0,0,2,Carril central,-1.0,3,3,1,0,0,0,0,0,0,0,0,0,0,1,4,3,1,Xoc contra objecte/obstacle sense sortida prèvia de via,1,2,2,5,-1,2,0,14.01,1,4,6,26,1
10289,2014,1,2014-10-15,SE,MOLINS DE REI,Baix Llobregat,3,1,0,0,1,0,0,0,1,0,0,0,0,20.0,0.0,0,0,Carril central,-1.0,3,3,0,-1,0,0,0,-1,0,0,0,0,-1,0,4,-1,1,Sortida de via amb xoc o col·lisió,-1,2,2,5,-1,2,1,15.13,1,1,2,15,10
10290,2014,1,2014-05-04,SE,HOSPITALET DE LLOBREGAT,Barcelones,3,0,1,0,2,0,0,1,0,1,0,0,0,20.0,1.0,0,2,No n'hi ha,-1.0,3,3,1,-1,0,0,0,-1,0,0,0,0,-1,1,5,3,1,Envestida (frontal lateral),2,2,2,5,-1,2,0,23.25,2,2,6,4,5
10291,2014,0,2014-01-26,C-51,"BISBAL DEL PENEDES, LA",Baix Penedes,0,0,1,0,1,0,0,0,1,0,0,0,0,100.0,0.0,0,3,No n'hi ha,-1.0,3,3,1,0,0,0,0,0,0,0,0,0,0,0,4,-1,1,Resta sortides de via,-1,1,2,4,2,0,0,12.14,0,1,6,26,1
10292,2014,0,2014-10-01,C-35,SANT FELIU DE BUIXALLEU,Selva,1,1,0,0,2,0,0,0,0,1,1,0,0,100.0,0.0,0,2,No n'hi ha,-1.0,3,3,0,0,0,0,0,0,0,0,0,0,0,1,4,5,1,Envestida (frontal lateral),3,1,2,4,2,2,1,15.02,1,2,2,1,10
10293,2014,1,2014-03-21,SE,"GARRIGA, LA",Valles Oriental,3,0,1,0,2,0,0,1,0,1,0,0,0,20.0,0.0,0,2,No n'hi ha,-1.0,3,3,1,-1,0,0,0,-1,0,0,0,0,0,1,4,4,0,Envestida (frontal lateral),2,2,2,5,-1,2,1,13.4,0,2,4,21,3
10294,2014,0,2014-07-07,N-340,"VENDRELL, EL",Baix Penedes,0,0,1,3,1,0,0,0,0,0,1,0,0,100.0,0.0,0,2,No n'hi ha,3.0,2,3,1,0,0,0,1,0,0,0,0,0,0,1,2,4,1,Resta sortides de via,3,1,2,4,1,1,1,10.53,0,1,0,7,7
10295,2014,0,2014-10-18,C-14,PONTS,Noguera,2,1,0,2,2,0,0,0,0,2,0,0,0,100.0,0.0,0,1,Carril lent,-1.0,3,3,0,0,0,0,0,0,0,0,0,0,0,0,4,-1,1,Envestida (frontal lateral),-1,1,2,4,2,2,0,15.3,1,2,5,18,10
10296,2014,1,2014-05-14,SE,GIRONA,Girones,1,0,1,0,2,0,0,1,0,1,0,0,0,20.0,,0,-1,No n'hi ha,-1.0,3,3,1,0,0,0,0,0,0,0,0,0,0,1,4,3,-1,Envestida (frontal lateral),2,2,2,5,-1,2,1,19.48,1,2,2,14,5
10297,2014,1,2014-03-24,SE,BARCELONA,Barcelones,3,0,1,0,2,0,0,1,1,0,0,0,0,100.0,0.0,0,-1,No n'hi ha,-1.0,3,3,1,0,0,0,0,0,0,0,0,0,0,1,5,3,0,Envestida (frontal lateral),2,2,2,5,-1,2,1,19.0,1,2,0,24,3
10298,2014,1,2014-03-20,SE,MANRESA,Bages,3,0,1,0,2,0,1,0,0,1,0,0,0,100.0,0.0,0,0,No n'hi ha,-1.0,3,3,1,0,0,0,0,0,0,0,0,0,0,2,4,4,1,Col·lisió frontal,1,2,2,5,0,2,1,17.3,1,2,3,20,3
10299,2014,1,2014-11-15,SE,MANRESA,Bages,3,0,1,0,1,0,0,0,1,0,0,0,0,100.0,0.0,0,2,No n'hi ha,-1.0,3,3,1,0,0,0,0,0,0,0,0,0,0,0,4,-1,1,Caiguda en la via,-1,2,2,5,-1,2,0,16.45,1,0,5,15,11
10300,2014,1,2014-04-14,SE,BARCELONA,Barcelones,3,0,2,0,1,0,0,0,1,0,0,0,0,100.0,0.0,0,-1,No n'hi ha,-1.0,3,3,1,0,0,0,0,0,0,0,0,0,0,1,5,3,1,Resta sortides de via,2,2,2,5,-1,2,1,5.15,2,1,0,14,4
10301,2014,0,2014-04-12,GI-681,TOSSA DE MAR,Selva,1,0,2,0,2,0,0,0,2,0,0,0,0,100.0,0.0,0,1,No n'hi ha,-1.0,3,3,1,0,0,0,0,0,0,0,0,0,0,0,4,-1,1,Resta sortides de via,-1,1,2,4,3,2,0,12.54,0,1,5,12,4
10302,2014,1,2014-05-01,SE,VIC,Osona,3,0,1,0,2,1,0,0,0,1,0,0,0,100.0,0.0,0,2,No n'hi ha,-1.0,3,3,1,0,0,0,0,0,0,0,0,0,0,2,4,2,0,Atropellament,0,2,2,5,-1,2,1,12.0,0,3,3,1,5
10303,2014,1,2014-02-11,SE,BARCELONA,Barcelones,3,0,1,0,2,1,1,0,0,0,0,0,0,100.0,0.0,0,-1,Carril bici,-1.0,3,3,1,0,0,0,0,0,0,0,0,0,1,0,5,-1,1,Atropellament,-1,2,2,5,-1,2,1,20.45,1,3,1,11,2
10304,2014,1,2014-01-05,SE,ROQUETES,Baix Ebre,0,0,1,0,2,0,0,1,0,1,0,0,0,20.0,0.0,0,2,No n'hi ha,-1.0,3,3,1,-1,0,0,0,-1,0,0,0,0,-1,0,4,-1,1,Col·lisió frontal,-1,2,2,5,-1,2,0,17.11,1,2,6,5,1
10305,2014,1,2014-06-30,SE,BARCELONA,Barcelones,3,0,1,0,2,1,0,0,0,1,0,0,0,100.0,0.0,0,-1,Carril bus,-1.0,3,3,1,0,0,0,0,0,0,0,0,0,0,1,4,3,0,Atropellament,2,2,2,5,-1,2,1,17.05,1,3,0,30,6
10306,2014,1,2014-05-20,SE,BARCELONA,Barcelones,3,0,1,0,2,0,0,0,1,0,1,0,0,100.0,0.0,0,-1,No n'hi ha,-1.0,3,3,1,0,0,1,0,0,0,0,0,0,0,0,4,-1,0,Caiguda en la via,-1,2,0,5,-1,2,1,13.3,0,0,1,20,5
10307,2014,1,2014-08-08,SE,BARCELONA,Barcelones,3,0,1,1,2,1,0,0,1,0,0,0,0,100.0,0.0,0,-1,No n'hi ha,-1.0,3,3,1,0,0,0,0,0,0,0,0,0,0,1,4,3,0,Atropellament,2,2,2,5,-1,2,1,14.2,1,3,4,8,8
10308,2014,0,2014-07-25,GI-520,VILADRAU,Osona,1,0,1,0,1,0,0,0,0,1,0,0,0,100.0,0.0,0,2,No n'hi ha,-1.0,3,3,1,0,0,0,0,0,0,0,0,0,0,0,4,-1,1,Resta sortides de via,-1,1,2,4,3,2,0,16.04,1,1,4,25,7
10309,2014,1,2014-11-03,SE,GAVA,Baix Llobregat,3,0,1,0,2,1,0,0,0,1,0,0,0,20.0,0.0,0,2,No n'hi ha,-1.0,3,3,1,-1,0,0,0,-1,0,0,0,0,-1,1,4,4,-1,Atropellament,2,2,2,5,-1,2,1,12.5,0,3,0,3,11
10310,2014,0,2014-01-05,C-17,MONTCADA I REIXAC,Valles Occidental,3,0,2,0,1,0,0,0,1,0,0,0,0,50.0,0.0,0,1,No n'hi ha,-1.0,3,3,1,0,0,0,0,0,0,0,0,0,0,0,4,-1,1,Xoc contra objecte/obstacle sense sortida prèvia de via,-1,1,2,1,2,2,0,15.22,1,4,6,5,1
10311,2014,0,2014-06-20,T-340,DELTEBRE,Baix Ebre,0,0,1,0,2,0,0,1,0,1,0,0,0,100.0,0.0,0,0,No n'hi ha,-1.0,3,3,1,0,0,0,0,0,0,0,0,0,0,0,3,-1,1,Col·lisió frontal,-1,1,2,4,2,2,0,22.0,2,2,4,20,6
10312,2014,0,2014-07-29,C-462,NAVES,Solsones,2,0,1,0,1,0,0,0,1,0,0,0,0,90.0,0.0,0,-1,Sense Especificar,-1.0,3,3,1,0,0,0,0,0,0,0,0,0,0,0,3,-1,1,Xoc contra objecte/obstacle sense sortida prèvia de via,-1,1,2,4,2,2,1,21.48,1,4,1,29,7
10313,2014,1,2014-06-21,SE,BADALONA,Barcelones,3,1,0,0,3,0,0,0,1,2,0,0,0,20.0,0.0,0,-1,No n'hi ha,-1.0,3,3,0,-1,0,0,0,-1,0,0,0,0,0,1,1,3,1,Envestida (frontal lateral),1,2,2,5,-1,2,0,6.53,0,2,5,21,6
10314,2014,1,2014-10-05,SE,BARCELONA,Barcelones,3,0,1,0,2,0,0,0,1,1,0,0,0,100.0,0.0,0,-1,No n'hi ha,-1.0,3,3,1,0,0,0,0,0,0,0,0,0,0,1,4,3,0,Encalç,2,2,0,5,-1,2,0,16.05,1,2,6,5,10
10315,2014,1,2014-02-08,SE,SANT QUIRZE DEL VALLES,Valles Occidental,3,0,1,2,1,0,0,0,0,1,0,0,0,100.0,0.0,0,2,No n'hi ha,-1.0,3,3,1,0,0,0,0,0,0,0,0,0,0,0,4,-1,1,Xoc contra objecte/obstacle sense sortida prèvia de via,-1,2,2,5,-1,2,0,16.0,1,4,5,8,2
10316,2014,0,2014-09-14,BV-1123,"BRUC, EL",Anoia,3,0,1,0,1,0,0,0,1,0,0,0,0,100.0,0.0,0,2,No n'hi ha,-1.0,3,3,1,0,0,0,0,0,0,0,0,0,1,0,4,-1,1,Resta sortides de via,-1,1,2,4,3,2,0,12.23,0,1,6,14,9
10317,2014,0,2014-06-01,C-31,"VENDRELL, EL",Baix Penedes,0,1,0,0,2,0,0,0,1,1,0,0,0,100.0,0.0,0,3,No n'hi ha,-1.0,3,3,0,0,0,0,0,0,0,0,0,0,0,0,4,-1,1,Col·lisió frontal,-1,1,2,4,2,2,0,15.54,1,2,6,1,6
10318,2014,1,2014-06-12,SE,IGUALADA,Anoia,3,0,1,0,2,1,0,0,0,1,0,0,0,50.0,1.0,0,2,No n'hi ha,-1.0,3,3,1,-1,0,0,0,-1,0,0,0,0,0,1,4,2,0,Atropellament,2,2,2,5,-1,2,1,10.0,0,3,3,12,6
10319,2014,0,2014-09-29,B-22,"PRAT DE LLOBREGAT, E",Baix Llobregat,3,0,1,0,2,0,0,1,0,1,0,0,0,100.0,0.0,0,2,No n'hi ha,-1.0,3,3,1,0,0,0,0,0,0,0,0,0,1,0,0,-1,0,Encalç,-1,1,2,4,1,2,1,6.14,0,2,0,29,9
10320,2014,1,2014-10-10,SE,MANRESA,Bages,3,0,1,0,2,1,0,0,0,1,0,0,0,100.0,0.0,0,2,No n'hi ha,-1.0,2,3,1,0,0,0,1,0,0,0,0,0,0,0,5,-1,1,Atropellament,-1,2,2,5,-1,2,0,19.3,1,3,4,10,10
10321,2014,1,2014-04-07,SE,MATARO,Maresme,3,0,1,1,2,0,0,0,1,1,0,0,0,20.0,0.0,0,-1,No n'hi ha,-1.0,3,3,1,-1,0,0,0,-1,0,0,0,0,0,1,4,4,0,Envestida (frontal lateral),2,2,2,5,-1,2,1,14.42,1,2,0,7,4
10322,2014,1,2014-02-22,SE,BARCELONA,Barcelones,3,0,1,0,2,0,0,0,2,0,0,0,0,100.0,0.0,0,-1,No n'hi ha,-1.0,3,3,1,0,0,0,0,0,0,0,0,0,0,0,4,-1,0,Caiguda en la via,-1,2,2,5,-1,2,0,15.0,1,0,5,22,2
10323,2014,1,2014-01-11,SE,SANT BOI DE LLOBREGAT,Baix Llobregat,3,0,1,0,3,2,0,0,0,1,0,0,0,100.0,0.0,0,2,No n'hi ha,-1.0,3,3,1,0,0,0,0,0,0,0,0,0,0,0,5,-1,1,Atropellament,-1,2,2,5,-1,2,0,19.19,1,3,5,11,1
10324,2014,0,2014-04-10,BV-1201,ABRERA,Baix Llobregat,3,1,0,0,2,0,0,0,1,1,0,0,0,100.0,0.0,0,-1,No n'hi ha,-1.0,3,3,0,0,0,0,0,0,0,0,0,0,0,0,4,-1,-1,Sortida de via amb xoc o col·lisió,-1,1,2,4,-1,2,1,22.3,2,1,3,10,4
10325,2015,1,2015-03-23,SE,TERRASSA,Valles Occidental,3,0,1,0,1,0,0,0,1,0,0,0,0,100.0,0.0,0,-1,No n'hi ha,-1.0,3,3,1,0,0,0,0,0,0,0,0,0,0,0,4,-1,-1,Altres,-1,2,2,5,-1,2,1,0.4,2,5,0,23,3