,Year,Area,Date,Road,Municipality Name,County Name,Province Name,Fatalties,Serious Injuries,Light Injuries,Units Involved,Pedestrains Involved,Bicycles Involved,Mopeds Involved,Motorcycles,Light Vehicles Involved,Heavy Vehicles Involved,Other Units Involved,Unspecified Units Involved,Road Speed Limit,Accident with Hit and Run,Fog Presence,Surrounding Environment,Special Lane Presence,Special Traffic Measures,Weather Conditions,Special Road Functions,Severity of Accident,Influence of Fog,Influence of Environment,Influence of Traffic,Influence of Weather,Influence of Wind Intensity,Influence of Lighting,Influence of Special Measures,Influence of Road Objects,Influence of Road Surface,Influence of Visibility,Intersection Characteristics,Lighting Conditions,Traffic Regulation and Priority,Direction of Road,Subtype of Accident,Subtype of Road Section,Subzone within Area,Road Surface Conditions,Type of Road,Road Ownership,Wind Conditions,Day of the Week Grouping,Hour of Day,Time of Day Grouping,Type of Accident,Day Type,Day,Month
10326,2015,0,2015-01-29,N-340,OLERDOLA,Alt Penedes,3,0,1,0,1,0,0,0,1,0,0,0,0,40.0,0.0,0,2,No n'hi ha,-1.0,3,3,1,0,0,0,0,0,0,0,0,0,0,1,4,4,0,Caiguda en la via,0,1,2,4,1,2,1,9.3,0,0,3,29,1
10327,2015,0,2015-04-08,AP-7,BIURE,Alt Emporda,1,0,2,0,3,0,0,0,0,2,1,0,0,100.0,0.0,0,2,No n'hi ha,-1.0,3,3,1,0,0,0,0,0,0,0,0,0,0,0,4,-1,0,Encalç,-1,1,2,2,1,2,1,14.41,1,2,2,8,4
10329,2015,0,2015-04-16,C-155,LLICA DE VALL,Valles Oriental,3,0,1,0,2,1,0,0,0,1,0,0,0,50.0,0.0,0,1,No n'hi ha,-1.0,3,3,1,0,1,0,0,0,0,0,0,0,0,0,1,-1,1,Atropellament,-1,1,2,4,2,2,1,6.32,0,3,3,16,4
10330,2015,0,2015-03-26,B-30,CERDANYOLA DEL VALLES,Valles Occidental,3,0,1,0,1,0,0,0,1,0,0,0,0,80.0,1.0,0,2,Carril acceleració,-1.0,3,3,1,0,0,0,0,0,0,0,0,0,0,1,4,4,0,Caiguda en la via,3,1,2,1,1,2,1,17.27,1,0,3,26,3
10331,2015,1,2015-05-29,SE,SALOU,Tarragones,0,0,1,0,2,0,1,0,0,1,0,0,0,100.0,0.0,0,2,No n'hi ha,-1.0,3,3,1,0,0,0,0,0,0,0,0,0,0,0,4,-1,0,Envestida (frontal lateral),-1,2,2,5,-1,2,1,13.4,0,2,4,29,5
10332,2015,1,2015-01-05,SE,BARCELONA,Barcelones,3,0,1,0,2,1,0,0,0,1,0,0,0,100.0,0.0,0,-1,Carril reversible,-1.0,3,3,1,0,0,0,0,0,0,0,0,0,0,1,5,3,1,Atropellament,2,2,2,5,-1,2,1,20.3,1,3,0,5,1
10333,2015,0,2015-01-26,N-340,"AMETLLA DE MAR, L'",Baix Ebre,0,2,1,0,3,0,0,0,0,2,1,0,0,100.0,0.0,0,2,No n'hi ha,-1.0,3,3,0,0,0,0,0,0,0,0,0,0,0,0,3,-1,1,Col·lisió frontal,-1,1,2,4,1,1,1,19.3,1,2,0,26,1
10334,2015,1,2015-01-17,SE,BARCELONA,Barcelones,3,0,1,1,2,1,0,0,1,0,0,0,0,100.0,0.0,0,-1,No n'hi ha,-1.0,3,3,1,0,0,0,0,0,0,0,0,0,0,0,4,-1,1,Atropellament,-1,2,2,5,-1,2,0,12.0,0,3,5,17,1
10335,2015,0,2015-03-03,C-14,ALCOVER,Alt Camp,0,0,1,1,2,0,0,1,0,1,0,0,0,100.0,0.0,0,2,No n'hi ha,-1.0,3,3,1,0,0,0,0,0,0,0,0,0,0,1,4,4,1,Envestida (frontal lateral),1,1,2,1,2,2,1,12.41,0,2,1,3,3
10336,2015,0,2015-02-01,C-25,ARBUCIES,Selva,1,0,2,3,1,0,0,0,0,1,0,0,0,100.0,0.0,0,2,No n'hi ha,-1.0,3,3,1,0,0,0,0,0,0,0,0,0,0,0,3,-1,0,Resta sortides de via,-1,1,2,1,2,2,0,5.51,2,1,6,1,2
10337,2015,1,2015-04-14,SE,SABADELL,Valles Occidental,3,0,1,0,2,1,0,0,0,1,0,0,0,30.0,0.0,0,2,No n'hi ha,-1.0,3,3,1,0,0,0,0,0,0,0,0,0,1,0,4,-1,0,Atropellament,-1,2,2,5,-1,2,1,12.0,0,3,1,14,4
10338,2015,1,2015-01-13,SE,TERRASSA,Valles Occidental,3,0,1,0,2,1,0,0,0,1,0,0,0,100.0,0.0,0,-1,No n'hi ha,-1.0,3,3,1,0,0,0,0,0,0,0,0,0,0,0,4,-1,-1,Atropellament,-1,2,2,5,-1,2,1,12.46,0,3,1,13,1
10339,2015,1,2015-02-12,SE,GIRONA,Girones,1,0,1,0,2,1,0,0,0,1,0,0,0,100.0,0.0,0,2,No n'hi ha,-1.0,3,3,1,0,0,0,0,0,0,0,0,0,0,1,4,4,0,Atropellament,2,2,2,5,-1,2,1,11.45,0,3,3,12,2
10340,2015,0,2015-08-30,C-44,TIVISSA,Ribera d'Ebre,0,0,1,2,2,0,0,0,1,1,0,0,0,100.0,0.0,0,1,Carril lent,-1.0,3,3,1,0,0,0,0,0,0,0,0,0,0,0,4,-1,1,Fregament o col·lisió lateral,-1,1,2,4,2,2,0,9.4,0,2,6,30,8
10341,2015,1,2015-12-15,SE,BADALONA,Barcelones,3,0,1,0,1,0,0,0,1,0,0,0,0,20.0,0.0,0,-1,No n'hi ha,-1.0,3,3,1,-1,-1,0,0,-1,0,0,0,0,0,1,4,5,-1,Caiguda en la via,1,2,2,5,-1,2,1,11.15,0,0,1,15,12
10342,2015,1,2015-12-16,SE,BARCELONA,Barcelones,3,0,1,0,2,0,0,1,0,1,0,0,0,100.0,0.0,0,-1,No n'hi ha,-1.0,3,3,1,0,0,1,0,0,0,0,0,0,0,1,5,3,0,Fregament o col·lisió lateral,0,2,2,5,-1,2,1,18.25,1,2,2,16,12
10343,2015,0,2015-12-07,C-66,"PERA, LA",Baix Emporda,1,1,0,1,2,0,0,0,0,1,1,0,0,80.0,0.0,0,1,No n'hi ha,-1.0,3,3,0,0,0,0,0,0,0,0,0,0,0,1,2,4,1,Col·lisió frontal,3,1,2,4,2,2,1,16.09,1,2,0,7,12
10344,2015,1,2015-09-01,SE,DELTEBRE,Baix Ebre,0,0,1,1,2,0,0,1,0,1,0,0,0,100.0,0.0,0,2,No n'hi ha,-1.0,3,3,1,0,0,0,0,0,0,0,0,0,0,1,4,4,1,Envestida (frontal lateral),2,2,2,5,-1,2,1,18.46,1,2,1,1,9
10345,2015,0,2015-07-29,GI-682,BLANES,Selva,1,0,1,0,3,0,0,0,1,2,0,0,0,50.0,0.0,0,2,No n'hi ha,-1.0,3,3,1,-1,0,0,0,-1,0,0,0,0,0,1,4,2,1,Envestida (frontal lateral),1,1,2,4,2,2,1,16.45,1,2,2,29,7
10346,2015,0,2015-06-26,C-32,CABRERA DE MAR,Maresme,3,0,2,1,2,0,0,0,0,2,0,0,0,100.0,0.0,0,2,No n'hi ha,-1.0,3,3,1,0,0,0,0,0,0,0,0,0,0,0,4,-1,0,Altres,-1,1,2,2,2,2,0,16.15,1,5,4,26,6
10347,2015,1,2015-06-08,SE,BARCELONA,Barcelones,3,0,1,0,2,1,0,0,0,1,0,0,0,30.0,0.0,0,-1,No n'hi ha,-1.0,3,3,1,0,0,0,0,0,0,0,0,0,0,0,5,-1,0,Atropellament,-1,2,2,5,-1,2,1,22.33,2,3,0,8,6
10348,2015,1,2015-09-01,SE,SABADELL,Valles Occidental,3,0,1,0,2,1,0,0,0,1,0,0,0,100.0,0.0,0,2,No n'hi ha,-1.0,3,3,1,0,0,0,0,0,0,0,0,0,0,2,4,-1,0,Atropellament,2,2,2,5,-1,2,1,13.33,0,3,1,1,9
10349,2015,1,2015-10-25,SE,SABADELL,Valles Occidental,3,1,0,0,1,0,0,0,1,0,0,0,0,100.0,0.0,0,-1,No n'hi ha,-1.0,3,3,0,0,0,0,0,0,0,0,0,0,0,0,4,-1,-1,Altres,-1,2,2,5,-1,2,0,2.02,2,5,6,25,10
10350,2015,0,2015-11-03,C-65,LLAGOSTERA,Girones,1,0,1,1,3,0,0,0,0,3,0,0,0,100.0,0.0,0,2,No n'hi ha,-1.0,3,3,1,0,0,0,0,0,0,0,0,0,0,0,4,-1,1,Col·lisió frontal,-1,1,2,4,2,2,1,17.07,1,2,1,3,11
10351,2015,0,2015-10-31,GI-535,SALT,Girones,1,0,1,0,2,1,0,0,0,1,0,0,0,90.0,0.0,0,-1,No n'hi ha,-1.0,3,3,1,0,0,0,0,0,0,0,0,0,0,0,1,-1,-1,Atropellament,-1,1,2,4,0,2,0,6.05,0,3,5,31,10
10352,2015,0,2015-11-20,C-58,MONTCADA I REIXAC,Valles Occidental,3,0,1,0,2,0,0,0,2,0,0,0,0,100.0,0.0,0,2,No n'hi ha,-1.0,3,3,1,0,0,0,0,0,0,0,0,0,0,0,1,-1,0,Fregament o col·lisió lateral,-1,1,2,1,2,2,1,7.27,0,2,4,20,11
10354,2015,1,2015-10-04,SE,BARCELONA,Barcelones,3,0,1,1,2,1,0,0,1,0,0,0,0,100.0,0.0,0,-1,Carril bus,-1.0,3,3,1,0,0,0,0,0,0,0,0,0,0,1,5,3,0,Atropellament,1,2,2,5,-1,2,0,2.05,2,3,6,4,10
10355,2015,1,2015-12-29,SE,BADALONA,Barcelones,3,0,1,0,2,1,0,0,0,1,0,0,0,20.0,0.0,0,-1,No n'hi ha,-1.0,3,3,1,0,-1,0,0,0,0,0,0,0,0,0,1,-1,-1,Atropellament,-1,2,2,5,-1,2,1,17.47,1,3,1,29,12
10356,2015,1,2015-10-08,SE,BARCELONA,Barcelones,3,0,1,0,1,0,0,0,1,0,0,0,0,100.0,0.0,0,-1,No n'hi ha,-1.0,3,3,1,0,0,0,0,0,0,0,0,0,0,1,4,3,0,Caiguda en la via,2,2,2,5,-1,2,1,13.5,0,0,3,8,10
10357,2015,0,2015-05-22,C-13,CAMARASA,Noguera,2,0,1,0,1,0,0,0,0,1,0,0,0,100.0,0.0,0,3,Carril lent,-1.0,3,3,1,0,0,0,0,0,0,0,0,0,0,0,4,-1,1,Resta sortides de via,-1,1,2,4,2,2,0,19.05,1,1,4,22,5
10358,2015,0,2015-03-12,C-61,ARENYS DE MUNT,Maresme,3,0,1,0,2,0,0,1,0,1,0,0,0,100.0,0.0,0,2,No n'hi ha,-1.0,3,3,1,0,0,0,0,0,0,0,0,0,0,2,5,4,1,Envestida (frontal lateral),2,1,2,4,2,2,1,21.05,1,2,3,12,3
10359,2015,1,2015-05-29,SE,BARCELONA,Barcelones,3,0,1,0,1,0,1,0,0,0,0,0,0,30.0,0.0,0,-1,No n'hi ha,-1.0,3,3,1,0,0,0,0,0,0,0,0,0,0,1,4,3,0,Xoc contra objecte/obstacle sense sortida prèvia de via,2,2,2,5,-1,2,1,14.1,1,4,4,29,5
10360,2015,1,2015-06-08,SE,LLEIDA,Segria,2,0,1,0,2,1,0,0,0,1,0,0,0,20.0,0.0,0,2,No n'hi ha,-1.0,3,3,1,-1,0,0,0,-1,0,0,0,0,-1,0,4,-1,1,Atropellament,-1,2,2,5,-1,2,1,8.15,0,3,0,8,6
10361,2015,0,2015-04-12,N-IIa,SANT JULIA DE RAMIS,Girones,1,0,1,0,1,0,1,0,0,0,0,0,0,80.0,0.0,0,1,Carril lent,-1.0,3,3,1,0,0,0,0,0,0,0,0,0,0,2,4,4,1,Caiguda en la via,1,1,2,4,1,2,0,11.57,0,0,6,12,4
10362,2015,0,2015-05-30,C-451,OLIUS,Solsones,2,0,1,0,2,0,1,0,0,1,0,0,0,90.0,0.0,0,-1,Sense Especificar,-1.0,3,3,1,0,0,0,0,0,0,0,0,0,0,0,4,-1,-1,Altres,-1,1,2,4,4,2,0,13.18,0,5,5,30,5
10363,2015,0,2015-02-16,C-12,CASTELLO DE FARFANYA,Noguera,2,0,1,0,2,1,0,0,0,1,0,0,0,40.0,0.0,0,0,No n'hi ha,1.0,3,3,1,0,0,0,0,0,0,0,0,0,0,0,4,-1,1,Atropellament,-1,1,2,4,2,2,1,10.49,0,3,0,16,2
10364,2015,0,2015-02-14,T-1025,SANTA BARBARA,Montsia,0,0,1,0,1,0,0,0,0,1,0,0,0,70.0,0.0,0,2,No n'hi ha,-1.0,3,3,1,0,0,0,0,0,0,0,0,0,0,0,4,-1,1,Resta sortides de via,-1,1,2,4,3,2,0,14.3,1,1,5,14,2
10365,2015,0,2015-02-06,TP-7225,CONSTANTI,Tarragones,0,0,1,0,2,0,0,0,1,1,0,0,0,100.0,0.0,0,1,No n'hi ha,-1.0,3,3,1,0,0,0,0,0,0,0,0,0,0,1,3,2,1,Envestida (frontal lateral),1,1,2,4,3,2,0,18.25,1,2,4,6,2
10366,2015,1,2015-02-08,SE,TORREDEMBARRA,Tarragones,0,0,1,0,1,0,0,0,0,1,0,0,0,90.0,0.0,0,0,No n'hi ha,-1.0,3,3,1,0,0,0,0,0,0,0,0,0,0,0,4,-1,1,Resta sortides de via,-1,2,2,5,0,2,0,11.05,0,1,6,8,2
10367,2015,1,2015-01-20,SE,TERRASSA,Valles Occidental,3,0,1,0,2,0,0,0,1,1,0,0,0,100.0,0.0,0,-1,No n'hi ha,-1.0,3,3,1,0,0,0,0,0,0,0,0,0,0,0,4,-1,-1,Caiguda en la via,-1,2,2,5,-1,2,1,9.2,0,0,1,20,1
10368,2015,0,2015-07-20,C-31,FONTANILLES,Baix Emporda,1,1,0,0,1,0,0,0,0,1,0,0,0,100.0,0.0,0,2,No n'hi ha,-1.0,3,3,0,0,0,0,0,0,0,0,0,0,0,0,3,-1,1,Resta sortides de via,-1,1,2,4,2,2,1,4.44,2,1,0,20,7
10369,2015,1,2015-08-04,SE,GRANOLLERS,Valles Oriental,3,0,1,0,2,0,0,0,1,1,0,0,0,30.0,0.0,0,2,No n'hi ha,-1.0,3,3,1,0,0,0,0,0,0,0,0,0,0,0,4,-1,1,Col·lisió frontal,-1,2,2,5,-1,2,1,13.23,0,2,1,4,8
10370,2015,0,2015-12-15,C-246a,SITGES,Garraf,3,0,2,0,2,0,0,0,0,2,0,0,0,100.0,0.0,0,2,No n'hi ha,-1.0,3,3,1,0,0,0,0,0,0,0,0,0,0,0,4,-1,1,Col·lisió frontal,-1,1,2,4,3,2,1,15.05,1,2,1,15,12
10371,2015,0,2015-11-16,C-14,BASSELLA,Alt Urgell,2,0,1,0,1,0,0,0,1,0,0,0,0,100.0,0.0,0,1,No n'hi ha,-1.0,3,3,1,0,0,0,0,0,0,0,0,0,0,0,4,-1,1,Caiguda en la via,-1,1,2,4,2,2,1,13.21,0,0,0,16,11
10372,2015,1,2015-11-10,SE,ESPLUGUES DE LLOBREGAT,Baix Llobregat,3,0,1,0,1,0,0,0,1,0,0,0,0,30.0,0.0,0,2,No n'hi ha,-1.0,3,3,1,-1,0,0,0,-1,0,0,0,0,0,1,4,4,1,Caiguda en la via,1,2,2,5,0,2,1,17.1,1,0,1,10,11
10373,2015,0,2015-06-13,C-245,SANT BOI DE LLOBREGAT,Baix Llobregat,3,0,1,0,2,0,0,0,1,1,0,0,0,40.0,0.0,0,2,No n'hi ha,-1.0,3,3,1,0,0,0,0,0,0,0,0,0,0,1,4,4,1,Caiguda en la via,0,1,2,4,2,2,0,14.01,1,0,5,13,6
10374,2015,0,2015-06-21,C-16,OLVAN,Bergueda,3,0,1,2,1,0,0,0,0,1,0,0,0,100.0,0.0,0,1,No n'hi ha,-1.0,3,3,1,0,0,0,0,0,0,0,0,0,0,0,4,-1,1,Resta sortides de via,-1,1,2,2,3,2,0,10.16,0,1,6,21,6
10375,2015,1,2015-08-27,C-17,BELANYA,Osona,3,0,1,0,2,0,0,0,1,1,0,0,0,90.0,0.0,0,-1,Sense Especificar,-1.0,3,1,1,0,0,0,0,0,0,0,0,0,0,0,4,-1,-1,Fregament o col·lisió lateral,-1,0,2,4,4,2,1,6.13,0,2,3,27,8
10376,2015,1,2015-07-27,SE,BARCELONA,Barcelones,3,0,1,0,2,1,0,0,1,0,0,0,0,100.0,0.0,0,-1,No n'hi ha,-1.0,3,3,1,0,0,0,0,0,0,0,0,0,0,0,4,-1,0,Atropellament,-1,2,2,5,-1,2,1,17.45,1,3,0,27,7
10377,2015,0,2015-06-06,B-224,SANT ESTEVE SESROVIRES,Baix Llobregat,3,0,1,0,2,0,0,0,1,0,1,0,0,40.0,0.0,0,1,No n'hi ha,-1.0,3,3,1,0,0,0,0,0,0,0,0,0,0,0,4,-1,1,Envestida (frontal lateral),-1,1,2,4,2,2,0,8.14,0,2,5,6,6
10378,2015,1,2015-08-20,SE,ALELLA,Maresme,3,0,1,0,2,0,0,1,0,1,0,0,0,20.0,,0,-1,No n'hi ha,-1.0,3,3,1,-1,0,0,0,-1,0,0,0,0,-1,1,4,4,0,Envestida (frontal lateral),2,2,2,5,-1,2,1,13.2,0,2,3,20,8
10379,2015,0,2015-09-02,B-23,MOLINS DE REI,Baix Llobregat,3,0,2,2,3,0,0,0,0,3,0,0,0,100.0,0.0,0,2,No n'hi ha,-1.0,3,3,1,0,0,0,0,0,0,0,0,0,0,0,4,-1,0,Encalç,-1,1,2,1,1,2,1,16.39,1,2,2,2,9
10380,2015,1,2015-08-04,SE,CASTELLDEFELS,Baix Llobregat,3,0,1,1,2,0,0,0,1,0,0,1,0,30.0,0.0,0,2,No n'hi ha,-1.0,3,3,1,0,0,0,0,0,0,0,0,0,0,0,4,-1,1,Fregament o col·lisió lateral,-1,2,2,5,-1,2,1,13.14,0,2,1,4,8
10381,2015,1,2015-10-05,SE,BADALONA,Barcelones,3,0,1,0,2,0,0,0,1,1,0,0,0,20.0,0.0,0,-1,No n'hi ha,-1.0,3,3,1,0,-1,0,0,0,0,0,0,0,0,1,4,3,-1,Caiguda en la via,2,2,2,5,-1,2,1,9.2,0,0,0,5,10
10382,2015,0,2015-06-06,GI-555,RIUDARENES,Selva,1,0,1,0,1,0,0,0,1,0,0,0,0,100.0,0.0,0,1,No n'hi ha,-1.0,3,3,1,0,0,0,0,0,0,0,0,0,0,0,4,-1,1,Resta sortides de via,-1,1,2,4,3,2,0,11.41,0,1,5,6,6
10383,2015,0,2015-08-18,A-2,CERVERA,Segarra,2,0,2,0,1,0,0,0,0,1,0,0,0,100.0,0.0,0,0,No n'hi ha,-1.0,2,3,1,0,0,0,1,0,0,0,0,0,0,0,2,-1,0,Resta sortides de via,-1,1,2,1,1,2,1,7.41,0,1,1,18,8
10384,2015,0,2015-07-19,A-2,PALLEJA,Baix Llobregat,3,0,1,3,2,0,0,0,0,2,0,0,0,100.0,0.0,0,3,No n'hi ha,-1.0,3,3,1,0,0,0,0,0,0,0,0,0,0,0,4,-1,0,Encalç,-1,1,2,1,1,2,0,8.26,0,2,6,19,7
10385,2015,0,2015-08-28,N-240,VALLS,Alt Camp,0,0,1,0,2,0,1,0,0,1,0,0,0,100.0,0.0,0,2,No n'hi ha,-1.0,3,3,1,0,0,0,0,0,0,0,0,0,0,0,4,-1,1,Encalç,-1,1,2,4,1,2,1,12.43,0,2,4,28,8
10386,2015,1,2015-08-29,SE,VILASSAR DE MAR,Maresme,3,0,1,1,2,0,0,1,0,1,0,0,0,100.0,0.0,0,2,No n'hi ha,-1.0,3,3,1,0,0,0,0,0,0,0,0,0,0,2,5,3,1,Encalç,1,0,2,4,1,2,0,3.01,2,2,5,29,8
10387,2015,1,2015-04-18,SE,LLORET DE MAR,Selva,1,0,1,0,2,0,0,1,0,1,0,0,0,40.0,0.0,0,2,No n'hi ha,-1.0,3,3,1,0,0,0,0,0,0,0,0,0,0,2,5,-1,1,Envestida (frontal lateral),2,2,2,5,-1,2,0,22.05,2,2,5,18,4
10388,2015,1,2015-05-23,SE,BARCELONA,Barcelones,3,0,1,1,4,0,0,0,0,4,0,0,0,100.0,0.0,0,-1,No n'hi ha,-1.0,3,3,1,0,0,0,0,0,0,0,0,0,0,1,4,3,0,Envestida (frontal lateral),2,2,2,5,-1,2,0,7.3,0,2,5,23,5
10389,2015,0,2015-06-02,C-14,MONTBLANC,Conca de Barbera,0,0,1,0,1,0,0,0,0,0,1,0,0,100.0,0.0,0,1,No n'hi ha,-1.0,3,3,1,0,0,0,0,0,0,0,0,0,0,0,4,-1,1,Resta sortides de via,-1,1,2,4,2,2,1,16.59,1,1,1,2,6
10390,2015,1,2015-02-18,SE,PREMIA DE MAR,Maresme,3,1,0,0,2,1,0,0,0,1,0,0,0,30.0,0.0,0,2,No n'hi ha,-1.0,3,3,0,-1,0,0,0,-1,0,0,0,0,0,0,5,-1,0,Atropellament,-1,2,2,5,0,2,1,7.04,0,3,2,18,2
10391,2015,1,2015-02-27,SE,SABADELL,Valles Occidental,3,0,2,0,2,0,0,1,0,1,0,0,0,100.0,0.0,0,-1,No n'hi ha,-1.0,3,3,1,0,0,0,0,0,0,0,0,0,0,0,4,-1,-1,Envestida (frontal lateral),-1,2,2,5,-1,2,1,13.15,0,2,4,27,2
10392,2015,1,2015-05-12,SE,MOLLET DEL VALLES,Valles Oriental,3,0,1,1,2,1,0,0,1,0,0,0,0,100.0,0.0,0,2,No n'hi ha,-1.0,3,3,1,0,0,0,0,0,0,0,0,0,0,0,4,-1,1,Atropellament,-1,2,2,5,-1,2,1,15.36,1,3,1,12,5
10393,2015,1,2015-05-15,SE,SABADELL,Valles Occidental,3,0,1,0,2,1,0,0,0,1,0,0,0,100.0,0.0,0,-1,No n'hi ha,-1.0,3,3,1,0,0,0,0,0,0,0,0,0,0,0,4,-1,-1,Atropellament,-1,2,2,5,-1,2,1,12.17,0,3,4,15,5
10394,2015,1,2015-03-26,SE,SANTA COLOMA DE GRAMANET,Barcelones,3,0,1,0,2,0,1,0,0,1,0,0,0,20.0,0.0,0,-1,No n'hi ha,-1.0,3,3,1,-1,0,0,0,-1,0,0,0,0,-1,1,4,4,0,Envestida (frontal lateral),2,2,2,5,-1,2,1,14.1,1,2,3,26,3
10395,2015,1,2015-01-31,SE,GIRONA,Girones,1,0,1,0,2,0,0,0,1,1,0,0,0,100.0,0.0,0,2,No n'hi ha,-1.0,3,3,1,0,0,0,0,0,0,0,0,0,0,1,4,3,1,Envestida (frontal lateral),2,2,2,5,-1,2,0,8.36,0,2,5,31,1
10396,2015,0,2015-01-29,T-312,CAMBRILS,Baix Camp,0,0,1,0,2,0,1,0,0,1,0,0,0,100.0,0.0,0,2,No n'hi ha,-1.0,3,3,1,0,0,0,0,0,0,0,0,0,0,0,4,-1,1,Encalç,-1,1,2,4,2,1,1,16.11,1,2,3,29,1
10397,2015,1,2015-01-23,SE,BADALONA,Barcelones,3,0,1,0,1,0,0,0,1,0,0,0,0,20.0,0.0,0,2,No n'hi ha,-1.0,3,3,1,-1,0,0,0,-1,0,0,0,0,-1,0,5,-1,0,Caiguda en la via,-1,2,2,5,-1,2,0,20.45,1,0,4,23,1
10398,2015,1,2015-02-19,SE,SANT FELIU DE LLOBREGAT,Baix Llobregat,3,1,0,0,2,1,0,0,0,1,0,0,0,50.0,0.0,0,2,No n'hi ha,-1.0,3,3,0,0,0,0,0,0,0,0,0,0,0,2,4,4,1,Atropellament,2,2,2,5,-1,2,1,8.13,0,3,3,19,2
10399,2015,0,2015-04-04,CR,"ALDEA, L'",Baix Ebre,0,0,1,0,1,0,0,0,0,1,0,0,0,100.0,0.0,0,1,No n'hi ha,-1.0,3,3,1,0,0,0,0,0,0,0,0,0,0,0,1,-1,1,Resta sortides de via,-1,1,2,0,0,2,0,20.45,1,1,5,4,4
10400,2015,0,2015-01-03,C-61,SANT CELONI,Valles Oriental,3,0,1,3,2,0,0,0,0,2,0,0,0,70.0,0.0,0,2,No n'hi ha,-1.0,3,3,1,0,0,0,0,0,1,0,0,0,1,0,1,-1,1,Col·lisió frontal,-1,1,2,4,2,2,0,17.27,1,2,5,3,1
10401,2015,0,2015-11-07,BV-1462,BARCELONA,Barcelones,3,0,1,0,2,0,1,0,0,1,0,0,0,100.0,0.0,0,-1,No n'hi ha,-1.0,3,3,1,0,0,0,0,0,0,0,0,0,1,0,5,-1,1,Col·lisió frontal,-1,1,2,4,-1,2,0,18.06,1,2,5,7,11
10402,2015,1,2015-08-28,SE,BARCELONA,Barcelones,3,0,1,0,2,1,0,0,0,1,0,0,0,100.0,0.0,0,-1,No n'hi ha,-1.0,3,3,1,0,0,0,0,0,0,0,0,0,1,1,4,3,0,Atropellament,2,2,2,5,-1,2,1,10.0,0,3,4,28,8
10403,2015,0,2015-07-01,C-45,MAIALS,Segria,2,0,2,2,2,0,0,0,0,2,0,0,0,90.0,0.0,0,1,No n'hi ha,-1.0,3,3,1,0,0,0,0,0,0,0,0,0,0,0,4,-1,1,Xoc contra objecte/obstacle sense sortida prèvia de via,-1,1,2,4,2,2,1,12.0,0,4,2,1,7
10404,2015,1,2015-07-07,SE,GRANOLLERS,Valles Oriental,3,0,1,0,2,1,0,0,0,1,0,0,0,100.0,0.0,0,2,No n'hi ha,-1.0,3,3,1,0,0,0,0,0,0,0,0,0,0,0,4,-1,1,Atropellament,-1,2,2,5,-1,2,1,19.5,1,3,1,7,7
10405,2015,0,2015-08-08,GI-604,VILAJUIGA,Alt Emporda,1,0,1,0,1,0,0,0,0,1,0,0,0,40.0,0.0,0,0,No n'hi ha,-1.0,3,3,1,0,0,0,0,0,0,0,0,0,0,1,1,4,1,Resta sortides de via,2,1,2,4,3,2,0,5.59,2,1,5,8,8
10406,2015,1,2015-12-08,SE,BARCELONA,Barcelones,3,0,1,2,3,0,0,0,1,2,0,0,0,100.0,0.0,0,-1,No n'hi ha,-1.0,3,3,1,0,0,0,0,0,0,0,0,0,0,1,4,5,0,Envestida (frontal lateral),2,2,2,5,-1,2,1,16.45,1,2,1,8,12
10407,2015,1,2015-12-06,SE,HOSPITALET DE LLOBREGAT,Barcelones,3,0,1,0,2,1,0,0,1,0,0,0,0,20.0,1.0,0,-1,No n'hi ha,-1.0,3,3,1,-1,0,0,0,-1,0,0,0,0,-1,0,5,-1,0,Atropellament,-1,2,2,5,-1,2,0,0.1,2,3,6,6,12
10408,2015,0,2015-09-18,N-II,SANT POL DE MAR,Maresme,3,0,2,0,2,0,0,0,1,1,0,0,0,90.0,0.0,0,3,No n'hi ha,-1.0,3,3,1,0,0,0,0,0,0,0,0,0,0,0,4,-1,1,Envestida (frontal lateral),-1,1,2,4,3,2,0,17.31,1,2,4,18,9
10409,2015,1,2015-12-29,SE,BARCELONA,Barcelones,3,0,1,0,1,0,0,1,0,0,0,0,0,30.0,1.0,0,-1,No n'hi ha,-1.0,3,3,1,0,0,0,0,0,0,0,0,0,0,0,5,-1,1,Caiguda en la via,-1,2,0,5,-1,2,1,5.4,2,0,1,29,12
10410,2015,0,2015-06-06,C-32,SANT BOI DE LLOBREGAT,Baix Llobregat,3,0,1,0,2,0,0,0,1,1,0,0,0,100.0,0.0,0,2,No n'hi ha,-1.0,3,3,1,0,0,0,0,0,0,0,0,0,0,0,4,-1,0,Fregament o col·lisió lateral,-1,1,2,2,2,2,0,8.46,0,2,5,6,6
10411,2015,1,2015-09-24,SE,SANT CARLES DE LA RAPITA,Montsia,0,0,1,0,2,1,0,0,0,1,0,0,0,100.0,0.0,0,2,No n'hi ha,-1.0,3,3,1,0,0,0,0,0,0,0,0,0,0,0,4,-1,1,Atropellament,-1,2,2,5,-1,2,1,8.4,0,3,3,24,9
10412,2015,1,2015-09-07,SE,ESPLUGUES DE LLOBREGAT,Baix Llobregat,3,0,1,0,2,0,0,0,1,1,0,0,0,20.0,0.0,0,-1,No n'hi ha,-1.0,3,3,1,-1,0,0,0,-1,0,0,0,0,-1,1,4,4,0,Envestida (frontal lateral),2,2,2,5,-1,2,1,17.5,1,2,0,7,9