,Year,Area,Date,Road,Municipality Name,County Name,Province Name,Fatalties,Serious Injuries,Light Injuries,Units Involved,Pedestrains Involved,Bicycles Involved,Mopeds Involved,Motorcycles,Light Vehicles Involved,Heavy Vehicles Involved,Other Units Involved,Unspecified Units Involved,Road Speed Limit,Accident with Hit and Run,Fog Presence,Surrounding Environment,Special Lane Presence,Special Traffic Measures,Weather Conditions,Special Road Functions,Severity of Accident,Influence of Fog,Influence of Environment,Influence of Traffic,Influence of Weather,Influence of Wind Intensity,Influence of Lighting,Influence of Special Measures,Influence of Road Objects,Influence of Road Surface,Influence of Visibility,Intersection Characteristics,Lighting Conditions,Traffic Regulation and Priority,Direction of Road,Subtype of Accident,Subtype of Road Section,Subzone within Area,Road Surface Conditions,Type of Road,Road Ownership,Wind Conditions,Day of the Week Grouping,Hour of Day,Time of Day Grouping,Type of Accident,Day Type,Day,Month
10413,2015,0,2015-09-19,C-14,VILANOVA DE L'AGUDA,Noguera,2,0,1,0,1,0,0,0,1,0,0,0,0,100.0,0.0,0,1,No n'hi ha,-1.0,3,3,1,0,0,0,0,0,0,0,0,0,0,0,4,-1,1,Caiguda en la via,-1,1,2,4,2,2,0,10.58,0,0,5,19,9
10414,2015,0,2015-09-17,N-260,CONCA DE DALT,Pallars Jussa,2,0,1,0,2,0,1,0,0,1,0,0,0,100.0,0.0,0,2,No n'hi ha,-1.0,3,3,1,0,0,0,0,0,0,0,0,0,0,0,4,-1,1,Fregament o col·lisió lateral,-1,1,2,4,1,2,1,19.08,1,2,3,17,9
10415,2015,0,2015-08-30,GI-600,TORDERA,Maresme,3,0,1,0,1,0,0,0,0,1,0,0,0,90.0,0.0,0,-1,Sense Especificar,-1.0,3,3,1,0,0,0,0,0,0,0,0,0,0,1,4,5,-1,Resta sortides de via,2,1,2,4,4,2,0,7.27,0,1,6,30,8
10416,2015,0,2015-02-12,C-1415b,LLICA D'AMUNT,Valles Oriental,3,0,1,0,2,0,0,1,0,1,0,0,0,100.0,0.0,0,2,No n'hi ha,-1.0,3,3,1,0,0,0,0,0,0,0,0,0,0,1,4,4,1,Envestida (frontal lateral),0,1,2,4,2,2,1,14.45,1,2,3,12,2
10417,2015,0,2015-02-06,N-152a,GRANOLLERS,Valles Oriental,3,0,1,1,2,0,0,0,0,2,0,0,0,40.0,0.0,0,1,No n'hi ha,-1.0,3,3,1,0,0,1,0,0,0,0,0,0,0,1,1,4,0,Encalç,1,1,2,4,1,2,1,7.31,0,2,4,6,2
10418,2015,0,2015-02-28,CR,LLEIDA,Segria,2,0,1,0,1,0,0,1,0,0,0,0,0,100.0,0.0,0,2,No n'hi ha,-1.0,3,3,1,0,0,0,0,0,0,0,0,0,0,0,4,-1,1,Resta sortides de via,-1,1,2,0,0,2,0,15.16,1,1,5,28,2
10419,2015,1,2015-02-28,BV-5224,MANLLEU,Osona,3,0,1,0,2,1,0,0,0,1,0,0,0,90.0,0.0,0,2,No n'hi ha,-1.0,3,3,1,-1,0,0,0,-1,0,0,0,0,1,0,4,-1,1,Atropellament,-1,0,2,4,-1,2,0,17.24,1,3,5,28,2
10420,2015,0,2015-03-27,C-55,CARDONA,Bages,3,0,1,2,2,0,0,0,0,1,1,0,0,60.0,0.0,0,1,No n'hi ha,-1.0,3,3,1,0,0,0,0,0,0,0,0,0,0,0,4,-1,1,Col·lisió frontal,-1,1,2,4,2,2,1,11.18,0,2,4,27,3
10421,2015,0,2015-02-16,C-25,AGUILAR DE SEGARRA,Bages,3,1,0,3,2,0,0,0,0,2,0,0,0,100.0,0.0,0,1,No n'hi ha,-1.0,3,3,0,0,0,0,0,0,0,0,0,0,0,0,4,-1,0,Col·lisió frontal,-1,1,2,1,4,2,1,17.17,1,2,0,16,2
10422,2015,0,2015-04-09,C-66,PALAFRUGELL,Baix Emporda,1,0,1,0,2,0,0,0,1,1,0,0,0,70.0,0.0,0,2,Carril d'alentiment,-1.0,3,3,1,0,0,0,0,0,0,0,0,0,0,1,4,4,1,Fregament o col·lisió lateral,0,1,2,4,2,2,1,10.59,0,2,3,9,4
10423,2015,1,2015-05-22,SE,HOSPITALET DE LLOBREGAT,Barcelones,3,0,1,0,1,0,0,0,0,1,0,0,0,20.0,0.0,0,-1,No n'hi ha,-1.0,3,3,1,0,0,0,0,0,0,0,0,0,0,0,5,-1,-1,Sortida de via amb bolcada,-1,2,2,5,0,2,0,22.21,2,1,4,22,5
10424,2015,0,2015-11-22,C-31,BARCELONA,Barcelones,3,1,0,0,1,0,0,0,1,0,0,0,0,60.0,0.0,0,-1,No n'hi ha,-1.0,3,1,0,0,0,0,0,0,0,0,0,0,0,0,5,-1,1,Xoc contra objecte/obstacle sense sortida prèvia de via,-1,1,2,1,2,2,0,5.55,2,4,6,22,11
10425,2015,1,2015-09-29,SE,SANT BARTOMEU DEL GR,Osona,3,0,1,0,1,0,0,0,0,1,0,0,0,20.0,0.0,0,-1,Sense Especificar,-1.0,3,1,1,0,0,0,0,0,0,0,0,0,0,0,4,-1,-1,Resta sortides de via,-1,0,2,5,4,2,1,17.4,1,1,1,29,9
10426,2015,1,2015-12-21,SE,SABADELL,Valles Occidental,3,0,1,0,2,0,0,0,1,0,1,0,0,100.0,0.0,0,-1,No n'hi ha,-1.0,3,3,1,0,0,0,0,0,0,0,0,0,0,0,4,-1,-1,Envestida (frontal lateral),-1,2,2,5,-1,2,1,7.27,0,2,0,21,12
10427,2015,1,2015-11-17,SE,VILAFRANCA DEL PENEDES,Alt Penedes,3,0,1,0,1,0,0,0,1,0,0,0,0,20.0,0.0,0,-1,No n'hi ha,-1.0,3,3,1,-1,0,0,0,-1,0,0,0,0,0,1,4,2,0,Sortida de via amb xoc o col·lisió,1,2,2,5,-1,2,1,8.25,0,1,1,17,11
10428,2015,1,2015-06-25,SE,BADALONA,Barcelones,3,0,1,0,2,1,0,0,0,1,0,0,0,20.0,0.0,0,-1,No n'hi ha,-1.0,3,3,1,0,0,0,0,0,0,0,0,0,0,0,4,-1,-1,Atropellament,-1,2,2,5,-1,2,1,16.08,1,3,3,25,6
10429,2015,0,2015-08-16,BP-1417,BARCELONA,Barcelones,3,0,1,0,1,0,1,0,0,0,0,0,0,30.0,0.0,0,-1,No n'hi ha,-1.0,3,3,1,0,0,0,0,0,0,0,0,0,0,0,4,-1,1,Caiguda en la via,-1,1,0,4,3,2,0,9.0,0,0,6,16,8
10430,2015,1,2015-08-18,N-141d,VIC,Osona,3,0,1,1,1,0,0,0,0,1,0,0,0,100.0,0.0,0,2,No n'hi ha,-1.0,1,3,1,0,0,0,0,0,0,0,0,0,0,0,5,-1,1,Xoc contra objecte/obstacle sense sortida prèvia de via,-1,0,2,4,0,2,1,22.25,2,4,1,18,8
10431,2015,0,2015-10-25,N-240,LLEIDA,Segria,2,0,1,0,1,0,1,0,0,0,0,0,0,90.0,0.0,0,-1,Sense Especificar,-1.0,3,3,1,0,0,0,0,0,0,0,0,0,0,0,4,-1,-1,Altres,-1,1,2,4,4,2,0,16.26,1,5,6,25,10
10432,2015,0,2015-08-07,B-10,HOSPITALET DE LLOBREGAT,Barcelones,3,0,1,0,2,0,0,0,1,0,1,0,0,100.0,0.0,0,2,No n'hi ha,-1.0,3,3,1,0,0,0,0,0,0,0,0,0,0,0,0,-1,0,Caiguda en la via,-1,1,2,1,1,2,0,21.46,1,0,4,7,8
10433,2015,0,2015-07-30,C-12,BALAGUER,Noguera,2,0,1,1,1,0,0,0,0,1,0,0,0,70.0,0.0,0,1,No n'hi ha,-1.0,3,3,1,0,1,0,0,0,0,0,0,0,0,2,4,4,1,Resta sortides de via,1,1,2,4,2,2,1,18.0,1,1,3,30,7
10434,2015,0,2015-09-24,BP-2121,TORRELLES DE FOIX,Alt Penedes,3,1,0,0,2,0,1,0,0,1,0,0,0,100.0,0.0,0,2,No n'hi ha,-1.0,3,3,0,0,0,0,0,0,0,0,0,0,0,0,4,-1,1,Col·lisió frontal,-1,1,2,4,3,2,1,9.5,0,2,3,24,9
10435,2015,0,2015-07-30,C-13,RIALP,Pallars Sobira,2,0,1,1,2,0,0,0,0,1,1,0,0,100.0,0.0,0,1,No n'hi ha,-1.0,1,3,1,0,0,0,0,0,0,0,0,0,0,0,2,-1,1,Col·lisió frontal,-1,1,2,4,2,1,1,17.53,1,2,3,30,7
10436,2015,0,2015-11-27,C-53,ANGLESOLA,Urgell,2,2,0,0,2,0,0,0,0,0,2,0,0,100.0,0.0,0,0,No n'hi ha,-1.0,3,3,0,0,0,0,0,0,0,0,0,0,0,0,3,-1,1,Col·lisió frontal,-1,1,2,4,2,2,1,4.27,2,2,4,27,11
10437,2015,1,2015-01-09,SE,BADIA DEL VALLES,Valles Occidental,3,0,1,0,2,1,0,0,0,1,0,0,0,20.0,0.0,0,-1,No n'hi ha,-1.0,3,3,1,-1,-1,0,0,-1,0,0,0,0,-1,0,4,-1,1,Atropellament,-1,2,2,5,-1,2,1,10.3,0,3,4,9,1
10438,2015,1,2015-01-09,SE,SABADELL,Valles Occidental,3,0,1,1,2,1,1,0,0,0,0,0,0,100.0,0.0,0,-1,No n'hi ha,-1.0,3,3,1,0,0,0,0,0,0,0,0,0,0,0,4,-1,-1,Atropellament,-1,2,2,5,-1,2,1,11.11,0,3,4,9,1
10439,2015,0,2015-01-23,T-704,"ALEIXAR, L'",Baix Camp,0,0,1,0,1,0,0,0,1,0,0,0,0,90.0,0.0,0,-1,Sense Especificar,-1.0,3,3,1,0,0,0,0,0,0,0,0,0,0,0,4,-1,-1,Xoc amb animal a la calçada,-1,1,2,4,4,2,0,22.13,2,4,4,23,1
10440,2015,1,2015-05-15,SE,BARCELONA,Barcelones,3,0,1,0,2,0,0,0,1,1,0,0,0,100.0,0.0,0,-1,No n'hi ha,-1.0,3,3,1,0,0,0,0,0,0,0,0,0,0,1,5,2,0,Envestida (frontal lateral),2,2,2,5,-1,2,0,23.45,2,2,4,15,5
10441,2015,0,2015-02-17,C-14,BASSELLA,Alt Urgell,2,1,0,0,2,0,0,0,0,1,1,0,0,100.0,0.0,0,1,No n'hi ha,-1.0,3,3,0,0,0,0,0,0,0,0,0,0,0,0,4,-1,1,Col·lisió frontal,-1,1,2,4,2,2,1,16.38,1,2,1,17,2
10442,2015,1,2015-02-24,SE,OLOT,Garrotxa,1,0,2,3,3,2,0,0,0,1,0,0,0,100.0,0.0,0,2,No n'hi ha,-1.0,3,3,1,0,0,0,0,0,0,0,0,0,0,0,4,-1,0,Atropellament,-1,2,2,5,-1,2,1,12.45,0,3,1,24,2
10443,2015,0,2015-04-20,SE,CASTELLFOLLIT DEL BO,Bages,3,0,1,0,1,0,0,0,1,0,0,0,0,100.0,0.0,0,1,No n'hi ha,-1.0,3,3,1,0,0,0,0,0,0,0,0,0,0,0,4,-1,1,Caiguda en la via,-1,1,3,0,0,2,1,17.2,1,0,0,20,4
10444,2015,0,2015-02-26,T-11,REUS,Baix Camp,0,0,1,1,1,0,0,0,0,1,0,0,0,100.0,0.0,0,0,No n'hi ha,-1.0,3,3,1,0,0,0,0,0,0,0,0,0,0,0,3,-1,0,Resta sortides de via,-1,1,2,1,1,2,1,22.49,2,1,3,26,2
10445,2015,1,2015-05-15,SE,OLOT,Garrotxa,1,0,1,0,2,1,0,0,0,1,0,0,0,20.0,0.0,0,2,No n'hi ha,-1.0,3,3,1,0,0,0,0,0,0,0,0,0,0,0,4,-1,0,Atropellament,-1,2,2,5,-1,2,0,17.55,1,3,4,15,5
10446,2015,1,2015-04-06,SE,LLEIDA,Segria,2,1,0,4,2,0,0,0,0,2,0,0,0,20.0,0.0,0,-1,Sense Especificar,-1.0,3,3,0,-1,0,0,0,-1,0,0,0,0,-1,0,4,-1,1,Sortida de via amb bolcada,-1,2,2,5,-1,2,1,13.0,0,1,0,6,4
10447,2015,1,2015-06-04,SE,REUS,Baix Camp,0,0,1,0,2,0,0,0,1,1,0,0,0,50.0,0.0,0,2,No n'hi ha,-1.0,3,3,1,0,0,0,0,0,0,0,0,0,0,2,4,4,1,Envestida (frontal lateral),3,2,2,5,-1,2,1,9.3,0,2,3,4,6
10448,2015,0,2015-01-25,N-340,"VENDRELL, EL",Baix Penedes,0,1,0,0,2,0,0,0,1,1,0,0,0,100.0,0.0,0,2,No n'hi ha,-1.0,3,3,0,0,0,0,0,0,0,0,0,0,0,1,4,4,1,Encalç,1,1,2,4,1,2,0,16.07,1,2,6,25,1
10449,2015,0,2015-05-04,N-260,GER,Cerdanya,1,1,1,0,2,0,0,0,0,2,0,0,0,80.0,0.0,0,1,No n'hi ha,-1.0,3,3,0,0,0,0,0,0,0,0,0,0,0,0,1,-1,1,Col·lisió frontal,-1,1,2,4,1,2,1,7.45,0,2,0,4,5
10450,2015,1,2015-06-03,SE,HOSPITALET DE LLOBREGAT,Barcelones,3,0,1,1,2,1,0,0,1,0,0,0,0,20.0,,0,2,No n'hi ha,-1.0,3,3,1,-1,0,0,0,-1,0,0,0,0,-1,0,4,-1,1,Atropellament,-1,2,2,5,-1,2,1,12.25,0,3,2,3,6
10451,2015,1,2015-12-30,SE,REUS,Baix Camp,0,0,1,0,2,0,0,0,1,1,0,0,0,100.0,0.0,0,-1,No n'hi ha,-1.0,3,3,1,0,0,0,0,0,0,0,0,0,0,0,4,-1,-1,Envestida (frontal lateral),-1,2,2,5,-1,2,1,16.45,1,2,2,30,12
10452,2015,1,2015-10-26,SE,SANT CUGAT DEL VALLES,Valles Occidental,3,0,1,0,1,0,0,0,1,0,0,0,0,50.0,0.0,0,2,No n'hi ha,-1.0,3,3,1,0,0,0,0,0,0,0,0,0,1,0,3,-1,1,Xoc contra objecte/obstacle sense sortida prèvia de via,-1,0,2,4,2,2,1,0.5,2,4,0,26,10
10453,2015,1,2015-09-23,SE,BARCELONA,Barcelones,3,0,1,0,2,0,0,1,0,1,0,0,0,100.0,0.0,0,-1,No n'hi ha,-1.0,3,3,1,0,0,0,0,0,0,0,0,0,0,1,5,3,1,Envestida (frontal lateral),2,2,2,5,-1,2,1,6.45,0,2,2,23,9
10454,2015,0,2015-06-21,C-31,VILANOVA I LA GELTRU,Garraf,3,0,1,1,1,0,0,0,1,0,0,0,0,90.0,0.0,0,2,No n'hi ha,-1.0,3,3,1,0,0,0,0,0,0,0,0,0,0,0,4,-1,1,Caiguda en la via,-1,1,2,4,2,2,0,12.21,0,0,6,21,6
10455,2015,1,2015-06-18,SE,PALAFRUGELL,Baix Emporda,1,0,1,0,2,0,0,0,1,1,0,0,0,20.0,0.0,0,-1,No n'hi ha,-1.0,3,3,1,-1,0,0,0,-1,0,0,0,0,-1,1,4,4,0,Fregament o col·lisió lateral,0,2,2,5,-1,2,1,17.17,1,2,3,18,6
10456,2015,0,2015-06-07,GI-614,ROSES,Alt Emporda,1,0,1,0,1,0,0,0,1,0,0,0,0,100.0,0.0,0,1,No n'hi ha,-1.0,3,3,1,0,0,0,0,0,0,0,0,0,0,0,4,-1,1,Caiguda en la via,-1,1,2,4,3,2,0,11.29,0,0,6,7,6
10457,2015,1,2015-10-20,SE,SANTA COLOMA DE GRAMANET,Barcelones,3,0,1,0,2,1,0,0,0,1,0,0,0,20.0,0.0,0,-1,No n'hi ha,-1.0,3,3,1,0,0,0,0,0,0,0,0,0,0,1,4,3,-1,Atropellament,2,2,2,5,-1,2,1,11.35,0,3,1,20,10
10458,2015,1,2015-08-17,SE,SABADELL,Valles Occidental,3,0,1,1,2,0,0,0,0,2,0,0,0,100.0,0.0,0,-1,No n'hi ha,-1.0,3,3,1,0,0,0,0,0,0,0,0,0,0,0,4,-1,-1,Envestida (frontal lateral),-1,2,2,5,-1,2,1,22.35,2,2,0,17,8
10459,2015,0,2015-09-13,C-13,VILANOVA DE LA BARCA,Segria,2,0,1,0,1,0,0,0,0,1,0,0,0,100.0,0.0,0,1,No n'hi ha,-1.0,3,3,1,0,0,0,0,0,0,0,0,0,0,0,1,-1,1,Resta sortides de via,-1,1,2,1,2,2,0,7.0,0,1,6,13,9
10460,2015,1,2015-12-02,SE,SABADELL,Valles Occidental,3,1,0,0,1,0,0,0,0,1,0,0,0,100.0,0.0,0,-1,No n'hi ha,-1.0,3,3,0,0,0,0,0,0,0,0,0,0,0,0,4,-1,-1,Altres,-1,2,2,5,-1,2,1,18.43,1,5,2,2,12
10461,2015,0,2015-11-06,C-12,LLEIDA,Segria,2,0,1,1,2,0,0,0,0,2,0,0,0,100.0,0.0,0,2,No n'hi ha,-1.0,3,3,1,0,0,0,0,0,0,0,0,0,0,0,4,-1,1,Encalç,-1,1,2,4,2,2,1,8.59,0,2,4,6,11
10462,2015,1,2015-10-22,SE,SABADELL,Valles Occidental,3,0,1,0,2,1,0,0,0,1,0,0,0,30.0,0.0,0,2,No n'hi ha,-1.0,3,3,1,0,0,0,0,0,0,0,0,0,0,0,4,-1,1,Atropellament,-1,2,2,5,-1,2,1,15.24,1,3,3,22,10
10463,2015,0,2015-08-23,C-12,GARCIA,Ribera d'Ebre,0,0,2,7,3,0,0,0,0,3,0,0,0,100.0,0.0,0,1,No n'hi ha,-1.0,3,3,1,0,0,0,0,0,0,0,0,0,0,0,1,-1,1,Col·lisió frontal,-1,1,2,4,2,2,0,6.26,0,2,6,23,8
10464,2015,1,2015-10-13,SE,BARCELONA,Barcelones,3,0,1,0,2,0,0,0,1,1,0,0,0,100.0,0.0,0,-1,No n'hi ha,-1.0,3,3,1,0,0,1,0,0,0,0,0,0,0,0,4,-1,1,Fregament o col·lisió lateral,-1,2,2,5,-1,2,1,9.1,0,2,1,13,10
10465,2015,1,2015-05-05,SE,BARCELONA,Barcelones,3,0,1,0,2,0,0,1,0,0,1,0,0,100.0,0.0,0,-1,No n'hi ha,-1.0,3,3,1,0,0,0,0,0,0,0,0,0,0,1,4,3,1,Fregament o col·lisió lateral,1,2,2,5,-1,2,1,10.1,0,2,1,5,5
10466,2015,1,2015-05-09,SE,BARCELONA,Barcelones,3,0,1,1,3,2,0,0,1,0,0,0,0,100.0,1.0,0,-1,No n'hi ha,-1.0,3,3,1,0,0,0,0,0,0,0,0,0,0,1,5,3,1,Atropellament,2,2,2,5,-1,2,0,23.4,2,3,5,9,5
10467,2015,0,2015-05-09,C-37,SANT SALVADOR DE GUARDIA,Bages,3,0,1,0,1,0,1,0,0,0,0,0,0,90.0,0.0,0,-1,Sense Especificar,-1.0,3,3,1,0,0,0,0,0,0,0,0,0,0,0,4,-1,-1,Resta sortides de via,-1,1,2,4,4,2,0,9.57,0,1,5,9,5
10468,2015,0,2015-03-05,N-II,"MASNOU, EL",Maresme,3,0,1,0,2,0,0,0,1,1,0,0,0,40.0,0.0,0,2,No n'hi ha,-1.0,3,3,1,0,0,0,0,0,0,0,0,0,0,1,0,5,1,Altres,0,1,2,4,1,2,1,21.26,1,5,3,5,3
10469,2015,1,2015-03-14,SE,ESPLUGUES DE LLOBREGAT,Baix Llobregat,3,0,1,0,1,0,0,0,1,0,0,0,0,20.0,0.0,0,-1,No n'hi ha,0.0,3,3,1,-1,1,0,0,-1,0,0,0,0,0,0,5,-1,1,Xoc contra objecte/obstacle sense sortida prèvia de via,-1,2,0,5,-1,2,0,21.45,1,4,5,14,3
10470,2015,1,2015-02-13,SE,BARCELONA,Barcelones,3,0,1,0,2,1,0,0,0,1,0,0,0,100.0,0.0,0,-1,No n'hi ha,-1.0,3,3,1,0,0,0,0,0,0,0,0,0,0,0,5,-1,1,Atropellament,-1,2,2,5,-1,2,0,18.38,1,3,4,13,2
10471,2015,0,2015-05-29,GI-531,SANT GREGORI,Girones,1,1,0,0,2,0,0,0,1,1,0,0,0,100.0,0.0,0,2,No n'hi ha,-1.0,3,3,0,0,0,0,0,0,1,0,0,0,0,1,4,2,1,Encalç,1,1,2,4,3,2,1,10.26,0,2,4,29,5
10472,2015,0,2015-03-04,B-20,BARCELONA,Barcelones,3,0,1,0,1,0,0,0,1,0,0,0,0,60.0,0.0,0,-1,No n'hi ha,-1.0,3,3,1,0,0,0,0,0,0,0,0,0,0,0,5,-1,0,Caiguda en la via,-1,1,2,1,-1,2,1,1.3,2,0,2,4,3
10473,2015,1,2015-02-25,SE,MATARO,Maresme,3,0,1,0,2,0,0,1,0,1,0,0,0,20.0,0.0,0,2,No n'hi ha,-1.0,3,3,1,-1,0,0,0,-1,0,0,0,0,-1,0,4,-1,1,Col·lisió frontal,-1,2,2,5,-1,2,1,16.1,1,2,2,25,2
10474,2015,1,2015-01-28,SE,BARCELONA,Barcelones,3,0,1,0,2,0,0,0,1,1,0,0,0,100.0,0.0,0,-1,No n'hi ha,-1.0,3,3,1,0,0,0,0,0,0,0,0,0,0,1,4,3,0,Caiguda en la via,2,2,2,5,-1,2,1,13.45,0,0,2,28,1
10475,2015,1,2015-06-06,SE,REUS,Baix Camp,0,0,1,0,2,1,0,0,0,1,0,0,0,100.0,0.0,0,-1,No n'hi ha,-1.0,3,3,1,0,0,0,0,0,0,0,0,0,0,0,4,-1,-1,Atropellament,-1,2,2,5,-1,2,0,15.35,1,3,5,6,6
10476,2015,0,2015-11-18,T-11,REUS,Baix Camp,0,0,2,0,3,2,0,0,0,1,0,0,0,40.0,0.0,0,0,No n'hi ha,-1.0,3,3,1,0,0,0,0,0,1,0,0,0,0,2,4,2,0,Atropellament,0,1,2,1,1,2,1,8.43,0,3,2,18,11
10477,2015,1,2015-09-09,SE,BLANES,Selva,1,0,1,1,2,0,0,0,1,1,0,0,0,30.0,0.0,0,2,No n'hi ha,-1.0,3,3,1,0,0,0,0,0,0,0,0,0,0,0,4,-1,0,Fregament o col·lisió lateral,-1,2,2,5,-1,2,1,18.48,1,2,2,9,9
10478,2015,0,2015-09-15,GI-660,CALONGE,Baix Emporda,1,0,1,0,1,0,1,0,0,0,0,0,0,100.0,0.0,0,1,No n'hi ha,-1.0,3,3,1,0,0,0,0,0,0,0,0,0,0,0,4,-1,1,Caiguda en la via,-1,1,2,4,2,1,1,12.17,0,0,1,15,9
10479,2015,0,2015-11-20,LL-12,ALBATARREC,Segria,2,1,0,0,1,0,0,0,0,1,0,0,0,50.0,0.0,1,2,No n'hi ha,-1.0,3,3,0,1,0,0,0,0,0,0,0,0,0,0,5,-1,0,Xoc contra objecte/obstacle sense sortida prèvia de via,-1,1,2,1,4,2,1,4.12,2,4,4,20,11
10480,2015,0,2015-06-24,C-13,TALARN,Pallars Jussa,2,0,1,3,1,0,0,0,0,1,0,0,0,70.0,0.0,0,1,No n'hi ha,-1.0,3,3,1,0,0,0,0,0,0,0,0,0,0,0,3,-1,1,Resta sortides de via,-1,1,2,4,2,2,1,4.4,2,1,2,24,6
10481,2015,1,2015-08-15,SE,BARCELONA,Barcelones,3,0,1,0,2,1,0,0,0,1,0,0,0,100.0,0.0,0,-1,No n'hi ha,-1.0,3,3,1,0,0,0,0,0,0,0,0,0,0,1,1,3,1,Atropellament,2,2,2,5,-1,2,0,6.4,0,3,5,15,8
10482,2015,1,2015-09-07,SE,BARCELONA,Barcelones,3,1,0,0,1,0,0,0,1,0,0,0,0,50.0,0.0,0,-1,No n'hi ha,-1.0,3,3,0,0,0,0,0,0,0,0,0,0,0,0,5,-1,1,Sortida de via amb xoc o col·lisió,-1,2,2,5,-1,2,1,19.47,1,1,0,7,9
10483,2015,1,2015-07-22,SE,VIDRERES,Selva,1,0,1,0,2,1,0,0,0,0,1,0,0,100.0,0.0,0,2,No n'hi ha,-1.0,3,3,1,0,0,0,0,0,0,0,0,0,0,0,4,-1,1,Atropellament,-1,0,2,5,2,2,1,11.47,0,3,2,22,7
10484,2015,0,2015-07-13,AP-7,MOLLET DEL VALLES,Valles Oriental,3,0,1,0,2,0,0,0,0,0,2,0,0,100.0,0.0,0,3,No n'hi ha,-1.0,3,3,1,0,0,0,0,0,0,0,0,0,0,0,4,-1,0,Encalç,-1,1,2,2,1,2,1,18.31,1,2,0,13,7
10485,2015,0,2015-06-27,N-260,ALP,Cerdanya,1,0,1,1,2,0,1,0,1,0,0,0,0,60.0,0.0,0,1,No n'hi ha,-1.0,3,3,1,0,0,0,0,0,0,0,0,0,0,0,4,-1,1,Fregament o col·lisió lateral,-1,1,2,4,1,2,0,11.04,0,2,5,27,6
10486,2015,1,2015-08-16,SE,SANT CARLES DE LA RAPITA,Montsia,0,0,1,0,1,0,0,1,0,0,0,0,0,100.0,0.0,0,2,No n'hi ha,-1.0,3,3,1,0,0,0,0,0,0,0,0,0,0,1,1,-1,1,Xoc contra objecte/obstacle sense sortida prèvia de via,1,2,2,5,-1,1,0,20.4,1,4,6,16,8
10487,2015,1,2015-07-20,SE,SABADELL,Valles Occidental,3,0,1,0,2,1,0,0,0,1,0,0,0,30.0,0.0,0,2,No n'hi ha,-1.0,3,3,1,0,0,0,0,0,0,0,0,0,0,0,4,-1,0,Atropellament,-1,2,2,5,-1,2,1,8.4,0,3,0,20,7
10488,2015,1,2015-09-01,SE,BARCELONA,Barcelones,3,0,1,0,2,1,0,0,0,1,0,0,0,100.0,0.0,0,-1,No n'hi ha,-1.0,3,3,1,0,0,0,0,0,0,0,0,0,0,0,4,-1,0,Atropellament,-1,2,2,5,-1,2,1,12.25,0,3,1,1,9
10489,2015,0,2015-10-18,C-17,CENTELLES,Osona,3,0,2,4,2,0,0,0,0,2,0,0,0,40.0,0.0,0,2,Carril d'alentiment,-1.0,3,3,1,0,0,0,0,0,0,0,0,0,0,1,4,5,1,Col·lisió frontal,1,1,2,1,2,2,0,16.16,1,2,6,18,10
10490,2015,1,2015-02-22,SE,PREMIA DE MAR,Maresme,3,0,1,2,4,3,0,0,0,1,0,0,0,30.0,0.0,0,-1,No n'hi ha,-1.0,3,3,1,-1,0,0,0,-1,0,0,0,0,0,1,4,4,-1,Atropellament,2,2,2,5,-1,2,0,17.05,1,3,6,22,2
10491,2015,1,2015-11-20,SE,HOSPITALET DE LLOBREGAT,Barcelones,3,0,1,0,2,0,0,0,1,1,0,0,0,20.0,0.0,0,-1,No n'hi ha,-1.0,3,3,1,-1,0,0,0,-1,0,0,0,0,0,0,5,-1,1,Col·lisió frontal,-1,2,2,5,-1,2,0,19.06,1,2,4,20,11
10492,2015,0,2015-05-15,C-12,BENIFALLET,Baix Ebre,0,0,1,0,1,0,0,0,1,0,0,0,0,100.0,0.0,0,0,No n'hi ha,-1.0,3,3,1,0,0,0,0,1,0,0,0,0,0,0,4,-1,1,Resta sortides de via,-1,1,2,4,2,0,1,13.55,0,1,4,15,5
10493,2015,1,2015-05-10,SE,BARCELONA,Barcelones,3,0,1,0,1,0,0,0,1,0,0,0,0,100.0,0.0,0,-1,No n'hi ha,-1.0,3,3,1,0,0,0,0,0,0,0,0,0,0,0,4,-1,0,Caiguda en la via,-1,2,2,5,-1,2,0,18.3,1,0,6,10,5
10494,2015,0,2015-01-26,B-10,SANT ADRIA DE BESOS,Barcelones,3,0,1,0,2,0,0,0,1,1,0,0,0,80.0,0.0,0,2,No n'hi ha,-1.0,3,3,1,0,0,0,0,0,0,0,0,0,0,0,4,-1,0,Encalç,-1,1,2,1,3,2,1,8.23,0,2,0,26,1
10495,2015,1,2015-06-02,SE,TERRASSA,Valles Occidental,3,0,1,0,2,0,0,0,1,1,0,0,0,20.0,0.0,0,-1,No n'hi ha,-1.0,3,3,1,0,0,0,0,0,0,0,0,0,0,0,4,-1,-1,Col·lisió frontal,-1,2,2,5,-1,2,1,17.3,1,2,1,2,6
10496,2015,1,2015-05-03,SE,LLEIDA,Segria,2,0,1,0,1,0,0,1,0,0,0,0,0,100.0,0.0,0,-1,No n'hi ha,-1.0,3,3,1,0,0,0,0,0,0,0,0,0,0,0,4,-1,-1,Resta sortides de via,-1,2,2,5,-1,2,0,8.2,0,1,6,3,5