,Year,Area,Date,Road,Municipality Name,County Name,Province Name,Fatalties,Serious Injuries,Light Injuries,Units Involved,Pedestrains Involved,Bicycles Involved,Mopeds Involved,Motorcycles,Light Vehicles Involved,Heavy Vehicles Involved,Other Units Involved,Unspecified Units Involved,Road Speed Limit,Accident with Hit and Run,Fog Presence,Surrounding Environment,Special Lane Presence,Special Traffic Measures,Weather Conditions,Special Road Functions,Severity of Accident,Influence of Fog,Influence of Environment,Influence of Traffic,Influence of Weather,Influence of Wind Intensity,Influence of Lighting,Influence of Special Measures,Influence of Road Objects,Influence of Road Surface,Influence of Visibility,Intersection Characteristics,Lighting Conditions,Traffic Regulation and Priority,Direction of Road,Subtype of Accident,Subtype of Road Section,Subzone within Area,Road Surface Conditions,Type of Road,Road Ownership,Wind Conditions,Day of the Week Grouping,Hour of Day,Time of Day Grouping,Type of Accident,Day Type,Day,Month
10497,2015,0,2015-05-31,N-340,MONT-ROIG DEL CAMP,Baix Camp,0,0,1,0,1,0,0,0,1,0,0,0,0,100.0,0.0,0,2,No n'hi ha,-1.0,3,3,1,0,0,0,0,0,0,0,0,0,0,0,3,-1,1,Xoc contra objecte/obstacle sense sortida prèvia de via,-1,1,2,4,1,2,0,2.08,2,4,6,31,5
10499,2015,1,2015-05-01,SE,VILADECANS,Baix Llobregat,3,1,0,0,2,1,0,0,0,1,0,0,0,20.0,1.0,0,2,No n'hi ha,-1.0,3,3,0,-1,0,0,0,-1,0,0,0,0,0,1,5,2,1,Atropellament,0,2,2,5,-1,2,1,3.16,2,3,4,1,5
10500,2015,0,2015-02-14,T-321,VILANOVA D'ESCORNALBOU,Baix Camp,0,1,0,0,2,0,0,0,1,1,0,0,0,100.0,0.0,0,1,No n'hi ha,-1.0,3,3,0,0,0,0,0,0,0,0,0,0,0,0,3,-1,1,Caiguda en la via,-1,1,2,4,3,2,0,19.5,1,0,5,14,2
10501,2015,0,2015-02-19,AP-7,VILOBI D'ONYAR,Selva,1,0,1,0,2,0,0,0,0,0,2,0,0,100.0,0.0,0,2,No n'hi ha,-1.0,3,3,1,0,0,0,0,0,0,0,0,0,0,0,0,-1,0,Encalç,-1,1,2,2,4,2,1,1.2,2,2,3,19,2
10502,2015,0,2015-06-03,C-44,TIVISSA,Ribera d'Ebre,0,0,2,0,1,0,0,0,0,1,0,0,0,100.0,0.0,0,1,No n'hi ha,-1.0,3,3,1,0,0,0,0,0,0,0,0,0,0,0,4,-1,1,Resta sortides de via,-1,1,2,4,2,2,1,18.35,1,1,2,3,6
10503,2015,0,2015-05-30,N-240,VALLMOLL,Alt Camp,0,1,0,2,2,0,0,0,0,2,0,0,0,50.0,0.0,0,2,No n'hi ha,-1.0,3,3,0,0,0,0,0,0,0,0,0,0,0,0,4,-1,1,Resta sortides de via,-1,1,2,4,1,2,0,8.16,0,1,5,30,5
10504,2015,0,2015-04-17,GI-550,SANT HILARI SACALM,Selva,1,0,1,0,1,0,1,0,0,0,0,0,0,100.0,0.0,0,3,No n'hi ha,-1.0,3,3,1,0,0,0,0,0,0,0,0,0,0,0,4,-1,1,Caiguda en la via,-1,1,2,4,2,2,1,14.5,1,0,4,17,4
10505,2015,0,2015-01-24,BV-4601,GURB,Osona,3,0,1,0,2,0,0,0,2,0,0,0,0,50.0,0.0,0,1,No n'hi ha,-1.0,3,3,1,0,0,0,0,0,0,0,0,0,0,1,4,2,1,Fregament o col·lisió lateral,1,1,2,4,3,2,0,9.43,0,2,5,24,1
10506,2015,0,2015-02-04,BV-5301,SANTA MARIA DE PALAU,Valles Oriental,3,0,1,0,1,0,0,0,0,1,0,0,0,70.0,0.0,0,2,No n'hi ha,-1.0,3,3,1,0,0,0,0,0,0,0,0,0,0,0,0,-1,1,Resta sortides de via,-1,1,2,4,3,2,1,4.38,2,1,2,4,2
10507,2015,1,2015-01-18,SE,SANT CUGAT DEL VALLES,Valles Occidental,3,0,1,0,2,0,0,1,0,1,0,0,0,100.0,0.0,0,-1,No n'hi ha,-1.0,3,3,1,0,0,0,0,0,0,0,0,0,0,0,4,-1,-1,Envestida (frontal lateral),-1,2,2,5,-1,2,0,10.55,0,2,6,18,1
10508,2015,1,2015-04-11,SE,BALAGUER,Noguera,2,0,1,0,2,1,0,0,0,1,0,0,0,100.0,0.0,0,2,No n'hi ha,-1.0,3,3,1,0,0,0,0,0,0,0,0,0,0,0,4,-1,0,Atropellament,-1,2,2,5,-1,2,0,19.0,1,3,5,11,4
10509,2015,1,2015-06-28,SE,HOSPITALET DE LLOBREGAT,Barcelones,3,0,1,0,2,1,0,0,0,1,0,0,0,20.0,0.0,0,-1,No n'hi ha,-1.0,3,3,1,-1,0,0,0,-1,0,0,0,0,-1,0,4,-1,0,Atropellament,-1,2,2,5,-1,2,0,13.45,0,3,6,28,6
10510,2015,1,2015-11-21,SE,LLEIDA,Segria,2,0,2,0,3,2,0,0,0,1,0,0,0,20.0,0.0,0,2,No n'hi ha,-1.0,3,3,1,-1,0,0,0,-1,0,0,0,0,-1,0,4,-1,1,Atropellament,-1,2,2,5,-1,2,0,14.0,1,3,5,21,11
10511,2015,0,2015-08-07,CR,CORBERA D'EBRE,Terra Alta,0,1,0,0,1,0,0,0,0,0,1,0,0,100.0,0.0,0,1,No n'hi ha,-1.0,3,3,0,0,0,0,0,0,0,0,0,0,0,2,4,5,1,Resta sortides de via,1,1,0,0,0,2,0,15.47,1,1,4,7,8
10512,2015,1,2015-08-18,SE,ROSES,Alt Emporda,1,0,1,0,2,1,0,0,0,1,0,0,0,40.0,0.0,0,-1,No n'hi ha,-1.0,3,3,1,-1,0,0,0,-1,0,0,0,0,-1,0,4,-1,1,Atropellament,-1,2,2,5,-1,2,1,12.35,0,3,1,18,8
10513,2015,0,2015-07-24,C-1412a,TORA,Segarra,2,1,1,1,2,0,0,0,0,1,1,0,0,100.0,0.0,0,3,No n'hi ha,-1.0,3,3,0,0,0,0,0,0,0,0,0,0,0,0,4,-1,1,Fregament o col·lisió lateral,-1,1,2,4,2,2,1,9.45,0,2,4,24,7
10514,2015,0,2015-10-31,GI-682,LLORET DE MAR,Selva,1,0,1,0,1,0,0,0,1,0,0,0,0,100.0,0.0,0,1,No n'hi ha,-1.0,3,3,1,0,0,0,0,0,0,0,0,0,0,0,3,-1,1,Resta sortides de via,-1,1,2,4,2,2,0,20.53,1,1,5,31,10
10515,2015,0,2015-08-20,N-II,FIGUERES,Alt Emporda,1,0,2,1,2,0,0,0,0,1,1,0,0,80.0,0.0,0,0,No n'hi ha,-1.0,3,3,1,0,0,0,0,0,0,0,0,0,0,0,4,-1,1,Col·lisió frontal,-1,1,2,4,1,2,1,8.36,0,2,3,20,8
10516,2015,1,2015-06-22,SE,"JONQUERA, LA",Alt Emporda,1,0,1,0,2,1,0,0,0,1,0,0,0,100.0,0.0,0,2,No n'hi ha,-1.0,3,3,1,0,0,0,0,0,0,0,0,0,0,0,4,-1,0,Atropellament,-1,2,2,5,-1,2,1,19.38,1,3,0,22,6
10517,2015,1,2015-06-14,SE,VILANOVA I LA GELTRU,Garraf,3,0,1,0,1,0,0,1,0,0,0,0,0,100.0,0.0,0,-1,No n'hi ha,-1.0,3,3,1,0,0,0,0,0,0,0,0,0,0,0,4,-1,-1,Altres,-1,2,2,5,-1,2,0,21.4,1,5,6,14,6
10518,2015,1,2015-11-02,SE,VILADECANS,Baix Llobregat,3,0,1,0,2,1,0,0,0,1,0,0,0,20.0,0.0,0,2,No n'hi ha,-1.0,1,3,1,-1,0,0,0,-1,0,0,0,0,-1,0,2,-1,-1,Atropellament,-1,2,1,5,-1,2,1,12.21,0,3,0,2,11
10519,2015,1,2015-11-07,C-53,TORNABOUS,Urgell,2,0,1,0,2,1,0,0,0,1,0,0,0,50.0,0.0,0,2,No n'hi ha,-1.0,3,3,1,0,0,0,0,0,0,0,0,0,1,0,5,-1,1,Atropellament,-1,0,2,4,2,2,0,18.12,1,3,5,7,11
10520,2015,1,2015-10-02,SE,"ARBO?, L'",Baix Penedes,0,0,1,1,2,0,0,0,1,1,0,0,0,40.0,0.0,0,2,No n'hi ha,-1.0,3,3,1,0,0,0,0,0,0,0,0,0,0,0,1,-1,1,Xoc contra objecte/obstacle sense sortida prèvia de via,-1,2,2,5,-1,2,0,20.35,1,4,4,2,10
10521,2015,0,2015-12-13,C-58,VILADECAVALLS,Valles Occidental,3,0,1,0,2,1,0,0,0,1,0,0,0,100.0,0.0,0,2,Carril acceleració,-1.0,3,3,1,0,0,0,0,0,0,0,0,0,0,0,3,-1,1,Atropellament,-1,1,2,4,2,2,0,17.58,1,3,6,13,12
10522,2015,0,2015-09-30,N-420,PRADELL DE LA TEIXETA,Priorat,0,0,1,1,1,0,0,0,0,1,0,0,0,80.0,0.0,0,0,No n'hi ha,-1.0,3,3,1,0,0,0,0,0,0,0,0,0,0,0,2,-1,1,Resta sortides de via,-1,1,2,4,1,2,1,9.4,0,1,2,30,9
10523,2015,1,2015-12-22,SE,TERRASSA,Valles Occidental,3,0,1,0,1,0,0,0,1,0,0,0,0,100.0,0.0,0,-1,No n'hi ha,-1.0,3,3,1,0,0,0,0,0,0,0,0,0,0,0,4,-1,-1,Altres,-1,2,2,5,-1,2,1,6.45,0,5,1,22,12
10524,2015,1,2015-05-08,SE,OLOT,Garrotxa,1,0,1,0,2,1,0,0,0,1,0,0,0,100.0,0.0,0,2,No n'hi ha,1.0,3,3,1,0,0,0,0,0,0,0,0,0,0,0,4,-1,1,Atropellament,-1,2,2,5,-1,2,0,16.19,1,3,4,8,5
10525,2015,0,2015-02-12,AP-7,"PAPIOL, EL",Baix Llobregat,3,0,1,0,2,0,0,0,0,1,1,0,0,100.0,0.0,0,2,No n'hi ha,-1.0,3,3,1,0,0,0,0,0,0,0,0,0,0,0,0,-1,0,Fregament o col·lisió lateral,-1,1,2,2,1,2,1,23.36,2,2,3,12,2
10526,2015,1,2015-02-24,SE,SABADELL,Valles Occidental,3,0,1,0,2,1,0,0,0,1,0,0,0,30.0,0.0,0,2,No n'hi ha,-1.0,3,3,1,0,0,0,0,0,0,0,0,0,0,0,5,-1,0,Atropellament,-1,2,2,5,-1,2,1,19.41,1,3,1,24,2
10527,2015,1,2015-03-29,SE,MALGRAT DE MAR,Maresme,3,0,1,0,2,1,0,0,0,1,0,0,0,100.0,0.0,0,-1,No n'hi ha,-1.0,3,3,1,0,0,0,0,0,0,0,0,0,0,0,4,-1,0,Atropellament,-1,2,2,5,-1,2,0,18.53,1,3,6,29,3
10528,2015,0,2015-04-06,C-12,MAIALS,Segria,2,0,1,0,1,0,0,0,0,1,0,0,0,100.0,0.0,0,0,No n'hi ha,-1.0,3,3,1,0,0,0,0,0,0,0,0,0,0,0,4,-1,1,Resta sortides de via,-1,1,2,4,2,2,1,11.27,0,1,0,6,4
10529,2015,1,2015-06-08,SE,SABADELL,Valles Occidental,3,0,1,0,2,0,1,0,0,1,0,0,0,30.0,0.0,0,2,No n'hi ha,-1.0,3,3,1,0,0,0,0,0,0,0,0,0,0,0,4,-1,0,Encalç,-1,2,2,5,-1,2,1,8.16,0,2,0,8,6
10530,2015,0,2015-03-22,N-141c,MOIA,Moianès,3,0,1,0,2,0,2,0,0,0,0,0,0,100.0,0.0,0,2,No n'hi ha,-1.0,3,3,1,0,0,0,0,0,0,0,0,0,0,0,4,-1,1,Caiguda en la via,-1,1,2,4,2,2,0,13.0,0,0,6,22,3
10531,2015,0,2015-06-21,C-37,QUEROL,Alt Camp,0,0,1,0,1,0,0,0,1,0,0,0,0,90.0,0.0,0,-1,Sense Especificar,-1.0,3,3,1,0,0,0,0,0,0,0,0,0,0,0,4,-1,-1,Resta sortides de via,-1,1,2,4,4,2,0,19.18,1,1,6,21,6
10532,2015,1,2015-11-24,SE,SANT CUGAT DEL VALLES,Valles Occidental,3,0,1,0,2,1,0,0,0,1,0,0,0,20.0,0.0,0,-1,No n'hi ha,-1.0,3,3,1,-1,-1,0,0,-1,0,0,0,0,0,0,4,-1,-1,Atropellament,-1,2,2,5,-1,2,1,10.51,0,3,1,24,11
10533,2015,0,2015-09-08,L-401,ODEN,Solsones,2,0,1,0,1,0,0,0,1,0,0,0,0,90.0,0.0,0,-1,Sense Especificar,-1.0,3,3,1,0,0,0,0,0,0,0,0,0,0,0,4,-1,-1,Resta sortides de via,-1,1,2,4,4,2,1,10.4,0,1,1,8,9
10534,2015,1,2015-12-08,SE,MANRESA,Bages,3,0,1,0,2,1,0,0,0,1,0,0,0,100.0,0.0,0,2,No n'hi ha,-1.0,3,3,1,0,0,0,0,0,0,0,0,0,0,0,2,-1,1,Atropellament,-1,2,2,5,-1,2,1,10.05,0,3,1,8,12
10535,2015,0,2015-08-29,N-141d,FOLGUEROLES,Osona,3,0,1,0,1,0,0,0,1,0,0,0,0,90.0,0.0,0,-1,Sense Especificar,-1.0,3,3,1,0,0,0,0,0,0,0,0,0,0,0,4,-1,-1,Altres,-1,1,2,4,4,2,0,11.16,0,5,5,29,8
10536,2015,1,2015-11-11,SE,VILAFANT,Alt Emporda,1,0,1,0,2,0,0,0,1,1,0,0,0,40.0,0.0,0,2,No n'hi ha,-1.0,3,3,1,0,0,0,0,0,0,0,0,0,0,1,4,4,0,Envestida (frontal lateral),2,2,2,5,-1,2,1,10.16,0,2,2,11,11
10537,2015,0,2015-10-30,BV-5303,SEVA,Osona,3,0,1,0,2,0,0,0,0,2,0,0,0,90.0,0.0,0,-1,Sense Especificar,-1.0,3,3,1,0,0,0,0,0,0,0,0,0,0,0,4,-1,-1,Col·lisió frontal,-1,1,2,4,-1,2,0,15.11,1,2,4,30,10
10538,2015,0,2015-10-31,C-16,CERCS,Bergueda,3,0,2,0,1,0,0,0,0,1,0,0,0,100.0,0.0,0,1,No n'hi ha,-1.0,3,3,1,0,0,0,0,0,0,0,0,0,0,0,3,-1,1,Resta sortides de via,-1,1,2,4,2,2,0,17.34,1,1,5,31,10
10539,2015,0,2015-06-27,BV-2241,PIERA,Anoia,3,0,1,2,2,0,0,0,0,2,0,0,0,100.0,0.0,0,2,No n'hi ha,-1.0,3,3,1,0,0,0,0,0,0,0,0,0,0,0,4,-1,1,Col·lisió frontal,-1,1,2,4,3,2,0,14.59,1,2,5,27,6
10540,2015,1,2015-06-14,SE,MANRESA,Bages,3,0,1,0,1,0,0,0,1,0,0,0,0,100.0,0.0,0,2,No n'hi ha,-1.0,3,3,1,0,0,0,0,0,0,0,0,0,0,0,4,-1,1,Caiguda en la via,-1,2,2,5,-1,2,0,8.5,0,0,6,14,6
10541,2015,1,2015-08-02,SE,SANTA COLOMA DE GRAMANET,Barcelones,3,0,1,1,2,0,0,0,1,1,0,0,0,20.0,0.0,0,-1,No n'hi ha,-1.0,3,3,1,0,0,0,0,0,0,0,0,0,0,1,5,3,-1,Col·lisió frontal,0,2,2,5,-1,2,0,2.3,2,2,6,2,8
10542,2015,1,2015-06-19,SE,ROSES,Alt Emporda,1,0,2,0,1,0,0,0,0,1,0,0,0,20.0,0.0,0,-1,No n'hi ha,-1.0,3,3,1,-1,0,0,0,-1,0,0,0,0,0,1,4,5,1,Sortida de via amb xoc o col·lisió,1,2,2,5,-1,2,1,9.18,0,1,4,19,6
10543,2015,0,2015-06-25,B-682,MALGRAT DE MAR,Maresme,3,0,1,0,2,0,1,0,0,0,1,0,0,70.0,0.0,0,3,No n'hi ha,-1.0,3,3,1,0,0,0,0,0,0,0,0,0,0,0,4,-1,1,Encalç,-1,1,2,4,3,2,1,7.59,0,2,3,25,6
10544,2015,0,2015-09-05,BP-1103,"BRUC, EL",Anoia,3,0,1,0,1,0,0,0,1,0,0,0,0,100.0,0.0,0,2,No n'hi ha,-1.0,3,3,1,0,0,0,0,0,0,0,0,0,0,0,4,-1,1,Caiguda en la via,-1,1,2,4,3,2,0,14.03,1,0,5,5,9
10545,2015,0,2015-08-30,C-35,SANT CELONI,Valles Oriental,3,0,3,3,2,0,0,0,0,2,0,0,0,60.0,0.0,0,2,No n'hi ha,-1.0,3,3,1,0,0,0,0,0,0,0,0,0,0,0,4,-1,1,Col·lisió frontal,-1,1,2,4,3,2,0,13.05,0,2,6,30,8
10546,2015,0,2015-09-10,AP-7,"PAPIOL, EL",Baix Llobregat,3,0,1,0,3,0,0,0,1,1,1,0,0,60.0,0.0,0,1,No n'hi ha,0.0,3,3,1,0,0,0,0,0,0,0,0,0,0,1,4,2,0,Encalç,1,1,2,2,1,2,1,17.27,1,2,3,10,9
10547,2015,1,2015-11-07,SE,ESPLUGUES DE LLOBREGAT,Baix Llobregat,3,0,1,0,1,0,1,0,0,0,0,0,0,30.0,0.0,0,2,No n'hi ha,-1.0,3,3,1,-1,0,0,0,-1,0,0,0,0,0,1,4,4,1,Caiguda en la via,1,2,2,5,-1,2,0,9.45,0,0,5,7,11
10548,2015,0,2015-07-26,C-152,"PRESES, LES",Garrotxa,1,0,1,0,2,1,0,0,0,1,0,0,0,50.0,0.0,0,2,Carril central,5.0,3,3,1,0,0,0,0,0,0,0,0,0,0,1,5,4,1,Atropellament,1,1,2,4,2,2,0,1.21,2,3,6,26,7
10549,2015,1,2015-07-19,SE,MALGRAT DE MAR,Maresme,3,0,1,3,1,0,0,0,0,1,0,0,0,20.0,0.0,0,2,No n'hi ha,-1.0,3,3,1,0,0,0,0,0,0,0,0,0,0,0,4,-1,1,Xoc contra objecte/obstacle sense sortida prèvia de via,-1,2,2,5,-1,2,0,14.42,1,4,6,19,7
10550,2015,1,2015-10-31,SE,BARCELONA,Barcelones,3,0,1,0,2,0,0,0,1,1,0,0,0,100.0,0.0,0,-1,No n'hi ha,-1.0,3,3,1,0,0,0,0,0,0,0,0,0,0,1,5,3,1,Envestida (frontal lateral),2,2,2,5,-1,2,0,5.52,2,2,5,31,10
10551,2015,0,2015-12-12,C-422,CONSTANTI,Tarragones,0,1,0,0,1,0,0,0,1,0,0,0,0,100.0,0.0,0,1,No n'hi ha,-1.0,3,3,0,0,0,0,0,0,0,0,0,0,0,0,3,-1,1,Resta sortides de via,-1,1,2,4,2,2,0,8.09,0,1,5,12,12
10552,2016,0,2016-09-10,A-2,ABRERA,Baix Llobregat,3,1,0,0,1,0,0,0,1,0,0,0,0,100.0,0.0,0,2,No n'hi ha,-1.0,3,3,0,0,0,0,0,0,0,0,0,0,0,0,4,-1,0,Caiguda en la via,-1,1,2,4,1,2,0,17.4,1,0,5,10,9
10553,2016,1,2016-08-05,SE,HOSPITALET DE LLOBREGAT,Barcelones,3,0,1,2,1,0,0,0,0,0,1,0,0,20.0,0.0,0,2,No n'hi ha,-1.0,3,3,1,-1,0,1,0,-1,0,0,0,0,-1,0,5,-1,0,Sortida de via amb xoc o col·lisió,-1,2,2,5,-1,2,0,21.45,1,1,4,5,8
10554,2016,1,2016-06-25,SE,ESPLUGUES DE LLOBREGAT,Baix Llobregat,3,0,1,0,1,0,0,0,0,1,0,0,0,20.0,0.0,0,2,No n'hi ha,-1.0,3,3,1,-1,0,0,0,-1,0,0,0,0,0,1,4,4,0,Xoc contra objecte/obstacle sense sortida prèvia de via,2,2,2,5,-1,2,0,13.35,0,4,5,25,6
10555,2016,0,2016-05-23,N-260,SORIGUERA,Pallars Sobira,2,0,1,0,1,0,0,0,1,0,0,0,0,70.0,0.0,0,1,No n'hi ha,-1.0,3,3,1,0,0,0,0,0,0,0,0,0,0,0,4,-1,1,Resta sortides de via,-1,1,2,4,1,2,1,18.12,1,1,0,23,5
10556,2016,0,2016-07-19,C-246a,SITGES,Garraf,3,0,1,1,1,0,0,0,1,0,0,0,0,100.0,0.0,0,-1,No n'hi ha,-1.0,3,3,1,0,0,0,0,0,0,0,0,0,0,0,4,-1,-1,Resta sortides de via,-1,1,2,4,-1,2,1,1.37,2,1,1,19,7
10557,2016,1,2016-10-07,SE,MANLLEU,Osona,3,0,2,0,2,0,0,1,0,1,0,0,0,20.0,0.0,0,2,No n'hi ha,-1.0,3,3,1,-1,0,0,0,-1,0,0,0,0,-1,1,4,4,1,Envestida (frontal lateral),2,2,2,5,-1,2,0,15.5,1,2,4,7,10
10558,2016,1,2016-01-08,SE,VILANOVA I LA GELTRU,Garraf,3,0,1,0,2,0,1,0,0,1,0,0,0,100.0,0.0,0,2,No n'hi ha,-1.0,3,3,1,0,0,0,0,0,1,0,0,0,0,2,4,2,1,Envestida (frontal lateral),0,2,2,5,-1,2,1,9.0,0,2,4,8,1
10559,2016,1,2016-10-24,SE,BADALONA,Barcelones,3,1,0,0,3,0,0,0,1,2,0,0,0,100.0,0.0,0,2,No n'hi ha,-1.0,3,3,0,0,0,0,0,0,0,0,0,0,0,1,2,4,1,Altres,2,2,2,5,-1,2,1,15.33,1,5,0,24,10
10560,2016,1,2016-11-02,SE,HOSPITALET DE LLOBREGAT,Barcelones,3,0,1,1,2,0,0,0,1,1,0,0,0,20.0,0.0,0,2,No n'hi ha,-1.0,3,3,1,-1,0,0,0,-1,0,0,0,0,-1,1,1,2,1,Envestida (frontal lateral),1,2,2,5,-1,2,1,16.25,1,2,2,2,11
10561,2016,0,2016-11-19,B-510,LLINARS DEL VALLES,Valles Oriental,3,0,1,0,1,0,1,0,0,0,0,0,0,90.0,0.0,0,-1,Sense Especificar,-1.0,3,3,1,0,0,0,0,0,0,0,0,0,0,0,4,-1,-1,Altres,-1,1,2,4,4,2,0,10.11,0,5,5,19,11
10562,2016,1,2016-11-09,SE,BADALONA,Barcelones,3,0,1,0,2,0,0,1,0,1,0,0,0,20.0,0.0,0,-1,No n'hi ha,-1.0,3,3,1,0,-1,0,0,0,0,0,0,0,0,0,5,-1,-1,Fregament o col·lisió lateral,-1,2,2,5,-1,2,1,6.2,0,2,2,9,11
10563,2016,0,2016-12-22,N-420,BOTARELL,Baix Camp,0,1,0,0,2,0,0,0,0,1,1,0,0,80.0,0.0,0,2,No n'hi ha,-1.0,3,3,0,0,0,0,0,0,0,0,0,0,0,0,1,-1,1,Col·lisió frontal,-1,1,2,4,1,2,1,17.05,1,2,3,22,12
10564,2016,0,2016-01-09,SE,ARBECA,Garrigues,2,0,1,0,1,0,1,0,0,0,0,0,0,30.0,0.0,0,-1,Sense Especificar,-1.0,3,3,1,0,0,0,0,0,0,0,0,0,0,0,4,-1,-1,Altres,-1,1,2,0,4,2,0,11.47,0,5,5,9,1
10566,2016,1,2016-03-10,SE,VILANOVA I LA GELTRU,Garraf,3,0,1,1,2,0,0,0,2,0,0,0,0,100.0,0.0,0,2,No n'hi ha,-1.0,3,3,1,0,0,0,0,0,0,0,0,0,0,1,4,3,0,Envestida (frontal lateral),2,2,2,5,-1,1,1,8.38,0,2,3,10,3
10567,2016,0,2016-01-07,TP-3311,"SENIA, LA",Montsia,0,0,1,0,1,0,0,0,0,1,0,0,0,100.0,0.0,0,2,No n'hi ha,-1.0,3,3,1,0,0,0,0,0,0,0,0,0,0,0,4,-1,1,Resta sortides de via,-1,1,2,4,2,2,1,13.35,0,1,3,7,1
10568,2016,0,2016-10-29,L-303,CERVERA,Segarra,2,0,1,0,1,0,0,0,0,1,0,0,0,90.0,0.0,0,-1,Sense Especificar,-1.0,3,3,1,0,0,0,0,0,0,0,0,0,0,0,4,-1,-1,Altres,-1,1,2,4,4,2,0,9.14,0,5,5,29,10
10569,2016,0,2016-06-24,C-16,GUARDIOLA DE BERGUEDA,Bergueda,3,0,3,2,2,0,0,0,0,2,0,0,0,60.0,0.0,0,2,No n'hi ha,-1.0,3,3,1,0,0,0,0,0,0,0,0,0,0,1,4,4,1,Col·lisió frontal,1,1,2,4,2,2,1,12.37,0,2,4,24,6
10570,2016,1,2016-12-23,SE,BARCELONA,Barcelones,3,0,1,1,2,0,0,0,1,1,0,0,0,100.0,0.0,0,-1,No n'hi ha,-1.0,3,3,1,0,0,0,0,0,0,0,0,0,0,1,4,3,1,Envestida (frontal lateral),2,2,2,5,-1,2,1,14.0,1,2,4,23,12
10571,2016,1,2016-07-21,SE,SANT SADURNI D'ANOIA,Alt Penedes,3,0,1,0,3,0,0,0,1,1,1,0,0,20.0,0.0,0,2,No n'hi ha,-1.0,3,3,1,0,0,0,0,0,0,0,0,0,0,0,4,-1,1,Encalç,-1,2,2,5,-1,2,1,13.45,0,2,3,21,7
10572,2016,1,2016-10-13,SE,FIGUERES,Alt Emporda,1,0,1,0,2,1,0,0,0,1,0,0,0,100.0,0.0,0,2,No n'hi ha,-1.0,2,3,1,0,0,0,1,0,0,0,0,0,0,0,5,-1,0,Atropellament,-1,2,2,5,-1,2,1,7.55,0,3,3,13,10
10573,2016,0,2016-06-10,AL,LLORET DE MAR,Selva,1,0,1,0,3,0,0,0,1,2,0,0,0,100.0,0.0,0,3,No n'hi ha,-1.0,3,3,1,0,0,0,0,0,0,0,0,0,0,1,4,4,1,Col·lisió frontal,1,1,2,0,0,2,0,18.38,1,2,4,10,6
10574,2016,1,2016-12-17,SE,MACANET DE LA SELVA,Selva,1,0,1,0,2,0,1,0,0,1,0,0,0,20.0,0.0,0,-1,Sense Especificar,-1.0,3,3,1,0,0,0,0,0,0,0,0,0,0,1,4,4,-1,Envestida (frontal lateral),1,2,2,5,-1,2,0,16.36,1,2,5,17,12
10575,2016,1,2016-01-12,BP-1503,TERRASSA,Valles Occidental,3,0,1,0,2,0,0,0,1,1,0,0,0,100.0,0.0,0,2,No n'hi ha,-1.0,3,3,1,0,0,0,0,0,0,0,0,0,0,0,4,-1,1,Encalç,-1,0,2,4,0,2,1,8.5,0,2,1,12,1
10576,2016,1,2016-02-04,SE,BARCELONA,Barcelones,3,0,1,0,1,0,0,0,0,0,0,1,0,100.0,0.0,0,-1,Altres,-1.0,3,3,1,0,0,0,0,0,0,0,0,0,0,1,4,5,1,Caiguda en la via,2,2,2,5,-1,2,1,19.03,1,0,3,4,2
10577,2016,1,2016-05-12,SE,TARRAGONA,Tarragones,0,0,1,0,2,0,0,0,1,1,0,0,0,100.0,0.0,0,2,No n'hi ha,-1.0,3,3,1,0,0,0,0,0,0,0,0,0,0,0,4,-1,1,Caiguda en la via,-1,2,2,5,-1,2,1,15.4,1,0,3,12,5
10578,2016,1,2016-01-31,SE,BADALONA,Barcelones,3,0,1,0,2,0,0,0,1,1,0,0,0,20.0,0.0,0,-1,No n'hi ha,-1.0,3,3,1,-1,0,0,0,-1,0,0,0,0,-1,1,4,4,1,Caiguda en la via,0,2,2,5,-1,2,0,13.0,0,0,6,31,1
10579,2016,0,2016-01-16,C-1411a,BALSARENY,Bages,3,0,1,0,1,0,0,0,1,0,0,0,0,40.0,0.0,0,2,Carril d'alentiment,-1.0,3,3,1,0,0,0,0,0,0,0,0,0,0,0,4,-1,0,Resta sortides de via,-1,1,2,4,2,2,0,13.06,0,1,5,16,1
10580,2016,1,2016-09-06,SE,"BARONIA DE RIALB, LA",Noguera,2,0,1,0,1,0,0,0,1,0,0,0,0,20.0,0.0,0,-1,Sense Especificar,-1.0,3,3,1,0,0,0,0,0,0,0,0,0,0,0,4,-1,-1,Altres,-1,2,2,5,-1,2,1,18.56,1,5,1,6,9
10581,2016,0,2016-05-18,B-20,BARCELONA,Barcelones,3,0,1,0,3,0,0,0,1,1,1,0,0,80.0,0.0,0,-1,No n'hi ha,-1.0,3,3,1,0,0,1,0,0,0,0,0,0,0,0,4,-1,1,Encalç,-1,1,2,1,-1,2,1,16.25,1,2,2,18,5
10582,2016,1,2016-03-31,SE,MOLLET DEL VALLES,Valles Oriental,3,0,1,0,2,0,0,0,1,1,0,0,0,100.0,0.0,0,2,No n'hi ha,-1.0,3,3,1,0,0,0,0,0,0,0,0,0,0,1,4,4,0,Envestida (frontal lateral),0,2,2,5,-1,2,1,16.21,1,2,3,31,3
10583,2016,0,2016-09-29,C-17,TAGAMANENT,Valles Oriental,3,1,0,1,3,0,0,0,0,3,0,0,0,100.0,0.0,0,-1,No n'hi ha,-1.0,3,3,0,0,0,0,0,0,0,0,0,0,0,0,4,-1,-1,Xoc contra objecte/obstacle sense sortida prèvia de via,-1,1,2,4,-1,2,1,14.59,1,4,3,29,9