,Year,Area,Date,Road,Municipality Name,County Name,Province Name,Fatalties,Serious Injuries,Light Injuries,Units Involved,Pedestrains Involved,Bicycles Involved,Mopeds Involved,Motorcycles,Light Vehicles Involved,Heavy Vehicles Involved,Other Units Involved,Unspecified Units Involved,Road Speed Limit,Accident with Hit and Run,Fog Presence,Surrounding Environment,Special Lane Presence,Special Traffic Measures,Weather Conditions,Special Road Functions,Severity of Accident,Influence of Fog,Influence of Environment,Influence of Traffic,Influence of Weather,Influence of Wind Intensity,Influence of Lighting,Influence of Special Measures,Influence of Road Objects,Influence of Road Surface,Influence of Visibility,Intersection Characteristics,Lighting Conditions,Traffic Regulation and Priority,Direction of Road,Subtype of Accident,Subtype of Road Section,Subzone within Area,Road Surface Conditions,Type of Road,Road Ownership,Wind Conditions,Day of the Week Grouping,Hour of Day,Time of Day Grouping,Type of Accident,Day Type,Day,Month
10584,2016,1,2016-12-02,SE,SANT QUIRZE DE BESORA,Osona,3,0,1,0,2,1,0,0,0,1,0,0,0,20.0,0.0,0,-1,Sense Especificar,-1.0,3,3,1,0,0,0,0,0,0,0,0,0,0,0,4,-1,-1,Atropellament,-1,2,2,5,-1,2,0,18.3,1,3,4,2,12
10585,2016,1,2016-06-14,SE,SANT BOI DE LLOBREGAT,Baix Llobregat,3,0,1,0,2,1,0,0,0,1,0,0,0,100.0,0.0,0,2,No n'hi ha,-1.0,3,3,1,0,0,0,0,0,0,0,0,0,0,2,4,3,1,Atropellament,2,2,2,5,-1,2,1,17.5,1,3,1,14,6
10586,2016,1,2016-01-15,SE,TERRASSA,Valles Occidental,3,0,1,0,2,0,0,0,0,1,1,0,0,100.0,0.0,0,-1,No n'hi ha,-1.0,3,3,1,0,0,0,0,0,0,0,0,0,0,0,4,-1,-1,Fregament o col·lisió lateral,-1,2,2,5,-1,2,0,16.45,1,2,4,15,1
10587,2016,1,2016-12-21,BV-5031,SANT ANDREU DE LLAVANERES,Maresme,3,0,1,0,2,0,0,0,1,1,0,0,0,90.0,0.0,0,-1,No n'hi ha,-1.0,3,3,1,-1,0,0,0,-1,0,0,0,0,0,1,4,3,1,Envestida (frontal lateral),2,0,2,4,-1,2,1,16.44,1,2,2,21,12
10588,2016,0,2016-07-26,C-15z,OLERDOLA,Alt Penedes,3,0,1,0,1,0,0,0,0,0,1,0,0,100.0,0.0,0,3,No n'hi ha,-1.0,3,3,1,0,0,0,0,0,0,0,0,0,0,0,3,-1,1,Resta sortides de via,-1,1,2,4,2,2,1,23.04,2,1,1,26,7
10589,2016,1,2016-03-25,SE,VIC,Osona,3,0,1,1,2,0,0,1,0,1,0,0,0,100.0,0.0,0,2,No n'hi ha,-1.0,3,3,1,0,0,0,0,0,0,0,0,0,0,1,5,5,1,Col·lisió frontal,1,2,2,5,-1,2,0,19.55,1,2,4,25,3
10590,2016,0,2016-04-24,C-31,PALS,Baix Emporda,1,0,2,0,2,0,0,0,1,1,0,0,0,40.0,0.0,0,1,No n'hi ha,-1.0,3,3,1,0,0,0,0,0,0,0,0,0,0,1,4,4,0,Envestida (frontal lateral),0,1,2,4,2,2,0,13.03,0,2,6,24,4
10591,2016,1,2016-05-17,SE,VILAFRANCA DEL PENEDES,Alt Penedes,3,0,1,0,2,1,0,0,0,1,0,0,0,20.0,0.0,0,2,No n'hi ha,-1.0,3,3,1,-1,0,0,0,-1,0,0,0,0,0,1,4,2,1,Atropellament,1,2,2,5,-1,2,1,9.5,0,3,1,17,5
10592,2016,1,2016-02-27,SE,VILASSAR DE MAR,Maresme,3,0,1,0,2,1,0,0,0,1,0,0,0,100.0,0.0,0,-1,No n'hi ha,-1.0,3,3,1,0,0,0,0,0,0,0,0,0,0,0,4,-1,-1,Atropellament,-1,2,2,5,-1,2,0,20.37,1,3,5,27,2
10593,2016,1,2016-06-04,BP-5002,ALELLA,Maresme,3,0,1,0,2,0,0,0,0,2,0,0,0,90.0,0.0,0,2,No n'hi ha,-1.0,3,3,1,-1,0,0,0,-1,0,0,0,0,-1,0,4,-1,1,Envestida (frontal lateral),-1,0,2,4,-1,2,0,11.55,0,2,5,4,6
10594,2016,1,2016-09-15,SE,RUBI,Valles Occidental,3,0,1,0,2,0,0,1,0,1,0,0,0,100.0,0.0,0,2,No n'hi ha,-1.0,3,3,1,0,0,0,0,0,0,0,0,0,0,1,5,5,1,Envestida (frontal lateral),1,2,2,5,-1,2,1,6.45,0,2,3,15,9
10595,2016,1,2016-02-26,SE,CORNELLA DE LLOBREGAT,Baix Llobregat,3,0,1,1,2,1,0,0,1,0,0,0,0,20.0,0.0,0,-1,No n'hi ha,-1.0,3,3,1,0,0,0,0,0,0,0,0,0,0,0,4,-1,-1,Atropellament,-1,0,2,5,-1,2,1,13.3,0,3,4,26,2
10596,2016,1,2016-06-26,SE,TARRAGONA,Tarragones,0,0,2,1,4,3,0,0,0,1,0,0,0,100.0,0.0,0,2,No n'hi ha,-1.0,3,3,1,0,1,0,0,0,0,0,0,0,0,0,5,-1,0,Atropellament,-1,2,2,5,-1,2,0,23.19,2,3,6,26,6
10597,2016,0,2016-12-23,N-260a,OLOT,Garrotxa,1,0,1,3,2,0,0,0,0,2,0,0,0,60.0,0.0,0,2,No n'hi ha,-1.0,3,3,1,0,0,0,0,0,0,0,0,0,0,1,4,4,1,Envestida (frontal lateral),1,1,2,4,2,2,1,9.54,0,2,4,23,12
10598,2016,1,2016-07-16,SE,BARCELONA,Barcelones,3,0,1,0,2,1,0,0,0,1,0,0,0,100.0,0.0,0,-1,No n'hi ha,-1.0,3,3,1,0,0,0,0,0,0,0,0,0,0,1,4,3,1,Atropellament,2,2,2,5,-1,2,0,11.35,0,3,5,16,7
10599,2016,0,2016-09-01,C-37,SANTA MARGARIDA DE M,Anoia,3,0,1,0,1,0,0,0,1,0,0,0,0,90.0,0.0,0,-1,Sense Especificar,-1.0,3,3,1,0,0,0,0,0,0,0,0,0,0,0,4,-1,-1,Xoc amb animal a la calçada,-1,1,2,4,4,2,1,17.05,1,4,3,1,9
10600,2016,0,2016-07-30,C-12,BALAGUER,Noguera,2,0,1,0,1,0,0,0,0,1,0,0,0,90.0,0.0,0,-1,Sense Especificar,-1.0,3,3,1,0,0,0,0,0,0,0,0,0,0,0,4,-1,-1,Resta sortides de via,-1,1,2,4,4,2,0,14.41,1,1,5,30,7
10601,2016,1,2016-05-20,SE,OLESA DE BONESVALLS,Alt Penedes,3,0,1,0,2,0,0,0,1,1,0,0,0,50.0,0.0,0,2,No n'hi ha,-1.0,3,3,1,0,0,0,0,0,0,0,0,0,0,0,4,-1,1,Fregament o col·lisió lateral,-1,2,2,5,-1,2,0,19.43,1,2,4,20,5
10602,2016,1,2016-08-03,SE,SALOU,Tarragones,0,0,1,0,2,1,0,0,0,1,0,0,0,100.0,0.0,0,2,No n'hi ha,-1.0,3,3,1,0,0,0,0,0,0,0,0,0,0,0,4,-1,1,Atropellament,-1,2,2,5,-1,2,1,11.15,0,3,2,3,8
10603,2016,1,2016-11-25,SE,BARCELONA,Barcelones,3,0,1,0,2,1,0,0,0,1,0,0,0,30.0,0.0,0,-1,No n'hi ha,-1.0,3,3,1,0,0,0,0,0,0,0,0,0,0,1,4,3,0,Atropellament,2,2,2,5,-1,2,1,9.4,0,3,4,25,11
10604,2016,0,2016-05-21,GIV-4016,TOSES,Ripolles,1,0,1,0,2,0,0,0,1,1,0,0,0,100.0,0.0,0,3,No n'hi ha,-1.0,3,3,1,0,0,0,0,0,0,0,0,0,0,0,4,-1,1,Fregament o col·lisió lateral,-1,1,2,4,0,2,0,11.13,0,2,5,21,5
10605,2016,0,2016-05-29,A-2,VECIANA,Anoia,3,0,1,0,1,0,0,0,1,0,0,0,0,90.0,0.0,0,-1,Sense Especificar,-1.0,3,3,1,0,0,0,0,0,0,0,0,0,0,0,4,-1,-1,Altres,-1,1,2,4,4,2,0,12.26,0,5,6,29,5
10606,2016,0,2016-12-02,C-162,FONTANALS DE CERDANYA,Cerdanya,1,0,2,0,1,0,0,0,0,1,0,0,0,100.0,0.0,0,1,No n'hi ha,-1.0,3,3,1,0,0,0,0,0,0,0,0,0,0,0,2,-1,1,Resta sortides de via,-1,1,2,4,2,2,0,17.03,1,1,4,2,12
10607,2016,1,2016-02-27,SE,BARCELONA,Barcelones,3,0,1,2,2,0,0,1,0,1,0,0,0,100.0,0.0,0,-1,No n'hi ha,-1.0,2,3,1,0,0,0,1,0,0,0,0,0,0,0,5,-1,1,Xoc contra objecte/obstacle sense sortida prèvia de via,-1,2,0,5,-1,2,0,6.15,0,4,5,27,2
10608,2016,1,2016-07-11,SE,GIRONA,Girones,1,0,1,0,2,1,0,0,0,1,0,0,0,100.0,0.0,0,-1,No n'hi ha,-1.0,3,3,1,0,0,0,0,0,0,0,0,0,0,0,4,-1,-1,Atropellament,-1,2,2,5,-1,2,1,17.02,1,3,0,11,7
10609,2016,0,2016-05-26,C-14,PERAMOLA,Alt Urgell,2,0,1,0,2,0,1,0,0,0,1,0,0,100.0,0.0,0,2,No n'hi ha,-1.0,3,3,1,0,0,0,0,0,0,0,0,0,0,0,5,-1,1,Fregament o col·lisió lateral,-1,1,2,4,2,2,1,16.54,1,2,3,26,5
10610,2016,1,2016-01-22,B-224,VALLBONA D'ANOIA,Anoia,3,0,1,0,1,0,0,1,0,0,0,0,0,40.0,0.0,0,3,No n'hi ha,-1.0,3,3,1,0,0,0,0,0,1,0,0,1,0,0,0,-1,1,Xoc contra objecte/obstacle sense sortida prèvia de via,-1,0,2,4,2,2,1,7.0,0,4,4,22,1
10611,2016,0,2016-10-16,AP-7,VANDELLOS I L'HOSPITALET DE L'INFANT,Baix Camp,0,0,1,1,1,0,0,0,0,1,0,0,0,40.0,0.0,0,2,No n'hi ha,-1.0,3,3,1,0,0,0,0,0,0,0,0,0,0,0,4,-1,0,Resta sortides de via,-1,1,2,4,1,2,0,12.5,0,1,6,16,10
10612,2016,0,2016-10-29,B-204,SANT BOI DE LLOBREGAT,Baix Llobregat,3,0,1,0,1,0,0,0,1,0,0,0,0,100.0,0.0,0,2,No n'hi ha,-1.0,3,3,1,0,0,0,0,0,0,0,0,0,0,0,4,-1,1,Caiguda en la via,-1,1,2,4,2,2,0,15.43,1,0,5,29,10
10613,2016,1,2016-05-12,SE,VILANOVA I LA GELTRU,Garraf,3,0,1,0,2,0,1,0,1,0,0,0,0,100.0,0.0,0,2,Carril bici,-1.0,3,3,1,0,0,0,0,0,0,0,0,0,0,0,1,-1,1,Envestida (frontal lateral),-1,2,2,5,-1,2,1,19.3,1,2,3,12,5
10614,2016,1,2016-01-18,SE,CORNELLA DE LLOBREGAT,Baix Llobregat,3,0,1,0,1,0,0,0,0,0,0,1,0,20.0,0.0,0,2,No n'hi ha,-1.0,3,3,1,-1,0,0,0,-1,0,0,0,0,0,1,4,2,0,Xoc contra objecte/obstacle sense sortida prèvia de via,0,2,2,5,-1,2,1,17.45,1,4,0,18,1
10615,2016,0,2016-07-17,C-32,CASTELLDEFELS,Baix Llobregat,3,0,2,0,1,0,0,0,1,0,0,0,0,100.0,0.0,0,2,Altres,-1.0,3,3,1,0,0,0,0,0,0,0,0,0,0,0,4,-1,0,Caiguda en la via,-1,1,2,4,2,2,0,10.14,0,0,6,17,7
10616,2016,1,2016-08-17,SE,IGUALADA,Anoia,3,0,1,0,2,1,0,0,0,1,0,0,0,50.0,0.0,0,2,No n'hi ha,-1.0,3,3,1,-1,0,0,0,-1,0,0,0,0,-1,1,4,2,1,Atropellament,2,2,2,5,-1,2,1,9.07,0,3,2,17,8
10617,2016,0,2016-01-26,BP-1417,SANT CUGAT DEL VALLES,Valles Occidental,3,0,1,0,1,0,0,0,1,0,0,0,0,100.0,0.0,0,1,No n'hi ha,-1.0,3,3,1,0,0,0,0,0,0,0,0,0,0,0,4,-1,1,Resta sortides de via,-1,1,2,4,3,2,1,17.06,1,1,1,26,1
10618,2016,1,2016-10-09,SE,ROSES,Alt Emporda,1,1,0,0,2,0,1,0,0,1,0,0,0,40.0,0.0,0,-1,No n'hi ha,-1.0,3,3,0,0,0,0,0,0,0,0,0,0,0,0,4,-1,1,Encalç,-1,2,2,5,-1,2,0,16.42,1,2,6,9,10
10619,2016,0,2016-02-05,CR33,LLEIDA,Segria,2,1,0,0,2,1,0,0,0,1,0,0,0,50.0,0.0,0,1,No n'hi ha,-1.0,3,3,0,-1,0,0,0,-1,0,0,0,0,0,0,3,-1,1,Atropellament,-1,1,2,3,0,2,0,19.05,1,3,4,5,2
10620,2016,0,2016-07-18,CR,"SEU D'URGELL, LA",Alt Urgell,2,0,1,0,2,0,1,0,0,1,0,0,0,100.0,0.0,0,1,No n'hi ha,-1.0,3,3,1,0,0,0,0,0,0,0,0,0,0,0,4,-1,1,Caiguda en la via,-1,1,2,3,0,2,1,21.21,1,0,0,18,7
10621,2016,0,2016-03-06,AP-7,MACANET DE LA SELVA,Selva,1,0,1,1,1,0,0,0,0,1,0,0,0,100.0,0.0,0,2,No n'hi ha,-1.0,3,3,1,0,0,0,0,0,0,0,0,0,0,0,1,-1,0,Resta sortides de via,-1,1,2,4,1,2,0,6.4,0,1,6,6,3
10622,2016,1,2016-03-05,SE,MATARO,Maresme,3,0,1,0,2,1,0,0,0,1,0,0,0,20.0,0.0,0,-1,No n'hi ha,-1.0,3,3,1,0,0,0,0,0,0,0,0,0,0,1,5,2,1,Atropellament,2,2,2,5,-1,2,0,19.3,1,3,5,5,3
10623,2016,0,2016-06-12,LP-3322,LINYOLA,Pla d'Urgell,2,0,1,1,2,0,0,0,1,1,0,0,0,100.0,0.0,0,2,No n'hi ha,-1.0,3,3,1,0,0,0,0,0,0,0,0,0,0,2,4,5,1,Envestida (frontal lateral),2,1,2,4,2,2,0,19.42,1,2,6,12,6
10624,2016,1,2016-09-02,SE,SABADELL,Valles Occidental,3,0,1,0,2,1,0,0,0,1,0,0,0,40.0,0.0,0,1,No n'hi ha,-1.0,3,3,1,0,0,0,0,0,0,0,0,0,0,2,5,4,0,Atropellament,2,2,2,5,-1,2,0,20.3,1,3,4,2,9
10625,2016,1,2016-09-22,SE,SABADELL,Valles Occidental,3,0,1,0,2,0,0,0,1,1,0,0,0,100.0,0.0,0,2,No n'hi ha,-1.0,3,3,1,0,0,0,0,0,0,0,0,0,0,1,0,4,0,Col·lisió frontal,2,2,2,5,-1,2,1,20.49,1,2,3,22,9
10626,2016,1,2016-07-01,SE,MONTMELO,Valles Oriental,3,0,1,1,1,0,0,0,1,0,0,0,0,20.0,0.0,0,-1,No n'hi ha,-1.0,3,3,1,-1,0,0,0,-1,0,0,1,0,-1,1,4,5,1,Caiguda en la via,0,2,1,5,-1,2,1,11.59,0,0,4,1,7
10627,2016,1,2016-09-19,SE,HOSPITALET DE LLOBREGAT,Barcelones,3,0,1,1,2,1,0,0,1,0,0,0,0,20.0,0.0,0,-1,No n'hi ha,-1.0,3,3,1,0,0,0,0,0,0,0,0,0,0,0,4,-1,-1,Atropellament,-1,2,2,5,-1,2,1,11.33,0,3,0,19,9
10628,2016,0,2016-09-20,C-14,OLIOLA,Noguera,2,0,1,0,1,0,0,0,0,1,0,0,0,100.0,0.0,0,1,No n'hi ha,-1.0,3,3,1,0,0,0,0,0,0,0,0,0,0,0,4,-1,1,Resta sortides de via,-1,1,2,4,2,2,1,15.58,1,1,1,20,9
10630,2016,1,2016-10-10,SE,SANT JOAN DESPI,Baix Llobregat,3,0,1,0,1,0,0,1,0,0,0,0,0,100.0,0.0,0,-1,No n'hi ha,-1.0,3,3,1,0,0,0,0,0,0,0,0,0,0,0,4,-1,-1,Altres,-1,2,2,5,-1,2,1,20.3,1,5,0,10,10
10631,2016,0,2016-03-13,C-14,FIGOLS I ALINYA,Alt Urgell,2,1,1,0,1,0,0,0,0,1,0,0,0,70.0,0.0,0,1,No n'hi ha,-1.0,3,3,0,0,0,0,0,0,0,0,0,0,0,0,4,-1,1,Resta sortides de via,-1,1,2,4,2,2,0,17.02,1,1,6,13,3
10632,2016,1,2016-09-01,SE,ALMENAR,Segria,2,0,1,5,2,0,0,0,0,2,0,0,0,100.0,0.0,0,2,No n'hi ha,-1.0,3,3,1,0,0,0,0,0,0,0,0,0,0,0,4,-1,1,Envestida (frontal lateral),-1,2,2,5,0,2,1,12.39,0,2,3,1,9
10633,2016,1,2016-04-21,SE,BARCELONA,Barcelones,3,0,1,0,2,1,0,0,0,1,0,0,0,100.0,0.0,0,-1,Carril bus,-1.0,2,3,1,0,0,0,1,0,0,0,0,0,0,0,4,-1,0,Atropellament,-1,2,0,5,-1,2,1,10.5,0,3,3,21,4
10634,2016,0,2016-03-30,CR,"PALMA D'EBRE, LA",Ribera d'Ebre,0,1,0,0,1,0,0,0,0,0,1,0,0,100.0,0.0,0,3,No n'hi ha,-1.0,3,3,0,0,0,0,0,0,0,0,0,0,0,0,4,-1,1,Resta sortides de via,-1,1,0,3,0,2,1,15.32,1,1,2,30,3
10635,2016,0,2016-07-03,C-33,MOLLET DEL VALLES,Valles Oriental,3,0,1,0,1,0,0,0,1,0,0,0,0,100.0,0.0,0,1,No n'hi ha,-1.0,3,3,1,0,0,0,0,0,0,0,0,0,0,0,4,-1,0,Altres,-1,1,2,4,2,2,0,20.12,1,5,6,3,7
10636,2016,0,2016-06-14,B-20,"PRAT DE LLOBREGAT, E",Baix Llobregat,3,0,1,0,2,0,0,0,1,1,0,0,0,80.0,0.0,0,2,No n'hi ha,-1.0,3,3,1,0,0,0,0,0,0,0,0,0,0,0,4,-1,0,Encalç,-1,1,2,4,2,2,1,18.34,1,2,1,14,6
10637,2016,0,2016-09-26,GI-555,MASSANES,Selva,1,0,2,2,3,0,0,0,0,2,1,0,0,60.0,0.0,0,1,No n'hi ha,-1.0,3,3,1,0,0,0,0,0,0,0,0,0,0,0,4,-1,1,Col·lisió frontal,-1,1,2,4,2,2,1,8.04,0,2,0,26,9
10638,2016,0,2016-03-25,C-15,VILANOVA I LA GELTRU,Garraf,3,0,1,0,1,0,0,0,1,0,0,0,0,40.0,0.0,0,2,No n'hi ha,-1.0,3,3,1,0,0,0,0,0,0,0,0,0,0,1,4,4,0,Caiguda en la via,0,1,2,4,2,2,1,11.29,0,0,4,25,3
10639,2016,1,2016-05-28,SE,GIRONA,Girones,1,0,1,0,2,0,0,0,1,1,0,0,0,100.0,0.0,0,-1,No n'hi ha,-1.0,3,3,1,0,0,0,0,0,0,0,0,0,0,0,4,-1,-1,Altres,-1,2,2,5,-1,2,0,20.01,1,5,5,28,5
10640,2016,1,2016-02-27,SE,TARRAGONA,Tarragones,0,0,1,0,2,0,0,1,0,1,0,0,0,100.0,0.0,0,2,No n'hi ha,-1.0,1,3,1,0,0,0,1,0,0,0,0,0,0,1,5,4,1,Envestida (frontal lateral),2,2,2,5,-1,2,0,20.2,1,2,5,27,2
10641,2016,1,2016-04-06,SE,BARCELONA,Barcelones,3,0,1,0,2,0,0,0,1,0,1,0,0,100.0,0.0,0,-1,No n'hi ha,-1.0,3,3,1,0,0,0,0,0,0,0,0,0,1,0,4,-1,0,Encalç,-1,2,2,5,-1,2,1,11.2,0,2,2,6,4
10642,2016,0,2016-08-24,CR,LES,Val d'Aran,2,0,2,0,1,0,0,0,0,0,0,1,0,100.0,0.0,0,1,No n'hi ha,-1.0,3,3,1,0,0,0,0,0,0,0,0,0,0,0,3,-1,1,Resta sortides de via,-1,1,0,3,0,2,1,3.15,2,1,2,24,8
10643,2016,1,2016-02-01,SE,GIRONA,Girones,1,0,1,0,1,0,0,0,0,1,0,0,0,20.0,0.0,0,-1,No n'hi ha,-1.0,3,3,1,0,-1,0,0,0,0,0,0,0,0,0,5,-1,-1,Xoc contra objecte/obstacle sense sortida prèvia de via,-1,2,2,5,-1,1,1,4.5,2,4,0,1,2
10644,2016,0,2016-01-14,GI-531,SANT GREGORI,Girones,1,0,1,0,1,0,0,1,0,0,0,0,0,100.0,0.0,0,1,No n'hi ha,-1.0,3,3,1,0,0,0,0,1,0,0,1,0,0,0,3,-1,1,Xoc contra objecte/obstacle sense sortida prèvia de via,-1,1,2,4,2,0,1,5.2,2,4,3,14,1
10645,2016,1,2016-10-28,SE,LLEIDA,Segria,2,0,2,0,2,0,0,1,0,1,0,0,0,20.0,0.0,0,2,No n'hi ha,-1.0,3,3,1,-1,0,0,0,-1,0,0,0,0,0,1,4,4,1,Fregament o col·lisió lateral,2,2,2,5,-1,2,0,15.3,1,2,4,28,10
10646,2016,0,2016-05-23,N-II,CALELLA,Maresme,3,0,1,1,2,0,0,0,0,1,1,0,0,60.0,0.0,0,1,No n'hi ha,-1.0,3,3,1,0,0,0,0,0,0,0,0,0,0,0,4,-1,1,Col·lisió frontal,-1,1,2,4,1,2,1,7.43,0,2,0,23,5
10647,2016,0,2016-06-21,CR,"PALAU D'ANGLESOLA, EL",Pla d'Urgell,2,0,1,0,2,0,0,0,1,1,0,0,0,40.0,0.0,0,2,No n'hi ha,-1.0,3,3,1,0,0,0,0,0,0,0,0,0,0,0,4,-1,1,Fregament o col·lisió lateral,-1,1,2,3,0,2,1,20.36,1,2,1,21,6
10648,2016,0,2016-07-03,C-17,MOLLET DEL VALLES,Valles Oriental,3,0,1,0,1,0,0,0,1,0,0,0,0,100.0,0.0,0,2,No n'hi ha,-1.0,3,3,1,0,0,0,0,0,0,0,1,0,0,0,4,-1,1,Xoc contra objecte/obstacle sense sortida prèvia de via,-1,1,2,4,2,2,0,9.37,0,4,6,3,7
10649,2016,0,2016-12-11,N-II,MATARO,Maresme,3,0,1,0,2,1,0,0,0,1,0,0,0,90.0,0.0,0,2,No n'hi ha,-1.0,3,3,1,0,0,0,0,0,0,0,0,0,0,0,3,-1,1,Atropellament,-1,1,2,4,1,2,0,22.14,2,3,6,11,12
10650,2016,0,2016-05-24,T-331,GODALL,Montsia,0,0,1,1,2,0,0,0,0,2,0,0,0,100.0,0.0,0,2,No n'hi ha,-1.0,3,3,1,0,0,0,0,0,0,0,0,0,0,2,4,4,1,Envestida (frontal lateral),2,1,2,4,2,2,1,17.09,1,2,1,24,5
10651,2016,0,2016-08-09,GIV-6211,FIGUERES,Alt Emporda,1,0,1,0,1,0,0,0,1,0,0,0,0,100.0,0.0,0,2,No n'hi ha,-1.0,3,3,1,0,0,0,0,0,0,0,0,0,0,0,4,-1,1,Resta sortides de via,-1,1,2,4,3,1,1,14.57,1,1,1,9,8
10652,2016,0,2016-06-29,TV-3454,DELTEBRE,Baix Ebre,0,0,1,1,2,0,0,0,0,2,0,0,0,100.0,0.0,0,2,No n'hi ha,-1.0,3,3,1,0,0,0,0,0,1,0,0,0,0,1,1,5,1,Envestida (frontal lateral),2,1,2,4,2,2,1,20.5,1,2,2,29,6
10653,2016,0,2016-01-22,N-340,ALCANAR,Montsia,0,0,1,0,2,0,0,0,0,1,1,0,0,100.0,0.0,0,2,Carril acceleració,-1.0,3,3,1,0,0,0,0,0,0,0,0,0,0,0,3,-1,1,Col·lisió frontal,-1,1,2,4,1,2,0,21.05,1,2,4,22,1
10654,2016,0,2016-10-21,C-58cc,MONTCADA I REIXAC,Valles Occidental,3,0,1,0,1,0,0,0,1,0,0,0,0,80.0,0.0,0,2,Carril bus,-1.0,3,3,1,0,0,0,0,0,0,0,0,0,0,2,5,5,1,Xoc contra objecte/obstacle sense sortida prèvia de via,3,1,2,4,2,2,1,5.56,2,4,4,21,10
10655,2016,0,2016-11-02,C-63,LLORET DE MAR,Selva,1,0,1,0,2,0,0,1,0,1,0,0,0,100.0,0.0,0,2,No n'hi ha,-1.0,3,3,1,0,0,0,0,0,0,0,0,0,0,1,4,4,1,Fregament o col·lisió lateral,0,1,2,4,2,2,1,10.03,0,2,2,2,11
10656,2016,0,2016-11-02,N-340,SANT CARLES DE LA RAPITA,Montsia,0,0,2,0,2,0,0,0,0,1,1,0,0,100.0,0.0,0,2,No n'hi ha,-1.0,3,3,1,0,0,0,0,0,0,0,1,0,0,0,3,-1,1,Envestida (frontal lateral),-1,1,2,4,1,2,1,20.09,1,2,2,2,11
10657,2016,1,2016-01-27,SE,MOLINS DE REI,Baix Llobregat,3,0,1,0,2,0,1,0,0,1,0,0,0,20.0,0.0,0,-1,No n'hi ha,-1.0,3,3,1,-1,0,0,0,-1,0,0,0,0,0,0,5,-1,1,Fregament o col·lisió lateral,-1,2,2,5,-1,2,1,5.55,2,2,2,27,1
10658,2016,1,2016-06-02,SE,BELLPUIG,Urgell,2,0,1,1,2,0,0,1,0,1,0,0,0,20.0,0.0,0,-1,Sense Especificar,-1.0,3,3,1,0,0,0,0,0,0,0,0,0,0,1,4,4,-1,Envestida (frontal lateral),0,2,2,5,-1,2,1,22.41,2,2,3,2,6
10659,2016,1,2016-04-07,SE,BLANES,Selva,1,0,1,0,1,0,0,0,1,0,0,0,0,20.0,0.0,0,2,No n'hi ha,-1.0,3,3,1,-1,0,0,0,-1,0,0,0,0,-1,0,4,-1,-1,Caiguda en la via,-1,2,2,5,-1,2,1,15.31,1,0,3,7,4
10660,2016,1,2016-08-14,SE,MATARO,Maresme,3,0,1,0,2,0,0,0,1,1,0,0,0,20.0,0.0,0,2,No n'hi ha,-1.0,3,3,1,-1,0,0,0,-1,0,0,0,0,-1,1,4,5,1,Encalç,1,2,2,5,-1,2,0,18.3,1,2,6,14,8
10661,2016,1,2016-05-30,SE,LLEIDA,Segria,2,0,1,0,1,0,0,0,1,0,0,0,0,20.0,0.0,0,-1,Sense Especificar,-1.0,3,3,1,0,0,0,0,0,0,0,0,0,0,2,4,4,-1,Altres,0,2,2,5,-1,2,1,15.56,1,5,0,30,5
10662,2016,0,2016-07-04,AP-7,"VENDRELL, EL",Baix Penedes,0,0,1,0,1,0,0,0,0,1,0,0,0,100.0,0.0,0,2,Carril acceleració,-1.0,3,3,1,0,0,0,0,0,0,0,0,0,0,0,4,-1,1,Resta sortides de via,-1,1,2,4,1,2,1,7.43,0,1,0,4,7
10663,2016,1,2016-07-05,SE,CAMBRILS,Baix Camp,0,0,1,1,2,1,0,0,1,0,0,0,0,40.0,0.0,0,2,No n'hi ha,-1.0,3,3,1,0,0,0,0,0,0,0,0,0,0,0,4,-1,1,Atropellament,-1,2,2,5,-1,2,1,14.44,1,3,1,5,7
10664,2016,0,2016-05-12,C-31,VILANOVA I LA GELTRU,Garraf,3,0,1,0,2,0,0,0,1,1,0,0,0,100.0,0.0,0,2,No n'hi ha,-1.0,3,3,1,0,0,0,0,0,0,0,0,0,0,0,4,-1,1,Altres,-1,1,2,4,2,2,1,6.55,0,5,3,12,5
10665,2016,0,2016-04-24,BV-2244,SANT SADURNI D'ANOIA,Alt Penedes,3,0,1,1,3,2,0,0,0,1,0,0,0,50.0,0.0,0,2,No n'hi ha,-1.0,3,3,1,0,0,0,0,0,0,0,0,0,0,0,4,-1,1,Atropellament,-1,1,2,4,3,2,0,18.38,1,3,6,24,4
10666,2016,1,2016-05-19,SE,ARGENTONA,Maresme,3,0,1,0,2,0,0,1,0,1,0,0,0,100.0,0.0,0,-1,No n'hi ha,-1.0,3,3,1,0,0,0,0,0,0,0,0,0,0,0,4,-1,-1,Altres,-1,2,2,5,-1,2,1,18.0,1,5,3,19,5
10667,2016,1,2016-11-11,SE,TARRAGONA,Tarragones,0,0,1,0,2,1,0,0,0,1,0,0,0,20.0,0.0,0,2,No n'hi ha,-1.0,3,3,1,-1,0,0,0,-1,0,0,0,0,-1,1,4,2,0,Atropellament,2,2,2,5,-1,2,1,11.08,0,3,4,11,11
10668,2016,0,2016-02-01,B-500,SANT FOST DE CAMPSEN,Valles Oriental,3,0,1,0,1,0,0,0,0,1,0,0,0,100.0,0.0,0,1,No n'hi ha,-1.0,3,3,1,0,0,0,0,0,0,0,0,0,0,1,4,5,1,Resta sortides de via,1,1,2,4,2,2,1,9.18,0,1,0,1,2