,Year,Area,Date,Road,Municipality Name,County Name,Province Name,Fatalties,Serious Injuries,Light Injuries,Units Involved,Pedestrains Involved,Bicycles Involved,Mopeds Involved,Motorcycles,Light Vehicles Involved,Heavy Vehicles Involved,Other Units Involved,Unspecified Units Involved,Road Speed Limit,Accident with Hit and Run,Fog Presence,Surrounding Environment,Special Lane Presence,Special Traffic Measures,Weather Conditions,Special Road Functions,Severity of Accident,Influence of Fog,Influence of Environment,Influence of Traffic,Influence of Weather,Influence of Wind Intensity,Influence of Lighting,Influence of Special Measures,Influence of Road Objects,Influence of Road Surface,Influence of Visibility,Intersection Characteristics,Lighting Conditions,Traffic Regulation and Priority,Direction of Road,Subtype of Accident,Subtype of Road Section,Subzone within Area,Road Surface Conditions,Type of Road,Road Ownership,Wind Conditions,Day of the Week Grouping,Hour of Day,Time of Day Grouping,Type of Accident,Day Type,Day,Month
10669,2016,1,2016-06-27,SE,"VENDRELL, EL",Baix Penedes,0,0,1,0,2,0,0,0,1,1,0,0,0,40.0,0.0,0,-1,No n'hi ha,-1.0,3,3,1,-1,-1,0,0,-1,0,0,0,0,-1,1,4,4,0,Envestida (frontal lateral),2,2,2,5,-1,2,1,9.48,0,2,0,27,6
10670,2016,1,2016-03-31,GI-661,CALONGE,Baix Emporda,1,0,1,0,2,1,0,0,0,1,0,0,0,100.0,0.0,0,2,No n'hi ha,-1.0,3,3,1,0,0,0,0,0,0,0,0,0,0,0,4,-1,1,Atropellament,-1,0,2,4,-1,2,1,8.3,0,3,3,31,3
10671,2016,0,2016-08-21,N-230,VIELHA E MIJARAN,Val d'Aran,2,1,0,1,3,0,0,0,1,2,0,0,0,100.0,0.0,0,1,No n'hi ha,-1.0,3,3,0,0,0,0,0,0,0,0,0,0,0,0,4,-1,1,Col·lisió frontal,-1,1,2,4,1,2,0,14.16,1,2,6,21,8
10672,2016,0,2016-10-16,C-31,"PRAT DE LLOBREGAT, E",Baix Llobregat,3,0,1,0,1,0,0,0,1,0,0,0,0,100.0,0.0,0,2,No n'hi ha,-1.0,3,3,1,0,0,0,0,0,0,0,0,0,0,0,4,-1,1,Caiguda en la via,-1,1,2,4,2,2,0,16.13,1,0,6,16,10
10673,2016,1,2016-06-07,SE,MONT-ROIG DEL CAMP,Baix Camp,0,0,1,0,1,0,0,0,1,0,0,0,0,100.0,0.0,0,2,No n'hi ha,-1.0,3,3,1,0,0,0,0,0,0,0,0,0,0,0,4,-1,0,Caiguda en la via,-1,2,2,5,-1,2,1,11.4,0,0,1,7,6
10674,2016,1,2016-10-06,SE,CERDANYOLA DEL VALLES,Valles Occidental,3,0,1,0,2,1,0,0,0,1,0,0,0,100.0,0.0,0,2,No n'hi ha,-1.0,2,3,1,0,0,0,1,0,0,0,0,0,1,0,0,-1,1,Atropellament,-1,2,2,5,-1,2,1,7.35,0,3,3,6,10
10675,2016,1,2016-11-20,SE,BARCELONA,Barcelones,3,0,1,1,2,0,0,0,0,2,0,0,0,30.0,0.0,0,-1,No n'hi ha,-1.0,3,3,1,0,0,0,0,0,0,0,0,0,0,0,4,-1,0,Envestida (frontal lateral),-1,2,2,5,-1,2,0,10.2,0,2,6,20,11
10676,2016,1,2016-02-19,SE,TERRASSA,Valles Occidental,3,0,1,0,2,0,0,0,1,1,0,0,0,100.0,0.0,0,3,No n'hi ha,-1.0,3,3,1,0,1,0,0,0,0,0,0,0,0,1,4,4,0,Envestida (frontal lateral),2,2,2,5,-1,2,1,12.07,0,2,4,19,2
10677,2016,0,2016-07-25,BP-1101,"BRUC, EL",Anoia,3,0,1,0,1,0,1,0,0,0,0,0,0,90.0,0.0,0,-1,Sense Especificar,-1.0,3,3,1,0,0,0,0,0,0,0,0,0,0,0,4,-1,-1,Altres,-1,1,2,4,4,2,1,20.19,1,5,0,25,7
10678,2016,0,2016-10-02,C-352,"ROCA DEL VALLES, LA",Valles Oriental,3,0,2,5,3,0,0,0,0,3,0,0,0,100.0,0.0,0,2,No n'hi ha,-1.0,3,3,1,0,0,0,0,0,0,0,0,0,0,2,1,2,0,Col·lisió frontal,3,1,2,4,3,2,0,19.37,1,2,6,2,10
10679,2016,1,2016-09-23,SE,TARRAGONA,Tarragones,0,0,1,0,2,1,0,0,0,0,1,0,0,100.0,0.0,0,2,No n'hi ha,-1.0,3,3,1,0,0,0,0,0,0,0,0,0,0,0,4,-1,1,Atropellament,-1,2,2,5,-1,2,1,10.25,0,3,4,23,9
10680,2016,0,2016-01-14,C-1415c,"ROCA DEL VALLES, LA",Valles Oriental,3,1,0,0,1,0,0,0,0,1,0,0,0,100.0,0.0,0,-1,No n'hi ha,-1.0,3,3,0,0,0,0,0,0,0,0,0,0,0,0,4,-1,-1,Resta sortides de via,-1,1,2,4,-1,2,1,16.05,1,1,3,14,1
10681,2016,0,2016-10-22,BV-4316,VIC,Osona,3,0,1,0,1,0,0,0,0,1,0,0,0,90.0,0.0,0,-1,Sense Especificar,-1.0,3,3,1,0,0,0,0,0,0,0,0,0,0,2,4,5,-1,Resta sortides de via,1,1,2,4,4,2,0,4.17,2,1,5,22,10
10682,2016,1,2016-03-05,SE,FIGUERES,Alt Emporda,1,0,1,0,2,1,0,0,0,1,0,0,0,100.0,0.0,0,2,No n'hi ha,-1.0,3,3,1,0,0,0,0,0,0,0,0,0,0,1,4,2,0,Atropellament,2,2,2,5,-1,2,0,12.34,0,3,5,5,3
10683,2016,0,2016-12-06,C-65,CASSA DE LA SELVA,Girones,1,0,1,0,2,0,0,0,0,1,1,0,0,100.0,0.0,0,3,No n'hi ha,-1.0,3,3,1,0,0,0,0,0,0,0,0,0,0,0,4,-1,1,Col·lisió frontal,-1,1,2,4,2,2,1,14.12,1,2,1,6,12
10684,2016,1,2016-10-04,SE,LLEIDA,Segria,2,0,1,0,2,1,0,0,0,1,0,0,0,20.0,0.0,0,2,No n'hi ha,-1.0,3,3,1,-1,0,0,0,-1,0,0,0,0,-1,1,4,4,0,Atropellament,2,2,2,5,-1,2,1,17.0,1,3,1,4,10
10685,2016,1,2016-03-15,SE,BARCELONA,Barcelones,3,1,0,0,2,1,0,0,0,0,1,0,0,100.0,0.0,0,-1,No n'hi ha,-1.0,3,3,0,0,0,0,0,0,0,0,0,0,0,0,4,-1,1,Atropellament,-1,2,2,5,-1,2,1,13.05,0,3,1,15,3
10686,2016,0,2016-10-31,LL-11,LLEIDA,Segria,2,1,0,0,1,0,0,0,1,0,0,0,0,40.0,0.0,0,2,No n'hi ha,-1.0,3,3,0,0,0,0,0,0,0,0,0,0,0,2,4,4,0,Resta sortides de via,0,1,2,4,1,2,1,13.18,0,1,0,31,10
10687,2016,0,2016-01-29,B-210,GAVA,Baix Llobregat,3,0,1,5,2,0,0,0,1,1,0,0,0,70.0,0.0,0,3,No n'hi ha,-1.0,3,3,1,0,0,0,0,0,0,0,0,0,0,0,4,-1,1,Fregament o col·lisió lateral,-1,1,2,4,2,2,1,9.08,0,2,4,29,1
10688,2016,0,2016-07-24,BV-4601,GURB,Osona,3,0,1,0,1,0,0,0,1,0,0,0,0,90.0,0.0,0,-1,Sense Especificar,-1.0,3,3,1,0,0,0,0,0,0,0,0,0,0,0,4,-1,-1,Resta sortides de via,-1,1,2,4,4,2,0,12.5,0,1,6,24,7
10689,2016,1,2016-11-19,SE,SANT CUGAT DEL VALLES,Valles Occidental,3,0,1,0,2,1,0,0,0,1,0,0,0,100.0,0.0,0,-1,No n'hi ha,-1.0,3,3,1,0,0,0,0,0,0,0,0,0,0,0,4,-1,-1,Atropellament,-1,2,2,5,-1,2,0,11.3,0,3,5,19,11
10690,2016,1,2016-04-03,SE,RUBI,Valles Occidental,3,0,1,0,1,0,0,0,0,1,0,0,0,100.0,0.0,0,2,No n'hi ha,-1.0,3,3,1,0,0,0,0,0,0,0,0,0,0,0,5,-1,1,Xoc contra objecte/obstacle sense sortida prèvia de via,-1,2,2,5,-1,2,0,2.5,2,4,6,3,4
10691,2016,1,2016-04-22,SE,BARCELONA,Barcelones,3,0,1,0,3,0,0,0,1,2,0,0,0,100.0,0.0,0,-1,No n'hi ha,-1.0,3,3,1,0,0,0,0,0,0,0,0,0,0,0,5,-1,1,Envestida (frontal lateral),-1,2,2,5,-1,2,0,21.0,1,2,4,22,4
10692,2016,1,2016-03-06,SE,VILAFRANCA DEL PENEDES,Alt Penedes,3,0,1,0,1,0,0,0,0,1,0,0,0,20.0,0.0,0,2,No n'hi ha,-1.0,3,3,1,-1,0,0,0,-1,0,0,0,0,0,1,4,2,0,Xoc contra objecte/obstacle sense sortida prèvia de via,1,2,2,5,-1,2,0,16.06,1,4,6,6,3
10693,2016,1,2016-09-22,SE,HOSPITALET DE LLOBREGAT,Barcelones,3,0,1,0,2,0,0,0,1,1,0,0,0,20.0,0.0,0,-1,No n'hi ha,-1.0,3,3,1,0,0,0,0,0,0,0,0,0,0,1,4,4,-1,Envestida (frontal lateral),2,2,2,5,-1,2,1,14.26,1,2,3,22,9
10694,2016,0,2016-06-14,GI-682,BLANES,Selva,1,0,1,0,2,0,0,0,1,1,0,0,0,100.0,1.0,0,3,No n'hi ha,-1.0,3,3,1,0,0,0,0,0,0,0,0,0,0,0,4,-1,1,Envestida (frontal lateral),-1,1,2,4,3,2,1,20.1,1,2,1,14,6
10695,2016,0,2016-06-29,N-141C,TONA,Osona,3,0,1,0,1,0,0,0,1,0,0,0,0,90.0,0.0,0,-1,Sense Especificar,-1.0,3,3,1,0,0,0,0,0,0,0,0,0,0,0,4,-1,-1,Altres,-1,1,2,4,4,2,1,8.42,0,5,2,29,6
10696,2016,1,2016-10-05,SE,ULLA,Baix Emporda,1,0,1,0,2,1,0,0,0,1,0,0,0,100.0,0.0,0,1,No n'hi ha,-1.0,3,3,1,0,0,0,0,0,0,0,0,0,0,1,1,4,1,Atropellament,2,2,2,5,0,2,1,19.18,1,3,2,5,10
10697,2016,1,2016-01-28,SE,BARCELONA,Barcelones,3,0,1,1,2,0,0,1,1,0,0,0,0,30.0,0.0,0,-1,No n'hi ha,-1.0,3,3,1,0,0,0,0,0,0,0,0,0,0,1,4,4,0,Envestida (frontal lateral),2,2,2,5,-1,2,1,13.45,0,2,3,28,1
10698,2016,1,2016-10-30,SE,LLEIDA,Segria,2,0,1,0,2,1,0,0,0,1,0,0,0,100.0,0.0,0,-1,No n'hi ha,-1.0,3,3,1,0,0,0,0,0,0,0,0,0,0,0,4,-1,-1,Atropellament,-1,2,2,5,-1,2,0,18.45,1,3,6,30,10
10699,2016,0,2016-03-11,C-35,LLINARS DEL VALLES,Valles Oriental,3,0,1,1,3,0,0,0,0,3,0,0,0,90.0,0.0,0,2,No n'hi ha,-1.0,3,3,1,0,0,0,0,0,0,0,0,0,0,0,1,-1,1,Altres,-1,1,2,4,2,2,1,7.06,0,5,4,11,3
10700,2016,1,2016-06-23,SE,BARCELONA,Barcelones,3,1,0,0,2,0,0,0,1,1,0,0,0,100.0,0.0,0,-1,Carril bus,-1.0,3,3,0,0,0,0,0,0,0,0,0,0,0,1,4,3,1,Fregament o col·lisió lateral,1,2,2,5,-1,2,1,8.2,0,2,3,23,6
10701,2016,0,2016-12-09,B-420,NAVES,Solsones,2,0,1,0,1,0,0,0,1,0,0,0,0,90.0,0.0,0,-1,Sense Especificar,-1.0,3,3,1,0,0,0,0,0,0,0,0,0,0,0,4,-1,-1,Resta sortides de via,-1,1,2,4,4,2,1,11.52,0,1,4,9,12
10702,2016,1,2016-01-14,B-500,MOLLET DEL VALLES,Valles Oriental,3,0,1,0,2,0,0,0,1,1,0,0,0,100.0,0.0,0,2,No n'hi ha,-1.0,3,3,1,0,0,0,0,0,0,0,0,0,0,2,4,3,1,Encalç,2,0,2,4,-1,2,1,15.42,1,2,3,14,1
10703,2016,1,2016-08-08,SE,MONT-ROIG DEL CAMP,Baix Camp,0,0,1,0,2,0,0,0,1,1,0,0,0,100.0,0.0,0,-1,No n'hi ha,-1.0,3,3,1,0,0,0,0,0,0,0,0,0,0,0,4,-1,-1,Encalç,-1,2,2,5,-1,2,1,11.1,0,2,0,8,8
10704,2016,0,2016-12-30,C-31,SITGES,Garraf,3,0,1,0,1,0,0,0,1,0,0,0,0,60.0,0.0,0,1,No n'hi ha,-1.0,3,3,1,0,0,0,0,0,0,0,0,0,0,0,3,-1,1,Resta sortides de via,-1,1,3,4,2,2,0,18.47,1,1,4,30,12
10705,2016,1,2016-05-05,C-251,CARDEDEU,Valles Oriental,3,0,1,0,1,0,0,0,1,0,0,0,0,90.0,0.0,0,-1,No n'hi ha,-1.0,3,3,1,-1,0,0,0,-1,0,0,0,0,-1,0,4,-1,1,Caiguda en la via,-1,0,2,4,-1,2,1,15.58,1,0,3,5,5
10706,2016,1,2016-12-19,SE,"VENDRELL, EL",Baix Penedes,0,0,1,0,2,1,0,0,0,1,0,0,0,40.0,0.0,0,-1,No n'hi ha,-1.0,1,3,1,0,-1,0,0,0,0,0,0,0,0,1,1,4,1,Atropellament,1,2,0,5,-1,2,1,18.15,1,3,0,19,12
10707,2016,0,2016-06-26,N-141C,MOIA,Moianès,3,0,1,0,1,0,0,0,1,0,0,0,0,90.0,0.0,0,-1,Sense Especificar,-1.0,3,3,1,0,0,0,0,0,0,0,0,0,0,0,4,-1,-1,Resta sortides de via,-1,1,2,4,4,2,0,11.53,0,1,6,26,6
10708,2016,0,2016-02-24,C-31,SANT ADRIA DE BESOS,Barcelones,3,0,1,0,2,0,0,0,1,1,0,0,0,80.0,0.0,0,1,No n'hi ha,-1.0,3,3,1,0,0,0,0,0,0,0,0,0,0,2,4,2,0,Fregament o col·lisió lateral,3,1,2,4,2,2,1,17.57,1,2,2,24,2
10709,2016,1,2016-12-12,SE,BADALONA,Barcelones,3,0,1,0,1,0,0,0,1,0,0,0,0,20.0,0.0,0,2,No n'hi ha,-1.0,3,3,1,-1,0,0,0,-1,0,0,0,0,-1,0,5,-1,1,Xoc contra objecte/obstacle sense sortida prèvia de via,-1,2,2,5,-1,2,1,1.56,2,4,0,12,12
10710,2016,0,2016-01-27,A-2,"BRUC, EL",Anoia,3,0,1,0,2,0,0,0,1,0,1,0,0,100.0,0.0,0,2,No n'hi ha,-1.0,3,3,1,0,0,0,0,0,0,0,0,0,0,0,4,-1,0,Encalç,-1,1,2,4,1,2,1,12.52,0,2,2,27,1
10711,2016,0,2016-07-28,SE,VILANOVA DE SAU,Osona,3,0,1,0,1,0,0,0,1,0,0,0,0,100.0,0.0,0,1,No n'hi ha,-1.0,3,3,1,0,0,0,0,0,0,0,0,0,0,0,4,-1,1,Resta sortides de via,-1,1,2,0,-1,2,1,13.15,0,1,3,28,7
10712,2016,1,2016-06-07,SE,DELTEBRE,Baix Ebre,0,0,1,1,2,1,0,1,0,0,0,0,0,100.0,0.0,0,2,No n'hi ha,-1.0,3,3,1,0,0,0,0,0,0,0,0,0,0,0,4,-1,1,Atropellament,-1,2,2,5,-1,2,1,15.45,1,3,1,7,6
10713,2016,1,2016-01-30,SE,BARCELONA,Barcelones,3,0,1,0,2,1,1,0,0,0,0,0,0,100.0,0.0,0,-1,No n'hi ha,-1.0,3,3,1,0,0,0,0,0,0,0,0,0,0,1,5,3,0,Atropellament,2,2,2,5,-1,2,0,19.3,1,3,5,30,1
10714,2016,1,2016-07-09,SE,TARRAGONA,Tarragones,0,0,1,0,1,0,0,0,1,0,0,0,0,20.0,0.0,0,2,No n'hi ha,-1.0,3,3,1,-1,0,0,0,-1,0,0,0,0,-1,1,5,4,0,Caiguda en la via,0,2,0,5,-1,2,0,3.2,2,0,5,9,7
10715,2016,0,2016-06-09,C-63,SANTA COLOMA DE FARNERS,Selva,1,0,1,1,2,0,0,0,0,2,0,0,0,60.0,0.0,0,2,No n'hi ha,-1.0,3,3,1,0,0,0,0,0,0,0,0,0,0,1,4,4,1,Col·lisió frontal,1,1,2,4,2,2,1,20.28,1,2,3,9,6
10716,2016,0,2016-08-03,C-31,"PRAT DE LLOBREGAT, E",Baix Llobregat,3,0,1,1,2,0,0,0,0,1,1,0,0,100.0,0.0,0,3,No n'hi ha,-1.0,3,3,1,0,0,0,0,0,0,0,0,0,0,0,1,-1,0,Col·lisió frontal,-1,1,2,4,2,2,1,20.36,1,2,2,3,8
10717,2016,0,2016-11-11,GI-600,TORDERA,Maresme,3,0,1,0,1,0,0,0,1,0,0,0,0,100.0,0.0,0,2,No n'hi ha,-1.0,3,3,1,0,0,0,0,0,0,0,0,0,0,0,3,-1,1,Xoc contra objecte/obstacle sense sortida prèvia de via,-1,1,2,4,2,2,0,22.33,2,4,4,11,11
10718,2016,1,2016-03-08,SE,LLORET DE MAR,Selva,1,0,1,0,2,0,0,0,1,1,0,0,0,100.0,0.0,0,2,No n'hi ha,-1.0,3,3,1,0,0,0,0,0,0,0,0,0,0,1,4,-1,1,Fregament o col·lisió lateral,1,2,2,5,-1,2,1,14.2,1,2,1,8,3
10719,2016,1,2016-03-21,SE,BADALONA,Barcelones,3,0,1,0,2,0,0,0,1,1,0,0,0,20.0,0.0,0,-1,No n'hi ha,-1.0,3,3,1,0,-1,0,0,0,0,0,0,0,0,1,4,3,-1,Envestida (frontal lateral),2,2,2,5,-1,2,1,15.03,1,2,0,21,3
10720,2016,1,2016-03-09,SE,PALLEJA,Baix Llobregat,3,0,1,0,1,0,0,0,1,0,0,0,0,100.0,0.0,0,2,No n'hi ha,-1.0,1,3,1,0,0,0,0,0,0,0,0,0,0,2,2,4,0,Caiguda en la via,1,2,2,5,-1,2,1,13.22,0,0,2,9,3
10721,2016,0,2016-11-26,C-59,CALDES DE MONTBUI,Valles Oriental,3,0,1,4,2,0,0,0,0,2,0,0,0,70.0,0.0,0,2,No n'hi ha,-1.0,3,3,1,0,0,0,0,0,0,0,0,0,0,2,5,4,1,Col·lisió frontal,1,1,2,4,2,2,0,17.34,1,2,5,26,11
10722,2016,1,2016-04-05,C-245,VILADECANS,Baix Llobregat,3,0,1,0,2,1,0,0,0,1,0,0,0,90.0,0.0,0,2,No n'hi ha,-1.0,1,3,1,-1,0,0,1,-1,1,0,0,0,0,1,0,2,1,Atropellament,1,0,0,4,-1,2,1,6.47,0,3,1,5,4
10723,2016,0,2016-08-14,CR,ARTESA DE SEGRE,Noguera,2,0,1,0,2,0,0,0,1,1,0,0,0,100.0,0.0,0,1,No n'hi ha,-1.0,3,3,1,0,0,0,0,0,0,0,0,0,0,0,4,-1,1,Altres,-1,1,2,3,0,2,0,18.35,1,5,6,14,8
10724,2016,0,2016-06-03,C-31,"TALLADA D'EMPORDA, LA",Baix Emporda,1,1,1,0,2,0,0,0,0,1,1,0,0,100.0,0.0,0,0,No n'hi ha,-1.0,3,3,0,0,0,0,0,0,0,0,0,0,0,0,4,-1,1,Col·lisió frontal,-1,1,2,4,2,2,1,14.24,1,2,4,3,6
10725,2016,0,2016-11-19,GI-555,MASSANES,Selva,1,0,1,0,2,0,0,0,1,0,1,0,0,60.0,0.0,0,1,No n'hi ha,-1.0,3,3,1,0,0,0,0,0,0,0,0,0,0,1,4,5,1,Envestida (frontal lateral),1,1,2,4,3,2,0,13.45,0,2,5,19,11
10726,2016,0,2016-11-14,C-51,ALBINYANA,Baix Penedes,0,0,1,2,3,0,0,0,0,3,0,0,0,70.0,0.0,0,2,No n'hi ha,-1.0,3,3,1,0,0,0,0,0,0,0,0,0,0,0,4,-1,1,Col·lisió frontal,-1,1,2,4,2,2,1,10.2,0,2,0,14,11
10727,2010,0,2010-11-17,C-55,CASTELLBELL I EL VIL,Bages,3,0,1,1,1,0,0,0,0,1,0,0,0,60.0,0.0,0,3,No n'hi ha,3.0,3,3,1,0,0,0,1,0,0,0,0,0,0,0,5,-1,1,Sortida de via amb xoc o col·lisió,-1,1,2,4,2,2,1,19.43,1,1,2,17,11
10728,2010,0,2010-08-25,GI-533,BRUNYOLA,Selva,1,0,1,0,1,0,0,0,1,0,0,0,0,90.0,0.0,0,2,No n'hi ha,-1.0,3,3,1,-1,0,0,0,-1,0,0,0,0,-1,2,4,4,1,Resta sortides de via,1,1,2,4,2,2,1,16.0,1,1,2,25,8
10729,2010,1,2010-03-22,SE,BARCELONA,Barcelones,3,1,1,0,2,0,1,0,1,0,0,0,0,100.0,0.0,0,-1,No n'hi ha,-1.0,3,3,0,0,0,0,0,0,0,0,0,0,0,1,5,3,0,Envestida (frontal lateral),2,2,2,5,-1,2,1,21.3,1,2,0,22,3
10730,2010,1,2010-02-11,SE,BARCELONA,Barcelones,3,0,2,0,2,0,0,1,0,1,0,0,0,100.0,0.0,0,-1,No n'hi ha,-1.0,3,3,1,0,0,0,0,0,0,0,0,0,0,1,5,3,0,Envestida (frontal lateral),2,2,2,5,-1,2,1,0.25,2,2,3,11,2
10731,2010,0,2010-07-28,AP-7,CASTELLBISBAL,Valles Occidental,3,1,0,0,1,0,0,0,0,0,1,0,0,120.0,0.0,0,0,No n'hi ha,-1.0,3,3,0,-1,0,0,0,-1,0,0,0,0,-1,0,1,-1,1,Caiguda en la via,-1,1,2,2,1,2,1,20.55,1,0,2,28,7
10732,2010,0,2010-06-16,SE,GIRONA,Girones,1,0,1,0,2,0,0,0,1,1,0,0,0,30.0,0.0,0,2,No n'hi ha,-1.0,3,3,1,0,0,0,0,0,0,0,0,0,0,1,4,5,1,Fregament o col·lisió lateral,1,1,2,3,0,2,1,10.35,0,2,2,16,6
10733,2010,0,2010-07-20,C-17,"GARRIGA, LA",Valles Oriental,3,1,0,0,1,0,0,0,0,1,0,0,0,100.0,0.0,0,0,No n'hi ha,-1.0,3,3,0,0,0,0,0,0,0,0,0,0,0,0,4,-1,1,Resta sortides de via,-1,1,2,4,2,2,1,19.48,1,1,1,20,7
10734,2010,0,2010-06-08,SE,LLEIDA,Segria,2,0,1,0,2,0,1,0,0,1,0,0,0,100.0,0.0,0,-1,No n'hi ha,-1.0,3,3,1,0,0,0,0,0,0,0,0,0,0,0,4,-1,-1,Envestida (frontal lateral),-1,1,2,3,-1,2,1,21.0,1,2,1,8,6
10735,2010,1,2010-03-23,SE,BADALONA,Barcelones,3,0,1,0,1,0,0,0,1,0,0,0,0,100.0,0.0,0,-1,No n'hi ha,-1.0,3,3,1,0,0,0,0,0,0,0,0,0,0,1,4,5,1,Caiguda en la via,1,2,1,5,-1,2,1,17.3,1,0,1,23,3
10736,2010,0,2010-07-14,SE,LLEIDA,Segria,2,0,1,2,2,0,0,0,0,1,1,0,0,50.0,0.0,0,3,No n'hi ha,-1.0,3,3,1,0,0,0,0,0,0,0,0,0,0,0,4,-1,1,Col·lisió frontal,-1,1,2,3,0,2,1,15.57,1,2,2,14,7
10737,2010,1,2010-07-06,SE,ARTES,Bages,3,0,1,0,2,1,0,0,0,1,0,0,0,50.0,0.0,0,2,No n'hi ha,-1.0,3,3,1,0,1,0,0,0,1,0,0,0,0,2,4,-1,1,Atropellament,1,2,2,5,-1,2,1,7.57,0,3,1,6,7
10738,2010,0,2010-01-30,C-31,HOSPITALET DE LLOBREGAT,Barcelones,3,0,1,0,2,0,0,0,1,1,0,0,0,80.0,0.0,0,2,No n'hi ha,-1.0,3,3,1,0,0,0,0,0,0,0,0,0,0,0,4,-1,1,Fregament o col·lisió lateral,-1,1,2,4,2,2,0,18.45,1,2,5,30,1
10739,2010,0,2010-09-20,BV-5128,SANT CEBRIA DE VALLA,Maresme,3,0,1,0,2,0,0,1,0,1,0,0,0,50.0,0.0,0,1,No n'hi ha,-1.0,3,3,1,0,1,0,0,0,0,0,0,0,0,1,4,4,1,Fregament o col·lisió lateral,1,1,2,4,3,2,1,13.4,0,2,0,20,9
10740,2010,0,2010-05-28,BP-1432,"GARRIGA, LA",Valles Oriental,3,0,1,0,2,0,0,0,1,1,0,0,0,50.0,0.0,0,2,No n'hi ha,-1.0,1,3,1,-1,0,0,0,-1,0,0,0,0,0,0,2,-1,1,Caiguda en la via,-1,1,0,4,3,2,1,7.3,0,0,4,28,5
10741,2010,0,2010-11-18,N-340,ALCANAR,Montsia,0,0,2,0,2,0,0,0,0,2,0,0,0,100.0,0.0,0,1,Carril acceleració,-1.0,3,3,1,0,0,0,0,0,0,0,0,0,0,0,4,-1,1,Col·lisió frontal,-1,1,2,4,1,2,1,12.5,0,2,3,18,11
10742,2010,1,2010-12-26,SE,BARCELONA,Barcelones,3,0,1,0,2,0,0,0,1,1,0,0,0,100.0,0.0,0,-1,No n'hi ha,-1.0,3,3,1,0,0,0,0,0,0,0,0,0,0,1,5,3,1,Envestida (frontal lateral),1,2,2,5,-1,2,0,19.1,1,2,6,26,12
10743,2010,1,2010-07-11,SE,BARCELONA,Barcelones,3,0,1,0,2,0,1,0,0,1,0,0,0,100.0,0.0,0,-1,No n'hi ha,-1.0,3,3,1,0,0,0,0,0,0,0,0,0,0,1,4,3,1,Envestida (frontal lateral),2,2,2,5,-1,2,0,8.0,0,2,6,11,7
10744,2010,1,2010-07-31,SE,SANT BOI DE LLOBREGAT,Baix Llobregat,3,0,1,0,2,1,0,0,0,1,0,0,0,100.0,0.0,0,2,No n'hi ha,-1.0,3,3,1,0,0,0,0,0,0,0,0,0,0,2,4,2,0,Atropellament,2,2,2,5,-1,2,0,13.2,0,3,5,31,7
10746,2010,0,2010-02-06,C-242,BELLAGUARDA,Garrigues,2,0,1,1,2,0,0,0,1,1,0,0,0,100.0,0.0,0,3,No n'hi ha,-1.0,3,3,1,0,0,0,0,0,0,0,0,0,1,0,4,-1,1,Fregament o col·lisió lateral,-1,1,2,4,0,2,0,13.47,0,2,5,6,2
10747,2010,1,2010-02-14,SE,BARCELONA,Barcelones,3,0,1,1,2,0,0,1,0,1,0,0,0,100.0,0.0,0,-1,No n'hi ha,-1.0,3,3,1,0,0,0,0,0,0,0,0,0,0,0,5,-1,0,Encalç,-1,2,2,5,-1,2,0,19.0,1,2,6,14,2
10748,2010,0,2010-06-03,C-35,LLINARS DEL VALLES,Valles Oriental,3,0,1,0,2,0,0,0,1,1,0,0,0,100.0,0.0,0,2,No n'hi ha,-1.0,3,3,1,0,1,0,0,0,0,0,0,0,0,0,0,-1,1,Envestida (frontal lateral),-1,1,2,4,2,2,1,22.3,2,2,3,3,6
10749,2010,1,2010-12-20,SE,BARCELONA,Barcelones,3,0,1,1,2,0,0,0,1,1,0,0,0,100.0,0.0,0,-1,No n'hi ha,-1.0,3,3,1,0,0,0,0,0,0,0,0,0,0,1,5,3,0,Envestida (frontal lateral),2,2,2,5,-1,2,1,23.5,2,2,0,20,12
10750,2010,0,2010-11-28,C-13,MASDENVERGE,Montsia,0,0,6,3,3,0,0,0,0,3,0,0,0,100.0,0.0,0,2,No n'hi ha,-1.0,3,3,1,0,0,0,0,0,0,0,0,0,0,0,4,-1,1,Col·lisió frontal,-1,1,2,4,3,2,0,14.2,1,2,6,28,11
10751,2010,1,2010-02-28,SE,CERDANYOLA DEL VALLES,Valles Occidental,3,0,1,2,2,0,0,2,0,0,0,0,0,100.0,0.0,0,2,No n'hi ha,-1.0,3,3,1,0,0,0,0,0,0,0,0,0,0,1,4,4,1,Envestida (frontal lateral),2,2,2,5,-1,2,0,17.01,1,2,6,28,2
10752,2010,0,2010-09-15,C-12,TORTOSA,Baix Ebre,0,0,1,3,2,0,0,0,0,2,0,0,0,100.0,0.0,0,1,No n'hi ha,-1.0,3,3,1,0,0,0,0,0,0,0,0,0,0,1,4,4,1,Fregament o col·lisió lateral,1,1,2,4,2,2,1,15.0,1,2,2,15,9