,Year,Area,Date,Road,Municipality Name,County Name,Province Name,Fatalties,Serious Injuries,Light Injuries,Units Involved,Pedestrains Involved,Bicycles Involved,Mopeds Involved,Motorcycles,Light Vehicles Involved,Heavy Vehicles Involved,Other Units Involved,Unspecified Units Involved,Road Speed Limit,Accident with Hit and Run,Fog Presence,Surrounding Environment,Special Lane Presence,Special Traffic Measures,Weather Conditions,Special Road Functions,Severity of Accident,Influence of Fog,Influence of Environment,Influence of Traffic,Influence of Weather,Influence of Wind Intensity,Influence of Lighting,Influence of Special Measures,Influence of Road Objects,Influence of Road Surface,Influence of Visibility,Intersection Characteristics,Lighting Conditions,Traffic Regulation and Priority,Direction of Road,Subtype of Accident,Subtype of Road Section,Subzone within Area,Road Surface Conditions,Type of Road,Road Ownership,Wind Conditions,Day of the Week Grouping,Hour of Day,Time of Day Grouping,Type of Accident,Day Type,Day,Month
10753,2010,0,2010-08-31,C-12,TORTOSA,Baix Ebre,0,0,3,1,2,0,0,0,0,2,0,0,0,100.0,0.0,0,0,No n'hi ha,-1.0,3,3,1,0,0,0,0,0,0,0,0,0,0,0,4,-1,1,Col·lisió frontal,-1,1,2,4,2,2,1,17.3,1,2,1,31,8
10754,2010,0,2010-10-09,T-734,"MASROIG, EL",Priorat,0,0,1,0,1,0,0,0,0,0,1,0,0,90.0,0.0,0,2,No n'hi ha,-1.0,3,3,1,-1,0,0,0,-1,0,0,0,0,-1,0,2,-1,1,Caiguda en la via,-1,1,2,4,3,2,0,17.1,1,0,5,9,10
10755,2010,1,2010-07-07,SE,BARCELONA,Barcelones,3,0,1,0,3,1,0,0,0,1,1,0,0,100.0,0.0,0,-1,No n'hi ha,-1.0,3,3,1,0,0,0,0,0,0,0,0,0,0,1,4,3,1,Atropellament,2,2,2,5,-1,2,1,18.2,1,3,2,7,7
10756,2010,0,2010-04-17,C-43,GANDESA,Terra Alta,0,0,1,0,2,0,0,0,0,2,0,0,0,90.0,0.0,0,3,No n'hi ha,-1.0,3,3,1,0,0,0,1,0,0,0,0,0,0,0,4,-1,1,Envestida (frontal lateral),-1,1,2,4,2,2,0,18.5,1,2,5,17,4
10757,2010,0,2010-10-22,C-16,CASTELLBELL I EL VIL,Bages,3,0,2,0,1,0,0,0,0,1,0,0,0,50.0,0.0,0,3,No n'hi ha,-1.0,3,3,1,0,0,0,0,0,0,0,0,0,0,0,4,-1,1,Xoc contra objecte/obstacle sense sortida prèvia de via,-1,1,2,4,2,2,1,8.45,0,4,4,22,10
10758,2010,0,2010-06-22,B-20,ESPLUGUES DE LLOBREGAT,Baix Llobregat,3,0,1,1,1,0,0,1,0,0,0,0,0,40.0,0.0,0,2,No n'hi ha,-1.0,3,3,1,-1,0,-1,-1,-1,-1,-1,-1,-1,-1,1,-1,4,0,Caiguda en la via,3,1,2,3,3,-1,1,17.5,1,0,1,22,6
10759,2010,0,2010-07-21,C-31,CASTELL-PLATJA D'ARO,Baix Emporda,1,0,1,0,1,0,0,0,1,0,0,0,0,100.0,1.0,0,2,No n'hi ha,-1.0,3,0,1,0,0,0,0,0,0,0,0,0,0,0,4,-1,0,Caiguda en la via,-1,1,2,4,2,2,1,15.31,1,0,2,21,7
10760,2010,0,2010-06-12,LV-3025,AGRAMUNT,Urgell,2,0,1,0,1,0,0,0,0,1,0,0,0,90.0,0.0,0,2,No n'hi ha,-1.0,3,3,1,-1,0,0,0,-1,0,0,0,0,-1,0,1,-1,1,Sortida de via amb bolcada,-1,1,2,4,3,2,0,20.3,1,1,5,12,6
10761,2010,1,2010-11-13,SE,FIGUERES,Alt Emporda,1,0,1,0,1,0,0,0,0,1,0,0,0,100.0,0.0,0,-1,No n'hi ha,-1.0,3,3,1,0,0,0,0,0,0,0,0,0,0,0,4,-1,-1,Resta sortides de via,-1,2,2,5,-1,2,0,1.2,2,1,5,13,11
10762,2010,0,2010-11-28,SE,REUS,Baix Camp,0,0,1,0,1,0,0,0,1,0,0,0,0,100.0,0.0,0,2,No n'hi ha,-1.0,3,3,1,0,0,0,0,0,0,0,0,0,0,1,4,4,1,Caiguda en la via,0,1,2,3,0,2,0,11.58,0,0,6,28,11
10763,2010,1,2010-04-28,SE,SABADELL,Valles Occidental,3,1,0,0,1,0,0,0,1,0,0,0,0,100.0,0.0,0,-1,No n'hi ha,-1.0,3,3,0,0,0,0,0,0,0,0,0,0,0,0,4,-1,-1,Xoc contra objecte/obstacle sense sortida prèvia de via,-1,2,2,5,-1,2,1,22.47,2,4,2,28,4
10764,2010,1,2010-03-30,SE,LLEIDA,Segria,2,0,1,0,2,1,0,0,0,1,0,0,0,100.0,0.0,0,-1,No n'hi ha,-1.0,3,3,1,0,0,0,0,0,0,0,0,0,0,0,4,-1,-1,Atropellament,-1,2,2,5,-1,2,1,19.09,1,3,1,30,3
10765,2010,0,2010-09-07,SE,VALLS,Alt Camp,0,0,1,0,1,0,0,0,0,0,0,1,0,100.0,0.0,0,-1,No n'hi ha,-1.0,3,3,1,0,0,0,0,0,0,0,0,0,0,0,4,-1,-1,Xoc contra objecte/obstacle sense sortida prèvia de via,-1,1,2,3,-1,2,1,18.0,1,4,1,7,9
10766,2010,0,2010-11-22,SE,TERRASSA,Valles Occidental,3,0,1,0,2,0,0,0,0,2,0,0,0,100.0,0.0,0,-1,No n'hi ha,-1.0,3,3,1,0,0,0,0,0,0,0,0,0,0,0,4,-1,-1,Xoc contra objecte/obstacle sense sortida prèvia de via,-1,1,2,3,-1,2,1,14.1,1,4,0,22,11
10767,2010,1,2010-11-03,SE,BADALONA,Barcelones,3,0,1,1,2,1,0,1,0,0,0,0,0,100.0,0.0,0,-1,No n'hi ha,-1.0,3,3,1,0,0,0,0,0,0,0,0,0,1,0,4,-1,1,Atropellament,-1,2,2,5,-1,2,1,15.49,1,3,2,3,11
10768,2010,0,2010-08-29,N-340,"ARBO?, L'",Baix Penedes,0,1,0,0,2,0,0,0,1,1,0,0,0,100.0,0.0,0,2,No n'hi ha,-1.0,3,3,0,0,0,0,0,0,0,0,0,0,0,0,4,-1,1,Caiguda en la via,-1,1,2,4,1,2,0,13.42,0,0,6,29,8
10769,2010,0,2010-04-02,AP-7,FOGARS DE TORDERA,Selva,3,0,3,1,1,0,0,0,0,1,0,0,0,120.0,0.0,0,2,No n'hi ha,-1.0,3,3,1,0,0,0,0,0,0,0,0,0,0,0,4,-1,1,Resta sortides de via,-1,1,2,4,-1,2,1,9.29,0,1,4,2,4
10770,2010,0,2010-07-04,N-260,"PONT DE SUERT, EL",Alta Ribagorca,2,0,1,0,1,0,0,0,1,0,0,0,0,100.0,0.0,0,0,No n'hi ha,-1.0,3,3,1,0,0,0,0,0,0,0,0,0,0,0,4,-1,1,Caiguda en la via,-1,1,2,4,1,2,0,12.0,0,0,6,4,7
10771,2010,0,2010-02-16,B-224,SANT ESTEVE SESROVIRES,Baix Llobregat,3,0,1,0,1,0,0,0,0,1,0,0,0,60.0,0.0,0,3,No n'hi ha,-1.0,3,3,1,0,1,0,0,0,0,0,0,0,0,0,3,-1,1,Xoc contra objecte/obstacle sense sortida prèvia de via,-1,1,2,4,3,2,1,22.0,2,4,1,16,2
10772,2010,0,2010-04-03,C-153,"VALL D'EN BAS, LA",Garrotxa,1,0,1,1,3,0,2,0,0,1,0,0,0,50.0,0.0,0,2,No n'hi ha,-1.0,3,3,1,-1,0,0,0,-1,0,0,0,0,-1,0,4,-1,0,Encalç,-1,1,2,4,3,2,0,18.1,1,2,5,3,4
10773,2010,0,2010-11-03,N-340,AMPOSTA,Montsia,0,0,1,0,1,0,0,0,0,1,0,0,0,100.0,0.0,0,0,No n'hi ha,-1.0,3,3,1,0,0,0,0,0,1,0,0,0,0,1,3,-1,1,Resta sortides de via,3,1,2,4,1,2,1,18.48,1,1,2,3,11
10774,2010,1,2010-12-15,SE,VALLS,Alt Camp,0,0,1,0,2,1,0,0,0,1,0,0,0,100.0,0.0,0,2,No n'hi ha,-1.0,3,3,1,0,0,0,0,0,1,0,0,0,0,0,4,-1,1,Atropellament,-1,2,2,5,-1,2,1,9.3,0,3,2,15,12
10775,2010,0,2010-07-19,SE,VILABLAREIX,Girones,1,0,1,0,2,0,0,0,1,1,0,0,0,100.0,0.0,0,1,No n'hi ha,-1.0,3,3,1,0,0,0,0,0,0,0,0,0,0,1,4,4,1,Envestida (frontal lateral),0,1,2,3,0,2,1,14.3,1,2,0,19,7
10776,2010,1,2010-01-28,SE,BADALONA,Barcelones,3,0,1,0,2,0,0,0,1,0,1,0,0,100.0,0.0,0,-1,No n'hi ha,-1.0,3,3,1,0,0,0,0,0,0,0,0,0,0,1,4,2,0,Fregament o col·lisió lateral,2,2,2,5,-1,2,1,9.0,0,2,3,28,1
10777,2010,0,2010-02-27,C-14,VERDU,Urgell,2,0,2,2,1,0,0,0,0,1,0,0,0,100.0,0.0,0,3,No n'hi ha,-1.0,3,3,1,0,0,0,0,0,0,0,0,0,0,0,4,-1,1,Resta sortides de via,-1,1,2,4,2,2,0,16.3,1,1,5,27,2
10778,2010,1,2010-05-05,SE,BARCELONA,Barcelones,3,0,1,0,2,0,0,1,0,1,0,0,0,100.0,0.0,0,-1,No n'hi ha,-1.0,3,3,1,0,0,0,0,0,0,0,0,0,0,0,4,-1,0,Encalç,-1,2,2,5,-1,2,1,17.0,1,2,2,5,5
10779,2010,0,2010-03-31,SE,MANRESA,Bages,3,0,1,0,2,1,0,0,0,1,0,0,0,100.0,0.0,0,2,No n'hi ha,-1.0,3,3,1,0,0,0,0,0,0,0,0,0,0,0,4,-1,1,Atropellament,-1,1,2,3,0,2,1,10.1,0,3,2,31,3
10780,2010,1,2010-01-04,SE,REUS,Baix Camp,0,0,1,0,2,1,0,0,0,1,0,0,0,100.0,1.0,0,-1,No n'hi ha,-1.0,3,3,1,0,0,0,0,0,0,0,0,0,0,1,5,2,1,Atropellament,0,2,2,5,-1,2,1,20.1,1,3,0,4,1
10781,2010,1,2010-02-06,SE,ALELLA,Maresme,3,0,1,0,1,0,0,1,0,0,0,0,0,20.0,0.0,0,-1,No n'hi ha,-1.0,3,3,1,0,0,0,0,0,0,0,0,0,0,0,3,-1,-1,Xoc contra objecte/obstacle sense sortida prèvia de via,-1,2,2,5,0,2,0,6.05,0,4,5,6,2
10782,2010,1,2010-03-25,SE,BARCELONA,Barcelones,3,0,1,0,1,0,0,1,0,0,0,0,0,100.0,0.0,0,-1,No n'hi ha,-1.0,3,3,1,0,0,0,0,0,0,0,0,0,0,0,5,-1,1,Xoc contra objecte/obstacle sense sortida prèvia de via,-1,2,2,5,-1,2,1,20.0,1,4,3,25,3
10783,2010,1,2010-12-10,SE,BARCELONA,Barcelones,3,0,1,1,2,1,0,0,0,1,0,0,0,100.0,0.0,0,-1,No n'hi ha,-1.0,1,3,1,0,0,0,0,0,0,0,0,0,1,0,5,-1,1,Atropellament,-1,2,0,5,-1,2,1,0.1,2,3,4,10,12
10784,2010,1,2010-02-13,SE,LLEIDA,Segria,2,0,1,0,1,0,0,0,0,0,1,0,0,20.0,,0,-1,No n'hi ha,-1.0,3,3,1,-1,0,0,0,-1,0,0,0,0,-1,0,4,-1,1,Xoc contra objecte/obstacle sense sortida prèvia de via,-1,2,2,5,-1,2,0,12.3,0,4,5,13,2
10785,2010,1,2010-06-07,SE,IGUALADA,Anoia,3,0,1,0,2,1,0,0,0,1,0,0,0,50.0,0.0,0,2,No n'hi ha,-1.0,3,3,1,-1,0,0,0,-1,0,0,0,0,0,1,4,2,-1,Atropellament,2,2,2,5,-1,2,1,20.37,1,3,0,7,6
10786,2010,1,2010-07-14,SE,ALELLA,Maresme,3,0,1,0,2,0,0,0,1,1,0,0,0,100.0,0.0,0,2,No n'hi ha,-1.0,3,3,1,0,0,0,0,0,0,0,0,0,0,2,4,4,1,Col·lisió frontal,3,2,2,5,-1,2,1,17.5,1,2,2,14,7
10787,2010,0,2010-05-29,B-20,SANTA COLOMA DE GRAMANET,Barcelones,3,0,1,1,2,0,0,0,1,1,0,0,0,80.0,0.0,0,1,No n'hi ha,-1.0,3,0,1,0,0,0,0,0,0,0,0,0,0,0,4,-1,1,Encalç,-1,1,2,4,1,2,0,14.0,1,2,5,29,5
10788,2010,1,2010-06-28,SE,MANRESA,Bages,3,1,0,0,2,1,0,0,0,0,1,0,0,100.0,0.0,0,2,No n'hi ha,-1.0,3,3,0,0,0,0,0,0,0,0,0,0,0,2,4,3,1,Atropellament,1,2,2,5,-1,2,1,11.14,0,3,0,28,6
10789,2010,1,2010-04-13,SE,MATARO,Maresme,3,0,1,0,2,1,0,0,0,1,0,0,0,30.0,0.0,0,2,No n'hi ha,0.0,3,3,1,-1,0,0,0,-1,0,0,0,0,-1,1,4,1,1,Atropellament,2,2,1,5,-1,2,1,9.2,0,3,1,13,4
10790,2010,0,2010-05-11,C-16,SANT CUGAT DEL VALLES,Valles Occidental,3,0,1,0,2,0,0,0,1,1,0,0,0,100.0,0.0,0,0,Carril d'alentiment,-1.0,3,3,1,0,0,0,0,0,0,0,0,0,0,0,4,-1,0,Fregament o col·lisió lateral,-1,1,2,4,2,2,1,7.5,0,2,1,11,5
10791,2010,0,2010-10-28,C-243C,TERRASSA,Valles Occidental,3,0,2,1,1,0,0,0,0,1,0,0,0,100.0,0.0,0,0,No n'hi ha,-1.0,3,3,1,0,0,0,0,0,0,0,0,0,0,0,3,-1,1,Sortida de via amb xoc o col·lisió,-1,1,2,4,2,2,1,22.11,2,1,3,28,10
10792,2010,1,2010-05-02,SE,MATARO,Maresme,3,0,1,0,1,0,0,0,1,0,0,0,0,20.0,0.0,0,2,No n'hi ha,-1.0,1,3,1,-1,0,0,1,-1,0,0,0,0,-1,0,5,-1,1,Resta sortides de via,-1,2,0,5,-1,2,0,4.3,2,1,6,2,5
10793,2010,1,2010-11-08,SE,CORNELLA DE LLOBREGAT,Baix Llobregat,3,0,1,0,2,0,0,0,1,1,0,0,0,30.0,0.0,0,1,No n'hi ha,-1.0,3,3,1,0,0,0,0,0,0,0,0,0,0,1,4,3,1,Envestida (frontal lateral),2,2,2,5,-1,2,1,8.16,0,2,0,8,11
10794,2010,0,2010-10-08,N-II,AVIA,Bergueda,3,0,1,0,2,0,0,0,1,1,0,0,0,40.0,0.0,0,3,No n'hi ha,-1.0,3,3,1,-1,0,0,0,-1,0,0,0,0,-1,1,0,5,1,Encalç,1,1,2,4,1,2,0,20.25,1,2,4,8,10
10795,2010,0,2010-07-28,SE,TORTOSA,Baix Ebre,0,0,1,0,2,0,0,0,1,1,0,0,0,100.0,0.0,0,3,No n'hi ha,-1.0,3,3,1,0,0,0,0,0,0,0,0,0,0,0,4,-1,1,Fregament o col·lisió lateral,-1,1,2,3,2,2,1,11.15,0,2,2,28,7
10796,2010,1,2010-04-16,SE,LLORET DE MAR,Selva,1,0,1,0,3,0,0,0,1,2,0,0,0,30.0,0.0,0,2,No n'hi ha,-1.0,3,3,1,0,0,0,0,0,0,0,0,0,0,0,4,-1,1,Fregament o col·lisió lateral,-1,2,2,5,-1,2,1,12.1,0,2,4,16,4
10797,2010,0,2010-11-30,C-58,VILADECAVALLS,Valles Occidental,3,1,0,3,2,0,0,0,0,2,0,0,0,80.0,0.0,0,1,No n'hi ha,-1.0,3,3,0,0,0,0,0,0,0,0,0,0,0,0,4,-1,1,Envestida (frontal lateral),-1,1,2,4,2,2,1,15.16,1,2,1,30,11
10798,2010,0,2010-09-30,BV-2415,OLIVELLA,Garraf,3,0,1,0,1,0,0,0,1,0,0,0,0,40.0,0.0,0,3,No n'hi ha,-1.0,3,3,1,0,0,0,0,0,0,0,0,0,0,0,1,-1,1,Xoc contra objecte/obstacle sense sortida prèvia de via,-1,1,2,4,2,2,1,19.4,1,4,3,30,9
10799,2010,0,2010-08-08,C-162,ALP,Cerdanya,1,0,1,1,2,0,0,0,0,2,0,0,0,100.0,0.0,0,1,No n'hi ha,-1.0,3,3,1,0,0,0,0,0,0,0,0,0,0,0,4,-1,1,Fregament o col·lisió lateral,-1,1,2,4,4,2,0,14.1,1,2,6,8,8
10800,2010,1,2010-03-24,SE,BARCELONA,Barcelones,3,0,1,0,2,0,0,0,1,1,0,0,0,30.0,0.0,0,-1,No n'hi ha,-1.0,3,3,1,0,0,0,0,0,0,0,0,0,0,0,4,-1,1,Envestida (frontal lateral),-1,2,2,5,-1,2,1,18.0,1,2,2,24,3
10801,2010,1,2010-08-04,SE,TERRASSA,Valles Occidental,3,0,2,0,3,2,0,0,0,1,0,0,0,100.0,0.0,0,-1,No n'hi ha,-1.0,3,3,1,0,0,0,0,0,0,0,0,0,0,0,4,-1,-1,Atropellament,-1,2,2,5,-1,2,1,9.3,0,3,2,4,8
10802,2010,0,2010-09-24,N-152a,GRANOLLERS,Valles Oriental,3,0,2,0,1,0,0,0,1,0,0,0,0,60.0,0.0,0,0,No n'hi ha,-1.0,3,3,1,0,0,0,0,0,0,0,0,0,0,0,4,-1,1,Altres,-1,1,2,4,1,2,1,13.2,0,5,4,24,9
10803,2010,1,2010-04-06,SE,LLORET DE MAR,Selva,1,0,1,0,2,0,0,1,0,1,0,0,0,100.0,0.0,0,2,No n'hi ha,-1.0,3,3,1,0,0,0,0,0,0,0,0,0,0,1,5,5,1,Envestida (frontal lateral),2,2,2,5,-1,2,1,20.45,1,2,1,6,4
10804,2010,0,2010-02-05,GI-633,CERVIA DE TER,Girones,1,1,0,1,2,0,0,0,0,2,0,0,0,100.0,0.0,0,2,No n'hi ha,-1.0,3,3,0,0,0,0,0,0,0,0,0,1,0,0,1,-1,1,Fregament o col·lisió lateral,-1,1,2,4,3,2,0,17.44,1,2,4,5,2
10805,2010,0,2010-06-06,C-35,MACANET DE LA SELVA,Selva,1,0,1,3,2,0,0,0,0,2,0,0,0,40.0,0.0,0,2,No n'hi ha,-1.0,3,3,1,0,0,0,0,0,0,0,0,0,0,0,0,-1,1,Col·lisió frontal,-1,1,2,4,2,2,0,21.44,1,2,6,6,6
10806,2010,0,2010-07-21,SE,LLADO,Alt Emporda,1,0,1,0,2,0,0,1,0,0,1,0,0,100.0,0.0,0,1,No n'hi ha,-1.0,3,3,1,0,1,0,0,0,0,0,0,0,0,1,4,5,1,Fregament o col·lisió lateral,1,1,2,3,0,2,1,11.24,0,2,2,21,7
10807,2010,1,2010-01-21,SE,SANT BOI DE LLOBREGAT,Baix Llobregat,3,0,1,0,2,1,0,0,0,1,0,0,0,100.0,0.0,0,2,No n'hi ha,-1.0,3,3,1,0,0,0,0,0,0,0,0,0,0,1,5,3,1,Atropellament,1,2,2,5,-1,2,1,6.05,0,3,3,21,1
10808,2010,1,2010-06-29,SE,MANRESA,Bages,3,0,1,0,2,1,0,0,0,1,0,0,0,50.0,0.0,0,2,No n'hi ha,-1.0,3,3,1,0,0,0,0,0,0,1,0,0,0,0,4,-1,0,Atropellament,-1,2,2,5,-1,2,1,12.45,0,3,1,29,6
10809,2010,0,2010-12-09,SE,BANYOLES,Pla de l'Estany,1,0,1,0,2,0,0,1,0,1,0,0,0,40.0,0.0,0,2,No n'hi ha,-1.0,3,3,1,0,0,0,0,0,0,0,0,0,0,1,4,4,1,Envestida (frontal lateral),2,1,2,3,0,2,1,13.0,0,2,3,9,12
10810,2010,1,2010-02-10,SE,BARCELONA,Barcelones,3,0,1,0,2,0,0,0,1,1,0,0,0,100.0,0.0,0,-1,No n'hi ha,-1.0,3,3,1,0,0,0,0,0,0,0,0,0,0,1,4,4,1,Fregament o col·lisió lateral,2,2,2,5,-1,2,1,14.15,1,2,2,10,2
10811,2010,0,2010-02-07,C-32,"VENDRELL, EL",Baix Penedes,0,0,1,0,1,0,0,0,1,0,0,0,0,50.0,0.0,0,2,Altres,,3,3,1,-1,0,0,0,-1,0,0,0,0,-1,0,4,-1,1,Caiguda en la via,-1,1,2,2,2,2,0,17.0,1,0,6,7,2
10812,2010,0,2010-10-30,A-2,LLEIDA,Segria,2,0,1,0,2,1,0,0,0,1,0,0,0,100.0,0.0,0,3,Carril d'alentiment,-1.0,3,3,1,0,0,0,0,0,0,0,0,0,0,0,4,-1,1,Atropellament,-1,1,2,4,1,2,0,12.11,0,3,5,30,10
10813,2010,0,2010-12-20,SE,VILA-SECA,Tarragones,0,0,2,2,2,0,0,1,0,1,0,0,0,100.0,1.0,0,-1,No n'hi ha,-1.0,3,3,1,0,0,0,0,0,0,0,0,0,0,0,4,-1,-1,Envestida (frontal lateral),-1,1,2,3,-1,2,1,10.15,0,2,0,20,12
10814,2010,1,2010-05-31,SE,"FULIOLA, LA",Urgell,2,0,1,0,2,1,0,0,0,1,0,0,0,20.0,0.0,0,2,No n'hi ha,-1.0,3,3,1,-1,0,0,0,-1,0,0,0,0,-1,1,4,4,1,Atropellament,2,2,2,5,-1,2,1,16.06,1,3,0,31,5
10815,2010,1,2010-05-11,SE,VILANOVA I LA GELTRU,Garraf,3,0,1,0,2,1,0,0,0,1,0,0,0,100.0,0.0,0,-1,No n'hi ha,-1.0,3,3,1,0,0,0,0,0,0,0,0,0,0,0,4,-1,-1,Atropellament,-1,2,2,5,-1,2,1,10.55,0,3,1,11,5
10816,2010,1,2010-05-14,SE,CASTELLAR DEL VALLES,Valles Occidental,3,0,2,0,1,0,0,0,0,1,0,0,0,20.0,0.0,0,2,No n'hi ha,-1.0,1,3,1,-1,0,0,0,-1,0,0,0,0,0,0,5,-1,1,Xoc contra objecte/obstacle sense sortida prèvia de via,-1,2,0,5,-1,2,0,21.46,1,4,4,14,5
10817,2010,1,2010-10-17,SE,PONT DE VILOMARA I R,Bages,3,0,1,0,1,0,1,0,0,0,0,0,0,20.0,,0,2,No n'hi ha,-1.0,3,3,1,-1,0,0,0,-1,0,0,0,0,-1,0,4,-1,1,Caiguda en la via,-1,2,2,5,-1,2,0,12.0,0,0,6,17,10
10818,2010,1,2010-04-28,SE,VIC,Osona,3,0,1,0,2,0,0,1,0,1,0,0,0,100.0,0.0,0,2,No n'hi ha,-1.0,3,3,1,0,0,0,0,0,0,0,0,0,0,1,4,4,1,Envestida (frontal lateral),1,2,2,5,-1,2,1,8.0,0,2,2,28,4
10819,2010,1,2010-04-25,SE,BARCELONA,Barcelones,3,0,1,0,2,0,0,0,1,1,0,0,0,100.0,0.0,0,-1,No n'hi ha,-1.0,3,3,1,0,0,0,0,0,0,0,0,0,0,1,4,4,0,Envestida (frontal lateral),2,2,2,5,-1,2,0,10.15,0,2,6,25,4
10820,2010,1,2010-10-15,SE,BARCELONA,Barcelones,3,0,1,0,2,1,0,0,0,1,0,0,0,100.0,0.0,0,-1,No n'hi ha,-1.0,3,3,1,0,0,0,0,0,0,0,0,0,0,0,5,-1,0,Atropellament,-1,2,2,5,-1,2,0,21.04,1,3,4,15,10
10821,2010,1,2010-01-07,SE,LLEIDA,Segria,2,0,1,0,2,1,0,0,0,1,0,0,0,20.0,,0,-1,No n'hi ha,-1.0,3,3,1,0,-1,0,0,0,0,0,0,0,0,0,5,-1,-1,Atropellament,-1,2,2,5,-1,2,1,14.3,1,3,3,7,1
10822,2010,0,2010-12-06,AL,MANRESA,Bages,3,0,1,0,2,1,0,0,0,1,0,0,0,50.0,0.0,0,2,No n'hi ha,-1.0,3,3,1,0,0,0,0,0,0,0,0,0,0,0,1,-1,0,Atropellament,-1,1,2,4,0,2,1,16.3,1,3,0,6,12
10823,2010,0,2010-02-03,N-340,RODA DE BARA,Tarragones,0,0,1,0,2,1,0,0,0,1,0,0,0,70.0,0.0,0,2,No n'hi ha,-1.0,3,3,1,0,0,1,0,0,0,0,0,0,0,0,3,-1,1,Atropellament,-1,1,2,4,2,2,1,18.5,1,3,2,3,2
10824,2010,0,2010-09-07,C-14,BASSELLA,Alt Urgell,2,1,0,3,3,0,0,0,0,3,0,0,0,80.0,0.0,0,0,No n'hi ha,-1.0,3,3,0,0,0,0,0,0,0,0,0,0,0,0,4,-1,1,Col·lisió frontal,-1,1,2,4,4,2,1,15.36,1,2,1,7,9
10825,2010,0,2010-12-23,SE,RUBI,Valles Occidental,3,0,1,0,1,0,0,0,1,0,0,0,0,100.0,0.0,0,2,No n'hi ha,-1.0,3,3,1,0,0,0,0,0,0,0,0,0,0,2,4,-1,1,Caiguda en la via,2,1,2,3,0,2,1,13.35,0,0,3,23,12
10826,2010,0,2010-05-03,C-244,SANTA FE DEL PENEDES,Alt Penedes,3,0,1,1,1,0,0,0,0,1,0,0,0,100.0,0.0,0,0,No n'hi ha,-1.0,1,3,1,0,0,0,1,0,0,0,0,0,0,0,2,-1,1,Resta sortides de via,-1,1,0,4,2,2,1,15.0,1,1,0,3,5
10827,2010,0,2010-12-23,GIV-6821,LLAGOSTERA,Girones,1,0,2,0,2,0,0,0,0,2,0,0,0,100.0,0.0,1,0,No n'hi ha,-1.0,3,3,1,0,0,0,0,0,0,0,0,0,0,0,2,-1,1,Col·lisió frontal,-1,1,2,4,3,2,1,8.53,0,2,3,23,12
10828,2010,0,2010-05-02,C-17,LLICA D'AMUNT,Valles Oriental,3,0,1,0,1,0,0,0,0,1,0,0,0,100.0,0.0,0,1,No n'hi ha,-1.0,3,3,1,-1,0,0,0,-1,0,0,0,0,-1,2,2,2,0,Xoc contra objecte/obstacle sense sortida prèvia de via,3,1,0,4,2,2,0,8.38,0,4,6,2,5
10829,2010,1,2010-10-18,SE,TERRASSA,Valles Occidental,3,1,0,0,1,0,0,0,0,0,1,0,0,100.0,0.0,0,2,No n'hi ha,-1.0,3,3,0,0,0,0,0,0,0,0,0,0,0,1,4,4,1,Caiguda en la via,1,2,2,5,-1,2,1,18.5,1,0,0,18,10
10830,2010,0,2010-11-28,AL,TERRASSA,Valles Occidental,3,0,1,0,2,1,0,0,0,1,0,0,0,100.0,0.0,0,-1,No n'hi ha,-1.0,3,3,1,0,0,0,0,0,0,0,0,0,0,0,4,-1,-1,Atropellament,-1,1,2,4,-1,2,0,10.35,0,3,6,28,11
10831,2010,0,2010-04-14,C-153,RUPIT I PRUIT,Osona,3,0,1,1,2,0,0,0,0,2,0,0,0,90.0,0.0,0,2,No n'hi ha,-1.0,1,3,1,-1,0,0,0,-1,0,0,0,0,-1,0,4,-1,1,Col·lisió frontal,-1,1,0,4,3,2,1,14.1,1,2,2,14,4
10832,2010,1,2010-11-15,SE,BARCELONA,Barcelones,3,0,1,0,2,1,0,0,0,1,0,0,0,100.0,0.0,0,-1,No n'hi ha,-1.0,3,3,1,0,0,0,0,0,0,0,0,0,0,0,4,-1,0,Atropellament,-1,2,2,5,-1,2,1,13.3,0,3,0,15,11
10833,2010,1,2010-10-06,SE,ARTES,Bages,3,0,1,0,2,1,0,0,0,0,1,0,0,100.0,0.0,0,2,No n'hi ha,-1.0,3,3,1,0,0,0,0,0,0,0,0,0,0,0,5,-1,0,Atropellament,-1,2,2,5,-1,2,1,19.35,1,3,2,6,10
10834,2010,1,2010-03-03,SE,BADALONA,Barcelones,3,0,1,0,2,1,0,0,0,1,0,0,0,100.0,0.0,0,-1,No n'hi ha,-1.0,1,3,1,0,0,0,0,0,0,0,0,0,0,0,4,-1,0,Atropellament,-1,2,0,5,-1,2,1,12.54,0,3,2,3,3
10835,2010,0,2010-09-04,L-303,"PLANS DE SIO, ELS",Segarra,2,1,0,0,1,0,0,0,1,0,0,0,0,100.0,0.0,0,1,No n'hi ha,-1.0,3,3,0,0,0,0,0,0,0,0,0,0,0,2,4,4,1,Resta sortides de via,1,1,2,4,3,2,0,12.42,0,1,5,4,9
10836,2010,1,2010-11-23,SE,HOSPITALET DE LLOBREGAT,Barcelones,3,0,1,0,2,0,0,1,0,1,0,0,0,20.0,0.0,0,-1,No n'hi ha,-1.0,3,3,1,-1,0,0,0,-1,0,0,0,0,0,0,5,-1,1,Caiguda en la via,-1,2,2,5,-1,2,1,21.18,1,0,1,23,11