,Year,Area,Date,Road,Municipality Name,County Name,Province Name,Fatalties,Serious Injuries,Light Injuries,Units Involved,Pedestrains Involved,Bicycles Involved,Mopeds Involved,Motorcycles,Light Vehicles Involved,Heavy Vehicles Involved,Other Units Involved,Unspecified Units Involved,Road Speed Limit,Accident with Hit and Run,Fog Presence,Surrounding Environment,Special Lane Presence,Special Traffic Measures,Weather Conditions,Special Road Functions,Severity of Accident,Influence of Fog,Influence of Environment,Influence of Traffic,Influence of Weather,Influence of Wind Intensity,Influence of Lighting,Influence of Special Measures,Influence of Road Objects,Influence of Road Surface,Influence of Visibility,Intersection Characteristics,Lighting Conditions,Traffic Regulation and Priority,Direction of Road,Subtype of Accident,Subtype of Road Section,Subzone within Area,Road Surface Conditions,Type of Road,Road Ownership,Wind Conditions,Day of the Week Grouping,Hour of Day,Time of Day Grouping,Type of Accident,Day Type,Day,Month
10837,2010,1,2010-07-06,SE,OLOST,Osona,3,0,1,0,2,0,0,1,0,1,0,0,0,40.0,0.0,0,1,No n'hi ha,-1.0,3,3,1,0,0,0,0,0,0,0,0,0,0,1,5,4,1,Col·lisió frontal,1,2,2,5,-1,2,1,22.1,2,2,1,6,7
10838,2010,1,2010-07-04,SE,SANTA COLOMA DE GRAMANET,Barcelones,3,0,1,0,2,0,0,0,1,1,0,0,0,20.0,0.0,0,-1,No n'hi ha,-1.0,3,3,1,-1,0,0,0,-1,0,0,0,0,0,1,4,4,0,Envestida (frontal lateral),2,2,2,5,-1,2,0,14.0,1,2,6,4,7
10839,2010,1,2010-02-16,SE,CASTELLO D'EMPURIES,Alt Emporda,1,1,0,0,2,1,0,0,0,0,0,1,0,20.0,,0,2,No n'hi ha,-1.0,2,3,0,-1,0,0,0,-1,0,0,0,0,0,0,0,-1,1,Atropellament,-1,2,0,5,-1,2,1,19.1,1,3,1,16,2
10840,2010,0,2010-01-30,C-60,ARGENTONA,Maresme,3,0,3,0,1,0,0,0,0,1,0,0,0,100.0,0.0,0,0,No n'hi ha,-1.0,3,3,1,0,0,0,0,0,0,0,0,0,0,0,3,-1,1,Resta sortides de via,-1,1,2,4,2,2,0,19.15,1,1,5,30,1
10841,2010,1,2010-03-09,SE,TERRASSA,Valles Occidental,3,0,1,0,2,1,0,0,0,1,0,0,0,100.0,0.0,0,2,No n'hi ha,-1.0,1,3,1,0,0,0,0,0,0,0,0,0,0,0,4,-1,0,Atropellament,-1,2,0,5,0,2,1,17.3,1,3,1,9,3
10842,2010,1,2010-09-05,N-II,PREMIA DE MAR,Maresme,3,0,1,0,1,0,0,0,1,0,0,0,0,40.0,0.0,0,1,No n'hi ha,-1.0,3,1,1,0,0,0,0,0,0,0,0,0,0,2,5,4,1,Xoc contra objecte/obstacle sense sortida prèvia de via,0,0,2,4,1,2,0,5.3,2,4,6,5,9
10843,2010,1,2010-08-26,SE,LLORET DE MAR,Selva,1,0,1,0,2,0,0,0,1,1,0,0,0,30.0,0.0,0,2,No n'hi ha,-1.0,3,3,1,0,0,0,0,0,0,0,0,0,0,0,4,-1,1,Encalç,-1,2,2,5,-1,2,1,10.05,0,2,3,26,8
10844,2010,1,2010-08-09,SE,TERRASSA,Valles Occidental,3,0,1,2,2,0,0,0,0,2,0,0,0,100.0,0.0,0,-1,No n'hi ha,-1.0,3,3,1,0,0,0,0,0,0,0,0,0,0,0,4,-1,-1,Fregament o col·lisió lateral,-1,2,2,5,-1,2,1,0.4,2,2,0,9,8
10845,2010,1,2010-05-27,SE,PARETS DEL VALLES,Valles Oriental,3,0,1,0,2,0,0,0,1,1,0,0,0,40.0,0.0,0,2,No n'hi ha,-1.0,3,3,1,-1,0,0,0,-1,0,0,0,0,-1,1,4,5,1,Envestida (frontal lateral),1,2,2,5,-1,2,1,18.45,1,2,3,27,5
10846,2010,0,2010-05-28,C-242,ALFORJA,Baix Camp,0,0,1,0,1,0,0,0,1,0,0,0,0,100.0,0.0,0,1,No n'hi ha,-1.0,3,3,1,0,0,0,0,0,0,0,0,0,0,0,4,-1,1,Resta sortides de via,-1,1,2,4,2,2,1,13.1,0,1,4,28,5
10847,2010,0,2010-06-20,BP-5002,MOLLET DEL VALLES,Valles Oriental,3,0,1,2,1,0,0,0,0,1,0,0,0,70.0,0.0,0,-1,No n'hi ha,-1.0,3,3,1,-1,0,0,0,-1,0,0,0,0,-1,0,2,-1,1,Xoc contra objecte/obstacle sense sortida prèvia de via,-1,1,2,4,3,2,0,20.0,1,4,6,20,6
10848,2010,0,2010-05-16,C-59,SANTA PERPETUA DE MO,Valles Occidental,3,0,1,0,1,0,0,0,1,0,0,0,0,100.0,0.0,0,-1,No n'hi ha,-1.0,3,3,1,0,0,0,0,0,0,0,0,0,0,0,4,-1,-1,Xoc contra objecte/obstacle sense sortida prèvia de via,-1,1,2,4,-1,2,0,22.0,2,4,6,16,5
10849,2010,1,2010-07-15,SE,SENTMENAT,Valles Occidental,3,1,0,1,2,0,0,0,0,2,0,0,0,100.0,0.0,0,3,No n'hi ha,-1.0,3,3,0,0,0,0,0,0,0,0,0,0,0,0,4,-1,1,Xoc contra objecte/obstacle sense sortida prèvia de via,-1,2,2,5,-1,2,1,19.08,1,4,3,15,7
10850,2010,1,2010-02-18,SE,BARCELONA,Barcelones,3,1,0,0,2,1,0,0,0,1,0,0,0,30.0,0.0,0,-1,No n'hi ha,-1.0,3,3,0,0,0,0,0,0,0,0,0,0,0,1,1,3,0,Atropellament,2,2,2,5,-1,2,1,19.16,1,3,3,18,2
10851,2010,1,2010-03-28,SE,SALOU,Tarragones,0,0,1,0,2,1,0,0,0,1,0,0,0,100.0,0.0,0,2,No n'hi ha,-1.0,3,3,1,0,0,0,0,0,0,0,0,0,0,0,5,-1,0,Atropellament,-1,2,2,5,-1,2,0,23.43,2,3,6,28,3
10852,2010,0,2010-03-02,SE,CAMARLES,Baix Ebre,0,0,1,0,2,1,0,0,0,1,0,0,0,40.0,0.0,0,2,No n'hi ha,-1.0,3,3,1,0,0,0,0,0,0,0,0,0,0,0,4,-1,1,Atropellament,-1,1,2,3,0,2,1,15.25,1,3,1,2,3
10853,2010,1,2010-10-17,SE,TERRASSA,Valles Occidental,3,0,1,0,2,0,0,1,0,1,0,0,0,100.0,0.0,0,2,No n'hi ha,-1.0,3,3,1,0,0,0,0,0,0,0,0,0,0,1,5,3,0,Envestida (frontal lateral),2,2,2,5,-1,2,0,22.07,2,2,6,17,10
10854,2010,1,2010-01-22,SE,OLOT,Garrotxa,1,0,1,0,2,1,0,0,0,1,0,0,0,100.0,0.0,0,2,No n'hi ha,-1.0,3,3,1,0,0,0,0,0,0,0,0,0,0,0,1,-1,1,Atropellament,-1,2,2,5,0,2,1,7.55,0,3,4,22,1
10855,2010,1,2010-08-21,N-141c,MOIA,Moianès,3,0,1,1,1,0,0,0,1,0,0,0,0,90.0,0.0,0,2,No n'hi ha,-1.0,3,1,1,-1,0,0,0,-1,0,0,0,0,0,1,4,4,1,Caiguda en la via,0,0,1,4,2,2,0,19.45,1,0,5,21,8
10856,2010,0,2010-10-24,C-17,BELANYA,Osona,3,1,0,0,1,0,0,0,1,0,0,0,0,100.0,0.0,0,2,No n'hi ha,-1.0,3,3,0,0,0,0,0,0,0,0,0,0,0,0,4,-1,1,Caiguda en la via,-1,1,2,4,2,2,0,10.28,0,0,6,24,10
10857,2010,0,2010-10-05,B-120,VILADECAVALLS,Valles Occidental,3,0,1,0,1,0,0,0,1,0,0,0,0,100.0,0.0,0,3,No n'hi ha,-1.0,3,3,1,0,1,0,0,0,0,0,0,0,0,0,4,-1,1,Resta sortides de via,-1,1,2,4,3,1,1,9.0,0,1,1,5,10
10858,2010,1,2010-12-30,SE,BARCELONA,Barcelones,3,0,2,1,2,0,0,1,1,0,0,0,0,100.0,0.0,0,-1,No n'hi ha,-1.0,3,3,1,0,0,0,0,0,0,0,0,0,0,1,5,3,0,Envestida (frontal lateral),2,2,2,5,-1,2,1,1.1,2,2,3,30,12
10859,2010,0,2010-06-06,BV-2136,MEDIONA,Alt Penedes,3,0,1,0,1,0,0,0,0,1,0,0,0,100.0,0.0,0,0,No n'hi ha,-1.0,3,3,1,0,0,0,0,0,0,0,0,0,0,0,4,-1,1,Resta sortides de via,-1,1,2,4,2,2,0,13.25,0,1,6,6,6
10860,2010,0,2010-06-17,C-63,SANT FELIU DE PALLEROLS,Garrotxa,1,2,0,0,2,0,0,0,0,2,0,0,0,100.0,0.0,0,2,No n'hi ha,-1.0,3,3,0,0,0,0,0,0,1,0,0,0,0,2,4,4,1,Envestida (frontal lateral),-1,1,2,4,2,2,1,16.0,1,2,3,17,6
10861,2010,0,2010-08-24,C-12,LLEIDA,Segria,2,0,1,0,1,0,0,0,0,1,0,0,0,90.0,0.0,0,2,No n'hi ha,-1.0,3,3,1,-1,0,0,0,-1,0,0,0,0,-1,0,4,-1,1,Xoc contra objecte/obstacle sense sortida prèvia de via,-1,1,2,4,2,2,1,8.3,0,4,1,24,8
10862,2010,0,2010-05-05,BV-1468,MOLINS DE REI,Baix Llobregat,3,0,1,0,2,0,1,0,0,1,0,0,0,100.0,0.0,0,3,No n'hi ha,-1.0,3,3,1,0,0,0,0,0,0,0,0,0,0,0,2,-1,1,Fregament o col·lisió lateral,-1,1,2,4,2,2,1,17.4,1,2,2,5,5
10863,2010,0,2010-11-20,BP-2126,FONT-RUBI,Alt Penedes,3,0,1,0,1,0,0,0,0,1,0,0,0,100.0,0.0,0,3,No n'hi ha,-1.0,3,3,1,0,0,0,0,0,0,0,0,0,0,0,4,-1,1,Resta sortides de via,-1,1,2,4,2,2,0,11.45,0,1,5,20,11
10864,2010,1,2010-12-17,SE,OLOT,Garrotxa,1,1,0,0,2,1,0,0,0,0,1,0,0,100.0,0.0,0,2,No n'hi ha,-1.0,3,1,0,0,0,0,0,0,0,0,0,0,0,0,1,-1,1,Atropellament,-1,0,2,5,0,2,0,18.1,1,3,4,17,12
10865,2010,1,2010-05-08,SE,SABADELL,Valles Occidental,3,0,1,0,2,0,0,1,0,1,0,0,0,100.0,0.0,0,2,No n'hi ha,-1.0,1,3,1,0,0,0,0,0,0,0,0,0,0,1,5,4,0,Envestida (frontal lateral),2,2,0,5,-1,2,0,4.44,2,2,5,8,5
10866,2010,1,2010-02-09,SE,BARCELONA,Barcelones,3,0,1,0,2,0,0,0,1,0,1,0,0,100.0,0.0,0,-1,No n'hi ha,-1.0,1,3,1,0,0,0,0,0,0,0,0,0,0,1,4,2,1,Envestida (frontal lateral),1,2,0,5,-1,2,1,8.45,0,2,1,9,2
10867,2010,0,2010-05-30,C-32,SITGES,Garraf,3,0,1,0,1,0,0,0,1,0,0,0,0,100.0,1.0,0,3,No n'hi ha,-1.0,3,3,1,0,0,0,0,0,0,0,0,0,0,0,5,-1,0,Caiguda en la via,-1,1,2,4,4,2,0,22.2,2,0,6,30,5
10868,2010,0,2010-06-20,BV-4031,CASTELLAR DE N'HUG,Bergueda,3,0,2,0,1,0,0,0,1,0,0,0,0,100.0,0.0,0,3,No n'hi ha,-1.0,3,3,1,0,0,0,0,0,0,0,0,0,0,0,4,-1,1,Resta sortides de via,-1,1,2,4,2,0,0,12.1,0,1,6,20,6
10869,2010,0,2010-01-02,N-240,TARRAGONA,Tarragones,0,0,1,2,2,0,0,0,0,2,0,0,0,60.0,0.0,0,2,Altres,-1.0,3,3,1,0,0,0,0,0,0,0,0,0,0,0,5,-1,1,Envestida (frontal lateral),-1,1,2,4,1,2,0,20.3,1,2,5,2,1
10870,2010,0,2010-06-21,C-16,SANT CUGAT DEL VALLES,Valles Occidental,3,0,1,0,1,0,0,0,0,1,0,0,0,110.0,0.0,0,3,No n'hi ha,-1.0,3,3,1,0,0,0,0,0,0,0,0,0,0,0,4,-1,1,Xoc contra objecte/obstacle sense sortida prèvia de via,-1,1,2,4,2,2,1,16.2,1,4,0,21,6
10871,2010,1,2010-03-15,SE,HOSPITALET DE LLOBREGAT,Barcelones,3,0,1,0,2,1,0,0,0,0,0,1,0,20.0,0.0,0,-1,No n'hi ha,-1.0,3,3,1,0,0,0,0,0,0,0,0,0,0,0,4,-1,-1,Atropellament,-1,2,2,5,-1,2,1,9.1,0,3,0,15,3
10872,2010,1,2010-01-22,SE,BARCELONA,Barcelones,3,0,1,0,1,0,0,0,0,0,1,0,0,100.0,0.0,0,-1,No n'hi ha,-1.0,3,3,1,0,0,0,0,0,0,0,0,0,0,0,4,-1,0,Caiguda en la via,-1,2,2,5,-1,2,0,16.3,1,0,4,22,1
10873,2010,0,2010-07-02,BV-5101,DOSRIUS,Maresme,3,0,1,0,1,0,0,0,0,1,0,0,0,90.0,0.0,0,0,No n'hi ha,-1.0,3,3,1,-1,0,0,0,-1,0,0,0,0,-1,0,4,-1,1,Xoc contra objecte/obstacle sense sortida prèvia de via,-1,1,2,4,3,2,0,18.25,1,4,4,2,7
10874,2010,0,2010-02-07,GI-641,TORROELLA DE MONTGRI,Baix Emporda,1,0,2,0,2,0,0,0,1,1,0,0,0,100.0,0.0,0,2,No n'hi ha,-1.0,3,3,1,0,0,0,0,0,0,0,0,0,0,0,3,-1,1,Fregament o col·lisió lateral,-1,1,2,4,3,2,0,18.21,1,2,6,7,2
10875,2010,0,2010-12-13,AP-7,TARRAGONA,Tarragones,0,0,1,0,2,0,0,0,0,1,1,0,0,120.0,0.0,0,-1,No n'hi ha,-1.0,3,3,1,-1,0,0,0,-1,0,0,0,0,-1,0,3,-1,1,Encalç,-1,1,2,2,1,2,1,18.18,1,2,0,13,12
10876,2010,0,2010-05-05,C-59,CALDES DE MONTBUI,Valles Oriental,3,0,1,0,2,0,0,0,0,2,0,0,0,100.0,0.0,0,3,No n'hi ha,-1.0,3,3,1,0,0,0,0,0,0,0,0,0,0,0,4,-1,1,Envestida (frontal lateral),-1,1,2,4,2,2,1,10.4,0,2,2,5,5
10877,2010,1,2010-02-21,SE,BARCELONA,Barcelones,3,0,3,2,2,0,0,0,0,2,0,0,0,100.0,1.0,0,-1,No n'hi ha,-1.0,3,3,1,0,0,0,0,0,0,0,0,0,0,1,5,2,1,Fregament o col·lisió lateral,1,2,2,5,-1,2,0,4.25,2,2,6,21,2
10878,2010,1,2010-03-12,SE,VILAFRANCA DEL PENEDES,Alt Penedes,3,0,1,0,2,1,0,0,0,1,0,0,0,20.0,0.0,0,-1,No n'hi ha,-1.0,3,3,1,0,-1,0,0,0,0,0,0,0,0,1,4,2,-1,Atropellament,1,2,2,5,-1,2,0,17.5,1,3,4,12,3
10879,2010,1,2010-02-10,SE,HOSPITALET DE LLOBREGAT,Barcelones,3,0,1,0,2,1,0,0,1,0,0,0,0,20.0,0.0,0,2,No n'hi ha,-1.0,3,3,1,-1,0,0,0,-1,0,0,0,0,-1,0,4,-1,1,Atropellament,-1,2,2,5,-1,2,1,13.04,0,3,2,10,2
10880,2010,1,2010-06-26,SE,BARCELONA,Barcelones,3,0,1,1,3,2,0,0,1,0,0,0,0,30.0,0.0,0,-1,No n'hi ha,-1.0,3,3,1,0,0,0,0,0,0,0,0,0,0,1,5,5,0,Atropellament,1,2,2,5,-1,2,0,21.25,1,3,5,26,6
10881,2010,1,2010-07-23,SE,VILANOVA I LA GELTRU,Garraf,3,0,1,0,2,1,0,0,0,1,0,0,0,100.0,0.0,0,2,No n'hi ha,-1.0,3,3,1,0,0,0,0,0,0,0,0,0,0,0,4,-1,1,Atropellament,-1,2,2,5,-1,2,1,8.5,0,3,4,23,7
10882,2010,1,2010-03-03,SE,MATARO,Maresme,3,0,1,0,2,1,0,0,1,0,0,0,0,20.0,0.0,0,2,No n'hi ha,-1.0,1,3,1,0,0,0,0,0,0,0,0,0,0,0,2,-1,0,Atropellament,-1,2,0,5,-1,0,1,9.25,0,3,2,3,3
10883,2010,1,2010-09-08,SE,BADALONA,Barcelones,3,0,1,0,3,0,0,0,1,2,0,0,0,100.0,0.0,0,-1,No n'hi ha,-1.0,3,3,1,0,0,0,0,0,0,0,0,0,0,1,1,4,0,Envestida (frontal lateral),1,2,2,5,-1,2,1,19.45,1,2,2,8,9
10884,2010,1,2010-06-22,SE,BADALONA,Barcelones,3,0,1,0,2,0,0,1,0,1,0,0,0,100.0,0.0,0,-1,No n'hi ha,-1.0,3,3,1,0,0,0,0,0,0,0,0,0,0,1,4,2,1,Col·lisió frontal,2,2,2,5,-1,2,1,11.16,0,2,1,22,6
10885,2010,1,2010-07-03,SE,BARCELONA,Barcelones,3,0,1,1,2,0,0,1,0,1,0,0,0,100.0,0.0,0,-1,No n'hi ha,-1.0,3,3,1,0,0,0,0,0,0,0,0,0,0,1,4,3,0,Envestida (frontal lateral),2,2,2,5,-1,2,0,23.5,2,2,5,3,7
10886,2010,1,2010-05-30,SE,TERRASSA,Valles Occidental,3,0,1,0,2,1,0,0,0,1,0,0,0,100.0,0.0,0,-1,No n'hi ha,-1.0,3,3,1,0,0,0,0,0,0,0,0,0,0,0,4,-1,-1,Atropellament,-1,2,2,5,-1,2,0,18.2,1,3,6,30,5
10887,2010,1,2010-06-02,SE,TERRASSA,Valles Occidental,3,0,1,0,2,0,0,0,1,1,0,0,0,100.0,0.0,0,2,No n'hi ha,-1.0,3,3,1,0,0,0,0,0,0,0,0,0,0,0,4,-1,1,Envestida (frontal lateral),-1,2,2,5,-1,2,1,14.15,1,2,2,2,6
10888,2010,0,2010-05-12,L-800,ALCARRAS,Segria,2,1,0,0,2,0,1,0,0,1,0,0,0,90.0,0.0,0,-1,No n'hi ha,-1.0,3,3,0,-1,0,0,0,-1,0,0,0,0,-1,1,3,4,1,Encalç,0,1,2,4,3,2,1,22.02,2,2,2,12,5
10889,2011,1,2011-01-30,SE,SANA?JA,Segarra,2,0,1,0,1,0,0,0,0,0,0,1,0,20.0,,0,2,No n'hi ha,-1.0,3,3,1,-1,0,0,0,-1,0,0,0,0,-1,0,4,-1,0,Caiguda en la via,-1,2,2,5,0,2,0,14.3,1,0,6,30,1
10890,2011,1,2011-01-16,SE,"BORGES DEL CAMP, LES",Baix Camp,0,0,1,0,1,0,0,0,1,0,0,0,0,30.0,0.0,0,-1,No n'hi ha,-1.0,3,3,1,-1,0,0,0,-1,0,0,0,0,-1,0,4,-1,1,Sortida de via amb bolcada,-1,2,1,5,-1,2,0,10.5,0,1,6,16,1
10892,2011,0,2011-08-15,T-714,CABACES,Priorat,0,0,1,0,1,0,0,0,1,0,0,0,0,90.0,0.0,0,1,No n'hi ha,-1.0,3,3,1,-1,0,0,0,-1,0,0,0,0,0,0,4,-1,1,Xoc contra objecte/obstacle sense sortida prèvia de via,-1,1,2,4,3,2,1,11.05,0,4,0,15,8
10893,2011,0,2011-06-21,AP-7,MONT-ROIG DEL CAMP,Baix Camp,0,0,1,0,1,0,0,0,1,0,0,0,0,110.0,0.0,0,2,No n'hi ha,-1.0,3,3,1,-1,0,0,0,-1,0,0,0,0,-1,0,4,-1,1,Caiguda en la via,-1,1,2,4,1,2,1,12.37,0,0,1,21,6
10894,2011,0,2011-11-17,N-II,FONDARELLA,Pla d'Urgell,2,0,1,0,1,0,0,0,1,0,0,0,0,40.0,0.0,0,-1,No n'hi ha,-1.0,3,3,1,0,-1,0,0,0,0,0,0,0,0,2,3,5,-1,Resta sortides de via,0,1,2,4,-1,2,1,23.09,2,1,3,17,11
10895,2011,0,2011-08-20,C-25,FOLGUEROLES,Osona,3,0,1,0,1,0,0,0,1,0,0,0,0,40.0,0.0,0,2,No n'hi ha,-1.0,3,3,1,-1,0,0,0,-1,0,0,0,0,0,2,1,4,0,Caiguda en la via,3,1,2,4,2,2,0,7.45,0,0,5,20,8
10896,2011,0,2011-05-30,C-25,RIUDELLOTS DE LA SELVA,Selva,1,0,1,0,2,0,0,0,1,1,0,0,0,40.0,0.0,0,2,No n'hi ha,-1.0,3,3,1,-1,0,0,0,-1,0,0,0,0,-1,1,4,4,1,Envestida (frontal lateral),0,1,2,4,2,2,1,20.11,1,2,0,30,5
10897,2011,0,2011-04-07,N-340,"VENDRELL, EL",Baix Penedes,0,0,1,0,1,0,0,0,1,0,0,0,0,90.0,0.0,0,-1,No n'hi ha,-1.0,3,3,1,-1,0,0,0,-1,0,0,0,0,-1,1,4,4,1,Caiguda en la via,3,1,2,4,1,2,1,19.1,1,0,3,7,4
10898,2011,1,2011-02-09,SE,MONTORNES DEL VALLES,Valles Oriental,3,0,1,0,1,0,0,0,1,0,0,0,0,100.0,0.0,0,2,No n'hi ha,0.0,3,3,1,0,0,0,0,0,0,0,0,0,1,0,0,-1,1,Xoc contra objecte/obstacle sense sortida prèvia de via,-1,2,2,5,0,2,1,20.52,1,4,2,9,2
10899,2011,1,2011-01-12,SE,RUBI,Valles Occidental,3,0,1,0,1,0,0,1,0,0,0,0,0,100.0,0.0,0,2,No n'hi ha,-1.0,3,3,1,0,0,0,0,0,0,0,0,0,0,2,5,-1,1,Caiguda en la via,1,2,2,5,-1,2,1,19.05,1,0,2,12,1
10900,2011,1,2011-02-24,SE,SABADELL,Valles Occidental,3,0,1,0,2,1,0,0,0,1,0,0,0,100.0,0.0,0,-1,No n'hi ha,-1.0,3,3,1,0,0,0,0,0,0,0,0,0,0,0,4,-1,-1,Atropellament,-1,2,2,5,-1,2,1,12.35,0,3,3,24,2
10901,2011,1,2011-11-07,SE,LLEIDA,Segria,2,0,1,0,2,0,0,1,0,1,0,0,0,20.0,0.0,0,2,No n'hi ha,-1.0,3,3,1,-1,0,0,0,-1,0,0,0,0,-1,1,4,3,0,Envestida (frontal lateral),0,2,2,5,-1,2,1,14.3,1,2,0,7,11
10902,2011,0,2011-09-12,C-152,"PRESES, LES",Garrotxa,1,1,0,0,2,0,0,0,0,1,0,1,0,50.0,0.0,0,2,No n'hi ha,-1.0,3,3,0,0,0,0,0,0,0,0,0,0,0,0,4,-1,1,Col·lisió frontal,-1,1,2,4,2,2,1,17.1,1,2,0,12,9
10903,2011,1,2011-03-25,SE,BADALONA,Barcelones,3,0,1,0,2,0,1,0,0,1,0,0,0,100.0,0.0,0,-1,No n'hi ha,-1.0,3,3,1,0,0,0,0,0,0,0,0,0,0,1,5,2,0,Col·lisió frontal,2,2,2,5,-1,2,0,19.29,1,2,4,25,3
10904,2011,0,2011-02-01,AP-7,"ALDEA, L'",Baix Ebre,0,0,1,0,1,0,0,0,0,0,1,0,0,50.0,0.0,0,0,Carril d'alentiment,-1.0,3,3,1,0,1,0,0,0,0,0,0,0,0,0,3,-1,0,Resta sortides de via,-1,1,2,4,1,0,1,20.35,1,1,1,1,2
10905,2011,0,2011-08-10,AP-7,"AMETLLA DE MAR, L'",Baix Ebre,0,1,0,1,1,0,0,0,0,1,0,0,0,100.0,0.0,0,0,No n'hi ha,-1.0,3,3,0,0,0,0,0,0,0,0,0,0,0,0,4,-1,1,Resta sortides de via,-1,1,2,4,1,2,1,7.4,0,1,2,10,8
10906,2011,0,2011-09-09,C-32,VILADECANS,Baix Llobregat,3,0,1,0,2,0,0,0,1,1,0,0,0,100.0,0.0,0,2,No n'hi ha,-1.0,3,3,1,0,0,0,0,0,0,0,0,0,0,0,4,-1,1,Envestida (frontal lateral),-1,1,2,4,2,2,0,16.55,1,2,4,9,9
10907,2011,0,2011-05-25,N-340,TARRAGONA,Tarragones,0,0,1,0,2,0,0,0,1,1,0,0,0,70.0,0.0,0,1,No n'hi ha,-1.0,3,3,1,0,0,0,0,0,0,0,0,0,0,0,4,-1,1,Envestida (frontal lateral),-1,1,2,4,1,2,1,19.23,1,2,2,25,5
10908,2011,0,2011-05-22,C-25,RAJADELL,Bages,3,0,1,4,2,0,0,0,0,2,0,0,0,100.0,0.0,0,2,No n'hi ha,-1.0,3,3,1,0,0,0,0,0,0,0,0,0,0,0,3,-1,1,Fregament o col·lisió lateral,-1,1,2,4,2,2,0,3.22,2,2,6,22,5
10909,2011,0,2011-03-21,AP-7,"AMETLLA DE MAR, L'",Baix Ebre,0,0,1,1,1,0,0,0,0,1,0,0,0,100.0,0.0,0,1,No n'hi ha,-1.0,3,3,1,0,0,0,0,0,0,0,0,0,0,0,4,-1,1,Resta sortides de via,-1,1,2,4,1,2,1,11.5,0,1,0,21,3
10910,2011,1,2011-03-20,SE,IGUALADA,Anoia,3,0,1,0,2,0,0,1,0,1,0,0,0,50.0,0.0,0,2,No n'hi ha,-1.0,3,3,1,-1,0,0,0,-1,0,0,0,0,-1,1,5,4,0,Fregament o col·lisió lateral,2,2,2,5,-1,2,0,20.1,1,2,6,20,3
10911,2011,1,2011-06-06,SE,MANRESA,Bages,3,0,1,0,1,0,0,0,0,0,0,1,0,30.0,0.0,0,2,No n'hi ha,0.0,3,3,1,0,0,0,0,0,0,0,0,0,0,0,4,-1,0,Xoc contra objecte/obstacle sense sortida prèvia de via,-1,2,1,5,-1,2,1,14.16,1,4,0,6,6
10912,2011,0,2011-06-15,C-55,MANRESA,Bages,3,0,1,0,3,0,1,0,0,2,0,0,0,80.0,0.0,0,1,No n'hi ha,-1.0,3,0,1,0,0,0,0,0,0,0,0,0,0,0,4,-1,1,Encalç,-1,1,2,4,2,2,1,13.0,0,2,2,15,6
10913,2011,1,2011-04-09,SE,LLEIDA,Segria,2,0,1,0,1,0,0,0,0,1,0,0,0,100.0,0.0,0,2,No n'hi ha,-1.0,3,3,1,0,0,0,0,0,0,0,0,0,0,0,4,-1,1,Xoc contra objecte/obstacle sense sortida prèvia de via,-1,2,2,5,-1,2,0,13.1,0,4,5,9,4
10914,2011,0,2011-05-03,N-II,GIRONA,Girones,1,1,0,0,2,0,0,0,0,1,1,0,0,80.0,0.0,0,3,No n'hi ha,-1.0,1,2,0,0,0,0,1,0,0,0,0,0,0,0,2,-1,1,Col·lisió frontal,-1,1,0,4,1,2,1,15.53,1,2,1,3,5
10915,2011,1,2011-12-02,SE,CORNELLA DE LLOBREGAT,Baix Llobregat,3,0,1,0,2,0,1,0,0,1,0,0,0,20.0,0.0,0,-1,No n'hi ha,-1.0,3,3,1,-1,-1,1,0,-1,0,0,0,0,1,1,4,3,-1,Envestida (frontal lateral),1,2,2,5,-1,2,1,8.0,0,2,4,2,12
10916,2011,1,2011-10-21,SE,BARCELONA,Barcelones,3,0,1,0,2,0,0,0,1,1,0,0,0,100.0,0.0,0,-1,No n'hi ha,-1.0,3,3,1,0,0,0,0,0,0,0,0,0,0,1,4,3,1,Fregament o col·lisió lateral,2,2,2,5,-1,2,0,15.0,1,2,4,21,10
10917,2011,1,2011-10-03,SE,BARCELONA,Barcelones,3,1,0,0,2,1,0,0,0,1,0,0,0,100.0,0.0,0,-1,No n'hi ha,-1.0,3,3,0,0,0,0,0,0,0,0,1,0,0,0,4,-1,0,Atropellament,-1,2,2,5,-1,2,1,11.35,0,3,0,3,10
10918,2011,0,2011-12-21,BP-1417,SANT CUGAT DEL VALLES,Valles Occidental,3,0,1,0,1,0,0,0,0,1,0,0,0,100.0,0.0,0,1,No n'hi ha,-1.0,3,3,1,0,0,0,0,0,0,0,1,0,0,0,3,-1,1,Sortida de via amb xoc o col·lisió,-1,1,2,4,3,2,1,22.51,2,1,2,21,12
10919,2011,1,2011-02-01,SE,OLOT,Garrotxa,1,0,1,0,2,0,1,0,0,0,0,1,0,20.0,0.0,0,-1,No n'hi ha,-1.0,3,3,1,0,-1,0,0,0,0,0,0,0,0,1,4,4,-1,Caiguda en la via,1,2,2,5,-1,2,1,13.26,0,0,1,1,2
10920,2011,1,2011-10-10,SE,MOIA,Moianès,3,0,1,0,2,1,0,0,0,1,0,0,0,30.0,0.0,0,2,No n'hi ha,-1.0,3,3,1,0,0,0,0,0,0,0,0,0,0,0,4,-1,1,Atropellament,-1,2,2,5,0,2,1,9.0,0,3,0,10,10