,Year,Area,Date,Road,Municipality Name,County Name,Province Name,Fatalties,Serious Injuries,Light Injuries,Units Involved,Pedestrains Involved,Bicycles Involved,Mopeds Involved,Motorcycles,Light Vehicles Involved,Heavy Vehicles Involved,Other Units Involved,Unspecified Units Involved,Road Speed Limit,Accident with Hit and Run,Fog Presence,Surrounding Environment,Special Lane Presence,Special Traffic Measures,Weather Conditions,Special Road Functions,Severity of Accident,Influence of Fog,Influence of Environment,Influence of Traffic,Influence of Weather,Influence of Wind Intensity,Influence of Lighting,Influence of Special Measures,Influence of Road Objects,Influence of Road Surface,Influence of Visibility,Intersection Characteristics,Lighting Conditions,Traffic Regulation and Priority,Direction of Road,Subtype of Accident,Subtype of Road Section,Subzone within Area,Road Surface Conditions,Type of Road,Road Ownership,Wind Conditions,Day of the Week Grouping,Hour of Day,Time of Day Grouping,Type of Accident,Day Type,Day,Month
10921,2011,1,2011-01-12,SE,TORROELLA DE MONTGRI,Baix Emporda,1,0,1,0,2,0,1,0,0,1,0,0,0,20.0,0.0,0,2,No n'hi ha,-1.0,3,3,1,-1,0,0,0,-1,0,0,0,0,0,1,5,4,0,Envestida (frontal lateral),1,2,2,5,-1,2,1,18.1,1,2,2,12,1
10922,2011,1,2011-08-12,SE,OLIANA,Alt Urgell,2,0,1,0,1,0,0,1,0,0,0,0,0,100.0,0.0,0,2,No n'hi ha,-1.0,3,3,1,0,0,0,0,0,0,0,0,0,0,1,4,5,1,Xoc contra objecte/obstacle sense sortida prèvia de via,1,2,2,5,-1,2,0,18.0,1,4,4,12,8
10923,2011,0,2011-06-08,B-522,GURB,Osona,3,0,1,0,2,0,0,0,0,1,1,0,0,100.0,0.0,0,1,No n'hi ha,-1.0,3,3,1,0,0,0,0,0,0,0,0,0,0,0,4,-1,1,Sortida de via amb xoc o col·lisió,-1,1,2,4,2,2,1,15.15,1,1,2,8,6
10924,2011,0,2011-08-11,C-462,ALAS I CERC,Alt Urgell,2,0,1,0,2,0,1,0,0,0,1,0,0,100.0,1.0,0,3,No n'hi ha,-1.0,3,3,1,0,0,0,0,0,0,0,0,0,0,0,4,-1,1,Resta sortides de via,-1,1,2,4,2,2,1,10.2,0,1,3,11,8
10925,2011,1,2011-05-24,SE,SABADELL,Valles Occidental,3,0,1,0,1,0,0,0,0,0,1,0,0,100.0,0.0,0,-1,No n'hi ha,-1.0,3,3,1,0,0,0,0,0,0,0,0,0,0,0,4,-1,-1,Caiguda en la via,-1,2,2,5,-1,2,1,8.49,0,0,1,24,5
10926,2011,1,2011-10-19,SE,VILAFRANCA DEL PENEDES,Alt Penedes,3,0,1,0,2,1,0,0,0,1,0,0,0,20.0,0.0,0,-1,No n'hi ha,-1.0,-1,3,1,-1,0,-1,-1,-1,-1,-1,-1,-1,-1,1,-1,2,0,Atropellament,1,2,-1,5,-1,-1,1,9.08,0,3,2,19,10
10927,2011,1,2011-10-15,SE,GIRONA,Girones,1,0,1,0,1,0,0,0,1,0,0,0,0,100.0,1.0,0,2,No n'hi ha,-1.0,3,3,1,0,0,0,0,0,0,0,0,0,0,2,5,3,1,Caiguda en la via,2,2,2,5,-1,2,0,20.41,1,0,5,15,10
10928,2011,1,2011-11-04,SE,ROQUETES,Baix Ebre,0,0,1,0,2,0,0,0,0,2,0,0,0,40.0,0.0,0,2,No n'hi ha,-1.0,3,3,1,0,0,0,0,0,0,0,0,0,0,0,4,-1,1,Envestida (frontal lateral),-1,2,2,5,-1,2,1,11.4,0,2,4,4,11
10929,2011,1,2011-05-02,SE,VIC,Osona,3,0,1,0,2,1,0,0,0,1,0,0,0,100.0,0.0,0,2,No n'hi ha,-1.0,3,3,1,0,0,0,0,0,0,0,0,0,0,0,4,-1,1,Atropellament,-1,2,2,5,-1,2,1,17.2,1,3,0,2,5
10930,2011,1,2011-09-19,SE,BELLVIS,Pla d'Urgell,2,0,1,0,1,0,0,1,0,0,0,0,0,100.0,0.0,0,2,No n'hi ha,-1.0,3,3,1,0,0,0,0,0,0,0,0,0,0,1,1,4,0,Caiguda en la via,0,2,3,5,0,2,1,8.04,0,0,0,19,9
10931,2011,1,2011-02-06,SE,BARCELONA,Barcelones,3,0,1,0,1,0,0,0,0,1,0,0,0,100.0,1.0,0,-1,No n'hi ha,-1.0,3,3,1,0,0,0,0,0,0,0,0,0,0,1,4,3,0,Caiguda en la via,2,2,2,5,-1,2,0,13.5,0,0,6,6,2
10932,2011,0,2011-06-05,N-260,CRESPIA,Pla de l'Estany,1,1,2,0,2,0,0,0,0,2,0,0,0,100.0,0.0,0,1,Carril central,-1.0,3,3,0,0,0,0,0,0,0,0,0,0,0,1,4,4,1,Col·lisió frontal,-1,1,2,4,1,2,0,19.55,1,2,6,5,6
10933,2011,0,2011-03-19,AP-7,"AMETLLA DE MAR, L'",Baix Ebre,0,0,1,1,1,0,0,0,0,1,0,0,0,100.0,0.0,0,3,No n'hi ha,-1.0,3,3,1,0,0,0,0,0,0,0,0,0,0,0,4,-1,1,Resta sortides de via,-1,1,2,4,4,2,0,11.1,0,1,5,19,3
10934,2011,1,2011-05-12,SE,SOLSONA,Solsones,2,0,1,1,2,0,0,0,0,2,0,0,0,20.0,0.0,0,-1,No n'hi ha,-1.0,3,3,1,-1,0,0,0,-1,0,0,0,0,0,1,4,4,1,Xoc contra objecte/obstacle sense sortida prèvia de via,1,2,2,5,-1,2,1,15.0,1,4,3,12,5
10935,2011,1,2011-06-05,SE,GIRONA,Girones,1,0,1,0,2,1,0,0,1,0,0,0,0,100.0,0.0,0,2,No n'hi ha,-1.0,3,3,1,0,0,0,0,0,0,0,0,0,0,2,4,3,1,Atropellament,0,2,2,5,-1,2,0,15.44,1,3,6,5,6
10936,2011,1,2011-08-30,SE,BARCELONA,Barcelones,3,0,1,0,1,0,0,0,1,0,0,0,0,100.0,0.0,0,-1,No n'hi ha,-1.0,3,3,1,0,0,0,0,0,0,0,0,0,0,0,5,-1,0,Xoc contra objecte/obstacle sense sortida prèvia de via,-1,2,2,5,-1,2,1,23.19,2,4,1,30,8
10937,2011,1,2011-01-22,SE,LLICA D'AMUNT,Valles Oriental,3,0,1,0,1,0,0,0,1,0,0,0,0,100.0,0.0,0,0,No n'hi ha,-1.0,3,3,1,0,0,0,0,0,0,0,0,0,0,0,4,-1,1,Xoc contra objecte/obstacle sense sortida prèvia de via,-1,2,0,5,4,2,0,9.5,0,4,5,22,1
10938,2011,0,2011-08-08,TV-3022,"PERELLO, EL",Baix Ebre,0,0,2,0,1,0,0,0,0,0,1,0,0,100.0,0.0,0,1,No n'hi ha,-1.0,3,3,1,0,0,0,0,0,0,0,0,0,0,0,4,-1,1,Resta sortides de via,-1,1,2,4,3,2,1,14.1,1,1,0,8,8
10939,2011,0,2011-11-01,AP-2,BARBERA DE LA CONCA,Conca de Barbera,0,1,2,1,1,0,0,0,0,1,0,0,0,100.0,0.0,0,0,No n'hi ha,-1.0,3,3,0,0,0,0,0,0,0,0,0,0,0,0,2,-1,1,Sortida de via amb bolcada,-1,1,2,4,4,2,1,15.3,1,1,1,1,11
10940,2011,0,2011-07-10,N-340,"PERELLO, EL",Baix Ebre,0,1,0,1,2,0,0,0,0,1,1,0,0,100.0,0.0,0,2,No n'hi ha,-1.0,3,3,0,0,0,0,0,0,0,0,0,0,0,0,3,-1,1,Col·lisió frontal,-1,1,2,4,1,2,0,23.43,2,2,6,10,7
10941,2011,0,2011-09-12,SE,CERDANYOLA DEL VALLES,Valles Occidental,3,0,1,0,1,0,0,0,1,0,0,0,0,100.0,0.0,0,2,No n'hi ha,-1.0,3,3,1,0,0,0,0,0,0,0,0,0,0,1,4,-1,1,Caiguda en la via,0,1,1,3,0,2,1,9.5,0,0,0,12,9
10942,2011,0,2011-10-08,SE,CERDANYOLA DEL VALLES,Valles Occidental,3,0,1,0,2,0,0,1,0,1,0,0,0,100.0,0.0,0,2,No n'hi ha,-1.0,3,3,1,0,0,0,0,0,0,0,0,0,0,2,4,3,1,Envestida (frontal lateral),-1,1,2,3,0,2,0,14.15,1,2,5,8,10
10943,2011,1,2011-02-10,SE,BARCELONA,Barcelones,3,0,1,0,2,0,0,0,1,1,0,0,0,100.0,0.0,0,-1,No n'hi ha,-1.0,3,3,1,0,0,0,0,0,0,0,0,0,1,0,4,-1,0,Fregament o col·lisió lateral,-1,2,2,5,-1,2,1,16.25,1,2,3,10,2
10944,2011,1,2011-07-09,SE,GIRONA,Girones,1,0,1,0,1,0,0,1,0,0,0,0,0,100.0,0.0,0,2,No n'hi ha,-1.0,3,3,1,0,0,0,0,0,0,0,0,0,0,0,5,-1,1,Xoc contra objecte/obstacle sense sortida prèvia de via,-1,2,2,5,-1,2,0,23.28,2,4,5,9,7
10945,2011,0,2011-11-23,N-340,CAMARLES,Baix Ebre,0,3,1,0,2,0,0,0,0,1,1,0,0,100.0,0.0,0,-1,No n'hi ha,-1.0,3,3,0,0,0,0,0,0,0,0,0,0,0,0,4,-1,-1,Fregament o col·lisió lateral,-1,1,2,4,-1,2,1,13.2,0,2,2,23,11
10946,2011,1,2011-07-26,SE,TARRAGONA,Tarragones,0,0,1,0,1,0,0,0,0,1,0,0,0,100.0,0.0,0,2,No n'hi ha,-1.0,1,1,1,0,0,0,0,0,0,0,0,0,0,1,5,5,0,Xoc contra objecte/obstacle sense sortida prèvia de via,0,0,0,5,1,2,1,5.5,2,4,1,26,7
10947,2011,0,2011-07-26,C-17,ORIS,Osona,3,4,1,0,2,0,0,0,0,2,0,0,0,100.0,0.0,0,-1,No n'hi ha,-1.0,3,3,0,0,0,0,0,0,0,0,0,0,0,0,4,-1,-1,Envestida (frontal lateral),-1,1,2,4,-1,2,1,13.05,0,2,1,26,7
10948,2011,1,2011-06-01,SE,BARCELONA,Barcelones,3,0,1,0,2,1,0,0,0,0,1,0,0,100.0,0.0,0,-1,No n'hi ha,-1.0,3,3,1,0,0,0,0,0,0,0,0,0,0,1,4,3,1,Atropellament,2,2,2,5,-1,2,1,12.2,0,3,2,1,6
10949,2011,1,2011-11-23,SE,BARCELONA,Barcelones,3,0,1,0,1,0,0,0,0,0,1,0,0,100.0,0.0,0,-1,Carril bus,-1.0,3,3,1,0,0,0,0,0,0,0,0,0,0,1,5,3,0,Caiguda en la via,2,2,2,5,-1,2,1,18.2,1,0,2,23,11
10950,2011,0,2011-01-06,C-28,NAUT ARAN,Val d'Aran,2,0,1,0,1,0,0,0,0,1,0,0,0,40.0,0.0,0,1,No n'hi ha,-1.0,3,3,1,0,0,0,0,0,0,0,0,0,0,0,3,-1,1,Resta sortides de via,-1,1,2,4,2,2,1,0.16,2,1,3,6,1
10951,2011,0,2011-08-27,N-260,FONTANALS DE CERDANYA,Cerdanya,1,2,0,0,2,0,0,0,1,1,0,0,0,100.0,0.0,0,1,No n'hi ha,-1.0,3,3,0,0,0,0,0,0,0,0,0,0,0,0,4,-1,1,Caiguda en la via,-1,1,2,4,1,2,0,14.1,1,0,5,27,8
10952,2011,0,2011-01-01,SE,BEGUR,Baix Emporda,1,0,1,0,1,0,0,0,0,1,0,0,0,100.0,0.0,0,0,No n'hi ha,-1.0,3,3,1,0,0,0,0,0,0,0,0,0,0,0,3,-1,1,Xoc contra objecte/obstacle sense sortida prèvia de via,-1,1,2,3,3,2,0,3.0,2,4,5,1,1
10953,2011,0,2011-03-21,GI-682,BLANES,Selva,1,0,1,0,2,0,0,0,1,1,0,0,0,50.0,0.0,0,-1,No n'hi ha,-1.0,3,3,1,0,0,0,0,0,0,0,0,0,0,2,4,5,-1,Envestida (frontal lateral),3,1,2,4,3,2,1,14.4,1,2,0,21,3
10954,2011,0,2011-08-05,A-2,SOSES,Segria,2,0,1,1,1,0,0,0,1,0,0,0,0,100.0,0.0,0,2,No n'hi ha,-1.0,3,3,1,0,0,0,0,0,0,0,0,0,0,0,4,-1,0,Caiguda en la via,-1,1,2,4,1,2,1,10.03,0,0,4,5,8
10955,2011,0,2011-09-08,BV-4317,MUNTANYOLA,Osona,3,0,1,1,1,0,0,0,0,1,0,0,0,100.0,0.0,0,3,No n'hi ha,-1.0,3,3,1,0,0,0,0,0,0,0,0,0,0,0,4,-1,1,Resta sortides de via,-1,1,2,4,2,2,1,10.03,0,1,3,8,9
10956,2011,1,2011-06-29,SE,ESPLUGUES DE LLOBREGAT,Baix Llobregat,3,0,1,0,2,1,0,0,0,0,1,0,0,20.0,0.0,0,2,No n'hi ha,-1.0,3,3,1,-1,0,1,0,-1,0,0,0,0,-1,1,4,3,1,Atropellament,1,2,2,5,-1,2,1,11.3,0,3,2,29,6
10957,2011,1,2011-03-27,SE,VILAFRANCA DEL PENEDES,Alt Penedes,3,0,1,0,1,0,0,0,0,1,0,0,0,20.0,0.0,0,-1,No n'hi ha,-1.0,3,3,1,-1,0,0,0,-1,0,0,0,0,0,1,4,2,0,Xoc contra objecte/obstacle sense sortida prèvia de via,1,2,2,5,-1,2,0,14.37,1,4,6,27,3
10958,2011,1,2011-07-29,SE,LLICA D'AMUNT,Valles Oriental,3,0,1,0,1,0,1,0,0,0,0,0,0,100.0,0.0,0,2,No n'hi ha,-1.0,3,3,1,0,0,0,0,0,0,0,0,0,0,0,4,-1,1,Caiguda en la via,-1,2,2,5,-1,2,0,19.0,1,0,4,29,7
10959,2011,1,2011-03-11,SE,VILAFRANCA DEL PENEDES,Alt Penedes,3,0,1,0,2,0,1,0,1,0,0,0,0,20.0,0.0,0,-1,No n'hi ha,-1.0,3,3,1,-1,0,0,0,-1,0,0,0,0,0,1,4,2,0,Envestida (frontal lateral),1,2,2,5,-1,2,1,10.55,0,2,4,11,3
10960,2011,0,2011-11-19,N-IIa,FIGUERES,Alt Emporda,1,0,1,0,1,0,0,0,0,1,0,0,0,100.0,0.0,0,2,No n'hi ha,-1.0,3,3,1,0,0,0,0,0,0,0,0,0,0,0,4,-1,1,Xoc contra objecte/obstacle sense sortida prèvia de via,-1,1,2,4,1,2,0,12.45,0,4,5,19,11
10961,2011,0,2011-09-03,LP-2335,VALLBONA DE LES MONGES,Urgell,2,0,1,0,2,0,0,0,1,1,0,0,0,100.0,0.0,0,1,No n'hi ha,-1.0,3,3,1,0,0,0,0,0,1,0,0,0,1,1,4,4,1,Sortida de via amb xoc o col·lisió,0,1,2,4,3,2,0,19.28,1,1,5,3,9
10962,2011,0,2011-07-03,C-17,TAGAMANENT,Valles Oriental,3,0,1,0,1,0,0,0,0,1,0,0,0,80.0,0.0,0,3,No n'hi ha,-1.0,1,3,1,0,0,0,0,0,0,0,0,0,0,0,4,-1,1,Resta sortides de via,-1,1,0,4,2,2,0,10.3,0,1,6,3,7
10963,2011,0,2011-02-10,C-66,PALOL DE REVARDIT,Pla de l'Estany,1,0,1,1,1,0,0,0,0,1,0,0,0,100.0,0.0,0,2,No n'hi ha,-1.0,3,3,1,0,0,0,0,0,0,0,0,0,0,0,4,-1,1,Altres,-1,1,2,4,4,2,1,11.44,0,5,3,10,2
10964,2011,1,2011-05-11,SE,BARCELONA,Barcelones,3,0,1,0,3,0,0,1,0,2,0,0,0,100.0,0.0,0,-1,No n'hi ha,-1.0,3,3,1,0,0,0,0,0,0,0,0,0,0,1,4,3,0,Encalç,2,2,2,5,-1,2,1,14.08,1,2,2,11,5
10965,2011,1,2011-12-25,SE,BERGA,Bergueda,3,0,1,0,2,1,0,0,0,1,0,0,0,20.0,0.0,0,-1,No n'hi ha,-1.0,3,3,1,-1,0,0,0,-1,0,0,0,0,-1,0,4,-1,0,Atropellament,-1,2,2,5,-1,2,0,10.15,0,3,6,25,12
10966,2011,1,2011-10-06,SE,BARCELONA,Barcelones,3,0,1,0,1,0,0,0,1,0,0,0,0,100.0,0.0,0,-1,Carril bus,-1.0,3,3,1,0,0,0,0,0,0,0,0,0,0,1,5,3,0,Caiguda en la via,2,2,2,5,-1,2,1,4.4,2,0,3,6,10
10967,2011,1,2011-01-15,SE,SABADELL,Valles Occidental,3,0,1,0,1,0,0,0,1,0,0,0,0,100.0,0.0,0,-1,No n'hi ha,-1.0,3,3,1,0,0,0,0,0,0,0,0,0,0,0,4,-1,-1,Caiguda en la via,-1,2,2,5,-1,2,0,10.41,0,0,5,15,1
10968,2011,1,2011-01-26,SE,PARETS DEL VALLES,Valles Oriental,3,0,1,0,2,1,0,0,0,1,0,0,0,20.0,0.0,0,-1,No n'hi ha,-1.0,3,3,1,-1,0,0,0,-1,0,0,0,0,-1,1,4,4,0,Atropellament,2,2,2,5,-1,2,1,8.55,0,3,2,26,1
10969,2011,1,2011-09-09,SE,VILAFRANCA DEL PENEDES,Alt Penedes,3,0,1,1,2,0,0,1,0,1,0,0,0,20.0,0.0,0,-1,No n'hi ha,-1.0,3,3,1,-1,0,0,0,-1,0,0,0,0,0,1,5,2,1,Envestida (frontal lateral),1,2,2,5,-1,2,0,23.14,2,2,4,9,9
10970,2011,1,2011-10-03,SE,TERRASSA,Valles Occidental,3,0,1,0,2,0,0,1,0,1,0,0,0,100.0,0.0,0,-1,No n'hi ha,-1.0,3,3,1,0,0,0,0,0,0,0,0,0,0,0,4,-1,-1,Envestida (frontal lateral),-1,2,2,5,-1,2,1,14.45,1,2,0,3,10
10971,2011,0,2011-10-29,AP-7,MOLLET DEL VALLES,Valles Oriental,3,0,1,0,1,0,0,0,0,1,0,0,0,40.0,0.0,0,2,No n'hi ha,-1.0,3,3,1,0,0,0,0,0,0,0,0,0,0,0,0,-1,0,Resta sortides de via,-1,1,2,4,1,2,0,4.3,2,1,5,29,10
10972,2011,0,2011-11-13,LV-9225,ALBESA,Noguera,2,1,0,0,1,0,0,0,0,1,0,0,0,100.0,0.0,0,0,No n'hi ha,-1.0,3,3,0,0,1,0,0,0,0,0,0,0,1,0,4,-1,1,Resta sortides de via,-1,1,2,4,2,2,0,12.15,0,1,6,13,11
10973,2011,1,2011-11-11,SE,VILA-SECA,Tarragones,0,1,0,0,2,1,0,0,0,1,0,0,0,100.0,0.0,0,-1,No n'hi ha,-1.0,3,3,0,0,0,0,0,0,0,0,0,0,0,0,4,-1,-1,Atropellament,-1,2,2,5,-1,2,1,14.15,1,3,4,11,11
10974,2011,0,2011-07-16,BP-1101,SANT SALVADOR DE GUARDIA,Bages,3,0,2,1,2,0,0,0,0,2,0,0,0,100.0,0.0,0,1,No n'hi ha,-1.0,3,3,1,0,0,0,0,0,0,0,0,0,0,0,1,-1,1,Envestida (frontal lateral),-1,1,2,4,2,2,0,21.56,1,2,5,16,7
10975,2011,0,2011-09-24,BV-1245,CASTELLTERCOL,Moianès,3,0,1,2,1,0,0,0,0,1,0,0,0,40.0,0.0,0,0,No n'hi ha,-1.0,3,3,1,0,0,0,0,0,0,0,0,0,0,0,4,-1,1,Sortida de via amb xoc o col·lisió,-1,1,2,4,3,2,0,16.2,1,1,5,24,9
10976,2011,0,2011-06-30,BV-2115,VILANOVA I LA GELTRU,Garraf,3,0,1,0,2,0,1,0,0,1,0,0,0,50.0,0.0,0,3,No n'hi ha,-1.0,3,3,1,0,0,0,0,0,1,0,0,0,0,0,1,-1,1,Encalç,-1,1,2,4,3,2,1,20.58,1,2,3,30,6
10977,2011,1,2011-11-22,SE,GRANOLLERS,Valles Oriental,3,0,1,0,2,1,0,0,0,1,0,0,0,100.0,0.0,0,2,No n'hi ha,-1.0,3,3,1,0,0,0,1,0,0,0,0,0,0,0,4,-1,1,Atropellament,-1,2,2,5,-1,2,1,11.03,0,3,1,22,11
10978,2011,0,2011-07-15,C-58,SABADELL,Valles Occidental,3,0,1,0,1,0,0,0,0,1,0,0,0,100.0,0.0,0,-1,No n'hi ha,-1.0,3,3,1,0,0,0,0,0,0,0,0,0,0,0,4,-1,-1,Sortida de via amb xoc o col·lisió,-1,1,2,4,-1,2,1,13.0,0,1,4,15,7
10979,2011,0,2011-06-26,C-17,MALLA,Osona,3,0,2,0,1,0,0,0,0,1,0,0,0,100.0,0.0,0,0,No n'hi ha,-1.0,3,3,1,0,0,0,0,0,0,0,0,0,0,0,4,-1,1,Resta sortides de via,-1,1,2,4,2,2,0,8.43,0,1,6,26,6
10980,2011,0,2011-07-11,C-58,MONTCADA I REIXAC,Valles Occidental,3,0,1,1,2,0,0,0,0,1,1,0,0,100.0,0.0,0,-1,No n'hi ha,-1.0,3,3,1,0,0,0,0,0,0,0,0,0,0,0,4,-1,-1,Sortida de via amb xoc o col·lisió,-1,1,2,4,-1,2,1,5.1,2,1,0,11,7
10981,2011,0,2011-04-01,C-60,"ROCA DEL VALLES, LA",Valles Oriental,3,0,1,0,2,0,0,0,1,1,0,0,0,60.0,0.0,0,2,No n'hi ha,-1.0,3,3,1,0,0,1,0,0,0,0,0,0,1,2,0,4,0,Encalç,1,1,2,4,2,2,1,6.3,0,2,4,1,4
10982,2011,1,2011-05-09,SE,LLEIDA,Segria,2,0,1,0,2,0,0,1,0,1,0,0,0,100.0,0.0,0,-1,No n'hi ha,-1.0,3,3,1,0,0,0,0,0,0,0,0,0,0,0,4,-1,-1,Envestida (frontal lateral),-1,2,2,5,-1,2,1,9.4,0,2,0,9,5
10983,2011,1,2011-06-03,SE,SANT BOI DE LLOBREGAT,Baix Llobregat,3,0,1,0,2,1,0,0,0,1,0,0,0,30.0,0.0,0,2,No n'hi ha,-1.0,3,3,1,0,0,0,0,0,0,0,0,0,0,0,4,-1,0,Atropellament,-1,2,2,5,-1,2,1,13.35,0,3,4,3,6
10984,2011,0,2011-12-02,C-25,SALLENT,Bages,3,0,1,1,2,0,0,0,0,0,2,0,0,80.0,0.0,0,1,No n'hi ha,0.0,3,3,1,0,0,0,0,0,0,0,0,0,0,0,3,-1,1,Fregament o col·lisió lateral,-1,1,2,4,2,2,1,7.11,0,2,4,2,12
10985,2011,1,2011-12-08,SE,SANT JUST DESVERN,Baix Llobregat,3,0,1,0,1,0,0,0,0,1,0,0,0,100.0,0.0,0,1,No n'hi ha,-1.0,3,3,1,0,0,0,0,0,0,0,0,0,0,0,5,-1,1,Altres,-1,2,2,5,-1,2,1,2.36,2,5,3,8,12
10986,2011,1,2011-07-31,SE,SANT CUGAT DEL VALLES,Valles Occidental,3,0,1,0,1,0,0,0,0,1,0,0,0,40.0,0.0,0,-1,No n'hi ha,-1.0,3,3,1,0,-1,0,0,0,0,0,0,0,0,1,5,3,-1,Xoc contra objecte/obstacle sense sortida prèvia de via,2,2,2,5,-1,2,0,4.4,2,4,6,31,7
10987,2011,0,2011-12-23,C-1415A,TERRASSA,Valles Occidental,3,0,1,1,2,0,0,0,0,2,0,0,0,100.0,0.0,0,-1,No n'hi ha,-1.0,3,3,1,0,0,0,0,0,0,0,0,0,0,0,4,-1,-1,Col·lisió frontal,-1,1,2,4,-1,2,1,7.25,0,2,4,23,12
10988,2011,1,2011-04-26,SE,BARCELONA,Barcelones,3,0,1,0,2,0,0,0,1,1,0,0,0,100.0,0.0,0,-1,No n'hi ha,-1.0,3,3,1,0,0,0,0,0,0,0,0,0,1,1,4,2,0,Envestida (frontal lateral),2,2,2,5,-1,2,1,15.5,1,2,1,26,4
10989,2011,1,2011-09-15,SE,BARCELONA,Barcelones,3,0,1,0,2,0,0,0,2,0,0,0,0,100.0,0.0,0,-1,Carril bus,-1.0,3,3,1,0,0,0,0,0,0,0,0,0,0,0,4,-1,0,Caiguda en la via,-1,2,2,5,-1,2,1,14.0,1,0,3,15,9
10990,2011,1,2011-09-08,SE,BARCELONA,Barcelones,3,0,1,0,1,0,0,0,1,0,0,0,0,100.0,0.0,0,-1,No n'hi ha,1.0,3,3,1,0,0,1,0,0,0,0,0,0,0,0,4,-1,1,Caiguda en la via,-1,2,0,5,-1,2,1,11.43,0,0,3,8,9
10991,2011,0,2011-12-22,C-37,MANLLEU,Osona,3,1,1,0,2,0,0,0,0,2,0,0,0,100.0,0.0,0,2,No n'hi ha,-1.0,3,3,0,0,0,0,0,0,0,0,0,0,0,0,3,-1,1,Col·lisió frontal,-1,1,2,4,2,2,1,22.05,2,2,3,22,12
10992,2011,1,2011-01-14,SE,CASTELLDEFELS,Baix Llobregat,3,0,1,0,2,1,0,0,0,1,0,0,0,100.0,0.0,0,2,No n'hi ha,-1.0,3,3,1,0,0,0,0,0,0,0,0,0,0,0,4,-1,1,Atropellament,-1,2,2,5,-1,2,1,9.55,0,3,4,14,1
10993,2011,1,2011-01-13,SE,VILANOVA I LA GELTRU,Garraf,3,0,1,0,2,0,1,0,0,1,0,0,0,100.0,0.0,0,2,Altres,-1.0,3,3,1,0,0,0,0,0,0,0,0,0,0,2,4,5,1,Col·lisió frontal,0,2,2,5,-1,2,1,9.0,0,2,3,13,1
10994,2011,1,2011-01-12,SE,RUBI,Valles Occidental,3,1,0,0,2,1,0,0,0,1,0,0,0,100.0,0.0,0,-1,No n'hi ha,-1.0,3,3,0,0,0,0,0,0,0,0,0,0,0,0,4,-1,-1,Atropellament,-1,2,2,5,-1,2,1,15.2,1,3,2,12,1
10995,2011,0,2011-08-13,GIV-5221,MONTAGUT,Garrotxa,1,0,1,0,1,0,0,0,0,0,1,0,0,100.0,0.0,0,1,No n'hi ha,-1.0,3,3,1,0,0,0,0,0,0,0,0,0,0,0,4,-1,1,Xoc contra objecte/obstacle sense sortida prèvia de via,-1,1,2,4,3,2,0,9.38,0,4,5,13,8
10996,2011,1,2011-02-13,SE,CALAFELL,Baix Penedes,0,0,1,0,1,0,0,1,0,0,0,0,0,20.0,0.0,0,0,Altres,-1.0,3,3,1,-1,0,0,0,-1,0,0,0,1,0,0,4,-1,1,Caiguda en la via,-1,2,1,5,-1,2,0,17.25,1,0,6,13,2
10997,2011,1,2011-09-18,SE,BLANES,Selva,1,0,1,0,1,0,0,0,1,0,0,0,0,20.0,0.0,0,-1,No n'hi ha,-1.0,3,3,1,-1,0,0,0,-1,0,0,0,1,-1,0,4,-1,1,Caiguda en la via,-1,2,1,5,-1,2,0,17.31,1,0,6,18,9
10998,2011,1,2011-11-21,SE,REUS,Baix Camp,0,0,1,1,2,1,0,0,1,0,0,0,0,100.0,0.0,0,-1,No n'hi ha,-1.0,3,3,1,0,0,0,0,0,0,0,0,0,0,0,4,-1,-1,Atropellament,-1,2,2,5,-1,2,1,18.0,1,3,0,21,11
10999,2011,1,2011-05-29,SE,BADALONA,Barcelones,3,0,1,0,1,0,0,0,1,0,0,0,0,100.0,0.0,0,-1,No n'hi ha,-1.0,3,3,1,0,0,0,0,0,0,0,0,0,0,0,5,-1,1,Caiguda en la via,-1,2,2,5,-1,2,0,6.3,0,0,6,29,5
11000,2011,0,2011-09-10,C-17,SANT QUIRZE DE BESORA,Osona,3,0,1,1,1,0,0,0,0,1,0,0,0,100.0,0.0,0,1,Carril acceleració,-1.0,3,3,1,0,0,0,0,0,0,0,0,0,0,0,4,-1,0,Altres,-1,1,2,4,2,2,0,14.32,1,5,5,10,9
11001,2011,0,2011-10-01,AP-7,LLINARS DEL VALLES,Valles Oriental,3,0,1,0,3,0,0,0,1,1,1,0,0,100.0,0.0,0,2,No n'hi ha,-1.0,3,3,1,0,0,0,0,0,0,0,0,0,0,0,4,-1,0,Encalç,-1,1,2,4,1,2,0,10.0,0,2,5,1,10
11002,2011,0,2011-11-18,A-2,CASTELLOLI,Anoia,3,0,2,1,1,0,0,0,0,1,0,0,0,100.0,0.0,0,3,No n'hi ha,-1.0,3,3,1,0,0,0,0,0,0,0,0,0,0,0,1,-1,1,Altres,-1,1,2,4,1,2,0,17.1,1,5,4,18,11