,Year,Area,Date,Road,Municipality Name,County Name,Province Name,Fatalties,Serious Injuries,Light Injuries,Units Involved,Pedestrains Involved,Bicycles Involved,Mopeds Involved,Motorcycles,Light Vehicles Involved,Heavy Vehicles Involved,Other Units Involved,Unspecified Units Involved,Road Speed Limit,Accident with Hit and Run,Fog Presence,Surrounding Environment,Special Lane Presence,Special Traffic Measures,Weather Conditions,Special Road Functions,Severity of Accident,Influence of Fog,Influence of Environment,Influence of Traffic,Influence of Weather,Influence of Wind Intensity,Influence of Lighting,Influence of Special Measures,Influence of Road Objects,Influence of Road Surface,Influence of Visibility,Intersection Characteristics,Lighting Conditions,Traffic Regulation and Priority,Direction of Road,Subtype of Accident,Subtype of Road Section,Subzone within Area,Road Surface Conditions,Type of Road,Road Ownership,Wind Conditions,Day of the Week Grouping,Hour of Day,Time of Day Grouping,Type of Accident,Day Type,Day,Month
11003,2011,0,2011-05-22,B-124,SANT LLORENC SAVALL,Valles Occidental,3,0,1,1,2,0,1,0,1,0,0,0,0,100.0,0.0,0,2,No n'hi ha,-1.0,3,3,1,0,0,1,0,0,0,0,0,0,0,0,4,-1,1,Col·lisió frontal,-1,1,2,4,2,2,0,10.15,0,2,6,22,5
11004,2011,1,2011-01-02,SE,BARCELONA,Barcelones,3,0,1,0,1,0,0,1,0,0,0,0,0,100.0,0.0,0,-1,No n'hi ha,-1.0,3,3,1,0,0,0,0,0,0,0,0,0,0,0,4,-1,0,Xoc contra objecte/obstacle sense sortida prèvia de via,-1,2,2,5,-1,2,0,16.45,1,4,6,2,1
11005,2011,1,2011-01-13,SE,BARCELONA,Barcelones,3,0,1,0,2,1,0,0,0,0,1,0,0,100.0,0.0,0,-1,No n'hi ha,-1.0,3,3,1,0,0,0,0,0,0,0,0,0,0,1,4,5,1,Atropellament,2,2,2,5,-1,2,1,17.15,1,3,3,13,1
11006,2011,0,2011-06-04,N-260,ARSEGUEL,Alt Urgell,2,1,0,1,2,0,0,0,1,1,0,0,0,100.0,0.0,0,3,No n'hi ha,-1.0,3,3,0,0,0,0,0,0,0,0,0,0,0,0,4,-1,1,Envestida (frontal lateral),-1,1,2,4,1,2,0,14.27,1,2,5,4,6
11007,2011,0,2011-05-16,TV-7004,ULLDEMOLINS,Priorat,0,1,0,0,1,0,0,0,1,0,0,0,0,100.0,0.0,0,1,No n'hi ha,-1.0,3,3,0,0,1,0,0,0,0,0,0,0,0,0,4,-1,1,Resta sortides de via,-1,1,2,4,3,2,1,18.0,1,1,0,16,5
11008,2011,1,2011-05-14,SE,SABADELL,Valles Occidental,3,0,1,0,2,0,0,0,1,1,0,0,0,100.0,1.0,0,-1,No n'hi ha,-1.0,3,3,1,0,0,0,0,0,0,0,0,0,0,0,4,-1,-1,Col·lisió frontal,-1,2,2,5,-1,2,0,12.56,0,2,5,14,5
11009,2011,1,2011-04-06,SE,GIRONA,Girones,1,0,1,0,1,0,0,0,1,0,0,0,0,30.0,0.0,0,2,No n'hi ha,-1.0,3,3,1,0,0,0,0,0,0,0,0,0,0,0,4,-1,1,Caiguda en la via,-1,2,2,5,-1,2,1,19.23,1,0,2,6,4
11010,2011,0,2011-04-10,C-12,ALDOVER,Baix Ebre,0,0,2,1,1,0,0,0,0,1,0,0,0,100.0,0.0,0,1,No n'hi ha,-1.0,3,3,1,0,0,0,0,0,0,0,0,0,0,0,1,-1,1,Resta sortides de via,-1,1,2,4,2,2,0,17.48,1,1,6,10,4
11011,2011,1,2011-05-09,SE,GIRONA,Girones,1,0,1,0,2,0,0,0,1,1,0,0,0,100.0,0.0,0,2,No n'hi ha,-1.0,3,3,1,0,0,0,0,0,0,0,0,0,0,1,5,5,1,Envestida (frontal lateral),1,2,2,5,-1,2,1,21.22,1,2,0,9,5
11012,2011,1,2011-12-01,SE,HOSPITALET DE LLOBREGAT,Barcelones,3,0,1,1,1,0,0,0,0,0,1,0,0,20.0,0.0,0,-1,No n'hi ha,-1.0,3,3,1,0,0,0,0,0,0,0,0,0,0,0,1,-1,-1,Caiguda en la via,-1,2,2,5,-1,2,1,19.0,1,0,3,1,12
11013,2011,1,2011-12-29,SE,TERRASSA,Valles Occidental,3,0,1,1,3,2,0,0,0,1,0,0,0,100.0,0.0,0,-1,No n'hi ha,-1.0,3,3,1,0,0,0,0,0,0,0,0,0,0,0,4,-1,-1,Atropellament,-1,2,2,5,-1,2,1,11.0,0,3,3,29,12
11014,2011,1,2011-02-07,SE,"PRAT DE LLOBREGAT, E",Baix Llobregat,3,0,1,0,2,0,0,0,1,1,0,0,0,100.0,0.0,0,2,No n'hi ha,0.0,3,3,1,0,0,0,0,0,0,0,0,0,0,0,5,-1,1,Envestida (frontal lateral),-1,2,2,5,-1,2,1,20.3,1,2,0,7,2
11015,2011,1,2011-07-17,SE,MATARO,Maresme,3,0,1,0,2,0,0,1,0,1,0,0,0,20.0,0.0,0,2,No n'hi ha,-1.0,3,3,1,-1,0,0,0,-1,0,0,0,0,-1,0,5,-1,1,Envestida (frontal lateral),-1,2,2,5,-1,2,0,0.2,2,2,6,17,7
11016,2011,1,2011-03-14,SE,"MASNOU, EL",Maresme,3,0,1,0,2,1,0,0,0,1,0,0,0,20.0,1.0,0,-1,No n'hi ha,-1.0,1,3,1,0,0,0,0,0,0,0,0,0,0,0,5,-1,1,Atropellament,-1,2,0,5,-1,2,1,19.15,1,3,0,14,3
11017,2011,1,2011-10-10,SE,LLEIDA,Segria,2,0,1,2,1,0,0,0,0,0,1,0,0,100.0,0.0,0,-1,No n'hi ha,-1.0,3,3,1,0,0,0,0,0,0,0,0,0,0,0,4,-1,1,Xoc contra objecte/obstacle sense sortida prèvia de via,-1,2,2,5,-1,2,1,12.35,0,4,0,10,10
11018,2011,1,2011-01-14,SE,VILAFRANCA DEL PENEDES,Alt Penedes,3,0,1,0,2,1,0,0,0,1,0,0,0,20.0,,0,-1,No n'hi ha,-1.0,3,3,1,0,0,0,0,0,0,0,0,0,0,1,4,2,1,Atropellament,1,2,2,5,-1,2,1,13.25,0,3,4,14,1
11019,2011,1,2011-02-16,SE,"VENDRELL, EL",Baix Penedes,0,0,1,0,2,1,0,0,0,0,1,0,0,40.0,0.0,0,-1,No n'hi ha,-1.0,3,3,1,-1,0,0,0,-1,0,0,0,0,-1,0,4,-1,1,Atropellament,-1,2,2,5,-1,2,1,11.06,0,3,2,16,2
11020,2011,0,2011-04-09,C-31,SIURANA,Alt Emporda,1,4,0,0,2,0,0,0,0,2,0,0,0,100.0,0.0,0,3,No n'hi ha,-1.0,3,3,0,0,0,0,0,0,0,0,0,0,0,0,4,-1,1,Col·lisió frontal,-1,1,2,4,2,2,0,16.45,1,2,5,9,4
11021,2011,0,2011-05-15,N-260,COLERA,Alt Emporda,1,0,1,1,1,0,0,0,1,0,0,0,0,50.0,0.0,0,1,No n'hi ha,-1.0,3,3,1,0,0,0,0,1,0,0,0,0,0,0,4,-1,1,Caiguda en la via,-1,1,2,4,1,0,0,12.5,0,0,6,15,5
11022,2011,0,2011-08-10,N-II,TORDERA,Maresme,3,0,1,0,2,0,0,0,1,1,0,0,0,100.0,0.0,0,2,No n'hi ha,-1.0,3,3,1,0,0,0,0,0,0,0,0,0,0,0,4,-1,1,Sortida de via amb xoc o col·lisió,-1,1,2,4,1,2,1,18.2,1,1,2,10,8
11023,2011,1,2011-10-19,SE,LLEIDA,Segria,2,0,1,0,2,1,0,0,0,1,0,0,0,20.0,,0,-1,No n'hi ha,-1.0,3,3,1,-1,0,0,0,-1,0,0,0,0,-1,0,3,-1,1,Atropellament,-1,2,2,5,-1,2,1,19.5,1,3,2,19,10
11024,2011,1,2011-10-20,SE,MATARO,Maresme,3,0,1,0,2,0,0,0,0,2,0,0,0,20.0,0.0,0,-1,No n'hi ha,-1.0,3,3,1,-1,0,0,0,-1,0,0,0,0,-1,1,4,4,1,Envestida (frontal lateral),2,2,2,5,-1,2,1,9.2,0,2,3,20,10
11025,2011,0,2011-07-06,A-7,REUS,Baix Camp,0,1,0,0,1,0,0,0,0,0,1,0,0,100.0,0.0,0,2,No n'hi ha,-1.0,3,3,0,0,0,0,0,0,0,0,0,0,0,0,4,-1,1,Resta sortides de via,-1,1,2,4,1,2,1,19.19,1,1,2,6,7
11026,2011,0,2011-03-04,BP-1413,CERDANYOLA DEL VALLES,Valles Occidental,3,0,1,0,1,0,0,0,1,0,0,0,0,50.0,0.0,0,2,No n'hi ha,-1.0,3,3,1,0,0,0,0,0,0,0,0,0,0,0,5,-1,0,Caiguda en la via,-1,1,1,4,4,2,1,6.56,0,0,4,4,3
11027,2011,0,2011-06-08,BV-5159,"ROCA DEL VALLES, LA",Valles Oriental,3,0,1,0,1,0,0,0,0,1,0,0,0,50.0,0.0,0,2,No n'hi ha,-1.0,1,3,1,0,0,0,1,0,0,0,0,0,0,0,2,-1,1,Xoc contra objecte/obstacle sense sortida prèvia de via,-1,1,0,4,3,2,1,9.5,0,4,2,8,6
11028,2011,0,2011-02-13,N-260,LLANCA,Alt Emporda,1,0,1,1,1,0,0,0,0,1,0,0,0,60.0,0.0,0,3,No n'hi ha,-1.0,3,3,1,0,0,0,0,0,0,0,0,0,0,0,3,-1,1,Resta sortides de via,-1,1,2,4,1,2,0,22.3,2,1,6,13,2
11029,2011,0,2011-12-19,SE,VILA-SANA,Pla d'Urgell,2,0,1,0,1,0,0,0,1,0,0,0,0,60.0,0.0,0,3,No n'hi ha,-1.0,3,3,1,0,0,0,0,0,0,0,0,0,0,0,3,-1,1,Resta sortides de via,-1,1,2,3,0,2,1,1.2,2,1,0,19,12
11030,2011,1,2011-09-05,SE,ESPLUGUES DE LLOBREGAT,Baix Llobregat,3,1,0,0,1,0,0,0,1,0,0,0,0,20.0,0.0,0,2,No n'hi ha,-1.0,3,3,0,-1,0,0,0,-1,0,0,0,0,-1,1,0,5,0,Xoc contra objecte/obstacle sense sortida prèvia de via,1,2,2,5,-1,2,1,3.2,2,4,0,5,9
11031,2011,0,2011-10-22,BV-4608,SANT BOI DE LLUCANES,Osona,3,0,1,0,1,0,0,0,0,0,0,1,0,30.0,0.0,0,1,No n'hi ha,-1.0,3,3,1,-1,0,0,0,-1,0,0,0,0,0,0,4,-1,1,Resta sortides de via,-1,1,2,3,4,2,0,11.2,0,1,5,22,10
11032,2011,0,2011-01-17,C-17,LLICA D'AMUNT,Valles Oriental,3,0,1,0,1,0,0,0,0,1,0,0,0,100.0,0.0,1,2,No n'hi ha,-1.0,1,3,1,1,0,0,0,0,0,0,0,0,0,2,0,-1,1,Xoc contra objecte/obstacle sense sortida prèvia de via,3,1,0,4,2,2,1,2.1,2,4,0,17,1
11033,2011,0,2011-01-05,C-12,TORTOSA,Baix Ebre,0,1,0,2,2,0,0,0,0,2,0,0,0,100.0,0.0,0,1,No n'hi ha,-1.0,3,3,0,0,0,0,0,0,0,0,0,0,0,0,2,-1,1,Col·lisió frontal,-1,1,2,4,2,2,1,15.5,1,2,2,5,1
11034,2011,0,2011-08-13,N-340,AMPOSTA,Montsia,0,0,3,1,1,0,0,0,0,1,0,0,0,100.0,0.0,0,2,No n'hi ha,-1.0,3,3,1,0,0,0,0,0,0,0,0,0,1,0,3,-1,1,Resta sortides de via,-1,1,2,4,1,2,0,4.52,2,1,5,13,8
11035,2011,0,2011-02-25,C-35,MACANET DE LA SELVA,Selva,1,0,1,0,2,0,0,0,1,1,0,0,0,100.0,0.0,0,2,No n'hi ha,-1.0,3,3,1,0,0,0,0,0,0,0,0,0,0,1,4,4,1,Col·lisió frontal,1,1,2,4,2,2,0,16.0,1,2,4,25,2
11036,2011,0,2011-08-19,C-31,SITGES,Garraf,3,0,1,0,1,0,0,0,1,0,0,0,0,60.0,0.0,0,0,No n'hi ha,-1.0,3,3,1,0,0,0,0,0,0,0,0,0,0,0,4,-1,1,Xoc contra objecte/obstacle sense sortida prèvia de via,-1,1,2,4,2,2,1,13.0,0,4,4,19,8
11037,2011,1,2011-09-24,SE,OLOT,Garrotxa,1,0,1,0,2,0,0,1,0,1,0,0,0,100.0,0.0,0,2,No n'hi ha,-1.0,3,1,1,0,0,0,0,0,0,0,0,0,0,0,4,-1,0,Encalç,-1,0,2,5,-1,2,0,19.0,1,2,5,24,9
11038,2011,1,2011-03-26,SE,BARCELONA,Barcelones,3,1,0,0,1,0,0,0,1,0,0,0,0,60.0,0.0,0,-1,No n'hi ha,-1.0,3,3,0,0,1,0,0,0,0,0,0,0,0,0,5,-1,0,Xoc contra objecte/obstacle sense sortida prèvia de via,-1,2,2,5,-1,2,0,0.45,2,4,5,26,3
11039,2011,0,2011-08-15,C-65,LLAGOSTERA,Girones,1,1,0,5,2,0,0,0,1,1,0,0,0,100.0,0.0,0,1,No n'hi ha,-1.0,3,3,0,0,0,0,0,0,0,0,0,0,0,1,4,5,1,Envestida (frontal lateral),1,1,2,4,2,2,1,12.1,0,2,0,15,8
11040,2011,0,2011-10-29,N-II,CAPMANY,Alt Emporda,1,1,0,0,1,0,0,0,0,1,0,0,0,100.0,0.0,0,3,No n'hi ha,-1.0,3,3,0,0,0,0,0,0,0,0,0,0,0,0,3,-1,1,Resta sortides de via,-1,1,2,4,1,2,0,0.3,2,1,5,29,10
11041,2011,0,2011-09-26,N-145,"SEU D'URGELL, LA",Alt Urgell,2,0,1,0,2,0,0,0,0,2,0,0,0,100.0,0.0,0,3,No n'hi ha,-1.0,3,3,1,0,0,0,0,0,0,0,0,0,0,0,4,-1,1,Envestida (frontal lateral),-1,1,2,4,1,2,1,10.5,0,2,0,26,9
11042,2011,1,2011-10-02,SE,SANT QUIRZE DEL VALLES,Valles Occidental,3,0,1,0,1,0,0,0,0,0,0,1,0,100.0,0.0,0,0,No n'hi ha,-1.0,3,3,1,0,0,0,0,0,0,0,0,0,0,0,4,-1,1,Caiguda en la via,-1,2,3,5,-1,2,0,18.15,1,0,6,2,10
11043,2011,0,2011-11-05,C-17,LLICA D'AMUNT,Valles Oriental,3,0,1,0,1,0,0,0,0,1,0,0,0,80.0,0.0,0,3,No n'hi ha,-1.0,2,3,1,0,0,0,0,0,0,0,0,0,0,0,2,-1,0,Altres,-1,1,0,4,2,2,0,8.0,0,5,5,5,11
11044,2011,1,2011-11-28,SE,VALLS,Alt Camp,0,0,1,0,2,0,0,0,1,1,0,0,0,100.0,0.0,0,2,No n'hi ha,-1.0,3,3,1,0,0,0,0,0,0,0,0,0,0,0,4,-1,1,Envestida (frontal lateral),-1,2,2,5,0,2,1,14.0,1,2,0,28,11
11045,2011,0,2011-10-27,N-230,"PONT DE SUERT, EL",Alta Ribagorca,2,0,1,2,2,0,0,0,0,2,0,0,0,100.0,0.0,0,2,No n'hi ha,-1.0,3,3,1,0,0,0,1,0,0,0,0,0,0,0,4,-1,1,Col·lisió frontal,-1,1,2,4,1,2,1,12.57,0,2,3,27,10
11046,2011,1,2011-06-12,SE,CASTELLDEFELS,Baix Llobregat,3,0,1,0,1,0,0,0,0,1,0,0,0,100.0,0.0,0,-1,No n'hi ha,-1.0,3,3,1,0,0,0,0,0,0,0,0,0,0,0,4,-1,1,Resta sortides de via,-1,2,2,5,0,2,0,18.03,1,1,6,12,6
11047,2011,0,2011-07-15,N-IIa,GRANYANELLA,Segarra,2,0,1,1,1,0,0,0,0,1,0,0,0,100.0,0.0,0,1,No n'hi ha,-1.0,3,3,1,0,0,0,0,0,0,0,0,0,0,0,4,-1,1,Altres,-1,1,2,4,1,2,0,17.37,1,5,4,15,7
11048,2011,0,2011-03-28,LV-3025,MONTGAI,Noguera,2,0,1,0,2,0,0,0,1,1,0,0,0,40.0,0.0,0,2,No n'hi ha,0.0,3,3,1,0,0,0,0,0,0,0,0,0,0,1,4,2,1,Envestida (frontal lateral),1,1,2,4,3,2,1,14.48,1,2,0,28,3
11049,2011,1,2011-03-23,SE,LLORET DE MAR,Selva,1,0,1,0,2,0,0,0,1,0,1,0,0,100.0,0.0,0,2,No n'hi ha,-1.0,3,3,1,0,0,0,0,0,0,0,0,0,0,1,4,4,0,Col·lisió frontal,2,2,2,5,-1,2,1,15.0,1,2,2,23,3
11050,2011,0,2011-03-10,C-14,RIBERA D'URGELLET,Alt Urgell,2,0,1,0,1,0,0,0,0,1,0,0,0,100.0,0.0,0,1,No n'hi ha,-1.0,3,3,1,0,0,0,0,0,1,0,0,0,0,0,3,-1,1,Resta sortides de via,-1,1,2,4,2,2,1,1.4,2,1,3,10,3
11051,2011,1,2011-05-21,SE,MOIA,Moianès,3,0,1,0,2,1,0,0,0,1,0,0,0,100.0,0.0,0,2,No n'hi ha,-1.0,3,3,1,0,1,0,0,0,0,0,0,0,0,0,4,-1,0,Atropellament,-1,2,1,5,-1,2,0,13.3,0,3,5,21,5
11052,2011,1,2011-04-11,SE,TORTOSA,Baix Ebre,0,0,1,0,2,1,0,0,0,1,0,0,0,100.0,0.0,0,-1,No n'hi ha,-1.0,3,3,1,0,0,0,0,0,0,0,0,0,0,0,4,-1,-1,Atropellament,-1,2,2,5,-1,2,1,18.3,1,3,0,11,4
11053,2011,0,2011-09-16,T-301,TORTOSA,Baix Ebre,0,1,0,0,2,0,0,0,0,2,0,0,0,100.0,0.0,0,3,No n'hi ha,-1.0,3,3,0,0,0,0,0,0,0,0,0,0,0,1,4,5,1,Envestida (frontal lateral),2,1,2,4,0,2,0,20.2,1,2,4,16,9
11054,2011,0,2011-12-19,B-10,CORNELLA DE LLOBREGAT,Baix Llobregat,3,0,1,0,2,0,0,0,1,1,0,0,0,70.0,0.0,0,3,Altres,-1.0,3,0,1,0,0,0,0,0,1,0,0,0,0,2,3,-1,0,Encalç,3,1,2,4,2,2,1,18.1,1,2,0,19,12
11055,2011,0,2011-08-03,SE,PIRA,Conca de Barbera,0,0,1,1,1,0,0,0,0,1,0,0,0,40.0,0.0,0,2,No n'hi ha,-1.0,3,3,1,0,1,0,0,0,0,0,0,0,1,0,3,-1,1,Resta sortides de via,-1,1,2,3,0,2,1,3.3,2,1,2,3,8
11056,2012,0,2012-04-19,C-16,"NOU DE BERGUEDA, LA",Bergueda,3,0,1,1,1,0,0,0,0,1,0,0,0,70.0,0.0,0,1,No n'hi ha,-1.0,1,3,1,0,0,0,1,0,0,0,0,0,0,0,2,-1,1,Altres,-1,1,0,4,2,1,1,18.38,1,5,3,19,4
11057,2012,1,2012-12-31,SE,VILANOVA I LA GELTRU,Garraf,3,0,1,0,3,0,0,0,1,2,0,0,0,100.0,0.0,0,2,No n'hi ha,-1.0,3,3,1,0,0,0,0,0,0,0,0,0,0,1,5,3,1,Envestida (frontal lateral),2,2,2,5,-1,2,1,18.45,1,2,0,31,12
11058,2012,1,2012-06-21,SE,ESPARREGUERA,Baix Llobregat,3,0,1,0,2,0,1,0,0,1,0,0,0,20.0,0.0,0,2,No n'hi ha,-1.0,3,3,1,-1,0,0,0,-1,0,0,0,0,0,1,4,5,0,Col·lisió frontal,1,2,2,5,-1,2,1,16.1,1,2,3,21,6
11059,2012,1,2012-09-12,SE,LLICA DE VALL,Valles Oriental,3,0,1,0,1,0,0,0,0,1,0,0,0,100.0,0.0,0,-1,No n'hi ha,-1.0,3,3,1,0,0,0,0,0,0,0,0,0,0,0,4,-1,-1,Altres,-1,2,2,5,-1,2,1,7.5,0,5,2,12,9
11060,2012,1,2012-12-14,SE,AIGUAFREDA,Valles Oriental,3,0,1,0,2,1,0,0,0,1,0,0,0,100.0,0.0,0,2,No n'hi ha,-1.0,3,3,1,0,0,0,0,0,0,0,0,0,1,0,4,-1,0,Atropellament,-1,2,2,5,-1,2,1,10.0,0,3,4,14,12
11061,2012,0,2012-03-06,N-II,SANT JULIA DE RAMIS,Girones,1,1,0,0,2,0,0,0,0,1,1,0,0,100.0,0.0,0,1,No n'hi ha,-1.0,3,2,0,0,0,0,0,0,0,0,0,0,0,0,4,-1,1,Resta sortides de via,-1,1,2,4,1,2,1,13.45,0,1,1,6,3
11062,2012,0,2012-04-29,C-31,VILADECANS,Baix Llobregat,3,0,1,0,1,1,0,0,0,0,0,0,0,100.0,1.0,0,2,No n'hi ha,-1.0,3,3,1,0,0,0,0,0,0,0,0,0,1,0,3,-1,1,Atropellament,-1,1,2,4,2,2,0,21.44,1,3,6,29,4
11063,2012,1,2012-08-01,SE,BARCELONA,Barcelones,3,0,1,1,3,0,0,0,3,0,0,0,0,100.0,0.0,0,-1,No n'hi ha,-1.0,3,3,1,0,0,0,0,0,0,0,0,0,0,0,4,-1,1,Encalç,-1,2,2,5,-1,2,1,15.05,1,2,2,1,8
11064,2012,1,2012-02-22,SE,BARCELONA,Barcelones,3,0,1,0,2,1,0,0,0,1,0,0,0,100.0,0.0,0,-1,No n'hi ha,-1.0,3,3,1,0,0,0,0,0,0,0,0,0,0,1,5,5,1,Atropellament,1,2,2,5,-1,2,1,19.3,1,3,2,22,2
11065,2012,0,2012-07-28,N-340,TORREDEMBARRA,Tarragones,0,0,1,0,2,0,0,0,1,1,0,0,0,40.0,0.0,0,2,No n'hi ha,-1.0,3,3,1,0,0,0,0,0,0,0,0,0,0,0,4,-1,0,Fregament o col·lisió lateral,-1,1,2,4,1,2,0,8.44,0,2,5,28,7
11066,2012,1,2012-06-28,GI-524,OLOT,Garrotxa,1,0,1,0,2,0,0,1,0,1,0,0,0,50.0,0.0,0,2,No n'hi ha,-1.0,3,1,1,0,0,0,0,0,0,0,0,0,0,0,4,-1,1,Col·lisió frontal,-1,0,2,4,2,2,1,19.35,1,2,3,28,6
11067,2012,0,2012-10-31,CR2,SANT PERE PESCADOR,Alt Emporda,1,1,0,0,1,0,0,0,0,1,0,0,0,100.0,0.0,0,1,No n'hi ha,-1.0,1,3,0,0,0,0,0,0,0,0,0,0,0,0,2,-1,1,Resta sortides de via,-1,1,2,3,0,1,1,14.2,1,1,2,31,10
11068,2012,1,2012-02-13,SE,SANT PERE DE RIBES,Garraf,3,0,1,0,2,0,0,0,0,2,0,0,0,100.0,0.0,0,-1,No n'hi ha,-1.0,3,3,1,0,0,0,0,0,0,0,0,0,0,0,4,-1,-1,Altres,-1,2,2,5,-1,2,1,18.15,1,5,0,13,2
11069,2012,0,2012-12-10,AP-7,"ROCA DEL VALLES, LA",Valles Oriental,3,0,1,0,2,0,0,0,1,1,0,0,0,30.0,0.0,0,2,No n'hi ha,-1.0,3,3,1,0,0,0,0,0,0,0,0,0,0,1,5,5,1,Fregament o col·lisió lateral,3,1,2,4,1,2,1,6.45,0,2,0,10,12
11070,2012,0,2012-04-10,CR,PUIGVERD DE LLEIDA,Segria,2,0,1,0,1,0,0,0,0,0,0,1,0,100.0,0.0,0,2,No n'hi ha,-1.0,3,3,1,0,0,0,0,0,0,0,0,0,0,0,4,-1,1,Resta sortides de via,-1,1,0,3,0,2,1,15.3,1,1,1,10,4
11071,2012,1,2012-01-11,SE,TORRELLES DE FOIX,Alt Penedes,3,0,1,0,2,0,0,0,0,2,0,0,0,20.0,0.0,0,1,No n'hi ha,-1.0,3,3,1,0,0,0,0,0,0,0,0,0,1,1,4,4,1,Envestida (frontal lateral),1,2,2,5,-1,2,1,10.14,0,2,2,11,1
11072,2012,1,2012-10-06,SE,"VENDRELL, EL",Baix Penedes,0,0,1,0,1,0,0,0,1,0,0,0,0,40.0,0.0,0,-1,No n'hi ha,-1.0,3,3,1,-1,0,0,0,-1,0,0,0,0,0,0,4,-1,1,Sortida de via amb bolcada,-1,2,2,5,-1,2,0,10.3,0,1,5,6,10
11073,2012,1,2012-01-11,SE,ESPARREGUERA,Baix Llobregat,3,0,1,0,1,0,0,0,0,1,0,0,0,40.0,0.0,0,2,No n'hi ha,-1.0,3,3,1,-1,0,0,0,-1,0,0,0,0,-1,0,3,-1,1,Resta sortides de via,-1,2,5,5,-1,2,1,5.5,2,1,2,11,1
11074,2012,1,2012-07-06,SE,ALELLA,Maresme,3,0,1,0,2,0,0,0,1,1,0,0,0,20.0,0.0,0,-1,No n'hi ha,-1.0,3,3,1,-1,0,0,0,-1,0,0,0,0,0,0,4,-1,1,Encalç,-1,2,2,5,-1,2,1,14.2,1,2,4,6,7
11075,2012,0,2012-01-29,C-33,MONTCADA I REIXAC,Valles Occidental,3,0,1,3,1,0,0,0,0,1,0,0,0,100.0,0.0,0,2,No n'hi ha,-1.0,3,3,1,0,0,0,0,0,0,0,0,0,0,0,0,-1,1,Resta sortides de via,-1,1,2,4,2,2,0,6.4,0,1,6,29,1
11076,2012,1,2012-10-05,SE,CENTELLES,Osona,3,0,1,0,2,0,0,0,1,1,0,0,0,100.0,0.0,0,2,No n'hi ha,-1.0,3,3,1,0,0,0,0,0,0,0,0,0,0,1,1,4,1,Fregament o col·lisió lateral,2,2,2,5,4,2,0,20.04,1,2,4,5,10
11077,2012,0,2012-04-19,CR,ALBESA,Noguera,2,0,1,0,2,0,1,0,0,1,0,0,0,50.0,0.0,0,2,No n'hi ha,-1.0,3,3,1,0,0,0,0,0,0,0,0,0,0,1,4,4,1,Fregament o col·lisió lateral,2,1,2,3,3,2,1,13.44,0,2,3,19,4
11078,2012,0,2012-10-23,CR,SANTA MARIA D'OLO,Moianès,3,0,1,0,1,0,0,0,0,1,0,0,0,100.0,0.0,0,1,No n'hi ha,-1.0,3,3,1,0,0,0,0,0,0,0,0,1,0,0,4,-1,1,Resta sortides de via,-1,1,0,3,-1,2,1,11.54,0,1,1,23,10
11079,2012,0,2012-01-16,BV-1462,SANT CUGAT DEL VALLES,Valles Occidental,3,0,1,0,2,0,0,0,1,1,0,0,0,50.0,0.0,0,2,No n'hi ha,-1.0,3,3,1,0,0,0,0,0,0,0,0,0,0,0,4,-1,1,Encalç,-1,1,2,4,3,2,1,10.15,0,2,0,16,1
11080,2012,0,2012-08-31,BV-1221,MATADEPERA,Valles Occidental,3,0,1,0,2,0,1,0,0,1,0,0,0,90.0,0.0,0,-1,Sense Especificar,-1.0,3,3,1,0,0,0,0,0,0,0,0,0,0,0,4,-1,-1,Envestida (frontal lateral),-1,1,2,4,4,2,0,20.36,1,2,4,31,8
11081,2012,1,2012-03-28,SE,MANRESA,Bages,3,0,1,1,3,2,0,0,0,1,0,0,0,100.0,0.0,0,2,No n'hi ha,-1.0,3,3,1,0,0,0,0,0,0,0,0,0,0,2,4,-1,0,Atropellament,2,2,2,5,-1,2,1,9.3,0,3,2,28,3
11082,2012,1,2012-10-22,SE,MATARO,Maresme,3,0,1,0,2,0,0,0,1,1,0,0,0,20.0,0.0,0,-1,No n'hi ha,-1.0,1,3,1,0,-1,0,0,0,0,0,0,0,0,0,2,-1,-1,Xoc contra objecte/obstacle sense sortida prèvia de via,-1,2,0,5,-1,2,1,9.55,0,4,0,22,10
11083,2012,1,2012-03-07,SE,VALLS,Alt Camp,0,0,1,0,2,1,0,0,0,1,0,0,0,40.0,0.0,0,2,No n'hi ha,-1.0,3,3,1,0,0,0,0,0,0,0,0,0,0,1,4,4,1,Atropellament,1,2,2,5,0,2,1,12.0,0,3,2,7,3
11084,2012,0,2012-07-30,T-313,BOTARELL,Baix Camp,0,0,1,0,1,0,0,0,0,1,0,0,0,90.0,0.0,0,-1,Sense Especificar,-1.0,3,3,1,0,0,0,0,0,0,0,0,0,0,0,4,-1,-1,Resta sortides de via,-1,1,2,4,4,2,1,8.51,0,1,0,30,7
11085,2012,1,2012-07-17,SE,TERRASSA,Valles Occidental,3,0,1,0,1,0,0,0,1,0,0,0,0,100.0,0.0,0,2,No n'hi ha,-1.0,3,3,1,0,0,0,0,0,0,0,0,0,0,0,4,-1,1,Caiguda en la via,-1,2,2,5,-1,2,1,12.15,0,0,1,17,7
11086,2012,0,2012-11-22,B-204,SANT BOI DE LLOBREGAT,Baix Llobregat,3,0,1,0,2,0,0,0,1,1,0,0,0,40.0,0.0,0,2,No n'hi ha,-1.0,3,3,1,0,0,0,0,0,0,0,0,0,0,0,1,-1,1,Fregament o col·lisió lateral,-1,1,2,4,2,2,1,18.23,1,2,3,22,11