,Year,Area,Date,Road,Municipality Name,County Name,Province Name,Fatalties,Serious Injuries,Light Injuries,Units Involved,Pedestrains Involved,Bicycles Involved,Mopeds Involved,Motorcycles,Light Vehicles Involved,Heavy Vehicles Involved,Other Units Involved,Unspecified Units Involved,Road Speed Limit,Accident with Hit and Run,Fog Presence,Surrounding Environment,Special Lane Presence,Special Traffic Measures,Weather Conditions,Special Road Functions,Severity of Accident,Influence of Fog,Influence of Environment,Influence of Traffic,Influence of Weather,Influence of Wind Intensity,Influence of Lighting,Influence of Special Measures,Influence of Road Objects,Influence of Road Surface,Influence of Visibility,Intersection Characteristics,Lighting Conditions,Traffic Regulation and Priority,Direction of Road,Subtype of Accident,Subtype of Road Section,Subzone within Area,Road Surface Conditions,Type of Road,Road Ownership,Wind Conditions,Day of the Week Grouping,Hour of Day,Time of Day Grouping,Type of Accident,Day Type,Day,Month
11087,2012,0,2012-02-20,TV-7222,ALCOVER,Alt Camp,0,0,1,0,1,0,0,0,0,1,0,0,0,100.0,0.0,0,2,No n'hi ha,-1.0,3,3,1,0,0,0,0,0,0,0,0,0,0,0,4,-1,1,Resta sortides de via,-1,1,2,4,-1,2,1,16.5,1,1,0,20,2
11088,2012,0,2012-11-01,-GIP 5237.00,CABANELLES,Alt Emporda,1,0,1,0,3,0,2,0,0,1,0,0,0,90.0,0.0,0,-1,Sense Especificar,-1.0,3,3,1,0,0,0,0,0,0,0,0,0,0,0,4,-1,-1,Fregament o col·lisió lateral,-1,1,2,4,4,2,1,15.14,1,2,3,1,11
11089,2012,1,2012-12-08,SE,MANRESA,Bages,3,0,1,0,1,0,0,0,1,0,0,0,0,100.0,0.0,0,2,Carril avançament,-1.0,3,3,1,0,0,0,0,0,0,0,0,0,0,0,5,-1,1,Caiguda en la via,-1,2,2,5,0,2,0,20.25,1,0,5,8,12
11090,2012,0,2012-05-13,BV-2411,OLESA DE BONESVALLS,Alt Penedes,3,0,1,0,2,0,0,0,1,1,0,0,0,100.0,0.0,0,1,No n'hi ha,-1.0,3,3,1,0,0,0,0,0,0,0,0,0,0,0,4,-1,1,Col·lisió frontal,-1,1,2,4,3,2,0,12.59,0,2,6,13,5
11091,2012,0,2012-12-15,BV-5001,"ROCA DEL VALLES, LA",Valles Oriental,3,0,1,0,2,0,0,0,1,1,0,0,0,100.0,0.0,0,2,No n'hi ha,-1.0,3,3,1,0,0,0,0,0,0,0,0,0,0,0,4,-1,1,Col·lisió frontal,-1,1,2,4,3,2,0,16.45,1,2,5,15,12
11092,2012,1,2012-04-19,SE,NALEC,Urgell,2,0,1,0,1,0,0,0,0,0,1,0,0,100.0,0.0,0,3,No n'hi ha,-1.0,3,3,1,0,0,0,0,0,0,0,0,0,0,0,4,-1,1,Caiguda en la via,-1,2,3,5,-1,1,1,11.09,0,0,3,19,4
11093,2012,1,2012-11-05,SE,CORNELLA DE LLOBREGAT,Baix Llobregat,3,0,1,0,3,0,0,0,1,2,0,0,0,20.0,0.0,0,-1,No n'hi ha,-1.0,3,3,1,-1,0,0,0,-1,0,0,0,0,-1,1,5,3,0,Fregament o col·lisió lateral,3,2,2,5,-1,2,1,15.2,1,2,0,5,11
11094,2012,1,2012-04-05,SE,GUILS DE CERDANYA,Cerdanya,1,0,2,0,2,0,0,0,1,1,0,0,0,30.0,0.0,0,0,No n'hi ha,-1.0,3,3,1,0,0,0,0,0,0,0,0,0,0,0,0,-1,1,Col·lisió frontal,-1,2,2,5,0,2,1,23.3,2,2,3,5,4
11095,2012,1,2012-09-23,SE,"PRAT DE LLOBREGAT, E",Baix Llobregat,3,0,1,0,2,1,0,0,1,0,0,0,0,100.0,0.0,0,-1,No n'hi ha,-1.0,3,3,1,0,0,0,0,0,0,0,0,0,0,1,5,5,-1,Atropellament,0,2,2,5,-1,2,0,21.05,1,3,6,23,9
11096,2012,1,2012-03-01,SE,BARCELONA,Barcelones,3,0,1,0,2,0,0,0,1,0,1,0,0,100.0,0.0,0,-1,No n'hi ha,-1.0,3,3,1,0,0,0,0,0,0,0,0,0,0,1,4,3,0,Envestida (frontal lateral),2,2,2,5,-1,2,1,15.0,1,2,3,1,3
11097,2012,1,2012-05-02,SE,SANT BOI DE LLOBREGAT,Baix Llobregat,3,0,1,0,2,1,0,0,0,0,1,0,0,100.0,0.0,0,2,No n'hi ha,-1.0,3,3,1,0,0,0,0,0,0,0,0,0,0,2,4,4,1,Atropellament,1,2,2,5,-1,2,1,11.4,0,3,2,2,5
11098,2012,0,2012-03-11,BV-4031,TOSES,Ripolles,1,0,1,1,1,0,0,0,1,0,0,0,0,100.0,0.0,0,1,No n'hi ha,-1.0,3,3,1,0,0,0,0,0,0,0,0,0,0,0,4,-1,1,Caiguda en la via,-1,1,2,4,3,2,0,12.39,0,0,6,11,3
11099,2012,0,2012-08-26,CR,JUNEDA,Garrigues,2,0,2,0,1,0,0,0,0,1,0,0,0,100.0,0.0,0,1,No n'hi ha,-1.0,3,3,1,0,0,0,0,0,0,0,0,0,0,0,4,-1,1,Resta sortides de via,-1,1,2,3,4,2,0,17.25,1,1,6,26,8
11100,2012,0,2012-06-26,N-420,GARCIA,Ribera d'Ebre,0,0,1,4,2,0,0,0,0,2,0,0,0,80.0,0.0,0,2,No n'hi ha,-1.0,3,3,1,0,1,0,0,0,1,0,0,0,0,0,4,-1,1,Fregament o col·lisió lateral,-1,1,2,4,1,2,1,16.4,1,2,1,26,6
11101,2012,0,2012-08-03,BV-4317,MUNTANYOLA,Osona,3,0,1,0,1,0,0,0,0,1,0,0,0,90.0,0.0,0,-1,Sense Especificar,-1.0,3,3,1,0,0,0,0,0,0,0,0,0,0,0,4,-1,-1,Resta sortides de via,-1,1,2,4,4,2,0,21.43,1,1,4,3,8
11102,2012,0,2012-05-09,AP-7,FIGUERES,Alt Emporda,1,0,1,1,1,0,0,0,0,1,0,0,0,100.0,0.0,0,3,No n'hi ha,-1.0,3,3,1,0,1,0,0,0,0,0,0,0,0,0,4,-1,1,Xoc contra objecte/obstacle sense sortida prèvia de via,-1,1,2,4,-1,2,1,15.34,1,4,2,9,5
11103,2012,1,2012-07-17,SE,BARCELONA,Barcelones,3,0,1,0,2,0,0,0,1,1,0,0,0,100.0,0.0,0,-1,No n'hi ha,-1.0,3,3,1,0,0,0,0,0,0,0,0,0,0,1,4,4,0,Encalç,3,2,2,5,-1,2,1,19.0,1,2,1,17,7
11104,2012,1,2012-08-15,SE,BARCELONA,Barcelones,3,0,1,0,2,0,0,0,1,1,0,0,0,100.0,0.0,0,-1,No n'hi ha,-1.0,3,3,1,0,0,0,0,0,0,0,0,0,1,1,5,4,0,Envestida (frontal lateral),2,2,2,5,-1,2,1,6.15,0,2,2,15,8
11105,2012,1,2012-03-15,SE,SABADELL,Valles Occidental,3,0,1,0,2,0,0,1,0,0,0,1,0,100.0,0.0,0,-1,No n'hi ha,-1.0,3,3,1,0,0,0,0,0,0,0,0,0,0,0,4,-1,-1,Envestida (frontal lateral),-1,2,2,5,-1,2,1,22.43,2,2,3,15,3
11106,2012,1,2012-08-13,SE,ROSES,Alt Emporda,1,0,1,0,2,1,0,0,0,1,0,0,0,40.0,0.0,0,-1,No n'hi ha,-1.0,3,3,1,0,0,0,0,0,0,0,0,0,0,0,4,-1,1,Atropellament,-1,2,2,5,-1,2,1,18.45,1,3,0,13,8
11107,2012,0,2012-05-28,C-12,BALAGUER,Noguera,2,0,1,0,1,0,0,0,0,1,0,0,0,70.0,0.0,0,2,No n'hi ha,-1.0,3,3,1,0,0,0,0,0,0,0,0,0,0,0,4,-1,1,Resta sortides de via,-1,1,2,4,2,2,1,20.15,1,1,0,28,5
11108,2012,1,2012-07-03,SE,OLIANA,Alt Urgell,2,0,1,0,1,0,0,0,1,0,0,0,0,100.0,0.0,0,2,No n'hi ha,-1.0,3,3,1,0,0,0,0,0,0,0,0,0,0,0,4,-1,0,Caiguda en la via,-1,2,3,5,-1,2,1,13.14,0,0,1,3,7
11109,2012,1,2012-01-11,SE,FRANQUESES DEL VALLE,Valles Oriental,3,0,1,0,2,0,0,0,0,1,1,0,0,50.0,0.0,0,2,No n'hi ha,-1.0,3,1,1,-1,0,0,0,-1,0,0,0,0,-1,0,4,-1,1,Envestida (frontal lateral),-1,0,2,5,-1,2,1,12.22,0,2,2,11,1
11110,2012,0,2012-07-31,TV-3148,VILA-SECA,Tarragones,0,0,1,1,2,0,0,0,0,2,0,0,0,40.0,0.0,0,1,No n'hi ha,0.0,3,3,1,0,0,0,0,0,0,0,0,0,0,0,3,-1,1,Col·lisió frontal,-1,1,2,4,3,2,1,21.19,1,2,1,31,7
11111,2012,0,2012-08-21,TV-2122,SANT JAUME DELS DOMENYS,Baix Penedes,0,0,1,0,1,0,0,0,0,1,0,0,0,40.0,0.0,0,0,No n'hi ha,-1.0,3,3,1,0,0,0,0,0,0,0,0,0,0,0,3,-1,1,Resta sortides de via,-1,1,2,4,3,2,1,23.02,2,1,1,21,8
11112,2012,0,2012-02-07,C-245,SANT BOI DE LLOBREGAT,Baix Llobregat,3,0,1,0,2,0,1,0,0,1,0,0,0,100.0,0.0,0,-1,No n'hi ha,-1.0,3,3,1,0,0,0,0,0,0,0,0,0,0,0,4,-1,-1,Envestida (frontal lateral),-1,1,2,4,-1,2,1,9.24,0,2,1,7,2
11113,2012,1,2012-07-15,SE,LLEIDA,Segria,2,0,1,1,2,0,0,0,0,2,0,0,0,100.0,1.0,0,-1,No n'hi ha,-1.0,3,3,1,0,0,0,0,0,0,0,0,0,0,0,4,-1,-1,Encalç,-1,2,2,5,-1,2,0,7.45,0,2,6,15,7
11114,2012,1,2012-12-18,SE,MATARO,Maresme,3,0,1,0,2,0,0,1,0,1,0,0,0,20.0,0.0,0,2,No n'hi ha,-1.0,3,3,1,-1,0,0,0,-1,0,0,0,0,-1,1,4,5,1,Col·lisió frontal,2,2,2,5,-1,2,1,14.45,1,2,1,18,12
11115,2012,1,2012-06-20,SE,BARCELONA,Barcelones,3,0,1,1,2,0,0,0,1,1,0,0,0,100.0,0.0,0,-1,No n'hi ha,-1.0,3,3,1,0,0,0,0,0,0,0,0,0,0,1,4,3,1,Envestida (frontal lateral),2,2,2,5,-1,2,1,8.4,0,2,2,20,6
11116,2012,1,2012-07-01,SE,REUS,Baix Camp,0,0,1,0,2,1,0,0,0,1,0,0,0,100.0,0.0,0,-1,No n'hi ha,-1.0,3,3,1,0,0,0,0,0,0,0,0,0,0,0,4,-1,-1,Atropellament,-1,2,2,5,-1,2,0,20.2,1,3,6,1,7
11117,2012,0,2012-06-25,BV-2002,SANTA COLOMA DE CERV,Baix Llobregat,3,0,1,1,1,0,0,0,0,1,0,0,0,50.0,0.0,0,2,No n'hi ha,-1.0,3,3,1,0,0,0,0,0,0,0,0,0,0,2,0,3,1,Sortida de via amb xoc o col·lisió,2,1,2,4,3,2,1,22.05,2,1,0,25,6
11118,2012,1,2012-03-20,SE,VILA-SECA,Tarragones,0,0,1,0,2,0,0,0,1,1,0,0,0,50.0,0.0,0,2,No n'hi ha,-1.0,3,3,1,0,0,0,0,0,0,0,0,0,0,1,4,4,1,Envestida (frontal lateral),2,2,2,5,-1,2,1,11.2,0,2,1,20,3
11119,2012,1,2012-11-09,SE,HOSPITALET DE LLOBREGAT,Barcelones,3,0,1,0,2,0,0,0,1,1,0,0,0,30.0,0.0,0,2,Carril lent,-1.0,3,3,1,-1,0,0,0,-1,0,0,0,0,-1,1,0,5,1,Envestida (frontal lateral),2,2,2,5,-1,2,0,20.27,1,2,4,9,11
11120,2012,1,2012-06-19,SE,SANT JOAN DE VILATOR,Bages,3,0,1,0,2,1,0,0,0,1,0,0,0,30.0,0.0,0,2,No n'hi ha,-1.0,3,3,1,-1,0,0,0,-1,0,0,0,0,-1,0,4,-1,0,Atropellament,-1,2,2,5,-1,2,1,10.35,0,3,1,19,6
11121,2012,1,2012-11-08,SE,VIC,Osona,3,0,1,0,3,1,0,0,0,2,0,0,0,100.0,0.0,0,2,No n'hi ha,-1.0,3,3,1,0,0,0,0,0,0,0,0,0,0,0,5,-1,1,Atropellament,-1,2,2,5,-1,2,1,6.55,0,3,3,8,11
11122,2012,1,2012-01-08,SE,REUS,Baix Camp,0,0,1,0,1,0,0,0,1,0,0,0,0,100.0,0.0,0,-1,No n'hi ha,-1.0,3,3,1,0,0,0,0,0,0,0,0,0,0,0,4,-1,-1,Caiguda en la via,-1,2,2,5,-1,2,0,13.41,0,0,6,8,1
11123,2012,0,2012-03-23,A-2,"PRAT DE LLOBREGAT, E",Baix Llobregat,3,0,1,0,2,0,0,0,1,1,0,0,0,50.0,0.0,0,2,No n'hi ha,0.0,3,3,1,0,0,0,0,0,0,0,0,0,0,0,3,-1,0,Encalç,-1,1,2,4,1,2,1,5.2,2,2,4,23,3
11124,2012,1,2012-05-15,SE,VILASSAR DE MAR,Maresme,3,0,1,0,2,0,0,0,1,1,0,0,0,100.0,0.0,0,2,No n'hi ha,-1.0,3,3,1,0,0,0,0,0,0,0,0,0,0,0,4,-1,1,Fregament o col·lisió lateral,-1,2,2,5,0,2,1,17.13,1,2,1,15,5
11125,2012,0,2012-11-24,C-55,SURIA,Bages,3,1,1,1,2,0,0,0,0,2,0,0,0,100.0,0.0,0,1,No n'hi ha,-1.0,3,3,0,0,0,0,0,0,0,0,0,0,0,0,3,-1,1,Envestida (frontal lateral),-1,1,2,4,2,2,0,22.5,2,2,5,24,11
11126,2012,0,2012-04-14,N-II,PONT DE MOLINS,Alt Emporda,1,0,1,3,2,0,0,0,0,2,0,0,0,80.0,0.0,0,2,No n'hi ha,-1.0,3,2,1,0,0,0,0,0,0,0,0,0,0,0,2,-1,1,Envestida (frontal lateral),-1,1,2,4,1,2,0,17.31,1,2,5,14,4
11127,2012,0,2012-08-17,C-17,TONA,Osona,3,0,1,2,3,0,0,0,0,3,0,0,0,90.0,0.0,0,-1,Sense Especificar,-1.0,3,3,1,0,0,0,0,0,0,0,0,0,0,0,4,-1,-1,Xoc contra objecte/obstacle sense sortida prèvia de via,-1,1,2,4,4,2,0,22.51,2,4,4,17,8
11128,2012,1,2012-09-21,SE,BARCELONA,Barcelones,3,0,1,0,1,0,0,0,1,0,0,0,0,100.0,0.0,0,-1,No n'hi ha,-1.0,3,3,1,0,0,1,0,0,0,0,0,0,0,1,4,3,0,Xoc contra objecte/obstacle sense sortida prèvia de via,2,2,2,5,-1,2,1,8.35,0,4,4,21,9
11129,2012,0,2012-05-18,C-16,SANT CUGAT DEL VALLES,Valles Occidental,3,0,1,0,1,0,0,0,0,1,0,0,0,100.0,0.0,0,3,No n'hi ha,-1.0,1,3,1,0,0,0,1,0,0,0,0,0,0,1,2,5,0,Sortida de via amb bolcada,3,1,0,3,2,2,1,8.59,0,1,4,18,5
11130,2012,0,2012-09-02,C-65,CASSA DE LA SELVA,Girones,1,0,1,0,1,0,0,0,0,1,0,0,0,100.0,0.0,0,0,No n'hi ha,-1.0,3,3,1,0,0,0,0,0,0,0,0,0,0,0,3,-1,1,Resta sortides de via,-1,1,2,4,2,2,0,6.14,0,1,6,2,9
11131,2012,0,2012-05-22,L-310,TARREGA,Urgell,2,0,1,1,2,0,0,0,1,1,0,0,0,100.0,0.0,0,2,No n'hi ha,-1.0,3,3,1,0,0,0,0,0,0,0,0,0,0,0,4,-1,1,Envestida (frontal lateral),-1,1,2,4,2,2,1,11.49,0,2,1,22,5
11132,2012,0,2012-10-12,C-16,CERCS,Bergueda,3,0,2,3,2,0,0,0,0,2,0,0,0,60.0,0.0,0,1,No n'hi ha,-1.0,3,3,1,0,0,0,0,0,0,0,0,0,0,0,2,-1,1,Sortida de via amb xoc o col·lisió,-1,1,2,4,2,2,0,18.32,1,1,4,12,10
11133,2012,1,2012-01-16,SE,VIC,Osona,3,0,1,0,2,1,0,0,0,1,0,0,0,100.0,0.0,0,-1,No n'hi ha,-1.0,3,3,1,0,0,0,0,0,0,0,0,0,0,0,4,-1,-1,Atropellament,-1,2,2,5,-1,2,1,18.5,1,3,0,16,1
11134,2012,0,2012-06-23,BV-1224,PONT DE VILOMARA I R,Bages,3,0,1,0,2,0,0,0,1,1,0,0,0,100.0,0.0,0,1,No n'hi ha,-1.0,3,3,1,0,0,0,0,0,0,0,0,0,0,0,4,-1,1,Fregament o col·lisió lateral,-1,1,2,4,3,2,0,11.48,0,2,5,23,6
11135,2012,0,2012-08-05,T-11,TARRAGONA,Tarragones,0,0,2,0,1,0,0,0,0,1,0,0,0,40.0,0.0,0,3,No n'hi ha,0.0,3,3,1,0,0,0,0,0,0,1,0,0,0,1,5,4,1,Resta sortides de via,0,1,2,4,1,2,0,5.16,2,1,6,5,8
11136,2012,0,2012-01-04,C-60,"ROCA DEL VALLES, LA",Valles Oriental,3,1,0,1,2,0,0,0,0,2,0,0,0,80.0,0.0,0,3,Altres,-1.0,3,3,0,0,1,0,0,0,0,0,0,0,0,0,4,-1,1,Envestida (frontal lateral),-1,1,2,4,2,2,1,16.25,1,2,2,4,1
11137,2012,0,2012-02-27,BV-1415,CERDANYOLA DEL VALLES,Valles Occidental,3,0,1,0,2,0,0,0,0,2,0,0,0,100.0,0.0,0,2,No n'hi ha,-1.0,3,3,1,0,0,0,0,0,0,0,0,0,0,1,4,4,0,Altres,2,1,2,3,0,2,1,9.25,0,5,0,27,2
11138,2012,1,2012-01-20,SE,LLEIDA,Segria,2,0,1,0,1,0,0,1,0,0,0,0,0,20.0,0.0,0,2,No n'hi ha,-1.0,3,3,1,-1,0,0,0,-1,0,0,0,0,-1,0,4,-1,1,Caiguda en la via,-1,2,2,5,-1,2,0,17.17,1,0,4,20,1
11139,2012,1,2012-09-12,SE,ESPLUGUES DE LLOBREGAT,Baix Llobregat,3,0,1,1,2,0,0,0,1,1,0,0,0,20.0,0.0,0,2,No n'hi ha,-1.0,3,1,1,-1,0,0,0,-1,0,0,0,0,-1,0,4,-1,0,Encalç,-1,0,2,5,-1,2,1,11.08,0,2,2,12,9
11140,2012,0,2012-05-12,C-352,"ROCA DEL VALLES, LA",Valles Oriental,3,0,1,0,1,0,0,0,1,0,0,0,0,100.0,0.0,0,0,No n'hi ha,-1.0,3,0,1,0,0,0,0,0,0,0,0,0,0,0,4,-1,1,Caiguda en la via,-1,1,2,4,2,2,0,12.25,0,0,5,12,5
11141,2012,0,2012-03-09,C-31,VILANOVA I LA GELTRU,Garraf,3,0,1,1,1,0,0,0,0,1,0,0,0,90.0,0.0,0,1,No n'hi ha,-1.0,3,3,1,0,0,0,0,0,0,0,0,0,0,0,4,-1,1,Resta sortides de via,-1,1,2,4,2,2,0,15.3,1,1,4,9,3
11142,2012,0,2012-01-01,C-16,TERRASSA,Valles Occidental,3,0,1,0,1,0,0,0,0,1,0,0,0,100.0,0.0,0,1,No n'hi ha,-1.0,3,3,1,0,1,0,0,0,0,0,0,0,0,0,3,-1,1,Xoc contra objecte/obstacle sense sortida prèvia de via,-1,1,2,4,2,2,0,6.52,0,4,6,1,1
11144,2012,0,2012-07-15,C-670,ORISTA,Osona,3,0,1,1,2,0,0,0,2,0,0,0,0,100.0,0.0,0,1,No n'hi ha,-1.0,3,3,1,0,0,0,0,0,0,0,0,0,0,0,4,-1,1,Fregament o col·lisió lateral,-1,1,2,4,2,2,0,12.52,0,2,6,15,7
11145,2012,0,2012-11-03,AP-7,SANT CUGAT DEL VALLES,Valles Occidental,3,1,0,1,3,0,0,0,0,2,1,0,0,100.0,0.0,0,2,No n'hi ha,-1.0,3,3,0,0,0,0,0,0,0,0,0,0,0,0,3,-1,1,Encalç,-1,1,2,4,1,2,0,6.0,0,2,5,3,11
11146,2012,1,2012-08-21,SE,BARCELONA,Barcelones,3,0,1,0,2,0,0,0,1,1,0,0,0,100.0,0.0,0,-1,No n'hi ha,-1.0,3,3,1,0,0,0,0,0,0,0,0,0,0,1,5,3,0,Envestida (frontal lateral),2,2,2,5,-1,2,1,22.3,2,2,1,21,8
11147,2012,0,2012-09-23,C-12,SARROCA DE LLEIDA,Segria,2,1,0,1,2,0,0,0,0,2,0,0,0,100.0,0.0,0,3,No n'hi ha,-1.0,3,3,0,0,0,0,0,0,0,0,0,0,0,1,4,4,1,Fregament o col·lisió lateral,0,1,2,4,2,2,0,11.44,0,2,6,23,9
11148,2012,0,2012-06-17,TV-2042,"BISBAL DEL PENEDES, LA",Baix Penedes,0,0,1,0,1,0,0,0,1,0,0,0,0,90.0,0.0,0,-1,Sense Especificar,-1.0,3,3,1,0,0,0,0,0,0,0,0,0,0,0,4,-1,-1,Resta sortides de via,-1,1,2,4,4,2,0,9.45,0,1,6,17,6
11149,2012,0,2012-09-26,GI-633,SANT JORDI DESVALLS,Girones,1,0,1,0,2,0,0,0,0,1,1,0,0,100.0,0.0,0,2,No n'hi ha,-1.0,1,3,1,0,0,0,0,0,0,0,0,0,0,0,4,-1,1,Fregament o col·lisió lateral,-1,1,2,4,2,2,1,19.03,1,2,2,26,9
11150,2012,0,2012-05-27,C-59,CALDES DE MONTBUI,Valles Oriental,3,1,0,1,1,0,0,0,0,1,0,0,0,100.0,0.0,0,1,Carril avançament,-1.0,3,3,0,0,0,0,0,0,0,0,0,0,0,0,4,-1,1,Sortida de via amb xoc o col·lisió,-1,1,2,4,3,2,0,13.35,0,1,6,27,5
11151,2012,0,2012-08-19,C-32,SANT POL DE MAR,Maresme,3,0,1,1,1,0,0,0,0,1,0,0,0,100.0,0.0,0,0,Altres,-1.0,3,3,1,0,0,0,0,0,0,0,0,0,0,0,4,-1,1,Xoc contra objecte/obstacle sense sortida prèvia de via,-1,1,2,4,2,2,0,19.15,1,4,6,19,8
11152,2012,0,2012-09-26,AP-7,"AMETLLA DE MAR, L'",Baix Ebre,0,0,1,0,1,0,0,0,0,1,0,0,0,100.0,0.0,0,3,No n'hi ha,-1.0,3,3,1,0,0,0,0,0,0,0,0,0,0,0,4,-1,1,Resta sortides de via,-1,1,2,4,1,2,1,9.4,0,1,2,26,9
11153,2012,1,2012-06-08,SE,GRANOLLERS,Valles Oriental,3,0,1,0,2,0,0,1,0,1,0,0,0,100.0,0.0,0,2,No n'hi ha,-1.0,3,3,1,0,0,0,0,0,0,0,0,0,0,1,4,4,1,Envestida (frontal lateral),2,2,2,5,-1,2,0,18.08,1,2,4,8,6
11154,2012,0,2012-08-03,LV-5131,SORIGUERA,Pallars Sobira,2,0,1,0,1,0,0,0,0,0,0,1,0,100.0,0.0,0,0,No n'hi ha,-1.0,3,3,1,0,0,0,0,0,0,0,0,0,0,0,4,-1,1,Resta sortides de via,-1,1,2,4,3,2,0,18.25,1,1,4,3,8
11155,2012,0,2012-09-27,C-1413a,MOLINS DE REI,Baix Llobregat,3,0,1,0,2,0,0,0,1,1,0,0,0,70.0,0.0,0,2,No n'hi ha,-1.0,3,3,1,0,0,0,0,0,1,0,0,0,0,1,3,3,1,Fregament o col·lisió lateral,2,1,2,4,2,2,1,6.5,0,2,3,27,9
11156,2012,1,2012-10-02,SE,BARCELONA,Barcelones,3,0,2,0,2,1,0,0,1,0,0,0,0,100.0,0.0,0,-1,No n'hi ha,-1.0,3,3,1,0,0,0,0,0,0,0,0,0,0,1,4,3,0,Atropellament,2,2,2,5,-1,2,1,16.25,1,3,1,2,10
11157,2012,1,2012-05-12,SE,BARCELONA,Barcelones,3,0,2,0,1,0,0,0,1,0,0,0,0,100.0,0.0,0,-1,No n'hi ha,-1.0,3,3,1,0,0,0,0,0,0,0,0,0,0,0,5,-1,1,Resta sortides de via,-1,2,2,5,-1,2,0,18.4,1,1,5,12,5
11158,2012,0,2012-12-26,CR,"ALDEA, L'",Baix Ebre,0,1,0,0,1,0,0,0,1,0,0,0,0,100.0,0.0,0,0,No n'hi ha,-1.0,3,3,0,0,0,0,0,0,0,0,0,0,1,0,3,-1,1,Resta sortides de via,-1,1,2,3,0,2,1,23.3,2,1,2,26,12
11159,2012,1,2012-05-29,SE,REUS,Baix Camp,0,0,1,1,2,1,0,0,1,0,0,0,0,100.0,0.0,0,-1,No n'hi ha,-1.0,3,3,1,0,0,0,0,0,0,0,0,0,0,0,4,-1,-1,Atropellament,-1,2,2,5,-1,2,1,21.5,1,3,1,29,5
11160,2012,1,2012-08-27,SE,ROSES,Alt Emporda,1,0,1,1,2,1,0,1,0,0,0,0,0,40.0,0.0,0,-1,No n'hi ha,-1.0,3,3,1,-1,0,0,0,-1,0,0,0,0,0,0,4,-1,1,Atropellament,-1,2,2,5,-1,2,1,17.45,1,3,0,27,8
11161,2012,1,2012-09-30,SE,BARCELONA,Barcelones,3,0,1,3,2,0,0,0,1,1,0,0,0,100.0,0.0,0,-1,No n'hi ha,-1.0,3,3,1,0,0,0,0,0,0,0,0,0,1,1,4,3,0,Envestida (frontal lateral),2,2,2,5,-1,2,0,18.25,1,2,6,30,9
11162,2012,0,2012-08-17,C-13,"GUINGUETA D'ANEU, LA",Pallars Sobira,2,0,2,0,1,0,0,0,0,1,0,0,0,100.0,0.0,0,1,No n'hi ha,-1.0,3,3,1,0,0,0,0,0,0,0,0,0,0,0,4,-1,1,Resta sortides de via,-1,1,2,4,2,2,1,13.1,0,1,4,17,8
11163,2012,1,2012-10-12,SE,MOLLET DEL VALLES,Valles Oriental,3,0,1,0,2,1,0,0,0,1,0,0,0,100.0,0.0,0,2,No n'hi ha,-1.0,2,3,1,0,0,0,0,0,0,0,0,0,0,2,5,3,1,Atropellament,1,2,0,5,-1,2,0,19.53,1,3,4,12,10
11164,2012,0,2012-08-28,GI-623,SAUS,Alt Emporda,1,0,1,0,1,0,0,0,0,1,0,0,0,100.0,0.0,0,3,No n'hi ha,-1.0,3,3,1,0,0,0,0,0,0,0,0,0,0,1,4,2,1,Resta sortides de via,1,1,2,4,3,2,1,9.58,0,1,1,28,8
11165,2012,0,2012-07-01,N-II,"FAR D'EMPORDA, EL",Alt Emporda,1,0,3,4,3,0,0,0,0,3,0,0,0,80.0,0.0,0,0,No n'hi ha,-1.0,2,2,1,0,0,0,0,0,0,0,0,0,0,0,2,-1,1,Fregament o col·lisió lateral,-1,1,2,4,1,2,0,13.59,0,2,6,1,7
11166,2012,1,2012-05-27,SE,TERRASSA,Valles Occidental,3,0,1,0,2,1,0,0,0,1,0,0,0,100.0,0.0,0,2,No n'hi ha,-1.0,3,3,1,0,0,0,0,0,0,0,0,0,0,0,4,-1,1,Atropellament,-1,2,2,5,-1,2,0,12.0,0,3,6,27,5
11167,2012,0,2012-01-01,GI-552,ARBUCIES,Selva,1,0,1,0,2,1,0,0,0,1,0,0,0,100.0,0.0,0,2,No n'hi ha,-1.0,3,3,1,0,0,0,0,0,0,0,0,0,1,0,3,-1,1,Atropellament,-1,1,2,4,3,2,0,6.15,0,3,6,1,1
11168,2012,1,2012-06-07,SE,PALAU DE PLEGAMANS,Valles Occidental,3,1,0,0,2,0,0,0,1,1,0,0,0,100.0,0.0,0,-1,No n'hi ha,-1.0,3,3,0,0,0,0,0,0,0,0,0,0,0,0,4,-1,-1,Envestida (frontal lateral),-1,2,2,5,-1,2,1,11.25,0,2,3,7,6
11169,2012,0,2012-06-07,BP-1417,SANT CUGAT DEL VALLES,Valles Occidental,3,0,1,0,1,0,0,0,1,0,0,0,0,100.0,0.0,0,1,No n'hi ha,-1.0,3,3,1,0,0,0,0,0,0,0,0,0,0,0,4,-1,1,Caiguda en la via,-1,1,2,4,3,2,1,10.3,0,0,3,7,6