,Year,Area,Date,Road,Municipality Name,County Name,Province Name,Fatalties,Serious Injuries,Light Injuries,Units Involved,Pedestrains Involved,Bicycles Involved,Mopeds Involved,Motorcycles,Light Vehicles Involved,Heavy Vehicles Involved,Other Units Involved,Unspecified Units Involved,Road Speed Limit,Accident with Hit and Run,Fog Presence,Surrounding Environment,Special Lane Presence,Special Traffic Measures,Weather Conditions,Special Road Functions,Severity of Accident,Influence of Fog,Influence of Environment,Influence of Traffic,Influence of Weather,Influence of Wind Intensity,Influence of Lighting,Influence of Special Measures,Influence of Road Objects,Influence of Road Surface,Influence of Visibility,Intersection Characteristics,Lighting Conditions,Traffic Regulation and Priority,Direction of Road,Subtype of Accident,Subtype of Road Section,Subzone within Area,Road Surface Conditions,Type of Road,Road Ownership,Wind Conditions,Day of the Week Grouping,Hour of Day,Time of Day Grouping,Type of Accident,Day Type,Day,Month
11170,2012,1,2012-03-09,SE,BARCELONA,Barcelones,3,1,0,0,2,1,0,0,0,1,0,0,0,100.0,0.0,0,-1,No n'hi ha,-1.0,3,3,0,0,0,0,0,0,0,0,0,0,0,0,5,-1,1,Atropellament,-1,2,2,5,-1,2,0,21.3,1,3,4,9,3
11171,2012,1,2012-11-03,SE,SANT ADRIA DE BESOS,Barcelones,3,0,1,0,2,0,0,0,1,1,0,0,0,20.0,0.0,0,2,No n'hi ha,-1.0,3,3,1,0,0,0,0,0,0,0,0,0,0,1,4,4,1,Envestida (frontal lateral),1,2,2,5,-1,2,0,10.15,0,2,5,3,11
11172,2012,0,2012-06-12,A-2,VECIANA,Anoia,3,0,1,0,2,0,0,0,0,1,1,0,0,100.0,0.0,0,3,No n'hi ha,-1.0,3,3,1,0,0,0,0,0,1,0,0,0,0,0,1,-1,1,Encalç,-1,1,2,4,1,2,1,20.36,1,2,1,12,6
11173,2012,1,2012-01-19,SE,GRANOLLERS,Valles Oriental,3,0,1,0,2,0,0,0,1,1,0,0,0,100.0,0.0,0,2,No n'hi ha,-1.0,3,3,1,0,0,0,0,0,0,0,0,0,0,0,4,-1,1,Envestida (frontal lateral),-1,2,2,5,-1,2,1,11.56,0,2,3,19,1
11174,2012,0,2012-12-29,C-243C,CASTELLBISBAL,Valles Occidental,3,0,1,0,1,0,0,0,1,0,0,0,0,100.0,0.0,0,1,No n'hi ha,-1.0,3,3,1,0,0,0,0,0,0,0,0,0,0,0,4,-1,1,Caiguda en la via,-1,1,2,4,2,2,0,14.41,1,0,5,29,12
11175,2012,0,2012-07-25,N-230,ALMENAR,Segria,2,0,1,2,3,0,0,0,0,3,0,0,0,100.0,0.0,0,2,No n'hi ha,-1.0,3,3,1,0,0,0,0,0,0,0,0,0,0,0,4,-1,1,Col·lisió frontal,-1,1,2,3,1,2,1,17.15,1,2,2,25,7
11176,2012,0,2012-08-17,N-420,MORA D'EBRE,Ribera d'Ebre,0,0,2,0,1,0,0,0,0,1,0,0,0,100.0,0.0,0,0,No n'hi ha,-1.0,3,3,1,0,0,0,0,0,0,0,0,0,0,0,1,-1,1,Resta sortides de via,-1,1,2,4,1,2,1,7.1,0,1,4,17,8
11177,2012,0,2012-06-18,N-II,SANT ANDREU DE LLAVANERES,Maresme,3,0,2,0,2,0,0,0,1,1,0,0,0,80.0,0.0,0,2,No n'hi ha,-1.0,3,3,1,0,0,0,0,0,0,0,0,0,1,1,4,4,1,Envestida (frontal lateral),3,1,2,4,1,2,1,7.57,0,2,0,18,6
11178,2012,1,2012-12-30,SE,VIELHA E MIJARAN,Val d'Aran,2,0,1,0,2,1,0,0,0,1,0,0,0,50.0,0.0,0,2,No n'hi ha,,3,3,1,0,0,0,0,0,0,0,0,0,1,0,0,-1,1,Atropellament,-1,2,2,5,-1,2,0,17.43,1,3,6,30,12
11179,2012,1,2012-05-08,SE,BARCELONA,Barcelones,3,0,1,0,2,0,0,0,1,1,0,0,0,100.0,0.0,0,-1,No n'hi ha,-1.0,3,3,1,0,0,0,0,0,0,0,0,0,0,1,4,3,0,Envestida (frontal lateral),2,2,2,5,-1,2,1,18.1,1,2,1,8,5
11180,2012,0,2012-01-21,C-13,VILANOVA DE LA BARCA,Segria,2,1,0,1,1,0,0,0,0,1,0,0,0,100.0,0.0,1,3,No n'hi ha,-1.0,3,3,0,0,0,0,0,0,1,0,0,0,0,0,3,-1,1,Resta sortides de via,-1,1,2,4,2,2,0,6.13,0,1,5,21,1
11181,2012,1,2012-04-19,SE,LLEIDA,Segria,2,0,1,0,2,0,1,0,0,1,0,0,0,20.0,0.0,0,-1,No n'hi ha,-1.0,3,3,1,-1,0,0,0,-1,0,0,0,0,-1,0,4,-1,1,Col·lisió frontal,-1,2,2,5,-1,2,1,16.3,1,2,3,19,4
11182,2012,1,2012-10-22,SE,BARCELONA,Barcelones,3,0,1,0,2,0,0,0,2,0,0,0,0,100.0,0.0,0,-1,No n'hi ha,-1.0,3,3,1,0,0,1,0,0,0,0,0,0,0,1,4,3,0,Envestida (frontal lateral),2,2,0,5,-1,2,1,9.4,0,2,0,22,10
11183,2012,0,2012-09-22,BP-1417,SANT CUGAT DEL VALLES,Valles Occidental,3,0,1,0,1,0,0,0,1,0,0,0,0,90.0,0.0,0,-1,Sense Especificar,-1.0,3,3,1,0,0,0,0,0,0,0,0,0,0,0,4,-1,-1,Resta sortides de via,-1,1,2,4,4,2,0,20.02,1,1,5,22,9
11184,2012,1,2012-03-07,SE,SABADELL,Valles Occidental,3,0,1,0,2,0,0,0,1,1,0,0,0,100.0,0.0,0,-1,No n'hi ha,-1.0,3,3,1,0,0,0,0,0,0,0,0,0,0,0,4,-1,-1,Envestida (frontal lateral),-1,2,2,5,-1,2,1,9.1,0,2,2,7,3
11185,2012,0,2012-10-22,GI-674,LLAGOSTERA,Girones,1,0,1,0,1,0,0,0,0,1,0,0,0,100.0,0.0,0,0,No n'hi ha,-1.0,3,3,1,0,0,0,0,0,0,0,0,0,0,0,3,-1,1,Resta sortides de via,-1,1,2,4,3,2,1,23.25,2,1,0,22,10
11186,2012,1,2012-07-12,SE,BARCELONA,Barcelones,3,0,1,0,1,0,1,0,0,0,0,0,0,40.0,0.0,0,-1,Carril bus,-1.0,3,3,1,0,0,0,0,0,0,0,0,0,0,0,4,-1,1,Caiguda en la via,-1,2,2,5,-1,2,1,19.5,1,0,3,12,7
11187,2012,0,2012-07-14,C-244,CAPELLADES,Anoia,3,1,0,0,1,0,0,0,1,0,0,0,0,100.0,0.0,0,1,No n'hi ha,-1.0,3,3,0,0,0,0,0,0,0,0,0,0,0,0,4,-1,1,Resta sortides de via,-1,1,2,4,2,2,0,18.14,1,1,5,14,7
11188,2012,1,2012-02-21,SE,VIC,Osona,3,0,1,0,2,0,0,0,1,1,0,0,0,100.0,0.0,0,2,No n'hi ha,-1.0,3,3,1,0,0,0,0,0,0,0,0,0,0,1,4,5,0,Envestida (frontal lateral),1,2,2,5,0,2,1,14.1,1,2,1,21,2
11189,2012,1,2012-04-26,SE,SANT RAMON,Segarra,2,0,2,0,3,2,0,0,0,1,0,0,0,100.0,0.0,0,1,No n'hi ha,-1.0,3,3,1,0,0,0,0,0,0,0,0,0,0,0,4,-1,1,Atropellament,-1,2,2,5,0,2,1,13.39,0,3,3,26,4
11190,2012,0,2012-01-23,C-58,SANT QUIRZE DEL VALLES,Valles Occidental,3,0,1,0,2,0,0,0,1,1,0,0,0,100.0,0.0,0,2,No n'hi ha,-1.0,3,3,1,0,0,0,0,0,0,0,0,0,0,0,4,-1,0,Fregament o col·lisió lateral,-1,1,2,4,2,2,1,12.22,0,2,0,23,1
11191,2012,1,2012-04-10,SE,VALLS,Alt Camp,0,0,1,0,2,0,0,0,1,0,1,0,0,100.0,0.0,0,2,No n'hi ha,-1.0,3,3,1,0,0,0,0,0,0,0,0,0,0,0,4,-1,1,Envestida (frontal lateral),-1,2,2,5,-1,2,1,8.3,0,2,1,10,4
11192,2012,0,2012-02-16,C-25,GURB,Osona,3,0,2,1,2,0,0,0,0,2,0,0,0,60.0,0.0,0,3,No n'hi ha,0.0,3,3,1,0,0,0,0,0,0,1,0,0,0,0,4,-1,1,Envestida (frontal lateral),-1,1,2,4,2,2,1,9.44,0,2,3,16,2
11193,2012,0,2012-03-26,TV-7231,GANDESA,Terra Alta,0,1,0,0,1,0,0,1,0,0,0,0,0,100.0,0.0,0,3,No n'hi ha,-1.0,3,3,0,0,0,0,0,0,0,0,0,0,0,0,4,-1,1,Caiguda en la via,-1,1,0,3,0,2,1,14.54,1,0,0,26,3
11194,2012,0,2012-06-10,C-59,CALDES DE MONTBUI,Valles Oriental,3,0,1,1,1,0,0,0,0,1,0,0,0,100.0,0.0,0,2,No n'hi ha,-1.0,3,3,1,0,0,0,0,0,0,0,0,0,0,0,4,-1,1,Resta sortides de via,-1,1,2,4,2,2,0,7.0,0,1,6,10,6
11195,2012,1,2012-09-20,SE,BARCELONA,Barcelones,3,0,1,0,1,0,0,0,0,0,1,0,0,100.0,0.0,0,-1,No n'hi ha,-1.0,3,3,1,0,0,0,0,0,0,0,0,0,0,0,4,-1,1,Caiguda en la via,-1,2,2,5,-1,2,1,17.15,1,0,3,20,9
11196,2012,1,2012-07-10,SE,BARCELONA,Barcelones,3,0,1,0,2,0,0,0,1,1,0,0,0,100.0,0.0,0,-1,No n'hi ha,-1.0,3,3,1,0,0,0,0,0,0,0,0,0,0,1,4,3,1,Fregament o col·lisió lateral,2,2,2,5,-1,2,1,15.1,1,2,1,10,7
11197,2012,1,2012-03-19,SE,BADALONA,Barcelones,3,0,1,0,2,1,0,0,0,1,0,0,0,20.0,0.0,0,2,No n'hi ha,-1.0,3,3,1,-1,0,0,0,-1,0,0,0,0,-1,1,4,4,0,Atropellament,1,2,2,5,-1,2,1,15.15,1,3,0,19,3
11198,2012,1,2012-05-28,SE,GRANOLLERS,Valles Oriental,3,0,1,0,2,1,0,0,0,1,0,0,0,100.0,0.0,0,2,No n'hi ha,-1.0,3,3,1,0,0,0,0,0,0,0,0,0,0,0,4,-1,1,Atropellament,-1,2,2,5,-1,2,1,12.35,0,3,0,28,5
11199,2012,1,2012-05-09,SE,ROSES,Alt Emporda,1,0,1,0,2,0,0,0,1,1,0,0,0,100.0,0.0,0,2,No n'hi ha,-1.0,3,3,1,0,0,0,0,0,0,0,0,0,0,0,4,-1,1,Envestida (frontal lateral),-1,2,2,5,-1,2,1,14.1,1,2,2,9,5
11200,2012,1,2012-05-22,SE,SANT QUIRZE DEL VALLES,Valles Occidental,3,0,1,0,2,0,0,1,0,1,0,0,0,100.0,0.0,0,2,No n'hi ha,-1.0,3,3,1,0,0,0,0,0,0,0,0,0,0,1,4,4,0,Envestida (frontal lateral),0,2,2,5,0,2,1,18.0,1,2,1,22,5
11201,2012,0,2012-12-22,CR,FORADADA,Noguera,2,0,1,5,2,0,0,0,0,2,0,0,0,100.0,0.0,1,0,No n'hi ha,-1.0,3,3,1,1,0,0,0,0,0,0,0,0,0,0,2,-1,1,Envestida (frontal lateral),-1,1,2,3,2,2,0,8.2,0,2,5,22,12
11202,2012,0,2012-02-06,CR,ALMENAR,Segria,2,0,1,0,1,0,0,0,0,1,0,0,0,100.0,0.0,0,0,No n'hi ha,-1.0,3,3,1,0,0,0,0,0,1,0,0,0,0,0,3,-1,1,Resta sortides de via,-1,1,2,3,3,2,1,19.1,1,1,0,6,2
11203,2012,0,2012-10-27,C-14,ARTESA DE SEGRE,Noguera,2,1,1,0,1,0,0,0,0,1,0,0,0,70.0,0.0,0,2,No n'hi ha,-1.0,3,3,0,0,1,0,0,0,1,0,0,0,0,0,4,-1,1,Sortida de via amb xoc o col·lisió,-1,1,2,4,2,2,0,17.01,1,1,5,27,10
11204,2012,1,2012-08-15,SE,SANTA BARBARA,Montsia,0,0,1,0,2,0,0,0,1,1,0,0,0,100.0,0.0,0,2,No n'hi ha,-1.0,3,1,1,0,0,0,0,0,0,0,0,0,1,1,4,4,0,Envestida (frontal lateral),1,0,2,5,-1,2,1,11.0,0,2,2,15,8
11205,2012,0,2012-08-10,C-17,"AMETLLA DEL VALLES,",Valles Oriental,3,0,1,0,2,0,0,0,1,0,1,0,0,100.0,0.0,0,2,Altres,-1.0,3,3,1,0,0,0,0,0,0,0,0,0,0,1,4,5,1,Fregament o col·lisió lateral,1,1,2,4,2,2,1,13.54,0,2,4,10,8
11206,2012,0,2012-12-16,N-340,SANT CUGAT SESGARRIGUES,Alt Penedes,3,0,2,5,3,0,0,0,0,3,0,0,0,100.0,0.0,0,2,No n'hi ha,-1.0,3,3,1,0,0,0,0,0,0,0,0,0,0,0,3,-1,1,Col·lisió frontal,-1,1,2,4,1,2,0,6.2,0,2,6,16,12
11207,2012,1,2012-08-01,SE,BARCELONA,Barcelones,3,0,1,0,2,0,0,0,1,1,0,0,0,100.0,0.0,0,-1,Carril bus,-1.0,3,3,1,0,0,0,0,0,0,0,0,0,0,1,4,3,1,Fregament o col·lisió lateral,2,2,2,5,-1,2,1,12.56,0,2,2,1,8
11208,2012,0,2012-06-12,C-59,CALDES DE MONTBUI,Valles Oriental,3,0,1,0,2,0,0,0,1,1,0,0,0,100.0,0.0,0,1,No n'hi ha,-1.0,3,3,1,0,0,0,0,0,0,0,0,0,0,0,4,-1,1,Fregament o col·lisió lateral,-1,1,2,4,2,2,1,12.0,0,2,1,12,6
11209,2012,0,2012-06-20,C-32,ARGENTONA,Maresme,3,0,1,0,2,0,0,0,1,1,0,0,0,60.0,0.0,0,3,Carril acceleració,-1.0,3,0,1,0,0,1,0,0,0,0,0,0,0,2,4,4,0,Encalç,3,1,2,4,2,2,1,17.0,1,2,2,20,6
11210,2012,1,2012-07-21,SE,ROSES,Alt Emporda,1,1,0,0,2,0,1,0,0,0,0,1,0,40.0,0.0,0,2,No n'hi ha,-1.0,3,3,0,0,0,0,0,0,0,0,0,0,0,0,4,-1,1,Encalç,-1,2,2,5,0,2,0,16.58,1,2,5,21,7
11211,2012,0,2012-03-20,B-20,BADALONA,Barcelones,3,0,1,2,1,0,0,0,0,1,0,0,0,80.0,0.0,0,2,No n'hi ha,-1.0,3,3,1,0,0,0,0,0,0,0,1,0,1,0,3,-1,0,Xoc contra objecte/obstacle sense sortida prèvia de via,-1,1,2,4,1,2,1,1.2,2,4,1,20,3
11212,2012,0,2012-08-16,C-59,CASTELLTERCOL,Moianès,3,0,1,1,2,0,0,0,0,2,0,0,0,90.0,0.0,0,-1,Sense Especificar,-1.0,3,3,1,0,0,0,0,0,0,0,0,0,0,0,4,-1,-1,Fregament o col·lisió lateral,-1,1,2,4,4,2,1,14.02,1,2,3,16,8
11213,2012,0,2012-05-10,CR,ALBINYANA,Baix Penedes,0,0,1,0,1,0,0,0,0,0,1,0,0,30.0,0.0,0,1,No n'hi ha,-1.0,3,3,1,0,0,0,0,0,0,0,0,0,0,0,4,-1,1,Resta sortides de via,-1,1,2,3,0,2,1,13.1,0,1,3,10,5
11214,2012,0,2012-02-06,C-16,SALLENT,Bages,3,0,1,0,1,0,0,0,0,1,0,0,0,120.0,0.0,0,3,No n'hi ha,-1.0,3,3,1,0,0,0,0,0,0,0,0,0,0,0,3,-1,0,Resta sortides de via,-1,1,2,4,2,2,1,19.17,1,1,0,6,2
11215,2012,0,2012-12-04,BV-2441,PONTONS,Alt Penedes,3,0,1,0,2,0,0,0,1,1,0,0,0,40.0,0.0,0,1,No n'hi ha,-1.0,3,0,1,0,0,0,0,0,0,0,0,0,0,1,4,4,0,Envestida (frontal lateral),0,1,2,4,1,1,1,13.39,0,2,1,4,12
11216,2012,1,2012-04-13,SE,SANT BOI DE LLOBREGAT,Baix Llobregat,3,0,1,0,2,0,0,0,1,1,0,0,0,100.0,0.0,0,2,No n'hi ha,-1.0,3,3,1,0,0,0,0,0,0,0,0,0,0,1,4,5,1,Envestida (frontal lateral),2,2,2,5,-1,2,0,18.23,1,2,4,13,4
11217,2012,0,2012-06-22,N-420,CORBERA D'EBRE,Terra Alta,0,0,1,0,1,0,0,0,0,1,0,0,0,100.0,0.0,0,3,No n'hi ha,-1.0,3,3,1,0,0,0,0,0,0,0,0,0,0,0,4,-1,1,Resta sortides de via,-1,1,2,4,1,2,1,11.47,0,1,4,22,6
11218,2012,0,2012-09-14,C-252,GARRIGUELLA,Alt Emporda,1,0,1,1,1,0,0,0,1,0,0,0,0,100.0,0.0,0,1,No n'hi ha,-1.0,3,3,1,0,0,0,0,0,0,0,1,0,0,0,4,-1,1,Xoc contra objecte/obstacle sense sortida prèvia de via,-1,1,2,4,2,0,1,12.3,0,4,4,14,9
11219,2012,0,2012-07-06,C-12,ALDOVER,Baix Ebre,0,0,2,0,2,0,0,0,0,2,0,0,0,80.0,0.0,0,2,No n'hi ha,-1.0,3,3,1,0,0,0,0,0,0,0,0,0,0,0,2,-1,1,Col·lisió frontal,-1,1,2,4,2,2,1,7.33,0,2,4,6,7
11220,2012,0,2012-06-23,LV-4241a,GUIXERS,Solsones,2,0,1,0,1,0,0,0,1,0,0,0,0,90.0,0.0,0,1,No n'hi ha,-1.0,3,3,1,-1,0,0,0,-1,0,0,0,0,-1,0,4,-1,1,Sortida de via amb xoc o col·lisió,-1,1,2,4,3,2,0,10.55,0,1,5,23,6
11221,2012,1,2012-06-08,SE,BARCELONA,Barcelones,3,1,0,0,1,0,0,0,1,0,0,0,0,50.0,0.0,0,-1,No n'hi ha,-1.0,3,3,0,0,0,0,0,0,0,0,0,0,0,0,5,-1,0,Caiguda en la via,-1,2,2,5,-1,2,0,15.25,1,0,4,8,6
11222,2012,0,2012-05-05,B-231,ESPARREGUERA,Baix Llobregat,3,0,1,0,1,0,0,0,0,1,0,0,0,40.0,0.0,0,3,Carril d'alentiment,-1.0,3,3,1,0,0,0,0,0,0,0,0,0,0,1,4,4,1,Resta sortides de via,0,1,2,4,2,2,0,7.1,0,1,5,5,5
11223,2012,0,2012-08-03,CR,PIRA,Conca de Barbera,0,0,1,1,1,0,0,0,0,1,0,0,0,40.0,0.0,0,2,No n'hi ha,-1.0,3,3,1,-1,0,0,0,-1,0,0,0,1,1,0,3,-1,1,Sortida de via amb xoc o col·lisió,-1,1,2,3,0,2,1,3.3,2,1,4,3,8
11224,2012,0,2012-03-11,L-500,BARRUERA,Alta Ribagorca,2,0,1,0,1,0,0,0,0,1,0,0,0,100.0,0.0,0,1,No n'hi ha,-1.0,3,3,1,0,0,0,0,0,0,0,0,0,0,0,3,-1,1,Resta sortides de via,-1,1,2,4,3,2,0,3.0,2,1,6,11,3
11225,2012,1,2012-02-01,SE,MATARO,Maresme,3,0,1,0,2,1,0,0,0,1,0,0,0,20.0,0.0,0,2,No n'hi ha,-1.0,1,3,1,-1,0,0,0,-1,0,0,0,0,-1,1,2,2,1,Atropellament,2,2,0,5,-1,2,1,11.3,0,3,2,1,2
11226,2013,0,2013-04-29,C-58,TERRASSA,Valles Occidental,3,0,1,1,2,0,0,0,0,1,1,0,0,60.0,0.0,0,2,No n'hi ha,-1.0,1,3,1,0,0,0,0,0,0,0,0,0,0,0,2,-1,1,Fregament o col·lisió lateral,-1,1,2,4,2,1,1,17.2,1,2,0,29,4
11227,2013,0,2013-03-27,T-331,ULLDECONA,Montsia,0,0,1,0,2,0,0,0,0,1,1,0,0,100.0,0.0,0,3,No n'hi ha,-1.0,3,3,1,0,0,0,0,0,0,0,0,0,0,0,4,-1,1,Col·lisió frontal,-1,1,2,4,2,2,1,15.4,1,2,2,27,3
11228,2013,0,2013-03-07,C-16,BALSARENY,Bages,3,0,1,0,1,0,0,0,1,0,0,0,0,100.0,0.0,0,1,No n'hi ha,-1.0,3,3,1,0,0,0,0,0,0,0,0,0,0,0,4,-1,1,Altres,-1,1,2,2,2,2,1,16.06,1,5,3,7,3
11229,2013,0,2013-03-23,GI-524,OLOT,Garrotxa,1,0,1,1,2,0,0,0,1,1,0,0,0,50.0,0.0,0,2,No n'hi ha,-1.0,3,3,1,0,0,0,0,0,0,0,0,0,0,1,4,4,1,Envestida (frontal lateral),1,1,2,4,3,2,0,11.59,0,2,5,23,3
11230,2013,1,2013-10-31,SE,BANYOLES,Pla de l'Estany,1,0,1,0,1,0,1,0,0,0,0,0,0,100.0,0.0,0,-1,No n'hi ha,-1.0,3,3,1,0,0,0,0,0,0,0,0,0,0,0,4,-1,-1,Altres,-1,2,2,5,-1,2,1,14.24,1,5,3,31,10
11231,2013,1,2013-07-23,SE,LLEIDA,Segria,2,0,1,0,2,1,0,0,0,1,0,0,0,100.0,0.0,0,2,No n'hi ha,-1.0,3,3,1,0,0,0,0,0,0,0,0,0,0,0,4,-1,1,Atropellament,-1,2,2,5,-1,2,1,11.3,0,3,1,23,7
11232,2013,1,2013-08-16,SE,TERRASSA,Valles Occidental,3,0,1,2,2,0,0,0,0,1,1,0,0,100.0,0.0,0,-1,No n'hi ha,-1.0,3,3,1,0,0,0,0,0,0,0,0,0,0,0,4,-1,-1,Altres,-1,2,2,5,-1,2,1,13.15,0,5,4,16,8
11233,2013,1,2013-09-22,SE,SANT VICENC DELS HORTS,Baix Llobregat,3,0,1,0,2,0,0,0,1,1,0,0,0,20.0,0.0,0,-1,No n'hi ha,-1.0,3,3,1,0,0,1,0,0,0,0,0,0,0,1,5,3,-1,Envestida (frontal lateral),1,2,2,5,-1,2,0,20.4,1,2,6,22,9
11234,2013,0,2013-07-25,C-243c,RUBI,Valles Occidental,3,0,1,0,2,0,0,0,0,1,1,0,0,70.0,0.0,0,3,No n'hi ha,-1.0,3,3,1,0,0,0,0,0,0,0,0,0,0,0,4,-1,1,Envestida (frontal lateral),-1,1,2,4,2,2,1,7.2,0,2,3,25,7
11235,2013,1,2013-09-11,SE,VIC,Osona,3,0,1,0,2,0,0,0,1,1,0,0,0,100.0,0.0,0,2,No n'hi ha,-1.0,3,3,1,0,0,0,0,0,0,0,0,0,0,0,4,-1,1,Sortida de via amb xoc o col·lisió,-1,2,2,5,-1,2,1,10.2,0,1,2,11,9
11236,2013,1,2013-02-11,SE,BARCELONA,Barcelones,3,0,1,0,2,0,0,0,1,1,0,0,0,100.0,0.0,0,-1,No n'hi ha,-1.0,3,3,1,0,0,0,0,0,0,0,0,0,0,1,4,3,0,Envestida (frontal lateral),2,2,2,5,-1,2,1,14.1,1,2,0,11,2
11237,2013,1,2013-07-31,SE,CASTELLDEFELS,Baix Llobregat,3,0,1,0,2,0,1,0,0,1,0,0,0,100.0,0.0,0,2,No n'hi ha,-1.0,3,3,1,0,0,0,0,0,0,0,0,0,0,0,4,-1,1,Envestida (frontal lateral),-1,2,2,5,-1,2,1,10.05,0,2,2,31,7
11238,2013,1,2013-11-15,SE,GRANOLLERS,Valles Oriental,3,0,1,0,2,1,0,0,0,1,0,0,0,100.0,0.0,0,2,No n'hi ha,-1.0,3,3,1,0,0,0,0,0,1,0,0,0,0,0,4,-1,1,Atropellament,-1,2,2,5,-1,2,1,9.1,0,3,4,15,11
11239,2013,1,2013-02-04,SE,BARCELONA,Barcelones,3,0,1,0,2,0,0,0,1,1,0,0,0,100.0,0.0,0,-1,No n'hi ha,-1.0,3,3,1,0,0,0,0,0,0,0,0,0,0,1,5,2,1,Encalç,2,2,2,5,-1,2,1,20.1,1,2,0,4,2
11240,2013,1,2013-08-06,SE,GIRONA,Girones,1,0,1,0,2,0,0,0,1,1,0,0,0,20.0,0.0,0,-1,No n'hi ha,-1.0,3,3,1,0,0,0,0,0,0,0,0,0,0,1,4,3,-1,Envestida (frontal lateral),2,2,2,5,-1,2,1,14.32,1,2,1,6,8
11241,2013,1,2013-08-03,SE,BARCELONA,Barcelones,3,0,1,0,2,0,0,0,1,1,0,0,0,30.0,0.0,0,-1,No n'hi ha,-1.0,3,3,1,0,0,0,0,0,0,0,0,0,0,0,4,-1,1,Envestida (frontal lateral),-1,2,2,5,-1,2,0,17.15,1,2,5,3,8
11242,2013,1,2013-08-16,SE,BARCELONA,Barcelones,3,0,1,0,2,0,0,1,0,1,0,0,0,100.0,0.0,0,-1,No n'hi ha,-1.0,3,3,1,0,0,0,0,0,0,0,0,0,0,1,4,3,0,Envestida (frontal lateral),2,2,2,5,-1,2,0,17.0,1,2,4,16,8
11243,2013,1,2013-08-24,SE,BARCELONA,Barcelones,3,0,1,0,2,0,1,0,0,1,0,0,0,100.0,0.0,0,-1,No n'hi ha,-1.0,3,3,1,0,0,0,0,0,0,0,0,0,0,0,4,-1,0,Envestida (frontal lateral),-1,2,2,5,-1,2,0,10.35,0,2,5,24,8
11244,2013,1,2013-06-07,BV-1221,TERRASSA,Valles Occidental,3,0,1,0,2,0,0,0,1,1,0,0,0,100.0,0.0,0,-1,No n'hi ha,-1.0,3,3,1,0,0,0,0,0,0,0,0,0,0,0,4,-1,-1,Envestida (frontal lateral),-1,0,2,4,-1,2,1,14.15,1,2,4,7,6
11245,2013,1,2013-10-29,SE,BARCELONA,Barcelones,3,0,1,0,1,0,0,1,0,0,0,0,0,100.0,0.0,0,-1,No n'hi ha,-1.0,1,3,1,0,0,0,0,0,0,0,0,0,0,0,5,-1,1,Xoc contra objecte/obstacle sense sortida prèvia de via,-1,2,2,5,-1,2,1,4.1,2,4,1,29,10
11246,2013,0,2013-11-29,B-10,BARCELONA,Barcelones,3,0,1,0,2,0,0,0,1,1,0,0,0,80.0,0.0,0,-1,No n'hi ha,-1.0,3,3,1,0,0,1,0,0,0,0,0,0,0,0,4,-1,1,Caiguda en la via,-1,1,2,1,-1,2,0,17.25,1,0,4,29,11
11247,2013,0,2013-02-04,BP-1503,SANT QUIRZE DEL VALLES,Valles Occidental,3,1,0,0,2,0,1,0,0,0,1,0,0,100.0,0.0,0,2,No n'hi ha,-1.0,3,3,0,0,0,0,0,0,0,0,0,0,0,0,4,-1,1,Fregament o col·lisió lateral,-1,1,2,4,3,2,1,12.11,0,2,0,4,2
11248,2013,0,2013-06-05,C-1413a,RUBI,Valles Occidental,3,0,1,0,1,0,0,0,1,0,0,0,0,100.0,0.0,0,2,No n'hi ha,-1.0,3,2,1,0,0,0,0,0,0,0,1,0,0,2,5,5,1,Caiguda en la via,0,1,2,4,3,2,1,21.35,1,0,2,5,6
11249,2013,1,2013-06-11,SE,VIC,Osona,3,0,1,0,2,1,0,0,0,1,0,0,0,100.0,0.0,0,2,No n'hi ha,-1.0,3,3,1,0,0,0,0,0,0,0,0,0,0,2,4,2,1,Atropellament,0,2,2,5,-1,2,1,10.15,0,3,1,11,6
11250,2013,0,2013-05-18,A-2,SANT JOAN DESPI,Baix Llobregat,3,0,1,0,1,0,0,0,1,0,0,0,0,60.0,0.0,0,2,Habilitació voral/carril addicional,-1.0,1,3,1,0,0,0,0,0,0,0,1,0,0,1,3,-1,0,Xoc contra objecte/obstacle sense sortida prèvia de via,3,1,2,1,1,1,0,1.56,2,4,5,18,5
11251,2013,1,2013-06-15,SE,REUS,Baix Camp,0,0,1,0,1,0,0,0,1,0,0,0,0,100.0,0.0,0,-1,No n'hi ha,-1.0,3,3,1,0,0,0,0,0,0,0,0,0,0,0,4,-1,-1,Caiguda en la via,-1,2,2,5,-1,2,0,20.1,1,0,5,15,6
11252,2013,0,2013-04-17,C-63,SANTA COLOMA DE FARNERS,Selva,1,0,1,0,2,0,0,1,0,1,0,0,0,60.0,0.0,0,2,Carril central,-1.0,3,3,1,0,0,0,0,0,0,0,0,0,0,1,4,4,1,Envestida (frontal lateral),1,1,2,4,2,2,1,18.57,1,2,2,17,4
11253,2013,1,2013-05-24,SE,LLORET DE MAR,Selva,1,0,1,0,1,0,0,0,1,0,0,0,0,30.0,0.0,0,2,No n'hi ha,-1.0,1,3,1,0,0,0,1,0,0,0,0,0,0,0,5,-1,1,Caiguda en la via,-1,2,2,5,-1,2,1,5.3,2,0,4,24,5