,Year,Area,Date,Road,Municipality Name,County Name,Province Name,Fatalties,Serious Injuries,Light Injuries,Units Involved,Pedestrains Involved,Bicycles Involved,Mopeds Involved,Motorcycles,Light Vehicles Involved,Heavy Vehicles Involved,Other Units Involved,Unspecified Units Involved,Road Speed Limit,Accident with Hit and Run,Fog Presence,Surrounding Environment,Special Lane Presence,Special Traffic Measures,Weather Conditions,Special Road Functions,Severity of Accident,Influence of Fog,Influence of Environment,Influence of Traffic,Influence of Weather,Influence of Wind Intensity,Influence of Lighting,Influence of Special Measures,Influence of Road Objects,Influence of Road Surface,Influence of Visibility,Intersection Characteristics,Lighting Conditions,Traffic Regulation and Priority,Direction of Road,Subtype of Accident,Subtype of Road Section,Subzone within Area,Road Surface Conditions,Type of Road,Road Ownership,Wind Conditions,Day of the Week Grouping,Hour of Day,Time of Day Grouping,Type of Accident,Day Type,Day,Month
11254,2013,1,2013-02-02,SE,GURB,Osona,3,0,1,0,2,0,0,0,1,1,0,0,0,100.0,0.0,0,2,No n'hi ha,-1.0,3,1,1,0,0,0,0,0,0,0,0,0,0,1,5,5,1,Envestida (frontal lateral),1,2,2,5,-1,2,0,23.29,2,2,5,2,2
11255,2013,0,2013-04-11,CR,VIELHA E MIJARAN,Val d'Aran,2,0,1,0,1,0,0,0,0,1,0,0,0,30.0,0.0,0,1,No n'hi ha,-1.0,3,3,1,0,0,0,0,0,0,0,0,0,0,0,3,-1,1,Resta sortides de via,-1,1,2,3,4,2,1,2.1,2,1,3,11,4
11256,2013,1,2013-07-03,SE,TARRAGONA,Tarragones,0,1,0,0,2,1,0,0,0,1,0,0,0,100.0,0.0,0,2,No n'hi ha,-1.0,3,3,0,0,0,0,0,0,0,0,0,0,0,0,5,-1,1,Atropellament,-1,2,2,5,-1,2,1,22.28,2,3,2,3,7
11257,2013,0,2013-07-15,N-340,TARRAGONA,Tarragones,0,0,1,0,1,0,0,0,1,0,0,0,0,90.0,0.0,0,-1,Sense Especificar,-1.0,3,3,1,0,0,0,0,0,0,0,0,0,0,0,4,-1,-1,Altres,-1,1,2,4,4,2,1,18.41,1,5,0,15,7
11258,2013,1,2013-07-14,SE,"PRAT DE LLOBREGAT, E",Baix Llobregat,3,0,1,0,2,0,0,1,0,1,0,0,0,70.0,0.0,0,2,No n'hi ha,-1.0,3,3,1,0,0,0,0,0,0,0,0,0,0,0,3,-1,1,Encalç,-1,2,2,5,-1,2,0,4.46,2,2,6,14,7
11259,2013,1,2013-10-08,GI-533,AIGUAVIVA,Girones,1,0,1,0,1,0,0,0,1,0,0,0,0,50.0,0.0,0,2,No n'hi ha,-1.0,3,1,1,0,0,0,0,0,0,0,0,0,0,1,4,-1,1,Xoc contra objecte/obstacle sense sortida prèvia de via,1,2,2,4,3,2,1,8.51,0,4,1,8,10
11260,2013,0,2013-10-01,AP-7,MARTORELL,Baix Llobregat,3,0,1,1,1,0,0,0,0,1,0,0,0,100.0,0.0,0,2,No n'hi ha,-1.0,3,3,1,0,0,0,0,0,0,0,0,0,0,0,4,-1,1,Xoc contra objecte/obstacle sense sortida prèvia de via,-1,1,2,2,1,2,1,18.33,1,4,1,1,10
11261,2013,0,2013-10-29,C-12,ALFES,Segria,2,1,0,0,1,0,0,0,0,1,0,0,0,100.0,0.0,0,3,No n'hi ha,-1.0,3,3,0,0,0,0,0,0,0,0,0,0,0,0,4,-1,1,Resta sortides de via,-1,1,2,4,2,2,1,14.19,1,1,1,29,10
11262,2013,0,2013-12-18,A-2,CASTELLBISBAL,Valles Occidental,3,0,1,0,2,0,0,1,0,1,0,0,0,40.0,0.0,0,2,No n'hi ha,-1.0,3,3,1,0,0,0,0,0,0,0,0,0,0,1,1,4,0,Envestida (frontal lateral),3,1,3,1,1,2,1,6.18,0,2,2,18,12
11263,2013,0,2013-11-07,N-150,CERDANYOLA DEL VALLES,Valles Occidental,3,0,1,0,1,0,0,0,1,0,0,0,0,100.0,0.0,0,2,Carril acceleració,-1.0,3,3,1,0,0,0,0,0,0,0,0,0,0,1,4,4,0,Caiguda en la via,3,1,2,4,2,2,1,11.45,0,0,3,7,11
11264,2013,0,2013-06-14,-GIP 6531.00,BEGUR,Baix Emporda,1,1,0,0,2,0,0,0,1,1,0,0,0,100.0,0.0,0,2,No n'hi ha,-1.0,3,3,0,0,0,0,0,0,0,0,0,0,0,1,4,4,1,Caiguda en la via,1,1,2,4,3,2,1,9.17,0,0,4,14,6
11265,2013,0,2013-10-21,C-60,"ROCA DEL VALLES, LA",Valles Oriental,3,0,1,0,2,0,0,0,1,1,0,0,0,100.0,0.0,0,2,No n'hi ha,-1.0,3,3,1,0,0,1,0,0,0,0,0,0,0,0,4,-1,1,Fregament o col·lisió lateral,-1,1,2,1,2,2,1,17.39,1,2,0,21,10
11266,2013,1,2013-12-21,SE,BARCELONA,Barcelones,3,0,1,0,1,0,1,0,0,0,0,0,0,100.0,0.0,0,-1,No n'hi ha,-1.0,3,3,1,0,0,0,0,0,0,0,0,0,0,0,5,-1,1,Caiguda en la via,-1,2,2,5,-1,2,0,4.3,2,0,5,21,12
11267,2013,0,2013-01-04,C-32,MATARO,Maresme,3,0,1,0,1,0,0,0,1,0,0,0,0,80.0,0.0,0,2,Carril d'alentiment,-1.0,3,3,1,0,0,0,0,0,0,0,0,0,0,1,5,2,1,Resta sortides de via,3,1,2,2,2,2,1,3.5,2,1,4,4,1
11268,2013,1,2013-02-17,SE,CUNIT,Baix Penedes,0,0,1,0,1,0,0,0,1,0,0,0,0,20.0,0.0,0,-1,No n'hi ha,-1.0,3,3,1,0,0,0,0,0,0,0,1,0,0,0,5,-1,0,Xoc contra objecte/obstacle sense sortida prèvia de via,-1,2,2,5,0,2,0,2.4,2,4,6,17,2
11269,2013,1,2013-04-23,SE,ESPARREGUERA,Baix Llobregat,3,0,1,0,2,1,0,0,0,1,0,0,0,40.0,0.0,0,-1,No n'hi ha,-1.0,3,3,1,-1,0,0,0,-1,0,0,0,0,0,0,4,-1,1,Atropellament,-1,2,2,5,-1,2,1,20.1,1,3,1,23,4
11270,2013,0,2013-03-23,C-31,"VENDRELL, EL",Baix Penedes,0,0,1,3,2,0,0,0,0,2,0,0,0,100.0,0.0,0,2,No n'hi ha,-1.0,3,3,1,0,0,0,0,0,0,0,0,0,0,0,3,-1,1,Col·lisió frontal,-1,1,2,4,2,2,0,22.22,2,2,5,23,3
11271,2013,0,2013-05-15,N-340a,TARRAGONA,Tarragones,0,0,1,0,2,1,0,0,0,1,0,0,0,50.0,0.0,0,2,Carril central,-1.0,1,3,1,0,0,0,0,0,0,0,0,0,0,0,2,-1,0,Atropellament,-1,1,2,4,3,2,1,14.1,1,3,2,15,5
11272,2013,1,2013-04-06,SE,BARCELONA,Barcelones,3,0,1,0,2,0,0,1,0,1,0,0,0,100.0,0.0,0,-1,No n'hi ha,-1.0,3,3,1,0,0,0,0,0,0,0,0,0,1,1,5,4,0,Envestida (frontal lateral),2,2,2,5,-1,2,0,22.3,2,2,5,6,4
11273,2013,1,2013-07-19,SE,LLEIDA,Segria,2,0,1,0,1,0,0,0,1,0,0,0,0,100.0,0.0,0,2,No n'hi ha,-1.0,3,3,1,0,0,0,0,0,0,0,1,0,0,0,4,-1,1,Caiguda en la via,-1,2,2,5,-1,2,1,14.3,1,0,4,19,7
11274,2013,1,2013-09-02,N-340,ALTAFULLA,Tarragones,0,0,1,0,2,0,1,0,0,1,0,0,0,100.0,0.0,0,2,No n'hi ha,-1.0,3,1,1,0,0,0,0,0,0,0,0,0,0,1,4,4,0,Altres,0,2,2,4,0,2,1,10.35,0,5,0,2,9
11275,2013,0,2013-08-10,CR,TORTOSA,Baix Ebre,0,0,1,0,1,0,0,0,0,1,0,0,0,100.0,0.0,0,1,No n'hi ha,-1.0,3,3,1,0,0,0,0,0,0,0,0,0,0,0,4,-1,1,Resta sortides de via,-1,1,0,3,4,2,0,20.28,1,1,5,10,8
11276,2013,0,2013-10-13,N-340,MONT-ROIG DEL CAMP,Baix Camp,0,0,1,0,2,0,1,0,0,1,0,0,0,100.0,0.0,0,2,No n'hi ha,-1.0,3,3,1,0,0,0,0,0,0,0,0,0,0,2,4,5,1,Fregament o col·lisió lateral,1,1,2,4,1,2,0,16.48,1,2,6,13,10
11277,2013,0,2013-08-26,C-58,VACARISSES,Valles Occidental,3,1,0,1,3,0,0,0,0,3,0,0,0,100.0,0.0,0,1,No n'hi ha,-1.0,1,3,0,0,0,0,0,0,0,0,0,0,0,0,2,-1,1,Envestida (frontal lateral),-1,1,2,4,2,2,1,14.4,1,2,0,26,8
11278,2013,0,2013-10-27,AP-7,MONTMELO,Valles Oriental,3,0,1,0,1,0,0,0,0,1,0,0,0,120.0,0.0,0,-1,Sense Especificar,-1.0,3,3,1,0,0,0,0,0,0,0,0,0,0,0,4,-1,-1,Resta sortides de via,-1,1,2,2,4,2,0,19.59,1,1,6,27,10
11279,2013,0,2013-08-08,CR,ALT ANEU,Pallars Sobira,2,0,1,0,1,0,0,0,0,1,0,0,0,20.0,0.0,0,3,No n'hi ha,-1.0,3,3,1,0,0,0,0,0,0,0,0,0,0,0,4,-1,1,Caiguda en la via,-1,1,2,3,4,2,1,13.25,0,0,3,8,8
11280,2013,1,2013-02-25,SE,BARCELONA,Barcelones,3,0,1,0,2,1,0,0,0,1,0,0,0,100.0,0.0,0,-1,No n'hi ha,-1.0,3,3,1,0,0,0,0,0,0,0,0,0,0,0,5,-1,1,Atropellament,-1,2,2,5,-1,2,1,5.3,2,3,0,25,2
11281,2013,1,2013-08-08,SE,BARCELONA,Barcelones,3,0,1,1,2,0,0,0,1,1,0,0,0,100.0,0.0,0,-1,No n'hi ha,-1.0,3,3,1,0,0,0,0,0,0,0,0,0,0,1,1,3,0,Fregament o col·lisió lateral,2,2,2,5,-1,2,1,20.5,1,2,3,8,8
11282,2013,0,2013-09-14,C-28,NAUT ARAN,Val d'Aran,2,0,1,0,2,0,0,0,1,1,0,0,0,50.0,0.0,0,1,No n'hi ha,-1.0,3,3,1,0,0,0,0,0,0,0,0,0,0,0,4,-1,1,Caiguda en la via,-1,1,2,4,3,2,0,16.54,1,0,5,14,9
11283,2013,0,2013-08-03,BV-2117,CASTELLET I LA GORNA,Alt Penedes,3,0,1,2,1,0,0,0,0,1,0,0,0,100.0,0.0,0,0,Carril bici,-1.0,3,3,1,0,0,0,0,0,0,0,0,0,0,1,3,-1,1,Xoc contra objecte/obstacle sense sortida prèvia de via,3,1,2,4,3,2,0,4.22,2,4,5,3,8
11284,2013,1,2013-12-17,SE,BADALONA,Barcelones,3,0,1,0,2,0,0,0,1,1,0,0,0,20.0,0.0,0,2,No n'hi ha,-1.0,3,3,1,-1,0,0,0,-1,0,0,0,0,-1,1,5,3,1,Envestida (frontal lateral),2,2,2,5,-1,2,1,7.4,0,2,1,17,12
11285,2013,0,2013-10-15,BP-5002,VILANOVA DEL VALLES,Valles Oriental,3,0,1,0,1,0,1,0,0,0,0,0,0,100.0,1.0,0,2,No n'hi ha,-1.0,3,3,1,0,0,0,0,0,0,0,0,0,0,0,3,-1,1,Encalç,-1,1,2,4,3,2,1,7.18,0,2,1,15,10
11286,2013,1,2013-08-05,SE,BARCELONA,Barcelones,3,0,1,2,2,0,0,0,2,0,0,0,0,100.0,0.0,0,-1,No n'hi ha,-1.0,3,3,1,0,0,0,0,0,0,0,0,0,0,1,4,3,0,Envestida (frontal lateral),2,2,2,5,-1,2,1,14.35,1,2,0,5,8
11287,2013,1,2013-05-07,SE,BARCELONA,Barcelones,3,0,1,0,2,1,0,0,0,1,0,0,0,100.0,0.0,0,-1,No n'hi ha,-1.0,3,3,1,0,0,0,0,0,0,0,0,0,0,1,4,3,1,Atropellament,1,2,2,5,-1,2,1,11.0,0,3,1,7,5
11288,2013,1,2013-07-03,SE,SANT JOAN DESPI,Baix Llobregat,3,0,1,0,1,0,0,0,1,0,0,0,0,100.0,0.0,0,2,No n'hi ha,-1.0,3,3,1,0,1,0,0,0,0,0,0,0,0,1,4,4,1,Caiguda en la via,0,2,2,5,-1,2,1,12.4,0,0,2,3,7
11289,2013,0,2013-06-29,N-260,PRULLANS,Cerdanya,2,0,2,1,2,0,0,0,0,2,0,0,0,90.0,0.0,0,-1,Sense Especificar,-1.0,3,3,1,0,0,0,0,0,0,0,0,0,0,0,4,-1,-1,Envestida (frontal lateral),-1,1,2,4,4,2,0,9.44,0,2,5,29,6
11290,2013,1,2013-10-07,SE,"PRAT DE LLOBREGAT, E",Baix Llobregat,3,0,1,1,2,0,0,0,0,2,0,0,0,100.0,0.0,0,-1,No n'hi ha,-1.0,3,3,1,0,0,0,0,0,0,0,0,0,0,1,4,4,-1,Envestida (frontal lateral),2,2,2,5,-1,2,1,12.12,0,2,0,7,10
11291,2013,0,2013-08-11,C-230a,TORRES DE SEGRE,Segria,2,0,1,3,1,0,0,0,0,1,0,0,0,100.0,0.0,0,1,No n'hi ha,-1.0,3,3,1,0,0,0,0,0,0,0,0,0,0,1,3,4,1,Resta sortides de via,2,1,2,4,0,2,0,4.02,2,1,6,11,8
11292,2013,1,2013-02-20,SE,FRANQUESES DEL VALLE,Valles Oriental,3,0,1,0,2,0,0,0,1,1,0,0,0,50.0,0.0,0,2,Carril central,-1.0,3,3,1,0,0,0,0,0,0,0,0,0,0,1,4,4,1,Envestida (frontal lateral),1,2,2,5,-1,2,1,14.05,1,2,2,20,2
11293,2013,1,2013-02-22,SE,SANT QUIRZE DEL VALLES,Valles Occidental,3,0,1,0,2,1,0,0,0,1,0,0,0,100.0,0.0,0,2,No n'hi ha,-1.0,3,3,1,0,0,0,0,0,0,0,0,0,0,1,1,2,0,Atropellament,0,2,2,5,-1,2,1,7.12,0,3,4,22,2
11294,2013,1,2013-03-02,SE,GIRONA,Girones,1,0,1,7,2,0,0,0,0,2,0,0,0,20.0,0.0,0,-1,No n'hi ha,-1.0,3,3,1,0,0,0,0,0,0,0,0,0,0,1,0,4,-1,Envestida (frontal lateral),2,2,2,5,-1,2,0,0.33,2,2,5,2,3
11295,2013,1,2013-07-09,N-II,VILASSAR DE MAR,Maresme,3,0,2,0,2,1,0,0,1,0,0,0,0,50.0,0.0,0,2,Carril avançament,-1.0,3,1,1,0,0,0,0,0,0,0,0,0,0,0,4,-1,1,Atropellament,-1,2,2,4,1,2,1,14.3,1,3,1,9,7
11296,2013,0,2013-08-04,C-65,QUART,Girones,1,0,1,1,1,0,0,0,0,1,0,0,0,100.0,0.0,0,1,No n'hi ha,-1.0,3,3,1,0,0,0,0,0,0,0,0,0,0,0,3,-1,1,Resta sortides de via,-1,1,2,4,2,2,0,5.3,2,1,6,4,8
11297,2013,1,2013-07-09,SE,IGUALADA,Anoia,3,0,1,0,2,1,0,0,0,1,0,0,0,50.0,0.0,0,-1,No n'hi ha,-1.0,3,3,1,-1,0,0,0,-1,0,0,0,0,-1,1,4,2,1,Atropellament,2,2,2,5,-1,2,1,19.55,1,3,1,9,7
11298,2013,0,2013-09-09,C-35,VIDRERES,Selva,1,0,1,0,1,0,0,0,0,0,1,0,0,80.0,0.0,0,3,No n'hi ha,-1.0,3,3,1,0,0,0,0,0,0,0,0,0,0,1,4,2,0,Altres,3,1,2,1,2,2,1,13.55,0,5,0,9,9
11299,2013,0,2013-08-23,C-12,CORBINS,Segria,2,0,1,0,1,0,0,0,0,1,0,0,0,100.0,0.0,0,1,No n'hi ha,-1.0,3,3,1,0,0,0,0,0,0,0,0,0,0,0,0,-1,1,Sortida de via amb xoc o col·lisió,-1,1,2,4,2,2,0,23.07,2,1,4,23,8
11300,2013,0,2013-12-08,C-32,SANT ANDREU DE LLAVANERES,Maresme,3,0,1,0,2,1,0,0,0,1,0,0,0,120.0,0.0,0,1,No n'hi ha,-1.0,3,3,1,0,0,0,0,0,0,0,0,0,0,0,4,-1,1,Atropellament,-1,1,2,2,2,2,0,14.5,1,3,6,8,12
11301,2013,0,2013-11-10,C-14,ORGANYA,Alt Urgell,2,0,1,0,1,0,0,0,0,1,0,0,0,90.0,0.0,0,0,No n'hi ha,-1.0,3,3,1,0,0,0,0,0,0,0,0,0,0,0,4,-1,1,Resta sortides de via,-1,1,2,4,2,2,0,16.33,1,1,6,10,11
11302,2013,1,2013-01-19,SE,TARRAGONA,Tarragones,0,0,1,0,1,0,0,1,0,0,0,0,0,30.0,0.0,0,2,No n'hi ha,-1.0,1,3,1,-1,0,0,1,-1,0,0,0,0,-1,0,2,-1,1,Caiguda en la via,-1,2,0,5,-1,2,0,15.3,1,0,5,19,1
11303,2013,1,2013-07-07,SE,MANRESA,Bages,3,0,1,0,2,1,0,0,0,1,0,0,0,30.0,0.0,0,2,No n'hi ha,-1.0,3,3,1,0,0,0,0,0,0,0,0,0,0,0,4,-1,0,Atropellament,-1,2,1,5,-1,2,0,12.15,0,3,6,7,7
11304,2013,0,2013-09-18,N-260,ESTAMARIU,Alt Urgell,2,0,1,2,2,0,0,0,0,2,0,0,0,70.0,0.0,0,1,No n'hi ha,-1.0,3,3,1,0,0,0,0,0,0,0,0,0,0,1,4,4,1,Envestida (frontal lateral),2,1,2,4,1,2,1,9.1,0,2,2,18,9
11305,2013,1,2013-09-28,SE,ESPLUGUES DE LLOBREGAT,Baix Llobregat,3,0,1,0,1,0,0,0,1,0,0,0,0,40.0,0.0,0,-1,No n'hi ha,-1.0,3,3,1,-1,-1,0,0,-1,0,0,0,0,0,0,4,-1,-1,Sortida de via amb xoc o col·lisió,-1,2,2,5,-1,2,0,6.3,0,1,5,28,9
11306,2013,1,2013-11-11,SE,BARCELONA,Barcelones,3,0,1,0,2,0,0,1,0,1,0,0,0,100.0,1.0,0,-1,No n'hi ha,-1.0,3,3,1,0,0,0,0,0,0,0,0,0,0,0,4,-1,0,Fregament o col·lisió lateral,-1,2,2,5,-1,2,1,15.0,1,2,0,11,11
11307,2013,0,2013-01-11,BV-1432,LLICA D'AMUNT,Valles Oriental,3,0,2,2,2,0,0,0,0,2,0,0,0,100.0,0.0,0,2,No n'hi ha,-1.0,3,3,1,0,0,0,0,0,0,0,0,0,0,1,4,4,1,Envestida (frontal lateral),1,1,2,4,3,2,1,10.0,0,2,4,11,1
11308,2013,0,2013-05-22,C-66,BANYOLES,Pla de l'Estany,1,0,1,0,1,0,0,0,0,1,0,0,0,100.0,0.0,0,2,No n'hi ha,-1.0,3,3,1,0,0,0,0,0,0,0,0,0,0,0,4,-1,1,Sortida de via amb xoc o col·lisió,-1,1,2,4,3,2,1,12.55,0,1,2,22,5
11309,2013,0,2013-06-22,C-1414,ESPARREGUERA,Baix Llobregat,3,1,0,0,1,0,0,0,1,0,0,0,0,100.0,0.0,0,3,No n'hi ha,-1.0,3,3,0,0,0,0,0,0,0,0,0,0,0,0,4,-1,1,Xoc contra objecte/obstacle sense sortida prèvia de via,-1,1,2,4,2,2,0,10.24,0,4,5,22,6
11310,2013,1,2013-02-13,SE,TARRAGONA,Tarragones,0,0,1,0,2,1,0,0,0,1,0,0,0,100.0,0.0,0,2,No n'hi ha,-1.0,3,3,1,0,0,0,0,0,0,0,0,0,0,0,4,-1,1,Atropellament,-1,2,2,5,-1,0,1,12.45,0,3,2,13,2
11311,2013,0,2013-04-07,C-260,CASTELLO D'EMPURIES,Alt Emporda,1,0,1,0,2,0,1,0,0,1,0,0,0,80.0,0.0,0,3,No n'hi ha,-1.0,3,3,1,0,0,0,0,0,0,0,0,0,0,0,3,-1,1,Encalç,-1,1,2,4,2,2,0,21.07,1,2,6,7,4
11312,2013,1,2013-05-09,SE,TERRASSA,Valles Occidental,3,0,1,0,2,1,0,0,0,1,0,0,0,100.0,0.0,0,-1,No n'hi ha,-1.0,3,3,1,0,0,0,0,0,0,0,0,0,0,0,4,-1,-1,Atropellament,-1,2,2,5,-1,2,1,12.5,0,3,3,9,5
11313,2013,1,2013-06-18,SE,SALOU,Tarragones,0,0,1,0,2,0,0,0,1,1,0,0,0,100.0,0.0,0,2,No n'hi ha,-1.0,1,3,1,0,0,0,1,0,0,0,0,0,0,0,0,-1,0,Caiguda en la via,-1,2,2,5,-1,2,1,3.55,2,0,1,18,6
11314,2013,0,2013-04-29,C-55,CASTELLBELL I EL VIL,Bages,3,0,2,0,2,0,0,0,0,2,0,0,0,90.0,0.0,0,0,No n'hi ha,-1.0,1,3,1,0,0,0,0,0,0,0,0,0,0,0,2,-1,1,Envestida (frontal lateral),-1,1,2,4,2,2,1,11.45,0,2,0,29,4
11316,2013,0,2013-01-29,C-32,MONTGAT,Maresme,3,0,1,0,1,0,0,0,1,0,0,0,0,100.0,0.0,0,3,No n'hi ha,-1.0,3,3,1,0,0,0,0,0,0,0,1,0,0,2,4,-1,0,Xoc amb animal a la calçada,1,1,2,2,2,2,1,17.0,1,4,1,29,1
11317,2013,0,2013-03-21,L-303,OSSO DE SIO,Urgell,2,1,0,1,1,0,0,0,0,1,0,0,0,100.0,0.0,0,2,No n'hi ha,-1.0,3,3,0,0,0,0,0,0,0,0,0,0,0,0,4,-1,1,Resta sortides de via,-1,1,2,4,2,2,1,16.08,1,1,3,21,3
11318,2013,1,2013-04-07,SE,BARCELONA,Barcelones,3,0,1,1,2,1,0,0,1,0,0,0,0,100.0,0.0,0,-1,No n'hi ha,-1.0,3,3,1,0,0,0,0,0,0,0,0,0,1,1,4,2,1,Atropellament,1,2,2,5,-1,2,0,17.25,1,3,6,7,4
11319,2013,0,2013-09-12,C-31,SANT ADRIA DE BESOS,Barcelones,3,0,1,2,2,0,0,0,1,1,0,0,0,60.0,0.0,0,1,No n'hi ha,-1.0,3,3,1,0,0,0,0,0,0,0,0,0,0,1,5,4,0,Col·lisió frontal,3,1,2,1,2,2,1,0.04,2,2,3,12,9
11320,2013,0,2013-06-15,C-1412a,"PRATS DE REI, ELS",Anoia,3,0,1,17,1,0,0,0,0,0,1,0,0,40.0,0.0,0,1,No n'hi ha,-1.0,3,3,1,0,0,0,0,0,0,0,0,0,0,1,4,4,1,Resta sortides de via,0,1,2,4,2,2,0,13.05,0,1,5,15,6
11321,2013,1,2013-10-08,SE,BADALONA,Barcelones,3,0,1,1,2,0,0,0,1,1,0,0,0,20.0,0.0,0,-1,No n'hi ha,-1.0,3,3,1,0,0,0,0,0,0,0,0,0,0,1,4,4,-1,Envestida (frontal lateral),2,2,2,5,-1,2,1,12.45,0,2,1,8,10
11322,2013,1,2013-01-02,SE,BARCELONA,Barcelones,3,0,1,0,2,0,0,0,1,0,1,0,0,100.0,0.0,0,-1,No n'hi ha,-1.0,3,3,1,0,0,0,0,0,0,0,0,0,0,0,5,-1,0,Encalç,-1,2,2,5,-1,2,1,20.4,1,2,2,2,1
11323,2013,1,2013-02-03,SE,BARCELONA,Barcelones,3,0,1,0,2,0,0,0,1,1,0,0,0,100.0,0.0,0,-1,No n'hi ha,-1.0,3,3,1,0,0,0,0,0,0,0,0,0,0,1,4,3,0,Fregament o col·lisió lateral,2,2,2,5,-1,2,0,9.3,0,2,6,3,2
11324,2013,1,2013-11-09,SE,SABADELL,Valles Occidental,3,0,1,0,2,1,0,0,0,1,0,0,0,100.0,0.0,0,-1,No n'hi ha,-1.0,3,3,1,0,0,0,0,0,0,0,0,0,0,0,4,-1,-1,Atropellament,-1,2,2,5,-1,2,0,17.52,1,3,5,9,11
11325,2013,0,2013-10-22,A-2,BELL-LLOC D'URGELL,Pla d'Urgell,2,1,0,0,2,0,0,0,0,1,1,0,0,100.0,0.0,0,2,No n'hi ha,3.0,3,3,0,0,0,1,0,0,0,0,0,0,0,0,4,-1,1,Encalç,-1,1,2,1,1,2,1,15.4,1,2,1,22,10
11326,2013,1,2013-07-05,SE,HOSPITALET DE LLOBREGAT,Barcelones,3,0,1,0,2,0,0,0,1,1,0,0,0,20.0,0.0,0,2,No n'hi ha,,3,3,1,-1,0,0,0,-1,0,1,0,0,1,1,4,5,1,Envestida (frontal lateral),2,2,2,5,0,2,1,8.1,0,2,4,5,7
11327,2013,1,2013-07-13,SE,HOSPITALET DE LLOBREGAT,Barcelones,3,0,1,0,1,0,0,0,1,0,0,0,0,20.0,0.0,0,-1,No n'hi ha,-1.0,3,3,1,-1,0,0,0,-1,0,0,0,0,-1,0,4,-1,0,Xoc contra objecte/obstacle sense sortida prèvia de via,-1,2,2,5,-1,2,0,15.53,1,4,5,13,7
11328,2013,1,2013-12-13,SE,REUS,Baix Camp,0,0,1,0,2,0,0,1,0,1,0,0,0,100.0,0.0,0,-1,No n'hi ha,-1.0,3,3,1,0,0,0,0,0,0,0,0,0,0,0,4,-1,-1,Fregament o col·lisió lateral,-1,2,2,5,-1,2,0,18.5,1,2,4,13,12
11329,2013,0,2013-02-15,C-1413a,MOLINS DE REI,Baix Llobregat,3,0,1,0,1,0,0,0,1,0,0,0,0,40.0,0.0,0,2,No n'hi ha,-1.0,3,3,1,0,0,0,0,0,0,0,0,0,0,0,5,-1,0,Sortida de via amb xoc o col·lisió,-1,1,2,4,2,2,0,20.42,1,1,4,15,2
11330,2013,0,2013-04-08,C-63,BRUNYOLA,Selva,1,1,0,0,1,0,0,0,0,1,0,0,0,70.0,0.0,0,3,No n'hi ha,-1.0,3,3,0,0,0,0,0,0,0,0,0,0,0,0,0,-1,1,Xoc contra objecte/obstacle sense sortida prèvia de via,-1,1,2,4,2,2,1,21.0,1,4,0,8,4
11331,2013,0,2013-06-02,C-58,BADIA DEL VALLES,Valles Occidental,3,0,1,3,2,0,0,0,0,2,0,0,0,100.0,0.0,0,2,No n'hi ha,-1.0,3,3,1,0,0,0,0,0,0,0,0,0,0,0,3,-1,1,Envestida (frontal lateral),-1,1,2,1,2,2,0,2.05,2,2,6,2,6
11332,2013,0,2013-01-15,C-155,LLICA DE VALL,Valles Oriental,3,0,1,0,2,0,1,0,0,1,0,0,0,40.0,0.0,0,2,No n'hi ha,-1.0,3,3,1,0,0,0,0,0,0,0,0,0,0,1,5,4,1,Envestida (frontal lateral),0,1,2,4,2,2,1,20.0,1,2,1,15,1
11333,2013,1,2013-03-19,SE,LLICA D'AMUNT,Valles Oriental,3,0,1,0,2,1,0,0,0,1,0,0,0,30.0,0.0,0,2,No n'hi ha,-1.0,3,3,1,0,0,0,0,0,0,0,0,0,0,2,4,5,0,Atropellament,1,2,2,5,-1,2,1,12.13,0,3,1,19,3
11334,2013,0,2013-10-24,BV-4601,GURB,Osona,3,0,1,0,1,0,0,0,0,1,0,0,0,90.0,0.0,0,-1,Sense Especificar,-1.0,3,3,1,0,0,0,0,0,0,0,0,0,0,0,4,-1,-1,Resta sortides de via,-1,1,2,4,4,2,1,18.12,1,1,3,24,10
11335,2013,1,2013-09-26,SE,SANTA MARIA DE PALAU,Valles Oriental,3,0,1,0,2,0,1,0,0,1,0,0,0,40.0,0.0,0,2,No n'hi ha,-1.0,3,3,1,0,0,0,0,0,0,0,0,0,1,1,4,-1,1,Envestida (frontal lateral),1,2,2,5,-1,2,1,18.15,1,2,3,26,9
11336,2013,1,2013-01-04,SE,BARCELONA,Barcelones,3,0,1,1,2,0,0,0,2,0,0,0,0,100.0,0.0,0,-1,No n'hi ha,-1.0,3,3,1,0,0,0,0,0,0,0,0,0,0,0,4,-1,1,Caiguda en la via,-1,2,2,5,-1,2,0,15.15,1,0,4,4,1
11337,2013,0,2013-09-06,AP-7,SANTA PERPETUA DE MO,Valles Occidental,3,1,0,0,2,0,0,0,0,0,2,0,0,120.0,0.0,0,2,No n'hi ha,-1.0,3,3,0,0,0,0,0,0,0,0,0,0,0,0,3,-1,1,Encalç,-1,1,2,2,1,2,1,3.08,2,2,4,6,9