,Year,Area,Date,Road,Municipality Name,County Name,Province Name,Fatalties,Serious Injuries,Light Injuries,Units Involved,Pedestrains Involved,Bicycles Involved,Mopeds Involved,Motorcycles,Light Vehicles Involved,Heavy Vehicles Involved,Other Units Involved,Unspecified Units Involved,Road Speed Limit,Accident with Hit and Run,Fog Presence,Surrounding Environment,Special Lane Presence,Special Traffic Measures,Weather Conditions,Special Road Functions,Severity of Accident,Influence of Fog,Influence of Environment,Influence of Traffic,Influence of Weather,Influence of Wind Intensity,Influence of Lighting,Influence of Special Measures,Influence of Road Objects,Influence of Road Surface,Influence of Visibility,Intersection Characteristics,Lighting Conditions,Traffic Regulation and Priority,Direction of Road,Subtype of Accident,Subtype of Road Section,Subzone within Area,Road Surface Conditions,Type of Road,Road Ownership,Wind Conditions,Day of the Week Grouping,Hour of Day,Time of Day Grouping,Type of Accident,Day Type,Day,Month
11338,2013,1,2013-11-06,SE,SANT FELIU DE GUIXOLS,Baix Emporda,1,0,1,0,2,1,0,0,0,1,0,0,0,20.0,0.0,0,-1,No n'hi ha,-1.0,3,3,1,-1,-1,0,0,-1,0,0,0,0,-1,0,2,-1,-1,Atropellament,-1,2,2,5,-1,2,1,19.42,1,3,2,6,11
11339,2013,1,2013-09-17,N-150,SABADELL,Valles Occidental,3,0,1,0,2,0,0,1,0,0,1,0,0,100.0,0.0,0,2,No n'hi ha,-1.0,3,3,1,0,0,0,0,0,0,0,0,0,0,1,4,3,1,Resta sortides de via,2,0,2,4,0,2,1,19.27,1,1,1,17,9
11340,2013,1,2013-10-28,SE,BADALONA,Barcelones,3,0,1,0,2,1,0,0,0,1,0,0,0,20.0,0.0,0,-1,No n'hi ha,-1.0,3,3,1,-1,0,0,0,-1,0,0,0,0,0,1,4,2,0,Atropellament,1,2,2,5,-1,2,1,10.3,0,3,0,28,10
11341,2013,1,2013-10-22,SE,BANYOLES,Pla de l'Estany,1,0,1,0,2,0,0,0,0,2,0,0,0,100.0,0.0,0,2,No n'hi ha,-1.0,3,3,1,0,0,0,0,0,0,0,0,0,0,1,4,4,1,Envestida (frontal lateral),2,2,2,5,-1,2,1,11.01,0,2,1,22,10
11342,2013,1,2013-06-29,SE,LLORET DE MAR,Selva,1,0,1,0,2,0,0,0,1,1,0,0,0,30.0,0.0,0,2,No n'hi ha,-1.0,3,3,1,0,0,0,0,0,0,0,0,0,0,0,4,-1,0,Envestida (frontal lateral),-1,2,2,5,-1,2,0,16.3,1,2,5,29,6
11343,2013,0,2013-08-18,C-31E,MATARO,Maresme,3,1,0,1,1,0,0,0,1,0,0,0,0,40.0,0.0,0,1,No n'hi ha,-1.0,3,2,0,0,0,0,0,0,0,0,0,0,0,0,4,-1,1,Sortida de via amb xoc o col·lisió,-1,1,2,4,2,2,0,16.52,1,1,6,18,8
11344,2013,1,2013-10-17,SE,LLEIDA,Segria,2,0,1,0,2,0,0,0,1,1,0,0,0,20.0,0.0,0,-1,No n'hi ha,-1.0,3,3,1,-1,0,0,0,-1,0,0,0,0,-1,1,5,5,1,Envestida (frontal lateral),3,2,2,5,-1,2,1,19.15,1,2,3,17,10
11345,2013,0,2013-05-27,B-245,VILADECAVALLS,Valles Occidental,3,1,0,1,2,0,0,0,0,1,1,0,0,100.0,0.0,0,-1,No n'hi ha,-1.0,3,3,0,0,0,0,0,0,0,0,0,0,0,0,4,-1,-1,Altres,-1,1,2,4,-1,2,1,10.3,0,5,0,27,5
11346,2013,1,2013-08-25,SE,SANT ADRIA DE BESOS,Barcelones,3,0,1,5,2,0,0,0,0,2,0,0,0,100.0,0.0,0,-1,No n'hi ha,-1.0,3,3,1,0,0,0,0,0,0,0,0,0,0,0,4,-1,-1,Envestida (frontal lateral),-1,2,2,5,-1,2,0,18.2,1,2,6,25,8
11347,2013,0,2013-10-18,C-26,"SENTIU DE SIO, LA",Noguera,2,0,1,0,1,0,0,0,0,1,0,0,0,100.0,0.0,0,2,No n'hi ha,-1.0,3,3,1,0,0,0,0,0,0,0,0,0,0,0,4,-1,1,Sortida de via amb xoc o col·lisió,-1,1,2,4,2,2,1,14.3,1,1,4,18,10
11348,2013,0,2013-02-02,C-26,CASTELLO DE FARFANYA,Noguera,2,1,2,1,1,0,0,0,0,1,0,0,0,100.0,0.0,0,2,No n'hi ha,-1.0,3,3,0,0,1,0,0,0,0,0,0,0,0,0,4,-1,1,Resta sortides de via,-1,1,2,4,2,1,0,16.42,1,1,5,2,2
11349,2013,0,2013-06-05,N-141c,MOIA,Moianès,3,0,1,0,1,0,0,0,0,1,0,0,0,100.0,0.0,0,1,No n'hi ha,-1.0,3,3,1,0,0,0,0,0,0,0,0,0,0,0,4,-1,1,Sortida de via amb xoc o col·lisió,-1,1,2,4,2,2,1,19.1,1,1,2,5,6
11350,2013,1,2013-06-22,SE,LLEIDA,Segria,2,0,1,0,2,1,0,0,0,1,0,0,0,100.0,0.0,0,2,No n'hi ha,-1.0,3,3,1,0,0,0,0,0,0,0,0,0,0,0,4,-1,1,Atropellament,-1,2,2,5,-1,2,0,10.15,0,3,5,22,6
11351,2013,1,2013-07-07,SE,TERRASSA,Valles Occidental,3,0,1,0,3,0,0,0,1,0,1,1,0,100.0,0.0,0,2,No n'hi ha,-1.0,3,3,1,0,0,0,0,0,0,0,0,0,0,0,1,-1,1,Xoc contra objecte/obstacle sense sortida prèvia de via,-1,2,2,5,-1,2,0,5.47,2,4,6,7,7
11352,2013,0,2013-08-01,C-60,ARGENTONA,Maresme,3,0,1,1,1,0,0,0,1,0,0,0,0,100.0,0.0,0,0,No n'hi ha,-1.0,3,3,1,0,0,0,0,0,0,0,0,0,0,0,4,-1,1,Caiguda en la via,-1,1,2,1,2,2,1,14.15,1,0,3,1,8
11353,2013,0,2013-10-30,C-32,ESPLUGUES DE LLOBREGAT,Baix Llobregat,3,0,1,0,2,0,0,0,1,1,0,0,0,80.0,0.0,0,0,No n'hi ha,-1.0,3,3,1,0,0,0,0,0,0,0,0,0,0,0,4,-1,1,Fregament o col·lisió lateral,-1,1,2,2,2,2,1,8.18,0,2,2,30,10
11354,2013,0,2013-11-03,C-66,FORALLAC,Baix Emporda,1,0,1,0,1,0,0,0,1,0,0,0,0,100.0,0.0,0,1,No n'hi ha,-1.0,3,3,1,0,0,0,0,0,0,0,0,0,0,0,4,-1,1,Caiguda en la via,-1,1,2,4,2,2,0,11.45,0,0,6,3,11
11355,2013,1,2013-06-27,SE,REUS,Baix Camp,0,0,1,0,2,1,0,0,0,1,0,0,0,100.0,0.0,0,-1,No n'hi ha,-1.0,3,3,1,0,0,0,0,0,0,0,0,0,0,0,4,-1,-1,Atropellament,-1,2,2,5,-1,2,1,12.56,0,3,3,27,6
11356,2013,1,2013-05-19,SE,BARCELONA,Barcelones,3,0,1,1,2,0,0,0,1,1,0,0,0,100.0,0.0,0,-1,No n'hi ha,-1.0,1,3,1,0,0,0,0,0,0,0,0,0,0,1,4,3,1,Fregament o col·lisió lateral,2,2,0,5,-1,2,0,17.45,1,2,6,19,5
11357,2013,1,2013-09-02,SE,HOSPITALET DE LLOBREGAT,Barcelones,3,0,1,0,2,0,0,0,1,1,0,0,0,20.0,0.0,0,-1,No n'hi ha,-1.0,3,3,1,-1,0,0,0,-1,0,0,0,0,-1,1,4,5,0,Envestida (frontal lateral),1,2,2,5,-1,2,1,16.55,1,2,0,2,9
11358,2013,0,2013-06-18,C-59,SAN FELIU DE CODINES,Valles Oriental,3,0,1,0,2,0,0,0,0,1,1,0,0,100.0,0.0,0,3,No n'hi ha,-1.0,3,3,1,0,1,0,0,0,0,0,0,0,0,0,4,-1,1,Fregament o col·lisió lateral,-1,1,2,4,2,2,1,9.1,0,2,1,18,6
11359,2013,0,2013-01-30,C-59,CALDES DE MONTBUI,Valles Oriental,3,1,2,1,2,0,0,0,0,2,0,0,0,100.0,0.0,0,3,No n'hi ha,-1.0,3,3,0,0,0,0,0,0,0,0,0,0,0,0,4,-1,1,Envestida (frontal lateral),-1,1,2,4,2,2,1,17.21,1,2,2,30,1
11360,2013,0,2013-04-01,C-17,SEVA,Osona,3,0,1,1,1,0,0,0,0,1,0,0,0,80.0,0.0,0,0,No n'hi ha,-1.0,1,3,1,0,0,0,1,0,0,0,0,0,0,0,1,-1,1,Sortida de via amb xoc o col·lisió,-1,1,2,1,2,2,1,19.51,1,1,0,1,4
11361,2013,0,2013-05-30,C-16,BARCELONA,Barcelones,3,0,1,0,2,0,0,0,1,1,0,0,0,80.0,0.0,0,0,No n'hi ha,-1.0,3,3,1,0,0,0,0,0,0,0,0,0,0,0,5,-1,1,Encalç,-1,1,2,2,2,2,1,19.15,1,2,3,30,5
11362,2013,1,2013-01-12,SE,CASTELL-PLATJA D'ARO,Baix Emporda,1,0,1,1,2,0,0,1,0,1,0,0,0,40.0,0.0,0,1,No n'hi ha,-1.0,3,3,1,0,0,0,0,0,0,0,0,0,0,1,4,4,1,Col·lisió frontal,0,2,2,5,-1,2,0,13.1,0,2,5,12,1
11363,2013,0,2013-03-06,C-17,LLICA D'AMUNT,Valles Oriental,3,0,1,0,1,0,0,0,0,1,0,0,0,80.0,0.0,0,1,No n'hi ha,-1.0,1,3,1,0,1,0,0,0,0,0,0,0,0,0,2,-1,1,Resta sortides de via,-1,1,2,1,2,2,1,12.18,0,1,2,6,3
11364,2013,1,2013-01-10,SE,CORNELLA DE LLOBREGAT,Baix Llobregat,3,0,1,0,2,0,1,0,0,1,0,0,0,20.0,0.0,0,-1,No n'hi ha,-1.0,3,3,1,-1,0,0,0,-1,0,0,0,0,-1,0,4,-1,1,Envestida (frontal lateral),-1,2,2,5,-1,2,1,15.4,1,2,3,10,1
11365,2013,1,2013-04-12,SE,ALFARRAS,Segria,2,0,1,0,2,1,0,0,0,1,0,0,0,100.0,0.0,0,2,No n'hi ha,-1.0,3,3,1,0,0,0,0,0,1,0,0,0,0,1,4,-1,1,Atropellament,2,2,2,5,-1,2,1,8.45,0,3,4,12,4
11366,2013,0,2013-04-09,BV-2115,VILANOVA I LA GELTRU,Garraf,3,0,1,0,2,0,1,0,0,1,0,0,0,90.0,0.0,0,-1,Sense Especificar,-1.0,3,3,1,0,0,0,0,0,0,0,0,0,0,0,4,-1,-1,Altres,-1,1,2,4,4,2,1,20.46,1,5,1,9,4
11367,2013,1,2013-03-01,SE,"MORELL, EL",Tarragones,0,0,1,0,3,2,0,0,0,1,0,0,0,100.0,0.0,0,1,No n'hi ha,-1.0,3,3,1,0,0,0,0,0,0,0,0,0,0,0,4,-1,1,Atropellament,-1,2,2,5,-1,2,0,17.45,1,3,4,1,3
11368,2013,0,2013-02-16,N-340,MONT-ROIG DEL CAMP,Baix Camp,0,0,1,0,1,0,0,0,0,1,0,0,0,80.0,0.0,0,0,Carril d'alentiment,-1.0,3,3,1,0,1,0,0,0,0,0,0,0,0,1,4,-1,1,Resta sortides de via,3,1,2,4,1,2,0,13.0,0,1,5,16,2
11369,2013,1,2013-04-10,SE,BARCELONA,Barcelones,3,0,1,0,1,0,0,0,1,0,0,0,0,100.0,0.0,0,-1,No n'hi ha,-1.0,3,3,1,0,0,0,0,0,0,0,0,0,0,1,5,3,1,Xoc contra objecte/obstacle sense sortida prèvia de via,2,2,2,5,-1,2,1,21.3,1,4,2,10,4
11370,2013,0,2013-09-11,BV-1221,MATADEPERA,Valles Occidental,3,0,1,1,1,0,0,0,1,0,0,0,0,100.0,0.0,0,3,No n'hi ha,-1.0,3,3,1,0,0,0,0,0,0,0,0,0,0,0,4,-1,1,Altres,-1,1,2,4,3,2,1,18.3,1,5,2,11,9
11371,2013,1,2013-06-27,SE,GRANOLLERS,Valles Oriental,3,0,1,0,2,0,0,0,1,1,0,0,0,30.0,0.0,0,2,No n'hi ha,-1.0,3,3,1,0,0,0,0,0,0,0,0,0,0,0,4,-1,1,Caiguda en la via,-1,2,2,5,-1,2,1,15.05,1,0,3,27,6
11372,2013,1,2013-05-30,SE,AVIA,Bergueda,3,0,1,1,1,0,0,0,0,0,0,1,0,100.0,0.0,0,1,No n'hi ha,-1.0,3,3,1,0,0,0,0,0,0,0,0,0,0,1,4,5,1,Xoc contra objecte/obstacle sense sortida prèvia de via,1,2,2,5,-1,2,1,20.3,1,4,3,30,5
11373,2013,1,2013-07-05,SE,HOSPITALET DE LLOBREGAT,Barcelones,3,0,1,0,1,0,0,0,1,0,0,0,0,20.0,0.0,0,-1,No n'hi ha,-1.0,3,3,1,-1,0,0,0,-1,0,0,0,0,-1,1,0,5,0,Caiguda en la via,0,2,2,5,-1,2,0,21.2,1,0,4,5,7
11374,2013,0,2013-09-11,BP-4653,PERAFITA,Osona,3,0,1,0,1,0,0,0,0,1,0,0,0,90.0,0.0,0,-1,Sense Especificar,-1.0,3,3,1,0,0,0,0,0,0,0,0,0,0,0,4,-1,-1,Resta sortides de via,-1,1,2,4,4,2,1,6.28,0,1,2,11,9
11375,2013,1,2013-10-30,SE,TERRASSA,Valles Occidental,3,0,1,0,2,1,0,0,0,1,0,0,0,100.0,0.0,0,-1,No n'hi ha,-1.0,3,3,1,0,0,0,0,0,0,0,0,0,0,0,4,-1,-1,Atropellament,-1,2,2,5,-1,2,1,15.35,1,3,2,30,10
11376,2013,1,2013-04-17,SE,BADALONA,Barcelones,3,0,1,0,1,0,0,1,0,0,0,0,0,20.0,0.0,0,-1,No n'hi ha,-1.0,3,3,1,-1,0,0,0,-1,0,0,0,0,-1,0,4,-1,0,Caiguda en la via,-1,2,2,5,-1,2,1,14.13,1,0,2,17,4
11377,2013,1,2013-12-04,SE,VIC,Osona,3,0,1,0,2,0,0,1,0,1,0,0,0,100.0,0.0,0,2,No n'hi ha,-1.0,3,3,1,0,0,0,0,0,0,0,0,0,0,0,4,-1,1,Encalç,-1,2,2,5,-1,2,1,11.55,0,2,2,4,12
11378,2013,1,2013-06-04,SE,BARCELONA,Barcelones,3,0,1,0,2,0,0,1,1,0,0,0,0,100.0,0.0,0,-1,No n'hi ha,-1.0,3,3,1,0,0,0,0,0,0,0,0,0,0,1,4,3,0,Encalç,1,2,2,5,-1,2,1,19.4,1,2,1,4,6
11379,2013,1,2013-11-12,SE,GIRONA,Girones,1,0,1,0,2,1,0,0,0,1,0,0,0,30.0,0.0,0,3,No n'hi ha,-1.0,3,3,1,0,0,0,0,0,0,0,0,0,0,2,4,3,1,Atropellament,1,2,2,5,-1,2,1,12.25,0,3,1,12,11
11380,2013,0,2013-06-09,B-210,GAVA,Baix Llobregat,3,0,1,0,1,0,0,0,1,0,0,0,0,30.0,0.0,0,2,No n'hi ha,-1.0,3,3,1,0,0,0,0,0,0,0,0,0,0,1,4,4,1,Caiguda en la via,1,1,2,4,4,2,0,17.04,1,0,6,9,6
11381,2013,1,2013-10-01,SE,SANT BOI DE LLOBREGAT,Baix Llobregat,3,0,1,0,1,0,0,0,0,0,1,0,0,20.0,,0,-1,No n'hi ha,-1.0,3,3,1,0,-1,0,0,0,0,0,0,0,0,1,4,5,-1,Xoc contra objecte/obstacle sense sortida prèvia de via,0,2,2,5,-1,2,1,14.4,1,4,1,1,10
11382,2013,1,2013-10-05,SE,SANT SALVADOR DE GUARDIA,Bages,3,0,1,0,1,0,0,0,0,1,0,0,0,100.0,0.0,0,1,No n'hi ha,-1.0,3,3,1,0,0,0,0,0,0,0,0,0,0,0,4,-1,1,Caiguda en la via,-1,2,0,5,-1,2,0,17.4,1,0,5,5,10
11383,2013,0,2013-09-21,CR34,LLORET DE MAR,Selva,1,0,1,0,1,0,0,0,1,0,0,0,0,100.0,0.0,0,2,No n'hi ha,-1.0,3,3,1,0,0,0,0,0,0,0,0,1,0,0,4,-1,1,Resta sortides de via,-1,1,0,3,-1,2,0,16.5,1,1,5,21,9
11384,2013,1,2013-09-27,SE,TERRASSA,Valles Occidental,3,0,1,0,2,1,0,0,0,1,0,0,0,100.0,0.0,0,2,No n'hi ha,-1.0,3,3,1,0,0,0,0,0,0,0,0,0,0,2,4,2,0,Atropellament,2,2,2,5,-1,2,1,12.3,0,3,4,27,9
11385,2013,0,2013-10-07,TP-3311,"SENIA, LA",Montsia,0,0,1,0,1,0,0,0,0,1,0,0,0,100.0,0.0,0,2,No n'hi ha,-1.0,3,3,1,0,0,0,0,0,0,0,0,0,0,0,5,-1,1,Altres,-1,1,2,4,2,2,1,0.12,2,5,0,7,10
11386,2013,1,2013-12-06,SE,BARCELONA,Barcelones,3,0,1,0,2,1,0,0,0,1,0,0,0,100.0,0.0,0,-1,No n'hi ha,-1.0,3,3,1,0,0,0,0,0,0,0,0,0,0,1,5,2,1,Atropellament,2,2,2,5,-1,2,0,20.23,1,3,4,6,12
11387,2013,1,2013-11-15,SE,BARCELONA,Barcelones,3,0,1,2,2,0,0,0,1,0,1,0,0,100.0,0.0,0,-1,Carril bus,-1.0,3,3,1,0,0,0,0,0,0,0,0,0,0,0,4,-1,1,Resta sortides de via,-1,2,2,5,-1,2,1,11.4,0,1,4,15,11
11388,2014,1,2014-04-08,SE,CAMBRILS,Baix Camp,0,0,1,0,2,0,0,1,0,1,0,0,0,100.0,0.0,0,2,No n'hi ha,-1.0,3,3,1,0,0,0,0,0,0,0,0,0,0,1,4,4,0,Envestida (frontal lateral),1,2,2,5,0,2,1,18.42,1,2,1,8,4
11389,2014,0,2014-11-04,T-11,TARRAGONA,Tarragones,0,0,1,0,1,0,0,0,1,0,0,0,0,40.0,1.0,0,2,No n'hi ha,-1.0,3,3,1,0,0,0,0,0,0,0,0,0,0,1,4,4,1,Envestida (frontal lateral),0,1,2,1,1,2,1,16.22,1,2,1,4,11
11390,2014,0,2014-11-01,B-431,ARTES,Bages,3,0,1,0,1,0,0,0,1,0,0,0,0,90.0,0.0,0,-1,Sense Especificar,-1.0,3,3,1,0,0,0,0,0,0,0,0,0,0,0,4,-1,-1,Resta sortides de via,-1,1,2,4,4,2,0,10.2,0,1,5,1,11
11391,2014,1,2014-12-29,SE,HOSPITALET DE LLOBREGAT,Barcelones,3,0,1,0,2,0,0,0,1,1,0,0,0,20.0,0.0,0,-1,No n'hi ha,-1.0,3,3,1,-1,0,0,0,-1,0,0,0,0,-1,1,0,4,0,Envestida (frontal lateral),2,2,2,5,-1,2,1,23.49,2,2,0,29,12
11392,2014,0,2014-07-24,B-420,MONTMAJOR,Bergueda,3,0,1,0,1,0,0,0,1,0,0,0,0,90.0,0.0,0,-1,Sense Especificar,-1.0,3,3,1,0,0,0,0,0,0,0,0,0,0,0,4,-1,-1,Resta sortides de via,-1,1,2,4,4,2,1,22.1,2,1,3,24,7
11393,2014,1,2014-09-08,BV-5001,SANTA COLOMA DE GRAMANET,Barcelones,3,0,2,0,2,0,0,0,1,1,0,0,0,90.0,0.0,0,-1,No n'hi ha,-1.0,3,3,1,-1,-1,0,0,-1,0,0,0,0,0,0,4,-1,-1,Envestida (frontal lateral),-1,0,2,4,-1,2,1,18.15,1,2,0,8,9
11394,2014,1,2014-09-08,SE,TERRASSA,Valles Occidental,3,0,1,1,2,1,0,0,0,1,0,0,0,100.0,0.0,0,-1,No n'hi ha,-1.0,3,3,1,0,0,0,0,0,0,0,0,0,0,0,4,-1,-1,Atropellament,-1,2,2,5,-1,2,1,7.5,0,3,0,8,9
11395,2014,1,2014-03-10,BV-1604,PARETS DEL VALLES,Valles Oriental,3,0,1,0,2,1,0,0,0,1,0,0,0,90.0,0.0,0,-1,No n'hi ha,-1.0,3,3,1,-1,-1,0,0,-1,0,0,0,0,0,0,4,-1,-1,Atropellament,-1,0,2,4,-1,2,1,11.55,0,3,0,10,3
11396,2014,1,2014-09-20,SE,MONTORNES DEL VALLES,Valles Oriental,3,0,1,0,2,1,0,0,0,1,0,0,0,100.0,0.0,0,2,No n'hi ha,-1.0,3,3,1,0,0,0,0,0,0,0,0,0,0,1,4,2,1,Atropellament,1,2,2,5,0,2,0,14.3,1,3,5,20,9
11397,2014,0,2014-12-20,N-141c,SANT FRUITOS DE BAGES,Bages,3,0,1,0,2,0,0,0,1,1,0,0,0,60.0,0.0,0,2,No n'hi ha,-1.0,3,3,1,0,0,0,0,0,0,0,0,0,0,1,4,4,1,Envestida (frontal lateral),1,1,2,4,2,2,0,13.1,0,2,5,20,12
11398,2014,1,2014-12-25,SE,CASTELLDEFELS,Baix Llobregat,3,0,1,2,2,0,0,0,0,2,0,0,0,30.0,0.0,0,2,No n'hi ha,-1.0,3,3,1,0,0,0,0,0,0,0,0,0,0,1,4,4,0,Envestida (frontal lateral),2,2,2,5,-1,2,1,13.08,0,2,3,25,12
11399,2014,0,2014-11-07,A-2,SANT JOAN DESPI,Baix Llobregat,3,0,1,0,2,0,0,0,1,1,0,0,0,100.0,0.0,0,2,Carril acceleració,-1.0,3,3,1,0,0,0,0,0,0,0,0,0,0,0,4,-1,0,Fregament o col·lisió lateral,-1,1,2,1,1,2,1,6.59,0,2,4,7,11
11400,2014,0,2014-12-26,B-210,GAVA,Baix Llobregat,3,0,2,1,2,0,0,0,0,2,0,0,0,100.0,0.0,0,3,No n'hi ha,-1.0,3,3,1,0,0,0,0,0,0,0,0,0,0,0,3,-1,1,Col·lisió frontal,-1,1,2,4,0,2,0,19.0,1,2,4,26,12
11401,2014,0,2014-12-29,BV-2115,VILANOVA I LA GELTRU,Garraf,3,0,1,0,2,0,0,0,1,1,0,0,0,90.0,0.0,0,-1,Sense Especificar,-1.0,3,3,1,0,0,0,0,0,0,0,0,0,0,1,4,4,-1,Fregament o col·lisió lateral,1,1,2,4,4,2,1,18.25,1,2,0,29,12
11402,2014,1,2014-06-30,SE,"AMETLLA DEL VALLES,",Valles Oriental,3,0,1,1,1,0,0,1,0,0,0,0,0,50.0,0.0,0,2,No n'hi ha,-1.0,3,3,1,0,0,0,0,0,0,0,0,0,0,0,4,-1,1,Xoc contra objecte/obstacle sense sortida prèvia de via,-1,2,2,5,-1,2,1,17.3,1,4,0,30,6
11403,2014,1,2014-08-04,T-200,VALLS,Alt Camp,0,0,1,0,2,1,0,0,0,1,0,0,0,100.0,0.0,0,-1,No n'hi ha,-1.0,3,3,1,0,0,0,0,0,0,0,0,0,0,0,4,-1,-1,Atropellament,-1,0,2,4,-1,2,1,12.0,0,3,0,4,8
11404,2014,1,2014-08-03,N-150,SABADELL,Valles Occidental,3,0,1,1,2,0,0,0,1,1,0,0,0,100.0,0.0,0,2,No n'hi ha,-1.0,3,3,1,0,0,0,0,0,0,0,0,0,0,1,4,3,1,Col·lisió frontal,2,0,2,4,0,2,0,12.02,0,2,6,3,8
11405,2014,0,2014-07-11,B-10,BARCELONA,Barcelones,3,0,1,0,3,0,0,0,1,2,0,0,0,80.0,0.0,0,-1,No n'hi ha,-1.0,3,3,1,0,0,1,0,0,0,0,0,0,0,0,4,-1,0,Encalç,-1,1,2,1,-1,2,0,17.25,1,2,4,11,7
11406,2014,1,2014-05-03,SE,BARCELONA,Barcelones,3,1,0,0,2,0,0,0,1,1,0,0,0,100.0,0.0,0,-1,No n'hi ha,-1.0,3,3,0,0,0,0,0,0,0,0,0,0,0,0,5,-1,0,Xoc contra objecte/obstacle sense sortida prèvia de via,-1,2,2,5,-1,2,0,5.45,2,4,5,3,5
11407,2014,0,2014-10-21,AP-7,GARRIGAS,Alt Emporda,1,0,1,1,1,0,0,0,0,0,1,0,0,100.0,0.0,0,2,No n'hi ha,-1.0,3,3,1,0,0,0,0,0,0,0,0,0,0,0,0,-1,0,Resta sortides de via,-1,1,2,2,1,2,1,5.22,2,1,1,21,10
11408,2014,1,2014-11-29,SE,BERGA,Bergueda,3,0,1,0,2,1,0,0,0,1,0,0,0,20.0,0.0,0,-1,No n'hi ha,-1.0,2,3,1,0,0,0,0,0,0,0,0,0,0,0,1,-1,1,Atropellament,-1,2,0,5,-1,2,0,19.55,1,3,5,29,11
11409,2014,1,2014-11-03,SE,HOSPITALET DE LLOBREGAT,Barcelones,3,0,1,0,2,0,0,0,1,1,0,0,0,20.0,0.0,0,-1,No n'hi ha,-1.0,3,3,1,-1,0,0,0,0,0,0,0,0,-1,1,0,4,0,Envestida (frontal lateral),2,2,2,5,-1,1,1,23.0,2,2,0,3,11
11410,2014,0,2014-10-30,B-20,BARCELONA,Barcelones,3,0,1,0,2,0,0,0,0,0,0,2,0,80.0,0.0,0,-1,Carril acceleració,-1.0,3,3,1,0,0,0,0,0,0,0,0,0,0,0,4,-1,1,Fregament o col·lisió lateral,-1,1,2,1,-1,2,1,17.5,1,2,3,30,10
11411,2014,0,2014-05-23,C-16,SALLENT,Bages,3,1,0,0,1,0,0,0,0,1,0,0,0,100.0,0.0,0,2,No n'hi ha,-1.0,1,3,0,0,1,0,1,0,0,0,0,0,0,2,2,4,1,Resta sortides de via,3,1,2,2,2,2,0,18.08,1,1,4,23,5
11412,2014,0,2014-08-09,AP-7,VINYOLS I ELS ARCS,Baix Camp,0,3,0,2,1,0,0,0,0,1,0,0,0,100.0,0.0,0,0,No n'hi ha,-1.0,3,3,0,0,1,0,0,0,0,0,0,0,0,0,4,-1,1,Resta sortides de via,-1,1,2,2,1,2,0,17.47,1,1,5,9,8
11413,2014,0,2014-08-15,B-20,TIANA,Maresme,3,0,3,0,1,0,0,0,0,1,0,0,0,80.0,0.0,0,2,No n'hi ha,-1.0,2,3,1,0,0,0,1,0,0,0,0,0,0,0,2,-1,0,Resta sortides de via,-1,1,2,1,3,2,0,19.08,1,1,4,15,8
11414,2014,0,2014-08-28,C-66,CORNELLA DEL TERRI,Pla de l'Estany,1,0,1,0,2,0,0,0,1,1,0,0,0,40.0,0.0,0,1,No n'hi ha,-1.0,3,3,1,0,0,0,0,0,0,0,0,0,0,1,4,4,0,Fregament o col·lisió lateral,0,1,2,1,2,2,1,16.29,1,2,3,28,8
11415,2014,0,2014-09-29,C-32,CASTELLDEFELS,Baix Llobregat,3,0,1,0,1,0,0,0,1,0,0,0,0,120.0,0.0,0,-1,Sense Especificar,-1.0,3,3,1,0,0,0,0,0,0,0,0,0,0,0,4,-1,1,Altres,-1,1,2,2,2,2,1,18.29,1,5,0,29,9
11416,2014,0,2014-11-29,N-II,CELRA,Girones,1,0,2,1,2,0,0,0,0,2,0,0,0,100.0,0.0,0,0,No n'hi ha,-1.0,2,3,1,0,0,0,1,0,0,0,0,0,0,0,3,-1,1,Col·lisió frontal,-1,1,2,4,1,1,0,19.13,1,2,5,29,11
11417,2014,0,2014-05-17,B-431,ARTES,Bages,3,0,1,0,1,0,0,0,1,0,0,0,0,90.0,0.0,0,-1,Sense Especificar,-1.0,3,3,1,0,0,0,0,0,0,0,0,0,0,0,4,-1,-1,Resta sortides de via,-1,1,2,4,4,2,0,19.03,1,1,5,17,5
11418,2014,0,2014-09-03,CR,LLEIDA,Segria,2,0,1,0,2,0,0,1,0,0,1,0,0,50.0,0.0,0,2,No n'hi ha,-1.0,3,3,1,0,0,0,0,0,0,0,0,0,1,0,4,-1,1,Fregament o col·lisió lateral,-1,1,2,0,0,2,1,15.25,1,2,2,3,9
11419,2014,1,2014-05-02,SE,SABADELL,Valles Occidental,3,0,1,0,2,1,0,0,0,0,1,0,0,100.0,0.0,0,-1,No n'hi ha,-1.0,3,3,1,0,0,0,0,0,0,0,0,0,0,0,4,-1,-1,Atropellament,-1,2,2,5,-1,2,1,11.53,0,3,4,2,5