,Year,Area,Date,Road,Municipality Name,County Name,Province Name,Fatalties,Serious Injuries,Light Injuries,Units Involved,Pedestrains Involved,Bicycles Involved,Mopeds Involved,Motorcycles,Light Vehicles Involved,Heavy Vehicles Involved,Other Units Involved,Unspecified Units Involved,Road Speed Limit,Accident with Hit and Run,Fog Presence,Surrounding Environment,Special Lane Presence,Special Traffic Measures,Weather Conditions,Special Road Functions,Severity of Accident,Influence of Fog,Influence of Environment,Influence of Traffic,Influence of Weather,Influence of Wind Intensity,Influence of Lighting,Influence of Special Measures,Influence of Road Objects,Influence of Road Surface,Influence of Visibility,Intersection Characteristics,Lighting Conditions,Traffic Regulation and Priority,Direction of Road,Subtype of Accident,Subtype of Road Section,Subzone within Area,Road Surface Conditions,Type of Road,Road Ownership,Wind Conditions,Day of the Week Grouping,Hour of Day,Time of Day Grouping,Type of Accident,Day Type,Day,Month
11420,2014,0,2014-11-18,C-1415B,CALDES DE MONTBUI,Valles Oriental,3,0,1,0,1,0,0,0,1,0,0,0,0,50.0,0.0,0,2,No n'hi ha,-1.0,3,3,1,0,0,0,0,0,1,0,0,0,0,2,4,2,1,Caiguda en la via,3,1,2,4,3,2,1,11.3,0,0,1,18,11
11421,2014,0,2014-12-10,B-20,BARCELONA,Barcelones,3,0,1,0,3,0,0,0,1,2,0,0,0,80.0,0.0,0,-1,No n'hi ha,-1.0,3,3,1,0,0,1,0,0,0,0,0,0,0,0,5,-1,0,Encalç,-1,1,2,1,-1,2,1,20.3,1,2,2,10,12
11422,2014,0,2014-12-05,CR,MAS DE BARBERANS,Montsia,0,0,1,0,1,0,0,0,0,1,0,0,0,100.0,0.0,0,0,No n'hi ha,-1.0,3,3,1,0,0,0,0,0,0,0,0,0,0,0,4,-1,1,Resta sortides de via,-1,1,0,0,3,1,0,15.24,1,1,4,5,12
11423,2014,1,2014-04-07,B-502,CABRERA DE MAR,Maresme,3,0,1,0,1,0,0,0,1,0,0,0,0,100.0,0.0,0,2,No n'hi ha,-1.0,3,3,1,0,0,0,0,0,0,0,0,0,0,0,5,-1,1,Caiguda en la via,-1,0,2,4,3,2,1,23.05,2,0,0,7,4
11424,2014,0,2014-10-16,B-402,"POBLA DE LILLET, LA",Bergueda,3,0,1,1,2,0,0,0,0,2,0,0,0,90.0,0.0,0,-1,Sense Especificar,-1.0,3,3,1,0,0,0,0,0,0,0,0,0,0,0,4,-1,-1,Envestida (frontal lateral),-1,1,2,4,4,2,1,9.57,0,2,3,16,10
11425,2014,1,2014-10-10,B-502,CABRERA DE MAR,Maresme,3,0,1,0,1,0,0,0,0,1,0,0,0,100.0,0.0,0,2,No n'hi ha,-1.0,3,3,1,0,0,0,0,0,0,0,0,0,0,0,0,-1,1,Resta sortides de via,-1,0,2,4,3,2,1,3.23,2,1,4,10,10
11426,2014,0,2014-08-31,N-260,PERALADA,Alt Emporda,1,0,1,1,2,0,0,0,1,1,0,0,0,100.0,0.0,0,1,No n'hi ha,-1.0,3,3,1,0,0,0,0,0,0,0,0,0,0,0,4,-1,1,Envestida (frontal lateral),-1,1,2,4,1,2,0,13.41,0,2,6,31,8
11427,2014,0,2014-12-24,N-IIa,MARTORELL,Baix Llobregat,3,0,1,0,1,0,0,0,1,0,0,0,0,50.0,0.0,0,3,No n'hi ha,-1.0,3,3,1,0,0,0,0,0,0,0,0,0,0,1,4,5,0,Caiguda en la via,3,1,2,4,1,2,1,14.44,1,0,2,24,12
11428,2014,0,2014-08-04,T-702,CABACES,Priorat,0,0,1,0,1,0,0,0,1,0,0,0,0,90.0,0.0,0,-1,Sense Especificar,-1.0,3,3,1,0,0,0,0,0,0,0,0,0,0,0,4,-1,-1,Resta sortides de via,-1,1,2,4,4,2,1,17.43,1,1,0,4,8
11429,2014,0,2014-03-07,B-24,CERVELLO,Baix Llobregat,3,0,1,0,1,0,0,0,1,0,0,0,0,60.0,0.0,0,0,No n'hi ha,-1.0,3,3,1,0,0,0,0,0,1,0,0,0,0,0,4,-1,1,Caiguda en la via,-1,1,2,1,2,2,0,16.42,1,0,4,7,3
11430,2014,1,2014-05-31,SE,TARRAGONA,Tarragones,0,1,0,0,1,0,0,0,1,0,0,0,0,100.0,0.0,0,2,No n'hi ha,-1.0,3,3,0,0,0,0,0,0,0,0,0,0,0,0,4,-1,1,Resta sortides de via,-1,2,0,5,0,2,0,13.59,0,1,5,31,5
11431,2014,0,2014-05-23,AP-7,"PAPIOL, EL",Baix Llobregat,3,0,1,0,1,0,0,0,1,0,0,0,0,100.0,0.0,0,2,No n'hi ha,-1.0,3,3,1,0,0,0,0,0,0,0,0,0,0,0,4,-1,0,Resta sortides de via,-1,1,2,2,1,2,1,7.59,0,1,4,23,5
11432,2014,0,2014-05-14,C-55,CLARIANA DE CARDENER,Solsones,2,0,3,0,1,0,0,0,0,1,0,0,0,90.0,0.0,0,-1,Sense Especificar,-1.0,3,3,1,0,0,0,0,0,0,0,0,0,0,0,4,-1,-1,Resta sortides de via,-1,1,2,4,4,2,1,13.1,0,1,2,14,5
11433,2014,0,2014-09-20,CR,FARRERA,Pallars Sobira,2,0,1,0,1,0,0,0,1,0,0,0,0,100.0,0.0,0,1,No n'hi ha,-1.0,3,3,1,0,0,0,0,0,0,0,0,0,0,0,4,-1,1,Caiguda en la via,-1,1,0,0,0,2,0,18.55,1,0,5,20,9
11434,2014,0,2014-09-21,BV-4601,GURB,Osona,3,0,1,0,1,0,0,0,1,0,0,0,0,90.0,0.0,0,-1,Sense Especificar,-1.0,3,3,1,0,0,0,0,0,0,0,0,0,0,0,4,-1,-1,Resta sortides de via,-1,1,2,4,4,2,0,10.46,0,1,6,21,9
11435,2014,1,2014-12-12,N-141d,VIC,Osona,3,0,1,0,2,0,0,0,1,1,0,0,0,100.0,0.0,0,2,No n'hi ha,-1.0,3,3,1,0,0,0,0,0,0,0,0,0,0,1,4,2,1,Col·lisió frontal,1,0,2,4,-1,2,1,12.0,0,2,4,12,12
11436,2014,0,2014-12-14,AP-7,SANT CUGAT DEL VALLES,Valles Occidental,3,0,1,1,2,0,0,0,0,2,0,0,0,100.0,0.0,0,2,No n'hi ha,-1.0,1,3,1,0,0,0,0,0,0,0,0,0,0,0,3,-1,0,Resta sortides de via,-1,1,2,2,1,2,0,20.36,1,1,6,14,12
11437,2014,0,2014-06-26,N-II,BASCARA,Alt Emporda,1,0,2,0,2,0,0,0,1,1,0,0,0,100.0,0.0,0,0,No n'hi ha,-1.0,3,3,1,0,0,0,0,0,0,0,0,0,0,0,2,-1,1,Envestida (frontal lateral),-1,1,2,4,1,2,1,15.25,1,2,3,26,6
11438,2014,1,2014-08-11,SE,BARCELONA,Barcelones,3,0,1,0,2,1,0,0,0,0,1,0,0,100.0,0.0,0,-1,No n'hi ha,-1.0,3,3,1,0,0,0,0,0,0,0,0,0,0,1,4,3,0,Atropellament,2,2,2,5,-1,2,1,13.25,0,3,0,11,8
11439,2014,1,2014-07-25,SE,VILAFRANCA DEL PENEDES,Alt Penedes,3,0,1,0,2,0,1,0,0,1,0,0,0,20.0,0.0,0,2,No n'hi ha,-1.0,3,3,1,0,0,0,0,0,0,0,0,0,0,1,4,2,0,Fregament o col·lisió lateral,3,2,2,5,-1,2,1,10.13,0,2,4,25,7
11440,2014,1,2014-01-02,SE,BARCELONA,Barcelones,3,0,1,1,2,1,0,0,1,0,0,0,0,100.0,0.0,0,-1,No n'hi ha,-1.0,3,3,1,0,0,0,0,0,0,0,0,0,0,0,5,-1,1,Atropellament,-1,2,2,5,-1,2,1,19.45,1,3,3,2,1
11441,2014,0,2014-04-12,C-12,BALAGUER,Noguera,2,1,0,0,2,0,0,0,1,1,0,0,0,100.0,0.0,0,2,No n'hi ha,-1.0,3,3,0,0,0,0,0,0,0,0,0,0,0,0,4,-1,1,Col·lisió frontal,-1,1,2,4,2,2,0,19.29,1,2,5,12,4
11442,2014,0,2014-04-07,L-702,ARTESA DE LLEIDA,Segria,2,1,0,2,2,0,0,0,0,2,0,0,0,100.0,0.0,0,2,No n'hi ha,-1.0,3,3,0,0,0,0,0,0,0,0,0,0,0,0,4,-1,1,Col·lisió frontal,-1,1,2,4,2,2,1,11.33,0,2,0,7,4
11443,2014,1,2014-06-01,SE,CERDANYOLA DEL VALLES,Valles Occidental,3,0,1,1,1,0,0,0,0,1,0,0,0,100.0,0.0,0,2,No n'hi ha,-1.0,3,3,1,0,0,0,0,0,0,0,0,0,0,0,4,-1,1,Altres,-1,2,2,5,-1,2,0,7.17,0,5,6,1,6
11444,2014,1,2014-07-24,SE,HOSPITALET DE LLOBREGAT,Barcelones,3,0,1,3,3,0,0,0,0,3,0,0,0,20.0,0.0,0,-1,No n'hi ha,-1.0,3,3,1,-1,0,0,0,-1,0,0,0,0,0,1,4,5,1,Col·lisió frontal,2,2,2,5,0,2,1,17.32,1,2,3,24,7
11445,2014,0,2014-08-03,T-702,"MORERA DE MONTSANT, LA",Priorat,0,0,1,0,2,0,0,0,1,1,0,0,0,100.0,0.0,0,1,No n'hi ha,-1.0,3,3,1,0,0,0,0,0,0,0,0,0,0,0,4,-1,1,Fregament o col·lisió lateral,-1,1,2,4,3,2,0,10.42,0,2,6,3,8
11446,2014,0,2014-02-01,T-313,RIUDECANYES,Baix Camp,0,0,1,0,2,0,0,0,1,1,0,0,0,100.0,0.0,0,1,No n'hi ha,-1.0,3,3,1,0,0,0,0,0,0,0,0,0,0,0,4,-1,1,Envestida (frontal lateral),-1,1,2,4,3,2,0,15.42,1,2,5,1,2
11447,2014,0,2014-12-06,C-55,OLESA DE MONTSERRAT,Baix Llobregat,3,1,0,0,1,0,0,0,0,1,0,0,0,90.0,0.0,0,1,Carril avançament,-1.0,3,3,0,0,0,0,0,0,0,0,0,0,0,0,4,-1,1,Resta sortides de via,-1,1,2,4,2,2,0,10.39,0,1,5,6,12
11448,2014,1,2014-09-18,SE,"VENDRELL, EL",Baix Penedes,0,0,1,0,2,0,0,1,0,1,0,0,0,40.0,0.0,0,-1,No n'hi ha,-1.0,3,3,1,-1,-1,0,0,-1,0,0,0,0,-1,1,4,4,1,Col·lisió frontal,2,2,2,5,-1,2,1,16.29,1,2,3,18,9
11449,2014,1,2014-07-15,SE,BARCELONA,Barcelones,3,0,1,0,2,1,0,0,0,0,1,0,0,100.0,0.0,0,-1,Carril bus,-1.0,3,3,1,0,0,0,0,0,0,0,0,0,0,1,4,3,0,Atropellament,2,2,2,5,-1,2,1,12.45,0,3,1,15,7
11450,2014,0,2014-10-26,C-31,SITGES,Garraf,3,0,1,1,1,0,0,0,1,0,0,0,0,60.0,0.0,0,1,No n'hi ha,-1.0,3,3,1,0,0,0,0,0,0,0,0,0,0,0,4,-1,1,Resta sortides de via,-1,1,2,4,2,2,0,9.53,0,1,6,26,10
11451,2014,1,2014-09-15,SE,BLANES,Selva,1,0,1,0,2,1,0,1,0,0,0,0,0,20.0,0.0,0,-1,No n'hi ha,-1.0,3,3,1,-1,0,0,0,-1,0,0,0,0,0,0,4,-1,0,Atropellament,-1,2,2,5,-1,2,1,13.24,0,3,0,15,9
11452,2014,0,2014-08-12,LP-9132,VILANOVA DE MEIA,Noguera,2,0,1,0,1,0,0,0,0,1,0,0,0,100.0,0.0,0,1,No n'hi ha,-1.0,3,3,1,0,0,0,0,0,0,0,0,0,0,0,4,-1,1,Resta sortides de via,-1,1,2,4,3,2,1,14.17,1,1,1,12,8
11453,2014,0,2014-08-25,C-31,CALAFELL,Baix Penedes,0,0,1,0,2,1,0,0,0,1,0,0,0,100.0,0.0,0,2,No n'hi ha,-1.0,3,3,1,0,0,0,0,0,0,0,0,0,0,0,4,-1,1,Atropellament,-1,1,2,4,2,2,1,19.03,1,3,0,25,8
11454,2014,0,2014-09-13,C-12,ASCO,Ribera d'Ebre,0,0,1,0,2,0,0,0,0,1,1,0,0,100.0,0.0,0,1,No n'hi ha,-1.0,3,3,1,0,0,0,0,0,1,0,0,0,0,0,4,-1,1,Encalç,-1,1,2,4,2,2,0,19.27,1,2,5,13,9
11455,2014,1,2014-03-15,SE,LLORAC,Conca de Barbera,0,0,1,0,1,0,0,0,1,0,0,0,0,20.0,0.0,0,-1,Sense Especificar,-1.0,3,3,1,0,0,0,0,0,0,0,0,0,0,0,4,-1,-1,Altres,-1,2,2,5,-1,2,0,12.28,0,5,5,15,3
11456,2014,1,2014-02-26,SE,HOSPITALET DE LLOBREGAT,Barcelones,3,0,1,0,2,1,0,0,0,0,1,0,0,20.0,0.0,0,-1,No n'hi ha,-1.0,3,3,1,-1,0,0,0,-1,0,0,0,0,-1,0,4,-1,1,Atropellament,-1,2,2,5,-1,2,1,13.1,0,3,2,26,2
11457,2014,1,2014-08-13,SE,MONT-RAS,Baix Emporda,1,1,1,0,1,0,0,0,1,0,0,0,0,100.0,0.0,0,2,No n'hi ha,-1.0,3,3,0,0,0,0,0,0,0,0,0,0,0,0,5,-1,0,Resta sortides de via,-1,2,2,5,-1,2,1,20.55,1,1,2,13,8
11458,2014,1,2014-09-14,SE,BARCELONA,Barcelones,3,0,1,1,2,1,0,0,1,0,0,0,0,100.0,0.0,0,-1,No n'hi ha,-1.0,3,3,1,0,0,0,0,0,0,0,0,0,0,1,4,3,0,Atropellament,2,2,2,5,-1,2,0,10.3,0,3,6,14,9
11459,2014,1,2014-04-18,SE,GIRONA,Girones,1,0,1,0,1,0,0,0,0,1,0,0,0,50.0,0.0,0,2,No n'hi ha,-1.0,3,3,1,0,0,0,0,0,0,0,0,0,0,0,5,-1,0,Xoc contra objecte/obstacle sense sortida prèvia de via,-1,2,2,5,-1,2,1,6.09,0,4,4,18,4
11460,2014,1,2014-02-23,SE,REUS,Baix Camp,0,0,1,0,2,1,0,0,0,1,0,0,0,100.0,0.0,0,2,No n'hi ha,-1.0,3,3,1,0,0,0,0,0,0,0,0,0,0,0,4,-1,1,Atropellament,-1,2,2,5,-1,2,0,16.03,1,3,6,23,2
11461,2014,1,2014-05-23,SE,VIC,Osona,3,0,1,0,2,1,0,1,0,0,0,0,0,100.0,0.0,0,2,No n'hi ha,-1.0,3,3,1,0,0,0,0,0,0,0,0,0,0,0,4,-1,1,Atropellament,-1,2,2,5,-1,2,0,16.35,1,3,4,23,5
11462,2014,0,2014-10-15,C-31,SITGES,Garraf,3,0,1,0,1,0,0,0,0,1,0,0,0,50.0,0.0,0,0,No n'hi ha,-1.0,3,3,1,0,0,0,0,0,0,0,0,0,0,0,4,-1,1,Resta sortides de via,-1,1,2,4,2,2,1,12.56,0,1,2,15,10
11463,2014,1,2014-05-04,SE,GAVA,Baix Llobregat,3,1,0,0,2,1,0,0,0,1,0,0,0,20.0,1.0,0,2,No n'hi ha,-1.0,3,3,0,-1,0,0,0,-1,0,0,0,0,-1,0,5,-1,1,Atropellament,-1,2,2,5,-1,2,0,22.05,2,3,6,4,5
11464,2014,0,2014-04-12,N-II,SILS,Selva,1,0,1,0,1,0,1,0,0,0,0,0,0,60.0,0.0,0,2,Carril habilitat en sentit contrari habitual,0.0,3,3,1,0,0,0,0,0,0,0,0,1,0,0,4,-1,1,Caiguda en la via,-1,1,2,4,1,2,0,11.53,0,0,5,12,4
11465,2014,1,2014-02-25,SE,HOSPITALET DE LLOBREGAT,Barcelones,3,0,1,0,1,0,0,0,1,0,0,0,0,20.0,0.0,0,-1,No n'hi ha,-1.0,3,3,1,-1,0,0,0,-1,0,0,0,0,-1,0,4,-1,0,Xoc contra objecte/obstacle sense sortida prèvia de via,-1,2,2,5,-1,2,1,20.41,1,4,1,25,2
11466,2014,1,2014-03-15,SE,BARCELONA,Barcelones,3,0,1,0,2,0,0,0,1,1,0,0,0,100.0,0.0,0,-1,No n'hi ha,-1.0,3,3,1,0,0,0,0,0,0,0,0,0,0,1,5,3,1,Fregament o col·lisió lateral,2,2,2,5,-1,2,0,0.35,2,2,5,15,3
11467,2014,0,2014-05-17,C-37,MANRESA,Bages,3,0,3,1,1,0,0,0,0,1,0,0,0,100.0,0.0,0,2,No n'hi ha,-1.0,3,3,1,0,0,0,0,0,0,0,0,0,0,0,0,-1,1,Resta sortides de via,-1,1,2,4,2,2,0,0.45,2,1,5,17,5
11468,2014,1,2014-04-06,SE,BARCELONA,Barcelones,3,0,1,0,2,1,0,0,1,0,0,0,0,100.0,0.0,0,-1,No n'hi ha,-1.0,3,3,1,0,0,0,0,0,0,0,0,0,1,0,5,-1,0,Atropellament,-1,2,2,5,-1,2,0,5.0,2,3,6,6,4
11469,2014,1,2014-07-27,SE,MARTORELL,Baix Llobregat,3,0,1,0,1,0,1,0,0,0,0,0,0,100.0,0.0,0,2,No n'hi ha,-1.0,3,3,1,0,0,0,0,0,0,0,0,0,0,0,4,-1,1,Caiguda en la via,-1,2,2,5,-1,2,0,11.4,0,0,6,27,7
11470,2014,1,2014-01-03,SE,IGUALADA,Anoia,3,0,1,0,2,1,0,0,0,1,0,0,0,50.0,0.0,0,2,No n'hi ha,-1.0,3,3,1,-1,0,0,0,-1,0,0,0,0,-1,0,4,-1,1,Atropellament,-1,2,2,5,-1,2,1,12.25,0,3,4,3,1
11471,2014,1,2014-04-28,SE,VILAFRANCA DEL PENEDES,Alt Penedes,3,0,1,0,2,1,0,0,0,1,0,0,0,20.0,0.0,0,2,No n'hi ha,-1.0,3,3,1,-1,0,0,0,-1,0,0,0,0,0,1,4,2,1,Atropellament,1,2,2,5,-1,2,1,9.05,0,3,0,28,4
11472,2014,0,2014-08-03,C-153,SANTA MARIA DE CORCO,Osona,3,0,1,1,3,0,0,0,1,2,0,0,0,100.0,0.0,0,1,No n'hi ha,-1.0,3,3,1,0,0,0,0,0,0,0,0,0,0,0,4,-1,1,Fregament o col·lisió lateral,-1,1,2,4,2,2,0,13.2,0,2,6,3,8
11473,2014,0,2014-03-20,N-II,CALDES D'ESTRAC,Maresme,3,0,1,0,2,1,0,0,1,0,0,0,0,50.0,0.0,0,2,No n'hi ha,-1.0,3,3,1,0,0,0,0,0,0,0,0,0,0,0,4,-1,1,Atropellament,-1,1,2,4,1,2,1,8.3,0,3,3,20,3
11474,2014,0,2014-04-13,BV-2115,CASTELLET I LA GORNA,Alt Penedes,3,0,1,0,1,0,0,0,1,0,0,0,0,90.0,0.0,0,-1,Sense Especificar,-1.0,3,3,1,0,0,0,0,0,0,0,0,0,0,0,4,-1,-1,Resta sortides de via,-1,1,2,4,4,2,0,11.43,0,1,6,13,4
11475,2014,1,2014-02-26,SE,HOSPITALET DE LLOBREGAT,Barcelones,3,0,1,0,2,0,0,0,1,0,1,0,0,20.0,0.0,0,-1,No n'hi ha,-1.0,3,3,1,-1,-1,0,0,-1,0,0,0,0,-1,1,5,4,-1,Fregament o col·lisió lateral,1,2,2,5,-1,2,1,20.55,1,2,2,26,2
11476,2014,1,2014-01-25,SE,BARCELONA,Barcelones,3,0,1,0,2,1,0,0,0,1,0,0,0,100.0,0.0,0,-1,No n'hi ha,-1.0,3,3,1,0,0,0,0,0,0,0,0,0,0,0,4,-1,1,Atropellament,-1,2,2,5,-1,2,0,18.0,1,3,5,25,1
11477,2014,1,2014-08-03,SE,BARCELONA,Barcelones,3,0,1,1,3,0,0,0,1,2,0,0,0,100.0,0.0,0,-1,No n'hi ha,-1.0,3,3,1,0,0,0,0,0,0,0,0,0,0,0,5,-1,0,Encalç,-1,2,2,5,-1,2,0,21.1,1,2,6,3,8
11478,2014,1,2014-09-05,SE,ROSES,Alt Emporda,1,0,1,0,2,1,0,0,0,0,1,0,0,20.0,0.0,0,-1,No n'hi ha,-1.0,3,3,1,-1,0,0,0,-1,0,0,0,0,0,0,4,-1,1,Atropellament,-1,2,2,5,-1,2,1,8.1,0,3,4,5,9
11479,2014,1,2014-12-10,SE,VILAFANT,Alt Emporda,1,0,1,0,2,1,0,0,0,1,0,0,0,100.0,0.0,0,2,No n'hi ha,-1.0,3,3,1,0,0,0,0,0,0,0,0,0,0,0,4,-1,1,Atropellament,-1,2,2,5,-1,2,1,16.3,1,3,2,10,12
11480,2014,1,2014-08-16,SE,REUS,Baix Camp,0,0,1,0,2,1,0,0,0,1,0,0,0,100.0,0.0,0,-1,No n'hi ha,-1.0,3,3,1,0,0,0,0,0,0,0,0,0,0,0,4,-1,-1,Atropellament,-1,2,2,5,-1,2,0,1.45,2,3,5,16,8
11481,2014,0,2014-06-05,N-260,RIBERA D'URGELLET,Alt Urgell,2,0,1,0,1,0,0,0,1,0,0,0,0,70.0,0.0,0,1,No n'hi ha,-1.0,3,3,1,0,0,0,0,0,0,0,0,0,0,0,4,-1,1,Caiguda en la via,-1,1,2,4,1,2,1,16.58,1,0,3,5,6
11482,2014,0,2014-01-13,A-7,REUS,Baix Camp,0,0,1,0,1,0,0,0,0,0,1,0,0,100.0,0.0,0,3,No n'hi ha,-1.0,1,3,1,0,0,0,1,0,0,0,0,0,0,0,2,-1,0,Resta sortides de via,-1,1,2,1,1,2,1,14.08,1,1,0,13,1
11483,2014,0,2014-08-13,C-15,CAPELLADES,Anoia,3,0,2,0,2,0,0,0,0,1,1,0,0,80.0,0.0,0,1,No n'hi ha,-1.0,3,3,1,0,0,0,0,0,0,0,0,0,0,0,3,-1,1,Resta sortides de via,-1,1,2,4,2,2,1,23.24,2,1,2,13,8
11484,2014,1,2014-02-01,SE,BARCELONA,Barcelones,3,0,1,1,1,0,0,0,1,0,0,0,0,100.0,0.0,0,-1,No n'hi ha,-1.0,3,3,1,0,0,0,0,0,0,0,0,0,0,0,4,-1,0,Xoc contra objecte/obstacle sense sortida prèvia de via,-1,2,2,5,-1,2,0,8.3,0,4,5,1,2
11485,2014,1,2014-11-29,SE,HOSPITALET DE LLOBREGAT,Barcelones,3,0,1,0,2,1,0,0,0,1,0,0,0,20.0,1.0,0,-1,No n'hi ha,-1.0,2,3,1,-1,0,0,0,-1,0,0,0,0,0,0,1,-1,0,Atropellament,-1,2,0,5,-1,1,0,18.25,1,3,5,29,11
11486,2014,0,2014-02-18,N-II,CABRERA DE MAR,Maresme,3,0,1,0,2,0,0,0,1,1,0,0,0,70.0,0.0,0,2,No n'hi ha,-1.0,3,3,1,0,0,0,0,0,0,0,0,0,0,1,4,3,1,Envestida (frontal lateral),1,1,2,4,1,2,1,12.18,0,2,1,18,2
11487,2014,1,2014-11-27,SE,BADALONA,Barcelones,3,0,1,0,2,1,0,0,0,1,0,0,0,20.0,0.0,0,-1,No n'hi ha,-1.0,3,3,1,-1,-1,0,0,-1,0,0,0,0,-1,1,4,4,0,Atropellament,1,2,2,5,-1,2,1,13.15,0,3,3,27,11
11488,2014,1,2014-11-29,SE,SABADELL,Valles Occidental,3,0,2,0,2,2,0,0,0,0,0,0,0,100.0,1.0,0,2,No n'hi ha,-1.0,2,3,1,0,0,0,0,0,0,0,0,0,0,2,5,4,1,Atropellament,2,2,2,5,-1,1,0,18.1,1,3,5,29,11
11489,2014,0,2014-11-29,C-14,PINELL DE SOLSONES,Solsones,2,0,1,1,3,0,0,0,0,3,0,0,0,100.0,0.0,0,1,No n'hi ha,-1.0,1,3,1,0,0,0,1,0,0,0,0,0,0,0,2,-1,1,Envestida (frontal lateral),-1,1,2,4,2,2,0,11.4,0,2,5,29,11
11490,2014,1,2014-12-03,SE,GIRONA,Girones,1,0,1,0,2,0,0,0,1,1,0,0,0,50.0,0.0,0,1,No n'hi ha,-1.0,3,3,1,0,0,0,0,0,0,0,0,0,0,1,1,4,1,Envestida (frontal lateral),2,2,2,5,-1,2,1,18.01,1,2,2,3,12
11491,2014,0,2014-05-24,TP-7013,"SELVA DEL CAMP, LA",Baix Camp,0,0,1,1,2,0,2,0,0,0,0,0,0,90.0,0.0,0,-1,Sense Especificar,-1.0,3,3,1,0,0,0,0,0,0,0,0,0,0,0,4,-1,-1,Altres,-1,1,2,4,4,2,0,10.29,0,5,5,24,5
11492,2014,1,2014-12-28,SE,TARREGA,Urgell,2,0,1,0,3,0,0,1,0,2,0,0,0,20.0,0.0,0,-1,No n'hi ha,-1.0,3,3,1,0,0,0,0,0,0,0,0,0,0,0,5,-1,0,Envestida (frontal lateral),-1,2,2,5,-1,2,0,21.15,1,2,6,28,12
11493,2014,0,2014-07-06,GI-681,TOSSA DE MAR,Selva,1,0,1,0,1,0,0,0,1,0,0,0,0,100.0,0.0,0,1,No n'hi ha,-1.0,3,3,1,0,0,0,0,0,0,0,0,0,0,0,4,-1,1,Resta sortides de via,-1,1,2,4,2,1,0,11.28,0,1,6,6,7
11494,2014,0,2014-11-08,T-203,"CATLLAR, EL",Tarragones,0,0,1,0,2,1,0,0,0,1,0,0,0,100.0,0.0,0,2,No n'hi ha,-1.0,3,3,1,0,0,0,0,0,0,0,0,0,0,0,0,-1,1,Atropellament,-1,1,2,4,3,2,0,0.28,2,3,5,8,11
11495,2014,0,2014-01-20,N-340,"ALDEA, L'",Baix Ebre,0,1,0,1,2,0,0,0,0,1,1,0,0,100.0,0.0,0,0,No n'hi ha,-1.0,3,3,0,0,0,0,0,1,0,0,0,0,0,0,3,-1,1,Col·lisió frontal,-1,1,2,4,1,0,1,3.18,2,2,0,20,1
11496,2014,0,2014-08-23,GI-682,TOSSA DE MAR,Selva,1,0,1,0,1,0,0,0,1,0,0,0,0,100.0,0.0,0,2,No n'hi ha,-1.0,3,3,1,0,0,0,1,0,0,0,0,0,0,0,2,-1,1,Caiguda en la via,-1,1,2,4,2,2,0,11.2,0,0,5,23,8
11497,2014,0,2014-11-06,BV-5123,FOGARS DE TORDERA,Selva,3,1,0,0,2,0,0,0,0,1,1,0,0,40.0,0.0,0,2,No n'hi ha,-1.0,3,3,0,0,0,0,0,0,0,0,0,0,0,0,5,-1,1,Col·lisió frontal,-1,1,2,4,0,2,1,21.37,1,2,3,6,11
11498,2014,1,2014-05-17,SE,SABADELL,Valles Occidental,3,0,1,0,1,0,0,0,1,0,0,0,0,100.0,0.0,0,-1,No n'hi ha,-1.0,3,3,1,0,0,1,0,0,0,0,0,0,0,0,4,-1,-1,Caiguda en la via,-1,2,2,5,-1,2,0,12.46,0,0,5,17,5
11499,2014,1,2014-04-05,SE,SANT VICENC DELS HORTS,Baix Llobregat,3,0,1,0,1,0,0,0,1,0,0,0,0,20.0,0.0,0,-1,No n'hi ha,-1.0,3,3,1,-1,0,0,0,-1,0,0,0,0,0,0,4,-1,0,Caiguda en la via,-1,2,2,5,-1,2,0,14.4,1,0,5,5,4
11500,2014,1,2014-02-07,SE,BARCELONA,Barcelones,3,0,1,0,1,0,0,0,0,0,1,0,0,100.0,0.0,0,-1,Carril bus,-1.0,3,3,1,0,0,0,0,0,0,0,0,0,0,0,4,-1,1,Caiguda en la via,-1,2,2,5,-1,2,0,16.55,1,0,4,7,2
11501,2014,0,2014-08-13,N-260,CAMPDEVANOL,Ripolles,1,0,1,0,1,0,0,0,0,1,0,0,0,50.0,0.0,0,2,No n'hi ha,-1.0,3,3,1,0,0,0,0,0,0,0,0,0,0,0,0,-1,1,Resta sortides de via,-1,1,2,4,1,2,1,22.37,2,1,2,13,8
11502,2014,1,2014-10-15,SE,GIRONA,Girones,1,0,1,0,2,0,0,0,1,1,0,0,0,100.0,0.0,0,2,Altres,-1.0,3,3,1,0,0,0,0,0,0,0,0,0,0,0,4,-1,1,Encalç,-1,2,2,5,0,2,1,18.19,1,2,2,15,10
11503,2014,1,2014-08-14,SE,HOSPITALET DE LLOBREGAT,Barcelones,3,1,0,0,1,0,0,0,0,0,1,0,0,20.0,0.0,0,2,No n'hi ha,-1.0,3,3,0,-1,0,0,0,-1,0,0,0,0,-1,0,4,-1,1,Caiguda en la via,-1,2,2,5,-1,2,1,17.25,1,0,3,14,8
11504,2014,0,2014-10-05,T-334,HORTA DE SANT JOAN,Terra Alta,0,0,1,0,1,0,0,0,1,0,0,0,0,100.0,0.0,0,1,No n'hi ha,-1.0,3,3,1,0,1,0,0,0,0,0,0,0,0,0,4,-1,1,Resta sortides de via,-1,1,2,4,2,2,0,11.25,0,1,6,5,10