,Year,Area,Date,Road,Municipality Name,County Name,Province Name,Fatalties,Serious Injuries,Light Injuries,Units Involved,Pedestrains Involved,Bicycles Involved,Mopeds Involved,Motorcycles,Light Vehicles Involved,Heavy Vehicles Involved,Other Units Involved,Unspecified Units Involved,Road Speed Limit,Accident with Hit and Run,Fog Presence,Surrounding Environment,Special Lane Presence,Special Traffic Measures,Weather Conditions,Special Road Functions,Severity of Accident,Influence of Fog,Influence of Environment,Influence of Traffic,Influence of Weather,Influence of Wind Intensity,Influence of Lighting,Influence of Special Measures,Influence of Road Objects,Influence of Road Surface,Influence of Visibility,Intersection Characteristics,Lighting Conditions,Traffic Regulation and Priority,Direction of Road,Subtype of Accident,Subtype of Road Section,Subzone within Area,Road Surface Conditions,Type of Road,Road Ownership,Wind Conditions,Day of the Week Grouping,Hour of Day,Time of Day Grouping,Type of Accident,Day Type,Day,Month
11505,2014,0,2014-04-05,C-59,PALAU DE PLEGAMANS,Valles Occidental,3,2,0,1,1,0,0,0,0,1,0,0,0,100.0,0.0,0,-1,No n'hi ha,-1.0,3,3,0,0,0,0,0,0,0,0,0,0,0,0,4,-1,-1,Resta sortides de via,-1,1,2,4,-1,2,0,0.15,2,1,5,5,4
11506,2014,1,2014-08-24,SE,SANT JOAN DE VILATOR,Bages,3,0,1,0,2,1,0,0,0,1,0,0,0,100.0,0.0,0,1,No n'hi ha,-1.0,3,3,1,0,0,0,0,0,0,0,0,0,0,0,4,-1,0,Atropellament,-1,2,2,5,-1,2,0,11.5,0,3,6,24,8
11507,2014,0,2014-05-24,SE,CALDERS,Moianès,3,0,1,0,1,0,1,0,0,0,0,0,0,30.0,0.0,0,-1,Sense Especificar,-1.0,3,3,1,0,0,0,0,0,0,0,0,0,0,0,4,-1,-1,Altres,-1,1,2,0,4,2,0,10.46,0,5,5,24,5
11508,2014,0,2014-08-16,TV-3145,REUS,Baix Camp,0,0,1,1,1,0,0,0,0,1,0,0,0,40.0,0.0,0,2,No n'hi ha,-1.0,3,3,1,0,0,0,0,0,0,0,0,0,0,1,4,4,1,Xoc contra objecte/obstacle sense sortida prèvia de via,0,1,2,4,3,2,0,16.44,1,4,5,16,8
11509,2014,0,2014-06-19,LV-9047,CAMARASA,Noguera,2,1,1,0,1,0,0,0,0,1,0,0,0,100.0,0.0,0,1,No n'hi ha,-1.0,3,3,0,0,0,0,0,0,1,0,0,0,0,0,3,-1,1,Resta sortides de via,-1,1,2,4,3,2,1,21.29,1,1,3,19,6
11510,2014,1,2014-11-01,SE,VIC,Osona,3,0,1,0,2,0,1,0,0,1,0,0,0,100.0,0.0,0,2,Carril bici,-1.0,3,3,1,0,0,0,0,0,0,0,0,0,0,1,5,2,1,Fregament o col·lisió lateral,2,2,2,5,-1,2,0,19.06,1,2,5,1,11
11511,2014,1,2014-09-07,SE,MORA LA NOVA,Ribera d'Ebre,0,0,1,6,2,0,0,0,0,2,0,0,0,40.0,0.0,0,2,No n'hi ha,-1.0,3,3,1,0,0,0,0,0,0,0,0,0,0,1,5,4,1,Envestida (frontal lateral),2,2,2,5,-1,2,0,6.23,0,2,6,7,9
11512,2014,0,2014-07-19,GI-540,BESCANO,Girones,1,0,1,0,2,1,0,0,0,0,0,1,0,100.0,0.0,0,1,No n'hi ha,-1.0,3,3,1,0,0,0,0,0,0,0,0,0,0,0,4,-1,1,Atropellament,-1,1,2,4,3,2,0,11.07,0,3,5,19,7
11513,2014,1,2014-05-16,SE,MATARO,Maresme,3,0,1,0,1,0,0,0,0,1,0,0,0,20.0,0.0,0,-1,No n'hi ha,-1.0,3,3,1,-1,0,0,0,-1,0,0,0,0,0,0,5,-1,1,Xoc contra objecte/obstacle sense sortida prèvia de via,-1,2,2,5,-1,2,1,1.35,2,4,4,16,5
11514,2014,1,2014-07-10,SE,BARCELONA,Barcelones,3,0,1,1,2,0,0,0,1,1,0,0,0,30.0,0.0,0,-1,No n'hi ha,-1.0,3,3,1,0,0,0,0,0,0,0,0,0,0,1,5,3,0,Envestida (frontal lateral),2,2,2,5,-1,2,1,0.1,2,2,3,10,7
11515,2014,1,2014-07-03,SE,SANT FELIU DE LLOBREGAT,Baix Llobregat,3,0,1,0,1,0,0,0,1,0,0,0,0,20.0,0.0,0,-1,No n'hi ha,-1.0,3,3,1,0,-1,0,0,0,0,0,0,0,0,0,4,-1,-1,Caiguda en la via,-1,2,2,5,-1,2,1,19.46,1,0,3,3,7
11516,2014,1,2014-03-11,SE,GRANOLLERS,Valles Oriental,3,0,1,0,2,0,0,0,1,1,0,0,0,100.0,0.0,0,2,No n'hi ha,-1.0,3,3,1,0,0,0,0,0,0,0,0,0,0,1,4,5,1,Envestida (frontal lateral),2,2,2,5,-1,2,1,10.4,0,2,1,11,3
11517,2014,0,2014-04-17,N-340,AMPOSTA,Montsia,0,0,1,1,1,0,0,0,0,1,0,0,0,100.0,0.0,0,2,No n'hi ha,-1.0,3,3,1,0,0,0,0,0,0,0,0,0,0,0,4,-1,1,Resta sortides de via,-1,1,2,4,1,2,1,18.3,1,1,3,17,4
11518,2014,1,2014-07-18,SE,"VENDRELL, EL",Baix Penedes,0,0,1,0,1,0,0,0,1,0,0,0,0,40.0,0.0,0,-1,No n'hi ha,-1.0,3,3,1,0,-1,0,0,0,0,0,0,0,0,1,4,4,0,Caiguda en la via,0,2,2,5,-1,2,0,19.2,1,0,4,18,7
11519,2014,1,2014-06-25,SE,BADALONA,Barcelones,3,0,1,0,2,1,0,0,0,1,0,0,0,20.0,0.0,0,-1,No n'hi ha,-1.0,3,3,1,-1,-1,0,0,-1,0,0,0,0,-1,1,4,3,-1,Atropellament,2,2,2,5,-1,2,1,14.02,1,3,2,25,6
11520,2014,1,2014-09-02,SE,GIRONA,Girones,1,0,1,0,2,1,0,0,1,0,0,0,0,100.0,0.0,0,2,No n'hi ha,-1.0,3,3,1,0,0,0,0,0,0,0,0,0,0,2,5,3,1,Atropellament,1,2,2,5,-1,2,1,23.1,2,3,1,2,9
11521,2014,1,2014-06-05,SE,SANT BOI DE LLOBREGAT,Baix Llobregat,3,0,1,0,2,0,0,1,0,1,0,0,0,100.0,0.0,0,-1,No n'hi ha,-1.0,3,3,1,0,0,0,0,0,0,0,0,0,0,0,4,-1,-1,Caiguda en la via,-1,2,2,5,-1,2,1,13.5,0,0,3,5,6
11522,2014,1,2014-05-19,SE,LLEIDA,Segria,2,0,1,0,2,0,1,0,0,1,0,0,0,100.0,0.0,0,-1,No n'hi ha,-1.0,3,3,1,0,0,0,0,0,0,0,0,0,0,0,4,-1,-1,Envestida (frontal lateral),-1,2,2,5,-1,2,1,15.1,1,2,0,19,5
11523,2014,0,2014-08-02,N-230,ROSSELLO,Segria,2,0,1,0,1,0,0,0,1,0,0,0,0,40.0,0.0,0,2,No n'hi ha,-1.0,3,3,1,0,1,0,0,0,0,0,0,0,0,1,4,4,1,Resta sortides de via,0,1,2,4,1,2,0,17.11,1,1,5,2,8
11524,2014,1,2014-05-06,SE,HOSPITALET DE LLOBREGAT,Barcelones,3,0,1,1,2,1,0,0,1,0,0,0,0,20.0,0.0,0,-1,No n'hi ha,-1.0,3,3,1,-1,0,0,0,-1,0,0,0,0,0,0,4,-1,1,Atropellament,-1,2,2,5,-1,2,1,18.15,1,3,1,6,5
11525,2014,1,2014-06-26,SE,BARCELONA,Barcelones,3,0,1,3,2,0,0,1,0,0,1,0,0,100.0,0.0,0,-1,Carril bus,-1.0,3,3,1,0,0,0,0,0,0,0,0,0,1,0,4,-1,1,Envestida (frontal lateral),-1,2,2,5,-1,2,1,10.25,0,2,3,26,6
11526,2014,1,2014-10-13,SE,BARCELONA,Barcelones,3,0,1,0,2,1,0,0,0,1,0,0,0,100.0,0.0,0,-1,No n'hi ha,-1.0,3,3,1,0,0,0,0,0,0,0,0,0,0,1,4,3,0,Atropellament,1,2,2,5,-1,2,1,11.3,0,3,0,13,10
11527,2014,0,2014-06-21,BV-2411,OLESA DE BONESVALLS,Alt Penedes,3,0,1,0,1,0,1,0,0,0,0,0,0,100.0,0.0,0,1,No n'hi ha,-1.0,3,3,1,0,0,0,0,0,0,0,0,0,0,0,4,-1,1,Resta sortides de via,-1,1,2,4,3,2,0,8.25,0,1,5,21,6
11528,2014,0,2014-02-23,C-31,SITGES,Garraf,3,0,1,0,1,0,0,0,1,0,0,0,0,100.0,0.0,0,-1,No n'hi ha,-1.0,3,3,1,0,0,0,0,0,0,0,0,0,0,0,4,-1,-1,Altres,-1,1,2,4,-1,2,0,6.54,0,5,6,23,2
11529,2014,0,2014-05-14,C-55,CLARIANA DE CARDENER,Solsones,2,0,3,0,1,0,0,0,0,1,0,0,0,90.0,0.0,0,0,No n'hi ha,-1.0,3,3,1,-1,0,0,0,-1,0,0,0,0,0,0,4,-1,1,Sortida de via amb xoc o col·lisió,-1,1,2,4,2,2,1,13.1,0,1,2,14,5
11530,2014,1,2014-03-06,SE,SANT FELIU DE LLOBREGAT,Baix Llobregat,3,0,1,0,2,0,0,0,1,1,0,0,0,50.0,0.0,0,2,No n'hi ha,-1.0,3,3,1,0,0,0,0,0,0,0,0,0,0,0,1,-1,0,Fregament o col·lisió lateral,-1,2,2,5,1,2,1,7.1,0,2,3,6,3
11531,2014,1,2014-10-21,SE,"PALAU D'ANGLESOLA, EL",Pla d'Urgell,2,0,1,0,2,0,1,0,0,1,0,0,0,100.0,0.0,0,2,No n'hi ha,-1.0,3,3,1,0,0,0,0,0,0,0,0,0,1,1,5,4,1,Envestida (frontal lateral),2,2,2,5,-1,2,1,19.49,1,2,1,21,10
11532,2014,0,2014-04-20,C-245,SANT BOI DE LLOBREGAT,Baix Llobregat,3,0,1,1,1,0,0,0,0,1,0,0,0,90.0,0.0,0,-1,Sense Especificar,-1.0,3,3,1,0,0,0,0,0,0,0,0,0,0,0,4,-1,-1,Xoc contra objecte/obstacle sense sortida prèvia de via,-1,1,2,4,4,2,0,20.33,1,4,6,20,4
11533,2014,1,2014-06-19,SE,BARCELONA,Barcelones,3,0,1,0,2,0,0,0,1,1,0,0,0,100.0,0.0,0,-1,No n'hi ha,-1.0,3,3,1,0,0,0,0,0,0,0,0,0,0,0,5,-1,0,Encalç,-1,2,2,5,-1,2,1,5.01,2,2,3,19,6
11534,2014,1,2014-06-14,SE,TARRAGONA,Tarragones,0,0,1,0,2,0,1,0,0,1,0,0,0,100.0,0.0,0,2,No n'hi ha,-1.0,3,3,1,0,0,0,0,0,0,0,0,0,0,1,4,-1,1,Envestida (frontal lateral),1,2,2,5,-1,2,0,13.4,0,2,5,14,6
11535,2014,1,2014-10-10,SE,CANOVELLES,Valles Oriental,3,0,1,0,2,1,0,0,0,1,0,0,0,100.0,0.0,0,2,No n'hi ha,-1.0,1,3,1,0,0,0,1,0,0,0,0,0,0,2,5,-1,1,Atropellament,2,2,2,5,0,2,0,19.44,1,3,4,10,10
11536,2014,1,2014-02-27,SE,BADALONA,Barcelones,3,0,1,0,2,1,0,0,0,1,0,0,0,20.0,0.0,0,2,No n'hi ha,0.0,3,3,1,-1,1,0,0,-1,0,0,0,1,0,0,3,-1,0,Atropellament,-1,2,2,5,-1,2,1,19.32,1,3,3,27,2
11537,2014,1,2014-01-11,SE,BARCELONA,Barcelones,3,1,0,0,2,1,0,0,0,1,0,0,0,100.0,0.0,0,-1,No n'hi ha,-1.0,3,3,0,0,0,0,0,0,0,0,1,0,1,0,5,-1,0,Atropellament,-1,2,2,5,-1,2,0,0.25,2,3,5,11,1
11538,2014,1,2014-01-15,SE,SABADELL,Valles Occidental,3,0,1,0,2,1,0,0,1,0,0,0,0,30.0,0.0,0,2,No n'hi ha,-1.0,3,3,1,0,0,0,0,0,0,0,0,0,0,1,4,4,0,Atropellament,2,2,2,5,-1,2,1,14.55,1,3,2,15,1
11539,2014,1,2014-01-06,SE,BARCELONA,Barcelones,3,1,0,0,1,0,0,0,1,0,0,0,0,40.0,0.0,0,-1,No n'hi ha,-1.0,3,3,0,0,0,0,0,0,0,0,0,0,0,0,5,-1,1,Xoc contra objecte/obstacle sense sortida prèvia de via,-1,2,2,5,-1,2,1,5.0,2,4,0,6,1
11540,2014,1,2014-06-11,SE,BARCELONA,Barcelones,3,0,2,0,2,0,0,0,1,1,0,0,0,100.0,0.0,0,-1,No n'hi ha,-1.0,3,3,1,0,0,0,0,0,0,0,0,0,0,1,4,3,0,Envestida (frontal lateral),2,2,2,5,-1,2,1,21.05,1,2,2,11,6
11541,2014,0,2014-01-24,N-240,JUNEDA,Garrigues,2,0,1,1,1,0,0,0,0,0,1,0,0,80.0,0.0,0,2,No n'hi ha,-1.0,3,3,1,0,1,0,0,0,0,0,0,0,0,0,3,-1,1,Resta sortides de via,-1,1,2,4,1,2,1,5.48,2,1,4,24,1
11542,2014,1,2014-10-06,SE,CERDANYOLA DEL VALLES,Valles Occidental,3,0,1,0,2,0,0,0,1,1,0,0,0,100.0,0.0,0,2,No n'hi ha,-1.0,3,3,1,0,0,0,0,0,0,0,0,0,0,1,5,4,0,Envestida (frontal lateral),2,2,2,5,-1,2,1,20.1,1,2,0,6,10
11543,2014,1,2014-09-23,SE,TERRASSA,Valles Occidental,3,0,1,0,2,1,0,0,0,1,0,0,0,100.0,0.0,0,-1,No n'hi ha,-1.0,3,3,1,0,0,0,0,0,0,0,0,0,0,0,4,-1,-1,Atropellament,-1,2,2,5,-1,2,1,20.45,1,3,1,23,9
11544,2014,1,2014-10-23,SE,VILA-SECA,Tarragones,0,1,0,0,1,0,0,0,0,1,0,0,0,100.0,0.0,0,3,No n'hi ha,-1.0,3,3,0,0,0,0,0,0,0,0,0,0,0,0,4,-1,1,Resta sortides de via,-1,2,2,5,-1,2,1,11.4,0,1,3,23,10
11545,2014,1,2014-05-19,SE,RUBI,Valles Occidental,3,0,1,0,2,0,0,0,1,0,1,0,0,100.0,0.0,0,2,Carril acceleració,-1.0,3,3,1,0,0,0,0,0,0,0,0,0,0,1,1,4,1,Envestida (frontal lateral),1,2,2,5,-1,2,1,6.0,0,2,0,19,5
11546,2014,1,2014-03-31,SE,VILAFRANCA DEL PENEDES,Alt Penedes,3,0,1,0,2,1,0,0,0,1,0,0,0,20.0,0.0,0,-1,No n'hi ha,-1.0,3,3,1,0,0,0,0,0,0,0,0,0,0,1,4,2,0,Atropellament,1,2,2,5,-1,2,1,18.25,1,3,0,31,3
11547,2014,1,2014-07-25,SE,TARRAGONA,Tarragones,0,0,1,0,2,0,0,0,1,1,0,0,0,20.0,0.0,0,2,No n'hi ha,-1.0,3,3,1,-1,0,0,0,-1,0,0,0,0,-1,1,4,3,0,Envestida (frontal lateral),1,2,2,5,0,2,0,20.04,1,2,4,25,7
11548,2014,1,2014-04-07,SE,MANRESA,Bages,3,0,1,0,2,1,0,0,0,1,0,0,0,100.0,0.0,0,2,No n'hi ha,-1.0,3,3,1,0,0,0,0,0,0,0,0,0,0,0,5,-1,0,Atropellament,-1,2,2,5,-1,2,1,20.45,1,3,0,7,4
11549,2014,1,2014-09-19,SE,HOSPITALET DE LLOBREGAT,Barcelones,3,0,1,0,2,1,0,0,0,1,0,0,0,20.0,0.0,0,-1,No n'hi ha,-1.0,3,3,1,0,0,0,0,0,0,0,0,0,0,0,5,-1,-1,Atropellament,-1,2,2,5,-1,2,0,20.59,1,3,4,19,9
11550,2014,0,2014-05-25,BV-4608,"MASIES DE VOLTREGA,LES",Osona,3,0,2,0,1,0,0,0,0,1,0,0,0,100.0,1.0,0,0,No n'hi ha,-1.0,3,3,1,0,0,0,0,0,0,0,0,0,0,0,3,-1,1,Resta sortides de via,-1,1,2,4,3,2,0,6.24,0,1,6,25,5
11551,2014,1,2014-06-25,SE,BARCELONA,Barcelones,3,1,0,0,2,0,1,0,0,1,0,0,0,100.0,0.0,0,-1,No n'hi ha,-1.0,3,3,0,0,0,0,0,0,0,0,0,0,0,1,4,3,0,Envestida (frontal lateral),2,2,2,5,-1,2,1,17.16,1,2,2,25,6
11552,2014,1,2014-02-26,SE,"PRAT DE LLOBREGAT, E",Baix Llobregat,3,0,1,0,1,0,0,0,1,0,0,0,0,100.0,0.0,0,-1,No n'hi ha,-1.0,3,3,1,0,0,0,0,0,0,0,0,0,0,1,1,4,-1,Caiguda en la via,0,2,2,5,-1,2,1,7.03,0,0,2,26,2
11553,2014,0,2014-08-31,N-240,VALLS,Alt Camp,0,0,1,0,1,0,0,0,1,0,0,0,0,80.0,0.0,0,1,Carril lent,-1.0,3,3,1,0,0,0,0,0,0,0,0,0,0,0,4,-1,1,Resta sortides de via,-1,1,2,4,1,2,0,12.2,0,1,6,31,8
11554,2014,0,2014-09-30,N-230,ALGUAIRE,Segria,2,0,1,1,2,0,0,0,0,1,1,0,0,100.0,0.0,0,2,No n'hi ha,-1.0,3,3,1,0,0,0,0,0,1,0,0,0,0,0,0,-1,1,Encalç,-1,1,2,4,1,2,1,4.53,2,2,1,30,9
11555,2014,0,2014-07-22,TV-2127,"VENDRELL, EL",Baix Penedes,0,0,1,0,2,0,1,0,0,1,0,0,0,90.0,0.0,0,2,No n'hi ha,-1.0,3,3,1,0,0,0,0,0,0,0,0,0,0,0,4,-1,1,Fregament o col·lisió lateral,-1,1,2,4,3,2,1,10.39,0,2,1,22,7
11556,2014,1,2014-09-27,SE,OLESA DE MONTSERRAT,Baix Llobregat,3,0,1,0,3,0,0,0,1,2,0,0,0,20.0,0.0,0,-1,No n'hi ha,-1.0,3,3,1,-1,-1,0,0,-1,0,0,0,0,0,0,4,-1,-1,Fregament o col·lisió lateral,-1,2,2,5,-1,2,0,9.4,0,2,5,27,9
11557,2014,1,2014-10-26,SE,"MASNOU, EL",Maresme,3,0,1,0,1,0,1,0,0,0,0,0,0,20.0,0.0,0,-1,No n'hi ha,-1.0,3,3,1,0,0,0,0,0,0,0,0,0,0,0,4,-1,1,Caiguda en la via,-1,2,2,5,-1,2,0,17.2,1,0,6,26,10
11558,2014,0,2014-01-08,-GIP 6531.00,BEGUR,Baix Emporda,1,0,1,0,1,0,0,0,0,1,0,0,0,100.0,0.0,0,3,No n'hi ha,-1.0,3,3,1,0,0,0,0,0,0,0,0,0,0,0,4,-1,1,Resta sortides de via,-1,1,2,4,3,2,1,8.35,0,1,2,8,1
11559,2014,0,2014-06-11,N-420,DUESAIG?ES,Baix Camp,0,2,1,0,2,0,0,0,0,2,0,0,0,100.0,0.0,0,3,Carril avançament,-1.0,3,3,0,0,0,0,0,0,0,0,0,0,0,0,4,-1,1,Col·lisió frontal,-1,1,2,4,1,2,1,12.47,0,2,2,11,6
11560,2015,1,2015-02-28,C-246,CASTELLDEFELS,Baix Llobregat,3,0,1,1,2,1,0,0,1,0,0,0,0,100.0,0.0,0,-1,No n'hi ha,-1.0,3,3,1,0,0,0,0,0,0,0,0,0,0,0,4,-1,-1,Atropellament,-1,0,2,4,-1,2,0,11.12,0,3,5,28,2
11561,2015,0,2015-02-15,N-340,ALCANAR,Montsia,0,0,1,0,2,0,0,0,0,2,0,0,0,40.0,1.0,0,0,No n'hi ha,0.0,3,3,1,0,0,0,0,0,1,0,0,0,0,0,3,-1,1,Col·lisió frontal,-1,1,2,4,1,2,0,23.35,2,2,6,15,2
11562,2015,0,2015-04-25,C-13,LLAVORSI,Pallars Sobira,2,0,1,1,1,0,0,0,0,1,0,0,0,100.0,0.0,0,1,No n'hi ha,-1.0,3,3,1,0,0,0,0,0,0,0,0,0,0,0,2,-1,1,Resta sortides de via,-1,1,2,4,2,2,0,17.07,1,1,5,25,4
11563,2015,1,2015-01-13,SE,IGUALADA,Anoia,3,0,1,0,2,1,0,0,0,0,1,0,0,50.0,0.0,0,2,No n'hi ha,-1.0,3,3,1,-1,0,0,0,-1,0,0,0,0,-1,0,4,-1,1,Atropellament,-1,2,2,5,-1,2,1,12.15,0,3,1,13,1
11564,2015,0,2015-03-10,N-240,"PALLARESOS, ELS",Tarragones,0,0,1,3,3,0,0,0,0,2,1,0,0,70.0,1.0,0,2,No n'hi ha,-1.0,3,3,1,0,1,0,0,0,0,0,0,0,0,1,1,4,1,Col·lisió frontal,1,1,2,4,1,2,1,6.51,0,2,1,10,3
11565,2015,0,2015-02-21,B-430,SALLENT,Bages,3,0,1,0,1,0,0,0,0,1,0,0,0,100.0,0.0,0,1,No n'hi ha,-1.0,3,3,1,0,1,0,0,0,0,0,0,0,0,0,1,-1,1,Resta sortides de via,-1,1,2,4,3,2,0,18.16,1,1,5,21,2
11566,2015,1,2015-03-20,SE,SABADELL,Valles Occidental,3,1,0,0,2,0,0,0,1,0,1,0,0,100.0,0.0,0,-1,No n'hi ha,-1.0,3,3,0,0,0,0,0,0,0,0,0,0,0,0,4,-1,-1,Altres,-1,2,2,5,-1,2,1,8.0,0,5,4,20,3
11567,2015,1,2015-01-25,SE,GIRONA,Girones,1,0,1,0,1,0,0,0,0,1,0,0,0,100.0,0.0,0,2,No n'hi ha,-1.0,3,3,1,0,0,0,0,0,0,0,0,0,0,1,5,4,0,Resta sortides de via,0,2,2,5,0,0,0,5.01,2,1,6,25,1
11568,2015,0,2015-02-02,C-14,"RIBA, LA",Alt Camp,0,1,0,0,2,0,0,0,0,1,1,0,0,60.0,0.0,0,3,No n'hi ha,-1.0,3,3,0,0,0,0,0,0,0,0,0,0,0,0,4,-1,1,Col·lisió frontal,-1,1,2,4,2,2,1,17.26,1,2,0,2,2
11569,2015,0,2015-02-26,TV-3454,"ALDEA, L'",Baix Ebre,0,0,1,0,1,0,0,0,0,1,0,0,0,100.0,0.0,0,1,No n'hi ha,-1.0,3,3,1,0,0,0,0,0,0,0,0,0,0,0,3,-1,1,Resta sortides de via,-1,1,2,4,2,2,1,23.51,2,1,3,26,2
11570,2015,1,2015-01-10,SE,SANT BOI DE LLOBREGAT,Baix Llobregat,3,0,1,0,2,1,0,0,0,1,0,0,0,30.0,0.0,0,2,No n'hi ha,-1.0,3,3,1,0,0,0,0,0,0,0,0,0,0,0,4,-1,0,Atropellament,-1,2,2,5,-1,2,0,15.0,1,3,5,10,1
11571,2015,0,2015-10-27,C-1412b,ISONA I CONCA DELLA,Pallars Jussa,2,0,1,1,1,0,0,0,0,1,0,0,0,100.0,0.0,0,1,No n'hi ha,-1.0,3,3,1,0,0,0,0,0,0,0,0,0,0,0,2,-1,1,Resta sortides de via,-1,1,2,4,2,2,1,9.46,0,1,1,27,10
11572,2015,1,2015-07-02,SE,IGUALADA,Anoia,3,0,1,0,2,1,0,0,0,1,0,0,0,50.0,0.0,0,2,No n'hi ha,-1.0,3,3,1,-1,0,0,0,-1,0,0,0,0,-1,1,5,2,1,Atropellament,2,2,2,5,-1,2,1,22.15,2,3,3,2,7
11573,2015,0,2015-07-16,TV-3322,ULLDECONA,Montsia,0,0,2,0,1,0,0,0,1,0,0,0,0,100.0,0.0,0,1,No n'hi ha,-1.0,3,3,1,0,0,0,0,0,0,0,0,0,0,0,3,-1,1,Resta sortides de via,-1,1,3,4,2,2,1,4.58,2,1,3,16,7
11574,2015,0,2015-12-20,N-260,MONTFERRER I CASTELLBO,Alt Urgell,2,0,1,3,1,0,0,0,0,1,0,0,0,100.0,0.0,0,2,No n'hi ha,-1.0,3,3,1,0,0,0,0,0,0,0,0,0,0,0,4,-1,1,Resta sortides de via,-1,1,2,4,1,2,0,16.21,1,1,6,20,12
11575,2015,1,2015-07-05,SE,BLANES,Selva,1,0,1,1,2,0,0,0,1,1,0,0,0,20.0,0.0,0,-1,No n'hi ha,-1.0,3,3,1,-1,-1,0,0,-1,0,0,0,0,0,1,5,5,-1,Envestida (frontal lateral),1,2,2,5,-1,2,0,22.14,2,2,6,5,7
11576,2015,0,2015-10-11,BV-4341,LLUCA,Osona,3,0,1,1,1,0,0,0,1,0,0,0,0,90.0,0.0,0,-1,Sense Especificar,-1.0,3,3,1,0,0,0,0,0,0,0,0,0,0,0,4,-1,-1,Resta sortides de via,-1,1,2,4,4,2,0,13.17,0,1,6,11,10
11577,2015,1,2015-07-20,SE,GIRONA,Girones,1,0,1,0,1,0,0,0,1,0,0,0,0,30.0,0.0,0,3,No n'hi ha,-1.0,3,3,1,0,0,0,0,0,0,0,0,0,0,0,0,-1,1,Caiguda en la via,-1,2,2,5,-1,2,1,22.49,2,0,0,20,7
11578,2015,1,2015-07-23,SE,SANT ESTEVE SESROVIRES,Baix Llobregat,3,0,1,0,2,1,0,0,0,1,0,0,0,100.0,0.0,0,2,No n'hi ha,-1.0,3,3,1,0,0,0,0,0,0,0,0,0,0,2,4,-1,0,Atropellament,1,2,2,5,-1,2,1,19.1,1,3,3,23,7
11579,2015,0,2015-07-26,C-13,CAMARASA,Noguera,2,0,1,0,1,0,0,0,1,0,0,0,0,90.0,0.0,0,-1,Sense Especificar,-1.0,3,3,1,0,0,0,0,0,0,0,0,0,0,0,4,-1,-1,Altres,-1,1,2,4,4,2,0,12.19,0,5,6,26,7
11580,2015,1,2015-10-09,SE,GIRONA,Girones,1,0,1,0,1,0,0,0,1,0,0,0,0,100.0,0.0,0,2,No n'hi ha,-1.0,3,3,1,0,0,0,0,0,0,0,0,0,0,1,4,3,1,Caiguda en la via,2,2,2,5,-1,2,1,12.44,0,0,4,9,10
11581,2015,1,2015-11-26,SE,ESPLUGUES DE LLOBREGAT,Baix Llobregat,3,0,1,0,2,1,0,0,0,1,0,0,0,30.0,0.0,0,2,No n'hi ha,-1.0,3,3,1,-1,0,0,0,-1,0,0,0,0,0,1,3,4,1,Atropellament,1,2,2,5,-1,2,1,19.0,1,3,3,26,11
11582,2015,0,2015-11-15,TP-7013,"ALBIOL, L'",Baix Camp,0,1,0,0,1,0,0,0,1,0,0,0,0,100.0,0.0,0,2,No n'hi ha,-1.0,3,3,0,0,0,0,0,0,0,0,0,0,0,0,4,-1,1,Resta sortides de via,-1,1,2,4,2,2,0,12.45,0,1,6,15,11
11583,2015,0,2015-10-29,GIV-6232,VILOPRIU,Baix Emporda,1,0,1,0,1,0,0,1,0,0,0,0,0,100.0,0.0,0,1,No n'hi ha,-1.0,3,3,1,0,0,0,0,0,0,0,0,0,0,0,4,-1,1,Resta sortides de via,-1,1,2,4,3,2,1,15.31,1,1,3,29,10
11584,2015,0,2015-11-01,C-16,CASTELLBELL I EL VIL,Bages,3,1,0,0,1,0,0,0,0,1,0,0,0,100.0,0.0,0,2,No n'hi ha,-1.0,3,3,0,0,0,0,0,0,0,0,0,0,0,0,3,-1,0,Resta sortides de via,-1,1,2,2,2,2,0,19.24,1,1,6,1,11
11585,2015,1,2015-10-11,SE,RUBI,Valles Occidental,3,0,2,0,2,0,1,0,1,0,0,0,0,100.0,0.0,0,-1,No n'hi ha,-1.0,3,3,1,0,0,0,0,0,0,0,0,0,0,0,4,-1,-1,Altres,-1,2,2,5,-1,2,0,21.55,1,5,6,11,10
11586,2015,1,2015-10-25,SE,ALBONS,Baix Emporda,1,0,1,0,1,0,0,0,1,0,0,0,0,100.0,0.0,0,2,No n'hi ha,-1.0,3,3,1,0,0,0,0,0,0,0,0,0,0,0,5,-1,0,Resta sortides de via,-1,2,2,5,-1,2,0,19.47,1,1,6,25,10
11587,2015,1,2015-04-08,SE,PALAFRUGELL,Baix Emporda,1,0,1,0,2,0,0,0,1,1,0,0,0,20.0,0.0,0,-1,No n'hi ha,-1.0,3,3,1,-1,0,0,0,-1,0,0,0,0,0,1,4,4,1,Fregament o col·lisió lateral,2,2,2,5,-1,2,1,8.0,0,2,2,8,4
11588,2015,1,2015-05-02,SE,BARCELONA,Barcelones,3,0,1,1,1,0,0,0,1,0,0,0,0,100.0,0.0,0,-1,No n'hi ha,-1.0,3,3,1,0,0,0,0,0,0,0,0,0,0,1,4,3,0,Caiguda en la via,1,2,2,5,-1,2,0,12.45,0,0,5,2,5