,Year,Area,Date,Road,Municipality Name,County Name,Province Name,Fatalties,Serious Injuries,Light Injuries,Units Involved,Pedestrains Involved,Bicycles Involved,Mopeds Involved,Motorcycles,Light Vehicles Involved,Heavy Vehicles Involved,Other Units Involved,Unspecified Units Involved,Road Speed Limit,Accident with Hit and Run,Fog Presence,Surrounding Environment,Special Lane Presence,Special Traffic Measures,Weather Conditions,Special Road Functions,Severity of Accident,Influence of Fog,Influence of Environment,Influence of Traffic,Influence of Weather,Influence of Wind Intensity,Influence of Lighting,Influence of Special Measures,Influence of Road Objects,Influence of Road Surface,Influence of Visibility,Intersection Characteristics,Lighting Conditions,Traffic Regulation and Priority,Direction of Road,Subtype of Accident,Subtype of Road Section,Subzone within Area,Road Surface Conditions,Type of Road,Road Ownership,Wind Conditions,Day of the Week Grouping,Hour of Day,Time of Day Grouping,Type of Accident,Day Type,Day,Month
11589,2015,0,2015-03-02,C-242,ALFORJA,Baix Camp,0,1,0,0,2,1,0,0,0,1,0,0,0,100.0,0.0,0,0,No n'hi ha,-1.0,3,3,0,0,0,0,0,0,0,0,0,0,0,0,3,-1,1,Atropellament,-1,1,2,4,2,2,1,21.45,1,3,0,2,3
11590,2015,1,2015-01-11,SE,VILASSAR DE MAR,Maresme,3,0,2,0,1,0,0,1,0,0,0,0,0,100.0,0.0,0,1,No n'hi ha,-1.0,3,3,1,0,0,0,1,0,0,0,0,0,0,2,4,5,1,Caiguda en la via,2,2,2,5,0,2,0,10.12,0,0,6,11,1
11591,2015,1,2015-01-27,SE,TERRASSA,Valles Occidental,3,0,1,0,2,1,0,0,0,1,0,0,0,100.0,0.0,0,-1,No n'hi ha,-1.0,3,3,1,0,0,0,0,0,0,0,0,0,0,0,4,-1,-1,Atropellament,-1,2,2,5,-1,2,1,16.55,1,3,1,27,1
11592,2015,1,2015-02-05,SE,BARCELONA,Barcelones,3,0,1,0,2,0,0,0,1,1,0,0,0,100.0,0.0,0,-1,Carril lent,-1.0,3,3,1,0,0,0,0,0,0,0,0,0,0,0,4,-1,0,Fregament o col·lisió lateral,-1,2,2,5,-1,2,1,14.2,1,2,3,5,2
11593,2015,1,2015-01-27,SE,MOLLET DEL VALLES,Valles Oriental,3,0,1,0,1,0,0,0,1,0,0,0,0,100.0,0.0,0,2,No n'hi ha,-1.0,3,3,1,0,0,0,0,0,0,0,0,0,0,1,4,2,1,Caiguda en la via,1,2,2,5,-1,2,1,13.18,0,0,1,27,1
11594,2015,1,2015-01-19,SE,HOSPITALET DE LLOBREGAT,Barcelones,3,0,1,0,2,1,0,0,1,0,0,0,0,20.0,1.0,0,-1,No n'hi ha,-1.0,1,3,1,-1,0,0,0,-1,0,0,0,0,-1,1,5,5,0,Atropellament,2,2,0,5,-1,2,1,20.32,1,3,0,19,1
11595,2015,0,2015-04-24,LP-3322,LINYOLA,Pla d'Urgell,2,0,1,0,2,0,0,0,0,0,2,0,0,90.0,0.0,0,2,No n'hi ha,-1.0,3,3,1,0,0,0,0,0,0,0,0,0,0,0,4,-1,1,Envestida (frontal lateral),-1,1,2,4,3,2,0,17.27,1,2,4,24,4
11596,2015,0,2015-04-21,TV-3531,BOT,Terra Alta,0,0,1,0,1,0,0,0,0,0,1,0,0,100.0,0.0,0,0,No n'hi ha,-1.0,3,3,1,0,0,0,0,0,0,0,0,0,0,0,4,-1,1,Resta sortides de via,-1,1,2,4,2,2,1,9.22,0,1,1,21,4
11597,2015,1,2015-04-09,SE,CUBELLES,Garraf,3,1,0,0,1,0,0,1,0,0,0,0,0,20.0,0.0,0,-1,No n'hi ha,-1.0,3,3,0,-1,-1,0,0,-1,0,0,0,0,-1,0,4,-1,-1,Caiguda en la via,-1,2,2,5,-1,2,1,9.12,0,0,3,9,4
11598,2015,0,2015-05-24,B-122,RELLINARS,Valles Occidental,3,0,2,0,3,0,0,0,1,2,0,0,0,100.0,0.0,0,1,No n'hi ha,-1.0,3,3,1,0,0,0,0,0,0,0,0,0,0,1,4,5,1,Envestida (frontal lateral),1,1,2,4,3,2,0,9.23,0,2,6,24,5
11599,2015,0,2015-04-17,CR,LLEIDA,Segria,2,0,1,0,1,0,0,0,0,1,0,0,0,100.0,0.0,0,3,No n'hi ha,-1.0,3,3,1,0,1,0,0,0,0,0,0,0,0,0,4,-1,1,Resta sortides de via,-1,1,2,0,0,2,1,8.11,0,1,4,17,4
11600,2015,1,2015-07-29,SE,LLORET DE MAR,Selva,1,0,1,0,1,0,0,0,0,1,0,0,0,100.0,0.0,0,0,No n'hi ha,-1.0,1,3,1,0,0,0,1,0,0,0,0,0,0,0,4,-1,1,Resta sortides de via,-1,2,2,5,-1,2,1,9.18,0,1,2,29,7
11601,2015,0,2015-08-19,C-63,VIDRERES,Selva,1,1,1,0,2,0,0,1,0,0,1,0,0,60.0,0.0,0,2,No n'hi ha,-1.0,3,3,0,0,0,0,0,0,0,0,0,0,0,0,4,-1,1,Caiguda en la via,-1,1,2,4,2,2,1,13.22,0,0,2,19,8
11602,2015,0,2015-09-07,C-243b,SUBIRATS,Alt Penedes,3,1,0,0,1,0,1,0,0,0,0,0,0,100.0,0.0,0,1,No n'hi ha,-1.0,3,3,0,0,0,0,0,0,0,0,0,0,0,0,4,-1,1,Caiguda en la via,-1,1,2,4,3,2,1,9.45,0,0,0,7,9
11603,2015,1,2015-06-21,CR,VINAIXA,Garrigues,2,1,0,0,1,0,0,0,0,0,1,0,0,100.0,0.0,0,1,No n'hi ha,-1.0,3,3,0,0,0,0,0,0,0,0,0,0,0,0,4,-1,1,Resta sortides de via,-1,0,2,0,0,2,0,19.23,1,1,6,21,6
11604,2015,0,2015-08-22,C-14,BASSELLA,Alt Urgell,2,0,2,2,2,0,0,0,0,2,0,0,0,100.0,0.0,0,1,No n'hi ha,-1.0,3,3,1,0,0,0,0,0,0,0,0,0,0,0,3,-1,1,Fregament o col·lisió lateral,-1,1,2,4,2,2,0,23.13,2,2,5,22,8
11605,2015,0,2015-08-03,BV-5251,SANT SADURNI D'OSORM,Osona,3,0,1,1,2,0,0,0,0,2,0,0,0,40.0,0.0,0,1,No n'hi ha,-1.0,3,3,1,0,1,0,0,0,0,0,0,0,0,0,4,-1,1,Fregament o col·lisió lateral,-1,1,2,4,3,2,1,10.32,0,2,0,3,8
11606,2015,0,2015-08-28,LV-3121,SANT RAMON,Segarra,2,0,1,0,1,0,0,0,0,1,0,0,0,100.0,0.0,0,1,No n'hi ha,-1.0,3,3,1,0,0,0,0,0,0,0,0,0,0,0,4,-1,1,Resta sortides de via,-1,1,2,4,3,2,1,14.09,1,1,4,28,8
11607,2015,0,2015-09-06,CR,BELLMUNT D'URGELL,Noguera,2,0,1,0,1,0,0,0,0,0,1,0,0,100.0,0.0,0,1,No n'hi ha,-1.0,3,3,1,0,1,0,0,0,1,0,0,0,0,1,3,5,1,Resta sortides de via,1,1,2,0,0,2,0,21.5,1,1,6,6,9
11608,2015,0,2015-10-23,C-1415a,SENTMENAT,Valles Occidental,3,0,1,0,2,0,0,0,1,1,0,0,0,50.0,0.0,0,1,No n'hi ha,-1.0,3,3,1,0,0,0,0,0,0,0,0,0,0,1,4,5,1,Envestida (frontal lateral),1,1,2,4,3,2,1,14.22,1,2,4,23,10
11609,2015,0,2015-05-27,N-II,PONTOS,Alt Emporda,1,0,2,1,2,0,0,0,0,2,0,0,0,80.0,0.0,0,1,No n'hi ha,-1.0,3,3,1,0,0,0,0,0,0,0,0,0,0,0,4,-1,1,Col·lisió frontal,-1,1,2,4,1,2,1,15.52,1,2,2,27,5
11610,2015,1,2015-10-25,SE,TERRASSA,Valles Occidental,3,0,1,0,1,0,0,0,1,0,0,0,0,100.0,0.0,0,-1,No n'hi ha,-1.0,3,3,1,0,0,0,0,0,0,0,0,0,0,0,4,-1,-1,Altres,-1,2,2,5,-1,2,0,2.45,2,5,6,25,10
11611,2015,1,2015-05-11,SE,BARCELONA,Barcelones,3,0,1,0,3,0,0,1,0,1,1,0,0,100.0,1.0,0,-1,No n'hi ha,-1.0,3,3,1,0,0,0,0,0,0,0,0,0,0,0,4,-1,0,Fregament o col·lisió lateral,-1,2,2,5,-1,2,1,18.4,1,2,0,11,5
11612,2015,0,2015-04-16,BV-5001,MONTORNES DEL VALLES,Valles Oriental,3,0,1,2,2,0,0,0,0,2,0,0,0,100.0,0.0,0,0,No n'hi ha,-1.0,1,3,1,0,0,0,0,0,0,0,0,0,0,0,4,-1,1,Col·lisió frontal,-1,1,2,4,3,2,1,13.54,0,2,3,16,4
11613,2015,1,2015-04-13,SE,LLEIDA,Segria,2,0,1,0,2,1,0,0,0,1,0,0,0,20.0,0.0,0,-1,No n'hi ha,-1.0,3,3,1,-1,0,0,0,-1,0,0,0,0,-1,0,4,-1,1,Atropellament,-1,2,2,5,-1,2,1,11.35,0,3,0,13,4
11614,2015,0,2015-01-04,C-15,SANT PERE DE RIUDEBITLLES,Alt Penedes,3,0,1,0,1,0,0,0,1,0,0,0,0,100.0,0.0,0,1,Altres,-1.0,3,3,1,0,0,0,0,0,0,0,0,0,0,0,4,-1,1,Caiguda en la via,-1,1,2,4,2,2,0,16.5,1,0,6,4,1
11615,2015,1,2015-04-18,SE,SALOU,Tarragones,0,0,1,0,1,0,0,0,1,0,0,0,0,100.0,0.0,0,2,No n'hi ha,-1.0,3,3,1,0,0,0,0,0,0,0,0,0,0,1,0,4,1,Caiguda en la via,2,0,2,0,0,2,0,3.15,2,0,5,18,4
11616,2015,0,2015-02-20,TV-3022,"PERELLO, EL",Baix Ebre,0,0,1,0,1,0,0,0,0,1,0,0,0,50.0,0.0,0,1,No n'hi ha,-1.0,3,3,1,0,0,0,0,0,0,0,0,0,0,0,3,-1,1,Resta sortides de via,-1,1,2,4,2,2,0,22.35,2,1,4,20,2
11617,2015,1,2015-01-30,SE,FRANQUESES DEL VALLE,Valles Oriental,3,0,1,0,1,0,0,1,0,0,0,0,0,50.0,0.0,0,3,No n'hi ha,-1.0,3,3,1,0,0,0,0,0,0,0,0,0,0,0,0,-1,1,Resta sortides de via,-1,0,2,4,1,2,0,19.28,1,1,4,30,1
11618,2015,0,2015-04-09,AL,BELLVIS,Pla d'Urgell,2,2,0,0,1,0,0,0,0,1,0,0,0,60.0,0.0,0,1,No n'hi ha,-1.0,3,3,0,0,1,0,0,0,0,0,0,0,0,0,4,-1,1,Resta sortides de via,-1,1,2,0,0,2,1,14.59,1,1,3,9,4
11619,2015,1,2015-11-14,SE,BARCELONA,Barcelones,3,0,1,1,2,1,0,0,1,0,0,0,0,100.0,0.0,0,-1,No n'hi ha,-1.0,3,3,1,0,0,1,0,0,0,0,0,0,0,0,5,-1,1,Atropellament,-1,2,2,5,-1,2,0,18.15,1,3,5,14,11
11620,2015,1,2015-05-31,SE,LLEIDA,Segria,2,0,1,0,2,1,0,0,0,1,0,0,0,20.0,,0,2,No n'hi ha,-1.0,3,3,1,-1,0,0,0,-1,0,0,0,0,-1,0,4,-1,1,Atropellament,-1,2,2,5,-1,2,0,20.3,1,3,6,31,5
11621,2015,0,2015-06-30,B-30,SANT CUGAT DEL VALLES,Valles Occidental,3,0,1,0,1,0,0,0,1,0,0,0,0,100.0,0.0,0,2,No n'hi ha,-1.0,3,3,1,0,0,0,0,0,0,0,0,0,0,0,4,-1,0,Caiguda en la via,-1,1,2,1,1,2,1,18.32,1,0,1,30,6
11622,2015,0,2015-12-27,BP-1103,MARGANELL,Bages,3,0,1,0,1,0,0,0,0,1,0,0,0,100.0,0.0,0,1,No n'hi ha,-1.0,3,3,1,0,0,0,0,0,0,0,0,0,0,0,2,-1,1,Resta sortides de via,-1,1,2,4,0,2,0,17.08,1,1,6,27,12
11623,2015,0,2015-06-14,AP-7,VILAFRANCA DEL PENEDES,Alt Penedes,3,0,2,0,2,0,0,0,1,1,0,0,0,120.0,0.0,0,2,No n'hi ha,-1.0,3,3,1,0,0,0,0,0,0,0,0,0,0,0,4,-1,0,Fregament o col·lisió lateral,-1,1,2,2,1,2,0,18.2,1,2,6,14,6
11624,2015,0,2015-08-09,CR,LLADORRE,Pallars Sobira,2,1,3,0,1,0,0,0,0,1,0,0,0,100.0,0.0,0,0,No n'hi ha,-1.0,3,3,0,0,0,0,0,0,0,0,0,0,0,0,4,-1,1,Resta sortides de via,-1,1,0,0,0,2,0,9.49,0,1,6,9,8
11625,2015,1,2015-06-05,SE,ESPLUGUES DE LLOBREGAT,Baix Llobregat,3,0,1,0,2,0,0,0,1,1,0,0,0,20.0,0.0,0,2,No n'hi ha,-1.0,3,3,1,-1,0,0,0,-1,0,0,0,0,-1,0,1,-1,1,Encalç,-1,2,2,5,-1,2,0,20.4,1,2,4,5,6
11626,2015,1,2015-06-15,SE,GIRONA,Girones,1,0,1,0,2,1,0,0,0,1,0,0,0,100.0,0.0,0,2,No n'hi ha,-1.0,3,3,1,0,0,0,0,0,0,0,0,0,0,0,4,-1,1,Atropellament,-1,2,2,5,-1,2,1,10.24,0,3,0,15,6
11627,2015,1,2015-10-23,SE,BARCELONA,Barcelones,3,0,1,0,2,1,0,0,0,0,1,0,0,100.0,0.0,0,-1,Carril bus,-1.0,3,3,1,0,0,0,0,0,0,1,0,0,0,1,5,3,1,Atropellament,2,2,2,5,-1,2,0,21.59,1,3,4,23,10
11628,2015,1,2015-12-18,SE,SABADELL,Valles Occidental,3,0,1,0,2,1,0,0,0,1,0,0,0,100.0,0.0,0,-1,No n'hi ha,-1.0,3,3,1,0,0,0,0,0,0,0,0,0,1,0,4,-1,-1,Atropellament,-1,2,2,5,-1,2,1,7.37,0,3,4,18,12
11629,2015,0,2015-08-27,CR,RIALP,Pallars Sobira,2,0,1,0,1,0,0,0,0,0,0,1,0,100.0,0.0,0,1,No n'hi ha,-1.0,3,3,1,0,0,0,0,0,0,0,0,0,0,0,4,-1,1,Resta sortides de via,-1,1,0,0,4,2,1,16.19,1,1,3,27,8
11630,2015,1,2015-10-05,SE,PALAMOS,Baix Emporda,1,0,1,0,2,1,0,0,0,1,0,0,0,20.0,0.0,0,2,No n'hi ha,-1.0,3,3,1,0,0,0,0,0,0,0,0,0,0,0,5,-1,0,Sortida de via amb atropellament,-1,2,2,5,-1,2,1,20.05,1,1,0,5,10
11631,2015,1,2015-05-06,SE,SANT BOI DE LLOBREGAT,Baix Llobregat,3,0,1,0,1,0,0,1,0,0,0,0,0,20.0,0.0,0,-1,No n'hi ha,-1.0,3,3,1,0,0,0,0,0,0,0,0,0,0,0,4,-1,-1,Caiguda en la via,-1,2,2,5,-1,2,1,17.55,1,0,2,6,5
11632,2015,1,2015-06-20,SE,GIRONA,Girones,1,0,1,0,1,0,0,0,1,0,0,0,0,100.0,0.0,0,2,No n'hi ha,-1.0,3,3,1,0,0,0,0,0,0,0,0,0,0,0,4,-1,1,Xoc contra objecte/obstacle sense sortida prèvia de via,-1,2,2,5,-1,2,0,15.3,1,4,5,20,6
11633,2015,1,2015-03-12,SE,BARCELONA,Barcelones,3,0,1,0,2,0,0,0,1,1,0,0,0,100.0,0.0,0,-1,No n'hi ha,-1.0,3,3,1,0,0,0,0,0,0,0,0,0,0,1,5,2,0,Fregament o col·lisió lateral,1,2,2,5,-1,2,1,21.4,1,2,3,12,3
11634,2015,1,2015-05-15,SE,BARCELONA,Barcelones,3,0,1,0,2,1,0,0,0,0,1,0,0,100.0,0.0,0,-1,No n'hi ha,-1.0,3,3,1,0,0,0,0,0,0,0,0,0,0,1,4,3,1,Atropellament,2,2,2,5,-1,2,0,19.2,1,3,4,15,5
11635,2015,0,2015-03-04,L-702,PUIGVERD DE LLEIDA,Segria,2,0,1,0,2,0,0,0,0,1,1,0,0,100.0,0.0,0,2,No n'hi ha,-1.0,3,3,1,0,0,0,0,0,0,0,0,0,0,1,4,5,1,Envestida (frontal lateral),1,1,2,4,2,1,1,9.26,0,2,2,4,3
11636,2015,1,2015-04-23,SE,BLANES,Selva,1,0,1,0,2,0,0,0,1,1,0,0,0,20.0,0.0,0,-1,No n'hi ha,-1.0,3,3,1,-1,0,0,0,-1,0,0,0,0,-1,1,4,4,1,Envestida (frontal lateral),1,2,2,5,-1,2,1,15.4,1,2,3,23,4
11637,2015,0,2015-02-09,T-310,RIUDOMS,Baix Camp,0,1,0,1,2,0,0,0,0,2,0,0,0,100.0,0.0,1,2,No n'hi ha,-1.0,3,3,0,0,0,0,0,0,0,0,0,0,0,0,4,-1,1,Col·lisió frontal,-1,1,2,4,2,2,1,15.5,1,2,0,9,2
11638,2015,1,2015-04-03,SE,BADALONA,Barcelones,3,0,1,0,2,0,0,0,1,1,0,0,0,20.0,0.0,0,-1,No n'hi ha,-1.0,3,3,1,-1,1,0,0,-1,0,0,0,0,-1,0,5,-1,1,Encalç,-1,2,2,5,-1,2,0,21.38,1,2,4,3,4
11639,2015,1,2015-12-09,SE,BARCELONA,Barcelones,3,0,1,0,2,1,0,0,0,0,1,0,0,100.0,0.0,0,-1,Carril bus,-1.0,3,3,1,0,0,0,0,0,0,0,0,0,0,0,4,-1,1,Atropellament,-1,2,2,5,-1,2,1,16.1,1,3,2,9,12
11640,2015,0,2015-06-28,N-340,"ALDEA, L'",Baix Ebre,0,0,4,1,2,0,0,0,0,2,0,0,0,100.0,0.0,0,2,No n'hi ha,-1.0,3,3,1,0,0,0,0,0,0,0,0,0,0,0,3,-1,1,Col·lisió frontal,-1,1,2,4,1,2,0,5.13,2,2,6,28,6
11641,2015,1,2015-05-28,SE,SABADELL,Valles Occidental,3,0,1,0,2,0,0,0,1,1,0,0,0,100.0,0.0,0,2,No n'hi ha,-1.0,3,3,1,0,0,0,0,0,0,0,0,0,0,0,4,-1,1,Envestida (frontal lateral),-1,2,2,5,0,2,1,11.17,0,2,3,28,5
11642,2015,0,2015-09-27,N-420,CORBERA D'EBRE,Terra Alta,0,0,1,1,2,0,0,0,1,1,0,0,0,100.0,0.0,0,2,No n'hi ha,-1.0,3,3,1,0,0,0,0,0,0,0,0,0,0,0,4,-1,1,Envestida (frontal lateral),-1,1,2,4,1,2,0,17.13,1,2,6,27,9
11643,2015,0,2015-12-10,GI-600,TORDERA,Maresme,3,0,1,0,2,0,0,0,1,1,0,0,0,90.0,0.0,0,-1,Sense Especificar,-1.0,3,3,1,0,0,0,0,0,0,0,0,0,0,2,4,4,-1,Fregament o col·lisió lateral,3,1,2,4,4,2,1,17.35,1,2,3,10,12
11644,2015,0,2015-11-15,SE,CASTELLGALI,Bages,3,0,1,0,1,0,0,0,1,0,0,0,0,100.0,0.0,0,3,No n'hi ha,-1.0,3,3,1,0,0,0,0,0,0,0,0,1,0,0,4,-1,0,Resta sortides de via,-1,1,0,0,0,2,0,13.24,0,1,6,15,11
11645,2015,0,2015-05-31,BV-5301,MONTSENY,Valles Oriental,3,0,1,0,1,0,0,0,1,0,0,0,0,100.0,0.0,0,1,No n'hi ha,-1.0,3,3,1,0,0,0,0,0,0,0,1,0,0,0,4,-1,1,Xoc contra objecte/obstacle sense sortida prèvia de via,-1,1,2,4,3,2,0,9.45,0,4,6,31,5
11646,2015,0,2015-06-08,T-240,"BISBAL DEL PENEDES, LA",Baix Penedes,0,0,1,0,1,0,0,0,0,0,1,0,0,60.0,0.0,0,1,No n'hi ha,-1.0,3,3,1,0,0,0,0,0,0,0,0,0,0,0,4,-1,1,Resta sortides de via,-1,1,2,4,2,2,1,13.47,0,1,0,8,6
11647,2015,1,2015-07-16,SE,BARCELONA,Barcelones,3,0,1,0,1,0,0,0,1,0,0,0,0,100.0,0.0,0,-1,No n'hi ha,-1.0,3,3,1,0,0,0,0,0,0,0,0,0,0,0,4,-1,1,Caiguda en la via,-1,2,2,5,-1,2,1,14.0,1,0,3,16,7
11648,2015,0,2015-07-13,C-37,SANT PERE DE TORELLO,Osona,3,1,0,0,2,0,0,0,0,1,1,0,0,100.0,0.0,0,2,No n'hi ha,-1.0,3,3,0,0,0,0,0,0,0,0,0,0,0,0,4,-1,1,Col·lisió frontal,-1,1,2,4,2,2,1,17.52,1,2,0,13,7
11649,2015,0,2015-06-09,B-30,SANT CUGAT DEL VALLES,Valles Occidental,3,0,1,0,1,0,0,0,0,0,1,0,0,60.0,0.0,0,3,No n'hi ha,-1.0,3,3,1,0,0,0,0,0,0,0,0,0,0,0,4,-1,0,Resta sortides de via,-1,1,2,1,3,2,1,16.16,1,1,1,9,6
11650,2015,0,2015-06-08,N-240,PERAFORT,Tarragones,0,0,1,0,1,0,0,1,0,0,0,0,0,100.0,0.0,0,2,No n'hi ha,-1.0,3,3,1,0,0,0,0,0,0,0,0,0,0,0,4,-1,1,Resta sortides de via,-1,1,2,4,1,2,1,15.18,1,1,0,8,6
11651,2015,0,2015-06-06,N-260,ISOVOL,Cerdanya,1,0,2,0,2,0,0,0,1,0,1,0,0,100.0,0.0,0,2,No n'hi ha,-1.0,3,3,1,0,0,0,0,0,0,0,0,0,0,0,4,-1,1,Envestida (frontal lateral),-1,1,2,4,1,2,0,10.56,0,2,5,6,6
11652,2015,0,2015-08-13,N-420,MAR?A,Priorat,0,1,0,0,1,0,0,0,0,1,0,0,0,80.0,0.0,0,2,No n'hi ha,-1.0,3,3,0,0,0,0,0,0,0,0,0,0,0,0,4,-1,1,Resta sortides de via,-1,1,2,4,1,2,1,7.36,0,1,3,13,8
11653,2015,0,2015-09-06,B-23,ESPLUGUES DE LLOBREGAT,Baix Llobregat,3,0,1,0,1,0,0,0,1,0,0,0,0,80.0,0.0,0,2,No n'hi ha,-1.0,3,3,1,0,0,0,0,0,0,0,0,0,0,0,4,-1,1,Xoc contra objecte/obstacle sense sortida prèvia de via,-1,1,2,1,1,2,0,8.55,0,4,6,6,9
11654,2015,1,2015-08-02,SE,PONT DE VILOMARA I R,Bages,3,0,1,0,1,0,0,1,0,0,0,0,0,100.0,0.0,0,1,No n'hi ha,-1.0,3,3,1,0,0,0,0,0,0,0,0,0,0,0,4,-1,1,Resta sortides de via,-1,2,2,5,-1,2,0,19.29,1,1,6,2,8
11655,2015,0,2015-05-09,BP-1417,BARCELONA,Barcelones,3,0,1,0,2,0,0,1,0,1,0,0,0,100.0,0.0,0,-1,No n'hi ha,-1.0,3,3,1,0,0,0,0,0,1,0,0,0,0,0,3,-1,1,Xoc contra objecte/obstacle sense sortida prèvia de via,-1,1,2,4,3,2,0,0.59,2,4,5,9,5
11656,2015,0,2015-05-16,CR,SANT PERE PESCADOR,Alt Emporda,1,0,1,0,2,0,0,0,1,1,0,0,0,100.0,0.0,0,2,No n'hi ha,-1.0,3,3,1,0,0,0,0,0,0,0,0,0,0,0,4,-1,1,Caiguda en la via,-1,1,2,0,0,1,0,14.46,1,0,5,16,5
11657,2015,1,2015-06-18,N-II,MATARO,Maresme,3,0,1,0,2,1,0,0,0,1,0,0,0,90.0,0.0,0,-1,No n'hi ha,-1.0,3,3,1,-1,-1,0,0,-1,0,0,0,0,-1,0,4,-1,-1,Atropellament,-1,0,2,4,-1,2,1,14.31,1,3,3,18,6
11658,2015,0,2015-01-11,C-17,CANOVELLES,Valles Oriental,3,0,1,1,1,0,0,0,0,1,0,0,0,30.0,0.0,0,3,Carril d'alentiment,-1.0,3,3,1,0,0,0,0,0,0,0,0,0,0,1,4,4,0,Resta sortides de via,0,1,2,1,2,2,0,12.22,0,1,6,11,1
11659,2015,1,2015-06-22,SE,PALAFRUGELL,Baix Emporda,1,0,1,0,2,0,1,0,0,1,0,0,0,20.0,0.0,0,-1,No n'hi ha,-1.0,3,3,1,-1,0,0,0,-1,0,0,0,0,-1,1,4,4,1,Fregament o col·lisió lateral,1,2,2,5,-1,2,1,12.0,0,2,0,22,6
11660,2015,1,2015-01-18,SE,BARCELONA,Barcelones,3,0,1,0,2,0,0,0,1,0,1,0,0,100.0,0.0,0,-1,No n'hi ha,-1.0,3,3,1,0,0,0,0,0,0,0,0,0,0,1,4,3,1,Fregament o col·lisió lateral,2,2,2,5,-1,2,0,10.17,0,2,6,18,1
11661,2015,1,2015-02-26,SE,BARCELONA,Barcelones,3,0,1,1,3,0,0,0,1,2,0,0,0,100.0,0.0,0,-1,Carril bus,-1.0,3,3,1,0,0,0,0,0,0,0,0,0,0,1,4,3,0,Envestida (frontal lateral),2,2,2,5,-1,2,1,12.0,0,2,3,26,2
11662,2015,0,2015-04-15,C-63,LLORET DE MAR,Selva,1,1,0,0,1,0,0,0,1,0,0,0,0,100.0,0.0,0,2,No n'hi ha,-1.0,3,3,0,0,0,0,0,0,0,0,0,0,0,0,4,-1,1,Resta sortides de via,-1,1,2,4,2,2,1,8.5,0,1,2,15,4
11663,2015,0,2015-05-17,C-58,RIPOLLET,Valles Occidental,3,0,1,0,1,0,0,0,0,1,0,0,0,120.0,0.0,0,2,No n'hi ha,-1.0,3,3,1,0,0,0,0,0,0,0,0,0,0,0,4,-1,0,Resta sortides de via,-1,1,2,1,2,2,0,7.37,0,1,6,17,5
11664,2015,1,2015-05-25,SE,VIDRERES,Selva,1,0,1,0,2,0,1,0,0,1,0,0,0,30.0,0.0,0,1,No n'hi ha,-1.0,3,3,1,0,0,0,0,0,0,0,0,0,0,0,1,-1,1,Col·lisió frontal,-1,2,2,5,-1,2,1,20.54,1,2,0,25,5
11665,2015,1,2015-12-13,SE,TERRASSA,Valles Occidental,3,0,1,0,1,0,0,0,1,0,0,0,0,100.0,0.0,0,-1,No n'hi ha,-1.0,3,3,1,0,0,0,0,0,0,0,0,0,0,0,4,-1,-1,Xoc contra objecte/obstacle sense sortida prèvia de via,-1,2,2,5,-1,2,0,5.25,2,4,6,13,12
11666,2015,0,2015-11-07,N-IIa,HOSTALETS DE PIEROLA,Anoia,3,0,1,1,3,0,0,2,0,1,0,0,0,100.0,0.0,0,0,No n'hi ha,-1.0,3,3,1,0,0,0,0,0,0,0,0,0,0,1,4,5,1,Envestida (frontal lateral),1,1,2,4,2,2,0,12.15,0,2,5,7,11
11667,2015,1,2015-12-30,SE,BARCELONA,Barcelones,3,1,0,0,2,0,0,0,1,1,0,0,0,100.0,0.0,0,-1,Carril bus,-1.0,3,3,0,0,0,1,0,0,0,0,0,0,0,1,5,3,1,Envestida (frontal lateral),1,2,2,5,-1,2,1,22.0,2,2,2,30,12
11668,2015,0,2015-06-01,C-352,"ROCA DEL VALLES, LA",Valles Oriental,3,0,1,0,1,0,0,0,1,0,0,0,0,100.0,0.0,0,3,No n'hi ha,-1.0,3,3,1,0,0,0,0,0,0,0,0,0,0,0,4,-1,1,Caiguda en la via,-1,1,2,4,2,2,1,14.23,1,0,0,1,6
11669,2015,1,2015-08-24,SE,GRANOLLERS,Valles Oriental,3,0,1,3,2,0,0,0,0,2,0,0,0,100.0,0.0,0,2,No n'hi ha,-1.0,3,3,1,0,0,0,0,0,0,0,0,0,0,1,4,3,1,Envestida (frontal lateral),1,2,2,5,-1,2,1,13.35,0,2,0,24,8
11670,2015,1,2015-09-01,SE,IGUALADA,Anoia,3,0,1,0,2,1,0,0,0,1,0,0,0,50.0,0.0,0,-1,No n'hi ha,-1.0,3,3,1,-1,0,0,0,-1,0,0,0,0,-1,0,5,-1,1,Atropellament,-1,2,2,5,-1,2,1,20.25,1,3,1,1,9
11671,2015,0,2015-06-07,N-260a,RIPOLL,Ripolles,1,0,1,2,2,0,0,0,2,0,0,0,0,100.0,0.0,0,1,No n'hi ha,-1.0,3,3,1,0,0,0,0,0,0,0,0,0,0,0,2,-1,1,Resta sortides de via,-1,1,2,4,1,2,0,14.45,1,1,6,7,6