,Year,Area,Date,Road,Municipality Name,County Name,Province Name,Fatalties,Serious Injuries,Light Injuries,Units Involved,Pedestrains Involved,Bicycles Involved,Mopeds Involved,Motorcycles,Light Vehicles Involved,Heavy Vehicles Involved,Other Units Involved,Unspecified Units Involved,Road Speed Limit,Accident with Hit and Run,Fog Presence,Surrounding Environment,Special Lane Presence,Special Traffic Measures,Weather Conditions,Special Road Functions,Severity of Accident,Influence of Fog,Influence of Environment,Influence of Traffic,Influence of Weather,Influence of Wind Intensity,Influence of Lighting,Influence of Special Measures,Influence of Road Objects,Influence of Road Surface,Influence of Visibility,Intersection Characteristics,Lighting Conditions,Traffic Regulation and Priority,Direction of Road,Subtype of Accident,Subtype of Road Section,Subzone within Area,Road Surface Conditions,Type of Road,Road Ownership,Wind Conditions,Day of the Week Grouping,Hour of Day,Time of Day Grouping,Type of Accident,Day Type,Day,Month
11672,2015,0,2015-07-09,N-240,LLEIDA,Segria,2,1,0,0,2,0,0,0,0,1,1,0,0,100.0,0.0,0,2,No n'hi ha,-1.0,3,3,0,0,0,0,0,0,0,0,0,0,0,0,3,-1,1,Col·lisió frontal,-1,1,2,4,1,2,1,5.34,2,2,3,9,7
11673,2015,1,2015-07-19,SE,LLORET DE MAR,Selva,1,0,1,0,1,0,0,0,1,0,0,0,0,100.0,0.0,0,2,No n'hi ha,-1.0,3,3,1,0,0,0,0,0,0,0,0,0,0,0,4,-1,0,Resta sortides de via,-1,2,2,5,-1,2,0,11.5,0,1,6,19,7
11674,2015,1,2015-07-07,SE,SANT CARLES DE LA RAPITA,Montsia,0,0,2,1,3,2,0,1,0,0,0,0,0,40.0,0.0,0,2,No n'hi ha,-1.0,3,3,1,0,0,0,0,0,0,0,0,0,0,1,5,5,1,Atropellament,0,2,2,5,-1,2,1,22.0,2,3,1,7,7
11675,2015,0,2015-11-09,C-14,ALCOVER,Alt Camp,0,0,1,1,3,0,0,0,1,1,1,0,0,100.0,0.0,0,0,No n'hi ha,-1.0,3,3,1,0,0,0,0,0,0,0,0,0,0,0,3,-1,1,Xoc contra objecte/obstacle sense sortida prèvia de via,-1,1,2,4,2,2,1,18.46,1,4,0,9,11
11676,2015,1,2015-07-19,BV-5301,"BRULL, EL",Osona,3,0,1,0,1,0,0,0,1,0,0,0,0,30.0,0.0,0,1,No n'hi ha,-1.0,3,3,1,0,0,0,0,0,0,0,0,0,0,0,4,-1,1,Caiguda en la via,-1,0,2,4,3,2,0,11.35,0,0,6,19,7
11677,2015,1,2015-10-09,SE,LLICA D'AMUNT,Valles Oriental,3,0,1,0,1,0,0,1,0,0,0,0,0,100.0,0.0,0,2,No n'hi ha,-1.0,3,3,1,0,0,0,0,0,0,0,0,0,0,0,4,-1,1,Xoc contra objecte/obstacle sense sortida prèvia de via,-1,2,2,5,-1,2,1,10.55,0,4,4,9,10
11678,2015,0,2015-08-29,AP-7,"VENDRELL, EL",Baix Penedes,0,0,1,0,1,0,0,0,1,0,0,0,0,100.0,0.0,0,2,No n'hi ha,-1.0,3,3,1,0,0,0,0,0,0,0,0,0,0,0,4,-1,0,Caiguda en la via,-1,1,2,2,1,2,0,9.3,0,0,5,29,8
11679,2015,1,2015-03-11,SE,BADALONA,Barcelones,3,0,1,0,1,0,1,0,0,0,0,0,0,20.0,0.0,0,-1,No n'hi ha,-1.0,3,3,1,0,0,0,0,0,0,0,0,0,0,0,5,-1,-1,Xoc contra objecte/obstacle sense sortida prèvia de via,-1,2,2,5,-1,2,1,0.01,2,4,2,11,3
11680,2015,0,2015-02-27,TV-3022,"PERELLO, EL",Baix Ebre,0,0,1,1,1,0,0,0,0,1,0,0,0,100.0,0.0,0,0,No n'hi ha,-1.0,3,3,1,0,0,0,0,0,0,0,0,0,0,0,3,-1,1,Resta sortides de via,-1,1,2,4,2,1,0,20.33,1,1,4,27,2
11681,2015,1,2015-01-31,SE,BARCELONA,Barcelones,3,0,1,1,2,0,0,0,0,2,0,0,0,100.0,0.0,0,-1,Carril reversible,-1.0,3,3,1,0,0,0,0,0,0,0,0,0,0,0,5,-1,1,Col·lisió frontal,-1,2,2,5,-1,2,0,18.1,1,2,5,31,1
11682,2015,0,2015-05-15,C-14,PONTS,Noguera,2,0,1,0,1,0,0,0,1,0,0,0,0,100.0,0.0,0,2,No n'hi ha,-1.0,3,3,1,0,0,0,0,0,0,0,0,0,0,1,4,4,1,Caiguda en la via,0,1,2,4,2,2,1,9.33,0,0,4,15,5
11683,2015,1,2015-07-29,SE,SANT BOI DE LLOBREGAT,Baix Llobregat,3,0,1,1,2,0,0,1,1,0,0,0,0,20.0,0.0,0,-1,No n'hi ha,-1.0,3,3,1,-1,0,0,0,-1,0,0,0,0,0,1,4,5,1,Fregament o col·lisió lateral,2,2,2,5,-1,2,1,16.05,1,2,2,29,7
11684,2015,1,2015-09-28,SE,ROSES,Alt Emporda,1,0,1,0,3,0,0,0,1,2,0,0,0,20.0,0.0,0,-1,No n'hi ha,-1.0,3,3,1,-1,0,0,0,-1,0,0,0,0,0,0,4,-1,0,Encalç,-1,2,2,5,-1,2,1,17.45,1,2,0,28,9
11685,2015,0,2015-09-17,C-16,SANT CUGAT DEL VALLES,Valles Occidental,3,0,1,0,2,0,0,0,1,1,0,0,0,100.0,0.0,0,2,Altres,-1.0,3,3,1,0,0,0,0,0,0,0,0,0,0,2,4,4,0,Encalç,3,1,2,2,2,2,1,8.25,0,2,3,17,9
11686,2015,0,2015-10-30,N-340,CERVELLO,Baix Llobregat,3,0,1,0,2,0,0,0,1,1,0,0,0,40.0,0.0,0,3,No n'hi ha,-1.0,3,3,1,0,0,0,0,0,0,0,0,0,0,1,4,4,1,Envestida (frontal lateral),0,1,2,4,1,2,0,16.48,1,2,4,30,10
11687,2015,1,2015-07-11,SE,VILANOVA I LA GELTRU,Garraf,3,0,1,0,1,0,0,0,1,0,0,0,0,100.0,0.0,0,-1,No n'hi ha,-1.0,3,3,1,0,0,0,0,0,0,0,0,0,0,0,4,-1,-1,Altres,-1,2,2,5,-1,2,0,4.15,2,5,5,11,7
11688,2015,1,2015-11-25,SE,SABADELL,Valles Occidental,3,0,1,0,2,0,0,0,1,1,0,0,0,30.0,0.0,0,2,No n'hi ha,-1.0,3,3,1,0,0,0,0,0,0,0,0,0,0,0,4,-1,1,Encalç,-1,2,2,5,-1,2,1,15.52,1,2,2,25,11
11689,2015,0,2015-09-09,N-340,"PERELLO, EL",Baix Ebre,0,1,0,1,2,0,0,0,0,1,1,0,0,100.0,0.0,0,1,No n'hi ha,-1.0,3,3,0,0,0,0,0,0,0,0,0,0,0,0,3,-1,1,Col·lisió frontal,-1,1,2,4,1,2,1,6.11,0,2,2,9,9
11690,2015,0,2015-07-18,C-25,CERVERA,Segarra,2,0,1,1,1,0,0,0,1,0,0,0,0,40.0,0.0,0,2,No n'hi ha,-1.0,3,3,1,0,0,0,0,0,0,0,0,0,0,2,4,5,1,Caiguda en la via,3,1,2,1,2,2,0,11.28,0,0,5,18,7
11691,2015,1,2015-04-25,SE,BARCELONA,Barcelones,3,0,1,0,2,0,0,0,1,1,0,0,0,100.0,0.0,0,-1,No n'hi ha,-1.0,3,3,1,0,0,0,0,0,0,0,0,0,0,1,4,3,1,Fregament o col·lisió lateral,2,2,2,5,-1,2,0,14.2,1,2,5,25,4
11692,2015,1,2015-10-26,SE,BARCELONA,Barcelones,3,0,1,0,1,0,0,0,1,0,0,0,0,100.0,0.0,0,-1,No n'hi ha,-1.0,3,3,1,0,0,0,0,0,0,0,0,0,0,0,4,-1,0,Caiguda en la via,-1,2,2,5,-1,2,1,16.35,1,0,0,26,10
11693,2015,1,2015-05-26,SE,GAVA,Baix Llobregat,3,0,1,0,2,0,0,0,1,1,0,0,0,20.0,0.0,0,2,No n'hi ha,-1.0,3,3,1,-1,0,0,0,-1,0,0,0,0,0,1,4,2,1,Envestida (frontal lateral),1,2,2,5,-1,2,1,11.3,0,2,1,26,5
11694,2015,0,2015-05-11,N-420,RIUDECOLS,Baix Camp,0,0,1,0,1,0,0,0,0,0,0,1,0,90.0,0.0,0,-1,Sense Especificar,-1.0,3,3,1,0,0,0,0,0,0,0,0,0,0,0,4,-1,-1,Resta sortides de via,-1,1,2,4,4,2,1,14.45,1,1,0,11,5
11695,2015,1,2015-04-17,SE,TARRAGONA,Tarragones,0,0,1,1,2,0,0,0,0,1,1,0,0,60.0,0.0,0,2,No n'hi ha,-1.0,3,3,1,0,0,0,0,0,0,0,0,0,0,0,4,-1,1,Fregament o col·lisió lateral,-1,2,2,5,1,2,1,12.0,0,2,4,17,4
11696,2015,1,2015-05-13,SE,LLORET DE MAR,Selva,1,1,0,0,2,0,0,0,0,2,0,0,0,100.0,0.0,0,-1,No n'hi ha,-1.0,3,3,0,0,0,0,0,0,0,0,0,0,0,0,4,-1,-1,Resta sortides de via,-1,2,2,5,-1,2,1,16.11,1,1,2,13,5
11697,2015,1,2015-03-27,SE,ROSES,Alt Emporda,1,0,1,0,2,0,1,0,0,1,0,0,0,40.0,0.0,0,2,No n'hi ha,-1.0,3,3,1,0,0,0,0,0,0,0,0,0,0,2,4,4,1,Envestida (frontal lateral),0,2,2,5,-1,2,0,16.55,1,2,4,27,3
11698,2015,0,2015-04-26,GI-543,VILADRAU,Osona,1,0,1,0,1,0,0,0,1,0,0,0,0,100.0,0.0,0,1,No n'hi ha,-1.0,3,3,1,0,0,0,0,0,0,0,0,0,0,0,4,-1,1,Resta sortides de via,-1,1,2,4,3,2,0,8.02,0,1,6,26,4
11699,2015,0,2015-01-30,B-10,HOSPITALET DE LLOBREGAT,Barcelones,3,0,1,1,2,0,0,0,1,1,0,0,0,120.0,0.0,0,-1,Sense Especificar,-1.0,3,3,1,0,0,0,0,0,0,0,0,0,0,0,4,-1,-1,Altres,-1,1,2,1,4,2,0,15.26,1,5,4,30,1
11700,2015,0,2015-04-04,BV-1037,RUBIO,Anoia,3,1,0,0,1,0,0,0,1,0,0,0,0,100.0,0.0,0,3,No n'hi ha,-1.0,3,3,0,0,0,0,0,0,0,0,0,0,0,0,4,-1,0,Resta sortides de via,-1,1,2,4,3,2,0,9.54,0,1,5,4,4
11701,2015,1,2015-02-27,SE,GAVA,Baix Llobregat,3,0,1,0,2,1,0,0,0,1,0,0,0,20.0,0.0,0,2,No n'hi ha,-1.0,3,3,1,-1,0,0,0,-1,0,0,0,0,-1,0,4,-1,1,Atropellament,-1,2,2,5,-1,2,0,18.0,1,3,4,27,2
11702,2015,0,2015-11-29,A-22,ALMACELLES,Segria,2,0,1,0,2,0,0,0,0,1,1,0,0,100.0,0.0,0,0,Carril acceleració,-1.0,3,3,1,0,0,0,0,0,0,0,0,0,0,0,3,-1,0,Encalç,-1,1,2,1,1,2,0,19.53,1,2,6,29,11
11703,2015,0,2015-11-22,C-31,SIURANA,Alt Emporda,1,0,1,1,2,0,0,0,0,1,1,0,0,100.0,0.0,0,1,No n'hi ha,-1.0,3,3,1,0,0,0,0,0,0,0,0,0,0,0,3,-1,1,Encalç,-1,1,2,4,2,0,0,21.18,1,2,6,22,11
11704,2015,1,2015-12-31,SE,VIC,Osona,3,0,1,0,1,0,0,0,1,0,0,0,0,100.0,0.0,0,2,No n'hi ha,-1.0,3,3,1,0,0,0,0,0,0,0,0,0,0,2,4,4,1,Caiguda en la via,1,2,2,5,-1,2,1,13.27,0,0,3,31,12
11705,2015,0,2015-07-01,LV-5224,SORT,Pallars Sobira,2,0,1,0,1,0,0,0,0,0,0,1,0,100.0,0.0,0,1,No n'hi ha,-1.0,3,3,1,0,0,0,0,0,0,0,0,0,0,0,4,-1,1,Resta sortides de via,-1,1,2,4,2,2,1,21.09,1,1,2,1,7
11706,2015,1,2015-09-27,SE,BLANES,Selva,1,0,1,0,1,0,0,1,0,0,0,0,0,20.0,0.0,0,-1,No n'hi ha,-1.0,3,3,1,-1,-1,0,0,-1,0,0,0,0,-1,0,4,-1,-1,Xoc contra objecte/obstacle sense sortida prèvia de via,-1,2,2,5,-1,2,0,16.5,1,4,6,27,9
11707,2015,0,2015-07-03,C-32,VILADECANS,Baix Llobregat,3,0,1,0,1,0,0,0,1,0,0,0,0,50.0,0.0,0,2,No n'hi ha,-1.0,3,3,1,0,0,0,0,0,0,0,0,0,0,1,4,2,1,Caiguda en la via,3,1,2,2,2,2,1,9.33,0,0,4,3,7
11708,2015,0,2015-07-27,BV-5202,SANT JULIA DE VILATO,Osona,3,0,1,0,2,0,1,0,0,1,0,0,0,50.0,0.0,0,2,No n'hi ha,-1.0,3,3,1,0,0,0,0,0,0,0,0,0,0,2,4,4,1,Envestida (frontal lateral),3,1,2,4,3,2,1,16.56,1,2,0,27,7
11709,2015,0,2015-07-19,TV-2041,RODA DE BARA,Tarragones,0,0,1,0,1,0,0,0,0,1,0,0,0,40.0,0.0,0,2,No n'hi ha,-1.0,3,3,1,0,0,0,0,0,0,0,0,0,0,1,1,4,1,Resta sortides de via,0,1,2,4,3,2,0,20.39,1,1,6,19,7
11710,2015,1,2015-06-19,SE,BARCELONA,Barcelones,3,0,1,0,2,1,0,0,1,0,0,0,0,100.0,0.0,0,-1,No n'hi ha,-1.0,3,3,1,0,0,0,0,0,0,0,0,0,0,1,4,3,1,Atropellament,2,2,2,5,-1,2,0,20.1,1,3,4,19,6
11711,2015,1,2015-05-22,SE,TERRASSA,Valles Occidental,3,0,1,0,2,0,1,0,0,1,0,0,0,100.0,0.0,0,-1,No n'hi ha,-1.0,3,3,1,0,0,0,0,0,0,0,0,0,0,0,4,-1,-1,Caiguda en la via,-1,2,2,5,-1,2,0,19.1,1,0,4,22,5
11712,2015,1,2015-06-29,SE,AMPOSTA,Montsia,0,0,1,0,2,0,0,1,0,1,0,0,0,100.0,0.0,0,2,No n'hi ha,-1.0,3,3,1,0,0,0,0,0,0,0,0,0,0,1,5,4,0,Fregament o col·lisió lateral,2,2,2,5,-1,2,1,21.55,1,2,0,29,6
11713,2015,0,2015-08-11,GI-401,CAMPDEVANOL,Ripolles,1,0,1,0,2,1,0,0,0,1,0,0,0,100.0,0.0,0,2,No n'hi ha,-1.0,3,3,1,0,0,0,0,0,1,0,0,0,0,0,4,-1,1,Atropellament,-1,1,2,4,3,2,1,19.11,1,3,1,11,8
11714,2015,0,2015-10-02,C-55,SANT JOAN DE VILATOR,Bages,3,0,1,0,2,0,1,0,0,1,0,0,0,60.0,0.0,0,2,Altres,-1.0,3,3,1,0,0,0,0,0,0,0,0,0,0,2,4,4,1,Fregament o col·lisió lateral,1,1,2,4,2,2,1,10.25,0,2,4,2,10
11715,2015,0,2015-05-12,C-13,TERMENS,Noguera,2,0,1,0,1,0,0,0,0,0,1,0,0,40.0,0.0,0,2,No n'hi ha,-1.0,3,3,1,0,0,0,0,0,0,0,0,0,0,2,4,4,1,Resta sortides de via,0,1,2,4,2,2,1,9.04,0,1,1,12,5
11716,2015,1,2015-05-24,C-42,TORTOSA,Baix Ebre,0,0,1,0,2,1,0,0,0,1,0,0,0,100.0,0.0,0,2,No n'hi ha,-1.0,3,3,1,0,0,0,0,0,0,0,0,0,0,2,4,2,1,Atropellament,0,0,2,4,2,2,0,11.3,0,3,6,24,5
11717,2015,0,2015-05-30,N-154,LLIVIA,Cerdanya,1,0,2,0,2,0,0,1,0,1,0,0,0,100.0,0.0,0,1,No n'hi ha,-1.0,3,3,1,0,0,0,0,0,0,0,0,0,0,0,4,-1,1,Col·lisió frontal,-1,1,2,4,1,2,0,11.12,0,2,5,30,5
11718,2015,0,2015-05-30,B-124,MURA,Bages,3,0,1,0,1,0,0,0,1,0,0,0,0,90.0,0.0,0,-1,Sense Especificar,-1.0,3,3,1,0,0,0,0,0,0,0,0,0,0,0,4,-1,-1,Altres,-1,1,2,4,4,2,0,13.24,0,5,5,30,5
11719,2015,1,2015-01-23,SE,VILANOVA I LA GELTRU,Garraf,3,0,1,0,1,0,1,0,0,0,0,0,0,100.0,1.0,0,-1,No n'hi ha,-1.0,3,3,1,0,0,0,0,0,0,0,0,0,0,0,4,-1,-1,Envestida (frontal lateral),-1,2,2,5,-1,2,1,12.0,0,2,4,23,1
11720,2015,0,2015-01-01,L-310,TORREFETA I FLOREJACS,Segarra,2,0,1,0,1,0,0,0,0,1,0,0,0,100.0,0.0,0,1,No n'hi ha,-1.0,3,3,1,0,0,0,0,0,1,0,0,0,0,0,3,-1,1,Resta sortides de via,-1,1,2,4,3,2,1,20.56,1,1,3,1,1
11721,2015,1,2015-02-19,SE,BARCELONA,Barcelones,3,0,1,0,2,0,0,1,0,1,0,0,0,40.0,0.0,0,-1,No n'hi ha,-1.0,3,3,1,0,0,0,0,0,0,0,0,0,0,0,4,-1,1,Caiguda en la via,-1,2,2,5,-1,2,1,8.45,0,0,3,19,2
11722,2015,1,2015-05-02,B-140,SABADELL,Valles Occidental,3,0,1,1,2,0,0,0,1,1,0,0,0,100.0,0.0,0,2,No n'hi ha,-1.0,3,3,1,0,0,0,0,0,0,0,0,0,0,1,4,4,1,Envestida (frontal lateral),2,0,2,4,-1,2,0,19.19,1,2,5,2,5
11723,2015,1,2015-09-25,SE,ESPLUGUES DE LLOBREGAT,Baix Llobregat,3,0,1,0,2,0,0,0,1,1,0,0,0,30.0,0.0,0,2,No n'hi ha,-1.0,3,3,1,0,0,0,0,0,0,0,0,0,0,1,4,3,1,Envestida (frontal lateral),2,2,2,5,-1,2,1,13.25,0,2,4,25,9
11724,2015,1,2015-08-11,SE,SANT JOAN DESPI,Baix Llobregat,3,0,2,0,2,1,0,0,1,0,0,0,0,30.0,0.0,0,-1,No n'hi ha,-1.0,3,3,1,-1,0,0,0,-1,0,0,0,0,-1,0,4,-1,1,Atropellament,-1,2,2,5,-1,2,1,9.1,0,3,1,11,8
11725,2015,0,2015-09-27,GI-643,GUALTA,Baix Emporda,1,1,1,0,1,0,0,0,0,1,0,0,0,100.0,0.0,0,0,No n'hi ha,-1.0,3,3,0,0,0,0,0,0,0,0,0,0,0,0,4,-1,1,Resta sortides de via,-1,1,2,4,3,2,0,16.25,1,1,6,27,9
11726,2015,1,2015-11-09,SE,VILADECANS,Baix Llobregat,3,0,1,1,3,2,0,0,0,1,0,0,0,20.0,0.0,0,-1,No n'hi ha,-1.0,3,3,1,-1,0,0,0,-1,1,0,0,0,0,1,4,2,0,Atropellament,1,2,2,5,0,2,1,9.0,0,3,0,9,11
11727,2015,0,2015-06-16,L-310,"PLANS DE SIO, ELS",Segarra,2,2,1,0,1,0,0,0,0,1,0,0,0,100.0,0.0,0,1,No n'hi ha,-1.0,3,3,0,0,0,0,0,0,0,0,0,0,0,0,1,-1,1,Resta sortides de via,-1,1,2,4,2,2,1,20.5,1,1,1,16,6
11728,2015,0,2015-06-28,BV-4031,CASTELLAR DE N'HUG,Bergueda,3,0,1,0,1,0,0,0,1,0,0,0,0,90.0,0.0,0,-1,Sense Especificar,-1.0,3,3,1,0,0,0,0,0,0,0,0,0,0,0,4,-1,-1,Resta sortides de via,-1,1,2,4,4,2,0,11.41,0,1,6,28,6
11729,2015,1,2015-10-26,SE,SANT ADRIA DE BESOS,Barcelones,3,0,1,0,2,1,0,0,0,1,0,0,0,100.0,0.0,0,2,No n'hi ha,-1.0,3,3,1,0,0,0,0,0,0,0,0,0,0,0,4,-1,1,Atropellament,-1,2,2,5,-1,2,1,7.5,0,3,0,26,10
11730,2015,0,2015-07-22,BV-5011,BADALONA,Barcelones,3,0,1,1,1,0,0,1,0,0,0,0,0,50.0,0.0,0,1,No n'hi ha,-1.0,3,3,1,0,0,0,0,0,0,0,0,0,0,0,4,-1,1,Caiguda en la via,-1,1,2,4,3,2,1,17.34,1,0,2,22,7
11731,2015,0,2015-08-29,C-31,PALAMOS,Baix Emporda,1,1,0,0,1,0,0,0,0,1,0,0,0,100.0,0.0,0,1,Carril d'alentiment,-1.0,3,3,0,0,0,0,0,0,0,0,0,0,0,0,4,-1,1,Resta sortides de via,-1,1,2,1,2,2,0,6.59,0,1,5,29,8
11732,2015,0,2015-07-14,C-17,PARETS DEL VALLES,Valles Oriental,3,0,1,0,1,0,0,0,0,1,0,0,0,60.0,0.0,0,2,No n'hi ha,-1.0,3,3,1,0,0,0,0,0,1,0,0,0,0,0,4,-1,0,Altres,-1,1,2,1,1,2,1,14.04,1,5,1,14,7
11733,2016,1,2016-09-28,SE,TARRAGONA,Tarragones,0,1,0,0,1,0,0,0,1,0,0,0,0,100.0,0.0,0,2,No n'hi ha,-1.0,3,3,0,0,0,0,0,0,0,0,0,0,0,2,5,4,1,Xoc contra objecte/obstacle sense sortida prèvia de via,0,2,2,5,-1,2,1,22.55,2,4,2,28,9
11734,2016,1,2016-12-28,C-31,TORROELLA DE MONTGRI,Baix Emporda,1,0,1,0,2,1,0,0,0,1,0,0,0,100.0,0.0,0,2,No n'hi ha,-1.0,3,3,1,0,0,0,0,0,0,0,0,0,0,0,5,-1,1,Atropellament,-1,0,2,4,2,2,1,18.02,1,3,2,28,12
11735,2016,1,2016-04-03,SE,LLICA DE VALL,Valles Oriental,3,0,1,0,1,0,0,0,1,0,0,0,0,20.0,0.0,0,-1,No n'hi ha,-1.0,3,3,1,-1,0,0,0,-1,0,0,0,0,-1,0,4,-1,1,Xoc contra objecte/obstacle sense sortida prèvia de via,-1,2,2,5,-1,2,0,8.17,0,4,6,3,4
11736,2016,0,2016-08-17,N-260,RIBERA D'URGELLET,Alt Urgell,2,0,1,0,1,0,0,0,1,0,0,0,0,100.0,0.0,0,1,No n'hi ha,-1.0,3,3,1,0,0,0,0,0,0,0,0,0,0,0,4,-1,1,Caiguda en la via,-1,1,2,4,1,2,1,17.51,1,0,2,17,8
11737,2016,0,2016-12-17,C-58,BARCELONA,Barcelones,3,0,1,0,2,1,0,0,0,1,0,0,0,90.0,0.0,0,-1,Sense Especificar,-1.0,3,3,1,0,0,0,0,0,0,0,0,0,0,0,4,-1,-1,Atropellament,-1,1,2,4,4,2,0,15.5,1,3,5,17,12
11738,2016,1,2016-10-16,SE,ROSES,Alt Emporda,1,0,1,0,1,0,0,0,0,1,0,0,0,40.0,0.0,0,-1,No n'hi ha,-1.0,3,3,1,-1,0,0,0,-1,0,0,0,0,0,0,4,-1,1,Xoc contra objecte/obstacle sense sortida prèvia de via,-1,2,2,5,-1,2,0,11.19,0,4,6,16,10
11739,2016,0,2016-07-31,GIV-6546,PALAFRUGELL,Baix Emporda,1,0,4,1,1,0,0,0,0,1,0,0,0,50.0,0.0,0,2,No n'hi ha,-1.0,3,3,1,0,0,0,0,0,0,0,0,0,0,0,4,-1,1,Resta sortides de via,-1,1,2,4,0,2,0,7.02,0,1,6,31,7
11740,2016,0,2016-09-18,GIV-5521,RIELLS I VIABREA,Selva,1,1,1,1,1,0,0,0,0,1,0,0,0,100.0,0.0,0,0,No n'hi ha,-1.0,3,3,0,0,0,0,0,0,0,0,0,0,0,0,4,-1,1,Resta sortides de via,-1,1,2,4,2,2,0,16.35,1,1,6,18,9
11741,2016,1,2016-09-08,SE,CERDANYOLA DEL VALLES,Valles Occidental,3,0,1,0,2,0,0,0,1,1,0,0,0,100.0,0.0,0,2,No n'hi ha,-1.0,3,3,1,0,0,0,0,0,0,0,0,0,0,0,4,-1,1,Envestida (frontal lateral),-1,2,2,5,1,2,1,15.45,1,2,3,8,9
11742,2016,0,2016-08-31,AP-7,GARRIGAS,Alt Emporda,1,1,0,0,1,0,0,0,0,0,1,0,0,100.0,0.0,0,1,Carril acceleració,-1.0,3,3,0,0,0,0,0,0,0,0,0,0,0,0,0,-1,0,Resta sortides de via,-1,1,2,4,1,2,1,5.35,2,1,2,31,8
11743,2016,0,2016-09-04,N-260,"PONT DE SUERT, EL",Alta Ribagorca,2,0,1,0,1,0,1,0,0,0,0,0,0,100.0,0.0,0,1,No n'hi ha,-1.0,3,3,1,0,0,0,0,0,0,0,0,0,0,0,4,-1,1,Altres,-1,1,2,4,1,2,0,9.4,0,5,6,4,9
11744,2016,0,2016-12-28,CR,CASTELLO D'EMPURIES,Alt Emporda,1,0,2,0,1,0,0,0,0,1,0,0,0,100.0,0.0,0,2,No n'hi ha,-1.0,3,3,1,0,0,0,0,0,0,0,0,0,0,1,5,4,1,Resta sortides de via,2,1,2,3,0,2,1,1.15,2,1,2,28,12
11745,2016,0,2016-06-09,C-31,SITGES,Garraf,3,0,1,0,2,0,0,0,1,1,0,0,0,100.0,0.0,0,2,No n'hi ha,-1.0,3,3,1,0,0,0,0,0,0,0,0,0,0,0,4,-1,1,Col·lisió frontal,-1,1,2,4,2,2,1,8.26,0,2,3,9,6
11746,2016,0,2016-08-05,N-260,"PONT DE SUERT, EL",Alta Ribagorca,2,0,1,0,1,0,0,0,1,0,0,0,0,60.0,0.0,0,1,No n'hi ha,-1.0,3,3,1,0,0,0,0,0,0,0,0,0,0,0,4,-1,1,Caiguda en la via,-1,1,2,4,1,2,1,14.43,1,0,4,5,8
11747,2016,1,2016-01-31,SE,GANDESA,Terra Alta,0,0,1,0,1,0,1,0,0,0,0,0,0,100.0,0.0,0,2,No n'hi ha,-1.0,3,3,1,0,0,0,0,0,0,0,0,0,0,0,4,-1,1,Caiguda en la via,-1,2,2,5,-1,2,0,11.11,0,0,6,31,1
11748,2016,1,2016-05-12,SE,SANTA COLOMA DE GRAMANET,Barcelones,3,0,1,0,2,1,0,0,1,0,0,0,0,20.0,0.0,0,-1,No n'hi ha,-1.0,3,3,1,-1,0,0,0,-1,0,0,0,0,-1,0,4,-1,-1,Atropellament,-1,2,2,5,-1,2,1,10.25,0,3,3,12,5
11749,2016,1,2016-09-17,SE,BARCELONA,Barcelones,3,1,0,0,2,0,1,0,0,1,0,0,0,100.0,0.0,0,-1,Carril bici,-1.0,3,3,0,0,0,0,0,0,0,0,0,0,0,0,5,-1,1,Envestida (frontal lateral),-1,2,2,5,-1,2,0,4.22,2,2,5,17,9
11750,2016,1,2016-04-26,SE,BARCELONA,Barcelones,3,0,1,0,2,0,1,0,0,1,0,0,0,100.0,0.0,0,-1,No n'hi ha,-1.0,3,3,1,0,0,0,0,0,0,0,0,0,0,1,4,2,0,Fregament o col·lisió lateral,2,2,2,5,-1,2,1,16.2,1,2,1,26,4
11751,2016,0,2016-09-05,C-17,LLICA DE VALL,Valles Oriental,3,0,1,0,2,0,0,0,0,2,0,0,0,100.0,0.0,0,0,No n'hi ha,-1.0,3,3,1,0,0,0,0,0,0,0,0,0,0,0,4,-1,0,Resta sortides de via,-1,1,2,4,2,2,1,17.59,1,1,0,5,9
11752,2016,0,2016-05-28,BV-2115,CUBELLES,Garraf,3,0,1,0,1,0,0,0,1,0,0,0,0,90.0,0.0,0,1,No n'hi ha,-1.0,3,3,1,0,0,0,0,0,0,0,0,0,0,0,4,-1,1,Resta sortides de via,-1,1,2,4,3,2,0,13.1,0,1,5,28,5
11753,2016,1,2016-06-02,SE,BADALONA,Barcelones,3,1,1,0,3,0,0,0,1,1,1,0,0,20.0,0.0,0,2,No n'hi ha,-1.0,3,3,0,-1,0,0,0,-1,0,0,0,0,-1,1,4,3,0,Encalç,3,2,2,5,-1,2,1,15.57,1,2,3,2,6
11754,2016,0,2016-06-28,A-26,SANT JOAN LES FONTS,Garrotxa,1,1,1,0,2,0,0,0,0,1,1,0,0,100.0,0.0,0,2,No n'hi ha,-1.0,3,3,0,0,0,0,0,0,0,0,0,0,0,0,4,-1,0,Encalç,-1,1,2,4,2,2,1,18.11,1,2,1,28,6
11755,2016,1,2016-01-01,SE,BERGA,Bergueda,3,1,0,0,2,1,0,0,0,1,0,0,0,20.0,0.0,0,-1,No n'hi ha,-1.0,3,3,0,-1,0,0,0,-1,0,0,0,0,-1,0,5,-1,1,Atropellament,-1,2,2,5,-1,2,0,22.15,2,3,4,1,1