,Year,Area,Date,Road,Municipality Name,County Name,Province Name,Fatalties,Serious Injuries,Light Injuries,Units Involved,Pedestrains Involved,Bicycles Involved,Mopeds Involved,Motorcycles,Light Vehicles Involved,Heavy Vehicles Involved,Other Units Involved,Unspecified Units Involved,Road Speed Limit,Accident with Hit and Run,Fog Presence,Surrounding Environment,Special Lane Presence,Special Traffic Measures,Weather Conditions,Special Road Functions,Severity of Accident,Influence of Fog,Influence of Environment,Influence of Traffic,Influence of Weather,Influence of Wind Intensity,Influence of Lighting,Influence of Special Measures,Influence of Road Objects,Influence of Road Surface,Influence of Visibility,Intersection Characteristics,Lighting Conditions,Traffic Regulation and Priority,Direction of Road,Subtype of Accident,Subtype of Road Section,Subzone within Area,Road Surface Conditions,Type of Road,Road Ownership,Wind Conditions,Day of the Week Grouping,Hour of Day,Time of Day Grouping,Type of Accident,Day Type,Day,Month
11756,2016,1,2016-10-09,SE,MONT-ROIG DEL CAMP,Baix Camp,0,0,1,0,1,0,1,0,0,0,0,0,0,100.0,0.0,0,-1,No n'hi ha,-1.0,3,3,1,0,0,0,0,0,0,0,0,0,0,0,4,-1,-1,Caiguda en la via,-1,2,2,5,-1,2,0,13.0,0,0,6,9,10
11757,2016,0,2016-06-20,C-32,GAVA,Baix Llobregat,3,1,0,1,2,0,0,0,1,1,0,0,0,80.0,0.0,0,2,No n'hi ha,-1.0,3,3,0,0,0,0,0,0,0,0,0,0,0,0,4,-1,0,Caiguda en la via,-1,1,2,4,2,2,1,16.11,1,0,0,20,6
11758,2016,0,2016-11-15,BV-1414,CERDANYOLA DEL VALLES,Valles Occidental,3,0,1,0,2,0,0,0,1,1,0,0,0,90.0,0.0,0,-1,Sense Especificar,-1.0,3,3,1,0,0,0,0,0,0,0,0,0,0,1,4,4,-1,Altres,2,1,2,4,4,2,1,7.36,0,5,1,15,11
11759,2016,1,2016-04-17,SE,SANTA COLOMA DE GRAMANET,Barcelones,3,0,1,0,1,0,1,0,0,0,0,0,0,20.0,0.0,0,-1,No n'hi ha,-1.0,3,3,1,0,-1,0,0,0,0,0,0,0,0,0,4,-1,-1,Caiguda en la via,-1,2,2,5,-1,2,0,12.25,0,0,6,17,4
11760,2016,0,2016-10-12,B-30,CERDANYOLA DEL VALLES,Valles Occidental,3,2,0,1,2,0,0,0,0,1,1,0,0,100.0,0.0,0,3,No n'hi ha,3.0,3,3,0,0,0,0,0,0,0,0,0,0,0,0,5,-1,0,Encalç,-1,1,2,4,1,2,1,22.54,2,2,2,12,10
11761,2016,0,2016-05-01,N-240,VALLMOLL,Alt Camp,0,0,1,0,2,0,0,0,1,1,0,0,0,80.0,0.0,0,2,Carril central,-1.0,3,3,1,0,0,0,0,0,0,0,0,0,0,2,4,4,1,Envestida (frontal lateral),1,1,2,4,1,2,0,11.5,0,2,6,1,5
11762,2016,0,2016-06-27,C-26,IVARS DE NOGUERA,Noguera,2,1,0,0,1,0,0,0,0,0,1,0,0,50.0,0.0,0,2,No n'hi ha,-1.0,3,3,0,0,0,0,0,0,0,0,0,0,0,0,4,-1,1,Resta sortides de via,-1,1,2,4,2,2,1,7.52,0,1,0,27,6
11763,2016,0,2016-10-02,C-17,GRANOLLERS,Valles Oriental,3,0,1,0,2,0,0,0,1,1,0,0,0,80.0,1.0,0,2,No n'hi ha,-1.0,3,3,1,0,1,0,0,0,0,0,0,0,0,0,3,-1,1,Encalç,-1,1,2,4,2,2,0,4.49,2,2,6,2,10
11764,2016,1,2016-06-23,SE,GRANOLLERS,Valles Oriental,3,0,1,0,2,1,0,0,0,1,0,0,0,100.0,0.0,0,2,No n'hi ha,-1.0,3,3,1,0,0,0,0,0,0,0,0,0,0,0,4,-1,0,Atropellament,-1,2,2,5,-1,2,1,17.53,1,3,3,23,6
11765,2016,1,2016-06-21,SE,SANT CUGAT DEL VALLES,Valles Occidental,3,0,1,0,2,1,0,0,0,1,0,0,0,10.0,0.0,0,-1,No n'hi ha,-1.0,3,3,1,-1,-1,0,0,-1,0,0,0,0,0,1,4,5,-1,Atropellament,1,2,2,5,-1,2,1,10.3,0,3,1,21,6
11766,2016,0,2016-06-06,BP-1101,SANT SALVADOR DE GUARDIA,Bages,3,0,1,0,1,0,0,0,1,0,0,0,0,100.0,0.0,0,2,No n'hi ha,-1.0,3,3,1,0,0,0,0,0,0,0,0,0,0,0,4,-1,1,Resta sortides de via,-1,1,2,4,3,2,1,12.37,0,1,0,6,6
11767,2016,1,2016-08-29,N-II,MALGRAT DE MAR,Maresme,3,0,1,0,2,1,0,0,0,1,0,0,0,100.0,0.0,0,2,No n'hi ha,-1.0,3,3,1,0,0,0,0,0,0,0,0,0,1,0,3,-1,1,Atropellament,-1,0,2,4,1,2,1,22.02,2,3,0,29,8
11768,2016,0,2016-12-24,BP-2121,"LLACUNA, LA",Anoia,3,0,1,0,1,0,0,0,1,0,0,0,0,100.0,0.0,0,1,No n'hi ha,-1.0,3,3,1,0,0,0,1,0,0,0,0,0,0,0,4,-1,1,Resta sortides de via,-1,1,2,4,3,2,0,12.58,0,1,5,24,12
11769,2016,0,2016-08-10,C-243C,RUBI,Valles Occidental,3,0,1,0,2,0,0,1,0,1,0,0,0,50.0,0.0,0,1,No n'hi ha,-1.0,3,3,1,0,0,0,0,0,0,0,0,0,1,0,4,-1,1,Envestida (frontal lateral),-1,1,2,4,3,2,1,12.32,0,2,2,10,8
11770,2016,1,2016-04-12,SE,MOLINS DE REI,Baix Llobregat,3,0,1,0,2,0,0,0,1,1,0,0,0,20.0,0.0,0,-1,No n'hi ha,-1.0,3,3,1,-1,-1,0,0,-1,0,0,0,0,-1,1,4,4,0,Fregament o col·lisió lateral,0,2,2,5,-1,2,1,13.25,0,2,1,12,4
11771,2016,1,2016-10-19,SE,LLEIDA,Segria,2,0,1,0,2,1,0,0,0,1,0,0,0,20.0,0.0,0,2,No n'hi ha,-1.0,3,3,1,-1,0,0,0,-1,0,0,0,0,0,1,4,4,1,Atropellament,1,2,2,5,-1,2,1,18.15,1,3,2,19,10
11772,2016,0,2016-07-28,C-12,SARROCA DE LLEIDA,Segria,2,1,1,1,2,0,0,0,0,2,0,0,0,100.0,0.0,0,3,No n'hi ha,-1.0,3,3,0,0,0,0,0,0,0,0,0,0,0,0,4,-1,1,Col·lisió frontal,-1,1,2,4,2,2,1,20.03,1,2,3,28,7
11773,2016,1,2016-11-22,N-II,VILASSAR DE MAR,Maresme,3,0,1,0,2,0,0,0,1,1,0,0,0,100.0,0.0,0,2,No n'hi ha,-1.0,1,3,1,0,0,0,1,0,0,0,0,0,0,0,2,-1,1,Fregament o col·lisió lateral,-1,0,2,4,1,1,1,7.47,0,2,1,22,11
11774,2016,1,2016-04-09,SE,HOSPITALET DE LLOBREGAT,Barcelones,3,0,1,0,2,0,0,1,0,1,0,0,0,20.0,0.0,0,2,No n'hi ha,-1.0,3,3,1,-1,0,0,0,-1,0,0,0,0,1,1,4,3,1,Envestida (frontal lateral),1,2,2,5,0,2,0,8.14,0,2,5,9,4
11775,2016,1,2016-11-13,SE,SANT ANDREU DE LLAVANERES,Maresme,3,0,1,0,2,1,0,0,0,1,0,0,0,20.0,0.0,0,-1,No n'hi ha,-1.0,3,3,1,-1,0,0,0,-1,0,0,0,0,0,1,5,2,0,Atropellament,0,2,2,5,-1,2,0,19.54,1,3,6,13,11
11776,2016,0,2016-03-23,C-63,AMER,Selva,1,0,2,1,3,0,0,0,0,3,0,0,0,80.0,0.0,0,3,No n'hi ha,-1.0,3,3,1,0,0,0,0,0,0,0,0,0,0,0,4,-1,1,Col·lisió frontal,-1,1,2,4,2,2,1,12.41,0,2,2,23,3
11777,2016,1,2016-09-12,SE,CORNELLA DE LLOBREGAT,Baix Llobregat,3,0,1,0,1,0,0,0,1,0,0,0,0,20.0,0.0,0,2,No n'hi ha,-1.0,3,3,1,-1,0,0,0,-1,0,0,0,0,-1,0,4,-1,1,Xoc contra objecte/obstacle sense sortida prèvia de via,-1,2,2,5,-1,2,1,14.2,1,4,0,12,9
11778,2016,1,2016-06-30,SE,BARCELONA,Barcelones,3,0,1,0,2,0,1,0,0,1,0,0,0,100.0,0.0,0,-1,Carril bici,-1.0,3,3,1,0,0,0,0,0,0,0,0,0,0,1,4,3,1,Envestida (frontal lateral),2,2,2,5,-1,2,1,7.5,0,2,3,30,6
11779,2016,0,2016-10-12,SE,GURB,Osona,3,0,1,1,2,0,0,0,0,2,0,0,0,40.0,0.0,0,2,No n'hi ha,-1.0,1,3,1,0,0,0,0,0,0,0,0,0,0,0,2,-1,1,Col·lisió frontal,-1,1,2,0,0,2,1,14.07,1,2,2,12,10
11780,2016,0,2016-05-20,CR,SORIGUERA,Pallars Sobira,2,0,1,0,1,0,0,0,1,0,0,0,0,100.0,0.0,0,1,No n'hi ha,-1.0,3,3,1,0,0,0,0,0,0,0,0,0,0,0,4,-1,1,Altres,-1,1,0,3,0,2,1,12.59,0,5,4,20,5
11781,2016,1,2016-11-17,SE,REUS,Baix Camp,0,0,1,1,2,0,0,0,0,2,0,0,0,100.0,0.0,0,-1,No n'hi ha,-1.0,3,3,1,0,0,0,0,0,0,0,0,0,0,0,4,-1,-1,Envestida (frontal lateral),-1,2,2,5,-1,2,1,20.4,1,2,3,17,11
11782,2016,0,2016-09-09,C-13,TREMP,Pallars Jussa,2,0,3,0,1,0,0,0,0,1,0,0,0,50.0,0.0,0,1,No n'hi ha,-1.0,2,3,1,0,0,0,0,0,0,0,0,0,0,0,3,-1,1,Resta sortides de via,-1,1,2,4,2,2,0,22.28,2,1,4,9,9
11783,2016,1,2016-05-26,SE,CABRERA DE MAR,Maresme,3,0,1,0,2,0,0,0,1,1,0,0,0,100.0,0.0,0,2,No n'hi ha,-1.0,3,3,1,0,0,0,0,0,0,0,0,0,0,1,4,4,1,Fregament o col·lisió lateral,1,2,2,5,-1,2,1,19.3,1,2,3,26,5
11784,2016,0,2016-02-03,N-260,OLOT,Garrotxa,1,0,2,1,1,0,0,0,0,1,0,0,0,100.0,0.0,0,3,No n'hi ha,-1.0,3,3,1,0,0,0,0,0,0,0,0,0,0,0,4,-1,1,Resta sortides de via,-1,1,2,4,1,2,1,11.13,0,1,2,3,2
11785,2016,1,2016-10-17,SE,TORDERA,Maresme,3,0,1,0,2,1,0,0,0,1,0,0,0,100.0,0.0,0,2,No n'hi ha,-1.0,3,3,1,0,0,0,0,0,0,0,0,0,0,1,4,4,1,Atropellament,1,2,2,5,0,2,1,8.48,0,3,0,17,10
11786,2016,1,2016-11-06,SE,CORNELLA DE LLOBREGAT,Baix Llobregat,3,0,1,0,2,0,0,0,1,1,0,0,0,20.0,0.0,0,-1,No n'hi ha,-1.0,3,3,1,-1,0,0,0,-1,0,0,0,0,-1,1,5,4,0,Envestida (frontal lateral),1,2,2,5,-1,2,0,21.33,1,2,6,6,11
11787,2016,0,2016-06-02,C-16,GUARDIOLA DE BERGUEDA,Bergueda,3,0,1,0,1,0,0,0,1,0,0,0,0,90.0,0.0,0,0,No n'hi ha,-1.0,3,3,1,0,0,0,0,0,0,0,0,0,0,0,4,-1,1,Caiguda en la via,-1,1,2,4,2,2,1,15.49,1,0,3,2,6
11789,2016,1,2016-06-12,SE,SANTA COLOMA DE GRAMANET,Barcelones,3,0,1,2,2,0,0,0,0,2,0,0,0,20.0,0.0,0,-1,No n'hi ha,-1.0,3,3,1,-1,0,0,0,-1,0,0,0,0,0,0,4,-1,1,Encalç,-1,2,2,5,-1,2,0,10.4,0,2,6,12,6
11790,2016,1,2016-04-17,SE,BARCELONA,Barcelones,3,0,1,0,2,0,0,0,1,1,0,0,0,100.0,0.0,0,-1,No n'hi ha,-1.0,3,3,1,0,0,0,0,0,0,0,0,0,0,1,4,3,0,Envestida (frontal lateral),2,2,2,5,-1,2,0,9.25,0,2,6,17,4
11791,2016,0,2016-10-13,N-II,FORNELLS DE LA SELVA,Girones,1,0,1,1,2,0,0,0,0,1,1,0,0,100.0,0.0,0,0,No n'hi ha,-1.0,1,3,1,0,0,0,0,0,0,0,0,0,0,0,3,-1,1,Col·lisió frontal,-1,1,2,4,1,2,1,3.55,2,2,3,13,10
11792,2016,1,2016-08-27,SE,HOSPITALET DE LLOBREGAT,Barcelones,3,1,0,0,1,0,0,0,0,1,0,0,0,20.0,0.0,0,2,No n'hi ha,-1.0,3,3,0,-1,0,0,0,-1,0,0,0,0,-1,0,5,-1,1,Xoc contra objecte/obstacle sense sortida prèvia de via,-1,2,2,5,-1,2,0,1.0,2,4,5,27,8
11793,2016,0,2016-12-07,BP-1121,MARGANELL,Bages,3,1,0,0,1,0,0,0,0,1,0,0,0,100.0,0.0,0,0,No n'hi ha,-1.0,3,3,0,0,0,0,0,0,0,0,0,0,0,0,4,-1,1,Resta sortides de via,-1,1,2,4,3,2,1,16.33,1,1,2,7,12
11794,2016,0,2016-10-23,C-55,CASTELLBELL I EL VIL,Bages,3,0,2,0,2,0,0,0,1,1,0,0,0,100.0,0.0,0,2,No n'hi ha,-1.0,3,3,1,0,0,0,0,0,0,0,0,0,0,0,4,-1,1,Fregament o col·lisió lateral,-1,1,2,4,2,2,0,17.38,1,2,6,23,10
11795,2016,1,2016-12-02,BV-2111,OLIVELLA,Garraf,3,0,1,0,2,0,0,0,0,2,0,0,0,100.0,0.0,0,3,No n'hi ha,-1.0,3,3,1,0,0,0,0,0,0,0,0,0,0,0,4,-1,1,Col·lisió frontal,-1,0,2,4,0,2,0,17.03,1,2,4,2,12
11796,2016,0,2016-04-22,A-2,SANTA COLOMA DE CERV,Baix Llobregat,3,0,1,0,3,0,0,0,1,1,1,0,0,80.0,0.0,0,0,No n'hi ha,-1.0,3,3,1,0,0,0,0,0,0,0,0,0,0,0,4,-1,0,Encalç,-1,1,2,4,1,2,1,8.3,0,2,4,22,4
11797,2016,0,2016-04-06,B-23,SANT JOAN DESPI,Baix Llobregat,3,0,1,0,2,0,0,0,1,1,0,0,0,80.0,0.0,0,2,No n'hi ha,-1.0,3,3,1,0,0,0,0,0,0,0,0,0,0,0,4,-1,0,Xoc contra objecte/obstacle sense sortida prèvia de via,-1,1,2,4,3,2,1,9.06,0,4,2,6,4
11798,2016,1,2016-11-26,SE,OLIVELLA,Garraf,3,0,1,1,1,0,0,0,0,1,0,0,0,100.0,0.0,0,1,No n'hi ha,-1.0,3,3,1,0,0,0,0,0,0,0,0,0,0,0,5,-1,1,Resta sortides de via,-1,2,2,5,-1,2,0,5.48,2,1,5,26,11
11799,2016,1,2016-07-06,SE,SABADELL,Valles Occidental,3,0,1,0,2,1,0,0,0,1,0,0,0,100.0,0.0,0,-1,No n'hi ha,-1.0,3,3,1,0,0,0,0,0,0,0,0,0,0,0,4,-1,-1,Atropellament,-1,2,2,5,-1,2,1,13.15,0,3,2,6,7
11800,2016,0,2016-01-24,N-141C,MOIA,Moianès,3,0,1,0,1,0,0,0,1,0,0,0,0,90.0,0.0,0,-1,Sense Especificar,-1.0,3,3,1,0,0,0,0,0,0,0,0,0,0,0,4,-1,-1,Resta sortides de via,-1,1,2,4,4,2,0,11.01,0,1,6,24,1
11801,2016,0,2016-05-11,BP-2121,SANT MARTI SARROCA,Alt Penedes,3,0,1,0,1,0,0,0,0,1,0,0,0,40.0,0.0,0,2,No n'hi ha,-1.0,1,3,1,0,0,0,0,0,0,0,0,0,0,1,3,5,1,Xoc contra objecte/obstacle sense sortida prèvia de via,0,1,2,4,3,2,1,2.23,2,4,2,11,5
11802,2016,0,2016-12-04,AP-7,GRANOLLERS,Valles Oriental,3,0,1,3,2,0,0,0,0,2,0,0,0,100.0,0.0,0,2,No n'hi ha,-1.0,3,3,1,0,0,0,0,0,0,0,0,0,0,0,4,-1,1,Encalç,-1,1,2,4,1,2,0,11.59,0,2,6,4,12
11803,2016,1,2016-12-25,SE,SABADELL,Valles Occidental,3,0,1,0,2,0,0,0,1,1,0,0,0,100.0,0.0,0,2,No n'hi ha,-1.0,3,3,1,0,0,0,0,0,0,0,0,0,0,1,4,-1,1,Envestida (frontal lateral),2,2,2,5,-1,2,0,14.5,1,2,6,25,12
11804,2016,1,2016-08-21,SE,MONTGAI,Noguera,2,0,1,0,1,0,0,0,0,1,0,0,0,20.0,0.0,0,-1,Sense Especificar,-1.0,3,3,1,0,0,0,0,0,0,0,0,0,0,0,4,-1,-1,Resta sortides de via,-1,2,2,5,-1,2,0,9.29,0,1,6,21,8
11805,2016,1,2016-06-08,SE,FONOLLOSA,Bages,3,0,1,0,1,0,1,0,0,0,0,0,0,20.0,0.0,0,-1,Sense Especificar,-1.0,3,3,1,0,0,0,0,0,0,0,0,0,0,0,4,-1,-1,Altres,-1,2,2,5,-1,2,1,12.03,0,5,2,8,6
11806,2016,1,2016-11-02,BV-1604,LLICA DE VALL,Valles Oriental,3,0,1,0,1,0,0,0,0,0,0,1,0,90.0,0.0,0,2,No n'hi ha,-1.0,3,3,1,-1,0,0,0,-1,0,0,0,0,-1,0,1,-1,1,Xoc contra objecte/obstacle sense sortida prèvia de via,-1,0,2,4,-1,2,1,20.08,1,4,2,2,11
11807,2016,0,2016-10-28,C-17,PARETS DEL VALLES,Valles Oriental,3,0,1,0,2,0,0,0,1,1,0,0,0,100.0,0.0,0,2,No n'hi ha,-1.0,3,3,1,0,0,0,0,0,0,0,0,0,0,0,4,-1,0,Altres,-1,1,2,4,2,2,0,15.44,1,5,4,28,10
11808,2016,1,2016-03-06,SE,REUS,Baix Camp,0,0,1,0,2,0,1,0,0,1,0,0,0,100.0,1.0,0,-1,No n'hi ha,-1.0,3,3,1,0,0,0,0,0,0,0,0,0,0,0,4,-1,-1,Encalç,-1,2,2,5,-1,2,0,12.56,0,2,6,6,3
11809,2016,0,2016-07-10,AP-7,CERDANYOLA DEL VALLES,Valles Occidental,3,0,2,0,2,0,0,0,1,1,0,0,0,90.0,0.0,0,-1,Sense Especificar,-1.0,3,3,1,0,0,0,0,0,0,0,0,0,0,0,4,-1,-1,Encalç,-1,1,2,4,4,2,0,0.09,2,2,6,10,7
11810,2016,0,2016-07-05,T-722,"MORELL, EL",Tarragones,0,1,0,1,2,0,0,0,1,0,1,0,0,80.0,0.0,0,2,No n'hi ha,-1.0,3,3,0,0,0,0,0,0,0,0,0,0,0,0,4,-1,1,Col·lisió frontal,-1,1,2,4,3,2,1,12.05,0,2,1,5,7
11811,2016,0,2016-08-10,C-63,VIDRERES,Selva,1,1,0,0,2,0,0,0,1,1,0,0,0,100.0,0.0,0,2,No n'hi ha,-1.0,3,3,0,0,0,0,0,0,0,0,0,0,0,0,4,-1,1,Envestida (frontal lateral),-1,1,2,4,2,2,1,17.2,1,2,2,10,8
11812,2016,1,2016-10-27,SE,BARCELONA,Barcelones,3,0,1,0,2,0,0,0,1,1,0,0,0,100.0,0.0,0,-1,No n'hi ha,-1.0,3,3,1,0,0,0,0,0,0,0,0,0,0,1,5,3,0,Envestida (frontal lateral),2,2,2,5,-1,2,1,19.1,1,2,3,27,10
11813,2016,0,2016-07-10,BV-2116,CASTELLET I LA GORNA,Alt Penedes,3,0,1,0,1,0,0,0,1,0,0,0,0,40.0,0.0,0,3,No n'hi ha,-1.0,3,3,1,0,0,0,0,0,0,0,0,0,0,0,4,-1,1,Resta sortides de via,-1,1,2,4,3,2,0,17.12,1,1,6,10,7
11814,2016,1,2016-10-24,SE,BADALONA,Barcelones,3,1,0,0,2,0,0,0,1,1,0,0,0,20.0,0.0,0,-1,No n'hi ha,-1.0,3,3,0,-1,0,0,0,-1,0,0,0,0,-1,1,2,4,1,Envestida (frontal lateral),2,2,2,5,-1,2,1,15.3,1,2,0,24,10
11815,2016,1,2016-11-09,SE,BADALONA,Barcelones,3,0,1,0,2,0,0,0,1,1,0,0,0,20.0,0.0,0,-1,No n'hi ha,-1.0,3,3,1,-1,-1,0,0,-1,0,0,0,0,-1,0,5,-1,0,Xoc contra objecte/obstacle sense sortida prèvia de via,-1,2,2,5,-1,2,1,22.52,2,4,2,9,11
11816,2016,1,2016-04-15,SE,CERDANYOLA DEL VALLES,Valles Occidental,3,0,1,0,2,1,0,0,0,1,0,0,0,30.0,0.0,0,2,No n'hi ha,-1.0,3,3,1,0,0,0,0,0,0,0,0,0,0,0,4,-1,1,Atropellament,-1,2,2,5,-1,2,1,11.4,0,3,4,15,4
11817,2016,1,2016-07-16,N-230,ALFARRAS,Segria,2,0,1,1,2,0,0,0,1,1,0,0,0,100.0,0.0,0,2,No n'hi ha,-1.0,3,3,1,0,0,0,0,0,0,0,0,0,0,0,4,-1,1,Envestida (frontal lateral),-1,0,2,4,1,2,0,17.48,1,2,5,16,7
11818,2016,0,2016-04-12,N-II,"MASNOU, EL",Maresme,3,0,1,0,1,0,0,0,1,0,0,0,0,80.0,0.0,0,2,No n'hi ha,-1.0,3,3,1,0,0,0,0,0,0,0,0,0,0,0,4,-1,1,Altres,-1,1,2,4,1,2,1,18.52,1,5,1,12,4
11819,2016,1,2016-05-18,SE,LLEIDA,Segria,2,0,2,0,2,1,0,0,1,0,0,0,0,20.0,0.0,0,2,No n'hi ha,-1.0,3,3,1,-1,1,0,0,-1,0,0,0,0,1,1,4,4,1,Atropellament,2,2,2,5,0,2,1,12.43,0,3,2,18,5
11820,2016,1,2016-12-31,SE,BADALONA,Barcelones,3,1,1,1,2,0,0,0,1,1,0,0,0,20.0,0.0,0,2,No n'hi ha,-1.0,3,3,0,-1,0,0,0,-1,0,0,0,0,0,1,4,4,0,Envestida (frontal lateral),2,2,2,5,-1,2,0,17.42,1,2,5,31,12
11822,2016,1,2016-08-04,SE,SANT FELIU DE LLOBREGAT,Baix Llobregat,3,0,1,0,2,0,0,0,1,1,0,0,0,20.0,0.0,0,-1,No n'hi ha,-1.0,3,3,1,0,-1,0,0,0,0,0,0,0,0,0,4,-1,-1,Encalç,-1,0,2,5,-1,2,1,18.25,1,2,3,4,8
11823,2016,0,2016-10-16,T-704,"FEBRO, LA",Baix Camp,0,0,1,0,1,0,0,0,0,1,0,0,0,90.0,0.0,0,-1,Sense Especificar,-1.0,3,3,1,0,0,0,0,0,0,0,0,0,0,0,4,-1,-1,Resta sortides de via,-1,1,2,4,4,2,0,11.28,0,1,6,16,10
11824,2016,0,2016-10-20,BV-4608,SANT BOI DE LLUCANES,Osona,3,0,1,4,2,0,0,0,0,2,0,0,0,90.0,0.0,0,-1,Sense Especificar,-1.0,3,3,1,0,0,0,0,0,0,0,0,0,0,0,4,-1,-1,Col·lisió frontal,-1,1,2,4,4,2,1,12.21,0,2,3,20,10
11825,2016,1,2016-05-31,SE,LLORET DE MAR,Selva,1,0,1,0,2,0,0,0,1,1,0,0,0,100.0,0.0,0,2,No n'hi ha,-1.0,3,3,1,0,0,0,0,0,0,0,0,0,0,0,1,-1,0,Caiguda en la via,-1,2,2,5,-1,2,1,20.54,1,0,1,31,5
11826,2016,0,2016-08-04,AL,TARREGA,Urgell,2,0,1,0,1,0,0,0,0,0,1,0,0,30.0,0.0,0,2,No n'hi ha,-1.0,3,3,1,-1,0,0,0,-1,0,0,0,0,-1,0,4,-1,1,Caiguda en la via,-1,1,2,0,0,2,1,13.35,0,0,3,4,8
11827,2016,1,2016-07-27,SE,VIC,Osona,3,0,1,0,1,0,0,0,1,0,0,0,0,100.0,0.0,0,2,No n'hi ha,-1.0,3,3,1,0,0,0,0,0,0,0,0,0,0,1,5,4,1,Resta sortides de via,0,2,2,5,0,2,1,0.17,2,1,2,27,7
11828,2016,1,2016-06-04,N-340,VALLIRANA,Baix Llobregat,3,0,1,0,1,0,1,0,0,0,0,0,0,40.0,0.0,0,2,No n'hi ha,-1.0,3,3,1,0,0,0,0,0,0,0,0,0,0,0,4,-1,1,Altres,-1,0,2,4,1,2,0,18.5,1,5,5,4,6
11829,2016,0,2016-05-08,N-141C,MOIA,Moianès,3,0,1,0,1,0,0,0,0,1,0,0,0,90.0,0.0,0,-1,Sense Especificar,-1.0,3,3,1,0,0,0,0,0,0,0,0,0,0,0,4,-1,-1,Resta sortides de via,-1,1,2,4,4,2,0,16.19,1,1,6,8,5
11830,2016,1,2016-10-24,SE,BARCELONA,Barcelones,3,0,1,0,2,1,0,0,0,0,1,0,0,100.0,0.0,0,-1,Carril bus,-1.0,3,3,1,0,0,0,0,0,0,0,0,0,0,0,4,-1,0,Atropellament,-1,2,2,5,-1,2,1,12.3,0,3,0,24,10
11831,2016,1,2016-06-14,SE,BARCELONA,Barcelones,3,0,1,0,2,0,1,0,0,0,0,1,0,100.0,0.0,0,-1,Carril bici,-1.0,3,3,1,0,0,0,0,0,0,0,0,0,0,1,5,3,1,Envestida (frontal lateral),2,2,2,5,-1,2,1,22.22,2,2,1,14,6
11832,2016,0,2016-10-09,BV-5301,FOGARS DE MONTCLUS,Valles Oriental,3,0,1,0,1,0,0,0,1,0,0,0,0,30.0,0.0,0,1,No n'hi ha,-1.0,3,3,1,0,0,0,0,0,0,0,0,0,0,0,4,-1,1,Caiguda en la via,-1,1,2,4,0,2,0,14.31,1,0,6,9,10
11833,2016,1,2016-09-21,SE,BARCELONA,Barcelones,3,0,1,0,2,1,0,0,0,0,1,0,0,30.0,0.0,0,-1,No n'hi ha,-1.0,3,3,1,0,0,0,0,0,0,0,0,0,0,0,4,-1,1,Atropellament,-1,2,2,5,-1,2,1,15.0,1,3,2,21,9
11834,2016,0,2016-05-18,B-151,CASTELLBISBAL,Valles Occidental,3,0,1,0,2,0,0,0,1,1,0,0,0,50.0,0.0,0,1,No n'hi ha,-1.0,3,3,1,0,0,0,0,0,0,0,0,0,0,0,4,-1,1,Altres,-1,1,2,4,3,2,1,12.17,0,5,2,18,5
11835,2016,1,2016-03-18,SE,BARCELONA,Barcelones,3,1,0,0,2,0,0,0,1,1,0,0,0,100.0,0.0,0,-1,No n'hi ha,-1.0,3,3,0,0,0,0,0,0,0,0,0,0,0,1,4,3,0,Caiguda en la via,2,2,2,5,-1,2,1,14.26,1,0,4,18,3
11836,2016,0,2016-05-25,SE,CASTELLOLI,Anoia,3,0,1,0,1,0,0,0,1,0,0,0,0,30.0,0.0,0,-1,Sense Especificar,-1.0,3,3,1,0,0,0,0,0,0,0,0,0,0,0,4,-1,-1,Xoc amb animal a la calçada,-1,1,2,0,4,2,1,17.05,1,4,2,25,5
11837,2016,0,2016-08-21,AP-7,VANDELLOS I L'HOSPITALET DE L'INFANT,Baix Camp,0,0,2,1,2,0,0,0,0,2,0,0,0,100.0,0.0,0,2,No n'hi ha,-1.0,3,3,1,0,0,0,0,0,0,0,0,0,0,0,3,-1,0,Encalç,-1,1,2,4,1,2,0,1.04,2,2,6,21,8
11838,2016,0,2016-01-14,TV-7211,CONSTANTI,Tarragones,0,0,1,0,1,0,0,0,0,1,0,0,0,70.0,0.0,0,2,No n'hi ha,-1.0,3,3,1,0,0,0,0,0,0,0,0,0,0,0,1,-1,1,Resta sortides de via,-1,1,2,4,2,2,1,17.58,1,1,3,14,1
11839,2016,0,2016-02-22,C-63,"VALL D'EN BAS, LA",Garrotxa,1,0,1,0,1,0,0,0,0,0,0,1,0,90.0,0.0,0,-1,Sense Especificar,-1.0,3,3,1,0,0,0,0,0,0,0,0,0,0,0,4,-1,-1,Resta sortides de via,-1,1,2,4,4,2,1,12.52,0,1,0,22,2
11840,2016,0,2016-10-03,AP-2,MOLINS DE REI,Baix Llobregat,3,0,1,1,2,0,0,0,1,1,0,0,0,100.0,0.0,0,2,No n'hi ha,-1.0,3,3,1,0,0,0,0,0,0,0,0,0,0,0,4,-1,1,Altres,-1,1,2,4,1,2,1,14.0,1,5,0,3,10