,Year,Area,Date,Road,Municipality Name,County Name,Province Name,Fatalties,Serious Injuries,Light Injuries,Units Involved,Pedestrains Involved,Bicycles Involved,Mopeds Involved,Motorcycles,Light Vehicles Involved,Heavy Vehicles Involved,Other Units Involved,Unspecified Units Involved,Road Speed Limit,Accident with Hit and Run,Fog Presence,Surrounding Environment,Special Lane Presence,Special Traffic Measures,Weather Conditions,Special Road Functions,Severity of Accident,Influence of Fog,Influence of Environment,Influence of Traffic,Influence of Weather,Influence of Wind Intensity,Influence of Lighting,Influence of Special Measures,Influence of Road Objects,Influence of Road Surface,Influence of Visibility,Intersection Characteristics,Lighting Conditions,Traffic Regulation and Priority,Direction of Road,Subtype of Accident,Subtype of Road Section,Subzone within Area,Road Surface Conditions,Type of Road,Road Ownership,Wind Conditions,Day of the Week Grouping,Hour of Day,Time of Day Grouping,Type of Accident,Day Type,Day,Month
11841,2016,0,2016-02-04,B-10,SANT ADRIA DE BESOS,Barcelones,3,0,1,0,2,0,0,0,1,1,0,0,0,80.0,0.0,0,3,No n'hi ha,-1.0,3,3,1,0,0,0,0,0,0,0,0,0,0,0,4,-1,0,Fregament o col·lisió lateral,-1,1,2,4,3,2,1,8.18,0,2,3,4,2
11842,2016,0,2016-03-03,B-520,SANTA EUGENIA DE BER,Osona,3,0,1,0,2,0,1,0,0,1,0,0,0,50.0,0.0,0,2,No n'hi ha,-1.0,3,3,1,0,0,0,0,0,1,0,0,0,0,2,3,4,1,Col·lisió frontal,1,1,2,4,3,2,1,20.04,1,2,3,3,3
11843,2016,1,2016-12-18,SE,SABADELL,Valles Occidental,3,0,1,1,2,0,0,0,1,1,0,0,0,30.0,0.0,0,2,No n'hi ha,-1.0,3,3,1,0,0,0,0,0,0,0,0,0,0,1,4,4,0,Envestida (frontal lateral),2,2,2,5,-1,2,0,14.16,1,2,6,18,12
11844,2016,0,2016-04-08,B-10,HOSPITALET DE LLOBREGAT,Barcelones,3,0,1,0,2,0,0,0,1,1,0,0,0,100.0,0.0,0,3,No n'hi ha,-1.0,1,3,1,0,0,0,0,0,0,0,0,0,0,0,2,-1,1,Caiguda en la via,-1,1,2,4,2,2,1,8.58,0,0,4,8,4
11845,2016,1,2016-01-16,SE,VIC,Osona,3,0,1,0,2,1,0,0,0,1,0,0,0,60.0,0.0,0,2,No n'hi ha,-1.0,3,3,1,0,0,0,0,0,0,0,0,0,1,0,0,-1,1,Atropellament,-1,2,2,5,-1,1,0,19.1,1,3,5,16,1
11846,2016,1,2016-03-18,SE,BARCELONA,Barcelones,3,1,0,0,2,1,0,0,0,0,1,0,0,100.0,0.0,0,-1,No n'hi ha,-1.0,3,3,0,0,0,1,0,0,0,0,0,0,0,1,4,3,0,Atropellament,2,2,2,5,-1,2,1,11.48,0,3,4,18,3
11847,2016,1,2016-04-06,SE,SANT BARTOMEU DEL GR,Osona,3,0,1,0,1,0,0,0,0,1,0,0,0,100.0,0.0,1,2,No n'hi ha,-1.0,3,3,1,0,0,0,0,0,0,0,0,0,0,0,2,-1,1,Resta sortides de via,-1,2,2,5,-1,2,1,10.12,0,1,2,6,4
11848,2016,1,2016-09-15,GI-524,BANYOLES,Pla de l'Estany,1,0,1,0,1,0,0,0,0,1,0,0,0,100.0,0.0,0,-1,No n'hi ha,-1.0,3,3,1,0,0,0,0,0,0,0,0,0,0,0,4,-1,-1,Xoc contra objecte/obstacle sense sortida prèvia de via,-1,0,2,4,-1,2,1,18.03,1,4,3,15,9
11849,2016,1,2016-12-14,C-58,TERRASSA,Valles Occidental,3,0,1,1,2,0,0,0,0,2,0,0,0,80.0,0.0,0,2,No n'hi ha,-1.0,3,3,1,0,0,0,0,0,0,0,0,0,0,0,4,-1,0,Resta sortides de via,-1,0,2,4,1,2,1,13.2,0,1,2,14,12
11850,2016,1,2016-10-04,SE,MALGRAT DE MAR,Maresme,3,0,1,0,2,0,0,0,1,1,0,0,0,20.0,0.0,0,2,Carril bici,-1.0,3,3,1,0,0,0,0,0,0,0,0,0,0,1,4,4,0,Caiguda en la via,2,2,2,5,-1,2,1,13.04,0,0,1,4,10
11851,2016,1,2016-04-24,SE,BARCELONA,Barcelones,3,0,1,0,2,0,0,0,1,1,0,0,0,100.0,0.0,0,-1,No n'hi ha,-1.0,3,3,1,0,0,0,0,0,0,1,0,0,0,1,4,3,0,Caiguda en la via,2,2,2,5,-1,2,0,14.15,1,0,6,24,4
11852,2016,1,2016-10-28,SE,SALOU,Tarragones,0,0,2,0,3,2,0,0,0,1,0,0,0,100.0,0.0,0,2,No n'hi ha,-1.0,3,3,1,0,0,0,0,0,0,0,0,0,0,1,4,2,0,Atropellament,2,2,2,5,-1,2,0,16.38,1,3,4,28,10
11853,2016,0,2016-04-28,BV-4512,ARTES,Bages,3,0,1,2,1,0,0,0,0,1,0,0,0,50.0,0.0,0,2,No n'hi ha,-1.0,1,3,1,0,0,0,1,0,0,0,0,0,0,0,2,-1,1,Resta sortides de via,-1,1,2,4,3,2,1,17.3,1,1,3,28,4
11854,2016,0,2016-03-12,LV-2001,TORREGROSSA,Pla d'Urgell,2,0,1,0,1,0,0,0,0,1,0,0,0,100.0,0.0,0,1,No n'hi ha,-1.0,3,3,1,0,0,0,0,0,0,0,0,0,0,0,3,-1,1,Resta sortides de via,-1,1,2,4,2,2,0,0.18,2,1,5,12,3
11855,2016,1,2016-07-09,SE,SENTMENAT,Valles Occidental,3,0,1,0,2,1,0,0,0,1,0,0,0,40.0,0.0,0,2,No n'hi ha,-1.0,3,3,1,0,0,0,0,0,0,0,0,0,0,0,4,-1,1,Atropellament,-1,2,2,5,-1,2,0,20.47,1,3,5,9,7
11856,2016,1,2016-08-17,SE,BADALONA,Barcelones,3,0,1,0,2,0,1,0,0,1,0,0,0,20.0,0.0,0,-1,No n'hi ha,-1.0,3,3,1,0,-1,0,0,0,0,0,0,0,0,1,4,3,-1,Envestida (frontal lateral),2,2,2,5,-1,2,1,20.07,1,2,2,17,8
11857,2016,1,2016-04-01,SE,BARCELONA,Barcelones,3,0,1,0,2,0,0,0,1,1,0,0,0,100.0,0.0,0,-1,No n'hi ha,-1.0,3,3,1,0,0,0,0,0,0,0,0,0,0,0,4,-1,1,Envestida (frontal lateral),-1,2,2,5,-1,2,0,19.05,1,2,4,1,4
11858,2016,1,2016-12-23,SE,BARCELONA,Barcelones,3,0,1,0,2,0,0,1,0,1,0,0,0,100.0,0.0,0,-1,No n'hi ha,-1.0,3,3,1,0,0,1,0,0,0,0,0,0,0,0,4,-1,1,Envestida (frontal lateral),-1,2,2,5,-1,2,1,12.45,0,2,4,23,12
11859,2016,1,2016-02-11,SE,SANT CUGAT DEL VALLES,Valles Occidental,3,0,2,0,2,0,0,0,1,1,0,0,0,30.0,0.0,0,-1,No n'hi ha,-1.0,3,3,1,-1,0,0,0,-1,0,0,0,0,0,1,5,4,0,Envestida (frontal lateral),2,2,2,5,0,2,1,23.09,2,2,3,11,2
11861,2016,0,2016-02-20,GIV-6703,GIRONA,Girones,1,0,1,0,1,0,1,0,0,0,0,0,0,100.0,0.0,0,1,No n'hi ha,0.0,3,3,1,0,0,0,0,0,0,0,0,0,0,0,4,-1,1,Caiguda en la via,-1,1,2,4,3,2,0,13.21,0,0,5,20,2
11862,2016,1,2016-10-04,SE,"BISBAL DEL PENEDES, LA",Baix Penedes,0,0,1,0,2,0,0,0,1,1,0,0,0,30.0,0.0,0,2,No n'hi ha,-1.0,3,3,1,0,0,0,0,0,0,0,0,0,0,1,4,4,0,Envestida (frontal lateral),2,2,1,5,-1,2,1,12.36,0,2,1,4,10
11863,2016,1,2016-06-15,SE,SABADELL,Valles Occidental,3,0,1,0,2,0,0,0,1,1,0,0,0,100.0,0.0,0,2,No n'hi ha,-1.0,3,3,1,0,0,0,0,0,0,0,0,0,0,1,4,5,1,Envestida (frontal lateral),2,2,2,5,-1,2,1,17.2,1,2,2,15,6
11864,2016,0,2016-06-22,C-59,CASTELLTERCOL,Moianès,3,0,1,0,1,0,0,0,1,0,0,0,0,90.0,0.0,0,-1,Sense Especificar,-1.0,3,3,1,0,0,0,0,0,0,0,0,0,0,0,4,-1,-1,Resta sortides de via,-1,1,2,4,4,2,1,20.53,1,1,2,22,6
11865,2016,0,2016-11-27,BV-1221,MATADEPERA,Valles Occidental,3,0,1,0,2,0,1,0,0,1,0,0,0,90.0,0.0,0,-1,Sense Especificar,-1.0,3,3,1,0,0,0,0,0,0,0,0,0,0,0,4,-1,-1,Envestida (frontal lateral),-1,1,2,4,4,2,0,13.32,0,2,6,27,11
11866,2016,1,2016-08-26,SE,BARCELONA,Barcelones,3,0,1,0,2,1,0,0,0,1,0,0,0,100.0,0.0,0,-1,No n'hi ha,0.0,3,3,1,0,0,1,0,0,0,1,0,0,0,1,4,3,1,Atropellament,2,2,2,5,-1,2,0,18.0,1,3,4,26,8
11867,2016,0,2016-10-13,C-58,BARCELONA,Barcelones,3,0,1,0,1,0,0,0,1,0,0,0,0,80.0,0.0,0,0,No n'hi ha,-1.0,1,3,1,0,0,0,0,0,0,0,0,0,0,0,4,-1,0,Altres,-1,1,2,4,2,2,1,11.3,0,5,3,13,10
11868,2016,0,2016-07-17,C-51,"BISBAL DEL PENEDES, LA",Baix Penedes,0,0,1,0,2,0,2,0,0,0,0,0,0,90.0,0.0,0,-1,Sense Especificar,-1.0,3,3,1,0,0,0,0,0,0,0,0,0,0,0,4,-1,-1,Altres,-1,1,2,4,4,2,0,11.58,0,5,6,17,7
11869,2016,1,2016-10-17,SE,GIRONA,Girones,1,0,1,1,2,1,0,0,1,0,0,0,0,100.0,0.0,0,2,No n'hi ha,-1.0,3,3,1,0,0,0,0,0,0,0,0,0,0,0,4,-1,0,Atropellament,-1,2,2,5,-1,2,1,14.1,1,3,0,17,10
11870,2016,1,2016-02-26,SE,LLEIDA,Segria,2,0,1,0,2,0,0,0,1,1,0,0,0,20.0,0.0,0,-1,No n'hi ha,-1.0,3,3,1,-1,0,0,0,-1,0,0,0,0,-1,1,5,4,0,Envestida (frontal lateral),2,2,2,5,-1,2,0,20.0,1,2,4,26,2
11871,2016,1,2016-02-25,SE,OLOT,Garrotxa,1,0,1,0,3,2,0,0,0,0,1,0,0,100.0,0.0,0,2,No n'hi ha,-1.0,3,3,1,0,0,0,0,0,0,0,0,0,0,0,4,-1,0,Atropellament,-1,2,2,5,-1,2,1,17.32,1,3,3,25,2
11872,2016,0,2016-02-08,C-260,CASTELLO D'EMPURIES,Alt Emporda,1,0,1,0,2,0,1,0,0,0,1,0,0,80.0,0.0,0,1,No n'hi ha,-1.0,3,3,1,0,0,0,0,0,0,0,0,0,0,0,4,-1,1,Fregament o col·lisió lateral,-1,1,2,4,2,2,1,15.51,1,2,0,8,2
11873,2016,0,2016-01-05,C-16z,BALSARENY,Bages,3,0,1,0,1,0,0,0,0,1,0,0,0,100.0,0.0,0,1,No n'hi ha,-1.0,1,3,1,0,0,0,0,0,0,0,0,0,0,0,3,-1,1,Resta sortides de via,-1,1,2,4,3,2,1,18.09,1,1,1,5,1
11874,2016,1,2016-09-18,SE,MOIA,Moianès,3,0,1,0,1,0,0,0,1,0,0,0,0,20.0,1.0,0,-1,No n'hi ha,-1.0,3,3,1,-1,0,0,0,-1,0,0,0,0,0,1,4,4,1,Caiguda en la via,2,2,2,5,-1,2,0,14.53,1,0,6,18,9
11875,2016,1,2016-10-18,BV-1602,LLICA DE VALL,Valles Oriental,3,0,1,0,2,0,0,0,1,1,0,0,0,90.0,0.0,0,2,No n'hi ha,-1.0,3,3,1,-1,0,0,0,-1,0,0,0,0,-1,1,4,4,1,Envestida (frontal lateral),1,0,2,4,-1,2,1,7.52,0,2,1,18,10
11876,2016,0,2016-05-08,SE,CORBERA DE LLOBREGAT,Baix Llobregat,3,0,1,1,1,0,0,0,0,1,0,0,0,100.0,0.0,0,0,No n'hi ha,-1.0,1,3,1,0,0,0,0,0,0,0,0,0,0,0,4,-1,1,Caiguda en la via,-1,1,0,0,0,2,0,16.4,1,0,6,8,5
11877,2016,1,2016-03-16,SE,PALAU DE PLEGAMANS,Valles Occidental,3,0,1,0,2,0,0,0,1,1,0,0,0,100.0,0.0,0,2,No n'hi ha,-1.0,1,3,1,0,0,0,1,0,0,0,0,0,1,0,0,-1,1,Caiguda en la via,-1,2,2,5,2,2,1,19.2,1,0,2,16,3
11878,2016,0,2016-02-01,C-31,HOSPITALET DE LLOBREGAT,Barcelones,3,0,1,0,2,0,0,0,1,1,0,0,0,80.0,0.0,0,2,No n'hi ha,-1.0,3,3,1,0,0,0,0,0,0,0,0,0,0,2,4,5,0,Encalç,3,1,2,4,2,2,1,11.22,0,2,0,1,2
11879,2016,1,2016-03-15,SE,VILADECAVALLS,Valles Occidental,3,0,1,0,1,0,0,0,1,0,0,0,0,100.0,0.0,0,2,No n'hi ha,-1.0,1,3,1,0,0,0,0,0,0,0,0,0,0,0,4,-1,1,Caiguda en la via,-1,2,2,5,-1,2,1,17.45,1,0,1,15,3
11880,2016,0,2016-02-10,GI-682,TOSSA DE MAR,Selva,1,0,1,0,1,0,0,0,1,0,0,0,0,100.0,0.0,0,2,No n'hi ha,-1.0,3,3,1,0,0,0,0,0,0,0,0,0,0,0,4,-1,1,Caiguda en la via,-1,1,2,4,3,2,1,16.13,1,0,2,10,2
11881,2016,0,2016-02-09,BP-1503,SANT QUIRZE DEL VALLES,Valles Occidental,3,0,1,1,2,0,0,0,1,1,0,0,0,60.0,0.0,0,2,Carril central,-1.0,3,3,1,0,0,0,0,0,0,0,0,0,0,2,3,4,1,Encalç,2,1,2,4,3,2,1,18.44,1,2,1,9,2
11882,2016,1,2016-01-11,SE,MATARO,Maresme,3,0,1,1,2,1,0,0,1,0,0,0,0,20.0,0.0,0,-1,No n'hi ha,-1.0,3,3,1,-1,0,0,0,-1,0,0,0,0,-1,0,4,-1,0,Atropellament,-1,2,2,5,-1,2,1,16.44,1,3,0,11,1
11883,2016,0,2016-06-23,AP-7,BASCARA,Alt Emporda,1,0,1,0,1,0,0,0,0,1,0,0,0,100.0,0.0,0,2,No n'hi ha,-1.0,3,3,1,0,0,0,0,0,0,0,1,0,0,0,4,-1,0,Xoc contra objecte/obstacle sense sortida prèvia de via,-1,1,2,4,1,2,1,9.21,0,4,3,23,6
11884,2016,0,2016-07-16,C-31,BADALONA,Barcelones,3,0,2,0,2,0,0,1,0,1,0,0,0,80.0,0.0,0,2,No n'hi ha,-1.0,3,3,1,0,0,0,0,0,0,0,0,0,0,0,4,-1,0,Fregament o col·lisió lateral,-1,1,2,4,3,2,0,15.5,1,2,5,16,7
11885,2016,0,2016-01-16,BV-1221,MATADEPERA,Valles Occidental,3,0,1,0,1,0,0,0,1,0,0,0,0,50.0,0.0,0,3,No n'hi ha,-1.0,3,3,1,0,0,0,0,0,0,0,0,0,0,0,4,-1,1,Caiguda en la via,-1,1,2,4,3,2,0,14.57,1,0,5,16,1
11886,2016,0,2016-05-22,C-25,ESPINELVES,Osona,1,0,1,0,1,0,0,0,0,1,0,0,0,100.0,0.0,0,2,No n'hi ha,-1.0,3,3,1,0,0,0,0,0,0,0,0,0,0,0,4,-1,0,Resta sortides de via,-1,1,2,4,2,2,0,18.37,1,1,6,22,5
11887,2016,1,2016-12-15,SE,BARCELONA,Barcelones,3,0,1,0,2,1,0,0,0,0,1,0,0,100.0,0.0,0,-1,No n'hi ha,-1.0,3,3,1,0,0,0,0,0,0,0,0,0,0,1,4,2,0,Atropellament,2,2,2,5,-1,2,1,13.39,0,3,3,15,12
11888,2016,1,2016-06-08,SE,REUS,Baix Camp,0,0,1,0,1,0,0,1,0,0,0,0,0,100.0,0.0,0,-1,No n'hi ha,-1.0,3,3,1,0,0,0,0,0,0,0,0,0,0,0,4,-1,-1,Xoc contra objecte/obstacle sense sortida prèvia de via,-1,2,2,5,-1,2,1,23.2,2,4,2,8,6
11889,2016,1,2016-10-05,N-II,MATARO,Maresme,3,0,1,0,2,0,0,0,1,1,0,0,0,90.0,0.0,0,2,No n'hi ha,-1.0,3,3,1,-1,0,0,0,-1,0,0,0,0,-1,0,4,-1,0,Envestida (frontal lateral),-1,0,2,4,-1,2,1,15.2,1,2,2,5,10
11890,2016,1,2016-07-18,SE,MATARO,Maresme,3,0,1,0,2,0,0,1,0,1,0,0,0,20.0,0.0,0,2,No n'hi ha,-1.0,3,3,1,0,0,0,0,0,0,0,0,0,0,1,4,4,1,Envestida (frontal lateral),2,2,2,5,-1,2,1,18.07,1,2,0,18,7
11891,2016,0,2016-03-29,N-II,PREMIA DE MAR,Maresme,3,0,1,0,1,0,0,0,1,0,0,0,0,50.0,0.0,0,2,No n'hi ha,-1.0,3,3,1,0,0,0,0,0,0,0,0,0,0,0,4,-1,1,Caiguda en la via,-1,1,2,4,1,2,1,19.52,1,0,1,29,3
11892,2016,0,2016-11-23,N-260,SARROCA DE BELLERA,Pallars Jussa,2,0,1,0,1,0,0,0,0,1,0,0,0,100.0,0.0,0,2,No n'hi ha,-1.0,2,3,1,0,0,0,1,1,0,0,0,0,0,0,1,-1,1,Resta sortides de via,-1,1,2,4,1,0,1,17.22,1,1,2,23,11
11893,2016,1,2016-04-08,SE,PALAU DE PLEGAMANS,Valles Occidental,3,0,1,1,2,0,0,0,1,1,0,0,0,100.0,0.0,0,2,No n'hi ha,-1.0,3,3,1,0,0,0,0,0,0,0,0,0,0,1,2,4,0,Envestida (frontal lateral),2,2,2,5,-1,2,1,14.35,1,2,4,8,4
11894,2016,0,2016-09-30,C-31,MONT-RAS,Baix Emporda,1,0,1,0,3,0,0,1,0,2,0,0,0,100.0,0.0,0,2,No n'hi ha,-1.0,3,3,1,0,0,0,0,0,0,0,0,0,0,0,3,-1,0,Fregament o col·lisió lateral,-1,1,2,4,2,2,1,5.59,2,2,4,30,9
11895,2016,0,2016-07-28,C-55,MANRESA,Bages,3,1,0,0,1,0,0,0,0,1,0,0,0,80.0,0.0,0,1,No n'hi ha,-1.0,3,3,0,0,0,0,0,0,0,0,0,0,0,1,4,5,0,Resta sortides de via,3,1,2,4,2,2,1,10.37,0,1,3,28,7
11896,2016,0,2016-07-02,CR,ARNES,Terra Alta,0,0,1,0,1,0,1,0,0,0,0,0,0,100.0,0.0,0,1,No n'hi ha,-1.0,3,3,1,0,0,0,0,0,0,0,0,0,0,0,4,-1,1,Caiguda en la via,-1,1,0,3,4,2,0,12.12,0,0,5,2,7
11897,2016,0,2016-05-15,C-14,AGRAMUNT,Urgell,2,0,1,0,2,0,1,0,0,1,0,0,0,100.0,0.0,0,2,No n'hi ha,-1.0,3,3,1,0,0,0,0,0,0,0,0,0,0,0,4,-1,1,Encalç,-1,1,2,4,2,2,0,9.16,0,2,6,15,5
11898,2016,1,2016-03-15,SE,SABADELL,Valles Occidental,3,0,1,0,1,0,0,0,1,0,0,0,0,100.0,0.0,0,-1,No n'hi ha,-1.0,3,3,1,0,0,0,0,0,0,0,0,0,0,0,4,-1,-1,Altres,-1,2,2,5,-1,2,1,3.21,2,5,1,15,3
11899,2016,0,2016-12-25,L-303,CERVERA,Segarra,2,0,5,0,1,0,0,0,0,1,0,0,0,40.0,0.0,0,3,No n'hi ha,-1.0,3,3,1,0,0,0,1,0,0,0,0,0,0,1,0,4,1,Resta sortides de via,0,1,2,4,2,2,0,18.58,1,1,6,25,12
11900,2016,0,2016-02-24,AP-7,"ROCA DEL VALLES, LA",Valles Oriental,3,0,1,0,1,0,0,0,1,0,0,0,0,40.0,0.0,0,1,No n'hi ha,-1.0,3,3,1,0,0,0,0,0,0,0,0,0,0,2,4,4,0,Resta sortides de via,3,1,2,4,1,2,1,17.4,1,1,2,24,2
11901,2016,0,2016-03-28,C-66,SERINYA,Pla de l'Estany,1,0,1,2,1,0,0,0,0,1,0,0,0,100.0,0.0,0,2,No n'hi ha,-1.0,3,3,1,0,0,0,0,0,0,0,0,0,0,0,4,-1,1,Resta sortides de via,-1,1,2,4,2,2,1,19.32,1,1,0,28,3
11902,2016,1,2016-08-01,SE,SANT VICENC DE TORELLO,Osona,3,0,1,0,1,0,0,1,0,0,0,0,0,20.0,0.0,0,-1,Sense Especificar,-1.0,3,3,1,0,0,0,0,0,0,0,0,0,0,0,4,-1,-1,Resta sortides de via,-1,2,2,5,-1,2,1,15.36,1,1,0,1,8
11903,2016,1,2016-03-26,SE,GIRONA,Girones,1,0,1,1,2,0,0,1,0,1,0,0,0,100.0,0.0,0,2,No n'hi ha,-1.0,3,3,1,0,0,0,0,0,0,0,0,0,0,1,4,3,1,Envestida (frontal lateral),0,2,2,5,-1,2,0,13.52,0,2,5,26,3
11904,2016,1,2016-04-11,SE,TORREFARRERA,Segria,2,0,1,0,2,0,0,0,1,1,0,0,0,100.0,0.0,0,2,No n'hi ha,-1.0,3,3,1,0,0,0,0,0,0,0,0,0,0,0,4,-1,1,Col·lisió frontal,-1,2,2,5,-1,2,1,15.09,1,2,0,11,4
11905,2016,0,2016-11-12,N-II,MATARO,Maresme,3,0,1,0,1,0,1,0,0,0,0,0,0,90.0,0.0,0,-1,Sense Especificar,-1.0,3,3,1,0,0,0,0,0,0,0,0,0,0,0,4,-1,-1,Altres,-1,1,2,4,4,2,0,11.43,0,5,5,12,11
11906,2016,1,2016-05-28,SE,CERDANYOLA DEL VALLES,Valles Occidental,3,0,1,0,1,0,1,0,0,0,0,0,0,100.0,0.0,0,1,No n'hi ha,-1.0,3,3,1,0,0,0,0,0,0,0,0,0,0,0,4,-1,1,Altres,-1,2,0,5,4,2,0,10.26,0,5,5,28,5
11907,2016,0,2016-11-04,C-58,SABADELL,Valles Occidental,3,0,1,0,2,0,0,0,1,1,0,0,0,100.0,0.0,1,1,Carril central,-1.0,3,3,1,1,0,0,0,0,0,0,0,0,0,1,2,4,1,Fregament o col·lisió lateral,1,1,2,3,2,2,1,6.46,0,2,4,4,11
11908,2016,0,2016-04-07,GI-642,"PERA, LA",Baix Emporda,1,0,2,0,2,0,0,0,1,1,0,0,0,100.0,0.0,0,1,No n'hi ha,-1.0,3,3,1,0,0,0,0,0,0,0,0,0,0,0,4,-1,1,Caiguda en la via,-1,1,2,4,3,2,1,17.07,1,0,3,7,4
11909,2016,1,2016-12-24,SE,CORNELLA DE LLOBREGAT,Baix Llobregat,3,0,1,0,1,0,0,0,0,1,0,0,0,100.0,0.0,0,-1,No n'hi ha,-1.0,3,3,1,0,0,0,0,0,0,0,0,0,0,0,4,-1,-1,Altres,-1,2,2,5,-1,2,0,0.05,2,5,5,24,12
11910,2016,0,2016-03-10,TP-2124,"ARBO?, L'",Baix Penedes,0,0,1,0,1,0,0,0,1,0,0,0,0,40.0,0.0,0,2,No n'hi ha,-1.0,3,3,1,0,0,0,0,0,0,0,0,0,0,1,1,4,0,Caiguda en la via,0,1,2,4,3,2,1,7.45,0,0,3,10,3
11911,2016,1,2016-11-08,SE,SABADELL,Valles Occidental,3,0,1,0,2,1,0,0,0,1,0,0,0,100.0,0.0,0,-1,No n'hi ha,-1.0,3,3,1,0,0,0,0,0,0,0,0,0,0,0,4,-1,-1,Atropellament,-1,2,2,5,-1,2,1,14.59,1,3,1,8,11
11912,2016,0,2016-02-22,C-1411,MANRESA,Bages,3,0,1,0,2,0,0,0,0,1,1,0,0,100.0,0.0,0,0,No n'hi ha,-1.0,1,3,1,0,0,0,0,0,0,0,0,0,0,0,4,-1,1,Col·lisió frontal,-1,1,2,4,2,2,1,8.5,0,2,0,22,2
11913,2010,0,2010-10-09,BV-5001,VILANOVA DEL VALLES,Valles Oriental,3,0,1,1,1,0,0,0,0,1,0,0,0,100.0,0.0,0,2,No n'hi ha,-1.0,3,3,1,0,0,0,0,0,0,0,0,0,0,1,4,5,1,Xoc contra objecte/obstacle sense sortida prèvia de via,1,1,2,4,3,2,0,15.0,1,4,5,9,10
11914,2010,1,2010-01-19,SE,TERRASSA,Valles Occidental,3,0,1,0,2,1,0,0,0,1,0,0,0,100.0,0.0,0,2,No n'hi ha,-1.0,1,3,1,0,0,0,1,0,0,0,0,0,0,1,2,4,0,Atropellament,1,2,0,5,-1,2,1,11.45,0,3,1,19,1
11915,2010,1,2010-09-26,SE,MATARO,Maresme,3,0,1,1,1,0,0,0,0,1,0,0,0,20.0,0.0,0,-1,No n'hi ha,-1.0,3,3,1,0,0,0,0,0,0,0,0,0,0,1,4,3,-1,Xoc contra objecte/obstacle sense sortida prèvia de via,0,2,0,5,-1,2,0,9.5,0,4,6,26,9
11916,2010,0,2010-07-25,SE,BANYERES DEL PENEDES,Baix Penedes,0,0,1,2,1,0,0,0,0,1,0,0,0,40.0,0.0,0,3,No n'hi ha,-1.0,3,3,1,0,0,0,0,0,0,0,0,0,0,0,4,-1,1,Xoc contra objecte/obstacle sense sortida prèvia de via,-1,1,2,3,0,2,0,19.55,1,4,6,25,7
11917,2010,1,2010-10-28,SE,VIC,Osona,3,0,1,0,2,1,0,0,0,1,0,0,0,100.0,0.0,0,2,No n'hi ha,-1.0,3,3,1,0,0,0,0,0,0,0,0,0,0,0,4,-1,0,Atropellament,-1,2,2,5,-1,2,1,14.35,1,3,3,28,10
11918,2010,0,2010-08-05,C-16,SANT VICENC DE CASTELLERS,Bages,3,2,1,0,1,0,0,0,0,1,0,0,0,100.0,0.0,0,1,No n'hi ha,-1.0,3,3,0,0,0,0,0,0,0,0,0,0,0,0,4,-1,1,Caiguda en la via,-1,1,2,4,2,2,1,18.55,1,0,3,5,8
11919,2010,1,2010-03-03,B-431,ARTES,Bages,3,0,1,0,1,0,0,1,0,0,0,0,0,40.0,0.0,0,2,No n'hi ha,-1.0,3,1,1,0,0,0,0,0,0,0,0,0,0,0,2,-1,1,Resta sortides de via,-1,0,2,4,3,2,1,16.45,1,1,2,3,3
11920,2010,0,2010-07-02,B-22,"PRAT DE LLOBREGAT, E",Baix Llobregat,3,0,1,0,1,0,0,0,1,0,0,0,0,100.0,0.0,0,2,No n'hi ha,-1.0,3,3,1,0,0,0,0,0,0,0,0,0,0,0,4,-1,0,Resta sortides de via,-1,1,2,4,2,2,1,9.3,0,1,4,2,7
11921,2010,0,2010-01-21,B-122,TERRASSA,Valles Occidental,3,0,1,1,1,0,0,0,0,1,0,0,0,100.0,0.0,0,1,No n'hi ha,-1.0,3,3,1,0,0,0,0,0,0,0,0,0,0,0,4,-1,1,Resta sortides de via,-1,1,2,4,2,2,1,12.05,0,1,3,21,1
11922,2010,1,2010-03-07,SE,BARCELONA,Barcelones,3,0,1,0,2,0,0,0,1,1,0,0,0,100.0,0.0,0,-1,No n'hi ha,-1.0,2,3,1,0,0,0,1,0,0,0,0,0,0,0,5,-1,1,Caiguda en la via,-1,2,0,5,-1,2,0,20.3,1,0,6,7,3
11923,2010,1,2010-01-02,SE,SABADELL,Valles Occidental,3,0,1,2,1,0,0,0,0,1,0,0,0,100.0,0.0,0,-1,No n'hi ha,-1.0,3,3,1,0,0,0,0,0,0,0,0,0,0,0,4,-1,-1,Xoc contra objecte/obstacle sense sortida prèvia de via,-1,2,2,5,-1,2,0,20.2,1,4,5,2,1
11924,2010,0,2010-11-30,C-14,MONTBLANC,Conca de Barbera,0,1,0,0,1,0,0,0,0,0,1,0,0,40.0,0.0,0,3,No n'hi ha,-1.0,3,3,0,0,0,0,1,0,0,0,0,0,0,0,2,-1,1,Xoc contra objecte/obstacle sense sortida prèvia de via,-1,1,2,4,2,2,1,11.0,0,4,1,30,11