,Year,Area,Date,Road,Municipality Name,County Name,Province Name,Fatalties,Serious Injuries,Light Injuries,Units Involved,Pedestrains Involved,Bicycles Involved,Mopeds Involved,Motorcycles,Light Vehicles Involved,Heavy Vehicles Involved,Other Units Involved,Unspecified Units Involved,Road Speed Limit,Accident with Hit and Run,Fog Presence,Surrounding Environment,Special Lane Presence,Special Traffic Measures,Weather Conditions,Special Road Functions,Severity of Accident,Influence of Fog,Influence of Environment,Influence of Traffic,Influence of Weather,Influence of Wind Intensity,Influence of Lighting,Influence of Special Measures,Influence of Road Objects,Influence of Road Surface,Influence of Visibility,Intersection Characteristics,Lighting Conditions,Traffic Regulation and Priority,Direction of Road,Subtype of Accident,Subtype of Road Section,Subzone within Area,Road Surface Conditions,Type of Road,Road Ownership,Wind Conditions,Day of the Week Grouping,Hour of Day,Time of Day Grouping,Type of Accident,Day Type,Day,Month
11925,2010,0,2010-06-04,AP-7,GELIDA,Alt Penedes,3,0,1,0,2,0,0,0,1,1,0,0,0,100.0,0.0,0,2,No n'hi ha,-1.0,3,3,1,0,0,0,0,0,0,0,0,0,0,0,4,-1,1,Fregament o col·lisió lateral,-1,1,2,4,1,2,1,7.56,0,2,4,4,6
11926,2010,1,2010-11-06,SE,BARCELONA,Barcelones,3,1,0,0,2,1,0,0,0,0,1,0,0,100.0,0.0,0,-1,No n'hi ha,-1.0,3,3,0,0,0,0,0,0,0,0,0,0,0,1,4,3,0,Atropellament,2,2,2,5,-1,2,0,13.1,0,3,5,6,11
11927,2010,0,2010-03-30,SE,VILASSAR DE MAR,Maresme,3,0,1,0,2,0,0,1,0,1,0,0,0,100.0,0.0,0,2,No n'hi ha,-1.0,3,3,1,0,0,0,0,0,0,0,0,0,0,1,4,4,1,Envestida (frontal lateral),2,1,2,3,-1,2,1,10.3,0,2,1,30,3
11928,2010,1,2010-10-02,SE,BADALONA,Barcelones,3,0,1,1,2,0,0,0,1,1,0,0,0,100.0,0.0,0,-1,No n'hi ha,-1.0,3,3,1,0,0,0,0,0,0,0,0,0,1,1,4,3,0,Envestida (frontal lateral),2,2,2,5,-1,2,0,18.3,1,2,5,2,10
11929,2010,1,2010-11-27,SE,HOSPITALET DE LLOBREGAT,Barcelones,3,0,1,3,2,0,0,0,0,2,0,0,0,20.0,0.0,0,2,No n'hi ha,-1.0,1,3,1,-1,0,0,1,-1,0,0,0,0,-1,1,5,3,1,Envestida (frontal lateral),2,2,0,5,-1,2,0,3.28,2,2,5,27,11
11930,2010,1,2010-10-05,SE,VIC,Osona,3,0,1,1,3,0,2,0,0,1,0,0,0,100.0,0.0,0,2,No n'hi ha,-1.0,3,1,1,0,0,0,0,0,0,0,0,0,1,0,4,-1,0,Envestida (frontal lateral),-1,0,2,5,-1,2,1,17.3,1,2,1,5,10
11931,2010,1,2010-11-12,SE,BADALONA,Barcelones,3,0,1,0,2,1,0,0,0,1,0,0,0,40.0,0.0,0,-1,No n'hi ha,-1.0,3,3,1,0,0,0,0,0,0,0,0,0,1,1,4,4,0,Atropellament,1,2,2,5,-1,2,1,11.51,0,3,4,12,11
11932,2010,0,2010-07-20,GI-643,FONTANILLES,Baix Emporda,1,0,1,0,4,0,0,0,1,3,0,0,0,100.0,0.0,0,2,No n'hi ha,-1.0,3,3,1,0,0,0,0,0,0,0,0,0,0,0,4,-1,1,Fregament o col·lisió lateral,-1,1,2,4,2,2,1,7.52,0,2,1,20,7
11933,2010,0,2010-03-19,C-31,CALONGE,Baix Emporda,1,1,0,4,3,0,0,0,0,3,0,0,0,40.0,0.0,0,3,No n'hi ha,-1.0,3,3,0,0,0,0,0,0,0,0,0,0,0,0,3,-1,1,Fregament o col·lisió lateral,-1,1,2,4,2,2,0,23.57,2,2,4,19,3
11934,2010,1,2010-07-02,SE,GRANOLLERS,Valles Oriental,3,0,1,0,2,1,0,0,0,1,0,0,0,100.0,0.0,0,2,No n'hi ha,-1.0,3,3,1,0,0,0,0,0,0,0,0,0,0,0,4,-1,1,Atropellament,-1,2,2,5,-1,2,0,15.34,1,3,4,2,7
11935,2010,1,2010-11-26,SE,LLORET DE MAR,Selva,1,0,1,0,2,0,0,0,1,0,1,0,0,100.0,0.0,0,2,No n'hi ha,-1.0,3,3,1,0,0,0,0,0,0,0,0,0,0,1,4,4,0,Resta sortides de via,2,2,2,5,-1,2,0,16.0,1,1,4,26,11
11936,2010,0,2010-04-10,TV-7004,VILANOVA DE PRADES,Conca de Barbera,0,0,1,1,1,0,0,0,1,0,0,0,0,100.0,0.0,0,3,No n'hi ha,-1.0,3,3,1,0,0,0,0,0,0,0,0,0,0,0,4,-1,1,Resta sortides de via,-1,1,2,4,3,2,0,11.45,0,1,5,10,4
11937,2010,0,2010-06-28,C-55,COLLBATO,Baix Llobregat,3,0,1,0,2,1,0,0,0,1,0,0,0,80.0,0.0,0,2,No n'hi ha,-1.0,1,3,1,0,0,0,0,0,0,0,0,0,0,0,4,-1,1,Atropellament,-1,1,0,4,2,2,1,18.02,1,3,0,28,6
11938,2010,1,2010-12-17,SE,MONTGAT,Maresme,3,0,1,3,2,0,0,0,0,1,1,0,0,20.0,0.0,0,2,No n'hi ha,-1.0,3,3,1,-1,0,0,0,-1,0,0,0,0,-1,0,4,-1,1,Encalç,-1,2,2,5,-1,2,1,12.08,0,2,4,17,12
11939,2010,1,2010-03-24,SE,BARCELONA,Barcelones,3,1,0,0,1,0,0,0,1,0,0,0,0,30.0,0.0,0,-1,No n'hi ha,-1.0,3,3,0,0,0,0,0,0,0,0,0,0,0,0,1,-1,0,Xoc contra objecte/obstacle sense sortida prèvia de via,-1,2,2,5,-1,2,1,6.25,0,4,2,24,3
11940,2010,0,2010-06-24,TP-3311,"GALERA, LA",Montsia,0,0,1,0,1,0,0,0,0,1,0,0,0,100.0,0.0,0,2,No n'hi ha,-1.0,3,3,1,0,0,0,0,0,0,0,0,0,0,0,4,-1,1,Resta sortides de via,-1,1,2,4,3,2,1,7.5,0,1,3,24,6
11941,2010,1,2010-04-06,SE,CERDANYOLA DEL VALLES,Valles Occidental,3,0,1,1,2,0,0,1,1,0,0,0,0,30.0,0.0,0,2,No n'hi ha,-1.0,3,3,1,0,0,0,0,0,0,0,0,0,0,1,4,4,0,Fregament o col·lisió lateral,2,2,2,5,-1,2,1,13.35,0,2,1,6,4
11942,2010,1,2010-03-20,SE,BARCELONA,Barcelones,3,0,1,0,1,0,0,0,0,0,1,0,0,100.0,0.0,0,-1,Carril bus,-1.0,3,3,1,0,0,0,0,0,0,0,0,0,0,0,4,-1,0,Caiguda en la via,-1,2,2,5,-1,2,0,13.05,0,0,5,20,3
11943,2010,1,2010-01-26,SE,BARCELONA,Barcelones,3,0,1,0,2,1,0,0,0,0,1,0,0,100.0,0.0,0,-1,No n'hi ha,-1.0,3,3,1,0,0,0,0,0,0,0,0,0,1,0,4,-1,1,Atropellament,-1,2,2,5,-1,2,1,13.0,0,3,1,26,1
11944,2010,1,2010-12-08,SE,CASTELLDEFELS,Baix Llobregat,3,0,1,0,2,0,1,0,0,1,0,0,0,100.0,0.0,0,2,No n'hi ha,-1.0,3,3,1,0,0,0,0,0,0,0,0,0,0,1,4,4,1,Col·lisió frontal,1,2,2,5,-1,2,1,11.45,0,2,2,8,12
11945,2010,0,2010-05-17,SE,MAS DE BARBERANS,Montsia,0,0,1,0,1,0,0,0,0,0,0,1,0,100.0,0.0,0,2,No n'hi ha,-1.0,3,3,1,0,0,0,0,0,0,0,0,0,0,0,4,-1,1,Resta sortides de via,-1,1,3,3,0,2,1,12.1,0,1,0,17,5
11946,2010,1,2010-03-27,C-35,SANT CELONI,Valles Oriental,3,0,1,0,2,0,0,0,1,1,0,0,0,60.0,0.0,0,2,No n'hi ha,-1.0,3,1,1,0,0,0,0,0,0,0,0,0,0,1,4,4,1,Fregament o col·lisió lateral,1,0,2,4,2,2,0,10.57,0,2,5,27,3
11947,2010,0,2010-07-24,N-II,SANT ANDREU DE LLAVANERES,Maresme,3,0,1,0,1,0,0,0,1,0,0,0,0,100.0,0.0,0,2,No n'hi ha,-1.0,3,3,1,0,0,0,0,0,0,0,0,0,0,0,4,-1,1,Xoc contra objecte/obstacle sense sortida prèvia de via,-1,1,2,4,1,2,0,14.3,1,4,5,24,7
11948,2010,1,2010-09-19,SE,BARCELONA,Barcelones,3,0,2,0,2,0,0,1,0,1,0,0,0,40.0,0.0,0,-1,No n'hi ha,-1.0,3,3,1,0,0,0,0,0,0,0,0,0,0,0,5,-1,1,Envestida (frontal lateral),-1,2,2,5,-1,2,0,21.2,1,2,6,19,9
11949,2010,1,2010-10-22,SE,BARCELONA,Barcelones,3,0,1,0,2,0,0,0,1,1,0,0,0,100.0,0.0,0,-1,No n'hi ha,-1.0,3,3,1,0,0,0,0,0,0,0,0,0,0,0,4,-1,0,Fregament o col·lisió lateral,-1,2,2,5,-1,2,0,17.0,1,2,4,22,10
11950,2010,1,2010-06-20,SE,VANDELLOS I L'HOSPITALET DE L'INFANT,Baix Camp,0,0,1,1,1,0,0,0,0,1,0,0,0,100.0,0.0,0,2,No n'hi ha,-1.0,3,3,1,0,0,0,0,0,0,0,0,0,1,1,4,4,1,Xoc contra objecte/obstacle sense sortida prèvia de via,2,2,2,5,-1,1,0,13.01,0,4,6,20,6
11951,2010,0,2010-07-17,TV-7001,"ESPLUGA DE FRANCOLI, L'",Conca de Barbera,0,0,1,0,1,0,0,1,0,0,0,0,0,100.0,0.0,0,2,No n'hi ha,-1.0,3,3,1,0,0,0,0,0,0,0,0,0,0,0,4,-1,0,Resta sortides de via,-1,1,2,4,3,2,0,19.59,1,1,5,17,7
11952,2010,0,2010-08-10,N-145,"VALLS DE VALIRA, LES",Alt Urgell,2,0,1,1,2,0,0,0,0,2,0,0,0,60.0,0.0,0,3,No n'hi ha,0.0,3,3,1,0,0,1,0,0,0,0,0,0,0,1,4,4,1,Fregament o col·lisió lateral,1,1,2,4,1,2,1,14.15,1,2,1,10,8
11953,2010,1,2010-08-29,SE,BADALONA,Barcelones,3,0,1,0,2,0,0,0,1,1,0,0,0,100.0,0.0,0,-1,No n'hi ha,-1.0,3,3,1,0,0,0,0,0,0,0,0,0,0,1,5,3,0,Envestida (frontal lateral),1,2,2,5,-1,2,0,6.44,0,2,6,29,8
11954,2010,0,2010-02-14,C-12,TORTOSA,Baix Ebre,0,0,1,0,1,0,0,0,0,1,0,0,0,100.0,0.0,0,0,No n'hi ha,-1.0,3,3,1,0,0,0,0,0,0,0,0,0,0,0,3,-1,1,Resta sortides de via,-1,1,2,4,2,2,0,6.1,0,1,6,14,2
11955,2010,0,2010-05-07,C-251,GRANOLLERS,Valles Oriental,3,0,1,0,1,0,0,0,1,0,0,0,0,100.0,0.0,0,1,Carril d'alentiment,-1.0,3,3,1,0,0,0,0,0,0,0,0,0,0,0,4,-1,1,Caiguda en la via,-1,1,2,4,0,2,0,16.05,1,0,4,7,5
11956,2010,1,2010-01-02,LP-7041,"GRANJA D'ESCARP, LA",Segria,2,0,1,0,2,0,0,0,0,1,1,0,0,50.0,0.0,0,2,No n'hi ha,-1.0,3,1,1,0,1,0,0,0,0,0,0,0,0,1,4,5,1,Envestida (frontal lateral),1,0,2,4,3,1,0,13.56,0,2,5,2,1
11957,2010,0,2010-02-05,GI-623,SAUS,Alt Emporda,1,1,1,0,1,0,0,0,0,1,0,0,0,100.0,0.0,0,3,No n'hi ha,-1.0,3,3,0,0,0,0,1,0,0,0,0,0,0,0,3,-1,1,Resta sortides de via,-1,1,2,4,3,2,0,22.3,2,1,4,5,2
11958,2010,1,2010-07-13,SE,LLEIDA,Segria,2,0,1,0,2,1,0,0,0,0,1,0,0,100.0,0.0,0,2,No n'hi ha,0.0,3,3,1,0,0,1,0,0,0,0,0,0,0,0,4,-1,1,Atropellament,-1,2,2,5,-1,2,1,11.35,0,3,1,13,7
11959,2010,1,2010-05-21,SE,ANGLES,Selva,1,0,1,0,2,1,0,0,0,0,1,0,0,100.0,0.0,0,2,No n'hi ha,-1.0,3,3,1,0,0,0,0,0,0,0,0,0,0,1,4,5,1,Atropellament,2,2,2,5,-1,2,1,14.49,1,3,4,21,5
11960,2010,0,2010-05-16,N-II,GIRONA,Girones,1,0,2,0,1,0,0,0,1,0,0,0,0,80.0,0.0,0,0,No n'hi ha,-1.0,3,2,1,0,0,0,0,0,0,0,0,0,0,0,4,-1,1,Resta sortides de via,-1,1,2,4,1,2,0,14.34,1,1,6,16,5
11961,2010,1,2010-11-15,SE,GIRONA,Girones,1,0,1,0,2,0,0,0,1,1,0,0,0,100.0,0.0,0,2,No n'hi ha,-1.0,3,3,1,0,0,0,0,0,1,0,0,0,0,1,2,4,1,Envestida (frontal lateral),2,2,2,5,-1,2,1,8.2,0,2,0,15,11
11962,2010,1,2010-04-11,SE,BARCELONA,Barcelones,3,0,1,0,1,0,0,0,1,0,0,0,0,100.0,1.0,0,-1,No n'hi ha,-1.0,3,3,1,0,0,0,0,0,0,0,0,0,0,1,5,3,1,Caiguda en la via,2,2,2,5,-1,2,0,21.1,1,0,6,11,4
11963,2010,0,2010-05-04,N-340,"VENDRELL, EL",Baix Penedes,0,3,1,0,2,0,0,0,0,1,1,0,0,40.0,0.0,0,2,No n'hi ha,-1.0,3,3,0,0,0,0,1,0,0,0,0,0,0,2,5,-1,1,Envestida (frontal lateral),0,1,2,4,1,2,1,3.3,2,2,1,4,5
11964,2010,0,2010-10-18,SE,BANYERES DEL PENEDES,Baix Penedes,0,0,1,0,2,0,1,0,0,1,0,0,0,100.0,0.0,0,2,No n'hi ha,-1.0,3,3,1,0,0,0,0,0,0,0,0,0,0,1,4,4,0,Envestida (frontal lateral),1,1,2,3,0,2,1,14.15,1,2,0,18,10
11965,2010,0,2010-07-24,N-II,MATARO,Maresme,3,0,1,0,1,0,0,0,0,1,0,0,0,40.0,0.0,0,2,No n'hi ha,-1.0,3,3,1,-1,0,0,0,-1,0,0,0,0,-1,1,0,5,1,Xoc contra objecte/obstacle sense sortida prèvia de via,0,1,2,4,1,2,0,3.4,2,4,5,24,7
11966,2010,1,2010-12-04,SE,GRANOLLERS,Valles Oriental,3,0,1,0,2,0,0,1,0,1,0,0,0,100.0,0.0,0,2,No n'hi ha,-1.0,3,3,1,0,0,0,0,0,0,0,0,0,0,1,4,3,1,Xoc contra objecte/obstacle sense sortida prèvia de via,1,2,2,5,-1,2,0,15.3,1,4,5,4,12
11967,2010,1,2010-04-26,SE,TARRAGONA,Tarragones,0,0,1,1,3,2,0,0,0,1,0,0,0,100.0,1.0,0,2,No n'hi ha,-1.0,3,3,1,0,0,0,0,0,0,0,0,0,0,0,1,-1,1,Atropellament,-1,2,2,5,-1,2,1,8.3,0,3,0,26,4
11968,2010,1,2010-01-16,SE,TERRASSA,Valles Occidental,3,0,1,0,2,1,0,0,0,1,0,0,0,100.0,0.0,0,2,No n'hi ha,-1.0,3,3,1,0,0,0,0,0,0,0,0,0,0,0,5,-1,0,Atropellament,-1,2,2,5,-1,2,0,19.15,1,3,5,16,1
11969,2010,1,2010-04-23,SE,MANRESA,Bages,3,0,1,0,1,0,0,1,0,0,0,0,0,100.0,0.0,0,2,No n'hi ha,-1.0,3,3,1,0,0,0,0,0,0,0,0,0,0,0,5,-1,0,Xoc contra objecte/obstacle sense sortida prèvia de via,-1,2,2,5,-1,2,1,5.55,2,4,4,23,4
11970,2010,0,2010-10-16,BP-1503,SANT QUIRZE DEL VALLES,Valles Occidental,3,0,1,1,2,0,0,0,1,1,0,0,0,100.0,0.0,0,2,No n'hi ha,-1.0,3,3,1,0,0,0,0,0,0,0,0,0,0,0,1,-1,1,Fregament o col·lisió lateral,-1,1,2,4,3,2,0,19.0,1,2,5,16,10
11971,2010,0,2010-11-11,C-32,VILASSAR DE DALT,Maresme,3,0,1,0,2,0,0,0,1,1,0,0,0,50.0,0.0,0,2,Altres,-1.0,3,3,1,0,0,0,0,0,0,0,0,0,0,0,5,-1,1,Caiguda en la via,-1,1,2,4,2,2,1,18.3,1,0,3,11,11
11972,2010,1,2010-08-25,SE,MONISTROL DE MONTSER,Bages,3,0,2,1,2,0,0,0,0,1,1,0,0,100.0,0.0,0,1,No n'hi ha,-1.0,3,3,1,0,0,0,0,0,0,0,0,0,0,0,5,-1,0,Sortida de via amb xoc o col·lisió,-1,2,2,5,-1,2,1,0.1,2,1,2,25,8
11973,2010,0,2010-09-25,SE,ALFARRAS,Segria,2,0,1,0,2,1,0,0,0,0,1,0,0,100.0,0.0,0,2,No n'hi ha,-1.0,3,3,1,0,1,0,0,0,0,0,0,0,0,0,5,-1,1,Atropellament,-1,1,2,3,1,2,0,21.58,1,3,5,25,9
11974,2010,1,2010-02-05,SE,GIRONA,Girones,1,0,1,0,1,0,0,0,0,1,0,0,0,100.0,0.0,0,0,No n'hi ha,-1.0,3,3,1,0,0,0,0,0,0,0,0,0,0,0,5,-1,1,Resta sortides de via,-1,2,2,5,0,2,1,4.53,2,1,4,5,2
11975,2010,0,2010-02-28,BV-2249,SANT LLORENC D'HORTO,Alt Penedes,3,0,1,1,1,0,0,0,0,1,0,0,0,100.0,0.0,0,0,No n'hi ha,-1.0,3,3,1,0,0,0,0,0,0,0,0,0,0,0,3,-1,1,Altres,-1,1,2,4,2,2,0,1.3,2,5,6,28,2
11976,2010,1,2010-01-15,SE,BARCELONA,Barcelones,3,1,0,0,2,0,0,1,0,0,1,0,0,100.0,0.0,0,-1,No n'hi ha,-1.0,3,3,0,0,0,0,0,0,0,0,0,0,1,1,4,3,0,Encalç,0,2,2,5,-1,2,1,10.0,0,2,4,15,1
11977,2010,0,2010-06-20,BP-1417,SANT CUGAT DEL VALLES,Valles Occidental,3,0,1,0,1,1,0,0,0,0,0,0,0,100.0,1.0,0,2,No n'hi ha,-1.0,3,3,1,0,0,0,0,0,0,0,0,0,0,0,4,-1,1,Atropellament,-1,1,2,4,3,2,0,10.05,0,3,6,20,6
11978,2010,1,2010-09-28,SE,REUS,Baix Camp,0,0,1,0,1,0,0,0,0,1,0,0,0,100.0,0.0,0,-1,No n'hi ha,-1.0,3,3,1,0,0,0,0,0,0,0,0,0,0,0,4,-1,-1,Xoc contra objecte/obstacle sense sortida prèvia de via,-1,2,2,5,-1,2,1,8.3,0,4,1,28,9
11979,2010,1,2010-11-03,SE,MONTORNES DEL VALLES,Valles Oriental,3,0,1,0,2,0,0,0,1,1,0,0,0,40.0,0.0,0,2,No n'hi ha,-1.0,3,1,1,0,0,0,0,0,0,0,0,0,0,0,5,-1,1,Envestida (frontal lateral),-1,0,2,5,-1,2,1,19.1,1,2,2,3,11
11980,2010,0,2010-01-03,GI-614,ROSES,Alt Emporda,1,1,0,0,1,0,0,0,1,0,0,0,0,90.0,0.0,0,3,No n'hi ha,-1.0,3,3,0,-1,0,0,0,-1,0,0,0,0,-1,0,4,-1,1,Caiguda en la via,-1,1,2,4,3,2,0,15.3,1,0,6,3,1
11981,2010,0,2010-07-10,C-17,LLICA D'AMUNT,Valles Oriental,3,0,1,0,1,0,0,0,1,0,0,0,0,100.0,0.0,0,2,No n'hi ha,-1.0,3,3,1,0,0,0,0,0,0,0,1,0,0,0,4,-1,0,Caiguda en la via,-1,1,2,4,2,2,0,15.28,1,0,5,10,7
11982,2010,0,2010-10-19,C-15,"POBLA DE CLARAMUNT,LA",Anoia,3,1,1,0,1,0,0,0,0,1,0,0,0,100.0,0.0,0,3,No n'hi ha,-1.0,3,2,0,0,0,0,0,0,0,0,0,0,0,0,4,-1,1,Resta sortides de via,-1,1,2,4,2,2,1,13.35,0,1,1,19,10
11983,2010,0,2010-11-07,SE,BANYOLES,Pla de l'Estany,1,0,1,0,2,0,0,1,0,1,0,0,0,100.0,0.0,0,2,No n'hi ha,-1.0,3,3,1,0,0,0,1,0,0,0,0,0,0,1,5,4,1,Envestida (frontal lateral),2,1,2,3,0,2,0,21.56,1,2,6,7,11
11984,2010,0,2010-01-01,SE,ANGLES,Selva,1,0,2,0,1,0,0,0,0,1,0,0,0,100.0,0.0,0,3,No n'hi ha,-1.0,3,3,1,0,0,0,0,0,0,0,0,0,0,0,4,-1,1,Xoc contra objecte/obstacle sense sortida prèvia de via,-1,1,2,3,3,2,1,8.35,0,4,4,1,1
11985,2010,1,2010-11-02,SE,REUS,Baix Camp,0,0,1,0,2,0,0,0,1,1,0,0,0,100.0,0.0,0,2,No n'hi ha,-1.0,3,3,1,0,0,0,0,0,0,0,0,0,1,1,5,4,0,Envestida (frontal lateral),1,2,2,5,-1,2,1,18.15,1,2,1,2,11
11986,2010,0,2010-12-15,B-124,CASTELLAR DEL VALLES,Valles Occidental,3,0,1,0,2,1,0,0,0,1,0,0,0,50.0,0.0,0,2,No n'hi ha,-1.0,3,1,1,-1,0,0,0,-1,0,0,0,0,0,0,4,-1,1,Atropellament,-1,1,2,4,0,2,1,9.0,0,3,2,15,12
11987,2010,0,2010-10-14,GI-673,CALDES DE MALAVELLA,Selva,1,0,1,1,3,0,0,0,0,3,0,0,0,90.0,0.0,0,-1,No n'hi ha,-1.0,3,3,1,-1,0,0,0,-1,0,0,0,0,0,0,3,-1,1,Fregament o col·lisió lateral,-1,1,2,4,2,2,1,21.14,1,2,3,14,10
11988,2010,0,2010-08-04,SE,GIRONA,Girones,1,0,1,0,2,1,0,0,0,1,0,0,0,40.0,0.0,0,2,No n'hi ha,-1.0,3,3,1,0,0,0,0,0,0,0,0,0,0,0,4,-1,1,Atropellament,-1,1,2,3,0,2,1,7.32,0,3,2,4,8
11989,2010,0,2010-02-28,C-63,VIDRERES,Selva,1,0,3,0,2,0,0,0,0,2,0,0,0,80.0,0.0,0,3,No n'hi ha,-1.0,3,3,1,0,0,0,0,0,0,0,1,0,0,0,3,-1,1,Fregament o col·lisió lateral,-1,1,2,4,2,1,0,2.22,2,2,6,28,2
11990,2010,0,2010-03-06,GI-681,TOSSA DE MAR,Selva,1,0,1,0,1,0,0,0,1,0,0,0,0,100.0,0.0,0,1,No n'hi ha,-1.0,3,3,1,0,0,0,0,0,0,0,0,0,0,0,4,-1,1,Altres,-1,1,2,4,3,2,0,12.55,0,5,5,6,3
11991,2010,1,2010-04-06,SE,BERGA,Bergueda,3,0,1,0,2,0,0,1,0,1,0,0,0,20.0,0.0,0,-1,No n'hi ha,-1.0,3,1,1,-1,0,0,0,-1,0,0,0,0,-1,1,5,5,1,Col·lisió frontal,1,0,2,5,-1,2,1,21.4,1,2,1,6,4
11992,2010,0,2010-08-18,AP-7,AIGUAVIVA,Girones,1,0,2,0,1,0,0,0,0,1,0,0,0,120.0,0.0,0,2,No n'hi ha,-1.0,3,3,1,0,0,0,0,0,0,0,0,0,0,0,4,-1,1,Resta sortides de via,-1,1,2,4,1,2,1,10.52,0,1,2,18,8
11993,2010,1,2010-11-09,SE,ROQUETES,Baix Ebre,0,0,1,0,1,0,0,0,1,0,0,0,0,20.0,0.0,0,-1,No n'hi ha,-1.0,3,3,1,-1,0,0,0,-1,0,0,0,0,0,0,5,-1,0,Xoc contra objecte/obstacle sense sortida prèvia de via,-1,2,2,5,-1,2,1,21.0,1,4,1,9,11
11994,2010,0,2010-02-21,A-2,LLEIDA,Segria,2,0,1,0,1,0,0,0,0,1,0,0,0,100.0,0.0,0,3,No n'hi ha,-1.0,3,3,1,0,0,0,0,0,0,0,0,0,0,0,4,-1,1,Xoc contra objecte/obstacle sense sortida prèvia de via,-1,1,2,4,1,2,0,10.4,0,4,6,21,2
11995,2010,1,2010-04-04,SE,MATARO,Maresme,3,0,1,0,2,0,0,0,1,1,0,0,0,20.0,0.0,0,2,No n'hi ha,-1.0,2,3,1,-1,0,0,1,-1,0,0,0,0,0,1,4,4,1,Caiguda en la via,1,2,0,5,-1,2,0,18.0,1,0,6,4,4
11996,2010,0,2010-03-29,BV-5103,DOSRIUS,Maresme,3,0,1,0,1,0,0,0,1,0,0,0,0,100.0,0.0,0,1,No n'hi ha,-1.0,3,3,1,0,0,0,0,0,0,0,0,0,0,0,4,-1,1,Resta sortides de via,-1,1,2,4,3,2,1,16.05,1,1,0,29,3
11997,2010,0,2010-03-29,N-420,RIUDOMS,Baix Camp,0,0,2,3,2,0,0,0,0,2,0,0,0,100.0,0.0,0,2,Carril lent,-1.0,3,3,1,0,0,0,0,0,0,0,0,0,0,0,4,-1,1,Col·lisió frontal,-1,1,2,4,1,2,1,8.5,0,2,0,29,3
11998,2010,0,2010-05-08,BV-2415,OLERDOLA,Alt Penedes,3,0,1,0,1,0,0,0,1,0,0,0,0,100.0,0.0,0,3,No n'hi ha,-1.0,3,3,1,0,1,0,0,0,0,0,0,0,1,0,4,-1,1,Resta sortides de via,-1,1,2,4,3,2,0,13.06,0,1,5,8,5
11999,2010,0,2010-11-02,B-124,SABADELL,Valles Occidental,3,1,0,0,1,0,0,0,1,0,0,0,0,60.0,0.0,0,3,Carril avançament,-1.0,3,3,0,0,0,0,0,0,0,0,0,0,0,0,3,-1,1,Resta sortides de via,-1,1,2,4,2,2,1,0.05,2,1,1,2,11
12000,2010,1,2010-10-14,SE,SANTA COLOMA DE GRAMANET,Barcelones,3,0,1,0,2,0,1,0,0,1,0,0,0,20.0,0.0,0,2,No n'hi ha,-1.0,3,3,1,-1,0,0,0,-1,0,0,0,0,0,1,4,2,0,Envestida (frontal lateral),1,2,2,5,-1,2,1,13.17,0,2,3,14,10
12001,2010,1,2010-03-27,SE,TARRAGONA,Tarragones,0,1,0,0,2,1,0,0,0,1,0,0,0,50.0,0.0,0,2,No n'hi ha,-1.0,3,1,0,0,0,0,0,0,0,0,0,0,0,0,3,-1,1,Atropellament,-1,0,2,5,0,2,0,0.0,2,3,5,27,3
12002,2010,1,2010-03-02,SE,BARCELONA,Barcelones,3,0,1,0,1,0,0,0,0,0,1,0,0,100.0,0.0,0,-1,No n'hi ha,-1.0,3,3,1,0,0,0,0,0,0,0,0,0,0,0,4,-1,1,Caiguda en la via,-1,2,2,5,-1,2,1,8.45,0,0,1,2,3
12003,2010,1,2010-07-05,SE,MATARO,Maresme,3,0,1,0,2,1,0,0,0,1,0,0,0,20.0,0.0,0,2,No n'hi ha,-1.0,3,3,1,0,0,0,0,0,0,0,0,0,0,0,4,-1,1,Atropellament,-1,2,2,5,-1,2,1,12.15,0,3,0,5,7
12004,2010,0,2010-09-21,N-260,"POBLA DE SEGUR, LA",Pallars Jussa,2,0,2,1,2,0,0,0,0,1,1,0,0,100.0,0.0,0,2,No n'hi ha,-1.0,3,3,1,0,0,0,0,0,0,0,0,0,0,0,1,-1,1,Envestida (frontal lateral),-1,1,2,4,1,2,1,7.15,0,2,1,21,9
12005,2010,0,2010-01-25,A-2,TARREGA,Urgell,2,0,1,0,1,0,0,0,0,0,1,0,0,120.0,0.0,0,-1,No n'hi ha,-1.0,0,3,1,-1,0,0,1,-1,0,0,0,0,0,0,4,-1,1,Caiguda en la via,-1,1,4,1,1,2,1,15.2,1,0,0,25,1
12006,2010,0,2010-11-13,SE,IVARS D'URGELL,Pla d'Urgell,2,0,1,1,1,0,0,0,0,1,0,0,0,80.0,0.0,0,2,No n'hi ha,-1.0,3,3,1,-1,0,0,0,-1,0,0,0,0,-1,0,5,-1,1,Xoc contra objecte/obstacle sense sortida prèvia de via,-1,1,2,4,3,2,0,2.45,2,4,5,13,11
12007,2010,0,2010-12-21,C-12,BALAGUER,Noguera,2,1,2,0,2,0,0,0,0,1,1,0,0,100.0,0.0,0,2,No n'hi ha,-1.0,3,3,0,0,0,0,0,0,0,0,0,0,0,0,2,-1,1,Envestida (frontal lateral),-1,1,2,4,2,2,1,16.25,1,2,1,21,12