,Year,Area,Date,Road,Municipality Name,County Name,Province Name,Fatalties,Serious Injuries,Light Injuries,Units Involved,Pedestrains Involved,Bicycles Involved,Mopeds Involved,Motorcycles,Light Vehicles Involved,Heavy Vehicles Involved,Other Units Involved,Unspecified Units Involved,Road Speed Limit,Accident with Hit and Run,Fog Presence,Surrounding Environment,Special Lane Presence,Special Traffic Measures,Weather Conditions,Special Road Functions,Severity of Accident,Influence of Fog,Influence of Environment,Influence of Traffic,Influence of Weather,Influence of Wind Intensity,Influence of Lighting,Influence of Special Measures,Influence of Road Objects,Influence of Road Surface,Influence of Visibility,Intersection Characteristics,Lighting Conditions,Traffic Regulation and Priority,Direction of Road,Subtype of Accident,Subtype of Road Section,Subzone within Area,Road Surface Conditions,Type of Road,Road Ownership,Wind Conditions,Day of the Week Grouping,Hour of Day,Time of Day Grouping,Type of Accident,Day Type,Day,Month
12008,2010,1,2010-03-10,SE,BARCELONA,Barcelones,3,0,1,0,2,0,0,0,1,1,0,0,0,100.0,0.0,0,-1,No n'hi ha,-1.0,3,3,1,0,0,1,0,0,0,0,0,0,0,1,4,3,0,Fregament o col·lisió lateral,2,2,2,5,-1,2,1,12.2,0,2,2,10,3
12009,2010,1,2010-05-24,SE,BARBENS,Pla d'Urgell,2,0,1,0,1,0,0,1,0,0,0,0,0,20.0,0.0,0,2,No n'hi ha,-1.0,3,3,1,-1,0,0,0,-1,0,0,0,0,-1,1,4,5,1,Xoc contra objecte/obstacle sense sortida prèvia de via,2,2,2,5,-1,2,1,9.12,0,4,0,24,5
12010,2010,0,2010-05-24,B-142,SENTMENAT,Valles Occidental,3,0,1,0,2,0,0,0,1,0,1,0,0,50.0,0.0,0,2,No n'hi ha,-1.0,3,3,1,0,0,0,0,0,0,0,0,0,0,0,4,-1,1,Fregament o col·lisió lateral,-1,1,2,4,3,2,1,13.3,0,2,0,24,5
12011,2010,0,2010-06-05,C-63,RIUDARENES,Selva,1,0,1,0,1,0,0,1,0,0,0,0,0,100.0,0.0,0,2,No n'hi ha,-1.0,3,3,1,0,0,0,0,1,0,0,0,0,0,0,4,-1,1,Caiguda en la via,-1,1,2,4,2,0,0,13.3,0,0,5,5,6
12012,2010,0,2010-09-22,SE,GIRONA,Girones,1,0,1,0,2,0,0,0,1,1,0,0,0,100.0,0.0,0,2,No n'hi ha,-1.0,3,3,1,0,0,0,0,0,0,0,0,0,0,1,4,4,0,Envestida (frontal lateral),0,1,2,3,0,2,1,18.43,1,2,2,22,9
12013,2010,0,2010-06-05,AL,TERRASSA,Valles Occidental,3,0,2,0,2,0,0,0,1,1,0,0,0,100.0,0.0,0,2,No n'hi ha,-1.0,3,3,1,0,0,0,0,0,0,0,0,0,0,0,5,-1,1,Envestida (frontal lateral),-1,1,2,4,0,2,0,21.5,1,2,5,5,6
12014,2010,0,2010-10-04,GI-680a,LLORET DE MAR,Selva,1,0,1,0,1,0,0,0,1,0,0,0,0,100.0,0.0,0,1,No n'hi ha,-1.0,3,3,1,0,0,0,0,0,0,0,0,0,0,0,4,-1,1,Caiguda en la via,-1,1,2,4,0,2,1,16.55,1,0,0,4,10
12015,2010,0,2010-07-28,SE,SALOU,Tarragones,0,0,1,0,1,0,0,0,1,0,0,0,0,100.0,0.0,0,1,Altres,-1.0,3,3,1,0,0,0,0,0,0,0,0,0,0,1,4,4,0,Caiguda en la via,0,1,2,3,0,2,1,13.15,0,0,2,28,7
12016,2010,1,2010-04-19,SE,BARCELONA,Barcelones,3,0,1,0,1,0,0,0,1,0,0,0,0,100.0,0.0,0,-1,No n'hi ha,-1.0,2,3,1,0,0,0,1,0,0,0,0,0,0,1,4,3,0,Caiguda en la via,1,2,0,5,-1,2,1,19.15,1,0,0,19,4
12017,2010,0,2010-06-15,C-58,CASTELLBELL I EL VIL,Bages,3,0,1,1,2,0,0,0,0,2,0,0,0,60.0,0.0,0,1,No n'hi ha,-1.0,3,3,1,0,0,0,0,0,0,0,0,0,0,0,4,-1,1,Col·lisió frontal,-1,1,2,4,2,2,1,20.21,1,2,1,15,6
12018,2010,0,2010-02-08,AP-7,VANDELLOS I L'HOSPITALET DE L'INFANT,Baix Camp,0,0,1,0,1,0,0,0,0,1,0,0,0,100.0,0.0,0,2,No n'hi ha,-1.0,1,3,1,0,0,0,1,0,0,0,0,0,0,0,2,-1,1,Xoc contra objecte/obstacle sense sortida prèvia de via,-1,1,0,4,-1,2,1,13.42,0,4,0,8,2
12019,2010,1,2010-03-01,SE,TORREDEMBARRA,Tarragones,0,0,1,0,2,1,0,0,0,1,0,0,0,100.0,0.0,0,2,No n'hi ha,-1.0,3,3,1,0,0,0,0,0,0,0,0,0,0,0,4,-1,1,Atropellament,-1,2,2,5,-1,2,1,10.3,0,3,0,1,3
12020,2010,0,2010-08-17,BV-5128,SANT CEBRIA DE VALLA,Maresme,3,0,1,0,1,0,1,0,0,0,0,0,0,100.0,0.0,0,1,No n'hi ha,-1.0,3,3,1,0,0,0,0,0,0,0,0,0,0,0,4,-1,1,Resta sortides de via,-1,1,2,4,3,2,1,18.5,1,1,1,17,8
12021,2010,1,2010-03-20,SE,SANT FELIU DE LLOBREGAT,Baix Llobregat,3,0,1,0,2,1,0,0,0,1,0,0,0,20.0,0.0,0,2,No n'hi ha,-1.0,3,3,1,-1,0,0,0,-1,0,0,0,0,0,1,4,4,0,Atropellament,2,2,2,5,-1,2,0,11.3,0,3,5,20,3
12022,2010,1,2010-09-13,SE,SANT BOI DE LLOBREGAT,Baix Llobregat,3,0,1,0,2,0,0,0,1,1,0,0,0,100.0,0.0,0,-1,No n'hi ha,-1.0,3,3,1,0,0,0,0,0,0,0,0,0,0,0,4,-1,-1,Envestida (frontal lateral),-1,2,2,5,-1,2,1,16.25,1,2,0,13,9
12023,2010,1,2010-05-17,SE,SENTMENAT,Valles Occidental,3,0,1,0,2,0,0,0,1,1,0,0,0,40.0,0.0,0,2,No n'hi ha,-1.0,3,1,1,0,0,0,0,0,0,0,0,0,0,1,4,-1,1,Fregament o col·lisió lateral,1,0,2,5,-1,2,1,14.1,1,2,0,17,5
12024,2010,1,2010-07-23,SE,OLOT,Garrotxa,1,0,1,0,2,0,0,1,0,1,0,0,0,100.0,0.0,0,2,No n'hi ha,-1.0,3,3,1,0,0,0,0,0,0,0,0,0,0,1,5,4,0,Envestida (frontal lateral),2,2,2,5,-1,2,0,21.53,1,2,4,23,7
12025,2010,0,2010-08-13,SE,TARRAGONA,Tarragones,0,0,1,3,1,0,0,0,0,1,0,0,0,100.0,0.0,0,2,No n'hi ha,-1.0,3,3,1,0,0,0,0,0,0,0,0,0,0,0,3,-1,0,Resta sortides de via,-1,1,2,3,0,2,0,21.15,1,1,4,13,8
12026,2010,1,2010-03-03,SE,AVIA,Bergueda,3,0,1,0,1,0,0,0,0,1,0,0,0,20.0,0.0,0,-1,No n'hi ha,-1.0,3,3,1,0,0,0,0,0,0,0,0,0,0,0,4,-1,-1,Resta sortides de via,-1,2,2,5,4,2,1,18.0,1,1,2,3,3
12027,2010,1,2010-04-04,SE,CASERES,Terra Alta,0,0,1,0,1,0,0,0,1,0,0,0,0,40.0,0.0,0,2,No n'hi ha,-1.0,3,3,1,0,0,0,0,0,0,0,0,0,0,0,0,-1,1,Caiguda en la via,-1,2,3,5,-1,2,0,3.35,2,0,6,4,4
12028,2010,0,2010-12-19,AP-7,LLERS,Alt Emporda,1,1,0,0,1,0,0,0,0,1,0,0,0,100.0,0.0,0,1,No n'hi ha,-1.0,3,3,0,0,0,0,0,0,0,0,0,0,0,0,3,-1,1,Xoc contra objecte/obstacle sense sortida prèvia de via,-1,1,2,4,1,2,0,2.3,2,4,6,19,12
12029,2010,1,2010-08-04,SE,ROQUETES,Baix Ebre,0,0,1,0,2,0,1,0,0,1,0,0,0,20.0,0.0,0,2,No n'hi ha,-1.0,3,3,1,-1,0,0,0,-1,0,0,0,0,-1,1,4,4,1,Envestida (frontal lateral),0,2,2,5,-1,2,1,20.2,1,2,2,4,8
12030,2010,1,2010-05-15,SE,BARCELONA,Barcelones,3,0,1,1,1,0,0,0,1,0,0,0,0,30.0,0.0,0,-1,No n'hi ha,-1.0,3,3,1,0,0,0,0,0,0,0,0,0,0,0,5,-1,0,Xoc contra objecte/obstacle sense sortida prèvia de via,-1,2,2,5,-1,2,0,2.15,2,4,5,15,5
12031,2010,0,2010-06-07,SE,SABADELL,Valles Occidental,3,0,1,0,2,0,0,0,1,0,1,0,0,100.0,0.0,0,2,No n'hi ha,-1.0,3,3,1,0,0,0,0,0,0,0,0,0,0,1,4,5,1,Col·lisió frontal,2,1,2,3,0,2,1,13.1,0,2,0,7,6
12032,2010,0,2010-03-21,SE,CERDANYOLA DEL VALLES,Valles Occidental,3,0,1,0,1,0,1,0,0,0,0,0,0,100.0,0.0,0,0,No n'hi ha,-1.0,3,3,1,0,0,0,0,0,0,0,0,0,0,0,4,-1,1,Caiguda en la via,-1,1,0,3,0,2,0,10.0,0,0,6,21,3
12033,2010,1,2010-10-11,SE,MASQUEFA,Anoia,3,0,1,2,2,0,0,0,0,1,0,1,0,100.0,0.0,0,2,No n'hi ha,-1.0,3,3,1,0,0,0,0,0,0,0,0,0,0,1,4,4,1,Envestida (frontal lateral),1,2,3,5,-1,2,1,16.3,1,2,0,11,10
12034,2010,0,2010-09-03,SE,MASSANES,Selva,1,1,0,1,1,0,0,0,0,1,0,0,0,40.0,0.0,0,1,No n'hi ha,-1.0,3,3,0,0,0,0,0,0,0,0,0,0,0,0,4,-1,1,Resta sortides de via,-1,1,2,3,0,2,0,18.23,1,1,4,3,9
12035,2010,1,2010-11-15,SE,BANYOLES,Pla de l'Estany,1,0,1,0,1,1,0,0,0,0,0,0,0,100.0,1.0,0,2,No n'hi ha,-1.0,3,3,1,0,0,0,0,0,0,0,0,0,0,2,0,4,1,Atropellament,1,2,2,5,-1,2,1,19.35,1,3,0,15,11
12036,2010,0,2010-07-24,N-260,COLERA,Alt Emporda,1,0,2,0,2,0,0,0,1,1,0,0,0,100.0,0.0,0,-1,No n'hi ha,-1.0,3,3,1,0,0,0,0,0,0,0,0,0,0,0,4,-1,-1,Encalç,-1,1,2,4,-1,2,0,18.3,1,2,5,24,7
12037,2011,1,2011-02-20,GIV-6701,BORDILS,Girones,1,0,1,0,2,1,0,0,0,1,0,0,0,90.0,1.0,0,2,No n'hi ha,-1.0,3,1,1,-1,0,0,0,-1,0,0,0,0,-1,0,4,-1,1,Atropellament,-1,0,2,4,3,2,0,16.3,1,3,6,20,2
12038,2011,0,2011-10-31,C-55,CASTELLBELL I EL VIL,Bages,3,0,1,0,1,0,0,0,1,0,0,0,0,90.0,0.0,0,3,No n'hi ha,-1.0,3,3,1,-1,0,0,0,-1,0,0,0,0,-1,2,4,5,1,Caiguda en la via,3,1,2,4,2,2,1,15.08,1,0,0,31,10
12039,2011,0,2011-11-27,C-13,ESPOT,Pallars Sobira,2,0,1,0,1,0,0,0,0,1,0,0,0,90.0,0.0,0,-1,No n'hi ha,-1.0,3,3,1,-1,0,0,0,-1,0,0,0,0,0,0,3,-1,1,Xoc contra objecte/obstacle sense sortida prèvia de via,-1,1,2,4,2,2,0,18.0,1,4,6,27,11
12040,2011,0,2011-03-25,C-59,"ESTANY, L'",Moianès,3,0,1,0,1,0,0,0,0,1,0,0,0,70.0,0.0,0,2,No n'hi ha,-1.0,3,3,1,-1,0,0,0,-1,0,0,0,0,-1,0,4,-1,1,Xoc contra objecte/obstacle sense sortida prèvia de via,-1,1,2,4,2,2,1,13.2,0,4,4,25,3
12041,2011,0,2011-04-26,BV-5011,BADALONA,Barcelones,3,0,1,0,1,0,0,0,1,0,0,0,0,90.0,0.0,0,3,No n'hi ha,-1.0,1,3,1,-1,0,0,0,-1,0,0,0,0,0,0,2,-1,1,Caiguda en la via,-1,1,0,4,3,2,1,19.4,1,0,1,26,4
12042,2011,0,2011-03-03,A-2,LLEIDA,Segria,2,0,1,0,1,0,0,0,0,1,0,0,0,120.0,0.0,0,2,No n'hi ha,-1.0,3,3,1,-1,0,0,0,-1,0,0,0,0,-1,0,4,-1,1,Sortida de via amb bolcada,-1,1,2,1,1,2,1,8.0,0,1,3,3,3
12043,2011,0,2011-01-08,N-141c,COLLSUSPINA,Moianès,3,0,1,0,1,0,0,0,1,0,0,0,0,90.0,,0,1,No n'hi ha,-1.0,3,3,1,-1,0,0,0,-1,0,0,0,0,-1,0,4,-1,1,Caiguda en la via,-1,1,0,4,1,2,0,12.3,0,0,5,8,1
12044,2011,0,2011-01-08,TV-3405,AMPOSTA,Montsia,0,0,1,1,1,0,0,0,0,1,0,0,0,100.0,0.0,0,0,No n'hi ha,-1.0,3,3,1,0,1,0,0,0,0,0,0,0,0,0,4,-1,1,Resta sortides de via,-1,1,2,4,3,2,0,16.57,1,1,5,8,1
12045,2011,1,2011-08-17,SE,SABADELL,Valles Occidental,3,0,1,0,1,0,0,1,0,0,0,0,0,100.0,0.0,0,-1,No n'hi ha,-1.0,3,3,1,0,0,0,0,0,0,0,0,0,0,0,4,-1,-1,Caiguda en la via,-1,2,2,5,-1,2,1,18.25,1,0,2,17,8
12046,2011,1,2011-03-02,SE,"VENDRELL, EL",Baix Penedes,0,0,1,0,2,0,0,0,1,1,0,0,0,40.0,0.0,0,-1,No n'hi ha,1.0,3,3,1,-1,0,0,0,-1,0,0,0,0,-1,0,4,-1,1,Fregament o col·lisió lateral,-1,2,2,5,-1,2,1,12.45,0,2,2,2,3
12047,2011,0,2011-11-24,TP-2031,TARRAGONA,Tarragones,0,0,1,1,1,0,0,0,0,1,0,0,0,90.0,0.0,0,0,No n'hi ha,-1.0,3,3,1,0,0,0,0,0,0,0,0,0,0,0,3,-1,1,Resta sortides de via,-1,1,2,4,3,2,1,1.34,2,1,3,24,11
12048,2011,1,2011-05-15,SE,LLEIDA,Segria,2,0,1,0,2,1,0,0,0,1,0,0,0,100.0,0.0,0,-1,No n'hi ha,-1.0,3,3,1,0,0,0,0,0,0,0,0,0,0,0,4,-1,-1,Atropellament,-1,2,2,5,0,2,0,21.0,1,3,6,15,5
12049,2011,1,2011-09-27,SE,GARRIGAS,Alt Emporda,1,0,1,0,2,0,0,0,0,1,1,0,0,100.0,0.0,0,3,No n'hi ha,-1.0,3,3,1,0,0,0,0,0,0,0,0,0,0,0,4,-1,1,Fregament o col·lisió lateral,-1,2,0,5,4,2,1,16.38,1,2,1,27,9
12050,2011,1,2011-06-27,SE,MANRESA,Bages,3,0,1,0,2,1,0,0,0,1,0,0,0,100.0,0.0,0,2,No n'hi ha,-1.0,3,3,1,0,0,0,0,0,0,0,0,0,0,1,4,4,0,Atropellament,0,2,2,5,-1,2,1,15.45,1,3,0,27,6
12051,2011,0,2011-06-24,C-43,GANDESA,Terra Alta,0,0,1,0,1,0,0,0,1,0,0,0,0,100.0,0.0,0,0,No n'hi ha,-1.0,3,3,1,0,1,0,0,0,0,0,0,0,0,0,4,-1,1,Xoc contra objecte/obstacle sense sortida prèvia de via,-1,1,2,4,2,2,1,11.12,0,4,4,24,6
12052,2011,0,2011-12-20,SE,FORNELLS DE LA SELVA,Girones,1,1,0,0,1,0,0,0,0,1,0,0,0,60.0,0.0,0,2,No n'hi ha,-1.0,3,3,0,0,1,0,0,0,0,0,0,0,0,0,1,-1,1,Xoc contra objecte/obstacle sense sortida prèvia de via,-1,1,2,3,0,2,1,7.4,0,4,1,20,12
12053,2011,0,2011-12-23,A-2,CERVERA,Segarra,2,1,1,2,1,0,0,0,0,1,0,0,0,100.0,0.0,0,3,No n'hi ha,-1.0,3,3,0,0,0,0,0,0,0,0,0,0,0,0,3,-1,1,Xoc contra objecte/obstacle sense sortida prèvia de via,-1,1,2,4,1,2,1,1.24,2,4,4,23,12
12054,2011,1,2011-09-29,SE,BARCELONA,Barcelones,3,0,1,0,2,0,0,1,1,0,0,0,0,100.0,0.0,0,-1,No n'hi ha,-1.0,3,3,1,0,0,1,0,0,0,0,0,0,0,0,4,-1,1,Encalç,-1,2,2,5,-1,2,1,17.45,1,2,3,29,9
12055,2011,0,2011-11-04,N-II,CABANES,Alt Emporda,1,1,0,1,2,0,0,0,0,1,1,0,0,100.0,0.0,0,3,No n'hi ha,-1.0,3,2,0,0,0,0,0,0,0,0,0,0,0,0,3,-1,1,Col·lisió frontal,-1,1,2,4,1,2,1,2.3,2,2,4,4,11
12056,2011,1,2011-12-30,SE,ALELLA,Maresme,3,0,1,0,2,1,0,0,0,1,0,0,0,20.0,0.0,0,2,No n'hi ha,-1.0,3,3,1,-1,0,0,0,-1,0,0,0,0,-1,0,4,-1,1,Atropellament,-1,2,2,5,-1,2,0,15.16,1,3,4,30,12
12057,2011,0,2011-09-03,C-162,FONTANALS DE CERDANYA,Cerdanya,1,0,4,3,2,0,0,0,0,2,0,0,0,60.0,0.0,0,2,No n'hi ha,-1.0,3,3,1,0,0,0,0,0,0,0,0,0,0,1,4,4,1,Envestida (frontal lateral),2,1,2,4,2,2,0,15.45,1,2,5,3,9
12058,2011,0,2011-07-22,TV-2126,BELLVEI,Baix Penedes,0,0,1,0,1,0,0,0,0,1,0,0,0,100.0,0.0,0,1,No n'hi ha,-1.0,3,3,1,0,0,0,0,0,0,0,0,0,0,0,4,-1,1,Sortida de via amb bolcada,-1,1,2,4,3,2,1,8.0,0,1,4,22,7
12059,2011,0,2011-07-08,N-II,BASCARA,Alt Emporda,1,0,1,1,2,0,0,0,0,2,0,0,0,70.0,0.0,0,0,No n'hi ha,-1.0,3,3,1,0,0,0,0,0,0,0,0,0,0,0,0,-1,1,Col·lisió frontal,-1,1,2,4,1,2,1,5.3,2,2,4,8,7
12060,2011,1,2011-08-25,SE,OLOT,Garrotxa,1,0,1,0,2,0,0,0,0,2,0,0,0,100.0,0.0,0,2,No n'hi ha,-1.0,3,3,1,0,0,0,0,0,0,0,0,0,0,0,4,-1,1,Xoc contra objecte/obstacle sense sortida prèvia de via,-1,2,2,5,0,2,1,13.0,0,4,3,25,8
12061,2011,1,2011-09-16,C-243B,GELIDA,Alt Penedes,3,0,1,0,2,0,0,0,1,1,0,0,0,50.0,0.0,0,2,No n'hi ha,-1.0,3,1,1,0,0,0,0,0,0,0,0,0,1,1,4,4,1,Caiguda en la via,2,0,2,4,4,2,1,8.0,0,0,4,16,9
12062,2011,1,2011-10-28,SE,REUS,Baix Camp,0,0,1,0,2,1,0,0,0,1,0,0,0,100.0,0.0,0,-1,No n'hi ha,-1.0,3,3,1,0,0,0,0,0,0,0,0,0,0,0,4,-1,-1,Atropellament,-1,2,2,5,-1,2,0,19.14,1,3,4,28,10
12063,2011,0,2011-05-06,N-II,VIDRERES,Selva,1,0,1,1,2,0,0,0,0,1,1,0,0,100.0,0.0,1,2,No n'hi ha,-1.0,3,3,1,0,0,0,0,0,0,0,0,0,0,0,1,-1,1,Col·lisió frontal,-1,1,2,4,1,2,1,7.2,0,2,4,6,5
12064,2011,0,2011-04-09,TP-2031,"SECUITA, LA",Tarragones,0,1,4,0,2,0,0,0,0,2,0,0,0,100.0,0.0,0,0,No n'hi ha,-1.0,3,3,0,0,0,0,0,0,0,0,0,0,0,0,4,-1,1,Envestida (frontal lateral),-1,1,2,4,2,2,0,18.0,1,2,5,9,4
12065,2011,0,2011-04-09,N-II,PONT DE MOLINS,Alt Emporda,1,0,1,1,2,0,0,0,1,1,0,0,0,80.0,0.0,0,2,Carril central,-1.0,3,3,1,0,0,0,0,0,0,0,0,0,0,1,4,4,1,Fregament o col·lisió lateral,3,1,2,4,1,2,0,11.45,0,2,5,9,4
12066,2011,1,2011-09-16,SE,BARCELONA,Barcelones,3,0,1,0,2,0,0,0,1,0,1,0,0,100.0,0.0,0,-1,No n'hi ha,-1.0,3,3,1,0,0,0,0,0,0,0,0,0,0,1,4,3,1,Fregament o col·lisió lateral,2,2,2,5,-1,2,1,9.05,0,2,4,16,9
12067,2011,1,2011-10-08,SE,BARCELONA,Barcelones,3,0,1,1,2,1,0,0,1,0,0,0,0,100.0,0.0,0,-1,No n'hi ha,-1.0,3,3,1,0,0,0,0,0,0,0,0,0,0,1,5,3,0,Atropellament,2,2,2,5,-1,2,0,5.45,2,3,5,8,10
12068,2011,0,2011-02-02,AP-7,SANT CELONI,Valles Oriental,3,0,1,3,1,0,0,0,0,1,0,0,0,120.0,0.0,0,2,No n'hi ha,-1.0,3,3,1,0,0,0,0,0,0,0,0,0,0,0,4,-1,1,Resta sortides de via,-1,1,2,4,1,2,1,10.32,0,1,2,2,2
12069,2011,1,2011-09-27,SE,CERDANYOLA DEL VALLES,Valles Occidental,3,0,1,1,2,0,0,0,1,1,0,0,0,100.0,0.0,0,2,No n'hi ha,-1.0,3,3,1,0,0,0,0,0,0,0,0,0,0,1,4,4,1,Envestida (frontal lateral),1,2,2,5,-1,2,1,18.43,1,2,1,27,9
12070,2011,0,2011-03-27,C-14,OLIOLA,Noguera,2,0,1,1,1,0,0,0,1,0,0,0,0,70.0,0.0,0,3,No n'hi ha,-1.0,3,3,1,0,1,0,0,0,0,0,0,0,0,0,4,-1,1,Resta sortides de via,-1,1,2,4,2,2,0,17.54,1,1,6,27,3
12071,2011,0,2011-11-17,C-12,FLIX,Ribera d'Ebre,0,0,1,0,2,0,0,0,1,1,0,0,0,100.0,0.0,0,0,No n'hi ha,-1.0,3,3,1,0,0,0,0,0,0,0,0,0,1,0,4,-1,1,Fregament o col·lisió lateral,-1,1,2,4,2,2,1,8.3,0,2,3,17,11
12072,2011,1,2011-02-12,SE,"VENDRELL, EL",Baix Penedes,0,0,1,0,1,0,0,0,0,0,0,1,0,30.0,0.0,0,-1,No n'hi ha,-1.0,3,3,1,-1,0,0,0,-1,0,0,0,0,-1,1,4,4,1,Xoc contra objecte/obstacle sense sortida prèvia de via,0,2,2,5,-1,2,0,13.03,0,4,5,12,2
12073,2011,1,2011-09-14,SE,OLOT,Garrotxa,1,0,1,0,2,0,0,0,1,1,0,0,0,100.0,0.0,0,2,No n'hi ha,-1.0,3,3,1,0,0,0,0,0,0,0,0,0,0,1,4,4,1,Fregament o col·lisió lateral,1,2,2,5,0,2,1,14.52,1,2,2,14,9
12074,2011,1,2011-07-16,SE,ROQUETES,Baix Ebre,0,0,1,0,1,0,0,0,1,0,0,0,0,20.0,0.0,0,2,No n'hi ha,-1.0,3,3,1,-1,0,0,0,-1,0,0,0,0,-1,0,4,-1,1,Resta sortides de via,-1,2,2,5,-1,2,0,14.3,1,1,5,16,7
12075,2011,0,2011-06-19,C-253,CALONGE,Baix Emporda,1,1,0,0,1,0,0,0,0,1,0,0,0,100.0,0.0,0,2,No n'hi ha,-1.0,3,3,0,0,0,0,0,0,0,0,0,0,0,0,5,-1,1,Resta sortides de via,-1,1,2,4,2,2,0,4.2,2,1,6,19,6
12076,2011,1,2011-04-15,SE,TORTOSA,Baix Ebre,0,0,1,0,2,0,0,1,0,1,0,0,0,100.0,0.0,0,2,No n'hi ha,-1.0,3,3,1,0,0,0,0,0,0,0,0,0,0,1,5,2,1,Envestida (frontal lateral),1,2,2,5,-1,2,0,21.35,1,2,4,15,4
12077,2011,0,2011-06-19,C-15,CANYELLES,Garraf,3,0,1,1,2,0,0,0,0,2,0,0,0,40.0,0.0,0,1,No n'hi ha,0.0,3,3,1,0,0,0,0,0,0,0,0,0,0,0,1,-1,1,Fregament o col·lisió lateral,-1,1,2,4,2,2,0,7.49,0,2,6,19,6
12078,2011,1,2011-12-25,SE,"GARRIGA, LA",Valles Oriental,3,0,1,0,1,0,0,0,0,1,0,0,0,20.0,0.0,0,-1,No n'hi ha,-1.0,3,3,1,-1,0,0,0,-1,0,0,0,0,-1,1,4,4,1,Sortida de via amb xoc o col·lisió,2,2,2,5,-1,2,0,10.45,0,1,6,25,12
12079,2011,1,2011-05-06,SE,BARCELONA,Barcelones,3,1,0,1,2,1,1,0,0,0,0,0,0,100.0,0.0,0,-1,Carril bici,-1.0,3,3,0,0,0,1,0,0,0,0,0,0,0,1,4,3,1,Atropellament,2,2,2,5,-1,2,1,9.05,0,3,4,6,5
12080,2011,0,2011-02-14,TV-7222,ALCOVER,Alt Camp,0,1,0,0,1,0,0,0,0,1,0,0,0,90.0,0.0,0,2,No n'hi ha,-1.0,3,3,0,-1,0,0,0,-1,0,0,0,0,-1,1,4,5,1,Xoc contra objecte/obstacle sense sortida prèvia de via,1,1,2,4,3,2,1,17.59,1,4,0,14,2
12081,2011,0,2011-11-28,C-35,VILALBA SASSERRA,Valles Oriental,3,0,1,1,1,0,0,0,0,1,0,0,0,50.0,0.0,0,1,No n'hi ha,-1.0,3,3,1,0,0,0,0,0,0,0,0,0,0,0,3,-1,1,Resta sortides de via,-1,1,2,4,0,2,1,19.3,1,1,0,28,11
12082,2011,1,2011-12-15,SE,SABADELL,Valles Occidental,3,0,1,0,2,1,0,0,0,1,0,0,0,100.0,0.0,0,-1,No n'hi ha,-1.0,3,3,1,0,0,0,0,0,0,0,0,0,0,0,4,-1,-1,Atropellament,-1,2,2,5,-1,2,1,9.42,0,3,3,15,12
12083,2011,1,2011-11-17,SE,BARCELONA,Barcelones,3,0,1,0,2,0,0,0,1,1,0,0,0,100.0,0.0,0,-1,No n'hi ha,-1.0,3,3,1,0,0,1,0,0,0,0,0,0,0,1,4,3,0,Envestida (frontal lateral),2,2,2,5,-1,2,1,10.4,0,2,3,17,11
12084,2011,1,2011-07-11,SE,FRANQUESES DEL VALLE,Valles Oriental,3,0,1,0,1,0,1,0,0,0,0,0,0,30.0,0.0,0,2,No n'hi ha,-1.0,3,3,1,-1,0,0,0,-1,0,0,0,0,-1,1,4,4,0,Caiguda en la via,0,2,1,5,-1,2,1,6.49,0,0,0,11,7
12085,2011,1,2011-02-08,SE,TERRASSA,Valles Occidental,3,0,1,2,2,0,0,0,0,1,1,0,0,100.0,0.0,0,-1,No n'hi ha,-1.0,3,3,1,0,0,0,0,0,0,0,0,0,0,0,4,-1,-1,Envestida (frontal lateral),-1,2,2,5,-1,2,1,15.0,1,2,1,8,2
12086,2011,0,2011-02-05,C-31,SITGES,Garraf,3,0,1,0,1,0,0,0,1,0,0,0,0,60.0,0.0,0,1,No n'hi ha,-1.0,3,3,1,0,0,0,0,0,0,0,0,0,0,0,4,-1,1,Caiguda en la via,-1,1,2,4,2,2,0,11.35,0,0,5,5,2
12087,2011,0,2011-09-01,C-12,AMPOSTA,Montsia,0,0,1,2,1,0,0,0,0,1,0,0,0,100.0,0.0,0,1,No n'hi ha,-1.0,3,3,1,0,0,0,0,0,0,0,0,0,0,0,4,-1,1,Resta sortides de via,-1,1,2,4,2,2,1,19.1,1,1,3,1,9
12088,2011,1,2011-05-03,SE,BADALONA,Barcelones,3,0,1,0,1,0,1,0,0,0,0,0,0,100.0,0.0,0,-1,No n'hi ha,-1.0,2,3,1,0,0,0,1,0,0,0,0,1,1,0,5,-1,1,Xoc contra objecte/obstacle sense sortida prèvia de via,-1,2,0,5,-1,2,1,22.3,2,4,1,3,5
12089,2011,1,2011-03-25,SE,BARCELONA,Barcelones,3,0,1,0,2,0,0,0,1,1,0,0,0,100.0,0.0,0,-1,No n'hi ha,-1.0,3,3,1,0,0,0,0,0,0,0,0,0,0,1,5,3,1,Col·lisió frontal,2,2,2,5,-1,2,1,0.3,2,2,4,25,3
12090,2011,1,2011-08-24,SE,CASTELL-PLATJA D'ARO,Baix Emporda,1,1,0,1,2,1,0,0,1,0,0,0,0,50.0,0.0,0,2,No n'hi ha,-1.0,3,1,0,0,0,0,0,0,0,0,0,0,0,0,4,-1,1,Atropellament,-1,0,2,5,-1,2,1,8.34,0,3,2,24,8