,Year,Area,Date,Road,Municipality Name,County Name,Province Name,Fatalties,Serious Injuries,Light Injuries,Units Involved,Pedestrains Involved,Bicycles Involved,Mopeds Involved,Motorcycles,Light Vehicles Involved,Heavy Vehicles Involved,Other Units Involved,Unspecified Units Involved,Road Speed Limit,Accident with Hit and Run,Fog Presence,Surrounding Environment,Special Lane Presence,Special Traffic Measures,Weather Conditions,Special Road Functions,Severity of Accident,Influence of Fog,Influence of Environment,Influence of Traffic,Influence of Weather,Influence of Wind Intensity,Influence of Lighting,Influence of Special Measures,Influence of Road Objects,Influence of Road Surface,Influence of Visibility,Intersection Characteristics,Lighting Conditions,Traffic Regulation and Priority,Direction of Road,Subtype of Accident,Subtype of Road Section,Subzone within Area,Road Surface Conditions,Type of Road,Road Ownership,Wind Conditions,Day of the Week Grouping,Hour of Day,Time of Day Grouping,Type of Accident,Day Type,Day,Month
12091,2011,1,2011-04-27,SE,RUBI,Valles Occidental,3,0,1,0,2,1,0,0,0,1,0,0,0,100.0,0.0,0,2,No n'hi ha,-1.0,3,3,1,0,1,0,0,0,0,0,0,0,0,0,4,-1,0,Atropellament,-1,2,2,5,0,2,1,15.55,1,3,2,27,4
12092,2011,0,2011-06-18,TV-3454,DELTEBRE,Baix Ebre,0,0,1,0,1,0,0,0,0,1,0,0,0,50.0,0.0,0,0,No n'hi ha,-1.0,3,3,1,0,0,0,0,0,0,0,0,0,0,0,4,-1,1,Resta sortides de via,-1,1,2,4,3,2,0,12.2,0,1,5,18,6
12093,2011,0,2011-06-16,C-31C,SANT BOI DE LLOBREGAT,Baix Llobregat,3,0,1,0,1,0,0,0,1,0,0,0,0,100.0,0.0,0,2,No n'hi ha,-1.0,3,3,1,0,0,0,0,0,0,0,0,0,0,0,0,-1,1,Xoc contra objecte/obstacle sense sortida prèvia de via,-1,1,2,4,2,2,1,0.1,2,4,3,16,6
12094,2011,0,2011-04-22,SE,"BRULL, EL",Osona,3,0,2,0,1,0,0,0,0,1,0,0,0,40.0,0.0,0,0,No n'hi ha,-1.0,3,3,1,0,0,0,0,0,0,0,0,0,0,0,2,-1,1,Resta sortides de via,-1,1,2,3,0,2,0,18.3,1,1,4,22,4
12095,2011,0,2011-04-09,N-230,ALMENAR,Segria,2,0,1,0,1,0,0,0,1,0,0,0,0,70.0,0.0,0,2,No n'hi ha,-1.0,3,3,1,0,0,0,0,0,0,0,0,0,0,0,3,-1,1,Resta sortides de via,-1,1,2,4,1,2,0,4.4,2,1,5,9,4
12096,2011,1,2011-04-30,SE,MORA LA NOVA,Ribera d'Ebre,0,0,1,0,2,0,0,0,1,1,0,0,0,100.0,0.0,0,2,No n'hi ha,-1.0,3,1,1,0,0,0,0,0,0,0,0,0,0,0,4,-1,1,Encalç,-1,0,2,5,-1,2,0,19.43,1,2,5,30,4
12097,2011,0,2011-12-03,C-63,VIDRERES,Selva,1,1,0,0,1,0,0,0,1,0,0,0,0,80.0,0.0,0,3,No n'hi ha,-1.0,3,3,0,0,0,0,0,0,0,0,0,0,0,0,4,-1,1,Caiguda en la via,-1,1,2,4,2,2,0,11.47,0,0,5,3,12
12098,2011,0,2011-08-06,N-260,BOLVIR,Cerdanya,1,0,2,0,2,0,0,0,0,2,0,0,0,60.0,0.0,0,1,No n'hi ha,-1.0,3,3,1,0,0,0,0,0,0,0,0,0,0,1,4,4,1,Fregament o col·lisió lateral,1,1,2,4,1,2,0,19.0,1,2,5,6,8
12099,2011,0,2011-09-11,N-260,PORTBOU,Alt Emporda,1,1,0,0,1,0,0,0,1,0,0,0,0,60.0,0.0,0,0,No n'hi ha,-1.0,3,3,0,0,0,0,0,0,0,0,0,0,0,0,4,-1,1,Xoc contra objecte/obstacle sense sortida prèvia de via,-1,1,2,4,1,2,0,18.15,1,4,6,11,9
12100,2011,0,2011-10-28,BV-2244,SANT SADURNI D'ANOIA,Alt Penedes,3,0,1,0,1,0,0,0,0,1,0,0,0,50.0,0.0,0,3,No n'hi ha,-1.0,2,3,1,0,0,0,1,0,0,0,0,0,0,0,3,-1,1,Xoc contra objecte/obstacle sense sortida prèvia de via,-1,1,0,4,3,0,1,6.5,0,4,4,28,10
12101,2011,0,2011-11-18,BV-3008,SANT JOAN DE VILATOR,Bages,3,0,1,0,1,0,0,0,0,1,0,0,0,100.0,0.0,0,3,No n'hi ha,-1.0,3,3,1,0,0,0,0,0,0,0,0,0,0,0,3,-1,1,Resta sortides de via,-1,1,2,4,3,2,0,22.34,2,1,4,18,11
12102,2011,0,2011-05-28,SE,TORTOSA,Baix Ebre,0,0,1,0,1,0,1,0,0,0,0,0,0,100.0,0.0,0,3,Altres,-1.0,3,3,1,0,0,0,0,0,0,0,0,0,0,0,4,-1,0,Caiguda en la via,-1,1,2,3,2,2,0,15.5,1,0,5,28,5
12103,2011,1,2011-12-06,SE,SABADELL,Valles Occidental,3,0,1,2,2,0,0,0,1,1,0,0,0,100.0,0.0,0,-1,No n'hi ha,-1.0,3,3,1,0,0,0,0,0,0,0,0,0,0,0,4,-1,-1,Envestida (frontal lateral),-1,2,2,5,-1,2,1,18.32,1,2,1,6,12
12104,2011,0,2011-02-01,GI-533,AIGUAVIVA,Girones,1,0,1,0,1,0,0,1,0,0,0,0,0,40.0,0.0,0,0,No n'hi ha,-1.0,3,3,1,0,0,0,0,0,0,0,0,0,0,1,5,4,1,Caiguda en la via,0,1,2,4,2,2,1,20.15,1,0,1,1,2
12105,2011,1,2011-07-22,SE,BLANES,Selva,1,0,1,0,2,0,0,0,1,1,0,0,0,20.0,0.0,0,-1,No n'hi ha,-1.0,3,3,1,-1,0,0,0,-1,0,0,0,0,0,0,5,-1,0,Fregament o col·lisió lateral,-1,2,2,5,-1,2,0,21.15,1,2,4,22,7
12106,2011,0,2011-08-11,BV-2041,GAVA,Baix Llobregat,3,0,1,0,1,0,0,1,0,0,0,0,0,90.0,0.0,0,-1,No n'hi ha,-1.0,3,3,1,-1,0,0,0,-1,0,0,0,0,0,0,1,-1,1,Resta sortides de via,-1,1,2,4,3,2,1,5.17,2,1,3,11,8
12107,2011,1,2011-02-26,SE,BARCELONA,Barcelones,3,0,1,3,2,0,0,0,1,1,0,0,0,100.0,0.0,0,-1,No n'hi ha,0.0,3,3,1,0,0,0,0,0,0,0,0,0,0,1,4,3,1,Envestida (frontal lateral),2,2,2,5,-1,2,0,8.3,0,2,5,26,2
12108,2011,0,2011-07-10,GI-503,MACANET DE CABRENYS,Alt Emporda,1,0,1,0,1,0,0,0,1,0,0,0,0,100.0,0.0,0,3,No n'hi ha,-1.0,3,3,1,0,0,0,0,0,0,0,0,0,0,0,4,-1,1,Caiguda en la via,-1,1,2,4,1,2,0,11.0,0,0,6,10,7
12109,2011,0,2011-07-07,B-30,CERDANYOLA DEL VALLES,Valles Occidental,3,0,1,0,1,0,0,0,1,0,0,0,0,80.0,0.0,0,1,No n'hi ha,-1.0,3,3,1,0,0,0,0,0,0,0,0,0,0,0,4,-1,1,Caiguda en la via,-1,1,2,4,1,2,1,11.46,0,0,3,7,7
12110,2011,0,2011-05-06,C-14,ARTESA DE SEGRE,Noguera,2,1,2,0,2,0,0,0,0,2,0,0,0,100.0,0.0,0,-1,No n'hi ha,-1.0,3,3,0,0,0,0,0,0,0,0,0,0,0,0,4,-1,-1,Col·lisió frontal,-1,1,2,4,-1,2,1,7.55,0,2,4,6,5
12111,2011,0,2011-04-04,BV-1432,LLICA D'AMUNT,Valles Oriental,3,0,1,0,2,0,0,1,0,1,0,0,0,100.0,0.0,0,2,No n'hi ha,-1.0,3,3,1,0,0,0,0,0,0,0,0,0,0,0,4,-1,1,Envestida (frontal lateral),-1,1,2,4,3,2,1,12.34,0,2,0,4,4
12112,2011,0,2011-05-24,N-II,ALPICAT,Segria,2,0,1,0,2,0,0,0,1,1,0,0,0,80.0,0.0,0,2,No n'hi ha,-1.0,3,3,1,0,0,0,0,0,0,0,0,0,0,1,4,4,1,Envestida (frontal lateral),1,1,2,4,1,2,1,13.2,0,2,1,24,5
12113,2011,1,2011-07-04,SE,SABADELL,Valles Occidental,3,0,1,0,2,1,0,0,0,1,0,0,0,100.0,0.0,0,-1,No n'hi ha,-1.0,3,3,1,0,0,0,0,0,0,0,0,0,0,0,4,-1,-1,Atropellament,-1,2,2,5,-1,2,1,20.3,1,3,0,4,7
12114,2011,0,2011-06-29,C-25,SANTA MARIA D'OLO,Moianès,3,0,2,0,1,0,0,0,0,1,0,0,0,60.0,0.0,0,1,No n'hi ha,0.0,3,3,1,0,0,0,0,0,0,0,0,0,0,0,4,-1,1,Resta sortides de via,-1,1,2,4,2,2,1,11.0,0,1,2,29,6
12115,2011,1,2011-04-28,SE,BARCELONA,Barcelones,3,0,1,1,2,0,1,0,0,1,0,0,0,100.0,0.0,0,-1,Carril bus,-1.0,3,3,1,0,0,1,0,0,0,0,0,0,0,1,4,3,0,Fregament o col·lisió lateral,2,2,2,5,-1,2,1,12.2,0,2,3,28,4
12116,2011,1,2011-02-14,SE,ALTAFULLA,Tarragones,0,0,1,0,2,0,0,0,0,2,0,0,0,30.0,0.0,0,1,No n'hi ha,-1.0,1,3,1,0,0,0,1,0,0,0,0,0,0,0,2,-1,1,Envestida (frontal lateral),-1,2,0,5,-1,2,1,9.45,0,2,0,14,2
12117,2011,1,2011-08-22,SE,"ALDEA, L'",Baix Ebre,0,0,1,0,1,0,0,1,0,0,0,0,0,40.0,0.0,0,2,No n'hi ha,-1.0,3,3,1,0,0,0,0,0,0,0,0,0,0,0,4,-1,1,Resta sortides de via,-1,2,2,5,0,2,1,17.5,1,1,0,22,8
12118,2011,0,2011-09-02,C-31,CUBELLES,Garraf,3,0,1,0,2,1,0,0,0,1,0,0,0,50.0,0.0,0,1,Carril d'alentiment,-1.0,3,3,1,0,0,0,0,0,0,0,0,0,1,2,1,4,1,Atropellament,1,1,2,4,2,2,0,21.0,1,3,4,2,9
12119,2011,0,2011-08-18,B-212,CASTELLVI DE LA MARC,Alt Penedes,3,0,1,0,1,0,1,0,0,0,0,0,0,100.0,0.0,0,2,No n'hi ha,-1.0,3,3,1,0,0,0,0,0,0,0,1,0,0,0,4,-1,1,Caiguda en la via,-1,1,2,4,3,2,1,9.15,0,0,3,18,8
12120,2011,1,2011-04-05,SE,BARCELONA,Barcelones,3,0,1,0,2,0,0,0,2,0,0,0,0,100.0,0.0,0,-1,No n'hi ha,-1.0,3,3,1,0,0,0,0,0,0,0,0,0,0,1,4,3,0,Encalç,2,2,2,5,-1,2,1,13.5,0,2,1,5,4
12121,2011,1,2011-11-24,SE,LLEIDA,Segria,2,0,1,0,2,0,0,1,0,1,0,0,0,50.0,0.0,0,2,No n'hi ha,-1.0,3,3,1,0,0,0,0,0,0,0,0,0,0,1,5,4,0,Envestida (frontal lateral),0,2,2,5,0,2,1,7.15,0,2,3,24,11
12122,2011,0,2011-07-16,C-32,VILANOVA I LA GELTRU,Garraf,3,0,1,3,1,0,0,0,0,1,0,0,0,100.0,0.0,0,3,No n'hi ha,-1.0,3,3,1,0,0,0,0,0,0,0,0,0,0,0,4,-1,1,Altres,-1,1,2,4,2,2,0,6.52,0,5,5,16,7
12123,2011,0,2011-05-25,BP-1503,RUBI,Valles Occidental,3,0,1,1,2,0,0,0,1,1,0,0,0,100.0,0.0,0,2,No n'hi ha,-1.0,3,3,1,0,0,0,0,0,0,0,0,0,0,2,4,4,1,Envestida (frontal lateral),1,1,2,4,0,2,1,8.0,0,2,2,25,5
12124,2011,0,2011-12-25,L-800,ALCARRAS,Segria,2,1,0,0,2,0,0,0,1,0,1,0,0,100.0,0.0,0,2,No n'hi ha,-1.0,3,3,0,0,0,0,0,0,0,0,0,0,0,1,5,4,1,Caiguda en la via,1,1,2,4,0,2,0,19.17,1,0,6,25,12
12125,2011,1,2011-09-28,SE,BARCELONA,Barcelones,3,0,1,0,2,0,0,1,0,1,0,0,0,100.0,0.0,0,-1,No n'hi ha,-1.0,3,3,1,0,0,0,0,0,0,0,0,0,0,1,4,4,0,Envestida (frontal lateral),2,2,2,5,-1,2,1,17.3,1,2,2,28,9
12126,2011,1,2011-12-18,SE,OLOT,Garrotxa,1,0,1,0,1,0,0,0,0,1,0,0,0,20.0,0.0,0,2,No n'hi ha,-1.0,3,3,1,0,0,0,0,0,0,0,0,0,0,1,5,4,1,Resta sortides de via,0,2,2,5,0,2,0,6.16,0,1,6,18,12
12127,2011,0,2011-11-18,C-16,TERRASSA,Valles Occidental,3,1,0,0,1,0,0,0,0,1,0,0,0,100.0,0.0,0,1,No n'hi ha,-1.0,3,3,0,0,0,0,0,0,0,0,0,0,0,0,3,-1,1,Sortida de via amb xoc o col·lisió,-1,1,2,4,2,2,1,1.49,2,1,4,18,11
12128,2011,1,2011-06-30,SE,BARCELONA,Barcelones,3,0,1,0,2,1,0,0,1,0,0,0,0,100.0,0.0,0,-1,No n'hi ha,-1.0,3,3,1,0,0,0,0,0,0,0,1,0,0,1,5,3,0,Caiguda en la via,2,2,2,5,-1,2,1,23.55,2,0,3,30,6
12129,2011,1,2011-02-16,SE,LLEIDA,Segria,2,0,1,0,1,0,0,0,0,1,0,0,0,80.0,0.0,0,2,No n'hi ha,-1.0,3,1,1,-1,0,0,0,-1,0,0,0,0,-1,0,4,-1,0,Sortida de via amb bolcada,-1,0,0,5,-1,2,1,9.3,0,1,2,16,2
12130,2011,0,2011-03-29,N-II,SANT POL DE MAR,Maresme,3,0,1,0,2,0,0,0,1,1,0,0,0,60.0,0.0,0,2,No n'hi ha,-1.0,3,3,1,0,0,0,0,0,0,0,0,0,0,1,4,4,1,Fregament o col·lisió lateral,1,1,2,4,1,2,1,13.12,0,2,1,29,3
12131,2011,1,2011-08-11,SE,TARREGA,Urgell,2,0,1,0,2,0,1,0,0,1,0,0,0,20.0,0.0,0,-1,No n'hi ha,-1.0,3,3,1,-1,0,0,0,-1,0,0,0,0,-1,0,5,-1,-1,Envestida (frontal lateral),-1,2,2,5,-1,2,1,23.07,2,2,3,11,8
12132,2011,1,2011-07-23,SE,MATARO,Maresme,3,0,1,0,2,0,0,0,1,1,0,0,0,20.0,0.0,0,2,No n'hi ha,-1.0,3,3,1,0,0,0,0,0,0,0,0,0,0,1,4,4,1,Envestida (frontal lateral),1,2,2,5,-1,2,0,11.05,0,2,5,23,7
12133,2011,0,2011-08-12,GIV-6741,CASSA DE LA SELVA,Girones,1,0,2,3,1,0,0,0,0,1,0,0,0,100.0,0.0,0,2,No n'hi ha,-1.0,3,3,1,0,0,0,0,0,0,0,0,0,0,0,3,-1,1,Resta sortides de via,-1,1,2,4,3,2,0,22.53,2,1,4,12,8
12134,2011,0,2011-08-08,N-II,TORDERA,Maresme,3,1,0,2,2,0,0,0,0,2,0,0,0,60.0,0.0,0,2,No n'hi ha,-1.0,3,3,0,0,0,0,0,0,0,0,0,0,0,0,4,-1,1,Col·lisió frontal,-1,1,2,4,1,2,1,15.5,1,2,0,8,8
12135,2011,1,2011-02-19,SE,BARCELONA,Barcelones,3,0,1,2,2,1,0,0,1,0,0,0,0,100.0,0.0,0,-1,No n'hi ha,-1.0,3,3,1,0,0,0,0,0,0,0,0,0,0,1,4,2,0,Atropellament,1,2,2,5,-1,2,0,11.15,0,3,5,19,2
12136,2011,1,2011-10-21,SE,MONT-ROIG DEL CAMP,Baix Camp,0,0,1,0,1,0,0,1,0,0,0,0,0,100.0,0.0,0,3,No n'hi ha,-1.0,3,3,1,0,0,0,0,0,0,0,0,0,0,0,5,-1,1,Sortida de via amb xoc o col·lisió,-1,2,2,5,-1,2,0,20.0,1,1,4,21,10
12137,2011,1,2011-11-30,SE,FRANQUESES DEL VALLE,Valles Oriental,3,0,1,0,2,1,0,0,0,1,0,0,0,100.0,0.0,0,2,No n'hi ha,-1.0,3,3,1,0,0,0,0,0,0,0,0,0,0,0,4,-1,0,Atropellament,-1,2,2,5,0,2,1,15.0,1,3,2,30,11
12138,2011,1,2011-10-05,SE,SANT FELIU DE LLOBREGAT,Baix Llobregat,3,0,1,0,1,0,0,0,0,1,0,0,0,50.0,0.0,0,3,No n'hi ha,-1.0,3,3,1,0,0,0,0,0,0,0,0,0,0,0,4,-1,1,Resta sortides de via,-1,2,2,5,-1,2,1,11.14,0,1,2,5,10
12139,2011,1,2011-07-26,SE,VILAFRANCA DEL PENEDES,Alt Penedes,3,0,2,0,4,1,1,0,0,2,0,0,0,20.0,0.0,0,-1,No n'hi ha,-1.0,3,3,1,0,-1,0,0,0,0,0,0,0,0,1,4,2,-1,Atropellament,1,2,2,5,-1,2,1,21.0,1,3,1,26,7
12140,2011,0,2011-04-03,C-53,"FULIOLA, LA",Urgell,2,1,0,0,2,0,0,0,0,2,0,0,0,100.0,0.0,0,3,No n'hi ha,-1.0,3,3,0,0,0,0,0,0,0,0,0,0,0,1,4,4,1,Envestida (frontal lateral),0,1,2,4,3,2,0,13.17,0,2,6,3,4
12141,2011,1,2011-04-27,SE,BARCELONA,Barcelones,3,0,1,0,2,0,0,0,1,1,0,0,0,30.0,0.0,0,-1,No n'hi ha,-1.0,3,3,1,0,0,0,0,0,0,0,0,0,0,1,4,4,0,Envestida (frontal lateral),2,2,2,5,-1,2,1,16.0,1,2,2,27,4
12142,2012,1,2012-05-27,SE,CORBERA DE LLOBREGAT,Baix Llobregat,3,1,0,0,2,1,0,0,1,0,0,0,0,20.0,0.0,0,2,No n'hi ha,-1.0,3,3,0,-1,0,0,0,-1,0,0,0,0,-1,0,1,-1,1,Atropellament,-1,2,2,5,-1,2,0,21.2,1,3,6,27,5
12143,2012,0,2012-09-23,C-55,CARDONA,Bages,3,1,0,0,1,0,0,0,1,0,0,0,0,60.0,0.0,0,1,No n'hi ha,-1.0,3,3,0,0,0,0,0,0,0,0,0,0,0,0,4,-1,1,Caiguda en la via,-1,1,2,4,2,2,0,9.3,0,0,6,23,9
12144,2012,0,2012-09-04,AP-7,SANT CUGAT DEL VALLES,Valles Occidental,3,2,0,2,2,0,0,0,0,1,1,0,0,100.0,0.0,0,-1,No n'hi ha,-1.0,3,3,0,0,0,0,0,0,0,0,0,0,0,0,4,-1,-1,Encalç,-1,1,2,4,-1,2,1,14.34,1,2,1,4,9
12145,2012,1,2012-07-01,SE,BADALONA,Barcelones,3,0,1,0,1,0,0,1,0,0,0,0,0,20.0,0.0,0,2,No n'hi ha,-1.0,3,3,1,-1,1,0,0,-1,0,0,0,0,-1,0,4,-1,1,Caiguda en la via,-1,2,0,5,-1,2,0,14.08,1,0,6,1,7
12146,2012,0,2012-11-10,AP-7,"PAPIOL, EL",Baix Llobregat,3,0,2,0,1,0,0,0,0,1,0,0,0,60.0,0.0,0,2,No n'hi ha,-1.0,1,3,1,0,0,0,0,0,0,0,0,0,0,1,3,-1,1,Xoc contra objecte/obstacle sense sortida prèvia de via,3,1,2,4,2,1,0,4.3,2,4,5,10,11
12147,2012,0,2012-05-18,B-20,CORNELLA DE LLOBREGAT,Baix Llobregat,3,0,1,0,1,0,0,0,1,0,0,0,0,90.0,0.0,0,-1,Sense Especificar,-1.0,3,3,1,0,0,0,0,0,0,0,0,0,0,0,4,-1,-1,Altres,-1,1,2,4,4,2,0,22.0,2,5,4,18,5
12148,2012,0,2012-10-06,AP-7,BASCARA,Alt Emporda,1,0,1,0,1,0,0,0,1,0,0,0,0,120.0,0.0,0,0,No n'hi ha,-1.0,3,3,1,0,0,0,0,0,0,0,0,0,0,0,4,-1,1,Caiguda en la via,-1,1,2,4,1,2,0,8.0,0,0,5,6,10
12149,2012,0,2012-04-12,C-37,"PLA DE SANTA MARIA, EL",Alt Camp,0,0,1,0,1,0,0,0,0,1,0,0,0,80.0,0.0,0,2,No n'hi ha,-1.0,3,3,1,0,0,0,0,0,0,0,0,0,0,0,0,-1,1,Resta sortides de via,-1,1,2,4,2,2,1,7.0,0,1,3,12,4
12150,2012,0,2012-03-05,N-II,SANT ANDREU DE LLAVANERES,Maresme,3,0,1,0,1,0,0,0,0,1,0,0,0,80.0,0.0,0,2,No n'hi ha,-1.0,3,3,1,0,0,0,0,0,0,0,0,0,0,0,4,-1,1,Sortida de via amb xoc o col·lisió,-1,1,2,4,1,2,1,17.45,1,1,0,5,3
12151,2012,0,2012-05-01,CR,BELL-LLOC D'URGELL,Pla d'Urgell,2,1,0,3,1,0,0,0,0,1,0,0,0,40.0,0.0,0,0,No n'hi ha,-1.0,3,3,0,0,1,0,0,0,0,0,0,0,0,0,4,-1,1,Resta sortides de via,-1,1,2,3,0,2,1,16.07,1,1,1,1,5
12152,2012,0,2012-01-31,BV-1031,ODENA,Anoia,3,0,1,4,1,0,0,0,0,1,0,0,0,40.0,0.0,0,0,No n'hi ha,-1.0,3,3,1,0,0,0,0,0,0,0,0,0,0,0,3,-1,1,Resta sortides de via,-1,1,2,4,3,2,1,1.5,2,1,1,31,1
12153,2012,0,2012-06-21,BV-1221,MATADEPERA,Valles Occidental,3,0,1,0,1,0,1,0,0,0,0,0,0,100.0,0.0,0,2,No n'hi ha,-1.0,3,3,1,0,0,0,0,0,0,0,0,0,0,0,4,-1,1,Caiguda en la via,-1,1,2,4,3,2,1,20.3,1,0,3,21,6
12154,2012,0,2012-10-10,C-1413a,RUBI,Valles Occidental,3,0,1,0,1,0,0,0,0,0,1,0,0,100.0,0.0,0,-1,No n'hi ha,-1.0,3,3,1,0,0,0,0,0,0,0,0,0,0,0,4,-1,-1,Resta sortides de via,-1,1,2,3,-1,2,1,14.15,1,1,2,10,10
12155,2012,0,2012-06-28,N-240,"ESPLUGA DE FRANCOLI, L'",Conca de Barbera,0,0,1,3,2,0,0,0,0,2,0,0,0,100.0,0.0,0,2,No n'hi ha,-1.0,3,3,1,0,0,0,0,0,0,0,0,0,0,0,4,-1,1,Envestida (frontal lateral),-1,1,2,4,1,2,1,14.49,1,2,3,28,6
12156,2012,0,2012-06-27,AP-2,SOSES,Segria,2,1,0,4,1,0,0,0,0,1,0,0,0,100.0,0.0,0,2,No n'hi ha,-1.0,3,3,0,0,1,0,0,0,0,0,0,0,0,0,4,-1,1,Resta sortides de via,-1,1,2,4,1,2,1,16.4,1,1,2,27,6
12157,2012,0,2012-10-24,CR,VILADECAVALLS,Valles Occidental,3,0,1,0,1,0,0,0,0,1,0,0,0,30.0,0.0,0,-1,No n'hi ha,-1.0,3,3,1,0,0,0,0,0,0,0,0,0,1,0,5,-1,-1,Sortida de via amb xoc o col·lisió,-1,1,2,3,-1,2,1,22.2,2,1,2,24,10
12158,2012,1,2012-08-03,SE,GRANOLLERS,Valles Oriental,3,0,1,0,2,0,0,0,1,1,0,0,0,50.0,0.0,0,2,No n'hi ha,-1.0,3,3,1,0,0,0,0,0,0,0,0,0,0,1,4,4,1,Col·lisió frontal,2,2,2,5,0,2,1,10.06,0,2,4,3,8
12159,2012,1,2012-03-05,SE,BARCELONA,Barcelones,3,1,0,0,2,1,0,0,0,0,1,0,0,100.0,0.0,0,-1,No n'hi ha,0.0,3,3,0,0,0,0,0,0,0,0,0,0,0,1,4,5,0,Atropellament,2,2,2,5,-1,2,1,9.05,0,3,0,5,3
12160,2012,1,2012-09-07,SE,FRANQUESES DEL VALLE,Valles Oriental,3,1,0,0,1,0,1,0,0,0,0,0,0,30.0,0.0,0,1,No n'hi ha,-1.0,3,3,0,0,0,0,0,0,0,0,0,0,0,0,5,-1,1,Xoc contra objecte/obstacle sense sortida prèvia de via,-1,2,2,5,-1,2,0,21.5,1,4,4,7,9
12161,2012,0,2012-02-21,AP-7,CERDANYOLA DEL VALLES,Valles Occidental,3,0,3,0,3,0,0,0,0,1,2,0,0,100.0,0.0,0,2,No n'hi ha,-1.0,3,3,1,0,0,0,1,0,0,0,0,0,0,0,4,-1,1,Encalç,-1,1,2,4,1,2,1,17.0,1,2,1,21,2
12162,2012,1,2012-08-20,SE,SANT VICENC DE TORELLO,Osona,3,0,1,0,1,0,1,0,0,0,0,0,0,20.0,0.0,0,-1,Sense Especificar,-1.0,3,3,1,0,0,0,0,0,0,0,0,0,0,0,4,-1,-1,Caiguda en la via,-1,2,2,5,4,2,1,9.18,0,0,0,20,8
12163,2012,0,2012-03-04,N-240,ALMACELLES,Segria,2,0,1,0,2,0,0,0,0,2,0,0,0,100.0,0.0,0,-1,No n'hi ha,-1.0,3,3,1,0,0,0,0,0,0,0,0,0,0,0,4,-1,-1,Col·lisió frontal,-1,1,2,4,-1,2,0,7.55,0,2,6,4,3
12164,2012,0,2012-01-22,C-241C,SANT MARTI DE TOUS,Anoia,3,0,1,0,1,0,0,0,1,0,0,0,0,90.0,0.0,0,-1,Sense Especificar,-1.0,3,3,1,0,0,0,0,0,0,0,0,0,0,0,4,-1,-1,Altres,-1,1,2,4,4,2,0,15.46,1,5,6,22,1
12165,2012,0,2012-08-02,C-13,VALLFOGONA DE BALAGUER,Noguera,2,1,0,1,2,0,0,1,0,1,0,0,0,100.0,0.0,0,2,No n'hi ha,-1.0,3,3,0,0,0,0,0,0,0,0,0,0,0,0,4,-1,1,Sortida de via amb xoc o col·lisió,-1,1,2,4,2,2,1,13.48,0,1,3,2,8
12166,2012,0,2012-07-28,CR,MIRALCAMP,Pla d'Urgell,2,0,1,0,1,0,0,1,0,0,0,0,0,60.0,0.0,0,3,No n'hi ha,-1.0,3,3,1,0,0,0,0,0,0,0,0,0,0,0,4,-1,1,Resta sortides de via,-1,1,2,3,0,2,0,12.0,0,1,5,28,7
12167,2012,1,2012-12-01,SE,CORNELLA DE LLOBREGAT,Baix Llobregat,3,0,1,0,2,1,0,0,0,1,0,0,0,20.0,1.0,0,-1,No n'hi ha,-1.0,3,3,1,-1,0,0,0,-1,0,0,0,0,-1,1,5,5,1,Atropellament,1,2,2,5,-1,2,0,0.45,2,3,5,1,12
12168,2012,1,2012-04-17,SE,LLORET DE MAR,Selva,1,0,1,0,1,0,0,0,0,1,0,0,0,100.0,0.0,0,2,No n'hi ha,-1.0,3,3,1,0,0,0,0,0,0,0,0,0,0,0,4,-1,0,Caiguda en la via,-1,2,2,5,0,2,1,15.2,1,0,1,17,4
12169,2012,0,2012-09-29,C-16,SANT CUGAT DEL VALLES,Valles Occidental,3,0,1,0,2,0,0,0,0,1,0,1,0,100.0,0.0,0,2,No n'hi ha,-1.0,3,3,1,0,0,0,0,0,0,0,0,0,0,0,1,-1,0,Encalç,-1,1,2,4,2,2,0,7.45,0,2,5,29,9
12171,2012,1,2012-03-30,SE,TERRASSA,Valles Occidental,3,0,1,0,2,0,0,0,1,1,0,0,0,100.0,0.0,0,-1,No n'hi ha,-1.0,3,3,1,0,0,0,0,0,0,0,0,0,0,0,4,-1,-1,Envestida (frontal lateral),-1,2,2,5,-1,2,1,7.4,0,2,4,30,3
12172,2012,0,2012-03-10,C-25,MANRESA,Bages,3,1,1,1,2,0,0,0,0,2,0,0,0,100.0,0.0,0,0,No n'hi ha,0.0,3,3,0,0,0,0,0,0,1,0,0,0,0,0,3,-1,0,Envestida (frontal lateral),-1,1,2,4,2,2,0,19.18,1,2,5,10,3
12173,2012,1,2012-01-29,SE,BARCELONA,Barcelones,3,0,1,1,2,0,0,0,1,1,0,0,0,30.0,0.0,0,-1,No n'hi ha,-1.0,3,3,1,0,0,0,0,0,0,0,0,0,0,0,5,-1,0,Fregament o col·lisió lateral,-1,2,2,5,-1,2,0,7.4,0,2,6,29,1
12174,2012,1,2012-07-27,SE,VILAFRANCA DEL PENEDES,Alt Penedes,3,0,1,0,2,0,0,0,1,1,0,0,0,20.0,0.0,0,2,No n'hi ha,-1.0,3,3,1,-1,0,0,0,-1,0,0,0,0,0,1,4,2,1,Col·lisió frontal,1,2,2,5,-1,2,0,16.45,1,2,4,27,7