,Year,Area,Date,Road,Municipality Name,County Name,Province Name,Fatalties,Serious Injuries,Light Injuries,Units Involved,Pedestrains Involved,Bicycles Involved,Mopeds Involved,Motorcycles,Light Vehicles Involved,Heavy Vehicles Involved,Other Units Involved,Unspecified Units Involved,Road Speed Limit,Accident with Hit and Run,Fog Presence,Surrounding Environment,Special Lane Presence,Special Traffic Measures,Weather Conditions,Special Road Functions,Severity of Accident,Influence of Fog,Influence of Environment,Influence of Traffic,Influence of Weather,Influence of Wind Intensity,Influence of Lighting,Influence of Special Measures,Influence of Road Objects,Influence of Road Surface,Influence of Visibility,Intersection Characteristics,Lighting Conditions,Traffic Regulation and Priority,Direction of Road,Subtype of Accident,Subtype of Road Section,Subzone within Area,Road Surface Conditions,Type of Road,Road Ownership,Wind Conditions,Day of the Week Grouping,Hour of Day,Time of Day Grouping,Type of Accident,Day Type,Day,Month
12175,2012,1,2012-03-08,SE,AMPOSTA,Montsia,0,1,0,0,1,0,0,0,0,0,1,0,0,100.0,0.0,0,0,No n'hi ha,-1.0,3,3,0,0,0,0,0,0,0,0,0,0,0,0,3,-1,1,Resta sortides de via,-1,2,2,5,0,1,1,19.45,1,1,3,8,3
12176,2012,1,2012-05-04,SE,MANRESA,Bages,3,0,1,1,3,2,1,0,0,0,0,0,0,100.0,0.0,0,2,No n'hi ha,-1.0,3,3,1,0,0,0,0,0,0,0,0,0,0,0,4,-1,1,Atropellament,-1,2,2,5,-1,2,1,12.23,0,3,4,4,5
12177,2012,1,2012-10-30,SE,IGUALADA,Anoia,3,1,0,0,2,1,0,0,0,1,0,0,0,50.0,0.0,0,3,No n'hi ha,-1.0,2,3,0,-1,0,0,0,-1,0,0,0,0,1,1,5,2,1,Atropellament,2,2,0,5,-1,2,1,21.15,1,3,1,30,10
12178,2012,1,2012-02-27,SE,TARRAGONA,Tarragones,0,0,1,0,2,1,0,1,0,0,0,0,0,100.0,0.0,0,2,No n'hi ha,-1.0,3,3,1,0,0,0,0,0,0,0,0,0,0,0,4,-1,0,Atropellament,-1,2,2,5,-1,2,1,12.55,0,3,0,27,2
12179,2012,1,2012-01-17,SE,LLORET DE MAR,Selva,1,0,1,0,2,0,0,0,1,1,0,0,0,100.0,0.0,0,1,No n'hi ha,-1.0,3,3,1,0,0,0,1,0,0,0,0,0,0,1,4,4,0,Caiguda en la via,1,2,2,5,-1,2,1,11.15,0,0,1,17,1
12180,2012,0,2012-01-24,GI-531,SANT GREGORI,Girones,1,0,1,2,1,0,0,0,0,1,0,0,0,100.0,0.0,0,0,No n'hi ha,-1.0,3,3,1,0,0,0,0,0,0,0,0,0,0,0,4,-1,1,Resta sortides de via,-1,1,2,4,2,2,1,9.42,0,1,1,24,1
12181,2012,0,2012-09-29,C-1412b,TREMP,Pallars Jussa,2,0,2,2,1,0,0,0,0,1,0,0,0,100.0,0.0,0,0,No n'hi ha,-1.0,1,3,1,0,0,0,1,0,0,0,0,0,0,0,3,-1,1,Resta sortides de via,-1,1,0,4,2,2,0,18.5,1,1,5,29,9
12182,2012,0,2012-04-27,C-17,CENTELLES,Osona,3,0,1,1,2,0,0,0,0,1,1,0,0,100.0,0.0,0,0,No n'hi ha,-1.0,3,3,1,0,0,0,0,0,0,0,0,0,1,0,4,-1,1,Encalç,-1,1,2,4,2,2,1,11.3,0,2,4,27,4
12183,2012,1,2012-12-16,SE,VIC,Osona,3,0,2,1,1,0,0,0,0,1,0,0,0,100.0,0.0,0,2,No n'hi ha,-1.0,3,3,1,0,0,0,0,0,0,0,0,0,0,0,5,-1,1,Resta sortides de via,-1,2,2,5,-1,2,0,5.5,2,1,6,16,12
12184,2012,1,2012-10-23,SE,HOSPITALET DE LLOBREGAT,Barcelones,3,0,1,0,2,1,0,0,0,1,0,0,0,20.0,0.0,0,2,Habilitació voral/carril addicional,-1.0,3,3,1,-1,0,0,0,-1,0,0,0,0,-1,0,1,-1,0,Atropellament,-1,2,2,5,-1,2,1,21.16,1,3,1,23,10
12185,2012,0,2012-05-01,N-141c,MOIA,Moianès,3,0,1,1,1,0,0,0,0,1,0,0,0,30.0,0.0,0,0,No n'hi ha,-1.0,3,3,1,0,0,0,0,0,0,0,0,0,0,0,1,-1,1,Sortida de via amb xoc o col·lisió,-1,1,2,3,4,2,1,20.15,1,1,1,1,5
12186,2012,1,2012-04-20,SE,GRANOLLERS,Valles Oriental,3,1,0,0,2,0,0,0,1,1,0,0,0,100.0,0.0,0,2,No n'hi ha,-1.0,3,3,0,0,0,0,0,0,0,0,0,0,0,1,5,5,1,Envestida (frontal lateral),2,2,2,5,-1,2,1,0.15,2,2,4,20,4
12187,2012,0,2012-11-01,C-1413B,SANT QUIRZE SAFAJA,Moianès,3,0,1,0,1,0,1,0,0,0,0,0,0,100.0,0.0,0,1,No n'hi ha,-1.0,3,3,1,0,0,0,0,0,0,0,0,0,0,0,4,-1,1,Caiguda en la via,-1,1,2,4,3,2,1,11.3,0,0,3,1,11
12188,2012,1,2012-03-03,SE,BADALONA,Barcelones,3,0,1,0,1,0,0,0,1,0,0,0,0,20.0,0.0,0,-1,No n'hi ha,-1.0,3,3,1,0,0,0,0,0,0,0,0,0,0,1,1,4,-1,Caiguda en la via,1,2,2,5,-1,2,0,18.3,1,0,5,3,3
12189,2012,1,2012-12-15,SE,BARCELONA,Barcelones,3,0,1,0,1,0,0,0,1,0,0,0,0,100.0,0.0,0,-1,No n'hi ha,-1.0,3,3,1,0,0,0,0,0,0,0,0,0,0,0,5,-1,1,Caiguda en la via,-1,2,0,5,-1,2,0,6.02,0,0,5,15,12
12190,2012,0,2012-09-19,N-340,SANT VICENC DELS HORTS,Baix Llobregat,3,0,1,0,1,0,0,0,1,0,0,0,0,60.0,0.0,0,2,No n'hi ha,-1.0,1,3,1,0,0,0,0,0,0,0,1,0,0,0,3,-1,1,Caiguda en la via,-1,1,2,4,1,2,1,4.4,2,0,2,19,9
12191,2012,0,2012-03-18,A-2,GOLMES,Pla d'Urgell,2,1,0,0,1,0,0,0,0,1,0,0,0,100.0,0.0,0,2,No n'hi ha,-1.0,3,3,0,0,0,0,0,0,0,0,0,0,0,0,3,-1,1,Resta sortides de via,-1,1,2,4,1,2,0,5.43,2,1,6,18,3
12192,2012,1,2012-03-04,SE,BARCELONA,Barcelones,3,0,1,0,2,0,0,0,1,1,0,0,0,100.0,0.0,0,-1,No n'hi ha,-1.0,3,3,1,0,0,0,0,0,0,0,0,0,0,1,4,3,0,Envestida (frontal lateral),2,2,2,5,-1,2,0,17.49,1,2,6,4,3
12193,2012,1,2012-03-30,SE,OLOT,Garrotxa,1,0,1,0,2,0,0,0,1,1,0,0,0,100.0,0.0,0,2,No n'hi ha,-1.0,3,3,1,0,0,0,0,0,0,0,0,0,0,1,4,4,1,Envestida (frontal lateral),2,2,2,5,-1,2,0,15.15,1,2,4,30,3
12194,2012,1,2012-06-23,SE,SABADELL,Valles Occidental,3,0,1,0,1,0,0,0,1,0,0,0,0,100.0,0.0,0,1,No n'hi ha,-1.0,3,3,1,0,0,0,0,0,0,0,0,0,0,0,4,-1,1,Resta sortides de via,-1,2,2,5,0,2,0,14.09,1,1,5,23,6
12195,2012,1,2012-12-30,SE,CORNELLA DE LLOBREGAT,Baix Llobregat,3,0,1,1,2,0,0,0,1,1,0,0,0,20.0,0.0,0,-1,No n'hi ha,-1.0,3,3,1,-1,0,0,0,-1,0,0,0,0,-1,1,5,3,0,Envestida (frontal lateral),1,2,2,5,-1,2,0,19.4,1,2,6,30,12
12196,2012,0,2012-12-08,CR,COLL DE NARGO,Alt Urgell,2,0,1,0,1,0,0,0,0,0,0,1,0,100.0,0.0,0,1,No n'hi ha,-1.0,3,3,1,0,0,0,0,0,0,0,0,1,0,0,4,-1,1,Xoc contra objecte/obstacle sense sortida prèvia de via,-1,1,0,3,0,2,0,15.22,1,4,5,8,12
12197,2012,0,2012-04-05,C-14,VERDU,Urgell,2,0,2,2,1,0,0,0,0,1,0,0,0,100.0,0.0,0,1,No n'hi ha,-1.0,3,3,1,0,0,0,0,0,1,0,0,0,0,0,1,-1,1,Sortida de via amb xoc o col·lisió,-1,1,2,4,2,2,1,19.06,1,1,3,5,4
12198,2012,1,2012-05-28,SE,BARCELONA,Barcelones,3,0,1,0,2,1,0,0,0,1,0,0,0,100.0,0.0,0,-1,No n'hi ha,-1.0,3,3,1,0,0,0,0,0,0,0,0,0,0,1,4,3,1,Atropellament,2,2,2,5,-1,2,1,16.1,1,3,0,28,5
12199,2012,0,2012-01-28,CR,LLEIDA,Segria,2,0,1,0,1,0,0,1,0,0,0,0,0,50.0,0.0,0,2,No n'hi ha,-1.0,3,3,1,0,0,0,0,0,1,0,0,0,1,0,4,-1,1,Sortida de via amb bolcada,-1,1,2,3,0,2,0,17.49,1,1,5,28,1
12200,2012,0,2012-06-01,CR,ALMENAR,Segria,2,0,1,0,1,0,0,0,0,0,1,0,0,100.0,0.0,0,3,No n'hi ha,-1.0,3,3,1,0,0,0,0,0,0,0,0,0,0,0,3,-1,1,Resta sortides de via,-1,1,2,3,4,2,0,23.4,2,1,4,1,6
12201,2012,1,2012-06-02,SE,TORTOSA,Baix Ebre,0,0,1,0,2,0,0,0,1,1,0,0,0,100.0,0.0,0,2,No n'hi ha,-1.0,3,3,1,0,0,0,0,0,0,0,0,0,0,1,5,5,1,Col·lisió frontal,-1,2,2,5,-1,2,0,21.45,1,2,5,2,6
12202,2012,0,2012-03-28,C-13,VILANOVA DE LA BARCA,Segria,2,0,1,0,1,0,0,0,0,0,1,0,0,90.0,0.0,0,-1,Sense Especificar,-1.0,3,3,1,0,0,0,0,0,0,0,0,0,0,0,4,-1,-1,Resta sortides de via,-1,1,2,4,4,2,1,17.44,1,1,2,28,3
12203,2012,1,2012-05-16,SE,CAMBRILS,Baix Camp,0,0,1,0,2,0,0,0,1,1,0,0,0,100.0,0.0,0,2,No n'hi ha,-1.0,3,3,1,0,0,0,0,0,0,0,0,0,0,0,4,-1,1,Envestida (frontal lateral),-1,2,2,5,0,2,1,7.45,0,2,2,16,5
12204,2012,0,2012-07-14,C-243C,CASTELLBISBAL,Valles Occidental,3,0,1,0,1,0,0,0,1,0,0,0,0,100.0,0.0,0,1,No n'hi ha,-1.0,3,3,1,0,0,0,0,0,0,0,1,0,0,0,3,-1,1,Xoc contra objecte/obstacle sense sortida prèvia de via,-1,1,2,4,3,2,0,5.45,2,4,5,14,7
12205,2012,0,2012-11-01,CR,CASTELLVI DE LA MARC,Alt Penedes,3,0,1,0,1,0,0,0,1,0,0,0,0,100.0,0.0,0,0,Carril acceleració,-1.0,3,3,1,0,0,0,0,0,0,0,1,0,0,0,4,-1,1,Xoc contra objecte/obstacle sense sortida prèvia de via,-1,1,0,3,-1,2,1,10.15,0,4,3,1,11
12206,2012,0,2012-08-25,AP-7,BANYERES DEL PENEDES,Baix Penedes,0,0,1,0,1,0,0,0,0,1,0,0,0,90.0,0.0,0,-1,Sense Especificar,-1.0,3,3,1,0,0,0,0,0,0,0,0,0,0,0,4,-1,-1,Resta sortides de via,-1,1,2,4,4,2,0,19.03,1,1,5,25,8
12207,2012,0,2012-11-09,AP-7,CASTELLET I LA GORNA,Alt Penedes,3,0,1,2,2,0,0,0,0,1,1,0,0,100.0,0.0,0,2,No n'hi ha,-1.0,3,3,1,0,0,0,0,0,1,0,0,0,0,0,3,-1,1,Encalç,-1,1,2,4,1,2,1,1.3,2,2,4,9,11
12208,2012,1,2012-07-20,SE,SANT BOI DE LLOBREGAT,Baix Llobregat,3,0,1,1,2,0,0,1,0,1,0,0,0,100.0,0.0,0,-1,No n'hi ha,-1.0,3,3,1,0,0,0,0,0,0,0,0,0,0,0,4,-1,-1,Envestida (frontal lateral),-1,2,2,5,-1,2,1,13.0,0,2,4,20,7
12209,2012,1,2012-05-17,SE,BARCELONA,Barcelones,3,1,0,2,2,0,0,0,1,1,0,0,0,100.0,0.0,0,-1,No n'hi ha,-1.0,3,3,0,0,0,0,0,0,0,0,0,0,0,0,5,-1,1,Col·lisió frontal,-1,2,2,5,-1,2,1,22.0,2,2,3,17,5
12210,2012,1,2012-01-23,SE,TERRASSA,Valles Occidental,3,0,1,0,2,0,1,0,0,1,0,0,0,100.0,0.0,0,-1,No n'hi ha,-1.0,3,3,1,0,0,0,0,0,0,0,0,0,0,0,4,-1,-1,Envestida (frontal lateral),-1,2,2,5,-1,2,1,16.05,1,2,0,23,1
12211,2012,1,2012-07-14,SE,CASTELLO D'EMPURIES,Alt Emporda,1,1,0,0,1,0,0,0,0,1,0,0,0,20.0,0.0,0,3,No n'hi ha,-1.0,3,3,0,-1,0,0,0,-1,0,0,0,0,0,0,4,-1,-1,Xoc contra objecte/obstacle sense sortida prèvia de via,-1,2,2,5,-1,2,0,14.0,1,4,5,14,7
12212,2012,0,2012-07-06,C-12,ALDOVER,Baix Ebre,0,0,1,0,1,0,0,0,1,0,0,0,0,90.0,0.0,0,-1,Sense Especificar,-1.0,3,3,1,0,0,0,0,0,0,0,0,0,0,0,4,-1,-1,Xoc contra objecte/obstacle sense sortida prèvia de via,-1,1,2,4,4,2,1,5.5,2,4,4,6,7
12213,2012,0,2012-01-14,C-243C,CASTELLBISBAL,Valles Occidental,3,0,1,2,2,0,0,0,0,2,0,0,0,100.0,0.0,0,0,No n'hi ha,-1.0,3,3,1,0,0,0,0,0,0,0,0,0,0,0,4,-1,1,Sortida de via amb xoc o col·lisió,-1,1,2,4,2,2,0,11.15,0,1,5,14,1
12214,2012,0,2012-12-06,A-2,VILAGRASSA,Urgell,2,0,2,1,2,0,0,0,0,0,2,0,0,40.0,0.0,0,3,Carril d'alentiment,-1.0,3,3,1,0,0,0,0,0,0,0,0,0,0,2,4,4,0,Encalç,3,1,2,4,1,2,1,7.46,0,2,3,6,12
12215,2012,0,2012-08-20,AP-7,CASTELLBISBAL,Valles Occidental,3,0,1,3,1,0,0,0,0,1,0,0,0,100.0,0.0,0,3,No n'hi ha,-1.0,3,3,1,0,0,0,0,0,0,0,0,0,0,0,4,-1,1,Xoc contra objecte/obstacle sense sortida prèvia de via,-1,1,2,4,1,2,1,12.35,0,4,0,20,8
12216,2012,1,2012-01-10,SE,REUS,Baix Camp,0,0,1,0,2,1,0,0,0,1,0,0,0,100.0,0.0,0,-1,No n'hi ha,-1.0,3,3,1,0,0,0,0,0,0,0,0,0,0,0,4,-1,-1,Atropellament,-1,2,2,5,-1,2,1,10.15,0,3,1,10,1
12217,2012,0,2012-05-05,CR,OLIVELLA,Garraf,3,0,1,1,1,0,0,0,0,0,0,1,0,100.0,0.0,0,0,No n'hi ha,-1.0,3,3,1,0,0,0,0,0,0,0,0,0,0,0,4,-1,1,Altres,-1,1,2,3,0,2,0,19.3,1,5,5,5,5
12218,2012,1,2012-02-25,SE,BARCELONA,Barcelones,3,0,1,0,2,0,0,1,0,1,0,0,0,100.0,0.0,0,-1,No n'hi ha,-1.0,3,3,1,0,0,0,0,0,0,0,0,0,0,1,5,3,0,Envestida (frontal lateral),2,2,2,5,-1,2,0,5.0,2,2,5,25,2
12219,2012,1,2012-06-13,SE,MORA D'EBRE,Ribera d'Ebre,0,0,1,0,1,0,0,1,0,0,0,0,0,100.0,0.0,0,2,No n'hi ha,-1.0,3,3,1,0,0,0,0,0,0,0,1,0,0,2,4,4,1,Caiguda en la via,0,2,2,5,-1,2,1,11.52,0,0,2,13,6
12220,2012,0,2012-07-30,TV-3148,VILA-SECA,Tarragones,0,0,1,0,2,0,0,0,1,1,0,0,0,90.0,0.0,0,-1,Sense Especificar,-1.0,3,3,1,0,0,0,0,0,0,0,0,0,0,0,4,-1,-1,Envestida (frontal lateral),-1,1,2,4,4,2,1,0.19,2,2,0,30,7
12221,2012,1,2012-08-09,SE,TERRASSA,Valles Occidental,3,0,1,0,1,0,0,1,0,0,0,0,0,100.0,0.0,0,2,No n'hi ha,-1.0,3,3,1,0,0,0,0,0,0,0,0,0,0,0,5,-1,0,Caiguda en la via,-1,2,2,5,-1,2,1,23.45,2,0,3,9,8
12222,2012,1,2012-10-29,SE,FIGUERES,Alt Emporda,1,0,1,0,2,1,0,0,0,1,0,0,0,100.0,0.0,0,2,No n'hi ha,-1.0,3,3,1,0,0,0,0,0,0,0,0,0,0,0,4,-1,1,Atropellament,-1,2,2,5,-1,2,1,17.0,1,3,0,29,10
12223,2012,0,2012-07-22,B-212,SANT JAUME DELS DOMENYS,Baix Penedes,0,0,1,0,1,0,0,0,1,0,0,0,0,90.0,0.0,0,-1,Sense Especificar,-1.0,3,3,1,0,0,0,0,0,0,0,0,0,0,0,4,-1,-1,Altres,-1,1,2,4,4,2,0,12.18,0,5,6,22,7
12224,2012,0,2012-10-15,AP-7,VILAFRANCA DEL PENEDES,Alt Penedes,3,0,1,1,1,0,0,0,0,0,1,0,0,100.0,0.0,0,2,Carril acceleració,-1.0,3,3,1,0,0,0,0,0,0,0,0,0,0,2,4,4,1,Caiguda en la via,3,1,2,4,1,2,1,10.27,0,0,0,15,10
12225,2012,0,2012-11-18,C-61,VALLGORGUINA,Valles Oriental,3,0,1,2,1,0,0,0,0,1,0,0,0,100.0,0.0,0,0,No n'hi ha,-1.0,1,3,1,0,0,0,0,0,0,0,0,0,0,0,1,-1,1,Sortida de via amb bolcada,-1,1,0,4,4,2,0,16.41,1,1,6,18,11
12226,2012,0,2012-03-24,C-462,SOLSONA,Solsones,2,0,1,0,1,0,0,0,1,0,0,0,0,60.0,0.0,0,3,No n'hi ha,-1.0,3,2,1,0,0,0,0,0,0,0,0,0,0,0,4,-1,1,Sortida de via amb xoc o col·lisió,-1,1,2,3,3,2,0,10.0,0,1,5,24,3
12227,2012,1,2012-01-02,SE,SABADELL,Valles Occidental,3,0,1,0,2,1,0,0,0,1,0,0,0,100.0,0.0,0,-1,No n'hi ha,-1.0,3,3,1,0,0,0,0,0,0,0,0,0,0,0,4,-1,-1,Atropellament,-1,2,2,5,-1,2,1,12.34,0,3,0,2,1
12228,2012,0,2012-12-06,C-252,VILAJUIGA,Alt Emporda,1,0,1,1,2,0,0,0,0,1,0,1,0,80.0,0.0,0,2,No n'hi ha,-1.0,3,3,1,0,0,0,0,0,0,0,0,0,0,1,4,4,1,Encalç,1,1,2,4,2,2,1,10.08,0,2,3,6,12
12229,2012,0,2012-04-10,N-II,PREMIA DE MAR,Maresme,3,0,1,0,2,0,0,0,1,1,0,0,0,90.0,0.0,0,-1,Sense Especificar,-1.0,3,3,1,0,0,0,0,0,0,0,0,0,0,0,4,-1,-1,Fregament o col·lisió lateral,-1,1,2,4,4,2,1,20.03,1,2,1,10,4
12230,2012,1,2012-07-02,SE,SABADELL,Valles Occidental,3,0,1,0,2,0,0,0,1,1,0,0,0,100.0,0.0,0,-1,No n'hi ha,-1.0,3,3,1,0,0,0,0,0,0,0,0,0,0,0,4,-1,-1,Caiguda en la via,-1,2,2,5,-1,2,1,11.25,0,0,0,2,7
12231,2012,0,2012-07-08,N-141c,MOIA,Moianès,3,0,1,0,1,0,0,0,1,0,0,0,0,100.0,0.0,0,2,No n'hi ha,-1.0,3,3,1,0,0,0,0,0,0,0,0,0,0,0,4,-1,1,Resta sortides de via,-1,1,2,4,1,2,0,13.08,0,1,6,8,7
12232,2012,1,2012-05-16,SE,SANT BOI DE LLOBREGAT,Baix Llobregat,3,0,1,0,2,0,1,0,0,1,0,0,0,100.0,0.0,0,2,No n'hi ha,-1.0,3,3,1,0,0,0,0,0,0,0,0,0,0,0,4,-1,0,Envestida (frontal lateral),-1,2,2,5,-1,2,1,19.17,1,2,2,16,5
12233,2012,0,2012-06-02,C-58,MONTCADA I REIXAC,Valles Occidental,3,0,1,0,1,0,0,0,0,1,0,0,0,80.0,0.0,0,2,No n'hi ha,0.0,3,3,1,0,0,0,0,0,0,0,0,0,0,0,1,-1,1,Sortida de via amb xoc o col·lisió,-1,1,2,4,2,2,0,6.08,0,1,5,2,6
12234,2012,0,2012-07-08,AL,SABADELL,Valles Occidental,3,1,0,1,2,1,0,0,1,0,0,0,0,100.0,0.0,0,-1,No n'hi ha,-1.0,3,3,0,0,0,0,0,0,0,0,0,0,0,0,4,-1,-1,Altres,-1,1,2,4,-1,2,0,22.51,2,5,6,8,7
12235,2012,1,2012-09-19,SE,TARRAGONA,Tarragones,0,0,1,0,1,0,0,1,0,0,0,0,0,20.0,0.0,0,2,No n'hi ha,-1.0,3,3,1,-1,0,0,0,-1,0,0,0,0,-1,0,5,-1,1,Sortida de via amb bolcada,-1,2,2,5,-1,2,1,7.0,0,1,2,19,9
12236,2012,1,2012-09-09,SE,BARCELONA,Barcelones,3,0,1,0,2,0,0,0,1,1,0,0,0,100.0,0.0,0,-1,No n'hi ha,-1.0,3,3,1,0,0,0,0,0,0,0,0,0,0,1,5,4,0,Envestida (frontal lateral),2,2,2,5,-1,2,0,23.4,2,2,6,9,9
12237,2012,1,2012-03-24,SE,BADALONA,Barcelones,3,0,1,0,2,1,0,0,0,0,1,0,0,20.0,0.0,0,-1,No n'hi ha,-1.0,3,3,1,-1,0,0,0,-1,0,0,0,0,-1,0,5,-1,1,Atropellament,-1,2,2,5,-1,2,0,19.2,1,3,5,24,3
12238,2012,0,2012-09-17,AP-7,TARRAGONA,Tarragones,0,0,1,0,1,0,0,0,1,0,0,0,0,120.0,0.0,0,1,No n'hi ha,-1.0,3,3,1,0,0,0,0,0,0,0,0,0,0,0,4,-1,0,Resta sortides de via,-1,1,2,4,1,2,1,11.08,0,1,0,17,9
12239,2012,0,2012-02-24,B-10,HOSPITALET DE LLOBREGAT,Barcelones,3,0,1,0,3,0,0,0,1,2,0,0,0,100.0,0.0,0,0,No n'hi ha,-1.0,3,0,1,0,0,1,0,0,0,0,0,0,0,0,4,-1,1,Fregament o col·lisió lateral,-1,1,2,4,3,2,0,15.45,1,2,4,24,2
12240,2012,1,2012-03-09,SE,BARCELONA,Barcelones,3,0,1,0,2,0,1,0,0,1,0,0,0,100.0,0.0,0,-1,No n'hi ha,-1.0,3,3,1,0,0,0,0,0,0,0,0,0,0,0,4,-1,0,Envestida (frontal lateral),-1,2,2,5,-1,2,0,18.0,1,2,4,9,3
12241,2012,0,2012-11-11,C-59,SANT QUIRZE SAFAJA,Moianès,3,0,2,0,2,0,0,0,0,2,0,0,0,60.0,0.0,0,3,No n'hi ha,-1.0,3,3,1,0,0,0,0,0,0,0,0,0,0,0,3,-1,1,Altres,-1,1,2,4,2,2,0,18.23,1,5,6,11,11
12242,2012,1,2012-07-07,SE,LLORET DE MAR,Selva,1,0,1,0,1,0,0,0,1,0,0,0,0,100.0,0.0,0,2,No n'hi ha,-1.0,3,3,1,0,0,0,0,0,0,0,0,0,0,0,5,-1,1,Caiguda en la via,-1,2,2,5,0,2,0,3.21,2,0,5,7,7
12243,2012,0,2012-01-08,C-241C,SANT MARTI DE TOUS,Anoia,3,0,1,0,1,0,0,0,1,0,0,0,0,90.0,0.0,0,-1,Sense Especificar,-1.0,3,3,1,0,0,0,0,0,0,0,0,0,0,0,4,-1,-1,Resta sortides de via,-1,1,2,4,4,2,0,10.23,0,1,6,8,1
12244,2012,1,2012-12-20,SE,LLORET DE MAR,Selva,1,0,1,0,2,0,0,1,0,1,0,0,0,30.0,0.0,0,2,No n'hi ha,-1.0,3,3,1,0,1,0,0,0,0,0,0,0,0,0,4,-1,1,Col·lisió frontal,-1,2,2,5,-1,2,1,16.3,1,2,3,20,12
12245,2012,1,2012-07-01,SE,ESPLUGUES DE LLOBREGAT,Baix Llobregat,3,0,1,1,1,0,0,0,1,0,0,0,0,20.0,0.0,0,2,No n'hi ha,-1.0,1,1,1,-1,0,0,0,-1,0,0,0,0,-1,0,2,-1,1,Caiguda en la via,-1,0,0,5,-1,2,0,11.4,0,0,6,1,7
12246,2012,0,2012-09-27,LV-3027,PENELLES,Noguera,2,0,1,0,1,0,0,0,0,1,0,0,0,100.0,0.0,0,2,No n'hi ha,-1.0,3,3,1,0,0,0,0,0,0,0,0,0,0,0,4,-1,1,Resta sortides de via,-1,1,2,3,0,2,1,11.4,0,1,3,27,9
12247,2012,0,2012-02-09,BV-2421,"PALMA DE CERVELLO, LA",Baix Llobregat,3,1,1,0,2,0,0,1,0,1,0,0,0,100.0,0.0,0,-1,No n'hi ha,-1.0,3,3,0,0,0,0,0,0,0,0,0,0,0,0,4,-1,-1,Col·lisió frontal,-1,1,2,4,-1,2,1,17.35,1,2,3,9,2
12248,2012,1,2012-10-05,SE,"VENDRELL, EL",Baix Penedes,0,0,1,0,2,0,1,0,0,1,0,0,0,40.0,0.0,0,-1,No n'hi ha,-1.0,3,3,1,-1,0,0,0,-1,0,0,0,0,0,0,4,-1,1,Encalç,-1,2,2,5,-1,2,1,10.47,0,2,4,5,10
12249,2013,0,2013-01-25,C-153,VIC,Osona,3,0,1,0,2,1,0,0,0,1,0,0,0,100.0,0.0,0,2,No n'hi ha,-1.0,3,3,1,0,0,0,0,0,0,0,0,0,0,1,0,5,1,Atropellament,2,1,2,4,3,2,0,22.35,2,3,4,25,1
12250,2013,0,2013-01-11,B-30,BARBERA DEL VALLES,Valles Occidental,3,0,1,0,1,0,0,0,1,0,0,0,0,60.0,0.0,0,3,No n'hi ha,-1.0,3,3,1,0,0,0,0,0,0,0,0,0,0,0,1,-1,0,Caiguda en la via,-1,1,2,1,2,2,1,7.35,0,0,4,11,1
12251,2013,0,2013-04-28,C-55,CASTELLBELL I EL VIL,Bages,3,0,1,1,1,0,0,0,0,1,0,0,0,60.0,0.0,0,2,No n'hi ha,-1.0,1,3,1,0,0,0,1,0,0,0,0,0,0,0,4,-1,1,Altres,-1,1,2,4,2,1,0,15.53,1,5,6,28,4
12252,2013,1,2013-05-23,SE,REUS,Baix Camp,0,1,0,0,1,0,0,0,1,0,0,0,0,40.0,0.0,0,2,No n'hi ha,-1.0,3,3,0,0,0,0,0,0,0,0,0,0,0,0,4,-1,1,Xoc contra objecte/obstacle sense sortida prèvia de via,-1,2,2,5,0,2,1,19.0,1,4,3,23,5
12253,2013,0,2013-06-13,BV-2115,CUBELLES,Garraf,3,0,1,1,1,0,0,1,0,0,0,0,0,100.0,0.0,0,0,No n'hi ha,-1.0,3,3,1,0,0,0,0,0,0,0,0,0,0,0,4,-1,1,Caiguda en la via,-1,1,2,4,3,2,1,19.3,1,0,3,13,6
12254,2013,0,2013-05-11,CR,CASTELL DE MUR,Pallars Jussa,2,0,1,0,1,0,0,0,1,0,0,0,0,40.0,0.0,0,1,No n'hi ha,-1.0,3,3,1,0,0,0,0,0,0,0,0,0,0,0,4,-1,1,Resta sortides de via,-1,1,2,3,0,1,0,13.35,0,1,5,11,5
12255,2013,1,2013-06-10,SE,TERRASSA,Valles Occidental,3,0,1,0,2,1,0,0,0,1,0,0,0,100.0,0.0,0,-1,No n'hi ha,-1.0,3,3,1,0,0,0,0,0,0,0,0,0,0,0,4,-1,-1,Atropellament,-1,2,2,5,-1,2,1,13.3,0,3,0,10,6
12256,2013,0,2013-03-12,C-66,BANYOLES,Pla de l'Estany,1,0,2,0,2,0,0,0,0,2,0,0,0,80.0,0.0,0,3,No n'hi ha,-1.0,2,3,1,0,0,0,1,0,0,0,0,0,0,0,2,-1,1,Col·lisió frontal,-1,1,2,4,2,2,1,18.3,1,2,1,12,3
12257,2013,1,2013-04-18,SE,CAMBRILS,Baix Camp,0,0,1,0,2,0,1,0,0,1,0,0,0,100.0,0.0,0,-1,No n'hi ha,-1.0,3,3,1,0,0,0,0,0,0,0,0,0,0,0,4,-1,-1,Fregament o col·lisió lateral,-1,2,2,5,-1,2,1,8.39,0,2,3,18,4