,Year,Area,Date,Road,Municipality Name,County Name,Province Name,Fatalties,Serious Injuries,Light Injuries,Units Involved,Pedestrains Involved,Bicycles Involved,Mopeds Involved,Motorcycles,Light Vehicles Involved,Heavy Vehicles Involved,Other Units Involved,Unspecified Units Involved,Road Speed Limit,Accident with Hit and Run,Fog Presence,Surrounding Environment,Special Lane Presence,Special Traffic Measures,Weather Conditions,Special Road Functions,Severity of Accident,Influence of Fog,Influence of Environment,Influence of Traffic,Influence of Weather,Influence of Wind Intensity,Influence of Lighting,Influence of Special Measures,Influence of Road Objects,Influence of Road Surface,Influence of Visibility,Intersection Characteristics,Lighting Conditions,Traffic Regulation and Priority,Direction of Road,Subtype of Accident,Subtype of Road Section,Subzone within Area,Road Surface Conditions,Type of Road,Road Ownership,Wind Conditions,Day of the Week Grouping,Hour of Day,Time of Day Grouping,Type of Accident,Day Type,Day,Month
12258,2013,0,2013-03-03,C-242,CORNUDELLA DE MONTSANT,Priorat,0,0,3,0,1,0,0,0,0,1,0,0,0,100.0,0.0,0,2,No n'hi ha,-1.0,3,3,1,0,0,0,0,0,0,0,0,0,0,0,4,-1,1,Xoc contra objecte/obstacle sense sortida prèvia de via,-1,1,2,4,2,2,0,16.15,1,4,6,3,3
12259,2013,1,2013-07-15,SE,GRANOLLERS,Valles Oriental,3,0,1,2,3,0,0,0,0,3,0,0,0,100.0,0.0,0,2,No n'hi ha,-1.0,3,3,1,0,0,0,0,0,0,0,0,0,0,0,4,-1,1,Envestida (frontal lateral),-1,2,2,5,-1,2,1,11.35,0,2,0,15,7
12260,2013,1,2013-06-21,SE,SANT CUGAT DEL VALLES,Valles Occidental,3,0,1,0,1,0,0,1,0,0,0,0,0,20.0,0.0,0,-1,No n'hi ha,-1.0,3,3,1,0,-1,0,0,0,0,0,0,0,0,1,4,4,-1,Caiguda en la via,0,2,1,5,-1,2,0,15.47,1,0,4,21,6
12261,2013,0,2013-09-01,C-14,TARREGA,Urgell,2,0,1,0,1,0,0,0,0,1,0,0,0,40.0,0.0,0,2,No n'hi ha,-1.0,3,3,1,0,1,0,0,0,0,0,0,0,0,1,5,4,1,Xoc contra objecte/obstacle sense sortida prèvia de via,0,1,2,4,2,2,0,4.2,2,4,6,1,9
12262,2013,1,2013-06-07,SE,BARCELONA,Barcelones,3,0,1,0,1,0,1,0,0,0,0,0,0,100.0,0.0,0,-1,No n'hi ha,-1.0,3,3,1,0,0,0,0,0,0,0,0,0,0,0,4,-1,1,Xoc contra objecte/obstacle sense sortida prèvia de via,-1,2,2,5,-1,2,1,12.4,0,4,4,7,6
12263,2013,0,2013-10-02,C-14,ORGANYA,Alt Urgell,2,0,1,0,1,0,0,0,1,0,0,0,0,100.0,0.0,0,1,No n'hi ha,-1.0,3,3,1,0,0,0,0,0,0,0,0,0,0,0,4,-1,1,Xoc contra objecte/obstacle sense sortida prèvia de via,-1,1,2,4,2,2,1,15.2,1,4,2,2,10
12264,2013,0,2013-08-08,C-1412b,ISONA I CONCA DELLA,Pallars Jussa,2,0,1,0,1,0,0,0,0,1,0,0,0,90.0,0.0,0,-1,Sense Especificar,-1.0,3,3,1,0,0,0,0,0,0,0,0,0,0,0,4,-1,-1,Resta sortides de via,-1,1,2,4,4,2,1,16.36,1,1,3,8,8
12265,2013,1,2013-03-25,SE,BARCELONA,Barcelones,3,0,1,1,2,1,0,0,1,0,0,0,0,100.0,0.0,0,-1,No n'hi ha,-1.0,3,3,1,0,0,0,0,0,0,0,0,0,0,0,4,-1,1,Atropellament,-1,2,2,5,-1,2,1,17.0,1,3,0,25,3
12266,2013,1,2013-12-18,SE,GIRONA,Girones,1,0,1,0,1,0,1,0,0,0,0,0,0,20.0,0.0,0,-1,No n'hi ha,-1.0,3,3,1,0,0,0,0,0,0,0,0,0,0,1,4,2,-1,Caiguda en la via,2,2,0,5,-1,2,1,11.01,0,0,2,18,12
12267,2013,0,2013-09-19,AP-2,"PAPIOL, EL",Baix Llobregat,3,0,1,0,2,0,0,0,1,1,0,0,0,100.0,0.0,0,2,No n'hi ha,-1.0,3,3,1,0,0,0,0,0,0,0,0,0,0,0,5,-1,1,Fregament o col·lisió lateral,-1,1,2,2,1,2,1,21.37,1,2,3,19,9
12268,2013,0,2013-11-18,N-340,AVINYONET DEL PENEDES,Alt Penedes,3,0,3,0,2,0,0,0,0,2,0,0,0,100.0,0.0,0,3,No n'hi ha,-1.0,1,3,1,0,0,0,0,0,0,0,0,0,0,0,2,-1,1,Col·lisió frontal,-1,1,2,4,1,1,1,15.5,1,2,0,18,11
12269,2013,1,2013-09-26,SE,TERRASSA,Valles Occidental,3,0,1,0,1,0,0,0,1,0,0,0,0,100.0,0.0,0,-1,No n'hi ha,-1.0,3,3,1,0,0,0,0,0,0,0,0,0,0,0,4,-1,-1,Altres,-1,2,2,5,-1,2,1,0.55,2,5,3,26,9
12270,2013,0,2013-12-26,A-2,PALLEJA,Baix Llobregat,3,0,1,0,1,0,0,0,0,1,0,0,0,100.0,0.0,0,-1,No n'hi ha,-1.0,3,3,1,0,0,0,0,0,0,0,0,0,0,0,4,-1,-1,Xoc contra objecte/obstacle sense sortida prèvia de via,-1,1,2,1,-1,2,1,18.25,1,4,3,26,12
12271,2013,0,2013-07-22,CR,CONCA DE DALT,Pallars Jussa,2,0,1,0,1,0,0,0,1,0,0,0,0,30.0,0.0,0,2,No n'hi ha,-1.0,3,3,1,0,0,0,0,0,0,0,1,0,0,0,4,-1,1,Caiguda en la via,-1,1,3,3,0,2,1,16.12,1,0,0,22,7
12272,2013,1,2013-11-11,SE,HOSPITALET DE LLOBREGAT,Barcelones,3,0,1,0,1,1,0,0,0,0,0,0,0,20.0,1.0,0,2,No n'hi ha,-1.0,3,3,1,-1,0,0,0,-1,0,0,0,0,-1,0,4,-1,1,Atropellament,-1,2,2,5,-1,2,1,9.45,0,3,0,11,11
12273,2013,0,2013-07-12,C-13,CAMARASA,Noguera,2,0,1,0,1,0,0,0,1,0,0,0,0,100.0,0.0,0,0,No n'hi ha,-1.0,3,3,1,0,0,0,0,0,0,0,0,0,0,0,4,-1,1,Caiguda en la via,-1,1,2,4,2,2,1,13.29,0,0,4,12,7
12274,2013,0,2013-07-14,AP-7,"ROCA DEL VALLES, LA",Valles Oriental,3,0,1,0,1,0,0,0,0,1,0,0,0,50.0,0.0,0,2,No n'hi ha,-1.0,3,3,1,0,0,0,0,0,0,0,0,0,0,0,4,-1,1,Caiguda en la via,-1,1,2,2,1,2,0,11.49,0,0,6,14,7
12275,2013,0,2013-05-21,C-16,SANT CUGAT DEL VALLES,Valles Occidental,3,0,1,0,2,0,0,0,1,1,0,0,0,100.0,0.0,0,2,No n'hi ha,-1.0,3,3,1,0,0,0,0,0,0,0,0,0,0,0,4,-1,1,Encalç,-1,1,2,2,2,2,1,17.3,1,2,1,21,5
12276,2013,0,2013-08-02,N-260,"VALL DE BIANYA, LA",Garrotxa,1,0,1,0,2,0,0,0,1,0,1,0,0,40.0,0.0,0,2,No n'hi ha,1.0,3,3,1,0,0,0,0,0,0,1,0,0,0,0,1,-1,1,Encalç,-1,1,2,4,1,2,1,7.25,0,2,4,2,8
12277,2013,1,2013-09-16,SE,SANT FELIU DE GUIXOLS,Baix Emporda,1,0,1,0,1,0,0,1,0,0,0,0,0,20.0,0.0,0,-1,No n'hi ha,-1.0,3,3,1,-1,-1,0,0,-1,0,0,0,0,-1,0,4,-1,-1,Caiguda en la via,-1,2,2,5,-1,2,1,13.3,0,0,0,16,9
12278,2013,1,2013-10-01,SE,LLEIDA,Segria,2,0,1,1,2,0,0,0,1,1,0,0,0,20.0,0.0,0,2,No n'hi ha,-1.0,3,3,1,-1,0,0,0,-1,0,0,0,0,-1,1,5,4,1,Envestida (frontal lateral),2,2,2,5,-1,2,1,0.08,2,2,1,1,10
12279,2013,1,2013-06-05,SE,BARCELONA,Barcelones,3,0,1,0,2,0,1,0,1,0,0,0,0,100.0,0.0,0,-1,No n'hi ha,-1.0,3,3,1,0,0,0,0,0,0,0,0,0,1,1,4,3,1,Envestida (frontal lateral),0,2,2,5,-1,2,1,7.5,0,2,2,5,6
12280,2013,1,2013-07-14,SE,SANT CLIMENT DE LLOBREGAT,Baix Llobregat,3,0,1,0,1,0,1,0,0,0,0,0,0,20.0,0.0,0,1,No n'hi ha,-1.0,3,3,1,-1,0,0,0,-1,0,0,0,0,-1,0,4,-1,1,Caiguda en la via,-1,2,1,5,0,2,0,12.2,0,0,6,14,7
12281,2013,1,2013-08-18,SE,OLOT,Garrotxa,1,0,1,0,1,0,1,0,0,0,0,0,0,30.0,0.0,0,2,No n'hi ha,-1.0,3,3,1,0,0,0,0,0,0,0,0,0,0,0,4,-1,1,Caiguda en la via,-1,2,2,5,0,2,0,10.47,0,0,6,18,8
12282,2013,0,2013-10-01,AP-7,ULLDECONA,Montsia,0,0,2,2,1,0,0,0,0,1,0,0,0,100.0,0.0,0,0,No n'hi ha,-1.0,3,3,1,0,0,0,0,0,0,0,0,0,0,0,4,-1,1,Sortida de via amb xoc o col·lisió,-1,1,2,2,1,2,1,18.3,1,1,1,1,10
12283,2013,0,2013-12-08,C-43,"PINELL DE BRAI, EL",Terra Alta,0,0,1,1,1,0,0,0,1,0,0,0,0,100.0,0.0,0,3,No n'hi ha,-1.0,3,3,1,0,0,0,0,0,0,0,0,0,0,0,4,-1,1,Caiguda en la via,-1,1,2,4,2,2,0,14.4,1,0,6,8,12
12284,2013,1,2013-12-04,SE,ESPARREGUERA,Baix Llobregat,3,0,1,1,2,1,0,0,1,0,0,0,0,40.0,0.0,0,2,No n'hi ha,-1.0,3,3,1,-1,0,0,0,-1,0,0,0,0,0,0,4,-1,1,Atropellament,-1,2,2,5,-1,2,1,16.1,1,3,2,4,12
12285,2013,1,2013-09-06,SE,CASTELLDEFELS,Baix Llobregat,3,0,1,0,1,0,0,0,1,0,0,0,0,30.0,0.0,0,2,No n'hi ha,-1.0,3,3,1,0,0,0,0,0,0,0,0,0,0,1,5,5,1,Caiguda en la via,0,2,2,5,-1,2,1,3.55,2,0,4,6,9
12286,2013,1,2013-12-10,SE,RIPOLLET,Valles Occidental,3,0,1,0,1,0,0,0,1,0,0,0,0,100.0,0.0,0,2,No n'hi ha,-1.0,3,1,1,0,0,0,0,0,0,0,0,0,0,2,4,2,1,Caiguda en la via,0,2,2,5,0,2,1,16.45,1,0,1,10,12
12287,2013,0,2013-08-11,C-26,BORREDA,Bergueda,3,0,1,0,1,0,0,0,1,0,0,0,0,90.0,0.0,0,-1,Sense Especificar,-1.0,3,3,1,0,0,0,0,0,0,0,0,0,0,0,4,-1,-1,Resta sortides de via,-1,1,2,4,4,2,0,14.44,1,1,6,11,8
12288,2013,1,2013-12-21,SE,BARCELONA,Barcelones,3,1,0,1,2,0,0,0,1,1,0,0,0,100.0,0.0,0,-1,No n'hi ha,-1.0,3,3,0,0,0,0,0,0,0,0,0,0,0,1,5,3,0,Envestida (frontal lateral),2,2,2,5,-1,2,0,7.5,0,2,5,21,12
12289,2013,1,2013-10-20,SE,BARCELONA,Barcelones,3,0,1,0,2,0,2,0,0,0,0,0,0,100.0,0.0,0,-1,Carril bici,-1.0,3,3,1,0,0,0,0,0,0,0,0,0,0,0,4,-1,1,Col·lisió frontal,-1,2,2,5,-1,2,0,13.15,0,2,6,20,10
12290,2013,1,2013-06-01,SE,CADAQUES,Alt Emporda,1,1,0,0,1,0,0,0,0,1,0,0,0,100.0,0.0,0,2,No n'hi ha,-1.0,3,3,0,0,0,0,0,0,0,0,0,0,0,1,4,4,1,Xoc contra objecte/obstacle sense sortida prèvia de via,1,2,2,5,0,0,0,13.5,0,4,5,1,6
12291,2013,0,2013-06-17,GI-682,LLORET DE MAR,Selva,1,1,0,0,2,0,0,0,1,1,0,0,0,100.0,0.0,0,1,No n'hi ha,-1.0,3,3,0,0,0,0,0,0,0,0,0,0,0,0,4,-1,1,Caiguda en la via,-1,1,2,4,2,2,1,10.29,0,0,0,17,6
12292,2013,0,2013-04-14,CR39,"PONT DE BAR, EL",Alt Urgell,2,1,0,0,1,0,0,0,0,1,0,0,0,30.0,0.0,0,1,No n'hi ha,-1.0,3,3,0,0,0,0,0,0,0,0,0,0,0,0,3,-1,1,Resta sortides de via,-1,1,0,3,4,2,0,18.0,1,1,6,14,4
12293,2013,0,2013-04-14,N-141,BOSSOST,Val d'Aran,2,0,1,0,1,0,0,0,1,0,0,0,0,100.0,0.0,0,1,No n'hi ha,-1.0,3,3,1,0,0,0,0,0,0,0,0,0,0,0,4,-1,1,Caiguda en la via,-1,1,2,4,1,2,0,14.11,1,0,6,14,4
12294,2013,1,2013-03-15,SE,VIC,Osona,3,0,1,0,2,1,0,0,0,1,0,0,0,100.0,0.0,0,3,No n'hi ha,-1.0,3,3,1,0,0,0,0,0,0,0,0,0,0,2,4,2,1,Atropellament,0,2,2,5,-1,2,1,11.34,0,3,4,15,3
12295,2013,1,2013-01-01,SE,SANT BOI DE LLOBREGAT,Baix Llobregat,3,0,1,0,2,0,0,0,1,1,0,0,0,100.0,0.0,0,-1,No n'hi ha,-1.0,3,3,1,0,0,0,0,0,0,0,0,0,0,0,4,-1,-1,Envestida (frontal lateral),-1,2,2,5,-1,2,1,20.2,1,2,1,1,1
12296,2013,1,2013-01-26,SE,BARCELONA,Barcelones,3,0,1,0,1,0,0,0,1,0,0,0,0,100.0,0.0,0,-1,No n'hi ha,-1.0,1,3,1,0,0,0,0,0,0,0,0,0,0,0,5,-1,1,Resta sortides de via,-1,2,0,5,-1,2,0,6.0,0,1,5,26,1
12297,2013,1,2013-07-19,SE,CASSA DE LA SELVA,Girones,1,0,1,0,2,1,0,0,0,1,0,0,0,100.0,0.0,0,2,No n'hi ha,-1.0,2,3,1,0,0,0,0,0,0,0,0,0,0,1,0,-1,0,Atropellament,0,2,2,5,-1,2,0,19.0,1,3,4,19,7
12298,2013,1,2013-08-05,SE,CERDANYOLA DEL VALLES,Valles Occidental,3,0,1,0,1,0,0,0,0,1,0,0,0,100.0,0.0,0,2,No n'hi ha,-1.0,3,3,1,0,0,0,0,0,0,0,0,0,0,0,4,-1,1,Resta sortides de via,-1,2,2,5,-1,2,1,14.05,1,1,0,5,8
12299,2013,0,2013-09-29,B-431,ORISTA,Osona,3,0,1,0,1,0,0,0,1,0,0,0,0,100.0,0.0,0,1,No n'hi ha,-1.0,3,3,1,0,0,0,0,0,0,0,0,0,0,0,3,-1,1,Resta sortides de via,-1,1,2,4,3,2,0,20.03,1,1,6,29,9
12300,2013,1,2013-09-21,SE,LLORET DE MAR,Selva,1,0,1,1,2,0,0,1,0,1,0,0,0,100.0,0.0,0,2,No n'hi ha,-1.0,3,3,1,0,0,0,0,0,0,0,0,0,0,1,5,4,0,Envestida (frontal lateral),2,2,1,5,-1,2,0,2.13,2,2,5,21,9
12301,2013,1,2013-08-01,SE,LLEIDA,Segria,2,0,1,0,2,0,0,0,1,1,0,0,0,20.0,0.0,0,2,No n'hi ha,-1.0,3,3,1,0,1,0,0,0,0,0,0,0,1,1,4,4,1,Fregament o col·lisió lateral,1,2,2,5,-1,2,1,15.19,1,2,3,1,8
12302,2013,1,2013-07-15,SE,BARCELONA,Barcelones,3,0,1,0,2,0,0,0,1,1,0,0,0,100.0,0.0,0,-1,No n'hi ha,-1.0,3,3,1,0,0,0,0,0,0,0,0,0,0,1,4,3,1,Envestida (frontal lateral),2,2,2,5,-1,2,1,15.55,1,2,0,15,7
12303,2013,0,2013-09-29,B-10,HOSPITALET DE LLOBREGAT,Barcelones,3,0,1,0,1,0,0,0,1,0,0,0,0,100.0,0.0,0,3,No n'hi ha,-1.0,3,0,1,0,0,0,0,0,0,0,0,0,0,0,4,-1,1,Caiguda en la via,-1,1,2,1,0,2,0,15.45,1,0,6,29,9
12304,2013,0,2013-11-30,C-32,PALAFOLLS,Maresme,3,0,1,0,2,0,0,0,0,2,0,0,0,100.0,0.0,0,2,No n'hi ha,-1.0,3,3,1,0,0,0,0,0,0,0,0,0,0,0,0,-1,1,Fregament o col·lisió lateral,-1,1,2,2,2,2,0,2.56,2,2,5,30,11
12305,2013,1,2013-12-30,SE,HOSPITALET DE LLOBREGAT,Barcelones,3,1,0,0,2,0,0,0,1,1,0,0,0,20.0,0.0,0,-1,No n'hi ha,-1.0,3,3,0,-1,0,0,0,-1,0,0,0,0,-1,1,4,3,0,Caiguda en la via,2,2,2,5,-1,2,1,17.13,1,0,0,30,12
12306,2013,0,2013-10-01,L-401,FIGOLS I ALINYA,Alt Urgell,2,0,1,2,1,0,0,0,0,1,0,0,0,100.0,0.0,0,1,No n'hi ha,-1.0,3,3,1,0,0,0,0,0,0,0,0,0,0,0,4,-1,1,Altres,-1,1,2,4,3,2,1,15.5,1,5,1,1,10
12307,2013,0,2013-10-08,GI-673,CALDES DE MALAVELLA,Selva,1,0,1,2,2,0,0,0,0,2,0,0,0,100.0,0.0,0,2,No n'hi ha,-1.0,3,3,1,0,0,0,0,0,0,0,0,0,0,1,4,3,1,Encalç,2,1,2,4,0,2,1,17.57,1,2,1,8,10
12308,2013,0,2013-11-12,B-10,BARCELONA,Barcelones,3,0,1,0,2,0,0,0,1,1,0,0,0,80.0,0.0,0,-1,No n'hi ha,-1.0,3,3,1,0,0,0,0,0,0,0,0,0,1,0,5,-1,0,Encalç,-1,1,2,1,-1,2,1,21.3,1,2,1,12,11
12309,2013,1,2013-02-04,SE,GRANOLLERS,Valles Oriental,3,0,1,0,2,1,0,0,0,1,0,0,0,100.0,0.0,0,2,No n'hi ha,-1.0,3,3,1,0,0,0,0,0,0,0,0,0,0,0,4,-1,1,Atropellament,-1,2,2,5,-1,2,1,9.5,0,3,0,4,2
12310,2013,0,2013-02-16,CR,LLEIDA,Segria,2,0,1,1,1,0,0,0,0,1,0,0,0,50.0,0.0,0,1,No n'hi ha,-1.0,3,3,1,0,0,0,0,0,0,0,0,0,0,0,3,-1,1,Resta sortides de via,-1,1,2,3,0,2,0,23.55,2,1,5,16,2
12311,2013,1,2013-05-01,SE,SANT LLORENC SAVALL,Valles Occidental,3,0,1,0,1,0,0,0,1,0,0,0,0,30.0,0.0,0,1,No n'hi ha,-1.0,3,3,1,0,0,0,0,0,0,0,0,0,0,0,4,-1,0,Caiguda en la via,-1,2,2,5,-1,2,1,15.04,1,0,2,1,5
12312,2013,0,2013-01-12,AP-7,BASCARA,Alt Emporda,1,0,1,0,2,0,0,0,0,1,1,0,0,120.0,0.0,0,-1,Sense Especificar,-1.0,3,3,1,0,0,0,0,0,0,0,0,0,0,0,4,-1,-1,Fregament o col·lisió lateral,-1,1,2,2,4,2,0,10.39,0,2,5,12,1
12313,2013,0,2013-02-17,C-45,SEROS,Segria,2,0,1,0,1,0,0,0,0,1,0,0,0,100.0,0.0,0,2,No n'hi ha,-1.0,3,3,1,0,0,0,0,0,1,0,0,0,0,0,1,-1,1,Sortida de via amb xoc o col·lisió,-1,1,2,4,2,2,0,7.35,0,1,6,17,2
12314,2013,0,2013-05-07,N-IIa,SANT JULIA DE RAMIS,Girones,1,1,0,0,1,0,0,0,1,0,0,0,0,100.0,0.0,0,2,No n'hi ha,-1.0,3,3,0,0,0,0,0,0,0,0,0,0,0,0,4,-1,1,Resta sortides de via,-1,1,2,4,1,2,1,15.05,1,1,1,7,5
12315,2013,1,2013-03-19,SE,MONTMELO,Valles Oriental,3,0,1,0,2,0,0,0,0,1,1,0,0,40.0,0.0,0,2,No n'hi ha,-1.0,3,3,1,0,0,0,0,0,0,0,0,0,0,1,4,4,1,Fregament o col·lisió lateral,2,2,2,5,0,2,1,10.15,0,2,1,19,3
12316,2013,0,2013-10-17,BV-2134,"TORRE DE CLARAMUNT,LA",Anoia,3,0,1,0,2,0,0,0,1,1,0,0,0,50.0,0.0,0,1,No n'hi ha,-1.0,3,3,1,0,0,0,0,0,0,0,0,0,0,2,4,4,1,Envestida (frontal lateral),2,1,2,4,3,2,1,8.54,0,2,3,17,10
12317,2013,0,2013-06-10,GI-682,BLANES,Selva,1,0,1,0,1,0,0,1,0,0,0,0,0,90.0,0.0,0,2,No n'hi ha,-1.0,3,3,1,-1,0,0,0,-1,0,0,0,0,-1,0,4,-1,1,Sortida de via amb bolcada,-1,1,2,4,0,2,1,17.1,1,1,0,10,6
12318,2013,1,2013-06-10,SE,RUBI,Valles Occidental,3,0,1,0,1,0,0,0,1,0,0,0,0,100.0,0.0,0,2,No n'hi ha,-1.0,3,3,1,0,0,0,0,0,0,0,0,0,0,0,4,-1,1,Altres,-1,2,2,5,0,2,1,15.3,1,5,0,10,6
12319,2013,1,2013-12-27,SE,MANRESA,Bages,3,0,1,0,2,1,0,0,0,1,0,0,0,100.0,0.0,0,2,No n'hi ha,-1.0,3,3,1,0,0,0,0,0,0,0,0,0,0,1,4,2,0,Atropellament,0,2,2,5,-1,2,1,12.55,0,3,4,27,12
12320,2013,0,2013-08-15,A-2,BELL-LLOC D'URGELL,Pla d'Urgell,2,1,1,0,1,0,0,0,0,1,0,0,0,100.0,0.0,0,0,No n'hi ha,-1.0,3,3,0,0,0,0,0,0,0,0,0,0,0,0,1,-1,1,Resta sortides de via,-1,1,2,1,1,2,1,7.37,0,1,3,15,8
12321,2013,0,2013-01-30,LL-11,LLEIDA,Segria,2,0,1,0,1,0,0,0,0,1,0,0,0,40.0,0.0,0,0,No n'hi ha,-1.0,3,3,1,0,0,0,0,0,0,0,0,0,1,1,0,4,0,Sortida de via amb xoc o col·lisió,0,1,2,1,1,2,1,3.33,2,1,2,30,1
12322,2013,0,2013-03-16,GIV-6228,VILAMALLA,Alt Emporda,1,0,1,0,2,1,0,0,0,1,0,0,0,100.0,1.0,0,1,No n'hi ha,-1.0,3,3,1,0,0,0,0,0,0,0,0,0,0,0,1,-1,1,Atropellament,-1,1,2,4,3,2,0,19.31,1,3,5,16,3
12323,2013,1,2013-03-21,N-150,SABADELL,Valles Occidental,3,0,1,0,2,0,0,0,1,1,0,0,0,100.0,0.0,0,2,No n'hi ha,-1.0,3,3,1,0,0,0,0,0,0,0,0,0,0,1,5,4,1,Col·lisió frontal,2,0,2,4,-1,2,1,19.14,1,2,3,21,3
12324,2013,0,2013-10-19,BV-2041,GAVA,Baix Llobregat,3,0,1,0,1,0,0,0,1,0,0,0,0,100.0,0.0,0,3,No n'hi ha,-1.0,3,3,1,0,0,0,0,0,0,0,1,0,0,0,3,-1,1,Caiguda en la via,-1,1,2,4,3,2,0,7.17,0,0,5,19,10
12325,2013,0,2013-10-04,C-17,LLICA D'AMUNT,Valles Oriental,3,0,1,0,2,0,0,0,0,2,0,0,0,80.0,0.0,0,0,No n'hi ha,-1.0,3,3,1,0,0,0,0,0,0,0,0,0,0,0,3,-1,1,Resta sortides de via,-1,1,2,1,2,2,0,21.12,1,1,4,4,10
12326,2013,0,2013-06-01,BP-1417,BARCELONA,Barcelones,3,0,1,0,1,0,0,1,0,0,0,0,0,50.0,0.0,0,-1,No n'hi ha,-1.0,3,3,1,0,0,0,0,0,1,0,0,0,0,0,3,-1,1,Caiguda en la via,-1,1,2,4,3,2,0,1.5,2,0,5,1,6
12327,2013,1,2013-08-12,N-340,SANT JUST DESVERN,Baix Llobregat,3,0,1,0,2,0,0,0,1,1,0,0,0,100.0,0.0,0,-1,No n'hi ha,-1.0,3,1,1,0,0,0,0,0,0,0,0,0,0,0,4,-1,-1,Altres,-1,2,2,4,-1,2,1,19.4,1,5,0,12,8
12328,2013,0,2013-11-15,C-14,SALOU,Tarragones,0,0,1,0,1,0,0,1,0,0,0,0,0,40.0,0.0,0,2,No n'hi ha,-1.0,3,3,1,0,0,0,0,0,0,0,0,0,0,1,4,4,0,Caiguda en la via,0,1,2,1,2,2,1,13.57,0,0,4,15,11
12329,2013,0,2013-12-15,A-26,ARGELAGUER,Garrotxa,1,0,1,0,1,0,0,0,0,1,0,0,0,100.0,0.0,0,3,No n'hi ha,-1.0,3,3,1,0,0,0,0,0,0,0,0,0,0,0,3,-1,1,Resta sortides de via,-1,1,2,1,1,2,0,18.25,1,1,6,15,12
12330,2013,0,2013-09-13,C-12,CORBINS,Segria,2,0,1,2,2,0,0,0,0,2,0,0,0,100.0,0.0,0,2,No n'hi ha,-1.0,3,3,1,0,0,0,0,0,0,0,0,0,0,1,4,4,1,Envestida (frontal lateral),0,1,2,4,2,2,1,13.45,0,2,4,13,9
12331,2013,1,2013-10-03,SE,BARCELONA,Barcelones,3,0,1,0,2,0,0,0,1,1,0,0,0,100.0,0.0,0,-1,No n'hi ha,-1.0,3,3,1,0,0,0,0,0,0,0,0,0,0,1,4,3,0,Envestida (frontal lateral),2,2,2,5,-1,2,1,8.55,0,2,3,3,10
12332,2013,0,2013-10-13,CR,"VALL D'EN BAS, LA",Garrotxa,1,1,0,1,1,0,0,0,0,1,0,0,0,30.0,0.0,0,0,No n'hi ha,-1.0,3,3,0,0,0,0,0,0,0,0,0,0,0,0,4,-1,1,Resta sortides de via,-1,1,2,3,0,2,0,18.22,1,1,6,13,10
12333,2013,1,2013-01-20,SE,BADALONA,Barcelones,3,0,1,0,1,0,1,0,0,0,0,0,0,20.0,0.0,0,0,No n'hi ha,-1.0,3,3,1,-1,1,0,0,-1,0,0,0,0,0,0,4,-1,1,Caiguda en la via,-1,2,1,5,0,2,0,9.54,0,0,6,20,1
12334,2013,0,2013-01-21,C-61,VALLGORGUINA,Valles Oriental,3,0,1,0,1,0,0,0,0,1,0,0,0,100.0,0.0,0,1,No n'hi ha,-1.0,3,3,1,0,1,0,0,0,0,0,0,0,0,0,4,-1,1,Sortida de via amb xoc o col·lisió,-1,1,2,4,2,2,1,9.45,0,1,0,21,1
12335,2013,0,2013-01-22,C-14,VILANOVA DE L'AGUDA,Noguera,2,0,1,1,1,0,0,0,0,1,0,0,0,90.0,0.0,0,-1,Sense Especificar,-1.0,3,3,1,0,0,0,0,0,0,0,0,0,0,0,4,-1,-1,Resta sortides de via,-1,1,2,4,4,2,1,16.43,1,1,1,22,1
12336,2013,1,2013-09-08,SE,ROSES,Alt Emporda,1,0,1,0,2,0,0,0,1,1,0,0,0,100.0,0.0,0,-1,No n'hi ha,-1.0,3,3,1,0,0,0,0,0,0,0,0,0,0,0,4,-1,-1,Altres,-1,2,2,5,-1,2,0,16.07,1,5,6,8,9
12337,2013,1,2013-10-28,SE,SANT QUIRZE DEL VALLES,Valles Occidental,3,0,1,0,1,0,0,0,0,1,0,0,0,100.0,0.0,0,2,No n'hi ha,-1.0,3,3,1,0,0,0,0,0,0,0,0,0,0,0,1,-1,0,Resta sortides de via,-1,2,2,5,0,2,1,18.2,1,1,0,28,10
12338,2013,0,2013-10-06,N-141c,CALDERS,Moianès,3,0,1,0,1,0,0,0,1,0,0,0,0,100.0,0.0,0,1,No n'hi ha,-1.0,3,3,1,0,0,0,0,0,0,0,0,0,0,0,4,-1,1,Resta sortides de via,-1,1,2,4,3,2,0,12.33,0,1,6,6,10
12339,2013,1,2013-10-17,SE,HOSPITALET DE LLOBREGAT,Barcelones,3,0,1,0,2,0,0,0,0,2,0,0,0,20.0,,0,-1,No n'hi ha,-1.0,3,3,1,-1,0,0,0,-1,0,0,0,0,0,1,5,3,1,Envestida (frontal lateral),2,2,2,5,-1,2,1,5.4,2,2,3,17,10
12340,2013,1,2013-08-09,SE,CADAQUES,Alt Emporda,1,0,2,0,1,0,0,0,1,0,0,0,0,100.0,0.0,0,3,No n'hi ha,-1.0,3,3,1,0,0,0,0,0,0,0,0,0,0,0,3,-1,1,Resta sortides de via,-1,2,2,5,-1,2,1,2.0,2,1,4,9,8