,Year,Area,Date,Road,Municipality Name,County Name,Province Name,Fatalties,Serious Injuries,Light Injuries,Units Involved,Pedestrains Involved,Bicycles Involved,Mopeds Involved,Motorcycles,Light Vehicles Involved,Heavy Vehicles Involved,Other Units Involved,Unspecified Units Involved,Road Speed Limit,Accident with Hit and Run,Fog Presence,Surrounding Environment,Special Lane Presence,Special Traffic Measures,Weather Conditions,Special Road Functions,Severity of Accident,Influence of Fog,Influence of Environment,Influence of Traffic,Influence of Weather,Influence of Wind Intensity,Influence of Lighting,Influence of Special Measures,Influence of Road Objects,Influence of Road Surface,Influence of Visibility,Intersection Characteristics,Lighting Conditions,Traffic Regulation and Priority,Direction of Road,Subtype of Accident,Subtype of Road Section,Subzone within Area,Road Surface Conditions,Type of Road,Road Ownership,Wind Conditions,Day of the Week Grouping,Hour of Day,Time of Day Grouping,Type of Accident,Day Type,Day,Month
12341,2013,1,2013-10-08,SE,SANTA EULALIA DE RON,Valles Oriental,3,0,1,0,2,1,0,0,0,1,0,0,0,20.0,,0,-1,No n'hi ha,-1.0,3,3,1,0,0,0,0,0,0,0,0,0,0,0,4,-1,-1,Atropellament,-1,2,2,5,-1,2,1,10.55,0,3,1,8,10
12342,2013,0,2013-09-14,C-1311,TREMP,Pallars Jussa,2,0,1,0,1,0,0,0,1,0,0,0,0,100.0,0.0,0,1,No n'hi ha,-1.0,3,3,1,0,0,0,0,0,0,0,0,0,0,0,4,-1,1,Caiguda en la via,-1,1,2,4,3,2,0,11.2,0,0,5,14,9
12343,2013,1,2013-08-23,SE,BARCELONA,Barcelones,3,0,1,0,1,0,0,0,1,0,0,0,0,60.0,0.0,0,-1,No n'hi ha,-1.0,3,3,1,0,0,0,0,0,0,0,0,0,0,1,5,2,0,Xoc contra objecte/obstacle sense sortida prèvia de via,2,2,2,5,-1,2,0,21.5,1,4,4,23,8
12344,2013,0,2013-08-01,BV-5151,FRANQUESES DEL VALLE,Valles Oriental,3,1,3,0,2,0,0,0,1,1,0,0,0,70.0,0.0,0,1,No n'hi ha,-1.0,3,3,0,0,0,0,0,0,0,0,0,0,0,0,4,-1,1,Col·lisió frontal,-1,1,2,4,2,2,1,14.25,1,2,3,1,8
12345,2013,0,2013-08-07,CR,DAS,Cerdanya,1,0,1,0,2,1,0,0,0,1,0,0,0,30.0,0.0,0,1,No n'hi ha,-1.0,3,3,1,0,0,0,0,0,0,0,0,0,0,0,1,-1,1,Atropellament,-1,1,2,3,0,2,1,19.13,1,3,2,7,8
12346,2013,1,2013-01-21,SE,GRANOLLERS,Valles Oriental,3,0,1,0,2,1,0,0,0,1,0,0,0,100.0,0.0,0,2,No n'hi ha,-1.0,3,3,1,0,0,0,0,0,0,0,0,0,0,2,4,3,1,Atropellament,2,2,2,5,-1,2,1,9.0,0,3,0,21,1
12347,2013,0,2013-01-09,C-17,TAGAMANENT,Valles Oriental,3,0,1,0,1,0,0,0,0,1,0,0,0,80.0,0.0,0,1,No n'hi ha,-1.0,3,3,1,0,0,0,0,0,0,0,0,0,0,2,4,4,1,Sortida de via amb bolcada,3,1,2,1,2,2,1,14.07,1,1,2,9,1
12348,2013,1,2013-03-19,SE,REUS,Baix Camp,0,0,1,0,2,0,0,0,1,1,0,0,0,100.0,0.0,0,-1,No n'hi ha,-1.0,3,3,1,0,0,0,0,0,0,0,0,0,0,0,4,-1,-1,Caiguda en la via,-1,2,2,5,-1,2,1,9.25,0,0,1,19,3
12349,2013,0,2013-01-13,B-224,SANT ESTEVE SESROVIRES,Baix Llobregat,3,0,1,1,2,0,0,0,0,2,0,0,0,60.0,0.0,0,1,No n'hi ha,-1.0,3,3,1,0,0,0,0,0,0,0,0,0,0,0,3,-1,1,Envestida (frontal lateral),-1,1,2,4,2,1,0,20.24,1,2,6,13,1
12350,2013,0,2013-08-17,C-16,CERCS,Bergueda,3,1,1,0,1,0,0,0,0,1,0,0,0,60.0,0.0,0,1,No n'hi ha,-1.0,1,3,0,0,0,0,1,0,0,0,0,0,0,2,2,4,1,Sortida de via amb xoc o col·lisió,1,1,2,4,2,2,0,18.1,1,1,5,17,8
12351,2013,0,2013-09-02,C-12,BENIFALLET,Baix Ebre,0,0,1,0,2,1,0,0,0,1,0,0,0,100.0,0.0,0,2,No n'hi ha,-1.0,3,3,1,0,0,0,0,0,0,0,0,0,1,0,4,-1,1,Atropellament,-1,1,2,4,2,2,1,17.2,1,3,0,2,9
12352,2013,1,2013-09-07,SE,LLORET DE MAR,Selva,1,0,1,0,2,1,0,0,0,1,0,0,0,100.0,0.0,0,2,No n'hi ha,-1.0,3,3,1,0,0,0,0,0,0,0,0,0,0,2,4,2,1,Atropellament,2,2,2,5,-1,2,0,8.45,0,3,5,7,9
12353,2013,1,2013-11-20,SE,TERRASSA,Valles Occidental,3,0,1,1,2,1,0,0,1,0,0,0,0,100.0,0.0,0,2,No n'hi ha,-1.0,3,1,1,0,0,0,0,0,0,0,0,0,0,0,4,-1,1,Atropellament,-1,2,2,5,0,1,1,13.45,0,3,2,20,11
12354,2013,0,2013-10-17,N-340,VILAFRANCA DEL PENEDES,Alt Penedes,3,1,0,1,2,0,0,0,0,1,1,0,0,80.0,0.0,0,2,Altres,-1.0,3,3,0,0,0,0,0,0,0,0,0,0,0,1,0,-1,1,Caiguda en la via,3,1,2,4,1,2,1,20.27,1,0,3,17,10
12355,2013,1,2013-10-18,B-141,RIPOLLET,Valles Occidental,3,0,1,0,2,0,0,0,1,1,0,0,0,100.0,0.0,0,2,No n'hi ha,-1.0,3,1,1,0,0,0,0,0,0,0,0,0,0,0,4,-1,1,Encalç,-1,2,2,4,2,2,1,9.35,0,2,4,18,10
12356,2013,0,2013-12-07,CR,CONCA DE DALT,Pallars Jussa,2,1,0,0,1,0,0,0,0,1,0,0,0,60.0,0.0,0,1,No n'hi ha,-1.0,3,3,0,0,0,0,0,0,0,0,0,0,0,0,3,-1,1,Resta sortides de via,-1,1,2,3,0,2,0,18.59,1,1,5,7,12
12357,2013,0,2013-12-23,C-17,GRANOLLERS,Valles Oriental,3,1,0,0,1,0,0,0,0,1,0,0,0,80.0,0.0,0,0,No n'hi ha,-1.0,3,3,0,0,1,0,1,0,0,0,0,0,0,0,3,-1,1,Resta sortides de via,-1,1,2,1,2,2,1,20.43,1,1,0,23,12
12358,2013,1,2013-09-23,SE,SANT BOI DE LLOBREGAT,Baix Llobregat,3,0,1,0,1,0,0,0,1,0,0,0,0,100.0,0.0,0,-1,No n'hi ha,-1.0,3,3,1,0,0,0,0,0,0,0,0,0,0,0,4,-1,-1,Xoc contra objecte/obstacle sense sortida prèvia de via,-1,2,2,5,-1,2,1,15.46,1,4,0,23,9
12359,2013,0,2013-01-03,C-58,SANT QUIRZE DEL VALLES,Valles Occidental,3,0,1,0,1,0,0,0,0,1,0,0,0,100.0,0.0,0,3,No n'hi ha,-1.0,3,3,1,0,1,0,0,0,0,0,0,1,0,0,4,-1,1,Sortida de via amb xoc o col·lisió,-1,1,2,1,3,2,1,15.4,1,1,3,3,1
12360,2013,1,2013-05-13,SE,"VENDRELL, EL",Baix Penedes,0,0,1,3,2,0,0,0,0,2,0,0,0,40.0,0.0,0,-1,No n'hi ha,-1.0,3,3,1,-1,0,0,0,-1,0,0,0,0,-1,1,1,4,1,Envestida (frontal lateral),2,2,2,5,-1,2,1,21.1,1,2,0,13,5
12361,2013,0,2013-05-06,C-32,VILANOVA I LA GELTRU,Garraf,3,1,0,0,2,1,0,0,0,1,0,0,0,120.0,0.0,0,3,Carril acceleració,-1.0,3,3,0,0,0,0,0,0,1,0,0,0,0,0,3,-1,1,Atropellament,-1,1,2,2,2,2,1,23.55,2,3,0,6,5
12362,2013,1,2013-07-02,SE,MATARO,Maresme,3,0,1,0,2,1,0,0,0,1,0,0,0,20.0,0.0,0,-1,No n'hi ha,-1.0,3,3,1,0,0,0,0,0,0,0,0,0,0,0,4,-1,-1,Atropellament,-1,2,2,5,-1,2,1,12.06,0,3,1,2,7
12363,2013,1,2013-12-24,SE,RUBI,Valles Occidental,3,1,0,0,2,1,0,0,0,0,1,0,0,100.0,0.0,0,-1,No n'hi ha,-1.0,3,3,0,0,0,0,0,0,0,0,0,0,0,0,4,-1,-1,Atropellament,-1,2,2,5,-1,2,1,10.07,0,3,1,24,12
12364,2013,1,2013-07-02,N-260,LLANCA,Alt Emporda,1,0,2,1,1,0,0,0,0,1,0,0,0,50.0,0.0,0,1,No n'hi ha,-1.0,3,1,1,0,0,0,0,0,0,0,0,0,0,0,4,-1,1,Sortida de via amb xoc o col·lisió,-1,2,2,4,1,2,1,16.52,1,1,1,2,7
12365,2013,1,2013-12-29,SE,MARTORELL,Baix Llobregat,3,0,1,0,1,0,1,0,0,0,0,0,0,100.0,0.0,0,2,No n'hi ha,-1.0,3,3,1,0,0,0,0,0,0,0,0,0,0,0,4,-1,0,Caiguda en la via,-1,2,2,5,-1,2,0,15.1,1,0,6,29,12
12366,2013,0,2013-11-28,CR,SANT MATEU DE BAGES,Bages,3,0,1,0,1,0,0,1,0,0,0,0,0,100.0,0.0,0,0,No n'hi ha,-1.0,3,3,1,0,0,0,0,0,0,0,0,0,0,0,4,-1,1,Resta sortides de via,-1,1,0,3,0,2,1,14.23,1,1,3,28,11
12367,2013,1,2013-12-24,SE,MATARO,Maresme,3,0,1,0,2,1,0,0,0,1,0,0,0,20.0,0.0,0,-1,No n'hi ha,-1.0,3,3,1,0,0,0,0,0,0,0,0,0,0,1,4,5,-1,Atropellament,0,2,2,5,-1,2,1,12.1,0,3,1,24,12
12368,2014,1,2014-05-17,B-124,CASTELLAR DEL VALLES,Valles Occidental,3,0,1,0,2,0,1,0,0,1,0,0,0,40.0,0.0,0,-1,No n'hi ha,-1.0,3,3,1,-1,0,0,0,-1,0,0,0,0,-1,0,4,-1,-1,Fregament o col·lisió lateral,-1,0,2,4,-1,2,0,17.45,1,2,5,17,5
12369,2014,0,2014-05-31,B-20,ESPLUGUES DE LLOBREGAT,Baix Llobregat,3,0,1,1,1,0,0,0,0,1,0,0,0,100.0,0.0,0,2,No n'hi ha,-1.0,3,3,1,0,0,0,0,0,0,0,0,0,0,2,5,5,0,Resta sortides de via,1,1,2,1,3,2,0,4.03,2,1,5,31,5
12370,2014,1,2014-08-16,SE,VILAFRANCA DEL PENEDES,Alt Penedes,3,0,1,0,1,0,0,1,0,0,0,0,0,20.0,0.0,0,2,No n'hi ha,-1.0,1,3,1,-1,0,0,0,0,0,0,0,0,0,1,2,2,0,Caiguda en la via,1,2,0,5,-1,1,0,11.13,0,0,5,16,8
12371,2014,1,2014-12-21,N-II,SANT ADRIA DE BESOS,Barcelones,3,0,1,0,2,0,0,0,1,1,0,0,0,100.0,0.0,0,2,No n'hi ha,-1.0,3,3,1,0,0,0,0,0,0,0,0,0,0,1,4,3,1,Fregament o col·lisió lateral,2,0,2,4,-1,2,0,12.25,0,2,6,21,12
12372,2014,0,2014-11-25,C-16,PUIG-REIG,Bergueda,3,1,0,0,1,0,0,0,0,1,0,0,0,100.0,0.0,0,0,No n'hi ha,-1.0,1,3,0,0,0,0,1,0,0,0,0,0,0,0,0,-1,0,Resta sortides de via,-1,1,2,2,2,2,1,17.42,1,1,1,25,11
12373,2014,1,2014-10-31,SE,TORTOSA,Baix Ebre,0,0,1,0,1,0,0,1,0,0,0,0,0,100.0,0.0,0,2,No n'hi ha,-1.0,3,3,1,0,0,0,0,0,0,0,0,0,0,0,4,-1,1,Altres,-1,2,2,5,-1,2,0,15.25,1,5,4,31,10
12374,2014,1,2014-11-18,SE,BARCELONA,Barcelones,3,0,1,1,3,0,0,1,1,1,0,0,0,100.0,0.0,0,-1,No n'hi ha,-1.0,3,3,1,0,0,0,0,0,0,0,0,0,0,1,5,2,0,Envestida (frontal lateral),2,2,2,5,-1,2,1,0.55,2,2,1,18,11
12375,2014,0,2014-05-24,C-17,MOLLET DEL VALLES,Valles Oriental,3,0,1,0,1,0,1,0,0,0,0,0,0,100.0,0.0,0,3,No n'hi ha,-1.0,3,3,1,0,0,0,0,0,0,0,0,0,0,0,4,-1,1,Caiguda en la via,-1,1,2,1,-1,2,0,12.02,0,0,5,24,5
12376,2014,0,2014-04-10,N-340,MONT-ROIG DEL CAMP,Baix Camp,0,0,1,0,2,0,0,0,1,1,0,0,0,50.0,0.0,0,2,No n'hi ha,-1.0,3,3,1,0,0,0,0,0,0,0,0,0,0,0,4,-1,1,Encalç,-1,1,2,4,1,2,1,19.3,1,2,3,10,4
12377,2014,0,2014-12-16,B-451,SANT FRUITOS DE BAGES,Bages,3,0,1,1,2,0,0,0,0,2,0,0,0,90.0,0.0,0,-1,Sense Especificar,-1.0,3,3,1,0,0,0,0,0,0,0,0,0,0,0,4,-1,-1,Col·lisió frontal,-1,1,2,4,4,2,1,5.48,2,2,1,16,12
12378,2014,0,2014-05-10,C-32,SANT PERE DE RIBES,Garraf,3,0,1,0,1,0,0,0,1,0,0,0,0,120.0,0.0,0,-1,Sense Especificar,-1.0,3,3,1,0,0,0,0,0,0,0,0,0,0,1,4,4,-1,Resta sortides de via,3,1,2,2,4,2,0,11.05,0,1,5,10,5
12379,2014,0,2014-02-08,C-32,ARENYS DE MAR,Maresme,3,0,1,1,1,0,0,0,1,0,0,0,0,60.0,0.0,0,2,No n'hi ha,-1.0,3,3,1,0,0,0,0,0,0,0,0,0,0,0,4,-1,1,Caiguda en la via,-1,1,2,2,1,2,0,9.27,0,0,5,8,2
12380,2014,0,2014-04-28,C-35,VIDRERES,Selva,1,0,1,0,1,0,0,0,0,1,0,0,0,30.0,0.0,0,2,Carril d'alentiment,-1.0,3,3,1,0,0,0,0,0,0,0,0,0,0,0,3,-1,0,Resta sortides de via,-1,1,2,1,2,2,1,2.53,2,1,0,28,4
12381,2014,0,2014-03-10,C-31,BARCELONA,Barcelones,3,0,1,0,3,0,0,0,1,2,0,0,0,50.0,0.0,0,-1,Carril bus,-1.0,3,3,1,0,0,0,0,0,0,0,0,0,0,0,4,-1,1,Fregament o col·lisió lateral,-1,1,2,1,2,2,1,7.4,0,2,0,10,3
12382,2014,1,2014-09-01,C-252,PARLAVA,Baix Emporda,1,0,1,0,2,0,0,0,0,1,1,0,0,100.0,0.0,0,2,No n'hi ha,1.0,3,3,1,0,0,0,0,0,0,0,0,0,0,0,4,-1,1,Col·lisió frontal,-1,0,2,4,2,2,1,9.32,0,2,0,1,9
12383,2014,0,2014-06-16,C-17,PARETS DEL VALLES,Valles Oriental,3,0,1,0,1,0,0,0,1,0,0,0,0,120.0,0.0,0,-1,Sense Especificar,-1.0,3,3,1,0,0,0,0,0,0,0,0,0,0,0,4,-1,-1,Resta sortides de via,-1,1,2,1,4,2,1,21.51,1,1,0,16,6
12384,2014,1,2014-11-21,SE,LLEIDA,Segria,2,0,1,0,1,0,0,0,1,0,0,0,0,20.0,,0,2,No n'hi ha,-1.0,3,3,1,-1,0,0,0,-1,0,0,0,0,-1,0,5,-1,1,Caiguda en la via,-1,2,2,5,0,2,0,19.55,1,0,4,21,11
12385,2014,0,2014-10-09,C-17,PARETS DEL VALLES,Valles Oriental,3,0,1,0,1,0,0,0,0,1,0,0,0,40.0,0.0,0,2,No n'hi ha,-1.0,3,3,1,0,0,0,0,0,0,0,0,0,0,1,3,5,1,Resta sortides de via,1,1,2,1,2,2,1,0.39,2,1,3,9,10
12386,2014,1,2014-10-24,SE,VILAFRANCA DEL PENEDES,Alt Penedes,3,0,1,0,1,0,0,1,0,0,0,0,0,20.0,0.0,0,2,No n'hi ha,-1.0,3,3,1,0,0,0,0,0,0,0,0,0,0,1,5,2,-1,Xoc contra objecte/obstacle sense sortida prèvia de via,1,2,2,5,-1,2,1,1.4,2,4,4,24,10
12387,2014,0,2014-12-26,C-17,"MASIES DE VOLTREGA,LES",Osona,3,1,0,0,1,0,0,0,0,1,0,0,0,100.0,0.0,0,0,No n'hi ha,-1.0,3,3,0,0,0,0,0,0,0,0,0,0,0,0,1,-1,1,Resta sortides de via,-1,1,2,1,2,2,1,8.58,0,1,4,26,12
12388,2014,0,2014-06-16,AP-7,BANYERES DEL PENEDES,Baix Penedes,0,0,1,0,1,0,0,0,0,1,0,0,0,120.0,0.0,0,-1,Sense Especificar,-1.0,3,3,1,0,0,0,0,0,0,0,0,0,0,0,4,-1,-1,Resta sortides de via,-1,1,2,2,4,2,1,18.19,1,1,0,16,6
12389,2014,0,2014-08-07,AP-7,VILA-SECA,Tarragones,0,0,1,0,1,0,0,0,0,0,1,0,0,50.0,0.0,0,0,No n'hi ha,-1.0,3,3,1,0,0,0,0,0,0,0,0,0,0,1,4,2,0,Resta sortides de via,3,1,2,2,1,2,1,10.1,0,1,3,7,8
12390,2014,1,2014-09-23,SE,GIRONA,Girones,1,0,1,0,1,0,1,0,0,0,0,0,0,100.0,0.0,0,2,No n'hi ha,-1.0,1,3,1,0,0,0,0,0,0,0,0,0,0,0,1,-1,1,Resta sortides de via,-1,2,2,5,0,2,1,18.2,1,1,1,23,9
12391,2014,1,2014-12-15,SE,ALELLA,Maresme,3,0,1,0,1,0,0,0,1,0,0,0,0,20.0,0.0,0,2,No n'hi ha,-1.0,3,3,1,-1,0,0,0,-1,0,0,0,0,-1,0,5,-1,0,Xoc contra objecte/obstacle sense sortida prèvia de via,-1,2,2,5,-1,2,1,18.25,1,4,0,15,12
12392,2014,0,2014-11-09,C-32,SANT BOI DE LLOBREGAT,Baix Llobregat,3,0,1,0,1,0,0,0,1,0,0,0,0,40.0,0.0,0,2,No n'hi ha,0.0,1,3,1,0,0,0,0,0,0,0,0,0,0,0,2,-1,0,Caiguda en la via,-1,1,2,2,2,2,0,15.01,1,0,6,9,11
12393,2014,0,2014-07-12,N-260,PEDRET I MARZA,Alt Emporda,1,0,1,0,2,0,0,0,1,1,0,0,0,100.0,0.0,0,2,No n'hi ha,-1.0,3,3,1,0,0,0,0,0,0,0,0,0,0,0,4,-1,1,Encalç,-1,1,2,4,1,2,0,19.4,1,2,5,12,7
12394,2014,0,2014-05-25,C-17,LLICA D'AMUNT,Valles Oriental,3,1,1,1,1,0,0,0,0,1,0,0,0,100.0,0.0,0,3,No n'hi ha,-1.0,3,3,0,0,1,0,0,0,0,0,0,0,0,0,4,-1,1,Resta sortides de via,-1,1,2,1,2,2,0,18.35,1,1,6,25,5
12395,2014,0,2014-06-13,A-2,ESPARREGUERA,Baix Llobregat,3,0,1,0,1,0,0,0,1,0,0,0,0,100.0,0.0,0,2,No n'hi ha,-1.0,3,3,1,0,0,0,0,0,0,0,0,0,0,0,3,-1,0,Xoc contra objecte/obstacle sense sortida prèvia de via,-1,1,2,1,1,2,1,0.34,2,4,4,13,6
12396,2014,1,2014-10-11,SE,MANRESA,Bages,3,0,1,0,2,1,0,1,0,0,0,0,0,30.0,0.0,0,2,No n'hi ha,-1.0,3,3,1,0,0,0,0,0,0,0,0,0,0,0,5,-1,0,Atropellament,-1,2,2,5,-1,2,0,20.11,1,3,5,11,10
12397,2014,1,2014-05-15,SE,TERRASSA,Valles Occidental,3,0,1,0,1,0,1,0,0,0,0,0,0,100.0,0.0,0,-1,No n'hi ha,-1.0,3,3,1,0,0,0,0,0,0,0,0,1,0,0,4,-1,-1,Resta sortides de via,-1,2,2,5,-1,2,1,19.48,1,1,3,15,5
12398,2014,0,2014-05-20,C-17,GRANOLLERS,Valles Oriental,3,0,1,0,1,0,0,0,0,1,0,0,0,80.0,0.0,0,3,No n'hi ha,-1.0,1,3,1,0,0,0,0,0,0,0,0,0,0,0,4,-1,1,Resta sortides de via,-1,1,2,1,2,2,1,15.03,1,1,1,20,5
12399,2014,0,2014-04-23,CR,MACANET DE LA SELVA,Selva,1,0,1,0,1,0,0,0,0,1,0,0,0,40.0,0.0,0,2,No n'hi ha,-1.0,3,3,1,0,0,0,0,0,0,0,0,0,0,0,3,-1,1,Resta sortides de via,-1,1,2,0,0,2,1,21.02,1,1,2,23,4
12400,2014,1,2014-11-17,N-150,TERRASSA,Valles Occidental,3,0,1,0,1,0,0,0,1,0,0,0,0,100.0,0.0,0,2,No n'hi ha,-1.0,3,3,1,0,0,0,0,0,0,0,0,0,0,0,3,-1,1,Xoc contra objecte/obstacle sense sortida prèvia de via,-1,0,2,4,2,2,1,23.45,2,4,0,17,11
12401,2014,1,2014-10-24,SE,CASSA DE LA SELVA,Girones,1,0,1,1,1,0,0,1,0,0,0,0,0,50.0,0.0,0,1,No n'hi ha,-1.0,3,3,1,0,0,0,0,0,0,0,0,0,0,0,4,-1,0,Xoc contra objecte/obstacle sense sortida prèvia de via,-1,2,2,5,0,2,0,16.16,1,4,4,24,10
12402,2014,1,2014-03-27,SE,PREMIA DE MAR,Maresme,3,0,1,0,1,0,0,1,0,0,0,0,0,30.0,0.0,0,2,No n'hi ha,-1.0,3,3,1,-1,0,0,0,-1,0,0,0,0,0,0,4,-1,1,Xoc contra objecte/obstacle sense sortida prèvia de via,-1,2,2,5,0,2,1,10.38,0,4,3,27,3
12403,2014,0,2014-12-06,SE,MALLA,Osona,3,0,1,0,1,0,0,0,0,1,0,0,0,30.0,0.0,0,-1,Sense Especificar,-1.0,3,3,1,0,0,0,0,0,0,0,0,0,0,0,4,-1,-1,Resta sortides de via,-1,1,2,0,4,2,0,1.04,2,1,5,6,12
12404,2014,1,2014-11-24,C-12,"AVELLANES I SANTA LINYA, LES",Noguera,2,0,1,0,2,0,0,0,0,1,1,0,0,50.0,0.0,0,2,No n'hi ha,-1.0,3,3,1,0,0,0,0,0,0,0,0,0,0,0,4,-1,1,Envestida (frontal lateral),-1,0,2,4,2,2,1,8.52,0,2,0,24,11
12405,2014,1,2014-11-27,BV-1221,NAVARCLES,Bages,3,0,1,0,2,1,0,0,0,1,0,0,0,100.0,0.0,0,2,No n'hi ha,-1.0,1,3,1,0,0,0,1,0,0,0,0,0,0,0,5,-1,1,Atropellament,-1,0,2,4,0,2,1,18.33,1,3,3,27,11
12406,2014,0,2014-09-20,BV-5301,"BRULL, EL",Osona,3,0,1,0,1,0,0,0,1,0,0,0,0,90.0,0.0,0,-1,Sense Especificar,-1.0,3,3,1,0,0,0,0,0,0,0,0,0,0,0,4,-1,-1,Resta sortides de via,-1,1,2,4,4,2,0,12.54,0,1,5,20,9
12407,2014,1,2014-06-22,B-10,BARCELONA,Barcelones,3,1,0,0,1,0,0,0,1,0,0,0,0,80.0,0.0,0,-1,No n'hi ha,-1.0,3,3,0,0,0,0,0,0,0,0,0,0,0,0,4,-1,1,Xoc contra objecte/obstacle sense sortida prèvia de via,-1,0,2,1,-1,2,0,6.5,0,4,6,22,6
12408,2014,0,2014-05-04,BV-4031,CASTELLAR DE N'HUG,Bergueda,3,0,1,0,1,0,0,0,1,0,0,0,0,100.0,0.0,0,1,No n'hi ha,-1.0,3,3,1,0,0,0,0,0,0,0,0,0,0,0,4,-1,1,Resta sortides de via,-1,1,2,4,3,2,0,13.19,0,1,6,4,5
12409,2014,1,2014-11-05,SE,CASSERRES,Bergueda,3,0,1,0,2,1,0,0,0,1,0,0,0,100.0,0.0,0,2,No n'hi ha,-1.0,3,3,1,0,1,0,0,0,0,0,0,0,0,0,4,-1,1,Atropellament,-1,2,2,5,0,2,1,14.59,1,3,2,5,11
12410,2014,1,2014-02-21,SE,BARCELONA,Barcelones,3,1,0,0,1,0,0,0,1,0,0,0,0,100.0,0.0,0,-1,No n'hi ha,-1.0,3,3,0,0,0,0,0,0,0,0,0,0,0,0,5,-1,1,Xoc contra objecte/obstacle sense sortida prèvia de via,-1,2,0,5,-1,2,0,22.0,2,4,4,21,2
12411,2014,0,2014-06-13,GI-610,PALAU-SAVERDERA,Alt Emporda,1,0,1,0,2,0,1,0,0,1,0,0,0,100.0,0.0,0,2,No n'hi ha,-1.0,3,3,1,0,0,0,0,0,0,0,0,0,0,0,4,-1,1,Fregament o col·lisió lateral,-1,1,2,4,3,2,1,9.5,0,2,4,13,6
12412,2014,0,2014-07-15,C-25,MANRESA,Bages,3,0,1,0,2,0,0,0,1,1,0,0,0,100.0,0.0,0,2,No n'hi ha,-1.0,3,3,1,0,0,0,0,0,0,0,0,0,0,0,4,-1,0,Encalç,-1,1,2,4,2,2,1,17.54,1,2,1,15,7
12413,2014,1,2014-02-21,SE,SALOU,Tarragones,0,0,1,1,1,0,0,0,0,1,0,0,0,100.0,0.0,0,2,No n'hi ha,-1.0,3,3,1,0,0,0,0,0,0,0,0,0,0,1,3,5,1,Xoc contra objecte/obstacle sense sortida prèvia de via,1,0,2,0,0,2,1,5.45,2,4,4,21,2
12414,2014,0,2014-07-05,T-3225,CORNUDELLA DE MONTSANT,Priorat,0,0,1,0,2,0,1,0,0,0,1,0,0,100.0,0.0,0,1,No n'hi ha,-1.0,3,3,1,0,1,0,0,0,0,0,0,0,0,0,4,-1,1,Altres,-1,1,3,4,3,2,0,12.58,0,5,5,5,7
12415,2014,0,2014-03-29,C-59,SAN FELIU DE CODINES,Valles Oriental,3,0,1,0,1,0,0,0,0,1,0,0,0,100.0,0.0,0,1,No n'hi ha,-1.0,3,3,1,0,1,0,0,0,0,0,0,0,0,0,1,-1,1,Resta sortides de via,-1,1,2,4,2,2,0,7.13,0,1,5,29,3
12416,2014,1,2014-04-08,SE,LLEIDA,Segria,2,0,1,0,1,0,1,0,0,0,0,0,0,20.0,0.0,0,2,Carril bici,-1.0,3,3,1,-1,0,0,0,-1,0,0,0,0,-1,0,4,-1,1,Xoc contra objecte/obstacle sense sortida prèvia de via,-1,2,2,5,-1,2,1,17.5,1,4,1,8,4
12417,2014,0,2014-11-08,BP-1417,SANT CUGAT DEL VALLES,Valles Occidental,3,0,1,1,1,0,0,0,1,0,0,0,0,100.0,0.0,0,1,No n'hi ha,-1.0,3,3,1,0,0,0,0,0,0,0,0,0,0,0,4,-1,1,Resta sortides de via,-1,1,2,4,0,2,0,12.21,0,1,5,8,11
12418,2014,0,2014-07-19,TV-3022,"PERELLO, EL",Baix Ebre,0,0,1,0,1,0,0,0,1,0,0,0,0,70.0,0.0,0,2,No n'hi ha,-1.0,3,3,1,0,0,0,0,0,0,0,0,0,0,0,4,-1,1,Resta sortides de via,-1,1,2,4,2,2,0,12.15,0,1,5,19,7
12419,2014,1,2014-02-05,SE,MOLINS DE REI,Baix Llobregat,3,0,1,0,2,0,0,0,1,1,0,0,0,20.0,0.0,0,-1,No n'hi ha,-1.0,3,3,1,-1,0,0,0,-1,0,0,0,0,-1,1,4,5,0,Envestida (frontal lateral),1,2,2,5,-1,2,1,16.25,1,2,2,5,2
12420,2014,1,2014-01-02,SE,BARCELONA,Barcelones,3,0,1,0,2,0,1,0,0,1,0,0,0,100.0,0.0,0,-1,No n'hi ha,-1.0,3,3,1,0,0,0,0,0,0,0,0,0,0,1,4,2,0,Envestida (frontal lateral),2,2,2,5,-1,2,1,16.03,1,2,3,2,1
12421,2014,0,2014-09-18,BV-1432,GRANOLLERS,Valles Oriental,3,0,1,1,2,0,0,0,0,2,0,0,0,50.0,0.0,0,2,Carril acceleració,0.0,3,3,1,0,0,0,0,0,0,0,0,0,0,1,4,4,1,Envestida (frontal lateral),1,1,2,4,3,2,1,15.15,1,2,3,18,9