,Year,Area,Date,Road,Municipality Name,County Name,Province Name,Fatalties,Serious Injuries,Light Injuries,Units Involved,Pedestrains Involved,Bicycles Involved,Mopeds Involved,Motorcycles,Light Vehicles Involved,Heavy Vehicles Involved,Other Units Involved,Unspecified Units Involved,Road Speed Limit,Accident with Hit and Run,Fog Presence,Surrounding Environment,Special Lane Presence,Special Traffic Measures,Weather Conditions,Special Road Functions,Severity of Accident,Influence of Fog,Influence of Environment,Influence of Traffic,Influence of Weather,Influence of Wind Intensity,Influence of Lighting,Influence of Special Measures,Influence of Road Objects,Influence of Road Surface,Influence of Visibility,Intersection Characteristics,Lighting Conditions,Traffic Regulation and Priority,Direction of Road,Subtype of Accident,Subtype of Road Section,Subzone within Area,Road Surface Conditions,Type of Road,Road Ownership,Wind Conditions,Day of the Week Grouping,Hour of Day,Time of Day Grouping,Type of Accident,Day Type,Day,Month
12422,2014,0,2014-01-01,C-61,VALLGORGUINA,Valles Oriental,3,0,1,0,1,0,0,0,1,0,0,0,0,100.0,0.0,0,2,No n'hi ha,-1.0,3,3,1,0,0,0,0,0,0,0,0,0,0,0,4,-1,1,Resta sortides de via,-1,1,2,4,2,2,1,15.25,1,1,2,1,1
12423,2014,1,2014-07-02,SE,BARCELONA,Barcelones,3,0,1,0,1,0,0,0,1,0,0,0,0,40.0,0.0,0,-1,No n'hi ha,-1.0,3,3,1,0,0,0,0,0,0,0,0,0,0,0,5,-1,1,Caiguda en la via,-1,2,2,5,-1,2,1,12.45,0,0,2,2,7
12424,2014,1,2014-04-09,SE,SABADELL,Valles Occidental,3,0,1,0,2,0,0,1,0,1,0,0,0,100.0,0.0,0,2,No n'hi ha,-1.0,3,3,1,0,0,0,0,0,0,0,0,0,0,2,4,3,1,Encalç,2,2,2,5,0,2,1,15.09,1,2,2,9,4
12425,2014,1,2014-08-15,SE,BADALONA,Barcelones,3,0,2,4,2,0,0,0,0,2,0,0,0,20.0,0.0,0,-1,Sense Especificar,-1.0,3,3,1,-1,0,0,0,-1,0,0,0,0,-1,1,5,3,0,Envestida (frontal lateral),2,2,2,5,-1,2,1,3.15,2,2,4,15,8
12426,2014,1,2014-01-16,SE,MANRESA,Bages,3,0,1,0,1,0,0,0,1,0,0,0,0,100.0,1.0,0,2,No n'hi ha,-1.0,3,3,1,0,0,0,0,0,0,0,0,0,0,1,4,2,1,Caiguda en la via,1,2,2,5,-1,2,1,12.08,0,0,3,16,1
12427,2014,1,2014-05-16,SE,RUBI,Valles Occidental,3,0,1,0,2,1,0,0,0,1,0,0,0,100.0,0.0,0,2,No n'hi ha,-1.0,3,3,1,0,0,0,0,0,0,0,0,0,0,0,4,-1,1,Atropellament,-1,2,2,5,-1,2,1,11.2,0,3,4,16,5
12428,2014,1,2014-10-09,SE,LLEIDA,Segria,2,0,1,0,1,0,0,0,0,0,1,0,0,20.0,0.0,0,2,No n'hi ha,-1.0,3,3,1,-1,0,0,0,-1,0,0,0,0,-1,0,4,-1,1,Caiguda en la via,-1,2,2,5,-1,2,1,11.35,0,0,3,9,10
12429,2014,0,2014-10-04,C-26,CASTELLAR DE LA RIBERA,Solsones,2,0,1,0,1,0,0,0,1,0,0,0,0,100.0,0.0,0,1,Carril lent,-1.0,3,3,1,0,0,0,0,0,0,0,0,0,0,0,4,-1,1,Resta sortides de via,-1,1,2,4,2,2,0,13.29,0,1,5,4,10
12430,2014,1,2014-09-21,SE,HOSPITALET DE LLOBREGAT,Barcelones,3,0,1,0,1,0,0,0,0,0,1,0,0,20.0,,0,2,No n'hi ha,-1.0,3,3,1,-1,0,0,0,-1,0,0,0,0,0,0,4,-1,1,Caiguda en la via,-1,2,2,5,-1,2,0,13.54,0,0,6,21,9
12431,2014,0,2014-02-15,N-340,RODA DE BARA,Tarragones,0,0,1,0,1,0,1,0,0,0,0,0,0,100.0,1.0,0,2,No n'hi ha,-1.0,3,3,1,0,0,0,0,0,0,0,0,0,0,1,4,-1,1,Envestida (frontal lateral),1,1,2,4,1,2,0,11.07,0,2,5,15,2
12432,2014,1,2014-08-23,SE,"CELLERA DE TER, LA",Selva,1,1,0,0,1,0,1,0,0,0,0,0,0,50.0,0.0,0,2,No n'hi ha,-1.0,3,3,0,0,0,0,0,0,0,0,0,0,0,1,4,5,1,Caiguda en la via,2,2,2,5,-1,2,0,17.56,1,0,5,23,8
12433,2014,1,2014-04-14,SE,LLORET DE MAR,Selva,1,0,1,0,2,0,0,0,1,0,1,0,0,40.0,0.0,0,2,No n'hi ha,-1.0,3,3,1,0,0,0,0,0,0,0,0,0,0,1,5,3,1,Envestida (frontal lateral),2,2,2,5,-1,2,1,21.0,1,2,0,14,4
12434,2014,1,2014-08-25,SE,"VENDRELL, EL",Baix Penedes,0,0,1,0,1,0,0,1,0,0,0,0,0,40.0,0.0,0,-1,No n'hi ha,-1.0,3,3,1,-1,-1,0,0,-1,0,0,0,0,-1,0,4,-1,1,Caiguda en la via,-1,2,0,5,-1,2,1,18.0,1,0,0,25,8
12435,2014,0,2014-05-11,C-12,BALAGUER,Noguera,2,0,1,0,1,0,0,0,1,0,0,0,0,70.0,0.0,0,1,No n'hi ha,-1.0,3,3,1,0,0,0,0,0,0,0,0,0,1,0,4,-1,1,Resta sortides de via,-1,1,2,4,2,2,0,18.37,1,1,6,11,5
12436,2014,1,2014-03-12,SE,CASSA DE LA SELVA,Girones,1,0,1,0,1,0,0,0,0,1,0,0,0,100.0,0.0,0,0,No n'hi ha,-1.0,3,3,1,0,0,0,0,0,0,0,0,0,0,0,4,-1,1,Sortida de via amb xoc o col·lisió,-1,2,0,5,-1,2,1,17.2,1,1,2,12,3
12437,2014,0,2014-07-13,C-1311,TREMP,Pallars Jussa,2,0,1,0,1,0,0,0,1,0,0,0,0,100.0,0.0,0,1,No n'hi ha,-1.0,3,3,1,0,0,0,0,0,0,0,0,0,0,0,4,-1,1,Resta sortides de via,-1,1,2,4,3,2,0,17.07,1,1,6,13,7
12438,2014,1,2014-03-15,SE,BARCELONA,Barcelones,3,0,1,0,1,0,0,0,1,0,0,0,0,100.0,0.0,0,-1,Carril bus,-1.0,3,3,1,0,0,0,0,0,0,0,0,0,0,0,5,-1,1,Xoc contra objecte/obstacle sense sortida prèvia de via,-1,2,2,5,-1,2,0,5.4,2,4,5,15,3
12439,2014,0,2014-06-15,GI-682,TOSSA DE MAR,Selva,1,0,1,0,1,0,1,0,0,0,0,0,0,100.0,0.0,0,1,No n'hi ha,-1.0,3,3,1,0,0,0,0,0,0,0,0,0,0,0,4,-1,1,Caiguda en la via,-1,1,2,4,2,2,0,9.59,0,0,6,15,6
12440,2014,1,2014-01-28,SE,BARCELONA,Barcelones,3,0,1,1,2,0,0,0,1,1,0,0,0,100.0,0.0,0,-1,No n'hi ha,-1.0,3,3,1,0,0,0,0,0,0,0,0,0,0,1,4,3,1,Fregament o col·lisió lateral,2,2,2,5,-1,2,1,16.1,1,2,1,28,1
12441,2014,1,2014-11-09,SE,SANT ADRIA DE BESOS,Barcelones,3,0,1,0,2,0,0,0,1,1,0,0,0,100.0,0.0,0,2,No n'hi ha,-1.0,3,3,1,0,0,0,0,0,0,0,0,0,0,1,5,4,1,Encalç,0,2,2,5,-1,2,0,1.05,2,2,6,9,11
12442,2014,0,2014-10-18,GIV-6425,"PERA, LA",Baix Emporda,1,0,1,0,1,0,0,0,0,1,0,0,0,100.0,0.0,0,0,No n'hi ha,-1.0,3,3,1,0,0,0,0,0,0,0,0,0,0,1,4,4,1,Resta sortides de via,1,1,2,4,3,2,0,9.24,0,1,5,18,10
12443,2014,1,2014-01-23,SE,SANT CUGAT DEL VALLES,Valles Occidental,3,0,1,0,2,0,0,0,1,1,0,0,0,20.0,0.0,0,-1,No n'hi ha,-1.0,1,3,1,-1,-1,0,0,-1,0,0,0,0,0,1,5,4,-1,Fregament o col·lisió lateral,0,2,0,5,-1,2,1,6.26,0,2,3,23,1
12444,2014,0,2014-05-22,C-37,SANTA MARGARIDA DE M,Anoia,3,2,0,0,2,0,0,0,0,1,1,0,0,100.0,0.0,0,3,No n'hi ha,-1.0,3,3,0,0,0,0,0,0,0,0,0,0,0,0,4,-1,1,Col·lisió frontal,-1,1,2,4,2,2,1,11.1,0,2,3,22,5
12445,2014,0,2014-04-05,BV-4601,GURB,Osona,3,0,1,0,2,0,0,0,1,1,0,0,0,100.0,0.0,0,0,No n'hi ha,-1.0,3,3,1,0,0,0,0,0,0,0,0,0,0,1,4,2,1,Envestida (frontal lateral),2,1,2,4,3,2,0,8.58,0,2,5,5,4
12446,2014,0,2014-04-28,C-58,VACARISSES,Valles Occidental,3,0,2,2,2,0,0,0,0,2,0,0,0,100.0,0.0,0,0,No n'hi ha,-1.0,3,3,1,0,0,0,0,0,0,0,0,0,0,0,4,-1,1,Col·lisió frontal,-1,1,2,4,2,2,1,10.2,0,2,0,28,4
12447,2014,1,2014-03-21,SE,BLANES,Selva,1,0,1,0,2,1,0,0,0,1,0,0,0,20.0,0.0,0,2,No n'hi ha,-1.0,3,3,1,-1,0,0,0,-1,0,0,0,0,-1,1,5,5,0,Atropellament,2,2,2,5,-1,2,0,19.15,1,3,4,21,3
12448,2014,0,2014-06-03,N-340,SANT CARLES DE LA RAPITA,Montsia,0,3,0,1,3,0,0,0,0,2,1,0,0,100.0,0.0,0,2,Carril central,-1.0,1,3,0,0,0,0,0,0,0,0,0,0,0,1,0,4,1,Envestida (frontal lateral),2,1,2,4,1,2,1,18.34,1,2,1,3,6
12449,2014,1,2014-08-04,SE,SANT QUIRZE DEL VALLES,Valles Occidental,3,0,1,0,1,0,1,0,0,0,0,0,0,20.0,0.0,0,-1,No n'hi ha,-1.0,3,3,1,0,0,0,0,0,0,0,0,0,0,1,4,5,0,Caiguda en la via,1,2,2,5,-1,2,1,12.1,0,0,0,4,8
12450,2014,1,2014-06-13,SE,BARCELONA,Barcelones,3,0,1,1,2,1,0,0,1,0,0,0,0,100.0,0.0,0,-1,No n'hi ha,-1.0,3,3,1,0,0,0,0,0,0,0,0,0,1,0,5,-1,0,Atropellament,-1,2,2,5,-1,2,0,21.55,1,3,4,13,6
12451,2014,1,2014-10-05,SE,BARCELONA,Barcelones,3,0,1,0,3,0,0,0,1,2,0,0,0,100.0,0.0,0,-1,No n'hi ha,-1.0,3,3,1,0,0,0,0,0,0,0,0,0,0,0,4,-1,0,Encalç,-1,2,2,5,-1,2,0,10.05,0,2,6,5,10
12452,2014,1,2014-02-27,SE,BARCELONA,Barcelones,3,0,1,0,2,0,0,0,1,1,0,0,0,100.0,0.0,0,-1,Carril bus,-1.0,3,3,1,0,0,1,0,0,0,0,0,0,0,1,4,3,1,Envestida (frontal lateral),1,2,2,5,-1,2,1,14.1,1,2,3,27,2
12453,2014,0,2014-06-29,L-511,COLL DE NARGO,Alt Urgell,2,0,1,1,2,0,0,0,1,1,0,0,0,100.0,0.0,0,1,No n'hi ha,-1.0,3,3,1,0,0,0,0,0,0,0,0,0,0,0,4,-1,1,Altres,-1,1,2,4,3,2,0,19.51,1,5,6,29,6
12454,2014,1,2014-09-25,SE,BARCELONA,Barcelones,3,0,1,0,2,1,0,0,0,1,0,0,0,30.0,0.0,0,-1,No n'hi ha,-1.0,3,3,1,0,0,0,0,0,0,0,0,0,0,1,1,2,0,Atropellament,0,2,2,5,-1,2,1,7.15,0,3,3,25,9
12455,2014,1,2014-11-17,SE,IVARS D'URGELL,Pla d'Urgell,2,1,0,0,2,1,0,0,0,0,1,0,0,100.0,0.0,0,2,No n'hi ha,-1.0,3,3,0,0,1,0,0,0,0,0,0,0,0,0,4,-1,1,Atropellament,-1,2,3,5,0,2,1,9.05,0,3,0,17,11
12456,2014,0,2014-11-24,N-145,"VALLS DE VALIRA, LES",Alt Urgell,2,0,1,0,1,0,0,0,0,1,0,0,0,90.0,0.0,0,1,No n'hi ha,-1.0,3,3,1,0,0,0,0,0,0,0,0,0,0,0,3,-1,1,Resta sortides de via,-1,1,2,4,1,2,1,20.26,1,1,0,24,11
12457,2014,0,2014-08-26,GI-550,ARBUCIES,Selva,1,0,2,1,1,0,0,0,0,1,0,0,0,100.0,0.0,0,1,Carril lent,-1.0,3,3,1,0,0,0,0,0,0,0,0,0,0,0,4,-1,1,Resta sortides de via,-1,1,2,4,2,2,1,19.2,1,1,1,26,8
12458,2014,0,2014-07-20,C-12,ALBATARREC,Segria,2,0,1,0,1,0,0,0,1,0,0,0,0,70.0,0.0,0,2,No n'hi ha,-1.0,3,3,1,0,1,0,0,0,0,0,0,0,0,1,4,2,1,Resta sortides de via,3,1,2,4,2,2,0,16.15,1,1,6,20,7
12459,2014,1,2014-02-03,SE,SANT CUGAT DEL VALLES,Valles Occidental,3,0,1,0,1,0,0,0,1,0,0,0,0,20.0,0.0,0,-1,No n'hi ha,-1.0,3,3,1,0,-1,0,0,0,0,0,0,0,0,0,1,-1,-1,Resta sortides de via,-1,2,2,5,-1,2,1,21.29,1,1,0,3,2
12460,2014,1,2014-01-25,SE,BARCELONA,Barcelones,3,1,0,0,2,1,0,0,0,0,1,0,0,30.0,0.0,0,-1,Carril bus,0.0,3,3,0,0,0,0,0,0,0,0,0,0,0,1,5,3,1,Atropellament,2,2,2,5,-1,2,0,23.14,2,3,5,25,1
12461,2014,1,2014-04-12,SE,MATARO,Maresme,3,0,1,0,1,0,0,1,0,0,0,0,0,20.0,,0,-1,No n'hi ha,-1.0,3,3,1,-1,0,0,0,-1,0,0,0,0,0,0,5,-1,0,Caiguda en la via,-1,2,2,5,-1,2,0,4.12,2,0,5,12,4
12462,2014,1,2014-03-25,SE,BARCELONA,Barcelones,3,1,0,1,2,1,0,0,1,0,0,0,0,100.0,0.0,0,-1,No n'hi ha,-1.0,3,3,0,0,0,0,0,0,0,0,0,0,0,1,4,3,1,Atropellament,1,2,2,5,-1,2,1,10.15,0,3,1,25,3
12463,2014,0,2014-06-03,C-252,CABANES,Alt Emporda,1,0,1,0,1,0,0,0,0,1,0,0,0,100.0,0.0,0,1,No n'hi ha,-1.0,3,3,1,0,0,0,0,0,0,0,0,0,0,0,3,-1,1,Resta sortides de via,-1,1,2,4,0,2,1,23.53,2,1,1,3,6
12464,2014,0,2014-11-27,C-14,ALCOVER,Alt Camp,0,1,0,2,2,0,0,0,0,2,0,0,0,100.0,0.0,0,1,No n'hi ha,-1.0,3,3,0,0,0,0,0,0,0,0,0,0,0,0,3,-1,1,Envestida (frontal lateral),-1,1,2,4,2,2,1,20.49,1,2,3,27,11
12465,2014,0,2014-06-28,C-153,"VALL D'EN BAS, LA",Garrotxa,1,0,1,0,1,0,0,0,1,0,0,0,0,100.0,0.0,0,1,No n'hi ha,-1.0,3,3,1,0,0,0,0,0,0,0,0,0,0,0,4,-1,1,Resta sortides de via,-1,1,2,4,2,2,0,13.0,0,1,5,28,6
12466,2014,1,2014-06-06,SE,HOSPITALET DE LLOBREGAT,Barcelones,3,0,1,0,2,0,0,1,0,1,0,0,0,20.0,0.0,0,-1,No n'hi ha,-1.0,3,3,1,-1,0,0,0,-1,0,0,0,0,0,1,4,4,0,Caiguda en la via,2,2,2,5,-1,2,0,16.58,1,0,4,6,6
12467,2014,1,2014-02-08,SE,SABADELL,Valles Occidental,3,0,1,1,2,0,0,0,0,2,0,0,0,100.0,0.0,0,-1,No n'hi ha,-1.0,3,3,1,0,0,0,0,0,0,0,0,0,0,0,4,-1,-1,Altres,-1,2,2,5,-1,2,0,7.28,0,5,5,8,2
12468,2014,1,2014-10-29,SE,"MASNOU, EL",Maresme,3,0,1,0,2,0,0,1,0,1,0,0,0,40.0,0.0,0,-1,No n'hi ha,-1.0,3,3,1,0,0,0,0,0,0,0,0,0,0,0,4,-1,1,Col·lisió frontal,-1,2,2,5,-1,2,1,7.22,0,2,2,29,10
12469,2014,1,2014-05-02,SE,SABADELL,Valles Occidental,3,0,1,0,1,0,0,0,0,0,1,0,0,100.0,0.0,0,-1,No n'hi ha,-1.0,3,3,1,0,0,0,0,0,0,0,0,0,0,0,4,-1,-1,Altres,-1,2,2,5,-1,2,0,15.05,1,5,4,2,5
12470,2014,1,2014-01-16,SE,SABADELL,Valles Occidental,3,0,1,0,2,1,0,0,0,1,0,0,0,100.0,0.0,0,-1,No n'hi ha,-1.0,3,3,1,0,0,0,0,0,0,0,0,0,0,0,4,-1,-1,Atropellament,-1,2,2,5,-1,2,1,14.3,1,3,3,16,1
12471,2014,0,2014-10-24,C-241C,SANTA MARGARIDA DE M,Anoia,3,0,1,0,2,0,0,0,1,1,0,0,0,100.0,0.0,0,1,No n'hi ha,-1.0,3,3,1,0,0,0,0,0,0,0,0,0,0,0,4,-1,1,Envestida (frontal lateral),-1,1,2,4,2,2,0,15.56,1,2,4,24,10
12472,2014,0,2014-04-27,C-65,CASSA DE LA SELVA,Girones,1,0,3,2,2,0,0,0,0,2,0,0,0,100.0,0.0,0,2,No n'hi ha,-1.0,3,3,1,0,0,0,0,0,0,0,0,0,0,0,4,-1,1,Envestida (frontal lateral),-1,1,2,4,2,2,0,16.26,1,2,6,27,4
12473,2014,0,2014-12-02,BV-1225,MANRESA,Bages,3,0,1,0,1,0,0,0,1,0,0,0,0,50.0,0.0,0,0,No n'hi ha,-1.0,3,3,1,0,0,0,0,0,0,0,0,0,0,0,3,-1,1,Resta sortides de via,-1,1,2,4,3,2,1,17.38,1,1,1,2,12
12474,2014,1,2014-10-02,SE,RIPOLLET,Valles Occidental,3,1,0,0,1,0,1,0,0,0,0,0,0,100.0,0.0,0,2,No n'hi ha,-1.0,3,3,0,0,0,0,0,0,0,0,0,0,0,0,4,-1,1,Caiguda en la via,-1,2,2,5,-1,2,1,18.3,1,0,3,2,10
12475,2014,1,2014-09-12,SE,BARCELONA,Barcelones,3,0,1,0,1,0,0,0,1,0,0,0,0,100.0,0.0,0,-1,No n'hi ha,-1.0,3,3,1,0,0,0,0,0,0,0,1,0,0,1,4,2,1,Caiguda en la via,2,2,1,5,-1,2,0,15.55,1,0,4,12,9
12476,2015,1,2015-04-24,SE,TERRASSA,Valles Occidental,3,0,1,0,2,1,0,0,0,1,0,0,0,100.0,0.0,0,-1,No n'hi ha,-1.0,3,3,1,0,0,0,0,0,0,0,0,0,0,0,4,-1,-1,Atropellament,-1,2,2,5,-1,2,1,14.1,1,3,4,24,4
12477,2015,0,2015-05-23,CR,SANT FELIU DE PALLEROLS,Garrotxa,1,0,1,1,1,0,0,0,1,0,0,0,0,100.0,0.0,0,1,No n'hi ha,-1.0,3,3,1,0,0,0,0,0,0,0,0,0,0,0,4,-1,1,Caiguda en la via,-1,1,2,0,0,2,0,17.01,1,0,5,23,5
12478,2015,0,2015-08-30,BP-1417,BARCELONA,Barcelones,3,0,1,0,1,0,0,0,1,0,0,0,0,100.0,0.0,0,2,No n'hi ha,-1.0,3,3,1,0,0,0,0,0,0,0,0,0,0,0,4,-1,1,Resta sortides de via,-1,1,2,4,3,2,0,13.3,0,1,6,30,8
12479,2015,0,2015-09-08,N-260,BAIX PALLARS,Pallars Sobira,2,0,1,0,2,0,0,0,2,0,0,0,0,30.0,0.0,0,1,No n'hi ha,-1.0,3,3,1,0,0,0,0,0,0,0,0,1,0,0,4,-1,1,Encalç,-1,1,2,4,1,2,1,11.19,0,2,1,8,9
12480,2015,0,2015-08-11,N-260,RIPOLL,Ripolles,1,0,1,1,2,0,0,0,1,1,0,0,0,80.0,0.0,0,1,No n'hi ha,-1.0,3,3,1,0,0,0,0,0,0,0,0,0,0,0,4,-1,1,Encalç,-1,1,2,4,1,2,1,17.2,1,2,1,11,8
12481,2015,0,2015-12-03,C-17,"LLAGOSTA, LA",Valles Oriental,3,0,1,0,2,0,0,0,1,1,0,0,0,100.0,0.0,0,1,No n'hi ha,-1.0,3,3,1,0,0,1,0,0,0,0,0,0,0,1,2,4,1,Encalç,1,1,2,1,2,2,1,7.26,0,2,3,3,12
12482,2015,1,2015-12-25,SE,GIRONA,Girones,1,0,1,0,1,0,0,1,0,0,0,0,0,100.0,0.0,1,2,No n'hi ha,-1.0,3,3,1,0,0,0,0,0,0,0,0,0,0,2,5,3,0,Caiguda en la via,2,2,2,5,-1,2,1,6.1,0,0,4,25,12
12483,2015,1,2015-11-21,SE,BARCELONA,Barcelones,3,0,1,1,2,1,0,0,1,0,0,0,0,100.0,0.0,0,-1,No n'hi ha,-1.0,3,3,1,0,0,0,0,0,0,0,0,0,0,1,4,2,0,Atropellament,1,2,2,5,-1,2,0,11.3,0,3,5,21,11
12484,2015,1,2015-09-17,SE,BADALONA,Barcelones,3,0,1,0,2,0,0,0,1,1,0,0,0,20.0,0.0,0,2,No n'hi ha,-1.0,3,3,1,-1,0,0,0,-1,0,0,0,0,-1,0,4,-1,0,Encalç,-1,2,2,5,-1,2,1,15.45,1,2,3,17,9
12485,2015,1,2015-06-05,SE,CAMBRILS,Baix Camp,0,0,1,0,2,1,0,0,0,1,0,0,0,100.0,1.0,0,2,No n'hi ha,-1.0,3,3,1,0,0,0,0,0,0,0,0,0,0,2,4,2,0,Atropellament,2,2,2,5,-1,2,1,8.45,0,3,4,5,6
12486,2015,1,2015-09-12,SE,BARCELONA,Barcelones,3,0,1,0,2,1,0,0,0,1,0,0,0,100.0,0.0,0,-1,No n'hi ha,-1.0,3,3,1,0,0,0,0,0,0,0,0,0,0,0,4,-1,1,Atropellament,-1,2,2,5,-1,2,0,16.2,1,3,5,12,9
12487,2015,1,2015-05-09,SE,SITGES,Garraf,3,0,1,0,2,0,0,0,1,1,0,0,0,30.0,0.0,0,2,No n'hi ha,-1.0,3,3,1,0,0,0,0,0,0,0,0,0,0,2,5,2,1,Envestida (frontal lateral),2,2,2,5,-1,2,0,21.5,1,2,5,9,5
12488,2015,1,2015-05-20,SE,IGUALADA,Anoia,3,0,1,0,2,1,0,0,0,1,0,0,0,50.0,0.0,0,-1,No n'hi ha,-1.0,3,3,1,-1,0,0,0,-1,0,0,0,0,0,1,4,5,0,Atropellament,2,2,2,5,-1,2,1,19.56,1,3,2,20,5
12489,2015,1,2015-07-18,C-155,SABADELL,Valles Occidental,3,0,1,4,2,0,0,0,0,2,0,0,0,100.0,0.0,0,2,No n'hi ha,-1.0,3,3,1,0,0,0,0,0,0,0,0,0,0,2,3,-1,1,Col·lisió frontal,3,0,2,5,4,2,0,2.08,2,2,5,18,7
12490,2015,1,2015-05-05,SE,BARCELONA,Barcelones,3,0,1,0,1,0,0,0,1,0,0,0,0,100.0,0.0,0,-1,No n'hi ha,-1.0,3,3,1,0,0,0,0,0,0,0,0,0,0,0,5,-1,0,Caiguda en la via,-1,2,2,5,-1,2,1,23.0,2,0,1,5,5
12491,2015,0,2015-07-24,GIV-6102,PALAU-SAVERDERA,Alt Emporda,1,0,1,6,2,0,0,0,0,2,0,0,0,30.0,0.0,0,0,No n'hi ha,-1.0,1,3,1,0,0,0,0,0,0,0,0,0,0,0,1,-1,0,Envestida (frontal lateral),-1,1,2,4,3,2,0,21.14,1,2,4,24,7
12492,2015,1,2015-12-23,SE,MARTORELL,Baix Llobregat,3,0,1,0,1,0,0,0,0,1,0,0,0,90.0,0.0,0,-1,Sense Especificar,-1.0,3,3,1,0,0,0,0,0,0,0,0,0,0,2,4,5,-1,Sortida de via amb bolcada,1,0,2,4,-1,2,1,17.3,1,1,2,23,12
12493,2015,0,2015-05-01,N-141c,MOIA,Moianès,3,0,2,0,2,0,0,0,2,0,0,0,0,100.0,0.0,0,2,No n'hi ha,-1.0,3,3,1,0,0,0,0,0,0,0,0,0,0,0,4,-1,1,Resta sortides de via,-1,1,2,4,3,2,1,9.42,0,1,4,1,5
12494,2015,1,2015-03-11,SE,BARCELONA,Barcelones,3,0,1,0,2,1,0,0,0,1,0,0,0,100.0,0.0,0,-1,No n'hi ha,-1.0,3,3,1,0,0,0,0,0,0,0,0,0,0,0,4,-1,1,Atropellament,-1,2,2,5,-1,2,1,11.1,0,3,2,11,3
12495,2015,1,2015-05-15,SE,MOLLET DEL VALLES,Valles Oriental,3,0,1,0,2,1,0,0,1,0,0,0,0,20.0,0.0,0,-1,No n'hi ha,-1.0,3,3,1,0,-1,0,0,0,0,0,0,0,0,0,4,-1,-1,Atropellament,-1,2,2,5,-1,2,0,15.35,1,3,4,15,5
12496,2015,0,2015-05-01,L-401,FIGOLS I ALINYA,Alt Urgell,2,0,1,1,1,0,0,0,1,0,0,0,0,100.0,0.0,0,1,No n'hi ha,-1.0,3,3,1,0,0,0,0,0,0,0,0,0,0,0,4,-1,1,Caiguda en la via,-1,1,2,4,0,2,1,13.31,0,0,4,1,5
12497,2015,0,2015-05-17,BV-1123,MARGANELL,Bages,3,0,1,0,1,0,0,0,1,0,0,0,0,90.0,0.0,0,-1,Sense Especificar,-1.0,3,3,1,0,0,0,0,0,0,0,0,0,0,0,4,-1,-1,Resta sortides de via,-1,1,2,4,4,2,0,12.19,0,1,6,17,5
12498,2015,0,2015-01-30,BV-5151,FRANQUESES DEL VALLE,Valles Oriental,3,0,1,0,2,0,1,0,0,1,0,0,0,50.0,0.0,0,2,No n'hi ha,-1.0,3,3,1,0,0,0,0,0,0,0,0,0,0,1,4,4,1,Fregament o col·lisió lateral,2,1,2,4,4,2,1,12.54,0,2,4,30,1
12499,2015,1,2015-12-19,SE,BARCELONA,Barcelones,3,0,2,0,2,1,0,0,0,0,1,0,0,100.0,0.0,0,-1,No n'hi ha,-1.0,3,3,1,0,0,0,0,0,0,0,0,0,0,0,5,-1,1,Atropellament,-1,2,2,5,-1,2,0,21.3,1,3,5,19,12
12500,2015,1,2015-09-28,SE,SANT BOI DE LLOBREGAT,Baix Llobregat,3,0,1,0,2,0,0,0,1,1,0,0,0,20.0,0.0,0,-1,No n'hi ha,-1.0,3,3,1,0,0,0,0,0,0,0,0,0,0,0,4,-1,-1,Envestida (frontal lateral),-1,2,2,5,-1,2,1,16.5,1,2,0,28,9
12501,2015,1,2015-06-22,BP-5002,"MASNOU, EL",Maresme,3,0,1,0,1,0,0,0,1,0,0,0,0,90.0,0.0,0,-1,No n'hi ha,-1.0,3,3,1,0,-1,0,0,0,0,0,0,0,0,0,1,-1,-1,Caiguda en la via,-1,0,2,4,-1,2,1,5.25,2,0,0,22,6
12502,2015,1,2015-07-16,SE,"PRAT DE LLOBREGAT, E",Baix Llobregat,3,0,1,0,2,0,0,0,1,1,0,0,0,30.0,0.0,0,-1,No n'hi ha,-1.0,3,3,1,0,0,0,0,0,0,0,0,0,0,1,4,4,-1,Envestida (frontal lateral),2,2,2,5,-1,2,1,13.3,0,2,3,16,7
12503,2015,0,2015-11-28,GI-610,ROSES,Alt Emporda,1,0,1,1,1,0,0,0,0,1,0,0,0,100.0,0.0,0,2,No n'hi ha,-1.0,3,3,1,0,0,0,0,0,0,0,0,0,0,0,4,-1,1,Resta sortides de via,-1,1,2,4,4,2,0,12.46,0,1,5,28,11
12504,2015,1,2015-12-12,SE,MONTMELO,Valles Oriental,3,1,0,0,1,0,0,0,1,0,0,0,0,30.0,0.0,0,2,No n'hi ha,0.0,3,3,0,0,0,0,0,0,0,0,0,0,0,1,5,4,1,Xoc contra objecte/obstacle sense sortida prèvia de via,0,2,2,5,-1,2,0,4.26,2,4,5,12,12
12505,2015,1,2015-10-14,SE,BARCELONA,Barcelones,3,0,1,0,2,0,0,1,0,0,1,0,0,100.0,0.0,0,-1,No n'hi ha,-1.0,3,3,1,0,0,0,0,0,0,0,0,0,0,0,4,-1,0,Fregament o col·lisió lateral,-1,2,0,5,-1,2,1,12.0,0,2,2,14,10
12506,2015,0,2015-05-22,C-14z,REUS,Baix Camp,0,0,1,0,1,0,0,0,0,1,0,0,0,90.0,0.0,0,-1,Sense Especificar,-1.0,3,3,1,0,0,0,0,0,0,0,0,0,0,2,4,4,-1,Resta sortides de via,0,1,2,4,4,2,0,15.28,1,1,4,22,5