,Year,Area,Date,Road,Municipality Name,County Name,Province Name,Fatalties,Serious Injuries,Light Injuries,Units Involved,Pedestrains Involved,Bicycles Involved,Mopeds Involved,Motorcycles,Light Vehicles Involved,Heavy Vehicles Involved,Other Units Involved,Unspecified Units Involved,Road Speed Limit,Accident with Hit and Run,Fog Presence,Surrounding Environment,Special Lane Presence,Special Traffic Measures,Weather Conditions,Special Road Functions,Severity of Accident,Influence of Fog,Influence of Environment,Influence of Traffic,Influence of Weather,Influence of Wind Intensity,Influence of Lighting,Influence of Special Measures,Influence of Road Objects,Influence of Road Surface,Influence of Visibility,Intersection Characteristics,Lighting Conditions,Traffic Regulation and Priority,Direction of Road,Subtype of Accident,Subtype of Road Section,Subzone within Area,Road Surface Conditions,Type of Road,Road Ownership,Wind Conditions,Day of the Week Grouping,Hour of Day,Time of Day Grouping,Type of Accident,Day Type,Day,Month
12507,2015,0,2015-05-01,N-II,BELLPUIG,Urgell,2,1,0,0,2,1,0,0,0,1,0,0,0,100.0,0.0,0,2,No n'hi ha,-1.0,3,3,0,0,0,0,0,0,0,0,0,0,0,0,3,-1,1,Atropellament,-1,1,2,4,1,2,0,21.38,1,3,4,1,5
12508,2015,0,2015-04-29,C-150a,PORQUERES,Pla de l'Estany,1,0,1,1,1,0,0,0,0,1,0,0,0,100.0,0.0,0,2,No n'hi ha,-1.0,3,3,1,0,0,0,0,0,0,0,0,0,0,0,4,-1,1,Sortida de via amb xoc o col·lisió,-1,1,2,4,3,2,1,15.44,1,1,2,29,4
12509,2015,1,2015-02-26,SE,BARCELONA,Barcelones,3,0,1,0,2,1,0,0,0,1,0,0,0,100.0,0.0,0,-1,No n'hi ha,-1.0,3,3,1,0,0,0,0,0,0,0,0,0,0,1,5,3,0,Atropellament,1,2,2,5,-1,2,1,19.05,1,3,3,26,2
12510,2015,0,2015-03-17,C-58,VACARISSES,Valles Occidental,3,0,1,0,2,0,0,1,0,1,0,0,0,90.0,0.0,0,1,Carril lent,-1.0,3,3,1,0,0,0,0,0,0,0,0,0,0,0,3,-1,1,Encalç,-1,1,2,4,2,2,1,19.49,1,2,1,17,3
12511,2015,1,2015-02-13,SE,BERGA,Bergueda,3,0,1,0,2,0,1,0,0,1,0,0,0,20.0,0.0,0,-1,No n'hi ha,-1.0,3,3,1,0,0,0,0,0,0,0,0,0,0,0,5,-1,-1,Envestida (frontal lateral),-1,2,2,5,-1,2,0,21.15,1,2,4,13,2
12512,2015,1,2015-05-05,SE,VIC,Osona,3,0,1,0,2,0,1,0,0,1,0,0,0,40.0,0.0,0,2,No n'hi ha,-1.0,3,3,1,0,0,0,0,0,0,0,0,0,1,0,4,-1,0,Fregament o col·lisió lateral,-1,2,2,5,-1,2,1,19.35,1,2,1,5,5
12513,2015,1,2015-03-25,SE,MANRESA,Bages,3,0,2,3,1,0,0,0,0,1,0,0,0,60.0,0.0,0,3,No n'hi ha,-1.0,1,3,1,0,0,0,1,0,0,0,0,0,0,0,5,-1,1,Sortida de via amb xoc o col·lisió,-1,2,2,5,-1,2,1,0.35,2,1,2,25,3
12514,2015,0,2015-05-15,N-II,"MASNOU, EL",Maresme,3,0,1,0,2,1,0,0,0,1,0,0,0,50.0,0.0,0,2,No n'hi ha,-1.0,3,3,1,0,0,0,0,0,1,0,0,0,0,0,4,-1,1,Atropellament,-1,1,2,4,1,2,1,8.12,0,3,4,15,5
12515,2015,0,2015-05-03,C-35,GUALBA,Valles Oriental,3,1,0,0,1,0,0,0,0,1,0,0,0,70.0,0.0,0,2,No n'hi ha,-1.0,3,3,0,0,0,0,0,0,0,0,0,0,0,2,3,4,1,Resta sortides de via,0,1,2,4,2,2,0,5.23,2,1,6,3,5
12516,2015,0,2015-11-15,GIV-6024,CABANES,Alt Emporda,1,0,1,0,2,0,1,0,0,1,0,0,0,90.0,0.0,0,-1,Sense Especificar,-1.0,3,3,1,0,0,0,0,0,0,0,0,0,0,1,4,5,-1,Altres,2,1,2,4,4,2,0,9.17,0,5,6,15,11
12517,2015,0,2015-09-04,N-II,MONTGAT,Maresme,3,0,1,0,1,0,0,0,1,0,0,0,0,40.0,0.0,0,1,No n'hi ha,-1.0,3,3,1,0,0,0,0,0,0,0,0,0,0,1,2,4,1,Caiguda en la via,0,1,2,4,2,2,1,11.14,0,0,4,4,9
12518,2015,1,2015-11-23,SE,PALAFRUGELL,Baix Emporda,1,0,1,0,2,1,0,0,0,1,0,0,0,20.0,0.0,0,-1,No n'hi ha,-1.0,3,3,1,0,-1,0,0,0,0,0,0,0,0,0,4,-1,-1,Atropellament,-1,2,2,5,-1,2,1,9.45,0,3,0,23,11
12519,2015,1,2015-11-23,SE,ESPLUGUES DE LLOBREGAT,Baix Llobregat,3,0,1,1,2,1,0,0,1,0,0,0,0,20.0,0.0,0,2,No n'hi ha,-1.0,3,3,1,-1,0,0,0,-1,0,0,0,0,-1,0,4,-1,0,Atropellament,-1,2,2,5,-1,2,1,14.08,1,3,0,23,11
12520,2015,1,2015-09-22,SE,HOSPITALET DE LLOBREGAT,Barcelones,3,0,1,0,1,0,0,0,0,1,0,0,0,20.0,0.0,0,-1,No n'hi ha,-1.0,3,3,1,-1,0,0,0,-1,0,0,0,0,0,0,4,-1,0,Xoc contra objecte/obstacle sense sortida prèvia de via,-1,2,2,5,-1,2,1,18.13,1,4,1,22,9
12521,2015,1,2015-09-02,SE,IGUALADA,Anoia,3,0,1,0,2,0,0,0,0,1,1,0,0,50.0,0.0,0,-1,No n'hi ha,-1.0,1,3,1,-1,0,0,0,0,0,0,0,0,-1,0,2,-1,1,Col·lisió frontal,-1,2,0,5,-1,1,1,8.36,0,2,2,2,9
12522,2015,0,2015-09-12,C-31,VILANOVA I LA GELTRU,Garraf,3,0,1,0,1,1,0,0,0,0,0,0,0,90.0,1.0,0,0,No n'hi ha,-1.0,3,3,1,0,0,0,0,0,0,0,0,0,1,0,3,-1,1,Atropellament,-1,1,2,4,2,2,0,0.05,2,3,5,12,9
12523,2015,1,2015-07-22,SE,GRANOLLERS,Valles Oriental,3,0,1,0,2,0,0,0,0,2,0,0,0,100.0,0.0,0,0,No n'hi ha,-1.0,3,3,1,0,0,0,0,0,0,0,0,0,0,1,1,4,1,Col·lisió frontal,1,2,2,5,0,2,1,6.03,0,2,2,22,7
12524,2015,1,2015-06-24,SE,BADALONA,Barcelones,3,0,2,1,1,0,0,0,0,1,0,0,0,20.0,0.0,0,2,No n'hi ha,-1.0,3,3,1,-1,0,0,0,-1,0,0,0,0,0,0,5,-1,0,Xoc contra objecte/obstacle sense sortida prèvia de via,-1,2,2,5,-1,2,1,0.22,2,4,2,24,6
12525,2015,1,2015-05-14,SE,BARCELONA,Barcelones,3,0,1,1,2,0,2,0,0,0,0,0,0,100.0,0.0,0,-1,Carril bici,-1.0,3,3,1,0,0,0,0,0,0,0,0,0,1,1,4,3,1,Envestida (frontal lateral),2,2,2,5,-1,2,1,20.3,1,2,3,14,5
12526,2015,1,2015-05-23,SE,BARCELONA,Barcelones,3,1,0,1,1,0,0,0,1,0,0,0,0,100.0,0.0,0,-1,No n'hi ha,-1.0,3,3,0,0,0,0,0,0,0,0,0,0,0,1,4,2,0,Xoc contra objecte/obstacle sense sortida prèvia de via,1,2,2,5,-1,2,0,19.0,1,4,5,23,5
12527,2015,0,2015-04-24,C-32,ARENYS DE MAR,Maresme,3,0,1,0,1,0,0,0,0,1,0,0,0,100.0,0.0,0,2,No n'hi ha,-1.0,3,3,1,0,0,0,0,0,0,0,0,0,0,2,1,2,1,Resta sortides de via,3,1,2,2,3,2,0,20.16,1,1,4,24,4
12528,2015,0,2015-10-25,N-II,GARRIGAS,Alt Emporda,1,0,1,3,1,0,0,0,0,1,0,0,0,80.0,0.0,0,3,No n'hi ha,-1.0,3,3,1,0,0,0,0,0,0,0,0,0,0,0,3,-1,1,Resta sortides de via,-1,1,2,4,1,2,0,4.52,2,1,6,25,10
12529,2015,0,2015-09-10,C-55,SANT JOAN DE VILATOR,Bages,3,0,1,1,2,0,0,0,0,2,0,0,0,60.0,0.0,0,2,No n'hi ha,-1.0,1,3,1,0,0,0,0,0,0,0,0,0,0,1,0,4,1,Envestida (frontal lateral),2,1,2,4,2,2,1,6.58,0,2,3,10,9
12530,2015,1,2015-02-27,SE,"AMETLLA DEL VALLES,",Valles Oriental,3,0,1,0,2,0,0,0,1,0,1,0,0,100.0,0.0,0,2,No n'hi ha,-1.0,3,3,1,0,0,0,0,0,0,0,0,0,0,1,4,5,1,Envestida (frontal lateral),1,2,2,5,-1,2,1,11.0,0,2,4,27,2
12531,2015,0,2015-04-12,C-153,"VALL D'EN BAS, LA",Garrotxa,1,0,1,0,1,0,1,0,0,0,0,0,0,100.0,0.0,0,2,No n'hi ha,-1.0,3,3,1,0,0,0,0,0,0,0,0,0,0,0,4,-1,1,Caiguda en la via,-1,1,2,4,2,2,0,18.58,1,0,6,12,4
12532,2015,0,2015-03-06,SE,SANTA COLOMA DE FARNERS,Selva,1,0,1,0,1,0,0,0,0,0,1,0,0,100.0,0.0,0,1,No n'hi ha,-1.0,3,3,1,0,1,0,0,0,0,0,0,0,0,0,4,-1,1,Resta sortides de via,-1,1,0,0,4,2,1,10.36,0,1,4,6,3
12533,2015,0,2015-04-14,GI-531,SANT ANIOL DE FINESTRES,Garrotxa,1,0,1,0,1,0,0,0,0,0,1,0,0,100.0,0.0,0,0,No n'hi ha,-1.0,3,3,1,0,0,0,0,0,0,0,0,0,0,0,4,-1,1,Resta sortides de via,-1,1,2,4,3,2,1,9.55,0,1,1,14,4
12534,2015,1,2015-02-17,SE,MANRESA,Bages,3,0,1,0,2,0,0,1,0,1,0,0,0,100.0,0.0,0,2,No n'hi ha,-1.0,3,3,1,0,0,0,0,0,0,0,0,0,0,1,4,4,0,Envestida (frontal lateral),2,2,2,5,-1,2,1,10.5,0,2,1,17,2
12535,2015,0,2015-02-12,L-800,ALCARRAS,Segria,2,0,1,0,1,0,0,0,1,0,0,0,0,40.0,0.0,0,2,No n'hi ha,-1.0,3,3,1,0,0,0,0,0,0,0,0,0,0,2,4,4,1,Caiguda en la via,0,1,2,4,2,2,1,17.03,1,0,3,12,2
12536,2015,0,2015-03-11,B-520,TARADELL,Osona,3,0,1,0,2,0,0,0,1,1,0,0,0,50.0,0.0,0,2,No n'hi ha,-1.0,3,3,1,0,0,0,0,0,0,0,0,0,0,1,4,4,1,Envestida (frontal lateral),1,1,2,4,4,2,1,16.43,1,2,2,11,3
12537,2015,0,2015-06-15,CR,BALAGUER,Noguera,2,0,1,0,1,0,0,0,0,1,0,0,0,100.0,0.0,0,1,No n'hi ha,-1.0,1,3,1,0,0,0,0,0,0,0,0,0,0,0,2,-1,1,Resta sortides de via,-1,1,2,0,0,2,1,16.17,1,1,0,15,6
12538,2015,0,2015-04-06,CR,"PORT DE LA SELVA, EL",Alt Emporda,1,0,2,0,1,0,0,0,1,0,0,0,0,40.0,0.0,0,1,No n'hi ha,-1.0,3,3,1,0,0,0,0,0,0,0,0,0,0,0,4,-1,1,Resta sortides de via,-1,1,2,0,-1,2,1,14.38,1,1,0,6,4
12539,2015,0,2015-01-25,C-162,FONTANALS DE CERDANYA,Cerdanya,1,0,1,2,1,0,0,0,0,1,0,0,0,100.0,0.0,0,3,No n'hi ha,-1.0,3,3,1,0,0,0,0,0,0,0,0,0,0,0,3,-1,1,Resta sortides de via,-1,1,2,4,2,2,0,20.59,1,1,6,25,1
12540,2015,1,2015-07-13,SE,FIGUERES,Alt Emporda,1,0,1,0,2,1,0,0,0,1,0,0,0,100.0,0.0,0,3,No n'hi ha,-1.0,3,3,1,0,0,0,0,0,0,0,0,0,1,2,4,2,0,Atropellament,3,2,2,5,-1,2,1,9.0,0,3,0,13,7
12541,2015,1,2015-07-17,SE,LLORET DE MAR,Selva,1,0,1,0,1,0,0,0,1,0,0,0,0,100.0,0.0,0,2,No n'hi ha,-1.0,3,3,1,0,0,0,0,0,0,0,0,0,0,2,4,4,0,Resta sortides de via,1,2,2,5,-1,2,1,9.02,0,1,4,17,7
12542,2015,1,2015-12-10,N-II,PREMIA DE MAR,Maresme,3,0,1,0,2,1,0,0,0,1,0,0,0,50.0,0.0,0,2,No n'hi ha,-1.0,3,3,1,0,0,0,0,0,0,0,0,0,0,0,5,-1,1,Atropellament,-1,0,2,4,1,2,1,18.27,1,3,3,10,12
12543,2015,1,2015-07-17,SE,BARCELONA,Barcelones,3,0,1,0,2,0,0,0,1,1,0,0,0,100.0,0.0,0,-1,No n'hi ha,-1.0,3,3,1,0,0,0,0,0,0,0,0,0,0,1,4,3,0,Encalç,2,2,2,5,-1,2,0,20.5,1,2,4,17,7
12544,2015,0,2015-08-10,AP-7,BANYERES DEL PENEDES,Baix Penedes,0,0,1,1,1,0,0,0,0,1,0,0,0,120.0,0.0,0,-1,Sense Especificar,-1.0,3,3,1,0,0,0,0,0,0,0,0,0,0,0,4,-1,-1,Resta sortides de via,-1,1,2,2,4,2,1,10.22,0,1,0,10,8
12545,2015,1,2015-08-19,SE,SANTA EULALIA DE RON,Valles Oriental,3,0,1,0,1,0,0,0,1,0,0,0,0,20.0,0.0,0,-1,No n'hi ha,-1.0,3,3,1,-1,-1,0,0,-1,0,0,0,0,0,0,4,-1,-1,Caiguda en la via,-1,2,2,5,-1,2,1,19.25,1,0,2,19,8
12546,2015,0,2015-08-01,SE,JORBA,Anoia,3,0,1,0,1,0,0,0,0,0,0,1,0,100.0,0.0,0,1,No n'hi ha,-1.0,3,3,1,0,0,0,0,0,0,0,0,0,0,0,4,-1,1,Resta sortides de via,-1,1,0,0,0,2,0,17.47,1,1,5,1,8
12547,2015,0,2015-11-03,C-12,MENARGUENS,Noguera,2,0,1,0,2,1,0,0,0,1,0,0,0,70.0,0.0,0,2,No n'hi ha,-1.0,3,3,1,0,0,0,0,0,0,0,0,0,0,1,4,5,1,Atropellament,0,1,2,4,2,2,1,11.38,0,3,1,3,11
12548,2015,1,2015-07-01,SE,VILANOVA I LA GELTRU,Garraf,3,0,1,0,2,1,0,0,0,1,0,0,0,100.0,0.0,0,-1,No n'hi ha,-1.0,3,3,1,0,0,0,0,0,0,0,0,0,0,0,4,-1,-1,Atropellament,-1,2,2,5,-1,2,1,12.45,0,3,2,1,7
12549,2015,0,2015-10-16,C-1413a,SANT CUGAT DEL VALLES,Valles Occidental,3,0,1,1,2,1,0,0,1,0,0,0,0,70.0,0.0,0,2,No n'hi ha,-1.0,3,3,1,0,0,0,0,0,0,0,0,0,0,0,4,-1,1,Atropellament,-1,1,2,4,2,2,0,18.35,1,3,4,16,10
12550,2015,0,2015-12-20,-GIP 5106.00,FIGUERES,Alt Emporda,1,0,1,0,1,0,0,0,1,0,0,0,0,100.0,0.0,0,2,No n'hi ha,-1.0,3,3,1,0,0,0,0,0,1,0,0,0,0,0,3,-1,1,Resta sortides de via,-1,1,2,4,2,2,0,21.0,1,1,6,20,12
12551,2015,1,2015-06-18,N-II,MATARO,Maresme,3,0,1,0,2,0,0,0,1,1,0,0,0,90.0,0.0,0,-1,No n'hi ha,-1.0,3,3,1,-1,0,0,0,-1,0,0,0,0,-1,0,4,-1,1,Encalç,-1,0,2,4,-1,2,1,18.1,1,2,3,18,6
12552,2015,1,2015-04-26,SE,SABADELL,Valles Occidental,3,0,1,0,2,0,0,0,1,1,0,0,0,100.0,0.0,0,-1,No n'hi ha,-1.0,3,3,1,0,0,0,0,0,0,0,0,0,1,0,4,-1,-1,Envestida (frontal lateral),-1,2,2,5,-1,2,0,1.15,2,2,6,26,4
12553,2015,1,2015-05-15,SE,TARRAGONA,Tarragones,0,0,1,0,2,1,0,0,0,1,0,0,0,100.0,0.0,0,2,No n'hi ha,-1.0,3,3,1,0,0,0,0,0,0,0,0,0,0,2,4,4,1,Atropellament,1,2,2,5,0,2,1,9.5,0,3,4,15,5
12554,2015,1,2015-03-06,SE,SABADELL,Valles Occidental,3,0,1,0,1,0,0,0,1,0,0,0,0,100.0,0.0,0,-1,No n'hi ha,-1.0,3,3,1,0,0,0,0,0,0,0,0,0,0,0,4,-1,-1,Altres,-1,2,2,5,-1,2,0,23.1,2,5,4,6,3
12555,2015,1,2015-02-22,SE,BARCELONA,Barcelones,3,0,2,0,1,0,0,0,1,0,0,0,0,100.0,0.0,0,-1,No n'hi ha,-1.0,3,3,1,0,0,0,0,0,0,0,0,0,0,1,5,2,1,Xoc contra objecte/obstacle sense sortida prèvia de via,2,2,2,5,-1,2,0,1.06,2,4,6,22,2
12556,2015,0,2015-05-19,AP-2,"PAPIOL, EL",Baix Llobregat,3,0,1,0,1,0,0,0,0,1,0,0,0,100.0,1.0,0,2,No n'hi ha,-1.0,2,3,1,0,0,0,0,0,0,0,0,0,0,1,5,5,1,Resta sortides de via,1,1,2,2,1,2,1,21.34,1,1,1,19,5
12557,2015,0,2015-03-29,N-240,"ESPLUGA DE FRANCOLI, L'",Conca de Barbera,0,1,2,0,1,0,0,0,0,1,0,0,0,100.0,0.0,0,2,No n'hi ha,-1.0,3,3,0,0,0,0,0,0,0,0,0,0,0,0,4,-1,0,Resta sortides de via,-1,1,2,4,1,2,0,16.06,1,1,6,29,3
12558,2015,0,2015-10-09,B-30,CERDANYOLA DEL VALLES,Valles Occidental,3,0,1,0,1,0,0,0,1,0,0,0,0,80.0,1.0,0,2,No n'hi ha,-1.0,3,3,1,0,0,0,0,1,0,0,0,0,0,0,4,-1,0,Caiguda en la via,-1,1,2,1,1,2,0,16.25,1,0,4,9,10
12559,2015,0,2015-09-25,N-II,BIURE,Alt Emporda,1,0,1,12,2,0,0,0,0,1,1,0,0,80.0,0.0,0,2,Carril central,-1.0,3,3,1,0,0,0,0,0,0,0,0,0,0,1,4,4,1,Envestida (frontal lateral),1,1,2,4,1,2,0,15.35,1,2,4,25,9
12560,2015,1,2015-12-08,SE,SITGES,Garraf,3,1,0,0,2,0,0,0,1,1,0,0,0,100.0,0.0,0,2,No n'hi ha,-1.0,3,3,0,0,0,0,0,0,0,0,0,0,0,1,5,3,1,Envestida (frontal lateral),2,2,2,5,-1,2,1,21.15,1,2,1,8,12
12561,2015,1,2015-12-05,SE,MARTORELL,Baix Llobregat,3,0,1,0,1,0,1,0,0,0,0,0,0,20.0,0.0,0,-1,Sense Especificar,-1.0,3,3,1,0,0,0,0,0,0,0,0,0,0,1,4,2,-1,Caiguda en la via,0,2,2,5,-1,2,0,8.28,0,0,5,5,12
12562,2015,1,2015-06-02,SE,GAVA,Baix Llobregat,3,0,1,0,2,1,0,0,0,1,0,0,0,20.0,0.0,0,2,No n'hi ha,-1.0,3,3,1,-1,0,0,0,-1,0,0,0,0,-1,1,5,2,0,Atropellament,1,2,2,5,-1,2,1,22.05,2,3,1,2,6
12563,2015,0,2015-06-30,C-14,VILA-SECA,Tarragones,0,1,0,0,2,0,0,0,1,0,1,0,0,100.0,0.0,0,2,No n'hi ha,-1.0,3,3,0,0,0,0,0,0,0,0,0,0,0,0,4,-1,1,Fregament o col·lisió lateral,-1,1,2,1,2,2,1,13.11,0,2,1,30,6
12564,2015,1,2015-08-08,SE,SANT BOI DE LLOBREGAT,Baix Llobregat,3,0,1,0,1,0,0,0,0,1,0,0,0,40.0,0.0,0,2,No n'hi ha,-1.0,2,3,1,0,0,0,0,0,0,0,0,0,0,2,2,2,1,Xoc contra objecte/obstacle sense sortida prèvia de via,0,2,2,5,-1,2,0,20.3,1,4,5,8,8
12565,2015,0,2015-08-16,C-1412b,ARTESA DE SEGRE,Noguera,2,0,1,0,2,0,0,0,1,1,0,0,0,100.0,0.0,0,2,No n'hi ha,-1.0,3,3,1,0,0,0,0,0,0,0,0,0,0,0,4,-1,1,Fregament o col·lisió lateral,-1,1,2,4,2,2,0,20.02,1,2,6,16,8
12566,2015,0,2015-08-23,TP-2311,"PLA DE SANTA MARIA, EL",Alt Camp,0,0,2,0,1,0,0,0,1,0,0,0,0,90.0,0.0,0,-1,Sense Especificar,-1.0,3,3,1,0,0,0,0,0,0,0,0,0,0,0,4,-1,-1,Altres,-1,1,2,4,4,2,0,10.37,0,5,6,23,8
12567,2015,0,2015-10-09,C-61,VALLGORGUINA,Valles Oriental,3,0,1,0,1,0,0,0,0,0,0,1,0,100.0,0.0,0,1,No n'hi ha,-1.0,3,3,1,0,0,0,0,0,0,0,0,0,0,0,4,-1,1,Resta sortides de via,-1,1,0,4,3,2,1,11.07,0,1,4,9,10
12568,2015,1,2015-05-24,SE,PALAMOS,Baix Emporda,1,0,1,0,1,0,0,0,1,0,0,0,0,20.0,0.0,0,2,No n'hi ha,-1.0,3,3,1,-1,0,0,0,-1,0,0,0,0,-1,0,5,-1,1,Sortida de via amb xoc o col·lisió,-1,2,2,5,-1,2,0,5.45,2,1,6,24,5
12569,2015,0,2015-04-27,BP-1417,SANT CUGAT DEL VALLES,Valles Occidental,3,1,0,0,1,0,0,0,1,0,0,0,0,100.0,0.0,0,1,No n'hi ha,-1.0,3,3,0,0,0,0,0,0,0,0,0,0,0,0,4,-1,1,Resta sortides de via,-1,1,2,4,3,2,1,9.09,0,1,0,27,4
12570,2015,0,2015-01-26,C-32,SANT BOI DE LLOBREGAT,Baix Llobregat,3,0,1,0,2,0,0,0,1,1,0,0,0,120.0,0.0,0,2,No n'hi ha,-1.0,3,3,1,0,0,0,0,0,0,0,0,0,0,0,3,-1,1,Fregament o col·lisió lateral,-1,1,2,2,2,2,1,20.21,1,2,0,26,1
12571,2015,1,2015-01-12,SE,CASTELLBISBAL,Valles Occidental,3,0,1,0,1,0,0,0,0,1,0,0,0,100.0,0.0,0,2,No n'hi ha,-1.0,3,3,1,0,0,0,0,0,0,0,0,0,0,2,4,-1,1,Resta sortides de via,0,2,2,5,-1,2,1,17.0,1,1,0,12,1
12572,2015,1,2015-02-05,SE,BARCELONA,Barcelones,3,0,1,1,2,0,0,0,1,1,0,0,0,100.0,0.0,0,-1,No n'hi ha,-1.0,3,3,1,0,0,0,0,0,0,0,0,0,0,1,4,3,1,Envestida (frontal lateral),2,2,2,5,-1,2,1,7.5,0,2,3,5,2
12573,2015,0,2015-02-28,TV-7421,VALLS,Alt Camp,0,0,2,2,1,0,0,0,0,1,0,0,0,100.0,0.0,0,2,No n'hi ha,-1.0,3,3,1,0,0,0,0,0,0,0,0,0,0,0,4,-1,1,Resta sortides de via,-1,1,2,4,3,2,0,16.3,1,1,5,28,2
12574,2015,1,2015-05-28,SE,TERRASSA,Valles Occidental,3,0,1,0,1,0,0,0,1,0,0,0,0,20.0,0.0,0,-1,No n'hi ha,-1.0,3,3,1,0,0,0,0,0,0,0,0,0,0,1,4,5,-1,Caiguda en la via,0,2,2,5,-1,2,1,8.25,0,0,3,28,5
12575,2015,0,2015-10-24,LP-3322,LINYOLA,Pla d'Urgell,2,1,0,0,1,0,0,0,0,1,0,0,0,100.0,0.0,0,3,No n'hi ha,-1.0,3,3,0,0,0,0,0,0,0,0,0,0,0,0,4,-1,1,Resta sortides de via,-1,1,2,4,2,2,0,15.38,1,1,5,24,10
12576,2015,0,2015-06-23,CR,GARRIGOLES,Baix Emporda,1,1,0,0,1,0,0,0,1,0,0,0,0,100.0,0.0,0,1,No n'hi ha,-1.0,3,3,0,0,0,0,0,0,0,0,0,0,0,0,4,-1,1,Resta sortides de via,-1,1,0,0,4,2,1,22.47,2,1,1,23,6
12577,2015,1,2015-11-06,SE,REUS,Baix Camp,0,0,1,0,1,0,0,0,1,0,0,0,0,100.0,0.0,0,-1,No n'hi ha,-1.0,3,3,1,0,0,0,0,0,0,0,0,0,0,0,4,-1,-1,Xoc contra objecte/obstacle sense sortida prèvia de via,-1,2,2,5,-1,2,0,16.1,1,4,4,6,11
12578,2015,1,2015-09-17,SE,LLORET DE MAR,Selva,1,0,1,0,1,0,0,0,0,1,0,0,0,100.0,0.0,0,2,No n'hi ha,-1.0,3,3,1,0,0,0,0,0,0,0,0,0,0,1,5,5,1,Xoc contra objecte/obstacle sense sortida prèvia de via,1,2,2,5,-1,2,1,2.08,2,4,3,17,9
12579,2015,0,2015-10-21,SE,"AVELLANES I SANTA LINYA, LES",Noguera,2,0,1,0,1,0,0,0,0,1,0,0,0,30.0,0.0,0,-1,Sense Especificar,-1.0,3,3,1,0,0,0,0,0,0,0,0,0,0,0,4,-1,-1,Resta sortides de via,-1,1,2,0,4,2,1,10.33,0,1,2,21,10
12580,2015,1,2015-06-13,SE,TOSSA DE MAR,Selva,1,1,0,1,1,0,0,0,0,1,0,0,0,100.0,0.0,0,0,No n'hi ha,-1.0,3,3,0,0,0,0,0,0,0,0,0,0,0,0,4,-1,1,Xoc contra objecte/obstacle sense sortida prèvia de via,-1,2,2,5,-1,2,0,10.2,0,4,5,13,6
12581,2015,0,2015-10-23,B-124,MONISTROL DE CALDERS,Moianès,3,0,1,0,2,0,1,0,0,1,0,0,0,100.0,0.0,0,1,No n'hi ha,-1.0,3,3,1,0,0,0,0,0,0,0,0,0,0,0,4,-1,1,Col·lisió frontal,-1,1,2,4,3,2,0,16.19,1,2,4,23,10
12582,2015,0,2015-06-13,L-800,ALCARRAS,Segria,2,0,1,0,1,0,0,0,0,1,0,0,0,100.0,0.0,0,3,No n'hi ha,-1.0,3,3,1,0,0,0,0,0,0,0,0,0,0,0,4,-1,1,Resta sortides de via,-1,1,2,4,3,2,0,13.17,0,1,5,13,6
12583,2015,0,2015-01-04,GI-524,SANTA PAU,Garrotxa,1,0,1,0,1,0,0,0,1,0,0,0,0,100.0,0.0,0,1,No n'hi ha,-1.0,3,3,1,0,0,0,0,0,0,0,0,0,0,0,4,-1,1,Resta sortides de via,-1,1,2,4,3,2,0,12.41,0,1,6,4,1
12584,2015,1,2015-01-27,SE,"PRAT DE LLOBREGAT, E",Baix Llobregat,3,0,1,0,2,0,0,0,1,1,0,0,0,100.0,0.0,0,-1,No n'hi ha,-1.0,3,3,1,0,0,0,0,0,0,0,0,0,0,1,4,5,-1,Envestida (frontal lateral),0,2,2,5,-1,2,1,13.0,0,2,1,27,1
12585,2015,1,2015-03-23,SE,"PRAT DE LLOBREGAT, E",Baix Llobregat,3,0,1,0,1,0,0,0,1,0,0,0,0,50.0,0.0,0,2,No n'hi ha,-1.0,3,3,1,0,0,0,0,0,0,0,0,0,0,0,4,-1,1,Xoc contra objecte/obstacle sense sortida prèvia de via,-1,2,2,5,4,2,1,17.0,1,4,0,23,3
12586,2015,1,2015-03-09,SE,BADALONA,Barcelones,3,0,1,0,2,0,0,0,1,1,0,0,0,20.0,0.0,0,-1,No n'hi ha,-1.0,3,3,1,-1,-1,0,0,-1,0,0,0,0,0,1,4,4,-1,Envestida (frontal lateral),1,2,2,5,-1,2,1,11.15,0,2,0,9,3
12587,2015,1,2015-03-04,SE,BARCELONA,Barcelones,3,0,1,1,2,0,0,0,2,0,0,0,0,100.0,0.0,0,-1,No n'hi ha,-1.0,3,3,1,0,0,0,0,0,0,0,0,0,0,1,4,2,0,Encalç,1,2,2,5,-1,2,1,8.1,0,2,2,4,3
12588,2015,1,2015-06-08,SE,SABADELL,Valles Occidental,3,0,1,0,2,1,0,0,0,1,0,0,0,100.0,0.0,0,2,No n'hi ha,-1.0,3,3,1,0,0,0,0,0,0,0,0,0,0,2,4,5,0,Atropellament,2,2,2,5,-1,2,1,15.21,1,3,0,8,6
12589,2015,1,2015-01-03,SE,BARCELONA,Barcelones,3,0,1,0,1,0,1,0,0,0,0,0,0,100.0,0.0,0,-1,No n'hi ha,-1.0,3,3,1,0,0,0,0,0,0,0,0,0,0,0,4,-1,0,Caiguda en la via,-1,2,2,5,-1,2,0,12.5,0,0,5,3,1