,Year,Area,Date,Road,Municipality Name,County Name,Province Name,Fatalties,Serious Injuries,Light Injuries,Units Involved,Pedestrains Involved,Bicycles Involved,Mopeds Involved,Motorcycles,Light Vehicles Involved,Heavy Vehicles Involved,Other Units Involved,Unspecified Units Involved,Road Speed Limit,Accident with Hit and Run,Fog Presence,Surrounding Environment,Special Lane Presence,Special Traffic Measures,Weather Conditions,Special Road Functions,Severity of Accident,Influence of Fog,Influence of Environment,Influence of Traffic,Influence of Weather,Influence of Wind Intensity,Influence of Lighting,Influence of Special Measures,Influence of Road Objects,Influence of Road Surface,Influence of Visibility,Intersection Characteristics,Lighting Conditions,Traffic Regulation and Priority,Direction of Road,Subtype of Accident,Subtype of Road Section,Subzone within Area,Road Surface Conditions,Type of Road,Road Ownership,Wind Conditions,Day of the Week Grouping,Hour of Day,Time of Day Grouping,Type of Accident,Day Type,Day,Month
12590,2015,1,2015-05-23,SE,VILANOVA I LA GELTRU,Garraf,3,0,1,0,1,0,0,0,1,0,0,0,0,100.0,0.0,0,1,No n'hi ha,-1.0,3,3,1,0,0,0,0,0,0,0,0,0,0,2,4,-1,1,Resta sortides de via,1,2,2,5,-1,2,0,17.2,1,1,5,23,5
12591,2015,0,2015-07-05,BV-1243,CALDES DE MONTBUI,Valles Oriental,3,0,1,0,1,0,1,0,0,0,0,0,0,90.0,0.0,0,-1,Sense Especificar,-1.0,3,3,1,0,0,0,0,0,0,0,0,0,0,0,4,-1,-1,Altres,-1,1,2,4,4,2,0,17.3,1,5,6,5,7
12592,2015,1,2015-07-13,SE,SANT CARLES DE LA RAPITA,Montsia,0,0,1,4,1,0,0,0,0,1,0,0,0,40.0,0.0,0,2,No n'hi ha,-1.0,3,3,1,0,0,0,0,0,0,0,0,0,0,0,4,-1,1,Resta sortides de via,-1,2,2,5,-1,2,1,13.5,0,1,0,13,7
12593,2015,1,2015-10-14,SE,PALAFRUGELL,Baix Emporda,1,0,1,0,1,0,0,0,0,1,0,0,0,20.0,0.0,0,-1,No n'hi ha,-1.0,3,3,1,-1,-1,0,0,-1,0,0,0,0,0,0,4,-1,-1,Caiguda en la via,-1,2,2,5,-1,2,1,15.27,1,0,2,14,10
12594,2015,1,2015-11-11,SE,MANRESA,Bages,3,0,1,0,1,0,0,0,0,1,0,0,0,100.0,0.0,0,2,Altres,-1.0,3,3,1,0,0,0,0,0,0,0,0,0,0,0,5,-1,1,Xoc contra objecte/obstacle sense sortida prèvia de via,-1,2,2,5,-1,2,1,19.55,1,4,2,11,11
12595,2015,0,2015-12-17,BV-5105,CARDEDEU,Valles Oriental,3,0,1,0,1,0,0,0,1,0,0,0,0,100.0,0.0,0,3,No n'hi ha,-1.0,3,3,1,0,0,0,0,0,0,0,0,0,0,0,3,-1,1,Xoc contra objecte/obstacle sense sortida prèvia de via,-1,1,2,4,3,2,1,21.51,1,4,3,17,12
12596,2015,0,2015-04-07,N-340,SUBIRATS,Alt Penedes,3,0,1,0,1,0,0,0,0,0,1,0,0,60.0,0.0,0,0,No n'hi ha,-1.0,3,3,1,0,0,0,0,0,0,0,0,0,0,0,3,-1,1,Resta sortides de via,-1,1,2,4,1,2,1,6.5,0,1,1,7,4
12597,2015,0,2015-03-15,B-124,CASTELLAR DEL VALLES,Valles Occidental,3,1,0,0,1,0,0,0,1,0,0,0,0,100.0,0.0,0,3,Habilitació voral/carril addicional,-1.0,1,3,0,0,1,0,0,0,0,0,0,0,0,0,2,-1,1,Resta sortides de via,-1,1,2,4,3,2,0,18.0,1,1,6,15,3
12598,2015,1,2015-02-13,C-31,BARCELONA,Barcelones,3,1,0,0,3,0,0,0,1,2,0,0,0,80.0,0.0,0,-1,No n'hi ha,-1.0,3,1,0,0,0,0,0,0,0,0,0,0,0,0,4,-1,1,Encalç,-1,0,2,2,2,2,0,16.5,1,2,4,13,2
12599,2015,1,2015-01-18,SE,MOLINS DE REI,Baix Llobregat,3,0,1,0,1,0,0,0,0,1,0,0,0,100.0,0.0,0,2,No n'hi ha,-1.0,3,3,1,0,0,0,0,0,0,0,0,0,0,2,3,4,1,Resta sortides de via,1,2,2,5,-1,2,0,1.59,2,1,6,18,1
12600,2015,1,2015-11-02,SE,BARCELONA,Barcelones,3,0,1,0,2,0,0,0,0,1,1,0,0,100.0,0.0,0,-1,No n'hi ha,-1.0,3,3,1,0,0,0,0,0,0,0,0,0,0,0,4,-1,0,Fregament o col·lisió lateral,-1,2,2,5,-1,2,1,9.0,0,2,0,2,11
12601,2015,0,2015-06-11,N-260,"PONT DE SUERT, EL",Alta Ribagorca,2,0,1,0,1,0,0,0,1,0,0,0,0,100.0,0.0,0,1,No n'hi ha,-1.0,3,3,1,0,0,0,0,0,0,0,0,0,0,0,4,-1,1,Caiguda en la via,-1,1,2,4,1,2,1,13.11,0,0,3,11,6
12602,2015,1,2015-09-15,SE,CASTELLVI DE LA MARC,Alt Penedes,3,0,1,0,1,0,0,0,1,0,0,0,0,100.0,0.0,0,-1,No n'hi ha,-1.0,3,3,1,0,0,0,0,0,0,0,0,0,0,0,4,-1,-1,Caiguda en la via,-1,2,2,5,-1,2,1,17.5,1,0,1,15,9
12603,2015,0,2015-10-17,C-63,LLORET DE MAR,Selva,1,0,1,3,1,0,0,0,0,1,0,0,0,100.0,0.0,0,1,No n'hi ha,-1.0,3,3,1,0,0,0,0,0,0,0,0,0,0,0,3,-1,1,Resta sortides de via,-1,1,2,4,2,2,0,2.15,2,1,5,17,10
12604,2015,1,2015-10-21,SE,SANT ESTEVE SESROVIRES,Baix Llobregat,3,0,1,0,2,0,0,0,0,1,1,0,0,50.0,0.0,0,2,No n'hi ha,0.0,3,3,1,0,0,0,0,0,0,0,0,0,0,0,0,-1,1,Col·lisió frontal,-1,2,2,5,0,2,1,22.15,2,2,2,21,10
12605,2015,0,2015-09-10,BV-5224,SANT VICENC DE TORELLO,Osona,3,0,1,2,2,0,0,0,0,2,0,0,0,60.0,0.0,0,1,No n'hi ha,-1.0,1,3,1,0,0,0,1,0,0,0,0,0,0,0,2,-1,1,Col·lisió frontal,-1,1,2,4,3,2,1,14.18,1,2,3,10,9
12606,2016,1,2016-10-28,SE,VIC,Osona,3,0,1,0,2,1,0,0,0,1,0,0,0,100.0,0.0,0,2,No n'hi ha,-1.0,3,3,1,0,0,0,0,0,0,0,0,0,0,0,5,-1,1,Atropellament,-1,2,2,5,-1,2,0,22.15,2,3,4,28,10
12607,2016,1,2016-08-28,SE,BARCELONA,Barcelones,3,0,1,0,2,1,0,0,0,0,1,0,0,100.0,0.0,0,-1,Carril bus,-1.0,3,3,1,0,0,0,0,0,0,0,0,0,0,1,4,2,0,Atropellament,1,2,2,5,-1,2,0,13.0,0,3,6,28,8
12608,2016,0,2016-12-05,N-340,SUBIRATS,Alt Penedes,3,0,1,1,2,0,0,0,0,2,0,0,0,100.0,0.0,0,1,No n'hi ha,-1.0,3,3,1,0,0,0,0,0,0,0,0,0,0,0,4,-1,1,Col·lisió frontal,-1,1,2,4,1,2,1,10.18,0,2,0,5,12
12609,2016,1,2016-07-24,SE,BARCELONA,Barcelones,3,0,1,0,2,0,0,0,1,0,1,0,0,100.0,0.0,0,-1,No n'hi ha,-1.0,3,3,1,0,0,0,0,0,0,0,0,0,0,1,4,3,1,Col·lisió frontal,1,2,2,5,-1,2,0,17.32,1,2,6,24,7
12610,2016,1,2016-05-11,SE,SANT BOI DE LLOBREGAT,Baix Llobregat,3,0,1,0,1,0,0,0,1,0,0,0,0,100.0,0.0,0,2,No n'hi ha,-1.0,3,3,1,0,0,0,0,0,0,0,0,0,0,0,5,-1,0,Xoc contra objecte/obstacle sense sortida prèvia de via,-1,2,2,5,-1,2,1,22.48,2,4,2,11,5
12611,2016,0,2016-01-20,CR,MONT-RAS,Baix Emporda,1,0,1,1,1,0,0,1,0,0,0,0,0,40.0,0.0,0,2,No n'hi ha,-1.0,3,3,1,0,0,0,0,0,0,0,0,0,0,0,4,-1,1,Resta sortides de via,-1,1,2,3,0,2,1,14.05,1,1,2,20,1
12612,2016,1,2016-07-16,SE,BARCELONA,Barcelones,3,0,1,0,1,0,0,0,1,0,0,0,0,40.0,0.0,0,-1,No n'hi ha,-1.0,3,3,1,0,0,0,0,0,0,0,0,0,0,0,5,-1,1,Xoc contra objecte/obstacle sense sortida prèvia de via,-1,2,2,5,-1,2,0,4.4,2,4,5,16,7
12613,2016,1,2016-01-19,BV-1435,SANTA EULALIA DE RON,Valles Oriental,3,0,1,0,2,1,0,0,0,1,0,0,0,90.0,0.0,0,-1,No n'hi ha,-1.0,3,3,1,-1,-1,0,0,-1,0,0,0,0,0,0,4,-1,-1,Atropellament,-1,0,2,4,-1,2,1,8.45,0,3,1,19,1
12614,2016,1,2016-03-10,SE,BARCELONA,Barcelones,3,0,1,0,2,1,0,0,0,1,0,0,0,100.0,0.0,0,-1,No n'hi ha,-1.0,3,3,1,0,0,0,0,0,0,0,0,0,1,0,5,-1,1,Atropellament,-1,2,2,5,-1,2,1,20.2,1,3,3,10,3
12615,2016,0,2016-10-11,A-2,SANTA COLOMA DE CERV,Baix Llobregat,3,0,1,0,1,0,0,0,1,0,0,0,0,80.0,0.0,0,3,No n'hi ha,-1.0,3,3,1,0,0,0,0,0,0,0,0,0,0,0,3,-1,0,Altres,-1,1,2,4,1,2,1,23.37,2,5,1,11,10
12616,2016,1,2016-10-01,SE,"CRUILLES, MONELLS I SANT SADURNI DE L'HE",Baix Emporda,1,0,1,0,1,0,0,1,0,0,0,0,0,100.0,0.0,0,1,No n'hi ha,-1.0,3,3,1,0,0,0,0,0,0,0,0,0,0,0,3,-1,0,Resta sortides de via,-1,2,2,5,-1,2,0,0.45,2,1,5,1,10
12617,2016,1,2016-05-22,SE,BAGA,Bergueda,3,0,1,0,1,0,0,1,0,0,0,0,0,20.0,0.0,0,-1,Sense Especificar,-1.0,3,3,1,0,0,0,0,0,0,0,0,0,0,0,4,-1,-1,Altres,-1,2,2,5,-1,2,0,16.0,1,5,6,22,5
12618,2016,1,2016-04-16,SE,GRANOLLERS,Valles Oriental,3,0,1,0,1,0,0,0,0,1,0,0,0,50.0,0.0,0,2,No n'hi ha,-1.0,3,3,1,0,0,0,0,0,0,0,0,0,0,1,5,4,0,Altres,0,2,2,5,0,2,0,4.0,2,5,5,16,4
12619,2016,1,2016-05-20,C-251,CARDEDEU,Valles Oriental,3,0,1,0,2,0,0,0,1,1,0,0,0,100.0,0.0,0,-1,No n'hi ha,-1.0,3,3,1,0,0,1,0,0,0,0,0,0,0,1,4,4,-1,Envestida (frontal lateral),2,0,2,4,-1,2,0,18.05,1,2,4,20,5
12620,2016,0,2016-02-09,C-59,CALDES DE MONTBUI,Valles Oriental,3,0,1,0,2,1,0,0,0,1,0,0,0,60.0,0.0,0,2,No n'hi ha,-1.0,3,3,1,0,0,0,0,0,0,0,0,0,0,1,4,4,1,Atropellament,3,1,2,4,2,1,1,14.02,1,3,1,9,2
12621,2016,1,2016-07-14,SE,SANT BOI DE LLOBREGAT,Baix Llobregat,3,0,1,0,1,0,0,0,1,0,0,0,0,20.0,0.0,0,-1,No n'hi ha,-1.0,3,3,1,-1,0,0,0,-1,0,0,0,0,0,0,4,-1,0,Caiguda en la via,-1,2,2,5,-1,2,1,15.0,1,0,3,14,7
12622,2016,0,2016-07-21,C-35,MACANET DE LA SELVA,Selva,1,1,0,0,1,0,0,0,1,0,0,0,0,100.0,0.0,0,3,No n'hi ha,-1.0,3,3,0,0,0,0,0,0,0,0,0,0,0,0,4,-1,1,Resta sortides de via,-1,1,2,4,2,2,1,11.56,0,1,3,21,7
12623,2016,0,2016-12-03,C-32,SANT PERE DE RIBES,Garraf,3,0,2,0,1,0,0,0,1,0,0,0,0,40.0,0.0,0,2,Carril d'alentiment,-1.0,3,3,1,0,0,0,0,0,0,0,0,0,0,0,4,-1,0,Resta sortides de via,-1,1,2,4,2,2,0,14.02,1,1,5,3,12
12624,2016,0,2016-03-19,C-55,SANT VICENC DE CASTELLERS,Bages,3,1,0,0,1,0,0,0,0,1,0,0,0,80.0,0.0,0,2,No n'hi ha,-1.0,1,3,0,0,1,0,1,0,0,0,0,0,0,0,2,-1,1,Resta sortides de via,-1,1,2,4,2,2,0,9.19,0,1,5,19,3
12625,2016,0,2016-07-02,TV-7041,ALCOVER,Alt Camp,0,0,1,0,1,0,1,0,0,0,0,0,0,90.0,0.0,0,-1,Sense Especificar,-1.0,3,3,1,0,0,0,0,0,0,0,0,0,0,0,4,-1,-1,Altres,-1,1,2,4,4,2,0,16.33,1,5,5,2,7
12626,2016,0,2016-12-06,B-431,ARTES,Bages,3,0,1,1,1,0,0,0,0,1,0,0,0,100.0,0.0,0,1,No n'hi ha,-1.0,3,3,1,0,0,0,0,0,0,0,0,0,0,0,3,-1,1,Resta sortides de via,-1,1,2,4,2,2,1,20.3,1,1,1,6,12
12627,2016,1,2016-09-13,SE,BARCELONA,Barcelones,3,0,1,0,2,1,0,0,0,1,0,0,0,30.0,0.0,0,-1,Carril lent,-1.0,3,3,1,0,0,0,0,0,0,0,0,0,0,0,4,-1,1,Atropellament,-1,2,2,5,-1,2,1,10.4,0,3,1,13,9
12628,2016,0,2016-11-29,C-13,LLAVORSI,Pallars Sobira,2,0,1,0,1,0,0,0,0,1,0,0,0,100.0,0.0,0,1,No n'hi ha,-1.0,3,3,1,0,1,0,0,0,0,0,0,0,0,0,2,-1,1,Resta sortides de via,-1,1,2,4,2,2,1,8.07,0,1,1,29,11
12629,2016,1,2016-10-05,SE,CORNELLA DE LLOBREGAT,Baix Llobregat,3,0,1,0,2,0,0,0,1,1,0,0,0,20.0,0.0,0,-1,No n'hi ha,-1.0,3,3,1,0,-1,0,0,0,0,0,0,0,0,1,4,4,-1,Envestida (frontal lateral),1,2,2,5,-1,2,1,13.05,0,2,2,5,10
12630,2016,0,2016-10-08,CR,MONTOLIU DE LLEIDA,Segria,2,1,0,0,1,0,0,0,0,1,0,0,0,100.0,0.0,0,2,No n'hi ha,-1.0,3,3,0,0,1,0,0,0,0,0,0,0,0,0,0,-1,1,Resta sortides de via,-1,1,2,3,0,2,0,5.0,2,1,5,8,10
12631,2016,1,2016-11-15,SE,CASTELLBISBAL,Valles Occidental,3,0,1,0,1,0,0,0,0,0,0,1,0,100.0,0.0,0,-1,No n'hi ha,-1.0,3,3,1,0,0,0,0,0,0,0,0,0,0,0,4,-1,-1,Xoc contra objecte/obstacle sense sortida prèvia de via,-1,2,2,5,-1,2,1,8.0,0,4,1,15,11
12632,2016,1,2016-12-22,SE,LLICA D'AMUNT,Valles Oriental,3,0,1,0,2,0,0,0,1,1,0,0,0,100.0,0.0,0,-1,No n'hi ha,-1.0,3,3,1,0,0,0,0,0,0,0,0,0,0,0,4,-1,1,Altres,-1,2,2,5,-1,2,1,13.4,0,5,3,22,12
12633,2016,0,2016-01-09,A-2,CORNELLA DE LLOBREGAT,Baix Llobregat,3,0,1,0,1,0,0,0,1,0,0,0,0,100.0,1.0,0,2,No n'hi ha,-1.0,3,3,1,0,0,0,0,0,0,0,0,0,0,0,5,-1,0,Caiguda en la via,-1,1,2,4,1,2,0,19.06,1,0,5,9,1
12634,2016,1,2016-11-01,SE,SANT JOAN DESPI,Baix Llobregat,3,0,1,0,1,0,0,0,1,0,0,0,0,30.0,0.0,0,2,No n'hi ha,-1.0,3,3,1,0,0,0,0,0,0,0,0,0,0,1,5,4,1,Caiguda en la via,0,2,2,5,-1,2,1,3.55,2,0,1,1,11
12635,2016,1,2016-09-16,C-1412a,TORA,Segarra,2,1,0,0,2,1,0,0,0,1,0,0,0,100.0,0.0,0,2,No n'hi ha,-1.0,3,3,0,0,0,0,0,0,0,0,0,0,0,0,4,-1,1,Atropellament,-1,0,2,4,-1,2,0,17.53,1,3,4,16,9
12636,2016,0,2016-09-24,C-17,BARCELONA,Barcelones,3,0,1,0,2,0,0,0,1,1,0,0,0,80.0,0.0,0,-1,No n'hi ha,3.0,3,3,1,0,0,1,0,0,0,1,0,0,0,0,5,-1,0,Encalç,-1,1,2,4,2,2,0,20.51,1,2,5,24,9
12637,2016,1,2016-08-11,SE,SABADELL,Valles Occidental,3,0,1,1,2,0,0,1,0,1,0,0,0,100.0,0.0,0,-1,No n'hi ha,-1.0,3,3,1,0,0,0,0,0,0,0,0,0,0,0,4,-1,-1,Encalç,-1,2,2,5,-1,2,1,23.49,2,2,3,11,8
12638,2016,1,2016-07-21,SE,TOSSA DE MAR,Selva,1,0,1,0,2,0,0,1,0,0,1,0,0,100.0,0.0,0,2,No n'hi ha,-1.0,3,3,1,0,0,0,0,0,0,0,0,0,0,2,4,-1,0,Xoc contra objecte/obstacle sense sortida prèvia de via,2,2,2,5,-1,2,1,9.0,0,4,3,21,7
12639,2016,1,2016-12-18,SE,VIC,Osona,3,0,1,1,3,2,0,0,0,1,0,0,0,100.0,0.0,0,2,No n'hi ha,-1.0,3,3,1,0,0,0,0,0,0,0,0,0,0,0,4,-1,0,Atropellament,-1,2,2,5,-1,2,0,12.05,0,3,6,18,12
12640,2016,0,2016-06-03,N-260,ALP,Cerdanya,1,0,1,0,1,0,0,0,1,0,0,0,0,60.0,0.0,0,1,No n'hi ha,-1.0,3,3,1,0,0,0,0,0,0,0,0,0,0,0,4,-1,1,Resta sortides de via,-1,1,2,4,1,2,1,11.13,0,1,4,3,6
12641,2016,1,2016-10-01,SE,OLIOLA,Noguera,2,0,1,0,1,0,0,0,1,0,0,0,0,20.0,0.0,0,-1,Sense Especificar,-1.0,3,3,1,0,0,0,0,0,0,0,0,0,0,0,4,-1,-1,Resta sortides de via,-1,2,2,5,-1,2,0,11.03,0,1,5,1,10
12642,2016,1,2016-03-09,SE,BARCELONA,Barcelones,3,0,1,0,2,0,0,0,1,1,0,0,0,100.0,0.0,0,-1,No n'hi ha,-1.0,1,3,1,0,0,0,0,0,0,0,0,0,0,1,4,3,0,Caiguda en la via,2,2,0,5,-1,2,1,15.55,1,0,2,9,3
12643,2016,1,2016-10-06,SE,VILANOVA I LA GELTRU,Garraf,3,0,1,0,2,0,0,0,1,1,0,0,0,100.0,0.0,0,2,No n'hi ha,-1.0,1,3,1,0,0,0,1,0,0,0,0,0,0,0,4,-1,1,Encalç,-1,2,2,5,-1,2,1,14.3,1,2,3,6,10
12644,2016,0,2016-07-07,N-240,ALMACELLES,Segria,2,0,1,1,2,0,0,0,0,2,0,0,0,100.0,0.0,0,2,No n'hi ha,-1.0,3,3,1,0,0,0,0,0,0,0,0,0,0,0,4,-1,1,Envestida (frontal lateral),-1,1,2,4,1,2,1,15.28,1,2,3,7,7
12645,2016,1,2016-10-26,SE,BARCELONA,Barcelones,3,0,1,0,2,1,0,0,0,0,1,0,0,100.0,0.0,0,-1,No n'hi ha,-1.0,3,3,1,0,0,0,0,0,0,0,0,0,0,0,5,-1,0,Atropellament,-1,2,2,5,-1,2,1,5.55,2,3,2,26,10
12646,2016,1,2016-08-16,SE,REUS,Baix Camp,0,0,1,2,2,1,0,1,0,0,0,0,0,100.0,0.0,0,-1,No n'hi ha,-1.0,3,3,1,0,0,0,0,0,0,0,0,0,0,0,4,-1,-1,Atropellament,-1,2,2,5,-1,2,1,19.55,1,3,1,16,8
12647,2016,0,2016-06-02,B-20,BARCELONA,Barcelones,3,0,1,0,1,0,0,0,1,0,0,0,0,80.0,0.0,0,-1,No n'hi ha,-1.0,3,3,1,0,0,1,0,0,0,0,0,0,0,0,4,-1,0,Caiguda en la via,-1,1,2,1,-1,2,1,20.15,1,0,3,2,6
12648,2016,1,2016-07-20,SE,SANT SADURNI D'ANOIA,Alt Penedes,3,0,1,0,1,0,0,0,1,0,0,0,0,100.0,0.0,0,2,No n'hi ha,-1.0,3,3,1,0,0,0,0,0,0,0,0,0,0,0,1,-1,1,Xoc contra objecte/obstacle sense sortida prèvia de via,-1,2,2,5,-1,2,1,21.0,1,4,2,20,7
12649,2016,1,2016-12-20,SE,"VENDRELL, EL",Baix Penedes,0,0,1,0,1,0,0,1,0,0,0,0,0,40.0,0.0,0,-1,No n'hi ha,-1.0,3,3,1,-1,-1,0,0,-1,0,0,0,0,-1,0,4,-1,1,Caiguda en la via,-1,2,0,5,-1,2,1,16.47,1,0,1,20,12
12650,2016,0,2016-11-26,N-II,MACANET DE LA SELVA,Selva,1,1,0,2,1,0,0,0,0,1,0,0,0,100.0,0.0,0,2,No n'hi ha,-1.0,3,3,0,0,0,0,0,0,0,0,0,0,0,0,3,-1,1,Resta sortides de via,-1,1,2,4,1,2,0,6.48,0,1,5,26,11
12651,2016,0,2016-07-23,C-31,CUBELLES,Garraf,3,0,1,0,2,0,1,0,0,1,0,0,0,70.0,0.0,0,2,No n'hi ha,-1.0,3,3,1,0,0,0,0,0,0,0,0,0,0,0,4,-1,1,Envestida (frontal lateral),-1,1,2,4,2,2,0,20.17,1,2,5,23,7
12652,2016,0,2016-12-07,TV-3141,RIUDOMS,Baix Camp,0,0,1,1,2,0,0,0,0,1,1,0,0,80.0,0.0,0,1,No n'hi ha,-1.0,3,3,1,0,0,0,0,0,0,0,0,0,0,0,4,-1,1,Col·lisió frontal,-1,1,2,4,2,2,1,10.16,0,2,2,7,12
12653,2016,1,2016-12-11,SE,CASTELL-PLATJA D'ARO,Baix Emporda,1,0,1,0,1,0,0,0,0,0,0,1,0,30.0,0.0,0,2,No n'hi ha,-1.0,3,3,1,0,1,0,0,0,0,0,0,0,0,0,4,-1,1,Xoc contra objecte/obstacle sense sortida prèvia de via,-1,2,0,5,-1,2,0,11.05,0,4,6,11,12
12654,2016,1,2016-03-16,SE,BARCELONA,Barcelones,3,1,0,1,2,1,0,0,1,0,0,0,0,100.0,0.0,0,-1,No n'hi ha,-1.0,3,3,0,0,0,0,0,0,0,0,0,0,0,1,4,3,1,Atropellament,2,2,2,5,-1,2,1,10.5,0,3,2,16,3
12655,2016,0,2016-05-13,CR,"POAL, EL",Pla d'Urgell,2,1,2,0,2,0,0,0,0,2,0,0,0,100.0,0.0,0,-1,No n'hi ha,-1.0,3,3,0,0,0,0,0,0,0,0,0,0,0,0,4,-1,-1,Col·lisió frontal,-1,1,2,4,-1,2,0,20.0,1,2,4,13,5
12656,2016,0,2016-11-15,N-340a,MOLINS DE REI,Baix Llobregat,3,0,1,0,2,0,0,0,1,1,0,0,0,60.0,0.0,0,0,No n'hi ha,-1.0,3,3,1,0,0,0,0,0,0,0,0,0,0,2,4,4,1,Col·lisió frontal,1,1,2,4,1,2,1,10.31,0,2,1,15,11
12657,2016,0,2016-04-03,AP-7,CERDANYOLA DEL VALLES,Valles Occidental,3,0,1,1,1,0,0,0,0,1,0,0,0,90.0,0.0,0,2,No n'hi ha,-1.0,3,3,1,0,0,0,0,0,0,0,0,0,0,0,4,-1,1,Resta sortides de via,-1,1,2,4,1,2,0,12.5,0,1,6,3,4
12658,2016,1,2016-02-12,SE,VIC,Osona,3,0,1,0,2,0,0,1,0,1,0,0,0,100.0,0.0,0,2,No n'hi ha,-1.0,3,3,1,0,0,0,0,0,0,0,0,0,0,1,5,5,1,Envestida (frontal lateral),2,2,2,5,-1,2,0,22.45,2,2,4,12,2
12659,2016,0,2016-07-26,C-31,BADALONA,Barcelones,3,0,1,0,2,0,0,0,1,1,0,0,0,80.0,0.0,0,2,No n'hi ha,-1.0,3,3,1,0,0,0,0,0,0,0,0,0,0,2,4,4,0,Encalç,3,1,2,4,2,2,1,19.22,1,2,1,26,7
12660,2016,1,2016-02-23,SE,BARCELONA,Barcelones,3,0,1,1,2,0,1,0,1,0,0,0,0,100.0,0.0,0,-1,No n'hi ha,-1.0,3,3,1,0,0,0,0,0,0,0,0,0,0,0,4,-1,0,Envestida (frontal lateral),-1,2,2,5,-1,2,1,7.24,0,2,1,23,2
12661,2016,0,2016-04-21,C-1413a,SANT QUIRZE DEL VALLES,Valles Occidental,3,0,1,1,2,0,0,0,0,2,0,0,0,100.0,0.0,0,1,No n'hi ha,-1.0,1,3,1,0,1,0,1,0,0,0,0,0,0,0,4,-1,1,Envestida (frontal lateral),-1,1,2,4,3,2,1,12.51,0,2,3,21,4
12662,2016,0,2016-04-06,C-31,CUBELLES,Garraf,3,1,0,0,2,0,1,0,0,1,0,0,0,100.0,0.0,0,2,No n'hi ha,-1.0,3,3,0,0,0,0,0,0,0,0,0,0,1,0,0,-1,1,Encalç,-1,1,2,4,2,2,1,4.33,2,2,2,6,4
12663,2016,1,2016-01-16,SE,CALDES DE MONTBUI,Valles Oriental,3,1,0,0,1,0,0,0,1,0,0,0,0,30.0,0.0,0,-1,No n'hi ha,-1.0,3,3,0,-1,1,0,0,-1,0,0,1,0,1,0,4,-1,1,Xoc contra objecte/obstacle sense sortida prèvia de via,-1,0,2,0,4,2,0,11.0,0,4,5,16,1
12664,2016,0,2016-03-13,C-58,BARCELONA,Barcelones,3,2,0,0,1,0,0,0,1,0,0,0,0,100.0,0.0,0,-1,No n'hi ha,-1.0,3,3,0,0,0,0,0,0,0,0,0,0,0,0,4,-1,-1,Resta sortides de via,-1,1,2,4,-1,2,0,6.52,0,1,6,13,3
12665,2016,0,2016-07-07,C-59,CASTELLTERCOL,Moianès,3,0,1,0,1,0,0,0,1,0,0,0,0,100.0,0.0,0,1,No n'hi ha,-1.0,3,3,1,0,0,0,0,0,0,0,0,0,0,0,4,-1,1,Resta sortides de via,-1,1,2,4,2,2,1,13.15,0,1,3,7,7
12666,2016,1,2016-06-14,TV-3421,ROQUETES,Baix Ebre,0,0,1,1,1,0,0,1,0,0,0,0,0,90.0,0.0,0,2,No n'hi ha,-1.0,3,3,1,-1,0,0,0,-1,0,0,0,0,-1,0,4,-1,1,Caiguda en la via,-1,0,2,4,-1,2,1,9.35,0,0,1,14,6
12667,2016,0,2016-04-12,C-58,MONTCADA I REIXAC,Valles Occidental,3,0,1,0,1,0,0,0,1,0,0,0,0,100.0,0.0,0,2,No n'hi ha,-1.0,3,3,1,0,0,0,0,0,0,0,0,0,0,0,4,-1,0,Altres,-1,1,2,4,2,2,1,10.59,0,5,1,12,4
12668,2016,0,2016-07-30,BV-5301,"BRULL, EL",Osona,3,0,1,1,2,0,0,0,1,1,0,0,0,100.0,0.0,0,1,No n'hi ha,-1.0,3,3,1,0,1,0,0,0,0,0,0,0,0,0,4,-1,1,Col·lisió frontal,-1,1,2,4,3,2,0,10.5,0,2,5,30,7
12669,2016,0,2016-12-16,BV-4511,SANT JOAN DE VILATOR,Bages,3,1,0,0,2,0,0,0,0,1,1,0,0,100.0,0.0,0,1,No n'hi ha,-1.0,3,3,0,0,0,0,0,0,0,0,0,0,0,0,4,-1,1,Envestida (frontal lateral),-1,1,2,4,3,2,1,8.05,0,2,4,16,12
12670,2016,0,2016-07-15,AP-7,"ROCA DEL VALLES, LA",Valles Oriental,3,0,1,0,1,0,0,0,1,0,0,0,0,50.0,0.0,0,2,No n'hi ha,-1.0,3,3,1,0,0,0,0,0,0,0,0,0,0,0,4,-1,0,Caiguda en la via,-1,1,2,4,1,2,1,13.25,0,0,4,15,7
12671,2016,0,2016-07-24,C-62,SANT BARTOMEU DEL GR,Osona,3,0,2,0,1,0,0,0,0,1,0,0,0,90.0,0.0,0,-1,Sense Especificar,-1.0,3,3,1,0,0,0,0,0,0,0,0,0,0,2,4,4,-1,Resta sortides de via,0,1,2,4,4,2,0,19.05,1,1,6,24,7