,Year,Area,Date,Road,Municipality Name,County Name,Province Name,Fatalties,Serious Injuries,Light Injuries,Units Involved,Pedestrains Involved,Bicycles Involved,Mopeds Involved,Motorcycles,Light Vehicles Involved,Heavy Vehicles Involved,Other Units Involved,Unspecified Units Involved,Road Speed Limit,Accident with Hit and Run,Fog Presence,Surrounding Environment,Special Lane Presence,Special Traffic Measures,Weather Conditions,Special Road Functions,Severity of Accident,Influence of Fog,Influence of Environment,Influence of Traffic,Influence of Weather,Influence of Wind Intensity,Influence of Lighting,Influence of Special Measures,Influence of Road Objects,Influence of Road Surface,Influence of Visibility,Intersection Characteristics,Lighting Conditions,Traffic Regulation and Priority,Direction of Road,Subtype of Accident,Subtype of Road Section,Subzone within Area,Road Surface Conditions,Type of Road,Road Ownership,Wind Conditions,Day of the Week Grouping,Hour of Day,Time of Day Grouping,Type of Accident,Day Type,Day,Month
12672,2016,1,2016-04-15,SE,LLEIDA,Segria,2,0,1,0,2,1,0,0,0,1,0,0,0,20.0,0.0,0,-1,No n'hi ha,-1.0,3,3,1,0,-1,0,0,0,0,0,0,0,0,1,4,2,-1,Atropellament,2,2,2,5,-1,2,1,10.0,0,3,4,15,4
12673,2016,1,2016-02-18,SE,BARCELONA,Barcelones,3,0,1,1,2,1,0,0,1,0,0,0,0,100.0,0.0,0,-1,No n'hi ha,-1.0,3,3,1,0,0,0,0,0,0,0,0,0,0,1,4,3,0,Atropellament,2,2,2,5,-1,2,1,13.45,0,3,3,18,2
12674,2016,0,2016-09-21,C-32,SITGES,Garraf,3,0,1,0,2,0,0,0,1,1,0,0,0,100.0,0.0,0,0,No n'hi ha,0.0,3,3,1,0,0,0,0,0,0,1,0,0,0,0,4,-1,0,Encalç,-1,1,2,4,2,2,1,11.58,0,2,2,21,9
12675,2016,1,2016-01-16,SE,BADALONA,Barcelones,3,0,1,0,1,0,0,1,0,0,0,0,0,20.0,0.0,0,-1,No n'hi ha,-1.0,3,3,1,0,0,0,0,0,0,0,0,0,0,2,4,4,1,Caiguda en la via,1,0,2,5,-1,2,0,12.04,0,0,5,16,1
12676,2016,1,2016-03-26,SE,SENTMENAT,Valles Occidental,3,0,1,0,1,0,0,0,0,0,0,1,0,100.0,0.0,0,2,No n'hi ha,-1.0,3,3,1,0,0,0,0,0,0,0,0,0,0,0,4,-1,1,Xoc contra objecte/obstacle sense sortida prèvia de via,-1,2,0,5,4,2,0,12.5,0,4,5,26,3
12677,2016,0,2016-06-21,N-II,LLEIDA,Segria,2,0,1,0,1,0,0,0,1,0,0,0,0,90.0,0.0,0,-1,Sense Especificar,-1.0,3,3,1,0,0,0,0,0,0,0,0,0,0,0,4,-1,-1,Resta sortides de via,-1,1,2,4,4,2,1,15.25,1,1,1,21,6
12678,2016,0,2016-03-20,C-17,GURB,Osona,3,0,1,1,2,0,0,0,0,2,0,0,0,100.0,0.0,0,2,No n'hi ha,-1.0,3,3,1,0,0,0,0,0,0,0,0,0,0,0,5,-1,0,Fregament o col·lisió lateral,-1,1,2,4,2,2,0,20.0,1,2,6,20,3
12679,2016,1,2016-06-24,BV-1415,CERDANYOLA DEL VALLES,Valles Occidental,3,0,1,0,2,0,0,0,0,2,0,0,0,50.0,0.0,0,2,No n'hi ha,-1.0,3,3,1,0,0,0,0,0,0,0,0,0,0,1,4,4,1,Fregament o col·lisió lateral,2,0,2,4,4,2,1,7.44,0,2,4,24,6
12680,2016,1,2016-05-08,SE,TERRASSA,Valles Occidental,3,0,1,0,1,0,0,0,0,1,0,0,0,100.0,0.0,0,-1,No n'hi ha,-1.0,3,3,1,0,0,0,0,0,0,0,0,0,0,0,4,-1,-1,Xoc contra objecte/obstacle sense sortida prèvia de via,-1,2,2,5,-1,2,0,18.04,1,4,6,8,5
12681,2016,1,2016-09-12,SE,SABADELL,Valles Occidental,3,0,1,0,2,1,0,0,0,1,0,0,0,30.0,0.0,0,1,No n'hi ha,-1.0,3,3,1,0,0,0,0,0,0,0,0,0,0,2,4,-1,1,Atropellament,2,2,2,5,-1,2,1,17.0,1,3,0,12,9
12682,2016,0,2016-10-19,TV-2041,RODA DE BARA,Tarragones,0,0,1,0,1,0,1,0,0,0,0,0,0,90.0,0.0,0,-1,Sense Especificar,-1.0,3,3,1,0,0,0,0,0,0,0,0,0,0,2,4,4,-1,Altres,1,1,2,4,4,2,1,6.49,0,5,2,19,10
12683,2016,1,2016-07-05,SE,RODA DE BARA,Tarragones,0,0,1,0,1,0,0,0,0,1,0,0,0,40.0,0.0,0,2,No n'hi ha,-1.0,3,3,1,0,0,0,0,0,0,0,0,0,0,0,4,-1,0,Xoc contra objecte/obstacle sense sortida prèvia de via,-1,2,2,5,-1,2,1,16.35,1,4,1,5,7
12684,2016,0,2016-05-21,C-25,AGUILAR DE SEGARRA,Bages,3,0,1,0,1,0,0,0,1,0,0,0,0,90.0,0.0,0,-1,Sense Especificar,-1.0,3,3,1,0,0,0,0,0,0,0,0,0,0,1,4,5,-1,Altres,1,1,2,4,4,2,0,13.21,0,5,5,21,5
12685,2016,0,2016-04-02,C-28,NAUT ARAN,Val d'Aran,2,0,1,3,2,0,0,0,0,2,0,0,0,100.0,0.0,0,1,No n'hi ha,-1.0,3,3,1,0,0,0,0,0,0,0,0,0,0,0,0,-1,1,Col·lisió frontal,-1,1,2,4,2,2,0,20.53,1,2,5,2,4
12686,2016,0,2016-03-28,GI-550,SANT HILARI SACALM,Selva,1,0,1,0,1,0,0,0,1,0,0,0,0,100.0,0.0,0,1,No n'hi ha,-1.0,3,3,1,0,0,0,0,0,0,0,0,0,0,0,4,-1,1,Caiguda en la via,-1,1,2,4,2,2,1,12.46,0,0,0,28,3
12687,2016,0,2016-09-30,AP-7,SANTA PERPETUA DE MO,Valles Occidental,3,0,1,0,2,0,0,0,1,1,0,0,0,100.0,0.0,0,0,No n'hi ha,-1.0,3,3,1,0,0,0,0,0,0,0,0,0,0,0,4,-1,0,Encalç,-1,1,2,4,1,2,1,8.1,0,2,4,30,9
12688,2016,1,2016-07-12,SE,CASTELLO D'EMPURIES,Alt Emporda,1,0,1,0,2,0,0,0,1,1,0,0,0,100.0,0.0,0,2,No n'hi ha,-1.0,3,3,1,0,0,0,0,0,0,0,0,0,0,1,4,4,0,Envestida (frontal lateral),1,2,2,5,0,2,1,7.59,0,2,1,12,7
12689,2016,0,2016-02-19,C-1412a,CASTELLFOLLIT DE RIU,Anoia,3,0,1,3,3,0,0,0,0,3,0,0,0,100.0,0.0,0,0,No n'hi ha,-1.0,3,3,1,0,0,0,1,0,0,0,0,0,0,0,3,-1,1,Col·lisió frontal,-1,1,2,4,2,2,0,20.45,1,2,4,19,2
12690,2016,0,2016-07-24,B-124,MONISTROL DE CALDERS,Moianès,3,0,1,0,1,0,1,0,0,0,0,0,0,90.0,0.0,0,-1,Sense Especificar,-1.0,3,3,1,0,0,0,0,0,0,0,0,0,0,0,4,-1,-1,Altres,-1,1,2,4,4,2,0,13.37,0,5,6,24,7
12691,2016,0,2016-07-25,C-17,TONA,Osona,3,0,1,2,2,0,0,0,0,1,1,0,0,100.0,0.0,0,2,No n'hi ha,-1.0,3,3,1,0,0,0,0,0,0,0,0,0,0,0,4,-1,0,Encalç,-1,1,2,4,2,2,1,11.58,0,2,0,25,7
12692,2016,0,2016-03-25,B-20,BARCELONA,Barcelones,3,0,1,0,1,0,0,0,0,1,0,0,0,80.0,0.0,0,-1,No n'hi ha,-1.0,3,3,1,0,0,0,0,0,0,0,0,0,0,0,4,-1,1,Xoc contra objecte/obstacle sense sortida prèvia de via,-1,1,2,1,-1,2,1,6.2,0,4,4,25,3
12693,2016,1,2016-08-09,SE,GIRONA,Girones,1,0,1,0,1,0,1,0,0,0,0,0,0,100.0,0.0,0,2,Carril bici,-1.0,2,3,1,0,0,0,1,0,0,0,0,0,0,0,5,-1,1,Caiguda en la via,-1,2,3,5,-1,2,1,21.28,1,0,1,9,8
12694,2016,1,2016-04-26,C-35,SANT CELONI,Valles Oriental,3,0,1,0,2,1,0,0,0,1,0,0,0,100.0,0.0,0,-1,No n'hi ha,-1.0,3,3,1,0,0,0,0,0,0,0,0,0,0,0,4,-1,-1,Atropellament,-1,0,2,4,-1,2,1,18.26,1,3,1,26,4
12695,2016,1,2016-07-29,SE,SABADELL,Valles Occidental,3,0,1,0,2,1,0,0,0,1,0,0,0,30.0,0.0,0,2,No n'hi ha,-1.0,3,3,1,0,0,0,0,0,0,0,0,0,0,2,4,4,1,Atropellament,2,2,2,5,-1,2,1,13.05,0,3,4,29,7
12696,2016,0,2016-11-07,C-59,CALDES DE MONTBUI,Valles Oriental,3,0,1,3,2,0,0,0,0,2,0,0,0,50.0,0.0,0,1,Carril central,-1.0,3,3,1,0,0,0,0,0,0,0,0,0,0,1,4,4,1,Col·lisió frontal,1,1,2,4,2,2,1,14.51,1,2,0,7,11
12697,2016,1,2016-02-04,SE,"VENDRELL, EL",Baix Penedes,0,0,1,0,1,0,1,0,0,0,0,0,0,40.0,0.0,0,2,No n'hi ha,-1.0,3,3,1,-1,0,0,0,-1,0,0,0,0,-1,0,4,-1,0,Caiguda en la via,-1,2,2,5,0,2,1,9.3,0,0,3,4,2
12698,2016,0,2016-07-12,B-431,AVINYO,Bages,3,0,1,0,2,0,0,1,0,1,0,0,0,90.0,0.0,0,-1,Sense Especificar,-1.0,3,3,1,0,0,0,0,0,0,0,0,0,0,0,4,-1,-1,Col·lisió frontal,-1,1,2,4,4,2,1,5.24,2,2,1,12,7
12699,2016,1,2016-11-20,SE,AGRAMUNT,Urgell,2,0,1,0,1,0,0,0,0,1,0,0,0,100.0,0.0,0,2,No n'hi ha,-1.0,3,3,1,0,0,0,0,0,0,0,0,0,0,0,5,-1,1,Xoc contra objecte/obstacle sense sortida prèvia de via,-1,2,1,5,-1,2,0,6.3,0,4,6,20,11
12700,2016,0,2016-10-23,SE,CANOVES I SAMALUS,Valles Oriental,3,0,1,2,1,0,0,0,0,1,0,0,0,100.0,0.0,0,3,No n'hi ha,-1.0,1,3,1,0,0,0,0,0,0,0,0,0,0,0,5,-1,1,Resta sortides de via,-1,1,2,0,0,2,0,2.51,2,1,6,23,10
12701,2016,0,2016-08-01,N-154,LLIVIA,Cerdanya,1,0,1,0,2,0,1,0,0,1,0,0,0,100.0,0.0,0,2,No n'hi ha,-1.0,3,3,1,0,0,0,0,0,0,0,0,0,0,1,4,4,1,Envestida (frontal lateral),0,1,2,4,1,2,1,11.04,0,2,0,1,8
12702,2016,0,2016-12-07,C-66,BORDILS,Girones,1,0,1,0,2,0,0,0,1,1,0,0,0,70.0,0.0,0,2,No n'hi ha,-1.0,3,3,1,0,0,0,0,0,0,0,0,0,0,1,4,4,1,Envestida (frontal lateral),1,1,2,4,2,2,1,13.44,0,2,2,7,12
12703,2016,0,2016-04-13,TV-3141,REUS,Baix Camp,0,0,1,0,1,0,0,0,0,1,0,0,0,80.0,0.0,0,1,No n'hi ha,-1.0,3,3,1,0,0,0,0,0,0,0,0,0,0,0,4,-1,1,Resta sortides de via,-1,1,2,4,3,2,1,8.59,0,1,2,13,4
12704,2016,1,2016-12-22,SE,LLEIDA,Segria,2,0,1,0,2,1,0,0,0,1,0,0,0,100.0,0.0,1,2,No n'hi ha,-1.0,3,3,1,0,0,0,0,0,0,0,0,0,0,0,4,-1,1,Atropellament,-1,2,2,5,-1,2,1,9.05,0,3,3,22,12
12705,2016,1,2016-02-15,SE,CERDANYOLA DEL VALLES,Valles Occidental,3,0,1,0,1,0,0,0,1,0,0,0,0,30.0,0.0,0,2,No n'hi ha,-1.0,3,3,1,0,0,0,0,0,0,0,0,0,0,0,0,-1,1,Caiguda en la via,-1,2,2,5,-1,2,1,20.3,1,0,0,15,2
12706,2016,0,2016-06-24,BV-2304,MEDIONA,Alt Penedes,3,0,2,0,1,0,0,0,0,1,0,0,0,100.0,0.0,0,3,No n'hi ha,-1.0,3,3,1,0,0,0,0,0,0,0,0,0,0,0,4,-1,1,Resta sortides de via,-1,1,2,4,3,2,1,14.28,1,1,4,24,6
12707,2016,0,2016-03-07,N-340,"AMPOLLA, L'",Baix Ebre,0,0,1,1,2,0,0,0,0,1,1,0,0,100.0,0.0,0,2,No n'hi ha,-1.0,3,3,1,0,0,0,0,0,1,0,0,0,0,1,4,4,1,Envestida (frontal lateral),2,1,2,4,1,2,1,17.5,1,2,0,7,3
12708,2016,0,2016-05-16,BV-2411,OLESA DE BONESVALLS,Alt Penedes,3,0,1,0,1,0,0,0,1,0,0,0,0,100.0,0.0,0,1,No n'hi ha,-1.0,3,3,1,0,0,0,0,0,0,0,0,0,0,0,1,-1,1,Resta sortides de via,-1,1,2,4,3,2,1,21.06,1,1,0,16,5
12709,2016,1,2016-03-07,SE,MONTORNES DEL VALLES,Valles Oriental,3,0,1,0,2,1,0,0,0,1,0,0,0,100.0,0.0,0,2,No n'hi ha,-1.0,3,3,1,0,0,0,0,0,0,0,0,0,0,0,4,-1,0,Atropellament,-1,2,2,5,-1,2,1,16.4,1,3,0,7,3
12710,2016,1,2016-06-20,SE,CORNELLA DE LLOBREGAT,Baix Llobregat,3,0,1,0,2,1,0,0,0,0,1,0,0,20.0,0.0,0,2,No n'hi ha,-1.0,3,3,1,-1,0,0,0,-1,0,0,0,0,-1,0,4,-1,1,Atropellament,-1,2,2,5,-1,2,1,17.05,1,3,0,20,6
12711,2016,0,2016-04-21,BP-2121,SANT MARTI SARROCA,Alt Penedes,3,0,1,2,1,0,0,0,0,1,0,0,0,100.0,0.0,0,3,No n'hi ha,-1.0,1,3,1,0,0,0,0,0,0,0,0,0,0,0,2,-1,1,Xoc contra objecte/obstacle sense sortida prèvia de via,-1,1,2,4,3,1,1,9.08,0,4,3,21,4
12712,2016,1,2016-04-19,SE,SABADELL,Valles Occidental,3,0,1,0,2,0,0,0,1,1,0,0,0,40.0,0.0,0,2,No n'hi ha,-1.0,3,3,1,0,0,0,0,0,0,0,0,0,0,1,4,4,1,Envestida (frontal lateral),2,2,2,5,-1,2,1,13.24,0,2,1,19,4
12713,2016,0,2016-07-15,N-150,CERDANYOLA DEL VALLES,Valles Occidental,3,0,1,0,2,0,0,0,1,1,0,0,0,100.0,0.0,0,3,No n'hi ha,-1.0,3,3,1,0,0,0,0,0,0,0,0,0,0,1,4,4,0,Encalç,3,1,2,4,2,2,0,19.53,1,2,4,15,7
12714,2016,0,2016-03-26,CR,MOLLO,Ripolles,1,0,1,0,1,0,0,0,0,1,0,0,0,30.0,0.0,0,1,No n'hi ha,-1.0,3,3,1,0,0,0,0,0,0,0,0,0,0,0,4,-1,1,Resta sortides de via,-1,1,0,3,4,2,0,14.41,1,1,5,26,3
12715,2016,1,2016-07-27,SE,BARCELONA,Barcelones,3,0,1,0,1,0,0,0,1,0,0,0,0,100.0,0.0,0,-1,No n'hi ha,-1.0,3,3,1,0,0,0,0,0,0,0,0,0,0,0,5,-1,0,Xoc contra objecte/obstacle sense sortida prèvia de via,-1,2,2,5,-1,2,1,2.3,2,4,2,27,7
12716,2016,0,2016-09-01,AP-7,SANT CELONI,Valles Oriental,3,1,0,0,1,0,0,0,1,0,0,0,0,100.0,0.0,0,-1,No n'hi ha,-1.0,3,3,0,0,0,0,0,0,0,0,0,0,0,0,4,-1,-1,Caiguda en la via,-1,1,2,4,-1,2,1,14.16,1,0,3,1,9
12717,2016,0,2016-11-01,N-240,VINAIXA,Garrigues,2,0,2,2,1,0,0,0,0,1,0,0,0,100.0,0.0,0,3,No n'hi ha,-1.0,3,3,1,0,0,0,0,0,0,0,0,0,0,0,1,-1,1,Resta sortides de via,-1,1,2,4,1,2,1,9.0,0,1,1,1,11
12718,2016,0,2016-06-01,C-58,VACARISSES,Valles Occidental,3,0,1,0,1,0,0,0,1,0,0,0,0,90.0,0.0,0,-1,Sense Especificar,-1.0,3,3,1,0,0,0,0,0,0,0,0,0,0,1,4,5,-1,Altres,1,1,2,4,4,2,1,18.14,1,5,2,1,6
12719,2016,1,2016-06-29,SE,SALT,Girones,1,0,1,0,2,1,0,0,0,1,0,0,0,20.0,0.0,0,-1,No n'hi ha,-1.0,3,3,1,-1,0,0,0,-1,0,0,0,0,0,0,4,-1,0,Atropellament,-1,2,2,5,0,2,1,19.49,1,3,2,29,6
12720,2016,1,2016-12-28,SE,BARCELONA,Barcelones,3,0,1,1,2,1,0,0,1,0,0,0,0,100.0,0.0,0,-1,Carril central,-1.0,3,3,1,0,0,0,0,0,0,0,0,0,0,1,5,3,0,Atropellament,2,2,2,5,-1,2,1,17.3,1,3,2,28,12
12721,2016,1,2016-10-22,SE,VILANOVA I LA GELTRU,Garraf,3,0,2,0,1,0,0,1,0,0,0,0,0,100.0,0.0,0,-1,No n'hi ha,-1.0,3,3,1,0,0,0,0,0,0,0,0,0,0,0,4,-1,-1,Altres,-1,2,2,5,-1,2,0,22.0,2,5,5,22,10
12722,2016,0,2016-07-30,C-16,BARCELONA,Barcelones,3,0,1,0,1,0,0,0,1,0,0,0,0,90.0,0.0,0,1,No n'hi ha,-1.0,3,3,1,0,0,0,0,0,0,0,0,0,0,0,0,-1,1,Caiguda en la via,-1,1,2,4,3,2,0,3.21,2,0,5,30,7
12723,2016,0,2016-03-05,GI-555,RIUDARENES,Selva,1,0,1,0,1,0,0,0,0,0,1,0,0,40.0,0.0,0,1,No n'hi ha,-1.0,3,3,1,0,0,0,0,0,0,0,0,0,0,1,4,4,1,Resta sortides de via,0,1,2,4,2,2,0,12.15,0,1,5,5,3
12724,2016,1,2016-04-03,SE,GIRONELLA,Bergueda,3,0,1,1,1,0,0,0,0,0,0,1,0,20.0,0.0,0,-1,Sense Especificar,-1.0,3,3,1,0,0,0,0,0,0,0,0,0,0,0,4,-1,-1,Resta sortides de via,-1,2,2,5,4,2,0,13.11,0,1,6,3,4
12725,2016,0,2016-01-24,CR,"GRANJA D'ESCARP, LA",Segria,2,1,0,0,1,0,0,0,1,0,0,0,0,100.0,0.0,0,2,No n'hi ha,-1.0,3,3,0,0,1,0,0,0,0,0,0,0,0,0,4,-1,1,Resta sortides de via,-1,1,2,3,2,2,0,12.5,0,1,6,24,1
12726,2016,0,2016-08-28,C-26,NAVATA,Alt Emporda,1,1,1,5,2,0,0,0,0,2,0,0,0,70.0,0.0,0,1,No n'hi ha,-1.0,3,3,0,0,0,0,0,0,0,0,0,0,0,2,4,2,1,Col·lisió frontal,0,1,2,3,2,2,0,12.52,0,2,6,28,8
12727,2016,1,2016-02-27,SE,VILAFRANCA DEL PENEDES,Alt Penedes,3,0,1,0,1,0,0,0,0,1,0,0,0,20.0,0.0,0,2,No n'hi ha,-1.0,1,3,1,-1,0,0,0,-1,0,0,0,0,-1,1,5,2,0,Xoc contra objecte/obstacle sense sortida prèvia de via,1,2,0,5,0,2,0,2.22,2,4,5,27,2
12728,2016,0,2016-07-16,CR,ALP,Cerdanya,1,0,1,0,1,0,0,0,1,0,0,0,0,100.0,0.0,0,0,No n'hi ha,-1.0,3,3,1,0,0,0,0,0,0,0,0,0,0,0,4,-1,1,Caiguda en la via,-1,1,0,3,0,2,0,11.22,0,0,5,16,7
12729,2016,0,2016-10-01,C-51,"VENDRELL, EL",Baix Penedes,0,0,3,3,2,0,0,0,0,2,0,0,0,40.0,0.0,0,1,No n'hi ha,-1.0,3,3,1,0,0,0,0,0,0,0,0,0,0,1,4,2,1,Col·lisió frontal,3,1,2,4,2,2,0,12.5,0,2,5,1,10
12730,2016,0,2016-07-24,N-260,RIBERA D'URGELLET,Alt Urgell,2,0,1,0,1,0,0,0,1,0,0,0,0,70.0,0.0,0,1,No n'hi ha,-1.0,3,3,1,0,0,0,0,0,0,0,0,0,0,0,4,-1,1,Caiguda en la via,-1,1,2,4,1,2,0,13.45,0,0,6,24,7
12731,2016,0,2016-09-04,C-17,MONTCADA I REIXAC,Valles Occidental,3,0,1,1,1,0,0,0,0,1,0,0,0,80.0,0.0,0,2,No n'hi ha,-1.0,3,3,1,0,0,0,0,0,0,0,0,0,0,0,5,-1,0,Resta sortides de via,-1,1,2,4,2,2,0,6.25,0,1,6,4,9
12732,2010,0,2010-01-11,N-420a,REUS,Baix Camp,0,0,1,0,1,0,0,0,1,0,0,0,0,100.0,0.0,0,0,No n'hi ha,-1.0,3,0,1,0,0,0,0,0,0,0,0,0,0,2,5,-1,0,Caiguda en la via,3,1,2,4,1,2,1,19.37,1,0,0,11,1
12733,2010,1,2010-09-08,SE,TERRASSA,Valles Occidental,3,0,1,0,2,1,0,0,0,1,0,0,0,100.0,0.0,0,-1,No n'hi ha,-1.0,3,3,1,0,0,0,0,0,0,0,0,0,0,0,4,-1,-1,Atropellament,-1,2,2,5,-1,2,1,9.4,0,3,2,8,9
12734,2010,0,2010-07-17,C-51,"VENDRELL, EL",Baix Penedes,0,0,1,0,2,0,0,1,0,1,0,0,0,40.0,0.0,0,0,No n'hi ha,-1.0,3,3,1,0,0,0,0,0,0,0,0,0,0,1,4,5,0,Fregament o col·lisió lateral,0,1,2,4,2,2,0,10.45,0,2,5,17,7
12735,2010,0,2010-10-10,C-17,"GARRIGA, LA",Valles Oriental,3,0,1,1,1,0,0,0,0,1,0,0,0,80.0,0.0,0,3,No n'hi ha,-1.0,3,0,1,0,0,0,0,0,0,0,0,0,0,0,4,-1,1,Xoc contra objecte/obstacle sense sortida prèvia de via,-1,1,2,4,2,2,0,12.5,0,4,6,10,10
12736,2010,0,2010-11-27,N-II,BASCARA,Alt Emporda,1,0,1,0,1,0,0,0,0,1,0,0,0,70.0,0.0,0,1,No n'hi ha,-1.0,3,3,1,0,0,0,0,0,0,0,0,0,0,0,4,-1,1,Sortida de via amb xoc o col·lisió,-1,1,2,4,1,2,0,8.35,0,1,5,27,11
12737,2010,0,2010-08-26,SE,"PALAU D'ANGLESOLA, EL",Pla d'Urgell,2,1,0,0,1,0,0,0,0,0,1,0,0,100.0,0.0,0,2,No n'hi ha,-1.0,3,3,0,0,0,0,0,0,0,0,0,0,0,0,4,-1,1,Caiguda en la via,-1,1,2,3,0,2,1,11.4,0,0,3,26,8
12738,2010,0,2010-07-04,GI-682,TOSSA DE MAR,Selva,1,0,1,0,1,0,0,0,1,0,0,0,0,100.0,0.0,0,3,No n'hi ha,-1.0,3,3,1,0,1,0,0,0,0,0,0,0,0,0,4,-1,1,Xoc contra objecte/obstacle sense sortida prèvia de via,-1,1,2,4,2,2,0,15.45,1,4,6,4,7
12739,2010,0,2010-12-25,SE,TARRAGONA,Tarragones,0,0,1,1,1,0,0,1,0,0,0,0,0,40.0,0.0,0,2,No n'hi ha,-1.0,3,3,1,0,0,0,0,0,0,0,0,0,0,1,3,4,1,Resta sortides de via,0,1,2,3,1,2,0,0.27,2,1,5,25,12
12740,2010,1,2010-05-07,SE,VILADECANS,Baix Llobregat,3,0,1,0,2,1,0,0,0,1,0,0,0,30.0,0.0,0,2,No n'hi ha,-1.0,3,3,1,-1,0,0,0,-1,0,0,0,0,0,1,4,2,0,Atropellament,1,2,2,5,0,2,0,20.03,1,3,4,7,5
12741,2010,0,2010-09-13,T-723,AVIA,Bergueda,3,0,1,0,1,0,0,0,0,0,1,0,0,80.0,0.0,0,2,No n'hi ha,-1.0,3,3,1,-1,0,0,0,-1,0,0,0,0,-1,0,4,-1,1,Resta sortides de via,-1,1,2,4,3,2,1,18.5,1,1,0,13,9
12742,2010,1,2010-12-19,SE,SEROS,Segria,2,0,1,0,1,0,0,1,0,0,0,0,0,50.0,0.0,0,2,No n'hi ha,-1.0,3,3,1,-1,0,0,0,-1,0,0,0,0,-1,1,4,4,1,Xoc contra objecte/obstacle sense sortida prèvia de via,1,2,2,5,-1,2,0,17.0,1,4,6,19,12
12743,2010,0,2010-05-16,BV-2041,GAVA,Baix Llobregat,3,0,1,0,1,0,0,0,1,0,0,0,0,40.0,0.0,0,0,No n'hi ha,-1.0,3,3,1,0,0,0,0,0,0,0,0,0,0,0,4,-1,1,Caiguda en la via,-1,1,2,4,2,2,0,16.31,1,0,6,16,5
12744,2010,1,2010-02-19,SE,BARCELONA,Barcelones,3,1,1,0,2,0,0,1,0,1,0,0,0,100.0,0.0,0,-1,Carril bus,-1.0,2,3,0,0,0,0,1,0,0,0,0,0,0,1,5,3,1,Envestida (frontal lateral),1,2,0,5,-1,2,1,5.45,2,2,4,19,2
12745,2010,0,2010-03-06,BV-2241,PIERA,Anoia,3,0,1,0,2,0,0,0,1,1,0,0,0,100.0,0.0,0,2,No n'hi ha,-1.0,3,3,1,0,0,0,0,0,0,0,0,0,0,0,4,-1,1,Envestida (frontal lateral),-1,1,2,4,3,2,0,12.1,0,2,5,6,3
12746,2010,1,2010-12-09,SE,TERRASSA,Valles Occidental,3,0,1,0,1,0,0,0,1,0,0,0,0,100.0,0.0,0,2,No n'hi ha,-1.0,3,3,1,0,0,0,1,0,0,0,0,0,0,0,2,-1,0,Caiguda en la via,-1,2,2,5,-1,2,1,15.0,1,0,3,9,12
12747,2010,0,2010-05-19,C-243C,TERRASSA,Valles Occidental,3,0,1,0,1,0,0,0,1,0,0,0,0,90.0,0.0,0,0,No n'hi ha,-1.0,3,3,1,-1,0,0,0,-1,0,0,0,0,-1,0,3,-1,1,Caiguda en la via,-1,1,2,4,2,2,1,23.35,2,0,2,19,5
12748,2010,0,2010-12-01,C-246a,SITGES,Garraf,3,0,1,0,2,0,0,1,0,1,0,0,0,50.0,0.0,0,1,No n'hi ha,-1.0,3,3,1,0,0,0,0,0,1,0,0,0,0,2,4,4,1,Col·lisió frontal,2,1,2,4,3,2,1,8.15,0,2,2,1,12
12749,2010,1,2010-10-27,SE,BARCELONA,Barcelones,3,0,1,0,2,0,0,0,1,1,0,0,0,100.0,0.0,0,-1,No n'hi ha,-1.0,3,3,1,0,0,0,0,0,0,0,0,0,0,1,4,3,1,Envestida (frontal lateral),2,2,2,5,-1,2,1,8.3,0,2,2,27,10
12750,2010,1,2010-05-13,SE,"PRAT DE LLOBREGAT, E",Baix Llobregat,3,0,1,0,1,0,0,0,1,0,0,0,0,20.0,0.0,0,2,No n'hi ha,-1.0,3,3,1,-1,0,0,0,-1,0,0,0,0,0,1,4,5,1,Caiguda en la via,0,2,2,5,-1,2,1,14.55,1,0,3,13,5
12751,2010,0,2010-03-20,B-30,SANT CUGAT DEL VALLES,Valles Occidental,3,0,1,0,1,0,0,0,0,1,0,0,0,100.0,0.0,0,3,No n'hi ha,-1.0,3,3,1,0,0,0,0,0,0,0,0,0,0,0,2,-1,0,Xoc contra objecte/obstacle sense sortida prèvia de via,-1,1,2,4,1,2,0,7.4,0,4,5,20,3
12752,2010,1,2010-06-17,SE,REUS,Baix Camp,0,0,1,0,2,0,0,0,1,1,0,0,0,100.0,0.0,0,-1,No n'hi ha,-1.0,3,3,1,0,0,0,0,0,0,0,0,0,0,0,1,-1,1,Fregament o col·lisió lateral,-1,2,2,5,-1,2,1,7.25,0,2,3,17,6
12753,2010,0,2010-11-25,BV-2002,SANT BOI DE LLOBREGAT,Baix Llobregat,3,0,1,0,1,0,0,0,1,0,0,0,0,100.0,0.0,0,-1,No n'hi ha,-1.0,3,3,1,0,0,0,0,0,0,0,0,0,0,0,4,-1,-1,Caiguda en la via,-1,1,2,4,-1,2,1,17.5,1,0,3,25,11
12754,2010,0,2010-10-23,C-16,BARCELONA,Barcelones,3,0,1,0,1,0,0,0,0,1,0,0,0,60.0,0.0,0,2,No n'hi ha,4.0,3,3,1,0,1,1,0,0,0,0,0,0,0,0,5,-1,1,Resta sortides de via,-1,1,2,4,2,2,0,0.4,2,1,5,23,10