,Year,Area,Date,Road,Municipality Name,County Name,Province Name,Fatalties,Serious Injuries,Light Injuries,Units Involved,Pedestrains Involved,Bicycles Involved,Mopeds Involved,Motorcycles,Light Vehicles Involved,Heavy Vehicles Involved,Other Units Involved,Unspecified Units Involved,Road Speed Limit,Accident with Hit and Run,Fog Presence,Surrounding Environment,Special Lane Presence,Special Traffic Measures,Weather Conditions,Special Road Functions,Severity of Accident,Influence of Fog,Influence of Environment,Influence of Traffic,Influence of Weather,Influence of Wind Intensity,Influence of Lighting,Influence of Special Measures,Influence of Road Objects,Influence of Road Surface,Influence of Visibility,Intersection Characteristics,Lighting Conditions,Traffic Regulation and Priority,Direction of Road,Subtype of Accident,Subtype of Road Section,Subzone within Area,Road Surface Conditions,Type of Road,Road Ownership,Wind Conditions,Day of the Week Grouping,Hour of Day,Time of Day Grouping,Type of Accident,Day Type,Day,Month
12755,2010,0,2010-09-22,BV-5301,SANTA MARIA DE PALAU,Valles Oriental,3,0,2,0,2,0,0,1,0,0,1,0,0,100.0,0.0,0,1,No n'hi ha,-1.0,3,3,1,0,0,0,0,0,0,0,0,0,0,0,4,-1,1,Envestida (frontal lateral),-1,1,2,4,3,2,1,15.15,1,2,2,22,9
12756,2010,0,2010-06-06,AL,BARCELONA,Barcelones,3,0,1,3,1,0,0,0,0,1,0,0,0,80.0,0.0,0,-1,No n'hi ha,-1.0,1,3,1,0,0,0,0,0,0,0,0,0,0,0,4,-1,0,Xoc contra objecte/obstacle sense sortida prèvia de via,-1,1,0,4,2,2,0,15.3,1,4,6,6,6
12757,2010,0,2010-12-03,BV-4401,SANTA MARIA DE MERLE,Bergueda,3,0,1,0,1,0,0,0,0,1,0,0,0,90.0,0.0,0,1,No n'hi ha,-1.0,3,3,1,-1,0,0,0,-1,0,0,0,0,0,0,4,-1,1,Resta sortides de via,-1,1,2,4,3,2,1,14.0,1,1,4,3,12
12758,2010,0,2010-11-20,SE,GIRONA,Girones,1,0,1,0,1,0,0,0,1,0,0,0,0,100.0,0.0,0,2,No n'hi ha,-1.0,3,3,1,0,0,0,0,0,0,0,0,0,0,0,1,-1,0,Caiguda en la via,-1,1,2,3,0,2,0,18.28,1,0,5,20,11
12759,2010,0,2010-12-12,BV-2117,CASTELLET I LA GORNA,Alt Penedes,3,1,0,0,1,0,0,0,0,1,0,0,0,100.0,0.0,0,3,No n'hi ha,-1.0,3,3,0,0,0,0,0,0,0,0,0,0,0,2,4,4,1,Resta sortides de via,2,1,2,4,3,2,0,12.17,0,1,6,12,12
12760,2010,0,2010-12-06,N-150,TERRASSA,Valles Occidental,3,0,1,0,1,0,0,0,1,0,0,0,0,100.0,0.0,0,2,No n'hi ha,-1.0,3,2,1,0,0,0,1,0,0,0,0,0,0,1,5,-1,1,Caiguda en la via,0,1,2,4,0,2,1,19.1,1,0,0,6,12
12761,2010,1,2010-07-04,N-230,VIELHA E MIJARAN,Val d'Aran,2,0,2,0,1,0,0,0,1,0,0,0,0,50.0,0.0,0,1,No n'hi ha,-1.0,3,1,1,0,0,0,0,0,0,0,0,0,0,0,4,-1,1,Resta sortides de via,-1,0,2,4,1,2,0,9.3,0,1,6,4,7
12762,2010,1,2010-08-25,SE,BARCELONA,Barcelones,3,0,1,0,2,0,1,0,0,1,0,0,0,100.0,0.0,0,-1,No n'hi ha,-1.0,3,3,1,0,0,0,0,0,0,0,0,0,0,1,4,3,1,Envestida (frontal lateral),2,2,2,5,-1,2,1,17.3,1,2,2,25,8
12763,2010,0,2010-04-30,A-2,LLEIDA,Segria,2,0,1,0,1,0,0,0,0,0,1,0,0,100.0,0.0,0,1,Carril acceleració,-1.0,3,0,1,0,0,0,0,0,0,0,0,0,0,2,4,4,0,Resta sortides de via,3,1,2,4,1,2,1,9.27,0,1,4,30,4
12765,2010,0,2010-03-15,LP-7041,AITONA,Segria,2,0,2,3,1,0,0,0,0,1,0,0,0,100.0,0.0,0,1,No n'hi ha,-1.0,3,3,1,0,0,0,0,0,0,0,0,0,0,0,1,-1,1,Resta sortides de via,-1,1,2,4,2,2,1,7.34,0,1,0,15,3
12766,2010,0,2010-10-28,SE,BELLVIS,Pla d'Urgell,2,1,0,3,1,0,0,0,0,1,0,0,0,100.0,0.0,0,2,No n'hi ha,-1.0,3,3,0,0,0,0,0,0,0,0,0,0,0,0,3,-1,1,Xoc contra objecte/obstacle sense sortida prèvia de via,-1,1,2,3,0,2,1,4.36,2,4,3,28,10
12767,2010,0,2010-12-16,GI-664,"CRUILLES, MONELLS I SANT SADURNI DE L'HE",Baix Emporda,1,0,1,1,2,0,0,0,1,1,0,0,0,70.0,0.0,0,2,No n'hi ha,-1.0,3,3,1,0,0,0,0,0,0,0,0,0,0,1,4,3,1,Fregament o col·lisió lateral,2,1,2,4,2,2,1,14.3,1,2,3,16,12
12768,2010,1,2010-11-30,SE,SANT BOI DE LLOBREGAT,Baix Llobregat,3,0,1,0,1,0,0,0,1,0,0,0,0,100.0,0.0,0,-1,No n'hi ha,-1.0,3,3,1,0,0,0,1,0,0,0,1,0,0,0,4,-1,-1,Caiguda en la via,-1,2,2,5,-1,2,1,9.3,0,0,1,30,11
12769,2010,1,2010-01-07,SE,BARCELONA,Barcelones,3,0,1,0,1,0,0,0,0,0,1,0,0,100.0,0.0,0,-1,No n'hi ha,-1.0,3,3,1,0,0,0,0,0,0,0,0,0,0,1,5,2,0,Caiguda en la via,1,2,2,5,-1,2,1,21.4,1,0,3,7,1
12770,2010,1,2010-10-09,SE,BARCELONA,Barcelones,3,0,1,0,2,0,0,1,0,1,0,0,0,100.0,0.0,0,-1,No n'hi ha,-1.0,3,3,1,0,0,0,0,0,0,0,0,0,0,1,4,2,0,Caiguda en la via,0,2,2,5,-1,2,0,17.55,1,0,5,9,10
12771,2010,0,2010-02-25,T-751,VALLMOLL,Alt Camp,0,0,1,4,2,0,0,0,0,2,0,0,0,100.0,0.0,0,1,No n'hi ha,-1.0,3,3,1,0,1,0,0,0,0,0,0,0,0,0,4,-1,1,Col·lisió frontal,-1,1,2,4,3,2,1,13.15,0,2,3,25,2
12772,2010,0,2010-06-08,C-65,CASSA DE LA SELVA,Girones,1,0,2,0,1,0,0,0,1,0,0,0,0,40.0,0.0,0,2,No n'hi ha,-1.0,3,0,1,0,0,0,0,0,0,0,0,0,0,0,5,-1,1,Caiguda en la via,-1,1,2,4,2,2,1,1.06,2,0,1,8,6
12773,2010,0,2010-07-04,C-44,TIVISSA,Ribera d'Ebre,0,0,1,0,1,0,0,0,1,0,0,0,0,100.0,0.0,0,3,No n'hi ha,-1.0,3,3,1,0,1,0,0,0,0,0,0,0,1,0,4,-1,1,Resta sortides de via,-1,1,2,4,3,2,0,18.0,1,1,6,4,7
12774,2010,0,2010-12-02,SE,SANT BOI DE LLOBREGAT,Baix Llobregat,3,0,1,0,2,0,0,1,0,1,0,0,0,100.0,0.0,0,-1,No n'hi ha,-1.0,3,3,1,0,0,0,0,0,0,0,0,0,0,0,4,-1,-1,Envestida (frontal lateral),-1,1,2,3,-1,2,1,21.48,1,2,3,2,12
12775,2010,0,2010-10-30,C-162,FONTANALS DE CERDANYA,Cerdanya,1,0,1,0,2,0,0,0,0,2,0,0,0,100.0,0.0,0,0,No n'hi ha,-1.0,3,3,1,0,0,0,0,0,0,0,0,0,0,0,4,-1,1,Envestida (frontal lateral),-1,1,2,4,4,2,0,12.0,0,2,5,30,10
12776,2010,0,2010-08-04,SE,SANT PERE PESCADOR,Alt Emporda,1,0,2,1,1,0,0,0,0,1,0,0,0,40.0,0.0,0,3,No n'hi ha,-1.0,3,3,1,0,0,0,0,0,0,0,0,0,0,0,4,-1,1,Resta sortides de via,-1,1,0,3,4,1,1,16.0,1,1,2,4,8
12777,2010,0,2010-03-25,TP-2039,AVIA,Bergueda,3,0,1,0,1,0,0,0,1,0,0,0,0,60.0,0.0,0,3,No n'hi ha,-1.0,3,3,1,-1,0,0,0,-1,0,0,0,0,0,0,3,-1,1,Xoc contra objecte/obstacle sense sortida prèvia de via,-1,1,2,4,3,2,1,21.35,1,4,3,25,3
12778,2010,1,2010-10-18,SE,BARCELONA,Barcelones,3,0,1,0,1,0,0,0,1,0,0,0,0,100.0,0.0,0,-1,No n'hi ha,-1.0,3,3,1,0,0,0,0,0,0,0,0,0,0,1,4,3,0,Caiguda en la via,2,2,2,5,-1,2,1,16.35,1,0,0,18,10
12779,2010,0,2010-06-01,C-32,PREMIA DE DALT,Maresme,3,1,0,0,1,0,0,0,1,0,0,0,0,100.0,0.0,0,3,No n'hi ha,-1.0,3,3,0,0,0,0,0,0,0,0,0,0,0,0,4,-1,1,Xoc contra objecte/obstacle sense sortida prèvia de via,-1,1,2,4,2,2,1,14.4,1,4,1,1,6
12780,2010,1,2010-09-12,SE,HOSPITALET DE LLOBREGAT,Barcelones,3,0,1,2,1,0,0,0,0,0,1,0,0,20.0,0.0,0,2,No n'hi ha,-1.0,3,3,1,-1,0,0,0,-1,0,0,0,0,-1,1,4,3,0,Caiguda en la via,0,2,2,5,-1,2,0,11.14,0,0,6,12,9
12781,2010,0,2010-11-10,N-II,BIURE,Alt Emporda,1,0,1,1,2,0,0,0,0,1,1,0,0,80.0,0.0,0,2,No n'hi ha,-1.0,3,3,1,0,0,0,0,0,0,0,0,0,0,1,4,4,1,Fregament o col·lisió lateral,1,1,2,4,1,2,1,17.0,1,2,2,10,11
12782,2010,1,2010-10-18,SE,GIRONA,Girones,1,0,1,0,1,0,0,0,1,0,0,0,0,30.0,0.0,0,2,No n'hi ha,-1.0,3,3,1,0,1,0,0,0,0,0,0,0,0,2,5,-1,1,Caiguda en la via,2,2,2,5,-1,2,1,20.49,1,0,0,18,10
12783,2010,0,2010-05-19,C-1413a,"PAPIOL, EL",Baix Llobregat,3,0,1,0,2,0,0,0,1,1,0,0,0,100.0,0.0,0,0,No n'hi ha,-1.0,3,3,1,0,0,0,0,0,0,0,0,0,0,0,3,-1,1,Fregament o col·lisió lateral,-1,1,2,4,2,2,1,23.3,2,2,2,19,5
12785,2010,0,2010-10-06,C-16,RUBI,Valles Occidental,3,0,1,0,1,0,0,0,1,0,0,0,0,100.0,0.0,0,2,Carril acceleració,-1.0,3,3,1,0,1,0,0,0,0,0,0,0,0,1,4,-1,0,Caiguda en la via,3,1,2,4,2,2,1,14.0,1,0,2,6,10
12786,2010,0,2010-07-19,GI-555,MASSANES,Selva,1,0,1,1,1,0,0,0,0,1,0,0,0,90.0,0.0,0,1,No n'hi ha,-1.0,3,3,1,-1,0,0,0,-1,0,0,0,0,-1,0,2,-1,1,Xoc contra objecte/obstacle sense sortida prèvia de via,-1,1,2,4,3,2,1,19.0,1,4,0,19,7
12787,2010,0,2010-11-27,SE,LLEIDA,Segria,2,0,1,1,1,0,0,0,0,1,0,0,0,100.0,0.0,0,-1,No n'hi ha,-1.0,3,3,1,0,0,0,0,0,0,0,0,0,0,0,4,-1,-1,Altres,-1,1,2,3,-1,2,0,3.25,2,5,5,27,11
12788,2010,0,2010-04-12,C-153,VIC,Osona,3,0,1,0,1,0,0,0,0,1,0,0,0,50.0,0.0,0,2,No n'hi ha,-1.0,1,3,1,-1,0,0,1,0,0,0,0,0,0,0,2,-1,1,Xoc contra objecte/obstacle sense sortida prèvia de via,-1,1,0,4,2,1,1,12.45,0,4,0,12,4
12789,2010,0,2010-08-22,SE,CASTELLNOU DE SEANA,Pla d'Urgell,2,0,1,0,1,0,0,0,1,0,0,0,0,100.0,0.0,0,0,No n'hi ha,-1.0,3,3,1,0,0,0,0,0,0,0,0,0,0,0,4,-1,1,Resta sortides de via,-1,1,2,3,0,2,0,10.25,0,1,6,22,8
12790,2010,0,2010-08-18,GI-531,SANT ANIOL DE FINESTRES,Garrotxa,1,0,1,0,1,0,0,0,0,0,1,0,0,90.0,0.0,0,0,No n'hi ha,-1.0,3,3,1,-1,0,0,0,-1,0,0,0,0,-1,0,4,-1,1,Sortida de via amb bolcada,-1,1,2,4,2,2,1,8.27,0,1,2,18,8
12791,2010,0,2010-04-11,L-700,GRANYENA DE SEGARRA,Segarra,2,0,1,0,1,0,0,0,1,0,0,0,0,90.0,0.0,0,-1,No n'hi ha,-1.0,3,3,1,-1,0,0,0,-1,0,0,0,0,0,0,4,-1,1,Xoc contra objecte/obstacle sense sortida prèvia de via,-1,1,2,4,3,2,0,12.0,0,4,6,11,4
12792,2010,1,2010-10-09,SE,CAMBRILS,Baix Camp,0,0,1,1,1,0,0,0,0,1,0,0,0,40.0,0.0,0,2,No n'hi ha,-1.0,3,3,1,0,0,0,0,0,0,0,0,0,0,1,5,5,1,Xoc contra objecte/obstacle sense sortida prèvia de via,2,2,2,5,-1,2,0,5.26,2,4,5,9,10
12793,2010,1,2010-07-12,SE,CASTELLAR DEL VALLES,Valles Occidental,3,1,0,0,1,0,1,0,0,0,0,0,0,20.0,,0,3,No n'hi ha,-1.0,3,3,0,-1,0,0,0,-1,0,0,0,0,0,0,4,-1,1,Caiguda en la via,-1,2,2,5,-1,2,1,7.15,0,0,0,12,7
12794,2010,0,2010-10-16,C-59,CASTELLTERCOL,Moianès,3,1,0,0,1,0,0,0,0,1,0,0,0,100.0,0.0,1,3,No n'hi ha,-1.0,3,3,0,1,1,0,0,0,0,0,0,0,0,0,3,-1,1,Resta sortides de via,-1,1,2,4,2,2,0,5.3,2,1,5,16,10
12795,2010,1,2010-07-08,SE,BARCELONA,Barcelones,3,0,1,0,1,0,0,0,0,0,1,0,0,100.0,0.0,0,-1,No n'hi ha,-1.0,3,3,1,0,0,0,0,0,0,0,0,0,0,0,4,-1,1,Caiguda en la via,-1,2,2,5,-1,2,1,18.35,1,0,3,8,7
12796,2010,1,2010-02-11,SE,BADALONA,Barcelones,3,0,1,0,1,0,0,0,1,0,0,0,0,100.0,0.0,0,-1,No n'hi ha,-1.0,3,3,1,0,0,0,0,0,0,0,1,0,0,1,5,5,0,Caiguda en la via,2,2,1,5,-1,2,1,20.0,1,0,3,11,2
12797,2010,0,2010-02-24,C-16,"NOU DE BERGUEDA, LA",Bergueda,3,0,1,0,1,0,0,0,0,0,1,0,0,100.0,0.0,0,2,No n'hi ha,-1.0,3,3,1,0,0,0,0,0,0,0,0,0,0,0,4,-1,1,Xoc contra objecte/obstacle sense sortida prèvia de via,-1,1,2,4,2,1,1,12.17,0,4,2,24,2
12798,2010,0,2010-03-14,C-61,VALLGORGUINA,Valles Oriental,3,0,2,2,2,0,0,0,0,2,0,0,0,100.0,0.0,0,2,No n'hi ha,-1.0,3,3,1,0,0,0,0,0,0,0,0,0,0,0,4,-1,1,Altres,-1,1,2,4,2,2,0,12.4,0,5,6,14,3
12799,2010,1,2010-07-04,SE,IGUALADA,Anoia,3,0,1,0,1,0,0,1,0,0,0,0,0,50.0,0.0,0,2,No n'hi ha,-1.0,3,3,1,-1,0,0,0,-1,0,0,0,0,-1,1,4,4,1,Caiguda en la via,0,2,2,5,-1,2,0,18.15,1,0,6,4,7
12800,2010,0,2010-11-10,C-14,ALCOVER,Alt Camp,0,0,1,0,1,0,0,0,0,0,1,0,0,100.0,0.0,0,1,No n'hi ha,-1.0,3,3,1,0,0,0,0,1,0,0,0,0,0,0,4,-1,1,Altres,-1,1,2,4,2,2,1,12.34,0,5,2,10,11
12801,2010,0,2010-12-23,C-246a,VILANOVA I LA GELTRU,Garraf,3,1,0,0,1,0,0,0,1,0,0,0,0,40.0,0.0,0,0,No n'hi ha,-1.0,3,3,0,0,1,0,1,0,0,0,0,0,0,0,3,-1,1,Caiguda en la via,-1,1,2,4,2,2,1,3.04,2,0,3,23,12
12802,2011,0,2011-11-28,N-260,PRULLANS,Cerdanya,2,0,1,0,1,0,0,0,0,1,0,0,0,70.0,0.0,0,-1,No n'hi ha,-1.0,3,3,1,0,0,0,0,0,0,0,0,0,0,0,3,-1,-1,Resta sortides de via,-1,1,5,4,1,2,1,7.15,0,1,0,28,11
12803,2011,0,2011-11-09,AP-7,SANTA MARIA DE PALAU,Valles Oriental,3,0,1,0,1,0,0,0,0,1,0,0,0,120.0,0.0,0,2,No n'hi ha,-1.0,3,3,1,-1,0,0,0,-1,0,0,0,0,-1,0,4,-1,1,Xoc contra objecte/obstacle sense sortida prèvia de via,-1,1,2,2,1,2,1,11.15,0,4,2,9,11
12804,2011,0,2011-07-02,C-26,NAVES,Solsones,2,0,1,0,1,0,0,0,1,0,0,0,0,90.0,0.0,0,1,No n'hi ha,-1.0,3,3,1,-1,0,0,0,-1,0,0,0,0,0,0,4,-1,1,Resta sortides de via,-1,1,2,4,2,2,0,11.25,0,1,5,2,7
12805,2011,0,2011-07-04,N-145,"VALLS DE VALIRA, LES",Alt Urgell,2,0,1,0,1,0,0,0,1,0,0,0,0,90.0,0.0,0,0,No n'hi ha,-1.0,3,3,1,-1,0,0,0,-1,0,0,0,0,0,0,4,-1,1,Resta sortides de via,-1,1,2,4,4,2,1,10.22,0,1,0,4,7
12806,2011,0,2011-08-03,LV-4241,ODEN,Solsones,2,0,1,0,1,0,0,0,1,0,0,0,0,90.0,0.0,0,1,No n'hi ha,-1.0,3,3,1,-1,0,0,0,-1,0,0,0,0,-1,0,4,-1,1,Resta sortides de via,-1,1,2,4,3,2,1,14.5,1,1,2,3,8
12808,2011,0,2011-10-29,C-55,MANRESA,Bages,3,0,1,0,1,0,0,0,0,0,1,0,0,80.0,0.0,0,1,No n'hi ha,-1.0,3,0,1,-1,0,0,0,-1,0,0,0,0,-1,1,4,2,0,Caiguda en la via,1,1,0,4,2,2,0,8.0,0,0,5,29,10
12809,2011,0,2011-04-06,N-150,BARBERA DEL VALLES,Valles Occidental,3,0,1,0,1,0,0,0,1,0,0,0,0,90.0,0.0,0,-1,No n'hi ha,-1.0,3,3,1,-1,0,0,0,-1,0,0,0,0,-1,2,4,2,0,Caiguda en la via,3,1,2,4,2,2,1,6.44,0,0,2,6,4
12810,2011,0,2011-01-22,T-704,"ALEIXAR, L'",Baix Camp,0,0,1,1,2,0,0,0,0,2,0,0,0,50.0,0.0,0,3,No n'hi ha,-1.0,3,3,1,0,0,0,0,0,0,0,0,0,0,0,4,-1,1,Col·lisió frontal,-1,1,2,4,3,2,0,12.09,0,2,5,22,1
12811,2011,0,2011-02-01,A-2,BELL-LLOC D'URGELL,Pla d'Urgell,2,0,1,0,1,0,0,0,0,0,1,0,0,100.0,0.0,0,2,No n'hi ha,-1.0,3,3,1,0,0,0,0,0,0,0,0,0,0,0,3,-1,1,Xoc contra objecte/obstacle sense sortida prèvia de via,-1,1,2,4,1,2,1,2.07,2,4,1,1,2
12812,2011,0,2011-09-16,C-16,"NOU DE BERGUEDA, LA",Bergueda,3,0,1,1,1,0,0,0,1,0,0,0,0,70.0,0.0,0,1,No n'hi ha,-1.0,3,3,1,0,0,0,0,0,0,0,0,0,0,0,3,-1,1,Caiguda en la via,-1,1,2,4,2,2,0,22.25,2,0,4,16,9
12813,2011,1,2011-04-08,SE,RUBI,Valles Occidental,3,0,1,0,2,1,0,0,0,1,0,0,0,100.0,0.0,0,2,No n'hi ha,-1.0,3,3,1,0,0,0,0,0,1,0,0,0,0,2,4,3,1,Atropellament,2,2,2,5,-1,2,1,10.45,0,3,4,8,4
12814,2011,0,2011-10-16,C-17,LLICA D'AMUNT,Valles Oriental,3,0,1,2,1,0,0,0,0,1,0,0,0,80.0,0.0,0,2,No n'hi ha,-1.0,3,3,1,0,0,0,0,0,0,0,0,0,0,0,4,-1,1,Resta sortides de via,-1,1,2,4,2,2,0,16.3,1,1,6,16,10
12815,2011,0,2011-09-14,N-340a,TARRAGONA,Tarragones,0,0,1,0,2,0,0,0,1,1,0,0,0,100.0,0.0,0,-1,No n'hi ha,-1.0,3,3,1,0,0,0,0,0,1,0,0,0,0,0,4,-1,-1,Envestida (frontal lateral),-1,1,2,4,-1,2,1,8.55,0,2,2,14,9
12816,2011,0,2011-07-03,N-420,PRADELL DE LA TEIXETA,Priorat,0,2,0,0,1,0,0,0,1,0,0,0,0,100.0,0.0,0,-1,No n'hi ha,-1.0,3,3,0,0,0,0,0,0,0,0,0,0,0,0,4,-1,-1,Altres,-1,1,2,4,-1,2,0,11.03,0,5,6,3,7
12817,2011,1,2011-05-19,SE,LLICA D'AMUNT,Valles Oriental,3,0,1,0,1,0,1,0,0,0,0,0,0,30.0,0.0,0,2,No n'hi ha,-1.0,3,3,1,0,0,0,0,0,0,0,0,0,0,0,1,-1,1,Caiguda en la via,-1,2,2,5,-1,2,1,20.2,1,0,3,19,5
12818,2011,1,2011-12-13,SE,BARCELONA,Barcelones,3,0,1,0,2,0,0,0,1,1,0,0,0,100.0,0.0,0,-1,No n'hi ha,-1.0,3,3,1,0,0,0,0,0,0,0,0,0,0,1,1,4,0,Fregament o col·lisió lateral,1,2,2,5,-1,2,1,19.05,1,2,1,13,12
12819,2011,1,2011-05-19,SE,BARCELONA,Barcelones,3,0,1,0,2,0,0,0,1,0,1,0,0,100.0,0.0,0,-1,Carril bus,-1.0,3,3,1,0,0,0,1,0,0,0,0,0,0,1,4,3,1,Fregament o col·lisió lateral,2,2,2,5,-1,2,1,11.28,0,2,3,19,5
12820,2011,0,2011-12-05,C-32,CABRERA DE MAR,Maresme,3,0,1,1,1,0,0,0,0,1,0,0,0,40.0,0.0,0,1,No n'hi ha,-1.0,3,3,1,0,0,0,0,0,0,0,0,0,0,1,5,-1,0,Resta sortides de via,3,1,2,4,4,2,1,6.5,0,1,0,5,12
12821,2011,1,2011-02-07,SE,SANT CUGAT DEL VALLES,Valles Occidental,3,0,1,2,1,0,0,0,0,1,0,0,0,100.0,0.0,0,2,No n'hi ha,-1.0,3,1,1,0,0,0,0,0,0,0,1,0,0,1,5,4,1,Xoc contra objecte/obstacle sense sortida prèvia de via,2,0,2,5,-1,2,1,1.25,2,4,0,7,2
12822,2011,1,2011-04-01,SE,BARCELONA,Barcelones,3,0,1,0,2,0,0,0,1,1,0,0,0,40.0,0.0,0,-1,No n'hi ha,-1.0,3,3,1,0,0,0,0,0,0,0,0,0,0,0,4,-1,1,Fregament o col·lisió lateral,-1,2,2,5,-1,2,0,17.05,1,2,4,1,4
12823,2011,0,2011-11-03,C-1415A,CASTELLAR DEL VALLES,Valles Occidental,3,0,1,0,1,0,0,1,0,0,0,0,0,50.0,0.0,0,1,No n'hi ha,-1.0,3,3,1,0,0,0,0,0,0,0,0,0,0,0,2,-1,1,Caiguda en la via,-1,1,2,4,2,2,1,12.44,0,0,3,3,11
12824,2011,0,2011-07-16,LV-5118,PERAMOLA,Alt Urgell,2,1,0,0,1,0,0,0,1,0,0,0,0,100.0,0.0,0,2,No n'hi ha,-1.0,3,3,0,0,0,0,0,0,0,0,0,0,0,0,4,-1,1,Resta sortides de via,-1,1,2,4,3,2,0,11.2,0,1,5,16,7
12825,2011,0,2011-06-03,N-340,"AMETLLA DE MAR, L'",Baix Ebre,0,0,1,0,1,0,0,0,0,0,1,0,0,100.0,0.0,0,2,No n'hi ha,-1.0,3,3,1,0,0,0,0,0,0,0,0,0,0,0,2,-1,1,Sortida de via amb bolcada,-1,1,2,4,1,2,1,11.49,0,1,4,3,6
12826,2011,1,2011-03-14,SE,SANT BOI DE LLOBREGAT,Baix Llobregat,3,0,1,0,1,0,0,0,0,1,0,0,0,100.0,0.0,0,3,No n'hi ha,-1.0,1,3,1,0,1,0,0,0,0,0,0,0,0,0,5,-1,1,Xoc contra objecte/obstacle sense sortida prèvia de via,-1,2,0,5,-1,2,1,19.4,1,4,0,14,3
12827,2011,1,2011-03-27,SE,LLEIDA,Segria,2,0,1,0,1,0,0,1,0,0,0,0,0,100.0,0.0,0,-1,No n'hi ha,-1.0,3,3,1,0,0,0,0,0,0,0,0,0,0,0,4,-1,-1,Sortida de via amb bolcada,-1,2,2,5,-1,2,0,18.5,1,1,6,27,3
12828,2011,1,2011-02-28,SE,SABADELL,Valles Occidental,3,0,1,0,2,1,0,0,0,1,0,0,0,100.0,0.0,0,-1,No n'hi ha,-1.0,3,3,1,0,0,0,0,0,0,0,0,0,0,0,4,-1,-1,Atropellament,-1,2,2,5,-1,2,1,15.16,1,3,0,28,2
12829,2011,0,2011-06-07,C-31,GAVA,Baix Llobregat,3,0,1,0,1,0,0,0,1,0,0,0,0,30.0,0.0,0,2,No n'hi ha,-1.0,2,3,1,0,0,0,1,0,0,0,0,0,0,1,5,-1,0,Caiguda en la via,3,1,0,4,2,1,1,21.55,1,0,1,7,6
12830,2011,0,2011-05-29,B-212,CASTELLVI DE LA MARC,Alt Penedes,3,0,1,0,1,0,0,0,0,1,0,0,0,100.0,0.0,0,3,No n'hi ha,-1.0,3,3,1,0,0,0,0,0,0,0,0,0,0,0,3,-1,1,Altres,-1,1,2,4,3,2,0,0.2,2,5,6,29,5
12831,2011,1,2011-06-29,SE,MIRALCAMP,Pla d'Urgell,2,0,1,0,1,0,0,1,0,0,0,0,0,100.0,0.0,0,2,No n'hi ha,-1.0,3,3,1,0,0,0,0,0,0,0,0,1,0,0,0,-1,1,Caiguda en la via,-1,2,2,5,4,2,1,0.1,2,0,2,29,6
12832,2011,0,2011-04-29,B-22,SANT BOI DE LLOBREGAT,Baix Llobregat,3,1,0,0,1,0,0,0,0,1,0,0,0,50.0,0.0,0,2,No n'hi ha,-1.0,1,3,0,0,0,0,1,0,0,0,0,0,0,0,1,-1,1,Xoc contra objecte/obstacle sense sortida prèvia de via,-1,1,0,4,2,2,1,6.45,0,4,4,29,4
12833,2011,1,2011-08-07,SE,BARCELONA,Barcelones,3,0,1,0,1,0,0,0,0,1,0,0,0,100.0,0.0,0,-1,No n'hi ha,-1.0,3,3,1,0,0,0,0,0,0,0,0,0,0,0,4,-1,0,Xoc contra objecte/obstacle sense sortida prèvia de via,-1,2,2,5,-1,2,0,6.17,0,4,6,7,8
12834,2011,1,2011-12-27,SE,OLOT,Garrotxa,1,0,1,0,2,1,0,0,0,1,0,0,0,100.0,0.0,0,2,No n'hi ha,-1.0,3,3,1,0,0,0,0,0,0,0,0,0,0,0,5,-1,1,Atropellament,-1,2,2,5,-1,2,1,18.02,1,3,1,27,12
12835,2011,0,2011-01-10,B-23,SANT JOAN DESPI,Baix Llobregat,3,0,1,0,2,0,0,0,1,1,0,0,0,80.0,1.0,0,2,No n'hi ha,-1.0,3,3,1,0,0,0,0,0,0,0,0,0,0,0,4,-1,1,Xoc contra objecte/obstacle sense sortida prèvia de via,-1,1,2,4,1,2,1,9.3,0,4,0,10,1
12836,2011,0,2011-08-30,C-32,HOSPITALET DE LLOBREGAT,Barcelones,3,0,1,0,1,0,0,0,1,0,0,0,0,80.0,0.0,0,2,No n'hi ha,-1.0,3,3,1,0,0,0,0,0,0,0,0,0,0,1,4,-1,1,Xoc contra objecte/obstacle sense sortida prèvia de via,3,1,2,4,2,2,1,16.2,1,4,1,30,8
12837,2011,1,2011-07-27,SE,CAMBRILS,Baix Camp,0,0,1,0,2,0,1,0,0,1,0,0,0,100.0,0.0,0,-1,No n'hi ha,-1.0,3,3,1,0,0,0,0,0,0,0,0,0,0,0,4,-1,-1,Xoc contra objecte/obstacle sense sortida prèvia de via,-1,2,2,5,-1,2,1,19.2,1,4,2,27,7
12838,2011,1,2011-09-24,SE,CASSA DE LA SELVA,Girones,1,0,1,0,2,0,0,1,0,0,1,0,0,100.0,0.0,0,3,No n'hi ha,-1.0,3,3,1,0,0,0,0,0,0,0,0,0,0,0,2,-1,1,Col·lisió frontal,-1,2,2,5,-1,2,0,9.52,0,2,5,24,9