,Year,Area,Date,Road,Municipality Name,County Name,Province Name,Fatalties,Serious Injuries,Light Injuries,Units Involved,Pedestrains Involved,Bicycles Involved,Mopeds Involved,Motorcycles,Light Vehicles Involved,Heavy Vehicles Involved,Other Units Involved,Unspecified Units Involved,Road Speed Limit,Accident with Hit and Run,Fog Presence,Surrounding Environment,Special Lane Presence,Special Traffic Measures,Weather Conditions,Special Road Functions,Severity of Accident,Influence of Fog,Influence of Environment,Influence of Traffic,Influence of Weather,Influence of Wind Intensity,Influence of Lighting,Influence of Special Measures,Influence of Road Objects,Influence of Road Surface,Influence of Visibility,Intersection Characteristics,Lighting Conditions,Traffic Regulation and Priority,Direction of Road,Subtype of Accident,Subtype of Road Section,Subzone within Area,Road Surface Conditions,Type of Road,Road Ownership,Wind Conditions,Day of the Week Grouping,Hour of Day,Time of Day Grouping,Type of Accident,Day Type,Day,Month
12839,2011,0,2011-02-28,SE,MONTFERRER I CASTELLBO,Alt Urgell,2,1,0,1,1,0,0,0,0,1,0,0,0,100.0,0.0,0,3,No n'hi ha,-1.0,3,3,0,0,0,0,0,0,0,0,0,0,0,0,4,-1,1,Resta sortides de via,-1,1,0,3,4,2,1,18.02,1,1,0,28,2
12840,2011,0,2011-02-19,C-32,VILADECANS,Baix Llobregat,3,0,1,0,1,0,0,0,0,1,0,0,0,120.0,0.0,0,2,Carril avançament,-1.0,3,3,1,0,0,0,0,0,0,0,0,0,0,0,5,-1,1,Xoc contra objecte/obstacle sense sortida prèvia de via,-1,1,2,4,2,2,0,1.3,2,4,5,19,2
12841,2011,1,2011-09-13,SE,LLORET DE MAR,Selva,1,0,1,0,1,0,0,1,0,0,0,0,0,30.0,0.0,0,1,No n'hi ha,-1.0,3,3,1,0,0,0,0,0,0,0,0,0,0,0,4,-1,1,Caiguda en la via,-1,2,2,5,-1,2,1,19.47,1,0,1,13,9
12842,2011,0,2011-08-03,C-260,CASTELLO D'EMPURIES,Alt Emporda,1,0,1,1,1,0,0,0,0,1,0,0,0,100.0,0.0,0,3,No n'hi ha,-1.0,3,3,1,0,0,0,0,0,0,0,0,0,0,0,3,-1,1,Altres,-1,1,2,4,2,2,1,3.05,2,5,2,3,8
12843,2011,1,2011-06-19,SE,ESPARREGUERA,Baix Llobregat,3,0,1,0,1,0,0,0,0,1,0,0,0,20.0,0.0,0,2,No n'hi ha,-1.0,3,3,1,-1,0,0,0,-1,0,0,0,0,-1,0,4,-1,1,Xoc contra objecte/obstacle sense sortida prèvia de via,-1,2,2,5,-1,2,0,10.55,0,4,6,19,6
12844,2011,1,2011-11-28,SE,LLEIDA,Segria,2,0,1,0,2,0,0,0,1,1,0,0,0,100.0,0.0,0,-1,No n'hi ha,-1.0,3,3,1,0,0,0,0,0,0,0,0,0,0,0,4,-1,-1,Envestida (frontal lateral),-1,2,2,5,-1,2,1,8.35,0,2,0,28,11
12845,2011,0,2011-08-26,C-59,SANT QUIRZE SAFAJA,Moianès,3,0,1,0,1,0,0,0,1,0,0,0,0,100.0,0.0,0,0,No n'hi ha,-1.0,3,3,1,0,0,0,0,0,0,0,0,0,0,0,4,-1,1,Resta sortides de via,-1,1,2,4,2,2,1,12.55,0,1,4,26,8
12846,2011,1,2011-05-19,SE,BARCELONA,Barcelones,3,0,1,0,1,0,0,0,0,0,1,0,0,30.0,0.0,0,-1,No n'hi ha,-1.0,3,3,1,0,0,0,0,0,0,0,0,0,0,0,4,-1,0,Caiguda en la via,-1,2,2,5,-1,2,1,19.3,1,0,3,19,5
12847,2011,1,2011-09-17,SE,BARCELONA,Barcelones,3,0,1,0,2,1,0,0,1,0,0,0,0,100.0,0.0,0,-1,No n'hi ha,-1.0,3,3,1,0,0,0,0,0,0,0,0,0,0,1,4,3,1,Atropellament,1,2,2,5,-1,2,0,16.55,1,3,5,17,9
12848,2011,1,2011-05-13,SE,GIRONA,Girones,1,0,1,0,1,0,0,0,0,1,0,0,0,20.0,0.0,0,-1,No n'hi ha,-1.0,-1,3,1,-1,-1,-1,-1,-1,-1,-1,-1,-1,-1,0,-1,-1,-1,Xoc contra objecte/obstacle sense sortida prèvia de via,-1,2,-1,5,-1,-1,0,20.1,1,4,4,13,5
12849,2011,1,2011-11-28,SE,BARCELONA,Barcelones,3,0,1,0,2,0,1,0,1,0,0,0,0,100.0,0.0,0,-1,No n'hi ha,-1.0,3,3,1,0,0,0,0,0,0,0,0,0,0,1,5,3,1,Envestida (frontal lateral),2,2,2,5,-1,2,1,21.1,1,2,0,28,11
12850,2011,0,2011-08-06,T-310,PRATDIP,Baix Camp,0,1,0,0,1,0,0,0,1,0,0,0,0,100.0,0.0,0,0,No n'hi ha,-1.0,3,3,0,0,0,0,0,0,0,0,0,0,0,0,4,-1,1,Resta sortides de via,-1,1,2,4,3,2,0,13.08,0,1,5,6,8
12851,2011,1,2011-10-05,SE,"VALLS DE VALIRA, LES",Alt Urgell,2,0,1,0,1,0,0,0,0,1,0,0,0,100.0,0.0,0,3,No n'hi ha,-1.0,3,3,1,0,0,0,0,0,0,0,0,0,0,0,4,-1,1,Resta sortides de via,-1,2,0,5,4,2,1,13.24,0,1,2,5,10
12852,2011,1,2011-04-01,SE,BARCELONA,Barcelones,3,1,0,0,1,0,0,0,1,0,0,0,0,50.0,0.0,0,-1,No n'hi ha,-1.0,3,3,0,0,0,0,0,0,0,0,0,0,0,0,5,-1,0,Xoc contra objecte/obstacle sense sortida prèvia de via,-1,2,2,5,-1,2,0,23.55,2,4,4,1,4
12853,2011,0,2011-07-26,A-2,SANT VICENC DELS HORTS,Baix Llobregat,3,0,1,0,1,0,0,0,1,0,0,0,0,40.0,0.0,0,3,No n'hi ha,-1.0,3,0,1,0,0,0,0,0,0,0,0,0,0,0,4,-1,1,Caiguda en la via,-1,1,2,4,1,2,1,10.15,0,0,1,26,7
12854,2011,1,2011-01-28,SE,SABADELL,Valles Occidental,3,0,1,0,1,0,0,0,0,0,1,0,0,100.0,0.0,0,-1,No n'hi ha,-1.0,3,3,1,0,0,0,0,0,0,0,0,0,0,0,4,-1,1,Xoc contra objecte/obstacle sense sortida prèvia de via,-1,2,2,5,-1,2,1,13.3,0,4,4,28,1
12855,2011,0,2011-05-29,C-16,VILADECAVALLS,Valles Occidental,3,0,1,0,1,0,0,1,0,0,0,0,0,100.0,0.0,0,3,No n'hi ha,0.0,3,3,1,0,0,0,0,0,0,0,0,0,0,0,1,-1,1,Sortida de via amb xoc o col·lisió,-1,1,2,4,2,2,0,5.4,2,1,6,29,5
12856,2011,0,2011-01-01,C-14,REUS,Baix Camp,0,1,0,1,1,0,0,0,0,1,0,0,0,100.0,0.0,0,3,Carril d'alentiment,-1.0,3,3,0,0,0,0,0,0,0,0,0,0,0,1,1,5,1,Sortida de via amb bolcada,3,1,2,4,2,2,0,17.5,1,1,5,1,1
12857,2011,0,2011-01-04,C-61,VALLGORGUINA,Valles Oriental,3,0,1,0,1,0,0,0,0,1,0,0,0,50.0,0.0,0,1,No n'hi ha,-1.0,3,3,1,0,1,0,0,0,0,0,0,0,0,0,4,-1,1,Resta sortides de via,-1,1,2,4,2,2,1,17.0,1,1,1,4,1
12858,2011,0,2011-11-24,SE,CERDANYOLA DEL VALLES,Valles Occidental,3,1,0,2,2,0,0,0,1,1,0,0,0,100.0,0.0,0,2,No n'hi ha,-1.0,3,3,0,0,1,0,0,0,0,0,0,0,0,0,4,-1,1,Encalç,-1,1,2,3,0,2,1,14.19,1,2,3,24,11
12859,2011,0,2011-01-08,C-55,MANRESA,Bages,3,0,1,2,2,0,0,0,0,2,0,0,0,60.0,0.0,0,1,No n'hi ha,-1.0,3,2,1,0,0,0,0,0,0,0,0,0,0,2,4,4,1,Envestida (frontal lateral),3,1,2,4,2,2,0,8.54,0,2,5,8,1
12860,2011,0,2011-05-18,LV-2014,"ESPLUGA CALBA, L'",Garrigues,2,0,1,1,1,0,0,0,0,1,0,0,0,100.0,0.0,0,2,No n'hi ha,-1.0,3,3,1,0,0,0,0,0,0,0,0,0,0,0,4,-1,1,Resta sortides de via,-1,1,2,4,2,2,1,7.58,0,1,2,18,5
12861,2011,1,2011-06-08,SE,GIRONA,Girones,1,0,1,0,1,0,0,1,0,0,0,0,0,40.0,0.0,0,0,No n'hi ha,-1.0,3,3,1,0,0,0,1,0,0,0,0,0,0,1,4,5,1,Caiguda en la via,0,2,2,5,0,1,1,17.33,1,0,2,8,6
12862,2011,0,2011-06-25,BV-3008,FONOLLOSA,Bages,3,1,0,0,1,0,0,0,0,1,0,0,0,100.0,0.0,0,1,No n'hi ha,-1.0,3,3,0,0,0,0,0,0,0,0,0,0,0,0,1,-1,1,Resta sortides de via,-1,1,2,4,3,2,0,21.53,1,1,5,25,6
12863,2011,1,2011-05-09,SE,TARRAGONA,Tarragones,0,0,1,1,1,0,0,0,1,0,0,0,0,80.0,0.0,0,3,No n'hi ha,-1.0,3,3,1,-1,0,0,0,-1,0,0,0,0,-1,0,4,-1,1,Xoc contra objecte/obstacle sense sortida prèvia de via,-1,2,2,5,-1,2,1,18.15,1,4,0,9,5
12864,2011,0,2011-12-02,LV-2012,"OMELLONS, ELS",Garrigues,2,0,1,0,1,0,0,0,0,1,0,0,0,100.0,0.0,1,0,No n'hi ha,-1.0,3,3,1,1,1,0,0,0,0,0,0,0,0,0,4,-1,1,Resta sortides de via,-1,1,2,4,2,2,1,11.2,0,1,4,2,12
12865,2011,1,2011-08-16,SE,RIPOLLET,Valles Occidental,3,0,1,0,1,0,0,0,1,0,0,0,0,100.0,0.0,0,2,No n'hi ha,-1.0,3,3,1,0,0,0,0,0,0,0,0,0,0,1,4,5,0,Caiguda en la via,0,2,2,5,0,2,1,12.55,0,0,1,16,8
12866,2011,1,2011-08-30,SE,SANTA COLOMA DE GRAMANET,Barcelones,3,0,1,0,2,0,0,0,1,1,0,0,0,20.0,0.0,0,-1,No n'hi ha,-1.0,3,3,1,0,0,0,0,0,0,0,0,0,0,1,4,4,0,Envestida (frontal lateral),2,2,2,5,-1,2,1,13.55,0,2,1,30,8
12867,2011,1,2011-11-24,SE,TERRASSA,Valles Occidental,3,0,1,0,1,0,0,0,1,0,0,0,0,100.0,0.0,0,-1,No n'hi ha,-1.0,3,3,1,0,0,0,0,0,0,0,0,0,0,0,4,-1,-1,Caiguda en la via,-1,2,2,5,-1,2,1,19.55,1,0,3,24,11
12868,2011,0,2011-03-28,C-12,OS DE BALAGUER,Noguera,2,0,1,0,1,0,0,0,0,1,0,0,0,100.0,0.0,0,0,No n'hi ha,-1.0,3,3,1,0,0,0,0,0,0,0,0,0,0,0,4,-1,1,Resta sortides de via,-1,1,2,4,2,2,1,13.4,0,1,0,28,3
12869,2011,1,2011-05-18,SE,VILANOVA I LA GELTRU,Garraf,3,0,1,0,1,0,0,0,1,0,0,0,0,100.0,0.0,0,-1,No n'hi ha,-1.0,3,3,1,0,0,0,0,0,0,0,0,0,0,0,4,-1,-1,Caiguda en la via,-1,2,2,5,-1,2,1,16.2,1,0,2,18,5
12870,2011,0,2011-05-28,T-340,DELTEBRE,Baix Ebre,0,0,1,0,1,0,0,0,0,1,0,0,0,100.0,0.0,0,0,No n'hi ha,-1.0,1,3,1,0,0,0,1,0,0,0,0,0,0,0,3,-1,1,Resta sortides de via,-1,1,0,4,3,2,0,1.15,2,1,5,28,5
12871,2011,0,2011-12-18,C-13,VALLFOGONA DE BALAGUER,Noguera,2,0,2,0,1,0,0,0,0,1,0,0,0,100.0,0.0,0,2,No n'hi ha,-1.0,3,3,1,0,0,0,0,0,0,0,0,0,0,0,1,-1,1,Xoc contra objecte/obstacle sense sortida prèvia de via,-1,1,2,4,2,2,0,6.0,0,4,6,18,12
12872,2011,0,2011-09-11,SE,QUART,Girones,1,1,0,0,1,0,0,0,1,0,0,0,0,100.0,0.0,0,2,Habilitació voral/carril addicional,-1.0,3,3,0,0,0,0,0,0,0,0,0,0,0,0,4,-1,1,Xoc contra objecte/obstacle sense sortida prèvia de via,-1,1,0,3,4,2,0,17.55,1,4,6,11,9
12873,2011,1,2011-10-03,SE,MANRESA,Bages,3,0,1,0,1,0,0,0,0,1,0,0,0,20.0,,0,-1,No n'hi ha,-1.0,3,3,1,0,0,0,0,0,0,0,0,0,0,0,4,-1,-1,Xoc contra objecte/obstacle sense sortida prèvia de via,-1,2,2,5,-1,2,1,13.0,0,4,0,3,10
12874,2011,0,2011-09-11,C-32,VILASSAR DE DALT,Maresme,3,0,1,1,1,0,0,0,1,0,0,0,0,40.0,0.0,0,2,No n'hi ha,-1.0,3,3,1,0,0,0,0,0,0,0,0,0,0,2,4,2,0,Caiguda en la via,3,1,2,4,2,2,0,17.14,1,0,6,11,9
12875,2011,1,2011-07-05,SE,FARRERA,Pallars Sobira,2,0,1,0,1,0,0,0,1,0,0,0,0,100.0,0.0,0,0,No n'hi ha,-1.0,3,3,1,0,0,0,0,0,0,0,0,0,0,0,4,-1,1,Resta sortides de via,-1,2,0,5,0,2,1,14.25,1,1,1,5,7
12876,2011,0,2011-02-19,GI-555,MASSANES,Selva,1,1,0,3,1,0,0,0,0,1,0,0,0,100.0,0.0,0,2,No n'hi ha,-1.0,1,3,0,0,0,0,1,0,0,0,0,0,0,0,3,-1,1,Resta sortides de via,-1,1,0,4,3,2,0,20.58,1,1,5,19,2
12877,2011,1,2011-10-10,SE,LLEIDA,Segria,2,0,1,2,1,0,0,0,0,0,1,0,0,20.0,0.0,0,2,No n'hi ha,-1.0,3,3,1,-1,0,0,0,-1,0,0,0,0,-1,0,4,-1,1,Caiguda en la via,-1,2,2,5,-1,2,1,12.35,0,0,0,10,10
12878,2011,0,2011-07-12,N-II,BIURE,Alt Emporda,1,0,1,1,1,0,0,0,0,0,1,0,0,100.0,0.0,0,1,No n'hi ha,-1.0,3,3,1,0,0,0,0,0,0,0,0,0,0,0,2,-1,1,Sortida de via amb bolcada,-1,1,2,4,1,2,1,16.5,1,1,1,12,7
12879,2011,1,2011-09-16,SE,MANRESA,Bages,3,0,1,0,2,1,0,0,0,1,0,0,0,100.0,0.0,0,2,No n'hi ha,-1.0,3,3,1,0,0,0,0,0,0,0,0,0,0,0,4,-1,1,Atropellament,-1,2,2,5,-1,2,0,18.0,1,3,4,16,9
12880,2011,1,2011-01-26,SE,BARCELONA,Barcelones,3,0,1,0,1,0,0,0,1,0,0,0,0,80.0,0.0,0,-1,No n'hi ha,-1.0,3,3,1,0,0,0,0,0,0,0,1,0,0,0,4,-1,0,Caiguda en la via,-1,2,2,5,-1,2,1,14.15,1,0,2,26,1
12881,2011,1,2011-05-21,SE,SABADELL,Valles Occidental,3,0,1,0,1,0,0,0,0,0,1,0,0,100.0,0.0,0,-1,No n'hi ha,-1.0,3,3,1,0,0,0,0,0,0,0,0,0,0,0,4,-1,-1,Caiguda en la via,-1,2,2,5,-1,2,0,21.14,1,0,5,21,5
12882,2011,0,2011-04-24,BV-4608,MANLLEU,Osona,3,1,0,1,1,0,0,0,0,1,0,0,0,100.0,0.0,0,2,No n'hi ha,-1.0,1,3,0,0,0,0,1,0,0,0,0,0,0,0,3,-1,1,Xoc contra objecte/obstacle sense sortida prèvia de via,-1,1,0,4,3,2,0,1.28,2,4,6,24,4
12883,2011,1,2011-04-21,SE,TARADELL,Osona,3,0,1,0,2,0,0,0,1,1,0,0,0,40.0,0.0,0,2,No n'hi ha,-1.0,3,1,1,0,1,0,0,0,0,0,0,0,0,0,4,-1,1,Fregament o col·lisió lateral,-1,0,2,3,0,2,1,16.2,1,2,3,21,4
12884,2011,0,2011-12-17,GI-610,PAU,Alt Emporda,1,0,1,1,1,0,0,1,0,0,0,0,0,100.0,0.0,0,1,No n'hi ha,-1.0,3,3,1,0,0,0,0,0,0,0,0,0,0,0,3,-1,1,Resta sortides de via,-1,1,2,4,3,1,0,23.0,2,1,5,17,12
12885,2012,0,2012-07-01,GIV-6024,MASARAC,Alt Emporda,1,1,1,2,1,0,0,0,0,1,0,0,0,100.0,0.0,0,1,No n'hi ha,-1.0,3,3,0,0,0,0,0,0,0,0,0,0,0,0,3,-1,1,Resta sortides de via,-1,1,2,4,3,2,0,23.41,2,1,6,1,7
12886,2012,0,2012-05-18,C-31,"PRAT DE LLOBREGAT, E",Baix Llobregat,3,0,1,0,1,0,0,0,1,0,0,0,0,60.0,0.0,0,2,No n'hi ha,0.0,3,3,1,0,0,0,0,0,0,0,0,0,0,0,2,-1,0,Caiguda en la via,-1,1,2,4,2,2,1,6.17,0,0,4,18,5
12887,2012,0,2012-06-17,B-30,CERDANYOLA DEL VALLES,Valles Occidental,3,0,1,0,2,0,0,0,1,1,0,0,0,100.0,0.0,0,2,No n'hi ha,-1.0,3,2,1,0,0,0,0,0,0,0,0,0,0,0,4,-1,1,Fregament o col·lisió lateral,-1,1,2,4,1,2,0,9.36,0,2,6,17,6
12888,2012,0,2012-09-01,CR,ALOS DE BALAGUER,Noguera,2,0,1,0,1,0,0,0,0,0,0,1,0,90.0,0.0,0,-1,Sense Especificar,-1.0,3,3,1,0,0,0,0,0,0,0,0,0,0,0,4,-1,-1,Resta sortides de via,-1,1,2,4,4,2,0,19.17,1,1,5,1,9
12889,2012,0,2012-11-15,C-32,HOSPITALET DE LLOBREGAT,Barcelones,3,0,1,0,1,0,0,0,1,0,0,0,0,80.0,0.0,0,2,No n'hi ha,-1.0,3,0,1,0,0,0,0,0,0,0,0,0,0,0,4,-1,1,Caiguda en la via,-1,1,2,4,2,2,1,14.3,1,0,3,15,11
12890,2012,0,2012-03-28,N-340,TORREDEMBARRA,Tarragones,0,0,1,0,2,0,0,0,1,0,1,0,0,100.0,0.0,0,2,Carril acceleració,-1.0,3,3,1,0,0,0,0,0,0,0,0,0,0,1,4,4,1,Envestida (frontal lateral),3,1,2,4,1,2,1,10.39,0,2,2,28,3
12891,2012,0,2012-10-26,C-55,MONISTROL DE MONTSER,Bages,3,0,1,0,1,0,0,0,0,1,0,0,0,100.0,0.0,0,3,No n'hi ha,-1.0,3,3,1,0,0,0,1,0,0,0,0,0,0,0,2,-1,1,Sortida de via amb xoc o col·lisió,-1,1,2,4,2,2,1,12.43,0,1,4,26,10
12892,2012,1,2012-03-31,SE,SABADELL,Valles Occidental,3,0,2,0,1,0,0,0,0,1,0,0,0,100.0,0.0,0,-1,No n'hi ha,-1.0,3,3,1,0,0,0,0,0,0,0,1,0,0,0,4,-1,-1,Resta sortides de via,-1,2,2,5,-1,2,0,17.45,1,1,5,31,3
12893,2012,0,2012-03-06,GI-632,BELLCAIRE D'EMPORDA,Baix Emporda,1,0,1,0,1,0,0,0,0,1,0,0,0,100.0,0.0,0,3,No n'hi ha,-1.0,3,3,1,0,0,0,0,0,0,0,0,0,0,0,3,-1,1,Resta sortides de via,-1,1,2,4,3,2,1,5.0,2,1,1,6,3
12894,2012,0,2012-09-01,C-462,NAVES,Solsones,2,0,1,1,2,0,0,0,2,0,0,0,0,50.0,0.0,0,0,No n'hi ha,-1.0,3,3,1,0,0,0,0,0,0,0,0,0,0,0,4,-1,1,Caiguda en la via,-1,1,2,4,3,2,0,15.53,1,0,5,1,9
12895,2012,0,2012-02-18,C-154,SANTA MARIA DE MERLE,Bergueda,3,0,1,0,1,0,0,0,0,0,0,1,0,90.0,0.0,0,-1,Sense Especificar,-1.0,3,3,1,0,0,0,0,0,0,0,0,0,0,0,4,-1,-1,Resta sortides de via,-1,1,2,4,4,2,0,17.18,1,1,5,18,2
12896,2012,0,2012-05-26,C-14,"SELVA DEL CAMP, LA",Baix Camp,0,0,1,0,1,0,1,0,0,0,0,0,0,90.0,0.0,0,-1,Sense Especificar,-1.0,3,3,1,0,0,0,0,0,0,0,0,0,0,0,4,-1,-1,Altres,-1,1,2,4,4,2,0,12.36,0,5,5,26,5
12897,2012,0,2012-12-01,C-17,LLICA DE VALL,Valles Oriental,3,0,1,1,2,0,0,0,0,2,0,0,0,100.0,0.0,0,2,No n'hi ha,-1.0,3,3,1,0,0,0,0,0,0,0,0,0,1,0,0,-1,1,Encalç,-1,1,2,4,3,2,0,22.2,2,2,5,1,12
12898,2012,0,2012-08-28,C-14,ORGANYA,Alt Urgell,2,0,1,4,1,0,0,0,0,1,0,0,0,100.0,0.0,0,1,No n'hi ha,-1.0,3,3,1,0,0,0,0,0,0,0,0,0,0,0,4,-1,1,Sortida de via amb xoc o col·lisió,-1,1,2,4,2,2,1,13.35,0,1,1,28,8
12899,2012,0,2012-09-27,T-323,MONT-ROIG DEL CAMP,Baix Camp,0,1,0,0,1,0,0,0,1,0,0,0,0,70.0,0.0,0,0,No n'hi ha,-1.0,3,3,0,0,0,0,0,0,0,0,0,0,0,0,3,-1,1,Caiguda en la via,-1,1,2,4,2,2,1,7.33,0,0,3,27,9
12900,2012,0,2012-12-13,C-63,SILS,Selva,1,0,1,1,2,0,0,1,0,1,0,0,0,50.0,0.0,0,1,No n'hi ha,-1.0,3,3,1,0,0,0,0,0,0,0,0,0,0,1,5,4,1,Envestida (frontal lateral),0,1,2,4,2,2,1,7.0,0,2,3,13,12
12901,2012,0,2012-12-01,C-32,CASTELLDEFELS,Baix Llobregat,3,0,1,0,1,0,0,0,1,0,0,0,0,100.0,0.0,0,2,No n'hi ha,-1.0,3,3,1,0,0,0,0,0,0,0,0,0,0,0,3,-1,1,Caiguda en la via,-1,1,2,4,2,2,0,22.5,2,0,5,1,12
12902,2012,0,2012-03-18,C-31,"VENDRELL, EL",Baix Penedes,0,0,1,1,1,0,0,0,0,1,0,0,0,90.0,0.0,0,-1,Sense Especificar,-1.0,3,3,1,0,0,0,0,0,0,0,0,0,0,0,4,-1,-1,Resta sortides de via,-1,1,2,4,4,2,0,3.21,2,1,6,18,3
12903,2012,0,2012-03-18,T-322,COLLDEJOU,Baix Camp,0,0,1,0,1,0,0,0,1,0,0,0,0,100.0,0.0,0,2,No n'hi ha,-1.0,3,3,1,0,1,0,0,0,0,0,0,0,1,0,4,-1,1,Resta sortides de via,-1,1,2,4,2,2,0,18.4,1,1,6,18,3
12904,2012,1,2012-06-28,SE,HOSPITALET DE LLOBREGAT,Barcelones,3,0,1,1,2,0,0,0,1,1,0,0,0,20.0,0.0,0,2,No n'hi ha,-1.0,3,3,1,-1,0,0,0,-1,0,0,0,0,0,1,4,3,0,Envestida (frontal lateral),0,2,2,5,-1,2,1,10.4,0,2,3,28,6
12905,2012,0,2012-03-30,C-1413a,SANT CUGAT DEL VALLES,Valles Occidental,3,0,1,0,1,0,0,0,0,0,1,0,0,40.0,0.0,0,2,No n'hi ha,-1.0,3,3,1,0,0,0,0,0,0,0,0,0,0,1,3,-1,1,Caiguda en la via,0,1,2,4,2,2,0,22.58,2,0,4,30,3
12906,2012,0,2012-10-02,GI-682,BLANES,Selva,1,0,1,0,1,0,0,0,1,0,0,0,0,90.0,0.0,0,2,No n'hi ha,-1.0,3,3,1,-1,0,0,0,-1,0,0,0,0,-1,0,4,-1,1,Xoc contra objecte/obstacle sense sortida prèvia de via,-1,1,2,4,2,2,1,11.54,0,4,1,2,10
12907,2012,1,2012-11-09,SE,TERRASSA,Valles Occidental,3,0,1,0,1,0,0,0,1,0,0,0,0,100.0,0.0,0,-1,No n'hi ha,-1.0,3,3,1,0,0,0,0,0,0,0,0,0,0,0,4,-1,-1,Caiguda en la via,-1,2,2,5,-1,2,0,16.0,1,0,4,9,11
12908,2012,0,2012-09-07,N-260,ALP,Cerdanya,1,0,1,1,1,0,0,0,0,1,0,0,0,90.0,0.0,0,-1,Sense Especificar,-1.0,3,3,1,0,0,0,0,0,0,0,0,0,0,0,4,-1,-1,Resta sortides de via,-1,1,2,4,4,2,0,15.4,1,1,4,7,9
12909,2012,0,2012-10-21,AP-7,FOGARS DE TORDERA,Selva,3,0,1,0,1,0,0,0,0,1,0,0,0,120.0,0.0,0,1,No n'hi ha,-1.0,3,3,1,0,0,0,0,0,0,0,0,0,0,0,2,-1,1,Resta sortides de via,-1,1,2,4,1,2,0,11.51,0,1,6,21,10
12910,2012,1,2012-12-23,SE,SANT BOI DE LLOBREGAT,Baix Llobregat,3,1,0,0,1,0,0,0,1,0,0,0,0,100.0,0.0,0,-1,No n'hi ha,-1.0,3,3,0,0,0,0,0,0,0,0,0,0,0,0,4,-1,-1,Xoc contra objecte/obstacle sense sortida prèvia de via,-1,2,2,5,-1,2,0,22.18,2,4,6,23,12
12911,2012,0,2012-09-29,A-2,CASTELLOLI,Anoia,3,1,0,2,1,0,0,0,0,1,0,0,0,100.0,0.0,0,1,No n'hi ha,-1.0,1,3,0,0,0,0,1,0,0,0,0,0,0,0,2,-1,1,Sortida de via amb xoc o col·lisió,-1,1,2,4,1,2,0,14.09,1,1,5,29,9
12912,2012,0,2012-01-06,CR,CAMARLES,Baix Ebre,0,0,1,0,1,0,0,0,0,1,0,0,0,100.0,0.0,0,3,No n'hi ha,-1.0,3,3,1,0,0,0,0,0,0,0,0,0,0,0,3,-1,1,Resta sortides de via,-1,1,2,3,0,2,0,21.45,1,1,4,6,1
12913,2012,0,2012-05-01,BV-1221,TALAMANCA,Bages,3,1,0,4,1,0,0,0,0,1,0,0,0,100.0,0.0,0,3,No n'hi ha,-1.0,3,3,0,0,0,0,0,0,0,0,0,0,0,0,3,-1,1,Resta sortides de via,-1,1,2,4,0,2,1,3.3,2,1,1,1,5
12914,2012,0,2012-04-18,B-10,SANT ADRIA DE BESOS,Barcelones,3,0,1,0,1,0,0,0,1,0,0,0,0,80.0,0.0,0,2,No n'hi ha,-1.0,3,0,1,0,0,0,0,0,0,0,0,0,0,0,4,-1,1,Caiguda en la via,-1,1,2,4,4,2,1,20.15,1,0,2,18,4
12915,2012,0,2012-06-18,AP-7,MONT-ROIG DEL CAMP,Baix Camp,0,0,1,0,1,0,0,0,0,1,0,0,0,90.0,0.0,0,-1,Sense Especificar,-1.0,3,3,1,0,0,0,0,0,0,0,0,0,0,0,4,-1,-1,Resta sortides de via,-1,1,2,4,4,2,1,15.51,1,1,0,18,6
12916,2012,1,2012-04-16,SE,MACANET DE LA SELVA,Selva,1,0,1,0,2,0,0,0,1,1,0,0,0,40.0,0.0,0,2,No n'hi ha,-1.0,3,3,1,0,0,0,0,0,0,0,0,0,0,1,4,4,1,Caiguda en la via,1,2,2,5,0,2,1,15.0,1,0,0,16,4
12917,2012,0,2012-06-16,BV-2127,VILAFRANCA DEL PENEDES,Alt Penedes,3,0,1,0,1,0,0,0,0,1,0,0,0,100.0,0.0,0,3,No n'hi ha,-1.0,3,3,1,0,0,0,0,0,0,0,0,0,0,0,3,-1,1,Resta sortides de via,-1,1,2,4,3,2,0,21.54,1,1,5,16,6
12918,2012,0,2012-10-11,GI-550,ARBUCIES,Selva,1,0,2,0,1,0,0,0,0,1,0,0,0,100.0,0.0,0,3,No n'hi ha,-1.0,3,3,1,0,0,0,0,0,0,0,0,0,0,0,4,-1,1,Resta sortides de via,-1,1,2,4,4,2,1,10.37,0,1,3,11,10
12919,2012,0,2012-09-17,C-245,SANT BOI DE LLOBREGAT,Baix Llobregat,3,0,1,0,1,0,0,0,1,0,0,0,0,100.0,0.0,0,-1,No n'hi ha,-1.0,3,3,1,0,0,0,0,0,0,0,0,0,0,0,4,-1,-1,Resta sortides de via,-1,1,2,4,-1,2,1,20.31,1,1,0,17,9