,Year,Area,Date,Road,Municipality Name,County Name,Province Name,Fatalties,Serious Injuries,Light Injuries,Units Involved,Pedestrains Involved,Bicycles Involved,Mopeds Involved,Motorcycles,Light Vehicles Involved,Heavy Vehicles Involved,Other Units Involved,Unspecified Units Involved,Road Speed Limit,Accident with Hit and Run,Fog Presence,Surrounding Environment,Special Lane Presence,Special Traffic Measures,Weather Conditions,Special Road Functions,Severity of Accident,Influence of Fog,Influence of Environment,Influence of Traffic,Influence of Weather,Influence of Wind Intensity,Influence of Lighting,Influence of Special Measures,Influence of Road Objects,Influence of Road Surface,Influence of Visibility,Intersection Characteristics,Lighting Conditions,Traffic Regulation and Priority,Direction of Road,Subtype of Accident,Subtype of Road Section,Subzone within Area,Road Surface Conditions,Type of Road,Road Ownership,Wind Conditions,Day of the Week Grouping,Hour of Day,Time of Day Grouping,Type of Accident,Day Type,Day,Month
12920,2012,0,2012-06-08,C-13,CASTELL DE MUR,Pallars Jussa,2,1,0,1,1,0,0,0,0,1,0,0,0,70.0,0.0,0,1,No n'hi ha,-1.0,3,3,0,0,0,0,0,0,0,0,0,0,0,0,4,-1,1,Resta sortides de via,-1,1,2,4,2,2,1,10.27,0,1,4,8,6
12922,2012,1,2012-09-17,SE,BARCELONA,Barcelones,3,1,0,0,1,0,0,0,1,0,0,0,0,100.0,0.0,0,-1,No n'hi ha,-1.0,3,3,0,0,0,0,0,0,0,0,1,0,0,1,4,2,1,Caiguda en la via,1,2,2,5,-1,2,1,18.4,1,0,0,17,9
12923,2012,0,2012-08-11,TP-3318,ULLDECONA,Montsia,0,0,3,1,1,0,0,0,0,1,0,0,0,100.0,0.0,0,2,No n'hi ha,-1.0,3,3,1,0,0,0,0,0,0,0,0,0,0,0,4,-1,1,Resta sortides de via,-1,1,2,4,3,2,0,12.58,0,1,5,11,8
12924,2012,1,2012-09-06,SE,VILA-SECA,Tarragones,0,0,1,0,2,0,0,0,1,1,0,0,0,100.0,0.0,0,-1,No n'hi ha,-1.0,3,3,1,0,0,0,0,0,0,0,0,0,0,0,4,-1,-1,Envestida (frontal lateral),-1,2,2,5,-1,2,1,14.15,1,2,3,6,9
12925,2012,1,2012-07-28,SE,VALLFOGONA DE BALAGUER,Noguera,2,0,1,0,1,0,0,0,0,0,1,0,0,30.0,0.0,0,2,No n'hi ha,-1.0,3,3,1,0,0,0,0,0,0,0,0,0,0,0,4,-1,1,Xoc contra objecte/obstacle sense sortida prèvia de via,-1,2,2,5,-1,2,0,20.29,1,4,5,28,7
12926,2012,0,2012-04-03,C-1413a,SANT CUGAT DEL VALLES,Valles Occidental,3,0,1,0,2,0,0,0,1,0,1,0,0,100.0,0.0,0,1,No n'hi ha,-1.0,3,3,1,0,0,0,0,0,0,0,0,0,0,0,4,-1,1,Fregament o col·lisió lateral,-1,1,2,4,3,2,1,7.32,0,2,1,3,4
12927,2012,0,2012-04-30,CR,TARRAGONA,Tarragones,0,0,1,0,2,1,0,0,0,1,0,0,0,100.0,0.0,0,-1,No n'hi ha,-1.0,3,3,1,0,0,0,0,0,0,0,0,0,0,0,4,-1,-1,Atropellament,-1,1,2,3,-1,2,1,21.27,1,3,0,30,4
12928,2012,1,2012-06-19,SE,REUS,Baix Camp,0,0,1,0,1,0,0,0,1,0,0,0,0,100.0,0.0,0,-1,No n'hi ha,-1.0,3,3,1,0,0,0,0,0,0,0,0,0,0,0,4,-1,-1,Caiguda en la via,-1,2,2,5,-1,2,1,10.45,0,0,1,19,6
12929,2012,0,2012-11-06,C-26,ALFARRAS,Segria,2,0,2,1,1,0,0,0,0,1,0,0,0,50.0,0.0,0,2,No n'hi ha,-1.0,3,3,1,0,0,0,0,0,0,0,0,0,0,0,1,-1,1,Resta sortides de via,-1,1,2,4,2,2,1,6.27,0,1,1,6,11
12930,2012,0,2012-09-27,A-2,JORBA,Anoia,3,0,1,0,1,0,0,0,0,0,1,0,0,100.0,0.0,0,2,No n'hi ha,-1.0,3,3,1,0,0,0,0,0,0,0,0,0,0,2,3,2,1,Resta sortides de via,3,1,2,4,1,2,1,5.57,2,1,3,27,9
12931,2012,0,2012-06-10,BV-2131,CARME,Anoia,3,0,2,0,1,0,0,0,0,1,0,0,0,100.0,0.0,0,2,No n'hi ha,-1.0,3,3,1,0,0,0,0,0,0,0,0,0,0,0,4,-1,1,Resta sortides de via,-1,1,2,4,3,2,0,18.52,1,1,6,10,6
12932,2012,0,2012-11-02,AP-7,VILABLAREIX,Girones,1,0,2,0,1,0,0,0,0,1,0,0,0,120.0,0.0,0,2,No n'hi ha,-1.0,3,3,1,0,0,0,0,0,0,0,0,0,0,0,4,-1,1,Xoc contra objecte/obstacle sense sortida prèvia de via,-1,1,2,4,1,2,1,7.47,0,4,4,2,11
12933,2012,0,2012-11-27,C-51,VILA-RODONA,Alt Camp,0,0,1,0,1,0,0,0,0,1,0,0,0,50.0,0.0,0,1,No n'hi ha,-1.0,2,3,1,0,1,0,1,0,0,0,0,0,0,0,2,-1,1,Sortida de via amb xoc o col·lisió,-1,1,2,4,2,2,1,13.55,0,1,1,27,11
12934,2012,0,2012-08-17,TP-2125,SANTA OLIVA,Baix Penedes,0,0,1,0,2,0,0,0,0,2,0,0,0,90.0,0.0,0,-1,Sense Especificar,-1.0,3,3,1,0,0,0,0,0,0,0,0,0,0,0,4,-1,-1,Envestida (frontal lateral),-1,1,2,4,4,2,0,21.27,1,2,4,17,8
12935,2012,0,2012-09-08,C-25,ARBUCIES,Selva,1,0,1,1,1,0,0,0,1,0,0,0,0,90.0,0.0,0,-1,Sense Especificar,-1.0,3,3,1,0,0,0,0,0,0,0,0,0,0,0,4,-1,-1,Resta sortides de via,-1,1,2,4,4,2,0,15.49,1,1,5,8,9
12936,2012,1,2012-01-27,SE,GIRONA,Girones,1,0,1,0,2,0,0,0,0,1,0,1,0,100.0,0.0,0,2,No n'hi ha,-1.0,3,3,1,0,0,0,0,0,0,0,0,0,0,1,4,5,1,Envestida (frontal lateral),1,2,2,5,-1,2,1,13.2,0,2,4,27,1
12937,2012,1,2012-05-06,SE,"VENDRELL, EL",Baix Penedes,0,0,1,0,1,0,0,1,0,0,0,0,0,40.0,0.0,0,-1,No n'hi ha,-1.0,3,3,1,-1,0,0,0,-1,0,0,0,0,-1,0,5,-1,1,Caiguda en la via,-1,2,2,5,-1,2,0,21.07,1,0,6,6,5
12938,2012,0,2012-06-25,AP-7,"AMETLLA DE MAR, L'",Baix Ebre,0,0,1,1,1,0,0,0,0,0,1,0,0,100.0,0.0,0,2,No n'hi ha,-1.0,3,3,1,0,0,0,0,0,0,0,0,0,0,0,3,-1,1,Resta sortides de via,-1,1,2,4,1,2,1,4.4,2,1,0,25,6
12939,2012,1,2012-05-21,SE,TARRAGONA,Tarragones,0,0,1,0,1,0,0,0,0,0,1,0,0,20.0,0.0,0,2,No n'hi ha,-1.0,3,3,1,-1,0,0,0,-1,0,0,0,0,-1,0,4,-1,0,Xoc contra objecte/obstacle sense sortida prèvia de via,-1,2,2,5,-1,2,1,8.5,0,4,0,21,5
12940,2012,0,2012-06-28,N-260,RIBERA D'URGELLET,Alt Urgell,2,0,1,0,1,0,0,0,1,0,0,0,0,100.0,0.0,0,1,No n'hi ha,-1.0,3,3,1,0,0,0,0,0,0,0,0,0,0,0,4,-1,1,Caiguda en la via,-1,1,2,4,1,2,1,10.38,0,0,3,28,6
12941,2012,0,2012-10-07,BV-2151,VILOBI DEL PENEDES,Alt Penedes,3,0,2,0,1,0,0,0,1,0,0,0,0,50.0,0.0,0,2,No n'hi ha,-1.0,3,3,1,0,0,0,0,0,0,0,0,0,0,0,4,-1,1,Caiguda en la via,-1,1,2,4,3,2,0,9.26,0,0,6,7,10
12942,2012,0,2012-07-21,C-58,CERDANYOLA DEL VALLES,Valles Occidental,3,0,1,0,1,0,0,0,1,0,0,0,0,80.0,0.0,0,1,No n'hi ha,-1.0,3,3,1,0,0,0,0,0,0,0,0,0,0,1,4,5,0,Sortida de via amb xoc o col·lisió,3,1,2,4,2,2,0,13.35,0,1,5,21,7
12943,2012,0,2012-04-19,C-1415c,"ROCA DEL VALLES, LA",Valles Oriental,3,0,1,0,1,0,0,0,1,0,0,0,0,50.0,0.0,0,0,No n'hi ha,-1.0,3,3,1,0,0,0,0,0,0,0,0,0,0,1,4,4,0,Caiguda en la via,0,1,2,4,2,2,1,10.0,0,0,3,19,4
12944,2012,0,2012-01-29,BV-4241,BERGA,Bergueda,3,0,1,0,1,0,0,1,0,0,0,0,0,100.0,0.0,0,1,No n'hi ha,-1.0,3,3,1,0,0,0,0,0,0,0,0,0,0,0,4,-1,1,Caiguda en la via,-1,1,2,4,2,2,0,11.38,0,0,6,29,1
12945,2012,0,2012-04-07,A-7,VILA-SECA,Tarragones,0,0,1,0,1,0,0,0,1,0,0,0,0,100.0,0.0,0,2,No n'hi ha,-1.0,3,3,1,-1,0,0,0,-1,0,0,0,0,-1,1,4,5,0,Sortida de via amb xoc o col·lisió,3,1,2,1,1,2,0,11.3,0,1,5,7,4
12946,2012,0,2012-06-16,B-22,SANT BOI DE LLOBREGAT,Baix Llobregat,3,0,1,0,1,0,0,0,1,0,0,0,0,80.0,0.0,0,2,No n'hi ha,-1.0,3,3,1,0,0,0,0,0,0,0,0,0,0,1,4,-1,0,Caiguda en la via,1,1,2,4,1,2,0,19.5,1,0,5,16,6
12947,2012,0,2012-06-04,C-60,"ROCA DEL VALLES, LA",Valles Oriental,3,0,1,0,1,0,0,0,1,0,0,0,0,80.0,0.0,0,2,No n'hi ha,-1.0,3,3,1,0,0,0,0,0,0,0,0,0,0,0,4,-1,0,Caiguda en la via,-1,1,2,4,2,2,1,10.5,0,0,0,4,6
12948,2012,1,2012-04-01,C-233,ARBECA,Garrigues,2,0,1,0,1,0,0,0,1,0,0,0,0,100.0,0.0,0,2,No n'hi ha,-1.0,3,1,1,0,0,0,0,0,0,0,0,0,0,2,4,4,1,Caiguda en la via,1,0,2,4,0,2,0,10.41,0,0,6,1,4
12949,2012,0,2012-04-29,C-55,ESPARREGUERA,Baix Llobregat,3,0,1,0,1,0,0,0,0,1,0,0,0,100.0,0.0,0,2,No n'hi ha,-1.0,2,3,1,0,0,0,0,0,1,0,0,0,0,0,0,-1,1,Xoc contra objecte/obstacle sense sortida prèvia de via,-1,1,2,4,2,2,0,2.55,2,4,6,29,4
12950,2012,0,2012-08-23,C-25,SANTA MARIA D'OLO,Moianès,3,1,0,0,1,0,0,0,0,1,0,0,0,80.0,0.0,0,3,No n'hi ha,0.0,3,3,0,0,0,0,0,0,0,0,0,0,0,0,3,-1,1,Resta sortides de via,-1,1,2,4,2,2,1,23.17,2,1,3,23,8
12951,2012,0,2012-05-29,C-25,SANTA COLOMA DE FARNERS,Selva,1,1,0,0,1,0,0,0,0,0,1,0,0,80.0,0.0,0,0,No n'hi ha,0.0,3,3,0,0,0,0,0,0,0,0,0,0,0,0,3,-1,1,Resta sortides de via,-1,1,2,4,2,2,1,0.13,2,1,1,29,5
12952,2012,1,2012-11-08,SE,VALLS,Alt Camp,0,0,1,0,1,0,0,0,0,1,0,0,0,100.0,0.0,0,2,No n'hi ha,-1.0,3,3,1,0,0,0,0,0,0,0,1,0,0,0,4,-1,1,Xoc contra objecte/obstacle sense sortida prèvia de via,-1,2,2,5,-1,2,1,16.1,1,4,3,8,11
12953,2012,0,2012-05-06,T-3225,CORNUDELLA DE MONTSANT,Priorat,0,0,1,0,1,0,1,0,0,0,0,0,0,90.0,0.0,0,-1,Sense Especificar,-1.0,3,3,1,0,0,0,0,0,0,0,0,0,0,0,4,-1,-1,Caiguda en la via,-1,1,2,4,4,2,0,9.26,0,0,6,6,5
12954,2012,0,2012-09-23,BP-1101,SANT SALVADOR DE GUARDIA,Bages,3,0,1,1,1,0,0,0,0,1,0,0,0,50.0,0.0,0,0,No n'hi ha,-1.0,3,3,1,0,0,0,0,0,0,0,0,0,0,0,4,-1,1,Sortida de via amb xoc o col·lisió,-1,1,2,4,2,0,0,16.07,1,1,6,23,9
12955,2012,1,2012-08-25,SE,LLICA D'AMUNT,Valles Oriental,3,0,1,0,1,0,0,1,0,0,0,0,0,100.0,0.0,0,2,No n'hi ha,-1.0,3,3,1,0,0,0,0,0,0,0,0,0,0,0,5,-1,1,Altres,-1,2,2,5,0,2,0,21.0,1,5,5,25,8
12956,2012,0,2012-05-07,C-16,VILADECAVALLS,Valles Occidental,3,0,1,0,1,0,0,0,0,1,0,0,0,40.0,0.0,0,1,No n'hi ha,0.0,3,3,1,0,0,0,0,0,1,0,0,0,0,0,4,-1,1,Sortida de via amb xoc o col·lisió,-1,1,2,4,2,2,1,18.31,1,1,0,7,5
12957,2012,0,2012-10-12,BV-1275,TERRASSA,Valles Occidental,3,0,1,1,1,0,0,1,0,0,0,0,0,20.0,0.0,0,2,No n'hi ha,-1.0,3,3,1,0,0,0,0,0,0,0,0,0,0,2,5,-1,1,Resta sortides de via,1,1,2,3,0,2,1,5.44,2,1,4,12,10
12958,2012,1,2012-05-01,SE,TERRASSA,Valles Occidental,3,0,1,0,1,0,1,0,0,0,0,0,0,100.0,0.0,0,-1,No n'hi ha,-1.0,3,3,1,0,0,0,0,0,0,0,0,0,0,0,4,-1,-1,Caiguda en la via,-1,2,2,5,-1,2,1,12.1,0,0,1,1,5
12959,2012,1,2012-08-23,SE,BARCELONA,Barcelones,3,0,1,0,2,0,0,0,1,1,0,0,0,100.0,0.0,0,-1,No n'hi ha,-1.0,3,3,1,0,0,0,0,0,0,0,0,0,0,0,4,-1,0,Fregament o col·lisió lateral,-1,2,2,5,-1,2,1,14.1,1,2,3,23,8
12960,2012,0,2012-07-16,N-II,CABRERA DE MAR,Maresme,3,0,1,0,1,0,0,0,1,0,0,0,0,100.0,0.0,0,2,No n'hi ha,-1.0,3,3,1,0,0,0,0,0,0,0,1,0,0,0,1,-1,1,Caiguda en la via,-1,1,2,4,-1,2,1,5.35,2,0,0,16,7
12961,2012,0,2012-11-29,BV-3008,FONOLLOSA,Bages,3,0,1,0,1,0,0,0,0,1,0,0,0,100.0,0.0,0,1,No n'hi ha,-1.0,3,3,1,0,0,0,0,0,0,0,0,0,0,0,3,-1,1,Sortida de via amb xoc o col·lisió,-1,1,2,4,3,2,1,18.3,1,1,3,29,11
12962,2012,0,2012-08-16,A-2,IGUALADA,Anoia,3,1,1,1,1,0,0,0,0,1,0,0,0,100.0,0.0,0,2,No n'hi ha,-1.0,3,3,0,0,0,0,0,0,0,0,0,0,0,0,4,-1,1,Sortida de via amb xoc o col·lisió,-1,1,2,4,1,2,1,10.48,0,1,3,16,8
12963,2012,0,2012-08-30,C-16,GUARDIOLA DE BERGUEDA,Bergueda,3,0,1,1,1,0,0,0,0,1,0,0,0,100.0,0.0,0,0,No n'hi ha,-1.0,1,3,1,0,0,0,1,0,0,0,0,0,0,0,4,-1,0,Resta sortides de via,-1,1,0,4,2,2,1,10.41,0,1,3,30,8
12964,2012,1,2012-05-10,SE,BARCELONA,Barcelones,3,0,1,0,2,1,0,0,0,1,0,0,0,30.0,0.0,0,-1,No n'hi ha,-1.0,3,3,1,0,0,0,0,0,0,0,0,0,0,1,4,2,1,Atropellament,1,2,2,5,-1,2,1,19.47,1,3,3,10,5
12965,2012,0,2012-06-26,A-2,CERVERA,Segarra,2,0,1,0,1,0,0,0,0,1,0,0,0,100.0,0.0,0,1,No n'hi ha,-1.0,3,3,1,0,0,0,0,0,0,0,0,0,0,0,4,-1,1,Resta sortides de via,-1,1,2,4,1,2,1,12.39,0,1,1,26,6
12966,2012,1,2012-05-05,SE,BARCELONA,Barcelones,3,0,1,0,2,0,0,0,1,1,0,0,0,100.0,0.0,0,-1,No n'hi ha,-1.0,3,3,1,0,0,0,0,0,0,0,0,0,0,0,4,-1,0,Encalç,-1,2,2,5,-1,2,0,13.3,0,2,5,5,5
12967,2012,0,2012-09-23,CR,VILANOVA DE MEIA,Noguera,2,1,0,0,1,0,0,0,0,1,0,0,0,100.0,0.0,0,1,No n'hi ha,-1.0,1,3,0,0,0,0,0,0,0,0,0,0,0,0,3,-1,1,Resta sortides de via,-1,1,0,3,0,2,0,1.0,2,1,6,23,9
12968,2012,0,2012-09-11,C-25,MUNTANYOLA,Osona,3,1,0,0,1,0,0,0,1,0,0,0,0,100.0,0.0,0,-1,No n'hi ha,-1.0,3,3,0,0,0,0,0,0,0,0,0,0,0,0,4,-1,-1,Resta sortides de via,-1,1,2,4,-1,2,1,8.31,0,1,1,11,9
12969,2012,1,2012-09-15,SE,MACANET DE LA SELVA,Selva,1,1,0,3,1,0,0,0,0,1,0,0,0,100.0,0.0,0,2,No n'hi ha,-1.0,3,3,0,0,0,0,0,0,0,0,0,0,0,0,4,-1,1,Resta sortides de via,-1,2,2,5,-1,2,0,10.45,0,1,5,15,9
12970,2012,0,2012-01-16,N-IIa,LLEIDA,Segria,2,1,0,0,1,0,0,0,0,1,0,0,0,70.0,0.0,1,0,No n'hi ha,-1.0,3,3,0,0,1,0,1,0,0,0,0,0,0,0,0,-1,1,Resta sortides de via,-1,1,2,4,1,2,1,5.26,2,1,0,16,1
12971,2012,0,2012-10-14,CR,TORTOSA,Baix Ebre,0,1,0,0,1,0,0,0,0,0,0,1,0,100.0,0.0,0,1,No n'hi ha,-1.0,3,3,0,0,0,0,0,0,0,0,0,0,0,0,4,-1,1,Resta sortides de via,-1,1,2,3,0,2,0,11.22,0,1,6,14,10
12972,2012,1,2012-05-19,SE,MATARO,Maresme,3,0,1,0,1,0,0,0,0,1,0,0,0,20.0,0.0,0,-1,No n'hi ha,-1.0,3,3,1,-1,0,0,0,-1,0,0,0,0,-1,0,4,-1,1,Caiguda en la via,-1,2,1,5,-1,2,0,12.0,0,0,5,19,5
12973,2012,1,2012-03-06,SE,BADALONA,Barcelones,3,0,1,0,2,1,0,0,1,0,0,0,0,20.0,0.0,0,2,No n'hi ha,-1.0,3,3,1,-1,0,0,0,-1,0,0,0,0,-1,1,4,3,1,Caiguda en la via,2,2,2,5,-1,2,1,15.53,1,0,1,6,3
12974,2012,0,2012-10-19,CR,ALMACELLES,Segria,2,0,1,0,1,0,0,0,0,1,0,0,0,40.0,0.0,0,3,No n'hi ha,-1.0,3,3,1,0,1,0,1,0,1,0,0,0,0,0,3,-1,1,Sortida de via amb xoc o col·lisió,-1,1,2,3,0,2,0,21.08,1,1,4,19,10
12975,2012,1,2012-07-25,SE,SANTA COLOMA DE GRAMANET,Barcelones,3,0,1,0,2,1,0,0,0,1,0,0,0,20.0,0.0,0,2,No n'hi ha,-1.0,3,3,1,-1,0,0,0,-1,0,0,0,0,0,0,4,-1,1,Atropellament,-1,2,2,5,-1,2,1,19.36,1,3,2,25,7
12976,2012,0,2012-07-10,N-340,MONT-ROIG DEL CAMP,Baix Camp,0,0,1,0,1,0,1,0,0,0,0,0,0,90.0,0.0,0,-1,Sense Especificar,-1.0,3,3,1,0,0,0,0,0,0,0,0,0,0,0,4,-1,-1,Caiguda en la via,-1,1,2,4,4,2,1,17.23,1,0,1,10,7
12977,2013,1,2013-06-08,SE,VINYOLS I ELS ARCS,Baix Camp,0,0,1,0,2,0,0,0,1,1,0,0,0,100.0,0.0,0,3,No n'hi ha,-1.0,3,3,1,0,0,0,0,0,0,0,0,0,1,0,4,-1,1,Fregament o col·lisió lateral,-1,2,2,5,-1,2,0,11.36,0,2,5,8,6
12978,2013,0,2013-04-01,T-203,"CATLLAR, EL",Tarragones,0,1,0,1,2,0,0,0,0,2,0,0,0,100.0,0.0,0,2,No n'hi ha,-1.0,3,3,0,0,0,0,0,0,0,0,0,0,0,0,1,-1,1,Altres,-1,1,2,4,3,2,1,8.08,0,5,0,1,4
12979,2013,0,2013-05-16,C-55,CASTELLBELL I EL VIL,Bages,3,0,1,1,2,0,0,0,0,2,0,0,0,90.0,0.0,0,-1,Sense Especificar,-1.0,3,3,1,0,0,0,0,0,0,0,0,0,0,0,4,-1,-1,Envestida (frontal lateral),-1,1,2,4,4,2,1,6.53,0,2,3,16,5
12980,2013,0,2013-04-14,B-400,SALDES,Bergueda,3,0,1,0,2,0,0,0,2,0,0,0,0,90.0,0.0,0,-1,Sense Especificar,-1.0,3,3,1,0,0,0,0,0,0,0,0,0,0,0,4,-1,-1,Encalç,-1,1,2,4,4,2,0,12.48,0,2,6,14,4
12981,2013,0,2013-03-10,GI-400,ALP,Cerdanya,1,0,1,2,1,0,0,0,0,1,0,0,0,100.0,0.0,0,3,No n'hi ha,-1.0,3,3,1,0,0,0,0,0,0,0,0,0,0,0,4,-1,1,Sortida de via amb xoc o col·lisió,-1,1,2,4,3,2,0,17.5,1,1,6,10,3
12982,2013,0,2013-01-01,BV-1604,LLICA DE VALL,Valles Oriental,3,0,1,0,1,0,0,0,0,1,0,0,0,90.0,0.0,0,-1,No n'hi ha,-1.0,1,3,1,-1,0,0,0,-1,0,0,0,0,-1,0,5,-1,1,Sortida de via amb xoc o col·lisió,-1,1,0,4,-1,2,1,22.0,2,1,1,1,1
12983,2013,1,2013-05-30,SE,IGUALADA,Anoia,3,0,1,0,2,1,0,0,0,1,0,0,0,50.0,0.0,0,-1,No n'hi ha,-1.0,3,3,1,-1,0,0,0,-1,0,0,0,0,-1,1,4,2,0,Atropellament,2,2,2,5,-1,2,1,12.05,0,3,3,30,5
12984,2013,1,2013-10-08,SE,SANT BOI DE LLOBREGAT,Baix Llobregat,3,0,1,0,2,0,0,0,1,1,0,0,0,100.0,0.0,0,-1,No n'hi ha,-1.0,3,3,1,0,0,0,0,0,0,0,0,0,0,0,4,-1,-1,Envestida (frontal lateral),-1,2,2,5,-1,2,1,9.36,0,2,1,8,10
12985,2013,1,2013-07-19,SE,GAVA,Baix Llobregat,3,0,1,0,2,1,0,0,0,1,0,0,0,20.0,0.0,0,2,No n'hi ha,-1.0,3,3,1,-1,0,0,0,-1,0,0,0,0,0,0,4,-1,0,Atropellament,-1,2,2,5,-1,2,0,19.0,1,3,4,19,7
12986,2013,1,2013-12-01,SE,BADALONA,Barcelones,3,0,3,0,1,0,0,0,0,1,0,0,0,20.0,0.0,0,-1,No n'hi ha,-1.0,3,3,1,-1,0,0,0,-1,0,0,0,0,0,1,5,5,1,Sortida de via amb xoc o col·lisió,0,2,2,5,-1,2,0,7.26,0,1,6,1,12
12987,2013,0,2013-08-18,C-352,"ROCA DEL VALLES, LA",Valles Oriental,3,2,2,1,2,0,0,0,0,2,0,0,0,100.0,0.0,0,0,No n'hi ha,-1.0,3,3,0,0,0,0,0,0,0,0,0,0,0,0,4,-1,1,Col·lisió frontal,-1,1,2,4,2,2,0,20.16,1,2,6,18,8
12988,2013,1,2013-10-16,SE,BARCELONA,Barcelones,3,1,0,1,2,1,0,0,1,0,0,0,0,100.0,0.0,0,-1,No n'hi ha,-1.0,3,3,0,0,0,0,0,0,0,0,0,0,0,1,5,3,0,Atropellament,2,2,2,5,-1,2,1,20.35,1,3,2,16,10
12989,2013,0,2013-01-25,A-2,SANT VICENC DELS HORTS,Baix Llobregat,3,0,1,0,2,0,0,0,1,1,0,0,0,120.0,0.0,0,2,No n'hi ha,-1.0,3,3,1,0,0,0,0,0,0,0,0,0,1,0,0,-1,1,Caiguda en la via,-1,1,2,1,1,1,0,21.5,1,0,4,25,1
12990,2013,1,2013-07-07,SE,TERRASSA,Valles Occidental,3,0,1,0,1,0,0,0,1,0,0,0,0,100.0,0.0,0,-1,No n'hi ha,-1.0,3,3,1,0,0,0,0,0,0,0,0,0,0,0,4,-1,-1,Caiguda en la via,-1,2,2,5,-1,2,0,20.1,1,0,6,7,7
12991,2013,0,2013-02-18,CR,LLEIDA,Segria,2,0,1,0,1,0,0,0,0,1,0,0,0,90.0,0.0,0,-1,No n'hi ha,-1.0,3,3,1,-1,-1,0,0,-1,0,0,0,0,0,0,4,-1,-1,Resta sortides de via,-1,1,2,4,-1,2,1,13.4,0,1,0,18,2
12992,2013,0,2013-04-26,C-14,VILAVERD,Conca de Barbera,0,1,1,0,2,0,0,0,0,2,0,0,0,100.0,0.0,0,1,No n'hi ha,-1.0,1,3,0,0,0,0,0,0,1,0,0,0,0,0,3,-1,1,Col·lisió frontal,-1,1,2,4,2,2,0,20.3,1,2,4,26,4
12993,2013,0,2013-07-29,C-35,SANTA MARIA DE PALAU,Valles Oriental,3,0,1,0,1,0,0,0,0,1,0,0,0,100.0,0.0,0,-1,No n'hi ha,-1.0,3,3,1,0,0,0,0,0,0,0,0,0,0,0,4,-1,-1,Altres,-1,1,2,4,-1,2,1,22.35,2,5,0,29,7
12994,2013,0,2013-10-10,C-16,SANT VICENC DE CASTELLERS,Bages,3,0,3,0,1,0,0,0,0,1,0,0,0,100.0,0.0,0,1,No n'hi ha,-1.0,3,3,1,0,1,0,0,0,0,0,0,0,0,0,4,-1,1,Resta sortides de via,-1,1,2,2,2,2,1,14.3,1,1,3,10,10
12995,2013,0,2013-09-22,B-201,SANT BOI DE LLOBREGAT,Baix Llobregat,3,0,1,0,1,0,0,0,0,1,0,0,0,90.0,0.0,0,-1,No n'hi ha,-1.0,3,3,1,-1,-1,0,0,-1,0,0,0,0,0,1,4,2,-1,Xoc contra objecte/obstacle sense sortida prèvia de via,0,1,2,4,-1,2,0,8.05,0,4,6,22,9
12996,2013,1,2013-11-17,SE,GRANOLLERS,Valles Oriental,3,0,1,1,1,0,0,0,1,0,0,0,0,50.0,0.0,0,2,No n'hi ha,-1.0,1,3,1,0,0,0,1,0,0,0,0,0,0,1,2,4,0,Resta sortides de via,1,2,2,5,0,2,0,16.4,1,1,6,17,11
12997,2013,1,2013-08-07,SE,MOLINS DE REI,Baix Llobregat,3,1,0,0,2,0,0,0,1,1,0,0,0,50.0,0.0,0,2,No n'hi ha,-1.0,3,3,0,0,0,0,0,0,0,0,0,0,0,0,4,-1,1,Fregament o col·lisió lateral,-1,2,2,5,-1,2,1,15.05,1,2,2,7,8
12998,2013,0,2013-12-07,C-17,TAGAMANENT,Valles Oriental,3,0,2,0,1,0,0,0,1,0,0,0,0,80.0,0.0,0,2,No n'hi ha,-1.0,3,3,1,0,0,0,0,0,0,0,0,0,0,0,2,-1,1,Altres,-1,1,2,1,2,2,0,15.4,1,5,5,7,12
12999,2013,0,2013-09-03,N-260,ISOVOL,Cerdanya,1,1,0,0,1,0,0,0,1,0,0,0,0,100.0,0.0,0,1,No n'hi ha,-1.0,3,3,0,0,0,0,0,0,0,0,0,0,0,0,3,-1,1,Caiguda en la via,-1,1,2,4,1,2,1,21.1,1,0,1,3,9
13000,2013,1,2013-07-05,SE,HOSPITALET DE LLOBREGAT,Barcelones,3,0,1,0,2,0,0,0,1,1,0,0,0,20.0,0.0,0,-1,No n'hi ha,-1.0,3,3,1,-1,0,0,0,-1,0,0,0,0,0,1,4,5,0,Envestida (frontal lateral),2,2,2,5,-1,2,0,18.1,1,2,4,5,7
13001,2013,0,2013-09-29,C-31,MONTGAT,Maresme,3,1,0,0,1,0,0,0,1,0,0,0,0,100.0,0.0,0,1,No n'hi ha,-1.0,3,3,0,0,0,0,0,0,0,0,0,0,0,0,5,-1,1,Xoc contra objecte/obstacle sense sortida prèvia de via,-1,1,2,1,2,2,0,3.0,2,4,6,29,9
13002,2013,1,2013-12-04,SE,OLOT,Garrotxa,1,0,1,0,2,1,0,0,0,1,0,0,0,100.0,0.0,0,2,Carril central,-1.0,3,3,1,0,0,0,0,0,0,0,0,0,0,0,4,-1,1,Atropellament,-1,2,2,5,2,2,1,12.1,0,3,2,4,12