,Year,Area,Date,Road,Municipality Name,County Name,Province Name,Fatalties,Serious Injuries,Light Injuries,Units Involved,Pedestrains Involved,Bicycles Involved,Mopeds Involved,Motorcycles,Light Vehicles Involved,Heavy Vehicles Involved,Other Units Involved,Unspecified Units Involved,Road Speed Limit,Accident with Hit and Run,Fog Presence,Surrounding Environment,Special Lane Presence,Special Traffic Measures,Weather Conditions,Special Road Functions,Severity of Accident,Influence of Fog,Influence of Environment,Influence of Traffic,Influence of Weather,Influence of Wind Intensity,Influence of Lighting,Influence of Special Measures,Influence of Road Objects,Influence of Road Surface,Influence of Visibility,Intersection Characteristics,Lighting Conditions,Traffic Regulation and Priority,Direction of Road,Subtype of Accident,Subtype of Road Section,Subzone within Area,Road Surface Conditions,Type of Road,Road Ownership,Wind Conditions,Day of the Week Grouping,Hour of Day,Time of Day Grouping,Type of Accident,Day Type,Day,Month
13003,2013,1,2013-01-20,SE,SANT QUIRZE DEL VALLES,Valles Occidental,3,0,1,0,1,0,1,0,0,0,0,0,0,100.0,0.0,0,2,No n'hi ha,-1.0,3,3,1,0,0,0,0,0,0,0,0,0,0,0,4,-1,1,Altres,-1,2,0,5,-1,2,0,11.4,0,5,6,20,1
13004,2013,0,2013-07-06,CR,CAMPRODON,Ripolles,1,0,1,0,1,0,0,0,1,0,0,0,0,30.0,0.0,0,1,No n'hi ha,-1.0,3,3,1,0,0,0,0,0,0,0,0,0,0,0,4,-1,1,Caiguda en la via,-1,1,2,4,0,2,0,9.24,0,0,5,6,7
13005,2013,0,2013-10-23,N-141c,MOIA,Moianès,3,0,1,0,2,0,1,0,0,1,0,0,0,100.0,0.0,0,2,No n'hi ha,-1.0,3,3,1,0,0,0,0,0,0,0,0,0,0,0,1,-1,1,Fregament o col·lisió lateral,-1,1,2,4,2,2,1,19.3,1,2,2,23,10
13006,2013,1,2013-11-22,SE,HOSPITALET DE LLOBREGAT,Barcelones,3,0,1,0,1,0,0,1,0,0,0,0,0,20.0,0.0,0,-1,No n'hi ha,-1.0,3,3,1,-1,0,0,0,-1,0,0,0,1,0,0,5,-1,1,Caiguda en la via,-1,2,2,5,-1,2,0,22.15,2,0,4,22,11
13007,2013,0,2013-05-17,C-25,SANT PERE SALLAVINER,Anoia,3,0,1,0,2,0,0,0,0,0,1,1,0,100.0,0.0,0,1,No n'hi ha,-1.0,3,3,1,0,0,0,0,0,0,0,0,0,0,0,4,-1,1,Encalç,-1,1,2,4,2,2,0,17.0,1,2,4,17,5
13008,2013,0,2013-12-14,L-303,CERVERA,Segarra,2,0,1,0,1,0,0,0,1,0,0,0,0,40.0,0.0,1,3,No n'hi ha,-1.0,3,3,1,0,0,0,0,0,0,0,0,0,0,2,2,4,1,Caiguda en la via,0,1,2,4,2,2,0,16.05,1,0,5,14,12
13009,2013,1,2013-08-12,SE,"VENDRELL, EL",Baix Penedes,0,0,1,2,2,1,0,0,0,1,0,0,0,40.0,,0,-1,No n'hi ha,-1.0,3,3,1,-1,0,0,0,-1,0,0,0,0,-1,1,1,4,1,Sortida de via amb atropellament,1,2,2,5,-1,2,1,21.13,1,1,0,12,8
13010,2013,1,2013-12-12,SE,TERRASSA,Valles Occidental,3,0,1,0,2,1,0,0,0,1,0,0,0,100.0,0.0,0,-1,No n'hi ha,-1.0,3,3,1,0,0,0,0,0,0,0,0,0,0,0,4,-1,-1,Atropellament,-1,2,2,5,-1,2,1,19.25,1,3,3,12,12
13011,2013,1,2013-07-30,BV-4601,GURB,Osona,3,0,2,0,1,0,0,0,1,0,0,0,0,100.0,0.0,0,2,No n'hi ha,-1.0,3,1,1,0,0,0,0,0,0,0,0,0,0,1,4,5,1,Altres,1,2,2,4,3,2,1,13.52,0,5,1,30,7
13012,2013,1,2013-09-29,SE,TORROELLA DE MONTGRI,Baix Emporda,1,0,1,0,1,0,0,0,0,1,0,0,0,30.0,0.0,0,2,No n'hi ha,-1.0,2,3,1,-1,0,0,1,-1,0,0,0,0,1,0,3,-1,1,Sortida de via amb xoc o col·lisió,-1,2,0,5,-1,2,0,20.36,1,1,6,29,9
13013,2013,0,2013-03-04,B-430,ARTES,Bages,3,1,0,0,1,0,0,0,0,0,1,0,0,100.0,0.0,0,1,No n'hi ha,-1.0,3,3,0,0,0,0,0,0,0,0,0,0,0,2,2,4,1,Sortida de via amb xoc o col·lisió,0,1,2,4,4,2,1,16.2,1,1,0,4,3
13014,2013,1,2013-06-15,SE,MONTFERRER I CASTELLBO,Alt Urgell,2,1,1,3,1,0,0,0,0,1,0,0,0,50.0,0.0,0,2,No n'hi ha,-1.0,3,3,0,0,0,0,0,0,0,0,0,0,0,0,4,-1,1,Sortida de via amb xoc o col·lisió,-1,2,2,5,0,2,0,15.58,1,1,5,15,6
13015,2013,1,2013-03-17,SE,BANYOLES,Pla de l'Estany,1,0,1,0,2,0,0,1,0,1,0,0,0,100.0,0.0,0,2,No n'hi ha,-1.0,3,3,1,0,0,0,0,0,0,0,0,0,0,1,4,4,0,Fregament o col·lisió lateral,0,2,2,5,-1,2,0,16.0,1,2,6,17,3
13016,2013,1,2013-03-11,SE,TERRASSA,Valles Occidental,3,0,1,0,1,0,0,1,0,0,0,0,0,100.0,0.0,0,2,No n'hi ha,-1.0,3,3,1,0,0,0,0,0,0,0,0,0,0,0,5,-1,0,Caiguda en la via,-1,2,1,5,-1,2,1,6.0,0,0,0,11,3
13017,2013,0,2013-06-30,C-65,LLAGOSTERA,Girones,1,0,1,7,2,0,0,0,0,2,0,0,0,100.0,0.0,0,3,No n'hi ha,-1.0,3,3,1,0,0,0,0,0,0,0,0,0,0,0,4,-1,1,Envestida (frontal lateral),-1,1,2,4,2,2,0,14.3,1,2,6,30,6
13018,2013,0,2013-06-13,A-2,ALPICAT,Segria,2,0,2,0,2,0,0,0,0,2,0,0,0,100.0,0.0,0,2,No n'hi ha,-1.0,3,3,1,0,0,0,0,0,0,0,0,0,0,0,4,-1,1,Encalç,-1,1,2,1,1,2,1,16.33,1,2,3,13,6
13019,2013,0,2013-12-23,B-212,SANT MARTI SARROCA,Alt Penedes,3,0,1,1,1,0,0,0,0,1,0,0,0,50.0,0.0,0,1,No n'hi ha,-1.0,3,3,1,0,0,0,0,0,0,0,0,0,0,0,3,-1,1,Altres,-1,1,2,4,2,2,1,0.34,2,5,0,23,12
13020,2013,1,2013-10-17,SE,BARCELONA,Barcelones,3,0,1,1,2,1,0,0,1,0,0,0,0,100.0,0.0,0,-1,No n'hi ha,-1.0,3,3,1,0,0,0,0,0,0,0,0,0,0,1,4,3,0,Atropellament,2,2,2,5,-1,2,1,14.2,1,3,3,17,10
13021,2013,0,2013-05-04,C-60,"ROCA DEL VALLES, LA",Valles Oriental,3,0,1,0,1,0,0,0,1,0,0,0,0,120.0,0.0,0,-1,Sense Especificar,-1.0,3,3,1,0,0,0,0,0,0,0,0,0,0,0,4,-1,-1,Resta sortides de via,-1,1,2,1,4,2,0,5.27,2,1,5,4,5
13022,2013,0,2013-05-28,AP-7,CAMARLES,Baix Ebre,0,0,1,1,1,0,0,0,0,1,0,0,0,100.0,0.0,0,1,No n'hi ha,-1.0,3,3,1,0,0,0,0,0,0,0,0,0,0,0,4,-1,1,Resta sortides de via,-1,1,2,2,1,2,1,18.22,1,1,1,28,5
13023,2013,0,2013-05-25,CR,SOSES,Segria,2,1,1,3,1,0,0,0,0,1,0,0,0,100.0,0.0,0,1,No n'hi ha,-1.0,3,3,0,0,1,0,0,0,0,0,0,0,0,0,4,-1,1,Resta sortides de via,-1,1,2,3,0,2,0,19.1,1,1,5,25,5
13024,2013,0,2013-07-09,C-12B,ASCO,Ribera d'Ebre,0,0,1,0,1,0,0,0,0,0,1,0,0,100.0,0.0,0,0,No n'hi ha,-1.0,3,3,1,0,0,0,0,0,0,0,0,0,0,0,4,-1,1,Caiguda en la via,-1,1,2,4,2,2,1,11.57,0,0,1,9,7
13025,2013,0,2013-05-25,A-2,CORNELLA DE LLOBREGAT,Baix Llobregat,3,0,1,0,1,0,0,0,1,0,0,0,0,70.0,0.0,0,2,No n'hi ha,-1.0,3,3,1,0,0,0,0,0,0,0,0,0,0,0,4,-1,0,Caiguda en la via,-1,1,2,1,1,2,0,8.1,0,0,5,25,5
13026,2013,0,2013-03-23,C-155,PALAU DE PLEGAMANS,Valles Occidental,3,0,1,0,1,0,0,0,1,0,0,0,0,40.0,0.0,0,3,No n'hi ha,-1.0,3,3,1,0,0,0,0,0,0,0,0,0,0,0,3,-1,1,Resta sortides de via,-1,1,2,4,2,2,0,22.5,2,1,5,23,3
13027,2013,0,2013-05-31,C-31,HOSPITALET DE LLOBREGAT,Barcelones,3,0,1,0,1,0,0,0,1,0,0,0,0,80.0,0.0,0,2,No n'hi ha,-1.0,3,3,1,0,0,0,0,0,0,0,0,0,0,1,5,5,1,Xoc contra objecte/obstacle sense sortida prèvia de via,3,1,3,1,2,2,0,22.1,2,4,4,31,5
13028,2013,0,2013-05-11,C-17,"GARRIGA, LA",Valles Oriental,3,0,1,0,1,0,0,0,1,0,0,0,0,80.0,0.0,0,2,No n'hi ha,-1.0,3,3,1,0,0,0,0,0,0,0,0,0,0,0,1,-1,1,Sortida de via amb xoc o col·lisió,-1,1,2,1,2,2,0,20.38,1,1,5,11,5
13029,2013,0,2013-04-09,C-66,CORCA,Baix Emporda,1,0,1,0,2,0,0,0,1,1,0,0,0,100.0,0.0,0,2,No n'hi ha,-1.0,3,3,1,0,0,0,0,0,0,0,0,0,0,0,4,-1,1,Encalç,-1,1,2,4,2,2,1,12.45,0,2,1,9,4
13030,2013,0,2013-05-20,A-2,SANTA COLOMA DE CERV,Baix Llobregat,3,0,1,0,1,0,0,0,0,1,0,0,0,80.0,0.0,0,3,No n'hi ha,-1.0,2,3,1,0,0,0,0,0,0,0,0,0,0,0,2,-1,1,Xoc contra objecte/obstacle sense sortida prèvia de via,-1,1,2,1,1,2,1,7.14,0,4,0,20,5
13031,2013,0,2013-07-14,C-12,AMPOSTA,Montsia,0,0,2,0,1,0,0,0,0,1,0,0,0,100.0,0.0,0,2,No n'hi ha,-1.0,3,3,1,0,0,0,0,0,0,0,0,0,0,0,3,-1,1,Resta sortides de via,-1,1,2,4,2,2,0,23.21,2,1,6,14,7
13032,2013,1,2013-07-25,SE,TERRASSA,Valles Occidental,3,1,0,0,1,0,0,0,1,0,0,0,0,50.0,0.0,0,2,No n'hi ha,-1.0,3,3,0,0,0,0,0,0,0,0,0,0,0,0,4,-1,1,Caiguda en la via,-1,2,2,5,-1,2,1,7.45,0,0,3,25,7
13033,2013,0,2013-07-31,LP-7041,AITONA,Segria,2,0,1,0,2,0,0,0,1,1,0,0,0,100.0,0.0,0,1,No n'hi ha,-1.0,3,3,1,0,0,0,0,0,0,0,0,0,0,1,4,5,1,Envestida (frontal lateral),2,1,2,4,3,2,1,12.47,0,2,2,31,7
13034,2013,0,2013-09-27,C-55,SANT VICENC DE CASTELLERS,Bages,3,0,1,1,2,0,0,0,0,2,0,0,0,90.0,0.0,0,-1,Sense Especificar,-1.0,3,3,1,0,0,0,0,0,0,0,0,0,0,0,4,-1,-1,Encalç,-1,1,2,4,4,2,0,17.3,1,2,4,27,9
13035,2013,0,2013-05-26,T-333,PRAT DE COMTE,Terra Alta,0,0,1,0,1,0,0,0,1,0,0,0,0,100.0,0.0,0,0,No n'hi ha,-1.0,3,3,1,0,0,0,0,0,0,0,0,0,0,0,4,-1,1,Caiguda en la via,-1,1,2,4,2,2,0,9.2,0,0,6,26,5
13036,2013,1,2013-06-09,SE,SANT CUGAT DEL VALLES,Valles Occidental,3,0,1,0,1,0,0,0,1,0,0,0,0,100.0,0.0,0,-1,No n'hi ha,-1.0,3,3,1,0,0,0,0,0,0,0,0,0,0,0,4,-1,-1,Altres,-1,2,2,5,-1,2,0,5.4,2,5,6,9,6
13037,2013,0,2013-09-21,N-II,PONTOS,Alt Emporda,1,1,0,0,2,1,0,0,0,1,0,0,0,100.0,1.0,0,2,No n'hi ha,-1.0,3,3,0,0,0,0,0,0,0,0,0,0,0,0,3,-1,1,Atropellament,-1,1,2,4,1,2,0,23.25,2,3,5,21,9
13038,2013,0,2013-07-26,GI-682,LLORET DE MAR,Selva,1,0,1,0,1,0,0,0,1,0,0,0,0,100.0,0.0,0,0,No n'hi ha,-1.0,3,3,1,0,0,0,0,0,0,0,1,0,0,0,4,-1,1,Resta sortides de via,-1,1,2,4,3,2,0,17.35,1,1,4,26,7
13039,2013,0,2013-12-24,C-15,VILAFRANCA DEL PENEDES,Alt Penedes,3,1,1,1,2,0,0,0,0,1,1,0,0,100.0,0.0,0,3,No n'hi ha,-1.0,1,3,0,0,0,0,1,0,1,0,0,0,0,0,0,-1,1,Col·lisió frontal,-1,1,2,4,2,2,1,20.05,1,2,1,24,12
13040,2013,1,2013-06-07,SE,AGER,Noguera,2,0,1,0,1,0,0,0,0,0,1,0,0,100.0,0.0,0,1,No n'hi ha,0.0,3,3,1,0,0,0,0,0,0,0,0,0,0,0,4,-1,1,Altres,-1,2,1,5,-1,2,0,16.5,1,5,4,7,6
13041,2013,0,2013-02-23,B-221,MONTMANEU,Anoia,3,0,1,0,1,0,0,0,1,0,0,0,0,90.0,0.0,0,-1,Sense Especificar,-1.0,3,3,1,0,0,0,0,0,0,0,0,0,0,0,4,-1,-1,Resta sortides de via,-1,1,2,4,4,2,0,20.38,1,1,5,23,2
13042,2013,0,2013-07-04,C-1311,TREMP,Pallars Jussa,2,0,1,0,1,0,0,0,0,0,1,0,0,100.0,0.0,0,1,No n'hi ha,-1.0,3,3,1,0,0,0,0,0,0,0,0,0,0,0,4,-1,1,Altres,-1,1,2,4,2,2,1,13.21,0,5,3,4,7
13043,2013,1,2013-03-01,SE,BARCELONA,Barcelones,3,0,1,0,2,1,0,0,0,0,1,0,0,100.0,0.0,0,-1,No n'hi ha,-1.0,3,3,1,0,0,0,0,0,0,0,0,0,0,0,5,-1,1,Atropellament,-1,2,2,5,-1,2,0,19.0,1,3,4,1,3
13044,2013,0,2013-12-03,BV-4132,CASSERRES,Bergueda,3,0,1,0,1,0,0,0,0,1,0,0,0,100.0,0.0,0,1,Altres,-1.0,3,3,1,0,0,0,0,0,0,0,0,0,0,0,4,-1,1,Caiguda en la via,-1,1,2,4,-1,2,1,15.36,1,0,1,3,12
13045,2013,0,2013-10-17,AP-7,AMPOSTA,Montsia,0,1,0,0,1,0,0,0,0,1,0,0,0,100.0,0.0,0,1,No n'hi ha,-1.0,3,3,0,0,1,0,0,0,0,0,0,0,0,0,4,-1,1,Resta sortides de via,-1,1,2,2,1,2,1,16.29,1,1,3,17,10
13046,2013,0,2013-01-16,BP-5002,ALELLA,Maresme,3,0,1,0,1,0,0,0,1,0,0,0,0,90.0,0.0,0,-1,No n'hi ha,-1.0,3,3,1,-1,0,0,0,-1,0,0,0,0,0,0,4,-1,1,Resta sortides de via,-1,1,2,4,2,2,1,12.2,0,1,2,16,1
13047,2013,0,2013-04-20,CR,TREMP,Pallars Jussa,2,0,1,0,1,0,0,0,0,1,0,0,0,100.0,0.0,0,1,No n'hi ha,-1.0,3,3,1,0,0,0,0,0,0,0,0,0,0,0,4,-1,1,Resta sortides de via,-1,1,2,3,0,2,0,17.0,1,1,5,20,4
13048,2013,0,2013-05-03,B-502,CABRERA DE MAR,Maresme,3,0,1,0,1,0,0,0,1,0,0,0,0,70.0,0.0,0,2,No n'hi ha,-1.0,3,3,1,0,0,0,0,0,0,0,0,0,0,0,4,-1,1,Resta sortides de via,-1,1,2,4,3,2,0,15.47,1,1,4,3,5
13049,2013,0,2013-05-04,BV-2111,SANT PERE DE RIBES,Garraf,3,0,1,0,1,0,1,0,0,0,0,0,0,100.0,0.0,0,0,No n'hi ha,-1.0,3,3,1,0,0,0,0,0,0,0,0,0,0,0,4,-1,1,Caiguda en la via,-1,1,2,4,3,2,0,12.03,0,0,5,4,5
13050,2013,0,2013-07-14,B-20,CORNELLA DE LLOBREGAT,Baix Llobregat,3,0,1,0,1,0,0,0,1,0,0,0,0,60.0,0.0,0,3,No n'hi ha,-1.0,3,0,1,0,0,0,0,0,0,0,0,0,0,1,4,-1,0,Xoc contra objecte/obstacle sense sortida prèvia de via,3,1,2,1,2,2,0,13.55,0,4,6,14,7
13051,2013,0,2013-10-14,A-2,FONDARELLA,Pla d'Urgell,2,0,1,0,1,0,1,0,0,0,0,0,0,120.0,1.0,0,2,No n'hi ha,-1.0,3,3,1,-1,0,0,0,-1,0,0,0,0,-1,2,4,5,1,Encalç,0,1,2,1,1,2,1,9.3,0,2,0,14,10
13052,2013,1,2013-08-07,SE,TORROELLA DE MONTGRI,Baix Emporda,1,0,1,0,1,0,1,0,0,0,0,0,0,30.0,0.0,0,-1,No n'hi ha,-1.0,3,3,1,-1,0,0,0,-1,0,0,0,0,0,0,4,-1,1,Xoc contra objecte/obstacle sense sortida prèvia de via,-1,2,2,5,-1,2,1,18.2,1,4,2,7,8
13053,2013,0,2013-07-28,T-331,ULLDECONA,Montsia,0,0,1,0,1,0,1,0,0,0,0,0,0,90.0,0.0,0,-1,Sense Especificar,-1.0,3,3,1,0,0,0,0,0,0,0,0,0,0,0,4,-1,-1,Altres,-1,1,2,4,4,2,0,11.39,0,5,6,28,7
13054,2013,0,2013-06-20,BV-5303,SEVA,Osona,3,0,1,0,1,0,1,0,0,0,0,0,0,90.0,0.0,0,-1,Sense Especificar,-1.0,3,3,1,0,0,0,0,0,0,0,0,0,0,0,4,-1,-1,Altres,-1,1,2,4,4,2,1,12.11,0,5,3,20,6
13055,2013,1,2013-07-06,SE,SANT VICENC DE CASTELLERS,Bages,3,0,1,1,1,0,0,0,0,1,0,0,0,20.0,0.0,0,-1,Sense Especificar,-1.0,3,1,1,0,0,0,0,0,0,0,0,0,0,0,4,-1,-1,Resta sortides de via,-1,2,2,5,-1,2,0,11.06,0,1,5,6,7
13056,2013,1,2013-05-30,SE,OLOT,Garrotxa,1,0,1,0,1,0,1,0,0,0,0,0,0,100.0,0.0,0,2,No n'hi ha,-1.0,3,3,1,0,0,0,0,0,0,0,0,0,0,0,4,-1,1,Caiguda en la via,-1,2,0,5,-1,2,1,9.2,0,0,3,30,5
13057,2013,1,2013-07-25,SE,PONT DE VILOMARA I R,Bages,3,0,1,0,1,0,0,1,0,0,0,0,0,100.0,0.0,0,1,No n'hi ha,-1.0,3,3,1,0,0,0,0,0,0,0,0,0,0,0,4,-1,1,Sortida de via amb xoc o col·lisió,-1,2,3,5,-1,2,1,19.27,1,1,3,25,7
13058,2013,0,2013-05-19,GIV-6744,LLAGOSTERA,Girones,1,0,1,0,1,0,0,0,0,1,0,0,0,100.0,0.0,0,2,No n'hi ha,-1.0,3,3,1,0,0,0,0,0,0,0,0,0,0,0,4,-1,1,Altres,-1,1,2,4,0,2,0,7.57,0,5,6,19,5
13059,2013,0,2013-10-31,CR,SANT FELIU DE BUIXALLEU,Selva,1,0,1,1,1,0,0,0,0,1,0,0,0,20.0,0.0,0,1,No n'hi ha,-1.0,3,3,1,0,0,0,0,0,0,0,0,0,0,0,4,-1,1,Resta sortides de via,-1,1,2,3,4,2,1,14.34,1,1,3,31,10
13060,2013,0,2013-10-12,CR,SIDAMON,Pla d'Urgell,2,0,3,0,1,0,0,0,0,1,0,0,0,100.0,0.0,0,1,No n'hi ha,-1.0,3,3,1,0,0,0,0,0,0,0,0,0,0,0,3,-1,1,Resta sortides de via,-1,1,2,3,0,2,0,21.3,1,1,5,12,10
13061,2013,0,2013-10-17,C-31C,SANT BOI DE LLOBREGAT,Baix Llobregat,3,0,1,0,1,0,0,1,0,0,0,0,0,80.0,0.0,0,2,No n'hi ha,-1.0,3,3,1,0,0,0,0,0,0,0,0,0,0,0,3,-1,1,Caiguda en la via,-1,1,2,4,2,2,1,1.0,2,0,3,17,10
13062,2013,0,2013-10-07,BV-2122,SANT MARTI SARROCA,Alt Penedes,3,1,0,1,1,0,0,0,0,1,0,0,0,100.0,0.0,0,2,No n'hi ha,-1.0,3,3,0,0,0,0,0,0,0,0,0,0,0,0,1,-1,1,Altres,-1,1,2,4,3,2,1,6.37,0,5,0,7,10
13063,2014,0,2014-06-21,A-2,ALCOLETGE,Segria,2,0,1,0,1,0,0,0,0,0,1,0,0,40.0,0.0,0,1,No n'hi ha,-1.0,3,3,1,0,0,0,0,0,0,0,0,0,0,0,4,-1,1,Resta sortides de via,-1,1,2,1,1,2,0,7.37,0,1,5,21,6
13064,2014,0,2014-03-27,C-37z,MANRESA,Bages,3,0,1,0,2,0,0,0,1,1,0,0,0,100.0,0.0,0,2,No n'hi ha,-1.0,3,3,1,0,0,0,0,0,0,0,0,0,0,1,4,4,1,Envestida (frontal lateral),1,1,2,4,2,2,1,15.3,1,2,3,27,3
13065,2014,1,2014-11-23,SE,BARCELONA,Barcelones,3,1,0,1,1,0,0,0,0,1,0,0,0,100.0,0.0,0,-1,No n'hi ha,-1.0,3,3,0,0,0,0,0,0,0,0,0,0,0,0,4,-1,1,Xoc contra objecte/obstacle sense sortida prèvia de via,-1,2,2,5,-1,2,0,10.3,0,4,6,23,11
13066,2014,1,2014-03-20,SE,BARCELONA,Barcelones,3,0,1,0,2,0,0,0,1,1,0,0,0,100.0,0.0,0,-1,No n'hi ha,-1.0,3,3,1,0,0,0,0,0,0,0,0,0,0,0,4,-1,0,Caiguda en la via,-1,2,2,5,-1,2,1,13.51,0,0,3,20,3
13067,2014,0,2014-03-04,C-31,BARCELONA,Barcelones,3,0,1,0,1,0,0,0,0,1,0,0,0,60.0,0.0,0,-1,No n'hi ha,1.0,3,3,1,0,0,0,0,0,0,1,0,0,0,0,5,-1,1,Xoc contra objecte/obstacle sense sortida prèvia de via,-1,1,2,1,2,2,1,5.07,2,4,1,4,3
13068,2014,1,2014-12-23,SE,BARCELONA,Barcelones,3,0,1,0,2,0,0,0,1,1,0,0,0,100.0,0.0,0,-1,No n'hi ha,-1.0,3,3,1,0,0,0,0,0,0,0,0,0,0,0,4,-1,1,Col·lisió frontal,-1,2,2,5,-1,2,1,12.45,0,2,1,23,12
13069,2014,0,2014-04-10,A-2,CORNELLA DE LLOBREGAT,Baix Llobregat,3,0,1,0,2,0,0,0,1,1,0,0,0,90.0,0.0,0,2,No n'hi ha,1.0,3,3,1,0,0,0,0,0,0,1,0,0,0,0,4,-1,0,Fregament o col·lisió lateral,-1,1,2,1,1,2,1,12.17,0,2,3,10,4
13070,2014,1,2014-08-28,SE,"MONTMELL, EL",Baix Penedes,0,0,1,0,1,0,0,0,1,0,0,0,0,20.0,0.0,0,-1,Sense Especificar,-1.0,3,3,1,0,0,0,0,0,0,0,0,0,0,1,4,5,-1,Resta sortides de via,1,2,2,5,-1,2,1,19.41,1,1,3,28,8
13071,2014,0,2014-11-03,C-17,SEVA,Osona,3,0,3,1,1,0,0,0,0,1,0,0,0,80.0,0.0,0,0,No n'hi ha,-1.0,3,3,1,0,0,0,0,0,0,0,0,0,0,2,4,5,1,Resta sortides de via,1,1,2,1,2,2,1,13.19,0,1,0,3,11
13072,2014,1,2014-12-20,SE,TORREDEMBARRA,Tarragones,0,0,1,0,2,1,0,0,0,1,0,0,0,50.0,0.0,0,2,No n'hi ha,-1.0,3,3,1,0,0,0,0,0,0,0,0,0,1,0,0,-1,1,Atropellament,-1,2,2,5,-1,2,0,21.3,1,3,5,20,12
13073,2014,0,2014-06-21,CR,FONTANALS DE CERDANYA,Cerdanya,1,0,1,1,1,0,0,0,1,0,0,0,0,30.0,0.0,0,1,No n'hi ha,-1.0,3,3,1,0,0,0,0,0,0,0,0,0,0,0,4,-1,1,Resta sortides de via,-1,1,0,0,0,2,0,19.03,1,1,5,21,6
13074,2014,0,2014-08-02,BV-5119,FOGARS DE MONTCLUS,Valles Oriental,3,0,2,0,1,0,0,0,0,1,0,0,0,30.0,0.0,1,1,No n'hi ha,-1.0,3,3,1,1,0,0,0,0,0,0,0,0,0,0,4,-1,1,Resta sortides de via,-1,1,2,4,3,2,0,16.55,1,1,5,2,8
13075,2014,0,2014-09-25,C-17,MOLLET DEL VALLES,Valles Oriental,3,0,1,0,1,0,0,0,1,0,0,0,0,100.0,0.0,0,2,No n'hi ha,-1.0,3,3,1,0,0,0,0,0,0,0,0,0,0,0,4,-1,1,Caiguda en la via,-1,1,2,1,3,2,1,16.09,1,0,3,25,9
13076,2014,0,2014-08-10,BV-5114,MONTSENY,Valles Oriental,3,0,1,0,1,0,0,0,1,0,0,0,0,90.0,0.0,0,-1,Sense Especificar,-1.0,3,3,1,0,0,0,0,0,0,0,0,0,0,0,4,-1,-1,Resta sortides de via,-1,1,2,4,4,2,0,11.57,0,1,6,10,8
13077,2014,0,2014-09-04,GI-523,TORTELLA,Garrotxa,1,0,1,1,1,0,0,1,0,0,0,0,0,100.0,0.0,0,2,No n'hi ha,-1.0,3,3,1,0,0,0,0,0,0,0,0,0,0,0,3,-1,1,Xoc contra objecte/obstacle sense sortida prèvia de via,-1,1,2,4,3,2,1,21.41,1,4,3,4,9
13078,2014,0,2014-10-06,A-2,JORBA,Anoia,3,0,2,14,1,0,0,0,0,0,1,0,0,100.0,0.0,0,3,No n'hi ha,-1.0,3,3,1,0,1,0,0,0,0,0,0,0,0,0,4,-1,1,Sortida de via amb xoc o col·lisió,-1,1,2,1,1,2,1,16.4,1,1,0,6,10
13079,2014,0,2014-05-21,C-32,CORNELLA DE LLOBREGAT,Baix Llobregat,3,0,1,0,1,0,0,0,0,1,0,0,0,80.0,0.0,0,2,No n'hi ha,-1.0,3,3,1,0,0,0,0,0,0,0,0,0,0,0,5,-1,0,Xoc contra objecte/obstacle sense sortida prèvia de via,-1,1,2,2,2,2,1,3.25,2,4,2,21,5
13080,2014,1,2014-07-05,C-37z,MANRESA,Bages,3,0,1,0,1,0,1,0,0,0,0,0,0,90.0,0.0,0,2,No n'hi ha,-1.0,3,3,1,0,0,0,0,0,0,0,0,1,0,0,4,-1,1,Caiguda en la via,-1,0,2,4,-1,2,0,7.05,0,0,5,5,7
13081,2014,0,2014-08-13,AP-7,"AMETLLA DE MAR, L'",Baix Ebre,0,0,1,4,1,0,0,0,0,1,0,0,0,100.0,0.0,0,1,No n'hi ha,-1.0,3,3,1,0,0,0,0,0,0,0,0,0,0,0,4,-1,0,Resta sortides de via,-1,1,2,2,1,1,1,18.19,1,1,2,13,8
13082,2014,0,2014-08-26,CR,TORREFARRERA,Segria,2,0,1,0,1,0,0,0,1,0,0,0,0,50.0,0.0,0,2,No n'hi ha,-1.0,3,3,1,0,0,0,0,0,0,0,0,0,0,0,4,-1,1,Caiguda en la via,-1,1,2,0,0,2,1,19.58,1,0,1,26,8
13083,2014,0,2014-10-12,CR,TORREFETA I FLOREJACS,Segarra,2,0,1,0,1,0,0,0,1,0,0,0,0,100.0,0.0,0,1,No n'hi ha,-1.0,3,3,1,0,0,0,0,0,0,0,0,1,0,0,4,-1,1,Resta sortides de via,-1,1,0,0,0,2,0,14.1,1,1,6,12,10
13084,2014,1,2014-11-22,SE,TARADELL,Osona,3,0,1,0,1,0,0,0,1,0,0,0,0,100.0,0.0,0,2,No n'hi ha,-1.0,3,3,1,0,0,0,0,0,0,0,0,0,0,0,0,-1,0,Resta sortides de via,-1,2,2,5,-1,2,0,1.3,2,1,5,22,11
13085,2014,0,2014-11-27,SE,"BRULL, EL",Osona,3,1,0,0,1,0,0,0,0,1,0,0,0,100.0,0.0,0,0,No n'hi ha,-1.0,1,3,0,0,0,0,0,0,0,0,0,0,0,0,2,-1,1,Resta sortides de via,-1,1,0,0,0,2,1,14.16,1,1,3,27,11
13086,2014,0,2014-06-22,BV-3003,CALLUS,Bages,3,0,1,0,1,0,1,0,0,0,0,0,0,90.0,0.0,0,-1,Sense Especificar,-1.0,3,3,1,0,0,0,0,0,0,0,0,0,0,0,4,-1,-1,Altres,-1,1,2,4,4,2,0,11.3,0,5,6,22,6