,Year,Area,Date,Road,Municipality Name,County Name,Province Name,Fatalties,Serious Injuries,Light Injuries,Units Involved,Pedestrains Involved,Bicycles Involved,Mopeds Involved,Motorcycles,Light Vehicles Involved,Heavy Vehicles Involved,Other Units Involved,Unspecified Units Involved,Road Speed Limit,Accident with Hit and Run,Fog Presence,Surrounding Environment,Special Lane Presence,Special Traffic Measures,Weather Conditions,Special Road Functions,Severity of Accident,Influence of Fog,Influence of Environment,Influence of Traffic,Influence of Weather,Influence of Wind Intensity,Influence of Lighting,Influence of Special Measures,Influence of Road Objects,Influence of Road Surface,Influence of Visibility,Intersection Characteristics,Lighting Conditions,Traffic Regulation and Priority,Direction of Road,Subtype of Accident,Subtype of Road Section,Subzone within Area,Road Surface Conditions,Type of Road,Road Ownership,Wind Conditions,Day of the Week Grouping,Hour of Day,Time of Day Grouping,Type of Accident,Day Type,Day,Month
13087,2014,0,2014-10-18,CR,MONTELLA I MARTINET,Cerdanya,2,0,1,0,1,0,0,0,1,0,0,0,0,100.0,0.0,0,1,No n'hi ha,-1.0,3,3,1,0,0,0,0,0,0,0,0,0,0,0,4,-1,1,Caiguda en la via,-1,1,0,0,0,2,0,18.25,1,0,5,18,10
13088,2014,1,2014-11-16,SE,MOLLET DEL VALLES,Valles Oriental,3,0,1,0,1,0,1,0,0,0,0,0,0,100.0,0.0,0,1,No n'hi ha,-1.0,3,3,1,0,0,0,0,0,0,0,0,0,0,0,4,-1,1,Caiguda en la via,-1,2,0,5,0,2,0,12.35,0,0,6,16,11
13089,2014,0,2014-10-27,CR,MONTFERRER I CASTELLBO,Alt Urgell,2,0,1,0,1,0,0,0,1,0,0,0,0,100.0,0.0,0,1,No n'hi ha,-1.0,3,3,1,0,0,0,0,0,0,0,0,0,0,0,4,-1,1,Caiguda en la via,-1,1,0,0,0,2,1,14.4,1,0,0,27,10
13090,2014,1,2014-12-23,SE,CABRERA DE MAR,Maresme,3,0,1,0,1,0,0,1,0,0,0,0,0,100.0,0.0,0,2,No n'hi ha,-1.0,3,3,1,0,0,0,0,0,0,0,0,0,0,1,4,-1,0,Caiguda en la via,0,2,2,5,-1,2,1,15.15,1,0,1,23,12
13091,2014,0,2014-06-09,CR,GIMENELLS I EL PLA DE LA FONT,Segria,2,0,1,0,1,0,1,0,0,0,0,0,0,80.0,0.0,0,0,No n'hi ha,-1.0,3,3,1,0,0,0,0,0,0,0,0,0,0,0,1,-1,1,Caiguda en la via,-1,1,2,0,3,2,1,22.15,2,0,0,9,6
13092,2014,1,2014-11-29,SE,REUS,Baix Camp,0,0,1,0,2,0,0,0,1,1,0,0,0,100.0,0.0,0,-1,No n'hi ha,-1.0,3,3,1,0,0,0,0,0,0,0,0,0,0,0,4,-1,-1,Resta sortides de via,-1,2,2,5,-1,2,0,13.17,0,1,5,29,11
13093,2014,1,2014-06-26,SE,SABADELL,Valles Occidental,3,0,1,0,2,1,0,0,0,1,0,0,0,100.0,0.0,0,-1,No n'hi ha,-1.0,3,3,1,0,0,0,0,0,0,0,0,0,0,0,4,-1,-1,Atropellament,-1,2,2,5,-1,2,1,18.59,1,3,3,26,6
13094,2014,0,2014-03-16,C-153,"PLANES D'HOSTOLES, LES",Garrotxa,1,0,1,0,1,0,0,0,1,0,0,0,0,100.0,0.0,0,1,No n'hi ha,-1.0,3,3,1,0,0,0,0,0,0,0,0,0,0,0,4,-1,1,Resta sortides de via,-1,1,2,4,3,2,0,13.15,0,1,6,16,3
13095,2014,1,2014-01-28,SE,VALLS,Alt Camp,0,0,1,0,1,0,1,0,0,0,0,0,0,100.0,1.0,0,-1,No n'hi ha,-1.0,3,3,1,0,0,0,0,0,0,0,0,0,0,0,4,-1,-1,Envestida (frontal lateral),-1,2,2,5,-1,2,1,19.0,1,2,1,28,1
13096,2014,0,2014-07-08,N-152,PUIGCERDA,Cerdanya,1,0,1,0,1,0,0,0,1,0,0,0,0,40.0,0.0,0,3,No n'hi ha,-1.0,3,3,1,0,0,0,0,0,0,0,0,0,0,2,4,4,1,Caiguda en la via,0,1,2,4,1,2,1,13.19,0,0,1,8,7
13097,2014,0,2014-06-28,C-242,"BORGES DEL CAMP, LES",Baix Camp,0,0,1,2,1,0,0,0,0,1,0,0,0,90.0,0.0,0,-1,Sense Especificar,-1.0,3,3,1,0,0,0,0,0,0,0,0,0,0,0,4,-1,-1,Resta sortides de via,-1,1,2,4,4,2,0,21.15,1,1,5,28,6
13098,2014,0,2014-04-06,C-26,CASTELLAR DE LA RIBERA,Solsones,2,0,1,0,1,0,0,0,1,0,0,0,0,100.0,0.0,0,3,No n'hi ha,-1.0,3,3,1,0,0,0,0,0,0,0,0,0,0,0,4,-1,1,Caiguda en la via,-1,1,2,4,2,2,0,12.12,0,0,6,6,4
13099,2014,1,2014-08-30,SE,MANRESA,Bages,3,0,1,1,2,0,0,1,0,1,0,0,0,100.0,0.0,0,2,No n'hi ha,-1.0,3,3,1,0,0,0,0,0,0,0,0,0,0,1,4,4,0,Envestida (frontal lateral),2,2,2,5,-1,2,0,16.18,1,2,5,30,8
13100,2014,0,2014-09-17,C-55,CARDONA,Bages,3,1,0,3,2,0,0,0,0,2,0,0,0,60.0,0.0,0,1,No n'hi ha,-1.0,3,3,0,0,0,0,0,0,0,0,0,0,0,1,4,4,1,Envestida (frontal lateral),1,1,2,4,2,2,1,11.12,0,2,2,17,9
13101,2014,0,2014-01-20,C-16,VILADECAVALLS,Valles Occidental,3,0,1,3,1,0,0,0,0,1,0,0,0,100.0,0.0,0,3,No n'hi ha,-1.0,3,3,1,0,0,0,0,0,0,0,0,0,0,0,4,-1,1,Resta sortides de via,-1,1,2,2,2,2,1,12.03,0,1,0,20,1
13102,2014,0,2014-03-16,SE,FORES,Conca de Barbera,0,0,1,0,1,0,1,0,0,0,0,0,0,30.0,0.0,0,-1,Sense Especificar,-1.0,3,3,1,0,0,0,0,0,0,0,0,0,0,0,4,-1,-1,Altres,-1,1,2,0,-1,2,0,11.56,0,5,6,16,3
13103,2014,1,2014-04-09,SE,SANT CUGAT DEL VALLES,Valles Occidental,3,0,1,0,1,0,0,0,1,0,0,0,0,20.0,1.0,0,-1,No n'hi ha,-1.0,3,3,1,-1,-1,0,0,-1,0,0,0,0,0,0,4,-1,-1,Fregament o col·lisió lateral,-1,2,2,5,-1,2,1,17.5,1,2,2,9,4
13104,2014,0,2014-06-17,N-152a,SANTA PERPETUA DE MO,Valles Occidental,3,0,1,0,1,0,0,0,1,0,0,0,0,100.0,0.0,0,2,No n'hi ha,-1.0,3,3,1,0,0,0,0,0,0,0,0,0,0,0,4,-1,1,Resta sortides de via,-1,1,2,4,3,2,1,14.44,1,1,1,17,6
13105,2014,1,2014-09-10,SE,HOSPITALET DE LLOBREGAT,Barcelones,3,0,1,0,1,0,0,0,1,0,0,0,0,20.0,0.0,0,-1,No n'hi ha,-1.0,3,3,1,-1,0,0,0,-1,0,0,0,0,-1,0,4,-1,1,Caiguda en la via,-1,2,2,5,-1,2,1,14.0,1,0,2,10,9
13106,2014,0,2014-05-21,N-II,CALELLA,Maresme,3,0,1,0,2,1,0,0,0,1,0,0,0,60.0,0.0,0,1,No n'hi ha,-1.0,3,3,1,0,0,0,0,0,0,0,0,0,0,0,4,-1,1,Atropellament,-1,1,2,4,1,2,1,14.27,1,3,2,21,5
13107,2014,1,2014-09-03,SE,BARCELONA,Barcelones,3,0,1,0,2,0,1,0,0,0,0,1,0,100.0,0.0,0,-1,Carril bici,-1.0,3,3,1,0,0,0,0,0,0,0,0,0,0,1,4,3,1,Envestida (frontal lateral),2,2,2,5,-1,2,1,15.5,1,2,2,3,9
13108,2014,1,2014-08-19,C-12,MORA LA NOVA,Ribera d'Ebre,0,1,0,0,1,0,0,0,0,1,0,0,0,50.0,0.0,0,2,No n'hi ha,-1.0,3,3,0,0,0,0,0,0,0,0,0,0,0,1,4,4,1,Xoc contra objecte/obstacle sense sortida prèvia de via,0,0,2,4,2,2,1,15.48,1,4,1,19,8
13109,2014,0,2014-10-05,LV-9045,"AVELLANES I SANTA LINYA, LES",Noguera,2,0,1,0,1,0,0,0,1,0,0,0,0,100.0,0.0,0,1,No n'hi ha,-1.0,3,3,1,0,0,0,0,0,0,0,0,0,0,0,4,-1,1,Resta sortides de via,-1,1,2,4,3,2,0,12.19,0,1,6,5,10
13110,2014,0,2014-06-05,SE,SITGES,Garraf,3,0,1,0,1,0,1,0,0,0,0,0,0,30.0,0.0,0,-1,Sense Especificar,-1.0,3,3,1,0,0,0,0,0,0,0,0,0,0,0,4,-1,-1,Altres,-1,1,2,0,4,2,1,12.09,0,5,3,5,6
13111,2014,0,2014-11-04,N-260,PRULLANS,Cerdanya,2,0,2,0,1,0,0,0,0,1,0,0,0,60.0,0.0,0,1,No n'hi ha,-1.0,1,3,1,0,0,0,0,0,1,0,0,0,0,0,3,-1,1,Resta sortides de via,-1,1,2,4,1,2,1,7.16,0,1,1,4,11
13112,2014,1,2014-10-15,SE,MOLINS DE REI,Baix Llobregat,3,1,0,0,1,0,0,0,1,0,0,0,0,100.0,0.0,0,0,No n'hi ha,-1.0,3,3,0,0,0,0,0,0,0,0,0,0,0,0,4,-1,1,Resta sortides de via,-1,2,2,5,-1,2,1,15.12,1,1,2,15,10
13113,2014,1,2014-04-25,SE,MATARO,Maresme,3,0,1,0,2,0,0,1,0,1,0,0,0,50.0,0.0,0,-1,No n'hi ha,-1.0,3,3,1,0,-1,0,0,0,0,0,0,0,0,0,4,-1,-1,Encalç,-1,2,2,5,-1,2,0,17.2,1,2,4,25,4
13114,2014,1,2014-04-26,SE,SABADELL,Valles Occidental,3,0,1,0,1,0,0,0,1,0,0,0,0,100.0,0.0,0,-1,No n'hi ha,-1.0,3,3,1,0,0,0,0,0,0,0,0,0,0,0,4,-1,-1,Xoc contra objecte/obstacle sense sortida prèvia de via,-1,2,2,5,-1,2,0,22.3,2,4,5,26,4
13115,2014,1,2014-09-07,SE,LLEIDA,Segria,2,0,1,0,2,0,0,1,0,1,0,0,0,100.0,0.0,0,-1,No n'hi ha,-1.0,3,3,1,0,0,0,0,0,0,0,0,0,0,0,4,-1,-1,Envestida (frontal lateral),-1,2,2,5,-1,2,0,13.15,0,2,6,7,9
13116,2014,1,2014-06-21,SE,BARCELONA,Barcelones,3,0,1,0,2,1,0,0,0,1,0,0,0,100.0,0.0,0,-1,No n'hi ha,-1.0,3,3,1,0,0,0,0,0,0,0,0,0,0,1,5,3,1,Atropellament,2,2,2,5,-1,2,0,23.25,2,3,5,21,6
13117,2014,1,2014-07-03,SE,SABADELL,Valles Occidental,3,0,1,0,1,0,0,1,0,0,0,0,0,100.0,0.0,0,-1,No n'hi ha,-1.0,3,3,1,0,0,0,0,0,0,0,0,0,0,0,4,-1,-1,Resta sortides de via,-1,2,2,5,-1,2,1,6.03,0,1,3,3,7
13118,2014,0,2014-03-20,C-66,SERINYA,Pla de l'Estany,1,0,1,0,2,0,0,0,0,1,1,0,0,50.0,0.0,0,2,No n'hi ha,-1.0,3,3,1,0,0,0,0,0,0,0,0,0,0,0,4,-1,1,Fregament o col·lisió lateral,-1,1,2,4,2,2,1,15.29,1,2,3,20,3
13119,2014,1,2014-10-20,SE,SANTA PERPETUA DE MO,Valles Occidental,3,0,1,0,2,1,0,0,0,1,0,0,0,40.0,0.0,0,2,No n'hi ha,-1.0,3,3,1,0,0,0,0,0,0,0,0,0,0,0,4,-1,1,Atropellament,-1,2,2,5,-1,2,1,13.5,0,3,0,20,10
13120,2014,1,2014-03-10,SE,MATARO,Maresme,3,0,1,0,1,0,0,1,0,0,0,0,0,20.0,0.0,0,-1,No n'hi ha,-1.0,3,3,1,-1,0,0,0,-1,0,0,0,0,-1,0,4,-1,1,Caiguda en la via,-1,2,2,5,-1,2,1,18.2,1,0,0,10,3
13121,2014,1,2014-08-14,SE,VIC,Osona,3,0,1,0,2,0,1,0,0,1,0,0,0,100.0,0.0,0,2,Carril bici,-1.0,3,3,1,0,0,0,0,0,0,0,0,0,0,0,4,-1,0,Envestida (frontal lateral),-1,2,3,5,-1,2,1,16.3,1,2,3,14,8
13122,2014,0,2014-10-17,BV-2127,VILOBI DEL PENEDES,Alt Penedes,3,0,1,0,1,0,0,0,0,1,0,0,0,40.0,0.0,0,2,No n'hi ha,-1.0,3,3,1,0,0,0,0,0,0,0,0,0,0,0,4,-1,1,Resta sortides de via,-1,1,2,4,3,2,1,9.06,0,1,4,17,10
13123,2014,0,2014-11-23,C-1411,BERGA,Bergueda,3,0,2,0,1,0,0,0,0,1,0,0,0,100.0,0.0,0,0,No n'hi ha,-1.0,3,3,1,0,1,0,0,0,0,0,0,0,0,0,4,-1,1,Resta sortides de via,-1,1,2,4,2,2,0,15.01,1,1,6,23,11
13124,2014,1,2014-11-06,SE,SABADELL,Valles Occidental,3,0,1,0,2,1,0,0,0,1,0,0,0,100.0,0.0,0,2,No n'hi ha,-1.0,3,3,1,0,0,0,0,0,0,0,0,0,0,2,4,2,1,Atropellament,2,2,2,5,-1,2,1,17.0,1,3,3,6,11
13125,2014,1,2014-11-06,SE,VERGES,Baix Emporda,1,0,1,0,1,0,0,0,1,0,0,0,0,100.0,0.0,0,2,No n'hi ha,-1.0,3,3,1,0,0,0,0,0,0,0,0,0,0,0,4,-1,1,Caiguda en la via,-1,2,1,5,-1,2,1,11.25,0,0,3,6,11
13126,2014,1,2014-10-30,SE,SANT CUGAT DEL VALLES,Valles Occidental,3,0,1,0,1,0,0,0,1,0,0,0,0,20.0,0.0,0,-1,No n'hi ha,-1.0,3,3,1,-1,-1,0,0,-1,0,0,0,0,0,1,4,5,-1,Caiguda en la via,0,2,2,5,-1,2,1,9.15,0,0,3,30,10
13127,2014,0,2014-04-12,T-343,"ARGENTERA, L'",Baix Camp,0,0,1,0,1,0,1,0,0,0,0,0,0,90.0,0.0,0,-1,Sense Especificar,-1.0,3,3,1,0,0,0,0,0,0,0,0,0,0,0,4,-1,-1,Resta sortides de via,-1,1,2,4,4,2,0,11.1,0,1,5,12,4
13128,2014,1,2014-03-09,SE,TERRASSA,Valles Occidental,3,0,1,0,1,0,0,0,1,0,0,0,0,100.0,0.0,0,-1,No n'hi ha,-1.0,3,3,1,0,0,0,0,0,0,0,0,0,0,0,4,-1,-1,Resta sortides de via,-1,2,2,5,-1,2,0,19.3,1,1,6,9,3
13129,2014,1,2014-06-02,SE,VILANOVA I LA GELTRU,Garraf,3,0,1,1,1,0,0,1,0,0,0,0,0,100.0,0.0,0,-1,No n'hi ha,-1.0,3,3,1,0,0,0,0,0,0,0,0,0,0,0,4,-1,-1,Caiguda en la via,-1,2,2,5,-1,2,1,20.1,1,0,0,2,6
13130,2014,0,2014-06-24,BV-1468,BARCELONA,Barcelones,3,0,1,0,1,0,0,0,1,0,0,0,0,100.0,0.0,0,3,No n'hi ha,-1.0,3,3,1,0,0,0,0,0,0,0,0,0,0,0,4,-1,1,Caiguda en la via,-1,1,2,4,3,2,1,13.05,0,0,1,24,6
13131,2014,1,2014-04-23,SE,BARCELONA,Barcelones,3,0,1,0,1,0,0,1,0,0,0,0,0,100.0,0.0,0,-1,No n'hi ha,-1.0,3,3,1,0,0,0,0,0,0,0,1,0,0,0,5,-1,0,Xoc contra objecte/obstacle sense sortida prèvia de via,-1,2,2,5,-1,2,1,21.1,1,4,2,23,4
13132,2014,0,2014-01-18,N-340,"RIERA DE GAIA, LA",Tarragones,0,0,1,4,2,0,0,0,0,2,0,0,0,100.0,0.0,0,1,No n'hi ha,-1.0,3,3,1,0,0,0,1,0,0,0,0,0,0,0,4,-1,1,Fregament o col·lisió lateral,-1,1,2,4,1,2,0,15.53,1,2,5,18,1
13133,2014,0,2014-05-26,C-16,CERCS,Bergueda,3,0,1,0,1,0,0,0,1,0,0,0,0,60.0,0.0,0,1,No n'hi ha,-1.0,3,3,1,0,0,0,0,0,0,0,0,0,0,0,4,-1,1,Caiguda en la via,-1,1,2,4,2,2,1,11.17,0,0,0,26,5
13134,2014,1,2014-05-11,SE,SANT FELIU DE LLOBREGAT,Baix Llobregat,3,0,2,1,1,0,0,0,0,1,0,0,0,100.0,0.0,0,2,No n'hi ha,-1.0,1,3,1,0,0,0,0,0,0,0,0,0,0,0,1,-1,0,Resta sortides de via,-1,2,2,5,-1,2,0,6.53,0,1,6,11,5
13135,2014,1,2014-04-17,SE,SABADELL,Valles Occidental,3,1,0,0,1,0,0,1,0,0,0,0,0,100.0,0.0,0,-1,No n'hi ha,-1.0,3,3,0,0,0,0,0,0,0,0,0,0,0,0,4,-1,-1,Altres,-1,2,2,5,-1,2,1,1.5,2,5,3,17,4
13136,2014,0,2014-03-01,GI-623,VENTALLO,Alt Emporda,1,0,1,0,1,0,0,0,0,1,0,0,0,100.0,0.0,0,2,No n'hi ha,-1.0,3,3,1,0,0,0,0,0,0,0,0,0,0,0,4,-1,1,Sortida de via amb xoc o col·lisió,-1,1,2,4,3,2,0,8.3,0,1,5,1,3
13137,2014,1,2014-09-18,SE,BARCELONA,Barcelones,3,1,0,0,1,0,0,0,1,0,0,0,0,30.0,0.0,0,-1,No n'hi ha,0.0,3,3,0,0,0,0,0,0,0,0,0,0,0,1,5,3,1,Caiguda en la via,2,2,2,5,-1,2,1,0.45,2,0,3,18,9
13138,2014,0,2014-06-14,N-141c,MOIA,Moianès,3,1,0,1,1,0,0,0,0,0,1,0,0,100.0,0.0,0,3,No n'hi ha,-1.0,3,3,0,0,0,0,0,0,0,0,0,0,0,0,3,-1,1,Resta sortides de via,-1,1,2,4,3,2,0,3.13,2,1,5,14,6
13139,2014,0,2014-07-17,N-II,MATARO,Maresme,3,0,1,1,2,0,0,0,1,1,0,0,0,80.0,0.0,0,2,Carril acceleració,-1.0,3,3,1,0,0,0,0,0,0,0,0,0,0,2,4,4,1,Envestida (frontal lateral),1,1,2,4,1,2,1,12.58,0,2,3,17,7
13140,2014,1,2014-07-10,SE,BARCELONA,Barcelones,3,0,1,0,2,0,0,1,1,0,0,0,0,100.0,0.0,0,-1,No n'hi ha,-1.0,3,3,1,0,0,0,0,0,0,0,0,0,0,1,4,3,0,Fregament o col·lisió lateral,2,2,2,5,-1,2,1,15.36,1,2,3,10,7
13141,2014,1,2014-02-19,SE,TERRASSA,Valles Occidental,3,0,1,0,2,0,0,0,1,1,0,0,0,100.0,0.0,0,2,No n'hi ha,-1.0,3,3,1,0,0,0,0,0,0,0,0,0,0,1,4,4,0,Envestida (frontal lateral),2,2,2,5,-1,2,1,13.13,0,2,2,19,2
13142,2014,0,2014-08-15,N-230,BAUSEN,Val d'Aran,2,0,1,1,1,0,0,0,0,1,0,0,0,100.0,0.0,0,1,No n'hi ha,-1.0,3,3,1,0,0,0,0,0,0,0,0,0,0,0,4,-1,1,Resta sortides de via,-1,1,2,4,1,2,0,16.4,1,1,4,15,8
13143,2014,0,2014-08-04,N-II,BASCARA,Alt Emporda,1,0,1,3,1,0,0,0,0,1,0,0,0,100.0,0.0,0,1,Carril lent,-1.0,3,3,1,0,0,0,0,0,0,0,0,0,0,0,3,-1,1,Resta sortides de via,-1,1,2,4,1,2,1,5.0,2,1,0,4,8
13144,2014,1,2014-05-10,SE,SANT CLIMENT DE LLOBREGAT,Baix Llobregat,3,0,1,0,1,0,1,0,0,0,0,0,0,30.0,0.0,0,0,No n'hi ha,-1.0,3,3,1,-1,1,0,0,-1,0,0,0,1,-1,2,4,5,1,Caiguda en la via,2,0,1,0,0,2,0,10.0,0,0,5,10,5
13145,2014,1,2014-06-20,SE,ARBECA,Garrigues,2,0,1,0,1,0,0,1,0,0,0,0,0,100.0,0.0,0,2,No n'hi ha,-1.0,3,3,1,0,0,0,0,0,0,0,0,0,0,0,4,-1,0,Caiguda en la via,-1,2,3,5,-1,2,0,18.05,1,0,4,20,6
13146,2014,1,2014-09-24,SE,BARCELONA,Barcelones,3,0,1,1,1,0,0,0,0,1,0,0,0,100.0,0.0,0,-1,No n'hi ha,-1.0,3,3,1,0,0,0,0,0,0,0,0,0,0,0,5,-1,1,Xoc contra objecte/obstacle sense sortida prèvia de via,-1,2,2,5,-1,2,1,21.3,1,4,2,24,9
13147,2014,1,2014-05-13,SE,BARCELONA,Barcelones,3,0,1,0,1,0,0,1,0,0,0,0,0,100.0,0.0,0,-1,No n'hi ha,-1.0,3,3,1,0,0,0,0,0,0,0,0,0,0,0,4,-1,1,Caiguda en la via,-1,2,2,5,-1,2,1,7.55,0,0,1,13,5
13148,2014,0,2014-06-21,N-260,RIBERA D'URGELLET,Alt Urgell,2,0,1,0,1,0,1,0,0,0,0,0,0,100.0,0.0,0,1,No n'hi ha,-1.0,3,3,1,0,0,0,0,0,0,0,0,0,0,0,4,-1,1,Resta sortides de via,-1,1,2,4,1,2,0,15.21,1,1,5,21,6
13149,2014,1,2014-12-20,SE,REUS,Baix Camp,0,0,1,0,1,0,0,0,1,0,0,0,0,100.0,0.0,0,-1,No n'hi ha,-1.0,3,3,1,0,0,0,0,0,0,0,1,0,0,0,4,-1,-1,Caiguda en la via,-1,2,2,5,-1,2,0,16.02,1,0,5,20,12
13150,2014,1,2014-01-03,SE,CASTELLBISBAL,Valles Occidental,3,0,1,0,1,0,0,0,1,0,0,0,0,100.0,0.0,0,2,No n'hi ha,-1.0,3,3,1,0,0,0,0,0,0,0,0,0,0,0,5,-1,1,Xoc contra objecte/obstacle sense sortida prèvia de via,-1,2,2,5,-1,2,0,20.25,1,4,4,3,1
13151,2014,1,2014-05-02,SE,GAVA,Baix Llobregat,3,1,0,0,1,1,0,0,0,0,0,0,0,50.0,1.0,0,2,No n'hi ha,-1.0,3,3,0,0,0,0,0,0,0,0,0,0,0,0,5,-1,1,Atropellament,-1,2,2,5,-1,2,0,22.05,2,3,4,2,5
13152,2014,1,2014-07-05,SE,BARCELONA,Barcelones,3,0,1,1,2,1,0,0,1,0,0,0,0,100.0,0.0,0,-1,Carril bus,-1.0,3,3,1,0,0,0,0,0,0,0,0,0,0,0,4,-1,1,Atropellament,-1,2,2,5,-1,2,0,10.2,0,3,5,5,7
13153,2014,0,2014-06-21,C-462,"VANSA I FORNOLS, LA",Alt Urgell,2,0,1,0,1,0,0,0,1,0,0,0,0,100.0,0.0,0,1,No n'hi ha,-1.0,3,3,1,0,0,0,0,0,0,0,0,0,0,0,4,-1,1,Resta sortides de via,-1,1,2,4,2,2,0,18.42,1,1,5,21,6
13154,2014,0,2014-07-29,C-31,VILAMALLA,Alt Emporda,1,0,1,0,1,0,0,0,1,0,0,0,0,100.0,0.0,0,2,Carril acceleració,-1.0,3,3,1,0,0,0,0,0,0,0,1,0,0,2,4,4,1,Caiguda en la via,3,1,2,4,3,2,1,12.38,0,0,1,29,7
13155,2014,0,2014-01-20,C-31,SANT PERE DE RIBES,Garraf,3,0,1,0,1,0,0,0,1,0,0,0,0,90.0,0.0,0,1,No n'hi ha,-1.0,3,3,1,0,0,0,0,1,0,0,0,0,0,0,4,-1,1,Resta sortides de via,-1,1,2,4,2,0,1,11.0,0,1,0,20,1
13156,2015,1,2015-05-22,SE,TERRASSA,Valles Occidental,3,0,1,0,2,1,0,0,0,1,0,0,0,100.0,0.0,0,-1,No n'hi ha,-1.0,3,3,1,0,0,0,0,0,1,0,0,0,0,0,4,-1,-1,Atropellament,-1,2,2,5,-1,2,1,7.45,0,3,4,22,5
13157,2015,1,2015-06-04,SE,ALELLA,Maresme,3,0,1,0,1,0,0,0,1,0,0,0,0,10.0,0.0,0,-1,No n'hi ha,-1.0,3,3,1,-1,0,0,0,-1,0,0,0,0,-1,0,4,-1,0,Caiguda en la via,-1,2,2,5,0,2,1,21.1,1,0,3,4,6
13158,2015,1,2015-01-28,SE,RUBI,Valles Occidental,3,0,1,0,1,0,0,0,1,0,0,0,0,100.0,0.0,0,2,No n'hi ha,-1.0,3,3,1,0,0,0,0,0,0,0,0,0,0,0,4,-1,0,Caiguda en la via,-1,2,2,5,-1,2,1,12.0,0,0,2,28,1
13159,2015,1,2015-02-11,SE,BARCELONA,Barcelones,3,1,0,0,2,1,0,0,0,0,1,0,0,100.0,0.0,0,-1,Carril bus,-1.0,3,3,0,0,0,0,0,0,0,0,0,0,0,1,5,3,1,Atropellament,2,2,2,5,-1,2,1,0.35,2,3,2,11,2
13160,2015,0,2015-11-06,BV-5116,GUALBA,Valles Oriental,3,0,1,0,1,0,0,0,1,0,0,0,0,50.0,0.0,0,2,No n'hi ha,-1.0,3,3,1,0,0,0,0,0,0,0,0,0,0,0,3,-1,1,Resta sortides de via,-1,1,2,4,0,2,0,22.11,2,1,4,6,11
13161,2015,0,2015-08-16,CR,"FAR D'EMPORDA, EL",Alt Emporda,1,0,1,0,1,0,0,1,0,0,0,0,0,100.0,0.0,0,2,No n'hi ha,-1.0,3,3,1,0,0,0,0,0,0,0,0,0,0,0,4,-1,1,Resta sortides de via,-1,1,2,0,3,2,0,17.57,1,1,6,16,8
13162,2015,1,2015-06-27,SE,"CABANYES, LES",Alt Penedes,3,0,1,0,1,0,0,0,0,1,0,0,0,20.0,0.0,0,-1,No n'hi ha,-1.0,3,3,1,0,0,0,0,0,0,0,0,0,0,0,4,-1,1,Resta sortides de via,-1,2,2,5,-1,2,0,9.14,0,1,5,27,6
13163,2015,0,2015-09-06,N-340a,REUS,Baix Camp,0,1,0,0,1,0,0,0,1,0,0,0,0,100.0,0.0,0,2,No n'hi ha,-1.0,3,3,0,0,0,0,0,0,0,0,0,0,0,1,3,5,1,Resta sortides de via,1,1,2,4,1,2,0,20.44,1,1,6,6,9
13164,2015,0,2015-06-26,C-12,AMPOSTA,Montsia,0,0,1,1,2,0,1,0,0,1,0,0,0,100.0,0.0,0,2,No n'hi ha,-1.0,3,3,1,0,0,0,0,0,0,0,0,0,0,1,4,4,1,Fregament o col·lisió lateral,2,1,2,4,2,2,1,12.23,0,2,4,26,6
13165,2015,0,2015-07-25,L-303,"PLANS DE SIO, ELS",Segarra,2,0,2,0,1,0,0,0,1,0,0,0,0,100.0,0.0,0,0,No n'hi ha,-1.0,3,3,1,0,0,0,0,0,0,0,0,0,0,0,4,-1,1,Caiguda en la via,-1,1,2,4,2,2,0,9.23,0,0,5,25,7
13166,2015,1,2015-08-09,SE,TORROELLA DE MONTGRI,Baix Emporda,1,0,1,0,1,0,1,0,0,0,0,0,0,20.0,0.0,0,-1,No n'hi ha,-1.0,3,3,1,-1,0,0,0,-1,0,0,0,0,0,0,4,-1,1,Xoc amb animal a la calçada,-1,2,2,5,-1,2,0,16.0,1,4,6,9,8
13167,2015,0,2015-10-06,C-31,SITGES,Garraf,3,1,0,0,1,0,0,0,0,1,0,0,0,50.0,0.0,0,2,No n'hi ha,-1.0,3,3,0,0,0,0,0,0,0,0,0,0,0,1,3,5,0,Resta sortides de via,0,1,2,4,3,2,1,22.54,2,1,1,6,10
13168,2015,0,2015-08-06,C-14,ARTESA DE SEGRE,Noguera,2,0,1,1,1,0,0,0,0,1,0,0,0,100.0,0.0,0,2,No n'hi ha,-1.0,3,3,1,0,0,0,0,0,0,0,0,0,0,0,4,-1,1,Resta sortides de via,-1,1,2,4,2,2,1,14.0,1,1,3,6,8
13169,2015,1,2015-02-02,SE,ARENYS DE MAR,Maresme,3,0,1,0,2,1,0,0,0,1,0,0,0,100.0,0.0,0,1,No n'hi ha,-1.0,3,3,1,0,0,0,0,0,0,0,0,0,1,2,4,-1,1,Atropellament,2,2,2,5,-1,2,1,14.4,1,3,0,2,2