,Year,Area,Date,Road,Municipality Name,County Name,Province Name,Fatalties,Serious Injuries,Light Injuries,Units Involved,Pedestrains Involved,Bicycles Involved,Mopeds Involved,Motorcycles,Light Vehicles Involved,Heavy Vehicles Involved,Other Units Involved,Unspecified Units Involved,Road Speed Limit,Accident with Hit and Run,Fog Presence,Surrounding Environment,Special Lane Presence,Special Traffic Measures,Weather Conditions,Special Road Functions,Severity of Accident,Influence of Fog,Influence of Environment,Influence of Traffic,Influence of Weather,Influence of Wind Intensity,Influence of Lighting,Influence of Special Measures,Influence of Road Objects,Influence of Road Surface,Influence of Visibility,Intersection Characteristics,Lighting Conditions,Traffic Regulation and Priority,Direction of Road,Subtype of Accident,Subtype of Road Section,Subzone within Area,Road Surface Conditions,Type of Road,Road Ownership,Wind Conditions,Day of the Week Grouping,Hour of Day,Time of Day Grouping,Type of Accident,Day Type,Day,Month
13170,2015,0,2015-05-30,BV-4031,"POBLA DE LILLET, LA",Bergueda,3,0,1,0,1,0,0,0,1,0,0,0,0,100.0,0.0,0,1,No n'hi ha,-1.0,3,3,1,0,0,0,0,0,0,0,0,1,0,0,4,-1,1,Caiguda en la via,-1,1,2,4,2,2,0,13.15,0,0,5,30,5
13171,2015,1,2015-01-26,C-1413a,RUBI,Valles Occidental,3,0,1,0,2,1,0,0,0,1,0,0,0,100.0,0.0,0,-1,No n'hi ha,-1.0,3,3,1,0,0,0,0,0,0,0,0,0,0,0,4,-1,-1,Atropellament,-1,0,2,4,-1,2,1,10.54,0,3,0,26,1
13172,2015,0,2015-01-01,AP-7,"AMETLLA DE MAR, L'",Baix Ebre,0,0,1,0,1,0,0,0,0,1,0,0,0,100.0,0.0,0,1,No n'hi ha,-1.0,3,3,1,0,0,0,0,0,0,0,0,0,0,0,4,-1,0,Resta sortides de via,-1,1,2,2,1,2,1,16.48,1,1,3,1,1
13173,2015,0,2015-10-18,N-II,PALAFOLLS,Maresme,3,0,1,2,1,0,0,0,0,1,0,0,0,60.0,0.0,0,1,No n'hi ha,-1.0,1,3,1,0,0,0,0,0,0,0,0,0,0,0,1,-1,1,Resta sortides de via,-1,1,2,4,1,2,0,6.33,0,1,6,18,10
13174,2015,0,2015-07-26,C-28,ALT ANEU,Pallars Sobira,2,0,1,1,1,0,0,0,1,0,0,0,0,100.0,0.0,0,1,No n'hi ha,0.0,3,3,1,0,0,0,0,0,0,0,0,0,0,0,4,-1,1,Caiguda en la via,-1,1,5,4,2,2,0,8.48,0,0,6,26,7
13175,2015,0,2015-09-24,L-511,ISONA I CONCA DELLA,Pallars Jussa,2,0,1,0,1,0,0,0,1,0,0,0,0,100.0,0.0,0,1,No n'hi ha,-1.0,3,3,1,0,0,0,0,0,0,0,0,0,0,0,4,-1,1,Caiguda en la via,-1,1,2,4,3,2,1,17.01,1,0,3,24,9
13176,2015,0,2015-06-12,L-401,ODEN,Solsones,2,0,1,0,1,0,0,0,1,0,0,0,0,90.0,0.0,0,-1,Sense Especificar,-1.0,3,3,1,0,0,0,0,0,0,0,0,0,0,0,4,-1,-1,Resta sortides de via,-1,1,2,4,4,2,1,14.3,1,1,4,12,6
13177,2015,0,2015-12-12,C-15z,"GRANADA, LA",Alt Penedes,3,0,1,0,1,0,1,0,0,0,0,0,0,100.0,0.0,0,2,No n'hi ha,-1.0,3,3,1,0,0,0,0,0,0,0,0,0,0,0,4,-1,1,Caiguda en la via,-1,1,2,4,2,2,0,13.1,0,0,5,12,12
13178,2015,1,2015-11-29,SE,LLINARS DEL VALLES,Valles Oriental,3,1,0,0,1,0,0,0,1,0,0,0,0,20.0,0.0,0,3,No n'hi ha,-1.0,3,3,0,-1,0,0,0,-1,0,0,0,0,0,0,5,-1,1,Xoc contra objecte/obstacle sense sortida prèvia de via,-1,2,2,5,0,2,0,21.3,1,4,6,29,11
13179,2015,1,2015-06-29,SE,RUBI,Valles Occidental,3,0,1,0,1,0,0,0,1,0,0,0,0,100.0,1.0,0,2,No n'hi ha,-1.0,3,3,1,0,0,0,0,0,0,0,0,0,0,0,4,-1,1,Envestida (frontal lateral),-1,2,2,5,-1,2,1,16.29,1,2,0,29,6
13180,2015,1,2015-12-26,SE,CASTELLDEFELS,Baix Llobregat,3,0,1,2,2,0,0,0,0,2,0,0,0,100.0,0.0,0,-1,No n'hi ha,-1.0,3,3,1,0,0,0,0,0,0,0,0,0,0,0,4,-1,-1,Altres,-1,2,2,5,-1,2,0,7.1,0,5,5,26,12
13181,2015,0,2015-07-06,C-563,JOSA I TUIXEN,Alt Urgell,2,0,1,0,1,0,0,0,0,1,0,0,0,40.0,0.0,0,1,No n'hi ha,-1.0,3,3,1,0,0,0,0,0,0,0,0,0,0,0,4,-1,1,Resta sortides de via,-1,1,2,4,2,2,1,15.55,1,1,0,6,7
13182,2015,0,2015-06-12,C-32,CORNELLA DE LLOBREGAT,Baix Llobregat,3,0,1,0,2,0,0,0,1,1,0,0,0,80.0,0.0,0,2,No n'hi ha,-1.0,3,3,1,0,0,0,0,0,0,0,0,0,0,1,4,4,0,Encalç,3,1,2,2,2,2,0,15.16,1,2,4,12,6
13183,2015,1,2015-06-18,SE,CASTELLDEFELS,Baix Llobregat,3,0,1,0,2,0,0,0,1,1,0,0,0,100.0,0.0,0,-1,No n'hi ha,-1.0,3,3,1,0,0,0,0,0,0,0,0,0,0,0,4,-1,-1,Fregament o col·lisió lateral,-1,2,2,5,-1,2,1,22.3,2,2,3,18,6
13184,2015,0,2015-08-04,L-800,ALCARRAS,Segria,2,0,1,2,2,0,0,0,0,1,1,0,0,100.0,0.0,0,2,No n'hi ha,-1.0,3,3,1,0,0,0,0,0,0,0,0,0,0,1,4,4,1,Altres,0,1,2,4,2,2,1,21.21,1,5,1,4,8
13185,2015,1,2015-03-06,SE,SANTA EULALIA DE RON,Valles Oriental,3,0,1,0,1,0,0,0,1,0,0,0,0,20.0,0.0,0,-1,No n'hi ha,-1.0,3,3,1,-1,-1,0,0,-1,0,0,0,0,0,0,4,-1,-1,Sortida de via amb bolcada,-1,2,2,5,-1,2,1,14.3,1,1,4,6,3
13186,2015,0,2015-05-29,CR,SEROS,Segria,2,1,0,0,1,0,0,0,0,1,0,0,0,100.0,0.0,0,0,No n'hi ha,-1.0,3,3,0,0,0,0,0,0,0,0,0,0,0,0,4,-1,1,Resta sortides de via,-1,1,0,0,4,2,0,18.32,1,1,4,29,5
13187,2015,0,2015-03-08,B-124,MONISTROL DE CALDERS,Moianès,3,0,1,0,1,0,0,0,1,0,0,0,0,100.0,0.0,0,1,No n'hi ha,-1.0,3,3,1,0,0,0,0,0,0,0,0,0,0,0,4,-1,1,Caiguda en la via,-1,1,2,4,3,2,0,11.07,0,0,6,8,3
13188,2015,0,2015-05-11,GI-643,GUALTA,Baix Emporda,1,0,1,0,1,0,0,0,0,1,0,0,0,100.0,0.0,0,2,No n'hi ha,-1.0,3,3,1,0,0,0,0,0,0,0,0,0,0,0,4,-1,1,Resta sortides de via,-1,1,2,4,3,2,1,14.37,1,1,0,11,5
13189,2015,0,2015-04-16,C-55,SANT JOAN DE VILATOR,Bages,3,0,1,0,1,0,0,0,0,1,0,0,0,60.0,0.0,0,3,No n'hi ha,-1.0,3,3,1,0,0,0,0,0,0,0,0,0,0,0,2,-1,1,Resta sortides de via,-1,1,2,4,2,2,1,11.2,0,1,3,16,4
13190,2015,0,2015-04-05,L-504,VALL DE CARDOS,Pallars Sobira,2,0,1,1,2,0,0,0,0,2,0,0,0,100.0,0.0,0,1,No n'hi ha,-1.0,3,3,1,0,0,0,0,0,0,0,0,0,0,0,3,-1,1,Encalç,-1,1,2,4,3,2,0,0.1,2,2,6,5,4
13191,2015,0,2015-07-23,B-10,HOSPITALET DE LLOBREGAT,Barcelones,3,0,1,0,1,0,0,0,1,0,0,0,0,50.0,0.0,0,2,No n'hi ha,-1.0,3,3,1,0,0,0,0,0,0,0,0,0,0,1,4,4,0,Xoc contra objecte/obstacle sense sortida prèvia de via,3,1,2,1,3,2,1,6.37,0,4,3,23,7
13192,2015,1,2015-08-16,SE,SANTA EUGENIA DE BER,Osona,3,1,0,0,2,1,0,0,0,0,1,0,0,100.0,0.0,0,2,No n'hi ha,-1.0,3,3,0,0,0,0,0,0,0,0,0,0,0,0,4,-1,1,Atropellament,-1,2,2,5,-1,2,0,18.18,1,3,6,16,8
13193,2015,1,2015-12-11,SE,GIRONA,Girones,1,0,1,0,2,1,0,0,0,1,0,0,0,30.0,0.0,0,2,No n'hi ha,-1.0,3,3,1,0,0,0,0,0,0,0,0,0,0,0,4,-1,1,Atropellament,-1,2,2,5,-1,2,1,14.54,1,3,4,11,12
13194,2015,1,2015-05-15,SE,BARCELONA,Barcelones,3,0,1,0,2,0,0,0,1,1,0,0,0,100.0,0.0,0,-1,No n'hi ha,-1.0,3,3,1,0,0,0,0,0,0,0,0,0,0,1,4,2,1,Col·lisió frontal,1,2,2,5,-1,2,1,14.33,1,2,4,15,5
13195,2015,1,2015-03-19,SE,ROSES,Alt Emporda,1,0,1,0,1,0,0,0,1,0,0,0,0,20.0,0.0,0,-1,No n'hi ha,-1.0,3,3,1,-1,1,0,0,-1,0,0,1,0,0,0,5,-1,1,Xoc contra objecte/obstacle sense sortida prèvia de via,-1,2,2,5,-1,2,1,20.3,1,4,3,19,3
13196,2015,0,2015-02-15,A-2,BELL-LLOC D'URGELL,Pla d'Urgell,2,1,0,0,1,0,0,0,0,1,0,0,0,100.0,0.0,0,1,No n'hi ha,-1.0,3,3,0,0,0,0,0,0,0,0,0,0,0,0,1,-1,1,Resta sortides de via,-1,1,2,1,1,2,0,8.03,0,1,6,15,2
13197,2015,0,2015-01-21,GIV-5234,BEUDA,Garrotxa,1,0,1,0,1,0,0,1,0,0,0,0,0,100.0,0.0,0,2,No n'hi ha,-1.0,3,3,1,0,0,0,0,0,0,0,0,0,0,0,3,-1,1,Caiguda en la via,-1,1,2,4,2,2,1,19.29,1,0,2,21,1
13198,2015,1,2015-11-19,SE,BARCELONA,Barcelones,3,0,1,0,1,0,0,0,0,0,1,0,0,100.0,0.0,0,-1,No n'hi ha,-1.0,3,3,1,0,0,0,0,0,0,0,0,0,0,0,4,-1,0,Caiguda en la via,-1,2,2,5,-1,2,1,16.2,1,0,3,19,11
13199,2015,0,2015-10-07,C-1415c,ARGENTONA,Maresme,3,0,1,0,1,0,0,0,1,0,0,0,0,100.0,0.0,0,1,No n'hi ha,-1.0,3,3,1,0,0,0,0,0,0,0,0,0,0,0,3,-1,1,Xoc contra objecte/obstacle sense sortida prèvia de via,-1,1,2,4,3,2,1,6.25,0,4,2,7,10
13200,2015,1,2015-08-24,SE,BARCELONA,Barcelones,3,0,1,0,2,0,0,0,1,1,0,0,0,100.0,0.0,0,-1,No n'hi ha,-1.0,3,3,1,0,0,0,0,0,0,0,0,0,0,1,5,3,0,Fregament o col·lisió lateral,2,2,2,5,-1,2,1,20.2,1,2,0,24,8
13201,2015,0,2015-07-22,L-504,LLADORRE,Pallars Sobira,2,1,0,0,1,0,0,0,1,0,0,0,0,100.0,0.0,0,1,No n'hi ha,-1.0,3,3,0,0,0,0,0,0,0,0,0,0,0,0,4,-1,1,Caiguda en la via,-1,1,2,4,3,2,1,12.16,0,0,2,22,7
13202,2015,1,2015-07-18,SE,SANT BOI DE LLOBREGAT,Baix Llobregat,3,0,1,0,1,0,0,0,1,0,0,0,0,20.0,0.0,0,-1,No n'hi ha,-1.0,3,3,1,-1,-1,0,0,-1,0,0,0,0,-1,0,4,-1,1,Caiguda en la via,-1,2,2,5,-1,2,0,8.07,0,0,5,18,7
13203,2015,0,2015-01-13,C-245,CORNELLA DE LLOBREGAT,Baix Llobregat,3,0,1,0,1,0,0,0,1,0,0,0,0,80.0,0.0,0,2,No n'hi ha,-1.0,3,3,1,0,0,0,0,0,0,0,0,0,0,0,4,-1,0,Caiguda en la via,-1,1,2,4,1,2,1,10.23,0,0,1,13,1
13204,2015,0,2015-05-13,CR,PACS DEL PENEDES,Alt Penedes,3,0,1,0,1,0,1,0,0,0,0,0,0,40.0,0.0,0,2,No n'hi ha,-1.0,3,3,1,0,0,0,0,0,0,0,0,0,0,0,4,-1,1,Caiguda en la via,-1,1,2,0,0,2,1,7.5,0,0,2,13,5
13205,2015,0,2015-05-16,T-313,DUESAIG?ES,Baix Camp,0,0,1,0,1,0,0,0,1,0,0,0,0,100.0,0.0,0,1,No n'hi ha,-1.0,3,3,1,0,0,0,0,0,0,0,0,0,0,0,4,-1,1,Resta sortides de via,-1,1,2,4,3,2,0,12.5,0,1,5,16,5
13206,2015,1,2015-03-09,SE,TARRAGONA,Tarragones,0,0,1,0,1,0,0,0,1,0,0,0,0,40.0,0.0,0,2,No n'hi ha,-1.0,3,3,1,0,0,0,0,0,0,0,0,0,0,2,5,-1,1,Caiguda en la via,0,2,2,5,-1,2,1,23.3,2,0,0,9,3
13207,2015,0,2015-11-28,N-141c,MUNTANYOLA,Osona,3,0,1,0,1,0,0,0,0,1,0,0,0,100.0,0.0,0,1,No n'hi ha,-1.0,3,3,1,0,0,0,0,0,0,0,0,0,0,0,1,-1,1,Resta sortides de via,-1,1,2,4,2,2,0,15.52,1,1,5,28,11
13208,2015,1,2015-11-05,SE,LLICA DE VALL,Valles Oriental,3,0,1,0,1,0,0,0,0,1,0,0,0,100.0,0.0,0,2,No n'hi ha,-1.0,3,3,1,0,0,0,0,0,0,0,0,0,0,0,5,-1,0,Resta sortides de via,-1,2,2,5,-1,2,1,2.45,2,1,3,5,11
13210,2015,0,2015-12-06,C-14,BASSELLA,Alt Urgell,2,0,1,0,1,0,0,0,0,1,0,0,0,100.0,0.0,0,1,No n'hi ha,-1.0,3,3,1,0,0,0,0,0,0,0,0,0,0,0,3,-1,1,Resta sortides de via,-1,1,2,4,2,2,0,20.35,1,1,6,6,12
13211,2015,0,2015-05-17,C-14,TARREGA,Urgell,2,0,1,0,1,0,0,0,1,0,0,0,0,100.0,0.0,0,1,No n'hi ha,-1.0,3,3,1,0,0,0,0,0,0,0,0,0,0,0,4,-1,1,Caiguda en la via,-1,1,2,4,2,2,0,18.56,1,0,6,17,5
13212,2015,0,2015-03-02,BV-1418,BARCELONA,Barcelones,3,0,2,2,1,0,0,0,0,1,0,0,0,30.0,0.0,0,-1,No n'hi ha,-1.0,3,3,1,0,0,0,0,0,1,0,0,0,0,1,3,4,1,Resta sortides de via,0,1,2,4,-1,2,1,0.1,2,1,0,2,3
13213,2015,1,2015-11-05,SE,"MASNOU, EL",Maresme,3,0,1,0,1,0,1,0,0,0,0,0,0,20.0,0.0,0,3,No n'hi ha,-1.0,3,3,1,-1,0,0,0,-1,0,0,0,0,-1,0,4,-1,1,Caiguda en la via,-1,2,2,5,-1,2,1,13.58,0,0,3,5,11
13214,2015,1,2015-12-20,SE,SABADELL,Valles Occidental,3,0,1,0,1,0,0,1,0,0,0,0,0,100.0,0.0,0,-1,No n'hi ha,-1.0,3,3,1,0,0,0,0,0,0,0,0,0,0,0,4,-1,-1,Caiguda en la via,-1,2,2,5,-1,2,0,20.39,1,0,6,20,12
13215,2015,0,2015-10-27,GI-644,SERRA DE DARO,Baix Emporda,1,0,1,0,1,0,0,0,0,0,1,0,0,100.0,0.0,0,2,No n'hi ha,-1.0,3,3,1,0,0,0,0,0,0,0,0,0,0,0,4,-1,1,Resta sortides de via,-1,1,2,4,0,2,1,11.48,0,1,1,27,10
13216,2015,1,2015-12-24,SE,CAMBRILS,Baix Camp,0,0,1,0,1,0,1,0,0,0,0,0,0,100.0,0.0,0,-1,No n'hi ha,-1.0,3,3,1,0,0,0,0,0,0,0,0,0,0,0,4,-1,-1,Xoc amb animal a la calçada,-1,2,2,5,-1,2,1,11.0,0,4,3,24,12
13217,2015,1,2015-08-07,SE,HOSPITALET DE LLOBREGAT,Barcelones,3,0,1,0,1,0,0,0,1,0,0,0,0,20.0,0.0,0,-1,No n'hi ha,-1.0,3,3,1,0,0,0,0,0,0,0,0,0,0,0,4,-1,-1,Xoc contra objecte/obstacle sense sortida prèvia de via,-1,2,2,5,-1,2,0,15.2,1,4,4,7,8
13218,2015,1,2015-08-06,SE,RIELLS I VIABREA,Selva,1,0,1,0,1,0,0,0,1,0,0,0,0,100.0,0.0,0,3,No n'hi ha,-1.0,3,3,1,0,0,0,0,0,0,0,0,0,0,0,4,-1,1,Resta sortides de via,-1,2,3,5,-1,2,1,7.45,0,1,3,6,8
13219,2015,0,2015-10-21,N-152a,GRANOLLERS,Valles Oriental,3,0,1,0,1,0,0,0,1,0,0,0,0,60.0,0.0,0,2,No n'hi ha,-1.0,3,3,1,0,0,0,0,0,0,0,0,0,0,0,4,-1,1,Caiguda en la via,-1,1,2,4,2,2,1,16.43,1,0,2,21,10
13220,2015,0,2015-04-02,B-22,"PRAT DE LLOBREGAT, E",Baix Llobregat,3,0,1,0,1,0,0,0,1,0,0,0,0,80.0,0.0,0,2,No n'hi ha,-1.0,3,3,1,0,0,0,0,0,0,0,0,0,0,0,4,-1,0,Caiguda en la via,-1,1,2,1,1,2,1,16.21,1,0,3,2,4
13221,2015,0,2015-03-01,T-333,PRAT DE COMTE,Terra Alta,0,0,1,0,1,0,0,0,1,0,0,0,0,50.0,0.0,0,3,No n'hi ha,-1.0,3,3,1,0,0,0,0,0,0,0,0,0,0,0,4,-1,1,Caiguda en la via,-1,1,2,4,2,2,0,12.2,0,0,6,1,3
13222,2015,0,2015-04-12,BV-4655,MONTESQUIU,Osona,3,1,0,0,1,0,0,0,0,0,1,0,0,40.0,0.0,0,2,No n'hi ha,-1.0,3,3,0,0,0,0,0,0,0,0,0,0,0,1,4,5,0,Altres,0,1,2,4,2,2,0,18.48,1,5,6,12,4
13223,2015,1,2015-03-31,SE,DELTEBRE,Baix Ebre,0,0,1,2,1,0,0,0,0,1,0,0,0,100.0,0.0,0,2,No n'hi ha,-1.0,3,3,1,0,0,0,0,0,0,0,0,0,0,0,4,-1,1,Xoc contra objecte/obstacle sense sortida prèvia de via,-1,2,2,5,-1,2,1,19.0,1,4,1,31,3
13224,2015,1,2015-08-25,SE,LLEIDA,Segria,2,0,1,0,1,0,0,0,1,0,0,0,0,100.0,0.0,0,-1,No n'hi ha,-1.0,3,3,1,0,0,0,0,0,0,0,0,0,0,0,4,-1,-1,Resta sortides de via,-1,2,2,5,-1,2,1,13.3,0,1,1,25,8
13225,2015,0,2015-09-20,T-713,MARGALEF,Priorat,0,0,1,0,1,0,0,0,1,0,0,0,0,90.0,0.0,0,-1,Sense Especificar,-1.0,3,3,1,0,0,0,0,0,0,0,0,0,0,0,4,-1,-1,Resta sortides de via,-1,1,2,4,4,2,0,10.2,0,1,6,20,9
13226,2015,0,2015-11-08,GIV-5247,PORQUERES,Pla de l'Estany,1,0,1,1,1,0,0,0,1,0,0,0,0,100.0,0.0,0,2,No n'hi ha,-1.0,3,3,1,0,0,0,0,0,0,0,0,0,0,1,4,4,1,Xoc contra objecte/obstacle sense sortida prèvia de via,1,1,2,4,0,2,0,13.41,0,4,6,8,11
13227,2015,1,2015-06-01,N-II,CALELLA,Maresme,3,0,1,0,2,0,0,0,1,1,0,0,0,90.0,0.0,0,2,No n'hi ha,-1.0,3,3,1,-1,0,1,0,-1,0,0,0,0,0,0,4,-1,1,Encalç,-1,0,2,4,-1,2,1,8.1,0,2,0,1,6
13228,2015,0,2015-04-03,LV-7031,"BORGES BLANQUES, LES",Garrigues,2,0,1,1,1,0,0,0,1,0,0,0,0,100.0,0.0,0,3,No n'hi ha,-1.0,3,3,1,0,0,0,0,0,0,0,0,0,0,0,4,-1,1,Resta sortides de via,-1,1,2,4,3,2,1,12.51,0,1,4,3,4
13229,2015,1,2015-03-18,SE,PALS,Baix Emporda,1,0,1,0,1,0,0,1,0,0,0,0,0,20.0,0.0,0,2,No n'hi ha,-1.0,1,3,1,-1,0,0,0,-1,0,0,0,0,0,0,2,-1,1,Xoc contra objecte/obstacle sense sortida prèvia de via,-1,2,0,5,-1,2,1,18.31,1,4,2,18,3
13230,2015,0,2015-05-03,GI-682,TOSSA DE MAR,Selva,1,0,1,0,1,0,0,0,1,0,0,0,0,100.0,0.0,0,1,No n'hi ha,-1.0,3,3,1,0,0,0,0,0,0,0,0,0,0,0,4,-1,1,Resta sortides de via,-1,1,2,4,2,2,0,19.43,1,1,6,3,5
13231,2015,0,2015-11-07,C-62,ORISTA,Osona,3,0,1,0,1,0,0,0,1,0,0,0,0,90.0,0.0,0,-1,Sense Especificar,-1.0,3,3,1,0,0,0,0,0,0,0,0,0,0,0,4,-1,-1,Resta sortides de via,-1,1,2,4,4,2,0,7.23,0,1,5,7,11
13232,2015,0,2015-06-25,C-14,BASSELLA,Alt Urgell,2,1,0,0,1,0,0,0,1,0,0,0,0,100.0,0.0,0,1,No n'hi ha,-1.0,3,3,0,0,0,0,0,0,0,0,0,0,0,0,4,-1,1,Caiguda en la via,-1,1,2,4,2,2,1,18.29,1,0,3,25,6
13233,2015,1,2015-08-31,SE,RIPOLLET,Valles Occidental,3,0,1,0,1,0,0,0,1,0,0,0,0,20.0,0.0,0,0,No n'hi ha,-1.0,3,3,1,0,0,0,0,0,0,0,0,0,0,0,4,-1,1,Caiguda en la via,-1,2,2,5,-1,2,1,16.35,1,0,0,31,8
13234,2015,1,2015-06-30,SE,BARCELONA,Barcelones,3,0,1,0,1,0,0,0,1,0,0,0,0,100.0,0.0,0,-1,No n'hi ha,-1.0,3,3,1,0,0,0,0,0,0,0,0,0,0,0,5,-1,0,Xoc contra objecte/obstacle sense sortida prèvia de via,-1,2,2,5,-1,2,1,5.4,2,4,1,30,6
13235,2015,1,2015-06-30,SE,SABADELL,Valles Occidental,3,0,1,0,1,0,0,0,1,0,0,0,0,100.0,0.0,0,2,No n'hi ha,-1.0,3,3,1,0,0,0,0,0,0,0,0,0,0,0,4,-1,1,Xoc contra objecte/obstacle sense sortida prèvia de via,-1,2,3,5,-1,2,1,15.0,1,4,1,30,6
13236,2015,0,2015-10-16,B-120,VILADECAVALLS,Valles Occidental,3,0,1,0,1,0,0,0,1,0,0,0,0,100.0,0.0,0,2,No n'hi ha,-1.0,3,3,1,0,0,0,0,0,0,0,0,0,0,0,1,-1,1,Caiguda en la via,-1,1,2,4,3,2,0,20.22,1,0,4,16,10
13237,2015,0,2015-07-28,SE,"QUAR, LA",Bergueda,3,0,2,0,1,0,0,0,0,1,0,0,0,100.0,0.0,0,1,No n'hi ha,-1.0,3,3,1,0,0,0,0,0,0,0,0,0,0,0,4,-1,1,Resta sortides de via,-1,1,0,0,0,2,1,14.02,1,1,1,28,7
13238,2016,1,2016-12-19,SE,SANT JOAN DESPI,Baix Llobregat,3,0,1,0,1,0,0,1,0,0,0,0,0,100.0,0.0,0,2,No n'hi ha,-1.0,1,3,1,0,0,0,1,0,0,0,0,0,0,2,2,-1,0,Caiguda en la via,2,2,2,5,-1,2,1,16.0,1,0,0,19,12
13239,2016,0,2016-01-10,N-141C,COLLSUSPINA,Moianès,3,0,1,0,1,0,0,0,1,0,0,0,0,60.0,0.0,0,1,No n'hi ha,-1.0,3,3,1,0,0,0,0,0,0,0,0,0,0,0,4,-1,1,Caiguda en la via,-1,1,2,4,2,0,0,11.15,0,0,6,10,1
13240,2016,1,2016-01-02,SE,TERRASSA,Valles Occidental,3,0,1,0,2,1,0,0,0,1,0,0,0,100.0,0.0,0,-1,No n'hi ha,-1.0,3,3,1,0,0,0,0,0,0,0,0,0,0,0,4,-1,-1,Atropellament,-1,2,2,5,-1,2,0,10.45,0,3,5,2,1
13241,2016,1,2016-02-13,SE,BARCELONA,Barcelones,3,0,1,0,1,0,0,0,0,1,0,0,0,100.0,0.0,0,-1,Carril bus,-1.0,3,3,1,0,0,0,0,0,0,0,0,0,0,0,5,-1,1,Xoc contra objecte/obstacle sense sortida prèvia de via,-1,2,2,5,-1,2,0,5.3,2,4,5,13,2
13242,2016,1,2016-12-29,B-431,AVINYO,Bages,3,0,1,0,2,1,0,0,0,1,0,0,0,100.0,0.0,0,2,No n'hi ha,-1.0,3,3,1,0,0,0,0,0,0,0,0,0,0,0,5,-1,1,Atropellament,-1,0,2,4,0,2,1,19.03,1,3,3,29,12
13243,2016,1,2016-04-10,SE,OLERDOLA,Alt Penedes,3,0,1,0,1,0,1,0,0,0,0,0,0,100.0,0.0,0,2,No n'hi ha,-1.0,3,3,1,0,0,0,0,0,0,0,0,0,0,0,4,-1,0,Caiguda en la via,-1,2,2,5,-1,2,0,9.59,0,0,6,10,4
13244,2016,0,2016-11-24,LV-9047,OS DE BALAGUER,Noguera,2,0,1,1,1,0,0,0,0,0,0,1,0,100.0,0.0,0,1,No n'hi ha,-1.0,3,3,1,0,0,0,0,0,0,0,0,0,0,0,0,-1,1,Resta sortides de via,-1,1,1,4,2,2,1,18.53,1,1,3,24,11
13245,2016,1,2016-10-16,SE,LLICA DE VALL,Valles Oriental,3,0,1,0,1,0,0,0,0,1,0,0,0,20.0,0.0,0,2,No n'hi ha,-1.0,3,3,1,-1,0,0,0,-1,0,0,0,0,-1,0,4,-1,1,Xoc contra objecte/obstacle sense sortida prèvia de via,-1,2,2,5,-1,2,0,11.4,0,4,6,16,10
13246,2016,0,2016-05-03,GI-682,BLANES,Selva,1,1,0,11,2,0,0,0,0,1,1,0,0,90.0,0.0,0,2,No n'hi ha,-1.0,3,3,0,-1,0,0,0,-1,0,0,0,0,-1,0,4,-1,1,Col·lisió frontal,-1,1,2,4,3,2,1,14.01,1,2,1,3,5
13247,2016,1,2016-07-26,SE,GRANOLLERS,Valles Oriental,3,0,1,0,1,0,1,0,0,0,0,0,0,100.0,0.0,0,-1,No n'hi ha,-1.0,3,3,1,0,0,0,0,0,0,0,0,0,0,0,4,-1,-1,Altres,-1,2,2,5,-1,2,1,19.0,1,5,1,26,7
13248,2016,1,2016-04-13,SE,VILANOVA I LA GELTRU,Garraf,3,0,1,0,2,0,1,0,0,1,0,0,0,100.0,0.0,0,2,No n'hi ha,-1.0,3,3,1,0,0,0,0,0,0,0,0,0,0,0,4,-1,1,Envestida (frontal lateral),-1,2,2,5,-1,2,1,16.0,1,2,2,13,4
13249,2016,1,2016-03-03,SE,PALLEJA,Baix Llobregat,3,0,1,0,1,0,1,0,0,0,0,0,0,100.0,0.0,0,2,No n'hi ha,-1.0,3,3,1,0,0,0,0,0,0,0,0,0,0,0,5,-1,0,Caiguda en la via,-1,2,2,5,-1,1,1,19.43,1,0,3,3,3
13250,2016,0,2016-09-30,GI-555,SILS,Selva,1,1,0,0,1,0,0,0,0,1,0,0,0,100.0,0.0,0,1,No n'hi ha,-1.0,3,3,0,0,0,0,0,0,0,0,0,0,0,0,4,-1,1,Resta sortides de via,-1,1,2,4,2,2,0,18.44,1,1,4,30,9
13251,2016,1,2016-02-16,SE,SABADELL,Valles Occidental,3,0,1,0,1,0,0,0,1,0,0,0,0,100.0,1.0,0,2,No n'hi ha,-1.0,3,3,1,0,0,0,0,0,0,0,0,0,0,2,4,0,0,Fregament o col·lisió lateral,3,2,2,5,0,2,1,10.58,0,2,1,16,2
13252,2016,1,2016-05-16,SE,TORDERA,Maresme,3,0,2,0,1,0,0,0,1,0,0,0,0,100.0,0.0,0,2,No n'hi ha,-1.0,3,3,1,0,0,0,0,0,0,0,0,0,0,0,4,-1,1,Sortida de via amb xoc o col·lisió,-1,2,2,5,-1,2,1,19.55,1,1,0,16,5