,Year,Area,Date,Road,Municipality Name,County Name,Province Name,Fatalties,Serious Injuries,Light Injuries,Units Involved,Pedestrains Involved,Bicycles Involved,Mopeds Involved,Motorcycles,Light Vehicles Involved,Heavy Vehicles Involved,Other Units Involved,Unspecified Units Involved,Road Speed Limit,Accident with Hit and Run,Fog Presence,Surrounding Environment,Special Lane Presence,Special Traffic Measures,Weather Conditions,Special Road Functions,Severity of Accident,Influence of Fog,Influence of Environment,Influence of Traffic,Influence of Weather,Influence of Wind Intensity,Influence of Lighting,Influence of Special Measures,Influence of Road Objects,Influence of Road Surface,Influence of Visibility,Intersection Characteristics,Lighting Conditions,Traffic Regulation and Priority,Direction of Road,Subtype of Accident,Subtype of Road Section,Subzone within Area,Road Surface Conditions,Type of Road,Road Ownership,Wind Conditions,Day of the Week Grouping,Hour of Day,Time of Day Grouping,Type of Accident,Day Type,Day,Month
13253,2016,0,2016-08-14,C-1311,TREMP,Pallars Jussa,2,0,1,0,1,0,0,0,1,0,0,0,0,100.0,0.0,0,1,No n'hi ha,-1.0,3,3,1,0,0,0,0,0,0,0,0,0,0,0,4,-1,1,Caiguda en la via,-1,1,2,4,2,2,0,19.1,1,0,6,14,8
13254,2016,1,2016-11-26,SE,MATARO,Maresme,3,0,1,0,1,0,0,0,1,0,0,0,0,20.0,0.0,0,-1,No n'hi ha,-1.0,1,3,1,-1,-1,0,0,-1,0,0,0,0,-1,0,5,-1,-1,Caiguda en la via,-1,2,0,5,-1,2,0,19.38,1,0,5,26,11
13255,2016,1,2016-09-14,SE,MOLLET DEL VALLES,Valles Oriental,3,0,1,0,1,0,1,0,0,0,0,0,0,20.0,0.0,0,2,No n'hi ha,-1.0,3,3,1,0,0,0,0,0,0,0,0,0,0,2,4,3,1,Caiguda en la via,0,2,2,5,-1,2,1,12.3,0,0,2,14,9
13256,2016,1,2016-02-01,SE,CASTELL-PLATJA D'ARO,Baix Emporda,1,1,0,0,1,0,0,0,0,0,0,1,0,30.0,0.0,0,0,No n'hi ha,-1.0,3,3,0,0,0,0,0,0,0,0,0,0,0,2,4,-1,1,Resta sortides de via,2,2,2,5,-1,2,1,8.2,0,1,0,1,2
13257,2016,0,2016-07-22,C-31C,"PRAT DE LLOBREGAT, E",Baix Llobregat,3,0,1,0,1,0,0,0,1,0,0,0,0,100.0,0.0,0,2,No n'hi ha,-1.0,1,3,1,0,0,0,1,0,0,0,0,0,0,0,2,-1,0,Caiguda en la via,-1,1,2,4,2,2,0,19.55,1,0,4,22,7
13258,2016,0,2016-07-29,C-26,CUBELLS,Noguera,2,0,1,0,1,0,0,0,0,1,0,0,0,90.0,0.0,0,-1,Sense Especificar,-1.0,3,3,1,0,0,0,0,0,0,0,0,0,0,0,4,-1,-1,Resta sortides de via,-1,1,2,4,4,2,1,9.05,0,1,4,29,7
13259,2016,0,2016-10-20,C-37,VALLS,Alt Camp,0,1,0,1,1,0,0,0,0,1,0,0,0,100.0,0.0,0,1,No n'hi ha,-1.0,3,3,0,0,0,0,0,0,0,0,0,0,0,0,4,-1,1,Resta sortides de via,-1,1,2,4,2,2,1,14.5,1,1,3,20,10
13260,2016,1,2016-08-26,SE,MALGRAT DE MAR,Maresme,3,0,1,0,1,0,0,1,0,0,0,0,0,20.0,0.0,0,-1,No n'hi ha,-1.0,3,3,1,0,0,0,0,0,0,0,0,0,0,0,3,-1,1,Sortida de via amb xoc o col·lisió,-1,2,2,5,-1,2,0,23.14,2,1,4,26,8
13261,2016,0,2016-10-22,BV-5114,ARBUCIES,Selva,1,0,1,0,1,0,0,0,0,1,0,0,0,100.0,0.0,1,3,No n'hi ha,-1.0,3,3,1,0,0,0,0,0,0,0,0,0,0,0,2,-1,1,Resta sortides de via,-1,1,2,4,2,2,0,14.58,1,1,5,22,10
13262,2016,0,2016-07-27,C-25,CALONGE DE SEGARRA,Anoia,3,1,0,0,1,0,0,0,0,0,1,0,0,100.0,0.0,0,0,No n'hi ha,-1.0,3,3,0,0,0,0,0,0,0,0,0,0,0,0,1,-1,0,Resta sortides de via,-1,1,2,4,2,2,1,21.27,1,1,2,27,7
13263,2016,1,2016-04-07,SE,SANT BOI DE LLOBREGAT,Baix Llobregat,3,0,1,0,1,0,0,0,1,0,0,0,0,50.0,0.0,0,2,No n'hi ha,-1.0,3,3,1,-1,0,0,0,-1,0,0,0,0,0,0,4,-1,1,Caiguda en la via,-1,2,2,5,-1,2,1,8.11,0,0,3,7,4
13264,2016,0,2016-03-13,BV-5301,"BRULL, EL",Osona,3,0,1,0,1,0,1,0,0,0,0,0,0,100.0,0.0,0,3,No n'hi ha,-1.0,3,3,1,0,0,0,0,0,0,0,0,0,0,0,4,-1,1,Resta sortides de via,-1,1,2,4,2,2,0,16.5,1,1,6,13,3
13265,2016,0,2016-02-18,C-37,MANRESA,Bages,3,0,1,0,1,0,0,0,0,1,0,0,0,50.0,0.0,0,2,No n'hi ha,-1.0,3,3,1,0,0,0,0,0,0,0,0,0,0,0,4,-1,1,Xoc contra objecte/obstacle sense sortida prèvia de via,-1,1,2,4,2,2,1,14.3,1,4,3,18,2
13266,2016,1,2016-05-22,SE,"BARONIA DE RIALB, LA",Noguera,2,0,1,0,1,0,0,0,1,0,0,0,0,20.0,0.0,0,-1,Sense Especificar,-1.0,3,3,1,0,0,0,0,0,0,0,0,0,0,0,4,-1,-1,Resta sortides de via,-1,2,2,5,-1,2,0,13.48,0,1,6,22,5
13267,2016,0,2016-05-25,GI-682,BLANES,Selva,1,0,1,0,1,0,0,0,1,0,0,0,0,40.0,0.0,0,2,No n'hi ha,-1.0,3,3,1,-1,0,0,0,-1,0,0,0,0,-1,1,5,4,1,Sortida de via amb bolcada,0,1,2,4,2,2,1,1.21,2,1,2,25,5
13268,2016,1,2016-07-01,SE,CASTELLVI DE LA MARC,Alt Penedes,3,0,1,0,1,0,0,0,0,0,0,1,0,100.0,0.0,0,2,No n'hi ha,-1.0,3,3,1,0,0,0,0,0,0,0,0,0,0,1,5,2,1,Xoc contra objecte/obstacle sense sortida prèvia de via,1,2,2,5,-1,2,1,1.01,2,4,4,1,7
13269,2016,0,2016-10-01,C-1412b,"BARONIA DE RIALB, LA",Noguera,2,0,1,0,1,0,0,0,1,0,0,0,0,90.0,0.0,0,-1,Sense Especificar,-1.0,3,3,1,0,0,0,0,0,0,0,0,0,0,0,4,-1,-1,Resta sortides de via,-1,1,2,4,4,2,0,12.5,0,1,5,1,10
13270,2016,1,2016-05-09,SE,MOLLET DEL VALLES,Valles Oriental,3,0,1,0,2,0,0,0,1,1,0,0,0,100.0,0.0,0,2,No n'hi ha,-1.0,1,3,1,0,0,0,0,0,0,0,0,0,0,1,4,4,0,Envestida (frontal lateral),2,2,2,5,-1,2,1,9.15,0,2,0,9,5
13271,2016,0,2016-11-19,GIV-5201,ARBUCIES,Selva,1,0,1,0,1,0,0,0,1,0,0,0,0,100.0,0.0,0,1,No n'hi ha,-1.0,3,3,1,0,0,0,0,0,0,0,0,0,0,0,4,-1,1,Resta sortides de via,-1,1,2,4,3,2,0,11.29,0,1,5,19,11
13272,2016,0,2016-10-30,BV-4131,"ESPUNYOLA, L'",Bergueda,3,0,1,0,1,0,0,0,1,0,0,0,0,90.0,0.0,0,-1,Sense Especificar,-1.0,3,3,1,0,0,0,0,0,0,0,0,0,0,0,4,-1,-1,Altres,-1,1,2,4,4,2,0,12.1,0,5,6,30,10
13273,2016,0,2016-08-27,C-65,CASSA DE LA SELVA,Girones,1,0,1,4,2,0,0,0,0,2,0,0,0,100.0,0.0,0,2,No n'hi ha,-1.0,3,3,1,0,0,0,0,0,0,0,0,0,0,0,3,-1,1,Col·lisió frontal,-1,1,2,4,2,2,0,0.5,2,2,5,27,8
13274,2016,1,2016-07-22,SE,MOLINS DE REI,Baix Llobregat,3,0,1,0,2,0,0,0,1,1,0,0,0,20.0,0.0,0,-1,No n'hi ha,-1.0,3,3,1,-1,-1,0,0,-1,0,0,0,0,0,1,4,4,-1,Envestida (frontal lateral),1,2,2,5,-1,2,1,14.05,1,2,4,22,7
13275,2016,1,2016-06-28,SE,CERDANYOLA DEL VALLES,Valles Occidental,3,0,1,0,2,0,0,0,1,1,0,0,0,40.0,0.0,0,1,No n'hi ha,-1.0,3,3,1,0,0,0,0,0,0,0,0,0,0,2,4,4,1,Caiguda en la via,2,2,2,5,-1,2,1,19.4,1,0,1,28,6
13276,2016,0,2016-08-09,C-31,BADALONA,Barcelones,3,0,1,0,1,0,0,0,1,0,0,0,0,80.0,0.0,0,2,No n'hi ha,-1.0,3,3,1,0,0,0,0,0,0,0,0,0,0,0,4,-1,0,Resta sortides de via,-1,1,2,4,2,2,1,19.33,1,1,1,9,8
13277,2016,1,2016-12-28,SE,BARCELONA,Barcelones,3,0,1,0,1,0,1,0,0,0,0,0,0,100.0,0.0,0,-1,No n'hi ha,-1.0,3,3,1,0,0,0,0,0,0,0,0,0,0,0,5,-1,1,Caiguda en la via,-1,2,2,5,-1,2,1,17.3,1,0,2,28,12
13278,2016,0,2016-01-01,BV-1212,CASTELLBELL I EL VIL,Bages,3,0,1,0,1,0,1,0,0,0,0,0,0,90.0,0.0,0,-1,Sense Especificar,-1.0,3,3,1,0,0,0,0,0,0,0,0,0,0,0,4,-1,-1,Altres,-1,1,2,4,4,2,1,12.19,0,5,4,1,1
13279,2016,0,2016-08-20,L-304,"PLANS DE SIO, ELS",Segarra,2,0,1,1,1,0,0,0,0,1,0,0,0,100.0,0.0,0,1,No n'hi ha,-1.0,3,3,1,0,0,0,0,0,0,0,0,0,0,2,4,4,1,Resta sortides de via,1,1,2,4,0,2,0,11.45,0,1,5,20,8
13280,2016,0,2016-12-09,N-260,RIPOLL,Ripolles,1,0,1,0,2,0,0,0,1,1,0,0,0,100.0,0.0,0,2,No n'hi ha,-1.0,3,3,1,0,0,0,0,0,0,0,0,0,0,0,5,-1,1,Encalç,-1,1,2,4,1,2,0,17.55,1,2,4,9,12
13281,2016,1,2016-12-29,SE,PALLEJA,Baix Llobregat,3,0,1,0,1,0,0,0,1,0,0,0,0,30.0,0.0,0,1,No n'hi ha,-1.0,3,3,1,0,0,0,0,0,0,0,0,0,0,0,4,-1,1,Caiguda en la via,-1,2,2,5,-1,2,1,16.2,1,0,3,29,12
13282,2016,1,2016-07-14,SE,TERRASSA,Valles Occidental,3,0,1,0,1,0,0,0,1,0,0,0,0,100.0,0.0,0,2,No n'hi ha,-1.0,1,3,1,0,0,0,1,0,0,0,0,0,0,2,5,-1,1,Caiguda en la via,0,2,2,5,-1,2,1,22.5,2,0,3,14,7
13283,2016,0,2016-08-19,BV-2425,CORBERA DE LLOBREGAT,Baix Llobregat,3,0,1,0,1,0,0,0,1,0,0,0,0,90.0,0.0,0,0,No n'hi ha,-1.0,3,3,1,-1,0,0,0,-1,0,0,0,0,0,0,3,-1,1,Xoc amb animal a la calçada,-1,1,2,4,3,2,0,21.35,1,4,4,19,8
13284,2016,0,2016-06-22,LP-7041,SEROS,Segria,2,0,1,0,1,0,0,0,0,1,0,0,0,100.0,0.0,0,3,No n'hi ha,-1.0,3,3,1,0,0,0,0,0,0,0,0,0,0,0,3,-1,1,Resta sortides de via,-1,1,2,4,2,2,1,0.45,2,1,2,22,6
13285,2016,1,2016-10-24,SE,VILANOVA I LA GELTRU,Garraf,3,0,1,0,2,0,0,0,1,1,0,0,0,100.0,0.0,0,2,No n'hi ha,-1.0,3,3,1,0,0,0,0,0,0,0,0,0,0,0,5,-1,1,Fregament o col·lisió lateral,-1,2,2,5,-1,2,1,21.0,1,2,0,24,10
13286,2016,1,2016-09-03,SE,FIGUERES,Alt Emporda,1,0,1,0,1,0,0,1,0,0,0,0,0,30.0,0.0,0,2,No n'hi ha,-1.0,3,3,1,0,0,0,0,0,0,0,0,0,0,0,4,-1,1,Xoc contra objecte/obstacle sense sortida prèvia de via,-1,2,2,5,-1,2,0,13.0,0,4,5,3,9
13287,2016,1,2016-01-21,SE,"VENDRELL, EL",Baix Penedes,0,0,1,1,2,0,0,0,1,1,0,0,0,40.0,0.0,0,-1,No n'hi ha,-1.0,3,3,1,-1,0,0,0,-1,0,0,0,0,1,0,4,-1,1,Caiguda en la via,-1,2,2,5,-1,2,1,8.11,0,0,3,21,1
13288,2016,1,2016-06-06,SE,SANT MARTI DE CENTEL,Osona,3,0,1,0,1,0,0,0,1,0,0,0,0,20.0,0.0,0,-1,Sense Especificar,-1.0,3,3,1,0,0,0,0,0,0,0,0,0,0,0,4,-1,-1,Altres,-1,2,2,5,-1,2,1,0.39,2,5,0,6,6
13289,2016,1,2016-08-02,SE,CABRERA DE MAR,Maresme,3,0,1,0,2,0,0,0,1,1,0,0,0,20.0,0.0,0,-1,Sense Especificar,-1.0,3,3,1,0,0,0,0,0,0,0,0,0,0,0,4,-1,-1,Envestida (frontal lateral),-1,2,2,5,-1,2,1,0.0,2,2,1,2,8
13290,2016,1,2016-04-01,SE,BADALONA,Barcelones,3,0,1,0,2,0,0,1,0,1,0,0,0,30.0,0.0,0,2,No n'hi ha,-1.0,1,3,1,-1,0,0,0,-1,0,0,0,0,1,1,2,4,0,Caiguda en la via,2,2,0,5,-1,2,1,12.37,0,0,4,1,4
13291,2016,0,2016-02-21,C-1415A,TERRASSA,Valles Occidental,3,0,1,2,2,0,0,0,0,2,0,0,0,50.0,0.0,0,1,No n'hi ha,-1.0,3,3,1,0,0,0,0,0,0,0,0,0,0,1,3,4,1,Col·lisió frontal,1,1,2,4,3,2,0,19.44,1,2,6,21,2
13292,2016,1,2016-06-08,SE,SITGES,Garraf,3,1,0,0,1,0,0,0,1,0,0,0,0,50.0,0.0,0,2,No n'hi ha,-1.0,3,3,0,0,0,0,0,0,0,0,0,0,0,0,5,-1,1,Xoc contra objecte/obstacle sense sortida prèvia de via,-1,2,2,5,-1,2,1,23.25,2,4,2,8,6
13293,2016,1,2016-04-25,SE,REUS,Baix Camp,0,0,1,0,2,1,0,0,0,1,0,0,0,100.0,0.0,0,-1,No n'hi ha,-1.0,3,3,1,0,0,0,0,0,0,0,0,0,0,0,4,-1,-1,Atropellament,-1,2,2,5,-1,2,1,13.3,0,3,0,25,4
13294,2016,0,2016-04-25,C-32,ARGENTONA,Maresme,3,0,1,0,1,0,0,0,1,0,0,0,0,90.0,1.0,0,-1,Sense Especificar,-1.0,3,3,1,0,0,0,0,0,0,0,0,0,0,0,4,-1,-1,Encalç,-1,1,2,4,4,2,1,19.53,1,2,0,25,4
13295,2016,0,2016-03-25,A-2,ODENA,Anoia,3,0,1,0,1,0,0,0,1,0,0,0,0,90.0,0.0,0,-1,Sense Especificar,-1.0,3,3,1,0,0,0,0,0,0,0,0,0,0,0,4,-1,-1,Resta sortides de via,-1,1,2,4,4,2,1,10.45,0,1,4,25,3
13296,2016,0,2016-08-11,SE,MONT-ROIG DEL CAMP,Baix Camp,0,1,0,0,1,0,1,0,0,0,0,0,0,100.0,0.0,0,2,No n'hi ha,-1.0,3,3,0,0,0,0,0,0,0,0,0,1,0,0,4,-1,1,Caiguda en la via,-1,1,2,0,0,2,1,19.1,1,0,3,11,8
13297,2016,0,2016-04-28,BV-2111,SANT PERE DE RIBES,Garraf,3,0,1,0,2,0,0,0,1,1,0,0,0,50.0,0.0,0,2,No n'hi ha,-1.0,3,3,1,0,0,0,0,0,0,0,0,0,0,1,0,4,1,Col·lisió frontal,1,1,2,4,3,2,1,22.06,2,2,3,28,4
13298,2016,0,2016-05-10,C-243C,CASTELLBISBAL,Valles Occidental,3,0,2,0,2,0,0,0,0,2,0,0,0,100.0,0.0,0,3,No n'hi ha,-1.0,1,3,1,0,0,0,1,0,0,0,0,0,0,0,2,-1,1,Col·lisió frontal,-1,1,2,4,3,1,1,16.1,1,2,1,10,5
13299,2016,0,2016-06-17,C-31,HOSPITALET DE LLOBREGAT,Barcelones,3,0,1,0,2,1,0,0,0,1,0,0,0,80.0,0.0,0,2,No n'hi ha,-1.0,3,3,1,0,0,0,0,0,0,0,0,0,0,0,5,-1,0,Atropellament,-1,1,2,4,2,2,1,5.17,2,3,4,17,6
13300,2016,0,2016-08-12,CR,TORREFETA I FLOREJACS,Segarra,2,0,1,1,1,0,0,0,0,0,0,1,0,45.0,0.0,0,2,No n'hi ha,-1.0,3,3,1,0,0,0,0,0,0,0,0,0,0,0,1,-1,1,Resta sortides de via,-1,1,0,3,0,2,0,20.55,1,1,4,12,8
13301,2016,0,2016-03-20,C-15,VILANOVA I LA GELTRU,Garraf,3,0,1,0,1,0,0,0,1,0,0,0,0,60.0,0.0,0,2,No n'hi ha,-1.0,3,3,1,0,0,0,0,0,0,0,0,0,0,1,4,5,0,Caiguda en la via,3,1,2,4,2,2,0,15.34,1,0,6,20,3
13302,2016,0,2016-06-22,N-II,MALGRAT DE MAR,Maresme,3,1,0,0,2,0,0,0,1,1,0,0,0,100.0,0.0,0,-1,No n'hi ha,-1.0,3,3,0,0,0,0,0,0,0,0,0,0,0,0,4,-1,-1,Altres,-1,1,2,4,-1,2,1,18.22,1,5,2,22,6
13303,2016,0,2016-10-26,BV-5011,BADALONA,Barcelones,3,0,1,0,1,0,1,0,0,0,0,0,0,100.0,0.0,0,1,No n'hi ha,-1.0,3,3,1,0,0,0,0,0,0,0,0,0,0,0,4,-1,1,Caiguda en la via,-1,1,2,4,3,2,1,14.26,1,0,2,26,10
13304,2016,0,2016-11-21,BV-5122,FOGARS DE TORDERA,Selva,3,0,1,1,2,0,0,0,0,2,0,0,0,100.0,0.0,0,1,Carril avançament,-1.0,2,3,1,0,0,0,1,0,0,0,0,0,0,0,3,-1,1,Col·lisió frontal,-1,1,2,4,3,2,1,20.12,1,2,0,21,11
13305,2016,0,2016-08-14,N-340,TORREDEMBARRA,Tarragones,0,0,1,0,2,0,0,0,1,1,0,0,0,70.0,0.0,0,2,Carril central,-1.0,3,3,1,0,0,0,0,0,0,0,0,0,0,1,1,4,1,Envestida (frontal lateral),1,1,2,4,1,2,0,20.33,1,2,6,14,8
13306,2016,0,2016-05-27,C-1412b,ISONA I CONCA DELLA,Pallars Jussa,2,0,2,0,1,0,0,0,0,1,0,0,0,100.0,0.0,0,0,No n'hi ha,-1.0,3,3,1,0,0,0,0,0,0,0,0,0,0,0,4,-1,1,Resta sortides de via,-1,1,2,4,2,2,0,15.34,1,1,4,27,5
13307,2016,1,2016-02-20,SE,BARCELONA,Barcelones,3,1,0,0,1,0,0,0,0,1,0,0,0,60.0,0.0,0,-1,No n'hi ha,-1.0,3,3,0,0,0,0,0,0,0,0,0,0,0,0,5,-1,1,Altres,-1,2,2,5,-1,2,0,3.55,2,5,5,20,2
13308,2016,0,2016-06-11,C-17,BARCELONA,Barcelones,3,0,1,0,1,0,0,0,0,1,0,0,0,80.0,0.0,0,-1,No n'hi ha,-1.0,3,3,1,0,0,0,0,0,0,0,0,0,0,0,4,-1,0,Xoc contra objecte/obstacle sense sortida prèvia de via,-1,1,2,4,2,2,0,7.0,0,4,5,11,6
13309,2016,1,2016-07-13,SE,VILASSAR DE MAR,Maresme,3,0,1,0,1,0,0,0,0,1,0,0,0,100.0,0.0,0,2,No n'hi ha,-1.0,1,3,1,0,0,0,0,0,0,0,0,0,0,2,1,3,1,Xoc contra objecte/obstacle sense sortida prèvia de via,2,2,2,5,3,2,1,5.45,2,4,2,13,7
13310,2017,0,2017-06-23,N-141c,CALDERS,Moianès,3,0,2,1,2,0,0,0,0,2,0,0,0,50.0,0.0,0,2,No n'hi ha,-1.0,3,3,1,0,0,0,0,0,0,0,0,0,0,0,4,-1,1,Col·lisió frontal,-1,1,2,4,3,2,0,17.34,1,2,4,23,6
13311,2017,1,2017-04-16,SE,LLEIDA,Segria,2,0,1,0,2,0,0,1,0,1,0,0,0,20.0,0.0,0,-1,No n'hi ha,-1.0,3,3,1,0,0,1,0,0,0,0,0,0,0,0,1,-1,-1,Encalç,-1,2,2,5,-1,2,0,20.4,1,2,6,16,4
13312,2017,1,2017-11-05,SE,CASTELLGALI,Bages,3,0,1,1,2,0,2,0,0,0,0,0,0,20.0,0.0,0,2,No n'hi ha,-1.0,3,3,1,0,0,0,0,0,0,0,0,0,0,0,4,-1,0,Caiguda en la via,-1,2,2,5,-1,2,0,11.46,0,0,6,5,11
13313,2017,0,2017-12-16,N-260,PRULLANS,Cerdanya,2,0,2,3,2,0,0,0,0,2,0,0,0,70.0,0.0,0,1,No n'hi ha,-1.0,3,3,1,0,0,0,0,0,0,0,0,0,0,0,4,-1,1,Envestida (frontal lateral),-1,1,2,4,1,2,0,10.28,0,2,5,16,12
13314,2017,0,2017-03-11,L-310,"PLANS DE SIO, ELS",Segarra,2,1,0,0,2,0,1,0,0,0,1,0,0,100.0,0.0,0,1,No n'hi ha,-1.0,3,3,0,0,0,0,0,0,0,0,0,0,0,1,4,5,1,Envestida (frontal lateral),1,1,2,4,3,2,0,10.14,0,2,5,11,3
13315,2017,0,2017-10-30,CR24,TARADELL,Osona,3,1,0,0,2,0,1,0,0,1,0,0,0,40.0,0.0,0,1,No n'hi ha,-1.0,3,3,0,0,0,0,0,0,1,0,0,0,0,0,4,-1,1,Col·lisió frontal,-1,1,2,3,0,2,1,17.19,1,2,0,30,10
13316,2017,1,2017-11-23,SE,BARCELONA,Barcelones,3,0,1,1,2,1,0,0,1,0,0,0,0,100.0,0.0,1,-1,No n'hi ha,-1.0,3,3,1,0,0,0,0,0,0,0,0,0,0,0,4,-1,1,Atropellament,-1,2,2,5,-1,2,1,16.39,1,3,3,23,11
13317,2017,0,2017-05-10,A-2,SANT JOAN DESPI,Baix Llobregat,3,0,1,3,5,0,0,0,0,3,2,0,0,100.0,0.0,0,-1,No n'hi ha,-1.0,3,3,1,0,0,0,0,0,0,0,0,0,0,0,4,-1,-1,Fregament o col·lisió lateral,-1,1,2,4,-1,2,1,18.55,1,2,2,10,5
13318,2017,0,2017-03-26,C-61,VALLGORGUINA,Valles Oriental,3,0,1,2,2,0,0,0,2,0,0,0,0,100.0,0.0,0,1,No n'hi ha,-1.0,3,3,1,0,0,0,0,0,0,0,1,0,0,0,4,-1,1,Caiguda en la via,-1,1,2,4,2,2,0,12.5,0,0,6,26,3
13319,2017,0,2017-12-09,CR11,CUBELLES,Garraf,3,0,2,0,1,0,0,0,0,1,0,0,0,100.0,0.0,0,2,No n'hi ha,-1.0,3,3,1,0,0,0,0,0,0,0,0,0,0,0,4,-1,1,Resta sortides de via,-1,1,2,3,0,2,0,13.49,0,1,5,9,12
13320,2017,1,2017-10-20,SE,GIRONA,Girones,1,0,1,0,1,0,0,0,1,0,0,0,0,30.0,0.0,0,2,No n'hi ha,-1.0,3,3,1,0,0,0,0,0,0,0,0,0,0,2,4,3,1,Caiguda en la via,1,2,2,5,-1,2,0,17.15,1,0,4,20,10
13321,2017,0,2017-01-14,B-10,CORNELLA DE LLOBREGAT,Baix Llobregat,3,0,1,0,1,0,0,0,1,0,0,0,0,70.0,0.0,0,0,No n'hi ha,-1.0,3,3,1,0,0,0,0,0,0,0,0,0,0,0,5,-1,0,Resta sortides de via,-1,1,2,4,1,2,0,3.27,2,1,5,14,1
13322,2017,1,2017-09-29,SE,BARCELONA,Barcelones,3,0,1,0,2,0,0,0,1,1,0,0,0,100.0,0.0,1,-1,Carril bus,-1.0,3,3,1,0,0,0,0,0,0,0,0,0,0,1,4,-1,0,Col·lisió frontal,2,2,2,5,-1,2,0,18.05,1,2,4,29,9
13323,2017,0,2017-04-09,N-IIa,CERVERA,Segarra,2,0,1,3,3,0,0,0,2,1,0,0,0,100.0,0.0,0,2,No n'hi ha,-1.0,3,3,1,0,0,0,0,0,0,0,0,0,0,2,4,4,1,Encalç,1,1,2,4,1,2,0,9.37,0,2,6,9,4
13324,2017,0,2017-09-10,C-14,ARTESA DE SEGRE,Noguera,2,0,1,0,1,0,0,0,0,1,0,0,0,90.0,0.0,0,-1,Sense Especificar,-1.0,3,3,1,0,0,0,0,0,0,0,0,0,0,0,4,-1,-1,Resta sortides de via,-1,1,2,4,4,2,0,12.21,0,1,6,10,9
13325,2017,0,2017-03-26,C-63,RIUDARENES,Selva,1,0,1,0,2,0,0,1,0,1,0,0,0,60.0,0.0,0,2,No n'hi ha,-1.0,3,3,1,0,0,0,0,0,0,0,0,0,0,1,3,4,1,Envestida (frontal lateral),2,1,2,4,2,2,0,21.23,1,2,6,26,3
13326,2017,0,2017-09-06,N-240,VINAIXA,Garrigues,2,1,0,0,2,0,0,0,0,1,1,0,0,100.0,0.0,0,1,No n'hi ha,-1.0,3,3,0,0,0,0,0,0,0,0,0,0,0,0,4,-1,1,Col·lisió frontal,-1,1,2,4,1,2,1,13.07,0,2,2,6,9
13327,2017,1,2017-10-28,SE,BARCELONA,Barcelones,3,0,1,0,2,0,0,0,1,1,0,0,0,100.0,0.0,1,-1,No n'hi ha,-1.0,3,3,1,0,0,0,0,0,0,0,0,0,0,1,4,-1,0,Fregament o col·lisió lateral,2,2,2,5,-1,2,0,17.25,1,2,5,28,10
13328,2017,1,2017-01-07,SE,BARCELONA,Barcelones,3,0,2,1,13,0,0,5,7,1,0,0,0,100.0,0.0,0,-1,No n'hi ha,-1.0,3,3,1,0,0,0,0,0,0,0,0,0,0,1,4,3,0,Envestida (frontal lateral),2,2,2,5,-1,2,0,9.01,0,2,5,7,1
13329,2017,1,2017-10-31,SE,BARCELONA,Barcelones,3,0,1,0,2,1,0,0,0,1,0,0,0,100.0,0.0,1,-1,No n'hi ha,-1.0,3,3,1,0,0,0,0,0,0,0,0,0,0,0,4,-1,1,Atropellament,-1,2,2,5,-1,2,1,17.35,1,3,1,31,10
13330,2017,0,2017-09-10,CR,ARTESA DE LLEIDA,Segria,2,0,1,0,2,0,0,0,1,1,0,0,0,100.0,0.0,0,2,No n'hi ha,-1.0,3,3,1,0,0,0,0,0,0,0,0,0,0,0,4,-1,1,Col·lisió frontal,-1,1,0,3,0,2,0,12.55,0,2,6,10,9
13331,2017,0,2017-06-13,C-155,PALAU DE PLEGAMANS,Valles Occidental,3,0,1,0,1,0,0,0,1,0,0,0,0,90.0,0.0,0,-1,Sense Especificar,-1.0,3,3,1,0,0,0,0,0,0,0,0,0,0,1,4,5,-1,Resta sortides de via,1,1,2,4,4,2,1,14.34,1,1,1,13,6
13332,2017,1,2017-06-21,SE,TERRASSA,Valles Occidental,3,0,1,0,2,0,0,0,0,2,0,0,0,100.0,0.0,0,-1,No n'hi ha,-1.0,3,3,1,0,0,0,0,0,0,0,0,0,0,0,4,-1,-1,Xoc contra objecte/obstacle sense sortida prèvia de via,-1,2,2,5,-1,2,1,16.3,1,4,2,21,6
13333,2017,1,2017-09-19,SE,CERDANYOLA DEL VALLES,Valles Occidental,3,0,1,0,1,0,0,0,1,0,0,0,0,100.0,0.0,0,2,No n'hi ha,-1.0,3,3,1,0,0,0,0,0,1,0,0,0,0,1,1,5,0,Caiguda en la via,2,2,2,5,-1,2,1,18.48,1,0,1,19,9
13334,2017,0,2017-10-31,TV-3406,AMPOSTA,Montsia,0,0,1,0,1,0,0,0,1,0,0,0,0,60.0,0.0,0,2,No n'hi ha,-1.0,3,3,1,0,0,0,0,0,0,0,0,0,0,0,4,-1,1,Resta sortides de via,-1,1,2,4,3,2,1,11.35,0,1,1,31,10
13335,2017,0,2017-08-19,C-45,SEROS,Segria,2,1,0,0,2,0,1,0,0,1,0,0,0,100.0,0.0,0,2,No n'hi ha,-1.0,3,3,0,0,0,0,0,0,0,0,0,0,0,0,3,-1,1,Envestida (frontal lateral),-1,1,2,4,2,2,0,21.15,1,2,5,19,8