,Year,Area,Date,Road,Municipality Name,County Name,Province Name,Fatalties,Serious Injuries,Light Injuries,Units Involved,Pedestrains Involved,Bicycles Involved,Mopeds Involved,Motorcycles,Light Vehicles Involved,Heavy Vehicles Involved,Other Units Involved,Unspecified Units Involved,Road Speed Limit,Accident with Hit and Run,Fog Presence,Surrounding Environment,Special Lane Presence,Special Traffic Measures,Weather Conditions,Special Road Functions,Severity of Accident,Influence of Fog,Influence of Environment,Influence of Traffic,Influence of Weather,Influence of Wind Intensity,Influence of Lighting,Influence of Special Measures,Influence of Road Objects,Influence of Road Surface,Influence of Visibility,Intersection Characteristics,Lighting Conditions,Traffic Regulation and Priority,Direction of Road,Subtype of Accident,Subtype of Road Section,Subzone within Area,Road Surface Conditions,Type of Road,Road Ownership,Wind Conditions,Day of the Week Grouping,Hour of Day,Time of Day Grouping,Type of Accident,Day Type,Day,Month
13421,2017,1,2017-11-16,SE,GAVA,Baix Llobregat,3,1,0,0,3,1,0,0,1,1,0,0,0,100.0,0.0,0,2,No n'hi ha,-1.0,3,3,0,0,0,0,0,0,1,0,0,0,0,0,1,-1,1,Atropellament,-1,2,2,5,-1,2,1,8.35,0,3,3,16,11
13422,2017,1,2017-02-14,SE,LLEIDA,Segria,2,0,1,0,2,0,0,1,0,1,0,0,0,20.0,0.0,0,1,No n'hi ha,-1.0,3,3,1,-1,0,0,0,-1,0,0,0,0,-1,0,4,-1,1,Xoc contra objecte/obstacle sense sortida prèvia de via,-1,2,2,5,-1,2,1,14.15,1,4,1,14,2
13423,2017,1,2017-10-06,SE,BARCELONA,Barcelones,3,0,1,0,1,0,0,0,1,0,0,0,0,100.0,0.0,1,-1,No n'hi ha,-1.0,3,3,1,0,0,0,0,0,0,0,0,0,0,1,0,-1,1,Xoc contra objecte/obstacle sense sortida prèvia de via,0,2,2,5,-1,2,1,6.55,0,4,4,6,10
13424,2017,0,2017-06-14,C-31,MONTGAT,Maresme,3,0,1,0,2,0,0,0,1,1,0,0,0,90.0,0.0,0,2,No n'hi ha,-1.0,3,3,1,0,0,0,0,0,0,0,0,0,0,0,4,-1,0,Altres,-1,1,2,4,2,2,1,7.07,0,5,2,14,6
13425,2017,1,2017-06-12,SE,CASTELLO D'EMPURIES,Alt Emporda,1,0,1,0,2,0,0,0,1,1,0,0,0,100.0,0.0,0,2,No n'hi ha,-1.0,3,3,1,0,0,0,0,0,0,0,0,0,0,2,4,4,1,Caiguda en la via,-1,2,2,5,-1,2,1,18.5,1,0,0,12,6
13426,2017,0,2017-02-01,N-IIa,SANT VICENC DELS HORTS,Baix Llobregat,3,0,1,1,2,0,0,0,0,2,0,0,0,60.0,0.0,0,1,No n'hi ha,-1.0,3,3,1,0,0,0,0,0,0,0,0,0,0,0,4,-1,0,Col·lisió frontal,-1,1,2,4,1,2,1,12.2,0,2,2,1,2
13427,2017,1,2017-12-15,SE,BARCELONA,Barcelones,3,0,1,0,2,0,0,0,1,1,0,0,0,100.0,0.0,1,-1,No n'hi ha,-1.0,3,3,1,0,0,0,0,0,0,0,0,0,0,1,4,-1,0,Envestida (frontal lateral),2,2,2,5,-1,2,0,15.4,1,2,4,15,12
13428,2017,1,2017-02-17,SE,SANTA COLOMA DE GRAMANET,Barcelones,3,0,1,0,2,1,0,0,0,1,0,0,0,20.0,0.0,0,-1,No n'hi ha,-1.0,3,3,1,0,-1,0,0,0,0,0,0,0,0,1,4,2,-1,Atropellament,1,2,2,5,-1,2,0,16.55,1,3,4,17,2
13429,2017,1,2017-01-14,C-233,ARBECA,Garrigues,2,0,1,3,2,0,0,0,0,2,0,0,0,100.0,0.0,0,2,No n'hi ha,-1.0,3,3,1,0,0,0,0,0,1,0,0,0,0,0,5,-1,1,Envestida (frontal lateral),-1,0,2,4,-1,2,0,23.06,2,2,5,14,1
13430,2017,1,2017-04-25,SE,BARCELONA,Barcelones,3,0,1,0,2,1,1,0,0,0,0,0,0,100.0,0.0,1,-1,Carril bici,-1.0,3,3,1,0,0,0,0,0,0,0,0,0,0,0,4,-1,1,Atropellament,-1,2,2,5,-1,2,1,18.0,1,3,1,25,4
13431,2017,1,2017-08-05,SE,GIRONA,Girones,1,0,1,0,2,0,0,0,1,1,0,0,0,100.0,0.0,0,2,No n'hi ha,-1.0,3,3,1,0,0,0,0,0,0,0,0,0,0,2,4,3,0,Caiguda en la via,1,2,2,5,-1,2,0,11.12,0,0,5,5,8
13432,2017,1,2017-05-15,SE,VILANOVA I LA GELTRU,Garraf,3,0,1,1,1,0,0,1,0,0,0,0,0,100.0,0.0,0,2,No n'hi ha,-1.0,3,3,1,0,0,0,0,0,0,0,0,0,0,0,4,-1,1,Resta sortides de via,-1,2,2,5,-1,2,1,17.0,1,1,0,15,5
13433,2017,0,2017-07-01,BV-1433,"AMETLLA DEL VALLES,",Valles Oriental,3,0,3,0,1,0,0,0,0,1,0,0,0,70.0,0.0,0,3,No n'hi ha,-1.0,3,3,1,0,0,0,0,0,0,0,0,0,0,1,3,4,1,Resta sortides de via,1,1,2,4,3,2,0,0.3,2,1,5,1,7
13434,2017,0,2017-04-26,C-42,TORTOSA,Baix Ebre,0,0,1,0,2,0,0,0,0,0,1,1,0,100.0,0.0,0,3,No n'hi ha,-1.0,3,3,1,0,0,0,0,0,0,0,0,0,0,0,4,-1,0,Encalç,-1,1,2,4,2,2,1,15.52,1,2,2,26,4
13435,2017,0,2017-09-25,GI-600,TORDERA,Maresme,3,0,1,1,2,0,0,0,1,1,0,0,0,100.0,0.0,0,2,No n'hi ha,-1.0,3,3,1,0,0,0,0,0,0,0,0,0,0,0,2,-1,1,Fregament o col·lisió lateral,-1,1,2,4,3,2,1,17.04,1,2,0,25,9
13436,2017,1,2017-04-26,SE,"VENDRELL, EL",Baix Penedes,0,0,2,0,1,0,0,0,0,1,0,0,0,40.0,0.0,0,-1,No n'hi ha,-1.0,3,3,1,-1,0,0,0,-1,0,0,0,1,1,0,2,-1,1,Sortida de via amb xoc o col·lisió,-1,2,0,5,-1,2,1,13.15,0,1,2,26,4
13437,2017,0,2017-10-22,C-13,CAMARASA,Noguera,2,0,1,0,1,0,0,0,1,0,0,0,0,90.0,0.0,0,-1,Sense Especificar,-1.0,3,3,1,0,0,0,0,0,0,0,0,0,0,0,4,-1,-1,Resta sortides de via,-1,1,2,4,4,2,0,12.21,0,1,6,22,10
13438,2017,0,2017-07-20,BV-2415,OLIVELLA,Garraf,3,0,1,0,1,0,0,0,1,0,0,0,0,100.0,0.0,0,1,No n'hi ha,-1.0,3,3,1,0,0,0,0,0,0,0,0,0,0,0,3,-1,1,Resta sortides de via,-1,1,2,4,3,2,1,22.24,2,1,3,20,7
13439,2017,1,2017-11-28,SE,BADALONA,Barcelones,3,0,1,1,3,1,0,0,0,2,0,0,0,100.0,0.0,0,2,No n'hi ha,-1.0,3,3,1,0,0,0,0,0,0,0,0,0,0,1,4,3,0,Xoc contra objecte/obstacle sense sortida prèvia de via,2,2,2,5,-1,2,1,17.3,1,4,1,28,11
13440,2017,1,2017-07-09,SE,SALOU,Tarragones,0,0,1,0,2,1,0,0,0,1,0,0,0,50.0,0.0,0,2,No n'hi ha,-1.0,3,3,1,0,0,0,0,0,0,0,0,0,0,2,4,4,1,Atropellament,2,2,2,5,-1,2,0,12.3,0,3,6,9,7
13441,2017,0,2017-04-23,C-14,BASSELLA,Alt Urgell,2,0,1,0,1,0,0,0,0,1,0,0,0,100.0,0.0,0,1,Carril lent,-1.0,3,3,1,0,0,0,0,0,0,0,0,0,0,0,4,-1,1,Resta sortides de via,-1,1,2,4,2,2,0,12.27,0,1,6,23,4
13442,2017,1,2017-12-31,SE,GUISSONA,Segarra,2,0,1,1,2,0,0,1,0,1,0,0,0,100.0,0.0,0,2,No n'hi ha,-1.0,3,3,1,0,0,0,0,0,0,0,0,0,1,1,4,5,1,Envestida (frontal lateral),2,2,2,5,-1,2,0,14.21,1,2,6,31,12
13443,2017,1,2017-12-04,SE,"BISBAL D'EMPORDA, LA",Baix Emporda,1,0,1,0,2,1,0,0,0,1,0,0,0,20.0,0.0,0,-1,No n'hi ha,-1.0,3,3,1,-1,0,0,0,-1,0,0,0,0,0,0,4,-1,1,Atropellament,-1,2,2,5,-1,2,1,9.1,0,3,0,4,12
13444,2017,0,2017-12-21,C-37,ODENA,Anoia,3,0,1,1,2,0,0,0,2,0,0,0,0,100.0,0.0,0,2,No n'hi ha,-1.0,3,3,1,0,0,0,0,0,0,0,0,0,0,0,3,-1,1,Fregament o col·lisió lateral,-1,1,2,4,2,2,1,21.38,1,2,3,21,12
13445,2017,0,2017-08-21,BV-2115,CASTELLET I LA GORNA,Alt Penedes,3,0,1,0,2,0,0,0,1,1,0,0,0,90.0,0.0,0,-1,Sense Especificar,-1.0,3,3,1,0,0,0,0,0,0,0,0,0,0,0,4,-1,-1,Resta sortides de via,-1,1,2,4,4,2,1,21.12,1,1,0,21,8
13446,2017,1,2017-10-23,SE,REUS,Baix Camp,0,0,1,0,2,1,0,0,0,1,0,0,0,100.0,0.0,0,-1,No n'hi ha,-1.0,3,3,1,0,0,0,0,0,0,0,0,0,0,0,4,-1,-1,Atropellament,-1,2,2,5,-1,2,1,20.0,1,3,0,23,10
13447,2017,1,2017-03-31,SE,GRANOLLERS,Valles Oriental,3,0,1,0,2,1,0,0,0,0,1,0,0,100.0,0.0,0,2,No n'hi ha,-1.0,3,3,1,0,0,0,0,0,0,0,0,0,0,1,4,4,0,Atropellament,2,2,2,5,-1,2,1,10.25,0,3,4,31,3
13448,2017,1,2017-01-27,SE,SANT BOI DE LLOBREGAT,Baix Llobregat,3,0,1,0,2,1,0,0,0,1,0,0,0,20.0,0.0,0,2,No n'hi ha,-1.0,1,3,1,-1,0,0,0,-1,0,0,0,0,-1,0,5,-1,1,Atropellament,-1,2,0,5,-1,2,0,18.59,1,3,4,27,1
13449,2017,1,2017-05-04,N-340,CAMBRILS,Baix Camp,0,0,1,5,4,0,0,0,0,4,0,0,0,100.0,0.0,0,-1,No n'hi ha,-1.0,3,3,1,0,0,0,0,0,0,0,0,0,0,0,4,-1,-1,Encalç,-1,0,2,4,-1,2,1,18.05,1,2,3,4,5
13450,2017,0,2017-09-20,N-152a,GRANOLLERS,Valles Oriental,3,0,1,0,3,0,0,0,0,3,0,0,0,80.0,0.0,0,2,No n'hi ha,-1.0,3,3,1,0,0,0,0,0,0,0,0,0,0,0,4,-1,1,Envestida (frontal lateral),-1,1,2,4,3,2,1,9.0,0,2,2,20,9
13451,2017,1,2017-05-03,SE,BARCELONA,Barcelones,3,0,1,0,2,0,0,0,1,0,1,0,0,100.0,0.0,1,-1,No n'hi ha,-1.0,1,3,1,0,0,0,0,0,0,0,0,0,0,0,4,-1,1,Caiguda en la via,-1,2,0,5,-1,2,1,14.4,1,0,2,3,5
13452,2017,1,2017-05-27,SE,AMPOSTA,Montsia,0,0,1,1,2,0,0,0,0,2,0,0,0,100.0,0.0,0,2,No n'hi ha,-1.0,3,3,1,0,0,0,0,0,0,0,0,0,0,1,5,4,0,Fregament o col·lisió lateral,2,2,2,5,-1,2,0,4.59,2,2,5,27,5
13453,2017,0,2017-06-24,AP-7,SANT CELONI,Valles Oriental,3,0,1,1,3,0,0,0,0,3,0,0,0,100.0,0.0,0,3,No n'hi ha,1.0,3,3,1,0,0,0,0,1,0,0,0,0,0,0,4,-1,0,Envestida (frontal lateral),-1,1,2,4,1,1,0,15.29,1,2,5,24,6
13454,2017,1,2017-03-14,SE,SABADELL,Valles Occidental,3,0,1,1,2,0,0,0,1,1,0,0,0,100.0,0.0,0,-1,No n'hi ha,-1.0,3,3,1,0,0,0,0,0,0,0,0,0,0,0,4,-1,-1,Altres,-1,2,2,5,-1,2,1,9.02,0,5,1,14,3
13455,2017,0,2017-04-05,GI-531,SANT GREGORI,Girones,1,0,1,0,1,0,0,0,1,0,0,0,0,100.0,0.0,0,1,No n'hi ha,-1.0,3,3,1,0,0,0,0,0,0,0,0,0,0,0,4,-1,1,Caiguda en la via,-1,1,2,4,2,2,1,17.55,1,0,2,5,4
13456,2017,1,2017-05-10,SE,FIGUERES,Alt Emporda,1,0,1,0,2,0,0,0,0,2,0,0,0,100.0,0.0,0,2,No n'hi ha,-1.0,3,3,1,0,0,0,0,0,0,0,0,0,0,0,4,-1,0,Encalç,-1,2,2,5,-1,2,1,20.2,1,2,2,10,5
13457,2017,1,2017-02-18,SE,SALOU,Tarragones,0,0,1,0,2,0,0,0,1,1,0,0,0,100.0,0.0,0,2,No n'hi ha,-1.0,3,3,1,0,0,0,0,0,0,0,0,0,0,0,5,-1,1,Fregament o col·lisió lateral,-1,2,2,5,-1,2,0,21.17,1,2,5,18,2
13458,2017,0,2017-05-07,AP-7,BARBERA DEL VALLES,Valles Occidental,3,0,1,2,2,0,0,0,0,2,0,0,0,120.0,0.0,0,2,No n'hi ha,-1.0,3,3,1,0,0,0,0,0,0,0,0,0,0,0,1,-1,0,Encalç,-1,1,2,4,1,2,0,7.24,0,2,6,7,5
13459,2017,1,2017-11-28,SE,CASTELL-PLATJA D'ARO,Baix Emporda,1,0,1,0,2,0,1,0,0,1,0,0,0,100.0,0.0,0,2,No n'hi ha,-1.0,3,3,1,0,0,0,0,0,0,0,0,0,0,1,5,4,0,Envestida (frontal lateral),2,2,2,5,-1,2,1,20.14,1,2,1,28,11
13460,2017,1,2017-07-21,SE,BARCELONA,Barcelones,3,0,1,0,3,0,0,0,1,2,0,0,0,60.0,0.0,1,-1,No n'hi ha,-1.0,3,3,1,0,0,0,0,0,0,0,0,0,0,0,4,-1,0,Encalç,-1,2,2,5,-1,2,0,18.25,1,2,4,21,7
13461,2017,1,2017-03-17,SE,CANYELLES,Garraf,3,0,1,0,1,0,1,0,0,0,0,0,0,100.0,0.0,0,2,No n'hi ha,-1.0,3,3,1,0,0,0,0,0,0,0,0,0,0,0,4,-1,1,Caiguda en la via,-1,2,2,5,-1,2,1,13.3,0,0,4,17,3
13462,2017,1,2017-09-03,SE,BARCELONA,Barcelones,3,0,1,0,2,0,1,0,0,1,0,0,0,100.0,0.0,1,-1,Altres,-1.0,3,3,1,0,0,0,0,0,0,0,0,0,0,1,4,-1,1,Caiguda en la via,2,2,2,5,-1,2,0,10.3,0,0,6,3,9
13463,2017,1,2017-10-28,SE,CORNELLA DE LLOBREGAT,Baix Llobregat,3,0,1,0,2,1,0,0,0,1,0,0,0,20.0,0.0,0,-1,No n'hi ha,-1.0,3,3,1,0,-1,0,0,0,0,0,0,0,0,0,4,-1,-1,Atropellament,-1,2,2,5,-1,2,0,9.12,0,3,5,28,10
13464,2017,0,2017-10-28,CR,LLEIDA,Segria,2,0,1,0,2,0,0,0,0,2,0,0,0,100.0,0.0,0,1,No n'hi ha,-1.0,3,3,1,0,0,0,0,0,0,0,0,0,0,0,3,-1,1,Col·lisió frontal,-1,1,2,3,0,2,0,19.46,1,2,5,28,10
13465,2017,0,2017-06-16,A-2,PALLEJA,Baix Llobregat,3,0,1,0,2,0,0,0,1,0,1,0,0,100.0,0.0,0,2,Carril d'alentiment,-1.0,3,3,1,0,0,0,0,0,0,0,0,0,0,0,4,-1,0,Encalç,-1,1,2,4,1,2,1,12.0,0,2,4,16,6
13466,2017,1,2017-12-28,SE,CASTELLDEFELS,Baix Llobregat,3,0,1,1,3,2,0,0,0,1,0,0,0,100.0,0.0,0,-1,No n'hi ha,-1.0,3,3,1,0,0,0,0,0,0,0,0,0,0,0,4,-1,-1,Atropellament,-1,2,2,5,-1,2,1,11.24,0,3,3,28,12
13467,2017,1,2017-08-21,SE,SALOU,Tarragones,0,0,1,0,2,0,1,0,0,1,0,0,0,50.0,0.0,0,2,No n'hi ha,-1.0,3,3,1,0,0,0,0,0,0,0,0,0,0,0,4,-1,1,Encalç,-1,2,2,5,-1,2,1,9.5,0,2,0,21,8
13468,2017,0,2017-04-21,AP-7,CERDANYOLA DEL VALLES,Valles Occidental,3,1,2,3,5,0,0,0,0,5,0,0,0,100.0,0.0,0,2,No n'hi ha,-1.0,3,3,0,0,0,0,0,0,0,0,0,0,0,0,4,-1,0,Encalç,-1,1,2,4,1,2,1,14.46,1,2,4,21,4
13469,2017,0,2017-02-06,AP-7,SANTA PERPETUA DE MO,Valles Occidental,3,0,2,1,3,0,0,0,0,2,1,0,0,100.0,0.0,0,3,No n'hi ha,-1.0,3,3,1,0,0,0,0,0,0,0,0,0,0,2,5,5,0,Encalç,3,1,2,4,1,2,1,19.49,1,2,0,6,2
13470,2017,1,2017-05-26,N-IIa,SARRIA DE TER,Girones,1,0,1,0,2,0,0,0,1,1,0,0,0,100.0,0.0,0,-1,No n'hi ha,-1.0,3,3,1,0,0,0,0,0,0,0,0,0,0,0,4,-1,-1,Altres,-1,0,2,4,-1,2,0,18.43,1,5,4,26,5
13471,2017,1,2017-11-25,SE,ARBECA,Garrigues,2,0,3,0,1,0,0,0,0,1,0,0,0,100.0,0.0,0,1,No n'hi ha,-1.0,3,3,1,0,0,0,0,0,0,0,0,0,0,0,1,-1,1,Xoc contra objecte/obstacle sense sortida prèvia de via,-1,2,2,5,2,2,0,6.22,0,4,5,25,11
13472,2017,0,2017-09-12,C-37,ALCOVER,Alt Camp,0,0,1,1,2,0,0,0,1,1,0,0,0,100.0,0.0,0,2,No n'hi ha,-1.0,3,3,1,0,0,0,0,0,0,0,0,0,0,0,4,-1,1,Encalç,-1,1,2,4,2,2,1,17.49,1,2,1,12,9
13473,2017,1,2017-06-13,SE,BARCELONA,Barcelones,3,0,1,0,2,0,0,1,0,1,0,0,0,100.0,0.0,1,-1,No n'hi ha,-1.0,3,3,1,0,0,0,0,0,0,0,0,0,0,1,4,-1,0,Envestida (frontal lateral),2,2,2,5,-1,2,1,18.45,1,2,1,13,6
13474,2017,1,2017-03-18,BV-1221,NAVARCLES,Bages,3,0,1,0,2,0,0,0,1,1,0,0,0,30.0,1.0,0,2,No n'hi ha,-1.0,3,3,1,0,0,0,0,0,0,0,0,0,0,0,5,-1,1,Envestida (frontal lateral),-1,0,2,4,3,2,0,6.02,0,2,5,18,3
13475,2017,0,2017-11-07,C-1413a,SENTMENAT,Valles Occidental,3,0,1,0,1,0,0,0,1,0,0,0,0,100.0,0.0,0,0,No n'hi ha,-1.0,3,3,1,0,0,0,0,0,0,0,0,0,0,0,3,-1,1,Xoc contra objecte/obstacle sense sortida prèvia de via,-1,1,2,4,2,2,1,23.43,2,4,1,7,11
13476,2017,1,2017-09-12,BV-5001,MONTORNES DEL VALLES,Valles Oriental,3,0,1,0,2,0,0,0,1,1,0,0,0,100.0,0.0,0,2,No n'hi ha,-1.0,3,3,1,0,0,0,0,0,0,0,0,0,0,1,4,2,1,Fregament o col·lisió lateral,2,0,2,4,-1,2,1,14.26,1,2,1,12,9
13477,2017,0,2017-01-09,LV-9047,OS DE BALAGUER,Noguera,2,0,1,0,2,0,0,0,1,1,0,0,0,40.0,0.0,0,2,No n'hi ha,-1.0,3,3,1,0,1,0,0,0,0,0,0,0,0,1,4,5,1,Envestida (frontal lateral),2,1,2,4,3,2,1,14.0,1,2,0,9,1
13478,2017,1,2017-10-13,SE,"SELVA DEL CAMP, LA",Baix Camp,0,0,1,1,3,2,0,0,0,1,0,0,0,20.0,0.0,0,-1,Sense Especificar,-1.0,3,3,1,0,0,0,0,0,0,0,0,0,0,0,4,-1,-1,Atropellament,-1,2,2,5,-1,2,1,10.53,0,3,4,13,10
13479,2017,1,2017-11-25,SE,RUBI,Valles Occidental,3,0,1,0,2,1,0,0,0,1,0,0,0,100.0,0.0,0,2,No n'hi ha,-1.0,3,3,1,0,0,0,0,0,0,0,0,0,0,0,5,-1,0,Atropellament,-1,2,2,5,-1,2,0,18.2,1,3,5,25,11
13480,2017,0,2017-09-11,C-1412a,PONTS,Noguera,2,0,2,3,2,0,0,0,0,2,0,0,0,100.0,0.0,0,2,No n'hi ha,-1.0,3,3,1,0,0,0,0,0,0,0,0,0,0,0,3,-1,1,Col·lisió frontal,-1,1,2,4,2,2,1,23.01,2,2,0,11,9
13481,2017,0,2017-05-05,SE,SANT FRUITOS DE BAGES,Bages,3,0,1,0,2,0,1,0,0,1,0,0,0,30.0,0.0,0,-1,No n'hi ha,-1.0,3,3,1,-1,-1,0,0,-1,0,0,0,0,-1,0,4,-1,-1,Col·lisió frontal,-1,1,2,0,-1,2,1,13.2,0,2,4,5,5
13482,2017,0,2017-08-06,C-62,SANTA MARIA DE MERLE,Bergueda,3,0,1,1,1,0,0,0,1,0,0,0,0,60.0,0.0,0,1,No n'hi ha,-1.0,3,3,1,0,0,0,0,0,0,0,0,0,0,0,4,-1,1,Resta sortides de via,-1,1,2,4,4,2,0,11.18,0,1,6,6,8
13483,2017,0,2017-11-29,BV-5105,CARDEDEU,Valles Oriental,3,0,1,0,2,0,0,0,0,1,1,0,0,100.0,0.0,0,2,No n'hi ha,-1.0,3,3,1,0,0,0,0,0,0,0,0,0,0,0,1,-1,1,Col·lisió frontal,-1,1,2,4,2,2,1,7.33,0,2,2,29,11
13484,2017,1,2017-03-02,SE,BARCELONA,Barcelones,3,0,1,0,2,0,0,0,2,0,0,0,0,100.0,0.0,0,-1,No n'hi ha,-1.0,3,3,1,0,0,0,0,0,0,0,0,0,0,1,4,3,0,Xoc contra objecte/obstacle sense sortida prèvia de via,2,2,2,5,-1,2,1,18.1,1,4,3,2,3
13485,2017,0,2017-05-17,B-124,CASTELLAR DEL VALLES,Valles Occidental,3,0,1,0,2,0,0,0,1,1,0,0,0,50.0,0.0,0,3,No n'hi ha,-1.0,3,3,1,0,0,0,0,0,0,0,0,0,0,1,4,4,1,Altres,1,1,2,4,2,2,1,11.25,0,5,2,17,5
13486,2017,1,2017-01-02,C-13,TERMENS,Noguera,2,0,1,1,1,0,0,0,0,1,0,0,0,100.0,0.0,0,2,No n'hi ha,-1.0,3,3,1,0,0,0,0,0,0,0,0,0,0,0,4,-1,1,Resta sortides de via,-1,0,2,4,2,2,1,14.38,1,1,0,2,1
13487,2017,0,2017-05-05,TV-3002,CAP?ANES,Priorat,0,1,0,0,1,0,0,0,0,1,0,0,0,100.0,0.0,0,3,No n'hi ha,-1.0,3,3,0,0,0,0,0,0,0,0,0,0,0,0,3,-1,1,Resta sortides de via,-1,1,3,4,3,2,0,23.39,2,1,4,5,5
13488,2017,0,2017-12-08,BP-1121,MONISTROL DE MONTSER,Bages,3,0,1,0,1,0,0,0,1,0,0,0,0,100.0,0.0,0,3,No n'hi ha,-1.0,3,3,1,0,0,0,0,0,0,0,0,0,0,0,2,-1,1,Caiguda en la via,-1,1,2,4,2,2,1,9.28,0,0,4,8,12
13489,2017,1,2017-03-22,SE,SANT BOI DE LLOBREGAT,Baix Llobregat,3,0,1,0,2,0,0,0,1,1,0,0,0,20.0,0.0,0,-1,No n'hi ha,-1.0,3,3,1,-1,-1,0,0,-1,0,0,0,0,-1,1,4,4,-1,Envestida (frontal lateral),2,2,2,5,-1,2,1,18.34,1,2,2,22,3
13490,2017,1,2017-02-27,C-243b,SANT SADURNI D'ANOIA,Alt Penedes,3,0,1,0,2,1,0,0,0,1,0,0,0,50.0,0.0,0,2,No n'hi ha,-1.0,3,3,1,0,0,0,0,0,0,0,0,0,0,1,4,2,0,Atropellament,2,0,2,4,0,2,1,17.3,1,3,0,27,2
13491,2017,1,2017-09-29,SE,HOSPITALET DE LLOBREGAT,Barcelones,3,0,1,0,1,0,0,1,0,0,0,0,0,20.0,0.0,0,2,No n'hi ha,-1.0,3,3,1,-1,0,0,0,-1,0,0,0,0,0,1,5,3,1,Caiguda en la via,2,2,2,5,-1,2,1,3.08,2,0,4,29,9
13492,2017,1,2017-12-15,N-II,MATARO,Maresme,3,0,1,0,2,0,0,0,1,1,0,0,0,90.0,0.0,0,-1,No n'hi ha,-1.0,3,3,1,0,0,0,0,0,0,0,0,0,0,1,4,3,-1,Envestida (frontal lateral),0,0,0,4,-1,2,1,10.0,0,2,4,15,12
13494,2017,0,2017-11-12,N-260,ARSEGUEL,Alt Urgell,2,0,1,2,1,0,0,0,0,1,0,0,0,70.0,0.0,0,1,No n'hi ha,-1.0,3,3,1,0,0,0,0,0,0,0,0,0,0,0,4,-1,1,Resta sortides de via,-1,1,2,4,1,2,0,15.46,1,1,6,12,11
13495,2017,1,2017-09-30,SE,SABADELL,Valles Occidental,3,1,0,0,2,0,0,0,1,1,0,0,0,100.0,0.0,0,-1,No n'hi ha,-1.0,3,3,0,0,0,0,0,0,0,0,0,0,0,0,4,-1,-1,Altres,-1,2,2,5,-1,2,0,18.12,1,5,5,30,9
13496,2017,0,2017-07-30,A-2,SANT VICENC DELS HORTS,Baix Llobregat,3,0,1,0,1,0,0,0,0,1,0,0,0,120.0,0.0,0,0,No n'hi ha,-1.0,3,3,1,0,0,0,0,0,0,0,0,0,0,0,4,-1,0,Xoc contra objecte/obstacle sense sortida prèvia de via,-1,1,2,4,1,2,0,15.47,1,4,6,30,7
13497,2017,1,2017-07-14,SE,RUBI,Valles Occidental,3,0,1,0,2,0,0,0,1,1,0,0,0,100.0,0.0,0,-1,No n'hi ha,-1.0,3,3,1,0,0,0,0,0,0,0,0,0,0,0,4,-1,-1,Altres,-1,2,2,5,-1,2,1,11.15,0,5,4,14,7
13498,2017,1,2017-06-26,SE,SALT,Girones,1,0,1,0,2,0,1,0,0,1,0,0,0,20.0,0.0,0,-1,No n'hi ha,-1.0,3,3,1,-1,0,0,0,-1,0,0,0,0,0,1,4,4,0,Envestida (frontal lateral),2,0,2,5,-1,2,1,11.3,0,2,0,26,6
13499,2017,1,2017-02-02,SE,VILAFRANCA DEL PENEDES,Alt Penedes,3,1,0,0,2,1,0,0,0,1,0,0,0,100.0,0.0,0,2,No n'hi ha,-1.0,3,3,0,0,0,0,0,0,0,0,0,0,0,0,4,-1,1,Atropellament,-1,2,2,5,-1,2,1,13.42,0,3,3,2,2
13500,2017,0,2017-12-30,TP-7225,CONSTANTI,Tarragones,0,1,0,0,2,0,0,0,1,1,0,0,0,100.0,0.0,0,0,No n'hi ha,-1.0,3,3,0,0,0,0,0,0,0,0,0,0,0,0,3,-1,1,Xoc contra objecte/obstacle sense sortida prèvia de via,-1,1,2,4,3,2,0,20.35,1,4,5,30,12
13501,2017,0,2017-08-16,N-340,"AMETLLA DE MAR, L'",Baix Ebre,0,0,1,0,1,0,0,0,0,0,1,0,0,80.0,0.0,0,1,No n'hi ha,-1.0,3,3,1,0,0,0,0,0,0,0,0,0,0,0,4,-1,1,Resta sortides de via,-1,1,2,4,1,2,1,16.45,1,1,2,16,8
13502,2017,0,2017-01-15,C-35,HOSTALRIC,Selva,1,2,0,1,2,0,0,0,0,1,1,0,0,100.0,0.0,0,1,No n'hi ha,-1.0,3,3,0,0,0,0,0,0,0,0,0,0,0,0,0,-1,1,Col·lisió frontal,-1,1,2,4,2,2,0,7.32,0,2,6,15,1
13503,2017,1,2017-03-07,SE,GIRONA,Girones,1,0,1,0,1,0,1,0,0,0,0,0,0,40.0,0.0,0,2,No n'hi ha,-1.0,3,3,1,0,0,0,0,0,0,0,0,0,0,0,4,-1,0,Caiguda en la via,-1,2,2,5,-1,2,1,15.43,1,0,1,7,3
13504,2017,0,2017-08-29,C-17,GURB,Osona,3,0,2,0,1,0,0,0,0,1,0,0,0,90.0,0.0,0,-1,Sense Especificar,-1.0,3,3,1,0,0,0,0,0,0,0,0,0,0,0,4,-1,-1,Resta sortides de via,-1,1,2,4,4,2,1,8.57,0,1,1,29,8