,Year,Area,Date,Road,Municipality Name,County Name,Province Name,Fatalties,Serious Injuries,Light Injuries,Units Involved,Pedestrains Involved,Bicycles Involved,Mopeds Involved,Motorcycles,Light Vehicles Involved,Heavy Vehicles Involved,Other Units Involved,Unspecified Units Involved,Road Speed Limit,Accident with Hit and Run,Fog Presence,Surrounding Environment,Special Lane Presence,Special Traffic Measures,Weather Conditions,Special Road Functions,Severity of Accident,Influence of Fog,Influence of Environment,Influence of Traffic,Influence of Weather,Influence of Wind Intensity,Influence of Lighting,Influence of Special Measures,Influence of Road Objects,Influence of Road Surface,Influence of Visibility,Intersection Characteristics,Lighting Conditions,Traffic Regulation and Priority,Direction of Road,Subtype of Accident,Subtype of Road Section,Subzone within Area,Road Surface Conditions,Type of Road,Road Ownership,Wind Conditions,Day of the Week Grouping,Hour of Day,Time of Day Grouping,Type of Accident,Day Type,Day,Month
13505,2017,1,2017-02-02,SE,HOSPITALET DE LLOBREGAT,Barcelones,3,0,1,0,1,0,0,0,1,0,0,0,0,20.0,0.0,0,2,No n'hi ha,-1.0,3,3,1,-1,0,0,0,-1,0,0,0,0,-1,0,5,-1,0,Sortida de via amb bolcada,-1,2,2,5,0,2,1,23.23,2,1,3,2,2
13506,2017,1,2017-06-27,B-122,TERRASSA,Valles Occidental,3,0,1,1,2,0,0,0,0,2,0,0,0,100.0,0.0,0,-1,No n'hi ha,-1.0,3,3,1,0,0,0,0,0,0,0,0,0,0,0,4,-1,-1,Envestida (frontal lateral),-1,0,2,4,-1,2,1,16.35,1,2,1,27,6
13507,2017,1,2017-03-25,B-250,"PRAT DE LLOBREGAT, E",Baix Llobregat,3,0,1,10,2,0,0,0,0,1,1,0,0,90.0,0.0,0,-1,No n'hi ha,-1.0,3,3,1,-1,-1,0,0,-1,0,0,0,0,0,1,4,3,-1,Envestida (frontal lateral),1,0,0,4,-1,2,0,9.0,0,2,5,25,3
13508,2017,0,2017-04-05,B-150,CASTELLBISBAL,Valles Occidental,3,0,1,0,2,0,0,0,1,1,0,0,0,50.0,0.0,0,2,No n'hi ha,-1.0,3,3,1,0,0,0,0,0,0,0,0,0,1,1,4,4,1,Envestida (frontal lateral),1,1,2,4,3,2,1,15.2,1,2,2,5,4
13509,2017,1,2017-09-08,SE,TERRASSA,Valles Occidental,3,0,1,0,2,1,0,0,0,1,0,0,0,100.0,0.0,0,-1,No n'hi ha,-1.0,3,3,1,0,0,0,0,0,0,0,0,0,0,0,4,-1,-1,Atropellament,-1,2,2,5,-1,2,1,9.45,0,3,4,8,9
13510,2017,1,2017-07-07,SE,SANT CUGAT DEL VALLES,Valles Occidental,3,0,1,1,2,0,0,0,1,1,0,0,0,30.0,0.0,0,-1,No n'hi ha,-1.0,3,3,1,-1,-1,0,0,-1,0,0,0,0,0,1,4,4,-1,Envestida (frontal lateral),1,2,2,5,-1,2,0,16.26,1,2,4,7,7
13511,2017,1,2017-08-22,SE,BADALONA,Barcelones,3,0,1,0,2,0,0,0,1,1,0,0,0,20.0,0.0,0,-1,No n'hi ha,-1.0,3,3,1,-1,-1,0,0,-1,0,0,0,0,-1,1,4,3,-1,Envestida (frontal lateral),2,2,2,5,-1,2,1,6.21,0,2,1,22,8
13512,2017,0,2017-12-07,B-400,GUARDIOLA DE BERGUEDA,Bergueda,3,0,2,1,2,0,0,0,0,2,0,0,0,100.0,0.0,0,3,Altres,-1.0,3,3,1,0,0,0,0,0,0,0,0,0,0,0,4,-1,1,Envestida (frontal lateral),-1,1,2,4,2,2,1,10.24,0,2,3,7,12
13513,2017,0,2017-12-22,C-422,"SELVA DEL CAMP, LA",Baix Camp,0,0,1,0,2,0,0,0,0,1,1,0,0,100.0,0.0,0,2,No n'hi ha,-1.0,3,3,1,0,0,0,0,0,0,0,0,0,0,0,3,-1,1,Envestida (frontal lateral),-1,1,2,4,2,2,0,18.09,1,2,4,22,12
13514,2017,1,2017-10-30,C-245,ESPLUGUES DE LLOBREGAT,Baix Llobregat,3,0,1,0,2,0,0,0,1,1,0,0,0,90.0,0.0,0,2,No n'hi ha,-1.0,3,3,1,-1,0,0,0,-1,0,0,0,0,0,1,4,3,0,Encalç,0,0,2,4,-1,2,1,10.32,0,2,0,30,10
13515,2017,0,2017-04-12,GI-610,PALAU-SAVERDERA,Alt Emporda,1,0,1,0,2,0,1,0,0,1,0,0,0,100.0,0.0,0,1,No n'hi ha,-1.0,3,3,1,0,0,0,0,0,0,0,0,0,0,1,4,4,1,Envestida (frontal lateral),1,1,2,4,2,2,1,11.06,0,2,2,12,4
13516,2017,0,2017-12-26,B-20,BADALONA,Barcelones,3,1,0,0,2,0,0,0,1,1,0,0,0,80.0,0.0,0,2,No n'hi ha,-1.0,3,3,0,0,0,0,0,0,0,0,0,0,1,0,3,-1,1,Encalç,-1,1,2,4,2,2,1,6.55,0,2,1,26,12
13517,2017,0,2017-02-04,C-1413a,SANT CUGAT DEL VALLES,Valles Occidental,3,0,1,1,2,0,0,0,1,1,0,0,0,70.0,0.0,0,1,No n'hi ha,-1.0,3,3,1,0,0,0,0,0,0,0,0,0,0,0,0,-1,1,Col·lisió frontal,-1,1,2,4,2,2,0,7.01,0,2,5,4,2
13518,2017,0,2017-05-14,B-433,ORISTA,Osona,3,0,1,1,1,0,0,0,1,0,0,0,0,90.0,0.0,0,-1,Sense Especificar,-1.0,3,3,1,0,0,0,0,0,0,0,0,0,0,0,4,-1,-1,Altres,-1,1,2,4,4,2,0,11.32,0,5,6,14,5
13519,2017,0,2017-04-07,B-10,SANT ADRIA DE BESOS,Barcelones,3,0,1,0,2,0,0,0,1,1,0,0,0,80.0,0.0,0,2,No n'hi ha,-1.0,3,3,1,0,0,0,0,0,0,0,0,0,0,0,4,-1,0,Altres,-1,1,2,4,2,2,1,7.54,0,5,4,7,4
13520,2017,1,2017-05-26,SE,BARCELONA,Barcelones,3,0,1,0,2,0,0,0,1,1,0,0,0,100.0,0.0,1,-1,No n'hi ha,-1.0,3,3,1,0,0,0,0,0,0,0,0,0,0,1,4,-1,0,Encalç,2,2,2,5,-1,2,0,15.15,1,2,4,26,5
13521,2017,0,2017-06-01,C-17,PARETS DEL VALLES,Valles Oriental,3,0,1,0,2,0,0,0,0,0,2,0,0,100.0,0.0,0,0,Carril lent,-1.0,3,3,1,0,0,0,0,0,0,0,0,0,0,2,4,2,1,Encalç,3,1,2,4,2,2,1,10.41,0,2,3,1,6
13522,2017,0,2017-07-05,C-32,ESPLUGUES DE LLOBREGAT,Baix Llobregat,3,0,1,0,2,0,0,0,1,1,0,0,0,80.0,0.0,0,2,No n'hi ha,-1.0,3,3,1,0,0,0,0,0,0,0,0,0,0,0,4,-1,0,Fregament o col·lisió lateral,-1,1,2,4,2,2,1,14.52,1,2,2,5,7
13523,2017,1,2017-07-31,SE,SANT FRUITOS DE BAGES,Bages,3,0,1,0,2,0,0,0,1,1,0,0,0,30.0,0.0,0,-1,No n'hi ha,-1.0,3,3,1,-1,0,0,0,-1,0,0,0,0,-1,1,5,4,1,Envestida (frontal lateral),0,2,2,5,0,2,1,23.47,2,2,0,31,7
13524,2017,1,2017-11-15,SE,SANT ADRIA DE BESOS,Barcelones,3,0,1,0,2,0,0,0,1,1,0,0,0,100.0,0.0,0,2,No n'hi ha,-1.0,3,3,1,0,0,0,0,0,0,0,0,0,0,1,5,-1,1,Envestida (frontal lateral),1,2,2,5,-1,2,1,21.0,1,2,2,15,11
13525,2017,0,2017-10-08,B-142,SENTMENAT,Valles Occidental,3,0,1,1,2,0,0,0,0,2,0,0,0,50.0,0.0,0,0,No n'hi ha,-1.0,3,3,1,0,0,0,0,0,0,0,0,0,0,0,4,-1,1,Col·lisió frontal,-1,1,2,4,3,2,0,15.14,1,2,6,8,10
13526,2017,0,2017-03-19,AP-7,"ROCA DEL VALLES, LA",Valles Oriental,3,0,1,0,1,0,0,0,0,1,0,0,0,100.0,0.0,0,1,No n'hi ha,-1.0,3,3,1,0,0,0,0,0,0,0,0,0,0,0,5,-1,0,Resta sortides de via,-1,1,2,4,1,2,0,4.27,2,1,6,19,3
13527,2017,0,2017-08-23,AP-7,VILAFRANCA DEL PENEDES,Alt Penedes,3,0,1,0,1,0,0,0,1,0,0,0,0,60.0,0.0,0,2,Carril d'alentiment,-1.0,3,3,1,0,0,0,0,0,0,0,0,0,0,2,4,2,0,Caiguda en la via,3,1,2,4,1,2,1,19.43,1,0,2,23,8
13528,2017,1,2017-05-23,SE,OLESA DE MONTSERRAT,Baix Llobregat,3,0,1,0,2,1,0,0,0,1,0,0,0,20.0,0.0,0,-1,No n'hi ha,-1.0,3,3,1,-1,-1,0,0,-1,0,0,0,0,-1,0,4,-1,-1,Atropellament,-1,2,2,5,-1,2,1,20.26,1,3,1,23,5
13529,2017,1,2017-08-24,SE,LLEIDA,Segria,2,0,1,0,2,1,0,0,0,1,0,0,0,20.0,0.0,0,-1,No n'hi ha,-1.0,3,3,1,0,-1,0,0,0,0,0,0,0,0,0,1,-1,-1,Atropellament,-1,2,2,5,-1,2,1,20.45,1,3,3,24,8
13530,2017,0,2017-07-02,C-61,ARENYS DE MUNT,Maresme,3,0,1,0,2,0,0,0,1,1,0,0,0,100.0,0.0,0,1,No n'hi ha,-1.0,3,3,1,0,0,0,0,0,0,0,0,0,0,1,4,4,1,Envestida (frontal lateral),1,1,2,4,2,2,0,18.06,1,2,6,2,7
13531,2017,0,2017-09-26,CR,CAMARASA,Noguera,2,0,1,1,1,0,0,0,0,1,0,0,0,60.0,0.0,0,1,No n'hi ha,-1.0,3,3,1,0,0,0,0,0,0,0,0,0,0,0,4,-1,1,Resta sortides de via,-1,1,2,4,0,2,1,15.42,1,1,1,26,9
13532,2017,1,2017-03-22,SE,SANTA COLOMA DE GRAMANET,Barcelones,3,0,1,0,2,0,0,0,1,1,0,0,0,20.0,0.0,0,-1,No n'hi ha,-1.0,3,3,1,0,-1,0,0,0,0,0,0,0,0,1,4,3,-1,Envestida (frontal lateral),2,2,2,5,-1,2,1,15.15,1,2,2,22,3
13533,2017,0,2017-05-13,SE,SANT VICENC DE TORELLO,Osona,3,0,1,0,2,0,0,0,1,1,0,0,0,100.0,0.0,0,1,No n'hi ha,-1.0,3,3,1,0,0,0,0,0,0,0,0,0,0,1,4,5,1,Fregament o col·lisió lateral,2,1,2,0,0,2,0,12.35,0,2,5,13,5
13534,2017,0,2017-05-30,N-154,PUIGCERDA,Cerdanya,1,0,1,0,1,0,0,0,0,0,1,0,0,100.0,0.0,0,2,No n'hi ha,-1.0,1,3,1,0,0,0,0,0,0,0,0,0,0,0,2,-1,1,Resta sortides de via,-1,1,2,4,1,2,1,12.53,0,1,1,30,5
13535,2017,1,2017-02-09,SE,SABADELL,Valles Occidental,3,0,1,0,2,0,0,0,1,1,0,0,0,100.0,0.0,0,3,No n'hi ha,-1.0,3,3,1,0,0,0,0,0,0,0,0,0,1,1,1,4,1,Envestida (frontal lateral),0,2,2,5,2,2,1,16.15,1,2,3,9,2
13536,2017,1,2017-09-30,SE,GRANOLLERS,Valles Oriental,3,0,1,0,2,0,0,0,1,1,0,0,0,100.0,0.0,0,2,No n'hi ha,-1.0,3,3,1,0,0,0,0,0,0,0,0,0,0,2,4,5,1,Caiguda en la via,-1,2,2,5,-1,2,0,11.35,0,0,5,30,9
13537,2017,0,2017-06-11,T-11,TARRAGONA,Tarragones,0,0,1,0,2,0,0,0,1,1,0,0,0,90.0,0.0,0,-1,Sense Especificar,-1.0,3,3,1,0,0,0,0,0,0,0,0,0,0,2,4,4,-1,Altres,0,1,2,4,4,2,0,9.43,0,5,6,11,6
13538,2017,1,2017-12-21,SE,REUS,Baix Camp,0,0,1,1,1,0,0,0,1,0,0,0,0,100.0,0.0,0,-1,No n'hi ha,-1.0,3,3,1,0,0,0,0,0,0,0,0,0,0,0,4,-1,-1,Altres,-1,2,2,5,-1,2,1,18.1,1,5,3,21,12
13539,2017,0,2017-07-23,C-32,ARENYS DE MAR,Maresme,3,0,1,1,2,0,0,0,0,2,0,0,0,90.0,0.0,0,2,No n'hi ha,-1.0,3,3,1,0,0,0,0,0,0,0,0,0,0,0,4,-1,0,Altres,-1,1,2,4,2,2,0,10.2,0,5,6,23,7
13540,2017,1,2017-09-02,C-246,CASTELLDEFELS,Baix Llobregat,3,0,1,0,2,0,0,0,1,1,0,0,0,50.0,0.0,0,2,No n'hi ha,-1.0,3,3,1,0,0,0,0,0,1,0,0,0,0,0,4,-1,1,Envestida (frontal lateral),-1,0,2,4,-1,2,0,18.4,1,2,5,2,9
13541,2017,1,2017-03-02,SE,GRANOLLERS,Valles Oriental,3,0,1,0,2,1,0,0,0,1,0,0,0,100.0,0.0,0,2,No n'hi ha,-1.0,3,3,1,0,0,0,0,0,0,0,0,0,0,0,4,-1,1,Atropellament,-1,2,2,5,-1,2,1,15.35,1,3,3,2,3
13542,2017,1,2017-02-17,SE,GAVA,Baix Llobregat,3,0,1,0,2,0,1,0,0,1,0,0,0,20.0,0.0,0,-1,No n'hi ha,-1.0,3,3,1,-1,0,0,0,-1,0,0,0,0,-1,1,4,4,1,Envestida (frontal lateral),1,2,2,5,-1,2,1,13.29,0,2,4,17,2
13543,2017,1,2017-03-04,SE,BARCELONA,Barcelones,3,0,2,0,3,2,0,0,0,1,0,0,0,100.0,0.0,0,-1,No n'hi ha,-1.0,1,3,1,0,0,0,0,0,0,0,0,0,1,1,5,3,1,Atropellament,2,2,0,5,-1,2,0,0.44,2,3,5,4,3
13544,2017,0,2017-07-09,AP-7,CASTELLET I LA GORNA,Alt Penedes,3,0,2,1,1,0,0,0,0,1,0,0,0,100.0,0.0,0,1,No n'hi ha,-1.0,3,3,1,0,0,0,0,0,0,0,0,0,0,0,4,-1,1,Xoc contra objecte/obstacle sense sortida prèvia de via,-1,1,2,4,1,2,0,17.03,1,4,6,9,7
13545,2017,1,2017-08-09,SE,CASTELLDEFELS,Baix Llobregat,3,0,1,0,2,0,0,0,1,1,0,0,0,100.0,0.0,0,-1,No n'hi ha,-1.0,3,3,1,0,0,0,0,0,0,0,0,0,0,0,4,-1,-1,Envestida (frontal lateral),-1,2,2,5,-1,2,1,9.4,0,2,2,9,8
13546,2017,0,2017-08-25,N-II,"MASNOU, EL",Maresme,3,0,1,0,2,0,1,0,0,1,0,0,0,90.0,0.0,0,-1,Sense Especificar,-1.0,3,3,1,0,0,0,0,0,0,0,0,0,0,1,4,2,-1,Fregament o col·lisió lateral,3,1,2,4,4,2,1,7.45,0,2,4,25,8
13547,2017,1,2017-07-09,SE,"VENDRELL, EL",Baix Penedes,0,0,1,1,3,2,0,0,0,1,0,0,0,40.0,0.0,0,-1,No n'hi ha,-1.0,3,3,1,-1,0,0,0,-1,0,0,0,0,0,1,4,4,0,Atropellament,1,2,2,5,-1,2,0,18.5,1,3,6,9,7
13548,2017,1,2017-07-21,SE,IGUALADA,Anoia,3,0,1,1,3,2,0,0,0,1,0,0,0,50.0,0.0,0,2,No n'hi ha,-1.0,3,3,1,-1,0,0,0,-1,0,0,0,0,-1,1,4,2,0,Atropellament,2,2,2,5,0,2,1,10.24,0,3,4,21,7
13549,2017,0,2017-12-20,CR09,"AMETLLA DE MAR, L'",Baix Ebre,0,0,2,0,2,0,0,0,1,1,0,0,0,100.0,0.0,0,0,No n'hi ha,-1.0,3,3,1,0,0,0,0,0,0,0,0,0,1,0,1,-1,1,Fregament o col·lisió lateral,-1,1,2,3,0,2,1,17.4,1,2,2,20,12
13550,2017,1,2017-03-29,SE,BARCELONA,Barcelones,3,0,1,0,2,1,0,0,0,1,0,0,0,100.0,0.0,0,-1,No n'hi ha,-1.0,3,3,1,0,0,0,0,0,0,0,0,0,0,1,4,3,1,Atropellament,1,2,2,5,-1,2,1,17.15,1,3,2,29,3
13551,2017,0,2017-10-15,C-14,VILANOVA DE L'AGUDA,Noguera,2,0,1,1,2,0,0,0,0,2,0,0,0,70.0,0.0,0,2,No n'hi ha,-1.0,3,3,1,0,0,0,0,0,0,0,0,0,0,1,3,4,1,Envestida (frontal lateral),0,1,2,4,2,2,0,19.22,1,2,6,15,10
13552,2017,1,2017-03-13,SE,BADALONA,Barcelones,3,0,1,1,2,0,0,0,1,1,0,0,0,30.0,0.0,0,2,No n'hi ha,-1.0,3,3,1,0,0,0,0,0,0,0,0,0,0,1,4,4,0,Envestida (frontal lateral),2,2,2,5,-1,2,1,13.4,0,2,0,13,3
13553,2017,1,2017-05-29,SE,SANT PERE PESCADOR,Alt Emporda,1,0,1,0,2,0,1,0,0,1,0,0,0,20.0,0.0,0,-1,Sense Especificar,-1.0,3,3,1,0,0,0,0,0,0,0,0,0,0,1,4,4,-1,Envestida (frontal lateral),1,2,2,5,-1,2,1,11.57,0,2,0,29,5
13554,2017,1,2017-03-05,SE,SALOU,Tarragones,0,0,1,0,2,0,1,0,0,1,0,0,0,30.0,0.0,0,2,No n'hi ha,-1.0,3,3,1,0,0,0,0,0,0,0,0,0,0,1,4,2,1,Envestida (frontal lateral),2,2,2,5,-1,2,0,12.25,0,2,6,5,3
13555,2017,0,2017-06-12,LV-4241,GUIXERS,Solsones,2,1,0,0,1,0,0,0,1,0,0,0,0,100.0,0.0,0,1,No n'hi ha,-1.0,3,3,0,0,0,0,0,0,0,0,0,0,0,0,4,-1,1,Caiguda en la via,-1,1,2,4,4,2,1,12.23,0,0,0,12,6
13556,2017,0,2017-07-12,C-32,VILASSAR DE DALT,Maresme,3,1,0,0,1,0,0,0,0,1,0,0,0,100.0,0.0,0,-1,No n'hi ha,-1.0,3,3,0,0,0,0,0,0,0,0,0,0,0,0,4,-1,-1,Xoc contra objecte/obstacle sense sortida prèvia de via,-1,1,2,4,-1,2,1,15.17,1,4,2,12,7
13557,2017,0,2017-03-31,A-2,RIBERA D'ONDARA,Segarra,2,0,1,0,2,0,0,0,0,1,1,0,0,100.0,0.0,0,2,No n'hi ha,-1.0,3,3,1,0,0,0,0,0,0,0,0,0,0,0,3,-1,0,Encalç,-1,1,2,4,1,2,1,6.41,0,2,4,31,3
13558,2017,1,2017-12-07,SE,BADALONA,Barcelones,3,0,1,0,2,1,0,0,0,1,0,0,0,20.0,0.0,0,-1,No n'hi ha,-1.0,3,3,1,-1,0,0,0,-1,0,0,0,0,-1,1,4,3,1,Atropellament,2,2,2,5,-1,2,1,12.56,0,3,3,7,12
13559,2017,0,2017-07-28,AP-7,SANTA PERPETUA DE MO,Valles Occidental,3,0,1,0,2,0,0,0,0,1,1,0,0,100.0,0.0,0,2,No n'hi ha,-1.0,3,3,1,0,0,0,0,0,0,0,0,0,0,0,4,-1,0,Fregament o col·lisió lateral,-1,1,2,4,1,2,1,7.0,0,2,4,28,7
13560,2017,1,2017-02-23,SE,AMPOSTA,Montsia,0,0,1,0,2,1,0,0,1,0,0,0,0,100.0,0.0,0,2,No n'hi ha,-1.0,3,3,1,0,0,0,0,0,0,0,0,0,0,0,4,-1,0,Atropellament,-1,2,2,5,-1,2,1,16.56,1,3,3,23,2
13561,2017,1,2017-04-27,SE,"SELVA DEL CAMP, LA",Baix Camp,0,0,1,0,1,0,0,0,0,0,1,0,0,20.0,0.0,0,-1,Sense Especificar,-1.0,3,3,1,0,0,0,0,0,0,0,0,0,0,0,4,-1,-1,Resta sortides de via,-1,2,2,5,-1,2,1,17.56,1,1,3,27,4
13562,2017,1,2017-11-21,SE,"VENDRELL, EL",Baix Penedes,0,0,1,0,2,1,0,0,0,1,0,0,0,40.0,0.0,0,2,No n'hi ha,-1.0,3,3,1,-1,0,0,0,-1,0,0,0,0,-1,0,4,-1,1,Atropellament,-1,2,2,5,-1,2,1,9.08,0,3,1,21,11
13563,2017,0,2017-06-13,TV-7232,BATEA,Terra Alta,0,0,1,0,1,0,0,0,0,0,1,0,0,100.0,0.0,0,1,No n'hi ha,-1.0,3,3,1,0,0,0,0,0,0,0,0,0,0,0,4,-1,1,Xoc contra objecte/obstacle sense sortida prèvia de via,-1,1,2,4,3,2,1,12.47,0,4,1,13,6
13564,2017,1,2017-09-07,SE,BARCELONA,Barcelones,3,0,1,0,2,0,0,0,1,1,0,0,0,100.0,0.0,1,-1,No n'hi ha,-1.0,3,3,1,0,0,0,0,0,0,0,0,0,0,0,4,-1,0,Fregament o col·lisió lateral,-1,2,2,5,-1,2,1,15.3,1,2,3,7,9
13565,2017,1,2017-11-04,BP-5002,ALELLA,Maresme,3,1,0,0,1,0,0,0,1,0,0,0,0,90.0,0.0,0,0,No n'hi ha,-1.0,3,3,0,-1,0,0,0,-1,0,0,0,0,-1,0,3,-1,1,Xoc contra objecte/obstacle sense sortida prèvia de via,-1,0,2,4,3,2,0,1.1,2,4,5,4,11
13566,2017,0,2017-05-09,C-31,VILANOVA I LA GELTRU,Garraf,3,0,1,0,2,0,1,0,0,1,0,0,0,100.0,0.0,0,3,No n'hi ha,-1.0,3,3,1,0,0,0,0,0,0,0,0,0,0,0,4,-1,1,Xoc contra objecte/obstacle sense sortida prèvia de via,-1,1,2,4,2,2,1,10.08,0,4,1,9,5
13567,2017,1,2017-07-30,SE,BADALONA,Barcelones,3,0,1,5,4,0,0,0,0,4,0,0,0,20.0,0.0,0,-1,No n'hi ha,-1.0,3,3,1,-1,0,0,0,-1,0,0,0,0,-1,1,5,4,0,Envestida (frontal lateral),2,2,2,5,-1,2,0,5.45,2,2,6,30,7
13568,2017,0,2017-08-23,C-230a,SARROCA DE LLEIDA,Segria,2,0,1,0,2,0,1,0,0,1,0,0,0,90.0,0.0,0,1,No n'hi ha,-1.0,3,3,1,0,0,0,0,0,0,0,0,0,0,0,4,-1,1,Col·lisió frontal,-1,1,2,4,3,2,1,16.59,1,2,2,23,8
13569,2017,1,2017-10-17,SE,TERRASSA,Valles Occidental,3,0,1,0,2,0,0,0,1,1,0,0,0,100.0,0.0,0,2,No n'hi ha,-1.0,3,3,1,0,0,0,0,0,0,0,0,0,0,2,1,5,1,Envestida (frontal lateral),1,2,2,5,-1,2,1,17.55,1,2,1,17,10
13570,2017,0,2017-02-21,N-230,ARRES,Val d'Aran,2,0,1,1,1,0,0,0,0,1,0,0,0,100.0,0.0,0,1,No n'hi ha,-1.0,3,3,1,0,0,0,0,0,0,0,0,0,0,0,4,-1,1,Resta sortides de via,-1,1,2,4,1,2,1,11.25,0,1,1,21,2
13571,2017,1,2017-11-05,SE,SANTA COLOMA DE GRAMANET,Barcelones,3,0,1,0,2,0,1,0,0,1,0,0,0,30.0,0.0,0,2,No n'hi ha,-1.0,3,3,1,-1,0,0,0,-1,0,0,0,0,0,0,4,-1,1,Encalç,-1,2,2,5,-1,2,0,9.2,0,2,6,5,11
13572,2017,1,2017-03-04,SE,SANT BOI DE LLOBREGAT,Baix Llobregat,3,0,1,0,2,1,0,0,0,1,0,0,0,20.0,0.0,0,-1,No n'hi ha,-1.0,1,3,1,-1,-1,0,0,-1,0,0,0,0,0,1,2,4,1,Atropellament,0,2,0,5,-1,2,0,8.2,0,3,5,4,3
13573,2017,1,2017-09-28,SE,BARCELONA,Barcelones,3,0,1,0,2,0,0,0,1,1,0,0,0,100.0,0.0,1,-1,Altres,-1.0,3,3,1,0,0,0,0,0,0,0,0,0,0,0,4,-1,1,Caiguda en la via,-1,2,2,5,-1,2,1,17.0,1,0,3,28,9
13575,2017,0,2017-01-30,N-II,ALCARRAS,Segria,2,0,1,1,2,0,0,0,0,2,0,0,0,80.0,0.0,0,2,No n'hi ha,-1.0,3,3,1,0,0,0,0,0,0,0,0,0,0,0,4,-1,1,Envestida (frontal lateral),-1,1,2,4,1,2,1,11.01,0,2,0,30,1
13576,2017,0,2017-09-13,C-33,MOLLET DEL VALLES,Valles Oriental,3,0,1,0,2,0,0,0,1,1,0,0,0,120.0,0.0,0,2,No n'hi ha,5.0,3,3,1,0,0,0,0,0,0,1,0,0,0,0,4,-1,1,Fregament o col·lisió lateral,-1,1,2,4,2,2,1,12.26,0,2,2,13,9
13577,2017,0,2017-01-31,A-7,TARRAGONA,Tarragones,0,0,2,0,2,0,0,0,0,0,1,1,0,90.0,0.0,0,-1,Sense Especificar,-1.0,3,3,1,0,0,0,0,0,0,0,0,0,0,0,4,-1,-1,Encalç,-1,1,2,4,4,2,1,7.22,0,2,1,31,1
13578,2017,0,2017-07-15,C-15z,VILAFRANCA DEL PENEDES,Alt Penedes,3,0,1,0,1,0,0,0,0,1,0,0,0,100.0,0.0,0,2,No n'hi ha,-1.0,3,3,1,0,0,0,0,0,0,0,0,0,0,0,4,-1,1,Resta sortides de via,-1,1,2,4,0,2,0,11.35,0,1,5,15,7
13579,2017,1,2017-11-23,SE,SABADELL,Valles Occidental,3,0,1,0,2,1,0,0,0,0,1,0,0,100.0,0.0,0,-1,No n'hi ha,-1.0,3,3,1,0,0,0,0,0,0,0,0,0,0,0,4,-1,-1,Altres,-1,2,2,5,-1,2,1,21.54,1,5,3,23,11
13580,2017,0,2017-07-08,C-1412b,TREMP,Pallars Jussa,2,0,3,1,3,0,0,0,0,3,0,0,0,100.0,0.0,0,2,No n'hi ha,-1.0,3,3,1,0,0,0,0,0,0,0,0,0,0,0,4,-1,1,Col·lisió frontal,-1,1,2,4,2,2,0,12.48,0,2,5,8,7
13581,2017,0,2017-07-08,N-IIa,FIGUERES,Alt Emporda,1,0,1,2,2,1,0,0,0,1,0,0,0,80.0,0.0,0,2,No n'hi ha,-1.0,3,3,1,0,0,0,0,0,1,0,0,0,0,0,3,-1,1,Atropellament,-1,1,2,4,1,2,0,23.5,2,3,5,8,7
13582,2017,0,2017-11-14,C-37,VALLS,Alt Camp,0,1,1,0,2,0,0,0,0,1,1,0,0,100.0,0.0,0,2,No n'hi ha,-1.0,3,3,0,0,0,0,0,0,0,0,0,0,0,0,4,-1,1,Col·lisió frontal,-1,1,2,4,2,2,1,15.38,1,2,1,14,11
13583,2017,0,2017-07-05,B-224,PIERA,Anoia,3,0,1,0,2,0,0,0,1,1,0,0,0,90.0,0.0,0,-1,Sense Especificar,-1.0,3,3,1,0,0,0,0,0,0,0,0,0,0,1,4,4,-1,Envestida (frontal lateral),2,1,2,4,4,2,1,17.51,1,2,2,5,7
13584,2017,0,2017-03-12,C-1413a,SENTMENAT,Valles Occidental,3,0,1,1,2,0,0,0,2,0,0,0,0,100.0,0.0,0,2,No n'hi ha,-1.0,3,3,1,0,0,0,0,0,0,0,0,0,0,0,4,-1,1,Caiguda en la via,-1,1,2,4,2,2,0,10.39,0,0,6,12,3
13585,2017,1,2017-06-28,SE,BADALONA,Barcelones,3,0,1,0,1,0,1,0,0,0,0,0,0,20.0,0.0,0,-1,No n'hi ha,-1.0,3,3,1,0,0,0,0,0,0,0,0,0,0,0,4,-1,-1,Caiguda en la via,-1,2,2,5,-1,2,1,12.17,0,0,2,28,6
13586,2017,1,2017-01-17,SE,BARCELONA,Barcelones,3,0,1,0,2,0,1,0,0,0,1,0,0,100.0,0.0,0,-1,Carril bus,-1.0,3,3,1,0,0,0,0,0,0,0,0,0,1,1,4,3,1,Envestida (frontal lateral),2,2,2,5,-1,2,1,14.45,1,2,1,17,1
13587,2017,0,2017-02-22,N-420,REUS,Baix Camp,0,1,0,0,1,0,0,0,1,0,0,0,0,20.0,0.0,0,3,No n'hi ha,0.0,3,3,0,0,1,0,0,0,0,0,0,0,0,0,3,-1,0,Xoc contra objecte/obstacle sense sortida prèvia de via,-1,1,2,4,2,2,1,4.45,2,4,2,22,2
13588,2017,0,2017-02-12,N-340,CERVELLO,Baix Llobregat,3,0,1,1,2,0,0,0,0,2,0,0,0,80.0,0.0,0,1,Carril lent,-1.0,1,3,1,0,0,0,0,0,0,0,0,0,0,0,3,-1,1,Col·lisió frontal,-1,1,2,4,1,2,0,6.32,0,2,6,12,2