,Year,Area,Date,Road,Municipality Name,County Name,Province Name,Fatalties,Serious Injuries,Light Injuries,Units Involved,Pedestrains Involved,Bicycles Involved,Mopeds Involved,Motorcycles,Light Vehicles Involved,Heavy Vehicles Involved,Other Units Involved,Unspecified Units Involved,Road Speed Limit,Accident with Hit and Run,Fog Presence,Surrounding Environment,Special Lane Presence,Special Traffic Measures,Weather Conditions,Special Road Functions,Severity of Accident,Influence of Fog,Influence of Environment,Influence of Traffic,Influence of Weather,Influence of Wind Intensity,Influence of Lighting,Influence of Special Measures,Influence of Road Objects,Influence of Road Surface,Influence of Visibility,Intersection Characteristics,Lighting Conditions,Traffic Regulation and Priority,Direction of Road,Subtype of Accident,Subtype of Road Section,Subzone within Area,Road Surface Conditions,Type of Road,Road Ownership,Wind Conditions,Day of the Week Grouping,Hour of Day,Time of Day Grouping,Type of Accident,Day Type,Day,Month
13673,2017,1,2017-06-30,SE,OLESA DE MONTSERRAT,Baix Llobregat,3,0,1,0,2,1,0,1,0,0,0,0,0,20.0,0.0,0,-1,No n'hi ha,-1.0,3,3,1,-1,-1,0,0,-1,0,0,0,0,-1,1,4,4,-1,Atropellament,2,2,2,5,-1,2,0,18.58,1,3,4,30,6
13674,2017,1,2017-12-29,SE,TERRASSA,Valles Occidental,3,0,1,1,2,0,0,0,0,2,0,0,0,100.0,0.0,0,-1,No n'hi ha,-1.0,3,3,1,0,0,0,0,0,0,0,0,0,0,0,4,-1,-1,Col·lisió frontal,-1,2,2,5,-1,2,1,12.5,0,2,4,29,12
13675,2017,0,2017-02-03,A-27,CONSTANTI,Tarragones,0,0,1,1,3,0,0,0,0,3,0,0,0,100.0,0.0,0,2,No n'hi ha,-1.0,3,3,1,0,0,0,0,0,0,0,0,0,0,0,3,-1,0,Altres,-1,1,2,1,1,2,0,21.26,1,5,4,3,2
13676,2017,1,2017-02-22,SE,DELTEBRE,Baix Ebre,0,1,0,0,2,0,0,0,0,1,0,1,0,100.0,0.0,0,2,No n'hi ha,-1.0,3,3,0,0,0,0,0,0,0,0,0,0,0,0,5,-1,1,Envestida (frontal lateral),-1,2,2,5,-1,2,1,19.2,1,2,2,22,2
13677,2017,1,2017-06-14,SE,BARCELONA,Barcelones,3,0,1,0,2,1,0,0,1,0,0,0,0,100.0,0.0,1,-1,No n'hi ha,-1.0,3,3,1,0,0,0,0,0,0,0,0,0,0,0,4,-1,0,Atropellament,-1,2,2,5,-1,2,1,19.15,1,3,2,14,6
13678,2017,1,2017-01-02,SE,LLICA D'AMUNT,Valles Oriental,3,0,1,0,1,0,0,0,1,0,0,0,0,100.0,0.0,0,2,No n'hi ha,-1.0,3,3,1,0,0,0,1,0,0,0,0,0,0,2,4,4,1,Caiguda en la via,2,2,2,5,-1,2,1,8.2,0,0,0,2,1
13679,2017,1,2017-07-03,SE,SANT ANDREU DE LLAVANERES,Maresme,3,0,1,0,2,0,0,0,1,1,0,0,0,20.0,0.0,0,-1,No n'hi ha,-1.0,3,3,1,0,-1,0,0,0,0,0,0,0,0,0,4,-1,-1,Col·lisió frontal,-1,2,2,5,-1,2,1,10.0,0,2,0,3,7
13680,2017,0,2017-06-01,GI-632,BELLCAIRE D'EMPORDA,Baix Emporda,1,0,1,0,2,0,0,0,1,1,0,0,0,100.0,0.0,0,1,No n'hi ha,-1.0,3,3,1,0,0,0,0,0,0,0,0,0,0,0,4,-1,1,Encalç,-1,1,2,4,3,2,1,10.56,0,2,3,1,6
13681,2017,0,2017-12-07,C-250,QUART,Girones,1,0,2,0,2,0,0,1,0,1,0,0,0,100.0,0.0,0,2,No n'hi ha,-1.0,3,3,1,0,0,0,0,0,0,0,0,0,0,0,3,-1,1,Encalç,-1,1,2,4,3,2,1,19.33,1,2,3,7,12
13682,2017,1,2017-07-05,SE,SANT JOAN LES FONTS,Garrotxa,1,0,1,0,2,0,0,1,0,1,0,0,0,50.0,0.0,0,2,No n'hi ha,-1.0,3,3,1,0,0,0,0,0,1,0,0,0,0,1,4,4,1,Col·lisió frontal,1,2,2,5,0,2,1,8.55,0,2,2,5,7
13683,2017,0,2017-03-19,GI-681,TOSSA DE MAR,Selva,1,0,1,0,1,0,0,0,1,0,0,0,0,100.0,0.0,0,1,No n'hi ha,-1.0,3,3,1,0,0,0,0,0,0,0,0,0,0,0,4,-1,1,Caiguda en la via,-1,1,2,4,2,2,0,12.35,0,0,6,19,3
13684,2017,1,2017-08-18,SE,IVARS D'URGELL,Pla d'Urgell,2,0,1,0,1,0,0,0,1,0,0,0,0,20.0,0.0,0,-1,Sense Especificar,-1.0,3,3,1,0,0,0,0,0,0,0,0,0,0,0,4,-1,-1,Altres,-1,2,2,5,-1,2,0,22.08,2,5,4,18,8
13685,2017,1,2017-04-20,SE,MALGRAT DE MAR,Maresme,3,1,0,0,2,1,0,0,0,1,0,0,0,40.0,0.0,0,-1,No n'hi ha,-1.0,3,3,0,-1,0,0,0,-1,0,0,0,0,-1,0,4,-1,-1,Atropellament,-1,2,2,5,-1,2,1,11.18,0,3,3,20,4
13686,2017,0,2017-09-17,BP-1413,CERDANYOLA DEL VALLES,Valles Occidental,3,0,1,0,3,0,3,0,0,0,0,0,0,50.0,0.0,0,3,No n'hi ha,-1.0,3,3,1,0,0,0,0,0,0,0,0,0,0,0,4,-1,1,Caiguda en la via,-1,1,2,4,3,2,0,11.57,0,0,6,17,9
13687,2017,0,2017-05-28,N-260,FONTANALS DE CERDANYA,Cerdanya,1,0,1,0,2,0,0,0,1,1,0,0,0,50.0,0.0,0,3,No n'hi ha,-1.0,3,3,1,0,0,0,0,0,0,0,0,0,0,0,4,-1,1,Col·lisió frontal,-1,1,2,4,1,2,0,12.41,0,2,6,28,5
13688,2017,0,2017-03-12,CR,AMPOSTA,Montsia,0,0,1,0,1,0,0,1,0,0,0,0,0,100.0,0.0,0,1,No n'hi ha,-1.0,3,3,1,0,0,0,0,0,0,0,0,0,1,0,3,-1,1,Caiguda en la via,-1,1,2,4,0,2,0,20.31,1,0,6,12,3
13689,2017,1,2017-12-14,SE,BARCELONA,Barcelones,3,0,1,0,2,1,0,0,0,1,0,0,0,100.0,0.0,1,-1,No n'hi ha,-1.0,3,3,1,0,0,0,0,0,0,0,0,0,0,0,4,-1,0,Atropellament,-1,2,2,5,-1,2,1,11.45,0,3,3,14,12
13690,2017,1,2017-01-15,SE,BARCELONA,Barcelones,3,0,1,0,2,1,0,0,0,1,0,0,0,100.0,0.0,0,-1,No n'hi ha,-1.0,3,3,1,0,0,0,0,0,0,0,0,0,0,0,4,-1,0,Atropellament,-1,2,2,5,-1,2,0,12.45,0,3,6,15,1
13691,2017,1,2017-01-07,SE,CASSA DE LA SELVA,Girones,1,0,1,0,3,0,0,0,1,2,0,0,0,30.0,0.0,0,2,No n'hi ha,-1.0,3,3,1,0,0,0,0,0,0,0,0,0,0,0,5,-1,1,Encalç,-1,2,2,5,-1,2,0,18.25,1,2,5,7,1
13692,2017,0,2017-08-02,L-912,ISONA I CONCA DELLA,Pallars Jussa,2,0,1,1,2,0,0,0,0,2,0,0,0,100.0,0.0,0,1,No n'hi ha,-1.0,3,3,1,0,0,0,0,0,0,0,0,0,0,0,4,-1,1,Col·lisió frontal,-1,1,2,4,3,2,1,10.15,0,2,2,2,8
13693,2017,1,2017-02-25,SE,TARRAGONA,Tarragones,0,0,1,0,2,1,0,0,0,0,1,0,0,20.0,0.0,0,2,No n'hi ha,-1.0,3,3,1,-1,0,0,0,-1,0,0,0,0,-1,1,4,4,1,Atropellament,0,2,2,5,-1,2,0,11.36,0,3,5,25,2
13694,2017,1,2017-11-21,SE,BARCELONA,Barcelones,3,0,1,0,2,0,0,0,1,0,1,0,0,100.0,0.0,1,-1,No n'hi ha,-1.0,3,3,1,0,0,0,0,0,0,0,0,0,0,0,4,-1,0,Envestida (frontal lateral),-1,2,2,5,-1,2,1,8.35,0,2,1,21,11
13695,2017,1,2017-06-04,SE,HOSPITALET DE LLOBREGAT,Barcelones,3,0,1,0,2,1,1,0,0,0,0,0,0,20.0,0.0,0,2,No n'hi ha,-1.0,3,3,1,-1,0,0,0,-1,0,0,0,0,0,0,4,-1,0,Atropellament,-1,2,0,5,-1,2,0,19.2,1,3,6,4,6
13696,2017,0,2017-12-17,B-211,SANT PERE DE RIBES,Garraf,3,0,1,0,1,0,0,0,1,0,0,0,0,70.0,0.0,0,2,No n'hi ha,-1.0,3,3,1,0,0,0,0,0,0,0,0,0,0,0,3,-1,1,Caiguda en la via,-1,1,2,4,3,2,0,4.26,2,0,6,17,12
13697,2017,1,2017-08-29,SE,BLANES,Selva,1,0,1,0,1,0,0,1,0,0,0,0,0,20.0,0.0,0,-1,No n'hi ha,,3,3,1,-1,0,0,0,-1,0,1,1,0,-1,0,4,-1,-1,Caiguda en la via,-1,2,2,5,-1,2,1,15.12,1,0,1,29,8
13698,2017,0,2017-10-22,T-244,QUEROL,Alt Camp,0,0,1,0,1,0,1,0,0,0,0,0,0,90.0,0.0,0,-1,Sense Especificar,-1.0,3,3,1,0,0,0,0,0,0,0,0,0,0,0,4,-1,-1,Resta sortides de via,-1,1,2,4,4,2,0,10.08,0,1,6,22,10
13699,2017,0,2017-05-12,C-31,SANT ADRIA DE BESOS,Barcelones,3,1,1,0,3,0,0,0,1,1,1,0,0,100.0,0.0,0,-1,No n'hi ha,-1.0,3,3,0,0,0,0,0,0,0,0,0,0,0,0,4,-1,-1,Encalç,-1,1,2,4,-1,2,0,19.32,1,2,4,12,5
13700,2017,1,2017-07-26,SE,LLEIDA,Segria,2,0,1,0,2,1,0,0,0,1,0,0,0,20.0,0.0,0,2,No n'hi ha,-1.0,3,3,1,-1,0,0,0,-1,0,0,0,0,-1,0,4,-1,1,Atropellament,-1,2,2,5,-1,2,1,20.4,1,3,2,26,7
13701,2017,0,2017-08-23,LP-3322,"POAL, EL",Pla d'Urgell,2,0,1,2,2,0,0,0,0,2,0,0,0,100.0,0.0,0,2,No n'hi ha,-1.0,3,3,1,0,0,0,0,0,0,0,0,0,0,0,4,-1,1,Col·lisió frontal,-1,1,2,4,0,2,1,16.45,1,2,2,23,8
13702,2017,1,2017-10-27,SE,ESPLUGUES DE LLOBREGAT,Baix Llobregat,3,0,1,0,2,0,0,0,1,0,1,0,0,20.0,0.0,0,-1,No n'hi ha,-1.0,3,3,1,0,0,0,0,0,0,0,0,0,0,0,4,-1,-1,Encalç,-1,2,2,5,-1,2,1,12.15,0,2,4,27,10
13703,2017,1,2017-09-27,SE,BARCELONA,Barcelones,3,0,1,2,2,0,0,0,1,1,0,0,0,100.0,0.0,1,-1,No n'hi ha,-1.0,3,3,1,0,0,0,0,0,0,0,0,0,0,1,0,-1,0,Envestida (frontal lateral),2,2,2,5,-1,2,1,22.05,2,2,2,27,9
13704,2017,0,2017-08-18,L-800,ALCARRAS,Segria,2,0,1,1,3,0,0,0,0,2,1,0,0,100.0,0.0,0,2,No n'hi ha,-1.0,3,3,1,0,0,0,0,0,0,0,0,0,0,0,4,-1,1,Encalç,-1,1,2,4,2,2,0,15.28,1,2,4,18,8
13705,2017,1,2017-09-27,SE,"SEU D'URGELL, LA",Alt Urgell,2,0,1,1,2,0,0,0,1,0,0,1,0,20.0,0.0,0,2,No n'hi ha,-1.0,3,3,1,-1,0,0,0,-1,0,0,0,0,-1,0,4,-1,1,Envestida (frontal lateral),-1,2,2,5,-1,2,1,11.0,0,2,2,27,9
13706,2017,1,2017-05-07,N-II,PREMIA DE MAR,Maresme,3,0,1,0,1,0,1,0,0,0,0,0,0,100.0,1.0,0,2,Carril acceleració,-1.0,3,3,1,0,0,0,0,0,1,0,0,0,0,2,4,4,1,Encalç,3,0,2,4,2,2,0,7.05,0,2,6,7,5
13707,2017,0,2017-07-13,N-152a,MONTCADA I REIXAC,Valles Occidental,3,0,2,0,2,0,0,1,0,1,0,0,0,100.0,0.0,0,2,Carril acceleració,-1.0,3,3,1,0,0,0,0,0,0,0,0,0,1,0,4,-1,1,Altres,-1,1,2,4,2,2,1,17.45,1,5,3,13,7
13708,2017,0,2017-04-16,N-II,SANTA SUSANNA,Maresme,3,0,1,0,2,0,0,0,1,1,0,0,0,70.0,0.0,0,2,Carril acceleració,-1.0,3,3,1,0,0,0,0,0,0,0,0,0,0,1,2,4,1,Envestida (frontal lateral),3,1,2,4,1,2,0,16.55,1,2,6,16,4
13709,2017,0,2017-12-09,T-334,HORTA DE SANT JOAN,Terra Alta,0,0,1,0,2,0,1,0,0,1,0,0,0,100.0,0.0,0,2,No n'hi ha,-1.0,3,3,1,0,0,0,0,0,0,0,0,0,0,0,4,-1,1,Envestida (frontal lateral),-1,1,2,4,2,2,0,15.08,1,2,5,9,12
13710,2017,0,2017-03-06,TV-3405,AMPOSTA,Montsia,0,0,1,0,1,0,0,0,1,0,0,0,0,100.0,0.0,0,2,No n'hi ha,-1.0,3,3,1,0,0,0,0,0,0,0,0,0,0,0,0,-1,1,Resta sortides de via,-1,1,2,4,2,1,1,20.4,1,1,0,6,3
13711,2017,0,2017-05-20,C-17,PARETS DEL VALLES,Valles Oriental,3,0,2,0,2,0,0,0,1,1,0,0,0,100.0,0.0,0,2,Carril acceleració,-1.0,3,3,1,0,0,0,0,0,0,0,0,0,0,0,4,-1,1,Altres,-1,1,2,4,2,2,0,12.17,0,5,5,20,5
13712,2017,1,2017-11-14,SE,SALT,Girones,1,0,1,0,2,1,0,0,0,1,0,0,0,30.0,0.0,0,-1,No n'hi ha,-1.0,3,3,1,-1,0,0,0,-1,0,0,0,0,0,2,4,4,0,Atropellament,2,0,2,5,-1,2,1,9.0,0,3,1,14,11
13713,2017,0,2017-07-18,N-260,RIBES DE FRESER,Ripolles,1,1,0,1,2,0,0,0,1,1,0,0,0,80.0,0.0,0,1,No n'hi ha,-1.0,3,3,0,0,0,0,0,0,0,0,0,0,0,0,4,-1,1,Col·lisió frontal,-1,1,2,4,1,2,1,16.11,1,2,1,18,7
13714,2017,1,2017-10-27,SE,MANRESA,Bages,3,0,1,0,2,1,0,0,0,1,0,0,0,100.0,0.0,0,2,No n'hi ha,-1.0,3,3,1,0,0,0,0,0,0,0,0,0,0,0,5,-1,1,Atropellament,-1,2,2,5,-1,2,0,21.0,1,3,4,27,10
13715,2017,0,2017-09-11,BV-2429,SUBIRATS,Alt Penedes,3,0,1,0,2,0,0,0,1,1,0,0,0,60.0,0.0,0,1,No n'hi ha,-1.0,3,3,1,0,0,0,0,0,0,0,0,0,0,0,4,-1,1,Fregament o col·lisió lateral,-1,1,2,4,3,2,1,18.42,1,2,0,11,9
13716,2017,0,2017-07-30,C-14,ARTESA DE SEGRE,Noguera,2,1,2,0,1,0,0,0,0,1,0,0,0,100.0,0.0,0,1,No n'hi ha,-1.0,3,3,0,0,0,0,0,0,0,0,0,0,0,0,4,-1,0,Resta sortides de via,-1,1,2,4,2,2,0,13.53,0,1,6,30,7
13717,2017,1,2017-08-04,SE,ESPLUGUES DE LLOBREGAT,Baix Llobregat,3,0,1,0,1,0,0,0,1,0,0,0,0,50.0,0.0,0,-1,No n'hi ha,-1.0,3,3,1,0,0,0,0,0,0,0,0,0,0,1,1,3,-1,Caiguda en la via,0,2,2,5,-1,2,0,21.0,1,0,4,4,8
13718,2017,0,2017-05-10,B-204,SANT BOI DE LLOBREGAT,Baix Llobregat,3,0,1,0,2,1,0,0,0,0,1,0,0,100.0,0.0,0,2,No n'hi ha,-1.0,3,3,1,0,0,0,0,0,0,0,0,0,0,0,4,-1,1,Atropellament,-1,1,2,4,2,2,1,20.36,1,3,2,10,5
13719,2017,0,2017-03-27,BP-1417,SANT CUGAT DEL VALLES,Valles Occidental,3,0,1,0,1,0,0,0,0,1,0,0,0,100.0,0.0,0,0,No n'hi ha,-1.0,3,3,1,0,0,0,1,0,0,0,0,0,0,0,4,-1,1,Resta sortides de via,-1,1,2,4,2,2,1,12.41,0,1,0,27,3
13720,2017,0,2017-05-07,BV-4601,GURB,Osona,3,0,1,0,1,0,0,0,1,0,0,0,0,90.0,0.0,0,-1,Sense Especificar,-1.0,3,3,1,0,0,0,0,0,0,0,0,0,0,0,4,-1,-1,Resta sortides de via,-1,1,2,4,4,2,0,9.54,0,1,6,7,5
13721,2017,0,2017-10-07,C-16,GUARDIOLA DE BERGUEDA,Bergueda,3,1,0,0,2,0,0,0,1,1,0,0,0,100.0,0.0,0,2,No n'hi ha,-1.0,3,3,0,0,0,0,0,0,0,0,0,0,0,0,4,-1,1,Encalç,-1,1,2,4,2,2,0,14.19,1,2,5,7,10
13722,2017,0,2017-04-07,LV-9223,VILANOVA DE SEGRIA,Segria,2,0,1,0,1,0,0,0,0,0,1,0,0,90.0,0.0,0,-1,Sense Especificar,-1.0,3,3,1,0,0,0,0,0,0,0,0,0,0,0,4,-1,-1,Resta sortides de via,-1,1,2,4,4,2,0,19.57,1,1,4,7,4
13723,2017,1,2017-11-18,SE,VILANOVA I LA GELTRU,Garraf,3,0,1,0,2,0,0,0,1,1,0,0,0,100.0,0.0,0,-1,No n'hi ha,-1.0,3,3,1,0,0,0,0,0,0,0,0,0,0,0,4,-1,-1,Altres,-1,2,2,5,-1,2,0,15.47,1,5,5,18,11
13724,2017,0,2017-04-28,BP-5107,CANOVES I SAMALUS,Valles Oriental,3,0,1,0,1,0,1,0,0,0,0,0,0,100.0,1.0,0,2,No n'hi ha,-1.0,3,3,1,0,0,0,0,0,0,0,0,0,0,0,4,-1,1,Altres,-1,1,2,4,3,2,1,11.3,0,5,4,28,4
13725,2017,0,2017-04-25,LV-2001,JUNEDA,Garrigues,2,0,1,0,1,0,0,1,0,0,0,0,0,90.0,0.0,0,-1,Sense Especificar,-1.0,3,3,1,0,0,0,0,0,0,0,0,0,0,0,4,-1,-1,Resta sortides de via,-1,1,2,4,4,2,1,18.12,1,1,1,25,4
13726,2017,0,2017-02-22,C-66,CORNELLA DEL TERRI,Pla de l'Estany,1,0,1,2,2,0,0,0,0,2,0,0,0,100.0,0.0,0,2,No n'hi ha,-1.0,3,3,1,0,0,0,0,0,0,0,0,0,0,0,4,-1,1,Col·lisió frontal,-1,1,2,4,2,2,1,13.57,0,2,2,22,2
13727,2017,1,2017-03-28,SE,FIGUERES,Alt Emporda,1,0,1,0,1,0,0,0,1,0,0,0,0,20.0,0.0,0,-1,No n'hi ha,-1.0,3,3,1,0,-1,0,0,0,0,0,0,0,0,0,4,-1,-1,Caiguda en la via,-1,2,2,5,-1,2,1,13.34,0,0,1,28,3
13728,2017,0,2017-12-06,AP-7,PARETS DEL VALLES,Valles Oriental,3,0,1,0,1,0,0,0,1,0,0,0,0,40.0,0.0,0,3,No n'hi ha,-1.0,3,3,1,0,0,0,0,0,0,0,0,0,0,2,4,2,0,Resta sortides de via,3,1,2,4,1,2,1,14.25,1,1,2,6,12
13729,2017,1,2017-02-12,SE,BARCELONA,Barcelones,3,0,1,1,2,0,0,0,2,0,0,0,0,100.0,0.0,0,-1,No n'hi ha,-1.0,3,3,1,0,0,0,0,0,0,0,0,0,0,1,4,3,0,Envestida (frontal lateral),2,2,2,5,-1,2,0,16.5,1,2,6,12,2
13730,2017,1,2017-10-11,SE,BADALONA,Barcelones,3,0,1,0,2,0,0,0,1,1,0,0,0,20.0,0.0,0,-1,No n'hi ha,-1.0,3,3,1,-1,0,0,0,-1,0,0,0,0,-1,1,4,4,0,Envestida (frontal lateral),2,2,2,5,-1,2,1,15.0,1,2,2,11,10
13731,2017,0,2017-01-22,C-162,ALP,Cerdanya,1,0,1,0,1,0,0,0,0,1,0,0,0,60.0,0.0,0,1,No n'hi ha,-1.0,3,3,1,0,0,0,0,0,0,0,0,0,0,0,3,-1,1,Resta sortides de via,-1,1,2,4,2,2,0,6.4,0,1,6,22,1
13732,2017,0,2017-01-15,BP-2121,PACS DEL PENEDES,Alt Penedes,3,0,1,0,1,0,0,0,1,0,0,0,0,100.0,0.0,0,2,No n'hi ha,-1.0,3,3,1,0,0,0,0,0,0,0,0,0,0,0,0,-1,1,Xoc contra objecte/obstacle sense sortida prèvia de via,-1,1,2,4,3,2,0,18.35,1,4,6,15,1
13733,2017,0,2017-03-31,C-59,CALDES DE MONTBUI,Valles Oriental,3,0,2,1,2,0,0,0,0,2,0,0,0,70.0,0.0,0,2,Carril central,-1.0,3,3,1,0,0,0,0,0,0,0,0,0,0,1,4,4,1,Col·lisió frontal,3,1,2,4,2,2,1,12.08,0,2,4,31,3
13734,2017,1,2017-04-05,SE,FIGUERES,Alt Emporda,1,0,1,0,2,1,0,0,0,1,0,0,0,100.0,0.0,0,2,No n'hi ha,-1.0,3,3,1,0,0,0,1,0,0,0,0,0,0,0,1,-1,1,Atropellament,-1,2,2,5,-1,2,1,19.3,1,3,2,5,4
13735,2017,1,2017-03-05,SE,CASTELLBELL I EL VIL,Bages,3,0,1,0,1,0,0,0,1,0,0,0,0,20.0,0.0,0,-1,Sense Especificar,-1.0,3,3,1,0,0,0,0,0,0,0,0,0,0,0,4,-1,-1,Altres,-1,2,2,5,-1,2,0,10.3,0,5,6,5,3
13736,2017,1,2017-06-28,SE,FIGUERES,Alt Emporda,1,0,1,0,2,0,0,1,0,1,0,0,0,100.0,0.0,0,2,No n'hi ha,-1.0,1,3,1,0,0,0,1,0,0,0,0,0,0,0,4,-1,1,Caiguda en la via,-1,2,2,5,-1,2,1,19.0,1,0,2,28,6
13737,2017,1,2017-11-25,SE,VALL-LLOBREGA,Baix Emporda,1,0,1,0,2,1,0,0,0,1,0,0,0,100.0,0.0,0,2,No n'hi ha,-1.0,3,3,1,0,0,0,0,0,0,0,0,0,0,1,4,5,1,Atropellament,2,2,2,5,-1,2,0,13.01,0,3,5,25,11
13738,2017,0,2017-05-13,BP-2151,TORRELAVIT,Alt Penedes,3,0,2,0,4,0,0,0,2,2,0,0,0,100.0,0.0,0,2,No n'hi ha,-1.0,3,3,1,0,0,0,0,0,0,0,0,0,0,0,4,-1,1,Caiguda en la via,-1,1,2,4,2,2,0,9.26,0,0,5,13,5
13739,2017,1,2017-10-11,SE,SANT CARLES DE LA RAPITA,Montsia,0,0,1,0,2,0,0,0,1,1,0,0,0,40.0,0.0,0,2,No n'hi ha,-1.0,3,3,1,0,0,0,0,0,0,0,0,0,0,1,5,5,1,Envestida (frontal lateral),1,2,2,5,-1,2,1,20.4,1,2,2,11,10
13740,2017,0,2017-02-06,C-31,BADALONA,Barcelones,3,0,1,0,2,0,0,0,1,1,0,0,0,80.0,0.0,0,3,No n'hi ha,-1.0,3,3,1,0,0,0,0,0,0,0,0,0,0,0,4,-1,1,Fregament o col·lisió lateral,-1,1,2,4,2,2,1,8.39,0,2,0,6,2
13741,2017,0,2017-08-08,BV-2429,AVINYONET DEL PENEDES,Alt Penedes,3,0,1,0,1,0,0,0,1,0,0,0,0,40.0,0.0,0,3,No n'hi ha,-1.0,3,3,1,0,1,0,0,0,0,0,0,0,0,0,4,-1,1,Caiguda en la via,-1,1,2,4,0,2,1,15.27,1,0,1,8,8
13742,2017,1,2017-10-20,SE,SANT ADRIA DE BESOS,Barcelones,3,0,1,0,2,0,0,0,1,1,0,0,0,100.0,0.0,0,2,No n'hi ha,-1.0,1,3,1,0,0,0,0,0,0,0,0,0,0,0,2,-1,0,Encalç,-1,2,2,5,-1,2,1,8.1,0,2,4,20,10
13743,2017,1,2017-11-15,SE,HOSPITALET DE LLOBREGAT,Barcelones,3,0,1,0,1,0,0,0,1,0,0,0,0,20.0,0.0,0,2,No n'hi ha,-1.0,3,3,1,-1,0,0,0,-1,0,0,0,0,-1,1,5,3,1,Xoc contra objecte/obstacle sense sortida prèvia de via,0,2,2,5,-1,2,1,23.12,2,4,2,15,11
13744,2017,1,2017-07-09,SE,CAMBRILS,Baix Camp,0,0,1,0,2,0,1,0,0,1,0,0,0,40.0,0.0,0,2,Carril bici,-1.0,3,3,1,0,0,0,0,0,0,0,0,0,0,2,4,2,1,Fregament o col·lisió lateral,-1,2,2,5,-1,2,0,15.53,1,2,6,9,7
13745,2017,1,2017-09-03,SE,VILASSAR DE MAR,Maresme,3,0,1,0,2,0,0,1,0,1,0,0,0,100.0,0.0,0,2,No n'hi ha,-1.0,3,3,1,0,0,0,0,0,0,0,0,0,0,1,4,4,1,Envestida (frontal lateral),2,2,2,5,-1,2,0,17.5,1,2,6,3,9
13746,2017,1,2017-05-15,SE,BADALONA,Barcelones,3,0,1,0,2,0,0,0,1,1,0,0,0,20.0,0.0,0,-1,No n'hi ha,-1.0,3,3,1,0,-1,0,0,0,0,0,0,0,0,1,5,4,-1,Envestida (frontal lateral),2,2,2,5,-1,2,1,21.45,1,2,0,15,5
13747,2017,1,2017-11-06,SE,BARCELONA,Barcelones,3,0,1,0,2,0,0,1,0,1,0,0,0,100.0,0.0,1,-1,No n'hi ha,-1.0,3,3,1,0,0,0,0,0,0,0,0,0,0,1,0,-1,1,Envestida (frontal lateral),2,2,2,5,-1,2,1,21.3,1,2,0,6,11
13748,2017,1,2017-11-23,SE,BARCELONA,Barcelones,3,1,0,0,2,1,0,0,1,0,0,0,0,100.0,0.0,1,-1,No n'hi ha,-1.0,3,3,0,0,0,0,0,0,0,0,0,0,0,1,0,-1,1,Atropellament,1,2,2,5,-1,2,1,18.4,1,3,3,23,11
13749,2017,0,2017-10-24,C-37,VALLS,Alt Camp,0,2,0,1,2,0,0,0,0,1,1,0,0,40.0,0.0,0,1,No n'hi ha,-1.0,3,3,0,0,0,0,0,0,0,0,0,0,0,2,4,4,1,Altres,0,1,2,4,2,2,1,10.5,0,5,1,24,10
13750,2017,1,2017-07-12,BV-5001,SANTA COLOMA DE GRAMANET,Barcelones,3,0,1,0,1,0,0,0,1,0,0,0,0,90.0,0.0,0,-1,No n'hi ha,-1.0,3,3,1,-1,0,0,0,-1,0,0,0,0,-1,0,5,-1,1,Sortida de via amb xoc o col·lisió,-1,0,2,4,-1,2,1,23.15,2,1,2,12,7
13751,2017,0,2017-03-16,C-243C,CASTELLBISBAL,Valles Occidental,3,0,1,1,2,0,0,0,1,1,0,0,0,100.0,0.0,0,2,No n'hi ha,-1.0,3,3,1,0,1,0,0,0,0,0,0,0,0,1,4,5,1,Altres,3,1,2,4,3,2,1,14.11,1,5,3,16,3
13752,2017,0,2017-12-17,C-451,OLIUS,Solsones,2,0,1,2,2,0,0,0,0,2,0,0,0,60.0,0.0,0,1,No n'hi ha,-1.0,3,3,1,0,0,0,0,0,0,0,0,0,0,1,4,4,1,Envestida (frontal lateral),0,1,2,4,2,2,0,14.15,1,2,6,17,12
13753,2017,0,2017-12-01,C-35,"ROCA DEL VALLES, LA",Valles Oriental,3,0,1,0,2,0,0,1,0,0,1,0,0,40.0,0.0,0,2,No n'hi ha,-1.0,3,3,1,0,0,0,0,0,0,0,0,0,0,2,5,4,1,Fregament o col·lisió lateral,0,1,2,4,2,2,0,17.11,1,2,4,1,12
13754,2017,1,2017-10-21,SE,SABADELL,Valles Occidental,3,0,1,0,2,1,0,0,0,1,0,0,0,100.0,0.0,0,-1,No n'hi ha,-1.0,3,3,1,0,0,0,0,0,0,0,0,0,0,0,4,-1,-1,Altres,-1,2,2,5,-1,2,0,7.45,0,5,5,21,10
13755,2017,1,2017-08-03,SE,RUBI,Valles Occidental,3,0,1,0,2,0,0,0,1,1,0,0,0,100.0,0.0,0,2,No n'hi ha,-1.0,3,3,1,0,0,0,0,0,0,0,0,0,0,1,4,4,1,Envestida (frontal lateral),1,2,2,5,0,2,1,10.4,0,2,3,3,8
13756,2017,1,2017-04-17,SE,SABADELL,Valles Occidental,3,0,1,0,2,1,0,0,0,1,0,0,0,100.0,0.0,0,2,No n'hi ha,-1.0,3,3,1,0,0,0,0,0,0,0,0,0,0,2,4,3,1,Atropellament,2,2,2,5,0,2,1,11.41,0,3,0,17,4