,Year,Area,Date,Road,Municipality Name,County Name,Province Name,Fatalties,Serious Injuries,Light Injuries,Units Involved,Pedestrains Involved,Bicycles Involved,Mopeds Involved,Motorcycles,Light Vehicles Involved,Heavy Vehicles Involved,Other Units Involved,Unspecified Units Involved,Road Speed Limit,Accident with Hit and Run,Fog Presence,Surrounding Environment,Special Lane Presence,Special Traffic Measures,Weather Conditions,Special Road Functions,Severity of Accident,Influence of Fog,Influence of Environment,Influence of Traffic,Influence of Weather,Influence of Wind Intensity,Influence of Lighting,Influence of Special Measures,Influence of Road Objects,Influence of Road Surface,Influence of Visibility,Intersection Characteristics,Lighting Conditions,Traffic Regulation and Priority,Direction of Road,Subtype of Accident,Subtype of Road Section,Subzone within Area,Road Surface Conditions,Type of Road,Road Ownership,Wind Conditions,Day of the Week Grouping,Hour of Day,Time of Day Grouping,Type of Accident,Day Type,Day,Month
13757,2017,0,2017-06-02,C-16,SANT CUGAT DEL VALLES,Valles Occidental,3,1,0,0,1,0,0,0,1,0,0,0,0,100.0,0.0,0,-1,No n'hi ha,-1.0,3,3,0,0,0,0,0,0,0,0,0,0,0,0,4,-1,-1,Resta sortides de via,-1,1,2,4,-1,2,0,23.43,2,1,4,2,6
13758,2017,1,2017-03-10,SE,RUBI,Valles Occidental,3,0,1,0,2,1,0,0,0,1,0,0,0,100.0,0.0,0,2,No n'hi ha,-1.0,3,3,1,0,0,0,0,0,0,0,0,0,0,0,4,-1,1,Atropellament,-1,2,2,5,-1,2,0,17.45,1,3,4,10,3
13759,2017,1,2017-05-09,SE,BARCELONA,Barcelones,3,0,1,0,2,0,0,0,1,1,0,0,0,100.0,0.0,1,-1,No n'hi ha,-1.0,3,3,1,0,0,0,0,0,0,0,0,0,0,1,4,-1,0,Envestida (frontal lateral),2,2,2,5,-1,2,1,7.5,0,2,1,9,5
13760,2017,1,2017-02-25,SE,BARCELONA,Barcelones,3,0,1,0,2,1,0,0,0,1,0,0,0,100.0,0.0,0,-1,No n'hi ha,-1.0,3,3,1,0,0,0,0,0,0,0,0,0,0,1,4,3,1,Atropellament,2,2,2,5,-1,2,0,13.15,0,3,5,25,2
13761,2017,0,2017-12-11,N-340,SUBIRATS,Alt Penedes,3,0,2,1,2,0,0,0,0,2,0,0,0,100.0,0.0,0,2,Carril lent,-1.0,1,3,1,0,0,0,1,0,0,0,0,0,0,0,2,-1,1,Col·lisió frontal,-1,1,2,4,1,1,1,14.1,1,2,0,11,12
13762,2017,1,2017-10-19,SE,VIC,Osona,3,0,1,0,2,1,0,0,0,1,0,0,0,100.0,0.0,0,2,No n'hi ha,-1.0,2,3,1,0,0,0,0,0,0,0,0,0,0,2,2,3,1,Atropellament,1,2,2,5,-1,2,1,18.25,1,3,3,19,10
13763,2017,0,2017-12-22,C-61,ARENYS DE MAR,Maresme,3,0,1,1,2,0,0,0,1,1,0,0,0,40.0,0.0,0,2,No n'hi ha,-1.0,3,3,1,0,0,0,0,0,0,0,0,0,0,1,5,4,0,Envestida (frontal lateral),2,1,2,4,2,2,0,21.22,1,2,4,22,12
13764,2017,0,2017-11-18,B-224,MASQUEFA,Anoia,3,0,2,6,4,0,1,0,0,3,0,0,0,100.0,0.0,0,2,No n'hi ha,-1.0,3,3,1,0,0,0,0,0,0,0,0,0,0,0,4,-1,1,Col·lisió frontal,-1,1,2,4,3,2,0,16.47,1,2,5,18,11
13765,2017,1,2017-06-03,N-141c,MOIA,Moianès,3,0,1,0,2,0,0,0,1,1,0,0,0,100.0,0.0,0,2,No n'hi ha,-1.0,3,3,1,0,0,0,0,0,0,0,0,0,0,1,4,4,1,Envestida (frontal lateral),1,0,2,4,2,2,0,16.22,1,2,5,3,6
13766,2017,1,2017-01-04,SE,MANRESA,Bages,3,0,1,0,1,0,0,1,0,0,0,0,0,100.0,0.0,0,2,No n'hi ha,-1.0,3,3,1,0,0,0,0,0,0,0,0,0,0,1,5,4,0,Caiguda en la via,1,2,2,5,-1,2,1,18.24,1,0,2,4,1
13767,2017,1,2017-02-12,N-II,ARENYS DE MAR,Maresme,3,0,1,1,1,0,0,0,1,0,0,0,0,100.0,0.0,0,2,No n'hi ha,-1.0,3,3,1,0,0,0,0,0,0,0,0,0,0,0,4,-1,1,Resta sortides de via,-1,0,2,4,1,2,0,15.5,1,1,6,12,2
13768,2017,1,2017-11-30,SE,MARTORELL,Baix Llobregat,3,0,1,0,2,1,0,0,0,1,0,0,0,100.0,0.0,0,2,No n'hi ha,-1.0,3,3,1,0,0,0,0,0,0,0,0,0,0,0,4,-1,1,Altres,-1,2,2,5,-1,2,1,10.39,0,5,3,30,11
13769,2017,0,2017-05-07,C-55,CASTELLBELL I EL VIL,Bages,3,0,1,1,2,0,0,0,1,1,0,0,0,90.0,0.0,0,-1,Sense Especificar,-1.0,3,3,1,0,0,0,0,0,0,0,0,0,0,1,4,4,-1,Envestida (frontal lateral),3,1,2,4,4,2,0,12.41,0,2,6,7,5
13770,2017,0,2017-11-01,N-II,VIDRERES,Selva,1,0,1,0,1,0,0,0,0,1,0,0,0,60.0,0.0,0,2,No n'hi ha,0.0,3,3,1,0,1,0,0,0,0,0,0,0,0,0,0,-1,1,Resta sortides de via,-1,1,2,4,1,2,1,18.15,1,1,2,1,11
13771,2017,1,2017-04-07,SE,MORA LA NOVA,Ribera d'Ebre,0,0,1,0,2,1,0,0,0,1,0,0,0,100.0,0.0,0,2,No n'hi ha,-1.0,3,3,1,0,0,0,0,0,0,0,0,0,0,0,4,-1,1,Atropellament,-1,2,2,5,-1,2,1,9.24,0,3,4,7,4
13772,2017,1,2017-12-14,TV-3409,CAMARLES,Baix Ebre,0,1,0,2,2,0,0,0,1,1,0,0,0,50.0,0.0,0,0,No n'hi ha,-1.0,3,3,0,0,0,0,0,0,0,0,0,0,0,0,4,-1,1,Col·lisió frontal,-1,0,2,4,0,2,1,12.13,0,2,3,14,12
13773,2017,1,2017-11-24,SE,SANT JUST DESVERN,Baix Llobregat,3,0,1,0,2,1,0,0,0,1,0,0,0,100.0,0.0,0,-1,No n'hi ha,-1.0,3,3,1,0,0,0,0,0,0,0,0,0,0,0,4,-1,-1,Altres,-1,2,2,5,-1,2,0,15.0,1,5,4,24,11
13774,2017,0,2017-12-19,C-66,"PERA, LA",Baix Emporda,1,1,0,0,3,0,0,0,0,2,1,0,0,100.0,0.0,0,2,No n'hi ha,-1.0,3,3,0,0,0,0,0,0,0,0,0,0,0,0,1,-1,1,Col·lisió frontal,-1,1,2,4,2,2,1,17.47,1,2,1,19,12
13775,2017,1,2017-10-31,SE,AGUILAR DE SEGARRA,Bages,3,0,1,0,1,0,0,0,0,1,0,0,0,100.0,0.0,0,1,No n'hi ha,-1.0,3,3,1,0,0,0,0,0,0,0,0,0,0,0,3,-1,1,Xoc contra objecte/obstacle sense sortida prèvia de via,-1,2,2,5,0,2,1,5.45,2,4,1,31,10
13776,2017,1,2017-05-26,SE,HOSPITALET DE LLOBREGAT,Barcelones,3,0,1,1,2,0,0,1,1,0,0,0,0,20.0,0.0,0,-1,No n'hi ha,-1.0,3,3,1,0,0,0,0,0,0,0,0,0,0,1,4,3,0,Envestida (frontal lateral),2,2,2,5,-1,2,0,15.4,1,2,4,26,5
13777,2017,0,2017-07-28,A-2,CORNELLA DE LLOBREGAT,Baix Llobregat,3,0,1,0,2,0,0,0,1,1,0,0,0,60.0,0.0,0,2,No n'hi ha,-1.0,3,3,1,0,0,0,0,0,0,0,0,0,0,0,4,-1,0,Encalç,-1,1,2,4,1,2,0,15.23,1,2,4,28,7
13778,2017,0,2017-07-31,C-31,HOSPITALET DE LLOBREGAT,Barcelones,3,0,1,0,2,0,0,0,1,1,0,0,0,60.0,0.0,0,2,No n'hi ha,-1.0,3,3,1,0,0,0,0,0,0,0,0,0,0,0,4,-1,0,Encalç,-1,1,2,4,2,2,1,9.37,0,2,0,31,7
13779,2017,0,2017-01-01,C-13,VALLFOGONA DE BALAGUER,Noguera,2,1,0,3,2,0,0,0,0,2,0,0,0,100.0,0.0,1,2,No n'hi ha,-1.0,3,3,0,1,0,0,0,0,0,0,0,0,0,0,3,-1,1,Resta sortides de via,-1,1,2,4,2,2,0,6.31,0,1,6,1,1
13780,2017,0,2017-09-28,A-2,CORNELLA DE LLOBREGAT,Baix Llobregat,3,0,1,0,2,0,0,0,1,1,0,0,0,100.0,0.0,0,2,No n'hi ha,-1.0,3,3,1,0,0,0,0,0,0,0,0,0,0,0,4,-1,0,Fregament o col·lisió lateral,-1,1,2,4,1,2,1,10.15,0,2,3,28,9
13781,2017,0,2017-03-26,LV-2001,MOLLERUSSA,Pla d'Urgell,2,0,1,5,2,0,0,0,0,2,0,0,0,100.0,0.0,0,2,No n'hi ha,-1.0,3,3,1,0,0,0,0,0,0,0,0,0,1,1,3,4,1,Envestida (frontal lateral),2,1,2,4,2,2,0,22.11,2,2,6,26,3
13782,2017,1,2017-07-07,SE,BARCELONA,Barcelones,3,0,1,0,2,0,0,0,1,1,0,0,0,100.0,0.0,1,-1,Carril bici,-1.0,3,3,1,0,0,0,0,0,0,0,0,0,0,1,0,-1,0,Caiguda en la via,2,2,2,5,-1,2,1,0.18,2,0,4,7,7
13783,2017,1,2017-05-24,GI-665,CASTELL-PLATJA D'ARO,Baix Emporda,1,1,0,0,2,1,0,0,0,1,0,0,0,100.0,0.0,0,2,No n'hi ha,-1.0,3,3,0,0,0,0,0,0,0,0,0,0,0,2,4,-1,1,Atropellament,0,0,2,4,0,2,1,19.3,1,3,2,24,5
13784,2017,0,2017-12-02,A-2,"PRAT DE LLOBREGAT, E",Baix Llobregat,3,0,1,1,2,1,0,0,0,1,0,0,0,80.0,0.0,0,2,No n'hi ha,-1.0,3,3,1,0,0,0,0,0,0,0,0,0,0,0,4,-1,0,Atropellament,-1,1,2,4,1,2,0,12.01,0,3,5,2,12
13785,2017,1,2017-06-09,SE,BARCELONA,Barcelones,3,0,1,0,2,0,0,0,1,1,0,0,0,100.0,0.0,1,-1,Carril bus,-1.0,3,3,1,0,0,0,0,0,0,0,0,0,0,1,4,-1,0,Fregament o col·lisió lateral,2,2,2,5,-1,2,1,6.4,0,2,4,9,6
13786,2017,0,2017-01-15,GI-674,CALDES DE MALAVELLA,Selva,1,0,1,1,1,0,0,0,0,1,0,0,0,100.0,0.0,0,1,No n'hi ha,-1.0,3,3,1,0,0,0,0,0,0,0,0,0,0,0,3,-1,1,Resta sortides de via,-1,1,2,4,2,2,0,7.25,0,1,6,15,1
13787,2017,0,2017-07-22,BV-2415,OLERDOLA,Alt Penedes,3,0,1,1,1,0,0,1,0,0,0,0,0,100.0,0.0,0,1,No n'hi ha,-1.0,3,3,1,0,0,0,0,0,0,0,0,0,0,0,4,-1,1,Caiguda en la via,-1,1,2,4,3,2,0,19.13,1,0,5,22,7
13788,2017,0,2017-03-24,A-2,VILAGRASSA,Urgell,2,1,0,0,1,0,0,0,0,1,0,0,0,100.0,0.0,0,3,No n'hi ha,-1.0,2,3,0,0,0,0,1,0,0,0,0,0,1,0,0,-1,0,Resta sortides de via,-1,1,2,4,1,2,0,21.02,1,1,4,24,3
13789,2017,1,2017-05-12,SE,"VENDRELL, EL",Baix Penedes,0,0,1,0,2,1,0,0,0,1,0,0,0,40.0,0.0,0,-1,No n'hi ha,-1.0,3,3,1,-1,-1,0,0,-1,0,0,0,0,-1,1,4,2,0,Atropellament,1,2,2,5,-1,2,1,11.25,0,3,4,12,5
13790,2017,1,2017-02-04,SE,BELL-LLOC D'URGELL,Pla d'Urgell,2,0,1,0,1,0,0,0,0,0,1,0,0,20.0,0.0,0,-1,Sense Especificar,-1.0,3,3,1,0,0,0,0,0,0,0,0,0,0,0,4,-1,-1,Resta sortides de via,-1,2,2,5,-1,2,0,15.24,1,1,5,4,2
13791,2017,0,2017-08-02,C-31,SIURANA,Alt Emporda,1,0,2,2,2,0,0,0,0,2,0,0,0,100.0,0.0,0,2,No n'hi ha,-1.0,3,3,1,0,0,0,0,0,0,0,0,0,0,0,4,-1,1,Col·lisió frontal,-1,1,2,4,2,2,1,14.06,1,2,2,2,8
13792,2017,1,2017-12-15,SE,HOSPITALET DE LLOBREGAT,Barcelones,3,0,1,0,2,1,0,0,0,0,1,0,0,20.0,0.0,0,-1,No n'hi ha,-1.0,3,3,1,-1,-1,0,0,-1,0,0,0,0,0,1,5,5,-1,Atropellament,1,2,2,5,-1,2,0,20.3,1,3,4,15,12
13793,2017,0,2017-09-30,C-61,ARENYS DE MUNT,Maresme,3,0,1,0,1,0,0,0,1,0,0,0,0,100.0,0.0,0,1,No n'hi ha,-1.0,3,3,1,0,0,0,0,0,0,0,0,0,0,0,3,-1,1,Resta sortides de via,-1,1,2,4,3,2,0,0.28,2,1,5,30,9
13794,2017,0,2017-04-08,T-324,BENISSANET,Ribera d'Ebre,0,0,1,0,3,0,0,0,2,1,0,0,0,100.0,0.0,0,2,No n'hi ha,-1.0,3,3,1,0,0,0,0,0,0,0,0,0,0,0,4,-1,1,Caiguda en la via,-1,1,2,4,3,2,0,15.15,1,0,5,8,4
13795,2017,1,2017-05-12,SE,NAVARCLES,Bages,3,0,1,0,2,0,0,0,1,1,0,0,0,20.0,0.0,0,-1,Sense Especificar,-1.0,3,3,1,0,0,0,0,0,0,0,0,0,0,1,4,4,-1,Envestida (frontal lateral),1,2,2,5,-1,2,0,18.27,1,2,4,12,5
13796,2017,1,2017-06-24,SE,FIGUERES,Alt Emporda,1,0,1,0,1,0,0,1,0,0,0,0,0,100.0,0.0,0,2,No n'hi ha,-1.0,3,3,1,0,0,0,0,0,0,0,0,0,0,0,5,-1,1,Caiguda en la via,-1,2,2,5,-1,2,0,20.25,1,0,5,24,6
13797,2017,1,2017-08-01,SE,HOSPITALET DE LLOBREGAT,Barcelones,3,0,1,0,2,0,0,0,1,1,0,0,0,30.0,0.0,0,-1,No n'hi ha,-1.0,3,3,1,0,-1,0,0,0,0,0,0,0,0,1,4,4,-1,Envestida (frontal lateral),2,2,2,5,-1,2,1,10.15,0,2,1,1,8
13798,2017,0,2017-09-17,C-12,MORA LA NOVA,Ribera d'Ebre,0,0,4,0,3,0,0,0,0,3,0,0,0,100.0,0.0,0,1,No n'hi ha,-1.0,3,3,1,0,0,0,0,0,0,0,0,0,0,0,3,-1,1,Col·lisió frontal,-1,1,2,4,2,2,0,21.25,1,2,6,17,9
13799,2017,1,2017-07-28,SE,BARCELONA,Barcelones,3,0,1,0,2,1,1,0,0,0,0,0,0,100.0,0.0,1,-1,No n'hi ha,-1.0,3,3,1,0,0,0,0,0,0,0,0,0,0,0,4,-1,0,Atropellament,-1,2,2,5,-1,2,0,18.2,1,3,4,28,7
13800,2017,1,2017-01-14,SE,REUS,Baix Camp,0,0,1,0,1,0,1,0,0,0,0,0,0,100.0,0.0,0,-1,No n'hi ha,-1.0,3,3,1,0,0,0,0,1,0,0,0,0,0,0,4,-1,-1,Caiguda en la via,-1,2,2,5,-1,2,0,9.15,0,0,5,14,1
13801,2017,0,2017-01-09,GI-400,ALP,Cerdanya,1,0,1,0,1,0,0,0,0,0,0,1,0,100.0,0.0,0,1,No n'hi ha,-1.0,3,3,1,0,0,0,0,0,0,0,0,0,0,0,4,-1,1,Xoc contra objecte/obstacle sense sortida prèvia de via,-1,1,2,4,3,2,1,15.45,1,4,0,9,1
13802,2017,1,2017-05-22,SE,CERDANYOLA DEL VALLES,Valles Occidental,3,0,1,0,1,0,0,0,0,1,0,0,0,50.0,0.0,0,2,No n'hi ha,-1.0,3,3,1,0,0,0,0,0,0,0,0,0,0,1,5,3,1,Altres,2,2,2,5,-1,2,1,22.1,2,5,0,22,5
13803,2017,1,2017-05-08,SE,MALGRAT DE MAR,Maresme,3,0,1,0,1,0,0,1,0,0,0,0,0,20.0,0.0,0,-1,No n'hi ha,-1.0,3,3,1,-1,0,0,0,-1,0,0,0,0,0,0,4,-1,-1,Sortida de via amb xoc o col·lisió,-1,2,2,5,-1,2,1,19.45,1,1,0,8,5
13804,2017,0,2017-09-28,C-17,MOLLET DEL VALLES,Valles Oriental,3,0,1,0,2,0,0,0,1,1,0,0,0,40.0,0.0,0,2,No n'hi ha,-1.0,3,3,1,0,0,0,0,0,0,0,0,0,0,1,4,4,0,Encalç,3,1,2,4,3,2,1,18.12,1,2,3,28,9
13805,2017,1,2017-07-17,SE,AVINYONET DEL PENEDES,Alt Penedes,3,1,0,0,2,0,0,0,1,0,1,0,0,50.0,0.0,0,2,No n'hi ha,-1.0,3,3,0,0,0,0,0,0,0,0,0,0,0,0,4,-1,1,Xoc contra objecte/obstacle sense sortida prèvia de via,-1,2,2,5,-1,2,1,21.05,1,4,0,17,7
13806,2017,0,2017-12-11,TV-3408,AMPOSTA,Montsia,0,0,1,2,2,0,0,0,0,2,0,0,0,100.0,0.0,0,0,No n'hi ha,-1.0,3,3,1,0,0,0,0,0,0,0,0,0,0,0,4,-1,1,Envestida (frontal lateral),-1,1,2,4,2,2,1,11.14,0,2,0,11,12
13807,2017,1,2017-07-29,SE,CASTELLO D'EMPURIES,Alt Emporda,1,0,1,0,2,1,0,0,0,1,0,0,0,100.0,0.0,0,2,No n'hi ha,-1.0,3,3,1,0,0,0,0,0,1,0,0,0,0,0,4,-1,1,Atropellament,-1,2,2,5,0,2,0,20.15,1,3,5,29,7
13808,2017,1,2017-08-27,SE,CORNELLA DE LLOBREGAT,Baix Llobregat,3,0,1,0,2,0,0,0,1,1,0,0,0,20.0,0.0,0,-1,No n'hi ha,-1.0,3,3,1,0,-1,0,0,0,0,0,0,0,0,0,4,-1,-1,Envestida (frontal lateral),-1,2,2,5,-1,2,0,17.35,1,2,6,27,8
13809,2017,0,2017-07-10,BP-2126,FONT-RUBI,Alt Penedes,3,0,1,0,2,0,2,0,0,0,0,0,0,50.0,0.0,0,1,No n'hi ha,-1.0,3,3,1,0,0,0,0,0,0,0,0,0,0,0,4,-1,1,Fregament o col·lisió lateral,-1,1,2,4,0,2,1,9.27,0,2,0,10,7
13810,2017,1,2017-06-04,SE,BARCELONA,Barcelones,3,0,1,0,3,0,0,0,1,2,0,0,0,100.0,0.0,1,-1,No n'hi ha,-1.0,1,3,1,0,0,0,0,0,0,0,0,0,0,1,4,-1,0,Fregament o col·lisió lateral,2,2,0,5,-1,2,0,11.12,0,2,6,4,6
13811,2017,0,2017-10-14,C-44,TIVISSA,Ribera d'Ebre,0,1,0,1,1,0,0,0,0,1,0,0,0,90.0,0.0,0,1,No n'hi ha,-1.0,3,3,0,0,0,0,0,0,0,0,0,0,0,0,4,-1,1,Resta sortides de via,-1,1,2,4,2,2,0,17.32,1,1,5,14,10
13812,2017,0,2017-04-23,BV-2111,SANT PERE DE RIBES,Garraf,3,0,1,0,1,0,0,1,0,0,0,0,0,100.0,0.0,0,2,No n'hi ha,-1.0,3,3,1,0,0,0,0,0,0,0,0,0,0,0,4,-1,1,Resta sortides de via,-1,1,2,4,2,2,0,14.38,1,1,6,23,4
13813,2017,0,2017-03-14,BV-1468,MOLINS DE REI,Baix Llobregat,3,0,1,0,1,0,1,0,0,0,0,0,0,50.0,0.0,0,0,No n'hi ha,-1.0,3,3,1,0,0,0,0,0,0,0,0,0,0,0,4,-1,1,Xoc contra objecte/obstacle sense sortida prèvia de via,-1,1,2,4,3,2,1,15.3,1,4,1,14,3
13814,2017,1,2017-06-09,SE,CERDANYOLA DEL VALLES,Valles Occidental,3,0,1,0,2,0,0,1,0,1,0,0,0,100.0,0.0,0,2,No n'hi ha,-1.0,3,3,1,0,0,0,0,0,0,0,0,0,0,1,4,4,1,Envestida (frontal lateral),2,2,2,5,-1,2,1,11.2,0,2,4,9,6
13815,2017,0,2017-07-30,L-401,FIGOLS I ALINYA,Alt Urgell,2,0,1,0,2,0,0,0,1,1,0,0,0,100.0,0.0,0,1,No n'hi ha,-1.0,3,3,1,0,0,0,0,0,0,0,0,0,0,0,4,-1,1,Fregament o col·lisió lateral,-1,1,2,4,3,2,0,11.27,0,2,6,30,7
13816,2017,0,2017-11-30,SE,CORBERA DE LLOBREGAT,Baix Llobregat,3,1,0,0,1,0,0,0,0,0,0,1,0,100.0,0.0,0,-1,No n'hi ha,-1.0,3,3,0,0,0,0,0,0,0,0,0,0,0,0,4,-1,1,Sortida de via amb bolcada,-1,1,2,0,0,2,1,17.15,1,1,3,30,11
13817,2017,0,2017-08-20,BV-2116,CASTELLET I LA GORNA,Alt Penedes,3,0,1,0,2,0,0,0,1,1,0,0,0,90.0,0.0,0,-1,Sense Especificar,-1.0,3,3,1,0,0,0,0,0,0,0,0,0,0,1,4,4,-1,Envestida (frontal lateral),2,1,2,4,4,2,0,7.54,0,2,6,20,8
13818,2017,1,2017-10-23,BV-1221,NAVARCLES,Bages,3,0,1,0,2,0,0,1,0,1,0,0,0,90.0,0.0,0,-1,Sense Especificar,-1.0,3,1,1,0,0,0,0,0,0,0,0,0,0,2,4,-1,-1,Altres,-1,0,2,4,4,2,1,13.15,0,5,0,23,10
13819,2017,1,2017-09-07,SE,CASTELL-PLATJA D'ARO,Baix Emporda,1,0,1,1,1,0,0,0,0,1,0,0,0,40.0,0.0,0,2,No n'hi ha,-1.0,3,3,1,0,0,0,0,0,0,0,0,0,0,0,4,-1,1,Sortida de via amb xoc o col·lisió,-1,2,2,5,-1,2,1,18.38,1,1,3,7,9
13820,2017,0,2017-02-22,N-340,ALCANAR,Montsia,0,0,1,2,2,0,0,0,0,2,0,0,0,100.0,0.0,0,1,No n'hi ha,-1.0,3,3,1,0,0,0,0,0,0,0,0,0,0,1,4,5,1,Fregament o col·lisió lateral,1,1,2,4,1,2,1,13.07,0,2,2,22,2
13821,2017,0,2017-04-13,A-2,GOLMES,Pla d'Urgell,2,0,1,12,5,0,0,0,0,5,0,0,0,100.0,0.0,0,2,No n'hi ha,3.0,3,3,1,0,0,0,0,0,0,0,0,0,0,0,4,-1,0,Envestida (frontal lateral),-1,1,2,4,1,2,1,17.56,1,2,3,13,4
13822,2017,1,2017-04-03,SE,GIRONA,Girones,1,0,2,0,2,0,0,0,0,2,0,0,0,20.0,0.0,0,-1,No n'hi ha,-1.0,3,3,1,0,-1,0,0,0,0,0,0,0,0,0,4,-1,-1,Encalç,-1,2,2,5,-1,2,1,10.15,0,2,0,3,4
13823,2017,0,2017-04-09,B-124,CASTELLAR DEL VALLES,Valles Occidental,3,0,1,1,3,0,0,0,2,1,0,0,0,100.0,0.0,0,1,No n'hi ha,-1.0,3,3,1,0,0,1,0,0,0,0,0,0,0,1,4,5,1,Fregament o col·lisió lateral,1,1,2,4,2,2,0,13.29,0,2,6,9,4
13824,2017,1,2017-08-30,SE,SALOU,Tarragones,0,0,1,0,2,0,1,0,0,1,0,0,0,100.0,0.0,0,2,No n'hi ha,-1.0,2,3,1,0,0,0,1,0,0,0,0,0,0,1,5,4,0,Envestida (frontal lateral),2,2,2,5,-1,2,1,6.4,0,2,2,30,8
13825,2017,0,2017-12-10,C-31,SITGES,Garraf,3,1,0,0,1,0,0,0,0,1,0,0,0,50.0,0.0,0,3,No n'hi ha,-1.0,3,3,0,0,0,0,0,0,1,0,0,0,0,1,5,4,0,Resta sortides de via,0,1,2,4,2,2,0,21.34,1,1,6,10,12
13826,2017,1,2017-05-24,SE,SANT CUGAT DEL VALLES,Valles Occidental,3,0,1,0,2,1,0,0,0,1,0,0,0,20.0,0.0,0,-1,No n'hi ha,-1.0,3,3,1,0,-1,0,0,0,1,0,0,0,0,0,1,-1,-1,Atropellament,-1,2,2,5,-1,2,1,20.17,1,3,2,24,5
13827,2017,1,2017-01-09,BV-5001,SANTA COLOMA DE GRAMANET,Barcelones,3,0,1,0,2,0,1,0,1,0,0,0,0,90.0,0.0,0,-1,No n'hi ha,-1.0,3,3,1,0,0,0,0,0,0,0,0,0,0,1,5,4,-1,Envestida (frontal lateral),2,0,2,4,-1,2,1,5.46,2,2,0,9,1
13828,2017,0,2017-10-15,C-251,"ROCA DEL VALLES, LA",Valles Oriental,3,0,1,0,1,0,1,0,0,0,0,0,0,100.0,0.0,0,3,No n'hi ha,-1.0,3,3,1,0,0,0,0,0,0,0,0,0,0,0,4,-1,1,Caiguda en la via,-1,1,2,4,3,2,0,12.0,0,0,6,15,10
13829,2017,0,2017-12-03,BV-2411,OLESA DE BONESVALLS,Alt Penedes,3,1,0,1,2,0,0,0,1,1,0,0,0,90.0,0.0,0,-1,No n'hi ha,-1.0,3,3,0,-1,-1,0,0,-1,0,0,0,0,0,0,4,-1,-1,Fregament o col·lisió lateral,-1,1,2,4,-1,2,0,14.2,1,2,6,3,12
13830,2017,1,2017-05-21,SE,PONT DE MOLINS,Alt Emporda,1,0,1,0,2,0,0,0,1,1,0,0,0,100.0,0.0,0,1,No n'hi ha,-1.0,3,3,1,0,0,0,0,0,0,0,0,0,1,0,4,-1,1,Fregament o col·lisió lateral,-1,2,0,5,-1,2,0,14.51,1,2,6,21,5
13831,2017,0,2017-03-05,GI-681,TOSSA DE MAR,Selva,1,0,1,0,1,0,0,0,1,0,0,0,0,100.0,0.0,0,1,No n'hi ha,-1.0,3,3,1,0,0,0,0,0,0,0,0,0,0,0,4,-1,1,Resta sortides de via,-1,1,2,4,2,2,0,13.25,0,1,6,5,3
13832,2017,0,2017-02-25,N-II,SANT POL DE MAR,Maresme,3,0,1,1,4,0,0,0,3,1,0,0,0,100.0,0.0,0,1,No n'hi ha,-1.0,3,3,1,0,0,0,0,0,0,0,0,0,0,0,4,-1,1,Encalç,-1,1,2,4,1,2,0,14.52,1,2,5,25,2
13833,2017,1,2017-08-31,SE,BARCELONA,Barcelones,3,0,1,0,2,1,0,0,0,1,0,0,0,100.0,0.0,1,-1,Carril bus,-1.0,3,3,1,0,0,0,0,0,0,0,0,0,0,0,0,-1,0,Atropellament,-1,2,0,5,-1,2,1,21.3,1,3,3,31,8
13834,2017,0,2017-06-02,AP-2,"BORGES BLANQUES, LES",Garrigues,2,0,1,0,1,0,0,0,0,1,0,0,0,90.0,0.0,0,-1,Sense Especificar,-1.0,3,3,1,0,0,0,0,0,0,0,0,0,0,0,4,-1,-1,Resta sortides de via,-1,1,2,4,4,2,0,17.5,1,1,4,2,6
13835,2017,0,2017-01-21,GI-510,LLERS,Alt Emporda,1,1,0,0,1,0,0,0,0,1,0,0,0,100.0,0.0,0,2,No n'hi ha,-1.0,1,3,0,0,0,0,0,0,0,0,0,0,0,0,2,-1,1,Resta sortides de via,-1,1,2,4,3,2,0,9.34,0,1,5,21,1
13836,2017,1,2017-09-08,SE,TARRAGONA,Tarragones,0,0,1,1,3,2,0,0,0,0,1,0,0,100.0,0.0,0,2,No n'hi ha,-1.0,3,3,1,0,0,0,0,0,0,0,0,0,0,0,4,-1,0,Atropellament,-1,2,1,5,-1,2,1,11.0,0,3,4,8,9
13837,2017,1,2017-10-17,SE,VIC,Osona,3,0,1,0,3,1,0,0,0,2,0,0,0,100.0,0.0,0,2,No n'hi ha,-1.0,3,3,1,0,0,0,0,0,0,0,0,0,0,0,4,-1,0,Atropellament,-1,2,2,5,-1,2,1,17.5,1,3,1,17,10
13838,2017,0,2017-07-27,C-37,VALLS,Alt Camp,0,0,2,0,3,0,0,0,0,3,0,0,0,100.0,0.0,0,2,No n'hi ha,-1.0,3,3,1,0,0,0,0,0,0,0,0,0,0,0,4,-1,1,Col·lisió frontal,-1,1,2,4,2,2,1,17.2,1,2,3,27,7
13839,2017,0,2017-07-14,N-240,MONTBLANC,Conca de Barbera,0,1,0,0,2,0,0,0,0,1,1,0,0,100.0,0.0,0,2,No n'hi ha,-1.0,3,3,0,0,0,0,0,0,0,0,0,0,0,0,3,-1,1,Col·lisió frontal,-1,1,2,4,1,2,1,3.32,2,2,4,14,7