,Year,Area,Date,Road,Municipality Name,County Name,Province Name,Fatalties,Serious Injuries,Light Injuries,Units Involved,Pedestrains Involved,Bicycles Involved,Mopeds Involved,Motorcycles,Light Vehicles Involved,Heavy Vehicles Involved,Other Units Involved,Unspecified Units Involved,Road Speed Limit,Accident with Hit and Run,Fog Presence,Surrounding Environment,Special Lane Presence,Special Traffic Measures,Weather Conditions,Special Road Functions,Severity of Accident,Influence of Fog,Influence of Environment,Influence of Traffic,Influence of Weather,Influence of Wind Intensity,Influence of Lighting,Influence of Special Measures,Influence of Road Objects,Influence of Road Surface,Influence of Visibility,Intersection Characteristics,Lighting Conditions,Traffic Regulation and Priority,Direction of Road,Subtype of Accident,Subtype of Road Section,Subzone within Area,Road Surface Conditions,Type of Road,Road Ownership,Wind Conditions,Day of the Week Grouping,Hour of Day,Time of Day Grouping,Type of Accident,Day Type,Day,Month
13840,2017,0,2017-03-10,N-II,PREMIA DE MAR,Maresme,3,0,1,0,1,0,0,0,1,0,0,0,0,40.0,0.0,0,2,Carril habilitat en sentit contrari habitual,0.0,3,3,1,0,0,0,0,0,0,1,0,0,0,0,0,-1,1,Caiguda en la via,-1,1,2,4,1,2,1,4.43,2,0,4,10,3
13841,2017,0,2017-09-22,AP-2,VILA-RODONA,Alt Camp,0,1,0,0,2,0,0,0,0,1,1,0,0,100.0,0.0,0,2,No n'hi ha,-1.0,3,3,0,0,0,0,0,0,0,0,0,0,0,0,3,-1,0,Encalç,-1,1,2,4,1,2,1,6.44,0,2,4,22,9
13842,2017,1,2017-03-28,SE,BARCELONA,Barcelones,3,0,1,0,1,0,0,0,0,0,1,0,0,100.0,0.0,0,-1,No n'hi ha,-1.0,3,3,1,0,0,0,0,0,0,0,0,0,0,0,5,-1,1,Caiguda en la via,-1,2,2,5,-1,2,1,20.0,1,0,1,28,3
13843,2017,0,2017-07-29,C-62,SANT BARTOMEU DEL GR,Osona,3,0,1,0,1,0,0,0,1,0,0,0,0,40.0,0.0,0,1,No n'hi ha,-1.0,3,3,1,0,0,0,0,0,0,0,0,0,0,2,4,4,1,Caiguda en la via,0,1,2,4,4,2,0,16.33,1,0,5,29,7
13844,2017,0,2017-05-12,C-14,"SELVA DEL CAMP, LA",Baix Camp,0,0,1,0,2,0,0,1,0,1,0,0,0,90.0,0.0,0,-1,Sense Especificar,-1.0,3,3,1,0,0,0,0,0,0,0,0,0,0,0,4,-1,-1,Envestida (frontal lateral),-1,1,2,4,4,2,0,23.55,2,2,4,12,5
13845,2017,1,2017-10-31,SE,HOSPITALET DE LLOBREGAT,Barcelones,3,0,1,0,2,0,1,0,0,1,0,0,0,20.0,0.0,0,2,No n'hi ha,-1.0,3,3,1,-1,0,0,0,-1,0,0,0,0,0,0,1,-1,1,Envestida (frontal lateral),-1,2,2,5,-1,2,1,19.01,1,2,1,31,10
13846,2017,1,2017-01-05,SE,BARCELONA,Barcelones,3,0,1,0,3,0,0,0,2,1,0,0,0,100.0,0.0,0,-1,No n'hi ha,-1.0,3,3,1,0,0,0,0,0,0,0,0,0,0,0,4,-1,0,Caiguda en la via,-1,2,2,5,-1,2,1,16.14,1,0,3,5,1
13847,2017,1,2017-02-03,SE,LLORET DE MAR,Selva,1,0,1,0,1,0,1,0,0,0,0,0,0,100.0,0.0,0,2,No n'hi ha,-1.0,3,3,1,0,0,0,0,0,0,0,0,1,0,0,4,-1,1,Caiguda en la via,-1,2,2,5,-1,2,1,11.25,0,0,4,3,2
13848,2017,1,2017-09-17,SE,PIERA,Anoia,3,0,1,0,1,0,1,0,0,0,0,0,0,20.0,0.0,0,-1,Sense Especificar,-1.0,3,3,1,0,0,0,0,0,0,0,0,0,0,0,4,-1,-1,Altres,-1,2,2,5,-1,2,0,12.38,0,5,6,17,9
13849,2017,0,2017-08-14,BP-1417,SANT CUGAT DEL VALLES,Valles Occidental,3,0,1,0,2,0,0,0,1,1,0,0,0,100.0,0.0,0,2,No n'hi ha,-1.0,3,3,1,0,0,0,0,0,0,0,0,0,0,0,4,-1,1,Col·lisió frontal,-1,1,2,4,3,2,1,16.37,1,2,0,14,8
13850,2017,0,2017-06-15,N-340,SUBIRATS,Alt Penedes,3,1,1,0,2,0,0,0,0,2,0,0,0,60.0,0.0,0,2,No n'hi ha,-1.0,3,3,0,0,0,0,0,0,1,0,0,0,0,2,3,5,1,Col·lisió frontal,1,1,2,4,1,2,1,22.08,2,2,3,15,6
13851,2017,1,2017-06-03,SE,CORNELLA DE LLOBREGAT,Baix Llobregat,3,0,1,0,2,0,0,0,1,1,0,0,0,20.0,0.0,0,-1,No n'hi ha,-1.0,3,3,1,-1,0,0,0,-1,0,0,0,0,0,2,2,3,1,Encalç,2,0,2,5,-1,2,0,12.08,0,2,5,3,6
13852,2017,0,2017-03-16,N-II,BASCARA,Alt Emporda,1,1,1,1,4,0,0,0,0,4,0,0,0,100.0,0.0,0,3,No n'hi ha,-1.0,3,3,0,0,0,0,0,0,0,0,0,0,0,0,0,-1,1,Col·lisió frontal,-1,1,2,4,1,2,1,20.34,1,2,3,16,3
13853,2017,1,2017-04-01,C-245,VILADECANS,Baix Llobregat,3,0,1,0,2,0,0,1,0,1,0,0,0,90.0,0.0,0,-1,No n'hi ha,-1.0,1,3,1,-1,-1,0,0,-1,0,0,0,0,-1,1,5,3,1,Col·lisió frontal,2,0,0,4,-1,2,0,22.48,2,2,5,1,4
13854,2017,0,2017-05-23,BV-1221,MURA,Bages,3,0,1,0,2,0,1,0,0,1,0,0,0,50.0,0.0,0,1,No n'hi ha,-1.0,3,3,1,0,0,0,0,0,0,0,0,0,0,0,4,-1,1,Fregament o col·lisió lateral,-1,1,2,4,3,2,1,18.26,1,2,1,23,5
13855,2017,1,2017-07-19,SE,BARCELONA,Barcelones,3,0,2,1,2,0,0,1,0,1,0,0,0,100.0,0.0,1,-1,No n'hi ha,-1.0,3,3,1,0,0,0,0,0,0,0,0,0,0,1,0,-1,0,Envestida (frontal lateral),2,2,2,5,-1,2,1,2.2,2,2,2,19,7
13856,2017,1,2017-01-24,N-260,FIGUERES,Alt Emporda,1,0,1,0,2,1,0,0,0,1,0,0,0,100.0,0.0,0,2,Altres,0.0,3,3,1,0,0,0,0,0,0,0,0,0,0,0,4,-1,1,Atropellament,-1,0,2,4,-1,2,1,16.24,1,3,1,24,1
13857,2017,0,2017-01-20,N-340,"ALDEA, L'",Baix Ebre,0,0,1,0,4,0,0,0,0,0,4,0,0,80.0,0.0,0,1,No n'hi ha,-1.0,2,3,1,0,0,0,1,0,1,0,0,0,0,0,0,-1,1,Fregament o col·lisió lateral,-1,1,2,4,1,2,1,6.18,0,2,4,20,1
13858,2017,1,2017-11-18,SE,BARCELONA,Barcelones,3,0,1,0,2,0,0,0,1,1,0,0,0,100.0,0.0,1,-1,Carril bus,-1.0,3,3,1,0,0,0,0,0,0,0,0,0,0,0,4,-1,1,Envestida (frontal lateral),-1,2,2,5,-1,2,0,13.3,0,2,5,18,11
13859,2017,0,2017-06-19,C-462,SANT LLOREN? DE MORUNYS,Solsones,2,0,3,0,1,0,0,0,0,1,0,0,0,100.0,0.0,0,2,No n'hi ha,-1.0,3,3,1,0,0,0,0,0,0,0,0,0,0,0,4,-1,0,Resta sortides de via,-1,1,2,4,2,2,1,13.11,0,1,0,19,6
13860,2017,0,2017-12-16,C-61,ARENYS DE MAR,Maresme,3,1,0,0,2,0,0,1,0,0,1,0,0,100.0,0.0,0,-1,No n'hi ha,-1.0,3,3,0,0,0,0,0,0,0,0,0,0,0,0,4,-1,-1,Envestida (frontal lateral),-1,1,2,4,-1,2,0,11.21,0,2,5,16,12
13861,2017,0,2017-07-03,C-12,TORTOSA,Baix Ebre,0,0,1,0,2,0,0,0,0,2,0,0,0,100.0,0.0,0,2,No n'hi ha,-1.0,3,3,1,0,0,0,0,0,0,0,0,0,0,0,4,-1,1,Resta sortides de via,-1,1,2,4,2,2,1,18.1,1,1,0,3,7
13862,2017,1,2017-12-23,SE,LLEIDA,Segria,2,0,1,0,2,1,0,0,0,1,0,0,0,100.0,0.0,0,2,No n'hi ha,-1.0,3,3,1,0,0,0,0,0,0,0,0,0,0,0,5,-1,1,Atropellament,-1,2,2,5,-1,2,0,22.1,2,3,5,23,12
13863,2017,1,2017-03-08,SE,CARDEDEU,Valles Oriental,3,0,1,0,2,0,0,1,0,1,0,0,0,100.0,0.0,0,2,No n'hi ha,-1.0,3,3,1,0,0,0,0,0,0,0,0,0,0,1,4,4,1,Envestida (frontal lateral),2,2,2,5,-1,2,1,9.17,0,2,2,8,3
13864,2017,0,2017-10-14,CR,MOLLO,Ripolles,1,4,0,0,1,0,0,0,0,1,0,0,0,30.0,0.0,0,1,No n'hi ha,-1.0,3,3,0,0,1,0,0,0,1,0,0,0,0,0,3,-1,1,Resta sortides de via,-1,1,0,3,4,2,0,7.22,0,1,5,14,10
13865,2017,1,2017-03-24,SE,REUS,Baix Camp,0,0,1,0,2,0,0,0,1,1,0,0,0,100.0,0.0,0,-1,No n'hi ha,-1.0,3,3,1,0,0,0,0,0,0,0,0,0,0,0,4,-1,-1,Envestida (frontal lateral),-1,2,2,5,-1,2,0,22.35,2,2,4,24,3
13866,2017,0,2017-04-29,N-II,"JONQUERA, LA",Alt Emporda,1,0,2,1,2,0,0,0,1,1,0,0,0,100.0,0.0,0,1,No n'hi ha,-1.0,3,3,1,0,0,0,0,0,0,0,0,0,0,1,4,4,1,Fregament o col·lisió lateral,3,1,2,4,1,2,0,13.02,0,2,5,29,4
13867,2017,0,2017-09-05,BV-2136,MEDIONA,Alt Penedes,3,0,1,0,1,0,0,0,0,0,1,0,0,100.0,0.0,0,3,No n'hi ha,-1.0,3,3,1,0,0,0,0,0,0,0,0,0,0,0,4,-1,1,Resta sortides de via,-1,1,2,4,3,2,1,12.14,0,1,1,5,9
13868,2017,0,2017-06-12,CR,ESTAMARIU,Alt Urgell,2,0,1,0,1,0,0,0,1,0,0,0,0,100.0,0.0,0,1,No n'hi ha,-1.0,3,3,1,0,0,0,0,0,0,0,0,0,0,0,4,-1,1,Resta sortides de via,-1,1,0,3,0,2,1,16.05,1,1,0,12,6
13869,2017,0,2017-10-06,AP-7,MARTORELL,Baix Llobregat,3,0,1,0,2,0,0,0,0,0,2,0,0,100.0,0.0,0,2,No n'hi ha,-1.0,3,3,1,0,0,0,0,0,0,0,0,0,0,0,4,-1,0,Encalç,-1,1,2,4,1,2,1,8.22,0,2,4,6,10
13870,2017,1,2017-04-17,GI-682,LLORET DE MAR,Selva,1,0,1,0,2,0,0,0,1,1,0,0,0,100.0,0.0,0,2,No n'hi ha,-1.0,3,3,1,0,0,0,0,0,0,0,0,0,0,1,4,5,1,Envestida (frontal lateral),1,0,2,4,-1,2,1,11.3,0,2,0,17,4
13871,2017,1,2017-02-06,SE,TERRASSA,Valles Occidental,3,0,1,0,2,1,0,0,0,1,0,0,0,20.0,0.0,0,-1,Sense Especificar,-1.0,3,3,1,0,0,0,0,0,0,0,0,0,0,0,4,-1,-1,Atropellament,-1,2,2,5,-1,2,1,12.27,0,3,0,6,2
13872,2017,1,2017-11-02,SE,SABADELL,Valles Occidental,3,0,1,0,2,0,2,0,0,0,0,0,0,100.0,0.0,0,-1,No n'hi ha,-1.0,3,3,1,0,0,0,0,0,0,0,0,0,0,1,4,5,-1,Envestida (frontal lateral),2,2,2,5,-1,2,1,18.0,1,2,3,2,11
13873,2017,0,2017-01-14,T-321,VILANOVA D'ESCORNALBOU,Baix Camp,0,0,1,0,1,0,0,0,0,1,0,0,0,90.0,0.0,0,-1,Sense Especificar,-1.0,3,3,1,0,0,0,0,0,0,0,0,0,0,0,4,-1,-1,Resta sortides de via,-1,1,2,4,4,2,0,0.42,2,1,5,14,1
13874,2017,0,2017-06-30,C-153,SANTA MARIA DE CORCO,Osona,3,0,1,2,1,0,0,0,0,1,0,0,0,100.0,0.0,0,2,No n'hi ha,-1.0,3,3,1,0,0,0,0,0,0,0,0,0,0,0,4,-1,1,Resta sortides de via,-1,1,2,4,4,2,1,14.09,1,1,4,30,6
13875,2017,1,2017-05-02,SE,"VENDRELL, EL",Baix Penedes,0,0,1,2,4,0,0,0,0,4,0,0,0,40.0,0.0,0,2,No n'hi ha,-1.0,3,3,1,-1,0,0,0,-1,0,0,0,0,-1,1,4,4,1,Envestida (frontal lateral),2,2,2,5,-1,2,1,12.09,0,2,1,2,5
13876,2017,1,2017-10-23,SE,OLESA DE MONTSERRAT,Baix Llobregat,3,0,1,0,2,1,0,0,0,1,0,0,0,100.0,0.0,0,2,No n'hi ha,-1.0,3,3,1,0,0,0,0,0,0,0,0,0,0,1,4,2,1,Atropellament,2,2,2,5,-1,2,1,11.3,0,3,0,23,10
13877,2017,0,2017-01-03,C-55,CASTELLGALI,Bages,3,0,1,0,2,1,0,0,0,1,0,0,0,100.0,0.0,0,2,No n'hi ha,-1.0,3,3,1,0,0,0,0,0,0,0,0,0,0,0,3,-1,1,Atropellament,-1,1,2,4,2,2,1,18.22,1,3,1,3,1
13878,2017,0,2017-08-20,A-2,LLEIDA,Segria,2,0,1,5,2,0,0,0,0,2,0,0,0,100.0,0.0,0,2,Carril d'alentiment,-1.0,3,3,1,0,0,0,0,0,0,0,0,0,0,0,1,-1,0,Altres,-1,1,2,4,1,2,0,8.45,0,5,6,20,8
13879,2017,1,2017-02-20,SE,SABADELL,Valles Occidental,3,0,1,0,2,0,0,0,0,1,0,1,0,100.0,0.0,0,2,No n'hi ha,-1.0,3,3,1,0,0,0,0,0,0,0,0,0,0,0,1,-1,0,Envestida (frontal lateral),-1,2,2,5,-1,2,1,18.0,1,2,0,20,2
13880,2017,0,2017-06-04,C-28,ALT ANEU,Pallars Sobira,2,0,1,0,2,0,0,0,2,0,0,0,0,100.0,0.0,0,1,No n'hi ha,-1.0,1,3,1,0,0,0,0,0,0,0,0,1,0,0,2,-1,1,Caiguda en la via,-1,1,2,4,2,1,0,11.43,0,0,6,4,6
13881,2017,1,2017-07-30,BV-5005,SANTA COLOMA DE GRAMANET,Barcelones,3,0,1,1,2,0,0,0,1,1,0,0,0,90.0,0.0,0,2,Carril bus,-1.0,3,3,1,-1,0,0,0,-1,0,0,0,0,1,1,4,4,-1,Envestida (frontal lateral),2,0,2,4,-1,2,0,17.15,1,2,6,30,7
13882,2017,1,2017-01-23,SE,ESPLUGUES DE LLOBREGAT,Baix Llobregat,3,0,1,0,1,0,0,0,1,0,0,0,0,20.0,0.0,0,2,No n'hi ha,-1.0,1,3,1,-1,0,0,0,-1,0,0,0,0,0,0,4,-1,1,Caiguda en la via,-1,2,0,5,-1,2,1,8.4,0,0,0,23,1
13883,2017,0,2017-06-11,C-35,LLINARS DEL VALLES,Valles Oriental,3,0,4,1,3,0,0,0,0,3,0,0,0,100.0,0.0,0,1,No n'hi ha,-1.0,3,3,1,0,0,0,0,0,0,0,0,0,0,0,4,-1,1,Envestida (frontal lateral),-1,1,2,4,2,2,0,9.58,0,2,6,11,6
13884,2017,1,2017-11-28,SE,BARCELONA,Barcelones,3,0,1,0,2,0,0,0,1,1,0,0,0,100.0,0.0,1,-1,No n'hi ha,-1.0,3,3,1,0,0,0,0,0,0,0,0,0,0,0,4,-1,0,Fregament o col·lisió lateral,-1,2,2,5,-1,2,1,15.17,1,2,1,28,11
13885,2017,0,2017-04-23,C-37,QUEROL,Alt Camp,0,0,1,0,1,0,0,0,1,0,0,0,0,90.0,0.0,0,-1,Sense Especificar,-1.0,3,3,1,0,0,0,0,0,0,0,0,0,0,0,4,-1,-1,Resta sortides de via,-1,1,2,4,4,2,0,9.42,0,1,6,23,4
13886,2017,1,2017-01-16,SE,HOSPITALET DE LLOBREGAT,Barcelones,3,0,1,6,2,0,0,0,0,1,1,0,0,30.0,0.0,0,2,No n'hi ha,-1.0,3,3,1,-1,0,0,0,-1,0,0,0,0,0,1,4,3,0,Envestida (frontal lateral),2,2,2,5,-1,2,1,13.0,0,2,0,16,1
13887,2017,1,2017-04-18,SE,GRANOLLERS,Valles Oriental,3,0,1,0,2,1,0,0,0,1,0,0,0,100.0,0.0,0,2,No n'hi ha,-1.0,3,3,1,0,0,0,0,0,0,0,0,0,0,0,4,-1,1,Atropellament,-1,2,2,5,-1,2,1,7.25,0,3,1,18,4
13888,2017,0,2017-05-16,GIV-6216,CASTELLO D'EMPURIES,Alt Emporda,1,0,1,0,2,1,0,0,0,1,0,0,0,60.0,0.0,0,2,No n'hi ha,-1.0,3,3,1,0,0,0,0,0,0,0,0,0,0,0,4,-1,1,Atropellament,-1,1,2,4,0,2,1,15.17,1,3,1,16,5
13889,2017,0,2017-08-22,AP-7,CASTELLBISBAL,Valles Occidental,3,0,1,1,2,0,0,0,0,1,1,0,0,100.0,0.0,0,2,No n'hi ha,-1.0,3,3,1,0,0,0,0,0,0,0,0,0,0,0,4,-1,1,Fregament o col·lisió lateral,-1,1,2,4,1,2,1,13.33,0,2,1,22,8
13890,2017,0,2017-07-20,BV-2115,CASTELLET I LA GORNA,Alt Penedes,3,1,1,1,3,0,0,0,2,1,0,0,0,100.0,0.0,0,3,No n'hi ha,-1.0,3,3,0,0,0,0,0,0,0,0,0,0,0,0,4,-1,1,Envestida (frontal lateral),-1,1,2,4,3,2,1,11.26,0,2,3,20,7
13891,2017,1,2017-10-24,SE,VIC,Osona,3,1,0,0,2,1,0,0,0,1,0,0,0,100.0,0.0,0,2,No n'hi ha,-1.0,3,3,0,0,0,0,0,0,0,0,0,0,0,1,4,5,0,Atropellament,1,2,2,5,-1,2,1,15.29,1,3,1,24,10
13892,2017,1,2017-11-17,SE,BARCELONA,Barcelones,3,0,1,0,2,0,1,0,0,0,0,1,0,100.0,0.0,1,-1,Altres,-1.0,3,3,1,0,0,0,0,0,0,0,0,0,0,0,0,-1,1,Envestida (frontal lateral),-1,2,2,5,-1,2,0,20.5,1,2,4,17,11
13893,2017,1,2017-05-25,SE,BARCELONA,Barcelones,3,0,1,0,2,0,0,0,1,1,0,0,0,100.0,0.0,1,-1,No n'hi ha,-1.0,3,3,1,0,0,0,0,0,0,0,0,0,0,1,4,-1,0,Envestida (frontal lateral),2,2,2,5,-1,2,1,18.5,1,2,3,25,5
13894,2017,0,2017-10-26,C-17,MOLLET DEL VALLES,Valles Oriental,3,0,1,0,2,0,0,0,0,0,2,0,0,100.0,0.0,0,2,No n'hi ha,-1.0,3,3,1,0,0,0,0,0,0,0,0,0,0,0,4,-1,0,Altres,-1,1,2,4,2,2,1,15.26,1,5,3,26,10
13895,2017,1,2017-01-12,SE,"VENDRELL, EL",Baix Penedes,0,0,1,0,2,1,0,0,0,1,0,0,0,40.0,0.0,0,-1,No n'hi ha,-1.0,3,3,1,-1,-1,0,0,-1,0,0,0,0,-1,0,4,-1,1,Atropellament,-1,2,2,5,-1,2,1,13.0,0,3,3,12,1
13896,2017,1,2017-11-30,SE,REUS,Baix Camp,0,0,1,0,2,1,0,0,0,1,0,0,0,100.0,0.0,0,-1,No n'hi ha,-1.0,3,3,1,0,0,0,0,0,0,0,0,0,0,0,4,-1,-1,Atropellament,-1,2,2,5,-1,2,1,12.45,0,3,3,30,11
13897,2017,0,2017-08-28,CR,TOSSA DE MAR,Selva,1,0,1,0,2,0,0,1,0,1,0,0,0,100.0,0.0,0,2,No n'hi ha,-1.0,3,3,1,0,0,0,0,0,0,0,0,0,0,0,4,-1,1,Caiguda en la via,-1,1,0,3,0,2,1,19.13,1,0,0,28,8
13898,2017,0,2017-10-13,C-13,LLAVORSI,Pallars Sobira,2,0,2,0,1,0,0,0,0,1,0,0,0,100.0,0.0,0,1,No n'hi ha,-1.0,3,3,1,0,0,0,0,0,0,0,0,0,0,0,4,-1,1,Resta sortides de via,-1,1,2,4,2,2,0,17.38,1,1,4,13,10
13899,2017,1,2017-12-15,SE,BARCELONA,Barcelones,3,1,0,0,2,0,0,0,1,0,1,0,0,100.0,0.0,1,-1,No n'hi ha,-1.0,1,3,0,0,0,0,0,0,0,0,0,0,0,0,0,-1,0,Fregament o col·lisió lateral,-1,2,0,5,-1,2,1,4.3,2,2,4,15,12
13900,2017,1,2017-04-28,SE,LLEIDA,Segria,2,0,1,0,2,0,0,0,1,1,0,0,0,20.0,0.0,0,-1,No n'hi ha,-1.0,3,3,1,-1,0,0,0,-1,0,0,0,0,-1,1,4,5,1,Envestida (frontal lateral),2,2,2,5,-1,2,1,12.5,0,2,4,28,4
13901,2017,1,2017-05-02,SE,BARCELONA,Barcelones,3,0,1,1,2,0,0,1,0,1,0,0,0,100.0,0.0,1,-1,Carril bus,-1.0,3,3,1,0,0,0,0,0,0,0,0,0,0,1,4,-1,0,Fregament o col·lisió lateral,2,2,2,5,-1,2,1,7.5,0,2,1,2,5
13902,2017,0,2017-10-05,B-20,CORNELLA DE LLOBREGAT,Baix Llobregat,3,0,1,1,3,0,0,0,1,2,0,0,0,80.0,0.0,0,3,No n'hi ha,-1.0,3,3,1,0,0,0,0,0,0,0,0,0,0,0,1,-1,0,Fregament o col·lisió lateral,-1,1,2,4,1,2,1,20.12,1,2,3,5,10
13903,2017,1,2017-11-12,SE,MOLINS DE REI,Baix Llobregat,3,0,1,0,2,1,0,0,0,1,0,0,0,20.0,0.0,0,-1,No n'hi ha,-1.0,3,3,1,0,-1,0,0,0,0,0,0,0,0,0,4,-1,-1,Atropellament,-1,2,2,5,-1,2,0,12.19,0,3,6,12,11
13904,2017,0,2017-07-19,TP-2031,"CATLLAR, EL",Tarragones,0,0,1,0,2,0,0,0,1,1,0,0,0,90.0,0.0,0,-1,Sense Especificar,-1.0,3,3,1,0,0,0,0,0,0,0,0,0,0,1,4,4,-1,Fregament o col·lisió lateral,1,1,2,4,4,2,1,18.3,1,2,2,19,7
13905,2017,0,2017-10-13,CR,SANTA MARIA DE MIRAL,Anoia,3,1,0,0,1,0,0,0,1,0,0,0,0,30.0,0.0,0,2,No n'hi ha,-1.0,3,3,0,0,0,0,0,0,0,0,0,0,0,0,3,-1,1,Resta sortides de via,-1,1,2,3,4,2,0,22.59,2,1,4,13,10
13907,2017,0,2017-10-26,N-152a,SANTA PERPETUA DE MO,Valles Occidental,3,0,1,0,2,0,0,0,1,1,0,0,0,100.0,0.0,0,2,No n'hi ha,-1.0,3,3,1,0,0,0,0,0,0,0,0,0,0,0,4,-1,1,Encalç,-1,1,2,4,1,2,1,11.37,0,2,3,26,10
13908,2017,0,2017-07-03,B-150,CASTELLBISBAL,Valles Occidental,3,1,0,0,2,0,0,0,1,0,1,0,0,100.0,0.0,0,-1,No n'hi ha,-1.0,3,3,0,0,0,0,0,0,0,0,0,0,0,0,4,-1,-1,Col·lisió frontal,-1,1,2,4,-1,2,1,19.38,1,2,0,3,7
13909,2017,0,2017-11-03,AP-7,SANTA PERPETUA DE MO,Valles Occidental,3,1,0,0,3,0,0,0,1,0,2,0,0,100.0,0.0,0,-1,No n'hi ha,-1.0,3,3,0,0,0,0,0,0,0,0,0,0,0,0,4,-1,-1,Encalç,-1,1,2,4,-1,2,1,14.33,1,2,4,3,11
13910,2017,1,2017-05-29,SE,SANT BOI DE LLOBREGAT,Baix Llobregat,3,0,1,0,2,0,0,0,1,1,0,0,0,20.0,0.0,0,-1,No n'hi ha,-1.0,3,3,1,0,0,0,0,0,0,0,0,0,0,0,4,-1,-1,Encalç,-1,2,2,5,-1,2,1,12.45,0,2,0,29,5
13911,2017,1,2017-10-03,SE,SANT CARLES DE LA RAPITA,Montsia,0,0,1,0,2,0,1,0,0,1,0,0,0,40.0,1.0,0,2,No n'hi ha,-1.0,3,3,1,0,0,0,0,0,0,0,0,0,0,2,5,5,0,Caiguda en la via,2,2,2,5,-1,2,1,21.3,1,0,1,3,10
13912,2017,0,2017-06-08,N-II,"MASNOU, EL",Maresme,3,0,1,0,2,0,0,0,1,1,0,0,0,50.0,0.0,0,2,No n'hi ha,-1.0,3,3,1,0,0,0,0,0,0,0,0,0,0,0,4,-1,1,Encalç,-1,1,2,4,1,2,1,12.26,0,2,3,8,6
13913,2017,0,2017-07-11,N-340,VILAFRANCA DEL PENEDES,Alt Penedes,3,0,1,0,2,0,0,0,2,0,0,0,0,90.0,0.0,0,-1,Sense Especificar,-1.0,3,3,1,0,0,0,0,0,0,0,0,0,0,2,4,-1,-1,Envestida (frontal lateral),3,1,2,4,4,2,1,22.14,2,2,1,11,7
13914,2017,1,2017-02-09,SE,VIC,Osona,3,0,1,0,2,0,1,0,0,1,0,0,0,100.0,0.0,0,2,No n'hi ha,-1.0,3,3,1,0,0,0,0,0,0,0,0,0,0,0,4,-1,0,Fregament o col·lisió lateral,-1,2,2,5,-1,2,1,11.3,0,2,3,9,2
13915,2017,0,2017-09-21,C-31,SANT ADRIA DE BESOS,Barcelones,3,0,1,1,2,0,0,0,1,1,0,0,0,80.0,0.0,0,2,No n'hi ha,-1.0,3,3,1,0,0,0,0,0,0,0,0,0,0,0,5,-1,0,Encalç,-1,1,2,4,2,2,1,21.59,1,2,3,21,9
13916,2017,1,2017-08-24,SE,SANT JOAN DESPI,Baix Llobregat,3,0,1,0,1,0,1,0,0,0,0,0,0,100.0,0.0,0,2,Carril bici,-1.0,3,3,1,0,0,0,0,0,0,0,0,0,0,0,4,-1,1,Altres,-1,2,2,5,-1,2,1,9.2,0,5,3,24,8
13917,2017,0,2017-06-03,GIV-6216,SANT PERE PESCADOR,Alt Emporda,1,0,1,0,2,0,0,0,1,1,0,0,0,50.0,0.0,0,2,No n'hi ha,-1.0,3,3,1,0,0,0,0,0,0,0,0,0,0,0,4,-1,1,Envestida (frontal lateral),-1,1,2,4,0,2,0,9.51,0,2,5,3,6
13918,2017,0,2017-05-24,GI-503,DARNIUS,Alt Emporda,1,0,1,0,1,0,0,0,1,0,0,0,0,100.0,0.0,0,3,No n'hi ha,-1.0,3,3,1,0,1,0,0,0,0,0,0,0,0,0,4,-1,1,Resta sortides de via,-1,1,2,4,2,2,1,12.45,0,1,2,24,5
13919,2017,1,2017-03-28,SE,LLEIDA,Segria,2,0,1,1,3,2,0,0,0,1,0,0,0,20.0,0.0,0,-1,No n'hi ha,-1.0,3,3,1,-1,0,0,0,-1,0,0,0,0,0,0,4,-1,1,Atropellament,-1,2,2,5,0,2,1,17.55,1,3,1,28,3
13920,2017,0,2017-05-05,N-II,CASTELLNOU DE SEANA,Pla d'Urgell,2,0,1,0,2,0,0,0,0,1,1,0,0,100.0,0.0,0,0,No n'hi ha,-1.0,3,3,1,0,0,0,0,0,0,0,0,0,0,0,4,-1,1,Col·lisió frontal,-1,1,2,4,1,2,1,7.3,0,2,4,5,5
13921,2017,1,2017-01-07,SE,BARCELONA,Barcelones,3,0,1,2,2,1,0,0,1,0,0,0,0,100.0,0.0,0,-1,Carril reversible,-1.0,3,3,1,0,0,0,0,0,0,0,0,0,0,0,5,-1,1,Atropellament,-1,2,2,5,-1,2,0,1.3,2,3,5,7,1
13922,2017,1,2017-11-26,SE,BARCELONA,Barcelones,3,0,2,0,2,1,0,0,1,0,0,0,0,100.0,0.0,1,-1,No n'hi ha,-1.0,3,3,1,0,0,0,0,0,0,0,0,0,0,0,0,-1,1,Atropellament,-1,2,2,5,-1,2,0,6.3,0,3,6,26,11
13923,2017,1,2017-04-04,SE,LLEIDA,Segria,2,0,1,0,2,0,0,0,1,1,0,0,0,20.0,0.0,0,-1,No n'hi ha,-1.0,3,3,1,0,0,0,0,0,0,0,0,0,0,1,4,4,-1,Envestida (frontal lateral),2,2,2,5,-1,2,1,13.25,0,2,1,4,4
13924,2017,0,2017-03-17,GIV-5142,VILADEMULS,Pla de l'Estany,1,0,1,0,1,0,0,0,0,1,0,0,0,60.0,0.0,0,1,No n'hi ha,-1.0,3,3,1,0,0,0,0,0,0,0,0,0,0,0,0,-1,1,Resta sortides de via,-1,1,2,4,3,2,1,7.27,0,1,4,17,3