,Year,Area,Date,Road,Municipality Name,County Name,Province Name,Fatalties,Serious Injuries,Light Injuries,Units Involved,Pedestrains Involved,Bicycles Involved,Mopeds Involved,Motorcycles,Light Vehicles Involved,Heavy Vehicles Involved,Other Units Involved,Unspecified Units Involved,Road Speed Limit,Accident with Hit and Run,Fog Presence,Surrounding Environment,Special Lane Presence,Special Traffic Measures,Weather Conditions,Special Road Functions,Severity of Accident,Influence of Fog,Influence of Environment,Influence of Traffic,Influence of Weather,Influence of Wind Intensity,Influence of Lighting,Influence of Special Measures,Influence of Road Objects,Influence of Road Surface,Influence of Visibility,Intersection Characteristics,Lighting Conditions,Traffic Regulation and Priority,Direction of Road,Subtype of Accident,Subtype of Road Section,Subzone within Area,Road Surface Conditions,Type of Road,Road Ownership,Wind Conditions,Day of the Week Grouping,Hour of Day,Time of Day Grouping,Type of Accident,Day Type,Day,Month
13925,2017,1,2017-11-30,SE,BARCELONA,Barcelones,3,0,1,1,3,1,0,0,1,1,0,0,0,100.0,0.0,1,-1,No n'hi ha,-1.0,3,3,1,0,0,0,0,0,0,0,0,0,0,1,0,-1,0,Atropellament,2,2,2,5,-1,2,1,18.1,1,3,3,30,11
13926,2017,0,2017-07-30,C-65,LLAGOSTERA,Girones,1,0,1,1,2,0,0,0,0,2,0,0,0,100.0,0.0,0,1,No n'hi ha,-1.0,3,3,1,0,0,0,0,0,0,0,0,0,0,0,4,-1,1,Col·lisió frontal,-1,1,2,4,2,2,0,7.41,0,2,6,30,7
13927,2017,1,2017-11-11,SE,BARCELONA,Barcelones,3,0,1,1,3,0,0,0,0,3,0,0,0,60.0,0.0,1,-1,Carril bus,-1.0,3,3,1,0,0,0,0,0,0,0,0,0,0,0,0,-1,1,Encalç,-1,2,2,5,-1,2,0,19.5,1,2,5,11,11
13928,2017,1,2017-05-19,SE,CASTELLDEFELS,Baix Llobregat,3,1,1,0,3,2,0,0,0,1,0,0,0,100.0,0.0,0,2,No n'hi ha,-1.0,3,3,0,0,0,0,0,0,1,0,0,0,0,0,4,-1,1,Atropellament,-1,2,2,5,-1,2,1,7.2,0,3,4,19,5
13929,2017,0,2017-10-14,C-32,VILADECANS,Baix Llobregat,3,0,1,2,2,0,0,0,0,2,0,0,0,100.0,0.0,0,0,No n'hi ha,-1.0,3,3,1,0,0,0,0,0,0,0,0,0,0,0,3,-1,1,Encalç,-1,1,2,4,2,2,0,0.47,2,2,5,14,10
13930,2017,1,2017-04-25,SE,BARCELONA,Barcelones,3,0,2,0,2,0,0,0,1,1,0,0,0,50.0,0.0,1,-1,No n'hi ha,-1.0,3,3,1,0,0,0,0,0,0,0,0,0,0,0,4,-1,1,Envestida (frontal lateral),-1,2,2,5,-1,2,1,11.45,0,2,1,25,4
13931,2017,1,2017-05-15,SE,"VENDRELL, EL",Baix Penedes,0,0,1,4,2,0,0,0,0,2,0,0,0,40.0,0.0,0,-1,No n'hi ha,-1.0,3,3,1,-1,-1,0,0,-1,0,0,0,0,-1,0,4,-1,1,Xoc contra objecte/obstacle sense sortida prèvia de via,-1,2,2,5,-1,2,1,16.54,1,4,0,15,5
13932,2017,0,2017-09-05,C-31,HOSPITALET DE LLOBREGAT,Barcelones,3,0,1,0,4,0,0,0,1,2,1,0,0,80.0,0.0,0,3,No n'hi ha,-1.0,3,3,1,0,0,0,0,0,0,0,0,0,0,0,4,-1,1,Encalç,-1,1,2,4,2,2,1,13.27,0,2,1,5,9
13933,2017,0,2017-03-31,B-10,HOSPITALET DE LLOBREGAT,Barcelones,3,0,1,1,2,0,0,0,1,1,0,0,0,100.0,0.0,0,0,No n'hi ha,-1.0,3,3,1,0,0,0,0,0,0,0,0,0,0,0,4,-1,0,Fregament o col·lisió lateral,-1,1,2,4,1,2,0,19.06,1,2,4,31,3
13934,2017,0,2017-08-28,N-340,"AMETLLA DE MAR, L'",Baix Ebre,0,0,1,0,1,0,0,0,0,1,0,0,0,40.0,0.0,0,2,No n'hi ha,-1.0,3,3,1,0,0,0,0,0,0,0,0,0,0,1,0,4,1,Resta sortides de via,0,1,2,4,1,2,1,21.48,1,1,0,28,8
13935,2017,0,2017-06-01,C-31,PALAMOS,Baix Emporda,1,1,0,0,2,0,0,0,1,1,0,0,0,80.0,0.0,0,2,No n'hi ha,1.0,3,3,0,0,0,0,0,0,0,0,0,0,0,2,4,5,0,Altres,3,1,2,4,2,2,1,12.16,0,5,3,1,6
13936,2017,1,2017-11-08,SE,GUARDIOLA DE BERGUEDA,Bergueda,3,0,1,0,2,1,0,0,0,1,0,0,0,20.0,0.0,0,-1,Sense Especificar,-1.0,3,3,1,0,0,0,0,0,0,0,0,0,0,1,4,5,-1,Atropellament,0,2,2,5,-1,2,1,10.27,0,3,2,8,11
13937,2017,0,2017-04-12,CR,VILADASENS,Girones,1,0,1,0,2,0,0,0,1,1,0,0,0,40.0,0.0,0,3,No n'hi ha,-1.0,3,3,1,0,0,0,0,0,0,0,1,0,0,0,4,-1,1,Col·lisió frontal,-1,1,2,4,0,2,1,20.34,1,2,2,12,4
13938,2017,0,2017-10-05,C-58,TERRASSA,Valles Occidental,3,0,1,1,4,0,0,0,0,3,1,0,0,100.0,0.0,0,3,No n'hi ha,-1.0,3,3,1,0,0,0,0,0,0,0,0,0,0,0,4,-1,1,Col·lisió frontal,-1,1,2,4,2,2,1,9.12,0,2,3,5,10
13939,2017,0,2017-02-18,N-141C,TONA,Osona,3,0,1,0,1,0,0,0,1,0,0,0,0,90.0,0.0,0,-1,Sense Especificar,-1.0,3,3,1,0,0,0,0,0,0,0,0,0,0,1,4,4,-1,Resta sortides de via,1,1,2,4,4,2,0,12.27,0,1,5,18,2
13940,2017,1,2017-04-23,SE,CASTELLDEFELS,Baix Llobregat,3,1,0,0,1,0,0,0,0,0,0,1,0,100.0,0.0,0,2,No n'hi ha,-1.0,3,3,0,0,0,0,0,0,0,0,0,0,0,0,4,-1,1,Xoc contra objecte/obstacle sense sortida prèvia de via,-1,2,2,5,-1,2,0,14.3,1,4,6,23,4
13941,2017,0,2017-05-27,C-15,VALLBONA D'ANOIA,Anoia,3,0,1,0,3,0,0,0,1,2,0,0,0,80.0,0.0,0,1,No n'hi ha,-1.0,3,3,1,0,0,0,0,0,0,0,0,0,0,1,4,5,1,Fregament o col·lisió lateral,3,1,2,4,2,2,0,12.55,0,2,5,27,5
13942,2017,0,2017-10-17,C-37,CASTELLOLI,Anoia,3,1,0,0,1,0,0,0,0,1,0,0,0,100.0,0.0,0,1,No n'hi ha,-1.0,3,3,0,0,0,0,0,0,0,0,0,0,0,0,4,-1,1,Resta sortides de via,-1,1,2,4,2,2,1,16.03,1,1,1,17,10
13943,2017,1,2017-09-25,SE,LLEIDA,Segria,2,0,1,0,2,1,0,0,0,1,0,0,0,20.0,0.0,0,2,No n'hi ha,-1.0,3,3,1,-1,0,0,0,-1,0,0,0,0,-1,1,4,4,0,Atropellament,1,2,2,5,-1,2,1,15.05,1,3,0,25,9
13944,2017,1,2017-09-11,SE,BARCELONA,Barcelones,3,0,1,0,2,0,0,1,0,1,0,0,0,100.0,0.0,1,-1,No n'hi ha,-1.0,3,3,1,0,0,0,0,0,0,0,0,0,0,1,4,-1,1,Envestida (frontal lateral),2,2,2,5,-1,2,1,15.28,1,2,0,11,9
13945,2017,0,2017-09-11,CR,GER,Cerdanya,1,0,1,0,2,0,0,0,2,0,0,0,0,100.0,0.0,0,1,No n'hi ha,-1.0,3,3,1,0,0,0,0,0,0,0,0,0,0,0,4,-1,1,Caiguda en la via,-1,1,0,3,0,2,1,14.0,1,0,0,11,9
13946,2017,1,2017-04-06,SE,GIRONA,Girones,1,0,1,1,1,0,0,0,1,0,0,0,0,100.0,0.0,0,2,No n'hi ha,-1.0,3,3,1,0,0,0,0,1,0,0,0,0,0,2,4,3,1,Caiguda en la via,1,2,2,5,-1,0,1,17.09,1,0,3,6,4
13947,2017,1,2017-10-17,SE,VIC,Osona,3,0,1,0,2,0,1,0,0,1,0,0,0,100.0,0.0,0,2,No n'hi ha,-1.0,3,3,1,0,0,0,0,0,0,0,0,0,0,2,2,4,1,Fregament o col·lisió lateral,1,2,2,5,-1,2,1,8.47,0,2,1,17,10
13948,2017,1,2017-04-25,SE,BARCELONA,Barcelones,3,0,1,0,2,0,0,0,1,1,0,0,0,100.0,0.0,1,-1,No n'hi ha,-1.0,3,3,1,0,0,0,0,0,0,0,0,0,0,0,4,-1,0,Fregament o col·lisió lateral,-1,2,2,5,-1,2,1,18.45,1,2,1,25,4
13949,2017,1,2017-04-03,SE,LLEIDA,Segria,2,0,1,0,2,1,0,0,0,1,0,0,0,20.0,0.0,0,2,No n'hi ha,-1.0,3,3,1,-1,0,0,0,-1,0,0,0,0,-1,1,4,4,0,Atropellament,1,2,2,5,-1,2,1,12.3,0,3,0,3,4
13950,2017,0,2017-12-31,B-151,RUBI,Valles Occidental,3,0,1,0,1,0,0,0,1,0,0,0,0,50.0,0.0,0,3,No n'hi ha,-1.0,3,3,1,0,0,0,0,0,0,0,0,0,0,0,3,-1,1,Resta sortides de via,-1,1,2,4,3,2,0,23.08,2,1,6,31,12
13951,2017,0,2017-08-23,C-58,BADIA DEL VALLES,Valles Occidental,3,0,1,1,1,0,0,0,1,0,0,0,0,120.0,0.0,0,2,No n'hi ha,-1.0,3,3,1,0,0,0,0,0,0,0,0,0,0,0,1,-1,0,Caiguda en la via,-1,1,2,4,2,2,1,20.26,1,0,2,23,8
13952,2017,1,2017-05-12,SE,SANT JOAN DESPI,Baix Llobregat,3,0,1,0,2,1,0,0,0,1,0,0,0,100.0,0.0,0,2,No n'hi ha,3.0,3,3,1,0,1,0,0,0,0,0,0,0,0,0,4,-1,1,Atropellament,-1,2,3,5,-1,2,1,8.3,0,3,4,12,5
13953,2017,1,2017-03-23,SE,HOSPITALET DE LLOBREGAT,Barcelones,3,0,1,0,2,0,0,0,1,1,0,0,0,20.0,0.0,0,-1,No n'hi ha,-1.0,3,3,1,-1,0,0,0,-1,0,0,0,0,-1,0,4,-1,1,Caiguda en la via,-1,2,2,5,-1,2,1,16.01,1,0,3,23,3
13954,2017,1,2017-01-13,SE,SANT CUGAT DEL VALLES,Valles Occidental,3,0,1,0,2,0,0,1,0,1,0,0,0,20.0,0.0,0,-1,No n'hi ha,-1.0,3,3,1,-1,-1,0,0,-1,0,0,0,0,0,1,5,4,-1,Envestida (frontal lateral),1,2,2,5,-1,2,0,20.1,1,2,4,13,1
13955,2017,1,2017-05-20,SE,CASTELLO D'EMPURIES,Alt Emporda,1,0,1,0,2,0,0,0,0,2,0,0,0,100.0,0.0,0,2,No n'hi ha,-1.0,3,3,1,0,0,0,0,0,0,0,0,0,0,0,5,-1,1,Resta sortides de via,-1,2,2,5,0,2,0,3.5,2,1,5,20,5
13956,2017,0,2017-08-19,C-12,AMPOSTA,Montsia,0,1,0,2,1,0,0,0,0,1,0,0,0,100.0,0.0,0,2,No n'hi ha,-1.0,3,3,0,0,0,0,0,0,0,0,0,0,0,0,1,-1,1,Resta sortides de via,-1,1,2,4,2,2,0,6.4,0,1,5,19,8
13957,2017,0,2017-06-08,AL,IVARS D'URGELL,Pla d'Urgell,2,0,1,0,2,0,0,1,0,1,0,0,0,40.0,0.0,0,2,No n'hi ha,-1.0,3,3,1,0,0,0,0,0,0,0,0,0,0,0,4,-1,1,Envestida (frontal lateral),-1,1,2,0,0,2,1,9.52,0,2,3,8,6
13958,2017,0,2017-01-11,N-150,CERDANYOLA DEL VALLES,Valles Occidental,3,0,1,0,2,0,0,0,1,0,1,0,0,100.0,0.0,0,3,No n'hi ha,-1.0,3,3,1,0,0,0,0,0,0,0,0,0,0,0,4,-1,0,Envestida (frontal lateral),-1,1,2,4,2,2,1,14.19,1,2,2,11,1
13959,2017,1,2017-10-28,SE,CASTELLO D'EMPURIES,Alt Emporda,1,0,1,0,1,0,0,0,1,0,0,0,0,100.0,0.0,0,2,No n'hi ha,-1.0,3,3,1,0,0,0,0,0,0,0,0,0,0,1,1,4,1,Altres,0,2,2,5,0,2,0,20.0,1,5,5,28,10
13960,2017,1,2017-08-20,SE,SANT ADRIA DE BESOS,Barcelones,3,0,1,0,2,0,0,1,0,1,0,0,0,100.0,0.0,0,2,No n'hi ha,-1.0,3,3,1,0,0,0,0,0,0,0,0,0,0,1,5,3,1,Envestida (frontal lateral),0,2,2,5,-1,2,0,21.3,1,2,6,20,8
13961,2017,1,2017-05-12,SE,MATARO,Maresme,3,1,1,1,2,1,0,0,1,0,0,0,0,20.0,0.0,0,2,No n'hi ha,-1.0,3,3,0,-1,0,0,0,-1,0,0,0,0,-1,1,4,2,1,Atropellament,0,2,2,5,-1,2,1,12.12,0,3,4,12,5
13962,2017,1,2017-11-13,SE,TARRAGONA,Tarragones,0,0,1,0,2,1,0,0,0,1,0,0,0,20.0,0.0,0,2,No n'hi ha,-1.0,3,3,1,-1,0,0,0,-1,0,0,0,0,1,0,4,-1,1,Atropellament,-1,2,2,5,0,2,1,9.0,0,3,0,13,11
13963,2017,1,2017-02-13,SE,ROSES,Alt Emporda,1,0,1,1,3,0,2,0,0,1,0,0,0,40.0,0.0,0,2,No n'hi ha,-1.0,2,3,1,-1,0,0,0,0,0,0,0,0,1,0,0,-1,1,Envestida (frontal lateral),-1,2,0,5,-1,1,1,19.2,1,2,0,13,2
13964,2017,0,2017-02-04,BP-1503,SANT QUIRZE DEL VALLES,Valles Occidental,3,0,1,0,2,0,0,0,1,1,0,0,0,100.0,0.0,0,2,No n'hi ha,-1.0,3,3,1,0,0,0,0,0,0,0,0,0,0,0,4,-1,1,Encalç,-1,1,2,4,3,2,0,13.23,0,2,5,4,2
13965,2017,0,2017-10-30,TV-3022,RASQUERA,Ribera d'Ebre,0,0,1,0,2,0,0,0,0,1,1,0,0,100.0,0.0,0,2,No n'hi ha,0.0,3,3,1,0,0,0,0,0,1,0,0,0,0,0,4,-1,1,Encalç,-1,1,2,4,2,2,1,7.48,0,2,0,30,10
13966,2017,1,2017-10-20,SE,BARCELONA,Barcelones,3,0,1,0,2,0,0,0,1,1,0,0,0,100.0,0.0,1,-1,No n'hi ha,-1.0,3,3,1,0,0,0,0,0,0,0,0,0,0,1,4,-1,1,Envestida (frontal lateral),2,2,2,5,-1,2,0,15.35,1,2,4,20,10
13967,2017,1,2017-05-24,SE,VILANOVA I LA GELTRU,Garraf,3,0,1,1,2,0,0,1,0,1,0,0,0,100.0,0.0,0,-1,No n'hi ha,-1.0,3,3,1,0,0,0,0,0,0,0,0,0,0,0,4,-1,-1,Envestida (frontal lateral),-1,2,2,5,-1,2,1,13.46,0,2,2,24,5
13968,2017,1,2017-06-28,SE,CASTELLET I LA GORNA,Alt Penedes,3,0,1,0,2,0,1,0,0,1,0,0,0,40.0,0.0,0,3,No n'hi ha,-1.0,1,3,1,0,0,0,0,0,0,0,0,0,0,1,4,4,1,Envestida (frontal lateral),1,2,2,5,-1,1,1,18.24,1,2,2,28,6
13969,2017,0,2017-06-25,N-141c,BELANYA,Osona,3,0,1,1,1,0,0,0,0,1,0,0,0,100.0,0.0,0,1,No n'hi ha,-1.0,3,3,1,0,0,0,0,0,0,0,0,0,0,0,2,-1,1,Resta sortides de via,-1,1,2,4,3,2,0,17.35,1,1,6,25,6
13970,2017,0,2017-03-15,B-224,SANT ESTEVE SESROVIRES,Baix Llobregat,3,0,2,1,2,0,0,0,0,2,0,0,0,100.0,0.0,0,2,No n'hi ha,-1.0,3,3,1,0,0,0,0,0,0,0,0,0,0,0,4,-1,1,Col·lisió frontal,-1,1,2,4,2,2,1,17.28,1,2,2,15,3
13971,2017,0,2017-06-07,B-23,SANT JUST DESVERN,Baix Llobregat,3,0,1,0,1,0,0,0,1,0,0,0,0,100.0,0.0,0,2,No n'hi ha,-1.0,3,3,1,0,0,0,0,0,0,0,0,0,0,1,4,5,0,Caiguda en la via,0,1,2,4,1,2,1,7.41,0,0,2,7,6
13972,2017,1,2017-01-11,C-253,CALONGE,Baix Emporda,1,0,1,0,2,1,0,0,0,1,0,0,0,50.0,0.0,0,2,No n'hi ha,-1.0,3,3,1,0,0,0,0,0,0,0,0,0,0,0,4,-1,1,Atropellament,-1,0,2,4,2,2,1,11.55,0,3,2,11,1
13973,2017,1,2017-06-13,SE,ESPLUGUES DE LLOBREGAT,Baix Llobregat,3,0,1,0,1,0,0,0,1,0,0,0,0,20.0,0.0,0,-1,No n'hi ha,-1.0,3,3,1,0,0,0,0,0,0,0,0,0,0,0,5,-1,-1,Sortida de via amb xoc o col·lisió,-1,2,2,5,-1,2,1,1.15,2,1,1,13,6
13974,2017,0,2017-07-17,N-240,JUNEDA,Garrigues,2,2,1,1,2,0,0,0,0,1,1,0,0,80.0,0.0,0,2,No n'hi ha,-1.0,3,3,0,0,0,0,0,0,0,0,0,0,0,0,4,-1,1,Col·lisió frontal,-1,1,2,4,1,2,1,8.38,0,2,0,17,7
13975,2017,1,2017-09-01,SE,SANT QUIRZE DEL VALLES,Valles Occidental,3,0,1,0,1,0,1,0,0,0,0,0,0,20.0,1.0,0,-1,No n'hi ha,-1.0,3,3,1,-1,0,0,0,-1,0,0,0,0,-1,0,5,-1,1,Caiguda en la via,-1,2,2,5,-1,2,0,22.15,2,0,4,1,9
13976,2017,0,2017-06-17,B-10,BARCELONA,Barcelones,3,0,1,2,2,0,0,0,1,1,0,0,0,100.0,0.0,1,-1,No n'hi ha,-1.0,3,3,1,0,0,0,0,0,0,0,0,0,0,0,4,-1,0,Fregament o col·lisió lateral,-1,1,2,1,-1,2,0,20.0,1,2,5,17,6
13977,2017,1,2017-09-30,SE,BARCELONA,Barcelones,3,0,1,0,2,0,0,0,1,1,0,0,0,100.0,0.0,1,-1,No n'hi ha,-1.0,3,3,1,0,0,0,0,0,0,0,0,0,0,1,4,-1,1,Fregament o col·lisió lateral,1,2,2,5,-1,2,0,19.3,1,2,5,30,9
13978,2017,1,2017-11-23,SE,TERRASSA,Valles Occidental,3,0,1,0,2,0,0,0,1,1,0,0,0,100.0,0.0,0,-1,No n'hi ha,-1.0,3,3,1,0,0,0,0,0,0,0,0,0,0,0,4,-1,-1,Envestida (frontal lateral),-1,2,2,5,-1,2,1,8.3,0,2,3,23,11
13979,2017,0,2017-11-18,C-26,BORREDA,Bergueda,3,0,1,0,3,0,0,0,3,0,0,0,0,90.0,0.0,0,-1,Sense Especificar,-1.0,3,3,1,0,0,0,0,0,0,0,0,0,0,0,4,-1,-1,Altres,-1,1,2,4,4,2,0,10.05,0,5,5,18,11
13980,2017,1,2017-02-28,SE,BARCELONA,Barcelones,3,0,1,0,2,0,0,0,1,1,0,0,0,100.0,0.0,0,-1,No n'hi ha,-1.0,3,3,1,0,0,1,0,0,0,0,0,0,1,0,4,-1,1,Envestida (frontal lateral),-1,2,2,5,-1,2,1,8.45,0,2,1,28,2
13981,2017,1,2017-09-20,SE,SANTA PERPETUA DE MO,Valles Occidental,3,0,1,0,3,0,0,0,1,2,0,0,0,100.0,0.0,0,1,No n'hi ha,-1.0,3,3,1,0,0,0,0,0,0,0,0,0,0,0,4,-1,1,Encalç,-1,2,2,5,-1,2,1,15.3,1,2,2,20,9
13982,2017,1,2017-10-24,SE,BARCELONA,Barcelones,3,0,1,0,2,1,0,0,0,1,0,0,0,100.0,0.0,1,-1,No n'hi ha,-1.0,3,3,1,0,0,0,0,0,0,0,0,0,0,1,4,-1,0,Atropellament,2,2,2,5,-1,2,1,12.55,0,3,1,24,10
13983,2017,1,2017-03-15,SE,BARCELONA,Barcelones,3,0,1,0,2,0,0,0,1,1,0,0,0,100.0,0.0,0,-1,Carril bus,-1.0,3,3,1,0,0,0,0,0,0,0,0,0,0,1,5,3,1,Fregament o col·lisió lateral,2,2,2,5,-1,2,1,21.0,1,2,2,15,3
13984,2017,1,2017-02-05,SE,SANT PERE DE RIBES,Garraf,3,0,1,1,1,0,0,1,0,0,0,0,0,100.0,0.0,0,-1,No n'hi ha,-1.0,3,3,1,0,0,0,0,0,0,0,0,0,0,0,4,-1,-1,Xoc contra objecte/obstacle sense sortida prèvia de via,-1,2,2,5,-1,2,0,15.5,1,4,6,5,2
13985,2017,0,2017-11-26,C-12,BENIFALLET,Baix Ebre,0,3,1,0,2,0,0,0,0,2,0,0,0,100.0,0.0,0,3,No n'hi ha,-1.0,3,3,0,0,0,0,0,0,0,0,0,0,0,0,3,-1,1,Col·lisió frontal,-1,1,2,4,2,2,0,22.45,2,2,6,26,11
13986,2017,1,2017-10-19,SE,"GARRIGA, LA",Valles Oriental,3,0,1,1,3,2,0,0,0,1,0,0,0,40.0,,0,-1,No n'hi ha,-1.0,3,3,1,-1,0,0,0,-1,0,0,0,0,-1,1,4,4,1,Atropellament,0,0,2,5,-1,2,1,8.26,0,3,3,19,10
13987,2017,0,2017-12-13,B-30,SANT CUGAT DEL VALLES,Valles Occidental,3,1,0,0,3,0,0,0,1,2,0,0,0,100.0,0.0,0,-1,No n'hi ha,-1.0,3,3,0,0,0,0,0,0,0,0,0,0,0,0,4,-1,-1,Encalç,-1,1,2,4,-1,2,1,18.34,1,2,2,13,12
13988,2017,1,2017-11-22,SE,BARCELONA,Barcelones,3,0,1,0,2,1,1,0,0,0,0,0,0,30.0,0.0,1,-1,No n'hi ha,-1.0,3,3,1,0,0,0,0,0,0,0,0,0,0,0,0,-1,0,Atropellament,-1,2,2,5,-1,2,1,19.5,1,3,2,22,11
13989,2017,1,2017-06-09,SE,GIRONA,Girones,1,0,1,0,1,0,1,0,0,0,0,0,0,100.0,0.0,0,2,Carril bici,-1.0,3,3,1,0,0,0,0,0,0,0,0,0,0,2,4,3,1,Xoc contra objecte/obstacle sense sortida prèvia de via,2,2,2,5,-1,2,1,7.41,0,4,4,9,6
13990,2017,0,2017-10-06,B-23,MOLINS DE REI,Baix Llobregat,3,0,1,0,3,0,0,0,1,2,0,0,0,100.0,0.0,0,2,No n'hi ha,-1.0,3,3,1,0,0,0,0,0,0,0,0,0,0,0,4,-1,0,Encalç,-1,1,2,4,1,2,1,8.49,0,2,4,6,10
13991,2017,1,2017-05-24,SE,OLOT,Garrotxa,1,0,1,0,2,0,0,1,0,1,0,0,0,100.0,0.0,0,2,No n'hi ha,-1.0,3,3,1,0,0,0,0,0,0,0,0,0,0,2,4,4,1,Envestida (frontal lateral),1,2,2,5,-1,2,1,14.15,1,2,2,24,5
13992,2017,1,2017-11-17,SE,IGUALADA,Anoia,3,0,1,0,2,0,0,0,1,1,0,0,0,50.0,0.0,0,-1,No n'hi ha,-1.0,3,3,1,-1,0,0,0,-1,0,0,0,0,-1,0,4,-1,0,Fregament o col·lisió lateral,-1,2,2,5,-1,2,1,14.2,1,2,4,17,11
13993,2017,1,2017-01-25,SE,FIGUERES,Alt Emporda,1,0,1,0,2,0,0,0,0,2,0,0,0,100.0,0.0,0,2,No n'hi ha,-1.0,3,3,1,0,0,0,0,0,0,0,0,0,0,0,5,-1,1,Encalç,-1,2,2,5,-1,2,1,20.0,1,2,2,25,1
13994,2017,0,2017-11-19,N-340,CASTELLET I LA GORNA,Alt Penedes,3,1,0,1,2,1,0,0,0,1,0,0,0,80.0,0.0,0,2,No n'hi ha,-1.0,3,3,0,0,0,0,0,0,0,0,1,0,0,0,3,-1,1,Atropellament,-1,1,2,4,1,2,0,18.21,1,3,6,19,11
13995,2017,0,2017-11-24,CR22,SANT CARLES DE LA RAPITA,Montsia,0,0,1,0,2,0,0,1,0,1,0,0,0,40.0,0.0,0,2,No n'hi ha,-1.0,3,3,1,0,0,0,0,0,0,0,0,0,0,0,0,-1,1,Encalç,-1,1,2,3,4,2,0,21.05,1,2,4,24,11
13996,2017,1,2017-11-22,SE,GIRONA,Girones,1,0,1,1,2,0,0,0,1,1,0,0,0,40.0,0.0,0,2,No n'hi ha,-1.0,3,3,1,0,0,0,0,0,0,0,0,0,0,2,4,3,1,Envestida (frontal lateral),0,2,2,5,-1,2,1,10.15,0,2,2,22,11
13997,2017,1,2017-04-08,SE,BARCELONA,Barcelones,3,0,1,0,1,0,0,1,0,0,0,0,0,100.0,0.0,1,-1,Carril bus,-1.0,3,3,1,0,0,0,0,0,0,0,0,0,0,0,0,-1,1,Xoc contra objecte/obstacle sense sortida prèvia de via,-1,2,2,5,-1,2,0,6.3,0,4,5,8,4
13998,2017,1,2017-08-04,SE,SALOU,Tarragones,0,0,1,0,2,0,1,0,0,1,0,0,0,100.0,0.0,0,2,No n'hi ha,-1.0,3,3,1,0,0,0,0,0,0,0,0,0,0,1,1,4,1,Envestida (frontal lateral),1,2,2,5,-1,2,1,7.0,0,2,4,4,8
13999,2017,0,2017-09-05,N-240,LLEIDA,Segria,2,0,1,0,2,0,0,1,0,1,0,0,0,90.0,0.0,0,-1,Sense Especificar,-1.0,3,3,1,0,0,0,0,0,0,0,0,0,0,1,4,4,-1,Fregament o col·lisió lateral,0,1,2,4,4,2,1,7.25,0,2,1,5,9
14000,2017,0,2017-04-15,C-31,VILADECANS,Baix Llobregat,3,0,2,0,2,0,0,0,0,1,1,0,0,100.0,0.0,0,2,No n'hi ha,-1.0,3,3,1,0,0,0,0,0,0,0,0,0,0,0,3,-1,1,Resta sortides de via,-1,1,2,4,2,2,0,23.08,2,1,5,15,4
14001,2017,0,2017-12-15,C-55,CLARIANA DE CARDENER,Solsones,2,0,1,0,1,0,0,0,0,1,0,0,0,90.0,0.0,0,-1,Sense Especificar,-1.0,3,3,1,0,0,0,0,0,0,0,0,0,0,0,4,-1,-1,Resta sortides de via,-1,1,2,4,4,2,1,11.48,0,1,4,15,12
14002,2017,0,2017-04-10,CR,AITONA,Segria,2,0,1,0,2,0,0,0,0,1,1,0,0,100.0,0.0,0,2,No n'hi ha,-1.0,3,3,1,0,0,0,0,0,0,0,0,0,0,0,4,-1,1,Envestida (frontal lateral),-1,1,2,3,-1,2,1,7.43,0,2,0,10,4
14003,2017,0,2017-07-10,AL,BESCANO,Girones,1,0,1,1,1,0,0,0,0,1,0,0,0,100.0,0.0,0,1,No n'hi ha,-1.0,3,3,1,0,0,0,0,0,0,0,0,0,0,0,4,-1,1,Resta sortides de via,-1,1,2,3,0,2,1,10.36,0,1,0,10,7
14004,2017,1,2017-09-16,SE,SABADELL,Valles Occidental,3,0,1,0,2,0,0,0,1,1,0,0,0,100.0,0.0,0,2,No n'hi ha,-1.0,3,3,1,0,0,0,0,0,0,0,0,0,0,1,4,3,1,Envestida (frontal lateral),2,2,2,5,-1,2,0,17.4,1,2,5,16,9
14005,2017,0,2017-05-13,N-IIa,BELLPUIG,Urgell,2,0,1,0,1,0,0,0,0,1,0,0,0,100.0,0.0,0,1,No n'hi ha,-1.0,3,3,1,0,0,0,0,0,0,0,0,0,0,0,3,-1,1,Resta sortides de via,-1,1,2,4,1,2,0,3.0,2,1,5,13,5
14006,2017,1,2017-11-12,SE,BARCELONA,Barcelones,3,0,1,1,2,1,0,0,1,0,0,0,0,100.0,0.0,1,-1,Carril bus,-1.0,3,3,1,0,0,0,0,0,0,0,0,0,1,1,0,-1,1,Atropellament,2,2,2,5,-1,2,0,21.35,1,3,6,12,11
14007,2017,0,2017-10-20,N-141e,ANGLES,Selva,1,0,1,0,4,0,0,0,1,3,0,0,0,100.0,0.0,0,2,No n'hi ha,-1.0,3,3,1,0,0,0,0,0,1,0,0,0,0,1,0,5,1,Altres,1,1,2,4,2,2,0,19.38,1,5,4,20,10