,Year,Area,Date,Road,Municipality Name,County Name,Province Name,Fatalties,Serious Injuries,Light Injuries,Units Involved,Pedestrains Involved,Bicycles Involved,Mopeds Involved,Motorcycles,Light Vehicles Involved,Heavy Vehicles Involved,Other Units Involved,Unspecified Units Involved,Road Speed Limit,Accident with Hit and Run,Fog Presence,Surrounding Environment,Special Lane Presence,Special Traffic Measures,Weather Conditions,Special Road Functions,Severity of Accident,Influence of Fog,Influence of Environment,Influence of Traffic,Influence of Weather,Influence of Wind Intensity,Influence of Lighting,Influence of Special Measures,Influence of Road Objects,Influence of Road Surface,Influence of Visibility,Intersection Characteristics,Lighting Conditions,Traffic Regulation and Priority,Direction of Road,Subtype of Accident,Subtype of Road Section,Subzone within Area,Road Surface Conditions,Type of Road,Road Ownership,Wind Conditions,Day of the Week Grouping,Hour of Day,Time of Day Grouping,Type of Accident,Day Type,Day,Month
14008,2017,0,2017-06-23,BV-4243,BERGA,Bergueda,3,1,0,0,1,0,1,0,0,0,0,0,0,50.0,0.0,0,1,No n'hi ha,-1.0,3,3,0,0,0,0,0,0,0,0,0,0,0,0,4,-1,1,Caiguda en la via,-1,1,2,4,3,2,0,20.44,1,0,4,23,6
14009,2017,1,2017-10-09,SE,MANRESA,Bages,3,0,1,0,2,1,0,0,0,1,0,0,0,100.0,0.0,0,2,No n'hi ha,-1.0,3,3,1,0,0,0,0,0,0,0,0,0,0,2,4,4,0,Atropellament,1,2,2,5,-1,2,1,11.44,0,3,0,9,10
14010,2017,1,2017-03-25,SE,BARCELONA,Barcelones,3,0,1,0,2,0,0,0,1,1,0,0,0,100.0,0.0,0,-1,No n'hi ha,-1.0,3,3,1,0,0,0,0,0,0,0,0,0,1,1,5,3,0,Envestida (frontal lateral),2,2,2,5,-1,2,0,22.2,2,2,5,25,3
14011,2017,1,2017-08-09,SE,BARCELONA,Barcelones,3,0,1,0,1,0,0,0,0,1,0,0,0,100.0,0.0,1,-1,No n'hi ha,-1.0,3,3,1,0,0,0,0,0,0,0,0,0,0,0,0,-1,0,Xoc contra objecte/obstacle sense sortida prèvia de via,-1,2,2,5,-1,2,1,5.2,2,4,2,9,8
14012,2017,0,2017-05-14,A-22,LLEIDA,Segria,2,0,1,4,3,0,0,0,0,3,0,0,0,100.0,0.0,0,2,No n'hi ha,-1.0,3,3,1,0,0,0,0,0,0,0,0,0,0,0,3,-1,0,Encalç,-1,1,2,4,1,2,0,0.1,2,2,6,14,5
14013,2017,0,2017-01-03,AP-7,CONSTANTI,Tarragones,0,0,2,1,3,0,0,0,0,1,2,0,0,100.0,0.0,0,2,No n'hi ha,-1.0,3,3,1,0,0,0,0,0,0,0,0,0,0,0,3,-1,0,Encalç,-1,1,2,4,1,2,1,5.58,2,2,1,3,1
14014,2017,1,2017-03-09,SE,GIRONA,Girones,1,0,1,0,2,1,0,0,0,1,0,0,0,100.0,0.0,0,2,No n'hi ha,-1.0,3,3,1,0,0,0,0,0,0,0,0,0,0,2,4,4,1,Atropellament,2,2,2,5,-1,2,1,10.21,0,3,3,9,3
14015,2017,0,2017-10-22,BP-1121,MONISTROL DE MONTSER,Bages,3,0,1,0,2,0,1,0,0,1,0,0,0,90.0,0.0,0,-1,Sense Especificar,-1.0,3,3,1,0,0,0,0,0,0,0,0,0,0,0,4,-1,-1,Fregament o col·lisió lateral,-1,1,2,4,4,2,0,10.44,0,2,6,22,10
14016,2017,0,2017-10-26,N-260,PEDRET I MARZA,Alt Emporda,1,0,1,0,2,0,0,0,1,1,0,0,0,100.0,0.0,0,1,No n'hi ha,-1.0,3,3,1,0,0,0,0,0,0,0,0,0,0,1,4,2,1,Envestida (frontal lateral),1,1,2,4,1,2,1,16.54,1,2,3,26,10
14017,2017,1,2017-06-03,SE,TERRASSA,Valles Occidental,3,1,0,0,1,0,0,0,0,1,0,0,0,100.0,0.0,0,-1,No n'hi ha,-1.0,3,3,0,0,0,0,0,0,0,0,0,0,0,0,4,-1,-1,Altres,-1,2,2,5,-1,2,0,17.01,1,5,5,3,6
14018,2017,0,2017-12-05,C-12,CORBINS,Segria,2,0,1,0,1,0,0,0,0,1,0,0,0,90.0,0.0,0,-1,Sense Especificar,-1.0,3,3,1,0,0,0,0,0,0,0,0,0,0,0,4,-1,-1,Resta sortides de via,-1,1,2,4,4,2,1,21.44,1,1,1,5,12
14019,2017,0,2017-12-05,C-352,"ROCA DEL VALLES, LA",Valles Oriental,3,1,0,0,2,1,0,0,0,1,0,0,0,100.0,0.0,0,-1,No n'hi ha,-1.0,3,3,0,0,0,0,0,0,0,0,0,0,0,0,4,-1,-1,Atropellament,-1,1,2,4,-1,2,1,4.39,2,3,1,5,12
14020,2017,1,2017-06-21,SE,SANT QUIRZE DEL VALLES,Valles Occidental,3,0,1,0,2,0,0,1,0,1,0,0,0,20.0,0.0,0,2,No n'hi ha,-1.0,3,3,1,-1,0,0,0,-1,0,0,0,0,0,1,4,4,0,Envestida (frontal lateral),2,2,2,5,-1,2,1,6.25,0,2,2,21,6
14021,2017,1,2017-06-28,TP-7225,REUS,Baix Camp,0,1,1,0,2,0,0,0,0,2,0,0,0,100.0,0.0,0,-1,No n'hi ha,-1.0,3,3,0,0,0,0,0,0,0,0,0,0,0,0,4,-1,-1,Col·lisió frontal,-1,0,2,4,-1,2,1,6.39,0,2,2,28,6
14022,2017,1,2017-04-18,SE,BARCELONA,Barcelones,3,0,1,0,2,1,0,0,0,1,0,0,0,100.0,0.0,1,-1,Carril bus,-1.0,3,3,1,0,0,0,0,0,0,0,0,0,0,1,4,-1,0,Atropellament,2,2,2,5,-1,2,1,17.2,1,3,1,18,4
14023,2017,1,2017-12-16,SE,VILASSAR DE MAR,Maresme,3,0,1,0,2,0,1,0,0,1,0,0,0,100.0,0.0,0,2,No n'hi ha,-1.0,3,3,1,0,0,0,0,0,0,0,0,0,0,2,4,4,0,Fregament o col·lisió lateral,-1,2,2,5,-1,2,0,15.5,1,2,5,16,12
14024,2017,1,2017-09-12,SE,SANT FELIU DE LLOBREGAT,Baix Llobregat,3,0,1,0,2,1,0,0,0,1,0,0,0,20.0,0.0,0,-1,No n'hi ha,-1.0,3,3,1,-1,0,0,0,-1,0,0,0,0,-1,1,5,2,1,Atropellament,2,2,2,5,-1,2,1,22.03,2,3,1,12,9
14025,2017,0,2017-05-25,C-12,MAIALS,Segria,2,1,0,0,1,0,0,0,0,0,1,0,0,100.0,0.0,0,0,No n'hi ha,-1.0,3,3,0,0,0,0,0,0,0,0,0,0,0,0,1,-1,1,Resta sortides de via,-1,1,2,4,2,2,1,6.35,0,1,3,25,5
14026,2017,1,2017-05-07,SE,MORA LA NOVA,Ribera d'Ebre,0,0,1,3,2,0,0,0,0,2,0,0,0,100.0,0.0,0,2,No n'hi ha,-1.0,3,3,1,0,0,0,0,0,0,0,0,0,0,1,4,4,1,Altres,1,2,2,5,-1,2,0,17.3,1,5,6,7,5
14027,2017,0,2017-07-10,BV-2113,SANT PERE DE RIBES,Garraf,3,0,1,2,2,0,0,0,1,1,0,0,0,50.0,0.0,0,2,No n'hi ha,-1.0,3,3,1,0,0,0,0,0,0,0,0,0,0,0,4,-1,1,Envestida (frontal lateral),-1,1,2,4,0,2,1,12.0,0,2,0,10,7
14028,2017,0,2017-05-14,B-124,MURA,Bages,3,0,1,0,1,0,0,0,1,0,0,0,0,90.0,0.0,0,-1,Sense Especificar,-1.0,3,3,1,0,0,0,0,0,0,0,0,0,0,0,4,-1,-1,Resta sortides de via,-1,1,2,4,4,2,0,11.21,0,1,6,14,5
14029,2017,1,2017-01-31,SE,BARCELONA,Barcelones,3,1,0,0,2,1,0,0,0,1,0,0,0,100.0,0.0,0,-1,Carril bus,-1.0,3,3,0,0,0,0,0,0,0,0,0,0,0,0,4,-1,1,Atropellament,-1,2,2,5,-1,2,1,14.1,1,3,1,31,1
14030,2017,0,2017-03-27,N-240,VIMBODI,Conca de Barbera,0,0,2,1,2,0,0,0,0,2,0,0,0,100.0,0.0,0,3,No n'hi ha,-1.0,1,3,1,0,0,0,0,0,0,0,0,0,0,0,2,-1,1,Col·lisió frontal,-1,1,2,4,1,2,1,14.44,1,2,0,27,3
14031,2017,0,2017-09-28,C-31,SANT ADRIA DE BESOS,Barcelones,3,1,0,0,2,0,0,0,1,1,0,0,0,100.0,0.0,0,-1,No n'hi ha,-1.0,3,3,0,0,0,0,0,0,0,0,0,0,0,0,4,-1,-1,Encalç,-1,1,2,4,-1,2,1,18.27,1,2,3,28,9
14032,2017,1,2017-10-17,SE,BARCELONA,Barcelones,3,0,1,1,2,0,0,1,0,1,0,0,0,100.0,0.0,1,-1,Carril bici,-1.0,3,3,1,0,0,0,0,0,0,0,0,0,0,1,0,-1,0,Col·lisió frontal,2,2,2,5,-1,2,1,0.25,2,2,1,17,10
14033,2017,1,2017-10-05,SE,GIRONA,Girones,1,0,1,0,1,0,0,1,0,0,0,0,0,30.0,0.0,0,2,No n'hi ha,-1.0,3,3,1,0,0,0,0,0,0,0,0,0,0,2,4,3,1,Caiguda en la via,2,2,2,5,-1,2,1,16.32,1,0,3,5,10
14034,2017,0,2017-07-17,C-451,OLIUS,Solsones,2,0,1,0,2,0,0,0,1,1,0,0,0,60.0,0.0,0,2,No n'hi ha,-1.0,3,3,1,0,0,0,0,0,0,0,0,0,0,1,4,4,0,Col·lisió frontal,1,1,2,4,2,2,1,14.09,1,2,0,17,7
14035,2017,1,2017-08-09,SE,CASTELL-PLATJA D'ARO,Baix Emporda,1,0,1,0,1,0,0,0,0,1,0,0,0,50.0,0.0,0,1,No n'hi ha,-1.0,1,3,1,0,0,0,1,0,0,0,0,0,0,2,5,5,1,Resta sortides de via,0,2,2,5,-1,2,1,23.43,2,1,2,9,8
14036,2017,0,2017-04-07,C-61,ARENYS DE MUNT,Maresme,3,0,1,0,2,0,1,0,0,0,1,0,0,100.0,0.0,0,2,No n'hi ha,-1.0,3,3,1,0,0,0,0,0,0,0,0,0,0,1,0,4,1,Altres,1,1,2,4,2,2,1,6.37,0,5,4,7,4
14037,2017,0,2017-03-26,C-352,CANOVELLES,Valles Oriental,3,1,0,0,1,0,0,0,1,0,0,0,0,100.0,0.0,0,-1,No n'hi ha,-1.0,3,3,0,0,0,0,0,0,0,0,0,0,0,0,4,-1,-1,Altres,-1,1,2,4,-1,2,0,16.55,1,5,6,26,3
14038,2017,0,2017-01-20,GI-644,ULLASTRET,Baix Emporda,1,1,0,1,2,0,0,0,0,2,0,0,0,100.0,0.0,0,3,No n'hi ha,-1.0,3,3,0,0,0,0,0,0,0,0,0,0,0,0,2,-1,1,Col·lisió frontal,-1,1,2,4,3,2,0,16.12,1,2,4,20,1
14039,2017,0,2017-12-13,GI-633,SANT JORDI DESVALLS,Girones,1,1,0,0,1,0,0,0,0,1,0,0,0,100.0,0.0,0,1,No n'hi ha,-1.0,3,3,0,0,0,0,0,0,0,0,0,0,0,0,3,-1,1,Resta sortides de via,-1,1,2,4,2,2,1,23.03,2,1,2,13,12
14040,2017,0,2017-05-14,AP-7,SILS,Selva,1,0,1,0,1,0,0,0,0,1,0,0,0,100.0,0.0,0,1,No n'hi ha,-1.0,3,3,1,0,0,0,0,0,0,0,0,0,0,0,1,-1,0,Resta sortides de via,-1,1,2,4,1,2,0,21.0,1,1,6,14,5
14041,2017,0,2017-06-07,C-1413a,SANT CUGAT DEL VALLES,Valles Occidental,3,0,1,1,2,0,0,0,1,1,0,0,0,100.0,0.0,0,1,No n'hi ha,-1.0,3,3,1,0,0,0,0,0,0,0,0,0,0,0,4,-1,1,Col·lisió frontal,-1,1,2,4,2,2,1,18.09,1,2,2,7,6
14042,2017,1,2017-07-15,SE,LLEIDA,Segria,2,0,1,0,1,0,1,0,0,0,0,0,0,20.0,0.0,0,-1,Sense Especificar,-1.0,3,3,1,0,0,0,0,0,0,0,0,0,0,0,4,-1,-1,Altres,-1,2,2,5,-1,2,0,13.08,0,5,5,15,7
14043,2017,1,2017-03-17,SE,HOSPITALET DE LLOBREGAT,Barcelones,3,0,1,0,2,1,0,0,1,0,0,0,0,20.0,0.0,0,-1,No n'hi ha,-1.0,3,3,1,-1,0,0,0,-1,0,0,0,0,-1,1,4,3,1,Atropellament,2,2,2,5,-1,2,1,12.32,0,3,4,17,3
14044,2017,1,2017-05-06,SE,BARCELONA,Barcelones,3,0,1,2,2,0,0,0,0,2,0,0,0,100.0,0.0,1,-1,No n'hi ha,-1.0,3,3,1,0,0,0,0,0,0,0,0,0,0,1,0,-1,1,Envestida (frontal lateral),2,2,2,5,-1,2,0,23.1,2,2,5,6,5
14045,2017,1,2017-08-30,SE,BARCELONA,Barcelones,3,0,1,1,2,0,0,0,1,1,0,0,0,100.0,0.0,1,-1,No n'hi ha,-1.0,3,3,1,0,0,0,0,0,0,0,0,0,0,0,4,-1,0,Fregament o col·lisió lateral,-1,2,2,5,-1,2,1,14.15,1,2,2,30,8
14046,2017,1,2017-09-06,BV-1432,GRANOLLERS,Valles Oriental,3,1,0,1,2,0,0,0,1,1,0,0,0,100.0,0.0,0,2,No n'hi ha,-1.0,3,3,0,0,0,0,0,0,0,0,0,0,0,1,5,3,1,Envestida (frontal lateral),2,0,2,4,-1,2,1,5.5,2,2,2,6,9
14047,2017,0,2017-01-27,B-20,SANTA COLOMA DE GRAMANET,Barcelones,3,0,1,0,2,0,0,0,1,1,0,0,0,80.0,0.0,0,2,No n'hi ha,-1.0,1,3,1,0,1,0,1,0,0,0,0,0,0,0,5,-1,0,Fregament o col·lisió lateral,-1,1,2,4,3,2,0,20.09,1,2,4,27,1
14048,2017,0,2017-02-26,LP-9221,"PORTELLA, LA",Segria,2,0,1,0,1,0,0,0,0,1,0,0,0,100.0,0.0,0,1,No n'hi ha,-1.0,3,3,1,0,0,0,0,0,0,0,0,0,0,0,3,-1,1,Resta sortides de via,-1,1,2,4,2,2,0,22.12,2,1,6,26,2
14049,2017,0,2017-05-21,BV-2137,MEDIONA,Alt Penedes,3,0,1,0,1,0,1,0,0,0,0,0,0,50.0,0.0,0,2,No n'hi ha,-1.0,3,3,1,0,0,0,0,0,0,0,0,0,0,0,4,-1,1,Caiguda en la via,-1,1,2,4,3,2,0,13.27,0,0,6,21,5
14050,2017,0,2017-05-16,B-20,BADALONA,Barcelones,3,1,0,1,2,0,0,0,1,1,0,0,0,100.0,0.0,0,-1,No n'hi ha,-1.0,3,3,0,0,0,0,0,0,0,0,0,0,0,0,4,-1,-1,Encalç,-1,1,2,4,-1,2,1,16.58,1,2,1,16,5
14051,2017,1,2017-05-12,N-141c,SANT FRUITOS DE BAGES,Bages,3,0,1,1,2,0,0,0,0,2,0,0,0,90.0,0.0,0,-1,No n'hi ha,-1.0,3,3,1,0,0,0,0,0,0,0,0,0,0,1,4,3,-1,Encalç,1,0,2,4,-1,2,1,10.0,0,2,4,12,5
14052,2017,0,2017-10-12,CR,TORA,Segarra,2,0,1,0,2,0,0,0,1,1,0,0,0,100.0,0.0,0,2,No n'hi ha,-1.0,3,3,1,0,1,0,0,0,0,0,0,0,0,0,4,-1,1,Fregament o col·lisió lateral,-1,1,2,3,0,2,1,17.42,1,2,3,12,10
14053,2017,1,2017-04-20,SE,LLEIDA,Segria,2,0,1,0,2,0,1,0,0,1,0,0,0,20.0,0.0,0,2,Altres,-1.0,3,3,1,-1,0,0,0,-1,0,0,0,0,0,0,1,-1,0,Envestida (frontal lateral),-1,2,2,5,-1,2,1,19.4,1,2,3,20,4
14054,2017,1,2017-02-28,SE,TARRAGONA,Tarragones,0,0,1,0,2,0,0,1,0,1,0,0,0,20.0,0.0,0,2,No n'hi ha,-1.0,3,3,1,-1,0,0,0,-1,0,0,0,0,-1,1,1,4,0,Envestida (frontal lateral),0,2,2,5,-1,2,1,19.2,1,2,1,28,2
14055,2017,1,2017-01-22,SE,BARCELONA,Barcelones,3,0,1,1,2,1,0,0,1,0,0,0,0,100.0,0.0,0,-1,No n'hi ha,-1.0,1,3,1,0,0,0,0,0,0,0,0,0,0,1,5,3,0,Atropellament,2,2,0,5,-1,2,0,20.45,1,3,6,22,1
14056,2017,1,2017-04-23,SE,TERRASSA,Valles Occidental,3,0,1,1,2,0,0,0,0,2,0,0,0,20.0,0.0,0,-1,Sense Especificar,-1.0,3,3,1,0,0,0,0,0,0,0,0,0,0,1,4,4,-1,Envestida (frontal lateral),2,2,2,5,-1,2,0,20.04,1,2,6,23,4
14057,2017,1,2017-05-05,SE,SANT ADRIA DE BESOS,Barcelones,3,0,1,0,2,0,0,0,1,0,1,0,0,100.0,0.0,0,2,No n'hi ha,-1.0,3,3,1,0,0,0,0,0,0,0,0,0,0,1,4,4,1,Envestida (frontal lateral),2,2,2,5,-1,2,1,7.5,0,2,4,5,5
14058,2017,0,2017-05-15,GI-673,CALDES DE MALAVELLA,Selva,1,1,0,0,2,0,0,0,1,1,0,0,0,100.0,0.0,0,1,No n'hi ha,-1.0,3,3,0,0,0,0,0,0,0,0,0,0,0,1,4,4,1,Resta sortides de via,1,1,2,4,2,2,1,14.44,1,1,0,15,5
14059,2017,0,2017-08-07,CR,"VALL D'EN BAS, LA",Garrotxa,1,1,0,0,1,0,0,0,0,1,0,0,0,100.0,0.0,0,1,No n'hi ha,-1.0,3,3,0,0,0,0,0,0,0,0,0,0,0,0,4,-1,1,Altres,-1,1,0,3,4,2,1,15.53,1,5,0,7,8
14060,2017,1,2017-12-27,SE,HOSPITALET DE LLOBREGAT,Barcelones,3,0,1,1,3,2,0,0,0,1,0,0,0,20.0,0.0,0,2,No n'hi ha,-1.0,3,3,1,-1,0,0,0,-1,0,0,0,0,-1,0,4,-1,0,Atropellament,-1,2,2,5,-1,2,1,12.2,0,3,2,27,12
14061,2017,1,2017-05-17,SE,SANT CARLES DE LA RAPITA,Montsia,0,0,1,0,2,1,0,0,0,1,0,0,0,100.0,0.0,0,2,No n'hi ha,0.0,3,3,1,0,0,0,0,0,0,0,0,0,0,0,4,-1,1,Atropellament,-1,2,2,5,-1,2,1,9.1,0,3,2,17,5
14062,2017,1,2017-12-19,SE,BARCELONA,Barcelones,3,0,1,0,3,0,0,0,1,2,0,0,0,30.0,0.0,1,-1,No n'hi ha,-1.0,3,3,1,0,0,0,0,0,0,0,0,0,0,0,4,-1,0,Fregament o col·lisió lateral,-1,2,2,5,-1,2,1,9.55,0,2,1,19,12
14063,2017,1,2017-01-07,SE,BARCELONA,Barcelones,3,0,1,0,2,0,0,0,1,1,0,0,0,100.0,0.0,0,-1,No n'hi ha,-1.0,3,3,1,0,0,0,0,0,0,0,0,0,0,1,4,3,0,Fregament o col·lisió lateral,1,2,2,5,-1,2,0,13.15,0,2,5,7,1
14064,2017,0,2017-01-15,L-512,ARTESA DE SEGRE,Noguera,2,1,0,0,1,0,0,0,0,1,0,0,0,100.0,0.0,0,2,No n'hi ha,-1.0,3,3,0,0,0,0,0,0,0,0,0,0,0,0,4,-1,1,Resta sortides de via,-1,1,2,4,2,2,0,10.23,0,1,6,15,1
14065,2017,1,2017-05-26,SE,MATARO,Maresme,3,0,1,0,2,1,0,0,0,1,0,0,0,20.0,0.0,0,-1,No n'hi ha,-1.0,3,3,1,0,-1,0,0,0,0,0,0,0,0,0,4,-1,-1,Atropellament,-1,2,2,5,-1,2,1,11.26,0,3,4,26,5
14066,2017,1,2017-08-20,BV-5031,SANT ANDREU DE LLAVANERES,Maresme,3,0,1,0,2,1,0,0,0,1,0,0,0,90.0,0.0,0,0,No n'hi ha,-1.0,3,3,1,-1,0,0,0,-1,0,0,0,0,-1,1,4,3,1,Atropellament,2,0,2,4,-1,2,0,18.05,1,3,6,20,8
14067,2017,1,2017-09-29,SE,BARCELONA,Barcelones,3,0,1,0,2,0,0,0,1,1,0,0,0,60.0,0.0,1,-1,No n'hi ha,-1.0,3,3,1,0,0,0,0,0,0,0,0,0,0,0,0,-1,0,Encalç,-1,2,2,5,-1,2,1,10.5,0,2,4,29,9
14068,2017,1,2017-08-07,SE,CAMBRILS,Baix Camp,0,0,1,0,1,0,0,0,1,0,0,0,0,100.0,0.0,0,-1,No n'hi ha,-1.0,3,3,1,0,0,0,0,0,0,0,0,0,0,0,4,-1,-1,Resta sortides de via,-1,2,2,5,-1,2,1,18.0,1,1,0,7,8
14069,2017,1,2017-08-31,SE,BADALONA,Barcelones,3,0,1,4,1,0,0,0,0,0,1,0,0,20.0,0.0,0,-1,No n'hi ha,-1.0,1,3,1,-1,-1,0,0,-1,0,0,0,0,0,1,2,3,-1,Xoc contra objecte/obstacle sense sortida prèvia de via,1,2,0,5,-1,2,1,8.06,0,4,3,31,8
14070,2017,0,2017-01-22,AP-7,AGULLANA,Alt Emporda,1,1,0,0,2,1,0,0,0,1,0,0,0,100.0,0.0,0,1,No n'hi ha,-1.0,2,3,0,0,0,0,0,0,0,0,0,0,0,0,3,-1,0,Atropellament,-1,1,2,4,1,1,0,23.16,2,3,6,22,1
14071,2017,1,2017-06-04,B-23,BARCELONA,Barcelones,3,0,4,3,2,0,0,0,0,2,0,0,0,100.0,0.0,1,-1,Carril reversible,-1.0,3,3,1,0,0,0,0,0,0,0,0,0,0,1,4,5,1,Envestida (frontal lateral),1,0,2,4,-1,2,0,6.5,0,2,6,4,6
14072,2017,1,2017-06-11,SE,CAMBRILS,Baix Camp,0,0,1,1,3,2,0,0,0,1,0,0,0,100.0,0.0,0,-1,No n'hi ha,-1.0,3,3,1,0,0,0,0,0,0,0,0,0,0,0,4,-1,-1,Atropellament,-1,2,2,5,-1,2,0,20.5,1,3,6,11,6
14073,2017,1,2017-11-27,SE,TORTOSA,Baix Ebre,0,0,1,0,2,1,0,0,0,1,0,0,0,100.0,0.0,0,2,No n'hi ha,-1.0,3,3,1,0,0,0,0,0,0,0,0,0,0,0,4,-1,1,Atropellament,-1,2,2,5,-1,2,1,12.45,0,3,0,27,11
14074,2017,1,2017-01-24,SE,TARRAGONA,Tarragones,0,0,1,0,1,0,0,0,1,0,0,0,0,100.0,0.0,0,2,No n'hi ha,-1.0,3,3,1,0,0,0,0,0,0,0,0,0,0,1,5,4,1,Caiguda en la via,0,2,2,5,-1,2,1,23.0,2,0,1,24,1
14075,2017,1,2017-11-28,SE,SANT BOI DE LLOBREGAT,Baix Llobregat,3,0,1,1,2,1,0,0,1,0,0,0,0,100.0,0.0,0,2,No n'hi ha,-1.0,3,3,1,0,0,0,0,0,0,0,0,0,0,1,4,4,0,Atropellament,2,2,2,5,-1,2,1,10.14,0,3,1,28,11
14076,2017,1,2017-11-10,SE,BARCELONA,Barcelones,3,0,1,1,3,1,0,0,1,0,1,0,0,30.0,0.0,1,-1,No n'hi ha,-1.0,3,3,1,0,0,0,0,0,0,0,0,0,0,0,4,-1,0,Atropellament,-1,2,2,5,-1,2,0,16.2,1,3,4,10,11
14077,2017,0,2017-01-05,C-1415c,"ROCA DEL VALLES, LA",Valles Oriental,3,0,1,0,2,0,1,0,0,1,0,0,0,90.0,0.0,0,-1,Sense Especificar,-1.0,3,3,1,0,0,0,0,0,0,0,0,0,0,0,4,-1,-1,Envestida (frontal lateral),-1,1,2,4,4,2,1,16.55,1,2,3,5,1
14078,2017,0,2017-04-13,N-II,VILADEMULS,Pla de l'Estany,1,0,3,4,2,0,0,0,0,2,0,0,0,100.0,0.0,0,1,Carril acceleració,-1.0,3,3,1,0,0,0,0,0,0,0,0,0,0,0,4,-1,1,Col·lisió frontal,-1,1,2,4,1,2,1,10.47,0,2,3,13,4
14079,2017,0,2017-09-24,C-17,VIC,Osona,3,0,4,0,2,0,0,0,0,2,0,0,0,90.0,0.0,0,-1,Sense Especificar,-1.0,3,3,1,0,0,0,0,0,0,0,0,0,0,0,4,-1,-1,Col·lisió frontal,-1,1,2,4,4,2,0,23.28,2,2,6,24,9
14080,2017,1,2017-06-08,SE,TORDERA,Maresme,3,1,0,1,1,0,0,0,0,1,0,0,0,30.0,0.0,0,1,No n'hi ha,-1.0,3,3,0,0,0,0,0,0,0,0,0,0,0,0,5,-1,1,Sortida de via amb xoc o col·lisió,-1,2,2,5,-1,2,1,4.11,2,1,3,8,6
14081,2017,0,2017-04-04,GI-512,TORDERA,Maresme,3,0,1,1,2,0,0,0,1,1,0,0,0,50.0,0.0,0,2,No n'hi ha,-1.0,3,3,1,0,0,0,0,0,0,0,0,0,0,1,4,4,1,Envestida (frontal lateral),1,1,2,4,2,2,1,17.55,1,2,1,4,4
14082,2017,0,2017-03-31,N-145,"VALLS DE VALIRA, LES",Alt Urgell,2,1,4,0,2,0,0,0,0,2,0,0,0,90.0,0.0,0,1,No n'hi ha,-1.0,3,3,0,0,0,0,0,0,0,0,0,0,0,0,4,-1,1,Col·lisió frontal,-1,1,2,4,1,2,0,17.43,1,2,4,31,3
14083,2017,0,2017-10-18,N-340,"AMPOLLA, L'",Baix Ebre,0,0,1,0,1,0,0,0,0,1,0,0,0,80.0,0.0,0,0,No n'hi ha,-1.0,1,3,1,0,0,0,0,0,0,0,0,0,0,0,2,-1,1,Resta sortides de via,-1,1,2,4,1,2,1,9.34,0,1,2,18,10
14084,2017,0,2017-05-02,N-II,"MASNOU, EL",Maresme,3,0,2,0,3,0,0,0,1,2,0,0,0,50.0,0.0,0,2,No n'hi ha,-1.0,3,3,1,0,0,0,0,0,0,0,0,0,0,0,0,-1,1,Fregament o col·lisió lateral,-1,1,2,4,2,2,1,0.32,2,2,1,2,5
14085,2017,0,2017-11-15,C-12,MENARGUENS,Noguera,2,0,1,4,2,0,0,0,0,2,0,0,0,70.0,0.0,0,2,No n'hi ha,-1.0,3,3,1,0,0,0,0,0,0,0,0,0,0,1,4,4,1,Envestida (frontal lateral),0,1,2,4,2,2,1,15.01,1,2,2,15,11
14086,2017,0,2017-01-13,BP-2121,SANT MARTI SARROCA,Alt Penedes,3,1,0,0,1,0,0,0,1,0,0,0,0,50.0,0.0,0,2,Habilitació voral/carril addicional,-1.0,3,3,0,0,0,0,0,0,1,0,0,0,0,0,3,-1,1,Caiguda en la via,-1,1,2,4,0,2,0,23.28,2,0,4,13,1
14087,2017,1,2017-11-09,SE,GRANOLLERS,Valles Oriental,3,0,1,0,3,0,0,0,1,2,0,0,0,30.0,0.0,0,2,No n'hi ha,0.0,3,3,1,0,0,0,0,0,0,0,0,0,0,0,4,-1,0,Envestida (frontal lateral),-1,2,2,5,0,2,1,9.38,0,2,3,9,11
14088,2017,1,2017-02-01,SE,VIC,Osona,3,0,1,1,2,0,0,0,1,1,0,0,0,100.0,0.0,0,2,No n'hi ha,-1.0,3,3,1,0,0,0,0,0,0,0,0,0,0,1,5,2,1,Fregament o col·lisió lateral,2,2,2,5,0,2,1,19.3,1,2,2,1,2
14089,2017,1,2017-05-29,SE,LLEIDA,Segria,2,0,1,0,1,0,0,0,1,0,0,0,0,50.0,0.0,0,2,No n'hi ha,-1.0,3,3,1,-1,0,0,0,-1,0,0,0,0,0,0,4,-1,0,Caiguda en la via,-1,2,2,5,-1,2,1,19.1,1,0,0,29,5
14090,2017,0,2017-05-20,C-37,IGUALADA,Anoia,3,0,1,1,2,0,0,0,0,2,0,0,0,100.0,0.0,0,2,No n'hi ha,-1.0,3,3,1,0,0,0,0,0,0,0,0,0,0,0,4,-1,1,Col·lisió frontal,-1,1,2,4,4,2,0,8.17,0,2,5,20,5
14091,2017,0,2017-06-27,T-320,RIUDECANYES,Baix Camp,0,0,1,0,2,0,1,0,0,1,0,0,0,90.0,0.0,0,-1,Sense Especificar,-1.0,3,3,1,0,0,0,0,0,0,0,0,0,0,0,4,-1,-1,Col·lisió frontal,-1,1,2,4,4,2,1,22.06,2,2,1,27,6
14092,2017,0,2017-12-20,B-10,BARCELONA,Barcelones,3,0,1,0,1,0,0,0,1,0,0,0,0,80.0,0.0,1,-1,No n'hi ha,-1.0,3,3,1,0,0,0,0,0,0,0,0,0,0,0,0,-1,1,Xoc contra objecte/obstacle sense sortida prèvia de via,-1,1,2,1,-1,2,1,12.3,0,4,2,20,12