,Year,Area,Date,Road,Municipality Name,County Name,Province Name,Fatalties,Serious Injuries,Light Injuries,Units Involved,Pedestrains Involved,Bicycles Involved,Mopeds Involved,Motorcycles,Light Vehicles Involved,Heavy Vehicles Involved,Other Units Involved,Unspecified Units Involved,Road Speed Limit,Accident with Hit and Run,Fog Presence,Surrounding Environment,Special Lane Presence,Special Traffic Measures,Weather Conditions,Special Road Functions,Severity of Accident,Influence of Fog,Influence of Environment,Influence of Traffic,Influence of Weather,Influence of Wind Intensity,Influence of Lighting,Influence of Special Measures,Influence of Road Objects,Influence of Road Surface,Influence of Visibility,Intersection Characteristics,Lighting Conditions,Traffic Regulation and Priority,Direction of Road,Subtype of Accident,Subtype of Road Section,Subzone within Area,Road Surface Conditions,Type of Road,Road Ownership,Wind Conditions,Day of the Week Grouping,Hour of Day,Time of Day Grouping,Type of Accident,Day Type,Day,Month
14093,2017,1,2017-04-16,SE,VIC,Osona,3,0,1,0,2,0,0,0,0,1,0,1,0,100.0,0.0,0,2,No n'hi ha,-1.0,3,3,1,0,0,0,0,0,0,0,0,0,0,1,4,4,0,Encalç,0,2,2,5,0,2,0,11.2,0,2,6,16,4
14094,2017,0,2017-05-09,C-55,SANT MATEU DE BAGES,Bages,3,0,1,1,2,0,0,0,0,2,0,0,0,50.0,0.0,0,3,No n'hi ha,-1.0,3,3,1,0,0,0,0,0,0,0,0,0,0,1,4,4,1,Col·lisió frontal,3,1,2,4,2,2,1,17.09,1,2,1,9,5
14095,2017,0,2017-02-01,AP-2,MOLINS DE REI,Baix Llobregat,3,1,0,2,7,0,0,0,0,5,2,0,0,100.0,0.0,0,2,No n'hi ha,-1.0,3,3,0,0,0,0,0,0,0,0,0,0,0,0,4,-1,0,Encalç,-1,1,2,4,2,2,1,17.5,1,2,2,1,2
14096,2017,1,2017-04-21,SE,LLEIDA,Segria,2,0,1,0,1,0,0,0,1,0,0,0,0,20.0,0.0,0,-1,Sense Especificar,-1.0,3,3,1,0,0,0,0,0,0,0,0,0,0,0,4,-1,-1,Resta sortides de via,-1,2,2,5,-1,2,1,13.19,0,1,4,21,4
14097,2017,1,2017-09-28,SE,VALLS,Alt Camp,0,0,1,0,2,1,0,0,0,1,0,0,0,100.0,0.0,0,-1,No n'hi ha,-1.0,3,3,1,0,0,0,0,0,0,0,0,0,0,0,4,-1,-1,Atropellament,-1,2,2,5,-1,2,1,9.45,0,3,3,28,9
14098,2017,0,2017-12-12,C-65,LLAGOSTERA,Girones,1,0,1,2,3,0,0,0,0,3,0,0,0,100.0,0.0,0,2,No n'hi ha,-1.0,3,3,1,0,0,0,0,0,0,0,0,0,0,0,4,-1,1,Col·lisió frontal,-1,1,2,4,2,2,1,16.2,1,2,1,12,12
14099,2017,1,2017-10-31,SE,BARCELONA,Barcelones,3,0,1,0,2,1,0,0,1,0,0,0,0,100.0,0.0,1,-1,Carril bus,-1.0,3,3,1,0,0,0,0,0,0,0,0,0,0,0,0,-1,1,Atropellament,-1,2,2,5,-1,2,1,21.0,1,3,1,31,10
14100,2017,1,2017-10-20,SE,CAMBRILS,Baix Camp,0,0,1,0,2,0,1,0,0,1,0,0,0,100.0,0.0,0,2,No n'hi ha,-1.0,3,3,1,0,0,0,0,0,0,0,0,0,0,1,4,-1,0,Fregament o col·lisió lateral,2,2,3,5,-1,2,0,15.15,1,2,4,20,10
14101,2017,1,2017-04-12,SE,MANLLEU,Osona,3,0,1,0,2,1,0,0,0,1,0,0,0,20.0,0.0,0,2,No n'hi ha,-1.0,3,3,1,-1,0,0,0,-1,0,0,0,0,-1,0,4,-1,1,Atropellament,-1,0,2,5,-1,2,1,9.53,0,3,2,12,4
14102,2017,0,2017-04-14,N-II,"MASNOU, EL",Maresme,3,0,1,0,2,1,0,0,0,1,0,0,0,50.0,0.0,0,2,No n'hi ha,-1.0,3,3,1,0,0,0,0,0,0,0,0,0,0,0,4,-1,1,Atropellament,-1,1,2,4,1,2,0,18.58,1,3,4,14,4
14103,2017,1,2017-06-23,SE,"TORRE DE L'ESPANYOL, LA",Ribera d'Ebre,0,0,1,0,2,1,0,0,0,1,0,0,0,50.0,0.0,0,2,No n'hi ha,-1.0,3,3,1,0,0,0,0,0,0,0,0,0,0,1,4,5,1,Atropellament,2,2,3,5,-1,2,1,13.54,0,3,4,23,6
14104,2017,0,2017-06-29,C-32,ESPLUGUES DE LLOBREGAT,Baix Llobregat,3,0,1,0,1,0,0,0,1,0,0,0,0,80.0,0.0,0,3,No n'hi ha,-1.0,3,3,1,0,0,0,0,0,0,0,0,0,0,0,4,-1,0,Xoc contra objecte/obstacle sense sortida prèvia de via,-1,1,2,4,2,2,1,19.41,1,4,3,29,6
14105,2017,1,2017-03-16,SE,LLEIDA,Segria,2,0,1,0,2,0,0,0,1,1,0,0,0,20.0,0.0,0,2,No n'hi ha,-1.0,3,3,1,-1,0,0,0,-1,0,0,0,0,-1,0,4,-1,0,Encalç,-1,2,2,5,-1,2,1,16.55,1,2,3,16,3
14106,2017,1,2017-06-11,SE,SABADELL,Valles Occidental,3,0,2,0,3,2,0,0,0,1,0,0,0,100.0,0.0,0,-1,No n'hi ha,-1.0,3,3,1,0,0,0,0,0,0,0,0,0,0,0,4,-1,-1,Atropellament,-1,2,2,5,-1,2,0,11.35,0,3,6,11,6
14107,2017,1,2017-08-20,SE,BARCELONA,Barcelones,3,0,1,0,2,0,1,0,0,1,0,0,0,100.0,0.0,1,-1,Carril bus,-1.0,3,3,1,0,0,0,0,0,0,0,0,0,0,1,4,-1,0,Envestida (frontal lateral),2,2,2,5,-1,2,0,14.4,1,2,6,20,8
14108,2017,0,2017-04-24,B-23,MOLINS DE REI,Baix Llobregat,3,0,1,0,1,0,0,0,1,0,0,0,0,40.0,0.0,0,2,No n'hi ha,-1.0,3,3,1,0,0,0,0,0,0,0,0,0,0,0,4,-1,0,Caiguda en la via,-1,1,2,4,1,2,1,18.12,1,0,0,24,4
14109,2017,1,2017-05-15,SE,PARLAVA,Baix Emporda,1,0,1,0,2,0,1,0,0,1,0,0,0,20.0,0.0,0,2,No n'hi ha,-1.0,3,3,1,0,0,0,0,0,0,0,0,0,0,1,4,5,0,Envestida (frontal lateral),1,2,2,5,-1,2,1,20.0,1,2,0,15,5
14110,2017,1,2017-10-25,SE,BLANES,Selva,1,0,1,0,2,0,1,0,0,1,0,0,0,20.0,0.0,0,-1,No n'hi ha,-1.0,3,3,1,-1,-1,0,0,-1,0,0,0,0,-1,1,4,4,-1,Envestida (frontal lateral),0,2,2,5,-1,2,1,12.34,0,2,2,25,10
14111,2017,0,2017-01-24,AP-2,"BISBAL DEL PENEDES, LA",Baix Penedes,0,0,1,0,1,0,0,0,0,0,1,0,0,100.0,0.0,0,3,No n'hi ha,-1.0,3,3,1,0,0,0,0,0,0,0,0,0,0,0,3,-1,1,Resta sortides de via,-1,1,2,4,1,2,1,4.46,2,1,1,24,1
14112,2017,1,2017-11-20,SE,ESPLUGUES DE LLOBREGAT,Baix Llobregat,3,0,1,1,2,0,0,0,0,1,1,0,0,20.0,0.0,0,2,No n'hi ha,-1.0,3,3,1,-1,0,0,0,-1,0,0,0,0,0,0,4,-1,1,Fregament o col·lisió lateral,-1,2,2,5,-1,2,1,14.25,1,2,0,20,11
14113,2017,1,2017-06-13,SE,LLEIDA,Segria,2,0,1,0,1,0,0,0,0,0,0,1,0,20.0,0.0,0,2,No n'hi ha,-1.0,3,3,1,-1,0,0,0,-1,0,0,0,0,-1,0,4,-1,1,Sortida de via amb xoc o col·lisió,-1,2,2,5,-1,2,1,21.0,1,1,1,13,6
14114,2017,1,2017-05-26,SE,BARCELONA,Barcelones,3,0,1,0,2,0,0,0,1,1,0,0,0,30.0,0.0,1,-1,No n'hi ha,-1.0,3,3,1,0,0,0,0,0,0,0,0,0,0,1,4,-1,0,Envestida (frontal lateral),1,2,2,5,-1,2,1,7.35,0,2,4,26,5
14115,2017,1,2017-07-03,SE,BARCELONA,Barcelones,3,0,1,0,2,1,0,0,0,1,0,0,0,100.0,0.0,1,-1,No n'hi ha,-1.0,3,3,1,0,0,0,0,0,0,0,0,0,0,1,0,-1,0,Atropellament,2,2,2,5,-1,2,1,22.4,2,3,0,3,7
14116,2017,0,2017-05-13,T-704,RIUDOMS,Baix Camp,0,0,1,2,4,0,3,0,0,1,0,0,0,40.0,0.0,0,3,No n'hi ha,0.0,3,3,1,0,0,0,0,0,0,0,0,0,0,0,4,-1,1,Envestida (frontal lateral),-1,1,2,4,3,2,0,7.19,0,2,5,13,5
14117,2017,0,2017-11-06,B-10,BARCELONA,Barcelones,3,0,1,0,2,0,0,0,1,1,0,0,0,100.0,0.0,1,-1,No n'hi ha,-1.0,3,3,1,0,0,0,0,0,0,0,0,0,0,0,1,-1,1,Envestida (frontal lateral),-1,1,2,1,-1,2,1,7.45,0,2,0,6,11
14118,2017,1,2017-05-29,SE,LLEIDA,Segria,2,0,1,0,2,1,0,0,0,1,0,0,0,100.0,0.0,0,-1,No n'hi ha,-1.0,3,3,1,0,0,0,0,0,0,0,0,0,0,0,4,-1,0,Atropellament,-1,2,2,5,-1,2,1,10.15,0,3,0,29,5
14119,2017,0,2017-10-15,C-31,VENTALLO,Alt Emporda,1,1,1,1,2,0,0,0,0,2,0,0,0,100.0,0.0,0,2,No n'hi ha,-1.0,3,3,0,0,0,0,0,0,0,0,0,0,0,0,3,-1,1,Col·lisió frontal,-1,1,2,4,2,2,0,7.16,0,2,6,15,10
14120,2017,1,2017-05-14,SE,BARCELONA,Barcelones,3,0,1,0,2,1,0,0,0,0,1,0,0,100.0,0.0,0,-1,No n'hi ha,-1.0,3,3,1,0,0,0,0,0,0,0,0,0,0,0,4,-1,1,Atropellament,-1,2,2,5,-1,2,0,17.5,1,3,6,14,5
14121,2017,0,2017-10-22,C-58,SANT QUIRZE DEL VALLES,Valles Occidental,3,0,2,0,3,0,0,0,1,2,0,0,0,120.0,0.0,0,2,No n'hi ha,-1.0,3,3,1,0,1,0,0,0,0,0,0,0,0,0,4,-1,1,Fregament o col·lisió lateral,-1,1,2,4,2,2,0,15.47,1,2,6,22,10
14122,2017,0,2017-06-27,GI-623,VILOPRIU,Baix Emporda,1,0,1,0,1,0,0,0,0,1,0,0,0,100.0,0.0,0,1,No n'hi ha,-1.0,3,3,1,0,0,0,0,0,0,0,0,0,0,0,4,-1,1,Resta sortides de via,-1,1,2,4,3,2,1,14.4,1,1,1,27,6
14123,2017,1,2017-05-07,SE,RUBI,Valles Occidental,3,0,1,0,2,0,0,0,1,1,0,0,0,100.0,0.0,0,2,No n'hi ha,-1.0,3,3,1,0,0,0,0,0,0,0,0,0,0,1,4,4,0,Fregament o col·lisió lateral,2,2,2,5,-1,2,0,16.4,1,2,6,7,5
14124,2017,1,2017-01-09,SE,HOSPITALET DE LLOBREGAT,Barcelones,3,0,2,0,3,2,1,0,0,0,0,0,0,20.0,0.0,0,-1,No n'hi ha,-1.0,3,3,1,0,0,0,0,0,0,0,0,0,0,0,4,-1,-1,Atropellament,-1,2,2,5,-1,2,1,14.0,1,3,0,9,1
14125,2017,1,2017-09-23,SE,VIC,Osona,3,0,1,0,2,1,0,0,0,1,0,0,0,100.0,0.0,0,2,No n'hi ha,-1.0,3,3,1,0,0,0,0,0,0,0,0,0,0,0,4,-1,1,Atropellament,-1,2,3,5,-1,2,0,10.35,0,3,5,23,9
14126,2017,1,2017-03-29,SE,SANT ADRIA DE BESOS,Barcelones,3,0,1,0,2,0,0,1,0,1,0,0,0,100.0,0.0,0,2,No n'hi ha,-1.0,3,3,1,0,0,0,0,0,0,0,0,0,0,1,1,3,1,Envestida (frontal lateral),0,2,2,5,-1,2,1,19.3,1,2,2,29,3
14127,2017,1,2017-05-14,SE,BARCELONA,Barcelones,3,0,1,0,2,0,0,0,1,1,0,0,0,100.0,0.0,1,-1,No n'hi ha,-1.0,3,3,1,0,0,0,0,0,0,0,0,0,0,1,0,-1,0,Fregament o col·lisió lateral,1,2,2,5,-1,2,0,21.4,1,2,6,14,5
14128,2017,0,2017-06-15,C-532,SANT SADURNI D'ANOIA,Alt Penedes,3,0,1,0,2,0,0,0,0,1,1,0,0,90.0,0.0,0,3,No n'hi ha,-1.0,3,3,1,0,0,0,0,0,0,0,0,0,0,0,4,-1,1,Col·lisió frontal,-1,1,2,4,2,2,1,12.08,0,2,3,15,6
14129,2017,1,2017-06-13,SE,CASTELLO D'EMPURIES,Alt Emporda,1,0,1,0,3,0,0,0,1,2,0,0,0,100.0,0.0,0,2,No n'hi ha,-1.0,3,3,1,0,0,0,0,0,0,0,0,0,0,2,4,4,1,Envestida (frontal lateral),2,2,2,5,0,2,1,9.34,0,2,1,13,6
14130,2017,1,2017-04-23,SE,BARCELONA,Barcelones,3,0,2,0,2,0,0,0,1,1,0,0,0,100.0,0.0,1,-1,Carril bici,-1.0,3,3,1,0,0,0,0,0,0,0,0,0,0,0,4,-1,0,Fregament o col·lisió lateral,-1,2,2,5,-1,2,0,15.2,1,2,6,23,4
14131,2017,0,2017-05-27,C-63,SANTA COLOMA DE FARNERS,Selva,1,0,1,1,2,0,0,0,1,1,0,0,0,100.0,0.0,0,1,No n'hi ha,-1.0,3,3,1,0,0,0,0,0,0,0,0,0,0,0,4,-1,1,Encalç,-1,1,2,4,2,2,0,11.01,0,2,5,27,5
14132,2017,1,2017-03-06,SE,SABADELL,Valles Occidental,3,0,1,0,2,1,0,0,0,1,0,0,0,30.0,0.0,0,1,No n'hi ha,-1.0,3,3,1,0,0,0,0,0,0,0,0,0,0,1,1,4,1,Atropellament,2,2,2,5,-1,2,1,17.55,1,3,0,6,3
14133,2017,1,2017-06-23,SE,SABADELL,Valles Occidental,3,0,1,0,2,0,0,0,1,1,0,0,0,100.0,0.0,0,-1,No n'hi ha,-1.0,3,3,1,0,0,0,0,0,0,0,0,0,0,0,4,-1,-1,Envestida (frontal lateral),-1,2,2,5,-1,2,0,22.48,2,2,4,23,6
14134,2017,1,2017-11-24,SE,BARCELONA,Barcelones,3,0,1,0,2,1,0,0,0,1,0,0,0,100.0,0.0,1,-1,No n'hi ha,-1.0,3,3,1,0,0,0,0,0,0,0,0,0,0,1,4,-1,1,Atropellament,1,2,2,5,-1,2,1,13.0,0,3,4,24,11
14135,2017,0,2017-06-12,A-2,CORNELLA DE LLOBREGAT,Baix Llobregat,3,0,1,0,2,0,0,0,1,1,0,0,0,100.0,0.0,0,2,No n'hi ha,-1.0,3,3,1,0,0,0,0,0,0,0,0,0,0,0,4,-1,0,Caiguda en la via,-1,1,2,4,1,2,1,13.0,0,0,0,12,6
14136,2017,1,2017-06-16,SE,HOSPITALET DE LLOBREGAT,Barcelones,3,0,1,0,2,0,0,0,1,0,0,1,0,20.0,0.0,0,-1,No n'hi ha,-1.0,3,3,1,-1,0,0,0,-1,0,0,0,0,0,1,4,5,1,Envestida (frontal lateral),1,2,2,5,-1,2,0,17.29,1,2,4,16,6
14137,2017,0,2017-06-17,A-7,VINYOLS I ELS ARCS,Baix Camp,0,0,1,0,1,0,0,0,1,0,0,0,0,90.0,0.0,0,-1,Sense Especificar,-1.0,3,3,1,0,0,0,0,0,0,0,0,0,0,0,4,-1,-1,Altres,-1,1,2,4,4,2,0,0.41,2,5,5,17,6
14138,2017,1,2017-08-12,N-340,CAMBRILS,Baix Camp,0,0,1,0,3,0,0,0,1,2,0,0,0,100.0,0.0,0,2,Carril central,-1.0,3,3,1,0,0,0,0,0,1,0,0,0,0,1,4,4,1,Envestida (frontal lateral),3,0,2,4,1,2,0,20.22,1,2,5,12,8
14139,2017,1,2017-09-27,SE,SANTA CRISTINA D'ARO,Baix Emporda,1,0,1,1,1,0,0,1,0,0,0,0,0,20.0,0.0,0,2,No n'hi ha,-1.0,3,3,1,-1,0,0,0,-1,0,0,0,0,-1,0,4,-1,1,Caiguda en la via,-1,2,2,5,-1,2,1,18.23,1,0,2,27,9
14140,2017,1,2017-03-13,GI-535,SALT,Girones,1,0,1,0,1,0,0,1,0,0,0,0,0,90.0,0.0,0,-1,No n'hi ha,-1.0,2,3,1,0,0,0,1,0,0,0,0,0,1,0,0,-1,1,Xoc contra objecte/obstacle sense sortida prèvia de via,-1,0,0,4,-1,2,1,0.09,2,4,0,13,3
14141,2017,1,2017-12-28,SE,BARCELONA,Barcelones,3,0,1,1,2,0,0,0,1,1,0,0,0,100.0,0.0,1,-1,No n'hi ha,-1.0,3,3,1,0,0,0,0,0,0,0,0,0,0,1,0,-1,0,Envestida (frontal lateral),2,2,2,5,-1,2,1,19.35,1,2,3,28,12
14142,2017,1,2017-01-04,SE,SANT FELIU DE LLOBREGAT,Baix Llobregat,3,1,0,0,2,1,0,0,0,1,0,0,0,30.0,0.0,0,2,No n'hi ha,-1.0,3,3,0,0,0,0,0,0,0,0,0,0,0,0,5,-1,1,Atropellament,-1,2,2,5,-1,1,1,19.2,1,3,2,4,1
14143,2017,0,2017-06-18,C-31,CASTELLDEFELS,Baix Llobregat,3,0,1,0,2,0,0,0,1,1,0,0,0,100.0,0.0,0,2,No n'hi ha,-1.0,3,3,1,0,0,0,0,0,0,0,0,0,0,0,4,-1,0,Fregament o col·lisió lateral,-1,1,2,4,2,2,0,19.51,1,2,6,18,6
14144,2017,1,2017-04-21,SE,BARCELONA,Barcelones,3,0,1,0,2,1,0,0,0,1,0,0,0,100.0,0.0,1,-1,Carril bus,-1.0,3,3,1,0,0,0,0,0,0,0,0,0,0,0,4,-1,0,Atropellament,-1,2,2,5,-1,2,0,19.56,1,3,4,21,4
14145,2017,0,2017-07-16,B-502,CABRERA DE MAR,Maresme,3,1,0,1,2,0,0,0,1,1,0,0,0,50.0,0.0,0,2,No n'hi ha,-1.0,3,3,0,0,0,0,0,0,0,0,0,0,0,0,4,-1,1,Col·lisió frontal,-1,1,2,4,3,2,0,19.5,1,2,6,16,7
14146,2017,0,2017-11-15,B-10,SANT ADRIA DE BESOS,Barcelones,3,0,1,0,2,0,0,0,1,1,0,0,0,80.0,0.0,0,2,No n'hi ha,-1.0,3,3,1,0,0,0,0,0,0,0,0,0,0,0,5,-1,0,Envestida (frontal lateral),-1,1,2,4,3,2,1,19.11,1,2,2,15,11
14147,2017,1,2017-02-17,SE,TERRASSA,Valles Occidental,3,0,1,0,1,0,0,0,1,0,0,0,0,100.0,0.0,0,-1,No n'hi ha,-1.0,3,3,1,0,0,0,0,0,0,0,0,0,0,0,4,-1,-1,Caiguda en la via,-1,2,2,5,-1,2,0,21.4,1,0,4,17,2
14148,2017,1,2017-11-05,SE,BARCELONA,Barcelones,3,0,1,0,1,0,0,1,0,0,0,0,0,100.0,0.0,1,-1,No n'hi ha,-1.0,1,3,1,0,0,0,0,0,0,0,0,0,0,0,0,-1,0,Xoc contra objecte/obstacle sense sortida prèvia de via,-1,2,0,5,-1,2,0,2.0,2,4,6,5,11
14149,2017,1,2017-04-11,SE,OLOT,Garrotxa,1,0,1,0,2,1,0,0,0,1,0,0,0,100.0,0.0,0,2,Carril central,-1.0,3,3,1,0,0,0,0,0,0,0,0,0,0,0,4,-1,1,Atropellament,-1,2,2,5,-1,2,1,10.24,0,3,1,11,4
14150,2017,1,2017-06-29,SE,MATARO,Maresme,3,0,1,0,2,1,0,0,0,1,0,0,0,20.0,0.0,0,-1,No n'hi ha,-1.0,3,3,1,0,0,0,0,0,0,0,0,0,0,1,4,3,-1,Atropellament,2,2,2,5,-1,2,1,8.2,0,3,3,29,6
14151,2017,1,2017-07-27,SE,MOLLERUSSA,Pla d'Urgell,2,0,1,0,2,0,0,0,0,2,0,0,0,30.0,0.0,0,2,No n'hi ha,-1.0,3,3,1,0,0,0,0,0,0,0,0,0,0,0,5,-1,1,Encalç,-1,2,2,5,-1,2,1,21.4,1,2,3,27,7
14152,2017,1,2017-10-31,SE,SANT QUIRZE DEL VALLES,Valles Occidental,3,0,1,0,2,0,0,1,0,1,0,0,0,20.0,0.0,0,2,No n'hi ha,-1.0,3,3,1,-1,0,0,0,-1,0,0,0,0,0,1,1,4,0,Envestida (frontal lateral),0,2,2,5,-1,2,1,19.07,1,2,1,31,10
14153,2017,0,2017-05-23,GI-623,VILADAMAT,Alt Emporda,1,0,1,0,2,0,0,0,1,1,0,0,0,100.0,0.0,0,1,No n'hi ha,-1.0,3,3,1,0,0,0,0,0,0,0,0,0,0,0,4,-1,1,Fregament o col·lisió lateral,-1,1,2,4,2,2,1,20.09,1,2,1,23,5
14154,2017,0,2017-04-04,B-142,SENTMENAT,Valles Occidental,3,0,1,0,1,0,0,0,0,1,0,0,0,70.0,0.0,0,0,No n'hi ha,-1.0,3,3,1,0,0,0,0,0,0,0,0,0,0,0,3,-1,1,Altres,-1,1,2,4,3,2,1,23.12,2,5,1,4,4
14155,2017,0,2017-09-17,L-401,ODEN,Solsones,2,0,1,1,1,0,0,0,1,0,0,0,0,100.0,0.0,0,3,No n'hi ha,-1.0,3,3,1,0,0,0,0,0,0,0,0,0,0,0,4,-1,1,Caiguda en la via,-1,1,2,4,2,2,0,12.52,0,0,6,17,9
14156,2017,1,2017-01-08,SE,CERDANYOLA DEL VALLES,Valles Occidental,3,1,0,0,2,1,0,0,0,0,1,0,0,100.0,0.0,0,2,No n'hi ha,-1.0,3,3,0,0,0,0,0,0,0,0,0,0,0,0,4,-1,1,Atropellament,-1,2,2,5,-1,2,0,11.14,0,3,6,8,1
14157,2017,0,2017-04-09,BV-2115,CASTELLET I LA GORNA,Alt Penedes,3,0,1,0,1,0,0,0,1,0,0,0,0,100.0,0.0,0,2,No n'hi ha,-1.0,3,3,1,0,0,0,0,0,0,0,0,0,0,0,4,-1,1,Caiguda en la via,-1,1,2,4,3,2,0,17.46,1,0,6,9,4
14158,2017,1,2017-05-09,SE,FIGUERES,Alt Emporda,1,0,1,0,2,1,0,0,0,1,0,0,0,100.0,0.0,0,2,No n'hi ha,-1.0,3,3,1,0,0,0,0,0,1,0,0,0,0,1,4,4,0,Atropellament,2,2,2,5,-1,2,1,8.5,0,3,1,9,5
14159,2017,1,2017-11-06,SE,BARCELONA,Barcelones,3,0,1,0,1,0,0,0,1,0,0,0,0,100.0,0.0,1,-1,Habilitació voral/carril addicional,-1.0,3,3,1,0,0,0,0,0,0,0,0,0,0,1,4,-1,0,Xoc contra objecte/obstacle sense sortida prèvia de via,1,2,2,5,-1,2,1,8.5,0,4,0,6,11
14160,2017,1,2017-09-13,SE,BADALONA,Barcelones,3,0,1,0,2,0,0,0,1,1,0,0,0,20.0,0.0,0,-1,No n'hi ha,-1.0,3,3,1,-1,0,0,0,-1,0,0,0,0,0,1,4,5,-1,Envestida (frontal lateral),1,2,2,5,-1,2,1,13.1,0,2,2,13,9
14161,2017,0,2017-02-06,C-17,"MASIES DE VOLTREGA,LES",Osona,3,0,1,2,2,0,0,0,0,2,0,0,0,30.0,0.0,0,3,Carril d'alentiment,-1.0,3,3,1,0,0,0,0,0,0,0,0,0,0,1,4,4,0,Resta sortides de via,3,1,2,4,2,2,1,16.44,1,1,0,6,2
14162,2017,1,2017-12-18,SE,SANT QUIRZE DEL VALLES,Valles Occidental,3,0,1,0,2,1,0,0,0,1,0,0,0,20.0,0.0,0,-1,No n'hi ha,-1.0,3,3,1,0,-1,0,0,0,0,0,0,0,0,0,4,-1,-1,Atropellament,-1,2,2,5,-1,2,1,10.3,0,3,0,18,12
14163,2017,0,2017-03-05,BP-1103,MARGANELL,Bages,3,0,2,0,2,0,0,0,2,0,0,0,0,100.0,0.0,0,1,No n'hi ha,-1.0,3,3,1,0,0,0,0,0,0,0,0,0,0,0,4,-1,1,Col·lisió frontal,-1,1,2,4,4,1,0,11.01,0,2,6,5,3
14164,2017,0,2017-05-14,C-1415c,ARGENTONA,Maresme,3,0,1,1,1,0,0,0,1,0,0,0,0,100.0,0.0,0,1,No n'hi ha,-1.0,3,3,1,0,0,0,0,0,0,0,0,0,0,0,4,-1,1,Resta sortides de via,-1,1,2,4,3,2,0,13.29,0,1,6,14,5
14165,2017,1,2017-04-12,SE,TERRASSA,Valles Occidental,3,0,1,0,2,1,0,0,0,1,0,0,0,100.0,0.0,0,-1,No n'hi ha,-1.0,3,3,1,0,0,0,0,0,0,0,0,0,0,0,4,-1,-1,Atropellament,-1,2,2,5,-1,2,1,16.3,1,3,2,12,4
14166,2017,0,2017-04-21,N-II,VILASSAR DE MAR,Maresme,3,0,1,0,2,0,0,0,1,1,0,0,0,40.0,0.0,0,3,No n'hi ha,-1.0,3,3,1,0,0,0,0,0,0,0,0,0,0,1,4,5,1,Fregament o col·lisió lateral,0,1,2,4,1,2,1,12.25,0,2,4,21,4
14167,2017,0,2017-03-16,L-311,TORREFETA I FLOREJACS,Segarra,2,0,1,0,2,0,0,0,0,1,1,0,0,100.0,0.0,0,2,No n'hi ha,-1.0,3,3,1,0,0,0,0,0,0,0,0,0,0,0,4,-1,1,Encalç,-1,1,2,4,2,2,1,15.5,1,2,3,16,3
14168,2017,1,2017-11-21,SE,SABADELL,Valles Occidental,3,0,1,0,2,0,0,0,1,1,0,0,0,100.0,0.0,0,-1,No n'hi ha,-1.0,3,3,1,0,0,0,0,0,0,0,0,0,0,0,4,-1,-1,Envestida (frontal lateral),-1,2,2,5,-1,2,1,22.2,2,2,1,21,11
14169,2017,0,2017-06-10,C-59,CALDES DE MONTBUI,Valles Oriental,3,0,1,0,2,0,0,0,1,1,0,0,0,50.0,0.0,0,1,Carril central,-1.0,3,3,1,0,1,0,0,0,0,0,0,0,1,2,4,4,1,Fregament o col·lisió lateral,1,1,2,4,2,2,0,13.46,0,2,5,10,6
14170,2017,1,2017-07-06,BV-1602,LLICA DE VALL,Valles Oriental,3,0,1,0,2,0,0,0,1,1,0,0,0,90.0,0.0,0,-1,No n'hi ha,-1.0,3,3,1,-1,0,0,0,-1,0,0,0,0,-1,0,4,-1,1,Encalç,-1,0,2,4,-1,2,1,20.12,1,2,3,6,7
14171,2017,1,2017-06-14,SE,BARCELONA,Barcelones,3,0,1,0,2,0,0,0,1,0,1,0,0,100.0,0.0,1,-1,No n'hi ha,-1.0,3,3,1,0,0,0,0,0,0,0,0,0,0,1,4,-1,0,Fregament o col·lisió lateral,2,2,2,5,-1,2,1,19.2,1,2,2,14,6
14172,2017,1,2017-06-08,SE,BARCELONA,Barcelones,3,0,1,2,2,1,0,0,1,0,0,0,0,100.0,0.0,1,-1,No n'hi ha,-1.0,3,3,1,0,0,0,0,0,0,0,0,0,0,0,4,-1,1,Atropellament,-1,2,2,5,-1,2,1,8.0,0,3,3,8,6
14173,2017,0,2017-08-07,BV-5305,SEVA,Osona,3,0,1,0,1,0,0,0,1,0,0,0,0,90.0,0.0,0,-1,Sense Especificar,-1.0,3,3,1,0,0,0,0,0,0,0,0,0,0,1,4,4,-1,Altres,1,1,2,4,4,2,1,20.02,1,5,0,7,8
14174,2017,1,2017-06-21,SE,SANT JUST DESVERN,Baix Llobregat,3,0,1,0,2,1,0,1,0,0,0,0,0,40.0,0.0,0,-1,No n'hi ha,-1.0,3,3,1,0,0,0,0,0,0,0,0,0,0,0,4,-1,-1,Atropellament,-1,2,2,5,-1,2,1,12.29,0,3,2,21,6
14175,2017,0,2017-12-01,C-15z,VILANOVA I LA GELTRU,Garraf,3,0,1,1,1,0,0,0,0,1,0,0,0,100.0,0.0,0,1,No n'hi ha,-1.0,3,3,1,0,0,0,0,0,0,0,0,0,0,0,3,-1,1,Resta sortides de via,-1,1,2,4,2,2,0,18.1,1,1,4,1,12