,Year,Area,Date,Road,Municipality Name,County Name,Province Name,Fatalties,Serious Injuries,Light Injuries,Units Involved,Pedestrains Involved,Bicycles Involved,Mopeds Involved,Motorcycles,Light Vehicles Involved,Heavy Vehicles Involved,Other Units Involved,Unspecified Units Involved,Road Speed Limit,Accident with Hit and Run,Fog Presence,Surrounding Environment,Special Lane Presence,Special Traffic Measures,Weather Conditions,Special Road Functions,Severity of Accident,Influence of Fog,Influence of Environment,Influence of Traffic,Influence of Weather,Influence of Wind Intensity,Influence of Lighting,Influence of Special Measures,Influence of Road Objects,Influence of Road Surface,Influence of Visibility,Intersection Characteristics,Lighting Conditions,Traffic Regulation and Priority,Direction of Road,Subtype of Accident,Subtype of Road Section,Subzone within Area,Road Surface Conditions,Type of Road,Road Ownership,Wind Conditions,Day of the Week Grouping,Hour of Day,Time of Day Grouping,Type of Accident,Day Type,Day,Month
14176,2017,0,2017-08-20,C-26,VILADA,Bergueda,3,0,1,0,1,0,0,0,1,0,0,0,0,90.0,0.0,0,-1,Sense Especificar,-1.0,3,3,1,0,0,0,0,0,0,0,0,0,0,0,4,-1,-1,Resta sortides de via,-1,1,2,4,4,2,0,12.22,0,1,6,20,8
14177,2017,0,2017-04-23,LP-9221,"PORTELLA, LA",Segria,2,0,1,0,1,0,0,0,1,0,0,0,0,90.0,0.0,0,-1,Sense Especificar,-1.0,3,3,1,0,0,0,0,0,0,0,0,0,0,0,4,-1,-1,Resta sortides de via,-1,1,2,4,4,2,0,12.35,0,1,6,23,4
14178,2017,1,2017-08-02,SE,SANT BOI DE LLOBREGAT,Baix Llobregat,3,0,1,0,2,0,0,0,1,1,0,0,0,20.0,0.0,0,2,No n'hi ha,-1.0,3,3,1,-1,0,0,0,-1,0,0,0,0,0,1,4,4,0,Envestida (frontal lateral),1,2,2,5,-1,2,1,16.54,1,2,2,2,8
14179,2017,1,2017-10-15,SE,BARCELONA,Barcelones,3,0,1,0,2,0,0,0,1,1,0,0,0,100.0,0.0,1,-1,No n'hi ha,-1.0,3,3,1,0,0,0,0,0,0,0,0,0,0,0,0,-1,1,Envestida (frontal lateral),-1,2,2,5,-1,2,0,21.0,1,2,6,15,10
14180,2017,0,2017-10-27,AP-7,MONTORNES DEL VALLES,Valles Oriental,3,0,2,0,2,0,0,0,0,1,1,0,0,100.0,0.0,1,3,No n'hi ha,-1.0,3,3,1,0,0,0,0,0,0,0,0,0,0,0,5,-1,0,Altres,-1,1,2,4,1,2,1,5.47,2,5,4,27,10
14181,2017,0,2017-09-20,AP-2,"PAPIOL, EL",Baix Llobregat,3,1,0,0,3,0,0,0,1,2,0,0,0,100.0,0.0,0,2,No n'hi ha,-1.0,3,3,0,0,0,0,0,0,0,0,0,0,0,0,5,-1,0,Encalç,-1,1,2,4,3,2,1,21.32,1,2,2,20,9
14182,2017,1,2017-02-03,SE,SANT FRUITOS DE BAGES,Bages,3,0,1,0,2,1,0,0,0,0,1,0,0,20.0,0.0,0,-1,No n'hi ha,0.0,3,3,1,-1,-1,0,0,-1,0,1,0,0,-1,0,4,-1,-1,Atropellament,-1,2,2,5,-1,2,1,13.0,0,3,4,3,2
14183,2017,0,2017-07-13,C-14,ALCOVER,Alt Camp,0,1,0,0,3,0,0,0,0,2,1,0,0,100.0,0.0,0,2,No n'hi ha,-1.0,3,3,0,0,0,0,0,0,0,0,0,0,0,0,4,-1,1,Col·lisió frontal,-1,1,2,4,2,2,1,14.16,1,2,3,13,7
14184,2017,0,2017-07-04,TV-3409,CAMARLES,Baix Ebre,0,0,1,0,2,0,1,0,0,1,0,0,0,50.0,0.0,0,3,No n'hi ha,-1.0,3,3,1,0,0,0,0,0,0,0,0,0,0,2,4,3,1,Envestida (frontal lateral),2,1,2,4,3,2,1,19.55,1,2,1,4,7
14185,2017,1,2017-10-27,SE,BARCELONA,Barcelones,3,0,1,0,3,0,0,0,1,2,0,0,0,80.0,0.0,1,-1,No n'hi ha,-1.0,3,3,1,0,0,0,0,0,0,0,0,0,0,0,4,-1,0,Encalç,-1,2,2,5,-1,2,1,13.35,0,2,4,27,10
14186,2017,0,2017-05-23,C-59,SANTA PERPETUA DE MO,Valles Occidental,3,0,1,1,1,0,0,0,1,0,0,0,0,80.0,0.0,0,1,Carril acceleració,-1.0,3,3,1,0,0,0,0,0,0,0,0,0,1,1,3,4,0,Caiguda en la via,1,1,2,4,2,2,1,15.57,1,0,1,23,5
14187,2017,0,2017-08-03,C-15,VILANOVA I LA GELTRU,Garraf,3,0,1,0,1,0,0,0,0,1,0,0,0,60.0,0.0,0,2,No n'hi ha,-1.0,3,3,1,0,0,0,0,0,0,0,0,0,0,0,4,-1,0,Resta sortides de via,-1,1,2,4,2,2,1,9.46,0,1,3,3,8
14188,2017,1,2017-04-22,SE,IVARS D'URGELL,Pla d'Urgell,2,0,1,0,2,0,2,0,0,0,0,0,0,20.0,0.0,0,-1,Sense Especificar,-1.0,3,3,1,0,0,0,0,0,0,0,0,0,0,0,4,-1,-1,Altres,-1,2,2,5,-1,2,0,18.01,1,5,5,22,4
14189,2017,0,2017-03-10,N-340,ALCANAR,Montsia,0,1,0,0,2,0,0,0,0,1,1,0,0,100.0,0.0,0,1,No n'hi ha,-1.0,3,3,0,0,0,0,0,0,0,0,0,0,0,0,3,-1,1,Col·lisió frontal,-1,1,2,4,1,2,1,1.31,2,2,4,10,3
14190,2017,1,2017-04-15,SE,BARCELONA,Barcelones,3,0,1,0,2,0,0,0,1,1,0,0,0,100.0,0.0,1,-1,No n'hi ha,-1.0,3,3,1,0,0,0,0,0,0,0,0,0,0,0,0,-1,0,Fregament o col·lisió lateral,-1,2,2,5,-1,2,0,0.25,2,2,5,15,4
14191,2017,1,2017-09-13,GI-682,LLORET DE MAR,Selva,1,0,1,0,2,0,0,0,1,1,0,0,0,100.0,0.0,0,-1,No n'hi ha,-1.0,3,3,1,0,0,0,0,0,0,0,0,0,0,0,4,-1,-1,Envestida (frontal lateral),-1,0,2,4,-1,2,1,15.0,1,2,2,13,9
14192,2017,1,2017-01-28,SE,MATARO,Maresme,3,0,1,0,1,0,1,0,0,0,0,0,0,20.0,0.0,0,-1,No n'hi ha,-1.0,3,3,1,-1,0,0,0,-1,0,0,0,0,0,0,5,-1,1,Xoc contra objecte/obstacle sense sortida prèvia de via,-1,2,2,5,-1,2,0,20.55,1,4,5,28,1
14193,2017,1,2017-01-03,SE,BADALONA,Barcelones,3,0,1,0,1,0,0,0,1,0,0,0,0,20.0,0.0,0,-1,No n'hi ha,-1.0,3,3,1,0,0,0,0,0,0,0,0,0,0,1,2,4,1,Caiguda en la via,0,2,2,5,-1,2,1,15.36,1,0,1,3,1
14194,2017,1,2017-10-17,SE,BARCELONA,Barcelones,3,0,1,0,2,1,0,0,0,1,0,0,0,100.0,0.0,1,-1,No n'hi ha,-1.0,3,3,1,0,0,0,0,0,0,0,0,0,0,0,0,-1,1,Atropellament,-1,2,2,5,-1,2,1,20.3,1,3,1,17,10
14195,2017,1,2017-09-17,SE,BARCELONA,Barcelones,3,0,1,1,1,0,0,1,0,0,0,0,0,100.0,0.0,1,-1,Altres,-1.0,3,3,1,0,0,0,0,0,0,0,0,0,0,0,0,-1,1,Xoc contra objecte/obstacle sense sortida prèvia de via,-1,2,2,5,-1,2,0,6.45,0,4,6,17,9
14196,2017,1,2017-09-29,SE,MATARO,Maresme,3,0,1,0,3,0,0,0,1,2,0,0,0,20.0,0.0,0,-1,No n'hi ha,-1.0,3,3,1,-1,0,0,0,-1,0,0,0,0,0,0,4,-1,1,Envestida (frontal lateral),-1,2,2,5,-1,2,0,18.2,1,2,4,29,9
14197,2017,0,2017-03-06,C-14,PONTS,Noguera,2,0,1,3,2,0,0,0,0,2,0,0,0,100.0,0.0,0,1,No n'hi ha,-1.0,3,3,1,0,0,0,0,0,0,0,0,0,0,0,4,-1,1,Fregament o col·lisió lateral,-1,1,2,4,2,1,1,13.22,0,2,0,6,3
14198,2017,1,2017-12-04,SE,BADALONA,Barcelones,3,0,1,0,2,0,0,0,1,1,0,0,0,20.0,0.0,0,2,No n'hi ha,-1.0,3,3,1,-1,0,0,0,-1,0,0,0,0,-1,0,5,-1,-1,Encalç,-1,2,2,5,-1,2,1,18.11,1,2,0,4,12
14199,2017,1,2017-12-23,C-37,VALLS,Alt Camp,0,1,0,0,2,0,0,0,0,1,1,0,0,100.0,0.0,0,-1,No n'hi ha,-1.0,3,3,0,0,0,0,0,0,0,0,0,0,0,0,4,-1,-1,Envestida (frontal lateral),-1,0,2,4,-1,2,0,7.12,0,2,5,23,12
14200,2017,1,2017-04-14,SE,BARCELONA,Barcelones,3,0,1,0,2,1,0,0,0,0,1,0,0,100.0,0.0,1,-1,No n'hi ha,-1.0,3,3,1,0,0,0,0,0,0,0,0,0,0,1,4,-1,1,Atropellament,2,2,2,5,-1,2,1,6.55,0,3,4,14,4
14201,2017,1,2017-02-09,-GIP 5106.00,LLERS,Alt Emporda,1,0,1,0,2,1,0,0,0,1,0,0,0,100.0,0.0,0,1,No n'hi ha,-1.0,3,3,1,0,0,0,0,0,0,0,0,0,0,0,4,-1,1,Atropellament,-1,0,2,4,3,2,1,10.14,0,3,3,9,2
14202,2017,0,2017-09-28,TV-3409,CAMARLES,Baix Ebre,0,0,1,0,1,0,0,0,0,1,0,0,0,100.0,0.0,0,0,No n'hi ha,-1.0,3,3,1,0,0,0,0,0,0,0,0,0,0,0,4,-1,1,Resta sortides de via,-1,1,2,4,3,2,1,14.33,1,1,3,28,9
14203,2017,1,2017-04-25,SE,MOLINS DE REI,Baix Llobregat,3,1,0,0,2,1,0,0,0,1,0,0,0,20.0,0.0,0,2,No n'hi ha,-1.0,3,3,0,-1,0,0,0,-1,0,0,0,0,0,1,4,2,1,Atropellament,2,2,2,5,0,2,1,9.37,0,3,1,25,4
14204,2017,0,2017-05-22,TV-3405,AMPOSTA,Montsia,0,2,1,0,2,0,0,0,0,1,1,0,0,100.0,1.0,0,3,No n'hi ha,-1.0,3,3,0,0,0,0,0,0,0,0,0,0,0,0,4,-1,1,Fregament o col·lisió lateral,-1,1,2,4,3,2,1,8.32,0,2,0,22,5
14205,2017,0,2017-03-01,C-15B,SANT PERE DE RIBES,Garraf,3,0,1,0,2,0,0,0,1,1,0,0,0,60.0,0.0,0,2,No n'hi ha,-1.0,3,3,1,0,0,0,0,0,0,0,0,0,0,1,4,4,1,Envestida (frontal lateral),2,1,2,4,2,2,1,9.02,0,2,2,1,3
14206,2017,1,2017-03-26,SE,SANT FRUITOS DE BAGES,Bages,3,0,1,0,1,0,0,0,0,0,0,1,0,30.0,0.0,0,-1,No n'hi ha,-1.0,3,3,1,0,0,0,0,0,0,0,0,0,0,0,4,-1,-1,Sortida de via amb bolcada,-1,2,2,5,0,2,0,17.0,1,1,6,26,3
14207,2017,1,2017-09-12,SE,"VENDRELL, EL",Baix Penedes,0,0,1,1,2,1,0,1,0,0,0,0,0,40.0,0.0,0,-1,No n'hi ha,-1.0,3,3,1,-1,-1,0,0,-1,0,0,0,0,-1,0,4,-1,1,Atropellament,-1,2,2,5,-1,2,1,9.3,0,3,1,12,9
14208,2017,0,2017-01-28,B-10,HOSPITALET DE LLOBREGAT,Barcelones,3,0,1,0,2,1,0,0,0,1,0,0,0,60.0,0.0,0,3,No n'hi ha,1.0,1,3,1,0,0,0,0,0,0,0,0,0,0,0,4,-1,0,Atropellament,-1,1,2,4,3,2,0,9.37,0,3,5,28,1
14209,2017,1,2017-11-21,SE,SANT FELIU DE LLOBREGAT,Baix Llobregat,3,0,1,0,2,1,0,0,0,1,0,0,0,50.0,0.0,0,-1,No n'hi ha,-1.0,3,3,1,0,-1,0,0,0,0,0,0,0,0,1,4,2,-1,Atropellament,0,2,2,5,-1,2,1,9.0,0,3,1,21,11
14210,2017,0,2017-04-12,C-16,PUIG-REIG,Bergueda,3,0,1,0,1,0,0,0,0,1,0,0,0,100.0,0.0,0,2,No n'hi ha,-1.0,3,3,1,0,0,0,0,0,0,0,0,0,0,0,3,-1,0,Resta sortides de via,-1,1,2,4,2,2,1,23.11,2,1,2,12,4
14211,2017,1,2017-03-06,SE,BARBERA DEL VALLES,Valles Occidental,3,0,1,0,2,1,0,0,0,1,0,0,0,20.0,0.0,0,-1,No n'hi ha,-1.0,3,3,1,-1,0,0,0,-1,0,0,0,0,0,1,4,2,0,Atropellament,2,2,2,5,-1,2,1,17.45,1,3,0,6,3
14212,2017,1,2017-10-21,SE,CORNELLA DE LLOBREGAT,Baix Llobregat,3,0,1,0,2,0,0,0,1,1,0,0,0,20.0,0.0,0,2,No n'hi ha,-1.0,3,3,1,-1,0,0,0,-1,0,0,0,0,-1,0,4,-1,1,Col·lisió frontal,-1,2,2,5,-1,2,0,11.5,0,2,5,21,10
14213,2017,0,2017-06-11,C-241d,SARRAL,Conca de Barbera,0,0,1,0,1,0,0,0,0,1,0,0,0,100.0,0.0,0,3,No n'hi ha,-1.0,3,3,1,0,0,0,0,0,0,0,0,0,0,0,4,-1,1,Resta sortides de via,-1,1,2,4,2,2,0,18.0,1,1,6,11,6
14214,2017,1,2017-08-20,SE,BARCELONA,Barcelones,3,0,1,0,2,0,0,0,1,1,0,0,0,100.0,0.0,1,-1,No n'hi ha,-1.0,3,3,1,0,0,0,0,0,0,0,0,0,0,1,4,-1,0,Fregament o col·lisió lateral,1,2,2,5,-1,2,0,8.5,0,2,6,20,8
14215,2017,1,2017-01-03,SE,VIC,Osona,3,0,1,0,2,1,0,0,0,1,0,0,0,100.0,0.0,0,2,No n'hi ha,-1.0,3,3,1,0,0,0,0,0,0,0,0,0,0,0,5,-1,1,Atropellament,-1,2,2,5,-1,2,1,19.42,1,3,1,3,1
14216,2017,0,2017-08-30,SE,SANTA EUGENIA DE BER,Osona,3,0,1,0,1,0,1,0,0,0,0,0,0,40.0,0.0,0,3,No n'hi ha,-1.0,3,3,1,0,0,0,0,0,0,0,0,0,0,0,4,-1,1,Caiguda en la via,-1,1,2,0,0,2,1,14.12,1,0,2,30,8
14217,2017,1,2017-05-31,SE,BARCELONA,Barcelones,3,0,1,0,2,0,0,0,1,1,0,0,0,100.0,0.0,1,-1,No n'hi ha,-1.0,3,3,1,0,0,0,0,0,0,0,0,0,0,1,0,-1,1,Envestida (frontal lateral),2,2,2,5,-1,2,1,22.45,2,2,2,31,5
14218,2017,0,2017-02-17,N-340,TORREDEMBARRA,Tarragones,0,0,1,0,2,0,0,0,1,1,0,0,0,70.0,0.0,0,2,No n'hi ha,-1.0,3,3,1,0,0,0,0,0,0,0,0,0,0,1,4,4,1,Envestida (frontal lateral),1,1,2,4,1,2,1,9.47,0,2,4,17,2
14219,2017,0,2017-10-26,AP-7,CERDANYOLA DEL VALLES,Valles Occidental,3,0,1,0,3,0,0,0,0,1,2,0,0,100.0,0.0,0,1,No n'hi ha,-1.0,3,3,1,0,0,1,0,0,0,0,0,0,0,0,4,-1,0,Encalç,-1,1,2,4,1,2,1,17.27,1,2,3,26,10
14220,2017,1,2017-02-08,SE,"BORGES BLANQUES, LES",Garrigues,2,1,0,0,2,1,0,0,0,1,0,0,0,20.0,0.0,0,-1,No n'hi ha,-1.0,3,3,0,-1,0,0,0,-1,0,0,0,0,0,0,4,-1,1,Atropellament,-1,2,2,5,0,2,1,14.5,1,3,2,8,2
14221,2017,0,2017-02-22,GIV-5231,MONTAGUT,Garrotxa,1,0,1,0,2,1,0,0,0,1,0,0,0,100.0,0.0,0,2,No n'hi ha,-1.0,3,3,1,0,0,0,0,0,1,0,0,0,0,1,4,4,1,Atropellament,1,1,2,4,0,2,1,8.15,0,3,2,22,2
14222,2017,1,2017-11-19,SE,GRANOLLERS,Valles Oriental,3,0,1,0,2,1,0,0,0,1,0,0,0,100.0,0.0,0,2,No n'hi ha,-1.0,3,3,1,0,0,0,0,0,0,0,0,0,0,0,4,-1,0,Atropellament,-1,2,2,5,-1,2,0,16.5,1,3,6,19,11
14223,2017,0,2017-11-01,C-25,ARTES,Bages,3,0,1,0,1,0,0,0,0,1,0,0,0,100.0,0.0,1,1,No n'hi ha,-1.0,3,3,1,0,0,0,0,0,0,0,0,0,0,0,2,-1,0,Resta sortides de via,-1,1,2,4,2,2,1,8.07,0,1,2,1,11
14224,2017,1,2017-11-16,SE,BARCELONA,Barcelones,3,0,1,1,2,1,0,0,1,0,0,0,0,100.0,0.0,1,-1,No n'hi ha,-1.0,3,3,1,0,0,0,0,0,0,0,0,0,0,1,4,-1,0,Atropellament,1,2,2,5,-1,2,1,9.15,0,3,3,16,11
14225,2017,0,2017-04-26,C-59,SAN FELIU DE CODINES,Valles Oriental,3,1,1,1,3,0,0,0,0,3,0,0,0,100.0,0.0,0,-1,No n'hi ha,-1.0,3,3,0,0,0,0,0,0,0,0,0,0,0,0,4,-1,-1,Envestida (frontal lateral),-1,1,2,4,-1,2,1,13.03,0,2,2,26,4
14226,2017,1,2017-11-10,SE,BARCELONA,Barcelones,3,0,1,1,2,1,0,0,1,0,0,0,0,100.0,0.0,1,-1,No n'hi ha,-1.0,3,3,1,0,0,0,0,0,0,0,0,0,0,1,0,-1,1,Atropellament,1,2,2,5,-1,2,0,20.45,1,3,4,10,11
14227,2017,1,2017-02-10,SE,GRANOLLERS,Valles Oriental,3,0,1,0,1,0,0,0,1,0,0,0,0,100.0,0.0,0,-1,No n'hi ha,-1.0,3,3,1,0,0,0,0,0,0,0,0,0,0,0,4,-1,-1,Xoc contra objecte/obstacle sense sortida prèvia de via,-1,2,2,5,-1,2,0,23.3,2,4,4,10,2
14228,2017,0,2017-05-24,N-260,"SEU D'URGELL, LA",Alt Urgell,2,0,1,0,2,0,0,0,0,1,1,0,0,50.0,0.0,0,-1,No n'hi ha,-1.0,3,3,1,-1,0,0,0,-1,0,0,0,0,-1,1,4,4,1,Envestida (frontal lateral),2,1,2,4,1,2,1,12.55,0,2,2,24,5
14229,2017,1,2017-08-21,SE,LLEIDA,Segria,2,0,1,0,2,0,0,1,0,1,0,0,0,20.0,0.0,0,-1,No n'hi ha,-1.0,3,3,1,-1,-1,0,0,-1,0,0,0,0,-1,1,4,4,-1,Envestida (frontal lateral),2,2,2,5,-1,2,1,17.2,1,2,0,21,8
14230,2017,1,2017-10-10,SE,LLICA D'AMUNT,Valles Oriental,3,0,1,0,2,1,0,0,0,1,0,0,0,100.0,0.0,0,2,Carril central,-1.0,3,3,1,0,0,0,0,0,0,0,0,0,0,0,4,-1,1,Atropellament,-1,2,2,5,-1,2,1,15.45,1,3,1,10,10
14231,2017,1,2017-10-29,SE,BARCELONA,Barcelones,3,0,1,0,2,0,0,1,0,1,0,0,0,100.0,0.0,1,-1,No n'hi ha,-1.0,3,3,1,0,0,0,0,0,0,0,0,0,0,1,4,-1,0,Caiguda en la via,2,2,2,5,-1,2,0,14.5,1,0,6,29,10
14232,2017,1,2017-03-18,SE,REUS,Baix Camp,0,0,1,0,2,0,0,0,1,1,0,0,0,100.0,0.0,0,-1,No n'hi ha,-1.0,3,3,1,0,0,0,0,0,0,0,0,0,0,0,4,-1,-1,Altres,-1,2,2,5,-1,2,0,15.45,1,5,5,18,3
14233,2017,1,2017-06-27,GI-674,CALDES DE MALAVELLA,Selva,1,0,2,0,1,0,0,0,0,1,0,0,0,100.0,0.0,0,2,No n'hi ha,-1.0,3,3,1,0,0,0,0,0,0,0,0,0,0,1,4,2,1,Resta sortides de via,2,0,2,4,0,2,1,15.15,1,1,1,27,6
14234,2017,1,2017-06-29,SE,SANT ANFREU DE LA BARCA,Baix Llobregat,3,0,1,0,3,0,0,0,1,2,0,0,0,30.0,0.0,0,2,No n'hi ha,-1.0,3,3,1,-1,0,0,0,-1,0,0,0,0,-1,0,5,-1,1,Col·lisió frontal,-1,2,2,5,-1,2,1,23.45,2,2,3,29,6
14235,2017,1,2017-10-25,SE,BERGA,Bergueda,3,0,1,0,2,1,0,0,0,1,0,0,0,20.0,0.0,0,-1,No n'hi ha,-1.0,3,3,1,-1,0,0,0,-1,0,0,0,0,0,1,5,2,0,Atropellament,1,2,2,5,0,2,1,20.0,1,3,2,25,10
14236,2017,1,2017-03-15,SE,BARCELONA,Barcelones,3,0,1,1,2,0,0,0,1,1,0,0,0,100.0,0.0,0,-1,Carril bus,-1.0,3,3,1,0,0,0,0,0,0,0,0,0,0,1,4,3,0,Envestida (frontal lateral),2,2,2,5,-1,2,1,10.4,0,2,2,15,3
14237,2017,1,2017-11-14,SE,BARCELONA,Barcelones,3,0,1,0,2,1,1,0,0,0,0,0,0,100.0,0.0,1,-1,No n'hi ha,-1.0,3,3,1,0,0,0,0,0,0,0,0,0,0,0,0,-1,1,Atropellament,-1,2,2,5,-1,2,1,21.15,1,3,1,14,11
14238,2017,0,2017-10-09,C-26,"SENTIU DE SIO, LA",Noguera,2,1,0,0,2,0,0,0,0,1,1,0,0,70.0,0.0,0,1,No n'hi ha,-1.0,3,3,0,0,0,0,0,0,0,0,0,0,0,1,4,4,1,Envestida (frontal lateral),1,1,2,4,2,2,1,19.18,1,2,0,9,10
14239,2017,1,2017-05-21,B-522,MANLLEU,Osona,3,0,1,2,2,0,0,0,0,2,0,0,0,100.0,0.0,0,2,No n'hi ha,-1.0,3,3,1,0,0,0,0,0,0,0,0,0,0,0,4,-1,1,Col·lisió frontal,-1,0,2,4,3,2,0,18.5,1,2,6,21,5
14240,2017,1,2017-05-31,SE,MONT-ROIG DEL CAMP,Baix Camp,0,0,1,0,2,0,0,0,1,1,0,0,0,100.0,0.0,0,-1,No n'hi ha,-1.0,3,3,1,0,0,0,0,0,0,0,0,0,0,0,4,-1,-1,Envestida (frontal lateral),-1,2,2,5,-1,2,1,11.35,0,2,2,31,5
14241,2017,0,2017-07-27,C-59,SANTA PERPETUA DE MO,Valles Occidental,3,0,1,0,2,0,0,0,1,1,0,0,0,80.0,0.0,0,2,Carril d'alentiment,-1.0,3,3,1,0,0,0,0,0,0,0,0,0,0,0,4,-1,0,Encalç,-1,1,2,4,2,2,1,8.24,0,2,3,27,7
14242,2017,0,2017-06-23,C-55,CARDONA,Bages,3,0,2,2,2,0,0,0,0,2,0,0,0,30.0,0.0,0,1,Altres,-1.0,3,3,1,0,0,0,0,0,0,0,0,0,0,0,4,-1,0,Fregament o col·lisió lateral,-1,1,2,4,4,2,0,15.08,1,2,4,23,6
14243,2017,1,2017-01-04,C-246,CASTELLDEFELS,Baix Llobregat,3,1,1,0,2,0,0,1,1,0,0,0,0,60.0,0.0,0,2,No n'hi ha,-1.0,3,3,0,0,0,0,0,0,0,0,0,0,0,0,5,-1,1,Col·lisió frontal,-1,0,2,4,-1,2,1,22.0,2,2,2,4,1
14244,2017,0,2017-12-07,C-1413a,SANT QUIRZE DEL VALLES,Valles Occidental,3,0,1,0,1,0,1,0,0,0,0,0,0,100.0,0.0,0,2,No n'hi ha,-1.0,3,3,1,0,0,0,0,0,0,0,0,0,0,0,4,-1,1,Caiguda en la via,-1,1,2,4,2,2,1,12.21,0,0,3,7,12
14245,2017,1,2017-12-13,SE,BARCELONA,Barcelones,3,0,1,1,2,0,1,0,1,0,0,0,0,100.0,0.0,1,-1,No n'hi ha,-1.0,3,3,1,0,0,0,0,0,0,0,0,0,0,0,4,-1,1,Encalç,-1,2,2,5,-1,2,1,10.0,0,2,2,13,12
14246,2017,1,2017-07-31,SE,SANT VICENC DELS HORTS,Baix Llobregat,3,0,1,0,1,0,0,0,0,0,0,1,0,20.0,0.0,0,-1,No n'hi ha,-1.0,3,3,1,-1,0,0,0,-1,0,0,0,0,0,0,4,-1,-1,Xoc contra objecte/obstacle sense sortida prèvia de via,-1,2,2,5,-1,2,1,19.13,1,4,0,31,7
14247,2017,1,2017-06-04,SE,HOSPITALET DE LLOBREGAT,Barcelones,3,0,1,0,2,1,0,0,0,1,0,0,0,20.0,0.0,0,2,No n'hi ha,-1.0,3,3,1,-1,0,0,0,-1,0,0,0,0,-1,1,5,3,1,Atropellament,2,2,2,5,-1,2,0,22.3,2,3,6,4,6
14248,2017,1,2017-12-16,SE,SANT ADRIA DE BESOS,Barcelones,3,0,1,0,2,1,0,0,0,1,0,0,0,100.0,0.0,0,2,No n'hi ha,-1.0,3,3,1,0,0,0,0,0,0,0,0,0,0,1,1,3,1,Atropellament,2,2,2,5,-1,2,0,9.15,0,3,5,16,12
14249,2017,0,2017-12-29,C-51,"VENDRELL, EL",Baix Penedes,0,0,1,0,2,0,0,0,0,2,0,0,0,40.0,0.0,0,2,No n'hi ha,-1.0,3,3,1,0,0,0,0,0,0,0,0,0,0,2,3,4,1,Col·lisió frontal,3,1,2,4,2,1,0,20.01,1,2,4,29,12
14250,2017,1,2017-07-14,SE,LLEIDA,Segria,2,0,1,0,2,1,0,0,0,1,0,0,0,20.0,0.0,0,-1,No n'hi ha,-1.0,3,3,1,-1,0,0,0,-1,0,0,0,0,-1,0,4,-1,-1,Atropellament,-1,2,2,5,-1,2,1,11.25,0,3,4,14,7
14251,2017,0,2017-02-08,N-230,VIELHA E MIJARAN,Val d'Aran,2,0,1,1,2,0,0,0,0,1,1,0,0,40.0,0.0,0,1,No n'hi ha,-1.0,0,3,1,0,0,0,0,0,0,0,0,0,0,0,3,-1,1,Envestida (frontal lateral),-1,1,2,4,1,1,1,20.57,1,2,2,8,2
14252,2017,0,2017-12-18,C-31C,SANT BOI DE LLOBREGAT,Baix Llobregat,3,0,1,0,2,0,0,0,1,1,0,0,0,100.0,0.0,0,3,No n'hi ha,-1.0,3,3,1,0,0,0,0,0,0,0,0,0,0,2,4,4,0,Encalç,1,1,2,4,3,2,1,9.01,0,2,0,18,12
14253,2017,1,2017-11-26,SE,"ALDEA, L'",Baix Ebre,0,0,1,0,2,1,0,0,0,1,0,0,0,100.0,0.0,0,2,No n'hi ha,-1.0,3,3,1,0,0,0,0,0,0,0,0,0,0,2,1,2,1,Atropellament,1,2,2,5,0,2,0,17.42,1,3,6,26,11
14254,2017,1,2017-05-11,SE,ARENYS DE MUNT,Maresme,3,0,1,0,2,1,1,0,0,0,0,0,0,20.0,0.0,0,3,No n'hi ha,-1.0,3,3,1,-1,0,0,0,-1,0,0,0,0,-1,0,4,-1,0,Atropellament,-1,2,2,5,-1,2,1,14.5,1,3,3,11,5
14255,2017,1,2017-03-31,SE,BARCELONA,Barcelones,3,0,1,0,2,0,0,0,1,0,1,0,0,100.0,0.0,0,-1,Carril bus,-1.0,3,3,1,0,0,0,0,0,0,0,0,0,0,1,4,3,1,Fregament o col·lisió lateral,2,2,2,5,-1,2,0,19.25,1,2,4,31,3
14256,2017,0,2017-05-10,C-12,AMPOSTA,Montsia,0,0,1,0,1,0,0,0,0,1,0,0,0,100.0,0.0,0,1,No n'hi ha,-1.0,3,3,1,0,0,0,0,0,0,0,0,0,0,0,4,-1,1,Resta sortides de via,-1,1,2,4,2,2,1,13.57,0,1,2,10,5
14257,2017,1,2017-11-09,B-250,"PRAT DE LLOBREGAT, E",Baix Llobregat,3,0,1,1,5,0,0,0,0,4,1,0,0,90.0,0.0,0,-1,No n'hi ha,-1.0,3,3,1,-1,-1,0,0,-1,0,0,0,0,-1,1,4,3,-1,Envestida (frontal lateral),1,0,2,4,-1,2,1,10.15,0,2,3,9,11
14258,2017,1,2017-10-26,SE,BARCELONA,Barcelones,3,0,1,1,2,1,0,0,1,0,0,0,0,100.0,0.0,1,-1,No n'hi ha,-1.0,3,3,1,0,0,0,0,0,0,0,0,0,0,0,0,-1,0,Atropellament,-1,2,2,5,-1,2,1,20.3,1,3,3,26,10
14259,2017,0,2017-05-25,N-340,SANT CARLES DE LA RAPITA,Montsia,0,0,2,0,3,0,0,0,0,2,1,0,0,100.0,0.0,0,2,No n'hi ha,-1.0,3,3,1,0,0,0,0,0,0,0,0,0,0,0,3,-1,1,Col·lisió frontal,-1,1,2,4,1,2,1,23.5,2,2,3,25,5