,Year,Area,Date,Road,Municipality Name,County Name,Province Name,Fatalties,Serious Injuries,Light Injuries,Units Involved,Pedestrains Involved,Bicycles Involved,Mopeds Involved,Motorcycles,Light Vehicles Involved,Heavy Vehicles Involved,Other Units Involved,Unspecified Units Involved,Road Speed Limit,Accident with Hit and Run,Fog Presence,Surrounding Environment,Special Lane Presence,Special Traffic Measures,Weather Conditions,Special Road Functions,Severity of Accident,Influence of Fog,Influence of Environment,Influence of Traffic,Influence of Weather,Influence of Wind Intensity,Influence of Lighting,Influence of Special Measures,Influence of Road Objects,Influence of Road Surface,Influence of Visibility,Intersection Characteristics,Lighting Conditions,Traffic Regulation and Priority,Direction of Road,Subtype of Accident,Subtype of Road Section,Subzone within Area,Road Surface Conditions,Type of Road,Road Ownership,Wind Conditions,Day of the Week Grouping,Hour of Day,Time of Day Grouping,Type of Accident,Day Type,Day,Month
14260,2017,0,2017-11-20,A-2,SANT JOAN DESPI,Baix Llobregat,3,0,1,0,2,0,0,0,1,0,1,0,0,40.0,0.0,0,2,No n'hi ha,-1.0,3,3,1,0,0,0,0,0,0,0,0,0,0,2,4,4,0,Fregament o col·lisió lateral,3,1,2,4,1,2,1,8.06,0,2,0,20,11
14261,2017,1,2017-04-30,SE,MONTORNES DEL VALLES,Valles Oriental,3,0,1,0,1,0,1,0,0,0,0,0,0,20.0,0.0,0,-1,No n'hi ha,-1.0,1,3,1,0,0,0,0,0,0,0,0,0,0,1,2,2,1,Caiguda en la via,0,2,0,5,-1,2,0,8.55,0,0,6,30,4
14262,2017,1,2017-11-22,SE,TERRASSA,Valles Occidental,3,0,1,0,2,0,0,1,0,1,0,0,0,20.0,0.0,0,-1,Sense Especificar,-1.0,3,3,1,0,0,0,0,0,0,0,0,0,0,1,4,4,-1,Envestida (frontal lateral),0,2,2,5,-1,2,1,21.43,1,2,2,22,11
14263,2017,1,2017-06-06,SE,BADALONA,Barcelones,3,1,0,0,2,1,0,0,1,0,0,0,0,20.0,0.0,0,2,Carril bus,-1.0,3,3,0,-1,0,1,0,-1,0,0,0,0,1,1,4,3,0,Atropellament,1,2,2,5,-1,2,1,11.15,0,3,1,6,6
14264,2017,0,2017-04-02,C-1415b,SANTA EULALIA DE RON,Valles Oriental,3,0,1,0,1,0,0,1,0,0,0,0,0,90.0,0.0,0,-1,Sense Especificar,-1.0,3,3,1,0,0,0,0,0,0,0,0,0,0,2,4,4,-1,Altres,1,1,2,4,4,2,0,15.48,1,5,6,2,4
14265,2017,1,2017-05-18,SE,BARCELONA,Barcelones,3,0,1,2,1,0,0,0,0,1,0,0,0,100.0,0.0,1,-1,No n'hi ha,-1.0,3,3,1,0,0,0,0,0,0,0,0,0,0,1,0,-1,1,Xoc contra objecte/obstacle sense sortida prèvia de via,2,2,2,5,-1,2,1,5.0,2,4,3,18,5
14266,2017,1,2017-11-15,SE,MOLINS DE REI,Baix Llobregat,3,0,1,0,2,1,0,0,0,1,0,0,0,20.0,0.0,0,2,No n'hi ha,-1.0,3,3,1,-1,0,0,0,-1,0,0,0,0,-1,0,5,-1,1,Atropellament,-1,2,2,5,-1,2,1,18.2,1,3,2,15,11
14267,2017,1,2017-01-20,SE,SABADELL,Valles Occidental,3,0,1,0,2,1,0,0,0,1,0,0,0,100.0,0.0,0,-1,No n'hi ha,-1.0,3,3,1,0,0,0,0,0,0,0,0,0,0,0,4,-1,-1,Atropellament,-1,2,2,5,-1,2,0,22.35,2,3,4,20,1
14268,2017,0,2017-08-07,CR,BELL-LLOC D'URGELL,Pla d'Urgell,2,0,1,0,1,0,0,0,0,1,0,0,0,40.0,0.0,0,2,No n'hi ha,-1.0,3,3,1,0,0,0,0,0,0,0,0,0,0,0,4,-1,1,Resta sortides de via,-1,1,2,3,-1,2,1,17.34,1,1,0,7,8
14269,2017,0,2017-05-06,TP-3311,"GALERA, LA",Montsia,0,0,1,1,1,0,0,0,0,1,0,0,0,100.0,0.0,0,2,No n'hi ha,-1.0,3,3,1,0,0,0,0,0,0,0,0,0,0,0,1,-1,1,Resta sortides de via,-1,1,2,4,2,2,0,6.58,0,1,5,6,5
14270,2017,0,2017-03-08,BV-5001,MONTORNES DEL VALLES,Valles Oriental,3,0,1,4,2,0,0,0,0,2,0,0,0,100.0,0.0,0,3,No n'hi ha,-1.0,3,3,1,0,0,0,0,0,0,0,0,0,0,0,4,-1,1,Col·lisió frontal,-1,1,2,4,3,2,1,16.42,1,2,2,8,3
14271,2017,1,2017-11-20,SE,LLEIDA,Segria,2,0,1,0,1,0,0,0,0,1,0,0,0,40.0,0.0,0,2,No n'hi ha,-1.0,3,3,1,0,0,0,0,0,0,0,0,0,0,1,0,4,1,Sortida de via amb xoc o col·lisió,0,2,2,5,3,2,1,0.22,2,1,0,20,11
14272,2017,1,2017-09-13,SE,MATARO,Maresme,3,0,1,0,2,1,0,0,0,1,0,0,0,20.0,,0,3,No n'hi ha,-1.0,3,3,1,-1,0,0,0,-1,0,0,0,0,-1,1,4,2,1,Atropellament,1,2,2,5,-1,2,1,19.15,1,3,2,13,9
14273,2017,1,2017-04-20,N-340a,"ALDEA, L'",Baix Ebre,0,0,1,0,1,0,0,0,0,1,0,0,0,100.0,0.0,0,1,No n'hi ha,-1.0,3,3,1,0,0,0,0,0,0,0,0,0,0,0,5,-1,1,Resta sortides de via,-1,0,2,4,1,2,1,22.24,2,1,3,20,4
14274,2017,1,2017-06-05,SE,BARCELONA,Barcelones,3,0,1,0,2,1,0,0,0,1,0,0,0,100.0,0.0,1,-1,No n'hi ha,-1.0,3,3,1,0,0,0,0,0,0,0,0,0,0,0,4,-1,1,Atropellament,-1,2,2,5,-1,2,1,20.3,1,3,0,5,6
14275,2017,0,2017-05-01,C-44,TIVISSA,Ribera d'Ebre,0,0,1,0,1,0,0,0,1,0,0,0,0,40.0,0.0,0,2,Carril d'alentiment,-1.0,3,3,1,0,0,0,0,0,0,0,0,0,0,2,4,4,0,Caiguda en la via,3,1,2,4,2,2,1,17.34,1,0,0,1,5
14276,2017,1,2017-10-13,SE,LLEIDA,Segria,2,0,1,0,2,0,1,0,1,0,0,0,0,20.0,0.0,0,-1,No n'hi ha,-1.0,3,3,1,-1,0,0,0,-1,0,0,0,0,0,0,4,-1,1,Fregament o col·lisió lateral,-1,2,2,5,-1,2,0,19.1,1,2,4,13,10
14277,2017,0,2017-07-29,C-32,ARENYS DE MAR,Maresme,3,1,0,0,1,0,0,0,1,0,0,0,0,60.0,0.0,0,2,No n'hi ha,-1.0,3,3,0,0,0,0,0,0,0,0,0,0,0,1,4,2,0,Caiguda en la via,3,1,2,4,2,2,0,20.1,1,0,5,29,7
14278,2017,1,2017-05-06,SE,BARCELONA,Barcelones,3,0,1,0,2,1,0,0,0,1,0,0,0,30.0,0.0,1,-1,No n'hi ha,-1.0,3,3,1,0,0,0,0,0,0,0,0,0,0,0,4,-1,0,Atropellament,-1,2,2,5,-1,2,0,11.3,0,3,5,6,5
14279,2017,1,2017-08-05,SE,FRANQUESES DEL VALLE,Valles Oriental,3,0,1,0,1,0,0,0,0,1,0,0,0,50.0,0.0,0,-1,No n'hi ha,-1.0,3,3,1,0,0,0,0,0,0,0,0,0,0,0,4,-1,-1,Xoc contra objecte/obstacle sense sortida prèvia de via,-1,2,2,5,-1,2,0,14.48,1,4,5,5,8
14280,2017,0,2017-08-24,C-16,GUARDIOLA DE BERGUEDA,Bergueda,3,0,1,0,2,0,0,0,2,0,0,0,0,90.0,0.0,0,-1,Sense Especificar,-1.0,3,3,1,0,0,0,0,0,0,0,0,0,0,0,4,-1,-1,Encalç,-1,1,2,4,4,2,1,18.17,1,2,3,24,8
14281,2017,1,2017-10-28,SE,BARCELONA,Barcelones,3,1,0,2,2,0,0,0,1,1,0,0,0,100.0,0.0,1,-1,No n'hi ha,-1.0,3,3,0,0,0,0,0,0,0,0,0,0,0,1,0,-1,0,Envestida (frontal lateral),2,2,2,5,-1,2,0,22.58,2,2,5,28,10
14282,2017,1,2017-03-06,SE,BARCELONA,Barcelones,3,0,1,1,5,0,0,0,1,4,0,0,0,30.0,0.0,0,-1,No n'hi ha,-1.0,3,3,1,0,0,0,0,0,0,0,0,0,0,0,5,-1,0,Encalç,-1,2,2,5,-1,2,1,22.35,2,2,0,6,3
14283,2017,1,2017-05-29,BV-5031,ARENYS DE MUNT,Maresme,3,0,1,1,3,0,1,0,0,2,0,0,0,90.0,0.0,0,3,No n'hi ha,-1.0,3,3,1,-1,0,0,0,-1,0,0,0,0,-1,1,4,3,1,Envestida (frontal lateral),2,0,2,4,-1,2,1,18.35,1,2,0,29,5
14284,2017,0,2017-09-22,A-2,RIUDELLOTS DE LA SELVA,Selva,1,0,2,5,5,0,0,0,0,5,0,0,0,100.0,0.0,0,2,No n'hi ha,-1.0,3,3,1,0,0,0,0,0,0,0,0,0,0,0,1,-1,0,Encalç,-1,1,2,4,1,2,1,6.49,0,2,4,22,9
14285,2017,1,2017-04-30,SE,"MASNOU, EL",Maresme,3,0,1,0,3,0,0,0,1,2,0,0,0,20.0,0.0,0,2,No n'hi ha,-1.0,1,3,1,-1,0,0,0,-1,0,0,0,0,-1,0,5,-1,0,Xoc contra objecte/obstacle sense sortida prèvia de via,-1,2,0,5,-1,2,0,5.14,2,4,6,30,4
14286,2017,1,2017-09-20,SE,BARCELONA,Barcelones,3,0,1,0,2,0,1,0,1,0,0,0,0,100.0,0.0,1,-1,No n'hi ha,-1.0,3,3,1,0,0,0,0,0,0,0,0,0,0,1,0,-1,0,Envestida (frontal lateral),2,2,2,5,-1,2,1,20.5,1,2,2,20,9
14287,2017,1,2017-01-25,SE,GIRONA,Girones,1,0,1,0,2,1,0,0,0,1,0,0,0,100.0,0.0,0,2,No n'hi ha,-1.0,3,3,1,0,0,0,0,0,0,0,0,0,1,1,4,2,0,Atropellament,2,2,2,5,-1,2,1,9.02,0,3,2,25,1
14288,2017,0,2017-11-09,BV-2041,GAVA,Baix Llobregat,3,0,1,0,3,0,0,0,1,2,0,0,0,50.0,0.0,0,2,No n'hi ha,-1.0,3,3,1,0,0,0,0,0,0,0,0,0,0,0,4,-1,1,Encalç,-1,1,2,4,2,2,1,12.58,0,2,3,9,11
14289,2017,1,2017-05-12,SE,TARRAGONA,Tarragones,0,0,1,0,2,0,0,0,1,1,0,0,0,100.0,0.0,0,2,No n'hi ha,-1.0,3,3,1,0,0,0,0,0,0,0,0,0,0,1,4,-1,0,Envestida (frontal lateral),1,2,2,5,-1,2,0,19.4,1,2,4,12,5
14290,2017,0,2017-06-05,N-340,SUBIRATS,Alt Penedes,3,0,1,0,2,0,0,0,1,1,0,0,0,70.0,0.0,0,2,No n'hi ha,-1.0,3,3,1,0,0,0,0,0,0,0,0,0,0,0,1,-1,1,Encalç,-1,1,2,4,1,2,1,20.37,1,2,0,5,6
14291,2017,1,2017-10-07,SE,VALLS,Alt Camp,0,1,0,0,2,1,0,0,0,1,0,0,0,100.0,0.0,0,2,No n'hi ha,-1.0,3,3,0,0,0,0,0,0,0,0,0,0,0,1,5,5,1,Atropellament,2,2,2,5,-1,2,0,6.1,0,3,5,7,10
14292,2017,1,2017-09-06,BV-5024,PREMIA DE MAR,Maresme,3,0,1,1,2,0,0,0,0,2,0,0,0,30.0,0.0,0,2,No n'hi ha,-1.0,2,3,1,-1,0,0,0,-1,0,0,0,0,0,1,1,3,1,Fregament o col·lisió lateral,2,0,0,4,-1,2,1,19.0,1,2,2,6,9
14293,2017,0,2017-03-12,C-233,"GRANADELLA, LA",Garrigues,2,0,1,0,1,0,1,0,0,0,0,0,0,90.0,0.0,0,-1,Sense Especificar,-1.0,3,3,1,0,0,0,0,0,0,0,0,0,0,0,4,-1,-1,Altres,-1,1,2,4,4,2,0,10.48,0,5,6,12,3
14294,2017,0,2017-03-04,BP-2151,SANT SADURNI D'ANOIA,Alt Penedes,3,0,1,2,2,0,0,0,0,2,0,0,0,100.0,0.0,0,3,No n'hi ha,-1.0,3,3,1,0,0,0,0,0,0,0,0,0,0,0,3,-1,1,Col·lisió frontal,-1,1,2,4,3,2,0,19.44,1,2,5,4,3
14295,2017,1,2017-06-05,C-32,ESPLUGUES DE LLOBREGAT,Baix Llobregat,3,0,1,0,2,0,0,0,1,1,0,0,0,40.0,0.0,0,2,No n'hi ha,5.0,3,3,1,0,0,0,0,0,0,0,0,0,0,2,4,2,1,Fregament o col·lisió lateral,3,0,2,4,0,2,1,17.0,1,2,0,5,6
14296,2017,1,2017-10-31,SE,PREMIA DE MAR,Maresme,3,0,1,0,2,1,0,0,0,1,0,0,0,30.0,0.0,0,2,No n'hi ha,-1.0,3,3,1,-1,0,0,0,-1,0,0,0,0,-1,1,4,4,0,Atropellament,2,2,2,5,0,2,1,16.5,1,3,1,31,10
14297,2017,0,2017-08-10,C-55,ESPARREGUERA,Baix Llobregat,3,0,1,4,2,0,0,0,0,2,0,0,0,100.0,0.0,0,2,No n'hi ha,-1.0,3,3,1,0,0,0,0,0,0,0,0,0,0,2,4,4,1,Envestida (frontal lateral),3,1,2,4,2,2,1,14.47,1,2,3,10,8
14298,2017,0,2017-10-13,AP-7,VILADEMULS,Pla de l'Estany,1,0,1,0,1,0,0,0,0,0,1,0,0,100.0,0.0,0,0,No n'hi ha,-1.0,3,3,1,0,0,0,0,0,0,0,0,0,0,0,3,-1,1,Altres,-1,1,2,4,1,2,1,7.05,0,5,4,13,10
14299,2017,1,2017-05-09,SE,BARCELONA,Barcelones,3,0,1,0,2,0,0,0,1,1,0,0,0,100.0,0.0,1,-1,Carril bus,-1.0,3,3,1,0,0,0,0,0,0,0,0,0,0,1,0,-1,0,Fregament o col·lisió lateral,2,2,2,5,-1,2,1,22.05,2,2,1,9,5
14300,2017,1,2017-08-25,SE,FIGUERES,Alt Emporda,1,0,1,0,3,1,0,0,0,2,0,0,0,100.0,0.0,0,2,No n'hi ha,-1.0,3,3,1,0,0,0,0,0,0,0,0,0,0,0,5,-1,0,Atropellament,-1,2,2,5,-1,2,0,23.35,2,3,4,25,8
14301,2017,1,2017-08-10,SE,LLEIDA,Segria,2,0,1,0,2,0,0,0,1,1,0,0,0,20.0,0.0,0,-1,No n'hi ha,-1.0,3,3,1,-1,0,0,0,-1,0,0,0,0,0,0,4,-1,1,Fregament o col·lisió lateral,-1,2,2,5,0,2,1,9.0,0,2,3,10,8
14302,2017,0,2017-01-23,N-420,MORA D'EBRE,Ribera d'Ebre,0,1,0,1,2,0,0,0,0,2,0,0,0,100.0,0.0,0,1,No n'hi ha,-1.0,1,3,0,0,0,0,0,0,0,0,0,0,0,0,4,-1,1,Envestida (frontal lateral),-1,1,2,4,1,2,1,8.57,0,2,0,23,1
14303,2017,1,2017-06-09,SE,PREMIA DE MAR,Maresme,3,0,1,0,2,1,0,0,0,1,0,0,0,30.0,0.0,0,2,No n'hi ha,-1.0,3,3,1,-1,0,0,0,-1,0,0,0,0,-1,0,4,-1,0,Atropellament,-1,2,2,5,0,2,1,11.1,0,3,4,9,6
14304,2017,1,2017-03-31,SE,TERRASSA,Valles Occidental,3,0,1,0,2,0,0,0,1,1,0,0,0,100.0,0.0,0,2,No n'hi ha,-1.0,3,3,1,0,0,0,0,0,0,0,0,0,0,1,4,3,1,Altres,2,2,2,5,-1,2,0,18.4,1,5,4,31,3
14305,2017,0,2017-11-04,TV-2231,"SECUITA, LA",Tarragones,0,1,0,0,1,0,0,0,0,0,1,0,0,100.0,0.0,0,1,No n'hi ha,-1.0,1,3,0,0,0,0,0,0,0,0,0,0,0,0,2,-1,1,Resta sortides de via,-1,1,2,4,3,2,0,17.45,1,1,5,4,11
14306,2017,0,2017-02-18,N-II,SANT POL DE MAR,Maresme,3,0,1,0,1,0,1,0,0,0,0,0,0,50.0,0.0,0,3,No n'hi ha,-1.0,3,3,1,0,0,0,0,0,0,0,0,1,0,0,4,-1,1,Caiguda en la via,-1,1,2,4,1,2,0,10.56,0,0,5,18,2
14307,2017,0,2017-07-20,N-340,"PERELLO, EL",Baix Ebre,0,0,6,1,2,0,0,0,0,2,0,0,0,100.0,0.0,0,1,Carril avançament,-1.0,3,3,1,0,0,0,0,0,0,0,0,0,0,0,3,-1,1,Envestida (frontal lateral),-1,1,2,4,1,2,1,5.43,2,2,3,20,7
14308,2017,0,2017-02-02,C-233,VILANOVA DE BELLPUIG,Pla d'Urgell,2,0,1,0,1,0,0,0,0,1,0,0,0,70.0,0.0,0,1,No n'hi ha,-1.0,1,3,1,0,0,0,0,0,0,0,0,0,0,0,3,-1,1,Resta sortides de via,-1,1,2,4,2,2,1,22.22,2,1,3,2,2
14309,2017,1,2017-12-09,N-IIa,FIGUERES,Alt Emporda,1,0,1,3,2,0,0,0,0,2,0,0,0,100.0,0.0,0,2,No n'hi ha,-1.0,3,3,1,0,0,0,0,0,0,0,0,0,0,0,5,-1,1,Altres,-1,0,2,4,-1,2,0,5.05,2,5,5,9,12
14310,2017,1,2017-01-06,SE,SABADELL,Valles Occidental,3,0,1,0,2,1,0,0,0,1,0,0,0,100.0,0.0,0,2,No n'hi ha,-1.0,3,3,1,0,0,0,0,0,0,0,0,0,0,1,4,3,0,Atropellament,2,2,2,5,-1,2,1,10.03,0,3,4,6,1
14311,2017,1,2017-05-03,SE,BARCELONA,Barcelones,3,0,1,0,2,0,0,0,1,1,0,0,0,100.0,0.0,1,-1,No n'hi ha,-1.0,3,3,1,0,0,0,0,0,0,0,0,0,0,0,0,-1,0,Fregament o col·lisió lateral,-1,2,2,5,-1,2,1,5.45,2,2,2,3,5
14312,2017,1,2017-02-08,SE,"VENDRELL, EL",Baix Penedes,0,0,1,0,2,1,0,0,0,1,0,0,0,40.0,0.0,0,-1,No n'hi ha,-1.0,3,3,1,-1,-1,0,0,-1,0,0,0,0,0,0,5,-1,1,Atropellament,-1,2,2,5,-1,2,1,19.1,1,3,2,8,2
14313,2017,1,2017-08-07,N-IIa,FIGUERES,Alt Emporda,1,0,1,0,2,0,0,0,1,1,0,0,0,100.0,0.0,0,2,No n'hi ha,-1.0,3,3,1,0,0,0,0,0,0,0,0,0,0,0,4,-1,1,Envestida (frontal lateral),-1,0,2,4,-1,2,1,19.3,1,2,0,7,8
14314,2017,0,2017-06-13,LP-7041,SOSES,Segria,2,0,1,2,3,0,3,0,0,0,0,0,0,90.0,0.0,0,-1,Sense Especificar,-1.0,3,3,1,0,0,0,0,0,0,0,0,0,0,0,4,-1,-1,Altres,-1,1,2,4,4,2,1,11.41,0,5,1,13,6
14315,2017,0,2017-03-17,N-141e,BESCANO,Girones,1,0,1,1,4,1,0,0,0,3,0,0,0,100.0,0.0,0,0,No n'hi ha,-1.0,3,3,1,0,0,0,0,0,0,0,0,0,0,0,4,-1,1,Resta sortides de via,-1,1,2,4,2,2,1,9.03,0,1,4,17,3
14316,2017,1,2017-05-31,SE,PALAFRUGELL,Baix Emporda,1,0,1,0,2,0,0,1,0,0,1,0,0,30.0,0.0,0,-1,No n'hi ha,-1.0,3,3,1,-1,-1,0,0,-1,0,0,0,0,0,1,4,4,-1,Envestida (frontal lateral),2,2,2,5,-1,2,1,17.15,1,2,2,31,5
14317,2017,1,2017-09-07,SE,SABADELL,Valles Occidental,3,0,1,0,2,0,0,1,0,1,0,0,0,30.0,0.0,0,2,No n'hi ha,-1.0,3,3,1,0,0,0,0,0,0,0,0,0,0,0,4,-1,1,Envestida (frontal lateral),-1,2,2,5,-1,2,1,18.41,1,2,3,7,9
14318,2017,0,2017-11-27,C-1411,MANRESA,Bages,3,0,1,0,2,0,0,0,0,1,1,0,0,100.0,0.0,0,2,No n'hi ha,-1.0,3,3,1,0,0,0,0,0,0,0,0,0,0,0,4,-1,1,Col·lisió frontal,-1,1,2,4,3,2,1,13.05,0,2,0,27,11
14319,2017,1,2017-11-28,SE,TARRAGONA,Tarragones,0,0,1,0,2,1,0,0,0,1,0,0,0,30.0,0.0,0,2,No n'hi ha,-1.0,3,3,1,0,0,0,0,0,0,0,0,0,0,0,4,-1,1,Atropellament,-1,2,2,5,-1,2,1,8.52,0,3,1,28,11
14320,2017,0,2017-04-11,AP-7,FIGUERES,Alt Emporda,1,0,1,1,2,1,0,0,0,0,1,0,0,100.0,0.0,0,1,No n'hi ha,-1.0,3,3,1,0,0,0,0,0,0,0,0,0,0,0,4,-1,0,Atropellament,-1,1,1,4,1,2,1,13.38,0,3,1,11,4
14321,2017,0,2017-03-16,CR,BALSARENY,Bages,3,1,0,0,1,0,0,0,0,1,0,0,0,100.0,0.0,0,0,No n'hi ha,-1.0,3,3,0,0,0,0,0,0,0,0,0,0,0,0,3,-1,1,Resta sortides de via,-1,1,0,3,0,2,1,7.22,0,1,3,16,3
14322,2017,0,2017-03-03,C-14,AGRAMUNT,Urgell,2,1,0,0,1,0,0,0,0,1,0,0,0,100.0,0.0,0,3,Altres,-1.0,1,3,0,0,0,0,1,0,0,0,0,0,0,2,3,5,1,Resta sortides de via,3,1,2,4,2,1,0,22.05,2,1,4,3,3
14323,2017,0,2017-06-19,LV-3231,TORNABOUS,Urgell,2,0,1,0,1,0,0,0,0,0,1,0,0,90.0,0.0,0,-1,Sense Especificar,-1.0,3,3,1,0,0,0,0,0,0,0,0,0,0,0,4,-1,-1,Resta sortides de via,-1,1,2,4,4,2,1,10.13,0,1,0,19,6
14324,2017,1,2017-06-15,SE,VILANOVA I LA GELTRU,Garraf,3,0,1,0,2,0,0,0,1,1,0,0,0,100.0,0.0,0,2,No n'hi ha,-1.0,3,3,1,0,0,0,0,0,0,0,0,0,0,1,4,5,1,Col·lisió frontal,1,2,2,5,0,2,1,13.3,0,2,3,15,6
14325,2017,1,2017-05-23,SE,SANT BOI DE LLOBREGAT,Baix Llobregat,3,0,1,0,2,0,0,0,1,1,0,0,0,20.0,0.0,0,-1,No n'hi ha,-1.0,3,3,1,0,-1,0,0,0,0,0,0,0,0,0,4,-1,-1,Encalç,-1,2,2,5,0,2,1,13.59,0,2,1,23,5
14326,2017,1,2017-07-10,SE,SABADELL,Valles Occidental,3,0,1,2,3,0,0,0,0,3,0,0,0,100.0,0.0,0,-1,No n'hi ha,-1.0,3,3,1,0,0,0,0,0,0,0,0,0,0,0,4,-1,-1,Envestida (frontal lateral),-1,2,2,5,-1,2,1,18.3,1,2,0,10,7
14327,2017,1,2017-10-21,SE,LLEIDA,Segria,2,0,1,0,2,0,1,0,1,0,0,0,0,20.0,0.0,0,-1,No n'hi ha,-1.0,3,3,1,-1,0,0,0,-1,0,0,0,0,-1,0,0,-1,1,Envestida (frontal lateral),-1,2,2,5,-1,2,0,19.5,1,2,5,21,10
14328,2017,1,2017-09-16,SE,LLORET DE MAR,Selva,1,0,1,1,2,0,0,0,1,1,0,0,0,100.0,0.0,0,-1,No n'hi ha,-1.0,3,3,1,0,0,0,0,0,0,0,0,0,0,0,4,-1,-1,Envestida (frontal lateral),-1,2,2,5,-1,2,0,21.24,1,2,5,16,9
14329,2017,1,2017-04-12,SE,RODA DE BARA,Tarragones,0,0,1,0,2,0,0,0,1,1,0,0,0,100.0,0.0,0,2,No n'hi ha,-1.0,3,3,1,0,0,0,0,0,0,0,0,0,0,1,4,4,0,Envestida (frontal lateral),2,2,2,5,0,2,1,18.45,1,2,2,12,4
14330,2017,0,2017-05-07,BP-2121,"LLACUNA, LA",Anoia,3,0,1,0,1,0,0,0,0,0,0,1,0,100.0,0.0,0,1,No n'hi ha,-1.0,3,3,1,0,0,0,0,0,0,0,0,0,0,0,4,-1,1,Resta sortides de via,-1,1,0,4,4,2,0,12.38,0,1,6,7,5
14331,2017,1,2017-11-15,SE,FIGUERES,Alt Emporda,1,0,1,0,2,0,0,0,0,2,0,0,0,100.0,0.0,0,2,No n'hi ha,-1.0,3,3,1,0,0,0,0,0,0,0,0,0,0,1,2,4,1,Envestida (frontal lateral),2,2,2,5,-1,2,1,11.45,0,2,2,15,11
14332,2017,0,2017-07-08,N-260,MONTFERRER I CASTELLBO,Alt Urgell,2,1,0,0,3,0,0,0,1,2,0,0,0,100.0,0.0,0,1,No n'hi ha,-1.0,3,3,0,0,0,0,0,0,0,0,0,0,0,0,4,-1,1,Col·lisió frontal,-1,1,2,4,1,2,0,16.51,1,2,5,8,7
14333,2017,0,2017-10-30,C-17,"LLAGOSTA, LA",Valles Oriental,3,0,1,0,2,0,0,0,1,1,0,0,0,100.0,0.0,0,2,No n'hi ha,3.0,3,3,1,0,1,0,0,0,1,0,0,0,0,1,0,4,0,Encalç,3,1,2,4,2,2,1,21.3,1,2,0,30,10
14334,2017,0,2017-09-17,C-1412b,ISONA I CONCA DELLA,Pallars Jussa,2,0,2,1,2,0,0,0,0,2,0,0,0,100.0,0.0,0,1,No n'hi ha,-1.0,3,3,1,0,0,0,0,0,0,0,0,0,0,0,4,-1,1,Col·lisió frontal,-1,1,2,4,2,2,0,12.04,0,2,6,17,9
14335,2017,1,2017-08-03,SE,TERRASSA,Valles Occidental,3,0,1,0,2,0,0,0,1,1,0,0,0,20.0,0.0,0,-1,Sense Especificar,-1.0,3,3,1,0,0,0,0,0,0,0,0,0,0,0,4,-1,-1,Caiguda en la via,-1,2,2,5,-1,2,1,12.58,0,0,3,3,8
14336,2017,0,2017-09-09,C-243C,RUBI,Valles Occidental,3,0,2,3,2,0,0,0,0,2,0,0,0,100.0,0.0,0,1,No n'hi ha,-1.0,3,3,1,0,0,0,0,0,0,0,0,0,0,0,1,-1,1,Envestida (frontal lateral),-1,1,2,4,2,2,0,20.01,1,2,5,9,9
14337,2017,0,2017-07-25,BV-2176,CASTELLVI DE LA MARC,Alt Penedes,3,0,1,0,1,0,0,1,0,0,0,0,0,100.0,0.0,0,0,No n'hi ha,-1.0,3,3,1,0,0,0,0,0,0,0,0,0,0,0,4,-1,1,Resta sortides de via,-1,1,0,4,4,2,1,18.24,1,1,1,25,7
14338,2017,0,2017-08-09,C-147,ESTERRI D'ANEU,Pallars Sobira,2,0,1,1,2,0,2,0,0,0,0,0,0,100.0,0.0,0,1,No n'hi ha,-1.0,3,3,1,0,0,0,0,0,0,0,0,0,0,0,4,-1,1,Encalç,-1,1,2,4,2,2,1,14.17,1,2,2,9,8
14339,2017,0,2017-06-29,BV-5105,"ROCA DEL VALLES, LA",Valles Oriental,3,0,1,0,2,0,0,0,1,1,0,0,0,100.0,0.0,0,3,No n'hi ha,-1.0,3,3,1,0,0,0,0,0,0,0,0,0,0,0,4,-1,1,Altres,-1,1,2,4,3,2,1,9.06,0,5,3,29,6
14340,2017,0,2017-06-25,B-520,SANTA EUGENIA DE BER,Osona,3,0,1,0,1,0,0,0,0,1,0,0,0,100.0,0.0,0,2,No n'hi ha,-1.0,3,3,1,0,0,0,0,0,0,0,0,0,0,0,2,-1,1,Resta sortides de via,-1,1,2,4,3,2,0,13.56,0,1,6,25,6
14341,2017,0,2017-10-29,C-31,GAVA,Baix Llobregat,3,1,0,0,2,0,1,0,0,1,0,0,0,80.0,0.0,0,2,Habilitació voral/carril addicional,-1.0,3,3,0,0,0,0,0,0,0,0,0,0,0,0,4,-1,0,Encalç,-1,1,2,4,2,2,0,9.32,0,2,6,29,10
14342,2017,1,2017-03-13,SE,BARCELONA,Barcelones,3,0,1,1,2,0,0,0,1,1,0,0,0,100.0,0.0,0,-1,No n'hi ha,-1.0,3,3,1,0,0,0,0,0,0,0,0,0,0,1,4,3,1,Envestida (frontal lateral),2,2,2,5,-1,2,1,11.05,0,2,0,13,3
14343,2017,1,2017-04-21,SE,SANT PERE DE RIUDEBITLLES,Alt Penedes,3,0,1,0,1,0,0,1,0,0,0,0,0,40.0,0.0,0,2,No n'hi ha,-1.0,3,3,1,0,0,0,0,0,0,0,0,0,0,0,4,-1,1,Caiguda en la via,-1,2,2,5,-1,2,0,16.26,1,0,4,21,4