,Year,Area,Date,Road,Municipality Name,County Name,Province Name,Fatalties,Serious Injuries,Light Injuries,Units Involved,Pedestrains Involved,Bicycles Involved,Mopeds Involved,Motorcycles,Light Vehicles Involved,Heavy Vehicles Involved,Other Units Involved,Unspecified Units Involved,Road Speed Limit,Accident with Hit and Run,Fog Presence,Surrounding Environment,Special Lane Presence,Special Traffic Measures,Weather Conditions,Special Road Functions,Severity of Accident,Influence of Fog,Influence of Environment,Influence of Traffic,Influence of Weather,Influence of Wind Intensity,Influence of Lighting,Influence of Special Measures,Influence of Road Objects,Influence of Road Surface,Influence of Visibility,Intersection Characteristics,Lighting Conditions,Traffic Regulation and Priority,Direction of Road,Subtype of Accident,Subtype of Road Section,Subzone within Area,Road Surface Conditions,Type of Road,Road Ownership,Wind Conditions,Day of the Week Grouping,Hour of Day,Time of Day Grouping,Type of Accident,Day Type,Day,Month
14344,2017,1,2017-03-31,SE,HOSPITALET DE LLOBREGAT,Barcelones,3,0,1,0,2,1,0,0,0,1,0,0,0,20.0,0.0,0,-1,No n'hi ha,-1.0,3,3,1,-1,0,0,0,-1,0,0,0,0,0,0,4,-1,0,Atropellament,-1,2,2,5,-1,2,0,17.3,1,3,4,31,3
14345,2017,1,2017-07-20,SE,VILAFRANCA DEL PENEDES,Alt Penedes,3,0,1,0,2,0,0,0,1,0,0,1,0,20.0,0.0,0,-1,No n'hi ha,-1.0,3,3,1,-1,0,0,0,-1,0,0,0,0,-1,1,4,2,1,Sortida de via amb xoc o col·lisió,1,2,2,5,-1,2,1,7.46,0,1,3,20,7
14346,2017,0,2017-06-15,C-37,SANT PERE DE TORELLO,Osona,3,0,2,0,2,0,0,0,0,2,0,0,0,80.0,0.0,0,1,No n'hi ha,-1.0,3,3,1,0,0,0,0,0,0,0,0,0,0,0,4,-1,1,Col·lisió frontal,-1,1,2,4,2,2,1,6.52,0,2,3,15,6
14347,2017,1,2017-05-06,SE,LLORET DE MAR,Selva,1,0,1,0,2,1,0,0,0,1,0,0,0,100.0,0.0,0,-1,No n'hi ha,-1.0,3,3,1,0,0,0,0,0,0,0,0,0,0,0,4,-1,-1,Atropellament,-1,2,2,5,-1,2,0,3.15,2,3,5,6,5
14348,2017,1,2017-10-09,SE,BARCELONA,Barcelones,3,0,1,0,3,0,0,0,1,0,1,1,0,100.0,0.0,1,-1,Altres,-1.0,3,3,1,0,0,0,0,0,0,0,0,0,0,1,4,-1,1,Fregament o col·lisió lateral,2,2,2,5,-1,2,1,12.25,0,2,0,9,10
14349,2017,0,2017-07-09,BV-2131,ORPI,Anoia,3,0,1,0,1,0,1,0,0,0,0,0,0,90.0,0.0,0,-1,Sense Especificar,-1.0,3,3,1,0,0,0,0,0,0,0,0,0,0,0,4,-1,-1,Resta sortides de via,-1,1,2,4,4,2,0,14.28,1,1,6,9,7
14350,2017,0,2017-02-09,GI-531,SANT MARTI DE LLEMENA,Girones,1,0,1,0,2,0,1,0,0,1,0,0,0,100.0,0.0,0,1,No n'hi ha,-1.0,3,3,1,0,0,0,0,0,0,0,0,0,0,0,4,-1,1,Col·lisió frontal,-1,1,2,4,3,2,1,17.3,1,2,3,9,2
14351,2017,1,2017-05-22,SE,TERRASSA,Valles Occidental,3,0,1,0,2,0,0,0,1,1,0,0,0,100.0,0.0,0,-1,No n'hi ha,-1.0,3,3,1,0,0,0,0,0,0,0,0,0,0,0,4,-1,-1,Envestida (frontal lateral),-1,2,2,5,-1,2,1,19.15,1,2,0,22,5
14352,2017,1,2017-11-24,SE,BARCELONA,Barcelones,3,0,1,0,2,1,0,0,0,0,1,0,0,100.0,0.0,1,-1,Carril bus,-1.0,3,3,1,0,0,0,0,0,0,0,0,0,0,1,0,-1,1,Atropellament,2,2,2,5,-1,2,0,19.05,1,3,4,24,11
14353,2017,0,2017-07-08,C-14,OLIOLA,Noguera,2,1,3,3,2,0,0,0,0,2,0,0,0,100.0,0.0,0,2,No n'hi ha,-1.0,3,3,0,0,0,0,0,0,0,0,0,0,1,0,4,-1,1,Col·lisió frontal,-1,1,2,4,2,1,0,10.37,0,2,5,8,7
14354,2017,0,2017-08-24,C-26,VILADA,Bergueda,3,0,1,0,1,0,0,0,1,0,0,0,0,90.0,0.0,0,-1,Sense Especificar,-1.0,3,3,1,0,0,0,0,0,0,0,0,0,0,0,4,-1,-1,Resta sortides de via,-1,1,2,4,4,2,1,17.37,1,1,3,24,8
14355,2017,1,2017-07-19,SE,VILAFRANCA DEL PENEDES,Alt Penedes,3,0,1,0,2,1,0,0,0,1,0,0,0,20.0,0.0,0,-1,No n'hi ha,-1.0,1,3,1,0,0,0,1,0,0,0,0,0,0,1,2,2,0,Atropellament,1,2,1,5,-1,2,1,7.35,0,3,2,19,7
14356,2017,1,2017-08-08,SE,AMPOSTA,Montsia,0,0,1,0,2,1,0,0,0,1,0,0,0,100.0,0.0,0,2,No n'hi ha,-1.0,3,3,1,0,0,0,0,0,0,0,0,0,0,2,4,2,1,Atropellament,0,2,2,5,-1,1,1,12.58,0,3,1,8,8
14357,2017,0,2017-12-08,BV-5105,"ROCA DEL VALLES, LA",Valles Oriental,3,0,1,0,1,0,0,0,1,0,0,0,0,60.0,0.0,0,2,No n'hi ha,-1.0,3,3,1,0,0,0,0,0,0,0,0,0,0,2,3,4,1,Resta sortides de via,0,1,2,4,3,2,0,22.34,2,1,4,8,12
14358,2017,1,2017-08-10,C-253,CALONGE,Baix Emporda,1,0,1,0,3,2,0,0,0,1,0,0,0,100.0,0.0,0,2,Habilitació voral/carril addicional,-1.0,3,3,1,0,0,0,0,0,0,0,0,0,0,0,5,-1,1,Atropellament,-1,0,2,4,-1,2,1,23.15,2,3,3,10,8
14359,2017,0,2017-05-21,C-462,NAVES,Solsones,2,0,2,0,2,0,0,0,2,0,0,0,0,100.0,0.0,0,3,No n'hi ha,-1.0,3,3,1,0,0,0,0,0,0,0,0,0,0,0,4,-1,1,Col·lisió frontal,-1,1,2,4,4,2,0,13.51,0,2,6,21,5
14360,2017,1,2017-03-06,SE,BARCELONA,Barcelones,3,1,0,0,2,0,0,0,1,0,1,0,0,100.0,0.0,0,-1,No n'hi ha,-1.0,3,3,0,0,0,0,0,0,0,0,0,0,0,1,4,3,0,Fregament o col·lisió lateral,1,2,2,5,-1,2,1,8.4,0,2,0,6,3
14361,2017,1,2017-02-21,SE,BARCELONA,Barcelones,3,0,1,0,2,1,0,0,1,0,0,0,0,100.0,1.0,0,-1,No n'hi ha,-1.0,3,3,1,0,0,0,0,0,0,0,0,0,0,0,5,-1,1,Atropellament,-1,2,2,5,-1,2,1,20.45,1,3,1,21,2
14362,2017,0,2017-10-03,C-15,"POBLA DE CLARAMUNT,LA",Anoia,3,2,2,0,3,0,0,0,0,3,0,0,0,100.0,0.0,0,1,No n'hi ha,-1.0,3,3,0,0,0,0,0,0,0,0,0,0,0,0,4,-1,1,Col·lisió frontal,-1,1,2,4,2,2,1,13.44,0,2,1,3,10
14363,2017,1,2017-11-19,SE,SANT FRUITOS DE BAGES,Bages,3,0,1,2,2,0,0,0,1,1,0,0,0,20.0,0.0,0,2,No n'hi ha,-1.0,3,3,1,-1,0,0,0,-1,0,0,0,0,-1,1,4,4,1,Envestida (frontal lateral),2,2,2,5,-1,2,0,16.15,1,2,6,19,11
14364,2017,0,2017-03-20,C-32,CASTELLDEFELS,Baix Llobregat,3,0,1,0,1,0,0,0,1,0,0,0,0,100.0,0.0,0,2,No n'hi ha,-1.0,3,3,1,0,0,0,0,0,0,0,0,0,0,0,5,-1,0,Resta sortides de via,-1,1,2,4,2,2,1,5.54,2,1,0,20,3
14365,2017,1,2017-07-10,SE,PUIG-REIG,Bergueda,3,0,1,1,2,0,0,0,0,2,0,0,0,20.0,0.0,0,-1,Sense Especificar,-1.0,3,3,1,0,0,0,0,0,0,0,0,0,0,0,4,-1,-1,Col·lisió frontal,-1,2,2,5,-1,2,1,16.28,1,2,0,10,7
14366,2017,0,2017-02-24,BV-5001,MARTORELLES,Valles Oriental,3,0,1,0,3,0,0,0,1,1,1,0,0,40.0,0.0,0,1,No n'hi ha,-1.0,1,3,1,0,0,0,1,0,0,0,0,0,0,2,2,4,1,Envestida (frontal lateral),0,1,2,4,3,2,1,13.15,0,2,4,24,2
14367,2017,0,2017-04-19,C-59,PALAU DE PLEGAMANS,Valles Occidental,3,0,1,1,3,0,0,0,0,2,1,0,0,100.0,0.0,0,1,No n'hi ha,-1.0,3,3,1,0,0,0,0,0,0,0,0,0,0,0,4,-1,1,Fregament o col·lisió lateral,-1,1,2,4,2,2,1,15.07,1,2,2,19,4
14368,2017,0,2017-12-15,C-17,SEVA,Osona,3,0,1,0,1,0,0,0,0,1,0,0,0,80.0,0.0,0,3,No n'hi ha,-1.0,3,3,1,0,0,0,0,0,0,0,0,0,0,1,3,5,0,Resta sortides de via,3,1,2,4,2,2,0,19.23,1,1,4,15,12
14369,2017,0,2017-06-09,C-37,CASTELLFOLLIT DEL BO,Bages,3,1,2,0,2,0,0,0,0,2,0,0,0,100.0,0.0,0,1,No n'hi ha,-1.0,3,3,0,0,1,0,0,0,0,0,0,0,1,0,4,-1,1,Col·lisió frontal,-1,1,2,4,2,2,1,12.4,0,2,4,9,6
14370,2017,0,2017-03-18,N-152a,VIC,Osona,3,0,1,0,2,0,1,0,0,1,0,0,0,60.0,0.0,0,2,No n'hi ha,-1.0,3,3,1,0,0,0,0,0,0,0,0,0,0,0,4,-1,0,Encalç,-1,1,2,4,2,2,0,13.09,0,2,5,18,3
14371,2017,0,2017-07-29,C-12,FLIX,Ribera d'Ebre,0,0,2,2,3,0,0,0,0,2,1,0,0,100.0,0.0,0,1,No n'hi ha,-1.0,3,3,1,0,0,0,0,0,0,0,0,0,0,0,4,-1,1,Col·lisió frontal,-1,1,2,4,2,2,0,14.2,1,2,5,29,7
14372,2017,0,2017-04-27,CR,BELL-LLOC D'URGELL,Pla d'Urgell,2,0,1,0,1,0,0,0,0,1,0,0,0,40.0,0.0,0,1,No n'hi ha,-1.0,3,3,1,0,0,0,0,0,0,0,0,0,0,0,4,-1,1,Resta sortides de via,-1,1,2,3,0,2,1,17.16,1,1,3,27,4
14373,2017,1,2017-06-08,SE,BARCELONA,Barcelones,3,0,1,0,2,0,0,0,1,1,0,0,0,100.0,0.0,1,-1,No n'hi ha,-1.0,3,3,1,0,0,0,0,0,0,0,0,0,0,1,4,-1,1,Envestida (frontal lateral),2,2,2,5,-1,2,1,16.1,1,2,3,8,6
14374,2017,0,2017-10-01,T-11,TARRAGONA,Tarragones,0,0,1,1,1,0,0,0,0,1,0,0,0,90.0,0.0,0,-1,Sense Especificar,-1.0,3,3,1,0,0,0,0,0,0,0,0,0,0,1,4,4,-1,Resta sortides de via,0,1,2,4,4,2,0,3.04,2,1,6,1,10
14375,2017,1,2017-11-10,SE,BARCELONA,Barcelones,3,0,1,0,1,0,1,0,0,0,0,0,0,100.0,0.0,1,-1,Carril bici,-1.0,3,3,1,0,0,0,0,0,0,0,0,0,0,0,4,-1,0,Caiguda en la via,-1,2,1,5,-1,2,1,9.4,0,0,4,10,11
14376,2017,1,2017-11-17,SE,MASSOTERES,Segarra,2,0,1,0,1,0,0,0,0,0,1,0,0,20.0,0.0,0,-1,Sense Especificar,-1.0,3,3,1,0,0,0,0,0,0,0,0,0,0,0,4,-1,-1,Resta sortides de via,-1,2,2,5,-1,2,1,11.59,0,1,4,17,11
14377,2017,1,2017-12-09,SE,VILAFRANCA DEL PENEDES,Alt Penedes,3,0,2,0,3,2,0,0,0,1,0,0,0,100.0,0.0,0,2,No n'hi ha,-1.0,3,3,1,0,0,0,0,0,0,0,0,0,0,1,4,2,1,Atropellament,1,2,2,5,0,2,0,16.35,1,3,5,9,12
14378,2017,1,2017-10-14,SE,TARRAGONA,Tarragones,0,0,1,0,2,1,0,0,0,1,0,0,0,20.0,0.0,0,2,No n'hi ha,-1.0,3,3,1,-1,0,0,0,-1,0,0,0,0,1,0,4,-1,0,Atropellament,-1,2,2,5,-1,2,0,9.36,0,3,5,14,10
14379,2017,1,2017-09-20,SE,BADALONA,Barcelones,3,0,1,0,2,0,0,0,1,1,0,0,0,100.0,0.0,0,-1,No n'hi ha,-1.0,3,3,1,0,0,0,0,0,0,0,0,0,0,0,4,-1,-1,Envestida (frontal lateral),-1,2,2,5,-1,2,1,22.16,2,2,2,20,9
14380,2017,1,2017-02-03,SE,VILANOVA I LA GELTRU,Garraf,3,0,1,0,2,1,0,0,0,1,0,0,0,100.0,0.0,0,2,No n'hi ha,-1.0,3,3,1,0,0,0,0,0,0,0,0,0,1,1,5,2,0,Atropellament,2,2,2,5,-1,2,0,21.55,1,3,4,3,2
14381,2017,1,2017-03-28,SE,GUALBA,Valles Oriental,3,1,0,0,2,0,0,0,1,0,1,0,0,100.0,0.0,0,-1,No n'hi ha,-1.0,3,3,0,0,0,0,0,0,0,0,0,0,0,0,4,-1,-1,Resta sortides de via,-1,2,2,5,-1,2,1,19.03,1,1,1,28,3
14382,2017,1,2017-02-13,SE,VILAFRANCA DEL PENEDES,Alt Penedes,3,0,1,0,2,0,0,0,1,1,0,0,0,20.0,0.0,0,-1,No n'hi ha,-1.0,1,3,1,0,0,0,0,0,0,0,0,0,0,1,2,4,1,Envestida (frontal lateral),1,2,0,5,-1,2,1,6.0,0,2,0,13,2
14383,2017,0,2017-11-04,TV-3454,DELTEBRE,Baix Ebre,0,0,1,0,2,0,0,1,0,1,0,0,0,100.0,0.0,0,2,No n'hi ha,-1.0,2,3,1,0,0,0,0,0,0,0,0,0,0,2,0,4,1,Envestida (frontal lateral),2,1,2,4,2,2,0,18.49,1,2,5,4,11
14384,2017,0,2017-03-25,C-14,TARREGA,Urgell,2,1,0,0,3,0,0,0,0,3,0,0,0,100.0,0.0,0,2,No n'hi ha,-1.0,1,3,0,0,0,0,0,0,0,0,0,0,0,0,2,-1,1,Altres,-1,1,2,4,2,2,0,9.44,0,5,5,25,3
14385,2017,1,2017-02-02,SE,BARCELONA,Barcelones,3,0,1,0,2,0,0,0,1,1,0,0,0,100.0,0.0,0,-1,No n'hi ha,-1.0,3,3,1,0,0,0,0,0,0,0,0,0,0,1,4,3,0,Envestida (frontal lateral),2,2,2,5,-1,2,1,13.0,0,2,3,2,2
14386,2017,1,2017-08-21,BV-5033,SANT ANDREU DE LLAVANERES,Maresme,3,0,1,0,1,0,0,1,0,0,0,0,0,90.0,0.0,0,-1,No n'hi ha,-1.0,3,3,1,-1,0,0,0,-1,0,0,0,0,0,0,5,-1,1,Sortida de via amb xoc o col·lisió,-1,0,2,4,-1,2,1,2.0,2,1,0,21,8
14387,2017,1,2017-02-19,SE,BARCELONA,Barcelones,3,0,1,0,2,1,0,0,0,1,0,0,0,100.0,0.0,0,-1,Carril bus,-1.0,3,3,1,0,0,0,0,0,0,0,0,0,0,1,5,2,0,Atropellament,2,2,2,5,-1,2,0,0.2,2,3,6,19,2
14388,2017,1,2017-02-04,N-IIa,FIGUERES,Alt Emporda,1,0,1,0,1,0,0,0,1,0,0,0,0,90.0,0.0,0,-1,No n'hi ha,-1.0,3,3,1,0,-1,0,0,0,0,0,0,0,0,0,5,-1,-1,Sortida de via amb xoc o col·lisió,-1,0,2,4,-1,2,0,22.0,2,1,5,4,2
14389,2017,0,2017-07-18,C-65,QUART,Girones,1,0,1,3,3,0,0,0,0,3,0,0,0,100.0,0.0,0,2,No n'hi ha,-1.0,3,3,1,0,0,0,0,0,0,0,0,0,0,0,4,-1,1,Altres,-1,1,2,4,2,2,1,10.4,0,5,1,18,7
14390,2017,1,2017-08-14,SE,SANT ADRIA DE BESOS,Barcelones,3,0,1,0,2,0,0,0,2,0,0,0,0,100.0,0.0,0,2,No n'hi ha,-1.0,3,3,1,0,0,0,0,0,0,0,0,0,0,1,4,3,1,Caiguda en la via,0,2,2,5,-1,2,1,17.3,1,0,0,14,8
14391,2017,0,2017-02-03,N-II,"MASNOU, EL",Maresme,3,0,1,2,2,0,0,1,0,1,0,0,0,50.0,0.0,0,2,No n'hi ha,-1.0,3,3,1,0,0,0,0,0,0,0,0,0,0,0,4,-1,1,Encalç,-1,1,2,4,1,2,1,11.46,0,2,4,3,2
14392,2017,1,2017-07-11,SE,VILADECANS,Baix Llobregat,3,0,1,0,2,1,0,0,0,1,0,0,0,100.0,0.0,0,2,No n'hi ha,-1.0,3,3,1,0,0,0,0,0,0,0,0,0,0,2,4,2,1,Atropellament,0,2,2,5,-1,2,1,20.0,1,3,1,11,7
14393,2017,1,2017-06-16,SE,MANRESA,Bages,3,0,1,0,2,1,0,0,0,1,0,0,0,20.0,0.0,0,-1,No n'hi ha,-1.0,3,3,1,0,0,0,0,0,0,0,0,0,0,1,4,4,-1,Atropellament,0,2,2,5,-1,2,0,20.0,1,3,4,16,6
14394,2017,0,2017-06-28,N-340,"VENDRELL, EL",Baix Penedes,0,1,0,0,2,0,1,0,0,0,1,0,0,70.0,0.0,0,2,No n'hi ha,-1.0,3,3,0,0,0,0,0,0,0,0,0,0,0,0,4,-1,1,Encalç,-1,1,2,4,1,2,1,11.5,0,2,2,28,6
14395,2017,1,2017-01-04,SE,BADALONA,Barcelones,3,0,1,2,2,0,0,0,1,1,0,0,0,20.0,0.0,0,-1,No n'hi ha,-1.0,3,3,1,0,-1,0,0,0,0,0,0,0,0,1,5,3,-1,Encalç,1,2,2,5,-1,2,1,21.38,1,2,2,4,1
14396,2017,1,2017-03-14,SE,RIPOLLET,Valles Occidental,3,0,1,0,2,1,0,0,1,0,0,0,0,20.0,0.0,0,-1,No n'hi ha,-1.0,3,3,1,0,0,0,0,0,0,0,0,0,0,1,4,4,-1,Atropellament,1,2,2,5,-1,2,1,10.1,0,3,1,14,3
14397,2017,1,2017-10-06,SE,BARCELONA,Barcelones,3,0,1,2,2,0,0,0,2,0,0,0,0,100.0,0.0,1,-1,No n'hi ha,-1.0,3,3,1,0,0,0,0,0,0,0,0,0,0,1,4,-1,0,Envestida (frontal lateral),1,2,2,5,-1,2,1,14.2,1,2,4,6,10
14398,2017,1,2017-05-30,SE,BARCELONA,Barcelones,3,0,1,0,2,1,0,0,1,0,0,0,0,100.0,0.0,1,-1,No n'hi ha,-1.0,3,3,1,0,0,0,0,0,0,0,0,0,0,1,0,-1,0,Atropellament,2,2,2,5,-1,2,1,1.0,2,3,1,30,5
14399,2017,0,2017-07-29,A-2,GOLMES,Pla d'Urgell,2,0,1,0,1,0,0,0,1,0,0,0,0,100.0,0.0,0,2,No n'hi ha,-1.0,3,3,1,0,0,0,0,0,0,0,0,0,0,0,4,-1,0,Resta sortides de via,-1,1,2,4,1,2,0,10.21,0,1,5,29,7
14400,2017,0,2017-04-22,BV-5301,MONTSENY,Valles Oriental,3,0,1,0,2,0,0,0,2,0,0,0,0,100.0,0.0,0,3,No n'hi ha,-1.0,3,3,1,0,0,0,0,0,0,0,0,0,0,0,4,-1,1,Resta sortides de via,-1,1,2,4,3,2,0,13.34,0,1,5,22,4
14401,2017,0,2017-02-28,C-51,BRAFIM,Alt Camp,0,0,1,0,1,0,0,0,0,1,0,0,0,100.0,0.0,0,2,No n'hi ha,-1.0,3,3,1,0,0,0,0,0,0,0,0,0,0,0,3,-1,1,Resta sortides de via,-1,1,2,4,2,2,1,19.2,1,1,1,28,2
14402,2017,0,2017-06-30,C-14,ARTESA DE SEGRE,Noguera,2,0,2,0,1,0,0,0,0,1,0,0,0,100.0,0.0,0,2,No n'hi ha,-1.0,3,3,1,0,0,0,0,0,0,0,0,0,0,0,4,-1,1,Resta sortides de via,-1,1,2,4,2,2,0,20.07,1,1,4,30,6
14403,2017,0,2017-02-03,C-14,VILAVERD,Conca de Barbera,0,0,1,0,2,0,0,0,0,2,0,0,0,100.0,0.0,0,1,No n'hi ha,-1.0,3,3,1,0,0,0,0,0,0,0,0,0,0,0,4,-1,1,Envestida (frontal lateral),-1,1,2,4,2,2,1,14.28,1,2,4,3,2
14404,2017,1,2017-03-22,SE,MATARO,Maresme,3,0,1,0,1,0,0,0,1,0,0,0,0,20.0,0.0,0,-1,No n'hi ha,-1.0,3,3,1,0,0,0,0,0,0,0,0,0,0,1,4,4,-1,Caiguda en la via,2,2,2,5,-1,2,1,12.55,0,0,2,22,3
14405,2017,1,2017-11-28,SE,SABADELL,Valles Occidental,3,0,1,3,3,0,0,0,0,3,0,0,0,100.0,0.0,0,2,No n'hi ha,-1.0,3,3,1,0,0,0,0,0,0,0,0,0,0,2,5,3,1,Encalç,1,2,2,5,-1,2,1,19.16,1,2,1,28,11
14406,2017,1,2017-09-27,N-IIa,FIGUERES,Alt Emporda,1,0,1,0,2,1,0,0,0,1,0,0,0,100.0,0.0,0,2,No n'hi ha,-1.0,3,3,1,0,0,0,0,0,0,0,0,0,0,1,4,4,1,Atropellament,2,0,2,4,-1,2,1,9.3,0,3,2,27,9
14407,2017,0,2017-04-22,N-340,"POBLA DE MONTORNES, LA",Tarragones,0,0,1,0,2,0,0,0,0,1,1,0,0,100.0,0.0,0,1,No n'hi ha,-1.0,3,3,1,0,0,0,0,0,0,0,0,0,0,0,3,-1,1,Fregament o col·lisió lateral,-1,1,2,4,1,2,0,0.37,2,2,5,22,4
14408,2017,1,2017-06-27,SE,GRANOLLERS,Valles Oriental,3,0,1,0,2,0,0,0,1,1,0,0,0,30.0,0.0,0,2,No n'hi ha,-1.0,3,3,1,0,0,0,0,0,0,0,0,0,0,1,4,5,1,Envestida (frontal lateral),1,2,2,5,-1,2,1,13.15,0,2,1,27,6
14409,2017,0,2017-03-03,B-124,MURA,Bages,3,0,1,1,3,0,2,0,0,0,0,1,0,100.0,0.0,0,1,No n'hi ha,-1.0,3,3,1,0,0,0,0,0,0,0,0,0,0,0,2,-1,1,Fregament o col·lisió lateral,-1,1,2,4,3,2,0,17.15,1,2,4,3,3
14410,2017,1,2017-08-04,SE,TERRASSA,Valles Occidental,3,0,1,1,2,0,0,0,0,2,0,0,0,100.0,0.0,0,-1,No n'hi ha,-1.0,3,3,1,0,0,0,0,0,0,0,0,0,0,0,4,-1,-1,Altres,-1,2,2,5,-1,2,1,11.05,0,5,4,4,8
14411,2017,0,2017-07-29,L-511,COLL DE NARGO,Alt Urgell,2,0,1,3,2,0,0,0,1,1,0,0,0,100.0,0.0,0,2,No n'hi ha,-1.0,3,3,1,0,0,0,0,0,0,0,0,0,0,0,4,-1,1,Col·lisió frontal,-1,1,2,4,2,2,0,10.23,0,2,5,29,7
14412,2017,1,2017-01-04,SE,BARCELONA,Barcelones,3,0,1,1,2,0,1,0,1,0,0,0,0,100.0,0.0,0,-1,Carril bici,-1.0,3,3,1,0,0,0,0,0,0,0,0,0,0,1,4,3,0,Envestida (frontal lateral),2,2,2,5,-1,2,1,14.5,1,2,2,4,1
14413,2017,1,2017-04-26,SE,MANRESA,Bages,3,0,1,0,2,1,0,0,0,1,0,0,0,100.0,0.0,0,2,No n'hi ha,-1.0,1,3,1,0,0,0,0,0,0,0,0,0,0,2,2,-1,0,Atropellament,2,2,2,5,-1,2,1,13.4,0,3,2,26,4
14414,2017,0,2017-04-07,BV-5126,CALELLA,Maresme,3,0,1,0,2,0,1,0,0,1,0,0,0,90.0,0.0,0,-1,Sense Especificar,-1.0,3,3,1,0,0,0,0,0,0,0,0,0,0,0,4,-1,-1,Col·lisió frontal,-1,1,2,4,4,2,1,12.58,0,2,4,7,4
14415,2017,1,2017-01-12,BV-1221,TERRASSA,Valles Occidental,3,0,1,0,1,0,0,1,0,0,0,0,0,100.0,0.0,0,2,No n'hi ha,-1.0,3,3,1,0,0,0,0,0,0,0,0,0,0,0,5,-1,1,Xoc contra objecte/obstacle sense sortida prèvia de via,-1,0,2,4,0,2,1,23.0,2,4,3,12,1
14416,2017,1,2017-12-11,SE,BARCELONA,Barcelones,3,0,1,0,2,1,0,0,0,0,1,0,0,100.0,0.0,1,-1,No n'hi ha,-1.0,2,3,1,0,0,0,0,0,0,0,0,0,0,1,4,-1,1,Atropellament,2,2,0,5,-1,1,1,9.5,0,3,0,11,12
14417,2017,1,2017-07-24,SE,"PRAT DE LLOBREGAT, E",Baix Llobregat,3,0,1,1,2,0,0,1,0,1,0,0,0,30.0,0.0,0,-1,No n'hi ha,-1.0,3,3,1,0,-1,0,0,0,0,0,0,0,0,0,5,-1,-1,Fregament o col·lisió lateral,-1,2,2,5,-1,2,1,21.47,1,2,0,24,7
14418,2017,0,2017-07-27,C-31,"TALLADA D'EMPORDA, LA",Baix Emporda,1,0,1,5,2,0,0,0,0,1,1,0,0,70.0,0.0,0,2,No n'hi ha,-1.0,3,3,1,0,0,0,0,0,0,0,0,0,0,1,4,4,1,Fregament o col·lisió lateral,1,1,2,4,2,2,1,19.12,1,2,3,27,7
14419,2017,1,2017-05-21,SE,"PRAT DE LLOBREGAT, E",Baix Llobregat,3,0,1,0,1,0,0,0,0,1,0,0,0,40.0,0.0,0,-1,No n'hi ha,-1.0,3,3,1,0,-1,0,0,0,0,0,0,0,0,1,4,5,-1,Xoc contra objecte/obstacle sense sortida prèvia de via,0,2,2,5,-1,2,0,19.08,1,4,6,21,5
14420,2017,1,2017-08-10,SE,GIRONA,Girones,1,0,1,0,2,0,1,0,0,1,0,0,0,100.0,0.0,0,2,No n'hi ha,-1.0,3,3,1,0,1,0,0,0,0,0,0,0,0,2,4,4,1,Envestida (frontal lateral),1,2,2,5,-1,2,1,9.41,0,2,3,10,8
14421,2017,0,2017-08-21,CR,ALFARA DE CARLES,Baix Ebre,0,0,1,0,1,0,0,0,1,0,0,0,0,100.0,0.0,0,3,No n'hi ha,-1.0,3,3,1,0,0,0,0,0,0,0,0,0,0,0,4,-1,1,Resta sortides de via,-1,1,2,3,4,2,1,13.11,0,1,0,21,8
14422,2017,1,2017-02-03,C-66,CELRA,Girones,1,0,1,0,2,1,0,0,0,1,0,0,0,100.0,0.0,0,2,No n'hi ha,-1.0,3,3,1,0,0,0,0,0,0,0,0,0,0,0,4,-1,1,Atropellament,-1,0,2,4,3,2,0,16.53,1,3,4,3,2
14423,2017,1,2017-07-05,SE,SANTA PERPETUA DE MO,Valles Occidental,3,0,1,0,3,1,0,0,0,1,1,0,0,100.0,0.0,0,2,No n'hi ha,-1.0,3,3,1,0,0,0,0,0,0,0,0,0,0,0,4,-1,1,Atropellament,-1,2,2,5,-1,2,1,8.3,0,3,2,5,7
14424,2017,0,2017-06-04,N-260,"PONT DE SUERT, EL",Alta Ribagorca,2,0,1,2,1,0,0,0,0,1,0,0,0,100.0,0.0,0,1,No n'hi ha,-1.0,1,3,1,0,0,0,0,0,0,0,0,0,0,0,2,-1,1,Xoc contra objecte/obstacle sense sortida prèvia de via,-1,1,2,4,1,2,0,18.38,1,4,6,4,6
14425,2017,1,2017-10-04,SE,VILANOVA I LA GELTRU,Garraf,3,0,1,1,2,0,0,1,0,1,0,0,0,100.0,0.0,0,2,No n'hi ha,-1.0,3,3,1,0,0,0,0,0,0,0,0,0,0,0,4,-1,1,Fregament o col·lisió lateral,-1,2,2,5,-1,2,1,10.4,0,2,2,4,10
14426,2017,0,2017-02-19,C-55,NAVAS,Bages,3,0,1,0,1,0,0,0,0,1,0,0,0,80.0,0.0,0,3,No n'hi ha,-1.0,3,3,1,0,0,0,0,0,0,0,1,0,1,0,3,-1,1,Xoc contra objecte/obstacle sense sortida prèvia de via,-1,1,2,4,2,2,0,2.41,2,4,6,19,2
14427,2017,1,2017-01-18,SE,ESPLUGUES DE LLOBREGAT,Baix Llobregat,3,0,1,1,2,1,0,0,1,0,0,0,0,20.0,0.0,0,-1,No n'hi ha,-1.0,3,3,1,-1,0,0,0,-1,0,0,0,0,0,0,4,-1,0,Atropellament,-1,2,2,5,-1,2,1,11.1,0,3,2,18,1