,Year,Area,Date,Road,Municipality Name,County Name,Province Name,Fatalties,Serious Injuries,Light Injuries,Units Involved,Pedestrains Involved,Bicycles Involved,Mopeds Involved,Motorcycles,Light Vehicles Involved,Heavy Vehicles Involved,Other Units Involved,Unspecified Units Involved,Road Speed Limit,Accident with Hit and Run,Fog Presence,Surrounding Environment,Special Lane Presence,Special Traffic Measures,Weather Conditions,Special Road Functions,Severity of Accident,Influence of Fog,Influence of Environment,Influence of Traffic,Influence of Weather,Influence of Wind Intensity,Influence of Lighting,Influence of Special Measures,Influence of Road Objects,Influence of Road Surface,Influence of Visibility,Intersection Characteristics,Lighting Conditions,Traffic Regulation and Priority,Direction of Road,Subtype of Accident,Subtype of Road Section,Subzone within Area,Road Surface Conditions,Type of Road,Road Ownership,Wind Conditions,Day of the Week Grouping,Hour of Day,Time of Day Grouping,Type of Accident,Day Type,Day,Month
14428,2017,0,2017-12-20,N-260,SORT,Pallars Sobira,2,0,1,1,2,0,0,0,0,2,0,0,0,100.0,0.0,0,1,No n'hi ha,-1.0,3,3,1,0,0,0,0,0,0,0,0,0,0,0,4,-1,1,Envestida (frontal lateral),-1,1,2,4,1,2,1,14.44,1,2,2,20,12
14429,2017,0,2017-07-15,C-25,AGUILAR DE SEGARRA,Bages,3,1,1,2,2,0,0,0,0,1,1,0,0,100.0,0.0,0,1,No n'hi ha,-1.0,3,3,0,0,0,0,0,0,0,0,0,0,0,0,4,-1,0,Encalç,-1,1,2,4,2,2,0,14.41,1,2,5,15,7
14430,2017,1,2017-07-18,SE,CALONGE,Baix Emporda,1,1,0,1,1,0,0,0,0,1,0,0,0,50.0,0.0,0,1,No n'hi ha,-1.0,3,3,0,0,0,0,0,0,0,0,0,0,0,0,3,-1,1,Resta sortides de via,-1,2,2,5,0,2,1,1.12,2,1,1,18,7
14431,2017,0,2017-12-10,C-53,BELLCAIRE D'URGELL,Noguera,2,0,1,0,2,1,0,0,0,1,0,0,0,100.0,0.0,0,1,No n'hi ha,-1.0,1,3,1,0,0,0,0,0,0,0,0,0,0,0,3,-1,1,Atropellament,-1,1,2,4,2,2,0,18.54,1,3,6,10,12
14432,2017,0,2017-05-22,C-55,CASTELLGALI,Bages,3,0,1,0,1,0,1,0,0,0,0,0,0,90.0,0.0,0,-1,Sense Especificar,-1.0,3,3,1,0,0,0,0,0,0,0,0,0,0,0,4,-1,-1,Altres,-1,1,2,4,4,2,1,14.46,1,5,0,22,5
14433,2017,0,2017-02-09,N-340,SANT VICENC DELS HORTS,Baix Llobregat,3,1,0,1,2,0,0,0,1,1,0,0,0,60.0,0.0,0,2,No n'hi ha,-1.0,3,3,0,0,0,0,0,0,0,0,0,0,0,0,5,-1,1,Col·lisió frontal,-1,1,2,4,1,2,1,21.22,1,2,3,9,2
14434,2017,1,2017-12-13,SE,PALLEJA,Baix Llobregat,3,0,1,1,2,0,0,0,0,2,0,0,0,100.0,0.0,0,2,No n'hi ha,-1.0,3,3,1,0,0,0,0,0,0,0,0,0,0,1,4,3,1,Col·lisió frontal,1,2,2,5,-1,2,1,9.15,0,2,2,13,12
14435,2017,1,2017-08-15,SE,MONT-ROIG DEL CAMP,Baix Camp,0,1,0,0,2,0,0,0,0,2,0,0,0,100.0,0.0,0,2,Carril central,-1.0,3,3,0,0,0,0,0,0,0,0,0,0,0,1,4,3,1,Envestida (frontal lateral),0,2,3,5,-1,2,1,11.0,0,2,1,15,8
14436,2017,0,2017-06-11,B-224,SANT ESTEVE SESROVIRES,Baix Llobregat,3,1,0,0,2,0,0,0,1,1,0,0,0,100.0,0.0,0,2,No n'hi ha,-1.0,3,3,0,0,0,0,0,0,0,0,0,0,0,0,4,-1,1,Col·lisió frontal,-1,1,2,4,3,2,0,9.34,0,2,6,11,6
14437,2017,0,2017-02-08,C-31E,MATARO,Maresme,3,0,2,1,2,0,0,0,0,2,0,0,0,40.0,0.0,0,3,No n'hi ha,-1.0,3,3,1,0,0,0,0,0,0,0,0,0,0,0,4,-1,1,Altres,-1,1,2,4,2,2,1,10.3,0,5,2,8,2
14438,2017,1,2017-11-27,SE,TERRASSA,Valles Occidental,3,0,1,0,1,0,0,0,1,0,0,0,0,20.0,0.0,0,-1,Sense Especificar,-1.0,3,3,1,0,0,0,0,0,0,0,0,0,0,0,4,-1,-1,Caiguda en la via,-1,2,2,5,-1,2,1,5.41,2,0,0,27,11
14439,2017,1,2017-05-30,SE,REUS,Baix Camp,0,1,0,1,2,1,0,0,0,1,0,0,0,100.0,0.0,0,-1,No n'hi ha,-1.0,3,3,0,0,0,0,0,0,0,0,0,0,0,0,4,-1,-1,Atropellament,-1,2,2,5,-1,2,1,12.2,0,3,1,30,5
14440,2017,1,2017-09-11,N-II,ARENYS DE MAR,Maresme,3,0,1,0,2,1,0,0,1,0,0,0,0,100.0,0.0,0,2,No n'hi ha,-1.0,3,3,1,0,0,0,0,0,0,0,0,0,0,0,4,-1,1,Atropellament,-1,0,2,4,1,2,1,10.0,0,3,0,11,9
14441,2017,0,2017-07-16,B-20,BARCELONA,Barcelones,3,0,2,0,1,0,0,0,1,0,0,0,0,80.0,0.0,1,-1,No n'hi ha,-1.0,3,3,1,0,0,0,0,0,0,0,0,0,0,0,0,-1,1,Xoc contra objecte/obstacle sense sortida prèvia de via,-1,1,2,1,-1,2,0,18.39,1,4,6,16,7
14442,2017,0,2017-09-28,N-340,"ARBO?, L'",Baix Penedes,0,0,1,3,2,0,0,0,0,2,0,0,0,100.0,0.0,0,1,No n'hi ha,-1.0,3,3,1,0,0,0,0,0,0,0,0,0,0,0,4,-1,1,Col·lisió frontal,-1,1,2,4,1,2,1,18.19,1,2,3,28,9
14443,2017,1,2017-09-01,SE,BARCELONA,Barcelones,3,0,1,0,2,0,0,0,1,0,1,0,0,100.0,0.0,1,-1,No n'hi ha,-1.0,3,3,1,0,0,0,0,0,0,0,0,0,0,0,0,-1,1,Encalç,-1,2,2,5,-1,2,0,21.12,1,2,4,1,9
14444,2017,1,2017-02-18,SE,ARTESA DE LLEIDA,Segria,2,0,1,0,1,0,0,0,0,0,0,1,0,45.0,0.0,0,0,No n'hi ha,-1.0,3,3,1,0,0,0,0,0,0,0,0,0,0,0,4,-1,1,Resta sortides de via,-1,2,0,5,-1,2,0,13.5,0,1,5,18,2
14445,2017,0,2017-06-14,T-312,CAMBRILS,Baix Camp,0,0,2,0,1,0,0,0,0,1,0,0,0,90.0,0.0,0,-1,Sense Especificar,-1.0,3,3,1,0,0,0,0,0,0,0,0,0,0,0,4,-1,-1,Resta sortides de via,-1,1,2,4,4,2,1,12.38,0,1,2,14,6
14446,2017,1,2017-11-29,SE,SANT ADRIA DE BESOS,Barcelones,3,0,1,0,2,0,0,0,1,1,0,0,0,80.0,0.0,0,3,No n'hi ha,-1.0,3,3,1,0,0,0,0,0,0,0,0,0,0,0,1,-1,0,Resta sortides de via,-1,0,2,4,1,2,1,6.57,0,1,2,29,11
14447,2017,1,2017-04-17,SE,MATADEPERA,Valles Occidental,3,0,1,0,2,0,0,0,0,2,0,0,0,30.0,0.0,0,-1,No n'hi ha,-1.0,3,3,1,-1,0,0,0,-1,0,0,0,0,0,0,4,-1,1,Xoc contra objecte/obstacle sense sortida prèvia de via,-1,2,2,5,-1,2,1,15.0,1,4,0,17,4
14448,2017,1,2017-06-15,SE,BARCELONA,Barcelones,3,0,1,0,2,1,0,0,0,0,1,0,0,100.0,0.0,1,-1,Carril bus,-1.0,3,3,1,0,0,0,0,0,0,0,0,0,0,1,4,-1,0,Atropellament,2,2,2,5,-1,2,1,10.0,0,3,3,15,6
14449,2017,1,2017-10-15,SE,BARCELONA,Barcelones,3,0,1,0,2,0,0,0,1,1,0,0,0,100.0,0.0,1,-1,Carril bus,-1.0,3,3,1,0,0,0,0,0,0,0,0,0,0,1,4,-1,0,Envestida (frontal lateral),2,2,2,5,-1,2,0,7.3,0,2,6,15,10
14450,2017,0,2017-10-12,B-300,PINOS,Solsones,2,0,1,0,1,0,0,0,1,0,0,0,0,100.0,0.0,0,0,No n'hi ha,-1.0,3,3,1,0,0,0,0,0,0,0,0,0,0,0,4,-1,1,Resta sortides de via,-1,1,2,4,3,2,1,10.01,0,1,3,12,10
14451,2017,0,2017-09-20,A-2,SANTA COLOMA DE CERV,Baix Llobregat,3,0,1,0,3,0,0,0,1,1,1,0,0,80.0,0.0,0,0,No n'hi ha,-1.0,3,3,1,0,0,0,0,0,0,0,0,0,0,0,4,-1,0,Encalç,-1,1,2,4,1,2,1,18.06,1,2,2,20,9
14452,2017,1,2017-05-12,SE,ROSES,Alt Emporda,1,0,2,0,2,0,0,0,1,1,0,0,0,40.0,0.0,0,2,No n'hi ha,-1.0,3,3,1,0,0,0,0,0,0,0,0,0,0,0,4,-1,1,Envestida (frontal lateral),-1,2,2,5,-1,2,1,8.49,0,2,4,12,5
14453,2017,1,2017-02-21,SE,BARCELONA,Barcelones,3,0,1,0,2,0,0,0,1,1,0,0,0,100.0,0.0,0,-1,Carril bus,-1.0,3,3,1,0,0,0,0,0,0,0,0,0,0,1,4,3,1,Col·lisió frontal,1,2,2,5,-1,2,1,15.3,1,2,1,21,2
14454,2017,1,2017-08-29,SE,TERRASSA,Valles Occidental,3,0,1,1,2,1,0,0,0,1,0,0,0,100.0,0.0,0,-1,No n'hi ha,-1.0,3,3,1,0,0,0,0,0,0,0,0,0,0,0,4,-1,-1,Atropellament,-1,2,2,5,-1,2,1,17.07,1,3,1,29,8
14455,2017,1,2017-05-05,SE,MONT-ROIG DEL CAMP,Baix Camp,0,1,0,0,2,0,1,0,0,1,0,0,0,100.0,0.0,0,2,No n'hi ha,-1.0,3,3,0,0,0,0,0,0,0,0,0,0,0,1,4,4,1,Envestida (frontal lateral),2,2,2,5,-1,2,0,19.2,1,2,4,5,5
14456,2017,1,2017-11-10,SE,VILAFRANCA DEL PENEDES,Alt Penedes,3,0,1,0,2,1,0,0,0,1,0,0,0,20.0,0.0,0,-1,No n'hi ha,-1.0,3,3,1,-1,0,0,0,-1,0,0,0,0,-1,1,5,2,1,Atropellament,1,2,2,5,-1,2,0,18.06,1,3,4,10,11
14457,2017,1,2017-01-26,SE,ESPLUGUES DE LLOBREGAT,Baix Llobregat,3,0,1,0,2,1,0,0,1,0,0,0,0,30.0,0.0,0,2,No n'hi ha,-1.0,1,3,1,-1,0,0,0,-1,0,0,0,0,0,0,4,-1,0,Atropellament,-1,2,0,5,-1,2,1,7.52,0,3,3,26,1
14458,2017,0,2017-06-11,C-13,CASTELL DE MUR,Pallars Jussa,2,1,0,0,2,0,0,0,1,1,0,0,0,100.0,0.0,0,-1,No n'hi ha,-1.0,3,3,0,0,0,0,0,0,0,0,0,0,0,0,4,-1,-1,Altres,-1,1,2,4,-1,2,0,11.03,0,5,6,11,6
14459,2017,1,2017-02-05,SE,VIC,Osona,3,0,1,1,3,2,0,0,0,1,0,0,0,50.0,0.0,0,2,No n'hi ha,-1.0,3,3,1,0,0,0,0,0,0,0,0,0,0,0,5,-1,1,Atropellament,-1,2,2,5,0,2,0,18.55,1,3,6,5,2
14460,2017,1,2017-04-06,SE,TORREDEMBARRA,Tarragones,0,0,1,0,2,1,0,0,0,1,0,0,0,100.0,0.0,0,2,No n'hi ha,-1.0,3,3,1,0,0,0,0,0,0,0,0,0,0,1,4,-1,0,Atropellament,1,2,2,5,-1,2,1,12.4,0,3,3,6,4
14461,2017,0,2017-11-12,C-241C,JORBA,Anoia,3,0,1,0,1,0,0,0,1,0,0,0,0,90.0,0.0,0,-1,Sense Especificar,-1.0,3,3,1,0,0,0,0,0,0,0,0,0,0,0,4,-1,-1,Altres,-1,1,2,4,4,2,0,12.32,0,5,6,12,11
14462,2017,0,2017-03-24,N-152a,GRANOLLERS,Valles Oriental,3,0,1,0,3,0,0,0,0,1,2,0,0,60.0,0.0,0,1,No n'hi ha,-1.0,1,3,1,0,0,0,1,0,0,0,0,0,0,0,2,-1,1,Col·lisió frontal,-1,1,2,4,1,2,0,16.09,1,2,4,24,3
14463,2017,1,2017-07-09,SE,SANT CUGAT DEL VALLES,Valles Occidental,3,0,1,0,1,0,1,0,0,0,0,0,0,40.0,0.0,0,-1,No n'hi ha,-1.0,3,3,1,-1,-1,0,0,-1,0,0,0,0,0,1,4,4,-1,Xoc contra objecte/obstacle sense sortida prèvia de via,0,0,2,5,-1,2,0,11.13,0,4,6,9,7
14464,2017,0,2017-09-03,C-244,"POBLA DE CLARAMUNT,LA",Anoia,3,0,1,0,1,0,0,0,0,1,0,0,0,40.0,0.0,0,2,No n'hi ha,-1.0,3,3,1,0,0,0,0,0,0,0,0,0,0,0,5,-1,1,Resta sortides de via,-1,1,2,4,3,2,0,2.51,2,1,6,3,9
14465,2017,0,2017-06-26,C-66,TORRENT,Baix Emporda,1,0,1,3,2,0,0,0,0,1,1,0,0,80.0,0.0,0,1,No n'hi ha,-1.0,3,3,1,0,0,0,0,0,0,0,0,0,0,0,4,-1,1,Fregament o col·lisió lateral,-1,1,2,4,3,2,1,11.2,0,2,0,26,6
14466,2017,1,2017-07-25,SE,SABADELL,Valles Occidental,3,0,1,0,2,0,0,1,0,1,0,0,0,100.0,0.0,0,-1,No n'hi ha,-1.0,3,3,1,0,0,0,0,0,0,0,0,0,0,0,4,-1,-1,Envestida (frontal lateral),-1,2,2,5,-1,2,1,12.3,0,2,1,25,7
14467,2017,1,2017-04-03,SE,SANT CUGAT DEL VALLES,Valles Occidental,3,0,1,0,2,1,0,0,1,0,0,0,0,100.0,0.0,0,2,No n'hi ha,-1.0,3,3,1,0,0,0,0,0,0,0,0,0,0,0,5,-1,0,Atropellament,-1,2,2,5,-1,2,1,21.5,1,3,0,3,4
14468,2017,1,2017-07-08,SE,TARRAGONA,Tarragones,0,0,1,0,2,0,0,0,1,1,0,0,0,100.0,0.0,0,2,No n'hi ha,-1.0,3,3,1,0,0,0,0,0,0,0,0,0,0,1,4,4,1,Fregament o col·lisió lateral,2,2,2,5,-1,2,0,14.4,1,2,5,8,7
14469,2017,1,2017-01-20,SE,BANYERES DEL PENEDES,Baix Penedes,0,0,1,1,1,0,0,0,0,1,0,0,0,40.0,0.0,0,2,No n'hi ha,-1.0,1,3,1,0,0,0,0,0,0,0,0,0,0,2,2,4,1,Resta sortides de via,0,2,2,5,0,2,1,8.07,0,1,4,20,1
14470,2017,1,2017-03-24,SE,MATARO,Maresme,3,0,1,0,2,1,0,0,0,1,0,0,0,20.0,1.0,0,-1,No n'hi ha,-1.0,1,3,1,-1,0,0,1,-1,0,0,0,0,0,0,5,-1,1,Atropellament,-1,2,0,5,-1,2,0,21.1,1,3,4,24,3
14471,2017,0,2017-04-04,C-233,VILANOVA DE BELLPUIG,Pla d'Urgell,2,1,0,0,2,0,1,0,0,1,0,0,0,100.0,0.0,0,2,No n'hi ha,-1.0,3,3,0,0,0,0,0,0,0,0,0,0,0,2,4,5,1,Envestida (frontal lateral),1,1,2,4,2,2,1,11.04,0,2,1,4,4
14472,2017,1,2017-07-03,SE,GRANOLLERS,Valles Oriental,3,0,1,0,3,1,0,0,1,1,0,0,0,100.0,0.0,0,2,No n'hi ha,-1.0,3,3,1,0,0,0,0,0,0,0,0,0,0,0,4,-1,1,Atropellament,-1,2,2,5,-1,2,1,17.54,1,3,0,3,7
14473,2017,1,2017-08-01,SE,SABADELL,Valles Occidental,3,0,1,0,2,0,0,0,1,1,0,0,0,100.0,0.0,0,2,No n'hi ha,-1.0,3,3,1,0,0,0,0,0,0,0,0,0,0,1,4,4,0,Fregament o col·lisió lateral,2,2,2,5,-1,2,1,8.5,0,2,1,1,8
14474,2017,0,2017-09-09,N-230,TORREFARRERA,Segria,2,0,1,0,2,0,1,0,0,1,0,0,0,70.0,0.0,0,2,No n'hi ha,-1.0,3,3,1,0,0,0,0,0,1,0,0,0,0,0,1,-1,1,Envestida (frontal lateral),-1,1,2,4,1,2,0,7.11,0,2,5,9,9
14475,2017,0,2017-09-27,N-340,"ARBO?, L'",Baix Penedes,0,0,2,0,2,1,0,0,1,0,0,0,0,100.0,0.0,0,2,No n'hi ha,-1.0,3,3,1,0,0,0,0,0,0,0,0,0,0,0,3,-1,1,Atropellament,-1,1,2,4,1,2,1,5.35,2,3,2,27,9
14476,2017,1,2017-11-13,SE,REUS,Baix Camp,0,0,1,0,2,1,0,0,0,1,0,0,0,100.0,0.0,0,-1,No n'hi ha,-1.0,3,3,1,0,0,0,0,0,0,0,0,0,0,0,4,-1,-1,Atropellament,-1,2,2,5,-1,2,1,9.15,0,3,0,13,11
14477,2017,0,2017-11-20,C-16,SALLENT,Bages,3,0,2,0,2,0,0,0,0,2,0,0,0,100.0,0.0,0,1,No n'hi ha,-1.0,3,3,1,0,0,0,0,0,0,0,0,0,0,0,4,-1,1,Resta sortides de via,-1,1,2,4,2,2,1,15.57,1,1,0,20,11
14478,2017,1,2017-06-07,SE,BADALONA,Barcelones,3,0,1,1,2,0,0,0,0,2,0,0,0,20.0,0.0,0,2,No n'hi ha,-1.0,3,3,1,-1,0,0,0,-1,0,0,0,0,-1,1,4,4,-1,Envestida (frontal lateral),2,2,2,5,-1,2,1,15.3,1,2,2,7,6
14479,2017,0,2017-03-11,GI-552,RIELLS I VIABREA,Selva,1,0,1,1,2,0,0,0,0,2,0,0,0,100.0,0.0,0,1,No n'hi ha,-1.0,3,3,1,0,0,0,0,0,0,0,0,0,0,0,4,-1,1,Altres,-1,1,2,4,2,2,0,10.36,0,5,5,11,3
14480,2017,1,2017-03-24,SE,SABADELL,Valles Occidental,3,0,1,0,2,1,0,0,0,1,0,0,0,100.0,0.0,0,-1,No n'hi ha,-1.0,3,3,1,0,0,0,0,0,0,0,0,0,0,0,4,-1,-1,Altres,-1,2,2,5,-1,2,0,20.1,1,5,4,24,3
14481,2017,0,2017-08-21,A-2,LLEIDA,Segria,2,1,3,7,11,0,0,0,0,9,2,0,0,100.0,0.0,0,2,No n'hi ha,3.0,3,3,0,0,0,0,0,0,0,1,0,0,0,0,4,-1,0,Encalç,-1,1,2,4,1,2,1,17.58,1,2,0,21,8
14482,2017,1,2017-10-25,SE,OLOT,Garrotxa,1,1,0,0,2,0,0,0,1,1,0,0,0,50.0,0.0,0,2,No n'hi ha,-1.0,3,3,0,0,0,0,0,0,0,0,0,0,0,1,4,5,1,Envestida (frontal lateral),2,2,2,5,-1,2,1,15.15,1,2,2,25,10
14483,2017,0,2017-09-30,L-232,"OMELLS DE NA GAIA, ELS",Urgell,2,0,1,0,1,0,0,0,0,1,0,0,0,90.0,0.0,0,-1,Sense Especificar,-1.0,3,3,1,0,0,0,0,0,0,0,0,0,0,0,4,-1,-1,Resta sortides de via,-1,1,2,4,4,2,0,23.48,2,1,5,30,9
14484,2017,1,2017-06-10,SE,JUNEDA,Garrigues,2,0,1,0,1,0,0,0,0,1,0,0,0,20.0,0.0,0,-1,Sense Especificar,-1.0,3,3,1,0,0,0,0,0,0,0,0,0,0,2,4,5,-1,Resta sortides de via,1,2,2,5,-1,2,0,5.32,2,1,5,10,6
14485,2017,1,2017-11-30,BP-4653,PRATS DE LLUCANES,Osona,3,0,1,0,2,1,0,0,0,1,0,0,0,100.0,0.0,0,2,No n'hi ha,-1.0,3,3,1,0,0,0,0,0,0,0,0,0,0,0,4,-1,1,Atropellament,-1,0,2,4,0,2,1,9.48,0,3,3,30,11
14486,2017,1,2017-07-10,SE,BLANES,Selva,1,0,1,0,2,0,0,1,0,1,0,0,0,20.0,0.0,0,2,No n'hi ha,-1.0,3,3,1,-1,0,0,0,-1,0,0,0,0,-1,0,4,-1,0,Encalç,-1,2,2,5,-1,2,1,19.18,1,2,0,10,7
14487,2017,0,2017-07-06,N-260,MAIA DE MONTCAL,Garrotxa,1,0,2,3,2,0,0,0,0,1,1,0,0,100.0,0.0,0,1,No n'hi ha,-1.0,3,3,1,0,0,0,0,0,0,0,0,0,0,1,4,4,1,Encalç,2,1,2,4,1,2,1,10.08,0,2,3,6,7
14488,2017,0,2017-07-31,AP-7,SANT CELONI,Valles Oriental,3,3,0,0,2,0,0,0,0,1,1,0,0,100.0,0.0,0,-1,No n'hi ha,-1.0,3,3,0,0,0,0,0,0,0,0,0,0,0,0,4,-1,-1,Encalç,-1,1,2,4,-1,2,1,1.57,2,2,0,31,7
14489,2017,1,2017-07-13,C-37z,MANRESA,Bages,3,0,1,0,2,0,0,0,1,1,0,0,0,90.0,1.0,0,2,No n'hi ha,-1.0,3,3,1,-1,0,0,0,-1,0,0,0,0,-1,1,4,3,1,Fregament o col·lisió lateral,2,0,2,4,-1,2,1,20.43,1,2,3,13,7
14490,2017,1,2017-02-27,SE,SALT,Girones,1,0,1,0,3,0,2,0,0,1,0,0,0,20.0,0.0,0,-1,No n'hi ha,-1.0,3,3,1,-1,-1,0,0,-1,0,0,0,0,0,1,4,4,-1,Envestida (frontal lateral),1,2,2,5,-1,2,1,16.08,1,2,0,27,2
14491,2017,1,2017-06-09,SE,BARCELONA,Barcelones,3,0,1,1,1,0,0,0,1,0,0,0,0,100.0,0.0,1,-1,Altres,-1.0,3,3,1,0,0,0,0,0,0,0,0,0,0,0,1,-1,0,Xoc contra objecte/obstacle sense sortida prèvia de via,-1,2,2,5,-1,2,0,20.34,1,4,4,9,6
14492,2017,0,2017-06-11,N-II,VILASSAR DE MAR,Maresme,3,0,1,1,2,0,0,0,0,2,0,0,0,100.0,0.0,0,2,No n'hi ha,-1.0,3,3,1,0,0,0,0,0,0,0,0,0,0,1,4,3,1,Col·lisió frontal,1,1,2,4,2,2,0,18.51,1,2,6,11,6
14493,2017,0,2017-11-12,N-340a,VILAFRANCA DEL PENEDES,Alt Penedes,3,0,1,0,2,0,1,0,0,1,0,0,0,40.0,0.0,0,2,No n'hi ha,-1.0,3,3,1,0,0,0,0,0,0,0,0,0,0,2,5,4,1,Envestida (frontal lateral),0,1,2,4,1,2,0,22.18,2,2,6,12,11
14494,2017,1,2017-01-23,SE,GIRONA,Girones,1,0,1,0,2,1,0,0,0,1,0,0,0,30.0,0.0,0,2,No n'hi ha,-1.0,3,3,1,0,0,0,0,0,0,0,0,0,0,2,5,3,1,Atropellament,1,2,2,5,-1,2,1,18.26,1,3,0,23,1
14495,2017,0,2017-10-29,BP-2121,"LLACUNA, LA",Anoia,3,0,1,0,2,0,1,0,1,0,0,0,0,100.0,0.0,0,1,No n'hi ha,-1.0,3,3,1,0,0,0,0,0,0,0,0,0,0,0,4,-1,1,Fregament o col·lisió lateral,-1,1,2,4,3,2,0,10.38,0,2,6,29,10
14496,2017,1,2017-03-10,SE,HOSPITALET DE LLOBREGAT,Barcelones,3,0,1,0,2,1,0,0,0,1,0,0,0,20.0,0.0,0,2,No n'hi ha,-1.0,3,3,1,-1,0,0,0,-1,0,0,0,0,0,0,4,-1,0,Atropellament,-1,2,2,5,-1,2,0,15.5,1,3,4,10,3
14497,2017,0,2017-04-30,N-230b,PA?LS,Baix Ebre,0,0,1,0,1,0,0,0,1,0,0,0,0,100.0,0.0,0,1,No n'hi ha,-1.0,3,3,1,0,0,0,0,0,0,0,0,0,0,0,4,-1,1,Resta sortides de via,-1,1,2,4,2,2,0,18.55,1,1,6,30,4
14498,2017,0,2017-03-16,C-63,SANTA COLOMA DE FARNERS,Selva,1,0,1,0,2,1,1,0,0,0,0,0,0,100.0,0.0,0,2,No n'hi ha,-1.0,3,3,1,0,0,0,0,0,0,0,0,0,0,0,3,-1,1,Atropellament,-1,1,2,4,2,2,1,20.14,1,3,3,16,3
14499,2017,0,2017-08-06,N-260,PLANOLES,Ripolles,1,0,1,0,2,0,0,0,1,1,0,0,0,60.0,0.0,0,1,No n'hi ha,-1.0,1,3,1,0,0,0,0,0,0,0,0,0,0,0,4,-1,1,Envestida (frontal lateral),-1,1,2,4,1,2,0,11.1,0,2,6,6,8
14500,2017,0,2017-05-06,C-60,ARGENTONA,Maresme,3,0,1,3,3,0,0,0,0,3,0,0,0,100.0,0.0,0,1,No n'hi ha,-1.0,3,3,1,0,0,0,0,0,0,0,0,0,0,0,3,-1,1,Altres,-1,1,2,4,2,2,0,5.24,2,5,5,6,5
14501,2017,0,2017-06-08,A-2,VECIANA,Anoia,3,0,1,1,3,0,0,0,0,0,3,0,0,100.0,0.0,0,1,No n'hi ha,-1.0,3,3,1,0,1,0,0,0,0,0,0,0,0,0,4,-1,0,Encalç,-1,1,2,4,1,2,1,10.29,0,2,3,8,6
14502,2017,0,2017-12-01,N-340,ALTAFULLA,Tarragones,0,1,0,1,3,0,0,0,0,2,1,0,0,90.0,0.0,0,-1,No n'hi ha,-1.0,3,3,0,-1,-1,0,0,-1,0,0,0,0,0,0,5,-1,-1,Col·lisió frontal,-1,1,2,4,-1,2,0,23.4,2,2,4,1,12
14503,2017,1,2017-07-16,SE,BARCELONA,Barcelones,3,0,1,0,2,1,0,0,0,1,0,0,0,100.0,0.0,1,-1,Carril bici,-1.0,3,3,1,0,0,0,0,0,0,0,0,0,0,0,0,-1,1,Atropellament,-1,2,2,5,-1,2,0,5.03,2,3,6,16,7
14504,2017,1,2017-11-17,SE,BARCELONA,Barcelones,3,0,1,1,3,0,0,0,2,1,0,0,0,50.0,0.0,1,-1,No n'hi ha,-1.0,3,3,1,0,0,0,0,0,0,0,0,0,0,0,4,-1,0,Encalç,-1,2,2,5,-1,2,1,14.5,1,2,4,17,11
14505,2017,1,2017-04-03,SE,BARCELONA,Barcelones,3,1,0,0,2,0,0,0,1,1,0,0,0,100.0,0.0,1,-1,No n'hi ha,-1.0,3,3,0,0,0,0,0,0,0,0,0,0,0,1,4,-1,1,Envestida (frontal lateral),2,2,2,5,-1,2,1,8.1,0,2,0,3,4
14506,2017,0,2017-10-09,N-II,PREMIA DE MAR,Maresme,3,0,1,1,2,0,0,0,1,1,0,0,0,100.0,0.0,0,2,No n'hi ha,-1.0,3,3,1,0,0,0,0,0,0,0,0,0,0,0,3,-1,1,Encalç,-1,1,2,4,1,2,1,20.47,1,2,0,9,10
14507,2017,0,2017-11-11,TV-3421,ROQUETES,Baix Ebre,0,1,0,0,2,0,1,0,0,0,1,0,0,100.0,0.0,0,2,No n'hi ha,-1.0,3,3,0,0,1,0,0,0,0,0,0,0,0,0,4,-1,1,Envestida (frontal lateral),-1,1,2,4,3,2,0,13.43,0,2,5,11,11
14508,2017,1,2017-06-11,SE,MOLLET DEL VALLES,Valles Oriental,3,0,1,0,1,0,0,0,1,0,0,0,0,100.0,0.0,0,2,No n'hi ha,-1.0,3,3,1,0,0,0,0,0,0,0,0,0,0,1,4,4,1,Xoc contra objecte/obstacle sense sortida prèvia de via,0,2,2,5,-1,2,0,13.5,0,4,6,11,6
14509,2017,1,2017-03-11,SE,CALLDETENES,Osona,3,0,1,0,2,0,0,1,1,0,0,0,0,20.0,0.0,0,-1,Sense Especificar,-1.0,3,3,1,0,0,0,0,0,0,0,0,0,0,0,4,-1,-1,Resta sortides de via,-1,2,2,5,-1,2,0,0.34,2,1,5,11,3
14510,2017,0,2017-12-06,N-1411,BELLVER DE CERDANYA,Cerdanya,2,0,1,1,2,0,0,0,0,2,0,0,0,100.0,0.0,0,0,Carril lent,-1.0,3,3,1,0,0,0,0,0,0,0,0,0,0,0,4,-1,1,Encalç,-1,1,2,4,1,2,1,9.4,0,2,2,6,12
14511,2017,0,2017-03-19,C-1415B,CALDES DE MONTBUI,Valles Oriental,3,0,1,0,1,0,0,0,0,1,0,0,0,50.0,0.0,0,2,No n'hi ha,-1.0,3,3,1,0,0,0,0,0,0,0,0,0,0,1,3,4,1,Resta sortides de via,3,1,2,4,2,2,0,5.34,2,1,6,19,3