,Year,Area,Date,Road,Municipality Name,County Name,Province Name,Fatalties,Serious Injuries,Light Injuries,Units Involved,Pedestrains Involved,Bicycles Involved,Mopeds Involved,Motorcycles,Light Vehicles Involved,Heavy Vehicles Involved,Other Units Involved,Unspecified Units Involved,Road Speed Limit,Accident with Hit and Run,Fog Presence,Surrounding Environment,Special Lane Presence,Special Traffic Measures,Weather Conditions,Special Road Functions,Severity of Accident,Influence of Fog,Influence of Environment,Influence of Traffic,Influence of Weather,Influence of Wind Intensity,Influence of Lighting,Influence of Special Measures,Influence of Road Objects,Influence of Road Surface,Influence of Visibility,Intersection Characteristics,Lighting Conditions,Traffic Regulation and Priority,Direction of Road,Subtype of Accident,Subtype of Road Section,Subzone within Area,Road Surface Conditions,Type of Road,Road Ownership,Wind Conditions,Day of the Week Grouping,Hour of Day,Time of Day Grouping,Type of Accident,Day Type,Day,Month
14596,2017,1,2017-08-31,SE,LLEIDA,Segria,2,0,1,0,2,0,0,0,1,1,0,0,0,20.0,0.0,0,2,No n'hi ha,-1.0,3,3,1,-1,0,0,0,-1,0,0,0,0,-1,1,4,4,1,Envestida (frontal lateral),2,2,2,5,-1,2,1,19.15,1,2,3,31,8
14597,2017,1,2017-10-05,SE,VILADECANS,Baix Llobregat,3,0,1,0,2,0,0,0,1,1,0,0,0,40.0,0.0,0,2,No n'hi ha,-1.0,3,3,1,-1,0,0,0,-1,0,0,0,0,0,1,4,4,1,Envestida (frontal lateral),0,2,2,5,-1,2,1,14.35,1,2,3,5,10
14598,2017,1,2017-09-14,SE,BARCELONA,Barcelones,3,0,1,0,2,1,0,0,0,1,0,0,0,100.0,0.0,1,-1,No n'hi ha,-1.0,3,3,1,0,0,0,0,0,0,0,0,0,0,0,4,-1,0,Atropellament,-1,2,2,5,-1,2,1,15.0,1,3,3,14,9
14599,2017,0,2017-12-21,GI-662,CASTELL-PLATJA D'ARO,Baix Emporda,1,0,1,0,2,0,0,0,1,1,0,0,0,90.0,0.0,0,-1,Sense Especificar,-1.0,3,3,1,0,0,0,0,0,0,0,0,0,0,2,4,5,-1,Fregament o col·lisió lateral,0,1,2,4,4,2,1,16.25,1,2,3,21,12
14600,2017,1,2017-11-09,SE,GIRONA,Girones,1,0,1,0,2,0,1,0,0,1,0,0,0,40.0,0.0,0,2,No n'hi ha,-1.0,3,3,1,0,0,0,0,0,0,0,0,0,0,0,4,-1,1,Envestida (frontal lateral),-1,2,2,5,-1,2,1,8.49,0,2,3,9,11
14601,2017,1,2017-08-14,SE,NAVARCLES,Bages,3,0,1,0,2,1,0,0,0,1,0,0,0,30.0,0.0,0,2,No n'hi ha,-1.0,3,3,1,0,0,0,0,0,0,0,0,0,0,0,4,-1,1,Atropellament,-1,2,2,5,0,2,1,11.55,0,3,0,14,8
14602,2017,1,2017-11-24,N-260,OLOT,Garrotxa,1,1,1,1,3,2,0,0,0,1,0,0,0,100.0,0.0,0,2,No n'hi ha,-1.0,3,3,0,0,0,0,0,0,0,0,0,0,0,2,5,3,0,Atropellament,1,0,2,4,1,2,0,18.27,1,3,4,24,11
14603,2017,0,2017-03-01,C-62,ORISTA,Osona,3,0,1,0,3,0,0,0,0,2,0,1,0,90.0,0.0,0,-1,Sense Especificar,-1.0,3,3,1,0,0,0,0,0,0,0,0,0,0,0,4,-1,-1,Encalç,-1,1,2,4,4,2,1,8.13,0,2,2,1,3
14604,2017,1,2017-08-12,SE,BARCELONA,Barcelones,3,0,1,0,2,0,0,0,1,1,0,0,0,100.0,0.0,1,-1,No n'hi ha,-1.0,3,3,1,0,0,0,0,0,0,0,0,0,0,0,4,-1,1,Encalç,-1,2,2,5,-1,2,0,15.0,1,2,5,12,8
14605,2017,1,2017-07-10,SE,BARCELONA,Barcelones,3,0,1,0,2,0,0,0,1,1,0,0,0,100.0,0.0,1,-1,Carril bus,-1.0,3,3,1,0,0,0,0,0,0,0,0,0,0,1,4,-1,0,Encalç,2,2,2,5,-1,2,1,19.45,1,2,0,10,7
14606,2017,1,2017-02-23,SE,TERRASSA,Valles Occidental,3,0,1,0,3,0,0,0,1,2,0,0,0,20.0,0.0,0,-1,Sense Especificar,-1.0,3,3,1,0,0,0,0,0,0,0,0,0,0,0,4,-1,-1,Encalç,-1,2,2,5,-1,2,1,13.11,0,2,3,23,2
14607,2017,1,2017-03-23,SE,HOSPITALET DE LLOBREGAT,Barcelones,3,0,1,1,2,0,0,0,1,1,0,0,0,20.0,0.0,0,2,No n'hi ha,-1.0,3,3,1,-1,0,0,0,-1,0,0,0,0,-1,1,1,2,-1,Col·lisió frontal,3,2,2,5,-1,2,1,20.2,1,2,3,23,3
14608,2017,0,2017-04-24,TV-3022,RASQUERA,Ribera d'Ebre,0,1,0,0,2,0,0,0,0,1,1,0,0,100.0,0.0,0,2,No n'hi ha,-1.0,3,3,0,0,0,0,0,0,0,0,0,0,0,0,4,-1,1,Col·lisió frontal,-1,1,2,4,2,2,1,17.43,1,2,0,24,4
14609,2017,0,2017-12-24,C-14,PERAMOLA,Alt Urgell,2,0,1,1,1,0,0,0,0,1,0,0,0,100.0,0.0,0,1,No n'hi ha,-1.0,3,3,1,0,0,0,0,0,0,0,0,0,0,0,5,-1,1,Xoc contra objecte/obstacle sense sortida prèvia de via,-1,1,2,4,2,2,0,0.5,2,4,6,24,12
14610,2017,1,2017-04-18,SE,MATARO,Maresme,3,0,1,0,2,0,1,0,0,1,0,0,0,20.0,0.0,0,-1,No n'hi ha,-1.0,3,3,1,0,0,0,0,0,0,0,0,0,0,1,4,5,-1,Envestida (frontal lateral),1,2,2,5,-1,2,1,16.15,1,2,1,18,4
14611,2017,0,2017-06-07,C-55,MANRESA,Bages,3,0,1,0,3,0,0,0,1,2,0,0,0,80.0,1.0,0,2,No n'hi ha,-1.0,3,3,1,0,0,0,0,0,0,0,0,0,1,0,4,-1,1,Encalç,-1,1,2,4,2,2,1,16.51,1,2,2,7,6
14612,2017,0,2017-03-21,C-16,CERCS,Bergueda,3,0,1,0,1,0,0,0,0,0,1,0,0,100.0,0.0,0,3,No n'hi ha,-1.0,3,3,1,0,0,0,0,0,0,0,0,0,0,0,4,-1,1,Resta sortides de via,-1,1,2,4,2,2,1,18.05,1,1,1,21,3
14613,2017,0,2017-04-12,N-152,"AMETLLA DEL VALLES,",Valles Oriental,3,0,1,0,2,0,0,0,1,1,0,0,0,50.0,0.0,0,2,No n'hi ha,-1.0,3,3,1,0,0,0,0,0,0,0,0,0,0,0,4,-1,1,Encalç,-1,1,2,4,2,2,1,17.57,1,2,2,12,4
14614,2017,1,2017-10-13,GI-682,LLORET DE MAR,Selva,1,1,0,0,1,0,0,0,1,0,0,0,0,40.0,0.0,0,2,Carril bus,-1.0,3,3,0,0,0,0,0,0,0,0,0,0,0,2,5,2,1,Resta sortides de via,1,0,2,4,-1,2,1,3.16,2,1,4,13,10
14615,2017,0,2017-10-01,C-58,RIPOLLET,Valles Occidental,3,1,0,0,2,0,0,0,1,1,0,0,0,100.0,0.0,0,2,No n'hi ha,-1.0,1,3,0,0,0,0,1,0,0,0,0,0,0,2,0,5,0,Encalç,3,1,2,4,2,2,0,7.0,0,2,6,1,10
14616,2017,0,2017-07-14,TV-7211,CONSTANTI,Tarragones,0,0,1,0,2,0,0,0,0,1,1,0,0,100.0,0.0,0,2,No n'hi ha,-1.0,3,3,1,0,0,0,0,0,0,0,0,0,0,0,4,-1,1,Col·lisió frontal,-1,1,2,4,3,2,1,13.1,0,2,4,14,7
14617,2017,1,2017-07-30,SE,BARCELONA,Barcelones,3,0,2,2,4,0,0,0,2,2,0,0,0,100.0,0.0,1,-1,No n'hi ha,-1.0,3,3,1,0,0,0,0,0,0,0,0,0,0,0,4,-1,0,Encalç,-1,2,2,5,-1,2,0,18.0,1,2,6,30,7
14618,2017,0,2017-09-28,N-260,PEDRET I MARZA,Alt Emporda,1,0,1,1,3,0,0,0,0,3,0,0,0,100.0,0.0,0,2,No n'hi ha,-1.0,3,3,1,0,0,0,0,0,0,0,0,0,0,1,1,4,1,Encalç,1,1,2,4,1,2,1,19.48,1,2,3,28,9
14619,2017,1,2017-11-09,SE,BARCELONA,Barcelones,3,0,1,0,2,0,0,1,0,1,0,0,0,100.0,0.0,1,-1,No n'hi ha,-1.0,3,3,1,0,0,0,0,0,0,0,0,0,0,0,4,-1,1,Fregament o col·lisió lateral,-1,2,2,5,-1,2,1,12.08,0,2,3,9,11
14620,2017,1,2017-11-08,SE,"VENDRELL, EL",Baix Penedes,0,0,1,0,2,1,0,0,0,1,0,0,0,40.0,0.0,0,2,No n'hi ha,-1.0,3,3,1,-1,0,0,0,-1,0,0,0,0,0,1,5,4,0,Atropellament,1,2,2,5,-1,2,1,19.0,1,3,2,8,11
14621,2017,1,2017-08-07,SE,SALOU,Tarragones,0,0,1,0,2,1,0,0,0,1,0,0,0,100.0,0.0,0,2,No n'hi ha,-1.0,3,3,1,0,0,0,0,0,0,0,0,0,0,2,5,3,1,Atropellament,0,2,2,5,-1,2,1,1.55,2,3,0,7,8
14622,2017,1,2017-06-19,SE,CALDES DE MALAVELLA,Selva,1,0,1,1,2,0,0,0,0,2,0,0,0,100.0,0.0,0,2,No n'hi ha,-1.0,3,3,1,0,0,0,0,0,0,0,0,0,0,1,4,4,1,Envestida (frontal lateral),1,2,2,5,-1,2,1,16.5,1,2,0,19,6
14623,2017,0,2017-12-23,B-24,PALLEJA,Baix Llobregat,3,0,1,0,2,0,0,0,1,1,0,0,0,80.0,0.0,0,3,No n'hi ha,-1.0,3,3,1,0,0,0,0,0,0,0,0,0,0,0,4,-1,0,Fregament o col·lisió lateral,-1,1,2,4,2,2,0,12.4,0,2,5,23,12
14624,2017,1,2017-06-12,SE,SABADELL,Valles Occidental,3,0,1,0,2,1,0,0,0,1,0,0,0,100.0,0.0,0,-1,No n'hi ha,-1.0,3,3,1,0,0,0,0,0,0,0,0,0,0,0,4,-1,-1,Atropellament,-1,2,2,5,-1,2,1,8.35,0,3,0,12,6
14625,2017,0,2017-04-06,N-II,SANT JULIA DE RAMIS,Girones,1,0,3,3,2,0,0,0,0,2,0,0,0,100.0,0.0,0,1,No n'hi ha,-1.0,3,3,1,0,0,0,0,0,0,0,0,0,0,0,3,-1,1,Col·lisió frontal,-1,1,2,4,1,2,1,4.28,2,2,3,6,4
14626,2017,0,2017-09-29,GI-623,"ESCALA, L'",Alt Emporda,1,0,1,0,2,0,0,1,0,1,0,0,0,40.0,0.0,0,2,No n'hi ha,-1.0,3,3,1,0,0,0,0,0,0,0,0,0,0,0,4,-1,0,Fregament o col·lisió lateral,-1,1,2,4,3,2,1,10.03,0,2,4,29,9
14627,2017,1,2017-01-12,SE,TARRAGONA,Tarragones,0,0,1,0,2,1,0,0,0,1,0,0,0,100.0,0.0,0,2,No n'hi ha,-1.0,3,3,1,0,0,0,0,0,0,0,0,0,0,0,5,-1,1,Atropellament,-1,2,2,5,-1,2,1,18.1,1,3,3,12,1
14628,2017,1,2017-03-12,SE,ROSES,Alt Emporda,1,0,1,0,2,0,0,0,0,1,0,1,0,40.0,0.0,0,-1,No n'hi ha,-1.0,3,3,1,-1,0,0,0,-1,0,0,0,0,0,0,5,-1,1,Col·lisió frontal,-1,2,2,5,-1,2,0,20.04,1,2,6,12,3
14629,2017,0,2017-04-18,L-500,BARRUERA,Alta Ribagorca,2,2,0,0,3,0,0,0,1,2,0,0,0,70.0,0.0,0,1,No n'hi ha,-1.0,3,3,0,0,0,0,0,0,0,0,0,0,0,1,4,5,1,Col·lisió frontal,0,1,2,4,3,2,1,14.03,1,2,1,18,4
14630,2017,0,2017-02-14,C-55,CASTELLBELL I EL VIL,Bages,3,0,2,1,4,0,0,0,0,4,0,0,0,100.0,0.0,0,2,No n'hi ha,-1.0,1,3,1,0,0,0,0,0,0,0,0,0,0,0,3,-1,1,Envestida (frontal lateral),-1,1,2,4,2,2,1,6.42,0,2,1,14,2
14631,2017,0,2017-01-09,AP-7,PARETS DEL VALLES,Valles Oriental,3,0,2,3,2,0,0,0,0,2,0,0,0,100.0,0.0,0,2,No n'hi ha,-1.0,3,3,1,0,0,0,0,0,0,0,0,0,0,1,5,2,0,Envestida (frontal lateral),3,1,2,4,2,2,1,20.07,1,2,0,9,1
14632,2017,0,2017-02-26,BP-1101,"BRUC, EL",Anoia,3,0,1,0,1,0,0,0,1,0,0,0,0,90.0,0.0,0,-1,Sense Especificar,-1.0,3,3,1,0,0,0,0,0,0,0,0,0,0,0,4,-1,-1,Resta sortides de via,-1,1,2,4,4,2,0,13.41,0,1,6,26,2
14633,2017,0,2017-09-01,C-15,VALLBONA D'ANOIA,Anoia,3,1,0,0,2,0,0,0,0,1,1,0,0,80.0,0.0,0,0,No n'hi ha,-1.0,3,3,0,0,0,0,0,0,0,0,0,0,0,0,4,-1,1,Col·lisió frontal,-1,1,2,4,2,2,1,10.26,0,2,4,1,9
14634,2017,0,2017-04-02,C-58,SANT QUIRZE DEL VALLES,Valles Occidental,3,0,1,0,2,0,0,0,0,2,0,0,0,90.0,0.0,0,-1,Sense Especificar,-1.0,3,3,1,0,0,0,0,0,0,0,0,0,0,1,4,2,-1,Col·lisió frontal,3,1,2,4,4,2,0,20.27,1,2,6,2,4
14635,2017,1,2017-11-18,SE,BARCELONA,Barcelones,3,0,1,0,2,1,0,0,0,1,0,0,0,100.0,0.0,1,-1,No n'hi ha,-1.0,3,3,1,0,0,0,0,0,0,0,0,0,0,0,4,-1,1,Atropellament,-1,2,2,5,-1,2,0,9.45,0,3,5,18,11
14636,2017,1,2017-03-09,SE,"MASNOU, EL",Maresme,3,0,1,0,2,1,0,0,0,1,0,0,0,20.0,0.0,0,-1,No n'hi ha,-1.0,3,3,1,0,-1,0,0,0,0,0,0,0,0,1,4,2,-1,Atropellament,2,2,2,5,-1,2,1,14.1,1,3,3,9,3
14637,2017,0,2017-12-17,BV-5105,"ROCA DEL VALLES, LA",Valles Oriental,3,2,0,0,1,0,0,0,0,1,0,0,0,90.0,0.0,0,-1,Sense Especificar,-1.0,3,3,0,0,0,0,0,0,0,0,0,0,0,0,4,-1,-1,Resta sortides de via,-1,1,2,4,4,2,0,6.41,0,1,6,17,12
14638,2017,0,2017-06-23,C-17,MONTMANY-FIGARO,Valles Oriental,3,0,1,0,1,0,0,0,1,0,0,0,0,80.0,0.0,0,2,No n'hi ha,-1.0,3,3,1,0,0,0,0,0,0,0,0,0,0,0,4,-1,1,Caiguda en la via,-1,1,2,4,2,2,1,13.35,0,0,4,23,6
14639,2017,0,2017-09-08,N-II,MALGRAT DE MAR,Maresme,3,0,1,1,2,0,0,0,0,1,1,0,0,80.0,0.0,0,2,Carril acceleració,-1.0,3,3,1,0,0,0,0,0,0,0,0,0,0,0,3,-1,1,Col·lisió frontal,-1,1,2,4,1,2,1,2.01,2,2,4,8,9
14640,2017,1,2017-04-19,SE,CORNELLA DE LLOBREGAT,Baix Llobregat,3,0,1,0,2,0,0,0,1,1,0,0,0,20.0,0.0,0,-1,No n'hi ha,-1.0,3,3,1,0,0,0,0,0,0,0,0,0,0,0,4,-1,-1,Fregament o col·lisió lateral,-1,2,2,5,0,2,1,13.15,0,2,2,19,4
14641,2017,1,2017-08-07,SE,GIRONA,Girones,1,1,0,0,1,0,0,0,1,0,0,0,0,40.0,0.0,0,2,No n'hi ha,-1.0,3,3,0,0,0,0,0,0,0,0,0,0,0,2,5,3,1,Resta sortides de via,1,2,2,5,-1,2,1,5.07,2,1,0,7,8
14642,2017,1,2017-03-31,SE,VIC,Osona,3,0,1,0,2,1,0,0,0,1,0,0,0,100.0,0.0,0,2,Altres,-1.0,1,3,1,0,0,0,0,0,0,0,0,0,0,0,5,-1,1,Atropellament,-1,2,2,5,-1,2,0,21.15,1,3,4,31,3
14643,2017,1,2017-07-09,SE,BARCELONA,Barcelones,3,0,1,0,2,0,0,0,1,1,0,0,0,100.0,0.0,1,-1,No n'hi ha,-1.0,3,3,1,0,0,0,0,0,0,0,0,0,0,1,0,-1,1,Envestida (frontal lateral),2,2,2,5,-1,2,0,2.5,2,2,6,9,7
14644,2017,1,2017-04-03,SE,LLEIDA,Segria,2,0,2,0,1,0,0,1,0,0,0,0,0,60.0,0.0,0,2,No n'hi ha,-1.0,3,3,1,0,0,0,0,0,0,0,0,0,0,0,4,-1,0,Caiguda en la via,-1,2,2,5,0,2,1,18.35,1,0,0,3,4
14645,2017,1,2017-04-05,SE,BARCELONA,Barcelones,3,0,1,1,2,0,0,0,1,1,0,0,0,100.0,0.0,1,-1,No n'hi ha,-1.0,3,3,1,0,0,0,0,0,0,0,0,0,0,1,1,-1,1,Envestida (frontal lateral),2,2,2,5,-1,2,1,19.18,1,2,2,5,4
14646,2017,0,2017-12-20,C-55,CLARIANA DE CARDENER,Solsones,2,0,1,1,2,0,0,0,0,2,0,0,0,90.0,0.0,0,-1,Sense Especificar,-1.0,3,3,1,0,0,0,0,0,0,0,0,0,0,0,4,-1,-1,Col·lisió frontal,-1,1,2,4,4,2,1,7.01,0,2,2,20,12
14647,2017,1,2017-11-10,SE,BARCELONA,Barcelones,3,0,1,0,2,0,0,0,1,1,0,0,0,100.0,0.0,1,-1,Carril bus,-1.0,3,3,1,0,0,0,0,0,0,0,0,0,0,0,4,-1,1,Fregament o col·lisió lateral,-1,2,2,5,-1,2,1,14.2,1,2,4,10,11
14648,2017,0,2017-07-02,A-2,ALCARRAS,Segria,2,1,0,3,6,3,0,0,0,1,2,0,0,100.0,0.0,0,2,No n'hi ha,-1.0,3,3,0,0,0,0,0,0,0,0,0,0,0,0,4,-1,0,Atropellament,-1,1,2,4,1,2,0,15.56,1,3,6,2,7
14649,2017,0,2017-05-16,B-23,ESPLUGUES DE LLOBREGAT,Baix Llobregat,3,0,1,0,2,0,0,0,1,1,0,0,0,80.0,0.0,0,2,No n'hi ha,-1.0,3,3,1,0,0,0,0,0,0,0,0,0,0,0,4,-1,1,Encalç,-1,1,2,4,1,2,1,9.3,0,2,1,16,5
14650,2017,0,2017-07-14,C-17,MONTCADA I REIXAC,Valles Occidental,3,0,1,0,2,0,0,0,1,1,0,0,0,100.0,0.0,0,2,Carril acceleració,-1.0,3,3,1,0,0,0,0,0,0,0,0,0,0,0,4,-1,0,Altres,-1,1,2,4,2,2,1,14.12,1,5,4,14,7
14651,2017,1,2017-02-13,SE,SANT CUGAT DEL VALLES,Valles Occidental,3,0,1,1,2,0,0,0,0,1,1,0,0,40.0,0.0,0,2,No n'hi ha,-1.0,3,3,1,0,0,0,0,0,0,0,0,0,0,1,2,4,1,Envestida (frontal lateral),1,2,2,5,-1,2,1,13.0,0,2,0,13,2
14652,2017,1,2017-09-25,SE,SANT BOI DE LLOBREGAT,Baix Llobregat,3,0,1,0,2,1,0,0,0,1,0,0,0,30.0,0.0,0,2,No n'hi ha,-1.0,3,3,1,0,0,0,0,0,0,0,0,0,0,2,4,4,0,Atropellament,2,2,2,5,-1,2,1,10.4,0,3,0,25,9
14653,2017,1,2017-11-14,SE,TERRASSA,Valles Occidental,3,0,1,0,2,1,0,0,0,1,0,0,0,100.0,0.0,0,-1,No n'hi ha,-1.0,3,3,1,0,0,0,0,0,0,0,0,0,0,0,4,-1,-1,Atropellament,-1,2,2,5,-1,2,1,16.3,1,3,1,14,11
14654,2017,0,2017-01-05,TV-3408,AMPOSTA,Montsia,0,0,1,1,2,0,0,1,0,1,0,0,0,100.0,0.0,0,2,No n'hi ha,-1.0,3,3,1,0,0,0,0,0,0,0,0,0,0,1,3,4,1,Fregament o col·lisió lateral,2,1,2,4,3,2,1,20.4,1,2,3,5,1
14655,2017,1,2017-05-12,SE,BADALONA,Barcelones,3,0,1,0,2,0,0,1,0,1,0,0,0,20.0,0.0,0,-1,No n'hi ha,-1.0,3,3,1,-1,0,0,0,-1,0,0,0,0,-1,0,5,-1,0,Caiguda en la via,-1,2,2,5,-1,2,1,3.16,2,0,4,12,5
14656,2017,0,2017-06-28,C-45,SEROS,Segria,2,0,1,0,2,0,1,0,0,1,0,0,0,100.0,0.0,0,2,No n'hi ha,-1.0,3,3,1,0,0,0,0,0,0,0,0,0,0,1,4,4,0,Encalç,0,1,2,4,2,2,1,20.38,1,2,2,28,6
14657,2017,0,2017-07-21,C-12,MAIALS,Segria,2,1,3,2,4,0,0,0,0,4,0,0,0,100.0,0.0,0,1,No n'hi ha,-1.0,3,3,0,0,0,0,0,0,0,0,0,0,0,0,4,-1,1,Col·lisió frontal,-1,1,2,4,2,2,0,18.14,1,2,4,21,7
14658,2017,1,2017-08-20,SE,HOSPITALET DE LLOBREGAT,Barcelones,3,0,1,1,3,2,0,0,0,0,1,0,0,20.0,0.0,0,-1,No n'hi ha,-1.0,3,3,1,-1,0,0,0,-1,0,0,0,0,0,0,4,-1,1,Atropellament,-1,2,2,5,-1,2,0,15.55,1,3,6,20,8
14659,2017,1,2017-10-22,SE,CASTELLDEFELS,Baix Llobregat,3,0,1,0,2,0,0,0,1,1,0,0,0,100.0,0.0,0,-1,No n'hi ha,-1.0,3,3,1,0,0,0,0,0,0,0,0,0,0,0,4,-1,-1,Altres,-1,2,2,5,-1,2,0,16.45,1,5,6,22,10
14660,2017,1,2017-05-11,SE,MONTORNES DEL VALLES,Valles Oriental,3,0,1,0,2,1,0,0,0,0,1,0,0,100.0,0.0,0,2,No n'hi ha,-1.0,1,3,1,0,0,0,0,0,0,0,0,0,1,0,2,-1,1,Atropellament,-1,2,0,5,-1,2,1,9.15,0,3,3,11,5
14661,2017,1,2017-01-17,SE,MOLINS DE REI,Baix Llobregat,3,0,1,1,2,0,0,1,0,1,0,0,0,20.0,0.0,0,-1,No n'hi ha,-1.0,3,3,1,-1,-1,0,0,-1,0,0,0,0,0,0,5,-1,1,Envestida (frontal lateral),-1,2,2,5,0,2,1,5.45,2,2,1,17,1
14662,2017,1,2017-09-04,SE,BARCELONA,Barcelones,3,0,2,0,2,0,0,1,0,1,0,0,0,100.0,0.0,1,-1,No n'hi ha,-1.0,3,3,1,0,0,0,0,0,0,0,0,0,0,1,4,-1,1,Encalç,0,2,2,5,-1,2,1,19.5,1,2,0,4,9
14663,2017,1,2017-05-30,SE,MONTBRIO DEL CAMP,Baix Camp,0,0,1,0,2,0,0,0,0,1,0,1,0,20.0,0.0,0,-1,Sense Especificar,-1.0,3,3,1,0,0,0,0,0,0,0,0,0,0,0,4,-1,-1,Fregament o col·lisió lateral,-1,2,2,5,-1,2,1,19.02,1,2,1,30,5
14664,2017,0,2017-03-13,C-61,ARENYS DE MAR,Maresme,3,0,1,0,2,0,0,0,1,1,0,0,0,100.0,0.0,0,3,No n'hi ha,-1.0,3,3,1,0,0,0,0,0,0,0,0,0,0,1,4,4,0,Envestida (frontal lateral),2,1,2,4,2,2,1,15.33,1,2,0,13,3
14665,2017,1,2017-03-27,SE,TERRASSA,Valles Occidental,3,0,1,0,2,1,0,0,0,0,1,0,0,20.0,0.0,0,-1,Sense Especificar,0.0,3,3,1,0,0,0,0,0,0,1,1,0,1,0,4,-1,-1,Atropellament,-1,2,2,5,-1,2,1,18.35,1,3,0,27,3
14666,2017,0,2017-06-08,N-340,ALCANAR,Montsia,0,0,1,0,3,0,0,0,0,3,0,0,0,100.0,0.0,0,2,Carril d'alentiment,3.0,3,3,1,0,0,0,0,0,0,0,0,0,0,0,4,-1,1,Envestida (frontal lateral),-1,1,2,4,1,2,1,14.51,1,2,3,8,6
14667,2017,0,2017-04-11,A-7,CAMBRILS,Baix Camp,0,1,0,0,2,0,0,0,0,1,1,0,0,100.0,0.0,0,2,No n'hi ha,3.0,3,3,0,0,0,0,0,0,0,0,0,0,0,0,4,-1,0,Encalç,-1,1,2,4,1,2,1,15.3,1,2,1,11,4
14668,2017,0,2017-04-09,N-260,VILAJUIGA,Alt Emporda,1,0,1,0,2,0,0,0,1,1,0,0,0,100.0,0.0,0,1,No n'hi ha,-1.0,3,3,1,0,0,0,0,0,0,0,0,0,0,1,4,5,1,Envestida (frontal lateral),1,1,2,4,1,2,0,17.07,1,2,6,9,4
14669,2017,0,2017-05-12,C-32,VILADECANS,Baix Llobregat,3,0,1,0,2,0,0,0,1,1,0,0,0,100.0,0.0,0,2,No n'hi ha,-1.0,3,3,1,0,0,0,0,0,0,0,0,0,0,0,4,-1,0,Fregament o col·lisió lateral,-1,1,2,4,2,2,1,7.48,0,2,4,12,5
14670,2017,0,2017-03-11,C-55,OLESA DE MONTSERRAT,Baix Llobregat,3,0,2,2,2,0,0,0,0,2,0,0,0,90.0,0.0,0,2,Carril acceleració,-1.0,3,3,1,0,0,0,0,0,0,0,0,0,0,0,3,-1,1,Col·lisió frontal,-1,1,2,4,2,2,0,5.53,2,2,5,11,3
14671,2017,1,2017-04-18,SE,CERDANYOLA DEL VALLES,Valles Occidental,3,0,1,0,2,0,0,0,1,1,0,0,0,100.0,0.0,0,2,No n'hi ha,-1.0,3,3,1,0,0,0,0,0,0,0,0,0,0,1,4,4,1,Envestida (frontal lateral),2,2,2,5,-1,2,1,18.3,1,2,1,18,4
14672,2017,0,2017-09-22,C-12,LLARDECANS,Segria,2,0,2,0,2,0,0,0,0,2,0,0,0,100.0,0.0,0,2,No n'hi ha,-1.0,1,3,1,0,0,0,1,0,0,0,0,0,0,0,4,-1,1,Envestida (frontal lateral),-1,1,2,4,2,2,1,13.43,0,2,4,22,9
14673,2017,1,2017-09-17,SE,MOIA,Moianès,3,0,1,0,1,0,0,0,1,0,0,0,0,20.0,0.0,0,-1,Sense Especificar,-1.0,3,3,1,0,0,0,0,0,0,0,0,0,0,0,4,-1,-1,Altres,-1,2,2,5,-1,2,0,13.2,0,5,6,17,9
14674,2017,1,2017-01-03,SE,CASTELL-PLATJA D'ARO,Baix Emporda,1,0,1,0,2,1,0,0,0,1,0,0,0,100.0,0.0,0,2,No n'hi ha,-1.0,3,3,1,0,0,0,0,0,0,0,0,0,0,0,4,-1,1,Atropellament,-1,2,2,5,-1,2,1,17.28,1,3,1,3,1
14675,2017,1,2017-09-24,N-II,MOLLERUSSA,Pla d'Urgell,2,0,1,0,3,1,0,0,0,2,0,0,0,100.0,0.0,0,2,No n'hi ha,-1.0,3,3,1,0,0,0,0,0,0,0,0,0,0,0,5,-1,1,Atropellament,-1,0,2,4,-1,2,0,2.3,2,3,6,24,9
14676,2017,0,2017-06-30,B-10,SANT ADRIA DE BESOS,Barcelones,3,0,1,0,2,0,0,0,1,1,0,0,0,80.0,0.0,0,2,No n'hi ha,-1.0,3,3,1,0,0,1,0,0,0,0,0,0,0,0,4,-1,1,Altres,-1,1,2,4,1,2,1,7.22,0,5,4,30,6
14677,2017,0,2017-07-23,N-II,"MASNOU, EL",Maresme,3,1,0,0,2,0,0,0,1,1,0,0,0,100.0,0.0,0,-1,No n'hi ha,-1.0,3,3,0,0,0,0,0,0,0,0,0,0,0,0,4,-1,-1,Encalç,-1,1,2,4,-1,2,0,0.23,2,2,6,23,7
14678,2017,0,2017-08-18,N-230,BOSSOST,Val d'Aran,2,1,0,0,1,0,0,0,0,1,0,0,0,100.0,0.0,0,1,No n'hi ha,-1.0,3,3,0,0,0,0,0,0,0,0,0,0,0,0,2,-1,1,Resta sortides de via,-1,1,2,4,1,2,0,19.43,1,1,4,18,8
14679,2017,0,2017-12-16,C-37,ODENA,Anoia,3,0,2,1,2,0,0,0,0,2,0,0,0,100.0,0.0,0,1,No n'hi ha,-1.0,3,3,1,0,0,0,0,0,0,0,0,0,0,2,4,4,1,Col·lisió frontal,3,1,2,4,2,2,0,11.16,0,2,5,16,12
14680,2017,0,2017-11-13,N-230,VILAMOS,Val d'Aran,2,0,1,0,3,0,0,0,0,2,1,0,0,40.0,0.0,0,1,No n'hi ha,-1.0,3,3,1,0,0,0,0,0,0,0,0,0,0,0,3,-1,1,Encalç,-1,1,2,4,1,2,1,18.28,1,2,0,13,11