,Year,Area,Date,Road,Municipality Name,County Name,Province Name,Fatalties,Serious Injuries,Light Injuries,Units Involved,Pedestrains Involved,Bicycles Involved,Mopeds Involved,Motorcycles,Light Vehicles Involved,Heavy Vehicles Involved,Other Units Involved,Unspecified Units Involved,Road Speed Limit,Accident with Hit and Run,Fog Presence,Surrounding Environment,Special Lane Presence,Special Traffic Measures,Weather Conditions,Special Road Functions,Severity of Accident,Influence of Fog,Influence of Environment,Influence of Traffic,Influence of Weather,Influence of Wind Intensity,Influence of Lighting,Influence of Special Measures,Influence of Road Objects,Influence of Road Surface,Influence of Visibility,Intersection Characteristics,Lighting Conditions,Traffic Regulation and Priority,Direction of Road,Subtype of Accident,Subtype of Road Section,Subzone within Area,Road Surface Conditions,Type of Road,Road Ownership,Wind Conditions,Day of the Week Grouping,Hour of Day,Time of Day Grouping,Type of Accident,Day Type,Day,Month
14681,2017,1,2017-01-21,SE,CERDANYOLA DEL VALLES,Valles Occidental,3,0,1,0,2,1,0,0,0,1,0,0,0,100.0,0.0,0,2,No n'hi ha,-1.0,3,3,1,0,0,0,0,0,0,0,0,0,0,0,4,-1,0,Atropellament,-1,2,2,5,-1,1,0,16.47,1,3,5,21,1
14682,2017,0,2017-02-19,N-IIa,ALCARRAS,Segria,2,0,1,3,2,0,0,0,0,1,1,0,0,100.0,0.0,1,2,No n'hi ha,-1.0,3,3,1,0,0,0,0,0,0,0,0,0,1,0,3,-1,1,Col·lisió frontal,-1,1,2,4,1,2,0,5.02,2,2,6,19,2
14683,2017,0,2017-09-05,A-2,SANT FELIU DE LLOBREGAT,Baix Llobregat,3,0,1,0,1,0,0,0,0,0,1,0,0,80.0,0.0,0,2,No n'hi ha,-1.0,3,3,1,0,0,0,0,0,0,0,0,0,0,2,4,2,0,Caiguda en la via,1,1,2,4,1,2,1,10.49,0,0,1,5,9
14684,2017,1,2017-02-07,SE,FIGUERES,Alt Emporda,1,0,1,0,2,1,0,0,0,1,0,0,0,100.0,0.0,0,2,No n'hi ha,-1.0,2,3,1,0,0,0,0,0,0,0,0,0,0,0,5,-1,1,Atropellament,-1,2,2,5,-1,2,1,20.0,1,3,1,7,2
14685,2017,0,2017-04-16,LV-3024,PREIXENS,Noguera,2,0,1,0,1,0,0,0,0,1,0,0,0,90.0,0.0,0,-1,Sense Especificar,-1.0,3,3,1,0,0,0,0,0,0,0,0,0,0,0,4,-1,-1,Resta sortides de via,-1,1,2,4,4,2,0,18.58,1,1,6,16,4
14686,2017,1,2017-04-05,SE,SANT JOAN DESPI,Baix Llobregat,3,0,1,2,3,2,0,0,1,0,0,0,0,100.0,0.0,0,2,No n'hi ha,-1.0,2,3,1,0,0,0,1,0,0,0,0,0,0,0,5,-1,1,Atropellament,-1,2,2,5,-1,1,1,20.4,1,3,2,5,4
14687,2017,1,2017-05-11,SE,ESPLUGUES DE LLOBREGAT,Baix Llobregat,3,0,1,0,2,0,0,0,1,1,0,0,0,20.0,0.0,0,-1,No n'hi ha,-1.0,3,3,1,0,-1,0,0,0,0,0,0,0,0,0,4,-1,-1,Encalç,-1,2,2,5,-1,2,1,17.4,1,2,3,11,5
14688,2017,1,2017-04-20,SE,GIRONA,Girones,1,0,1,0,2,0,0,0,1,1,0,0,0,40.0,0.0,0,2,No n'hi ha,-1.0,3,3,1,0,0,0,0,0,0,0,0,0,0,1,4,4,1,Envestida (frontal lateral),2,2,2,5,-1,2,1,15.27,1,2,3,20,4
14689,2017,1,2017-05-06,SE,TERRASSA,Valles Occidental,3,1,0,0,2,0,0,0,1,1,0,0,0,100.0,0.0,0,-1,No n'hi ha,-1.0,3,3,0,0,0,0,0,0,0,0,0,0,0,0,4,-1,-1,Altres,-1,2,2,5,-1,2,0,6.2,0,5,5,6,5
14690,2017,0,2017-12-23,B-522,MANLLEU,Osona,3,0,1,0,1,0,0,0,0,1,0,0,0,50.0,0.0,0,3,No n'hi ha,-1.0,3,3,1,0,0,0,0,0,0,0,0,0,0,0,3,-1,1,Resta sortides de via,-1,1,2,4,0,2,0,22.28,2,1,5,23,12
14691,2017,0,2017-05-28,N-260z,MONTAGUT,Garrotxa,1,1,0,2,2,0,0,0,1,1,0,0,0,90.0,0.0,0,2,No n'hi ha,-1.0,3,3,0,0,0,0,0,0,0,0,0,0,0,0,1,-1,1,Col·lisió frontal,-1,1,2,4,0,2,0,21.15,1,2,6,28,5
14692,2017,0,2017-04-23,C-15,VILANOVA I LA GELTRU,Garraf,3,0,2,0,1,0,0,0,1,0,0,0,0,90.0,0.0,0,3,No n'hi ha,-1.0,3,3,1,0,0,0,0,0,0,0,0,0,0,0,4,-1,1,Xoc contra objecte/obstacle sense sortida prèvia de via,-1,1,2,4,2,2,0,16.43,1,4,6,23,4
14693,2017,0,2017-10-19,C-155,LLICA DE VALL,Valles Oriental,3,0,1,0,2,1,0,0,0,1,0,0,0,50.0,0.0,0,2,No n'hi ha,-1.0,1,3,1,0,0,0,0,0,0,0,0,0,0,0,1,-1,1,Atropellament,-1,1,2,4,2,2,1,7.52,0,3,3,19,10
14694,2017,1,2017-05-07,C-152,SANTA COLOMA DE FARNERS,Selva,1,0,1,0,2,0,0,0,1,1,0,0,0,100.0,0.0,0,2,No n'hi ha,-1.0,3,3,1,0,0,0,0,0,0,0,0,0,0,0,4,-1,1,Fregament o col·lisió lateral,-1,0,2,4,0,2,0,14.3,1,2,6,7,5
14695,2017,1,2017-01-07,SE,BARCELONA,Barcelones,3,0,1,0,2,1,0,0,0,1,0,0,0,100.0,0.0,0,-1,No n'hi ha,-1.0,3,3,1,0,0,0,0,0,0,0,0,0,0,1,5,3,0,Atropellament,2,2,2,5,-1,2,0,1.3,2,3,5,7,1
14696,2017,1,2017-03-09,SE,REUS,Baix Camp,0,1,0,0,1,0,0,0,0,1,0,0,0,100.0,0.0,0,-1,No n'hi ha,-1.0,3,3,0,0,0,0,0,0,0,0,0,0,0,0,4,-1,-1,Altres,-1,2,2,5,-1,2,1,22.42,2,5,3,9,3
14697,2017,0,2017-05-27,C-31,MONTGAT,Maresme,3,1,1,0,3,0,0,0,1,2,0,0,0,100.0,0.0,0,-1,No n'hi ha,-1.0,3,3,0,0,0,0,0,0,0,0,0,0,0,0,4,-1,-1,Altres,-1,1,2,4,-1,2,0,20.32,1,5,5,27,5
14698,2017,0,2017-12-19,C-243a,SUBIRATS,Alt Penedes,3,0,1,1,2,0,0,0,0,1,1,0,0,60.0,0.0,0,2,Altres,-1.0,3,3,1,0,0,0,0,0,0,0,0,0,0,1,4,4,1,Fregament o col·lisió lateral,1,1,2,4,2,2,1,16.57,1,2,1,19,12
14699,2017,1,2017-05-30,SE,CABRERA DE MAR,Maresme,3,0,1,0,2,1,0,0,0,1,0,0,0,20.0,0.0,0,-1,Sense Especificar,-1.0,3,3,1,0,0,0,0,0,0,0,0,0,0,0,4,-1,-1,Atropellament,-1,2,2,5,-1,2,1,17.08,1,3,1,30,5
14700,2017,0,2017-03-27,C-58,SANT QUIRZE DEL VALLES,Valles Occidental,3,0,1,0,2,0,0,0,1,1,0,0,0,100.0,0.0,0,2,No n'hi ha,-1.0,3,3,1,0,0,0,0,0,0,0,0,0,0,2,0,4,0,Fregament o col·lisió lateral,3,1,2,4,2,2,1,23.09,2,2,0,27,3
14701,2017,1,2017-03-09,SE,SABADELL,Valles Occidental,3,0,1,0,2,1,0,0,0,1,0,0,0,100.0,0.0,0,-1,No n'hi ha,-1.0,3,3,1,0,0,0,0,0,0,0,0,0,0,0,4,-1,-1,Atropellament,-1,2,2,5,-1,2,1,13.5,0,3,3,9,3
14702,2017,0,2017-12-12,C-31,SITGES,Garraf,3,0,1,0,1,0,0,0,1,0,0,0,0,30.0,0.0,0,1,No n'hi ha,-1.0,3,3,1,0,0,0,0,0,0,0,0,0,0,0,4,-1,1,Resta sortides de via,-1,1,2,4,2,2,1,16.59,1,1,1,12,12
14703,2017,0,2017-10-01,C-1412b,TALARN,Pallars Jussa,2,0,1,0,1,0,0,0,0,1,0,0,0,100.0,0.0,0,2,No n'hi ha,-1.0,3,3,1,0,0,0,0,0,0,0,0,0,0,0,4,-1,1,Resta sortides de via,-1,1,2,4,2,2,0,9.51,0,1,6,1,10
14704,2017,0,2017-09-30,C-16,BAGA,Bergueda,3,0,1,2,2,0,0,0,0,2,0,0,0,90.0,0.0,0,1,Carril lent,-1.0,1,3,1,0,0,0,0,0,0,0,0,0,0,0,2,-1,1,Envestida (frontal lateral),-1,1,2,4,2,2,0,17.29,1,2,5,30,9
14705,2017,0,2017-09-19,C-58,VACARISSES,Valles Occidental,3,0,1,0,1,0,0,0,1,0,0,0,0,100.0,0.0,0,1,No n'hi ha,-1.0,3,3,1,0,0,0,0,0,0,0,0,0,0,1,4,5,1,Caiguda en la via,3,1,2,4,2,2,1,13.21,0,0,1,19,9
14706,2017,0,2017-04-09,AP-7,"RIERA DE GAIA, LA",Tarragones,0,0,4,0,2,0,0,0,0,2,0,0,0,100.0,0.0,0,2,No n'hi ha,-1.0,3,3,1,0,0,0,0,0,0,0,0,0,0,0,1,-1,0,Encalç,-1,1,2,4,1,2,0,7.29,0,2,6,9,4
14707,2017,1,2017-11-04,SE,SANT ANDREU DE LLAVANERES,Maresme,3,0,1,0,2,1,0,0,0,1,0,0,0,20.0,0.0,0,-1,No n'hi ha,-1.0,3,3,1,-1,0,0,0,-1,0,0,0,0,0,0,5,-1,0,Atropellament,-1,2,2,5,-1,2,0,19.05,1,3,5,4,11
14708,2017,0,2017-10-22,C-35,SANTA MARIA DE PALAU,Valles Oriental,3,0,1,0,2,0,0,0,1,1,0,0,0,100.0,0.0,0,2,No n'hi ha,-1.0,3,3,1,0,0,0,0,0,0,0,0,0,0,1,4,4,1,Altres,3,1,2,4,2,2,0,13.46,0,5,6,22,10
14709,2017,0,2017-11-13,C-55,MANRESA,Bages,3,0,1,0,1,0,0,0,1,0,0,0,0,40.0,0.0,0,0,Altres,0.0,3,3,1,0,0,0,0,0,0,0,0,0,0,1,3,5,0,Caiguda en la via,3,1,2,4,2,2,1,6.3,0,0,0,13,11
14710,2017,0,2017-05-26,A-2,CORNELLA DE LLOBREGAT,Baix Llobregat,3,0,1,0,3,0,0,0,1,2,0,0,0,100.0,0.0,0,2,No n'hi ha,-1.0,3,3,1,0,0,0,0,0,0,0,0,0,0,0,4,-1,0,Encalç,-1,1,2,4,1,2,1,9.46,0,2,4,26,5
14711,2017,1,2017-10-21,SE,VILAFRANCA DEL PENEDES,Alt Penedes,3,0,1,0,2,1,0,0,0,1,0,0,0,20.0,0.0,0,-1,No n'hi ha,-1.0,3,3,1,0,0,0,0,0,0,0,0,0,0,1,4,2,-1,Atropellament,0,2,2,5,-1,2,0,10.52,0,3,5,21,10
14712,2017,0,2017-07-29,C-37,SANT SALVADOR DE GUARDIA,Bages,3,0,1,0,2,0,0,0,0,2,0,0,0,90.0,0.0,0,-1,Sense Especificar,-1.0,3,3,1,0,0,0,0,0,0,0,0,0,0,0,4,-1,-1,Encalç,-1,1,2,4,4,2,0,10.51,0,2,5,29,7
14713,2017,1,2017-04-27,SE,BARCELONA,Barcelones,3,0,1,0,2,0,1,0,0,0,1,0,0,100.0,0.0,1,-1,Carril bici,-1.0,3,3,1,0,0,0,0,0,0,0,0,0,0,1,4,-1,0,Envestida (frontal lateral),2,2,2,5,-1,2,1,18.45,1,2,3,27,4
14714,2017,0,2017-03-26,TP-3311,"SENIA, LA",Montsia,0,0,1,2,1,0,0,0,0,0,0,1,0,100.0,0.0,0,2,No n'hi ha,-1.0,3,3,1,0,0,0,0,0,0,0,0,0,0,0,4,-1,1,Resta sortides de via,-1,1,2,4,2,2,0,19.38,1,1,6,26,3
14715,2017,1,2017-10-03,SE,BARCELONA,Barcelones,3,0,1,0,2,0,2,0,0,0,0,0,0,100.0,0.0,1,-1,Carril bici,-1.0,3,3,1,0,0,0,0,0,0,0,0,0,0,0,0,-1,1,Col·lisió frontal,-1,2,2,5,-1,2,1,20.2,1,2,1,3,10
14716,2017,1,2017-11-07,SE,VIC,Osona,3,0,1,0,2,0,0,1,0,1,0,0,0,100.0,0.0,0,2,No n'hi ha,-1.0,3,3,1,0,0,0,0,0,0,0,0,0,0,1,4,3,0,Envestida (frontal lateral),2,2,2,5,-1,2,1,9.3,0,2,1,7,11
14717,2017,0,2017-09-19,C-13,LLAVORSI,Pallars Sobira,2,0,1,0,1,0,0,0,1,0,0,0,0,100.0,0.0,0,1,No n'hi ha,-1.0,3,3,1,0,0,0,0,0,0,0,0,0,0,0,4,-1,1,Resta sortides de via,-1,1,2,4,2,2,1,18.06,1,1,1,19,9
14718,2017,0,2017-12-06,N-260,"POBLA DE SEGUR, LA",Pallars Jussa,2,0,1,0,1,0,0,0,0,1,0,0,0,100.0,0.0,0,2,No n'hi ha,-1.0,3,3,1,0,0,0,0,0,0,0,0,0,0,0,4,-1,1,Resta sortides de via,-1,1,2,4,1,2,1,16.09,1,1,2,6,12
14719,2017,0,2017-12-30,C-37,TORELLO,Osona,3,2,1,2,5,0,0,0,0,4,1,0,0,90.0,0.0,0,-1,Sense Especificar,-1.0,3,3,0,0,0,0,0,0,0,0,0,0,0,0,4,-1,-1,Col·lisió frontal,-1,1,2,4,4,2,0,23.26,2,2,5,30,12
14720,2017,1,2017-08-07,SE,VILASSAR DE MAR,Maresme,3,0,1,0,2,0,0,0,1,1,0,0,0,100.0,0.0,0,2,No n'hi ha,-1.0,3,3,1,0,0,0,0,0,0,0,0,0,0,1,4,3,1,Envestida (frontal lateral),1,2,2,5,-1,2,1,17.25,1,2,0,7,8
14721,2017,0,2017-08-23,GI-641,TORROELLA DE MONTGRI,Baix Emporda,1,0,1,0,2,0,0,1,0,0,1,0,0,100.0,0.0,0,1,No n'hi ha,-1.0,3,3,1,0,0,0,0,0,0,0,0,0,0,0,4,-1,1,Envestida (frontal lateral),-1,1,2,4,3,2,1,18.48,1,2,2,23,8
14722,2017,1,2017-03-24,SE,BARCELONA,Barcelones,3,0,1,0,1,0,0,0,0,0,1,0,0,100.0,0.0,0,-1,No n'hi ha,-1.0,3,3,1,0,0,0,0,0,0,0,0,0,0,0,4,-1,1,Caiguda en la via,-1,2,2,5,-1,2,1,10.0,0,0,4,24,3
14723,2017,0,2017-03-08,C-51,"BISBAL DEL PENEDES, LA",Baix Penedes,0,0,1,0,2,0,1,0,0,0,1,0,0,40.0,0.0,0,2,No n'hi ha,-1.0,3,3,1,0,0,0,0,0,0,0,0,0,0,0,4,-1,1,Envestida (frontal lateral),-1,1,2,4,2,2,1,9.19,0,2,2,8,3
14724,2017,0,2017-10-24,C-25,SANT FRUITOS DE BAGES,Bages,3,0,1,0,3,1,0,0,0,1,1,0,0,100.0,0.0,0,1,No n'hi ha,-1.0,3,3,1,0,0,0,0,0,0,0,0,0,0,0,4,-1,0,Atropellament,-1,1,2,4,2,2,1,16.4,1,3,1,24,10
14725,2017,1,2017-11-25,SE,PREMIA DE MAR,Maresme,3,0,1,0,1,0,0,0,1,0,0,0,0,30.0,0.0,0,-1,No n'hi ha,-1.0,1,3,1,0,-1,0,0,0,0,0,0,0,0,0,5,-1,-1,Caiguda en la via,-1,2,0,5,0,2,0,20.06,1,0,5,25,11
14726,2017,1,2017-03-31,SE,SANT CUGAT DEL VALLES,Valles Occidental,3,0,1,0,2,1,0,0,0,1,0,0,0,40.0,0.0,0,2,Carril bici,-1.0,3,3,1,0,0,0,0,0,0,0,0,0,0,1,1,4,1,Atropellament,2,2,2,5,0,2,0,18.5,1,3,4,31,3
14727,2017,1,2017-04-12,SE,SABADELL,Valles Occidental,3,0,1,0,2,0,0,1,0,1,0,0,0,100.0,0.0,0,-1,No n'hi ha,-1.0,3,3,1,0,0,0,0,0,0,0,0,0,0,0,4,-1,-1,Envestida (frontal lateral),-1,2,2,5,-1,2,1,19.38,1,2,2,12,4
14728,2017,1,2017-02-02,SE,BARCELONA,Barcelones,3,0,1,0,2,0,0,0,1,1,0,0,0,100.0,0.0,0,-1,No n'hi ha,-1.0,3,3,1,0,0,0,0,0,0,0,0,0,0,1,4,3,1,Envestida (frontal lateral),1,2,2,5,-1,2,1,10.55,0,2,3,2,2
14729,2017,1,2017-06-26,SE,SANT HILARI SACALM,Selva,1,1,0,0,2,1,0,0,0,1,0,0,0,100.0,0.0,0,2,No n'hi ha,-1.0,3,3,0,0,0,0,0,0,0,0,0,0,0,0,4,-1,1,Atropellament,-1,2,2,5,-1,2,1,10.59,0,3,0,26,6
14730,2017,1,2017-05-10,SE,VILASSAR DE MAR,Maresme,3,0,1,0,2,0,0,0,1,0,1,0,0,30.0,0.0,0,2,No n'hi ha,-1.0,3,3,1,0,0,0,0,0,0,0,0,0,0,1,4,5,1,Col·lisió frontal,1,2,3,5,0,2,1,12.45,0,2,2,10,5
14731,2017,1,2017-07-01,SE,TOSSA DE MAR,Selva,1,0,1,0,2,0,0,0,1,1,0,0,0,100.0,0.0,0,2,No n'hi ha,-1.0,3,3,1,0,0,0,0,0,0,0,0,0,0,1,4,5,0,Envestida (frontal lateral),1,2,2,5,-1,2,0,8.05,0,2,5,1,7
14732,2017,0,2017-07-29,C-37,ALCOVER,Alt Camp,0,0,1,0,2,0,0,0,0,1,1,0,0,100.0,0.0,0,2,No n'hi ha,0.0,3,3,1,0,0,0,0,0,0,0,0,0,0,0,4,-1,1,Encalç,-1,1,2,4,2,2,0,7.02,0,2,5,29,7
14733,2017,1,2017-10-15,SE,BARCELONA,Barcelones,3,0,1,0,2,0,0,0,1,1,0,0,0,100.0,0.0,1,-1,No n'hi ha,-1.0,3,3,1,0,0,0,0,0,0,0,0,0,0,0,4,-1,0,Encalç,-1,2,2,5,-1,2,0,11.15,0,2,6,15,10
14734,2017,0,2017-10-01,C-55,CALLUS,Bages,3,1,0,0,1,0,0,0,0,1,0,0,0,100.0,0.0,0,2,No n'hi ha,-1.0,3,3,0,0,0,0,0,0,0,0,0,0,0,0,1,-1,1,Resta sortides de via,-1,1,2,4,2,2,0,7.23,0,1,6,1,10
14735,2017,0,2017-04-11,BV-4131,PUIG-REIG,Bergueda,3,0,1,3,2,0,0,0,0,2,0,0,0,50.0,0.0,0,2,No n'hi ha,-1.0,3,3,1,0,0,0,0,0,0,0,0,0,1,0,4,-1,1,Col·lisió frontal,-1,1,2,4,0,2,1,18.57,1,2,1,11,4
14736,2017,0,2017-03-12,N-420,CASERES,Terra Alta,0,1,1,0,1,0,0,0,0,1,0,0,0,100.0,0.0,0,1,No n'hi ha,-1.0,3,3,0,0,0,0,0,0,0,0,0,0,0,0,3,-1,1,Resta sortides de via,-1,1,2,4,1,2,0,19.2,1,1,6,12,3
14737,2017,1,2017-01-27,SE,ARENYS DE MAR,Maresme,3,0,1,0,2,1,0,0,0,1,0,0,0,100.0,0.0,0,2,No n'hi ha,-1.0,3,3,1,0,0,0,0,0,0,0,0,0,0,0,4,-1,0,Atropellament,-1,2,2,5,-1,2,1,9.02,0,3,4,27,1
14738,2017,1,2017-06-12,SE,ARBUCIES,Selva,1,0,1,0,2,0,0,0,1,1,0,0,0,100.0,0.0,0,1,No n'hi ha,-1.0,3,3,1,0,0,0,0,0,0,0,0,0,0,0,4,-1,1,Col·lisió frontal,-1,2,2,5,-1,2,1,15.35,1,2,0,12,6
14739,2017,1,2017-11-02,SE,LLEIDA,Segria,2,0,1,0,2,0,0,1,0,1,0,0,0,20.0,0.0,0,2,No n'hi ha,-1.0,3,3,1,-1,0,0,0,-1,0,0,0,0,-1,1,4,3,1,Fregament o col·lisió lateral,1,2,2,5,-1,2,1,15.4,1,2,3,2,11
14740,2017,0,2017-08-09,C-16,BARCELONA,Barcelones,3,0,1,1,2,0,0,0,0,2,0,0,0,80.0,0.0,0,2,Carril reversible,-1.0,1,3,1,0,0,0,0,0,0,0,0,0,0,0,2,-1,1,Col·lisió frontal,-1,1,2,4,2,2,1,19.53,1,2,2,9,8
14741,2017,1,2017-07-24,SE,MANRESA,Bages,3,0,1,0,2,0,0,0,1,0,1,0,0,100.0,0.0,0,2,No n'hi ha,-1.0,3,3,1,0,0,0,0,0,0,0,0,0,0,1,4,4,0,Envestida (frontal lateral),2,2,2,5,-1,2,1,10.1,0,2,0,24,7
14742,2017,1,2017-03-30,SE,POLINYA,Valles Occidental,3,0,1,0,2,0,0,0,1,1,0,0,0,100.0,0.0,0,-1,No n'hi ha,-1.0,3,3,1,0,0,0,0,0,0,0,0,0,0,0,4,-1,-1,Altres,-1,2,2,5,-1,2,1,16.4,1,5,3,30,3
14743,2017,0,2017-09-04,N-340,"ARBO?, L'",Baix Penedes,0,0,1,0,2,0,0,0,1,1,0,0,0,40.0,0.0,0,2,No n'hi ha,-1.0,3,3,1,0,0,0,0,0,0,0,0,0,0,2,4,4,1,Envestida (frontal lateral),3,1,2,4,1,2,1,14.11,1,2,0,4,9
14744,2017,0,2017-01-05,AL,FORALLAC,Baix Emporda,1,0,1,0,1,0,0,0,0,0,0,1,0,30.0,0.0,0,2,No n'hi ha,-1.0,3,3,1,0,0,0,0,0,0,0,0,0,0,0,0,-1,1,Altres,-1,1,2,3,0,2,1,19.03,1,5,3,5,1
14745,2017,1,2017-03-22,SE,MATARO,Maresme,3,0,1,0,1,0,0,0,1,0,0,0,0,20.0,0.0,0,-1,No n'hi ha,-1.0,3,3,1,0,-1,0,0,0,0,0,0,0,0,0,4,-1,0,Caiguda en la via,-1,2,2,5,0,2,1,10.47,0,0,2,22,3
14746,2017,0,2017-01-22,BP-1432,"AMETLLA DEL VALLES,",Valles Oriental,3,0,1,0,2,0,0,0,1,1,0,0,0,100.0,0.0,0,1,No n'hi ha,-1.0,3,3,1,0,0,0,0,0,0,0,0,0,0,0,2,-1,1,Col·lisió frontal,-1,1,2,4,3,2,0,14.04,1,2,6,22,1
14747,2017,1,2017-06-06,SE,VILASSAR DE MAR,Maresme,3,0,1,0,2,1,0,0,0,1,0,0,0,100.0,0.0,0,2,No n'hi ha,-1.0,3,3,1,0,0,0,0,0,0,0,0,0,0,2,4,4,0,Atropellament,-1,2,2,5,-1,2,1,17.0,1,3,1,6,6
14748,2017,1,2017-09-04,SE,BARCELONA,Barcelones,3,0,1,0,2,0,0,0,1,1,0,0,0,100.0,0.0,1,-1,No n'hi ha,-1.0,3,3,1,0,0,0,0,0,0,0,0,0,0,0,4,-1,0,Envestida (frontal lateral),-1,2,2,5,-1,2,1,16.05,1,2,0,4,9
14749,2017,1,2017-11-18,SE,BARCELONA,Barcelones,3,0,1,0,2,0,0,0,1,1,0,0,0,100.0,0.0,1,-1,Carril bus,-1.0,3,3,1,0,0,0,0,0,0,0,0,0,0,1,0,-1,0,Envestida (frontal lateral),2,2,2,5,-1,2,0,18.32,1,2,5,18,11
14750,2017,1,2017-02-17,SE,IGUALADA,Anoia,3,0,1,1,2,0,0,0,1,1,0,0,0,50.0,0.0,0,2,No n'hi ha,-1.0,3,3,1,-1,0,0,0,-1,0,0,0,0,-1,1,5,4,1,Fregament o col·lisió lateral,1,2,2,5,-1,2,0,20.4,1,2,4,17,2
14751,2017,1,2017-04-24,SE,BARCELONA,Barcelones,3,0,1,0,2,0,1,0,0,1,0,0,0,100.0,0.0,1,-1,No n'hi ha,-1.0,3,3,1,0,0,0,0,0,0,0,0,0,0,0,4,-1,0,Fregament o col·lisió lateral,-1,2,2,5,-1,2,1,13.35,0,2,0,24,4
14752,2017,0,2017-10-20,GI-514,SANT JULIA DE RAMIS,Girones,1,1,0,0,1,0,0,0,0,1,0,0,0,100.0,0.0,0,0,No n'hi ha,-1.0,3,3,0,0,0,0,0,0,0,0,0,0,0,0,4,-1,1,Resta sortides de via,-1,1,2,4,2,2,1,14.52,1,1,4,20,10
14753,2017,1,2017-04-26,SE,GIRONA,Girones,1,0,1,0,1,0,0,1,0,0,0,0,0,30.0,1.0,0,2,No n'hi ha,-1.0,1,3,1,0,0,0,0,0,0,0,0,0,0,1,4,4,0,Caiguda en la via,2,2,2,5,-1,2,1,13.27,0,0,2,26,4
14754,2017,1,2017-04-13,SE,CASTELLDEFELS,Baix Llobregat,3,0,1,1,2,1,1,0,0,0,0,0,0,100.0,0.0,0,-1,No n'hi ha,-1.0,3,3,1,0,0,0,0,0,0,0,0,0,0,0,4,-1,-1,Altres,-1,2,2,5,-1,2,1,13.55,0,5,3,13,4
14755,2017,0,2017-08-05,C-33,MONTCADA I REIXAC,Valles Occidental,3,0,2,3,2,0,0,0,0,2,0,0,0,100.0,0.0,0,3,No n'hi ha,-1.0,3,3,1,0,0,0,0,0,0,0,0,0,0,0,4,-1,0,Fregament o col·lisió lateral,-1,1,2,4,2,2,0,7.55,0,2,5,5,8
14756,2017,1,2017-04-12,SE,VIC,Osona,3,1,0,0,1,0,0,0,0,1,0,0,0,100.0,0.0,0,2,No n'hi ha,-1.0,3,3,0,0,0,0,0,0,0,0,0,0,0,1,4,4,0,Xoc contra objecte/obstacle sense sortida prèvia de via,0,2,2,5,-1,2,1,8.28,0,4,2,12,4
14757,2017,0,2017-06-15,B-22,"PRAT DE LLOBREGAT, E",Baix Llobregat,3,0,1,1,1,0,0,0,1,0,0,0,0,40.0,0.0,0,2,No n'hi ha,-1.0,3,3,1,0,0,0,0,0,0,0,0,0,0,0,4,-1,0,Xoc contra objecte/obstacle sense sortida prèvia de via,-1,1,2,4,1,2,1,11.31,0,4,3,15,6
14758,2017,1,2017-08-08,SE,ARENYS DE MAR,Maresme,3,0,1,0,2,0,0,0,1,1,0,0,0,100.0,0.0,0,2,No n'hi ha,-1.0,3,3,1,0,0,0,0,0,0,0,0,0,0,1,4,4,1,Envestida (frontal lateral),0,2,2,5,-1,2,1,17.49,1,2,1,8,8
14759,2017,1,2017-03-12,SE,MACANET DE LA SELVA,Selva,1,0,1,0,2,0,0,0,0,2,0,0,0,40.0,0.0,0,1,No n'hi ha,-1.0,3,3,1,0,0,0,0,0,0,0,0,0,0,0,3,-1,1,Resta sortides de via,-1,2,2,5,0,2,0,3.44,2,1,6,12,3
14760,2017,0,2017-05-31,T-700,"ESPLUGA DE FRANCOLI, L'",Conca de Barbera,0,0,1,0,2,0,0,0,1,1,0,0,0,50.0,0.0,0,2,No n'hi ha,-1.0,3,3,1,0,0,0,0,0,0,0,0,0,0,1,4,4,1,Col·lisió frontal,1,1,2,4,2,2,1,19.14,1,2,2,31,5
14761,2017,1,2017-12-02,SE,BARCELONA,Barcelones,3,0,2,2,5,4,0,0,0,1,0,0,0,100.0,0.0,1,-1,No n'hi ha,-1.0,3,3,1,0,0,0,0,0,0,0,0,0,0,1,0,-1,1,Atropellament,1,2,2,5,-1,2,0,20.0,1,3,5,2,12
14762,2017,1,2017-07-28,GI-682,BLANES,Selva,1,0,2,0,2,0,0,0,1,1,0,0,0,100.0,0.0,0,1,Altres,-1.0,3,3,1,0,0,0,0,0,0,0,0,0,0,0,0,-1,1,Envestida (frontal lateral),-1,0,2,4,2,2,0,21.52,1,2,4,28,7
14763,2017,1,2017-06-14,SE,CAMBRILS,Baix Camp,0,0,1,0,1,0,0,0,1,0,0,0,0,100.0,0.0,0,-1,No n'hi ha,-1.0,3,3,1,0,0,0,0,0,0,0,0,0,0,0,4,-1,-1,Caiguda en la via,-1,2,2,5,-1,2,1,3.2,2,0,2,14,6
14764,2017,1,2017-06-03,SE,"VENDRELL, EL",Baix Penedes,0,0,1,0,1,0,0,0,0,1,0,0,0,40.0,0.0,0,-1,No n'hi ha,-1.0,1,3,1,-1,-1,0,0,-1,0,0,0,0,0,0,2,-1,1,Sortida de via amb xoc o col·lisió,-1,2,0,5,-1,2,0,13.31,0,1,5,3,6
14765,2017,0,2017-06-12,N-141,BOSSOST,Val d'Aran,2,0,1,0,2,0,0,0,1,1,0,0,0,100.0,0.0,0,1,No n'hi ha,-1.0,3,3,1,0,0,0,0,0,0,0,0,0,0,0,4,-1,1,Col·lisió frontal,-1,1,2,4,1,2,1,18.41,1,2,0,12,6