,Year,Area,Date,Road,Municipality Name,County Name,Province Name,Fatalties,Serious Injuries,Light Injuries,Units Involved,Pedestrains Involved,Bicycles Involved,Mopeds Involved,Motorcycles,Light Vehicles Involved,Heavy Vehicles Involved,Other Units Involved,Unspecified Units Involved,Road Speed Limit,Accident with Hit and Run,Fog Presence,Surrounding Environment,Special Lane Presence,Special Traffic Measures,Weather Conditions,Special Road Functions,Severity of Accident,Influence of Fog,Influence of Environment,Influence of Traffic,Influence of Weather,Influence of Wind Intensity,Influence of Lighting,Influence of Special Measures,Influence of Road Objects,Influence of Road Surface,Influence of Visibility,Intersection Characteristics,Lighting Conditions,Traffic Regulation and Priority,Direction of Road,Subtype of Accident,Subtype of Road Section,Subzone within Area,Road Surface Conditions,Type of Road,Road Ownership,Wind Conditions,Day of the Week Grouping,Hour of Day,Time of Day Grouping,Type of Accident,Day Type,Day,Month
14766,2017,1,2017-10-02,SE,"VENDRELL, EL",Baix Penedes,0,0,1,0,2,1,0,0,0,1,0,0,0,40.0,0.0,0,-1,No n'hi ha,-1.0,3,3,1,-1,-1,0,0,-1,0,0,0,0,-1,0,4,-1,1,Atropellament,-1,2,2,5,-1,2,1,14.55,1,3,0,2,10
14767,2017,0,2017-06-13,C-12,"AVELLANES I SANTA LINYA, LES",Noguera,2,0,1,1,1,0,0,0,0,1,0,0,0,90.0,0.0,0,-1,Sense Especificar,-1.0,3,3,1,0,0,0,0,0,0,0,0,0,0,0,4,-1,-1,Resta sortides de via,-1,1,2,4,4,2,1,16.45,1,1,1,13,6
14768,2017,1,2017-03-14,SE,SANTA MARIA DE PALAU,Valles Oriental,3,0,1,0,2,0,0,0,1,0,1,0,0,100.0,0.0,0,2,No n'hi ha,-1.0,3,3,1,0,0,0,0,0,0,0,0,0,0,0,1,-1,1,Envestida (frontal lateral),-1,2,2,5,-1,2,1,19.15,1,2,1,14,3
14769,2017,1,2017-05-11,SE,REUS,Baix Camp,0,0,1,0,2,1,0,0,0,1,0,0,0,100.0,0.0,0,-1,No n'hi ha,-1.0,3,3,1,0,0,0,0,0,0,0,0,0,0,0,4,-1,-1,Atropellament,-1,2,2,5,-1,2,1,22.25,2,3,3,11,5
14770,2017,0,2017-12-23,AL,SABADELL,Valles Occidental,3,1,0,2,3,0,0,0,0,3,0,0,0,100.0,0.0,0,-1,No n'hi ha,-1.0,3,3,0,0,0,0,0,0,0,0,0,0,0,0,4,-1,-1,Col·lisió frontal,-1,1,2,4,-1,2,0,20.52,1,2,5,23,12
14771,2017,0,2017-10-05,GI-553,SANT FELIU DE BUIXALLEU,Selva,1,0,1,0,2,0,0,1,0,1,0,0,0,100.0,0.0,0,2,No n'hi ha,-1.0,3,3,1,0,0,0,0,0,0,0,0,0,0,0,3,-1,1,Encalç,-1,1,2,4,2,2,1,7.1,0,2,3,5,10
14772,2017,0,2017-05-12,BV-2151,FONT-RUBI,Alt Penedes,3,0,1,0,2,0,1,0,0,1,0,0,0,100.0,0.0,0,2,No n'hi ha,-1.0,3,3,1,0,0,0,0,0,0,0,0,0,0,1,1,4,1,Altres,2,1,2,4,3,2,0,20.38,1,5,4,12,5
14773,2017,0,2017-06-05,C-14,VILAVERD,Conca de Barbera,0,0,1,2,3,0,0,0,0,3,0,0,0,100.0,0.0,0,1,No n'hi ha,-1.0,1,3,1,0,0,0,0,0,0,0,0,0,0,0,2,-1,1,Envestida (frontal lateral),-1,1,2,4,2,2,1,7.24,0,2,0,5,6
14774,2017,1,2017-07-26,SE,MOLLET DEL VALLES,Valles Oriental,3,0,1,0,1,0,0,0,1,0,0,0,0,100.0,0.0,0,2,No n'hi ha,-1.0,3,3,1,0,0,0,0,0,0,0,0,0,0,1,4,-1,0,Xoc contra objecte/obstacle sense sortida prèvia de via,1,2,2,5,-1,2,1,19.15,1,4,2,26,7
14775,2017,1,2017-05-08,SE,BARCELONA,Barcelones,3,1,0,0,1,0,0,0,1,0,0,0,0,100.0,0.0,1,-1,No n'hi ha,-1.0,3,3,0,0,0,0,0,0,0,0,0,0,0,0,4,-1,1,Caiguda en la via,-1,2,2,5,-1,2,1,7.45,0,0,0,8,5
14776,2017,0,2017-07-22,LV-2001,JUNEDA,Garrigues,2,0,1,0,1,0,0,0,0,1,0,0,0,90.0,0.0,0,-1,Sense Especificar,-1.0,3,3,1,0,0,0,0,0,0,0,0,0,0,0,4,-1,-1,Resta sortides de via,-1,1,2,4,4,2,0,2.18,2,1,5,22,7
14777,2017,1,2017-08-06,C-245,ESPLUGUES DE LLOBREGAT,Baix Llobregat,3,1,0,1,1,0,0,0,0,1,0,0,0,90.0,0.0,0,2,No n'hi ha,-1.0,3,3,0,-1,0,0,0,-1,0,0,0,0,-1,1,5,3,1,Sortida de via amb xoc o col·lisió,0,0,0,4,-1,2,0,3.57,2,1,6,6,8
14778,2017,0,2017-08-14,BP-2427,SUBIRATS,Alt Penedes,3,0,1,1,2,0,0,0,1,1,0,0,0,100.0,0.0,0,2,No n'hi ha,-1.0,3,3,1,0,0,0,0,0,0,0,0,0,0,0,4,-1,1,Envestida (frontal lateral),-1,1,2,4,3,2,1,11.33,0,2,0,14,8
14779,2017,0,2017-11-11,C-31,HOSPITALET DE LLOBREGAT,Barcelones,3,0,1,0,2,0,0,0,1,0,1,0,0,80.0,0.0,0,2,No n'hi ha,-1.0,3,3,1,0,0,0,0,0,0,0,0,0,0,0,1,-1,0,Encalç,-1,1,2,4,2,2,0,7.3,0,2,5,11,11
14780,2017,1,2017-07-20,SE,TARRAGONA,Tarragones,0,0,1,0,2,1,0,0,0,1,0,0,0,20.0,0.0,0,2,No n'hi ha,-1.0,3,3,1,-1,0,0,0,-1,0,0,0,0,-1,0,5,-1,1,Atropellament,-1,2,2,5,-1,2,1,22.28,2,3,3,20,7
14781,2017,1,2017-07-21,SE,FIGUERES,Alt Emporda,1,0,1,0,2,1,0,0,0,1,0,0,0,30.0,0.0,0,2,No n'hi ha,0.0,3,3,1,0,0,0,0,0,0,0,0,0,0,0,4,-1,1,Atropellament,-1,2,2,5,2,2,1,13.4,0,3,4,21,7
14782,2017,1,2017-04-17,SE,MATARO,Maresme,3,0,2,0,2,1,0,0,1,0,0,0,0,20.0,0.0,0,1,No n'hi ha,-1.0,3,3,1,-1,0,0,0,-1,0,0,0,0,-1,0,4,-1,1,Atropellament,-1,2,2,5,-1,2,1,19.45,1,3,0,17,4
14783,2017,1,2017-04-02,SE,BARCELONA,Barcelones,3,0,1,0,3,0,0,0,1,2,0,0,0,100.0,0.0,1,-1,No n'hi ha,-1.0,3,3,1,0,0,0,0,0,0,0,0,0,0,0,0,-1,1,Fregament o col·lisió lateral,-1,2,2,5,-1,2,0,21.04,1,2,6,2,4
14784,2017,1,2017-02-13,SE,RUBI,Valles Occidental,3,0,1,0,4,1,0,0,0,3,0,0,0,100.0,0.0,0,2,No n'hi ha,-1.0,3,3,1,0,0,0,0,0,0,0,0,0,0,0,2,-1,1,Xoc contra objecte/obstacle sense sortida prèvia de via,-1,2,2,5,-1,2,1,9.55,0,4,0,13,2
14785,2017,1,2017-03-16,SE,MATARO,Maresme,3,0,1,0,2,0,0,1,0,1,0,0,0,20.0,0.0,0,-1,No n'hi ha,-1.0,3,3,1,0,-1,0,0,0,0,0,0,0,0,1,5,5,-1,Envestida (frontal lateral),2,2,2,5,-1,2,1,20.15,1,2,3,16,3
14786,2017,1,2017-09-10,SE,SANT BOI DE LLOBREGAT,Baix Llobregat,3,1,1,0,3,0,0,0,1,2,0,0,0,100.0,0.0,0,-1,No n'hi ha,-1.0,3,3,0,0,0,0,0,0,0,0,0,0,0,0,4,-1,-1,Xoc contra objecte/obstacle sense sortida prèvia de via,-1,2,2,5,-1,2,0,3.32,2,4,6,10,9
14787,2017,0,2017-05-05,GI-682,TOSSA DE MAR,Selva,1,0,1,0,1,0,0,0,1,0,0,0,0,100.0,0.0,0,1,No n'hi ha,-1.0,3,3,1,0,0,0,0,0,0,0,0,0,0,0,4,-1,1,Caiguda en la via,-1,1,2,4,2,2,1,12.06,0,0,4,5,5
14788,2017,0,2017-05-12,CR40,RUBI,Valles Occidental,3,0,1,0,2,0,0,0,1,1,0,0,0,40.0,0.0,0,1,No n'hi ha,,3,3,1,0,1,0,0,0,0,0,0,0,0,0,4,-1,1,Envestida (frontal lateral),-1,1,2,3,0,2,0,17.2,1,2,4,12,5
14789,2017,1,2017-01-15,SE,HOSPITALET DE LLOBREGAT,Barcelones,3,0,1,1,2,1,0,0,1,0,0,0,0,20.0,0.0,0,2,No n'hi ha,-1.0,3,3,1,-1,0,0,0,-1,0,0,0,0,-1,1,1,3,0,Atropellament,2,2,2,5,-1,2,0,20.12,1,3,6,15,1
14790,2017,0,2017-04-19,CR,BEGUES,Baix Llobregat,3,1,0,0,2,0,1,0,0,1,0,0,0,30.0,0.0,0,3,No n'hi ha,-1.0,3,3,0,0,0,0,0,0,0,0,0,0,0,0,4,-1,1,Fregament o col·lisió lateral,-1,1,2,3,3,2,1,13.39,0,2,2,19,4
14791,2017,1,2017-09-26,SE,GRANOLLERS,Valles Oriental,3,0,1,0,2,0,0,0,1,1,0,0,0,40.0,0.0,0,2,Carril central,-1.0,3,3,1,0,0,0,0,0,0,0,0,0,0,1,4,4,1,Envestida (frontal lateral),1,2,2,5,-1,2,1,8.0,0,2,1,26,9
14792,2017,1,2017-04-02,N-II,"JONQUERA, LA",Alt Emporda,1,0,1,3,2,0,0,0,0,2,0,0,0,50.0,0.0,0,3,No n'hi ha,0.0,3,3,1,0,0,0,0,0,0,0,0,0,0,0,4,-1,1,Fregament o col·lisió lateral,-1,0,2,4,1,2,0,10.24,0,2,6,2,4
14793,2017,0,2017-04-19,BV-2421,"PALMA DE CERVELLO, LA",Baix Llobregat,3,0,1,0,2,0,0,0,1,0,1,0,0,100.0,0.0,0,3,No n'hi ha,-1.0,3,3,1,0,0,0,0,0,0,0,0,0,0,0,4,-1,1,Encalç,-1,1,2,4,3,2,1,13.08,0,2,2,19,4
14794,2017,0,2017-10-12,C-242,"GRANADELLA, LA",Garrigues,2,0,1,0,1,0,0,0,1,0,0,0,0,90.0,0.0,0,-1,Sense Especificar,-1.0,3,3,1,0,0,0,0,0,0,0,0,0,0,0,4,-1,-1,Resta sortides de via,-1,1,2,4,4,2,1,12.22,0,1,3,12,10
14795,2017,0,2017-08-31,N-150,TERRASSA,Valles Occidental,3,0,1,0,2,0,0,0,1,1,0,0,0,40.0,0.0,0,2,No n'hi ha,-1.0,3,3,1,0,0,0,0,0,0,0,0,0,0,1,2,4,1,Caiguda en la via,0,1,2,4,1,2,1,10.26,0,0,3,31,8
14796,2017,1,2017-03-04,SE,BARCELONA,Barcelones,3,0,1,0,2,0,0,1,0,1,0,0,0,100.0,0.0,0,-1,No n'hi ha,-1.0,1,3,1,0,0,0,0,0,0,0,0,0,1,1,5,3,0,Envestida (frontal lateral),2,2,0,5,-1,2,0,3.45,2,2,5,4,3
14797,2017,1,2017-09-19,SE,VILAFRANCA DEL PENEDES,Alt Penedes,3,0,1,0,2,0,1,0,0,1,0,0,0,20.0,0.0,0,-1,No n'hi ha,-1.0,3,3,1,0,0,0,0,0,0,0,0,0,0,1,4,2,0,Fregament o col·lisió lateral,1,2,2,5,-1,2,1,7.2,0,2,1,19,9
14798,2017,1,2017-02-24,SE,BARCELONA,Barcelones,3,0,1,0,2,0,0,0,1,1,0,0,0,100.0,0.0,0,-1,No n'hi ha,-1.0,1,3,1,0,0,0,0,0,0,0,0,0,0,0,4,-1,1,Caiguda en la via,-1,2,0,5,-1,2,1,14.0,1,0,4,24,2
14799,2017,1,2017-06-18,BP-1432,"AMETLLA DEL VALLES,",Valles Oriental,3,0,1,0,2,0,0,0,1,1,0,0,0,100.0,0.0,0,2,No n'hi ha,-1.0,3,3,1,0,0,0,0,0,0,0,0,0,0,0,4,-1,1,Col·lisió frontal,-1,0,2,4,0,2,0,12.0,0,2,6,18,6
14800,2017,1,2017-05-02,SE,BARCELONA,Barcelones,3,0,1,1,2,1,0,0,1,0,0,0,0,100.0,0.0,1,-1,No n'hi ha,-1.0,3,3,1,0,0,0,0,0,0,0,0,0,0,1,4,-1,1,Atropellament,1,2,2,5,-1,2,1,7.55,0,3,1,2,5
14801,2017,0,2017-07-17,A-2,AIGUAVIVA,Girones,1,1,0,0,3,0,0,0,1,0,2,0,0,100.0,0.0,0,2,No n'hi ha,-1.0,3,3,0,0,0,0,0,0,0,0,0,0,0,0,3,-1,0,Caiguda en la via,-1,1,2,4,1,2,1,2.56,2,0,0,17,7
14802,2017,1,2017-08-07,SE,REUS,Baix Camp,0,0,1,0,2,0,0,0,0,2,0,0,0,100.0,0.0,0,2,No n'hi ha,-1.0,3,3,1,0,0,0,0,0,0,0,0,0,0,1,4,4,0,Envestida (frontal lateral),1,2,2,5,-1,2,1,14.46,1,2,0,7,8
14803,2017,0,2017-05-17,AP-7,SANT CUGAT DEL VALLES,Valles Occidental,3,1,0,0,2,0,0,0,0,0,2,0,0,100.0,0.0,0,-1,No n'hi ha,-1.0,3,3,0,0,0,0,0,0,0,0,0,0,0,0,4,-1,-1,Fregament o col·lisió lateral,-1,1,2,4,-1,2,1,2.38,2,2,2,17,5
14804,2017,0,2017-07-15,C-152,"PRESES, LES",Garrotxa,1,0,1,1,2,0,0,0,0,2,0,0,0,50.0,0.0,0,2,No n'hi ha,-1.0,3,3,1,0,0,0,0,0,0,0,0,0,0,1,4,4,1,Col·lisió frontal,1,1,2,4,3,2,0,12.38,0,2,5,15,7
14805,2017,1,2017-01-30,SE,PALAU DE PLEGAMANS,Valles Occidental,3,0,2,0,2,0,0,0,1,1,0,0,0,100.0,0.0,0,2,No n'hi ha,-1.0,3,3,1,0,0,0,0,0,0,0,0,0,0,1,4,4,1,Envestida (frontal lateral),1,2,2,5,-1,2,1,14.0,1,2,0,30,1
14806,2017,1,2017-08-08,SE,SANT CARLES DE LA RAPITA,Montsia,0,0,1,0,2,0,0,0,1,1,0,0,0,40.0,0.0,0,2,No n'hi ha,-1.0,3,3,1,0,0,0,0,0,0,0,0,0,0,1,4,3,1,Envestida (frontal lateral),2,2,2,5,-1,2,1,15.1,1,2,1,8,8
14807,2017,0,2017-09-27,GI-642,RUPIA,Baix Emporda,1,0,1,0,2,0,0,0,0,2,0,0,0,100.0,1.0,0,3,No n'hi ha,-1.0,3,3,1,0,0,0,0,0,0,0,0,0,0,0,4,-1,1,Col·lisió frontal,-1,1,2,4,2,2,1,13.56,0,2,2,27,9
14808,2017,1,2017-11-20,SE,BARCELONA,Barcelones,3,0,1,0,2,1,0,0,1,0,0,0,0,100.0,0.0,1,-1,No n'hi ha,-1.0,3,3,1,0,0,0,0,0,0,0,0,0,0,0,4,-1,0,Atropellament,-1,2,2,5,-1,2,1,14.5,1,3,0,20,11
14809,2017,0,2017-08-13,N-230,ALGUAIRE,Segria,2,0,1,0,1,0,0,0,1,0,0,0,0,90.0,0.0,0,-1,Sense Especificar,-1.0,3,3,1,0,0,0,0,0,0,0,0,0,0,0,4,-1,-1,Altres,-1,1,2,4,4,2,0,7.43,0,5,6,13,8
14810,2017,1,2017-08-10,C-53,"FULIOLA, LA",Urgell,2,0,1,0,2,1,0,0,0,1,0,0,0,100.0,0.0,0,2,No n'hi ha,-1.0,3,3,1,0,0,0,0,0,0,0,0,0,0,1,4,4,1,Atropellament,2,0,2,4,0,2,1,17.55,1,3,3,10,8
14811,2017,1,2017-11-23,SE,GIRONA,Girones,1,0,1,1,2,0,0,1,0,1,0,0,0,100.0,0.0,0,2,No n'hi ha,-1.0,3,3,1,0,0,0,0,0,0,0,0,0,0,1,5,4,1,Col·lisió frontal,1,2,2,5,-1,2,1,18.14,1,2,3,23,11
14812,2017,0,2017-11-11,C-16,BALSARENY,Bages,3,0,1,1,2,0,0,0,0,2,0,0,0,100.0,0.0,0,0,Carril acceleració,-1.0,3,3,1,0,0,0,0,0,0,0,0,0,0,0,2,-1,1,Envestida (frontal lateral),-1,1,2,4,2,2,0,12.23,0,2,5,11,11
14813,2017,0,2017-10-03,C-17,GRANOLLERS,Valles Oriental,3,0,1,0,3,0,0,0,1,2,0,0,0,100.0,0.0,0,0,No n'hi ha,-1.0,3,3,1,0,0,0,0,0,0,0,0,0,0,1,4,2,1,Fregament o col·lisió lateral,3,1,2,4,2,2,1,11.3,0,2,1,3,10
14814,2017,1,2017-04-10,SE,"GARRIGA, LA",Valles Oriental,3,0,1,1,4,2,0,0,0,1,1,0,0,30.0,0.0,0,2,No n'hi ha,-1.0,3,3,1,-1,0,0,0,-1,0,0,0,0,-1,0,4,-1,1,Xoc contra objecte/obstacle sense sortida prèvia de via,-1,2,2,5,-1,2,1,13.2,0,4,0,10,4
14815,2017,1,2017-09-25,SE,VERDU,Urgell,2,0,1,1,2,0,0,0,0,2,0,0,0,20.0,0.0,0,-1,Sense Especificar,-1.0,3,3,1,0,0,0,0,0,0,0,0,0,0,0,4,-1,-1,Col·lisió frontal,-1,2,2,5,-1,2,1,17.5,1,2,0,25,9
14816,2017,0,2017-05-19,GIV-5224,"VALL D'EN BAS, LA",Garrotxa,1,0,1,1,2,0,0,1,0,1,0,0,0,100.0,0.0,0,1,No n'hi ha,-1.0,3,3,1,0,0,0,0,0,0,0,0,0,0,0,4,-1,1,Col·lisió frontal,-1,1,2,4,0,2,0,15.08,1,2,4,19,5
14817,2017,1,2017-08-08,C-1415a,TERRASSA,Valles Occidental,3,0,1,0,1,0,1,0,0,0,0,0,0,100.0,0.0,0,-1,No n'hi ha,-1.0,3,3,1,0,0,0,1,0,0,0,0,0,0,0,4,-1,-1,Caiguda en la via,-1,0,2,4,-1,2,1,12.15,0,0,1,8,8
14818,2017,0,2017-06-29,B-150,CASTELLBISBAL,Valles Occidental,3,0,1,0,1,0,0,0,1,0,0,0,0,50.0,0.0,0,1,No n'hi ha,-1.0,3,3,1,0,0,0,0,0,0,0,1,0,0,0,4,-1,1,Caiguda en la via,-1,1,2,4,3,2,1,9.25,0,0,3,29,6
14819,2017,0,2017-10-10,N-IIa,ALCARRAS,Segria,2,0,1,0,2,0,0,0,1,1,0,0,0,100.0,0.0,0,2,No n'hi ha,-1.0,3,3,1,0,0,0,0,0,0,0,0,0,0,1,4,4,1,Envestida (frontal lateral),3,1,2,4,1,2,1,11.22,0,2,1,10,10
14820,2017,1,2017-05-14,SE,BERGA,Bergueda,3,0,1,0,2,1,0,0,0,1,0,0,0,20.0,0.0,0,-1,Sense Especificar,-1.0,3,3,1,0,0,0,0,0,0,0,0,0,0,0,4,-1,1,Atropellament,-1,2,2,5,-1,2,0,11.4,0,3,6,14,5
14821,2017,0,2017-04-08,BP-5107,CANOVES I SAMALUS,Valles Oriental,3,0,1,0,1,0,0,0,1,0,0,0,0,50.0,0.0,0,3,No n'hi ha,-1.0,3,3,1,0,0,0,0,0,0,0,0,0,0,0,4,-1,1,Caiguda en la via,-1,1,2,4,3,2,0,17.47,1,0,5,8,4
14822,2017,0,2017-02-22,AP-7,BARBERA DEL VALLES,Valles Occidental,3,0,1,0,3,0,0,0,1,2,0,0,0,100.0,0.0,0,2,No n'hi ha,-1.0,3,3,1,0,0,0,0,0,0,0,0,0,0,0,5,-1,1,Altres,-1,1,2,4,1,2,1,19.13,1,5,2,22,2
14823,2017,1,2017-12-05,SE,PALLEJA,Baix Llobregat,3,0,1,0,1,0,0,1,0,0,0,0,0,30.0,0.0,0,2,No n'hi ha,-1.0,3,3,1,0,0,0,0,0,0,0,0,0,0,0,1,-1,1,Resta sortides de via,-1,2,2,5,-1,2,1,18.59,1,1,1,5,12
14824,2017,1,2017-07-31,SE,SANT JOAN DESPI,Baix Llobregat,3,0,1,0,2,1,0,0,0,1,0,0,0,100.0,0.0,0,2,No n'hi ha,-1.0,3,3,1,0,0,0,0,0,0,0,0,0,0,0,1,-1,1,Atropellament,-1,2,2,5,-1,2,1,6.2,0,3,0,31,7
14825,2017,1,2017-07-17,SE,BARCELONA,Barcelones,3,0,1,0,2,0,0,0,0,2,0,0,0,100.0,0.0,1,-1,No n'hi ha,-1.0,3,3,1,0,0,0,0,0,0,0,0,0,0,1,4,-1,1,Envestida (frontal lateral),1,2,2,5,-1,2,1,14.0,1,2,0,17,7
14826,2017,1,2017-06-22,SE,GIRONA,Girones,1,0,1,0,2,0,1,0,0,1,0,0,0,30.0,0.0,0,3,No n'hi ha,-1.0,3,3,1,0,0,0,0,0,0,0,0,0,0,0,4,-1,1,Col·lisió frontal,-1,2,2,5,-1,2,1,19.06,1,2,3,22,6
14827,2017,1,2017-10-04,C-152,"PRESES, LES",Garrotxa,1,0,1,1,2,0,0,0,0,2,0,0,0,50.0,0.0,0,1,No n'hi ha,-1.0,3,3,1,0,0,0,0,0,0,0,0,0,0,2,5,4,1,Col·lisió frontal,1,0,2,4,2,2,1,4.48,2,2,2,4,10
14828,2017,1,2017-01-28,SE,BARCELONA,Barcelones,3,0,1,0,2,0,0,1,0,1,0,0,0,100.0,0.0,0,-1,Carril bici,-1.0,3,3,1,0,0,0,0,0,0,0,0,0,0,1,4,3,0,Envestida (frontal lateral),2,2,2,5,-1,2,0,15.4,1,2,5,28,1
14829,2017,1,2017-02-14,SE,TORDERA,Maresme,3,0,1,0,1,0,0,0,1,0,0,0,0,100.0,1.0,0,2,No n'hi ha,-1.0,1,3,1,0,0,0,0,0,0,0,0,0,0,1,5,4,1,Envestida (frontal lateral),0,2,2,5,-1,2,1,22.2,2,2,1,14,2
14830,2017,0,2017-06-28,L-310,TORREFETA I FLOREJACS,Segarra,2,1,0,0,2,0,0,0,1,1,0,0,0,100.0,0.0,0,2,No n'hi ha,-1.0,3,3,0,0,0,0,0,0,0,0,0,0,0,0,4,-1,1,Encalç,-1,1,2,4,2,2,1,8.59,0,2,2,28,6
14831,2017,1,2017-07-06,SE,ROSES,Alt Emporda,1,0,1,0,5,0,0,0,4,1,0,0,0,40.0,0.0,0,-1,No n'hi ha,-1.0,3,3,1,-1,0,0,0,-1,0,0,0,0,0,1,4,5,0,Fregament o col·lisió lateral,1,2,2,5,-1,2,1,11.0,0,2,3,6,7
14832,2017,0,2017-12-09,C-162,FONTANALS DE CERDANYA,Cerdanya,1,0,3,4,2,0,0,0,0,2,0,0,0,100.0,0.0,0,1,No n'hi ha,-1.0,3,3,1,0,0,0,0,0,0,0,0,0,0,0,2,-1,1,Col·lisió frontal,-1,1,2,4,2,2,0,16.31,1,2,5,9,12
14833,2017,1,2017-10-09,C-153,OLOT,Garrotxa,1,0,1,0,2,0,0,0,1,1,0,0,0,100.0,0.0,0,2,No n'hi ha,-1.0,3,3,1,0,0,0,0,0,0,0,0,0,0,0,4,-1,1,Caiguda en la via,-1,0,2,4,0,2,1,17.57,1,0,0,9,10
14834,2017,1,2017-01-06,SE,TORROELLA DE MONTGRI,Baix Emporda,1,0,1,0,1,0,0,0,0,1,0,0,0,20.0,0.0,0,2,No n'hi ha,-1.0,3,3,1,-1,0,0,0,-1,0,0,0,0,-1,0,4,-1,1,Xoc contra objecte/obstacle sense sortida prèvia de via,-1,2,2,5,-1,2,1,7.28,0,4,4,6,1
14835,2017,1,2017-01-26,SE,MOLLERUSSA,Pla d'Urgell,2,0,1,0,2,1,0,0,0,1,0,0,0,30.0,0.0,0,2,No n'hi ha,-1.0,3,3,1,0,0,0,0,0,0,0,0,0,0,2,4,4,1,Atropellament,0,2,2,5,-1,2,1,12.35,0,3,3,26,1
14836,2017,1,2017-03-23,SE,VILAFRANCA DEL PENEDES,Alt Penedes,3,0,1,0,2,1,0,0,0,1,0,0,0,20.0,0.0,0,-1,No n'hi ha,-1.0,3,3,1,0,0,0,0,0,0,0,0,0,0,1,4,2,0,Atropellament,1,2,2,5,-1,2,1,12.06,0,3,3,23,3
14837,2017,1,2017-03-17,SE,TARRAGONA,Tarragones,0,0,1,1,2,1,0,0,1,0,0,0,0,20.0,0.0,0,2,No n'hi ha,-1.0,3,3,1,-1,0,0,0,-1,0,0,0,0,-1,1,5,3,1,Atropellament,2,2,2,5,-1,2,0,22.0,2,3,4,17,3
14838,2017,1,2017-05-06,SE,REUS,Baix Camp,0,0,1,1,1,0,0,0,0,1,0,0,0,100.0,0.0,0,-1,No n'hi ha,-1.0,3,3,1,0,0,0,0,0,1,0,0,0,0,0,4,-1,-1,Xoc contra objecte/obstacle sense sortida prèvia de via,-1,2,2,5,-1,2,0,20.38,1,4,5,6,5
14839,2017,0,2017-04-20,B-10,HOSPITALET DE LLOBREGAT,Barcelones,3,0,1,0,2,0,0,0,1,1,0,0,0,60.0,0.0,0,0,No n'hi ha,-1.0,3,3,1,0,0,0,0,0,0,0,0,0,0,0,4,-1,0,Fregament o col·lisió lateral,-1,1,2,4,1,2,1,15.2,1,2,3,20,4
14840,2017,1,2017-04-25,SE,BARCELONA,Barcelones,3,0,1,0,2,0,0,0,1,1,0,0,0,100.0,0.0,1,-1,Carril bus,-1.0,3,3,1,0,0,0,0,0,0,0,0,0,0,1,4,-1,0,Encalç,2,2,2,5,-1,2,1,17.3,1,2,1,25,4
14841,2017,1,2017-10-26,SE,BARCELONA,Barcelones,3,0,1,0,2,0,1,0,0,1,0,0,0,100.0,0.0,1,-1,Carril bus,-1.0,3,3,1,0,0,0,0,0,0,0,0,0,0,0,1,-1,1,Envestida (frontal lateral),-1,2,2,5,-1,2,1,7.35,0,2,3,26,10
14842,2017,1,2017-06-25,N-420a,MORA LA NOVA,Ribera d'Ebre,0,0,1,0,2,1,0,0,0,1,0,0,0,40.0,0.0,0,2,No n'hi ha,-1.0,3,3,1,0,0,0,0,0,0,0,0,0,0,0,4,-1,1,Atropellament,-1,0,2,4,-1,2,0,19.16,1,3,6,25,6
14843,2017,0,2017-05-23,C-62,OLOST,Osona,3,0,1,3,3,0,0,0,0,3,0,0,0,100.0,0.0,0,1,No n'hi ha,-1.0,3,3,1,0,0,0,0,0,0,0,0,0,0,0,4,-1,1,Fregament o col·lisió lateral,-1,1,2,4,2,2,1,18.55,1,2,1,23,5
14844,2017,0,2017-09-06,C-17,MONTCADA I REIXAC,Valles Occidental,3,0,1,0,3,0,0,0,1,2,0,0,0,50.0,0.0,0,1,No n'hi ha,3.0,3,3,1,0,0,0,0,0,0,0,0,0,0,2,4,4,0,Encalç,3,1,2,4,2,2,1,15.22,1,2,2,6,9
14845,2017,0,2017-05-01,C-55,SANT JOAN DE VILATOR,Bages,3,0,1,1,3,0,0,0,0,3,0,0,0,90.0,0.0,0,-1,Sense Especificar,-1.0,3,3,1,0,0,0,0,0,0,0,0,0,0,1,4,4,-1,Encalç,1,1,2,4,4,2,1,17.59,1,2,0,1,5
14846,2017,0,2017-01-31,C-12,GINESTAR,Ribera d'Ebre,0,0,1,1,2,0,0,0,0,2,0,0,0,100.0,0.0,1,3,No n'hi ha,-1.0,3,3,1,0,0,0,0,0,0,0,0,0,1,1,2,4,1,Col·lisió frontal,1,1,2,4,2,2,1,9.59,0,2,1,31,1
14847,2017,1,2017-09-18,SE,MANRESA,Bages,3,0,1,1,3,0,0,0,0,3,0,0,0,100.0,0.0,0,2,No n'hi ha,-1.0,3,3,1,0,0,0,0,0,0,0,0,0,0,0,4,-1,0,Encalç,-1,2,2,5,-1,2,1,12.2,0,2,0,18,9
14848,2017,0,2017-03-23,C-35,HOSTALRIC,Selva,1,0,2,4,2,0,0,0,0,2,0,0,0,100.0,0.0,0,1,No n'hi ha,-1.0,3,3,1,0,0,0,0,0,0,0,0,0,0,0,4,-1,1,Col·lisió frontal,-1,1,2,4,2,2,1,12.05,0,2,3,23,3