,Year,Area,Date,Road,Municipality Name,County Name,Province Name,Fatalties,Serious Injuries,Light Injuries,Units Involved,Pedestrains Involved,Bicycles Involved,Mopeds Involved,Motorcycles,Light Vehicles Involved,Heavy Vehicles Involved,Other Units Involved,Unspecified Units Involved,Road Speed Limit,Accident with Hit and Run,Fog Presence,Surrounding Environment,Special Lane Presence,Special Traffic Measures,Weather Conditions,Special Road Functions,Severity of Accident,Influence of Fog,Influence of Environment,Influence of Traffic,Influence of Weather,Influence of Wind Intensity,Influence of Lighting,Influence of Special Measures,Influence of Road Objects,Influence of Road Surface,Influence of Visibility,Intersection Characteristics,Lighting Conditions,Traffic Regulation and Priority,Direction of Road,Subtype of Accident,Subtype of Road Section,Subzone within Area,Road Surface Conditions,Type of Road,Road Ownership,Wind Conditions,Day of the Week Grouping,Hour of Day,Time of Day Grouping,Type of Accident,Day Type,Day,Month
14849,2017,0,2017-07-24,N-II,SANT JULIA DE RAMIS,Girones,1,2,2,0,2,0,0,0,0,2,0,0,0,80.0,0.0,0,2,No n'hi ha,-1.0,3,3,0,0,0,0,0,0,0,0,0,0,0,0,4,-1,1,Col·lisió frontal,-1,1,2,4,1,2,1,18.24,1,2,0,24,7
14850,2017,1,2017-10-26,SE,BARCELONA,Barcelones,3,0,1,1,3,1,0,0,0,2,0,0,0,100.0,0.0,1,-1,No n'hi ha,-1.0,3,3,1,0,0,0,0,0,0,0,0,0,0,0,4,-1,0,Atropellament,-1,2,2,5,-1,2,1,9.3,0,3,3,26,10
14851,2017,1,2017-06-20,SE,ARGENTONA,Maresme,3,0,1,0,2,1,0,0,0,1,0,0,0,100.0,0.0,0,2,Habilitació voral/carril addicional,-1.0,3,3,1,0,0,0,0,0,0,0,0,0,0,0,4,-1,0,Atropellament,-1,2,4,5,-1,2,1,10.45,0,3,1,20,6
14852,2017,0,2017-01-24,-GIP 6531.00,BEGUR,Baix Emporda,1,0,1,1,2,0,0,0,0,2,0,0,0,100.0,0.0,0,1,No n'hi ha,-1.0,3,3,1,0,0,0,0,0,0,0,0,0,0,1,4,4,1,Envestida (frontal lateral),1,1,2,4,3,2,1,11.3,0,2,1,24,1
14853,2017,0,2017-12-05,C-59,CALDES DE MONTBUI,Valles Oriental,3,0,1,0,2,0,0,0,1,1,0,0,0,100.0,0.0,0,2,No n'hi ha,-1.0,3,3,1,0,0,0,0,0,0,0,0,0,0,1,4,4,1,Envestida (frontal lateral),1,1,2,4,2,2,1,11.31,0,2,1,5,12
14854,2017,0,2017-03-05,GI-550,ARBUCIES,Selva,1,0,1,0,1,0,0,0,1,0,0,0,0,100.0,0.0,0,1,No n'hi ha,-1.0,3,3,1,0,0,0,0,0,0,0,0,0,0,0,4,-1,1,Resta sortides de via,-1,1,2,4,3,2,0,13.39,0,1,6,5,3
14855,2017,1,2017-07-26,SE,SEROS,Segria,2,0,1,0,1,0,0,0,0,1,0,0,0,20.0,0.0,0,-1,Sense Especificar,-1.0,3,3,1,0,0,0,0,0,0,0,0,0,0,0,4,-1,-1,Resta sortides de via,-1,2,2,5,-1,2,1,16.47,1,1,2,26,7
14856,2017,1,2017-10-27,SE,BARCELONA,Barcelones,3,0,1,2,2,0,0,0,1,1,0,0,0,100.0,0.0,1,-1,No n'hi ha,-1.0,3,3,1,0,0,0,0,0,0,0,0,0,0,1,0,-1,0,Envestida (frontal lateral),2,2,2,5,-1,2,0,23.05,2,2,4,27,10
14857,2017,1,2017-11-03,SE,SABADELL,Valles Occidental,3,1,0,0,2,1,0,0,0,1,0,0,0,100.0,0.0,0,-1,No n'hi ha,-1.0,3,3,0,0,0,0,0,0,0,0,0,0,0,0,4,-1,-1,Altres,-1,2,2,5,-1,2,1,12.4,0,5,4,3,11
14858,2017,0,2017-08-13,C-26,MONTMAJOR,Bergueda,3,1,0,0,2,0,1,0,0,0,1,0,0,100.0,0.0,0,2,No n'hi ha,-1.0,3,3,0,0,0,0,0,0,0,0,0,0,0,0,4,-1,1,Envestida (frontal lateral),-1,1,2,4,2,2,0,9.14,0,2,6,13,8
14859,2017,1,2017-08-02,SE,SALOU,Tarragones,0,0,1,0,2,0,0,0,1,1,0,0,0,100.0,0.0,0,2,No n'hi ha,-1.0,3,3,1,0,0,0,0,0,0,0,0,0,0,2,4,5,0,Envestida (frontal lateral),3,2,2,5,0,2,1,17.35,1,2,2,2,8
14860,2017,0,2017-03-01,C-153,SANTA MARIA DE CORCO,Osona,3,0,1,0,1,0,0,0,0,1,0,0,0,90.0,0.0,0,-1,Sense Especificar,-1.0,3,3,1,0,0,0,0,0,0,0,0,0,0,0,4,-1,-1,Resta sortides de via,-1,1,2,4,4,2,1,15.23,1,1,2,1,3
14861,2017,1,2017-09-05,SE,BADALONA,Barcelones,3,0,1,1,3,2,0,0,0,1,0,0,0,20.0,0.0,0,-1,No n'hi ha,-1.0,3,3,1,-1,0,0,0,-1,1,0,0,0,1,1,4,2,1,Atropellament,2,2,2,5,-1,2,1,18.3,1,3,1,5,9
14862,2017,1,2017-05-15,SE,REUS,Baix Camp,0,0,1,0,3,0,0,0,1,2,0,0,0,100.0,0.0,0,-1,No n'hi ha,-1.0,3,3,1,0,0,0,0,0,0,0,0,0,0,0,4,-1,-1,Envestida (frontal lateral),-1,2,2,5,-1,2,1,20.15,1,2,0,15,5
14863,2017,0,2017-11-23,BV-5001,MARTORELLES,Valles Oriental,3,0,1,1,2,0,0,0,0,2,0,0,0,50.0,0.0,0,1,No n'hi ha,-1.0,3,3,1,0,0,0,0,0,0,0,0,0,0,0,3,-1,1,Col·lisió frontal,-1,1,2,4,3,2,1,20.44,1,2,3,23,11
14864,2017,0,2017-02-26,C-63,LLORET DE MAR,Selva,1,0,4,1,2,0,0,0,0,2,0,0,0,80.0,0.0,0,2,No n'hi ha,-1.0,3,3,1,0,0,0,0,0,0,0,0,0,0,0,1,-1,1,Col·lisió frontal,-1,1,2,4,2,2,0,7.07,0,2,6,26,2
14865,2017,0,2017-06-18,N-260,MONTFERRER I CASTELLBO,Alt Urgell,2,0,1,3,2,0,0,0,0,2,0,0,0,100.0,0.0,0,3,No n'hi ha,-1.0,3,3,1,0,0,0,0,0,0,0,0,0,0,0,4,-1,1,Col·lisió frontal,-1,1,2,4,1,2,0,15.45,1,2,6,18,6
14866,2017,1,2017-08-04,SE,BARCELONA,Barcelones,3,0,1,2,2,0,0,2,0,0,0,0,0,100.0,0.0,1,-1,Carril bici,-1.0,3,3,1,0,0,0,0,0,0,0,0,0,0,1,0,-1,0,Envestida (frontal lateral),2,2,2,5,-1,2,1,0.4,2,2,4,4,8
14867,2017,0,2017-02-22,C-16,PUIG-REIG,Bergueda,3,0,1,0,2,1,0,0,0,1,0,0,0,100.0,1.0,0,0,No n'hi ha,-1.0,3,3,1,0,0,0,0,0,0,0,0,0,0,0,3,-1,0,Atropellament,-1,1,2,4,2,2,1,20.19,1,3,2,22,2
14868,2017,0,2017-11-17,GIV-6321,ALBONS,Baix Emporda,1,0,1,0,1,0,0,0,0,1,0,0,0,100.0,0.0,0,2,No n'hi ha,-1.0,3,3,1,0,0,0,0,0,0,0,0,0,0,0,1,-1,1,Altres,-1,1,2,4,0,2,0,16.53,1,5,4,17,11
14869,2017,0,2017-03-17,BP-4653,PERAFITA,Osona,3,1,0,1,1,0,0,0,0,0,1,0,0,50.0,0.0,0,1,No n'hi ha,-1.0,3,3,0,0,0,0,0,0,0,0,0,0,0,0,4,-1,1,Resta sortides de via,-1,1,2,4,3,2,1,11.38,0,1,4,17,3
14870,2017,1,2017-01-15,SE,SANT QUIRZE DEL VALLES,Valles Occidental,3,0,1,1,2,0,0,1,0,1,0,0,0,20.0,0.0,0,-1,No n'hi ha,-1.0,3,3,1,-1,0,0,0,-1,0,0,0,0,-1,1,4,4,-1,Envestida (frontal lateral),0,2,2,5,-1,2,0,14.0,1,2,6,15,1
14871,2017,1,2017-01-26,SE,SANTA COLOMA DE GRAMANET,Barcelones,3,0,1,0,2,0,0,0,1,1,0,0,0,20.0,0.0,0,2,No n'hi ha,-1.0,1,3,1,-1,0,0,0,-1,0,0,0,0,-1,1,2,3,1,Envestida (frontal lateral),2,2,0,5,-1,2,1,7.15,0,2,3,26,1
14872,2017,0,2017-03-08,BV-1414,SABADELL,Valles Occidental,3,0,1,0,2,0,0,0,1,1,0,0,0,40.0,0.0,0,3,No n'hi ha,-1.0,3,3,1,0,0,0,0,0,0,0,0,0,0,1,1,2,0,Envestida (frontal lateral),0,1,2,4,3,2,1,7.15,0,2,2,8,3
14873,2017,1,2017-01-04,SE,"VENDRELL, EL",Baix Penedes,0,0,1,0,2,0,1,0,0,1,0,0,0,40.0,0.0,0,-1,No n'hi ha,-1.0,3,3,1,-1,-1,0,0,-1,0,0,0,0,-1,1,4,4,1,Envestida (frontal lateral),0,2,2,5,-1,2,1,9.27,0,2,2,4,1
14874,2017,1,2017-11-14,SE,TERRASSA,Valles Occidental,3,0,1,0,2,1,0,0,0,1,0,0,0,20.0,0.0,0,-1,Sense Especificar,-1.0,3,3,1,0,0,0,0,0,0,0,0,0,0,0,4,-1,-1,Atropellament,-1,2,2,5,-1,2,1,16.31,1,3,1,14,11
14875,2017,0,2017-07-20,C-17,SEVA,Osona,3,0,1,0,1,0,0,0,1,0,0,0,0,90.0,0.0,0,-1,Sense Especificar,-1.0,3,3,1,0,0,0,0,0,0,0,0,0,0,0,4,-1,-1,Resta sortides de via,-1,1,2,4,4,2,1,17.49,1,1,3,20,7
14876,2017,0,2017-09-11,C-1415b,LLICA D'AMUNT,Valles Oriental,3,0,1,0,1,0,0,0,1,0,0,0,0,90.0,0.0,0,-1,Sense Especificar,-1.0,3,3,1,0,0,0,0,0,0,0,0,0,0,2,4,5,-1,Resta sortides de via,1,1,2,4,4,2,1,21.37,1,1,0,11,9
14877,2017,0,2017-04-22,N-II,SILS,Selva,1,0,1,1,2,0,0,0,1,1,0,0,0,60.0,0.0,0,3,No n'hi ha,0.0,3,3,1,0,0,0,0,0,0,0,0,0,0,2,4,5,1,Envestida (frontal lateral),3,1,2,4,1,2,0,18.15,1,2,5,22,4
14878,2017,0,2017-11-20,B-30,BARBERA DEL VALLES,Valles Occidental,3,0,1,0,2,0,0,0,1,1,0,0,0,80.0,0.0,0,2,No n'hi ha,-1.0,3,3,1,0,0,0,0,0,0,0,0,0,1,0,3,-1,0,Encalç,-1,1,2,4,3,2,1,7.11,0,2,0,20,11
14879,2017,1,2017-12-08,GI-680,LLORET DE MAR,Selva,1,0,1,0,2,0,0,0,1,1,0,0,0,30.0,0.0,0,0,No n'hi ha,-1.0,3,3,1,0,1,0,0,0,0,0,0,0,0,0,4,-1,1,Col·lisió frontal,-1,0,2,4,-1,2,1,9.14,0,2,4,8,12
14880,2017,1,2017-12-24,SE,TORELLO,Osona,3,0,1,0,3,0,0,0,1,2,0,0,0,100.0,0.0,0,2,No n'hi ha,-1.0,3,3,1,0,0,0,0,0,0,0,0,0,0,2,5,4,0,Envestida (frontal lateral),1,2,2,5,-1,2,0,18.23,1,2,6,24,12
14881,2017,0,2017-07-30,N-340,AMPOSTA,Montsia,0,0,4,1,2,0,0,0,0,2,0,0,0,100.0,0.0,0,2,No n'hi ha,-1.0,3,3,1,0,1,0,0,0,0,0,0,0,0,0,4,-1,1,Col·lisió frontal,-1,1,2,4,1,2,0,15.29,1,2,6,30,7
14882,2017,0,2017-05-05,AP-7,SANTA PERPETUA DE MO,Valles Occidental,3,0,1,0,1,0,0,0,0,0,1,0,0,60.0,0.0,0,2,Carril lent,4.0,3,3,1,0,0,0,0,0,0,0,0,0,0,0,0,-1,0,Resta sortides de via,-1,1,2,4,1,2,1,0.31,2,1,4,5,5
14883,2017,1,2017-06-10,SE,SABADELL,Valles Occidental,3,0,1,0,2,0,0,0,1,1,0,0,0,100.0,0.0,0,-1,No n'hi ha,-1.0,3,3,1,0,0,0,0,0,0,0,0,0,0,0,4,-1,-1,Envestida (frontal lateral),-1,2,2,5,-1,2,0,23.42,2,2,5,10,6
14884,2017,0,2017-12-05,N-260,SORT,Pallars Sobira,2,1,0,2,2,0,0,0,0,2,0,0,0,70.0,0.0,0,2,No n'hi ha,-1.0,3,3,0,0,0,0,0,0,0,0,0,0,0,1,4,4,1,Envestida (frontal lateral),0,1,2,4,1,2,1,15.27,1,2,1,5,12
14885,2017,1,2017-06-10,SE,SENTMENAT,Valles Occidental,3,0,1,0,1,0,0,0,0,1,0,0,0,30.0,0.0,0,3,No n'hi ha,-1.0,3,3,1,0,1,0,0,0,0,0,0,0,0,0,5,-1,0,Sortida de via amb xoc o col·lisió,-1,2,2,5,-1,2,0,1.0,2,1,5,10,6
14886,2017,0,2017-05-13,BV-4601,GURB,Osona,3,0,2,1,2,0,0,0,0,2,0,0,0,50.0,0.0,0,1,No n'hi ha,-1.0,3,3,1,0,0,0,0,0,0,0,0,0,0,0,4,-1,1,Col·lisió frontal,-1,1,2,4,0,2,0,18.26,1,2,5,13,5
14887,2017,1,2017-02-01,SE,BARCELONA,Barcelones,3,0,1,1,3,2,0,0,0,1,0,0,0,100.0,0.0,0,-1,No n'hi ha,-1.0,3,3,1,0,0,0,0,0,0,0,0,0,0,1,5,3,0,Atropellament,2,2,2,5,-1,2,1,18.3,1,3,2,1,2
14888,2017,1,2017-02-15,SE,BARCELONA,Barcelones,3,0,1,0,2,0,0,0,1,1,0,0,0,100.0,0.0,0,-1,Altres,-1.0,3,3,1,0,0,0,0,0,0,0,0,0,0,1,4,4,0,Encalç,1,2,2,5,-1,2,1,7.35,0,2,2,15,2
14889,2017,1,2017-11-20,SE,BARCELONA,Barcelones,3,0,2,2,2,0,0,0,1,1,0,0,0,100.0,0.0,1,-1,No n'hi ha,-1.0,3,3,1,0,0,0,0,0,0,0,0,0,0,1,0,-1,1,Envestida (frontal lateral),2,2,2,5,-1,2,1,21.35,1,2,0,20,11
14890,2017,1,2017-09-15,SE,HOSPITALET DE LLOBREGAT,Barcelones,3,0,1,0,1,0,0,0,1,0,0,0,0,20.0,0.0,0,2,No n'hi ha,-1.0,1,3,1,-1,0,0,0,-1,0,0,0,0,0,0,5,-1,1,Caiguda en la via,-1,2,0,5,-1,2,0,23.17,2,0,4,15,9
14891,2017,1,2017-11-30,SE,BARCELONA,Barcelones,3,0,1,1,1,0,0,0,1,0,0,0,0,100.0,0.0,1,-1,No n'hi ha,-1.0,3,3,1,0,0,0,0,0,0,0,0,0,0,1,0,-1,1,Caiguda en la via,0,2,2,5,-1,2,1,23.3,2,0,3,30,11
14892,2017,0,2017-08-30,A-2,JORBA,Anoia,3,0,1,3,1,0,0,0,0,1,0,0,0,100.0,0.0,0,3,No n'hi ha,-1.0,3,3,1,0,0,0,0,0,0,0,0,0,0,0,4,-1,1,Resta sortides de via,-1,1,2,4,1,2,1,12.39,0,1,2,30,8
14893,2017,1,2017-08-05,TP-2124,"ARBO?, L'",Baix Penedes,0,0,1,0,2,0,0,0,1,1,0,0,0,100.0,0.0,0,-1,No n'hi ha,-1.0,3,3,1,0,0,0,0,0,0,0,0,0,0,0,4,-1,-1,Altres,-1,0,2,4,-1,2,0,11.3,0,5,5,5,8
14894,2017,1,2017-02-16,SE,TORROELLA DE MONTGRI,Baix Emporda,1,0,1,0,2,1,0,0,0,1,0,0,0,20.0,0.0,0,3,No n'hi ha,-1.0,3,3,1,-1,0,0,0,-1,0,0,0,0,1,1,4,4,1,Atropellament,2,2,2,5,-1,2,1,14.47,1,3,3,16,2
14895,2017,0,2017-04-30,GI-600,TORDERA,Maresme,3,0,1,2,2,0,0,0,0,2,0,0,0,40.0,0.0,0,2,No n'hi ha,-1.0,1,3,1,0,0,0,1,0,0,0,0,0,0,0,2,-1,1,Envestida (frontal lateral),-1,1,2,4,2,2,0,12.2,0,2,6,30,4
14896,2017,1,2017-02-09,SE,GIRONA,Girones,1,0,1,1,2,0,0,0,0,2,0,0,0,20.0,0.0,0,-1,No n'hi ha,-1.0,3,3,1,0,0,0,0,0,0,0,0,0,0,0,4,-1,-1,Encalç,-1,2,2,5,-1,2,1,12.53,0,2,3,9,2
14897,2017,1,2017-12-23,SE,CORNELLA DE LLOBREGAT,Baix Llobregat,3,0,1,0,2,0,0,1,0,1,0,0,0,20.0,0.0,0,-1,No n'hi ha,-1.0,3,3,1,0,-1,0,0,0,0,0,0,0,0,1,5,4,-1,Envestida (frontal lateral),1,2,2,5,-1,2,0,20.3,1,2,5,23,12
14898,2017,0,2017-09-10,BV-2411,AVINYONET DEL PENEDES,Alt Penedes,3,0,1,0,1,0,0,0,1,0,0,0,0,100.0,0.0,0,2,No n'hi ha,-1.0,3,3,1,0,0,0,0,0,0,0,0,0,0,0,4,-1,1,Caiguda en la via,-1,1,2,4,3,2,0,13.2,0,0,6,10,9
14899,2017,0,2017-07-04,C-13,CAMARASA,Noguera,2,1,0,0,1,0,0,0,1,0,0,0,0,100.0,0.0,0,1,No n'hi ha,-1.0,3,3,0,0,0,0,0,0,0,0,0,0,0,0,4,-1,1,Caiguda en la via,-1,1,2,4,2,2,1,19.54,1,0,1,4,7
14900,2017,1,2017-04-05,SE,SANT FELIU DE LLOBREGAT,Baix Llobregat,3,0,1,0,2,1,0,0,0,1,0,0,0,20.0,0.0,0,2,No n'hi ha,-1.0,2,3,1,-1,0,0,1,-1,0,0,0,0,1,1,5,2,0,Atropellament,2,2,0,5,-1,2,1,21.15,1,3,2,5,4
14901,2017,1,2017-06-14,SE,REUS,Baix Camp,0,0,1,0,2,1,0,0,0,1,0,0,0,100.0,0.0,0,-1,No n'hi ha,-1.0,3,3,1,0,0,0,0,0,0,0,0,0,0,0,4,-1,-1,Atropellament,-1,2,2,5,-1,2,1,13.45,0,3,2,14,6
14902,2017,1,2017-07-23,SE,"GRANJA D'ESCARP, LA",Segria,2,0,1,1,5,4,0,0,0,1,0,0,0,100.0,0.0,0,2,No n'hi ha,-1.0,3,3,1,0,0,0,0,0,0,0,0,0,0,0,3,-1,1,Atropellament,-1,2,2,5,-1,2,0,23.45,2,3,6,23,7
14903,2017,1,2017-11-17,B-124,SANT LLORENC SAVALL,Valles Occidental,3,1,0,1,2,0,1,0,0,1,0,0,0,100.0,0.0,0,-1,No n'hi ha,-1.0,3,3,0,0,0,0,0,0,0,0,0,0,0,0,4,-1,-1,Envestida (frontal lateral),-1,0,2,4,-1,2,0,20.06,1,2,4,17,11
14904,2017,0,2017-06-11,BP-5002,VALLROMANES,Valles Oriental,3,0,1,1,2,0,0,0,1,1,0,0,0,100.0,0.0,0,1,No n'hi ha,-1.0,3,3,1,0,1,0,0,0,0,0,0,0,0,2,4,5,1,Fregament o col·lisió lateral,1,1,2,4,3,2,0,10.37,0,2,6,11,6
14905,2017,1,2017-11-21,SE,SANT ADRIA DE BESOS,Barcelones,3,0,2,0,3,2,0,0,0,1,0,0,0,100.0,0.0,0,2,No n'hi ha,-1.0,3,3,1,0,0,0,0,0,0,0,0,0,0,0,4,-1,0,Atropellament,-1,2,2,5,-1,2,1,9.1,0,3,1,21,11
14906,2017,1,2017-01-31,SE,BARCELONA,Barcelones,3,0,1,0,2,1,0,0,0,0,1,0,0,100.0,0.0,0,-1,Carril bus,-1.0,3,3,1,0,0,0,0,0,0,0,0,0,0,1,4,3,1,Atropellament,2,2,2,5,-1,2,1,10.3,0,3,1,31,1
14907,2017,0,2017-04-08,C-26,VILADA,Bergueda,3,0,1,0,2,0,0,0,1,1,0,0,0,100.0,0.0,0,1,No n'hi ha,-1.0,3,3,1,0,0,0,0,0,0,0,0,0,0,0,4,-1,1,Fregament o col·lisió lateral,-1,1,2,4,4,2,0,11.04,0,2,5,8,4
14908,2017,1,2017-05-29,SE,REUS,Baix Camp,0,0,1,2,2,0,0,0,0,2,0,0,0,100.0,0.0,0,-1,No n'hi ha,-1.0,3,3,1,0,0,0,0,0,0,0,0,0,0,0,4,-1,-1,Envestida (frontal lateral),-1,2,2,5,-1,2,1,12.5,0,2,0,29,5
14909,2017,1,2017-12-17,N-141c,MOIA,Moianès,3,0,1,1,3,0,0,0,0,3,0,0,0,50.0,0.0,0,2,No n'hi ha,-1.0,3,3,1,0,0,0,0,0,0,0,0,0,0,0,5,-1,1,Resta sortides de via,-1,0,2,4,2,2,0,4.52,2,1,6,17,12
14910,2017,1,2017-02-06,SE,SANT QUIRZE DE BESORA,Osona,3,0,1,0,2,1,0,0,0,1,0,0,0,100.0,0.0,0,2,No n'hi ha,-1.0,3,3,1,0,0,0,0,0,0,0,0,0,0,0,4,-1,1,Atropellament,-1,2,2,5,-1,2,1,15.02,1,3,0,6,2
14911,2017,0,2017-11-22,N-230,"PONT DE SUERT, EL",Alta Ribagorca,2,0,1,0,2,0,0,0,0,1,1,0,0,100.0,0.0,0,2,No n'hi ha,-1.0,3,3,1,0,0,0,0,0,0,0,0,0,0,0,1,-1,1,Col·lisió frontal,-1,1,2,4,1,2,1,8.35,0,2,2,22,11
14912,2017,0,2017-11-04,B-151,RUBI,Valles Occidental,3,1,0,0,1,0,0,0,1,0,0,0,0,50.0,0.0,0,3,No n'hi ha,-1.0,1,3,0,0,0,0,1,0,0,0,0,0,0,0,3,-1,1,Resta sortides de via,-1,1,2,4,3,2,0,23.32,2,1,5,4,11
14913,2017,1,2017-11-08,BP-1503,TERRASSA,Valles Occidental,3,0,1,0,2,0,0,0,1,1,0,0,0,100.0,0.0,0,-1,No n'hi ha,-1.0,3,3,1,0,0,0,0,0,0,0,0,0,0,0,4,-1,-1,Encalç,-1,0,2,4,-1,2,1,19.35,1,2,2,8,11
14914,2017,1,2017-06-30,SE,MATARO,Maresme,3,0,1,0,2,0,0,0,1,1,0,0,0,20.0,0.0,0,-1,No n'hi ha,-1.0,3,3,1,0,0,0,0,0,0,0,0,0,0,1,1,4,-1,Envestida (frontal lateral),2,2,2,5,-1,2,1,5.55,2,2,4,30,6
14915,2017,0,2017-10-06,A-2,LLEIDA,Segria,2,1,0,0,3,0,0,0,0,0,3,0,0,100.0,0.0,0,2,No n'hi ha,-1.0,3,3,0,0,0,0,0,0,0,0,0,0,0,0,4,-1,0,Altres,-1,1,2,4,1,2,1,14.13,1,5,4,6,10
14916,2017,1,2017-02-06,SE,BARCELONA,Barcelones,3,0,1,4,2,0,0,0,1,1,0,0,0,100.0,0.0,0,-1,No n'hi ha,-1.0,3,3,1,0,0,0,0,0,0,0,0,0,0,1,5,2,0,Envestida (frontal lateral),2,2,2,5,-1,2,1,20.15,1,2,0,6,2
14917,2017,0,2017-01-06,B-140,SANTA PERPETUA DE MO,Valles Occidental,3,0,2,1,2,0,0,0,0,2,0,0,0,100.0,0.0,0,2,No n'hi ha,-1.0,3,3,1,0,0,0,0,0,1,0,0,0,0,2,3,5,1,Col·lisió frontal,1,1,1,4,2,2,1,6.22,0,2,4,6,1
14918,2017,1,2017-04-15,SE,VILAFRANCA DEL PENEDES,Alt Penedes,3,0,1,0,2,1,0,0,0,1,0,0,0,20.0,0.0,0,-1,No n'hi ha,-1.0,3,3,1,-1,0,0,0,-1,0,0,0,0,0,1,4,2,0,Atropellament,1,2,2,5,-1,2,0,17.5,1,3,5,15,4
14919,2017,0,2017-02-09,T-11,REUS,Baix Camp,0,0,1,0,2,1,0,0,0,1,0,0,0,100.0,0.0,0,3,No n'hi ha,-1.0,3,3,1,0,0,0,0,0,1,0,0,0,0,0,4,-1,0,Atropellament,-1,1,2,4,1,2,1,9.0,0,3,3,9,2
14920,2017,0,2017-01-07,C-60,ARGENTONA,Maresme,3,0,1,0,1,0,0,0,0,1,0,0,0,40.0,0.0,0,1,No n'hi ha,-1.0,3,3,1,0,0,0,0,0,0,0,0,0,0,1,1,4,1,Resta sortides de via,3,1,2,4,2,2,0,8.02,0,1,5,7,1
14921,2017,1,2017-06-10,SE,BARCELONA,Barcelones,3,0,2,0,1,0,0,0,1,0,0,0,0,100.0,0.0,1,-1,No n'hi ha,-1.0,3,3,1,0,0,0,0,0,0,0,0,0,0,0,0,-1,0,Resta sortides de via,-1,2,2,5,-1,2,0,1.55,2,1,5,10,6
14922,2017,1,2017-08-21,SE,BADALONA,Barcelones,3,0,1,0,2,1,0,0,0,1,0,0,0,20.0,0.0,0,2,No n'hi ha,-1.0,3,3,1,-1,0,0,0,-1,0,0,0,0,-1,1,4,3,0,Atropellament,2,2,2,5,-1,2,1,10.11,0,3,0,21,8
14923,2017,1,2017-10-15,SE,BARCELONA,Barcelones,3,0,1,0,2,1,0,0,0,1,0,0,0,100.0,0.0,1,-1,No n'hi ha,-1.0,3,3,1,0,0,0,0,0,0,0,0,0,0,1,4,-1,0,Atropellament,2,2,2,5,-1,2,0,17.05,1,3,6,15,10
14924,2017,0,2017-08-25,C-17,GURB,Osona,3,0,1,0,1,0,0,0,0,1,0,0,0,100.0,0.0,0,2,No n'hi ha,-1.0,3,3,1,0,0,0,0,0,0,0,0,0,0,0,4,-1,0,Resta sortides de via,-1,1,2,4,2,2,1,9.15,0,1,4,25,8
14925,2017,1,2017-04-01,SE,BARCELONA,Barcelones,3,0,1,1,1,0,0,0,0,1,0,0,0,100.0,0.0,1,-1,No n'hi ha,-1.0,1,3,1,0,0,0,1,0,0,0,0,0,0,0,0,-1,1,Xoc contra objecte/obstacle sense sortida prèvia de via,-1,2,0,5,-1,2,0,1.28,2,4,5,1,4
14926,2017,1,2017-10-17,SE,SABADELL,Valles Occidental,3,0,1,0,3,1,0,0,0,2,0,0,0,100.0,0.0,0,1,No n'hi ha,-1.0,3,3,1,0,0,0,0,0,0,0,0,0,0,2,5,5,0,Atropellament,2,2,2,5,-1,2,1,19.22,1,3,1,17,10
14927,2017,0,2017-02-22,B-250,"PRAT DE LLOBREGAT, E",Baix Llobregat,3,0,1,1,3,0,0,0,2,0,1,0,0,60.0,0.0,0,2,No n'hi ha,-1.0,3,3,1,0,0,0,0,0,0,0,0,0,0,0,1,-1,1,Fregament o col·lisió lateral,-1,1,2,4,2,2,1,18.19,1,2,2,22,2
14928,2017,0,2017-02-06,N-II,QUART,Girones,1,1,0,0,2,0,0,0,0,1,0,1,0,90.0,0.0,0,-1,Sense Especificar,-1.0,3,3,0,0,0,0,0,0,0,0,0,0,0,0,4,-1,-1,Col·lisió frontal,-1,1,2,4,4,2,1,10.41,0,2,0,6,2
14929,2017,1,2017-03-18,SE,TARRAGONA,Tarragones,0,0,1,0,2,1,0,0,0,1,0,0,0,20.0,0.0,0,-1,No n'hi ha,-1.0,3,3,1,0,0,0,0,0,0,0,0,0,0,0,4,-1,-1,Atropellament,-1,2,2,5,-1,2,0,13.05,0,3,5,18,3
14930,2017,0,2017-03-25,A-22,LLEIDA,Segria,2,0,1,4,2,0,0,0,0,2,0,0,0,100.0,0.0,0,2,No n'hi ha,3.0,2,3,1,0,0,0,1,0,0,0,0,0,0,0,2,-1,0,Altres,-1,1,2,4,2,2,0,17.16,1,5,5,25,3
14931,2017,0,2017-09-03,C-16,BAGA,Bergueda,3,0,1,0,2,0,0,0,1,1,0,0,0,70.0,0.0,0,2,No n'hi ha,-1.0,3,3,1,0,0,0,0,0,0,0,0,0,0,0,3,-1,1,Col·lisió frontal,-1,1,2,4,2,2,0,1.22,2,2,6,3,9
14932,2017,0,2017-01-02,N-420,MORA LA NOVA,Ribera d'Ebre,0,0,3,0,2,0,0,0,0,2,0,0,0,100.0,0.0,0,2,Carril central,-1.0,3,3,1,0,0,0,0,0,0,0,0,0,0,1,4,4,1,Col·lisió frontal,2,1,2,4,1,2,1,11.46,0,2,0,2,1