,Year,Area,Date,Road,Municipality Name,County Name,Province Name,Fatalties,Serious Injuries,Light Injuries,Units Involved,Pedestrains Involved,Bicycles Involved,Mopeds Involved,Motorcycles,Light Vehicles Involved,Heavy Vehicles Involved,Other Units Involved,Unspecified Units Involved,Road Speed Limit,Accident with Hit and Run,Fog Presence,Surrounding Environment,Special Lane Presence,Special Traffic Measures,Weather Conditions,Special Road Functions,Severity of Accident,Influence of Fog,Influence of Environment,Influence of Traffic,Influence of Weather,Influence of Wind Intensity,Influence of Lighting,Influence of Special Measures,Influence of Road Objects,Influence of Road Surface,Influence of Visibility,Intersection Characteristics,Lighting Conditions,Traffic Regulation and Priority,Direction of Road,Subtype of Accident,Subtype of Road Section,Subzone within Area,Road Surface Conditions,Type of Road,Road Ownership,Wind Conditions,Day of the Week Grouping,Hour of Day,Time of Day Grouping,Type of Accident,Day Type,Day,Month
14933,2017,1,2017-09-26,N-150,TERRASSA,Valles Occidental,3,0,1,1,2,0,0,0,1,1,0,0,0,100.0,0.0,0,-1,No n'hi ha,-1.0,3,3,1,0,0,0,0,0,0,0,0,0,0,0,4,-1,-1,Envestida (frontal lateral),-1,0,2,4,-1,2,1,15.15,1,2,1,26,9
14934,2017,0,2017-10-07,C-260,CASTELLO D'EMPURIES,Alt Emporda,1,1,0,0,1,0,0,0,1,0,0,0,0,80.0,0.0,0,0,No n'hi ha,-1.0,3,3,0,0,0,0,0,0,0,0,0,0,0,0,4,-1,0,Resta sortides de via,-1,1,3,4,3,2,0,16.13,1,1,5,7,10
14935,2017,0,2017-03-28,TV-2401,"MONTMELL, EL",Baix Penedes,0,0,1,0,1,0,0,0,1,0,0,0,0,100.0,0.0,0,1,Habilitació voral/carril addicional,-1.0,3,3,1,0,0,0,0,0,0,0,0,0,0,0,4,-1,1,Resta sortides de via,-1,1,2,4,3,2,1,13.15,0,1,1,28,3
14936,2017,1,2017-06-29,SE,MOLLERUSSA,Pla d'Urgell,2,0,1,0,2,0,0,0,1,1,0,0,0,100.0,0.0,0,2,No n'hi ha,-1.0,3,3,1,0,0,0,0,0,0,0,0,0,0,1,4,4,0,Envestida (frontal lateral),0,2,2,5,-1,2,1,13.0,0,2,3,29,6
14937,2017,1,2017-11-17,SE,LLEIDA,Segria,2,0,1,0,1,0,0,0,1,0,0,0,0,20.0,0.0,0,-1,No n'hi ha,-1.0,3,3,1,-1,0,0,0,-1,0,0,0,0,0,0,4,-1,1,Caiguda en la via,-1,2,0,5,0,2,1,10.5,0,0,4,17,11
14938,2017,1,2017-10-17,SE,SABADELL,Valles Occidental,3,0,1,0,2,1,0,0,0,1,0,0,0,100.0,0.0,0,1,No n'hi ha,-1.0,3,3,1,0,0,0,0,0,0,0,0,0,0,1,5,4,0,Atropellament,2,2,2,5,-1,2,1,19.36,1,3,1,17,10
14939,2017,1,2017-02-21,SE,"VENDRELL, EL",Baix Penedes,0,1,0,0,1,0,0,0,0,0,1,0,0,40.0,0.0,0,2,No n'hi ha,-1.0,3,3,0,-1,0,0,0,-1,0,0,0,0,-1,0,4,-1,0,Xoc contra objecte/obstacle sense sortida prèvia de via,-1,2,2,5,-1,2,1,13.02,0,4,1,21,2
14940,2017,0,2017-10-08,C-14,PERAMOLA,Alt Urgell,2,1,1,0,3,0,0,0,1,2,0,0,0,100.0,0.0,0,2,Carril lent,0.0,3,3,0,0,0,0,0,0,0,0,0,0,0,0,4,-1,1,Col·lisió frontal,-1,1,2,4,2,2,0,18.44,1,2,6,8,10
14941,2017,0,2017-11-11,C-31,CUBELLES,Garraf,3,0,1,0,2,0,0,0,1,1,0,0,0,50.0,0.0,0,2,No n'hi ha,-1.0,3,3,1,0,0,0,0,0,0,0,0,0,0,1,1,4,1,Envestida (frontal lateral),1,1,2,4,2,2,0,17.51,1,2,5,11,11
14942,2017,0,2017-02-17,A-7,CAMBRILS,Baix Camp,0,0,1,1,2,1,0,0,0,1,0,0,0,90.0,0.0,0,2,No n'hi ha,-1.0,3,3,1,0,0,0,0,0,0,0,0,0,0,0,3,-1,0,Atropellament,-1,1,2,4,1,2,1,2.27,2,3,4,17,2
14943,2017,1,2017-02-26,SE,TERRASSA,Valles Occidental,3,0,2,0,2,0,0,0,0,2,0,0,0,100.0,0.0,0,-1,No n'hi ha,-1.0,3,3,1,0,0,0,0,0,0,0,0,0,0,0,4,-1,-1,Envestida (frontal lateral),-1,2,2,5,-1,2,0,7.3,0,2,6,26,2
14944,2017,0,2017-09-07,BV-2127,VILOBI DEL PENEDES,Alt Penedes,3,0,1,1,2,0,0,0,0,2,0,0,0,50.0,0.0,0,2,No n'hi ha,-1.0,3,3,1,0,0,0,0,0,0,0,0,0,0,0,4,-1,1,Col·lisió frontal,-1,1,2,4,3,2,1,19.39,1,2,3,7,9
14945,2017,1,2017-05-31,SE,BARCELONA,Barcelones,3,0,1,0,2,0,0,0,1,1,0,0,0,30.0,0.0,1,-1,No n'hi ha,-1.0,3,3,1,0,0,0,0,0,0,0,0,0,0,1,0,-1,1,Envestida (frontal lateral),3,2,2,5,-1,2,1,22.1,2,2,2,31,5
14946,2017,1,2017-08-30,SE,VILA-SECA,Tarragones,0,0,2,1,2,0,0,0,0,2,0,0,0,100.0,0.0,0,-1,No n'hi ha,-1.0,3,3,1,0,0,0,0,0,0,0,0,0,0,0,4,-1,-1,Altres,-1,2,2,5,-1,2,1,22.4,2,5,2,30,8
14947,2017,0,2017-06-17,LP-7043,TORRES DE SEGRE,Segria,2,0,1,3,2,0,0,0,0,2,0,0,0,100.0,0.0,0,1,No n'hi ha,-1.0,3,3,1,0,0,0,0,0,0,0,0,0,0,1,4,4,1,Envestida (frontal lateral),2,1,2,4,3,2,0,13.14,0,2,5,17,6
14948,2017,1,2017-07-21,SE,SANT QUIRZE DEL VALLES,Valles Occidental,3,0,1,0,2,0,1,0,0,1,0,0,0,20.0,0.0,0,-1,No n'hi ha,-1.0,3,3,1,-1,-1,0,0,-1,0,0,0,0,-1,0,4,-1,-1,Encalç,-1,2,2,5,-1,2,1,8.0,0,2,4,21,7
14949,2017,1,2017-01-22,N-150,TERRASSA,Valles Occidental,3,0,3,2,2,0,0,0,0,2,0,0,0,90.0,0.0,0,-1,Sense Especificar,-1.0,3,3,1,0,0,0,0,0,0,0,0,0,0,0,4,-1,-1,Col·lisió frontal,-1,0,2,4,-1,2,0,13.25,0,2,6,22,1
14950,2017,1,2017-10-12,SE,LLEIDA,Segria,2,0,1,0,1,0,0,0,0,1,0,0,0,20.0,0.0,0,-1,Sense Especificar,-1.0,3,3,1,0,0,0,0,0,0,0,0,0,0,0,4,-1,-1,Resta sortides de via,-1,2,2,5,-1,2,1,13.44,0,1,3,12,10
14951,2017,1,2017-11-06,SE,GIRONA,Girones,1,0,1,0,2,1,0,0,0,1,0,0,0,100.0,0.0,0,2,No n'hi ha,-1.0,3,3,1,0,0,0,0,0,0,0,0,0,0,2,4,3,1,Atropellament,2,2,2,5,-1,2,1,17.34,1,3,0,6,11
14952,2017,1,2017-11-14,SE,CORNELLA DE LLOBREGAT,Baix Llobregat,3,0,1,0,2,0,0,0,1,1,0,0,0,20.0,0.0,0,-1,No n'hi ha,-1.0,3,3,1,-1,-1,0,0,-1,0,0,0,0,-1,1,4,4,-1,Envestida (frontal lateral),2,2,2,5,-1,2,1,14.3,1,2,1,14,11
14953,2017,1,2017-10-16,SE,BARCELONA,Barcelones,3,0,1,0,2,0,0,0,1,1,0,0,0,100.0,0.0,1,-1,No n'hi ha,-1.0,3,3,1,0,0,0,0,0,0,0,0,0,0,0,1,-1,0,Fregament o col·lisió lateral,-1,2,2,5,-1,2,1,19.15,1,2,0,16,10
14954,2017,1,2017-03-05,SE,TERRASSA,Valles Occidental,3,0,1,0,2,0,0,0,1,1,0,0,0,20.0,0.0,0,-1,Sense Especificar,-1.0,3,3,1,0,0,0,0,0,0,0,0,0,0,1,4,3,-1,Envestida (frontal lateral),2,2,2,5,-1,2,0,8.15,0,2,6,5,3
14955,2017,0,2017-03-04,CR,ARTESA DE SEGRE,Noguera,2,0,2,0,2,0,0,0,2,0,0,0,0,100.0,0.0,0,3,No n'hi ha,-1.0,3,3,1,0,0,0,0,0,0,0,0,0,0,0,4,-1,1,Fregament o col·lisió lateral,-1,1,0,3,0,2,0,14.36,1,2,5,4,3
14956,2017,0,2017-05-26,C-31,SITGES,Garraf,3,1,0,0,2,0,0,0,1,0,1,0,0,60.0,0.0,0,1,No n'hi ha,-1.0,3,3,0,0,0,0,0,0,0,0,0,0,0,0,4,-1,1,Fregament o col·lisió lateral,-1,1,2,4,2,2,0,16.43,1,2,4,26,5
14957,2017,1,2017-06-27,SE,LLORET DE MAR,Selva,1,0,1,0,1,0,0,1,0,0,0,0,0,100.0,0.0,0,2,No n'hi ha,-1.0,3,3,1,0,0,0,0,0,0,0,1,0,0,0,4,-1,1,Xoc contra objecte/obstacle sense sortida prèvia de via,-1,2,2,5,-1,2,1,13.3,0,4,1,27,6
14958,2017,0,2017-02-27,C-1415b,CANOVELLES,Valles Oriental,3,0,1,1,2,0,0,0,0,2,0,0,0,90.0,0.0,0,-1,Sense Especificar,-1.0,3,3,1,0,0,0,0,0,0,0,0,0,0,0,4,-1,-1,Col·lisió frontal,-1,1,2,4,4,2,1,0.03,2,2,0,27,2
14959,2017,0,2017-10-03,C-55,SANT VICENC DE CASTELLERS,Bages,3,0,1,0,1,0,0,0,1,0,0,0,0,90.0,0.0,0,-1,Sense Especificar,-1.0,3,3,1,0,0,0,0,0,0,0,0,0,0,0,4,-1,-1,Altres,-1,1,2,4,4,2,1,10.41,0,5,1,3,10
14960,2017,0,2017-04-22,BV-2441,PONTONS,Alt Penedes,3,0,1,0,1,0,1,0,0,0,0,0,0,100.0,0.0,0,1,No n'hi ha,-1.0,3,3,1,0,0,0,0,0,0,0,0,0,0,0,4,-1,1,Caiguda en la via,-1,1,2,4,3,2,0,10.11,0,0,5,22,4
14961,2017,1,2017-07-27,SE,MANRESA,Bages,3,1,0,2,3,0,0,0,0,3,0,0,0,100.0,0.0,0,2,No n'hi ha,-1.0,3,3,0,0,0,0,0,0,1,0,0,0,0,0,4,-1,1,Encalç,-1,2,2,5,-1,2,1,19.05,1,2,3,27,7
14962,2017,1,2017-12-23,SE,LLEIDA,Segria,2,0,1,0,2,1,0,0,0,1,0,0,0,20.0,0.0,0,2,No n'hi ha,-1.0,3,3,1,-1,0,0,0,-1,0,0,0,0,-1,0,5,-1,1,Atropellament,-1,2,2,5,-1,2,0,19.08,1,3,5,23,12
14963,2017,1,2017-08-27,SE,SALOU,Tarragones,0,5,0,0,3,0,0,0,0,2,1,0,0,50.0,0.0,0,2,No n'hi ha,-1.0,3,3,0,0,0,0,0,0,0,0,0,0,0,0,4,-1,1,Col·lisió frontal,-1,2,2,5,-1,2,0,16.3,1,2,6,27,8
14964,2017,1,2017-10-01,SE,ESPLUGUES DE LLOBREGAT,Baix Llobregat,3,0,1,0,2,1,0,0,0,1,0,0,0,20.0,0.0,0,-1,No n'hi ha,-1.0,3,3,1,0,0,0,0,0,0,0,0,0,0,0,5,-1,-1,Atropellament,-1,2,2,5,-1,2,0,19.4,1,3,6,1,10
14965,2017,1,2017-11-20,SE,GIRONA,Girones,1,0,1,0,2,1,0,0,0,1,0,0,0,100.0,0.0,0,2,No n'hi ha,-1.0,3,3,1,0,0,0,0,0,0,0,0,0,0,2,4,3,1,Atropellament,1,2,2,5,-1,2,1,11.14,0,3,0,20,11
14966,2017,1,2017-02-13,SE,SANTA COLOMA DE GRAMANET,Barcelones,3,0,1,0,2,0,0,1,0,1,0,0,0,20.0,0.0,0,2,No n'hi ha,-1.0,1,3,1,-1,0,0,0,-1,0,0,0,0,-1,1,5,3,1,Col·lisió frontal,1,2,0,5,-1,2,1,22.25,2,2,0,13,2
14967,2017,0,2017-10-12,N-340,VILAFRANCA DEL PENEDES,Alt Penedes,3,0,1,0,2,0,0,0,1,1,0,0,0,40.0,0.0,0,2,No n'hi ha,-1.0,3,3,1,0,0,0,0,0,0,0,0,0,0,2,4,5,0,Envestida (frontal lateral),0,1,2,4,1,2,1,13.03,0,2,3,12,10
14968,2017,0,2017-02-22,SE,LLADURS,Solsones,2,0,1,0,2,0,0,0,1,1,0,0,0,20.0,0.0,0,1,No n'hi ha,-1.0,3,3,1,0,1,0,0,0,0,0,0,0,0,0,4,-1,1,Col·lisió frontal,-1,1,2,0,0,2,1,13.13,0,2,2,22,2
14969,2017,1,2017-04-28,SE,PALAU DE PLEGAMANS,Valles Occidental,3,0,1,0,3,1,0,0,0,2,0,0,0,100.0,0.0,0,2,No n'hi ha,-1.0,3,3,1,0,0,0,0,0,0,0,0,0,0,0,4,-1,1,Atropellament,-1,2,2,5,2,2,0,19.2,1,3,4,28,4
14970,2017,1,2017-08-02,SE,MONTMELO,Valles Oriental,3,0,1,0,2,0,0,0,1,1,0,0,0,30.0,0.0,0,2,No n'hi ha,-1.0,3,3,1,-1,0,0,0,-1,0,0,0,0,-1,1,5,4,1,Caiguda en la via,0,2,2,5,-1,2,1,21.25,1,0,2,2,8
14971,2017,0,2017-08-13,GIV-5201,ARBUCIES,Selva,1,0,1,0,1,0,0,0,1,0,0,0,0,90.0,0.0,0,-1,Sense Especificar,-1.0,3,3,1,0,0,0,0,0,0,0,0,0,0,0,4,-1,-1,Altres,-1,1,2,4,4,2,0,16.28,1,5,6,13,8
14972,2017,0,2017-04-17,BV-5303,SEVA,Osona,3,0,1,1,2,0,0,0,1,1,0,0,0,100.0,0.0,0,2,No n'hi ha,-1.0,3,3,1,0,0,0,0,0,0,0,0,0,0,0,4,-1,1,Encalç,-1,1,2,4,3,2,1,10.17,0,2,0,17,4
14973,2017,0,2017-04-08,GI-614,CADAQUES,Alt Emporda,1,0,1,0,1,0,0,0,1,0,0,0,0,100.0,0.0,0,1,No n'hi ha,-1.0,3,3,1,0,0,0,0,0,0,0,0,0,0,0,4,-1,1,Resta sortides de via,-1,1,2,4,3,2,0,17.37,1,1,5,8,4
14974,2017,0,2017-12-29,N-340,SUBIRATS,Alt Penedes,3,0,1,3,2,0,0,0,0,2,0,0,0,100.0,0.0,0,0,Carril lent,-1.0,3,3,1,0,0,0,0,0,0,0,0,0,0,0,3,-1,1,Col·lisió frontal,-1,1,2,4,1,2,0,20.44,1,2,4,29,12
14975,2017,0,2017-02-20,GIV-6744,LLAGOSTERA,Girones,1,0,1,0,1,0,0,0,0,1,0,0,0,100.0,0.0,0,2,No n'hi ha,-1.0,3,3,1,0,0,0,0,0,0,0,0,0,0,0,3,-1,1,Resta sortides de via,-1,1,2,4,3,2,1,1.17,2,1,0,20,2
14976,2017,1,2017-03-25,SE,SANT HILARI SACALM,Selva,1,0,1,0,2,1,0,0,0,1,0,0,0,20.0,0.0,0,-1,Sense Especificar,-1.0,3,3,1,0,0,0,0,0,0,0,0,0,0,0,4,-1,-1,Atropellament,-1,2,2,5,-1,2,0,15.05,1,3,5,25,3
14977,2017,0,2017-02-02,BP-5002,ALELLA,Maresme,3,1,0,0,2,0,1,0,0,0,1,0,0,90.0,0.0,0,2,No n'hi ha,-1.0,3,3,0,-1,0,0,0,-1,0,0,0,0,0,0,4,-1,1,Envestida (frontal lateral),-1,1,2,4,2,2,1,14.27,1,2,3,2,2
14978,2017,0,2017-10-04,C-12,ALFES,Segria,2,0,1,0,2,0,0,0,1,0,1,0,0,70.0,1.0,0,2,No n'hi ha,-1.0,3,3,1,0,0,0,0,0,0,0,0,0,0,1,3,4,1,Xoc contra objecte/obstacle sense sortida prèvia de via,0,1,2,4,2,2,1,21.22,1,4,2,4,10
14979,2017,1,2017-08-09,SE,MATARO,Maresme,3,0,1,0,2,1,0,0,0,1,0,0,0,20.0,0.0,0,-1,No n'hi ha,-1.0,3,3,1,0,-1,0,0,0,0,0,0,0,0,0,4,-1,-1,Atropellament,-1,2,2,5,-1,2,1,18.5,1,3,2,9,8
14980,2017,1,2017-06-13,SE,SALT,Girones,1,0,1,0,2,1,0,0,0,1,0,0,0,20.0,0.0,0,-1,No n'hi ha,-1.0,3,3,1,-1,0,0,0,-1,0,0,0,0,0,2,5,3,1,Atropellament,2,0,2,5,-1,2,1,22.22,2,3,1,13,6
14981,2017,1,2017-10-21,SE,BARCELONA,Barcelones,3,0,1,0,2,0,0,0,0,1,0,1,0,100.0,0.0,1,-1,No n'hi ha,-1.0,3,3,1,0,0,0,0,0,0,0,0,0,0,1,0,-1,1,Envestida (frontal lateral),1,2,2,5,-1,2,0,23.35,2,2,5,21,10
14982,2017,1,2017-06-21,SE,PALAMOS,Baix Emporda,1,0,1,1,2,1,0,0,1,0,0,0,0,20.0,0.0,0,2,No n'hi ha,-1.0,3,3,1,0,0,0,0,0,0,0,0,0,0,0,4,-1,-1,Atropellament,-1,2,2,5,-1,2,1,15.29,1,3,2,21,6
14983,2017,0,2017-12-15,C-37,SANT SALVADOR DE GUARDIA,Bages,3,0,1,7,9,0,0,0,0,8,1,0,0,40.0,0.0,0,0,No n'hi ha,0.0,3,3,1,0,0,0,0,0,0,0,0,0,0,0,4,-1,1,Encalç,-1,1,2,4,2,2,1,13.02,0,2,4,15,12
14984,2017,0,2017-07-20,C-1412a,CALONGE DE SEGARRA,Anoia,3,0,1,0,1,0,0,0,0,1,0,0,0,100.0,0.0,0,1,No n'hi ha,-1.0,3,3,1,0,0,0,0,0,0,0,0,0,0,0,4,-1,1,Resta sortides de via,-1,1,2,4,3,2,1,18.19,1,1,3,20,7
14985,2017,0,2017-09-04,C-63,SILS,Selva,1,1,0,2,3,0,0,0,0,3,0,0,0,100.0,0.0,0,1,No n'hi ha,-1.0,3,3,0,0,0,0,0,0,0,0,0,0,0,0,3,-1,1,Col·lisió frontal,-1,1,2,4,2,2,1,6.15,0,2,0,4,9
14986,2017,1,2017-06-09,SE,BARCELONA,Barcelones,3,0,1,0,2,0,0,0,1,1,0,0,0,30.0,0.0,1,-1,No n'hi ha,-1.0,3,3,1,0,0,0,0,0,0,0,0,0,0,1,4,-1,1,Col·lisió frontal,2,2,2,5,-1,2,0,18.1,1,2,4,9,6
14987,2017,1,2017-04-09,SE,SANT PERE DE VILAMAJOR,Valles Oriental,3,0,1,1,1,0,0,0,0,1,0,0,0,20.0,0.0,0,-1,Sense Especificar,-1.0,3,3,1,0,0,0,0,0,0,0,0,0,0,0,4,-1,-1,Resta sortides de via,-1,2,2,5,-1,2,0,7.42,0,1,6,9,4
14988,2017,0,2017-06-30,C-352,FRANQUESES DEL VALLE,Valles Oriental,3,0,2,0,2,0,0,0,2,0,0,0,0,100.0,0.0,0,1,No n'hi ha,-1.0,3,3,1,0,0,0,0,0,0,0,0,0,0,0,4,-1,1,Caiguda en la via,-1,1,2,4,2,2,1,14.5,1,0,4,30,6
14989,2017,1,2017-11-29,SE,BARCELONA,Barcelones,3,0,1,0,2,1,0,0,0,1,0,0,0,100.0,0.0,1,-1,No n'hi ha,-1.0,3,3,1,0,0,0,0,0,0,0,0,0,0,1,4,-1,0,Atropellament,2,2,2,5,-1,2,1,11.0,0,3,2,29,11
14990,2017,1,2017-01-04,SE,BARCELONA,Barcelones,3,0,1,0,2,0,0,0,1,1,0,0,0,100.0,0.0,0,-1,No n'hi ha,-1.0,3,3,1,0,0,0,0,0,0,0,0,0,0,1,4,3,0,Encalç,2,2,2,5,-1,2,1,13.2,0,2,2,4,1
14991,2017,1,2017-11-05,SE,BARCELONA,Barcelones,3,0,1,0,1,0,0,1,0,0,0,0,0,100.0,0.0,1,-1,Carril bici,-1.0,3,3,1,0,0,0,0,0,0,0,0,0,0,0,0,-1,0,Xoc contra objecte/obstacle sense sortida prèvia de via,-1,2,0,5,-1,2,0,0.15,2,4,6,5,11
14992,2017,1,2017-10-09,C-53,"FULIOLA, LA",Urgell,2,0,1,0,1,0,0,0,0,1,0,0,0,90.0,0.0,0,-1,Sense Especificar,-1.0,3,1,1,0,0,0,0,0,0,0,0,0,0,0,4,-1,-1,Resta sortides de via,-1,0,2,4,4,2,1,2.26,2,1,0,9,10
14993,2017,1,2017-11-12,SE,BARCELONA,Barcelones,3,0,1,0,3,1,0,0,0,2,0,0,0,80.0,0.0,1,-1,No n'hi ha,-1.0,3,3,1,0,0,0,0,0,0,0,0,0,0,0,4,-1,0,Atropellament,-1,2,2,5,-1,2,0,8.45,0,3,6,12,11
14994,2017,1,2017-04-21,SE,ESPLUGUES DE LLOBREGAT,Baix Llobregat,3,0,1,0,2,0,0,0,1,1,0,0,0,20.0,1.0,0,-1,No n'hi ha,-1.0,3,3,1,0,0,0,0,0,0,0,0,0,0,0,5,-1,-1,Fregament o col·lisió lateral,-1,2,2,5,-1,2,0,20.5,1,2,4,21,4
14995,2017,1,2017-12-04,SE,SABADELL,Valles Occidental,3,0,1,1,3,0,0,0,1,1,1,0,0,30.0,0.0,0,2,No n'hi ha,-1.0,3,3,1,0,0,0,0,0,0,0,0,0,0,1,4,4,1,Envestida (frontal lateral),2,2,2,5,-1,2,1,14.25,1,2,0,4,12
14996,2017,1,2017-12-22,SE,BARCELONA,Barcelones,3,1,0,0,2,0,0,0,1,1,0,0,0,100.0,0.0,1,-1,No n'hi ha,-1.0,3,3,0,0,0,0,0,0,0,0,0,0,0,1,4,-1,1,Fregament o col·lisió lateral,1,2,2,5,-1,2,1,11.42,0,2,4,22,12
14997,2017,0,2017-02-26,C-35,VILALBA SASSERRA,Valles Oriental,3,0,1,2,2,0,0,0,0,2,0,0,0,100.0,0.0,0,3,No n'hi ha,-1.0,3,3,1,0,0,0,0,0,0,0,0,0,0,0,4,-1,1,Col·lisió frontal,-1,1,2,4,2,2,0,12.5,0,2,6,26,2
14998,2017,1,2017-04-16,SE,BARCELONA,Barcelones,3,0,1,1,2,0,1,0,1,0,0,0,0,100.0,0.0,1,-1,No n'hi ha,-1.0,3,3,1,0,0,0,0,0,0,0,0,0,0,0,4,-1,1,Fregament o col·lisió lateral,-1,2,2,5,-1,2,0,8.4,0,2,6,16,4
14999,2017,1,2017-09-29,SE,MARTORELL,Baix Llobregat,3,1,0,0,2,1,0,0,0,0,1,0,0,100.0,0.0,0,2,No n'hi ha,-1.0,3,3,0,0,0,0,0,0,0,0,0,0,0,0,4,-1,0,Atropellament,-1,2,1,5,-1,2,1,10.34,0,3,4,29,9
15000,2017,1,2017-05-09,SE,BARCELONA,Barcelones,3,0,1,0,2,0,0,1,0,1,0,0,0,100.0,0.0,1,-1,No n'hi ha,-1.0,3,3,1,0,0,0,0,0,0,0,0,0,0,1,4,-1,0,Envestida (frontal lateral),2,2,2,5,-1,2,1,18.5,1,2,1,9,5
15001,2017,0,2017-03-13,C-12,GARCIA,Ribera d'Ebre,0,0,1,0,1,0,0,0,0,1,0,0,0,100.0,0.0,0,2,No n'hi ha,-1.0,3,3,1,0,0,0,0,0,0,0,0,0,0,0,4,-1,1,Resta sortides de via,-1,1,2,4,2,2,1,14.45,1,1,0,13,3
15002,2017,1,2017-07-14,SE,BARCELONA,Barcelones,3,0,1,0,2,1,0,0,0,0,1,0,0,100.0,0.0,1,-1,Carril bus,-1.0,3,3,1,0,0,0,0,0,0,0,0,0,0,1,4,-1,0,Atropellament,2,2,2,5,-1,2,0,19.3,1,3,4,14,7
15003,2017,1,2017-06-30,SE,BARCELONA,Barcelones,3,0,1,0,2,0,0,0,1,1,0,0,0,100.0,0.0,1,-1,No n'hi ha,-1.0,1,3,1,0,0,0,0,0,0,0,0,0,0,1,4,-1,0,Xoc contra objecte/obstacle sense sortida prèvia de via,2,2,0,5,-1,2,1,8.1,0,4,4,30,6
15004,2017,1,2017-05-03,SE,VILASSAR DE MAR,Maresme,3,0,1,0,2,0,0,0,1,1,0,0,0,100.0,0.0,0,2,No n'hi ha,-1.0,3,3,1,0,0,0,0,0,0,0,0,0,0,0,2,-1,1,Encalç,-1,0,2,4,2,2,1,8.41,0,2,2,3,5
15005,2017,0,2017-10-12,C-462,LLADURS,Solsones,2,0,1,1,1,0,0,0,1,0,0,0,0,50.0,0.0,0,1,No n'hi ha,-1.0,3,3,1,0,0,0,0,0,0,0,0,0,0,0,4,-1,1,Resta sortides de via,-1,1,2,4,2,2,1,15.43,1,1,3,12,10
15006,2017,0,2017-04-28,BV-5222,"MASIES DE RODA, LES",Osona,3,0,1,1,1,0,0,0,0,0,0,1,0,100.0,0.0,0,1,No n'hi ha,-1.0,3,3,1,0,0,0,0,0,0,0,0,0,0,0,4,-1,1,Resta sortides de via,-1,1,2,4,3,2,0,19.45,1,1,4,28,4
15007,2017,0,2017-08-18,C-31,"PRAT DE LLOBREGAT, E",Baix Llobregat,3,0,1,0,2,0,0,0,1,1,0,0,0,100.0,0.0,0,2,No n'hi ha,-1.0,3,3,1,0,0,0,0,0,0,0,0,0,0,0,4,-1,0,Encalç,-1,1,2,4,2,2,0,16.44,1,2,4,18,8
15008,2017,1,2017-01-15,SE,TERRASSA,Valles Occidental,3,0,1,0,2,1,0,0,0,1,0,0,0,100.0,0.0,0,-1,No n'hi ha,-1.0,3,3,1,0,0,0,0,0,0,0,0,0,0,0,4,-1,-1,Atropellament,-1,2,2,5,-1,2,0,14.2,1,3,6,15,1
15009,2017,1,2017-08-28,SE,CASTELLDEFELS,Baix Llobregat,3,0,1,1,2,0,0,1,0,1,0,0,0,100.0,0.0,0,-1,No n'hi ha,-1.0,3,3,1,0,0,0,0,0,0,0,0,0,0,0,4,-1,-1,Altres,-1,2,2,5,-1,2,1,23.2,2,5,0,28,8
15010,2017,0,2017-10-11,C-32,"MASNOU, EL",Maresme,3,1,0,0,1,0,0,0,1,0,0,0,0,100.0,0.0,0,3,Carril acceleració,-1.0,3,3,0,0,0,0,0,0,0,0,0,0,0,0,4,-1,0,Resta sortides de via,-1,1,2,4,2,2,1,13.35,0,1,2,11,10
15011,2017,0,2017-07-26,C-65,LLAGOSTERA,Girones,1,0,1,0,2,0,0,0,1,1,0,0,0,100.0,0.0,0,2,No n'hi ha,-1.0,3,3,1,0,0,0,0,0,0,0,0,0,0,0,4,-1,1,Fregament o col·lisió lateral,-1,1,2,4,3,1,1,15.19,1,2,2,26,7
15012,2017,0,2017-11-24,BP-5002,VALLROMANES,Valles Oriental,3,0,2,1,2,0,0,0,0,2,0,0,0,50.0,0.0,0,2,No n'hi ha,-1.0,3,3,1,0,0,0,0,0,0,0,0,0,0,0,3,-1,1,Col·lisió frontal,-1,1,2,4,3,2,0,21.38,1,2,4,24,11
15013,2017,1,2017-07-14,SE,HOSPITALET DE LLOBREGAT,Barcelones,3,0,1,0,2,0,0,0,1,1,0,0,0,20.0,0.0,0,2,No n'hi ha,-1.0,3,3,1,-1,0,0,0,-1,0,0,0,0,-1,1,5,4,1,Envestida (frontal lateral),0,2,2,5,-1,2,0,22.3,2,2,4,14,7
15014,2017,1,2017-12-05,C-246a,VILANOVA I LA GELTRU,Garraf,3,0,1,0,2,0,0,0,1,1,0,0,0,100.0,0.0,0,-1,No n'hi ha,-1.0,3,3,1,0,0,0,0,0,0,0,0,0,0,0,4,-1,-1,Encalç,-1,0,2,4,-1,2,1,15.42,1,2,1,5,12
15015,2017,0,2017-06-25,N-260,TOSES,Ripolles,1,0,1,0,1,0,0,0,1,0,0,0,0,60.0,0.0,0,1,No n'hi ha,-1.0,3,3,1,0,0,0,0,0,0,0,0,0,0,0,4,-1,1,Caiguda en la via,-1,1,2,4,1,2,0,12.44,0,0,6,25,6
15016,2017,1,2017-02-10,SE,HOSPITALET DE LLOBREGAT,Barcelones,3,0,1,0,2,0,0,0,1,1,0,0,0,20.0,0.0,0,-1,No n'hi ha,-1.0,3,3,1,0,0,0,0,0,0,0,0,0,0,0,4,-1,-1,Fregament o col·lisió lateral,-1,2,2,5,-1,2,1,9.18,0,2,4,10,2