,Year,Area,Date,Road,Municipality Name,County Name,Province Name,Fatalties,Serious Injuries,Light Injuries,Units Involved,Pedestrains Involved,Bicycles Involved,Mopeds Involved,Motorcycles,Light Vehicles Involved,Heavy Vehicles Involved,Other Units Involved,Unspecified Units Involved,Road Speed Limit,Accident with Hit and Run,Fog Presence,Surrounding Environment,Special Lane Presence,Special Traffic Measures,Weather Conditions,Special Road Functions,Severity of Accident,Influence of Fog,Influence of Environment,Influence of Traffic,Influence of Weather,Influence of Wind Intensity,Influence of Lighting,Influence of Special Measures,Influence of Road Objects,Influence of Road Surface,Influence of Visibility,Intersection Characteristics,Lighting Conditions,Traffic Regulation and Priority,Direction of Road,Subtype of Accident,Subtype of Road Section,Subzone within Area,Road Surface Conditions,Type of Road,Road Ownership,Wind Conditions,Day of the Week Grouping,Hour of Day,Time of Day Grouping,Type of Accident,Day Type,Day,Month
15017,2017,0,2017-07-23,C-14,ALCOVER,Alt Camp,0,2,1,2,3,0,0,0,0,2,1,0,0,100.0,0.0,0,2,No n'hi ha,-1.0,3,3,0,0,0,0,0,0,0,0,0,0,0,0,4,-1,1,Col·lisió frontal,-1,1,2,4,2,2,0,7.33,0,2,6,23,7
15018,2017,1,2017-07-13,SE,BARCELONA,Barcelones,3,0,1,1,2,0,0,0,1,1,0,0,0,100.0,0.0,1,-1,No n'hi ha,-1.0,3,3,1,0,0,0,0,0,0,0,0,0,1,0,4,-1,0,Caiguda en la via,-1,2,2,5,-1,2,1,19.35,1,0,3,13,7
15019,2017,0,2017-08-05,BV-4341,LLUCA,Osona,3,0,1,0,2,0,1,0,0,1,0,0,0,50.0,0.0,0,1,No n'hi ha,-1.0,3,3,1,0,0,0,0,0,0,0,0,0,0,0,4,-1,1,Col·lisió frontal,-1,1,2,4,0,2,0,9.12,0,2,5,5,8
15020,2017,1,2017-04-29,SE,BARCELONA,Barcelones,3,0,1,1,3,0,0,0,1,2,0,0,0,100.0,0.0,1,-1,No n'hi ha,-1.0,3,3,1,0,0,0,0,0,0,0,0,0,0,1,0,-1,0,Envestida (frontal lateral),2,2,2,5,-1,2,0,22.5,2,2,5,29,4
15021,2017,1,2017-03-23,SE,REUS,Baix Camp,0,0,1,0,2,1,0,0,0,1,0,0,0,100.0,0.0,0,-1,No n'hi ha,-1.0,3,3,1,0,0,0,0,0,0,0,0,0,0,0,4,-1,-1,Atropellament,-1,2,2,5,-1,2,1,17.45,1,3,3,23,3
15022,2017,0,2017-06-18,C-31,BADALONA,Barcelones,3,1,0,1,1,0,0,0,1,0,0,0,0,80.0,0.0,0,3,No n'hi ha,-1.0,3,3,0,0,0,0,0,0,1,0,0,0,0,0,4,-1,1,Altres,-1,1,2,4,2,2,0,6.0,0,5,6,18,6
15023,2017,1,2017-03-15,SE,SANT CARLES DE LA RAPITA,Montsia,0,0,1,2,1,0,0,0,0,1,0,0,0,40.0,0.0,0,0,No n'hi ha,-1.0,3,3,1,0,0,0,0,0,0,0,0,0,0,0,5,-1,0,Xoc contra objecte/obstacle sense sortida prèvia de via,-1,2,2,5,-1,2,1,20.1,1,4,2,15,3
15024,2017,1,2017-08-31,SE,BARCELONA,Barcelones,3,0,1,0,2,1,0,0,1,0,0,0,0,100.0,0.0,1,-1,No n'hi ha,-1.0,3,3,1,0,0,0,0,0,0,0,0,0,0,1,0,-1,1,Atropellament,1,2,2,5,-1,2,1,21.2,1,3,3,31,8
15025,2017,1,2017-05-18,SE,CASTELLDEFELS,Baix Llobregat,3,0,1,0,2,0,0,0,1,1,0,0,0,100.0,0.0,0,-1,No n'hi ha,-1.0,3,3,1,0,0,0,0,0,0,0,0,0,0,0,4,-1,-1,Envestida (frontal lateral),-1,2,2,5,-1,2,1,8.03,0,2,3,18,5
15026,2017,0,2017-01-09,TP-2402,"BISBAL DEL PENEDES, LA",Baix Penedes,0,0,1,0,3,1,0,0,0,1,1,0,0,80.0,0.0,0,2,Carril central,-1.0,3,3,1,0,0,0,0,0,0,0,0,0,0,1,3,4,1,Atropellament,1,1,2,4,3,2,1,7.24,0,3,0,9,1
15027,2017,0,2017-11-02,BP-1241,SAN FELIU DE CODINES,Valles Oriental,3,1,0,0,1,0,0,0,0,1,0,0,0,100.0,0.0,0,-1,No n'hi ha,-1.0,3,3,0,0,0,0,0,0,0,0,0,0,0,0,4,-1,-1,Resta sortides de via,-1,1,2,4,-1,2,1,18.35,1,1,3,2,11
15028,2017,1,2017-02-08,SE,BARCELONA,Barcelones,3,0,1,0,2,0,0,0,1,1,0,0,0,100.0,0.0,0,-1,No n'hi ha,-1.0,3,3,1,0,0,0,0,0,0,0,0,0,0,1,5,2,0,Fregament o col·lisió lateral,2,2,2,5,-1,2,1,20.5,1,2,2,8,2
15029,2018,0,2018-09-11,AP-7,SANT CELONI,Valles Oriental,3,0,1,0,1,0,0,0,0,1,0,0,0,100.0,0.0,0,1,No n'hi ha,-1.0,3,3,1,0,0,0,0,0,0,0,0,0,0,0,4,-1,0,Resta sortides de via,-1,1,2,4,1,2,1,10.15,0,1,1,11,9
15030,2018,0,2018-04-27,C-44,TIVISSA,Ribera d'Ebre,0,1,1,0,1,0,0,0,0,1,0,0,0,100.0,0.0,0,1,No n'hi ha,-1.0,3,3,0,0,0,0,0,0,0,0,0,0,0,0,4,-1,1,Resta sortides de via,-1,1,2,4,2,2,1,10.22,0,1,4,27,4
15031,2018,1,2018-07-12,SE,BARCELONA,Barcelones,3,0,1,1,2,1,0,0,1,0,0,0,0,100.0,0.0,1,-1,Carril bus,-1.0,3,3,1,0,0,0,0,0,0,0,0,0,0,1,4,-1,0,Atropellament,2,2,2,5,-1,2,1,14.46,1,3,3,12,7
15032,2018,0,2018-12-07,C-31,SITGES,Garraf,3,0,1,0,1,0,0,0,1,0,0,0,0,90.0,0.0,0,-1,Sense Especificar,-1.0,3,3,1,0,0,0,0,0,0,0,0,0,0,2,4,2,-1,Altres,0,1,2,4,4,2,0,15.47,1,5,4,7,12
15033,2018,1,2018-09-16,SE,SABADELL,Valles Occidental,3,0,1,0,2,1,0,0,0,1,0,0,0,100.0,0.0,0,2,No n'hi ha,-1.0,3,3,1,0,0,0,0,0,0,0,0,0,0,2,4,-1,0,Atropellament,0,2,2,5,-1,2,0,13.2,0,3,6,16,9
15034,2018,1,2018-06-23,SE,SALOU,Tarragones,0,0,1,0,2,1,0,0,0,1,0,0,0,100.0,0.0,0,2,No n'hi ha,-1.0,3,3,1,0,0,0,0,0,0,0,0,0,0,0,5,-1,1,Atropellament,-1,2,2,5,0,2,0,1.4,2,3,5,23,6
15035,2018,1,2018-01-05,SE,BARCELONA,Barcelones,3,0,1,0,2,0,0,0,1,1,0,0,0,100.0,0.0,1,-1,Carril bus,-1.0,3,3,1,0,0,0,0,0,0,0,0,0,0,0,4,-1,0,Envestida (frontal lateral),-1,2,2,5,-1,2,0,15.45,1,2,4,5,1
15036,2018,0,2018-08-21,C-1412a,VILANOVA DE L'AGUDA,Noguera,2,0,2,1,1,0,0,0,0,1,0,0,0,100.0,0.0,0,0,No n'hi ha,-1.0,3,3,1,0,0,0,0,0,0,0,0,0,0,0,4,-1,1,Resta sortides de via,-1,1,2,4,2,2,1,18.24,1,1,1,21,8
15037,2018,1,2018-10-05,SE,TERRASSA,Valles Occidental,3,0,1,0,2,1,0,0,0,1,0,0,0,30.0,0.0,0,2,No n'hi ha,-1.0,3,3,1,0,1,0,0,0,0,0,0,0,0,0,1,-1,1,Atropellament,-1,2,2,5,-1,2,0,19.55,1,3,4,5,10
15038,2018,0,2018-08-02,BV-4241,CAPOLAT,Bergueda,3,0,1,0,1,0,0,0,1,0,0,0,0,90.0,0.0,0,-1,Sense Especificar,-1.0,3,3,1,0,0,0,0,0,0,0,0,0,0,0,4,-1,-1,Resta sortides de via,-1,1,2,4,4,2,1,19.04,1,1,3,2,8
15039,2018,0,2018-08-17,GI-524,OLOT,Garrotxa,1,0,1,0,2,0,0,0,1,0,1,0,0,100.0,0.0,0,0,No n'hi ha,-1.0,3,3,1,0,0,0,0,0,0,0,0,0,0,0,4,-1,1,Encalç,-1,1,2,4,2,2,1,11.57,0,2,4,17,8
15040,2018,0,2018-09-02,N-230,"PONT DE SUERT, EL",Alta Ribagorca,2,1,0,0,2,0,0,0,1,0,1,0,0,100.0,0.0,0,1,No n'hi ha,-1.0,3,3,0,0,0,0,0,0,0,0,0,0,0,0,4,-1,1,Envestida (frontal lateral),-1,1,2,4,1,2,0,10.22,0,2,6,2,9
15041,2018,1,2018-07-26,SE,MANRESA,Bages,3,0,1,0,2,1,0,0,0,1,0,0,0,100.0,0.0,0,2,No n'hi ha,-1.0,3,3,1,0,0,0,0,0,0,0,0,0,0,1,4,2,1,Atropellament,2,2,2,5,-1,2,1,15.49,1,3,3,26,7
15042,2018,1,2018-07-02,SE,BARCELONA,Barcelones,3,0,1,0,2,0,0,0,1,1,0,0,0,100.0,0.0,1,-1,No n'hi ha,-1.0,3,3,1,0,0,0,0,0,0,0,0,0,0,1,4,-1,0,Envestida (frontal lateral),2,2,2,5,-1,2,1,20.55,1,2,0,2,7
15043,2018,1,2018-05-10,SE,VILAFRANCA DEL PENEDES,Alt Penedes,3,0,1,1,2,1,0,0,1,0,0,0,0,20.0,0.0,0,-1,No n'hi ha,-1.0,3,3,1,0,0,0,0,0,0,0,0,0,0,1,5,2,1,Atropellament,2,2,2,5,-1,2,1,23.5,2,3,3,10,5
15044,2018,0,2018-12-02,C-242,CORNUDELLA DE MONTSANT,Priorat,0,0,1,0,1,0,0,0,1,0,0,0,0,90.0,0.0,0,-1,Sense Especificar,-1.0,3,3,1,0,0,0,0,0,0,0,0,0,0,0,4,-1,-1,Resta sortides de via,-1,1,2,4,4,2,0,11.26,0,1,6,2,12
15045,2018,0,2018-12-21,AP-7,CASTELLVI DE LA MARC,Alt Penedes,3,0,1,0,1,0,0,0,1,0,0,0,0,90.0,0.0,0,-1,Sense Especificar,-1.0,3,3,1,0,0,0,0,0,0,0,0,0,0,0,4,-1,-1,Xoc amb animal a la calçada,-1,1,2,4,4,2,1,1.59,2,4,4,21,12
15046,2018,1,2018-05-28,SE,BARCELONA,Barcelones,3,0,1,0,2,0,0,0,1,1,0,0,0,100.0,0.0,1,-1,Carril bus,-1.0,3,3,1,0,0,0,0,0,0,0,0,0,0,0,4,-1,1,Envestida (frontal lateral),-1,2,2,5,-1,2,1,17.45,1,2,0,28,5
15047,2018,1,2018-06-13,SE,SANT QUIRZE DEL VALLES,Valles Occidental,3,0,1,1,2,0,2,0,0,0,0,0,0,20.0,0.0,0,-1,No n'hi ha,-1.0,3,3,1,0,-1,0,0,0,0,0,0,0,0,0,4,-1,-1,Fregament o col·lisió lateral,-1,2,2,5,-1,2,1,20.27,1,2,2,13,6
15048,2018,0,2018-06-25,AP-7,SANT GREGORI,Girones,1,0,1,0,1,0,0,0,0,1,0,0,0,100.0,0.0,0,2,No n'hi ha,-1.0,3,3,1,0,0,0,0,0,0,0,1,0,0,0,4,-1,0,Resta sortides de via,-1,1,2,4,1,2,1,8.15,0,1,0,25,6
15049,2018,0,2018-09-25,AL,CENTELLES,Osona,3,0,1,0,2,0,0,0,0,2,0,0,0,100.0,0.0,0,2,No n'hi ha,-1.0,3,3,1,0,0,0,0,0,0,0,0,0,0,0,1,-1,1,Fregament o col·lisió lateral,-1,1,2,4,2,2,1,20.0,1,2,1,25,9
15050,2018,0,2018-07-29,AL,SOLSONA,Solsones,2,0,1,1,1,0,0,0,1,0,0,0,0,20.0,0.0,0,1,No n'hi ha,0.0,3,3,1,0,1,0,0,0,0,0,0,0,0,0,4,-1,1,Caiguda en la via,-1,1,2,4,3,2,0,17.28,1,0,6,29,7
15051,2018,1,2018-12-22,SE,BADALONA,Barcelones,3,0,1,0,2,0,0,0,1,1,0,0,0,20.0,1.0,0,-1,No n'hi ha,-1.0,3,3,1,0,-1,0,0,0,0,0,0,0,0,1,4,3,-1,Xoc contra objecte/obstacle sense sortida prèvia de via,2,2,2,5,-1,2,0,18.4,1,4,5,22,12
15052,2018,0,2018-03-20,GIV-5332,AIGUAVIVA,Girones,1,0,1,4,6,5,0,0,0,0,1,0,0,90.0,0.0,0,-1,Sense Especificar,-1.0,3,3,1,0,0,0,0,0,0,0,0,0,0,0,4,-1,-1,Xoc contra objecte/obstacle sense sortida prèvia de via,-1,1,2,4,4,2,1,9.55,0,4,1,20,3
15053,2018,1,2018-07-23,SE,GAVA,Baix Llobregat,3,0,1,0,2,1,0,0,0,1,0,0,0,40.0,0.0,0,2,No n'hi ha,-1.0,3,3,1,0,1,0,0,0,0,0,0,0,1,0,1,-1,1,Atropellament,-1,2,2,5,-1,2,1,9.08,0,3,0,23,7
15054,2018,1,2018-04-03,SE,BARCELONA,Barcelones,3,0,1,0,2,0,0,0,1,1,0,0,0,100.0,0.0,1,-1,No n'hi ha,-1.0,3,3,1,0,0,0,0,0,0,0,0,0,0,1,4,-1,0,Envestida (frontal lateral),2,2,2,5,-1,2,1,16.0,1,2,1,3,4
15055,2018,1,2018-02-01,SE,HOSPITALET DE LLOBREGAT,Barcelones,3,0,1,0,2,1,0,0,1,0,0,0,0,20.0,0.0,0,-1,No n'hi ha,-1.0,3,3,1,0,-1,0,0,0,0,0,0,0,0,1,5,2,-1,Atropellament,1,2,2,5,-1,2,1,23.0,2,3,3,1,2
15056,2018,1,2018-06-07,SE,TARRAGONA,Tarragones,0,0,1,0,2,1,0,0,0,1,0,0,0,20.0,0.0,0,-1,No n'hi ha,-1.0,3,3,1,-1,0,0,0,-1,0,0,0,0,-1,1,5,2,1,Atropellament,2,2,2,5,-1,2,1,21.56,1,3,3,7,6
15057,2018,1,2018-07-22,SE,CORCA,Baix Emporda,1,0,1,0,1,0,1,0,0,0,0,0,0,20.0,0.0,0,-1,Sense Especificar,-1.0,3,3,1,0,0,0,0,0,0,0,0,0,0,0,4,-1,-1,Altres,-1,2,2,5,-1,2,0,10.26,0,5,6,22,7
15058,2018,1,2018-06-21,SE,LLEIDA,Segria,2,0,1,0,2,0,0,0,0,2,0,0,0,20.0,0.0,0,1,No n'hi ha,-1.0,3,3,1,-1,0,0,0,-1,0,0,0,0,-1,0,4,-1,1,Envestida (frontal lateral),-1,2,2,5,-1,2,1,16.2,1,2,3,21,6
15059,2018,1,2018-07-06,SE,HOSPITALET DE LLOBREGAT,Barcelones,3,0,1,0,2,1,1,0,0,0,0,0,0,20.0,0.0,0,-1,No n'hi ha,-1.0,3,3,1,0,-1,0,0,0,0,0,0,0,0,0,4,-1,-1,Atropellament,-1,2,2,5,-1,2,0,18.1,1,3,4,6,7
15060,2018,0,2018-06-11,N-II,PREMIA DE MAR,Maresme,3,0,2,0,3,0,0,0,2,1,0,0,0,50.0,0.0,0,2,No n'hi ha,-1.0,3,3,1,0,0,0,0,0,0,0,0,0,1,1,4,4,1,Envestida (frontal lateral),1,1,2,4,1,2,1,7.59,0,2,0,11,6
15061,2018,0,2018-02-24,C-243a,SUBIRATS,Alt Penedes,3,0,1,3,4,0,0,0,0,4,0,0,0,100.0,0.0,0,2,No n'hi ha,-1.0,3,3,1,0,0,0,0,0,0,0,0,0,0,0,3,-1,1,Col·lisió frontal,-1,1,2,4,2,2,0,20.59,1,2,5,24,2
15062,2018,1,2018-03-27,SE,BARCELONA,Barcelones,3,0,1,1,2,1,0,0,1,0,0,0,0,100.0,0.0,1,-1,Carril bici,-1.0,3,3,1,0,0,0,0,0,0,0,0,0,0,1,4,-1,1,Atropellament,2,2,2,5,-1,2,1,13.21,0,3,1,27,3
15063,2018,0,2018-03-22,C-35,SANTA MARIA DE PALAU,Valles Oriental,3,0,1,2,3,0,0,0,0,3,0,0,0,70.0,0.0,0,1,Habilitació voral/carril addicional,-1.0,3,3,1,0,0,0,0,0,0,0,0,0,1,0,4,-1,1,Col·lisió frontal,-1,1,2,4,2,2,1,15.07,1,2,3,22,3
15064,2018,1,2018-03-23,SE,BARCELONA,Barcelones,3,0,1,3,2,0,0,0,1,1,0,0,0,100.0,0.0,1,-1,Carril bus,-1.0,3,3,1,0,0,0,0,0,0,0,0,0,0,1,4,-1,0,Fregament o col·lisió lateral,2,2,2,5,-1,2,0,16.5,1,2,4,23,3
15065,2018,1,2018-03-31,SE,GIRONA,Girones,1,0,1,0,2,0,0,0,1,1,0,0,0,100.0,0.0,0,2,No n'hi ha,-1.0,3,3,1,0,0,0,0,0,0,0,0,0,0,0,4,-1,1,Encalç,-1,2,2,5,-1,2,0,13.38,0,2,5,31,3
15066,2018,0,2018-03-12,BV-5105,"ROCA DEL VALLES, LA",Valles Oriental,3,2,0,0,3,0,0,0,1,1,1,0,0,100.0,0.0,0,-1,No n'hi ha,-1.0,3,3,0,0,0,0,0,0,0,0,0,0,0,0,4,-1,-1,Col·lisió frontal,-1,1,2,4,-1,2,1,20.19,1,2,0,12,3
15067,2018,1,2018-04-18,SE,MATARO,Maresme,3,0,1,0,2,0,0,0,1,1,0,0,0,20.0,0.0,0,-1,No n'hi ha,-1.0,3,3,1,0,-1,0,0,0,0,0,0,0,0,1,4,2,-1,Envestida (frontal lateral),1,2,2,5,-1,2,1,9.01,0,2,2,18,4
15068,2018,1,2018-10-06,SE,BARCELONA,Barcelones,3,0,1,0,1,0,1,0,0,0,0,0,0,100.0,0.0,1,-1,No n'hi ha,-1.0,3,3,1,0,0,0,0,0,0,0,0,0,0,0,4,-1,1,Caiguda en la via,-1,2,2,5,-1,2,0,19.15,1,0,5,6,10
15069,2018,0,2018-02-09,C-1413a,"PAPIOL, EL",Baix Llobregat,3,1,0,1,2,0,0,0,0,2,0,0,0,70.0,0.0,0,2,No n'hi ha,-1.0,3,3,0,0,0,0,0,0,0,0,0,0,0,2,3,4,1,Envestida (frontal lateral),3,1,2,4,2,2,0,22.12,2,2,4,9,2
15070,2018,0,2018-12-05,C-32,CORNELLA DE LLOBREGAT,Baix Llobregat,3,0,1,0,2,0,0,0,1,1,0,0,0,80.0,0.0,0,1,Carril d'alentiment,-1.0,3,3,1,0,1,0,0,0,0,0,0,0,0,0,4,-1,0,Encalç,-1,1,2,4,2,2,1,10.24,0,2,2,5,12
15071,2018,1,2018-07-17,SE,TARRAGONA,Tarragones,0,0,1,0,2,1,0,0,0,1,0,0,0,100.0,0.0,0,2,No n'hi ha,-1.0,3,3,1,0,0,0,0,0,0,0,0,0,0,1,4,5,0,Atropellament,1,2,2,5,-1,2,1,19.0,1,3,1,17,7
15072,2018,1,2018-03-01,SE,LLICA DE VALL,Valles Oriental,3,1,0,0,2,1,0,0,0,1,0,0,0,100.0,0.0,1,3,No n'hi ha,-1.0,1,3,0,0,0,0,0,0,0,0,0,0,0,0,0,-1,1,Atropellament,-1,0,2,4,3,2,1,7.0,0,3,3,1,3
15073,2018,1,2018-06-25,SE,BARCELONA,Barcelones,3,0,1,0,2,1,0,0,0,1,0,0,0,100.0,0.0,1,-1,No n'hi ha,-1.0,3,3,1,0,0,0,0,0,1,0,0,0,0,1,4,-1,1,Atropellament,2,2,2,5,-1,2,1,17.45,1,3,0,25,6
15074,2018,1,2018-08-26,B-124,SANT LLORENC SAVALL,Valles Occidental,3,0,1,0,1,0,1,0,0,0,0,0,0,90.0,0.0,0,-1,Sense Especificar,-1.0,3,1,1,0,0,0,0,0,0,0,0,0,0,0,4,-1,-1,Altres,-1,0,2,4,4,2,0,11.32,0,5,6,26,8
15075,2018,0,2018-09-21,C-243a,VILAFRANCA DEL PENEDES,Alt Penedes,3,1,0,1,2,1,0,0,0,1,0,0,0,100.0,0.0,0,0,No n'hi ha,-1.0,3,3,0,0,0,0,0,0,0,0,0,0,0,0,3,-1,1,Atropellament,-1,1,2,4,3,2,0,23.55,2,3,4,21,9
15076,2018,0,2018-04-26,C-12,GARCIA,Ribera d'Ebre,0,0,1,0,1,0,0,0,0,1,0,0,0,100.0,0.0,0,2,No n'hi ha,-1.0,3,3,1,0,0,0,0,0,0,0,0,0,0,0,4,-1,1,Resta sortides de via,-1,1,2,4,2,2,1,12.17,0,1,3,26,4
15077,2018,1,2018-07-30,SE,BADALONA,Barcelones,3,0,2,1,2,0,0,0,1,1,0,0,0,20.0,0.0,0,-1,No n'hi ha,-1.0,3,3,1,-1,0,0,0,-1,0,0,0,0,-1,1,4,3,1,Envestida (frontal lateral),2,2,2,5,-1,2,1,18.53,1,2,0,30,7
15078,2018,1,2018-10-14,SE,REUS,Baix Camp,0,0,1,0,1,0,0,0,1,0,0,0,0,100.0,0.0,0,-1,No n'hi ha,-1.0,3,3,1,0,0,0,0,0,0,0,0,0,0,0,4,-1,-1,Resta sortides de via,-1,2,2,5,-1,2,0,13.23,0,1,6,14,10
15079,2018,1,2018-05-22,SE,BARCELONA,Barcelones,3,0,1,0,2,0,0,0,1,1,0,0,0,100.0,0.0,1,-1,Carril bus,-1.0,3,3,1,0,0,0,0,0,0,0,0,0,0,1,4,-1,0,Envestida (frontal lateral),2,2,2,5,-1,2,1,6.45,0,2,1,22,5
15080,2018,1,2018-03-11,SE,BARCELONA,Barcelones,3,0,1,1,2,0,0,0,1,1,0,0,0,100.0,0.0,1,-1,No n'hi ha,-1.0,3,3,1,0,0,0,0,0,0,0,0,0,0,1,0,-1,1,Col·lisió frontal,2,2,2,5,-1,2,0,19.0,1,2,6,11,3
15081,2018,0,2018-04-14,T-733,ASCO,Ribera d'Ebre,0,0,1,0,1,0,0,0,1,0,0,0,0,100.0,0.0,0,3,No n'hi ha,-1.0,3,3,1,0,0,0,0,0,0,0,0,0,0,0,4,-1,1,Resta sortides de via,-1,1,2,4,3,2,0,17.39,1,1,5,14,4
15082,2018,0,2018-03-30,BV-1221,MURA,Bages,3,0,1,0,1,0,1,0,0,0,0,0,0,90.0,0.0,0,-1,Sense Especificar,-1.0,3,3,1,0,0,0,0,0,0,0,0,0,0,0,4,-1,-1,Altres,-1,1,2,4,4,2,1,11.3,0,5,4,30,3
15083,2018,0,2018-08-25,C-31,PALAMOS,Baix Emporda,1,0,1,1,1,0,0,1,0,0,0,0,0,40.0,0.0,0,1,No n'hi ha,-1.0,3,3,1,0,0,0,0,0,0,0,0,0,0,2,4,5,1,Resta sortides de via,3,1,2,4,2,2,0,13.43,0,1,5,25,8
15084,2018,1,2018-06-25,SE,BADALONA,Barcelones,3,0,1,0,1,0,0,0,1,0,0,0,0,20.0,0.0,0,-1,No n'hi ha,-1.0,3,3,1,-1,0,0,0,-1,0,0,0,0,-1,0,4,-1,1,Xoc contra objecte/obstacle sense sortida prèvia de via,-1,2,2,5,-1,2,1,18.19,1,4,0,25,6
15085,2018,0,2018-05-13,SE,TONA,Osona,3,0,1,0,1,0,1,0,0,0,0,0,0,30.0,0.0,0,3,No n'hi ha,-1.0,3,3,1,0,0,0,0,0,0,0,0,0,0,0,2,-1,1,Resta sortides de via,-1,1,2,0,4,2,0,14.08,1,1,6,13,5
15086,2018,0,2018-06-25,LV-9047,CAMARASA,Noguera,2,0,3,0,2,0,0,0,0,2,0,0,0,100.0,0.0,0,2,No n'hi ha,-1.0,3,3,1,0,0,0,0,0,0,0,0,0,0,0,2,-1,1,Fregament o col·lisió lateral,-1,1,2,4,3,2,1,20.0,1,2,0,25,6
15087,2018,0,2018-12-05,GI-531,SANT MARTI DE LLEMENA,Girones,1,0,1,0,2,0,0,0,1,1,0,0,0,50.0,0.0,0,2,No n'hi ha,-1.0,3,3,1,0,0,0,0,0,0,0,0,0,0,0,4,-1,1,Col·lisió frontal,-1,1,2,4,2,2,1,12.03,0,2,2,5,12
15088,2018,1,2018-02-10,SE,BARCELONA,Barcelones,3,0,1,3,2,0,0,0,1,1,0,0,0,100.0,0.0,1,-1,Carril bus,-1.0,3,3,1,0,0,0,0,0,0,0,0,0,0,1,4,-1,1,Envestida (frontal lateral),2,2,2,5,-1,2,0,11.44,0,2,5,10,2
15089,2018,0,2018-09-29,CR,TORRES DE SEGRE,Segria,2,1,0,0,1,0,0,0,1,0,0,0,0,50.0,0.0,0,2,No n'hi ha,-1.0,3,3,0,0,0,0,0,0,0,0,0,0,0,0,3,-1,1,Resta sortides de via,-1,1,2,3,0,2,0,5.38,2,1,5,29,9
15090,2018,1,2018-08-10,SE,BARCELONA,Barcelones,3,1,0,0,2,1,0,0,0,1,0,0,0,40.0,0.0,1,-1,No n'hi ha,-1.0,3,3,0,0,0,0,0,0,0,0,0,0,0,1,4,-1,1,Atropellament,1,2,2,5,-1,2,0,21.1,1,3,4,10,8
15091,2018,1,2018-08-29,SE,BARCELONA,Barcelones,3,0,1,0,2,0,0,0,1,1,0,0,0,100.0,0.0,1,-1,No n'hi ha,-1.0,3,3,1,0,0,0,0,0,0,0,0,0,0,0,4,-1,0,Envestida (frontal lateral),-1,2,2,5,-1,2,1,18.5,1,2,2,29,8
15092,2018,0,2018-12-31,C-62,SAGAS,Bergueda,3,0,1,1,1,0,0,0,0,1,0,0,0,60.0,0.0,0,3,No n'hi ha,-1.0,3,3,1,0,0,0,0,0,0,0,0,0,0,0,3,-1,1,Resta sortides de via,-1,1,2,4,2,2,1,0.17,2,1,0,31,12
15093,2018,0,2018-09-15,AP-7,SANT CELONI,Valles Oriental,3,0,1,0,1,0,0,0,0,0,1,0,0,100.0,0.0,0,1,No n'hi ha,-1.0,3,3,1,0,0,0,0,0,0,0,0,0,0,0,4,-1,0,Resta sortides de via,-1,1,2,4,1,2,0,12.12,0,1,5,15,9
15094,2018,0,2018-04-01,N-230b,"PINELL DE BRAI, EL",Terra Alta,0,0,1,2,1,0,0,0,0,1,0,0,0,100.0,0.0,0,3,No n'hi ha,-1.0,3,3,1,0,0,0,0,0,0,0,0,0,0,0,4,-1,1,Resta sortides de via,-1,1,2,4,3,2,0,17.27,1,1,6,1,4
15095,2018,0,2018-03-25,C-31,HOSPITALET DE LLOBREGAT,Barcelones,3,0,1,0,1,0,0,0,0,1,0,0,0,60.0,0.0,0,3,No n'hi ha,-1.0,2,3,1,0,0,0,1,0,0,0,0,0,0,0,0,-1,0,Resta sortides de via,-1,1,2,4,2,1,0,0.24,2,1,6,25,3
15096,2018,1,2018-11-23,SE,SANTA COLOMA DE FARNERS,Selva,1,0,1,0,2,0,1,0,0,1,0,0,0,100.0,0.0,0,2,No n'hi ha,-1.0,3,3,1,0,0,0,0,0,0,0,0,0,0,1,4,4,0,Fregament o col·lisió lateral,2,2,2,5,-1,2,1,13.0,0,2,4,23,11
15097,2018,0,2018-04-27,BV-4501,SANT FRUITOS DE BAGES,Bages,3,0,1,0,1,0,0,0,1,0,0,0,0,90.0,0.0,0,-1,Sense Especificar,-1.0,3,3,1,0,0,0,0,0,0,0,0,0,0,0,4,-1,-1,Altres,-1,1,2,4,4,2,1,14.23,1,5,4,27,4
15098,2018,1,2018-02-21,SE,ESPLUGUES DE LLOBREGAT,Baix Llobregat,3,0,1,0,1,0,0,0,1,0,0,0,0,20.0,0.0,0,-1,No n'hi ha,,3,3,1,-1,0,0,0,-1,0,0,0,0,-1,0,4,-1,0,Sortida de via amb xoc o col·lisió,-1,2,2,5,-1,2,1,10.58,0,1,2,21,2
15099,2018,0,2018-01-22,BP-1432,"AMETLLA DEL VALLES,",Valles Oriental,3,0,2,0,2,0,0,0,1,1,0,0,0,100.0,0.0,0,3,No n'hi ha,-1.0,3,3,1,0,0,0,0,0,0,0,0,0,0,0,3,-1,1,Altres,-1,1,2,4,2,2,1,20.15,1,5,0,22,1
15100,2018,1,2018-12-30,SE,ROSES,Alt Emporda,1,0,1,0,3,0,0,0,1,2,0,0,0,40.0,0.0,0,-1,No n'hi ha,-1.0,3,3,1,-1,0,0,0,0,0,0,0,0,0,0,5,-1,1,Envestida (frontal lateral),-1,2,2,5,-1,1,0,22.27,2,2,6,30,12