,Year,Area,Date,Road,Municipality Name,County Name,Province Name,Fatalties,Serious Injuries,Light Injuries,Units Involved,Pedestrains Involved,Bicycles Involved,Mopeds Involved,Motorcycles,Light Vehicles Involved,Heavy Vehicles Involved,Other Units Involved,Unspecified Units Involved,Road Speed Limit,Accident with Hit and Run,Fog Presence,Surrounding Environment,Special Lane Presence,Special Traffic Measures,Weather Conditions,Special Road Functions,Severity of Accident,Influence of Fog,Influence of Environment,Influence of Traffic,Influence of Weather,Influence of Wind Intensity,Influence of Lighting,Influence of Special Measures,Influence of Road Objects,Influence of Road Surface,Influence of Visibility,Intersection Characteristics,Lighting Conditions,Traffic Regulation and Priority,Direction of Road,Subtype of Accident,Subtype of Road Section,Subzone within Area,Road Surface Conditions,Type of Road,Road Ownership,Wind Conditions,Day of the Week Grouping,Hour of Day,Time of Day Grouping,Type of Accident,Day Type,Day,Month
15101,2018,0,2018-11-16,T-11,TARRAGONA,Tarragones,0,0,1,0,2,0,1,0,0,1,0,0,0,40.0,0.0,0,2,No n'hi ha,-1.0,3,3,1,0,0,0,0,0,0,0,0,0,0,1,2,4,1,Envestida (frontal lateral),0,1,2,4,3,2,1,8.19,0,2,4,16,11
15102,2018,1,2018-01-11,SE,VILAFRANCA DEL PENEDES,Alt Penedes,3,0,1,0,2,1,0,0,0,1,0,0,0,20.0,,0,-1,No n'hi ha,-1.0,3,3,1,-1,0,0,0,-1,0,0,0,0,0,1,4,2,0,Atropellament,1,2,2,5,-1,2,1,9.25,0,3,3,11,1
15103,2018,1,2018-11-13,SE,BARCELONA,Barcelones,3,0,1,0,2,0,1,0,0,1,0,0,0,100.0,0.0,1,-1,Carril bici,-1.0,3,3,1,0,0,0,0,0,0,0,0,0,0,1,4,-1,0,Envestida (frontal lateral),2,2,2,5,-1,2,1,10.2,0,2,1,13,11
15104,2018,1,2018-08-25,SE,BARCELONA,Barcelones,3,0,1,1,1,0,0,0,1,0,0,0,0,40.0,0.0,1,-1,Carril bus,-1.0,1,3,1,0,0,0,0,0,0,0,0,0,0,0,4,-1,1,Xoc contra objecte/obstacle sense sortida prèvia de via,-1,2,0,5,-1,2,0,6.4,0,4,5,25,8
15105,2018,1,2018-10-11,SE,SANT BOI DE LLOBREGAT,Baix Llobregat,3,0,1,0,2,1,0,0,0,1,0,0,0,100.0,0.0,0,-1,No n'hi ha,-1.0,3,3,1,0,0,0,0,0,0,0,0,0,0,0,4,-1,-1,Atropellament,-1,2,2,5,-1,2,1,12.51,0,3,3,11,10
15106,2018,1,2018-01-25,SE,HOSPITALET DE LLOBREGAT,Barcelones,3,0,1,1,2,1,0,0,0,1,0,0,0,20.0,0.0,0,2,No n'hi ha,-1.0,3,3,1,-1,0,0,0,-1,0,0,0,0,1,1,5,5,0,Atropellament,2,2,2,5,-1,2,1,0.51,2,3,3,25,1
15107,2018,1,2018-03-12,SE,BARCELONA,Barcelones,3,0,1,3,2,0,0,0,0,0,1,1,0,100.0,0.0,1,-1,Carril bus,-1.0,3,3,1,0,0,0,0,0,0,0,0,0,0,1,4,-1,1,Envestida (frontal lateral),2,2,2,5,-1,2,1,16.45,1,2,0,12,3
15108,2018,1,2018-06-16,SE,MATARO,Maresme,3,0,1,0,2,0,0,1,0,1,0,0,0,20.0,0.0,0,-1,No n'hi ha,-1.0,3,3,1,0,-1,0,0,0,0,0,0,0,0,1,5,4,-1,Envestida (frontal lateral),2,2,2,5,-1,2,0,23.47,2,2,5,16,6
15109,2018,1,2018-02-06,SE,BARCELONA,Barcelones,3,1,2,0,3,2,0,0,1,0,0,0,0,30.0,0.0,1,-1,Altres,-1.0,3,3,0,0,0,0,0,0,0,0,0,0,0,0,0,-1,1,Atropellament,-1,2,2,5,-1,2,1,21.56,1,3,1,6,2
15110,2018,0,2018-10-05,N-240,TARRAGONA,Tarragones,0,0,1,0,1,0,0,0,1,0,0,0,0,50.0,0.0,0,2,No n'hi ha,-1.0,3,3,1,-1,0,0,0,-1,0,0,0,0,-1,1,1,4,1,Caiguda en la via,0,1,1,4,1,2,0,19.4,1,0,4,5,10
15111,2018,1,2018-10-06,SE,BARCELONA,Barcelones,3,0,1,0,2,0,0,0,1,1,0,0,0,100.0,0.0,1,-1,No n'hi ha,-1.0,3,3,1,0,0,0,0,0,0,0,0,0,0,0,4,-1,0,Fregament o col·lisió lateral,-1,2,2,5,-1,2,0,17.4,1,2,5,6,10
15112,2018,0,2018-10-03,CR,TORRES DE SEGRE,Segria,2,1,0,0,1,0,0,0,0,0,1,0,0,50.0,0.0,0,2,No n'hi ha,-1.0,3,3,0,0,0,0,0,0,0,0,0,0,0,0,4,-1,1,Resta sortides de via,-1,1,2,3,0,2,1,12.21,0,1,2,3,10
15113,2018,0,2018-04-20,B-10,BARCELONA,Barcelones,3,0,1,0,1,0,0,0,1,0,0,0,0,60.0,0.0,1,-1,No n'hi ha,-1.0,3,3,1,0,0,0,0,0,0,0,0,0,0,0,0,-1,1,Xoc contra objecte/obstacle sense sortida prèvia de via,-1,1,2,1,-1,2,0,16.56,1,4,4,20,4
15114,2018,0,2018-01-04,N-340,CERVELLO,Baix Llobregat,3,0,1,1,2,0,0,0,1,1,0,0,0,100.0,0.0,0,2,No n'hi ha,-1.0,3,3,1,0,0,0,0,0,0,0,0,0,0,0,3,-1,1,Col·lisió frontal,-1,1,2,4,1,2,1,21.32,1,2,3,4,1
15115,2018,0,2018-11-03,BV-5031,MATARO,Maresme,3,0,1,0,2,0,0,0,1,1,0,0,0,50.0,0.0,0,3,No n'hi ha,-1.0,3,3,1,0,0,0,0,0,0,0,0,0,0,0,4,-1,1,Caiguda en la via,-1,1,2,4,3,2,0,14.06,1,0,5,3,11
15116,2018,0,2018-06-25,N-IIa,SANT ANFREU DE LA BARCA,Baix Llobregat,3,0,1,0,2,0,0,0,1,1,0,0,0,90.0,0.0,0,2,No n'hi ha,-1.0,3,3,1,-1,0,0,0,-1,0,0,0,0,-1,1,1,4,1,Envestida (frontal lateral),0,1,2,4,1,2,1,5.55,2,2,0,25,6
15117,2018,1,2018-09-14,C-12,AMPOSTA,Montsia,0,0,2,1,2,0,0,0,0,2,0,0,0,100.0,0.0,0,0,No n'hi ha,-1.0,3,3,1,0,0,0,0,0,0,0,0,0,0,1,4,4,1,Fregament o col·lisió lateral,2,0,2,4,2,2,1,9.32,0,2,4,14,9
15118,2018,1,2018-01-21,C-63,AMER,Selva,1,0,1,1,1,0,0,0,0,1,0,0,0,90.0,0.0,0,-1,Sense Especificar,-1.0,3,1,1,0,0,0,0,0,0,0,0,0,0,1,4,-1,-1,Resta sortides de via,-1,0,2,4,4,2,0,17.4,1,1,6,21,1
15119,2018,0,2018-07-04,AP-7,BARBERA DEL VALLES,Valles Occidental,3,0,1,0,2,0,0,0,1,0,0,1,0,90.0,0.0,0,-1,Sense Especificar,-1.0,3,3,1,0,0,0,0,0,0,0,0,0,0,0,4,-1,-1,Envestida (frontal lateral),-1,1,2,4,4,2,1,11.06,0,2,2,4,7
15120,2018,0,2018-05-12,C-1415B,CALDES DE MONTBUI,Valles Oriental,3,0,1,2,2,0,0,0,0,2,0,0,0,100.0,0.0,0,3,No n'hi ha,-1.0,1,3,1,0,0,0,0,0,0,0,0,0,0,0,2,-1,1,Col·lisió frontal,-1,1,2,4,2,2,0,19.18,1,2,5,12,5
15121,2018,1,2018-12-04,SE,VIC,Osona,3,0,1,0,2,0,0,0,1,1,0,0,0,20.0,0.0,0,-1,No n'hi ha,-1.0,3,3,1,0,-1,0,0,0,0,0,0,0,0,1,1,5,-1,Col·lisió frontal,2,2,0,5,0,2,1,7.05,0,2,1,4,12
15122,2018,0,2018-11-26,N-II,VILASSAR DE MAR,Maresme,3,0,1,0,2,0,0,0,1,1,0,0,0,90.0,0.0,0,-1,Sense Especificar,-1.0,3,3,1,0,0,0,0,0,0,0,0,0,0,0,4,-1,-1,Encalç,-1,1,2,4,4,2,1,8.33,0,2,0,26,11
15123,2018,0,2018-04-18,GI-660,"CRUILLES, MONELLS I SANT SADURNI DE L'HE",Baix Emporda,1,0,1,0,2,0,1,0,0,1,0,0,0,100.0,0.0,0,2,No n'hi ha,-1.0,3,3,1,0,0,0,0,0,0,0,0,0,0,0,4,-1,1,Col·lisió frontal,-1,1,2,4,3,2,1,10.55,0,2,2,18,4
15124,2018,0,2018-07-26,N-230,"PONT DE SUERT, EL",Alta Ribagorca,2,0,1,1,2,0,0,0,1,1,0,0,0,100.0,0.0,0,1,No n'hi ha,-1.0,3,3,1,0,0,0,0,0,0,0,0,0,0,0,4,-1,1,Col·lisió frontal,-1,1,2,4,1,2,1,17.51,1,2,3,26,7
15125,2018,1,2018-11-14,SE,CASTELLDEFELS,Baix Llobregat,3,0,1,0,2,0,1,0,0,1,0,0,0,40.0,0.0,0,2,No n'hi ha,-1.0,3,3,1,0,0,0,0,0,0,0,0,0,0,0,4,-1,1,Encalç,-1,2,2,5,-1,2,1,16.18,1,2,2,14,11
15126,2018,1,2018-11-25,SE,BARCELONA,Barcelones,3,0,1,0,3,0,0,0,1,2,0,0,0,100.0,0.0,1,-1,No n'hi ha,-1.0,3,3,1,0,0,0,0,0,0,0,0,0,0,1,3,-1,0,Fregament o col·lisió lateral,1,2,2,5,-1,2,0,21.4,1,2,6,25,11
15127,2018,0,2018-09-22,A-2,"PALAU D'ANGLESOLA, EL",Pla d'Urgell,2,0,1,1,2,0,0,0,0,2,0,0,0,100.0,0.0,0,2,No n'hi ha,-1.0,3,3,1,0,0,0,0,0,0,0,0,0,0,0,4,-1,0,Altres,-1,1,2,4,1,2,0,9.53,0,5,5,22,9
15128,2018,1,2018-01-29,SE,BARCELONA,Barcelones,3,0,1,0,2,1,0,0,0,1,0,0,0,100.0,0.0,1,-1,Carril bus,-1.0,3,3,1,0,0,0,0,0,0,0,0,0,0,1,4,-1,0,Atropellament,2,2,2,5,-1,2,1,11.02,0,3,0,29,1
15129,2018,1,2018-01-08,SE,LLEIDA,Segria,2,0,1,0,1,0,0,0,1,0,0,0,0,20.0,0.0,0,2,No n'hi ha,-1.0,3,3,1,-1,0,0,0,-1,0,0,0,0,0,0,2,-1,1,Caiguda en la via,-1,2,2,5,-1,2,1,14.45,1,0,0,8,1
15130,2018,0,2018-09-25,C-245,CORNELLA DE LLOBREGAT,Baix Llobregat,3,0,1,1,2,0,0,1,1,0,0,0,0,100.0,0.0,0,3,No n'hi ha,-1.0,3,3,1,0,0,0,0,0,1,0,0,0,0,0,0,-1,0,Encalç,-1,1,2,4,2,2,1,22.05,2,2,1,25,9
15131,2018,1,2018-11-08,SE,SABADELL,Valles Occidental,3,0,1,1,2,0,0,0,0,1,1,0,0,100.0,0.0,0,-1,No n'hi ha,-1.0,3,3,1,0,0,0,0,0,0,0,0,0,0,0,4,-1,-1,Envestida (frontal lateral),-1,2,2,5,-1,2,1,20.52,1,2,3,8,11
15132,2018,0,2018-02-18,C-37,ALCOVER,Alt Camp,0,1,0,2,2,0,0,0,1,1,0,0,0,100.0,0.0,0,1,No n'hi ha,-1.0,3,3,0,0,0,0,0,0,0,0,0,0,0,0,4,-1,1,Col·lisió frontal,-1,1,2,4,2,2,0,17.47,1,2,6,18,2
15133,2018,1,2018-09-06,SE,LLEIDA,Segria,2,0,1,0,2,1,0,0,0,1,0,0,0,100.0,0.0,0,2,No n'hi ha,-1.0,3,3,1,0,0,0,0,0,0,0,0,0,0,0,4,-1,1,Atropellament,-1,2,2,5,-1,2,1,11.1,0,3,3,6,9
15134,2018,1,2018-11-10,SE,"VENDRELL, EL",Baix Penedes,0,0,1,0,2,0,1,0,0,1,0,0,0,40.0,0.0,0,-1,No n'hi ha,-1.0,3,3,1,-1,0,0,0,-1,0,0,0,0,-1,1,5,4,0,Envestida (frontal lateral),1,2,2,5,-1,2,0,18.3,1,2,5,10,11
15135,2018,1,2018-06-28,N-IIa,FIGUERES,Alt Emporda,1,0,1,0,2,0,0,0,1,1,0,0,0,100.0,0.0,0,2,Altres,-1.0,3,3,1,0,0,0,0,0,0,0,0,0,0,0,4,-1,1,Fregament o col·lisió lateral,-1,0,2,4,-1,2,1,14.53,1,2,3,28,6
15136,2018,1,2018-02-21,SE,HOSPITALET DE LLOBREGAT,Barcelones,3,0,1,0,2,0,0,0,1,1,0,0,0,20.0,0.0,0,-1,No n'hi ha,-1.0,3,3,1,0,0,0,0,0,0,0,0,0,0,0,4,-1,-1,Envestida (frontal lateral),-1,2,2,5,-1,2,1,7.1,0,2,2,21,2
15137,2018,1,2018-07-28,SE,CORNELLA DE LLOBREGAT,Baix Llobregat,3,1,0,0,1,0,0,0,0,1,0,0,0,100.0,0.0,0,-1,No n'hi ha,-1.0,3,3,0,0,0,0,0,0,0,0,0,0,0,0,4,-1,-1,Altres,-1,2,2,5,-1,2,0,3.45,2,5,5,28,7
15138,2018,1,2018-01-02,SE,CABRERA DE MAR,Maresme,3,0,1,0,2,1,0,0,0,1,0,0,0,20.0,0.0,0,-1,Sense Especificar,-1.0,3,3,1,0,0,0,0,0,0,0,0,0,0,0,4,-1,-1,Atropellament,-1,2,2,5,-1,2,1,16.58,1,3,1,2,1
15139,2018,1,2018-05-30,SE,SANT CARLES DE LA RAPITA,Montsia,0,0,1,1,3,2,0,0,0,1,0,0,0,40.0,0.0,0,2,No n'hi ha,-1.0,3,3,1,0,0,0,0,0,0,0,0,0,0,0,2,-1,1,Atropellament,-1,2,2,5,-1,2,1,17.3,1,3,2,30,5
15140,2018,1,2018-07-14,SE,FORNELLS DE LA SELVA,Girones,1,1,0,0,2,1,0,0,0,1,0,0,0,100.0,0.0,0,2,No n'hi ha,-1.0,3,3,0,0,0,0,0,0,0,0,0,0,0,0,4,-1,1,Atropellament,-1,0,2,4,0,2,0,16.54,1,3,5,14,7
15141,2018,0,2018-05-08,B-10,SANT ADRIA DE BESOS,Barcelones,3,0,1,0,2,0,0,0,1,1,0,0,0,100.0,0.0,0,2,No n'hi ha,-1.0,3,3,1,0,0,0,0,0,0,0,0,0,0,0,4,-1,1,Caiguda en la via,-1,1,2,4,0,2,1,8.27,0,0,1,8,5
15142,2018,0,2018-06-09,GIV-5248,PORQUERES,Pla de l'Estany,1,0,1,0,2,0,1,0,0,1,0,0,0,90.0,0.0,0,-1,Sense Especificar,-1.0,3,3,1,0,0,0,0,0,0,0,0,0,0,0,4,-1,-1,Altres,-1,1,2,4,4,2,0,21.12,1,5,5,9,6
15143,2018,0,2018-01-20,C-66,BORDILS,Girones,1,0,1,3,2,0,0,0,0,2,0,0,0,50.0,0.0,0,2,No n'hi ha,-1.0,3,3,1,0,0,0,0,0,0,0,0,0,0,1,5,3,1,Col·lisió frontal,2,1,2,1,2,2,0,18.26,1,2,5,20,1
15144,2018,0,2018-09-15,B-124,SANT LLORENC SAVALL,Valles Occidental,3,0,1,0,1,0,0,0,1,0,0,0,0,100.0,0.0,0,3,No n'hi ha,-1.0,3,3,1,0,0,0,0,0,0,0,0,0,0,0,4,-1,1,Caiguda en la via,-1,1,2,4,3,2,0,13.46,0,0,5,15,9
15145,2018,1,2018-11-20,SE,HOSPITALET DE LLOBREGAT,Barcelones,3,0,1,1,3,2,0,0,0,1,0,0,0,20.0,0.0,0,2,No n'hi ha,-1.0,3,3,1,-1,0,0,0,-1,0,0,0,0,-1,1,4,3,1,Atropellament,1,2,2,5,-1,2,1,14.3,1,3,1,20,11
15146,2018,1,2018-11-15,B-141,RIPOLLET,Valles Occidental,3,0,1,0,2,1,0,0,0,1,0,0,0,90.0,0.0,0,2,No n'hi ha,-1.0,2,3,1,0,0,0,0,0,0,0,0,0,0,1,5,3,1,Atropellament,2,0,0,4,-1,2,1,20.5,1,3,3,15,11
15147,2018,1,2018-02-20,SE,SABADELL,Valles Occidental,3,0,1,0,2,0,1,0,0,0,1,0,0,100.0,0.0,0,2,No n'hi ha,-1.0,3,3,1,0,0,0,0,0,0,0,0,0,0,1,4,3,1,Envestida (frontal lateral),2,2,2,5,-1,2,1,7.55,0,2,1,20,2
15148,2018,1,2018-04-26,SE,REUS,Baix Camp,0,0,1,0,1,0,0,1,0,0,0,0,0,100.0,0.0,0,-1,No n'hi ha,-1.0,3,3,1,0,1,0,0,0,0,0,0,0,0,0,4,-1,-1,Caiguda en la via,-1,2,2,5,-1,2,1,9.2,0,0,3,26,4
15149,2018,1,2018-02-28,SE,HOSPITALET DE LLOBREGAT,Barcelones,3,0,1,0,2,0,0,0,1,0,1,0,0,20.0,0.0,0,-1,No n'hi ha,-1.0,1,3,1,-1,-1,0,0,-1,0,0,0,0,0,0,5,-1,-1,Encalç,-1,2,0,5,-1,2,1,20.38,1,2,2,28,2
15150,2018,1,2018-02-25,SE,SALOU,Tarragones,0,0,1,0,2,0,0,0,1,1,0,0,0,100.0,0.0,0,2,No n'hi ha,-1.0,3,3,1,0,0,0,0,0,0,0,0,0,0,1,4,4,0,Envestida (frontal lateral),2,2,2,5,-1,2,0,14.05,1,2,6,25,2
15151,2018,1,2018-11-29,N-IIa,FIGUERES,Alt Emporda,1,0,1,1,8,0,0,0,0,7,0,1,0,100.0,0.0,0,0,No n'hi ha,-1.0,3,3,1,0,0,0,0,0,0,0,0,0,0,2,5,4,1,Encalç,0,0,2,4,-1,2,1,4.45,2,2,3,29,11
15152,2018,0,2018-08-04,AP-7,SARRIA DE TER,Girones,1,0,2,0,2,0,0,0,1,1,0,0,0,90.0,0.0,0,-1,Sense Especificar,-1.0,3,3,1,0,0,0,0,0,0,0,0,0,0,0,4,-1,-1,Altres,-1,1,2,4,4,2,0,11.51,0,5,5,4,8
15153,2018,0,2018-06-07,AP-2,"BISBAL DEL PENEDES, LA",Baix Penedes,0,0,2,2,2,0,0,0,0,1,1,0,0,100.0,0.0,0,2,No n'hi ha,-1.0,3,3,1,0,0,0,0,0,0,0,0,0,0,0,2,-1,0,Fregament o col·lisió lateral,-1,1,2,4,1,2,1,14.57,1,2,3,7,6
15154,2018,1,2018-04-23,SE,BARCELONA,Barcelones,3,0,1,0,2,0,0,0,0,1,1,0,0,100.0,0.0,1,-1,No n'hi ha,-1.0,3,3,1,0,0,0,0,0,0,0,0,0,0,0,0,-1,1,Encalç,-1,2,2,5,-1,2,1,5.15,2,2,0,23,4
15155,2018,1,2018-03-02,SE,SANT ANFREU DE LA BARCA,Baix Llobregat,3,0,1,0,2,1,0,0,0,1,0,0,0,30.0,0.0,0,2,No n'hi ha,-1.0,3,3,1,-1,0,0,0,-1,0,0,0,0,-1,1,4,4,0,Atropellament,2,2,2,5,-1,2,1,10.45,0,3,4,2,3
15156,2018,1,2018-08-02,SE,SABADELL,Valles Occidental,3,0,1,0,2,0,0,0,1,1,0,0,0,100.0,0.0,0,0,No n'hi ha,-1.0,3,3,1,0,0,0,0,0,0,0,0,0,0,1,4,4,1,Envestida (frontal lateral),1,2,2,5,2,2,1,7.53,0,2,3,2,8
15157,2018,1,2018-11-27,BV-1418,BARCELONA,Barcelones,3,0,2,0,2,0,0,0,1,1,0,0,0,100.0,0.0,1,-1,No n'hi ha,-1.0,3,3,1,0,0,0,0,0,0,0,0,0,0,0,4,-1,1,Caiguda en la via,-1,0,2,4,-1,2,1,16.4,1,0,1,27,11
15158,2018,1,2018-10-02,SE,TORDERA,Maresme,3,0,1,0,5,0,1,0,0,4,0,0,0,30.0,0.0,0,2,No n'hi ha,-1.0,3,3,1,0,0,0,0,0,0,0,0,0,0,1,4,4,0,Envestida (frontal lateral),0,2,2,5,0,2,1,17.37,1,2,1,2,10
15159,2018,1,2018-07-29,SE,ROSES,Alt Emporda,1,0,1,0,2,0,0,0,1,1,0,0,0,40.0,0.0,0,-1,No n'hi ha,-1.0,3,3,1,-1,0,0,0,-1,0,0,0,0,0,1,4,4,0,Envestida (frontal lateral),2,2,2,5,-1,2,0,18.2,1,2,6,29,7
15160,2018,1,2018-01-20,SE,MATARO,Maresme,3,0,1,0,2,0,0,0,2,0,0,0,0,20.0,0.0,0,-1,No n'hi ha,-1.0,3,3,1,-1,-1,0,0,-1,0,0,0,0,0,1,4,4,-1,Envestida (frontal lateral),2,2,2,5,-1,2,0,15.15,1,2,5,20,1
15161,2018,1,2018-07-03,SE,BARCELONA,Barcelones,3,0,1,0,2,1,0,0,0,0,1,0,0,30.0,0.0,1,-1,No n'hi ha,-1.0,3,3,1,0,0,0,0,0,0,0,0,0,0,0,4,-1,1,Atropellament,-1,2,2,5,-1,2,1,15.0,1,3,1,3,7
15162,2018,1,2018-02-11,SE,REUS,Baix Camp,0,0,1,0,1,0,0,0,1,0,0,0,0,100.0,0.0,0,-1,No n'hi ha,-1.0,3,3,1,0,0,0,0,0,0,0,0,0,0,0,4,-1,-1,Caiguda en la via,-1,2,2,5,-1,2,0,15.45,1,0,6,11,2
15163,2018,0,2018-06-24,A-2,SANT ANFREU DE LA BARCA,Baix Llobregat,3,0,1,0,3,0,0,0,1,2,0,0,0,120.0,0.0,0,2,No n'hi ha,-1.0,3,3,1,0,0,0,0,0,0,0,0,0,0,0,0,-1,1,Encalç,-1,1,2,4,1,2,0,0.28,2,2,6,24,6
15164,2018,0,2018-02-02,C-60,"ROCA DEL VALLES, LA",Valles Oriental,3,1,0,0,4,1,0,0,0,1,2,0,0,100.0,0.0,0,-1,No n'hi ha,-1.0,3,3,0,0,0,0,0,0,0,0,0,0,0,0,4,-1,-1,Atropellament,-1,1,2,4,-1,2,1,6.24,0,3,4,2,2
15165,2018,0,2018-06-01,C-16,OLVAN,Bergueda,3,0,1,1,1,0,0,0,0,1,0,0,0,100.0,0.0,0,2,No n'hi ha,-1.0,2,3,1,0,0,0,1,0,0,0,0,0,0,0,2,-1,0,Resta sortides de via,-1,1,2,4,2,0,0,19.08,1,1,4,1,6
15166,2018,0,2018-09-26,C-32,ARGENTONA,Maresme,3,0,1,6,3,0,0,0,0,3,0,0,0,90.0,0.0,0,-1,Sense Especificar,-1.0,3,3,1,0,0,0,0,0,0,0,0,0,0,0,4,-1,-1,Encalç,-1,1,2,4,4,2,1,18.54,1,2,2,26,9
15167,2018,0,2018-01-30,N-II,BASCARA,Alt Emporda,1,0,1,0,2,1,0,0,0,1,0,0,0,100.0,0.0,0,2,No n'hi ha,-1.0,3,3,1,0,0,0,0,0,0,0,0,0,0,0,3,-1,1,Atropellament,-1,1,2,4,1,2,1,7.28,0,3,1,30,1
15168,2018,0,2018-10-15,C-260,CASTELLO D'EMPURIES,Alt Emporda,1,0,2,0,1,0,0,0,0,1,0,0,0,100.0,0.0,0,2,No n'hi ha,-1.0,1,3,1,0,0,0,0,0,0,0,0,0,0,0,4,-1,1,Resta sortides de via,-1,1,2,4,3,2,1,8.55,0,1,0,15,10
15169,2018,0,2018-11-16,C-26,FORADADA,Noguera,2,1,2,0,3,0,0,0,0,3,0,0,0,100.0,0.0,0,2,No n'hi ha,-1.0,3,3,0,0,0,0,0,0,0,0,0,0,0,0,4,-1,1,Col·lisió frontal,-1,1,2,4,2,2,1,10.44,0,2,4,16,11
15170,2018,0,2018-06-12,CR,AIGUAMURCIA,Alt Camp,0,0,1,0,1,0,1,0,0,0,0,0,0,50.0,0.0,0,0,No n'hi ha,-1.0,3,3,1,0,0,0,0,0,0,0,0,0,0,0,4,-1,1,Caiguda en la via,-1,1,2,3,0,2,1,21.24,1,0,1,12,6
15171,2018,1,2018-07-04,BP-2427,SUBIRATS,Alt Penedes,3,0,1,0,2,1,0,0,0,1,0,0,0,20.0,0.0,0,1,No n'hi ha,-1.0,3,3,1,0,0,0,0,0,0,0,0,0,0,1,4,5,1,Atropellament,2,0,2,4,0,2,1,20.14,1,3,2,4,7
15172,2018,0,2018-10-10,B-225,CASTELLBISBAL,Valles Occidental,3,0,1,0,2,0,1,0,0,0,1,0,0,60.0,0.0,0,2,Altres,-1.0,3,3,1,0,0,0,0,0,0,0,0,0,0,1,0,4,1,Altres,3,1,2,4,3,2,1,21.36,1,5,2,10,10
15173,2018,0,2018-09-15,C-33,BARCELONA,Barcelones,3,1,0,2,2,0,0,0,1,1,0,0,0,50.0,0.0,1,-1,No n'hi ha,-1.0,3,3,0,0,0,0,0,0,0,0,0,0,0,0,4,-1,0,Encalç,-1,1,2,4,-1,2,0,16.14,1,2,5,15,9
15174,2018,1,2018-07-26,SE,BARCELONA,Barcelones,3,0,1,0,1,0,0,0,0,0,1,0,0,100.0,0.0,1,-1,No n'hi ha,-1.0,3,3,1,0,0,0,0,0,0,0,0,0,0,0,4,-1,1,Caiguda en la via,-1,2,2,5,-1,2,1,19.55,1,0,3,26,7
15175,2018,1,2018-11-05,SE,FRANQUESES DEL VALLE,Valles Oriental,3,0,1,0,2,1,0,0,0,1,0,0,0,100.0,0.0,0,2,No n'hi ha,-1.0,3,3,1,0,0,0,0,0,0,0,0,0,0,0,0,-1,1,Atropellament,-1,2,2,5,-1,2,1,18.15,1,3,0,5,11
15176,2018,0,2018-03-25,B-224,SANT ESTEVE SESROVIRES,Baix Llobregat,3,0,1,0,2,0,0,0,0,2,0,0,0,60.0,0.0,0,1,No n'hi ha,-1.0,1,3,1,0,0,0,0,0,0,0,0,0,0,0,2,-1,1,Fregament o col·lisió lateral,-1,1,2,4,2,2,0,8.53,0,2,6,25,3
15177,2018,1,2018-12-06,SE,REUS,Baix Camp,0,1,0,0,2,0,0,0,0,2,0,0,0,100.0,0.0,0,-1,No n'hi ha,-1.0,3,3,0,0,0,0,0,0,0,0,0,0,0,0,4,-1,-1,Envestida (frontal lateral),-1,2,2,5,-1,2,1,4.14,2,2,3,6,12
15178,2018,1,2018-08-22,SE,BARCELONA,Barcelones,3,0,1,3,3,0,0,0,2,1,0,0,0,100.0,0.0,1,-1,No n'hi ha,-1.0,3,3,1,0,0,0,0,0,0,0,0,0,0,1,4,-1,0,Envestida (frontal lateral),2,2,2,5,-1,2,1,13.5,0,2,2,22,8
15179,2018,0,2018-07-29,CR,BELLVIS,Pla d'Urgell,2,0,2,0,3,0,0,1,0,2,0,0,0,50.0,0.0,0,2,No n'hi ha,-1.0,3,3,1,0,0,0,0,0,0,0,0,0,0,0,5,-1,1,Envestida (frontal lateral),-1,1,2,3,0,2,0,4.49,2,2,6,29,7
15180,2018,0,2018-02-11,C-55,SURIA,Bages,3,0,1,1,1,0,0,0,1,0,0,0,0,100.0,0.0,0,1,No n'hi ha,-1.0,3,3,1,0,0,0,0,0,0,0,0,0,0,0,4,-1,1,Resta sortides de via,-1,1,2,4,2,2,0,16.2,1,1,6,11,2
15181,2018,1,2018-06-27,SE,JORBA,Anoia,3,0,1,0,1,0,0,0,1,0,0,0,0,20.0,0.0,0,-1,Sense Especificar,-1.0,3,3,1,0,0,0,0,0,0,0,0,0,0,0,4,-1,-1,Resta sortides de via,-1,2,2,5,-1,2,1,18.59,1,1,2,27,6
15182,2018,0,2018-10-23,C-32,CORNELLA DE LLOBREGAT,Baix Llobregat,3,0,1,1,3,0,0,0,2,1,0,0,0,80.0,0.0,0,2,Altres,-1.0,3,3,1,0,0,0,0,0,0,0,0,0,0,0,5,-1,0,Encalç,-1,1,2,4,2,2,1,7.44,0,2,1,23,10
15183,2018,1,2018-07-17,SE,BARCELONA,Barcelones,3,0,1,0,2,0,0,0,1,1,0,0,0,100.0,0.0,1,-1,No n'hi ha,-1.0,3,3,1,0,0,0,0,0,0,0,0,0,0,0,0,-1,1,Encalç,-1,2,2,5,-1,2,1,22.38,2,2,1,17,7
15184,2018,0,2018-02-01,BP-1503,SANT QUIRZE DEL VALLES,Valles Occidental,3,0,2,0,3,0,0,0,0,3,0,0,0,100.0,0.0,0,2,No n'hi ha,-1.0,2,3,1,0,0,0,1,0,0,0,0,0,0,0,3,-1,1,Col·lisió frontal,-1,1,2,4,2,2,1,21.23,1,2,3,1,2