,Year,Area,Date,Road,Municipality Name,County Name,Province Name,Fatalties,Serious Injuries,Light Injuries,Units Involved,Pedestrains Involved,Bicycles Involved,Mopeds Involved,Motorcycles,Light Vehicles Involved,Heavy Vehicles Involved,Other Units Involved,Unspecified Units Involved,Road Speed Limit,Accident with Hit and Run,Fog Presence,Surrounding Environment,Special Lane Presence,Special Traffic Measures,Weather Conditions,Special Road Functions,Severity of Accident,Influence of Fog,Influence of Environment,Influence of Traffic,Influence of Weather,Influence of Wind Intensity,Influence of Lighting,Influence of Special Measures,Influence of Road Objects,Influence of Road Surface,Influence of Visibility,Intersection Characteristics,Lighting Conditions,Traffic Regulation and Priority,Direction of Road,Subtype of Accident,Subtype of Road Section,Subzone within Area,Road Surface Conditions,Type of Road,Road Ownership,Wind Conditions,Day of the Week Grouping,Hour of Day,Time of Day Grouping,Type of Accident,Day Type,Day,Month
15185,2018,1,2018-10-04,SE,TERRASSA,Valles Occidental,3,1,0,0,2,1,0,0,0,1,0,0,0,100.0,0.0,0,-1,No n'hi ha,-1.0,3,3,0,0,0,0,0,0,0,0,0,0,0,0,4,-1,-1,Altres,-1,2,2,5,-1,2,1,12.2,0,5,3,4,10
15186,2018,0,2018-04-26,C-58,SANT QUIRZE DEL VALLES,Valles Occidental,3,0,1,0,1,0,0,0,1,0,0,0,0,100.0,0.0,0,2,No n'hi ha,-1.0,3,3,1,0,0,0,0,0,0,0,1,0,0,0,4,-1,1,Altres,-1,1,2,4,2,2,1,13.12,0,5,3,26,4
15187,2018,1,2018-05-11,SE,"GARRIGA, LA",Valles Oriental,3,0,1,0,2,0,0,1,0,1,0,0,0,20.0,0.0,0,2,No n'hi ha,-1.0,3,3,1,-1,0,0,0,-1,0,0,0,0,-1,1,4,4,1,Envestida (frontal lateral),2,2,2,5,-1,2,0,16.4,1,2,4,11,5
15188,2018,1,2018-03-09,SE,"SEU D'URGELL, LA",Alt Urgell,2,0,1,0,2,1,0,0,0,1,0,0,0,30.0,0.0,0,2,No n'hi ha,-1.0,3,3,1,-1,0,0,0,-1,1,0,0,0,1,0,4,-1,1,Atropellament,-1,2,2,5,-1,2,1,8.5,0,3,4,9,3
15189,2018,0,2018-05-26,N-IIa,ODENA,Anoia,3,0,1,0,1,0,0,0,0,1,0,0,0,30.0,0.0,0,2,No n'hi ha,-1.0,3,3,1,0,0,0,0,0,0,0,0,0,0,0,1,-1,1,Resta sortides de via,-1,1,2,4,0,2,0,6.33,0,1,5,26,5
15190,2018,0,2018-08-27,GI-651,FORALLAC,Baix Emporda,1,0,1,0,1,0,0,0,0,1,0,0,0,100.0,0.0,0,3,No n'hi ha,-1.0,3,3,1,0,0,0,0,0,0,0,0,0,0,0,4,-1,1,Resta sortides de via,-1,1,2,4,3,2,1,16.55,1,1,0,27,8
15191,2018,1,2018-01-15,SE,HOSPITALET DE LLOBREGAT,Barcelones,3,0,1,0,2,0,0,0,1,1,0,0,0,20.0,0.0,0,-1,No n'hi ha,-1.0,3,3,1,0,0,0,0,0,0,0,0,0,0,0,4,-1,1,Envestida (frontal lateral),-1,2,2,5,-1,2,1,14.0,1,2,0,15,1
15192,2018,0,2018-07-05,C-1415A,TERRASSA,Valles Occidental,3,0,1,0,2,0,1,0,0,1,0,0,0,50.0,0.0,0,2,No n'hi ha,-1.0,3,3,1,0,0,0,0,0,0,0,0,0,0,1,4,4,1,Envestida (frontal lateral),2,1,2,4,2,2,1,19.32,1,2,3,5,7
15193,2018,1,2018-04-07,SE,MIRALCAMP,Pla d'Urgell,2,0,1,6,4,0,0,0,0,3,1,0,0,100.0,0.0,0,2,No n'hi ha,-1.0,3,3,1,0,0,0,0,0,0,0,0,0,0,0,4,-1,1,Col·lisió frontal,-1,2,2,5,-1,1,0,16.46,1,2,5,7,4
15194,2018,1,2018-02-21,SE,BARCELONA,Barcelones,3,0,1,2,3,2,0,0,1,0,0,0,0,100.0,0.0,1,-1,No n'hi ha,-1.0,3,3,1,0,0,0,0,0,0,0,0,0,0,1,0,-1,0,Atropellament,2,2,2,5,-1,2,1,21.15,1,3,2,21,2
15195,2018,1,2018-07-20,SE,BARCELONA,Barcelones,3,0,1,0,2,0,1,0,0,1,0,0,0,100.0,0.0,1,-1,No n'hi ha,-1.0,3,3,1,0,0,0,0,0,0,0,0,0,0,1,0,-1,1,Envestida (frontal lateral),0,2,2,5,-1,2,0,22.1,2,2,4,20,7
15196,2018,1,2018-02-16,SE,BARCELONA,Barcelones,3,0,1,0,2,0,0,0,1,1,0,0,0,100.0,0.0,1,-1,No n'hi ha,-1.0,3,3,1,0,0,0,0,0,0,0,0,0,0,1,0,-1,0,Encalç,2,2,2,5,-1,2,0,21.5,1,2,4,16,2
15197,2018,1,2018-12-27,BV-5303,SEVA,Osona,3,0,1,0,2,0,0,0,1,1,0,0,0,100.0,0.0,0,2,No n'hi ha,-1.0,3,3,1,0,0,0,0,0,0,0,0,0,0,1,4,5,1,Envestida (frontal lateral),1,0,2,4,2,2,1,8.41,0,2,3,27,12
15198,2018,0,2018-11-18,GI-623,BASCARA,Alt Emporda,1,1,0,0,1,0,0,0,1,0,0,0,0,100.0,0.0,0,2,No n'hi ha,-1.0,1,3,0,0,0,0,0,0,0,0,1,0,0,0,2,-1,1,Resta sortides de via,-1,1,2,4,3,2,0,13.37,0,1,6,18,11
15199,2018,1,2018-03-15,SE,VILAFRANCA DEL PENEDES,Alt Penedes,3,0,1,0,2,1,0,0,0,1,0,0,0,100.0,0.0,0,2,No n'hi ha,-1.0,1,3,1,0,0,0,0,0,0,0,0,0,0,1,1,2,1,Atropellament,2,2,0,5,-1,2,1,6.48,0,3,3,15,3
15200,2018,1,2018-06-19,SE,TORTOSA,Baix Ebre,0,0,2,0,2,0,0,1,0,1,0,0,0,100.0,0.0,0,2,No n'hi ha,-1.0,3,3,1,0,0,0,0,0,0,0,0,0,0,0,4,-1,1,Envestida (frontal lateral),-1,2,2,5,0,2,1,17.3,1,2,1,19,6
15201,2018,0,2018-10-07,C-1415c,"ROCA DEL VALLES, LA",Valles Oriental,3,0,3,2,2,0,0,0,0,2,0,0,0,40.0,0.0,0,2,No n'hi ha,-1.0,1,3,1,0,0,0,1,0,0,0,0,0,0,0,0,-1,1,Col·lisió frontal,-1,1,2,4,2,2,0,19.55,1,2,6,7,10
15202,2018,1,2018-04-09,SE,BARCELONA,Barcelones,3,0,1,0,2,0,0,0,1,1,0,0,0,100.0,0.0,1,-1,Carril bus,-1.0,3,3,1,0,0,0,0,0,0,0,0,0,0,1,0,-1,1,Envestida (frontal lateral),2,2,0,5,-1,2,1,6.1,0,2,0,9,4
15203,2018,1,2018-10-31,SE,MANRESA,Bages,3,0,1,0,2,1,0,0,0,1,0,0,0,40.0,0.0,0,2,No n'hi ha,-1.0,2,3,1,0,0,0,1,0,0,0,0,0,0,0,5,-1,1,Atropellament,-1,2,2,5,-1,1,1,20.1,1,3,2,31,10
15204,2018,1,2018-11-04,SE,MATARO,Maresme,3,0,1,0,2,1,0,0,0,0,1,0,0,20.0,0.0,0,2,No n'hi ha,5.0,3,3,1,-1,0,0,0,-1,0,1,0,0,-1,1,4,2,1,Atropellament,0,2,2,5,-1,2,0,15.31,1,3,6,4,11
15205,2018,1,2018-09-23,SE,LLORET DE MAR,Selva,1,1,0,0,2,0,0,0,0,2,0,0,0,100.0,0.0,0,-1,No n'hi ha,-1.0,3,3,0,0,0,0,0,0,0,0,0,0,0,0,4,-1,-1,Altres,-1,2,2,5,-1,2,0,18.48,1,5,6,23,9
15206,2018,0,2018-04-30,A-2,SANT VICENC DELS HORTS,Baix Llobregat,3,1,0,1,2,0,0,0,1,1,0,0,0,80.0,0.0,0,0,No n'hi ha,-1.0,3,3,0,0,0,0,0,0,0,0,0,0,0,0,4,-1,0,Altres,-1,1,2,4,1,2,1,16.31,1,5,0,30,4
15207,2018,1,2018-01-14,SE,GIRONA,Girones,1,0,1,1,1,0,0,0,0,1,0,0,0,100.0,0.0,0,2,No n'hi ha,-1.0,3,3,1,0,0,0,0,0,0,0,0,0,0,2,0,-1,1,Xoc contra objecte/obstacle sense sortida prèvia de via,0,2,2,5,-1,2,0,19.5,1,4,6,14,1
15208,2018,0,2018-08-18,GIV-6701,MADREMANYA,Girones,1,0,1,6,3,0,1,0,0,2,0,0,0,100.0,0.0,0,1,No n'hi ha,-1.0,3,3,1,0,0,0,0,0,0,0,0,0,0,0,4,-1,1,Envestida (frontal lateral),-1,1,2,4,2,2,0,19.42,1,2,5,18,8
15209,2018,0,2018-04-17,C-14,ARTESA DE SEGRE,Noguera,2,0,1,0,1,0,0,0,0,1,0,0,0,90.0,0.0,0,-1,Sense Especificar,-1.0,3,3,1,0,0,0,0,0,0,0,0,0,0,0,4,-1,-1,Resta sortides de via,-1,1,2,4,4,2,1,18.07,1,1,1,17,4
15210,2018,1,2018-12-03,SE,TERRASSA,Valles Occidental,3,0,1,0,2,0,0,0,1,1,0,0,0,100.0,0.0,0,2,No n'hi ha,-1.0,3,3,1,0,0,0,0,0,0,0,0,0,0,0,0,-1,1,Fregament o col·lisió lateral,-1,2,2,5,0,2,1,20.4,1,2,0,3,12
15211,2018,1,2018-11-27,SE,BARCELONA,Barcelones,3,0,1,0,2,0,0,0,1,1,0,0,0,100.0,0.0,1,-1,No n'hi ha,-1.0,3,3,1,0,0,0,0,0,0,0,0,0,0,1,4,-1,1,Col·lisió frontal,2,2,2,5,-1,2,1,9.15,0,2,1,27,11
15212,2018,0,2018-08-20,CR,LLEIDA,Segria,2,0,1,1,2,0,0,0,1,1,0,0,0,50.0,0.0,0,2,No n'hi ha,-1.0,3,3,1,0,0,0,0,0,0,0,0,0,0,0,4,-1,1,Fregament o col·lisió lateral,-1,1,2,4,0,2,1,15.2,1,2,0,20,8
15213,2018,1,2018-09-16,SE,VILAFRANCA DEL PENEDES,Alt Penedes,3,0,1,0,2,0,1,0,0,1,0,0,0,100.0,1.0,0,2,No n'hi ha,-1.0,3,3,1,0,0,0,0,0,0,0,0,0,0,1,4,2,1,Envestida (frontal lateral),1,2,2,5,-1,2,0,11.18,0,2,6,16,9
15214,2018,0,2018-01-23,B-30,BARBERA DEL VALLES,Valles Occidental,3,0,1,0,2,0,0,0,1,1,0,0,0,100.0,0.0,0,2,No n'hi ha,-1.0,3,3,1,0,0,0,0,0,0,0,0,0,0,0,3,-1,0,Envestida (frontal lateral),-1,1,2,4,3,2,1,6.24,0,2,1,23,1
15215,2018,0,2018-05-01,N-340,TARRAGONA,Tarragones,0,0,1,0,2,1,0,0,0,1,0,0,0,90.0,0.0,0,2,No n'hi ha,-1.0,3,3,1,-1,0,0,0,-1,0,0,0,0,-1,0,4,-1,1,Atropellament,-1,1,2,4,1,2,1,17.27,1,3,1,1,5
15216,2018,1,2018-11-18,SE,GRANOLLERS,Valles Oriental,3,1,0,4,2,0,0,0,1,1,0,0,0,100.0,0.0,0,2,No n'hi ha,-1.0,1,3,0,0,0,0,0,0,0,0,0,0,0,1,5,3,1,Envestida (frontal lateral),2,2,2,5,-1,2,0,0.35,2,2,6,18,11
15217,2018,0,2018-08-11,N-154,PUIGCERDA,Cerdanya,1,0,2,1,2,0,0,0,0,2,0,0,0,90.0,0.0,0,2,No n'hi ha,-1.0,3,3,1,0,0,0,0,0,0,0,0,0,0,0,4,-1,1,Col·lisió frontal,-1,1,2,4,1,2,0,17.19,1,2,5,11,8
15218,2018,1,2018-01-25,SE,SANT FRUITOS DE BAGES,Bages,3,0,1,0,2,1,0,0,0,1,0,0,0,20.0,0.0,0,-1,No n'hi ha,-1.0,3,3,1,0,0,0,0,0,0,0,0,0,0,0,4,-1,-1,Atropellament,-1,2,2,5,-1,2,1,15.2,1,3,3,25,1
15219,2018,1,2018-01-30,SE,VILAFRANCA DEL PENEDES,Alt Penedes,3,0,1,0,1,0,1,0,0,0,0,0,0,20.0,,0,-1,No n'hi ha,-1.0,3,3,1,0,-1,0,0,0,0,0,0,0,0,1,4,0,-1,Caiguda en la via,2,2,2,5,-1,2,1,13.55,0,0,1,30,1
15220,2018,0,2018-03-24,AP-7,CASTELLVI DE ROSANES,Baix Llobregat,3,2,1,1,3,0,0,0,0,2,1,0,0,60.0,0.0,0,0,No n'hi ha,-1.0,1,3,0,0,0,0,0,0,0,0,0,0,0,0,2,-1,1,Encalç,-1,1,2,4,1,2,0,14.07,1,2,5,24,3
15221,2018,1,2018-06-12,SE,SANTA EULALIA DE RIU,Osona,3,0,1,0,1,0,1,0,0,0,0,0,0,20.0,0.0,0,-1,Sense Especificar,-1.0,3,3,1,0,0,0,0,0,0,0,0,0,0,0,4,-1,-1,Altres,-1,2,2,5,-1,2,1,13.13,0,5,1,12,6
15222,2018,0,2018-10-06,N-260,AVINYONET DE PUIGVENTOS,Alt Emporda,1,1,1,0,2,0,0,0,1,1,0,0,0,80.0,0.0,0,2,Carril central,-1.0,3,3,0,0,0,0,0,0,0,0,0,0,0,2,1,4,1,Col·lisió frontal,1,1,2,4,1,2,0,19.51,1,2,5,6,10
15223,2018,1,2018-12-19,SE,BARCELONA,Barcelones,3,0,1,1,2,0,0,0,2,0,0,0,0,100.0,0.0,1,-1,No n'hi ha,-1.0,3,3,1,0,0,0,0,0,0,0,0,0,0,1,4,-1,0,Fregament o col·lisió lateral,2,2,2,5,-1,2,1,17.1,1,2,2,19,12
15224,2018,0,2018-12-27,C-31,HOSPITALET DE LLOBREGAT,Barcelones,3,0,1,0,2,0,0,0,1,1,0,0,0,80.0,0.0,0,2,No n'hi ha,-1.0,3,3,1,0,0,0,0,0,0,0,0,0,0,0,5,-1,1,Encalç,-1,1,2,4,1,2,1,17.35,1,2,3,27,12
15225,2018,1,2018-09-28,C-1411z,PUIG-REIG,Bergueda,3,0,1,0,2,1,0,0,0,1,0,0,0,100.0,0.0,0,1,No n'hi ha,-1.0,3,3,1,0,0,0,0,0,0,0,0,0,0,0,0,-1,1,Atropellament,-1,0,2,4,-1,2,0,20.32,1,3,4,28,9
15226,2018,0,2018-09-03,BV-1501,CASTELLBISBAL,Valles Occidental,3,0,1,2,2,0,0,0,0,2,0,0,0,100.0,0.0,0,3,No n'hi ha,-1.0,3,3,1,0,0,0,0,0,0,0,0,0,0,0,4,-1,1,Altres,-1,1,2,4,0,2,1,15.52,1,5,0,3,9
15227,2018,1,2018-05-11,SE,BARCELONA,Barcelones,3,0,1,0,2,0,0,0,1,1,0,0,0,100.0,0.0,1,-1,No n'hi ha,-1.0,3,3,1,0,0,0,0,0,0,0,0,0,0,1,0,-1,1,Envestida (frontal lateral),2,2,2,5,-1,2,0,22.24,2,2,4,11,5
15228,2018,1,2018-05-21,SE,BARCELONA,Barcelones,3,0,1,1,2,1,0,0,1,0,0,0,0,30.0,0.0,1,-1,No n'hi ha,-1.0,3,3,1,0,0,0,0,0,0,0,0,0,0,1,0,-1,0,Atropellament,1,2,2,5,-1,2,1,22.5,2,3,0,21,5
15229,2018,0,2018-08-09,BP-1417,SANT CUGAT DEL VALLES,Valles Occidental,3,0,1,0,2,0,0,0,1,1,0,0,0,100.0,0.0,0,3,No n'hi ha,-1.0,1,3,1,0,0,0,1,0,0,0,0,0,0,0,2,-1,1,Col·lisió frontal,-1,1,2,4,3,2,1,20.35,1,2,3,9,8
15230,2018,0,2018-12-01,AP-7,"RIERA DE GAIA, LA",Tarragones,0,0,1,0,1,0,0,0,0,0,1,0,0,100.0,0.0,0,3,No n'hi ha,-1.0,3,3,1,0,0,0,0,0,0,0,0,0,0,0,4,-1,0,Resta sortides de via,-1,1,2,4,1,2,0,12.25,0,1,5,1,12
15231,2018,1,2018-03-30,SE,GIRONA,Girones,1,0,1,0,1,0,1,0,0,0,0,0,0,100.0,0.0,0,2,No n'hi ha,-1.0,3,3,1,0,0,0,0,0,0,0,0,0,1,2,0,5,1,Xoc contra objecte/obstacle sense sortida prèvia de via,2,2,0,5,-1,2,0,22.0,2,4,4,30,3
15232,2018,0,2018-06-05,C-25,SALLENT,Bages,3,2,1,1,2,0,0,0,0,1,1,0,0,100.0,0.0,0,2,No n'hi ha,-1.0,1,3,0,0,0,0,0,0,0,0,0,0,0,0,2,-1,0,Xoc contra objecte/obstacle sense sortida prèvia de via,-1,1,2,4,2,2,1,18.39,1,4,1,5,6
15233,2018,1,2018-07-08,SE,BARCELONA,Barcelones,3,0,2,0,2,0,0,0,1,1,0,0,0,100.0,0.0,1,-1,No n'hi ha,-1.0,3,3,1,0,0,0,0,0,0,0,0,0,0,1,4,-1,0,Envestida (frontal lateral),2,2,2,5,-1,2,0,15.5,1,2,6,8,7
15234,2018,0,2018-11-29,C-1415a,CASTELLAR DEL VALLES,Valles Occidental,3,0,1,0,2,0,1,0,0,1,0,0,0,90.0,0.0,0,-1,Sense Especificar,-1.0,3,3,1,0,0,0,0,0,0,0,0,0,0,0,4,-1,-1,Envestida (frontal lateral),-1,1,2,4,4,2,1,11.23,0,2,3,29,11
15235,2018,0,2018-06-28,C-25,MUNTANYOLA,Osona,3,2,2,0,1,0,0,0,0,1,0,0,0,60.0,0.0,0,1,No n'hi ha,0.0,1,3,0,0,0,0,1,0,0,1,0,0,0,0,2,-1,1,Resta sortides de via,-1,1,2,4,2,2,1,16.05,1,1,3,28,6
15236,2018,0,2018-12-05,B-24,CERVELLO,Baix Llobregat,3,1,0,0,3,0,0,0,1,2,0,0,0,80.0,0.0,0,1,No n'hi ha,-1.0,3,3,0,0,0,0,0,0,0,0,0,0,0,0,0,-1,1,Envestida (frontal lateral),-1,1,2,4,1,2,1,7.2,0,2,2,5,12
15237,2018,0,2018-09-25,N-260,PERALADA,Alt Emporda,1,0,2,1,2,0,0,0,0,2,0,0,0,90.0,0.0,0,-1,Sense Especificar,-1.0,3,3,1,0,0,0,0,0,0,0,0,0,0,0,4,-1,-1,Col·lisió frontal,-1,1,2,4,4,2,1,11.13,0,2,1,25,9
15238,2018,1,2018-07-07,SE,CASTELLDEFELS,Baix Llobregat,3,0,1,0,2,0,0,1,0,1,0,0,0,100.0,0.0,0,-1,No n'hi ha,-1.0,3,3,1,0,0,0,0,0,0,0,0,0,0,0,4,-1,-1,Envestida (frontal lateral),-1,2,2,5,-1,2,0,19.59,1,2,5,7,7
15239,2018,1,2018-08-06,SE,CASTELLO D'EMPURIES,Alt Emporda,1,0,1,1,3,2,0,0,0,1,0,0,0,100.0,0.0,0,2,No n'hi ha,-1.0,3,3,1,0,0,1,0,0,1,0,0,0,0,0,4,-1,1,Atropellament,-1,2,2,5,0,2,1,19.15,1,3,0,6,8
15240,2018,1,2018-04-05,SE,BARCELONA,Barcelones,3,0,1,0,2,0,0,0,1,1,0,0,0,100.0,0.0,1,-1,Carril bus,-1.0,3,3,1,0,0,0,0,0,0,0,0,0,0,1,4,-1,1,Fregament o col·lisió lateral,2,2,2,5,-1,2,1,8.4,0,2,3,5,4
15241,2018,1,2018-02-10,SE,REUS,Baix Camp,0,0,1,0,2,1,0,0,0,1,0,0,0,100.0,0.0,0,-1,No n'hi ha,-1.0,3,3,1,0,0,0,0,0,0,0,0,0,0,0,4,-1,-1,Atropellament,-1,2,2,5,-1,2,0,19.15,1,3,5,10,2
15242,2018,1,2018-08-30,SE,BARCELONA,Barcelones,3,0,1,0,2,0,0,1,0,1,0,0,0,30.0,0.0,1,-1,No n'hi ha,-1.0,3,3,1,0,0,0,0,0,0,0,0,0,0,0,4,-1,1,Envestida (frontal lateral),-1,2,2,5,-1,2,1,11.4,0,2,3,30,8
15243,2018,1,2018-08-24,SE,LLORET DE MAR,Selva,1,0,1,0,2,0,0,0,1,1,0,0,0,100.0,0.0,0,-1,No n'hi ha,-1.0,3,3,1,0,0,0,0,0,0,0,0,0,0,0,4,-1,-1,Altres,-1,2,2,5,-1,2,0,21.0,1,5,4,24,8
15244,2018,0,2018-05-30,N-II,VIDRERES,Selva,1,0,1,1,2,0,0,0,0,2,0,0,0,100.0,0.0,0,2,No n'hi ha,-1.0,3,3,1,0,0,0,0,0,0,0,0,0,0,0,4,-1,1,Col·lisió frontal,-1,1,2,4,1,2,1,7.18,0,2,2,30,5
15245,2018,1,2018-03-29,SE,VILANOVA I LA GELTRU,Garraf,3,0,1,0,2,0,1,0,0,1,0,0,0,100.0,0.0,0,2,No n'hi ha,-1.0,3,3,1,0,0,0,0,0,0,0,0,0,0,1,4,2,0,Envestida (frontal lateral),2,2,2,5,-1,2,1,19.3,1,2,3,29,3
15246,2018,0,2018-04-22,N-260,ALAS I CERC,Alt Urgell,2,0,1,0,2,0,2,0,0,0,0,0,0,100.0,0.0,0,1,No n'hi ha,-1.0,3,3,1,0,0,0,0,0,0,0,0,0,0,0,4,-1,1,Caiguda en la via,-1,1,2,4,1,2,0,12.08,0,0,6,22,4
15247,2018,0,2018-03-11,C-31,SANT ADRIA DE BESOS,Barcelones,3,0,1,0,2,0,0,0,1,1,0,0,0,80.0,0.0,0,2,No n'hi ha,-1.0,3,3,1,0,0,0,0,0,0,0,0,0,0,0,4,-1,0,Encalç,-1,1,2,4,2,2,0,16.03,1,2,6,11,3
15248,2018,0,2018-08-13,T-740,FALSET,Priorat,0,0,1,0,1,0,0,0,0,1,0,0,0,90.0,0.0,0,-1,Sense Especificar,-1.0,3,3,1,0,0,0,0,0,0,0,0,0,0,0,4,-1,-1,Resta sortides de via,-1,1,2,4,4,2,1,13.05,0,1,0,13,8
15249,2018,1,2018-02-18,SE,MATARO,Maresme,3,0,1,1,2,0,0,0,1,1,0,0,0,20.0,0.0,0,-1,No n'hi ha,-1.0,3,3,1,-1,0,0,0,-1,0,0,0,0,-1,1,5,4,-1,Envestida (frontal lateral),2,2,2,5,-1,2,0,19.28,1,2,6,18,2
15250,2018,1,2018-09-11,SE,GIRONA,Girones,1,0,2,3,2,0,0,0,0,2,0,0,0,100.0,0.0,0,2,No n'hi ha,-1.0,3,3,1,0,0,0,0,0,0,0,0,0,0,0,4,-1,1,Envestida (frontal lateral),-1,2,2,5,-1,2,1,9.18,0,2,1,11,9
15251,2018,1,2018-09-21,SE,BARCELONA,Barcelones,3,0,1,0,2,0,0,0,1,1,0,0,0,100.0,0.0,1,-1,Carril bus,-1.0,3,3,1,0,0,0,0,0,0,0,0,0,0,1,4,-1,0,Fregament o col·lisió lateral,2,2,2,5,-1,2,1,9.3,0,2,4,21,9
15252,2018,1,2018-07-15,SE,BARCELONA,Barcelones,3,0,2,1,2,0,0,0,1,1,0,0,0,100.0,0.0,1,-1,No n'hi ha,-1.0,3,3,1,0,0,0,0,0,0,0,0,0,0,1,0,-1,0,Envestida (frontal lateral),2,2,2,5,-1,2,0,22.47,2,2,6,15,7
15253,2018,1,2018-09-17,SE,SABADELL,Valles Occidental,3,1,0,1,2,1,0,0,1,0,0,0,0,100.0,0.0,0,-1,No n'hi ha,-1.0,3,3,0,0,0,0,0,0,0,0,0,0,0,0,5,-1,1,Atropellament,-1,2,2,5,-1,2,1,21.52,1,3,0,17,9
15254,2018,1,2018-07-20,SE,RUBI,Valles Occidental,3,0,1,0,2,0,0,0,1,1,0,0,0,100.0,0.0,0,2,No n'hi ha,-1.0,3,3,1,0,0,0,0,0,0,0,0,0,0,0,4,-1,1,Envestida (frontal lateral),-1,2,2,5,-1,2,0,17.1,1,2,4,20,7
15255,2018,1,2018-06-26,SE,"ROCA DEL VALLES, LA",Valles Oriental,3,0,1,0,2,0,1,0,0,1,0,0,0,100.0,0.0,0,-1,No n'hi ha,-1.0,3,3,1,0,0,0,0,0,0,0,0,0,0,0,4,-1,-1,Encalç,-1,2,2,5,-1,2,1,11.3,0,2,1,26,6
15256,2018,1,2018-07-10,SE,LLORET DE MAR,Selva,1,0,1,0,4,2,0,0,0,0,2,0,0,100.0,0.0,0,2,No n'hi ha,,3,3,1,0,1,0,0,0,0,0,0,0,0,0,4,-1,1,Sortida de via amb atropellament,-1,2,2,5,-1,2,1,13.5,0,1,1,10,7
15257,2018,1,2018-04-21,SE,SANT ANTONI DE VILAM,Valles Oriental,3,1,0,0,1,0,0,0,0,1,0,0,0,100.0,0.0,0,-1,No n'hi ha,-1.0,3,3,0,0,0,0,0,0,0,0,0,0,0,0,4,-1,-1,Altres,-1,2,2,5,-1,2,0,20.1,1,5,5,21,4
15258,2018,1,2018-04-22,SE,BARCELONA,Barcelones,3,0,1,0,2,0,0,0,1,1,0,0,0,100.0,0.0,1,-1,No n'hi ha,-1.0,3,3,1,0,0,0,0,0,0,0,0,0,0,1,0,-1,1,Envestida (frontal lateral),2,2,2,5,-1,2,0,22.45,2,2,6,22,4
15259,2018,0,2018-10-12,C-14,VILA-SECA,Tarragones,0,0,2,0,2,0,0,0,1,1,0,0,0,40.0,0.0,0,0,No n'hi ha,-1.0,3,3,1,0,0,0,0,0,0,0,0,0,0,1,4,4,0,Col·lisió frontal,0,1,2,4,2,2,0,17.28,1,2,4,12,10
15260,2018,0,2018-06-17,C-35,"ROCA DEL VALLES, LA",Valles Oriental,3,0,1,0,1,0,1,0,0,0,0,0,0,90.0,0.0,0,-1,Sense Especificar,-1.0,3,3,1,0,0,0,0,0,0,0,0,0,0,2,4,2,-1,Altres,0,1,2,4,4,2,0,15.37,1,5,6,17,6
15261,2018,1,2018-03-18,SE,CERDANYOLA DEL VALLES,Valles Occidental,3,0,1,0,2,0,0,0,1,1,0,0,0,100.0,0.0,0,2,No n'hi ha,-1.0,3,3,1,0,0,0,0,0,0,0,0,0,0,1,5,5,1,Envestida (frontal lateral),0,2,2,5,-1,2,0,21.13,1,2,6,18,3
15262,2018,0,2018-07-04,CR,AMPOSTA,Montsia,0,2,0,0,1,0,0,0,0,1,0,0,0,100.0,0.0,0,0,No n'hi ha,-1.0,3,3,0,0,0,0,0,0,0,0,0,0,0,0,1,-1,1,Altres,-1,1,5,3,4,2,1,20.18,1,5,2,4,7
15263,2018,1,2018-01-10,SE,GIRONA,Girones,1,0,1,0,2,1,0,0,0,1,0,0,0,30.0,0.0,0,2,No n'hi ha,-1.0,3,3,1,0,0,0,0,0,0,0,0,0,0,0,4,-1,1,Atropellament,-1,2,2,5,0,2,1,15.49,1,3,2,10,1
15264,2018,0,2018-05-23,TP-3211,RIUDECANYES,Baix Camp,0,0,1,0,1,0,1,0,0,0,0,0,0,100.0,0.0,0,1,No n'hi ha,-1.0,3,3,1,0,0,0,0,0,0,0,0,0,0,0,4,-1,1,Caiguda en la via,-1,1,2,4,0,2,1,12.47,0,0,2,23,5
15265,2018,1,2018-05-14,SE,GRANOLLERS,Valles Oriental,3,0,1,0,1,0,0,0,1,0,0,0,0,100.0,0.0,0,2,No n'hi ha,,3,3,1,0,0,0,0,0,0,0,1,0,0,1,5,5,1,Xoc contra objecte/obstacle sense sortida prèvia de via,1,2,2,5,-1,2,1,5.45,2,4,0,14,5
15266,2018,1,2018-05-03,GI-552,RIELLS I VIABREA,Selva,1,0,1,0,2,1,0,0,0,1,0,0,0,50.0,0.0,0,2,No n'hi ha,-1.0,3,3,1,0,0,0,0,0,0,0,0,0,0,0,4,-1,1,Atropellament,-1,0,2,4,3,2,1,10.04,0,3,3,3,5
15267,2018,0,2018-06-16,GI-682,BLANES,Selva,1,1,0,0,2,0,0,0,1,0,1,0,0,70.0,0.0,0,1,No n'hi ha,-1.0,3,3,0,0,0,0,0,0,0,0,0,0,0,0,4,-1,1,Envestida (frontal lateral),-1,1,2,4,2,2,0,6.34,0,2,5,16,6
15268,2018,1,2018-06-25,SE,SALOU,Tarragones,0,0,1,0,2,0,1,0,0,1,0,0,0,100.0,0.0,0,2,No n'hi ha,-1.0,3,3,1,0,0,0,0,0,0,0,0,0,0,2,5,2,1,Envestida (frontal lateral),1,2,2,5,-1,2,1,22.55,2,2,0,25,6