,Year,Area,Date,Road,Municipality Name,County Name,Province Name,Fatalties,Serious Injuries,Light Injuries,Units Involved,Pedestrains Involved,Bicycles Involved,Mopeds Involved,Motorcycles,Light Vehicles Involved,Heavy Vehicles Involved,Other Units Involved,Unspecified Units Involved,Road Speed Limit,Accident with Hit and Run,Fog Presence,Surrounding Environment,Special Lane Presence,Special Traffic Measures,Weather Conditions,Special Road Functions,Severity of Accident,Influence of Fog,Influence of Environment,Influence of Traffic,Influence of Weather,Influence of Wind Intensity,Influence of Lighting,Influence of Special Measures,Influence of Road Objects,Influence of Road Surface,Influence of Visibility,Intersection Characteristics,Lighting Conditions,Traffic Regulation and Priority,Direction of Road,Subtype of Accident,Subtype of Road Section,Subzone within Area,Road Surface Conditions,Type of Road,Road Ownership,Wind Conditions,Day of the Week Grouping,Hour of Day,Time of Day Grouping,Type of Accident,Day Type,Day,Month
15269,2018,1,2018-10-10,SE,GRANOLLERS,Valles Oriental,3,0,1,1,2,0,0,0,1,1,0,0,0,100.0,0.0,0,2,No n'hi ha,-1.0,3,3,1,0,0,0,0,0,0,0,0,0,0,1,4,4,1,Envestida (frontal lateral),2,2,2,5,-1,2,1,16.45,1,2,2,10,10
15270,2018,1,2018-12-31,SE,REUS,Baix Camp,0,0,1,0,2,0,0,0,1,1,0,0,0,100.0,0.0,0,2,No n'hi ha,-1.0,3,3,1,0,0,0,0,0,0,0,0,0,0,1,1,4,1,Fregament o col·lisió lateral,0,2,2,5,0,2,1,16.2,1,2,0,31,12
15271,2018,1,2018-01-15,SE,SANTA PERPETUA DE MO,Valles Occidental,3,0,1,0,2,0,0,0,1,1,0,0,0,40.0,0.0,0,1,No n'hi ha,-1.0,3,3,1,0,0,0,0,0,0,0,0,0,0,0,4,-1,1,Col·lisió frontal,-1,2,2,5,-1,2,1,14.0,1,2,0,15,1
15272,2018,1,2018-11-29,SE,LLICA DE VALL,Valles Oriental,3,0,1,0,1,0,0,0,1,0,0,0,0,100.0,0.0,0,2,No n'hi ha,-1.0,3,3,1,0,0,0,0,0,0,0,1,0,0,0,5,-1,1,Caiguda en la via,-1,2,2,5,-1,2,1,18.1,1,0,3,29,11
15273,2018,0,2018-02-25,C-17,LLICA DE VALL,Valles Oriental,3,0,1,1,2,0,0,0,1,1,0,0,0,100.0,0.0,0,2,Carril acceleració,-1.0,3,3,1,0,0,0,0,0,0,0,0,0,0,1,4,4,1,Encalç,3,1,2,4,2,2,0,17.42,1,2,6,25,2
15274,2018,1,2018-03-03,SE,DOSRIUS,Maresme,3,0,2,0,3,2,0,0,0,1,0,0,0,40.0,0.0,0,2,No n'hi ha,-1.0,3,3,1,0,0,0,0,0,0,0,0,0,0,0,4,-1,1,Atropellament,-1,2,2,5,3,2,0,12.3,0,3,5,3,3
15275,2018,0,2018-04-22,C-260,CASTELLO D'EMPURIES,Alt Emporda,1,0,2,0,2,0,0,0,1,1,0,0,0,40.0,0.0,0,1,No n'hi ha,-1.0,3,3,1,0,0,0,0,0,0,0,0,0,0,1,4,4,1,Envestida (frontal lateral),0,1,2,4,2,2,0,17.14,1,2,6,22,4
15276,2018,1,2018-11-12,SE,SABADELL,Valles Occidental,3,0,1,0,2,1,0,0,0,1,0,0,0,100.0,0.0,0,-1,No n'hi ha,-1.0,3,3,1,0,0,0,0,0,0,0,0,0,0,0,4,-1,-1,Atropellament,-1,2,2,5,-1,2,1,21.0,1,3,0,12,11
15277,2018,1,2018-05-25,SE,HOSPITALET DE LLOBREGAT,Barcelones,3,0,1,0,2,1,0,0,0,1,0,0,0,20.0,0.0,0,-1,No n'hi ha,-1.0,3,3,1,0,-1,0,0,0,0,0,0,0,0,1,4,3,-1,Atropellament,2,2,2,5,-1,2,0,17.0,1,3,4,25,5
15278,2018,1,2018-01-31,SE,SANT JOAN DE VILATOR,Bages,3,0,1,0,2,1,0,0,0,1,0,0,0,30.0,0.0,0,2,No n'hi ha,-1.0,3,3,1,0,0,0,0,0,0,0,0,0,0,0,4,-1,1,Atropellament,-1,2,2,5,-1,2,1,13.1,0,3,2,31,1
15279,2018,0,2018-07-07,A-2,CASTELLNOU DE SEANA,Pla d'Urgell,2,0,1,1,1,0,0,0,0,0,0,1,0,90.0,0.0,0,-1,Sense Especificar,-1.0,3,3,1,0,0,0,0,0,0,0,0,0,0,0,4,-1,-1,Resta sortides de via,-1,1,2,4,4,2,0,20.34,1,1,5,7,7
15280,2018,1,2018-10-10,SE,REUS,Baix Camp,0,1,0,1,2,1,0,0,0,1,0,0,0,100.0,0.0,0,-1,No n'hi ha,-1.0,3,3,0,0,0,0,0,0,0,0,0,0,0,0,4,-1,-1,Atropellament,-1,2,2,5,-1,2,1,14.45,1,3,2,10,10
15281,2018,1,2018-03-13,SE,FRANQUESES DEL VALLE,Valles Oriental,3,0,1,0,2,1,0,0,0,1,0,0,0,30.0,0.0,0,2,No n'hi ha,-1.0,3,3,1,0,0,0,0,0,0,0,0,0,0,0,5,-1,0,Atropellament,-1,2,2,5,-1,2,1,21.0,1,3,1,13,3
15282,2018,1,2018-08-03,C-253,CASTELL-PLATJA D'ARO,Baix Emporda,1,0,2,2,2,0,0,0,0,2,0,0,0,100.0,0.0,0,2,No n'hi ha,-1.0,3,3,1,0,0,0,0,0,0,0,0,0,0,0,4,-1,1,Col·lisió frontal,-1,0,2,4,-1,2,1,14.56,1,2,4,3,8
15283,2018,1,2018-05-13,SE,MOIA,Moianès,3,0,1,0,2,1,0,0,0,1,0,0,0,100.0,0.0,0,1,No n'hi ha,-1.0,3,3,1,0,0,1,0,0,1,0,0,0,0,0,0,-1,1,Atropellament,-1,2,2,5,-1,2,0,5.03,2,3,6,13,5
15284,2018,0,2018-07-13,T-714,"TORRE DE L'ESPANYOL, LA",Ribera d'Ebre,0,0,1,0,1,0,0,0,0,1,0,0,0,100.0,0.0,0,2,No n'hi ha,-1.0,3,3,1,0,0,0,0,0,0,0,1,0,0,1,4,5,1,Resta sortides de via,1,1,2,4,2,2,1,11.21,0,1,4,13,7
15285,2018,1,2018-02-21,SE,BARCELONA,Barcelones,3,0,1,0,2,0,0,0,1,0,1,0,0,30.0,0.0,1,-1,No n'hi ha,-1.0,3,3,1,0,0,0,0,0,0,0,0,0,0,1,4,-1,0,Caiguda en la via,1,2,2,5,-1,2,1,17.45,1,0,2,21,2
15286,2018,0,2018-03-07,C-38,CAMPRODON,Ripolles,1,0,1,0,2,0,0,0,0,2,0,0,0,100.0,0.0,0,3,No n'hi ha,-1.0,3,3,1,0,0,0,0,0,0,0,0,0,0,0,4,-1,1,Fregament o col·lisió lateral,-1,1,2,4,3,2,1,14.58,1,2,2,7,3
15287,2018,0,2018-03-30,C-1415c,ARGENTONA,Maresme,3,0,1,0,2,0,1,0,0,1,0,0,0,50.0,0.0,0,3,No n'hi ha,-1.0,3,3,1,0,0,0,0,0,0,0,0,0,0,1,4,4,1,Envestida (frontal lateral),1,1,2,4,2,2,1,10.03,0,2,4,30,3
15288,2018,0,2018-09-04,BV-1415,CERDANYOLA DEL VALLES,Valles Occidental,3,0,1,1,1,0,0,0,1,0,0,0,0,90.0,0.0,0,-1,Sense Especificar,-1.0,3,3,1,0,0,0,0,0,0,0,0,0,0,0,4,-1,-1,Altres,-1,1,2,4,4,2,1,18.31,1,5,1,4,9
15289,2018,0,2018-12-09,GI-681,TOSSA DE MAR,Selva,1,0,1,0,2,0,0,0,1,1,0,0,0,90.0,0.0,0,-1,Sense Especificar,-1.0,3,3,1,0,0,0,0,0,0,0,0,0,0,0,4,-1,-1,Envestida (frontal lateral),-1,1,2,4,4,2,0,12.3,0,2,6,9,12
15290,2018,1,2018-08-05,SE,GURB,Osona,3,0,1,1,1,0,0,0,0,1,0,0,0,50.0,0.0,0,2,No n'hi ha,-1.0,3,3,1,0,0,0,0,0,0,0,0,0,0,2,5,4,1,Resta sortides de via,1,2,2,5,-1,2,0,3.37,2,1,6,5,8
15291,2018,1,2018-09-14,SE,CORBERA DE LLOBREGAT,Baix Llobregat,3,0,1,0,1,0,0,1,0,0,0,0,0,20.0,0.0,0,-1,No n'hi ha,-1.0,3,3,1,-1,-1,0,0,-1,0,0,0,0,0,0,4,-1,-1,Caiguda en la via,-1,2,2,5,-1,2,1,11.34,0,0,4,14,9
15292,2018,0,2018-03-27,N-II,PALAFOLLS,Maresme,3,0,1,0,2,0,1,0,0,1,0,0,0,100.0,0.0,0,2,No n'hi ha,-1.0,3,3,1,0,0,0,0,0,0,0,0,0,0,0,4,-1,1,Altres,-1,1,2,4,1,2,1,9.09,0,5,1,27,3
15293,2018,0,2018-01-07,C-58,MONTCADA I REIXAC,Valles Occidental,3,0,1,2,3,0,0,0,0,3,0,0,0,100.0,0.0,0,2,No n'hi ha,-1.0,3,3,1,0,0,0,0,0,0,0,0,0,0,0,1,-1,0,Altres,-1,1,2,4,2,2,0,6.29,0,5,6,7,1
15294,2018,1,2018-02-01,SE,BARCELONA,Barcelones,3,0,1,1,3,0,0,0,0,3,0,0,0,100.0,0.0,1,-1,No n'hi ha,-1.0,3,3,1,0,0,0,0,0,0,0,0,0,0,1,0,-1,0,Envestida (frontal lateral),2,2,0,5,-1,2,1,22.28,2,2,3,1,2
15295,2018,1,2018-04-12,SE,BARCELONA,Barcelones,3,0,1,1,2,0,0,1,0,1,0,0,0,100.0,0.0,1,-1,No n'hi ha,-1.0,3,3,1,0,0,0,0,0,0,0,0,0,0,1,4,-1,0,Envestida (frontal lateral),2,2,2,5,-1,2,1,15.2,1,2,3,12,4
15296,2018,1,2018-12-30,SE,AVINYONET DE PUIGVENTOS,Alt Emporda,1,0,1,0,2,1,0,0,1,0,0,0,0,20.0,0.0,0,2,No n'hi ha,-1.0,3,3,1,0,0,0,0,0,0,0,0,0,0,1,4,5,0,Caiguda en la via,1,2,2,5,0,2,0,8.56,0,0,6,30,12
15297,2018,0,2018-12-05,N-II,SILS,Selva,1,0,1,0,2,0,1,0,0,1,0,0,0,100.0,0.0,1,2,No n'hi ha,-1.0,3,3,1,0,0,0,0,0,0,0,0,0,0,0,0,-1,0,Encalç,-1,1,2,4,1,2,1,22.39,2,2,2,5,12
15298,2018,1,2018-07-17,C-31B,SALOU,Tarragones,0,0,1,0,3,2,0,0,1,0,0,0,0,100.0,0.0,0,2,No n'hi ha,-1.0,3,3,1,0,0,0,0,0,0,0,0,0,0,0,4,-1,1,Atropellament,-1,0,2,4,2,2,1,18.25,1,3,1,17,7
15299,2018,1,2018-07-05,SE,SANT CUGAT DEL VALLES,Valles Occidental,3,0,1,0,2,0,0,0,1,1,0,0,0,40.0,0.0,0,-1,No n'hi ha,-1.0,3,3,1,-1,-1,0,0,-1,0,0,0,0,0,1,4,2,-1,Fregament o col·lisió lateral,1,2,2,5,-1,2,1,13.28,0,2,3,5,7
15300,2018,1,2018-06-02,SE,TERRASSA,Valles Occidental,3,0,1,0,2,1,0,0,0,1,0,0,0,100.0,0.0,1,2,Carril bus,-1.0,3,3,1,0,0,0,0,0,0,0,0,0,0,2,1,3,1,Atropellament,2,2,2,5,-1,2,0,21.42,1,3,5,2,6
15301,2018,0,2018-05-01,N-340,CAMARLES,Baix Ebre,0,0,1,0,1,0,0,0,1,0,0,0,0,80.0,0.0,0,2,Carril d'alentiment,-1.0,1,3,1,0,0,0,0,0,0,0,0,0,0,1,2,4,1,Caiguda en la via,3,1,2,4,1,2,1,19.23,1,0,1,1,5
15302,2018,1,2018-08-10,SE,VILANOVA I LA GELTRU,Garraf,3,1,0,1,2,1,0,0,1,0,0,0,0,100.0,0.0,0,2,No n'hi ha,-1.0,3,3,0,0,0,0,0,0,0,0,0,0,0,0,3,-1,1,Atropellament,-1,2,2,5,0,2,0,21.45,1,3,4,10,8
15303,2018,0,2018-11-10,C-55,CALLUS,Bages,3,1,0,0,2,0,0,0,0,2,0,0,0,100.0,0.0,0,3,No n'hi ha,-1.0,3,3,0,0,0,0,0,0,0,0,0,0,0,0,1,-1,1,Envestida (frontal lateral),-1,1,2,4,2,2,0,6.47,0,2,5,10,11
15304,2018,1,2018-01-03,SE,"PRESES, LES",Garrotxa,1,0,1,0,1,0,0,1,0,0,0,0,0,40.0,0.0,0,2,No n'hi ha,-1.0,3,3,1,0,0,0,0,0,1,0,0,0,0,0,4,-1,1,Xoc contra objecte/obstacle sense sortida prèvia de via,-1,2,2,5,0,2,1,15.53,1,4,2,3,1
15305,2018,1,2018-02-09,SE,LLORET DE MAR,Selva,1,0,1,0,2,0,0,1,0,1,0,0,0,30.0,0.0,0,2,No n'hi ha,-1.0,3,3,1,0,0,0,0,0,0,0,0,0,0,1,5,4,0,Envestida (frontal lateral),2,2,2,5,-1,2,0,22.07,2,2,4,9,2
15306,2018,1,2018-11-27,SE,MATARO,Maresme,3,0,1,0,2,1,0,0,0,1,0,0,0,20.0,0.0,0,-1,No n'hi ha,-1.0,3,3,1,-1,0,0,0,-1,0,0,0,0,0,1,5,5,-1,Atropellament,2,2,2,5,-1,2,1,17.45,1,3,1,27,11
15307,2018,1,2018-11-02,SE,LLEIDA,Segria,2,0,1,0,2,1,0,0,0,1,0,0,0,20.0,0.0,0,2,No n'hi ha,-1.0,3,3,1,-1,0,0,0,-1,0,0,0,0,-1,0,4,-1,0,Atropellament,-1,2,2,5,-1,2,1,10.25,0,3,4,2,11
15308,2018,0,2018-12-19,C-251,"ROCA DEL VALLES, LA",Valles Oriental,3,0,2,2,2,0,0,0,0,2,0,0,0,100.0,0.0,0,2,No n'hi ha,-1.0,3,3,1,0,0,0,0,0,0,0,0,0,0,0,1,-1,1,Col·lisió frontal,-1,1,2,4,2,2,1,16.5,1,2,2,19,12
15309,2018,0,2018-06-05,C-14,COLL DE NARGO,Alt Urgell,2,1,0,3,2,0,0,0,1,1,0,0,0,100.0,0.0,0,2,No n'hi ha,-1.0,3,3,0,0,0,0,0,0,0,0,0,0,0,0,4,-1,1,Col·lisió frontal,-1,1,2,4,2,2,1,9.45,0,2,1,5,6
15310,2018,0,2018-06-11,A-2,SANT VICENC DELS HORTS,Baix Llobregat,3,0,1,0,2,0,0,0,1,1,0,0,0,40.0,0.0,0,3,No n'hi ha,-1.0,3,3,1,0,0,0,0,0,0,0,0,0,0,2,4,5,1,Fregament o col·lisió lateral,0,1,2,4,1,2,1,15.02,1,2,0,11,6
15311,2018,1,2018-02-02,SE,VILAFRANCA DEL PENEDES,Alt Penedes,3,0,1,0,2,1,0,0,0,1,0,0,0,20.0,0.0,0,-1,No n'hi ha,-1.0,3,3,1,-1,0,0,0,-1,0,0,0,0,-1,1,4,2,1,Atropellament,1,2,2,5,-1,2,1,10.55,0,3,4,2,2
15312,2018,0,2018-06-17,C-31,TORROELLA DE FLUVIA,Alt Emporda,1,1,2,0,2,0,0,0,0,2,0,0,0,100.0,0.0,0,3,No n'hi ha,-1.0,3,3,0,0,0,0,0,0,0,0,0,0,0,0,4,-1,1,Col·lisió frontal,-1,1,2,4,2,2,0,17.19,1,2,6,17,6
15313,2018,0,2018-06-20,N-420,"FATARELLA, LA",Terra Alta,0,1,1,0,2,0,0,0,0,1,1,0,0,100.0,0.0,0,1,No n'hi ha,-1.0,3,3,0,0,0,0,0,0,0,0,0,0,0,0,4,-1,1,Col·lisió frontal,-1,1,2,4,1,2,1,7.23,0,2,2,20,6
15314,2018,1,2018-01-07,C-59,MOIA,Moianès,3,0,1,0,2,1,0,0,0,1,0,0,0,100.0,0.0,0,2,No n'hi ha,-1.0,3,3,1,0,0,0,0,0,0,0,0,0,0,0,5,-1,1,Atropellament,-1,0,2,4,-1,2,0,20.25,1,3,6,7,1
15315,2018,1,2018-02-03,SE,SABADELL,Valles Occidental,3,0,1,0,1,0,1,0,0,0,0,0,0,100.0,0.0,0,-1,No n'hi ha,-1.0,3,3,1,0,0,0,0,0,0,0,0,0,0,0,4,-1,-1,Altres,-1,2,2,5,-1,2,0,23.43,2,5,5,3,2
15316,2018,0,2018-12-09,BV-2411,BEGUES,Baix Llobregat,3,0,1,0,1,0,1,0,0,0,0,0,0,90.0,0.0,0,-1,Sense Especificar,-1.0,3,3,1,0,0,0,0,0,0,0,0,0,0,2,4,5,-1,Altres,3,1,2,4,4,2,0,11.27,0,5,6,9,12
15317,2018,0,2018-09-22,BP-2126,FONT-RUBI,Alt Penedes,3,0,1,0,2,0,0,0,0,1,1,0,0,100.0,0.0,0,1,No n'hi ha,-1.0,3,3,1,0,0,0,0,0,0,0,0,0,0,0,1,-1,1,Col·lisió frontal,-1,1,2,4,3,2,0,7.25,0,2,5,22,9
15318,2018,1,2018-07-17,TV-3002,CAP?ANES,Priorat,0,0,1,0,1,0,0,0,1,0,0,0,0,40.0,0.0,0,0,No n'hi ha,-1.0,3,3,1,0,0,0,0,0,0,0,0,0,0,0,4,-1,1,Caiguda en la via,-1,0,2,4,3,2,1,7.54,0,0,1,17,7
15319,2018,0,2018-08-08,GIV-6321,ALBONS,Baix Emporda,1,1,0,0,1,0,0,0,0,1,0,0,0,100.0,0.0,0,2,No n'hi ha,-1.0,3,3,0,0,0,0,0,0,0,0,0,0,0,0,2,-1,1,Resta sortides de via,-1,1,2,4,3,2,1,16.05,1,1,2,8,8
15320,2018,0,2018-07-20,B-24,PALLEJA,Baix Llobregat,3,0,1,0,1,0,0,0,0,1,0,0,0,90.0,0.0,0,-1,Sense Especificar,-1.0,3,3,1,0,0,0,0,0,0,0,0,0,0,0,4,-1,-1,Xoc contra objecte/obstacle sense sortida prèvia de via,-1,1,2,4,4,2,1,13.12,0,4,4,20,7
15321,2018,0,2018-12-19,TV-3319,ULLDECONA,Montsia,0,1,0,1,2,0,0,0,0,1,1,0,0,100.0,0.0,0,0,No n'hi ha,-1.0,3,3,0,0,0,0,0,0,1,0,0,0,0,0,4,-1,1,Encalç,-1,1,2,4,2,2,1,9.13,0,2,2,19,12
15322,2018,0,2018-12-05,N-340,TORREDEMBARRA,Tarragones,0,0,1,0,2,0,0,1,0,1,0,0,0,100.0,0.0,0,2,No n'hi ha,-1.0,3,3,1,0,0,0,0,0,0,0,0,0,0,0,4,-1,1,Col·lisió frontal,-1,1,2,4,2,2,1,16.38,1,2,2,5,12
15323,2018,1,2018-07-05,SE,VILAFRANCA DEL PENEDES,Alt Penedes,3,0,1,0,2,0,1,0,0,0,0,1,0,20.0,0.0,0,-1,No n'hi ha,-1.0,3,3,1,-1,0,0,0,-1,0,0,0,0,0,1,4,2,1,Envestida (frontal lateral),2,2,2,5,-1,2,1,13.48,0,2,3,5,7
15324,2018,1,2018-07-13,SE,GIRONA,Girones,1,0,1,0,2,0,1,0,0,1,0,0,0,40.0,0.0,0,2,No n'hi ha,-1.0,3,3,1,0,0,0,0,0,0,0,0,0,0,1,4,3,1,Encalç,2,2,2,5,-1,2,1,10.14,0,2,4,13,7
15325,2018,1,2018-12-28,C-149b,BERGA,Bergueda,3,0,1,0,2,1,0,0,0,1,0,0,0,90.0,0.0,0,-1,No n'hi ha,-1.0,3,3,1,-1,0,0,0,-1,0,0,0,0,-1,0,5,-1,1,Atropellament,-1,0,2,4,-1,2,1,7.3,0,3,4,28,12
15326,2018,1,2018-09-23,N-240a,ALMACELLES,Segria,2,0,1,5,2,0,0,0,0,2,0,0,0,50.0,0.0,0,2,No n'hi ha,-1.0,3,3,1,0,0,0,0,0,0,0,0,0,0,1,4,4,1,Fregament o col·lisió lateral,2,0,2,4,-1,2,0,7.29,0,2,6,23,9
15327,2018,1,2018-06-29,SE,TERRASSA,Valles Occidental,3,0,1,0,4,0,0,0,0,4,0,0,0,20.0,0.0,0,-1,Sense Especificar,-1.0,3,3,1,0,0,0,0,0,0,0,0,0,0,0,4,-1,-1,Encalç,-1,2,2,5,-1,2,1,0.0,2,2,4,29,6
15328,2018,0,2018-07-31,C-1415A,SENTMENAT,Valles Occidental,3,0,1,0,1,0,0,0,0,1,0,0,0,50.0,0.0,0,3,No n'hi ha,-1.0,3,3,1,0,0,0,0,0,0,0,0,0,0,0,3,-1,1,Resta sortides de via,-1,1,2,4,3,2,1,3.55,2,1,1,31,7
15329,2018,1,2018-12-20,SE,SANT ADRIA DE BESOS,Barcelones,3,0,1,0,3,0,0,0,0,3,0,0,0,100.0,0.0,0,2,No n'hi ha,-1.0,3,3,1,0,0,0,0,0,0,0,0,0,0,0,4,-1,1,Fregament o col·lisió lateral,-1,2,2,5,-1,2,1,13.25,0,2,3,20,12
15330,2018,0,2018-10-13,L-401,ODEN,Solsones,2,0,1,0,1,0,0,0,1,0,0,0,0,90.0,0.0,0,-1,Sense Especificar,-1.0,3,3,1,0,0,0,0,0,0,0,0,0,0,0,4,-1,-1,Resta sortides de via,-1,1,2,4,4,2,0,13.1,0,1,5,13,10
15331,2018,1,2018-08-21,SE,BARCELONA,Barcelones,3,0,2,0,2,0,0,1,0,1,0,0,0,30.0,0.0,1,-1,No n'hi ha,-1.0,3,3,1,0,0,0,0,0,0,0,0,0,0,1,0,-1,0,Envestida (frontal lateral),2,2,2,5,-1,2,1,21.15,1,2,1,21,8
15332,2018,1,2018-05-22,N-II,ARENYS DE MAR,Maresme,3,0,1,0,1,0,0,1,0,0,0,0,0,100.0,0.0,0,2,No n'hi ha,-1.0,3,3,1,0,0,0,0,0,0,0,0,0,0,0,2,-1,1,Caiguda en la via,-1,0,2,4,1,2,1,10.3,0,0,1,22,5
15333,2018,1,2018-12-27,SE,REUS,Baix Camp,0,0,1,1,2,0,0,0,0,2,0,0,0,100.0,0.0,0,2,No n'hi ha,-1.0,3,3,1,0,0,0,0,0,0,0,0,0,0,1,4,-1,1,Encalç,2,2,2,5,-1,2,1,17.57,1,2,3,27,12
15334,2018,1,2018-06-21,SE,TERRASSA,Valles Occidental,3,0,1,0,4,0,0,0,0,4,0,0,0,100.0,0.0,0,2,No n'hi ha,-1.0,3,3,1,0,0,0,0,0,0,0,0,0,0,2,4,3,1,Encalç,2,2,2,5,-1,1,1,11.45,0,2,3,21,6
15335,2018,1,2018-05-12,SE,GIRONA,Girones,1,0,1,0,1,0,0,1,0,0,0,0,0,20.0,0.0,0,-1,No n'hi ha,-1.0,2,3,1,0,0,0,0,0,0,0,0,0,0,0,2,-1,-1,Caiguda en la via,-1,2,0,5,-1,2,0,23.14,2,0,5,12,5
15336,2018,0,2018-12-09,C-26,CUBELLS,Noguera,2,0,1,2,1,0,0,0,0,1,0,0,0,100.0,0.0,1,1,No n'hi ha,-1.0,1,3,1,0,0,0,0,0,0,0,0,0,0,0,3,-1,1,Resta sortides de via,-1,1,2,4,2,2,0,5.58,2,1,6,9,12
15337,2018,1,2018-12-05,SE,MATARO,Maresme,3,0,2,1,2,1,0,1,0,0,0,0,0,20.0,0.0,0,2,No n'hi ha,-1.0,3,3,1,-1,0,0,0,-1,0,0,0,0,0,0,5,-1,1,Atropellament,-1,2,2,5,-1,2,1,18.55,1,3,2,5,12
15338,2018,0,2018-04-19,GI-682,TOSSA DE MAR,Selva,1,0,1,0,1,0,0,0,1,0,0,0,0,100.0,0.0,0,1,No n'hi ha,-1.0,3,3,1,0,1,0,0,0,0,0,0,0,0,0,4,-1,1,Resta sortides de via,-1,1,2,4,2,2,1,15.43,1,1,3,19,4
15339,2018,1,2018-05-22,SE,ESPLUGUES DE LLOBREGAT,Baix Llobregat,3,0,1,0,2,1,0,0,0,1,0,0,0,100.0,0.0,0,1,No n'hi ha,-1.0,3,3,1,0,0,0,0,0,0,0,0,0,0,1,4,4,1,Atropellament,-1,2,2,5,-1,2,1,17.4,1,3,1,22,5
15340,2018,0,2018-11-09,B-224,SANT ESTEVE SESROVIRES,Baix Llobregat,3,0,1,0,3,0,0,0,0,2,1,0,0,60.0,0.0,0,3,No n'hi ha,-1.0,3,3,1,0,0,0,0,0,0,0,0,0,0,0,4,-1,1,Col·lisió frontal,-1,1,2,4,3,2,1,11.49,0,2,4,9,11
15341,2018,0,2018-05-25,AL,ALGUAIRE,Segria,2,0,1,3,1,0,0,0,0,1,0,0,0,90.0,0.0,0,-1,Sense Especificar,-1.0,3,3,1,0,0,0,0,0,0,0,0,0,0,0,4,-1,-1,Resta sortides de via,-1,1,2,4,4,2,0,18.45,1,1,4,25,5
15342,2018,0,2018-10-06,C-37,SANT PERE DE TORELLO,Osona,3,1,0,0,2,0,0,0,0,1,1,0,0,100.0,0.0,0,2,No n'hi ha,-1.0,3,3,0,0,0,0,0,0,0,0,0,0,0,0,3,-1,1,Col·lisió frontal,-1,1,2,4,2,2,0,1.45,2,2,5,6,10
15343,2018,0,2018-07-06,C-63,BRUNYOLA,Selva,1,1,0,0,2,0,0,0,1,1,0,0,0,70.0,0.0,0,1,No n'hi ha,-1.0,3,3,0,0,1,0,0,0,0,0,0,0,0,1,4,4,1,Caiguda en la via,0,1,2,4,2,2,1,8.0,0,0,4,6,7
15344,2018,1,2018-09-19,C-246a,VILANOVA I LA GELTRU,Garraf,3,0,1,0,2,0,0,1,0,1,0,0,0,100.0,0.0,0,2,No n'hi ha,-1.0,3,3,1,0,0,0,0,0,0,0,0,0,0,1,4,5,1,Fregament o col·lisió lateral,3,0,2,4,-1,2,1,9.15,0,2,2,19,9
15345,2018,1,2018-06-06,SE,SANTA COLOMA DE GRAMANET,Barcelones,3,0,1,0,1,0,0,1,0,0,0,0,0,20.0,0.0,0,-1,No n'hi ha,-1.0,3,3,1,0,0,0,0,0,0,0,0,0,0,0,4,-1,-1,Sortida de via amb xoc o col·lisió,-1,2,2,5,-1,2,1,16.25,1,1,2,6,6
15346,2018,0,2018-07-07,A-2,SANTA COLOMA DE CERV,Baix Llobregat,3,0,1,0,2,0,0,0,1,1,0,0,0,80.0,0.0,0,0,No n'hi ha,-1.0,3,3,1,0,0,0,0,0,0,0,0,0,0,0,4,-1,0,Encalç,-1,1,2,4,1,2,0,8.17,0,2,5,7,7
15347,2018,1,2018-07-16,SE,TORREDEMBARRA,Tarragones,0,0,1,0,1,0,0,0,0,1,0,0,0,20.0,0.0,0,2,No n'hi ha,-1.0,3,3,1,-1,0,0,0,-1,0,0,0,0,0,0,4,-1,0,Sortida de via amb xoc o col·lisió,-1,0,2,5,0,2,1,11.15,0,1,0,16,7
15348,2018,1,2018-01-05,SE,BADALONA,Barcelones,3,0,1,1,1,0,0,1,0,0,0,0,0,20.0,0.0,0,2,No n'hi ha,-1.0,3,3,1,-1,0,0,0,-1,0,0,0,0,0,0,5,-1,1,Caiguda en la via,-1,2,2,5,-1,2,0,18.2,1,0,4,5,1
15349,2018,1,2018-03-03,SE,BARCELONA,Barcelones,3,0,1,0,1,0,0,0,0,0,1,0,0,100.0,0.0,1,-1,No n'hi ha,-1.0,3,3,1,0,0,0,0,0,0,0,0,0,0,1,0,-1,1,Caiguda en la via,2,2,2,5,-1,2,0,20.1,1,0,5,3,3
15350,2018,1,2018-10-23,SE,CASTELLDEFELS,Baix Llobregat,3,0,1,1,2,0,0,1,0,1,0,0,0,30.0,0.0,0,2,No n'hi ha,-1.0,3,3,1,0,0,0,0,0,0,0,0,0,0,0,5,-1,1,Col·lisió frontal,-1,2,2,5,-1,2,1,22.37,2,2,1,23,10
15351,2018,1,2018-12-11,SE,SABADELL,Valles Occidental,3,0,2,0,3,2,0,0,1,0,0,0,0,100.0,0.0,0,-1,No n'hi ha,-1.0,3,3,1,0,1,0,0,0,0,0,0,0,0,0,4,-1,-1,Atropellament,-1,2,2,5,-1,2,1,11.04,0,3,1,11,12
15352,2018,0,2018-12-21,C-59,CALDES DE MONTBUI,Valles Oriental,3,0,1,0,1,1,0,0,0,0,0,0,0,100.0,1.0,0,1,No n'hi ha,-1.0,3,3,1,0,0,0,0,0,0,0,0,0,0,0,3,-1,1,Atropellament,-1,1,2,4,2,2,1,6.56,0,3,4,21,12