,Year,Area,Date,Road,Municipality Name,County Name,Province Name,Fatalties,Serious Injuries,Light Injuries,Units Involved,Pedestrains Involved,Bicycles Involved,Mopeds Involved,Motorcycles,Light Vehicles Involved,Heavy Vehicles Involved,Other Units Involved,Unspecified Units Involved,Road Speed Limit,Accident with Hit and Run,Fog Presence,Surrounding Environment,Special Lane Presence,Special Traffic Measures,Weather Conditions,Special Road Functions,Severity of Accident,Influence of Fog,Influence of Environment,Influence of Traffic,Influence of Weather,Influence of Wind Intensity,Influence of Lighting,Influence of Special Measures,Influence of Road Objects,Influence of Road Surface,Influence of Visibility,Intersection Characteristics,Lighting Conditions,Traffic Regulation and Priority,Direction of Road,Subtype of Accident,Subtype of Road Section,Subzone within Area,Road Surface Conditions,Type of Road,Road Ownership,Wind Conditions,Day of the Week Grouping,Hour of Day,Time of Day Grouping,Type of Accident,Day Type,Day,Month
15353,2018,0,2018-09-09,N-260,SORIGUERA,Pallars Sobira,2,1,0,1,1,0,0,0,1,0,0,0,0,100.0,0.0,0,1,No n'hi ha,-1.0,3,3,0,0,0,0,0,0,0,0,0,0,0,0,4,-1,1,Xoc contra objecte/obstacle sense sortida prèvia de via,-1,1,2,4,1,2,0,11.34,0,4,6,9,9
15354,2018,0,2018-06-26,C-31,MONT-RAS,Baix Emporda,1,0,2,0,2,0,0,0,1,1,0,0,0,50.0,0.0,0,2,No n'hi ha,-1.0,3,3,1,0,0,0,0,0,0,0,0,0,0,0,4,-1,0,Encalç,-1,1,2,4,2,2,1,12.43,0,2,1,26,6
15355,2018,0,2018-01-23,B-520,TARADELL,Osona,3,0,1,0,2,0,0,0,0,1,1,0,0,50.0,0.0,1,2,No n'hi ha,-1.0,3,3,1,1,0,0,0,0,0,0,0,0,0,1,3,4,1,Col·lisió frontal,0,1,2,4,3,2,1,7.35,0,2,1,23,1
15356,2018,1,2018-11-14,SE,REUS,Baix Camp,0,0,1,0,2,1,0,0,0,1,0,0,0,100.0,0.0,0,-1,No n'hi ha,-1.0,3,3,1,0,0,0,0,0,0,0,0,0,0,0,4,-1,-1,Atropellament,-1,2,2,5,-1,2,1,19.15,1,3,2,14,11
15357,2018,1,2018-02-15,SE,LLEIDA,Segria,2,0,1,0,1,0,0,0,0,1,0,0,0,20.0,0.0,0,-1,No n'hi ha,-1.0,3,3,1,-1,0,0,0,-1,0,0,0,0,-1,0,4,-1,1,Sortida de via amb xoc o col·lisió,-1,2,2,5,-1,2,1,17.0,1,1,3,15,2
15358,2018,1,2018-09-22,SE,CADAQUES,Alt Emporda,1,0,1,1,1,0,0,0,0,1,0,0,0,50.0,0.0,0,3,No n'hi ha,-1.0,3,3,1,0,0,0,0,0,0,0,0,0,0,0,4,-1,1,Resta sortides de via,-1,2,2,5,0,2,0,13.43,0,1,5,22,9
15359,2018,0,2018-09-09,N-II,TORDERA,Maresme,3,0,1,1,1,0,0,0,0,1,0,0,0,50.0,0.0,0,3,Carril lent,-1.0,3,3,1,0,0,0,0,0,0,0,0,0,0,1,3,4,1,Resta sortides de via,1,1,2,4,1,2,0,6.41,0,1,6,9,9
15360,2018,1,2018-12-20,SE,"PRAT DE LLOBREGAT, E",Baix Llobregat,3,1,0,0,2,1,0,0,0,0,1,0,0,100.0,0.0,0,2,No n'hi ha,-1.0,3,3,0,0,0,0,0,0,0,0,0,0,0,0,4,-1,1,Atropellament,-1,2,2,5,-1,2,1,13.01,0,3,3,20,12
15361,2018,0,2018-09-28,B-10,SANT ADRIA DE BESOS,Barcelones,3,1,0,0,1,0,0,0,1,0,0,0,0,100.0,0.0,0,-1,No n'hi ha,-1.0,3,3,0,0,0,0,0,0,0,0,0,0,0,0,4,-1,-1,Caiguda en la via,-1,1,2,4,-1,2,0,20.2,1,0,4,28,9
15362,2018,1,2018-06-04,SE,BESCANO,Girones,1,0,1,0,2,0,0,0,1,1,0,0,0,20.0,0.0,0,-1,Sense Especificar,-1.0,3,3,1,0,0,0,0,0,0,0,0,0,0,1,4,5,-1,Altres,2,2,2,5,-1,2,1,19.08,1,5,0,4,6
15363,2018,0,2018-05-21,LP-9221,ALBESA,Noguera,2,0,1,0,1,0,0,0,0,1,0,0,0,90.0,0.0,0,-1,Sense Especificar,-1.0,3,3,1,0,0,0,0,0,0,0,0,0,0,0,4,-1,-1,Resta sortides de via,-1,1,2,4,4,2,1,13.5,0,1,0,21,5
15364,2018,1,2018-07-21,SE,LLORET DE MAR,Selva,1,0,1,0,1,0,0,1,0,0,0,0,0,100.0,0.0,0,1,No n'hi ha,-1.0,3,3,1,0,0,0,0,0,0,0,0,0,0,0,1,-1,1,Altres,-1,2,2,5,0,2,0,6.32,0,5,5,21,7
15365,2018,1,2018-12-28,C-14,OLIANA,Alt Urgell,2,0,1,0,2,1,0,0,0,1,0,0,0,50.0,0.0,0,2,No n'hi ha,-1.0,3,3,1,0,0,0,0,0,0,0,0,0,0,0,1,-1,1,Atropellament,-1,0,2,4,-1,2,0,17.46,1,3,4,28,12
15366,2018,0,2018-06-03,C-14,OLIANA,Alt Urgell,2,0,1,2,2,0,0,0,0,2,0,0,0,100.0,0.0,0,2,No n'hi ha,-1.0,3,3,1,0,0,0,0,0,0,0,0,0,0,0,4,-1,1,Col·lisió frontal,-1,1,2,4,2,2,0,13.3,0,2,6,3,6
15367,2018,1,2018-03-14,SE,BANYOLES,Pla de l'Estany,1,0,1,0,3,1,0,0,0,2,0,0,0,100.0,0.0,0,-1,No n'hi ha,-1.0,3,3,1,0,0,0,0,0,0,0,0,0,0,0,4,-1,-1,Atropellament,-1,2,2,5,-1,2,1,11.05,0,3,2,14,3
15368,2018,1,2018-06-02,SE,BARCELONA,Barcelones,3,0,1,0,2,1,0,0,0,1,0,0,0,100.0,0.0,1,-1,No n'hi ha,-1.0,3,3,1,0,0,0,0,0,0,0,0,0,0,1,4,-1,0,Atropellament,2,2,2,5,-1,2,0,13.45,0,3,5,2,6
15369,2018,1,2018-11-20,SE,BARCELONA,Barcelones,3,0,1,0,2,1,0,0,0,0,1,0,0,50.0,0.0,1,-1,Carril bus,-1.0,3,3,1,0,0,0,0,0,0,0,0,0,0,1,4,-1,1,Atropellament,2,2,2,5,-1,2,1,14.4,1,3,1,20,11
15370,2018,1,2018-07-04,SE,BLANES,Selva,1,0,1,0,2,0,0,0,1,1,0,0,0,20.0,0.0,0,2,No n'hi ha,-1.0,3,3,1,-1,0,0,0,-1,0,0,0,0,-1,0,4,-1,0,Encalç,-1,2,2,5,-1,2,1,18.07,1,2,2,4,7
15371,2018,1,2018-02-01,SE,SANT PERE DE VILAMAJOR,Valles Oriental,3,0,2,1,1,0,0,0,0,1,0,0,0,30.0,0.0,0,0,No n'hi ha,-1.0,2,3,1,0,0,0,1,0,0,0,0,0,0,0,5,-1,1,Resta sortides de via,-1,2,2,5,-1,2,1,20.41,1,1,3,1,2
15372,2018,1,2018-01-16,C-31,PALAFRUGELL,Baix Emporda,1,0,1,1,3,0,0,0,0,2,1,0,0,50.0,0.0,0,-1,No n'hi ha,-1.0,3,3,1,0,-1,0,0,0,0,0,0,0,0,0,4,-1,-1,Col·lisió frontal,-1,0,2,4,-1,2,1,17.05,1,2,1,16,1
15373,2018,1,2018-08-16,SE,TARRAGONA,Tarragones,0,0,1,0,2,1,0,0,0,1,0,0,0,20.0,0.0,0,2,No n'hi ha,-1.0,3,3,1,-1,0,0,0,-1,0,0,0,0,-1,1,4,4,0,Atropellament,2,2,2,5,-1,2,1,12.31,0,3,3,16,8
15374,2018,0,2018-03-10,C-17,"MASIES DE VOLTREGA,LES",Osona,3,0,1,4,1,0,0,0,0,1,0,0,0,100.0,0.0,0,3,No n'hi ha,-1.0,3,3,1,0,0,0,0,0,0,0,0,0,0,0,3,-1,0,Resta sortides de via,-1,1,2,4,2,2,0,2.57,2,1,5,10,3
15375,2018,1,2018-09-23,SE,BARCELONA,Barcelones,3,0,1,0,2,0,0,0,1,1,0,0,0,100.0,0.0,1,-1,Carril bus,-1.0,3,3,1,0,0,0,0,0,0,0,0,0,0,1,4,-1,0,Encalç,1,2,2,5,-1,2,0,6.55,0,2,6,23,9
15376,2018,1,2018-03-30,SE,SITGES,Garraf,3,0,1,0,2,0,0,0,1,1,0,0,0,30.0,0.0,0,0,No n'hi ha,-1.0,3,3,1,0,0,0,0,0,0,0,0,0,0,0,4,-1,1,Col·lisió frontal,-1,2,2,5,-1,2,0,15.55,1,2,4,30,3
15377,2018,1,2018-05-22,GI-680,LLORET DE MAR,Selva,1,0,1,0,1,0,1,0,0,0,0,0,0,100.0,0.0,0,2,No n'hi ha,-1.0,3,3,1,0,0,0,0,0,0,0,0,0,0,1,4,4,0,Resta sortides de via,0,0,2,4,-1,2,1,13.39,0,1,1,22,5
15378,2018,0,2018-11-27,C-35,SANT CELONI,Valles Oriental,3,0,1,2,3,0,0,0,0,3,0,0,0,80.0,0.0,0,1,No n'hi ha,-1.0,3,3,1,0,0,0,0,0,0,0,0,0,0,0,4,-1,1,Col·lisió frontal,-1,1,2,4,2,2,1,15.19,1,2,1,27,11
15379,2018,0,2018-04-08,N-340,"VENDRELL, EL",Baix Penedes,0,0,1,2,2,0,0,0,0,2,0,0,0,100.0,0.0,0,2,No n'hi ha,-1.0,2,3,1,0,0,0,1,0,0,0,0,0,0,0,2,-1,1,Col·lisió frontal,-1,1,2,4,1,2,0,8.19,0,2,6,8,4
15380,2018,1,2018-09-24,SE,CALLUS,Bages,3,0,1,0,2,1,0,0,0,1,0,0,0,100.0,0.0,0,1,No n'hi ha,-1.0,3,3,1,0,1,0,0,0,1,0,0,0,0,2,4,4,1,Atropellament,2,2,2,5,-1,2,1,19.0,1,3,0,24,9
15381,2018,1,2018-06-20,SE,IGUALADA,Anoia,3,0,1,0,2,0,1,0,0,1,0,0,0,50.0,0.0,0,-1,No n'hi ha,-1.0,3,3,1,-1,0,0,0,-1,0,0,0,0,-1,0,4,-1,1,Col·lisió frontal,-1,2,2,5,0,2,1,16.08,1,2,2,20,6
15382,2018,1,2018-05-22,SE,BANYOLES,Pla de l'Estany,1,0,1,0,2,0,0,0,1,1,0,0,0,100.0,0.0,0,2,No n'hi ha,-1.0,3,3,1,0,0,0,0,0,0,0,0,0,0,1,1,4,1,Fregament o col·lisió lateral,1,2,2,5,-1,2,1,8.15,0,2,1,22,5
15383,2018,1,2018-10-05,SE,VIC,Osona,3,0,1,0,2,1,0,0,0,1,0,0,0,20.0,0.0,0,-1,No n'hi ha,-1.0,3,3,1,0,-1,0,0,0,0,0,0,0,0,0,4,-1,-1,Atropellament,-1,2,2,5,-1,2,0,18.15,1,3,4,5,10
15384,2018,1,2018-08-26,SE,BERGA,Bergueda,3,0,1,0,1,0,0,0,0,1,0,0,0,30.0,0.0,0,-1,Sense Especificar,-1.0,3,3,1,0,0,0,0,0,0,0,0,0,0,0,4,-1,0,Sortida de via amb xoc o col·lisió,-1,2,2,5,-1,2,0,19.0,1,1,6,26,8
15385,2018,0,2018-09-14,N-340,ALTAFULLA,Tarragones,0,1,0,1,3,0,0,0,0,2,1,0,0,100.0,0.0,0,2,No n'hi ha,-1.0,3,3,0,0,0,0,0,0,0,0,0,0,0,0,4,-1,1,Fregament o col·lisió lateral,-1,1,2,4,1,2,1,13.09,0,2,4,14,9
15386,2018,0,2018-08-26,C-32,SANT PERE DE RIBES,Garraf,3,0,1,1,2,0,0,0,0,2,0,0,0,100.0,0.0,0,2,No n'hi ha,-1.0,3,3,1,0,0,0,0,0,0,0,0,0,0,0,3,-1,1,Encalç,-1,1,2,4,2,2,0,1.32,2,2,6,26,8
15387,2018,1,2018-10-09,SE,BARCELONA,Barcelones,3,0,1,1,2,1,0,0,1,0,0,0,0,100.0,0.0,1,-1,No n'hi ha,-1.0,1,3,1,0,0,0,0,0,0,0,0,0,0,1,4,-1,0,Atropellament,2,2,0,5,-1,2,1,7.45,0,3,1,9,10
15388,2018,1,2018-01-30,SE,BARCELONA,Barcelones,3,0,1,1,2,0,0,0,1,1,0,0,0,100.0,0.0,1,-1,No n'hi ha,-1.0,3,3,1,0,0,0,0,0,0,0,0,0,0,1,4,-1,0,Fregament o col·lisió lateral,2,2,2,5,-1,2,1,14.55,1,2,1,30,1
15389,2018,1,2018-03-01,SE,GIRONA,Girones,1,0,1,0,2,0,0,0,1,1,0,0,0,100.0,0.0,0,2,No n'hi ha,-1.0,1,3,1,0,0,0,0,0,0,0,0,0,0,1,5,3,1,Envestida (frontal lateral),2,2,2,5,-1,2,1,21.13,1,2,3,1,3
15390,2018,1,2018-08-03,SE,BARCELONA,Barcelones,3,0,1,0,2,1,0,0,0,1,0,0,0,100.0,0.0,1,-1,No n'hi ha,-1.0,3,3,1,0,0,0,0,0,0,0,0,0,0,1,4,-1,0,Atropellament,2,2,2,5,-1,2,1,14.4,1,3,4,3,8
15391,2018,1,2018-12-15,SE,HOSPITALET DE LLOBREGAT,Barcelones,3,0,1,0,2,0,0,0,1,1,0,0,0,20.0,0.0,0,2,No n'hi ha,-1.0,3,3,1,-1,0,0,0,-1,0,0,0,0,0,0,4,-1,1,Envestida (frontal lateral),-1,2,2,5,-1,2,0,15.28,1,2,5,15,12
15392,2018,1,2018-06-01,SE,SANTA COLOMA DE GRAMANET,Barcelones,3,0,1,0,3,0,0,0,1,2,0,0,0,20.0,0.0,0,-1,Sense Especificar,-1.0,3,3,1,0,0,0,0,0,0,0,0,0,0,0,4,-1,-1,Sortida de via amb xoc o col·lisió,-1,2,2,5,-1,2,0,17.51,1,1,4,1,6
15393,2018,0,2018-11-09,C-31,SANT ADRIA DE BESOS,Barcelones,3,1,0,0,2,1,0,0,0,1,0,0,0,100.0,0.0,0,-1,No n'hi ha,-1.0,3,3,0,0,0,0,0,0,0,0,0,0,0,0,4,-1,-1,Atropellament,-1,1,2,4,-1,2,1,14.23,1,3,4,9,11
15394,2018,0,2018-07-03,C-32,MATARO,Maresme,3,0,1,2,2,0,0,0,0,1,1,0,0,120.0,0.0,0,3,No n'hi ha,-1.0,3,3,1,0,0,0,0,0,0,0,0,0,0,0,4,-1,1,Altres,-1,1,2,4,2,2,1,12.15,0,5,1,3,7
15395,2018,0,2018-03-17,B-224,PIERA,Anoia,3,2,0,3,3,0,0,0,0,3,0,0,0,100.0,0.0,0,2,No n'hi ha,-1.0,3,3,0,0,0,0,0,0,0,0,0,0,0,0,2,-1,1,Envestida (frontal lateral),-1,1,2,4,3,2,0,18.56,1,2,5,17,3
15396,2018,0,2018-08-06,GI-674,CALDES DE MALAVELLA,Selva,1,0,1,0,1,0,0,0,1,0,0,0,0,40.0,0.0,0,1,No n'hi ha,-1.0,3,3,1,0,0,0,0,0,0,0,0,0,0,0,3,-1,1,Resta sortides de via,-1,1,2,4,3,2,1,23.31,2,1,0,6,8
15397,2018,1,2018-01-20,SE,ROQUETES,Baix Ebre,0,0,1,0,2,0,0,0,1,1,0,0,0,40.0,0.0,0,2,No n'hi ha,-1.0,3,3,1,0,0,0,0,0,0,0,0,0,0,0,4,-1,1,Envestida (frontal lateral),-1,2,2,5,0,2,0,11.2,0,2,5,20,1
15398,2018,0,2018-03-01,A-2,FORNELLS DE LA SELVA,Girones,1,1,1,1,7,0,0,0,0,7,0,0,0,100.0,0.0,0,2,No n'hi ha,-1.0,1,3,0,0,0,0,0,0,0,0,0,0,0,0,3,-1,0,Altres,-1,1,2,4,1,2,1,5.42,2,5,3,1,3
15399,2018,1,2018-06-21,SE,TARRAGONA,Tarragones,0,0,1,0,1,0,0,0,0,0,1,0,0,20.0,0.0,0,2,No n'hi ha,-1.0,3,3,1,-1,0,0,0,-1,0,0,0,0,-1,0,4,-1,1,Xoc contra objecte/obstacle sense sortida prèvia de via,-1,2,2,5,-1,2,1,17.55,1,4,3,21,6
15400,2018,0,2018-11-03,C-12,TORTOSA,Baix Ebre,0,0,1,0,5,0,0,0,2,3,0,0,0,70.0,0.0,0,0,No n'hi ha,-1.0,3,3,1,0,0,0,0,0,0,0,0,0,0,0,4,-1,1,Encalç,-1,1,2,4,2,2,0,13.51,0,2,5,3,11
15401,2018,1,2018-10-09,SE,MATARO,Maresme,3,0,1,0,2,0,0,0,1,1,0,0,0,20.0,,0,-1,No n'hi ha,-1.0,3,3,1,0,-1,0,0,0,0,0,0,0,0,1,4,4,-1,Envestida (frontal lateral),0,2,2,5,-1,2,1,9.0,0,2,1,9,10
15402,2018,1,2018-09-29,SE,GUISSONA,Segarra,2,0,1,0,1,0,0,0,0,1,0,0,0,100.0,0.0,0,2,No n'hi ha,-1.0,3,3,1,0,0,0,0,0,0,0,0,0,0,1,5,4,1,Altres,0,2,2,5,-1,2,0,3.58,2,5,5,29,9
15403,2018,0,2018-08-23,BV-2115,CASTELLET I LA GORNA,Alt Penedes,3,0,1,0,1,0,1,0,0,0,0,0,0,90.0,0.0,0,-1,Sense Especificar,-1.0,3,3,1,0,0,0,0,0,0,0,0,0,0,0,4,-1,-1,Altres,-1,1,2,4,4,2,1,15.18,1,5,3,23,8
15404,2018,0,2018-11-10,C-59,PALAU DE PLEGAMANS,Valles Occidental,3,1,1,1,3,0,0,0,0,3,0,0,0,100.0,0.0,0,-1,No n'hi ha,-1.0,3,3,0,0,0,0,0,0,0,0,0,0,0,0,4,-1,-1,Col·lisió frontal,-1,1,2,4,-1,2,0,4.35,2,2,5,10,11
15405,2018,1,2018-04-11,SE,BARCELONA,Barcelones,3,0,1,0,2,0,0,0,1,1,0,0,0,100.0,0.0,1,-1,No n'hi ha,-1.0,1,3,1,0,0,0,0,0,0,0,0,0,0,1,4,-1,1,Col·lisió frontal,2,2,0,5,-1,2,1,8.4,0,2,2,11,4
15406,2018,1,2018-05-11,SE,BARCELONA,Barcelones,3,0,1,0,2,0,0,0,1,1,0,0,0,100.0,0.0,1,-1,No n'hi ha,-1.0,3,3,1,0,0,0,0,0,0,0,0,0,0,0,0,-1,0,Caiguda en la via,-1,2,2,5,-1,2,0,21.45,1,0,4,11,5
15407,2018,1,2018-11-17,SE,TARRAGONA,Tarragones,0,0,2,0,2,0,0,0,1,1,0,0,0,20.0,,0,2,No n'hi ha,-1.0,3,3,1,-1,0,0,0,-1,0,0,0,0,-1,1,5,4,1,Envestida (frontal lateral),2,2,2,5,-1,2,0,2.15,2,2,5,17,11
15408,2018,1,2018-12-07,SE,MATARO,Maresme,3,0,1,1,2,0,0,0,1,1,0,0,0,20.0,0.0,0,-1,No n'hi ha,-1.0,3,3,1,0,0,0,0,0,0,0,0,0,0,0,5,-1,-1,Encalç,-1,2,2,5,-1,2,0,21.03,1,2,4,7,12
15409,2018,1,2018-09-08,SE,BARCELONA,Barcelones,3,0,1,0,2,0,1,0,0,1,0,0,0,100.0,0.0,1,-1,No n'hi ha,-1.0,3,3,1,0,0,0,0,0,0,0,0,0,0,0,0,-1,1,Envestida (frontal lateral),-1,2,2,5,-1,2,0,20.4,1,2,5,8,9
15410,2018,0,2018-10-27,C-233,FLIX,Ribera d'Ebre,0,0,1,1,8,0,8,0,0,0,0,0,0,90.0,0.0,0,-1,Sense Especificar,-1.0,3,3,1,0,0,0,0,0,0,0,0,0,0,0,4,-1,-1,Altres,-1,1,2,4,4,2,0,13.35,0,5,5,27,10
15411,2018,1,2018-06-16,SE,BARCELONA,Barcelones,3,1,1,3,3,2,0,0,0,1,0,0,0,100.0,0.0,1,-1,No n'hi ha,-1.0,3,3,0,0,0,0,0,0,0,0,0,0,0,1,0,-1,0,Atropellament,2,2,2,5,-1,2,0,0.3,2,3,5,16,6
15412,2018,0,2018-03-05,AP-7,CERDANYOLA DEL VALLES,Valles Occidental,3,0,1,0,4,0,0,0,0,2,1,1,0,90.0,0.0,0,-1,Sense Especificar,-1.0,3,3,1,0,0,0,0,0,0,0,0,0,0,0,4,-1,-1,Envestida (frontal lateral),-1,1,2,4,4,2,1,6.44,0,2,0,5,3
15413,2018,1,2018-11-24,SE,BARCELONA,Barcelones,3,0,1,0,2,0,0,1,0,1,0,0,0,100.0,0.0,1,-1,No n'hi ha,-1.0,3,3,1,0,0,0,0,0,0,0,0,0,0,1,0,-1,1,Envestida (frontal lateral),2,2,2,5,-1,2,0,23.5,2,2,5,24,11
15414,2018,0,2018-04-24,AP-7,VILAFRANCA DEL PENEDES,Alt Penedes,3,0,1,0,1,0,0,0,0,0,1,0,0,100.0,0.0,0,3,No n'hi ha,-1.0,3,3,1,0,0,0,0,0,0,0,0,0,0,2,4,4,0,Caiguda en la via,3,1,2,4,1,2,1,17.49,1,0,1,24,4
15415,2018,1,2018-06-07,SE,GAVA,Baix Llobregat,3,0,1,0,2,1,0,0,0,1,0,0,0,100.0,0.0,0,2,No n'hi ha,-1.0,3,3,1,0,0,0,0,0,0,0,0,0,0,0,4,-1,0,Atropellament,-1,2,2,5,-1,2,1,8.49,0,3,3,7,6
15416,2018,0,2018-10-12,BP-1241,GALLIFA,Valles Occidental,3,0,1,0,1,0,0,0,1,0,0,0,0,50.0,0.0,0,3,No n'hi ha,-1.0,3,3,1,0,0,0,0,0,0,0,0,0,0,0,4,-1,1,Resta sortides de via,-1,1,2,4,3,2,1,12.59,0,1,4,12,10
15417,2018,1,2018-11-05,SE,CAMBRILS,Baix Camp,0,0,1,0,2,1,0,0,0,1,0,0,0,50.0,0.0,0,2,No n'hi ha,-1.0,1,3,1,0,0,0,1,0,1,0,0,0,0,0,5,-1,1,Atropellament,-1,2,2,5,-1,2,1,18.43,1,3,0,5,11
15418,2018,0,2018-10-26,A-2,ESPARREGUERA,Baix Llobregat,3,0,1,0,2,0,0,0,1,1,0,0,0,100.0,0.0,0,2,No n'hi ha,-1.0,3,3,1,0,0,0,0,0,0,0,0,0,0,0,3,-1,0,Altres,-1,1,2,4,1,2,0,21.25,1,5,4,26,10
15419,2018,0,2018-11-07,N-340,TARRAGONA,Tarragones,0,1,0,0,2,0,0,0,1,1,0,0,0,70.0,0.0,0,2,No n'hi ha,-1.0,3,3,0,0,0,0,0,0,0,0,0,0,0,1,4,4,1,Col·lisió frontal,0,1,2,4,1,2,1,16.42,1,2,2,7,11
15420,2018,0,2018-09-13,AP-2,"PAPIOL, EL",Baix Llobregat,3,0,1,2,3,0,0,0,0,3,0,0,0,100.0,0.0,0,3,No n'hi ha,-1.0,3,3,1,0,0,0,0,0,0,0,0,0,0,0,4,-1,0,Encalç,-1,1,2,4,1,2,1,10.19,0,2,3,13,9
15421,2018,1,2018-07-07,SE,BADALONA,Barcelones,3,1,0,0,2,1,0,0,0,0,1,0,0,20.0,0.0,0,-1,No n'hi ha,-1.0,3,3,0,-1,0,0,0,-1,0,0,0,0,0,0,4,-1,1,Atropellament,-1,2,2,5,-1,2,0,19.15,1,3,5,7,7
15422,2018,0,2018-11-24,N-340,OLERDOLA,Alt Penedes,3,0,1,0,2,0,0,0,1,1,0,0,0,40.0,0.0,0,2,No n'hi ha,-1.0,3,3,1,0,0,0,0,0,0,0,0,0,0,1,4,5,1,Envestida (frontal lateral),0,1,2,4,1,2,0,9.04,0,2,5,24,11
15423,2018,1,2018-09-26,SE,REUS,Baix Camp,0,1,0,1,2,1,0,0,0,1,0,0,0,100.0,0.0,0,-1,No n'hi ha,-1.0,3,3,0,0,0,0,0,0,0,0,0,0,0,0,4,-1,-1,Atropellament,-1,2,2,5,-1,2,1,16.15,1,3,2,26,9
15424,2018,1,2018-08-07,C-14,ORGANYA,Alt Urgell,2,0,1,0,2,1,0,0,0,1,0,0,0,50.0,0.0,0,2,No n'hi ha,-1.0,3,3,1,0,0,0,0,0,0,0,0,0,0,0,4,-1,1,Atropellament,-1,0,2,4,2,2,1,11.1,0,3,1,7,8
15425,2018,1,2018-06-27,SE,TERRASSA,Valles Occidental,3,0,1,1,2,0,0,0,1,1,0,0,0,60.0,0.0,0,2,No n'hi ha,-1.0,3,3,1,0,0,1,0,0,0,0,0,0,0,2,4,4,1,Encalç,1,2,2,5,2,2,1,17.4,1,2,2,27,6
15426,2018,1,2018-09-24,SE,VILANOVA DEL CAMI,Anoia,3,0,1,0,1,0,0,0,1,0,0,0,0,100.0,0.0,0,-1,No n'hi ha,-1.0,3,3,1,0,0,0,0,0,0,0,0,0,0,0,4,-1,-1,Resta sortides de via,-1,2,2,5,-1,2,1,15.15,1,1,0,24,9
15427,2018,0,2018-01-11,C-55,SURIA,Bages,3,0,2,2,2,0,0,0,0,2,0,0,0,100.0,0.0,0,0,No n'hi ha,-1.0,3,3,1,0,0,0,0,0,0,0,0,0,0,0,4,-1,1,Col·lisió frontal,-1,1,2,4,2,2,1,10.2,0,2,3,11,1
15428,2018,0,2018-03-02,C-31,SITGES,Garraf,3,0,1,0,2,0,0,0,1,1,0,0,0,80.0,0.0,0,1,No n'hi ha,-1.0,3,3,1,0,0,0,0,0,0,0,0,0,0,0,4,-1,1,Encalç,-1,1,2,4,2,2,1,7.51,0,2,4,2,3
15429,2018,1,2018-08-19,SE,"VALL D'EN BAS, LA",Garrotxa,1,0,2,1,1,0,0,0,0,1,0,0,0,20.0,0.0,0,-1,Sense Especificar,-1.0,3,3,1,0,0,0,0,0,0,0,0,0,0,0,4,-1,-1,Resta sortides de via,-1,2,2,5,-1,2,0,2.34,2,1,6,19,8
15430,2018,1,2018-12-10,SE,GIRONA,Girones,1,0,1,0,2,0,0,1,0,1,0,0,0,100.0,0.0,0,2,No n'hi ha,-1.0,3,3,1,0,0,0,0,0,0,0,0,0,0,1,5,5,1,Fregament o col·lisió lateral,1,2,2,5,-1,2,1,18.24,1,2,0,10,12
15431,2018,0,2018-05-06,L-401,ODEN,Solsones,2,0,1,0,2,0,1,0,0,1,0,0,0,100.0,0.0,0,1,No n'hi ha,,3,3,1,0,1,0,0,0,0,1,0,0,1,0,4,-1,1,Col·lisió frontal,-1,1,2,4,3,2,0,11.2,0,2,6,6,5
15432,2018,0,2018-02-27,A-2,RIUDELLOTS DE LA SELVA,Selva,1,0,1,0,2,1,0,0,0,1,0,0,0,90.0,0.0,0,-1,Sense Especificar,-1.0,3,3,1,0,0,0,0,0,0,0,0,0,0,0,4,-1,-1,Atropellament,-1,1,2,4,4,2,1,5.24,2,3,1,27,2
15433,2018,1,2018-12-02,SE,BADALONA,Barcelones,3,0,1,1,2,0,0,0,0,1,1,0,0,100.0,0.0,0,-1,No n'hi ha,-1.0,3,3,1,0,0,0,0,0,0,0,0,0,0,0,4,-1,-1,Altres,-1,2,2,5,-1,2,0,4.11,2,5,6,2,12
15434,2018,1,2018-11-06,SE,CALONGE,Baix Emporda,1,0,1,0,1,0,0,1,0,0,0,0,0,20.0,0.0,0,-1,Sense Especificar,-1.0,3,3,1,0,0,0,0,0,0,0,0,0,0,0,4,-1,-1,Resta sortides de via,-1,2,2,5,-1,2,1,11.25,0,1,1,6,11
15435,2018,0,2018-02-17,BP-5002,VALLROMANES,Valles Oriental,3,0,1,3,2,0,0,0,0,2,0,0,0,50.0,0.0,0,2,Habilitació voral/carril addicional,-1.0,3,3,1,0,0,0,0,0,0,0,0,0,0,0,3,-1,1,Col·lisió frontal,-1,1,2,4,3,2,0,19.59,1,2,5,17,2
15436,2018,1,2018-10-13,SE,"MASNOU, EL",Maresme,3,0,1,0,2,1,0,0,0,1,0,0,0,20.0,0.0,0,-1,No n'hi ha,-1.0,1,3,1,-1,-1,0,0,-1,0,0,0,0,-1,1,2,3,-1,Atropellament,1,2,0,5,-1,2,0,15.32,1,3,5,13,10
15437,2018,0,2018-07-03,C-14,MONTBLANC,Conca de Barbera,0,0,1,1,3,0,0,0,0,2,1,0,0,100.0,0.0,0,0,No n'hi ha,-1.0,3,3,1,0,0,0,0,0,0,0,0,0,0,0,4,-1,1,Col·lisió frontal,-1,1,2,4,2,2,1,8.56,0,2,1,3,7
15438,2018,1,2018-11-08,SE,BARCELONA,Barcelones,3,0,1,0,3,0,0,0,1,2,0,0,0,100.0,0.0,1,-1,Carril bus,-1.0,3,3,1,0,0,0,0,0,0,0,0,0,0,1,0,-1,0,Fregament o col·lisió lateral,2,2,2,5,-1,2,1,23.0,2,2,3,8,11