,Year,Area,Date,Road,Municipality Name,County Name,Province Name,Fatalties,Serious Injuries,Light Injuries,Units Involved,Pedestrains Involved,Bicycles Involved,Mopeds Involved,Motorcycles,Light Vehicles Involved,Heavy Vehicles Involved,Other Units Involved,Unspecified Units Involved,Road Speed Limit,Accident with Hit and Run,Fog Presence,Surrounding Environment,Special Lane Presence,Special Traffic Measures,Weather Conditions,Special Road Functions,Severity of Accident,Influence of Fog,Influence of Environment,Influence of Traffic,Influence of Weather,Influence of Wind Intensity,Influence of Lighting,Influence of Special Measures,Influence of Road Objects,Influence of Road Surface,Influence of Visibility,Intersection Characteristics,Lighting Conditions,Traffic Regulation and Priority,Direction of Road,Subtype of Accident,Subtype of Road Section,Subzone within Area,Road Surface Conditions,Type of Road,Road Ownership,Wind Conditions,Day of the Week Grouping,Hour of Day,Time of Day Grouping,Type of Accident,Day Type,Day,Month
15439,2018,1,2018-03-07,SE,SABADELL,Valles Occidental,3,0,1,0,2,1,0,0,0,1,0,0,0,100.0,0.0,0,2,No n'hi ha,-1.0,3,3,1,0,0,0,0,0,0,0,0,0,0,2,4,2,1,Atropellament,2,2,2,5,-1,2,1,13.19,0,3,2,7,3
15440,2018,0,2018-08-31,AL,BELL-LLOC D'URGELL,Pla d'Urgell,2,2,0,0,1,0,0,0,0,1,0,0,0,60.0,0.0,0,2,No n'hi ha,-1.0,3,3,0,0,0,0,0,0,0,0,0,0,0,0,4,-1,1,Resta sortides de via,-1,1,2,0,0,2,1,8.18,0,1,4,31,8
15441,2018,1,2018-02-23,SE,BADALONA,Barcelones,3,0,1,0,2,0,0,0,0,2,0,0,0,20.0,0.0,0,2,No n'hi ha,-1.0,3,3,1,-1,0,0,0,-1,0,0,0,0,-1,1,4,4,1,Caiguda en la via,0,2,2,5,-1,2,0,15.5,1,0,4,23,2
15442,2018,1,2018-09-28,SE,BADALONA,Barcelones,3,0,1,0,1,0,0,0,1,0,0,0,0,20.0,0.0,0,-1,No n'hi ha,-1.0,3,3,1,-1,-1,0,0,-1,0,0,0,0,0,0,1,-1,-1,Xoc contra objecte/obstacle sense sortida prèvia de via,-1,2,2,5,-1,2,0,19.58,1,4,4,28,9
15443,2018,1,2018-08-19,SE,SANT CUGAT DEL VALLES,Valles Occidental,3,1,0,0,2,1,0,0,0,1,0,0,0,20.0,1.0,0,-1,No n'hi ha,-1.0,3,3,0,-1,-1,0,0,-1,0,0,0,0,0,0,1,-1,-1,Atropellament,-1,2,2,5,-1,2,0,6.15,0,3,6,19,8
15444,2018,1,2018-07-08,SE,GRANOLLERS,Valles Oriental,3,0,1,0,2,0,1,0,0,1,0,0,0,100.0,0.0,0,2,No n'hi ha,-1.0,3,3,1,0,0,0,0,0,0,0,0,0,0,1,4,5,1,Fregament o col·lisió lateral,0,2,2,5,-1,2,0,11.25,0,2,6,8,7
15445,2018,0,2018-03-02,N-230,"PONT DE SUERT, EL",Alta Ribagorca,2,0,1,0,1,0,0,0,0,1,0,0,0,100.0,0.0,0,0,No n'hi ha,-1.0,3,3,1,0,1,0,0,0,0,0,0,0,0,0,4,-1,1,Xoc contra objecte/obstacle sense sortida prèvia de via,-1,1,2,4,1,2,1,8.48,0,4,4,2,3
15446,2018,0,2018-10-06,N-340,PALLEJA,Baix Llobregat,3,0,1,1,1,0,0,1,0,0,0,0,0,60.0,0.0,0,2,No n'hi ha,-1.0,3,3,1,0,0,0,0,0,0,0,0,0,0,0,5,-1,1,Xoc contra objecte/obstacle sense sortida prèvia de via,-1,1,2,4,1,2,0,0.35,2,4,5,6,10
15447,2018,1,2018-01-12,SE,BARCELONA,Barcelones,3,0,1,0,2,0,0,0,1,1,0,0,0,100.0,0.0,1,-1,No n'hi ha,-1.0,3,3,1,0,0,0,0,0,0,0,0,0,0,1,0,-1,0,Envestida (frontal lateral),2,2,2,5,-1,2,0,20.45,1,2,4,12,1
15448,2018,1,2018-05-31,SE,HOSPITALET DE LLOBREGAT,Barcelones,3,0,1,0,2,0,0,0,1,1,0,0,0,20.0,0.0,0,2,No n'hi ha,-1.0,3,3,1,-1,0,0,0,-1,0,0,0,0,0,1,4,4,0,Envestida (frontal lateral),2,2,2,5,0,2,1,9.47,0,2,3,31,5
15449,2018,0,2018-02-20,B-225,CASTELLBISBAL,Valles Occidental,3,0,1,0,1,0,0,0,0,0,1,0,0,60.0,1.0,0,1,No n'hi ha,-1.0,3,3,1,0,0,0,0,0,0,0,0,0,0,0,4,-1,1,Caiguda en la via,-1,1,2,4,0,2,1,12.05,0,0,1,20,2
15450,2018,1,2018-03-29,N-340a,TARRAGONA,Tarragones,0,0,1,0,3,0,0,0,1,2,0,0,0,90.0,0.0,0,2,No n'hi ha,-1.0,3,3,1,-1,0,0,0,-1,0,0,0,0,-1,1,4,4,0,Envestida (frontal lateral),2,0,2,4,-1,2,1,19.0,1,2,3,29,3
15451,2018,1,2018-10-16,SE,SANT PERE DE RIBES,Garraf,3,0,1,0,1,0,0,0,1,0,0,0,0,100.0,0.0,0,-1,No n'hi ha,-1.0,3,3,1,0,0,0,0,0,0,0,0,0,0,0,5,-1,-1,Sortida de via amb xoc o col·lisió,-1,2,2,5,-1,2,1,20.0,1,1,1,16,10
15452,2018,0,2018-08-13,TV-3443,AMPOSTA,Montsia,0,0,1,0,2,0,1,0,0,1,0,0,0,100.0,0.0,0,1,No n'hi ha,-1.0,3,3,1,0,0,0,0,0,0,0,0,0,0,0,4,-1,1,Xoc contra objecte/obstacle sense sortida prèvia de via,-1,1,2,4,3,2,1,17.37,1,4,0,13,8
15453,2018,1,2018-04-25,SE,BARCELONA,Barcelones,3,1,0,0,1,0,0,0,1,0,0,0,0,40.0,0.0,1,-1,No n'hi ha,-1.0,3,3,0,0,0,0,0,0,0,0,0,0,0,0,0,-1,1,Caiguda en la via,-1,2,2,5,-1,2,1,2.32,2,0,2,25,4
15454,2018,0,2018-01-26,A-2,JORBA,Anoia,3,0,1,0,3,0,0,0,0,0,3,0,0,60.0,0.0,0,1,No n'hi ha,0.0,2,3,1,0,0,0,1,0,0,0,0,0,0,0,2,-1,0,Encalç,-1,1,2,4,1,2,1,12.23,0,2,4,26,1
15455,2018,1,2018-08-20,SE,CALELLA,Maresme,3,0,1,0,2,1,0,0,0,1,0,0,0,30.0,0.0,0,-1,No n'hi ha,-1.0,3,3,1,-1,-1,0,0,-1,0,0,0,0,0,0,1,-1,-1,Atropellament,-1,2,2,5,-1,2,1,6.55,0,3,0,20,8
15456,2018,1,2018-02-07,SE,BARCELONA,Barcelones,3,0,1,0,3,0,0,0,1,2,0,0,0,100.0,0.0,1,-1,No n'hi ha,-1.0,3,3,1,0,0,0,0,0,0,0,0,0,0,0,4,-1,0,Encalç,-1,2,2,5,-1,2,1,16.0,1,2,2,7,2
15457,2018,1,2018-03-19,SE,HOSPITALET DE LLOBREGAT,Barcelones,3,0,1,0,2,0,0,0,1,1,0,0,0,20.0,0.0,0,-1,No n'hi ha,-1.0,3,3,1,0,0,0,0,0,0,0,0,0,0,1,4,3,-1,Envestida (frontal lateral),2,2,2,5,-1,2,1,16.06,1,2,0,19,3
15458,2018,1,2018-07-15,SE,BARCELONA,Barcelones,3,0,1,0,2,1,0,0,0,1,0,0,0,100.0,0.0,1,-1,Carril bici,-1.0,3,3,1,0,0,0,0,0,0,0,0,0,0,1,0,-1,1,Atropellament,1,2,2,5,-1,2,0,0.3,2,3,6,15,7
15459,2018,1,2018-12-22,SE,LLEIDA,Segria,2,0,1,0,2,1,0,0,0,1,0,0,0,20.0,0.0,0,2,No n'hi ha,-1.0,3,3,1,-1,0,0,0,-1,0,0,0,0,-1,0,4,-1,1,Atropellament,-1,2,2,5,-1,2,0,10.3,0,3,5,22,12
15460,2018,1,2018-09-30,SE,NAVARCLES,Bages,3,0,1,0,2,1,0,0,0,1,0,0,0,30.0,0.0,0,2,No n'hi ha,-1.0,3,3,1,0,0,0,0,0,0,0,0,0,0,2,4,5,0,Atropellament,1,2,2,5,0,2,0,12.18,0,3,6,30,9
15461,2018,1,2018-08-10,SE,BARCELONA,Barcelones,3,0,1,0,2,0,0,0,1,1,0,0,0,100.0,0.0,1,-1,No n'hi ha,-1.0,3,3,1,0,0,0,0,0,0,0,0,0,0,1,4,-1,0,Envestida (frontal lateral),2,2,2,5,-1,2,0,20.3,1,2,4,10,8
15462,2018,0,2018-10-05,C-16C,SANT FRUITOS DE BAGES,Bages,3,0,1,0,2,1,0,0,0,1,0,0,0,100.0,0.0,0,2,No n'hi ha,-1.0,3,3,1,0,0,0,0,0,1,0,0,0,0,0,3,-1,1,Atropellament,-1,1,2,4,2,2,0,23.19,2,3,4,5,10
15463,2018,0,2018-10-27,C-55,CASTELLBELL I EL VIL,Bages,3,1,2,0,2,0,0,0,0,2,0,0,0,90.0,0.0,0,2,No n'hi ha,-1.0,1,3,0,0,0,0,0,0,0,0,0,0,0,0,2,-1,1,Col·lisió frontal,-1,1,2,4,2,2,0,17.21,1,2,5,27,10
15464,2018,1,2018-05-31,SE,SANT JUST DESVERN,Baix Llobregat,3,0,1,0,1,0,0,0,1,0,0,0,0,20.0,0.0,0,2,No n'hi ha,-1.0,3,3,1,-1,0,1,0,-1,0,0,0,0,0,2,5,2,1,Caiguda en la via,0,0,2,5,-1,2,1,2.1,2,0,3,31,5
15465,2018,1,2018-07-04,SE,SANT ADRIA DE BESOS,Barcelones,3,1,1,0,3,2,0,0,1,0,0,0,0,100.0,0.0,0,2,No n'hi ha,-1.0,3,3,0,0,0,0,0,0,0,0,0,0,0,2,4,3,1,Atropellament,2,2,2,5,-1,2,1,8.4,0,3,2,4,7
15466,2018,0,2018-03-29,LP-7041,AITONA,Segria,2,0,1,0,2,1,0,0,0,1,0,0,0,100.0,0.0,0,1,No n'hi ha,-1.0,3,3,1,0,0,0,0,0,0,0,0,0,0,0,3,-1,1,Atropellament,-1,1,2,4,3,2,1,6.39,0,3,3,29,3
15467,2018,0,2018-09-24,C-1413a,"PAPIOL, EL",Baix Llobregat,3,0,2,0,2,0,0,0,1,1,0,0,0,50.0,0.0,0,2,No n'hi ha,-1.0,3,3,1,0,0,0,0,0,0,0,0,0,0,1,2,4,0,Col·lisió frontal,1,1,2,4,2,2,1,19.42,1,2,0,24,9
15468,2018,0,2018-05-09,N-340,ALCANAR,Montsia,0,0,1,1,2,0,0,0,0,1,1,0,0,100.0,0.0,0,1,No n'hi ha,-1.0,3,3,1,0,0,0,0,0,0,0,0,0,0,0,1,-1,1,Resta sortides de via,-1,1,2,4,1,2,1,21.15,1,1,2,9,5
15469,2018,1,2018-08-31,SE,CASTELLDEFELS,Baix Llobregat,3,0,2,2,1,0,0,0,0,1,0,0,0,40.0,0.0,0,2,No n'hi ha,-1.0,2,3,1,0,0,0,0,0,0,0,0,0,0,1,5,-1,1,Xoc contra objecte/obstacle sense sortida prèvia de via,0,2,2,5,-1,0,1,5.41,2,4,4,31,8
15470,2018,0,2018-12-11,C-31,BADALONA,Barcelones,3,0,1,0,2,0,0,0,1,1,0,0,0,80.0,0.0,0,1,No n'hi ha,-1.0,3,3,1,0,0,0,0,0,0,0,0,0,0,0,4,-1,0,Encalç,-1,1,2,4,2,2,1,14.46,1,2,1,11,12
15471,2018,0,2018-06-09,L-401,ODEN,Solsones,2,0,1,0,2,0,0,0,1,1,0,0,0,100.0,0.0,0,1,No n'hi ha,-1.0,3,3,1,0,1,0,0,0,0,0,0,0,0,0,4,-1,1,Fregament o col·lisió lateral,-1,1,2,4,3,2,0,13.07,0,2,5,9,6
15472,2018,1,2018-10-25,SE,GIRONA,Girones,1,0,1,0,2,0,0,0,1,0,1,0,0,100.0,0.0,0,2,No n'hi ha,-1.0,3,3,1,0,0,0,0,0,0,0,0,0,0,1,4,4,1,Envestida (frontal lateral),2,2,2,5,-1,2,1,10.19,0,2,3,25,10
15473,2018,0,2018-05-15,A-2,LLEIDA,Segria,2,0,1,0,1,0,0,0,0,0,0,1,0,90.0,0.0,0,-1,Sense Especificar,-1.0,3,3,1,0,0,0,0,0,0,0,0,0,0,2,4,2,-1,Resta sortides de via,3,1,2,4,4,2,1,20.15,1,1,1,15,5
15474,2018,0,2018-05-14,AP-7,CASTELLVI DE ROSANES,Baix Llobregat,3,0,1,1,1,0,0,0,0,0,1,0,0,120.0,0.0,0,2,No n'hi ha,-1.0,3,3,1,0,0,0,0,1,0,0,0,0,0,0,4,-1,1,Altres,-1,1,2,4,1,1,1,18.22,1,5,0,14,5
15475,2018,1,2018-08-19,SE,BARCELONA,Barcelones,3,0,1,2,2,1,0,0,1,0,0,0,0,100.0,0.0,1,-1,No n'hi ha,-1.0,3,3,1,0,0,0,0,0,0,0,0,0,0,0,4,-1,0,Atropellament,-1,2,2,5,-1,2,0,15.3,1,3,6,19,8
15476,2018,1,2018-05-23,SE,TERRASSA,Valles Occidental,3,0,1,0,4,0,0,0,1,3,0,0,0,100.0,0.0,0,2,No n'hi ha,-1.0,3,3,1,0,0,0,0,0,0,0,0,0,0,0,4,-1,0,Fregament o col·lisió lateral,-1,2,2,5,-1,2,1,19.2,1,2,2,23,5
15477,2018,0,2018-08-07,C-14,BASSELLA,Alt Urgell,2,1,3,0,2,0,0,0,0,2,0,0,0,100.0,0.0,0,0,No n'hi ha,-1.0,2,3,0,0,0,0,0,0,0,0,0,0,0,0,1,-1,1,Envestida (frontal lateral),-1,1,2,4,2,0,1,20.33,1,2,1,7,8
15478,2018,1,2018-02-21,SE,TARRAGONA,Tarragones,0,0,1,1,2,1,0,0,1,0,0,0,0,100.0,0.0,0,2,No n'hi ha,-1.0,3,3,1,0,0,0,0,0,0,0,0,0,0,0,5,-1,1,Atropellament,-1,2,2,5,-1,2,1,21.13,1,3,2,21,2
15479,2018,1,2018-05-02,C-246a,VILANOVA I LA GELTRU,Garraf,3,0,1,0,2,0,0,0,1,1,0,0,0,100.0,0.0,0,-1,No n'hi ha,-1.0,3,3,1,0,0,0,0,0,0,0,0,0,0,0,4,-1,-1,Envestida (frontal lateral),-1,0,2,4,-1,2,1,14.0,1,2,2,2,5
15480,2018,1,2018-12-16,SE,VILASSAR DE MAR,Maresme,3,0,1,1,1,0,0,0,0,1,0,0,0,30.0,0.0,0,2,No n'hi ha,-1.0,3,3,1,0,0,0,0,0,0,0,0,0,0,2,5,4,1,Xoc contra objecte/obstacle sense sortida prèvia de via,0,2,2,5,-1,1,0,7.35,0,4,6,16,12
15481,2018,1,2018-11-28,SE,BADALONA,Barcelones,3,0,1,0,2,1,0,0,0,0,1,0,0,20.0,0.0,0,-1,No n'hi ha,-1.0,3,3,1,0,-1,0,0,0,0,0,0,0,0,0,4,-1,-1,Caiguda en la via,-1,2,2,5,-1,2,1,11.1,0,0,2,28,11
15482,2018,1,2018-05-14,SE,BARCELONA,Barcelones,3,0,1,1,4,0,0,1,3,0,0,0,0,100.0,0.0,1,-1,Carril bus,-1.0,3,3,1,0,0,0,0,0,0,0,0,0,0,0,4,-1,1,Fregament o col·lisió lateral,-1,2,2,5,-1,2,1,15.25,1,2,0,14,5
15483,2018,0,2018-06-16,A-2,"PRAT DE LLOBREGAT, E",Baix Llobregat,3,0,1,0,1,0,0,0,1,0,0,0,0,90.0,0.0,0,-1,Sense Especificar,-1.0,3,3,1,0,0,0,0,0,0,0,0,0,0,1,4,5,-1,Resta sortides de via,2,1,2,4,4,2,0,5.44,2,1,5,16,6
15484,2018,0,2018-07-21,C-65,LLAGOSTERA,Girones,1,0,2,0,3,0,0,0,0,3,0,0,0,100.0,0.0,0,3,No n'hi ha,-1.0,3,3,1,0,0,0,0,0,0,0,0,0,0,0,4,-1,1,Col·lisió frontal,-1,1,2,4,2,2,0,17.16,1,2,5,21,7
15485,2018,0,2018-08-13,C-65,LLAGOSTERA,Girones,1,0,1,3,1,0,0,0,0,1,0,0,0,100.0,0.0,0,1,No n'hi ha,-1.0,3,3,1,0,0,0,0,0,0,0,0,0,0,0,4,-1,1,Resta sortides de via,-1,1,2,4,2,2,1,14.17,1,1,0,13,8
15486,2018,1,2018-12-25,SE,BARCELONA,Barcelones,3,0,1,0,2,0,0,0,1,1,0,0,0,100.0,0.0,1,-1,No n'hi ha,-1.0,3,3,1,0,0,0,0,0,0,0,0,0,0,1,0,-1,0,Fregament o col·lisió lateral,2,2,2,5,-1,2,1,21.25,1,2,1,25,12
15487,2018,0,2018-05-27,L-401,ODEN,Solsones,2,0,1,0,1,0,1,0,0,0,0,0,0,90.0,0.0,0,-1,Sense Especificar,-1.0,3,3,1,0,0,0,0,0,0,0,0,0,0,0,4,-1,-1,Resta sortides de via,-1,1,2,4,4,2,0,8.4,0,1,6,27,5
15488,2018,1,2018-10-03,SE,REUS,Baix Camp,0,0,1,0,2,1,0,0,0,1,0,0,0,100.0,0.0,0,-1,No n'hi ha,-1.0,3,3,1,0,0,0,0,0,0,0,0,0,0,0,4,-1,-1,Atropellament,-1,2,2,5,-1,2,1,20.2,1,3,2,3,10
15489,2018,1,2018-05-08,BP-1413,CERDANYOLA DEL VALLES,Valles Occidental,3,0,1,0,2,0,1,0,0,1,0,0,0,100.0,0.0,0,2,No n'hi ha,-1.0,3,3,1,0,0,0,0,0,0,0,0,0,0,1,4,4,0,Envestida (frontal lateral),0,0,2,4,-1,2,1,17.25,1,2,1,8,5
15490,2018,0,2018-04-05,C-32,CORNELLA DE LLOBREGAT,Baix Llobregat,3,0,1,1,2,0,0,0,1,1,0,0,0,80.0,0.0,0,3,Carril acceleració,-1.0,3,3,1,0,0,0,0,0,0,0,0,0,0,1,4,4,0,Encalç,1,1,2,4,1,2,1,19.3,1,2,3,5,4
15491,2018,1,2018-03-20,B-124,SABADELL,Valles Occidental,3,0,1,0,2,0,0,0,0,2,0,0,0,100.0,0.0,0,-1,No n'hi ha,-1.0,3,3,1,0,0,0,0,0,0,0,0,0,0,0,4,-1,-1,Fregament o col·lisió lateral,-1,0,2,4,-1,2,1,1.15,2,2,1,20,3
15492,2018,1,2018-08-21,SE,IGUALADA,Anoia,3,0,1,0,2,0,1,0,0,1,0,0,0,50.0,0.0,0,2,No n'hi ha,-1.0,3,3,1,-1,0,0,0,-1,0,0,0,0,-1,0,4,-1,1,Fregament o col·lisió lateral,-1,2,2,5,-1,2,1,10.15,0,2,1,21,8
15493,2018,0,2018-08-04,C-32,ARGENTONA,Maresme,3,1,1,0,2,0,0,0,1,1,0,0,0,100.0,0.0,0,-1,No n'hi ha,-1.0,3,3,0,0,0,0,0,0,0,0,0,0,0,0,4,-1,-1,Fregament o col·lisió lateral,-1,1,2,4,-1,2,0,18.48,1,2,5,4,8
15494,2018,1,2018-06-24,SE,SANT PERE PESCADOR,Alt Emporda,1,0,1,0,3,0,0,0,0,2,0,1,0,20.0,0.0,0,-1,Sense Especificar,-1.0,3,3,1,0,0,0,0,0,0,0,0,0,0,0,4,-1,-1,Xoc contra objecte/obstacle sense sortida prèvia de via,-1,2,2,5,-1,2,0,14.07,1,4,6,24,6
15495,2018,1,2018-06-21,SE,OLESA DE MONTSERRAT,Baix Llobregat,3,0,1,0,2,1,0,0,0,1,0,0,0,20.0,0.0,0,-1,No n'hi ha,-1.0,3,3,1,-1,-1,0,0,-1,0,0,0,0,-1,0,4,-1,-1,Atropellament,-1,2,2,5,-1,2,1,8.33,0,3,3,21,6
15496,2018,1,2018-11-24,SE,LLEIDA,Segria,2,0,1,0,1,0,1,0,0,0,0,0,0,20.0,0.0,0,-1,No n'hi ha,-1.0,3,3,1,-1,0,0,0,-1,0,0,0,0,-1,0,0,-1,0,Caiguda en la via,-1,2,2,5,0,2,0,19.18,1,0,5,24,11
15497,2018,1,2018-10-18,GI-524,OLOT,Garrotxa,1,1,0,0,2,1,0,0,0,1,0,0,0,100.0,0.0,0,3,No n'hi ha,-1.0,2,3,0,0,0,0,1,0,0,0,0,0,0,0,2,-1,1,Atropellament,-1,0,2,4,3,2,1,10.03,0,3,3,18,10
15498,2018,0,2018-12-25,C-153,SANTA MARIA DE CORCO,Osona,3,0,1,0,2,0,0,0,1,1,0,0,0,90.0,0.0,0,-1,Sense Especificar,-1.0,3,3,1,0,0,0,0,0,0,0,0,0,0,1,4,4,-1,Col·lisió frontal,1,1,2,4,4,2,1,12.56,0,2,1,25,12
15499,2018,1,2018-11-16,SE,ESPLUGUES DE LLOBREGAT,Baix Llobregat,3,0,1,0,2,0,0,0,1,1,0,0,0,20.0,0.0,0,-1,No n'hi ha,-1.0,1,3,1,-1,0,0,0,-1,0,0,0,0,-1,1,1,3,0,Envestida (frontal lateral),1,2,0,5,-1,2,0,16.55,1,2,4,16,11
15500,2018,0,2018-04-03,N-152a,GRANOLLERS,Valles Oriental,3,1,0,0,1,0,0,0,1,0,0,0,0,100.0,0.0,0,-1,No n'hi ha,-1.0,3,3,0,0,0,0,0,0,0,0,0,0,0,0,4,-1,-1,Caiguda en la via,-1,1,2,4,-1,2,1,19.49,1,0,1,3,4
15501,2018,1,2018-09-27,SE,RUBI,Valles Occidental,3,0,1,0,2,1,0,0,0,1,0,0,0,100.0,0.0,0,-1,No n'hi ha,-1.0,3,3,1,0,0,0,0,0,0,0,0,0,0,0,4,-1,-1,Atropellament,-1,2,2,5,-1,2,1,11.5,0,3,3,27,9
15502,2018,1,2018-10-05,SE,VILAFRANCA DEL PENEDES,Alt Penedes,3,0,1,0,2,0,0,0,1,1,0,0,0,100.0,0.0,0,2,No n'hi ha,-1.0,3,3,1,0,0,0,0,0,0,0,0,0,0,1,4,4,1,Envestida (frontal lateral),0,2,2,5,-1,2,1,13.45,0,2,4,5,10
15503,2018,1,2018-05-16,SE,TERRASSA,Valles Occidental,3,0,1,0,2,0,0,0,1,1,0,0,0,100.0,0.0,0,2,No n'hi ha,-1.0,3,3,1,0,0,0,0,0,0,0,0,0,0,1,4,3,0,Envestida (frontal lateral),2,2,2,5,-1,2,1,17.45,1,2,2,16,5
15504,2018,1,2018-06-05,SE,GIRONA,Girones,1,0,1,0,2,1,0,0,0,1,0,0,0,30.0,0.0,0,0,No n'hi ha,-1.0,2,3,1,0,0,0,1,0,0,0,0,0,0,0,2,-1,1,Atropellament,-1,2,2,5,-1,2,1,16.57,1,3,1,5,6
15505,2018,1,2018-03-02,SE,GIRONA,Girones,1,0,1,0,2,0,0,0,1,1,0,0,0,100.0,0.0,0,2,No n'hi ha,-1.0,3,3,1,0,0,0,0,0,0,0,0,0,0,1,4,4,1,Envestida (frontal lateral),2,2,2,5,-1,2,1,10.5,0,2,4,2,3
15506,2018,1,2018-04-27,SE,TERRASSA,Valles Occidental,3,0,1,0,2,1,0,0,0,1,0,0,0,100.0,0.0,0,-1,No n'hi ha,-1.0,3,3,1,0,0,0,0,0,0,0,0,0,0,0,4,-1,-1,Altres,-1,2,2,5,-1,2,1,12.26,0,5,4,27,4
15507,2018,1,2018-12-02,SE,SABADELL,Valles Occidental,3,1,0,0,1,0,0,0,1,0,0,0,0,100.0,0.0,0,-1,No n'hi ha,-1.0,3,3,0,0,0,0,0,0,0,0,0,0,0,0,4,-1,-1,Altres,-1,2,2,5,-1,2,0,3.17,2,5,6,2,12
15508,2018,0,2018-12-31,C-65,LLAMBILLES,Girones,1,0,1,0,1,0,0,0,1,0,0,0,0,90.0,0.0,0,-1,Sense Especificar,-1.0,3,3,1,0,0,0,0,0,0,0,0,0,0,0,4,-1,-1,Altres,-1,1,2,4,4,2,1,11.35,0,5,0,31,12
15509,2018,0,2018-03-12,BP-1121,MONISTROL DE MONTSER,Bages,3,0,1,0,1,0,0,0,0,1,0,0,0,100.0,0.0,0,3,No n'hi ha,-1.0,3,3,1,0,0,0,0,0,0,0,0,0,0,0,3,-1,1,Resta sortides de via,-1,1,2,4,0,2,1,22.5,2,1,0,12,3
15510,2018,0,2018-10-18,C-31,SITGES,Garraf,3,0,1,0,1,0,0,1,0,0,0,0,0,90.0,0.0,0,-1,Sense Especificar,-1.0,3,3,1,0,0,0,0,0,0,0,0,0,0,0,4,-1,-1,Altres,-1,1,2,4,4,2,1,15.08,1,5,3,18,10
15511,2018,1,2018-12-28,SE,ROQUETES,Baix Ebre,0,0,1,0,2,1,0,0,0,0,0,1,0,20.0,0.0,0,-1,No n'hi ha,-1.0,3,3,1,-1,0,0,0,-1,0,0,0,0,-1,0,4,-1,0,Atropellament,-1,2,2,5,-1,2,1,10.15,0,3,4,28,12
15512,2018,1,2018-02-01,SE,VIC,Osona,3,0,1,1,3,2,0,0,0,1,0,0,0,100.0,0.0,0,2,No n'hi ha,-1.0,2,3,1,0,0,0,1,0,0,0,0,0,0,0,5,-1,1,Atropellament,-1,2,2,5,-1,2,1,19.55,1,3,3,1,2
15513,2018,1,2018-01-20,SE,HOSPITALET DE LLOBREGAT,Barcelones,3,0,1,0,2,0,0,0,1,1,0,0,0,30.0,1.0,0,-1,No n'hi ha,-1.0,3,3,1,-1,0,0,0,-1,0,0,0,0,-1,0,4,-1,0,Encalç,-1,2,2,5,0,2,0,12.5,0,2,5,20,1
15514,2018,0,2018-09-09,B-23,SANT FELIU DE LLOBREGAT,Baix Llobregat,3,0,1,0,1,0,0,0,1,0,0,0,0,80.0,0.0,0,2,No n'hi ha,-1.0,3,3,1,0,0,0,0,0,0,0,0,0,0,1,2,2,0,Xoc contra objecte/obstacle sense sortida prèvia de via,3,1,2,4,1,2,0,18.35,1,4,6,9,9
15515,2018,1,2018-06-09,SE,TARRAGONA,Tarragones,0,0,1,0,2,1,0,0,0,1,0,0,0,20.0,0.0,0,2,No n'hi ha,-1.0,3,3,1,-1,0,0,0,-1,0,0,0,0,-1,1,4,3,1,Atropellament,1,2,2,5,-1,2,0,11.38,0,3,5,9,6
15516,2018,1,2018-10-10,SE,RUBI,Valles Occidental,3,0,1,0,2,1,0,0,0,1,0,0,0,100.0,0.0,0,-1,No n'hi ha,-1.0,3,3,1,0,0,0,1,0,0,0,0,0,0,0,4,-1,-1,Atropellament,-1,2,2,5,-1,2,1,8.0,0,3,2,10,10
15517,2018,1,2018-12-22,SE,LLEIDA,Segria,2,0,1,0,2,0,0,0,1,1,0,0,0,20.0,0.0,0,2,No n'hi ha,-1.0,3,3,1,-1,0,0,0,-1,0,0,0,0,-1,0,4,-1,1,Encalç,-1,2,2,5,-1,2,0,15.3,1,2,5,22,12
15518,2018,1,2018-03-24,SE,TERRASSA,Valles Occidental,3,0,1,1,2,0,0,0,0,1,1,0,0,100.0,0.0,0,-1,No n'hi ha,-1.0,3,3,1,0,0,0,0,0,0,0,0,0,0,0,4,-1,-1,Encalç,-1,2,2,5,-1,2,0,22.5,2,2,5,24,3
15519,2018,0,2018-11-23,C-55,MONISTROL DE MONTSER,Bages,3,0,2,2,2,0,0,0,0,2,0,0,0,100.0,0.0,0,2,No n'hi ha,-1.0,1,3,1,0,0,0,0,0,0,0,0,0,0,0,2,-1,1,Envestida (frontal lateral),-1,1,2,4,2,2,0,16.52,1,2,4,23,11
15520,2018,0,2018-07-24,GI-623,"ESCALA, L'",Alt Emporda,1,0,1,0,2,0,0,0,1,1,0,0,0,100.0,0.0,0,1,No n'hi ha,-1.0,3,3,1,0,0,0,0,0,0,0,0,0,0,1,4,2,1,Altres,1,1,2,4,2,2,1,9.57,0,5,1,24,7
15521,2018,0,2018-11-15,C-66,CELRA,Girones,1,0,1,0,1,0,0,1,0,0,0,0,0,40.0,0.0,0,1,No n'hi ha,-1.0,1,3,1,0,0,0,0,0,0,0,0,0,0,1,2,4,1,Caiguda en la via,0,1,2,4,2,2,1,10.11,0,0,3,15,11