,Year,Area,Date,Road,Municipality Name,County Name,Province Name,Fatalties,Serious Injuries,Light Injuries,Units Involved,Pedestrains Involved,Bicycles Involved,Mopeds Involved,Motorcycles,Light Vehicles Involved,Heavy Vehicles Involved,Other Units Involved,Unspecified Units Involved,Road Speed Limit,Accident with Hit and Run,Fog Presence,Surrounding Environment,Special Lane Presence,Special Traffic Measures,Weather Conditions,Special Road Functions,Severity of Accident,Influence of Fog,Influence of Environment,Influence of Traffic,Influence of Weather,Influence of Wind Intensity,Influence of Lighting,Influence of Special Measures,Influence of Road Objects,Influence of Road Surface,Influence of Visibility,Intersection Characteristics,Lighting Conditions,Traffic Regulation and Priority,Direction of Road,Subtype of Accident,Subtype of Road Section,Subzone within Area,Road Surface Conditions,Type of Road,Road Ownership,Wind Conditions,Day of the Week Grouping,Hour of Day,Time of Day Grouping,Type of Accident,Day Type,Day,Month
15522,2018,1,2018-05-12,SE,FIGUERES,Alt Emporda,1,1,0,0,2,1,0,0,0,1,0,0,0,30.0,0.0,0,2,No n'hi ha,-1.0,3,3,0,0,0,0,0,0,0,0,0,0,0,0,4,-1,1,Atropellament,-1,2,2,5,-1,2,0,12.3,0,3,5,12,5
15523,2018,0,2018-06-14,N-II,FORNELLS DE LA SELVA,Girones,1,1,0,0,3,0,0,0,0,2,1,0,0,100.0,0.0,0,1,No n'hi ha,-1.0,3,3,0,0,0,0,0,0,0,0,0,0,0,0,4,-1,1,Col·lisió frontal,-1,1,2,4,3,2,1,15.02,1,2,3,14,6
15524,2018,1,2018-01-01,SE,TERRASSA,Valles Occidental,3,0,1,0,1,0,0,0,0,1,0,0,0,100.0,0.0,0,-1,No n'hi ha,-1.0,3,3,1,0,0,0,0,0,0,0,0,0,0,0,4,-1,-1,Altres,-1,2,2,5,-1,2,1,8.28,0,5,0,1,1
15525,2018,0,2018-01-27,BV-1414,CERDANYOLA DEL VALLES,Valles Occidental,3,0,1,0,1,0,0,0,1,0,0,0,0,70.0,0.0,0,2,No n'hi ha,-1.0,3,3,1,0,0,0,0,0,0,0,0,0,0,0,3,-1,1,Caiguda en la via,-1,1,2,4,3,2,0,1.56,2,0,5,27,1
15526,2018,1,2018-10-20,SE,BARCELONA,Barcelones,3,1,0,0,2,1,0,0,0,0,1,0,0,100.0,0.0,1,-1,Carril bus,-1.0,3,3,0,0,0,0,0,0,0,0,0,0,0,1,4,-1,0,Atropellament,2,2,2,5,-1,2,0,18.21,1,3,5,20,10
15527,2018,0,2018-11-06,N-II,AGULLANA,Alt Emporda,1,0,1,2,3,0,0,0,0,2,1,0,0,80.0,0.0,0,1,No n'hi ha,-1.0,3,3,1,0,0,0,0,0,0,0,0,0,0,0,3,-1,1,Col·lisió frontal,-1,1,2,4,1,2,1,5.13,2,2,1,6,11
15528,2018,1,2018-03-21,SE,GUALBA,Valles Oriental,3,0,1,3,2,0,0,0,0,2,0,0,0,100.0,0.0,0,2,No n'hi ha,-1.0,3,3,1,0,0,0,0,0,0,0,0,0,0,1,4,4,1,Col·lisió frontal,1,2,2,5,-1,2,1,9.06,0,2,2,21,3
15529,2018,0,2018-03-29,B-10,SANT ADRIA DE BESOS,Barcelones,3,0,1,0,2,0,0,0,1,1,0,0,0,80.0,0.0,0,2,No n'hi ha,-1.0,3,3,1,0,0,0,0,0,0,0,0,0,0,0,4,-1,0,Encalç,-1,1,2,4,1,2,1,18.17,1,2,3,29,3
15530,2018,0,2018-06-25,CR,"GRANADELLA, LA",Garrigues,2,1,0,0,1,0,0,0,0,1,0,0,0,100.0,0.0,0,0,No n'hi ha,-1.0,3,3,0,0,0,0,0,0,0,0,0,0,0,0,4,-1,1,Resta sortides de via,-1,1,1,3,0,2,1,14.0,1,1,0,25,6
15531,2018,1,2018-07-16,SE,CASTELLDEFELS,Baix Llobregat,3,0,1,0,2,1,0,0,0,1,0,0,0,100.0,0.0,0,2,No n'hi ha,-1.0,3,3,1,0,0,0,0,0,0,0,0,0,0,0,4,-1,1,Altres,-1,2,2,5,-1,2,1,19.35,1,5,0,16,7
15532,2018,0,2018-05-26,B-400,SALDES,Bergueda,3,0,1,0,1,0,0,0,1,0,0,0,0,40.0,0.0,0,1,No n'hi ha,-1.0,3,3,1,0,0,0,0,0,0,0,0,0,0,0,4,-1,1,Caiguda en la via,-1,1,2,4,2,2,0,18.0,1,0,5,26,5
15533,2018,1,2018-02-04,SE,TORROELLA DE MONTGRI,Baix Emporda,1,0,1,0,2,0,1,0,0,1,0,0,0,20.0,0.0,0,2,No n'hi ha,-1.0,1,3,1,-1,0,0,0,-1,0,0,0,0,-1,0,0,-1,1,Col·lisió frontal,-1,2,0,5,-1,2,0,19.37,1,2,6,4,2
15534,2018,1,2018-07-14,SE,CALAFELL,Baix Penedes,0,0,1,1,1,0,0,0,0,1,0,0,0,30.0,0.0,0,-1,No n'hi ha,-1.0,3,3,1,-1,-1,0,0,-1,0,0,0,0,0,1,5,4,-1,Altres,2,2,2,5,-1,2,0,23.44,2,5,5,14,7
15535,2018,1,2018-10-12,SE,VILANOVA I LA GELTRU,Garraf,3,1,0,0,1,0,0,1,0,0,0,0,0,100.0,0.0,0,2,No n'hi ha,-1.0,3,3,0,0,0,0,0,0,0,0,0,0,0,2,4,4,1,Sortida de via amb xoc o col·lisió,0,2,2,5,-1,2,0,18.25,1,1,4,12,10
15536,2018,0,2018-05-13,T-11,TARRAGONA,Tarragones,0,0,1,0,2,0,0,0,1,1,0,0,0,40.0,0.0,0,3,No n'hi ha,-1.0,3,3,1,0,0,0,0,0,0,0,0,0,0,1,4,4,1,Envestida (frontal lateral),0,1,2,4,1,1,0,19.17,1,2,6,13,5
15537,2018,0,2018-12-17,C-14,"SELVA DEL CAMP, LA",Baix Camp,0,0,1,0,2,0,0,0,0,1,1,0,0,100.0,0.0,0,2,No n'hi ha,-1.0,3,3,1,0,0,0,0,0,0,0,0,0,0,0,1,-1,1,Envestida (frontal lateral),-1,1,2,4,3,2,1,7.5,0,2,0,17,12
15538,2018,1,2018-01-09,SE,BALAGUER,Noguera,2,0,1,0,2,1,0,0,0,0,1,0,0,100.0,0.0,0,2,No n'hi ha,-1.0,3,3,1,0,0,0,0,0,0,0,0,0,0,2,4,4,1,Atropellament,0,2,2,5,-1,2,1,11.3,0,3,1,9,1
15539,2018,1,2018-04-19,SE,SALT,Girones,1,0,1,0,2,1,0,0,0,1,0,0,0,20.0,0.0,0,-1,No n'hi ha,-1.0,3,3,1,0,-1,0,0,0,0,0,0,0,0,0,4,-1,-1,Atropellament,-1,2,2,5,-1,2,1,18.3,1,3,3,19,4
15540,2018,0,2018-11-06,C-32,ESPLUGUES DE LLOBREGAT,Baix Llobregat,3,0,1,0,2,0,0,0,1,1,0,0,0,80.0,0.0,0,2,No n'hi ha,3.0,3,3,1,0,0,0,0,0,0,1,0,0,0,0,4,-1,0,Encalç,-1,1,2,4,2,2,1,16.15,1,2,1,6,11
15541,2018,0,2018-12-11,L-200,PUIGGROS,Garrigues,2,0,1,0,1,0,0,0,0,1,0,0,0,100.0,0.0,0,1,No n'hi ha,-1.0,3,3,1,1,0,0,0,0,0,0,0,0,0,0,3,-1,1,Resta sortides de via,-1,1,2,4,3,2,1,19.52,1,1,1,11,12
15542,2018,0,2018-01-20,A-7,MONT-ROIG DEL CAMP,Baix Camp,0,1,0,0,1,0,0,0,0,1,0,0,0,100.0,0.0,0,3,No n'hi ha,-1.0,3,3,0,0,0,0,0,0,0,0,0,0,0,0,4,-1,0,Resta sortides de via,-1,1,2,4,1,2,0,12.06,0,1,5,20,1
15543,2018,0,2018-01-13,CR,SANT ESTEVE DE LA SARGA,Pallars Jussa,2,0,1,0,1,0,0,0,1,0,0,0,0,100.0,0.0,0,0,No n'hi ha,-1.0,3,3,1,0,0,0,0,0,0,0,0,0,0,0,4,-1,1,Caiguda en la via,-1,1,0,3,4,2,0,14.53,1,0,5,13,1
15544,2018,0,2018-07-10,C-17,VIC,Osona,3,0,1,2,1,0,0,0,0,1,0,0,0,100.0,0.0,0,0,Carril acceleració,-1.0,3,3,1,0,0,0,0,0,0,0,0,0,0,0,4,-1,1,Resta sortides de via,-1,1,2,4,2,2,1,18.43,1,1,1,10,7
15545,2018,0,2018-06-16,C-15,"POBLA DE CLARAMUNT,LA",Anoia,3,0,1,2,4,0,0,0,0,4,0,0,0,100.0,0.0,0,1,Carril lent,-1.0,3,3,1,0,0,0,0,0,0,0,0,0,0,0,4,-1,1,Envestida (frontal lateral),-1,1,2,4,2,2,0,8.16,0,2,5,16,6
15546,2018,0,2018-07-04,L-702,PUIGVERD DE LLEIDA,Segria,2,0,1,0,1,0,1,0,0,0,0,0,0,90.0,0.0,0,-1,Sense Especificar,-1.0,3,3,1,0,0,0,0,0,0,0,0,0,0,1,4,5,-1,Altres,2,1,2,4,4,2,1,7.56,0,5,2,4,7
15547,2018,1,2018-07-09,SE,"BRUC, EL",Anoia,3,0,1,0,1,0,0,0,1,0,0,0,0,20.0,0.0,0,-1,Sense Especificar,-1.0,3,3,1,0,0,0,0,0,0,0,0,0,0,0,4,-1,-1,Resta sortides de via,-1,2,2,5,-1,2,1,18.1,1,1,0,9,7
15548,2018,0,2018-04-22,B-10,BARCELONA,Barcelones,3,0,1,0,1,0,0,0,1,0,0,0,0,80.0,0.0,0,2,No n'hi ha,-1.0,3,3,1,0,0,0,0,0,0,0,0,0,0,0,4,-1,0,Caiguda en la via,-1,1,2,4,3,2,0,8.46,0,0,6,22,4
15549,2018,0,2018-03-25,LV-3003,TORA,Segarra,2,1,0,0,1,0,0,0,1,0,0,0,0,100.0,0.0,0,1,No n'hi ha,-1.0,1,3,0,0,0,0,0,0,0,0,0,0,0,0,3,-1,1,Resta sortides de via,-1,1,2,4,2,2,0,19.45,1,1,6,25,3
15550,2018,1,2018-08-08,SE,GRANOLLERS,Valles Oriental,3,1,0,0,2,1,0,0,0,0,1,0,0,100.0,0.0,0,2,No n'hi ha,-1.0,3,3,0,0,0,0,0,0,0,0,0,0,0,0,4,-1,1,Atropellament,-1,2,2,5,-1,2,1,10.38,0,3,2,8,8
15551,2018,1,2018-08-22,SE,LLORET DE MAR,Selva,1,0,1,0,1,0,0,0,1,0,0,0,0,30.0,0.0,0,2,No n'hi ha,-1.0,3,3,1,0,0,0,0,0,0,0,0,0,0,0,5,-1,1,Resta sortides de via,-1,2,3,5,-1,2,1,2.45,2,1,2,22,8
15552,2018,0,2018-12-27,C-35,LLINARS DEL VALLES,Valles Oriental,3,1,0,6,4,0,0,0,0,4,0,0,0,100.0,0.0,0,-1,No n'hi ha,-1.0,3,3,0,0,0,0,0,0,0,0,0,0,0,0,4,-1,-1,Altres,-1,1,2,4,-1,2,1,21.05,1,5,3,27,12
15553,2018,0,2018-06-21,BP-5002,VALLROMANES,Valles Oriental,3,0,1,0,1,0,0,0,0,1,0,0,0,100.0,0.0,0,0,No n'hi ha,-1.0,3,3,1,0,0,0,0,0,0,0,0,0,0,0,3,-1,1,Resta sortides de via,-1,1,2,4,3,2,1,22.47,2,1,3,21,6
15554,2018,0,2018-11-11,B-124,MURA,Bages,3,0,1,0,1,0,0,0,1,0,0,0,0,90.0,0.0,0,-1,Sense Especificar,-1.0,3,3,1,0,0,0,0,0,0,0,0,0,0,0,4,-1,-1,Resta sortides de via,-1,1,2,4,4,2,0,12.58,0,1,6,11,11
15555,2018,1,2018-12-29,SE,BARBERA DEL VALLES,Valles Occidental,3,0,1,0,2,1,0,0,0,1,0,0,0,20.0,0.0,0,-1,No n'hi ha,-1.0,3,3,1,0,0,0,0,0,0,0,0,0,0,0,5,-1,1,Atropellament,-1,2,2,5,-1,2,0,18.05,1,3,5,29,12
15556,2018,0,2018-02-10,N-260,PUIGCERDA,Cerdanya,1,0,3,0,4,0,0,0,0,4,0,0,0,100.0,0.0,0,0,No n'hi ha,-1.0,0,3,1,0,0,0,0,0,0,0,0,0,0,0,3,-1,1,Col·lisió frontal,-1,1,2,4,1,2,0,19.42,1,2,5,10,2
15557,2018,0,2018-07-08,C-32,CORNELLA DE LLOBREGAT,Baix Llobregat,3,0,1,0,1,0,0,0,1,0,0,0,0,80.0,0.0,0,3,Carril acceleració,-1.0,3,3,1,0,0,0,0,0,0,0,0,0,0,2,5,4,0,Xoc contra objecte/obstacle sense sortida prèvia de via,3,1,2,4,2,2,0,2.51,2,4,6,8,7
15558,2018,0,2018-10-21,T-312,CAMBRILS,Baix Camp,0,0,1,0,2,0,0,0,1,1,0,0,0,100.0,0.0,0,2,No n'hi ha,-1.0,3,3,1,0,0,0,0,0,0,0,0,0,0,0,0,-1,1,Envestida (frontal lateral),-1,1,2,4,2,2,0,6.51,0,2,6,21,10
15559,2018,1,2018-06-14,SE,VILASSAR DE MAR,Maresme,3,0,1,0,2,0,0,1,0,1,0,0,0,100.0,0.0,0,2,No n'hi ha,-1.0,3,3,1,0,0,0,0,0,0,0,0,0,0,2,4,4,1,Caiguda en la via,1,2,3,5,-1,2,1,11.3,0,0,3,14,6
15560,2018,0,2018-04-25,AP-7,MARTORELL,Baix Llobregat,3,0,1,0,2,0,0,0,1,0,1,0,0,80.0,0.0,0,3,No n'hi ha,-1.0,3,3,1,0,0,0,0,0,0,0,0,0,0,0,4,-1,1,Encalç,-1,1,2,4,1,2,1,13.02,0,2,2,25,4
15561,2018,1,2018-03-14,SE,BARCELONA,Barcelones,3,0,1,0,2,1,0,0,0,1,0,0,0,100.0,0.0,1,-1,Carril bus,-1.0,3,3,1,0,0,0,0,0,0,0,0,0,0,0,4,-1,0,Atropellament,-1,2,2,5,-1,2,1,15.4,1,3,2,14,3
15562,2018,1,2018-12-14,SE,BARCELONA,Barcelones,3,0,1,0,2,0,0,1,0,1,0,0,0,100.0,0.0,1,-1,No n'hi ha,-1.0,3,3,1,0,0,0,0,0,0,0,0,0,0,1,0,-1,0,Envestida (frontal lateral),2,2,2,5,-1,2,0,21.35,1,2,4,14,12
15563,2018,1,2018-07-17,SE,SABADELL,Valles Occidental,3,0,1,0,2,0,0,0,1,1,0,0,0,100.0,0.0,0,2,No n'hi ha,-1.0,3,3,1,0,0,0,0,0,0,0,0,0,0,1,4,-1,1,Envestida (frontal lateral),2,2,2,5,-1,2,1,16.46,1,2,1,17,7
15564,2018,1,2018-04-30,SE,BARCELONA,Barcelones,3,0,1,1,2,0,0,0,1,1,0,0,0,100.0,0.0,1,-1,No n'hi ha,-1.0,3,3,1,0,0,0,0,0,0,0,0,0,0,1,4,-1,0,Envestida (frontal lateral),2,2,2,5,-1,2,1,19.45,1,2,0,30,4
15565,2018,0,2018-03-09,C-66,PALOL DE REVARDIT,Pla de l'Estany,1,0,1,0,1,0,0,0,0,1,0,0,0,100.0,0.0,0,1,No n'hi ha,-1.0,3,3,1,0,0,0,1,0,0,0,0,0,0,0,4,-1,1,Resta sortides de via,-1,1,2,4,2,2,1,10.3,0,1,4,9,3
15566,2018,0,2018-09-13,AP-7,SANT CUGAT DEL VALLES,Valles Occidental,3,0,1,0,2,0,0,0,1,1,0,0,0,100.0,0.0,0,0,No n'hi ha,-1.0,3,3,1,0,0,0,0,0,0,0,0,0,0,0,4,-1,0,Encalç,-1,1,2,4,1,2,1,19.4,1,2,3,13,9
15567,2018,1,2018-08-11,SE,MONT-ROIG DEL CAMP,Baix Camp,0,0,1,0,3,0,0,0,1,2,0,0,0,100.0,0.0,0,-1,No n'hi ha,-1.0,3,3,1,0,0,0,0,0,0,0,0,0,0,0,4,-1,-1,Fregament o col·lisió lateral,-1,2,2,5,-1,2,0,11.45,0,2,5,11,8
15568,2018,0,2018-06-30,BV-5301,"BRULL, EL",Osona,3,0,2,0,2,0,0,0,2,0,0,0,0,100.0,0.0,0,2,No n'hi ha,-1.0,3,3,1,0,0,0,0,0,0,0,0,0,0,0,4,-1,1,Col·lisió frontal,-1,1,2,4,3,2,0,12.11,0,2,5,30,6
15569,2018,1,2018-06-19,SE,CASTELLDEFELS,Baix Llobregat,3,0,1,0,2,1,0,0,0,1,0,0,0,30.0,0.0,0,2,No n'hi ha,-1.0,3,3,1,0,0,0,0,0,0,0,0,0,0,0,4,-1,1,Atropellament,-1,2,2,5,-1,2,1,9.58,0,3,1,19,6
15570,2018,0,2018-12-29,BP-5002,ALELLA,Maresme,3,0,1,0,2,0,0,0,1,1,0,0,0,100.0,0.0,0,3,No n'hi ha,-1.0,3,3,1,0,0,0,0,0,0,0,0,0,0,1,1,5,1,Envestida (frontal lateral),1,1,2,4,2,2,0,17.15,1,2,5,29,12
15571,2018,1,2018-07-20,SE,MARTORELLES,Valles Oriental,3,0,1,0,2,0,0,0,1,1,0,0,0,50.0,0.0,0,2,No n'hi ha,-1.0,3,3,1,0,0,0,0,0,0,0,0,0,0,0,5,-1,1,Encalç,-1,2,2,5,-1,2,0,22.33,2,2,4,20,7
15572,2018,0,2018-07-25,C-155,LLICA DE VALL,Valles Oriental,3,0,1,0,2,0,0,0,0,1,0,1,0,40.0,0.0,0,2,No n'hi ha,-1.0,3,3,1,0,0,0,0,0,0,0,0,0,0,1,4,5,1,Altres,0,1,2,4,2,2,1,19.15,1,5,2,25,7
15573,2018,1,2018-08-20,SE,"VENDRELL, EL",Baix Penedes,0,0,1,0,2,0,0,1,0,1,0,0,0,40.0,0.0,0,2,No n'hi ha,-1.0,3,3,1,-1,0,0,0,-1,0,0,0,0,0,0,4,-1,0,Xoc contra objecte/obstacle sense sortida prèvia de via,-1,2,2,5,-1,2,1,9.55,0,4,0,20,8
15574,2018,0,2018-07-27,AP-7,VILABLAREIX,Girones,1,1,0,1,1,0,0,0,0,1,0,0,0,100.0,0.0,0,2,No n'hi ha,-1.0,3,3,0,0,0,0,0,0,0,0,0,0,0,0,3,-1,1,Resta sortides de via,-1,1,2,4,1,2,0,21.35,1,1,4,27,7
15575,2018,0,2018-05-30,B-120,OLESA DE MONTSERRAT,Baix Llobregat,3,0,1,0,1,0,1,0,0,0,0,0,0,90.0,0.0,0,-1,Sense Especificar,-1.0,3,3,1,0,0,0,0,0,0,0,0,0,0,0,4,-1,-1,Altres,-1,1,2,4,4,2,1,16.59,1,5,2,30,5
15576,2018,1,2018-07-01,SE,CANTALLOPS,Alt Emporda,1,0,1,0,1,0,1,0,0,0,0,0,0,20.0,0.0,0,-1,Sense Especificar,-1.0,3,3,1,0,0,0,0,0,0,0,0,0,0,0,4,-1,-1,Altres,-1,2,2,5,-1,2,0,8.56,0,5,6,1,7
15577,2018,1,2018-06-16,C-245,VILADECANS,Baix Llobregat,3,0,1,0,2,0,0,0,1,1,0,0,0,90.0,0.0,0,2,No n'hi ha,-1.0,3,3,1,-1,0,0,0,-1,0,0,0,0,0,1,5,3,1,Envestida (frontal lateral),2,0,2,4,-1,2,0,0.35,2,2,5,16,6
15578,2018,0,2018-01-13,B-22,SANT BOI DE LLOBREGAT,Baix Llobregat,3,0,1,0,1,0,0,0,1,0,0,0,0,80.0,0.0,0,0,No n'hi ha,-1.0,3,3,1,0,0,0,0,0,0,0,0,0,0,0,3,-1,0,Xoc contra objecte/obstacle sense sortida prèvia de via,-1,1,2,4,0,2,0,0.19,2,4,5,13,1
15579,2018,0,2018-07-02,N-152a,"MASIES DE VOLTREGA,LES",Osona,3,0,1,0,1,0,0,0,1,0,0,0,0,100.0,0.0,0,3,No n'hi ha,-1.0,3,3,1,0,0,0,0,0,0,0,0,0,0,2,4,4,0,Resta sortides de via,3,1,2,4,1,2,1,10.57,0,1,0,2,7
15580,2018,0,2018-05-16,N-240,LLEIDA,Segria,2,1,2,0,2,0,0,0,0,2,0,0,0,100.0,0.0,0,2,No n'hi ha,-1.0,3,3,0,0,0,0,0,0,0,0,0,0,0,0,3,-1,1,Col·lisió frontal,-1,1,2,4,1,2,1,21.54,1,2,2,16,5
15581,2018,0,2018-07-29,BP-1413,CERDANYOLA DEL VALLES,Valles Occidental,3,1,0,0,1,0,0,0,1,0,0,0,0,100.0,0.0,0,-1,No n'hi ha,-1.0,3,3,0,0,0,0,0,0,0,0,0,0,0,0,4,-1,-1,Resta sortides de via,-1,1,2,4,-1,2,0,4.33,2,1,6,29,7
15582,2018,1,2018-08-15,SE,"VENDRELL, EL",Baix Penedes,0,1,0,0,1,0,0,0,1,0,0,0,0,40.0,0.0,0,2,No n'hi ha,-1.0,3,3,0,-1,0,0,0,-1,0,0,0,0,-1,1,4,4,1,Xoc contra objecte/obstacle sense sortida prèvia de via,1,2,2,5,-1,2,1,13.0,0,4,2,15,8
15583,2018,1,2018-08-31,SE,SANT BOI DE LLOBREGAT,Baix Llobregat,3,0,1,0,2,1,0,0,0,1,0,0,0,20.0,0.0,0,-1,No n'hi ha,-1.0,1,3,1,0,-1,0,0,0,0,0,0,0,0,0,4,-1,-1,Atropellament,-1,2,0,5,-1,2,1,9.25,0,3,4,31,8
15584,2018,0,2018-06-30,C-25,RIUDELLOTS DE LA SELVA,Selva,1,0,1,2,2,0,0,0,0,2,0,0,0,100.0,0.0,0,0,No n'hi ha,-1.0,3,3,1,0,0,0,0,0,0,0,0,0,0,0,4,-1,1,Col·lisió frontal,-1,1,2,4,2,2,0,14.46,1,2,5,30,6
15585,2018,1,2018-07-19,SE,BARCELONA,Barcelones,3,0,1,0,2,0,0,1,0,1,0,0,0,100.0,0.0,1,-1,No n'hi ha,-1.0,3,3,1,0,0,0,0,0,0,0,0,0,0,1,4,-1,0,Envestida (frontal lateral),2,2,2,5,-1,2,1,16.3,1,2,3,19,7
15586,2018,1,2018-02-09,SE,BARCELONA,Barcelones,3,0,1,0,2,0,0,0,1,1,0,0,0,100.0,0.0,1,-1,No n'hi ha,-1.0,3,3,1,0,0,0,0,0,0,0,0,0,0,0,4,-1,1,Fregament o col·lisió lateral,-1,2,2,5,-1,2,0,16.3,1,2,4,9,2
15587,2018,0,2018-11-23,B-20,BARCELONA,Barcelones,3,1,0,0,2,0,0,0,1,0,1,0,0,100.0,0.0,1,-1,No n'hi ha,-1.0,3,3,0,0,0,0,0,0,0,0,0,0,0,0,0,-1,1,Caiguda en la via,-1,1,0,1,-1,2,0,18.4,1,0,4,23,11
15588,2018,1,2018-01-09,BV-2005,SANT VICENC DELS HORTS,Baix Llobregat,3,0,1,0,2,1,0,0,0,1,0,0,0,100.0,0.0,0,2,No n'hi ha,-1.0,3,3,1,0,0,0,0,0,0,0,0,0,0,0,5,-1,1,Atropellament,-1,0,2,4,3,2,1,6.35,0,3,1,9,1
15589,2018,1,2018-02-10,SE,HOSPITALET DE LLOBREGAT,Barcelones,3,0,1,0,2,1,0,0,0,0,1,0,0,20.0,0.0,0,-1,No n'hi ha,-1.0,3,3,1,0,0,0,0,0,0,0,0,0,0,0,5,-1,-1,Atropellament,-1,2,2,5,0,2,0,21.51,1,3,5,10,2
15590,2018,0,2018-04-21,C-1413a,SANT CUGAT DEL VALLES,Valles Occidental,3,1,0,0,2,0,0,0,1,0,1,0,0,100.0,0.0,0,-1,No n'hi ha,-1.0,3,3,0,0,0,0,0,0,0,0,0,0,0,0,4,-1,-1,Altres,-1,1,2,4,-1,2,0,20.27,1,5,5,21,4
15591,2018,1,2018-11-27,SE,TARRAGONA,Tarragones,0,0,1,1,3,2,0,0,0,1,0,0,0,20.0,0.0,0,2,No n'hi ha,-1.0,3,3,1,-1,0,0,0,-1,0,0,0,0,-1,0,0,-1,0,Atropellament,-1,2,2,5,-1,2,1,19.26,1,3,1,27,11
15592,2018,0,2018-11-08,B-430,ARTES,Bages,3,0,1,0,1,0,0,0,1,0,0,0,0,60.0,0.0,0,2,No n'hi ha,-1.0,3,3,1,0,0,0,0,0,1,0,0,0,0,0,3,-1,1,Resta sortides de via,-1,1,2,4,4,2,1,22.51,2,1,3,8,11
15593,2018,0,2018-01-28,AP-7,ULLDECONA,Montsia,0,1,0,1,2,0,0,0,0,1,1,0,0,100.0,0.0,0,2,No n'hi ha,-1.0,3,3,0,0,0,0,0,0,0,0,0,0,0,0,1,-1,1,Resta sortides de via,-1,1,2,4,1,2,0,7.24,0,1,6,28,1
15594,2018,1,2018-10-05,SE,FIGUERES,Alt Emporda,1,0,1,0,2,0,0,0,1,1,0,0,0,100.0,0.0,0,2,No n'hi ha,-1.0,3,3,1,0,0,0,0,0,0,0,0,0,0,0,4,-1,1,Envestida (frontal lateral),-1,2,2,5,3,2,1,11.15,0,2,4,5,10
15595,2018,1,2018-01-04,SE,CERDANYOLA DEL VALLES,Valles Occidental,3,0,1,0,2,1,0,0,0,1,0,0,0,100.0,0.0,0,2,No n'hi ha,-1.0,3,3,1,0,0,0,0,0,0,0,0,0,0,1,4,4,0,Atropellament,2,2,2,5,-1,2,1,12.1,0,3,3,4,1
15596,2018,1,2018-04-20,SE,REUS,Baix Camp,0,0,1,0,2,0,0,0,0,2,0,0,0,100.0,0.0,0,-1,No n'hi ha,-1.0,3,3,1,0,0,0,0,0,0,0,0,0,0,0,4,-1,-1,Encalç,-1,2,2,5,-1,2,0,17.15,1,2,4,20,4
15597,2018,0,2018-04-28,BV-4132,CASSERRES,Bergueda,3,0,1,0,1,0,0,0,0,1,0,0,0,100.0,0.0,0,1,No n'hi ha,-1.0,3,3,1,0,0,0,0,0,1,0,0,0,0,0,1,-1,1,Resta sortides de via,-1,1,2,4,3,2,0,6.25,0,1,5,28,4
15598,2018,1,2018-02-02,SE,BARCELONA,Barcelones,3,0,1,0,2,1,0,0,0,1,0,0,0,100.0,0.0,1,-1,No n'hi ha,-1.0,3,3,1,0,0,0,0,0,0,0,0,0,0,0,0,-1,0,Atropellament,-1,2,2,5,-1,2,0,21.45,1,3,4,2,2
15599,2018,0,2018-01-06,C-31,SITGES,Garraf,3,0,1,1,2,0,0,0,1,1,0,0,0,60.0,0.0,0,3,No n'hi ha,-1.0,3,3,1,0,0,0,0,0,0,0,0,0,0,0,2,-1,1,Envestida (frontal lateral),-1,1,2,4,2,1,0,15.38,1,2,5,6,1
15600,2018,0,2018-07-08,CR,PERAMOLA,Alt Urgell,2,0,1,0,1,0,0,0,1,0,0,0,0,100.0,0.0,0,1,No n'hi ha,-1.0,3,3,1,0,0,0,0,0,0,0,0,0,0,0,4,-1,1,Resta sortides de via,-1,1,2,4,3,2,0,19.3,1,1,6,8,7
15601,2018,1,2018-07-23,SE,SANT CUGAT DEL VALLES,Valles Occidental,3,0,1,0,2,0,0,0,1,1,0,0,0,20.0,0.0,0,-1,No n'hi ha,-1.0,3,3,1,0,-1,0,0,0,0,0,0,0,0,1,4,4,-1,Envestida (frontal lateral),2,2,2,5,-1,2,1,17.2,1,2,0,23,7
15602,2018,1,2018-05-07,SE,BARCELONA,Barcelones,3,0,1,0,2,0,0,0,0,2,0,0,0,100.0,0.0,1,-1,No n'hi ha,-1.0,3,3,1,0,0,0,0,0,0,0,0,0,0,1,4,-1,0,Encalç,2,2,2,5,-1,2,1,12.4,0,2,0,7,5
15603,2018,0,2018-01-15,AP-7,CAPMANY,Alt Emporda,1,0,2,0,2,0,0,0,0,2,0,0,0,90.0,0.0,0,-1,Sense Especificar,-1.0,3,3,1,0,0,0,0,0,0,0,0,0,0,0,4,-1,-1,Xoc contra objecte/obstacle sense sortida prèvia de via,-1,1,2,4,4,2,1,1.14,2,4,0,15,1
15604,2018,0,2018-05-08,N-340,ALCANAR,Montsia,0,1,0,0,1,0,0,0,0,1,0,0,0,100.0,0.0,0,2,No n'hi ha,-1.0,3,3,0,0,0,0,0,0,0,0,0,0,0,0,4,-1,1,Resta sortides de via,-1,1,2,4,1,2,1,7.47,0,1,1,8,5
15605,2018,0,2018-09-21,C-31,"VENDRELL, EL",Baix Penedes,0,0,1,0,2,0,0,0,1,1,0,0,0,50.0,0.0,0,2,Carril central,-1.0,3,3,1,0,0,0,0,0,0,0,0,0,0,1,5,4,1,Col·lisió frontal,3,1,2,4,2,2,0,21.33,1,2,4,21,9