,Year,Area,Date,Road,Municipality Name,County Name,Province Name,Fatalties,Serious Injuries,Light Injuries,Units Involved,Pedestrains Involved,Bicycles Involved,Mopeds Involved,Motorcycles,Light Vehicles Involved,Heavy Vehicles Involved,Other Units Involved,Unspecified Units Involved,Road Speed Limit,Accident with Hit and Run,Fog Presence,Surrounding Environment,Special Lane Presence,Special Traffic Measures,Weather Conditions,Special Road Functions,Severity of Accident,Influence of Fog,Influence of Environment,Influence of Traffic,Influence of Weather,Influence of Wind Intensity,Influence of Lighting,Influence of Special Measures,Influence of Road Objects,Influence of Road Surface,Influence of Visibility,Intersection Characteristics,Lighting Conditions,Traffic Regulation and Priority,Direction of Road,Subtype of Accident,Subtype of Road Section,Subzone within Area,Road Surface Conditions,Type of Road,Road Ownership,Wind Conditions,Day of the Week Grouping,Hour of Day,Time of Day Grouping,Type of Accident,Day Type,Day,Month
15606,2018,0,2018-06-23,GI-682,SANT FELIU DE GUIXOLS,Baix Emporda,1,0,2,0,2,0,0,0,1,1,0,0,0,100.0,0.0,0,1,No n'hi ha,-1.0,3,3,1,0,0,0,0,0,0,0,0,0,0,0,4,-1,1,Fregament o col·lisió lateral,-1,1,2,4,2,2,0,17.02,1,2,5,23,6
15607,2018,1,2018-12-07,SE,SABADELL,Valles Occidental,3,0,1,0,2,1,0,0,0,1,0,0,0,100.0,0.0,0,-1,No n'hi ha,-1.0,3,3,1,0,0,0,0,0,0,0,0,0,0,0,4,-1,-1,Altres,-1,2,2,5,-1,2,1,7.3,0,5,4,7,12
15608,2018,0,2018-01-19,N-240,LLEIDA,Segria,2,0,1,2,3,0,0,0,0,3,0,0,0,70.0,0.0,0,0,No n'hi ha,-1.0,3,3,1,0,0,0,0,0,0,0,0,0,0,0,4,-1,1,Encalç,-1,1,2,4,1,2,1,14.41,1,2,4,19,1
15609,2018,1,2018-09-04,SE,ARTES,Bages,3,0,1,0,1,0,0,0,1,0,0,0,0,20.0,0.0,0,-1,Sense Especificar,-1.0,3,3,1,0,0,0,0,0,0,0,0,0,0,0,4,-1,-1,Altres,-1,2,2,5,-1,2,1,12.49,0,5,1,4,9
15610,2018,1,2018-03-17,SE,SANT PERE DE RIUDEBITLLES,Alt Penedes,3,0,1,0,1,0,0,0,0,1,0,0,0,30.0,0.0,0,3,No n'hi ha,-1.0,3,3,1,0,0,0,0,0,0,0,0,0,0,0,4,-1,1,Resta sortides de via,-1,2,2,5,-1,2,0,12.11,0,1,5,17,3
15611,2018,1,2018-05-27,SE,MANRESA,Bages,3,0,1,0,1,0,0,0,1,0,0,0,0,100.0,1.0,0,2,No n'hi ha,-1.0,3,3,1,0,0,0,0,0,0,0,0,0,0,1,5,4,0,Encalç,2,2,2,5,-1,2,0,3.25,2,2,6,27,5
15612,2018,1,2018-10-03,SE,GRANOLLERS,Valles Oriental,3,0,1,0,2,1,0,0,0,1,0,0,0,40.0,0.0,0,2,No n'hi ha,-1.0,3,3,1,0,0,0,0,0,0,0,0,0,0,0,4,-1,1,Atropellament,-1,2,2,5,-1,2,1,18.08,1,3,2,3,10
15613,2018,0,2018-02-01,GI-610,PAU,Alt Emporda,1,0,1,1,2,0,0,0,1,1,0,0,0,30.0,0.0,0,3,No n'hi ha,-1.0,2,3,1,0,0,0,0,0,0,0,0,0,0,1,2,5,1,Envestida (frontal lateral),0,1,2,4,0,2,1,13.09,0,2,3,1,2
15614,2018,1,2018-02-10,SE,SANT BOI DE LLOBREGAT,Baix Llobregat,3,0,2,0,1,0,0,0,1,0,0,0,0,30.0,0.0,0,0,No n'hi ha,-1.0,3,3,1,0,0,0,0,0,1,0,0,0,0,2,3,4,0,Xoc contra objecte/obstacle sense sortida prèvia de via,3,2,2,5,-1,2,0,3.55,2,4,5,10,2
15615,2018,1,2018-10-30,SE,OLESA DE MONTSERRAT,Baix Llobregat,3,0,1,0,2,0,0,0,1,1,0,0,0,20.0,0.0,0,-1,No n'hi ha,-1.0,3,3,1,-1,-1,0,0,-1,0,0,0,0,0,0,5,-1,-1,Xoc contra objecte/obstacle sense sortida prèvia de via,-1,2,2,5,-1,2,1,20.3,1,4,1,30,10
15616,2018,1,2018-06-04,SE,GIRONA,Girones,1,0,1,0,2,1,0,0,0,1,0,0,0,40.0,0.0,0,2,No n'hi ha,-1.0,1,3,1,0,0,0,0,0,0,0,0,0,0,0,4,-1,1,Atropellament,-1,2,2,5,-1,2,1,19.08,1,3,0,4,6
15617,2018,0,2018-08-18,GI-682,SANT FELIU DE GUIXOLS,Baix Emporda,1,0,1,0,2,0,0,0,1,1,0,0,0,100.0,0.0,0,1,No n'hi ha,-1.0,3,3,1,0,0,0,0,0,0,0,0,0,0,0,4,-1,1,Altres,-1,1,2,4,2,2,0,9.54,0,5,5,18,8
15618,2018,1,2018-01-29,SE,SABADELL,Valles Occidental,3,0,1,0,2,0,0,0,1,1,0,0,0,100.0,0.0,0,-1,No n'hi ha,-1.0,3,3,1,0,0,0,0,0,0,0,0,0,0,0,4,-1,-1,Envestida (frontal lateral),-1,2,2,5,-1,2,1,9.03,0,2,0,29,1
15619,2018,0,2018-09-05,A-7,CAMBRILS,Baix Camp,0,1,0,0,1,0,0,0,0,1,0,0,0,120.0,0.0,0,2,No n'hi ha,-1.0,3,3,0,0,0,0,0,0,0,0,0,0,0,0,4,-1,1,Resta sortides de via,-1,1,2,4,1,2,1,15.37,1,1,2,5,9
15620,2018,1,2018-07-27,SE,GRANOLLERS,Valles Oriental,3,1,0,0,2,1,0,0,0,1,0,0,0,100.0,0.0,0,2,No n'hi ha,-1.0,3,3,0,0,0,0,0,0,0,0,0,0,0,2,1,-1,1,Atropellament,0,2,2,5,-1,2,1,7.5,0,3,4,27,7
15621,2018,0,2018-12-03,C-35,SANT CELONI,Valles Oriental,3,0,2,0,3,0,0,0,0,3,0,0,0,100.0,0.0,0,-1,No n'hi ha,-1.0,3,3,1,0,0,0,0,0,0,0,0,0,0,0,4,-1,-1,Col·lisió frontal,-1,1,2,4,-1,2,1,16.26,1,2,0,3,12
15622,2018,1,2018-01-17,SE,BARCELONA,Barcelones,3,0,1,0,2,0,0,0,1,1,0,0,0,100.0,0.0,1,-1,No n'hi ha,-1.0,1,3,1,0,0,0,0,0,0,0,0,0,0,0,0,-1,1,Fregament o col·lisió lateral,-1,2,0,5,-1,2,1,21.0,1,2,2,17,1
15623,2018,1,2018-10-17,SE,LLICA DE VALL,Valles Oriental,3,0,1,0,1,0,0,0,1,0,0,0,0,40.0,0.0,0,2,No n'hi ha,-1.0,1,3,1,0,0,0,0,0,0,0,0,0,0,0,2,-1,1,Caiguda en la via,-1,2,2,5,-1,2,1,8.55,0,0,2,17,10
15624,2018,1,2018-02-25,SE,BARCELONA,Barcelones,3,0,1,1,2,0,0,0,1,0,1,0,0,100.0,0.0,1,-1,No n'hi ha,-1.0,3,3,1,0,0,0,0,0,0,0,0,0,0,1,0,-1,0,Envestida (frontal lateral),2,2,2,5,-1,2,0,2.41,2,2,6,25,2
15625,2018,0,2018-11-28,BP-2151,TORRELAVIT,Alt Penedes,3,0,1,1,2,0,0,0,0,2,0,0,0,100.0,0.0,0,2,No n'hi ha,-1.0,3,3,1,0,0,0,0,0,0,0,0,0,0,0,3,-1,1,Col·lisió frontal,-1,1,2,4,3,2,1,21.44,1,2,2,28,11
15626,2018,1,2018-07-10,SE,REUS,Baix Camp,0,0,1,0,2,1,0,0,0,1,0,0,0,100.0,0.0,0,-1,No n'hi ha,-1.0,3,3,1,0,0,0,0,0,0,0,0,0,0,0,4,-1,-1,Atropellament,-1,2,2,5,-1,2,1,9.1,0,3,1,10,7
15627,2018,0,2018-06-16,LV-7011,JUNCOSA,Garrigues,2,0,1,0,1,0,0,0,1,0,0,0,0,90.0,0.0,0,-1,Sense Especificar,-1.0,3,3,1,0,0,0,0,0,0,0,0,0,0,0,4,-1,-1,Altres,-1,1,2,4,4,2,0,10.0,0,5,5,16,6
15628,2018,1,2018-08-07,SE,GIRONA,Girones,1,0,1,0,2,1,0,0,0,1,0,0,0,100.0,0.0,0,2,No n'hi ha,-1.0,3,3,1,0,0,0,0,0,0,0,0,0,0,0,4,-1,1,Atropellament,-1,2,2,5,-1,2,1,7.4,0,3,1,7,8
15629,2018,0,2018-06-21,B-23,BARCELONA,Barcelones,3,0,1,0,2,0,0,0,1,1,0,0,0,100.0,0.0,1,-1,No n'hi ha,-1.0,3,3,1,0,0,0,0,0,0,0,0,0,0,0,4,-1,1,Fregament o col·lisió lateral,-1,1,2,2,-1,2,1,10.1,0,2,3,21,6
15630,2018,0,2018-11-04,GI-552,SANT FELIU DE BUIXALLEU,Selva,1,0,1,4,2,0,0,0,0,2,0,0,0,50.0,0.0,0,2,No n'hi ha,-1.0,3,3,1,0,0,0,0,0,0,0,0,0,0,1,4,4,1,Envestida (frontal lateral),1,1,2,4,2,2,0,16.1,1,2,6,4,11
15631,2018,1,2018-11-02,SE,BARCELONA,Barcelones,3,0,1,0,2,0,0,1,0,1,0,0,0,100.0,0.0,1,-1,No n'hi ha,-1.0,3,3,1,0,0,0,0,0,0,0,0,0,0,1,4,-1,1,Encalç,2,2,2,5,-1,2,1,13.35,0,2,4,2,11
15632,2018,1,2018-06-26,SE,BARCELONA,Barcelones,3,0,1,0,2,0,0,0,1,1,0,0,0,100.0,0.0,1,-1,Carril bus,-1.0,3,3,1,0,0,0,0,0,0,0,0,0,0,0,4,-1,1,Fregament o col·lisió lateral,-1,2,2,5,-1,2,1,13.3,0,2,1,26,6
15633,2018,0,2018-07-21,C-63,VIDRERES,Selva,1,4,2,1,2,0,0,0,0,2,0,0,0,60.0,0.0,0,2,No n'hi ha,-1.0,3,3,0,0,0,0,0,0,0,0,0,0,0,0,3,-1,1,Envestida (frontal lateral),-1,1,2,4,3,2,0,5.01,2,2,5,21,7
15634,2018,0,2018-03-29,N-II,PONT DE MOLINS,Alt Emporda,1,0,2,0,2,0,0,0,0,2,0,0,0,80.0,0.0,0,1,No n'hi ha,-1.0,3,3,1,0,0,0,0,0,0,0,0,0,0,0,3,-1,1,Col·lisió frontal,-1,1,2,4,1,2,1,21.56,1,2,3,29,3
15635,2018,1,2018-11-08,SE,RUBI,Valles Occidental,3,0,1,0,2,1,0,0,0,1,0,0,0,100.0,0.0,0,2,Habilitació voral/carril addicional,-1.0,3,3,1,0,0,0,0,0,0,0,0,0,0,1,1,5,1,Atropellament,1,2,2,5,-1,2,1,18.4,1,3,3,8,11
15636,2018,1,2018-02-08,SE,FRANQUESES DEL VALLE,Valles Oriental,3,0,1,0,2,0,0,0,0,0,2,0,0,50.0,0.0,0,2,No n'hi ha,-1.0,3,3,1,0,0,0,0,0,0,0,0,0,0,0,1,-1,1,Envestida (frontal lateral),-1,2,2,5,0,2,1,7.15,0,2,3,8,2
15637,2018,0,2018-05-03,LL-11,LLEIDA,Segria,2,0,1,1,3,0,0,0,0,2,1,0,0,40.0,0.0,0,2,No n'hi ha,-1.0,3,3,1,0,0,0,0,0,0,0,0,0,0,1,4,4,0,Envestida (frontal lateral),0,1,2,4,2,2,1,18.16,1,2,3,3,5
15638,2018,1,2018-06-20,SE,BARCELONA,Barcelones,3,0,1,0,2,1,0,0,0,1,0,0,0,100.0,0.0,1,-1,No n'hi ha,-1.0,3,3,1,0,0,0,0,0,0,0,0,0,0,1,4,-1,1,Atropellament,2,2,2,5,-1,2,1,12.46,0,3,2,20,6
15639,2018,0,2018-03-19,N-240,"BORGES BLANQUES, LES",Garrigues,2,1,0,2,3,0,0,0,0,2,1,0,0,90.0,0.0,0,1,No n'hi ha,-1.0,3,3,0,0,0,0,0,0,0,0,0,0,0,0,1,-1,1,Col·lisió frontal,-1,1,2,4,1,2,1,18.5,1,2,0,19,3
15640,2018,1,2018-08-23,SE,MANRESA,Bages,3,0,1,0,2,1,0,0,0,1,0,0,0,100.0,0.0,0,2,No n'hi ha,-1.0,3,3,1,0,0,0,0,0,0,0,0,0,0,2,4,4,0,Atropellament,2,2,2,5,-1,2,1,7.45,0,3,3,23,8
15641,2018,1,2018-05-25,SE,HOSPITALET DE LLOBREGAT,Barcelones,3,0,1,0,2,1,0,0,0,1,0,0,0,20.0,0.0,0,-1,No n'hi ha,-1.0,3,3,1,0,-1,0,0,0,0,0,0,0,0,1,2,3,-1,Atropellament,2,2,2,5,-1,2,1,10.15,0,3,4,25,5
15642,2018,1,2018-01-10,SE,MATARO,Maresme,3,0,1,0,2,0,0,0,1,1,0,0,0,20.0,0.0,0,-1,No n'hi ha,-1.0,3,3,1,0,-1,0,0,0,0,0,0,0,0,0,4,-1,-1,Envestida (frontal lateral),-1,2,2,5,-1,2,1,7.4,0,2,2,10,1
15643,2018,1,2018-02-06,SE,REUS,Baix Camp,0,0,1,0,1,0,0,0,0,1,0,0,0,100.0,0.0,0,2,No n'hi ha,-1.0,1,3,1,0,0,0,1,0,0,0,0,0,0,2,2,-1,1,Resta sortides de via,0,2,2,5,-1,2,1,13.0,0,1,1,6,2
15644,2018,1,2018-04-03,SE,BARCELONA,Barcelones,3,0,1,0,2,0,0,0,1,1,0,0,0,100.0,0.0,1,-1,No n'hi ha,-1.0,3,3,1,0,0,0,0,0,0,0,0,0,0,1,0,-1,0,Envestida (frontal lateral),2,2,2,5,-1,2,1,0.1,2,2,1,3,4
15645,2018,1,2018-05-20,BV-2127,FONT-RUBI,Alt Penedes,3,0,2,0,2,1,1,0,0,0,0,0,0,50.0,0.0,0,2,No n'hi ha,-1.0,3,3,1,0,0,0,0,0,0,0,0,0,1,2,4,4,1,Atropellament,1,0,2,4,2,2,0,10.36,0,3,6,20,5
15646,2018,1,2018-10-10,SE,CORNELLA DE LLOBREGAT,Baix Llobregat,3,0,1,0,2,0,0,0,1,1,0,0,0,50.0,0.0,0,2,No n'hi ha,-1.0,3,3,1,-1,0,0,0,-1,0,0,0,0,-1,0,4,-1,1,Fregament o col·lisió lateral,-1,2,2,5,-1,2,1,13.35,0,2,2,10,10
15647,2018,1,2018-07-09,SE,BARCELONA,Barcelones,3,0,1,0,2,0,0,0,1,1,0,0,0,100.0,0.0,1,-1,No n'hi ha,-1.0,3,3,1,0,0,0,0,0,0,0,0,0,0,1,4,-1,0,Envestida (frontal lateral),2,2,2,5,-1,2,1,21.0,1,2,0,9,7
15648,2018,1,2018-08-13,SE,TERRASSA,Valles Occidental,3,0,1,0,2,1,0,0,0,1,0,0,0,100.0,0.0,0,-1,No n'hi ha,-1.0,3,3,1,0,0,0,0,0,0,0,0,0,0,0,4,-1,-1,Atropellament,-1,2,2,5,-1,2,1,13.23,0,3,0,13,8
15649,2018,0,2018-04-05,N-II,CALDES D'ESTRAC,Maresme,3,0,3,1,3,0,0,0,0,3,0,0,0,60.0,0.0,0,3,No n'hi ha,-1.0,3,3,1,0,0,0,0,0,0,0,0,0,0,0,4,-1,1,Altres,-1,1,2,4,1,2,1,10.4,0,5,3,5,4
15650,2018,1,2018-08-19,SE,VIC,Osona,3,0,1,0,1,0,0,1,0,0,0,0,0,100.0,0.0,0,2,No n'hi ha,-1.0,3,3,1,0,0,0,0,0,0,0,0,0,0,2,5,-1,1,Caiguda en la via,0,2,2,5,-1,2,0,2.4,2,0,6,19,8
15651,2018,1,2018-09-05,C-31B,SALOU,Tarragones,0,0,1,0,2,0,0,0,1,1,0,0,0,50.0,0.0,0,2,No n'hi ha,-1.0,3,3,1,0,0,0,0,0,0,0,0,0,0,2,4,4,1,Encalç,0,0,2,4,2,2,1,14.3,1,2,2,5,9
15652,2018,0,2018-10-27,C-16,VILADECAVALLS,Valles Occidental,3,0,1,0,1,0,0,0,1,0,0,0,0,40.0,0.0,0,2,Carril lent,0.0,1,3,1,0,0,0,0,0,0,0,0,0,0,0,3,-1,0,Resta sortides de via,-1,1,2,4,2,2,0,18.59,1,1,5,27,10
15654,2018,0,2018-11-11,N-IIa,"BRUC, EL",Anoia,3,0,1,1,2,0,0,0,1,1,0,0,0,80.0,0.0,0,2,No n'hi ha,-1.0,3,3,1,0,0,0,0,0,0,0,0,0,0,1,4,4,1,Envestida (frontal lateral),1,1,2,4,2,2,0,13.21,0,2,6,11,11
15655,2018,0,2018-12-15,TV-3454,DELTEBRE,Baix Ebre,0,0,3,1,3,0,0,0,0,3,0,0,0,100.0,0.0,0,3,No n'hi ha,-1.0,3,3,1,0,0,0,0,0,0,0,0,0,0,0,3,-1,1,Col·lisió frontal,-1,1,2,4,2,2,0,18.2,1,2,5,15,12
15656,2018,1,2018-11-24,N-141c,MANRESA,Bages,3,0,1,0,2,1,0,0,0,1,0,0,0,100.0,0.0,0,2,No n'hi ha,-1.0,3,3,1,0,0,0,0,0,0,0,0,0,0,1,5,5,1,Atropellament,0,0,2,4,-1,2,0,0.0,2,3,5,24,11
15657,2018,0,2018-05-29,C-31B,TARRAGONA,Tarragones,0,0,1,0,2,0,0,0,1,1,0,0,0,50.0,0.0,0,2,No n'hi ha,-1.0,3,3,1,-1,0,0,0,-1,0,0,0,0,-1,1,4,5,1,Fregament o col·lisió lateral,3,1,2,4,2,2,1,17.2,1,2,1,29,5
15658,2018,1,2018-11-02,SE,SANT CUGAT DEL VALLES,Valles Occidental,3,0,1,0,2,1,0,0,0,1,0,0,0,40.0,0.0,0,-1,No n'hi ha,-1.0,3,3,1,-1,-1,0,0,-1,0,0,0,0,1,0,5,-1,-1,Atropellament,-1,2,2,5,-1,2,0,18.36,1,3,4,2,11
15659,2018,1,2018-11-05,SE,SANTA COLOMA DE GRAMANET,Barcelones,3,0,1,0,2,1,0,0,0,1,0,0,0,20.0,0.0,0,-1,No n'hi ha,-1.0,3,3,1,-1,0,0,0,-1,0,0,0,0,0,1,4,4,0,Atropellament,2,2,2,5,-1,2,1,12.4,0,3,0,5,11
15660,2018,1,2018-01-18,SE,TARRAGONA,Tarragones,0,0,1,0,1,0,0,0,1,0,0,0,0,20.0,0.0,0,2,No n'hi ha,0.0,3,3,1,-1,0,0,0,-1,0,0,0,0,-1,0,5,-1,-1,Xoc contra objecte/obstacle sense sortida prèvia de via,-1,2,2,5,-1,2,1,5.4,2,4,3,18,1
15661,2018,0,2018-11-12,C-59,CALDES DE MONTBUI,Valles Oriental,3,1,0,0,2,1,0,0,0,1,0,0,0,100.0,0.0,0,-1,No n'hi ha,-1.0,3,3,0,0,0,0,0,0,0,0,0,0,0,0,4,-1,-1,Atropellament,-1,1,2,4,-1,2,1,17.1,1,3,0,12,11
15662,2018,1,2018-12-14,SE,TORTOSA,Baix Ebre,0,0,1,0,2,1,1,0,0,0,0,0,0,100.0,0.0,0,2,No n'hi ha,-1.0,3,3,1,0,0,0,0,0,0,0,0,0,0,0,4,-1,0,Atropellament,-1,2,2,5,-1,2,1,10.0,0,3,4,14,12
15663,2018,0,2018-10-25,C-243a,"GRANADA, LA",Alt Penedes,3,0,1,0,3,0,0,0,0,3,0,0,0,60.0,1.0,0,2,No n'hi ha,-1.0,3,3,1,0,0,0,0,0,0,0,0,0,0,1,4,4,1,Envestida (frontal lateral),1,1,2,4,2,2,1,15.57,1,2,3,25,10
15664,2018,0,2018-03-15,C-243C,CASTELLBISBAL,Valles Occidental,3,0,2,3,3,0,0,0,0,3,0,0,0,100.0,0.0,0,2,No n'hi ha,-1.0,3,3,1,0,1,0,0,0,0,0,0,0,0,0,1,-1,1,Envestida (frontal lateral),-1,1,2,4,2,2,1,7.3,0,2,3,15,3
15665,2018,0,2018-09-20,C-25,ARBUCIES,Selva,1,1,0,1,2,0,0,0,0,1,1,0,0,100.0,0.0,0,1,No n'hi ha,-1.0,3,3,0,0,0,0,0,0,1,0,0,0,1,0,1,-1,0,Encalç,-1,1,2,4,2,2,1,17.24,1,2,3,20,9
15666,2018,0,2018-10-13,C-32,VILANOVA I LA GELTRU,Garraf,3,0,1,0,2,1,0,0,0,1,0,0,0,120.0,0.0,0,2,No n'hi ha,-1.0,3,3,1,0,0,0,0,0,0,0,0,0,0,0,3,-1,1,Atropellament,-1,1,2,4,2,2,0,2.06,2,3,5,13,10
15667,2018,1,2018-04-17,SE,SABADELL,Valles Occidental,3,0,1,0,2,0,0,0,1,1,0,0,0,100.0,0.0,0,2,No n'hi ha,-1.0,3,3,1,0,0,0,0,0,0,0,0,0,0,1,5,3,1,Envestida (frontal lateral),1,2,2,5,-1,2,1,21.52,1,2,1,17,4
15668,2018,1,2018-02-08,SE,HOSPITALET DE LLOBREGAT,Barcelones,3,0,1,0,2,0,0,0,1,1,0,0,0,20.0,0.0,0,2,No n'hi ha,-1.0,1,3,1,-1,0,0,0,-1,0,0,0,0,-1,1,2,3,0,Envestida (frontal lateral),0,2,0,5,-1,2,1,14.0,1,2,3,8,2
15669,2018,1,2018-07-14,SE,BARCELONA,Barcelones,3,0,1,1,1,0,0,0,0,0,1,0,0,100.0,0.0,1,-1,Carril bus,-1.0,3,3,1,0,0,0,0,0,0,0,0,0,0,1,4,-1,1,Caiguda en la via,1,2,2,5,-1,2,0,12.2,0,0,5,14,7
15670,2018,1,2018-07-15,SE,MONTORNES DEL VALLES,Valles Oriental,3,0,1,2,1,0,0,0,0,1,0,0,0,20.0,1.0,0,-1,No n'hi ha,-1.0,3,3,1,-1,0,0,0,-1,0,0,0,0,-1,0,4,-1,1,Xoc contra objecte/obstacle sense sortida prèvia de via,-1,2,2,5,-1,2,0,6.5,0,4,6,15,7
15671,2018,1,2018-08-06,SE,BARCELONA,Barcelones,3,0,1,0,3,0,1,0,0,2,0,0,0,100.0,0.0,1,-1,Carril bici,-1.0,3,3,1,0,0,0,0,0,0,0,0,0,0,1,4,-1,0,Envestida (frontal lateral),2,2,2,5,-1,2,1,19.1,1,2,0,6,8
15672,2018,0,2018-08-03,C-31,BARCELONA,Barcelones,3,1,0,0,1,0,0,0,1,0,0,0,0,80.0,0.0,1,-1,No n'hi ha,-1.0,3,3,0,0,0,0,0,0,0,0,0,0,0,0,0,-1,1,Xoc contra objecte/obstacle sense sortida prèvia de via,-1,1,2,4,-1,2,1,2.05,2,4,4,3,8
15673,2018,0,2018-05-22,BV-5122,FOGARS DE TORDERA,Selva,3,0,1,1,2,0,0,0,0,2,0,0,0,50.0,0.0,0,3,No n'hi ha,-1.0,3,3,1,0,0,0,0,0,0,0,0,0,0,2,4,2,1,Col·lisió frontal,2,1,2,4,3,2,1,18.46,1,2,1,22,5
15674,2018,0,2018-01-31,N-340,LA CANONJA,Tarragones,0,0,1,0,2,0,0,0,1,1,0,0,0,80.0,0.0,0,2,No n'hi ha,-1.0,3,3,1,0,0,0,0,0,0,0,0,0,0,0,3,-1,1,Envestida (frontal lateral),-1,1,2,4,1,2,1,22.19,2,2,2,31,1
15675,2018,1,2018-10-07,N-II,MATARO,Maresme,3,0,1,1,2,1,0,0,1,0,0,0,0,90.0,0.0,0,-1,No n'hi ha,-1.0,3,3,1,0,0,0,0,0,0,0,0,0,0,0,0,-1,-1,Atropellament,-1,0,2,4,1,2,0,6.3,0,3,6,7,10
15677,2018,0,2018-02-21,C-352,CANOVELLES,Valles Oriental,3,0,1,0,2,1,0,0,0,1,0,0,0,90.0,0.0,0,-1,Sense Especificar,-1.0,3,3,1,0,0,0,0,0,0,0,0,0,0,0,4,-1,-1,Atropellament,-1,1,2,4,4,2,1,17.05,1,3,2,21,2
15678,2018,1,2018-11-30,SE,SANT QUIRZE DEL VALLES,Valles Occidental,3,0,1,0,2,1,0,0,0,1,0,0,0,20.0,0.0,0,2,No n'hi ha,-1.0,1,3,1,-1,0,0,1,-1,1,0,0,0,0,1,1,2,1,Atropellament,3,2,0,5,-1,2,1,7.44,0,3,4,30,11
15679,2018,0,2018-07-26,GI-524,SANTA PAU,Garrotxa,1,0,1,2,2,0,0,0,0,2,0,0,0,90.0,0.0,0,-1,Sense Especificar,-1.0,3,3,1,0,0,0,0,0,0,0,0,0,0,0,4,-1,-1,Col·lisió frontal,-1,1,2,4,4,2,1,17.13,1,2,3,26,7
15680,2018,1,2018-11-30,SE,HOSPITALET DE LLOBREGAT,Barcelones,3,0,1,0,2,0,0,0,1,1,0,0,0,20.0,0.0,0,-1,No n'hi ha,-1.0,3,3,1,-1,-1,0,0,-1,0,0,0,0,0,1,4,5,-1,Envestida (frontal lateral),1,2,2,5,-1,2,0,15.32,1,2,4,30,11
15681,2018,0,2018-03-11,C-58,BADIA DEL VALLES,Valles Occidental,3,0,1,1,2,0,0,0,0,2,0,0,0,100.0,0.0,0,2,Carril d'alentiment,3.0,3,3,1,0,0,0,0,0,0,0,0,0,0,0,3,-1,0,Col·lisió frontal,-1,1,2,4,2,2,0,5.32,2,2,6,11,3
15682,2018,1,2018-12-14,BV-2003,SANT CLIMENT DE LLOBREGAT,Baix Llobregat,3,0,1,0,2,1,0,0,0,0,1,0,0,30.0,0.0,0,2,No n'hi ha,-1.0,3,3,1,0,0,0,0,0,0,0,0,0,0,0,1,-1,1,Atropellament,-1,0,2,4,-1,2,1,7.5,0,3,4,14,12
15683,2018,0,2018-01-02,AP-7,CASTELLBISBAL,Valles Occidental,3,1,0,0,1,0,0,0,0,0,1,0,0,100.0,0.0,0,3,No n'hi ha,-1.0,3,3,0,0,0,0,0,0,0,0,0,0,0,2,5,2,1,Resta sortides de via,1,1,2,4,1,2,1,4.52,2,1,1,2,1
15684,2018,0,2018-12-06,N-240,"BORGES BLANQUES, LES",Garrigues,2,0,1,1,2,0,0,0,0,2,0,0,0,100.0,0.0,0,1,No n'hi ha,-1.0,3,3,1,0,0,0,0,0,0,0,0,0,0,0,3,-1,1,Col·lisió frontal,-1,1,2,4,1,2,1,7.02,0,2,3,6,12
15685,2018,0,2018-05-12,C-35,CARDEDEU,Valles Oriental,3,0,1,0,2,0,1,0,0,0,1,0,0,40.0,0.0,0,2,No n'hi ha,-1.0,3,3,1,0,0,0,0,0,0,0,0,0,0,1,4,4,0,Encalç,0,1,2,4,2,2,0,11.59,0,2,5,12,5
15686,2018,1,2018-08-11,SE,SANT ADRIA DE BESOS,Barcelones,3,0,1,0,2,0,0,0,1,1,0,0,0,100.0,0.0,0,2,No n'hi ha,-1.0,3,3,1,0,0,0,0,0,0,0,0,0,0,0,5,-1,1,Envestida (frontal lateral),-1,2,2,5,-1,2,0,1.5,2,2,5,11,8
15687,2018,0,2018-10-27,C-245,SANT BOI DE LLOBREGAT,Baix Llobregat,3,0,1,0,3,1,0,0,0,2,0,0,0,40.0,0.0,0,2,No n'hi ha,-1.0,1,3,1,0,0,0,0,0,0,0,0,0,0,0,2,-1,0,Atropellament,-1,1,2,4,3,2,0,16.25,1,3,5,27,10
15688,2018,1,2018-01-02,SE,"PRAT DE LLOBREGAT, E",Baix Llobregat,3,0,1,0,2,1,0,0,0,1,0,0,0,100.0,1.0,0,-1,No n'hi ha,-1.0,3,3,1,0,0,0,0,0,0,0,0,0,0,0,4,-1,-1,Atropellament,-1,2,2,5,-1,2,1,0.21,2,3,1,2,1
15689,2018,0,2018-06-10,GI-550,SANT HILARI SACALM,Selva,1,0,1,0,2,0,0,0,1,1,0,0,0,100.0,0.0,0,0,No n'hi ha,-1.0,3,3,1,0,0,0,0,0,0,0,0,0,0,0,2,-1,1,Fregament o col·lisió lateral,-1,1,2,4,2,2,0,17.24,1,2,6,10,6
15690,2018,1,2018-03-07,SE,BARCELONA,Barcelones,3,0,1,0,1,0,0,1,0,0,0,0,0,100.0,0.0,1,-1,No n'hi ha,-1.0,3,3,1,0,0,0,0,0,0,0,0,0,0,1,4,-1,1,Caiguda en la via,2,2,2,5,-1,2,1,10.25,0,0,2,7,3