,Year,Area,Date,Road,Municipality Name,County Name,Province Name,Fatalties,Serious Injuries,Light Injuries,Units Involved,Pedestrains Involved,Bicycles Involved,Mopeds Involved,Motorcycles,Light Vehicles Involved,Heavy Vehicles Involved,Other Units Involved,Unspecified Units Involved,Road Speed Limit,Accident with Hit and Run,Fog Presence,Surrounding Environment,Special Lane Presence,Special Traffic Measures,Weather Conditions,Special Road Functions,Severity of Accident,Influence of Fog,Influence of Environment,Influence of Traffic,Influence of Weather,Influence of Wind Intensity,Influence of Lighting,Influence of Special Measures,Influence of Road Objects,Influence of Road Surface,Influence of Visibility,Intersection Characteristics,Lighting Conditions,Traffic Regulation and Priority,Direction of Road,Subtype of Accident,Subtype of Road Section,Subzone within Area,Road Surface Conditions,Type of Road,Road Ownership,Wind Conditions,Day of the Week Grouping,Hour of Day,Time of Day Grouping,Type of Accident,Day Type,Day,Month
15691,2018,1,2018-06-30,SE,CASTELLDEFELS,Baix Llobregat,3,0,1,0,2,1,0,0,0,1,0,0,0,100.0,0.0,0,2,No n'hi ha,-1.0,3,3,1,0,0,0,0,0,0,0,0,0,0,0,4,-1,1,Atropellament,-1,2,2,5,-1,2,0,15.4,1,3,5,30,6
15692,2018,0,2018-02-21,N-260,ISOVOL,Cerdanya,1,0,1,0,2,0,0,0,0,2,0,0,0,100.0,0.0,0,1,No n'hi ha,-1.0,3,3,1,0,0,0,0,0,0,0,0,0,0,0,4,-1,1,Encalç,-1,1,2,4,1,2,1,18.01,1,2,2,21,2
15693,2018,1,2018-08-01,SE,BARCELONA,Barcelones,3,0,1,0,1,0,0,0,0,0,1,0,0,100.0,0.0,1,-1,Carril bus,-1.0,3,3,1,0,0,0,0,0,0,0,0,0,0,1,4,-1,1,Caiguda en la via,2,2,2,5,-1,2,1,16.55,1,0,2,1,8
15694,2018,0,2018-05-28,C-1412b,ISONA I CONCA DELLA,Pallars Jussa,2,0,2,4,2,0,0,0,0,2,0,0,0,70.0,0.0,0,0,No n'hi ha,-1.0,1,3,1,0,0,0,0,0,0,0,0,0,0,1,2,4,1,Col·lisió frontal,1,1,2,4,2,2,1,17.48,1,2,0,28,5
15695,2018,0,2018-03-03,C-58,SANT QUIRZE DEL VALLES,Valles Occidental,3,0,1,0,1,0,0,0,1,0,0,0,0,90.0,0.0,0,-1,Sense Especificar,-1.0,3,3,1,0,0,0,0,0,0,0,0,0,0,0,4,-1,-1,Resta sortides de via,-1,1,2,4,4,2,0,6.44,0,1,5,3,3
15696,2018,1,2018-03-13,SE,FRANQUESES DEL VALLE,Valles Oriental,3,0,1,0,2,1,0,0,0,1,0,0,0,20.0,0.0,0,2,No n'hi ha,-1.0,3,3,1,-1,0,0,0,-1,0,0,0,0,-1,1,4,3,1,Atropellament,2,2,2,5,-1,2,1,11.3,0,3,1,13,3
15697,2018,0,2018-06-12,C-31,"PRAT DE LLOBREGAT, E",Baix Llobregat,3,0,1,2,2,0,0,0,0,1,1,0,0,100.0,0.0,0,2,No n'hi ha,-1.0,3,3,1,0,0,0,0,0,0,0,0,0,0,0,4,-1,1,Fregament o col·lisió lateral,-1,1,2,4,2,2,1,6.42,0,2,1,12,6
15698,2018,0,2018-12-17,C-37z,SANT SALVADOR DE GUARDIA,Bages,3,1,1,0,2,0,0,0,0,2,0,0,0,100.0,0.0,0,3,No n'hi ha,-1.0,3,3,0,0,1,0,0,0,0,0,0,0,1,0,4,-1,1,Col·lisió frontal,-1,1,2,4,2,2,1,10.41,0,2,0,17,12
15699,2018,0,2018-01-16,C-66,BORDILS,Girones,1,0,1,0,2,1,0,0,0,1,0,0,0,100.0,0.0,0,2,No n'hi ha,-1.0,3,3,1,0,0,0,0,0,0,0,0,0,0,0,5,-1,1,Atropellament,-1,1,2,1,2,2,1,18.48,1,3,1,16,1
15700,2018,0,2018-05-01,C-147B,BALAGUER,Noguera,2,0,1,0,1,0,0,0,0,1,0,0,0,100.0,0.0,0,1,No n'hi ha,-1.0,3,3,1,0,0,0,0,0,0,0,0,0,0,0,3,-1,1,Resta sortides de via,-1,1,2,4,3,2,1,6.31,0,1,1,1,5
15701,2018,1,2018-11-09,SE,BARCELONA,Barcelones,3,0,1,5,5,4,0,0,0,1,0,0,0,100.0,0.0,1,-1,No n'hi ha,-1.0,3,3,1,0,0,0,0,0,0,0,0,0,0,0,4,-1,1,Atropellament,-1,2,0,5,-1,2,1,8.27,0,3,4,9,11
15702,2018,0,2018-08-07,N-340,ALCANAR,Montsia,0,1,0,0,2,0,0,0,0,1,1,0,0,100.0,0.0,0,0,No n'hi ha,-1.0,3,3,0,0,0,0,0,0,0,0,0,0,0,0,1,-1,1,Col·lisió frontal,-1,1,2,4,1,2,1,6.1,0,2,1,7,8
15703,2018,1,2018-04-05,SE,BARCELONA,Barcelones,3,0,1,0,1,0,0,0,0,0,1,0,0,100.0,0.0,1,-1,Carril bus,-1.0,3,3,1,0,0,0,0,0,0,0,0,0,0,1,4,-1,0,Caiguda en la via,2,2,2,5,-1,2,1,18.28,1,0,3,5,4
15704,2018,0,2018-05-04,BV-5224,SANT VICENC DE TORELLO,Osona,3,0,1,0,2,0,1,0,0,1,0,0,0,90.0,0.0,0,-1,Sense Especificar,-1.0,3,3,1,0,0,0,0,0,0,0,0,0,0,0,4,-1,-1,Encalç,-1,1,2,4,4,2,1,6.05,0,2,4,4,5
15705,2018,1,2018-07-17,SE,SANTA COLOMA DE GRAMANET,Barcelones,3,0,1,0,2,0,0,0,1,1,0,0,0,20.0,0.0,0,-1,No n'hi ha,-1.0,3,3,1,0,-1,0,0,0,0,0,0,0,0,1,5,3,-1,Fregament o col·lisió lateral,1,2,2,5,-1,2,1,23.3,2,2,1,17,7
15706,2018,0,2018-02-22,TP-2031,TARRAGONA,Tarragones,0,0,1,0,2,0,0,0,1,1,0,0,0,50.0,0.0,0,0,No n'hi ha,-1.0,3,3,1,0,1,0,0,0,0,0,0,0,0,0,1,-1,1,Fregament o col·lisió lateral,-1,1,2,4,3,2,1,18.08,1,2,3,22,2
15707,2018,1,2018-02-11,SE,"ALBAGES, L'",Garrigues,2,0,1,0,2,1,0,0,0,1,0,0,0,100.0,0.0,0,1,No n'hi ha,-1.0,3,3,1,0,0,0,0,0,0,0,0,0,0,0,4,-1,1,Atropellament,-1,2,2,5,2,2,0,16.55,1,3,6,11,2
15708,2018,1,2018-06-08,SE,"SEU D'URGELL, LA",Alt Urgell,2,0,2,0,2,1,0,0,0,1,0,0,0,20.0,0.0,0,2,No n'hi ha,-1.0,3,3,1,-1,0,0,0,-1,0,0,0,0,-1,1,4,2,0,Atropellament,2,2,2,5,-1,2,1,11.0,0,3,4,8,6
15709,2018,1,2018-06-27,SE,LLICA DE VALL,Valles Oriental,3,0,1,0,2,0,0,0,1,1,0,0,0,50.0,0.0,0,2,No n'hi ha,-1.0,3,3,1,0,0,0,0,0,0,0,0,0,0,0,4,-1,0,Encalç,-1,2,2,5,-1,2,1,17.37,1,2,2,27,6
15710,2018,1,2018-10-06,SE,"POBLA DE MASSALUCA, LA",Terra Alta,0,0,1,0,1,0,0,0,1,0,0,0,0,20.0,0.0,0,-1,Sense Especificar,-1.0,3,3,1,0,0,0,0,0,0,0,0,0,0,0,4,-1,-1,Resta sortides de via,-1,2,2,5,-1,2,0,13.26,0,1,5,6,10
15711,2018,0,2018-03-01,AP-7,BARBERA DEL VALLES,Valles Occidental,3,0,1,0,3,0,0,0,1,0,2,0,0,100.0,0.0,0,3,No n'hi ha,-1.0,3,3,1,0,0,0,0,0,0,0,0,0,0,0,2,-1,1,Resta sortides de via,-1,1,2,4,1,2,1,17.08,1,1,3,1,3
15712,2018,1,2018-01-13,SE,PREMIA DE MAR,Maresme,3,0,1,1,2,0,0,1,1,0,0,0,0,40.0,0.0,0,2,No n'hi ha,-1.0,3,3,1,0,0,0,0,0,0,0,0,0,0,2,5,3,1,Encalç,2,2,2,5,-1,2,0,0.3,2,2,5,13,1
15713,2018,1,2018-10-09,SE,MATARO,Maresme,3,0,1,0,2,1,0,0,0,1,0,0,0,20.0,,0,-1,No n'hi ha,-1.0,3,3,1,0,-1,0,0,0,0,0,0,0,0,1,4,2,-1,Atropellament,2,2,2,5,-1,2,1,13.1,0,3,1,9,10
15714,2018,1,2018-03-23,SE,REUS,Baix Camp,0,0,1,0,2,1,0,0,0,1,0,0,0,100.0,0.0,0,-1,No n'hi ha,-1.0,3,3,1,0,0,0,0,0,0,0,0,0,0,0,4,-1,-1,Atropellament,-1,2,2,5,-1,2,0,15.15,1,3,4,23,3
15715,2018,1,2018-10-09,SE,HOSPITALET DE LLOBREGAT,Barcelones,3,0,1,0,2,0,0,0,1,1,0,0,0,20.0,0.0,0,-1,No n'hi ha,-1.0,3,3,1,0,0,0,0,0,0,0,0,0,0,0,4,-1,0,Encalç,-1,2,2,5,-1,2,1,16.19,1,2,1,9,10
15716,2018,0,2018-07-09,GI-613,"PORT DE LA SELVA, EL",Alt Emporda,1,0,1,2,2,0,1,0,1,0,0,0,0,100.0,0.0,0,3,No n'hi ha,-1.0,3,3,1,0,0,0,0,0,0,0,0,0,0,0,4,-1,1,Col·lisió frontal,-1,1,2,4,2,2,1,8.52,0,2,0,9,7
15717,2018,1,2018-03-03,SE,VILASSAR DE MAR,Maresme,3,0,1,0,2,0,0,0,1,1,0,0,0,50.0,0.0,0,2,No n'hi ha,-1.0,3,3,1,0,0,0,0,0,0,0,0,0,0,1,1,4,0,Envestida (frontal lateral),2,2,2,5,-1,2,0,22.0,2,2,5,3,3
15718,2018,0,2018-07-24,C-31,PALS,Baix Emporda,1,0,1,0,2,0,1,0,0,1,0,0,0,40.0,0.0,0,3,No n'hi ha,-1.0,3,3,1,0,0,0,0,0,0,0,0,0,0,1,4,4,1,Altres,0,1,2,4,2,2,1,9.05,0,5,1,24,7
15719,2018,0,2018-02-19,C-233,"SOLERAS, EL",Garrigues,2,0,1,0,2,0,1,0,0,1,0,0,0,50.0,0.0,0,1,No n'hi ha,-1.0,3,3,1,0,0,0,0,0,1,0,0,0,0,0,4,-1,1,Fregament o col·lisió lateral,-1,1,2,4,2,2,1,10.3,0,2,0,19,2
15720,2018,1,2018-10-01,SE,RUBI,Valles Occidental,3,0,1,0,2,0,0,0,1,0,1,0,0,100.0,0.0,0,-1,No n'hi ha,-1.0,3,3,1,0,0,0,0,0,0,0,0,0,0,0,4,-1,-1,Col·lisió frontal,-1,2,2,5,-1,2,1,9.15,0,2,0,1,10
15721,2018,1,2018-05-08,SE,BARCELONA,Barcelones,3,0,1,1,2,1,0,0,1,0,0,0,0,100.0,0.0,1,-1,No n'hi ha,-1.0,3,3,1,0,0,0,0,0,0,0,0,0,0,0,4,-1,1,Atropellament,-1,2,2,5,-1,2,1,14.06,1,3,1,8,5
15722,2018,0,2018-03-17,C-31,VILANOVA I LA GELTRU,Garraf,3,2,1,2,2,0,0,0,1,1,0,0,0,100.0,0.0,0,2,No n'hi ha,-1.0,3,3,0,0,0,0,0,0,0,0,0,0,0,0,4,-1,1,Col·lisió frontal,-1,1,2,4,2,2,0,9.35,0,2,5,17,3
15723,2018,1,2018-12-05,SE,CORNUDELLA DE MONTSANT,Priorat,0,0,1,0,2,1,0,0,0,1,0,0,0,20.0,0.0,0,-1,Sense Especificar,-1.0,3,3,1,0,0,0,0,0,0,0,0,0,0,2,4,5,-1,Atropellament,1,2,2,5,-1,2,1,17.57,1,3,2,5,12
15724,2018,1,2018-06-07,SE,BARCELONA,Barcelones,3,0,1,0,2,0,0,0,1,1,0,0,0,100.0,0.0,1,-1,No n'hi ha,-1.0,3,3,1,0,0,0,0,0,0,0,0,0,0,1,4,-1,0,Envestida (frontal lateral),2,2,2,5,-1,2,1,17.45,1,2,3,7,6
15725,2018,1,2018-02-28,SE,CORNELLA DE LLOBREGAT,Baix Llobregat,3,0,1,1,2,0,0,0,0,1,0,1,0,20.0,0.0,0,-1,No n'hi ha,-1.0,1,3,1,-1,-1,0,0,-1,0,0,0,0,0,1,2,3,-1,Envestida (frontal lateral),0,2,0,5,-1,2,1,17.42,1,2,2,28,2
15726,2018,1,2018-10-22,SE,HOSPITALET DE LLOBREGAT,Barcelones,3,0,1,0,2,0,0,0,1,1,0,0,0,20.0,0.0,0,-1,No n'hi ha,-1.0,3,3,1,-1,-1,0,0,-1,0,0,0,0,-1,1,4,4,-1,Fregament o col·lisió lateral,2,2,2,5,-1,2,1,16.33,1,2,0,22,10
15727,2018,0,2018-03-22,BP-1103,MARGANELL,Bages,3,0,1,0,1,0,0,0,0,1,0,0,0,100.0,0.0,0,1,No n'hi ha,-1.0,3,3,1,0,0,0,0,0,0,0,0,0,0,0,4,-1,1,Resta sortides de via,-1,1,2,4,3,2,1,16.01,1,1,3,22,3
15728,2018,0,2018-06-27,C-17,MONTCADA I REIXAC,Valles Occidental,3,0,1,0,2,0,0,0,1,1,0,0,0,100.0,0.0,0,1,No n'hi ha,-1.0,3,3,1,0,0,0,0,0,0,0,0,0,0,2,5,4,1,Fregament o col·lisió lateral,3,1,2,4,2,2,1,22.1,2,2,2,27,6
15729,2018,1,2018-02-09,SE,BARCELONA,Barcelones,3,1,0,0,2,1,0,0,0,1,0,0,0,30.0,0.0,1,-1,No n'hi ha,-1.0,3,3,0,0,0,0,0,0,0,0,0,0,0,1,4,-1,0,Atropellament,1,2,2,5,-1,2,1,14.1,1,3,4,9,2
15730,2018,1,2018-03-03,SE,HOSPITALET DE LLOBREGAT,Barcelones,3,0,1,0,2,0,0,0,1,1,0,0,0,20.0,0.0,0,-1,No n'hi ha,-1.0,3,3,1,-1,0,0,0,-1,0,0,0,0,0,1,4,4,0,Envestida (frontal lateral),0,2,2,5,-1,2,0,11.2,0,2,5,3,3
15731,2018,0,2018-07-15,C-66,SANT JOAN DE MOLLET,Girones,1,0,1,0,2,0,0,0,1,1,0,0,0,100.0,0.0,0,1,No n'hi ha,-1.0,3,3,1,0,0,0,0,0,0,0,0,0,0,0,4,-1,1,Encalç,-1,1,2,4,2,2,0,20.2,1,2,6,15,7
15732,2018,1,2018-09-02,SE,IGUALADA,Anoia,3,0,1,0,2,0,0,1,0,1,0,0,0,50.0,0.0,0,2,No n'hi ha,-1.0,3,3,1,-1,0,0,0,-1,0,0,0,0,-1,1,4,4,1,Fregament o col·lisió lateral,0,2,2,5,-1,2,0,8.45,0,2,6,2,9
15733,2018,1,2018-02-15,SE,OLESA DE MONTSERRAT,Baix Llobregat,3,0,2,0,3,2,0,0,0,1,0,0,0,20.0,0.0,0,-1,No n'hi ha,-1.0,3,3,1,-1,-1,0,0,-1,0,0,0,0,1,0,4,-1,-1,Atropellament,-1,2,2,5,-1,2,1,10.45,0,3,3,15,2
15734,2018,0,2018-12-14,GIV-6226,GARRIGAS,Alt Emporda,1,0,1,0,2,0,0,0,1,1,0,0,0,100.0,0.0,0,2,No n'hi ha,-1.0,3,3,1,0,0,0,0,0,0,0,0,0,0,0,4,-1,1,Col·lisió frontal,-1,1,2,4,4,2,1,9.19,0,2,4,14,12
15735,2018,1,2018-02-24,SE,MANRESA,Bages,3,0,1,1,3,0,0,1,0,2,0,0,0,100.0,0.0,0,2,No n'hi ha,-1.0,3,3,1,0,0,0,0,0,0,0,0,0,0,0,5,-1,1,Envestida (frontal lateral),-1,2,2,5,-1,2,0,21.11,1,2,5,24,2
15736,2018,1,2018-05-08,SE,MONTAGUT,Garrotxa,1,0,1,0,1,0,0,0,0,1,0,0,0,20.0,0.0,0,-1,Sense Especificar,-1.0,3,3,1,0,0,0,0,0,0,0,0,0,0,0,4,-1,-1,Resta sortides de via,-1,2,2,5,-1,2,1,13.15,0,1,1,8,5
15737,2018,1,2018-10-31,SE,LLEIDA,Segria,2,0,1,0,2,1,0,0,0,1,0,0,0,20.0,0.0,0,-1,No n'hi ha,-1.0,3,3,1,-1,0,0,0,-1,0,0,0,0,-1,0,5,-1,1,Atropellament,-1,2,2,5,0,2,1,23.32,2,3,2,31,10
15738,2018,0,2018-10-12,C-58,VILADECAVALLS,Valles Occidental,3,0,1,0,1,0,0,0,1,0,0,0,0,90.0,0.0,0,-1,Sense Especificar,-1.0,3,3,1,0,0,0,0,0,0,0,0,0,0,0,4,-1,-1,Resta sortides de via,-1,1,2,4,4,2,1,10.5,0,1,4,12,10
15739,2018,0,2018-07-07,C-13,CAMARASA,Noguera,2,0,1,0,1,0,0,0,1,0,0,0,0,90.0,0.0,0,-1,Sense Especificar,-1.0,3,3,1,0,0,0,0,0,0,0,0,0,0,0,4,-1,-1,Resta sortides de via,-1,1,2,4,4,2,0,11.22,0,1,5,7,7
15740,2018,1,2018-06-30,SE,BEGUES,Baix Llobregat,3,1,0,1,1,0,0,0,0,1,0,0,0,100.0,0.0,0,2,No n'hi ha,-1.0,3,3,0,0,0,0,0,0,0,0,0,0,0,0,4,-1,1,Altres,-1,2,5,5,0,2,0,13.01,0,5,5,30,6
15741,2018,1,2018-11-22,SE,BARCELONA,Barcelones,3,0,1,0,1,0,0,0,1,0,0,0,0,100.0,0.0,1,-1,Carril bus,-1.0,3,3,1,0,0,0,0,0,0,0,0,0,0,0,4,-1,1,Caiguda en la via,-1,2,1,5,-1,2,1,13.5,0,0,3,22,11
15742,2018,1,2018-06-16,SE,SANT BOI DE LLOBREGAT,Baix Llobregat,3,0,1,0,1,0,0,0,0,1,0,0,0,100.0,0.0,0,-1,No n'hi ha,-1.0,3,3,1,0,0,0,0,0,0,0,0,0,0,0,4,-1,-1,Xoc contra objecte/obstacle sense sortida prèvia de via,-1,2,2,5,-1,2,0,6.35,0,4,5,16,6
15743,2018,1,2018-08-29,SE,TERRASSA,Valles Occidental,3,0,1,0,2,0,0,0,1,1,0,0,0,100.0,0.0,0,2,No n'hi ha,-1.0,3,3,1,0,0,0,0,0,0,0,0,0,0,1,1,4,0,Envestida (frontal lateral),2,2,2,5,-1,2,1,20.3,1,2,2,29,8
15744,2018,0,2018-03-09,N-II,PALAFOLLS,Maresme,3,0,1,0,2,0,0,1,0,1,0,0,0,100.0,0.0,0,2,No n'hi ha,-1.0,3,3,1,0,0,0,0,0,0,0,0,0,0,1,3,4,1,Encalç,1,1,2,4,1,2,1,1.24,2,2,4,9,3
15745,2018,1,2018-05-11,SE,REUS,Baix Camp,0,0,1,0,2,1,0,0,0,1,0,0,0,100.0,0.0,0,-1,No n'hi ha,-1.0,3,3,1,0,0,0,0,0,0,0,0,0,0,0,4,-1,-1,Atropellament,-1,2,2,5,-1,2,1,13.33,0,3,4,11,5
15746,2018,1,2018-03-29,SE,SANT BOI DE LLOBREGAT,Baix Llobregat,3,0,1,0,2,0,0,0,1,1,0,0,0,30.0,0.0,0,-1,No n'hi ha,-1.0,3,3,1,0,-1,0,0,0,0,0,0,0,0,1,4,4,-1,Envestida (frontal lateral),2,2,2,5,-1,2,1,15.06,1,2,3,29,3
15747,2018,1,2018-04-05,BV-2002,SANT JOAN DESPI,Baix Llobregat,3,0,1,1,3,0,0,0,0,3,0,0,0,90.0,0.0,0,-1,No n'hi ha,-1.0,3,3,1,0,-1,0,0,0,0,0,0,0,0,0,5,-1,-1,Encalç,-1,0,2,4,-1,2,1,6.56,0,2,3,5,4
15748,2018,1,2018-08-11,SE,"AVELLANES I SANTA LINYA, LES",Noguera,2,0,2,0,1,0,0,0,0,1,0,0,0,50.0,0.0,0,3,No n'hi ha,-1.0,3,3,1,0,0,0,0,0,0,0,0,0,0,0,0,-1,1,Resta sortides de via,-1,2,2,5,2,2,0,2.19,2,1,5,11,8
15749,2018,1,2018-01-29,SE,BARCELONA,Barcelones,3,0,1,0,2,1,0,0,0,0,1,0,0,100.0,0.0,1,-1,Carril bus,-1.0,3,3,1,0,0,0,0,0,0,0,0,0,0,1,4,-1,1,Atropellament,0,2,2,5,-1,2,1,11.45,0,3,0,29,1
15750,2018,0,2018-12-01,BV-2421,"PALMA DE CERVELLO, LA",Baix Llobregat,3,0,1,0,1,0,0,0,1,0,0,0,0,90.0,0.0,0,-1,Sense Especificar,-1.0,3,3,1,0,0,0,0,0,0,0,0,0,0,0,4,-1,-1,Resta sortides de via,-1,1,2,4,4,2,0,7.13,0,1,5,1,12
15751,2018,0,2018-09-24,N-260,COLERA,Alt Emporda,1,0,1,0,2,1,0,0,0,1,0,0,0,60.0,0.0,0,3,No n'hi ha,-1.0,3,3,1,0,0,0,0,0,1,0,0,0,0,0,4,-1,1,Atropellament,-1,1,2,4,1,2,1,8.19,0,3,0,24,9
15752,2018,1,2018-06-19,SE,MANLLEU,Osona,3,1,0,0,2,1,0,0,0,0,1,0,0,100.0,0.0,0,2,No n'hi ha,-1.0,3,3,0,0,0,0,0,0,0,0,0,0,0,1,4,4,0,Atropellament,0,2,2,5,-1,2,1,18.49,1,3,1,19,6
15753,2018,1,2018-01-31,B-122,TERRASSA,Valles Occidental,3,0,1,0,2,0,0,0,1,1,0,0,0,100.0,0.0,0,2,No n'hi ha,-1.0,3,3,1,0,0,0,0,0,0,0,0,0,0,1,5,4,1,Envestida (frontal lateral),1,0,2,4,0,2,1,6.0,0,2,2,31,1
15754,2018,1,2018-06-14,SE,BARCELONA,Barcelones,3,0,1,0,2,1,0,0,1,0,0,0,0,100.0,0.0,1,-1,Carril bus,-1.0,3,3,1,0,0,0,0,0,0,0,0,0,0,1,0,-1,0,Atropellament,2,2,2,5,-1,2,1,21.15,1,3,3,14,6
15755,2018,1,2018-10-12,SE,IGUALADA,Anoia,3,0,1,0,1,0,0,1,0,0,0,0,0,50.0,0.0,0,-1,No n'hi ha,-1.0,3,3,1,-1,0,0,0,-1,0,0,0,0,-1,0,4,-1,0,Xoc contra objecte/obstacle sense sortida prèvia de via,-1,2,2,5,-1,2,0,18.17,1,4,4,12,10
15756,2018,1,2018-06-15,SE,BADALONA,Barcelones,3,0,1,0,2,0,0,0,0,2,0,0,0,20.0,0.0,0,-1,No n'hi ha,-1.0,3,3,1,0,-1,0,0,0,0,0,0,0,0,0,5,-1,-1,Encalç,-1,2,2,5,-1,2,0,23.4,2,2,4,15,6
15757,2018,1,2018-05-22,SE,TERRASSA,Valles Occidental,3,0,1,0,2,0,1,0,0,1,0,0,0,100.0,0.0,0,2,No n'hi ha,-1.0,3,3,1,0,0,0,0,0,0,0,0,0,0,1,4,4,0,Envestida (frontal lateral),2,2,2,5,-1,2,1,19.45,1,2,1,22,5
15758,2018,1,2018-11-07,SE,BARCELONA,Barcelones,3,0,1,0,2,1,0,0,0,1,0,0,0,100.0,0.0,1,-1,No n'hi ha,-1.0,3,3,1,0,0,0,0,0,0,0,0,0,0,1,0,-1,1,Atropellament,2,2,2,5,-1,2,1,19.0,1,3,2,7,11
15759,2018,0,2018-10-14,CR,TREMP,Pallars Jussa,2,0,1,0,1,0,0,0,0,1,0,0,0,100.0,0.0,0,1,No n'hi ha,-1.0,3,3,1,0,0,0,0,0,0,0,0,0,0,0,2,-1,1,Resta sortides de via,-1,1,0,4,0,2,0,14.16,1,1,6,14,10
15760,2018,1,2018-05-28,BV-5001,SANTA COLOMA DE GRAMANET,Barcelones,3,0,1,0,1,0,0,0,1,0,0,0,0,90.0,0.0,0,-1,No n'hi ha,-1.0,3,3,1,0,-1,0,0,0,0,0,0,0,0,0,0,-1,-1,Sortida de via amb xoc o col·lisió,-1,0,2,4,-1,2,1,21.35,1,1,0,28,5
15761,2018,0,2018-03-04,C-63,SILS,Selva,1,1,0,1,1,0,0,0,0,1,0,0,0,100.0,0.0,0,2,No n'hi ha,-1.0,3,3,0,0,0,0,0,0,0,0,0,0,0,0,3,-1,1,Resta sortides de via,-1,1,2,4,2,2,0,1.45,2,1,6,4,3
15762,2018,0,2018-10-14,C-35,SANTA MARIA DE PALAU,Valles Oriental,3,1,0,0,2,1,0,0,0,1,0,0,0,100.0,0.0,0,-1,No n'hi ha,-1.0,3,3,0,0,0,0,0,0,0,0,0,0,0,0,4,-1,-1,Atropellament,-1,1,2,4,-1,2,0,21.03,1,3,6,14,10
15763,2018,0,2018-03-11,GI-533,VILOBI D'ONYAR,Selva,1,0,1,0,1,0,1,0,0,0,0,0,0,70.0,1.0,0,2,No n'hi ha,,3,3,1,0,0,0,0,0,0,0,0,0,0,2,4,5,1,Caiguda en la via,1,1,2,4,2,2,0,9.15,0,0,6,11,3
15764,2018,1,2018-02-28,SE,CORNELLA DE LLOBREGAT,Baix Llobregat,3,1,0,0,1,0,0,0,1,0,0,0,0,20.0,0.0,0,-1,No n'hi ha,-1.0,2,3,0,-1,0,0,0,-1,1,0,0,0,-1,1,5,2,1,Xoc contra objecte/obstacle sense sortida prèvia de via,2,2,0,5,-1,2,1,21.26,1,4,2,28,2
15765,2018,0,2018-01-17,B-140,SANTA PERPETUA DE MO,Valles Occidental,3,1,0,1,3,0,0,0,0,1,2,0,0,100.0,0.0,0,-1,No n'hi ha,-1.0,3,3,0,0,0,0,0,0,0,0,0,0,0,0,4,-1,-1,Encalç,-1,1,2,4,-1,2,1,7.01,0,2,2,17,1
15766,2018,1,2018-03-30,SE,SALT,Girones,1,0,1,0,3,0,0,0,1,2,0,0,0,30.0,0.0,0,-1,No n'hi ha,-1.0,3,3,1,-1,0,0,0,-1,0,0,0,0,0,1,4,5,1,Envestida (frontal lateral),2,0,2,5,-1,2,0,17.18,1,2,4,30,3
15767,2018,1,2018-04-22,SE,GAVA,Baix Llobregat,3,0,1,0,2,0,0,0,1,1,0,0,0,100.0,1.0,0,2,No n'hi ha,-1.0,3,3,1,0,0,0,0,0,0,0,0,0,0,1,4,4,1,Envestida (frontal lateral),1,2,2,5,-1,2,0,18.3,1,2,6,22,4
15768,2018,1,2018-11-26,SE,CORNELLA DE LLOBREGAT,Baix Llobregat,3,0,1,0,2,0,1,0,1,0,0,0,0,20.0,0.0,0,-1,No n'hi ha,-1.0,3,3,1,0,0,0,0,0,0,0,0,0,0,0,1,-1,-1,Envestida (frontal lateral),-1,2,2,5,-1,2,1,18.2,1,2,0,26,11
15769,2018,1,2018-08-21,SE,CERDANYOLA DEL VALLES,Valles Occidental,3,0,1,0,4,0,0,1,0,3,0,0,0,30.0,0.0,0,1,No n'hi ha,-1.0,3,3,1,0,0,0,0,0,0,0,0,0,0,0,4,-1,0,Caiguda en la via,-1,2,2,5,-1,2,1,18.23,1,0,1,21,8
15770,2018,1,2018-10-03,SE,BARCELONA,Barcelones,3,0,1,2,2,0,0,0,1,1,0,0,0,30.0,0.0,1,-1,No n'hi ha,-1.0,3,3,1,0,0,0,0,0,0,0,0,0,0,1,0,-1,0,Envestida (frontal lateral),2,2,2,5,-1,2,1,21.5,1,2,2,3,10
15771,2018,1,2018-12-10,BV-1604,MOLLET DEL VALLES,Valles Oriental,3,0,1,0,2,0,0,0,1,1,0,0,0,100.0,0.0,0,-1,No n'hi ha,-1.0,3,3,1,0,0,0,0,0,0,0,0,0,0,0,4,-1,-1,Altres,-1,0,2,4,-1,2,1,15.2,1,5,0,10,12
15772,2018,1,2018-07-14,SE,ROQUETES,Baix Ebre,0,1,0,0,1,0,0,0,0,1,0,0,0,20.0,0.0,0,2,No n'hi ha,-1.0,3,3,0,-1,0,0,0,-1,0,0,0,0,-1,0,3,-1,1,Caiguda en la via,-1,2,2,5,-1,2,0,4.3,2,0,5,14,7
15773,2018,1,2018-12-23,C-37z,MANRESA,Bages,3,0,1,1,5,0,0,0,1,4,0,0,0,100.0,0.0,0,2,No n'hi ha,-1.0,3,3,1,0,0,0,0,0,0,0,0,0,0,0,4,-1,1,Envestida (frontal lateral),-1,0,2,4,0,2,0,11.1,0,2,6,23,12
15774,2018,0,2018-06-13,BV-4608,MANLLEU,Osona,3,1,0,0,1,0,0,0,0,1,0,0,0,50.0,0.0,0,2,No n'hi ha,-1.0,3,3,0,0,0,1,0,0,0,0,0,0,0,0,3,-1,1,Resta sortides de via,-1,1,2,4,3,2,1,22.38,2,1,2,13,6