,Year,Area,Date,Road,Municipality Name,County Name,Province Name,Fatalties,Serious Injuries,Light Injuries,Units Involved,Pedestrains Involved,Bicycles Involved,Mopeds Involved,Motorcycles,Light Vehicles Involved,Heavy Vehicles Involved,Other Units Involved,Unspecified Units Involved,Road Speed Limit,Accident with Hit and Run,Fog Presence,Surrounding Environment,Special Lane Presence,Special Traffic Measures,Weather Conditions,Special Road Functions,Severity of Accident,Influence of Fog,Influence of Environment,Influence of Traffic,Influence of Weather,Influence of Wind Intensity,Influence of Lighting,Influence of Special Measures,Influence of Road Objects,Influence of Road Surface,Influence of Visibility,Intersection Characteristics,Lighting Conditions,Traffic Regulation and Priority,Direction of Road,Subtype of Accident,Subtype of Road Section,Subzone within Area,Road Surface Conditions,Type of Road,Road Ownership,Wind Conditions,Day of the Week Grouping,Hour of Day,Time of Day Grouping,Type of Accident,Day Type,Day,Month
15775,2018,1,2018-07-26,SE,MALGRAT DE MAR,Maresme,3,0,1,0,1,0,0,0,1,0,0,0,0,20.0,0.0,0,-1,No n'hi ha,-1.0,3,3,1,-1,-1,0,0,-1,0,0,0,0,-1,0,5,-1,-1,Resta sortides de via,-1,2,2,5,-1,2,1,21.28,1,1,3,26,7
15776,2018,0,2018-11-21,L-303,OSSO DE SIO,Urgell,2,0,1,1,2,0,0,0,0,2,0,0,0,70.0,0.0,0,2,No n'hi ha,-1.0,3,3,1,0,0,0,0,0,0,0,0,0,0,1,2,4,1,Envestida (frontal lateral),1,1,2,4,2,2,1,11.38,0,2,2,21,11
15777,2018,0,2018-02-04,C-28,NAUT ARAN,Val d'Aran,2,0,1,0,1,0,0,0,0,1,0,0,0,100.0,0.0,0,1,No n'hi ha,-1.0,1,3,1,0,0,0,0,0,0,0,0,0,0,0,3,-1,1,Resta sortides de via,-1,1,2,4,2,2,0,3.59,2,1,6,4,2
15778,2018,1,2018-08-12,SE,LLORET DE MAR,Selva,1,0,1,1,2,0,0,0,1,1,0,0,0,100.0,0.0,0,2,No n'hi ha,-1.0,3,3,1,0,0,0,0,0,0,0,0,0,0,1,4,5,1,Envestida (frontal lateral),1,2,2,5,-1,2,0,13.08,0,2,6,12,8
15779,2018,0,2018-07-27,C-16,TERRASSA,Valles Occidental,3,0,1,0,1,0,0,0,1,0,0,0,0,90.0,0.0,0,-1,Sense Especificar,-1.0,3,3,1,0,0,0,0,0,0,0,0,0,0,0,4,-1,-1,Altres,-1,1,2,4,4,2,0,21.42,1,5,4,27,7
15780,2018,1,2018-03-16,SE,VECIANA,Anoia,3,0,1,0,1,0,0,0,0,0,0,1,0,20.0,0.0,0,-1,Sense Especificar,-1.0,3,3,1,0,0,0,0,0,0,0,0,0,0,0,4,-1,-1,Resta sortides de via,-1,2,2,5,-1,2,1,12.4,0,1,4,16,3
15781,2018,1,2018-08-02,BV-1221,NAVARCLES,Bages,3,0,2,0,1,0,0,0,1,0,0,0,0,100.0,0.0,0,2,No n'hi ha,-1.0,3,3,1,0,0,0,0,0,0,0,0,0,0,0,4,-1,1,Resta sortides de via,-1,0,2,4,3,2,1,16.14,1,1,3,2,8
15782,2018,0,2018-11-09,C-35,SANT CELONI,Valles Oriental,3,0,2,5,5,0,0,0,0,5,0,0,0,60.0,0.0,0,2,No n'hi ha,-1.0,3,3,1,0,0,0,0,0,0,0,0,0,0,0,0,-1,1,Encalç,-1,1,2,4,2,2,0,19.46,1,2,4,9,11
15783,2018,1,2018-01-03,SE,BARCELONA,Barcelones,3,0,1,0,2,0,1,0,0,1,0,0,0,100.0,0.0,1,-1,Carril bici,-1.0,3,3,1,0,0,0,0,0,0,0,0,0,0,1,0,-1,0,Envestida (frontal lateral),2,2,2,5,-1,2,1,23.1,2,2,2,3,1
15784,2018,1,2018-07-31,SE,VALLS,Alt Camp,0,0,1,0,2,1,0,0,0,1,0,0,0,50.0,0.0,0,3,No n'hi ha,-1.0,3,3,1,0,0,0,0,0,0,0,0,0,0,0,3,-1,1,Atropellament,-1,2,2,5,-1,2,1,22.22,2,3,1,31,7
15785,2018,0,2018-06-20,C-58,MONTCADA I REIXAC,Valles Occidental,3,0,1,1,2,0,0,0,1,1,0,0,0,120.0,0.0,0,2,No n'hi ha,-1.0,3,3,1,0,0,1,0,0,0,0,0,0,0,0,4,-1,1,Altres,-1,1,2,4,2,2,1,8.28,0,5,2,20,6
15786,2018,1,2018-08-10,SE,SANT CARLES DE LA RAPITA,Montsia,0,0,1,0,2,0,0,1,0,1,0,0,0,30.0,0.0,0,2,No n'hi ha,-1.0,3,3,1,0,0,0,0,0,0,0,0,0,0,1,4,4,1,Envestida (frontal lateral),2,2,2,5,-1,2,0,15.14,1,2,4,10,8
15787,2018,1,2018-05-11,SE,MATARO,Maresme,3,0,1,0,2,0,0,0,1,1,0,0,0,20.0,,0,-1,No n'hi ha,-1.0,3,3,1,0,-1,0,0,0,0,0,0,0,0,0,4,-1,-1,Fregament o col·lisió lateral,-1,2,2,5,-1,2,1,9.37,0,2,4,11,5
15788,2018,0,2018-11-19,N-II,MACANET DE LA SELVA,Selva,1,0,2,0,2,0,0,0,0,1,1,0,0,80.0,0.0,0,2,No n'hi ha,-1.0,3,3,1,0,0,0,0,0,0,0,0,0,0,0,1,-1,1,Col·lisió frontal,-1,1,2,4,1,2,1,7.34,0,2,0,19,11
15789,2018,1,2018-10-17,SE,BARCELONA,Barcelones,3,1,0,0,2,1,0,0,0,1,0,0,0,100.0,0.0,1,-1,Carril bus,-1.0,3,3,0,0,0,0,0,0,0,0,0,0,0,1,4,-1,0,Atropellament,2,2,2,5,-1,2,1,9.5,0,3,2,17,10
15790,2018,0,2018-06-10,GI-682,LLORET DE MAR,Selva,1,0,1,0,2,0,1,0,0,1,0,0,0,100.0,0.0,0,1,No n'hi ha,-1.0,3,3,1,0,0,0,0,0,0,0,0,0,0,1,0,5,1,Col·lisió frontal,1,1,2,4,2,2,0,1.32,2,2,6,10,6
15791,2018,0,2018-07-20,N-260,CONCA DE DALT,Pallars Jussa,2,0,3,0,2,0,0,0,1,1,0,0,0,100.0,0.0,0,1,No n'hi ha,-1.0,3,3,1,0,0,0,0,0,0,0,0,0,0,1,4,4,1,Envestida (frontal lateral),0,1,2,4,1,2,1,13.14,0,2,4,20,7
15792,2018,1,2018-11-22,B-511,ARENYS DE MAR,Maresme,3,0,1,0,2,1,0,0,0,1,0,0,0,100.0,0.0,0,-1,No n'hi ha,-1.0,3,3,1,0,0,0,0,0,0,0,0,0,0,0,4,-1,-1,Atropellament,-1,0,2,4,-1,2,1,12.15,0,3,3,22,11
15793,2018,1,2018-03-12,SE,SABADELL,Valles Occidental,3,0,1,0,2,1,0,0,0,0,1,0,0,100.0,0.0,0,-1,No n'hi ha,-1.0,3,3,1,0,0,0,0,0,0,0,0,0,0,0,4,-1,-1,Altres,-1,2,2,5,-1,2,1,6.05,0,5,0,12,3
15794,2018,0,2018-09-10,N-260a,RIUDAURA,Garrotxa,1,0,1,0,1,0,0,0,1,0,0,0,0,90.0,0.0,0,-1,Sense Especificar,-1.0,3,3,1,0,0,0,0,0,0,0,0,0,0,0,4,-1,-1,Resta sortides de via,-1,1,2,4,4,2,1,13.06,0,1,0,10,9
15795,2018,1,2018-07-19,SE,BARCELONA,Barcelones,3,0,1,0,2,0,0,0,1,1,0,0,0,100.0,0.0,1,-1,Carril bici,-1.0,3,3,1,0,0,0,0,0,0,0,0,0,0,1,0,-1,0,Envestida (frontal lateral),2,2,2,5,-1,2,1,17.3,1,2,3,19,7
15796,2018,1,2018-01-16,SE,BARCELONA,Barcelones,3,0,1,0,2,1,0,0,0,1,0,0,0,100.0,0.0,1,-1,No n'hi ha,-1.0,3,3,1,0,0,0,0,0,0,0,0,0,0,0,0,-1,0,Atropellament,-1,2,2,5,-1,2,1,18.15,1,3,1,16,1
15797,2018,1,2018-12-16,SE,GIRONA,Girones,1,0,1,0,2,1,0,0,0,1,0,0,0,30.0,0.0,0,2,No n'hi ha,-1.0,1,3,1,0,0,0,0,0,0,0,0,0,0,2,4,3,1,Atropellament,1,2,2,5,-1,2,0,12.36,0,3,6,16,12
15798,2018,0,2018-04-20,CR,"PRESES, LES",Garrotxa,1,0,1,0,1,0,0,1,0,0,0,0,0,30.0,0.0,0,2,No n'hi ha,-1.0,3,3,1,0,0,0,0,0,0,0,0,0,0,0,4,-1,1,Resta sortides de via,-1,1,2,3,0,2,0,16.07,1,1,4,20,4
15799,2018,1,2018-09-19,SE,GIRONA,Girones,1,0,1,0,2,1,0,0,0,1,0,0,0,100.0,0.0,0,2,No n'hi ha,-1.0,3,3,1,0,0,0,0,0,0,0,0,0,0,1,4,3,1,Atropellament,1,2,2,5,-1,2,1,10.06,0,3,2,19,9
15800,2018,0,2018-04-18,T-310,RIUDOMS,Baix Camp,0,0,2,0,2,0,0,0,0,2,0,0,0,100.0,0.0,0,2,No n'hi ha,-1.0,3,3,1,0,0,0,0,0,0,0,0,0,0,0,4,-1,1,Col·lisió frontal,-1,1,2,4,2,2,1,7.59,0,2,2,18,4
15801,2018,1,2018-06-19,SE,BARCELONA,Barcelones,3,0,1,0,2,0,0,0,1,1,0,0,0,100.0,0.0,1,-1,Carril bici,-1.0,3,3,1,0,0,0,0,0,0,0,0,0,0,0,4,-1,1,Fregament o col·lisió lateral,-1,2,2,5,-1,2,1,9.3,0,2,1,19,6
15802,2018,1,2018-10-10,SE,VILANOVA I LA GELTRU,Garraf,3,0,1,0,2,1,0,0,1,0,0,0,0,100.0,0.0,0,-1,No n'hi ha,-1.0,3,3,1,0,0,0,0,0,0,0,0,0,0,0,4,-1,-1,Atropellament,-1,2,2,5,-1,2,1,19.15,1,3,2,10,10
15803,2018,1,2018-09-20,N-II,MACANET DE LA SELVA,Selva,1,0,1,1,2,1,0,0,1,0,0,0,0,90.0,0.0,0,-1,No n'hi ha,-1.0,3,3,1,-1,-1,0,0,-1,0,0,0,0,1,1,4,4,-1,Atropellament,2,0,2,4,-1,2,1,18.57,1,3,3,20,9
15804,2018,0,2018-08-09,AP-7,FREGINALS,Montsia,0,1,0,0,1,0,0,0,0,0,1,0,0,100.0,0.0,0,2,No n'hi ha,-1.0,3,3,0,0,0,0,0,0,0,0,0,0,0,0,3,-1,0,Resta sortides de via,-1,1,2,4,1,2,1,4.0,2,1,3,9,8
15805,2018,1,2018-12-18,SE,SABADELL,Valles Occidental,3,0,1,0,2,0,0,0,1,1,0,0,0,100.0,0.0,0,-1,No n'hi ha,-1.0,3,3,1,0,0,0,0,0,0,0,0,0,0,0,4,-1,-1,Envestida (frontal lateral),-1,2,2,5,-1,2,1,14.51,1,2,1,18,12
15806,2018,0,2018-10-14,CR,VINEBRE,Ribera d'Ebre,0,1,0,0,1,0,0,0,0,0,1,0,0,100.0,0.0,0,1,No n'hi ha,-1.0,3,3,0,0,0,0,0,0,0,0,0,0,0,0,4,-1,1,Resta sortides de via,-1,1,0,3,0,2,0,9.19,0,1,6,14,10
15807,2018,1,2018-12-13,SE,VILADECANS,Baix Llobregat,3,0,1,0,1,0,0,0,1,0,0,0,0,100.0,0.0,0,-1,No n'hi ha,-1.0,3,3,1,0,0,0,1,0,0,0,0,0,0,0,4,-1,-1,Caiguda en la via,-1,2,2,5,-1,2,1,15.3,1,0,3,13,12
15808,2018,1,2018-04-09,SE,TARRAGONA,Tarragones,0,0,1,0,2,0,0,0,1,1,0,0,0,20.0,0.0,0,2,No n'hi ha,-1.0,3,3,1,-1,0,0,0,-1,0,0,0,0,-1,1,4,3,0,Encalç,0,2,2,5,-1,2,1,19.2,1,2,0,9,4
15809,2018,1,2018-06-16,SE,TERRASSA,Valles Occidental,3,0,1,0,4,3,0,0,0,1,0,0,0,100.0,0.0,0,2,No n'hi ha,-1.0,3,3,1,0,0,0,0,0,0,0,0,0,0,0,4,-1,0,Atropellament,-1,2,2,5,-1,2,0,17.4,1,3,5,16,6
15810,2018,0,2018-04-29,AP-7,SARRIA DE TER,Girones,1,1,1,1,2,0,0,0,0,2,0,0,0,100.0,0.0,0,1,No n'hi ha,-1.0,3,3,0,0,0,0,0,0,0,0,0,0,0,0,3,-1,0,Col·lisió frontal,-1,1,2,4,2,2,0,23.49,2,2,6,29,4
15811,2018,0,2018-10-23,BV-1602,LLICA DE VALL,Valles Oriental,3,0,1,0,1,0,0,0,1,0,0,0,0,100.0,0.0,0,3,No n'hi ha,-1.0,3,3,1,0,0,0,0,0,0,0,0,0,0,0,4,-1,1,Caiguda en la via,-1,1,2,4,3,2,1,17.39,1,0,1,23,10
15812,2018,0,2018-04-15,N-141D,CALLDETENES,Osona,3,0,1,0,2,0,1,0,0,1,0,0,0,60.0,0.0,0,2,No n'hi ha,-1.0,3,3,1,0,0,0,0,0,0,0,0,0,0,1,4,4,0,Envestida (frontal lateral),0,1,2,4,1,2,0,16.36,1,2,6,15,4
15813,2018,0,2018-05-27,C-15,SANTA FE DEL PENEDES,Alt Penedes,3,0,1,0,1,0,0,0,1,0,0,0,0,90.0,0.0,0,-1,Sense Especificar,-1.0,3,3,1,0,0,0,0,0,0,0,0,0,0,0,4,-1,-1,Altres,-1,1,2,4,4,2,0,8.09,0,5,6,27,5
15814,2018,0,2018-12-17,A-2,ESPARREGUERA,Baix Llobregat,3,0,1,0,2,0,0,0,1,1,0,0,0,100.0,0.0,0,3,No n'hi ha,-1.0,3,3,1,0,0,0,0,0,0,0,0,0,0,0,5,-1,1,Encalç,-1,1,2,4,1,2,1,18.39,1,2,0,17,12
15815,2018,1,2018-07-26,SE,SABADELL,Valles Occidental,3,0,2,0,1,0,0,1,0,0,0,0,0,100.0,0.0,0,-1,No n'hi ha,-1.0,3,3,1,0,0,0,0,0,0,0,0,0,0,0,4,-1,-1,Altres,-1,2,2,5,-1,2,1,1.04,2,5,3,26,7
15816,2018,1,2018-10-05,SE,BARCELONA,Barcelones,3,0,1,0,2,1,0,0,0,0,1,0,0,100.0,0.0,1,-1,Carril bus,-1.0,3,3,1,0,0,0,0,0,0,0,0,0,0,0,4,-1,1,Atropellament,-1,2,2,5,-1,2,1,13.58,0,3,4,5,10
15817,2018,0,2018-09-30,N-II,CAPMANY,Alt Emporda,1,1,3,0,1,0,0,0,0,1,0,0,0,80.0,0.0,0,3,No n'hi ha,-1.0,3,3,0,0,0,0,0,0,0,0,0,0,0,0,3,-1,1,Resta sortides de via,-1,1,2,4,1,2,0,5.18,2,1,6,30,9
15818,2018,0,2018-01-02,CR,POBOLEDA,Priorat,0,1,0,0,1,0,0,0,0,1,0,0,0,100.0,0.0,0,1,No n'hi ha,-1.0,3,3,0,0,0,0,0,0,0,0,0,0,0,0,3,-1,1,Resta sortides de via,-1,1,0,3,0,2,1,22.37,2,1,1,2,1
15819,2018,0,2018-12-25,B-402,"POBLA DE LILLET, LA",Bergueda,3,0,1,0,2,0,0,1,1,0,0,0,0,100.0,0.0,0,0,No n'hi ha,-1.0,3,3,1,0,0,0,0,0,1,0,0,0,0,0,3,-1,1,Fregament o col·lisió lateral,-1,1,2,4,4,2,1,6.37,0,2,1,25,12
15820,2018,1,2018-12-28,SE,TARRAGONA,Tarragones,0,0,1,0,2,1,0,0,0,1,0,0,0,20.0,,0,2,No n'hi ha,-1.0,3,3,1,-1,0,0,0,-1,0,0,0,0,-1,0,4,-1,0,Atropellament,-1,2,2,5,-1,2,0,15.0,1,3,4,28,12
15821,2018,1,2018-07-04,SE,MATARO,Maresme,3,0,1,1,3,0,0,0,1,2,0,0,0,20.0,0.0,0,-1,No n'hi ha,-1.0,3,3,1,0,0,0,0,0,0,0,0,0,0,1,4,4,-1,Envestida (frontal lateral),2,2,2,5,-1,2,1,8.05,0,2,2,4,7
15822,2018,0,2018-04-04,C-17,PARETS DEL VALLES,Valles Oriental,3,0,1,0,2,0,0,0,1,1,0,0,0,100.0,0.0,0,3,No n'hi ha,-1.0,3,3,1,0,0,0,0,0,0,0,0,0,0,0,4,-1,1,Encalç,-1,1,2,4,2,2,1,7.33,0,2,2,4,4
15823,2018,1,2018-02-01,SE,SABADELL,Valles Occidental,3,0,1,0,2,0,0,1,0,1,0,0,0,100.0,0.0,0,-1,No n'hi ha,-1.0,3,3,1,0,0,0,0,0,0,0,0,0,0,0,4,-1,-1,Altres,-1,2,2,5,-1,2,1,22.0,2,5,3,1,2
15824,2018,0,2018-12-17,N-260,CONCA DE DALT,Pallars Jussa,2,0,1,0,1,0,0,0,0,1,0,0,0,100.0,0.0,0,1,No n'hi ha,-1.0,3,3,1,0,0,0,0,0,0,0,0,0,0,0,1,-1,1,Resta sortides de via,-1,1,2,4,1,2,1,8.06,0,1,0,17,12
15825,2018,0,2018-05-31,B-20,BADALONA,Barcelones,3,0,1,1,3,0,0,0,2,1,0,0,0,90.0,0.0,0,-1,Sense Especificar,-1.0,3,3,1,0,0,0,0,0,0,0,0,0,0,0,4,-1,-1,Encalç,-1,1,2,4,4,2,1,19.55,1,2,3,31,5
15826,2018,0,2018-03-08,LV-4241,SOLSONA,Solsones,2,0,1,0,1,0,0,0,1,0,0,0,0,60.0,0.0,0,0,No n'hi ha,-1.0,3,3,1,0,0,0,0,0,0,0,0,0,0,1,4,4,1,Caiguda en la via,1,1,2,4,3,2,1,15.17,1,0,3,8,3
15827,2018,1,2018-08-24,SE,BARCELONA,Barcelones,3,0,1,1,2,1,0,0,1,0,0,0,0,100.0,0.0,1,-1,No n'hi ha,-1.0,3,3,1,0,0,0,0,0,0,0,0,0,0,1,4,-1,1,Atropellament,2,2,2,5,-1,2,0,15.2,1,3,4,24,8
15828,2018,0,2018-02-13,BV-1432,LLICA D'AMUNT,Valles Oriental,3,0,1,0,1,0,0,0,1,0,0,0,0,90.0,0.0,0,-1,Sense Especificar,-1.0,3,3,1,0,0,0,0,0,0,0,0,0,0,1,4,5,-1,Altres,2,1,2,4,4,2,1,5.56,2,5,1,13,2
15829,2018,1,2018-02-19,SE,TERRASSA,Valles Occidental,3,0,1,0,1,0,0,0,1,0,0,0,0,100.0,0.0,0,2,No n'hi ha,-1.0,3,3,1,0,0,0,0,0,0,0,0,0,0,1,4,4,0,Caiguda en la via,0,2,2,5,-1,2,1,12.15,0,0,0,19,2
15830,2018,0,2018-12-04,C-1413a,SANT CUGAT DEL VALLES,Valles Occidental,3,1,0,0,2,0,0,0,1,0,1,0,0,100.0,0.0,0,-1,No n'hi ha,-1.0,3,3,0,0,0,0,0,0,0,0,0,0,0,0,4,-1,-1,Fregament o col·lisió lateral,-1,1,2,4,-1,2,1,7.35,0,2,1,4,12
15831,2018,0,2018-02-14,CR,"PALAU D'ANGLESOLA, EL",Pla d'Urgell,2,0,1,6,2,0,0,0,0,2,0,0,0,100.0,0.0,0,2,No n'hi ha,-1.0,3,3,1,0,0,0,0,0,0,0,0,0,0,1,4,5,1,Encalç,1,1,2,3,0,2,1,14.59,1,2,2,14,2
15832,2018,0,2018-02-26,C-31,SITGES,Garraf,3,0,1,0,1,0,0,0,1,0,0,0,0,100.0,0.0,0,2,No n'hi ha,-1.0,3,3,1,0,0,0,0,0,0,0,0,0,0,0,4,-1,1,Caiguda en la via,-1,1,2,4,2,2,1,11.36,0,0,0,26,2
15833,2018,1,2018-05-16,SE,BARCELONA,Barcelones,3,0,1,0,2,0,1,0,0,1,0,0,0,100.0,0.0,1,-1,No n'hi ha,-1.0,3,3,1,0,0,0,0,0,0,0,0,0,0,0,4,-1,1,Encalç,-1,2,2,5,-1,2,1,9.0,0,2,2,16,5
15834,2018,1,2018-12-07,SE,HOSPITALET DE LLOBREGAT,Barcelones,3,0,1,0,2,0,0,0,1,1,0,0,0,20.0,0.0,0,-1,No n'hi ha,-1.0,3,3,1,-1,0,0,0,-1,0,0,0,0,0,1,4,3,1,Envestida (frontal lateral),2,2,2,5,-1,2,1,14.45,1,2,4,7,12
15835,2018,0,2018-11-05,C-153,TAVERNOLES,Osona,3,0,1,0,2,0,0,0,1,1,0,0,0,70.0,0.0,0,2,No n'hi ha,-1.0,2,3,1,0,0,0,1,0,0,0,0,0,1,1,3,4,1,Envestida (frontal lateral),2,1,2,4,2,0,1,20.33,1,2,0,5,11
15836,2018,0,2018-05-11,C-51,ALBINYANA,Baix Penedes,0,0,1,0,1,0,0,0,0,1,0,0,0,100.0,0.0,0,2,No n'hi ha,-1.0,3,3,1,0,0,0,0,0,0,0,0,0,0,0,0,-1,1,Resta sortides de via,-1,1,2,4,2,2,1,5.19,2,1,4,11,5
15837,2018,1,2018-04-19,SE,CERDANYOLA DEL VALLES,Valles Occidental,3,0,1,0,2,1,0,0,0,0,1,0,0,100.0,0.0,0,2,No n'hi ha,-1.0,3,3,1,0,0,0,0,0,0,0,0,0,0,1,4,3,1,Atropellament,2,2,2,5,0,2,1,8.25,0,3,3,19,4
15838,2018,0,2018-12-18,BV-1310,CASTELLTERCOL,Moianès,3,0,5,0,2,0,0,0,0,2,0,0,0,100.0,0.0,0,3,No n'hi ha,-1.0,3,3,1,0,0,0,0,0,0,0,0,0,0,0,4,-1,1,Col·lisió frontal,-1,1,2,4,4,2,1,14.45,1,2,1,18,12
15839,2018,1,2018-04-12,SE,VILANOVA I LA GELTRU,Garraf,3,0,1,1,2,1,0,0,1,0,0,0,0,100.0,0.0,0,-1,No n'hi ha,-1.0,3,3,1,0,0,0,0,0,0,0,0,0,0,0,4,-1,-1,Atropellament,-1,2,2,5,-1,2,1,12.38,0,3,3,12,4
15840,2018,1,2018-09-22,SE,SANTA COLOMA DE GRAMANET,Barcelones,3,0,1,0,2,1,0,0,0,1,0,0,0,20.0,0.0,0,2,No n'hi ha,-1.0,3,3,1,-1,0,0,0,-1,0,0,0,0,-1,0,4,-1,0,Atropellament,-1,2,2,5,-1,2,0,11.23,0,3,5,22,9
15841,2018,1,2018-05-18,SE,BARCELONA,Barcelones,3,0,1,0,2,0,0,1,0,1,0,0,0,100.0,1.0,1,-1,No n'hi ha,-1.0,3,3,1,0,0,0,0,0,0,0,0,0,0,1,4,-1,1,Fregament o col·lisió lateral,2,2,2,5,-1,2,0,16.5,1,2,4,18,5
15842,2018,1,2018-06-30,SE,BARCELONA,Barcelones,3,0,1,0,4,0,0,0,1,3,0,0,0,100.0,0.0,1,-1,Carril bus,-1.0,3,3,1,0,0,0,0,0,0,0,0,0,0,1,4,-1,1,Envestida (frontal lateral),2,2,2,5,-1,2,0,14.5,1,2,5,30,6
15843,2018,0,2018-08-07,N-150,BARBERA DEL VALLES,Valles Occidental,3,0,1,0,1,0,0,0,1,0,0,0,0,90.0,0.0,0,-1,Sense Especificar,-1.0,3,3,1,0,0,0,0,0,0,0,0,0,0,0,4,-1,-1,Altres,-1,1,2,4,4,2,1,11.59,0,5,1,7,8
15844,2018,1,2018-08-27,SE,BARCELONA,Barcelones,3,0,1,0,2,1,0,0,0,1,0,0,0,100.0,0.0,1,-1,No n'hi ha,-1.0,3,3,1,0,0,0,0,0,0,0,0,0,0,1,0,-1,1,Atropellament,1,2,2,5,-1,2,1,20.55,1,3,0,27,8
15845,2018,0,2018-06-20,B-224,PIERA,Anoia,3,0,1,0,2,0,0,0,1,1,0,0,0,100.0,0.0,0,2,No n'hi ha,-1.0,3,3,1,0,0,0,0,0,0,0,0,0,0,2,4,5,1,Encalç,3,1,2,4,3,2,1,18.12,1,2,2,20,6
15846,2018,0,2018-02-09,C-251,GRANOLLERS,Valles Oriental,3,0,1,0,3,0,0,0,1,2,0,0,0,40.0,0.0,0,2,No n'hi ha,-1.0,3,3,1,0,0,0,0,0,0,0,0,0,0,2,4,4,1,Altres,3,1,2,4,2,2,0,17.2,1,5,4,9,2
15847,2018,0,2018-09-15,B-20,CORNELLA DE LLOBREGAT,Baix Llobregat,3,0,1,1,1,0,0,0,1,0,0,0,0,60.0,0.0,0,3,No n'hi ha,-1.0,3,3,1,0,0,0,0,0,0,0,0,0,0,1,4,2,0,Caiguda en la via,3,1,2,4,1,2,0,13.35,0,0,5,15,9
15848,2018,0,2018-05-14,BV-5001,MARTORELLES,Valles Oriental,3,0,1,0,2,0,0,0,1,0,1,0,0,50.0,0.0,0,1,No n'hi ha,-1.0,3,3,1,0,0,0,0,0,0,0,0,0,0,0,4,-1,1,Col·lisió frontal,-1,1,2,4,3,2,1,14.38,1,2,0,14,5
15849,2018,1,2018-01-12,SE,BARCELONA,Barcelones,3,0,1,0,2,0,0,0,0,1,1,0,0,100.0,1.0,1,-1,Carril bus,-1.0,3,3,1,0,0,0,0,0,0,0,0,0,0,0,4,-1,1,Caiguda en la via,-1,2,2,5,-1,2,1,8.3,0,0,4,12,1
15850,2018,0,2018-12-01,C-422,"SELVA DEL CAMP, LA",Baix Camp,0,0,1,0,2,0,1,0,0,1,0,0,0,100.0,0.0,0,2,No n'hi ha,-1.0,3,3,1,0,0,0,0,0,0,0,0,0,0,0,4,-1,1,Envestida (frontal lateral),-1,1,2,4,2,2,0,16.09,1,2,5,1,12
15851,2018,1,2018-11-29,SE,DELTEBRE,Baix Ebre,0,0,1,1,2,0,0,1,0,1,0,0,0,100.0,0.0,0,2,No n'hi ha,-1.0,3,3,1,0,0,0,0,0,0,0,0,0,0,1,5,5,1,Envestida (frontal lateral),2,2,2,5,-1,2,1,20.1,1,2,3,29,11
15852,2018,1,2018-12-15,SE,BARCELONA,Barcelones,3,0,2,0,2,0,0,1,0,1,0,0,0,100.0,0.0,1,-1,No n'hi ha,-1.0,3,3,1,0,0,0,0,0,0,0,0,0,0,1,0,-1,1,Envestida (frontal lateral),2,2,2,5,-1,2,0,19.15,1,2,5,15,12
15853,2018,1,2018-02-15,SE,SALOU,Tarragones,0,0,1,0,2,0,0,0,1,1,0,0,0,100.0,0.0,0,2,No n'hi ha,-1.0,3,3,1,0,0,0,0,0,0,0,0,0,0,1,5,4,0,Envestida (frontal lateral),2,2,2,5,-1,2,1,21.1,1,2,3,15,2
15854,2018,1,2018-09-28,SE,DELTEBRE,Baix Ebre,0,1,0,0,1,0,0,1,0,0,0,0,0,100.0,0.0,0,2,No n'hi ha,-1.0,3,3,0,0,0,0,0,0,0,0,0,0,0,2,5,-1,1,Xoc contra objecte/obstacle sense sortida prèvia de via,1,2,2,5,-1,2,1,3.45,2,4,4,28,9
15855,2018,1,2018-09-23,SE,GIRONA,Girones,1,0,1,0,2,1,1,0,0,0,0,0,0,30.0,0.0,0,2,No n'hi ha,-1.0,3,3,1,0,0,0,0,0,0,0,0,0,1,0,5,-1,0,Atropellament,-1,2,2,5,-1,2,0,20.16,1,3,6,23,9
15856,2018,0,2018-05-23,C-59,MOLLET DEL VALLES,Valles Oriental,3,0,1,0,1,0,0,0,0,0,1,0,0,40.0,0.0,0,1,Altres,-1.0,3,3,1,0,0,0,0,0,0,0,0,0,0,1,4,5,1,Resta sortides de via,1,1,2,4,2,2,1,11.15,0,1,2,23,5
15857,2018,1,2018-04-03,SE,LLEIDA,Segria,2,0,1,0,2,1,0,0,0,1,0,0,0,20.0,0.0,0,-1,No n'hi ha,-1.0,3,3,1,0,-1,0,0,0,0,0,0,0,0,0,4,-1,-1,Atropellament,-1,2,2,5,-1,2,1,8.1,0,3,1,3,4
15858,2018,1,2018-02-23,B-511,ARENYS DE MAR,Maresme,3,0,1,0,2,1,0,0,0,1,0,0,0,100.0,0.0,0,2,No n'hi ha,-1.0,3,3,1,0,0,0,0,0,0,0,0,0,0,0,4,-1,1,Atropellament,-1,0,2,4,0,2,1,11.3,0,3,4,23,2
15859,2018,1,2018-06-16,SE,"ARBO?, L'",Baix Penedes,0,0,1,0,2,0,0,0,1,1,0,0,0,30.0,0.0,0,2,No n'hi ha,-1.0,3,3,1,0,0,0,0,0,0,0,0,0,0,1,4,4,1,Sortida de via amb xoc o col·lisió,0,2,2,5,-1,2,0,19.25,1,1,5,16,6