,Year,Area,Date,Road,Municipality Name,County Name,Province Name,Fatalties,Serious Injuries,Light Injuries,Units Involved,Pedestrains Involved,Bicycles Involved,Mopeds Involved,Motorcycles,Light Vehicles Involved,Heavy Vehicles Involved,Other Units Involved,Unspecified Units Involved,Road Speed Limit,Accident with Hit and Run,Fog Presence,Surrounding Environment,Special Lane Presence,Special Traffic Measures,Weather Conditions,Special Road Functions,Severity of Accident,Influence of Fog,Influence of Environment,Influence of Traffic,Influence of Weather,Influence of Wind Intensity,Influence of Lighting,Influence of Special Measures,Influence of Road Objects,Influence of Road Surface,Influence of Visibility,Intersection Characteristics,Lighting Conditions,Traffic Regulation and Priority,Direction of Road,Subtype of Accident,Subtype of Road Section,Subzone within Area,Road Surface Conditions,Type of Road,Road Ownership,Wind Conditions,Day of the Week Grouping,Hour of Day,Time of Day Grouping,Type of Accident,Day Type,Day,Month
15860,2018,0,2018-10-27,C-25,MANRESA,Bages,3,1,0,0,1,0,0,0,0,1,0,0,0,100.0,0.0,0,2,No n'hi ha,-1.0,1,3,0,0,0,0,1,0,0,0,0,0,0,0,0,-1,1,Resta sortides de via,-1,1,2,4,2,2,0,19.45,1,1,5,27,10
15861,2018,0,2018-04-22,GI-503,DARNIUS,Alt Emporda,1,0,1,0,1,0,0,0,1,0,0,0,0,90.0,0.0,0,-1,Sense Especificar,-1.0,3,3,1,0,0,0,0,0,0,0,0,0,0,0,4,-1,-1,Resta sortides de via,-1,1,2,4,4,2,0,15.18,1,1,6,22,4
15862,2018,0,2018-04-01,SE,RUPIT I PRUIT,Osona,3,0,1,0,1,0,0,0,1,0,0,0,0,30.0,0.0,0,2,No n'hi ha,-1.0,3,3,1,0,0,0,0,0,0,0,0,0,0,0,4,-1,1,Resta sortides de via,-1,1,2,0,3,2,0,17.46,1,1,6,1,4
15863,2018,1,2018-06-09,SE,TARRAGONA,Tarragones,0,0,1,0,1,0,0,0,0,0,0,1,0,100.0,0.0,0,2,No n'hi ha,-1.0,3,3,1,0,0,0,0,0,0,0,0,0,0,0,1,-1,1,Resta sortides de via,-1,2,2,5,0,2,0,21.3,1,1,5,9,6
15864,2018,1,2018-07-05,SE,BARCELONA,Barcelones,3,0,1,0,1,0,0,0,1,0,0,0,0,100.0,0.0,1,-1,Carril bici,-1.0,3,3,1,0,0,0,0,0,0,0,0,0,0,0,4,-1,0,Xoc contra objecte/obstacle sense sortida prèvia de via,-1,2,2,5,-1,2,1,13.25,0,4,3,5,7
15865,2018,0,2018-03-29,AL,BELLVER DE CERDANYA,Cerdanya,2,0,1,4,1,0,0,0,0,1,0,0,0,100.0,0.0,0,1,No n'hi ha,-1.0,3,3,1,0,0,0,0,0,0,0,0,0,0,0,4,-1,1,Resta sortides de via,-1,1,2,4,3,2,1,8.34,0,1,3,29,3
15866,2018,0,2018-09-22,N-340,ALCANAR,Montsia,0,0,1,1,2,0,0,1,0,1,0,0,0,100.0,0.0,0,2,No n'hi ha,-1.0,3,3,1,0,0,0,0,0,0,0,0,0,0,1,4,5,1,Envestida (frontal lateral),1,1,2,4,1,2,0,11.52,0,2,5,22,9
15867,2018,1,2018-08-16,SE,BARCELONA,Barcelones,3,0,1,1,2,0,0,0,2,0,0,0,0,100.0,0.0,1,-1,No n'hi ha,-1.0,3,3,1,0,0,0,0,0,0,0,0,0,0,1,4,-1,1,Envestida (frontal lateral),2,2,2,5,-1,2,1,19.3,1,2,3,16,8
15868,2018,1,2018-06-18,SE,VIC,Osona,3,0,1,0,2,0,0,0,1,1,0,0,0,100.0,0.0,0,2,No n'hi ha,-1.0,3,3,1,0,0,0,0,0,0,0,0,0,0,0,4,-1,1,Envestida (frontal lateral),-1,2,2,5,-1,2,1,15.3,1,2,0,18,6
15869,2018,1,2018-02-09,SE,SANT CELONI,Valles Oriental,3,1,0,0,2,1,1,0,0,0,0,0,0,100.0,0.0,0,1,Carril bici,-1.0,3,3,0,0,0,0,0,0,0,0,0,0,0,0,4,-1,1,Atropellament,-1,2,2,5,-1,2,1,10.3,0,3,4,9,2
15870,2018,1,2018-04-24,B-682,PALAFOLLS,Maresme,3,0,1,0,2,0,0,0,1,1,0,0,0,100.0,0.0,0,-1,No n'hi ha,-1.0,3,3,1,0,0,0,0,0,0,0,0,0,0,0,4,-1,-1,Fregament o col·lisió lateral,-1,0,2,4,-1,2,1,20.44,1,2,1,24,4
15871,2018,0,2018-07-12,C-63,VIDRERES,Selva,1,0,2,0,2,0,0,0,1,1,0,0,0,80.0,0.0,0,2,No n'hi ha,-1.0,3,3,1,0,0,0,0,0,0,0,0,0,0,0,4,-1,1,Fregament o col·lisió lateral,-1,1,2,4,2,2,1,16.16,1,2,3,12,7
15872,2018,1,2018-10-26,C-31,CUNIT,Baix Penedes,0,0,1,0,2,1,0,0,0,1,0,0,0,100.0,0.0,0,-1,No n'hi ha,-1.0,3,3,1,0,0,0,0,0,0,0,0,0,0,0,4,-1,-1,Altres,-1,0,2,4,-1,2,0,19.05,1,5,4,26,10
15873,2018,0,2018-09-15,AL,TORA,Segarra,2,0,1,0,1,0,0,0,1,0,0,0,0,90.0,0.0,0,-1,Sense Especificar,-1.0,3,3,1,0,0,0,0,0,0,0,0,0,0,0,4,-1,-1,Altres,-1,1,2,4,4,2,0,13.23,0,5,5,15,9
15874,2018,1,2018-02-02,SE,LLEIDA,Segria,2,0,1,0,1,0,0,0,1,0,0,0,0,20.0,0.0,0,-1,No n'hi ha,-1.0,1,3,1,-1,-1,0,0,-1,0,0,0,0,-1,0,1,-1,-1,Caiguda en la via,-1,2,0,5,-1,2,0,18.3,1,0,4,2,2
15875,2018,1,2018-10-13,BV-6001,MALGRAT DE MAR,Maresme,3,0,2,1,1,0,0,0,0,1,0,0,0,90.0,0.0,0,-1,No n'hi ha,-1.0,3,3,1,-1,0,0,0,-1,1,0,0,0,0,0,3,-1,1,Sortida de via amb xoc o col·lisió,-1,0,2,4,2,2,0,23.0,2,1,5,13,10
15876,2018,0,2018-01-27,C-58,CASTELLBELL I EL VIL,Bages,3,0,1,2,3,0,0,0,0,3,0,0,0,100.0,0.0,0,3,No n'hi ha,-1.0,3,3,1,0,0,0,0,0,0,0,0,0,0,0,3,-1,1,Envestida (frontal lateral),-1,1,2,4,2,2,0,22.17,2,2,5,27,1
15877,2018,1,2018-07-18,SE,ABRERA,Baix Llobregat,3,0,1,0,2,0,0,0,1,1,0,0,0,100.0,0.0,0,-1,No n'hi ha,-1.0,3,3,1,0,0,0,0,0,0,0,0,0,0,0,4,-1,-1,Envestida (frontal lateral),-1,2,2,5,-1,2,1,8.25,0,2,2,18,7
15878,2018,1,2018-02-19,SE,FRANQUESES DEL VALLE,Valles Oriental,3,0,1,0,1,0,1,0,0,0,0,0,0,30.0,0.0,0,3,No n'hi ha,-1.0,3,3,1,-1,0,0,0,-1,0,0,0,0,0,0,3,-1,1,Caiguda en la via,-1,0,1,0,0,2,1,20.16,1,0,0,19,2
15879,2018,1,2018-03-18,SE,BARCELONA,Barcelones,3,0,1,1,2,0,0,0,1,1,0,0,0,100.0,0.0,1,-1,No n'hi ha,-1.0,3,3,1,0,0,0,0,0,0,0,0,0,0,1,0,-1,0,Envestida (frontal lateral),0,2,2,5,-1,2,0,19.0,1,2,6,18,3
15880,2018,1,2018-06-10,SE,SABADELL,Valles Occidental,3,0,1,0,1,0,1,0,0,0,0,0,0,100.0,0.0,0,-1,No n'hi ha,-1.0,3,3,1,0,0,0,0,0,0,0,0,0,0,0,4,-1,-1,Altres,-1,2,2,5,-1,2,0,17.38,1,5,6,10,6
15881,2018,1,2018-08-11,SE,SALOU,Tarragones,0,0,1,0,2,1,0,0,0,1,0,0,0,100.0,0.0,0,2,No n'hi ha,-1.0,3,3,1,0,0,0,0,0,0,0,0,0,0,0,4,-1,1,Atropellament,-1,2,2,5,-1,2,0,9.38,0,3,5,11,8
15882,2018,1,2018-06-26,SE,TARRAGONA,Tarragones,0,0,1,0,1,0,0,0,1,0,0,0,0,20.0,,0,2,No n'hi ha,,3,3,1,-1,1,0,0,-1,0,1,0,0,0,0,1,-1,1,Xoc contra objecte/obstacle sense sortida prèvia de via,-1,2,2,5,-1,2,1,5.4,2,4,1,26,6
15883,2018,0,2018-07-05,N-260,BAIX PALLARS,Pallars Sobira,2,0,3,2,2,0,0,0,0,2,0,0,0,80.0,0.0,0,1,No n'hi ha,-1.0,3,3,1,0,0,0,0,0,0,0,0,0,0,1,4,4,1,Envestida (frontal lateral),0,1,2,4,1,2,1,17.51,1,2,3,5,7
15884,2018,1,2018-09-01,SE,ROSES,Alt Emporda,1,0,1,0,2,1,0,0,0,1,0,0,0,40.0,0.0,0,-1,No n'hi ha,-1.0,3,3,1,-1,0,0,0,-1,0,0,0,0,0,0,4,-1,0,Atropellament,-1,2,2,5,-1,2,0,19.4,1,3,5,1,9
15885,2018,1,2018-03-20,SE,BARCELONA,Barcelones,3,0,1,0,2,1,0,0,1,0,0,0,0,100.0,0.0,1,-1,No n'hi ha,-1.0,3,3,1,0,0,0,0,0,0,0,0,0,0,0,4,-1,0,Caiguda en la via,-1,2,0,5,-1,2,1,10.25,0,0,1,20,3
15886,2018,1,2018-04-14,SE,CASTELLOLI,Anoia,3,0,1,0,2,1,1,0,0,0,0,0,0,20.0,0.0,0,-1,Sense Especificar,-1.0,3,3,1,0,0,0,0,0,0,0,0,0,0,0,4,-1,-1,Xoc amb animal a la calçada,-1,2,2,5,-1,2,0,12.41,0,4,5,14,4
15887,2018,0,2018-05-27,C-35,SANT CELONI,Valles Oriental,3,0,1,0,2,0,0,0,0,2,0,0,0,90.0,0.0,0,-1,Sense Especificar,-1.0,3,3,1,0,0,0,0,0,0,0,0,0,0,0,4,-1,-1,Altres,-1,1,2,4,4,2,0,6.2,0,5,6,27,5
15888,2018,1,2018-02-07,SE,VILADECAVALLS,Valles Occidental,3,0,1,0,2,0,0,1,0,1,0,0,0,100.0,0.0,0,2,No n'hi ha,-1.0,3,3,1,0,0,0,0,0,0,0,0,0,0,0,4,-1,1,Xoc contra objecte/obstacle sense sortida prèvia de via,-1,2,2,5,-1,2,1,14.0,1,4,2,7,2
15889,2018,0,2018-08-03,BV-5305,SEVA,Osona,3,0,1,0,2,0,1,0,0,1,0,0,0,100.0,0.0,0,2,No n'hi ha,-1.0,3,3,1,0,0,0,0,0,0,0,0,0,0,0,4,-1,1,Fregament o col·lisió lateral,-1,1,2,4,2,2,1,12.5,0,2,4,3,8
15890,2018,1,2018-12-05,SE,BADALONA,Barcelones,3,1,1,2,2,0,0,0,1,1,0,0,0,20.0,0.0,0,3,No n'hi ha,-1.0,3,3,0,-1,0,0,0,-1,0,0,0,0,-1,1,1,5,0,Envestida (frontal lateral),2,2,2,5,-1,2,1,17.38,1,2,2,5,12
15891,2018,0,2018-08-06,C-14,COLL DE NARGO,Alt Urgell,2,0,3,0,2,0,0,0,0,2,0,0,0,90.0,0.0,0,1,No n'hi ha,-1.0,3,3,1,0,0,0,0,0,0,0,0,0,0,0,4,-1,1,Col·lisió frontal,-1,1,2,4,2,2,1,13.39,0,2,0,6,8
15892,2018,1,2018-05-17,SE,SANTA COLOMA DE GRAMANET,Barcelones,3,0,1,0,1,0,1,0,0,0,0,0,0,20.0,0.0,0,-1,No n'hi ha,-1.0,3,3,1,0,0,0,0,0,0,0,0,0,0,1,4,5,-1,Sortida de via amb bolcada,1,2,2,5,-1,2,1,14.3,1,1,3,17,5
15893,2018,1,2018-03-28,SE,BARCELONA,Barcelones,3,0,1,0,2,0,0,0,1,1,0,0,0,100.0,0.0,1,-1,No n'hi ha,-1.0,3,3,1,0,0,0,0,0,0,0,0,0,0,1,0,-1,0,Envestida (frontal lateral),2,2,2,5,-1,2,1,20.15,1,2,2,28,3
15894,2018,1,2018-11-29,T-301,BENIFALLET,Baix Ebre,0,0,1,0,1,0,0,0,0,1,0,0,0,30.0,0.0,0,1,No n'hi ha,-1.0,3,3,1,0,0,0,0,0,0,0,0,0,0,0,5,-1,1,Resta sortides de via,-1,0,2,4,3,2,1,20.43,1,1,3,29,11
15895,2018,0,2018-09-30,BV-5114,ARBUCIES,Selva,1,0,1,0,1,0,0,0,1,0,0,0,0,90.0,0.0,0,-1,Sense Especificar,-1.0,3,3,1,0,0,0,0,0,0,0,0,0,0,0,4,-1,-1,Resta sortides de via,-1,1,2,4,4,2,0,14.18,1,1,6,30,9
15896,2018,1,2018-01-17,SE,BARCELONA,Barcelones,3,0,1,0,2,0,0,0,1,1,0,0,0,100.0,0.0,1,-1,No n'hi ha,-1.0,3,3,1,0,0,0,0,0,0,0,0,0,0,1,4,-1,1,Fregament o col·lisió lateral,2,2,2,5,-1,2,1,13.4,0,2,2,17,1
15897,2018,1,2018-06-13,SE,VILAFRANCA DEL PENEDES,Alt Penedes,3,0,1,0,1,0,1,0,0,0,0,0,0,20.0,0.0,0,-1,No n'hi ha,-1.0,3,3,1,-1,0,0,0,-1,0,0,0,1,0,1,4,2,1,Caiguda en la via,1,2,2,5,-1,2,1,15.03,1,0,2,13,6
15898,2018,1,2018-01-19,SE,BARCELONA,Barcelones,3,0,1,0,2,0,0,0,1,1,0,0,0,100.0,0.0,1,-1,No n'hi ha,-1.0,3,3,1,0,0,0,0,0,0,0,0,0,0,1,4,-1,0,Fregament o col·lisió lateral,1,2,2,5,-1,2,1,9.4,0,2,4,19,1
15899,2018,1,2018-11-08,SE,ESPLUGUES DE LLOBREGAT,Baix Llobregat,3,0,1,0,2,0,0,0,1,1,0,0,0,20.0,0.0,0,-1,No n'hi ha,-1.0,3,3,1,-1,0,0,0,-1,0,0,0,0,-1,1,5,3,1,Fregament o col·lisió lateral,1,2,2,5,-1,2,1,22.05,2,2,3,8,11
15900,2018,1,2018-09-21,SE,LLEIDA,Segria,2,0,1,0,2,1,0,0,0,1,0,0,0,100.0,1.0,0,2,No n'hi ha,-1.0,3,3,1,0,0,0,0,0,0,0,0,0,0,0,5,-1,1,Atropellament,-1,2,2,5,-1,2,1,6.06,0,3,4,21,9
15901,2018,1,2018-01-17,SE,BARCELONA,Barcelones,3,1,0,1,2,1,0,0,1,0,0,0,0,100.0,0.0,1,-1,No n'hi ha,-1.0,3,3,0,0,0,0,0,0,0,0,0,0,0,0,0,-1,0,Atropellament,-1,2,2,5,-1,2,1,20.15,1,3,2,17,1
15902,2018,1,2018-12-24,SE,NAVAS,Bages,3,1,0,0,2,1,0,0,0,1,0,0,0,100.0,0.0,0,2,No n'hi ha,-1.0,3,3,0,0,0,0,0,0,0,0,0,0,0,0,4,-1,0,Atropellament,-1,2,2,5,-1,2,1,16.55,1,3,0,24,12
15903,2018,0,2018-01-13,C-32,SANT PERE DE RIBES,Garraf,3,0,1,0,2,0,0,0,1,1,0,0,0,100.0,0.0,0,2,No n'hi ha,-1.0,3,3,1,0,0,0,0,0,0,0,0,0,0,0,2,-1,0,Envestida (frontal lateral),-1,1,2,4,2,2,0,17.04,1,2,5,13,1
15904,2018,1,2018-08-11,SE,BARCELONA,Barcelones,3,0,2,1,2,0,0,0,1,1,0,0,0,100.0,0.0,1,-1,No n'hi ha,-1.0,3,3,1,0,0,0,0,0,0,0,0,0,0,1,4,-1,0,Encalç,2,2,2,5,-1,2,0,9.1,0,2,5,11,8
15905,2018,1,2018-08-31,SE,VILAJUIGA,Alt Emporda,1,0,1,0,1,0,0,0,1,0,0,0,0,20.0,0.0,0,-1,Sense Especificar,-1.0,3,3,1,0,0,0,0,0,0,0,0,0,0,0,4,-1,-1,Xoc amb animal a la calçada,-1,2,2,5,-1,2,1,5.47,2,4,4,31,8
15906,2018,1,2018-04-23,SE,GIRONA,Girones,1,0,1,0,2,0,0,0,1,1,0,0,0,100.0,1.0,0,2,No n'hi ha,-1.0,3,3,1,0,0,0,0,0,0,0,0,0,0,1,1,5,1,Fregament o col·lisió lateral,1,2,2,5,-1,2,1,5.55,2,2,0,23,4
15907,2018,0,2018-06-11,C-65,CASSA DE LA SELVA,Girones,1,0,1,2,2,0,0,0,0,2,0,0,0,100.0,0.0,0,1,Carril central,-1.0,3,3,1,0,0,0,0,0,0,0,0,0,0,0,4,-1,1,Col·lisió frontal,-1,1,2,4,2,2,1,13.15,0,2,0,11,6
15908,2018,1,2018-08-26,SE,GIRONA,Girones,1,0,1,0,2,0,0,0,1,1,0,0,0,100.0,0.0,0,2,No n'hi ha,-1.0,3,3,1,0,0,0,0,0,0,0,0,0,0,1,4,3,1,Envestida (frontal lateral),2,2,2,5,-1,2,0,16.49,1,2,6,26,8
15909,2018,1,2018-10-08,SE,HOSPITALET DE LLOBREGAT,Barcelones,3,0,1,0,1,0,0,1,0,0,0,0,0,20.0,0.0,0,-1,No n'hi ha,-1.0,1,3,1,0,-1,0,0,0,0,0,0,0,0,0,5,-1,-1,Caiguda en la via,-1,2,0,5,-1,2,1,20.06,1,0,0,8,10
15910,2018,1,2018-02-05,C-31,TORROELLA DE MONTGRI,Baix Emporda,1,0,1,0,3,1,0,0,0,2,0,0,0,90.0,0.0,0,-1,No n'hi ha,-1.0,3,3,1,-1,0,0,0,-1,0,0,0,0,-1,0,1,-1,0,Atropellament,-1,0,0,4,-1,2,1,7.45,0,3,0,5,2
15911,2018,1,2018-05-24,SE,RUBI,Valles Occidental,3,0,1,0,2,1,0,0,0,1,0,0,0,100.0,0.0,0,-1,No n'hi ha,-1.0,3,3,1,0,0,0,0,0,0,0,0,0,0,0,4,-1,-1,Altres,-1,2,2,5,-1,2,1,19.08,1,5,3,24,5
15912,2018,1,2018-07-27,SE,VIC,Osona,3,1,0,1,3,0,2,0,0,1,0,0,0,100.0,0.0,0,2,No n'hi ha,-1.0,3,3,0,0,0,0,0,0,0,0,0,0,0,0,4,-1,0,Envestida (frontal lateral),-1,2,2,5,-1,2,1,9.25,0,2,4,27,7
15913,2018,0,2018-06-10,N-340,"AMPOLLA, L'",Baix Ebre,0,2,1,3,3,0,0,0,0,3,0,0,0,100.0,0.0,0,3,No n'hi ha,-1.0,3,3,0,0,0,0,0,0,0,0,0,0,0,0,1,-1,1,Col·lisió frontal,-1,1,2,4,1,2,0,5.53,2,2,6,10,6
15914,2018,1,2018-09-12,SE,ALMENAR,Segria,2,0,1,0,2,0,1,0,0,1,0,0,0,100.0,0.0,0,2,No n'hi ha,-1.0,3,3,1,0,0,0,0,0,0,0,0,0,0,1,4,4,1,Envestida (frontal lateral),2,2,2,5,-1,2,1,19.2,1,2,2,12,9
15915,2018,0,2018-05-19,C-12,CORBINS,Segria,2,1,1,0,3,0,0,0,0,3,0,0,0,100.0,0.0,0,2,No n'hi ha,-1.0,1,3,0,0,0,0,0,0,0,0,0,0,0,0,4,-1,1,Col·lisió frontal,-1,1,2,4,2,2,0,19.05,1,2,5,19,5
15916,2018,1,2018-11-28,SE,SANT PERE DE RIBES,Garraf,3,0,1,0,1,0,0,0,1,0,0,0,0,100.0,0.0,0,-1,No n'hi ha,-1.0,3,3,1,0,0,0,0,0,0,0,0,0,0,0,4,-1,-1,Caiguda en la via,-1,2,2,5,-1,2,1,18.3,1,0,2,28,11
15917,2018,1,2018-10-02,SE,TERRASSA,Valles Occidental,3,0,1,0,2,1,0,0,0,1,0,0,0,20.0,0.0,0,-1,Sense Especificar,-1.0,3,3,1,0,0,0,0,0,0,0,0,0,0,0,4,-1,-1,Atropellament,-1,2,2,5,-1,2,1,18.3,1,3,1,2,10
15918,2018,0,2018-06-01,L-303,"PLANS DE SIO, ELS",Segarra,2,0,1,2,3,0,0,0,0,3,0,0,0,100.0,0.0,0,2,No n'hi ha,-1.0,3,3,1,0,0,0,0,0,0,0,0,0,0,1,4,4,1,Envestida (frontal lateral),2,1,2,4,0,2,0,18.48,1,2,4,1,6
15919,2018,1,2018-08-28,SE,ARGENTONA,Maresme,3,0,1,1,2,0,0,0,0,2,0,0,0,100.0,0.0,0,-1,No n'hi ha,-1.0,3,3,1,0,0,0,0,0,0,0,0,0,0,0,4,-1,-1,Col·lisió frontal,-1,2,2,5,-1,2,1,5.5,2,2,1,28,8
15920,2018,1,2018-12-03,SE,BARCELONA,Barcelones,3,0,1,0,2,0,0,0,1,0,1,0,0,100.0,0.0,1,-1,No n'hi ha,-1.0,3,3,1,0,0,0,0,0,0,0,0,0,0,0,4,-1,0,Encalç,-1,2,2,5,-1,2,1,14.4,1,2,0,3,12
15921,2018,1,2018-08-27,SE,ESPLUGUES DE LLOBREGAT,Baix Llobregat,3,0,1,0,1,0,0,0,1,0,0,0,0,20.0,0.0,0,-1,No n'hi ha,,3,3,1,-1,0,0,0,-1,0,0,0,1,-1,0,4,-1,0,Sortida de via amb xoc o col·lisió,-1,2,1,5,-1,2,1,17.16,1,1,0,27,8
15922,2018,0,2018-03-07,C-250,QUART,Girones,1,0,1,0,2,0,0,0,1,1,0,0,0,90.0,0.0,0,-1,Sense Especificar,-1.0,3,3,1,0,0,0,0,0,0,0,0,0,0,1,4,5,-1,Encalç,1,1,2,4,4,2,1,15.12,1,2,2,7,3
15923,2018,1,2018-10-20,SE,FIGUERES,Alt Emporda,1,0,1,0,2,1,0,0,0,1,0,0,0,100.0,0.0,0,2,No n'hi ha,-1.0,3,3,1,0,1,0,0,0,0,0,0,0,0,0,5,-1,0,Atropellament,-1,2,2,5,-1,2,0,22.15,2,3,5,20,10
15924,2018,1,2018-08-27,SE,VIC,Osona,3,0,1,0,2,1,0,0,0,1,0,0,0,100.0,0.0,0,2,No n'hi ha,-1.0,3,3,1,0,0,0,0,0,0,0,0,0,0,0,4,-1,0,Atropellament,-1,2,2,5,-1,2,1,19.55,1,3,0,27,8
15925,2018,0,2018-05-19,CR,CISTELLA,Alt Emporda,1,1,0,0,1,0,0,0,0,0,0,1,0,100.0,0.0,0,1,No n'hi ha,-1.0,3,3,0,0,0,0,0,0,0,0,0,0,0,0,1,-1,1,Resta sortides de via,-1,1,0,3,0,2,0,21.0,1,1,5,19,5
15926,2018,1,2018-03-10,C-252,GARRIGUELLA,Alt Emporda,1,0,1,0,2,0,0,0,1,1,0,0,0,90.0,0.0,0,-1,Sense Especificar,-1.0,3,1,1,0,0,0,0,0,0,0,0,0,0,0,4,-1,-1,Envestida (frontal lateral),-1,0,2,4,4,2,0,13.34,0,2,5,10,3
15927,2018,0,2018-08-13,A-2,RIBERA D'ONDARA,Segarra,2,2,0,2,5,2,0,0,0,1,2,0,0,100.0,0.0,0,0,No n'hi ha,-1.0,3,3,0,0,0,0,0,0,0,0,0,0,0,0,5,-1,0,Atropellament,-1,1,2,4,1,2,1,4.38,2,3,0,13,8
15928,2018,1,2018-06-14,SE,BARCELONA,Barcelones,3,0,1,1,3,2,0,0,1,0,0,0,0,100.0,0.0,1,-1,No n'hi ha,-1.0,3,3,1,0,0,0,0,0,0,0,0,0,0,1,4,-1,1,Atropellament,2,2,2,5,-1,2,1,20.1,1,3,3,14,6
15929,2018,0,2018-12-12,BV-2041,GAVA,Baix Llobregat,3,0,1,1,2,0,0,0,0,2,0,0,0,100.0,0.0,0,3,No n'hi ha,-1.0,3,3,1,0,0,0,0,0,0,0,0,0,0,0,4,-1,1,Col·lisió frontal,-1,1,2,4,3,2,1,15.49,1,2,2,12,12
15930,2018,0,2018-11-10,N-II,CABRERA DE MAR,Maresme,3,0,1,1,2,0,0,0,1,1,0,0,0,100.0,0.0,0,2,No n'hi ha,-1.0,3,3,1,0,0,0,0,0,0,0,0,0,0,0,4,-1,1,Encalç,-1,1,2,4,1,2,0,14.12,1,2,5,10,11
15931,2018,1,2018-06-13,SE,PREMIA DE MAR,Maresme,3,0,1,4,2,0,0,0,0,2,0,0,0,30.0,0.0,0,2,No n'hi ha,-1.0,3,3,1,0,0,0,0,0,0,0,0,0,0,1,5,4,0,Envestida (frontal lateral),2,2,2,5,-1,2,1,2.23,2,2,2,13,6
15932,2018,1,2018-03-02,BP-2151,SANT PERE DE RIUDEBITLLES,Alt Penedes,3,0,1,0,2,1,0,0,0,1,0,0,0,50.0,0.0,0,2,No n'hi ha,-1.0,1,3,1,0,0,0,0,0,0,0,0,0,0,0,5,-1,1,Atropellament,-1,0,2,4,-1,2,0,21.24,1,3,4,2,3
15933,2018,0,2018-11-06,B-522,GURB,Osona,3,0,1,3,2,0,0,0,0,2,0,0,0,90.0,0.0,0,-1,Sense Especificar,-1.0,3,3,1,0,0,0,0,0,0,0,0,0,0,0,4,-1,-1,Encalç,-1,1,2,4,4,2,1,7.06,0,2,1,6,11
15934,2018,0,2018-06-05,C-16,CASTELLBELL I EL VIL,Bages,3,0,1,1,1,0,0,0,0,1,0,0,0,90.0,0.0,0,-1,Sense Especificar,-1.0,3,3,1,0,0,0,0,0,0,0,0,0,0,0,4,-1,-1,Resta sortides de via,-1,1,2,4,4,2,1,15.31,1,1,1,5,6
15935,2018,0,2018-06-07,B-10,SANT ADRIA DE BESOS,Barcelones,3,0,1,0,2,0,0,0,1,1,0,0,0,80.0,0.0,0,2,No n'hi ha,-1.0,3,3,1,0,0,0,0,0,0,0,0,0,0,0,4,-1,0,Caiguda en la via,-1,1,2,4,1,2,1,7.33,0,0,3,7,6
15936,2018,0,2018-09-13,C-242,CORNUDELLA DE MONTSANT,Priorat,0,0,1,0,2,0,1,0,0,1,0,0,0,50.0,0.0,0,2,No n'hi ha,-1.0,3,3,1,0,0,0,0,0,0,0,0,0,0,0,4,-1,1,Encalç,-1,1,2,4,2,2,1,12.2,0,2,3,13,9
15937,2018,1,2018-10-21,SE,VILANOVA DE SAU,Osona,3,0,1,0,1,0,0,0,1,0,0,0,0,20.0,0.0,0,-1,Sense Especificar,-1.0,3,3,1,0,0,0,0,0,0,0,0,0,0,0,4,-1,-1,Resta sortides de via,-1,2,2,5,-1,2,0,13.49,0,1,6,21,10
15938,2018,0,2018-09-16,C-12,CAMARASA,Noguera,2,0,1,0,1,0,0,0,0,1,0,0,0,90.0,0.0,0,-1,Sense Especificar,-1.0,3,3,1,0,0,0,0,0,0,0,0,0,0,0,4,-1,-1,Resta sortides de via,-1,1,2,4,4,2,0,21.59,1,1,6,16,9
15939,2018,1,2018-01-09,SE,BARCELONA,Barcelones,3,0,1,0,2,0,0,0,1,1,0,0,0,100.0,0.0,1,-1,No n'hi ha,-1.0,3,3,1,0,0,0,0,0,0,0,0,0,0,0,4,-1,0,Fregament o col·lisió lateral,-1,2,2,5,-1,2,1,10.55,0,2,1,9,1
15940,2018,0,2018-11-28,C-1413a,SANT QUIRZE DEL VALLES,Valles Occidental,3,0,1,1,2,0,0,0,2,0,0,0,0,100.0,0.0,0,1,No n'hi ha,-1.0,3,3,1,0,0,0,0,0,0,0,0,0,0,0,1,-1,1,Caiguda en la via,-1,1,2,4,2,2,1,17.21,1,0,2,28,11
15941,2018,0,2018-12-15,C-16,SANT FRUITOS DE BAGES,Bages,3,1,0,1,2,1,0,0,0,1,0,0,0,100.0,0.0,0,2,No n'hi ha,-1.0,3,3,0,0,0,0,0,0,0,0,0,0,0,0,5,-1,0,Atropellament,-1,1,2,4,2,2,0,3.34,2,3,5,15,12
15942,2018,1,2018-01-04,C-28,VIELHA E MIJARAN,Val d'Aran,2,0,1,0,2,1,0,0,0,1,0,0,0,50.0,0.0,0,2,No n'hi ha,-1.0,3,3,1,0,0,0,0,0,0,0,0,0,0,0,1,-1,1,Atropellament,-1,0,2,4,-1,2,1,16.5,1,3,3,4,1
15943,2018,0,2018-10-06,B-224,PIERA,Anoia,3,0,1,1,2,0,0,0,1,1,0,0,0,90.0,0.0,0,-1,Sense Especificar,-1.0,3,3,1,0,0,0,0,0,0,0,0,0,0,0,4,-1,-1,Envestida (frontal lateral),-1,1,2,4,4,2,0,13.55,0,2,5,6,10