,Year,Area,Date,Road,Municipality Name,County Name,Province Name,Fatalties,Serious Injuries,Light Injuries,Units Involved,Pedestrains Involved,Bicycles Involved,Mopeds Involved,Motorcycles,Light Vehicles Involved,Heavy Vehicles Involved,Other Units Involved,Unspecified Units Involved,Road Speed Limit,Accident with Hit and Run,Fog Presence,Surrounding Environment,Special Lane Presence,Special Traffic Measures,Weather Conditions,Special Road Functions,Severity of Accident,Influence of Fog,Influence of Environment,Influence of Traffic,Influence of Weather,Influence of Wind Intensity,Influence of Lighting,Influence of Special Measures,Influence of Road Objects,Influence of Road Surface,Influence of Visibility,Intersection Characteristics,Lighting Conditions,Traffic Regulation and Priority,Direction of Road,Subtype of Accident,Subtype of Road Section,Subzone within Area,Road Surface Conditions,Type of Road,Road Ownership,Wind Conditions,Day of the Week Grouping,Hour of Day,Time of Day Grouping,Type of Accident,Day Type,Day,Month
15944,2018,0,2018-11-05,CR,"POBLA DE SEGUR, LA",Pallars Jussa,2,0,1,0,2,1,0,0,0,1,0,0,0,100.0,0.0,0,2,No n'hi ha,-1.0,2,3,1,0,0,0,1,0,0,0,0,0,0,1,0,4,1,Atropellament,2,1,2,4,0,2,1,19.55,1,3,0,5,11
15945,2018,1,2018-03-29,SE,VIC,Osona,3,1,0,1,2,1,0,0,0,0,1,0,0,30.0,0.0,0,2,No n'hi ha,-1.0,3,3,0,0,0,0,0,0,0,0,0,0,0,0,4,-1,0,Atropellament,-1,2,1,5,-1,2,1,17.25,1,3,3,29,3
15946,2018,0,2018-07-22,N-340,CERVELLO,Baix Llobregat,3,1,1,0,2,0,0,0,0,2,0,0,0,100.0,0.0,0,0,Carril acceleració,-1.0,3,3,0,0,0,0,0,0,0,0,0,0,0,0,4,-1,1,Col·lisió frontal,-1,1,2,4,1,2,0,19.42,1,2,6,22,7
15947,2018,0,2018-08-06,N-154,LLIVIA,Cerdanya,1,0,1,1,3,0,0,0,0,1,2,0,0,90.0,0.0,0,1,No n'hi ha,-1.0,3,3,1,0,0,0,0,0,0,0,0,0,0,0,2,-1,1,Encalç,-1,1,2,4,1,2,1,17.37,1,2,0,6,8
15948,2018,0,2018-06-30,TP-2039,TARRAGONA,Tarragones,0,0,1,0,2,0,0,0,1,1,0,0,0,100.0,0.0,0,1,No n'hi ha,-1.0,3,3,1,0,0,0,0,0,0,0,0,0,0,0,4,-1,1,Altres,-1,1,2,4,3,2,0,12.28,0,5,5,30,6
15949,2018,1,2018-07-26,SE,GRANOLLERS,Valles Oriental,3,0,1,0,3,1,0,0,0,2,0,0,0,100.0,0.0,0,2,No n'hi ha,-1.0,3,3,1,0,0,0,0,0,0,0,0,0,0,1,4,4,1,Atropellament,1,2,2,5,-1,2,1,15.1,1,3,3,26,7
15950,2018,1,2018-03-06,SE,BARCELONA,Barcelones,3,0,1,0,2,0,0,0,1,1,0,0,0,100.0,0.0,1,-1,No n'hi ha,-1.0,3,3,1,0,0,0,0,0,0,0,0,0,0,0,4,-1,1,Fregament o col·lisió lateral,-1,2,2,5,-1,2,1,18.35,1,2,1,6,3
15951,2018,0,2018-12-20,C-17,"LLAGOSTA, LA",Valles Oriental,3,0,1,0,1,0,0,0,1,0,0,0,0,90.0,0.0,0,-1,Sense Especificar,-1.0,3,3,1,0,0,0,0,0,0,0,0,0,0,0,4,-1,-1,Resta sortides de via,-1,1,2,4,4,2,1,17.58,1,1,3,20,12
15952,2018,0,2018-08-24,CR,MONT-ROIG DEL CAMP,Baix Camp,0,0,2,0,1,0,0,0,0,0,0,1,0,100.0,0.0,0,-1,No n'hi ha,-1.0,3,3,1,0,0,0,0,0,0,0,0,0,0,0,4,-1,-1,Xoc contra objecte/obstacle sense sortida prèvia de via,-1,1,2,3,-1,2,1,10.4,0,4,4,24,8
15953,2018,1,2018-07-17,SE,MATARO,Maresme,3,0,1,0,2,1,0,0,0,1,0,0,0,20.0,0.0,0,-1,No n'hi ha,-1.0,3,3,1,-1,-1,0,0,-1,0,0,0,0,0,0,4,-1,-1,Atropellament,-1,2,2,5,-1,2,1,20.45,1,3,1,17,7
15954,2018,1,2018-09-16,SE,PALAFOLLS,Maresme,3,0,1,1,2,0,0,0,2,0,0,0,0,100.0,0.0,0,-1,No n'hi ha,-1.0,3,3,1,0,0,0,0,0,0,0,0,0,0,0,4,-1,-1,Fregament o col·lisió lateral,-1,2,2,5,-1,2,0,16.41,1,2,6,16,9
15955,2018,1,2018-10-19,SE,OLESA DE MONTSERRAT,Baix Llobregat,3,0,1,0,2,1,0,0,0,1,0,0,0,100.0,0.0,0,2,No n'hi ha,-1.0,1,3,1,0,0,0,0,0,0,0,0,0,0,1,4,-1,0,Atropellament,2,2,2,5,-1,2,1,9.1,0,3,4,19,10
15956,2018,0,2018-08-05,T-310,MONTBRIO DEL CAMP,Baix Camp,0,2,0,0,3,0,2,0,0,1,0,0,0,100.0,0.0,0,1,No n'hi ha,-1.0,3,3,0,0,0,0,0,0,0,0,0,0,0,0,4,-1,1,Envestida (frontal lateral),-1,1,2,4,3,2,0,8.16,0,2,6,5,8
15957,2018,0,2018-02-09,BV-5031,MATARO,Maresme,3,0,1,0,2,0,0,0,1,1,0,0,0,90.0,0.0,0,-1,No n'hi ha,-1.0,3,3,1,-1,0,0,0,-1,0,0,0,0,0,1,5,4,1,Envestida (frontal lateral),2,1,2,4,3,2,0,19.4,1,2,4,9,2
15958,2018,0,2018-06-08,B-23,SANT FELIU DE LLOBREGAT,Baix Llobregat,3,0,1,1,1,0,0,0,1,0,0,0,0,100.0,0.0,0,0,No n'hi ha,-1.0,3,3,1,0,0,0,0,0,0,0,0,0,0,0,4,-1,1,Altres,-1,1,2,4,1,2,0,21.01,1,5,4,8,6
15959,2018,1,2018-01-05,SE,CASSA DE LA SELVA,Girones,1,0,1,0,3,0,0,1,0,1,1,0,0,100.0,0.0,0,2,No n'hi ha,-1.0,3,3,1,0,0,0,0,0,0,0,0,0,0,0,4,-1,0,Envestida (frontal lateral),-1,2,2,5,-1,2,0,16.07,1,2,4,5,1
15960,2018,0,2018-05-26,L-511,ABELLA DE LA CONCA,Pallars Jussa,2,0,1,1,2,0,0,0,2,0,0,0,0,100.0,0.0,0,1,No n'hi ha,-1.0,3,3,1,0,0,0,0,0,0,0,0,0,0,0,4,-1,1,Fregament o col·lisió lateral,-1,1,2,4,3,2,0,10.45,0,2,5,26,5
15961,2018,0,2018-10-04,GIV-6741,CASSA DE LA SELVA,Girones,1,1,0,2,1,0,0,0,0,1,0,0,0,100.0,0.0,0,2,No n'hi ha,-1.0,3,3,0,0,0,0,0,0,0,0,0,0,0,0,3,-1,1,Resta sortides de via,-1,1,2,4,3,2,1,1.15,2,1,3,4,10
15962,2018,1,2018-11-11,SE,SABADELL,Valles Occidental,3,0,1,0,1,0,0,0,1,0,0,0,0,40.0,0.0,0,2,No n'hi ha,-1.0,3,3,1,0,0,0,0,0,0,0,0,0,0,2,5,4,1,Caiguda en la via,0,2,2,5,-1,2,0,20.09,1,0,6,11,11
15963,2018,1,2018-07-14,SE,VILASSAR DE MAR,Maresme,3,0,1,0,2,0,0,1,0,0,1,0,0,40.0,0.0,0,2,No n'hi ha,-1.0,3,3,1,0,0,0,0,0,0,0,0,0,0,1,4,5,1,Envestida (frontal lateral),1,2,2,5,0,2,0,10.1,0,2,5,14,7
15964,2018,1,2018-09-07,SE,BARCELONA,Barcelones,3,0,1,0,2,0,0,1,1,0,0,0,0,100.0,0.0,1,-1,No n'hi ha,-1.0,2,3,1,0,0,0,0,0,0,0,0,0,0,0,0,-1,1,Caiguda en la via,-1,2,0,5,-1,2,0,21.45,1,0,4,7,9
15965,2018,1,2018-12-08,SE,LLEIDA,Segria,2,0,1,0,1,0,0,0,0,1,0,0,0,20.0,0.0,0,-1,No n'hi ha,-1.0,3,3,1,0,0,0,0,0,0,0,0,0,0,0,5,-1,-1,Sortida de via amb xoc o col·lisió,-1,2,2,5,-1,2,0,4.15,2,1,5,8,12
15966,2018,0,2018-12-09,C-35,GUALBA,Valles Oriental,3,0,1,1,2,0,0,0,0,2,0,0,0,100.0,0.0,0,2,No n'hi ha,-1.0,3,3,1,0,0,0,0,0,0,0,0,0,0,0,4,-1,1,Col·lisió frontal,-1,1,2,4,2,2,0,12.24,0,2,6,9,12
15967,2018,0,2018-07-21,B-120,OLESA DE MONTSERRAT,Baix Llobregat,3,0,1,0,2,0,0,0,1,1,0,0,0,90.0,0.0,0,1,No n'hi ha,-1.0,3,3,1,0,0,0,0,0,0,0,0,0,0,0,4,-1,1,Envestida (frontal lateral),-1,1,2,4,2,2,0,13.47,0,2,5,21,7
15968,2018,1,2018-01-28,N-150,SABADELL,Valles Occidental,3,0,1,1,3,2,0,0,0,1,0,0,0,100.0,0.0,0,-1,No n'hi ha,-1.0,3,3,1,0,0,0,0,0,0,0,0,0,0,0,4,-1,-1,Atropellament,-1,0,2,4,-1,2,0,15.23,1,3,6,28,1
15969,2018,0,2018-09-10,BP-1417,BARCELONA,Barcelones,3,0,1,0,1,0,0,0,1,0,0,0,0,30.0,0.0,1,-1,No n'hi ha,-1.0,3,3,1,0,0,0,0,0,0,0,0,0,0,0,3,-1,1,Caiguda en la via,-1,1,2,4,-1,2,1,6.45,0,0,0,10,9
15970,2018,0,2018-06-25,TV-3319,"SENIA, LA",Montsia,0,0,1,0,2,0,0,0,0,1,1,0,0,100.0,0.0,0,2,No n'hi ha,-1.0,3,3,1,0,0,0,0,0,0,0,0,0,0,0,4,-1,1,Envestida (frontal lateral),-1,1,2,4,2,2,1,16.34,1,2,0,25,6
15971,2018,0,2018-08-11,A-2,LLEIDA,Segria,2,0,1,3,2,0,0,0,0,2,0,0,0,100.0,0.0,0,2,Carril d'alentiment,-1.0,3,3,1,0,0,0,0,0,0,0,0,0,0,0,3,-1,0,Resta sortides de via,-1,1,2,4,1,2,0,3.4,2,1,5,11,8
15972,2018,1,2018-12-28,SE,BADALONA,Barcelones,3,0,1,1,3,1,0,0,1,1,0,0,0,20.0,0.0,0,-1,No n'hi ha,-1.0,3,3,1,0,-1,0,0,0,0,0,0,0,0,0,5,-1,-1,Atropellament,-1,2,2,5,-1,2,0,18.28,1,3,4,28,12
15973,2018,0,2018-09-28,C-60,ARGENTONA,Maresme,3,0,1,0,2,0,0,0,1,1,0,0,0,60.0,0.0,0,1,No n'hi ha,-1.0,3,3,1,0,0,0,0,0,1,0,0,0,0,2,3,4,1,Fregament o col·lisió lateral,3,1,2,4,2,2,0,20.27,1,2,4,28,9
15974,2018,1,2018-02-19,SE,SANT BOI DE LLOBREGAT,Baix Llobregat,3,0,1,1,2,0,0,0,1,1,0,0,0,20.0,0.0,0,-1,No n'hi ha,-1.0,3,3,1,-1,-1,0,0,-1,0,0,0,0,0,1,4,4,-1,Envestida (frontal lateral),0,2,2,5,-1,2,1,9.04,0,2,0,19,2
15975,2018,0,2018-08-13,C-55,MANRESA,Bages,3,0,1,3,4,1,0,0,0,3,0,0,0,90.0,0.0,0,2,No n'hi ha,-1.0,3,3,1,0,0,0,0,0,0,1,0,0,0,0,4,-1,1,Altres,-1,1,2,4,2,2,1,12.3,0,5,0,13,8
15976,2018,1,2018-12-08,SE,HOSPITALET DE LLOBREGAT,Barcelones,3,0,1,0,1,0,0,0,0,0,1,0,0,20.0,0.0,0,-1,No n'hi ha,-1.0,3,3,1,-1,-1,0,0,-1,0,0,0,0,-1,0,4,-1,-1,Caiguda en la via,-1,2,2,5,-1,2,0,16.3,1,0,5,8,12
15977,2018,0,2018-04-07,CR,LLIVIA,Cerdanya,1,0,1,0,2,1,0,0,0,1,0,0,0,50.0,0.0,0,2,No n'hi ha,-1.0,3,3,1,0,0,0,0,0,0,0,0,0,0,0,4,-1,1,Atropellament,-1,1,2,3,1,2,0,16.02,1,3,5,7,4
15978,2018,0,2018-11-20,C-35,SANTA MARIA DE PALAU,Valles Oriental,3,0,1,1,2,0,0,0,1,1,0,0,0,60.0,0.0,0,2,No n'hi ha,-1.0,3,3,1,0,0,0,0,0,0,0,0,0,0,1,1,4,1,Envestida (frontal lateral),1,1,2,4,2,2,1,7.02,0,2,1,20,11
15979,2018,0,2018-04-04,BP-5002,VALLROMANES,Valles Oriental,3,0,1,0,2,0,0,0,1,1,0,0,0,60.0,0.0,0,1,No n'hi ha,0.0,3,3,1,0,1,0,0,0,0,0,0,0,0,0,4,-1,1,Caiguda en la via,-1,1,2,4,0,2,1,12.24,0,0,2,4,4
15980,2018,1,2018-12-19,SE,BARCELONA,Barcelones,3,0,1,0,2,1,0,0,0,0,1,0,0,100.0,0.0,1,-1,Carril bus,-1.0,3,3,1,0,0,0,0,0,0,0,0,0,0,0,4,-1,1,Atropellament,-1,2,2,5,-1,2,1,15.35,1,3,2,19,12
15981,2018,1,2018-09-28,SE,SABADELL,Valles Occidental,3,0,1,0,2,1,0,0,0,1,0,0,0,30.0,0.0,0,2,No n'hi ha,-1.0,3,3,1,0,0,0,0,0,0,0,0,0,0,1,4,4,0,Atropellament,2,2,2,5,-1,2,1,12.39,0,3,4,28,9
15982,2018,1,2018-07-13,SE,MATARO,Maresme,3,0,1,1,2,0,0,0,0,1,0,1,0,20.0,0.0,0,-1,No n'hi ha,-1.0,3,3,1,0,-1,0,0,0,0,0,0,0,0,1,4,4,-1,Envestida (frontal lateral),0,2,2,5,0,2,1,11.5,0,2,4,13,7
15983,2018,0,2018-02-08,N-II,"JONQUERA, LA",Alt Emporda,1,1,1,1,3,0,0,0,0,3,0,0,0,100.0,0.0,0,1,No n'hi ha,-1.0,3,3,0,0,0,0,0,0,0,0,0,0,0,0,4,-1,1,Col·lisió frontal,-1,1,2,4,1,1,1,17.39,1,2,3,8,2
15984,2018,0,2018-07-10,C-31,ULLA,Baix Emporda,1,0,1,1,1,0,0,0,1,0,0,0,0,100.0,0.0,0,1,No n'hi ha,-1.0,3,3,1,0,0,0,0,0,0,0,0,0,0,0,4,-1,1,Resta sortides de via,-1,1,2,4,2,2,1,10.52,0,1,1,10,7
15985,2018,1,2018-01-21,SE,SANT BOI DE LLOBREGAT,Baix Llobregat,3,0,1,0,2,1,0,0,0,1,0,0,0,20.0,0.0,0,-1,No n'hi ha,-1.0,3,3,1,-1,0,0,0,-1,0,0,0,0,0,0,4,-1,0,Atropellament,-1,2,2,5,-1,2,0,12.16,0,3,6,21,1
15986,2018,0,2018-06-05,B-10,HOSPITALET DE LLOBREGAT,Barcelones,3,0,1,1,2,0,0,0,2,0,0,0,0,60.0,0.0,0,0,Carril acceleració,-1.0,3,3,1,0,0,0,0,0,0,0,0,0,0,1,2,4,0,Fregament o col·lisió lateral,3,1,2,4,1,2,1,8.22,0,2,1,5,6
15987,2018,1,2018-06-16,SE,BARBERA DEL VALLES,Valles Occidental,3,0,2,0,1,0,0,0,0,1,0,0,0,20.0,0.0,0,-1,No n'hi ha,-1.0,3,3,1,0,0,0,0,0,0,0,0,0,0,1,1,4,0,Sortida de via amb bolcada,0,2,1,5,-1,2,0,19.0,1,1,5,16,6
15988,2018,1,2018-06-16,SE,GIRONA,Girones,1,0,1,3,3,0,0,0,0,3,0,0,0,100.0,0.0,0,2,No n'hi ha,-1.0,3,3,1,0,0,0,0,0,0,0,0,0,0,1,4,3,1,Envestida (frontal lateral),2,2,2,5,-1,2,0,8.51,0,2,5,16,6
15989,2018,0,2018-03-11,A-26,SANT JAUME DE LLIERCA,Garrotxa,1,0,1,2,1,0,0,0,0,1,0,0,0,100.0,0.0,0,2,No n'hi ha,-1.0,3,3,1,0,0,0,0,0,1,0,0,0,0,0,3,-1,0,Resta sortides de via,-1,1,2,4,1,2,0,5.04,2,1,6,11,3
15990,2018,0,2018-05-29,GI-503,DARNIUS,Alt Emporda,1,0,1,0,1,0,0,0,1,0,0,0,0,90.0,0.0,0,-1,Sense Especificar,-1.0,3,3,1,0,0,0,0,0,0,0,0,0,0,0,4,-1,-1,Resta sortides de via,-1,1,2,4,4,2,1,13.42,0,1,1,29,5
15991,2018,1,2018-11-29,SE,SANT JUST DESVERN,Baix Llobregat,3,0,1,0,2,1,0,0,0,1,0,0,0,20.0,0.0,0,2,No n'hi ha,-1.0,3,3,1,0,0,0,0,0,0,0,0,0,0,2,4,4,1,Atropellament,1,0,2,5,0,2,1,17.2,1,3,3,29,11
15992,2018,1,2018-10-05,SE,BADALONA,Barcelones,3,0,1,0,2,0,0,0,0,1,1,0,0,20.0,0.0,0,-1,No n'hi ha,-1.0,3,3,1,-1,-1,0,0,-1,0,0,0,0,-1,0,4,-1,-1,Envestida (frontal lateral),-1,2,2,5,-1,2,1,13.11,0,2,4,5,10
15993,2018,1,2018-02-07,SE,BARCELONA,Barcelones,3,0,1,0,3,0,0,0,1,2,0,0,0,100.0,0.0,1,-1,No n'hi ha,-1.0,3,3,1,0,0,0,0,0,0,0,0,0,0,0,4,-1,0,Caiguda en la via,-1,2,2,5,-1,2,1,16.25,1,0,2,7,2
15994,2018,1,2018-04-20,SE,REUS,Baix Camp,0,0,1,0,2,1,0,0,0,1,0,0,0,100.0,0.0,0,-1,No n'hi ha,-1.0,3,3,1,0,0,0,0,0,0,0,0,0,0,0,4,-1,-1,Atropellament,-1,2,2,5,-1,2,1,12.0,0,3,4,20,4
15995,2018,1,2018-10-20,C-37z,MANRESA,Bages,3,0,1,0,2,1,0,0,0,1,0,0,0,100.0,0.0,0,2,No n'hi ha,-1.0,3,3,1,0,0,0,0,0,0,0,0,0,0,2,4,-1,1,Atropellament,1,0,2,4,-1,2,0,17.5,1,3,5,20,10
15996,2018,1,2018-07-11,SE,CALAFELL,Baix Penedes,0,0,1,0,2,0,1,0,0,0,1,0,0,40.0,0.0,0,-1,No n'hi ha,-1.0,3,3,1,0,0,1,0,0,0,0,0,0,0,0,4,-1,-1,Encalç,-1,2,2,5,-1,2,1,10.2,0,2,2,11,7
15997,2018,1,2018-09-23,SE,BARCELONA,Barcelones,3,0,1,0,2,1,0,0,0,0,1,0,0,100.0,0.0,1,-1,No n'hi ha,-1.0,3,3,1,0,0,0,0,0,0,0,0,0,0,1,4,-1,1,Atropellament,2,2,2,5,-1,2,0,11.45,0,3,6,23,9
15998,2018,1,2018-01-06,SE,AITONA,Segria,2,0,1,0,1,0,0,0,0,0,0,1,0,20.0,0.0,0,-1,Sense Especificar,-1.0,3,3,1,0,0,0,0,0,0,0,0,0,0,0,4,-1,-1,Resta sortides de via,-1,2,2,5,-1,2,0,14.28,1,1,5,6,1
15999,2018,0,2018-01-31,A-2,CORNELLA DE LLOBREGAT,Baix Llobregat,3,0,1,0,3,0,0,0,1,2,0,0,0,100.0,0.0,0,2,Altres,-1.0,3,3,1,0,0,0,0,0,0,0,0,0,0,0,4,-1,0,Fregament o col·lisió lateral,-1,1,2,4,1,2,1,16.54,1,2,2,31,1
16000,2018,0,2018-05-20,A-7,CAMBRILS,Baix Camp,0,0,1,0,2,0,0,0,1,0,1,0,0,90.0,0.0,0,2,No n'hi ha,-1.0,3,3,1,0,0,0,0,0,0,0,0,0,0,1,4,4,0,Envestida (frontal lateral),1,1,2,4,1,2,0,19.33,1,2,6,20,5
16001,2018,1,2018-04-03,SE,IGUALADA,Anoia,3,0,1,0,1,0,0,0,1,0,0,0,0,50.0,0.0,0,2,No n'hi ha,-1.0,3,3,1,-1,0,0,0,-1,0,0,0,0,-1,0,5,-1,1,Xoc contra objecte/obstacle sense sortida prèvia de via,-1,2,2,5,-1,2,1,20.0,1,4,1,3,4
16002,2018,1,2018-11-30,SE,SANT ANFREU DE LA BARCA,Baix Llobregat,3,0,1,3,2,0,0,0,0,2,0,0,0,30.0,0.0,0,2,No n'hi ha,-1.0,3,3,1,-1,0,0,0,-1,0,0,0,0,-1,0,4,-1,1,Col·lisió frontal,-1,0,0,5,-1,2,1,13.25,0,2,4,30,11
16003,2018,0,2018-01-07,CR,"PORTELLA, LA",Segria,2,0,1,0,2,0,1,0,0,1,0,0,0,100.0,0.0,0,3,No n'hi ha,-1.0,3,3,1,0,0,0,0,0,0,0,0,0,0,0,2,-1,1,Envestida (frontal lateral),-1,1,2,3,3,2,0,11.45,0,2,6,7,1
16004,2018,0,2018-02-08,C-25,ESPINELVES,Osona,1,1,2,0,3,0,0,0,0,2,1,0,0,100.0,0.0,0,1,No n'hi ha,-1.0,3,3,0,0,0,0,0,0,1,0,0,0,1,0,1,-1,0,Encalç,-1,1,2,4,2,2,1,7.4,0,2,3,8,2
16005,2018,0,2018-04-23,GI-524,PORQUERES,Pla de l'Estany,1,0,1,0,2,0,1,0,0,1,0,0,0,100.0,0.0,0,1,No n'hi ha,-1.0,3,3,1,0,0,0,0,0,0,0,0,0,0,0,4,-1,1,Col·lisió frontal,-1,1,2,4,2,2,1,16.05,1,2,0,23,4
16006,2018,1,2018-03-01,SE,"PRAT DE LLOBREGAT, E",Baix Llobregat,3,0,1,0,3,0,0,0,1,2,0,0,0,100.0,0.0,0,-1,No n'hi ha,-1.0,3,3,1,0,0,0,0,0,0,0,0,0,0,0,4,-1,-1,Altres,-1,2,2,5,-1,2,1,15.01,1,5,3,1,3
16007,2018,0,2018-11-10,BV-1221,TALAMANCA,Bages,3,0,1,0,2,0,1,0,0,1,0,0,0,90.0,0.0,0,-1,Sense Especificar,-1.0,3,3,1,0,0,0,0,0,0,0,0,0,0,0,4,-1,-1,Fregament o col·lisió lateral,-1,1,2,4,4,2,0,11.39,0,2,5,10,11
16008,2018,0,2018-12-21,C-62,SANTA MARIA DE MERLE,Bergueda,3,0,2,1,2,0,0,0,0,2,0,0,0,100.0,0.0,0,1,Carril avançament,-1.0,3,3,1,0,0,0,0,0,0,0,0,0,0,0,3,-1,1,Col·lisió frontal,-1,1,2,4,3,2,1,6.09,0,2,4,21,12
16009,2018,0,2018-09-30,AP-7,FIGUERES,Alt Emporda,1,0,1,6,2,0,0,0,0,2,0,0,0,120.0,0.0,0,2,No n'hi ha,-1.0,3,3,1,0,0,0,0,0,0,0,0,0,0,0,4,-1,0,Fregament o col·lisió lateral,-1,1,2,4,1,2,0,8.22,0,2,6,30,9
16010,2018,1,2018-09-17,C-12,TORTOSA,Baix Ebre,0,0,1,0,2,1,0,0,0,1,0,0,0,50.0,0.0,0,2,No n'hi ha,-1.0,3,3,1,0,1,0,0,0,0,0,0,0,0,2,4,-1,1,Atropellament,0,0,2,4,2,2,1,12.0,0,3,0,17,9
16011,2018,1,2018-04-13,SE,BARCELONA,Barcelones,3,0,1,0,2,1,0,0,1,0,0,0,0,100.0,0.0,1,-1,No n'hi ha,-1.0,1,3,1,0,0,0,0,0,0,0,0,0,0,0,4,-1,0,Caiguda en la via,-1,2,0,5,-1,2,0,15.0,1,0,4,13,4
16012,2018,0,2018-07-20,AP-7,MACANET DE LA SELVA,Selva,1,0,1,3,2,0,0,0,1,1,0,0,0,100.0,0.0,0,1,No n'hi ha,-1.0,3,3,1,0,0,0,0,0,0,0,0,0,0,0,4,-1,0,Altres,-1,1,2,4,1,2,0,18.0,1,5,4,20,7
16013,2018,1,2018-11-12,SE,ABRERA,Baix Llobregat,3,0,1,2,2,0,0,0,1,1,0,0,0,100.0,0.0,0,2,No n'hi ha,-1.0,3,3,1,0,0,0,0,0,0,0,0,0,0,1,5,2,1,Envestida (frontal lateral),1,2,2,5,-1,2,1,20.0,1,2,0,12,11
16014,2018,1,2018-11-23,SE,VILANOVA DEL VALLES,Valles Oriental,3,0,1,4,6,5,0,0,0,1,0,0,0,100.0,0.0,0,-1,No n'hi ha,-1.0,3,3,1,0,0,0,0,0,0,0,0,0,0,0,4,-1,-1,Atropellament,-1,2,2,5,-1,2,0,20.55,1,3,4,23,11
16015,2018,1,2018-05-04,SE,HOSPITALET DE LLOBREGAT,Barcelones,3,0,1,0,1,0,0,0,1,0,0,0,0,80.0,0.0,0,2,No n'hi ha,-1.0,3,3,1,-1,0,0,0,-1,0,0,0,0,0,1,4,2,1,Xoc contra objecte/obstacle sense sortida prèvia de via,3,2,2,5,-1,2,1,9.24,0,4,4,4,5
16016,2018,0,2018-11-15,C-66,GIRONA,Girones,1,0,1,2,2,0,0,0,0,2,0,0,0,80.0,0.0,0,3,Carril d'alentiment,-1.0,2,3,1,0,0,0,1,0,0,0,0,0,0,0,2,-1,1,Col·lisió frontal,-1,1,2,4,2,1,1,19.49,1,2,3,15,11
16017,2018,1,2018-05-08,SE,BARCELONA,Barcelones,3,0,1,0,2,0,0,0,1,1,0,0,0,100.0,0.0,1,-1,Carril bici,-1.0,3,3,1,0,0,0,0,0,0,0,0,0,0,1,0,-1,0,Fregament o col·lisió lateral,2,2,2,5,-1,2,1,21.4,1,2,1,8,5
16018,2018,0,2018-08-05,B-124,MONISTROL DE CALDERS,Moianès,3,0,1,0,1,0,0,0,1,0,0,0,0,100.0,0.0,0,1,No n'hi ha,-1.0,3,3,1,0,1,0,0,0,0,0,0,0,0,0,4,-1,1,Resta sortides de via,-1,1,2,4,3,2,0,12.02,0,1,6,5,8
16019,2018,1,2018-09-28,SE,SANT CUGAT DEL VALLES,Valles Occidental,3,0,1,0,2,1,0,0,0,1,0,0,0,30.0,0.0,0,-1,No n'hi ha,-1.0,3,3,1,-1,-1,0,0,-1,0,0,0,0,0,1,4,2,-1,Atropellament,0,2,2,5,-1,2,1,8.21,0,3,4,28,9
16020,2018,1,2018-10-16,SE,BARCELONA,Barcelones,3,0,1,1,3,2,0,0,0,1,0,0,0,100.0,0.0,1,-1,No n'hi ha,-1.0,3,3,1,0,0,0,0,0,0,0,0,0,0,1,4,-1,0,Atropellament,2,2,2,5,-1,2,1,9.45,0,3,1,16,10
16021,2018,0,2018-02-21,C-230a,LLEIDA,Segria,2,0,1,0,1,0,0,0,1,0,0,0,0,90.0,0.0,0,-1,Sense Especificar,-1.0,3,3,1,0,0,0,0,0,0,0,0,0,0,0,4,-1,-1,Resta sortides de via,-1,1,2,4,4,2,1,20.32,1,1,2,21,2
16022,2018,1,2018-06-29,SE,MATARO,Maresme,3,0,1,0,2,1,1,0,0,0,0,0,0,20.0,0.0,0,-1,No n'hi ha,-1.0,3,3,1,0,-1,0,0,0,0,0,0,0,0,0,4,-1,-1,Atropellament,-1,2,2,5,-1,2,1,10.04,0,3,4,29,6
16023,2018,0,2018-04-27,N-260,TOSES,Ripolles,1,0,1,0,1,0,0,0,1,0,0,0,0,90.0,0.0,0,-1,Sense Especificar,-1.0,3,3,1,0,0,0,0,0,0,0,0,0,0,0,4,-1,-1,Resta sortides de via,-1,1,2,4,4,2,0,18.33,1,1,4,27,4
16024,2018,1,2018-07-19,SE,CERDANYOLA DEL VALLES,Valles Occidental,3,0,1,0,2,0,0,0,1,1,0,0,0,100.0,0.0,0,2,No n'hi ha,-1.0,3,3,1,0,0,0,0,0,0,0,0,0,0,1,1,4,0,Altres,2,2,2,5,-1,2,1,20.5,1,5,3,19,7
16025,2018,0,2018-11-28,B-224,MASQUEFA,Anoia,3,0,1,0,3,0,0,0,0,2,1,0,0,60.0,0.0,0,2,Carril central,-1.0,3,3,1,0,0,0,0,0,0,0,0,0,0,1,1,4,1,Envestida (frontal lateral),1,1,2,4,3,2,1,8.03,0,2,2,28,11
16026,2018,1,2018-04-24,SE,SABADELL,Valles Occidental,3,0,1,0,2,0,0,0,1,1,0,0,0,100.0,0.0,0,1,No n'hi ha,-1.0,3,3,1,0,0,0,0,0,0,0,0,0,0,1,4,3,1,Altres,2,2,2,5,-1,2,1,20.15,1,5,1,24,4
16027,2018,0,2018-07-01,GI-503,ALBANYA,Alt Emporda,1,0,1,0,1,0,0,0,1,0,0,0,0,100.0,0.0,0,3,No n'hi ha,-1.0,3,3,1,0,0,0,0,0,0,0,0,0,0,0,4,-1,1,Resta sortides de via,-1,1,2,4,3,2,0,12.25,0,1,6,1,7