,Year,Area,Date,Road,Municipality Name,County Name,Province Name,Fatalties,Serious Injuries,Light Injuries,Units Involved,Pedestrains Involved,Bicycles Involved,Mopeds Involved,Motorcycles,Light Vehicles Involved,Heavy Vehicles Involved,Other Units Involved,Unspecified Units Involved,Road Speed Limit,Accident with Hit and Run,Fog Presence,Surrounding Environment,Special Lane Presence,Special Traffic Measures,Weather Conditions,Special Road Functions,Severity of Accident,Influence of Fog,Influence of Environment,Influence of Traffic,Influence of Weather,Influence of Wind Intensity,Influence of Lighting,Influence of Special Measures,Influence of Road Objects,Influence of Road Surface,Influence of Visibility,Intersection Characteristics,Lighting Conditions,Traffic Regulation and Priority,Direction of Road,Subtype of Accident,Subtype of Road Section,Subzone within Area,Road Surface Conditions,Type of Road,Road Ownership,Wind Conditions,Day of the Week Grouping,Hour of Day,Time of Day Grouping,Type of Accident,Day Type,Day,Month
16028,2018,1,2018-05-26,SE,BARCELONA,Barcelones,3,0,1,0,1,0,0,0,0,0,1,0,0,100.0,0.0,1,-1,Carril bus,-1.0,3,3,1,0,0,0,0,0,0,0,0,0,0,0,1,-1,1,Caiguda en la via,-1,2,2,5,-1,2,0,20.2,1,0,5,26,5
16029,2018,0,2018-12-04,C-251,FRANQUESES DEL VALLE,Valles Oriental,3,0,1,0,2,0,0,0,1,1,0,0,0,70.0,0.0,0,2,No n'hi ha,-1.0,3,3,1,0,0,0,0,0,0,0,0,0,0,0,1,-1,1,Altres,-1,1,2,4,2,2,1,17.3,1,5,1,4,12
16030,2018,0,2018-05-21,AP-7,SANTA PERPETUA DE MO,Valles Occidental,3,0,1,1,2,0,0,0,1,1,0,0,0,100.0,0.0,0,2,Carril d'alentiment,-1.0,3,3,1,0,0,0,0,0,0,0,0,0,0,2,4,2,0,Altres,3,1,2,4,1,2,1,16.5,1,5,0,21,5
16031,2018,0,2018-09-30,TV-7333,"FATARELLA, LA",Terra Alta,0,0,1,0,2,0,0,0,1,1,0,0,0,100.0,0.0,0,2,No n'hi ha,-1.0,3,3,1,0,0,0,0,0,0,0,0,0,0,0,4,-1,1,Envestida (frontal lateral),-1,1,2,4,3,2,0,11.42,0,2,6,30,9
16032,2018,0,2018-06-16,BV-5114,CAMPINS,Valles Oriental,3,0,1,0,1,0,0,0,1,0,0,0,0,50.0,0.0,0,1,No n'hi ha,-1.0,3,3,1,0,0,0,0,0,0,0,0,0,0,0,4,-1,1,Altres,-1,1,2,4,3,2,0,13.51,0,5,5,16,6
16033,2018,1,2018-07-08,SE,ROSES,Alt Emporda,1,0,3,1,2,0,0,0,0,2,0,0,0,100.0,0.0,0,-1,No n'hi ha,-1.0,3,3,1,0,0,0,0,0,0,0,0,0,0,0,4,-1,-1,Col·lisió frontal,-1,2,2,5,-1,2,0,3.22,2,2,6,8,7
16034,2018,0,2018-08-04,BP-1432,BIGUES I RIELLS,Valles Oriental,3,0,1,0,2,0,0,0,1,1,0,0,0,90.0,0.0,0,-1,No n'hi ha,-1.0,3,3,1,-1,-1,0,0,-1,0,0,0,0,0,0,4,-1,-1,Envestida (frontal lateral),-1,1,2,4,-1,2,0,11.0,0,2,5,4,8
16035,2018,1,2018-11-05,SE,SANT BOI DE LLOBREGAT,Baix Llobregat,3,0,1,0,2,1,0,0,0,1,0,0,0,100.0,0.0,0,2,No n'hi ha,-1.0,1,3,1,0,0,0,1,0,0,0,0,0,0,0,1,-1,1,Atropellament,-1,2,2,5,-1,2,1,19.03,1,3,0,5,11
16036,2018,0,2018-12-04,GIV-6026,SANT CLIMENT SESCEBES,Alt Emporda,1,0,1,0,1,0,0,0,1,0,0,0,0,90.0,0.0,0,-1,Sense Especificar,-1.0,3,3,1,0,0,0,0,0,0,0,0,0,0,0,4,-1,-1,Altres,-1,1,2,4,4,2,1,18.11,1,5,1,4,12
16037,2018,1,2018-12-04,SE,SANT JOAN DESPI,Baix Llobregat,3,0,1,0,2,0,0,0,1,1,0,0,0,30.0,0.0,0,2,No n'hi ha,-1.0,3,3,1,0,0,0,0,0,0,0,0,0,0,1,1,3,1,Col·lisió frontal,2,2,2,5,-1,2,1,17.1,1,2,1,4,12
16038,2018,0,2018-08-02,N-340,"ARBO?, L'",Baix Penedes,0,1,1,0,1,0,0,0,0,0,1,0,0,80.0,0.0,0,1,No n'hi ha,-1.0,3,3,0,0,0,0,0,0,0,0,0,0,0,0,4,-1,1,Resta sortides de via,-1,1,2,4,1,2,1,16.37,1,1,3,2,8
16039,2018,0,2018-03-29,C-12,GARCIA,Ribera d'Ebre,0,0,4,0,3,0,0,0,0,3,0,0,0,100.0,0.0,0,2,No n'hi ha,-1.0,3,3,1,0,0,0,0,0,0,0,0,0,0,0,4,-1,1,Col·lisió frontal,-1,1,2,4,2,2,1,9.25,0,2,3,29,3
16040,2018,1,2018-12-17,N-240,TARRAGONA,Tarragones,0,0,1,1,2,1,0,0,1,0,0,0,0,40.0,0.0,0,2,No n'hi ha,-1.0,3,3,1,0,0,0,0,0,0,0,0,0,0,0,5,-1,1,Atropellament,-1,0,2,4,-1,2,1,19.34,1,3,0,17,12
16041,2018,0,2018-07-02,N-II,CASTELLNOU DE SEANA,Pla d'Urgell,2,0,2,1,2,0,0,0,0,2,0,0,0,100.0,0.0,0,2,No n'hi ha,-1.0,3,3,1,0,0,0,0,0,0,0,0,0,0,1,4,4,1,Envestida (frontal lateral),2,1,2,4,1,2,1,19.35,1,2,0,2,7
16042,2018,0,2018-03-25,C-63,VIDRERES,Selva,1,0,1,0,1,0,0,0,0,1,0,0,0,80.0,0.0,0,0,No n'hi ha,-1.0,1,3,1,0,0,0,0,0,0,0,0,0,0,0,2,-1,1,Resta sortides de via,-1,1,2,4,2,2,0,9.03,0,1,6,25,3
16043,2018,1,2018-09-21,SE,BARCELONA,Barcelones,3,0,1,0,2,0,1,0,0,0,0,1,0,100.0,0.0,1,-1,Altres,-1.0,3,3,1,0,0,0,0,0,0,0,0,0,0,1,0,-1,1,Envestida (frontal lateral),2,2,2,5,-1,2,0,21.51,1,2,4,21,9
16044,2018,0,2018-03-03,C-28,NAUT ARAN,Val d'Aran,2,0,2,4,2,0,0,0,0,2,0,0,0,100.0,0.0,0,1,No n'hi ha,-1.0,3,3,1,0,0,0,0,0,0,0,0,0,0,0,3,-1,1,Col·lisió frontal,-1,1,2,4,2,2,0,20.14,1,2,5,3,3
16045,2018,0,2018-04-25,BV-5105,CARDEDEU,Valles Oriental,3,0,1,1,1,0,0,0,0,1,0,0,0,100.0,0.0,0,2,No n'hi ha,-1.0,3,3,1,0,0,0,0,0,0,0,0,0,0,0,4,-1,1,Resta sortides de via,-1,1,2,4,0,2,1,12.39,0,1,2,25,4
16046,2018,0,2018-10-07,BP-2121,"LLACUNA, LA",Anoia,3,0,1,0,2,0,0,0,1,1,0,0,0,90.0,0.0,0,-1,Sense Especificar,-1.0,3,3,1,0,0,0,0,0,0,0,0,0,0,0,4,-1,-1,Altres,-1,1,2,4,4,2,0,12.26,0,5,6,7,10
16047,2018,1,2018-07-11,N-II,ARENYS DE MAR,Maresme,3,1,0,1,2,0,0,0,0,2,0,0,0,100.0,0.0,0,-1,No n'hi ha,-1.0,3,3,0,0,0,0,0,0,0,0,0,0,0,0,4,-1,-1,Encalç,-1,0,2,4,-1,2,1,14.3,1,2,2,11,7
16048,2018,1,2018-08-10,SE,BARCELONA,Barcelones,3,0,1,1,2,0,0,0,1,1,0,0,0,100.0,0.0,1,-1,No n'hi ha,-1.0,3,3,1,0,0,0,0,0,0,0,0,0,0,1,4,-1,0,Encalç,1,2,2,5,-1,2,1,12.0,0,2,4,10,8
16049,2018,0,2018-06-12,N-141c,MOIA,Moianès,3,0,1,2,2,0,0,0,0,2,0,0,0,100.0,0.0,0,1,No n'hi ha,-1.0,1,3,1,0,0,0,0,0,0,0,0,0,0,0,2,-1,1,Col·lisió frontal,-1,1,2,4,2,2,1,8.46,0,2,1,12,6
16050,2018,0,2018-02-22,C-162,URUS,Cerdanya,1,0,2,1,2,0,0,0,0,2,0,0,0,40.0,0.0,0,1,No n'hi ha,-1.0,3,3,1,0,0,0,0,0,0,0,0,0,0,0,4,-1,1,Col·lisió frontal,-1,1,2,4,2,2,1,8.46,0,2,3,22,2
16051,2018,0,2018-01-14,C-14,BASSELLA,Alt Urgell,2,1,0,0,1,0,0,0,1,0,0,0,0,100.0,0.0,0,1,No n'hi ha,-1.0,3,3,0,0,0,0,0,0,0,0,0,0,0,0,4,-1,1,Resta sortides de via,-1,1,2,4,2,2,0,12.06,0,1,6,14,1
16052,2018,0,2018-10-12,C-31,"VENDRELL, EL",Baix Penedes,0,1,0,0,2,1,0,0,0,1,0,0,0,80.0,0.0,0,2,No n'hi ha,-1.0,3,3,0,0,0,0,0,0,0,0,0,0,0,0,0,-1,1,Atropellament,-1,1,2,4,2,2,0,21.35,1,3,4,12,10
16053,2018,1,2018-06-30,SE,BARCELONA,Barcelones,3,0,1,0,2,0,1,0,0,1,0,0,0,100.0,0.0,1,-1,Carril bici,-1.0,3,3,1,0,0,0,0,0,0,0,0,0,0,1,4,-1,0,Envestida (frontal lateral),1,2,2,5,-1,2,0,16.5,1,2,5,30,6
16054,2018,0,2018-02-25,GI-682,SANTA CRISTINA D'ARO,Baix Emporda,1,0,1,0,1,0,0,0,1,0,0,0,0,90.0,0.0,0,-1,Sense Especificar,-1.0,3,3,1,0,0,0,0,0,0,0,0,0,0,0,4,-1,-1,Resta sortides de via,-1,1,2,4,4,2,0,12.05,0,1,6,25,2
16055,2018,1,2018-06-09,GI-682,LLORET DE MAR,Selva,1,0,1,3,2,0,0,0,1,1,0,0,0,100.0,0.0,0,2,Carril central,-1.0,3,3,1,0,0,0,0,0,0,0,0,0,0,2,4,3,1,Envestida (frontal lateral),2,0,2,4,-1,2,0,18.55,1,2,5,9,6
16056,2018,1,2018-05-11,SE,BARCELONA,Barcelones,3,0,1,0,2,0,0,0,0,2,0,0,0,100.0,0.0,1,-1,No n'hi ha,-1.0,3,3,1,0,0,0,0,0,0,0,0,0,0,0,4,-1,1,Encalç,-1,2,2,5,-1,2,0,16.15,1,2,4,11,5
16057,2018,0,2018-04-24,CR,GRANYANELLA,Segarra,2,1,0,0,1,0,0,0,0,0,1,0,0,100.0,0.0,0,3,No n'hi ha,-1.0,3,3,0,0,0,0,0,0,0,0,0,0,0,0,4,-1,1,Resta sortides de via,-1,1,2,3,4,2,1,18.48,1,1,1,24,4
16058,2018,1,2018-09-20,SE,REUS,Baix Camp,0,0,1,0,1,0,0,1,0,0,0,0,0,100.0,0.0,0,-1,No n'hi ha,-1.0,3,3,1,0,0,0,0,0,0,0,0,0,0,0,4,-1,-1,Caiguda en la via,-1,2,2,5,-1,2,1,21.0,1,0,3,20,9
16059,2018,1,2018-11-01,SE,BARCELONA,Barcelones,3,0,2,3,6,0,0,1,3,2,0,0,0,100.0,0.0,1,-1,No n'hi ha,-1.0,3,3,1,0,0,0,0,0,0,0,0,0,0,1,0,-1,0,Envestida (frontal lateral),2,2,2,5,-1,2,1,21.3,1,2,3,1,11
16060,2018,0,2018-10-21,C-14,TARREGA,Urgell,2,0,1,1,2,0,0,0,2,0,0,0,0,100.0,0.0,0,2,No n'hi ha,-1.0,3,3,1,0,0,0,0,0,0,0,0,0,0,0,4,-1,1,Encalç,-1,1,2,4,2,2,0,16.48,1,2,6,21,10
16061,2018,0,2018-11-12,GIV-6321,ALBONS,Baix Emporda,1,0,2,0,1,0,0,0,0,1,0,0,0,100.0,0.0,0,2,No n'hi ha,-1.0,3,3,1,0,0,0,0,0,0,0,0,0,0,0,4,-1,1,Xoc contra objecte/obstacle sense sortida prèvia de via,-1,1,2,4,3,2,1,14.44,1,4,0,12,11
16062,2018,1,2018-06-25,SE,BARCELONA,Barcelones,3,0,1,0,2,1,0,0,1,0,0,0,0,100.0,0.0,1,-1,No n'hi ha,-1.0,3,3,1,0,0,0,0,0,0,0,0,0,0,0,4,-1,1,Atropellament,-1,2,2,5,-1,2,1,13.3,0,3,0,25,6
16063,2018,1,2018-10-05,SE,OLESA DE MONTSERRAT,Baix Llobregat,3,0,1,0,2,1,0,0,0,1,0,0,0,40.0,0.0,0,3,No n'hi ha,-1.0,3,3,1,0,0,0,0,0,0,0,0,0,0,0,4,-1,1,Atropellament,-1,2,2,5,-1,2,1,8.3,0,3,4,5,10
16064,2018,0,2018-05-31,B-10,BARCELONA,Barcelones,3,0,1,0,2,0,0,0,1,1,0,0,0,60.0,0.0,1,-1,No n'hi ha,-1.0,3,3,1,0,0,0,0,0,0,0,0,0,0,0,0,-1,0,Fregament o col·lisió lateral,-1,1,2,1,-1,2,1,17.05,1,2,3,31,5
16065,2018,1,2018-09-24,SE,CORBERA DE LLOBREGAT,Baix Llobregat,3,0,1,0,2,1,0,0,0,1,0,0,0,100.0,0.0,0,-1,No n'hi ha,-1.0,3,3,1,0,0,0,0,0,0,0,0,0,0,0,4,-1,-1,Atropellament,-1,2,2,5,-1,2,1,14.0,1,3,0,24,9
16066,2018,0,2018-11-11,GI-503,MACANET DE CABRENYS,Alt Emporda,1,0,2,0,1,0,0,0,1,0,0,0,0,100.0,0.0,0,3,No n'hi ha,-1.0,3,3,1,0,0,0,0,0,0,0,0,0,0,0,4,-1,1,Resta sortides de via,-1,1,2,4,3,2,0,11.1,0,1,6,11,11
16067,2018,0,2018-06-02,B-120,VILADECAVALLS,Valles Occidental,3,0,1,0,1,0,0,0,1,0,0,0,0,90.0,0.0,0,-1,Sense Especificar,-1.0,3,3,1,0,0,0,0,0,0,0,0,0,0,0,4,-1,-1,Altres,-1,1,2,4,4,2,0,9.35,0,5,5,2,6
16068,2018,1,2018-01-08,C-246a,VILANOVA I LA GELTRU,Garraf,3,0,1,0,2,0,0,1,0,1,0,0,0,100.0,0.0,0,2,Carril acceleració,-1.0,3,3,1,0,0,0,0,0,0,0,0,0,0,2,5,5,1,Col·lisió frontal,3,0,2,4,-1,2,1,7.0,0,2,0,8,1
16069,2018,0,2018-11-11,C-31,SITGES,Garraf,3,0,1,0,1,0,1,0,0,0,0,0,0,90.0,0.0,0,-1,Sense Especificar,-1.0,3,3,1,0,0,0,0,0,0,0,0,0,0,0,4,-1,-1,Altres,-1,1,2,4,4,2,0,10.01,0,5,6,11,11
16070,2018,0,2018-06-26,B-124,SANT LLORENC SAVALL,Valles Occidental,3,0,1,0,1,0,0,0,1,0,0,0,0,100.0,0.0,0,1,No n'hi ha,-1.0,3,3,1,0,0,0,0,0,0,0,0,0,0,0,4,-1,1,Resta sortides de via,-1,1,2,4,3,2,1,17.32,1,1,1,26,6
16071,2018,1,2018-04-16,SE,CARDEDEU,Valles Oriental,3,0,1,0,2,0,0,0,0,2,0,0,0,50.0,0.0,0,2,No n'hi ha,-1.0,3,3,1,-1,0,0,0,-1,0,0,0,0,-1,0,4,-1,1,Envestida (frontal lateral),-1,2,2,5,-1,2,1,18.14,1,2,0,16,4
16072,2018,1,2018-05-18,SE,TARRAGONA,Tarragones,0,0,1,1,2,0,0,1,1,0,0,0,0,100.0,0.0,0,-1,No n'hi ha,-1.0,3,3,1,0,0,0,0,0,0,0,0,0,0,0,4,-1,-1,Envestida (frontal lateral),-1,2,2,5,-1,2,1,5.2,2,2,4,18,5
16073,2018,0,2018-06-05,C-15,CAPELLADES,Anoia,3,2,1,0,2,0,0,0,0,1,1,0,0,80.0,0.0,0,2,No n'hi ha,-1.0,1,3,0,0,0,0,1,0,0,0,0,0,0,0,4,-1,1,Envestida (frontal lateral),-1,1,2,4,2,2,1,13.51,0,2,1,5,6
16074,2018,1,2018-10-16,SE,VIC,Osona,3,0,1,0,2,1,0,0,0,1,0,0,0,20.0,0.0,0,-1,No n'hi ha,-1.0,3,3,1,0,-1,0,0,0,0,0,0,0,0,1,4,2,-1,Atropellament,2,2,2,5,-1,2,1,9.2,0,3,1,16,10
16075,2018,1,2018-02-07,SE,BARCELONA,Barcelones,3,0,1,0,2,0,0,0,1,1,0,0,0,100.0,0.0,1,-1,Carril bici,-1.0,3,3,1,0,0,0,0,0,0,0,0,0,0,1,0,-1,1,Envestida (frontal lateral),2,2,2,5,-1,2,1,22.05,2,2,2,7,2
16076,2018,1,2018-06-12,SE,MONTMELO,Valles Oriental,3,0,1,0,2,0,1,0,0,1,0,0,0,20.0,0.0,0,-1,No n'hi ha,-1.0,3,3,1,-1,-1,0,0,-1,0,0,0,0,-1,1,4,4,0,Envestida (frontal lateral),0,2,2,5,-1,2,1,15.0,1,2,1,12,6
16077,2018,1,2018-05-25,SE,BARCELONA,Barcelones,3,1,0,1,2,0,0,0,2,0,0,0,0,100.0,0.0,1,-1,No n'hi ha,-1.0,3,3,0,0,0,0,0,0,0,0,0,0,0,1,4,-1,1,Envestida (frontal lateral),2,2,2,5,-1,2,1,9.52,0,2,4,25,5
16078,2018,1,2018-12-01,SE,TERRASSA,Valles Occidental,3,0,1,2,3,0,0,0,0,2,1,0,0,100.0,0.0,0,2,Carril bici,-1.0,3,3,1,0,1,0,0,0,0,0,0,0,0,2,5,4,1,Encalç,0,2,2,5,-1,2,0,6.0,0,2,5,1,12
16079,2018,0,2018-08-16,C-26,"LLOSSES, LES",Ripolles,1,0,1,0,2,0,0,0,1,1,0,0,0,100.0,0.0,0,1,No n'hi ha,-1.0,3,3,1,0,0,0,0,0,0,0,0,0,0,0,4,-1,0,Altres,-1,1,2,4,2,2,1,13.09,0,5,3,16,8
16080,2018,0,2018-11-14,C-31,CALONGE,Baix Emporda,1,1,0,0,2,0,0,0,2,0,0,0,0,80.0,0.0,0,2,No n'hi ha,-1.0,1,3,0,0,0,0,0,0,0,0,0,0,0,0,3,-1,1,Resta sortides de via,-1,1,2,4,2,2,1,20.19,1,1,2,14,11
16081,2018,0,2018-06-23,C-153,SANTA MARIA DE CORCO,Osona,3,0,1,0,2,0,1,0,0,1,0,0,0,100.0,0.0,0,2,No n'hi ha,-1.0,3,3,1,0,0,0,0,0,0,0,0,0,0,0,2,-1,1,Col·lisió frontal,-1,1,2,4,2,2,0,13.28,0,2,5,23,6
16082,2018,0,2018-10-27,C-58,RIPOLLET,Valles Occidental,3,1,0,0,1,0,0,0,0,1,0,0,0,100.0,0.0,0,-1,No n'hi ha,-1.0,3,3,0,0,0,0,0,0,0,0,0,0,0,0,4,-1,-1,Resta sortides de via,-1,1,2,4,-1,2,0,7.05,0,1,5,27,10
16083,2018,0,2018-10-24,AP-7,SANT JULIA DE RAMIS,Girones,1,0,1,0,2,0,0,0,1,1,0,0,0,100.0,0.0,0,2,No n'hi ha,-1.0,3,3,1,0,0,0,0,0,0,0,0,0,0,0,4,-1,0,Encalç,-1,1,2,4,1,2,1,15.04,1,2,2,24,10
16084,2018,1,2018-01-20,SE,BARCELONA,Barcelones,3,0,2,0,1,0,0,0,1,0,0,0,0,100.0,0.0,1,-1,Carril bus,-1.0,3,3,1,0,0,0,0,0,0,0,0,0,0,1,0,-1,1,Caiguda en la via,0,2,2,5,-1,2,0,19.55,1,0,5,20,1
16085,2018,0,2018-01-08,B-23,SANT JOAN DESPI,Baix Llobregat,3,0,1,0,1,0,0,0,1,0,0,0,0,40.0,0.0,0,0,No n'hi ha,-1.0,3,3,1,0,0,0,0,0,0,0,0,0,0,2,1,5,0,Caiguda en la via,3,1,2,4,1,2,1,7.11,0,0,0,8,1
16086,2018,1,2018-07-18,SE,VILASSAR DE MAR,Maresme,3,0,1,1,3,2,0,0,0,1,0,0,0,100.0,0.0,0,2,No n'hi ha,-1.0,3,3,1,0,0,0,0,0,0,0,0,0,0,0,1,-1,1,Atropellament,-1,2,0,5,-1,2,1,21.15,1,3,2,18,7
16087,2018,0,2018-04-22,BV-2115,CASTELLET I LA GORNA,Alt Penedes,3,0,1,2,3,0,0,0,3,0,0,0,0,100.0,0.0,0,1,No n'hi ha,-1.0,3,3,1,0,0,0,0,0,0,0,0,0,0,0,4,-1,1,Fregament o col·lisió lateral,-1,1,2,4,3,2,0,11.23,0,2,6,22,4
16088,2018,0,2018-02-23,C-55,MONISTROL DE MONTSER,Bages,3,0,1,0,2,0,0,0,0,1,1,0,0,60.0,0.0,0,1,No n'hi ha,-1.0,3,3,1,0,0,0,0,0,0,0,0,0,0,0,3,-1,1,Col·lisió frontal,-1,1,2,4,2,2,1,6.43,0,2,4,23,2
16089,2018,1,2018-11-15,SE,CERDANYOLA DEL VALLES,Valles Occidental,3,0,1,0,2,0,1,0,0,1,0,0,0,30.0,0.0,0,2,No n'hi ha,-1.0,2,3,1,0,0,0,1,0,0,0,0,0,1,2,5,-1,1,Envestida (frontal lateral),2,2,2,5,-1,2,1,17.3,1,2,3,15,11
16090,2018,0,2018-06-04,LV-2032,RIBERA D'ONDARA,Segarra,2,0,1,0,1,0,0,0,0,1,0,0,0,90.0,0.0,0,-1,Sense Especificar,-1.0,3,3,1,0,0,0,0,0,0,0,0,0,0,0,4,-1,-1,Resta sortides de via,-1,1,2,4,4,2,1,12.53,0,1,0,4,6
16091,2018,0,2018-05-24,BV-2415,OLIVELLA,Garraf,3,0,1,0,1,0,0,0,1,0,0,0,0,90.0,0.0,0,-1,Sense Especificar,-1.0,3,3,1,0,0,0,0,0,0,0,0,0,0,0,4,-1,-1,Resta sortides de via,-1,1,2,4,4,2,1,18.41,1,1,3,24,5
16092,2018,1,2018-08-07,SE,GIRONA,Girones,1,0,1,0,2,0,0,1,0,1,0,0,0,100.0,0.0,0,2,No n'hi ha,-1.0,3,3,1,0,0,0,0,0,0,0,0,0,0,1,4,5,1,Envestida (frontal lateral),-1,2,2,5,-1,2,1,16.49,1,2,1,7,8
16093,2018,0,2018-03-05,B-140,SANTA PERPETUA DE MO,Valles Occidental,3,1,0,0,2,1,0,0,0,1,0,0,0,100.0,0.0,0,-1,No n'hi ha,-1.0,3,3,0,0,0,0,0,0,0,0,0,0,0,0,4,-1,-1,Atropellament,-1,1,2,4,-1,2,1,4.45,2,3,0,5,3
16094,2018,0,2018-12-29,C-26,CASTELLAR DE LA RIBERA,Solsones,2,0,1,3,1,0,0,0,0,1,0,0,0,100.0,0.0,1,1,No n'hi ha,-1.0,3,3,1,0,0,0,0,0,0,0,0,0,0,2,2,5,1,Resta sortides de via,1,1,2,4,2,2,0,8.55,0,1,5,29,12
16095,2018,1,2018-05-26,SE,GIRONA,Girones,1,0,1,0,2,0,0,0,1,1,0,0,0,100.0,0.0,0,2,Altres,-1.0,3,3,1,0,0,0,0,0,0,0,0,0,0,1,4,2,1,Fregament o col·lisió lateral,1,2,2,5,-1,2,0,11.16,0,2,5,26,5
16096,2018,1,2018-12-22,SE,BARCELONA,Barcelones,3,0,1,0,1,0,0,0,1,0,0,0,0,100.0,0.0,1,-1,No n'hi ha,-1.0,3,3,1,0,0,0,0,0,0,0,0,0,0,0,0,-1,1,Caiguda en la via,-1,2,2,5,-1,2,0,23.15,2,0,5,22,12
16097,2018,1,2018-01-20,SE,BARCELONA,Barcelones,3,0,1,3,5,3,0,0,1,1,0,0,0,100.0,0.0,1,-1,No n'hi ha,-1.0,3,3,1,0,0,0,0,0,0,0,0,0,0,1,4,-1,1,Atropellament,2,2,2,5,-1,2,0,11.2,0,3,5,20,1
16098,2018,1,2018-03-03,SE,BARCELONA,Barcelones,3,0,1,0,1,0,0,0,1,0,0,0,0,100.0,0.0,1,-1,No n'hi ha,-1.0,3,3,1,0,0,0,0,0,0,0,0,0,0,0,4,-1,0,Caiguda en la via,-1,2,0,5,-1,2,0,10.11,0,0,5,3,3
16099,2018,0,2018-09-30,BV-2152,TORRELAVIT,Alt Penedes,3,0,1,0,1,0,0,0,1,0,0,0,0,90.0,0.0,0,-1,Sense Especificar,-1.0,3,3,1,0,0,0,0,0,0,0,0,0,0,0,4,-1,-1,Resta sortides de via,-1,1,2,4,4,2,0,9.05,0,1,6,30,9
16100,2018,0,2018-03-16,N-340,MONT-ROIG DEL CAMP,Baix Camp,0,1,0,1,2,0,0,0,0,1,1,0,0,70.0,0.0,0,2,No n'hi ha,-1.0,3,3,0,0,0,0,0,0,0,0,0,0,0,0,1,-1,1,Envestida (frontal lateral),-1,1,2,4,1,2,0,19.05,1,2,4,16,3
16101,2018,1,2018-04-27,SE,RUBI,Valles Occidental,3,0,1,1,3,2,0,0,0,1,0,0,0,30.0,0.0,0,2,No n'hi ha,-1.0,3,3,1,0,0,0,0,0,0,0,0,0,0,2,4,2,0,Atropellament,-1,2,2,5,-1,2,1,10.15,0,3,4,27,4
16102,2018,0,2018-12-20,C-241d,"PILES, LES",Conca de Barbera,0,0,1,0,1,0,0,0,0,0,1,0,0,100.0,0.0,0,2,No n'hi ha,-1.0,3,3,1,0,0,0,0,0,0,0,0,0,0,0,4,-1,1,Resta sortides de via,-1,1,2,4,3,2,1,12.07,0,1,3,20,12
16103,2018,1,2018-10-17,SE,BARCELONA,Barcelones,3,0,1,1,3,2,0,0,1,0,0,0,0,100.0,0.0,1,-1,No n'hi ha,-1.0,3,3,1,0,0,0,0,0,0,0,0,0,0,0,4,-1,1,Atropellament,-1,2,2,5,-1,2,1,17.05,1,3,2,17,10
16104,2018,0,2018-06-14,TP-7013,"SELVA DEL CAMP, LA",Baix Camp,0,0,1,0,2,0,0,0,1,1,0,0,0,100.0,0.0,0,1,No n'hi ha,-1.0,3,3,1,0,0,0,0,0,0,0,0,0,0,0,4,-1,1,Caiguda en la via,-1,1,2,4,2,2,1,14.26,1,0,3,14,6
16105,2018,0,2018-08-04,N-II,"BRUC, EL",Anoia,3,0,1,0,1,0,0,0,1,0,0,0,0,100.0,0.0,0,0,No n'hi ha,-1.0,3,3,1,0,1,0,0,0,0,0,0,0,0,0,4,-1,1,Resta sortides de via,-1,1,2,4,1,2,0,9.0,0,1,5,4,8
16106,2018,0,2018-05-03,C-243C,CASTELLBISBAL,Valles Occidental,3,0,1,0,2,0,0,0,1,0,1,0,0,100.0,0.0,0,1,No n'hi ha,-1.0,1,3,1,0,0,0,0,0,0,0,0,0,0,0,2,-1,1,Fregament o col·lisió lateral,-1,1,2,4,2,2,1,17.55,1,2,3,3,5
16107,2018,1,2018-11-16,SE,BARCELONA,Barcelones,3,0,2,0,5,0,0,0,1,4,0,0,0,100.0,0.0,1,-1,Carril bus,-1.0,3,3,1,0,0,0,0,0,0,0,0,0,0,1,0,-1,0,Envestida (frontal lateral),2,2,0,5,-1,2,0,21.28,1,2,4,16,11
16108,2018,0,2018-03-06,GIV-6024,CABANES,Alt Emporda,1,1,0,0,1,0,0,0,1,0,0,0,0,100.0,0.0,0,2,No n'hi ha,-1.0,3,3,0,0,0,0,0,0,0,0,0,0,0,0,1,-1,1,Resta sortides de via,-1,1,2,4,3,2,1,18.46,1,1,1,6,3
16109,2018,0,2018-07-28,C-243C,CASTELLBISBAL,Valles Occidental,3,0,1,0,1,0,0,0,1,0,0,0,0,100.0,0.0,0,2,No n'hi ha,-1.0,3,3,1,0,0,0,0,0,0,0,0,0,0,0,4,-1,1,Altres,-1,1,2,4,2,2,0,18.28,1,5,5,28,7
16110,2018,1,2018-11-01,B-500,BADALONA,Barcelones,3,0,1,1,2,0,0,0,1,1,0,0,0,90.0,0.0,0,-1,No n'hi ha,-1.0,3,3,1,-1,0,0,0,-1,0,0,0,0,0,1,4,5,0,Envestida (frontal lateral),2,0,2,4,-1,2,1,12.0,0,2,3,1,11
16111,2018,1,2018-07-05,SE,BADALONA,Barcelones,3,0,1,0,2,1,0,0,0,1,0,0,0,100.0,0.0,0,-1,No n'hi ha,-1.0,3,3,1,0,0,0,0,0,0,0,0,0,0,0,4,-1,-1,Atropellament,-1,2,2,5,-1,2,1,20.09,1,3,3,5,7