,Year,Area,Date,Road,Municipality Name,County Name,Province Name,Fatalties,Serious Injuries,Light Injuries,Units Involved,Pedestrains Involved,Bicycles Involved,Mopeds Involved,Motorcycles,Light Vehicles Involved,Heavy Vehicles Involved,Other Units Involved,Unspecified Units Involved,Road Speed Limit,Accident with Hit and Run,Fog Presence,Surrounding Environment,Special Lane Presence,Special Traffic Measures,Weather Conditions,Special Road Functions,Severity of Accident,Influence of Fog,Influence of Environment,Influence of Traffic,Influence of Weather,Influence of Wind Intensity,Influence of Lighting,Influence of Special Measures,Influence of Road Objects,Influence of Road Surface,Influence of Visibility,Intersection Characteristics,Lighting Conditions,Traffic Regulation and Priority,Direction of Road,Subtype of Accident,Subtype of Road Section,Subzone within Area,Road Surface Conditions,Type of Road,Road Ownership,Wind Conditions,Day of the Week Grouping,Hour of Day,Time of Day Grouping,Type of Accident,Day Type,Day,Month
16112,2018,1,2018-10-19,SE,IGUALADA,Anoia,3,0,1,2,3,2,0,0,0,1,0,0,0,50.0,0.0,0,-1,No n'hi ha,-1.0,3,3,1,-1,0,0,0,-1,0,0,0,0,-1,1,1,2,0,Atropellament,2,2,2,5,-1,2,0,19.33,1,3,4,19,10
16113,2018,1,2018-12-18,SE,BARCELONA,Barcelones,3,0,1,0,2,1,0,0,0,1,0,0,0,100.0,0.0,1,-1,No n'hi ha,-1.0,3,3,1,0,0,0,0,0,0,0,0,0,0,1,4,-1,0,Atropellament,2,2,2,5,-1,2,1,13.15,0,3,1,18,12
16114,2018,0,2018-11-25,C-15,VILAFRANCA DEL PENEDES,Alt Penedes,3,2,0,1,2,0,0,0,0,1,1,0,0,100.0,0.0,0,0,No n'hi ha,-1.0,3,3,0,0,0,0,0,0,0,0,0,0,0,0,4,-1,1,Col·lisió frontal,-1,1,2,4,1,2,0,16.15,1,2,6,25,11
16115,2018,0,2018-02-16,GI-614,ROSES,Alt Emporda,1,0,1,1,2,0,0,0,0,2,0,0,0,90.0,0.0,0,-1,Sense Especificar,-1.0,3,3,1,0,0,0,0,0,0,0,0,0,0,2,4,5,-1,Envestida (frontal lateral),2,1,2,4,4,2,0,17.32,1,2,4,16,2
16116,2018,0,2018-01-30,B-23,SANT JUST DESVERN,Baix Llobregat,3,0,1,0,2,0,0,0,1,0,1,0,0,80.0,0.0,0,1,No n'hi ha,-1.0,3,3,1,0,0,0,0,0,0,0,0,0,0,0,4,-1,0,Caiguda en la via,-1,1,2,4,1,2,1,8.51,0,0,1,30,1
16117,2018,1,2018-05-30,SE,HOSPITALET DE LLOBREGAT,Barcelones,3,0,1,0,2,0,0,0,1,1,0,0,0,50.0,0.0,0,-1,No n'hi ha,-1.0,3,3,1,-1,0,0,0,-1,0,0,0,0,-1,0,5,-1,0,Fregament o col·lisió lateral,-1,2,2,5,-1,2,1,21.45,1,2,2,30,5
16118,2018,1,2018-01-24,SE,BARCELONA,Barcelones,3,0,1,0,2,0,0,0,1,1,0,0,0,100.0,0.0,1,-1,No n'hi ha,-1.0,3,3,1,0,0,0,0,0,0,0,0,0,0,1,0,-1,0,Fregament o col·lisió lateral,2,2,2,5,-1,2,1,17.15,1,2,2,24,1
16119,2018,1,2018-08-30,SE,ALMACELLES,Segria,2,0,1,0,2,1,0,0,0,1,0,0,0,100.0,0.0,0,2,No n'hi ha,-1.0,3,3,1,0,0,0,0,0,0,0,0,0,0,0,4,-1,0,Atropellament,-1,2,2,5,-1,2,1,18.08,1,3,3,30,8
16120,2018,0,2018-02-14,C-32,CUBELLES,Garraf,3,2,1,1,3,0,0,0,0,3,0,0,0,100.0,0.0,0,2,No n'hi ha,-1.0,3,3,0,0,0,0,0,0,0,0,0,0,0,0,3,-1,0,Col·lisió frontal,-1,1,2,4,2,2,1,18.48,1,2,2,14,2
16121,2018,0,2018-05-05,C-32,SANT BOI DE LLOBREGAT,Baix Llobregat,3,0,1,0,1,0,0,0,1,0,0,0,0,90.0,0.0,0,-1,Sense Especificar,-1.0,3,3,1,0,0,0,0,0,0,0,0,0,0,0,4,-1,-1,Resta sortides de via,-1,1,2,4,4,2,0,14.19,1,1,5,5,5
16122,2018,0,2018-06-30,LP-7032,CERVIA DE LES GARRIGUES,Garrigues,2,0,1,0,1,0,0,0,0,1,0,0,0,90.0,0.0,0,-1,Sense Especificar,-1.0,3,3,1,0,0,0,0,0,0,0,0,0,0,0,4,-1,-1,Resta sortides de via,-1,1,2,4,4,2,0,20.45,1,1,5,30,6
16123,2018,1,2018-05-20,SE,LLORET DE MAR,Selva,1,0,1,0,2,0,0,0,0,1,1,0,0,100.0,0.0,0,2,No n'hi ha,-1.0,3,3,1,0,0,0,0,0,0,0,0,0,0,0,1,-1,1,Envestida (frontal lateral),-1,2,2,5,-1,2,0,7.35,0,2,6,20,5
16124,2018,1,2018-09-11,SE,SANT PERE DE TORELLO,Osona,3,0,1,0,1,0,0,0,1,0,0,0,0,20.0,0.0,0,-1,Sense Especificar,-1.0,3,3,1,0,0,0,0,0,0,0,0,0,0,0,4,-1,-1,Resta sortides de via,-1,2,2,5,-1,2,1,19.25,1,1,1,11,9
16125,2018,1,2018-01-08,SE,BARCELONA,Barcelones,3,0,1,0,2,1,0,0,0,1,0,0,0,100.0,0.0,1,-1,No n'hi ha,-1.0,3,3,1,0,0,0,0,0,0,0,0,0,1,1,0,-1,1,Atropellament,2,2,0,5,-1,2,1,7.05,0,3,0,8,1
16126,2018,1,2018-11-10,SE,VILAFRANCA DEL PENEDES,Alt Penedes,3,0,1,0,2,1,0,1,0,0,0,0,0,20.0,,0,2,No n'hi ha,-1.0,3,3,1,-1,0,0,0,-1,0,0,0,0,0,1,4,2,-1,Atropellament,1,2,2,5,-1,2,0,14.17,1,3,5,10,11
16127,2018,0,2018-02-18,C-15,SANT PERE DE RIUDEBITLLES,Alt Penedes,3,0,1,2,2,0,0,0,0,2,0,0,0,80.0,0.0,0,3,No n'hi ha,-1.0,3,3,1,0,0,0,0,0,0,0,0,0,0,0,4,-1,1,Encalç,-1,1,2,4,2,2,0,10.52,0,2,6,18,2
16128,2018,1,2018-11-08,SE,GRANOLLERS,Valles Oriental,3,0,1,0,2,0,0,0,1,1,0,0,0,100.0,0.0,0,2,No n'hi ha,-1.0,3,3,1,0,0,0,0,0,0,0,0,0,0,2,4,4,0,Caiguda en la via,-1,2,2,5,-1,2,1,12.32,0,0,3,8,11
16129,2018,1,2018-12-01,SE,BARCELONA,Barcelones,3,0,1,1,2,0,0,0,0,1,0,1,0,100.0,0.0,1,-1,Carril bici,-1.0,3,3,1,0,0,0,0,0,0,0,0,0,0,1,0,-1,0,Envestida (frontal lateral),2,2,2,5,-1,2,0,20.2,1,2,5,1,12
16130,2018,1,2018-05-31,GI-532,SANT JULIA DEL LLOR I BONMATI,Selva,1,0,1,0,2,0,0,1,0,1,0,0,0,40.0,0.0,0,1,No n'hi ha,-1.0,3,3,1,0,0,0,0,0,0,0,0,0,0,1,4,4,1,Envestida (frontal lateral),1,0,2,4,2,2,1,10.04,0,2,3,31,5
16131,2018,1,2018-03-21,SE,CAMBRILS,Baix Camp,0,0,1,0,2,0,1,0,0,1,0,0,0,30.0,0.0,0,2,No n'hi ha,-1.0,3,3,1,0,0,0,0,0,0,0,0,0,0,0,4,-1,1,Fregament o col·lisió lateral,-1,2,2,5,-1,2,1,10.3,0,2,2,21,3
16132,2018,1,2018-01-22,SE,GIRONA,Girones,1,0,1,1,2,0,0,0,0,2,0,0,0,30.0,0.0,0,2,No n'hi ha,-1.0,3,3,1,0,0,0,0,0,0,0,0,0,0,1,4,4,0,Envestida (frontal lateral),2,2,2,5,-1,2,1,11.24,0,2,0,22,1
16133,2018,0,2018-11-15,C-221,BATEA,Terra Alta,0,0,2,0,1,0,0,0,0,1,0,0,0,100.0,0.0,0,1,No n'hi ha,-1.0,2,3,1,0,0,0,1,0,0,0,0,0,0,0,2,-1,1,Resta sortides de via,-1,1,2,4,2,1,1,11.09,0,1,3,15,11
16134,2018,1,2018-02-11,SE,BARCELONA,Barcelones,3,0,1,1,2,0,0,0,1,1,0,0,0,100.0,0.0,1,-1,No n'hi ha,-1.0,3,3,1,0,0,0,0,0,0,0,0,0,0,1,0,-1,0,Encalç,2,2,0,5,-1,2,0,22.2,2,2,6,11,2
16135,2018,0,2018-06-05,C-1415A,TERRASSA,Valles Occidental,3,0,1,0,2,0,1,0,0,1,0,0,0,100.0,0.0,0,2,No n'hi ha,-1.0,3,3,1,0,0,0,0,0,0,0,0,0,0,0,4,-1,1,Fregament o col·lisió lateral,-1,1,2,4,4,2,1,10.11,0,2,1,5,6
16136,2018,0,2018-07-27,N-420,PRADELL DE LA TEIXETA,Priorat,0,0,1,0,1,0,0,0,0,1,0,0,0,90.0,0.0,0,-1,Sense Especificar,-1.0,3,3,1,0,0,0,0,0,0,0,0,0,0,0,4,-1,-1,Resta sortides de via,-1,1,2,4,4,2,1,9.19,0,1,4,27,7
16137,2018,0,2018-02-18,C-65,SANTA CRISTINA D'ARO,Baix Emporda,1,0,2,1,1,0,0,0,0,1,0,0,0,100.0,0.0,0,3,No n'hi ha,-1.0,3,3,1,0,0,0,0,0,0,0,0,0,0,0,4,-1,1,Resta sortides de via,-1,1,2,4,2,2,0,18.13,1,1,6,18,2
16138,2018,1,2018-06-30,SE,MOLLET DEL VALLES,Valles Oriental,3,0,1,0,4,0,0,0,0,4,0,0,0,20.0,0.0,0,2,No n'hi ha,-1.0,3,3,1,-1,0,0,0,-1,0,0,0,0,-1,0,1,-1,0,Fregament o col·lisió lateral,-1,2,2,5,-1,2,0,21.11,1,2,5,30,6
16139,2018,1,2018-10-01,SE,BARCELONA,Barcelones,3,0,1,0,2,0,0,0,1,1,0,0,0,100.0,0.0,1,-1,No n'hi ha,-1.0,3,3,1,0,0,0,0,0,0,0,0,0,0,1,4,-1,0,Envestida (frontal lateral),2,2,2,5,-1,2,1,9.3,0,2,0,1,10
16140,2018,1,2018-05-31,SE,HOSPITALET DE LLOBREGAT,Barcelones,3,0,2,1,2,0,0,0,1,1,0,0,0,20.0,0.0,0,2,No n'hi ha,-1.0,3,3,1,-1,0,0,0,-1,0,0,0,0,0,1,4,4,1,Envestida (frontal lateral),2,2,2,5,-1,2,1,17.53,1,2,3,31,5
16141,2018,0,2018-06-25,C-32,VILANOVA I LA GELTRU,Garraf,3,0,1,0,1,0,0,0,0,1,0,0,0,100.0,0.0,0,2,No n'hi ha,-1.0,3,3,1,0,0,0,0,0,0,0,0,0,0,0,3,-1,1,Xoc contra objecte/obstacle sense sortida prèvia de via,-1,1,2,2,2,2,1,0.27,2,4,0,25,6
16142,2018,1,2018-11-06,BV-5224,MANLLEU,Osona,3,0,2,0,3,2,0,0,0,1,0,0,0,90.0,0.0,0,-1,No n'hi ha,-1.0,3,3,1,-1,0,0,0,-1,0,0,0,0,0,0,1,-1,1,Atropellament,-1,0,0,4,-1,2,1,7.0,0,3,1,6,11
16143,2018,0,2018-03-27,BV-2041,GAVA,Baix Llobregat,3,0,1,0,2,0,0,0,1,0,1,0,0,100.0,0.0,0,1,No n'hi ha,-1.0,3,3,1,0,0,0,0,0,0,0,0,0,0,0,4,-1,1,Caiguda en la via,-1,1,2,4,3,2,1,17.22,1,0,1,27,3
16144,2018,1,2018-11-08,SE,SANT FELIU DE GUIXOLS,Baix Emporda,1,1,1,0,3,2,0,0,0,1,0,0,0,100.0,0.0,0,1,No n'hi ha,-1.0,3,3,0,0,0,0,0,0,0,0,0,0,0,2,5,4,1,Atropellament,0,2,2,5,-1,2,1,18.1,1,3,3,8,11
16145,2018,0,2018-06-20,C-58,RIPOLLET,Valles Occidental,3,0,1,1,2,0,0,0,1,1,0,0,0,80.0,0.0,0,2,No n'hi ha,-1.0,3,3,1,0,0,0,0,0,0,0,0,0,0,2,4,5,0,Fregament o col·lisió lateral,1,1,2,4,2,2,1,9.27,0,2,2,20,6
16146,2018,1,2018-12-04,SE,BARBERA DEL VALLES,Valles Occidental,3,0,1,0,4,1,0,0,0,3,0,0,0,30.0,0.0,0,2,No n'hi ha,-1.0,3,3,1,0,0,0,0,0,0,0,0,0,0,2,4,4,0,Atropellament,0,2,2,5,4,2,1,14.15,1,3,1,4,12
16147,2018,0,2018-09-18,C-16,SANT FRUITOS DE BAGES,Bages,3,0,2,1,1,0,0,0,0,1,0,0,0,100.0,0.0,0,0,No n'hi ha,-1.0,3,3,1,0,0,0,0,0,0,0,0,0,0,0,4,-1,0,Resta sortides de via,-1,1,2,4,2,2,1,17.33,1,1,1,18,9
16148,2018,0,2018-04-01,L-503,"TORRE DE CABDELLA, LA",Pallars Jussa,2,0,1,0,1,0,0,0,0,1,0,0,0,100.0,0.0,0,2,No n'hi ha,-1.0,3,3,1,0,0,0,0,0,0,0,0,0,0,0,3,-1,1,Resta sortides de via,-1,1,2,4,3,2,0,2.29,2,1,6,1,4
16149,2018,0,2018-11-22,LV-2001,MOLLERUSSA,Pla d'Urgell,2,0,2,1,2,0,0,0,0,2,0,0,0,70.0,0.0,0,2,No n'hi ha,-1.0,3,3,1,0,0,0,0,0,0,0,0,0,0,1,4,4,1,Envestida (frontal lateral),2,1,2,4,2,2,1,11.26,0,2,3,22,11
16150,2018,0,2018-11-23,C-25,RAJADELL,Bages,3,0,1,0,1,0,0,0,0,1,0,0,0,90.0,0.0,0,-1,Sense Especificar,-1.0,3,3,1,0,0,0,0,0,0,0,0,0,0,0,4,-1,-1,Resta sortides de via,-1,1,2,4,4,2,1,7.55,0,1,4,23,11
16151,2018,0,2018-08-14,N-260,BOLVIR,Cerdanya,1,1,0,1,2,0,0,0,1,1,0,0,0,100.0,0.0,0,1,No n'hi ha,-1.0,3,3,0,0,0,0,0,0,0,0,0,0,0,1,4,4,1,Col·lisió frontal,1,1,2,4,1,2,1,8.15,0,2,1,14,8
16152,2018,0,2018-05-30,C-1413a,SANT QUIRZE DEL VALLES,Valles Occidental,3,0,1,2,3,0,0,0,0,3,0,0,0,100.0,0.0,0,2,No n'hi ha,-1.0,1,3,1,0,0,0,1,0,0,0,0,0,0,0,2,-1,1,Col·lisió frontal,-1,1,2,4,3,2,1,7.04,0,2,2,30,5
16153,2018,0,2018-06-23,N-260,"PONT DE BAR, EL",Alt Urgell,2,0,1,0,2,0,0,0,1,1,0,0,0,100.0,0.0,0,2,No n'hi ha,-1.0,3,3,1,0,0,0,0,0,0,0,0,0,0,0,4,-1,1,Fregament o col·lisió lateral,-1,1,2,4,1,2,0,13.4,0,2,5,23,6
16154,2018,0,2018-06-28,C-17,"MASIES DE VOLTREGA,LES",Osona,3,1,0,1,2,0,0,0,0,2,0,0,0,100.0,0.0,0,-1,No n'hi ha,-1.0,3,3,0,0,0,0,0,0,0,0,0,0,0,0,4,-1,-1,Envestida (frontal lateral),-1,1,2,4,-1,2,1,13.07,0,2,3,28,6
16155,2018,0,2018-03-10,BV-4601,SOBREMUNT,Osona,3,0,1,0,1,0,0,0,1,0,0,0,0,90.0,0.0,0,-1,Sense Especificar,-1.0,3,3,1,0,0,0,0,0,0,0,0,0,0,0,4,-1,-1,Resta sortides de via,-1,1,2,4,4,2,0,13.42,0,1,5,10,3
16156,2018,1,2018-07-29,SE,VILANOVA I LA GELTRU,Garraf,3,0,1,0,1,0,0,0,1,0,0,0,0,100.0,0.0,0,2,No n'hi ha,-1.0,3,3,1,0,0,0,0,0,0,0,0,0,0,0,5,-1,1,Altres,-1,2,2,5,-1,2,0,6.0,0,5,6,29,7
16157,2018,1,2018-12-23,T-1025,SANTA BARBARA,Montsia,0,0,1,0,1,0,0,0,1,0,0,0,0,100.0,0.0,0,2,No n'hi ha,-1.0,3,3,1,0,0,0,0,0,0,0,0,0,0,2,3,4,1,Caiguda en la via,1,0,2,4,0,2,0,20.42,1,0,6,23,12
16158,2018,0,2018-08-27,B-10,BARCELONA,Barcelones,3,1,0,0,1,0,0,0,1,0,0,0,0,60.0,0.0,1,-1,No n'hi ha,-1.0,3,3,0,0,0,0,0,0,0,0,0,0,0,0,0,-1,1,Xoc contra objecte/obstacle sense sortida prèvia de via,-1,1,2,1,-1,2,1,2.35,2,4,0,27,8
16159,2018,0,2018-09-03,BV-5106,"ROCA DEL VALLES, LA",Valles Oriental,3,0,1,0,2,0,0,0,1,1,0,0,0,100.0,0.0,0,2,No n'hi ha,-1.0,3,3,1,0,0,0,0,0,0,0,0,0,0,0,4,-1,1,Col·lisió frontal,-1,1,2,4,3,2,1,19.37,1,2,0,3,9
16160,2018,0,2018-04-05,CR,VILAFANT,Alt Emporda,1,0,1,0,2,0,0,1,0,1,0,0,0,100.0,0.0,0,2,No n'hi ha,-1.0,3,3,1,0,0,0,0,0,0,0,0,0,0,0,4,-1,1,Col·lisió frontal,-1,1,2,3,0,2,1,17.17,1,2,3,5,4
16161,2018,1,2018-02-24,SE,AMPOSTA,Montsia,0,0,1,0,2,0,1,0,0,1,0,0,0,100.0,0.0,0,2,No n'hi ha,-1.0,3,3,1,0,0,0,0,0,0,0,0,0,0,1,4,4,0,Fregament o col·lisió lateral,2,2,2,5,-1,2,0,11.32,0,2,5,24,2
16162,2018,0,2018-09-29,C-58,SANT QUIRZE DEL VALLES,Valles Occidental,3,0,1,4,4,0,0,0,0,4,0,0,0,90.0,0.0,0,-1,Sense Especificar,-1.0,3,3,1,0,0,0,0,0,0,0,0,0,0,0,4,-1,-1,Encalç,-1,1,2,4,4,2,0,10.55,0,2,5,29,9
16163,2018,1,2018-06-13,SE,VILA-SACRA,Alt Emporda,1,0,1,0,1,0,0,1,0,0,0,0,0,20.0,0.0,0,-1,Sense Especificar,-1.0,3,3,1,0,0,0,0,0,0,0,0,0,0,1,4,5,-1,Altres,2,2,2,5,-1,2,1,19.01,1,5,2,13,6
16164,2018,1,2018-02-07,C-1415a,TERRASSA,Valles Occidental,3,0,1,0,2,1,0,0,0,1,0,0,0,100.0,0.0,0,2,No n'hi ha,-1.0,3,3,1,0,0,0,0,0,0,0,0,0,0,2,4,3,1,Atropellament,2,0,2,4,0,2,1,13.1,0,3,2,7,2
16165,2018,0,2018-04-22,BV-5101,DOSRIUS,Maresme,3,1,0,0,1,0,0,0,1,0,0,0,0,100.0,0.0,0,-1,No n'hi ha,-1.0,3,3,0,0,0,0,0,0,0,0,0,0,0,0,4,-1,-1,Resta sortides de via,-1,1,2,4,-1,2,0,21.26,1,1,6,22,4
16166,2018,0,2018-06-21,C-32,ESPLUGUES DE LLOBREGAT,Baix Llobregat,3,0,1,0,2,0,0,0,1,1,0,0,0,60.0,0.0,0,1,No n'hi ha,-1.0,3,3,1,0,0,0,0,0,0,0,0,0,0,0,4,-1,0,Xoc contra objecte/obstacle sense sortida prèvia de via,-1,1,2,4,2,2,1,19.18,1,4,3,21,6
16167,2018,1,2018-12-20,SE,"VENDRELL, EL",Baix Penedes,0,0,1,0,2,1,0,0,0,1,0,0,0,40.0,,0,-1,No n'hi ha,-1.0,3,3,1,-1,0,0,0,-1,0,0,0,0,1,0,4,-1,1,Atropellament,-1,2,2,5,0,2,1,16.42,1,3,3,20,12
16168,2018,0,2018-10-26,C-44,VANDELLOS I L'HOSPITALET DE L'INFANT,Baix Camp,0,0,1,1,2,0,0,0,2,0,0,0,0,90.0,0.0,0,-1,Sense Especificar,-1.0,3,3,1,0,0,0,0,0,0,0,0,0,0,0,4,-1,-1,Resta sortides de via,-1,1,2,4,4,2,0,17.15,1,1,4,26,10
16169,2018,1,2018-04-16,SE,TERRASSA,Valles Occidental,3,0,1,0,2,0,1,0,0,1,0,0,0,100.0,0.0,0,2,Carril bus,-1.0,3,3,1,0,0,0,0,0,1,0,0,0,0,0,1,-1,1,Envestida (frontal lateral),-1,2,2,5,2,2,1,6.4,0,2,0,16,4
16170,2018,1,2018-10-25,SE,LLEIDA,Segria,2,0,1,0,2,1,0,0,0,1,0,0,0,20.0,0.0,0,2,No n'hi ha,-1.0,3,3,1,-1,0,0,0,-1,0,0,0,0,-1,0,4,-1,1,Atropellament,-1,2,2,5,-1,2,1,18.2,1,3,3,25,10
16171,2018,1,2018-11-05,SE,GRANOLLERS,Valles Oriental,3,0,1,0,2,0,0,0,1,0,0,1,0,100.0,0.0,0,2,No n'hi ha,0.0,3,3,1,0,0,0,0,0,0,0,0,0,0,1,4,4,1,Col·lisió frontal,2,2,2,5,-1,2,1,17.15,1,2,0,5,11
16172,2018,1,2018-07-12,SE,HOSPITALET DE LLOBREGAT,Barcelones,3,0,1,0,2,1,0,0,0,1,0,0,0,20.0,1.0,0,2,No n'hi ha,-1.0,3,3,1,-1,0,0,0,-1,0,0,0,0,-1,0,5,-1,1,Atropellament,-1,2,2,5,-1,2,1,23.01,2,3,3,12,7
16173,2018,0,2018-04-30,C-12,XERTA,Baix Ebre,0,1,0,0,1,0,0,0,0,1,0,0,0,40.0,0.0,0,0,No n'hi ha,-1.0,3,3,0,0,0,0,0,0,0,0,0,0,0,1,4,4,1,Resta sortides de via,1,1,2,4,2,2,1,16.49,1,1,0,30,4
16174,2018,0,2018-10-17,T-240,LLOREN? DEL PENEDES,Baix Penedes,0,0,2,2,4,0,0,0,1,2,0,1,0,100.0,0.0,0,3,No n'hi ha,-1.0,3,3,1,0,0,0,0,0,0,0,0,0,0,0,4,-1,1,Col·lisió frontal,-1,1,2,4,3,2,1,14.41,1,2,2,17,10
16175,2018,1,2018-01-15,N-II,"JONQUERA, LA",Alt Emporda,1,0,1,0,1,0,0,0,0,1,0,0,0,90.0,0.0,0,-1,Sense Especificar,-1.0,3,1,1,0,0,0,0,0,0,0,0,0,0,0,4,-1,-1,Resta sortides de via,-1,0,2,4,4,2,1,0.02,2,1,0,15,1
16176,2018,0,2018-08-13,GI-681,TOSSA DE MAR,Selva,1,0,1,0,2,0,0,0,1,0,0,1,0,90.0,0.0,0,-1,Sense Especificar,-1.0,3,3,1,0,0,0,0,0,0,0,0,0,0,0,4,-1,-1,Col·lisió frontal,-1,1,2,4,4,2,1,18.12,1,2,0,13,8
16177,2018,1,2018-05-06,SE,SABADELL,Valles Occidental,3,0,1,0,2,0,0,0,1,1,0,0,0,100.0,0.0,0,2,No n'hi ha,-1.0,3,3,1,0,0,0,0,0,0,0,0,0,0,1,5,3,0,Envestida (frontal lateral),0,2,2,5,-1,2,0,23.22,2,2,6,6,5
16178,2018,1,2018-10-19,CR,FARRERA,Pallars Sobira,2,1,0,0,1,0,0,0,0,0,1,0,0,20.0,0.0,0,1,No n'hi ha,-1.0,3,3,0,0,0,0,0,0,0,0,0,0,0,0,1,-1,1,Resta sortides de via,-1,0,1,4,0,2,0,18.5,1,1,4,19,10
16179,2018,1,2018-08-07,N-260,SORT,Pallars Sobira,2,0,1,0,2,1,0,0,0,1,0,0,0,50.0,0.0,0,2,No n'hi ha,-1.0,1,3,1,0,0,0,0,0,0,0,0,0,0,0,1,-1,1,Atropellament,-1,0,2,4,-1,1,1,20.38,1,3,1,7,8
16180,2018,1,2018-08-03,SE,BARCELONA,Barcelones,3,0,1,0,2,0,0,0,1,1,0,0,0,100.0,0.0,1,-1,No n'hi ha,-1.0,3,3,1,0,0,0,0,0,0,0,0,0,0,0,4,-1,1,Envestida (frontal lateral),-1,2,2,5,-1,2,0,16.55,1,2,4,3,8
16181,2018,0,2018-05-02,B-23,ESPLUGUES DE LLOBREGAT,Baix Llobregat,3,0,1,0,2,0,0,0,1,1,0,0,0,80.0,0.0,0,2,No n'hi ha,-1.0,3,3,1,0,0,1,0,0,0,0,0,0,0,0,4,-1,0,Encalç,-1,1,2,4,3,2,1,17.22,1,2,2,2,5
16182,2018,1,2018-05-10,SE,BARCELONA,Barcelones,3,0,1,0,2,1,0,0,1,0,0,0,0,100.0,0.0,1,-1,No n'hi ha,-1.0,3,3,1,0,0,0,0,0,0,0,0,0,0,0,0,-1,0,Atropellament,-1,2,2,5,-1,2,1,1.2,2,3,3,10,5
16183,2018,0,2018-06-04,B-30,CERDANYOLA DEL VALLES,Valles Occidental,3,0,1,0,2,0,0,0,1,1,0,0,0,100.0,0.0,0,2,No n'hi ha,-1.0,3,3,1,0,0,1,0,0,0,0,0,0,0,0,4,-1,0,Altres,-1,1,2,4,1,2,1,19.03,1,5,0,4,6
16184,2018,0,2018-02-05,C-31,ULLA,Baix Emporda,1,0,1,0,2,1,0,1,0,0,0,0,0,100.0,0.0,0,2,No n'hi ha,-1.0,1,3,1,0,0,0,0,0,0,0,0,0,0,0,1,-1,1,Atropellament,-1,1,2,4,2,2,1,7.4,0,3,0,5,2
16185,2018,1,2018-08-08,BV-6001,MALGRAT DE MAR,Maresme,3,0,1,0,2,0,0,0,1,1,0,0,0,90.0,0.0,0,-1,No n'hi ha,-1.0,3,3,1,-1,0,0,0,-1,0,0,0,0,0,1,4,5,-1,Envestida (frontal lateral),3,0,2,4,-1,2,1,10.23,0,2,2,8,8
16186,2018,1,2018-11-29,SE,SANT JULIA DE RAMIS,Girones,1,0,1,0,1,0,0,0,0,1,0,0,0,20.0,0.0,0,-1,Sense Especificar,-1.0,3,3,1,0,0,0,0,0,0,0,0,0,0,0,4,-1,-1,Xoc contra objecte/obstacle sense sortida prèvia de via,-1,2,2,5,-1,2,1,11.52,0,4,3,29,11
16187,2018,1,2018-04-29,SE,VALLIRANA,Baix Llobregat,3,0,1,0,2,1,0,0,0,1,0,0,0,100.0,0.0,0,2,No n'hi ha,-1.0,3,3,1,0,0,0,0,0,0,0,0,0,0,0,4,-1,1,Atropellament,-1,2,2,5,-1,2,0,13.4,0,3,6,29,4
16188,2018,1,2018-07-02,SE,LLEIDA,Segria,2,0,1,0,2,0,0,1,0,1,0,0,0,20.0,0.0,0,-1,No n'hi ha,-1.0,3,3,1,0,0,0,0,0,0,0,0,0,0,0,4,-1,-1,Fregament o col·lisió lateral,-1,2,2,5,-1,2,1,10.45,0,2,0,2,7
16189,2018,1,2018-03-21,SE,SANT CLIMENT DE LLOBREGAT,Baix Llobregat,3,0,1,0,2,1,0,0,0,1,0,0,0,100.0,0.0,0,-1,No n'hi ha,-1.0,3,3,1,0,0,0,0,0,0,0,0,0,0,0,4,-1,-1,Atropellament,-1,2,2,5,-1,2,1,15.2,1,3,2,21,3
16190,2018,0,2018-01-21,BP-1101,SANT SALVADOR DE GUARDIA,Bages,3,0,1,0,1,0,0,0,1,0,0,0,0,90.0,0.0,0,-1,Sense Especificar,-1.0,3,3,1,0,0,0,0,0,0,0,0,0,0,0,4,-1,-1,Altres,-1,1,2,4,4,2,0,11.32,0,5,6,21,1
16191,2018,0,2018-03-13,TP-2124,BANYERES DEL PENEDES,Baix Penedes,0,1,0,0,1,0,0,1,0,0,0,0,0,40.0,0.0,0,2,No n'hi ha,-1.0,3,3,0,0,0,0,0,0,0,0,0,0,0,1,4,4,1,Resta sortides de via,0,1,2,4,3,2,1,11.36,0,1,1,13,3
16192,2018,0,2018-07-30,C-31,CASTELLDEFELS,Baix Llobregat,3,0,1,1,1,0,0,0,0,1,0,0,0,100.0,1.0,0,2,No n'hi ha,-1.0,3,3,1,0,0,0,0,0,0,0,0,0,0,0,5,-1,1,Fregament o col·lisió lateral,-1,1,2,4,2,2,1,23.5,2,2,0,30,7
16193,2018,0,2018-08-10,N-II,GIRONA,Girones,1,0,1,1,1,0,0,0,0,0,1,0,0,40.0,0.0,0,3,No n'hi ha,-1.0,3,3,1,0,0,0,0,0,0,0,0,0,0,0,4,-1,1,Resta sortides de via,-1,1,2,4,1,2,0,17.1,1,1,4,10,8