,Year,Area,Date,Road,Municipality Name,County Name,Province Name,Fatalties,Serious Injuries,Light Injuries,Units Involved,Pedestrains Involved,Bicycles Involved,Mopeds Involved,Motorcycles,Light Vehicles Involved,Heavy Vehicles Involved,Other Units Involved,Unspecified Units Involved,Road Speed Limit,Accident with Hit and Run,Fog Presence,Surrounding Environment,Special Lane Presence,Special Traffic Measures,Weather Conditions,Special Road Functions,Severity of Accident,Influence of Fog,Influence of Environment,Influence of Traffic,Influence of Weather,Influence of Wind Intensity,Influence of Lighting,Influence of Special Measures,Influence of Road Objects,Influence of Road Surface,Influence of Visibility,Intersection Characteristics,Lighting Conditions,Traffic Regulation and Priority,Direction of Road,Subtype of Accident,Subtype of Road Section,Subzone within Area,Road Surface Conditions,Type of Road,Road Ownership,Wind Conditions,Day of the Week Grouping,Hour of Day,Time of Day Grouping,Type of Accident,Day Type,Day,Month
16194,2018,0,2018-09-28,VM-4406,BORREDA,Bergueda,3,0,1,0,1,0,1,0,0,0,0,0,0,100.0,0.0,0,1,No n'hi ha,-1.0,3,3,1,0,0,0,0,0,0,0,0,0,0,0,4,-1,1,Caiguda en la via,-1,1,2,4,0,2,1,12.14,0,0,4,28,9
16195,2018,0,2018-02-03,CR,ALPICAT,Segria,2,0,1,1,1,0,0,0,0,1,0,0,0,50.0,0.0,0,3,No n'hi ha,-1.0,3,3,1,0,0,0,0,0,0,0,0,0,0,0,3,-1,1,Resta sortides de via,-1,1,2,3,0,1,0,3.24,2,1,5,3,2
16196,2018,0,2018-06-14,CR,LLEIDA,Segria,2,0,1,0,2,0,0,0,1,1,0,0,0,100.0,0.0,0,2,No n'hi ha,-1.0,3,3,1,0,0,0,0,0,0,0,0,0,0,0,4,-1,1,Fregament o col·lisió lateral,-1,1,2,3,0,2,1,18.14,1,2,3,14,6
16197,2018,0,2018-01-09,B-20,MONTGAT,Maresme,3,0,1,0,2,0,0,0,1,1,0,0,0,80.0,0.0,0,2,No n'hi ha,-1.0,3,3,1,0,0,0,0,0,0,0,0,0,0,0,4,-1,0,Encalç,-1,1,2,4,3,2,1,10.48,0,2,1,9,1
16198,2018,1,2018-01-02,SE,SANT QUIRZE DEL VALLES,Valles Occidental,3,0,1,0,2,1,0,0,0,1,0,0,0,20.0,0.0,0,2,No n'hi ha,-1.0,3,3,1,-1,0,0,0,-1,0,0,0,0,-1,1,5,5,0,Atropellament,2,2,2,5,-1,2,1,18.1,1,3,1,2,1
16199,2018,0,2018-02-09,C-55,CLARIANA DE CARDENER,Solsones,2,0,1,1,2,0,0,0,0,2,0,0,0,100.0,0.0,0,3,No n'hi ha,-1.0,3,3,1,0,0,0,0,0,0,0,0,0,0,0,3,-1,1,Col·lisió frontal,-1,1,2,4,2,2,1,7.03,0,2,4,9,2
16200,2018,1,2018-12-26,SE,LLEIDA,Segria,2,0,1,0,2,0,0,0,0,1,0,1,0,20.0,0.0,0,-1,No n'hi ha,-1.0,3,3,1,0,-1,0,0,0,0,0,0,0,0,0,5,-1,-1,Envestida (frontal lateral),-1,2,2,5,-1,2,1,17.3,1,2,2,26,12
16201,2018,0,2018-05-03,AP-7,MACANET DE LA SELVA,Selva,1,0,2,0,2,0,0,0,0,1,1,0,0,120.0,0.0,0,2,Altres,-1.0,3,3,1,0,0,0,0,0,0,0,0,0,0,0,4,-1,1,Altres,-1,1,2,4,1,2,1,15.27,1,5,3,3,5
16202,2018,1,2018-05-10,C-1411z,BERGA,Bergueda,3,0,1,0,2,1,0,0,0,1,0,0,0,90.0,0.0,0,-1,Sense Especificar,-1.0,1,3,1,0,0,0,0,0,0,0,0,0,0,0,2,-1,1,Atropellament,-1,0,0,4,-1,2,1,18.2,1,3,3,10,5
16203,2018,1,2018-08-22,SE,BARCELONA,Barcelones,3,0,1,0,2,0,0,1,0,1,0,0,0,100.0,0.0,1,-1,No n'hi ha,-1.0,3,3,1,0,0,0,0,0,0,0,0,0,0,0,4,-1,1,Encalç,-1,2,2,5,-1,2,1,14.1,1,2,2,22,8
16204,2018,1,2018-02-24,SE,BARCELONA,Barcelones,3,0,1,0,2,1,0,0,0,1,0,0,0,100.0,0.0,1,-1,No n'hi ha,-1.0,3,3,1,0,0,0,0,0,0,0,0,0,0,0,4,-1,1,Atropellament,-1,2,2,5,-1,2,0,9.1,0,3,5,24,2
16205,2018,1,2018-07-14,SE,VIC,Osona,3,0,1,0,2,1,0,0,0,1,0,0,0,100.0,0.0,0,2,No n'hi ha,-1.0,3,3,1,0,0,0,0,0,0,0,0,0,0,0,4,-1,0,Atropellament,-1,2,2,5,-1,2,0,21.36,1,3,5,14,7
16206,2018,1,2018-07-06,BP-2121,SANT MARTI SARROCA,Alt Penedes,3,0,1,0,2,1,0,0,0,1,0,0,0,100.0,0.0,0,2,No n'hi ha,-1.0,3,3,1,0,0,0,0,0,0,0,0,0,0,0,4,-1,1,Atropellament,-1,0,2,4,-1,2,0,19.25,1,3,4,6,7
16207,2018,0,2018-10-07,N-260,ARSEGUEL,Alt Urgell,2,0,3,1,2,0,0,0,0,2,0,0,0,100.0,0.0,0,1,No n'hi ha,-1.0,1,3,1,0,0,0,0,0,0,0,0,0,0,0,2,-1,1,Col·lisió frontal,-1,1,2,4,1,1,0,19.11,1,2,6,7,10
16208,2018,1,2018-07-31,SE,MATARO,Maresme,3,0,1,0,2,1,0,0,0,1,0,0,0,20.0,0.0,0,2,No n'hi ha,-1.0,3,3,1,-1,0,0,0,-1,0,0,0,0,0,0,4,-1,1,Atropellament,-1,2,2,5,-1,2,1,18.5,1,3,1,31,7
16209,2018,1,2018-04-18,SE,LLEIDA,Segria,2,0,1,0,2,0,0,0,1,1,0,0,0,20.0,0.0,0,-1,No n'hi ha,-1.0,3,3,1,-1,-1,0,0,-1,0,0,0,0,-1,0,4,-1,-1,Fregament o col·lisió lateral,-1,2,2,5,-1,2,1,10.36,0,2,2,18,4
16210,2018,0,2018-09-19,GI-600,TORDERA,Maresme,3,0,1,0,2,0,0,0,1,0,1,0,0,100.0,0.0,0,2,No n'hi ha,-1.0,3,3,1,0,0,0,0,0,0,0,0,0,0,1,4,5,1,Envestida (frontal lateral),1,1,2,4,2,2,1,10.56,0,2,2,19,9
16211,2018,0,2018-08-25,T-710,FALSET,Priorat,0,0,1,0,1,0,0,0,1,0,0,0,0,90.0,0.0,0,-1,Sense Especificar,-1.0,3,3,1,0,0,0,0,0,0,0,0,0,0,0,4,-1,-1,Resta sortides de via,-1,1,2,4,4,2,0,18.39,1,1,5,25,8
16212,2018,1,2018-05-15,SE,CASTELLDEFELS,Baix Llobregat,3,0,1,1,2,1,0,0,1,0,0,0,0,40.0,0.0,0,2,No n'hi ha,-1.0,3,3,1,0,0,0,0,0,0,0,0,0,0,0,4,-1,1,Atropellament,-1,2,2,5,-1,2,1,14.45,1,3,1,15,5
16213,2018,1,2018-10-15,SE,BARCELONA,Barcelones,3,0,1,0,2,1,0,0,0,1,0,0,0,20.0,0.0,1,-1,No n'hi ha,-1.0,3,3,1,0,0,0,0,0,0,0,0,0,0,0,4,-1,0,Atropellament,-1,2,2,5,-1,2,1,17.15,1,3,0,15,10
16214,2018,0,2018-07-09,C-58,VACARISSES,Valles Occidental,3,0,1,0,1,0,0,0,1,0,0,0,0,60.0,0.0,0,2,No n'hi ha,-1.0,3,3,1,0,0,0,0,0,1,0,0,0,0,0,3,-1,1,Xoc contra objecte/obstacle sense sortida prèvia de via,-1,1,2,4,2,2,1,4.44,2,4,0,9,7
16215,2018,1,2018-12-30,SE,BLANES,Selva,1,0,1,0,2,1,0,0,0,1,0,0,0,20.0,0.0,0,2,No n'hi ha,-1.0,3,3,1,-1,0,0,0,-1,0,0,0,0,-1,0,4,-1,1,Atropellament,-1,2,2,5,-1,2,0,14.15,1,3,6,30,12
16216,2018,0,2018-05-27,TV-3531,GANDESA,Terra Alta,0,0,1,0,1,0,0,0,0,1,0,0,0,100.0,0.0,0,1,No n'hi ha,-1.0,3,3,1,0,0,0,0,0,0,0,0,0,0,0,4,-1,1,Resta sortides de via,-1,1,2,4,2,2,0,7.53,0,1,6,27,5
16217,2018,1,2018-06-16,TV-3454,DELTEBRE,Baix Ebre,0,0,1,1,2,0,0,0,0,2,0,0,0,90.0,0.0,0,-1,Sense Especificar,-1.0,3,1,1,0,0,0,0,0,0,0,0,0,0,1,4,-1,-1,Envestida (frontal lateral),-1,0,2,4,4,2,0,14.22,1,2,5,16,6
16218,2018,1,2018-04-16,SE,"VENDRELL, EL",Baix Penedes,0,0,1,1,3,2,0,0,0,1,0,0,0,40.0,0.0,0,2,No n'hi ha,-1.0,3,3,1,-1,0,0,0,-1,0,0,0,0,0,0,2,-1,1,Atropellament,-1,2,2,5,-1,2,1,19.19,1,3,0,16,4
16219,2018,0,2018-01-04,N-340,CASTELLET I LA GORNA,Alt Penedes,3,0,1,1,2,0,0,0,0,2,0,0,0,100.0,0.0,0,1,No n'hi ha,-1.0,3,3,1,0,0,0,0,0,0,0,0,0,0,0,4,-1,1,Col·lisió frontal,-1,1,2,4,1,2,1,9.48,0,2,3,4,1
16220,2018,1,2018-07-02,SE,FRANQUESES DEL VALLE,Valles Oriental,3,0,1,0,2,0,0,0,1,1,0,0,0,30.0,0.0,0,0,No n'hi ha,-1.0,3,3,1,0,0,0,0,0,0,0,0,0,0,1,4,4,1,Envestida (frontal lateral),1,2,2,5,0,2,1,18.25,1,2,0,2,7
16221,2018,1,2018-04-15,SE,RUBI,Valles Occidental,3,0,1,0,2,0,0,0,1,1,0,0,0,50.0,0.0,0,2,No n'hi ha,-1.0,3,3,1,0,0,0,0,0,0,0,0,0,0,0,4,-1,1,Caiguda en la via,-1,2,2,5,-1,2,0,8.55,0,0,6,15,4
16222,2018,1,2018-03-12,SE,CERDANYOLA DEL VALLES,Valles Occidental,3,0,1,0,2,0,0,0,1,1,0,0,0,100.0,0.0,0,2,No n'hi ha,-1.0,3,3,1,0,0,1,0,0,0,0,0,0,1,1,5,5,1,Envestida (frontal lateral),1,2,2,5,1,2,1,19.04,1,2,0,12,3
16223,2018,1,2018-02-01,SE,SANT SADURNI D'ANOIA,Alt Penedes,3,0,1,0,2,1,0,0,0,1,0,0,0,40.0,0.0,0,2,No n'hi ha,-1.0,1,3,1,0,0,0,0,0,0,0,0,0,0,2,5,-1,1,Atropellament,0,2,2,5,-1,2,1,21.5,1,3,3,1,2
16224,2018,0,2018-12-07,N-II,MARTORELL,Baix Llobregat,3,0,1,0,2,1,0,0,0,1,0,0,0,60.0,0.0,0,2,No n'hi ha,-1.0,3,3,1,0,0,0,0,0,0,0,0,0,0,0,2,-1,0,Atropellament,-1,1,2,4,1,2,1,11.3,0,3,4,7,12
16225,2018,0,2018-07-18,GI-612,"PORT DE LA SELVA, EL",Alt Emporda,1,0,2,2,2,0,0,0,0,2,0,0,0,90.0,0.0,0,1,No n'hi ha,-1.0,3,3,1,0,0,0,0,0,0,0,0,0,0,0,4,-1,1,Envestida (frontal lateral),-1,1,2,4,2,2,1,15.32,1,2,2,18,7
16226,2018,0,2018-01-25,AP-7,SANT CELONI,Valles Oriental,3,0,1,1,5,0,0,0,0,4,1,0,0,100.0,0.0,0,2,No n'hi ha,-1.0,3,3,1,0,0,0,0,0,0,0,0,0,0,0,3,-1,0,Altres,-1,1,2,4,1,2,1,18.4,1,5,3,25,1
16227,2018,0,2018-07-29,N-II,ALCARRAS,Segria,2,0,1,0,1,0,0,0,1,0,0,0,0,90.0,0.0,0,-1,Sense Especificar,-1.0,3,3,1,0,0,0,0,0,0,0,0,0,0,1,4,4,-1,Altres,0,1,2,4,4,2,0,21.0,1,5,6,29,7
16228,2018,1,2018-02-07,N-II,"JONQUERA, LA",Alt Emporda,1,1,0,0,1,0,0,0,0,1,0,0,0,60.0,0.0,0,2,No n'hi ha,-1.0,3,3,0,0,0,0,0,0,0,0,0,0,0,2,0,2,1,Resta sortides de via,1,0,2,4,1,2,1,3.53,2,1,2,7,2
16229,2018,1,2018-06-20,SE,LLEIDA,Segria,2,0,1,0,2,1,0,0,0,1,0,0,0,20.0,0.0,0,-1,No n'hi ha,-1.0,3,3,1,-1,0,0,0,-1,0,0,0,0,-1,0,4,-1,1,Atropellament,-1,2,2,5,-1,2,1,15.25,1,3,2,20,6
16230,2018,1,2018-09-10,SE,BERGA,Bergueda,3,0,1,0,2,1,0,0,0,1,0,0,0,20.0,0.0,0,-1,Sense Especificar,-1.0,3,3,1,0,0,0,0,0,0,0,0,0,0,0,4,-1,0,Atropellament,-1,2,2,5,-1,2,1,10.5,0,3,0,10,9
16231,2018,1,2018-01-13,SE,BARCELONA,Barcelones,3,0,1,4,2,0,0,0,0,2,0,0,0,100.0,0.0,1,-1,Carril bici,-1.0,1,3,1,0,0,0,0,0,0,0,0,0,0,1,0,-1,1,Envestida (frontal lateral),2,2,0,5,-1,2,0,22.29,2,2,5,13,1
16232,2018,0,2018-06-07,C-252,"FAR D'EMPORDA, EL",Alt Emporda,1,0,1,1,2,0,0,0,0,2,0,0,0,80.0,0.0,0,1,No n'hi ha,-1.0,3,3,1,0,0,0,0,0,0,0,0,0,0,0,2,-1,1,Col·lisió frontal,-1,1,2,4,2,2,1,8.3,0,2,3,7,6
16233,2018,1,2018-06-14,SE,BARCELONA,Barcelones,3,0,1,0,2,0,1,0,1,0,0,0,0,10.0,0.0,1,-1,No n'hi ha,-1.0,3,3,1,0,0,0,0,0,0,0,0,0,0,1,4,-1,0,Envestida (frontal lateral),2,2,2,5,-1,2,1,14.5,1,2,3,14,6
16234,2018,0,2018-07-24,TV-2126,CALAFELL,Baix Penedes,0,1,0,0,1,0,0,0,1,0,0,0,0,100.0,0.0,0,3,No n'hi ha,-1.0,3,3,0,0,0,0,0,0,0,0,0,0,0,0,4,-1,1,Caiguda en la via,-1,1,2,4,3,2,1,19.4,1,0,1,24,7
16235,2018,0,2018-12-02,C-25,SANT BARTOMEU DEL GR,Osona,3,1,0,1,2,0,0,0,0,1,1,0,0,100.0,0.0,0,2,No n'hi ha,-1.0,3,3,0,0,0,0,0,0,0,0,0,0,0,0,3,-1,0,Xoc contra objecte/obstacle sense sortida prèvia de via,-1,1,2,4,2,2,0,2.18,2,4,6,2,12
16236,2018,0,2018-07-27,N-II,"MASNOU, EL",Maresme,3,0,1,2,2,0,0,0,1,1,0,0,0,50.0,0.0,0,2,No n'hi ha,-1.0,3,3,1,0,0,1,0,0,0,0,0,0,0,0,4,-1,1,Altres,-1,1,2,4,1,2,0,19.4,1,5,4,27,7
16237,2018,0,2018-10-06,GI-674,LLAGOSTERA,Girones,1,0,1,0,1,0,0,0,1,0,0,0,0,100.0,0.0,1,1,No n'hi ha,-1.0,3,3,1,0,0,0,0,0,0,0,0,0,0,0,3,-1,1,Resta sortides de via,-1,1,2,4,2,2,0,7.05,0,1,5,6,10
16238,2018,1,2018-12-21,SE,TERRASSA,Valles Occidental,3,0,1,0,2,0,0,0,1,1,0,0,0,100.0,0.0,0,2,No n'hi ha,-1.0,3,3,1,0,0,0,0,0,0,0,0,0,0,0,4,-1,0,Caiguda en la via,-1,2,2,5,-1,2,0,16.0,1,0,4,21,12
16239,2018,1,2018-01-30,SE,BARCELONA,Barcelones,3,0,1,0,2,0,1,0,1,0,0,0,0,100.0,0.0,1,-1,Carril bici,-1.0,3,3,1,0,0,0,0,0,0,0,0,0,0,1,0,-1,0,Fregament o col·lisió lateral,2,2,2,5,-1,2,1,21.15,1,2,1,30,1
16240,2018,0,2018-06-09,BP-1101,SANT SALVADOR DE GUARDIA,Bages,3,0,1,1,2,0,0,0,1,1,0,0,0,100.0,0.0,0,1,No n'hi ha,-1.0,3,3,1,0,0,0,0,0,0,0,0,0,0,2,2,4,1,Fregament o col·lisió lateral,1,1,2,4,3,2,0,19.33,1,2,5,9,6
16241,2018,1,2018-06-26,SE,BARCELONA,Barcelones,3,0,1,0,2,0,0,0,1,0,1,0,0,100.0,0.0,1,-1,Carril bus,-1.0,3,3,1,0,0,0,0,0,0,0,0,0,0,1,4,-1,1,Envestida (frontal lateral),0,2,2,5,-1,2,1,18.4,1,2,1,26,6
16242,2018,1,2018-12-04,C-246a,VILANOVA I LA GELTRU,Garraf,3,0,1,0,2,0,0,0,1,1,0,0,0,100.0,0.0,0,0,No n'hi ha,-1.0,3,3,1,0,0,0,0,0,0,0,0,0,0,2,4,4,1,Envestida (frontal lateral),3,0,2,4,-1,2,1,12.43,0,2,1,4,12
16243,2018,0,2018-01-04,A-7,MONT-ROIG DEL CAMP,Baix Camp,0,1,0,0,2,0,0,0,0,1,1,0,0,100.0,0.0,0,2,Carril acceleració,-1.0,3,3,0,0,0,0,0,0,0,0,0,0,0,0,4,-1,0,Encalç,-1,1,2,4,1,1,1,10.29,0,2,3,4,1
16244,2018,0,2018-09-02,N-240,LLEIDA,Segria,2,0,2,0,2,0,0,0,1,1,0,0,0,40.0,0.0,0,2,No n'hi ha,-1.0,3,3,1,0,0,0,0,0,0,0,0,0,0,1,4,4,0,Envestida (frontal lateral),0,1,2,4,1,2,0,11.3,0,2,6,2,9
16245,2018,1,2018-08-17,SE,BARCELONA,Barcelones,3,0,1,1,2,1,1,0,0,0,0,0,0,10.0,0.0,1,-1,No n'hi ha,-1.0,3,3,1,0,0,0,0,0,0,0,0,0,0,0,0,-1,1,Atropellament,-1,2,2,5,-1,2,1,0.05,2,3,4,17,8
16246,2018,0,2018-01-28,GI-614,ROSES,Alt Emporda,1,0,1,0,1,0,0,0,1,0,0,0,0,90.0,0.0,0,-1,Sense Especificar,-1.0,3,3,1,0,0,0,0,0,0,0,0,0,0,0,4,-1,-1,Resta sortides de via,-1,1,2,4,4,2,0,10.45,0,1,6,28,1
16247,2018,0,2018-06-23,N-340,ALCANAR,Montsia,0,1,0,1,2,0,0,0,0,0,2,0,0,100.0,0.0,0,0,No n'hi ha,-1.0,3,3,0,0,0,0,0,0,1,0,0,0,0,0,3,-1,1,Col·lisió frontal,-1,1,2,4,1,2,0,21.5,1,2,5,23,6
16248,2018,1,2018-04-05,SE,GAVA,Baix Llobregat,3,0,1,1,2,1,0,0,1,0,0,0,0,100.0,0.0,0,2,No n'hi ha,-1.0,3,3,1,0,0,0,0,0,0,0,0,0,0,0,4,-1,1,Atropellament,-1,2,2,5,-1,2,1,18.0,1,3,3,5,4
16249,2018,0,2018-10-06,C-14,OLIANA,Alt Urgell,2,1,0,0,1,0,0,0,0,0,1,0,0,50.0,0.0,0,3,No n'hi ha,-1.0,3,3,0,0,0,0,0,0,0,0,0,0,0,1,3,4,1,Resta sortides de via,1,1,2,4,2,2,0,5.32,2,1,5,6,10
16250,2018,0,2018-07-23,C-58,BARCELONA,Barcelones,3,0,1,0,2,0,0,0,1,1,0,0,0,80.0,0.0,0,2,No n'hi ha,-1.0,3,3,1,0,0,1,0,0,0,0,0,0,0,0,4,-1,0,Encalç,-1,1,2,4,2,2,1,12.29,0,2,0,23,7
16251,2018,0,2018-03-17,A-2,PALLEJA,Baix Llobregat,3,1,0,2,2,1,0,0,0,1,0,0,0,100.0,0.0,0,2,No n'hi ha,-1.0,3,3,0,0,0,0,0,0,0,0,0,0,0,0,4,-1,0,Atropellament,-1,1,2,4,1,2,0,9.16,0,3,5,17,3
16252,2018,1,2018-08-16,SE,MOLLET DEL VALLES,Valles Oriental,3,0,1,0,2,1,0,0,0,1,0,0,0,100.0,0.0,0,2,No n'hi ha,-1.0,3,3,1,0,0,0,0,0,0,0,0,0,0,2,4,2,1,Atropellament,2,2,2,5,-1,2,1,9.37,0,3,3,16,8
16253,2018,1,2018-07-21,SE,BARCELONA,Barcelones,3,0,1,0,2,0,0,0,1,0,0,1,0,100.0,0.0,1,-1,Altres,-1.0,3,3,1,0,0,0,0,0,0,0,0,0,0,0,4,-1,1,Fregament o col·lisió lateral,-1,2,2,5,-1,2,0,19.35,1,2,5,21,7
16254,2018,0,2018-01-26,GI-642,PARLAVA,Baix Emporda,1,0,1,2,2,0,0,0,0,2,0,0,0,100.0,0.0,0,3,No n'hi ha,-1.0,3,3,1,0,0,0,0,0,0,0,0,0,0,0,4,-1,1,Col·lisió frontal,-1,1,2,4,3,2,0,15.37,1,2,4,26,1
16255,2018,1,2018-11-13,SE,SALOU,Tarragones,0,0,1,1,3,2,0,0,0,1,0,0,0,100.0,0.0,0,2,No n'hi ha,-1.0,3,3,1,0,0,0,0,0,0,0,0,0,0,2,4,4,0,Atropellament,1,2,2,5,-1,2,1,12.05,0,3,1,13,11
16256,2018,0,2018-02-07,C-58,RIPOLLET,Valles Occidental,3,0,1,0,2,0,0,0,1,1,0,0,0,90.0,0.0,0,-1,Sense Especificar,-1.0,3,3,1,0,0,0,0,0,0,0,0,0,0,0,4,-1,-1,Altres,-1,1,2,4,4,2,1,18.56,1,5,2,7,2
16257,2018,1,2018-03-11,SE,DELTEBRE,Baix Ebre,0,0,1,0,2,0,0,0,0,2,0,0,0,100.0,0.0,0,2,No n'hi ha,-1.0,3,3,1,0,0,0,0,0,0,0,0,0,0,2,4,-1,1,Xoc contra objecte/obstacle sense sortida prèvia de via,1,2,2,5,-1,2,0,15.45,1,4,6,11,3
16258,2018,1,2018-10-17,SE,SABADELL,Valles Occidental,3,0,1,0,2,1,1,0,0,0,0,0,0,100.0,0.0,0,-1,No n'hi ha,-1.0,3,3,1,0,0,0,0,0,0,0,0,0,0,0,4,-1,-1,Atropellament,-1,2,2,5,-1,2,1,12.0,0,3,2,17,10
16259,2018,1,2018-02-03,SE,TERRASSA,Valles Occidental,3,0,1,1,1,0,0,0,0,1,0,0,0,100.0,0.0,0,-1,No n'hi ha,-1.0,3,3,1,0,0,0,0,0,0,0,0,0,0,0,4,-1,-1,Resta sortides de via,-1,2,2,5,-1,2,0,6.4,0,1,5,3,2
16260,2018,1,2018-06-04,SE,GRANOLLERS,Valles Oriental,3,0,1,0,2,0,1,0,0,1,0,0,0,30.0,0.0,0,2,No n'hi ha,-1.0,3,3,1,0,0,0,0,0,0,0,0,0,0,1,4,4,1,Envestida (frontal lateral),1,2,2,5,-1,2,1,11.12,0,2,0,4,6
16261,2018,0,2018-01-15,N-230,BOSSOST,Val d'Aran,2,1,0,1,2,0,0,0,0,1,1,0,0,100.0,0.0,0,2,No n'hi ha,-1.0,3,3,0,0,0,0,0,0,0,0,0,0,0,0,4,-1,1,Col·lisió frontal,-1,1,2,4,1,2,1,16.39,1,2,0,15,1
16262,2018,0,2018-04-06,C-451,SOLSONA,Solsones,2,0,1,0,2,1,0,0,0,1,0,0,0,60.0,0.0,0,3,No n'hi ha,0.0,3,3,1,0,0,0,0,0,0,0,0,0,0,0,4,-1,1,Atropellament,-1,1,2,4,2,2,1,10.3,0,3,4,6,4
16263,2018,1,2018-01-26,SE,"VENDRELL, EL",Baix Penedes,0,0,1,0,1,0,0,0,1,0,0,0,0,40.0,0.0,0,2,No n'hi ha,-1.0,2,3,1,-1,0,0,0,-1,0,0,0,0,0,0,2,-1,0,Caiguda en la via,-1,2,0,5,-1,2,1,9.3,0,0,4,26,1
16264,2018,1,2018-03-07,SE,CORNELLA DE LLOBREGAT,Baix Llobregat,3,0,1,0,2,0,0,0,0,1,1,0,0,20.0,0.0,0,-1,No n'hi ha,-1.0,3,3,1,-1,-1,0,0,-1,0,0,0,0,0,0,4,-1,-1,Envestida (frontal lateral),-1,2,2,5,-1,2,1,18.3,1,2,2,7,3
16265,2018,1,2018-01-28,SE,LLORET DE MAR,Selva,1,0,1,0,1,0,0,1,0,0,0,0,0,100.0,0.0,0,-1,No n'hi ha,-1.0,3,3,1,0,0,0,0,0,0,0,0,0,0,0,4,-1,-1,Xoc contra objecte/obstacle sense sortida prèvia de via,-1,2,2,5,-1,2,0,14.22,1,4,6,28,1
16266,2018,0,2018-02-02,N-240,VALLMOLL,Alt Camp,0,0,1,2,4,0,0,0,1,3,0,0,0,100.0,0.0,0,2,No n'hi ha,-1.0,3,3,1,0,0,0,0,0,0,0,0,0,0,1,3,4,1,Altres,1,1,2,4,1,2,1,5.36,2,5,4,2,2
16267,2018,0,2018-02-24,C-17,RIPOLL,Ripolles,1,0,1,0,1,0,0,0,0,1,0,0,0,100.0,0.0,0,1,No n'hi ha,-1.0,3,3,1,0,0,0,0,0,0,0,0,0,0,0,4,-1,0,Resta sortides de via,-1,1,2,4,2,2,0,12.15,0,1,5,24,2
16268,2018,0,2018-11-10,C-153,"MASIES DE RODA, LES",Osona,3,0,1,1,2,0,0,0,1,1,0,0,0,100.0,0.0,0,2,No n'hi ha,-1.0,3,3,1,0,0,0,0,0,0,0,0,0,0,1,4,5,1,Envestida (frontal lateral),1,1,2,4,2,2,0,16.06,1,2,5,10,11
16269,2018,1,2018-09-26,SE,SALT,Girones,1,0,1,0,2,1,0,0,0,1,0,0,0,20.0,0.0,0,-1,No n'hi ha,-1.0,3,3,1,0,-1,0,0,0,0,0,0,0,0,2,4,3,-1,Atropellament,1,0,2,5,-1,2,1,18.4,1,3,2,26,9
16270,2018,0,2018-12-04,C-35,SANT FELIU DE BUIXALLEU,Selva,1,0,1,1,2,0,0,0,0,2,0,0,0,90.0,0.0,0,-1,Sense Especificar,-1.0,3,3,1,0,0,0,0,0,0,0,0,0,0,0,4,-1,-1,Encalç,-1,1,2,4,4,2,1,19.49,1,2,1,4,12
16271,2018,1,2018-05-27,SE,BARCELONA,Barcelones,3,0,1,0,2,0,0,1,0,1,0,0,0,100.0,0.0,1,-1,No n'hi ha,-1.0,3,3,1,0,0,0,0,0,0,0,0,0,0,1,4,-1,1,Envestida (frontal lateral),2,2,2,5,-1,2,0,17.4,1,2,6,27,5
16272,2018,1,2018-06-16,SE,FIGUERES,Alt Emporda,1,0,1,1,2,0,0,0,0,2,0,0,0,100.0,0.0,0,1,No n'hi ha,-1.0,3,3,1,0,0,0,0,0,0,0,0,0,0,1,1,4,1,Col·lisió frontal,2,2,2,5,-1,2,0,6.31,0,2,5,16,6
16273,2018,0,2018-08-12,C-12,BALAGUER,Noguera,2,3,2,0,1,0,0,0,0,1,0,0,0,100.0,0.0,0,2,No n'hi ha,-1.0,3,3,0,0,0,0,0,0,0,0,0,0,0,0,4,-1,1,Resta sortides de via,-1,1,2,4,2,2,0,7.3,0,1,6,12,8
16274,2018,1,2018-05-26,SE,BARCELONA,Barcelones,3,0,1,0,2,1,0,0,0,0,1,0,0,100.0,0.0,1,-1,Carril bus,-1.0,3,3,1,0,0,0,0,0,0,0,0,0,0,0,4,-1,1,Atropellament,-1,2,2,5,-1,2,0,13.11,0,3,5,26,5
16275,2018,0,2018-06-24,C-65,CASSA DE LA SELVA,Girones,1,0,1,2,2,0,0,0,0,2,0,0,0,100.0,0.0,0,3,No n'hi ha,-1.0,3,3,1,0,0,0,0,0,0,0,0,0,0,0,3,-1,1,Col·lisió frontal,-1,1,2,4,2,2,0,3.33,2,2,6,24,6
16276,2018,1,2018-05-25,SE,SANTA MARGARIDA DE M,Anoia,3,0,1,0,2,0,0,0,1,1,0,0,0,20.0,0.0,0,-1,No n'hi ha,-1.0,3,3,1,-1,0,0,0,-1,0,0,0,0,-1,1,4,2,1,Fregament o col·lisió lateral,1,2,2,5,-1,2,0,17.04,1,2,4,25,5
16277,2018,1,2018-11-21,GI-524,OLOT,Garrotxa,1,0,1,0,2,0,0,0,0,2,0,0,0,50.0,0.0,0,3,No n'hi ha,-1.0,3,3,1,0,0,0,0,0,0,0,0,0,0,0,4,-1,1,Envestida (frontal lateral),-1,0,2,4,2,2,1,12.54,0,2,2,21,11
16278,2018,0,2018-05-01,TV-3313,ULLDECONA,Montsia,0,0,1,1,2,0,2,0,0,0,0,0,0,100.0,0.0,0,2,No n'hi ha,-1.0,3,3,1,0,0,0,0,0,0,0,0,0,0,0,4,-1,1,Fregament o col·lisió lateral,-1,1,2,4,3,2,1,11.1,0,2,1,1,5