,Year,Area,Date,Road,Municipality Name,County Name,Province Name,Fatalties,Serious Injuries,Light Injuries,Units Involved,Pedestrains Involved,Bicycles Involved,Mopeds Involved,Motorcycles,Light Vehicles Involved,Heavy Vehicles Involved,Other Units Involved,Unspecified Units Involved,Road Speed Limit,Accident with Hit and Run,Fog Presence,Surrounding Environment,Special Lane Presence,Special Traffic Measures,Weather Conditions,Special Road Functions,Severity of Accident,Influence of Fog,Influence of Environment,Influence of Traffic,Influence of Weather,Influence of Wind Intensity,Influence of Lighting,Influence of Special Measures,Influence of Road Objects,Influence of Road Surface,Influence of Visibility,Intersection Characteristics,Lighting Conditions,Traffic Regulation and Priority,Direction of Road,Subtype of Accident,Subtype of Road Section,Subzone within Area,Road Surface Conditions,Type of Road,Road Ownership,Wind Conditions,Day of the Week Grouping,Hour of Day,Time of Day Grouping,Type of Accident,Day Type,Day,Month
16279,2018,0,2018-07-28,BV-1123,MARGANELL,Bages,3,0,1,0,1,0,0,0,1,0,0,0,0,50.0,0.0,0,1,No n'hi ha,0.0,3,3,1,0,0,0,0,0,0,0,0,0,0,0,1,-1,1,Resta sortides de via,-1,1,2,4,3,2,0,18.46,1,1,5,28,7
16280,2018,1,2018-04-20,SE,BARCELONA,Barcelones,3,0,2,0,2,0,0,0,1,1,0,0,0,100.0,0.0,1,-1,No n'hi ha,-1.0,3,3,1,0,0,0,0,0,0,0,0,0,0,1,0,-1,1,Col·lisió frontal,2,2,2,5,-1,2,0,21.35,1,2,4,20,4
16281,2018,1,2018-08-28,SE,BARCELONA,Barcelones,3,0,1,0,2,1,1,0,0,0,0,0,0,100.0,0.0,1,-1,No n'hi ha,-1.0,3,3,1,0,0,0,0,0,0,0,0,0,0,0,4,-1,0,Atropellament,-1,2,2,5,-1,2,1,11.2,0,3,1,28,8
16282,2018,0,2018-03-11,C-31,"FAR D'EMPORDA, EL",Alt Emporda,1,0,1,2,2,0,0,0,0,2,0,0,0,80.0,0.0,0,1,No n'hi ha,-1.0,3,3,1,0,0,0,0,0,0,0,0,0,0,0,4,-1,1,Encalç,-1,1,2,4,2,2,0,13.43,0,2,6,11,3
16283,2018,0,2018-03-03,A-2,ABRERA,Baix Llobregat,3,0,1,0,1,0,0,0,1,0,0,0,0,100.0,0.0,0,2,No n'hi ha,-1.0,3,3,1,0,0,0,0,0,0,0,0,0,0,0,3,-1,1,Caiguda en la via,-1,1,2,1,1,2,0,21.37,1,0,5,3,3
16284,2018,1,2018-07-28,SE,GIRONELLA,Bergueda,3,0,1,0,1,0,0,1,0,0,0,0,0,100.0,0.0,0,2,No n'hi ha,-1.0,3,3,1,0,0,0,0,0,0,0,0,0,0,0,5,-1,1,Caiguda en la via,-1,2,2,5,-1,2,0,3.37,2,0,5,28,7
16285,2018,0,2018-01-11,L-702,ARTESA DE LLEIDA,Segria,2,1,0,0,4,0,0,0,1,3,0,0,0,100.0,0.0,0,2,No n'hi ha,-1.0,3,3,0,0,0,0,0,0,0,0,0,0,0,0,4,-1,1,Envestida (frontal lateral),-1,1,2,4,2,2,1,14.57,1,2,3,11,1
16286,2018,1,2018-11-22,SE,ALELLA,Maresme,3,0,1,0,2,0,0,1,0,1,0,0,0,20.0,0.0,0,-1,No n'hi ha,-1.0,3,3,1,0,0,0,0,0,0,0,0,0,0,1,1,4,-1,Envestida (frontal lateral),1,2,2,5,-1,2,1,17.0,1,2,3,22,11
16287,2018,0,2018-10-25,N-IIa,JORBA,Anoia,3,0,1,0,2,0,1,0,0,1,0,0,0,60.0,0.0,0,2,Carril d'alentiment,-1.0,3,3,1,0,0,0,0,0,0,0,0,0,0,0,3,-1,0,Envestida (frontal lateral),-1,1,2,4,1,2,1,7.27,0,2,3,25,10
16288,2018,1,2018-04-23,SE,LLORET DE MAR,Selva,1,0,1,0,1,0,0,0,1,0,0,0,0,100.0,0.0,0,2,No n'hi ha,-1.0,3,3,1,0,0,0,0,0,0,0,0,0,0,1,4,-1,1,Resta sortides de via,1,2,2,5,-1,2,1,9.23,0,1,0,23,4
16289,2018,0,2018-09-19,B-20,"PRAT DE LLOBREGAT, E",Baix Llobregat,3,0,2,0,2,0,0,0,1,1,0,0,0,80.0,0.0,0,0,No n'hi ha,-1.0,3,3,1,0,0,0,0,0,0,0,0,0,0,0,4,-1,0,Encalç,-1,1,2,4,2,2,1,8.34,0,2,2,19,9
16290,2018,1,2018-04-14,SE,HOSPITALET DE LLOBREGAT,Barcelones,3,0,1,0,2,0,0,0,1,1,0,0,0,20.0,0.0,0,-1,No n'hi ha,-1.0,3,3,1,-1,-1,0,0,-1,0,0,0,0,0,1,4,4,-1,Envestida (frontal lateral),0,2,2,5,-1,2,0,19.11,1,2,5,14,4
16291,2018,1,2018-07-11,SE,BARCELONA,Barcelones,3,0,1,0,2,0,0,0,1,1,0,0,0,100.0,0.0,1,-1,No n'hi ha,-1.0,3,3,1,0,0,0,0,0,0,0,0,0,0,1,4,-1,0,Encalç,2,2,2,5,-1,2,1,18.08,1,2,2,11,7
16292,2018,0,2018-04-24,N-260,"PONT DE BAR, EL",Alt Urgell,2,0,2,0,1,0,0,0,1,0,0,0,0,100.0,0.0,0,1,No n'hi ha,-1.0,3,3,1,0,0,0,0,0,0,0,0,0,0,0,4,-1,1,Resta sortides de via,-1,1,2,4,1,2,1,15.35,1,1,1,24,4
16293,2018,1,2018-06-01,SE,SANT ADRIA DE BESOS,Barcelones,3,0,1,0,2,0,1,0,0,1,0,0,0,100.0,0.0,0,2,No n'hi ha,-1.0,3,3,1,0,0,0,0,0,0,0,0,0,0,1,4,3,1,Envestida (frontal lateral),2,2,2,5,-1,2,1,6.3,0,2,4,1,6
16294,2018,0,2018-08-03,LV-9225,ALBESA,Noguera,2,1,0,0,1,0,0,0,0,0,1,0,0,100.0,0.0,0,2,No n'hi ha,-1.0,3,3,0,0,0,0,0,0,0,0,0,0,0,0,3,-1,1,Altres,-1,1,2,4,0,2,0,22.43,2,5,4,3,8
16295,2018,0,2018-02-03,T-11,TARRAGONA,Tarragones,0,2,1,0,1,0,0,0,0,1,0,0,0,40.0,0.0,0,2,No n'hi ha,-1.0,3,3,0,0,0,0,0,0,0,0,0,0,0,0,2,-1,0,Resta sortides de via,-1,1,2,4,1,2,0,8.43,0,1,5,3,2
16296,2018,0,2018-08-12,C-14,BASSELLA,Alt Urgell,2,1,3,0,4,0,0,0,0,4,0,0,0,80.0,0.0,0,3,No n'hi ha,-1.0,3,3,0,0,0,0,0,0,0,0,0,0,0,0,4,-1,1,Altres,-1,1,2,4,2,2,0,18.01,1,5,6,12,8
16297,2018,1,2018-11-24,SE,MATARO,Maresme,3,0,1,1,2,0,0,0,1,1,0,0,0,20.0,0.0,0,2,No n'hi ha,-1.0,3,3,1,-1,0,0,0,-1,0,0,0,0,0,1,1,4,0,Envestida (frontal lateral),2,2,2,5,-1,2,0,6.0,0,2,5,24,11
16298,2018,1,2018-05-26,SE,BALAGUER,Noguera,2,0,1,0,2,1,0,0,0,1,0,0,0,20.0,0.0,0,2,No n'hi ha,,3,3,1,0,0,0,0,0,0,0,0,0,0,0,4,-1,0,Atropellament,-1,2,2,5,-1,2,0,13.3,0,3,5,26,5
16299,2018,0,2018-09-14,C-17,PARETS DEL VALLES,Valles Oriental,3,0,1,0,2,0,0,0,1,1,0,0,0,100.0,0.0,0,2,No n'hi ha,-1.0,3,3,1,0,0,0,0,0,0,0,0,0,0,0,4,-1,0,Encalç,-1,1,2,4,2,2,0,15.33,1,2,4,14,9
16300,2018,0,2018-10-30,C-55,MONISTROL DE MONTSER,Bages,3,0,1,0,2,0,0,0,1,1,0,0,0,100.0,0.0,0,2,No n'hi ha,-1.0,3,3,1,0,0,0,0,0,0,0,0,0,0,1,4,4,1,Encalç,1,1,2,4,2,2,1,14.26,1,2,1,30,10
16301,2018,0,2018-03-25,C-17,MONTCADA I REIXAC,Valles Occidental,3,0,1,1,2,0,0,0,0,2,0,0,0,100.0,0.0,0,2,No n'hi ha,-1.0,3,3,1,0,0,0,0,0,0,0,0,0,0,0,4,-1,0,Envestida (frontal lateral),-1,1,2,4,2,2,0,8.37,0,2,6,25,3
16302,2018,1,2018-09-28,SE,OLOT,Garrotxa,1,0,1,0,2,0,0,1,0,1,0,0,0,100.0,0.0,0,2,No n'hi ha,-1.0,3,3,1,0,0,0,0,0,0,0,0,0,0,1,4,4,0,Envestida (frontal lateral),3,2,2,5,-1,2,0,15.37,1,2,4,28,9
16303,2018,1,2018-09-29,SE,ABRERA,Baix Llobregat,3,0,1,2,2,0,0,0,0,2,0,0,0,50.0,0.0,0,2,No n'hi ha,-1.0,3,3,1,0,0,0,0,0,0,0,0,0,0,0,5,-1,1,Col·lisió frontal,-1,2,2,5,-1,2,0,5.55,2,2,5,29,9
16304,2018,1,2018-07-24,SE,"GARRIGA, LA",Valles Oriental,3,0,1,2,2,0,0,0,0,2,0,0,0,40.0,0.0,0,2,No n'hi ha,-1.0,3,3,1,0,0,0,0,0,0,0,0,0,0,0,5,-1,1,Xoc contra objecte/obstacle sense sortida prèvia de via,-1,2,2,5,-1,2,1,23.43,2,4,1,24,7
16305,2018,1,2018-07-06,SE,BARCELONA,Barcelones,3,0,1,0,2,0,2,0,0,0,0,0,0,100.0,1.0,1,-1,Carril bici,-1.0,3,3,1,0,0,0,0,0,0,0,0,0,0,1,4,-1,1,Envestida (frontal lateral),2,2,2,5,-1,2,1,8.5,0,2,4,6,7
16306,2018,1,2018-01-04,SE,SANTA PERPETUA DE MO,Valles Occidental,3,0,1,0,2,0,0,1,0,1,0,0,0,30.0,0.0,0,2,No n'hi ha,-1.0,3,3,1,0,0,0,0,0,0,0,0,0,0,1,4,4,0,Fregament o col·lisió lateral,1,2,2,5,-1,2,1,11.15,0,2,3,4,1
16307,2018,1,2018-08-13,SE,BARCELONA,Barcelones,3,0,1,0,2,0,0,0,2,0,0,0,0,100.0,0.0,1,-1,Carril bus,-1.0,3,3,1,0,0,0,0,0,0,0,0,0,0,1,4,-1,0,Envestida (frontal lateral),2,2,2,5,-1,2,1,19.15,1,2,0,13,8
16308,2018,0,2018-10-05,C-252,GARRIGUELLA,Alt Emporda,1,0,1,0,2,0,0,0,1,1,0,0,0,100.0,0.0,0,2,No n'hi ha,-1.0,3,3,1,0,0,0,0,0,0,0,0,0,0,1,3,5,1,Envestida (frontal lateral),1,1,2,4,1,2,1,6.28,0,2,4,5,10
16309,2018,0,2018-07-02,B-124,SABADELL,Valles Occidental,3,0,1,0,1,0,0,0,1,0,0,0,0,90.0,0.0,0,-1,Sense Especificar,-1.0,3,3,1,0,0,0,0,0,0,0,0,0,0,0,4,-1,-1,Resta sortides de via,-1,1,2,4,4,2,1,19.3,1,1,0,2,7
16310,2018,1,2018-04-25,SE,MOLLET DEL VALLES,Valles Oriental,3,0,1,0,2,1,0,0,0,1,0,0,0,100.0,0.0,0,2,No n'hi ha,-1.0,3,3,1,0,0,0,0,0,0,0,0,0,0,2,4,4,1,Atropellament,0,2,2,5,-1,2,1,7.48,0,3,2,25,4
16311,2018,1,2018-06-29,SE,MATARO,Maresme,3,0,1,0,1,0,0,0,1,0,0,0,0,20.0,0.0,0,3,No n'hi ha,-1.0,3,3,1,-1,0,0,0,-1,0,0,0,0,-1,1,4,5,1,Caiguda en la via,2,2,2,5,-1,2,0,15.15,1,0,4,29,6
16312,2018,0,2018-04-15,C-61,VALLGORGUINA,Valles Oriental,3,2,0,0,1,0,0,0,0,1,0,0,0,100.0,0.0,0,0,No n'hi ha,-1.0,3,3,0,0,0,0,0,0,0,0,0,0,0,0,4,-1,1,Resta sortides de via,-1,1,0,4,4,2,0,13.19,0,1,6,15,4
16313,2018,0,2018-10-15,N-II,CELRA,Girones,1,1,1,0,2,0,0,0,0,2,0,0,0,100.0,0.0,0,1,No n'hi ha,-1.0,2,3,0,0,0,0,1,0,0,0,0,0,0,0,2,-1,1,Col·lisió frontal,-1,1,2,4,1,2,1,18.4,1,2,0,15,10
16314,2018,1,2018-04-01,SE,FIGUERES,Alt Emporda,1,0,1,2,2,0,0,0,1,1,0,0,0,100.0,0.0,0,2,No n'hi ha,-1.0,3,3,1,0,0,0,0,0,0,0,0,0,0,1,4,5,1,Envestida (frontal lateral),-1,2,2,5,-1,2,0,10.0,0,2,6,1,4
16315,2018,1,2018-09-23,SE,REUS,Baix Camp,0,0,1,0,2,1,0,0,1,0,0,0,0,100.0,0.0,0,-1,No n'hi ha,-1.0,3,3,1,0,0,0,0,0,0,0,0,0,0,0,4,-1,-1,Atropellament,-1,2,2,5,-1,2,0,21.4,1,3,6,23,9
16316,2018,1,2018-07-11,SE,BARCELONA,Barcelones,3,0,1,0,2,0,0,0,1,1,0,0,0,100.0,0.0,1,-1,Carril bus,-1.0,3,3,1,0,0,0,0,0,0,0,0,0,0,1,4,-1,0,Envestida (frontal lateral),2,2,2,5,-1,2,1,16.2,1,2,2,11,7
16317,2018,1,2018-02-05,SE,BADALONA,Barcelones,3,0,1,0,1,0,1,0,0,0,0,0,0,20.0,0.0,0,-1,No n'hi ha,-1.0,1,3,1,-1,0,0,1,-1,0,0,0,0,0,1,4,5,0,Caiguda en la via,1,2,0,5,-1,2,1,13.0,0,0,0,5,2
16318,2018,1,2018-03-06,SE,BARCELONA,Barcelones,3,0,1,0,2,1,0,0,0,0,1,0,0,100.0,0.0,1,-1,Carril bus,-1.0,3,3,1,0,0,0,0,0,0,0,0,0,0,0,4,-1,1,Atropellament,-1,2,2,5,-1,2,1,12.05,0,3,1,6,3
16319,2018,1,2018-10-31,SE,GRANOLLERS,Valles Oriental,3,0,1,0,2,1,0,0,1,0,0,0,0,100.0,0.0,0,2,No n'hi ha,-1.0,2,3,1,0,0,0,1,0,0,0,0,0,0,1,5,3,1,Atropellament,1,2,2,5,-1,0,1,21.26,1,3,2,31,10
16320,2018,0,2018-01-18,BP-5002,ALELLA,Maresme,3,1,0,1,3,0,0,0,1,2,0,0,0,100.0,0.0,0,2,No n'hi ha,-1.0,3,3,0,0,0,0,0,0,0,0,0,0,0,0,3,-1,1,Fregament o col·lisió lateral,-1,1,2,4,3,2,1,18.05,1,2,3,18,1
16321,2018,1,2018-08-07,SE,ROSES,Alt Emporda,1,0,1,0,2,0,0,0,1,1,0,0,0,40.0,0.0,0,-1,No n'hi ha,-1.0,3,3,1,-1,0,0,0,-1,0,0,0,0,0,1,4,2,1,Envestida (frontal lateral),2,2,2,5,-1,2,1,13.1,0,2,1,7,8
16322,2018,1,2018-05-22,SE,CASTELLGALI,Bages,3,0,1,0,1,0,1,0,0,0,0,0,0,20.0,0.0,0,-1,Sense Especificar,-1.0,3,3,1,0,0,0,0,0,0,0,0,0,0,0,4,-1,-1,Altres,-1,2,2,5,-1,2,1,10.18,0,5,1,22,5
16323,2018,0,2018-10-15,N-230,"PONT DE SUERT, EL",Alta Ribagorca,2,0,1,1,2,0,0,0,0,1,1,0,0,100.0,0.0,0,1,No n'hi ha,-1.0,3,3,1,0,0,0,0,0,0,0,0,0,0,0,2,-1,1,Envestida (frontal lateral),-1,1,2,4,1,2,1,9.36,0,2,0,15,10
16324,2018,1,2018-05-15,TP-7049,REUS,Baix Camp,0,0,1,1,2,1,0,0,1,0,0,0,0,100.0,0.0,0,-1,No n'hi ha,-1.0,3,3,1,0,0,0,0,0,0,0,0,0,0,0,4,-1,-1,Atropellament,-1,0,2,4,-1,2,1,22.02,2,3,1,15,5
16326,2018,0,2018-10-28,C-58,CASTELLBELL I EL VIL,Bages,3,0,7,0,2,0,0,0,0,2,0,0,0,100.0,0.0,0,1,No n'hi ha,-1.0,1,3,1,0,1,0,1,0,0,0,0,0,0,0,2,-1,1,Col·lisió frontal,-1,1,2,4,2,2,0,12.2,0,2,6,28,10
16327,2018,0,2018-06-11,B-124,MONISTROL DE CALDERS,Moianès,3,0,1,0,1,0,0,0,1,0,0,0,0,90.0,0.0,0,-1,Sense Especificar,-1.0,3,3,1,0,0,0,0,0,0,0,0,0,0,0,4,-1,-1,Resta sortides de via,-1,1,2,4,4,2,1,17.1,1,1,0,11,6
16328,2018,0,2018-12-21,LL-11,LLEIDA,Segria,2,1,0,0,1,0,0,0,0,1,0,0,0,40.0,0.0,0,2,No n'hi ha,-1.0,3,3,0,0,0,0,0,0,0,0,0,0,0,1,4,4,0,Resta sortides de via,0,1,2,4,1,2,0,16.41,1,1,4,21,12
16330,2018,1,2018-01-04,SE,BADALONA,Barcelones,3,0,1,0,2,1,0,0,0,1,0,0,0,20.0,0.0,0,2,No n'hi ha,-1.0,3,3,1,-1,0,0,0,-1,0,0,0,0,1,1,4,3,1,Atropellament,1,2,2,5,-1,2,1,12.4,0,3,3,4,1
16331,2018,1,2018-03-24,SE,BARBERA DEL VALLES,Valles Occidental,3,0,1,0,2,1,0,0,1,0,0,0,0,20.0,0.0,0,-1,No n'hi ha,-1.0,2,3,1,0,-1,0,0,0,0,0,0,0,0,1,2,2,-1,Atropellament,2,2,0,5,-1,2,0,15.4,1,3,5,24,3
16332,2018,1,2018-01-24,SE,MOLLERUSSA,Pla d'Urgell,2,0,1,0,2,0,1,0,0,1,0,0,0,100.0,0.0,0,2,No n'hi ha,-1.0,3,3,1,0,0,0,0,0,0,0,0,0,0,1,1,4,1,Envestida (frontal lateral),2,2,2,5,-1,2,1,17.35,1,2,2,24,1
16333,2018,1,2018-02-10,SE,BARCELONA,Barcelones,3,0,1,0,2,1,0,0,0,1,0,0,0,100.0,0.0,1,-1,No n'hi ha,-1.0,3,3,1,0,0,0,0,0,0,0,0,0,0,1,4,-1,0,Atropellament,2,2,2,5,-1,2,0,16.5,1,3,5,10,2
16334,2018,0,2018-06-11,C-244,CAPELLADES,Anoia,3,1,1,0,1,0,0,0,1,0,0,0,0,100.0,0.0,0,3,No n'hi ha,-1.0,3,3,0,0,0,0,0,0,0,0,0,0,0,0,4,-1,1,Resta sortides de via,-1,1,2,4,4,2,1,15.39,1,1,0,11,6
16335,2018,1,2018-07-05,N-150,TERRASSA,Valles Occidental,3,0,1,1,2,0,0,0,1,1,0,0,0,90.0,0.0,0,-1,Sense Especificar,-1.0,3,3,1,0,0,0,0,0,0,0,0,0,0,0,4,-1,-1,Envestida (frontal lateral),-1,0,2,4,-1,2,1,0.0,2,2,3,5,7
16336,2018,0,2018-04-06,CR,MONTFERRER I CASTELLBO,Alt Urgell,2,0,1,0,1,0,1,0,0,0,0,0,0,40.0,0.0,0,3,No n'hi ha,-1.0,3,3,1,0,0,0,0,0,0,0,0,0,0,0,4,-1,1,Caiguda en la via,-1,1,2,3,0,2,1,12.32,0,0,4,6,4
16337,2018,0,2018-09-15,B-140,SANTA PERPETUA DE MO,Valles Occidental,3,0,1,0,1,0,0,0,1,0,0,0,0,100.0,0.0,0,1,No n'hi ha,-1.0,3,3,1,0,0,0,0,0,0,0,0,0,0,0,0,-1,1,Xoc contra objecte/obstacle sense sortida prèvia de via,-1,1,2,4,2,2,0,22.59,2,4,5,15,9
16338,2018,0,2018-10-21,C-32,SANT PERE DE RIBES,Garraf,3,0,2,1,2,0,0,1,0,1,0,0,0,100.0,0.0,0,2,No n'hi ha,-1.0,3,3,1,0,0,0,0,0,0,0,0,0,0,0,3,-1,0,Encalç,-1,1,2,4,2,2,0,19.49,1,2,6,21,10
16339,2018,1,2018-07-10,SE,FIGUERES,Alt Emporda,1,0,1,1,2,0,0,0,1,1,0,0,0,100.0,0.0,0,2,No n'hi ha,-1.0,3,3,1,0,0,0,0,0,0,0,0,0,0,1,4,4,1,Envestida (frontal lateral),0,2,2,5,-1,2,1,13.5,0,2,1,10,7
16340,2018,0,2018-08-02,BV-2135,"TORRE DE CLARAMUNT,LA",Anoia,3,1,0,0,1,0,0,0,0,1,0,0,0,100.0,0.0,0,1,No n'hi ha,-1.0,3,3,0,0,0,0,0,0,0,0,0,0,0,0,4,-1,1,Resta sortides de via,-1,1,2,4,3,2,1,19.22,1,1,3,2,8
16341,2018,1,2018-11-13,SE,BARCELONA,Barcelones,3,0,1,0,2,0,0,0,1,1,0,0,0,100.0,0.0,1,-1,No n'hi ha,-1.0,3,3,1,0,0,0,0,0,0,0,0,0,0,1,4,-1,0,Encalç,0,2,2,5,-1,2,1,14.45,1,2,1,13,11
16342,2018,1,2018-12-28,SE,GIRONA,Girones,1,0,1,0,2,0,1,0,0,1,0,0,0,30.0,0.0,0,2,Carril bici,-1.0,3,3,1,0,0,0,0,0,0,0,0,0,0,2,5,5,0,Envestida (frontal lateral),1,2,2,5,-1,2,1,7.14,0,2,4,28,12
16343,2018,1,2018-05-12,SE,BADALONA,Barcelones,3,1,0,0,1,0,0,0,1,0,0,0,0,20.0,0.0,0,2,No n'hi ha,-1.0,2,3,0,-1,0,0,1,-1,0,0,0,0,-1,0,5,-1,0,Xoc contra objecte/obstacle sense sortida prèvia de via,-1,2,0,5,-1,2,0,23.35,2,4,5,12,5
16344,2018,1,2018-08-09,SE,SANTA COLOMA DE GRAMANET,Barcelones,3,0,1,0,2,1,0,0,0,1,0,0,0,20.0,0.0,0,-1,No n'hi ha,-1.0,3,3,1,0,0,0,0,0,0,0,0,0,0,0,4,-1,0,Atropellament,-1,2,2,5,-1,2,1,10.54,0,3,3,9,8
16345,2018,1,2018-07-06,SE,TONA,Osona,3,1,0,0,2,0,0,0,1,1,0,0,0,100.0,0.0,0,-1,No n'hi ha,-1.0,3,3,0,0,0,0,0,0,0,0,0,0,0,0,4,-1,-1,Altres,-1,2,2,5,-1,2,0,16.5,1,5,4,6,7
16346,2018,1,2018-06-25,SE,BARCELONA,Barcelones,3,0,1,0,2,1,0,0,0,1,0,0,0,100.0,0.0,1,-1,No n'hi ha,-1.0,3,3,1,0,0,0,0,0,0,0,0,0,0,0,4,-1,1,Atropellament,-1,2,2,5,-1,2,1,13.45,0,3,0,25,6
16347,2018,1,2018-05-10,SE,SANT CARLES DE LA RAPITA,Montsia,0,0,1,0,2,1,0,0,0,1,0,0,0,30.0,0.0,0,2,No n'hi ha,-1.0,3,3,1,0,0,0,0,0,0,0,0,0,0,2,4,-1,1,Atropellament,2,2,2,5,-1,2,1,17.4,1,3,3,10,5
16348,2018,0,2018-09-23,GI-614,CADAQUES,Alt Emporda,1,0,1,0,1,0,1,0,0,0,0,0,0,100.0,0.0,0,2,No n'hi ha,-1.0,3,3,1,0,0,0,0,0,0,0,0,0,0,0,4,-1,1,Caiguda en la via,-1,1,2,4,3,2,0,11.42,0,0,6,23,9
16349,2018,1,2018-04-19,SE,BADALONA,Barcelones,3,0,1,0,2,0,0,0,1,1,0,0,0,20.0,0.0,0,2,No n'hi ha,-1.0,3,3,1,-1,0,0,0,-1,0,0,0,0,0,1,4,3,0,Envestida (frontal lateral),2,2,2,5,-1,2,1,18.3,1,2,3,19,4
16350,2018,1,2018-09-20,SE,BARCELONA,Barcelones,3,0,1,1,2,0,0,0,1,1,0,0,0,100.0,0.0,1,-1,No n'hi ha,-1.0,3,3,1,0,0,0,0,0,0,0,0,0,0,0,0,-1,1,Envestida (frontal lateral),-1,2,2,5,-1,2,1,23.0,2,2,3,20,9
16351,2018,1,2018-03-22,SE,BARCELONA,Barcelones,3,0,1,0,2,0,0,0,1,1,0,0,0,100.0,0.0,1,-1,Carril bus,-1.0,3,3,1,0,0,0,0,0,0,0,0,0,0,1,4,-1,0,Fregament o col·lisió lateral,2,2,2,5,-1,2,1,8.35,0,2,3,22,3
16352,2018,1,2018-07-20,N-II,MATARO,Maresme,3,0,1,0,2,1,0,0,0,1,0,0,0,90.0,0.0,0,-1,No n'hi ha,-1.0,3,3,1,0,0,0,0,0,0,0,0,0,0,0,4,-1,-1,Atropellament,-1,0,2,4,-1,2,1,12.15,0,3,4,20,7
16353,2018,1,2018-01-24,SE,CASTELLDEFELS,Baix Llobregat,3,0,1,0,2,0,0,0,1,1,0,0,0,40.0,0.0,0,2,No n'hi ha,-1.0,3,3,1,0,0,0,0,0,0,0,0,0,0,1,5,5,1,Envestida (frontal lateral),2,2,2,5,-1,2,1,22.1,2,2,2,24,1
16354,2018,0,2018-11-24,B-122,RELLINARS,Valles Occidental,3,0,1,0,1,0,0,0,1,0,0,0,0,90.0,0.0,0,-1,Sense Especificar,-1.0,3,3,1,0,0,0,0,0,0,0,0,0,0,0,4,-1,-1,Altres,-1,1,2,4,4,2,0,19.21,1,5,5,24,11
16355,2018,1,2018-10-23,SE,BARCELONA,Barcelones,3,0,1,0,2,0,0,0,1,1,0,0,0,70.0,0.0,1,-1,No n'hi ha,-1.0,3,3,1,0,0,0,0,0,0,0,0,0,0,0,4,-1,1,Encalç,-1,2,2,5,-1,2,1,17.3,1,2,1,23,10
16356,2018,0,2018-01-30,N-II,SILS,Selva,1,0,1,0,1,0,0,0,0,1,0,0,0,90.0,0.0,0,-1,Sense Especificar,-1.0,3,3,1,0,0,0,0,0,0,0,0,0,0,0,4,-1,-1,Altres,-1,1,2,4,4,2,1,17.36,1,5,1,30,1
16357,2018,0,2018-07-25,N-II,BORRASSA,Alt Emporda,1,2,2,1,2,0,0,0,0,2,0,0,0,100.0,0.0,0,1,No n'hi ha,-1.0,3,3,0,0,0,0,0,0,0,0,0,0,0,0,4,-1,1,Col·lisió frontal,-1,1,2,4,1,2,1,15.06,1,2,2,25,7
16358,2018,0,2018-06-21,C-243C,TERRASSA,Valles Occidental,3,0,1,1,3,0,0,0,1,2,0,0,0,90.0,0.0,0,-1,Sense Especificar,-1.0,3,3,1,0,0,0,0,0,0,0,0,0,0,1,4,4,-1,Encalç,1,1,2,4,4,2,1,7.32,0,2,3,21,6
16359,2018,1,2018-10-04,SE,GAVA,Baix Llobregat,3,0,1,0,2,1,0,0,0,1,0,0,0,20.0,0.0,0,-1,No n'hi ha,-1.0,3,3,1,-1,-1,0,0,-1,0,0,0,0,-1,0,4,-1,-1,Atropellament,-1,2,2,5,-1,2,1,11.45,0,3,3,4,10
16360,2018,0,2018-02-22,A-2,CALDES DE MALAVELLA,Selva,1,0,1,1,2,0,0,0,0,1,1,0,0,100.0,0.0,0,2,No n'hi ha,-1.0,3,3,1,0,0,0,0,0,0,0,0,0,0,0,4,-1,0,Encalç,-1,1,2,4,1,2,1,11.24,0,2,3,22,2
16361,2018,0,2018-07-29,C-35,LLINARS DEL VALLES,Valles Oriental,3,1,4,3,4,0,0,0,0,4,0,0,0,100.0,0.0,0,-1,No n'hi ha,-1.0,3,3,0,0,0,0,0,0,0,0,0,0,0,0,4,-1,-1,Altres,-1,1,2,4,-1,2,0,17.45,1,5,6,29,7
16362,2018,1,2018-09-30,SE,PORQUERES,Pla de l'Estany,1,0,1,0,2,0,0,0,1,0,0,1,0,100.0,0.0,0,2,No n'hi ha,-1.0,3,3,1,0,0,0,0,0,0,0,0,0,0,0,5,-1,1,Xoc contra objecte/obstacle sense sortida prèvia de via,-1,2,2,5,-1,2,0,2.28,2,4,6,30,9
16363,2018,1,2018-02-14,SE,VILADECANS,Baix Llobregat,3,0,1,1,2,0,0,0,0,1,1,0,0,20.0,0.0,0,2,No n'hi ha,-1.0,3,3,1,-1,0,0,0,-1,0,0,0,0,0,0,4,-1,0,Encalç,-1,2,2,5,-1,2,1,15.55,1,2,2,14,2
16364,2018,0,2018-01-27,C-58,CASTELLBELL I EL VIL,Bages,3,0,1,4,2,0,0,0,0,2,0,0,0,100.0,0.0,0,3,No n'hi ha,-1.0,3,3,1,0,0,0,0,0,0,0,0,0,0,0,3,-1,1,Envestida (frontal lateral),-1,1,2,4,2,2,0,19.2,1,2,5,27,1
16365,2018,1,2018-08-02,SE,VILAFRANCA DEL PENEDES,Alt Penedes,3,0,1,0,2,1,0,0,0,1,0,0,0,20.0,,0,2,No n'hi ha,-1.0,3,3,1,0,0,0,0,0,0,0,0,0,1,1,4,2,1,Atropellament,1,2,2,5,-1,2,1,18.02,1,3,3,2,8