,Year,Area,Date,Road,Municipality Name,County Name,Province Name,Fatalties,Serious Injuries,Light Injuries,Units Involved,Pedestrains Involved,Bicycles Involved,Mopeds Involved,Motorcycles,Light Vehicles Involved,Heavy Vehicles Involved,Other Units Involved,Unspecified Units Involved,Road Speed Limit,Accident with Hit and Run,Fog Presence,Surrounding Environment,Special Lane Presence,Special Traffic Measures,Weather Conditions,Special Road Functions,Severity of Accident,Influence of Fog,Influence of Environment,Influence of Traffic,Influence of Weather,Influence of Wind Intensity,Influence of Lighting,Influence of Special Measures,Influence of Road Objects,Influence of Road Surface,Influence of Visibility,Intersection Characteristics,Lighting Conditions,Traffic Regulation and Priority,Direction of Road,Subtype of Accident,Subtype of Road Section,Subzone within Area,Road Surface Conditions,Type of Road,Road Ownership,Wind Conditions,Day of the Week Grouping,Hour of Day,Time of Day Grouping,Type of Accident,Day Type,Day,Month
16366,2018,0,2018-03-22,C-25,ESTARAS,Segarra,2,0,1,2,3,0,0,0,0,1,2,0,0,100.0,0.0,0,2,No n'hi ha,-1.0,3,3,1,0,0,0,0,0,0,0,0,0,0,0,4,-1,0,Encalç,-1,1,2,4,2,2,1,12.47,0,2,3,22,3
16367,2018,1,2018-08-09,SE,SALOU,Tarragones,0,0,1,0,2,0,0,0,1,1,0,0,0,100.0,0.0,0,2,No n'hi ha,-1.0,1,3,1,0,0,0,0,0,0,0,0,0,0,1,5,4,0,Envestida (frontal lateral),0,2,2,5,-1,2,1,23.2,2,2,3,9,8
16368,2018,0,2018-07-25,TP-7013,"SELVA DEL CAMP, LA",Baix Camp,0,0,1,0,1,0,1,0,0,0,0,0,0,90.0,0.0,0,-1,Sense Especificar,-1.0,3,3,1,0,0,0,0,0,0,0,0,0,0,2,4,5,-1,Altres,0,1,2,4,4,2,1,6.03,0,5,2,25,7
16369,2018,0,2018-09-01,N-240,VALLMOLL,Alt Camp,0,0,1,1,2,0,0,0,1,1,0,0,0,100.0,0.0,0,2,No n'hi ha,-1.0,3,3,1,0,0,0,0,0,0,0,0,0,0,1,4,4,1,Col·lisió frontal,1,1,2,4,1,2,0,9.58,0,2,5,1,9
16370,2018,0,2018-05-23,AP-7,BARBERA DEL VALLES,Valles Occidental,3,0,1,0,4,0,0,0,0,2,2,0,0,100.0,0.0,0,3,No n'hi ha,-1.0,3,3,1,0,0,0,0,0,0,0,0,0,0,0,4,-1,0,Altres,-1,1,2,4,1,2,1,14.34,1,5,2,23,5
16371,2018,1,2018-09-04,SE,ROSES,Alt Emporda,1,0,1,0,2,0,1,0,0,1,0,0,0,20.0,0.0,0,-1,No n'hi ha,-1.0,3,3,1,-1,0,0,0,-1,0,0,0,0,0,0,4,-1,1,Fregament o col·lisió lateral,-1,2,2,5,-1,2,1,20.4,1,2,1,4,9
16372,2018,1,2018-09-27,SE,BARCELONA,Barcelones,3,0,1,0,1,0,0,0,1,0,0,0,0,100.0,0.0,1,-1,No n'hi ha,-1.0,3,3,1,0,0,0,0,0,0,0,0,0,0,1,0,-1,0,Xoc contra objecte/obstacle sense sortida prèvia de via,1,2,2,5,-1,2,1,1.46,2,4,3,27,9
16373,2018,0,2018-07-17,C-17,MONTCADA I REIXAC,Valles Occidental,3,0,1,0,1,0,0,1,0,0,0,0,0,80.0,0.0,0,2,No n'hi ha,-1.0,3,3,1,0,0,0,0,0,0,0,0,0,0,0,4,-1,0,Resta sortides de via,-1,1,2,4,2,2,1,10.29,0,1,1,17,7
16374,2018,0,2018-08-09,TV-3422,ALDOVER,Baix Ebre,0,1,0,0,1,0,0,0,0,1,0,0,0,100.0,0.0,0,1,No n'hi ha,-1.0,2,3,0,0,0,0,1,0,0,0,0,0,0,0,2,-1,1,Resta sortides de via,-1,1,2,4,3,1,1,13.28,0,1,3,9,8
16375,2018,1,2018-11-30,SE,HOSPITALET DE LLOBREGAT,Barcelones,3,0,1,0,2,0,0,0,1,1,0,0,0,20.0,0.0,0,-1,No n'hi ha,-1.0,3,3,1,-1,-1,0,0,-1,0,0,0,0,0,1,4,4,-1,Envestida (frontal lateral),2,2,2,5,-1,2,1,14.25,1,2,4,30,11
16376,2018,1,2018-09-04,SE,BADALONA,Barcelones,3,0,1,0,2,0,1,0,0,1,0,0,0,20.0,0.0,0,-1,No n'hi ha,-1.0,3,3,1,0,-1,0,0,0,0,0,0,0,0,1,4,2,-1,Envestida (frontal lateral),2,2,2,5,-1,2,1,18.5,1,2,1,4,9
16377,2018,1,2018-02-15,SE,VIC,Osona,3,0,1,0,2,1,0,0,0,1,0,0,0,100.0,0.0,0,2,No n'hi ha,-1.0,3,3,1,0,0,0,0,0,0,0,0,0,0,0,4,-1,1,Atropellament,-1,2,2,5,-1,2,1,11.15,0,3,3,15,2
16378,2018,1,2018-09-22,SE,VILANOVA I LA GELTRU,Garraf,3,0,1,0,2,1,0,0,0,1,0,0,0,100.0,0.0,0,2,Carril central,-1.0,3,3,1,0,0,0,0,0,0,0,0,0,0,0,4,-1,1,Atropellament,-1,2,2,5,-1,2,0,8.55,0,3,5,22,9
16379,2018,1,2018-01-30,SE,BARCELONA,Barcelones,3,0,1,0,2,0,0,0,1,0,1,0,0,100.0,0.0,1,-1,No n'hi ha,-1.0,3,3,1,0,0,0,0,0,0,0,0,0,0,0,0,-1,0,Fregament o col·lisió lateral,-1,2,2,5,-1,2,1,20.27,1,2,1,30,1
16380,2018,0,2018-04-12,GI-653,REGENCOS,Baix Emporda,1,1,0,1,2,0,0,0,0,2,0,0,0,100.0,0.0,0,1,No n'hi ha,-1.0,3,3,0,0,0,0,0,0,0,0,0,0,0,2,4,4,1,Envestida (frontal lateral),2,1,2,4,2,2,1,9.32,0,2,3,12,4
16381,2018,0,2018-06-07,T-313,RIUDECANYES,Baix Camp,0,0,1,0,2,0,1,0,0,1,0,0,0,90.0,0.0,0,-1,Sense Especificar,-1.0,3,3,1,0,0,0,0,0,0,0,0,0,0,0,4,-1,-1,Col·lisió frontal,-1,1,2,4,4,2,1,19.38,1,2,3,7,6
16382,2018,1,2018-06-28,SE,REUS,Baix Camp,0,0,1,0,2,0,0,1,0,1,0,0,0,100.0,0.0,0,-1,No n'hi ha,-1.0,3,3,1,0,0,0,0,0,0,0,0,0,0,0,4,-1,-1,Fregament o col·lisió lateral,-1,2,2,5,-1,2,1,13.1,0,2,3,28,6
16383,2018,0,2018-12-03,C-422,CONSTANTI,Tarragones,0,0,1,0,2,0,0,0,0,1,1,0,0,90.0,0.0,0,3,No n'hi ha,-1.0,3,3,1,0,0,0,0,0,0,0,0,0,0,0,4,-1,1,Col·lisió frontal,-1,1,2,4,2,2,1,14.01,1,2,0,3,12
16384,2018,0,2018-05-27,C-25D,VIC,Osona,3,1,1,1,2,0,0,0,0,1,1,0,0,100.0,0.0,0,1,Carril central,-1.0,3,3,0,0,1,0,0,0,0,0,0,0,0,0,1,-1,1,Col·lisió frontal,-1,1,2,4,2,2,0,6.19,0,2,6,27,5
16385,2018,0,2018-10-22,BV-1229,CASTELLGALI,Bages,3,0,1,0,2,0,1,0,0,1,0,0,0,50.0,0.0,0,2,No n'hi ha,-1.0,3,3,1,0,0,0,0,0,0,0,0,0,0,2,1,4,1,Encalç,2,1,2,4,3,2,1,7.47,0,2,0,22,10
16386,2018,0,2018-11-10,C-32,MATARO,Maresme,3,0,1,1,2,0,0,1,0,1,0,0,0,60.0,1.0,0,2,No n'hi ha,-1.0,3,3,1,0,0,0,0,0,0,0,0,0,0,0,0,-1,1,Encalç,-1,1,2,4,2,2,0,22.35,2,2,5,10,11
16387,2018,0,2018-08-12,GI-660,"BISBAL D'EMPORDA, LA",Baix Emporda,1,0,1,2,1,0,0,0,0,1,0,0,0,100.0,0.0,0,0,No n'hi ha,-1.0,3,3,1,0,0,0,0,0,0,0,0,0,0,0,4,-1,1,Resta sortides de via,-1,1,2,4,3,2,0,12.14,0,1,6,12,8
16388,2018,0,2018-12-02,C-59,SANTA PERPETUA DE MO,Valles Occidental,3,0,1,0,3,1,0,0,0,2,0,0,0,80.0,0.0,0,2,Carril d'alentiment,-1.0,3,3,1,0,0,0,0,0,0,0,0,0,0,0,3,-1,1,Atropellament,-1,1,2,4,2,2,0,6.58,0,3,6,2,12
16389,2018,1,2018-03-28,SE,TERRASSA,Valles Occidental,3,1,0,0,3,0,0,0,1,2,0,0,0,100.0,0.0,0,-1,No n'hi ha,-1.0,3,3,0,0,0,0,0,0,0,0,0,0,0,0,4,-1,-1,Altres,-1,2,2,5,-1,2,1,20.06,1,5,2,28,3
16390,2018,1,2018-05-10,SE,BARCELONA,Barcelones,3,0,2,0,3,2,0,0,0,1,0,0,0,100.0,0.0,1,-1,No n'hi ha,-1.0,3,3,1,0,0,0,0,0,0,0,0,0,0,0,4,-1,1,Atropellament,-1,2,2,5,-1,2,1,17.17,1,3,3,10,5
16391,2018,0,2018-05-13,C-58,VILADECAVALLS,Valles Occidental,3,0,1,0,1,0,0,0,0,1,0,0,0,90.0,0.0,0,-1,Sense Especificar,-1.0,3,3,1,0,0,0,0,0,0,0,0,0,0,1,4,5,-1,Resta sortides de via,3,1,2,4,4,2,0,14.17,1,1,6,13,5
16392,2018,1,2018-08-14,SE,VALLS,Alt Camp,0,0,1,0,2,0,0,0,1,1,0,0,0,100.0,0.0,0,-1,No n'hi ha,-1.0,3,3,1,0,0,0,0,0,0,0,0,0,0,0,4,-1,-1,Altres,-1,2,2,5,-1,2,1,7.45,0,5,1,14,8
16393,2018,0,2018-06-23,C-61,ARENYS DE MUNT,Maresme,3,0,1,0,2,0,0,0,1,1,0,0,0,50.0,0.0,0,2,No n'hi ha,-1.0,3,3,1,0,0,0,0,0,0,0,0,0,0,1,5,4,0,Envestida (frontal lateral),2,1,2,4,2,2,0,22.5,2,2,5,23,6
16394,2018,0,2018-07-02,AP-7,"JONQUERA, LA",Alt Emporda,1,2,0,0,1,0,0,0,0,0,1,0,0,100.0,0.0,0,3,No n'hi ha,-1.0,3,3,0,0,0,0,0,0,0,0,0,0,0,0,4,-1,0,Resta sortides de via,-1,1,2,4,1,2,1,18.28,1,1,0,2,7
16395,2018,0,2018-10-27,TV-3421,ROQUETES,Baix Ebre,0,0,1,0,1,0,0,0,0,1,0,0,0,100.0,0.0,0,3,No n'hi ha,-1.0,1,3,1,0,0,0,0,0,0,0,0,0,0,1,1,5,1,Resta sortides de via,1,1,2,4,3,2,0,8.09,0,1,5,27,10
16396,2018,0,2018-05-29,C-13,CAMARASA,Noguera,2,0,1,0,1,0,0,0,0,1,0,0,0,100.0,0.0,0,1,No n'hi ha,3.0,3,3,1,0,0,0,0,0,0,0,0,0,0,0,4,-1,1,Xoc contra objecte/obstacle sense sortida prèvia de via,-1,1,2,4,2,2,1,16.37,1,4,1,29,5
16397,2018,1,2018-07-25,SE,HOSPITALET DE LLOBREGAT,Barcelones,3,0,1,0,2,0,0,0,1,1,0,0,0,20.0,0.0,0,2,No n'hi ha,-1.0,3,3,1,-1,0,0,0,-1,0,0,0,0,-1,0,5,-1,1,Envestida (frontal lateral),-1,2,2,5,-1,2,1,1.09,2,2,2,25,7
16398,2018,0,2018-10-06,T-330,HORTA DE SANT JOAN,Terra Alta,0,1,0,5,2,0,0,0,0,1,1,0,0,100.0,0.0,0,2,No n'hi ha,-1.0,3,3,0,0,0,0,0,0,0,0,0,0,0,0,4,-1,1,Envestida (frontal lateral),-1,1,2,4,2,2,0,8.15,0,2,5,6,10
16399,2018,1,2018-03-05,GI-682,LLORET DE MAR,Selva,1,0,1,0,3,0,0,1,0,1,1,0,0,40.0,0.0,0,2,No n'hi ha,-1.0,3,3,1,0,0,0,1,0,0,0,0,0,0,2,2,3,1,Encalç,1,0,2,4,-1,2,1,12.17,0,2,0,5,3
16400,2018,0,2018-11-24,BP-1432,BIGUES I RIELLS,Valles Oriental,3,0,1,0,1,0,0,0,1,0,0,0,0,50.0,0.0,0,2,No n'hi ha,-1.0,3,3,1,0,0,0,0,0,0,0,0,0,0,0,4,-1,1,Altres,-1,1,2,4,3,2,0,16.56,1,5,5,24,11
16401,2018,0,2018-10-24,C-32,SANT BOI DE LLOBREGAT,Baix Llobregat,3,0,1,0,2,0,0,0,0,2,0,0,0,100.0,0.0,0,2,No n'hi ha,4.0,3,3,1,0,0,0,0,0,0,1,0,0,0,0,4,-1,1,Fregament o col·lisió lateral,-1,1,2,4,2,2,1,11.3,0,2,2,24,10
16402,2018,0,2018-11-09,A-2,ABRERA,Baix Llobregat,3,1,2,1,5,0,0,0,0,5,0,0,0,100.0,0.0,0,3,No n'hi ha,-1.0,2,3,0,0,0,0,1,0,1,0,0,0,0,0,3,-1,1,Altres,-1,1,2,4,1,2,1,5.05,2,5,4,9,11
16403,2018,0,2018-12-15,AP-7,"ALDEA, L'",Baix Ebre,0,1,0,0,2,1,0,0,0,0,1,0,0,100.0,1.0,0,0,No n'hi ha,-1.0,3,3,0,0,0,0,0,0,0,0,0,0,0,0,3,-1,0,Atropellament,-1,1,2,4,1,2,0,2.54,2,3,5,15,12
16404,2018,0,2018-07-11,C-44,VANDELLOS I L'HOSPITALET DE L'INFANT,Baix Camp,0,0,1,4,2,0,0,0,0,2,0,0,0,40.0,0.0,0,1,No n'hi ha,1.0,3,3,1,0,0,0,0,0,0,1,0,0,0,0,4,-1,1,Col·lisió frontal,-1,1,2,4,2,2,1,16.01,1,2,2,11,7
16405,2018,1,2018-10-22,SE,CASTELLDEFELS,Baix Llobregat,3,0,1,0,2,1,0,0,0,1,0,0,0,100.0,0.0,0,-1,No n'hi ha,-1.0,3,3,1,0,0,0,0,0,0,0,0,0,0,0,4,-1,-1,Atropellament,-1,2,2,5,-1,2,1,8.52,0,3,0,22,10
16406,2018,0,2018-06-30,C-59,PALAU DE PLEGAMANS,Valles Occidental,3,0,1,0,2,0,0,0,1,1,0,0,0,100.0,0.0,0,3,No n'hi ha,-1.0,3,3,1,0,0,0,0,0,0,0,0,0,0,0,4,-1,1,Fregament o col·lisió lateral,-1,1,2,4,2,2,0,18.54,1,2,5,30,6
16407,2018,0,2018-05-17,C-58,CASTELLBELL I EL VIL,Bages,3,0,1,1,2,0,0,0,0,2,0,0,0,100.0,0.0,0,2,No n'hi ha,-1.0,3,3,1,0,0,0,0,0,0,0,0,0,0,0,4,-1,1,Col·lisió frontal,-1,1,2,4,2,2,1,19.28,1,2,3,17,5
16408,2018,1,2018-10-02,SE,VILAFRANCA DEL PENEDES,Alt Penedes,3,0,1,0,2,1,0,0,0,1,0,0,0,100.0,0.0,0,3,No n'hi ha,-1.0,3,3,1,0,0,0,0,0,0,0,0,0,0,0,1,-1,1,Atropellament,-1,2,2,5,-1,2,1,18.05,1,3,1,2,10
16409,2018,1,2018-02-09,SE,SABADELL,Valles Occidental,3,0,1,0,2,1,0,0,0,1,0,0,0,100.0,0.0,0,2,No n'hi ha,-1.0,3,3,1,0,0,0,0,0,0,0,0,0,0,1,4,4,1,Atropellament,2,2,2,5,-1,2,1,10.57,0,3,4,9,2
16410,2018,0,2018-07-28,C-32,SANT PERE DE RIBES,Garraf,3,1,0,1,2,0,0,0,0,2,0,0,0,100.0,0.0,0,0,No n'hi ha,-1.0,3,3,0,0,0,0,0,0,0,0,0,0,0,0,4,-1,1,Encalç,-1,1,2,4,2,2,0,11.08,0,2,5,28,7
16411,2018,1,2018-11-01,SE,BARCELONA,Barcelones,3,0,1,1,2,0,0,0,1,1,0,0,0,100.0,0.0,1,-1,No n'hi ha,-1.0,3,3,1,0,0,0,0,0,0,0,0,0,0,0,0,-1,0,Encalç,-1,2,2,5,-1,2,1,19.23,1,2,3,1,11
16412,2018,1,2018-01-31,SE,BARCELONA,Barcelones,3,0,1,0,2,0,0,0,1,0,1,0,0,100.0,0.0,1,-1,Carril bus,-1.0,3,3,1,0,0,0,0,0,0,0,0,0,0,1,4,-1,0,Fregament o col·lisió lateral,2,2,2,5,-1,2,1,9.5,0,2,2,31,1
16413,2018,0,2018-10-15,GI-600,TORDERA,Maresme,3,0,2,3,3,0,0,0,0,3,0,0,0,100.0,0.0,0,2,No n'hi ha,-1.0,1,3,1,0,0,1,1,0,0,0,0,0,1,0,2,-1,1,Encalç,-1,1,2,4,3,2,1,17.47,1,2,0,15,10
16414,2018,0,2018-12-01,C-16,BAGA,Bergueda,3,0,4,0,2,0,0,0,0,2,0,0,0,60.0,0.0,0,2,Carril central,-1.0,3,3,1,0,0,0,0,0,0,0,0,0,0,2,4,4,1,Col·lisió frontal,3,1,2,4,2,2,0,10.26,0,2,5,1,12
16415,2018,1,2018-12-13,SE,BARCELONA,Barcelones,3,0,1,0,2,0,0,0,1,1,0,0,0,100.0,0.0,1,-1,Carril bici,-1.0,3,3,1,0,0,0,0,0,0,0,0,0,0,1,0,-1,1,Col·lisió frontal,1,2,0,5,-1,2,1,20.38,1,2,3,13,12
16416,2018,1,2018-06-12,SE,REUS,Baix Camp,0,0,1,1,2,0,0,1,0,1,0,0,0,100.0,0.0,0,2,No n'hi ha,-1.0,3,3,1,0,0,0,0,0,0,0,0,0,0,0,4,-1,0,Encalç,-1,2,2,5,-1,2,1,20.15,1,2,1,12,6
16417,2018,0,2018-04-10,AP-7,AIGUAVIVA,Girones,1,0,1,0,1,0,0,0,0,0,1,0,0,90.0,0.0,0,-1,Sense Especificar,-1.0,3,3,1,0,0,0,0,0,0,0,0,0,0,0,4,-1,-1,Resta sortides de via,-1,1,2,4,4,2,1,13.13,0,1,1,10,4
16418,2018,1,2018-04-26,TV-3146,SALOU,Tarragones,0,0,1,0,2,0,0,0,1,1,0,0,0,50.0,0.0,0,2,No n'hi ha,-1.0,3,3,1,0,0,0,0,0,0,0,0,0,0,1,4,4,1,Envestida (frontal lateral),2,0,2,4,0,2,1,17.3,1,2,3,26,4
16419,2018,0,2018-11-13,AP-7,"PAPIOL, EL",Baix Llobregat,3,0,1,0,1,0,0,0,1,0,0,0,0,90.0,0.0,0,-1,Sense Especificar,-1.0,3,3,1,0,0,0,0,0,0,0,0,0,0,0,4,-1,-1,Altres,-1,1,2,4,4,2,1,8.34,0,5,1,13,11
16420,2018,1,2018-08-06,SE,BARCELONA,Barcelones,3,0,1,0,2,0,0,0,1,1,0,0,0,100.0,0.0,1,-1,No n'hi ha,-1.0,3,3,1,0,0,0,0,0,0,0,0,0,0,1,4,-1,0,Caiguda en la via,2,2,2,5,-1,2,1,15.4,1,0,0,6,8
16421,2018,0,2018-03-12,N-II,ARENYS DE MAR,Maresme,3,1,0,0,2,1,0,0,0,1,0,0,0,100.0,0.0,0,-1,No n'hi ha,-1.0,3,3,0,0,0,0,0,0,0,0,0,0,0,0,4,-1,-1,Atropellament,-1,1,2,4,-1,2,1,23.15,2,3,0,12,3
16422,2018,1,2018-09-25,SE,HOSPITALET DE LLOBREGAT,Barcelones,3,0,1,1,2,1,0,1,0,0,0,0,0,20.0,0.0,0,-1,No n'hi ha,-1.0,3,3,1,-1,0,0,0,-1,0,0,0,0,0,0,1,-1,1,Atropellament,-1,2,2,5,-1,2,1,7.25,0,3,1,25,9
16423,2018,1,2018-10-11,SE,BARCELONA,Barcelones,3,0,1,0,2,0,0,0,0,1,0,1,0,100.0,0.0,1,-1,No n'hi ha,-1.0,3,3,1,0,0,0,0,0,0,0,0,0,0,1,4,-1,0,Envestida (frontal lateral),2,2,2,5,-1,2,1,7.4,0,2,3,11,10
16424,2018,1,2018-06-14,SE,BARCELONA,Barcelones,3,0,1,0,2,0,0,1,1,0,0,0,0,100.0,0.0,1,-1,Carril bus,-1.0,3,3,1,0,0,0,0,0,0,0,0,0,0,0,4,-1,1,Envestida (frontal lateral),-1,2,2,5,-1,2,1,15.0,1,2,3,14,6
16425,2018,0,2018-07-05,A-7,VILA-SECA,Tarragones,0,1,0,0,1,0,0,0,1,0,0,0,0,100.0,0.0,0,2,No n'hi ha,-1.0,3,3,0,0,0,0,0,0,0,0,0,0,0,0,4,-1,0,Caiguda en la via,-1,1,2,4,1,2,1,14.1,1,0,3,5,7
16426,2018,0,2018-08-14,GI-614,ROSES,Alt Emporda,1,0,1,0,3,0,2,0,0,0,1,0,0,100.0,0.0,0,1,No n'hi ha,-1.0,3,3,1,0,0,0,0,0,0,0,0,0,0,0,4,-1,1,Fregament o col·lisió lateral,-1,1,2,4,3,2,1,17.51,1,2,1,14,8
16427,2018,1,2018-02-11,SE,CASTELLBELL I EL VIL,Bages,3,0,1,0,1,0,1,0,0,0,0,0,0,20.0,0.0,0,-1,Sense Especificar,-1.0,3,3,1,0,0,0,0,0,0,0,0,0,0,0,4,-1,-1,Altres,-1,2,2,5,-1,2,0,9.34,0,5,6,11,2
16428,2018,0,2018-05-18,C-251,"ROCA DEL VALLES, LA",Valles Oriental,3,0,1,0,1,0,1,0,0,0,0,0,0,60.0,1.0,0,0,No n'hi ha,-1.0,3,3,1,0,0,0,0,0,0,0,0,0,0,0,4,-1,1,Encalç,-1,1,2,4,2,2,1,12.23,0,2,4,18,5
16429,2018,1,2018-08-22,SE,BARCELONA,Barcelones,3,0,1,0,2,0,0,1,0,1,0,0,0,100.0,0.0,1,-1,Carril bus,-1.0,3,3,1,0,0,0,0,0,0,0,0,0,0,1,4,-1,1,Fregament o col·lisió lateral,2,2,2,5,-1,2,1,19.45,1,2,2,22,8
16430,2018,0,2018-03-20,TP-2031,RENAU,Tarragones,0,0,1,0,2,0,0,0,0,1,1,0,0,40.0,0.0,0,3,No n'hi ha,0.0,3,3,1,0,0,0,0,0,0,0,0,0,0,1,4,5,1,Envestida (frontal lateral),2,1,2,4,3,1,1,17.48,1,2,1,20,3
16431,2018,1,2018-03-03,BP-1503,TERRASSA,Valles Occidental,3,0,1,0,2,0,0,0,1,1,0,0,0,100.0,0.0,0,2,No n'hi ha,-1.0,3,3,1,0,0,0,0,0,0,1,0,0,1,1,4,4,1,Envestida (frontal lateral),2,0,2,4,3,2,0,12.55,0,2,5,3,3
16432,2018,1,2018-04-09,SE,CALONGE,Baix Emporda,1,1,0,0,2,0,0,1,0,0,1,0,0,40.0,0.0,0,2,No n'hi ha,-1.0,3,3,0,0,0,0,0,0,0,0,0,0,1,0,4,-1,1,Envestida (frontal lateral),-1,2,2,5,4,2,1,8.5,0,2,0,9,4
16433,2018,0,2018-01-15,C-59,CASTELLTERCOL,Moianès,3,0,2,1,2,0,0,0,0,2,0,0,0,100.0,0.0,0,0,No n'hi ha,-1.0,3,3,1,0,0,0,0,0,0,0,0,0,0,0,4,-1,1,Col·lisió frontal,-1,1,2,4,2,2,1,16.5,1,2,0,15,1
16434,2018,0,2018-07-27,A-2,SANT JOAN DESPI,Baix Llobregat,3,0,1,0,1,0,0,0,0,1,0,0,0,100.0,0.0,0,1,No n'hi ha,-1.0,3,3,1,0,0,0,0,0,0,0,0,0,0,0,4,-1,0,Xoc contra objecte/obstacle sense sortida prèvia de via,-1,1,2,4,1,2,1,10.09,0,4,4,27,7
16435,2018,0,2018-05-23,BV-2041,GAVA,Baix Llobregat,3,0,1,0,2,0,1,0,0,1,0,0,0,90.0,0.0,0,-1,Sense Especificar,-1.0,3,3,1,0,0,0,0,0,0,0,0,0,0,0,4,-1,-1,Altres,-1,1,2,4,4,2,1,18.29,1,5,2,23,5
16436,2018,0,2018-10-16,C-63,VIDRERES,Selva,1,0,2,1,3,1,0,0,0,1,1,0,0,40.0,0.0,0,1,No n'hi ha,0.0,3,3,1,0,0,0,0,0,0,0,0,0,0,0,4,-1,1,Atropellament,-1,1,2,4,2,2,1,12.52,0,3,1,16,10
16437,2018,1,2018-05-11,SE,BARCELONA,Barcelones,3,0,1,1,3,0,0,0,1,2,0,0,0,100.0,0.0,1,-1,No n'hi ha,-1.0,3,3,1,0,0,0,0,0,0,0,0,0,0,1,4,-1,1,Envestida (frontal lateral),2,2,2,5,-1,2,0,20.4,1,2,4,11,5
16438,2018,0,2018-09-21,C-12,AGER,Noguera,2,1,1,0,2,0,0,0,0,1,1,0,0,100.0,0.0,0,2,No n'hi ha,-1.0,3,3,0,0,0,0,0,0,0,0,0,0,0,0,4,-1,1,Col·lisió frontal,-1,1,2,4,2,2,1,14.44,1,2,4,21,9
16439,2018,1,2018-09-30,SE,BARCELONA,Barcelones,3,1,0,7,12,0,0,0,2,8,2,0,0,100.0,0.0,1,-1,No n'hi ha,-1.0,3,3,0,0,0,0,0,0,0,0,0,0,0,0,0,-1,0,Xoc contra objecte/obstacle sense sortida prèvia de via,-1,2,2,5,-1,2,0,20.18,1,4,6,30,9
16440,2018,0,2018-08-01,TV-2035,VALLMOLL,Alt Camp,0,0,1,0,2,0,0,0,1,1,0,0,0,100.0,0.0,0,1,No n'hi ha,-1.0,3,3,1,0,1,0,0,0,0,0,0,0,0,1,4,5,1,Envestida (frontal lateral),1,1,2,4,3,2,1,7.37,0,2,2,1,8
16441,2018,0,2018-10-30,B-30,SANT CUGAT DEL VALLES,Valles Occidental,3,0,1,0,3,0,0,0,1,1,0,1,0,90.0,0.0,0,-1,Sense Especificar,-1.0,3,3,1,0,0,0,0,0,0,0,0,0,0,1,4,5,-1,Fregament o col·lisió lateral,2,1,2,4,4,2,1,8.56,0,2,1,30,10
16442,2018,1,2018-01-18,SE,SALOU,Tarragones,0,0,2,2,3,0,0,0,0,3,0,0,0,100.0,0.0,0,2,No n'hi ha,-1.0,3,3,1,0,0,0,0,0,0,0,0,0,0,0,4,-1,1,Encalç,-1,2,2,5,0,2,1,9.01,0,2,3,18,1
16443,2018,1,2018-02-09,SE,SABADELL,Valles Occidental,3,0,1,0,3,0,0,0,1,2,0,0,0,100.0,0.0,0,-1,No n'hi ha,-1.0,3,3,1,0,0,0,0,0,0,0,0,0,0,0,4,-1,-1,Altres,-1,2,2,5,-1,2,0,20.05,1,5,4,9,2
16444,2018,0,2018-09-15,BV-1310,CASTELLCIR,Moianès,3,0,1,0,2,0,0,0,1,1,0,0,0,40.0,0.0,0,1,No n'hi ha,-1.0,3,3,1,0,1,0,0,0,0,0,0,0,0,1,4,4,1,Envestida (frontal lateral),1,1,2,4,0,2,0,13.28,0,2,5,15,9
16445,2018,0,2018-02-17,C-25,CASTELLFOLLIT DE RIU,Anoia,3,0,1,0,1,0,0,0,0,0,1,0,0,100.0,0.0,1,2,No n'hi ha,-1.0,3,3,1,1,0,0,0,0,1,0,0,0,0,1,3,4,0,Resta sortides de via,3,1,2,4,2,2,0,6.5,0,1,5,17,2
16446,2018,1,2018-07-21,SE,BARCELONA,Barcelones,3,0,1,0,2,0,0,0,1,1,0,0,0,100.0,0.0,1,-1,No n'hi ha,-1.0,3,3,1,0,0,0,0,0,0,0,0,0,0,0,0,-1,1,Envestida (frontal lateral),-1,2,2,5,-1,2,0,3.2,2,2,5,21,7
16447,2018,1,2018-09-03,SE,SANT SADURNI D'ANOIA,Alt Penedes,3,0,1,0,2,0,0,0,1,1,0,0,0,100.0,0.0,0,2,No n'hi ha,-1.0,3,3,1,0,0,0,0,0,0,0,0,0,0,0,4,-1,0,Envestida (frontal lateral),-1,2,2,5,-1,2,1,15.35,1,2,0,3,9
16448,2018,1,2018-05-21,SE,TERRASSA,Valles Occidental,3,0,1,0,2,0,0,0,1,1,0,0,0,100.0,0.0,0,0,Carril bici,-1.0,3,3,1,0,1,0,0,0,0,0,0,0,0,1,4,4,1,Envestida (frontal lateral),1,2,2,5,-1,2,1,11.4,0,2,0,21,5
16449,2018,1,2018-12-05,SE,VILAFRANCA DEL PENEDES,Alt Penedes,3,0,1,0,2,1,0,0,0,1,0,0,0,20.0,,0,2,No n'hi ha,-1.0,3,3,1,0,0,0,0,0,0,0,0,0,0,1,5,2,1,Atropellament,1,2,2,5,-1,2,1,18.32,1,3,2,5,12