,Year,Area,Date,Road,Municipality Name,County Name,Province Name,Fatalties,Serious Injuries,Light Injuries,Units Involved,Pedestrains Involved,Bicycles Involved,Mopeds Involved,Motorcycles,Light Vehicles Involved,Heavy Vehicles Involved,Other Units Involved,Unspecified Units Involved,Road Speed Limit,Accident with Hit and Run,Fog Presence,Surrounding Environment,Special Lane Presence,Special Traffic Measures,Weather Conditions,Special Road Functions,Severity of Accident,Influence of Fog,Influence of Environment,Influence of Traffic,Influence of Weather,Influence of Wind Intensity,Influence of Lighting,Influence of Special Measures,Influence of Road Objects,Influence of Road Surface,Influence of Visibility,Intersection Characteristics,Lighting Conditions,Traffic Regulation and Priority,Direction of Road,Subtype of Accident,Subtype of Road Section,Subzone within Area,Road Surface Conditions,Type of Road,Road Ownership,Wind Conditions,Day of the Week Grouping,Hour of Day,Time of Day Grouping,Type of Accident,Day Type,Day,Month
16450,2018,0,2018-03-19,T-11,TARRAGONA,Tarragones,0,0,1,2,5,0,0,0,0,5,0,0,0,90.0,0.0,0,-1,Sense Especificar,-1.0,3,3,1,0,0,0,0,0,0,0,0,0,0,0,4,-1,-1,Encalç,-1,1,2,4,4,2,1,19.53,1,2,0,19,3
16451,2018,1,2018-02-18,BP-1503,TERRASSA,Valles Occidental,3,0,1,0,2,0,1,0,0,1,0,0,0,100.0,0.0,0,2,No n'hi ha,-1.0,3,3,1,0,0,0,0,0,0,0,0,0,0,0,3,-1,1,Encalç,-1,0,2,4,0,2,0,19.45,1,2,6,18,2
16452,2018,0,2018-12-05,L-311,TARROJA DE SEGARRA,Segarra,2,0,2,1,4,0,0,0,0,4,0,0,0,70.0,0.0,0,2,No n'hi ha,-1.0,3,3,1,0,0,0,0,0,0,0,0,0,0,0,4,-1,1,Col·lisió frontal,-1,1,2,4,2,2,1,13.53,0,2,2,5,12
16453,2018,1,2018-06-20,SE,BADALONA,Barcelones,3,1,0,0,2,1,0,0,0,1,0,0,0,20.0,0.0,0,2,No n'hi ha,-1.0,3,3,0,-1,0,0,0,-1,0,0,0,0,0,0,4,-1,1,Atropellament,-1,2,2,5,-1,2,1,10.1,0,3,2,20,6
16454,2018,0,2018-10-27,C-31,VENTALLO,Alt Emporda,1,1,0,2,2,0,0,0,0,2,0,0,0,100.0,0.0,0,1,No n'hi ha,-1.0,2,3,0,0,0,0,0,0,0,0,0,0,0,0,2,-1,1,Envestida (frontal lateral),-1,1,2,4,2,2,0,10.24,0,2,5,27,10
16455,2018,1,2018-02-07,SE,CORNELLA DE LLOBREGAT,Baix Llobregat,3,0,1,0,2,0,0,0,1,1,0,0,0,20.0,0.0,0,-1,No n'hi ha,-1.0,3,3,1,-1,-1,0,0,-1,0,0,0,0,1,1,4,5,-1,Envestida (frontal lateral),1,2,2,5,-1,2,1,14.0,1,2,2,7,2
16456,2018,0,2018-03-18,C-58,TERRASSA,Valles Occidental,3,0,1,0,2,1,0,0,0,1,0,0,0,100.0,0.0,0,2,No n'hi ha,-1.0,3,3,1,0,0,0,0,0,0,0,0,0,0,1,5,4,0,Atropellament,1,1,2,4,2,2,0,5.2,2,3,6,18,3
16457,2018,1,2018-11-26,SE,HOSPITALET DE LLOBREGAT,Barcelones,3,0,1,0,1,0,0,0,1,0,0,0,0,20.0,0.0,0,-1,No n'hi ha,-1.0,3,3,1,-1,-1,0,0,-1,0,0,0,0,-1,1,5,5,-1,Caiguda en la via,0,2,2,5,-1,2,1,20.29,1,0,0,26,11
16458,2018,0,2018-04-20,C-37,QUEROL,Alt Camp,0,0,1,0,1,0,0,0,1,0,0,0,0,90.0,0.0,0,-1,Sense Especificar,-1.0,3,3,1,0,0,0,0,0,0,0,0,0,0,0,4,-1,-1,Altres,-1,1,2,4,4,2,0,15.18,1,5,4,20,4
16459,2018,1,2018-03-10,SE,VILANOVA I LA GELTRU,Garraf,3,0,1,0,2,1,0,0,0,1,0,0,0,100.0,0.0,0,2,No n'hi ha,-1.0,3,3,1,0,0,0,0,0,0,0,0,0,0,2,4,2,1,Atropellament,0,2,2,5,-1,2,0,12.0,0,3,5,10,3
16460,2018,0,2018-02-04,N-340,"VENDRELL, EL",Baix Penedes,0,3,0,3,3,0,0,0,0,2,1,0,0,70.0,0.0,0,2,No n'hi ha,-1.0,2,3,0,0,0,0,0,0,0,0,0,0,0,1,2,2,1,Resta sortides de via,3,1,2,4,1,2,0,15.52,1,1,6,4,2
16461,2018,0,2018-10-17,CR,"MORELL, EL",Tarragones,0,0,1,0,1,0,0,0,0,0,1,0,0,30.0,0.0,0,2,No n'hi ha,-1.0,3,3,1,0,0,0,0,0,0,0,0,0,0,0,4,-1,1,Resta sortides de via,-1,1,2,3,0,2,1,15.0,1,1,2,17,10
16462,2018,0,2018-11-16,B-10,BARCELONA,Barcelones,3,0,1,1,3,0,0,0,1,1,0,1,0,80.0,0.0,1,-1,No n'hi ha,-1.0,3,3,1,0,0,0,0,0,0,0,0,0,0,0,0,-1,1,Encalç,-1,1,2,1,-1,2,1,8.55,0,2,4,16,11
16463,2018,0,2018-05-30,C-31,"VENDRELL, EL",Baix Penedes,0,1,0,1,2,0,0,0,1,1,0,0,0,80.0,0.0,0,1,No n'hi ha,-1.0,3,3,0,0,0,0,0,0,0,0,0,0,0,0,2,-1,1,Envestida (frontal lateral),-1,1,2,4,2,2,1,6.39,0,2,2,30,5
16464,2018,0,2018-07-07,C-31,CUBELLES,Garraf,3,0,1,0,3,0,0,0,1,2,0,0,0,90.0,0.0,0,2,No n'hi ha,-1.0,3,3,1,0,0,0,0,0,0,0,0,0,0,0,4,-1,1,Fregament o col·lisió lateral,-1,1,2,4,2,2,0,14.2,1,2,5,7,7
16465,2018,0,2018-01-28,A-26,MONTAGUT,Garrotxa,1,0,1,0,2,0,0,1,0,1,0,0,0,90.0,0.0,0,-1,Sense Especificar,-1.0,3,3,1,0,0,0,0,0,0,0,0,0,0,0,4,-1,-1,Fregament o col·lisió lateral,-1,1,2,4,4,2,0,6.31,0,2,6,28,1
16466,2018,1,2018-04-26,SE,SANT VICENC DE CASTELLERS,Bages,3,0,1,0,2,0,0,0,1,1,0,0,0,100.0,0.0,0,2,No n'hi ha,-1.0,3,3,1,0,0,0,0,0,0,0,0,0,0,2,4,5,0,Envestida (frontal lateral),-1,2,2,5,-1,2,1,11.0,0,2,3,26,4
16467,2018,1,2018-12-19,BV-2002,CORNELLA DE LLOBREGAT,Baix Llobregat,3,0,2,2,2,0,0,0,0,2,0,0,0,90.0,0.0,0,-1,No n'hi ha,-1.0,3,3,1,0,-1,0,0,0,0,0,0,0,0,1,5,4,-1,Envestida (frontal lateral),1,0,2,4,-1,2,1,19.15,1,2,2,19,12
16468,2018,0,2018-04-19,N-340,MONT-ROIG DEL CAMP,Baix Camp,0,0,1,0,2,0,1,0,0,1,0,0,0,50.0,0.0,0,2,No n'hi ha,-1.0,3,3,1,0,0,0,0,0,0,0,0,0,0,1,4,4,1,Envestida (frontal lateral),0,1,2,4,1,2,1,12.35,0,2,3,19,4
16469,2018,1,2018-05-29,SE,SANT QUIRZE DEL VALLES,Valles Occidental,3,0,1,0,2,0,0,1,0,1,0,0,0,20.0,0.0,0,-1,Carril central,-1.0,3,3,1,-1,0,0,0,-1,0,0,0,0,-1,0,4,-1,0,Xoc contra objecte/obstacle sense sortida prèvia de via,-1,2,2,5,-1,2,1,19.3,1,4,1,29,5
16470,2018,0,2018-03-04,B-224,SANT ESTEVE SESROVIRES,Baix Llobregat,3,1,0,0,2,0,0,0,1,1,0,0,0,100.0,0.0,0,2,No n'hi ha,-1.0,3,3,0,0,0,0,0,0,0,0,0,0,0,1,4,4,1,Fregament o col·lisió lateral,0,1,2,4,2,2,0,12.18,0,2,6,4,3
16471,2018,0,2018-09-17,AP-7,VALLGORGUINA,Valles Oriental,3,2,1,1,2,0,0,0,0,1,1,0,0,100.0,0.0,0,-1,No n'hi ha,-1.0,3,3,0,0,0,0,0,0,0,0,0,0,0,0,4,-1,-1,Encalç,-1,1,2,4,-1,2,1,19.54,1,2,0,17,9
16472,2018,0,2018-12-30,N-II,BASCARA,Alt Emporda,1,0,3,0,4,0,0,0,3,1,0,0,0,60.0,0.0,0,2,No n'hi ha,0.0,3,3,1,0,0,0,0,0,0,0,0,0,0,0,4,-1,1,Envestida (frontal lateral),-1,1,2,4,1,2,0,8.56,0,2,6,30,12
16473,2018,1,2018-12-23,SE,MATARO,Maresme,3,0,1,0,2,0,0,1,0,1,0,0,0,20.0,0.0,0,-1,No n'hi ha,-1.0,3,3,1,-1,0,0,0,-1,0,0,0,0,-1,1,5,4,1,Envestida (frontal lateral),1,2,2,5,-1,2,0,22.05,2,2,6,23,12
16474,2018,0,2018-07-29,BV-4241,CAPOLAT,Bergueda,3,0,1,0,1,0,0,0,0,1,0,0,0,100.0,0.0,0,3,No n'hi ha,-1.0,3,3,1,0,0,0,0,0,0,0,0,0,0,0,3,-1,1,Resta sortides de via,-1,1,2,4,4,2,0,21.11,1,1,6,29,7
16475,2018,0,2018-01-18,N-420,MORA D'EBRE,Ribera d'Ebre,0,0,1,1,2,0,0,0,0,2,0,0,0,100.0,0.0,0,2,Carril central,-1.0,3,3,1,0,0,0,0,0,0,0,0,0,0,1,4,4,1,Envestida (frontal lateral),1,1,2,4,1,2,1,12.2,0,2,3,18,1
16476,2018,1,2018-09-25,SE,CASTELL-PLATJA D'ARO,Baix Emporda,1,0,1,1,2,0,0,0,1,1,0,0,0,100.0,0.0,0,2,No n'hi ha,-1.0,3,3,1,0,0,0,0,0,0,0,0,0,0,1,5,2,1,Envestida (frontal lateral),1,2,2,5,-1,2,1,20.5,1,2,1,25,9
16477,2018,0,2018-03-17,CR,FONTANALS DE CERDANYA,Cerdanya,1,0,2,3,1,0,0,0,0,1,0,0,0,100.0,0.0,0,0,No n'hi ha,-1.0,3,3,1,0,0,0,0,0,0,0,0,0,0,0,3,-1,1,Resta sortides de via,-1,1,2,4,0,2,0,3.27,2,1,5,17,3
16478,2018,1,2018-04-30,SE,HOSPITALET DE LLOBREGAT,Barcelones,3,0,2,1,2,0,0,1,0,1,0,0,0,20.0,0.0,0,2,No n'hi ha,-1.0,3,3,1,-1,0,0,0,-1,0,0,0,0,-1,1,5,3,1,Envestida (frontal lateral),2,2,2,5,-1,2,1,2.55,2,2,0,30,4
16479,2018,1,2018-10-26,SE,BADALONA,Barcelones,3,0,1,0,2,0,0,0,1,1,0,0,0,20.0,0.0,0,-1,No n'hi ha,-1.0,3,3,1,0,0,0,0,0,0,0,0,0,0,0,4,-1,-1,Fregament o col·lisió lateral,-1,2,2,5,-1,2,0,17.46,1,2,4,26,10
16480,2018,1,2018-05-23,SE,MATARO,Maresme,3,0,1,0,2,1,0,0,0,1,0,0,0,20.0,0.0,0,-1,No n'hi ha,-1.0,3,3,1,0,-1,0,0,0,0,0,0,0,0,1,4,4,-1,Atropellament,2,2,2,5,-1,2,1,9.47,0,3,2,23,5
16481,2018,0,2018-09-07,C-1412b,"BARONIA DE RIALB, LA",Noguera,2,0,1,0,1,0,0,0,1,0,0,0,0,90.0,0.0,0,-1,Sense Especificar,-1.0,3,3,1,0,0,0,0,0,0,0,0,0,0,0,4,-1,-1,Resta sortides de via,-1,1,2,4,4,2,1,11.38,0,1,4,7,9
16482,2018,1,2018-02-09,SE,SANT CELONI,Valles Oriental,3,1,0,0,2,1,1,0,0,0,0,0,0,20.0,,0,2,Carril bici,-1.0,3,3,0,-1,0,0,0,-1,0,0,0,0,-1,0,4,-1,1,Atropellament,-1,2,2,5,0,2,1,10.3,0,3,4,9,2
16483,2018,0,2018-10-25,C-32,SANT PERE DE RIBES,Garraf,3,0,1,0,3,0,0,0,0,1,1,1,0,100.0,0.0,0,2,No n'hi ha,1.0,3,3,1,0,0,0,0,0,0,0,0,0,0,0,4,-1,1,Altres,-1,1,2,4,2,2,1,11.06,0,5,3,25,10
16484,2018,0,2018-09-15,N-340,MONT-ROIG DEL CAMP,Baix Camp,0,0,2,2,2,0,0,0,0,2,0,0,0,100.0,0.0,0,3,No n'hi ha,-1.0,2,3,1,0,0,0,1,0,0,0,0,0,0,0,2,-1,1,Col·lisió frontal,-1,1,2,4,1,2,0,15.51,1,2,5,15,9
16485,2018,0,2018-09-21,GI-682,LLORET DE MAR,Selva,1,0,2,0,3,0,0,0,1,2,0,0,0,90.0,0.0,0,-1,Sense Especificar,-1.0,3,3,1,0,0,0,0,0,0,0,0,0,0,0,4,-1,-1,Fregament o col·lisió lateral,-1,1,2,4,4,2,0,19.04,1,2,4,21,9
16486,2018,0,2018-06-23,L-201,SANT MARTI DE RIUCORB,Urgell,2,0,1,0,2,0,0,0,0,2,0,0,0,100.0,0.0,0,2,No n'hi ha,-1.0,3,3,1,0,0,0,0,0,0,0,0,0,0,0,4,-1,1,Altres,-1,1,2,4,3,2,0,18.55,1,5,5,23,6
16487,2018,1,2018-05-19,SE,REUS,Baix Camp,0,0,1,0,2,1,0,0,0,1,0,0,0,100.0,0.0,0,2,No n'hi ha,-1.0,3,3,1,0,0,0,0,0,0,0,0,0,0,0,4,-1,0,Atropellament,-1,2,2,5,-1,2,0,19.4,1,3,5,19,5
16488,2018,1,2018-05-31,SE,"VENDRELL, EL",Baix Penedes,0,0,1,1,1,0,0,0,0,1,0,0,0,40.0,0.0,0,-1,No n'hi ha,-1.0,3,3,1,-1,0,0,0,-1,0,0,0,0,-1,1,5,4,1,Xoc contra objecte/obstacle sense sortida prèvia de via,0,2,2,5,-1,2,1,22.4,2,4,3,31,5
16489,2018,0,2018-07-07,C-15,"POBLA DE CLARAMUNT,LA",Anoia,3,0,1,0,2,0,0,0,0,1,1,0,0,100.0,0.0,0,3,No n'hi ha,-1.0,3,3,1,0,0,0,0,0,0,0,0,0,0,0,4,-1,1,Col·lisió frontal,-1,1,2,4,2,2,0,6.27,0,2,5,7,7
16490,2018,1,2018-07-24,SE,CERDANYOLA DEL VALLES,Valles Occidental,3,0,1,1,2,0,0,0,2,0,0,0,0,100.0,0.0,0,2,No n'hi ha,-1.0,3,3,1,0,0,0,0,0,0,0,0,0,1,2,5,5,1,Fregament o col·lisió lateral,1,2,2,5,1,2,1,21.0,1,2,1,24,7
16491,2018,1,2018-12-30,GI-660,CALONGE,Baix Emporda,1,0,1,1,1,0,0,0,0,1,0,0,0,90.0,0.0,0,-1,Sense Especificar,-1.0,3,1,1,0,0,0,0,0,0,0,0,0,0,0,4,-1,-1,Resta sortides de via,-1,0,2,4,4,2,0,22.14,2,1,6,30,12
16492,2018,0,2018-12-31,C-13,SORT,Pallars Sobira,2,0,1,2,2,0,0,0,0,2,0,0,0,100.0,0.0,0,2,No n'hi ha,-1.0,3,3,1,0,0,0,0,0,0,0,0,0,0,0,3,-1,1,Col·lisió frontal,-1,1,2,4,2,2,1,18.5,1,2,0,31,12
16493,2018,1,2018-04-25,SE,IGUALADA,Anoia,3,0,1,0,2,0,0,0,1,0,0,1,0,50.0,0.0,1,2,No n'hi ha,-1.0,3,3,1,-1,0,0,0,-1,0,0,0,0,-1,0,4,-1,1,Fregament o col·lisió lateral,-1,2,2,5,-1,2,1,9.35,0,2,2,25,4
16494,2018,1,2018-11-21,SE,TARRAGONA,Tarragones,0,0,1,1,3,2,0,0,0,1,0,0,0,20.0,,0,2,No n'hi ha,-1.0,3,3,1,-1,0,0,0,-1,0,0,0,0,-1,0,4,-1,0,Atropellament,-1,2,2,5,-1,2,1,16.3,1,3,2,21,11
16495,2018,1,2018-03-23,SE,MANRESA,Bages,3,0,1,0,2,1,0,0,0,1,0,0,0,40.0,0.0,0,2,No n'hi ha,-1.0,3,3,1,0,0,0,0,0,0,0,0,0,0,2,4,-1,0,Atropellament,1,2,2,5,-1,2,1,8.0,0,3,4,23,3
16496,2018,0,2018-04-01,CR,BELLVEI,Baix Penedes,0,0,1,2,1,0,0,0,0,1,0,0,0,40.0,0.0,0,3,No n'hi ha,-1.0,3,3,1,0,0,0,0,0,0,0,0,0,0,1,5,4,1,Resta sortides de via,1,1,2,3,0,2,0,2.07,2,1,6,1,4
16497,2018,0,2018-04-23,B-10,BARCELONA,Barcelones,3,1,1,0,2,0,0,0,0,2,0,0,0,100.0,0.0,1,-1,No n'hi ha,-1.0,3,3,0,0,0,0,0,0,0,0,0,0,0,0,0,-1,1,Encalç,-1,1,2,1,-1,2,1,3.15,2,2,0,23,4
16498,2018,1,2018-09-29,SE,VALLS,Alt Camp,0,0,1,0,2,1,0,0,0,1,0,0,0,100.0,0.0,0,-1,No n'hi ha,-1.0,3,3,1,0,1,0,0,0,1,0,0,0,0,0,4,-1,-1,Atropellament,-1,2,2,5,-1,2,0,8.15,0,3,5,29,9
16499,2018,0,2018-09-21,BV-1462,BARCELONA,Barcelones,3,0,1,0,2,0,0,0,1,1,0,0,0,100.0,0.0,1,-1,No n'hi ha,-1.0,3,3,1,0,0,0,0,0,0,0,0,0,0,0,4,-1,1,Col·lisió frontal,-1,1,2,4,-1,2,0,18.43,1,2,4,21,9
16500,2018,1,2018-05-15,SE,BARCELONA,Barcelones,3,0,1,0,3,0,0,0,2,1,0,0,0,100.0,0.0,1,-1,No n'hi ha,-1.0,3,3,1,0,0,0,0,0,0,0,0,0,0,1,4,-1,0,Envestida (frontal lateral),2,2,2,5,-1,2,1,16.35,1,2,1,15,5
16501,2018,1,2018-04-08,SE,SANT CARLES DE LA RAPITA,Montsia,0,1,0,1,1,0,0,0,0,1,0,0,0,40.0,0.0,0,1,No n'hi ha,-1.0,1,3,0,0,0,0,0,0,0,0,0,0,0,0,1,-1,1,Resta sortides de via,-1,2,2,5,0,2,0,6.45,0,1,6,8,4
16502,2018,1,2018-09-09,SE,BARCELONA,Barcelones,3,0,1,0,2,0,0,0,1,1,0,0,0,100.0,0.0,1,-1,No n'hi ha,-1.0,3,3,1,0,0,0,0,0,0,0,0,0,0,0,0,-1,1,Envestida (frontal lateral),-1,2,2,5,-1,2,0,21.05,1,2,6,9,9
16503,2018,1,2018-11-13,SE,SALLENT,Bages,3,0,1,0,2,1,0,0,0,1,0,0,0,20.0,0.0,0,2,Carril central,-1.0,3,3,1,-1,0,0,0,-1,0,0,0,0,-1,0,4,-1,0,Atropellament,-1,2,2,5,-1,2,1,11.4,0,3,1,13,11
16504,2018,1,2018-02-10,SE,SANT BOI DE LLOBREGAT,Baix Llobregat,3,0,1,0,2,0,0,1,0,1,0,0,0,20.0,,0,-1,No n'hi ha,-1.0,3,3,1,0,0,0,0,0,0,0,0,0,0,1,5,4,-1,Envestida (frontal lateral),0,2,2,5,-1,2,0,23.47,2,2,5,10,2
16505,2018,1,2018-10-29,AL,GIRONA,Girones,1,1,0,0,1,0,0,1,0,0,0,0,0,100.0,0.0,0,2,No n'hi ha,-1.0,3,3,0,0,0,0,0,0,0,0,0,0,0,0,1,-1,1,Xoc contra objecte/obstacle sense sortida prèvia de via,-1,0,2,4,0,2,1,7.07,0,4,0,29,10
16506,2018,1,2018-04-03,SE,BARCELONA,Barcelones,3,0,1,0,2,0,0,0,0,1,1,0,0,30.0,0.0,1,-1,No n'hi ha,-1.0,3,3,1,0,0,0,0,0,0,0,0,0,0,1,4,-1,0,Envestida (frontal lateral),2,2,2,5,-1,2,1,13.21,0,2,1,3,4
16507,2018,0,2018-04-12,N-240,FIGUEROLA DEL CAMP,Alt Camp,0,0,1,1,2,0,0,0,0,1,1,0,0,100.0,0.0,0,1,Carril lent,-1.0,3,3,1,0,0,0,0,0,0,0,0,0,0,0,2,-1,1,Fregament o col·lisió lateral,-1,1,2,4,1,2,1,17.04,1,2,3,12,4
16508,2018,1,2018-05-20,SE,SANTA COLOMA DE GRAMANET,Barcelones,3,0,1,0,2,0,0,0,1,1,0,0,0,20.0,0.0,0,-1,No n'hi ha,-1.0,3,3,1,-1,0,0,0,-1,0,0,0,0,-1,1,4,4,0,Caiguda en la via,2,2,2,5,-1,2,0,18.16,1,0,6,20,5
16509,2018,1,2018-12-16,SE,BARCELONA,Barcelones,3,1,0,0,1,0,0,0,1,0,0,0,0,80.0,0.0,1,-1,No n'hi ha,-1.0,3,3,0,0,0,0,0,0,0,0,0,0,0,0,0,-1,1,Xoc contra objecte/obstacle sense sortida prèvia de via,-1,2,2,5,-1,2,0,22.4,2,4,6,16,12
16510,2018,1,2018-03-04,SE,VILADECANS,Baix Llobregat,3,0,1,1,2,0,2,0,0,0,0,0,0,40.0,0.0,0,2,Carril central,,3,3,1,0,0,0,0,0,0,0,0,0,0,2,4,-1,1,Caiguda en la via,0,2,2,5,-1,2,0,9.45,0,0,6,4,3
16511,2018,1,2018-10-24,SE,ALOS DE BALAGUER,Noguera,2,0,1,0,1,0,0,1,0,0,0,0,0,20.0,0.0,0,-1,Sense Especificar,-1.0,3,3,1,0,0,0,0,0,0,0,0,0,0,0,4,-1,-1,Altres,-1,2,2,5,-1,2,1,13.48,0,5,2,24,10
16512,2018,1,2018-07-21,SE,SANTA COLOMA DE FARNERS,Selva,1,0,1,0,2,1,0,0,0,1,0,0,0,100.0,0.0,0,2,No n'hi ha,-1.0,3,3,1,0,0,0,0,0,0,0,0,0,0,2,4,-1,0,Atropellament,2,2,2,5,-1,2,0,16.5,1,3,5,21,7
16513,2018,0,2018-07-10,C-12,TORRELAMEU,Noguera,2,0,1,0,1,0,0,0,0,1,0,0,0,90.0,0.0,0,-1,Sense Especificar,-1.0,3,3,1,0,0,0,0,0,0,0,0,0,0,0,4,-1,-1,Resta sortides de via,-1,1,2,4,4,2,1,17.13,1,1,1,10,7
16514,2018,1,2018-07-25,SE,TERRASSA,Valles Occidental,3,0,1,0,2,0,0,0,1,1,0,0,0,100.0,0.0,0,-1,No n'hi ha,-1.0,3,3,1,0,0,0,0,0,0,0,0,0,0,0,4,-1,-1,Envestida (frontal lateral),-1,2,2,5,-1,2,1,14.0,1,2,2,25,7
16515,2018,1,2018-02-21,SE,BARCELONA,Barcelones,3,0,1,0,2,1,0,0,1,0,0,0,0,100.0,0.0,1,-1,No n'hi ha,-1.0,3,3,1,0,0,0,0,0,0,0,0,0,0,1,0,-1,0,Atropellament,2,2,2,5,-1,2,1,21.54,1,3,2,21,2
16516,2018,0,2018-09-10,N-II,SANT POL DE MAR,Maresme,3,0,1,0,1,0,1,0,0,0,0,0,0,90.0,0.0,0,-1,Sense Especificar,-1.0,3,3,1,0,0,0,0,0,0,0,0,0,0,0,4,-1,-1,Altres,-1,1,2,4,4,2,1,8.44,0,5,0,10,9
16517,2018,1,2018-08-29,SE,BARCELONA,Barcelones,3,1,0,0,2,0,0,0,1,1,0,0,0,100.0,0.0,1,-1,No n'hi ha,-1.0,3,3,0,0,0,0,0,0,0,0,0,0,0,1,0,-1,1,Envestida (frontal lateral),2,2,2,5,-1,2,1,3.3,2,2,2,29,8
16518,2018,1,2018-09-04,SE,GIRONA,Girones,1,0,1,0,1,0,0,0,1,0,0,0,0,100.0,0.0,0,2,No n'hi ha,-1.0,3,3,1,0,0,0,0,0,0,0,0,0,0,2,1,-1,0,Caiguda en la via,0,2,2,5,0,2,1,7.01,0,0,1,4,9
16519,2018,0,2018-09-29,B-300,PINOS,Solsones,2,0,1,0,1,0,0,0,1,0,0,0,0,100.0,0.0,0,1,No n'hi ha,-1.0,3,3,1,0,0,0,0,0,0,0,0,0,0,0,4,-1,1,Caiguda en la via,-1,1,2,4,3,2,0,11.51,0,0,5,29,9
16520,2018,1,2018-04-17,SE,BARCELONA,Barcelones,3,0,1,0,2,0,1,0,1,0,0,0,0,100.0,0.0,1,-1,Carril bus,-1.0,3,3,1,0,0,0,0,0,0,0,0,0,0,0,0,-1,1,Encalç,-1,2,2,5,-1,2,1,22.3,2,2,1,17,4
16521,2018,1,2018-05-30,SE,HOSPITALET DE LLOBREGAT,Barcelones,3,0,1,0,2,0,0,0,1,1,0,0,0,20.0,0.0,0,-1,No n'hi ha,-1.0,3,3,1,-1,-1,0,0,-1,0,0,0,0,0,1,4,4,-1,Envestida (frontal lateral),2,2,2,5,-1,2,1,18.3,1,2,2,30,5
16522,2018,0,2018-10-27,BV-5224,SANT PERE DE TORELLO,Osona,3,0,2,0,2,0,0,0,0,2,0,0,0,90.0,0.0,0,-1,Sense Especificar,-1.0,3,3,1,0,0,0,0,0,0,0,0,0,0,0,4,-1,-1,Col·lisió frontal,-1,1,2,4,4,2,0,11.15,0,2,5,27,10
16523,2018,0,2018-04-30,T-310,RIUDOMS,Baix Camp,0,0,2,1,3,0,0,0,0,3,0,0,0,100.0,0.0,0,2,No n'hi ha,-1.0,3,3,1,0,0,0,0,0,0,0,0,0,0,0,4,-1,1,Altres,-1,1,2,4,2,2,1,11.07,0,5,0,30,4
16524,2018,0,2018-09-22,C-16,CERCS,Bergueda,3,0,6,1,2,0,0,0,0,2,0,0,0,60.0,0.0,0,0,No n'hi ha,-1.0,3,3,1,0,0,0,0,0,0,0,0,0,0,0,4,-1,1,Col·lisió frontal,-1,1,2,4,2,2,0,12.16,0,2,5,22,9
16525,2018,1,2018-11-27,SE,BARCELONA,Barcelones,3,0,1,0,2,0,0,0,1,1,0,0,0,100.0,0.0,1,-1,No n'hi ha,-1.0,3,3,1,0,0,0,0,0,0,0,0,0,0,1,4,-1,0,Fregament o col·lisió lateral,2,2,2,5,-1,2,1,9.45,0,2,1,27,11
16526,2018,0,2018-03-28,B-20,BARCELONA,Barcelones,3,0,1,0,4,0,0,0,0,4,0,0,0,80.0,0.0,1,-1,No n'hi ha,-1.0,3,3,1,0,0,0,0,0,0,0,0,0,0,0,4,-1,1,Fregament o col·lisió lateral,-1,1,2,1,-1,2,1,17.2,1,2,2,28,3
16527,2018,1,2018-07-26,SE,VIC,Osona,3,0,1,0,2,1,0,0,0,1,0,0,0,100.0,0.0,0,2,No n'hi ha,-1.0,3,3,1,0,0,0,0,0,0,0,0,0,0,2,4,3,1,Atropellament,-1,2,2,5,-1,2,1,15.0,1,3,3,26,7
16528,2018,1,2018-08-17,SE,BARCELONA,Barcelones,3,0,1,0,2,0,0,0,1,1,0,0,0,100.0,0.0,1,-1,No n'hi ha,-1.0,3,3,1,0,0,0,0,0,0,0,0,0,0,1,0,-1,1,Fregament o col·lisió lateral,2,2,2,5,-1,2,1,2.2,2,2,4,17,8
16529,2018,0,2018-03-04,C-17,GURB,Osona,3,1,4,0,2,0,0,0,0,2,0,0,0,100.0,0.0,0,3,Carril acceleració,-1.0,3,3,0,0,0,0,0,0,0,0,0,0,0,0,2,-1,0,Col·lisió frontal,-1,1,2,4,2,2,0,6.55,0,2,6,4,3
16530,2018,0,2018-03-25,C-1412a,TORA,Segarra,2,0,6,0,2,0,0,0,0,2,0,0,0,70.0,0.0,0,1,No n'hi ha,-1.0,1,3,1,0,0,0,0,0,0,0,0,0,0,0,0,-1,1,Envestida (frontal lateral),-1,1,2,4,2,2,0,22.3,2,2,6,25,3
16531,2018,0,2018-02-03,CR,CUBELLS,Noguera,2,0,1,0,1,0,0,1,0,0,0,0,0,100.0,0.0,0,1,No n'hi ha,-1.0,3,3,1,0,0,0,0,0,0,0,0,0,0,0,4,-1,1,Caiguda en la via,-1,1,3,3,-1,2,0,17.19,1,0,5,3,2
16532,2018,0,2018-05-29,C-14,REUS,Baix Camp,0,1,0,0,2,1,0,0,0,0,1,0,0,100.0,0.0,0,2,No n'hi ha,-1.0,1,3,0,0,1,0,0,0,0,0,0,0,0,0,3,-1,0,Atropellament,-1,1,2,4,2,2,1,1.54,2,3,1,29,5