,Year,Area,Date,Road,Municipality Name,County Name,Province Name,Fatalties,Serious Injuries,Light Injuries,Units Involved,Pedestrains Involved,Bicycles Involved,Mopeds Involved,Motorcycles,Light Vehicles Involved,Heavy Vehicles Involved,Other Units Involved,Unspecified Units Involved,Road Speed Limit,Accident with Hit and Run,Fog Presence,Surrounding Environment,Special Lane Presence,Special Traffic Measures,Weather Conditions,Special Road Functions,Severity of Accident,Influence of Fog,Influence of Environment,Influence of Traffic,Influence of Weather,Influence of Wind Intensity,Influence of Lighting,Influence of Special Measures,Influence of Road Objects,Influence of Road Surface,Influence of Visibility,Intersection Characteristics,Lighting Conditions,Traffic Regulation and Priority,Direction of Road,Subtype of Accident,Subtype of Road Section,Subzone within Area,Road Surface Conditions,Type of Road,Road Ownership,Wind Conditions,Day of the Week Grouping,Hour of Day,Time of Day Grouping,Type of Accident,Day Type,Day,Month
16533,2018,0,2018-08-22,CR,AITONA,Segria,2,0,1,0,2,0,0,0,0,1,0,1,0,100.0,0.0,0,2,No n'hi ha,-1.0,3,3,1,0,0,0,0,0,0,0,0,0,0,0,4,-1,1,Col·lisió frontal,-1,1,5,3,0,2,1,11.29,0,2,2,22,8
16534,2018,1,2018-05-20,SE,IGUALADA,Anoia,3,0,1,0,1,0,1,0,0,0,0,0,0,50.0,1.0,0,2,No n'hi ha,-1.0,3,3,1,-1,0,0,0,-1,0,0,0,0,-1,0,4,-1,1,Encalç,-1,2,2,5,0,2,0,18.55,1,2,6,20,5
16535,2018,1,2018-01-23,SE,TORDERA,Maresme,3,1,0,0,1,0,0,0,1,0,0,0,0,100.0,0.0,0,2,No n'hi ha,-1.0,3,3,0,0,0,0,0,0,0,0,0,0,0,0,4,-1,1,Sortida de via amb xoc o col·lisió,-1,2,2,5,0,2,1,9.35,0,1,1,23,1
16536,2018,1,2018-10-09,SE,SABADELL,Valles Occidental,3,0,1,0,2,1,0,0,0,0,1,0,0,100.0,0.0,0,2,No n'hi ha,-1.0,3,3,1,0,0,0,0,0,0,0,0,0,0,2,4,3,1,Atropellament,0,2,2,5,-1,2,1,16.24,1,3,1,9,10
16537,2018,1,2018-06-25,SE,BARCELONA,Barcelones,3,0,1,1,2,1,0,0,1,0,0,0,0,100.0,0.0,1,-1,No n'hi ha,-1.0,3,3,1,0,0,0,0,0,0,0,0,0,0,1,4,-1,0,Atropellament,2,2,2,5,-1,2,1,18.4,1,3,0,25,6
16538,2018,1,2018-02-17,SE,BADALONA,Barcelones,3,0,1,0,1,0,0,0,1,0,0,0,0,20.0,0.0,0,-1,No n'hi ha,-1.0,3,3,1,0,-1,0,0,0,0,0,0,0,0,0,5,-1,-1,Xoc contra objecte/obstacle sense sortida prèvia de via,-1,2,2,5,-1,2,0,19.1,1,4,5,17,2
16539,2018,1,2018-09-21,SE,TARRAGONA,Tarragones,0,0,1,0,2,1,0,0,0,1,0,0,0,100.0,0.0,0,2,No n'hi ha,-1.0,3,3,1,0,0,0,0,0,0,0,0,0,0,0,1,-1,1,Atropellament,-1,2,2,5,-1,2,1,7.19,0,3,4,21,9
16540,2018,1,2018-11-08,SE,BARCELONA,Barcelones,3,0,1,0,2,1,0,0,1,0,0,0,0,100.0,0.0,1,-1,No n'hi ha,-1.0,3,3,1,0,0,0,0,0,0,0,0,0,0,1,0,-1,0,Atropellament,1,2,2,5,-1,2,1,20.0,1,3,3,8,11
16541,2018,1,2018-07-01,SE,PREMIA DE MAR,Maresme,3,0,1,0,2,1,0,0,0,1,0,0,0,100.0,0.0,0,2,No n'hi ha,-1.0,3,3,1,0,0,0,0,0,0,0,0,0,0,0,4,-1,0,Atropellament,-1,2,2,5,-1,2,0,12.02,0,3,6,1,7
16542,2018,1,2018-10-11,SE,CORNELLA DE LLOBREGAT,Baix Llobregat,3,0,1,0,2,1,0,0,0,1,0,0,0,20.0,0.0,0,-1,No n'hi ha,-1.0,3,3,1,-1,0,0,0,-1,0,0,0,0,0,0,4,-1,1,Atropellament,-1,2,2,5,-1,2,1,7.3,0,3,3,11,10
16543,2018,1,2018-06-21,SE,SABADELL,Valles Occidental,3,0,1,0,2,1,0,0,0,1,0,0,0,100.0,0.0,0,-1,No n'hi ha,-1.0,3,3,1,0,0,0,0,0,0,0,0,0,0,0,4,-1,-1,Atropellament,-1,2,2,5,-1,2,1,14.54,1,3,3,21,6
16544,2018,0,2018-02-21,AP-2,MOLINS DE REI,Baix Llobregat,3,0,1,0,1,0,0,0,1,0,0,0,0,100.0,0.0,0,2,No n'hi ha,-1.0,3,3,1,0,0,0,0,0,0,0,0,0,0,0,5,-1,0,Xoc contra objecte/obstacle sense sortida prèvia de via,-1,1,2,4,1,2,1,19.54,1,4,2,21,2
16545,2018,1,2018-11-20,SE,BARCELONA,Barcelones,3,0,1,0,2,0,0,0,1,1,0,0,0,100.0,0.0,1,-1,No n'hi ha,-1.0,3,3,1,0,0,0,0,0,0,0,0,0,0,1,0,-1,0,Fregament o col·lisió lateral,2,2,0,5,-1,2,1,23.05,2,2,1,20,11
16546,2018,1,2018-11-02,SE,"MONTMELL, EL",Baix Penedes,0,0,1,0,1,0,0,0,1,0,0,0,0,20.0,0.0,0,-1,Sense Especificar,-1.0,3,3,1,0,0,0,0,0,0,0,0,0,0,2,4,5,-1,Resta sortides de via,2,2,2,5,-1,2,1,13.44,0,1,4,2,11
16547,2018,0,2018-09-24,AP-7,CONSTANTI,Tarragones,0,0,1,2,3,0,0,0,1,2,0,0,0,100.0,0.0,0,2,No n'hi ha,-1.0,3,3,1,0,0,0,0,0,0,0,0,0,0,0,0,-1,1,Encalç,-1,1,2,4,1,2,1,7.09,0,2,0,24,9
16548,2018,0,2018-12-08,BV-5001,MARTORELLES,Valles Oriental,3,0,1,0,2,0,1,0,0,1,0,0,0,100.0,0.0,0,1,No n'hi ha,-1.0,3,3,1,0,0,0,0,0,0,0,0,0,0,0,4,-1,1,Altres,-1,1,2,4,0,2,0,14.14,1,5,5,8,12
16549,2018,1,2018-05-22,SE,PORTBOU,Alt Emporda,1,0,1,2,3,0,0,0,1,2,0,0,0,30.0,0.0,0,2,No n'hi ha,-1.0,3,3,1,0,0,1,0,0,0,0,0,0,0,0,1,-1,1,Encalç,-1,2,2,5,1,2,1,20.3,1,2,1,22,5
16550,2018,1,2018-11-28,SE,SANT CARLES DE LA RAPITA,Montsia,0,0,2,0,3,2,0,0,0,1,0,0,0,40.0,0.0,0,2,No n'hi ha,-1.0,3,3,1,0,0,0,0,0,0,0,0,0,0,0,5,-1,0,Atropellament,-1,2,2,5,-1,2,1,18.27,1,3,2,28,11
16551,2018,1,2018-12-11,SE,BADALONA,Barcelones,3,0,1,0,2,0,0,0,1,1,0,0,0,100.0,0.0,0,-1,No n'hi ha,-1.0,3,3,1,0,0,0,0,0,0,0,0,0,0,0,4,-1,-1,Envestida (frontal lateral),-1,2,2,5,-1,2,1,12.55,0,2,1,11,12
16552,2018,1,2018-03-10,SE,BADALONA,Barcelones,3,0,1,0,2,0,0,0,1,1,0,0,0,20.0,0.0,0,-1,No n'hi ha,-1.0,3,3,1,0,-1,0,0,0,0,0,0,0,0,0,4,-1,-1,Col·lisió frontal,-1,2,2,5,-1,2,0,8.3,0,2,5,10,3
16553,2018,1,2018-11-09,SE,VILANOVA I LA GELTRU,Garraf,3,0,1,0,2,1,0,0,1,0,0,0,0,100.0,0.0,0,-1,No n'hi ha,-1.0,3,3,1,0,0,0,0,0,0,0,0,0,0,0,4,-1,-1,Atropellament,-1,2,2,5,-1,2,0,21.0,1,3,4,9,11
16554,2018,0,2018-05-01,C-12,BALAGUER,Noguera,2,0,1,0,1,0,0,0,0,1,0,0,0,90.0,0.0,0,-1,Sense Especificar,-1.0,3,3,1,0,0,0,0,0,0,0,0,0,0,0,4,-1,-1,Resta sortides de via,-1,1,2,4,4,2,1,12.07,0,1,1,1,5
16555,2018,1,2018-06-20,SE,BADALONA,Barcelones,3,0,1,2,2,0,0,0,0,2,0,0,0,20.0,0.0,0,-1,No n'hi ha,-1.0,3,3,1,0,-1,0,0,0,0,0,0,0,0,0,4,-1,-1,Envestida (frontal lateral),-1,2,2,5,-1,2,1,11.0,0,2,2,20,6
16556,2018,1,2018-09-20,SE,SABADELL,Valles Occidental,3,0,1,0,2,1,0,0,0,1,0,0,0,30.0,0.0,0,2,No n'hi ha,-1.0,3,3,1,0,0,0,0,0,0,0,0,0,1,0,4,-1,0,Atropellament,-1,2,2,5,-1,2,1,12.44,0,3,3,20,9
16557,2018,1,2018-04-01,SE,LLEIDA,Segria,2,0,1,0,2,1,0,0,0,1,0,0,0,20.0,0.0,0,2,No n'hi ha,-1.0,3,3,1,-1,1,0,0,-1,0,0,0,0,1,1,4,5,1,Atropellament,2,2,2,5,-1,2,0,0.0,2,3,6,1,4
16558,2018,1,2018-04-18,SE,BARCELONA,Barcelones,3,0,1,0,2,1,0,0,0,1,0,0,0,10.0,0.0,1,-1,No n'hi ha,-1.0,3,3,1,0,0,0,0,0,0,0,0,0,0,1,0,-1,0,Atropellament,2,2,2,5,-1,2,1,15.45,1,3,2,18,4
16559,2018,0,2018-07-03,A-7,CAMBRILS,Baix Camp,0,1,0,0,1,0,0,0,1,0,0,0,0,100.0,0.0,0,3,No n'hi ha,-1.0,3,3,0,0,0,0,0,0,0,0,0,0,0,2,1,5,0,Resta sortides de via,3,1,2,4,1,2,1,6.55,0,1,1,3,7
16560,2018,1,2018-08-01,SE,BARCELONA,Barcelones,3,0,1,1,2,0,0,0,1,1,0,0,0,100.0,0.0,1,-1,No n'hi ha,-1.0,3,3,1,0,0,0,0,0,0,0,0,0,0,1,0,-1,1,Envestida (frontal lateral),2,2,2,5,-1,2,1,23.15,2,2,2,1,8
16561,2018,1,2018-07-20,SE,BARCELONA,Barcelones,3,0,1,0,2,0,0,0,1,1,0,0,0,100.0,0.0,1,-1,No n'hi ha,-1.0,3,3,1,0,0,0,0,0,0,0,0,0,0,0,4,-1,1,Encalç,-1,2,2,5,-1,2,1,13.55,0,2,4,20,7
16562,2018,1,2018-07-28,SE,BARCELONA,Barcelones,3,0,1,0,1,0,0,0,1,0,0,0,0,100.0,0.0,1,-1,No n'hi ha,-1.0,3,3,1,0,0,0,0,0,0,0,0,0,0,0,3,-1,1,Caiguda en la via,-1,2,2,5,-1,2,0,21.5,1,0,5,28,7
16563,2018,0,2018-02-20,N-II,SILS,Selva,1,0,2,0,3,0,0,0,0,1,2,0,0,60.0,0.0,0,1,No n'hi ha,0.0,1,3,1,0,0,0,0,0,0,0,0,0,0,0,2,-1,1,Altres,-1,1,2,4,1,2,1,12.26,0,5,1,20,2
16564,2018,0,2018-01-16,N-260,LLANCA,Alt Emporda,1,1,1,1,2,0,0,0,0,2,0,0,0,100.0,0.0,0,2,No n'hi ha,-1.0,3,3,0,0,0,0,0,0,0,0,0,0,0,0,4,-1,1,Col·lisió frontal,-1,1,2,4,1,2,1,8.19,0,2,1,16,1
16565,2018,1,2018-10-09,SE,BARCELONA,Barcelones,3,0,1,0,2,0,1,0,0,0,1,0,0,100.0,0.0,1,-1,No n'hi ha,-1.0,3,3,1,0,0,0,0,0,0,0,0,0,0,1,0,-1,1,Envestida (frontal lateral),2,2,2,5,-1,2,1,18.35,1,2,1,9,10
16566,2018,1,2018-08-26,SE,GRANYENA DE LES GARRIGUES,Garrigues,2,0,1,0,1,0,0,0,0,1,0,0,0,20.0,0.0,0,-1,Sense Especificar,-1.0,3,3,1,0,0,0,0,0,0,0,0,0,0,0,4,-1,-1,Resta sortides de via,-1,2,2,5,-1,2,0,7.46,0,1,6,26,8
16567,2018,1,2018-07-23,SE,SANT ANFREU DE LA BARCA,Baix Llobregat,3,0,1,0,2,0,0,1,0,1,0,0,0,30.0,0.0,0,-1,No n'hi ha,-1.0,3,3,1,-1,0,0,0,-1,0,0,0,0,-1,1,1,4,1,Envestida (frontal lateral),0,2,2,5,-1,2,1,5.45,2,2,0,23,7
16568,2018,0,2018-10-04,GIV-6621,CASTELL-PLATJA D'ARO,Baix Emporda,1,0,1,1,2,0,0,1,0,1,0,0,0,100.0,0.0,0,1,No n'hi ha,-1.0,3,3,1,0,0,0,0,0,0,0,0,0,0,1,4,4,1,Envestida (frontal lateral),2,1,2,4,2,2,1,10.5,0,2,3,4,10
16569,2018,1,2018-01-26,SE,BARCELONA,Barcelones,3,0,1,1,2,1,0,0,1,0,0,0,0,100.0,0.0,1,-1,No n'hi ha,-1.0,1,3,1,0,0,0,0,0,0,0,0,0,0,1,4,-1,0,Atropellament,2,2,0,5,-1,2,1,8.3,0,3,4,26,1
16570,2018,0,2018-01-04,N-340,"ALDEA, L'",Baix Ebre,0,0,1,0,1,0,0,0,0,0,1,0,0,40.0,0.0,0,2,Carril acceleració,-1.0,3,3,1,0,0,0,0,0,0,0,0,0,0,2,3,4,1,Resta sortides de via,3,1,2,4,1,2,1,5.07,2,1,3,4,1
16571,2018,1,2018-03-02,SE,BARCELONA,Barcelones,3,0,1,0,2,1,0,0,0,1,0,0,0,100.0,0.0,1,-1,No n'hi ha,-1.0,3,3,1,0,0,0,0,0,0,0,0,0,0,0,4,-1,0,Atropellament,-1,2,2,5,-1,2,1,14.15,1,3,4,2,3
16572,2018,1,2018-04-21,SE,BARBERA DEL VALLES,Valles Occidental,3,0,1,0,2,0,0,0,1,1,0,0,0,20.0,0.0,0,0,Altres,0.0,3,3,1,-1,0,0,0,-1,0,0,0,0,0,1,4,3,1,Encalç,3,2,2,5,-1,2,0,13.0,0,2,5,21,4
16573,2018,1,2018-06-23,SE,"VENDRELL, EL",Baix Penedes,0,0,1,2,3,0,0,0,1,2,0,0,0,40.0,0.0,0,2,No n'hi ha,-1.0,3,3,1,-1,0,0,0,-1,0,0,0,0,-1,1,4,5,0,Fregament o col·lisió lateral,1,2,2,5,-1,2,0,19.25,1,2,5,23,6
16574,2018,1,2018-10-09,SE,IGUALADA,Anoia,3,0,1,0,2,1,0,0,0,1,0,0,0,50.0,0.0,0,2,No n'hi ha,-1.0,3,3,1,-1,0,0,0,-1,0,0,0,0,0,1,4,2,0,Atropellament,2,2,2,5,0,2,1,17.3,1,3,1,9,10
16575,2018,1,2018-04-03,TV-7221,REUS,Baix Camp,0,0,1,0,2,1,0,0,0,1,0,0,0,100.0,0.0,0,-1,No n'hi ha,-1.0,3,3,1,0,0,0,0,0,0,0,0,0,0,0,4,-1,-1,Atropellament,-1,0,2,4,-1,2,1,21.0,1,3,1,3,4
16576,2018,1,2018-09-29,SE,SANT BOI DE LLOBREGAT,Baix Llobregat,3,0,1,1,1,0,0,0,0,1,0,0,0,30.0,0.0,0,0,No n'hi ha,-1.0,3,3,1,0,0,0,0,0,0,0,1,1,0,0,5,-1,1,Xoc contra objecte/obstacle sense sortida prèvia de via,-1,2,2,5,-1,2,0,7.0,0,4,5,29,9
16577,2018,1,2018-06-08,SE,SANT BOI DE LLOBREGAT,Baix Llobregat,3,0,1,0,2,1,0,0,0,1,0,0,0,20.0,0.0,0,-1,No n'hi ha,-1.0,3,3,1,0,-1,0,0,0,0,0,0,0,0,0,4,-1,-1,Atropellament,-1,2,2,5,-1,2,1,13.2,0,3,4,8,6
16578,2018,0,2018-09-21,TV-3148,VILA-SECA,Tarragones,0,0,1,0,2,0,1,0,0,1,0,0,0,40.0,0.0,0,2,No n'hi ha,-1.0,3,3,1,0,0,0,0,0,0,0,0,0,0,1,4,4,0,Envestida (frontal lateral),0,1,2,4,3,2,1,8.39,0,2,4,21,9
16579,2018,0,2018-02-06,A-7,VILA-SECA,Tarragones,0,1,0,0,2,0,0,0,0,1,0,1,0,100.0,0.0,0,2,No n'hi ha,-1.0,1,3,0,0,0,0,0,0,0,0,0,0,0,0,1,-1,0,Encalç,-1,1,2,4,1,2,1,20.41,1,2,1,6,2
16580,2018,1,2018-02-01,SE,ESPLUGUES DE LLOBREGAT,Baix Llobregat,3,0,1,0,2,0,0,0,0,0,2,0,0,20.0,0.0,0,-1,No n'hi ha,,3,3,1,-1,0,0,0,-1,0,0,0,0,0,1,4,4,0,Envestida (frontal lateral),2,2,2,5,-1,2,1,12.0,0,2,3,1,2
16581,2018,0,2018-07-24,A-2,ESPARREGUERA,Baix Llobregat,3,0,1,0,2,0,0,0,0,0,2,0,0,100.0,0.0,0,3,No n'hi ha,-1.0,3,3,1,0,0,0,0,0,0,0,0,0,0,0,4,-1,1,Encalç,-1,1,2,4,1,2,1,13.2,0,2,1,24,7
16582,2018,0,2018-05-25,AP-7,VALLGORGUINA,Valles Oriental,3,0,1,0,2,0,0,0,0,1,1,0,0,120.0,0.0,0,2,No n'hi ha,-1.0,3,3,1,0,0,0,0,0,0,0,0,0,0,0,4,-1,0,Fregament o col·lisió lateral,-1,1,2,4,1,2,1,12.22,0,2,4,25,5
16583,2018,1,2018-10-14,SE,VILAFRANCA DEL PENEDES,Alt Penedes,3,0,1,0,2,1,0,0,0,1,0,0,0,100.0,0.0,0,3,No n'hi ha,-1.0,2,3,1,0,0,0,0,0,0,0,0,0,0,0,5,-1,1,Atropellament,-1,2,2,5,-1,2,0,20.55,1,3,6,14,10
16584,2018,0,2018-03-27,N-II,VILASSAR DE MAR,Maresme,3,0,1,0,2,1,0,0,0,1,0,0,0,100.0,0.0,0,2,No n'hi ha,-1.0,3,3,1,0,0,0,0,0,0,0,0,0,0,0,5,-1,1,Atropellament,-1,1,2,4,1,2,1,6.31,0,3,1,27,3
16585,2018,0,2018-04-30,C-31,HOSPITALET DE LLOBREGAT,Barcelones,3,0,1,0,2,0,0,0,1,0,1,0,0,80.0,0.0,0,2,No n'hi ha,-1.0,3,3,1,0,0,0,0,0,0,0,0,0,0,1,5,2,0,Fregament o col·lisió lateral,3,1,2,4,2,1,1,5.18,2,2,0,30,4
16586,2018,0,2018-08-22,CR,TORRELAMEU,Noguera,2,1,0,0,1,0,0,0,0,0,1,0,0,100.0,0.0,0,2,No n'hi ha,-1.0,3,3,0,0,0,0,0,0,0,0,0,0,0,0,4,-1,1,Resta sortides de via,-1,1,5,3,0,2,1,12.15,0,1,2,22,8
16587,2018,1,2018-05-05,GI-682,LLORET DE MAR,Selva,1,0,1,0,1,0,0,1,0,0,0,0,0,40.0,0.0,0,2,No n'hi ha,-1.0,1,3,1,0,0,0,1,0,0,0,0,0,0,2,2,4,0,Resta sortides de via,0,0,2,4,3,2,0,9.2,0,1,5,5,5
16588,2018,1,2018-10-26,C-43,GANDESA,Terra Alta,0,0,1,0,2,1,0,0,0,0,1,0,0,100.0,0.0,0,2,No n'hi ha,-1.0,3,3,1,0,0,0,0,0,0,0,0,0,0,0,4,-1,1,Atropellament,-1,0,2,4,2,2,1,13.43,0,3,4,26,10
16589,2018,0,2018-08-12,C-13,CAMARASA,Noguera,2,0,1,0,1,0,0,0,1,0,0,0,0,90.0,0.0,0,-1,Sense Especificar,-1.0,3,3,1,0,0,0,0,0,0,0,0,0,0,0,4,-1,-1,Resta sortides de via,-1,1,2,4,4,2,0,11.51,0,1,6,12,8
16590,2018,0,2018-04-27,C-58cc,MONTCADA I REIXAC,Valles Occidental,3,0,1,0,2,0,0,0,1,1,0,0,0,90.0,0.0,0,2,Altres,-1.0,3,3,1,0,0,0,0,0,0,0,0,0,0,0,4,-1,1,Encalç,-1,1,2,4,2,2,0,16.58,1,2,4,27,4
16591,2018,0,2018-11-22,N-340,TARRAGONA,Tarragones,0,1,1,2,2,0,0,0,0,2,0,0,0,80.0,0.0,0,2,No n'hi ha,-1.0,3,3,0,0,0,0,0,0,0,0,0,0,0,0,4,-1,1,Col·lisió frontal,-1,1,2,4,1,2,1,9.17,0,2,3,22,11
16592,2018,0,2018-01-13,C-14,REUS,Baix Camp,0,1,0,0,2,1,0,0,0,1,0,0,0,70.0,0.0,0,2,No n'hi ha,-1.0,3,3,0,0,0,0,0,0,0,0,0,0,0,0,3,-1,0,Atropellament,-1,1,2,4,2,2,0,6.12,0,3,5,13,1
16593,2018,0,2018-05-27,N-260,COLERA,Alt Emporda,1,0,1,0,1,0,0,0,1,0,0,0,0,90.0,0.0,0,-1,Sense Especificar,-1.0,3,3,1,0,0,0,0,0,0,0,0,0,0,0,4,-1,-1,Altres,-1,1,2,4,4,2,0,12.22,0,5,6,27,5
16594,2018,1,2018-09-29,SE,TARRAGONA,Tarragones,0,1,0,1,2,1,0,0,0,1,0,0,0,40.0,0.0,0,2,No n'hi ha,-1.0,3,3,0,0,0,0,0,0,1,0,0,0,0,0,4,-1,0,Atropellament,-1,2,2,5,-1,2,0,10.35,0,3,5,29,9
16595,2018,0,2018-06-22,N-260,ISOVOL,Cerdanya,1,1,0,0,2,0,0,0,0,1,1,0,0,80.0,0.0,0,1,No n'hi ha,-1.0,3,3,0,0,0,0,0,0,0,0,0,0,0,0,4,-1,1,Col·lisió frontal,-1,1,2,4,1,2,1,9.28,0,2,4,22,6
16596,2018,0,2018-08-26,A-27,TARRAGONA,Tarragones,0,1,0,1,2,1,0,0,0,1,0,0,0,120.0,0.0,0,2,No n'hi ha,-1.0,3,3,0,0,0,0,0,0,0,0,0,0,0,0,3,-1,0,Atropellament,-1,1,2,1,1,2,0,6.25,0,3,6,26,8
16597,2018,1,2018-05-27,SE,MACANET DE LA SELVA,Selva,1,0,1,0,1,0,0,0,1,0,0,0,0,20.0,0.0,0,-1,Sense Especificar,-1.0,3,3,1,0,0,0,0,0,0,0,0,0,0,0,4,-1,-1,Altres,-1,2,2,5,-1,2,0,16.32,1,5,6,27,5
16598,2018,1,2018-12-13,SE,MATARO,Maresme,3,0,1,0,2,0,0,0,1,1,0,0,0,20.0,,0,-1,No n'hi ha,-1.0,1,3,1,0,-1,0,0,0,0,0,0,0,0,1,5,4,-1,Encalç,2,2,0,5,-1,2,1,22.23,2,2,3,13,12
16599,2018,1,2018-10-08,SE,TERRASSA,Valles Occidental,3,0,1,0,2,0,0,0,0,1,0,1,0,100.0,0.0,0,2,No n'hi ha,-1.0,3,3,1,0,0,0,0,0,0,0,0,0,0,1,0,4,0,Envestida (frontal lateral),2,2,2,5,-1,2,1,20.0,1,2,0,8,10
16600,2018,0,2018-09-18,AP-7,BORRASSA,Alt Emporda,1,0,1,1,2,0,0,0,0,1,1,0,0,100.0,0.0,0,2,Carril acceleració,-1.0,3,3,1,0,0,0,0,0,0,0,0,0,0,0,4,-1,0,Altres,-1,1,2,4,1,2,1,10.44,0,5,1,18,9
16601,2018,0,2018-03-30,BV-3003,SANT MATEU DE BAGES,Bages,3,0,1,0,1,0,0,0,1,0,0,0,0,100.0,0.0,0,1,No n'hi ha,-1.0,3,3,1,0,1,0,0,0,0,0,0,0,0,0,4,-1,1,Resta sortides de via,-1,1,2,4,0,2,1,13.21,0,1,4,30,3
16602,2018,0,2018-10-16,C-32,MATARO,Maresme,3,1,0,0,2,0,0,0,0,1,1,0,0,100.0,0.0,0,-1,No n'hi ha,-1.0,3,3,0,0,0,0,0,0,0,0,0,0,0,0,4,-1,-1,Altres,-1,1,2,4,-1,2,1,8.16,0,5,1,16,10
16603,2018,0,2018-09-02,T-702,POBOLEDA,Priorat,0,0,1,0,2,0,0,0,1,1,0,0,0,100.0,0.0,0,3,No n'hi ha,-1.0,3,3,1,0,0,0,0,0,0,0,0,0,0,0,4,-1,1,Col·lisió frontal,-1,1,2,4,3,2,0,12.44,0,2,6,2,9
16604,2018,0,2018-11-02,B-124,MONISTROL DE CALDERS,Moianès,3,0,1,0,1,0,0,0,1,0,0,0,0,90.0,0.0,0,-1,Sense Especificar,-1.0,3,3,1,0,0,0,0,0,0,0,0,0,0,0,4,-1,-1,Altres,-1,1,2,4,4,2,0,17.13,1,5,4,2,11
16605,2018,1,2018-05-29,SE,CERDANYOLA DEL VALLES,Valles Occidental,3,0,1,0,2,1,0,0,0,1,0,0,0,100.0,0.0,0,2,No n'hi ha,-1.0,3,3,1,0,0,0,0,0,0,0,0,0,0,2,4,4,0,Atropellament,2,2,2,5,-1,2,1,15.2,1,3,1,29,5
16606,2018,1,2018-05-06,SE,PALAFRUGELL,Baix Emporda,1,0,1,0,2,0,0,0,1,1,0,0,0,40.0,0.0,0,-1,No n'hi ha,-1.0,1,3,1,0,0,0,0,0,0,0,0,0,0,1,2,4,-1,Envestida (frontal lateral),2,2,0,5,-1,2,0,18.0,1,2,6,6,5
16607,2018,0,2018-06-30,C-16,"NOU DE BERGUEDA, LA",Bergueda,3,1,1,0,2,0,0,0,0,2,0,0,0,100.0,0.0,0,1,No n'hi ha,-1.0,3,3,0,0,0,0,0,0,0,0,1,0,0,0,4,-1,1,Xoc contra objecte/obstacle sense sortida prèvia de via,-1,1,2,4,2,2,0,13.52,0,4,5,30,6
16608,2018,0,2018-11-25,TV-2004,"PLA DE SANTA MARIA, EL",Alt Camp,0,0,1,3,2,0,0,0,0,2,0,0,0,100.0,0.0,0,2,No n'hi ha,-1.0,3,3,1,0,0,0,0,0,0,0,0,0,0,0,4,-1,1,Envestida (frontal lateral),-1,1,2,4,3,2,0,8.4,0,2,6,25,11
16609,2018,0,2018-09-15,CR,LLES DE CERDANYA,Cerdanya,2,0,1,0,1,0,0,0,1,0,0,0,0,100.0,0.0,0,1,No n'hi ha,-1.0,3,3,1,0,0,0,0,0,0,0,0,0,0,0,4,-1,1,Resta sortides de via,-1,1,0,4,4,2,0,14.08,1,1,5,15,9
16610,2018,1,2018-11-02,SE,CASSA DE LA SELVA,Girones,1,0,1,0,2,1,0,0,0,1,0,0,0,100.0,0.0,0,2,No n'hi ha,-1.0,3,3,1,0,0,0,0,0,0,0,0,0,0,0,4,-1,1,Atropellament,-1,2,2,5,-1,2,1,12.2,0,3,4,2,11
16611,2018,0,2018-11-11,TV-3146,VILA-SECA,Tarragones,0,0,1,0,2,1,0,0,0,1,0,0,0,100.0,1.0,0,2,No n'hi ha,-1.0,3,3,1,0,0,0,0,0,0,0,0,0,0,0,3,-1,1,Atropellament,-1,1,2,4,3,2,0,18.45,1,3,6,11,11
16612,2018,1,2018-09-16,SE,TARRAGONA,Tarragones,0,0,1,0,1,0,0,0,1,0,0,0,0,100.0,0.0,0,1,No n'hi ha,-1.0,3,3,1,0,0,0,0,0,0,0,0,0,0,0,5,-1,1,Caiguda en la via,-1,2,2,5,0,2,0,3.3,2,0,6,16,9
16613,2018,0,2018-07-24,BV-4135,AVIA,Bergueda,3,1,0,0,1,0,0,0,0,1,0,0,0,100.0,0.0,0,0,No n'hi ha,-1.0,3,3,0,0,0,0,0,0,0,0,0,0,0,0,4,-1,1,Resta sortides de via,-1,1,2,4,3,2,1,11.56,0,1,1,24,7
16614,2018,1,2018-02-26,SE,"GARRIGA, LA",Valles Oriental,3,0,1,0,2,1,0,0,0,1,0,0,0,20.0,0.0,0,2,No n'hi ha,-1.0,0,3,1,-1,0,0,0,-1,0,0,0,0,-1,1,5,2,0,Atropellament,2,2,0,5,-1,2,1,19.4,1,3,0,26,2
16615,2018,1,2018-01-17,SE,VINYOLS I ELS ARCS,Baix Camp,0,0,1,0,2,1,0,0,1,0,0,0,0,20.0,0.0,0,-1,Sense Especificar,-1.0,3,3,1,0,0,0,0,0,0,0,0,0,0,0,4,-1,-1,Atropellament,-1,2,2,5,-1,2,1,18.54,1,3,2,17,1
16616,2018,0,2018-09-22,BV-1031,ODENA,Anoia,3,0,1,0,1,0,0,0,1,0,0,0,0,90.0,0.0,0,-1,Sense Especificar,-1.0,3,3,1,0,0,0,0,0,0,0,0,0,0,0,4,-1,-1,Altres,-1,1,2,4,4,2,0,19.28,1,5,5,22,9
16617,2018,1,2018-04-13,SE,MATARO,Maresme,3,0,1,0,2,1,0,0,0,1,0,0,0,20.0,0.0,0,-1,No n'hi ha,-1.0,3,3,1,0,-1,0,0,0,0,0,0,0,0,0,5,-1,-1,Atropellament,-1,2,2,5,-1,2,1,6.45,0,3,4,13,4