,Year,Area,Date,Road,Municipality Name,County Name,Province Name,Fatalties,Serious Injuries,Light Injuries,Units Involved,Pedestrains Involved,Bicycles Involved,Mopeds Involved,Motorcycles,Light Vehicles Involved,Heavy Vehicles Involved,Other Units Involved,Unspecified Units Involved,Road Speed Limit,Accident with Hit and Run,Fog Presence,Surrounding Environment,Special Lane Presence,Special Traffic Measures,Weather Conditions,Special Road Functions,Severity of Accident,Influence of Fog,Influence of Environment,Influence of Traffic,Influence of Weather,Influence of Wind Intensity,Influence of Lighting,Influence of Special Measures,Influence of Road Objects,Influence of Road Surface,Influence of Visibility,Intersection Characteristics,Lighting Conditions,Traffic Regulation and Priority,Direction of Road,Subtype of Accident,Subtype of Road Section,Subzone within Area,Road Surface Conditions,Type of Road,Road Ownership,Wind Conditions,Day of the Week Grouping,Hour of Day,Time of Day Grouping,Type of Accident,Day Type,Day,Month
16618,2018,1,2018-03-16,GI-682,LLORET DE MAR,Selva,1,0,1,0,2,0,0,0,1,1,0,0,0,100.0,0.0,0,-1,No n'hi ha,-1.0,3,3,1,0,0,0,0,0,0,0,0,0,0,0,4,-1,-1,Altres,-1,0,2,4,-1,2,1,3.52,2,5,4,16,3
16619,2018,1,2018-02-04,SE,BARCELONA,Barcelones,3,1,0,0,1,0,0,0,1,0,0,0,0,100.0,0.0,1,-1,No n'hi ha,-1.0,3,3,0,0,0,0,0,0,0,0,0,0,0,0,4,-1,0,Xoc contra objecte/obstacle sense sortida prèvia de via,-1,2,2,5,-1,2,0,9.2,0,4,6,4,2
16620,2018,0,2018-09-05,C-14z,REUS,Baix Camp,0,0,1,0,1,0,0,0,0,1,0,0,0,90.0,0.0,0,-1,Sense Especificar,-1.0,3,3,1,0,0,0,0,0,0,0,0,0,0,0,4,-1,-1,Resta sortides de via,-1,1,2,4,4,2,1,15.51,1,1,2,5,9
16621,2018,0,2018-06-24,C-60,"ROCA DEL VALLES, LA",Valles Oriental,3,0,1,0,2,0,0,0,1,1,0,0,0,100.0,0.0,0,3,No n'hi ha,-1.0,3,3,1,0,0,1,0,0,0,0,0,0,0,0,2,-1,0,Altres,-1,1,2,4,2,2,0,18.34,1,5,6,24,6
16622,2018,1,2018-02-03,SE,SALOU,Tarragones,0,0,1,5,3,0,0,0,0,3,0,0,0,100.0,0.0,0,2,No n'hi ha,-1.0,3,3,1,0,0,0,0,0,0,0,0,0,0,0,5,-1,1,Col·lisió frontal,-1,2,2,5,2,2,0,22.28,2,2,5,3,2
16623,2018,1,2018-12-01,SE,BARCELONA,Barcelones,3,0,1,0,2,0,0,0,1,1,0,0,0,100.0,0.0,1,-1,Carril bus,-1.0,3,3,1,0,0,0,0,0,0,0,0,0,0,1,0,-1,0,Fregament o col·lisió lateral,2,2,2,5,-1,2,0,21.5,1,2,5,1,12
16624,2018,1,2018-02-06,SE,VIC,Osona,3,0,1,0,2,1,0,0,0,1,0,0,0,20.0,0.0,0,-1,No n'hi ha,-1.0,3,3,1,0,-1,0,0,0,0,0,0,0,0,1,4,4,-1,Atropellament,2,2,2,5,-1,2,1,17.2,1,3,1,6,2
16625,2018,0,2018-10-27,N-340,CASTELLVI DE LA MARC,Alt Penedes,3,0,1,2,4,0,0,0,0,4,0,0,0,100.0,0.0,0,2,No n'hi ha,-1.0,3,3,1,0,0,0,0,0,0,0,0,0,0,0,3,-1,1,Col·lisió frontal,-1,1,2,4,1,2,0,20.25,1,2,5,27,10
16626,2018,1,2018-10-08,SE,HOSPITALET DE LLOBREGAT,Barcelones,3,0,1,0,2,0,0,0,1,1,0,0,0,20.0,0.0,0,-1,No n'hi ha,-1.0,3,3,1,-1,0,0,0,-1,0,0,0,0,-1,1,5,5,0,Fregament o col·lisió lateral,0,2,2,5,-1,2,1,22.1,2,2,0,8,10
16627,2018,0,2018-09-15,T-340,DELTEBRE,Baix Ebre,0,1,0,0,1,0,0,0,0,1,0,0,0,100.0,0.0,0,3,No n'hi ha,-1.0,3,3,0,0,0,0,0,0,0,0,0,0,0,0,3,-1,1,Resta sortides de via,-1,1,2,4,2,2,0,21.1,1,1,5,15,9
16628,2018,0,2018-05-06,C-12,LLARDECANS,Segria,2,2,1,1,2,0,0,0,0,2,0,0,0,90.0,0.0,0,-1,Sense Especificar,-1.0,3,3,0,0,0,0,0,0,0,0,0,0,0,0,4,-1,-1,Col·lisió frontal,-1,1,2,4,4,2,0,20.24,1,2,6,6,5
16629,2018,1,2018-09-14,GI-523,TORTELLA,Garrotxa,1,1,0,0,1,0,0,0,0,1,0,0,0,100.0,0.0,0,2,No n'hi ha,-1.0,3,3,0,0,0,0,0,0,0,0,0,0,0,0,0,-1,1,Resta sortides de via,-1,0,2,4,3,2,0,22.07,2,1,4,14,9
16630,2018,1,2018-08-16,SE,TERRASSA,Valles Occidental,3,0,1,0,3,1,0,0,0,2,0,0,0,20.0,0.0,0,-1,Sense Especificar,-1.0,3,3,1,0,0,0,0,0,0,0,0,0,0,0,4,-1,-1,Atropellament,-1,2,2,5,-1,2,1,8.45,0,3,3,16,8
16631,2018,0,2018-09-18,GIV-6741,CASSA DE LA SELVA,Girones,1,0,1,0,1,0,0,0,1,0,0,0,0,100.0,0.0,0,2,No n'hi ha,-1.0,1,3,1,0,0,0,0,0,0,0,0,0,0,0,2,-1,1,Resta sortides de via,-1,1,2,4,3,2,1,13.0,0,1,1,18,9
16632,2018,1,2018-01-25,SE,MONTMAJOR,Bergueda,3,0,1,0,1,0,1,0,0,0,0,0,0,20.0,0.0,0,-1,Sense Especificar,-1.0,3,3,1,0,0,0,0,0,0,0,0,0,0,0,4,-1,-1,Altres,-1,2,2,5,-1,2,1,12.25,0,5,3,25,1
16633,2018,1,2018-06-29,SE,MATARO,Maresme,3,0,1,0,2,0,0,1,0,1,0,0,0,20.0,0.0,0,2,No n'hi ha,-1.0,3,3,1,-1,0,0,0,-1,0,0,0,0,-1,1,5,3,1,Envestida (frontal lateral),2,2,2,5,-1,2,0,21.4,1,2,4,29,6
16634,2018,0,2018-04-20,N-II,PONTOS,Alt Emporda,1,0,1,0,2,0,0,0,0,1,1,0,0,100.0,0.0,0,2,No n'hi ha,-1.0,3,3,1,0,0,0,0,0,0,0,0,0,0,0,4,-1,1,Envestida (frontal lateral),-1,1,2,4,1,2,1,10.04,0,2,4,20,4
16635,2018,1,2018-06-06,SE,VILANOVA I LA GELTRU,Garraf,3,0,1,0,3,0,1,0,0,2,0,0,0,100.0,0.0,0,2,No n'hi ha,-1.0,3,3,1,0,0,0,0,0,0,0,0,0,0,1,4,-1,0,Fregament o col·lisió lateral,2,2,2,5,-1,2,1,17.15,1,2,2,6,6
16636,2018,0,2018-06-28,N-240,TARRES,Garrigues,2,0,1,3,1,0,0,0,0,1,0,0,0,100.0,0.0,0,0,No n'hi ha,-1.0,3,3,1,0,0,0,0,0,0,0,0,0,0,0,4,-1,1,Resta sortides de via,-1,1,2,4,1,2,1,15.34,1,1,3,28,6
16637,2018,1,2018-09-15,SE,CASTELLO D'EMPURIES,Alt Emporda,1,0,1,0,2,0,1,0,0,1,0,0,0,100.0,0.0,0,2,No n'hi ha,-1.0,3,3,1,0,0,0,0,0,0,0,0,0,0,2,4,4,0,Altres,0,2,2,5,-1,2,0,14.56,1,5,5,15,9
16638,2018,1,2018-07-05,SE,ALELLA,Maresme,3,0,2,0,1,0,0,1,0,0,0,0,0,30.0,0.0,0,2,No n'hi ha,-1.0,3,3,1,-1,0,0,0,-1,0,0,0,0,-1,0,5,-1,-1,Xoc contra objecte/obstacle sense sortida prèvia de via,-1,2,2,5,-1,2,1,21.44,1,4,3,5,7
16639,2018,1,2018-09-22,SE,BADALONA,Barcelones,3,0,1,0,3,0,0,1,0,2,0,0,0,100.0,0.0,0,-1,No n'hi ha,-1.0,3,3,1,0,0,0,0,0,0,0,0,0,0,0,4,-1,-1,Encalç,-1,2,2,5,-1,2,0,22.2,2,2,5,22,9
16640,2018,0,2018-05-22,C-65,GIRONA,Girones,1,1,0,0,2,0,0,0,0,1,1,0,0,100.0,0.0,0,2,No n'hi ha,0.0,3,3,0,0,0,0,0,0,0,0,0,0,0,0,4,-1,1,Envestida (frontal lateral),-1,1,2,4,2,2,1,8.28,0,2,1,22,5
16641,2018,1,2018-03-23,SE,BARCELONA,Barcelones,3,0,1,0,3,0,0,0,0,3,0,0,0,100.0,0.0,1,-1,Altres,-1.0,3,3,1,0,0,0,0,0,0,0,0,0,0,0,4,-1,0,Fregament o col·lisió lateral,-1,2,2,5,-1,2,0,15.45,1,2,4,23,3
16642,2018,0,2018-12-02,T-244,QUEROL,Alt Camp,0,0,1,0,2,0,0,0,1,1,0,0,0,100.0,0.0,0,2,No n'hi ha,-1.0,3,3,1,0,0,0,0,0,0,0,0,0,0,1,4,4,1,Envestida (frontal lateral),2,1,2,4,3,2,0,12.37,0,2,6,2,12
16643,2018,1,2018-02-05,SE,BARCELONA,Barcelones,3,0,1,0,2,1,0,0,0,1,0,0,0,100.0,0.0,1,-1,Carril bici,-1.0,1,3,1,0,0,0,0,0,0,0,0,0,0,1,4,-1,0,Atropellament,2,2,0,5,-1,2,1,11.55,0,3,0,5,2
16644,2018,1,2018-11-14,SE,LLEIDA,Segria,2,0,1,0,2,0,0,0,0,1,1,0,0,20.0,0.0,0,2,No n'hi ha,-1.0,3,3,1,-1,0,0,0,-1,0,0,0,0,-1,1,4,3,1,Fregament o col·lisió lateral,0,2,2,5,-1,2,1,8.4,0,2,2,14,11
16645,2018,1,2018-01-18,SE,VALLIRANA,Baix Llobregat,3,0,1,0,2,1,0,0,0,1,0,0,0,100.0,0.0,0,-1,No n'hi ha,-1.0,3,3,1,0,0,0,0,0,0,0,0,0,0,0,4,-1,-1,Altres,-1,2,2,5,-1,2,1,8.15,0,5,3,18,1
16646,2018,1,2018-04-12,SE,BARCELONA,Barcelones,3,0,1,0,2,0,0,0,1,1,0,0,0,100.0,0.0,1,-1,Carril bus,-1.0,3,3,1,0,0,0,0,0,0,0,0,0,0,1,0,-1,0,Envestida (frontal lateral),2,2,2,5,-1,2,1,7.15,0,2,3,12,4
16647,2018,1,2018-09-16,SE,BARCELONA,Barcelones,3,1,0,0,1,0,0,0,1,0,0,0,0,30.0,0.0,1,-1,No n'hi ha,-1.0,3,3,0,0,0,0,0,0,0,0,0,0,0,0,0,-1,1,Xoc contra objecte/obstacle sense sortida prèvia de via,-1,2,2,5,-1,2,0,5.45,2,4,6,16,9
16648,2018,1,2018-10-09,SE,HOSPITALET DE LLOBREGAT,Barcelones,3,0,1,0,2,1,0,0,0,1,0,0,0,20.0,0.0,0,-1,No n'hi ha,-1.0,3,3,1,-1,-1,0,0,-1,0,0,0,0,-1,0,4,-1,-1,Atropellament,-1,2,2,5,-1,2,1,14.33,1,3,1,9,10
16649,2018,0,2018-01-21,B-220,BELLPRAT,Anoia,3,0,1,3,3,0,0,0,3,0,0,0,0,100.0,0.0,0,1,No n'hi ha,-1.0,3,3,1,0,0,0,0,0,0,0,0,0,0,0,4,-1,1,Fregament o col·lisió lateral,-1,1,2,4,2,2,0,12.25,0,2,6,21,1
16650,2018,1,2018-03-08,SE,SABADELL,Valles Occidental,3,0,1,0,2,1,0,0,0,1,0,0,0,100.0,0.0,0,-1,No n'hi ha,-1.0,3,3,1,0,0,0,0,0,0,0,0,0,1,0,4,-1,-1,Atropellament,-1,2,2,5,-1,2,1,19.34,1,3,3,8,3
16651,2018,0,2018-08-21,B-225,CASTELLBISBAL,Valles Occidental,3,0,1,0,3,0,0,0,1,1,1,0,0,50.0,0.0,0,2,No n'hi ha,-1.0,3,3,1,0,0,1,0,0,0,0,0,0,0,0,4,-1,1,Fregament o col·lisió lateral,-1,1,2,4,3,2,1,12.09,0,2,1,21,8
16652,2018,0,2018-03-13,C-1412a,CASTELLFOLLIT DE RIU,Anoia,3,0,1,0,1,0,0,0,0,0,1,0,0,90.0,0.0,0,2,No n'hi ha,-1.0,3,3,1,0,0,0,0,0,0,0,0,0,0,0,3,-1,1,Resta sortides de via,-1,1,2,4,2,2,1,5.51,2,1,1,13,3
16653,2018,1,2018-07-08,SE,CASTELLDEFELS,Baix Llobregat,3,0,1,0,1,0,0,0,0,0,0,1,0,30.0,0.0,0,0,No n'hi ha,-1.0,3,3,1,0,0,0,0,0,0,0,0,0,0,0,4,-1,0,Resta sortides de via,-1,2,2,5,-1,2,0,17.3,1,1,6,8,7
16654,2018,0,2018-03-31,N-340,AMPOSTA,Montsia,0,0,1,0,1,0,0,0,1,0,0,0,0,100.0,0.0,0,2,No n'hi ha,-1.0,3,3,1,0,0,0,0,1,0,0,0,0,0,2,4,4,1,Resta sortides de via,1,1,2,4,1,0,0,11.44,0,1,5,31,3
16655,2018,1,2018-09-30,SE,SABADELL,Valles Occidental,3,0,1,0,3,0,0,0,1,2,0,0,0,100.0,0.0,0,-1,No n'hi ha,-1.0,3,3,1,0,0,0,0,0,0,0,0,0,0,0,4,-1,-1,Col·lisió frontal,-1,2,2,5,-1,2,0,21.22,1,2,6,30,9
16656,2018,1,2018-03-08,SE,REUS,Baix Camp,0,0,1,1,2,0,0,0,1,1,0,0,0,100.0,0.0,0,-1,No n'hi ha,-1.0,3,3,1,0,0,0,0,0,0,0,0,0,0,0,4,-1,-1,Encalç,-1,2,2,5,-1,2,1,11.45,0,2,3,8,3
16657,2018,1,2018-08-21,SE,BARCELONA,Barcelones,3,1,0,0,2,1,0,0,0,1,0,0,0,100.0,0.0,1,-1,Carril bus,-1.0,3,3,0,0,0,0,0,0,0,0,0,0,0,1,0,-1,1,Atropellament,2,2,2,5,-1,2,1,21.5,1,3,1,21,8
16658,2018,0,2018-10-03,BV-5003,GRANOLLERS,Valles Oriental,3,0,1,0,1,0,0,0,1,0,0,0,0,40.0,0.0,0,2,Altres,0.0,3,3,1,0,0,0,0,0,0,1,1,0,0,0,3,-1,1,Altres,-1,1,2,4,0,2,1,21.39,1,5,2,3,10
16659,2018,0,2018-12-27,N-141e,BESCANO,Girones,1,0,1,0,3,0,0,0,0,3,0,0,0,90.0,0.0,0,-1,Sense Especificar,-1.0,3,3,1,0,0,0,0,0,0,0,0,0,0,0,4,-1,-1,Encalç,-1,1,2,4,4,2,1,10.0,0,2,3,27,12
16660,2018,1,2018-07-18,SE,HOSPITALET DE LLOBREGAT,Barcelones,3,0,1,0,2,0,0,0,1,1,0,0,0,20.0,0.0,0,-1,No n'hi ha,-1.0,3,3,1,0,-1,0,0,0,0,0,0,0,0,1,4,3,-1,Fregament o col·lisió lateral,2,2,2,5,-1,2,1,17.4,1,2,2,18,7
16661,2018,1,2018-01-15,SE,REUS,Baix Camp,0,0,1,0,2,1,0,0,0,1,0,0,0,100.0,0.0,0,-1,No n'hi ha,-1.0,3,3,1,0,0,0,0,0,0,0,0,0,0,0,4,-1,-1,Atropellament,-1,2,2,5,-1,2,1,11.07,0,3,0,15,1
16662,2018,1,2018-07-23,SE,SETCASES,Ripolles,1,0,1,0,1,0,1,0,0,0,0,0,0,20.0,0.0,0,-1,Sense Especificar,-1.0,3,3,1,0,0,0,0,0,0,0,0,0,0,0,4,-1,-1,Resta sortides de via,-1,2,2,5,-1,2,1,8.56,0,1,0,23,7
16663,2018,0,2018-12-19,AP-7,BARBERA DEL VALLES,Valles Occidental,3,0,1,0,1,0,0,0,1,0,0,0,0,90.0,0.0,0,-1,Sense Especificar,-1.0,3,3,1,0,0,0,0,0,0,0,0,0,0,0,4,-1,-1,Xoc contra objecte/obstacle sense sortida prèvia de via,-1,1,2,4,4,2,1,13.52,0,4,2,19,12
16664,2018,0,2018-03-02,C-12,LLARDECANS,Segria,2,1,0,1,2,0,0,0,0,2,0,0,0,100.0,0.0,0,1,No n'hi ha,-1.0,3,3,0,0,0,0,0,0,0,0,0,0,0,1,4,4,1,Envestida (frontal lateral),0,1,2,4,2,2,1,12.3,0,2,4,2,3
16665,2018,0,2018-01-11,C-37,SANT PERE DE TORELLO,Osona,3,1,0,1,2,0,0,0,0,1,1,0,0,80.0,0.0,0,3,No n'hi ha,-1.0,3,3,0,0,0,0,0,0,0,0,0,0,0,0,5,-1,1,Col·lisió frontal,-1,1,2,4,2,2,1,21.05,1,2,3,11,1
16666,2018,0,2018-03-12,T-244,AIGUAMURCIA,Alt Camp,0,0,1,1,3,0,0,0,2,1,0,0,0,100.0,0.0,0,3,No n'hi ha,-1.0,3,3,1,0,0,0,0,0,0,0,0,0,0,0,4,-1,1,Fregament o col·lisió lateral,-1,1,2,4,3,2,1,14.14,1,2,0,12,3
16667,2018,1,2018-03-21,SE,IGUALADA,Anoia,3,0,1,0,2,1,0,0,0,1,0,0,0,50.0,0.0,0,2,No n'hi ha,-1.0,3,3,1,-1,0,0,0,-1,0,0,0,0,-1,1,5,2,1,Atropellament,2,2,2,5,-1,2,1,20.58,1,3,2,21,3
16668,2018,1,2018-01-02,SE,BARCELONA,Barcelones,3,0,1,0,2,0,0,0,1,1,0,0,0,100.0,0.0,1,-1,No n'hi ha,-1.0,3,3,1,0,0,0,0,0,0,0,0,0,0,1,4,-1,1,Envestida (frontal lateral),2,2,2,5,-1,2,1,14.2,1,2,1,2,1
16669,2018,1,2018-11-09,SE,HOSPITALET DE LLOBREGAT,Barcelones,3,0,1,0,1,0,0,0,1,0,0,0,0,20.0,0.0,0,2,No n'hi ha,-1.0,3,3,1,-1,0,0,0,-1,0,0,0,0,0,0,5,-1,1,Xoc contra objecte/obstacle sense sortida prèvia de via,-1,2,2,5,-1,2,0,23.45,2,4,4,9,11
16670,2018,1,2018-12-26,SE,GAIA,Bages,3,0,1,0,1,0,0,0,1,0,0,0,0,20.0,0.0,0,-1,Sense Especificar,-1.0,3,3,1,0,0,0,0,0,0,0,0,0,0,0,4,-1,-1,Altres,-1,2,2,5,-1,2,1,10.0,0,5,2,26,12
16671,2018,0,2018-03-31,C-32,SANT PERE DE RIBES,Garraf,3,1,1,0,1,0,0,0,1,0,0,0,0,100.0,0.0,0,2,No n'hi ha,-1.0,3,3,0,0,0,0,0,1,0,0,0,0,0,0,4,-1,0,Resta sortides de via,-1,1,2,4,2,0,0,14.01,1,1,5,31,3
16672,2018,1,2018-01-21,SE,MATARO,Maresme,3,0,1,1,1,0,0,0,0,0,0,1,0,20.0,0.0,0,-1,No n'hi ha,-1.0,3,3,1,-1,-1,0,0,-1,0,0,0,0,-1,0,4,-1,0,Sortida de via amb xoc o col·lisió,-1,2,2,5,-1,2,0,16.55,1,1,6,21,1
16673,2018,0,2018-06-02,B-124,CASTELLAR DEL VALLES,Valles Occidental,3,0,1,0,1,0,0,0,1,0,0,0,0,100.0,0.0,0,1,No n'hi ha,-1.0,3,3,1,0,0,0,0,0,0,0,0,0,0,0,4,-1,1,Caiguda en la via,-1,1,2,4,2,2,0,20.34,1,0,5,2,6
16674,2018,0,2018-06-29,N-II,PONTOS,Alt Emporda,1,0,1,1,2,0,0,0,0,1,1,0,0,100.0,0.0,0,2,No n'hi ha,-1.0,3,3,1,0,0,0,0,0,0,0,0,0,0,1,4,2,1,Altres,1,1,2,4,1,2,1,14.59,1,5,4,29,6
16675,2018,1,2018-02-16,SE,BARCELONA,Barcelones,3,0,1,1,2,1,0,1,0,0,0,0,0,100.0,0.0,1,-1,No n'hi ha,-1.0,3,3,1,0,0,0,0,0,0,0,0,0,0,0,4,-1,0,Atropellament,-1,2,2,5,-1,2,1,11.35,0,3,4,16,2
16676,2018,1,2018-05-29,SE,ROSES,Alt Emporda,1,0,1,0,2,0,0,0,1,1,0,0,0,20.0,0.0,0,-1,No n'hi ha,-1.0,3,3,1,-1,0,0,0,-1,0,0,0,0,0,1,4,4,0,Envestida (frontal lateral),2,2,2,5,-1,2,1,12.0,0,2,1,29,5
16677,2018,1,2018-07-04,SE,TORREDEMBARRA,Tarragones,0,0,1,0,2,0,0,0,1,1,0,0,0,20.0,0.0,0,-1,No n'hi ha,-1.0,3,3,1,-1,0,0,0,-1,0,0,0,0,0,0,5,-1,0,Fregament o col·lisió lateral,-1,2,2,5,-1,2,1,22.15,2,2,2,4,7
16678,2018,0,2018-09-15,C-243C,CASTELLBISBAL,Valles Occidental,3,0,1,0,2,0,0,0,1,1,0,0,0,90.0,0.0,0,-1,Sense Especificar,-1.0,3,3,1,0,0,0,0,0,0,0,0,0,0,0,4,-1,-1,Encalç,-1,1,2,4,4,2,0,12.07,0,2,5,15,9
16679,2018,0,2018-09-20,B-682,MALGRAT DE MAR,Maresme,3,1,0,0,1,0,0,0,1,0,0,0,0,100.0,0.0,0,-1,No n'hi ha,-1.0,3,3,0,0,0,0,0,0,0,0,0,0,0,0,4,-1,-1,Caiguda en la via,-1,1,2,4,-1,2,1,21.41,1,0,3,20,9
16680,2018,0,2018-07-13,N-420,RIUDECOLS,Baix Camp,0,1,0,3,2,0,0,0,0,2,0,0,0,100.0,0.0,0,1,No n'hi ha,-1.0,3,3,0,0,0,0,0,0,0,0,0,0,0,1,4,4,1,Envestida (frontal lateral),1,1,2,4,1,2,1,8.4,0,2,4,13,7
16681,2018,1,2018-05-20,SE,TARRAGONA,Tarragones,0,0,1,1,1,0,0,0,1,0,0,0,0,20.0,0.0,0,2,No n'hi ha,-1.0,3,3,1,-1,0,0,0,-1,0,0,0,0,-1,0,4,-1,1,Sortida de via amb bolcada,-1,2,2,5,-1,2,0,16.0,1,1,6,20,5
16682,2018,1,2018-06-28,SE,TARRAGONA,Tarragones,0,0,1,0,2,0,0,0,1,0,1,0,0,20.0,,0,2,No n'hi ha,-1.0,3,3,1,-1,0,0,0,-1,0,0,1,0,-1,0,4,-1,1,Xoc contra objecte/obstacle sense sortida prèvia de via,-1,2,2,5,-1,2,1,16.35,1,4,3,28,6
16683,2018,0,2018-11-20,C-12,TORRELAMEU,Noguera,2,0,1,3,2,0,0,0,0,2,0,0,0,100.0,0.0,0,1,No n'hi ha,-1.0,3,3,1,0,0,0,0,0,0,0,0,0,0,0,4,-1,1,Col·lisió frontal,-1,1,2,4,2,2,1,11.1,0,2,1,20,11
16684,2018,0,2018-02-21,C-58,BADIA DEL VALLES,Valles Occidental,3,0,1,0,2,0,0,0,1,1,0,0,0,100.0,0.0,0,1,No n'hi ha,-1.0,3,3,1,0,0,0,0,0,0,0,0,0,1,0,4,-1,0,Altres,-1,1,2,4,2,2,1,17.08,1,5,2,21,2
16685,2018,1,2018-07-07,C-59,SAN FELIU DE CODINES,Valles Oriental,3,0,1,0,2,0,1,0,0,1,0,0,0,100.0,0.0,0,-1,No n'hi ha,-1.0,3,3,1,0,0,0,0,0,0,0,0,0,0,0,4,-1,-1,Encalç,-1,0,2,4,-1,2,0,14.05,1,2,5,7,7
16686,2018,0,2018-02-18,BV-1243,CALDES DE MONTBUI,Valles Oriental,3,0,1,0,1,0,0,0,0,1,0,0,0,100.0,0.0,0,1,No n'hi ha,-1.0,3,3,1,0,0,0,0,0,0,0,0,0,0,0,3,-1,1,Resta sortides de via,-1,1,2,4,3,2,0,5.18,2,1,6,18,2
16687,2018,0,2018-06-20,C-35,GRANOLLERS,Valles Oriental,3,0,1,0,2,0,0,0,1,1,0,0,0,100.0,0.0,0,2,No n'hi ha,-1.0,3,3,1,0,0,0,0,0,0,0,0,0,0,0,5,-1,1,Col·lisió frontal,-1,1,2,4,2,2,1,22.06,2,2,2,20,6
16688,2018,1,2018-06-28,SE,ESPLUGUES DE LLOBREGAT,Baix Llobregat,3,0,1,0,1,0,0,0,1,0,0,0,0,20.0,0.0,0,1,No n'hi ha,0.0,3,3,1,0,0,0,0,0,0,0,0,0,0,0,5,-1,0,Caiguda en la via,-1,2,0,5,-1,2,1,21.25,1,0,3,28,6
16689,2018,1,2018-02-17,SE,SANTA MARGARIDA DE M,Anoia,3,0,1,0,1,0,0,0,1,0,0,0,0,20.0,0.0,0,-1,No n'hi ha,-1.0,3,3,1,-1,0,0,0,-1,0,0,0,0,-1,1,1,4,0,Caiguda en la via,1,2,2,5,-1,2,0,18.08,1,0,5,17,2
16690,2018,1,2018-04-30,SE,TERRASSA,Valles Occidental,3,0,1,1,2,0,0,0,0,2,0,0,0,100.0,0.0,0,2,No n'hi ha,-1.0,3,3,1,0,0,0,0,0,0,0,0,0,0,0,4,-1,1,Encalç,-1,2,2,5,-1,2,1,19.03,1,2,0,30,4
16691,2018,0,2018-02-08,AP-7,SANTA MARGARIDA I ELS MONJOS,Alt Penedes,3,0,1,3,4,0,0,0,0,3,1,0,0,100.0,0.0,0,2,No n'hi ha,-1.0,3,3,1,0,0,0,0,0,0,0,0,0,0,0,4,-1,0,Encalç,-1,1,2,4,1,2,1,13.37,0,2,3,8,2
16692,2018,1,2018-11-02,SE,BARCELONA,Barcelones,3,0,1,0,2,1,0,0,0,1,0,0,0,100.0,0.0,1,-1,No n'hi ha,-1.0,3,3,1,0,0,0,0,0,0,0,0,0,0,0,0,-1,1,Atropellament,-1,2,2,5,-1,2,0,23.0,2,3,4,2,11
16693,2018,1,2018-02-06,SE,SANT FELIU DE LLOBREGAT,Baix Llobregat,3,0,1,0,2,0,0,0,1,1,0,0,0,20.0,0.0,0,2,No n'hi ha,-1.0,3,3,1,-1,0,0,0,-1,0,0,0,0,-1,1,2,2,0,Envestida (frontal lateral),0,0,0,5,-1,2,1,11.5,0,2,1,6,2
16694,2018,0,2018-07-02,L-310,"PLANS DE SIO, ELS",Segarra,2,0,1,0,1,0,0,0,0,1,0,0,0,90.0,0.0,0,-1,Sense Especificar,-1.0,3,3,1,0,0,0,0,0,0,0,0,0,0,0,4,-1,-1,Resta sortides de via,-1,1,2,4,4,2,1,10.44,0,1,0,2,7
16695,2018,1,2018-10-21,SE,"SEU D'URGELL, LA",Alt Urgell,2,0,1,0,2,1,0,0,0,1,0,0,0,20.0,0.0,0,2,No n'hi ha,-1.0,3,3,1,-1,0,0,0,-1,0,0,0,0,-1,0,4,-1,0,Atropellament,-1,2,2,5,-1,2,0,14.1,1,3,6,21,10
16696,2018,1,2018-01-25,C-260,CASTELLO D'EMPURIES,Alt Emporda,1,0,1,0,3,1,0,0,0,0,1,1,0,90.0,0.0,0,-1,Sense Especificar,-1.0,3,1,1,0,0,0,0,0,0,0,0,0,0,0,4,-1,-1,Atropellament,-1,0,2,4,4,2,1,22.07,2,3,3,25,1
16697,2018,0,2018-08-06,SE,MOLLO,Ripolles,1,0,1,0,1,0,0,0,0,1,0,0,0,30.0,0.0,0,3,No n'hi ha,-1.0,3,3,1,0,0,0,0,0,0,0,0,0,0,0,4,-1,1,Resta sortides de via,-1,1,0,0,2,2,1,12.43,0,1,0,6,8
16698,2018,0,2018-06-16,C-32,SANT POL DE MAR,Maresme,3,0,1,0,1,0,0,0,1,0,0,0,0,120.0,0.0,0,3,No n'hi ha,-1.0,3,3,1,0,0,0,0,0,0,0,1,0,0,0,3,-1,0,Xoc contra objecte/obstacle sense sortida prèvia de via,-1,1,2,4,2,2,0,1.48,2,4,5,16,6
16699,2018,0,2018-12-15,C-32,MATARO,Maresme,3,0,1,7,2,0,0,0,0,2,0,0,0,90.0,0.0,0,-1,Sense Especificar,-1.0,3,3,1,0,0,0,0,0,0,0,0,0,0,0,4,-1,-1,Envestida (frontal lateral),-1,1,2,4,4,2,0,6.18,0,2,5,15,12
16700,2018,0,2018-12-18,C-58,TERRASSA,Valles Occidental,3,1,0,0,2,1,0,0,0,1,0,0,0,100.0,0.0,0,-1,No n'hi ha,-1.0,3,3,0,0,0,0,0,0,0,0,0,0,0,0,4,-1,-1,Atropellament,-1,1,2,4,-1,2,1,6.24,0,3,1,18,12
16701,2018,0,2018-05-05,LV-9124,CASTELL DE MUR,Pallars Jussa,2,0,1,0,1,0,0,0,1,0,0,0,0,100.0,0.0,0,1,No n'hi ha,-1.0,3,3,1,0,0,0,0,0,0,0,0,0,0,0,4,-1,1,Caiguda en la via,-1,1,0,4,3,2,0,13.34,0,0,5,5,5