,Year,Area,Date,Road,Municipality Name,County Name,Province Name,Fatalties,Serious Injuries,Light Injuries,Units Involved,Pedestrains Involved,Bicycles Involved,Mopeds Involved,Motorcycles,Light Vehicles Involved,Heavy Vehicles Involved,Other Units Involved,Unspecified Units Involved,Road Speed Limit,Accident with Hit and Run,Fog Presence,Surrounding Environment,Special Lane Presence,Special Traffic Measures,Weather Conditions,Special Road Functions,Severity of Accident,Influence of Fog,Influence of Environment,Influence of Traffic,Influence of Weather,Influence of Wind Intensity,Influence of Lighting,Influence of Special Measures,Influence of Road Objects,Influence of Road Surface,Influence of Visibility,Intersection Characteristics,Lighting Conditions,Traffic Regulation and Priority,Direction of Road,Subtype of Accident,Subtype of Road Section,Subzone within Area,Road Surface Conditions,Type of Road,Road Ownership,Wind Conditions,Day of the Week Grouping,Hour of Day,Time of Day Grouping,Type of Accident,Day Type,Day,Month
16702,2018,0,2018-07-19,BP-1417,SANT CUGAT DEL VALLES,Valles Occidental,3,0,1,1,2,0,0,0,0,2,0,0,0,100.0,0.0,0,2,No n'hi ha,-1.0,3,3,1,0,0,0,0,0,0,0,0,0,0,0,5,-1,1,Col·lisió frontal,-1,1,2,4,3,2,1,0.44,2,2,3,19,7
16703,2018,0,2018-01-13,B-24,PALLEJA,Baix Llobregat,3,0,1,0,1,0,0,0,1,0,0,0,0,100.0,0.0,0,0,No n'hi ha,-1.0,3,3,1,0,0,0,0,0,0,0,0,0,0,0,4,-1,0,Caiguda en la via,-1,1,2,4,3,2,0,12.01,0,0,5,13,1
16704,2018,1,2018-01-31,N-152a,SANTA PERPETUA DE MO,Valles Occidental,3,0,1,0,2,0,0,0,1,1,0,0,0,100.0,0.0,0,-1,No n'hi ha,-1.0,3,3,1,0,0,0,0,0,0,0,0,0,0,0,4,-1,-1,Encalç,-1,0,2,4,-1,2,1,14.23,1,2,2,31,1
16706,2018,1,2018-10-24,SE,GIRONA,Girones,1,1,0,0,2,1,0,0,0,0,1,0,0,100.0,0.0,0,2,No n'hi ha,-1.0,3,3,0,0,0,0,0,0,0,0,0,0,0,0,5,-1,1,Atropellament,-1,2,2,5,-1,2,1,20.35,1,3,2,24,10
16707,2018,0,2018-07-05,N-II,GRANYANELLA,Segarra,2,1,1,0,2,0,0,0,0,2,0,0,0,100.0,0.0,0,2,No n'hi ha,-1.0,3,3,0,0,0,0,0,0,0,0,0,0,0,0,4,-1,1,Col·lisió frontal,-1,1,2,4,1,2,1,14.33,1,2,3,5,7
16708,2018,0,2018-10-10,N-420,MORA D'EBRE,Ribera d'Ebre,0,0,2,1,2,0,0,0,0,2,0,0,0,100.0,0.0,0,2,No n'hi ha,-1.0,3,3,1,0,0,0,0,0,0,0,0,0,0,0,4,-1,1,Col·lisió frontal,-1,1,2,4,1,2,1,18.35,1,2,2,10,10
16709,2018,1,2018-03-06,SE,BARCELONA,Barcelones,3,0,1,0,2,1,0,0,1,0,0,0,0,100.0,0.0,1,-1,Carril bus,-1.0,3,3,1,0,0,0,0,0,0,0,0,0,0,1,4,-1,0,Atropellament,1,2,2,5,-1,2,1,11.2,0,3,1,6,3
16710,2018,1,2018-02-16,SE,SANT BOI DE LLOBREGAT,Baix Llobregat,3,0,1,0,2,0,0,1,1,0,0,0,0,30.0,0.0,0,-1,No n'hi ha,-1.0,3,3,1,-1,0,0,0,-1,0,0,0,0,0,1,4,4,0,Envestida (frontal lateral),2,2,2,5,-1,2,0,21.53,1,2,4,16,2
16711,2018,1,2018-02-05,SE,RIPOLLET,Valles Occidental,3,0,1,0,2,1,0,0,0,1,0,0,0,100.0,0.0,0,3,No n'hi ha,-1.0,2,3,1,0,0,0,1,0,0,0,0,0,0,2,2,-1,0,Atropellament,1,2,2,5,-1,2,1,17.0,1,3,0,5,2
16712,2018,0,2018-09-18,C-155,POLINYA,Valles Occidental,3,0,1,1,1,0,0,0,0,1,0,0,0,90.0,0.0,0,-1,Sense Especificar,-1.0,3,3,1,0,0,0,0,0,0,0,0,0,0,0,4,-1,-1,Resta sortides de via,-1,1,2,4,4,2,1,11.01,0,1,1,18,9
16713,2018,1,2018-03-13,SE,RODA DE BARA,Tarragones,0,0,1,1,2,1,1,0,0,0,0,0,0,100.0,0.0,0,-1,No n'hi ha,-1.0,3,3,1,0,0,0,0,0,0,0,0,0,0,0,4,-1,-1,Caiguda en la via,-1,2,2,5,-1,2,1,18.56,1,0,1,13,3
16714,2018,0,2018-09-20,L-511,COLL DE NARGO,Alt Urgell,2,0,1,0,2,0,0,0,1,1,0,0,0,100.0,0.0,0,1,No n'hi ha,-1.0,3,3,1,0,0,0,0,0,0,0,0,0,0,0,4,-1,1,Caiguda en la via,-1,1,2,4,3,2,1,13.49,0,0,3,20,9
16715,2018,1,2018-01-13,SE,TERRASSA,Valles Occidental,3,0,1,2,1,0,0,0,0,1,0,0,0,100.0,0.0,0,-1,No n'hi ha,-1.0,3,3,1,0,0,0,0,0,0,0,0,0,0,0,4,-1,-1,Altres,-1,2,2,5,-1,2,0,5.4,2,5,5,13,1
16716,2018,1,2018-01-24,SE,BARCELONA,Barcelones,3,0,1,0,2,1,0,0,0,1,0,0,0,30.0,0.0,1,-1,Carril bici,-1.0,3,3,1,0,0,0,0,0,0,0,0,0,0,1,4,-1,0,Atropellament,2,2,2,5,-1,2,1,13.45,0,3,2,24,1
16717,2018,1,2018-06-15,N-340a,"ALDEA, L'",Baix Ebre,0,0,1,0,2,0,0,1,0,1,0,0,0,50.0,0.0,0,2,No n'hi ha,-1.0,3,3,1,0,0,0,0,0,0,0,0,0,0,0,4,-1,1,Envestida (frontal lateral),-1,0,2,4,-1,2,1,10.53,0,2,4,15,6
16718,2018,1,2018-11-25,SE,TARRAGONA,Tarragones,0,0,1,0,2,1,0,0,0,1,0,0,0,20.0,0.0,0,2,No n'hi ha,-1.0,3,3,1,-1,0,0,0,-1,0,0,0,0,-1,1,4,2,0,Atropellament,1,2,2,5,-1,2,0,9.0,0,3,6,25,11
16719,2018,0,2018-09-14,C-58,MONTCADA I REIXAC,Valles Occidental,3,0,1,0,2,0,0,0,1,1,0,0,0,120.0,0.0,0,2,Altres,-1.0,3,3,1,0,0,1,0,0,0,0,0,0,0,0,4,-1,1,Altres,-1,1,2,4,3,2,0,15.46,1,5,4,14,9
16720,2018,1,2018-09-13,SE,BARCELONA,Barcelones,3,0,1,0,2,0,0,1,0,1,0,0,0,60.0,0.0,1,-1,No n'hi ha,-1.0,3,3,1,0,0,0,0,0,0,0,0,0,0,0,0,-1,0,Encalç,-1,2,2,5,-1,2,1,19.3,1,2,3,13,9
16721,2018,0,2018-07-31,AP-7,AIGUAVIVA,Girones,1,0,1,0,4,0,0,0,0,0,0,4,0,90.0,0.0,0,-1,Sense Especificar,-1.0,3,3,1,0,0,0,0,0,0,0,0,0,0,0,4,-1,-1,Encalç,-1,1,2,4,4,2,1,13.01,0,2,1,31,7
16722,2018,1,2018-01-14,SE,SANT JULIA DE RAMIS,Girones,1,0,1,0,1,0,0,0,1,0,0,0,0,20.0,0.0,0,-1,Sense Especificar,-1.0,3,3,1,0,0,0,0,0,0,0,0,0,0,2,4,5,-1,Altres,1,2,2,5,-1,2,0,9.04,0,5,6,14,1
16723,2018,0,2018-04-15,C-31,REGENCOS,Baix Emporda,1,0,1,0,1,0,0,0,0,1,0,0,0,80.0,0.0,0,1,No n'hi ha,-1.0,3,3,1,0,0,0,0,0,0,0,0,0,0,0,4,-1,1,Resta sortides de via,-1,1,2,4,2,2,0,16.35,1,1,6,15,4
16724,2018,1,2018-08-13,SE,BARCELONA,Barcelones,3,0,1,0,2,0,0,1,0,1,0,0,0,100.0,0.0,1,-1,Carril bus,-1.0,3,3,1,0,0,0,0,0,0,0,0,0,0,1,4,-1,1,Fregament o col·lisió lateral,1,2,2,5,-1,2,1,18.01,1,2,0,13,8
16725,2018,0,2018-04-14,C-1412a,TORA,Segarra,2,1,1,1,2,0,0,0,0,2,0,0,0,70.0,0.0,0,3,No n'hi ha,-1.0,3,3,0,0,0,0,1,0,0,0,0,0,0,0,2,-1,1,Resta sortides de via,-1,1,2,4,2,2,0,18.05,1,1,5,14,4
16726,2018,0,2018-01-07,AP-7,GELIDA,Alt Penedes,3,0,1,0,2,0,0,0,0,1,1,0,0,100.0,1.0,0,2,No n'hi ha,-1.0,3,3,1,0,0,0,0,0,0,0,0,0,0,0,3,-1,0,Encalç,-1,1,2,4,1,2,0,6.39,0,2,6,7,1
16727,2018,0,2018-07-10,CR,BELLVIS,Pla d'Urgell,2,0,1,0,1,0,0,1,0,0,0,0,0,100.0,0.0,0,2,No n'hi ha,-1.0,3,3,1,0,0,0,0,0,0,0,0,0,0,0,4,-1,1,Resta sortides de via,-1,1,2,3,0,2,1,17.56,1,1,1,10,7
16728,2018,0,2018-09-23,GI-681,LLAGOSTERA,Girones,1,0,1,1,2,0,0,0,1,1,0,0,0,100.0,0.0,0,2,No n'hi ha,-1.0,3,3,1,0,0,0,0,0,0,0,0,0,0,0,4,-1,1,Encalç,-1,1,2,4,2,2,0,13.22,0,2,6,23,9
16729,2018,1,2018-07-24,SE,TARRAGONA,Tarragones,0,0,1,0,2,1,0,0,0,1,0,0,0,30.0,0.0,0,2,No n'hi ha,-1.0,3,3,1,0,0,0,0,0,0,0,0,0,0,0,4,-1,0,Atropellament,-1,2,2,5,-1,2,1,12.48,0,3,1,24,7
16730,2018,1,2018-10-23,SE,OLOT,Garrotxa,1,1,0,0,2,0,0,1,0,1,0,0,0,100.0,0.0,0,2,No n'hi ha,-1.0,3,3,0,0,0,0,0,0,0,0,0,0,0,1,4,4,0,Caiguda en la via,0,2,2,5,-1,2,1,15.11,1,0,1,23,10
16731,2018,1,2018-12-04,B-224,MARTORELL,Baix Llobregat,3,0,1,0,2,1,0,0,0,1,0,0,0,90.0,0.0,0,-1,Sense Especificar,-1.0,3,3,1,0,0,0,0,0,0,0,0,0,0,0,4,-1,-1,Atropellament,-1,0,2,4,-1,2,1,12.47,0,3,1,4,12
16732,2018,1,2018-12-16,SE,GIRONA,Girones,1,1,0,0,1,0,0,0,0,1,0,0,0,100.0,0.0,0,2,No n'hi ha,-1.0,3,3,0,0,0,0,0,0,0,0,0,0,0,0,5,-1,1,Xoc contra objecte/obstacle sense sortida prèvia de via,-1,2,2,5,-1,2,0,6.37,0,4,6,16,12
16733,2018,1,2018-10-08,SE,HOSPITALET DE LLOBREGAT,Barcelones,3,0,1,0,2,1,0,0,0,1,0,0,0,20.0,0.0,0,-1,No n'hi ha,-1.0,3,3,1,-1,0,0,0,-1,0,0,0,0,0,0,4,-1,0,Atropellament,-1,2,2,5,-1,2,1,14.43,1,3,0,8,10
16734,2018,1,2018-05-05,SE,"FAR D'EMPORDA, EL",Alt Emporda,1,0,1,0,2,0,0,1,0,0,0,1,0,40.0,0.0,0,2,No n'hi ha,-1.0,3,3,1,0,0,0,0,0,0,0,0,0,0,1,2,4,0,Altres,2,2,2,5,-1,1,0,14.59,1,5,5,5,5
16735,2018,1,2018-07-13,SE,TERRASSA,Valles Occidental,3,0,1,0,2,0,0,0,1,1,0,0,0,100.0,0.0,0,2,No n'hi ha,-1.0,3,3,1,0,0,0,0,0,0,0,0,0,0,1,4,4,0,Envestida (frontal lateral),2,2,2,5,-1,2,1,7.2,0,2,4,13,7
16736,2018,1,2018-02-07,SE,BADALONA,Barcelones,3,0,1,0,2,0,0,0,1,1,0,0,0,20.0,0.0,0,-1,No n'hi ha,-1.0,3,3,1,-1,0,0,0,-1,0,0,0,0,0,0,4,-1,0,Fregament o col·lisió lateral,-1,2,2,5,-1,2,1,8.45,0,2,2,7,2
16737,2018,0,2018-03-27,C-55,CALLUS,Bages,3,1,0,0,2,0,0,0,0,1,1,0,0,100.0,0.0,0,0,No n'hi ha,-1.0,3,3,0,0,0,0,0,0,0,0,0,0,0,0,4,-1,1,Col·lisió frontal,-1,1,2,4,2,2,1,13.38,0,2,1,27,3
16738,2018,1,2018-06-27,SE,HOSPITALET DE LLOBREGAT,Barcelones,3,0,1,0,2,0,0,0,1,1,0,0,0,50.0,0.0,0,2,No n'hi ha,-1.0,3,3,1,-1,0,0,0,-1,0,0,0,0,-1,0,5,-1,0,Fregament o col·lisió lateral,-1,2,2,5,-1,2,1,4.24,2,2,2,27,6
16739,2018,1,2018-06-09,SE,CISTELLA,Alt Emporda,1,0,1,0,2,1,0,0,0,1,0,0,0,20.0,0.0,0,1,No n'hi ha,-1.0,3,3,1,0,0,0,0,0,0,0,0,0,0,0,4,-1,1,Atropellament,-1,2,2,5,-1,2,0,18.21,1,3,5,9,6
16740,2018,1,2018-03-08,SE,SANT ANFREU DE LA BARCA,Baix Llobregat,3,0,1,0,2,1,0,0,0,1,0,0,0,30.0,0.0,0,2,No n'hi ha,-1.0,3,3,1,-1,0,0,0,-1,0,0,0,0,-1,0,5,-1,1,Atropellament,-1,0,2,5,-1,2,1,22.28,2,3,3,8,3
16741,2018,1,2018-07-15,C-61,ARENYS DE MAR,Maresme,3,0,1,0,2,0,0,0,1,1,0,0,0,60.0,0.0,0,2,No n'hi ha,-1.0,3,3,1,0,0,0,0,0,0,0,0,0,0,1,0,4,1,Col·lisió frontal,2,0,2,4,2,2,0,0.57,2,2,6,15,7
16742,2018,1,2018-01-04,SE,CERDANYOLA DEL VALLES,Valles Occidental,3,0,1,0,2,1,0,0,0,1,0,0,0,100.0,0.0,0,2,No n'hi ha,-1.0,3,3,1,0,0,0,0,0,0,0,0,0,0,2,5,5,1,Atropellament,2,2,2,5,-1,2,1,18.21,1,3,3,4,1
16743,2018,0,2018-04-15,L-511,COLL DE NARGO,Alt Urgell,2,0,1,0,1,0,0,0,1,0,0,0,0,100.0,0.0,0,1,No n'hi ha,-1.0,3,3,1,0,0,0,0,0,0,0,0,0,0,0,4,-1,1,Caiguda en la via,-1,1,2,4,3,2,0,15.49,1,0,6,15,4
16744,2018,1,2018-01-08,SE,BARCELONA,Barcelones,3,0,1,0,2,0,0,0,1,1,0,0,0,100.0,0.0,1,-1,Carril bus,-1.0,3,3,1,0,0,0,0,0,0,0,0,0,0,1,0,-1,0,Fregament o col·lisió lateral,2,2,2,5,-1,2,1,20.45,1,2,0,8,1
16745,2018,1,2018-10-17,SE,CORNELLA DE LLOBREGAT,Baix Llobregat,3,0,1,0,2,0,0,0,1,1,0,0,0,20.0,0.0,0,-1,No n'hi ha,-1.0,3,3,1,0,0,0,0,0,0,0,0,0,0,0,4,-1,-1,Fregament o col·lisió lateral,-1,2,2,5,-1,2,1,18.25,1,2,2,17,10
16746,2018,1,2018-11-23,SE,BARCELONA,Barcelones,3,0,1,0,2,1,0,0,0,1,0,0,0,100.0,0.0,1,-1,No n'hi ha,-1.0,3,3,1,0,0,0,0,0,0,0,0,0,0,1,4,-1,0,Atropellament,1,2,0,5,-1,2,1,11.15,0,3,4,23,11
16747,2018,0,2018-06-12,N-II,ARENYS DE MAR,Maresme,3,0,1,2,2,0,0,0,0,2,0,0,0,50.0,0.0,0,1,No n'hi ha,-1.0,3,3,1,0,0,0,0,0,0,0,0,0,0,0,4,-1,1,Col·lisió frontal,-1,1,2,4,1,2,1,14.14,1,2,1,12,6
16748,2018,1,2018-10-23,SE,OLOT,Garrotxa,1,0,1,1,2,0,0,0,0,2,0,0,0,100.0,0.0,0,2,No n'hi ha,-1.0,3,3,1,0,0,0,0,0,0,0,0,0,0,1,4,4,1,Envestida (frontal lateral),2,2,2,5,0,2,1,10.59,0,2,1,23,10
16749,2018,1,2018-04-03,SE,MANRESA,Bages,3,0,1,1,1,0,0,0,0,1,0,0,0,30.0,0.0,0,3,No n'hi ha,-1.0,3,3,1,0,0,0,0,0,0,0,0,0,0,0,4,-1,0,Xoc contra objecte/obstacle sense sortida prèvia de via,-1,2,2,5,-1,2,1,18.55,1,4,1,3,4
16750,2018,1,2018-01-18,SE,MATARO,Maresme,3,0,1,0,2,1,1,0,0,0,0,0,0,20.0,0.0,0,-1,No n'hi ha,-1.0,3,3,1,0,-1,0,0,0,0,0,0,0,0,0,4,-1,-1,Atropellament,-1,2,2,5,-1,2,1,13.5,0,3,3,18,1
16751,2018,1,2018-08-13,SE,BARCELONA,Barcelones,3,0,1,0,1,0,0,0,1,0,0,0,0,100.0,0.0,1,-1,No n'hi ha,-1.0,3,3,1,0,0,0,0,0,0,0,0,0,0,1,4,-1,0,Xoc contra objecte/obstacle sense sortida prèvia de via,2,2,2,5,-1,2,1,6.55,0,4,0,13,8
16752,2018,1,2018-05-12,SE,GIRONA,Girones,1,1,0,0,1,0,0,0,0,0,0,1,0,100.0,0.0,0,2,No n'hi ha,-1.0,3,3,0,0,0,0,0,0,0,0,0,0,0,1,5,4,1,Resta sortides de via,0,2,2,5,-1,2,0,2.5,2,1,5,12,5
16753,2018,0,2018-02-17,L-313,OLIOLA,Noguera,2,0,4,0,1,0,0,0,0,1,0,0,0,30.0,0.0,0,1,No n'hi ha,-1.0,3,3,1,0,0,0,0,0,0,0,0,0,0,1,3,4,1,Resta sortides de via,1,1,2,4,2,2,0,20.53,1,1,5,17,2
16754,2018,0,2018-01-15,C-60,ARGENTONA,Maresme,3,0,1,0,1,0,0,0,1,0,0,0,0,90.0,0.0,0,-1,Sense Especificar,-1.0,3,3,1,0,0,0,0,0,0,0,0,0,0,0,4,-1,-1,Altres,-1,1,2,4,4,2,1,10.19,0,5,0,15,1
16755,2018,1,2018-11-26,SE,BARCELONA,Barcelones,3,0,1,0,2,0,0,0,1,1,0,0,0,100.0,0.0,1,-1,No n'hi ha,-1.0,3,3,1,0,0,0,0,0,0,0,0,0,0,0,0,-1,1,Caiguda en la via,-1,2,2,5,-1,2,1,21.44,1,0,0,26,11
16756,2018,1,2018-01-26,SE,VIC,Osona,3,0,1,1,3,0,0,0,0,3,0,0,0,100.0,0.0,0,2,No n'hi ha,-1.0,1,3,1,0,0,0,0,0,0,0,0,0,0,1,2,3,1,Envestida (frontal lateral),2,2,2,5,-1,2,1,12.4,0,2,4,26,1
16757,2018,1,2018-07-28,SE,CORNELLA DE LLOBREGAT,Baix Llobregat,3,0,1,1,1,0,0,0,0,0,1,0,0,20.0,0.0,0,-1,No n'hi ha,-1.0,3,3,1,0,-1,0,0,0,0,0,0,0,0,0,1,-1,-1,Xoc contra objecte/obstacle sense sortida prèvia de via,-1,2,2,5,-1,2,0,7.15,0,4,5,28,7
16758,2018,1,2018-12-14,SE,SABADELL,Valles Occidental,3,0,1,0,2,0,0,0,1,1,0,0,0,100.0,0.0,0,-1,No n'hi ha,-1.0,3,3,1,0,0,0,0,0,0,0,0,0,0,0,4,-1,-1,Envestida (frontal lateral),-1,2,2,5,-1,2,0,19.55,1,2,4,14,12
16759,2018,1,2018-08-16,SE,REUS,Baix Camp,0,0,1,0,1,0,0,0,0,0,0,1,0,100.0,0.0,0,-1,No n'hi ha,-1.0,3,3,1,0,0,0,0,0,0,0,0,0,0,0,4,-1,-1,Altres,-1,2,2,5,-1,2,1,9.55,0,5,3,16,8
16760,2018,1,2018-10-03,SE,MOLINS DE REI,Baix Llobregat,3,0,1,0,4,0,0,0,0,4,0,0,0,20.0,0.0,0,2,No n'hi ha,-1.0,3,3,1,-1,0,0,0,-1,0,0,0,0,0,0,4,-1,1,Encalç,-1,2,2,5,-1,2,1,11.07,0,2,2,3,10
16761,2018,1,2018-03-13,SE,BARCELONA,Barcelones,3,0,1,0,2,1,0,0,0,1,0,0,0,100.0,0.0,1,-1,No n'hi ha,-1.0,3,3,1,0,0,0,0,0,0,0,0,0,0,0,4,-1,0,Atropellament,-1,2,2,5,-1,2,1,17.25,1,3,1,13,3
16762,2018,0,2018-12-01,B-10,BARCELONA,Barcelones,3,1,0,0,2,1,0,0,0,0,1,0,0,100.0,0.0,1,-1,No n'hi ha,-1.0,3,3,0,0,0,0,0,0,0,0,0,0,0,0,1,-1,0,Atropellament,-1,1,2,1,-1,2,0,1.4,2,3,5,1,12
16763,2018,1,2018-10-07,SE,BARCELONA,Barcelones,3,0,1,0,1,0,0,1,0,0,0,0,0,30.0,0.0,1,-1,No n'hi ha,-1.0,1,3,1,0,0,0,0,0,0,0,0,0,0,0,0,-1,1,Caiguda en la via,-1,2,0,5,-1,2,0,22.2,2,0,6,7,10
16764,2018,0,2018-01-28,T-310,MONTBRIO DEL CAMP,Baix Camp,0,0,2,0,3,0,0,0,0,2,0,1,0,100.0,0.0,0,2,No n'hi ha,-1.0,3,3,1,0,0,0,0,0,0,0,0,0,0,1,4,5,1,Encalç,1,1,2,4,2,2,0,10.07,0,2,6,28,1
16765,2018,0,2018-01-21,GI-555,RIUDARENES,Selva,1,1,0,0,1,0,0,0,1,0,0,0,0,60.0,0.0,0,3,No n'hi ha,-1.0,3,3,0,0,0,0,0,0,0,0,0,0,0,0,4,-1,1,Resta sortides de via,-1,1,2,4,3,2,0,12.27,0,1,6,21,1
16766,2018,1,2018-11-11,SE,PINOS,Solsones,2,0,1,0,1,0,1,0,0,0,0,0,0,20.0,0.0,0,-1,Sense Especificar,-1.0,3,3,1,0,0,0,0,0,0,0,0,0,0,0,4,-1,-1,Altres,-1,2,2,5,-1,2,0,11.0,0,5,6,11,11
16767,2018,1,2018-11-05,SE,LLEIDA,Segria,2,0,1,0,2,1,0,0,0,1,0,0,0,20.0,0.0,0,2,No n'hi ha,-1.0,2,3,1,-1,0,0,0,0,0,0,0,0,1,1,1,2,1,Atropellament,1,2,0,5,-1,1,1,17.4,1,3,0,5,11
16768,2018,0,2018-06-17,BV-2422,"PALMA DE CERVELLO, LA",Baix Llobregat,3,0,1,0,2,0,0,0,1,1,0,0,0,100.0,0.0,0,3,No n'hi ha,-1.0,3,3,1,0,0,0,0,0,0,0,0,0,0,2,4,4,1,Caiguda en la via,1,1,3,4,3,2,0,19.15,1,0,6,17,6
16769,2018,1,2018-11-20,SE,BARCELONA,Barcelones,3,0,1,1,2,0,1,0,1,0,0,0,0,100.0,0.0,1,-1,Carril bici,-1.0,3,3,1,0,0,0,0,0,0,0,0,0,0,1,4,-1,0,Envestida (frontal lateral),2,2,2,5,-1,2,1,9.45,0,2,1,20,11
16770,2018,0,2018-12-03,AP-7,CASTELLVI DE ROSANES,Baix Llobregat,3,0,1,0,2,0,0,0,0,1,1,0,0,100.0,0.0,0,2,No n'hi ha,4.0,3,3,1,0,0,0,0,0,0,0,0,0,0,0,3,-1,1,Encalç,-1,1,2,4,1,2,1,2.01,2,2,0,3,12
16771,2018,1,2018-09-30,SE,"VENDRELL, EL",Baix Penedes,0,0,1,0,2,0,0,0,0,2,0,0,0,40.0,0.0,0,2,No n'hi ha,-1.0,3,3,1,-1,0,0,0,-1,0,0,0,0,0,0,5,-1,1,Xoc contra objecte/obstacle sense sortida prèvia de via,-1,2,2,5,-1,2,0,21.19,1,4,6,30,9
16772,2018,0,2018-04-04,SE,VIVER I SERRATEIX,Bergueda,3,0,1,0,1,0,1,0,0,0,0,0,0,50.0,0.0,0,3,No n'hi ha,-1.0,3,3,1,0,0,0,0,0,0,0,0,0,0,0,4,-1,1,Caiguda en la via,-1,1,2,0,4,2,1,10.53,0,0,2,4,4
16773,2018,1,2018-04-19,SE,MATARO,Maresme,3,0,1,0,2,1,0,0,0,1,0,0,0,20.0,0.0,0,-1,No n'hi ha,-1.0,3,3,1,0,0,0,0,0,0,0,0,0,0,0,4,-1,-1,Atropellament,-1,2,2,5,-1,2,1,11.58,0,3,3,19,4
16774,2019,1,2019-12-30,SE,OLOT,Garrotxa,1,0,1,0,2,0,0,0,0,2,0,0,0,30.0,0.0,0,2,No n'hi ha,-1.0,3,3,1,0,0,0,0,0,0,0,0,0,0,1,4,4,0,Fregament o col·lisió lateral,0,2,2,5,-1,2,1,9.22,0,2,0,30,12
16775,2019,0,2019-08-17,C-31,CALONGE,Baix Emporda,1,0,1,0,1,0,0,0,1,0,0,0,0,90.0,0.0,0,-1,Sense Especificar,-1.0,3,3,1,0,0,0,0,0,0,0,0,0,0,0,4,-1,-1,Resta sortides de via,-1,1,2,4,4,2,0,6.58,0,1,5,17,8
16776,2019,1,2019-05-15,SE,VILADECANS,Baix Llobregat,3,0,1,0,2,0,1,0,0,1,0,0,0,40.0,0.0,0,2,No n'hi ha,-1.0,3,3,1,0,0,0,0,0,0,0,0,0,0,0,4,-1,0,Envestida (frontal lateral),-1,2,2,5,1,2,1,10.0,0,2,2,15,5
16777,2019,1,2019-09-13,SE,BARCELONA,Barcelones,3,0,1,0,2,0,0,0,2,0,0,0,0,100.0,0.0,1,-1,No n'hi ha,-1.0,3,3,1,0,0,0,0,0,0,0,0,0,0,0,4,-1,1,Encalç,-1,2,2,5,-1,2,1,8.25,0,2,4,13,9
16778,2019,1,2019-05-31,C-251,LLINARS DEL VALLES,Valles Oriental,3,0,1,0,2,0,0,0,1,1,0,0,0,90.0,0.0,0,-1,No n'hi ha,-1.0,3,3,1,-1,0,0,0,-1,0,0,0,0,0,0,4,-1,1,Col·lisió frontal,-1,0,2,4,0,2,1,14.1,1,2,4,31,5
16779,2019,1,2019-02-12,SE,SANT FELIU DE LLOBREGAT,Baix Llobregat,3,0,1,0,2,0,0,0,1,1,0,0,0,20.0,0.0,0,2,No n'hi ha,-1.0,3,3,1,-1,0,0,0,-1,0,0,0,0,-1,1,5,4,1,Envestida (frontal lateral),1,2,2,5,-1,2,1,21.11,1,2,1,12,2
16780,2019,0,2019-07-21,GI-552,BREDA,Selva,1,0,1,0,1,0,0,0,1,0,0,0,0,100.0,0.0,0,1,No n'hi ha,-1.0,3,3,1,0,0,0,0,0,0,0,0,0,0,0,4,-1,1,Resta sortides de via,-1,1,2,4,2,2,0,12.51,0,1,6,21,7
16781,2019,1,2019-08-15,SE,TARRAGONA,Tarragones,0,0,1,0,2,1,0,0,0,1,0,0,0,100.0,0.0,0,2,No n'hi ha,-1.0,3,3,1,0,0,0,0,0,0,0,0,0,0,0,4,-1,1,Atropellament,-1,2,1,5,-1,2,1,15.1,1,3,3,15,8
16782,2019,0,2019-09-20,B-22,"PRAT DE LLOBREGAT, E",Baix Llobregat,3,0,1,0,2,1,0,0,0,1,0,0,0,100.0,0.0,0,2,No n'hi ha,-1.0,3,3,1,0,0,0,0,0,0,0,0,0,0,0,4,-1,1,Atropellament,-1,1,2,4,1,2,1,14.08,1,3,4,20,9
16783,2019,1,2019-11-27,SE,OLOT,Garrotxa,1,0,1,0,2,1,0,0,0,1,0,0,0,100.0,0.0,0,3,No n'hi ha,-1.0,3,3,1,0,0,0,0,0,0,0,0,0,0,0,4,-1,1,Atropellament,-1,2,2,5,-1,2,1,16.45,1,3,2,27,11
16784,2019,0,2019-11-01,GIV-6701,MADREMANYA,Girones,1,0,1,1,1,0,0,0,0,1,0,0,0,90.0,0.0,0,-1,Sense Especificar,-1.0,3,3,1,0,0,0,0,0,0,0,0,0,0,0,4,-1,-1,Resta sortides de via,-1,1,2,4,4,2,0,19.42,1,1,4,1,11
16785,2019,1,2019-03-03,SE,CORNELLA DE LLOBREGAT,Baix Llobregat,3,1,0,1,2,1,0,0,1,0,0,0,0,50.0,0.0,0,-1,No n'hi ha,-1.0,3,3,0,-1,0,0,0,-1,0,0,0,0,-1,0,5,-1,1,Atropellament,-1,2,2,5,-1,2,0,2.06,2,3,6,3,3
16786,2019,0,2019-04-09,C-17,SEVA,Osona,3,0,1,0,1,0,0,0,0,1,0,0,0,80.0,0.0,0,2,No n'hi ha,-1.0,3,3,1,0,0,0,1,0,0,0,0,0,0,0,1,-1,1,Resta sortides de via,-1,1,2,4,2,2,1,18.46,1,1,1,9,4