,Year,Area,Date,Road,Municipality Name,County Name,Province Name,Fatalties,Serious Injuries,Light Injuries,Units Involved,Pedestrains Involved,Bicycles Involved,Mopeds Involved,Motorcycles,Light Vehicles Involved,Heavy Vehicles Involved,Other Units Involved,Unspecified Units Involved,Road Speed Limit,Accident with Hit and Run,Fog Presence,Surrounding Environment,Special Lane Presence,Special Traffic Measures,Weather Conditions,Special Road Functions,Severity of Accident,Influence of Fog,Influence of Environment,Influence of Traffic,Influence of Weather,Influence of Wind Intensity,Influence of Lighting,Influence of Special Measures,Influence of Road Objects,Influence of Road Surface,Influence of Visibility,Intersection Characteristics,Lighting Conditions,Traffic Regulation and Priority,Direction of Road,Subtype of Accident,Subtype of Road Section,Subzone within Area,Road Surface Conditions,Type of Road,Road Ownership,Wind Conditions,Day of the Week Grouping,Hour of Day,Time of Day Grouping,Type of Accident,Day Type,Day,Month
16787,2019,1,2019-04-27,SE,BARCELONA,Barcelones,3,0,1,0,2,0,0,0,1,1,0,0,0,100.0,0.0,1,-1,No n'hi ha,-1.0,3,3,1,0,0,0,0,0,0,0,0,0,0,1,0,-1,1,Envestida (frontal lateral),2,2,2,5,-1,2,0,1.5,2,2,5,27,4
16788,2019,1,2019-06-20,SE,BARCELONA,Barcelones,3,0,1,25,4,0,0,0,1,1,2,0,0,100.0,0.0,1,-1,Carril bus,-1.0,3,3,1,0,0,0,0,0,0,0,0,0,0,1,4,-1,1,Encalç,0,2,2,5,-1,2,1,9.5,0,2,3,20,6
16789,2019,1,2019-12-20,SE,SABADELL,Valles Occidental,3,1,0,0,2,1,0,0,0,1,0,0,0,20.0,0.0,0,-1,No n'hi ha,-1.0,2,3,0,-1,0,0,0,-1,0,0,0,0,0,0,0,-1,1,Atropellament,-1,2,0,5,-1,2,0,23.56,2,3,4,20,12
16790,2019,1,2019-05-31,SE,BARCELONA,Barcelones,3,0,1,0,3,2,0,0,0,1,0,0,0,100.0,0.0,1,-1,No n'hi ha,-1.0,3,3,1,0,0,0,0,0,0,0,0,0,0,0,4,-1,0,Atropellament,-1,2,2,5,-1,2,0,15.55,1,3,4,31,5
16791,2019,0,2019-11-07,C-246a,VILANOVA I LA GELTRU,Garraf,3,0,1,1,1,0,0,0,1,0,0,0,0,40.0,0.0,0,0,No n'hi ha,-1.0,3,3,1,0,0,0,0,0,0,0,0,0,0,0,3,-1,1,Resta sortides de via,-1,1,2,4,3,2,1,19.54,1,1,3,7,11
16792,2019,1,2019-02-02,SE,SANT FELIU DE LLOBREGAT,Baix Llobregat,3,0,1,1,2,0,0,0,1,1,0,0,0,20.0,0.0,0,-1,No n'hi ha,-1.0,3,3,1,-1,0,0,0,-1,0,0,0,0,0,0,4,-1,1,Fregament o col·lisió lateral,-1,2,2,5,-1,2,0,9.59,0,2,5,2,2
16793,2019,0,2019-02-14,A-7,TARRAGONA,Tarragones,0,0,1,0,2,0,0,0,1,1,0,0,0,100.0,0.0,0,2,Carril acceleració,-1.0,3,3,1,0,0,0,0,0,0,0,0,0,0,2,5,4,1,Encalç,3,1,2,4,1,2,1,21.05,1,2,3,14,2
16794,2019,0,2019-08-04,N-240,TARRAGONA,Tarragones,0,0,4,1,2,0,0,0,0,2,0,0,0,80.0,0.0,0,1,No n'hi ha,-1.0,3,3,1,0,0,0,0,0,0,0,0,0,1,0,5,-1,0,Col·lisió frontal,-1,1,2,4,1,2,0,2.04,2,2,6,4,8
16795,2019,0,2019-03-15,N-340,CERVELLO,Baix Llobregat,3,0,1,0,2,0,0,0,0,2,0,0,0,90.0,0.0,0,-1,Sense Especificar,-1.0,3,3,1,0,0,0,0,0,0,0,0,0,0,0,4,-1,-1,Envestida (frontal lateral),-1,1,2,4,4,2,0,15.24,1,2,4,15,3
16796,2019,1,2019-02-24,SE,BADALONA,Barcelones,3,0,1,0,2,1,0,0,0,1,0,0,0,20.0,0.0,0,-1,No n'hi ha,-1.0,3,3,1,-1,-1,0,0,-1,0,0,0,0,0,0,1,-1,-1,Atropellament,-1,2,2,5,-1,2,0,19.25,1,3,6,24,2
16797,2019,0,2019-10-01,CR,TORREDEMBARRA,Tarragones,0,0,1,0,2,0,0,0,0,2,0,0,0,100.0,0.0,0,2,Carril central,-1.0,3,3,1,0,0,0,0,0,0,0,0,0,0,1,4,4,0,Envestida (frontal lateral),0,1,3,3,0,2,1,16.35,1,2,1,1,10
16798,2019,1,2019-01-26,SE,BARCELONA,Barcelones,3,1,0,0,2,0,0,0,1,1,0,0,0,100.0,0.0,1,-1,Carril bus,-1.0,3,3,0,0,0,0,0,0,0,0,0,0,0,1,0,-1,1,Envestida (frontal lateral),2,2,2,5,-1,2,0,6.05,0,2,5,26,1
16799,2019,0,2019-03-09,C-13,CAMARASA,Noguera,2,0,1,0,1,0,0,0,1,0,0,0,0,90.0,0.0,0,-1,Sense Especificar,-1.0,3,3,1,0,0,0,0,0,0,0,0,0,0,0,4,-1,-1,Resta sortides de via,-1,1,2,4,4,2,0,17.16,1,1,5,9,3
16800,2019,1,2019-03-24,SE,VILAMALLA,Alt Emporda,1,0,1,0,2,1,0,0,0,0,1,0,0,20.0,0.0,0,2,No n'hi ha,-1.0,3,3,1,0,0,0,0,0,0,0,0,0,0,0,5,-1,0,Atropellament,-1,2,3,5,-1,2,0,21.37,1,3,6,24,3
16801,2019,1,2019-04-17,SE,CALDES DE MONTBUI,Valles Oriental,3,0,1,0,2,1,0,0,0,0,1,0,0,100.0,0.0,0,-1,No n'hi ha,-1.0,3,3,1,0,0,0,0,0,0,0,0,0,0,0,4,-1,-1,Altres,-1,2,2,5,-1,2,1,9.55,0,5,2,17,4
16802,2019,1,2019-02-14,SE,TERRASSA,Valles Occidental,3,0,1,0,2,1,0,0,0,1,0,0,0,100.0,0.0,0,2,No n'hi ha,-1.0,3,3,1,0,0,0,0,0,0,0,0,0,0,1,5,2,0,Atropellament,2,2,2,5,-1,2,1,20.15,1,3,3,14,2
16803,2019,1,2019-10-01,SE,MANRESA,Bages,3,0,3,0,5,2,0,0,1,2,0,0,0,100.0,0.0,0,2,No n'hi ha,-1.0,3,3,1,0,0,0,0,0,0,0,0,0,0,2,4,3,0,Atropellament,2,2,2,5,-1,2,1,14.3,1,3,1,1,10
16804,2019,0,2019-08-22,GI-512,MACANET DE LA SELVA,Selva,1,0,1,0,1,0,0,0,1,0,0,0,0,90.0,0.0,0,-1,Sense Especificar,-1.0,3,3,1,0,0,0,0,0,0,0,0,0,0,0,4,-1,-1,Xoc amb animal a la calçada,-1,1,2,4,4,2,1,7.04,0,4,3,22,8
16805,2019,1,2019-04-23,SE,VILANOVA I LA GELTRU,Garraf,3,0,1,0,2,1,1,0,0,0,0,0,0,100.0,0.0,0,-1,No n'hi ha,-1.0,3,3,1,0,0,0,0,0,0,0,0,0,0,0,4,-1,-1,Atropellament,-1,2,2,5,-1,2,1,7.45,0,3,1,23,4
16806,2019,0,2019-09-10,B-225,CASTELLBISBAL,Valles Occidental,3,1,0,0,2,0,0,0,0,1,1,0,0,60.0,0.0,0,2,No n'hi ha,-1.0,3,3,0,0,0,0,0,0,0,0,0,0,0,2,5,4,1,Encalç,1,1,2,4,2,2,1,6.1,0,2,1,10,9
16807,2019,0,2019-02-06,T-331,FREGINALS,Montsia,0,0,1,1,2,0,0,0,0,2,0,0,0,100.0,0.0,0,1,No n'hi ha,-1.0,3,3,1,0,0,0,0,0,0,0,0,0,0,0,3,-1,1,Col·lisió frontal,-1,1,2,4,2,2,1,18.59,1,2,2,6,2
16808,2019,1,2019-08-28,SE,BARCELONA,Barcelones,3,0,1,1,2,0,0,0,1,1,0,0,0,100.0,0.0,1,-1,No n'hi ha,-1.0,3,3,1,0,0,0,0,0,0,0,0,0,0,1,1,-1,0,Fregament o col·lisió lateral,2,2,2,5,-1,2,1,20.15,1,2,2,28,8
16809,2019,0,2019-11-23,AP-7,MONTMELO,Valles Oriental,3,0,1,0,2,0,0,0,1,1,0,0,0,100.0,0.0,0,1,No n'hi ha,-1.0,3,3,1,0,0,0,0,0,0,0,0,0,0,0,3,-1,1,Encalç,-1,1,2,4,1,2,0,17.31,1,2,5,23,11
16810,2019,0,2019-10-12,GI-600,BLANES,Selva,1,0,1,0,2,0,0,0,1,1,0,0,0,90.0,0.0,0,-1,Sense Especificar,-1.0,3,3,1,0,0,0,0,0,0,0,0,0,0,0,4,-1,-1,Fregament o col·lisió lateral,-1,1,2,4,4,2,0,17.14,1,2,5,12,10
16811,2019,0,2019-02-09,CR,TORREDEMBARRA,Tarragones,0,0,1,0,2,0,0,0,1,1,0,0,0,100.0,0.0,0,2,No n'hi ha,-1.0,3,3,1,0,0,0,0,0,0,0,0,0,0,1,4,4,0,Envestida (frontal lateral),2,1,2,3,0,2,0,18.1,1,2,5,9,2
16812,2019,1,2019-06-03,SE,LLEIDA,Segria,2,0,1,0,1,0,0,0,0,0,1,0,0,100.0,0.0,0,2,No n'hi ha,-1.0,3,3,1,0,0,0,0,0,0,0,0,0,0,0,4,-1,1,Caiguda en la via,-1,2,2,5,-1,2,1,13.0,0,0,0,3,6
16813,2019,1,2019-09-24,SE,BARCELONA,Barcelones,3,0,1,0,2,0,0,0,1,1,0,0,0,100.0,0.0,1,-1,No n'hi ha,-1.0,3,3,1,0,0,0,0,0,0,0,0,0,0,1,0,-1,0,Envestida (frontal lateral),2,2,2,5,-1,2,1,2.1,2,2,1,24,9
16814,2019,0,2019-10-08,C-1415c,"ROCA DEL VALLES, LA",Valles Oriental,3,0,1,1,2,0,0,0,0,1,1,0,0,100.0,0.0,0,3,No n'hi ha,-1.0,3,3,1,0,0,0,0,0,0,0,0,0,0,0,4,-1,1,Col·lisió frontal,-1,1,2,4,2,2,1,12.4,0,2,1,8,10
16815,2019,1,2019-04-12,SE,VILAFRANCA DEL PENEDES,Alt Penedes,3,0,1,0,2,1,0,0,0,1,0,0,0,100.0,0.0,0,2,No n'hi ha,-1.0,3,3,1,0,0,0,0,0,0,0,0,0,0,1,4,-1,0,Atropellament,2,2,2,5,-1,2,1,10.3,0,3,4,12,4
16816,2019,1,2019-09-27,SE,TARRAGONA,Tarragones,0,0,1,0,2,1,0,0,0,1,0,0,0,100.0,0.0,0,2,No n'hi ha,-1.0,3,3,1,0,0,0,0,0,0,0,0,0,0,0,4,-1,0,Altres,-1,2,2,5,-1,2,0,17.5,1,5,4,27,9
16817,2019,1,2019-03-25,BV-5305,TARADELL,Osona,3,1,0,0,2,1,0,0,0,1,0,0,0,100.0,0.0,0,2,No n'hi ha,-1.0,3,3,0,0,0,0,0,0,0,0,0,0,0,1,4,4,1,Atropellament,2,0,2,4,0,2,1,16.35,1,3,0,25,3
16818,2019,1,2019-09-19,SE,GRANOLLERS,Valles Oriental,3,0,1,0,2,0,1,0,0,0,1,0,0,100.0,0.0,0,2,Carril bici,-1.0,3,3,1,0,0,0,0,0,0,0,0,0,0,1,4,3,1,Envestida (frontal lateral),2,2,2,5,-1,2,1,8.19,0,2,3,19,9
16819,2019,1,2019-01-09,SE,VILASSAR DE MAR,Maresme,3,0,1,0,2,1,0,0,0,1,0,0,0,100.0,0.0,0,-1,No n'hi ha,-1.0,3,3,1,0,0,0,0,0,0,0,0,0,0,0,4,-1,-1,Atropellament,-1,2,2,5,-1,2,1,9.05,0,3,2,9,1
16820,2019,0,2019-04-28,GI-633,COLOMERS,Baix Emporda,1,1,2,0,1,0,0,0,0,1,0,0,0,100.0,0.0,0,2,No n'hi ha,-1.0,3,3,0,0,0,0,0,0,0,0,0,0,0,0,1,-1,1,Resta sortides de via,-1,1,2,4,3,2,0,6.35,0,1,6,28,4
16821,2019,0,2019-03-24,CR,SABADELL,Valles Occidental,3,1,1,0,3,2,0,0,0,1,0,0,0,100.0,0.0,0,-1,No n'hi ha,-1.0,3,3,0,0,0,0,0,0,0,0,0,0,0,0,4,-1,-1,Altres,-1,1,2,3,-1,2,0,12.1,0,5,6,24,3
16822,2019,0,2019-03-04,C-55,SURIA,Bages,3,0,2,1,1,0,0,0,0,1,0,0,0,100.0,0.0,0,1,No n'hi ha,-1.0,3,3,1,0,0,0,0,0,0,0,0,0,0,1,4,4,1,Resta sortides de via,2,1,2,4,2,2,1,13.1,0,1,0,4,3
16823,2019,1,2019-06-15,SE,VALLS,Alt Camp,0,0,1,1,3,0,0,0,0,3,0,0,0,100.0,0.0,0,-1,No n'hi ha,-1.0,3,3,1,0,0,0,0,0,0,0,0,0,0,0,4,-1,-1,Encalç,-1,2,2,5,-1,2,0,20.35,1,2,5,15,6
16824,2019,1,2019-07-21,SE,TORROELLA DE MONTGRI,Baix Emporda,1,0,1,2,1,0,0,0,0,1,0,0,0,40.0,0.0,0,1,No n'hi ha,-1.0,3,3,1,0,0,0,0,0,0,0,0,0,0,1,1,4,1,Resta sortides de via,0,0,2,4,3,2,0,6.44,0,1,6,21,7
16825,2019,1,2019-07-20,SE,SANT ADRIA DE BESOS,Barcelones,3,0,1,0,2,0,0,0,1,1,0,0,0,20.0,1.0,0,-1,No n'hi ha,-1.0,3,3,1,-1,0,0,0,-1,0,0,0,0,-1,1,4,4,1,Caiguda en la via,2,2,2,5,-1,2,0,17.15,1,0,5,20,7
16826,2019,0,2019-05-10,C-66,CORNELLA DEL TERRI,Pla de l'Estany,1,1,0,0,2,0,1,0,0,1,0,0,0,100.0,1.0,0,0,No n'hi ha,-1.0,3,3,0,0,0,0,0,0,0,0,0,0,0,0,4,-1,0,Encalç,-1,1,2,4,2,2,1,9.53,0,2,4,10,5
16827,2019,0,2019-07-02,GI-555,MASSANES,Selva,1,0,1,1,1,0,0,0,1,0,0,0,0,100.0,0.0,0,2,No n'hi ha,-1.0,3,3,1,0,0,0,0,0,0,0,0,0,0,0,4,-1,1,Resta sortides de via,-1,1,2,4,2,2,1,12.59,0,1,1,2,7
16828,2019,0,2019-02-20,B-124,CASTELLAR DEL VALLES,Valles Occidental,3,0,1,2,2,0,0,0,0,2,0,0,0,100.0,0.0,0,1,No n'hi ha,-1.0,3,3,1,0,0,0,0,0,0,0,0,0,0,0,4,-1,1,Col·lisió frontal,-1,1,2,4,3,2,1,17.03,1,2,2,20,2
16829,2019,0,2019-07-11,A-2,CORNELLA DE LLOBREGAT,Baix Llobregat,3,0,1,0,2,0,0,0,1,0,1,0,0,90.0,0.0,0,-1,Sense Especificar,-1.0,3,3,1,0,0,0,0,0,0,0,0,0,0,0,4,-1,-1,Altres,-1,1,2,4,4,2,1,9.14,0,5,3,11,7
16830,2019,1,2019-10-09,SE,BARCELONA,Barcelones,3,0,1,0,2,0,0,1,0,1,0,0,0,100.0,0.0,1,-1,No n'hi ha,-1.0,1,3,1,0,0,0,0,0,0,0,0,0,0,0,4,-1,1,Caiguda en la via,-1,2,0,5,-1,2,1,15.49,1,0,2,9,10
16831,2019,0,2019-01-27,C-58,RIPOLLET,Valles Occidental,3,0,1,1,2,0,0,0,1,1,0,0,0,100.0,0.0,0,1,No n'hi ha,-1.0,3,3,1,0,0,0,0,0,0,0,0,0,0,0,3,-1,0,Encalç,-1,1,2,4,2,2,0,6.41,0,2,6,27,1
16832,2019,0,2019-04-01,C-16,BALSARENY,Bages,3,0,1,0,2,0,0,0,0,1,1,0,0,90.0,0.0,0,-1,Sense Especificar,-1.0,3,3,1,0,0,0,0,0,0,0,0,0,0,0,4,-1,-1,Encalç,-1,1,2,4,4,2,1,6.01,0,2,0,1,4
16833,2019,0,2019-03-09,C-17,BELANYA,Osona,3,0,1,0,1,0,0,0,0,1,0,0,0,100.0,0.0,0,2,No n'hi ha,-1.0,3,3,1,0,0,0,0,0,0,0,0,0,0,0,1,-1,0,Resta sortides de via,-1,1,2,4,2,2,0,7.05,0,1,5,9,3
16834,2019,1,2019-07-30,SE,HOSPITALET DE LLOBREGAT,Barcelones,3,1,0,0,2,0,1,0,0,1,0,0,0,20.0,0.0,0,2,No n'hi ha,-1.0,3,3,0,-1,0,0,0,-1,0,0,0,0,0,1,4,4,0,Encalç,0,2,2,5,0,2,1,12.45,0,2,1,30,7
16835,2019,1,2019-06-08,T-344,MASDENVERGE,Montsia,0,1,0,0,2,1,0,0,0,1,0,0,0,100.0,0.0,0,2,No n'hi ha,-1.0,3,3,0,0,0,0,0,0,0,0,0,0,0,0,4,-1,1,Atropellament,-1,0,2,4,2,2,0,10.46,0,3,5,8,6
16836,2019,1,2019-08-31,SE,BARCELONA,Barcelones,3,0,1,0,2,0,0,0,1,1,0,0,0,100.0,0.0,1,-1,Carril bici,-1.0,3,3,1,0,0,0,0,0,0,0,0,0,0,1,4,-1,0,Fregament o col·lisió lateral,1,2,2,5,-1,2,0,18.05,1,2,5,31,8
16837,2019,1,2019-05-29,N-260,LLANCA,Alt Emporda,1,0,2,0,2,0,0,0,1,1,0,0,0,100.0,0.0,0,2,No n'hi ha,-1.0,3,3,1,0,0,0,0,0,0,0,0,0,0,1,4,4,1,Col·lisió frontal,2,0,2,4,1,2,1,19.33,1,2,2,29,5
16838,2019,1,2019-10-27,N-IIa,FIGUERES,Alt Emporda,1,0,1,0,2,1,0,0,0,1,0,0,0,100.0,0.0,0,2,No n'hi ha,-1.0,3,3,1,0,0,0,0,0,0,0,0,0,0,0,5,-1,1,Atropellament,-1,0,2,4,-1,2,0,19.3,1,3,6,27,10
16839,2019,1,2019-12-30,SE,CALAFELL,Baix Penedes,0,0,1,0,2,0,0,0,1,1,0,0,0,20.0,0.0,0,-1,No n'hi ha,-1.0,3,3,1,-1,-1,0,0,-1,0,0,0,0,0,0,4,-1,-1,Xoc contra objecte/obstacle sense sortida prèvia de via,-1,2,2,5,-1,2,1,16.48,1,4,0,30,12
16840,2019,1,2019-10-15,SE,BARCELONA,Barcelones,3,0,1,0,2,0,0,0,1,1,0,0,0,100.0,0.0,1,-1,No n'hi ha,-1.0,3,3,1,0,0,0,0,0,0,0,0,0,0,0,4,-1,1,Col·lisió frontal,-1,2,2,5,-1,2,1,15.5,1,2,1,15,10
16841,2019,0,2019-01-16,A-2,TARREGA,Urgell,2,0,1,0,2,0,0,0,0,1,1,0,0,100.0,0.0,1,2,Carril d'alentiment,-1.0,3,3,1,0,0,0,0,0,0,0,0,0,0,0,2,-1,0,Encalç,-1,1,2,4,1,2,1,10.34,0,2,2,16,1
16842,2019,0,2019-04-25,N-II,BASCARA,Alt Emporda,1,1,0,0,1,0,0,0,0,1,0,0,0,100.0,0.0,0,1,No n'hi ha,-1.0,3,3,0,0,0,0,0,0,0,0,0,0,0,0,2,-1,1,Resta sortides de via,-1,1,2,4,1,2,1,18.03,1,1,3,25,4
16843,2019,0,2019-05-29,GI-614,ROSES,Alt Emporda,1,0,1,0,1,0,0,0,0,0,1,0,0,90.0,0.0,0,-1,Sense Especificar,-1.0,3,3,1,0,0,0,0,0,0,0,0,0,0,0,4,-1,-1,Resta sortides de via,-1,1,2,4,4,2,1,13.2,0,1,2,29,5
16844,2019,0,2019-07-25,CR,MONTGAI,Noguera,2,0,1,0,2,1,0,0,0,1,0,0,0,100.0,0.0,0,1,No n'hi ha,-1.0,3,3,1,0,0,0,0,0,0,0,0,0,0,1,4,4,1,Atropellament,1,1,3,3,-1,2,1,13.09,0,3,3,25,7
16845,2019,1,2019-05-08,SE,BADALONA,Barcelones,3,0,1,0,2,1,0,0,1,0,0,0,0,20.0,0.0,0,-1,No n'hi ha,-1.0,3,3,1,0,-1,0,0,0,0,0,0,0,0,1,4,4,-1,Atropellament,0,2,2,5,-1,2,1,15.51,1,3,2,8,5
16846,2019,1,2019-08-08,SE,SEVA,Osona,3,0,1,0,2,0,1,0,0,1,0,0,0,100.0,0.0,0,2,No n'hi ha,-1.0,3,3,1,0,0,0,0,0,0,0,0,0,0,1,4,5,0,Envestida (frontal lateral),1,2,2,5,-1,2,1,11.41,0,2,3,8,8
16847,2019,1,2019-05-03,SE,SANT CUGAT DEL VALLES,Valles Occidental,3,0,1,0,1,0,0,0,1,0,0,0,0,100.0,0.0,0,2,No n'hi ha,-1.0,1,3,1,0,0,0,0,0,0,0,0,0,0,0,5,-1,1,Xoc contra objecte/obstacle sense sortida prèvia de via,-1,2,2,5,-1,2,0,22.01,2,4,4,3,5
16848,2019,1,2019-03-23,SE,BARCELONA,Barcelones,3,0,1,0,1,0,0,1,0,0,0,0,0,100.0,0.0,1,-1,Carril bus,-1.0,3,3,1,0,0,0,0,0,0,0,0,0,0,0,4,-1,0,Xoc contra objecte/obstacle sense sortida prèvia de via,-1,2,2,5,-1,2,0,7.4,0,4,5,23,3
16849,2019,1,2019-03-05,SE,BARCELONA,Barcelones,3,0,2,0,2,0,0,0,1,0,0,1,0,100.0,0.0,1,-1,No n'hi ha,-1.0,3,3,1,0,0,0,0,0,0,0,0,0,0,1,4,-1,0,Envestida (frontal lateral),2,2,2,5,-1,2,1,12.3,0,2,1,5,3
16850,2019,1,2019-10-05,SE,BARCELONA,Barcelones,3,0,1,0,2,1,0,0,0,0,1,0,0,100.0,0.0,1,-1,No n'hi ha,-1.0,3,3,1,0,0,0,0,0,0,0,0,0,0,1,1,-1,1,Atropellament,2,2,2,5,-1,2,0,20.15,1,3,5,5,10
16851,2019,1,2019-02-08,SE,HOSPITALET DE LLOBREGAT,Barcelones,3,0,1,0,1,0,0,0,1,0,0,0,0,20.0,0.0,0,-1,No n'hi ha,-1.0,3,3,1,0,-1,0,0,0,0,0,0,0,0,0,4,-1,-1,Caiguda en la via,-1,2,2,5,-1,2,0,16.44,1,0,4,8,2
16852,2019,1,2019-12-21,SE,SANT ANFREU DE LA BARCA,Baix Llobregat,3,0,1,0,2,1,0,0,0,1,0,0,0,100.0,0.0,0,-1,No n'hi ha,-1.0,3,3,1,0,0,0,0,0,0,0,0,0,0,0,4,-1,-1,Atropellament,-1,2,2,5,-1,2,0,13.1,0,3,5,21,12
16853,2019,1,2019-03-22,SE,ALELLA,Maresme,3,0,1,0,1,0,0,0,1,0,0,0,0,20.0,0.0,0,-1,No n'hi ha,-1.0,3,3,1,0,-1,0,0,0,0,0,0,0,0,0,4,-1,1,Caiguda en la via,-1,2,2,5,-1,2,0,18.3,1,0,4,22,3
16854,2019,0,2019-03-22,AP-7,TARRAGONA,Tarragones,0,1,0,0,3,0,0,0,0,2,1,0,0,100.0,0.0,0,2,No n'hi ha,-1.0,3,3,0,0,0,0,0,0,0,0,1,0,0,0,0,-1,1,Encalç,-1,1,2,4,1,2,1,5.57,2,2,4,22,3
16855,2019,0,2019-03-06,C-55,MONISTROL DE MONTSER,Bages,3,0,1,1,5,0,0,0,0,4,1,0,0,100.0,0.0,0,1,No n'hi ha,0.0,3,3,1,0,0,0,0,0,0,0,0,0,0,0,1,-1,1,Col·lisió frontal,-1,1,2,4,2,2,1,6.46,0,2,2,6,3
16856,2019,1,2019-04-04,SE,HOSPITALET DE LLOBREGAT,Barcelones,3,0,1,0,2,1,0,1,0,0,0,0,0,20.0,0.0,0,-1,No n'hi ha,-1.0,3,3,1,-1,-1,0,0,-1,0,0,0,0,-1,0,5,-1,0,Atropellament,-1,2,2,5,-1,2,1,22.18,2,3,3,4,4
16857,2019,0,2019-11-27,BV-1501,CASTELLBISBAL,Valles Occidental,3,0,1,0,2,1,0,0,1,0,0,0,0,100.0,0.0,0,2,No n'hi ha,-1.0,3,3,1,0,0,0,0,0,1,0,0,0,0,0,0,-1,1,Atropellament,-1,1,2,4,3,2,1,18.02,1,3,2,27,11
16858,2019,1,2019-10-01,N-141c,MANRESA,Bages,3,0,1,0,2,0,0,0,1,1,0,0,0,100.0,0.0,0,2,No n'hi ha,-1.0,3,3,1,0,0,0,0,0,0,0,0,0,0,1,4,4,0,Fregament o col·lisió lateral,3,0,2,4,0,2,1,18.05,1,2,1,1,10
16859,2019,1,2019-06-02,LP-7041,SEROS,Segria,2,0,1,0,2,1,0,0,0,1,0,0,0,100.0,0.0,0,2,No n'hi ha,-1.0,3,3,1,0,0,0,0,0,0,0,0,0,0,0,4,-1,1,Atropellament,-1,0,2,4,-1,2,0,20.4,1,3,6,2,6
16860,2019,1,2019-12-14,SE,BARCELONA,Barcelones,3,0,1,0,5,0,0,2,2,1,0,0,0,100.0,0.0,1,-1,No n'hi ha,-1.0,3,3,1,0,0,0,0,0,0,0,0,0,0,0,0,-1,0,Encalç,-1,2,2,5,-1,2,0,19.4,1,2,5,14,12
16861,2019,1,2019-11-29,SE,GIRONA,Girones,1,0,1,0,1,0,1,0,0,0,0,0,0,100.0,0.0,0,2,No n'hi ha,-1.0,3,3,1,0,0,0,0,0,0,0,0,0,0,0,4,-1,1,Caiguda en la via,-1,2,2,5,-1,2,0,15.0,1,0,4,29,11
16862,2019,1,2019-02-13,SE,BLANES,Selva,1,0,1,0,2,1,0,0,0,1,0,0,0,100.0,0.0,0,-1,No n'hi ha,-1.0,3,3,1,0,0,0,0,0,0,0,0,0,0,0,4,-1,-1,Altres,-1,2,2,5,-1,2,1,9.36,0,5,2,13,2
16863,2019,1,2019-04-06,SE,SANT CUGAT DEL VALLES,Valles Occidental,3,1,0,0,1,0,0,0,1,0,0,0,0,100.0,0.0,0,-1,No n'hi ha,-1.0,3,3,0,0,0,0,0,0,0,0,0,0,0,0,4,-1,-1,Altres,-1,2,2,5,-1,2,0,23.3,2,5,5,6,4
16864,2019,1,2019-11-27,SE,GIRONA,Girones,1,0,1,0,2,0,0,0,1,1,0,0,0,100.0,0.0,0,2,Altres,-1.0,3,3,1,0,0,0,0,0,0,0,0,0,0,1,5,3,1,Envestida (frontal lateral),2,2,2,5,-1,2,1,18.16,1,2,2,27,11
16865,2019,1,2019-11-01,SE,SANT FELIU DE GUIXOLS,Baix Emporda,1,0,1,0,2,1,0,0,0,1,0,0,0,100.0,0.0,0,-1,No n'hi ha,-1.0,3,3,1,0,0,0,0,0,0,0,0,0,0,0,4,-1,-1,Caiguda en la via,-1,2,2,5,-1,2,1,10.03,0,0,4,1,11
16866,2019,1,2019-01-03,SE,BARCELONA,Barcelones,3,0,1,0,2,1,0,0,0,0,1,0,0,100.0,0.0,1,-1,Carril bus,-1.0,3,3,1,0,0,0,0,0,0,0,0,0,0,0,0,-1,0,Atropellament,-1,2,2,5,-1,2,1,19.55,1,3,3,3,1
16867,2019,0,2019-10-17,C-14,VILAVERD,Conca de Barbera,0,1,0,0,2,0,0,0,1,1,0,0,0,100.0,0.0,0,0,No n'hi ha,-1.0,3,3,0,0,0,0,0,0,0,0,0,0,0,0,4,-1,1,Fregament o col·lisió lateral,-1,1,2,4,2,2,1,18.16,1,2,3,17,10
16868,2019,1,2019-09-12,SE,CADAQUES,Alt Emporda,1,0,1,0,1,0,1,0,0,0,0,0,0,20.0,0.0,0,-1,Sense Especificar,-1.0,3,3,1,0,0,0,0,0,0,0,0,0,0,0,4,-1,-1,Resta sortides de via,-1,2,2,5,-1,2,1,17.54,1,1,3,12,9
16869,2019,0,2019-02-20,C-12,FLIX,Ribera d'Ebre,0,0,2,1,2,0,0,0,0,1,0,1,0,90.0,0.0,0,-1,Sense Especificar,-1.0,3,3,1,0,0,0,0,0,0,0,0,0,0,0,4,-1,-1,Encalç,-1,1,2,4,4,2,1,15.17,1,2,2,20,2
16870,2019,1,2019-06-08,SE,BARCELONA,Barcelones,3,0,1,0,2,1,0,0,0,0,1,0,0,100.0,0.0,1,-1,No n'hi ha,-1.0,3,3,1,0,0,0,0,0,0,0,0,0,0,1,4,-1,1,Atropellament,1,2,2,5,-1,1,0,8.35,0,3,5,8,6
16871,2019,0,2019-07-23,T-742,VALLS,Alt Camp,0,0,1,0,2,0,0,0,1,1,0,0,0,40.0,0.0,0,1,No n'hi ha,-1.0,3,3,1,0,0,0,0,0,0,0,0,0,0,0,4,-1,1,Fregament o col·lisió lateral,-1,1,2,4,2,2,1,19.16,1,2,1,23,7
16872,2019,1,2019-03-30,SE,ALELLA,Maresme,3,0,1,0,2,0,0,0,1,1,0,0,0,20.0,0.0,0,2,No n'hi ha,-1.0,3,3,1,-1,0,0,0,-1,0,0,0,0,-1,1,5,5,1,Col·lisió frontal,2,2,2,5,-1,2,0,22.3,2,2,5,30,3