,Year,Area,Date,Road,Municipality Name,County Name,Province Name,Fatalties,Serious Injuries,Light Injuries,Units Involved,Pedestrains Involved,Bicycles Involved,Mopeds Involved,Motorcycles,Light Vehicles Involved,Heavy Vehicles Involved,Other Units Involved,Unspecified Units Involved,Road Speed Limit,Accident with Hit and Run,Fog Presence,Surrounding Environment,Special Lane Presence,Special Traffic Measures,Weather Conditions,Special Road Functions,Severity of Accident,Influence of Fog,Influence of Environment,Influence of Traffic,Influence of Weather,Influence of Wind Intensity,Influence of Lighting,Influence of Special Measures,Influence of Road Objects,Influence of Road Surface,Influence of Visibility,Intersection Characteristics,Lighting Conditions,Traffic Regulation and Priority,Direction of Road,Subtype of Accident,Subtype of Road Section,Subzone within Area,Road Surface Conditions,Type of Road,Road Ownership,Wind Conditions,Day of the Week Grouping,Hour of Day,Time of Day Grouping,Type of Accident,Day Type,Day,Month
16873,2019,1,2019-08-01,SE,BARCELONA,Barcelones,3,0,1,0,2,0,0,0,1,1,0,0,0,100.0,0.0,1,-1,No n'hi ha,-1.0,3,3,1,0,0,0,0,0,0,0,0,0,0,1,4,-1,0,Envestida (frontal lateral),2,2,2,5,-1,2,1,13.2,0,2,3,1,8
16875,2019,1,2019-02-02,SE,SABADELL,Valles Occidental,3,0,1,0,2,1,0,0,0,0,0,1,0,100.0,0.0,0,-1,No n'hi ha,-1.0,3,3,1,0,0,0,0,0,0,0,0,0,0,0,4,-1,-1,Altres,-1,2,2,5,-1,2,0,13.57,0,5,5,2,2
16876,2019,0,2019-08-04,GI-612,"PORT DE LA SELVA, EL",Alt Emporda,1,0,1,1,1,0,0,0,1,0,0,0,0,100.0,0.0,0,1,No n'hi ha,-1.0,3,3,1,0,0,0,0,0,0,0,0,0,0,0,3,-1,1,Resta sortides de via,-1,1,2,4,3,2,0,5.16,2,1,6,4,8
16877,2019,0,2019-05-14,B-23,SANT JOAN DESPI,Baix Llobregat,3,0,1,0,1,0,0,0,1,0,0,0,0,90.0,0.0,0,-1,Sense Especificar,-1.0,3,3,1,0,0,0,0,0,0,0,0,0,0,0,4,-1,-1,Altres,-1,1,2,4,4,2,1,18.16,1,5,1,14,5
16878,2019,1,2019-02-15,SE,CASTELL-PLATJA D'ARO,Baix Emporda,1,0,1,0,2,0,0,1,0,1,0,0,0,100.0,0.0,0,2,No n'hi ha,-1.0,3,3,1,0,0,0,0,0,0,0,0,0,0,1,4,4,1,Fregament o col·lisió lateral,2,2,2,5,-1,2,1,13.0,0,2,4,15,2
16879,2019,1,2019-10-18,SE,CASTELLNOU DE BAGES,Bages,3,0,1,0,2,0,0,0,0,1,0,1,0,30.0,0.0,0,1,No n'hi ha,-1.0,3,3,1,0,0,0,0,0,0,0,0,0,0,1,4,4,1,Fregament o col·lisió lateral,2,2,2,5,-1,2,1,10.14,0,2,4,18,10
16880,2019,0,2019-06-26,BV-1221,MURA,Bages,3,0,1,0,1,0,0,0,1,0,0,0,0,90.0,0.0,0,-1,Sense Especificar,-1.0,3,3,1,0,0,0,0,0,0,0,0,0,0,0,4,-1,-1,Resta sortides de via,-1,1,2,4,4,2,1,15.04,1,1,2,26,6
16881,2019,1,2019-10-22,SE,VILANOVA I LA GELTRU,Garraf,3,0,1,0,3,0,0,0,1,2,0,0,0,100.0,0.0,0,-1,No n'hi ha,-1.0,3,3,1,0,0,0,0,0,0,0,0,0,0,0,4,-1,-1,Altres,-1,2,2,5,-1,2,1,11.0,0,5,1,22,10
16882,2019,1,2019-04-01,SE,ALTAFULLA,Tarragones,0,0,1,0,2,1,0,0,0,1,0,0,0,100.0,0.0,0,-1,No n'hi ha,-1.0,3,3,1,0,0,0,0,0,0,0,0,0,0,0,4,-1,-1,Atropellament,-1,2,2,5,-1,2,1,20.35,1,3,0,1,4
16883,2019,0,2019-04-19,C-37,ODENA,Anoia,3,0,1,0,1,0,0,0,1,0,0,0,0,100.0,0.0,0,1,Carril lent,-1.0,3,3,1,0,0,0,0,0,0,0,0,0,0,0,4,-1,1,Resta sortides de via,-1,1,2,4,2,2,0,16.11,1,1,4,19,4
16884,2019,1,2019-07-02,SE,BARCELONA,Barcelones,3,0,1,0,2,0,0,0,1,1,0,0,0,100.0,0.0,1,-1,No n'hi ha,-1.0,3,3,1,0,0,0,0,0,0,0,0,0,0,1,4,-1,1,Envestida (frontal lateral),0,2,2,5,-1,2,1,19.51,1,2,1,2,7
16885,2019,1,2019-12-05,SE,BARCELONA,Barcelones,3,0,1,0,2,0,0,0,1,1,0,0,0,100.0,0.0,1,-1,No n'hi ha,-1.0,3,3,1,0,0,0,0,0,0,0,0,0,0,0,0,-1,1,Fregament o col·lisió lateral,-1,2,0,5,-1,2,1,23.0,2,2,3,5,12
16886,2019,0,2019-04-19,B-10,BARCELONA,Barcelones,3,0,1,2,1,0,0,0,0,1,0,0,0,60.0,0.0,1,-1,No n'hi ha,-1.0,3,3,1,0,0,0,0,0,0,0,0,0,0,0,4,-1,1,Sortida de via amb xoc o col·lisió,-1,1,2,1,-1,1,1,10.05,0,1,4,19,4
16887,2019,0,2019-08-11,N-II,CAPMANY,Alt Emporda,1,0,1,0,1,0,0,0,0,1,0,0,0,90.0,0.0,0,-1,Sense Especificar,-1.0,3,3,1,0,0,0,0,0,0,0,0,0,0,0,4,-1,-1,Resta sortides de via,-1,1,2,4,4,2,0,5.44,2,1,6,11,8
16888,2019,0,2019-02-02,BP-1417,SANT CUGAT DEL VALLES,Valles Occidental,3,0,1,1,2,0,0,0,1,1,0,0,0,40.0,0.0,0,2,No n'hi ha,-1.0,3,3,1,0,0,0,0,0,0,0,0,0,0,1,4,4,1,Altres,1,1,2,4,3,2,0,13.51,0,5,5,2,2
16889,2019,1,2019-05-14,SE,MONTORNES DEL VALLES,Valles Oriental,3,0,1,1,3,2,0,0,0,1,0,0,0,30.0,0.0,0,2,No n'hi ha,-1.0,3,3,1,-1,0,0,0,-1,0,0,0,0,0,0,5,-1,1,Atropellament,-1,2,2,5,-1,2,1,21.28,1,3,1,14,5
16890,2019,1,2019-08-20,SE,LLICA D'AMUNT,Valles Oriental,3,0,1,4,2,0,0,0,0,2,0,0,0,100.0,0.0,0,1,No n'hi ha,-1.0,3,3,1,0,0,0,0,0,0,0,0,0,0,1,0,4,1,Col·lisió frontal,1,2,2,5,-1,2,1,5.3,2,2,1,20,8
16891,2019,1,2019-10-17,SE,SANT BOI DE LLOBREGAT,Baix Llobregat,3,0,1,0,2,1,0,0,0,1,0,0,0,20.0,0.0,0,-1,No n'hi ha,-1.0,3,3,1,-1,0,0,0,-1,0,0,0,0,0,0,4,-1,0,Atropellament,-1,2,2,5,-1,2,1,16.5,1,3,3,17,10
16892,2019,1,2019-07-02,SE,CAMBRILS,Baix Camp,0,0,1,0,2,1,0,0,0,1,0,0,0,100.0,0.0,0,-1,No n'hi ha,-1.0,3,3,1,0,0,0,0,0,0,0,0,0,0,0,4,-1,-1,Atropellament,-1,2,2,5,-1,2,1,18.4,1,3,1,2,7
16893,2019,0,2019-06-18,C-243C,RUBI,Valles Occidental,3,0,1,1,2,0,0,0,1,1,0,0,0,50.0,0.0,0,1,No n'hi ha,-1.0,3,3,1,0,0,0,0,0,0,0,0,0,0,1,4,4,1,Envestida (frontal lateral),1,1,2,4,2,2,1,12.0,0,2,1,18,6
16894,2019,1,2019-05-11,BV-5033,SANT ANDREU DE LLAVANERES,Maresme,3,0,3,0,2,0,0,0,0,2,0,0,0,90.0,0.0,0,-1,No n'hi ha,-1.0,3,3,1,-1,0,0,0,-1,0,0,0,0,0,0,4,-1,1,Col·lisió frontal,-1,0,2,4,-1,2,0,8.0,0,2,5,11,5
16895,2019,1,2019-12-18,SE,BARCELONA,Barcelones,3,0,1,0,2,0,0,0,2,0,0,0,0,100.0,0.0,1,-1,No n'hi ha,-1.0,3,3,1,0,0,0,0,0,0,0,0,0,0,1,4,-1,1,Fregament o col·lisió lateral,2,2,2,5,-1,2,1,17.0,1,2,2,18,12
16896,2019,1,2019-08-16,SE,CASTELLO D'EMPURIES,Alt Emporda,1,0,1,0,2,0,0,0,1,1,0,0,0,100.0,0.0,0,2,No n'hi ha,-1.0,3,3,1,0,0,0,0,0,0,0,0,0,0,0,1,-1,0,Fregament o col·lisió lateral,-1,2,2,5,-1,2,0,20.1,1,2,4,16,8
16897,2019,0,2019-08-14,A-2,SANT ANFREU DE LA BARCA,Baix Llobregat,3,1,0,2,5,0,1,0,0,3,1,0,0,100.0,0.0,0,2,No n'hi ha,-1.0,3,3,0,0,0,0,0,0,0,0,0,0,0,2,3,5,0,Fregament o col·lisió lateral,3,1,2,4,1,2,1,5.47,2,2,2,14,8
16898,2019,1,2019-01-29,SE,REUS,Baix Camp,0,0,1,1,2,0,0,0,0,2,0,0,0,100.0,0.0,0,-1,No n'hi ha,-1.0,3,3,1,0,0,0,0,0,0,0,0,0,0,0,4,-1,-1,Fregament o col·lisió lateral,-1,2,2,5,-1,2,1,19.15,1,2,1,29,1
16899,2019,0,2019-06-29,CR,LLES DE CERDANYA,Cerdanya,2,0,1,0,1,0,1,0,0,0,0,0,0,100.0,0.0,0,1,No n'hi ha,-1.0,3,3,1,0,0,0,0,0,0,0,0,0,0,0,4,-1,1,Caiguda en la via,-1,1,0,3,0,2,0,12.41,0,0,5,29,6
16900,2019,0,2019-02-12,BP-1432,BIGUES I RIELLS,Valles Oriental,3,0,1,0,2,0,0,0,1,1,0,0,0,40.0,0.0,0,1,No n'hi ha,-1.0,3,3,1,0,0,0,0,0,0,0,0,0,0,0,5,-1,1,Col·lisió frontal,-1,1,2,4,3,2,1,21.47,1,2,1,12,2
16901,2019,0,2019-06-14,GIV-6303,"ARMENTERA, L'",Alt Emporda,1,0,1,0,1,0,0,0,1,0,0,0,0,90.0,0.0,0,-1,Sense Especificar,-1.0,3,3,1,0,0,0,0,0,0,0,0,0,0,0,4,-1,-1,Altres,-1,1,2,4,4,2,0,19.21,1,5,4,14,6
16902,2019,1,2019-08-24,SE,ALBATARREC,Segria,2,0,1,0,1,0,0,0,0,1,0,0,0,100.0,1.0,0,1,No n'hi ha,-1.0,3,3,1,0,0,0,0,0,0,0,0,0,0,0,0,-1,0,Resta sortides de via,-1,2,2,5,-1,2,0,1.23,2,1,5,24,8
16903,2019,1,2019-04-01,SE,SANT BOI DE LLOBREGAT,Baix Llobregat,3,0,1,0,2,1,0,0,0,1,0,0,0,30.0,0.0,0,-1,No n'hi ha,-1.0,3,3,1,-1,-1,0,0,-1,0,0,0,0,-1,1,4,2,-1,Atropellament,2,2,2,5,-1,2,1,13.11,0,3,0,1,4
16904,2019,0,2019-11-23,C-31,PALAMOS,Baix Emporda,1,0,2,3,7,5,0,0,0,2,0,0,0,80.0,1.0,0,2,Carril d'alentiment,3.0,3,3,1,0,0,0,0,0,1,0,1,0,0,2,3,5,0,Atropellament,3,1,2,4,2,2,0,17.55,1,3,5,23,11
16905,2019,0,2019-03-18,B-430,ARTES,Bages,3,0,2,1,3,0,0,0,0,3,0,0,0,100.0,0.0,0,2,No n'hi ha,-1.0,3,3,1,0,0,0,0,0,0,0,0,0,0,0,4,-1,1,Col·lisió frontal,-1,1,2,4,4,2,1,15.02,1,2,0,18,3
16906,2019,1,2019-06-18,SE,MATARO,Maresme,3,0,2,0,2,0,0,0,1,1,0,0,0,20.0,0.0,0,2,No n'hi ha,-1.0,3,3,1,-1,0,0,0,-1,0,0,0,0,-1,1,5,3,1,Envestida (frontal lateral),2,2,2,5,-1,2,1,22.05,2,2,1,18,6
16907,2019,1,2019-10-30,SE,MATARO,Maresme,3,0,1,0,2,0,0,0,1,1,0,0,0,20.0,0.0,0,-1,No n'hi ha,-1.0,3,3,1,0,-1,0,0,0,0,0,0,0,0,0,4,-1,-1,Encalç,-1,2,2,5,-1,2,1,14.2,1,2,2,30,10
16908,2019,1,2019-03-15,SE,TERRASSA,Valles Occidental,3,0,1,0,2,1,0,0,0,1,0,0,0,20.0,0.0,0,2,No n'hi ha,-1.0,3,3,1,0,0,0,0,0,0,0,0,0,0,1,4,2,1,Atropellament,2,2,2,5,-1,2,1,12.3,0,3,4,15,3
16909,2019,0,2019-04-24,B-10,BARCELONA,Barcelones,3,1,0,0,1,0,0,0,1,0,0,0,0,60.0,0.0,1,-1,No n'hi ha,-1.0,3,3,0,0,0,0,0,0,0,0,0,0,0,0,0,-1,1,Xoc contra objecte/obstacle sense sortida prèvia de via,-1,1,2,1,-1,2,1,4.1,2,4,2,24,4
16910,2019,1,2019-07-24,SE,VILANOVA I LA GELTRU,Garraf,3,0,1,0,2,0,0,0,1,1,0,0,0,100.0,0.0,0,2,No n'hi ha,-1.0,3,3,1,0,0,0,0,0,0,0,0,0,0,1,4,4,0,Caiguda en la via,2,2,2,5,-1,2,1,17.19,1,0,2,24,7
16911,2019,0,2019-05-26,GI-555,MASSANES,Selva,1,0,1,0,1,0,0,0,0,1,0,0,0,90.0,0.0,0,-1,Sense Especificar,-1.0,3,3,1,0,0,0,0,0,0,0,0,0,0,0,4,-1,-1,Resta sortides de via,-1,1,2,4,4,2,0,15.46,1,1,6,26,5
16912,2019,0,2019-03-23,TV-7004,VALLCLARA,Conca de Barbera,0,0,1,0,2,0,0,0,1,1,0,0,0,100.0,0.0,0,1,No n'hi ha,-1.0,3,3,1,0,0,0,0,0,0,0,0,0,0,0,4,-1,1,Fregament o col·lisió lateral,-1,1,2,4,3,2,0,12.45,0,2,5,23,3
16913,2019,0,2019-12-15,C-37,SANT SALVADOR DE GUARDIA,Bages,3,2,0,1,2,0,0,0,0,2,0,0,0,100.0,0.0,0,0,Carril lent,-1.0,3,3,0,0,0,0,0,0,0,0,0,0,0,0,4,-1,1,Col·lisió frontal,-1,1,2,4,2,2,0,15.52,1,2,6,15,12
16914,2019,0,2019-03-07,C-35,SANT CELONI,Valles Oriental,3,0,1,1,2,0,0,0,1,1,0,0,0,60.0,0.0,0,2,No n'hi ha,-1.0,3,3,1,0,0,0,0,0,0,0,0,0,0,0,4,-1,1,Envestida (frontal lateral),-1,1,2,4,2,2,1,16.38,1,2,3,7,3
16915,2019,1,2019-05-12,SE,SANT SALVADOR DE GUARDIA,Bages,3,0,1,0,1,0,1,0,0,0,0,0,0,100.0,0.0,0,1,No n'hi ha,-1.0,3,3,1,0,0,0,0,0,0,0,0,0,0,0,4,-1,1,Caiguda en la via,-1,2,2,5,-1,2,0,10.56,0,0,6,12,5
16916,2019,0,2019-07-30,B-120,OLESA DE MONTSERRAT,Baix Llobregat,3,0,1,0,1,0,1,0,0,0,0,0,0,90.0,0.0,0,-1,Sense Especificar,-1.0,3,3,1,0,0,0,0,0,0,0,0,0,0,0,4,-1,-1,Altres,-1,1,2,4,4,2,1,20.02,1,5,1,30,7
16917,2019,0,2019-10-07,C-25,SANT FRUITOS DE BAGES,Bages,3,0,1,0,2,1,0,0,0,0,1,0,0,100.0,0.0,0,2,No n'hi ha,-1.0,3,3,1,0,0,0,0,0,0,0,0,0,1,0,1,-1,0,Atropellament,-1,1,2,4,2,2,1,7.33,0,3,0,7,10
16918,2019,1,2019-09-27,SE,BARCELONA,Barcelones,3,0,1,0,3,0,0,0,1,2,0,0,0,100.0,0.0,1,-1,No n'hi ha,-1.0,3,3,1,0,0,0,0,0,0,0,0,0,0,0,4,-1,0,Fregament o col·lisió lateral,-1,2,2,5,-1,2,1,12.24,0,2,4,27,9
16919,2019,1,2019-06-19,SE,MANRESA,Bages,3,0,1,0,2,0,0,1,0,1,0,0,0,100.0,0.0,0,2,No n'hi ha,-1.0,3,3,1,0,0,0,0,0,0,0,0,0,0,0,4,-1,0,Fregament o col·lisió lateral,-1,2,2,5,0,2,1,10.1,0,2,2,19,6
16920,2019,1,2019-01-09,T-312,MONTBRIO DEL CAMP,Baix Camp,0,1,0,0,2,1,0,0,0,1,0,0,0,100.0,0.0,0,2,No n'hi ha,-1.0,3,3,0,0,0,0,0,0,0,0,0,0,1,0,4,-1,1,Atropellament,-1,0,1,4,-1,1,1,10.5,0,3,2,9,1
16921,2019,1,2019-03-30,SE,BARCELONA,Barcelones,3,0,1,1,3,2,1,0,0,0,0,0,0,100.0,0.0,1,-1,No n'hi ha,-1.0,3,3,1,0,0,0,0,0,0,0,0,0,1,0,4,-1,1,Atropellament,-1,2,2,5,-1,2,0,15.0,1,3,5,30,3
16922,2019,0,2019-04-23,B-23,SANT JOAN DESPI,Baix Llobregat,3,0,1,0,4,0,0,0,0,4,0,0,0,80.0,0.0,0,2,No n'hi ha,-1.0,1,3,1,0,0,0,1,0,0,0,0,0,0,0,5,-1,0,Encalç,-1,1,2,4,2,2,1,5.39,2,2,1,23,4
16923,2019,0,2019-04-12,GI-610,ROSES,Alt Emporda,1,0,1,0,1,0,1,0,0,0,0,0,0,90.0,0.0,0,-1,Sense Especificar,-1.0,3,3,1,0,0,0,0,0,0,0,0,0,0,2,4,5,-1,Altres,1,1,2,4,4,2,0,15.24,1,5,4,12,4
16924,2019,1,2019-07-05,SE,ALPICAT,Segria,2,0,1,0,2,1,0,0,0,1,0,0,0,50.0,0.0,0,-1,No n'hi ha,-1.0,3,3,1,-1,-1,0,0,-1,0,0,0,0,0,1,4,5,1,Atropellament,1,2,2,5,-1,2,0,15.18,1,3,4,5,7
16925,2019,1,2019-09-25,SE,BARCELONA,Barcelones,3,0,1,0,1,0,0,0,1,0,0,0,0,60.0,0.0,1,-1,No n'hi ha,-1.0,3,3,1,0,0,0,0,0,0,0,0,0,0,0,5,-1,0,Caiguda en la via,-1,2,2,5,-1,2,1,1.02,2,0,2,25,9
16926,2019,1,2019-08-13,SE,VILADECANS,Baix Llobregat,3,0,1,0,2,1,0,0,0,1,0,0,0,100.0,0.0,0,2,No n'hi ha,-1.0,3,3,1,0,0,0,0,0,0,0,0,0,0,1,1,4,0,Atropellament,1,2,2,5,-1,2,1,22.0,2,3,1,13,8
16927,2019,0,2019-12-23,A-2,TARREGA,Urgell,2,0,1,2,3,0,0,0,0,0,0,3,0,90.0,0.0,0,-1,Sense Especificar,-1.0,3,3,1,0,0,0,0,0,0,0,0,0,0,0,4,-1,-1,Encalç,-1,1,2,4,4,2,1,19.14,1,2,0,23,12
16928,2019,0,2019-10-09,AP-7,VILAFRANCA DEL PENEDES,Alt Penedes,3,2,0,0,2,0,0,0,0,0,2,0,0,100.0,0.0,0,2,No n'hi ha,-1.0,3,3,0,0,0,0,0,0,0,0,0,0,0,0,5,-1,0,Encalç,-1,1,2,4,1,2,1,3.4,2,2,2,9,10
16929,2019,0,2019-01-25,BP-1413,CERDANYOLA DEL VALLES,Valles Occidental,3,0,1,0,2,0,1,0,0,1,0,0,0,50.0,0.0,0,2,No n'hi ha,3.0,3,3,1,0,0,0,0,0,0,0,0,0,0,1,1,4,1,Encalç,0,1,2,4,2,2,0,17.39,1,2,4,25,1
16930,2019,1,2019-10-25,SE,SANT ANFREU DE LA BARCA,Baix Llobregat,3,1,0,0,1,0,0,1,0,0,0,0,0,30.0,0.0,0,2,No n'hi ha,-1.0,3,3,0,-1,0,0,0,-1,0,0,0,0,-1,0,4,-1,1,Xoc contra objecte/obstacle sense sortida prèvia de via,-1,0,2,5,-1,2,1,13.5,0,4,4,25,10
16931,2019,0,2019-09-26,GI-614,CADAQUES,Alt Emporda,1,0,1,0,1,0,0,1,0,0,0,0,0,90.0,0.0,0,-1,Sense Especificar,-1.0,3,3,1,0,0,0,0,0,0,0,0,0,0,0,4,-1,-1,Altres,-1,1,2,4,4,2,1,17.45,1,5,3,26,9
16932,2019,0,2019-05-19,CR,AMPOSTA,Montsia,0,0,1,0,1,0,0,0,0,1,0,0,0,100.0,0.0,0,0,No n'hi ha,-1.0,3,3,1,0,0,0,0,0,0,0,0,0,0,0,3,-1,1,Resta sortides de via,-1,1,2,3,0,2,0,2.5,2,1,6,19,5
16933,2019,1,2019-05-08,SE,GIRONA,Girones,1,0,1,0,2,1,0,0,0,1,0,0,0,100.0,0.0,0,2,No n'hi ha,-1.0,3,3,1,0,0,0,0,0,0,0,0,0,0,0,4,-1,1,Atropellament,-1,2,2,5,-1,2,1,8.49,0,3,2,8,5
16934,2019,0,2019-04-10,B-120,VILADECAVALLS,Valles Occidental,3,0,1,2,3,0,0,0,0,3,0,0,0,100.0,0.0,0,3,No n'hi ha,-1.0,3,3,1,0,0,0,0,0,0,0,0,0,0,0,4,-1,1,Altres,-1,1,2,4,3,2,1,7.22,0,5,2,10,4
16935,2019,0,2019-06-14,C-42,"ALDEA, L'",Baix Ebre,0,0,1,0,2,0,0,0,1,1,0,0,0,50.0,0.0,0,2,No n'hi ha,-1.0,3,3,1,0,0,0,0,0,0,0,0,0,0,1,4,4,1,Fregament o col·lisió lateral,0,1,2,4,2,2,0,19.07,1,2,4,14,6
16936,2019,1,2019-04-28,SE,VIC,Osona,3,0,1,0,2,0,0,0,1,1,0,0,0,100.0,0.0,0,2,No n'hi ha,-1.0,3,3,1,0,0,0,0,0,0,0,0,0,0,1,4,3,1,Col·lisió frontal,2,2,2,5,-1,2,0,9.3,0,2,6,28,4
16937,2019,0,2019-07-26,BV-1435,SANTA EULALIA DE RON,Valles Oriental,3,0,1,0,1,0,0,0,1,0,0,0,0,90.0,0.0,0,-1,Sense Especificar,-1.0,3,3,1,0,0,0,0,0,0,0,0,0,0,1,4,4,-1,Altres,1,1,2,4,4,2,1,14.16,1,5,4,26,7
16938,2019,1,2019-10-30,SE,REUS,Baix Camp,0,0,1,0,2,1,0,0,0,1,0,0,0,100.0,0.0,0,-1,No n'hi ha,-1.0,3,3,1,0,0,0,0,0,0,0,0,0,0,0,4,-1,-1,Atropellament,-1,2,2,5,-1,2,1,12.55,0,3,2,30,10
16939,2019,1,2019-02-27,N-240a,ALMACELLES,Segria,2,0,1,0,2,1,0,0,0,1,0,0,0,20.0,0.0,0,2,No n'hi ha,-1.0,3,3,1,0,0,0,0,0,0,0,0,0,0,0,4,-1,1,Atropellament,-1,0,2,4,-1,2,1,18.08,1,3,2,27,2
16940,2019,1,2019-02-27,AL,MANLLEU,Osona,3,0,1,0,2,0,0,0,1,1,0,0,0,90.0,0.0,0,-1,No n'hi ha,-1.0,3,3,1,-1,0,0,0,-1,0,0,0,0,0,0,5,-1,0,Caiguda en la via,-1,0,2,4,-1,2,1,22.15,2,0,2,27,2
16941,2019,1,2019-02-07,SE,CORNELLA DE LLOBREGAT,Baix Llobregat,3,0,1,0,2,1,0,0,1,0,0,0,0,30.0,,0,-1,No n'hi ha,-1.0,3,3,1,0,0,0,0,0,0,0,0,0,0,0,4,-1,-1,Atropellament,-1,2,2,5,-1,2,1,12.2,0,3,3,7,2
16942,2019,0,2019-10-26,N-260,"PONT DE BAR, EL",Alt Urgell,2,0,1,0,1,0,0,0,1,0,0,0,0,100.0,0.0,0,1,No n'hi ha,-1.0,3,3,1,0,0,0,0,0,0,0,0,0,0,0,4,-1,1,Resta sortides de via,-1,1,2,4,1,2,0,18.1,1,1,5,26,10
16943,2019,0,2019-11-05,C-58,SABADELL,Valles Occidental,3,1,0,0,2,0,0,0,1,1,0,0,0,100.0,0.0,0,-1,No n'hi ha,-1.0,3,3,0,0,0,0,0,0,0,0,0,0,0,0,4,-1,-1,Fregament o col·lisió lateral,-1,1,2,4,-1,2,1,18.35,1,2,1,5,11
16944,2019,1,2019-08-30,SE,BARCELONA,Barcelones,3,0,1,0,3,0,0,0,1,2,0,0,0,100.0,0.0,1,-1,No n'hi ha,-1.0,3,3,1,0,0,0,0,0,0,0,0,0,0,0,0,-1,0,Fregament o col·lisió lateral,-1,2,2,5,-1,2,0,21.25,1,2,4,30,8
16945,2019,0,2019-12-28,GIV-6211,"FAR D'EMPORDA, EL",Alt Emporda,1,0,1,0,1,0,0,0,1,0,0,0,0,100.0,0.0,0,2,No n'hi ha,-1.0,3,3,1,0,0,0,0,0,0,0,0,0,0,0,4,-1,1,Resta sortides de via,-1,1,2,4,0,2,0,10.44,0,1,5,28,12
16946,2019,1,2019-08-20,SE,FOIXA,Baix Emporda,1,0,1,0,1,0,1,0,0,0,0,0,0,20.0,0.0,0,-1,Sense Especificar,-1.0,3,3,1,0,0,0,0,0,0,0,0,0,0,0,4,-1,-1,Resta sortides de via,-1,2,2,5,-1,2,1,18.51,1,1,1,20,8
16947,2019,1,2019-10-02,SE,MALGRAT DE MAR,Maresme,3,0,1,0,2,1,0,0,0,1,0,0,0,20.0,0.0,0,-1,No n'hi ha,-1.0,3,3,1,-1,0,0,0,-1,0,0,0,0,0,0,4,-1,-1,Atropellament,-1,2,2,5,-1,2,1,14.48,1,3,2,2,10
16948,2019,0,2019-07-15,C-32,GAVA,Baix Llobregat,3,0,1,0,1,0,0,0,1,0,0,0,0,90.0,0.0,0,-1,Sense Especificar,-1.0,3,3,1,0,0,0,0,0,0,0,0,0,0,0,4,-1,-1,Xoc contra objecte/obstacle sense sortida prèvia de via,-1,1,2,4,4,2,1,8.17,0,4,0,15,7
16949,2019,0,2019-04-29,T-301,TORTOSA,Baix Ebre,0,0,1,0,2,0,0,0,0,1,1,0,0,40.0,0.0,0,2,No n'hi ha,0.0,3,3,1,0,0,0,0,0,0,0,0,0,0,1,4,2,1,Encalç,1,1,2,4,3,2,1,14.14,1,2,0,29,4
16950,2019,0,2019-10-02,C-31,SANT ADRIA DE BESOS,Barcelones,3,0,1,0,2,0,0,0,1,1,0,0,0,80.0,0.0,0,1,No n'hi ha,-1.0,3,3,1,0,0,0,0,0,0,0,0,0,0,2,4,5,0,Altres,3,1,2,4,2,2,1,15.45,1,5,2,2,10
16951,2019,1,2019-08-28,SE,MATARO,Maresme,3,0,1,0,2,0,0,0,1,0,0,1,0,20.0,0.0,0,-1,No n'hi ha,-1.0,3,3,1,-1,-1,0,0,-1,0,0,0,0,0,1,4,2,-1,Caiguda en la via,1,2,2,5,-1,2,1,15.15,1,0,2,28,8
16952,2019,0,2019-03-13,N-150,TERRASSA,Valles Occidental,3,0,1,1,3,0,0,0,0,3,0,0,0,100.0,0.0,0,-1,No n'hi ha,-1.0,3,3,1,0,0,0,0,0,0,0,0,0,0,0,4,-1,-1,Encalç,-1,1,2,4,-1,2,1,9.04,0,2,2,13,3
16953,2019,1,2019-02-28,SE,BARCELONA,Barcelones,3,0,1,0,2,0,0,0,1,1,0,0,0,100.0,0.0,1,-1,No n'hi ha,-1.0,3,3,1,0,0,0,0,0,0,0,0,0,0,1,0,-1,0,Envestida (frontal lateral),2,2,2,5,-1,2,1,1.35,2,2,3,28,2
16954,2019,0,2019-02-05,C-33,MONTCADA I REIXAC,Valles Occidental,3,0,1,0,1,0,0,0,0,1,0,0,0,100.0,0.0,0,-1,No n'hi ha,-1.0,3,3,1,0,0,0,0,0,0,0,0,0,0,0,4,-1,-1,Resta sortides de via,-1,1,2,4,-1,2,1,7.34,0,1,1,5,2
16955,2019,0,2019-04-28,C-26,VILADA,Bergueda,3,0,1,0,1,0,0,0,1,0,0,0,0,100.0,0.0,0,1,No n'hi ha,-1.0,3,3,1,0,0,0,0,0,0,0,0,0,0,0,4,-1,1,Caiguda en la via,-1,1,2,4,2,2,0,12.44,0,0,6,28,4
16956,2019,1,2019-01-08,SE,BARCELONA,Barcelones,3,0,2,0,2,0,1,0,1,0,0,0,0,100.0,0.0,1,-1,No n'hi ha,-1.0,3,3,1,0,0,0,0,0,0,0,0,0,1,0,0,-1,0,Envestida (frontal lateral),-1,2,2,5,-1,2,1,18.51,1,2,1,8,1
16957,2019,1,2019-03-26,SE,BIGUES I RIELLS,Valles Oriental,3,0,1,0,2,0,0,0,1,1,0,0,0,20.0,0.0,0,-1,No n'hi ha,-1.0,3,3,1,0,-1,0,0,0,0,0,0,0,0,1,4,4,-1,Caiguda en la via,2,2,2,5,-1,2,1,13.5,0,0,1,26,3