,Year,Area,Date,Road,Municipality Name,County Name,Province Name,Fatalties,Serious Injuries,Light Injuries,Units Involved,Pedestrains Involved,Bicycles Involved,Mopeds Involved,Motorcycles,Light Vehicles Involved,Heavy Vehicles Involved,Other Units Involved,Unspecified Units Involved,Road Speed Limit,Accident with Hit and Run,Fog Presence,Surrounding Environment,Special Lane Presence,Special Traffic Measures,Weather Conditions,Special Road Functions,Severity of Accident,Influence of Fog,Influence of Environment,Influence of Traffic,Influence of Weather,Influence of Wind Intensity,Influence of Lighting,Influence of Special Measures,Influence of Road Objects,Influence of Road Surface,Influence of Visibility,Intersection Characteristics,Lighting Conditions,Traffic Regulation and Priority,Direction of Road,Subtype of Accident,Subtype of Road Section,Subzone within Area,Road Surface Conditions,Type of Road,Road Ownership,Wind Conditions,Day of the Week Grouping,Hour of Day,Time of Day Grouping,Type of Accident,Day Type,Day,Month
16958,2019,0,2019-04-20,N-260,"PONT DE SUERT, EL",Alta Ribagorca,2,0,1,1,3,0,0,0,2,1,0,0,0,100.0,0.0,0,1,No n'hi ha,-1.0,3,3,1,0,0,0,0,0,0,0,0,0,0,0,4,-1,1,Fregament o col·lisió lateral,-1,1,2,4,1,2,0,15.17,1,2,5,20,4
16959,2019,1,2019-04-16,N-340,"ALDEA, L'",Baix Ebre,0,0,1,0,2,1,0,0,0,1,0,0,0,100.0,0.0,0,2,No n'hi ha,-1.0,3,3,1,0,0,0,0,0,0,0,0,0,1,0,4,-1,1,Atropellament,-1,0,2,4,-1,2,1,8.09,0,3,1,16,4
16960,2019,0,2019-12-30,A-2,ABRERA,Baix Llobregat,3,0,2,1,2,0,0,0,0,1,1,0,0,100.0,0.0,0,2,No n'hi ha,-1.0,3,3,1,0,0,0,0,0,0,0,0,0,0,0,4,-1,0,Encalç,-1,1,2,4,1,2,1,16.2,1,2,0,30,12
16961,2019,1,2019-10-18,SE,ESPLUGUES DE LLOBREGAT,Baix Llobregat,3,0,1,0,2,0,0,0,1,1,0,0,0,20.0,0.0,0,-1,No n'hi ha,-1.0,3,3,1,-1,0,0,0,-1,0,0,0,0,0,0,4,-1,1,Fregament o col·lisió lateral,-1,2,2,5,-1,2,1,14.35,1,2,4,18,10
16962,2019,0,2019-05-13,C-62,OLOST,Osona,3,0,1,1,3,0,0,0,1,2,0,0,0,100.0,0.0,0,2,No n'hi ha,-1.0,3,3,1,0,0,0,0,0,0,0,0,0,0,0,4,-1,1,Encalç,-1,1,2,4,3,2,1,12.2,0,2,0,13,5
16963,2019,1,2019-12-23,SE,TREMP,Pallars Jussa,2,0,1,0,2,1,0,0,0,1,0,0,0,50.0,0.0,0,2,No n'hi ha,-1.0,3,3,1,0,0,0,0,0,0,0,0,0,0,0,4,-1,1,Atropellament,-1,2,2,5,-1,2,1,14.23,1,3,0,23,12
16964,2019,0,2019-01-12,LV-3025,AGRAMUNT,Urgell,2,0,1,0,2,0,0,0,1,1,0,0,0,100.0,0.0,0,2,No n'hi ha,-1.0,3,3,1,0,0,0,0,0,0,0,0,0,0,0,4,-1,1,Encalç,-1,1,2,4,3,2,0,11.5,0,2,5,12,1
16965,2019,0,2019-08-08,C-31,BEGUR,Baix Emporda,1,0,1,0,2,0,0,0,1,1,0,0,0,90.0,0.0,0,2,No n'hi ha,-1.0,3,3,1,0,0,0,0,0,0,0,0,0,0,1,4,2,1,Fregament o col·lisió lateral,2,1,2,4,2,2,1,19.54,1,2,3,8,8
16966,2019,0,2019-04-17,CR,ALMACELLES,Segria,2,0,1,1,3,0,0,0,0,1,2,0,0,100.0,0.0,0,2,No n'hi ha,1.0,3,3,1,0,0,0,0,0,0,0,0,0,0,0,4,-1,1,Fregament o col·lisió lateral,-1,1,2,3,1,2,1,11.45,0,2,2,17,4
16968,2019,1,2019-08-04,SE,BADALONA,Barcelones,3,0,1,0,1,0,0,1,0,0,0,0,0,100.0,0.0,0,-1,No n'hi ha,-1.0,3,3,1,0,0,0,0,0,0,0,0,0,0,0,4,-1,-1,Altres,-1,2,2,5,-1,2,0,1.37,2,5,6,4,8
16969,2019,1,2019-02-07,SE,BADALONA,Barcelones,3,0,1,0,2,1,0,0,0,0,1,0,0,100.0,0.0,0,-1,No n'hi ha,-1.0,3,3,1,0,0,0,0,0,0,0,0,0,0,0,4,-1,-1,Altres,-1,2,2,5,-1,2,1,15.32,1,5,3,7,2
16970,2019,0,2019-12-07,C-153a,"VALL DE BIANYA, LA",Garrotxa,1,0,1,0,1,0,1,0,0,0,0,0,0,90.0,0.0,0,-1,Sense Especificar,-1.0,3,3,1,0,0,0,0,0,0,0,0,0,0,0,4,-1,-1,Resta sortides de via,-1,1,2,4,4,2,0,11.34,0,1,5,7,12
16971,2019,1,2019-03-28,SE,GOMBREN,Ripolles,1,0,1,0,1,0,1,0,0,0,0,0,0,20.0,0.0,0,-1,Sense Especificar,-1.0,3,3,1,0,0,0,0,0,0,0,0,0,0,0,4,-1,-1,Resta sortides de via,-1,2,2,5,-1,2,1,10.26,0,1,3,28,3
16972,2019,1,2019-08-15,SE,BADALONA,Barcelones,3,0,1,0,2,0,1,0,0,1,0,0,0,20.0,0.0,0,2,No n'hi ha,-1.0,3,3,1,0,0,0,0,0,0,0,0,0,0,1,4,2,0,Envestida (frontal lateral),1,2,2,5,0,2,1,11.48,0,2,3,15,8
16973,2019,0,2019-06-02,C-12,AGER,Noguera,2,1,0,0,1,0,0,0,1,0,0,0,0,100.0,0.0,0,2,No n'hi ha,-1.0,3,3,0,0,0,0,0,0,0,0,0,0,0,0,4,-1,1,Resta sortides de via,-1,1,2,4,2,2,0,17.5,1,1,6,2,6
16974,2019,0,2019-05-07,A-27,"MORELL, EL",Tarragones,0,0,1,0,1,0,0,0,0,1,0,0,0,100.0,0.0,0,0,No n'hi ha,-1.0,3,3,1,0,0,0,0,0,0,0,0,0,0,0,4,-1,1,Resta sortides de via,-1,1,2,1,1,2,1,14.37,1,1,1,7,5
16975,2019,0,2019-10-14,C-61,VALLGORGUINA,Valles Oriental,3,0,1,0,2,0,0,0,1,1,0,0,0,100.0,0.0,0,1,Carril central,-1.0,3,3,1,0,0,0,0,0,0,0,0,0,0,1,3,4,1,Envestida (frontal lateral),1,1,2,4,2,2,1,20.47,1,2,0,14,10
16976,2019,1,2019-03-25,SE,OLOT,Garrotxa,1,1,0,0,2,1,0,0,0,0,1,0,0,100.0,0.0,0,2,No n'hi ha,-1.0,3,3,0,0,0,0,0,0,1,0,0,0,0,1,4,5,1,Atropellament,3,2,2,5,-1,2,1,9.25,0,3,0,25,3
16977,2019,0,2019-01-23,C-16,GUARDIOLA DE BERGUEDA,Bergueda,3,0,1,0,1,0,0,0,0,1,0,0,0,80.0,0.0,0,2,Carril lent,-1.0,0,3,1,0,0,0,0,0,0,0,0,0,0,0,2,-1,1,Resta sortides de via,-1,1,2,4,2,2,1,13.58,0,1,2,23,1
16978,2019,1,2019-06-19,C-1413a,RUBI,Valles Occidental,3,0,1,0,2,0,0,0,1,1,0,0,0,100.0,0.0,0,-1,No n'hi ha,-1.0,3,3,1,0,0,0,0,0,0,0,0,0,0,0,4,-1,-1,Altres,-1,0,2,4,-1,2,1,18.0,1,5,2,19,6
16979,2019,1,2019-09-14,SE,SANT BOI DE LLOBREGAT,Baix Llobregat,3,0,1,1,2,1,0,1,0,0,0,0,0,100.0,0.0,0,2,No n'hi ha,-1.0,3,3,1,0,0,0,0,0,0,0,0,0,0,2,1,4,1,Atropellament,1,2,2,5,-1,2,0,20.22,1,3,5,14,9
16980,2019,0,2019-06-28,N-240,LLEIDA,Segria,2,0,1,0,3,0,0,0,0,2,1,0,0,100.0,0.0,0,2,No n'hi ha,-1.0,3,3,1,0,0,0,0,0,0,0,0,0,0,1,4,4,1,Col·lisió frontal,1,1,2,4,1,2,0,15.52,1,2,4,28,6
16981,2019,1,2019-03-11,SE,REUS,Baix Camp,0,0,1,0,2,0,0,0,1,1,0,0,0,100.0,0.0,0,-1,No n'hi ha,-1.0,3,3,1,0,0,0,0,0,0,0,0,0,0,0,4,-1,-1,Fregament o col·lisió lateral,-1,2,2,5,-1,2,1,6.52,0,2,0,11,3
16982,2019,1,2019-08-27,SE,GIRONA,Girones,1,0,1,0,2,1,0,0,0,1,0,0,0,100.0,0.0,0,2,No n'hi ha,-1.0,3,3,1,0,0,0,0,0,0,0,0,0,0,1,4,2,0,Atropellament,2,2,2,5,-1,2,1,17.16,1,3,1,27,8
16983,2019,0,2019-10-18,B-520,VIC,Osona,3,0,2,0,2,0,0,0,1,1,0,0,0,100.0,0.0,0,2,No n'hi ha,-1.0,3,3,1,0,0,0,0,0,0,0,0,0,0,0,4,-1,1,Fregament o col·lisió lateral,-1,1,2,4,3,2,1,11.28,0,2,4,18,10
16984,2019,0,2019-06-02,B-522,GURB,Osona,3,1,0,1,2,0,0,0,1,1,0,0,0,70.0,0.0,0,1,No n'hi ha,-1.0,3,3,0,0,0,0,0,0,0,0,0,0,0,1,4,2,1,Envestida (frontal lateral),2,1,2,4,0,2,0,14.54,1,2,6,2,6
16985,2019,0,2019-09-12,B-10,BARCELONA,Barcelones,3,0,1,0,2,1,0,0,0,1,0,0,0,60.0,0.0,1,-1,No n'hi ha,-1.0,3,3,1,0,0,0,0,0,0,0,0,0,0,0,0,-1,1,Atropellament,-1,1,2,1,-1,2,1,6.0,0,3,3,12,9
16986,2019,0,2019-06-30,N-340,VILAFRANCA DEL PENEDES,Alt Penedes,3,1,0,2,3,0,0,0,0,3,0,0,0,100.0,0.0,0,3,No n'hi ha,-1.0,3,3,0,0,0,0,0,0,0,0,0,0,0,0,3,-1,1,Col·lisió frontal,-1,1,2,4,1,2,0,21.54,1,2,6,30,6
16987,2019,1,2019-09-23,SE,CASTELLAR DEL VALLES,Valles Occidental,3,0,1,0,2,0,0,0,1,1,0,0,0,20.0,0.0,0,-1,No n'hi ha,-1.0,3,3,1,-1,0,0,0,-1,0,0,0,0,-1,1,4,4,1,Fregament o col·lisió lateral,2,2,2,5,0,2,1,9.0,0,2,0,23,9
16988,2019,1,2019-02-18,BV-1604,LLICA DE VALL,Valles Oriental,3,0,1,0,2,0,0,1,0,1,0,0,0,90.0,0.0,0,2,No n'hi ha,-1.0,3,3,1,-1,0,0,0,-1,0,0,0,0,-1,1,1,4,1,Envestida (frontal lateral),1,0,2,4,-1,2,1,19.5,1,2,0,18,2
16989,2019,1,2019-03-15,SE,LLEIDA,Segria,2,0,1,0,2,1,0,0,0,1,0,0,0,100.0,0.0,0,-1,No n'hi ha,-1.0,3,3,1,0,0,0,0,0,0,0,0,0,0,0,4,-1,-1,Atropellament,-1,2,2,5,-1,2,1,7.54,0,3,4,15,3
16990,2019,0,2019-10-08,N-II,PREMIA DE MAR,Maresme,3,0,1,0,2,0,0,0,1,1,0,0,0,100.0,0.0,0,2,Carril acceleració,-1.0,3,3,1,0,0,0,0,0,0,0,0,0,0,0,4,-1,1,Encalç,-1,1,2,4,1,2,1,14.42,1,2,1,8,10
16991,2019,0,2019-03-14,GI-600,TORDERA,Maresme,3,0,1,0,2,0,0,0,1,1,0,0,0,90.0,0.0,0,-1,Sense Especificar,-1.0,3,3,1,0,0,0,0,0,0,0,0,0,0,2,4,4,-1,Encalç,0,1,2,4,4,2,1,10.51,0,2,3,14,3
16992,2019,1,2019-12-06,SE,TERRASSA,Valles Occidental,3,0,1,0,2,0,0,0,0,2,0,0,0,100.0,0.0,0,2,No n'hi ha,-1.0,3,3,1,0,0,0,0,0,0,0,0,0,0,1,5,4,1,Envestida (frontal lateral),2,2,2,5,-1,2,0,21.12,1,2,4,6,12
16993,2019,0,2019-08-24,TP-2002,AIGUAMURCIA,Alt Camp,0,0,1,0,1,0,0,0,0,1,0,0,0,60.0,0.0,0,1,No n'hi ha,-1.0,3,3,1,0,0,0,0,0,0,0,0,0,0,0,4,-1,1,Resta sortides de via,-1,1,2,4,2,2,0,12.32,0,1,5,24,8
16994,2019,0,2019-10-03,C-245,CORNELLA DE LLOBREGAT,Baix Llobregat,3,0,1,1,2,1,0,0,1,0,0,0,0,60.0,0.0,0,2,Carril acceleració,-1.0,3,3,1,0,0,0,0,0,0,0,0,0,1,1,3,4,1,Atropellament,3,1,2,4,2,2,1,1.13,2,3,3,3,10
16995,2019,0,2019-08-28,C-66,BANYOLES,Pla de l'Estany,1,0,1,2,3,0,0,0,0,1,2,0,0,100.0,0.0,0,1,No n'hi ha,-1.0,3,3,1,0,0,0,0,0,0,0,0,0,0,0,4,-1,1,Altres,-1,1,2,4,2,2,1,17.29,1,5,2,28,8
16996,2019,1,2019-10-10,SE,BARCELONA,Barcelones,3,0,1,0,2,0,0,0,1,1,0,0,0,100.0,0.0,1,-1,No n'hi ha,-1.0,3,3,1,0,0,0,0,0,0,0,0,0,0,1,0,-1,1,Envestida (frontal lateral),1,2,2,5,-1,2,1,21.2,1,2,3,10,10
16997,2019,1,2019-01-09,SE,ESPLUGUES DE LLOBREGAT,Baix Llobregat,3,0,2,0,2,0,0,0,1,1,0,0,0,20.0,0.0,0,2,Carril central,-1.0,3,3,1,-1,0,0,0,-1,0,0,0,0,0,1,5,4,1,Envestida (frontal lateral),2,2,2,5,-1,2,1,18.05,1,2,2,9,1
16998,2019,0,2019-08-14,GIV-5264,VILALLONGA DE TER,Ripolles,1,0,1,0,2,0,1,0,0,1,0,0,0,90.0,0.0,0,-1,Sense Especificar,-1.0,3,3,1,0,0,0,0,0,0,0,0,0,0,0,4,-1,-1,Encalç,-1,1,2,4,4,2,1,10.27,0,2,2,14,8
16999,2019,0,2019-12-21,C-51,ALIO,Alt Camp,0,0,2,0,1,0,0,0,0,1,0,0,0,90.0,0.0,0,-1,Sense Especificar,-1.0,3,3,1,0,0,0,0,0,0,0,0,0,0,0,4,-1,-1,Resta sortides de via,-1,1,2,4,4,2,0,18.19,1,1,5,21,12
17000,2019,1,2019-02-23,BV-5001,MONTORNES DEL VALLES,Valles Oriental,3,0,1,0,1,0,0,0,1,0,0,0,0,40.0,0.0,0,-1,No n'hi ha,-1.0,3,3,1,-1,0,0,0,-1,0,0,0,0,-1,1,4,2,1,Caiguda en la via,1,0,2,4,-1,2,0,8.5,0,0,5,23,2
17001,2019,1,2019-05-10,SE,SANTA COLOMA DE GRAMANET,Barcelones,3,0,1,0,2,1,0,1,0,0,0,0,0,20.0,0.0,0,-1,No n'hi ha,-1.0,3,3,1,-1,-1,0,0,-1,0,0,0,0,-1,0,4,-1,1,Atropellament,-1,2,2,5,-1,2,1,11.15,0,3,4,10,5
17002,2019,0,2019-11-16,B-682,PALAFOLLS,Maresme,3,1,0,1,2,0,1,0,0,1,0,0,0,100.0,0.0,0,-1,No n'hi ha,-1.0,3,3,0,0,0,0,0,0,0,0,0,0,0,0,4,-1,-1,Altres,-1,1,2,4,-1,2,0,6.0,0,5,5,16,11
17003,2019,1,2019-03-29,SE,VILANOVA I LA GELTRU,Garraf,3,0,1,0,2,0,0,0,1,1,0,0,0,100.0,0.0,0,-1,No n'hi ha,-1.0,3,3,1,0,0,0,0,0,0,0,0,0,0,0,4,-1,-1,Sortida de via amb bolcada,-1,2,2,5,-1,2,0,20.35,1,1,4,29,3
17004,2019,1,2019-12-16,SE,ARENYS DE MAR,Maresme,3,0,1,0,2,0,0,0,1,1,0,0,0,100.0,0.0,0,-1,No n'hi ha,-1.0,3,3,1,0,0,0,0,0,0,0,0,0,0,0,4,-1,-1,Fregament o col·lisió lateral,-1,2,2,5,-1,2,1,13.2,0,2,0,16,12
17005,2019,0,2019-02-17,GIV-5241,OLOT,Garrotxa,1,0,1,0,1,0,1,0,0,0,0,0,0,50.0,0.0,0,3,No n'hi ha,-1.0,3,3,1,0,0,0,0,0,0,0,0,0,0,0,4,-1,1,Caiguda en la via,-1,1,2,4,3,2,0,13.01,0,0,6,17,2
17006,2019,1,2019-12-16,SE,BARCELONA,Barcelones,3,0,1,0,2,0,0,0,1,1,0,0,0,100.0,0.0,1,-1,No n'hi ha,-1.0,3,3,1,0,0,0,0,0,0,0,0,0,0,1,0,-1,1,Envestida (frontal lateral),2,2,2,5,-1,2,1,21.15,1,2,0,16,12
17007,2019,1,2019-09-30,SE,TERRASSA,Valles Occidental,3,0,1,1,3,0,0,0,1,2,0,0,0,100.0,0.0,0,2,No n'hi ha,-1.0,3,3,1,0,0,0,0,0,0,0,0,0,0,0,1,-1,0,Fregament o col·lisió lateral,-1,2,2,5,-1,2,1,19.3,1,2,0,30,9
17008,2019,1,2019-07-14,SE,VILA-SECA,Tarragones,0,0,1,0,2,1,0,0,0,1,0,0,0,100.0,0.0,0,-1,No n'hi ha,-1.0,3,3,1,0,0,0,0,0,0,0,0,0,0,0,4,-1,-1,Altres,-1,2,2,5,-1,2,0,18.5,1,5,6,14,7
17009,2019,0,2019-07-12,A-2,SIDAMON,Pla d'Urgell,2,0,1,0,4,0,0,0,0,2,2,0,0,100.0,0.0,0,2,No n'hi ha,-1.0,3,3,1,0,0,0,0,0,0,0,0,0,0,0,4,-1,1,Xoc contra objecte/obstacle sense sortida prèvia de via,-1,1,2,4,1,2,1,9.2,0,4,4,12,7
17010,2019,0,2019-03-10,CR,ARTES,Bages,3,1,0,0,1,0,0,0,0,1,0,0,0,100.0,0.0,0,2,No n'hi ha,-1.0,3,3,0,0,0,0,0,0,0,0,0,0,0,0,4,-1,1,Resta sortides de via,-1,1,5,3,0,2,0,10.2,0,1,6,10,3
17011,2019,0,2019-02-19,B-502,CABRERA DE MAR,Maresme,3,0,1,0,2,0,0,0,1,1,0,0,0,90.0,0.0,0,-1,No n'hi ha,-1.0,3,3,1,0,-1,0,0,0,0,0,0,0,0,1,4,4,-1,Envestida (frontal lateral),0,1,2,4,3,2,1,16.46,1,2,1,19,2
17012,2019,0,2019-04-29,C-16,BARCELONA,Barcelones,3,1,1,3,4,0,0,0,0,4,0,0,0,80.0,0.0,0,2,Carril reversible,-1.0,3,3,0,0,1,1,0,0,0,1,0,0,0,0,5,-1,1,Altres,-1,1,2,4,2,2,1,19.28,1,5,0,29,4
17013,2019,1,2019-10-16,SE,BARCELONA,Barcelones,3,0,1,0,2,0,0,0,1,1,0,0,0,100.0,0.0,1,-1,No n'hi ha,-1.0,3,3,1,0,0,0,0,0,0,0,0,0,0,1,4,-1,0,Envestida (frontal lateral),2,2,2,5,-1,2,1,15.3,1,2,2,16,10
17014,2019,1,2019-10-03,SE,MOLLET DEL VALLES,Valles Oriental,3,0,1,0,2,1,0,0,0,1,0,0,0,20.0,0.0,0,-1,No n'hi ha,-1.0,3,3,1,0,-1,0,0,0,0,0,0,0,0,1,4,2,-1,Atropellament,1,2,2,5,-1,2,1,15.25,1,3,3,3,10
17015,2019,1,2019-02-01,SE,TERRASSA,Valles Occidental,3,0,1,0,2,0,0,0,1,0,1,0,0,20.0,0.0,0,-1,Carril bus,-1.0,3,3,1,-1,0,0,0,-1,0,0,0,0,0,0,4,-1,0,Caiguda en la via,-1,2,2,5,-1,2,0,20.56,1,0,4,1,2
17016,2019,1,2019-02-19,SE,SANT SALVADOR DE GUARDIA,Bages,3,0,1,0,1,0,1,0,0,0,0,0,0,20.0,0.0,0,-1,Sense Especificar,-1.0,3,3,1,0,0,0,0,0,0,0,0,0,0,0,4,-1,-1,Altres,-1,2,2,5,-1,2,1,16.28,1,5,1,19,2
17017,2019,1,2019-11-05,SE,SANT JUST DESVERN,Baix Llobregat,3,0,1,0,2,1,0,0,0,1,0,0,0,20.0,0.0,0,-1,No n'hi ha,-1.0,3,3,1,0,0,0,0,0,0,0,0,0,0,1,4,3,-1,Atropellament,1,2,2,5,-1,2,1,11.12,0,3,1,5,11
17018,2019,1,2019-03-02,B-522,MANLLEU,Osona,3,0,1,0,2,0,1,0,0,1,0,0,0,90.0,0.0,0,-1,No n'hi ha,-1.0,3,3,1,-1,0,0,0,-1,0,0,0,0,0,1,4,4,1,Envestida (frontal lateral),0,0,2,4,-1,2,0,12.15,0,2,5,2,3
17019,2019,0,2019-09-14,B-20,BARCELONA,Barcelones,3,0,1,2,2,0,0,0,0,2,0,0,0,80.0,0.0,1,-1,No n'hi ha,-1.0,3,3,1,0,0,0,0,0,0,0,0,0,0,0,1,-1,1,Col·lisió frontal,-1,1,2,1,-1,2,0,6.4,0,2,5,14,9
17020,2019,1,2019-10-08,SE,REUS,Baix Camp,0,0,2,0,1,0,0,0,1,0,0,0,0,100.0,0.0,0,-1,No n'hi ha,-1.0,3,3,1,0,0,0,0,0,0,0,0,0,0,0,4,-1,-1,Caiguda en la via,-1,2,2,5,-1,2,1,17.54,1,0,1,8,10
17021,2019,0,2019-03-11,N-152z,SANTA PERPETUA DE MO,Valles Occidental,3,0,1,0,2,0,0,0,1,1,0,0,0,100.0,0.0,0,1,No n'hi ha,-1.0,3,3,1,0,0,0,0,0,0,0,0,0,0,1,4,4,1,Col·lisió frontal,1,1,2,4,2,2,1,17.16,1,2,0,11,3
17022,2019,0,2019-11-09,GIV-5232,TORTELLA,Garrotxa,1,0,1,1,2,0,0,0,0,2,0,0,0,90.0,0.0,0,-1,Sense Especificar,-1.0,3,3,1,0,0,0,0,0,0,0,0,0,0,0,4,-1,-1,Col·lisió frontal,-1,1,2,4,4,2,0,14.18,1,2,5,9,11
17023,2019,0,2019-11-03,BV-1201,ABRERA,Baix Llobregat,3,0,1,0,1,0,1,0,0,0,0,0,0,100.0,0.0,0,2,No n'hi ha,-1.0,3,3,1,0,0,0,0,0,0,0,1,0,0,0,4,-1,1,Caiguda en la via,-1,1,2,4,3,0,0,11.26,0,0,6,3,11
17024,2019,0,2019-05-15,B-23,SANT FELIU DE LLOBREGAT,Baix Llobregat,3,0,1,2,5,0,0,0,0,4,1,0,0,80.0,0.0,0,2,No n'hi ha,-1.0,3,3,1,0,0,0,0,0,0,0,0,0,0,0,5,-1,1,Fregament o col·lisió lateral,-1,1,2,4,1,2,1,5.27,2,2,2,15,5
17025,2019,0,2019-03-17,C-17,MONTCADA I REIXAC,Valles Occidental,3,0,1,0,1,0,0,0,1,0,0,0,0,60.0,0.0,0,1,No n'hi ha,-1.0,3,3,1,0,0,0,0,0,0,0,0,0,0,0,4,-1,0,Resta sortides de via,-1,1,2,4,3,2,0,7.19,0,1,6,17,3
17026,2019,0,2019-10-19,BV-2441,PONTONS,Alt Penedes,3,0,1,0,1,0,1,0,0,0,0,0,0,90.0,0.0,0,-1,Sense Especificar,-1.0,3,3,1,0,0,0,0,0,0,0,0,0,0,0,4,-1,-1,Resta sortides de via,-1,1,2,4,4,2,0,10.0,0,1,5,19,10
17027,2019,0,2019-09-08,C-1412b,"BARONIA DE RIALB, LA",Noguera,2,0,2,1,3,0,0,0,2,0,1,0,0,100.0,0.0,0,2,No n'hi ha,-1.0,3,3,1,0,0,0,0,0,0,0,0,0,0,0,4,-1,1,Altres,-1,1,2,4,2,2,0,11.04,0,5,6,8,9
17028,2019,1,2019-08-17,SE,RODA DE BARA,Tarragones,0,0,1,0,2,0,1,0,0,1,0,0,0,30.0,0.0,0,3,No n'hi ha,-1.0,3,3,1,0,0,0,0,0,0,0,0,0,0,1,4,5,1,Col·lisió frontal,1,2,2,5,-1,2,0,10.5,0,2,5,17,8
17029,2019,0,2019-01-14,CR,ALCANO,Segria,2,0,1,1,1,0,0,0,0,1,0,0,0,100.0,0.0,0,1,No n'hi ha,-1.0,3,3,1,0,0,0,0,0,0,0,0,0,0,0,3,-1,1,Resta sortides de via,-1,1,2,3,3,2,1,18.11,1,1,0,14,1
17030,2019,0,2019-10-27,BV-5011,BADALONA,Barcelones,3,0,1,0,2,0,1,0,0,1,0,0,0,90.0,0.0,0,-1,Sense Especificar,-1.0,3,3,1,0,0,0,0,0,0,0,0,0,0,0,4,-1,-1,Fregament o col·lisió lateral,-1,1,2,4,4,2,0,15.09,1,2,6,27,10
17031,2019,1,2019-03-15,SE,TERRASSA,Valles Occidental,3,0,1,0,2,1,0,0,1,0,0,0,0,100.0,0.0,0,2,No n'hi ha,-1.0,3,3,1,0,0,0,0,0,0,0,0,0,0,0,4,-1,1,Atropellament,-1,2,2,5,-1,2,1,10.1,0,3,4,15,3
17032,2019,0,2019-10-05,C-13,CAMARASA,Noguera,2,0,1,0,1,0,0,0,1,0,0,0,0,90.0,0.0,0,-1,Sense Especificar,-1.0,3,3,1,0,0,0,0,0,0,0,0,0,0,0,4,-1,-1,Altres,-1,1,2,4,4,2,0,14.03,1,5,5,5,10
17033,2019,0,2019-08-20,SE,VENTALLO,Alt Emporda,1,0,1,0,2,0,1,0,0,1,0,0,0,100.0,0.0,0,2,No n'hi ha,-1.0,3,3,1,0,0,0,0,0,0,0,0,0,0,0,4,-1,1,Altres,-1,1,2,0,0,2,1,19.0,1,5,1,20,8
17034,2019,1,2019-01-04,SE,PREMIA DE MAR,Maresme,3,0,1,0,2,1,0,0,0,1,0,0,0,100.0,0.0,0,2,No n'hi ha,-1.0,3,3,1,0,0,0,0,0,0,0,0,0,0,1,4,2,1,Atropellament,2,2,2,5,-1,2,1,12.29,0,3,4,4,1
17035,2019,0,2019-03-26,N-340,VILA-SECA,Tarragones,0,0,1,0,1,0,0,0,1,0,0,0,0,100.0,0.0,0,0,No n'hi ha,-1.0,3,3,1,0,0,0,0,0,0,0,0,0,0,0,5,-1,0,Resta sortides de via,-1,1,2,4,1,2,1,23.29,2,1,1,26,3
17036,2019,0,2019-05-03,B-224,PIERA,Anoia,3,1,0,0,2,0,0,0,0,1,1,0,0,50.0,0.0,0,2,No n'hi ha,-1.0,2,3,0,0,0,0,1,0,0,0,0,0,0,0,2,-1,1,Envestida (frontal lateral),-1,1,2,4,3,2,0,18.43,1,2,4,3,5
17037,2019,0,2019-08-30,C-58,VACARISSES,Valles Occidental,3,0,1,1,3,0,0,0,1,2,0,0,0,80.0,0.0,0,1,Carril avançament,-1.0,3,3,1,0,0,0,0,0,0,0,0,0,0,0,3,-1,1,Encalç,-1,1,2,4,2,2,0,20.07,1,2,4,30,8
17038,2019,0,2019-07-22,C-31B,VILA-SECA,Tarragones,0,1,0,0,2,0,0,0,1,1,0,0,0,100.0,0.0,0,2,No n'hi ha,-1.0,3,3,0,0,0,0,0,0,0,0,0,0,0,2,4,2,0,Encalç,3,1,2,4,2,2,1,14.5,1,2,0,22,7
17039,2019,1,2019-06-17,SE,TARRAGONA,Tarragones,0,0,1,0,1,0,0,0,1,0,0,0,0,50.0,0.0,0,2,No n'hi ha,-1.0,3,3,1,0,0,0,0,0,0,0,0,0,0,0,4,-1,1,Xoc amb animal a la calçada,-1,2,2,5,-1,2,1,16.15,1,4,0,17,6
17040,2019,0,2019-08-28,N-260,AVINYONET DE PUIGVENTOS,Alt Emporda,1,0,1,0,1,0,0,0,1,0,0,0,0,90.0,0.0,0,-1,Sense Especificar,-1.0,3,3,1,0,0,0,0,0,0,0,0,0,0,2,4,5,-1,Altres,0,1,2,4,4,2,1,6.18,0,5,2,28,8
17041,2019,0,2019-01-31,C-17,RIPOLL,Ripolles,1,0,1,0,1,0,0,0,0,1,0,0,0,90.0,0.0,0,-1,Sense Especificar,-1.0,3,3,1,0,0,0,0,0,0,0,0,0,0,0,4,-1,-1,Resta sortides de via,-1,1,2,4,4,2,1,7.54,0,1,3,31,1
17042,2019,0,2019-08-10,CR,"AVELLANES I SANTA LINYA, LES",Noguera,2,1,0,0,2,0,1,0,0,1,0,0,0,40.0,0.0,0,1,No n'hi ha,-1.0,3,3,0,0,0,0,0,0,0,0,0,0,0,0,4,-1,1,Col·lisió frontal,-1,1,2,3,3,2,0,10.48,0,2,5,10,8