,Year,Area,Date,Road,Municipality Name,County Name,Province Name,Fatalties,Serious Injuries,Light Injuries,Units Involved,Pedestrains Involved,Bicycles Involved,Mopeds Involved,Motorcycles,Light Vehicles Involved,Heavy Vehicles Involved,Other Units Involved,Unspecified Units Involved,Road Speed Limit,Accident with Hit and Run,Fog Presence,Surrounding Environment,Special Lane Presence,Special Traffic Measures,Weather Conditions,Special Road Functions,Severity of Accident,Influence of Fog,Influence of Environment,Influence of Traffic,Influence of Weather,Influence of Wind Intensity,Influence of Lighting,Influence of Special Measures,Influence of Road Objects,Influence of Road Surface,Influence of Visibility,Intersection Characteristics,Lighting Conditions,Traffic Regulation and Priority,Direction of Road,Subtype of Accident,Subtype of Road Section,Subzone within Area,Road Surface Conditions,Type of Road,Road Ownership,Wind Conditions,Day of the Week Grouping,Hour of Day,Time of Day Grouping,Type of Accident,Day Type,Day,Month
17043,2019,0,2019-08-07,BP-1121,MONISTROL DE MONTSER,Bages,3,1,0,0,1,0,0,0,1,0,0,0,0,100.0,0.0,0,3,No n'hi ha,-1.0,3,3,0,0,0,0,0,0,1,0,0,0,0,0,0,-1,1,Caiguda en la via,-1,1,2,4,4,2,1,21.32,1,0,2,7,8
17044,2019,0,2019-10-13,BV-2411,OLESA DE BONESVALLS,Alt Penedes,3,0,1,0,1,0,0,0,1,0,0,0,0,90.0,0.0,0,-1,Sense Especificar,-1.0,3,3,1,0,0,0,0,0,0,0,0,0,0,0,4,-1,-1,Resta sortides de via,-1,1,2,4,4,2,0,5.45,2,1,6,13,10
17045,2019,1,2019-01-24,SE,BARCELONA,Barcelones,3,1,0,0,2,0,0,0,1,0,1,0,0,100.0,0.0,1,-1,Carril bici,-1.0,3,3,0,0,0,0,0,0,0,0,0,0,0,0,4,-1,0,Fregament o col·lisió lateral,-1,2,2,5,-1,2,1,8.2,0,2,3,24,1
17046,2019,0,2019-12-06,GIV-5041,BOADELLA D'EMPORDA,Alt Emporda,1,0,1,0,2,0,0,1,0,1,0,0,0,100.0,0.0,0,1,No n'hi ha,-1.0,3,3,1,0,0,0,0,0,0,0,0,0,0,0,4,-1,1,Col·lisió frontal,-1,1,2,4,3,2,0,17.14,1,2,4,6,12
17047,2019,1,2019-02-27,SE,BADALONA,Barcelones,3,0,1,0,2,0,0,0,1,1,0,0,0,20.0,0.0,0,-1,No n'hi ha,-1.0,3,3,1,0,-1,0,0,0,0,0,0,0,0,0,4,-1,-1,Envestida (frontal lateral),-1,2,2,5,-1,2,1,18.17,1,2,2,27,2
17048,2019,1,2019-08-10,SE,GIRONA,Girones,1,0,1,10,12,10,0,0,0,2,0,0,0,100.0,0.0,0,2,No n'hi ha,-1.0,3,3,1,0,0,0,0,0,0,0,0,0,0,0,0,-1,0,Resta sortides de via,-1,2,2,5,-1,2,0,23.24,2,1,5,10,8
17049,2019,1,2019-10-08,SE,LLEIDA,Segria,2,0,1,0,2,0,1,0,0,1,0,0,0,20.0,0.0,0,2,No n'hi ha,-1.0,3,3,1,-1,0,0,0,-1,0,0,0,0,-1,0,4,-1,1,Envestida (frontal lateral),-1,2,2,5,1,2,1,18.45,1,2,1,8,10
17050,2019,0,2019-11-29,C-31,"FAR D'EMPORDA, EL",Alt Emporda,1,0,2,1,2,0,0,0,0,1,1,0,0,80.0,0.0,0,2,No n'hi ha,-1.0,3,3,1,0,0,0,0,0,0,0,0,0,0,0,4,-1,1,Col·lisió frontal,-1,1,2,4,2,2,1,14.45,1,2,4,29,11
17051,2019,1,2019-11-26,SE,CASTELLO D'EMPURIES,Alt Emporda,1,1,0,0,2,0,0,0,1,1,0,0,0,100.0,0.0,0,2,No n'hi ha,-1.0,3,3,0,0,0,0,0,0,0,0,0,0,0,2,4,5,1,Envestida (frontal lateral),2,2,2,5,-1,2,1,12.33,0,2,1,26,11
17052,2019,1,2019-12-09,SE,RUBI,Valles Occidental,3,0,1,0,2,1,0,0,0,1,0,0,0,100.0,0.0,0,-1,No n'hi ha,-1.0,3,3,1,0,0,0,0,0,0,0,0,0,0,0,4,-1,-1,Altres,-1,2,2,5,-1,2,1,17.4,1,5,0,9,12
17053,2019,1,2019-05-27,SE,LLEIDA,Segria,2,0,1,1,1,0,0,0,0,1,0,0,0,100.0,0.0,0,3,No n'hi ha,-1.0,3,3,1,0,0,0,0,0,0,0,0,0,0,0,1,-1,1,Altres,-1,2,2,5,-1,2,1,21.0,1,5,0,27,5
17054,2019,1,2019-07-05,SE,LLORET DE MAR,Selva,1,0,1,0,2,0,0,0,1,1,0,0,0,100.0,0.0,0,2,No n'hi ha,-1.0,3,3,1,0,0,0,0,0,0,0,0,0,0,1,4,4,1,Fregament o col·lisió lateral,0,2,2,5,-1,2,1,12.3,0,2,4,5,7
17055,2019,0,2019-03-09,BV-2136,MEDIONA,Alt Penedes,3,0,1,0,1,0,0,0,1,0,0,0,0,90.0,0.0,0,-1,Sense Especificar,-1.0,3,3,1,0,0,0,0,0,0,0,0,0,0,0,4,-1,-1,Resta sortides de via,-1,1,2,4,4,2,0,14.14,1,1,5,9,3
17056,2019,1,2019-04-21,SE,BARCELONA,Barcelones,3,0,1,0,2,0,0,0,1,1,0,0,0,30.0,0.0,1,-1,No n'hi ha,-1.0,3,3,1,0,0,0,0,0,0,0,0,0,0,0,4,-1,0,Xoc contra objecte/obstacle sense sortida prèvia de via,-1,2,2,5,-1,2,0,18.15,1,4,6,21,4
17057,2019,1,2019-03-14,SE,BARCELONA,Barcelones,3,0,1,0,2,0,1,0,0,1,0,0,0,100.0,0.0,1,-1,Carril bici,-1.0,3,3,1,0,0,0,0,0,0,0,0,0,0,1,0,-1,0,Col·lisió frontal,2,2,2,5,-1,2,1,20.35,1,2,3,14,3
17058,2019,1,2019-05-07,SE,FRANQUESES DEL VALLE,Valles Oriental,3,0,1,0,2,1,0,0,0,1,0,0,0,30.0,1.0,0,2,No n'hi ha,-1.0,3,3,1,0,0,0,0,0,0,0,0,0,0,0,4,-1,1,Atropellament,-1,2,2,5,0,2,1,12.35,0,3,1,7,5
17059,2019,0,2019-07-23,C-252,GARRIGUELLA,Alt Emporda,1,0,1,0,1,0,0,0,1,0,0,0,0,90.0,0.0,0,-1,Sense Especificar,-1.0,3,3,1,0,0,0,0,0,0,0,0,0,0,0,4,-1,-1,Xoc amb animal a la calçada,-1,1,2,4,4,2,1,22.24,2,4,1,23,7
17060,2019,0,2019-10-22,A-2,BELL-LLOC D'URGELL,Pla d'Urgell,2,0,1,0,1,0,0,0,0,1,0,0,0,90.0,0.0,0,-1,Sense Especificar,-1.0,3,3,1,0,0,0,0,0,0,0,0,0,0,0,4,-1,-1,Resta sortides de via,-1,1,2,4,4,2,1,20.2,1,1,1,22,10
17061,2019,0,2019-07-27,GI-664,"CRUILLES, MONELLS I SANT SADURNI DE L'HE",Baix Emporda,1,0,1,0,2,0,1,0,0,0,1,0,0,100.0,0.0,0,1,No n'hi ha,1.0,3,3,1,0,0,0,0,0,0,0,0,0,0,0,4,-1,1,Caiguda en la via,-1,1,2,4,0,2,0,10.23,0,0,5,27,7
17062,2019,1,2019-05-31,B-201,SANT BOI DE LLOBREGAT,Baix Llobregat,3,1,0,0,1,0,0,0,1,0,0,0,0,100.0,0.0,0,2,No n'hi ha,-1.0,3,3,0,0,0,0,0,0,0,0,0,0,0,1,4,4,1,Sortida de via amb xoc o col·lisió,0,0,2,4,0,2,0,20.28,1,1,4,31,5
17063,2019,1,2019-10-19,SE,BARCELONA,Barcelones,3,0,1,0,3,0,0,0,2,1,0,0,0,100.0,0.0,1,-1,No n'hi ha,-1.0,3,3,1,0,0,0,0,0,0,0,0,0,0,0,4,-1,0,Caiguda en la via,-1,2,2,5,-1,2,0,14.3,1,0,5,19,10
17064,2019,1,2019-10-01,SE,BARCELONA,Barcelones,3,0,1,0,3,0,0,1,0,2,0,0,0,100.0,0.0,1,-1,No n'hi ha,-1.0,3,3,1,0,0,0,0,0,0,0,0,0,0,1,4,-1,0,Fregament o col·lisió lateral,2,2,2,5,-1,2,1,13.05,0,2,1,1,10
17065,2019,1,2019-08-25,SE,VIC,Osona,3,0,1,0,2,1,0,0,0,1,0,0,0,100.0,0.0,0,2,No n'hi ha,-1.0,3,3,1,0,0,0,0,0,0,0,0,0,0,1,1,2,1,Atropellament,2,2,2,5,-1,2,0,21.0,1,3,6,25,8
17066,2019,0,2019-06-07,C-16,BALSARENY,Bages,3,0,1,0,1,0,0,0,0,1,0,0,0,90.0,0.0,0,-1,Sense Especificar,-1.0,3,3,1,0,0,0,0,0,0,0,0,0,0,0,4,-1,-1,Resta sortides de via,-1,1,2,4,4,2,0,18.09,1,1,4,7,6
17067,2019,0,2019-06-22,N-340,AMPOSTA,Montsia,0,1,0,1,4,0,0,0,0,4,0,0,0,100.0,0.0,0,2,No n'hi ha,-1.0,3,3,0,0,0,0,0,0,0,0,0,0,0,0,4,-1,1,Col·lisió frontal,-1,1,2,4,1,2,0,0.25,2,2,5,22,6
17068,2019,0,2019-07-02,GI-614,ROSES,Alt Emporda,1,0,1,2,3,0,0,0,0,3,0,0,0,90.0,0.0,0,-1,Sense Especificar,-1.0,3,3,1,0,0,0,0,0,0,0,0,0,0,0,4,-1,-1,Col·lisió frontal,-1,1,2,4,4,2,1,18.21,1,2,1,2,7
17069,2019,1,2019-11-09,SE,ESPLUGUES DE LLOBREGAT,Baix Llobregat,3,0,1,0,2,1,0,0,0,1,0,0,0,20.0,0.0,0,-1,No n'hi ha,-1.0,3,3,1,-1,0,0,0,-1,0,0,0,0,0,0,5,-1,0,Atropellament,-1,2,2,5,-1,2,0,23.1,2,3,5,9,11
17070,2019,1,2019-09-21,SE,TORDERA,Maresme,3,0,1,0,2,0,0,1,0,1,0,0,0,100.0,0.0,0,2,No n'hi ha,-1.0,3,3,1,0,0,0,0,0,0,0,0,0,0,0,2,-1,1,Col·lisió frontal,-1,2,2,5,-1,2,0,17.2,1,2,5,21,9
17071,2019,1,2019-07-03,SE,CASTELL-PLATJA D'ARO,Baix Emporda,1,0,1,0,2,1,0,0,0,1,0,0,0,100.0,0.0,0,2,No n'hi ha,-1.0,3,3,1,0,0,0,0,0,0,0,0,0,0,2,4,4,1,Atropellament,2,2,2,5,-1,2,1,19.35,1,3,2,3,7
17072,2019,1,2019-09-25,SE,CADAQUES,Alt Emporda,1,0,1,0,1,0,0,0,1,0,0,0,0,20.0,0.0,0,-1,Sense Especificar,-1.0,3,3,1,0,0,0,0,0,0,0,0,0,0,0,4,-1,-1,Xoc contra objecte/obstacle sense sortida prèvia de via,-1,2,2,5,-1,2,1,12.56,0,4,2,25,9
17073,2019,1,2019-04-11,SE,BADALONA,Barcelones,3,0,1,0,2,0,0,0,1,1,0,0,0,100.0,0.0,0,-1,No n'hi ha,-1.0,3,3,1,0,0,0,0,0,0,0,0,0,0,0,4,-1,-1,Altres,-1,2,2,5,-1,2,1,18.0,1,5,3,11,4
17074,2019,1,2019-06-11,SE,VILANOVA I LA GELTRU,Garraf,3,0,1,0,2,0,0,0,1,1,0,0,0,100.0,0.0,0,2,No n'hi ha,-1.0,1,3,1,0,0,0,1,0,0,0,0,0,0,2,4,3,0,Encalç,2,2,2,5,-1,2,1,14.35,1,2,1,11,6
17075,2019,0,2019-12-30,N-340,CASTELLET I LA GORNA,Alt Penedes,3,0,1,3,4,0,0,0,0,4,0,0,0,100.0,0.0,0,2,No n'hi ha,-1.0,3,3,1,0,0,0,0,0,0,0,0,0,0,0,3,-1,1,Col·lisió frontal,-1,1,2,4,1,2,1,23.29,2,2,0,30,12
17076,2019,1,2019-07-30,SE,SANT PERE DE RIBES,Garraf,3,0,1,0,2,1,0,0,0,1,0,0,0,100.0,0.0,0,-1,No n'hi ha,-1.0,3,3,1,0,0,0,0,0,0,0,0,0,0,0,4,-1,-1,Atropellament,-1,2,2,5,-1,2,1,12.0,0,3,1,30,7
17077,2019,1,2019-07-11,SE,"GARRIGA, LA",Valles Oriental,3,0,1,0,2,1,0,0,0,1,0,0,0,20.0,0.0,0,2,No n'hi ha,-1.0,3,3,1,-1,0,0,0,-1,0,0,0,0,-1,1,4,4,-1,Atropellament,2,2,2,5,-1,2,1,11.32,0,3,3,11,7
17078,2019,0,2019-08-19,C-1415a,TERRASSA,Valles Occidental,3,0,1,0,2,0,1,0,0,0,1,0,0,90.0,0.0,0,-1,Sense Especificar,-1.0,3,3,1,0,0,0,0,0,0,0,0,0,0,1,4,4,-1,Envestida (frontal lateral),3,1,2,4,4,2,1,10.42,0,2,0,19,8
17079,2019,1,2019-06-07,SE,OLOT,Garrotxa,1,0,1,0,2,0,0,0,1,1,0,0,0,100.0,0.0,0,2,No n'hi ha,-1.0,3,3,1,0,0,0,0,0,0,0,0,0,0,1,4,4,1,Caiguda en la via,1,2,2,5,0,2,1,14.06,1,0,4,7,6
17080,2019,0,2019-09-23,C-32,SANT ANDREU DE LLAVANERES,Maresme,3,0,1,0,1,0,0,0,1,0,0,0,0,90.0,0.0,0,-1,Sense Especificar,-1.0,3,3,1,0,0,0,0,0,0,0,0,0,0,0,4,-1,-1,Altres,-1,1,2,4,4,2,1,10.34,0,5,0,23,9
17081,2019,1,2019-05-03,SE,BADALONA,Barcelones,3,0,1,0,1,0,0,0,1,0,0,0,0,20.0,0.0,0,1,No n'hi ha,-1.0,1,3,1,-1,1,0,0,-1,0,0,0,0,0,0,4,-1,1,Caiguda en la via,-1,2,0,5,-1,2,1,14.58,1,0,4,3,5
17082,2019,1,2019-06-27,SE,VILANOVA I LA GELTRU,Garraf,3,0,1,0,2,1,0,0,0,1,0,0,0,100.0,0.0,0,2,No n'hi ha,-1.0,3,3,1,0,0,0,0,0,0,0,0,0,0,0,4,-1,0,Atropellament,-1,2,2,5,-1,2,1,19.15,1,3,3,27,6
17083,2019,1,2019-08-14,SE,BARCELONA,Barcelones,3,0,1,1,3,0,0,0,1,1,1,0,0,100.0,0.0,1,-1,No n'hi ha,-1.0,3,3,1,0,0,0,0,0,0,0,0,0,0,1,4,-1,0,Fregament o col·lisió lateral,2,2,2,5,-1,2,1,19.3,1,2,2,14,8
17084,2019,0,2019-11-24,C-32,SANT PERE DE RIBES,Garraf,3,0,1,1,3,0,0,0,1,2,0,0,0,100.0,0.0,0,2,No n'hi ha,-1.0,3,3,1,0,0,0,0,0,0,0,0,0,0,0,4,-1,0,Encalç,-1,1,2,4,2,2,0,11.06,0,2,6,24,11
17085,2019,0,2019-04-19,B-10,BARCELONA,Barcelones,3,1,0,1,2,1,0,0,0,1,0,0,0,80.0,0.0,1,-1,No n'hi ha,-1.0,3,3,0,0,0,0,0,0,0,0,0,0,0,0,0,-1,1,Atropellament,-1,1,2,4,-1,1,1,4.5,2,3,4,19,4
17086,2019,1,2019-08-05,SE,RIPOLLET,Valles Occidental,3,0,2,0,1,0,0,0,1,0,0,0,0,100.0,0.0,0,2,No n'hi ha,-1.0,3,3,1,0,0,0,0,0,0,0,0,0,0,2,5,-1,1,Xoc contra objecte/obstacle sense sortida prèvia de via,0,2,2,5,-1,2,1,5.35,2,4,0,5,8
17087,2019,0,2019-08-04,SE,GUIXERS,Solsones,2,0,1,0,2,1,0,0,0,1,0,0,0,100.0,0.0,0,2,No n'hi ha,-1.0,3,3,1,0,0,0,0,0,0,0,0,0,0,0,3,-1,1,Atropellament,-1,1,2,0,0,2,0,4.15,2,3,6,4,8
17088,2019,0,2019-03-07,BP-1417,SANT CUGAT DEL VALLES,Valles Occidental,3,0,1,1,2,0,1,0,1,0,0,0,0,40.0,0.0,0,2,No n'hi ha,-1.0,3,3,1,0,0,0,0,0,0,0,0,0,0,1,4,4,1,Envestida (frontal lateral),1,1,2,4,3,2,1,12.41,0,2,3,7,3
17089,2019,1,2019-04-28,SE,ARGENTONA,Maresme,3,1,0,0,1,0,0,0,1,0,0,0,0,100.0,0.0,0,-1,No n'hi ha,-1.0,3,3,0,0,1,0,0,0,0,0,0,0,0,0,4,-1,-1,Caiguda en la via,-1,2,2,5,-1,2,0,11.2,0,0,6,28,4
17090,2019,0,2019-11-19,N-II,SANT VICENC DE MONTA,Maresme,3,0,1,0,2,0,0,0,1,1,0,0,0,50.0,0.0,0,2,Altres,-1.0,3,3,1,0,0,0,0,0,0,0,0,0,0,1,4,5,1,Envestida (frontal lateral),3,1,2,4,1,2,1,11.33,0,2,1,19,11
17091,2019,0,2019-05-11,B-124,CASTELLAR DEL VALLES,Valles Occidental,3,0,1,2,2,0,0,0,0,2,0,0,0,90.0,0.0,0,-1,No n'hi ha,-1.0,3,3,1,0,0,0,0,0,0,0,0,0,0,0,4,-1,-1,Col·lisió frontal,-1,1,2,4,3,2,0,17.2,1,2,5,11,5
17092,2019,1,2019-07-14,SE,MANRESA,Bages,3,0,1,0,1,0,0,0,1,0,0,0,0,50.0,0.0,0,2,No n'hi ha,-1.0,3,3,1,0,0,0,0,0,0,0,0,0,0,1,4,4,1,Caiguda en la via,0,2,2,5,0,2,0,19.5,1,0,6,14,7
17093,2019,1,2019-02-27,SE,LLEIDA,Segria,2,0,1,0,2,0,0,0,1,0,1,0,0,20.0,0.0,0,2,No n'hi ha,-1.0,3,3,1,-1,0,0,0,-1,0,0,0,0,1,0,4,-1,1,Xoc contra objecte/obstacle sense sortida prèvia de via,-1,2,2,5,-1,2,1,9.05,0,4,2,27,2
17094,2019,0,2019-04-20,C-13,TALARN,Pallars Jussa,2,0,1,1,2,0,0,0,0,2,0,0,0,100.0,0.0,0,1,No n'hi ha,-1.0,3,3,1,0,0,0,0,0,0,0,0,0,0,0,4,-1,1,Col·lisió frontal,-1,1,2,4,2,2,0,15.3,1,2,5,20,4
17095,2019,1,2019-06-23,SE,SANT CARLES DE LA RAPITA,Montsia,0,0,1,0,1,0,0,1,0,0,0,0,0,40.0,0.0,0,2,No n'hi ha,-1.0,3,3,1,0,0,0,0,0,0,0,0,0,0,2,4,4,1,Caiguda en la via,2,2,2,5,-1,2,0,17.17,1,0,6,23,6
17096,2019,0,2019-09-11,GI-632,BELLCAIRE D'EMPORDA,Baix Emporda,1,0,1,1,2,0,0,0,0,2,0,0,0,90.0,0.0,0,-1,Sense Especificar,-1.0,3,3,1,0,0,0,0,0,0,0,0,0,0,0,4,-1,-1,Col·lisió frontal,-1,1,2,4,4,2,1,8.2,0,2,2,11,9
17097,2019,1,2019-03-14,SE,REUS,Baix Camp,0,0,1,0,1,0,0,0,1,0,0,0,0,100.0,0.0,0,-1,No n'hi ha,-1.0,3,3,1,0,0,0,0,0,0,0,0,0,0,0,4,-1,-1,Caiguda en la via,-1,2,2,5,-1,2,1,20.25,1,0,3,14,3
17098,2019,0,2019-10-31,CR,LLEIDA,Segria,2,0,1,0,2,0,0,0,1,1,0,0,0,100.0,0.0,0,2,No n'hi ha,-1.0,3,3,1,0,0,0,0,0,0,0,0,0,0,0,4,-1,1,Fregament o col·lisió lateral,-1,1,2,3,3,2,1,14.59,1,2,3,31,10
17099,2019,1,2019-01-30,SE,BADALONA,Barcelones,3,0,1,0,1,0,0,0,1,0,0,0,0,20.0,0.0,0,3,No n'hi ha,-1.0,3,3,1,-1,0,0,0,-1,0,0,0,0,0,0,5,-1,0,Xoc contra objecte/obstacle sense sortida prèvia de via,-1,2,2,5,0,2,1,22.25,2,4,2,30,1
17100,2019,0,2019-10-26,C-13,CASTELL DE MUR,Pallars Jussa,2,1,0,0,2,0,0,0,1,1,0,0,0,100.0,0.0,0,1,No n'hi ha,-1.0,3,3,0,0,0,0,0,0,0,0,0,0,0,0,4,-1,1,Caiguda en la via,-1,1,2,4,2,2,0,13.17,0,0,5,26,10
17101,2019,1,2019-09-27,SE,SANT MIQUEL DE FLUVIA,Alt Emporda,1,0,1,0,1,0,0,0,0,0,0,1,0,20.0,0.0,0,-1,Sense Especificar,-1.0,3,3,1,0,0,0,0,0,0,0,0,0,0,0,4,-1,-1,Xoc contra objecte/obstacle sense sortida prèvia de via,-1,2,2,5,-1,2,1,9.56,0,4,4,27,9
17102,2019,1,2019-08-06,SE,"VENDRELL, EL",Baix Penedes,0,0,2,1,1,0,0,0,0,1,0,0,0,40.0,0.0,0,-1,No n'hi ha,-1.0,3,3,1,0,-1,0,0,0,0,0,0,0,0,1,4,5,-1,Sortida de via amb bolcada,1,2,2,5,-1,2,1,10.29,0,1,1,6,8
17103,2019,1,2019-07-13,SE,BADALONA,Barcelones,3,0,1,1,2,0,0,0,1,1,0,0,0,20.0,0.0,0,2,No n'hi ha,-1.0,3,3,1,-1,0,0,0,-1,0,0,0,0,-1,0,4,-1,0,Envestida (frontal lateral),-1,2,2,5,-1,2,0,15.2,1,2,5,13,7
17104,2019,0,2019-02-10,N-420,"BORGES DEL CAMP, LES",Baix Camp,0,0,1,0,2,0,0,0,1,1,0,0,0,40.0,0.0,0,2,No n'hi ha,-1.0,3,3,1,0,0,0,0,0,0,0,0,0,0,1,4,4,1,Envestida (frontal lateral),1,1,2,4,1,2,0,17.1,1,2,6,10,2
17105,2019,1,2019-10-02,SE,BARCELONA,Barcelones,3,0,1,1,2,1,0,0,0,0,0,1,0,100.0,0.0,1,-1,Altres,-1.0,3,3,1,0,0,0,0,0,0,0,0,0,0,0,4,-1,1,Atropellament,-1,2,2,5,-1,2,1,8.37,0,3,2,2,10
17106,2019,0,2019-05-15,BV-1462,BARCELONA,Barcelones,3,0,1,0,2,0,0,0,1,1,0,0,0,50.0,0.0,1,-1,No n'hi ha,-1.0,3,3,1,0,0,0,0,0,0,0,0,0,0,1,4,4,1,Col·lisió frontal,1,1,2,4,-1,2,1,9.3,0,2,2,15,5
17107,2019,1,2019-10-25,C-1415a,TERRASSA,Valles Occidental,3,0,1,0,2,0,0,0,1,0,1,0,0,100.0,0.0,0,2,No n'hi ha,-1.0,3,3,1,0,0,1,0,0,1,0,1,0,0,0,5,-1,1,Encalç,-1,0,2,4,3,2,0,22.1,2,2,4,25,10
17108,2019,1,2019-02-17,T-342,ROQUETES,Baix Ebre,0,0,1,0,1,0,0,1,0,0,0,0,0,40.0,0.0,0,2,No n'hi ha,-1.0,3,3,1,-1,0,0,0,-1,0,0,0,0,-1,0,5,-1,1,Caiguda en la via,-1,0,2,4,-1,2,0,4.1,2,0,6,17,2
17109,2019,0,2019-06-17,BP-1417,SANT CUGAT DEL VALLES,Valles Occidental,3,0,1,0,1,0,0,0,1,0,0,0,0,100.0,0.0,0,1,No n'hi ha,-1.0,3,3,1,0,0,0,0,0,0,0,0,0,0,0,4,-1,1,Caiguda en la via,-1,1,2,4,3,2,1,18.58,1,0,0,17,6
17110,2019,1,2019-01-26,SE,BARCELONA,Barcelones,3,0,1,0,2,0,0,0,1,1,0,0,0,100.0,0.0,1,-1,No n'hi ha,-1.0,3,3,1,0,0,0,0,0,0,0,0,0,0,1,0,-1,0,Envestida (frontal lateral),2,2,2,5,-1,2,0,0.0,2,2,5,26,1
17111,2019,0,2019-03-21,N-340,CASTELLET I LA GORNA,Alt Penedes,3,0,1,0,1,0,0,0,0,1,0,0,0,90.0,0.0,0,-1,Sense Especificar,-1.0,3,3,1,0,0,0,0,0,0,0,0,0,0,0,4,-1,-1,Xoc contra objecte/obstacle sense sortida prèvia de via,-1,1,2,4,4,2,1,7.53,0,4,3,21,3
17112,2019,0,2019-03-12,C-32,SANT BOI DE LLOBREGAT,Baix Llobregat,3,1,0,0,2,0,0,0,0,2,0,0,0,80.0,0.0,0,3,No n'hi ha,-1.0,3,3,0,0,0,0,0,0,0,0,0,0,0,1,5,5,0,Altres,3,1,2,4,1,2,1,0.3,2,5,1,12,3
17113,2019,1,2019-04-03,SE,BARCELONA,Barcelones,3,0,1,1,2,1,0,1,0,0,0,0,0,100.0,0.0,1,-1,Carril bus,-1.0,1,3,1,0,0,0,0,0,0,0,0,0,0,1,0,-1,0,Atropellament,2,2,0,5,-1,2,1,21.56,1,3,2,3,4
17114,2019,1,2019-12-14,SE,MANRESA,Bages,3,0,1,0,2,0,0,0,1,1,0,0,0,100.0,0.0,0,2,No n'hi ha,-1.0,3,3,1,0,0,0,0,0,0,0,0,0,0,1,5,3,1,Fregament o col·lisió lateral,2,2,2,5,-1,2,0,22.15,2,2,5,14,12
17115,2019,1,2019-03-16,SE,MANRESA,Bages,3,0,1,0,2,1,0,0,0,1,0,0,0,100.0,0.0,0,2,No n'hi ha,-1.0,3,3,1,0,0,0,0,0,0,0,0,0,0,1,4,4,0,Atropellament,2,2,2,5,-1,2,0,13.0,0,3,5,16,3
17116,2019,1,2019-05-27,SE,LA CANONJA,Tarragones,0,0,1,0,2,1,0,0,0,1,0,0,0,100.0,0.0,0,2,No n'hi ha,-1.0,3,3,1,0,0,0,0,0,0,0,0,0,0,0,4,-1,0,Atropellament,-1,2,2,5,-1,2,1,17.53,1,3,0,27,5
17117,2019,0,2019-07-27,GIV-6741,CASSA DE LA SELVA,Girones,1,0,1,2,1,0,0,0,0,1,0,0,0,100.0,0.0,0,2,No n'hi ha,-1.0,1,3,1,0,0,0,0,0,0,0,0,0,0,0,2,-1,1,Resta sortides de via,-1,1,2,4,0,2,0,14.1,1,1,5,27,7
17118,2019,1,2019-04-27,SE,ALMENAR,Segria,2,0,1,0,1,0,0,0,1,0,0,0,0,100.0,0.0,0,2,No n'hi ha,-1.0,3,3,1,0,0,0,0,0,0,0,0,0,0,0,4,-1,1,Caiguda en la via,-1,2,2,5,-1,2,0,17.1,1,0,5,27,4
17119,2019,1,2019-08-23,SE,GIRONA,Girones,1,0,1,0,3,2,0,0,1,0,0,0,0,100.0,0.0,0,2,No n'hi ha,-1.0,3,3,1,0,0,0,0,0,0,0,0,0,0,2,4,4,0,Atropellament,2,2,2,5,-1,2,1,9.32,0,3,4,23,8
17120,2019,1,2019-05-15,SE,BARCELONA,Barcelones,3,0,2,0,3,2,0,0,0,1,0,0,0,30.0,0.0,1,-1,No n'hi ha,-1.0,3,3,1,0,0,0,0,0,0,0,0,0,0,0,4,-1,1,Atropellament,-1,2,2,5,-1,2,1,11.2,0,3,2,15,5
17121,2019,0,2019-05-15,A-2,JORBA,Anoia,3,1,0,0,2,0,0,0,0,1,1,0,0,100.0,0.0,0,2,No n'hi ha,0.0,3,3,0,0,0,0,0,0,0,0,0,0,0,0,4,-1,0,Encalç,-1,1,2,4,1,2,1,12.31,0,2,2,15,5
17122,2019,1,2019-06-29,SE,BARCELONA,Barcelones,3,0,2,1,1,0,0,0,0,1,0,0,0,100.0,0.0,1,-1,No n'hi ha,-1.0,3,3,1,0,0,0,0,0,0,0,0,0,0,0,4,-1,1,Sortida de via amb xoc o col·lisió,-1,2,2,5,-1,2,0,17.07,1,1,5,29,6
17123,2019,0,2019-08-09,C-251,FRANQUESES DEL VALLE,Valles Oriental,3,1,4,0,2,0,0,0,0,2,0,0,0,100.0,0.0,0,-1,No n'hi ha,-1.0,3,3,0,0,0,0,0,0,0,0,0,0,0,0,4,-1,-1,Col·lisió frontal,-1,1,2,4,-1,2,0,15.36,1,2,4,9,8
17124,2019,1,2019-01-29,GI-533,VILABLAREIX,Girones,1,0,1,0,2,0,0,0,1,1,0,0,0,50.0,0.0,0,2,No n'hi ha,-1.0,3,3,1,0,0,0,0,0,0,0,0,0,0,0,2,-1,1,Encalç,-1,0,2,4,2,2,1,14.52,1,2,1,29,1
17125,2019,1,2019-10-11,SE,BADALONA,Barcelones,3,0,1,1,2,0,0,1,0,1,0,0,0,20.0,0.0,0,-1,No n'hi ha,-1.0,3,3,1,-1,0,0,0,-1,0,0,0,0,1,1,4,4,0,Envestida (frontal lateral),2,2,2,5,-1,2,0,18.55,1,2,4,11,10