,Year,Area,Date,Road,Municipality Name,County Name,Province Name,Fatalties,Serious Injuries,Light Injuries,Units Involved,Pedestrains Involved,Bicycles Involved,Mopeds Involved,Motorcycles,Light Vehicles Involved,Heavy Vehicles Involved,Other Units Involved,Unspecified Units Involved,Road Speed Limit,Accident with Hit and Run,Fog Presence,Surrounding Environment,Special Lane Presence,Special Traffic Measures,Weather Conditions,Special Road Functions,Severity of Accident,Influence of Fog,Influence of Environment,Influence of Traffic,Influence of Weather,Influence of Wind Intensity,Influence of Lighting,Influence of Special Measures,Influence of Road Objects,Influence of Road Surface,Influence of Visibility,Intersection Characteristics,Lighting Conditions,Traffic Regulation and Priority,Direction of Road,Subtype of Accident,Subtype of Road Section,Subzone within Area,Road Surface Conditions,Type of Road,Road Ownership,Wind Conditions,Day of the Week Grouping,Hour of Day,Time of Day Grouping,Type of Accident,Day Type,Day,Month
17126,2019,0,2019-06-22,C-58,BARCELONA,Barcelones,3,0,2,0,2,0,0,0,1,1,0,0,0,80.0,0.0,0,2,No n'hi ha,0.0,3,3,1,0,0,0,0,0,0,1,0,0,0,0,5,-1,0,Encalç,-1,1,2,4,2,2,0,22.15,2,2,5,22,6
17127,2019,1,2019-05-23,SE,BADALONA,Barcelones,3,0,2,0,2,1,0,0,1,0,0,0,0,20.0,,0,-1,No n'hi ha,-1.0,3,3,1,0,0,0,0,0,0,0,0,0,0,0,4,-1,-1,Atropellament,-1,2,2,5,-1,2,1,16.45,1,3,3,23,5
17128,2019,0,2019-06-21,A-2,CORBERA DE LLOBREGAT,Baix Llobregat,3,0,1,0,2,0,0,0,1,1,0,0,0,100.0,0.0,0,1,No n'hi ha,-1.0,3,3,1,0,0,0,0,0,0,0,0,0,0,0,4,-1,1,Encalç,-1,1,2,4,1,2,1,14.37,1,2,4,21,6
17129,2019,1,2019-01-27,SE,TERRASSA,Valles Occidental,3,0,1,0,2,1,0,0,0,1,0,0,0,100.0,0.0,0,2,Habilitació voral/carril addicional,-1.0,3,3,1,0,1,0,0,0,0,0,0,0,1,2,4,3,1,Atropellament,2,2,2,5,-1,2,0,13.09,0,3,6,27,1
17130,2019,1,2019-11-28,SE,SANT BOI DE LLOBREGAT,Baix Llobregat,3,0,1,0,2,1,1,0,0,0,0,0,0,100.0,0.0,0,-1,No n'hi ha,-1.0,3,3,1,0,0,0,0,0,0,0,0,0,0,0,4,-1,-1,Atropellament,-1,2,2,5,-1,2,1,13.2,0,3,3,28,11
17131,2019,1,2019-09-18,SE,SANTA COLOMA DE GRAMANET,Barcelones,3,0,1,0,2,1,0,0,0,1,0,0,0,20.0,0.0,0,-1,No n'hi ha,-1.0,3,3,1,-1,-1,0,0,-1,0,0,0,0,0,0,4,-1,-1,Atropellament,-1,2,2,5,-1,2,1,11.3,0,3,2,18,9
17132,2019,1,2019-09-07,SE,MOLINS DE REI,Baix Llobregat,3,1,0,0,1,0,1,0,0,0,0,0,0,30.0,0.0,0,1,No n'hi ha,-1.0,3,3,0,0,0,0,0,0,0,0,0,0,0,0,4,-1,1,Resta sortides de via,-1,2,2,5,-1,2,0,12.54,0,1,5,7,9
17133,2019,0,2019-07-13,SE,CASTELLAR DE N'HUG,Bergueda,3,0,1,0,2,0,1,0,0,1,0,0,0,30.0,0.0,0,2,No n'hi ha,-1.0,3,3,1,0,0,0,0,0,0,0,0,0,0,0,4,-1,1,Fregament o col·lisió lateral,-1,1,2,0,-1,2,0,15.2,1,2,5,13,7
17134,2019,0,2019-02-15,BP-5107,SANT ANTONI DE VILAM,Valles Oriental,3,0,1,0,2,0,0,0,1,1,0,0,0,100.0,0.0,0,3,No n'hi ha,-1.0,3,3,1,0,0,0,0,0,0,0,0,0,0,0,4,-1,1,Caiguda en la via,-1,1,2,4,3,2,0,15.16,1,0,4,15,2
17135,2019,1,2019-03-16,SE,BARCELONA,Barcelones,3,0,1,0,2,1,0,0,0,1,0,0,0,30.0,0.0,1,-1,No n'hi ha,-1.0,3,3,1,0,0,0,0,0,0,0,0,0,0,0,4,-1,0,Atropellament,-1,2,2,5,-1,2,0,13.1,0,3,5,16,3
17136,2019,1,2019-04-04,SE,IGUALADA,Anoia,3,0,1,2,3,0,0,0,0,3,0,0,0,50.0,0.0,0,2,No n'hi ha,-1.0,3,3,1,-1,0,0,0,-1,0,0,0,0,-1,1,4,5,1,Encalç,1,2,2,5,0,2,1,17.0,1,2,3,4,4
17137,2019,1,2019-11-06,SE,FIGUERES,Alt Emporda,1,0,1,1,2,0,0,1,0,1,0,0,0,50.0,0.0,0,2,Carril central,-1.0,3,3,1,0,0,0,0,0,0,0,0,0,0,1,0,4,1,Envestida (frontal lateral),1,0,2,4,2,2,1,18.07,1,2,2,6,11
17138,2019,1,2019-05-31,SE,GRANOLLERS,Valles Oriental,3,0,1,1,2,1,0,0,0,1,0,0,0,100.0,0.0,0,2,No n'hi ha,,3,3,1,0,0,0,0,0,0,0,0,0,0,0,4,-1,0,Atropellament,-1,2,2,5,-1,2,0,18.1,1,3,4,31,5
17139,2019,0,2019-05-29,B-20,BARCELONA,Barcelones,3,0,1,0,1,0,0,0,1,0,0,0,0,80.0,0.0,1,-1,No n'hi ha,-1.0,3,3,1,0,0,0,0,0,0,0,0,0,0,0,0,-1,1,Caiguda en la via,-1,1,2,1,-1,2,1,20.45,1,0,2,29,5
17140,2019,1,2019-02-21,SE,GAVA,Baix Llobregat,3,1,0,0,1,0,0,0,1,0,0,0,0,50.0,0.0,0,0,No n'hi ha,-1.0,3,3,0,0,0,0,0,0,0,0,0,0,0,0,3,-1,1,Resta sortides de via,-1,2,2,5,0,2,1,20.0,1,1,3,21,2
17141,2019,0,2019-09-14,C-14,COLL DE NARGO,Alt Urgell,2,0,3,0,3,0,0,0,3,0,0,0,0,100.0,0.0,0,1,No n'hi ha,-1.0,3,3,1,0,0,0,0,0,0,0,0,0,0,0,4,-1,1,Fregament o col·lisió lateral,-1,1,2,4,1,2,0,10.46,0,2,5,14,9
17142,2019,1,2019-06-22,SE,BARCELONA,Barcelones,3,0,1,0,2,1,0,0,0,1,0,0,0,100.0,0.0,1,-1,No n'hi ha,-1.0,3,3,1,0,0,0,0,0,0,0,0,0,0,1,0,-1,0,Atropellament,2,2,2,5,-1,2,0,5.35,2,3,5,22,6
17143,2019,0,2019-05-18,C-250,QUART,Girones,1,0,1,0,2,0,0,0,1,1,0,0,0,100.0,0.0,0,2,No n'hi ha,-1.0,3,3,1,0,0,0,0,0,0,0,0,0,0,0,4,-1,1,Envestida (frontal lateral),-1,1,2,4,2,2,0,18.3,1,2,5,18,5
17144,2019,1,2019-01-02,SE,VILASSAR DE MAR,Maresme,3,0,1,0,2,1,0,0,0,1,0,0,0,30.0,0.0,0,-1,No n'hi ha,-1.0,3,3,1,-1,-1,0,0,-1,0,0,0,0,0,0,4,-1,1,Atropellament,-1,2,2,5,-1,2,1,14.4,1,3,2,2,1
17145,2019,1,2019-01-09,SE,BARCELONA,Barcelones,3,0,1,2,2,0,0,0,1,1,0,0,0,100.0,0.0,1,-1,Carril bus,-1.0,3,3,1,0,0,0,0,0,0,0,0,0,0,0,0,-1,1,Caiguda en la via,-1,2,2,5,-1,2,1,18.1,1,0,2,9,1
17146,2019,1,2019-05-30,SE,MOLLET DEL VALLES,Valles Oriental,3,0,1,0,2,1,0,0,0,1,0,0,0,100.0,0.0,0,2,No n'hi ha,-1.0,3,3,1,0,0,0,0,0,0,0,0,0,0,2,4,4,1,Atropellament,2,2,2,5,-1,2,1,19.58,1,3,3,30,5
17147,2019,1,2019-12-15,SE,REUS,Baix Camp,0,0,1,0,1,0,1,0,0,0,0,0,0,100.0,0.0,0,-1,No n'hi ha,-1.0,3,3,1,0,0,0,0,0,0,0,0,0,0,0,4,-1,-1,Xoc contra objecte/obstacle sense sortida prèvia de via,-1,2,2,5,-1,2,0,9.1,0,4,6,15,12
17148,2019,0,2019-05-23,CR,SUBIRATS,Alt Penedes,3,1,0,0,1,0,0,0,0,0,1,0,0,100.0,0.0,0,3,No n'hi ha,-1.0,3,3,0,0,0,0,0,0,0,0,0,0,0,0,4,-1,1,Resta sortides de via,-1,1,3,3,0,2,1,12.01,0,1,3,23,5
17149,2019,0,2019-04-26,C-58,MONTCADA I REIXAC,Valles Occidental,3,0,1,0,2,0,0,0,1,1,0,0,0,100.0,0.0,0,2,No n'hi ha,-1.0,3,3,1,0,0,1,0,0,0,0,0,0,1,0,4,-1,0,Encalç,-1,1,2,4,2,2,1,9.26,0,2,4,26,4
17150,2019,1,2019-02-05,SE,BARCELONA,Barcelones,3,0,1,5,2,0,0,0,0,2,0,0,0,80.0,0.0,1,-1,No n'hi ha,-1.0,3,3,1,0,0,0,0,0,0,0,0,0,0,0,0,-1,1,Fregament o col·lisió lateral,-1,2,2,5,-1,2,1,18.58,1,2,1,5,2
17151,2019,1,2019-10-08,SE,LLEIDA,Segria,2,0,1,0,2,0,1,0,0,1,0,0,0,20.0,0.0,0,3,No n'hi ha,-1.0,3,3,1,-1,0,0,0,-1,0,0,0,0,0,0,1,-1,1,Envestida (frontal lateral),-1,2,2,5,0,2,1,19.3,1,2,1,8,10
17152,2019,1,2019-06-29,SE,LLEIDA,Segria,2,0,1,1,3,0,0,0,0,2,1,0,0,100.0,0.0,0,-1,No n'hi ha,-1.0,3,3,1,0,0,0,0,0,0,0,0,0,0,0,4,-1,-1,Encalç,-1,2,2,5,-1,2,0,17.15,1,2,5,29,6
17153,2019,0,2019-10-29,C-63,VIDRERES,Selva,1,0,1,0,2,0,0,0,1,0,1,0,0,100.0,0.0,1,2,No n'hi ha,-1.0,3,3,1,1,0,0,0,0,0,0,0,0,0,1,3,4,1,Envestida (frontal lateral),2,1,2,4,2,2,1,5.3,2,2,1,29,10
17154,2019,0,2019-05-30,GI-503,DARNIUS,Alt Emporda,1,0,1,0,1,0,0,0,0,1,0,0,0,90.0,0.0,0,-1,Sense Especificar,-1.0,3,3,1,0,0,0,0,0,0,0,0,0,0,0,4,-1,-1,Resta sortides de via,-1,1,2,4,4,2,1,10.28,0,1,3,30,5
17155,2019,1,2019-06-23,SE,HOSPITALET DE LLOBREGAT,Barcelones,3,0,1,0,2,1,0,0,0,1,0,0,0,20.0,0.0,0,-1,No n'hi ha,-1.0,3,3,1,0,0,0,0,0,0,0,0,0,0,1,4,3,1,Atropellament,2,2,2,5,-1,2,0,13.28,0,3,6,23,6
17156,2019,0,2019-01-30,A-2,SANT VICENC DELS HORTS,Baix Llobregat,3,0,1,7,4,0,0,0,0,4,0,0,0,100.0,0.0,0,2,No n'hi ha,-1.0,3,3,1,0,0,0,0,0,0,0,0,0,0,0,5,-1,0,Encalç,-1,1,2,4,1,2,1,18.48,1,2,2,30,1
17157,2019,0,2019-06-09,B-400,GUARDIOLA DE BERGUEDA,Bergueda,3,0,1,0,1,0,0,0,1,0,0,0,0,90.0,0.0,0,-1,Sense Especificar,-1.0,3,3,1,0,0,0,0,0,0,0,0,0,0,0,4,-1,-1,Resta sortides de via,-1,1,2,4,4,2,0,13.09,0,1,6,9,6
17158,2019,0,2019-12-07,C-162,FONTANALS DE CERDANYA,Cerdanya,1,0,1,0,2,1,0,0,0,1,0,0,0,60.0,0.0,0,1,No n'hi ha,-1.0,3,3,1,0,0,0,0,0,0,0,0,0,0,0,3,-1,1,Atropellament,-1,1,2,4,2,2,0,1.03,2,3,5,7,12
17159,2019,0,2019-10-28,N-260,VILAJUIGA,Alt Emporda,1,0,1,3,3,0,0,0,0,3,0,0,0,90.0,0.0,0,-1,Sense Especificar,-1.0,3,3,1,0,0,0,0,0,0,0,0,0,0,0,4,-1,-1,Col·lisió frontal,-1,1,2,4,4,2,1,18.55,1,2,0,28,10
17160,2019,0,2019-11-21,B-20,CORNELLA DE LLOBREGAT,Baix Llobregat,3,0,1,0,1,0,0,0,1,0,0,0,0,60.0,0.0,0,2,No n'hi ha,-1.0,3,3,1,0,0,0,0,0,0,0,0,0,0,1,5,5,0,Xoc contra objecte/obstacle sense sortida prèvia de via,3,1,2,4,1,2,1,20.14,1,4,3,21,11
17161,2019,0,2019-06-09,B-20,BARCELONA,Barcelones,3,0,2,0,1,0,0,0,0,1,0,0,0,100.0,0.0,1,-1,No n'hi ha,-1.0,3,3,1,0,0,0,0,0,0,0,0,0,0,0,0,-1,1,Xoc contra objecte/obstacle sense sortida prèvia de via,-1,1,2,1,-1,2,0,2.3,2,4,6,9,6
17162,2019,0,2019-03-01,C-58,MONTCADA I REIXAC,Valles Occidental,3,0,1,1,5,0,0,0,0,5,0,0,0,90.0,0.0,0,-1,Sense Especificar,-1.0,3,3,1,0,0,0,0,0,0,0,0,0,0,0,4,-1,-1,Encalç,-1,1,2,4,4,2,0,22.2,2,2,4,1,3
17163,2019,0,2019-06-11,C-16,GUARDIOLA DE BERGUEDA,Bergueda,3,0,2,0,2,0,0,0,0,1,1,0,0,100.0,0.0,0,3,Carril avançament,-1.0,1,3,1,0,0,0,0,0,0,0,0,0,0,0,2,-1,1,Envestida (frontal lateral),-1,1,2,4,2,1,1,12.01,0,2,1,11,6
17164,2019,0,2019-11-20,BV-5301,SANTA MARIA DE PALAU,Valles Oriental,3,0,1,0,2,1,0,0,0,1,0,0,0,100.0,0.0,0,1,No n'hi ha,-1.0,3,3,1,0,0,0,0,0,0,0,0,0,0,1,3,4,1,Atropellament,1,1,2,4,3,2,1,20.19,1,3,2,20,11
17165,2019,0,2019-02-24,B-23,ESPLUGUES DE LLOBREGAT,Baix Llobregat,3,0,2,1,3,0,0,0,0,3,0,0,0,80.0,0.0,0,2,No n'hi ha,-1.0,3,3,1,0,0,0,0,0,1,0,0,0,0,0,4,-1,1,Encalç,-1,1,2,4,1,2,0,18.16,1,2,6,24,2
17166,2019,1,2019-12-18,C-233,ARBECA,Garrigues,2,1,0,0,2,1,0,0,0,0,1,0,0,50.0,0.0,0,2,No n'hi ha,-1.0,3,3,0,0,0,0,0,0,0,0,0,0,0,0,4,-1,1,Atropellament,-1,0,2,4,-1,2,1,11.29,0,3,2,18,12
17167,2019,0,2019-12-18,C-58,SABADELL,Valles Occidental,3,0,1,0,2,0,0,0,1,1,0,0,0,100.0,0.0,0,2,No n'hi ha,-1.0,3,3,1,0,0,0,0,0,0,0,0,0,0,0,4,-1,0,Encalç,-1,1,2,4,2,2,1,10.17,0,2,2,18,12
17168,2019,0,2019-03-03,C-17,"AMETLLA DEL VALLES,",Valles Oriental,3,0,1,4,2,0,0,0,0,2,0,0,0,100.0,0.0,0,1,No n'hi ha,-1.0,3,3,1,0,0,0,0,0,0,0,0,0,0,0,4,-1,1,Encalç,-1,1,2,4,2,2,0,9.19,0,2,6,3,3
17169,2019,1,2019-05-11,AL,AMPOSTA,Montsia,0,0,1,0,1,0,0,0,0,1,0,0,0,100.0,0.0,0,1,No n'hi ha,-1.0,3,3,1,0,0,0,0,0,0,0,0,0,0,0,4,-1,1,Resta sortides de via,-1,0,2,4,0,2,0,12.45,0,1,5,11,5
17170,2019,1,2019-03-11,SE,BADALONA,Barcelones,3,0,1,0,2,1,0,0,0,1,0,0,0,20.0,0.0,0,-1,No n'hi ha,-1.0,3,3,1,0,-1,0,0,0,0,0,0,0,0,0,4,-1,-1,Atropellament,-1,2,2,5,-1,2,1,9.02,0,3,0,11,3
17171,2019,0,2019-07-27,B-500,SANT FOST DE CAMPSEN,Valles Oriental,3,0,1,0,1,0,0,0,1,0,0,0,0,90.0,0.0,0,-1,Sense Especificar,-1.0,3,3,1,0,0,0,0,0,0,0,0,0,0,0,4,-1,-1,Resta sortides de via,-1,1,2,4,4,2,0,16.51,1,1,5,27,7
17172,2019,1,2019-11-06,SE,HOSPITALET DE LLOBREGAT,Barcelones,3,0,1,0,2,0,0,0,1,1,0,0,0,20.0,0.0,0,2,No n'hi ha,-1.0,3,3,1,-1,0,0,0,-1,0,0,0,0,-1,1,4,3,0,Envestida (frontal lateral),2,2,2,5,0,2,1,8.14,0,2,2,6,11
17173,2019,1,2019-03-04,SE,SANT BOI DE LLOBREGAT,Baix Llobregat,3,0,1,0,2,0,0,0,1,1,0,0,0,100.0,0.0,0,2,No n'hi ha,0.0,3,3,1,0,0,0,0,0,0,0,0,0,0,1,4,5,1,Envestida (frontal lateral),1,2,2,5,-1,2,1,10.1,0,2,0,4,3
17174,2019,1,2019-05-31,SE,BARCELONA,Barcelones,3,0,1,1,2,1,0,0,1,0,0,0,0,100.0,0.0,1,-1,No n'hi ha,-1.0,3,3,1,0,0,0,0,0,0,0,0,0,0,1,4,-1,0,Atropellament,2,2,2,5,-1,2,0,18.15,1,3,4,31,5
17175,2019,1,2019-03-03,SE,MANRESA,Bages,3,0,1,1,1,0,0,0,0,1,0,0,0,20.0,0.0,0,2,No n'hi ha,-1.0,3,3,1,-1,0,0,0,-1,0,0,0,0,-1,1,4,2,1,Sortida de via amb xoc o col·lisió,0,2,2,5,-1,2,0,7.3,0,1,6,3,3
17176,2019,1,2019-10-15,SE,BIGUES I RIELLS,Valles Oriental,3,0,1,0,1,0,0,0,1,0,0,0,0,20.0,0.0,0,-1,No n'hi ha,-1.0,3,3,1,-1,-1,0,0,-1,0,0,0,0,0,0,4,-1,-1,Caiguda en la via,-1,2,2,5,-1,2,1,14.15,1,0,1,15,10
17177,2019,1,2019-12-15,SE,TERRASSA,Valles Occidental,3,0,1,0,1,0,0,0,1,0,0,0,0,100.0,0.0,0,-1,No n'hi ha,-1.0,3,3,1,0,0,0,0,0,0,0,0,0,0,0,4,-1,-1,Resta sortides de via,-1,2,2,5,-1,2,0,4.05,2,1,6,15,12
17178,2019,1,2019-03-28,SE,GIRONA,Girones,1,0,1,0,2,1,0,0,0,1,0,0,0,100.0,0.0,0,2,No n'hi ha,-1.0,3,3,1,0,0,0,0,0,0,0,0,0,0,2,5,5,1,Atropellament,1,2,2,5,-1,2,1,19.53,1,3,3,28,3
17179,2019,0,2019-04-16,N-260,"POBLA DE SEGUR, LA",Pallars Jussa,2,0,1,0,1,0,0,0,0,1,0,0,0,100.0,0.0,0,1,No n'hi ha,-1.0,3,3,1,0,0,0,0,0,0,0,0,0,0,0,2,-1,1,Resta sortides de via,-1,1,2,4,1,2,1,19.5,1,1,1,16,4
17180,2019,0,2019-09-01,GI-682,SANT FELIU DE GUIXOLS,Baix Emporda,1,0,1,0,1,0,1,0,0,0,0,0,0,90.0,0.0,0,-1,Sense Especificar,-1.0,3,3,1,0,0,0,0,0,0,0,0,0,0,0,4,-1,-1,Altres,-1,1,2,4,4,2,0,11.06,0,5,6,1,9
17181,2019,0,2019-03-24,C-26,BORREDA,Bergueda,3,0,1,0,1,0,0,0,1,0,0,0,0,100.0,0.0,0,1,No n'hi ha,-1.0,3,3,1,0,0,0,0,0,0,0,0,0,0,0,4,-1,1,Caiguda en la via,-1,1,2,4,2,2,0,11.34,0,0,6,24,3
17182,2019,0,2019-04-06,B-224,VALLBONA D'ANOIA,Anoia,3,0,1,1,2,0,0,0,0,2,0,0,0,60.0,0.0,0,1,No n'hi ha,-1.0,3,3,1,0,0,0,0,0,0,0,0,0,0,0,4,-1,1,Envestida (frontal lateral),-1,1,2,4,2,2,0,8.32,0,2,5,6,4
17183,2019,0,2019-04-27,N-340,ALCANAR,Montsia,0,1,2,1,2,0,0,0,0,2,0,0,0,100.0,0.0,0,1,No n'hi ha,-1.0,3,3,0,0,0,0,0,0,0,0,0,0,0,0,4,-1,1,Col·lisió frontal,-1,1,2,4,1,2,0,11.31,0,2,5,27,4
17184,2019,1,2019-03-26,SE,"SEU D'URGELL, LA",Alt Urgell,2,0,1,0,2,1,0,0,0,1,0,0,0,20.0,0.0,0,-1,No n'hi ha,-1.0,3,3,1,-1,0,0,0,-1,0,0,0,0,0,1,4,5,0,Atropellament,1,2,2,5,-1,2,1,11.58,0,3,1,26,3
17185,2019,1,2019-11-15,SE,SANT PERE DE RIBES,Garraf,3,0,1,0,2,0,0,1,0,1,0,0,0,100.0,0.0,0,2,No n'hi ha,-1.0,3,3,1,0,0,0,0,0,0,0,0,0,0,1,4,4,1,Envestida (frontal lateral),2,2,2,5,-1,2,1,8.45,0,2,4,15,11
17186,2019,1,2019-06-12,SE,PALLEJA,Baix Llobregat,3,0,1,0,1,0,0,0,0,0,0,1,0,100.0,0.0,0,2,No n'hi ha,-1.0,3,3,1,0,0,0,0,0,0,0,0,1,0,0,4,-1,1,Resta sortides de via,-1,2,2,5,0,2,1,16.2,1,1,2,12,6
17187,2019,1,2019-08-14,SE,VILADECANS,Baix Llobregat,3,0,1,0,2,1,0,0,0,1,0,0,0,20.0,0.0,0,-1,No n'hi ha,-1.0,3,3,1,-1,0,0,0,-1,0,0,0,0,-1,1,1,4,0,Atropellament,2,2,2,5,-1,2,1,21.4,1,3,2,14,8
17188,2019,1,2019-09-01,SE,BARCELONA,Barcelones,3,0,1,0,2,0,0,0,1,1,0,0,0,100.0,0.0,1,-1,Carril bus,-1.0,3,3,1,0,0,0,0,0,0,0,0,0,0,1,0,-1,0,Envestida (frontal lateral),2,2,2,5,-1,2,0,23.54,2,2,6,1,9
17189,2019,0,2019-02-22,C-51,"BISBAL DEL PENEDES, LA",Baix Penedes,0,1,0,1,2,0,0,0,0,2,0,0,0,100.0,0.0,0,1,No n'hi ha,-1.0,3,3,0,0,0,0,0,0,0,0,0,0,0,0,4,-1,1,Col·lisió frontal,-1,1,2,4,2,2,1,11.35,0,2,4,22,2
17190,2019,1,2019-06-10,SE,TERRASSA,Valles Occidental,3,0,1,0,2,1,0,0,0,1,0,0,0,100.0,0.0,0,2,No n'hi ha,-1.0,3,3,1,0,0,0,0,0,0,0,0,0,0,1,4,4,1,Atropellament,0,2,2,5,-1,2,1,21.0,1,3,0,10,6
17191,2019,0,2019-02-01,N-260,CABANELLES,Alt Emporda,1,0,1,2,2,0,0,0,0,2,0,0,0,100.0,0.0,0,2,No n'hi ha,-1.0,3,3,1,0,0,0,0,0,0,0,0,0,0,1,2,5,1,Col·lisió frontal,1,1,2,4,1,2,1,8.16,0,2,4,1,2
17192,2019,0,2019-02-24,C-12,FLIX,Ribera d'Ebre,0,0,1,0,1,0,1,0,0,0,0,0,0,90.0,0.0,0,-1,Sense Especificar,-1.0,3,3,1,0,0,0,0,0,0,0,0,0,0,0,4,-1,-1,Resta sortides de via,-1,1,2,4,4,2,0,10.27,0,1,6,24,2
17193,2019,1,2019-01-15,SE,ESPLUGUES DE LLOBREGAT,Baix Llobregat,3,0,1,0,1,0,0,1,0,0,0,0,0,20.0,0.0,0,2,No n'hi ha,-1.0,3,3,1,-1,0,0,0,-1,0,0,0,0,-1,1,4,2,0,Caiguda en la via,3,2,2,5,-1,2,1,11.15,0,0,1,15,1
17194,2019,0,2019-09-02,C-58,RIPOLLET,Valles Occidental,3,1,1,0,1,0,0,0,0,1,0,0,0,30.0,0.0,0,3,No n'hi ha,-1.0,1,3,0,0,0,0,1,0,0,0,0,0,0,0,5,-1,0,Resta sortides de via,-1,1,1,4,2,2,1,2.21,2,1,0,2,9
17195,2019,1,2019-10-14,BV-5224,TORELLO,Osona,3,0,1,0,2,1,0,0,0,1,0,0,0,100.0,0.0,0,2,No n'hi ha,-1.0,1,3,1,0,0,0,0,0,0,0,0,0,0,0,5,-1,1,Atropellament,-1,0,2,4,-1,2,1,19.3,1,3,0,14,10
17196,2019,1,2019-01-18,SE,SANT CUGAT DEL VALLES,Valles Occidental,3,0,1,0,2,0,0,0,1,1,0,0,0,20.0,0.0,0,-1,No n'hi ha,-1.0,3,3,1,-1,-1,0,0,-1,0,0,0,0,0,1,0,4,-1,Envestida (frontal lateral),2,2,2,5,-1,2,0,21.05,1,2,4,18,1
17197,2019,1,2019-09-12,SE,SANT PERE DE RIBES,Garraf,3,0,1,0,1,1,0,0,0,0,0,0,0,100.0,1.0,0,-1,No n'hi ha,-1.0,3,3,1,0,0,0,0,0,0,0,0,0,0,0,4,-1,-1,Atropellament,-1,2,2,5,-1,2,1,10.48,0,3,3,12,9
17198,2019,1,2019-04-18,SE,MONTCADA I REIXAC,Valles Occidental,3,0,1,0,2,0,0,0,1,1,0,0,0,20.0,0.0,0,2,No n'hi ha,0.0,3,3,1,-1,1,0,0,-1,0,0,0,0,-1,0,4,-1,1,Fregament o col·lisió lateral,-1,2,2,5,-1,2,1,13.0,0,2,3,18,4
17199,2019,1,2019-08-10,SE,ROSES,Alt Emporda,1,0,1,0,2,0,1,0,0,1,0,0,0,20.0,0.0,0,2,No n'hi ha,-1.0,3,3,1,-1,0,0,0,-1,0,0,0,0,0,0,4,-1,1,Envestida (frontal lateral),-1,2,2,5,-1,2,0,19.38,1,2,5,10,8
17200,2019,0,2019-03-18,BV-5031,MATARO,Maresme,3,0,1,0,1,0,0,1,0,0,0,0,0,100.0,0.0,0,0,No n'hi ha,-1.0,3,3,1,0,0,0,0,0,0,0,0,0,0,0,4,-1,1,Resta sortides de via,-1,1,2,4,3,2,1,9.58,0,1,0,18,3
17201,2019,1,2019-02-17,BP-1417,BARCELONA,Barcelones,3,0,2,0,2,0,0,0,1,1,0,0,0,100.0,0.0,1,-1,No n'hi ha,-1.0,3,3,1,0,0,0,0,0,0,0,0,0,0,0,3,-1,1,Col·lisió frontal,-1,0,2,4,-1,2,0,18.5,1,2,6,17,2
17202,2019,1,2019-06-15,SE,MANRESA,Bages,3,0,1,0,1,0,0,0,1,0,0,0,0,100.0,0.0,0,2,No n'hi ha,-1.0,3,3,1,0,0,0,0,0,0,0,0,0,0,0,5,-1,1,Xoc contra objecte/obstacle sense sortida prèvia de via,-1,2,2,5,-1,2,0,4.45,2,4,5,15,6
17203,2019,1,2019-03-07,SE,SANT PERE DE RIBES,Garraf,3,0,1,0,2,0,0,0,1,1,0,0,0,100.0,0.0,0,-1,No n'hi ha,-1.0,3,3,1,0,0,0,0,0,0,0,0,0,0,0,5,-1,-1,Encalç,-1,2,2,5,-1,2,1,21.4,1,2,3,7,3
17204,2019,1,2019-01-21,SE,MONTMELO,Valles Oriental,3,1,0,0,2,1,0,0,0,1,0,0,0,100.0,0.0,0,2,No n'hi ha,-1.0,1,3,0,0,0,0,0,0,0,0,0,0,0,0,5,-1,1,Atropellament,-1,2,2,5,-1,2,1,18.2,1,3,0,21,1
17205,2019,0,2019-04-19,SE,AVINYO,Bages,3,1,4,0,1,0,0,0,0,1,0,0,0,100.0,0.0,0,1,No n'hi ha,-1.0,3,3,0,0,0,0,0,0,0,0,0,0,0,0,4,-1,1,Resta sortides de via,-1,1,0,0,0,2,0,18.42,1,1,4,19,4
17206,2019,1,2019-10-09,SE,BARCELONA,Barcelones,3,0,1,0,2,0,0,0,1,1,0,0,0,100.0,0.0,1,-1,No n'hi ha,-1.0,1,3,1,0,0,0,0,0,0,0,0,0,0,0,4,-1,1,Caiguda en la via,-1,2,0,5,-1,2,1,14.22,1,0,2,9,10
17207,2019,1,2019-02-11,SE,BARCELONA,Barcelones,3,0,1,0,2,0,0,1,1,0,0,0,0,100.0,1.0,1,-1,No n'hi ha,-1.0,3,3,1,0,0,0,0,0,0,0,0,0,0,0,0,-1,1,Caiguda en la via,-1,2,2,5,-1,2,1,19.1,1,0,0,11,2
17208,2019,1,2019-11-05,SE,FRANQUESES DEL VALLE,Valles Oriental,3,0,1,0,2,0,1,0,1,0,0,0,0,20.0,0.0,0,1,No n'hi ha,-1.0,3,3,1,-1,0,0,0,-1,0,0,0,0,0,0,4,-1,1,Envestida (frontal lateral),-1,2,2,5,-1,2,1,13.05,0,2,1,5,11
17209,2019,1,2019-04-18,SE,BADIA DEL VALLES,Valles Occidental,3,0,1,0,2,1,0,0,0,1,0,0,0,20.0,1.0,0,2,No n'hi ha,-1.0,3,3,1,-1,0,0,0,-1,0,0,0,0,0,0,4,-1,1,Atropellament,-1,2,2,5,0,2,1,20.0,1,3,3,18,4