,Year,Area,Date,Road,Municipality Name,County Name,Province Name,Fatalties,Serious Injuries,Light Injuries,Units Involved,Pedestrains Involved,Bicycles Involved,Mopeds Involved,Motorcycles,Light Vehicles Involved,Heavy Vehicles Involved,Other Units Involved,Unspecified Units Involved,Road Speed Limit,Accident with Hit and Run,Fog Presence,Surrounding Environment,Special Lane Presence,Special Traffic Measures,Weather Conditions,Special Road Functions,Severity of Accident,Influence of Fog,Influence of Environment,Influence of Traffic,Influence of Weather,Influence of Wind Intensity,Influence of Lighting,Influence of Special Measures,Influence of Road Objects,Influence of Road Surface,Influence of Visibility,Intersection Characteristics,Lighting Conditions,Traffic Regulation and Priority,Direction of Road,Subtype of Accident,Subtype of Road Section,Subzone within Area,Road Surface Conditions,Type of Road,Road Ownership,Wind Conditions,Day of the Week Grouping,Hour of Day,Time of Day Grouping,Type of Accident,Day Type,Day,Month
17210,2019,0,2019-06-25,B-30,CERDANYOLA DEL VALLES,Valles Occidental,3,0,1,1,3,0,0,0,1,2,0,0,0,80.0,0.0,0,2,No n'hi ha,-1.0,3,3,1,0,0,0,0,0,0,0,0,0,0,0,4,-1,0,Encalç,-1,1,2,4,3,2,1,16.25,1,2,1,25,6
17211,2019,1,2019-01-19,B-23,BARCELONA,Barcelones,3,0,1,0,2,0,0,0,0,2,0,0,0,100.0,0.0,1,-1,Carril reversible,-1.0,3,3,1,0,0,0,0,0,0,0,0,0,0,1,0,4,1,Envestida (frontal lateral),1,0,2,4,-1,2,0,22.5,2,2,5,19,1
17212,2019,1,2019-04-06,SE,VILANOVA I LA GELTRU,Garraf,3,0,1,1,2,0,0,0,1,1,0,0,0,100.0,0.0,0,3,No n'hi ha,-1.0,3,3,1,0,1,0,0,0,0,0,0,0,0,2,4,-1,1,Fregament o col·lisió lateral,1,2,3,5,0,2,0,13.35,0,2,5,6,4
17213,2019,0,2019-04-01,C-241C,JORBA,Anoia,3,0,1,0,2,0,1,0,0,1,0,0,0,100.0,0.0,0,2,No n'hi ha,-1.0,3,3,1,0,0,0,0,0,0,0,0,0,0,0,3,-1,1,Fregament o col·lisió lateral,-1,1,2,4,3,2,1,21.45,1,2,0,1,4
17214,2019,1,2019-05-14,SE,BARCELONA,Barcelones,3,0,1,0,2,0,0,0,0,1,0,1,0,100.0,0.0,1,-1,Carril bici,-1.0,3,3,1,0,0,0,0,0,0,0,0,0,0,0,4,-1,0,Fregament o col·lisió lateral,-1,2,2,5,-1,2,1,16.11,1,2,1,14,5
17215,2019,0,2019-08-26,TV-2126,BELLVEI,Baix Penedes,0,0,1,0,1,0,0,0,1,0,0,0,0,90.0,0.0,0,-1,Sense Especificar,-1.0,3,3,1,0,0,0,0,0,0,0,0,0,0,0,4,-1,-1,Xoc amb animal a la calçada,-1,1,2,4,4,2,1,1.2,2,4,0,26,8
17216,2019,1,2019-08-25,SE,BARCELONA,Barcelones,3,0,1,0,2,1,0,0,0,1,0,0,0,100.0,0.0,1,-1,No n'hi ha,-1.0,3,3,1,0,0,0,0,0,0,0,0,0,0,1,4,-1,0,Atropellament,2,2,2,5,-1,2,0,17.2,1,3,6,25,8
17217,2019,0,2019-01-31,AP-2,VILA-RODONA,Alt Camp,0,0,1,0,2,0,0,0,0,1,1,0,0,100.0,0.0,0,0,No n'hi ha,-1.0,3,3,1,0,0,0,0,0,0,0,0,0,0,0,3,-1,0,Encalç,-1,1,2,4,1,2,1,6.46,0,2,3,31,1
17218,2019,1,2019-08-18,SE,OLOT,Garrotxa,1,0,1,0,1,0,0,0,0,1,0,0,0,100.0,0.0,0,0,No n'hi ha,-1.0,3,3,1,0,0,0,0,0,0,0,0,0,0,2,5,-1,0,Xoc contra objecte/obstacle sense sortida prèvia de via,0,2,2,5,-1,2,0,4.55,2,4,6,18,8
17219,2019,0,2019-12-27,A-2,LLEIDA,Segria,2,0,1,3,1,0,0,0,0,1,0,0,0,100.0,0.0,1,2,Carril d'alentiment,-1.0,3,3,1,0,0,0,0,0,0,0,0,0,0,0,2,-1,0,Resta sortides de via,-1,1,2,4,1,2,1,9.39,0,1,4,27,12
17220,2019,1,2019-02-25,SE,CASTELL-PLATJA D'ARO,Baix Emporda,1,0,1,0,2,1,0,0,0,1,0,0,0,100.0,0.0,0,2,No n'hi ha,-1.0,3,3,1,0,0,0,0,0,0,0,0,0,1,2,4,-1,0,Atropellament,2,2,2,5,-1,2,1,8.15,0,3,0,25,2
17221,2019,1,2019-04-23,C-246a,VILANOVA I LA GELTRU,Garraf,3,0,1,0,1,0,0,0,1,0,0,0,0,100.0,0.0,0,2,Altres,-1.0,3,3,1,0,0,0,0,0,0,0,0,0,0,2,4,4,1,Caiguda en la via,1,0,2,4,-1,2,1,11.0,0,0,1,23,4
17222,2019,1,2019-05-05,SE,BARCELONA,Barcelones,3,0,1,0,2,0,0,0,1,1,0,0,0,100.0,0.0,1,-1,No n'hi ha,-1.0,3,3,1,0,0,0,0,0,0,0,0,0,0,1,4,-1,0,Envestida (frontal lateral),2,2,2,5,-1,2,0,18.52,1,2,6,5,5
17223,2019,0,2019-01-04,T-314,RIUDOMS,Baix Camp,0,0,1,0,2,0,0,0,1,1,0,0,0,100.0,0.0,0,2,No n'hi ha,-1.0,3,3,1,0,0,0,0,0,0,0,0,0,0,1,4,5,1,Envestida (frontal lateral),2,1,2,4,3,2,1,10.35,0,2,4,4,1
17224,2019,1,2019-10-19,SE,SANTA COLOMA DE GRAMANET,Barcelones,3,0,1,0,2,1,0,0,0,1,0,0,0,20.0,1.0,0,-1,No n'hi ha,-1.0,3,3,1,0,-1,0,0,0,0,0,0,0,0,1,5,4,-1,Atropellament,1,2,2,5,-1,2,0,22.58,2,3,5,19,10
17225,2019,0,2019-10-16,C-26,"SENTIU DE SIO, LA",Noguera,2,2,1,0,2,0,0,0,0,1,1,0,0,100.0,0.0,0,1,No n'hi ha,-1.0,3,3,0,0,0,0,0,0,0,0,0,0,0,0,4,-1,1,Col·lisió frontal,-1,1,2,4,2,2,1,13.47,0,2,2,16,10
17226,2019,0,2019-03-06,C-35,MONTMELO,Valles Oriental,3,0,1,1,2,0,0,0,0,1,1,0,0,90.0,0.0,0,3,No n'hi ha,-1.0,3,3,1,0,0,0,0,0,0,0,0,0,0,0,4,-1,1,Col·lisió frontal,-1,1,2,4,2,2,1,12.18,0,2,2,6,3
17227,2019,1,2019-02-16,SE,BADALONA,Barcelones,3,0,1,2,3,0,0,0,0,3,0,0,0,20.0,0.0,0,2,No n'hi ha,-1.0,3,3,1,0,0,0,0,0,0,0,0,0,1,1,4,3,-1,Envestida (frontal lateral),2,2,2,5,-1,2,0,9.27,0,2,5,16,2
17228,2019,0,2019-06-09,C-241d,"PILES, LES",Conca de Barbera,0,0,2,0,3,0,0,0,3,0,0,0,0,60.0,0.0,0,1,No n'hi ha,-1.0,3,3,1,0,0,0,0,0,0,0,0,0,0,1,4,4,1,Fregament o col·lisió lateral,1,1,2,4,2,2,0,11.46,0,2,6,9,6
17229,2019,1,2019-10-05,SE,AVINYO,Bages,3,0,1,0,1,0,0,0,0,1,0,0,0,100.0,0.0,0,3,No n'hi ha,-1.0,3,3,1,0,0,0,0,0,0,0,0,0,0,2,0,4,1,Resta sortides de via,1,2,2,5,-1,2,0,22.15,2,1,5,5,10
17230,2019,0,2019-06-02,N-II,CAPMANY,Alt Emporda,1,0,1,0,2,1,0,0,0,1,0,0,0,80.0,0.0,0,1,No n'hi ha,-1.0,3,3,1,0,0,0,0,0,0,0,0,0,0,0,4,-1,1,Atropellament,-1,1,2,4,1,2,0,17.2,1,3,6,2,6
17231,2019,1,2019-05-03,SE,BARCELONA,Barcelones,3,0,1,1,2,0,0,0,1,1,0,0,0,100.0,0.0,1,-1,Carril bici,-1.0,3,3,1,0,0,0,0,0,0,0,0,0,0,1,0,-1,0,Envestida (frontal lateral),2,2,2,5,-1,2,1,1.45,2,2,4,3,5
17232,2019,0,2019-10-26,B-40,"ROCA DEL VALLES, LA",Valles Oriental,3,0,2,2,1,0,0,0,0,1,0,0,0,40.0,0.0,0,2,No n'hi ha,0.0,3,3,1,0,0,0,0,0,0,0,0,0,0,1,5,4,0,Resta sortides de via,0,1,2,4,3,2,0,5.05,2,1,5,26,10
17233,2019,0,2019-03-03,C-13,RIALP,Pallars Sobira,2,0,1,0,1,0,0,0,0,1,0,0,0,100.0,0.0,0,1,No n'hi ha,-1.0,3,3,1,0,0,0,0,0,0,0,0,0,0,0,1,-1,1,Resta sortides de via,-1,1,2,4,2,2,0,7.23,0,1,6,3,3
17234,2019,1,2019-01-20,SE,FRANQUESES DEL VALLE,Valles Oriental,3,0,1,0,2,1,0,0,0,1,0,0,0,20.0,0.0,0,2,No n'hi ha,-1.0,3,3,1,-1,0,0,0,-1,0,0,0,0,-1,1,5,4,0,Atropellament,2,2,2,5,-1,2,0,20.2,1,3,6,20,1
17235,2019,1,2019-10-22,SE,OLOT,Garrotxa,1,0,1,0,2,1,0,0,0,1,0,0,0,100.0,0.0,0,2,No n'hi ha,-1.0,1,3,1,0,0,0,0,0,1,0,0,0,0,0,2,-1,1,Atropellament,-1,2,2,5,-1,2,1,7.55,0,3,1,22,10
17236,2019,0,2019-05-25,C-14,ORGANYA,Alt Urgell,2,0,1,2,2,0,0,0,0,2,0,0,0,50.0,0.0,0,2,No n'hi ha,-1.0,3,3,1,0,0,0,0,0,0,0,0,0,0,1,4,5,1,Envestida (frontal lateral),2,1,2,4,2,2,0,10.02,0,2,5,25,5
17237,2019,0,2019-06-29,LP-7032,CERVIA DE LES GARRIGUES,Garrigues,2,0,1,0,1,0,0,0,1,0,0,0,0,90.0,0.0,0,-1,Sense Especificar,-1.0,3,3,1,0,0,0,0,0,0,0,0,0,0,0,4,-1,-1,Resta sortides de via,-1,1,2,4,4,2,0,2.2,2,1,5,29,6
17238,2019,1,2019-11-30,SE,HOSPITALET DE LLOBREGAT,Barcelones,3,0,1,2,2,0,0,0,2,0,0,0,0,20.0,0.0,0,2,No n'hi ha,-1.0,3,3,1,-1,0,0,0,-1,0,0,0,0,-1,1,5,3,1,Envestida (frontal lateral),2,2,2,5,-1,2,0,18.27,1,2,5,30,11
17239,2019,0,2019-06-09,A-2,CORNELLA DE LLOBREGAT,Baix Llobregat,3,0,1,0,1,0,0,0,1,0,0,0,0,90.0,0.0,0,-1,Sense Especificar,-1.0,3,3,1,0,0,0,0,0,0,0,0,0,0,1,4,2,-1,Resta sortides de via,3,1,2,4,4,2,0,19.55,1,1,6,9,6
17240,2019,1,2019-07-10,SE,SANT CUGAT DEL VALLES,Valles Occidental,3,0,1,0,1,0,0,0,1,0,0,0,0,30.0,0.0,0,2,No n'hi ha,-1.0,3,3,1,0,0,0,0,0,0,0,0,0,0,2,1,-1,1,Xoc contra objecte/obstacle sense sortida prèvia de via,1,2,2,5,-1,2,1,5.52,2,4,2,10,7
17241,2019,0,2019-02-12,C-1415A,TERRASSA,Valles Occidental,3,0,3,2,5,4,0,0,1,0,0,0,0,100.0,0.0,0,3,No n'hi ha,-1.0,3,3,1,0,0,0,0,0,1,0,1,0,0,0,4,-1,1,Atropellament,-1,1,2,4,3,2,1,14.03,1,3,1,12,2
17242,2019,1,2019-08-07,SE,BADALONA,Barcelones,3,1,0,0,3,0,0,0,2,1,0,0,0,20.0,0.0,0,2,No n'hi ha,-1.0,3,3,0,-1,0,0,0,-1,0,0,0,0,-1,1,4,4,1,Encalç,1,2,2,5,-1,2,1,14.15,1,2,2,7,8
17243,2019,1,2019-12-26,SE,BARCELONA,Barcelones,3,0,1,0,3,0,0,0,1,2,0,0,0,100.0,0.0,1,-1,No n'hi ha,-1.0,3,3,1,0,0,0,0,0,0,0,0,0,0,0,0,-1,0,Encalç,-1,2,2,5,-1,2,1,0.25,2,2,3,26,12
17244,2019,0,2019-11-24,N-II,MALGRAT DE MAR,Maresme,3,1,0,0,2,1,0,0,0,1,0,0,0,100.0,0.0,0,-1,No n'hi ha,-1.0,3,3,0,0,0,0,0,0,0,0,0,0,0,0,4,-1,-1,Atropellament,-1,1,2,4,-1,2,0,20.39,1,3,6,24,11
17245,2019,1,2019-06-30,SE,LLEIDA,Segria,2,0,1,1,3,0,0,0,0,2,1,0,0,20.0,0.0,0,-1,No n'hi ha,-1.0,3,3,1,0,0,0,0,0,0,0,0,0,0,0,4,-1,-1,Encalç,-1,2,2,5,-1,2,0,17.15,1,2,6,30,6
17246,2019,0,2019-04-13,BP-1101,"BRUC, EL",Anoia,3,1,1,0,2,0,0,0,2,0,0,0,0,100.0,0.0,0,3,No n'hi ha,-1.0,3,3,0,0,0,0,0,0,0,0,0,0,0,0,4,-1,1,Col·lisió frontal,-1,1,2,4,4,2,0,11.0,0,2,5,13,4
17247,2019,0,2019-05-18,N-II,SANTA SUSANNA,Maresme,3,1,0,0,2,0,0,0,1,1,0,0,0,70.0,0.0,0,2,Carril acceleració,-1.0,3,3,0,0,0,0,0,0,0,0,0,0,0,0,4,-1,1,Caiguda en la via,-1,1,2,4,1,2,0,10.24,0,0,5,18,5
17248,2019,0,2019-06-08,BV-1432,LLICA D'AMUNT,Valles Oriental,3,0,1,0,1,0,1,0,0,0,0,0,0,80.0,0.0,0,2,No n'hi ha,-1.0,3,3,1,0,0,0,0,0,0,0,0,0,0,0,3,-1,1,Caiguda en la via,-1,1,2,4,3,2,0,22.54,2,0,5,8,6
17249,2019,1,2019-12-20,BV-5022,VILASSAR DE MAR,Maresme,3,0,1,1,2,0,0,0,1,1,0,0,0,50.0,0.0,0,2,No n'hi ha,-1.0,3,3,1,0,0,0,0,0,0,0,0,0,0,1,4,3,1,Fregament o col·lisió lateral,2,0,2,4,3,2,0,15.4,1,2,4,20,12
17250,2019,1,2019-10-12,SE,CORBERA DE LLOBREGAT,Baix Llobregat,3,0,1,0,2,1,0,0,0,1,0,0,0,100.0,0.0,0,-1,No n'hi ha,-1.0,3,3,1,0,0,0,0,0,0,0,0,0,0,0,4,-1,-1,Atropellament,-1,2,2,5,-1,2,0,1.15,2,3,5,12,10
17251,2019,1,2019-05-06,SE,TARRAGONA,Tarragones,0,0,1,0,2,0,0,0,1,0,1,0,0,100.0,0.0,0,2,No n'hi ha,-1.0,3,3,1,0,0,0,0,0,0,0,0,0,0,0,5,-1,0,Caiguda en la via,-1,2,2,5,-1,2,1,23.55,2,0,0,6,5
17252,2019,1,2019-01-10,SE,REUS,Baix Camp,0,0,1,0,2,1,0,0,0,1,0,0,0,100.0,0.0,0,-1,No n'hi ha,-1.0,3,3,1,0,0,0,0,0,0,0,0,0,0,0,4,-1,-1,Atropellament,-1,2,2,5,-1,2,1,10.4,0,3,3,10,1
17253,2019,0,2019-07-22,GI-653,BEGUR,Baix Emporda,1,0,1,0,2,0,0,0,0,2,0,0,0,90.0,0.0,0,-1,Sense Especificar,-1.0,3,3,1,0,0,0,0,0,0,0,0,0,0,0,4,-1,-1,Fregament o col·lisió lateral,-1,1,2,4,4,2,1,10.43,0,2,0,22,7
17254,2019,1,2019-03-07,SE,BARCELONA,Barcelones,3,0,1,1,2,1,0,0,1,0,0,0,0,100.0,0.0,1,-1,No n'hi ha,-1.0,3,3,1,0,0,0,0,0,0,0,0,0,0,1,4,-1,0,Atropellament,2,2,2,5,-1,2,1,13.5,0,3,3,7,3
17255,2019,1,2019-04-09,SE,ESPLUGUES DE LLOBREGAT,Baix Llobregat,3,0,1,0,2,0,0,0,1,1,0,0,0,40.0,0.0,0,2,No n'hi ha,-1.0,1,3,1,0,0,0,0,0,0,0,0,0,0,2,4,3,1,Caiguda en la via,1,2,2,5,-1,2,1,17.3,1,0,1,9,4
17256,2019,1,2019-05-29,SE,ESPLUGUES DE LLOBREGAT,Baix Llobregat,3,0,2,0,3,2,0,0,0,1,0,0,0,20.0,0.0,0,2,No n'hi ha,-1.0,3,3,1,-1,0,0,0,-1,0,0,0,0,0,0,4,-1,0,Atropellament,-1,2,2,5,-1,2,1,18.35,1,3,2,29,5
17257,2019,0,2019-03-02,SE,SALLENT,Bages,3,0,1,0,1,0,0,0,1,0,0,0,0,100.0,0.0,0,1,No n'hi ha,-1.0,3,3,1,0,0,0,0,0,0,0,0,1,1,0,4,-1,1,Caiguda en la via,-1,1,0,0,0,2,0,9.34,0,0,5,2,3
17258,2019,1,2019-01-29,SE,BARCELONA,Barcelones,3,0,1,0,2,1,1,0,0,0,0,0,0,100.0,0.0,1,-1,Carril bici,-1.0,3,3,1,0,0,0,0,0,0,0,0,0,0,0,4,-1,0,Caiguda en la via,-1,2,2,5,-1,2,1,14.15,1,0,1,29,1
17259,2019,0,2019-07-26,GIV-5248,BANYOLES,Pla de l'Estany,1,0,1,0,1,0,0,1,0,0,0,0,0,30.0,0.0,0,2,No n'hi ha,-1.0,3,3,1,0,0,0,0,0,0,0,0,0,0,0,4,-1,1,Xoc contra objecte/obstacle sense sortida prèvia de via,-1,1,2,4,0,2,1,14.4,1,4,4,26,7
17260,2019,0,2019-08-31,N-152z,GRANOLLERS,Valles Oriental,3,1,1,0,1,0,0,0,1,0,0,0,0,100.0,0.0,0,-1,No n'hi ha,-1.0,3,3,0,0,0,0,0,0,0,0,0,0,0,0,4,-1,-1,Resta sortides de via,-1,1,2,4,-1,2,0,7.02,0,1,5,31,8
17261,2019,1,2019-07-11,SE,BARCELONA,Barcelones,3,0,1,0,2,0,0,0,1,1,0,0,0,100.0,0.0,1,-1,No n'hi ha,-1.0,3,3,1,0,0,0,0,0,0,0,0,0,0,0,4,-1,1,Caiguda en la via,-1,2,2,5,-1,2,1,8.3,0,0,3,11,7
17262,2019,1,2019-10-11,SE,SANTA MARIA DE PALAU,Valles Oriental,3,0,1,0,1,0,0,0,1,0,0,0,0,50.0,0.0,0,3,No n'hi ha,-1.0,3,3,1,0,0,0,0,0,0,0,0,0,0,0,4,-1,1,Resta sortides de via,-1,2,2,5,0,2,0,16.3,1,1,4,11,10
17263,2019,1,2019-04-04,SE,BARCELONA,Barcelones,3,0,1,0,2,0,0,0,1,1,0,0,0,100.0,0.0,1,-1,Carril bus,-1.0,3,3,1,0,0,0,0,0,0,0,0,0,0,1,0,-1,0,Fregament o col·lisió lateral,2,2,2,5,-1,2,1,21.0,1,2,3,4,4
17264,2019,1,2019-02-25,SE,ESPLUGUES DE LLOBREGAT,Baix Llobregat,3,0,1,0,2,0,0,0,1,1,0,0,0,20.0,0.0,0,2,No n'hi ha,-1.0,3,3,1,-1,0,0,0,-1,0,0,0,0,-1,0,4,-1,0,Encalç,-1,2,2,5,-1,2,1,9.15,0,2,0,25,2
17265,2019,0,2019-02-23,C-1413a,RUBI,Valles Occidental,3,0,1,0,2,0,0,0,1,1,0,0,0,100.0,0.0,0,-1,No n'hi ha,-1.0,3,3,1,0,0,0,0,0,0,0,0,0,0,0,4,-1,-1,Envestida (frontal lateral),-1,1,2,4,-1,2,0,20.45,1,2,5,23,2
17266,2019,0,2019-02-01,CR,MONT-ROIG DEL CAMP,Baix Camp,0,0,1,0,1,0,0,0,0,1,0,0,0,100.0,0.0,0,-1,No n'hi ha,-1.0,3,3,1,0,0,0,0,0,0,0,0,0,0,0,4,-1,-1,Sortida de via amb bolcada,-1,1,2,3,-1,2,1,9.4,0,1,4,1,2
17267,2019,1,2019-09-19,SE,VILAFRANCA DEL PENEDES,Alt Penedes,3,0,1,0,1,0,0,0,1,0,0,0,0,20.0,0.0,0,2,No n'hi ha,-1.0,3,3,1,-1,0,0,0,-1,0,0,0,0,0,1,4,2,-1,Caiguda en la via,3,2,2,5,-1,2,1,17.52,1,0,3,19,9
17268,2019,1,2019-10-10,SE,BARCELONA,Barcelones,3,0,1,0,3,0,0,0,1,1,1,0,0,100.0,0.0,1,-1,No n'hi ha,-1.0,3,3,1,0,0,0,0,0,0,0,0,0,0,1,0,-1,1,Col·lisió frontal,1,2,2,5,-1,2,1,19.53,1,2,3,10,10
17269,2019,1,2019-08-08,SE,VILAFRANCA DEL PENEDES,Alt Penedes,3,0,1,0,2,1,0,0,0,1,0,0,0,100.0,0.0,0,2,No n'hi ha,-1.0,3,3,1,0,0,0,0,0,0,0,0,0,0,2,4,4,1,Altres,1,2,2,5,-1,2,1,11.34,0,5,3,8,8
17270,2019,1,2019-12-14,B-522,MANLLEU,Osona,3,0,1,1,2,1,0,0,0,1,0,0,0,100.0,0.0,0,2,No n'hi ha,-1.0,3,3,1,0,0,0,0,0,0,0,0,0,0,0,4,-1,1,Atropellament,-1,0,2,4,-1,2,0,15.42,1,3,5,14,12
17271,2019,1,2019-10-23,SE,POLINYA,Valles Occidental,3,0,1,0,2,1,0,0,0,1,0,0,0,100.0,0.0,0,-1,No n'hi ha,-1.0,3,3,1,0,0,0,0,0,0,0,0,0,0,0,4,-1,-1,Altres,-1,2,2,5,-1,2,1,7.39,0,5,2,23,10
17272,2019,1,2019-06-11,SE,REUS,Baix Camp,0,0,1,0,2,0,0,1,0,1,0,0,0,100.0,0.0,0,-1,No n'hi ha,-1.0,3,3,1,0,0,0,0,0,0,0,0,0,0,0,4,-1,-1,Envestida (frontal lateral),-1,2,2,5,-1,2,1,15.0,1,2,1,11,6
17273,2019,0,2019-05-02,C-55,CASTELLGALI,Bages,3,0,1,0,2,0,0,0,1,1,0,0,0,80.0,0.0,0,1,No n'hi ha,-1.0,3,3,1,0,0,0,0,0,0,0,0,0,0,0,3,-1,1,Resta sortides de via,-1,1,2,4,2,2,1,2.35,2,1,3,2,5
17274,2019,0,2019-12-05,A-27,TARRAGONA,Tarragones,0,0,1,0,2,1,0,0,0,1,0,0,0,100.0,0.0,0,1,No n'hi ha,-1.0,3,3,1,0,1,0,0,0,0,0,0,0,0,0,3,-1,1,Atropellament,-1,1,2,1,1,2,1,7.31,0,3,3,5,12
17275,2019,1,2019-07-27,SE,TORREDEMBARRA,Tarragones,0,0,1,0,3,0,0,0,1,2,0,0,0,50.0,0.0,0,2,No n'hi ha,-1.0,3,3,1,0,0,0,0,0,0,0,0,0,0,1,4,4,1,Envestida (frontal lateral),1,2,2,5,-1,2,0,12.25,0,2,5,27,7
17276,2019,0,2019-01-15,C-1411z,BERGA,Bergueda,3,0,1,0,1,0,0,0,0,1,0,0,0,90.0,0.0,0,-1,Sense Especificar,-1.0,3,3,1,0,0,0,0,0,0,0,0,0,0,0,4,-1,-1,Resta sortides de via,-1,1,2,4,4,2,1,9.39,0,1,1,15,1
17277,2019,1,2019-06-14,SE,BARCELONA,Barcelones,3,0,1,1,2,1,0,0,1,0,0,0,0,100.0,0.0,1,-1,Carril bus,-1.0,3,3,1,0,0,0,0,0,0,0,0,0,0,1,4,-1,0,Atropellament,2,2,2,5,-1,2,0,16.0,1,3,4,14,6
17278,2019,0,2019-10-27,C-17,CANOVELLES,Valles Oriental,3,1,0,3,1,0,0,0,0,1,0,0,0,40.0,0.0,0,3,No n'hi ha,-1.0,3,3,0,0,0,0,0,0,0,0,0,0,0,1,3,2,0,Resta sortides de via,3,1,2,4,2,2,0,0.18,2,1,6,27,10
17279,2019,0,2019-04-15,C-14,ALCOVER,Alt Camp,0,0,2,0,1,0,0,0,0,1,0,0,0,100.0,1.0,0,1,No n'hi ha,-1.0,3,3,1,0,0,0,0,0,0,0,0,0,0,0,4,-1,1,Resta sortides de via,-1,1,2,4,2,2,1,17.34,1,1,0,15,4
17280,2019,1,2019-02-26,SE,BADALONA,Barcelones,3,0,1,0,2,1,0,0,0,1,0,0,0,100.0,0.0,0,2,No n'hi ha,-1.0,3,3,1,0,0,0,0,0,0,0,0,0,0,1,4,2,0,Atropellament,2,2,2,5,-1,2,1,12.08,0,3,1,26,2
17281,2019,1,2019-01-29,SE,GIRONA,Girones,1,0,1,0,1,0,0,0,1,0,0,0,0,100.0,0.0,0,2,No n'hi ha,-1.0,3,3,1,0,0,0,0,0,0,0,0,0,0,1,5,5,0,Caiguda en la via,3,2,2,5,-1,2,1,21.07,1,0,1,29,1
17282,2019,1,2019-04-28,SE,"SELVA DEL CAMP, LA",Baix Camp,0,0,1,0,1,0,1,0,0,0,0,0,0,20.0,0.0,0,-1,Sense Especificar,-1.0,3,3,1,0,0,0,0,0,0,0,0,0,0,0,4,-1,-1,Altres,-1,2,2,5,-1,2,0,10.56,0,5,6,28,4
17283,2019,0,2019-10-01,C-31,TORROELLA DE FLUVIA,Alt Emporda,1,2,0,2,4,0,0,0,0,4,0,0,0,90.0,0.0,0,1,No n'hi ha,-1.0,1,3,0,0,0,0,0,0,0,0,0,0,0,0,1,-1,1,Col·lisió frontal,-1,1,2,4,2,2,1,19.3,1,2,1,1,10
17284,2019,0,2019-02-24,N-240,ALMACELLES,Segria,2,0,1,0,1,0,0,0,0,1,0,0,0,90.0,0.0,0,-1,Sense Especificar,-1.0,3,3,1,0,0,0,0,0,0,0,0,0,0,0,4,-1,-1,Resta sortides de via,-1,1,2,4,4,2,0,13.15,0,1,6,24,2
17285,2019,0,2019-03-17,B-150,CASTELLBISBAL,Valles Occidental,3,0,1,0,2,0,0,0,1,1,0,0,0,50.0,0.0,0,1,No n'hi ha,-1.0,3,3,1,0,0,0,0,0,0,0,0,0,0,1,4,4,1,Envestida (frontal lateral),1,1,2,4,0,2,0,14.23,1,2,6,17,3
17286,2019,0,2019-10-03,CR,PRATDIP,Baix Camp,0,0,1,1,2,0,2,0,0,0,0,0,0,100.0,0.0,0,1,No n'hi ha,-1.0,3,3,1,0,0,0,0,0,0,0,0,0,0,0,4,-1,1,Caiguda en la via,-1,1,2,3,0,1,1,11.18,0,0,3,3,10
17287,2019,1,2019-05-20,SE,TORELLO,Osona,3,0,1,0,2,1,0,0,0,1,0,0,0,20.0,0.0,0,-1,No n'hi ha,-1.0,3,3,1,0,-1,0,0,0,1,0,0,0,0,0,4,-1,-1,Atropellament,-1,2,2,5,-1,2,1,11.1,0,3,0,20,5
17288,2019,1,2019-05-01,SE,LLEIDA,Segria,2,0,1,0,3,0,0,0,0,1,1,1,0,50.0,0.0,0,1,No n'hi ha,-1.0,3,3,1,0,0,0,0,0,0,0,0,0,0,1,5,4,1,Resta sortides de via,0,2,2,5,-1,2,1,5.4,2,1,2,1,5
17289,2019,1,2019-08-12,SE,MANRESA,Bages,3,0,1,0,2,1,0,0,0,1,0,0,0,100.0,0.0,0,2,No n'hi ha,-1.0,3,3,1,0,0,0,0,0,0,0,0,0,0,2,4,2,1,Atropellament,0,2,2,5,-1,2,1,13.26,0,3,0,12,8
17290,2019,1,2019-11-26,SE,LLEIDA,Segria,2,0,1,0,2,0,0,0,0,2,0,0,0,20.0,0.0,0,2,No n'hi ha,-1.0,3,3,1,-1,0,0,0,-1,0,0,0,0,-1,1,4,4,0,Xoc contra objecte/obstacle sense sortida prèvia de via,1,2,2,5,-1,2,1,13.05,0,4,1,26,11
17291,2019,1,2019-10-26,SE,BARCELONA,Barcelones,3,0,1,0,1,0,0,0,0,1,0,0,0,100.0,0.0,1,-1,No n'hi ha,-1.0,3,3,1,0,0,0,0,0,0,0,0,0,0,1,0,-1,1,Caiguda en la via,2,2,2,5,-1,2,0,22.3,2,0,5,26,10
17292,2019,0,2019-06-25,BP-1103,"BRUC, EL",Anoia,3,0,1,0,1,0,0,0,1,0,0,0,0,90.0,0.0,0,-1,Sense Especificar,-1.0,3,3,1,0,0,0,0,0,0,0,0,0,0,0,4,-1,-1,Resta sortides de via,-1,1,2,4,4,2,1,19.03,1,1,1,25,6
17293,2019,1,2019-03-18,SE,GAVA,Baix Llobregat,3,0,1,0,2,1,0,0,1,0,0,0,0,20.0,0.0,0,-1,No n'hi ha,-1.0,3,3,1,-1,-1,0,0,-1,0,0,0,0,0,0,4,-1,-1,Atropellament,-1,2,2,5,-1,2,1,15.1,1,3,0,18,3