,Year,Area,Date,Road,Municipality Name,County Name,Province Name,Fatalties,Serious Injuries,Light Injuries,Units Involved,Pedestrains Involved,Bicycles Involved,Mopeds Involved,Motorcycles,Light Vehicles Involved,Heavy Vehicles Involved,Other Units Involved,Unspecified Units Involved,Road Speed Limit,Accident with Hit and Run,Fog Presence,Surrounding Environment,Special Lane Presence,Special Traffic Measures,Weather Conditions,Special Road Functions,Severity of Accident,Influence of Fog,Influence of Environment,Influence of Traffic,Influence of Weather,Influence of Wind Intensity,Influence of Lighting,Influence of Special Measures,Influence of Road Objects,Influence of Road Surface,Influence of Visibility,Intersection Characteristics,Lighting Conditions,Traffic Regulation and Priority,Direction of Road,Subtype of Accident,Subtype of Road Section,Subzone within Area,Road Surface Conditions,Type of Road,Road Ownership,Wind Conditions,Day of the Week Grouping,Hour of Day,Time of Day Grouping,Type of Accident,Day Type,Day,Month
17294,2019,1,2019-06-30,SE,LLEIDA,Segria,2,0,1,0,2,1,0,0,0,1,0,0,0,20.0,0.0,0,1,No n'hi ha,-1.0,3,3,1,-1,0,0,0,-1,0,0,0,0,-1,0,4,-1,0,Atropellament,-1,2,2,5,-1,2,0,19.45,1,3,6,30,6
17295,2019,0,2019-12-09,GI-600,TORDERA,Maresme,3,0,1,0,2,0,0,0,1,0,1,0,0,90.0,0.0,0,-1,Sense Especificar,-1.0,3,3,1,0,0,0,0,0,0,0,0,0,0,1,4,4,-1,Envestida (frontal lateral),0,1,2,4,4,2,1,16.37,1,2,0,9,12
17296,2019,1,2019-06-05,SE,CASTELLAR DEL VALLES,Valles Occidental,3,0,1,0,2,0,0,0,1,1,0,0,0,20.0,0.0,0,-1,No n'hi ha,-1.0,3,3,1,-1,0,0,0,-1,0,0,0,0,0,1,4,4,1,Fregament o col·lisió lateral,2,2,2,5,-1,2,1,8.15,0,2,2,5,6
17297,2019,1,2019-08-14,SE,BADALONA,Barcelones,3,0,1,0,1,0,0,0,1,0,0,0,0,20.0,0.0,0,-1,No n'hi ha,-1.0,3,3,1,0,-1,0,0,0,0,0,0,0,0,0,4,-1,-1,Caiguda en la via,-1,2,2,5,-1,2,1,16.12,1,0,2,14,8
17298,2019,1,2019-05-23,SE,LLEIDA,Segria,2,0,1,3,2,0,0,0,0,2,0,0,0,20.0,0.0,0,2,No n'hi ha,-1.0,3,3,1,-1,0,0,0,-1,0,0,0,0,-1,0,4,-1,1,Encalç,-1,2,2,5,-1,2,1,16.0,1,2,3,23,5
17299,2019,1,2019-03-08,SE,MANRESA,Bages,3,0,1,1,2,0,0,0,1,1,0,0,0,100.0,0.0,0,2,No n'hi ha,-1.0,3,3,1,0,0,0,0,0,0,0,0,0,0,1,5,4,0,Envestida (frontal lateral),2,2,2,5,-1,2,0,20.24,1,2,4,8,3
17300,2019,1,2019-08-18,C-245,GAVA,Baix Llobregat,3,0,1,0,2,1,0,0,0,1,0,0,0,100.0,0.0,0,-1,No n'hi ha,-1.0,3,3,1,0,0,0,0,0,0,0,0,0,0,0,4,-1,-1,Atropellament,-1,0,2,4,-1,2,0,16.51,1,3,6,18,8
17301,2019,1,2019-03-18,SE,CANYELLES,Garraf,3,0,1,0,2,0,0,0,1,1,0,0,0,100.0,0.0,0,2,No n'hi ha,-1.0,3,3,1,0,0,0,0,0,0,0,0,0,0,0,4,-1,1,Fregament o col·lisió lateral,-1,2,2,5,0,2,1,12.56,0,2,0,18,3
17302,2019,1,2019-08-27,SE,AVINYONET DEL PENEDES,Alt Penedes,3,0,1,0,1,0,1,0,0,0,0,0,0,20.0,0.0,0,-1,Sense Especificar,-1.0,3,3,1,0,0,0,0,0,0,0,0,0,0,0,4,-1,-1,Altres,-1,2,2,5,-1,2,1,18.28,1,5,1,27,8
17303,2019,1,2019-08-13,SE,ABRERA,Baix Llobregat,3,0,1,1,2,0,0,0,0,2,0,0,0,100.0,0.0,0,1,No n'hi ha,-1.0,3,3,1,0,0,0,0,0,0,0,0,0,0,0,4,-1,1,Envestida (frontal lateral),-1,2,2,5,-1,2,1,17.3,1,2,1,13,8
17304,2019,1,2019-10-10,SE,TERRASSA,Valles Occidental,3,0,1,0,2,1,0,0,0,1,0,0,0,100.0,0.0,0,2,No n'hi ha,-1.0,3,3,1,0,0,0,0,0,0,0,0,0,0,2,4,2,1,Atropellament,2,2,2,5,-1,2,1,12.45,0,3,3,10,10
17305,2019,0,2019-03-02,C-12,BENIFALLET,Baix Ebre,0,0,1,0,1,0,0,0,1,0,0,0,0,100.0,0.0,0,1,Carril lent,-1.0,3,3,1,0,0,0,0,0,0,0,0,0,0,0,4,-1,1,Resta sortides de via,-1,1,2,4,2,2,0,12.41,0,1,5,2,3
17306,2019,1,2019-02-17,SE,BARCELONA,Barcelones,3,0,1,1,2,0,0,0,1,1,0,0,0,100.0,0.0,1,-1,Carril bus,-1.0,3,3,1,0,0,0,0,0,0,0,0,0,0,1,1,-1,0,Fregament o col·lisió lateral,2,2,2,5,-1,2,0,19.2,1,2,6,17,2
17307,2019,0,2019-09-18,C-66,SERINYA,Pla de l'Estany,1,0,2,0,3,0,0,0,0,3,0,0,0,90.0,0.0,0,2,Carril avançament,-1.0,1,3,1,0,0,0,0,0,0,0,0,0,0,0,2,-1,1,Col·lisió frontal,-1,1,2,4,3,2,1,18.09,1,2,2,18,9
17308,2019,0,2019-03-30,AL,CENTELLES,Osona,3,0,1,0,2,0,1,0,0,1,0,0,0,40.0,0.0,0,2,No n'hi ha,-1.0,3,3,1,0,0,0,0,0,0,0,0,0,0,1,4,5,1,Envestida (frontal lateral),1,1,2,4,3,2,0,11.37,0,2,5,30,3
17309,2019,1,2019-09-16,SE,BARCELONA,Barcelones,3,0,1,0,2,0,0,0,1,1,0,0,0,100.0,0.0,1,-1,No n'hi ha,-1.0,3,3,1,0,0,0,0,0,0,0,0,0,0,0,4,-1,1,Fregament o col·lisió lateral,-1,2,2,5,-1,2,1,13.2,0,2,0,16,9
17310,2019,0,2019-07-10,N-260,OLOT,Garrotxa,1,0,1,1,1,0,0,0,0,1,0,0,0,90.0,0.0,0,-1,Sense Especificar,-1.0,3,3,1,0,0,0,0,0,0,0,0,0,0,0,4,-1,-1,Resta sortides de via,-1,1,2,4,4,2,1,12.17,0,1,2,10,7
17311,2019,0,2019-01-25,C-1412a,"PRATS DE REI, ELS",Anoia,3,0,2,0,2,0,0,0,0,2,0,0,0,100.0,0.0,0,3,No n'hi ha,-1.0,3,3,1,0,0,0,0,0,0,0,0,0,0,0,3,-1,1,Col·lisió frontal,-1,1,2,4,3,2,0,20.46,1,2,4,25,1
17312,2019,1,2019-11-15,SE,MATARO,Maresme,3,0,1,0,1,0,0,0,1,0,0,0,0,20.0,0.0,0,-1,No n'hi ha,-1.0,3,3,1,-1,-1,0,0,-1,0,0,0,0,0,0,4,-1,-1,Caiguda en la via,-1,2,2,5,-1,2,0,17.27,1,0,4,15,11
17313,2019,1,2019-02-26,SE,SANT BOI DE LLOBREGAT,Baix Llobregat,3,0,1,0,2,1,0,0,0,1,0,0,0,30.0,0.0,0,1,No n'hi ha,-1.0,3,3,1,0,0,0,0,0,0,0,0,0,0,1,4,4,1,Atropellament,2,2,2,5,-1,2,1,10.4,0,3,1,26,2
17314,2019,1,2019-06-21,BV-2112,SANT PERE DE RIBES,Garraf,3,0,1,0,2,0,0,0,1,1,0,0,0,90.0,0.0,0,-1,No n'hi ha,-1.0,3,3,1,0,-1,0,0,0,0,0,0,0,0,1,4,4,-1,Envestida (frontal lateral),1,0,2,4,-1,2,1,7.57,0,2,4,21,6
17315,2019,1,2019-01-15,SE,VILANOVA I LA GELTRU,Garraf,3,0,1,0,1,0,0,0,1,0,0,0,0,100.0,0.0,0,-1,No n'hi ha,-1.0,3,3,1,0,0,0,0,0,0,0,0,0,0,0,4,-1,-1,Altres,-1,2,2,5,-1,2,1,22.05,2,5,1,15,1
17316,2019,1,2019-09-04,SE,MANRESA,Bages,3,0,1,0,2,1,0,0,0,1,0,0,0,100.0,0.0,0,2,No n'hi ha,-1.0,3,3,1,0,0,0,0,0,0,0,0,0,0,2,5,3,1,Atropellament,2,2,2,5,-1,2,1,21.0,1,3,2,4,9
17317,2019,1,2019-07-03,SE,BARCELONA,Barcelones,3,1,0,1,2,1,0,0,1,0,0,0,0,100.0,0.0,1,-1,No n'hi ha,-1.0,3,3,0,0,0,0,0,0,0,0,0,0,0,1,4,-1,1,Atropellament,2,2,2,5,-1,2,1,7.3,0,3,2,3,7
17318,2019,1,2019-05-26,SE,SITGES,Garraf,3,0,1,0,1,0,0,0,1,0,0,0,0,100.0,0.0,0,-1,No n'hi ha,-1.0,3,3,1,0,0,0,0,0,0,0,0,0,0,0,4,-1,-1,Altres,-1,2,2,5,-1,2,0,5.49,2,5,6,26,5
17319,2019,0,2019-11-06,N-II,CERVERA,Segarra,2,0,1,2,2,0,0,0,0,1,1,0,0,100.0,0.0,0,2,No n'hi ha,-1.0,3,3,1,0,0,0,0,0,0,0,0,0,0,1,4,4,1,Envestida (frontal lateral),1,1,2,4,1,2,1,15.46,1,2,2,6,11
17320,2019,0,2019-02-24,N-340,"ARBO?, L'",Baix Penedes,0,0,1,0,2,0,0,0,1,1,0,0,0,90.0,0.0,0,-1,Sense Especificar,-1.0,3,3,1,0,0,0,0,0,0,0,0,0,0,0,4,-1,-1,Fregament o col·lisió lateral,-1,1,2,4,4,2,0,15.38,1,2,6,24,2
17321,2019,1,2019-07-18,SE,BADALONA,Barcelones,3,0,1,0,2,1,0,0,0,0,1,0,0,20.0,0.0,0,2,No n'hi ha,-1.0,3,3,1,-1,0,0,0,-1,0,0,0,0,-1,1,4,5,0,Atropellament,2,2,2,5,-1,2,1,9.13,0,3,3,18,7
17322,2019,0,2019-11-27,C-17,VIC,Osona,3,0,1,0,2,0,0,0,1,1,0,0,0,100.0,1.0,0,2,No n'hi ha,-1.0,3,3,1,0,0,0,0,0,0,0,0,0,0,0,3,-1,1,Encalç,-1,1,2,4,2,2,1,20.55,1,2,2,27,11
17323,2019,0,2019-06-01,LV-4241,GUIXERS,Solsones,2,1,0,0,1,0,0,0,1,0,0,0,0,100.0,0.0,0,1,No n'hi ha,-1.0,3,3,0,0,0,0,0,0,0,0,0,0,0,0,4,-1,1,Resta sortides de via,-1,1,2,4,3,2,0,11.52,0,1,5,1,6
17324,2019,0,2019-02-06,B-10,HOSPITALET DE LLOBREGAT,Barcelones,3,0,1,1,5,0,0,0,2,2,1,0,0,80.0,0.0,0,2,No n'hi ha,1.0,3,3,1,0,0,0,0,0,0,0,0,0,0,0,4,-1,0,Altres,-1,1,2,4,3,2,1,13.12,0,5,2,6,2
17325,2019,1,2019-04-20,SE,LLARDECANS,Segria,2,0,1,0,2,1,0,0,0,1,0,0,0,100.0,0.0,0,2,No n'hi ha,-1.0,3,3,1,0,0,0,0,0,0,0,0,0,0,0,4,-1,1,Atropellament,-1,2,3,5,-1,2,0,13.43,0,3,5,20,4
17326,2019,1,2019-09-29,SE,BADALONA,Barcelones,3,0,1,4,2,0,0,0,0,1,1,0,0,20.0,0.0,0,-1,No n'hi ha,-1.0,3,3,1,-1,-1,0,0,-1,0,0,0,0,0,1,4,4,-1,Envestida (frontal lateral),2,2,2,5,-1,2,0,10.0,0,2,6,29,9
17327,2019,1,2019-07-04,SE,BARCELONA,Barcelones,3,0,1,0,2,0,0,0,1,1,0,0,0,100.0,0.0,1,-1,No n'hi ha,-1.0,3,3,1,0,0,0,0,0,0,0,0,0,0,0,4,-1,0,Caiguda en la via,-1,2,2,5,-1,2,1,14.47,1,0,3,4,7
17328,2019,0,2019-01-13,C-26,CASTELLAR DE LA RIBERA,Solsones,2,0,1,0,1,0,0,0,1,0,0,0,0,90.0,0.0,0,1,No n'hi ha,-1.0,3,3,1,0,0,0,0,0,0,0,0,0,0,0,4,-1,1,Caiguda en la via,-1,1,2,4,2,2,0,11.55,0,0,6,13,1
17329,2019,1,2019-03-23,SE,GRANOLLERS,Valles Oriental,3,0,1,0,1,0,0,0,1,0,0,0,0,100.0,1.0,0,2,No n'hi ha,-1.0,3,3,1,0,0,0,0,0,0,0,0,0,0,1,5,4,0,Envestida (frontal lateral),2,2,2,5,-1,2,0,23.2,2,2,5,23,3
17330,2019,1,2019-01-18,SE,PALAFRUGELL,Baix Emporda,1,0,1,0,2,0,0,0,1,1,0,0,0,40.0,0.0,0,-1,No n'hi ha,-1.0,3,3,1,0,0,0,0,0,0,0,0,0,0,0,4,-1,-1,Caiguda en la via,-1,2,2,5,-1,2,1,9.05,0,0,4,18,1
17331,2019,1,2019-10-08,SE,MONTMELO,Valles Oriental,3,0,1,0,2,0,1,0,0,1,0,0,0,20.0,0.0,0,2,No n'hi ha,-1.0,3,3,1,-1,0,0,0,-1,0,0,0,0,-1,1,4,5,1,Fregament o col·lisió lateral,1,0,2,5,-1,2,1,11.23,0,2,1,8,10
17332,2019,0,2019-01-15,B-221,TALAVERA,Segarra,2,1,0,1,2,0,0,0,0,2,0,0,0,60.0,0.0,0,2,No n'hi ha,-1.0,3,3,0,0,0,0,0,0,0,0,0,0,0,1,3,4,1,Col·lisió frontal,1,1,2,4,2,2,1,21.25,1,2,1,15,1
17333,2019,0,2019-06-18,C-32,SANTA SUSANNA,Maresme,3,0,1,0,1,0,0,0,0,1,0,0,0,50.0,0.0,0,2,No n'hi ha,-1.0,3,3,1,0,0,0,0,0,0,0,0,0,0,0,0,-1,0,Xoc contra objecte/obstacle sense sortida prèvia de via,-1,1,2,4,2,2,1,10.42,0,4,1,18,6
17334,2019,1,2019-12-09,SE,BARCELONA,Barcelones,3,0,1,0,2,0,0,0,1,0,1,0,0,100.0,0.0,1,-1,No n'hi ha,-1.0,3,3,1,0,0,0,0,0,0,0,0,0,0,1,4,-1,0,Encalç,2,2,2,5,-1,2,1,10.48,0,2,0,9,12
17335,2019,1,2019-03-07,SE,BADALONA,Barcelones,3,0,1,0,2,0,0,0,1,1,0,0,0,20.0,0.0,0,2,No n'hi ha,-1.0,3,3,1,-1,0,0,0,-1,0,0,0,0,-1,0,4,-1,0,Fregament o col·lisió lateral,-1,2,2,5,-1,2,1,14.2,1,2,3,7,3
17336,2019,0,2019-10-21,N-II,PREMIA DE MAR,Maresme,3,0,1,0,1,0,0,0,1,0,0,0,0,90.0,0.0,0,-1,Sense Especificar,-1.0,3,3,1,0,0,0,0,0,0,0,0,0,0,0,4,-1,-1,Altres,-1,1,2,4,4,2,1,19.13,1,5,0,21,10
17337,2019,1,2019-11-09,SE,"BRUC, EL",Anoia,3,1,0,0,2,1,0,0,0,1,0,0,0,30.0,0.0,0,2,No n'hi ha,-1.0,3,3,0,0,0,0,0,0,0,0,0,0,0,0,4,-1,1,Atropellament,-1,2,2,5,-1,2,0,13.18,0,3,5,9,11
17338,2019,0,2019-01-26,C-32,ALELLA,Maresme,3,0,1,1,4,0,0,0,1,3,0,0,0,100.0,0.0,0,2,No n'hi ha,-1.0,3,3,1,0,0,0,0,0,0,0,0,0,0,0,0,-1,0,Encalç,-1,1,2,4,2,2,0,19.06,1,2,5,26,1
17339,2019,0,2019-07-06,B-231,HOSTALETS DE PIEROLA,Anoia,3,1,0,0,1,0,0,0,0,1,0,0,0,100.0,0.0,0,1,No n'hi ha,-1.0,3,3,0,0,0,0,0,0,0,0,0,0,0,0,2,-1,1,Resta sortides de via,-1,1,2,4,3,2,0,19.59,1,1,5,6,7
17340,2019,1,2019-03-01,SE,ESPLUGUES DE LLOBREGAT,Baix Llobregat,3,0,1,0,2,0,0,0,1,1,0,0,0,20.0,0.0,0,2,No n'hi ha,-1.0,3,3,1,0,0,0,0,0,0,0,0,0,0,0,4,-1,0,Caiguda en la via,-1,2,2,5,0,2,1,9.0,0,0,4,1,3
17341,2019,0,2019-05-01,TV-3141,RIUDOMS,Baix Camp,0,1,0,0,2,0,0,0,1,0,1,0,0,80.0,0.0,0,2,No n'hi ha,-1.0,3,3,0,0,0,0,0,0,0,0,0,0,0,0,4,-1,1,Fregament o col·lisió lateral,-1,1,2,4,2,2,1,14.08,1,2,2,1,5
17342,2019,1,2019-08-24,SE,MALGRAT DE MAR,Maresme,3,0,1,0,1,0,0,1,0,0,0,0,0,40.0,0.0,0,-1,No n'hi ha,-1.0,3,3,1,0,0,0,0,0,0,0,0,0,0,1,4,2,-1,Xoc contra objecte/obstacle sense sortida prèvia de via,0,2,2,5,-1,2,0,15.17,1,4,5,24,8
17343,2019,1,2019-07-21,SE,FIGUERES,Alt Emporda,1,0,1,1,2,0,0,0,1,1,0,0,0,100.0,0.0,0,2,No n'hi ha,-1.0,3,3,1,0,0,0,0,0,0,0,0,0,0,0,4,-1,1,Col·lisió frontal,-1,2,2,5,-1,2,0,13.0,0,2,6,21,7
17344,2019,1,2019-09-02,SE,TARRAGONA,Tarragones,0,0,1,0,1,0,0,0,1,0,0,0,0,100.0,0.0,0,2,No n'hi ha,-1.0,3,3,1,0,0,0,0,0,0,0,0,0,0,1,4,-1,1,Caiguda en la via,1,2,2,5,-1,2,1,12.3,0,0,0,2,9
17345,2019,0,2019-01-23,C-65,LLAGOSTERA,Girones,1,1,0,3,2,0,0,0,0,2,0,0,0,100.0,0.0,0,2,No n'hi ha,-1.0,3,3,0,0,0,0,0,0,0,0,0,0,0,0,4,-1,1,Col·lisió frontal,-1,1,2,4,2,2,1,12.27,0,2,2,23,1
17346,2019,1,2019-11-22,SE,BARCELONA,Barcelones,3,0,1,1,2,0,0,0,1,1,0,0,0,100.0,0.0,1,-1,No n'hi ha,-1.0,3,3,1,0,0,0,0,0,0,0,0,0,0,1,0,-1,0,Envestida (frontal lateral),2,2,2,5,-1,2,1,0.33,2,2,4,22,11
17347,2019,1,2019-05-31,SE,"PRAT DE LLOBREGAT, E",Baix Llobregat,3,0,1,1,2,0,0,0,1,1,0,0,0,100.0,0.0,0,2,No n'hi ha,-1.0,3,3,1,0,0,0,0,0,0,0,0,0,0,1,4,3,1,Fregament o col·lisió lateral,2,2,2,5,-1,2,0,18.07,1,2,4,31,5
17348,2019,0,2019-07-05,C-61,SANT CELONI,Valles Oriental,3,0,1,0,2,0,1,0,0,1,0,0,0,50.0,0.0,0,2,No n'hi ha,-1.0,3,3,1,0,0,0,0,0,0,0,0,0,0,2,4,5,1,Envestida (frontal lateral),1,1,2,4,2,2,1,8.48,0,2,4,5,7
17349,2019,1,2019-02-20,SE,MATARO,Maresme,3,0,1,0,2,1,0,0,0,1,0,0,0,20.0,0.0,0,-1,No n'hi ha,-1.0,3,3,1,0,-1,0,0,0,0,0,0,0,0,0,5,-1,-1,Atropellament,-1,2,2,5,-1,2,1,6.3,0,3,2,20,2
17350,2019,0,2019-01-13,C-12,ALFES,Segria,2,0,1,0,1,0,0,0,0,1,0,0,0,90.0,0.0,0,-1,Sense Especificar,-1.0,3,3,1,0,0,0,0,0,0,0,0,0,0,0,4,-1,-1,Resta sortides de via,-1,1,2,4,4,2,0,5.56,2,1,6,13,1
17351,2019,0,2019-04-28,C-1412a,COPONS,Anoia,3,0,1,4,5,0,5,0,0,0,0,0,0,90.0,0.0,0,-1,Sense Especificar,-1.0,3,3,1,0,0,0,0,0,0,0,0,0,0,0,4,-1,-1,Altres,-1,1,2,4,4,2,0,10.47,0,5,6,28,4
17352,2019,1,2019-04-04,SE,BARCELONA,Barcelones,3,0,1,0,2,0,0,0,2,0,0,0,0,100.0,0.0,1,-1,No n'hi ha,-1.0,3,3,1,0,0,0,0,0,0,0,0,0,0,1,4,-1,0,Encalç,2,2,2,5,-1,2,1,13.1,0,2,3,4,4
17353,2019,0,2019-12-10,A-2,JORBA,Anoia,3,0,1,0,2,0,0,0,0,0,2,0,0,100.0,0.0,0,1,No n'hi ha,-1.0,3,3,1,0,0,0,0,0,0,0,0,0,0,0,4,-1,0,Encalç,-1,1,2,4,1,2,1,10.51,0,2,1,10,12
17354,2019,0,2019-06-29,N-II,MALGRAT DE MAR,Maresme,3,0,1,0,2,0,0,0,1,1,0,0,0,60.0,0.0,0,2,Carril acceleració,-1.0,3,3,1,0,0,0,0,0,0,0,0,0,0,2,4,4,1,Altres,3,1,2,4,1,2,0,16.05,1,5,5,29,6
17355,2019,1,2019-02-05,SE,VILADECANS,Baix Llobregat,3,0,1,0,2,1,0,0,0,1,0,0,0,30.0,0.0,0,-1,No n'hi ha,-1.0,3,3,1,0,0,0,0,0,0,0,0,0,0,1,4,2,0,Atropellament,2,2,2,5,-1,2,1,16.3,1,3,1,5,2
17356,2019,0,2019-04-18,C-1411a,CASTELLBELL I EL VIL,Bages,3,0,1,0,2,0,0,0,1,1,0,0,0,50.0,0.0,0,1,No n'hi ha,-1.0,3,3,1,0,0,0,0,0,0,0,0,0,0,0,4,-1,1,Encalç,-1,1,2,4,3,2,1,14.01,1,2,3,18,4
17357,2019,0,2019-05-19,C-31,CASTELLDEFELS,Baix Llobregat,3,0,1,0,1,0,0,0,0,1,0,0,0,90.0,0.0,0,-1,Sense Especificar,-1.0,3,3,1,0,0,0,0,0,0,0,0,0,0,0,4,-1,-1,Resta sortides de via,-1,1,2,4,4,2,0,14.2,1,1,6,19,5
17358,2019,1,2019-01-09,SE,LLEIDA,Segria,2,0,1,0,1,0,0,0,1,0,0,0,0,20.0,0.0,0,-1,No n'hi ha,-1.0,3,3,1,0,-1,0,0,0,0,0,0,0,0,0,4,-1,-1,Caiguda en la via,-1,2,2,5,-1,2,1,9.25,0,0,2,9,1
17359,2019,1,2019-04-18,SE,SANA?JA,Segarra,2,0,1,0,1,0,0,0,1,0,0,0,0,100.0,0.0,0,2,No n'hi ha,-1.0,3,3,1,0,0,0,0,0,0,0,0,0,0,0,4,-1,1,Caiguda en la via,-1,2,2,5,0,2,1,17.17,1,0,3,18,4
17360,2019,0,2019-01-13,A-2,COLLBATO,Baix Llobregat,3,0,1,1,2,0,0,0,1,1,0,0,0,100.0,0.0,0,2,No n'hi ha,-1.0,3,3,1,0,0,0,0,0,0,0,0,0,0,0,4,-1,0,Encalç,-1,1,2,4,1,2,0,13.45,0,2,6,13,1
17361,2019,1,2019-11-13,SE,BARCELONA,Barcelones,3,0,1,0,1,0,1,0,0,0,0,0,0,100.0,0.0,1,-1,No n'hi ha,-1.0,3,3,1,0,0,0,0,0,0,0,0,0,0,0,0,-1,0,Caiguda en la via,-1,2,2,5,-1,2,1,22.45,2,0,2,13,11
17362,2019,0,2019-04-05,B-100,SANT GUIM DE FREIXENET,Segarra,2,1,0,0,2,0,0,0,0,1,1,0,0,100.0,0.0,0,2,No n'hi ha,-1.0,1,3,0,0,0,0,0,0,0,0,0,0,0,0,2,-1,1,Col·lisió frontal,-1,1,2,4,4,2,1,13.37,0,2,4,5,4
17363,2019,1,2019-07-20,SE,BARCELONA,Barcelones,3,0,1,0,2,1,0,0,0,1,0,0,0,100.0,0.0,1,-1,No n'hi ha,-1.0,3,3,1,0,0,0,0,0,0,0,0,0,0,1,4,-1,0,Atropellament,2,2,2,5,-1,2,0,8.5,0,3,5,20,7
17364,2019,1,2019-04-12,C-152,OLOT,Garrotxa,1,0,1,0,2,1,0,0,0,0,1,0,0,100.0,0.0,0,2,No n'hi ha,-1.0,3,3,1,0,0,0,0,0,0,0,0,0,0,2,4,3,1,Atropellament,2,0,2,4,-1,2,0,16.53,1,3,4,12,4
17365,2019,0,2019-09-15,N-260,ALP,Cerdanya,1,0,2,0,2,0,0,0,2,0,0,0,0,60.0,0.0,0,1,No n'hi ha,-1.0,3,3,1,0,0,0,0,0,0,0,0,0,0,0,4,-1,1,Fregament o col·lisió lateral,-1,1,2,4,1,2,0,12.21,0,2,6,15,9
17366,2019,0,2019-07-31,TP-7225,REUS,Baix Camp,0,0,1,0,2,0,0,0,1,1,0,0,0,100.0,0.0,0,-1,No n'hi ha,-1.0,3,3,1,0,0,0,0,0,0,0,0,0,0,0,4,-1,-1,Envestida (frontal lateral),-1,1,2,4,-1,2,1,14.4,1,2,2,31,7
17367,2019,0,2019-01-21,N-II,MALGRAT DE MAR,Maresme,3,0,3,1,2,0,0,0,0,2,0,0,0,60.0,0.0,0,1,No n'hi ha,-1.0,3,3,1,0,0,0,0,0,0,0,0,0,0,0,4,-1,1,Col·lisió frontal,-1,1,2,4,1,2,1,10.14,0,2,0,21,1
17368,2019,1,2019-09-20,SE,SANT CUGAT DEL VALLES,Valles Occidental,3,0,1,0,2,1,0,0,0,1,0,0,0,40.0,0.0,0,2,No n'hi ha,-1.0,3,3,1,0,0,0,0,0,0,0,0,0,0,1,5,4,1,Atropellament,1,2,2,5,0,2,0,20.51,1,3,4,20,9
17369,2019,0,2019-04-01,C-1413a,SANT CUGAT DEL VALLES,Valles Occidental,3,0,1,1,3,0,0,0,0,3,0,0,0,100.0,0.0,0,0,No n'hi ha,-1.0,3,3,1,0,0,0,0,0,0,0,0,0,0,0,4,-1,1,Col·lisió frontal,-1,1,2,4,2,2,1,18.39,1,2,0,1,4
17370,2019,0,2019-03-02,N-260,RIPOLL,Ripolles,1,0,2,1,2,0,0,0,0,2,0,0,0,100.0,0.0,0,2,No n'hi ha,-1.0,3,3,1,0,0,0,0,0,0,0,0,0,0,0,4,-1,1,Col·lisió frontal,-1,1,2,4,1,2,0,16.31,1,2,5,2,3
17371,2019,1,2019-04-23,SE,TERRASSA,Valles Occidental,3,0,1,1,2,0,0,0,0,2,0,0,0,100.0,0.0,0,-1,No n'hi ha,-1.0,3,3,1,0,0,0,0,0,0,0,0,0,0,0,4,-1,-1,Altres,-1,2,2,5,-1,2,1,4.15,2,5,1,23,4
17372,2019,1,2019-03-05,SE,SABADELL,Valles Occidental,3,0,1,0,2,1,0,0,0,0,1,0,0,100.0,0.0,0,2,No n'hi ha,-1.0,3,3,1,0,0,0,0,0,0,0,0,0,0,1,4,3,1,Atropellament,2,2,2,5,-1,2,1,13.05,0,3,1,5,3
17373,2019,0,2019-07-12,CR,GOLMES,Pla d'Urgell,2,0,1,0,2,0,0,1,0,1,0,0,0,40.0,0.0,0,2,No n'hi ha,-1.0,3,3,1,0,0,0,0,0,0,0,0,0,0,2,4,4,1,Fregament o col·lisió lateral,1,1,2,3,0,2,1,9.2,0,2,4,12,7
17374,2019,0,2019-07-13,C-12,ASCO,Ribera d'Ebre,0,0,2,2,3,0,0,0,0,3,0,0,0,100.0,0.0,0,0,No n'hi ha,-1.0,3,3,1,0,0,0,0,0,0,0,0,0,0,0,4,-1,1,Col·lisió frontal,-1,1,2,4,2,2,0,16.14,1,2,5,13,7
17375,2019,1,2019-12-26,SE,LLEIDA,Segria,2,0,1,0,1,0,0,1,0,0,0,0,0,20.0,0.0,0,2,No n'hi ha,-1.0,3,3,1,-1,0,0,0,-1,0,0,0,0,-1,0,4,-1,0,Caiguda en la via,-1,2,2,5,-1,2,1,12.0,0,0,3,26,12
17376,2019,1,2019-10-05,C-31,TORROELLA DE MONTGRI,Baix Emporda,1,0,1,0,2,1,0,0,0,1,0,0,0,40.0,0.0,0,-1,No n'hi ha,-1.0,3,3,1,-1,0,1,0,-1,0,0,0,0,-1,0,5,-1,0,Atropellament,-1,0,2,4,-1,2,0,23.48,2,3,5,5,10
17377,2019,0,2019-08-09,B-10,BARCELONA,Barcelones,3,1,0,0,2,0,0,0,1,0,1,0,0,60.0,0.0,1,-1,No n'hi ha,-1.0,3,3,0,0,0,0,0,0,0,0,0,0,0,0,4,-1,0,Fregament o col·lisió lateral,-1,1,2,1,-1,2,0,16.58,1,2,4,9,8
17378,2019,1,2019-11-12,SE,SANTA COLOMA DE GRAMANET,Barcelones,3,0,1,0,2,1,0,0,0,1,0,0,0,20.0,0.0,0,2,No n'hi ha,-1.0,3,3,1,-1,0,0,0,-1,0,0,0,0,-1,1,4,2,0,Atropellament,2,2,2,5,-1,2,1,10.0,0,3,1,12,11