,Year,Area,Date,Road,Municipality Name,County Name,Province Name,Fatalties,Serious Injuries,Light Injuries,Units Involved,Pedestrains Involved,Bicycles Involved,Mopeds Involved,Motorcycles,Light Vehicles Involved,Heavy Vehicles Involved,Other Units Involved,Unspecified Units Involved,Road Speed Limit,Accident with Hit and Run,Fog Presence,Surrounding Environment,Special Lane Presence,Special Traffic Measures,Weather Conditions,Special Road Functions,Severity of Accident,Influence of Fog,Influence of Environment,Influence of Traffic,Influence of Weather,Influence of Wind Intensity,Influence of Lighting,Influence of Special Measures,Influence of Road Objects,Influence of Road Surface,Influence of Visibility,Intersection Characteristics,Lighting Conditions,Traffic Regulation and Priority,Direction of Road,Subtype of Accident,Subtype of Road Section,Subzone within Area,Road Surface Conditions,Type of Road,Road Ownership,Wind Conditions,Day of the Week Grouping,Hour of Day,Time of Day Grouping,Type of Accident,Day Type,Day,Month
17379,2019,0,2019-03-05,AL,FORTIA,Alt Emporda,1,0,1,0,2,0,0,1,0,1,0,0,0,100.0,0.0,0,2,No n'hi ha,-1.0,3,3,1,0,0,0,0,0,0,0,0,0,0,0,4,-1,0,Fregament o col·lisió lateral,-1,1,2,4,3,2,1,11.23,0,2,1,5,3
17380,2019,1,2019-11-01,SE,SANT JUST DESVERN,Baix Llobregat,3,0,1,0,2,0,0,0,1,0,1,0,0,20.0,0.0,0,-1,No n'hi ha,-1.0,3,3,1,0,-1,0,0,0,0,0,0,0,0,1,4,2,-1,Envestida (frontal lateral),0,2,2,5,-1,2,0,17.24,1,2,4,1,11
17381,2019,1,2019-07-31,SE,FONT-RUBI,Alt Penedes,3,0,1,0,2,0,0,0,0,1,0,1,0,100.0,0.0,0,2,No n'hi ha,-1.0,3,3,1,0,0,0,0,0,0,0,0,0,0,0,3,-1,1,Col·lisió frontal,-1,2,0,5,0,2,1,21.16,1,2,2,31,7
17382,2019,1,2019-04-07,SE,BARCELONA,Barcelones,3,0,1,0,2,1,0,0,0,1,0,0,0,100.0,0.0,1,-1,Carril bus,-1.0,3,3,1,0,0,0,0,0,0,0,0,0,0,0,0,-1,1,Atropellament,-1,2,2,5,-1,2,0,1.35,2,3,6,7,4
17383,2019,0,2019-09-02,A-2,LLEIDA,Segria,2,1,0,1,2,0,0,0,0,2,0,0,0,100.0,0.0,0,2,No n'hi ha,-1.0,3,3,0,0,0,0,0,0,0,0,0,0,0,0,0,-1,0,Envestida (frontal lateral),-1,1,2,4,1,2,1,5.4,2,2,0,2,9
17384,2019,1,2019-12-05,SE,SANT BOI DE LLOBREGAT,Baix Llobregat,3,0,1,1,2,0,0,0,1,1,0,0,0,20.0,0.0,0,2,No n'hi ha,-1.0,3,3,1,-1,0,0,0,-1,0,0,0,0,-1,1,5,3,1,Fregament o col·lisió lateral,2,2,2,5,-1,2,1,21.18,1,2,3,5,12
17385,2019,0,2019-09-07,T-310,MONTBRIO DEL CAMP,Baix Camp,0,0,1,0,2,0,0,0,1,0,1,0,0,80.0,0.0,0,0,No n'hi ha,-1.0,3,3,1,0,0,0,0,0,0,0,0,0,0,1,4,2,1,Envestida (frontal lateral),1,1,2,4,2,2,0,8.15,0,2,5,7,9
17386,2019,1,2019-05-15,SE,"OMELLONS, ELS",Garrigues,2,0,1,1,1,0,0,0,0,1,0,0,0,100.0,0.0,0,2,No n'hi ha,-1.0,3,3,1,0,0,0,0,0,0,0,0,0,0,0,4,-1,1,Resta sortides de via,-1,2,2,5,3,2,1,10.58,0,1,2,15,5
17387,2019,0,2019-07-09,SE,FRANQUESES DEL VALLE,Valles Oriental,3,0,1,0,1,0,1,0,0,0,0,0,0,30.0,0.0,0,1,No n'hi ha,-1.0,3,3,1,-1,1,0,0,-1,0,0,0,0,-1,0,4,-1,1,Caiguda en la via,-1,1,1,0,0,2,1,12.5,0,0,1,9,7
17388,2019,1,2019-08-09,SE,ROSES,Alt Emporda,1,0,1,1,2,0,0,1,1,0,0,0,0,100.0,0.0,0,-1,No n'hi ha,-1.0,3,3,1,0,0,0,0,0,0,0,0,0,0,0,4,-1,-1,Envestida (frontal lateral),-1,2,2,5,-1,2,1,2.43,2,2,4,9,8
17389,2019,0,2019-06-24,C-31,SANT ADRIA DE BESOS,Barcelones,3,0,1,1,1,0,0,0,1,0,0,0,0,80.0,0.0,0,3,Carril d'alentiment,-1.0,3,3,1,0,0,0,0,0,0,0,0,0,0,0,5,-1,0,Caiguda en la via,-1,1,2,4,2,2,1,2.03,2,0,0,24,6
17390,2019,1,2019-07-13,SE,BARCELONA,Barcelones,3,0,1,0,2,0,0,1,0,1,0,0,0,100.0,0.0,1,-1,No n'hi ha,-1.0,3,3,1,0,0,0,0,0,0,0,0,0,0,0,4,-1,1,Encalç,-1,2,2,5,-1,2,0,14.1,1,2,5,13,7
17391,2019,1,2019-10-30,SE,GIRONA,Girones,1,0,1,0,2,1,0,0,0,1,0,0,0,100.0,0.0,0,2,No n'hi ha,-1.0,3,3,1,0,0,0,0,0,1,0,0,0,0,0,2,-1,1,Atropellament,-1,2,2,5,-1,2,1,7.56,0,3,2,30,10
17392,2019,1,2019-05-28,SE,BARCELONA,Barcelones,3,0,1,1,2,0,0,0,1,1,0,0,0,100.0,0.0,1,-1,Carril bici,-1.0,3,3,1,0,0,0,0,0,0,0,0,0,0,1,0,-1,0,Envestida (frontal lateral),2,2,2,5,-1,2,1,22.0,2,2,1,28,5
17393,2019,1,2019-10-18,SE,FONOLLOSA,Bages,3,0,1,0,1,0,0,0,0,0,0,1,0,20.0,0.0,0,-1,Sense Especificar,-1.0,3,3,1,0,0,0,0,0,0,0,0,0,0,0,4,-1,-1,Resta sortides de via,-1,2,2,5,-1,2,0,15.05,1,1,4,18,10
17394,2019,1,2019-05-09,SE,CORNELLA DE LLOBREGAT,Baix Llobregat,3,0,1,0,2,1,0,0,1,0,0,0,0,50.0,0.0,0,-1,No n'hi ha,-1.0,3,3,1,0,0,0,0,0,0,0,0,0,0,0,4,-1,-1,Atropellament,-1,2,2,5,0,2,1,8.5,0,3,3,9,5
17395,2019,1,2019-06-08,SE,CAMBRILS,Baix Camp,0,0,1,0,2,0,1,0,0,1,0,0,0,30.0,0.0,0,2,No n'hi ha,-1.0,3,3,1,0,0,0,0,0,0,0,0,0,0,0,1,-1,1,Envestida (frontal lateral),-1,2,2,5,-1,2,0,20.0,1,2,5,8,6
17396,2019,1,2019-03-02,SE,HOSPITALET DE LLOBREGAT,Barcelones,3,0,1,0,2,0,0,1,0,1,0,0,0,20.0,0.0,0,2,No n'hi ha,-1.0,3,3,1,0,0,0,0,0,0,0,0,0,0,0,4,-1,1,Encalç,-1,2,2,5,-1,2,0,8.03,0,2,5,2,3
17397,2019,0,2019-09-29,-GIP 6307.00,"ESCALA, L'",Alt Emporda,1,0,1,1,2,0,2,0,0,0,0,0,0,90.0,0.0,0,-1,Sense Especificar,-1.0,3,3,1,0,0,0,0,0,0,0,0,0,0,0,4,-1,-1,Envestida (frontal lateral),-1,1,2,4,4,2,0,11.2,0,2,6,29,9
17398,2019,0,2019-11-14,C-13,LLAVORSI,Pallars Sobira,2,0,1,0,1,0,0,0,0,1,0,0,0,100.0,0.0,0,1,No n'hi ha,-1.0,3,3,1,0,0,0,0,0,0,0,0,0,0,0,2,-1,1,Resta sortides de via,-1,1,2,4,2,2,1,13.34,0,1,3,14,11
17399,2019,1,2019-03-15,SE,BARCELONA,Barcelones,3,1,0,1,2,0,0,0,1,1,0,0,0,100.0,0.0,1,-1,No n'hi ha,-1.0,3,3,0,0,0,0,0,0,0,0,0,0,0,0,0,-1,1,Envestida (frontal lateral),-1,2,2,5,-1,2,0,21.2,1,2,4,15,3
17400,2019,0,2019-03-17,C-55,CALLUS,Bages,3,0,1,1,2,0,0,0,0,1,1,0,0,60.0,0.0,0,2,No n'hi ha,-1.0,3,3,1,0,0,0,0,0,0,0,0,0,0,2,3,4,1,Envestida (frontal lateral),1,1,2,4,2,2,0,20.14,1,2,6,17,3
17401,2019,1,2019-07-13,SE,MOIA,Moianès,3,0,1,0,1,0,0,0,1,0,0,0,0,20.0,0.0,0,-1,Sense Especificar,-1.0,3,3,1,0,0,0,0,0,0,0,0,0,0,0,4,-1,-1,Altres,-1,2,2,5,-1,2,0,19.45,1,5,5,13,7
17402,2019,0,2019-05-02,C-63,VIDRERES,Selva,1,0,1,0,1,0,1,0,0,0,0,0,0,90.0,0.0,0,-1,Sense Especificar,-1.0,3,3,1,0,0,0,0,0,0,0,0,0,0,0,4,-1,-1,Altres,-1,1,2,4,4,2,1,15.09,1,5,3,2,5
17403,2019,0,2019-06-04,AP-7,"PAPIOL, EL",Baix Llobregat,3,0,1,1,2,0,0,0,0,1,1,0,0,80.0,0.0,0,2,No n'hi ha,0.0,3,3,1,0,0,0,0,0,0,0,0,0,0,0,4,-1,1,Fregament o col·lisió lateral,-1,1,2,4,1,1,1,14.4,1,2,1,4,6
17404,2019,0,2019-07-28,N-II,SANT POL DE MAR,Maresme,3,1,0,0,1,0,0,0,1,0,0,0,0,100.0,0.0,0,-1,No n'hi ha,-1.0,3,3,0,0,0,0,0,0,0,0,0,0,0,0,4,-1,-1,Resta sortides de via,-1,1,2,4,-1,2,0,5.33,2,1,6,28,7
17405,2019,1,2019-10-14,SE,BARCELONA,Barcelones,3,1,0,0,1,0,0,0,1,0,0,0,0,30.0,0.0,1,-1,No n'hi ha,-1.0,3,3,0,0,0,0,0,0,0,0,0,0,0,0,4,-1,0,Xoc contra objecte/obstacle sense sortida prèvia de via,-1,2,2,5,-1,2,1,12.1,0,4,0,14,10
17406,2019,1,2019-06-02,SE,TARRAGONA,Tarragones,0,0,1,0,2,1,0,0,0,0,1,0,0,100.0,0.0,0,2,No n'hi ha,-1.0,3,3,1,0,0,0,0,0,0,0,0,0,0,0,4,-1,1,Atropellament,-1,2,2,5,-1,2,0,12.35,0,3,6,2,6
17407,2019,0,2019-11-15,A-2,CASTELLBISBAL,Valles Occidental,3,0,1,0,2,0,0,0,1,1,0,0,0,100.0,0.0,0,3,No n'hi ha,-1.0,3,3,1,0,0,0,0,0,0,0,0,0,0,0,0,-1,1,Fregament o col·lisió lateral,-1,1,2,4,1,2,0,18.24,1,2,4,15,11
17408,2019,1,2019-04-27,SE,SANT BOI DE LLOBREGAT,Baix Llobregat,3,0,1,0,2,0,0,0,1,1,0,0,0,20.0,0.0,0,-1,No n'hi ha,-1.0,3,3,1,-1,-1,0,0,-1,0,0,0,0,0,1,5,5,-1,Col·lisió frontal,1,2,2,5,-1,2,0,21.27,1,2,5,27,4
17409,2019,1,2019-01-18,SE,TERRASSA,Valles Occidental,3,0,1,0,2,0,0,0,1,1,0,0,0,100.0,0.0,0,2,No n'hi ha,-1.0,3,3,1,0,0,0,0,0,0,0,0,0,0,1,4,4,1,Envestida (frontal lateral),2,2,2,5,-1,2,0,15.15,1,2,4,18,1
17410,2019,0,2019-02-18,C-25,SANT HILARI SACALM,Selva,1,0,1,1,1,0,0,0,0,1,0,0,0,40.0,0.0,0,2,No n'hi ha,-1.0,3,3,1,0,0,0,0,0,0,0,0,0,0,1,4,4,0,Resta sortides de via,3,1,2,4,2,2,1,12.46,0,1,0,18,2
17411,2019,0,2019-11-22,C-32,ESPLUGUES DE LLOBREGAT,Baix Llobregat,3,0,1,0,2,0,0,0,1,1,0,0,0,80.0,0.0,0,3,Carril acceleració,-1.0,1,3,1,0,0,0,0,0,0,0,0,0,0,1,2,4,0,Encalç,3,1,2,4,2,2,1,7.26,0,2,4,22,11
17412,2019,0,2019-10-30,B-20,BARCELONA,Barcelones,3,0,1,0,2,0,0,0,1,1,0,0,0,100.0,0.0,1,-1,Carril acceleració,-1.0,3,3,1,0,0,0,0,0,0,0,0,0,0,0,4,-1,0,Encalç,-1,1,2,1,-1,2,1,11.2,0,2,2,30,10
17413,2019,1,2019-04-24,SE,SANT BOI DE LLOBREGAT,Baix Llobregat,3,0,1,0,2,0,0,0,1,1,0,0,0,40.0,0.0,0,-1,No n'hi ha,-1.0,3,3,1,-1,-1,0,0,-1,0,0,0,0,-1,0,4,-1,-1,Fregament o col·lisió lateral,-1,2,2,5,-1,2,1,14.13,1,2,2,24,4
17414,2019,1,2019-11-19,SE,PREMIA DE MAR,Maresme,3,0,1,1,4,2,0,0,0,2,0,0,0,100.0,0.0,0,2,No n'hi ha,-1.0,3,3,1,0,0,0,0,0,0,0,0,0,0,1,4,5,0,Atropellament,2,2,2,5,-1,2,1,16.5,1,3,1,19,11
17415,2019,0,2019-04-20,BV-2415,OLERDOLA,Alt Penedes,3,0,1,0,2,0,0,0,1,1,0,0,0,100.0,0.0,0,2,No n'hi ha,-1.0,3,3,1,0,0,0,0,0,0,0,0,0,0,1,4,4,1,Envestida (frontal lateral),1,1,2,4,3,2,0,12.05,0,2,5,20,4
17416,2019,1,2019-02-15,SE,SANTA PERPETUA DE MO,Valles Occidental,3,0,1,0,2,0,0,0,1,1,0,0,0,30.0,0.0,0,2,No n'hi ha,-1.0,3,3,1,0,0,0,0,0,0,0,0,0,0,0,4,-1,1,Encalç,-1,2,2,5,-1,2,0,16.5,1,2,4,15,2
17417,2019,0,2019-02-27,GI-682,TOSSA DE MAR,Selva,1,0,1,0,1,0,1,0,0,0,0,0,0,90.0,0.0,0,-1,Sense Especificar,-1.0,3,3,1,0,0,0,0,0,0,0,0,0,0,0,4,-1,-1,Resta sortides de via,-1,1,2,4,4,2,1,11.22,0,1,2,27,2
17418,2019,0,2019-04-02,C-25,SANT PERE SALLAVINER,Anoia,3,0,1,0,2,0,0,0,0,0,2,0,0,100.0,0.0,0,1,Carril acceleració,-1.0,3,3,1,0,0,0,0,0,0,0,0,0,0,0,4,-1,0,Resta sortides de via,-1,1,2,4,2,2,1,16.52,1,1,1,2,4
17419,2019,1,2019-04-16,SE,TORREDEMBARRA,Tarragones,0,0,1,0,2,0,1,0,0,1,0,0,0,100.0,0.0,0,2,No n'hi ha,-1.0,3,3,1,0,0,0,0,0,0,0,0,0,0,1,4,4,1,Fregament o col·lisió lateral,1,2,2,5,-1,2,1,9.0,0,2,1,16,4
17420,2019,0,2019-10-16,AP-7,GELIDA,Alt Penedes,3,0,1,0,4,0,0,0,0,1,3,0,0,100.0,0.0,0,2,No n'hi ha,-1.0,3,3,1,0,0,0,0,0,0,0,0,0,0,0,4,-1,0,Fregament o col·lisió lateral,-1,1,2,4,1,2,1,14.52,1,2,2,16,10
17421,2019,0,2019-07-06,C-17z,SANT QUIRZE DE BESORA,Osona,3,0,1,1,3,2,0,0,0,1,0,0,0,100.0,0.0,0,1,No n'hi ha,-1.0,3,3,1,0,0,0,0,0,0,0,0,0,0,0,4,-1,1,Atropellament,-1,1,2,4,0,2,0,16.38,1,3,5,6,7
17422,2019,0,2019-08-23,C-243C,CASTELLBISBAL,Valles Occidental,3,0,1,1,2,0,0,0,1,1,0,0,0,100.0,0.0,0,1,No n'hi ha,-1.0,3,3,1,0,0,0,0,0,0,0,0,0,0,2,4,5,1,Envestida (frontal lateral),1,1,2,4,2,2,1,11.07,0,2,4,23,8
17423,2019,1,2019-03-08,SE,OLOT,Garrotxa,1,0,1,0,2,1,0,0,0,1,0,0,0,100.0,0.0,0,2,No n'hi ha,-1.0,3,3,1,0,0,0,0,0,0,0,0,0,0,0,4,-1,0,Atropellament,-1,2,2,5,-1,2,0,17.52,1,3,4,8,3
17424,2019,0,2019-07-22,B-231,ESPARREGUERA,Baix Llobregat,3,0,1,1,2,0,0,0,1,1,0,0,0,50.0,0.0,0,2,No n'hi ha,-1.0,3,3,1,0,0,0,0,0,0,0,0,0,0,0,4,-1,1,Envestida (frontal lateral),-1,1,2,4,3,2,1,17.43,1,2,0,22,7
17425,2019,1,2019-10-03,GIV-5512,SANTA COLOMA DE FARNERS,Selva,1,0,1,0,2,0,1,0,0,1,0,0,0,100.0,0.0,0,2,No n'hi ha,-1.0,3,3,1,0,0,0,0,0,0,0,0,0,0,0,4,-1,1,Caiguda en la via,-1,0,2,4,0,2,1,11.1,0,0,3,3,10
17426,2019,1,2019-07-18,SE,ALGUAIRE,Segria,2,0,1,0,2,0,0,1,0,1,0,0,0,100.0,1.0,0,2,No n'hi ha,-1.0,3,3,1,0,0,0,0,0,0,0,0,0,0,2,4,4,1,Col·lisió frontal,1,2,2,5,-1,2,1,20.15,1,2,3,18,7
17427,2019,1,2019-05-01,SE,CABRERA DE MAR,Maresme,3,0,1,1,2,0,0,0,1,1,0,0,0,30.0,0.0,0,-1,No n'hi ha,-1.0,3,3,1,-1,-1,0,0,-1,0,0,0,0,-1,1,4,4,-1,Envestida (frontal lateral),1,2,2,5,-1,2,1,12.31,0,2,2,1,5
17428,2019,0,2019-11-16,AP-7,SANTA PERPETUA DE MO,Valles Occidental,3,1,0,0,2,0,0,0,1,0,1,0,0,100.0,0.0,0,-1,No n'hi ha,-1.0,3,3,0,0,0,0,0,0,0,0,0,0,0,0,4,-1,-1,Encalç,-1,1,2,4,-1,2,0,9.01,0,2,5,16,11
17429,2019,1,2019-04-18,SE,BARCELONA,Barcelones,3,0,1,1,2,0,0,0,1,1,0,0,0,100.0,0.0,1,-1,Carril bus,-1.0,3,3,1,0,0,0,0,0,0,0,0,0,0,1,0,-1,0,Envestida (frontal lateral),2,2,2,5,-1,2,1,1.0,2,2,3,18,4
17430,2019,1,2019-04-15,SE,CANOVELLES,Valles Oriental,3,0,1,0,2,0,0,1,0,1,0,0,0,20.0,0.0,0,-1,No n'hi ha,-1.0,3,3,1,0,0,0,0,0,0,0,0,0,0,1,4,4,-1,Envestida (frontal lateral),1,2,2,5,-1,2,1,13.02,0,2,0,15,4
17431,2019,0,2019-05-26,L-401,COLL DE NARGO,Alt Urgell,2,0,1,0,1,0,1,0,0,0,0,0,0,100.0,0.0,0,1,No n'hi ha,-1.0,3,3,1,0,0,0,0,0,0,0,0,0,0,0,4,-1,1,Altres,-1,1,2,4,3,2,0,9.38,0,5,6,26,5
17432,2019,1,2019-10-07,SE,GIRONA,Girones,1,0,1,0,2,0,0,0,1,1,0,0,0,100.0,0.0,0,2,No n'hi ha,-1.0,3,3,1,0,0,0,0,0,0,0,0,0,0,0,5,-1,1,Encalç,-1,2,2,5,-1,2,1,19.43,1,2,0,7,10
17433,2019,1,2019-02-13,SE,LLEIDA,Segria,2,0,1,0,2,1,0,0,0,1,0,0,0,20.0,0.0,0,-1,No n'hi ha,-1.0,3,3,1,-1,0,0,0,-1,0,0,0,0,-1,0,5,-1,1,Atropellament,-1,2,2,5,-1,2,1,20.25,1,3,2,13,2
17434,2019,1,2019-01-21,SE,BARCELONA,Barcelones,3,0,1,1,2,0,0,1,1,0,0,0,0,100.0,0.0,1,-1,No n'hi ha,-1.0,3,3,1,0,0,0,0,0,0,0,0,0,0,1,0,-1,0,Envestida (frontal lateral),1,2,2,5,-1,2,1,18.1,1,2,0,21,1
17435,2019,0,2019-04-02,C-59,SANT QUIRZE SAFAJA,Moianès,3,0,1,0,2,0,0,0,1,1,0,0,0,100.0,0.0,0,1,No n'hi ha,-1.0,3,3,1,0,0,0,0,0,0,0,0,0,0,0,4,-1,1,Encalç,-1,1,2,4,2,2,1,7.2,0,2,1,2,4
17436,2019,0,2019-02-22,AP-7,VANDELLOS I L'HOSPITALET DE L'INFANT,Baix Camp,0,0,1,3,6,0,0,0,0,3,2,1,0,100.0,0.0,0,2,No n'hi ha,-1.0,3,3,1,0,0,0,0,0,0,0,0,0,0,0,4,-1,1,Encalç,-1,1,2,4,1,2,0,16.04,1,2,4,22,2
17437,2019,0,2019-12-05,C-242,ARBOLI,Baix Camp,0,0,1,0,2,0,0,0,0,2,0,0,0,100.0,0.0,0,1,No n'hi ha,-1.0,1,3,1,0,0,0,0,0,0,0,0,0,0,0,2,-1,1,Col·lisió frontal,-1,1,2,4,2,2,1,8.45,0,2,3,5,12
17438,2019,1,2019-03-05,SE,BARCELONA,Barcelones,3,0,1,0,1,0,0,0,1,0,0,0,0,100.0,0.0,1,-1,No n'hi ha,-1.0,3,3,1,0,0,0,0,0,0,0,0,0,0,0,0,-1,0,Xoc contra objecte/obstacle sense sortida prèvia de via,-1,2,2,5,-1,2,1,22.3,2,4,1,5,3
17439,2019,1,2019-04-04,SE,BARCELONA,Barcelones,3,0,1,1,2,1,0,0,1,0,0,0,0,100.0,0.0,1,-1,No n'hi ha,-1.0,3,3,1,0,0,0,0,0,0,0,0,0,0,1,4,-1,0,Atropellament,2,2,2,5,-1,2,1,15.12,1,3,3,4,4
17440,2019,1,2019-11-27,SE,SABADELL,Valles Occidental,3,0,1,0,2,1,0,0,0,1,0,0,0,100.0,0.0,0,-1,No n'hi ha,-1.0,3,3,1,0,0,0,0,0,0,0,0,0,0,0,4,-1,-1,Atropellament,-1,2,2,5,-1,2,1,20.35,1,3,2,27,11
17441,2019,1,2019-05-15,SE,CORNELLA DE LLOBREGAT,Baix Llobregat,3,0,1,0,2,0,0,0,1,1,0,0,0,20.0,0.0,0,-1,No n'hi ha,-1.0,3,3,1,-1,0,0,0,-1,0,0,0,0,0,1,4,5,0,Envestida (frontal lateral),0,2,2,5,-1,2,1,19.5,1,2,2,15,5
17442,2019,1,2019-10-18,SE,MONTORNES DEL VALLES,Valles Oriental,3,0,1,0,1,0,0,0,0,1,0,0,0,20.0,1.0,0,2,No n'hi ha,-1.0,3,3,1,0,0,0,0,0,0,0,0,0,0,0,2,-1,0,Xoc contra objecte/obstacle sense sortida prèvia de via,-1,2,2,5,-1,2,1,11.15,0,4,4,18,10
17443,2019,1,2019-11-21,SE,CASTELLDEFELS,Baix Llobregat,3,0,1,0,2,1,0,0,0,1,0,0,0,40.0,0.0,0,2,No n'hi ha,-1.0,3,3,1,0,0,0,0,0,0,0,0,0,0,0,4,-1,1,Atropellament,-1,2,2,5,-1,2,1,10.57,0,3,3,21,11
17444,2019,1,2019-05-02,SE,GUALTA,Baix Emporda,1,0,1,0,1,0,1,0,0,0,0,0,0,20.0,0.0,0,-1,Sense Especificar,-1.0,3,3,1,0,0,0,0,0,0,0,0,0,0,0,4,-1,-1,Resta sortides de via,-1,2,2,5,-1,2,1,10.32,0,1,3,2,5
17445,2019,1,2019-03-22,SE,CABRERA DE MAR,Maresme,3,0,1,0,2,0,0,0,1,1,0,0,0,20.0,0.0,0,-1,No n'hi ha,-1.0,3,3,1,-1,-1,0,0,-1,0,0,0,0,0,1,4,4,-1,Envestida (frontal lateral),2,2,2,5,-1,2,1,10.1,0,2,4,22,3
17446,2019,0,2019-05-19,C-58,TERRASSA,Valles Occidental,3,0,1,3,2,0,0,0,0,2,0,0,0,60.0,0.0,0,1,No n'hi ha,-1.0,1,3,1,0,0,0,0,0,0,0,0,0,0,1,2,2,1,Col·lisió frontal,1,1,2,4,2,2,0,15.31,1,2,6,19,5
17447,2019,0,2019-08-14,C-16,BERGA,Bergueda,3,0,2,1,4,0,0,0,0,4,0,0,0,80.0,0.0,0,1,Carril acceleració,-1.0,3,3,1,0,0,0,0,0,0,0,0,0,0,0,4,-1,1,Col·lisió frontal,-1,1,2,4,2,2,1,14.42,1,2,2,14,8
17448,2019,1,2019-10-13,SE,"POBLA DE SEGUR, LA",Pallars Jussa,2,0,1,0,2,1,0,0,0,1,0,0,0,100.0,0.0,0,1,No n'hi ha,-1.0,3,3,1,0,0,0,0,0,0,0,0,0,0,0,4,-1,1,Atropellament,-1,2,2,5,-1,2,0,8.4,0,3,6,13,10
17449,2019,0,2019-07-27,GI-664,"CRUILLES, MONELLS I SANT SADURNI DE L'HE",Baix Emporda,1,0,1,0,1,0,0,0,1,0,0,0,0,90.0,0.0,0,-1,Sense Especificar,-1.0,3,3,1,0,0,0,0,0,0,0,0,0,0,0,4,-1,-1,Resta sortides de via,-1,1,2,4,4,2,0,17.13,1,1,5,27,7
17450,2019,0,2019-02-05,C-58,TERRASSA,Valles Occidental,3,0,1,1,3,0,0,0,0,3,0,0,0,100.0,0.0,0,1,No n'hi ha,-1.0,3,3,1,0,0,0,0,0,0,0,0,0,0,0,4,-1,1,Col·lisió frontal,-1,1,2,4,2,2,1,7.39,0,2,1,5,2
17451,2019,0,2019-04-23,A-2,CASTELLOLI,Anoia,3,1,0,0,1,0,0,0,1,0,0,0,0,80.0,0.0,0,3,No n'hi ha,0.0,3,3,0,0,0,0,0,0,0,0,0,0,0,0,4,-1,0,Resta sortides de via,-1,1,2,4,1,2,1,14.55,1,1,1,23,4
17452,2019,1,2019-10-19,SE,GIRONA,Girones,1,0,1,0,2,1,0,0,0,1,0,0,0,30.0,0.0,0,2,No n'hi ha,0.0,3,3,1,0,0,0,0,0,0,0,0,0,0,0,4,-1,1,Atropellament,-1,2,2,5,-1,2,0,18.05,1,3,5,19,10
17453,2019,1,2019-07-26,SE,BARCELONA,Barcelones,3,0,1,0,2,0,0,0,1,0,1,0,0,100.0,0.0,1,-1,Carril bici,-1.0,3,3,1,0,0,0,0,0,0,0,0,0,0,1,0,-1,0,Caiguda en la via,2,2,2,5,-1,2,1,2.0,2,0,4,26,7
17454,2019,1,2019-01-07,SE,BARCELONA,Barcelones,3,0,1,0,2,1,0,0,0,0,0,1,0,100.0,0.0,1,-1,Altres,-1.0,3,3,1,0,0,0,0,0,0,0,0,0,0,0,4,-1,0,Atropellament,-1,2,2,5,-1,2,1,10.37,0,3,0,7,1
17455,2019,1,2019-05-24,GI-682,LLORET DE MAR,Selva,1,0,1,0,3,1,0,0,0,2,0,0,0,40.0,0.0,0,2,No n'hi ha,-1.0,1,3,1,0,0,0,0,0,0,0,0,0,0,0,4,-1,1,Atropellament,-1,0,2,4,-1,2,0,18.43,1,3,4,24,5
17456,2019,0,2019-08-10,B-10,SANT ADRIA DE BESOS,Barcelones,3,1,0,1,2,0,0,0,1,1,0,0,0,80.0,0.0,0,1,No n'hi ha,-1.0,3,3,0,0,0,0,0,0,0,0,0,0,0,0,4,-1,1,Encalç,-1,1,2,4,3,2,0,19.22,1,2,5,10,8
17457,2019,1,2019-07-29,SE,ROSES,Alt Emporda,1,0,1,0,2,0,0,0,1,1,0,0,0,40.0,0.0,0,-1,No n'hi ha,-1.0,3,3,1,-1,0,0,0,-1,0,0,0,0,0,1,4,4,1,Envestida (frontal lateral),1,2,2,5,-1,2,1,11.0,0,2,0,29,7
17458,2019,1,2019-04-13,SE,MONTCADA I REIXAC,Valles Occidental,3,0,1,0,2,1,0,0,0,1,0,0,0,20.0,0.0,0,-1,No n'hi ha,-1.0,3,3,1,-1,0,0,0,-1,0,0,0,0,1,0,4,-1,1,Atropellament,-1,2,2,5,-1,2,0,18.35,1,3,5,13,4
17459,2019,0,2019-10-03,GI-524,SANTA PAU,Garrotxa,1,1,0,0,3,0,2,0,0,1,0,0,0,100.0,0.0,0,2,No n'hi ha,-1.0,3,3,0,0,0,0,0,0,0,0,0,0,0,0,4,-1,1,Fregament o col·lisió lateral,-1,1,2,4,2,2,1,11.59,0,2,3,3,10
17460,2019,1,2019-09-29,SE,RUBI,Valles Occidental,3,0,1,0,2,0,0,1,0,1,0,0,0,100.0,0.0,0,2,No n'hi ha,-1.0,3,3,1,0,0,0,0,0,0,0,0,0,0,1,5,4,0,Altres,2,2,2,5,-1,2,0,3.0,2,5,6,29,9
17461,2019,0,2019-06-27,C-43,"PINELL DE BRAI, EL",Terra Alta,0,1,0,0,1,0,0,0,0,0,1,0,0,100.0,0.0,0,3,No n'hi ha,-1.0,3,3,0,0,0,0,0,0,0,0,0,0,0,0,4,-1,1,Resta sortides de via,-1,1,2,4,2,2,1,11.15,0,1,3,27,6
17462,2019,0,2019-11-04,TP-2031,VILABELLA,Alt Camp,0,0,1,0,2,0,0,0,1,1,0,0,0,100.0,0.0,0,1,No n'hi ha,-1.0,3,3,1,0,0,0,0,0,0,0,0,0,0,0,4,-1,1,Encalç,-1,1,2,4,3,2,1,17.4,1,2,0,4,11