,Year,Area,Date,Road,Municipality Name,County Name,Province Name,Fatalties,Serious Injuries,Light Injuries,Units Involved,Pedestrains Involved,Bicycles Involved,Mopeds Involved,Motorcycles,Light Vehicles Involved,Heavy Vehicles Involved,Other Units Involved,Unspecified Units Involved,Road Speed Limit,Accident with Hit and Run,Fog Presence,Surrounding Environment,Special Lane Presence,Special Traffic Measures,Weather Conditions,Special Road Functions,Severity of Accident,Influence of Fog,Influence of Environment,Influence of Traffic,Influence of Weather,Influence of Wind Intensity,Influence of Lighting,Influence of Special Measures,Influence of Road Objects,Influence of Road Surface,Influence of Visibility,Intersection Characteristics,Lighting Conditions,Traffic Regulation and Priority,Direction of Road,Subtype of Accident,Subtype of Road Section,Subzone within Area,Road Surface Conditions,Type of Road,Road Ownership,Wind Conditions,Day of the Week Grouping,Hour of Day,Time of Day Grouping,Type of Accident,Day Type,Day,Month
17463,2019,0,2019-02-03,N-340,"AMPOLLA, L'",Baix Ebre,0,1,2,0,2,0,0,0,0,2,0,0,0,100.0,0.0,0,2,No n'hi ha,-1.0,3,3,0,0,0,0,0,0,0,0,0,0,0,0,4,-1,1,Col·lisió frontal,-1,1,2,4,1,2,0,14.37,1,2,6,3,2
17464,2019,0,2019-10-12,C-14,"RIBA, LA",Alt Camp,0,0,5,4,3,0,0,0,0,3,0,0,0,100.0,0.0,0,2,No n'hi ha,-1.0,3,3,1,0,0,0,0,0,0,0,0,0,0,0,1,-1,1,Col·lisió frontal,-1,1,2,4,2,2,0,18.28,1,2,5,12,10
17465,2019,1,2019-04-05,SE,TERRASSA,Valles Occidental,3,0,1,0,1,0,0,0,0,0,1,0,0,100.0,0.0,0,3,No n'hi ha,-1.0,3,3,1,0,0,0,0,0,0,0,0,0,0,1,4,5,1,Altres,1,2,2,5,-1,2,0,15.48,1,5,4,5,4
17466,2019,1,2019-09-29,TV-3146,SALOU,Tarragones,0,0,1,0,1,0,0,0,1,0,0,0,0,100.0,0.0,0,2,No n'hi ha,-1.0,3,3,1,0,0,0,0,0,0,0,0,0,0,2,5,4,1,Caiguda en la via,0,0,2,4,0,2,0,4.04,2,0,6,29,9
17467,2019,0,2019-10-18,AP-7,MASDENVERGE,Montsia,0,0,2,10,4,0,0,0,0,3,1,0,0,100.0,0.0,0,2,No n'hi ha,-1.0,3,3,1,0,0,0,0,0,1,0,0,0,0,0,3,-1,0,Altres,-1,1,2,4,1,2,1,1.44,2,5,4,18,10
17468,2019,0,2019-10-21,BV-1001,VECIANA,Anoia,3,0,1,0,1,0,0,0,0,0,0,1,0,90.0,0.0,0,-1,Sense Especificar,-1.0,3,3,1,0,0,0,0,0,0,0,0,0,0,0,4,-1,-1,Resta sortides de via,-1,1,2,4,4,2,1,11.05,0,1,0,21,10
17469,2019,0,2019-08-17,C-17,"MASIES DE VOLTREGA,LES",Osona,3,0,1,0,2,0,2,0,0,0,0,0,0,90.0,0.0,0,-1,Sense Especificar,-1.0,3,3,1,0,0,0,0,0,0,0,0,0,0,1,4,4,1,Encalç,0,1,2,4,3,2,0,8.41,0,2,5,17,8
17470,2019,1,2019-11-09,SE,MANRESA,Bages,3,0,1,0,3,1,0,0,0,2,0,0,0,100.0,0.0,0,2,No n'hi ha,-1.0,3,3,1,0,0,0,0,0,0,0,0,0,0,1,4,3,1,Atropellament,2,2,2,5,-1,2,0,13.1,0,3,5,9,11
17471,2019,1,2019-11-07,SE,BARCELONA,Barcelones,3,0,1,0,2,1,0,0,0,0,1,0,0,100.0,0.0,1,-1,No n'hi ha,-1.0,3,3,1,0,0,0,0,0,0,0,0,0,0,1,0,-1,1,Atropellament,2,2,2,5,-1,2,1,22.12,2,3,3,7,11
17472,2019,0,2019-06-21,L-702,ARTESA DE LLEIDA,Segria,2,0,1,1,2,0,0,0,0,2,0,0,0,70.0,0.0,0,2,No n'hi ha,-1.0,3,3,1,0,0,0,0,0,0,0,0,0,0,1,4,4,1,Envestida (frontal lateral),0,1,2,4,2,2,0,15.07,1,2,4,21,6
17473,2019,1,2019-01-22,SE,REUS,Baix Camp,0,0,1,0,2,0,1,0,1,0,0,0,0,100.0,0.0,0,2,No n'hi ha,-1.0,3,3,1,0,0,0,0,0,0,0,0,0,0,1,4,-1,0,Fregament o col·lisió lateral,1,2,1,5,-1,2,1,14.25,1,2,1,22,1
17474,2019,1,2019-09-27,SE,BARCELONA,Barcelones,3,0,1,1,2,1,0,1,0,0,0,0,0,100.0,0.0,1,-1,Carril bici,-1.0,3,3,1,0,0,0,0,0,0,0,0,0,1,1,0,-1,1,Atropellament,2,2,2,5,-1,2,0,23.05,2,3,4,27,9
17475,2019,1,2019-12-10,SE,ARBUCIES,Selva,1,0,3,0,4,3,0,0,0,1,0,0,0,100.0,0.0,0,2,No n'hi ha,-1.0,3,3,1,0,0,0,0,0,0,0,0,0,0,0,4,-1,0,Atropellament,-1,2,2,5,2,2,1,9.13,0,3,1,10,12
17476,2019,1,2019-03-25,SE,VILADEMULS,Pla de l'Estany,1,0,1,0,1,0,1,0,0,0,0,0,0,20.0,0.0,0,-1,Sense Especificar,-1.0,3,3,1,0,0,0,0,0,0,0,0,0,0,0,4,-1,-1,Altres,-1,2,2,5,-1,2,1,12.54,0,5,0,25,3
17477,2019,0,2019-10-20,C-14,BASSELLA,Alt Urgell,2,2,2,4,4,0,0,0,0,4,0,0,0,100.0,0.0,0,3,No n'hi ha,-1.0,1,3,0,0,0,0,0,0,0,0,0,0,0,0,2,-1,1,Col·lisió frontal,-1,1,2,4,2,2,0,11.06,0,2,6,20,10
17478,2019,0,2019-12-16,N-II,PONT DE MOLINS,Alt Emporda,1,0,1,0,1,0,0,0,0,1,0,0,0,90.0,0.0,0,-1,Sense Especificar,-1.0,3,3,1,0,0,0,0,0,0,0,0,0,0,0,4,-1,-1,Resta sortides de via,-1,1,2,4,4,2,1,23.46,2,1,0,16,12
17479,2019,0,2019-08-10,C-462,NAVES,Solsones,2,0,2,0,2,0,0,0,2,0,0,0,0,30.0,0.0,0,1,No n'hi ha,-1.0,3,3,1,0,0,0,0,0,0,0,0,0,0,0,4,-1,1,Col·lisió frontal,-1,1,2,4,4,2,0,13.23,0,2,5,10,8
17480,2019,1,2019-11-20,SE,SANT ANFREU DE LA BARCA,Baix Llobregat,3,0,1,0,2,0,0,0,1,1,0,0,0,30.0,0.0,0,2,No n'hi ha,-1.0,3,3,1,0,0,0,0,0,0,0,0,0,0,0,4,-1,1,Envestida (frontal lateral),-1,2,2,5,-1,2,1,12.3,0,2,2,20,11
17481,2019,1,2019-05-05,SE,BARCELONA,Barcelones,3,0,1,0,2,0,0,0,1,1,0,0,0,100.0,0.0,1,-1,No n'hi ha,-1.0,3,3,1,0,0,0,0,0,0,0,0,0,0,1,0,-1,1,Col·lisió frontal,2,2,2,5,-1,2,0,3.3,2,2,6,5,5
17482,2019,1,2019-04-13,SE,HOSPITALET DE LLOBREGAT,Barcelones,3,0,1,2,2,0,0,0,1,0,0,1,0,20.0,0.0,0,-1,No n'hi ha,-1.0,3,3,1,0,-1,0,0,0,0,0,0,0,0,1,4,3,-1,Envestida (frontal lateral),2,2,2,5,-1,2,0,16.39,1,2,5,13,4
17483,2019,0,2019-04-21,C-244,SANT QUINTI DE MEDIO,Alt Penedes,3,0,1,0,1,0,0,0,1,0,0,0,0,90.0,0.0,0,-1,Sense Especificar,-1.0,3,3,1,0,0,0,0,0,0,0,0,0,0,0,4,-1,-1,Altres,-1,1,2,4,4,2,0,20.44,1,5,6,21,4
17484,2019,1,2019-09-24,SE,LLORET DE MAR,Selva,1,0,1,1,3,0,0,0,2,1,0,0,0,100.0,0.0,0,2,No n'hi ha,-1.0,3,3,1,0,0,0,0,0,0,0,0,0,0,0,4,-1,0,Envestida (frontal lateral),-1,2,2,5,-1,2,1,18.2,1,2,1,24,9
17485,2019,0,2019-01-19,C-51,VILA-RODONA,Alt Camp,0,0,1,0,2,0,0,0,1,1,0,0,0,100.0,0.0,0,2,No n'hi ha,-1.0,3,3,1,0,0,0,0,0,0,0,0,0,0,0,4,-1,1,Envestida (frontal lateral),-1,1,2,4,2,2,0,13.27,0,2,5,19,1
17486,2019,0,2019-09-08,N-II,LLEIDA,Segria,2,0,2,0,2,0,0,0,0,2,0,0,0,70.0,0.0,0,2,No n'hi ha,-1.0,3,3,1,0,0,0,0,0,0,0,0,0,0,0,3,-1,1,Col·lisió frontal,-1,1,2,4,2,2,0,5.56,2,2,6,8,9
17487,2019,1,2019-04-23,SE,SABADELL,Valles Occidental,3,0,1,0,2,1,0,0,0,1,0,0,0,100.0,0.0,0,2,No n'hi ha,-1.0,3,3,1,0,0,0,0,0,0,0,0,0,0,1,4,3,0,Atropellament,1,2,2,5,-1,2,1,15.4,1,3,1,23,4
17488,2019,0,2019-04-02,C-59,SANTA PERPETUA DE MO,Valles Occidental,3,0,1,0,3,0,0,0,1,2,0,0,0,80.0,0.0,0,1,No n'hi ha,-1.0,3,3,1,0,0,0,0,0,0,0,0,0,0,2,4,5,0,Fregament o col·lisió lateral,3,1,2,4,2,2,1,8.51,0,2,1,2,4
17489,2019,1,2019-07-26,SE,OLOT,Garrotxa,1,0,1,0,2,0,0,1,0,1,0,0,0,100.0,0.0,0,3,Carril central,-1.0,3,3,1,0,0,0,0,0,0,0,0,0,0,1,4,4,1,Fregament o col·lisió lateral,1,2,2,5,-1,2,1,11.0,0,2,4,26,7
17490,2019,0,2019-06-24,N-II,TORDERA,Maresme,3,0,1,4,2,0,0,0,1,1,0,0,0,100.0,0.0,0,2,Carril lent,-1.0,3,3,1,0,0,0,0,0,0,0,0,0,0,0,3,-1,1,Envestida (frontal lateral),-1,1,2,4,1,2,1,22.19,2,2,0,24,6
17491,2019,0,2019-10-30,C-16,MANRESA,Bages,3,1,1,0,2,0,0,0,0,2,0,0,0,100.0,0.0,0,1,Carril acceleració,-1.0,3,3,0,0,0,0,0,0,0,0,0,0,0,0,1,-1,0,Col·lisió frontal,-1,1,2,4,2,2,1,18.2,1,2,2,30,10
17492,2019,0,2019-06-05,N-340,"VENDRELL, EL",Baix Penedes,0,0,1,0,1,0,0,0,0,1,0,0,0,90.0,0.0,0,2,Carril d'alentiment,-1.0,3,3,1,0,0,0,0,0,0,0,0,0,0,0,4,-1,1,Resta sortides de via,-1,1,2,4,1,2,1,19.04,1,1,2,5,6
17493,2019,1,2019-05-16,SE,TARRAGONA,Tarragones,0,0,1,0,2,0,0,0,1,1,0,0,0,100.0,0.0,0,3,No n'hi ha,-1.0,3,3,1,0,0,0,0,0,0,0,0,0,0,2,4,-1,1,Envestida (frontal lateral),0,2,2,5,-1,2,1,7.4,0,2,3,16,5
17494,2019,0,2019-07-20,C-1412b,ARTESA DE SEGRE,Noguera,2,1,0,0,1,0,0,0,0,1,0,0,0,100.0,0.0,0,1,No n'hi ha,-1.0,3,3,0,0,0,0,0,0,0,0,0,0,0,0,3,-1,1,Resta sortides de via,-1,1,2,4,3,2,0,7.15,0,1,5,20,7
17495,2019,1,2019-05-10,SE,VILASSAR DE MAR,Maresme,3,0,1,0,2,0,1,0,0,0,1,0,0,100.0,0.0,0,2,No n'hi ha,-1.0,3,3,1,0,0,0,0,0,0,0,0,0,1,1,4,4,1,Envestida (frontal lateral),1,2,2,5,-1,2,1,7.45,0,2,4,10,5
17496,2019,0,2019-07-06,N-II,VILAGRASSA,Urgell,2,0,1,0,3,0,0,0,1,2,0,0,0,80.0,0.0,0,2,Carril central,-1.0,3,3,1,0,0,0,0,0,0,0,0,0,0,1,0,4,1,Envestida (frontal lateral),3,1,2,4,1,2,0,22.34,2,2,5,6,7
17497,2019,0,2019-04-29,N-II,MACANET DE LA SELVA,Selva,1,2,0,0,2,0,0,0,0,1,1,0,0,100.0,0.0,0,1,No n'hi ha,-1.0,3,3,0,0,0,0,0,0,0,0,0,0,0,0,4,-1,1,Col·lisió frontal,-1,1,2,4,1,2,1,15.34,1,2,0,29,4
17498,2019,0,2019-07-29,A-2,GRANYANELLA,Segarra,2,0,1,2,2,0,0,0,0,1,1,0,0,100.0,0.0,0,2,No n'hi ha,-1.0,3,3,1,0,0,0,0,0,0,0,0,0,0,0,4,-1,0,Envestida (frontal lateral),-1,1,2,4,1,2,1,6.2,0,2,0,29,7
17499,2019,1,2019-03-14,SE,BARCELONA,Barcelones,3,0,2,0,3,0,0,1,0,2,0,0,0,100.0,0.0,1,-1,No n'hi ha,-1.0,3,3,1,0,0,0,0,0,0,0,0,0,0,0,4,-1,1,Fregament o col·lisió lateral,-1,2,2,5,-1,2,1,17.45,1,2,3,14,3
17500,2019,0,2019-07-30,C-35,GUALBA,Valles Oriental,3,0,1,2,2,0,0,0,0,2,0,0,0,100.0,0.0,0,1,No n'hi ha,-1.0,3,3,1,0,0,0,0,0,0,0,0,0,0,0,4,-1,1,Col·lisió frontal,-1,1,2,4,2,2,1,11.16,0,2,1,30,7
17501,2019,1,2019-09-23,SE,BELANYA,Osona,3,0,1,0,1,0,1,0,0,0,0,0,0,20.0,0.0,0,-1,Sense Especificar,-1.0,3,3,1,0,0,0,0,0,0,0,0,0,0,2,4,5,-1,Altres,0,2,2,5,-1,2,1,16.05,1,5,0,23,9
17502,2019,0,2019-02-23,GI-504,TERRADES,Alt Emporda,1,0,1,0,1,0,0,0,0,1,0,0,0,90.0,0.0,0,-1,Sense Especificar,-1.0,3,3,1,0,0,0,0,0,0,0,0,0,0,0,4,-1,-1,Resta sortides de via,-1,1,2,4,4,2,0,20.0,1,1,5,23,2
17503,2019,1,2019-09-02,SE,BARCELONA,Barcelones,3,0,1,0,3,0,0,0,2,1,0,0,0,100.0,0.0,1,-1,Carril bici,-1.0,3,3,1,0,0,0,0,0,0,0,0,0,0,1,4,-1,0,Envestida (frontal lateral),1,2,2,5,-1,2,1,14.2,1,2,0,2,9
17504,2019,1,2019-01-28,SE,SANT JOAN DE VILATOR,Bages,3,0,1,0,2,1,0,0,0,1,0,0,0,20.0,0.0,0,-1,No n'hi ha,-1.0,3,3,1,-1,0,0,0,-1,0,0,0,0,0,1,4,2,0,Atropellament,2,2,2,5,0,2,1,17.05,1,3,0,28,1
17505,2019,1,2019-09-18,SE,VILANOVA I LA GELTRU,Garraf,3,0,1,0,2,0,0,0,1,1,0,0,0,100.0,0.0,0,-1,No n'hi ha,-1.0,3,3,1,0,0,0,0,0,0,0,0,0,0,0,4,-1,-1,Altres,-1,2,2,5,-1,2,1,10.15,0,5,2,18,9
17506,2019,1,2019-02-28,SE,TARRAGONA,Tarragones,0,0,1,0,1,0,0,0,1,0,0,0,0,100.0,0.0,0,2,No n'hi ha,-1.0,3,3,1,0,0,0,0,0,0,0,0,0,0,0,5,-1,1,Caiguda en la via,-1,2,2,5,0,2,1,23.15,2,0,3,28,2
17507,2019,1,2019-03-30,BV-2003,MONTCADA I REIXAC,Valles Occidental,3,0,1,0,2,1,0,0,0,1,0,0,0,90.0,0.0,0,-1,No n'hi ha,-1.0,3,3,1,-1,0,0,0,-1,0,0,0,0,-1,0,4,-1,0,Atropellament,-1,0,2,4,-1,2,0,12.35,0,3,5,30,3
17508,2019,1,2019-10-25,SE,SANT BOI DE LLOBREGAT,Baix Llobregat,3,0,1,0,2,1,0,0,0,1,0,0,0,30.0,0.0,0,-1,No n'hi ha,-1.0,3,3,1,0,-1,0,0,0,0,0,0,0,0,1,4,2,-1,Atropellament,1,2,2,5,-1,2,1,11.5,0,3,4,25,10
17509,2019,0,2019-11-04,C-12,XERTA,Baix Ebre,0,0,1,3,3,0,0,0,0,2,1,0,0,100.0,0.0,0,1,No n'hi ha,-1.0,3,3,1,0,0,0,0,0,0,0,0,0,0,0,4,-1,1,Col·lisió frontal,-1,1,2,4,2,2,1,12.55,0,2,0,4,11
17510,2019,0,2019-04-21,BV-4608,SANT BOI DE LLUCANES,Osona,3,0,1,0,2,0,1,0,0,1,0,0,0,90.0,0.0,0,-1,Sense Especificar,-1.0,3,3,1,0,0,0,0,0,0,0,0,0,0,0,4,-1,-1,Fregament o col·lisió lateral,-1,1,2,4,4,2,0,10.55,0,2,6,21,4
17511,2019,0,2019-09-11,AP-7,GRANOLLERS,Valles Oriental,3,0,1,0,1,0,0,0,1,0,0,0,0,90.0,0.0,0,-1,Sense Especificar,-1.0,3,3,1,0,0,0,0,0,0,0,0,0,0,0,4,-1,-1,Altres,-1,1,2,4,4,2,1,13.11,0,5,2,11,9
17512,2019,1,2019-11-18,SE,CERDANYOLA DEL VALLES,Valles Occidental,3,0,1,0,2,0,0,0,1,1,0,0,0,100.0,0.0,0,2,No n'hi ha,-1.0,3,3,1,0,0,0,0,0,0,0,0,0,0,1,5,4,0,Fregament o col·lisió lateral,0,2,2,5,-1,2,1,18.3,1,2,0,18,11
17513,2019,0,2019-10-28,C-35,SANT CELONI,Valles Oriental,3,0,1,0,2,1,0,0,0,1,0,0,0,30.0,0.0,0,0,No n'hi ha,0.0,3,3,1,0,0,0,0,0,0,0,0,0,0,0,1,-1,1,Atropellament,-1,1,2,4,2,2,1,18.16,1,3,0,28,10
17514,2019,0,2019-04-02,A-2,CERVERA,Segarra,2,0,1,1,1,0,0,0,0,1,0,0,0,90.0,0.0,0,-1,Sense Especificar,-1.0,3,3,1,0,0,0,0,0,0,0,0,0,0,0,4,-1,-1,Resta sortides de via,-1,1,2,4,4,2,1,13.07,0,1,1,2,4
17515,2019,1,2019-01-17,SE,VIC,Osona,3,0,1,0,2,1,0,0,0,1,0,0,0,100.0,0.0,0,2,No n'hi ha,-1.0,1,3,1,0,0,0,0,0,0,0,0,0,0,0,5,-1,1,Atropellament,-1,2,2,5,-1,2,1,18.0,1,3,3,17,1
17516,2019,0,2019-05-12,C-462,NAVES,Solsones,2,0,1,0,3,0,0,0,2,1,0,0,0,30.0,0.0,0,3,No n'hi ha,-1.0,3,3,1,0,0,0,0,0,0,0,0,0,0,0,4,-1,1,Altres,-1,1,2,4,2,2,0,11.09,0,5,6,12,5
17517,2019,0,2019-11-14,N-340,MONT-ROIG DEL CAMP,Baix Camp,0,1,0,0,1,0,0,0,0,1,0,0,0,70.0,0.0,0,2,No n'hi ha,-1.0,3,3,0,0,0,0,0,0,0,0,0,0,0,0,3,-1,1,Resta sortides de via,-1,1,2,4,1,2,1,2.06,2,1,3,14,11
17518,2019,0,2019-09-12,GI-503,MACANET DE CABRENYS,Alt Emporda,1,0,1,0,1,0,0,0,0,1,0,0,0,90.0,0.0,0,-1,Sense Especificar,-1.0,3,3,1,0,0,0,0,0,0,0,0,0,0,0,4,-1,-1,Resta sortides de via,-1,1,2,4,4,2,1,18.16,1,1,3,12,9
17519,2019,0,2019-12-22,BV-5114,CAMPINS,Valles Oriental,3,0,1,0,1,0,0,0,1,0,0,0,0,90.0,0.0,0,-1,Sense Especificar,-1.0,3,3,1,0,0,0,0,0,0,0,0,0,0,0,4,-1,-1,Resta sortides de via,-1,1,2,4,4,2,0,14.06,1,1,6,22,12
17520,2019,1,2019-05-10,SE,IGUALADA,Anoia,3,0,1,0,2,0,0,0,1,1,0,0,0,50.0,0.0,0,-1,No n'hi ha,-1.0,3,3,1,-1,0,0,0,-1,0,0,0,0,-1,1,5,3,1,Envestida (frontal lateral),2,2,2,5,0,2,0,21.22,1,2,4,10,5
17521,2019,0,2019-10-18,C-32,VILADECANS,Baix Llobregat,3,0,1,0,1,0,0,0,1,0,0,0,0,40.0,0.0,0,3,No n'hi ha,-1.0,3,3,1,0,0,0,0,0,0,0,0,0,0,0,4,-1,0,Xoc contra objecte/obstacle sense sortida prèvia de via,-1,1,2,4,2,2,1,13.49,0,4,4,18,10
17522,2019,0,2019-11-30,N-II,SANT ANDREU DE LLAVANERES,Maresme,3,1,1,1,3,0,0,1,0,2,0,0,0,100.0,0.0,0,2,No n'hi ha,-1.0,3,3,0,0,0,0,0,0,0,0,0,0,0,0,3,-1,1,Encalç,-1,1,2,4,1,2,0,3.34,2,2,5,30,11
17523,2019,1,2019-03-01,SE,SANT MIQUEL DE FLUVIA,Alt Emporda,1,0,1,0,1,0,0,0,1,0,0,0,0,100.0,0.0,0,2,No n'hi ha,-1.0,3,3,1,0,0,0,0,0,0,0,0,0,0,0,4,-1,0,Caiguda en la via,-1,2,2,5,-1,2,0,16.41,1,0,4,1,3
17524,2019,0,2019-04-13,C-1412a,OLIOLA,Noguera,2,0,1,5,2,0,0,0,0,1,1,0,0,100.0,0.0,0,3,No n'hi ha,-1.0,3,3,1,0,0,0,0,0,0,0,0,0,0,1,3,5,1,Envestida (frontal lateral),3,1,2,4,2,2,0,21.56,1,2,5,13,4
17525,2019,0,2019-07-12,C-26,"SENTIU DE SIO, LA",Noguera,2,0,1,0,1,0,0,0,0,1,0,0,0,90.0,0.0,0,-1,Sense Especificar,-1.0,3,3,1,0,0,0,0,0,0,0,0,0,0,0,4,-1,-1,Resta sortides de via,-1,1,2,4,4,2,0,17.17,1,1,4,12,7
17526,2019,1,2019-11-13,SE,BARCELONA,Barcelones,3,1,0,0,2,0,0,0,1,1,0,0,0,100.0,0.0,1,-1,No n'hi ha,-1.0,3,3,0,0,0,0,0,0,0,0,0,0,0,1,1,-1,1,Col·lisió frontal,2,2,2,5,-1,2,1,18.1,1,2,2,13,11
17527,2019,1,2019-07-23,SE,MONTCADA I REIXAC,Valles Occidental,3,0,1,0,2,0,1,0,0,1,0,0,0,20.0,0.0,0,2,No n'hi ha,-1.0,3,3,1,0,0,0,0,0,0,0,0,0,0,0,4,-1,-1,Encalç,-1,2,2,5,-1,2,1,18.25,1,2,1,23,7
17528,2019,1,2019-10-14,SE,REUS,Baix Camp,0,0,1,0,2,1,0,0,0,1,0,0,0,100.0,0.0,0,-1,No n'hi ha,-1.0,3,3,1,0,0,0,0,0,0,0,0,0,0,0,4,-1,-1,Atropellament,-1,2,2,5,-1,2,1,19.4,1,3,0,14,10
17529,2019,0,2019-01-21,B-224,MASQUEFA,Anoia,3,0,1,0,1,0,1,0,0,0,0,0,0,90.0,0.0,0,-1,Sense Especificar,-1.0,3,3,1,0,0,0,0,0,0,0,0,0,0,0,4,-1,-1,Altres,-1,1,2,4,4,2,1,14.04,1,5,0,21,1
17530,2019,0,2019-07-20,N-260,PEDRET I MARZA,Alt Emporda,1,0,1,0,2,0,0,0,1,1,0,0,0,90.0,0.0,0,-1,Sense Especificar,-1.0,3,3,1,0,0,0,0,0,0,0,0,0,0,0,4,-1,-1,Encalç,-1,1,2,4,4,2,0,13.59,0,2,5,20,7
17531,2019,0,2019-07-20,C-32,SANT BOI DE LLOBREGAT,Baix Llobregat,3,0,1,0,1,0,0,0,1,0,0,0,0,90.0,0.0,0,-1,Sense Especificar,-1.0,3,3,1,0,0,0,0,0,0,0,0,0,0,0,4,-1,-1,Altres,-1,1,2,4,4,2,0,15.15,1,5,5,20,7
17532,2019,0,2019-03-06,N-260,BAIX PALLARS,Pallars Sobira,2,0,2,0,3,0,0,0,0,2,1,0,0,80.0,0.0,0,2,No n'hi ha,-1.0,3,3,1,0,0,0,0,0,0,0,0,0,0,0,4,-1,1,Col·lisió frontal,-1,1,2,4,1,2,1,9.42,0,2,2,6,3
17533,2019,0,2019-03-29,N-340,SANT CUGAT SESGARRIGUES,Alt Penedes,3,0,1,0,1,0,0,0,0,1,0,0,0,100.0,0.0,0,1,No n'hi ha,-1.0,3,3,1,0,0,0,0,0,0,0,0,0,0,0,4,-1,1,Resta sortides de via,-1,1,2,4,1,2,0,18.47,1,1,4,29,3
17534,2019,1,2019-10-10,SE,BARCELONA,Barcelones,3,0,1,0,1,0,0,0,0,1,0,0,0,30.0,0.0,1,-1,Altres,-1.0,3,3,1,0,0,0,0,0,0,0,0,0,0,0,0,-1,1,Xoc contra objecte/obstacle sense sortida prèvia de via,-1,2,2,5,-1,2,1,18.2,1,4,3,10,10
17535,2019,1,2019-07-01,SE,BARCELONA,Barcelones,3,0,1,0,2,0,0,0,1,1,0,0,0,100.0,0.0,1,-1,No n'hi ha,-1.0,3,3,1,0,0,0,0,0,0,0,0,0,0,1,4,-1,0,Envestida (frontal lateral),2,2,2,5,-1,2,1,20.1,1,2,0,1,7
17536,2019,1,2019-04-05,SE,BARCELONA,Barcelones,3,0,1,0,2,0,0,1,0,1,0,0,0,100.0,0.0,1,-1,No n'hi ha,-1.0,2,3,1,0,0,0,0,0,0,0,0,0,0,1,0,-1,1,Envestida (frontal lateral),1,2,0,5,-1,2,0,21.1,1,2,4,5,4
17537,2019,1,2019-03-25,SE,SABADELL,Valles Occidental,3,0,1,0,2,1,0,0,0,1,0,0,0,100.0,0.0,0,-1,No n'hi ha,-1.0,3,3,1,0,0,0,0,0,1,0,0,0,0,0,4,-1,-1,Atropellament,-1,2,2,5,-1,2,1,10.42,0,3,0,25,3
17538,2019,0,2019-12-15,B-10,BARCELONA,Barcelones,3,0,1,0,2,0,0,0,1,1,0,0,0,100.0,0.0,1,-1,Carril acceleració,-1.0,3,3,1,0,0,0,0,0,0,0,0,0,0,0,0,-1,0,Encalç,-1,1,2,1,-1,2,0,18.4,1,2,6,15,12
17539,2019,1,2019-01-02,SE,VILALBA DELS ARCS,Terra Alta,0,0,1,0,1,0,0,0,0,0,1,0,0,20.0,0.0,0,-1,Sense Especificar,-1.0,3,3,1,0,0,0,0,0,0,0,0,0,0,0,4,-1,-1,Resta sortides de via,-1,2,2,5,-1,2,1,15.18,1,1,2,2,1
17540,2019,0,2019-10-19,GI-642,RUPIA,Baix Emporda,1,0,1,0,1,0,0,0,0,1,0,0,0,90.0,0.0,0,-1,Sense Especificar,-1.0,3,3,1,0,0,0,0,0,0,0,0,0,0,0,4,-1,-1,Resta sortides de via,-1,1,2,4,4,2,0,13.04,0,1,5,19,10
17541,2019,0,2019-02-07,C-58,MONTCADA I REIXAC,Valles Occidental,3,0,1,1,1,0,0,0,1,0,0,0,0,90.0,0.0,0,-1,Sense Especificar,-1.0,3,3,1,0,0,0,0,0,0,0,0,0,0,0,4,-1,-1,Altres,-1,1,2,4,4,2,1,10.14,0,5,3,7,2
17542,2019,1,2019-06-28,SE,BADALONA,Barcelones,3,0,1,1,2,1,0,0,1,0,0,0,0,20.0,0.0,0,2,No n'hi ha,-1.0,3,3,1,-1,0,0,0,-1,0,0,0,0,1,1,5,3,1,Atropellament,2,2,2,5,-1,2,0,22.35,2,3,4,28,6
17543,2019,1,2019-07-15,SE,VILA-SECA,Tarragones,0,0,1,0,2,1,0,0,0,1,0,0,0,100.0,0.0,0,-1,No n'hi ha,-1.0,3,3,1,0,0,0,0,0,0,0,0,0,0,0,4,-1,-1,Altres,-1,2,2,5,-1,2,1,20.0,1,5,0,15,7
17544,2019,0,2019-09-28,N-260,ARSEGUEL,Alt Urgell,2,0,1,0,2,0,0,0,1,1,0,0,0,100.0,0.0,0,1,No n'hi ha,-1.0,3,3,1,0,0,0,0,0,0,0,0,0,0,0,4,-1,1,Encalç,-1,1,2,4,1,2,0,12.13,0,2,5,28,9
17545,2019,1,2019-02-26,SE,BARCELONA,Barcelones,3,0,1,0,2,1,0,0,0,0,1,0,0,100.0,0.0,1,-1,Carril bus,-1.0,3,3,1,0,0,0,0,0,0,0,0,0,0,1,4,-1,1,Atropellament,2,2,2,5,-1,2,1,13.2,0,3,1,26,2
17546,2019,0,2019-07-21,N-260,PEDRET I MARZA,Alt Emporda,1,0,2,5,3,0,0,0,0,3,0,0,0,100.0,0.0,0,2,No n'hi ha,-1.0,3,3,1,0,0,0,0,0,0,0,0,0,0,0,4,-1,1,Col·lisió frontal,-1,1,2,4,1,2,0,18.52,1,2,6,21,7