,Year,Area,Date,Road,Municipality Name,County Name,Province Name,Fatalties,Serious Injuries,Light Injuries,Units Involved,Pedestrains Involved,Bicycles Involved,Mopeds Involved,Motorcycles,Light Vehicles Involved,Heavy Vehicles Involved,Other Units Involved,Unspecified Units Involved,Road Speed Limit,Accident with Hit and Run,Fog Presence,Surrounding Environment,Special Lane Presence,Special Traffic Measures,Weather Conditions,Special Road Functions,Severity of Accident,Influence of Fog,Influence of Environment,Influence of Traffic,Influence of Weather,Influence of Wind Intensity,Influence of Lighting,Influence of Special Measures,Influence of Road Objects,Influence of Road Surface,Influence of Visibility,Intersection Characteristics,Lighting Conditions,Traffic Regulation and Priority,Direction of Road,Subtype of Accident,Subtype of Road Section,Subzone within Area,Road Surface Conditions,Type of Road,Road Ownership,Wind Conditions,Day of the Week Grouping,Hour of Day,Time of Day Grouping,Type of Accident,Day Type,Day,Month
17547,2019,0,2019-09-12,A-7,VILA-SECA,Tarragones,0,0,1,0,2,0,0,0,0,2,0,0,0,100.0,0.0,0,2,No n'hi ha,3.0,3,3,1,0,0,0,0,0,0,0,0,0,0,0,4,-1,0,Encalç,-1,1,2,4,1,2,1,14.36,1,2,3,12,9
17548,2019,0,2019-10-27,N-141C,MOIA,Moianès,3,0,1,0,1,0,0,0,1,0,0,0,0,90.0,0.0,0,-1,Sense Especificar,-1.0,3,3,1,0,0,0,0,0,0,0,0,0,0,0,4,-1,-1,Resta sortides de via,-1,1,2,4,4,2,0,11.27,0,1,6,27,10
17549,2019,1,2019-09-12,SE,MATARO,Maresme,3,0,1,0,2,1,0,0,0,1,0,0,0,20.0,0.0,0,-1,No n'hi ha,-1.0,3,3,1,-1,-1,0,0,-1,0,0,0,0,-1,1,4,2,-1,Atropellament,2,2,2,5,-1,2,1,15.1,1,3,3,12,9
17550,2019,0,2019-10-27,B-431,ARTES,Bages,3,0,1,0,2,0,0,0,1,1,0,0,0,100.0,0.0,0,2,No n'hi ha,-1.0,3,3,1,0,0,0,0,0,0,0,0,0,0,0,4,-1,1,Col·lisió frontal,-1,1,2,4,2,2,0,12.52,0,2,6,27,10
17551,2019,0,2019-10-28,T-11,TARRAGONA,Tarragones,0,0,1,0,2,0,0,0,1,1,0,0,0,40.0,0.0,0,1,No n'hi ha,-1.0,3,3,1,0,0,0,0,0,0,0,0,0,0,1,4,4,1,Envestida (frontal lateral),0,1,2,4,1,2,1,13.16,0,2,0,28,10
17552,2019,0,2019-10-31,B-23,SANT JOAN DESPI,Baix Llobregat,3,0,1,1,2,1,0,0,0,1,0,0,0,80.0,0.0,0,2,Carril d'alentiment,-1.0,3,3,1,0,0,0,0,0,0,0,0,0,0,2,0,2,0,Atropellament,3,1,2,4,1,2,1,20.38,1,3,3,31,10
17553,2019,0,2019-07-17,C-35,SANTA MARIA DE PALAU,Valles Oriental,3,0,1,0,1,0,0,0,0,1,0,0,0,100.0,0.0,0,3,No n'hi ha,-1.0,3,3,1,0,0,0,0,0,0,0,0,0,0,1,4,5,1,Resta sortides de via,3,1,2,4,2,2,1,11.06,0,1,2,17,7
17554,2019,1,2019-01-12,SE,PINEDA DE MAR,Maresme,3,0,1,1,2,0,1,0,0,1,0,0,0,100.0,0.0,0,2,Altres,-1.0,3,3,1,0,0,0,0,0,0,0,0,0,0,0,4,-1,1,Encalç,-1,0,2,5,-1,2,0,10.0,0,2,5,12,1
17555,2019,0,2019-11-30,L-800,ALCARRAS,Segria,2,0,2,0,2,0,0,0,0,2,0,0,0,100.0,0.0,0,2,No n'hi ha,-1.0,3,3,1,0,0,0,0,0,0,0,0,0,0,0,4,-1,1,Col·lisió frontal,-1,1,2,4,3,2,0,9.06,0,2,5,30,11
17556,2019,1,2019-11-26,SE,MANRESA,Bages,3,0,1,0,2,0,1,0,0,1,0,0,0,100.0,0.0,0,2,No n'hi ha,-1.0,3,3,1,0,0,0,0,0,0,0,0,0,0,2,4,4,0,Encalç,2,2,2,5,-1,2,1,10.07,0,2,1,26,11
17557,2019,0,2019-02-24,C-35,SANT FELIU DE BUIXALLEU,Selva,1,1,1,1,2,0,0,0,1,1,0,0,0,80.0,0.0,0,1,No n'hi ha,-1.0,3,3,0,0,0,0,0,0,0,0,0,0,0,1,4,4,1,Envestida (frontal lateral),1,1,2,4,2,2,0,10.15,0,2,6,24,2
17558,2019,1,2019-06-16,SE,SANT BOI DE LLOBREGAT,Baix Llobregat,3,0,1,2,2,0,0,0,1,0,1,0,0,20.0,0.0,0,-1,No n'hi ha,-1.0,3,3,1,0,-1,0,0,0,0,0,0,0,0,1,4,5,-1,Envestida (frontal lateral),1,2,2,5,-1,2,0,16.52,1,2,6,16,6
17559,2019,0,2019-01-18,BV-1201,OLESA DE MONTSERRAT,Baix Llobregat,3,0,1,0,2,0,0,0,1,1,0,0,0,50.0,0.0,0,1,No n'hi ha,-1.0,3,3,1,0,0,0,0,0,0,0,0,0,0,0,3,-1,1,Fregament o col·lisió lateral,-1,1,2,4,3,2,0,18.07,1,2,4,18,1
17560,2019,1,2019-09-12,BV-5011,BADALONA,Barcelones,3,1,0,0,3,0,0,0,1,1,1,0,0,90.0,0.0,0,0,No n'hi ha,-1.0,3,3,0,-1,0,0,0,-1,0,0,0,0,0,0,1,-1,1,Col·lisió frontal,-1,0,2,4,-1,2,1,7.05,0,2,3,12,9
17561,2019,0,2019-04-02,C-12,CORBINS,Segria,2,0,1,0,1,0,0,0,0,1,0,0,0,90.0,0.0,0,-1,Sense Especificar,-1.0,3,3,1,0,0,0,0,0,0,0,0,0,0,0,4,-1,-1,Resta sortides de via,-1,1,2,4,4,2,1,10.46,0,1,1,2,4
17562,2019,1,2019-08-04,SE,HOSPITALET DE LLOBREGAT,Barcelones,3,0,1,0,2,0,1,0,0,1,0,0,0,20.0,0.0,0,-1,No n'hi ha,-1.0,3,3,1,-1,0,0,0,-1,0,0,0,0,0,1,4,3,0,Envestida (frontal lateral),2,2,2,5,-1,2,0,13.56,0,2,6,4,8
17563,2019,1,2019-08-25,SE,SABADELL,Valles Occidental,3,0,1,0,2,0,0,0,1,1,0,0,0,100.0,0.0,0,-1,No n'hi ha,-1.0,3,3,1,0,0,0,0,0,0,0,0,0,0,0,4,-1,-1,Envestida (frontal lateral),-1,2,2,5,-1,2,0,2.49,2,2,6,25,8
17564,2019,1,2019-02-28,SE,TERRASSA,Valles Occidental,3,0,1,0,3,1,0,0,0,2,0,0,0,20.0,0.0,0,-1,No n'hi ha,-1.0,3,3,1,0,-1,0,0,0,0,0,0,0,1,1,4,2,-1,Atropellament,2,2,2,5,-1,2,1,16.23,1,3,3,28,2
17565,2019,1,2019-10-10,SE,SANTA COLOMA DE GRAMANET,Barcelones,3,0,1,0,2,0,0,0,1,0,0,1,0,20.0,0.0,0,-1,No n'hi ha,-1.0,3,3,1,0,-1,0,0,0,0,0,0,0,0,0,4,-1,-1,Col·lisió frontal,-1,2,2,5,-1,2,1,7.2,0,2,3,10,10
17566,2019,1,2019-12-04,SE,BARCELONA,Barcelones,3,0,1,0,2,1,0,0,0,1,0,0,0,100.0,0.0,1,-1,No n'hi ha,-1.0,1,3,1,0,0,0,0,0,0,0,0,0,0,1,0,-1,1,Atropellament,1,2,0,5,-1,2,1,6.4,0,3,2,4,12
17567,2019,0,2019-02-12,AP-7,SANT CUGAT DEL VALLES,Valles Occidental,3,0,1,0,2,0,0,0,0,0,2,0,0,100.0,0.0,0,2,No n'hi ha,-1.0,3,3,1,0,0,0,0,0,0,0,0,0,0,0,4,-1,1,Encalç,-1,1,2,4,1,2,1,12.37,0,2,1,12,2
17568,2019,1,2019-03-29,SE,BADALONA,Barcelones,3,0,1,0,2,0,0,0,1,1,0,0,0,20.0,0.0,0,-1,No n'hi ha,-1.0,3,3,1,0,-1,0,0,0,0,0,0,0,0,1,4,3,-1,Envestida (frontal lateral),2,2,2,5,-1,2,1,13.35,0,2,4,29,3
17569,2019,0,2019-06-03,B-30,BARBERA DEL VALLES,Valles Occidental,3,0,1,0,2,0,0,0,1,1,0,0,0,100.0,0.0,0,2,No n'hi ha,-1.0,3,3,1,0,0,0,0,0,0,0,0,0,0,0,4,-1,0,Caiguda en la via,-1,1,2,4,1,2,1,8.58,0,0,0,3,6
17570,2019,1,2019-01-17,C-245,VILADECANS,Baix Llobregat,3,0,1,0,2,1,0,0,0,1,0,0,0,100.0,0.0,0,-1,No n'hi ha,-1.0,2,3,1,0,0,0,0,0,1,0,0,0,1,0,0,-1,1,Atropellament,-1,0,0,4,-1,2,1,20.5,1,3,3,17,1
17571,2019,1,2019-06-05,SE,BARCELONA,Barcelones,3,0,1,1,2,0,0,0,1,0,0,1,0,100.0,0.0,1,-1,No n'hi ha,-1.0,3,3,1,0,0,0,0,0,0,0,0,0,0,1,4,-1,0,Envestida (frontal lateral),2,2,2,5,-1,2,1,13.2,0,2,2,5,6
17572,2019,1,2019-05-14,SE,CAMBRILS,Baix Camp,0,0,1,0,2,0,0,0,1,1,0,0,0,100.0,0.0,0,-1,No n'hi ha,-1.0,3,3,1,0,0,0,0,0,0,0,0,0,0,0,4,-1,-1,Encalç,-1,2,2,5,-1,2,1,18.5,1,2,1,14,5
17573,2019,0,2019-07-24,N-340,MONT-ROIG DEL CAMP,Baix Camp,0,0,1,0,2,0,0,0,0,2,0,0,0,100.0,0.0,0,0,No n'hi ha,-1.0,3,3,1,0,0,0,0,0,0,0,0,0,0,0,0,-1,1,Encalç,-1,1,2,4,1,2,1,22.08,2,2,2,24,7
17574,2019,0,2019-08-14,C-58,TERRASSA,Valles Occidental,3,0,1,1,1,0,0,0,1,0,0,0,0,90.0,0.0,0,-1,Sense Especificar,-1.0,3,3,1,0,0,0,0,0,0,0,0,0,0,0,4,-1,-1,Altres,-1,1,2,4,4,2,1,15.09,1,5,2,14,8
17575,2019,0,2019-04-13,CR,LLEIDA,Segria,2,0,1,0,2,0,0,1,0,1,0,0,0,100.0,0.0,0,0,No n'hi ha,-1.0,3,3,1,0,0,0,0,0,0,0,0,0,0,1,4,5,1,Altres,1,1,2,3,0,2,0,13.51,0,5,5,13,4
17576,2019,1,2019-07-05,SE,VILADECANS,Baix Llobregat,3,0,1,0,2,0,0,0,2,0,0,0,0,20.0,0.0,0,-1,No n'hi ha,-1.0,3,3,1,-1,0,0,0,-1,0,0,0,0,-1,1,4,3,0,Encalç,2,2,2,5,-1,2,1,12.2,0,2,4,5,7
17577,2019,1,2019-06-06,SE,GAVA,Baix Llobregat,3,0,1,0,1,0,0,1,0,0,0,0,0,40.0,0.0,0,-1,No n'hi ha,-1.0,3,3,1,-1,0,0,0,-1,0,0,0,0,0,0,4,-1,0,Xoc contra objecte/obstacle sense sortida prèvia de via,-1,2,2,5,-1,2,1,15.45,1,4,3,6,6
17578,2019,0,2019-09-13,GI-623,"ESCALA, L'",Alt Emporda,1,1,0,1,2,0,0,0,0,1,1,0,0,100.0,0.0,0,0,No n'hi ha,-1.0,3,3,0,0,0,0,0,0,0,0,0,0,0,0,4,-1,1,Resta sortides de via,-1,1,2,4,3,2,0,16.04,1,1,4,13,9
17579,2019,1,2019-06-06,SE,MARTORELL,Baix Llobregat,3,0,1,0,2,0,0,0,1,1,0,0,0,20.0,0.0,0,-1,Sense Especificar,-1.0,3,3,1,0,0,0,0,0,0,0,0,0,0,0,4,-1,-1,Envestida (frontal lateral),-1,2,2,5,-1,2,1,13.53,0,2,3,6,6
17580,2019,1,2019-02-23,SE,VIC,Osona,3,0,1,0,1,0,0,0,0,0,1,0,0,100.0,0.0,0,2,No n'hi ha,-1.0,3,3,1,0,0,0,0,0,0,0,0,0,0,2,4,-1,0,Caiguda en la via,1,2,2,5,-1,2,0,17.3,1,0,5,23,2
17581,2019,0,2019-07-13,C-1415c,"ROCA DEL VALLES, LA",Valles Oriental,3,1,0,0,1,0,0,0,1,0,0,0,0,100.0,0.0,0,-1,No n'hi ha,-1.0,3,3,0,0,0,0,0,0,0,0,0,0,0,0,4,-1,-1,Resta sortides de via,-1,1,2,4,-1,2,0,3.22,2,1,5,13,7
17582,2019,1,2019-01-30,N-II,MATARO,Maresme,3,0,1,0,2,0,0,0,1,1,0,0,0,90.0,0.0,0,-1,No n'hi ha,-1.0,3,3,1,-1,-1,0,0,-1,0,0,0,0,0,0,5,-1,-1,Caiguda en la via,-1,0,2,4,-1,2,1,21.25,1,0,2,30,1
17583,2019,1,2019-07-11,SE,SANT JOAN DE VILATOR,Bages,3,0,1,0,2,1,0,0,0,1,0,0,0,30.0,0.0,0,2,No n'hi ha,-1.0,3,3,1,0,0,0,0,0,0,0,0,0,0,0,4,-1,0,Atropellament,-1,2,2,5,-1,2,1,12.13,0,3,3,11,7
17584,2019,0,2019-12-08,GI-400,ALP,Cerdanya,1,0,1,2,1,0,0,0,0,1,0,0,0,100.0,0.0,0,1,No n'hi ha,-1.0,3,3,1,0,0,0,0,0,0,0,0,0,0,0,2,-1,1,Resta sortides de via,-1,1,2,4,2,2,0,9.44,0,1,6,8,12
17585,2019,1,2019-07-19,SE,BERGA,Bergueda,3,0,1,0,1,0,0,0,0,1,0,0,0,20.0,0.0,0,-1,Sense Especificar,-1.0,3,3,1,0,0,0,0,0,0,0,0,0,0,0,4,-1,0,Sortida de via amb bolcada,-1,2,2,5,-1,2,0,18.0,1,1,4,19,7
17586,2019,0,2019-07-16,C-1413a,SANT CUGAT DEL VALLES,Valles Occidental,3,0,1,1,3,0,0,0,1,2,0,0,0,100.0,0.0,0,0,No n'hi ha,-1.0,3,3,1,0,0,0,0,0,0,0,0,0,0,0,4,-1,1,Fregament o col·lisió lateral,-1,1,2,4,2,1,1,17.11,1,2,1,16,7
17587,2019,1,2019-01-17,SE,TERRASSA,Valles Occidental,3,0,1,0,2,0,0,0,1,1,0,0,0,100.0,0.0,0,2,No n'hi ha,-1.0,3,3,1,0,0,0,0,0,0,0,0,0,0,0,4,-1,1,Envestida (frontal lateral),-1,2,2,5,-1,2,1,14.25,1,2,3,17,1
17588,2019,1,2019-05-23,SE,BARCELONA,Barcelones,3,0,1,0,2,1,0,0,0,1,0,0,0,30.0,0.0,1,-1,No n'hi ha,-1.0,3,3,1,0,0,0,0,0,0,0,0,0,0,0,4,-1,0,Atropellament,-1,2,2,5,-1,2,1,15.15,1,3,3,23,5
17589,2019,0,2019-06-05,B-10,SANT ADRIA DE BESOS,Barcelones,3,0,1,0,2,0,0,0,1,1,0,0,0,80.0,0.0,0,3,No n'hi ha,-1.0,3,3,1,0,0,0,0,0,0,0,0,0,0,0,4,-1,0,Envestida (frontal lateral),-1,1,2,4,1,2,1,18.58,1,2,2,5,6
17590,2019,0,2019-05-04,GI-664,"CRUILLES, MONELLS I SANT SADURNI DE L'HE",Baix Emporda,1,0,1,0,1,0,1,0,0,0,0,0,0,90.0,0.0,0,-1,Sense Especificar,-1.0,3,3,1,0,0,0,0,0,0,0,0,0,0,0,4,-1,-1,Altres,-1,1,2,4,4,2,0,12.47,0,5,5,4,5
17591,2019,0,2019-04-07,GI-681,LLAGOSTERA,Girones,1,0,1,0,1,0,0,0,1,0,0,0,0,90.0,0.0,0,-1,Sense Especificar,-1.0,3,3,1,0,0,0,0,0,0,0,0,0,0,0,4,-1,-1,Resta sortides de via,-1,1,2,4,4,2,0,13.19,0,1,6,7,4
17592,2019,1,2019-06-15,SE,BARCELONA,Barcelones,3,0,1,1,2,0,0,0,1,1,0,0,0,100.0,0.0,1,-1,No n'hi ha,-1.0,3,3,1,0,0,0,0,0,0,0,0,0,0,1,4,-1,0,Fregament o col·lisió lateral,1,2,2,5,-1,2,0,17.4,1,2,5,15,6
17593,2019,1,2019-05-17,SE,BARCELONA,Barcelones,3,0,1,0,2,0,0,0,1,0,1,0,0,100.0,0.0,1,-1,No n'hi ha,-1.0,3,3,1,0,0,0,0,0,0,0,0,0,0,1,0,-1,0,Envestida (frontal lateral),2,2,2,5,-1,2,1,0.4,2,2,4,17,5
17594,2019,1,2019-11-20,GIV-5132,BANYOLES,Pla de l'Estany,1,0,1,0,2,0,0,0,1,1,0,0,0,100.0,0.0,0,-1,No n'hi ha,-1.0,3,3,1,0,0,0,0,0,0,0,0,0,0,0,4,-1,-1,Envestida (frontal lateral),-1,0,2,4,-1,2,1,18.14,1,2,2,20,11
17595,2019,0,2019-12-21,A-2,GRANYANELLA,Segarra,2,0,1,0,1,0,0,0,0,1,0,0,0,100.0,0.0,0,2,No n'hi ha,-1.0,3,3,1,0,0,0,0,0,0,0,0,0,0,0,0,-1,0,Resta sortides de via,-1,1,2,4,1,2,0,2.39,2,1,5,21,12
17596,2019,0,2019-10-27,GIV-5332,AIGUAVIVA,Girones,1,1,0,1,1,0,0,0,0,1,0,0,0,50.0,0.0,0,0,No n'hi ha,0.0,3,3,0,0,0,0,0,0,0,0,0,0,0,2,3,2,1,Resta sortides de via,1,1,2,4,3,2,0,3.46,2,1,6,27,10
17597,2019,1,2019-05-10,N-340,TARRAGONA,Tarragones,0,0,1,0,2,0,1,0,0,1,0,0,0,50.0,0.0,0,2,Carril bici,-1.0,3,3,1,0,0,0,0,0,0,0,0,0,0,0,4,-1,1,Envestida (frontal lateral),-1,0,2,4,1,2,0,19.5,1,2,4,10,5
17598,2019,0,2019-01-28,N-260,BAIX PALLARS,Pallars Sobira,2,0,3,1,2,0,0,0,0,2,0,0,0,100.0,0.0,0,1,No n'hi ha,-1.0,0,3,1,0,0,0,1,0,0,0,0,0,0,0,2,-1,1,Envestida (frontal lateral),-1,1,2,4,1,2,1,17.03,1,2,0,28,1
17599,2019,0,2019-02-13,C-58,TERRASSA,Valles Occidental,3,0,1,0,2,0,0,0,1,1,0,0,0,60.0,0.0,0,2,No n'hi ha,0.0,3,3,1,0,0,0,0,0,0,0,0,0,0,1,4,4,0,Altres,3,1,2,4,2,2,1,7.36,0,5,2,13,2
17600,2019,0,2019-08-17,B-122,CASTELLBELL I EL VIL,Bages,3,1,0,0,2,0,1,0,0,1,0,0,0,100.0,0.0,0,2,No n'hi ha,-1.0,3,3,0,0,0,0,0,0,0,0,0,0,0,0,4,-1,1,Resta sortides de via,-1,1,2,4,3,2,0,10.51,0,1,5,17,8
17601,2019,0,2019-09-19,C-51,ALIO,Alt Camp,0,0,1,0,2,0,0,0,1,0,1,0,0,50.0,0.0,0,2,No n'hi ha,-1.0,3,3,1,0,0,0,0,0,0,0,0,0,0,1,4,2,1,Fregament o col·lisió lateral,1,1,2,4,2,2,1,12.05,0,2,3,19,9
17602,2019,0,2019-03-03,C-26,NAVES,Solsones,2,1,0,0,1,0,0,0,1,0,0,0,0,100.0,0.0,0,1,No n'hi ha,-1.0,3,3,0,0,0,0,0,0,0,0,0,0,0,0,4,-1,1,Caiguda en la via,-1,1,2,4,2,2,0,12.38,0,0,6,3,3
17603,2019,0,2019-06-17,A-2,CASTELLBISBAL,Valles Occidental,3,0,1,1,3,0,0,0,0,3,0,0,0,120.0,0.0,0,1,No n'hi ha,-1.0,3,3,1,0,0,0,0,0,0,0,0,0,0,0,4,-1,1,Encalç,-1,1,2,4,1,2,1,11.59,0,2,0,17,6
17604,2019,1,2019-08-02,SE,MOLLET DEL VALLES,Valles Oriental,3,0,1,0,1,0,0,0,1,0,0,0,0,20.0,0.0,0,2,No n'hi ha,-1.0,3,3,1,0,0,0,0,0,0,0,0,0,0,0,4,-1,1,Caiguda en la via,-1,2,2,5,-1,2,1,12.3,0,0,4,2,8
17605,2019,0,2019-05-12,CR,TORREGROSSA,Pla d'Urgell,2,0,1,2,1,0,0,0,0,1,0,0,0,100.0,0.0,0,1,No n'hi ha,-1.0,3,3,1,0,0,0,0,0,0,0,0,0,0,0,3,-1,1,Resta sortides de via,-1,1,2,3,0,2,0,0.0,2,1,6,12,5
17606,2019,1,2019-10-12,BV-5224,MANLLEU,Osona,3,0,1,0,2,1,0,0,0,1,0,0,0,90.0,0.0,0,-1,No n'hi ha,-1.0,3,3,1,0,0,0,0,0,0,0,0,0,0,0,5,-1,-1,Atropellament,-1,0,2,4,-1,2,0,20.05,1,3,5,12,10
17607,2019,1,2019-10-04,SE,QUART,Girones,1,1,0,0,1,0,0,1,0,0,0,0,0,60.0,0.0,0,2,No n'hi ha,-1.0,3,3,0,0,0,0,0,0,0,0,0,0,0,0,3,-1,1,Caiguda en la via,-1,2,2,5,0,2,0,20.55,1,0,4,4,10
17608,2019,0,2019-06-03,BV-5301,SANT ESTEVE DE PALAU,Valles Oriental,3,0,1,0,2,1,0,0,1,0,0,0,0,40.0,0.0,0,2,No n'hi ha,-1.0,3,3,1,0,0,0,0,0,0,0,0,0,0,2,4,5,1,Atropellament,1,1,2,4,3,2,1,19.14,1,3,0,3,6
17609,2019,1,2019-03-26,SE,TERRASSA,Valles Occidental,3,0,1,0,1,0,0,0,0,0,0,1,0,20.0,0.0,0,2,No n'hi ha,-1.0,3,3,1,0,0,0,0,0,0,0,0,1,0,0,4,-1,1,Caiguda en la via,-1,2,2,5,-1,2,1,17.13,1,0,1,26,3
17610,2019,1,2019-03-28,SE,GRANOLLERS,Valles Oriental,3,0,1,0,2,1,0,0,0,1,0,0,0,100.0,0.0,0,2,No n'hi ha,-1.0,3,3,1,0,0,0,0,0,0,0,0,0,0,1,4,2,1,Atropellament,2,2,2,5,-1,2,1,13.2,0,3,3,28,3
17611,2019,1,2019-12-04,SE,SANT BOI DE LLOBREGAT,Baix Llobregat,3,0,1,0,2,1,0,0,0,1,0,0,0,30.0,0.0,0,-1,No n'hi ha,-1.0,2,3,1,0,-1,0,1,0,0,0,0,0,0,1,4,2,-1,Atropellament,1,2,0,5,-1,2,1,10.19,0,3,2,4,12
17612,2019,0,2019-09-30,B-20,SANTA COLOMA DE GRAMANET,Barcelones,3,0,1,0,2,0,0,0,1,1,0,0,0,80.0,0.0,0,0,No n'hi ha,-1.0,3,3,1,0,0,0,0,0,0,0,0,0,0,0,4,-1,0,Altres,-1,1,2,4,2,2,1,8.56,0,5,0,30,9
17613,2019,0,2019-09-28,B-124,MONISTROL DE CALDERS,Moianès,3,0,1,0,1,0,1,0,0,0,0,0,0,90.0,0.0,0,-1,Sense Especificar,-1.0,3,3,1,0,0,0,0,0,0,0,0,0,0,0,4,-1,-1,Altres,-1,1,2,4,4,2,0,11.1,0,5,5,28,9
17614,2019,1,2019-08-21,SE,"VENDRELL, EL",Baix Penedes,0,0,1,0,1,0,1,0,0,0,0,0,0,40.0,0.0,0,-1,No n'hi ha,-1.0,3,3,1,-1,0,0,0,-1,0,0,0,0,0,0,4,-1,1,Xoc amb animal a la calçada,-1,2,2,5,-1,2,1,10.15,0,4,2,21,8
17615,2019,1,2019-04-23,SE,TERRASSA,Valles Occidental,3,0,1,0,1,0,0,0,1,0,0,0,0,20.0,0.0,0,-1,No n'hi ha,-1.0,1,3,1,0,-1,0,0,0,0,0,0,0,0,0,1,-1,-1,Caiguda en la via,-1,2,0,5,-1,2,1,6.4,0,0,1,23,4
17616,2019,0,2019-06-15,GIV-5224,"VALL D'EN BAS, LA",Garrotxa,1,0,1,0,2,0,1,0,0,1,0,0,0,90.0,0.0,0,-1,Sense Especificar,-1.0,3,3,1,0,0,0,0,0,0,0,0,0,0,0,4,-1,-1,Envestida (frontal lateral),-1,1,2,4,4,2,0,9.44,0,2,5,15,6
17617,2019,0,2019-04-16,C-55,OLESA DE MONTSERRAT,Baix Llobregat,3,1,0,0,2,1,0,0,0,1,0,0,0,90.0,0.0,0,2,No n'hi ha,-1.0,3,3,0,0,0,0,0,0,0,0,0,0,0,0,4,-1,1,Atropellament,-1,1,2,4,2,2,1,15.51,1,3,1,16,4
17618,2019,0,2019-06-02,BV-2415,OLIVELLA,Garraf,3,0,1,1,2,0,0,0,1,1,0,0,0,40.0,0.0,0,3,No n'hi ha,-1.0,3,3,1,0,0,0,0,0,0,0,0,0,0,1,4,4,1,Envestida (frontal lateral),1,1,2,4,3,2,0,12.19,0,2,6,2,6
17619,2019,0,2019-09-03,B-10,BARCELONA,Barcelones,3,0,1,0,2,0,0,0,1,1,0,0,0,80.0,0.0,1,-1,No n'hi ha,-1.0,3,3,1,0,0,0,0,0,0,0,0,0,0,0,4,-1,0,Encalç,-1,1,2,1,-1,2,1,18.3,1,2,1,3,9
17620,2019,1,2019-11-02,SE,BARCELONA,Barcelones,3,0,1,0,2,0,0,0,1,1,0,0,0,100.0,0.0,1,-1,Carril reversible,-1.0,3,3,1,0,0,0,0,0,0,0,0,0,0,1,4,-1,1,Envestida (frontal lateral),2,2,2,5,-1,2,0,17.1,1,2,5,2,11
17621,2019,0,2019-08-06,N-II,"MASNOU, EL",Maresme,3,0,1,1,2,0,0,0,1,1,0,0,0,50.0,0.0,0,1,No n'hi ha,-1.0,3,3,1,0,0,0,0,0,0,0,0,0,0,0,0,-1,1,Envestida (frontal lateral),-1,1,2,4,1,2,1,1.21,2,2,1,6,8
17622,2019,0,2019-08-04,B-23,ESPLUGUES DE LLOBREGAT,Baix Llobregat,3,0,3,0,2,0,0,0,0,2,0,0,0,80.0,0.0,0,2,No n'hi ha,-1.0,3,3,1,0,0,0,0,0,0,0,0,0,0,0,1,-1,0,Col·lisió frontal,-1,1,2,4,1,2,0,6.22,0,2,6,4,8
17623,2019,1,2019-01-22,SE,SABADELL,Valles Occidental,3,0,1,0,2,1,0,0,0,1,0,0,0,30.0,0.0,0,1,No n'hi ha,-1.0,3,3,1,0,0,0,0,0,0,0,0,0,0,2,5,5,1,Atropellament,1,2,2,5,-1,2,1,18.05,1,3,1,22,1
17624,2019,0,2019-05-31,C-55,COLLBATO,Baix Llobregat,3,0,1,0,2,0,1,0,0,1,0,0,0,60.0,0.0,0,0,No n'hi ha,-1.0,3,3,1,0,0,0,0,0,0,0,0,0,0,1,4,4,1,Envestida (frontal lateral),1,1,2,4,2,2,1,11.35,0,2,4,31,5
17625,2019,1,2019-08-23,C-246a,VILANOVA I LA GELTRU,Garraf,3,0,1,0,2,0,0,0,1,1,0,0,0,100.0,0.0,0,2,No n'hi ha,-1.0,3,3,1,0,0,0,0,0,0,0,0,0,0,2,4,4,1,Caiguda en la via,0,0,2,4,-1,2,1,14.3,1,0,4,23,8
17626,2019,0,2019-10-14,N-II,"JONQUERA, LA",Alt Emporda,1,0,1,1,1,0,0,1,0,0,0,0,0,90.0,0.0,0,-1,Sense Especificar,-1.0,3,3,1,0,0,0,0,0,0,0,0,0,0,0,4,-1,-1,Altres,-1,1,2,4,4,2,1,4.28,2,5,0,14,10
17627,2019,1,2019-07-03,SE,GIRONA,Girones,1,0,1,0,2,0,0,0,1,1,0,0,0,100.0,0.0,0,2,No n'hi ha,-1.0,3,3,1,0,0,0,0,0,0,0,0,0,0,0,4,-1,0,Caiguda en la via,-1,2,2,5,-1,2,1,17.19,1,0,2,3,7
17628,2019,0,2019-06-01,AP-7,SUBIRATS,Alt Penedes,3,0,1,2,2,0,0,0,0,2,0,0,0,100.0,0.0,1,2,No n'hi ha,-1.0,3,3,1,0,0,0,0,0,0,0,0,0,0,0,4,-1,1,Fregament o col·lisió lateral,-1,1,2,4,1,2,0,15.2,1,2,5,1,6
17629,2019,1,2019-06-06,SE,GRANOLLERS,Valles Oriental,3,0,1,0,3,0,0,0,1,2,0,0,0,60.0,0.0,0,2,No n'hi ha,-1.0,3,3,1,0,1,0,0,0,0,0,0,0,0,1,4,4,1,Envestida (frontal lateral),3,2,2,5,0,2,1,19.0,1,2,3,6,6
17630,2019,1,2019-01-17,SE,ROQUETES,Baix Ebre,0,0,1,0,2,0,0,0,1,1,0,0,0,100.0,0.0,0,2,No n'hi ha,-1.0,3,3,1,0,0,0,0,0,0,0,0,0,0,1,4,4,1,Envestida (frontal lateral),1,2,2,5,-1,2,1,13.35,0,2,3,17,1