,Year,Area,Date,Road,Municipality Name,County Name,Province Name,Fatalties,Serious Injuries,Light Injuries,Units Involved,Pedestrains Involved,Bicycles Involved,Mopeds Involved,Motorcycles,Light Vehicles Involved,Heavy Vehicles Involved,Other Units Involved,Unspecified Units Involved,Road Speed Limit,Accident with Hit and Run,Fog Presence,Surrounding Environment,Special Lane Presence,Special Traffic Measures,Weather Conditions,Special Road Functions,Severity of Accident,Influence of Fog,Influence of Environment,Influence of Traffic,Influence of Weather,Influence of Wind Intensity,Influence of Lighting,Influence of Special Measures,Influence of Road Objects,Influence of Road Surface,Influence of Visibility,Intersection Characteristics,Lighting Conditions,Traffic Regulation and Priority,Direction of Road,Subtype of Accident,Subtype of Road Section,Subzone within Area,Road Surface Conditions,Type of Road,Road Ownership,Wind Conditions,Day of the Week Grouping,Hour of Day,Time of Day Grouping,Type of Accident,Day Type,Day,Month
17631,2019,0,2019-08-30,C-31C,"PRAT DE LLOBREGAT, E",Baix Llobregat,3,0,1,0,1,0,0,0,1,0,0,0,0,80.0,1.0,0,2,Carril acceleració,-1.0,3,3,1,0,0,0,0,0,0,0,0,0,0,0,4,-1,0,Fregament o col·lisió lateral,-1,1,2,4,2,2,1,12.01,0,2,4,30,8
17632,2019,0,2019-03-15,C-14,"SELVA DEL CAMP, LA",Baix Camp,0,1,0,0,3,1,0,0,0,1,1,0,0,120.0,0.0,0,2,No n'hi ha,-1.0,3,3,0,0,0,0,0,0,0,0,0,0,0,0,3,-1,0,Atropellament,-1,1,2,4,2,2,0,20.09,1,3,4,15,3
17633,2019,0,2019-02-20,B-20,BARCELONA,Barcelones,3,0,1,0,3,0,0,0,2,1,0,0,0,80.0,1.0,1,-1,No n'hi ha,-1.0,3,3,1,0,0,0,0,0,0,0,0,0,0,0,0,-1,1,Fregament o col·lisió lateral,-1,1,2,1,-1,2,1,19.3,1,2,2,20,2
17634,2019,0,2019-02-07,C-12,BENIFALLET,Baix Ebre,0,1,0,0,1,0,0,0,0,0,1,0,0,100.0,0.0,0,0,No n'hi ha,-1.0,3,3,0,0,0,0,0,0,0,0,0,0,0,0,3,-1,1,Resta sortides de via,-1,1,2,4,2,2,1,22.54,2,1,3,7,2
17635,2019,0,2019-08-30,BV-2115,VILANOVA I LA GELTRU,Garraf,3,0,1,0,2,0,0,0,1,1,0,0,0,50.0,0.0,0,2,No n'hi ha,-1.0,3,3,1,0,0,0,0,0,0,0,0,0,0,1,3,4,1,Col·lisió frontal,1,1,2,4,3,2,0,21.05,1,2,4,30,8
17636,2019,0,2019-03-10,AP-7,FOGARS DE TORDERA,Selva,3,0,1,3,2,0,0,0,0,2,0,0,0,100.0,0.0,0,2,No n'hi ha,-1.0,3,3,1,0,0,0,0,0,0,0,0,0,0,0,4,-1,0,Xoc contra objecte/obstacle sense sortida prèvia de via,-1,1,2,4,1,2,0,10.39,0,4,6,10,3
17637,2019,0,2019-09-19,B-142,POLINYA,Valles Occidental,3,0,1,0,2,0,0,1,0,1,0,0,0,100.0,0.0,0,1,No n'hi ha,-1.0,3,3,1,0,0,0,0,0,0,0,0,0,0,0,4,-1,1,Encalç,-1,1,2,4,3,2,1,18.34,1,2,3,19,9
17638,2019,1,2019-03-12,SE,SABADELL,Valles Occidental,3,0,1,0,3,0,0,0,1,2,0,0,0,100.0,0.0,0,-1,No n'hi ha,-1.0,3,3,1,0,0,0,0,0,0,0,0,0,0,0,4,-1,0,Envestida (frontal lateral),-1,2,2,5,-1,2,1,14.17,1,2,1,12,3
17639,2019,1,2019-11-25,GI-674,CALDES DE MALAVELLA,Selva,1,0,1,0,2,1,0,0,0,1,0,0,0,100.0,0.0,0,-1,No n'hi ha,-1.0,3,3,1,0,0,0,0,0,0,0,0,0,0,0,4,-1,-1,Atropellament,-1,0,2,4,-1,2,1,9.05,0,3,0,25,11
17640,2019,0,2019-07-13,BP-2121,TORRELLES DE FOIX,Alt Penedes,3,0,1,0,1,0,1,0,0,0,0,0,0,90.0,0.0,0,-1,Sense Especificar,-1.0,3,3,1,0,0,0,0,0,0,0,0,0,0,0,4,-1,-1,Altres,-1,1,2,4,4,2,0,10.37,0,5,5,13,7
17641,2019,0,2019-04-03,C-65,LLAMBILLES,Girones,1,0,1,2,2,0,0,0,0,2,0,0,0,100.0,0.0,0,2,No n'hi ha,-1.0,3,3,1,0,0,0,0,0,0,0,0,0,0,0,2,-1,1,Col·lisió frontal,-1,1,2,4,2,2,1,13.25,0,2,2,3,4
17642,2019,0,2019-04-14,N-340,MONT-ROIG DEL CAMP,Baix Camp,0,0,1,0,2,0,1,0,0,1,0,0,0,100.0,0.0,0,2,No n'hi ha,-1.0,3,3,1,0,0,0,0,0,0,0,0,0,0,0,4,-1,1,Envestida (frontal lateral),-1,1,2,4,1,2,0,11.35,0,2,6,14,4
17643,2019,1,2019-01-12,SE,TERRASSA,Valles Occidental,3,0,1,0,2,0,0,0,1,1,0,0,0,20.0,0.0,0,-1,No n'hi ha,-1.0,3,3,1,-1,0,0,0,-1,0,0,0,0,-1,0,4,-1,0,Envestida (frontal lateral),-1,2,2,5,-1,2,0,14.1,1,2,5,12,1
17644,2019,1,2019-03-26,SE,MATARO,Maresme,3,0,1,0,2,1,0,0,0,1,0,0,0,20.0,,0,-1,No n'hi ha,-1.0,3,3,1,0,-1,0,0,0,0,0,0,0,0,0,4,-1,-1,Atropellament,-1,2,2,5,-1,2,1,11.49,0,3,1,26,3
17645,2019,0,2019-11-07,C-58,BARCELONA,Barcelones,3,0,1,0,2,0,0,0,1,1,0,0,0,60.0,0.0,0,1,No n'hi ha,-1.0,3,3,1,0,0,0,0,0,0,0,0,0,0,1,4,4,0,Encalç,3,1,2,4,2,2,1,12.28,0,2,3,7,11
17646,2019,0,2019-08-23,AP-7,CERDANYOLA DEL VALLES,Valles Occidental,3,0,1,0,2,0,0,0,1,1,0,0,0,100.0,0.0,0,2,No n'hi ha,-1.0,3,3,1,0,0,0,0,0,0,0,0,0,0,0,3,-1,0,Altres,-1,1,2,4,1,2,0,21.28,1,5,4,23,8
17647,2019,1,2019-06-19,N-340,VALLIRANA,Baix Llobregat,3,0,1,0,2,0,0,0,1,1,0,0,0,100.0,1.0,0,-1,No n'hi ha,-1.0,3,3,1,0,0,0,0,0,0,0,0,0,0,0,4,-1,-1,Envestida (frontal lateral),-1,0,2,4,-1,2,1,21.5,1,2,2,19,6
17648,2019,1,2019-07-01,GI-531,SANT MARTI DE LLEMENA,Girones,1,0,1,1,2,0,0,0,1,1,0,0,0,90.0,0.0,0,-1,Sense Especificar,-1.0,3,1,1,0,0,0,0,0,0,0,0,0,0,0,4,-1,-1,Altres,-1,0,2,4,4,2,1,9.36,0,5,0,1,7
17649,2019,0,2019-08-02,N-II,ARENYS DE MAR,Maresme,3,0,1,1,2,0,0,0,2,0,0,0,0,40.0,0.0,0,2,No n'hi ha,-1.0,3,3,1,0,0,0,0,0,0,0,0,0,0,2,4,4,1,Encalç,0,1,2,4,1,2,1,7.45,0,2,4,2,8
17650,2019,1,2019-05-26,SE,ESPLUGUES DE LLOBREGAT,Baix Llobregat,3,0,1,0,2,0,0,0,1,1,0,0,0,20.0,0.0,0,2,No n'hi ha,-1.0,1,3,1,-1,0,0,0,0,0,0,0,0,-1,0,4,-1,1,Fregament o col·lisió lateral,-1,2,0,5,-1,1,0,17.3,1,2,6,26,5
17651,2019,1,2019-12-06,C-38,SANT PAU DE SEGURIES,Ripolles,1,0,1,0,2,1,0,0,0,1,0,0,0,100.0,0.0,0,2,No n'hi ha,-1.0,3,3,1,0,0,0,0,0,0,0,0,0,0,0,4,-1,1,Atropellament,-1,0,2,4,2,2,1,9.4,0,3,4,6,12
17652,2019,1,2019-07-21,SE,BARCELONA,Barcelones,3,0,1,1,2,1,0,0,1,0,0,0,0,100.0,0.0,1,-1,No n'hi ha,-1.0,3,3,1,0,0,0,0,0,0,0,0,0,0,1,0,-1,1,Atropellament,2,2,2,5,-1,2,0,22.1,2,3,6,21,7
17653,2019,0,2019-12-14,BV-1501,CASTELLBISBAL,Valles Occidental,3,0,1,0,2,0,0,0,0,1,1,0,0,90.0,0.0,0,-1,Sense Especificar,-1.0,3,3,1,0,0,0,0,0,0,0,0,0,0,0,4,-1,-1,Col·lisió frontal,-1,1,2,4,4,2,0,7.38,0,2,5,14,12
17654,2019,0,2019-10-06,C-26,BALAGUER,Noguera,2,1,0,1,2,0,0,0,0,1,1,0,0,80.0,0.0,0,2,No n'hi ha,-1.0,3,3,0,0,0,0,0,0,0,0,0,0,0,0,5,-1,1,Col·lisió frontal,-1,1,2,4,2,2,0,5.57,2,2,6,6,10
17655,2019,1,2019-05-06,SE,TARRAGONA,Tarragones,0,0,1,0,1,0,0,0,1,0,0,0,0,20.0,,0,2,No n'hi ha,-1.0,3,3,1,-1,0,0,0,-1,0,0,0,0,-1,0,4,-1,1,Caiguda en la via,-1,2,2,5,-1,2,1,17.15,1,0,0,6,5
17656,2019,1,2019-01-15,SE,"PRAT DE LLOBREGAT, E",Baix Llobregat,3,0,1,0,1,0,0,0,1,0,0,0,0,20.0,0.0,0,-1,Sense Especificar,-1.0,3,3,1,0,0,0,0,0,0,0,0,0,0,2,4,-1,-1,Xoc contra objecte/obstacle sense sortida prèvia de via,3,2,2,5,-1,2,1,16.1,1,4,1,15,1
17657,2019,1,2019-01-29,SE,BADALONA,Barcelones,3,0,1,0,2,1,0,0,0,1,0,0,0,20.0,0.0,0,-1,No n'hi ha,-1.0,3,3,1,0,0,0,0,0,0,0,0,0,0,1,4,5,-1,Atropellament,1,2,2,5,-1,2,1,19.25,1,3,1,29,1
17658,2019,1,2019-06-13,SE,GRANOLLERS,Valles Oriental,3,0,1,0,2,0,0,0,1,1,0,0,0,100.0,0.0,0,2,No n'hi ha,-1.0,3,3,1,0,0,0,0,0,0,0,0,0,0,2,4,3,1,Fregament o col·lisió lateral,1,2,2,5,-1,2,1,7.3,0,2,3,13,6
17659,2019,1,2019-10-20,C-17,BARCELONA,Barcelones,3,1,0,0,2,0,0,0,1,1,0,0,0,80.0,0.0,1,-1,No n'hi ha,-1.0,1,3,0,0,0,0,0,0,0,0,0,0,0,0,3,-1,0,Sortida de via amb xoc o col·lisió,-1,0,0,4,-1,2,0,6.4,0,1,6,20,10
17660,2019,0,2019-05-29,C-55,OLESA DE MONTSERRAT,Baix Llobregat,3,0,1,0,2,0,0,0,0,1,0,1,0,100.0,0.0,0,1,Carril avançament,-1.0,3,3,1,0,0,0,0,0,0,0,0,0,0,0,4,-1,1,Encalç,-1,1,2,4,2,2,1,18.31,1,2,2,29,5
17661,2019,0,2019-04-18,N-II,ALCARRAS,Segria,2,0,1,0,1,0,0,0,0,1,0,0,0,80.0,0.0,0,1,No n'hi ha,-1.0,3,3,1,0,0,0,0,0,0,0,0,0,0,0,3,-1,1,Resta sortides de via,-1,1,2,4,1,2,1,22.31,2,1,3,18,4
17662,2019,1,2019-07-06,SE,RUBI,Valles Occidental,3,0,1,0,2,1,0,0,0,1,0,0,0,100.0,0.0,0,2,No n'hi ha,-1.0,3,3,1,0,0,0,0,0,0,0,0,0,0,0,4,-1,0,Atropellament,-1,2,2,5,-1,2,0,13.1,0,3,5,6,7
17663,2019,1,2019-05-25,SE,BADALONA,Barcelones,3,0,1,3,2,0,0,0,0,2,0,0,0,20.0,0.0,0,-1,No n'hi ha,-1.0,3,3,1,0,-1,0,0,0,0,0,0,0,0,1,4,3,-1,Encalç,2,2,2,5,-1,2,0,12.06,0,2,5,25,5
17664,2019,1,2019-05-28,SE,CASTELLCIR,Moianès,3,0,1,0,2,0,1,0,0,1,0,0,0,30.0,0.0,0,2,No n'hi ha,-1.0,3,3,1,0,0,0,0,0,0,0,0,0,0,0,4,-1,1,Encalç,-1,0,2,4,4,2,1,14.16,1,2,1,28,5
17665,2019,0,2019-05-19,C-65,GIRONA,Girones,1,1,0,1,2,0,0,0,0,2,0,0,0,100.0,0.0,0,3,No n'hi ha,-1.0,3,3,0,0,0,0,0,0,0,0,0,0,0,0,2,-1,1,Col·lisió frontal,-1,1,2,4,3,2,0,6.46,0,2,6,19,5
17666,2019,0,2019-10-26,C-31,VILANOVA I LA GELTRU,Garraf,3,0,1,1,4,0,0,0,1,3,0,0,0,70.0,0.0,0,2,No n'hi ha,-1.0,3,3,1,0,0,0,0,0,0,0,0,0,0,0,3,-1,1,Encalç,-1,1,2,4,2,2,0,20.17,1,2,5,26,10
17667,2019,0,2019-06-11,C-243a,SUBIRATS,Alt Penedes,3,0,1,3,2,0,0,0,0,2,0,0,0,100.0,0.0,0,3,No n'hi ha,-1.0,1,3,1,0,0,0,0,0,0,0,0,0,0,0,2,-1,1,Fregament o col·lisió lateral,-1,1,2,4,2,2,1,15.27,1,2,1,11,6
17668,2019,1,2019-06-06,SE,CASTELLO D'EMPURIES,Alt Emporda,1,0,1,0,2,0,1,0,0,1,0,0,0,100.0,0.0,0,2,No n'hi ha,-1.0,3,3,1,0,0,0,0,0,0,0,0,0,0,1,4,5,1,Envestida (frontal lateral),1,2,2,5,0,2,1,13.19,0,2,3,6,6
17669,2019,0,2019-02-25,CR,"POBLA DE SEGUR, LA",Pallars Jussa,2,0,1,0,1,0,0,0,0,1,0,0,0,50.0,0.0,0,1,No n'hi ha,-1.0,3,3,1,0,0,0,0,0,0,0,0,0,0,0,4,-1,1,Resta sortides de via,-1,1,2,4,3,2,1,11.49,0,1,0,25,2
17670,2019,1,2019-03-07,SE,"VENDRELL, EL",Baix Penedes,0,0,1,0,2,1,0,0,0,1,0,0,0,40.0,1.0,0,-1,No n'hi ha,-1.0,3,3,1,-1,-1,0,0,-1,0,0,0,0,-1,1,5,4,-1,Atropellament,1,2,2,5,-1,2,1,20.09,1,3,3,7,3
17671,2019,1,2019-10-25,SE,BARCELONA,Barcelones,3,0,1,0,1,0,0,0,1,0,0,0,0,100.0,0.0,1,-1,Carril bus,-1.0,3,3,1,0,0,0,0,0,0,0,0,0,0,0,4,-1,0,Sortida de via amb xoc o col·lisió,-1,2,2,5,-1,2,1,8.05,0,1,4,25,10
17672,2019,1,2019-09-02,SE,BERGA,Bergueda,3,0,1,0,1,0,0,1,0,0,0,0,0,20.0,0.0,0,-1,No n'hi ha,-1.0,3,3,1,-1,0,0,0,-1,0,0,0,0,-1,0,4,-1,1,Xoc contra objecte/obstacle sense sortida prèvia de via,-1,2,2,5,-1,2,1,16.01,1,4,0,2,9
17673,2019,0,2019-05-05,LL-11,LLEIDA,Segria,2,1,0,0,1,0,0,0,1,0,0,0,0,40.0,0.0,0,2,No n'hi ha,-1.0,3,3,0,0,0,0,0,0,0,0,0,0,0,2,1,4,1,Resta sortides de via,0,1,2,4,1,2,0,21.11,1,1,6,5,5
17674,2019,0,2019-11-01,C-17,LLICA DE VALL,Valles Oriental,3,0,1,0,3,0,0,0,0,3,0,0,0,60.0,0.0,0,2,Carril acceleració,3.0,3,3,1,0,1,1,0,0,1,0,1,0,0,0,3,-1,0,Encalç,-1,1,2,4,2,2,0,18.55,1,2,4,1,11
17675,2019,1,2019-10-08,SE,VILAFRANCA DEL PENEDES,Alt Penedes,3,0,1,0,2,0,0,0,1,1,0,0,0,100.0,1.0,0,2,No n'hi ha,-1.0,3,3,1,0,0,0,0,0,0,0,0,0,0,2,4,4,0,Envestida (frontal lateral),0,2,2,5,-1,2,1,12.2,0,2,1,8,10
17676,2019,0,2019-03-30,N-II,MATARO,Maresme,3,1,0,0,2,1,0,0,0,1,0,0,0,90.0,0.0,0,-1,Sense Especificar,-1.0,3,3,0,0,0,0,0,0,0,0,0,0,0,0,4,-1,-1,Atropellament,-1,1,2,4,4,2,0,5.38,2,3,5,30,3
17677,2019,1,2019-04-08,SE,SANTA COLOMA DE GRAMANET,Barcelones,3,0,1,0,2,1,0,0,0,1,0,0,0,20.0,0.0,0,-1,Sense Especificar,-1.0,3,3,1,0,0,0,0,0,0,0,0,0,0,0,4,-1,-1,Atropellament,-1,2,2,5,-1,2,1,19.45,1,3,0,8,4
17678,2019,1,2019-04-08,SE,BARCELONA,Barcelones,3,0,1,0,2,1,0,0,0,1,0,0,0,100.0,0.0,1,-1,No n'hi ha,-1.0,3,3,1,0,0,0,0,0,0,0,0,0,0,1,4,-1,0,Atropellament,2,2,2,5,-1,2,1,13.2,0,3,0,8,4
17679,2019,1,2019-03-18,SE,SANT BOI DE LLOBREGAT,Baix Llobregat,3,0,1,0,2,0,0,0,1,1,0,0,0,20.0,0.0,0,-1,No n'hi ha,-1.0,3,3,1,-1,-1,0,0,-1,0,0,0,0,0,0,4,-1,-1,Envestida (frontal lateral),-1,2,2,5,-1,2,1,14.14,1,2,0,18,3
17680,2019,0,2019-07-04,TV-7211,CONSTANTI,Tarragones,0,0,1,0,1,0,0,0,1,0,0,0,0,90.0,0.0,0,-1,Sense Especificar,-1.0,3,3,1,0,0,0,0,0,0,0,0,0,0,0,4,-1,-1,Resta sortides de via,-1,1,2,4,4,2,1,17.46,1,1,3,4,7
17681,2019,1,2019-09-09,SE,MONTCADA I REIXAC,Valles Occidental,3,0,1,0,1,0,0,0,1,0,0,0,0,20.0,1.0,0,2,No n'hi ha,-1.0,3,3,1,0,0,0,0,0,0,0,0,0,0,1,5,5,0,Encalç,1,2,2,5,-1,2,1,5.45,2,2,0,9,9
17682,2019,0,2019-03-22,B-433,ORISTA,Osona,3,0,1,0,1,0,1,0,0,0,0,0,0,100.0,0.0,0,1,No n'hi ha,-1.0,3,3,1,0,0,0,0,0,0,0,0,0,0,0,4,-1,1,Caiguda en la via,-1,1,2,4,3,2,0,17.27,1,0,4,22,3
17683,2019,1,2019-08-08,TV-3405,AMPOSTA,Montsia,0,0,1,0,2,0,0,0,1,1,0,0,0,100.0,0.0,0,2,No n'hi ha,-1.0,3,3,1,0,0,0,0,0,0,0,0,0,0,1,1,5,1,Fregament o col·lisió lateral,1,0,2,4,3,2,1,19.15,1,2,3,8,8
17684,2019,1,2019-01-03,SE,VIC,Osona,3,0,1,0,2,1,0,0,0,1,0,0,0,100.0,0.0,0,2,No n'hi ha,-1.0,3,3,1,0,0,0,0,0,0,0,0,0,0,0,5,-1,1,Atropellament,-1,2,2,5,-1,2,1,19.05,1,3,3,3,1
17685,2019,0,2019-08-21,TP-2036,PUIGPELAT,Alt Camp,0,0,1,0,1,0,0,0,0,1,0,0,0,40.0,0.0,0,2,No n'hi ha,-1.0,3,3,1,0,0,0,0,0,0,0,0,0,0,0,4,-1,1,Resta sortides de via,-1,1,2,4,3,2,1,15.29,1,1,2,21,8
17686,2019,0,2019-01-07,C-28,NAUT ARAN,Val d'Aran,2,0,1,0,1,0,0,0,0,1,0,0,0,100.0,0.0,0,1,No n'hi ha,-1.0,3,3,1,0,0,0,0,0,0,0,0,0,0,0,1,-1,1,Resta sortides de via,-1,1,2,4,2,2,1,8.38,0,1,0,7,1
17687,2019,0,2019-08-27,B-224,PIERA,Anoia,3,2,0,0,2,0,0,0,0,1,1,0,0,50.0,0.0,0,2,No n'hi ha,-1.0,1,3,0,0,0,0,0,0,0,0,0,0,0,0,2,-1,1,Envestida (frontal lateral),-1,1,2,4,2,2,1,17.12,1,2,1,27,8
17688,2019,0,2019-08-04,B-10,BARCELONA,Barcelones,3,0,1,0,2,0,0,0,1,1,0,0,0,80.0,0.0,1,-1,No n'hi ha,-1.0,3,3,1,0,0,0,0,0,0,0,0,0,0,0,4,-1,0,Encalç,-1,1,2,1,-1,2,0,19.15,1,2,6,4,8
17689,2019,1,2019-12-13,N-II,BELL-LLOC D'URGELL,Pla d'Urgell,2,0,1,0,2,0,0,0,0,2,0,0,0,100.0,0.0,0,2,No n'hi ha,-1.0,3,3,1,0,0,0,0,0,0,0,0,0,0,1,5,4,1,Col·lisió frontal,1,0,2,4,1,2,0,20.11,1,2,4,13,12
17690,2019,0,2019-02-22,BP-5002,ALELLA,Maresme,3,0,1,0,2,0,0,0,1,1,0,0,0,90.0,0.0,0,-1,No n'hi ha,-1.0,3,3,1,-1,0,0,0,-1,0,0,0,0,0,1,5,4,1,Envestida (frontal lateral),1,1,2,4,2,2,0,19.5,1,2,4,22,2
17691,2019,1,2019-08-05,SE,SABADELL,Valles Occidental,3,0,1,1,2,0,0,0,0,2,0,0,0,100.0,0.0,0,-1,No n'hi ha,-1.0,3,3,1,0,0,0,0,0,0,0,0,0,0,0,4,-1,-1,Envestida (frontal lateral),-1,2,2,5,-1,2,1,14.42,1,2,0,5,8
17692,2019,1,2019-04-03,SE,"VENDRELL, EL",Baix Penedes,0,0,1,1,2,0,0,0,0,2,0,0,0,40.0,0.0,0,-1,No n'hi ha,-1.0,1,3,1,-1,-1,0,0,-1,0,0,0,0,-1,1,1,4,1,Envestida (frontal lateral),2,2,0,5,0,2,1,20.27,1,2,2,3,4
17693,2019,0,2019-04-17,C-32,HOSPITALET DE LLOBREGAT,Barcelones,3,0,1,0,2,0,0,0,1,1,0,0,0,80.0,0.0,0,2,No n'hi ha,-1.0,3,3,1,0,0,0,0,0,0,0,0,0,0,0,4,-1,0,Encalç,-1,1,2,4,2,2,1,7.52,0,2,2,17,4
17694,2019,1,2019-11-12,SE,IGUALADA,Anoia,3,0,1,0,2,1,0,0,1,0,0,0,0,50.0,0.0,0,2,No n'hi ha,-1.0,3,3,1,-1,0,0,0,-1,0,0,0,0,-1,1,5,2,0,Atropellament,2,2,2,5,-1,2,1,18.43,1,3,1,12,11
17695,2019,1,2019-08-08,SE,CAMBRILS,Baix Camp,0,0,1,1,2,1,0,0,0,1,0,0,0,100.0,0.0,0,2,No n'hi ha,-1.0,3,3,1,0,0,0,0,0,0,0,0,0,0,0,4,-1,1,Atropellament,-1,2,2,5,-1,2,1,18.25,1,3,3,8,8
17696,2019,1,2019-11-01,SE,"VENDRELL, EL",Baix Penedes,0,0,1,0,2,0,0,0,0,1,0,1,0,40.0,0.0,0,2,No n'hi ha,-1.0,3,3,1,-1,0,0,0,-1,0,0,0,0,1,0,4,-1,1,Envestida (frontal lateral),-1,2,2,5,0,2,1,13.15,0,2,4,1,11
17697,2019,0,2019-04-13,N-260,COLERA,Alt Emporda,1,0,1,0,2,0,0,0,1,1,0,0,0,40.0,0.0,0,2,No n'hi ha,-1.0,3,3,1,0,0,0,0,0,0,0,0,0,0,0,4,-1,1,Envestida (frontal lateral),-1,1,2,4,1,2,0,10.18,0,2,5,13,4
17698,2019,0,2019-10-19,BV-2415,OLERDOLA,Alt Penedes,3,0,1,1,2,0,0,0,1,1,0,0,0,50.0,0.0,0,2,No n'hi ha,-1.0,3,3,1,0,0,0,0,0,0,0,0,0,0,0,1,-1,1,Col·lisió frontal,-1,1,2,4,3,2,0,19.0,1,2,5,19,10
17699,2019,0,2019-10-22,C-17,SEVA,Osona,3,0,1,0,1,0,0,0,0,1,0,0,0,80.0,0.0,0,2,No n'hi ha,-1.0,3,3,1,0,0,0,1,0,0,0,0,0,0,1,2,5,1,Resta sortides de via,3,1,2,4,2,2,1,16.56,1,1,1,22,10
17700,2019,0,2019-07-09,L-702,PUIGVERD DE LLEIDA,Segria,2,1,0,0,2,0,1,0,0,1,0,0,0,50.0,0.0,0,2,No n'hi ha,-1.0,3,3,0,0,0,0,0,0,0,0,0,0,0,0,4,-1,1,Encalç,-1,1,2,4,3,2,1,19.06,1,2,1,9,7
17701,2019,1,2019-09-27,SE,SABADELL,Valles Occidental,3,1,0,0,1,0,0,0,0,1,0,0,0,100.0,0.0,0,1,No n'hi ha,-1.0,3,3,0,0,0,0,0,0,0,0,0,0,0,0,5,-1,0,Xoc contra objecte/obstacle sense sortida prèvia de via,-1,2,2,5,-1,2,1,0.55,2,4,4,27,9
17702,2019,1,2019-11-13,SE,BARCELONA,Barcelones,3,0,1,1,1,0,0,0,1,0,0,0,0,100.0,0.0,1,-1,No n'hi ha,-1.0,3,3,1,0,0,0,0,0,0,0,0,0,0,1,4,-1,1,Sortida de via amb xoc o col·lisió,1,2,2,5,-1,2,1,16.1,1,1,2,13,11
17703,2019,0,2019-12-05,C-12,GARCIA,Ribera d'Ebre,0,0,1,2,2,0,0,0,0,2,0,0,0,100.0,0.0,0,1,No n'hi ha,-1.0,1,3,1,0,0,0,0,0,0,0,0,0,0,0,2,-1,1,Col·lisió frontal,-1,1,2,4,2,2,1,13.24,0,2,3,5,12
17704,2019,0,2019-10-12,B-124,CASTELLAR DEL VALLES,Valles Occidental,3,0,1,1,3,2,0,0,0,1,0,0,0,50.0,0.0,0,2,No n'hi ha,-1.0,3,3,1,0,0,0,0,0,0,0,0,0,0,1,1,4,1,Atropellament,1,1,2,4,4,2,0,7.58,0,3,5,12,10
17705,2019,0,2019-09-12,A-2,SANT ANFREU DE LA BARCA,Baix Llobregat,3,1,0,1,5,0,0,0,1,4,0,0,0,40.0,0.0,0,3,No n'hi ha,-1.0,3,3,0,0,0,0,0,0,0,0,0,0,0,2,4,4,0,Encalç,0,1,2,4,1,2,1,15.18,1,2,3,12,9
17706,2019,0,2019-06-29,GI-664,"CRUILLES, MONELLS I SANT SADURNI DE L'HE",Baix Emporda,1,0,1,0,1,0,0,0,1,0,0,0,0,90.0,0.0,0,-1,Sense Especificar,-1.0,3,3,1,0,0,0,0,0,0,0,0,0,0,0,4,-1,-1,Altres,-1,1,2,4,4,2,0,9.47,0,5,5,29,6
17707,2019,0,2019-06-15,C-31,PALS,Baix Emporda,1,0,1,0,1,0,0,0,0,1,0,0,0,90.0,0.0,0,2,No n'hi ha,-1.0,3,3,1,0,0,0,0,0,0,0,0,0,0,2,3,2,1,Resta sortides de via,1,1,2,4,2,2,0,3.1,2,1,5,15,6
17708,2019,1,2019-06-20,SE,BARCELONA,Barcelones,3,0,1,1,3,2,0,0,1,0,0,0,0,100.0,0.0,1,-1,No n'hi ha,-1.0,3,3,1,0,0,0,0,0,0,0,0,0,0,1,0,-1,1,Atropellament,2,2,2,5,-1,2,1,22.15,2,3,3,20,6
17709,2019,1,2019-12-07,SE,MATARO,Maresme,3,0,1,0,2,0,0,1,0,1,0,0,0,20.0,0.0,0,-1,No n'hi ha,-1.0,3,3,1,-1,0,0,0,-1,0,0,0,0,-1,1,5,3,1,Col·lisió frontal,2,2,2,5,-1,2,0,18.3,1,2,5,7,12
17710,2019,0,2019-02-10,T-722,VALLS,Alt Camp,0,1,0,0,1,0,0,0,0,0,0,1,0,100.0,0.0,0,3,No n'hi ha,-1.0,3,3,0,0,0,0,0,0,0,0,0,0,0,0,3,-1,1,Resta sortides de via,-1,1,2,4,3,2,0,20.3,1,1,6,10,2
17711,2019,1,2019-02-09,SE,BAGA,Bergueda,3,0,1,0,1,0,0,0,0,0,0,1,0,20.0,0.0,0,-1,Sense Especificar,-1.0,3,3,1,0,0,0,0,0,0,0,0,0,0,0,4,-1,-1,Resta sortides de via,-1,2,2,5,-1,2,0,8.29,0,1,5,9,2
17712,2019,0,2019-06-27,C-17,MONTCADA I REIXAC,Valles Occidental,3,0,1,1,2,0,0,0,1,1,0,0,0,50.0,0.0,0,3,No n'hi ha,-1.0,3,3,1,0,0,0,0,0,0,0,0,0,0,0,4,-1,1,Fregament o col·lisió lateral,-1,1,2,4,2,2,1,19.21,1,2,3,27,6
17713,2019,1,2019-07-04,SE,TERRASSA,Valles Occidental,3,0,1,0,2,0,0,0,1,1,0,0,0,100.0,0.0,0,2,Carril bici,-1.0,3,3,1,0,0,0,0,0,0,0,0,0,1,1,4,4,1,Envestida (frontal lateral),2,2,2,5,-1,2,1,12.4,0,2,3,4,7
17714,2019,1,2019-05-14,SE,VILADECANS,Baix Llobregat,3,0,1,1,3,2,0,0,0,1,0,0,0,100.0,0.0,0,2,No n'hi ha,-1.0,3,3,1,0,0,0,0,0,0,0,0,0,0,2,1,4,1,Atropellament,2,2,2,5,-1,2,1,8.3,0,3,1,14,5