,Year,Area,Date,Road,Municipality Name,County Name,Province Name,Fatalties,Serious Injuries,Light Injuries,Units Involved,Pedestrains Involved,Bicycles Involved,Mopeds Involved,Motorcycles,Light Vehicles Involved,Heavy Vehicles Involved,Other Units Involved,Unspecified Units Involved,Road Speed Limit,Accident with Hit and Run,Fog Presence,Surrounding Environment,Special Lane Presence,Special Traffic Measures,Weather Conditions,Special Road Functions,Severity of Accident,Influence of Fog,Influence of Environment,Influence of Traffic,Influence of Weather,Influence of Wind Intensity,Influence of Lighting,Influence of Special Measures,Influence of Road Objects,Influence of Road Surface,Influence of Visibility,Intersection Characteristics,Lighting Conditions,Traffic Regulation and Priority,Direction of Road,Subtype of Accident,Subtype of Road Section,Subzone within Area,Road Surface Conditions,Type of Road,Road Ownership,Wind Conditions,Day of the Week Grouping,Hour of Day,Time of Day Grouping,Type of Accident,Day Type,Day,Month
17715,2019,0,2019-09-15,C-16,TERRASSA,Valles Occidental,3,1,0,0,1,0,0,0,0,1,0,0,0,100.0,0.0,0,-1,No n'hi ha,-1.0,3,3,0,0,0,0,0,0,0,0,0,0,0,0,4,-1,-1,Resta sortides de via,-1,1,2,4,-1,2,0,5.1,2,1,6,15,9
17716,2019,0,2019-05-11,C-32,SANT BOI DE LLOBREGAT,Baix Llobregat,3,0,1,0,1,0,0,0,1,0,0,0,0,90.0,0.0,0,-1,Sense Especificar,-1.0,3,3,1,0,0,0,0,0,0,0,0,0,0,0,4,-1,-1,Xoc contra objecte/obstacle sense sortida prèvia de via,-1,1,2,4,4,2,0,17.55,1,4,5,11,5
17717,2019,0,2019-05-05,GI-664,"CRUILLES, MONELLS I SANT SADURNI DE L'HE",Baix Emporda,1,0,1,0,1,0,1,0,0,0,0,0,0,90.0,0.0,0,-1,Sense Especificar,-1.0,3,3,1,0,0,0,0,0,0,0,0,0,0,0,4,-1,-1,Altres,-1,1,2,4,4,2,0,11.48,0,5,6,5,5
17718,2019,0,2019-07-07,C-58,RIPOLLET,Valles Occidental,3,0,1,0,1,0,0,0,1,0,0,0,0,90.0,0.0,0,-1,Sense Especificar,-1.0,3,3,1,0,0,0,0,0,0,0,0,0,0,0,4,-1,-1,Resta sortides de via,-1,1,2,4,4,2,0,13.49,0,1,6,7,7
17719,2019,1,2019-03-07,SE,BARCELONA,Barcelones,3,0,1,1,2,1,0,0,1,0,0,0,0,100.0,0.0,1,-1,No n'hi ha,-1.0,3,3,1,0,0,0,0,0,0,0,0,0,0,1,0,-1,0,Atropellament,2,2,2,5,-1,2,1,19.29,1,3,3,7,3
17720,2019,0,2019-08-13,BP-5107,SANT ANTONI DE VILAM,Valles Oriental,3,0,1,0,2,0,0,0,1,1,0,0,0,60.0,0.0,0,2,No n'hi ha,-1.0,3,3,1,0,0,0,0,0,0,0,0,0,0,0,4,-1,1,Caiguda en la via,-1,1,2,4,3,2,1,7.21,0,0,1,13,8
17721,2019,0,2019-10-12,C-55,SANT VICENC DE CASTELLERS,Bages,3,0,1,1,2,0,0,0,1,1,0,0,0,80.0,0.0,0,1,No n'hi ha,-1.0,3,3,1,0,0,1,0,0,0,0,0,0,0,0,2,-1,1,Encalç,-1,1,2,4,2,2,0,9.32,0,2,5,12,10
17722,2019,1,2019-02-14,N-II,MATARO,Maresme,3,0,1,0,2,0,0,0,1,1,0,0,0,90.0,0.0,0,-1,No n'hi ha,-1.0,3,3,1,0,-1,0,0,0,0,0,0,0,0,0,5,-1,-1,Caiguda en la via,-1,0,2,4,-1,2,1,20.55,1,0,3,14,2
17723,2019,0,2019-03-09,TV-7041,ALCOVER,Alt Camp,0,0,1,0,2,0,0,0,1,1,0,0,0,100.0,0.0,0,1,No n'hi ha,-1.0,3,3,1,0,0,0,0,0,0,0,0,0,0,0,4,-1,1,Fregament o col·lisió lateral,-1,1,2,4,2,2,0,11.29,0,2,5,9,3
17724,2019,1,2019-08-28,SE,BARCELONA,Barcelones,3,0,1,1,3,1,0,0,2,0,0,0,0,30.0,0.0,1,-1,No n'hi ha,-1.0,3,3,1,0,0,0,0,0,0,0,0,0,0,1,0,-1,0,Atropellament,2,2,2,5,-1,2,1,22.5,2,3,2,28,8
17725,2019,1,2019-01-17,SE,MANRESA,Bages,3,0,1,0,2,1,0,0,0,1,0,0,0,100.0,0.0,0,2,No n'hi ha,-1.0,3,3,1,0,0,0,0,0,0,0,0,0,0,0,5,-1,0,Atropellament,-1,2,2,5,-1,2,1,20.35,1,3,3,17,1
17726,2019,0,2019-06-12,C-31,VILADECANS,Baix Llobregat,3,0,1,0,2,0,1,0,0,1,0,0,0,100.0,0.0,0,2,No n'hi ha,-1.0,3,3,1,0,0,0,0,0,0,0,0,0,0,2,4,4,0,Encalç,3,1,2,4,2,2,1,20.32,1,2,2,12,6
17727,2019,1,2019-02-14,SE,"SEU D'URGELL, LA",Alt Urgell,2,0,1,0,1,0,0,0,0,1,0,0,0,20.0,0.0,0,-1,No n'hi ha,-1.0,3,3,1,-1,0,0,0,-1,0,0,0,0,-1,0,0,-1,0,Xoc contra objecte/obstacle sense sortida prèvia de via,-1,2,2,5,-1,2,1,21.58,1,4,3,14,2
17728,2019,1,2019-11-10,SE,CASTELLDEFELS,Baix Llobregat,3,0,1,0,2,0,1,0,0,0,1,0,0,100.0,0.0,0,2,No n'hi ha,-1.0,3,3,1,0,0,0,0,0,0,0,0,0,0,0,4,-1,1,Caiguda en la via,-1,2,2,5,-1,2,0,9.43,0,0,6,10,11
17729,2019,0,2019-02-17,GI-681,TOSSA DE MAR,Selva,1,0,1,0,2,0,0,0,2,0,0,0,0,100.0,0.0,0,2,No n'hi ha,-1.0,3,3,1,0,0,0,0,0,0,0,0,0,0,0,4,-1,1,Encalç,-1,1,2,4,2,2,0,12.31,0,2,6,17,2
17730,2019,0,2019-03-26,C-28,NAUT ARAN,Val d'Aran,2,0,1,0,1,0,0,0,0,1,0,0,0,100.0,0.0,0,1,No n'hi ha,-1.0,3,3,1,0,0,0,0,0,0,0,0,0,0,0,3,-1,1,Resta sortides de via,-1,1,2,4,2,2,1,22.47,2,1,1,26,3
17731,2019,0,2019-12-20,N-141c,SANT FRUITOS DE BAGES,Bages,3,0,1,1,3,0,0,0,0,3,0,0,0,60.0,0.0,0,2,Carril acceleració,-1.0,2,3,1,0,0,0,1,0,0,0,0,0,0,2,3,4,1,Col·lisió frontal,1,1,2,4,3,2,1,6.54,0,2,4,20,12
17732,2019,0,2019-12-05,C-66,SERINYA,Pla de l'Estany,1,0,1,0,2,0,0,0,1,1,0,0,0,80.0,0.0,0,1,No n'hi ha,-1.0,1,3,1,0,0,0,0,0,0,0,0,0,0,0,3,-1,1,Envestida (frontal lateral),-1,1,2,4,2,2,1,22.35,2,2,3,5,12
17733,2019,1,2019-02-28,N-II,SANT ADRIA DE BESOS,Barcelones,3,0,1,0,1,0,0,0,0,0,1,0,0,90.0,0.0,0,2,No n'hi ha,-1.0,3,3,1,-1,0,0,0,-1,0,0,0,0,-1,0,4,-1,1,Caiguda en la via,-1,0,2,4,-1,2,1,10.0,0,0,3,28,2
17734,2019,1,2019-02-06,SE,CASTELLDEFELS,Baix Llobregat,3,0,1,0,1,0,0,0,0,0,1,0,0,100.0,0.0,0,2,No n'hi ha,-1.0,3,3,1,0,0,0,0,0,0,0,0,0,0,0,4,-1,1,Altres,-1,2,2,5,-1,2,1,17.43,1,5,2,6,2
17735,2019,0,2019-03-02,C-32,CORNELLA DE LLOBREGAT,Baix Llobregat,3,1,0,0,3,0,0,0,1,2,0,0,0,80.0,0.0,0,2,No n'hi ha,-1.0,3,3,0,0,0,0,0,0,0,0,0,0,0,0,4,-1,1,Caiguda en la via,-1,1,1,4,2,2,0,12.43,0,0,5,2,3
17736,2019,0,2019-03-25,N-260,FIGUERES,Alt Emporda,1,0,1,0,1,0,0,0,0,1,0,0,0,90.0,0.0,0,-1,Sense Especificar,-1.0,3,3,1,0,0,0,0,0,0,0,0,0,0,0,4,-1,-1,Resta sortides de via,-1,1,2,4,4,2,1,5.38,2,1,0,25,3
17737,2019,0,2019-12-21,N-240,TARRAGONA,Tarragones,0,0,1,1,2,0,0,0,1,1,0,0,0,100.0,1.0,0,2,No n'hi ha,-1.0,3,3,1,0,0,0,0,0,0,0,0,0,0,0,4,-1,1,Altres,-1,1,2,4,1,2,0,13.01,0,5,5,21,12
17738,2019,1,2019-01-28,SE,TERRASSA,Valles Occidental,3,0,1,0,2,0,0,1,0,1,0,0,0,100.0,0.0,0,-1,No n'hi ha,-1.0,3,3,1,0,0,0,0,0,0,0,0,0,0,0,4,-1,-1,Fregament o col·lisió lateral,-1,2,2,5,-1,2,1,9.15,0,2,0,28,1
17739,2019,0,2019-09-16,C-58,SABADELL,Valles Occidental,3,0,1,0,1,0,0,0,0,1,0,0,0,90.0,0.0,0,-1,Sense Especificar,-1.0,3,3,1,0,0,0,0,0,0,0,0,0,0,1,4,4,-1,Resta sortides de via,3,1,2,4,4,2,1,14.0,1,1,0,16,9
17740,2019,0,2019-10-24,N-II,VILASSAR DE MAR,Maresme,3,0,1,0,2,1,0,0,1,0,0,0,0,50.0,0.0,0,2,No n'hi ha,-1.0,3,3,1,0,0,0,0,0,0,0,0,0,0,0,4,-1,1,Atropellament,-1,1,2,4,1,2,1,9.49,0,3,3,24,10
17741,2019,0,2019-11-18,B-10,SANT ADRIA DE BESOS,Barcelones,3,1,0,0,3,0,0,0,1,2,0,0,0,80.0,0.0,0,2,No n'hi ha,-1.0,3,3,0,0,0,0,0,0,0,0,0,0,0,2,5,2,0,Envestida (frontal lateral),3,1,2,4,0,2,1,7.26,0,2,0,18,11
17742,2019,0,2019-08-24,TV-3409,DELTEBRE,Baix Ebre,0,0,3,2,2,0,0,0,0,2,0,0,0,100.0,0.0,0,1,No n'hi ha,-1.0,3,3,1,0,0,0,0,0,0,0,0,0,0,1,4,5,1,Envestida (frontal lateral),2,1,2,4,3,2,0,15.56,1,2,5,24,8
17743,2019,1,2019-08-31,SE,BARCELONA,Barcelones,3,0,1,0,1,0,0,0,0,0,1,0,0,100.0,0.0,1,-1,No n'hi ha,-1.0,3,3,1,0,0,0,0,0,0,0,0,0,0,1,4,-1,1,Caiguda en la via,2,2,2,5,-1,2,0,12.4,0,0,5,31,8
17744,2019,1,2019-09-21,SE,BARCELONA,Barcelones,3,0,1,1,2,0,0,0,1,1,0,0,0,100.0,0.0,1,-1,No n'hi ha,-1.0,3,3,1,0,0,0,0,0,0,0,0,0,0,1,0,-1,1,Envestida (frontal lateral),2,2,2,5,-1,2,0,4.05,2,2,5,21,9
17745,2019,1,2019-06-21,SE,BADALONA,Barcelones,3,0,1,0,2,1,0,0,0,1,0,0,0,20.0,0.0,0,1,No n'hi ha,-1.0,3,3,1,-1,0,0,0,-1,0,0,0,0,0,1,4,5,0,Atropellament,0,2,2,5,-1,2,1,8.2,0,3,4,21,6
17746,2019,1,2019-03-21,SE,BARCELONA,Barcelones,3,0,1,0,2,0,0,0,1,1,0,0,0,100.0,0.0,1,-1,No n'hi ha,-1.0,3,3,1,0,0,0,0,0,0,0,0,0,0,0,4,-1,0,Envestida (frontal lateral),-1,2,2,5,-1,2,1,17.0,1,2,3,21,3
17747,2019,1,2019-07-14,SE,SANTA CRISTINA D'ARO,Baix Emporda,1,0,1,1,2,0,0,0,1,1,0,0,0,20.0,0.0,0,-1,No n'hi ha,-1.0,1,3,1,-1,-1,0,0,-1,0,0,0,0,-1,1,2,4,1,Fregament o col·lisió lateral,2,2,0,5,-1,2,0,20.48,1,2,6,14,7
17748,2019,0,2019-08-31,B-402,GUARDIOLA DE BERGUEDA,Bergueda,3,0,1,0,2,0,0,0,1,1,0,0,0,100.0,0.0,0,2,No n'hi ha,-1.0,3,3,1,0,0,0,0,0,0,0,0,0,0,0,4,-1,1,Col·lisió frontal,-1,1,2,4,4,2,0,11.16,0,2,5,31,8
17749,2019,1,2019-02-18,SE,"ROCA DEL VALLES, LA",Valles Oriental,3,0,1,0,2,0,0,0,1,1,0,0,0,100.0,0.0,0,-1,No n'hi ha,-1.0,3,3,1,0,0,0,0,0,0,0,0,0,0,0,4,-1,1,Caiguda en la via,-1,2,2,5,3,2,1,15.0,1,0,0,18,2
17750,2019,0,2019-04-28,BV-4501,SANTPEDOR,Bages,3,0,1,0,1,0,0,0,0,1,0,0,0,100.0,0.0,0,2,No n'hi ha,-1.0,3,3,1,0,0,0,0,0,0,0,0,0,0,0,2,-1,1,Resta sortides de via,-1,1,2,4,3,2,0,20.23,1,1,6,28,4
17751,2019,1,2019-02-12,SE,BARCELONA,Barcelones,3,0,1,0,2,0,1,0,0,1,0,0,0,100.0,0.0,1,-1,No n'hi ha,-1.0,3,3,1,0,0,0,0,0,0,0,0,0,0,1,0,-1,1,Envestida (frontal lateral),2,2,2,5,-1,2,1,18.4,1,2,1,12,2
17752,2019,1,2019-01-30,SE,MATARO,Maresme,3,0,1,0,2,1,0,0,0,1,0,0,0,20.0,0.0,0,-1,No n'hi ha,-1.0,3,3,1,0,0,0,0,0,0,0,0,0,0,1,4,3,0,Atropellament,2,2,2,5,-1,2,1,11.15,0,3,2,30,1
17753,2019,1,2019-02-09,SE,MATARO,Maresme,3,0,1,0,2,1,0,0,0,1,0,0,0,20.0,0.0,0,-1,No n'hi ha,-1.0,3,3,1,0,-1,0,0,0,0,0,0,0,0,1,5,2,-1,Atropellament,2,2,2,5,-1,2,0,20.13,1,3,5,9,2
17754,2019,0,2019-06-23,C-37,QUEROL,Alt Camp,0,0,1,0,1,0,0,0,1,0,0,0,0,90.0,0.0,0,-1,Sense Especificar,-1.0,3,3,1,0,0,0,0,0,0,0,0,0,0,0,4,-1,-1,Altres,-1,1,2,4,4,2,0,16.29,1,5,6,23,6
17755,2019,1,2019-10-10,SE,SANT FELIU DE LLOBREGAT,Baix Llobregat,3,0,1,0,2,1,0,0,0,1,0,0,0,100.0,0.0,0,2,No n'hi ha,-1.0,3,3,1,0,0,0,0,0,0,0,0,0,0,1,4,3,1,Atropellament,2,2,2,5,-1,2,1,15.12,1,3,3,10,10
17756,2019,0,2019-11-21,C-12,BENIFALLET,Baix Ebre,0,0,1,0,2,0,0,0,0,1,1,0,0,100.0,0.0,0,2,No n'hi ha,-1.0,3,3,1,0,0,0,0,0,0,0,0,0,0,0,1,-1,1,Envestida (frontal lateral),-1,1,2,4,2,2,1,7.47,0,2,3,21,11
17757,2019,0,2019-03-13,C-12,SARROCA DE LLEIDA,Segria,2,1,3,0,2,0,0,0,0,2,0,0,0,60.0,0.0,0,2,No n'hi ha,1.0,3,3,0,0,0,0,0,0,0,0,0,0,0,1,4,4,1,Envestida (frontal lateral),0,1,2,4,2,2,1,14.36,1,2,2,13,3
17758,2019,0,2019-11-30,B-10,BARCELONA,Barcelones,3,0,1,0,2,0,0,0,1,1,0,0,0,80.0,0.0,1,-1,No n'hi ha,-1.0,3,3,1,0,0,0,0,0,0,0,0,0,0,0,0,-1,1,Encalç,-1,1,2,1,-1,2,0,14.0,1,2,5,30,11
17759,2019,0,2019-08-22,C-32,ARGENTONA,Maresme,3,1,0,0,1,0,0,0,1,0,0,0,0,100.0,0.0,0,3,No n'hi ha,-1.0,3,3,0,0,0,0,0,0,0,0,0,0,0,0,1,-1,0,Altres,-1,1,2,4,2,2,1,20.28,1,5,3,22,8
17760,2019,0,2019-07-30,GI-550,SANT HILARI SACALM,Selva,1,0,1,0,1,0,0,0,1,0,0,0,0,90.0,0.0,0,-1,Sense Especificar,-1.0,3,3,1,0,0,0,0,0,0,0,0,0,0,0,4,-1,-1,Resta sortides de via,-1,1,2,4,4,2,1,13.08,0,1,1,30,7
17761,2019,1,2019-02-01,SE,SANT QUIRZE DEL VALLES,Valles Occidental,3,0,1,0,2,1,0,0,0,1,0,0,0,20.0,0.0,0,-1,No n'hi ha,-1.0,3,3,1,-1,-1,0,0,-1,0,0,0,0,-1,0,4,-1,1,Atropellament,-1,2,2,5,-1,2,0,17.13,1,3,4,1,2
17763,2019,1,2019-08-08,SE,RUBI,Valles Occidental,3,0,1,1,2,0,0,0,1,1,0,0,0,100.0,0.0,0,-1,No n'hi ha,-1.0,3,3,1,0,0,0,0,0,0,0,0,0,0,0,4,-1,-1,Altres,-1,2,2,5,-1,2,1,10.5,0,5,3,8,8
17764,2019,1,2019-07-19,SE,BARCELONA,Barcelones,3,1,0,0,2,0,0,0,1,0,1,0,0,30.0,0.0,1,-1,No n'hi ha,-1.0,3,3,0,0,0,0,0,0,0,0,0,0,1,1,4,-1,0,Envestida (frontal lateral),2,2,2,5,-1,2,0,16.07,1,2,4,19,7
17765,2019,1,2019-02-25,SE,"SEU D'URGELL, LA",Alt Urgell,2,0,1,0,2,1,0,0,0,1,0,0,0,20.0,0.0,0,-1,No n'hi ha,-1.0,3,3,1,-1,0,0,0,-1,0,0,0,0,-1,1,1,2,0,Atropellament,0,2,2,5,-1,2,1,19.1,1,3,0,25,2
17766,2019,0,2019-07-04,C-32,ARENYS DE MAR,Maresme,3,0,1,0,1,0,0,0,1,0,0,0,0,100.0,0.0,0,2,No n'hi ha,-1.0,3,3,1,0,0,0,0,0,0,0,0,0,0,0,4,-1,0,Caiguda en la via,-1,1,2,4,2,2,1,10.51,0,0,3,4,7
17767,2019,1,2019-11-13,SE,SANT ADRIA DE BESOS,Barcelones,3,0,1,0,2,0,0,0,1,1,0,0,0,100.0,0.0,0,2,No n'hi ha,-1.0,3,3,1,0,0,0,0,0,0,0,0,0,0,1,1,4,1,Envestida (frontal lateral),2,2,2,5,-1,2,1,17.2,1,2,2,13,11
17768,2019,0,2019-07-13,BV-5227,SANTA MARIA DE BESORA,Osona,3,0,1,0,1,0,0,0,0,1,0,0,0,90.0,0.0,0,-1,Sense Especificar,-1.0,3,3,1,0,0,0,0,0,0,0,0,0,0,0,4,-1,-1,Resta sortides de via,-1,1,2,4,4,2,0,7.58,0,1,5,13,7
17769,2019,0,2019-10-10,AP-7,ULLDECONA,Montsia,0,1,0,0,1,0,0,0,0,0,1,0,0,100.0,0.0,0,2,No n'hi ha,-1.0,3,3,0,0,0,0,0,0,0,0,0,0,0,0,1,-1,0,Resta sortides de via,-1,1,2,4,1,2,1,7.26,0,1,3,10,10
17770,2019,0,2019-11-03,A-27,TARRAGONA,Tarragones,0,0,1,0,2,0,0,0,1,1,0,0,0,100.0,0.0,0,2,No n'hi ha,-1.0,3,3,1,0,0,0,0,0,0,0,0,0,0,0,4,-1,1,Caiguda en la via,-1,1,2,1,1,1,0,14.19,1,0,6,3,11
17771,2019,1,2019-10-10,SE,SANT ANDREU DE LLAVANERES,Maresme,3,1,0,0,2,1,0,0,0,1,0,0,0,100.0,0.0,0,2,No n'hi ha,0.0,3,3,0,0,0,0,0,0,0,0,0,0,0,1,4,2,0,Atropellament,1,2,5,5,-1,2,1,13.3,0,3,3,10,10
17772,2019,0,2019-04-28,TV-7041,MONT-RAL,Alt Camp,0,0,1,0,2,0,0,0,1,1,0,0,0,100.0,0.0,0,0,No n'hi ha,-1.0,3,3,1,0,0,0,0,0,0,0,0,0,0,0,4,-1,1,Altres,-1,1,2,4,3,2,0,14.08,1,5,6,28,4
17773,2019,0,2019-02-24,C-35,SANTA MARIA DE PALAU,Valles Oriental,3,0,1,0,2,0,0,0,1,1,0,0,0,90.0,0.0,0,-1,Sense Especificar,-1.0,3,3,1,0,0,0,0,0,0,0,0,0,0,1,4,4,-1,Envestida (frontal lateral),3,1,2,4,4,2,0,19.46,1,2,6,24,2
17774,2019,0,2019-10-24,BV-5159,"ROCA DEL VALLES, LA",Valles Oriental,3,0,1,0,2,0,0,0,1,1,0,0,0,50.0,0.0,0,2,No n'hi ha,-1.0,3,3,1,0,0,0,0,0,0,0,0,0,0,0,4,-1,1,Encalç,-1,1,2,4,3,2,1,14.13,1,2,3,24,10
17775,2019,1,2019-01-18,SE,TERRASSA,Valles Occidental,3,0,1,0,2,0,0,0,1,1,0,0,0,100.0,0.0,0,2,No n'hi ha,-1.0,3,3,1,0,0,0,0,0,0,0,0,0,1,1,4,4,0,Envestida (frontal lateral),2,2,2,5,-1,2,1,12.19,0,2,4,18,1
17776,2019,1,2019-10-01,SE,CERDANYOLA DEL VALLES,Valles Occidental,3,0,1,1,2,1,0,1,0,0,0,0,0,100.0,0.0,0,2,No n'hi ha,-1.0,3,3,1,0,0,0,0,0,0,0,0,0,0,0,5,-1,1,Atropellament,-1,2,2,5,-1,2,1,22.29,2,3,1,1,10
17777,2019,0,2019-11-23,C-17,MONTCADA I REIXAC,Valles Occidental,3,0,1,1,3,0,0,0,0,3,0,0,0,100.0,0.0,0,2,No n'hi ha,3.0,3,3,1,0,0,0,0,0,0,0,0,0,0,0,4,-1,0,Altres,-1,1,2,4,2,2,0,8.33,0,5,5,23,11
17778,2019,0,2019-02-07,BP-1503,SANT QUIRZE DEL VALLES,Valles Occidental,3,0,1,0,2,0,0,0,1,1,0,0,0,100.0,0.0,0,1,Carril central,-1.0,3,3,1,0,0,0,0,0,0,0,0,0,0,1,4,4,1,Envestida (frontal lateral),1,1,2,4,3,2,1,10.35,0,2,3,7,2
17779,2019,0,2019-06-05,C-1311,TREMP,Pallars Jussa,2,0,1,1,1,0,0,0,0,1,0,0,0,100.0,0.0,0,0,No n'hi ha,-1.0,3,3,1,0,0,0,0,0,0,0,0,0,0,0,4,-1,1,Resta sortides de via,-1,1,2,4,2,2,1,10.3,0,1,2,5,6
17780,2019,0,2019-12-17,A-2,BELLPUIG,Urgell,2,1,0,0,2,0,0,0,0,1,1,0,0,100.0,0.0,0,2,No n'hi ha,-1.0,3,3,0,0,0,0,0,0,0,0,0,0,0,0,4,-1,1,Encalç,-1,1,2,4,1,2,1,12.09,0,2,1,17,12
17781,2019,0,2019-02-19,BV-2002,SANTA COLOMA DE CERV,Baix Llobregat,3,0,1,0,2,0,0,0,1,1,0,0,0,50.0,0.0,0,0,No n'hi ha,-1.0,3,3,1,0,0,0,0,0,0,0,0,0,0,1,4,4,1,Col·lisió frontal,1,1,2,4,3,2,1,14.57,1,2,1,19,2
17782,2019,0,2019-06-15,C-55,SANT MATEU DE BAGES,Bages,3,0,3,0,2,0,0,0,0,2,0,0,0,100.0,0.0,0,1,No n'hi ha,-1.0,3,3,1,0,0,0,0,0,0,0,0,0,0,0,3,-1,1,Col·lisió frontal,-1,1,2,4,2,2,0,22.0,2,2,5,15,6
17783,2019,0,2019-02-14,AP-7,"AMETLLA DE MAR, L'",Baix Ebre,0,0,1,1,2,0,0,0,0,0,2,0,0,100.0,0.0,0,2,No n'hi ha,-1.0,3,3,1,0,0,0,0,0,0,0,0,0,0,0,1,-1,1,Fregament o col·lisió lateral,-1,1,2,4,1,2,1,7.18,0,2,3,14,2
17784,2019,1,2019-04-09,SE,TARRAGONA,Tarragones,0,0,1,0,2,1,0,0,0,1,0,0,0,100.0,0.0,0,2,No n'hi ha,-1.0,3,3,1,0,0,0,0,0,0,0,0,0,0,1,4,3,1,Atropellament,2,2,2,5,-1,2,1,17.3,1,3,1,9,4
17785,2019,0,2019-08-31,C-245,CORNELLA DE LLOBREGAT,Baix Llobregat,3,0,1,0,3,0,0,0,1,2,0,0,0,80.0,0.0,0,2,No n'hi ha,-1.0,3,3,1,0,0,0,0,0,0,0,0,0,0,0,3,-1,0,Fregament o col·lisió lateral,-1,1,2,4,2,2,0,22.0,2,2,5,31,8
17786,2019,1,2019-06-08,C-152,SANTA COLOMA DE FARNERS,Selva,1,0,1,1,2,0,0,0,0,2,0,0,0,100.0,0.0,0,2,No n'hi ha,-1.0,3,3,1,0,0,0,0,0,0,0,0,0,0,2,4,5,1,Col·lisió frontal,-1,0,2,4,0,2,0,17.45,1,2,5,8,6
17787,2019,0,2019-09-04,BP-4654,SANT AGUSTI DE LLUCA,Osona,3,0,1,0,1,0,0,1,0,0,0,0,0,100.0,0.0,0,2,No n'hi ha,-1.0,3,3,1,0,0,0,0,0,0,0,0,0,0,0,4,-1,1,Resta sortides de via,-1,1,2,4,3,2,1,18.0,1,1,2,4,9
17788,2019,1,2019-01-28,SE,MATARO,Maresme,3,0,2,0,2,0,0,0,1,1,0,0,0,20.0,0.0,0,-1,No n'hi ha,-1.0,3,3,1,-1,-1,0,0,-1,0,0,0,0,0,1,4,4,-1,Envestida (frontal lateral),1,2,2,5,-1,2,1,16.16,1,2,0,28,1
17789,2019,1,2019-01-27,SE,TERRASSA,Valles Occidental,3,0,1,0,1,0,0,0,0,0,1,0,0,20.0,0.0,0,2,No n'hi ha,-1.0,3,3,1,-1,0,0,0,-1,0,0,0,0,-1,0,4,-1,1,Altres,-1,2,2,5,-1,2,0,15.25,1,5,6,27,1
17790,2019,1,2019-03-05,N-260,"SEU D'URGELL, LA",Alt Urgell,2,0,1,0,2,0,1,0,0,1,0,0,0,100.0,0.0,0,2,No n'hi ha,-1.0,3,3,1,0,0,0,0,0,0,0,0,0,0,2,4,4,0,Fregament o col·lisió lateral,0,0,2,4,1,2,1,10.3,0,2,1,5,3
17791,2019,0,2019-05-16,BV-5105,"ROCA DEL VALLES, LA",Valles Oriental,3,0,1,0,1,0,0,0,1,0,0,0,0,100.0,0.0,0,0,No n'hi ha,-1.0,3,3,1,0,0,0,0,0,0,0,0,0,0,0,4,-1,1,Resta sortides de via,-1,1,2,4,3,2,1,18.31,1,1,3,16,5
17792,2019,1,2019-01-22,SE,MATARO,Maresme,3,0,1,0,2,0,0,1,0,1,0,0,0,20.0,0.0,0,-1,No n'hi ha,-1.0,3,3,1,0,0,0,0,0,0,0,0,0,0,1,4,5,-1,Col·lisió frontal,1,2,2,5,-1,2,1,13.1,0,2,1,22,1
17793,2019,0,2019-11-08,C-1415A,TERRASSA,Valles Occidental,3,0,1,3,3,0,0,0,1,2,0,0,0,100.0,0.0,0,1,No n'hi ha,-1.0,3,3,1,0,0,0,0,0,0,0,0,0,0,0,4,-1,1,Col·lisió frontal,-1,1,2,4,2,2,0,15.39,1,2,4,8,11
17794,2019,0,2019-12-20,C-17,SEVA,Osona,3,1,0,0,1,0,0,0,0,1,0,0,0,90.0,0.0,0,-1,Sense Especificar,-1.0,3,3,0,0,0,0,0,0,0,0,0,0,0,0,4,-1,-1,Resta sortides de via,-1,1,2,4,4,2,1,14.34,1,1,4,20,12
17795,2019,1,2019-12-16,SE,SANT RAMON,Segarra,2,1,0,0,1,0,0,0,0,1,0,0,0,50.0,0.0,0,2,No n'hi ha,-1.0,3,3,0,0,0,0,0,0,0,0,0,0,0,0,4,-1,1,Resta sortides de via,-1,2,2,5,0,2,1,8.54,0,1,0,16,12
17796,2019,1,2019-04-01,SE,HOSPITALET DE LLOBREGAT,Barcelones,3,0,1,0,2,1,0,0,0,1,0,0,0,20.0,0.0,0,-1,No n'hi ha,-1.0,3,3,1,0,-1,0,0,0,0,0,0,0,0,1,4,5,-1,Atropellament,2,2,2,5,-1,2,1,18.0,1,3,0,1,4
17797,2019,1,2019-08-21,SE,VILADECANS,Baix Llobregat,3,0,1,0,1,0,0,0,1,0,0,0,0,10.0,0.0,0,-1,No n'hi ha,-1.0,3,3,1,0,0,0,0,0,0,0,0,0,0,0,4,-1,1,Caiguda en la via,-1,2,2,5,-1,2,1,14.05,1,0,2,21,8
17798,2019,0,2019-03-08,C-63,VIDRERES,Selva,1,0,1,3,4,0,0,0,0,3,1,0,0,60.0,0.0,0,2,No n'hi ha,-1.0,3,3,1,0,0,0,0,0,0,0,0,0,0,0,4,-1,1,Altres,-1,1,2,4,2,2,1,13.59,0,5,4,8,3