,Year,Area,Date,Road,Municipality Name,County Name,Province Name,Fatalties,Serious Injuries,Light Injuries,Units Involved,Pedestrains Involved,Bicycles Involved,Mopeds Involved,Motorcycles,Light Vehicles Involved,Heavy Vehicles Involved,Other Units Involved,Unspecified Units Involved,Road Speed Limit,Accident with Hit and Run,Fog Presence,Surrounding Environment,Special Lane Presence,Special Traffic Measures,Weather Conditions,Special Road Functions,Severity of Accident,Influence of Fog,Influence of Environment,Influence of Traffic,Influence of Weather,Influence of Wind Intensity,Influence of Lighting,Influence of Special Measures,Influence of Road Objects,Influence of Road Surface,Influence of Visibility,Intersection Characteristics,Lighting Conditions,Traffic Regulation and Priority,Direction of Road,Subtype of Accident,Subtype of Road Section,Subzone within Area,Road Surface Conditions,Type of Road,Road Ownership,Wind Conditions,Day of the Week Grouping,Hour of Day,Time of Day Grouping,Type of Accident,Day Type,Day,Month
17799,2019,0,2019-05-13,B-23,SANT FELIU DE LLOBREGAT,Baix Llobregat,3,0,1,0,4,0,0,0,1,2,1,0,0,80.0,0.0,0,2,No n'hi ha,-1.0,3,3,1,0,0,0,0,0,0,0,0,0,0,0,4,-1,0,Fregament o col·lisió lateral,-1,1,2,4,1,2,1,7.42,0,2,0,13,5
17800,2019,0,2019-02-25,AP-7,ALTAFULLA,Tarragones,0,1,0,1,3,0,0,0,0,1,1,1,0,100.0,0.0,0,1,No n'hi ha,-1.0,3,3,0,0,0,0,0,0,0,0,0,0,0,0,1,-1,1,Resta sortides de via,-1,1,2,4,1,2,1,19.12,1,1,0,25,2
17801,2019,1,2019-06-15,SE,SANT FRUITOS DE BAGES,Bages,3,0,1,0,1,0,1,0,0,0,0,0,0,20.0,0.0,0,-1,No n'hi ha,-1.0,3,3,1,-1,-1,0,0,-1,0,0,0,0,0,0,5,-1,-1,Caiguda en la via,-1,2,2,5,-1,2,0,23.25,2,0,5,15,6
17802,2019,0,2019-10-19,SE,PINOS,Solsones,2,0,2,0,1,0,0,0,1,0,0,0,0,40.0,0.0,0,1,No n'hi ha,-1.0,3,3,1,0,0,0,0,0,0,0,0,0,0,0,1,-1,1,Resta sortides de via,-1,1,2,0,2,2,0,19.33,1,1,5,19,10
17803,2019,0,2019-01-04,T-310,PRATDIP,Baix Camp,0,0,1,0,1,0,1,0,0,0,0,0,0,100.0,0.0,0,3,No n'hi ha,-1.0,3,3,1,0,0,0,0,0,0,0,0,0,0,0,4,-1,1,Caiguda en la via,-1,1,2,4,3,2,1,12.14,0,0,4,4,1
17804,2019,0,2019-12-13,BV-1468,BARCELONA,Barcelones,3,0,1,0,1,0,0,0,1,0,0,0,0,90.0,0.0,0,-1,Sense Especificar,-1.0,3,3,1,0,0,0,0,0,0,0,0,0,0,0,4,-1,-1,Resta sortides de via,-1,1,2,4,4,2,0,18.39,1,1,4,13,12
17805,2019,1,2019-08-24,N-II,MATARO,Maresme,3,0,1,0,2,0,1,0,0,1,0,0,0,90.0,0.0,0,-1,No n'hi ha,-1.0,3,3,1,0,0,0,0,0,0,0,0,0,0,1,4,4,-1,Envestida (frontal lateral),0,0,2,4,-1,2,0,9.43,0,2,5,24,8
17806,2019,1,2019-11-20,SE,PREMIA DE MAR,Maresme,3,0,1,0,3,0,0,0,1,2,0,0,0,100.0,0.0,0,2,No n'hi ha,-1.0,3,3,1,0,0,0,0,0,0,0,0,0,0,1,4,4,1,Envestida (frontal lateral),2,2,2,5,0,2,1,9.21,0,2,2,20,11
17807,2019,0,2019-10-02,C-12,ALDOVER,Baix Ebre,0,3,1,2,4,0,0,0,0,2,2,0,0,100.0,0.0,0,1,No n'hi ha,-1.0,3,3,0,0,0,0,0,0,0,0,0,0,0,0,4,-1,1,Col·lisió frontal,-1,1,2,4,2,1,1,18.28,1,2,2,2,10
17808,2019,0,2019-07-15,N-260,PUIGCERDA,Cerdanya,1,0,3,0,4,0,3,0,0,1,0,0,0,100.0,0.0,0,2,No n'hi ha,-1.0,3,3,1,0,0,0,0,0,0,0,0,0,0,0,4,-1,1,Envestida (frontal lateral),-1,1,2,4,1,2,1,10.3,0,2,0,15,7
17809,2019,1,2019-01-24,SE,CAMBRILS,Baix Camp,0,0,1,0,2,1,0,0,0,0,1,0,0,100.0,0.0,0,2,No n'hi ha,-1.0,3,3,1,0,0,0,0,0,0,0,0,0,0,2,4,-1,1,Atropellament,2,2,2,5,-1,2,1,10.0,0,3,3,24,1
17810,2019,1,2019-10-28,SE,AMPOSTA,Montsia,0,0,1,0,2,1,0,0,0,1,0,0,0,100.0,0.0,0,2,No n'hi ha,-1.0,3,3,1,0,0,0,0,0,0,0,0,0,0,0,2,-1,1,Atropellament,-1,2,2,5,-1,2,1,10.5,0,3,0,28,10
17811,2019,1,2019-07-12,SE,BADALONA,Barcelones,3,0,1,1,2,0,1,1,0,0,0,0,0,20.0,0.0,0,-1,No n'hi ha,-1.0,3,3,1,-1,0,0,0,-1,0,0,0,0,0,1,4,3,0,Envestida (frontal lateral),2,2,2,5,-1,2,0,19.58,1,2,4,12,7
17812,2019,1,2019-02-25,SE,GIRONA,Girones,1,0,1,0,2,1,0,0,0,1,0,0,0,20.0,0.0,0,2,No n'hi ha,-1.0,3,3,1,0,0,0,0,0,0,0,0,0,0,0,4,-1,1,Atropellament,-1,2,1,5,-1,2,1,10.13,0,3,0,25,2
17813,2019,1,2019-02-05,SE,SABADELL,Valles Occidental,3,0,1,0,2,1,0,0,0,1,0,0,0,30.0,0.0,0,1,No n'hi ha,-1.0,3,3,1,0,0,0,0,0,0,0,0,0,0,2,0,4,1,Atropellament,1,2,2,5,-1,2,1,19.11,1,3,1,5,2
17814,2019,1,2019-07-08,SE,SANT BOI DE LLOBREGAT,Baix Llobregat,3,1,0,1,2,0,0,0,1,1,0,0,0,50.0,0.0,0,2,No n'hi ha,-1.0,1,3,0,0,0,0,0,0,0,0,0,0,0,2,4,-1,0,Encalç,0,2,2,5,2,2,1,13.4,0,2,0,8,7
17815,2019,0,2019-03-23,C-65,CASSA DE LA SELVA,Girones,1,1,0,3,2,0,0,0,0,2,0,0,0,100.0,0.0,0,3,No n'hi ha,-1.0,3,3,0,0,0,0,0,0,0,0,0,0,0,0,3,-1,1,Col·lisió frontal,-1,1,2,4,2,2,0,21.18,1,2,5,23,3
17816,2019,0,2019-03-16,LV-2001,MOLLERUSSA,Pla d'Urgell,2,0,1,0,1,0,0,0,0,1,0,0,0,90.0,0.0,0,3,No n'hi ha,-1.0,3,3,1,0,0,0,0,0,0,0,0,0,0,0,4,-1,1,Resta sortides de via,-1,1,2,4,0,2,0,9.57,0,1,5,16,3
17817,2019,1,2019-05-14,SE,GIRONA,Girones,1,0,1,0,2,0,0,0,1,1,0,0,0,100.0,0.0,0,2,No n'hi ha,-1.0,3,3,1,0,0,0,0,0,0,0,0,0,0,1,4,4,1,Envestida (frontal lateral),1,2,2,5,-1,2,1,7.31,0,2,1,14,5
17818,2019,1,2019-10-19,SE,TERRASSA,Valles Occidental,3,0,1,0,2,1,0,0,0,1,0,0,0,100.0,0.0,0,-1,No n'hi ha,-1.0,3,3,1,0,0,0,0,0,1,0,0,0,0,0,4,-1,-1,Atropellament,-1,2,2,5,-1,2,0,9.5,0,3,5,19,10
17819,2019,1,2019-01-19,SE,LLORET DE MAR,Selva,1,0,1,0,2,0,0,0,1,0,0,1,0,100.0,0.0,0,2,No n'hi ha,-1.0,3,3,1,0,0,0,0,0,0,0,0,0,0,2,4,5,0,Caiguda en la via,2,2,2,5,-1,2,0,14.4,1,0,5,19,1
17820,2019,1,2019-08-21,SE,"GARRIGA, LA",Valles Oriental,3,0,1,0,2,1,0,0,0,1,0,0,0,30.0,0.0,0,-1,No n'hi ha,-1.0,3,3,1,-1,-1,0,0,-1,0,0,0,0,-1,0,5,-1,-1,Atropellament,-1,2,2,5,-1,2,1,21.35,1,3,2,21,8
17821,2019,0,2019-11-15,N-II,"MASNOU, EL",Maresme,3,0,1,0,1,0,0,0,1,0,0,0,0,90.0,0.0,0,-1,Sense Especificar,-1.0,3,3,1,0,0,0,0,0,0,0,0,0,0,2,4,4,-1,Altres,1,1,2,4,4,2,0,23.16,2,5,4,15,11
17822,2019,1,2019-12-12,SE,BARCELONA,Barcelones,3,1,0,9,3,1,0,0,0,1,1,0,0,100.0,0.0,1,-1,Carril bus,-1.0,3,3,0,0,0,0,0,0,0,0,0,0,0,0,4,-1,1,Atropellament,-1,2,2,5,-1,2,1,14.05,1,3,3,12,12
17823,2019,0,2019-11-30,C-25,VILOBI D'ONYAR,Selva,1,0,1,1,2,0,0,0,0,2,0,0,0,120.0,0.0,0,2,No n'hi ha,-1.0,3,3,1,0,0,0,0,0,0,0,0,0,0,0,3,-1,0,Encalç,-1,1,2,4,2,2,0,20.38,1,2,5,30,11
17824,2019,1,2019-11-05,SE,GIRONA,Girones,1,0,1,2,2,0,0,0,0,2,0,0,0,100.0,0.0,0,2,No n'hi ha,-1.0,3,3,1,0,0,0,0,0,0,0,0,0,0,1,4,4,1,Envestida (frontal lateral),2,2,2,5,-1,2,1,12.14,0,2,1,5,11
17825,2019,0,2019-07-11,L-702,LLEIDA,Segria,2,0,1,0,2,1,0,0,0,1,0,0,0,100.0,0.0,0,1,No n'hi ha,1.0,3,3,1,0,0,0,0,0,0,0,0,0,0,0,4,-1,1,Atropellament,-1,1,2,4,2,2,1,7.49,0,3,3,11,7
17826,2019,1,2019-04-23,SE,SANT BOI DE LLOBREGAT,Baix Llobregat,3,0,1,0,2,1,0,0,0,1,0,0,0,30.0,0.0,0,-1,No n'hi ha,-1.0,3,3,1,0,-1,0,0,0,0,0,0,0,0,0,4,-1,-1,Atropellament,-1,2,2,5,-1,2,1,15.5,1,3,1,23,4
17827,2019,1,2019-07-17,SE,SANTA PERPETUA DE MO,Valles Occidental,3,0,1,0,1,0,0,0,1,0,0,0,0,40.0,0.0,0,2,No n'hi ha,-1.0,1,3,1,0,1,0,0,0,0,0,0,0,0,0,2,-1,1,Caiguda en la via,-1,2,2,5,-1,2,1,19.05,1,0,2,17,7
17828,2019,0,2019-05-02,C-14,ALCOVER,Alt Camp,0,0,1,1,1,0,0,0,0,1,0,0,0,90.0,0.0,0,1,No n'hi ha,-1.0,3,3,1,0,0,0,0,0,0,0,0,0,0,0,4,-1,1,Resta sortides de via,-1,1,2,4,2,2,1,14.31,1,1,3,2,5
17829,2019,1,2019-11-11,SE,"LLAGOSTA, LA",Valles Oriental,3,0,1,0,2,1,0,0,0,1,0,0,0,100.0,0.0,0,-1,No n'hi ha,-1.0,3,3,1,0,0,0,0,0,0,0,0,0,0,0,4,-1,-1,Atropellament,-1,2,2,5,-1,2,1,19.55,1,3,0,11,11
17830,2019,1,2019-11-02,SE,ARTESA DE SEGRE,Noguera,2,0,1,0,1,0,0,0,0,1,0,0,0,20.0,0.0,0,-1,Sense Especificar,-1.0,3,3,1,0,0,0,0,0,0,0,0,0,0,0,4,-1,-1,Resta sortides de via,-1,2,2,5,-1,2,0,0.43,2,1,5,2,11
17831,2019,1,2019-12-09,SE,"ROCA DEL VALLES, LA",Valles Oriental,3,0,1,0,1,0,0,0,0,0,0,1,0,100.0,0.0,0,2,No n'hi ha,-1.0,4,3,1,0,0,0,0,0,0,0,0,0,0,2,1,2,1,Altres,3,2,2,5,-1,2,1,8.0,0,5,0,9,12
17832,2019,0,2019-10-09,N-260,RIBERA D'URGELLET,Alt Urgell,2,0,1,0,1,0,0,0,1,0,0,0,0,100.0,0.0,0,2,No n'hi ha,-1.0,3,3,1,0,0,0,0,0,0,0,1,0,0,0,4,-1,1,Caiguda en la via,-1,1,2,4,1,2,1,12.4,0,0,2,9,10
17833,2019,1,2019-09-24,SE,GIRONA,Girones,1,0,1,0,1,0,0,0,1,0,0,0,0,100.0,0.0,0,2,No n'hi ha,-1.0,3,3,1,0,0,0,0,0,0,0,0,0,0,0,4,-1,0,Caiguda en la via,-1,2,2,5,0,2,1,9.0,0,0,1,24,9
17834,2019,1,2019-05-01,SE,TARRAGONA,Tarragones,0,0,1,0,1,0,0,0,1,0,0,0,0,40.0,0.0,0,2,No n'hi ha,-1.0,3,3,1,0,0,0,0,0,0,0,0,0,0,0,1,-1,1,Caiguda en la via,-1,2,2,5,-1,2,1,8.15,0,0,2,1,5
17835,2019,0,2019-06-04,B-20,BARCELONA,Barcelones,3,0,1,2,4,0,0,0,3,1,0,0,0,100.0,0.0,1,-1,No n'hi ha,-1.0,3,3,1,0,0,0,0,0,0,0,0,0,0,0,4,-1,1,Fregament o col·lisió lateral,-1,1,2,1,-1,2,1,18.12,1,2,1,4,6
17836,2019,1,2019-12-05,SE,SANT BOI DE LLOBREGAT,Baix Llobregat,3,0,1,0,2,0,1,0,0,1,0,0,0,20.0,0.0,0,2,No n'hi ha,-1.0,3,3,1,0,0,0,0,0,0,0,0,0,0,1,5,5,1,Envestida (frontal lateral),1,2,2,5,-1,2,1,19.41,1,2,3,5,12
17837,2019,1,2019-04-12,SE,GIRONA,Girones,1,0,2,0,3,1,0,0,1,1,0,0,0,100.0,0.0,0,2,No n'hi ha,-1.0,3,3,1,0,0,0,0,0,0,0,0,0,0,0,4,-1,1,Atropellament,-1,2,2,5,-1,2,0,16.45,1,3,4,12,4
17838,2019,1,2019-11-26,SE,BARCELONA,Barcelones,3,0,1,1,2,0,0,0,2,0,0,0,0,100.0,0.0,1,-1,No n'hi ha,-1.0,3,3,1,0,0,0,0,0,0,0,0,0,0,1,0,-1,0,Fregament o col·lisió lateral,2,2,2,5,-1,2,1,21.5,1,2,1,26,11
17839,2019,0,2019-02-24,N-240,VALLS,Alt Camp,0,0,1,0,2,0,0,0,1,1,0,0,0,100.0,0.0,0,2,No n'hi ha,-1.0,3,3,1,0,0,0,0,0,0,0,0,0,0,0,4,-1,1,Altres,-1,1,2,4,1,2,0,12.13,0,5,6,24,2
17840,2019,0,2019-11-18,A-2,CORNELLA DE LLOBREGAT,Baix Llobregat,3,0,1,0,1,0,0,0,1,0,0,0,0,80.0,0.0,0,2,No n'hi ha,-1.0,3,3,1,0,0,0,0,0,0,0,0,0,0,0,2,-1,0,Xoc contra objecte/obstacle sense sortida prèvia de via,-1,1,2,4,1,2,1,17.26,1,4,0,18,11
17841,2019,0,2019-07-21,GI-503,DARNIUS,Alt Emporda,1,0,1,1,3,0,0,0,2,1,0,0,0,90.0,0.0,0,-1,Sense Especificar,-1.0,3,3,1,0,0,0,0,0,0,0,0,0,0,0,4,-1,-1,Col·lisió frontal,-1,1,2,4,4,2,0,7.48,0,2,6,21,7
17842,2019,0,2019-07-10,AP-7,CONSTANTI,Tarragones,0,1,0,2,2,0,0,0,0,2,0,0,0,100.0,0.0,0,2,No n'hi ha,-1.0,3,3,0,0,0,0,0,0,0,0,0,0,0,0,4,-1,0,Resta sortides de via,-1,1,2,4,-1,2,1,17.42,1,1,2,10,7
17843,2019,0,2019-03-23,C-25,ARBUCIES,Selva,1,1,0,0,2,0,1,0,0,1,0,0,0,100.0,0.0,0,2,No n'hi ha,-1.0,3,3,0,0,0,0,0,0,0,0,0,0,0,0,4,-1,0,Envestida (frontal lateral),-1,1,2,4,2,2,0,14.08,1,2,5,23,3
17844,2019,1,2019-02-14,N-340,TARRAGONA,Tarragones,0,0,1,0,1,0,1,0,0,0,0,0,0,90.0,0.0,0,2,Carril bici,-1.0,3,3,1,-1,0,0,0,-1,0,0,0,0,-1,0,4,-1,1,Xoc contra objecte/obstacle sense sortida prèvia de via,-1,0,2,4,1,2,1,18.1,1,4,3,14,2
17845,2019,1,2019-12-13,SE,VIELHA E MIJARAN,Val d'Aran,2,0,1,1,2,1,0,0,0,1,0,0,0,100.0,0.0,0,2,No n'hi ha,-1.0,1,3,1,0,0,0,1,0,0,0,0,0,0,1,0,5,1,Atropellament,1,2,2,5,-1,1,0,19.59,1,3,4,13,12
17846,2019,1,2019-02-11,SE,"SEU D'URGELL, LA",Alt Urgell,2,0,1,0,2,1,0,0,0,1,0,0,0,20.0,,0,2,No n'hi ha,-1.0,3,3,1,-1,0,0,0,-1,1,0,0,0,-1,1,4,2,1,Atropellament,1,2,2,5,-1,2,1,14.48,1,3,0,11,2
17847,2019,1,2019-07-03,SE,CABRERA DE MAR,Maresme,3,0,1,0,1,0,0,0,1,0,0,0,0,100.0,0.0,0,-1,No n'hi ha,-1.0,3,3,1,0,0,0,0,0,0,0,0,0,0,0,4,-1,-1,Altres,-1,2,2,5,-1,2,1,19.35,1,5,2,3,7
17848,2019,1,2019-03-15,SE,VILANOVA I LA GELTRU,Garraf,3,0,1,0,2,1,0,0,0,1,0,0,0,100.0,0.0,0,2,No n'hi ha,-1.0,3,3,1,0,0,0,0,0,0,0,0,0,1,0,0,-1,1,Atropellament,-1,2,2,5,-1,2,0,20.12,1,3,4,15,3
17849,2019,1,2019-07-11,SE,REUS,Baix Camp,0,0,1,0,2,0,0,0,1,1,0,0,0,100.0,0.0,0,-1,No n'hi ha,-1.0,3,3,1,0,0,0,0,0,0,0,0,0,0,0,4,-1,-1,Col·lisió frontal,-1,2,2,5,-1,2,1,13.4,0,2,3,11,7
17850,2019,1,2019-12-28,SE,BARCELONA,Barcelones,3,0,1,0,2,0,0,0,1,0,1,0,0,30.0,0.0,1,-1,No n'hi ha,-1.0,3,3,1,0,0,0,0,0,0,0,0,0,0,1,1,-1,0,Caiguda en la via,2,2,2,5,-1,2,0,5.42,2,0,5,28,12
17851,2019,0,2019-02-05,TV-7211,REUS,Baix Camp,0,1,0,0,2,0,0,0,1,0,1,0,0,60.0,0.0,0,2,No n'hi ha,-1.0,3,3,0,0,0,0,0,0,0,0,0,0,0,1,4,4,1,Envestida (frontal lateral),1,1,2,4,0,2,1,9.46,0,2,1,5,2
17852,2019,0,2019-04-03,CR,SANT PERE PESCADOR,Alt Emporda,1,0,1,2,2,0,0,0,0,1,1,0,0,20.0,0.0,0,2,No n'hi ha,-1.0,1,3,1,0,0,0,0,0,0,0,0,0,0,0,4,-1,1,Col·lisió frontal,-1,1,2,3,4,2,1,10.51,0,2,2,3,4
17853,2019,1,2019-10-20,SE,MATARO,Maresme,3,0,1,0,2,0,0,0,0,1,1,0,0,20.0,0.0,0,-1,No n'hi ha,-1.0,3,3,1,-1,0,0,0,-1,0,0,0,0,0,1,4,4,0,Envestida (frontal lateral),2,2,2,5,-1,2,0,11.4,0,2,6,20,10
17854,2019,0,2019-05-05,BP-2427,SUBIRATS,Alt Penedes,3,0,1,0,1,0,0,0,1,0,0,0,0,90.0,0.0,0,-1,Sense Especificar,-1.0,3,3,1,0,0,0,0,0,0,0,0,0,0,0,4,-1,-1,Altres,-1,1,2,4,4,2,0,13.04,0,5,6,5,5
17855,2019,0,2019-01-05,C-14,ALCOVER,Alt Camp,0,1,0,1,2,0,0,0,0,1,1,0,0,100.0,0.0,0,2,No n'hi ha,-1.0,3,3,0,0,0,0,0,0,0,0,0,0,0,0,4,-1,1,Col·lisió frontal,-1,1,2,4,2,2,0,14.24,1,2,5,5,1
17856,2019,1,2019-06-03,SE,BARCELONA,Barcelones,3,0,1,0,2,0,0,0,1,0,1,0,0,30.0,0.0,1,-1,No n'hi ha,-1.0,3,3,1,0,0,0,0,0,0,0,0,0,0,1,4,-1,1,Fregament o col·lisió lateral,0,2,2,5,-1,2,1,15.55,1,2,0,3,6
17857,2019,0,2019-01-08,C-13,VALLFOGONA DE BALAGUER,Noguera,2,1,1,0,1,0,0,0,0,1,0,0,0,50.0,0.0,1,2,No n'hi ha,-1.0,3,3,0,0,0,0,0,0,0,0,0,0,0,0,1,-1,0,Resta sortides de via,-1,1,2,4,1,2,1,7.21,0,1,1,8,1
17858,2019,1,2019-04-20,SE,TIVISSA,Ribera d'Ebre,0,0,1,0,1,0,0,1,0,0,0,0,0,40.0,0.0,0,2,No n'hi ha,-1.0,1,3,1,0,0,0,1,0,0,0,0,0,0,1,5,4,1,Caiguda en la via,1,2,2,5,-1,2,0,23.51,2,0,5,20,4
17859,2019,1,2019-08-27,SE,GIRONA,Girones,1,0,1,0,2,1,0,0,0,1,0,0,0,100.0,0.0,0,2,No n'hi ha,-1.0,3,3,1,0,0,0,0,0,0,0,0,0,0,0,4,-1,0,Atropellament,-1,2,2,5,-1,2,1,18.24,1,3,1,27,8
17860,2019,1,2019-10-16,SE,CASSA DE LA SELVA,Girones,1,1,0,0,2,1,0,0,0,1,0,0,0,100.0,0.0,0,2,No n'hi ha,-1.0,3,3,0,0,0,0,0,0,0,0,0,0,0,0,4,-1,1,Atropellament,-1,2,2,5,-1,2,1,16.5,1,3,2,16,10
17861,2019,0,2019-07-13,N-II,CAPMANY,Alt Emporda,1,0,1,1,1,0,0,0,0,1,0,0,0,90.0,0.0,0,-1,Sense Especificar,-1.0,3,3,1,0,0,0,0,0,0,0,0,0,0,0,4,-1,-1,Resta sortides de via,-1,1,2,4,4,2,0,7.05,0,1,5,13,7
17862,2019,1,2019-07-04,SE,GRANOLLERS,Valles Oriental,3,0,1,0,1,0,0,0,1,0,0,0,0,20.0,0.0,0,-1,No n'hi ha,-1.0,3,3,1,0,-1,0,0,0,0,0,0,0,0,1,0,2,-1,Caiguda en la via,0,2,2,5,-1,2,1,21.44,1,0,3,4,7
17863,2019,1,2019-01-02,C-245,VILADECANS,Baix Llobregat,3,1,0,0,2,1,0,0,0,1,0,0,0,90.0,0.0,0,2,No n'hi ha,-1.0,3,3,0,-1,0,0,0,-1,0,0,0,0,1,0,4,-1,1,Atropellament,-1,0,2,4,-1,2,1,14.45,1,3,2,2,1
17864,2019,0,2019-02-22,C-31,GAVA,Baix Llobregat,3,0,1,0,2,0,0,1,0,1,0,0,0,90.0,0.0,0,2,No n'hi ha,-1.0,3,3,1,0,0,0,0,0,0,0,0,0,0,2,5,4,1,Encalç,3,1,2,4,2,2,0,21.17,1,2,4,22,2
17865,2019,1,2019-11-30,SE,BARCELONA,Barcelones,3,0,1,0,2,0,0,0,1,1,0,0,0,80.0,0.0,1,-1,Carril acceleració,-1.0,3,3,1,0,0,0,0,0,0,0,0,0,0,0,0,-1,1,Encalç,-1,2,2,5,-1,2,0,20.02,1,2,5,30,11
17866,2019,0,2019-12-20,C-162,FONTANALS DE CERDANYA,Cerdanya,1,0,1,2,3,0,0,0,0,3,0,0,0,100.0,0.0,0,1,No n'hi ha,-1.0,3,3,1,0,0,0,0,0,0,0,0,0,0,0,3,-1,1,Envestida (frontal lateral),-1,1,2,4,2,2,0,18.17,1,2,4,20,12
17867,2019,1,2019-07-13,SE,BARCELONA,Barcelones,3,0,2,5,8,0,0,0,1,7,0,0,0,100.0,0.0,1,-1,Altres,-1.0,3,3,1,0,0,0,0,0,0,0,0,0,0,0,4,-1,1,Fregament o col·lisió lateral,-1,2,2,5,-1,2,0,18.1,1,2,5,13,7
17868,2019,1,2019-11-28,BV-5224,TORELLO,Osona,3,0,1,0,2,0,0,0,1,1,0,0,0,100.0,0.0,0,2,No n'hi ha,-1.0,3,3,1,0,0,0,0,0,0,0,0,0,0,1,4,4,1,Envestida (frontal lateral),1,0,2,4,-1,2,1,16.0,1,2,3,28,11
17869,2019,1,2019-11-03,SE,BARCELONA,Barcelones,3,0,1,2,2,1,0,0,1,0,0,0,0,100.0,0.0,1,-1,No n'hi ha,-1.0,3,3,1,0,0,0,0,0,0,0,0,0,0,0,0,-1,1,Atropellament,-1,2,2,5,-1,2,0,21.0,1,3,6,3,11
17870,2019,0,2019-07-27,C-12,XERTA,Baix Ebre,0,3,0,1,2,0,0,0,0,2,0,0,0,100.0,0.0,0,0,No n'hi ha,-1.0,3,3,0,0,0,0,0,0,0,0,0,0,0,0,4,-1,1,Envestida (frontal lateral),-1,1,2,4,2,2,0,13.57,0,2,5,27,7
17871,2019,1,2019-11-04,SE,IGUALADA,Anoia,3,0,1,0,2,1,0,0,0,1,0,0,0,50.0,0.0,0,2,No n'hi ha,-1.0,3,3,1,-1,0,0,0,-1,0,0,0,0,-1,1,4,2,0,Atropellament,2,2,2,5,0,2,1,11.59,0,3,0,4,11
17872,2019,0,2019-11-11,CR,MONTFERRER I CASTELLBO,Alt Urgell,2,0,1,0,1,0,0,0,0,0,0,1,0,100.0,0.0,0,1,No n'hi ha,-1.0,3,3,1,0,0,0,0,0,0,0,0,0,0,0,4,-1,1,Resta sortides de via,-1,1,0,3,0,2,1,15.4,1,1,0,11,11
17873,2019,0,2019-09-14,CR,CERVERA,Segarra,2,0,1,1,3,2,0,0,0,1,0,0,0,100.0,0.0,0,2,No n'hi ha,-1.0,3,3,1,0,0,0,0,0,0,0,0,0,0,0,4,-1,1,Atropellament,-1,1,2,3,-1,2,0,18.15,1,3,5,14,9
17874,2019,1,2019-04-21,SE,SANT PERE PESCADOR,Alt Emporda,1,0,1,0,1,0,0,0,1,0,0,0,0,20.0,0.0,0,-1,Sense Especificar,-1.0,3,3,1,0,0,0,0,0,0,0,0,0,0,0,4,-1,-1,Altres,-1,2,2,5,-1,2,0,18.04,1,5,6,21,4
17875,2019,0,2019-09-18,BV-5101,DOSRIUS,Maresme,3,1,0,0,1,0,0,0,0,1,0,0,0,100.0,0.0,0,-1,No n'hi ha,-1.0,3,3,0,0,0,0,0,0,0,0,0,0,0,0,4,-1,-1,Resta sortides de via,-1,1,2,4,-1,2,1,17.54,1,1,2,18,9
17876,2019,0,2019-03-19,AP-7,SANT CUGAT DEL VALLES,Valles Occidental,3,0,1,0,3,0,0,0,1,2,0,0,0,100.0,0.0,0,2,No n'hi ha,-1.0,3,3,1,0,0,0,0,0,0,0,0,0,0,0,4,-1,0,Altres,-1,1,2,4,1,2,1,8.02,0,5,1,19,3
17877,2019,1,2019-05-14,N-340a,TARRAGONA,Tarragones,0,0,1,1,3,2,0,0,0,1,0,0,0,100.0,0.0,0,2,No n'hi ha,-1.0,3,3,1,0,0,0,0,0,0,0,0,0,0,0,4,-1,1,Atropellament,-1,0,2,4,0,2,1,12.0,0,3,1,14,5
17878,2019,1,2019-10-26,SE,GIRONA,Girones,1,0,1,0,2,1,0,0,0,1,0,0,0,40.0,1.0,0,2,No n'hi ha,-1.0,3,3,1,0,0,0,0,0,0,0,0,0,0,0,5,-1,1,Atropellament,-1,2,2,5,-1,2,0,1.24,2,3,5,26,10
17879,2019,1,2019-01-18,SE,HOSPITALET DE LLOBREGAT,Barcelones,3,0,1,0,2,0,0,0,1,1,0,0,0,20.0,0.0,0,-1,No n'hi ha,-1.0,3,3,1,0,0,0,0,0,0,0,0,0,0,1,4,4,-1,Envestida (frontal lateral),2,2,2,5,-1,2,1,12.25,0,2,4,18,1
17880,2019,1,2019-06-01,SE,MATARO,Maresme,3,0,2,0,1,0,0,0,0,1,0,0,0,20.0,0.0,0,-1,No n'hi ha,-1.0,3,3,1,0,-1,0,0,0,0,0,0,0,0,0,4,-1,-1,Xoc contra objecte/obstacle sense sortida prèvia de via,-1,2,2,5,-1,2,0,6.45,0,4,5,1,6
17881,2019,1,2019-01-19,SE,CASTELLDEFELS,Baix Llobregat,3,1,1,0,3,2,0,0,0,1,0,0,0,100.0,0.0,0,-1,No n'hi ha,-1.0,3,3,0,0,0,0,0,0,0,0,0,0,0,0,4,-1,-1,Altres,-1,2,2,5,-1,2,0,3.3,2,5,5,19,1
17882,2019,0,2019-09-23,C-16,OLVAN,Bergueda,3,0,1,1,2,0,0,0,0,2,0,0,0,100.0,0.0,0,2,No n'hi ha,-1.0,3,3,1,0,0,0,0,0,0,0,0,0,0,0,3,-1,0,Envestida (frontal lateral),-1,1,2,4,2,2,1,6.57,0,2,0,23,9
17883,2019,0,2019-08-13,A-2,RIUDELLOTS DE LA SELVA,Selva,1,1,0,0,2,1,0,0,0,0,1,0,0,90.0,0.0,0,-1,Sense Especificar,-1.0,3,3,0,0,0,0,0,0,0,0,0,0,0,0,4,-1,-1,Atropellament,-1,1,2,4,4,2,1,3.07,2,3,1,13,8