,Year,Area,Date,Road,Municipality Name,County Name,Province Name,Fatalties,Serious Injuries,Light Injuries,Units Involved,Pedestrains Involved,Bicycles Involved,Mopeds Involved,Motorcycles,Light Vehicles Involved,Heavy Vehicles Involved,Other Units Involved,Unspecified Units Involved,Road Speed Limit,Accident with Hit and Run,Fog Presence,Surrounding Environment,Special Lane Presence,Special Traffic Measures,Weather Conditions,Special Road Functions,Severity of Accident,Influence of Fog,Influence of Environment,Influence of Traffic,Influence of Weather,Influence of Wind Intensity,Influence of Lighting,Influence of Special Measures,Influence of Road Objects,Influence of Road Surface,Influence of Visibility,Intersection Characteristics,Lighting Conditions,Traffic Regulation and Priority,Direction of Road,Subtype of Accident,Subtype of Road Section,Subzone within Area,Road Surface Conditions,Type of Road,Road Ownership,Wind Conditions,Day of the Week Grouping,Hour of Day,Time of Day Grouping,Type of Accident,Day Type,Day,Month
17884,2019,0,2019-06-16,C-12,MAIALS,Segria,2,0,1,1,1,0,0,0,0,1,0,0,0,90.0,0.0,0,-1,Sense Especificar,-1.0,3,3,1,0,0,0,0,0,0,0,0,0,0,0,4,-1,-1,Resta sortides de via,-1,1,2,4,4,2,0,11.43,0,1,6,16,6
17885,2019,1,2019-08-08,SE,LLORET DE MAR,Selva,1,0,1,0,2,1,0,1,0,0,0,0,0,100.0,1.0,0,2,No n'hi ha,-1.0,3,3,1,0,0,0,0,0,0,0,0,0,0,0,4,-1,0,Atropellament,-1,2,2,5,-1,2,1,15.43,1,3,3,8,8
17886,2019,1,2019-07-23,SE,CASTELLO D'EMPURIES,Alt Emporda,1,1,0,1,2,0,0,1,0,1,0,0,0,100.0,0.0,0,2,No n'hi ha,-1.0,3,3,0,0,0,0,0,0,0,0,0,0,0,0,4,-1,1,Fregament o col·lisió lateral,-1,2,2,5,-1,2,1,17.0,1,2,1,23,7
17887,2019,1,2019-03-07,SE,TERRASSA,Valles Occidental,3,0,1,0,2,1,0,0,0,1,0,0,0,20.0,0.0,0,2,No n'hi ha,-1.0,3,3,1,-1,0,0,0,-1,0,0,0,0,-1,1,5,4,0,Atropellament,1,2,2,5,-1,2,1,19.4,1,3,3,7,3
17888,2019,0,2019-05-12,C-37,QUEROL,Alt Camp,0,0,1,0,1,0,0,0,1,0,0,0,0,90.0,0.0,0,-1,Sense Especificar,-1.0,3,3,1,0,0,0,0,0,0,0,0,0,0,0,4,-1,-1,Altres,-1,1,2,4,4,2,0,12.34,0,5,6,12,5
17889,2019,1,2019-01-19,SE,BARCELONA,Barcelones,3,0,1,1,2,0,0,0,1,1,0,0,0,100.0,0.0,1,-1,No n'hi ha,-1.0,3,3,1,0,0,0,0,0,0,0,0,0,0,1,4,-1,0,Envestida (frontal lateral),2,2,2,5,-1,2,0,17.22,1,2,5,19,1
17890,2019,1,2019-04-16,SE,SANT BOI DE LLOBREGAT,Baix Llobregat,3,0,1,0,2,0,0,0,1,1,0,0,0,30.0,0.0,0,-1,No n'hi ha,-1.0,3,3,1,0,-1,0,0,0,0,0,0,0,0,1,4,4,-1,Envestida (frontal lateral),0,2,2,5,-1,2,1,7.55,0,2,1,16,4
17891,2019,0,2019-09-23,C-28,NAUT ARAN,Val d'Aran,2,0,1,0,1,0,1,0,0,0,0,0,0,50.0,0.0,0,2,No n'hi ha,-1.0,3,3,1,0,0,0,0,0,0,0,0,0,0,1,4,4,1,Caiguda en la via,0,1,2,4,2,2,1,15.27,1,0,0,23,9
17892,2019,0,2019-04-27,LV-3003,SANT RAMON,Segarra,2,0,1,0,1,0,0,0,0,1,0,0,0,90.0,0.0,0,-1,Sense Especificar,-1.0,3,3,1,0,0,0,0,0,0,0,0,0,0,0,4,-1,-1,Altres,-1,1,2,4,4,2,0,22.15,2,5,5,27,4
17893,2019,0,2019-03-27,C-55,MANRESA,Bages,3,0,1,0,2,0,0,0,0,1,0,1,0,70.0,0.0,0,2,Altres,-1.0,3,3,1,0,0,0,0,0,0,0,0,0,0,1,4,4,1,Envestida (frontal lateral),1,1,2,4,2,2,1,14.16,1,2,2,27,3
17894,2019,0,2019-12-05,C-17,"GARRIGA, LA",Valles Oriental,3,0,1,1,1,0,0,0,0,1,0,0,0,90.0,0.0,0,-1,Sense Especificar,-1.0,3,3,1,0,0,0,0,0,0,0,0,0,0,1,4,4,-1,Resta sortides de via,3,1,2,4,4,2,1,21.56,1,1,3,5,12
17895,2019,1,2019-08-28,SE,TERRASSA,Valles Occidental,3,0,1,0,2,0,0,0,1,0,1,0,0,100.0,0.0,0,2,No n'hi ha,-1.0,3,3,1,0,0,0,0,0,0,0,0,0,0,0,4,-1,1,Encalç,-1,2,2,5,-1,2,1,16.0,1,2,2,28,8
17896,2019,0,2019-02-05,CR,SANT MARTI DE RIUCORB,Urgell,2,0,1,0,2,0,0,1,0,0,1,0,0,100.0,0.0,0,2,No n'hi ha,-1.0,3,3,1,0,0,0,0,0,0,0,0,0,0,0,4,-1,1,Col·lisió frontal,-1,1,0,3,0,2,1,14.53,1,2,1,5,2
17897,2019,0,2019-06-08,BV-4401,SANTA MARIA DE MERLE,Bergueda,3,0,1,0,1,0,0,0,1,0,0,0,0,90.0,0.0,0,-1,Sense Especificar,-1.0,3,3,1,0,0,0,0,0,0,0,0,0,0,1,4,4,-1,Resta sortides de via,1,1,2,4,4,2,0,11.42,0,1,5,8,6
17898,2019,1,2019-02-13,C-26,AVIA,Bergueda,3,0,1,0,2,0,1,0,0,1,0,0,0,90.0,0.0,0,-1,Sense Especificar,-1.0,3,1,1,0,0,0,0,0,0,0,0,0,0,1,4,-1,-1,Envestida (frontal lateral),-1,0,2,4,4,2,1,17.1,1,2,2,13,2
17899,2019,1,2019-04-27,C-246a,VILANOVA I LA GELTRU,Garraf,3,0,1,0,1,0,0,1,0,0,0,0,0,100.0,0.0,0,-1,No n'hi ha,-1.0,3,3,1,0,0,0,0,0,0,0,0,0,0,0,4,-1,-1,Altres,-1,0,2,4,-1,2,0,5.4,2,5,5,27,4
17900,2019,0,2019-06-21,A-2,SANTA COLOMA DE CERV,Baix Llobregat,3,0,1,0,2,0,0,0,1,1,0,0,0,80.0,0.0,0,3,No n'hi ha,-1.0,3,3,1,0,0,0,0,0,0,0,0,0,0,0,4,-1,0,Fregament o col·lisió lateral,-1,1,2,4,1,2,0,17.16,1,2,4,21,6
17901,2019,0,2019-09-29,TV-3531,GANDESA,Terra Alta,0,0,1,0,1,0,0,0,0,1,0,0,0,100.0,0.0,1,2,No n'hi ha,-1.0,3,3,1,1,0,0,0,0,0,0,0,0,0,0,1,-1,1,Resta sortides de via,-1,1,2,4,2,2,0,6.55,0,1,6,29,9
17902,2019,0,2019-01-24,C-32,SANT BOI DE LLOBREGAT,Baix Llobregat,3,0,2,0,1,0,0,0,1,0,0,0,0,60.0,0.0,0,2,No n'hi ha,-1.0,3,3,1,0,1,0,0,0,0,0,0,0,1,0,3,-1,0,Caiguda en la via,-1,1,2,4,2,1,1,23.35,2,0,3,24,1
17903,2019,0,2019-04-13,AP-7,TARRAGONA,Tarragones,0,0,1,1,2,0,0,0,0,1,1,0,0,100.0,0.0,0,2,No n'hi ha,-1.0,3,3,1,0,0,0,0,0,0,0,0,0,0,0,0,-1,0,Encalç,-1,1,2,4,1,2,0,4.19,2,2,5,13,4
17904,2019,0,2019-01-02,C-35,VILALBA SASSERRA,Valles Oriental,3,0,1,1,3,0,0,0,1,2,0,0,0,100.0,0.0,0,2,Carril central,-1.0,3,3,1,0,0,0,0,0,0,0,0,0,0,1,4,4,1,Col·lisió frontal,3,1,2,4,2,2,1,17.09,1,2,2,2,1
17905,2019,0,2019-08-05,T-1025,SANTA BARBARA,Montsia,0,0,1,0,1,0,0,0,0,0,1,0,0,70.0,0.0,0,2,No n'hi ha,-1.0,3,3,1,0,0,0,0,0,0,0,0,0,0,0,4,-1,1,Resta sortides de via,-1,1,2,4,3,2,1,8.08,0,1,0,5,8
17906,2019,1,2019-07-12,SE,OLOT,Garrotxa,1,0,1,0,2,0,0,0,1,1,0,0,0,100.0,0.0,0,2,No n'hi ha,-1.0,3,3,1,0,0,0,0,0,0,0,0,0,0,0,4,-1,1,Encalç,-1,2,2,5,-1,2,0,15.44,1,2,4,12,7
17907,2019,1,2019-04-11,SE,REUS,Baix Camp,0,0,1,0,1,0,0,1,0,0,0,0,0,100.0,0.0,0,-1,No n'hi ha,-1.0,3,3,1,0,0,0,0,0,0,0,0,0,0,0,4,-1,-1,Caiguda en la via,-1,2,2,5,-1,2,1,17.3,1,0,3,11,4
17908,2019,1,2019-07-02,SE,AMPOSTA,Montsia,0,0,1,0,1,0,0,1,0,0,0,0,0,100.0,0.0,0,2,No n'hi ha,-1.0,3,3,1,0,0,0,0,0,0,0,0,0,0,1,5,4,1,Xoc contra objecte/obstacle sense sortida prèvia de via,1,2,2,5,-1,2,1,0.15,2,4,1,2,7
17909,2019,1,2019-06-01,SE,AMPOSTA,Montsia,0,0,1,0,2,1,0,0,0,1,0,0,0,100.0,0.0,0,2,No n'hi ha,-1.0,3,3,1,0,0,0,0,0,0,0,0,0,0,2,4,-1,0,Atropellament,1,2,2,5,-1,2,0,19.27,1,3,5,1,6
17910,2019,1,2019-02-16,SE,"PRAT DE LLOBREGAT, E",Baix Llobregat,3,0,1,0,2,1,0,0,0,1,0,0,0,30.0,0.0,0,2,No n'hi ha,-1.0,3,3,1,0,0,0,0,0,0,0,0,0,0,1,4,4,0,Atropellament,2,2,2,5,-1,2,0,11.34,0,3,5,16,2
17911,2019,1,2019-04-18,SE,REUS,Baix Camp,0,0,1,1,3,2,0,0,0,1,0,0,0,100.0,0.0,0,-1,No n'hi ha,-1.0,3,3,1,0,0,0,0,0,0,0,0,0,0,0,4,-1,-1,Atropellament,-1,2,2,5,-1,2,1,17.0,1,3,3,18,4
17912,2019,1,2019-12-09,SE,VILASSAR DE MAR,Maresme,3,0,1,0,1,0,1,0,0,0,0,0,0,20.0,0.0,0,-1,No n'hi ha,-1.0,3,3,1,-1,0,0,0,-1,0,0,0,0,0,0,0,-1,0,Caiguda en la via,-1,2,2,5,-1,2,1,18.4,1,0,0,9,12
17913,2019,0,2019-08-10,BV-4512,ARTES,Bages,3,0,2,1,1,0,0,0,0,1,0,0,0,70.0,0.0,0,1,No n'hi ha,-1.0,3,3,1,0,0,0,0,0,0,0,0,0,0,0,4,-1,1,Resta sortides de via,-1,1,2,4,3,2,0,12.26,0,1,5,10,8
17914,2019,1,2019-06-22,SE,BADALONA,Barcelones,3,0,1,0,1,0,0,1,0,0,0,0,0,20.0,0.0,0,-1,No n'hi ha,-1.0,3,3,1,-1,0,0,0,-1,0,0,0,0,-1,1,4,4,0,Caiguda en la via,1,2,2,5,-1,2,0,0.55,2,0,5,22,6
17915,2019,1,2019-06-05,SE,MARTORELL,Baix Llobregat,3,0,1,0,3,0,0,0,1,2,0,0,0,20.0,0.0,0,-1,Sense Especificar,-1.0,3,3,1,0,0,0,0,0,0,0,0,0,0,0,4,-1,-1,Encalç,-1,2,2,5,-1,2,1,16.47,1,2,2,5,6
17916,2019,1,2019-09-15,C-1415a,TERRASSA,Valles Occidental,3,0,1,0,2,0,1,0,0,1,0,0,0,100.0,0.0,0,2,No n'hi ha,-1.0,3,3,1,0,0,0,0,0,0,0,0,0,0,1,4,3,1,Envestida (frontal lateral),2,0,2,4,0,2,0,12.1,0,2,6,15,9
17917,2019,0,2019-12-05,B-225,CASTELLBISBAL,Valles Occidental,3,0,1,0,1,0,0,0,0,1,0,0,0,60.0,0.0,0,2,No n'hi ha,-1.0,1,3,1,0,0,0,0,0,0,0,0,0,0,2,5,4,1,Resta sortides de via,0,1,2,4,3,2,1,21.1,1,1,3,5,12
17918,2019,1,2019-02-21,BV-1221,TERRASSA,Valles Occidental,3,0,1,0,2,0,0,0,1,1,0,0,0,90.0,0.0,0,-1,No n'hi ha,-1.0,3,3,1,0,-1,0,0,0,0,0,0,0,0,0,0,-1,-1,Envestida (frontal lateral),-1,0,2,4,-1,2,1,21.0,1,2,3,21,2
17919,2019,1,2019-02-16,SE,SANTA COLOMA DE GRAMANET,Barcelones,3,0,1,1,2,1,0,0,1,0,0,0,0,20.0,0.0,0,-1,No n'hi ha,-1.0,3,3,1,0,0,0,0,0,0,0,0,0,0,0,5,-1,-1,Atropellament,-1,2,2,5,-1,2,0,21.34,1,3,5,16,2
17920,2019,1,2019-02-21,SE,MOIA,Moianès,3,0,1,0,1,0,0,0,1,0,0,0,0,100.0,0.0,0,2,No n'hi ha,-1.0,3,3,1,0,0,0,0,0,0,0,0,0,0,2,4,4,0,Caiguda en la via,1,2,3,5,-1,2,1,14.45,1,0,3,21,2
17921,2019,0,2019-03-13,SE,MALLA,Osona,3,0,1,0,2,0,1,0,0,1,0,0,0,100.0,0.0,0,1,No n'hi ha,-1.0,3,3,1,0,0,0,0,0,1,0,0,0,0,1,4,5,1,Envestida (frontal lateral),1,1,2,0,0,2,1,15.4,1,2,2,13,3
17922,2019,0,2019-03-09,BV-2127,VILOBI DEL PENEDES,Alt Penedes,3,0,1,1,1,0,0,0,0,1,0,0,0,50.0,0.0,0,2,No n'hi ha,-1.0,3,3,1,0,0,0,0,0,0,0,0,0,0,0,0,-1,1,Resta sortides de via,-1,1,2,4,3,2,0,7.03,0,1,5,9,3
17923,2019,1,2019-07-28,SE,"VENDRELL, EL",Baix Penedes,0,0,1,0,1,0,0,0,0,0,0,1,0,40.0,0.0,0,-1,No n'hi ha,-1.0,3,3,1,-1,-1,0,0,-1,0,0,0,0,0,0,1,-1,0,Caiguda en la via,-1,2,2,5,0,2,0,20.56,1,0,6,28,7
17924,2019,1,2019-02-02,SE,TERRASSA,Valles Occidental,3,0,1,1,2,1,0,0,0,0,0,1,0,100.0,0.0,0,2,No n'hi ha,-1.0,3,3,1,0,0,0,0,0,0,0,0,0,1,0,4,-1,1,Atropellament,-1,2,2,5,-1,2,0,12.15,0,3,5,2,2
17925,2019,0,2019-02-28,C-153,SANTA MARIA DE CORCO,Osona,3,0,3,2,2,0,0,0,0,2,0,0,0,50.0,0.0,0,2,No n'hi ha,-1.0,3,3,1,0,0,0,0,0,0,0,0,0,0,0,0,-1,1,Envestida (frontal lateral),-1,1,2,4,3,2,1,22.45,2,2,3,28,2
17926,2019,0,2019-09-30,BP-1103,MARGANELL,Bages,3,0,1,0,1,0,0,0,1,0,0,0,0,90.0,0.0,0,-1,Sense Especificar,-1.0,3,3,1,0,0,0,0,0,0,0,0,0,0,0,4,-1,-1,Altres,-1,1,2,4,4,2,1,17.09,1,5,0,30,9
17927,2019,1,2019-02-28,SE,SANTA EUGENIA DE BER,Osona,3,0,1,0,2,0,1,0,0,1,0,0,0,30.0,0.0,0,2,No n'hi ha,-1.0,3,3,1,0,0,0,0,0,0,0,0,0,0,0,3,-1,1,Fregament o col·lisió lateral,-1,2,2,5,0,2,1,22.12,2,2,3,28,2
17928,2019,0,2019-08-07,C-1412b,"BARONIA DE RIALB, LA",Noguera,2,1,0,1,1,0,0,0,0,1,0,0,0,100.0,0.0,0,0,No n'hi ha,-1.0,3,3,0,0,0,0,0,0,0,0,0,0,0,0,4,-1,1,Resta sortides de via,-1,1,2,4,2,2,1,14.18,1,1,2,7,8
17929,2019,1,2019-02-28,SE,BADALONA,Barcelones,3,1,0,1,2,1,0,0,0,1,0,0,0,20.0,0.0,0,2,No n'hi ha,-1.0,3,3,0,-1,0,0,0,-1,0,0,0,0,-1,0,5,-1,-1,Atropellament,-1,2,2,5,-1,2,1,23.03,2,3,3,28,2
17930,2019,1,2019-12-18,SE,SANTA COLOMA DE GRAMANET,Barcelones,3,0,1,0,3,0,0,0,1,2,0,0,0,20.0,0.0,0,-1,No n'hi ha,-1.0,3,3,1,-1,-1,0,0,-1,0,0,0,0,-1,0,5,-1,0,Caiguda en la via,-1,2,2,5,-1,2,1,3.45,2,0,2,18,12
17931,2019,0,2019-07-07,N-260,RIBES DE FRESER,Ripolles,1,0,1,0,2,0,1,0,0,1,0,0,0,60.0,0.0,0,3,No n'hi ha,-1.0,3,3,1,0,0,0,0,0,0,0,0,0,0,0,4,-1,1,Fregament o col·lisió lateral,-1,1,2,4,1,2,0,12.0,0,2,6,7,7
17932,2019,1,2019-04-26,SE,OLESA DE MONTSERRAT,Baix Llobregat,3,0,1,0,2,1,0,0,0,1,0,0,0,20.0,0.0,0,-1,No n'hi ha,-1.0,3,3,1,-1,-1,0,0,-1,0,0,0,0,-1,1,4,4,-1,Atropellament,2,2,2,5,-1,2,0,18.3,1,3,4,26,4
17933,2019,0,2019-08-29,BV-5001,MONTCADA I REIXAC,Valles Occidental,3,0,1,1,2,0,0,0,1,1,0,0,0,100.0,0.0,0,2,No n'hi ha,-1.0,3,3,1,0,0,0,0,0,0,0,0,0,0,0,4,-1,1,Altres,-1,1,2,4,3,2,1,11.59,0,5,3,29,8
17934,2019,1,2019-09-07,SE,MOLINS DE REI,Baix Llobregat,3,1,0,0,1,0,1,0,0,0,0,0,0,20.0,0.0,0,3,No n'hi ha,-1.0,3,3,0,-1,0,0,0,-1,0,0,0,0,-1,0,4,-1,1,Caiguda en la via,-1,2,2,5,-1,2,0,12.53,0,0,5,7,9
17935,2019,1,2019-10-18,SE,GIRONA,Girones,1,0,1,0,1,0,0,0,1,0,0,0,0,40.0,0.0,0,2,No n'hi ha,-1.0,3,3,1,0,0,0,0,0,0,0,0,0,0,2,5,4,1,Caiguda en la via,0,2,2,5,-1,2,1,2.17,2,0,4,18,10
17936,2019,1,2019-08-15,SE,VILASSAR DE MAR,Maresme,3,0,1,0,1,0,0,0,1,0,0,0,0,100.0,0.0,0,3,No n'hi ha,-1.0,3,3,1,0,1,0,0,0,0,0,0,0,0,2,4,-1,0,Caiguda en la via,2,2,2,5,0,2,1,13.24,0,0,3,15,8
17937,2019,0,2019-06-24,AP-7,CARDEDEU,Valles Oriental,3,0,1,0,2,0,0,0,2,0,0,0,0,100.0,0.0,0,2,No n'hi ha,-1.0,3,3,1,0,0,0,0,0,0,0,0,0,0,0,4,-1,0,Encalç,-1,1,2,4,1,2,1,13.32,0,2,0,24,6
17938,2019,0,2019-06-01,N-420,MORA LA NOVA,Ribera d'Ebre,0,0,1,0,1,0,0,0,0,1,0,0,0,100.0,0.0,0,2,No n'hi ha,-1.0,3,3,1,0,0,0,0,0,0,0,0,0,0,0,4,-1,1,Resta sortides de via,-1,1,2,4,1,2,0,14.12,1,1,5,1,6
17939,2019,1,2019-06-17,SE,SANT ADRIA DE BESOS,Barcelones,3,0,1,0,1,0,1,0,0,0,0,0,0,20.0,0.0,0,2,No n'hi ha,-1.0,3,3,1,-1,0,0,0,-1,0,0,0,0,-1,0,1,-1,1,Caiguda en la via,-1,2,2,5,0,2,1,20.11,1,0,0,17,6
17940,2019,1,2019-08-12,SE,LLEIDA,Segria,2,0,1,0,2,1,0,0,0,1,0,0,0,20.0,0.0,0,1,No n'hi ha,-1.0,3,3,1,-1,0,0,0,-1,0,0,0,0,-1,0,4,-1,1,Atropellament,-1,2,2,5,-1,2,1,19.35,1,3,0,12,8
17941,2019,0,2019-04-14,N-141C,MOIA,Moianès,3,0,1,1,1,0,0,0,0,1,0,0,0,90.0,0.0,0,-1,Sense Especificar,-1.0,3,3,1,0,0,0,0,0,0,0,0,0,0,0,4,-1,-1,Resta sortides de via,-1,1,2,4,4,2,0,22.11,2,1,6,14,4
17942,2019,0,2019-04-04,C-32,CORNELLA DE LLOBREGAT,Baix Llobregat,3,0,1,0,3,0,0,0,1,2,0,0,0,100.0,0.0,0,2,Carril acceleració,-1.0,3,3,1,0,0,0,0,0,0,0,0,0,0,0,4,-1,0,Fregament o col·lisió lateral,-1,1,2,4,2,2,1,14.31,1,2,3,4,4
17943,2019,1,2019-03-19,SE,BARCELONA,Barcelones,3,0,1,0,2,1,0,0,0,1,0,0,0,30.0,0.0,1,-1,No n'hi ha,-1.0,3,3,1,0,0,0,0,0,0,0,0,0,0,1,4,-1,0,Caiguda en la via,1,2,2,5,-1,2,1,15.0,1,0,1,19,3
17944,2019,0,2019-06-30,AP-7,"JONQUERA, LA",Alt Emporda,1,0,1,2,3,0,0,0,0,3,0,0,0,100.0,0.0,0,0,No n'hi ha,-1.0,3,3,1,0,0,0,0,0,0,0,0,0,0,2,3,2,0,Col·lisió frontal,3,1,2,4,1,2,0,3.0,2,2,6,30,6
17945,2019,0,2019-06-28,C-14,ALCOVER,Alt Camp,0,0,1,1,2,0,0,0,0,2,0,0,0,100.0,0.0,0,1,No n'hi ha,-1.0,3,3,1,0,0,0,0,0,0,0,0,0,0,1,4,4,1,Col·lisió frontal,3,1,2,4,2,2,1,14.05,1,2,4,28,6
17946,2019,1,2019-08-31,SE,VANDELLOS I L'HOSPITALET DE L'INFANT,Baix Camp,0,0,1,0,1,0,0,0,0,1,0,0,0,100.0,0.0,0,-1,No n'hi ha,-1.0,3,3,1,0,0,0,0,0,0,0,0,0,0,0,4,-1,-1,Xoc contra objecte/obstacle sense sortida prèvia de via,-1,2,2,5,-1,2,0,9.0,0,4,5,31,8
17947,2019,0,2019-08-23,A-2,JORBA,Anoia,3,1,0,0,2,1,0,0,0,0,1,0,0,100.0,0.0,0,1,No n'hi ha,-1.0,3,3,0,0,0,0,0,0,1,0,0,0,0,0,3,-1,0,Atropellament,-1,1,2,4,1,2,1,6.4,0,3,4,23,8
17948,2019,0,2019-04-06,C-37,SANTA MARGARIDA DE M,Anoia,3,0,1,0,1,0,0,0,0,1,0,0,0,100.0,0.0,0,2,No n'hi ha,-1.0,1,3,1,0,0,0,0,0,0,0,0,0,0,0,4,-1,1,Resta sortides de via,-1,1,2,4,2,2,0,19.3,1,1,5,6,4
17949,2019,0,2019-12-19,N-230,TORREFARRERA,Segria,2,0,1,0,2,1,0,0,0,1,0,0,0,40.0,0.0,0,2,No n'hi ha,-1.0,3,3,1,0,0,0,0,0,0,0,0,0,0,0,5,-1,1,Atropellament,-1,1,2,4,1,2,1,18.56,1,3,3,19,12
17950,2019,1,2019-06-09,SE,MONTBLANC,Conca de Barbera,0,1,0,0,2,1,0,0,0,1,0,0,0,100.0,0.0,0,2,No n'hi ha,-1.0,3,3,0,0,0,0,0,0,0,0,0,0,0,0,4,-1,0,Atropellament,-1,2,3,5,-1,2,0,18.51,1,3,6,9,6
17951,2019,0,2019-03-13,C-26,VALLFOGONA DE BALAGUER,Noguera,2,0,1,1,2,0,0,0,0,2,0,0,0,80.0,0.0,0,1,No n'hi ha,-1.0,3,3,1,0,0,0,0,0,0,0,0,0,0,1,0,4,1,Fregament o col·lisió lateral,3,1,2,4,2,1,1,19.29,1,2,2,13,3
17952,2019,0,2019-09-09,N-II,CAPMANY,Alt Emporda,1,0,1,0,1,0,0,0,0,1,0,0,0,100.0,0.0,0,1,No n'hi ha,-1.0,3,3,1,0,0,0,0,0,0,0,0,0,0,0,4,-1,1,Resta sortides de via,-1,1,2,4,1,2,1,7.35,0,1,0,9,9
17953,2019,0,2019-07-24,L-902,ALMENAR,Segria,2,0,1,1,2,0,0,0,0,2,0,0,0,100.0,0.0,0,2,No n'hi ha,-1.0,3,3,1,0,0,0,0,0,0,0,0,0,0,0,4,-1,1,Fregament o col·lisió lateral,-1,1,2,4,2,2,1,13.12,0,2,2,24,7
17954,2019,0,2019-05-26,GI-521,SANT JOAN DE LES ABADESSES,Ripolles,1,0,1,0,1,0,0,0,1,0,0,0,0,100.0,1.0,0,1,No n'hi ha,-1.0,3,3,1,0,0,0,0,0,0,0,0,0,0,0,4,-1,1,Xoc contra objecte/obstacle sense sortida prèvia de via,-1,1,2,4,3,2,0,11.31,0,4,6,26,5
17955,2019,0,2019-05-18,C-63,VIDRERES,Selva,1,0,3,0,2,0,0,0,0,2,0,0,0,100.0,0.0,0,2,No n'hi ha,-1.0,1,3,1,0,0,0,0,0,0,0,0,0,0,0,3,-1,1,Col·lisió frontal,-1,1,2,4,2,2,0,2.2,2,2,5,18,5
17956,2019,0,2019-08-17,A-2,MARTORELL,Baix Llobregat,3,1,0,0,1,0,0,0,1,0,0,0,0,50.0,0.0,0,2,No n'hi ha,-1.0,3,3,0,0,0,0,0,0,0,0,0,0,0,2,0,5,1,Resta sortides de via,3,1,2,4,1,2,0,1.25,2,1,5,17,8
17957,2019,0,2019-10-13,T-714,CABACES,Priorat,0,0,1,0,1,0,0,0,1,0,0,0,0,90.0,0.0,0,-1,Sense Especificar,-1.0,3,3,1,0,0,0,0,0,0,0,0,0,0,0,4,-1,-1,Altres,-1,1,2,4,4,2,0,10.17,0,5,6,13,10
17958,2019,1,2019-06-26,SE,LLORET DE MAR,Selva,1,0,1,1,2,1,0,0,0,1,0,0,0,30.0,0.0,0,2,No n'hi ha,-1.0,3,3,1,0,0,0,0,0,0,0,0,0,0,0,4,-1,1,Atropellament,-1,2,2,5,-1,2,1,20.0,1,3,2,26,6
17959,2019,1,2019-05-22,SE,BARCELONA,Barcelones,3,0,1,1,3,1,1,0,0,1,0,0,0,100.0,0.0,1,-1,Carril bici,-1.0,3,3,1,0,0,0,0,0,0,0,0,0,0,0,4,-1,0,Atropellament,-1,2,2,5,-1,2,1,16.5,1,3,2,22,5
17960,2019,1,2019-07-17,SE,VILANOVA I LA GELTRU,Garraf,3,0,1,0,2,0,0,0,1,1,0,0,0,100.0,0.0,0,-1,No n'hi ha,-1.0,3,3,1,0,0,0,0,0,0,0,0,0,0,0,4,-1,-1,Envestida (frontal lateral),-1,2,2,5,-1,2,1,12.5,0,2,2,17,7
17961,2019,0,2019-11-29,C-15B,CANYELLES,Garraf,3,0,1,0,2,0,0,0,1,1,0,0,0,60.0,0.0,0,2,No n'hi ha,-1.0,3,3,1,0,0,0,0,0,0,0,0,0,0,0,4,-1,1,Envestida (frontal lateral),-1,1,2,4,3,2,1,13.15,0,2,4,29,11
17962,2019,0,2019-03-22,A-2,ALCARRAS,Segria,2,1,0,1,8,3,0,0,0,2,3,0,0,100.0,0.0,0,2,No n'hi ha,-1.0,3,3,0,0,0,0,0,0,0,0,0,0,0,0,4,-1,0,Altres,-1,1,2,4,1,2,0,15.57,1,5,4,22,3
17963,2019,1,2019-06-24,SE,FONT-RUBI,Alt Penedes,3,1,0,0,1,0,0,0,0,0,0,1,0,20.0,0.0,0,-1,Sense Especificar,-1.0,3,3,0,0,0,0,0,0,0,0,0,0,0,0,4,-1,-1,Resta sortides de via,-1,2,2,5,-1,2,1,13.58,0,1,0,24,6
17964,2019,1,2019-02-15,SE,BARCELONA,Barcelones,3,0,2,0,2,1,0,0,1,0,0,0,0,100.0,0.0,1,-1,No n'hi ha,-1.0,3,3,1,0,0,0,0,0,0,0,0,0,0,0,0,-1,1,Atropellament,-1,2,2,5,-1,2,1,6.46,0,3,4,15,2
17965,2019,0,2019-09-26,GI-682,TOSSA DE MAR,Selva,1,0,1,1,2,0,0,0,1,1,0,0,0,90.0,0.0,0,-1,Sense Especificar,-1.0,3,3,1,0,0,0,0,0,0,0,0,0,0,0,4,-1,-1,Altres,-1,1,2,4,4,2,1,23.06,2,5,3,26,9
17966,2019,1,2019-07-04,SE,LLEIDA,Segria,2,1,0,0,2,0,0,0,1,1,0,0,0,100.0,0.0,0,1,No n'hi ha,-1.0,3,3,0,0,0,0,0,0,0,0,0,0,0,0,5,-1,1,Resta sortides de via,-1,2,2,5,-1,2,1,22.58,2,1,3,4,7
17967,2019,0,2019-11-11,GIV-6744,LLAGOSTERA,Girones,1,0,2,0,2,0,0,1,0,0,1,0,0,100.0,0.0,0,2,No n'hi ha,-1.0,3,3,1,0,0,0,0,0,0,0,0,0,0,0,4,-1,1,Caiguda en la via,-1,1,2,4,4,2,1,14.25,1,0,0,11,11
17968,2019,0,2019-02-08,N-260,MONTFERRER I CASTELLBO,Alt Urgell,2,0,1,1,2,0,0,0,0,2,0,0,0,70.0,0.0,0,2,No n'hi ha,-1.0,3,3,1,0,0,0,0,0,0,0,0,0,0,0,3,-1,1,Col·lisió frontal,-1,1,2,4,1,2,0,21.02,1,2,4,8,2