,Year,Area,Date,Road,Municipality Name,County Name,Province Name,Fatalties,Serious Injuries,Light Injuries,Units Involved,Pedestrains Involved,Bicycles Involved,Mopeds Involved,Motorcycles,Light Vehicles Involved,Heavy Vehicles Involved,Other Units Involved,Unspecified Units Involved,Road Speed Limit,Accident with Hit and Run,Fog Presence,Surrounding Environment,Special Lane Presence,Special Traffic Measures,Weather Conditions,Special Road Functions,Severity of Accident,Influence of Fog,Influence of Environment,Influence of Traffic,Influence of Weather,Influence of Wind Intensity,Influence of Lighting,Influence of Special Measures,Influence of Road Objects,Influence of Road Surface,Influence of Visibility,Intersection Characteristics,Lighting Conditions,Traffic Regulation and Priority,Direction of Road,Subtype of Accident,Subtype of Road Section,Subzone within Area,Road Surface Conditions,Type of Road,Road Ownership,Wind Conditions,Day of the Week Grouping,Hour of Day,Time of Day Grouping,Type of Accident,Day Type,Day,Month
17969,2019,0,2019-02-23,A-2,"PRAT DE LLOBREGAT, E",Baix Llobregat,3,0,1,0,1,0,0,0,1,0,0,0,0,90.0,0.0,0,-1,Sense Especificar,-1.0,3,3,1,0,0,0,0,0,0,0,0,0,0,1,4,5,-1,Altres,3,1,2,4,4,2,0,11.06,0,5,5,23,2
17970,2019,1,2019-06-30,SE,BARCELONA,Barcelones,3,1,0,0,1,0,0,0,1,0,0,0,0,100.0,0.0,1,-1,No n'hi ha,-1.0,3,3,0,0,0,0,0,0,0,0,0,0,0,0,4,-1,1,Xoc contra objecte/obstacle sense sortida prèvia de via,-1,2,2,5,-1,2,0,6.2,0,4,6,30,6
17971,2019,1,2019-07-24,SE,CERDANYOLA DEL VALLES,Valles Occidental,3,0,1,0,1,0,1,0,0,0,0,0,0,20.0,0.0,0,-1,No n'hi ha,-1.0,3,3,1,0,-1,0,0,0,0,0,0,0,0,0,4,-1,-1,Sortida de via amb xoc o col·lisió,-1,2,1,5,0,2,1,14.4,1,1,2,24,7
17972,2019,0,2019-05-05,N-150,BARBERA DEL VALLES,Valles Occidental,3,1,0,0,1,0,0,0,1,0,0,0,0,100.0,0.0,0,-1,No n'hi ha,-1.0,3,3,0,0,0,0,0,0,0,0,0,0,0,0,4,-1,-1,Resta sortides de via,-1,1,2,4,-1,2,0,20.13,1,1,6,5,5
17973,2019,1,2019-10-16,SE,SANT CARLES DE LA RAPITA,Montsia,0,0,1,0,2,1,0,0,0,1,0,0,0,40.0,0.0,0,2,No n'hi ha,-1.0,3,3,1,0,0,0,0,0,0,0,0,0,0,1,4,-1,0,Atropellament,1,2,2,5,-1,2,1,17.08,1,3,2,16,10
17974,2019,1,2019-12-22,SE,VILADECANS,Baix Llobregat,3,0,1,0,2,1,0,0,0,1,0,0,0,100.0,0.0,0,-1,No n'hi ha,-1.0,3,3,1,0,0,0,0,0,0,0,0,0,0,1,4,2,1,Atropellament,1,2,2,5,-1,2,0,18.1,1,3,6,22,12
17975,2019,1,2019-10-29,SE,LLORET DE MAR,Selva,1,0,1,0,2,0,0,0,1,1,0,0,0,100.0,0.0,0,2,No n'hi ha,-1.0,3,3,1,0,0,0,0,0,0,0,0,0,0,1,4,4,1,Envestida (frontal lateral),2,2,2,5,-1,2,1,9.45,0,2,1,29,10
17976,2019,1,2019-12-10,SE,BARCELONA,Barcelones,3,0,1,0,2,1,0,0,0,1,0,0,0,100.0,0.0,1,-1,No n'hi ha,-1.0,3,3,1,0,0,0,0,0,0,0,0,0,0,0,4,-1,1,Atropellament,-1,2,2,5,-1,2,1,10.35,0,3,1,10,12
17977,2019,1,2019-09-23,SE,MOLLET DEL VALLES,Valles Oriental,3,0,1,1,2,0,0,0,1,1,0,0,0,20.0,0.0,0,-1,No n'hi ha,-1.0,3,3,1,0,-1,0,0,0,0,0,0,0,0,0,4,-1,-1,Col·lisió frontal,-1,2,2,5,-1,2,1,17.54,1,2,0,23,9
17978,2019,0,2019-01-25,C-1413a,SANT QUIRZE DEL VALLES,Valles Occidental,3,0,1,0,2,0,0,0,1,1,0,0,0,100.0,0.0,0,2,No n'hi ha,-1.0,3,3,1,0,0,0,0,0,0,0,0,0,0,0,4,-1,1,Fregament o col·lisió lateral,-1,1,2,4,2,2,0,16.14,1,2,4,25,1
17979,2019,0,2019-07-27,AP-7,SANT CELONI,Valles Oriental,3,1,0,0,1,0,0,0,0,1,0,0,0,100.0,0.0,0,-1,No n'hi ha,-1.0,3,3,0,0,0,0,0,0,0,0,0,0,0,0,4,-1,-1,Resta sortides de via,-1,1,2,4,-1,2,0,20.19,1,1,5,27,7
17980,2019,1,2019-06-06,SE,BADALONA,Barcelones,3,0,1,0,2,1,0,0,0,0,1,0,0,20.0,0.0,0,-1,No n'hi ha,-1.0,3,3,1,0,-1,0,0,0,0,0,0,0,0,0,4,-1,-1,Atropellament,-1,2,2,5,-1,2,1,9.3,0,3,3,6,6
17981,2019,1,2019-03-24,SE,TARRAGONA,Tarragones,0,0,1,0,1,0,0,0,0,1,0,0,0,100.0,0.0,0,2,No n'hi ha,-1.0,3,3,1,0,0,0,0,0,0,0,0,0,0,0,4,-1,1,Sortida de via amb xoc o col·lisió,-1,2,2,5,-1,2,0,7.1,0,1,6,24,3
17982,2019,0,2019-12-26,C-17,"GARRIGA, LA",Valles Oriental,3,1,0,1,2,0,0,0,0,2,0,0,0,100.0,0.0,0,-1,No n'hi ha,-1.0,3,3,0,0,0,0,0,0,0,0,0,0,0,0,4,-1,-1,Col·lisió frontal,-1,1,2,4,-1,2,1,14.18,1,2,3,26,12
17983,2019,0,2019-06-03,SE,PUJALT,Anoia,3,1,0,0,2,0,0,0,0,2,0,0,0,100.0,0.0,0,2,No n'hi ha,-1.0,3,3,0,0,0,0,0,0,0,0,0,0,0,0,4,-1,1,Fregament o col·lisió lateral,-1,1,2,0,0,2,1,13.07,0,2,0,3,6
17984,2019,1,2019-08-28,SE,PREMIA DE MAR,Maresme,3,0,1,0,2,0,0,0,1,1,0,0,0,100.0,0.0,0,2,No n'hi ha,-1.0,3,3,1,0,0,0,0,0,0,0,0,0,0,0,4,-1,0,Envestida (frontal lateral),-1,2,2,5,-1,2,1,11.29,0,2,2,28,8
17985,2019,1,2019-05-13,SE,MANRESA,Bages,3,0,1,0,2,1,0,0,0,1,0,0,0,20.0,0.0,0,2,No n'hi ha,-1.0,3,3,1,0,0,0,0,0,0,0,0,0,0,1,4,4,0,Atropellament,1,2,2,5,-1,2,1,12.48,0,3,0,13,5
17986,2019,0,2019-02-11,C-31,VILANOVA I LA GELTRU,Garraf,3,0,1,1,2,0,0,0,0,2,0,0,0,90.0,0.0,0,2,No n'hi ha,-1.0,3,3,1,0,0,0,0,0,0,0,0,0,0,0,3,-1,1,Col·lisió frontal,-1,1,2,4,2,2,1,1.24,2,2,0,11,2
17987,2019,1,2019-01-02,SE,SANT ADRIA DE BESOS,Barcelones,3,0,1,3,1,0,0,0,0,0,0,1,0,100.0,0.0,0,-1,No n'hi ha,-1.0,3,3,1,0,0,0,0,0,0,0,0,0,0,0,4,-1,-1,Xoc contra objecte/obstacle sense sortida prèvia de via,-1,2,2,5,-1,2,1,8.3,0,4,2,2,1
17988,2019,0,2019-06-25,N-150,TERRASSA,Valles Occidental,3,0,1,1,4,3,0,0,0,1,0,0,0,100.0,0.0,0,2,No n'hi ha,-1.0,3,3,1,0,0,0,0,0,0,0,0,0,0,1,4,5,1,Atropellament,3,1,2,4,1,2,1,13.2,0,3,1,25,6
17989,2019,0,2019-06-17,A-2,COLLBATO,Baix Llobregat,3,1,1,0,1,0,0,0,0,1,0,0,0,100.0,0.0,0,2,No n'hi ha,-1.0,3,3,0,0,0,0,0,0,0,0,0,0,0,0,4,-1,0,Resta sortides de via,-1,1,2,4,1,2,1,9.43,0,1,0,17,6
17990,2019,1,2019-07-05,SE,CORNELLA DE LLOBREGAT,Baix Llobregat,3,0,1,0,2,1,0,0,0,1,0,0,0,20.0,0.0,0,-1,No n'hi ha,-1.0,3,3,1,0,-1,0,0,0,0,0,0,0,0,0,4,-1,-1,Atropellament,-1,2,2,5,-1,2,1,12.06,0,3,4,5,7
17991,2019,0,2019-12-20,N-II,ARENYS DE MAR,Maresme,3,0,1,0,1,0,0,0,0,1,0,0,0,90.0,0.0,0,-1,Sense Especificar,-1.0,3,3,1,0,0,0,0,0,0,0,0,0,0,0,4,-1,-1,Resta sortides de via,-1,1,2,4,4,2,1,0.02,2,1,4,20,12
17992,2019,1,2019-04-27,SE,MATARO,Maresme,3,0,1,0,2,0,0,0,1,1,0,0,0,20.0,0.0,0,-1,No n'hi ha,-1.0,3,3,1,0,-1,0,0,0,0,0,0,0,0,1,5,4,-1,Envestida (frontal lateral),2,2,2,5,-1,2,0,21.45,1,2,5,27,4
17993,2019,0,2019-03-20,A-2,"BRUC, EL",Anoia,3,1,0,0,1,0,0,0,1,0,0,0,0,80.0,0.0,0,1,No n'hi ha,-1.0,3,3,0,0,0,0,0,0,0,0,0,0,0,0,1,-1,0,Resta sortides de via,-1,1,2,4,1,2,1,6.5,0,1,2,20,3
17994,2019,1,2019-03-13,SE,VILAFRANCA DEL PENEDES,Alt Penedes,3,0,1,1,2,0,0,1,0,1,0,0,0,100.0,0.0,0,2,No n'hi ha,-1.0,3,3,1,0,0,0,0,0,0,0,0,0,0,1,4,4,0,Caiguda en la via,2,2,2,5,-1,2,1,17.4,1,0,2,13,3
17995,2019,0,2019-01-22,C-58,RIPOLLET,Valles Occidental,3,0,1,0,3,0,0,0,1,2,0,0,0,100.0,0.0,0,1,No n'hi ha,-1.0,3,3,1,0,0,0,0,0,0,0,0,0,0,0,1,-1,0,Altres,-1,1,2,4,2,2,1,8.2,0,5,1,22,1
17996,2019,1,2019-01-11,SE,GRANOLLERS,Valles Oriental,3,0,1,0,2,1,0,0,0,1,0,0,0,100.0,1.0,0,2,No n'hi ha,-1.0,3,3,1,0,0,0,0,0,0,0,0,0,0,0,1,-1,1,Atropellament,-1,2,2,5,-1,2,1,7.5,0,3,4,11,1
17997,2019,0,2019-12-13,C-37,VALLS,Alt Camp,0,0,1,1,2,0,0,0,1,1,0,0,0,90.0,0.0,0,-1,Sense Especificar,-1.0,3,3,1,0,0,0,0,0,0,0,0,0,0,1,4,4,-1,Envestida (frontal lateral),0,1,2,4,4,2,1,7.52,0,2,4,13,12
17998,2019,1,2019-11-04,SE,BARCELONA,Barcelones,3,1,0,1,3,0,0,0,1,0,2,0,0,100.0,0.0,1,-1,Carril bus,-1.0,3,3,0,0,0,0,0,0,0,0,0,0,0,0,4,-1,0,Encalç,-1,2,2,5,-1,2,1,8.3,0,2,0,4,11
17999,2019,0,2019-07-21,AP-7,"ROCA DEL VALLES, LA",Valles Oriental,3,1,0,2,3,0,0,0,0,3,0,0,0,100.0,0.0,0,-1,No n'hi ha,-1.0,3,3,0,0,0,0,0,0,0,0,0,0,0,0,4,-1,-1,Altres,-1,1,2,4,-1,2,0,15.23,1,5,6,21,7
18000,2019,1,2019-03-30,N-IIa,SARRIA DE TER,Girones,1,0,1,0,2,0,0,0,1,1,0,0,0,50.0,0.0,0,2,No n'hi ha,-1.0,3,3,1,0,0,0,0,0,0,0,0,0,0,0,4,-1,1,Caiguda en la via,-1,0,2,4,0,2,0,14.52,1,0,5,30,3
18001,2019,1,2019-12-15,SE,RODA DE TER,Osona,3,0,1,0,1,0,0,0,1,0,0,0,0,50.0,0.0,0,2,No n'hi ha,-1.0,3,3,1,0,0,0,0,0,0,0,0,0,0,1,5,4,0,Caiguda en la via,2,2,2,5,-1,2,0,21.27,1,0,6,15,12
18002,2019,0,2019-10-09,N-260,BOLVIR,Cerdanya,1,0,1,1,3,0,0,0,0,3,0,0,0,50.0,0.0,0,2,No n'hi ha,-1.0,3,3,1,0,0,0,0,0,0,0,0,0,0,0,4,-1,1,Encalç,-1,1,2,4,1,2,1,9.22,0,2,2,9,10
18003,2019,1,2019-01-27,SE,SALLENT,Bages,3,0,1,0,1,0,0,0,1,0,0,0,0,20.0,0.0,0,-1,No n'hi ha,-1.0,3,3,1,-1,0,0,0,-1,0,0,0,0,-1,0,5,-1,0,Sortida de via amb xoc o col·lisió,-1,2,2,5,-1,2,0,1.55,2,1,6,27,1
18004,2019,0,2019-03-17,T-340,DELTEBRE,Baix Ebre,0,1,1,0,1,0,0,0,0,1,0,0,0,100.0,0.0,0,0,No n'hi ha,-1.0,3,3,0,0,0,0,0,0,0,0,0,0,0,0,3,-1,1,Resta sortides de via,-1,1,2,4,2,2,0,4.4,2,1,6,17,3
18005,2019,0,2019-08-03,C-59,CALDES DE MONTBUI,Valles Oriental,3,0,1,4,4,0,0,0,1,3,0,0,0,60.0,0.0,0,1,No n'hi ha,-1.0,3,3,1,0,0,0,0,0,0,0,0,0,0,0,4,-1,1,Envestida (frontal lateral),-1,1,2,4,2,2,0,12.29,0,2,5,3,8
18006,2019,0,2019-11-24,N-260,COLERA,Alt Emporda,1,0,1,0,3,0,0,0,1,2,0,0,0,60.0,0.0,0,3,No n'hi ha,-1.0,3,3,1,0,0,0,0,0,0,0,0,0,0,0,4,-1,1,Fregament o col·lisió lateral,-1,1,2,4,1,2,0,16.3,1,2,6,24,11
18007,2019,0,2019-08-16,C-31,GUALTA,Baix Emporda,1,0,1,0,1,0,0,0,1,0,0,0,0,100.0,0.0,0,-1,No n'hi ha,-1.0,3,3,1,0,0,0,0,0,0,0,0,0,0,0,4,-1,-1,Resta sortides de via,-1,1,2,4,-1,2,1,12.06,0,1,4,16,8
18008,2019,0,2019-10-21,L-304,"PLANS DE SIO, ELS",Segarra,2,0,1,0,2,0,0,0,0,2,0,0,0,100.0,0.0,0,2,No n'hi ha,-1.0,3,3,1,0,0,0,0,0,0,0,0,0,0,1,2,5,1,Col·lisió frontal,1,1,2,4,3,2,1,8.47,0,2,0,21,10
18009,2019,0,2019-08-19,B-124,CASTELLAR DEL VALLES,Valles Occidental,3,0,1,1,1,0,0,0,0,1,0,0,0,100.0,0.0,0,3,No n'hi ha,-1.0,3,3,1,0,0,0,0,0,0,0,0,0,0,0,4,-1,1,Resta sortides de via,-1,1,2,4,2,2,1,10.48,0,1,0,19,8
18010,2019,1,2019-07-05,C-31B,SALOU,Tarragones,0,0,1,0,2,0,1,0,0,1,0,0,0,100.0,0.0,0,2,No n'hi ha,-1.0,3,3,1,0,0,0,0,0,0,0,0,0,0,0,1,-1,1,Envestida (frontal lateral),-1,0,2,4,0,2,1,6.34,0,2,4,5,7
18011,2019,0,2019-10-19,N-II,"MASNOU, EL",Maresme,3,0,1,2,4,0,0,0,1,3,0,0,0,50.0,0.0,0,2,No n'hi ha,-1.0,3,3,1,0,0,0,0,0,0,0,0,0,0,1,5,3,1,Fregament o col·lisió lateral,1,1,2,4,1,2,0,6.48,0,2,5,19,10
18012,2019,0,2019-06-03,C-451,GUISSONA,Segarra,2,1,0,0,2,0,0,0,0,1,1,0,0,70.0,0.0,0,1,No n'hi ha,-1.0,3,3,0,0,0,0,0,0,0,0,0,0,0,0,4,-1,1,Col·lisió frontal,-1,1,2,4,2,2,1,14.11,1,2,0,3,6
18013,2019,0,2019-09-04,C-17,MONTCADA I REIXAC,Valles Occidental,3,0,1,0,2,0,0,0,1,1,0,0,0,50.0,0.0,0,0,No n'hi ha,-1.0,3,3,1,0,0,0,0,0,0,0,0,0,0,1,4,4,1,Encalç,1,1,2,4,2,2,1,14.31,1,2,2,4,9
18014,2019,0,2019-10-16,N-260,RIBES DE FRESER,Ripolles,1,0,1,1,2,0,0,0,0,2,0,0,0,90.0,0.0,0,-1,Sense Especificar,-1.0,3,3,1,0,0,0,0,0,0,0,0,0,0,0,4,-1,-1,Col·lisió frontal,-1,1,2,4,4,2,1,6.25,0,2,2,16,10
18015,2019,1,2019-11-25,SE,SABADELL,Valles Occidental,3,0,1,0,2,1,0,0,0,1,0,0,0,40.0,0.0,0,2,No n'hi ha,-1.0,3,3,1,0,0,0,0,0,0,0,0,0,0,2,4,2,1,Atropellament,1,2,2,5,-1,2,1,10.09,0,3,0,25,11
18016,2019,1,2019-05-11,SE,VIC,Osona,3,0,1,1,2,0,0,0,0,2,0,0,0,50.0,0.0,0,2,No n'hi ha,-1.0,3,3,1,0,0,0,0,0,0,0,0,0,0,0,5,-1,1,Col·lisió frontal,-1,2,2,5,0,2,0,5.0,2,2,5,11,5
18017,2019,0,2019-02-20,N-240,VALLMOLL,Alt Camp,0,0,1,2,3,0,0,0,0,3,0,0,0,90.0,0.0,0,2,Altres,-1.0,3,3,1,0,0,0,0,0,0,0,0,0,0,0,4,-1,1,Envestida (frontal lateral),-1,1,2,4,1,2,1,14.42,1,2,2,20,2
18018,2019,1,2019-05-16,SE,"MASNOU, EL",Maresme,3,0,1,1,2,1,0,0,0,1,0,0,0,20.0,0.0,0,-1,No n'hi ha,-1.0,3,3,1,-1,-1,0,0,-1,0,0,0,0,0,1,4,3,-1,Atropellament,2,2,2,5,-1,2,1,12.45,0,3,3,16,5
18019,2019,0,2019-11-24,SE,PINOS,Solsones,2,0,1,0,1,0,0,0,1,0,0,0,0,40.0,0.0,0,1,No n'hi ha,-1.0,3,3,1,0,0,0,0,0,0,0,0,0,0,0,4,-1,1,Caiguda en la via,-1,1,2,0,0,2,0,11.36,0,0,6,24,11
18020,2019,1,2019-05-28,SE,REUS,Baix Camp,0,0,1,0,2,0,0,0,1,1,0,0,0,100.0,0.0,0,-1,No n'hi ha,-1.0,3,3,1,0,0,0,0,0,0,0,0,0,0,0,4,-1,-1,Xoc contra objecte/obstacle sense sortida prèvia de via,-1,2,2,5,-1,2,1,14.2,1,4,1,28,5
18021,2019,0,2019-10-08,C-243B,CASTELLVI DE ROSANES,Baix Llobregat,3,0,1,0,1,0,1,0,0,0,0,0,0,90.0,0.0,0,-1,Sense Especificar,-1.0,3,3,1,0,0,0,0,0,0,0,0,0,0,0,4,-1,-1,Altres,-1,1,2,4,4,2,1,13.03,0,5,1,8,10
18022,2019,1,2019-02-08,SE,BADALONA,Barcelones,3,0,1,1,2,1,0,0,1,0,0,0,0,20.0,0.0,0,-1,No n'hi ha,-1.0,3,3,1,0,-1,0,0,0,0,0,0,0,0,0,1,-1,-1,Atropellament,-1,2,2,5,-1,2,0,18.2,1,3,4,8,2
18023,2019,1,2019-07-16,SE,RUBI,Valles Occidental,3,1,0,1,2,0,0,0,1,1,0,0,0,100.0,0.0,0,-1,No n'hi ha,-1.0,3,3,0,0,0,0,0,0,0,0,0,0,0,0,4,-1,-1,Caiguda en la via,-1,2,2,5,-1,2,1,20.0,1,0,1,16,7
18024,2019,1,2019-02-21,SE,HOSPITALET DE LLOBREGAT,Barcelones,3,0,1,0,2,0,0,0,1,1,0,0,0,20.0,0.0,0,2,No n'hi ha,-1.0,3,3,1,-1,0,0,0,-1,0,0,0,0,-1,1,5,4,1,Col·lisió frontal,2,2,2,5,-1,2,1,23.2,2,2,3,21,2
18025,2019,0,2019-06-11,BV-2111,SANT PERE DE RIBES,Garraf,3,1,0,0,2,0,0,0,1,1,0,0,0,100.0,0.0,0,2,No n'hi ha,-1.0,3,3,0,0,0,0,0,0,0,0,0,0,0,0,1,-1,1,Col·lisió frontal,-1,1,2,4,3,2,1,5.37,2,2,1,11,6
18026,2019,0,2019-12-31,N-II,MARTORELL,Baix Llobregat,3,1,0,0,1,0,0,0,1,0,0,0,0,50.0,0.0,0,2,No n'hi ha,-1.0,3,3,0,0,0,0,0,0,0,0,0,0,0,0,4,-1,0,Caiguda en la via,-1,1,2,4,1,2,1,9.15,0,0,1,31,12
18027,2019,1,2019-05-01,N-II,MATARO,Maresme,3,0,1,0,1,0,0,0,1,0,0,0,0,90.0,0.0,0,2,No n'hi ha,-1.0,3,3,1,-1,0,0,0,-1,0,0,0,0,-1,0,5,-1,1,Caiguda en la via,-1,0,0,4,-1,2,1,3.1,2,0,2,1,5
18028,2019,0,2019-05-25,B-20,BARCELONA,Barcelones,3,0,1,1,3,0,0,0,1,2,0,0,0,60.0,0.0,1,-1,No n'hi ha,-1.0,1,3,1,0,0,0,0,0,0,0,0,0,0,0,4,-1,0,Envestida (frontal lateral),-1,1,0,1,-1,2,0,13.35,0,2,5,25,5
18029,2019,1,2019-07-20,SE,BARCELONA,Barcelones,3,0,2,0,2,0,0,0,1,1,0,0,0,100.0,0.0,1,-1,No n'hi ha,-1.0,3,3,1,0,0,0,0,0,0,0,0,0,0,1,4,-1,0,Fregament o col·lisió lateral,2,2,2,5,-1,2,0,18.5,1,2,5,20,7
18030,2019,1,2019-12-19,SE,VILANOVA I LA GELTRU,Garraf,3,0,1,1,3,2,0,0,0,1,0,0,0,100.0,0.0,0,2,No n'hi ha,-1.0,1,3,1,0,0,0,0,0,0,0,0,0,0,0,5,-1,0,Atropellament,-1,2,2,5,-1,2,1,18.2,1,3,3,19,12
18031,2019,0,2019-03-10,C-51,ALIO,Alt Camp,0,0,1,3,2,0,0,0,2,0,0,0,0,100.0,0.0,0,3,No n'hi ha,-1.0,3,3,1,0,0,0,0,0,0,0,0,0,0,0,4,-1,1,Xoc contra objecte/obstacle sense sortida prèvia de via,-1,1,2,4,2,2,0,18.11,1,4,6,10,3
18032,2019,1,2019-02-28,SE,"VENDRELL, EL",Baix Penedes,0,0,1,0,2,0,0,0,1,1,0,0,0,40.0,0.0,0,-1,No n'hi ha,-1.0,3,3,1,-1,0,0,0,-1,0,0,0,0,-1,0,4,-1,1,Encalç,-1,2,2,5,0,2,1,8.3,0,2,3,28,2
18033,2019,0,2019-06-10,CR,RIALP,Pallars Sobira,2,0,1,0,1,0,0,0,1,0,0,0,0,100.0,0.0,0,1,No n'hi ha,-1.0,3,3,1,0,0,0,0,0,0,0,0,0,0,0,4,-1,1,Caiguda en la via,-1,1,0,4,4,2,1,18.47,1,0,0,10,6
18034,2019,1,2019-12-01,C-31,MONT-RAS,Baix Emporda,1,0,1,0,1,0,0,0,1,0,0,0,0,50.0,0.0,0,2,No n'hi ha,-1.0,3,3,1,0,0,0,0,0,0,0,0,0,0,2,5,4,1,Xoc contra objecte/obstacle sense sortida prèvia de via,0,0,2,4,-1,2,0,20.22,1,4,6,1,12
18035,2019,1,2019-02-04,SE,BARCELONA,Barcelones,3,0,1,1,2,1,0,0,1,0,0,0,0,100.0,0.0,1,-1,Carril bus,-1.0,3,3,1,0,0,0,0,0,0,0,0,0,0,0,4,-1,1,Atropellament,-1,2,2,5,-1,2,1,15.16,1,3,0,4,2
18036,2019,1,2019-09-11,C-58,TERRASSA,Valles Occidental,3,0,1,0,4,1,0,0,0,2,1,0,0,100.0,0.0,0,2,Carril avançament,-1.0,3,3,1,0,0,0,0,0,0,0,0,0,0,0,4,-1,0,Atropellament,-1,0,2,4,2,2,1,17.55,1,3,2,11,9
18037,2019,0,2019-05-16,B-10,SANT ADRIA DE BESOS,Barcelones,3,0,1,0,2,0,0,0,1,1,0,0,0,100.0,0.0,0,2,Carril acceleració,-1.0,3,3,1,0,0,0,0,0,0,0,0,0,0,0,4,-1,0,Encalç,-1,1,2,4,1,2,1,14.47,1,2,3,16,5
18038,2019,0,2019-10-26,C-244,MEDIONA,Alt Penedes,3,0,1,0,1,0,0,0,1,0,0,0,0,90.0,0.0,0,2,No n'hi ha,-1.0,3,3,1,0,0,0,0,0,0,0,0,0,0,0,4,-1,1,Caiguda en la via,-1,1,2,4,2,2,0,12.27,0,0,5,26,10
18039,2019,1,2019-12-04,TP-2044,"VENDRELL, EL",Baix Penedes,0,0,1,3,3,0,0,0,0,3,0,0,0,40.0,0.0,0,2,No n'hi ha,-1.0,1,3,1,-1,0,0,0,-1,0,0,0,0,-1,1,2,4,1,Encalç,1,0,0,4,-1,2,1,12.24,0,2,2,4,12
18040,2019,1,2019-10-03,SE,REUS,Baix Camp,0,0,1,0,2,1,0,0,0,1,0,0,0,100.0,0.0,0,-1,No n'hi ha,-1.0,3,3,1,0,0,0,0,0,1,0,0,0,0,0,4,-1,-1,Atropellament,-1,2,2,5,-1,2,1,14.4,1,3,3,3,10
18041,2019,0,2019-10-20,C-1412a,TORA,Segarra,2,0,1,0,1,0,0,0,0,1,0,0,0,90.0,0.0,0,-1,Sense Especificar,-1.0,3,3,1,0,0,0,0,0,0,0,0,0,0,0,4,-1,-1,Resta sortides de via,-1,1,2,4,4,2,0,14.12,1,1,6,20,10
18042,2019,0,2019-07-17,C-250,QUART,Girones,1,1,0,1,2,0,0,0,1,1,0,0,0,100.0,0.0,0,1,No n'hi ha,-1.0,3,3,0,0,0,0,0,0,0,0,0,0,0,0,4,-1,1,Col·lisió frontal,-1,1,2,4,2,2,1,9.01,0,2,2,17,7
18043,2019,0,2019-01-01,GIV-6502,PALS,Baix Emporda,1,0,1,0,1,0,0,0,0,1,0,0,0,90.0,0.0,0,-1,Sense Especificar,-1.0,3,3,1,0,0,0,0,0,0,0,0,0,0,0,4,-1,-1,Resta sortides de via,-1,1,2,4,4,2,1,6.21,0,1,1,1,1
18044,2019,0,2019-10-28,B-20,BARCELONA,Barcelones,3,0,1,1,4,0,0,0,2,2,0,0,0,80.0,0.0,1,-1,No n'hi ha,-1.0,3,3,1,0,0,0,0,0,0,0,0,0,0,0,0,-1,1,Fregament o col·lisió lateral,-1,1,2,1,-1,2,1,18.05,1,2,0,28,10
18045,2019,1,2019-07-15,SE,OLOT,Garrotxa,1,0,1,0,2,1,0,0,0,1,0,0,0,100.0,0.0,0,0,No n'hi ha,-1.0,3,3,1,0,0,0,0,0,1,0,0,0,0,1,4,2,0,Atropellament,2,2,2,5,-1,2,1,17.38,1,3,0,15,7
18046,2019,0,2019-06-30,B-402,"POBLA DE LILLET, LA",Bergueda,3,0,1,0,2,0,1,0,0,1,0,0,0,100.0,0.0,0,1,No n'hi ha,-1.0,3,3,1,0,0,0,0,0,0,0,0,0,0,0,4,-1,1,Resta sortides de via,-1,1,2,4,3,2,0,10.3,0,1,6,30,6
18047,2019,1,2019-01-01,SE,SABADELL,Valles Occidental,3,1,0,0,1,0,0,0,1,0,0,0,0,100.0,0.0,0,-1,No n'hi ha,-1.0,3,3,0,0,0,0,0,0,0,0,0,0,0,0,4,-1,-1,Altres,-1,2,2,5,-1,2,1,20.57,1,5,1,1,1
18048,2019,1,2019-07-26,SE,FONTCOBERTA,Pla de l'Estany,1,0,1,1,2,1,0,0,0,1,0,0,0,50.0,0.0,0,2,No n'hi ha,-1.0,3,3,1,0,0,0,0,0,0,0,0,0,0,0,4,-1,1,Atropellament,-1,0,2,4,4,2,1,10.27,0,3,4,26,7
18049,2019,1,2019-08-17,SE,"VENDRELL, EL",Baix Penedes,0,0,1,0,2,0,0,0,1,1,0,0,0,40.0,0.0,0,-1,No n'hi ha,-1.0,3,3,1,-1,-1,0,0,-1,0,0,0,0,-1,1,5,4,1,Envestida (frontal lateral),1,2,2,5,0,2,0,0.21,2,2,5,17,8
18050,2019,0,2019-05-05,LP-3322,LINYOLA,Pla d'Urgell,2,0,1,0,1,0,0,0,1,0,0,0,0,90.0,0.0,0,-1,Sense Especificar,-1.0,3,3,1,0,0,0,0,0,0,0,0,0,0,1,4,4,-1,Resta sortides de via,0,1,2,4,4,2,0,22.0,2,1,6,5,5
18051,2019,1,2019-03-15,SE,TORRES DE SEGRE,Segria,2,1,0,0,2,1,0,0,0,1,0,0,0,100.0,0.0,0,2,No n'hi ha,-1.0,3,3,0,0,0,0,0,0,0,0,0,0,0,2,4,5,1,Atropellament,2,2,2,5,-1,2,1,9.21,0,3,4,15,3
18052,2019,1,2019-02-10,SE,VILANOVA I LA GELTRU,Garraf,3,0,1,0,1,0,0,0,1,0,0,0,0,100.0,0.0,0,-1,No n'hi ha,-1.0,3,3,1,0,0,0,0,0,0,0,0,0,0,0,4,-1,-1,Altres,-1,2,2,5,-1,2,0,12.0,0,5,6,10,2