,Year,Area,Date,Road,Municipality Name,County Name,Province Name,Fatalties,Serious Injuries,Light Injuries,Units Involved,Pedestrains Involved,Bicycles Involved,Mopeds Involved,Motorcycles,Light Vehicles Involved,Heavy Vehicles Involved,Other Units Involved,Unspecified Units Involved,Road Speed Limit,Accident with Hit and Run,Fog Presence,Surrounding Environment,Special Lane Presence,Special Traffic Measures,Weather Conditions,Special Road Functions,Severity of Accident,Influence of Fog,Influence of Environment,Influence of Traffic,Influence of Weather,Influence of Wind Intensity,Influence of Lighting,Influence of Special Measures,Influence of Road Objects,Influence of Road Surface,Influence of Visibility,Intersection Characteristics,Lighting Conditions,Traffic Regulation and Priority,Direction of Road,Subtype of Accident,Subtype of Road Section,Subzone within Area,Road Surface Conditions,Type of Road,Road Ownership,Wind Conditions,Day of the Week Grouping,Hour of Day,Time of Day Grouping,Type of Accident,Day Type,Day,Month
18053,2019,0,2019-05-01,C-55,CLARIANA DE CARDENER,Solsones,2,0,1,0,2,0,1,0,0,1,0,0,0,100.0,0.0,0,2,No n'hi ha,-1.0,3,3,1,0,0,0,0,0,0,0,0,0,0,0,4,-1,1,Envestida (frontal lateral),-1,1,2,4,2,2,1,12.32,0,2,2,1,5
18054,2019,0,2019-02-23,C-14,CIUTADILLA,Urgell,2,1,4,1,2,0,0,0,0,2,0,0,0,100.0,0.0,0,2,Habilitació voral/carril addicional,-1.0,3,3,0,0,0,0,0,0,0,0,0,0,0,0,3,-1,1,Col·lisió frontal,-1,1,2,4,2,2,0,21.18,1,2,5,23,2
18055,2019,1,2019-12-23,SE,LLEIDA,Segria,2,1,0,0,2,1,0,0,0,1,0,0,0,100.0,0.0,0,2,No n'hi ha,-1.0,3,3,0,0,0,0,0,0,0,0,0,0,0,0,4,-1,1,Atropellament,-1,2,2,5,-1,2,1,12.19,0,3,0,23,12
18056,2019,1,2019-02-07,SE,SANT GREGORI,Girones,1,0,1,0,1,0,0,0,1,0,0,0,0,100.0,0.0,0,2,No n'hi ha,-1.0,3,3,1,0,0,0,0,0,0,0,0,0,0,1,4,4,1,Resta sortides de via,0,2,2,5,-1,2,1,16.12,1,1,3,7,2
18057,2019,0,2019-03-23,C-35,LLINARS DEL VALLES,Valles Oriental,3,1,0,0,2,0,0,0,1,0,1,0,0,100.0,0.0,0,2,No n'hi ha,-1.0,3,3,0,0,0,0,0,0,0,0,0,0,0,0,4,-1,1,Col·lisió frontal,-1,1,2,4,2,2,0,11.15,0,2,5,23,3
18058,2019,1,2019-01-09,SE,SANT JOAN DE VILATOR,Bages,3,0,1,0,3,2,0,0,0,1,0,0,0,100.0,0.0,0,2,No n'hi ha,-1.0,3,3,1,0,0,0,0,0,0,0,0,0,0,2,4,3,1,Atropellament,2,2,2,5,-1,2,1,15.16,1,3,2,9,1
18059,2019,0,2019-10-05,N-141c,MOIA,Moianès,3,0,1,4,1,0,0,0,0,1,0,0,0,100.0,0.0,0,2,No n'hi ha,-1.0,3,3,1,0,0,0,0,0,0,0,0,0,0,0,3,-1,1,Resta sortides de via,-1,1,2,4,2,2,0,4.46,2,1,5,5,10
18060,2019,0,2019-04-16,GIV-5334,BRUNYOLA,Selva,1,0,1,0,1,0,1,0,0,0,0,0,0,90.0,0.0,0,-1,Sense Especificar,-1.0,3,3,1,0,0,0,0,0,0,0,0,0,0,2,4,4,-1,Altres,1,1,2,4,4,2,1,11.4,0,5,1,16,4
18061,2019,1,2019-11-11,SE,HOSPITALET DE LLOBREGAT,Barcelones,3,0,1,0,2,1,0,0,1,0,0,0,0,20.0,0.0,0,-1,No n'hi ha,-1.0,3,3,1,0,-1,0,0,0,0,0,0,0,0,0,4,-1,-1,Atropellament,-1,2,2,5,-1,2,1,13.53,0,3,0,11,11
18062,2019,0,2019-12-09,C-32,SANT VICENC DE MONTA,Maresme,3,0,1,0,1,0,0,0,1,0,0,0,0,90.0,0.0,0,-1,Sense Especificar,-1.0,3,3,1,0,0,0,0,0,0,0,0,0,0,0,4,-1,-1,Resta sortides de via,-1,1,2,4,4,2,1,20.47,1,1,0,9,12
18063,2019,0,2019-06-23,C-13,TALARN,Pallars Jussa,2,0,3,0,2,0,0,0,0,2,0,0,0,90.0,0.0,0,-1,Sense Especificar,-1.0,3,3,1,0,0,0,0,0,0,0,0,0,0,0,4,-1,-1,Col·lisió frontal,-1,1,2,4,4,2,0,17.07,1,2,6,23,6
18064,2019,0,2019-07-14,C-58,SABADELL,Valles Occidental,3,0,1,0,1,0,0,0,1,0,0,0,0,90.0,0.0,0,-1,Sense Especificar,-1.0,3,3,1,0,0,0,0,0,0,0,0,0,0,2,4,4,-1,Resta sortides de via,3,1,2,4,4,2,0,8.05,0,1,6,14,7
18065,2019,1,2019-03-22,SE,TERRASSA,Valles Occidental,3,0,1,0,2,1,0,0,0,1,0,0,0,20.0,0.0,0,2,No n'hi ha,-1.0,3,3,1,-1,0,0,0,-1,0,0,0,0,-1,1,5,3,0,Atropellament,2,2,2,5,-1,2,0,23.4,2,3,4,22,3
18066,2019,1,2019-12-29,SE,CARME,Anoia,3,1,0,0,2,1,0,0,0,1,0,0,0,100.0,0.0,0,2,No n'hi ha,-1.0,3,3,0,0,0,0,0,0,0,0,0,0,0,0,5,-1,1,Caiguda en la via,-1,2,2,5,0,2,0,22.31,2,0,6,29,12
18067,2019,1,2019-02-06,SE,CASTELLDEFELS,Baix Llobregat,3,0,1,1,1,0,0,0,0,0,1,0,0,40.0,0.0,0,3,No n'hi ha,-1.0,3,3,1,0,0,0,0,0,0,0,0,0,0,0,5,-1,1,Xoc contra objecte/obstacle sense sortida prèvia de via,-1,2,2,5,-1,2,1,21.3,1,4,2,6,2
18068,2019,1,2019-11-05,SE,FRANQUESES DEL VALLE,Valles Oriental,3,0,1,0,1,0,1,0,0,0,0,0,0,100.0,0.0,0,2,No n'hi ha,-1.0,3,3,1,0,0,0,0,0,0,0,0,0,0,0,4,-1,1,Caiguda en la via,-1,2,2,5,-1,2,1,13.0,0,0,1,5,11
18069,2019,0,2019-07-23,C-17,MOLLET DEL VALLES,Valles Oriental,3,1,0,2,3,0,0,0,1,2,0,0,0,100.0,0.0,0,-1,No n'hi ha,-1.0,3,3,0,0,0,0,0,0,0,0,0,0,0,0,4,-1,-1,Col·lisió frontal,-1,1,2,4,-1,2,1,22.02,2,2,1,23,7
18070,2019,1,2019-01-25,N-420,CORBERA D'EBRE,Terra Alta,0,1,0,0,2,1,0,0,1,0,0,0,0,50.0,0.0,0,2,No n'hi ha,-1.0,3,3,0,0,0,0,0,0,1,0,0,0,0,0,4,-1,1,Atropellament,-1,0,2,4,1,1,0,17.12,1,3,4,25,1
18071,2019,0,2019-06-26,C-251,LLINARS DEL VALLES,Valles Oriental,3,0,1,1,1,0,0,0,1,0,0,0,0,90.0,0.0,0,-1,Sense Especificar,-1.0,3,3,1,0,0,0,0,0,0,0,0,0,0,1,4,4,-1,Resta sortides de via,1,1,2,4,4,2,1,19.35,1,1,2,26,6
18072,2019,0,2019-12-19,A-2,SANT ANFREU DE LA BARCA,Baix Llobregat,3,0,1,0,2,0,0,0,0,1,1,0,0,80.0,0.0,0,2,No n'hi ha,0.0,3,3,1,0,0,0,0,0,0,0,0,0,0,0,5,-1,0,Encalç,-1,1,2,4,1,2,1,5.47,2,2,3,19,12
18073,2019,1,2019-01-28,SE,TARRAGONA,Tarragones,0,0,1,0,2,1,0,0,0,1,0,0,0,20.0,,0,2,No n'hi ha,-1.0,3,3,1,-1,0,0,0,-1,0,0,0,0,1,0,1,-1,1,Atropellament,-1,2,2,5,-1,2,1,16.52,1,3,0,28,1
18074,2019,1,2019-01-14,LV-9223,BENAVENT DE SEGRIA,Segria,2,0,1,1,1,0,0,0,0,0,1,0,0,90.0,0.0,0,-1,Sense Especificar,-1.0,3,1,1,0,0,0,0,0,0,0,0,0,0,1,4,-1,-1,Resta sortides de via,-1,0,2,4,4,2,1,9.43,0,1,0,14,1
18075,2019,0,2019-01-01,A-2,LLEIDA,Segria,2,0,2,0,1,0,0,0,0,1,0,0,0,90.0,0.0,0,-1,Sense Especificar,-1.0,3,3,1,0,0,0,0,0,0,0,0,0,0,0,4,-1,-1,Resta sortides de via,-1,1,2,4,4,2,1,6.39,0,1,1,1,1
18076,2019,1,2019-09-09,SE,BARCELONA,Barcelones,3,0,1,0,3,2,0,0,0,1,0,0,0,100.0,0.0,1,-1,Carril bus,-1.0,3,3,1,0,0,0,0,0,0,0,0,0,0,1,4,-1,1,Atropellament,2,2,2,5,-1,2,1,10.0,0,3,0,9,9
18077,2019,1,2019-01-02,GI-682,LLORET DE MAR,Selva,1,0,1,0,2,0,0,0,1,1,0,0,0,30.0,0.0,0,2,Carril central,-1.0,3,3,1,0,0,0,0,0,0,0,0,0,0,1,5,4,1,Col·lisió frontal,1,0,2,4,-1,2,1,18.5,1,2,2,2,1
18078,2019,0,2019-06-26,CR,"CRUILLES, MONELLS I SANT SADURNI DE L'HE",Baix Emporda,1,0,1,1,3,0,2,0,0,1,0,0,0,100.0,0.0,0,0,No n'hi ha,-1.0,3,3,1,0,0,0,0,0,0,0,0,0,0,0,4,-1,1,Altres,-1,1,0,3,0,2,1,20.12,1,5,2,26,6
18079,2019,1,2019-08-15,SE,VIC,Osona,3,0,1,0,2,0,0,0,2,0,0,0,0,100.0,0.0,0,2,No n'hi ha,-1.0,2,3,1,0,0,0,1,0,0,0,0,0,0,2,1,-1,1,Caiguda en la via,2,2,2,5,-1,0,1,19.32,1,0,3,15,8
18080,2019,1,2019-01-26,SE,PALAFRUGELL,Baix Emporda,1,0,1,0,2,0,1,0,0,1,0,0,0,30.0,0.0,0,-1,No n'hi ha,-1.0,3,3,1,-1,0,0,0,-1,0,0,0,0,0,1,5,4,0,Envestida (frontal lateral),2,2,2,5,-1,2,0,18.42,1,2,5,26,1
18081,2019,0,2019-10-30,BV-5031,MATARO,Maresme,3,0,1,1,2,0,0,0,1,1,0,0,0,50.0,0.0,0,1,No n'hi ha,-1.0,3,3,1,0,0,0,0,0,0,0,0,0,0,0,4,-1,1,Col·lisió frontal,-1,1,2,4,3,2,1,8.16,0,2,2,30,10
18082,2019,0,2019-06-03,AP-7,BARBERA DEL VALLES,Valles Occidental,3,0,1,0,3,0,0,0,1,2,0,0,0,100.0,0.0,0,3,No n'hi ha,-1.0,3,3,1,0,0,0,0,0,0,0,0,0,0,0,4,-1,0,Fregament o col·lisió lateral,-1,1,2,4,1,2,1,7.58,0,2,0,3,6
18083,2019,1,2019-11-27,SE,MONTMELO,Valles Oriental,3,0,1,0,1,0,0,0,1,0,0,0,0,50.0,,0,2,No n'hi ha,-1.0,3,3,1,-1,0,0,0,-1,0,0,0,0,-1,0,4,-1,1,Caiguda en la via,-1,2,2,5,-1,2,1,11.35,0,0,2,27,11
18084,2019,1,2019-10-19,SE,SANT QUIRZE DEL VALLES,Valles Occidental,3,0,1,0,1,0,0,0,1,0,0,0,0,30.0,0.0,0,2,No n'hi ha,-1.0,3,3,1,0,0,0,0,0,0,0,0,0,0,0,4,-1,0,Caiguda en la via,-1,2,2,5,-1,2,0,18.2,1,0,5,19,10
18085,2019,0,2019-05-26,C-25,RIUDELLOTS DE LA SELVA,Selva,1,0,1,1,2,0,2,0,0,0,0,0,0,100.0,0.0,0,2,No n'hi ha,-1.0,3,3,1,0,0,0,0,0,0,0,0,0,0,1,4,5,0,Caiguda en la via,0,1,2,4,2,2,0,10.55,0,0,6,26,5
18086,2019,1,2019-03-25,SE,SANTA COLOMA DE GRAMANET,Barcelones,3,0,1,0,2,0,0,0,1,1,0,0,0,20.0,0.0,0,-1,No n'hi ha,-1.0,3,3,1,0,0,0,0,0,0,0,0,0,0,0,5,-1,-1,Envestida (frontal lateral),-1,2,2,5,-1,2,1,20.13,1,2,0,25,3
18087,2019,1,2019-07-17,SE,BADALONA,Barcelones,3,0,1,0,2,1,0,0,1,0,0,0,0,20.0,0.0,0,-1,No n'hi ha,-1.0,3,3,1,-1,0,0,0,-1,0,0,0,0,-1,0,5,-1,1,Atropellament,-1,2,0,5,-1,2,1,23.38,2,3,2,17,7
18088,2019,0,2019-11-27,C-25,ARBUCIES,Selva,1,0,1,0,1,0,0,0,0,1,0,0,0,90.0,0.0,0,-1,Sense Especificar,-1.0,3,3,1,0,0,0,0,0,0,0,0,0,0,0,4,-1,-1,Resta sortides de via,-1,1,2,4,4,2,1,0.14,2,1,2,27,11
18089,2019,1,2019-05-01,SE,VILADECANS,Baix Llobregat,3,0,1,1,1,0,0,0,0,1,0,0,0,20.0,0.0,0,2,No n'hi ha,-1.0,3,3,1,0,0,0,0,0,0,0,0,0,0,0,5,-1,0,Xoc contra objecte/obstacle sense sortida prèvia de via,-1,2,1,5,-1,2,1,23.0,2,4,2,1,5
18090,2019,0,2019-11-27,BV-1221,TALAMANCA,Bages,3,0,1,0,2,0,0,0,1,1,0,0,0,40.0,0.0,0,2,No n'hi ha,-1.0,3,3,1,0,0,0,0,0,0,0,0,0,0,0,4,-1,1,Fregament o col·lisió lateral,-1,1,1,4,3,2,1,12.54,0,2,2,27,11
18091,2019,1,2019-01-16,SE,SANTA COLOMA DE GRAMANET,Barcelones,3,0,1,0,1,0,1,0,0,0,0,0,0,20.0,0.0,0,-1,No n'hi ha,-1.0,3,3,1,0,-1,0,0,0,0,0,0,0,0,0,4,-1,-1,Caiguda en la via,-1,2,2,5,-1,2,1,15.2,1,0,2,16,1
18092,2019,0,2019-06-02,C-26,CAMARASA,Noguera,2,0,3,1,3,0,0,0,0,2,1,0,0,100.0,0.0,0,2,No n'hi ha,-1.0,3,3,1,0,0,0,0,0,0,0,0,0,0,0,3,-1,1,Col·lisió frontal,-1,1,2,4,2,2,0,21.47,1,2,6,2,6
18093,2019,1,2019-01-13,SE,VILAFRANCA DEL PENEDES,Alt Penedes,3,0,1,0,1,0,0,0,1,0,0,0,0,20.0,,0,2,No n'hi ha,-1.0,3,3,1,-1,0,0,0,-1,0,0,0,0,-1,1,4,2,1,Caiguda en la via,1,2,2,5,-1,2,0,11.2,0,0,6,13,1
18094,2019,1,2019-07-13,SE,RODA DE BARA,Tarragones,0,0,1,1,3,2,0,0,0,1,0,0,0,100.0,0.0,0,-1,No n'hi ha,-1.0,3,3,1,0,0,0,0,0,0,0,0,0,0,0,4,-1,-1,Atropellament,-1,2,2,5,-1,2,0,11.18,0,3,5,13,7
18095,2019,1,2019-05-30,SE,ESPLUGUES DE LLOBREGAT,Baix Llobregat,3,0,1,0,1,0,0,1,0,0,0,0,0,20.0,0.0,0,2,No n'hi ha,-1.0,3,3,1,-1,0,0,0,-1,0,0,0,0,-1,1,4,5,0,Caiguda en la via,0,2,2,5,-1,2,1,14.1,1,0,3,30,5
18096,2019,1,2019-04-10,SE,MALGRAT DE MAR,Maresme,3,0,1,0,2,1,0,0,0,1,0,0,0,20.0,0.0,0,-1,No n'hi ha,-1.0,3,3,1,-1,-1,0,0,-1,0,0,0,0,-1,1,4,4,-1,Atropellament,0,2,2,5,-1,2,1,9.18,0,3,2,10,4
18097,2019,1,2019-11-24,GI-400,ALP,Cerdanya,1,0,3,0,2,0,0,0,0,2,0,0,0,100.0,0.0,0,1,No n'hi ha,-1.0,3,3,1,0,0,0,0,0,0,0,0,0,0,0,1,-1,1,Col·lisió frontal,-1,0,2,4,2,2,0,16.45,1,2,6,24,11
18098,2019,1,2019-05-04,SE,GIRONA,Girones,1,1,0,0,1,0,0,0,1,0,0,0,0,40.0,0.0,0,2,No n'hi ha,-1.0,3,3,0,0,0,0,0,0,0,0,0,0,0,1,5,4,1,Resta sortides de via,1,2,2,5,-1,2,0,22.0,2,1,5,4,5
18099,2019,1,2019-12-19,SE,TERRASSA,Valles Occidental,3,0,1,0,2,1,0,0,0,1,0,0,0,100.0,0.0,0,2,No n'hi ha,-1.0,3,3,1,0,0,0,0,0,0,0,0,0,0,2,4,5,0,Atropellament,2,2,2,5,-1,2,1,12.3,0,3,3,19,12
18100,2019,0,2019-02-03,AL,SURIA,Bages,3,1,3,2,2,0,0,0,0,2,0,0,0,90.0,0.0,0,-1,No n'hi ha,-1.0,3,3,0,-1,0,0,0,-1,0,0,0,0,0,0,5,-1,1,Col·lisió frontal,-1,1,2,4,0,2,0,19.45,1,2,6,3,2
18101,2019,0,2019-03-17,C-31,PALAMOS,Baix Emporda,1,0,2,0,2,0,0,0,1,1,0,0,0,100.0,0.0,0,1,Carril d'alentiment,-1.0,3,3,1,0,0,0,0,0,0,0,0,0,0,2,4,5,1,Caiguda en la via,3,1,2,4,2,2,0,19.19,1,0,6,17,3
18102,2019,0,2019-11-19,CR,CAMBRILS,Baix Camp,0,0,1,0,1,0,1,0,0,0,0,0,0,100.0,0.0,0,-1,No n'hi ha,-1.0,3,3,1,0,0,0,0,0,0,0,0,0,1,0,4,-1,-1,Caiguda en la via,-1,1,2,3,-1,2,1,8.2,0,0,1,19,11
18103,2019,0,2019-03-24,N-420,GANDESA,Terra Alta,0,2,0,0,2,0,0,0,0,2,0,0,0,100.0,0.0,0,1,No n'hi ha,-1.0,3,3,0,0,0,0,0,0,0,0,0,0,0,0,3,-1,1,Col·lisió frontal,-1,1,2,4,1,2,0,20.12,1,2,6,24,3
18104,2019,0,2019-12-12,GI-682,TOSSA DE MAR,Selva,1,0,1,0,1,0,1,0,0,0,0,0,0,90.0,0.0,0,-1,Sense Especificar,-1.0,3,3,1,0,0,0,0,0,0,0,0,0,0,0,4,-1,-1,Altres,-1,1,2,4,4,2,1,10.52,0,5,3,12,12
18105,2019,1,2019-10-27,SE,PIERA,Anoia,3,1,0,0,2,0,0,0,0,2,0,0,0,30.0,0.0,0,2,No n'hi ha,-1.0,3,3,0,0,0,0,0,0,0,0,0,0,0,0,5,-1,1,Envestida (frontal lateral),-1,2,2,5,-1,2,0,4.0,2,2,6,27,10
18106,2019,1,2019-07-31,SE,BARCELONA,Barcelones,3,0,1,1,2,1,0,0,1,0,0,0,0,30.0,0.0,1,-1,No n'hi ha,-1.0,3,3,1,0,0,0,0,0,0,0,0,0,0,1,4,-1,0,Atropellament,2,2,2,5,-1,2,1,13.2,0,3,2,31,7
18107,2019,0,2019-02-23,C-12,MAIALS,Segria,2,0,1,0,2,0,0,0,0,1,1,0,0,80.0,0.0,0,2,No n'hi ha,-1.0,3,3,1,0,0,0,0,0,0,0,0,0,0,1,4,4,1,Envestida (frontal lateral),3,1,2,4,2,2,0,16.42,1,2,5,23,2
18108,2019,0,2019-07-09,C-12,BALAGUER,Noguera,2,0,1,5,4,0,0,0,0,4,0,0,0,100.0,0.0,0,1,No n'hi ha,-1.0,3,3,1,0,0,0,0,0,0,0,0,0,0,0,3,-1,1,Envestida (frontal lateral),-1,1,2,4,2,2,1,21.41,1,2,1,9,7
18109,2019,1,2019-01-11,SE,SABADELL,Valles Occidental,3,0,1,0,1,0,0,0,1,0,0,0,0,100.0,0.0,0,-1,No n'hi ha,-1.0,3,3,1,0,0,0,0,0,0,0,0,0,0,0,4,-1,-1,Altres,-1,2,2,5,-1,2,0,22.05,2,5,4,11,1
18110,2019,0,2019-05-19,C-1412b,ARTESA DE SEGRE,Noguera,2,0,1,0,1,0,0,0,1,0,0,0,0,90.0,0.0,0,-1,Sense Especificar,-1.0,3,3,1,0,0,0,0,0,0,0,0,0,0,0,4,-1,-1,Xoc amb animal a la calçada,-1,1,2,4,4,2,0,8.16,0,4,6,19,5
18111,2019,0,2019-02-12,C-14,SOLIVELLA,Conca de Barbera,0,0,2,0,1,0,0,0,0,1,0,0,0,100.0,0.0,0,0,No n'hi ha,-1.0,3,3,1,0,0,0,0,0,0,0,0,0,0,0,4,-1,1,Resta sortides de via,-1,1,2,4,2,2,1,12.46,0,1,1,12,2
18112,2019,0,2019-06-15,N-240,TORREGROSSA,Pla d'Urgell,2,0,1,0,1,0,0,0,0,1,0,0,0,90.0,0.0,0,-1,Sense Especificar,-1.0,3,3,1,0,0,0,0,0,0,0,0,0,0,0,4,-1,-1,Resta sortides de via,-1,1,2,4,4,2,0,11.13,0,1,5,15,6
18113,2019,1,2019-11-20,SE,PALAFRUGELL,Baix Emporda,1,1,0,0,2,1,0,0,0,1,0,0,0,20.0,0.0,0,-1,No n'hi ha,-1.0,3,3,0,-1,-1,0,0,-1,0,0,0,0,0,0,5,-1,1,Atropellament,-1,2,2,5,-1,2,1,18.3,1,3,2,20,11
18114,2019,0,2019-05-31,C-58,BARCELONA,Barcelones,3,0,1,0,2,0,0,0,1,1,0,0,0,80.0,0.0,0,1,No n'hi ha,-1.0,3,3,1,0,0,0,0,0,0,0,0,0,0,1,4,5,0,Fregament o col·lisió lateral,3,1,2,4,2,2,0,15.43,1,2,4,31,5
18115,2019,0,2019-12-15,B-10,BARCELONA,Barcelones,3,0,1,1,2,0,0,0,1,1,0,0,0,100.0,0.0,1,-1,Carril acceleració,-1.0,3,3,1,0,0,0,0,0,0,0,0,0,0,0,0,-1,0,Encalç,-1,1,2,1,-1,2,0,19.15,1,2,6,15,12
18116,2019,1,2019-11-26,SE,ALMENAR,Segria,2,0,1,0,1,0,0,0,0,1,0,0,0,20.0,0.0,0,-1,Sense Especificar,-1.0,3,3,1,0,0,0,0,0,0,0,0,0,0,0,4,-1,-1,Resta sortides de via,-1,2,2,5,-1,2,1,10.53,0,1,1,26,11
18117,2019,0,2019-04-06,C-37,VALLS,Alt Camp,0,0,1,0,2,0,0,0,0,2,0,0,0,90.0,0.0,0,2,No n'hi ha,-1.0,3,3,1,0,0,0,0,0,0,0,0,0,0,0,4,-1,1,Fregament o col·lisió lateral,-1,1,2,4,2,2,0,19.34,1,2,5,6,4
18118,2019,0,2019-03-28,BP-5107,CANOVES I SAMALUS,Valles Oriental,3,0,1,0,3,0,0,0,1,2,0,0,0,100.0,0.0,0,1,No n'hi ha,-1.0,3,3,1,0,0,0,0,0,0,0,0,0,0,1,4,5,1,Envestida (frontal lateral),1,1,2,4,0,2,1,15.4,1,2,3,28,3
18119,2019,1,2019-06-01,SE,BARCELONA,Barcelones,3,0,1,0,3,0,0,0,1,2,0,0,0,100.0,0.0,1,-1,No n'hi ha,-1.0,3,3,1,0,0,0,0,0,0,0,0,0,0,0,0,-1,1,Fregament o col·lisió lateral,-1,2,2,5,-1,2,0,5.4,2,2,5,1,6
18120,2019,0,2019-05-04,C-32,MATARO,Maresme,3,0,1,0,2,0,0,0,1,1,0,0,0,100.0,0.0,0,1,No n'hi ha,-1.0,3,3,1,0,0,0,0,0,0,0,0,0,0,0,4,-1,0,Altres,-1,1,2,4,2,2,0,18.27,1,5,5,4,5
18121,2019,0,2019-12-17,C-32,CUBELLES,Garraf,3,1,2,2,2,0,0,0,0,2,0,0,0,120.0,0.0,0,2,No n'hi ha,-1.0,3,3,0,0,0,0,0,0,0,0,0,0,0,0,5,-1,0,Encalç,-1,1,2,4,2,2,1,18.47,1,2,1,17,12
18122,2019,1,2019-10-30,SE,TERRASSA,Valles Occidental,3,0,1,0,2,1,0,0,0,1,0,0,0,100.0,1.0,0,2,No n'hi ha,-1.0,3,3,1,0,0,0,0,0,0,0,0,0,0,0,4,-1,1,Atropellament,-1,2,2,5,0,2,1,13.0,0,3,2,30,10
18123,2019,0,2019-01-10,C-1413a,RUBI,Valles Occidental,3,0,1,0,1,0,0,0,1,0,0,0,0,90.0,0.0,0,-1,Sense Especificar,-1.0,3,3,1,0,0,0,0,0,0,0,0,0,0,1,4,4,-1,Resta sortides de via,0,1,2,4,4,2,1,21.35,1,1,3,10,1
18124,2019,0,2019-10-22,TV-3141,RIUDOMS,Baix Camp,0,0,1,0,1,0,0,0,0,1,0,0,0,90.0,0.0,0,-1,Sense Especificar,-1.0,3,3,1,0,0,0,0,0,0,0,0,0,0,1,4,4,-1,Resta sortides de via,1,1,2,4,4,2,1,2.55,2,1,1,22,10
18125,2019,1,2019-08-06,SE,CAMBRILS,Baix Camp,0,0,1,0,2,0,1,0,0,1,0,0,0,100.0,0.0,0,1,No n'hi ha,-1.0,3,3,1,0,0,0,0,0,0,0,0,0,0,1,4,4,0,Fregament o col·lisió lateral,0,2,2,5,-1,2,1,9.38,0,2,1,6,8
18126,2019,0,2019-04-19,C-1415c,"ROCA DEL VALLES, LA",Valles Oriental,3,0,1,1,1,0,0,0,0,1,0,0,0,90.0,0.0,0,-1,Sense Especificar,-1.0,3,3,1,0,0,0,0,0,0,0,0,0,0,1,4,4,-1,Resta sortides de via,3,1,2,4,4,2,1,3.02,2,1,4,19,4
18127,2019,1,2019-03-11,AL,VILANOVA DE LA BARCA,Segria,2,1,0,0,2,1,0,0,0,1,0,0,0,100.0,0.0,0,2,No n'hi ha,-1.0,3,3,0,0,1,0,0,0,0,0,0,0,0,1,0,4,1,Atropellament,1,0,2,4,0,2,1,19.26,1,3,0,11,3
18128,2019,0,2019-07-19,N-II,PONTOS,Alt Emporda,1,0,1,0,2,0,0,0,1,1,0,0,0,100.0,0.0,0,2,No n'hi ha,-1.0,3,3,1,0,0,0,0,0,0,0,0,0,0,0,4,-1,1,Col·lisió frontal,-1,1,2,4,1,2,1,9.27,0,2,4,19,7
18129,2019,1,2019-11-13,SE,MARTORELL,Baix Llobregat,3,0,2,1,2,0,0,0,1,1,0,0,0,20.0,0.0,0,-1,Sense Especificar,-1.0,3,3,1,0,0,0,0,0,0,0,0,0,0,0,4,-1,-1,Col·lisió frontal,-1,2,2,5,-1,2,1,21.22,1,2,2,13,11
18130,2019,1,2019-10-07,SE,MANRESA,Bages,3,0,1,0,2,1,0,0,0,1,0,0,0,30.0,0.0,0,2,No n'hi ha,-1.0,3,3,1,0,0,0,0,0,1,0,0,0,0,2,4,4,1,Atropellament,1,2,2,5,-1,2,1,18.1,1,3,0,7,10
18131,2019,0,2019-03-03,A-2,COLLBATO,Baix Llobregat,3,0,1,1,1,0,0,0,0,1,0,0,0,100.0,0.0,0,2,No n'hi ha,-1.0,3,3,1,0,0,0,0,0,0,0,0,0,0,0,3,-1,0,Xoc contra objecte/obstacle sense sortida prèvia de via,-1,1,2,4,1,2,0,0.23,2,4,6,3,3
18132,2019,1,2019-01-18,SE,BARCELONA,Barcelones,3,0,1,0,2,0,0,0,1,1,0,0,0,100.0,0.0,1,-1,No n'hi ha,-1.0,3,3,1,0,0,0,0,0,0,0,0,0,0,0,4,-1,0,Fregament o col·lisió lateral,-1,2,2,5,-1,2,1,13.05,0,2,4,18,1
18133,2019,0,2019-11-02,CR,ALMENAR,Segria,2,0,1,2,2,0,0,0,0,2,0,0,0,100.0,0.0,0,2,No n'hi ha,-1.0,3,3,1,0,0,0,0,0,0,0,0,0,0,0,3,-1,1,Col·lisió frontal,-1,1,2,3,1,2,0,19.56,1,2,5,2,11
18134,2019,0,2019-09-13,N-II,"JONQUERA, LA",Alt Emporda,1,0,1,0,2,1,0,0,0,1,0,0,0,100.0,0.0,0,1,Carril lent,-1.0,3,3,1,0,0,0,0,0,0,0,0,0,0,0,1,-1,1,Atropellament,-1,1,2,4,1,2,0,20.45,1,3,4,13,9
18135,2019,1,2019-02-04,SE,SANT JOAN DESPI,Baix Llobregat,3,0,1,0,2,0,0,0,1,1,0,0,0,100.0,0.0,0,2,Carril central,-1.0,3,3,1,0,0,0,0,0,0,0,0,0,0,1,1,3,1,Envestida (frontal lateral),2,2,2,5,-1,2,1,19.15,1,2,0,4,2