,Year,Area,Date,Road,Municipality Name,County Name,Province Name,Fatalties,Serious Injuries,Light Injuries,Units Involved,Pedestrains Involved,Bicycles Involved,Mopeds Involved,Motorcycles,Light Vehicles Involved,Heavy Vehicles Involved,Other Units Involved,Unspecified Units Involved,Road Speed Limit,Accident with Hit and Run,Fog Presence,Surrounding Environment,Special Lane Presence,Special Traffic Measures,Weather Conditions,Special Road Functions,Severity of Accident,Influence of Fog,Influence of Environment,Influence of Traffic,Influence of Weather,Influence of Wind Intensity,Influence of Lighting,Influence of Special Measures,Influence of Road Objects,Influence of Road Surface,Influence of Visibility,Intersection Characteristics,Lighting Conditions,Traffic Regulation and Priority,Direction of Road,Subtype of Accident,Subtype of Road Section,Subzone within Area,Road Surface Conditions,Type of Road,Road Ownership,Wind Conditions,Day of the Week Grouping,Hour of Day,Time of Day Grouping,Type of Accident,Day Type,Day,Month
18136,2019,1,2019-12-10,SE,VILAFRANCA DEL PENEDES,Alt Penedes,3,0,1,0,2,0,0,1,0,1,0,0,0,30.0,0.0,0,2,No n'hi ha,-1.0,3,3,1,0,0,0,0,0,0,0,0,0,0,1,5,3,1,Envestida (frontal lateral),2,2,2,5,-1,2,1,21.33,1,2,1,10,12
18137,2019,0,2019-08-06,C-14,BASSELLA,Alt Urgell,2,0,1,0,2,0,0,0,2,0,0,0,0,40.0,0.0,0,2,No n'hi ha,-1.0,3,3,1,0,0,0,0,0,0,0,0,0,0,0,4,-1,1,Envestida (frontal lateral),-1,1,2,4,2,2,1,13.47,0,2,1,6,8
18138,2019,1,2019-12-07,SE,"BISBAL DEL PENEDES, LA",Baix Penedes,0,0,1,0,1,0,0,0,1,0,0,0,0,20.0,0.0,0,-1,Sense Especificar,-1.0,3,3,1,0,0,0,0,0,0,0,0,0,0,0,4,-1,-1,Resta sortides de via,-1,2,2,5,-1,2,0,6.31,0,1,5,7,12
18139,2019,0,2019-05-12,N-152z,GRANOLLERS,Valles Oriental,3,0,1,0,2,0,0,0,1,1,0,0,0,80.0,0.0,0,3,No n'hi ha,-1.0,3,3,1,0,0,0,0,0,0,0,0,0,0,0,4,-1,1,Encalç,-1,1,2,4,4,2,0,18.4,1,2,6,12,5
18140,2019,1,2019-05-30,SE,GIRONA,Girones,1,1,0,1,2,1,0,0,1,0,0,0,0,100.0,0.0,0,2,Carril bici,-1.0,3,3,0,0,0,0,0,0,1,0,0,0,0,2,4,3,1,Atropellament,2,2,2,5,-1,2,1,7.52,0,3,3,30,5
18141,2019,0,2019-03-21,-GIP 5107.00,LLERS,Alt Emporda,1,0,1,0,2,0,1,0,0,1,0,0,0,90.0,0.0,0,-1,Sense Especificar,-1.0,3,3,1,0,0,0,0,0,0,0,0,0,0,0,4,-1,-1,Fregament o col·lisió lateral,-1,1,2,4,4,2,1,17.57,1,2,3,21,3
18142,2019,0,2019-06-09,BP-1103,MARGANELL,Bages,3,0,1,0,2,0,0,0,1,1,0,0,0,50.0,0.0,0,2,No n'hi ha,-1.0,3,3,1,0,0,0,0,0,0,0,0,0,0,0,4,-1,1,Caiguda en la via,-1,1,2,4,3,2,0,9.59,0,0,6,9,6
18143,2019,1,2019-05-12,SE,REUS,Baix Camp,0,0,1,0,1,0,0,0,1,0,0,0,0,100.0,0.0,0,-1,No n'hi ha,-1.0,3,3,1,0,0,0,0,0,0,0,0,0,0,1,4,4,-1,Xoc contra objecte/obstacle sense sortida prèvia de via,0,2,2,5,-1,2,0,5.14,2,4,6,12,5
18144,2019,1,2019-12-18,BV-5023,PREMIA DE MAR,Maresme,3,0,1,0,2,1,0,0,1,0,0,0,0,100.0,0.0,0,2,No n'hi ha,-1.0,3,3,1,0,0,0,0,0,0,0,0,0,0,0,4,-1,1,Atropellament,-1,0,2,4,0,2,1,13.2,0,3,2,18,12
18145,2019,0,2019-08-14,C-31,SITGES,Garraf,3,0,1,1,3,0,0,0,2,1,0,0,0,40.0,0.0,0,1,No n'hi ha,-1.0,3,3,1,0,0,0,0,0,0,0,0,0,0,0,4,-1,1,Fregament o col·lisió lateral,-1,1,2,4,2,2,1,16.49,1,2,2,14,8
18146,2019,0,2019-06-27,CR,VILA-SACRA,Alt Emporda,1,0,1,0,1,0,1,0,0,0,0,0,0,10.0,0.0,0,3,No n'hi ha,-1.0,3,3,1,0,0,0,0,0,0,0,0,0,0,0,4,-1,1,Resta sortides de via,-1,1,0,3,0,2,1,20.54,1,1,3,27,6
18147,2019,0,2019-01-03,GI-550,ARBUCIES,Selva,1,0,1,1,2,0,0,0,0,1,0,1,0,90.0,0.0,0,-1,Sense Especificar,-1.0,3,3,1,0,0,0,0,0,0,0,0,0,0,0,4,-1,-1,Fregament o col·lisió lateral,-1,1,2,4,4,2,1,20.2,1,2,3,3,1
18148,2019,1,2019-12-23,SE,CORNELLA DE LLOBREGAT,Baix Llobregat,3,0,1,0,2,0,0,0,1,0,1,0,0,20.0,0.0,0,-1,No n'hi ha,-1.0,3,3,1,0,0,0,0,0,0,0,0,0,0,1,4,4,-1,Envestida (frontal lateral),0,2,2,5,-1,2,1,13.25,0,2,0,23,12
18149,2019,1,2019-12-23,SE,SANT BOI DE LLOBREGAT,Baix Llobregat,3,1,0,0,2,0,1,0,0,0,1,0,0,100.0,0.0,0,-1,No n'hi ha,-1.0,3,3,0,0,0,0,0,0,0,0,0,0,0,0,4,-1,-1,Xoc contra objecte/obstacle sense sortida prèvia de via,-1,2,2,5,-1,2,1,8.05,0,4,0,23,12
18150,2019,1,2019-08-18,SE,LLORET DE MAR,Selva,1,0,1,0,2,0,1,0,0,1,0,0,0,100.0,0.0,0,2,No n'hi ha,-1.0,3,3,1,0,0,0,0,0,0,0,0,0,0,1,4,-1,1,Envestida (frontal lateral),1,2,2,5,-1,2,0,11.0,0,2,6,18,8
18151,2019,0,2019-05-17,N-240,VIMBODI,Conca de Barbera,0,1,2,0,2,0,0,0,0,2,0,0,0,100.0,0.0,0,2,Carril acceleració,-1.0,3,3,0,0,0,0,0,0,0,0,0,0,0,1,2,5,1,Col·lisió frontal,3,1,2,4,1,2,1,14.34,1,2,4,17,5
18152,2019,0,2019-08-27,C-25,SANT BARTOMEU DEL GR,Osona,3,1,0,0,2,0,0,0,0,1,1,0,0,120.0,0.0,0,3,No n'hi ha,-1.0,3,3,0,0,0,0,0,0,0,0,0,0,0,0,3,-1,0,Encalç,-1,1,2,4,2,2,1,6.24,0,2,1,27,8
18153,2019,1,2019-02-07,SE,AMPOSTA,Montsia,0,0,1,0,3,1,0,0,0,2,0,0,0,100.0,0.0,0,2,No n'hi ha,-1.0,3,3,1,0,0,0,0,0,0,0,0,0,0,0,4,-1,0,Atropellament,-1,2,2,5,-1,2,1,10.58,0,3,3,7,2
18154,2019,0,2019-04-26,BP-1417,BARCELONA,Barcelones,3,0,1,0,1,0,0,0,1,0,0,0,0,100.0,0.0,1,-1,No n'hi ha,-1.0,3,3,1,0,0,0,0,0,0,0,0,0,0,0,0,-1,1,Caiguda en la via,-1,1,2,4,-1,2,1,0.47,2,0,4,26,4
18155,2019,1,2019-11-08,SE,BARCELONA,Barcelones,3,0,1,1,2,0,1,0,1,0,0,0,0,100.0,0.0,1,-1,No n'hi ha,-1.0,3,3,1,0,0,0,0,0,0,0,0,0,0,1,0,-1,0,Envestida (frontal lateral),2,2,2,5,-1,1,0,22.35,2,2,4,8,11
18156,2019,1,2019-02-19,SE,BARCELONA,Barcelones,3,0,1,0,2,0,0,0,1,1,0,0,0,100.0,0.0,1,-1,Altres,-1.0,3,3,1,0,0,1,0,0,0,0,0,0,0,0,0,-1,0,Encalç,-1,2,2,5,-1,2,1,17.3,1,2,1,19,2
18157,2019,1,2019-02-04,SE,MATARO,Maresme,3,0,1,0,2,1,0,0,0,1,0,0,0,20.0,0.0,0,-1,No n'hi ha,-1.0,3,3,1,0,-1,0,0,0,1,0,0,0,1,1,4,2,-1,Atropellament,0,2,2,5,-1,2,1,10.19,0,3,0,4,2
18158,2019,1,2019-03-29,SE,ROSES,Alt Emporda,1,0,1,0,1,0,0,1,0,0,0,0,0,40.0,0.0,0,-1,No n'hi ha,-1.0,3,3,1,-1,0,0,0,-1,0,0,0,0,0,0,5,-1,1,Caiguda en la via,-1,2,2,5,-1,2,0,21.57,1,0,4,29,3
18159,2019,0,2019-12-11,C-243C,CASTELLBISBAL,Valles Occidental,3,0,1,0,2,0,0,0,1,1,0,0,0,90.0,0.0,0,-1,Sense Especificar,-1.0,3,3,1,0,0,0,0,0,0,0,0,0,0,1,4,4,1,Envestida (frontal lateral),3,1,2,4,4,2,1,5.41,2,2,2,11,12
18160,2019,0,2019-06-25,A-2,CERVERA,Segarra,2,0,1,1,2,0,0,0,0,0,2,0,0,100.0,0.0,0,3,No n'hi ha,-1.0,3,3,1,0,0,0,0,0,0,0,0,0,0,0,3,-1,0,Encalç,-1,1,2,4,1,2,1,5.51,2,2,1,25,6
18161,2019,1,2019-05-27,SE,SOLSONA,Solsones,2,0,1,0,2,0,0,0,1,1,0,0,0,40.0,0.0,0,-1,No n'hi ha,-1.0,3,3,1,-1,0,0,0,-1,0,0,0,0,0,1,4,4,0,Envestida (frontal lateral),3,2,2,5,-1,2,1,14.14,1,2,0,27,5
18162,2019,0,2019-10-02,AP-7,TARRAGONA,Tarragones,0,1,0,0,3,1,0,0,0,0,2,0,0,100.0,0.0,0,2,No n'hi ha,-1.0,3,3,0,0,0,0,0,0,0,0,0,0,0,0,5,-1,1,Atropellament,-1,1,2,4,1,2,1,3.35,2,3,2,2,10
18163,2019,1,2019-04-04,SE,GUISSONA,Segarra,2,0,1,0,2,1,0,0,0,1,0,0,0,40.0,0.0,0,2,No n'hi ha,-1.0,3,3,1,0,0,0,0,0,1,0,0,0,0,2,1,5,0,Atropellament,2,2,2,5,-1,2,1,8.1,0,3,3,4,4
18164,2019,1,2019-08-20,SE,GIRONA,Girones,1,0,1,0,2,0,1,1,0,0,0,0,0,100.0,0.0,0,2,Altres,-1.0,3,3,1,0,0,0,0,0,0,0,0,0,0,1,4,3,0,Envestida (frontal lateral),2,2,2,5,-1,2,1,18.2,1,2,1,20,8
18165,2019,1,2019-04-08,SE,"VENDRELL, EL",Baix Penedes,0,0,1,0,2,0,1,0,0,1,0,0,0,40.0,0.0,0,-1,No n'hi ha,-1.0,3,3,1,-1,-1,0,0,-1,0,0,0,0,0,1,4,4,1,Col·lisió frontal,1,2,2,5,-1,2,1,15.5,1,2,0,8,4
18166,2019,0,2019-06-30,N-II,ARENYS DE MAR,Maresme,3,1,1,0,2,0,0,0,1,1,0,0,0,40.0,0.0,0,2,No n'hi ha,-1.0,3,3,0,0,0,0,0,0,0,0,0,0,0,1,1,5,1,Envestida (frontal lateral),0,1,2,4,1,2,0,21.08,1,2,6,30,6
18167,2019,1,2019-10-01,SE,BARCELONA,Barcelones,3,0,1,0,2,0,0,0,1,1,0,0,0,100.0,0.0,1,-1,No n'hi ha,-1.0,3,3,1,0,0,0,0,0,0,0,0,0,0,0,0,-1,1,Encalç,-1,2,2,5,-1,2,1,20.5,1,2,1,1,10
18168,2019,1,2019-04-19,SE,MATARO,Maresme,3,0,1,1,2,0,0,0,0,2,0,0,0,20.0,1.0,0,2,No n'hi ha,-1.0,3,3,1,-1,0,0,0,-1,0,0,0,0,-1,1,5,3,1,Envestida (frontal lateral),0,2,2,5,-1,2,1,2.1,2,2,4,19,4
18169,2019,1,2019-03-27,SE,VILANOVA I LA GELTRU,Garraf,3,0,1,0,2,0,0,0,1,1,0,0,0,100.0,0.0,0,2,No n'hi ha,-1.0,3,3,1,0,0,0,0,0,0,0,0,0,0,1,4,4,1,Envestida (frontal lateral),1,2,2,5,-1,2,1,18.25,1,2,2,27,3
18170,2019,0,2019-08-22,N-230,LLEIDA,Segria,2,0,1,0,2,0,0,0,1,1,0,0,0,80.0,0.0,0,2,No n'hi ha,-1.0,3,3,1,0,0,0,0,0,0,0,0,0,0,0,4,-1,1,Envestida (frontal lateral),-1,1,2,4,1,2,1,9.3,0,2,3,22,8
18171,2019,0,2019-03-24,N-260,PRULLANS,Cerdanya,2,1,0,0,2,0,1,0,0,1,0,0,0,100.0,0.0,0,0,No n'hi ha,-1.0,3,3,0,0,0,0,0,0,0,0,0,0,0,0,4,-1,1,Col·lisió frontal,-1,1,2,4,1,2,0,12.3,0,2,6,24,3
18172,2019,1,2019-01-29,SE,BARCELONA,Barcelones,3,0,1,0,2,0,0,0,1,1,0,0,0,100.0,0.0,1,-1,No n'hi ha,-1.0,3,3,1,0,0,0,0,0,0,0,0,0,0,0,4,-1,1,Envestida (frontal lateral),-1,2,2,5,-1,2,1,15.05,1,2,1,29,1
18173,2019,1,2019-08-27,SE,IGUALADA,Anoia,3,0,1,0,2,1,0,0,0,1,0,0,0,50.0,0.0,0,2,No n'hi ha,-1.0,3,3,1,-1,0,0,0,-1,0,0,0,0,0,1,4,2,0,Atropellament,2,2,2,5,0,2,1,11.05,0,3,1,27,8
18174,2019,0,2019-06-29,A-2,GRANYANELLA,Segarra,2,1,1,0,1,0,0,0,0,1,0,0,0,100.0,0.0,0,2,No n'hi ha,-1.0,3,3,0,0,0,0,0,0,0,0,0,0,0,0,4,-1,0,Resta sortides de via,-1,1,2,4,1,2,0,11.46,0,1,5,29,6
18175,2019,1,2019-09-08,SE,BARCELONA,Barcelones,3,1,1,1,2,0,0,1,0,1,0,0,0,100.0,0.0,1,-1,Carril bici,-1.0,3,3,0,0,0,0,0,0,0,0,0,0,0,1,4,-1,0,Envestida (frontal lateral),2,2,2,5,-1,1,0,13.35,0,2,6,8,9
18176,2019,0,2019-04-30,BP-1417,BARCELONA,Barcelones,3,0,1,0,2,0,1,0,0,1,0,0,0,50.0,1.0,1,-1,No n'hi ha,-1.0,3,3,1,0,0,0,0,0,0,0,0,0,0,0,4,-1,1,Fregament o col·lisió lateral,-1,1,2,4,-1,2,1,12.18,0,2,1,30,4
18177,2019,0,2019-01-19,GI-682,TOSSA DE MAR,Selva,1,1,0,2,2,0,0,0,2,0,0,0,0,90.0,0.0,0,1,No n'hi ha,-1.0,3,3,0,0,0,0,0,0,0,0,0,0,0,0,4,-1,1,Caiguda en la via,-1,1,2,4,2,2,0,12.07,0,0,5,19,1
18178,2019,1,2019-02-27,SE,BARCELONA,Barcelones,3,0,1,0,2,0,0,0,1,0,1,0,0,100.0,0.0,1,-1,Carril bus,-1.0,3,3,1,0,0,0,0,0,0,0,0,0,0,0,0,-1,0,Caiguda en la via,-1,2,2,5,-1,2,1,1.16,2,0,2,27,2
18179,2019,1,2019-12-12,SE,SABADELL,Valles Occidental,3,0,1,0,2,0,1,0,0,1,0,0,0,100.0,0.0,0,-1,No n'hi ha,-1.0,3,3,1,0,0,0,0,0,0,0,0,0,0,0,4,-1,-1,Altres,-1,2,2,5,-1,2,1,7.45,0,5,3,12,12
18180,2019,1,2019-09-02,SE,"VENDRELL, EL",Baix Penedes,0,0,1,0,2,1,1,0,0,0,0,0,0,40.0,0.0,0,-1,No n'hi ha,-1.0,3,3,1,-1,-1,0,0,-1,0,0,0,0,0,0,4,-1,1,Atropellament,-1,2,2,5,0,2,1,9.31,0,3,0,2,9
18181,2019,1,2019-03-20,SE,TERRASSA,Valles Occidental,3,0,1,1,2,0,0,0,2,0,0,0,0,20.0,0.0,0,-1,No n'hi ha,-1.0,3,3,1,0,-1,0,0,0,0,0,0,0,0,1,5,4,-1,Envestida (frontal lateral),2,2,2,5,-1,2,1,23.2,2,2,2,20,3
18182,2019,1,2019-07-29,SE,"AMETLLA DE MAR, L'",Baix Ebre,0,0,1,0,2,0,0,1,0,1,0,0,0,100.0,0.0,0,-1,No n'hi ha,-1.0,3,3,1,0,0,0,0,0,0,0,0,0,0,0,4,-1,-1,Altres,-1,2,2,5,-1,2,1,20.5,1,5,0,29,7
18183,2019,1,2019-09-02,SE,PALAFRUGELL,Baix Emporda,1,1,0,0,2,0,0,0,0,2,0,0,0,100.0,0.0,0,-1,No n'hi ha,-1.0,3,3,0,0,0,0,0,0,0,0,0,0,0,0,4,-1,-1,Altres,-1,2,2,5,-1,2,1,14.05,1,5,0,2,9
18184,2019,1,2019-05-14,SE,MATARO,Maresme,3,0,1,0,2,0,0,0,1,1,0,0,0,20.0,0.0,0,-1,No n'hi ha,-1.0,3,3,1,0,0,0,0,0,0,0,0,0,0,1,4,4,-1,Envestida (frontal lateral),0,2,2,5,-1,2,1,15.25,1,2,1,14,5
18185,2019,1,2019-03-11,SE,LLORET DE MAR,Selva,1,0,1,0,2,0,0,1,0,1,0,0,0,30.0,0.0,0,2,No n'hi ha,-1.0,3,3,1,0,0,0,0,0,0,0,0,0,0,1,4,5,0,Fregament o col·lisió lateral,1,2,2,5,-1,2,1,17.2,1,2,0,11,3
18186,2019,1,2019-01-15,BV-1604,PARETS DEL VALLES,Valles Oriental,3,0,1,0,2,0,1,0,0,1,0,0,0,100.0,0.0,0,-1,No n'hi ha,-1.0,3,3,1,0,0,0,0,0,0,0,0,0,0,0,4,-1,-1,Altres,-1,0,2,4,-1,2,1,9.15,0,5,1,15,1
18187,2019,1,2019-02-28,SE,CABRERA DE MAR,Maresme,3,0,1,0,2,1,0,0,0,1,0,0,0,30.0,0.0,0,-1,No n'hi ha,-1.0,3,3,1,0,-1,0,0,0,0,0,0,0,0,0,4,-1,-1,Atropellament,-1,2,2,5,-1,2,1,18.2,1,3,3,28,2
18188,2019,1,2019-03-11,SE,SANT CARLES DE LA RAPITA,Montsia,0,0,1,0,2,1,0,0,0,1,0,0,0,40.0,0.0,0,2,No n'hi ha,-1.0,3,3,1,0,0,0,0,0,0,0,0,0,0,0,4,-1,0,Atropellament,-1,2,2,5,-1,2,1,11.28,0,3,0,11,3
18189,2019,0,2019-02-19,GI-614,ROSES,Alt Emporda,1,0,1,0,2,0,1,0,0,0,1,0,0,100.0,0.0,0,1,No n'hi ha,-1.0,3,3,1,0,0,0,0,0,0,0,0,0,0,0,2,-1,1,Fregament o col·lisió lateral,-1,1,2,4,3,2,1,16.03,1,2,1,19,2
18190,2019,1,2019-08-01,SE,VILANOVA I LA GELTRU,Garraf,3,0,1,0,2,1,0,0,0,1,0,0,0,100.0,0.0,0,-1,No n'hi ha,-1.0,3,3,1,0,0,0,0,0,0,0,0,0,0,0,4,-1,-1,Atropellament,-1,2,2,5,-1,2,1,11.15,0,3,3,1,8
18191,2019,0,2019-06-22,C-13,TALARN,Pallars Jussa,2,0,2,0,2,0,0,0,1,1,0,0,0,100.0,0.0,0,0,No n'hi ha,-1.0,3,3,1,0,0,0,0,0,0,0,0,0,1,1,4,4,1,Envestida (frontal lateral),1,1,2,4,2,2,0,20.0,1,2,5,22,6
18192,2019,0,2019-09-18,AP-2,"ALBI, L'",Garrigues,2,1,0,0,1,0,0,0,0,0,1,0,0,100.0,0.0,0,2,No n'hi ha,-1.0,3,3,0,0,0,0,0,0,0,0,0,0,0,0,4,-1,0,Resta sortides de via,-1,1,2,4,1,2,1,18.32,1,1,2,18,9
18193,2019,1,2019-01-01,SE,BARCELONA,Barcelones,3,0,1,0,2,1,0,0,0,1,0,0,0,100.0,0.0,1,-1,No n'hi ha,-1.0,3,3,1,0,0,0,0,0,0,0,0,0,0,1,0,-1,1,Atropellament,1,2,2,5,-1,2,1,1.4,2,3,1,1,1
18194,2019,1,2019-10-04,SE,TERRASSA,Valles Occidental,3,0,1,1,2,0,0,0,1,1,0,0,0,100.0,0.0,0,2,No n'hi ha,-1.0,3,3,1,0,0,0,0,0,0,0,0,0,0,1,4,4,1,Envestida (frontal lateral),2,2,2,5,0,2,0,16.5,1,2,4,4,10
18195,2019,0,2019-05-25,C-37,SANTA MARIA DE MIRAL,Anoia,3,0,1,0,1,0,0,0,1,0,0,0,0,90.0,0.0,0,-1,Sense Especificar,-1.0,3,3,1,0,0,0,0,0,0,0,0,0,0,0,4,-1,-1,Xoc amb animal a la calçada,-1,1,2,4,4,2,0,23.37,2,4,5,25,5
18196,2019,1,2019-03-20,SE,VILADECANS,Baix Llobregat,3,0,1,0,2,1,0,0,0,1,0,0,0,20.0,0.0,0,2,No n'hi ha,-1.0,3,3,1,-1,0,0,0,-1,0,0,0,0,-1,0,4,-1,1,Atropellament,-1,2,2,5,-1,2,1,10.3,0,3,2,20,3
18197,2019,1,2019-01-18,SE,VILANOVA I LA GELTRU,Garraf,3,0,1,1,3,2,0,0,0,1,0,0,0,100.0,0.0,0,2,No n'hi ha,-1.0,3,3,1,0,0,0,0,0,0,0,0,0,0,0,4,-1,0,Atropellament,-1,2,2,5,-1,2,1,9.1,0,3,4,18,1
18198,2019,1,2019-03-23,SE,IGUALADA,Anoia,3,0,1,0,2,1,0,0,0,1,0,0,0,50.0,0.0,0,2,No n'hi ha,-1.0,3,3,1,-1,0,0,0,-1,0,0,0,0,0,1,4,2,0,Atropellament,2,2,2,5,-1,2,0,12.15,0,3,5,23,3
18199,2019,0,2019-12-11,GI-643,GUALTA,Baix Emporda,1,0,1,1,3,0,0,0,0,2,1,0,0,80.0,0.0,0,2,No n'hi ha,-1.0,1,3,1,0,0,0,0,0,0,0,0,0,0,0,3,-1,1,Envestida (frontal lateral),-1,1,2,4,3,2,1,18.54,1,2,2,11,12
18200,2019,0,2019-09-06,C-1415B,CANOVELLES,Valles Oriental,3,1,0,0,2,0,0,0,1,0,1,0,0,100.0,0.0,0,-1,No n'hi ha,-1.0,3,3,0,0,0,0,0,0,0,0,0,0,0,0,4,-1,-1,Caiguda en la via,-1,1,2,4,-1,2,1,12.31,0,0,4,6,9
18201,2019,1,2019-05-28,SE,TERRASSA,Valles Occidental,3,0,1,0,2,1,0,0,0,1,0,0,0,100.0,0.0,0,2,No n'hi ha,-1.0,3,3,1,0,0,0,0,0,0,0,0,0,1,2,4,2,0,Atropellament,2,2,2,5,-1,2,1,9.45,0,3,1,28,5
18202,2019,1,2019-07-26,SE,HOSPITALET DE LLOBREGAT,Barcelones,3,0,1,0,2,1,0,0,0,1,0,0,0,20.0,0.0,0,-1,No n'hi ha,-1.0,3,3,1,-1,-1,0,0,-1,0,0,0,0,0,1,4,3,-1,Atropellament,0,2,2,5,-1,2,0,16.3,1,3,4,26,7
18203,2019,1,2019-02-12,SE,IGUALADA,Anoia,3,1,0,0,2,1,0,0,0,1,0,0,0,50.0,0.0,0,2,No n'hi ha,-1.0,3,3,0,-1,0,0,0,-1,0,0,0,0,0,1,4,2,0,Atropellament,2,2,2,5,-1,2,1,8.35,0,3,1,12,2
18204,2019,1,2019-11-27,BV-6001,MALGRAT DE MAR,Maresme,3,0,1,0,2,0,0,1,0,1,0,0,0,40.0,0.0,0,-1,No n'hi ha,-1.0,3,3,1,-1,-1,0,0,-1,0,0,0,0,0,1,4,4,-1,Envestida (frontal lateral),0,0,2,4,-1,2,1,8.37,0,2,2,27,11
18205,2019,1,2019-02-05,SE,FIGUERES,Alt Emporda,1,0,1,0,2,1,0,0,0,1,0,0,0,100.0,0.0,0,2,No n'hi ha,-1.0,3,3,1,0,0,0,0,0,1,0,0,0,1,0,4,-1,1,Atropellament,-1,2,2,5,-1,2,1,17.3,1,3,1,5,2
18206,2019,0,2019-08-03,C-155,POLINYA,Valles Occidental,3,0,1,1,2,0,0,0,0,2,0,0,0,70.0,0.0,0,3,No n'hi ha,-1.0,3,3,1,0,0,0,0,0,0,0,0,0,0,0,3,-1,1,Col·lisió frontal,-1,1,2,4,2,2,0,5.45,2,2,5,3,8
18207,2019,1,2019-10-22,SE,BARCELONA,Barcelones,3,0,1,0,4,3,0,0,0,1,0,0,0,100.0,0.0,1,-1,No n'hi ha,-1.0,3,3,1,0,0,0,0,0,0,0,0,0,0,1,0,-1,0,Atropellament,2,2,2,5,-1,2,1,20.0,1,3,1,22,10
18208,2019,0,2019-07-25,A-2,TORRES DE SEGRE,Segria,2,1,0,0,2,0,0,0,0,1,1,0,0,100.0,0.0,0,2,No n'hi ha,,3,3,0,0,0,0,0,0,0,0,0,0,0,0,4,-1,0,Encalç,-1,1,2,4,1,2,1,19.51,1,2,3,25,7
18209,2019,1,2019-04-09,SE,MANLLEU,Osona,3,0,1,1,2,0,0,0,1,1,0,0,0,20.0,0.0,0,-1,No n'hi ha,-1.0,3,3,1,-1,0,0,0,-1,0,0,0,0,0,1,4,4,1,Envestida (frontal lateral),2,2,2,5,-1,2,1,20.45,1,2,1,9,4
18210,2019,0,2019-04-11,N-150,BARBERA DEL VALLES,Valles Occidental,3,0,1,0,3,2,0,0,0,1,0,0,0,100.0,0.0,0,2,No n'hi ha,-1.0,3,3,1,0,1,0,0,0,0,0,0,0,1,1,3,5,0,Atropellament,3,1,2,4,1,2,1,7.15,0,3,3,11,4
18211,2019,1,2019-04-18,SE,SANT ADRIA DE BESOS,Barcelones,3,0,1,0,2,0,1,0,0,1,0,0,0,100.0,1.0,0,-1,No n'hi ha,-1.0,3,3,1,0,0,0,0,0,0,0,0,0,0,0,4,-1,-1,Envestida (frontal lateral),-1,2,2,5,-1,2,1,21.3,1,2,3,18,4
18212,2019,1,2019-06-21,SE,ALPICAT,Segria,2,0,1,0,1,1,0,0,0,0,0,0,0,100.0,1.0,0,2,No n'hi ha,-1.0,3,3,1,0,0,0,0,0,0,0,0,0,0,1,4,5,0,Atropellament,1,2,2,5,-1,2,0,19.3,1,3,4,21,6
18213,2019,0,2019-11-08,C-15,VILAFRANCA DEL PENEDES,Alt Penedes,3,1,0,2,2,0,0,0,1,1,0,0,0,100.0,0.0,0,3,No n'hi ha,-1.0,3,3,0,0,0,0,0,0,0,0,0,0,0,0,3,-1,1,Fregament o col·lisió lateral,-1,1,2,4,3,0,0,18.3,1,2,4,8,11
18214,2019,1,2019-03-14,SE,GAVA,Baix Llobregat,3,0,1,0,3,1,0,0,0,2,0,0,0,20.0,0.0,0,2,No n'hi ha,-1.0,3,3,1,-1,0,0,0,-1,0,0,0,0,-1,1,4,4,0,Atropellament,2,2,2,5,-1,2,1,14.42,1,3,3,14,3
18215,2019,0,2019-08-17,A-7,VILA-SECA,Tarragones,0,1,0,0,1,0,0,0,0,1,0,0,0,100.0,0.0,0,2,No n'hi ha,-1.0,3,3,0,0,0,0,0,0,0,0,0,0,0,0,3,-1,0,Resta sortides de via,-1,1,2,4,1,2,0,22.52,2,1,5,17,8
18216,2019,1,2019-01-23,SE,SANTA OLIVA,Baix Penedes,0,0,1,0,1,0,0,0,0,1,0,0,0,20.0,0.0,0,-1,Sense Especificar,-1.0,3,3,1,0,0,0,0,0,0,0,0,0,0,0,4,-1,-1,Resta sortides de via,-1,2,2,5,-1,2,1,18.28,1,1,2,23,1
18217,2019,0,2019-08-03,B-224,SANT ESTEVE SESROVIRES,Baix Llobregat,3,0,1,0,2,0,0,0,1,1,0,0,0,60.0,0.0,0,2,No n'hi ha,-1.0,3,3,1,0,0,0,0,0,0,0,0,0,0,0,0,-1,1,Altres,-1,1,2,4,2,2,0,5.36,2,5,5,3,8
18218,2019,0,2019-04-07,BP-1101,"BRUC, EL",Anoia,3,1,0,0,1,0,0,0,1,0,0,0,0,100.0,0.0,0,1,No n'hi ha,-1.0,3,3,0,0,1,0,0,0,0,0,0,0,0,0,4,-1,1,Resta sortides de via,-1,1,2,4,3,2,0,12.37,0,1,6,7,4
18219,2019,1,2019-03-16,SE,BADALONA,Barcelones,3,0,1,0,2,1,0,0,1,0,0,0,0,20.0,0.0,0,-1,No n'hi ha,-1.0,3,3,1,0,-1,0,0,0,0,0,0,0,0,0,4,-1,-1,Atropellament,-1,2,2,5,-1,2,0,9.25,0,3,5,16,3
18220,2019,0,2019-12-24,C-14,COLL DE NARGO,Alt Urgell,2,0,2,4,3,0,0,0,0,3,0,0,0,100.0,0.0,0,1,No n'hi ha,-1.0,3,3,1,0,0,0,0,0,0,0,0,0,0,0,4,-1,1,Envestida (frontal lateral),-1,1,2,4,2,2,1,13.21,0,2,1,24,12