,Year,Area,Date,Road,Municipality Name,County Name,Province Name,Fatalties,Serious Injuries,Light Injuries,Units Involved,Pedestrains Involved,Bicycles Involved,Mopeds Involved,Motorcycles,Light Vehicles Involved,Heavy Vehicles Involved,Other Units Involved,Unspecified Units Involved,Road Speed Limit,Accident with Hit and Run,Fog Presence,Surrounding Environment,Special Lane Presence,Special Traffic Measures,Weather Conditions,Special Road Functions,Severity of Accident,Influence of Fog,Influence of Environment,Influence of Traffic,Influence of Weather,Influence of Wind Intensity,Influence of Lighting,Influence of Special Measures,Influence of Road Objects,Influence of Road Surface,Influence of Visibility,Intersection Characteristics,Lighting Conditions,Traffic Regulation and Priority,Direction of Road,Subtype of Accident,Subtype of Road Section,Subzone within Area,Road Surface Conditions,Type of Road,Road Ownership,Wind Conditions,Day of the Week Grouping,Hour of Day,Time of Day Grouping,Type of Accident,Day Type,Day,Month
18221,2019,1,2019-12-03,SE,ESPLUGUES DE LLOBREGAT,Baix Llobregat,3,0,1,0,2,0,0,0,0,2,0,0,0,20.0,0.0,0,-1,No n'hi ha,-1.0,3,3,1,-1,0,0,0,-1,0,0,0,0,-1,1,5,4,1,Fregament o col·lisió lateral,2,2,2,5,-1,2,1,19.55,1,2,1,3,12
18222,2019,1,2019-07-05,SE,LLEIDA,Segria,2,0,1,0,2,1,0,0,0,1,0,0,0,20.0,0.0,0,2,No n'hi ha,-1.0,3,3,1,-1,0,0,0,-1,0,0,0,0,-1,0,4,-1,1,Atropellament,-1,2,2,5,-1,2,1,11.0,0,3,4,5,7
18223,2019,1,2019-02-12,SE,BARCELONA,Barcelones,3,0,1,0,2,0,0,0,1,1,0,0,0,100.0,0.0,1,-1,Carril bus,-1.0,3,3,1,0,0,0,0,0,0,0,0,0,0,0,4,-1,0,Fregament o col·lisió lateral,-1,2,2,5,-1,2,1,8.55,0,2,1,12,2
18224,2019,0,2019-08-06,N-II,GARRIGAS,Alt Emporda,1,0,1,0,2,0,0,1,0,1,0,0,0,80.0,0.0,0,2,No n'hi ha,-1.0,3,3,1,0,0,0,0,0,0,0,0,0,0,2,1,4,1,Fregament o col·lisió lateral,1,1,2,4,1,2,1,21.02,1,2,1,6,8
18225,2019,1,2019-11-01,SE,SANT BOI DE LLOBREGAT,Baix Llobregat,3,0,1,0,2,1,0,0,0,1,0,0,0,30.0,0.0,0,-1,No n'hi ha,-1.0,3,3,1,0,0,0,0,0,0,0,0,0,0,0,4,-1,0,Atropellament,-1,2,2,5,-1,2,0,18.3,1,3,4,1,11
18226,2019,0,2019-07-15,T-710,FALSET,Priorat,0,0,1,1,1,0,0,0,0,0,1,0,0,100.0,0.0,0,1,No n'hi ha,-1.0,3,3,1,0,0,0,0,0,0,0,0,0,0,0,3,-1,1,Resta sortides de via,-1,1,2,4,2,2,1,1.0,2,1,0,15,7
18227,2019,1,2019-12-16,SE,REUS,Baix Camp,0,0,1,0,2,1,0,0,0,1,0,0,0,100.0,0.0,0,-1,No n'hi ha,-1.0,3,3,1,0,0,0,0,0,0,0,0,0,0,0,4,-1,-1,Atropellament,-1,2,2,5,-1,2,1,15.05,1,3,0,16,12
18228,2019,0,2019-06-10,T-301,TIVENYS,Baix Ebre,0,0,1,0,1,0,0,0,1,0,0,0,0,90.0,0.0,0,-1,Sense Especificar,-1.0,3,3,1,0,0,0,0,0,0,0,0,0,0,0,4,-1,-1,Xoc contra objecte/obstacle sense sortida prèvia de via,-1,1,2,4,4,2,1,17.43,1,4,0,10,6
18229,2019,1,2019-02-02,SE,"ROCA DEL VALLES, LA",Valles Oriental,3,0,2,0,2,0,0,0,0,2,0,0,0,100.0,0.0,0,2,No n'hi ha,-1.0,1,3,1,0,0,0,1,0,0,0,0,0,0,0,2,-1,1,Fregament o col·lisió lateral,-1,2,2,5,0,2,0,16.3,1,2,5,2,2
18230,2019,0,2019-06-30,N-240,VALLS,Alt Camp,0,0,1,1,1,0,0,0,1,0,0,0,0,100.0,0.0,0,0,Carril lent,-1.0,3,3,1,0,0,0,0,0,0,0,0,0,0,0,4,-1,1,Resta sortides de via,-1,1,2,4,1,2,0,20.38,1,1,6,30,6
18231,2019,1,2019-06-26,N-340,VALLIRANA,Baix Llobregat,3,0,1,0,2,1,0,0,0,0,1,0,0,100.0,0.0,0,-1,No n'hi ha,-1.0,3,3,1,0,0,0,0,0,0,0,0,0,0,0,4,-1,-1,Altres,-1,0,2,4,-1,2,1,7.25,0,5,2,26,6
18232,2019,0,2019-03-31,C-14,RIBERA D'URGELLET,Alt Urgell,2,0,1,0,2,0,0,0,0,2,0,0,0,100.0,0.0,0,1,No n'hi ha,-1.0,3,3,1,0,0,0,0,0,0,0,0,0,0,0,4,-1,1,Altres,-1,1,2,4,2,2,0,19.3,1,5,6,31,3
18233,2019,0,2019-11-22,C-58,MONTCADA I REIXAC,Valles Occidental,3,0,1,0,2,0,0,0,1,1,0,0,0,120.0,0.0,0,2,No n'hi ha,-1.0,2,3,1,0,0,0,1,0,0,0,0,0,0,0,5,-1,1,Altres,-1,1,2,4,2,1,0,18.4,1,5,4,22,11
18234,2019,0,2019-07-02,GI-673,CALDES DE MALAVELLA,Selva,1,2,0,0,2,0,0,0,0,1,1,0,0,100.0,0.0,0,2,No n'hi ha,-1.0,3,3,0,0,0,0,0,0,0,0,0,0,0,2,4,4,1,Envestida (frontal lateral),1,1,2,4,3,2,1,18.57,1,2,1,2,7
18235,2019,0,2019-01-19,N-260,FIGUERES,Alt Emporda,1,1,0,2,2,0,0,0,0,2,0,0,0,100.0,0.0,0,2,No n'hi ha,-1.0,3,3,0,0,0,0,0,0,0,0,0,0,0,0,3,-1,1,Col·lisió frontal,-1,1,2,4,1,2,0,6.44,0,2,5,19,1
18236,2019,0,2019-04-14,N-340,ALTAFULLA,Tarragones,0,1,0,2,2,0,0,0,0,2,0,0,0,100.0,0.0,0,2,No n'hi ha,-1.0,3,3,0,0,0,0,0,0,0,0,0,0,0,1,4,4,1,Envestida (frontal lateral),3,1,2,4,1,2,0,16.2,1,2,6,14,4
18237,2019,1,2019-12-31,SE,BARCELONA,Barcelones,3,0,2,1,6,2,0,0,4,0,0,0,0,100.0,0.0,1,-1,No n'hi ha,-1.0,3,3,1,0,0,0,0,0,0,0,0,0,0,1,4,-1,0,Atropellament,2,2,2,5,-1,2,1,16.2,1,3,1,31,12
18238,2019,0,2019-01-02,C-58,BARCELONA,Barcelones,3,1,0,1,2,0,0,0,0,1,1,0,0,100.0,0.0,0,-1,No n'hi ha,-1.0,3,3,0,0,0,0,0,0,0,0,0,0,0,0,4,-1,-1,Encalç,-1,1,2,4,-1,2,1,12.51,0,2,2,2,1
18239,2019,1,2019-08-04,SE,CAMBRILS,Baix Camp,0,0,1,0,1,0,1,0,0,0,0,0,0,100.0,0.0,0,-1,No n'hi ha,-1.0,3,3,1,0,0,0,0,0,0,0,0,1,0,0,4,-1,-1,Caiguda en la via,-1,2,2,5,-1,2,0,21.05,1,0,6,4,8
18240,2019,0,2019-04-11,C-55,CALLUS,Bages,3,0,1,2,2,0,0,0,0,2,0,0,0,100.0,0.0,0,0,No n'hi ha,-1.0,3,3,1,0,0,0,0,0,0,0,0,0,0,0,4,-1,1,Col·lisió frontal,-1,1,2,4,2,2,1,14.39,1,2,3,11,4
18241,2019,0,2019-09-03,B-124,CASTELLAR DEL VALLES,Valles Occidental,3,0,1,0,2,0,0,0,1,1,0,0,0,50.0,0.0,0,2,No n'hi ha,-1.0,3,3,1,-1,0,0,0,-1,0,0,0,0,-1,0,4,-1,1,Encalç,-1,1,2,4,3,2,1,10.4,0,2,1,3,9
18242,2019,1,2019-08-04,SE,PONTS,Noguera,2,0,2,0,1,0,0,0,0,1,0,0,0,50.0,0.0,0,2,No n'hi ha,-1.0,3,3,1,0,0,0,0,0,0,0,0,0,0,0,4,-1,1,Xoc contra objecte/obstacle sense sortida prèvia de via,-1,2,2,5,0,2,0,11.56,0,4,6,4,8
18243,2019,0,2019-04-30,GI-614,ROSES,Alt Emporda,1,0,1,0,2,0,1,0,0,0,1,0,0,100.0,0.0,0,3,No n'hi ha,-1.0,3,3,1,0,0,0,0,0,0,0,0,0,0,0,4,-1,1,Fregament o col·lisió lateral,-1,1,2,4,3,2,1,11.29,0,2,1,30,4
18244,2019,0,2019-03-08,T-11,TARRAGONA,Tarragones,0,0,1,0,2,0,0,0,1,1,0,0,0,40.0,0.0,0,1,No n'hi ha,-1.0,3,3,1,0,0,0,0,0,0,0,0,0,0,1,5,4,1,Envestida (frontal lateral),0,1,2,4,1,2,0,21.27,1,2,4,8,3
18245,2019,1,2019-11-05,SE,BARCELONA,Barcelones,3,0,1,0,2,0,0,0,1,1,0,0,0,100.0,0.0,1,-1,No n'hi ha,-1.0,3,3,1,0,0,0,0,0,0,0,0,0,0,1,1,-1,0,Fregament o col·lisió lateral,2,2,2,5,-1,2,1,18.5,1,2,1,5,11
18246,2019,0,2019-04-25,T-11,REUS,Baix Camp,0,0,1,0,2,0,0,0,0,2,0,0,0,100.0,0.0,0,2,No n'hi ha,-1.0,3,3,1,0,0,0,0,0,0,0,0,0,0,0,4,-1,0,Fregament o col·lisió lateral,-1,1,2,4,1,2,1,19.53,1,2,3,25,4
18247,2019,1,2019-07-24,SE,VIC,Osona,3,0,1,0,2,0,1,0,0,1,0,0,0,20.0,0.0,0,-1,No n'hi ha,-1.0,3,3,1,-1,-1,0,0,-1,0,0,0,0,0,1,4,2,0,Envestida (frontal lateral),1,2,2,5,-1,2,1,13.25,0,2,2,24,7
18248,2019,1,2019-04-16,SE,BARCELONA,Barcelones,3,0,1,1,2,1,0,0,1,0,0,0,0,100.0,0.0,1,-1,No n'hi ha,-1.0,3,3,1,0,0,0,0,0,0,0,0,0,0,1,4,-1,0,Atropellament,2,2,2,5,-1,2,1,14.2,1,3,1,16,4
18249,2019,0,2019-07-14,GIV-6217,TORROELLA DE FLUVIA,Alt Emporda,1,0,1,0,1,0,0,0,1,0,0,0,0,90.0,0.0,0,-1,Sense Especificar,-1.0,3,3,1,0,0,0,0,0,0,0,0,0,0,0,4,-1,-1,Altres,-1,1,2,4,4,2,0,20.4,1,5,6,14,7
18250,2019,0,2019-12-26,BV-1501,CASTELLBISBAL,Valles Occidental,3,0,1,2,2,0,0,0,0,2,0,0,0,40.0,0.0,0,1,No n'hi ha,-1.0,3,3,1,0,0,0,0,0,0,0,0,0,0,0,3,-1,1,Envestida (frontal lateral),-1,1,2,4,3,2,1,22.08,2,2,3,26,12
18251,2019,0,2019-06-12,N-260,OLOT,Garrotxa,1,0,1,0,1,0,0,0,0,1,0,0,0,90.0,0.0,0,-1,Sense Especificar,-1.0,3,3,1,0,0,0,0,0,0,0,0,0,0,0,4,-1,-1,Resta sortides de via,-1,1,2,4,4,2,1,13.24,0,1,2,12,6
18252,2019,0,2019-10-22,AP-7,VILAFRANCA DEL PENEDES,Alt Penedes,3,0,1,1,3,0,0,0,0,2,1,0,0,100.0,0.0,0,-1,No n'hi ha,-1.0,3,3,1,0,0,0,0,0,0,0,0,0,0,0,4,-1,-1,Encalç,-1,1,2,4,-1,2,1,7.1,0,2,1,22,10
18253,2019,1,2019-10-22,SE,BARCELONA,Barcelones,3,0,1,0,2,0,0,0,1,1,0,0,0,100.0,0.0,1,-1,No n'hi ha,-1.0,3,3,1,0,0,0,0,0,0,0,0,0,0,1,4,-1,0,Fregament o col·lisió lateral,2,2,2,5,-1,2,1,20.0,1,2,1,22,10
18254,2019,0,2019-08-14,C-58,BARCELONA,Barcelones,3,0,1,0,2,0,0,0,1,1,0,0,0,90.0,0.0,0,-1,Sense Especificar,-1.0,3,3,1,0,0,0,0,0,0,0,0,0,0,2,4,5,-1,Encalç,2,1,2,4,4,2,1,9.4,0,2,2,14,8
18255,2019,1,2019-07-03,SE,BARCELONA,Barcelones,3,1,0,0,2,1,0,0,0,0,1,0,0,100.0,0.0,1,-1,Carril bus,-1.0,3,3,0,0,0,0,0,0,0,0,0,0,0,1,4,-1,1,Atropellament,2,2,2,5,-1,2,1,16.5,1,3,2,3,7
18256,2019,1,2019-08-17,SE,VIC,Osona,3,0,1,0,2,1,0,0,0,1,0,0,0,100.0,0.0,0,2,No n'hi ha,-1.0,3,3,1,0,0,0,0,0,0,0,0,0,0,1,4,4,0,Atropellament,1,2,2,5,-1,2,0,16.55,1,3,5,17,8
18257,2019,0,2019-09-27,N-II,SANT ANDREU DE LLAVANERES,Maresme,3,0,1,0,2,0,1,0,0,1,0,0,0,40.0,0.0,0,3,No n'hi ha,-1.0,3,3,1,0,0,0,0,0,0,0,0,0,0,1,0,4,1,Encalç,0,1,2,4,1,2,0,20.5,1,2,4,27,9
18258,2019,1,2019-08-22,SE,ROSES,Alt Emporda,1,0,1,1,1,0,0,0,0,1,0,0,0,20.0,0.0,0,-1,Sense Especificar,-1.0,3,3,1,0,0,0,0,0,0,0,0,0,0,0,4,-1,-1,Altres,-1,2,2,5,-1,2,1,18.07,1,5,3,22,8
18259,2019,0,2019-08-04,BV-5301,FOGARS DE MONTCLUS,Valles Oriental,3,0,1,2,1,0,0,0,0,1,0,0,0,100.0,0.0,0,2,No n'hi ha,-1.0,3,3,1,0,0,0,0,0,0,0,0,0,0,0,4,-1,1,Resta sortides de via,-1,1,2,4,3,2,0,19.39,1,1,6,4,8
18260,2019,1,2019-08-09,SE,SANTA PERPETUA DE MO,Valles Occidental,3,0,1,0,1,0,0,0,1,0,0,0,0,100.0,0.0,0,2,No n'hi ha,-1.0,3,3,1,0,0,0,0,0,0,0,0,0,0,1,5,4,0,Xoc contra objecte/obstacle sense sortida prèvia de via,0,2,2,5,-1,1,1,0.46,2,4,4,9,8
18261,2019,1,2019-07-04,SE,BARCELONA,Barcelones,3,0,1,0,2,0,1,0,0,0,1,0,0,100.0,0.0,1,-1,Carril bici,-1.0,3,3,1,0,0,0,0,0,0,0,0,0,0,1,4,-1,1,Col·lisió frontal,2,2,2,5,-1,2,1,15.15,1,2,3,4,7
18262,2019,1,2019-03-28,SE,BARCELONA,Barcelones,3,0,1,0,2,1,0,0,1,0,0,0,0,30.0,1.0,1,-1,No n'hi ha,-1.0,3,3,1,0,0,0,0,0,0,0,0,0,0,0,0,-1,0,Atropellament,-1,2,2,5,-1,2,1,22.0,2,3,3,28,3
18263,2019,1,2019-02-04,SE,SABADELL,Valles Occidental,3,0,1,0,2,0,0,0,1,1,0,0,0,100.0,0.0,0,2,No n'hi ha,-1.0,3,3,1,0,0,0,0,0,0,0,0,0,0,0,5,-1,1,Encalç,-1,2,2,5,-1,2,1,7.34,0,2,0,4,2
18264,2019,1,2019-09-06,SE,TERRASSA,Valles Occidental,3,0,1,0,2,0,0,0,1,1,0,0,0,50.0,0.0,0,2,No n'hi ha,-1.0,3,3,1,0,0,0,0,0,1,0,0,0,1,1,4,3,1,Envestida (frontal lateral),2,2,2,5,-1,2,1,9.36,0,2,4,6,9
18265,2019,0,2019-08-21,N-420,DUESAIG?ES,Baix Camp,0,1,1,0,2,0,0,0,1,1,0,0,0,90.0,0.0,0,3,No n'hi ha,-1.0,3,3,0,0,0,0,0,0,0,0,0,0,0,0,1,-1,1,Col·lisió frontal,-1,1,2,4,1,2,1,20.45,1,2,2,21,8
18266,2019,1,2019-04-14,SE,VILA-SECA,Tarragones,0,0,2,0,4,2,0,0,0,2,0,0,0,100.0,0.0,0,-1,No n'hi ha,-1.0,3,3,1,0,0,0,0,0,0,0,0,0,0,0,4,-1,-1,Atropellament,-1,2,2,5,-1,2,0,13.42,0,3,6,14,4
18267,2019,1,2019-02-04,SE,SANT ANDREU DE LLAVANERES,Maresme,3,0,1,0,2,1,0,0,0,1,0,0,0,20.0,0.0,0,-1,No n'hi ha,-1.0,3,3,1,-1,0,0,0,-1,0,0,0,0,0,0,0,-1,0,Atropellament,-1,2,2,5,-1,2,1,19.3,1,3,0,4,2
18268,2019,0,2019-09-28,GI-512,TORDERA,Maresme,3,0,1,0,1,0,0,0,0,0,1,0,0,90.0,0.0,0,-1,Sense Especificar,-1.0,3,3,1,0,0,0,0,0,0,0,0,0,0,0,4,-1,-1,Resta sortides de via,-1,1,2,4,4,2,0,0.11,2,1,5,28,9
18269,2019,1,2019-09-12,SE,TARRAGONA,Tarragones,0,0,1,0,2,1,0,0,1,0,0,0,0,100.0,0.0,0,2,No n'hi ha,-1.0,3,3,1,0,0,0,0,0,0,0,0,0,0,2,0,3,1,Atropellament,2,2,2,5,-1,2,1,20.5,1,3,3,12,9
18270,2019,1,2019-07-08,SE,BARCELONA,Barcelones,3,0,2,1,2,0,0,0,1,1,0,0,0,100.0,0.0,1,-1,No n'hi ha,-1.0,3,3,1,0,0,0,0,0,0,0,0,0,0,1,0,-1,0,Envestida (frontal lateral),2,2,2,5,-1,2,1,23.35,2,2,0,8,7
18271,2019,1,2019-07-24,SE,GIRONA,Girones,1,0,1,0,2,0,0,0,1,1,0,0,0,100.0,0.0,0,2,Carril central,-1.0,3,3,1,0,0,0,0,0,0,0,0,0,0,0,4,-1,1,Xoc contra objecte/obstacle sense sortida prèvia de via,-1,2,2,5,-1,2,1,18.47,1,4,2,24,7
18272,2019,1,2019-10-02,SE,BARCELONA,Barcelones,3,0,1,0,2,1,0,0,0,1,0,0,0,100.0,0.0,1,-1,Carril bus,-1.0,3,3,1,0,0,0,0,0,0,0,0,0,0,1,4,-1,1,Atropellament,2,2,2,5,-1,2,1,11.57,0,3,2,2,10
18273,2019,1,2019-06-29,SE,SANT PERE DE TORELLO,Osona,3,0,1,1,3,2,0,0,0,1,0,0,0,20.0,0.0,0,-1,Sense Especificar,-1.0,3,3,1,0,0,0,0,0,0,0,0,0,0,0,4,-1,-1,Atropellament,-1,2,2,5,-1,2,0,12.52,0,3,5,29,6
18274,2019,1,2019-09-26,SE,SANT JOAN DE VILATOR,Bages,3,0,1,0,1,0,0,0,1,0,0,0,0,20.0,0.0,0,-1,No n'hi ha,-1.0,3,3,1,-1,0,0,0,-1,0,0,0,0,0,0,4,-1,0,Caiguda en la via,-1,2,2,5,0,2,1,17.11,1,0,3,26,9
18275,2019,1,2019-01-18,SE,CORNELLA DE LLOBREGAT,Baix Llobregat,3,0,1,0,2,0,0,0,1,1,0,0,0,50.0,0.0,0,-1,No n'hi ha,-1.0,3,3,1,0,0,0,0,0,0,0,0,0,0,0,4,-1,-1,Encalç,-1,2,2,5,0,2,1,12.55,0,2,4,18,1
18276,2019,0,2019-10-27,BV-5106,ARGENTONA,Maresme,3,0,1,0,2,0,1,0,0,1,0,0,0,40.0,0.0,0,1,No n'hi ha,0.0,3,3,1,0,0,0,0,0,0,0,0,0,0,0,4,-1,1,Fregament o col·lisió lateral,-1,1,2,4,3,2,0,12.44,0,2,6,27,10
18277,2019,0,2019-12-15,N-II,"JONQUERA, LA",Alt Emporda,1,0,2,0,2,0,0,0,0,1,1,0,0,40.0,0.0,0,2,No n'hi ha,-1.0,3,3,1,0,0,0,0,0,0,0,0,0,0,1,5,4,0,Envestida (frontal lateral),0,1,2,4,1,2,0,6.0,0,2,6,15,12
18278,2019,1,2019-09-24,SE,SANT ADRIA DE BESOS,Barcelones,3,0,1,0,1,0,0,0,0,1,0,0,0,20.0,0.0,0,-1,No n'hi ha,-1.0,3,3,1,0,0,0,0,0,0,0,0,0,0,0,4,-1,-1,Sortida de via amb xoc o col·lisió,-1,2,2,5,-1,2,1,15.0,1,1,1,24,9
18279,2019,1,2019-10-02,GI-682,LLORET DE MAR,Selva,1,0,1,0,2,0,0,0,1,1,0,0,0,100.0,0.0,0,2,No n'hi ha,-1.0,3,3,1,0,0,0,0,0,0,0,0,0,0,2,4,5,0,Fregament o col·lisió lateral,0,0,2,4,-1,2,1,11.5,0,2,2,2,10
18280,2019,1,2019-05-20,SE,TERRASSA,Valles Occidental,3,0,1,0,2,0,0,0,0,2,0,0,0,100.0,0.0,0,3,No n'hi ha,-1.0,3,3,1,0,0,0,0,0,0,0,0,0,0,1,4,4,1,Envestida (frontal lateral),1,2,2,5,0,2,1,10.15,0,2,0,20,5
18281,2019,1,2019-10-04,SE,TERRASSA,Valles Occidental,3,0,1,0,2,1,0,0,0,1,0,0,0,100.0,0.0,0,2,No n'hi ha,-1.0,3,3,1,0,0,0,0,0,0,0,0,0,0,0,4,-1,0,Atropellament,-1,2,2,5,-1,2,0,18.15,1,3,4,4,10
18282,2019,1,2019-05-13,SE,RUBI,Valles Occidental,3,0,1,0,2,0,0,1,0,1,0,0,0,100.0,0.0,0,-1,No n'hi ha,-1.0,3,3,1,0,0,0,0,0,0,0,0,0,0,0,4,-1,-1,Resta sortides de via,-1,2,2,5,-1,2,1,12.51,0,1,0,13,5
18283,2019,1,2019-08-11,SE,"PRAT DE LLOBREGAT, E",Baix Llobregat,3,0,1,1,2,1,0,0,1,0,0,0,0,40.0,0.0,0,2,No n'hi ha,-1.0,3,3,1,0,0,0,0,0,0,0,0,0,0,2,4,5,1,Atropellament,0,2,2,5,-1,2,0,12.5,0,3,6,11,8
18284,2019,0,2019-11-20,N-II,BIURE,Alt Emporda,1,0,1,3,3,0,0,0,0,3,0,0,0,100.0,0.0,0,2,No n'hi ha,-1.0,3,3,1,0,0,0,0,0,0,0,0,0,0,0,3,-1,1,Envestida (frontal lateral),-1,1,2,4,1,2,1,17.45,1,2,2,20,11
18285,2019,0,2019-07-19,N-340,TARRAGONA,Tarragones,0,0,1,0,2,0,0,0,0,1,1,0,0,100.0,0.0,0,2,Habilitació voral/carril addicional,-1.0,3,3,1,0,0,0,0,0,0,0,0,0,0,0,3,-1,1,Col·lisió frontal,-1,1,2,4,1,2,0,23.56,2,2,4,19,7
18286,2019,1,2019-07-03,SE,BARCELONA,Barcelones,3,0,1,0,2,0,0,0,0,1,0,1,0,100.0,0.0,1,-1,Carril bici,-1.0,3,3,1,0,0,0,0,0,0,0,0,0,0,1,4,-1,0,Envestida (frontal lateral),2,2,2,5,-1,2,1,17.15,1,2,2,3,7
18287,2019,1,2019-08-22,SE,BARCELONA,Barcelones,3,0,1,0,2,0,0,0,1,1,0,0,0,100.0,0.0,1,-1,No n'hi ha,-1.0,3,3,1,0,0,0,0,0,0,0,0,0,0,0,4,-1,0,Fregament o col·lisió lateral,-1,2,2,5,-1,2,1,19.0,1,2,3,22,8
18288,2019,0,2019-10-28,N-II,BASCARA,Alt Emporda,1,0,2,4,2,0,0,0,0,2,0,0,0,100.0,0.0,0,2,No n'hi ha,-1.0,3,3,1,0,0,0,0,0,0,0,0,0,0,0,4,-1,1,Envestida (frontal lateral),-1,1,2,4,1,2,1,16.25,1,2,0,28,10
18289,2019,1,2019-03-22,SE,GIRONA,Girones,1,0,1,1,2,1,1,0,0,0,0,0,0,100.0,0.0,0,2,No n'hi ha,-1.0,3,3,1,0,0,0,0,0,0,0,0,0,0,0,4,-1,0,Atropellament,-1,2,2,5,-1,2,1,13.2,0,3,4,22,3
18290,2019,0,2019-10-22,AP-7,MACANET DE LA SELVA,Selva,1,1,0,7,7,0,0,0,0,6,1,0,0,100.0,0.0,0,3,No n'hi ha,-1.0,1,3,0,0,0,0,1,0,0,0,0,0,0,0,3,-1,0,Resta sortides de via,-1,1,2,4,1,2,1,22.45,2,1,1,22,10
18291,2019,1,2019-03-27,SE,BARCELONA,Barcelones,3,0,1,1,2,1,0,0,1,0,0,0,0,100.0,0.0,1,-1,No n'hi ha,-1.0,3,3,1,0,0,0,0,0,0,0,0,0,0,1,4,-1,0,Atropellament,2,2,2,5,-1,2,1,14.44,1,3,2,27,3
18292,2019,0,2019-07-07,B-20,BARCELONA,Barcelones,3,1,1,1,2,0,0,0,0,2,0,0,0,60.0,0.0,1,-1,No n'hi ha,-1.0,3,3,0,0,0,0,0,0,0,0,0,0,0,0,0,-1,1,Envestida (frontal lateral),-1,1,2,1,-1,2,0,5.3,2,2,6,7,7
18293,2019,0,2019-06-11,C-13,SORT,Pallars Sobira,2,0,1,0,2,1,0,0,0,1,0,0,0,100.0,0.0,0,2,No n'hi ha,-1.0,1,3,1,0,0,0,0,0,0,0,0,0,0,2,2,5,1,Atropellament,1,1,2,4,2,2,1,11.37,0,3,1,11,6
18294,2019,0,2019-06-30,C-31,"PRAT DE LLOBREGAT, E",Baix Llobregat,3,0,1,2,4,0,0,0,0,4,0,0,0,100.0,0.0,0,2,No n'hi ha,-1.0,3,3,1,0,0,0,0,0,0,0,0,0,0,0,0,-1,1,Fregament o col·lisió lateral,-1,1,2,4,2,2,0,1.33,2,2,6,30,6
18295,2019,1,2019-10-17,SE,RUBI,Valles Occidental,3,0,1,2,2,0,1,0,1,0,0,0,0,100.0,0.0,0,-1,No n'hi ha,-1.0,3,3,1,0,0,0,0,0,0,0,0,0,0,0,4,-1,-1,Fregament o col·lisió lateral,-1,2,2,5,-1,2,1,21.0,1,2,3,17,10
18296,2019,1,2019-10-14,SE,BARCELONA,Barcelones,3,1,0,1,4,2,0,0,1,1,0,0,0,40.0,0.0,1,-1,No n'hi ha,-1.0,3,3,0,0,0,0,0,0,0,0,0,0,0,0,4,-1,0,Atropellament,-1,2,2,5,-1,2,1,13.0,0,3,0,14,10
18297,2019,1,2019-12-27,SE,SABADELL,Valles Occidental,3,0,1,0,2,1,0,0,0,1,0,0,0,100.0,0.0,0,-1,No n'hi ha,-1.0,3,3,1,0,0,0,0,0,0,0,0,0,0,0,4,-1,1,Altres,-1,2,2,5,-1,2,1,13.4,0,5,4,27,12
18298,2019,0,2019-10-22,C-17,SEVA,Osona,3,0,1,0,1,0,0,0,0,1,0,0,0,80.0,0.0,0,0,No n'hi ha,-1.0,1,3,1,0,0,0,0,0,0,0,0,0,0,0,2,-1,0,Resta sortides de via,-1,1,2,4,2,2,1,9.12,0,1,1,22,10
18299,2019,1,2019-06-07,SE,BARCELONA,Barcelones,3,0,1,0,2,1,0,0,0,0,0,1,0,30.0,0.0,1,-1,Altres,-1.0,3,3,1,0,0,0,0,0,0,0,0,0,0,0,4,-1,1,Atropellament,-1,2,2,5,-1,2,1,12.1,0,3,4,7,6
18300,2019,1,2019-05-30,SE,BARCELONA,Barcelones,3,0,1,0,2,0,0,0,1,1,0,0,0,100.0,0.0,1,-1,No n'hi ha,-1.0,3,3,1,0,0,0,0,0,0,0,0,0,0,1,4,-1,0,Envestida (frontal lateral),2,2,2,5,-1,2,1,18.15,1,2,3,30,5
18301,2019,1,2019-03-29,SE,MANRESA,Bages,3,0,1,0,2,1,0,0,0,1,0,0,0,100.0,0.0,0,2,No n'hi ha,-1.0,3,3,1,0,0,0,0,0,0,0,0,0,0,0,4,-1,1,Atropellament,-1,2,2,5,-1,2,1,12.3,0,3,4,29,3
18302,2019,1,2019-08-19,SE,"CELLERA DE TER, LA",Selva,1,0,1,0,1,0,0,0,1,0,0,0,0,20.0,0.0,0,-1,Sense Especificar,-1.0,3,3,1,0,0,0,0,0,0,0,0,0,0,0,4,-1,-1,Altres,-1,2,2,5,-1,2,1,15.07,1,5,0,19,8
18303,2019,1,2019-01-21,SE,SANT BOI DE LLOBREGAT,Baix Llobregat,3,0,1,3,2,0,0,0,0,2,0,0,0,20.0,0.0,0,2,No n'hi ha,-1.0,3,3,1,-1,0,0,0,-1,0,0,0,0,0,0,5,-1,1,Col·lisió frontal,-1,2,2,5,0,2,1,20.18,1,2,0,21,1
18304,2019,0,2019-07-06,BP-1417,BARCELONA,Barcelones,3,0,1,0,1,0,0,0,1,0,0,0,0,100.0,0.0,1,-1,No n'hi ha,-1.0,3,3,1,0,0,0,0,0,0,0,0,0,0,0,0,-1,1,Sortida de via amb xoc o col·lisió,-1,1,0,4,-1,2,0,21.1,1,1,5,6,7