,Year,Area,Date,Road,Municipality Name,County Name,Province Name,Fatalties,Serious Injuries,Light Injuries,Units Involved,Pedestrains Involved,Bicycles Involved,Mopeds Involved,Motorcycles,Light Vehicles Involved,Heavy Vehicles Involved,Other Units Involved,Unspecified Units Involved,Road Speed Limit,Accident with Hit and Run,Fog Presence,Surrounding Environment,Special Lane Presence,Special Traffic Measures,Weather Conditions,Special Road Functions,Severity of Accident,Influence of Fog,Influence of Environment,Influence of Traffic,Influence of Weather,Influence of Wind Intensity,Influence of Lighting,Influence of Special Measures,Influence of Road Objects,Influence of Road Surface,Influence of Visibility,Intersection Characteristics,Lighting Conditions,Traffic Regulation and Priority,Direction of Road,Subtype of Accident,Subtype of Road Section,Subzone within Area,Road Surface Conditions,Type of Road,Road Ownership,Wind Conditions,Day of the Week Grouping,Hour of Day,Time of Day Grouping,Type of Accident,Day Type,Day,Month
18305,2019,1,2019-03-06,SE,GIRONA,Girones,1,0,1,0,2,1,0,0,0,1,0,0,0,100.0,0.0,0,2,No n'hi ha,-1.0,3,3,1,0,0,0,0,0,0,0,0,0,0,0,4,-1,0,Atropellament,-1,2,2,5,-1,2,1,12.17,0,3,2,6,3
18306,2019,0,2019-09-27,L-303,OSSO DE SIO,Urgell,2,0,1,0,1,0,0,0,0,1,0,0,0,70.0,1.0,0,2,No n'hi ha,-1.0,3,3,1,0,0,0,0,0,0,0,0,0,0,0,4,-1,1,Resta sortides de via,-1,1,2,4,3,2,0,18.43,1,1,4,27,9
18307,2019,0,2019-06-04,GI-600,TORDERA,Maresme,3,0,1,0,2,0,0,0,0,2,0,0,0,90.0,0.0,0,-1,Sense Especificar,-1.0,3,3,1,0,0,0,0,0,0,0,0,0,0,0,4,-1,-1,Encalç,-1,1,2,4,4,2,1,10.09,0,2,1,4,6
18308,2019,1,2019-06-19,SE,TERRASSA,Valles Occidental,3,0,1,0,2,0,0,0,0,1,0,1,0,100.0,0.0,0,2,No n'hi ha,-1.0,3,3,1,0,1,0,0,0,0,0,0,0,1,1,4,4,0,Envestida (frontal lateral),2,2,2,5,-1,2,1,13.52,0,2,2,19,6
18309,2019,0,2019-04-14,LV-3331,PENELLES,Noguera,2,0,1,2,1,0,0,0,0,1,0,0,0,100.0,0.0,0,1,No n'hi ha,-1.0,3,3,1,0,0,0,0,0,0,0,0,0,0,0,4,-1,1,Resta sortides de via,-1,1,2,4,3,2,0,8.52,0,1,6,14,4
18310,2019,1,2019-11-04,SE,SANTA COLOMA DE QUERALT,Conca de Barbera,0,0,1,0,2,1,0,0,0,1,0,0,0,40.0,0.0,0,2,No n'hi ha,-1.0,3,3,1,0,0,0,0,0,1,0,0,0,0,2,4,2,1,Atropellament,0,2,2,5,-1,2,1,9.46,0,3,0,4,11
18311,2019,1,2019-01-27,SE,HOSPITALET DE LLOBREGAT,Barcelones,3,0,1,0,2,0,0,0,0,2,0,0,0,20.0,0.0,0,-1,No n'hi ha,-1.0,3,3,1,-1,0,0,0,0,0,0,0,0,0,1,4,3,0,Sortida de via amb xoc o col·lisió,0,2,2,5,0,1,0,16.03,1,1,6,27,1
18312,2019,1,2019-01-13,C-246a,VILANOVA I LA GELTRU,Garraf,3,0,1,0,2,0,0,0,1,1,0,0,0,100.0,0.0,0,-1,No n'hi ha,-1.0,3,3,1,0,0,0,0,0,0,0,0,0,0,0,4,-1,-1,Altres,-1,0,2,4,-1,2,0,20.35,1,5,6,13,1
18313,2019,0,2019-12-15,B-124,MONISTROL DE CALDERS,Moianès,3,0,1,0,1,0,0,0,1,0,0,0,0,90.0,0.0,0,-1,Sense Especificar,-1.0,3,3,1,0,0,0,0,0,0,0,0,0,0,0,4,-1,-1,Resta sortides de via,-1,1,2,4,4,2,0,10.12,0,1,6,15,12
18314,2019,1,2019-08-22,SE,AMPOSTA,Montsia,0,0,1,0,2,0,0,0,1,1,0,0,0,100.0,0.0,0,2,No n'hi ha,-1.0,3,3,1,0,0,0,0,0,0,0,0,0,0,1,4,4,0,Fregament o col·lisió lateral,2,2,2,5,-1,2,1,17.3,1,2,3,22,8
18315,2019,1,2019-01-19,SE,MATARO,Maresme,3,0,1,1,2,0,0,0,1,1,0,0,0,20.0,0.0,0,-1,No n'hi ha,-1.0,3,3,1,0,-1,0,0,0,0,0,0,0,0,0,4,-1,-1,Col·lisió frontal,-1,2,2,5,-1,2,0,14.45,1,2,5,19,1
18316,2019,0,2019-03-27,TP-2124,BANYERES DEL PENEDES,Baix Penedes,0,0,1,0,2,0,0,0,1,1,0,0,0,90.0,0.0,0,-1,Sense Especificar,-1.0,3,3,1,0,0,0,0,0,0,0,0,0,0,0,4,-1,-1,Fregament o col·lisió lateral,-1,1,2,4,4,2,1,16.43,1,2,2,27,3
18317,2019,1,2019-07-08,SE,MARTORELL,Baix Llobregat,3,0,1,0,2,0,0,0,1,1,0,0,0,20.0,0.0,0,-1,Sense Especificar,-1.0,3,3,1,0,0,0,0,0,0,0,0,0,0,0,4,-1,-1,Envestida (frontal lateral),-1,2,2,5,-1,2,1,13.1,0,2,0,8,7
18318,2019,0,2019-09-08,C-17,MOLLET DEL VALLES,Valles Oriental,3,1,0,1,1,0,0,0,0,1,0,0,0,100.0,0.0,0,-1,No n'hi ha,-1.0,3,3,0,0,0,0,0,0,0,0,0,0,0,0,4,-1,-1,Resta sortides de via,-1,1,2,4,-1,2,0,6.31,0,1,6,8,9
18319,2019,1,2019-12-26,SE,IGUALADA,Anoia,3,0,1,0,2,0,0,1,0,1,0,0,0,50.0,0.0,0,-1,No n'hi ha,-1.0,3,3,1,-1,-1,0,0,-1,0,0,0,0,-1,0,4,-1,-1,Fregament o col·lisió lateral,-1,2,2,5,-1,2,1,9.05,0,2,3,26,12
18320,2019,0,2019-12-01,B-20,BARCELONA,Barcelones,3,1,0,0,2,0,0,0,1,1,0,0,0,80.0,0.0,1,-1,No n'hi ha,-1.0,3,3,0,0,0,0,0,0,0,0,0,0,0,0,0,-1,1,Fregament o col·lisió lateral,-1,1,2,1,-1,2,0,5.35,2,2,6,1,12
18321,2019,1,2019-01-26,SE,BARCELONA,Barcelones,3,0,2,0,2,0,0,0,1,1,0,0,0,100.0,0.0,1,-1,No n'hi ha,-1.0,3,3,1,0,0,0,0,0,0,0,0,0,0,1,0,-1,0,Envestida (frontal lateral),2,2,2,5,-1,2,0,21.3,1,2,5,26,1
18322,2019,0,2019-05-16,AP-7,MONT-ROIG DEL CAMP,Baix Camp,0,1,0,0,1,0,0,0,0,0,1,0,0,100.0,0.0,0,3,No n'hi ha,-1.0,3,3,0,0,0,0,0,0,0,0,0,0,0,0,4,-1,0,Resta sortides de via,-1,1,2,4,1,2,1,13.59,0,1,3,16,5
18323,2019,1,2019-04-27,SE,LLORET DE MAR,Selva,1,0,1,0,2,1,0,0,1,0,0,0,0,30.0,0.0,0,2,No n'hi ha,-1.0,3,3,1,0,0,0,0,0,0,0,0,0,0,0,4,-1,1,Atropellament,-1,2,2,5,-1,2,0,10.0,0,3,5,27,4
18324,2019,1,2019-05-25,SE,BARCELONA,Barcelones,3,1,0,0,2,0,1,0,0,0,1,0,0,100.0,0.0,1,-1,No n'hi ha,-1.0,3,3,0,0,0,0,0,0,0,0,0,0,0,1,0,-1,1,Envestida (frontal lateral),2,2,2,5,-1,2,0,22.45,2,2,5,25,5
18325,2019,0,2019-03-10,C-32,MATARO,Maresme,3,1,0,0,1,0,0,0,0,1,0,0,0,100.0,0.0,0,-1,No n'hi ha,-1.0,3,3,0,0,0,0,0,0,0,0,0,0,0,0,4,-1,-1,Resta sortides de via,-1,1,2,4,-1,2,0,1.07,2,1,6,10,3
18326,2019,1,2019-02-18,SE,GAVA,Baix Llobregat,3,0,1,0,2,1,0,0,1,0,0,0,0,40.0,1.0,0,2,No n'hi ha,-1.0,3,3,1,0,0,0,0,0,0,0,0,0,0,1,5,4,1,Atropellament,0,2,2,5,-1,2,1,6.15,0,3,0,18,2
18327,2019,0,2019-11-25,C-15,CAPELLADES,Anoia,3,1,0,0,1,0,0,0,0,0,1,0,0,80.0,0.0,0,0,No n'hi ha,-1.0,3,3,0,0,0,0,0,0,0,0,0,0,0,0,4,-1,1,Resta sortides de via,-1,1,2,4,2,2,1,8.3,0,1,0,25,11
18328,2019,1,2019-01-14,SE,BARCELONA,Barcelones,3,0,2,0,2,0,0,0,1,1,0,0,0,100.0,0.0,1,-1,Carril bici,-1.0,3,3,1,0,0,0,0,0,0,0,0,0,0,1,0,-1,0,Envestida (frontal lateral),2,2,2,5,-1,2,1,19.1,1,2,0,14,1
18329,2019,1,2019-12-26,C-245,VILADECANS,Baix Llobregat,3,0,1,0,2,1,0,0,0,1,0,0,0,100.0,0.0,0,2,No n'hi ha,-1.0,3,3,1,0,0,1,0,0,0,0,0,0,0,0,4,-1,1,Atropellament,-1,0,2,4,2,2,1,13.2,0,3,3,26,12
18330,2019,0,2019-06-18,C-16,GUARDIOLA DE BERGUEDA,Bergueda,3,0,2,0,1,0,0,0,0,1,0,0,0,90.0,0.0,0,-1,Sense Especificar,-1.0,3,3,1,0,0,0,0,0,0,0,0,0,0,0,4,-1,-1,Resta sortides de via,-1,1,2,4,4,2,1,13.03,0,1,1,18,6
18331,2019,0,2019-07-08,C-17,SEVA,Osona,3,1,1,0,1,0,0,0,0,1,0,0,0,80.0,0.0,0,1,No n'hi ha,-1.0,1,3,0,0,0,0,1,0,0,0,0,0,0,1,2,5,1,Resta sortides de via,3,1,2,4,2,2,1,17.4,1,1,0,8,7
18332,2019,1,2019-09-17,SE,REUS,Baix Camp,0,0,1,0,2,1,0,0,0,1,0,0,0,100.0,0.0,0,-1,No n'hi ha,-1.0,3,3,1,0,0,0,0,0,0,0,0,0,0,0,4,-1,-1,Atropellament,-1,2,2,5,-1,2,1,20.1,1,3,1,17,9
18333,2019,1,2019-04-27,SE,BARCELONA,Barcelones,3,0,1,1,2,0,0,0,1,1,0,0,0,30.0,0.0,1,-1,No n'hi ha,-1.0,3,3,1,0,0,0,0,0,0,0,0,0,0,1,4,-1,1,Envestida (frontal lateral),2,2,2,5,-1,2,0,12.4,0,2,5,27,4
18334,2019,1,2019-04-11,SE,GIRONA,Girones,1,0,1,0,2,1,0,0,0,1,0,0,0,100.0,0.0,0,2,No n'hi ha,-1.0,3,3,1,0,0,0,0,0,0,0,0,0,0,0,4,-1,1,Atropellament,-1,2,2,5,0,2,1,17.29,1,3,3,11,4
18335,2019,1,2019-03-21,C-352,GRANOLLERS,Valles Oriental,3,1,0,1,3,0,0,0,1,2,0,0,0,100.0,0.0,0,2,No n'hi ha,-1.0,3,3,0,0,0,0,0,0,0,0,0,0,0,1,5,3,1,Fregament o col·lisió lateral,0,0,2,4,0,2,1,5.5,2,2,3,21,3
18336,2019,0,2019-06-09,N-141C,MOIA,Moianès,3,0,1,0,2,0,0,0,1,1,0,0,0,90.0,0.0,0,-1,Sense Especificar,-1.0,3,3,1,0,0,0,0,0,0,0,0,0,0,0,4,-1,-1,Fregament o col·lisió lateral,-1,1,2,4,4,2,0,10.57,0,2,6,9,6
18337,2019,1,2019-01-22,SE,HOSTALETS DE PIEROLA,Anoia,3,0,1,0,1,0,0,0,1,0,0,0,0,100.0,0.0,0,2,No n'hi ha,-1.0,3,3,1,0,0,0,0,0,0,0,0,0,0,0,4,-1,1,Caiguda en la via,-1,2,0,5,-1,2,1,14.55,1,0,1,22,1
18338,2019,0,2019-05-12,C-12,ALDOVER,Baix Ebre,0,1,1,0,2,0,0,0,2,0,0,0,0,80.0,0.0,0,3,No n'hi ha,-1.0,3,3,0,0,0,0,0,0,0,0,0,0,0,0,4,-1,1,Encalç,-1,1,2,4,2,2,0,11.28,0,2,6,12,5
18339,2019,1,2019-11-29,SE,GRANOLLERS,Valles Oriental,3,0,1,0,1,0,0,0,0,1,0,0,0,100.0,0.0,0,2,No n'hi ha,-1.0,3,3,1,0,0,0,0,0,0,0,0,0,0,0,5,-1,0,Xoc contra objecte/obstacle sense sortida prèvia de via,-1,2,2,5,-1,2,0,22.43,2,4,4,29,11
18340,2019,1,2019-11-09,SE,"PRAT DE LLOBREGAT, E",Baix Llobregat,3,0,2,0,2,1,0,0,1,0,0,0,0,30.0,0.0,0,3,Carril central,-1.0,3,3,1,0,0,0,0,0,0,0,0,0,0,1,4,4,1,Atropellament,2,2,2,5,-1,2,0,8.59,0,3,5,9,11
18341,2019,0,2019-08-01,C-63,VIDRERES,Selva,1,0,1,1,2,0,0,0,1,1,0,0,0,90.0,0.0,0,-1,Sense Especificar,-1.0,3,3,1,0,0,0,0,0,0,0,0,0,0,0,4,-1,-1,Fregament o col·lisió lateral,-1,1,2,4,4,2,1,15.48,1,2,3,1,8
18342,2019,0,2019-02-20,T-204,MONTFERRI,Alt Camp,0,1,1,1,2,0,0,0,0,2,0,0,0,100.0,0.0,0,1,No n'hi ha,-1.0,3,3,0,0,0,0,0,0,0,0,0,0,0,0,1,-1,1,Col·lisió frontal,-1,1,2,4,3,2,1,18.3,1,2,2,20,2
18343,2019,1,2019-11-12,SE,VIC,Osona,3,0,4,0,2,0,0,0,0,2,0,0,0,100.0,0.0,0,2,No n'hi ha,-1.0,3,3,1,0,0,0,0,0,0,0,0,0,0,0,5,-1,1,Col·lisió frontal,-1,2,2,5,-1,2,1,18.25,1,2,1,12,11
18344,2019,0,2019-08-09,C-58,TERRASSA,Valles Occidental,3,0,1,2,1,0,0,0,0,1,0,0,0,100.0,0.0,0,0,No n'hi ha,-1.0,3,3,1,0,0,0,0,0,0,0,0,0,0,0,4,-1,0,Resta sortides de via,-1,1,2,4,2,2,1,6.52,0,1,4,9,8
18345,2019,1,2019-12-14,SE,CORNELLA DE LLOBREGAT,Baix Llobregat,3,0,1,0,1,0,0,0,1,0,0,0,0,100.0,0.0,0,2,No n'hi ha,-1.0,3,3,1,0,0,0,0,0,0,0,0,0,0,0,5,-1,1,Caiguda en la via,-1,2,2,5,0,0,0,3.15,2,0,5,14,12
18346,2019,0,2019-09-14,C-31,HOSPITALET DE LLOBREGAT,Barcelones,3,0,1,0,1,0,0,0,1,0,0,0,0,90.0,0.0,0,-1,Sense Especificar,-1.0,3,3,1,0,0,0,0,0,0,0,0,0,0,2,4,5,-1,Altres,3,1,2,4,4,2,0,3.04,2,5,5,14,9
18347,2019,0,2019-07-08,CR,ULLA,Baix Emporda,1,0,1,0,2,0,0,0,1,1,0,0,0,50.0,0.0,0,1,No n'hi ha,-1.0,3,3,1,0,0,0,0,0,0,0,0,0,0,0,4,-1,1,Col·lisió frontal,-1,1,2,3,0,2,1,18.27,1,2,0,8,7
18348,2019,0,2019-04-20,AP-7,AVINYONET DEL PENEDES,Alt Penedes,3,1,0,0,2,1,0,0,0,1,0,0,0,100.0,0.0,0,2,No n'hi ha,-1.0,1,3,0,0,0,0,0,0,0,0,0,0,0,0,0,-1,0,Atropellament,-1,1,2,4,1,1,0,21.19,1,3,5,20,4
18349,2019,1,2019-01-27,SE,MOLLERUSSA,Pla d'Urgell,2,0,1,1,2,0,0,1,0,1,0,0,0,100.0,0.0,0,2,No n'hi ha,-1.0,3,3,1,0,0,0,0,0,0,0,0,0,0,1,4,4,1,Envestida (frontal lateral),1,2,3,5,-1,0,0,10.15,0,2,6,27,1
18350,2019,1,2019-06-29,SE,BARCELONA,Barcelones,3,0,1,0,2,0,0,0,1,1,0,0,0,100.0,0.0,1,-1,No n'hi ha,-1.0,3,3,1,0,0,0,0,0,0,0,0,0,0,1,4,-1,0,Envestida (frontal lateral),2,2,2,5,-1,2,0,16.0,1,2,5,29,6
18351,2019,0,2019-09-19,TP-2311,"PLA DE SANTA MARIA, EL",Alt Camp,0,1,1,0,2,0,0,0,0,2,0,0,0,100.0,0.0,0,1,No n'hi ha,-1.0,3,3,0,0,0,0,0,0,0,0,0,0,0,2,4,4,1,Col·lisió frontal,1,1,2,4,2,2,1,13.15,0,2,3,19,9
18352,2019,0,2019-11-26,T-11,TARRAGONA,Tarragones,0,0,1,0,3,0,0,0,1,2,0,0,0,90.0,0.0,0,-1,Sense Especificar,-1.0,3,3,1,0,0,0,0,0,0,0,0,0,0,0,4,-1,-1,Encalç,-1,1,2,4,4,2,1,18.22,1,2,1,26,11
18353,2019,1,2019-05-30,SE,ALPICAT,Segria,2,0,1,0,1,0,0,0,1,0,0,0,0,20.0,0.0,0,-1,Sense Especificar,-1.0,3,3,1,0,0,0,0,0,0,0,0,0,0,1,4,4,-1,Altres,0,2,2,5,-1,2,1,17.41,1,5,3,30,5
18354,2019,1,2019-10-09,SE,HOSPITALET DE LLOBREGAT,Barcelones,3,0,1,0,1,0,0,1,0,0,0,0,0,20.0,0.0,0,-1,No n'hi ha,-1.0,1,3,1,0,0,0,0,0,0,0,0,0,0,0,4,-1,-1,Caiguda en la via,-1,2,0,5,-1,2,1,18.22,1,0,2,9,10
18355,2019,1,2019-08-01,SE,BARCELONA,Barcelones,3,0,1,0,2,0,0,0,1,1,0,0,0,100.0,0.0,1,-1,No n'hi ha,-1.0,3,3,1,0,0,0,0,0,0,0,0,0,0,0,4,-1,1,Encalç,-1,2,2,5,-1,2,1,19.14,1,2,3,1,8
18356,2019,0,2019-11-18,C-31,SANT ADRIA DE BESOS,Barcelones,3,0,1,0,2,0,0,0,1,1,0,0,0,80.0,0.0,0,2,No n'hi ha,-1.0,3,3,1,0,0,0,0,0,0,0,0,0,0,0,4,-1,0,Encalç,-1,1,2,4,2,2,1,13.33,0,2,0,18,11
18357,2019,1,2019-01-18,SE,MATARO,Maresme,3,0,2,0,2,0,0,0,1,1,0,0,0,20.0,0.0,0,-1,No n'hi ha,-1.0,3,3,1,-1,0,0,0,-1,0,0,0,0,0,1,5,4,-1,Envestida (frontal lateral),2,2,2,5,-1,2,0,21.45,1,2,4,18,1
18358,2019,1,2019-07-11,SE,CASTELLO D'EMPURIES,Alt Emporda,1,0,1,0,2,1,0,0,0,1,0,0,0,100.0,0.0,0,2,No n'hi ha,-1.0,3,3,1,0,0,0,0,0,0,0,0,0,0,0,4,-1,1,Atropellament,-1,2,0,5,0,2,1,16.3,1,3,3,11,7
18359,2019,1,2019-10-16,SE,VILANOVA I LA GELTRU,Garraf,3,0,1,0,5,0,0,0,1,4,0,0,0,100.0,1.0,0,-1,No n'hi ha,-1.0,3,3,1,0,0,0,0,0,0,0,0,0,0,0,4,-1,-1,Sortida de via amb xoc o col·lisió,-1,2,2,5,-1,2,1,22.45,2,1,2,16,10
18360,2019,1,2019-08-03,SE,MALGRAT DE MAR,Maresme,3,0,1,0,2,1,0,0,0,1,0,0,0,20.0,0.0,0,-1,No n'hi ha,-1.0,3,3,1,-1,0,0,0,-1,0,0,0,0,0,0,4,-1,0,Atropellament,-1,2,2,5,-1,2,0,18.16,1,3,5,3,8
18361,2019,0,2019-05-17,B-20,SANTA COLOMA DE GRAMANET,Barcelones,3,0,1,1,2,0,0,0,0,2,0,0,0,120.0,0.0,0,-1,No n'hi ha,-1.0,3,3,1,0,-1,0,0,0,0,0,0,0,0,0,4,-1,-1,Envestida (frontal lateral),-1,1,0,1,-1,2,1,8.2,0,2,4,17,5
18362,2019,1,2019-04-03,SE,MATARO,Maresme,3,0,1,0,1,0,1,0,0,0,0,0,0,20.0,0.0,0,-1,No n'hi ha,-1.0,3,3,1,0,-1,0,0,0,0,0,0,0,0,0,5,-1,-1,Caiguda en la via,-1,2,0,5,-1,2,1,6.2,0,0,2,3,4
18363,2019,1,2019-10-01,SE,LLICA D'AMUNT,Valles Oriental,3,0,1,1,1,0,0,0,0,1,0,0,0,20.0,0.0,0,-1,No n'hi ha,-1.0,3,3,1,0,-1,0,0,0,0,0,0,0,0,0,4,-1,-1,Sortida de via amb bolcada,-1,2,2,5,-1,2,1,15.37,1,1,1,1,10
18364,2019,0,2019-09-08,A-2,SILS,Selva,1,1,0,1,3,1,0,0,0,2,0,0,0,100.0,0.0,0,1,No n'hi ha,-1.0,3,3,0,0,0,0,0,0,0,0,0,0,0,0,3,-1,1,Atropellament,-1,1,2,4,1,2,0,5.06,2,3,6,8,9
18365,2019,1,2019-12-05,GI-664,CASSA DE LA SELVA,Girones,1,0,1,0,2,0,1,0,0,1,0,0,0,30.0,0.0,0,2,No n'hi ha,-1.0,1,3,1,0,0,0,0,0,0,0,0,0,0,0,4,-1,1,Envestida (frontal lateral),-1,0,2,4,-1,2,1,13.52,0,2,3,5,12
18366,2019,0,2019-03-16,N-IIa,CASTELLOLI,Anoia,3,0,1,0,2,0,0,0,1,1,0,0,0,100.0,0.0,0,1,No n'hi ha,-1.0,3,3,1,0,1,0,0,0,0,0,0,0,0,1,4,4,1,Envestida (frontal lateral),1,1,2,4,0,2,0,14.1,1,2,5,16,3
18367,2019,1,2019-03-23,SE,BARCELONA,Barcelones,3,0,1,2,1,0,0,0,0,1,0,0,0,100.0,0.0,1,-1,No n'hi ha,-1.0,3,3,1,0,0,0,0,0,0,0,0,0,0,1,4,-1,1,Xoc contra objecte/obstacle sense sortida prèvia de via,2,2,2,5,-1,2,0,15.3,1,4,5,23,3
18368,2019,0,2019-05-18,T-701,CORNUDELLA DE MONTSANT,Priorat,0,0,1,0,1,0,0,0,1,0,0,0,0,100.0,0.0,0,2,No n'hi ha,-1.0,3,3,1,0,0,0,0,0,0,0,0,0,0,0,4,-1,1,Resta sortides de via,-1,1,2,4,2,2,0,11.46,0,1,5,18,5
18369,2019,1,2019-05-13,SE,VIC,Osona,3,0,1,0,2,1,0,0,0,1,0,0,0,20.0,0.0,0,-1,No n'hi ha,-1.0,3,3,1,0,0,0,0,0,0,0,0,0,0,0,4,-1,-1,Atropellament,-1,2,2,5,-1,2,1,20.0,1,3,0,13,5
18370,2019,0,2019-04-15,N-340,"PERELLO, EL",Baix Ebre,0,1,0,3,2,0,0,0,0,2,0,0,0,100.0,0.0,0,1,Carril lent,-1.0,3,3,0,0,0,0,0,0,0,0,0,0,0,0,4,-1,1,Col·lisió frontal,-1,1,2,4,1,2,1,13.13,0,2,0,15,4
18371,2019,1,2019-07-27,SE,"VENDRELL, EL",Baix Penedes,0,0,1,0,2,0,1,0,0,1,0,0,0,40.0,0.0,0,2,No n'hi ha,-1.0,1,3,1,-1,0,0,0,-1,0,0,0,0,-1,1,2,2,1,Encalç,1,2,0,5,0,2,0,13.52,0,2,5,27,7
18372,2019,0,2019-03-27,BV-5159,VILANOVA DEL VALLES,Valles Oriental,3,0,1,0,3,0,0,0,1,2,0,0,0,70.0,0.0,0,2,No n'hi ha,-1.0,3,3,1,0,0,0,0,0,0,0,0,0,0,1,4,5,1,Col·lisió frontal,1,1,2,4,3,2,1,8.0,0,2,2,27,3
18373,2019,1,2019-01-09,SE,GIRONA,Girones,1,0,1,1,2,1,0,0,1,0,0,0,0,30.0,0.0,0,2,No n'hi ha,-1.0,3,3,1,0,0,0,0,0,0,0,0,0,0,0,1,-1,0,Atropellament,-1,2,1,5,-1,1,1,17.14,1,3,2,9,1
18374,2019,1,2019-03-04,SE,MONTCADA I REIXAC,Valles Occidental,3,0,1,0,2,0,0,0,1,1,0,0,0,20.0,0.0,0,-1,No n'hi ha,-1.0,3,3,1,-1,0,0,0,-1,0,0,0,0,-1,0,4,-1,1,Col·lisió frontal,-1,2,2,5,-1,2,1,14.05,1,2,0,4,3
18375,2019,0,2019-08-18,CR,ROQUETES,Baix Ebre,0,1,0,0,1,0,0,0,0,1,0,0,0,100.0,0.0,0,3,No n'hi ha,-1.0,3,3,0,0,0,0,0,0,0,0,0,0,0,0,4,-1,1,Resta sortides de via,-1,1,0,3,4,2,0,15.5,1,1,6,18,8
18376,2019,0,2019-07-30,C-13,VALLFOGONA DE BALAGUER,Noguera,2,0,1,0,1,0,0,0,0,1,0,0,0,90.0,0.0,0,-1,Sense Especificar,-1.0,3,3,1,0,0,0,0,0,0,0,0,0,0,0,4,-1,-1,Resta sortides de via,-1,1,2,4,4,2,1,9.34,0,1,1,30,7
18377,2019,1,2019-01-24,SE,GIRONA,Girones,1,0,1,0,2,0,0,0,1,1,0,0,0,100.0,0.0,0,2,No n'hi ha,-1.0,3,3,1,0,0,0,0,0,0,0,0,0,0,1,4,3,1,Envestida (frontal lateral),2,2,2,5,-1,2,1,9.43,0,2,3,24,1
18378,2019,1,2019-03-15,SE,TONA,Osona,3,0,1,1,3,0,0,1,0,2,0,0,0,100.0,0.0,0,-1,No n'hi ha,-1.0,3,3,1,0,0,0,0,0,0,0,0,0,0,0,4,-1,-1,Altres,-1,2,2,5,-1,2,0,17.17,1,5,4,15,3
18379,2019,1,2019-06-20,SE,SANT JUST DESVERN,Baix Llobregat,3,0,1,0,2,0,0,0,1,1,0,0,0,100.0,0.0,0,-1,No n'hi ha,-1.0,3,3,1,0,0,0,0,0,0,0,0,0,0,0,4,-1,-1,Altres,-1,2,2,5,-1,2,1,17.05,1,5,3,20,6
18380,2019,0,2019-12-18,BV-4347,OLVAN,Bergueda,3,0,1,1,2,0,0,0,0,2,0,0,0,100.0,0.0,0,3,No n'hi ha,-1.0,3,3,1,0,0,0,0,0,0,0,0,0,0,0,4,-1,1,Col·lisió frontal,-1,1,2,4,3,2,1,16.58,1,2,2,18,12
18381,2019,0,2019-01-28,C-63,VIDRERES,Selva,1,0,1,0,2,1,0,0,0,1,0,0,0,100.0,0.0,0,2,No n'hi ha,-1.0,1,3,1,0,0,0,0,0,0,0,0,0,0,0,2,-1,1,Atropellament,-1,1,2,4,2,2,1,15.45,1,3,0,28,1
18382,2019,1,2019-04-02,SE,CERDANYOLA DEL VALLES,Valles Occidental,3,0,1,4,2,0,0,0,1,1,0,0,0,100.0,0.0,0,2,No n'hi ha,-1.0,3,3,1,0,0,0,0,0,0,0,0,0,0,0,1,-1,1,Encalç,-1,2,2,5,-1,2,1,20.18,1,2,1,2,4
18383,2019,1,2019-11-16,SE,MANRESA,Bages,3,0,1,1,3,2,0,0,0,1,0,0,0,100.0,0.0,0,2,No n'hi ha,-1.0,3,3,1,0,0,0,0,0,0,0,0,0,0,0,4,-1,0,Atropellament,-1,2,2,5,-1,2,0,16.5,1,3,5,16,11
18384,2019,1,2019-01-23,SE,BARCELONA,Barcelones,3,0,1,0,2,1,1,0,0,0,0,0,0,100.0,1.0,1,-1,Carril bici,-1.0,3,3,1,0,0,0,0,0,0,0,0,0,0,0,4,-1,1,Atropellament,-1,2,2,5,-1,2,1,15.12,1,3,2,23,1
18385,2019,1,2019-07-05,SE,SANT FERRIOL,Garrotxa,1,0,1,0,1,0,1,0,0,0,0,0,0,20.0,0.0,0,-1,Sense Especificar,-1.0,3,3,1,0,0,0,0,0,0,0,0,0,0,0,4,-1,-1,Altres,-1,2,2,5,-1,2,0,19.28,1,5,4,5,7
18386,2019,1,2019-08-13,SE,BARCELONA,Barcelones,3,0,1,0,2,1,0,0,1,0,0,0,0,30.0,0.0,1,-1,No n'hi ha,-1.0,3,3,1,0,0,0,0,0,0,0,0,0,0,0,4,-1,0,Atropellament,-1,2,2,5,-1,2,1,19.0,1,3,1,13,8
18387,2019,0,2019-10-19,T-721,TARRAGONA,Tarragones,0,0,1,0,1,0,0,0,1,0,0,0,0,50.0,,0,2,No n'hi ha,-1.0,3,3,1,-1,0,0,0,-1,0,0,0,0,-1,0,4,-1,1,Caiguda en la via,-1,1,2,4,3,2,0,17.2,1,0,5,19,10
18388,2019,0,2019-01-11,LP-7041,"GRANJA D'ESCARP, LA",Segria,2,0,1,0,2,1,0,0,0,1,0,0,0,100.0,0.0,0,2,No n'hi ha,-1.0,3,3,1,0,0,0,0,0,0,0,0,0,0,0,4,-1,1,Atropellament,-1,1,2,4,3,2,1,10.45,0,3,4,11,1
18389,2019,0,2019-09-29,C-35,SANTA MARIA DE PALAU,Valles Oriental,3,0,2,0,2,0,0,0,1,1,0,0,0,60.0,0.0,0,1,No n'hi ha,-1.0,3,3,1,0,0,0,0,0,0,0,0,0,0,0,4,-1,1,Envestida (frontal lateral),-1,1,2,4,2,2,0,14.26,1,2,6,29,9