,Year,Area,Date,Road,Municipality Name,County Name,Province Name,Fatalties,Serious Injuries,Light Injuries,Units Involved,Pedestrains Involved,Bicycles Involved,Mopeds Involved,Motorcycles,Light Vehicles Involved,Heavy Vehicles Involved,Other Units Involved,Unspecified Units Involved,Road Speed Limit,Accident with Hit and Run,Fog Presence,Surrounding Environment,Special Lane Presence,Special Traffic Measures,Weather Conditions,Special Road Functions,Severity of Accident,Influence of Fog,Influence of Environment,Influence of Traffic,Influence of Weather,Influence of Wind Intensity,Influence of Lighting,Influence of Special Measures,Influence of Road Objects,Influence of Road Surface,Influence of Visibility,Intersection Characteristics,Lighting Conditions,Traffic Regulation and Priority,Direction of Road,Subtype of Accident,Subtype of Road Section,Subzone within Area,Road Surface Conditions,Type of Road,Road Ownership,Wind Conditions,Day of the Week Grouping,Hour of Day,Time of Day Grouping,Type of Accident,Day Type,Day,Month
18390,2019,1,2019-10-01,SE,SANT ANFREU DE LA BARCA,Baix Llobregat,3,0,1,0,2,1,0,0,0,1,0,0,0,30.0,0.0,0,3,No n'hi ha,-1.0,3,3,1,-1,0,0,0,-1,0,0,0,0,0,0,4,-1,1,Atropellament,-1,2,2,5,-1,2,1,16.47,1,3,1,1,10
18391,2019,1,2019-06-27,SE,SANT FELIU DE LLOBREGAT,Baix Llobregat,3,0,1,0,2,0,1,0,0,1,0,0,0,100.0,0.0,0,2,No n'hi ha,-1.0,3,3,1,0,0,0,0,0,0,0,0,0,0,1,4,5,1,Envestida (frontal lateral),0,2,2,5,-1,2,1,13.15,0,2,3,27,6
18392,2019,1,2019-11-28,SE,BARCELONA,Barcelones,3,1,0,0,1,0,0,0,1,0,0,0,0,60.0,0.0,1,-1,No n'hi ha,-1.0,3,3,0,0,0,0,0,0,0,0,0,0,0,0,0,-1,1,Xoc contra objecte/obstacle sense sortida prèvia de via,-1,2,2,5,-1,2,1,3.0,2,4,3,28,11
18393,2019,0,2019-02-10,GI-612,LLANCA,Alt Emporda,1,0,1,1,2,0,0,0,1,1,0,0,0,100.0,0.0,0,3,No n'hi ha,-1.0,3,3,1,0,0,0,0,0,0,0,0,0,0,1,4,5,1,Altres,2,1,2,4,2,2,0,13.25,0,5,6,10,2
18394,2019,1,2019-03-04,SE,MONTMELO,Valles Oriental,3,0,1,0,2,1,0,0,0,0,1,0,0,100.0,1.0,0,2,No n'hi ha,-1.0,3,3,1,0,0,0,0,0,0,0,0,0,0,0,4,-1,1,Atropellament,-1,2,2,5,-1,2,1,9.52,0,3,0,4,3
18395,2019,1,2019-01-03,SE,SANT JOAN DESPI,Baix Llobregat,3,0,1,0,2,0,0,0,1,1,0,0,0,100.0,0.0,0,2,No n'hi ha,-1.0,3,3,1,0,0,0,0,0,0,0,0,0,0,0,5,-1,1,Envestida (frontal lateral),-1,2,2,5,-1,2,1,18.05,1,2,3,3,1
18396,2019,1,2019-02-28,SE,BARCELONA,Barcelones,3,1,0,1,3,2,0,0,0,1,0,0,0,100.0,0.0,1,-1,No n'hi ha,-1.0,3,3,0,0,0,0,0,0,0,0,0,0,0,1,0,-1,0,Atropellament,2,2,2,5,-1,2,1,19.3,1,3,3,28,2
18397,2019,0,2019-04-13,C-31,HOSPITALET DE LLOBREGAT,Barcelones,3,0,1,1,2,0,0,0,1,1,0,0,0,80.0,0.0,0,2,No n'hi ha,-1.0,3,3,1,0,0,0,0,0,0,0,0,0,0,0,4,-1,0,Fregament o col·lisió lateral,-1,1,2,4,2,2,0,19.09,1,2,5,13,4
18398,2019,1,2019-08-14,SE,CALAFELL,Baix Penedes,0,0,1,0,2,0,0,0,1,1,0,0,0,20.0,0.0,0,-1,No n'hi ha,-1.0,3,3,1,-1,0,0,0,-1,0,0,0,0,-1,1,5,4,0,Fregament o col·lisió lateral,2,2,2,5,-1,2,1,22.1,2,2,2,14,8
18399,2019,1,2019-12-19,SE,SANT BOI DE LLOBREGAT,Baix Llobregat,3,0,1,0,2,0,0,0,1,1,0,0,0,100.0,0.0,0,2,No n'hi ha,-1.0,3,3,1,0,0,0,0,0,0,0,0,0,0,1,5,4,1,Envestida (frontal lateral),2,2,2,5,-1,2,1,18.15,1,2,3,19,12
18400,2019,1,2019-03-05,SE,REUS,Baix Camp,0,0,1,2,4,0,0,0,0,4,0,0,0,100.0,0.0,0,-1,No n'hi ha,-1.0,3,3,1,0,0,0,0,0,0,0,0,0,0,0,4,-1,-1,Envestida (frontal lateral),-1,2,2,5,-1,2,1,13.25,0,2,1,5,3
18401,2019,0,2019-08-20,AP-7,AMPOSTA,Montsia,0,1,0,9,2,0,0,0,0,1,1,0,0,100.0,0.0,0,2,No n'hi ha,-1.0,3,3,0,0,0,0,0,0,0,0,0,0,0,0,3,-1,1,Col·lisió frontal,-1,1,2,4,1,2,1,4.25,2,2,1,20,8
18402,2019,1,2019-09-27,BV-2162,PACS DEL PENEDES,Alt Penedes,3,0,1,0,2,0,0,0,1,1,0,0,0,50.0,0.0,0,2,No n'hi ha,-1.0,3,3,1,0,0,0,0,0,0,0,0,0,0,2,4,5,0,Col·lisió frontal,1,0,2,4,-1,2,1,14.3,1,2,4,27,9
18403,2019,0,2019-05-30,C-243C,CASTELLBISBAL,Valles Occidental,3,1,0,0,2,0,0,0,1,1,0,0,0,70.0,0.0,0,1,No n'hi ha,-1.0,3,3,0,0,0,0,0,0,0,0,0,0,0,1,0,4,1,Envestida (frontal lateral),2,1,2,4,2,2,1,21.15,1,2,3,30,5
18404,2019,1,2019-02-15,SE,"PRAT DE LLOBREGAT, E",Baix Llobregat,3,0,1,0,2,0,0,0,1,1,0,0,0,100.0,0.0,0,2,No n'hi ha,-1.0,3,3,1,0,0,0,0,0,0,0,0,0,0,2,4,4,1,Col·lisió frontal,0,2,2,5,-1,2,1,9.07,0,2,4,15,2
18405,2019,0,2019-08-02,L-511,COLL DE NARGO,Alt Urgell,2,0,1,0,1,0,0,0,1,0,0,0,0,100.0,0.0,0,1,No n'hi ha,-1.0,3,3,1,0,0,0,0,0,0,0,0,0,0,0,4,-1,1,Resta sortides de via,-1,1,2,4,2,2,1,12.17,0,1,4,2,8
18406,2019,0,2019-01-27,C-14,RIBERA D'URGELLET,Alt Urgell,2,0,2,1,3,0,0,0,0,3,0,0,0,100.0,0.0,0,1,No n'hi ha,-1.0,3,3,1,0,0,0,0,0,0,0,0,0,0,0,4,-1,1,Col·lisió frontal,-1,1,2,4,2,2,0,17.34,1,2,6,27,1
18407,2019,0,2019-05-18,C-12,LLEIDA,Segria,2,0,1,1,2,0,0,0,0,1,1,0,0,100.0,0.0,0,2,No n'hi ha,-1.0,3,3,1,0,0,0,0,0,0,0,0,0,0,0,4,-1,1,Fregament o col·lisió lateral,-1,1,2,4,2,2,0,15.32,1,2,5,18,5
18408,2019,0,2019-04-28,B-10,BARCELONA,Barcelones,3,0,1,0,1,0,0,0,1,0,0,0,0,60.0,0.0,1,-1,No n'hi ha,-1.0,3,3,1,0,0,0,0,0,0,0,0,0,0,0,0,-1,1,Xoc contra objecte/obstacle sense sortida prèvia de via,-1,1,2,1,-1,2,0,21.1,1,4,6,28,4
18409,2019,0,2019-08-23,BV-1468,MOLINS DE REI,Baix Llobregat,3,0,1,0,1,0,0,0,1,0,0,0,0,90.0,0.0,0,-1,Sense Especificar,-1.0,3,3,1,0,0,0,0,0,0,0,0,0,0,0,4,-1,-1,Resta sortides de via,-1,1,2,4,4,2,0,15.38,1,1,4,23,8
18410,2019,0,2019-08-03,N-II,MALGRAT DE MAR,Maresme,3,0,1,0,2,0,0,0,1,1,0,0,0,80.0,1.0,0,2,No n'hi ha,-1.0,3,3,1,0,0,0,0,0,0,0,0,0,0,0,0,-1,1,Col·lisió frontal,-1,1,2,4,1,2,0,6.15,0,2,5,3,8
18411,2019,1,2019-06-22,SE,BARCELONA,Barcelones,3,0,1,0,2,0,0,0,1,1,0,0,0,100.0,0.0,1,-1,No n'hi ha,-1.0,3,3,1,0,0,0,0,0,0,0,0,0,0,0,4,-1,0,Encalç,-1,2,2,5,-1,2,0,20.2,1,2,5,22,6
18412,2019,1,2019-06-25,SE,LLEIDA,Segria,2,0,1,0,3,0,0,1,0,2,0,0,0,20.0,0.0,0,-1,No n'hi ha,-1.0,3,3,1,-1,-1,0,0,-1,0,0,0,0,0,0,4,-1,-1,Encalç,-1,2,2,5,-1,2,1,16.5,1,2,1,25,6
18413,2019,1,2019-04-02,SE,TERRASSA,Valles Occidental,3,0,1,0,1,0,0,1,0,0,0,0,0,20.0,0.0,0,-1,No n'hi ha,-1.0,3,3,1,0,-1,0,0,0,0,0,0,0,0,0,4,-1,-1,Resta sortides de via,-1,2,2,5,-1,2,1,18.3,1,1,1,2,4
18414,2019,0,2019-09-23,N-II,TORDERA,Maresme,3,1,0,0,2,1,0,0,0,0,1,0,0,100.0,0.0,0,-1,No n'hi ha,-1.0,3,3,0,0,0,0,0,0,0,0,0,0,0,0,4,-1,-1,Atropellament,-1,1,2,4,-1,2,1,2.07,2,3,0,23,9
18415,2019,1,2019-03-17,SE,AITONA,Segria,2,0,1,0,1,0,0,0,0,0,0,1,0,20.0,0.0,0,-1,Sense Especificar,-1.0,3,3,1,0,0,0,0,0,0,0,0,0,0,0,4,-1,-1,Resta sortides de via,-1,2,2,5,-1,2,0,15.02,1,1,6,17,3
18416,2019,0,2019-12-23,B-23,"PAPIOL, EL",Baix Llobregat,3,0,1,0,2,0,0,0,1,1,0,0,0,100.0,0.0,0,2,No n'hi ha,-1.0,3,3,1,0,0,0,0,0,0,0,0,0,0,0,5,-1,0,Encalç,-1,1,2,4,1,2,1,19.1,1,2,0,23,12
18417,2019,1,2019-01-04,SE,BARCELONA,Barcelones,3,0,1,0,2,1,0,0,0,1,0,0,0,100.0,0.0,1,-1,No n'hi ha,-1.0,3,3,1,0,0,0,0,0,0,0,0,0,0,1,4,-1,0,Atropellament,2,2,2,5,-1,2,0,17.4,1,3,4,4,1
18418,2019,1,2019-04-24,SE,LLEIDA,Segria,2,0,1,0,2,0,0,0,1,1,0,0,0,100.0,0.0,0,2,No n'hi ha,-1.0,3,3,1,0,0,0,0,0,0,0,0,0,0,0,5,-1,1,Envestida (frontal lateral),-1,2,2,5,-1,2,1,3.1,2,2,2,24,4
18419,2019,1,2019-08-09,SE,VALLS,Alt Camp,0,0,1,0,2,1,0,0,0,1,0,0,0,100.0,0.0,0,3,No n'hi ha,-1.0,3,3,1,0,0,0,0,0,0,0,0,0,0,0,4,-1,1,Atropellament,-1,2,2,5,0,2,1,12.09,0,3,4,9,8
18420,2019,0,2019-02-07,C-352,FRANQUESES DEL VALLE,Valles Oriental,3,0,1,1,3,0,0,0,1,2,0,0,0,80.0,0.0,0,3,No n'hi ha,-1.0,3,3,1,0,0,0,0,0,0,0,0,0,0,0,4,-1,1,Encalç,-1,1,2,4,2,2,1,16.52,1,2,3,7,2
18421,2019,0,2019-06-23,AP-7,CAPMANY,Alt Emporda,1,1,0,0,1,0,0,0,0,0,1,0,0,100.0,0.0,0,2,No n'hi ha,-1.0,3,3,0,0,0,0,0,0,0,0,0,0,0,0,4,-1,0,Resta sortides de via,-1,1,2,4,4,2,0,19.04,1,1,6,23,6
18422,2019,1,2019-11-26,SE,SANT QUIRZE DEL VALLES,Valles Occidental,3,0,1,0,3,0,1,0,0,0,2,0,0,20.0,0.0,0,-1,No n'hi ha,-1.0,3,3,1,-1,0,0,0,-1,0,0,0,0,0,0,4,-1,1,Xoc contra objecte/obstacle sense sortida prèvia de via,-1,2,2,5,-1,2,1,10.47,0,4,1,26,11
18423,2019,1,2019-12-10,SE,TARRAGONA,Tarragones,0,0,1,0,1,0,0,1,0,0,0,0,0,100.0,0.0,0,2,No n'hi ha,-1.0,3,3,1,0,0,0,0,0,0,0,0,0,0,2,0,5,1,Resta sortides de via,0,2,2,5,-1,2,1,20.15,1,1,1,10,12
18424,2019,0,2019-05-12,T-11,REUS,Baix Camp,0,0,1,0,2,0,0,0,1,1,0,0,0,90.0,0.0,0,-1,Sense Especificar,-1.0,3,3,1,0,0,0,0,0,0,0,0,0,0,0,4,-1,-1,Encalç,-1,1,2,4,4,2,0,9.24,0,2,6,12,5
18425,2019,1,2019-10-13,SE,BARCELONA,Barcelones,3,0,1,0,2,0,1,0,0,1,0,0,0,100.0,1.0,1,-1,No n'hi ha,-1.0,3,3,1,0,0,0,0,0,0,0,0,0,0,0,0,-1,1,Encalç,-1,2,2,5,-1,2,0,22.2,2,2,6,13,10
18426,2019,0,2019-05-15,A-2,JORBA,Anoia,3,0,1,3,5,0,0,0,0,1,4,0,0,80.0,0.0,0,2,No n'hi ha,0.0,3,3,1,0,0,0,0,0,0,0,0,0,0,0,4,-1,1,Envestida (frontal lateral),-1,1,2,4,2,2,1,11.27,0,2,2,15,5
18427,2019,1,2019-12-22,SE,LLEIDA,Segria,2,0,2,0,2,0,0,0,0,2,0,0,0,100.0,0.0,0,2,No n'hi ha,-1.0,2,3,1,0,0,0,0,0,0,0,0,0,0,0,5,-1,1,Envestida (frontal lateral),-1,2,2,5,-1,2,0,5.15,2,2,6,22,12
18428,2019,0,2019-06-11,C-55,OLESA DE MONTSERRAT,Baix Llobregat,3,0,2,1,2,0,0,0,0,2,0,0,0,90.0,0.0,0,2,No n'hi ha,-1.0,1,3,1,0,0,0,0,0,0,0,0,0,0,0,1,-1,1,Col·lisió frontal,-1,1,2,4,2,2,1,21.42,1,2,1,11,6
18429,2019,0,2019-01-13,T-244,AIGUAMURCIA,Alt Camp,0,1,0,0,1,0,0,0,1,0,0,0,0,100.0,0.0,0,2,No n'hi ha,-1.0,3,3,0,0,0,0,0,0,0,0,0,0,0,0,4,-1,1,Resta sortides de via,-1,1,2,4,3,2,0,11.06,0,1,6,13,1
18430,2019,1,2019-04-01,SE,BARBERA DEL VALLES,Valles Occidental,3,0,1,0,2,0,0,0,1,1,0,0,0,20.0,0.0,0,-1,No n'hi ha,-1.0,3,3,1,0,-1,0,0,0,0,0,0,0,0,0,1,-1,-1,Caiguda en la via,-1,2,2,5,-1,2,1,18.2,1,0,0,1,4
18431,2019,1,2019-11-22,SE,BARCELONA,Barcelones,3,0,1,0,2,1,0,0,0,0,0,1,0,30.0,0.0,1,-1,No n'hi ha,-1.0,1,3,1,0,0,0,0,0,0,0,0,0,0,0,4,-1,0,Atropellament,-1,2,0,5,-1,2,1,11.2,0,3,4,22,11
18432,2019,1,2019-12-13,SE,TARRAGONA,Tarragones,0,0,1,0,2,0,0,0,1,1,0,0,0,50.0,0.0,0,2,No n'hi ha,-1.0,3,3,1,0,0,0,0,0,0,0,0,0,0,0,4,-1,1,Fregament o col·lisió lateral,-1,2,2,5,-1,1,1,14.1,1,2,4,13,12
18433,2019,1,2019-06-08,SE,BARCELONA,Barcelones,3,0,1,0,2,0,0,0,1,1,0,0,0,30.0,0.0,1,-1,No n'hi ha,-1.0,3,3,1,0,0,0,0,0,0,0,0,0,0,1,4,-1,0,Envestida (frontal lateral),2,2,2,5,-1,2,0,10.2,0,2,5,8,6
18434,2019,0,2019-08-31,C-25,SANT SADURNI D'OSORM,Osona,3,0,1,1,1,0,0,0,0,1,0,0,0,90.0,0.0,0,-1,Sense Especificar,-1.0,3,3,1,0,0,0,0,0,0,0,0,0,0,0,4,-1,-1,Resta sortides de via,-1,1,2,4,4,2,0,16.11,1,1,5,31,8
18435,2019,1,2019-08-03,SE,MATARO,Maresme,3,0,1,0,2,0,0,1,0,1,0,0,0,20.0,0.0,0,-1,No n'hi ha,-1.0,3,3,1,-1,0,0,0,-1,0,0,0,0,0,1,1,4,0,Envestida (frontal lateral),2,2,2,5,-1,2,0,21.25,1,2,5,3,8
18436,2019,1,2019-07-30,SE,BARCELONA,Barcelones,3,0,1,0,1,0,1,0,0,0,0,0,0,100.0,0.0,1,-1,No n'hi ha,-1.0,3,3,1,0,0,0,0,0,0,0,0,0,0,0,4,-1,1,Caiguda en la via,-1,2,1,5,-1,2,1,11.22,0,0,1,30,7
18437,2019,1,2019-12-22,SE,MATARO,Maresme,3,0,1,0,1,0,0,0,0,1,0,0,0,20.0,0.0,0,-1,No n'hi ha,-1.0,3,3,1,0,0,0,0,0,0,0,0,0,0,0,5,-1,-1,Sortida de via amb bolcada,-1,2,2,5,-1,2,0,5.31,2,1,6,22,12
18438,2019,1,2019-04-26,SE,BARCELONA,Barcelones,3,0,2,0,3,0,0,0,1,2,0,0,0,100.0,0.0,1,-1,Carril bus,-1.0,3,3,1,0,0,0,0,0,0,0,0,0,0,0,0,-1,0,Fregament o col·lisió lateral,-1,2,2,5,-1,2,0,23.53,2,2,4,26,4
18439,2019,0,2019-12-25,C-59,CALDES DE MONTBUI,Valles Oriental,3,0,1,0,1,0,0,0,1,0,0,0,0,90.0,0.0,0,-1,Sense Especificar,-1.0,3,3,1,0,0,0,0,0,0,0,0,0,0,0,4,-1,-1,Resta sortides de via,-1,1,2,4,4,2,1,10.35,0,1,2,25,12
18440,2019,0,2019-07-13,C-59,CALDES DE MONTBUI,Valles Oriental,3,0,1,1,2,0,0,0,0,2,0,0,0,60.0,0.0,0,2,No n'hi ha,-1.0,3,3,1,0,0,0,0,0,0,0,0,0,0,0,4,-1,1,Col·lisió frontal,-1,1,2,4,3,2,0,12.51,0,2,5,13,7
18441,2019,1,2019-09-26,SE,BARCELONA,Barcelones,3,0,1,0,2,0,0,0,1,1,0,0,0,100.0,0.0,1,-1,No n'hi ha,-1.0,3,3,1,0,0,0,0,0,0,0,0,0,0,0,4,-1,0,Fregament o col·lisió lateral,-1,2,2,5,-1,2,1,14.1,1,2,3,26,9
18442,2019,0,2019-08-13,TV-2041,RODA DE BARA,Tarragones,0,0,3,0,2,0,0,0,0,2,0,0,0,100.0,0.0,0,0,No n'hi ha,-1.0,3,3,1,0,0,0,0,0,0,0,0,0,0,0,4,-1,1,Col·lisió frontal,-1,1,2,4,3,2,1,17.02,1,2,1,13,8
18443,2019,0,2019-03-10,C-32,ARENYS DE MAR,Maresme,3,0,1,0,1,0,0,0,1,0,0,0,0,40.0,0.0,0,3,Altres,-1.0,3,3,1,0,0,0,0,0,0,0,0,0,0,0,5,-1,1,Resta sortides de via,-1,1,2,4,2,2,0,0.15,2,1,6,10,3
18444,2019,0,2019-12-18,C-14,"RIBA, LA",Alt Camp,0,0,4,0,2,0,0,0,0,2,0,0,0,90.0,0.0,0,1,No n'hi ha,-1.0,3,3,1,0,0,0,0,0,0,0,0,0,0,0,2,-1,1,Col·lisió frontal,-1,1,2,4,2,2,1,16.06,1,2,2,18,12
18445,2019,0,2019-11-02,B-120,VILADECAVALLS,Valles Occidental,3,0,1,0,2,0,0,0,1,1,0,0,0,100.0,0.0,0,1,No n'hi ha,-1.0,3,3,1,0,0,0,0,0,1,0,0,0,0,1,4,5,1,Altres,1,1,2,4,2,2,0,15.31,1,5,5,2,11
18446,2019,1,2019-04-11,SE,ROSES,Alt Emporda,1,0,1,0,2,0,0,0,1,1,0,0,0,20.0,0.0,0,-1,No n'hi ha,-1.0,3,3,1,-1,0,0,0,-1,0,0,0,0,0,1,4,4,0,Envestida (frontal lateral),2,2,2,5,-1,2,1,14.1,1,2,3,11,4
18447,2019,0,2019-04-01,GI-555,MASSANES,Selva,1,0,1,0,2,0,0,0,1,0,1,0,0,60.0,0.0,0,1,No n'hi ha,-1.0,3,3,1,0,0,0,0,0,0,0,0,0,0,0,4,-1,1,Fregament o col·lisió lateral,-1,1,2,4,3,2,1,14.12,1,2,0,1,4
18448,2019,1,2019-09-25,C-245,VILADECANS,Baix Llobregat,3,0,1,0,2,0,0,0,1,1,0,0,0,100.0,0.0,0,-1,No n'hi ha,-1.0,3,3,1,0,0,0,0,0,0,0,0,0,0,1,4,4,1,Envestida (frontal lateral),1,0,2,4,-1,2,1,14.55,1,2,2,25,9
18449,2019,0,2019-12-09,C-31,"VENDRELL, EL",Baix Penedes,0,0,1,0,2,1,0,0,0,1,0,0,0,60.0,0.0,0,2,No n'hi ha,-1.0,3,3,1,0,0,0,0,0,0,0,0,0,0,0,5,-1,1,Atropellament,-1,1,2,4,2,2,1,19.44,1,3,0,9,12
18450,2019,0,2019-11-03,C-55,SANT VICENC DE CASTELLERS,Bages,3,0,1,0,2,0,1,0,0,1,0,0,0,80.0,0.0,0,3,No n'hi ha,-1.0,3,3,1,0,0,0,0,0,0,0,0,1,0,0,4,-1,1,Caiguda en la via,-1,1,2,4,2,2,0,8.09,0,0,6,3,11
18451,2019,0,2019-07-06,C-31,GUALTA,Baix Emporda,1,0,1,0,1,0,0,0,1,0,0,0,0,90.0,0.0,0,-1,Sense Especificar,-1.0,3,3,1,0,0,0,0,0,0,0,0,0,0,0,4,-1,-1,Xoc amb animal a la calçada,-1,1,2,4,4,2,0,4.4,2,4,5,6,7
18452,2019,1,2019-09-07,SE,GAVA,Baix Llobregat,3,0,1,0,2,1,0,0,0,1,0,0,0,100.0,0.0,0,2,No n'hi ha,-1.0,3,3,1,0,0,0,0,0,0,0,0,0,0,2,4,4,0,Atropellament,1,2,2,5,-1,2,0,10.02,0,3,5,7,9
18453,2019,1,2019-06-21,SE,MONTCADA I REIXAC,Valles Occidental,3,0,1,0,2,0,0,0,1,1,0,0,0,20.0,0.0,0,-1,No n'hi ha,-1.0,3,3,1,-1,0,0,0,-1,0,0,0,0,0,1,4,4,-1,Fregament o col·lisió lateral,2,2,2,5,-1,2,1,12.5,0,2,4,21,6
18454,2019,1,2019-05-03,SE,ALMENAR,Segria,2,0,1,0,1,0,0,1,0,0,0,0,0,20.0,0.0,0,-1,Sense Especificar,-1.0,3,3,1,0,0,0,0,0,0,0,0,0,0,0,4,-1,-1,Resta sortides de via,-1,2,2,5,-1,2,1,11.49,0,1,4,3,5
18455,2019,0,2019-11-28,SE,"GARRIGA, LA",Valles Oriental,3,0,1,0,1,0,1,0,0,0,0,0,0,30.0,,0,2,No n'hi ha,-1.0,3,3,1,-1,0,0,0,-1,0,0,1,0,0,0,4,-1,1,Caiguda en la via,-1,1,2,0,4,2,1,7.45,0,0,3,28,11
18456,2019,1,2019-07-17,SE,BARCELONA,Barcelones,3,0,1,0,2,1,0,0,0,1,0,0,0,100.0,0.0,1,-1,Carril bus,-1.0,3,3,1,0,0,0,0,0,0,0,0,0,0,0,4,-1,0,Atropellament,-1,2,2,5,-1,2,1,18.03,1,3,2,17,7
18457,2019,1,2019-08-08,SE,SANTA COLOMA DE GRAMANET,Barcelones,3,0,1,0,2,0,0,0,1,1,0,0,0,20.0,0.0,0,-1,No n'hi ha,-1.0,3,3,1,-1,0,0,0,-1,0,0,0,0,0,1,4,4,0,Envestida (frontal lateral),2,2,2,5,-1,2,1,6.35,0,2,3,8,8
18458,2019,1,2019-09-13,SE,VILANOVA I LA GELTRU,Garraf,3,0,1,0,2,1,0,1,0,0,0,0,0,100.0,0.0,0,-1,No n'hi ha,-1.0,3,3,1,0,0,0,0,0,0,0,0,0,0,0,4,-1,-1,Atropellament,-1,2,2,5,-1,2,0,18.2,1,3,4,13,9
18459,2019,0,2019-03-21,GI-614,ROSES,Alt Emporda,1,0,1,1,2,0,1,0,1,0,0,0,0,100.0,0.0,0,3,No n'hi ha,-1.0,3,3,1,0,0,0,0,0,1,0,0,0,0,0,4,-1,1,Col·lisió frontal,-1,1,2,4,3,2,1,8.0,0,2,3,21,3
18460,2019,1,2019-09-28,SE,BARCELONA,Barcelones,3,0,1,0,2,1,0,0,0,1,0,0,0,100.0,0.0,1,-1,Carril bus,-1.0,3,3,1,0,0,0,0,0,0,0,0,0,0,0,4,-1,0,Atropellament,-1,2,2,5,-1,2,0,12.3,0,3,5,28,9
18461,2019,0,2019-12-07,N-260,RIPOLL,Ripolles,1,0,1,0,1,0,0,0,0,1,0,0,0,90.0,0.0,0,-1,Sense Especificar,-1.0,3,3,1,0,0,0,0,0,0,0,0,0,0,0,4,-1,-1,Resta sortides de via,-1,1,2,4,4,2,0,12.43,0,1,5,7,12
18462,2019,1,2019-04-27,SE,GRANOLLERS,Valles Oriental,3,0,1,0,2,1,0,0,0,1,0,0,0,100.0,0.0,0,2,No n'hi ha,-1.0,3,3,1,0,0,0,0,0,0,0,0,0,0,0,4,-1,1,Atropellament,-1,2,2,5,-1,2,0,14.35,1,3,5,27,4
18463,2019,1,2019-05-09,SE,GIRONA,Girones,1,0,1,0,2,0,1,0,0,1,0,0,0,100.0,0.0,0,2,No n'hi ha,-1.0,3,3,1,0,0,0,0,0,0,0,0,0,0,1,4,2,1,Envestida (frontal lateral),2,2,2,5,-1,2,1,17.52,1,2,3,9,5
18464,2019,1,2019-03-10,SE,LLEIDA,Segria,2,0,1,0,1,0,0,0,0,1,0,0,0,40.0,0.0,0,2,No n'hi ha,-1.0,3,3,1,0,0,0,0,0,0,0,0,0,0,0,0,-1,1,Xoc contra objecte/obstacle sense sortida prèvia de via,-1,2,2,5,0,2,0,20.3,1,4,6,10,3
18465,2019,0,2019-05-30,TV-3541,XERTA,Baix Ebre,0,0,2,0,1,0,0,0,0,0,0,1,0,100.0,0.0,0,0,No n'hi ha,-1.0,3,3,1,0,0,0,0,0,0,0,0,0,0,0,4,-1,1,Resta sortides de via,-1,1,2,3,0,2,1,14.0,1,1,3,30,5
18466,2019,1,2019-02-15,SE,IGUALADA,Anoia,3,1,0,0,2,1,0,0,0,1,0,0,0,50.0,0.0,0,2,No n'hi ha,-1.0,3,3,0,-1,0,0,0,-1,0,0,0,0,0,1,4,4,0,Atropellament,2,2,2,5,-1,2,1,13.35,0,3,4,15,2
18467,2019,0,2019-08-19,A-2,BELL-LLOC D'URGELL,Pla d'Urgell,2,1,2,0,1,0,0,0,0,1,0,0,0,100.0,0.0,0,1,No n'hi ha,-1.0,3,3,0,0,0,0,0,0,0,0,0,0,0,0,4,-1,0,Resta sortides de via,-1,1,2,4,1,2,1,14.01,1,1,0,19,8
18468,2019,1,2019-10-17,SE,BARCELONA,Barcelones,3,0,1,0,2,0,0,0,1,1,0,0,0,100.0,0.0,1,-1,No n'hi ha,-1.0,3,3,1,0,0,0,0,0,0,0,0,0,0,1,4,-1,1,Envestida (frontal lateral),1,2,2,5,-1,1,1,10.26,0,2,3,17,10
18469,2019,0,2019-12-11,N-152z,"GARRIGA, LA",Valles Oriental,3,0,1,0,1,0,0,0,0,1,0,0,0,100.0,0.0,0,3,No n'hi ha,-1.0,3,3,1,0,0,0,0,0,0,0,0,0,0,0,4,-1,0,Resta sortides de via,-1,1,2,4,1,2,1,10.35,0,1,2,11,12
18470,2019,1,2019-03-24,SE,SANT ANDREU DE LLAVANERES,Maresme,3,0,1,0,2,0,1,0,0,1,0,0,0,20.0,0.0,0,-1,No n'hi ha,-1.0,3,3,1,-1,-1,0,0,-1,0,0,0,0,0,1,4,4,0,Fregament o col·lisió lateral,2,2,2,5,0,2,0,10.37,0,2,6,24,3
18471,2019,0,2019-05-03,C-55,SANT MATEU DE BAGES,Bages,3,0,3,0,3,0,0,0,0,3,0,0,0,100.0,0.0,0,1,Carril lent,-1.0,2,3,1,0,0,0,0,0,0,0,0,0,0,0,2,-1,1,Envestida (frontal lateral),-1,1,2,4,2,2,0,16.42,1,2,4,3,5
18472,2019,1,2019-07-26,SE,HOSPITALET DE LLOBREGAT,Barcelones,3,0,1,0,2,0,0,0,1,1,0,0,0,20.0,0.0,0,-1,No n'hi ha,-1.0,3,3,1,-1,-1,0,0,-1,0,0,0,0,0,1,4,3,-1,Fregament o col·lisió lateral,2,2,2,5,-1,2,0,19.0,1,2,4,26,7