,Year,Area,Date,Road,Municipality Name,County Name,Province Name,Fatalties,Serious Injuries,Light Injuries,Units Involved,Pedestrains Involved,Bicycles Involved,Mopeds Involved,Motorcycles,Light Vehicles Involved,Heavy Vehicles Involved,Other Units Involved,Unspecified Units Involved,Road Speed Limit,Accident with Hit and Run,Fog Presence,Surrounding Environment,Special Lane Presence,Special Traffic Measures,Weather Conditions,Special Road Functions,Severity of Accident,Influence of Fog,Influence of Environment,Influence of Traffic,Influence of Weather,Influence of Wind Intensity,Influence of Lighting,Influence of Special Measures,Influence of Road Objects,Influence of Road Surface,Influence of Visibility,Intersection Characteristics,Lighting Conditions,Traffic Regulation and Priority,Direction of Road,Subtype of Accident,Subtype of Road Section,Subzone within Area,Road Surface Conditions,Type of Road,Road Ownership,Wind Conditions,Day of the Week Grouping,Hour of Day,Time of Day Grouping,Type of Accident,Day Type,Day,Month
18473,2019,1,2019-08-17,SE,BARCELONA,Barcelones,3,0,1,0,1,0,0,0,1,0,0,0,0,80.0,0.0,1,-1,No n'hi ha,-1.0,3,3,1,0,0,0,0,0,0,0,0,0,0,0,4,-1,0,Caiguda en la via,-1,2,2,5,-1,2,0,7.3,0,0,5,17,8
18474,2019,0,2019-01-03,BV-1462,SANT CUGAT DEL VALLES,Valles Occidental,3,0,1,0,2,0,0,0,1,1,0,0,0,20.0,0.0,0,2,No n'hi ha,-1.0,3,3,1,0,0,0,0,0,0,0,0,0,0,0,1,-1,1,Col·lisió frontal,-1,1,2,4,3,2,1,7.55,0,2,3,3,1
18475,2019,0,2019-09-28,AL,CASTELL-PLATJA D'ARO,Baix Emporda,1,1,0,0,1,0,0,0,0,1,0,0,0,100.0,0.0,0,2,No n'hi ha,-1.0,3,3,0,0,0,0,0,0,0,0,0,0,0,0,5,-1,1,Xoc contra objecte/obstacle sense sortida prèvia de via,-1,1,2,4,3,2,0,21.12,1,4,5,28,9
18476,2019,1,2019-06-11,BV-5224,TORELLO,Osona,3,0,1,0,2,1,0,0,0,1,0,0,0,100.0,0.0,0,2,No n'hi ha,-1.0,1,3,1,0,0,0,0,0,0,0,0,0,0,0,4,-1,1,Atropellament,-1,0,2,4,-1,2,1,16.5,1,3,1,11,6
18477,2019,0,2019-04-03,C-35,"ROCA DEL VALLES, LA",Valles Oriental,3,0,1,0,2,0,0,0,0,1,1,0,0,90.0,0.0,0,2,No n'hi ha,-1.0,1,3,1,0,0,0,0,0,0,0,0,0,0,0,2,-1,1,Fregament o col·lisió lateral,-1,1,2,4,2,2,1,7.55,0,2,2,3,4
18478,2019,1,2019-12-28,SE,BERGA,Bergueda,3,0,1,0,2,1,0,0,0,1,0,0,0,20.0,0.0,0,-1,No n'hi ha,-1.0,3,3,1,-1,0,0,0,-1,0,0,0,0,0,1,5,4,1,Atropellament,2,2,2,5,-1,2,0,18.5,1,3,5,28,12
18479,2019,0,2019-11-24,CR,LLEIDA,Segria,2,0,2,1,2,0,0,0,0,2,0,0,0,30.0,0.0,0,1,No n'hi ha,-1.0,3,3,1,0,0,0,0,0,0,0,0,0,0,0,4,-1,1,Col·lisió frontal,-1,1,2,3,0,2,0,11.06,0,2,6,24,11
18480,2019,1,2019-08-29,SE,MOLLET DEL VALLES,Valles Oriental,3,0,2,0,3,2,0,0,0,1,0,0,0,50.0,0.0,0,2,No n'hi ha,-1.0,3,3,1,0,0,0,0,0,0,0,0,0,0,2,5,4,0,Atropellament,1,2,2,5,-1,2,1,20.0,1,3,3,29,8
18481,2019,1,2019-07-06,SE,BARCELONA,Barcelones,3,0,1,1,2,0,0,0,1,1,0,0,0,100.0,0.0,1,-1,No n'hi ha,-1.0,3,3,1,0,0,0,0,0,0,0,0,0,0,1,4,-1,0,Fregament o col·lisió lateral,2,2,2,5,-1,2,0,12.25,0,2,5,6,7
18482,2019,1,2019-11-15,SE,SANTA COLOMA DE GRAMANET,Barcelones,3,0,1,0,2,1,0,0,1,0,0,0,0,20.0,1.0,0,-1,No n'hi ha,-1.0,3,3,1,0,0,0,0,0,0,0,0,0,0,1,4,3,-1,Atropellament,1,2,2,5,-1,2,0,15.18,1,3,4,15,11
18483,2019,1,2019-03-10,B-522,VIC,Osona,3,0,1,1,2,0,0,0,1,1,0,0,0,100.0,0.0,0,2,No n'hi ha,-1.0,3,3,1,0,0,0,0,0,0,0,0,0,0,1,4,4,1,Altres,0,0,2,4,0,2,0,6.45,0,5,6,10,3
18484,2019,1,2019-11-11,SE,BARCELONA,Barcelones,3,0,1,0,3,0,0,0,1,1,1,0,0,100.0,0.0,1,-1,No n'hi ha,-1.0,3,3,1,0,0,0,0,0,0,0,0,0,0,0,4,-1,0,Fregament o col·lisió lateral,-1,2,2,5,-1,2,1,7.4,0,2,0,11,11
18485,2019,1,2019-01-17,SE,TARRAGONA,Tarragones,0,0,1,0,2,1,0,0,0,1,0,0,0,100.0,0.0,0,2,No n'hi ha,-1.0,3,3,1,0,1,0,0,0,0,0,0,0,0,1,4,5,0,Atropellament,1,2,2,5,-1,2,1,11.23,0,3,3,17,1
18486,2019,0,2019-07-07,B-124,SANT LLORENC SAVALL,Valles Occidental,3,0,1,0,2,0,0,0,1,0,1,0,0,100.0,0.0,0,1,No n'hi ha,-1.0,1,3,1,0,0,0,0,0,0,0,0,0,0,0,2,-1,1,Col·lisió frontal,-1,1,2,4,2,2,0,19.1,1,2,6,7,7
18487,2019,0,2019-10-21,C-31E,MATARO,Maresme,3,0,1,1,2,0,0,0,0,2,0,0,0,60.0,0.0,0,2,No n'hi ha,-1.0,3,3,1,0,0,0,0,0,0,0,0,0,0,0,0,-1,1,Col·lisió frontal,-1,1,2,4,2,2,1,23.22,2,2,0,21,10
18488,2019,1,2019-01-19,SE,TERRASSA,Valles Occidental,3,0,1,0,2,0,0,0,1,1,0,0,0,100.0,0.0,0,2,No n'hi ha,-1.0,3,3,1,0,0,0,0,0,0,0,0,0,0,1,4,4,0,Envestida (frontal lateral),2,2,2,5,-1,2,0,14.25,1,2,5,19,1
18489,2019,0,2019-10-12,BV-1123,MARGANELL,Bages,3,0,1,0,1,0,0,0,0,1,0,0,0,50.0,0.0,0,2,No n'hi ha,-1.0,3,3,1,0,0,0,0,0,0,0,0,0,0,0,4,-1,1,Resta sortides de via,-1,1,2,4,3,2,0,19.14,1,1,5,12,10
18490,2019,1,2019-04-29,SE,CASTELLDEFELS,Baix Llobregat,3,0,1,0,1,0,0,0,1,0,0,0,0,100.0,0.0,0,2,No n'hi ha,-1.0,3,3,1,0,0,0,0,0,0,0,0,0,0,2,4,4,1,Caiguda en la via,1,2,2,5,-1,2,1,16.56,1,0,0,29,4
18491,2019,1,2019-11-11,SE,LLEIDA,Segria,2,1,0,0,2,1,0,0,0,1,0,0,0,20.0,0.0,0,2,No n'hi ha,-1.0,3,3,0,-1,0,0,0,-1,0,0,0,0,-1,1,5,2,1,Atropellament,0,2,2,5,-1,2,1,20.2,1,3,0,11,11
18492,2019,1,2019-01-09,SE,SANT ADRIA DE BESOS,Barcelones,3,0,1,0,2,1,0,0,0,1,0,0,0,100.0,0.0,0,2,No n'hi ha,-1.0,3,3,1,0,0,0,0,0,0,0,0,0,0,0,4,-1,1,Atropellament,-1,2,2,5,-1,2,1,16.15,1,3,2,9,1
18493,2019,0,2019-08-25,BP-1417,SANT CUGAT DEL VALLES,Valles Occidental,3,0,1,0,2,0,0,0,1,1,0,0,0,100.0,0.0,0,1,No n'hi ha,-1.0,3,3,1,0,0,0,0,0,0,0,0,0,0,0,4,-1,1,Fregament o col·lisió lateral,-1,1,2,4,3,2,0,17.51,1,2,6,25,8
18494,2019,1,2019-06-21,SE,BARCELONA,Barcelones,3,0,1,0,2,0,0,0,1,1,0,0,0,100.0,0.0,1,-1,No n'hi ha,-1.0,3,3,1,0,0,0,0,0,0,0,0,0,0,1,4,-1,0,Envestida (frontal lateral),2,2,2,5,-1,2,1,10.04,0,2,4,21,6
18495,2019,0,2019-02-19,BV-2116,CASTELLET I LA GORNA,Alt Penedes,3,0,1,0,1,0,0,1,0,0,0,0,0,90.0,0.0,0,-1,Sense Especificar,-1.0,3,3,1,0,0,0,0,0,0,0,0,0,0,2,4,5,-1,Altres,1,1,2,4,4,2,1,10.2,0,5,1,19,2
18496,2019,0,2019-01-19,BV-2041,GAVA,Baix Llobregat,3,0,3,6,4,0,0,0,0,4,0,0,0,100.0,0.0,0,1,No n'hi ha,-1.0,3,3,1,0,0,0,0,0,0,0,0,0,0,0,4,-1,1,Fregament o col·lisió lateral,-1,1,2,4,2,2,0,12.24,0,2,5,19,1
18497,2019,0,2019-05-25,GI-531,SANT MARTI DE LLEMENA,Girones,1,2,0,0,1,0,0,0,1,0,0,0,0,50.0,0.0,0,1,No n'hi ha,-1.0,3,3,0,0,0,0,0,0,1,0,0,0,0,0,4,-1,1,Resta sortides de via,-1,1,2,4,2,2,0,20.15,1,1,5,25,5
18498,2019,1,2019-07-13,SE,TIVISSA,Ribera d'Ebre,0,0,1,0,1,0,0,0,1,0,0,0,0,20.0,0.0,0,-1,Sense Especificar,-1.0,3,3,1,0,0,0,0,0,0,0,0,0,0,2,4,4,-1,Altres,1,2,2,5,-1,2,0,20.57,1,5,5,13,7
18499,2019,0,2019-11-29,C-16,BARCELONA,Barcelones,3,1,0,0,2,0,0,0,1,1,0,0,0,90.0,0.0,0,-1,Sense Especificar,-1.0,3,3,0,0,0,0,0,0,0,0,0,0,0,0,4,-1,-1,Envestida (frontal lateral),-1,1,2,4,4,2,0,15.19,1,2,4,29,11
18500,2019,0,2019-03-23,N-II,PONTOS,Alt Emporda,1,0,1,0,2,0,0,0,1,1,0,0,0,90.0,0.0,0,-1,Sense Especificar,-1.0,3,3,1,0,0,0,0,0,0,0,0,0,0,0,4,-1,-1,Fregament o col·lisió lateral,-1,1,2,4,4,2,0,12.48,0,2,5,23,3
18501,2019,1,2019-07-07,SE,"VENDRELL, EL",Baix Penedes,0,0,1,1,2,0,2,0,0,0,0,0,0,40.0,0.0,0,-1,No n'hi ha,-1.0,3,3,1,-1,-1,0,0,-1,0,0,0,0,0,1,4,5,1,Col·lisió frontal,1,2,1,5,0,2,0,9.09,0,2,6,7,7
18502,2019,0,2019-01-26,TV-3022,"PERELLO, EL",Baix Ebre,0,0,1,0,1,0,0,0,1,0,0,0,0,100.0,0.0,0,1,No n'hi ha,-1.0,3,3,1,0,0,0,0,0,0,0,0,0,0,0,4,-1,1,Resta sortides de via,-1,1,2,4,2,2,0,13.07,0,1,5,26,1
18503,2019,1,2019-03-29,SE,TERRASSA,Valles Occidental,3,0,1,0,2,1,0,0,0,1,0,0,0,30.0,0.0,0,2,No n'hi ha,-1.0,3,3,1,0,0,0,0,0,0,0,0,0,0,1,4,2,1,Atropellament,2,2,2,5,-1,2,0,18.0,1,3,4,29,3
18504,2019,0,2019-12-17,AP-7,CAMBRILS,Baix Camp,0,0,1,0,3,0,0,0,0,0,3,0,0,100.0,0.0,0,1,No n'hi ha,0.0,3,3,1,0,0,0,0,0,0,0,0,0,0,0,3,-1,0,Encalç,-1,1,2,4,1,2,1,18.27,1,2,1,17,12
18505,2019,0,2019-10-09,C-31C,SANT BOI DE LLOBREGAT,Baix Llobregat,3,0,2,0,2,0,0,0,2,0,0,0,0,80.0,0.0,0,0,No n'hi ha,-1.0,3,3,1,0,0,1,0,0,0,0,0,0,1,0,4,-1,0,Encalç,-1,1,2,4,3,2,1,8.49,0,2,2,9,10
18506,2020,0,2020-01-29,C-31,VILANOVA I LA GELTRU,Garraf,3,0,1,1,3,0,1,0,1,1,0,0,0,100.0,0.0,0,0,No n'hi ha,-1.0,3,3,1,0,0,0,0,0,0,0,0,0,0,0,4,-1,1,Encalç,-1,1,2,4,2,2,1,17.34,1,2,2,29,1
18507,2020,1,2020-01-16,SE,TERRASSA,Valles Occidental,3,0,1,0,1,0,0,0,1,0,0,0,0,100.0,0.0,0,-1,No n'hi ha,-1.0,3,3,1,0,0,0,1,0,0,0,0,0,0,0,4,-1,-1,Caiguda en la via,-1,2,2,5,-1,2,1,23.15,2,0,3,16,1
18508,2020,1,2020-02-17,BP-5109,SANT ANTONI DE VILAM,Valles Oriental,3,0,1,0,2,0,1,0,0,1,0,0,0,90.0,0.0,0,-1,Sense Especificar,-1.0,3,3,1,0,0,0,0,0,0,0,0,0,0,1,4,4,-1,Envestida (frontal lateral),1,0,2,4,4,2,1,19.0,1,2,0,17,2
18509,2020,1,2020-01-11,SE,MATARO,Maresme,3,0,1,0,2,1,0,0,0,1,0,0,0,20.0,0.0,0,-1,No n'hi ha,-1.0,3,3,1,0,-1,0,0,0,0,0,0,0,0,0,4,-1,-1,Atropellament,-1,2,2,5,-1,2,0,10.4,0,3,5,11,1
18510,2020,1,2020-01-16,SE,RIPOLLET,Valles Occidental,3,0,1,0,2,0,0,0,1,1,0,0,0,100.0,0.0,0,-1,No n'hi ha,-1.0,3,3,1,0,0,0,0,0,0,0,0,0,0,0,4,-1,-1,Envestida (frontal lateral),-1,2,2,5,-1,2,1,20.0,1,2,3,16,1
18511,2020,1,2020-01-08,SE,BARCELONA,Barcelones,3,0,1,0,2,0,0,0,2,0,0,0,0,100.0,0.0,1,-1,No n'hi ha,-1.0,3,3,1,0,0,0,0,0,0,0,0,0,0,1,4,-1,0,Fregament o col·lisió lateral,2,2,2,5,-1,2,1,15.2,1,2,2,8,1
18512,2020,0,2020-01-16,C-43,GANDESA,Terra Alta,0,0,1,0,2,1,0,0,0,1,0,0,0,100.0,0.0,0,2,No n'hi ha,-1.0,3,3,1,0,0,0,0,0,0,0,0,0,0,0,4,-1,1,Atropellament,-1,1,2,4,2,2,1,11.35,0,3,3,16,1
18513,2020,1,2020-01-27,SE,BARCELONA,Barcelones,3,0,1,0,2,0,0,0,2,0,0,0,0,100.0,0.0,1,-1,No n'hi ha,-1.0,3,3,1,0,0,0,0,0,0,0,0,0,0,1,4,-1,1,Caiguda en la via,2,2,2,5,-1,2,1,8.4,0,0,0,27,1
18514,2020,1,2020-02-05,SE,LA CANONJA,Tarragones,0,0,1,0,2,1,0,0,1,0,0,0,0,40.0,0.0,0,2,No n'hi ha,-1.0,3,3,1,0,0,0,0,0,0,0,0,0,0,1,4,4,0,Atropellament,1,2,2,5,-1,2,1,11.1,0,3,2,5,2
18515,2020,1,2020-02-11,SE,SANTA COLOMA DE GRAMANET,Barcelones,3,0,1,0,2,1,0,0,0,1,0,0,0,20.0,0.0,0,-1,No n'hi ha,-1.0,3,3,1,-1,0,0,0,-1,0,0,0,0,0,0,4,-1,1,Xoc amb animal a la calçada,-1,2,2,5,-1,2,1,13.3,0,4,1,11,2
18516,2020,1,2020-01-08,SE,CASTELL-PLATJA D'ARO,Baix Emporda,1,0,1,0,2,0,0,0,1,1,0,0,0,30.0,1.0,0,2,No n'hi ha,-1.0,3,3,1,0,0,0,0,0,0,0,0,0,0,1,1,4,1,Envestida (frontal lateral),0,2,2,5,-1,2,1,7.49,0,2,2,8,1
18517,2020,1,2020-01-14,SE,LLORET DE MAR,Selva,1,0,1,0,1,0,0,0,1,0,0,0,0,40.0,0.0,0,2,No n'hi ha,-1.0,3,3,1,0,0,0,0,0,0,0,0,0,0,0,4,-1,1,Caiguda en la via,-1,2,2,5,-1,2,1,11.58,0,0,1,14,1
18518,2020,0,2020-02-01,C-55,MANRESA,Bages,3,0,1,0,1,0,0,0,0,1,0,0,0,80.0,0.0,0,2,No n'hi ha,-1.0,3,3,1,0,0,0,0,0,0,0,0,0,0,2,3,5,0,Resta sortides de via,3,1,2,4,2,2,0,0.07,2,1,5,1,2
18519,2020,1,2020-02-21,SE,AMPOSTA,Montsia,0,0,1,0,2,1,0,0,0,1,0,0,0,100.0,0.0,0,2,No n'hi ha,-1.0,3,3,1,0,0,0,0,0,0,0,0,0,0,2,4,-1,0,Atropellament,0,2,2,5,-1,2,1,14.11,1,3,4,21,2
18520,2020,1,2020-02-16,GIV-5273,"VALL D'EN BAS, LA",Garrotxa,1,0,1,0,2,0,1,0,0,1,0,0,0,100.0,0.0,0,2,No n'hi ha,-1.0,3,3,1,0,0,0,0,0,0,0,0,0,0,1,4,4,0,Envestida (frontal lateral),1,0,2,4,3,2,0,12.59,0,2,6,16,2
18521,2020,0,2020-02-29,TV-3103,RIUDOMS,Baix Camp,0,0,5,1,2,0,0,0,0,2,0,0,0,100.0,0.0,0,2,No n'hi ha,-1.0,3,3,1,0,0,0,0,0,0,0,0,0,0,0,3,-1,1,Col·lisió frontal,-1,1,2,4,3,2,0,19.06,1,2,5,29,2
18522,2020,0,2020-02-10,C-352,FRANQUESES DEL VALLE,Valles Oriental,3,0,1,1,2,0,0,0,0,2,0,0,0,80.0,0.0,0,3,No n'hi ha,-1.0,3,3,1,0,0,0,0,0,0,0,0,0,0,0,5,-1,0,Col·lisió frontal,-1,1,2,4,2,2,1,1.06,2,2,0,10,2
18523,2020,0,2020-01-11,C-61,ARENYS DE MUNT,Maresme,3,0,1,0,1,0,1,0,0,0,0,0,0,90.0,0.0,0,-1,Sense Especificar,-1.0,3,3,1,0,0,0,0,0,0,0,0,0,0,0,4,-1,-1,Altres,-1,1,2,4,4,2,0,9.57,0,5,5,11,1
18524,2020,1,2020-02-15,SE,BADALONA,Barcelones,3,0,1,0,1,0,1,0,0,0,0,0,0,20.0,0.0,0,2,No n'hi ha,-1.0,3,3,1,-1,0,0,0,-1,0,0,0,0,0,1,4,4,1,Caiguda en la via,1,2,2,5,-1,2,0,9.4,0,0,5,15,2
18525,2020,0,2020-02-11,C-14,VILANOVA DE L'AGUDA,Noguera,2,1,3,1,1,0,0,0,0,1,0,0,0,100.0,0.0,0,1,No n'hi ha,-1.0,3,3,0,0,0,0,0,0,0,0,0,0,0,0,4,-1,1,Resta sortides de via,-1,1,2,4,2,2,1,15.31,1,1,1,11,2
18526,2020,1,2020-01-21,SE,LLEIDA,Segria,2,0,1,0,1,0,0,0,1,0,0,0,0,20.0,0.0,0,2,No n'hi ha,-1.0,3,3,1,-1,0,0,0,0,0,0,0,0,-1,0,4,-1,0,Caiguda en la via,-1,2,2,5,-1,0,1,15.1,1,0,1,21,1
18527,2020,1,2020-02-12,SE,SANT ADRIA DE BESOS,Barcelones,3,0,1,0,2,0,0,0,1,1,0,0,0,100.0,0.0,0,2,No n'hi ha,-1.0,3,3,1,0,0,0,0,0,0,0,0,0,0,1,4,4,1,Envestida (frontal lateral),1,2,2,5,-1,2,1,13.2,0,2,2,12,2
18528,2020,0,2020-03-27,C-32,CORNELLA DE LLOBREGAT,Baix Llobregat,3,0,1,0,1,0,0,0,1,0,0,0,0,90.0,0.0,0,-1,Sense Especificar,-1.0,3,3,1,0,0,0,0,0,0,0,0,0,0,0,4,-1,-1,Xoc contra objecte/obstacle sense sortida prèvia de via,-1,1,2,4,4,2,0,15.51,1,4,4,27,3
18529,2020,1,2020-02-01,SE,HOSPITALET DE LLOBREGAT,Barcelones,3,0,1,0,2,1,0,0,0,1,0,0,0,30.0,0.0,0,-1,No n'hi ha,-1.0,3,3,1,-1,0,0,0,-1,0,0,0,0,0,0,4,-1,0,Atropellament,-1,2,2,5,-1,2,0,13.24,0,3,5,1,2
18530,2020,0,2020-01-06,B-100,SANT GUIM DE FREIXENET,Segarra,2,0,1,2,2,0,0,0,0,1,1,0,0,100.0,0.0,0,3,No n'hi ha,-1.0,3,3,1,0,0,0,0,0,0,0,0,0,0,0,0,-1,1,Col·lisió frontal,-1,1,2,4,3,2,1,19.35,1,2,0,6,1
18531,2020,0,2020-01-04,N-340,"VENDRELL, EL",Baix Penedes,0,0,1,0,1,0,0,0,0,1,0,0,0,100.0,0.0,0,3,No n'hi ha,-1.0,3,3,1,0,0,0,0,0,0,0,0,0,0,0,3,-1,1,Resta sortides de via,-1,1,2,4,1,2,0,4.39,2,1,5,4,1
18532,2020,0,2020-02-21,B-10,BARCELONA,Barcelones,3,0,1,0,2,0,0,0,1,1,0,0,0,100.0,0.0,1,-1,No n'hi ha,-1.0,3,3,1,0,0,0,0,0,0,0,0,0,0,0,4,-1,0,Encalç,-1,1,2,4,-1,2,1,13.3,0,2,4,21,2
18533,2020,0,2020-01-15,C-32,PREMIA DE DALT,Maresme,3,0,1,0,2,0,0,0,1,1,0,0,0,90.0,0.0,0,-1,Sense Especificar,-1.0,3,3,1,0,0,0,0,0,0,0,0,0,0,0,4,-1,-1,Encalç,-1,1,2,4,4,2,1,7.47,0,2,2,15,1
18534,2020,0,2020-03-05,C-31,VILANOVA I LA GELTRU,Garraf,3,1,0,3,5,0,0,0,0,4,1,0,0,100.0,0.0,0,2,No n'hi ha,-1.0,3,3,0,0,0,0,0,0,0,0,0,0,0,0,4,-1,1,Col·lisió frontal,-1,1,2,4,2,2,1,14.42,1,2,3,5,3
18535,2020,0,2020-03-09,BV-5303,SEVA,Osona,3,0,1,0,1,0,0,0,1,0,0,0,0,100.0,0.0,0,1,No n'hi ha,-1.0,3,3,1,0,0,0,0,0,0,0,0,0,0,0,4,-1,1,Caiguda en la via,-1,1,2,4,3,2,1,14.19,1,0,0,9,3
18536,2020,1,2020-01-08,SE,"VENDRELL, EL",Baix Penedes,0,0,1,0,2,0,1,0,0,1,0,0,0,40.0,0.0,0,-1,No n'hi ha,-1.0,3,3,1,-1,0,0,0,-1,0,0,0,0,0,1,4,5,0,Col·lisió frontal,1,2,2,5,-1,2,1,12.46,0,2,2,8,1
18537,2020,0,2020-01-30,N-II,LLERS,Alt Emporda,1,0,1,0,2,0,0,1,0,1,0,0,0,100.0,0.0,0,3,No n'hi ha,-1.0,3,3,1,0,0,0,0,0,0,0,0,0,0,0,5,-1,1,Envestida (frontal lateral),-1,1,2,4,1,2,1,23.11,2,2,3,30,1
18538,2020,1,2020-07-27,SE,MATARO,Maresme,3,0,1,0,1,0,0,0,1,0,0,0,0,20.0,0.0,0,-1,No n'hi ha,-1.0,3,3,1,0,-1,0,0,0,0,0,0,0,0,0,4,-1,-1,Caiguda en la via,-1,2,2,5,-1,2,1,10.3,0,0,0,27,7
18539,2020,0,2020-11-08,C-153,SANTA MARIA DE CORCO,Osona,3,0,1,0,1,0,0,0,0,1,0,0,0,90.0,0.0,0,-1,Sense Especificar,-1.0,3,3,1,0,0,0,0,0,0,0,0,0,0,0,4,-1,-1,Resta sortides de via,-1,1,2,4,4,2,0,17.11,1,1,6,8,11
18540,2020,1,2020-12-17,SE,VILADECANS,Baix Llobregat,3,0,1,0,2,1,0,0,0,1,0,0,0,20.0,0.0,0,-1,No n'hi ha,-1.0,3,3,1,0,-1,0,0,0,0,0,0,0,0,0,4,-1,-1,Atropellament,-1,2,2,5,-1,2,1,13.21,0,3,3,17,12
18541,2020,1,2020-11-04,SE,BARCELONA,Barcelones,3,1,0,1,2,0,0,0,1,1,0,0,0,100.0,0.0,1,-1,No n'hi ha,-1.0,3,3,0,0,0,0,0,0,0,0,0,0,0,0,0,-1,1,Encalç,-1,2,0,5,-1,2,1,18.18,1,2,2,4,11
18542,2020,1,2020-03-09,SE,SANT BOI DE LLOBREGAT,Baix Llobregat,3,0,1,0,3,0,0,0,1,0,2,0,0,100.0,0.0,0,2,No n'hi ha,-1.0,3,3,1,0,0,0,0,0,0,0,0,0,0,1,4,4,1,Envestida (frontal lateral),2,2,2,5,-1,2,1,7.42,0,2,0,9,3
18543,2020,1,2020-05-21,SE,TARRAGONA,Tarragones,0,0,1,0,2,1,0,0,0,1,0,0,0,20.0,,0,2,No n'hi ha,-1.0,3,3,1,-1,0,0,0,-1,0,0,0,0,-1,0,4,-1,0,Atropellament,-1,2,2,5,-1,2,1,19.3,1,3,3,21,5
18544,2020,0,2020-07-10,B-20,BARCELONA,Barcelones,3,0,1,0,2,0,0,0,1,1,0,0,0,80.0,0.0,1,-1,No n'hi ha,-1.0,3,3,1,0,0,0,0,0,0,0,0,0,0,0,4,-1,1,Encalç,-1,1,2,4,-1,2,0,16.5,1,2,4,10,7
18545,2020,1,2020-10-17,SE,BARCELONA,Barcelones,3,0,1,0,2,0,0,0,1,1,0,0,0,100.0,0.0,1,-1,Carril bici,-1.0,3,3,1,0,0,0,0,0,0,0,0,0,0,1,0,-1,1,Fregament o col·lisió lateral,1,2,2,5,-1,2,0,22.0,2,2,5,17,10
18546,2020,0,2020-11-03,GI-520,VILADRAU,Osona,1,0,2,2,1,0,0,0,0,1,0,0,0,50.0,0.0,0,2,No n'hi ha,-1.0,3,3,1,0,0,0,0,0,0,0,0,0,0,1,4,4,1,Resta sortides de via,1,1,2,4,3,2,1,16.49,1,1,1,3,11
18547,2020,0,2020-10-28,TV-3141,RIUDOMS,Baix Camp,0,0,1,0,2,0,0,0,1,0,1,0,0,80.0,0.0,0,2,No n'hi ha,-1.0,3,3,1,0,0,0,0,0,0,0,0,0,0,0,4,-1,1,Encalç,-1,1,2,4,2,2,1,11.3,0,2,2,28,10
18548,2020,0,2020-10-12,TV-7046,"ALBIOL, L'",Baix Camp,0,0,1,0,2,0,0,0,1,1,0,0,0,100.0,0.0,0,1,No n'hi ha,-1.0,3,3,1,0,0,0,0,0,0,0,0,0,0,0,4,-1,1,Envestida (frontal lateral),-1,1,2,4,3,2,1,11.42,0,2,0,12,10
18549,2020,0,2020-09-08,TP-7013,"SELVA DEL CAMP, LA",Baix Camp,0,0,1,0,1,0,0,0,1,0,0,0,0,90.0,0.0,0,-1,Sense Especificar,-1.0,3,3,1,0,0,0,0,0,0,0,0,0,0,0,4,-1,-1,Resta sortides de via,-1,1,2,4,4,2,1,7.05,0,1,1,8,9
18550,2020,1,2020-10-17,SE,VILADECANS,Baix Llobregat,3,0,1,0,2,1,0,0,0,1,0,0,0,100.0,0.0,0,-1,No n'hi ha,-1.0,3,3,1,0,0,0,0,0,0,0,0,0,0,0,4,-1,1,Atropellament,-1,2,2,5,-1,2,0,8.45,0,3,5,17,10
18551,2020,1,2020-07-30,SE,BARCELONA,Barcelones,3,0,2,0,2,0,0,0,0,1,0,1,0,100.0,0.0,1,-1,Carril bus,-1.0,3,3,1,0,0,0,0,0,0,0,0,0,0,0,0,-1,0,Envestida (frontal lateral),-1,2,2,5,-1,2,1,5.29,2,2,3,30,7
18552,2020,0,2020-09-30,GI-552,BREDA,Selva,1,0,1,0,2,0,0,0,0,1,1,0,0,100.0,0.0,0,1,No n'hi ha,-1.0,3,3,1,0,0,0,0,0,0,0,0,0,0,0,4,-1,1,Col·lisió frontal,-1,1,2,4,2,2,1,18.3,1,2,2,30,9
18553,2020,1,2020-09-30,SE,BARCELONA,Barcelones,3,0,2,0,2,0,0,0,2,0,0,0,0,100.0,0.0,1,-1,No n'hi ha,-1.0,3,3,1,0,0,0,0,0,0,0,0,0,0,0,0,-1,1,Envestida (frontal lateral),-1,2,2,5,-1,2,1,22.0,2,2,2,30,9
18554,2020,0,2020-09-21,C-12,MAIALS,Segria,2,1,0,0,1,0,0,0,0,1,0,0,0,100.0,0.0,0,1,No n'hi ha,-1.0,3,3,0,0,0,0,0,0,0,0,0,0,0,0,4,-1,1,Resta sortides de via,-1,1,2,4,2,2,1,13.27,0,1,0,21,9
18555,2020,0,2020-05-03,C-243B,GELIDA,Alt Penedes,3,0,1,1,1,0,0,0,0,1,0,0,0,50.0,0.0,0,3,No n'hi ha,-1.0,3,3,1,0,0,0,0,0,0,0,0,0,0,0,3,-1,1,Resta sortides de via,-1,1,2,4,3,2,0,5.32,2,1,6,3,5
18556,2020,1,2020-05-04,SE,LLORET DE MAR,Selva,1,0,1,0,3,0,0,0,2,1,0,0,0,100.0,0.0,0,2,No n'hi ha,-1.0,3,3,1,0,0,0,0,0,0,0,0,0,0,0,4,-1,0,Envestida (frontal lateral),-1,2,2,5,-1,2,1,17.15,1,2,0,4,5