,Year,Area,Date,Road,Municipality Name,County Name,Province Name,Fatalties,Serious Injuries,Light Injuries,Units Involved,Pedestrains Involved,Bicycles Involved,Mopeds Involved,Motorcycles,Light Vehicles Involved,Heavy Vehicles Involved,Other Units Involved,Unspecified Units Involved,Road Speed Limit,Accident with Hit and Run,Fog Presence,Surrounding Environment,Special Lane Presence,Special Traffic Measures,Weather Conditions,Special Road Functions,Severity of Accident,Influence of Fog,Influence of Environment,Influence of Traffic,Influence of Weather,Influence of Wind Intensity,Influence of Lighting,Influence of Special Measures,Influence of Road Objects,Influence of Road Surface,Influence of Visibility,Intersection Characteristics,Lighting Conditions,Traffic Regulation and Priority,Direction of Road,Subtype of Accident,Subtype of Road Section,Subzone within Area,Road Surface Conditions,Type of Road,Road Ownership,Wind Conditions,Day of the Week Grouping,Hour of Day,Time of Day Grouping,Type of Accident,Day Type,Day,Month
18557,2020,1,2020-05-03,SE,VILADECANS,Baix Llobregat,3,0,1,0,1,0,1,0,0,0,0,0,0,20.0,0.0,0,-1,Sense Especificar,-1.0,3,3,1,0,0,0,0,0,0,0,0,0,0,0,4,-1,-1,Xoc contra objecte/obstacle sense sortida prèvia de via,-1,2,2,5,-1,2,0,21.36,1,4,6,3,5
18558,2020,1,2020-08-25,SE,BERGA,Bergueda,3,0,2,0,3,2,0,0,0,1,0,0,0,20.0,0.0,0,-1,No n'hi ha,-1.0,3,3,1,-1,0,0,0,-1,1,0,0,0,0,0,4,-1,0,Atropellament,-1,2,2,5,-1,2,1,18.36,1,3,1,25,8
18559,2020,1,2020-05-25,SE,BADALONA,Barcelones,3,0,1,1,2,1,0,1,0,0,0,0,0,30.0,0.0,0,-1,No n'hi ha,-1.0,3,3,1,-1,0,0,0,-1,0,0,0,0,0,0,4,-1,1,Atropellament,-1,0,2,0,4,2,1,9.3,0,3,0,25,5
18560,2020,0,2020-05-23,BV-2127,VILAFRANCA DEL PENEDES,Alt Penedes,3,0,1,0,2,1,0,0,0,1,0,0,0,50.0,0.0,0,2,No n'hi ha,-1.0,3,3,1,0,0,0,0,0,0,0,0,0,0,0,1,-1,1,Atropellament,-1,1,2,4,2,2,0,20.38,1,3,5,23,5
18561,2020,1,2020-05-29,SE,REUS,Baix Camp,0,0,1,1,2,0,0,0,2,0,0,0,0,100.0,0.0,0,-1,No n'hi ha,-1.0,3,3,1,0,0,0,0,0,0,0,0,0,0,0,4,-1,-1,Resta sortides de via,-1,2,2,5,-1,2,1,7.05,0,1,4,29,5
18562,2020,0,2020-05-21,N-141C,CALDERS,Moianès,3,0,1,0,1,0,0,0,1,0,0,0,0,90.0,0.0,0,-1,Sense Especificar,-1.0,3,3,1,0,0,0,0,0,0,0,0,0,0,0,4,-1,-1,Resta sortides de via,-1,1,2,4,4,2,1,18.53,1,1,3,21,5
18563,2020,0,2020-06-14,B-510,DOSRIUS,Maresme,3,0,1,0,1,0,0,0,1,0,0,0,0,90.0,0.0,0,-1,Sense Especificar,-1.0,3,3,1,0,0,0,0,0,0,0,0,0,0,0,4,-1,-1,Altres,-1,1,2,4,4,2,0,14.55,1,5,6,14,6
18564,2020,1,2020-06-20,SE,MONTCADA I REIXAC,Valles Occidental,3,0,1,0,2,0,1,0,0,1,0,0,0,100.0,0.0,0,2,No n'hi ha,-1.0,3,3,1,0,0,0,0,0,0,0,0,0,0,1,4,4,1,Altres,1,2,2,5,0,2,0,17.2,1,5,5,20,6
18565,2020,0,2020-06-21,BV-2041,GAVA,Baix Llobregat,3,0,1,3,5,0,4,0,0,1,0,0,0,100.0,0.0,0,3,No n'hi ha,-1.0,3,3,1,0,0,0,0,0,0,0,0,0,0,0,4,-1,1,Fregament o col·lisió lateral,-1,1,2,4,3,2,0,9.23,0,2,6,21,6
18566,2020,1,2020-07-07,SE,GIRONA,Girones,1,0,1,1,1,0,0,0,1,0,0,0,0,40.0,0.0,0,3,No n'hi ha,-1.0,3,3,1,0,0,0,0,0,0,0,0,0,0,2,4,-1,0,Caiguda en la via,0,2,2,5,-1,2,1,18.41,1,0,1,7,7
18567,2020,1,2020-06-20,SE,TERRASSA,Valles Occidental,3,1,0,0,4,0,0,0,0,4,0,0,0,100.0,0.0,0,2,No n'hi ha,-1.0,3,3,0,0,0,0,0,0,0,0,0,0,0,2,1,4,0,Encalç,2,2,2,5,-1,2,0,8.05,0,2,5,20,6
18568,2020,0,2020-07-05,C-250,QUART,Girones,1,0,1,0,2,0,0,1,0,1,0,0,0,100.0,0.0,0,3,No n'hi ha,-1.0,3,3,1,0,0,0,0,0,0,0,0,0,0,0,3,-1,1,Envestida (frontal lateral),-1,1,2,4,2,2,0,22.33,2,2,6,5,7
18569,2020,1,2020-09-11,SE,VILADECANS,Baix Llobregat,3,1,0,0,1,0,0,0,1,0,0,0,0,30.0,0.0,0,2,No n'hi ha,-1.0,3,3,0,0,0,0,0,0,0,0,0,0,0,0,4,-1,1,Caiguda en la via,-1,2,2,5,0,2,1,7.0,0,0,4,11,9
18570,2020,1,2020-08-10,SE,SANT FELIU DE LLOBREGAT,Baix Llobregat,3,0,1,0,1,0,0,0,1,0,0,0,0,20.0,0.0,0,0,No n'hi ha,-1.0,3,3,1,-1,0,0,0,-1,0,0,0,0,-1,0,4,-1,1,Caiguda en la via,-1,2,2,5,-1,2,1,16.15,1,0,0,10,8
18571,2020,0,2020-08-02,CR,PUIGVERD DE LLEIDA,Segria,2,1,0,0,1,0,0,0,0,1,0,0,0,100.0,0.0,0,1,No n'hi ha,-1.0,3,3,0,0,0,0,0,0,0,0,0,0,0,2,3,5,1,Resta sortides de via,2,1,2,3,0,2,0,4.29,2,1,6,2,8
18572,2020,0,2020-07-05,N-260,VILAFANT,Alt Emporda,1,0,1,0,2,0,0,1,1,0,0,0,0,90.0,0.0,0,-1,Sense Especificar,-1.0,3,3,1,0,0,0,0,0,0,0,0,0,0,0,4,-1,-1,Fregament o col·lisió lateral,-1,1,2,4,4,2,0,17.21,1,2,6,5,7
18573,2020,0,2020-07-18,C-14,CIUTADILLA,Urgell,2,0,1,0,1,0,0,0,1,0,0,0,0,100.0,0.0,0,0,No n'hi ha,-1.0,3,3,1,0,0,0,0,0,0,0,0,0,0,0,4,-1,1,Resta sortides de via,-1,1,2,4,2,2,0,9.39,0,1,5,18,7
18574,2020,1,2020-08-17,SE,LLORET DE MAR,Selva,1,0,3,2,1,0,0,0,0,1,0,0,0,100.0,0.0,0,0,No n'hi ha,-1.0,3,3,1,0,0,0,0,0,0,0,0,0,0,0,0,-1,1,Resta sortides de via,-1,2,2,5,-1,2,1,1.14,2,1,0,17,8
18575,2020,1,2020-11-22,SE,CERDANYOLA DEL VALLES,Valles Occidental,3,0,1,0,1,0,1,0,0,0,0,0,0,20.0,0.0,0,2,No n'hi ha,-1.0,3,3,1,0,0,0,0,0,0,0,0,0,0,0,4,-1,1,Caiguda en la via,-1,2,2,5,-1,2,0,17.05,1,0,6,22,11
18576,2020,1,2020-10-19,SE,BARBERA DEL VALLES,Valles Occidental,3,0,1,0,2,0,0,0,0,1,0,1,0,20.0,0.0,0,-1,No n'hi ha,-1.0,3,3,1,-1,0,0,0,-1,0,0,0,0,0,1,5,2,1,Fregament o col·lisió lateral,0,2,2,5,-1,2,1,21.2,1,2,0,19,10
18577,2020,0,2020-08-15,N-240,MONTBLANC,Conca de Barbera,0,0,1,0,2,0,1,0,0,1,0,0,0,90.0,0.0,0,-1,Sense Especificar,-1.0,3,3,1,0,0,0,0,0,0,0,0,0,0,0,4,-1,-1,Encalç,-1,1,2,4,4,2,0,8.48,0,2,5,15,8
18578,2020,1,2020-09-10,SE,REUS,Baix Camp,0,0,1,0,2,1,0,0,0,1,0,0,0,100.0,0.0,0,-1,No n'hi ha,-1.0,3,3,1,0,0,0,0,0,1,0,0,0,0,0,4,-1,-1,Atropellament,-1,2,2,5,-1,2,1,9.5,0,3,3,10,9
18579,2020,0,2020-09-13,B-20,BADALONA,Barcelones,3,1,0,0,2,0,0,0,1,1,0,0,0,100.0,0.0,0,-1,No n'hi ha,-1.0,3,3,0,0,0,0,0,0,0,0,0,0,0,0,4,-1,-1,Col·lisió frontal,-1,1,2,4,-1,2,0,2.28,2,2,6,13,9
18580,2020,1,2020-09-05,SE,BARCELONA,Barcelones,3,1,1,0,2,0,1,0,1,0,0,0,0,100.0,0.0,1,-1,No n'hi ha,-1.0,3,3,0,0,0,0,0,0,0,0,0,0,0,1,4,-1,0,Envestida (frontal lateral),1,2,2,5,-1,2,0,14.47,1,2,5,5,9
18581,2020,0,2020-08-11,C-1411a,GIRONELLA,Bergueda,3,0,2,0,1,0,0,0,0,1,0,0,0,100.0,0.0,0,2,No n'hi ha,-1.0,3,3,1,0,0,0,0,0,0,0,0,0,0,1,1,4,1,Resta sortides de via,1,1,2,4,4,2,1,6.56,0,1,1,11,8
18582,2020,1,2020-09-06,SE,TERRASSA,Valles Occidental,3,0,1,0,2,1,0,0,0,1,0,0,0,100.0,0.0,0,2,No n'hi ha,-1.0,3,3,1,0,0,0,0,0,1,0,0,0,1,0,5,-1,0,Atropellament,-1,2,2,5,-1,2,0,20.52,1,3,6,6,9
18583,2020,1,2020-02-25,SE,ROSES,Alt Emporda,1,0,1,0,2,0,1,0,0,1,0,0,0,20.0,0.0,0,-1,No n'hi ha,-1.0,3,3,1,-1,0,0,0,-1,0,0,0,0,0,0,4,-1,1,Xoc contra objecte/obstacle sense sortida prèvia de via,-1,2,2,5,-1,2,1,13.45,0,4,1,25,2
18584,2020,1,2020-07-09,SE,CASTELLO D'EMPURIES,Alt Emporda,1,0,1,0,2,1,0,0,0,1,0,0,0,100.0,0.0,0,2,No n'hi ha,-1.0,3,3,1,0,0,0,0,0,0,0,0,0,0,0,4,-1,0,Altres,-1,2,2,5,-1,2,1,16.48,1,5,3,9,7
18585,2020,1,2020-07-03,B-143,PALAU DE PLEGAMANS,Valles Occidental,3,0,1,0,1,0,0,0,1,0,0,0,0,40.0,0.0,0,2,No n'hi ha,-1.0,3,3,1,0,0,0,0,0,0,0,0,0,0,1,3,4,1,Xoc contra objecte/obstacle sense sortida prèvia de via,0,0,2,4,2,2,1,1.5,2,4,4,3,7
18586,2020,1,2020-12-23,SE,OLOT,Garrotxa,1,0,1,0,2,1,0,0,0,1,0,0,0,100.0,0.0,0,2,No n'hi ha,-1.0,3,3,1,0,0,0,0,0,0,0,0,0,0,0,0,-1,1,Atropellament,-1,2,2,5,0,2,1,6.52,0,3,2,23,12
18587,2020,1,2020-12-09,SE,VALLROMANES,Valles Oriental,3,0,1,0,2,0,0,0,0,1,0,1,0,100.0,0.0,0,1,No n'hi ha,-1.0,3,3,1,0,0,0,0,0,0,0,0,0,0,0,4,-1,1,Fregament o col·lisió lateral,-1,2,0,5,0,2,1,11.42,0,2,2,9,12
18588,2020,1,2020-08-24,N-141c,SANT FRUITOS DE BAGES,Bages,3,0,1,0,2,1,0,0,0,1,0,0,0,50.0,0.0,0,2,No n'hi ha,-1.0,3,3,1,-1,0,0,0,-1,0,0,0,0,-1,0,1,-1,0,Atropellament,-1,0,2,5,0,2,1,7.31,0,3,0,24,8
18589,2020,0,2020-05-06,C-58,SANT QUIRZE DEL VALLES,Valles Occidental,3,0,1,0,1,0,0,0,1,0,0,0,0,100.0,0.0,0,2,No n'hi ha,-1.0,3,3,1,0,0,0,0,0,0,0,0,0,1,0,3,-1,1,Resta sortides de via,-1,1,2,4,3,2,1,3.37,2,1,2,6,5
18590,2020,0,2020-06-09,CR,ARSEGUEL,Alt Urgell,2,0,1,0,2,0,1,0,0,1,0,0,0,30.0,0.0,0,1,No n'hi ha,-1.0,3,3,1,0,0,0,0,0,0,0,0,0,1,0,4,-1,1,Col·lisió frontal,-1,1,2,3,0,2,1,20.17,1,2,1,9,6
18591,2020,1,2020-06-22,SE,GIRONA,Girones,1,0,1,0,2,0,1,0,0,1,0,0,0,100.0,0.0,0,2,No n'hi ha,-1.0,3,3,1,0,0,0,0,0,0,0,0,0,0,0,4,-1,1,Encalç,-1,2,2,5,-1,2,1,19.3,1,2,0,22,6
18592,2020,1,2020-12-21,SE,TARRAGONA,Tarragones,0,0,1,0,2,1,0,0,0,1,0,0,0,100.0,0.0,0,2,No n'hi ha,-1.0,3,3,1,0,0,0,0,0,0,0,0,0,0,0,4,-1,0,Atropellament,-1,2,2,5,-1,2,1,9.2,0,3,0,21,12
18593,2020,1,2020-09-13,SE,CADAQUES,Alt Emporda,1,0,2,0,2,0,1,0,1,0,0,0,0,100.0,0.0,0,1,No n'hi ha,-1.0,3,3,1,0,0,0,0,0,0,0,0,0,0,0,3,-1,1,Encalç,-1,2,2,5,-1,2,0,7.28,0,2,6,13,9
18594,2020,0,2020-11-30,C-25,SANT SADURNI D'OSORM,Osona,3,0,1,0,2,0,0,0,1,0,1,0,0,100.0,0.0,0,1,No n'hi ha,-1.0,3,3,1,0,0,0,0,0,1,0,0,0,0,0,4,-1,0,Encalç,-1,1,2,4,2,2,1,10.05,0,2,0,30,11
18595,2020,1,2020-08-31,SE,CABRERA DE MAR,Maresme,3,0,1,0,2,0,0,0,1,1,0,0,0,100.0,0.0,0,2,No n'hi ha,-1.0,3,3,1,0,0,0,0,0,0,0,0,0,0,1,4,4,1,Altres,3,2,2,5,-1,2,1,14.4,1,5,0,31,8
18596,2020,0,2020-10-28,CR,TREMP,Pallars Jussa,2,0,1,3,2,0,0,0,0,2,0,0,0,100.0,0.0,0,1,No n'hi ha,-1.0,3,3,1,0,0,0,0,0,0,0,0,0,0,0,4,-1,1,Encalç,-1,1,2,3,0,2,1,13.13,0,2,2,28,10
18597,2020,0,2020-10-22,AP-7,VILA-SECA,Tarragones,0,1,0,1,2,0,0,0,0,1,1,0,0,100.0,0.0,0,0,No n'hi ha,-1.0,1,3,0,0,0,0,0,0,0,0,0,0,0,0,2,-1,0,Encalç,-1,1,2,4,1,2,1,12.31,0,2,3,22,10
18598,2020,0,2020-12-29,N-340,CASTELLET I LA GORNA,Alt Penedes,3,1,0,1,2,0,0,0,0,2,0,0,0,90.0,0.0,0,-1,Sense Especificar,-1.0,3,3,0,0,0,0,0,0,0,0,0,0,0,0,4,-1,-1,Col·lisió frontal,-1,1,2,4,4,2,1,5.03,2,2,1,29,12
18599,2020,1,2020-12-19,SE,BARCELONA,Barcelones,3,0,2,0,2,1,0,0,1,0,0,0,0,100.0,0.0,1,-1,No n'hi ha,-1.0,3,3,1,0,0,0,0,0,0,0,0,0,1,0,0,-1,1,Atropellament,-1,2,2,5,-1,2,0,21.5,1,3,5,19,12
18600,2020,1,2020-12-11,SE,CERDANYOLA DEL VALLES,Valles Occidental,3,0,1,0,1,0,0,0,1,0,0,0,0,20.0,0.0,0,1,No n'hi ha,-1.0,1,3,1,0,0,0,0,0,0,0,0,0,0,0,2,-1,1,Caiguda en la via,-1,0,0,5,-1,2,1,8.24,0,0,4,11,12
18601,2020,1,2020-11-07,SE,CERDANYOLA DEL VALLES,Valles Occidental,3,0,1,0,1,0,1,0,0,0,0,0,0,20.0,0.0,0,1,No n'hi ha,-1.0,3,3,1,-1,0,0,0,-1,1,0,0,1,-1,0,1,-1,1,Caiguda en la via,-1,2,0,5,-1,2,0,17.45,1,0,5,7,11
18602,2020,1,2020-10-13,SE,GIRONA,Girones,1,0,1,0,2,0,0,0,1,1,0,0,0,100.0,0.0,0,2,No n'hi ha,-1.0,3,3,1,0,0,0,0,0,0,0,0,0,0,0,4,-1,1,Envestida (frontal lateral),-1,2,2,5,-1,2,1,14.43,1,2,1,13,10
18603,2020,1,2020-03-04,SE,TERRASSA,Valles Occidental,3,0,1,0,2,0,0,0,1,1,0,0,0,100.0,0.0,0,2,No n'hi ha,-1.0,3,3,1,0,0,0,0,0,0,0,0,0,0,1,4,3,1,Envestida (frontal lateral),2,2,2,5,3,2,1,14.05,1,2,2,4,3
18604,2020,1,2020-10-15,SE,TERRASSA,Valles Occidental,3,0,1,0,2,1,0,0,0,1,0,0,0,100.0,0.0,0,2,No n'hi ha,-1.0,3,3,1,0,0,0,0,0,0,0,0,0,0,0,5,-1,1,Atropellament,-1,2,2,5,-1,2,1,22.0,2,3,3,15,10
18605,2020,0,2020-12-18,C-58,CASTELLBELL I EL VIL,Bages,3,0,1,1,2,0,0,0,0,3,0,0,0,90.0,0.0,0,-1,Sense Especificar,-1.0,3,3,1,0,0,0,0,0,0,0,0,0,0,0,4,-1,-1,Envestida (frontal lateral),-1,1,2,4,4,2,0,16.01,1,2,4,18,12
18606,2020,0,2020-06-20,C-17,TAGAMANENT,Valles Oriental,3,0,1,1,1,0,0,0,1,0,0,0,0,100.0,0.0,0,1,No n'hi ha,-1.0,3,3,1,0,0,0,0,0,0,0,0,0,0,0,4,-1,0,Caiguda en la via,-1,1,2,4,2,2,0,9.37,0,0,5,20,6
18607,2020,0,2020-10-25,BV-2115,CASTELLET I LA GORNA,Alt Penedes,3,0,1,2,3,0,0,0,2,1,0,0,0,100.0,0.0,0,3,No n'hi ha,-1.0,3,3,1,0,0,0,0,0,0,0,0,0,0,0,4,-1,1,Col·lisió frontal,-1,1,2,4,2,2,0,14.15,1,2,6,25,10
18608,2020,1,2020-11-20,SE,CERDANYOLA DEL VALLES,Valles Occidental,3,0,1,1,1,0,0,0,0,0,0,1,0,20.0,0.0,0,2,No n'hi ha,-1.0,3,3,1,0,0,0,0,0,0,0,0,0,0,0,1,-1,1,Sortida de via amb bolcada,-1,2,2,5,-1,2,0,17.02,1,1,4,20,11
18609,2020,1,2020-10-15,SE,"VENDRELL, EL",Baix Penedes,0,0,1,1,2,1,0,0,1,0,0,0,0,40.0,0.0,0,-1,No n'hi ha,-1.0,3,3,1,-1,0,0,0,-1,0,0,0,0,-1,0,4,-1,1,Atropellament,-1,2,2,5,0,2,1,16.08,1,3,3,15,10
18610,2020,0,2020-04-07,CR,ALCANO,Segria,2,0,1,0,1,0,0,0,0,1,0,0,0,100.0,0.0,0,2,No n'hi ha,-1.0,3,3,1,0,0,0,0,0,0,0,0,0,0,0,4,-1,1,Resta sortides de via,-1,1,2,3,2,2,1,18.59,1,1,1,7,4
18611,2020,1,2020-09-02,SE,PONT DE VILOMARA I R,Bages,3,1,0,0,2,0,0,0,1,1,0,0,0,50.0,0.0,0,2,No n'hi ha,-1.0,3,3,0,0,0,0,0,0,0,0,0,0,0,1,4,5,1,Envestida (frontal lateral),1,0,2,4,0,2,1,17.43,1,2,2,2,9
18612,2020,0,2020-03-16,B-225,CASTELLBISBAL,Valles Occidental,3,0,1,0,2,0,0,0,0,1,1,0,0,60.0,0.0,0,2,No n'hi ha,-1.0,3,3,1,0,0,0,0,0,0,0,0,0,0,1,0,4,1,Envestida (frontal lateral),1,1,2,4,3,2,1,21.46,1,2,0,16,3
18613,2020,0,2020-12-28,N-340,VILAFRANCA DEL PENEDES,Alt Penedes,3,1,0,0,2,1,0,0,0,1,0,0,0,100.0,0.0,0,0,No n'hi ha,-1.0,3,3,0,0,0,0,0,0,0,0,0,0,0,0,3,-1,1,Atropellament,-1,1,2,4,1,2,1,19.45,1,3,0,28,12
18614,2020,1,2020-07-01,SE,"AMETLLA DEL VALLES,",Valles Oriental,3,1,1,0,3,2,0,0,0,1,0,0,0,100.0,0.0,0,2,No n'hi ha,-1.0,3,3,0,0,0,0,0,0,0,0,0,0,0,0,4,-1,1,Atropellament,-1,2,2,5,-1,2,1,9.3,0,3,2,1,7
18615,2020,1,2020-10-11,SE,BADALONA,Barcelones,3,0,1,0,3,1,0,0,0,2,0,0,0,100.0,0.0,0,-1,No n'hi ha,-1.0,3,3,1,0,0,0,0,0,0,0,0,0,0,0,4,-1,-1,Atropellament,-1,2,2,5,-1,2,0,0.4,2,3,6,11,10
18616,2020,1,2020-09-02,SE,TARRAGONA,Tarragones,0,0,1,0,3,0,0,0,1,2,0,0,0,100.0,0.0,0,-1,No n'hi ha,-1.0,3,3,1,0,0,0,0,0,0,0,0,0,0,0,4,-1,-1,Altres,-1,2,2,5,-1,2,1,22.5,2,5,2,2,9
18617,2020,1,2020-09-29,SE,TERRASSA,Valles Occidental,3,0,1,0,2,0,0,0,1,1,0,0,0,100.0,0.0,0,2,No n'hi ha,-1.0,3,3,1,0,0,0,0,0,0,0,0,0,1,1,5,4,0,Envestida (frontal lateral),2,2,2,5,-1,2,1,21.2,1,2,1,29,9
18618,2020,0,2020-10-04,SE,NAVAS,Bages,3,0,2,0,3,0,0,0,2,1,0,0,0,40.0,0.0,0,2,No n'hi ha,-1.0,3,3,1,0,0,0,0,0,0,0,0,0,0,0,4,-1,1,Altres,-1,1,2,0,4,2,0,12.23,0,5,6,4,10
18619,2020,0,2020-07-03,C-31,"PRAT DE LLOBREGAT, E",Baix Llobregat,3,0,1,0,2,0,0,0,1,1,0,0,0,90.0,0.0,0,-1,Sense Especificar,-1.0,3,3,1,0,0,0,0,0,0,0,0,0,0,1,4,2,-1,Encalç,3,1,2,4,4,2,0,23.3,2,2,4,3,7
18620,2020,0,2020-10-05,C-32,HOSPITALET DE LLOBREGAT,Barcelones,3,1,0,0,1,0,0,0,1,0,0,0,0,80.0,0.0,0,3,No n'hi ha,-1.0,3,3,0,0,0,0,0,0,0,0,0,0,0,0,5,-1,1,Resta sortides de via,-1,1,2,4,2,2,1,22.15,2,1,0,5,10
18621,2020,0,2020-10-20,C-65,CASSA DE LA SELVA,Girones,1,0,1,1,2,0,0,0,1,1,0,0,0,100.0,0.0,0,1,No n'hi ha,-1.0,3,3,1,0,0,0,0,0,0,0,0,0,0,0,0,-1,1,Fregament o col·lisió lateral,-1,1,2,4,2,2,1,19.44,1,2,1,20,10
18622,2020,0,2020-10-11,BV-2128,CASTELLVI DE LA MARC,Alt Penedes,3,0,1,0,1,0,1,0,0,0,0,0,0,100.0,0.0,0,1,No n'hi ha,-1.0,3,3,1,0,0,0,0,0,0,0,0,0,0,0,4,-1,0,Caiguda en la via,-1,1,2,4,3,2,0,15.46,1,0,6,11,10
18623,2020,0,2020-08-29,BV-5001,MONTORNES DEL VALLES,Valles Oriental,3,0,2,0,2,0,0,0,0,2,0,0,0,40.0,0.0,0,1,No n'hi ha,-1.0,1,3,1,0,0,0,0,0,0,0,0,0,0,0,3,-1,1,Col·lisió frontal,-1,1,2,4,3,2,0,5.27,2,2,5,29,8
18624,2020,0,2020-08-14,N-260,BOLVIR,Cerdanya,1,0,1,0,1,0,0,0,0,1,0,0,0,90.0,0.0,0,-1,Sense Especificar,-1.0,3,3,1,0,0,0,0,0,0,0,0,0,0,0,4,-1,-1,Resta sortides de via,-1,1,2,4,4,2,1,2.1,2,1,4,14,8
18625,2020,0,2020-10-07,C-58,SANT QUIRZE DEL VALLES,Valles Occidental,3,1,1,1,5,0,0,0,2,3,0,0,0,100.0,0.0,0,-1,No n'hi ha,-1.0,3,3,0,0,0,0,0,0,0,0,0,0,0,0,4,-1,-1,Altres,-1,1,2,4,-1,2,1,0.28,2,5,2,7,10
18626,2020,1,2020-09-05,L-702,ARTESA DE LLEIDA,Segria,2,0,1,0,2,1,0,0,0,1,0,0,0,100.0,0.0,0,2,No n'hi ha,-1.0,3,3,1,0,0,0,0,0,0,0,0,0,0,0,4,-1,1,Atropellament,-1,0,2,4,2,2,0,11.02,0,3,5,5,9
18627,2020,1,2020-09-25,SE,CERDANYOLA DEL VALLES,Valles Occidental,3,0,1,0,2,0,0,0,0,1,0,1,0,100.0,0.0,0,2,No n'hi ha,-1.0,3,3,1,0,0,0,0,0,0,0,0,0,0,1,4,3,1,Envestida (frontal lateral),2,2,2,5,-1,2,0,18.21,1,2,4,25,9
18628,2020,1,2020-08-27,SE,"AMETLLA DEL VALLES,",Valles Oriental,3,1,0,0,1,0,0,0,1,0,0,0,0,100.0,0.0,0,-1,No n'hi ha,-1.0,3,3,0,0,0,0,0,0,0,0,0,1,0,0,4,-1,0,Caiguda en la via,-1,2,1,0,4,2,1,10.45,0,0,3,27,8
18629,2020,0,2020-10-27,C-31,BADALONA,Barcelones,3,0,1,0,1,0,0,0,1,0,0,0,0,90.0,0.0,0,-1,Sense Especificar,-1.0,3,3,1,0,0,0,0,0,0,0,0,0,0,0,4,-1,-1,Resta sortides de via,-1,1,2,4,4,2,1,21.37,1,1,1,27,10
18630,2020,0,2020-11-26,C-44,VANDELLOS I L'HOSPITALET DE L'INFANT,Baix Camp,0,0,1,0,2,0,0,0,0,2,0,0,0,90.0,0.0,0,3,No n'hi ha,-1.0,2,3,1,0,0,0,0,0,0,0,0,0,0,0,1,-1,1,Col·lisió frontal,-1,1,2,4,2,2,1,7.34,0,2,3,26,11
18631,2020,0,2020-12-10,GI-632,BELLCAIRE D'EMPORDA,Baix Emporda,1,0,1,0,1,0,0,0,0,1,0,0,0,90.0,0.0,0,-1,Sense Especificar,-1.0,3,3,1,0,0,0,0,0,0,0,0,0,0,0,4,-1,-1,Resta sortides de via,-1,1,2,4,4,2,1,17.19,1,1,3,10,12
18632,2020,0,2020-11-08,GIV-6703,GIRONA,Girones,1,0,1,0,1,0,1,0,0,0,0,0,0,90.0,0.0,0,-1,Sense Especificar,-1.0,3,3,1,0,0,0,0,0,0,0,0,0,0,0,4,-1,-1,Altres,-1,1,2,4,4,2,0,8.39,0,5,6,8,11
18633,2020,0,2020-12-08,B-224,PIERA,Anoia,3,0,1,0,1,0,0,0,1,0,0,0,0,100.0,0.0,0,1,No n'hi ha,-1.0,3,3,1,0,0,0,0,0,0,0,0,0,0,0,4,-1,1,Resta sortides de via,-1,1,2,4,3,1,1,13.11,0,1,1,8,12
18634,2020,1,2020-01-01,SE,SANTA PERPETUA DE MO,Valles Occidental,3,0,1,0,1,0,0,0,0,1,0,0,0,40.0,0.0,0,2,No n'hi ha,-1.0,3,3,1,0,0,0,0,0,0,0,0,0,0,0,5,-1,0,Xoc contra objecte/obstacle sense sortida prèvia de via,-1,2,2,5,-1,2,1,5.08,2,4,2,1,1
18635,2020,1,2020-10-22,SE,MONTGAT,Maresme,3,1,0,0,2,1,0,0,0,0,1,0,0,20.0,0.0,0,-1,Sense Especificar,-1.0,3,3,0,0,0,0,0,0,0,0,0,0,0,0,0,-1,-1,Atropellament,-1,2,2,5,-1,2,1,7.1,0,3,3,22,10
18636,2020,0,2020-12-26,AP-7,"ALDEA, L'",Baix Ebre,0,0,1,0,1,0,0,0,1,0,0,0,0,90.0,0.0,0,-1,Sense Especificar,-1.0,3,3,1,0,0,0,0,0,0,0,0,0,0,0,4,-1,-1,Resta sortides de via,-1,1,2,4,4,2,0,13.02,0,1,5,26,12
18637,2020,1,2020-10-27,SE,GUALTA,Baix Emporda,1,0,1,0,2,0,1,0,0,1,0,0,0,20.0,0.0,0,-1,Sense Especificar,-1.0,3,3,1,0,0,0,0,0,0,0,0,0,0,0,4,-1,-1,Fregament o col·lisió lateral,-1,2,2,5,-1,2,1,17.2,1,2,1,27,10
18638,2020,0,2020-12-14,A-2,SANT FELIU DE LLOBREGAT,Baix Llobregat,3,0,2,2,4,0,0,0,0,3,1,0,0,80.0,0.0,0,2,No n'hi ha,-1.0,3,3,1,0,0,0,0,0,0,0,0,0,0,0,4,-1,1,Fregament o col·lisió lateral,-1,1,2,4,1,2,1,9.32,0,2,0,14,12
18639,2020,1,2020-12-16,SE,REUS,Baix Camp,0,0,1,0,2,0,1,0,0,1,0,0,0,100.0,0.0,0,-1,No n'hi ha,-1.0,3,3,1,0,0,0,0,0,0,0,0,0,0,0,4,-1,-1,Encalç,-1,2,2,5,-1,2,1,12.2,0,2,2,16,12
18640,2020,0,2020-11-29,C-1413a,"PAPIOL, EL",Baix Llobregat,3,2,1,0,4,0,3,0,0,1,0,0,0,100.0,0.0,0,0,No n'hi ha,-1.0,3,3,0,0,0,0,0,0,0,0,0,0,0,0,4,-1,1,Col·lisió frontal,-1,1,2,4,3,2,0,11.52,0,2,6,29,11