,Year,Area,Date,Road,Municipality Name,County Name,Province Name,Fatalties,Serious Injuries,Light Injuries,Units Involved,Pedestrains Involved,Bicycles Involved,Mopeds Involved,Motorcycles,Light Vehicles Involved,Heavy Vehicles Involved,Other Units Involved,Unspecified Units Involved,Road Speed Limit,Accident with Hit and Run,Fog Presence,Surrounding Environment,Special Lane Presence,Special Traffic Measures,Weather Conditions,Special Road Functions,Severity of Accident,Influence of Fog,Influence of Environment,Influence of Traffic,Influence of Weather,Influence of Wind Intensity,Influence of Lighting,Influence of Special Measures,Influence of Road Objects,Influence of Road Surface,Influence of Visibility,Intersection Characteristics,Lighting Conditions,Traffic Regulation and Priority,Direction of Road,Subtype of Accident,Subtype of Road Section,Subzone within Area,Road Surface Conditions,Type of Road,Road Ownership,Wind Conditions,Day of the Week Grouping,Hour of Day,Time of Day Grouping,Type of Accident,Day Type,Day,Month
18641,2020,1,2020-12-31,SE,SITGES,Garraf,3,0,1,0,1,0,1,0,0,0,0,0,0,20.0,0.0,0,-1,Sense Especificar,-1.0,3,3,1,0,0,0,0,0,0,0,0,0,0,0,4,-1,-1,Altres,-1,2,2,5,-1,2,1,12.07,0,5,3,31,12
18642,2020,0,2020-01-26,GI-543,ARBUCIES,Selva,1,0,1,1,4,0,3,0,0,1,0,0,0,100.0,0.0,0,2,No n'hi ha,-1.0,1,3,1,0,0,0,0,0,0,0,0,0,0,2,4,5,1,Envestida (frontal lateral),1,1,2,4,2,2,0,13.33,0,2,6,26,1
18643,2020,1,2020-01-20,SE,SALOU,Tarragones,0,0,1,0,1,0,0,0,0,1,0,0,0,100.0,0.0,0,2,No n'hi ha,-1.0,3,3,1,0,0,0,0,0,0,0,0,0,0,1,4,4,1,Sortida de via amb xoc o col·lisió,0,2,2,5,-1,2,1,9.2,0,1,0,20,1
18644,2020,0,2020-02-20,N-260,"SEU D'URGELL, LA",Alt Urgell,2,0,1,1,4,1,0,0,0,3,0,0,0,100.0,0.0,0,2,No n'hi ha,5.0,3,3,1,0,0,0,0,0,0,0,0,0,0,1,4,4,1,Atropellament,0,1,2,4,1,2,1,13.16,0,3,3,20,2
18645,2020,1,2020-01-31,SE,BARCELONA,Barcelones,3,0,1,0,2,1,0,0,0,1,0,0,0,30.0,1.0,1,-1,No n'hi ha,-1.0,3,3,1,0,0,0,0,0,0,0,0,0,0,0,4,-1,0,Atropellament,-1,2,2,5,-1,2,0,16.16,1,3,4,31,1
18646,2020,1,2020-01-19,SE,BARCELONA,Barcelones,3,1,0,0,3,0,0,0,1,2,0,0,0,100.0,0.0,1,-1,No n'hi ha,-1.0,3,3,0,0,0,0,0,0,0,0,0,0,0,1,0,-1,1,Envestida (frontal lateral),1,2,2,5,-1,0,0,19.45,1,2,6,19,1
18647,2020,0,2020-01-28,BV-2421,"PALMA DE CERVELLO, LA",Baix Llobregat,3,0,1,0,2,0,0,0,1,1,0,0,0,90.0,0.0,0,-1,Sense Especificar,-1.0,3,3,1,0,0,0,0,0,0,0,0,0,0,0,4,-1,-1,Resta sortides de via,-1,1,2,4,4,2,1,22.19,2,1,1,28,1
18648,2020,1,2020-02-14,SE,LLEIDA,Segria,2,0,1,0,2,1,0,0,0,1,0,0,0,100.0,1.0,0,2,No n'hi ha,-1.0,3,3,1,0,0,0,0,0,0,0,0,0,0,2,5,-1,1,Atropellament,0,2,2,5,-1,2,0,19.15,1,3,4,14,2
18649,2020,1,2020-01-27,SE,BARCELONA,Barcelones,3,0,1,0,2,1,0,0,0,0,1,0,0,100.0,0.0,1,-1,Carril bus,-1.0,3,3,1,0,0,0,0,0,0,0,0,0,0,1,4,-1,0,Atropellament,2,2,2,5,-1,2,1,15.5,1,3,0,27,1
18650,2020,1,2020-01-24,SE,VILAFRANCA DEL PENEDES,Alt Penedes,3,0,1,0,2,0,0,1,0,1,0,0,0,30.0,0.0,0,2,No n'hi ha,-1.0,3,3,1,0,0,0,0,0,0,0,0,0,0,1,5,3,1,Envestida (frontal lateral),1,2,2,5,-1,2,0,20.36,1,2,4,24,1
18651,2020,1,2020-01-25,SE,SANT CLIMENT DE LLOBREGAT,Baix Llobregat,3,0,1,1,2,0,1,0,1,0,0,0,0,100.0,0.0,0,0,No n'hi ha,-1.0,3,3,1,0,0,0,0,0,0,0,0,0,0,0,4,-1,1,Envestida (frontal lateral),-1,0,0,0,4,2,0,12.45,0,2,5,25,1
18652,2020,0,2020-01-17,N-II,MONTGAT,Maresme,3,0,1,0,2,0,0,0,1,1,0,0,0,60.0,0.0,0,2,No n'hi ha,-1.0,3,3,1,0,0,0,0,0,0,0,0,0,0,0,4,-1,1,Encalç,-1,1,2,4,1,2,1,12.56,0,2,4,17,1
18653,2020,0,2020-01-13,C-1412a,SANA?JA,Segarra,2,0,1,1,1,0,0,0,0,1,0,0,0,90.0,0.0,0,-1,Sense Especificar,-1.0,3,3,1,0,0,0,0,0,0,0,0,0,0,0,4,-1,-1,Resta sortides de via,-1,1,2,4,4,2,1,13.51,0,1,0,13,1
18654,2020,1,2020-01-08,SE,TERRASSA,Valles Occidental,3,0,1,0,2,0,0,1,0,1,0,0,0,100.0,0.0,0,2,No n'hi ha,-1.0,3,3,1,0,0,0,0,0,0,0,0,0,0,1,4,4,1,Envestida (frontal lateral),2,2,2,5,0,2,1,13.2,0,2,2,8,1
18655,2020,1,2020-01-18,SE,VILASSAR DE MAR,Maresme,3,0,1,1,3,2,0,0,1,0,0,0,0,100.0,0.0,0,-1,No n'hi ha,-1.0,3,3,1,0,0,0,0,0,0,0,0,0,0,0,4,-1,-1,Atropellament,-1,2,2,5,-1,2,0,13.15,0,3,5,18,1
18656,2020,1,2020-02-04,SE,REUS,Baix Camp,0,0,1,0,2,0,0,0,1,1,0,0,0,100.0,0.0,0,-1,No n'hi ha,-1.0,3,3,1,0,0,0,0,0,0,0,0,0,0,0,4,-1,-1,Fregament o col·lisió lateral,-1,2,2,5,-1,2,1,10.25,0,2,1,4,2
18657,2020,1,2020-02-03,SE,GIRONA,Girones,1,0,1,0,2,0,0,1,0,1,0,0,0,100.0,0.0,0,2,No n'hi ha,-1.0,3,3,1,0,0,0,0,0,0,0,0,0,0,1,4,4,0,Envestida (frontal lateral),2,2,2,5,0,2,1,10.59,0,2,0,3,2
18658,2020,0,2020-02-14,C-37,MANLLEU,Osona,3,0,2,0,3,0,0,0,0,3,0,0,0,90.0,0.0,0,0,No n'hi ha,-1.0,3,3,1,0,0,0,0,0,0,0,0,0,0,0,4,-1,1,Col·lisió frontal,-1,1,2,4,2,2,0,15.23,1,2,4,14,2
18659,2020,1,2020-01-22,SE,BARCELONA,Barcelones,3,0,1,0,2,0,0,0,1,1,0,0,0,100.0,0.0,1,-1,No n'hi ha,-1.0,1,3,1,0,0,0,0,0,0,0,0,0,0,1,1,-1,0,Envestida (frontal lateral),2,2,0,5,-1,2,1,14.35,1,2,2,22,1
18660,2020,1,2020-01-26,SE,BANYOLES,Pla de l'Estany,1,0,1,0,2,1,0,0,0,1,0,0,0,100.0,0.0,0,-1,No n'hi ha,-1.0,3,3,1,0,0,0,0,0,0,0,0,0,0,0,4,-1,-1,Atropellament,-1,2,2,5,-1,2,0,18.41,1,3,6,26,1
18661,2020,1,2020-01-08,SE,TARRAGONA,Tarragones,0,0,1,0,2,1,0,0,0,1,0,0,0,100.0,1.0,0,2,No n'hi ha,-1.0,3,3,1,0,0,0,0,0,0,0,0,0,0,1,0,2,0,Atropellament,2,2,2,5,-1,2,1,18.3,1,3,2,8,1
18662,2020,1,2020-01-29,SE,"PRAT DE LLOBREGAT, E",Baix Llobregat,3,0,1,0,2,0,0,0,1,1,0,0,0,40.0,0.0,0,2,No n'hi ha,-1.0,3,3,1,0,0,0,0,0,0,0,0,0,0,1,5,5,0,Encalç,0,2,2,5,-1,2,1,21.16,1,2,2,29,1
18663,2020,0,2020-03-05,GIV-6703,MADREMANYA,Girones,1,0,1,0,1,0,1,0,0,0,0,0,0,90.0,0.0,0,-1,Sense Especificar,-1.0,3,3,1,0,0,0,0,0,0,0,0,0,0,0,4,-1,-1,Altres,-1,1,2,4,4,2,1,13.47,0,5,3,5,3
18664,2020,0,2020-02-26,AP-7,VANDELLOS I L'HOSPITALET DE L'INFANT,Baix Camp,0,0,1,1,1,0,0,0,0,0,0,1,0,90.0,0.0,0,-1,Sense Especificar,-1.0,3,3,1,0,0,0,0,0,0,0,0,0,0,0,4,-1,-1,Resta sortides de via,-1,1,2,4,4,2,1,11.38,0,1,2,26,2
18665,2020,1,2020-01-08,SE,TARRAGONA,Tarragones,0,0,1,0,2,1,0,0,0,1,0,0,0,100.0,0.0,0,2,No n'hi ha,-1.0,3,3,1,0,0,0,0,0,0,0,0,0,0,2,5,4,0,Atropellament,1,2,2,5,-1,2,1,19.45,1,3,2,8,1
18666,2020,0,2020-02-14,CR,SANA?JA,Segarra,2,0,1,0,2,0,0,1,0,0,0,1,0,100.0,0.0,0,3,No n'hi ha,-1.0,3,3,1,0,0,0,0,0,0,0,0,0,0,0,4,-1,1,Caiguda en la via,-1,1,0,3,0,2,0,17.01,1,0,4,14,2
18667,2020,0,2020-03-07,TV-7333,CORBERA D'EBRE,Terra Alta,0,0,1,0,2,0,0,0,2,0,0,0,0,90.0,0.0,0,-1,Sense Especificar,-1.0,3,3,1,0,0,0,0,0,0,0,0,0,0,0,4,-1,-1,Fregament o col·lisió lateral,-1,1,2,4,4,2,0,12.39,0,2,5,7,3
18668,2020,1,2020-02-26,SE,GIRONA,Girones,1,0,1,0,1,0,0,0,1,0,0,0,0,40.0,0.0,0,2,Carril central,-1.0,3,3,1,0,0,0,0,0,0,0,0,0,0,0,5,-1,0,Caiguda en la via,-1,2,2,5,-1,2,1,19.41,1,0,2,26,2
18669,2020,0,2020-01-17,B-20,BADALONA,Barcelones,3,0,1,0,1,0,0,0,1,0,0,0,0,80.0,0.0,0,1,No n'hi ha,-1.0,3,3,1,0,0,0,0,0,0,0,1,0,0,0,0,-1,0,Caiguda en la via,-1,1,2,4,1,2,0,20.53,1,0,4,17,1
18670,2020,0,2020-02-29,C-53,BARBENS,Pla d'Urgell,2,0,1,0,2,0,1,0,0,1,0,0,0,100.0,0.0,0,1,No n'hi ha,-1.0,3,3,1,0,0,0,0,0,0,0,0,0,0,0,4,-1,1,Col·lisió frontal,-1,1,2,4,0,2,0,14.34,1,2,5,29,2
18671,2020,1,2020-03-08,SE,FRANQUESES DEL VALLE,Valles Oriental,3,1,0,0,1,0,0,0,0,1,0,0,0,100.0,0.0,0,-1,No n'hi ha,-1.0,3,3,0,0,0,0,0,0,0,0,0,0,0,0,4,-1,-1,Sortida de via amb xoc o col·lisió,-1,2,2,5,-1,2,0,19.35,1,1,6,8,3
18672,2020,1,2020-02-10,SE,CASSA DE LA SELVA,Girones,1,0,1,0,2,0,2,0,0,0,0,0,0,100.0,0.0,0,-1,No n'hi ha,-1.0,3,3,1,0,0,0,0,0,0,0,0,0,0,0,4,-1,-1,Xoc contra objecte/obstacle sense sortida prèvia de via,-1,2,2,5,-1,2,1,16.25,1,4,0,10,2
18673,2020,0,2020-02-27,BV-1201,ABRERA,Baix Llobregat,3,0,1,2,2,0,0,0,0,2,0,0,0,100.0,0.0,0,1,No n'hi ha,-1.0,3,3,1,0,0,0,0,0,0,0,0,0,0,0,4,-1,1,Col·lisió frontal,-1,1,2,4,3,2,1,9.45,0,2,3,27,2
18674,2020,1,2020-03-06,SE,GIRONA,Girones,1,0,1,0,1,0,0,0,0,0,1,0,0,100.0,0.0,0,2,No n'hi ha,-1.0,3,3,1,0,0,0,0,0,0,0,0,0,0,0,4,-1,1,Resta sortides de via,-1,2,2,5,-1,2,1,9.44,0,1,4,6,3
18675,2020,0,2020-03-01,GI-682,LLORET DE MAR,Selva,1,2,0,0,1,0,0,0,0,1,0,0,0,100.0,0.0,0,0,No n'hi ha,-1.0,3,3,0,0,0,0,0,0,0,0,0,0,0,0,3,-1,1,Resta sortides de via,-1,1,2,4,2,2,0,3.11,2,1,6,1,3
18676,2020,1,2020-01-22,SE,BARCELONA,Barcelones,3,0,1,0,2,1,0,0,0,0,1,0,0,100.0,0.0,1,-1,Carril bus,-1.0,1,3,1,0,0,0,0,0,0,0,0,0,0,1,4,-1,1,Atropellament,2,2,0,5,-1,2,1,16.05,1,3,2,22,1
18677,2020,0,2020-01-05,AP-7,"VENDRELL, EL",Baix Penedes,0,1,0,1,1,0,0,0,0,1,0,0,0,100.0,0.0,0,2,No n'hi ha,-1.0,3,3,0,0,0,0,0,0,0,0,0,0,0,0,4,-1,0,Resta sortides de via,-1,1,2,4,1,2,0,9.39,0,1,6,5,1
18678,2020,1,2020-02-05,SE,SANTA COLOMA DE FARNERS,Selva,1,0,1,0,2,1,0,0,0,1,0,0,0,100.0,0.0,0,2,No n'hi ha,-1.0,3,3,1,0,0,0,0,0,1,0,0,0,0,0,1,-1,1,Atropellament,-1,2,2,5,0,2,1,8.5,0,3,2,5,2
18679,2020,0,2020-03-23,C-55,MANRESA,Bages,3,0,1,0,1,0,0,0,0,1,0,0,0,90.0,0.0,0,-1,Sense Especificar,-1.0,3,3,1,0,0,0,0,0,0,0,0,0,0,0,4,-1,-1,Resta sortides de via,-1,1,2,4,4,2,1,7.13,0,1,0,23,3
18680,2020,1,2020-02-25,SE,TARRAGONA,Tarragones,0,0,1,0,2,1,0,0,0,1,0,0,0,100.0,0.0,0,2,No n'hi ha,-1.0,3,3,1,0,0,0,0,0,0,0,0,0,0,0,4,-1,1,Atropellament,-1,2,2,5,-1,2,1,11.0,0,3,1,25,2
18681,2020,1,2020-03-12,SE,VIC,Osona,3,0,1,0,2,1,0,0,0,1,0,0,0,100.0,0.0,0,2,No n'hi ha,-1.0,3,3,1,0,0,0,0,0,0,0,0,0,0,0,4,-1,1,Atropellament,-1,2,2,5,-1,2,1,9.39,0,3,3,12,3
18682,2020,0,2020-03-09,C-55,MANRESA,Bages,3,0,1,0,3,0,0,0,1,2,0,0,0,80.0,0.0,0,2,No n'hi ha,-1.0,3,3,1,0,0,0,0,0,0,0,0,0,0,2,4,2,1,Encalç,3,1,2,4,2,2,1,8.04,0,2,0,9,3
18683,2020,1,2020-02-10,SE,LLEIDA,Segria,2,1,0,0,1,0,0,1,0,0,0,0,0,20.0,0.0,0,2,No n'hi ha,-1.0,3,3,0,-1,1,0,0,-1,0,0,0,0,-1,0,4,-1,1,Sortida de via amb xoc o col·lisió,-1,2,2,5,-1,2,1,15.4,1,1,0,10,2
18684,2020,0,2020-02-03,B-30,CERDANYOLA DEL VALLES,Valles Occidental,3,0,1,0,2,0,0,0,1,1,0,0,0,80.0,0.0,0,2,No n'hi ha,-1.0,3,3,1,0,0,0,0,0,0,0,0,0,0,0,4,-1,1,Encalç,-1,1,2,4,1,2,1,14.2,1,2,0,3,2
18685,2020,1,2020-03-09,SE,BARCELONA,Barcelones,3,0,1,0,2,0,2,0,0,0,0,0,0,100.0,0.0,1,-1,Carril bici,-1.0,3,3,1,0,0,0,0,0,0,0,0,0,0,1,0,-1,0,Fregament o col·lisió lateral,2,2,2,5,-1,2,1,20.15,1,2,0,9,3
18686,2020,0,2020-03-05,BV-5122,TORDERA,Maresme,3,0,1,2,2,0,0,0,0,2,0,0,0,70.0,0.0,0,2,No n'hi ha,-1.0,3,3,1,0,0,0,0,0,0,0,0,0,0,0,1,-1,1,Col·lisió frontal,-1,1,2,4,3,2,1,6.12,0,2,3,5,3
18687,2020,0,2020-08-06,GIV-6741,CASSA DE LA SELVA,Girones,1,0,1,0,2,0,0,0,0,2,0,0,0,100.0,0.0,0,1,No n'hi ha,-1.0,3,3,1,0,0,0,0,0,0,0,0,0,0,0,4,-1,1,Envestida (frontal lateral),-1,1,2,4,3,2,1,13.21,0,2,3,6,8
18688,2020,0,2020-08-09,AP-7,BANYERES DEL PENEDES,Baix Penedes,0,0,2,0,2,0,0,0,0,1,1,0,0,100.0,0.0,0,2,No n'hi ha,-1.0,3,3,1,0,0,0,0,0,0,0,0,0,0,0,4,-1,1,Fregament o col·lisió lateral,-1,1,2,4,1,2,0,19.06,1,2,6,9,8
18689,2020,1,2020-07-01,SE,LLEIDA,Segria,2,0,1,3,2,0,0,0,0,2,0,0,0,100.0,0.0,0,2,No n'hi ha,-1.0,3,3,1,0,0,0,0,0,0,0,0,0,0,0,4,-1,1,Envestida (frontal lateral),-1,2,2,5,-1,2,1,19.45,1,2,2,1,7
18690,2020,0,2020-09-07,AP-7,PARETS DEL VALLES,Valles Oriental,3,0,1,1,2,0,0,0,0,1,1,0,0,100.0,0.0,0,1,No n'hi ha,-1.0,1,3,1,0,0,0,0,0,0,0,0,0,0,0,2,-1,0,Resta sortides de via,-1,1,2,4,1,2,1,6.34,0,1,0,7,9
18691,2020,1,2020-10-06,BV-5151,FRANQUESES DEL VALLE,Valles Oriental,3,0,1,0,3,0,2,0,0,1,0,0,0,30.0,1.0,0,2,No n'hi ha,-1.0,3,3,1,0,0,0,0,0,0,0,0,0,0,1,5,4,1,Envestida (frontal lateral),2,0,2,5,-1,2,1,19.45,1,2,1,6,10
18692,2020,1,2020-10-17,SE,GIRONA,Girones,1,0,2,0,2,0,2,0,0,0,0,0,0,100.0,0.0,0,0,No n'hi ha,-1.0,3,3,1,0,0,0,0,0,0,0,0,0,0,0,4,-1,1,Caiguda en la via,-1,2,2,5,-1,2,0,11.34,0,0,5,17,10
18693,2020,1,2020-10-23,SE,CASTELLDEFELS,Baix Llobregat,3,0,1,0,2,1,0,0,0,1,0,0,0,30.0,0.0,0,2,No n'hi ha,-1.0,3,3,1,0,0,0,0,0,0,0,0,0,0,2,4,-1,1,Atropellament,0,2,2,5,-1,2,1,11.35,0,3,4,23,10
18694,2020,0,2020-07-31,N-420,MORA D'EBRE,Ribera d'Ebre,0,0,1,1,3,0,0,0,0,3,0,0,0,90.0,0.0,0,-1,Sense Especificar,-1.0,3,3,1,0,0,0,0,0,0,0,0,0,0,0,4,-1,-1,Col·lisió frontal,-1,1,2,4,4,2,1,11.39,0,2,4,31,7
18695,2020,0,2020-08-22,C-25,SANT HILARI SACALM,Selva,1,0,1,0,1,0,0,0,1,0,0,0,0,90.0,0.0,0,-1,Sense Especificar,-1.0,3,3,1,0,0,0,0,0,0,0,0,0,0,0,4,-1,-1,Altres,-1,1,2,4,4,2,0,23.07,2,5,5,22,8
18696,2020,0,2020-04-28,BP-1417,SANT CUGAT DEL VALLES,Valles Occidental,3,0,1,0,1,0,0,0,1,0,0,0,0,90.0,0.0,0,-1,Sense Especificar,-1.0,3,3,1,0,0,0,0,0,0,0,0,0,0,0,4,-1,-1,Xoc amb animal a la calçada,-1,1,2,4,4,2,1,21.39,1,4,1,28,4
18697,2020,0,2020-10-23,C-14,ALCOVER,Alt Camp,0,0,1,0,2,0,0,0,1,1,0,0,0,100.0,0.0,0,2,No n'hi ha,-1.0,3,3,1,0,0,0,0,0,0,0,0,0,0,1,4,4,1,Envestida (frontal lateral),1,1,2,4,2,2,1,13.5,0,2,4,23,10
18698,2020,1,2020-05-12,SE,CALAFELL,Baix Penedes,0,0,1,0,2,0,0,0,1,1,0,0,0,40.0,0.0,0,-1,No n'hi ha,-1.0,3,3,1,-1,-1,0,0,-1,0,0,0,0,-1,0,5,-1,1,Fregament o col·lisió lateral,-1,2,2,5,0,2,1,0.08,2,2,1,12,5
18699,2020,0,2020-07-26,N-340,AMPOSTA,Montsia,0,0,1,1,1,0,0,0,1,0,0,0,0,100.0,0.0,0,2,No n'hi ha,-1.0,3,3,1,0,0,0,0,0,0,0,0,0,0,0,3,-1,1,Xoc contra objecte/obstacle sense sortida prèvia de via,-1,1,2,4,1,2,0,21.54,1,4,6,26,7
18700,2020,1,2020-10-01,SE,IGUALADA,Anoia,3,1,0,0,1,0,0,0,1,0,0,0,0,50.0,0.0,0,2,No n'hi ha,-1.0,3,3,0,-1,0,0,0,-1,0,0,0,0,-1,0,5,-1,1,Xoc contra objecte/obstacle sense sortida prèvia de via,-1,2,2,5,0,2,1,1.2,2,4,3,1,10
18701,2020,0,2020-11-06,C-58,SABADELL,Valles Occidental,3,0,1,1,2,0,0,0,0,2,0,0,0,120.0,0.0,0,2,No n'hi ha,-1.0,3,3,1,0,0,0,0,0,0,0,0,0,0,0,3,-1,1,Altres,-1,1,2,4,2,2,0,19.52,1,5,4,6,11
18702,2020,0,2020-08-19,BP-4654,ALPENS,Osona,3,0,1,0,1,0,0,0,1,0,0,0,0,90.0,0.0,0,-1,Sense Especificar,-1.0,3,3,1,0,0,0,0,0,0,0,0,0,0,0,4,-1,-1,Altres,-1,1,2,4,4,2,1,16.4,1,5,2,19,8
18703,2020,1,2020-09-19,SE,OLOT,Garrotxa,1,0,1,0,2,0,0,0,1,1,0,0,0,100.0,0.0,0,2,No n'hi ha,-1.0,3,3,1,0,0,0,0,0,0,0,0,0,0,1,4,4,1,Envestida (frontal lateral),1,2,2,5,0,2,0,17.54,1,2,5,19,9
18704,2020,0,2020-02-09,C-14,VILANOVA DE L'AGUDA,Noguera,2,1,0,1,2,0,0,0,0,2,0,0,0,70.0,0.0,0,2,No n'hi ha,-1.0,3,3,0,0,0,0,0,0,0,0,0,0,0,0,3,-1,1,Envestida (frontal lateral),-1,1,2,4,2,2,0,20.31,1,2,6,9,2
18705,2020,1,2020-01-16,SE,BARCELONA,Barcelones,3,0,1,0,2,1,0,0,0,1,0,0,0,100.0,0.0,1,-1,No n'hi ha,-1.0,3,3,1,0,0,0,0,0,0,0,0,0,0,1,0,-1,0,Atropellament,1,2,2,5,-1,2,1,20.0,1,3,3,16,1
18706,2020,1,2020-07-18,SE,VILAFRANCA DEL PENEDES,Alt Penedes,3,0,1,0,2,0,0,0,1,1,0,0,0,20.0,0.0,0,2,No n'hi ha,-1.0,3,3,1,-1,0,0,0,-1,0,0,0,0,-1,1,4,2,1,Encalç,3,2,2,5,-1,2,0,20.1,1,2,5,18,7
18707,2020,0,2020-05-18,CR,MOLLERUSSA,Pla d'Urgell,2,1,0,0,1,0,0,0,0,1,0,0,0,100.0,0.0,0,1,No n'hi ha,-1.0,3,3,0,0,0,0,0,0,0,0,0,0,0,0,4,-1,1,Resta sortides de via,-1,1,0,3,0,2,1,9.43,0,1,0,18,5
18708,2020,0,2020-05-27,CR,BOLVIR,Cerdanya,1,0,1,0,1,0,1,0,0,0,0,0,0,40.0,0.0,0,2,No n'hi ha,-1.0,3,3,1,0,0,0,0,0,0,0,0,0,0,0,4,-1,1,Caiguda en la via,-1,1,2,4,0,2,1,17.07,1,0,2,27,5
18709,2020,1,2020-05-30,BP-1413,SANT CUGAT DEL VALLES,Valles Occidental,3,0,1,0,1,0,1,0,0,0,0,0,0,100.0,0.0,0,2,Carril bici,-1.0,3,3,1,0,0,0,0,0,0,0,0,0,0,0,4,-1,1,Caiguda en la via,-1,0,3,5,3,2,0,8.18,0,0,5,30,5
18710,2020,1,2020-05-22,SE,BARCELONA,Barcelones,3,0,1,0,2,0,0,0,0,1,0,1,0,100.0,0.0,1,-1,No n'hi ha,-1.0,3,3,1,0,0,0,0,0,0,0,0,0,0,0,4,-1,1,Envestida (frontal lateral),-1,2,2,5,-1,2,0,16.37,1,2,4,22,5
18711,2020,1,2020-06-09,SE,BARCELONA,Barcelones,3,0,1,0,2,1,0,0,0,0,1,0,0,30.0,0.0,1,-1,Carril bus,-1.0,1,3,1,0,0,0,0,0,0,0,0,0,0,0,4,-1,1,Atropellament,-1,2,0,5,-1,2,1,19.15,1,3,1,9,6
18712,2020,0,2020-05-31,A-2,LLEIDA,Segria,2,1,0,0,1,0,0,0,0,1,0,0,0,100.0,0.0,0,2,No n'hi ha,-1.0,3,3,0,0,0,0,0,0,0,0,0,0,0,0,1,-1,1,Resta sortides de via,-1,1,2,4,1,2,0,6.06,0,1,6,31,5
18713,2020,0,2020-06-05,C-451,LLOBERA,Solsones,2,0,1,0,2,0,0,0,0,2,0,0,0,70.0,0.0,0,2,No n'hi ha,-1.0,3,3,1,0,0,0,0,0,0,0,0,0,0,1,4,4,1,Envestida (frontal lateral),0,1,2,4,3,2,1,11.0,0,2,4,5,6
18714,2020,1,2020-05-26,SE,CUBELLES,Garraf,3,0,1,0,1,0,0,0,0,0,0,1,0,100.0,0.0,0,-1,No n'hi ha,-1.0,3,3,1,0,0,0,0,0,0,0,0,0,0,0,4,-1,-1,Altres,-1,2,2,5,-1,2,1,22.1,2,5,1,26,5
18715,2020,1,2020-05-27,SE,CASTELLDEFELS,Baix Llobregat,3,0,1,0,2,1,0,0,0,1,0,0,0,100.0,0.0,0,2,No n'hi ha,0.0,3,3,1,0,0,0,0,0,0,0,0,0,0,2,4,2,1,Atropellament,1,2,2,5,-1,2,1,13.14,0,3,2,27,5
18716,2020,0,2020-05-26,C-26,VILADA,Bergueda,3,0,1,0,1,0,1,0,0,0,0,0,0,100.0,0.0,0,1,No n'hi ha,-1.0,3,3,1,0,0,0,0,0,0,0,0,0,0,0,4,-1,1,Altres,-1,1,2,4,2,2,1,19.57,1,5,1,26,5
18717,2020,1,2020-07-01,SE,BARBERA DEL VALLES,Valles Occidental,3,0,1,0,5,0,0,0,0,5,0,0,0,20.0,1.0,0,-1,No n'hi ha,-1.0,3,3,1,-1,0,0,0,-1,0,0,0,0,-1,0,1,-1,1,Fregament o col·lisió lateral,-1,2,2,5,-1,2,1,21.4,1,2,2,1,7
18718,2020,0,2020-06-08,-GIP 5121.00,BANYOLES,Pla de l'Estany,1,0,1,1,2,0,0,0,0,2,0,0,0,100.0,0.0,0,-1,No n'hi ha,-1.0,3,3,1,0,0,0,0,0,0,0,0,0,0,0,4,-1,-1,Envestida (frontal lateral),-1,1,2,4,-1,2,1,16.2,1,2,0,8,6
18719,2020,0,2020-06-07,C-44,VANDELLOS I L'HOSPITALET DE L'INFANT,Baix Camp,0,0,1,0,1,0,0,0,0,1,0,0,0,70.0,0.0,0,0,No n'hi ha,-1.0,3,3,1,0,0,0,0,0,0,0,0,0,0,0,2,-1,1,Resta sortides de via,-1,1,2,4,2,2,0,20.03,1,1,6,7,6
18720,2020,0,2020-06-20,C-1413B,CENTELLES,Osona,3,0,1,0,2,0,0,0,1,1,0,0,0,100.0,0.0,0,2,No n'hi ha,-1.0,3,3,1,0,0,0,0,0,0,0,0,0,0,0,4,-1,1,Envestida (frontal lateral),-1,1,2,4,4,2,0,9.5,0,2,5,20,6
18721,2020,0,2020-07-05,N-260,SORIGUERA,Pallars Sobira,2,0,1,0,2,0,0,0,2,0,0,0,0,100.0,0.0,0,1,No n'hi ha,-1.0,3,3,1,0,0,0,0,0,0,0,0,0,0,0,4,-1,1,Fregament o col·lisió lateral,-1,1,2,4,1,2,0,10.23,0,2,6,5,7
18722,2020,0,2020-06-17,BV-3003,SANT MATEU DE BAGES,Bages,3,0,1,0,2,0,0,1,0,0,1,0,0,50.0,0.0,0,1,No n'hi ha,-1.0,3,3,1,0,0,0,0,0,0,0,0,0,0,0,4,-1,1,Caiguda en la via,-1,1,2,4,3,2,1,13.08,0,0,2,17,6
18723,2020,1,2020-07-13,SE,SABADELL,Valles Occidental,3,0,1,0,2,1,0,0,0,1,0,0,0,100.0,0.0,0,2,No n'hi ha,-1.0,3,3,1,0,0,0,0,0,0,0,0,0,0,2,4,2,1,Atropellament,2,2,2,5,-1,2,1,9.48,0,3,0,13,7
18724,2020,0,2020-06-20,BV-2411,AVINYONET DEL PENEDES,Alt Penedes,3,0,1,0,1,0,0,0,1,0,0,0,0,90.0,0.0,0,-1,Sense Especificar,-1.0,3,3,1,0,0,0,0,0,0,0,0,0,0,0,4,-1,-1,Altres,-1,1,2,4,4,2,0,9.09,0,5,5,20,6