,Year,Area,Date,Road,Municipality Name,County Name,Province Name,Fatalties,Serious Injuries,Light Injuries,Units Involved,Pedestrains Involved,Bicycles Involved,Mopeds Involved,Motorcycles,Light Vehicles Involved,Heavy Vehicles Involved,Other Units Involved,Unspecified Units Involved,Road Speed Limit,Accident with Hit and Run,Fog Presence,Surrounding Environment,Special Lane Presence,Special Traffic Measures,Weather Conditions,Special Road Functions,Severity of Accident,Influence of Fog,Influence of Environment,Influence of Traffic,Influence of Weather,Influence of Wind Intensity,Influence of Lighting,Influence of Special Measures,Influence of Road Objects,Influence of Road Surface,Influence of Visibility,Intersection Characteristics,Lighting Conditions,Traffic Regulation and Priority,Direction of Road,Subtype of Accident,Subtype of Road Section,Subzone within Area,Road Surface Conditions,Type of Road,Road Ownership,Wind Conditions,Day of the Week Grouping,Hour of Day,Time of Day Grouping,Type of Accident,Day Type,Day,Month
18725,2020,0,2020-06-26,BV-5106,ORRIUS,Maresme,3,0,1,0,1,0,1,0,0,0,0,0,0,90.0,0.0,0,-1,Sense Especificar,-1.0,3,3,1,0,0,0,0,0,0,0,0,0,0,0,4,-1,-1,Altres,-1,1,2,4,4,2,0,19.38,1,5,4,26,6
18726,2020,0,2020-08-06,N-II,"MASNOU, EL",Maresme,3,0,1,0,2,0,1,0,0,1,0,0,0,100.0,0.0,0,1,No n'hi ha,-1.0,3,3,1,0,0,0,0,0,0,0,0,0,0,0,4,-1,1,Envestida (frontal lateral),-1,1,2,4,2,2,1,7.41,0,2,3,6,8
18727,2020,0,2020-08-06,C-13,LLAVORSI,Pallars Sobira,2,0,1,0,1,0,1,0,0,0,0,0,0,40.0,0.0,0,1,No n'hi ha,0.0,3,3,1,0,0,0,0,0,0,0,0,0,0,0,4,-1,1,Caiguda en la via,-1,1,2,4,2,2,1,11.26,0,0,3,6,8
18728,2020,0,2020-06-30,BV-1221,MURA,Bages,3,0,1,0,1,0,1,0,0,0,0,0,0,90.0,0.0,0,-1,Sense Especificar,-1.0,3,3,1,0,0,0,0,0,0,0,0,0,0,0,4,-1,-1,Altres,-1,1,2,4,4,2,1,20.14,1,5,1,30,6
18729,2020,0,2020-09-26,AP-7,ULLDECONA,Montsia,0,0,1,1,2,0,0,0,0,1,0,1,0,90.0,0.0,0,-1,Sense Especificar,-1.0,3,3,1,0,0,0,0,0,0,0,0,0,0,0,4,-1,-1,Encalç,-1,1,2,4,4,2,0,10.58,0,2,5,26,9
18730,2020,1,2020-07-16,SE,VALLIRANA,Baix Llobregat,3,1,0,0,2,0,0,0,1,1,0,0,0,100.0,0.0,0,-1,No n'hi ha,-1.0,3,3,0,0,0,0,0,0,0,0,0,0,0,0,4,-1,-1,Fregament o col·lisió lateral,-1,2,2,5,-1,2,1,20.3,1,2,3,16,7
18731,2020,0,2020-07-19,C-32,VILANOVA I LA GELTRU,Garraf,3,1,0,0,2,0,0,0,0,2,0,0,0,120.0,0.0,0,2,No n'hi ha,-1.0,3,3,0,0,0,0,0,0,0,0,0,0,0,0,0,-1,1,Resta sortides de via,-1,1,2,4,2,2,0,4.08,2,1,6,19,7
18732,2020,1,2020-07-25,SE,TARRAGONA,Tarragones,0,0,1,0,2,1,0,0,0,1,0,0,0,100.0,0.0,0,2,No n'hi ha,-1.0,3,3,1,0,0,0,0,0,0,0,0,0,1,0,4,-1,0,Atropellament,-1,2,2,5,-1,2,0,13.3,0,3,5,25,7
18733,2020,1,2020-08-31,SE,REUS,Baix Camp,0,0,1,0,2,1,0,0,0,1,0,0,0,100.0,0.0,0,-1,No n'hi ha,-1.0,3,3,1,0,0,0,0,0,1,0,0,0,0,0,4,-1,-1,Atropellament,-1,2,2,5,-1,2,1,8.45,0,3,0,31,8
18734,2020,1,2020-07-19,SE,SABADELL,Valles Occidental,3,0,1,0,1,0,0,0,1,0,0,0,0,100.0,0.0,0,-1,No n'hi ha,-1.0,3,3,1,0,0,0,0,0,0,0,0,0,0,0,4,-1,-1,Altres,-1,2,2,5,-1,2,0,2.0,2,5,6,19,7
18735,2020,1,2020-02-10,SE,CASSA DE LA SELVA,Girones,1,0,1,0,2,0,2,0,0,0,0,0,0,20.0,0.0,0,-1,No n'hi ha,-1.0,3,3,1,0,0,0,0,0,0,0,0,0,0,1,4,4,1,Envestida (frontal lateral),3,2,2,5,-1,2,1,16.25,1,2,0,10,2
18736,2020,1,2020-09-04,SE,CAMBRILS,Baix Camp,0,0,1,0,2,0,0,0,1,0,1,0,0,100.0,0.0,0,-1,No n'hi ha,-1.0,3,3,1,0,0,0,0,0,0,0,0,0,0,0,4,-1,-1,Envestida (frontal lateral),-1,2,2,5,-1,2,1,12.3,0,2,4,4,9
18737,2020,0,2020-07-26,N-260,BOLVIR,Cerdanya,1,1,2,0,2,0,0,0,0,2,0,0,0,100.0,0.0,0,1,Altres,-1.0,3,3,0,0,0,0,0,0,0,0,0,0,0,1,4,4,1,Envestida (frontal lateral),0,1,2,4,1,2,0,17.48,1,2,6,26,7
18738,2020,1,2020-09-25,SE,TERRASSA,Valles Occidental,3,0,1,0,2,0,0,1,0,0,1,0,0,100.0,0.0,0,-1,No n'hi ha,-1.0,3,3,1,0,0,0,0,0,0,0,0,0,0,0,4,-1,-1,Envestida (frontal lateral),-1,2,2,5,-1,2,0,21.45,1,2,4,25,9
18739,2020,0,2020-07-28,T-11,TARRAGONA,Tarragones,0,0,1,0,2,0,0,0,0,1,1,0,0,60.0,0.0,0,2,No n'hi ha,-1.0,3,3,1,0,0,0,0,0,0,0,0,0,0,0,4,-1,0,Encalç,-1,1,2,4,1,2,1,15.52,1,2,1,28,7
18740,2020,1,2020-06-27,SE,BARCELONA,Barcelones,3,0,2,1,2,0,1,0,1,0,0,0,0,100.0,0.0,1,-1,No n'hi ha,-1.0,3,3,1,0,0,0,0,0,0,0,0,0,0,0,4,-1,0,Envestida (frontal lateral),-1,2,2,5,-1,2,0,17.15,1,2,5,27,6
18741,2020,1,2020-12-21,SE,OLOT,Garrotxa,1,0,1,0,2,0,0,0,0,2,0,0,0,100.0,0.0,0,2,No n'hi ha,-1.0,3,3,1,0,0,0,0,0,0,0,0,0,0,1,4,4,0,Fregament o col·lisió lateral,2,2,2,5,-1,2,1,12.17,0,2,0,21,12
18742,2020,1,2020-10-08,SE,CASTELLGALI,Bages,3,0,1,0,2,0,0,0,1,1,0,0,0,30.0,0.0,0,2,No n'hi ha,-1.0,3,3,1,0,0,0,0,0,0,0,0,0,1,1,5,4,1,Envestida (frontal lateral),2,2,2,5,0,2,1,20.12,1,2,3,8,10
18743,2020,1,2020-09-05,SE,VILADECANS,Baix Llobregat,3,0,1,0,1,0,0,0,1,0,0,0,0,100.0,0.0,0,-1,No n'hi ha,-1.0,3,3,1,0,0,0,0,0,0,0,0,0,0,0,5,-1,-1,Sortida de via amb xoc o col·lisió,-1,2,2,5,-1,2,0,0.43,2,1,5,5,9
18744,2020,0,2020-11-16,A-2,SANT JOAN DESPI,Baix Llobregat,3,0,2,0,2,0,0,0,1,1,0,0,0,80.0,0.0,0,3,No n'hi ha,-1.0,3,3,1,0,0,0,0,0,0,0,0,0,0,0,4,-1,0,Encalç,-1,1,2,4,1,2,1,14.5,1,2,0,16,11
18745,2020,1,2020-12-23,SE,TERRASSA,Valles Occidental,3,0,1,0,3,0,0,1,0,2,0,0,0,100.0,0.0,0,-1,No n'hi ha,-1.0,3,3,1,0,0,0,0,0,0,0,0,0,0,0,4,-1,-1,Envestida (frontal lateral),-1,2,2,5,-1,2,1,17.5,1,2,2,23,12
18746,2020,0,2020-06-13,CR,PERAMOLA,Alt Urgell,2,0,1,0,1,0,0,0,1,0,0,0,0,100.0,0.0,0,1,No n'hi ha,-1.0,3,3,1,0,0,0,0,0,0,0,0,0,0,0,4,-1,1,Caiguda en la via,-1,1,2,4,0,2,0,13.17,0,0,5,13,6
18747,2020,0,2020-05-19,C-35,SANTA MARIA DE PALAU,Valles Oriental,3,1,0,0,2,0,0,0,0,0,1,1,0,100.0,0.0,0,-1,No n'hi ha,-1.0,3,3,0,0,0,0,0,0,0,0,0,0,0,0,4,-1,-1,Altres,-1,1,2,4,-1,2,1,7.03,0,5,1,19,5
18748,2020,0,2020-12-24,C-1415A,TERRASSA,Valles Occidental,3,1,0,0,2,0,1,0,0,0,1,0,0,100.0,0.0,0,-1,No n'hi ha,-1.0,3,3,0,0,0,0,0,0,0,0,0,0,0,0,4,-1,-1,Caiguda en la via,-1,1,2,4,-1,2,1,10.53,0,0,3,24,12
18749,2020,1,2020-09-18,SE,TEIA,Maresme,3,0,1,0,2,0,0,0,1,1,0,0,0,100.0,0.0,0,2,No n'hi ha,-1.0,3,3,1,0,0,0,0,0,0,0,0,0,0,0,3,-1,1,Envestida (frontal lateral),-1,2,2,5,0,2,1,0.32,2,2,4,18,9
18750,2020,0,2020-09-26,BV-2411,BEGUES,Baix Llobregat,3,0,1,0,2,0,0,0,1,1,0,0,0,100.0,0.0,0,2,No n'hi ha,-1.0,3,3,1,0,0,0,0,0,0,0,0,0,0,0,4,-1,1,Col·lisió frontal,-1,1,2,4,0,2,0,12.14,0,2,5,26,9
18751,2020,0,2020-07-12,CR,SANT JAUME D'ENVEJA,Montsia,0,0,1,0,3,0,1,0,0,2,0,0,0,100.0,0.0,0,2,Carril bici,-1.0,3,3,1,0,0,0,0,0,0,0,0,0,0,0,3,-1,1,Encalç,-1,1,2,3,0,2,0,22.13,2,2,6,12,7
18752,2020,0,2020-07-30,N-240,VIMBODI,Conca de Barbera,0,0,2,2,3,0,0,0,0,3,0,0,0,90.0,0.0,0,3,No n'hi ha,-1.0,3,3,1,0,0,0,0,0,0,0,0,0,0,0,0,-1,1,Col·lisió frontal,-1,1,2,4,1,2,1,18.27,1,2,3,30,7
18753,2020,1,2020-12-18,BV-5001,VILANOVA DEL VALLES,Valles Oriental,3,0,1,0,2,0,0,0,0,2,0,0,0,20.0,,0,-1,No n'hi ha,-1.0,3,3,1,-1,-1,0,0,-1,0,0,0,0,0,1,4,4,1,Fregament o col·lisió lateral,0,0,2,5,0,2,0,18.4,1,2,4,18,12
18754,2020,0,2020-10-23,N-240,MONTBLANC,Conca de Barbera,0,0,1,0,3,0,0,0,0,2,1,0,0,80.0,0.0,0,1,No n'hi ha,-1.0,1,3,1,0,0,0,0,0,0,0,0,0,0,0,3,-1,1,Envestida (frontal lateral),-1,1,2,4,1,2,1,7.26,0,2,4,23,10
18755,2020,0,2020-11-05,B-224,PIERA,Anoia,3,0,1,1,2,0,0,0,0,2,0,0,0,50.0,0.0,0,1,No n'hi ha,-1.0,3,3,1,0,0,0,0,0,0,0,0,0,0,0,3,-1,1,Col·lisió frontal,-1,1,2,4,3,2,1,7.16,0,2,3,5,11
18756,2020,0,2020-12-03,N-II,MALGRAT DE MAR,Maresme,3,0,1,0,2,1,0,0,0,1,0,0,0,60.0,0.0,0,2,Altres,-1.0,3,3,1,0,0,0,0,0,0,0,0,0,0,0,4,-1,1,Atropellament,-1,1,2,4,1,2,1,8.38,0,3,3,3,12
18757,2020,1,2020-11-04,SE,BARCELONA,Barcelones,3,0,1,0,2,0,0,0,1,1,0,0,0,100.0,0.0,1,-1,No n'hi ha,-1.0,1,3,1,0,0,0,0,0,0,0,0,0,0,0,4,-1,0,Encalç,-1,2,0,5,-1,2,1,15.15,1,2,2,4,11
18758,2020,0,2020-08-24,GIV-6216,TORROELLA DE FLUVIA,Alt Emporda,1,0,1,0,1,0,0,1,0,0,0,0,0,90.0,0.0,0,-1,Sense Especificar,-1.0,3,3,1,0,0,0,0,0,0,0,0,0,0,0,4,-1,-1,Altres,-1,1,2,4,4,2,1,13.03,0,5,0,24,8
18759,2020,1,2020-12-19,SE,CORNELLA DE LLOBREGAT,Baix Llobregat,3,0,1,0,2,0,1,0,0,1,0,0,0,20.0,0.0,0,-1,No n'hi ha,-1.0,3,3,1,0,0,0,0,0,0,0,0,0,0,1,4,4,-1,Envestida (frontal lateral),1,2,2,5,-1,2,0,17.45,1,2,5,19,12
18760,2020,1,2020-10-12,BV-5001,SANTA COLOMA DE GRAMANET,Barcelones,3,0,1,0,2,0,1,0,0,1,0,0,0,90.0,0.0,0,-1,No n'hi ha,-1.0,3,3,1,-1,-1,0,0,-1,0,0,0,0,-1,1,4,4,1,Caiguda en la via,0,0,2,4,-1,2,1,14.28,1,0,0,12,10
18761,2020,1,2020-04-14,SE,BARCELONA,Barcelones,3,0,1,0,2,1,0,0,0,1,0,0,0,100.0,0.0,1,-1,No n'hi ha,-1.0,3,3,1,0,0,0,0,0,0,0,0,0,0,1,4,-1,0,Atropellament,2,2,2,5,-1,2,1,13.44,0,3,1,14,4
18762,2020,1,2020-07-19,SE,SANTA EUGENIA DE BER,Osona,3,0,1,1,2,0,0,1,0,1,0,0,0,20.0,0.0,0,-1,Sense Especificar,-1.0,3,3,1,0,0,0,0,0,0,0,0,0,0,1,4,4,-1,Envestida (frontal lateral),2,2,2,5,-1,2,0,19.5,1,2,6,19,7
18763,2020,0,2020-05-20,C-32,MATARO,Maresme,3,0,2,0,3,0,0,0,1,2,0,0,0,100.0,0.0,0,1,No n'hi ha,-1.0,3,3,1,0,0,0,0,0,0,0,0,0,0,0,4,-1,0,Fregament o col·lisió lateral,-1,1,2,4,2,2,1,20.4,1,2,2,20,5
18764,2020,1,2020-08-05,SE,VILADECANS,Baix Llobregat,3,0,1,0,2,0,0,0,1,1,0,0,0,100.0,0.0,0,-1,No n'hi ha,-1.0,3,3,1,0,0,0,0,0,0,0,0,0,0,1,4,4,1,Envestida (frontal lateral),2,2,2,5,-1,2,1,12.1,0,2,2,5,8
18765,2020,1,2020-08-12,SE,VIC,Osona,3,0,1,0,2,0,0,0,1,1,0,0,0,100.0,0.0,0,2,No n'hi ha,-1.0,3,3,1,0,0,0,0,0,0,0,0,0,0,1,4,5,1,Envestida (frontal lateral),3,2,2,5,-1,2,1,15.0,1,2,2,12,8
18766,2020,1,2020-11-13,SE,SANT QUIRZE DEL VALLES,Valles Occidental,3,0,1,1,5,0,0,0,0,5,0,0,0,30.0,0.0,0,-1,No n'hi ha,-1.0,3,3,1,-1,-1,0,0,-1,0,0,0,0,-1,0,4,-1,-1,Xoc contra objecte/obstacle sense sortida prèvia de via,-1,2,2,5,-1,2,1,13.0,0,4,4,13,11
18767,2020,1,2020-05-05,SE,SABADELL,Valles Occidental,3,0,1,0,2,0,0,0,1,1,0,0,0,100.0,0.0,0,-1,No n'hi ha,-1.0,3,3,1,0,0,0,0,0,0,0,0,0,0,0,4,-1,1,Envestida (frontal lateral),-1,2,2,5,-1,2,1,11.13,0,2,1,5,5
18768,2020,0,2020-08-02,A-7,MONT-ROIG DEL CAMP,Baix Camp,0,0,1,0,2,0,0,0,1,1,0,0,0,100.0,0.0,0,0,No n'hi ha,-1.0,3,3,1,0,0,0,0,0,0,0,0,0,0,0,4,-1,0,Caiguda en la via,-1,1,2,4,1,2,0,15.13,1,0,6,2,8
18769,2020,1,2020-11-27,SE,VIC,Osona,3,0,1,0,2,1,0,0,0,1,0,0,0,100.0,0.0,0,2,No n'hi ha,-1.0,2,3,1,0,0,0,0,0,0,0,0,0,0,2,5,5,1,Atropellament,0,2,2,5,-1,2,0,19.21,1,3,4,27,11
18770,2020,1,2020-09-27,SE,"VENDRELL, EL",Baix Penedes,0,0,1,0,3,0,0,0,1,2,0,0,0,40.0,0.0,0,-1,No n'hi ha,-1.0,3,3,1,-1,-1,0,0,-1,0,0,0,0,-1,1,4,4,1,Envestida (frontal lateral),0,2,2,5,0,2,0,17.34,1,2,6,27,9
18771,2020,0,2020-11-14,SE,TARRAGONA,Tarragones,0,0,1,0,1,0,0,0,1,0,0,0,0,20.0,0.0,0,1,No n'hi ha,-1.0,3,3,1,0,0,0,0,0,0,0,0,0,0,0,4,-1,1,Caiguda en la via,-1,1,2,0,0,2,0,13.5,0,0,5,14,11
18772,2020,1,2020-06-26,C-260,ROSES,Alt Emporda,1,0,1,0,2,1,0,0,0,1,0,0,0,100.0,0.0,0,-1,No n'hi ha,-1.0,3,3,1,0,0,0,0,0,0,0,0,0,0,0,0,-1,-1,Atropellament,-1,0,2,4,0,2,0,22.15,2,3,4,26,6
18773,2020,1,2020-07-04,SE,ALFARRAS,Segria,2,0,1,0,2,1,0,0,0,0,1,0,0,100.0,0.0,0,2,No n'hi ha,-1.0,3,3,1,0,0,0,0,0,0,0,0,0,0,0,4,-1,1,Atropellament,-1,2,2,5,-1,2,0,11.41,0,3,5,4,7
18774,2020,1,2020-08-26,N-IIa,FIGUERES,Alt Emporda,1,0,1,0,2,0,0,0,1,1,0,0,0,80.0,0.0,0,2,No n'hi ha,-1.0,3,3,1,0,0,0,0,0,0,0,0,0,0,1,4,5,1,Xoc contra objecte/obstacle sense sortida prèvia de via,1,0,2,4,1,2,1,8.03,0,4,2,26,8
18775,2020,0,2020-09-02,N-260,RIBES DE FRESER,Ripolles,1,0,1,0,2,0,0,0,1,1,0,0,0,60.0,0.0,0,1,No n'hi ha,-1.0,3,3,1,0,0,0,0,0,0,0,0,0,0,0,4,-1,1,Encalç,-1,1,2,4,1,2,1,13.45,0,2,2,2,9
18776,2020,0,2020-12-12,C-25,FOLGUEROLES,Osona,3,0,1,1,1,0,0,0,0,1,0,0,0,100.0,0.0,0,2,Altres,-1.0,3,3,1,0,0,0,0,0,1,0,0,0,0,0,3,-1,0,Resta sortides de via,-1,1,2,4,2,2,0,19.46,1,1,5,12,12
18777,2020,0,2020-05-10,N-260,"VALL DE BIANYA, LA",Garrotxa,1,0,1,1,1,0,0,0,0,0,1,0,0,90.0,0.0,0,0,Altres,-1.0,1,3,1,0,0,0,0,0,0,0,0,0,0,0,2,-1,1,Resta sortides de via,-1,1,2,4,1,2,0,10.31,0,1,6,10,5
18778,2020,0,2020-05-14,C-246a,SANT PERE DE RIBES,Garraf,3,0,1,1,2,0,0,0,0,1,1,0,0,50.0,0.0,0,3,No n'hi ha,-1.0,1,3,1,0,0,0,0,0,0,0,0,0,0,0,1,-1,1,Col·lisió frontal,-1,1,2,4,2,2,1,21.13,1,2,3,14,5
18779,2020,0,2020-05-18,GI-682,BLANES,Selva,1,0,1,0,2,1,0,0,0,1,0,0,0,100.0,0.0,0,-1,No n'hi ha,-1.0,3,3,1,0,0,0,0,0,0,0,0,0,0,0,4,-1,-1,Atropellament,-1,1,2,4,-1,2,1,9.18,0,3,0,18,5
18780,2020,1,2020-05-21,SE,BANYOLES,Pla de l'Estany,1,0,1,1,2,1,0,0,0,1,0,0,0,20.0,0.0,0,-1,No n'hi ha,-1.0,3,3,1,-1,-1,0,0,-1,0,0,0,0,0,0,4,-1,-1,Atropellament,-1,2,2,5,-1,2,1,11.0,0,3,3,21,5
18781,2020,1,2020-12-14,SE,SANTA COLOMA DE CERV,Baix Llobregat,3,0,1,0,2,0,0,0,1,1,0,0,0,20.0,0.0,0,-1,No n'hi ha,-1.0,3,3,1,0,0,0,0,0,0,0,0,0,0,0,4,-1,-1,Resta sortides de via,-1,2,2,5,-1,2,1,13.5,0,1,0,14,12
18782,2020,1,2020-05-07,SE,PARETS DEL VALLES,Valles Oriental,3,1,0,0,1,0,0,0,0,1,0,0,0,20.0,0.0,0,-1,No n'hi ha,-1.0,3,3,0,-1,-1,0,0,-1,0,0,0,0,0,0,4,-1,-1,Xoc contra objecte/obstacle sense sortida prèvia de via,-1,2,2,5,-1,2,1,10.58,0,4,3,7,5
18783,2020,1,2020-05-26,SE,BARCELONA,Barcelones,3,0,1,1,2,0,0,0,1,1,0,0,0,100.0,0.0,1,-1,No n'hi ha,-1.0,3,3,1,0,0,0,0,0,0,0,0,0,0,1,4,-1,1,Envestida (frontal lateral),2,2,2,5,-1,2,1,10.4,0,2,1,26,5
18784,2020,1,2020-12-16,SE,TARRAGONA,Tarragones,0,0,1,0,2,0,0,0,1,1,0,0,0,100.0,0.0,0,2,No n'hi ha,-1.0,3,3,1,0,0,0,0,0,0,0,0,0,0,0,4,-1,1,Envestida (frontal lateral),-1,2,2,5,-1,2,1,16.4,1,2,2,16,12
18785,2020,1,2020-11-06,SE,CALONGE,Baix Emporda,1,0,1,0,2,0,0,1,0,1,0,0,0,30.0,0.0,0,1,No n'hi ha,-1.0,3,3,1,0,1,0,0,0,0,0,0,0,0,0,2,-1,1,Col·lisió frontal,-1,2,2,5,-1,2,1,13.55,0,2,4,6,11
18786,2020,1,2020-12-18,SE,SABADELL,Valles Occidental,3,0,1,0,2,1,0,0,0,1,0,0,0,100.0,0.0,0,-1,No n'hi ha,-1.0,3,3,1,0,0,0,0,0,0,0,0,0,0,0,4,-1,-1,Altres,-1,2,2,5,-1,2,0,20.39,1,5,4,18,12
18787,2020,0,2020-10-17,T-11,REUS,Baix Camp,0,0,1,0,2,0,0,0,1,0,1,0,0,100.0,0.0,0,1,No n'hi ha,-1.0,3,3,1,0,0,0,0,0,0,0,0,0,0,0,4,-1,0,Encalç,-1,1,2,4,1,2,0,15.42,1,2,5,17,10
18788,2020,0,2020-02-26,C-14,ALCOVER,Alt Camp,0,0,1,0,1,0,0,0,0,1,0,0,0,90.0,0.0,0,-1,Sense Especificar,-1.0,3,3,1,0,0,0,0,0,0,0,0,0,0,0,4,-1,-1,Resta sortides de via,-1,1,2,4,4,2,1,21.25,1,1,2,26,2
18789,2020,0,2020-07-19,BP-2121,VILAFRANCA DEL PENEDES,Alt Penedes,3,0,1,0,1,0,0,0,1,0,0,0,0,90.0,0.0,0,-1,Sense Especificar,-1.0,3,3,1,0,0,0,0,0,0,0,0,0,0,0,4,-1,-1,Altres,-1,1,2,4,4,2,0,14.11,1,5,6,19,7
18790,2020,0,2020-09-18,N-141c,MOIA,Moianès,3,0,1,1,2,0,0,0,0,2,0,0,0,100.0,0.0,0,1,No n'hi ha,-1.0,2,3,1,0,0,0,1,0,0,0,0,0,0,0,2,-1,1,Envestida (frontal lateral),-1,1,2,4,1,2,1,13.2,0,2,4,18,9
18791,2020,1,2020-08-31,SE,BARCELONA,Barcelones,3,0,1,1,2,1,0,0,1,0,0,0,0,100.0,0.0,1,-1,No n'hi ha,-1.0,3,3,1,0,0,0,0,0,0,0,0,0,0,1,4,-1,0,Atropellament,2,2,2,5,-1,2,1,14.15,1,3,0,31,8
18792,2020,1,2020-11-10,SE,BADALONA,Barcelones,3,0,1,0,2,1,0,0,0,1,0,0,0,20.0,0.0,0,-1,No n'hi ha,-1.0,3,3,1,-1,0,0,0,-1,0,0,0,0,0,0,4,-1,1,Atropellament,-1,2,2,5,0,2,1,15.5,1,3,1,10,11
18793,2020,0,2020-12-22,C-153,SANTA MARIA DE CORCO,Osona,3,0,1,2,2,0,0,0,0,2,0,0,0,100.0,0.0,0,0,No n'hi ha,-1.0,3,3,1,0,0,0,0,0,0,0,0,0,0,0,4,-1,1,Col·lisió frontal,-1,1,2,4,2,2,1,11.3,0,2,1,22,12
18794,2020,1,2020-12-19,T-240,"BISBAL DEL PENEDES, LA",Baix Penedes,0,0,1,0,2,1,0,0,0,1,0,0,0,40.0,1.0,0,2,No n'hi ha,-1.0,3,3,1,0,0,0,0,0,0,0,0,0,0,0,5,-1,1,Atropellament,-1,0,2,4,2,2,0,20.0,1,3,5,19,12
18795,2020,0,2020-12-25,B-250,"PRAT DE LLOBREGAT, E",Baix Llobregat,3,0,2,3,2,0,0,0,0,2,0,0,0,60.0,0.0,0,2,No n'hi ha,-1.0,3,3,1,0,0,0,0,0,0,0,0,0,0,0,4,-1,1,Col·lisió frontal,-1,1,2,4,2,2,1,13.0,0,2,4,25,12
18796,2020,1,2020-12-11,SE,TARRAGONA,Tarragones,0,0,1,0,2,1,0,0,0,1,0,0,0,20.0,0.0,0,2,No n'hi ha,-1.0,1,3,1,0,0,0,0,0,1,0,0,0,0,0,5,-1,1,Atropellament,-1,2,2,5,-1,2,0,17.45,1,3,4,11,12
18797,2020,1,2020-10-22,SE,BARCELONA,Barcelones,3,0,1,1,2,0,1,0,0,0,0,1,0,100.0,0.0,1,-1,Carril bici,-1.0,3,3,1,0,0,0,0,0,0,0,0,0,0,0,4,-1,0,Col·lisió frontal,-1,2,2,5,-1,2,1,17.0,1,2,3,22,10
18798,2020,0,2020-11-25,C-59,SANTA PERPETUA DE MO,Valles Occidental,3,0,1,1,2,0,0,0,1,1,0,0,0,100.0,0.0,0,2,No n'hi ha,-1.0,3,3,1,0,0,0,0,0,0,0,0,0,0,0,4,-1,0,Encalç,-1,1,2,4,2,2,1,9.2,0,2,2,25,11
18799,2020,0,2020-11-24,C-352,"ROCA DEL VALLES, LA",Valles Oriental,3,0,1,0,3,0,1,0,0,2,0,0,0,100.0,0.0,0,2,No n'hi ha,-1.0,3,3,1,0,0,0,0,0,0,0,0,0,0,0,3,-1,0,Fregament o col·lisió lateral,-1,1,2,4,2,2,1,21.21,1,2,1,24,11
18800,2020,0,2020-12-19,CR,VALLIRANA,Baix Llobregat,3,0,1,0,1,0,0,0,1,0,0,0,0,100.0,0.0,0,1,No n'hi ha,-1.0,3,3,1,0,0,0,0,0,0,0,0,0,0,0,4,-1,1,Resta sortides de via,-1,1,0,3,0,2,0,14.18,1,1,5,19,12
18801,2020,0,2020-11-11,B-10,SANT ADRIA DE BESOS,Barcelones,3,0,1,0,2,0,0,0,1,1,0,0,0,80.0,0.0,0,2,No n'hi ha,-1.0,3,3,1,0,0,0,0,0,0,0,0,0,0,0,4,-1,0,Caiguda en la via,-1,1,2,4,4,2,1,8.22,0,0,2,11,11
18802,2020,1,2020-08-31,SE,MONTORNES DEL VALLES,Valles Oriental,3,0,1,0,2,1,0,0,0,1,0,0,0,20.0,0.0,0,-1,No n'hi ha,-1.0,3,3,1,-1,1,0,0,-1,0,0,0,0,1,0,5,-1,0,Atropellament,-1,2,2,5,-1,2,1,21.12,1,3,0,31,8
18803,2020,1,2020-12-11,SE,CORNELLA DE LLOBREGAT,Baix Llobregat,3,0,1,0,1,0,1,0,0,0,0,0,0,30.0,0.0,0,-1,No n'hi ha,-1.0,1,3,1,0,0,0,0,0,0,0,0,0,0,0,2,-1,-1,Caiguda en la via,-1,2,0,5,0,2,1,11.18,0,0,4,11,12
18804,2020,1,2020-10-27,SE,BARCELONA,Barcelones,3,0,1,0,2,1,0,0,0,1,0,0,0,100.0,0.0,1,-1,No n'hi ha,-1.0,3,3,1,0,0,0,0,0,0,0,0,0,0,0,0,-1,0,Atropellament,-1,2,2,5,-1,2,1,18.0,1,3,1,27,10
18805,2020,1,2020-12-21,SE,SANT CARLES DE LA RAPITA,Montsia,0,0,1,0,2,0,0,1,0,1,0,0,0,40.0,0.0,0,2,No n'hi ha,-1.0,3,3,1,0,0,0,0,0,0,0,0,0,0,1,4,4,1,Envestida (frontal lateral),2,2,2,5,-1,2,1,9.28,0,2,0,21,12
18806,2020,1,2020-11-12,SE,TARRAGONA,Tarragones,0,0,1,0,2,0,0,0,1,1,0,0,0,30.0,0.0,0,2,No n'hi ha,-1.0,3,3,1,0,0,0,0,0,0,0,0,0,0,0,4,-1,1,Col·lisió frontal,-1,2,2,5,-1,2,1,15.3,1,2,3,12,11
18807,2020,1,2020-01-21,SE,OLOT,Garrotxa,1,0,1,0,2,1,0,0,0,1,0,0,0,100.0,0.0,0,3,No n'hi ha,-1.0,1,3,1,0,0,0,0,0,0,0,0,0,0,0,5,-1,1,Atropellament,-1,2,2,5,-1,2,1,7.53,0,3,1,21,1
18808,2020,1,2020-03-07,SE,BARCELONA,Barcelones,3,0,1,0,1,0,0,0,1,0,0,0,0,50.0,0.0,1,-1,No n'hi ha,-1.0,3,3,1,0,0,0,0,0,0,0,0,0,0,0,4,-1,1,Caiguda en la via,-1,2,2,5,-1,2,0,16.25,1,0,5,7,3