,Year,Area,Date,Road,Municipality Name,County Name,Province Name,Fatalties,Serious Injuries,Light Injuries,Units Involved,Pedestrains Involved,Bicycles Involved,Mopeds Involved,Motorcycles,Light Vehicles Involved,Heavy Vehicles Involved,Other Units Involved,Unspecified Units Involved,Road Speed Limit,Accident with Hit and Run,Fog Presence,Surrounding Environment,Special Lane Presence,Special Traffic Measures,Weather Conditions,Special Road Functions,Severity of Accident,Influence of Fog,Influence of Environment,Influence of Traffic,Influence of Weather,Influence of Wind Intensity,Influence of Lighting,Influence of Special Measures,Influence of Road Objects,Influence of Road Surface,Influence of Visibility,Intersection Characteristics,Lighting Conditions,Traffic Regulation and Priority,Direction of Road,Subtype of Accident,Subtype of Road Section,Subzone within Area,Road Surface Conditions,Type of Road,Road Ownership,Wind Conditions,Day of the Week Grouping,Hour of Day,Time of Day Grouping,Type of Accident,Day Type,Day,Month
18809,2020,0,2020-04-15,BV-2241,PIERA,Anoia,3,0,2,0,2,0,0,0,0,2,0,0,0,100.0,0.0,0,2,No n'hi ha,-1.0,3,3,1,0,0,0,0,0,0,0,0,0,0,0,4,-1,1,Col·lisió frontal,-1,1,2,4,2,2,1,12.08,0,2,2,15,4
18810,2020,1,2020-03-06,SE,BARCELONA,Barcelones,3,1,0,0,2,1,0,0,0,0,1,0,0,100.0,0.0,1,-1,No n'hi ha,-1.0,3,3,0,0,0,0,0,0,0,0,0,0,0,1,4,-1,1,Atropellament,0,2,2,5,-1,2,1,12.5,0,3,4,6,3
18811,2020,1,2020-01-14,BP-1503,TERRASSA,Valles Occidental,3,0,1,0,2,0,0,1,0,1,0,0,0,100.0,0.0,0,2,No n'hi ha,-1.0,3,3,1,0,0,1,0,0,0,0,0,0,0,1,4,3,1,Fregament o col·lisió lateral,2,0,2,5,3,2,1,13.34,0,2,1,14,1
18812,2020,1,2020-02-11,SE,ABRERA,Baix Llobregat,3,0,1,0,2,1,0,0,0,1,0,0,0,100.0,0.0,0,2,No n'hi ha,-1.0,3,3,1,0,0,0,0,0,0,0,0,0,0,0,4,-1,1,Atropellament,-1,2,2,5,-1,2,1,13.25,0,3,1,11,2
18813,2020,0,2020-01-20,AL,FORTIA,Alt Emporda,1,0,2,1,2,0,0,0,0,2,0,0,0,100.0,0.0,0,1,No n'hi ha,-1.0,2,3,1,0,0,0,0,0,0,0,0,0,0,1,2,4,1,Envestida (frontal lateral),2,1,2,4,2,1,1,17.29,1,2,0,20,1
18814,2020,1,2020-02-18,SE,VILADECANS,Baix Llobregat,3,0,1,0,2,0,1,0,0,1,0,0,0,100.0,0.0,0,2,No n'hi ha,-1.0,3,3,1,0,0,0,0,0,0,0,0,0,0,0,4,-1,0,Envestida (frontal lateral),-1,2,2,5,-1,2,1,8.1,0,2,1,18,2
18815,2020,0,2020-02-14,BV-2116,CASTELLET I LA GORNA,Alt Penedes,3,0,1,0,1,0,0,0,1,0,0,0,0,90.0,0.0,0,-1,Sense Especificar,-1.0,3,3,1,0,0,0,0,0,0,0,0,0,0,0,4,-1,-1,Resta sortides de via,-1,1,2,4,4,2,0,22.21,2,1,4,14,2
18816,2020,1,2020-02-11,SE,BARCELONA,Barcelones,3,0,1,0,2,0,0,0,1,1,0,0,0,30.0,0.0,1,-1,No n'hi ha,-1.0,3,3,1,0,0,0,0,0,0,0,0,0,0,0,4,-1,1,Envestida (frontal lateral),-1,2,2,5,-1,2,1,15.2,1,2,1,11,2
18817,2020,0,2020-01-26,C-31,CALAFELL,Baix Penedes,0,1,0,0,2,1,0,0,0,1,0,0,0,100.0,0.0,0,2,Carril central,-1.0,3,3,0,0,0,0,0,0,0,0,0,0,0,1,5,4,1,Atropellament,1,1,2,4,2,2,0,3.1,2,3,6,26,1
18818,2020,0,2020-01-19,TP-2124,SANT JAUME DELS DOMENYS,Baix Penedes,0,0,1,3,2,0,0,0,0,2,0,0,0,70.0,0.0,0,2,No n'hi ha,-1.0,3,3,1,0,0,0,0,0,0,0,0,0,0,0,3,-1,1,Col·lisió frontal,-1,1,2,4,2,2,0,19.48,1,2,6,19,1
18819,2020,0,2020-12-05,BV-5301,SEVA,Osona,3,0,2,1,1,0,0,0,0,1,0,0,0,100.0,0.0,0,0,No n'hi ha,-1.0,3,3,1,0,0,0,0,0,0,0,0,0,0,0,4,-1,1,Resta sortides de via,-1,1,4,4,3,2,0,20.38,1,1,5,5,12
18820,2020,1,2020-02-12,C-63,LLORET DE MAR,Selva,1,0,1,0,2,0,0,1,0,1,0,0,0,80.0,0.0,0,0,No n'hi ha,-1.0,1,3,1,0,0,0,0,0,0,0,0,0,0,0,2,-1,1,Xoc contra objecte/obstacle sense sortida prèvia de via,-1,0,2,4,2,2,1,9.53,0,4,2,12,2
18821,2020,0,2020-02-21,A-27,"POBLA DE MAFUMET, LA",Tarragones,0,0,1,4,4,0,0,0,0,4,0,0,0,100.0,0.0,0,3,Carril acceleració,-1.0,3,3,1,0,0,0,0,0,0,0,0,0,0,2,3,4,1,Altres,3,1,2,1,1,2,1,6.51,0,5,4,21,2
18822,2020,0,2020-01-02,C-1412a,BIOSCA,Segarra,2,0,1,0,1,0,0,0,0,1,0,0,0,90.0,0.0,0,-1,Sense Especificar,-1.0,3,3,1,0,0,0,0,0,0,0,0,0,0,0,4,-1,-1,Resta sortides de via,-1,1,2,4,4,2,1,10.51,0,1,3,2,1
18823,2020,1,2020-01-12,GI-503,DARNIUS,Alt Emporda,1,0,1,0,1,0,0,0,0,1,0,0,0,100.0,0.0,0,3,No n'hi ha,-1.0,3,3,1,0,0,0,0,0,0,0,0,0,0,0,3,-1,1,Resta sortides de via,-1,0,2,4,3,2,0,6.47,0,1,6,12,1
18824,2020,1,2020-01-30,SE,CAMBRILS,Baix Camp,0,0,1,0,1,0,0,1,0,0,0,0,0,100.0,0.0,0,2,No n'hi ha,-1.0,3,3,1,0,0,0,0,0,0,0,0,0,0,1,5,4,1,Caiguda en la via,0,2,2,5,-1,2,1,22.2,2,0,3,30,1
18825,2020,0,2020-01-18,CR,"CRUILLES, MONELLS I SANT SADURNI DE L'HE",Baix Emporda,1,1,0,0,1,0,1,0,0,0,0,0,0,100.0,0.0,0,3,No n'hi ha,-1.0,3,3,0,0,0,0,0,0,0,0,0,0,0,0,4,-1,1,Resta sortides de via,-1,1,0,3,0,2,0,12.25,0,1,5,18,1
18826,2020,1,2020-01-28,SE,"PRAT DE LLOBREGAT, E",Baix Llobregat,3,0,1,0,2,0,0,0,1,1,0,0,0,100.0,0.0,0,2,Carril central,-1.0,3,3,1,0,0,0,0,0,0,0,0,0,0,1,5,2,1,Envestida (frontal lateral),1,2,2,5,-1,2,1,21.38,1,2,1,28,1
18827,2020,0,2020-04-20,AP-7,"ROCA DEL VALLES, LA",Valles Oriental,3,1,0,0,2,1,0,0,0,0,1,0,0,100.0,0.0,0,-1,No n'hi ha,-1.0,3,3,0,0,0,0,0,0,0,0,0,0,0,0,4,-1,-1,Atropellament,-1,1,2,4,-1,2,1,10.13,0,3,0,20,4
18828,2020,1,2020-02-02,SE,SANT QUIRZE DEL VALLES,Valles Occidental,3,0,1,0,1,0,0,0,0,1,0,0,0,100.0,0.0,0,0,No n'hi ha,,3,3,1,0,0,0,0,0,0,0,0,0,0,0,5,-1,0,Sortida de via amb bolcada,-1,2,2,5,-1,2,0,4.35,2,1,6,2,2
18829,2020,0,2020-02-13,C-55,MANRESA,Bages,3,0,1,0,1,0,0,0,1,0,0,0,0,40.0,0.0,0,2,No n'hi ha,-1.0,3,3,1,0,0,0,0,0,0,0,0,0,0,2,1,4,1,Caiguda en la via,3,1,2,4,2,2,1,19.4,1,0,3,13,2
18830,2020,1,2020-01-12,SE,ESPARREGUERA,Baix Llobregat,3,0,1,1,2,0,0,0,2,0,0,0,0,20.0,0.0,0,3,No n'hi ha,-1.0,3,3,1,-1,0,0,0,-1,0,0,0,0,-1,0,4,-1,1,Fregament o col·lisió lateral,-1,2,2,5,0,2,0,10.5,0,2,6,12,1
18831,2020,0,2020-03-07,C-35,VIDRERES,Selva,1,0,1,0,2,0,0,0,1,1,0,0,0,100.0,0.0,0,0,No n'hi ha,-1.0,3,3,1,0,0,0,0,0,0,0,0,0,0,1,4,2,0,Altres,1,1,2,4,2,2,0,7.44,0,5,5,7,3
18832,2020,1,2020-02-16,C-35,SANT CELONI,Valles Oriental,3,0,1,0,2,0,0,0,1,1,0,0,0,50.0,0.0,0,1,No n'hi ha,-1.0,3,3,1,0,0,0,0,0,0,0,0,0,0,1,4,4,1,Envestida (frontal lateral),2,0,2,4,2,2,0,11.47,0,2,6,16,2
18833,2020,0,2020-05-19,A-7,VILA-SECA,Tarragones,0,1,0,0,1,0,0,0,1,0,0,0,0,100.0,0.0,0,2,No n'hi ha,-1.0,3,3,0,0,0,0,0,0,0,0,0,0,0,0,3,-1,0,Resta sortides de via,-1,1,2,4,1,2,1,10.16,0,1,1,19,5
18834,2020,1,2020-02-27,SE,CARDEDEU,Valles Oriental,3,0,1,0,2,0,0,0,1,1,0,0,0,100.0,0.0,0,2,No n'hi ha,-1.0,3,3,1,0,0,0,0,0,0,0,0,0,0,1,4,4,1,Envestida (frontal lateral),1,2,2,5,-1,2,1,8.16,0,2,3,27,2
18835,2020,0,2020-02-06,N-260,TOSES,Ripolles,1,1,0,0,1,0,0,0,0,0,1,0,0,100.0,0.0,0,0,No n'hi ha,-1.0,3,3,0,0,0,0,0,0,0,0,0,0,0,0,4,-1,1,Resta sortides de via,-1,1,2,4,1,2,1,12.29,0,1,3,6,2
18836,2020,1,2020-01-28,SE,TERRASSA,Valles Occidental,3,0,1,0,2,0,0,0,1,1,0,0,0,20.0,0.0,0,2,No n'hi ha,-1.0,3,3,1,-1,0,0,0,-1,0,0,0,0,0,1,4,3,1,Envestida (frontal lateral),2,2,2,5,-1,2,1,12.2,0,2,1,28,1
18837,2020,1,2020-03-04,SE,MATARO,Maresme,3,0,1,0,2,0,0,0,1,1,0,0,0,20.0,0.0,0,-1,No n'hi ha,-1.0,3,3,1,0,-1,0,0,0,0,0,0,0,0,1,4,4,-1,Envestida (frontal lateral),1,2,2,5,-1,2,1,11.35,0,2,2,4,3
18838,2020,0,2020-03-23,B-210,VILADECANS,Baix Llobregat,3,0,1,0,2,1,0,0,0,1,0,0,0,70.0,0.0,0,2,No n'hi ha,-1.0,3,3,1,0,0,0,0,0,0,0,0,0,0,0,0,-1,1,Atropellament,-1,1,2,4,3,2,1,22.36,2,3,0,23,3
18839,2020,1,2020-01-04,SE,BARCELONA,Barcelones,3,0,1,0,2,0,0,0,0,1,0,1,0,100.0,0.0,1,-1,No n'hi ha,-1.0,3,3,1,0,0,0,0,0,0,0,0,0,0,1,4,-1,0,Envestida (frontal lateral),2,2,2,5,-1,2,0,15.0,1,2,5,4,1
18840,2020,1,2020-02-09,SE,CAPMANY,Alt Emporda,1,1,0,0,1,0,0,0,1,0,0,0,0,100.0,0.0,0,3,No n'hi ha,-1.0,3,3,0,0,0,0,0,0,0,0,0,0,0,0,4,-1,1,Caiguda en la via,-1,2,2,5,4,2,0,14.37,1,0,6,9,2
18841,2020,0,2020-02-09,TV-7331,"FATARELLA, LA",Terra Alta,0,0,1,0,1,0,0,0,0,0,1,0,0,100.0,0.0,0,1,No n'hi ha,-1.0,3,3,1,0,0,0,0,0,0,0,0,0,0,0,4,-1,1,Caiguda en la via,-1,1,2,4,3,2,0,10.01,0,0,6,9,2
18842,2020,0,2020-02-29,N-240,TARRAGONA,Tarragones,0,3,0,0,1,0,0,0,0,1,0,0,0,80.0,0.0,0,1,No n'hi ha,-1.0,3,3,0,0,0,0,0,0,0,0,0,0,0,0,5,-1,0,Resta sortides de via,-1,1,2,4,1,2,0,5.05,2,1,5,29,2
18843,2020,0,2020-02-09,GI-555,MASSANES,Selva,1,1,0,0,4,0,0,0,2,2,0,0,0,60.0,0.0,0,3,No n'hi ha,-1.0,3,3,0,0,0,0,0,0,0,0,0,0,0,0,4,-1,1,Resta sortides de via,-1,1,2,4,3,2,0,10.18,0,1,6,9,2
18844,2020,1,2020-03-13,SE,BARCELONA,Barcelones,3,0,1,0,2,0,0,1,0,0,0,1,0,100.0,0.0,1,-1,No n'hi ha,-1.0,3,3,1,0,0,0,0,0,0,0,0,0,0,0,0,-1,1,Xoc contra objecte/obstacle sense sortida prèvia de via,-1,2,2,5,-1,2,0,23.3,2,4,4,13,3
18845,2020,1,2020-01-10,SE,BARCELONA,Barcelones,3,0,1,0,2,1,0,0,0,0,0,1,0,50.0,0.0,1,-1,No n'hi ha,-1.0,1,3,1,0,0,0,0,0,0,0,0,0,0,0,0,-1,1,Atropellament,-1,2,0,5,-1,2,1,7.29,0,3,4,10,1
18846,2020,1,2020-01-25,SE,BARCELONA,Barcelones,3,0,1,1,2,0,0,0,1,1,0,0,0,100.0,1.0,1,-1,No n'hi ha,-1.0,3,3,1,0,0,0,0,0,0,0,0,0,0,1,0,-1,0,Encalç,2,2,2,5,-1,2,0,19.05,1,2,5,25,1
18847,2020,0,2020-03-14,TP-2031,"SECUITA, LA",Tarragones,0,0,1,0,2,0,0,0,1,1,0,0,0,100.0,0.0,0,2,No n'hi ha,-1.0,3,3,1,0,0,0,0,0,0,0,0,0,0,0,4,-1,1,Encalç,-1,1,2,4,3,2,0,13.08,0,2,5,14,3
18848,2020,0,2020-01-11,C-12,AMPOSTA,Montsia,0,0,1,0,1,0,0,0,0,1,0,0,0,100.0,0.0,0,2,No n'hi ha,-1.0,3,3,1,0,0,0,0,0,0,0,0,0,0,0,4,-1,0,Xoc contra objecte/obstacle sense sortida prèvia de via,-1,1,2,4,2,2,0,15.15,1,4,5,11,1
18849,2020,0,2020-01-04,N-II,"JONQUERA, LA",Alt Emporda,1,0,1,0,1,0,0,0,1,0,0,0,0,90.0,0.0,0,2,No n'hi ha,-1.0,3,3,1,0,0,0,0,0,0,0,0,0,0,0,3,-1,1,Resta sortides de via,-1,1,2,4,3,2,0,18.12,1,1,5,4,1
18850,2020,1,2020-02-24,SE,BARCELONA,Barcelones,3,0,1,0,2,0,0,0,1,0,1,0,0,100.0,0.0,1,-1,No n'hi ha,-1.0,3,3,1,0,0,0,0,0,0,0,0,0,0,1,4,-1,0,Fregament o col·lisió lateral,2,2,2,5,-1,2,1,15.45,1,2,0,24,2
18851,2020,0,2020-03-18,A-2,SANT VICENC DELS HORTS,Baix Llobregat,3,0,1,0,2,0,0,0,1,1,0,0,0,100.0,0.0,0,3,No n'hi ha,-1.0,3,3,1,0,0,0,0,0,0,0,0,0,0,1,4,4,0,Envestida (frontal lateral),0,1,2,4,1,2,1,7.22,0,2,2,18,3
18852,2020,1,2020-02-03,SE,BARCELONA,Barcelones,3,0,1,0,2,0,0,0,1,1,0,0,0,100.0,0.0,1,-1,No n'hi ha,-1.0,3,3,1,0,0,0,0,0,0,0,0,0,0,1,4,-1,0,Envestida (frontal lateral),2,2,2,5,-1,2,1,14.1,1,2,0,3,2
18853,2020,1,2020-01-28,SE,MATARO,Maresme,3,0,1,0,2,1,0,0,0,1,0,0,0,20.0,0.0,0,-1,No n'hi ha,-1.0,3,3,1,-1,0,0,0,-1,0,0,0,0,0,0,4,-1,0,Atropellament,-1,2,2,5,-1,2,1,13.1,0,3,1,28,1
18854,2020,1,2020-04-13,SE,MANRESA,Bages,3,0,1,0,1,0,0,1,0,0,0,0,0,30.0,0.0,0,2,No n'hi ha,-1.0,1,3,1,0,0,0,0,0,0,0,0,0,0,0,2,-1,0,Caiguda en la via,-1,2,2,5,-1,2,1,15.35,1,0,0,13,4
18855,2020,0,2020-06-20,BV-2041,GAVA,Baix Llobregat,3,0,1,0,1,0,0,0,1,0,0,0,0,90.0,0.0,0,-1,Sense Especificar,-1.0,3,3,1,0,0,0,0,0,0,0,0,0,0,0,4,-1,-1,Altres,-1,1,2,4,4,2,0,16.22,1,5,5,20,6
18856,2020,1,2020-07-10,SE,CUBELLES,Garraf,3,1,0,0,2,0,0,0,1,1,0,0,0,30.0,0.0,0,2,No n'hi ha,-1.0,3,3,0,0,0,0,0,0,0,0,0,0,1,0,4,-1,1,Altres,-1,2,3,5,-1,2,1,14.45,1,5,4,10,7
18857,2020,1,2020-09-23,SE,BARCELONA,Barcelones,3,1,0,0,2,0,0,0,0,1,0,1,0,100.0,0.0,1,-1,Carril bici,-1.0,3,3,0,0,0,0,0,0,0,0,0,0,0,1,4,-1,0,Envestida (frontal lateral),2,2,2,5,-1,2,1,15.1,1,2,2,23,9
18858,2020,0,2020-10-23,BV-2115,CASTELLET I LA GORNA,Alt Penedes,3,0,1,0,1,0,0,0,1,0,0,0,0,90.0,0.0,0,-1,Sense Especificar,-1.0,3,3,1,0,0,0,0,0,0,0,0,0,0,0,4,-1,-1,Altres,-1,1,2,4,4,2,1,7.15,0,5,4,23,10
18859,2020,0,2020-10-11,N-420,GARCIA,Ribera d'Ebre,0,0,1,0,1,0,0,0,1,0,0,0,0,90.0,0.0,0,-1,Sense Especificar,-1.0,3,3,1,0,0,0,0,0,0,0,0,0,0,0,4,-1,-1,Resta sortides de via,-1,1,2,4,4,2,0,9.44,0,1,6,11,10
18860,2020,0,2020-11-27,N-240,TARRES,Garrigues,2,0,2,0,2,0,0,0,0,2,0,0,0,100.0,0.0,0,1,Carril lent,-1.0,3,3,1,0,0,0,0,0,0,0,0,0,0,1,4,4,1,Envestida (frontal lateral),1,1,2,4,1,2,0,16.38,1,2,4,27,11
18861,2020,1,2020-02-27,SE,FIGUERES,Alt Emporda,1,0,1,0,2,1,0,0,0,1,0,0,0,100.0,0.0,0,-1,No n'hi ha,-1.0,3,3,1,0,0,0,0,0,0,0,0,0,0,0,4,-1,-1,Atropellament,-1,2,2,5,-1,2,1,17.5,1,3,3,27,2
18862,2020,1,2020-03-20,SE,MOLLERUSSA,Pla d'Urgell,2,0,1,0,2,0,0,0,1,1,0,0,0,50.0,0.0,0,2,No n'hi ha,-1.0,3,3,1,0,0,0,0,0,0,0,0,0,0,0,5,-1,1,Fregament o col·lisió lateral,-1,2,2,5,0,2,1,7.5,0,2,4,20,3
18863,2020,0,2020-03-05,C-59,SANTA MARIA D'OLO,Moianès,3,0,1,0,1,0,0,0,1,0,0,0,0,100.0,0.0,0,1,No n'hi ha,-1.0,3,3,1,0,0,0,0,0,0,0,0,0,0,0,4,-1,1,Resta sortides de via,-1,1,2,4,2,2,1,11.28,0,1,3,5,3
18864,2020,1,2020-04-24,SE,VALLS,Alt Camp,0,0,1,0,1,0,0,0,0,1,0,0,0,100.0,0.0,0,-1,No n'hi ha,-1.0,3,3,1,0,0,0,0,0,0,0,0,0,0,0,4,-1,-1,Resta sortides de via,-1,2,2,5,-1,2,0,20.0,1,1,4,24,4
18865,2020,0,2020-10-10,C-1412a,OLIOLA,Noguera,2,0,2,0,2,0,0,0,1,1,0,0,0,70.0,0.0,0,1,No n'hi ha,-1.0,3,3,1,0,0,0,0,0,0,0,0,0,0,1,4,4,1,Envestida (frontal lateral),1,1,2,4,3,2,0,17.06,1,2,5,10,10
18866,2020,0,2020-04-21,N-240,"ESPLUGA DE FRANCOLI, L'",Conca de Barbera,0,1,0,0,1,0,0,0,0,1,0,0,0,80.0,0.0,0,1,No n'hi ha,-1.0,1,3,0,0,0,0,0,0,0,0,0,0,0,0,2,-1,1,Resta sortides de via,-1,1,2,4,1,2,1,11.0,0,1,1,21,4
18867,2020,1,2020-05-06,SE,ROQUETES,Baix Ebre,0,0,1,0,2,0,0,0,1,1,0,0,0,100.0,0.0,0,3,No n'hi ha,-1.0,3,3,1,0,0,0,0,0,0,0,0,0,0,0,5,-1,1,Envestida (frontal lateral),-1,2,2,5,-1,2,1,21.19,1,2,2,6,5
18868,2020,0,2020-05-19,C-17,TONA,Osona,3,0,1,0,3,1,0,0,0,2,0,0,0,100.0,0.0,0,2,No n'hi ha,-1.0,3,3,1,0,0,0,0,0,0,0,0,0,0,0,4,-1,0,Atropellament,-1,1,2,4,2,2,1,9.31,0,3,1,19,5
18869,2020,1,2020-08-05,SE,BARCELONA,Barcelones,3,0,2,0,2,0,0,0,1,1,0,0,0,100.0,0.0,1,-1,No n'hi ha,-1.0,3,3,1,0,0,0,0,0,0,0,0,0,0,1,4,-1,1,Col·lisió frontal,1,2,2,5,-1,2,1,12.06,0,2,2,5,8
18870,2020,0,2020-08-14,T-11,REUS,Baix Camp,0,1,1,0,2,1,0,0,1,0,0,0,0,100.0,0.0,0,2,No n'hi ha,-1.0,3,3,0,0,0,0,0,0,0,0,0,0,0,0,3,-1,1,Atropellament,-1,1,2,4,1,2,1,1.11,2,3,4,14,8
18871,2020,0,2020-11-04,B-250,"PRAT DE LLOBREGAT, E",Baix Llobregat,3,0,1,2,2,0,0,0,0,2,0,0,0,60.0,0.0,0,2,No n'hi ha,-1.0,3,3,1,0,0,0,0,0,0,0,0,0,0,0,5,-1,1,Col·lisió frontal,-1,1,2,4,2,2,1,17.52,1,2,2,4,11
18872,2020,1,2020-10-07,SE,BARCELONA,Barcelones,3,0,1,0,2,0,0,0,1,1,0,0,0,100.0,0.0,1,-1,Carril bus,-1.0,3,3,1,0,0,0,0,0,0,0,0,0,0,1,4,-1,0,Fregament o col·lisió lateral,1,2,2,5,-1,2,1,16.45,1,2,2,7,10
18873,2020,1,2020-09-07,SE,VILADECAVALLS,Valles Occidental,3,0,1,0,2,1,0,0,0,1,0,0,0,100.0,0.0,0,2,No n'hi ha,-1.0,3,3,1,0,0,0,0,0,0,0,0,0,0,1,4,4,1,Atropellament,1,2,2,5,-1,2,1,17.3,1,3,0,7,9
18874,2020,0,2020-09-02,B-23,ESPLUGUES DE LLOBREGAT,Baix Llobregat,3,0,1,3,2,0,0,0,0,1,1,0,0,80.0,0.0,0,2,No n'hi ha,-1.0,3,3,1,0,0,0,0,0,0,0,0,0,0,0,4,-1,0,Encalç,-1,1,2,4,1,2,1,18.49,1,2,2,2,9
18875,2020,1,2020-09-17,BV-1415,CERDANYOLA DEL VALLES,Valles Occidental,3,0,1,0,1,0,0,0,1,0,0,0,0,40.0,0.0,0,2,No n'hi ha,-1.0,3,3,1,-1,0,0,0,-1,0,0,0,0,-1,0,5,-1,1,Xoc amb animal a la calçada,-1,0,2,5,-1,2,1,23.34,2,4,3,17,9
18876,2020,1,2020-09-25,SE,MOLLET DEL VALLES,Valles Oriental,3,0,1,0,2,0,0,0,1,1,0,0,0,100.0,0.0,0,2,No n'hi ha,-1.0,3,3,1,0,0,0,0,0,0,0,0,0,0,1,4,4,1,Envestida (frontal lateral),1,2,2,5,-1,2,0,15.27,1,2,4,25,9
18877,2020,1,2020-08-15,SE,BARCELONA,Barcelones,3,0,1,0,1,0,0,1,0,0,0,0,0,100.0,0.0,1,-1,Carril bici,-1.0,3,3,1,0,0,0,0,0,0,0,0,0,0,0,0,-1,1,Xoc contra objecte/obstacle sense sortida prèvia de via,-1,2,2,5,-1,2,0,3.0,2,4,5,15,8
18878,2020,1,2020-09-16,SE,MANRESA,Bages,3,1,0,0,2,1,0,0,0,1,0,0,0,100.0,0.0,0,2,Carril bus,-1.0,3,3,0,0,0,0,0,0,0,0,0,0,0,0,4,-1,0,Atropellament,-1,2,2,5,-1,2,1,19.0,1,3,2,16,9
18879,2020,1,2020-05-30,SE,BARCELONA,Barcelones,3,0,1,1,2,0,0,0,1,1,0,0,0,100.0,0.0,1,-1,No n'hi ha,-1.0,3,3,1,0,0,0,0,0,0,0,0,0,0,1,4,-1,1,Envestida (frontal lateral),2,2,2,5,-1,2,0,17.3,1,2,5,30,5
18880,2020,0,2020-03-28,CR,ARBECA,Garrigues,2,0,1,0,1,0,0,0,0,0,1,0,0,100.0,0.0,0,2,No n'hi ha,-1.0,3,3,1,0,0,0,0,0,0,0,0,0,0,0,4,-1,1,Altres,-1,1,5,3,-1,2,0,16.42,1,5,5,28,3
18881,2020,1,2020-05-12,SE,AMPOSTA,Montsia,0,0,1,0,2,1,0,0,0,1,0,0,0,100.0,0.0,0,2,No n'hi ha,-1.0,3,3,1,0,0,0,0,0,0,0,0,0,0,0,4,-1,1,Atropellament,-1,2,2,5,-1,2,1,8.3,0,3,1,12,5
18882,2020,1,2020-06-15,SE,MATARO,Maresme,3,0,1,0,1,0,1,0,0,0,0,0,0,20.0,0.0,0,-1,No n'hi ha,-1.0,3,3,1,0,-1,0,0,0,0,0,0,0,0,0,4,-1,-1,Caiguda en la via,-1,2,2,5,-1,2,1,10.0,0,0,0,15,6
18883,2020,0,2020-04-20,C-55,MONISTROL DE MONTSER,Bages,3,0,1,0,2,0,0,0,0,1,1,0,0,60.0,0.0,0,1,No n'hi ha,0.0,2,3,1,0,0,0,0,0,0,0,0,0,0,0,2,-1,1,Col·lisió frontal,-1,1,2,4,2,1,1,16.44,1,2,0,20,4
18884,2020,1,2020-06-12,SE,CABANES,Alt Emporda,1,0,1,0,1,0,0,0,0,1,0,0,0,100.0,0.0,0,2,No n'hi ha,-1.0,3,3,1,0,0,0,0,0,0,0,0,0,0,0,4,-1,1,Xoc contra objecte/obstacle sense sortida prèvia de via,-1,2,2,5,-1,2,1,13.37,0,4,4,12,6
18885,2020,1,2020-06-25,SE,BALAGUER,Noguera,2,0,1,0,2,1,0,0,0,1,0,0,0,40.0,0.0,0,2,No n'hi ha,-1.0,3,3,1,0,0,0,0,0,0,0,0,0,0,0,0,-1,1,Atropellament,-1,2,2,5,-1,2,1,22.05,2,3,3,25,6
18886,2020,1,2020-05-29,SE,GIRONA,Girones,1,0,1,1,3,0,0,0,0,1,2,0,0,50.0,0.0,0,2,No n'hi ha,-1.0,3,3,1,0,0,0,0,0,0,0,0,0,0,0,4,-1,1,Xoc contra objecte/obstacle sense sortida prèvia de via,-1,2,2,5,-1,2,0,19.5,1,4,4,29,5
18887,2020,1,2020-06-06,SE,MATARO,Maresme,3,0,1,0,2,0,0,0,1,1,0,0,0,20.0,,0,-1,No n'hi ha,-1.0,3,3,1,0,-1,0,0,0,0,0,0,0,0,0,4,-1,-1,Envestida (frontal lateral),-1,2,2,5,-1,2,0,13.2,0,2,5,6,6
18888,2020,1,2020-07-06,SE,SANT BOI DE LLOBREGAT,Baix Llobregat,3,0,1,0,2,0,0,0,1,1,0,0,0,20.0,0.0,0,-1,No n'hi ha,-1.0,3,3,1,0,-1,0,0,0,0,0,0,0,0,1,5,4,-1,Envestida (frontal lateral),1,2,2,5,-1,2,1,23.2,2,2,0,6,7
18889,2020,1,2020-07-22,SE,CALAFELL,Baix Penedes,0,0,2,0,2,0,0,1,0,1,0,0,0,100.0,0.0,0,2,No n'hi ha,-1.0,3,3,1,0,0,0,0,0,0,0,0,0,0,1,5,4,0,Envestida (frontal lateral),0,2,2,5,-1,2,1,22.15,2,2,2,22,7
18890,2020,0,2020-07-21,B-20,"PRAT DE LLOBREGAT, E",Baix Llobregat,3,0,1,0,1,0,0,0,1,0,0,0,0,80.0,0.0,0,2,No n'hi ha,-1.0,3,3,1,0,0,0,0,0,0,0,0,0,0,0,5,-1,1,Xoc contra objecte/obstacle sense sortida prèvia de via,-1,1,2,4,2,2,1,5.32,2,4,1,21,7
18891,2020,1,2020-06-24,SE,SABADELL,Valles Occidental,3,0,1,0,3,0,0,0,1,1,1,0,0,50.0,0.0,0,2,No n'hi ha,-1.0,3,3,1,0,0,0,0,0,0,0,0,0,0,0,4,-1,1,Fregament o col·lisió lateral,-1,2,2,5,-1,2,1,12.3,0,2,2,24,6