,Year,Area,Date,Road,Municipality Name,County Name,Province Name,Fatalties,Serious Injuries,Light Injuries,Units Involved,Pedestrains Involved,Bicycles Involved,Mopeds Involved,Motorcycles,Light Vehicles Involved,Heavy Vehicles Involved,Other Units Involved,Unspecified Units Involved,Road Speed Limit,Accident with Hit and Run,Fog Presence,Surrounding Environment,Special Lane Presence,Special Traffic Measures,Weather Conditions,Special Road Functions,Severity of Accident,Influence of Fog,Influence of Environment,Influence of Traffic,Influence of Weather,Influence of Wind Intensity,Influence of Lighting,Influence of Special Measures,Influence of Road Objects,Influence of Road Surface,Influence of Visibility,Intersection Characteristics,Lighting Conditions,Traffic Regulation and Priority,Direction of Road,Subtype of Accident,Subtype of Road Section,Subzone within Area,Road Surface Conditions,Type of Road,Road Ownership,Wind Conditions,Day of the Week Grouping,Hour of Day,Time of Day Grouping,Type of Accident,Day Type,Day,Month
18892,2020,1,2020-07-02,SE,MONT-ROIG DEL CAMP,Baix Camp,0,1,0,1,1,0,0,0,0,1,0,0,0,100.0,0.0,0,2,No n'hi ha,-1.0,3,3,0,0,0,0,0,0,0,0,0,0,0,1,4,-1,1,Resta sortides de via,0,2,2,5,-1,2,1,17.45,1,1,3,2,7
18893,2020,1,2020-08-10,SE,MONTORNES DEL VALLES,Valles Oriental,3,0,1,0,3,0,0,0,1,2,0,0,0,30.0,0.0,0,2,No n'hi ha,-1.0,3,3,1,0,0,0,0,0,0,0,0,0,0,0,4,-1,0,Fregament o col·lisió lateral,-1,2,2,5,-1,2,1,19.15,1,2,0,10,8
18894,2020,1,2020-06-22,SE,SABADELL,Valles Occidental,3,0,1,0,2,0,0,0,1,0,1,0,0,30.0,0.0,0,2,No n'hi ha,-1.0,3,3,1,0,0,0,0,0,0,0,0,0,0,1,4,4,0,Envestida (frontal lateral),2,2,2,5,-1,2,1,10.33,0,2,0,22,6
18895,2020,1,2020-07-09,SE,REUS,Baix Camp,0,0,1,0,1,0,0,0,1,0,0,0,0,100.0,0.0,0,-1,No n'hi ha,-1.0,3,3,1,0,0,0,0,0,0,0,0,0,0,0,4,-1,-1,Caiguda en la via,-1,2,2,5,-1,2,1,20.25,1,0,3,9,7
18896,2020,1,2020-07-28,SE,BARCELONA,Barcelones,3,0,1,0,1,0,0,0,0,0,1,0,0,100.0,0.0,1,-1,Carril bus,-1.0,3,3,1,0,0,0,0,0,0,0,0,0,0,0,4,-1,0,Caiguda en la via,-1,2,2,5,-1,2,1,7.45,0,0,1,28,7
18897,2020,1,2020-09-14,SE,BRUNYOLA,Selva,1,1,0,0,1,0,0,0,0,1,0,0,0,30.0,0.0,0,3,No n'hi ha,-1.0,3,3,0,0,0,0,0,0,0,0,0,0,0,1,4,5,1,Resta sortides de via,1,2,3,5,-1,2,1,17.47,1,1,0,14,9
18898,2020,0,2020-07-08,T-340,DELTEBRE,Baix Ebre,0,0,1,0,1,0,0,0,1,0,0,0,0,90.0,0.0,0,-1,Sense Especificar,-1.0,3,3,1,0,0,0,0,0,0,0,0,0,0,0,4,-1,-1,Resta sortides de via,-1,1,2,4,4,2,1,10.45,0,1,2,8,7
18899,2020,1,2020-08-02,SE,TERRASSA,Valles Occidental,3,0,1,0,2,0,0,1,0,1,0,0,0,100.0,0.0,0,2,No n'hi ha,-1.0,3,3,1,0,0,0,0,0,0,0,0,0,0,1,5,4,0,Envestida (frontal lateral),2,2,2,5,-1,2,0,22.15,2,2,6,2,8
18900,2020,1,2020-07-23,SE,BARCELONA,Barcelones,3,0,1,0,2,0,0,0,1,1,0,0,0,100.0,0.0,1,-1,No n'hi ha,-1.0,3,3,1,0,0,0,0,0,0,0,0,0,0,0,4,-1,1,Encalç,-1,2,2,5,-1,2,1,12.15,0,2,3,23,7
18901,2020,0,2020-07-25,C-16c,MANRESA,Bages,3,0,1,0,2,0,0,0,1,1,0,0,0,90.0,0.0,0,-1,Sense Especificar,-1.0,3,3,1,0,0,0,0,0,0,0,0,0,0,2,4,4,-1,Fregament o col·lisió lateral,1,1,2,4,4,2,0,20.32,1,2,5,25,7
18902,2020,0,2020-09-12,C-14,REUS,Baix Camp,0,0,1,0,2,1,0,0,0,1,0,0,0,100.0,1.0,0,2,No n'hi ha,-1.0,3,3,1,0,0,0,0,0,0,0,0,0,0,0,0,-1,0,Atropellament,-1,1,2,4,2,2,0,6.15,0,3,5,12,9
18903,2020,1,2020-07-19,SE,CASTELL-PLATJA D'ARO,Baix Emporda,1,0,1,0,2,0,0,0,1,1,0,0,0,100.0,0.0,0,2,No n'hi ha,-1.0,3,3,1,0,0,0,0,0,0,0,0,0,0,1,5,4,1,Fregament o col·lisió lateral,0,2,2,5,-1,2,0,23.44,2,2,6,19,7
18904,2020,0,2020-07-19,C-13,"SENTIU DE SIO, LA",Noguera,2,1,0,0,1,0,0,0,0,1,0,0,0,100.0,0.0,0,3,No n'hi ha,-1.0,3,3,0,0,0,0,0,0,0,0,0,0,0,0,4,-1,1,Resta sortides de via,-1,1,2,4,2,2,0,16.16,1,1,6,19,7
18905,2020,0,2020-07-30,N-II,PONTOS,Alt Emporda,1,0,1,3,3,0,0,0,0,2,1,0,0,100.0,0.0,0,1,No n'hi ha,-1.0,3,3,1,0,0,0,0,0,0,0,0,0,0,0,4,-1,1,Fregament o col·lisió lateral,-1,1,2,4,1,2,1,7.56,0,2,3,30,7
18906,2020,1,2020-08-04,SE,IGUALADA,Anoia,3,0,1,0,1,0,0,0,0,1,0,0,0,50.0,0.0,0,2,No n'hi ha,-1.0,3,3,1,-1,0,0,0,-1,0,0,0,0,-1,0,4,-1,0,Xoc contra objecte/obstacle sense sortida prèvia de via,-1,2,2,5,0,2,1,14.15,1,4,1,4,8
18907,2020,0,2020-09-12,GIV-6703,SANT MARTI VELL,Girones,1,0,1,0,1,0,1,0,0,0,0,0,0,90.0,0.0,0,-1,Sense Especificar,-1.0,3,3,1,0,0,0,0,0,0,0,0,0,0,0,4,-1,-1,Altres,-1,1,2,4,4,2,0,11.22,0,5,5,12,9
18908,2020,1,2020-06-07,SE,RUBI,Valles Occidental,3,0,1,1,1,0,0,0,1,0,0,0,0,100.0,0.0,0,-1,No n'hi ha,-1.0,3,3,1,0,0,0,0,0,0,0,0,0,0,0,4,-1,-1,Altres,-1,2,2,5,-1,2,0,16.5,1,5,6,7,6
18909,2020,0,2020-06-13,C-462,OLIUS,Solsones,2,0,1,3,3,0,0,0,2,1,0,0,0,50.0,0.0,0,2,No n'hi ha,-1.0,3,3,1,0,0,0,0,0,0,0,0,0,0,0,4,-1,1,Col·lisió frontal,-1,1,2,4,2,2,0,11.26,0,2,5,13,6
18910,2020,0,2020-07-05,N-260,"PONT DE BAR, EL",Alt Urgell,2,1,0,0,2,0,0,0,1,1,0,0,0,100.0,0.0,0,1,No n'hi ha,-1.0,3,3,0,0,0,0,0,0,0,0,0,0,0,0,4,-1,1,Col·lisió frontal,-1,1,2,4,1,2,0,11.14,0,2,6,5,7
18911,2020,1,2020-07-25,SE,VIC,Osona,3,0,1,0,1,0,1,0,0,0,0,0,0,100.0,0.0,0,-1,No n'hi ha,-1.0,3,3,1,0,0,0,0,0,0,0,0,0,0,0,4,-1,-1,Caiguda en la via,-1,2,2,5,-1,2,0,13.0,0,0,5,25,7
18912,2020,0,2020-08-09,GI-524,OLOT,Garrotxa,1,0,1,0,2,0,1,0,0,1,0,0,0,100.0,0.0,0,2,No n'hi ha,-1.0,3,3,1,0,0,0,0,0,0,0,0,0,0,2,4,5,1,Envestida (frontal lateral),1,1,2,4,3,2,0,10.16,0,2,6,9,8
18913,2020,0,2020-09-19,C-32,"MASNOU, EL",Maresme,3,0,1,0,2,0,0,0,0,2,0,0,0,100.0,0.0,0,2,No n'hi ha,-1.0,3,3,1,0,0,0,0,0,0,0,0,0,0,0,4,-1,1,Resta sortides de via,-1,1,2,4,2,2,0,8.05,0,1,5,19,9
18914,2020,0,2020-06-26,B-224,MASQUEFA,Anoia,3,0,1,0,2,0,0,0,1,1,0,0,0,60.0,0.0,0,2,No n'hi ha,-1.0,3,3,1,0,0,0,0,0,0,0,0,0,0,1,4,4,1,Envestida (frontal lateral),1,1,2,4,2,2,1,10.15,0,2,4,26,6
18915,2020,1,2020-07-19,SE,MACANET DE LA SELVA,Selva,1,0,1,0,2,1,0,0,0,1,0,0,0,20.0,0.0,0,-1,Sense Especificar,-1.0,3,3,1,0,0,0,0,0,0,0,0,0,0,1,4,5,-1,Atropellament,1,2,2,5,-1,2,0,22.04,2,3,6,19,7
18916,2020,1,2020-08-28,SE,MANRESA,Bages,3,0,1,0,1,0,0,0,1,0,0,0,0,100.0,0.0,0,-1,No n'hi ha,-1.0,3,3,1,0,0,0,0,0,0,0,0,0,0,0,4,-1,-1,Caiguda en la via,-1,2,2,5,-1,2,0,15.44,1,0,4,28,8
18917,2020,1,2020-08-20,C-31,CUBELLES,Garraf,3,0,1,0,2,1,0,0,1,0,0,0,0,50.0,0.0,0,2,No n'hi ha,-1.0,3,3,1,0,0,0,0,0,0,0,0,0,0,0,4,-1,1,Atropellament,-1,0,2,4,2,2,1,15.26,1,3,3,20,8
18918,2020,1,2020-08-29,N-340,VALLIRANA,Baix Llobregat,3,0,1,0,1,0,0,0,0,1,0,0,0,40.0,0.0,0,1,No n'hi ha,-1.0,1,3,1,0,0,0,1,0,0,0,0,0,0,2,5,0,0,Xoc contra objecte/obstacle sense sortida prèvia de via,3,0,2,4,1,2,0,1.21,2,4,5,29,8
18919,2020,0,2020-09-13,TV-3141,REUS,Baix Camp,0,1,0,1,1,0,0,0,0,1,0,0,0,40.0,0.0,0,2,No n'hi ha,-1.0,3,3,0,0,0,0,0,0,0,0,0,0,0,1,3,4,1,Resta sortides de via,0,1,2,4,2,2,0,0.05,2,1,6,13,9
18920,2020,1,2020-09-22,SE,VILANOVA I LA GELTRU,Garraf,3,0,1,0,2,1,0,0,0,1,0,0,0,100.0,0.0,0,-1,No n'hi ha,-1.0,3,3,1,0,0,0,0,0,0,0,0,0,0,0,4,-1,-1,Atropellament,-1,2,2,5,-1,2,1,8.25,0,3,1,22,9
18921,2020,0,2020-07-29,N-340,TARRAGONA,Tarragones,0,0,1,0,2,0,0,1,0,1,0,0,0,50.0,0.0,0,2,No n'hi ha,-1.0,3,3,1,0,0,0,0,0,0,0,0,0,0,0,4,-1,1,Encalç,-1,1,2,4,1,2,1,18.4,1,2,2,29,7
18922,2020,0,2020-07-10,C-13,ALCOLETGE,Segria,2,0,1,0,2,0,0,0,1,1,0,0,0,40.0,0.0,0,2,No n'hi ha,5.0,3,3,1,0,0,0,0,0,0,0,0,0,0,0,4,-1,1,Fregament o col·lisió lateral,-1,1,2,4,2,2,1,14.23,1,2,4,10,7
18923,2020,1,2020-12-17,SE,BARCELONA,Barcelones,3,1,0,0,2,0,0,0,1,1,0,0,0,100.0,0.0,1,-1,No n'hi ha,-1.0,3,3,0,0,0,0,0,0,0,0,0,0,0,0,4,-1,0,Fregament o col·lisió lateral,-1,2,2,5,-1,2,1,17.08,1,2,3,17,12
18924,2020,0,2020-07-10,BV-1468,BARCELONA,Barcelones,3,0,1,0,1,0,0,0,1,0,0,0,0,100.0,1.0,0,1,No n'hi ha,-1.0,3,3,1,0,0,0,0,0,0,0,0,0,0,0,3,-1,1,Caiguda en la via,-1,1,2,4,0,2,0,22.46,2,0,4,10,7
18925,2020,0,2020-07-06,C-15z,VILANOVA I LA GELTRU,Garraf,3,0,1,2,2,0,0,0,1,1,0,0,0,100.0,0.0,0,3,No n'hi ha,-1.0,3,3,1,0,0,0,0,0,0,0,0,0,0,0,4,-1,1,Col·lisió frontal,-1,1,2,4,2,2,1,19.07,1,2,0,6,7
18926,2020,0,2020-10-07,N-141D,CALLDETENES,Osona,3,0,1,0,2,0,1,0,0,1,0,0,0,70.0,0.0,0,2,No n'hi ha,-1.0,3,3,1,0,0,0,0,0,0,0,0,0,0,0,4,-1,1,Envestida (frontal lateral),-1,1,2,4,3,2,1,7.59,0,2,2,7,10
18927,2020,1,2020-11-18,SE,TARRAGONA,Tarragones,0,0,1,1,2,0,0,1,0,1,0,0,0,30.0,0.0,0,2,No n'hi ha,-1.0,3,3,1,0,0,0,0,0,0,0,0,0,0,2,4,4,1,Encalç,0,2,2,5,0,2,1,16.4,1,2,2,18,11
18928,2020,1,2020-12-02,SE,ESPLUGUES DE LLOBREGAT,Baix Llobregat,3,0,1,0,1,0,0,0,1,0,0,0,0,20.0,0.0,0,-1,No n'hi ha,-1.0,3,3,1,0,-1,0,0,0,0,0,0,0,0,1,1,5,-1,Caiguda en la via,0,2,2,5,-1,2,1,17.43,1,0,2,2,12
18929,2020,1,2020-10-28,SE,SANTA COLOMA DE GRAMANET,Barcelones,3,0,1,0,2,0,0,0,1,1,0,0,0,20.0,0.0,0,-1,No n'hi ha,-1.0,3,3,1,0,0,0,0,0,0,0,0,0,0,0,4,-1,-1,Fregament o col·lisió lateral,-1,2,2,5,-1,2,1,16.04,1,2,2,28,10
18930,2020,0,2020-05-26,TP-3311,SANTA BARBARA,Montsia,0,1,0,0,2,0,1,0,0,1,0,0,0,100.0,0.0,0,1,No n'hi ha,-1.0,3,3,0,0,0,0,0,0,0,0,0,0,0,2,4,4,1,Envestida (frontal lateral),1,1,2,4,2,2,1,16.32,1,2,1,26,5
18931,2020,1,2020-10-08,SE,SANT FRUITOS DE BAGES,Bages,3,0,1,0,2,1,0,0,0,1,0,0,0,20.0,0.0,0,2,No n'hi ha,-1.0,3,3,1,-1,0,0,0,-1,0,0,0,0,-1,2,4,2,1,Atropellament,2,0,2,5,-1,2,1,8.15,0,3,3,8,10
18932,2020,0,2020-05-05,AP-7,SALT,Girones,1,1,0,0,2,1,0,0,0,1,0,0,0,100.0,0.0,0,1,No n'hi ha,-1.0,3,3,0,0,0,0,0,0,0,0,0,0,0,0,3,-1,0,Atropellament,-1,1,2,4,1,2,1,6.01,0,3,1,5,5
18933,2020,0,2020-09-08,AP-7,VANDELLOS I L'HOSPITALET DE L'INFANT,Baix Camp,0,0,1,0,3,0,0,0,0,1,2,0,0,100.0,0.0,0,-1,No n'hi ha,-1.0,3,3,1,0,0,0,0,0,0,0,0,0,0,0,4,-1,-1,Xoc contra objecte/obstacle sense sortida prèvia de via,-1,1,2,4,-1,2,1,17.01,1,4,1,8,9
18934,2020,1,2020-10-04,SE,OLOT,Garrotxa,1,0,2,2,1,0,0,0,0,1,0,0,0,30.0,0.0,0,3,No n'hi ha,-1.0,3,3,1,0,0,0,0,0,0,0,0,0,0,0,4,-1,1,Xoc contra objecte/obstacle sense sortida prèvia de via,-1,2,2,5,0,2,0,14.49,1,4,6,4,10
18935,2020,0,2020-11-20,AP-7,SANT CUGAT DEL VALLES,Valles Occidental,3,0,1,0,2,0,0,0,0,1,1,0,0,100.0,0.0,0,3,No n'hi ha,-1.0,3,3,1,0,0,0,0,0,0,0,0,0,0,0,4,-1,0,Resta sortides de via,-1,1,2,4,1,2,1,13.34,0,1,4,20,11
18936,2020,0,2020-10-30,C-26,"LLOSSES, LES",Ripolles,1,0,1,0,1,0,0,0,0,0,0,1,0,90.0,0.0,0,-1,Sense Especificar,-1.0,3,3,1,0,0,0,0,0,0,0,0,0,0,0,4,-1,-1,Resta sortides de via,-1,1,2,4,4,2,1,10.44,0,1,4,30,10
18937,2020,0,2020-12-06,BV-5303,SEVA,Osona,3,0,1,0,1,0,1,0,0,0,0,0,0,30.0,0.0,0,-1,Sense Especificar,-1.0,3,3,1,0,0,0,0,0,0,0,0,0,0,0,4,-1,-1,Altres,-1,1,2,0,4,2,0,12.42,0,5,6,6,12
18938,2020,1,2020-12-22,SE,MATARO,Maresme,3,0,1,0,2,0,0,0,1,1,0,0,0,20.0,0.0,0,-1,No n'hi ha,-1.0,3,3,1,-1,0,0,0,-1,0,0,0,0,0,1,5,4,-1,Envestida (frontal lateral),2,2,2,5,-1,2,1,20.35,1,2,1,22,12
18939,2020,1,2020-11-16,SE,BADALONA,Barcelones,3,0,1,0,1,0,1,0,0,0,0,0,0,20.0,,0,-1,No n'hi ha,-1.0,3,3,1,0,0,0,0,0,0,0,0,0,0,1,4,5,0,Caiguda en la via,2,2,2,5,-1,2,1,14.0,1,0,0,16,11
18940,2020,0,2020-08-13,BV-2415,OLERDOLA,Alt Penedes,3,0,1,0,2,0,1,0,0,1,0,0,0,100.0,0.0,0,0,No n'hi ha,-1.0,3,3,1,0,0,0,0,0,0,0,0,0,0,0,4,-1,1,Encalç,-1,1,2,4,3,2,1,11.55,0,2,3,13,8
18941,2020,0,2020-09-12,C-17,MONTCADA I REIXAC,Valles Occidental,3,0,1,3,5,2,0,0,0,3,0,0,0,80.0,0.0,0,3,No n'hi ha,-1.0,3,3,1,0,0,0,0,0,0,0,0,0,0,0,1,-1,1,Atropellament,-1,1,2,4,1,2,0,20.35,1,3,5,12,9
18942,2020,1,2020-07-26,SE,CANET D'ADRI,Girones,1,0,1,0,1,0,1,0,0,0,0,0,0,20.0,0.0,0,-1,Sense Especificar,-1.0,3,3,1,0,0,0,0,0,0,0,0,0,0,0,4,-1,-1,Altres,-1,2,2,5,-1,2,0,8.53,0,5,6,26,7
18943,2020,0,2020-06-15,B-10,BARCELONA,Barcelones,3,0,1,1,2,0,0,0,2,0,0,0,0,100.0,0.0,0,2,No n'hi ha,-1.0,3,3,1,0,0,0,0,0,0,0,0,0,0,0,4,-1,1,Envestida (frontal lateral),-1,1,2,4,3,2,1,11.56,0,2,0,15,6
18944,2020,0,2020-06-01,C-17,TAGAMANENT,Valles Oriental,3,0,1,0,1,0,0,0,0,0,1,0,0,80.0,0.0,0,3,No n'hi ha,-1.0,3,3,1,0,0,0,0,0,0,0,0,0,0,0,3,-1,0,Caiguda en la via,-1,1,2,4,2,2,1,0.12,2,0,0,1,6
18945,2020,1,2020-07-29,SE,LLORET DE MAR,Selva,1,0,1,0,2,1,0,0,0,1,0,0,0,100.0,0.0,0,2,Carril central,-1.0,3,3,1,0,0,0,0,0,0,0,0,0,0,1,4,3,1,Atropellament,2,2,2,5,-1,2,1,14.1,1,3,2,29,7
18946,2020,0,2020-08-23,N-230,VIELHA E MIJARAN,Val d'Aran,2,1,0,0,1,0,0,0,1,0,0,0,0,100.0,0.0,0,1,No n'hi ha,-1.0,3,3,0,0,0,0,0,0,0,0,0,0,0,0,2,-1,1,Caiguda en la via,-1,1,2,4,1,2,0,19.13,1,0,6,23,8
18947,2020,1,2020-11-21,SE,BALAGUER,Noguera,2,0,1,0,2,1,0,0,0,1,0,0,0,100.0,1.0,0,2,No n'hi ha,-1.0,3,3,1,0,0,0,0,0,0,0,0,0,0,0,0,-1,1,Atropellament,-1,2,2,5,-1,2,0,19.3,1,3,5,21,11
18948,2020,1,2020-10-28,TV-2127,"VENDRELL, EL",Baix Penedes,0,0,1,0,2,1,0,0,0,1,0,0,0,40.0,0.0,0,-1,No n'hi ha,-1.0,3,3,1,-1,-1,0,0,-1,0,0,0,0,-1,1,4,2,1,Atropellament,0,0,2,5,0,2,1,11.54,0,3,2,28,10
18949,2020,0,2020-12-23,N-240,TORREGROSSA,Pla d'Urgell,2,0,1,7,4,0,0,0,0,4,0,0,0,100.0,0.0,1,2,No n'hi ha,-1.0,3,3,1,1,0,0,0,0,0,0,0,0,0,0,3,-1,1,Col·lisió frontal,-1,1,2,4,1,2,1,7.56,0,2,2,23,12
18950,2020,1,2020-10-16,SE,TARRAGONA,Tarragones,0,0,1,0,2,1,0,0,0,1,0,0,0,100.0,0.0,0,2,No n'hi ha,-1.0,3,3,1,0,0,0,0,0,0,0,0,0,0,0,4,-1,0,Atropellament,-1,2,2,5,-1,2,0,18.0,1,3,4,16,10
18951,2020,0,2020-02-23,C-26,CASTELLAR DE LA RIBERA,Solsones,2,0,1,0,1,0,0,0,0,1,0,0,0,90.0,0.0,0,-1,Sense Especificar,-1.0,3,3,1,0,0,0,0,0,0,0,0,0,0,0,4,-1,-1,Resta sortides de via,-1,1,2,4,4,2,0,8.51,0,1,6,23,2
18952,2020,0,2020-11-17,TP-3311,ULLDECONA,Montsia,0,1,2,0,2,0,0,0,0,1,1,0,0,100.0,0.0,0,1,No n'hi ha,-1.0,3,3,0,0,0,0,0,0,0,0,0,0,0,0,4,-1,1,Col·lisió frontal,-1,1,2,4,2,2,1,16.55,1,2,1,17,11
18953,2020,0,2020-11-01,BV-5224,TORELLO,Osona,3,0,2,0,1,0,0,0,0,1,0,0,0,70.0,0.0,0,1,No n'hi ha,-1.0,3,3,1,0,0,0,0,0,0,0,0,0,0,0,4,-1,1,Resta sortides de via,-1,1,2,4,3,2,0,15.45,1,1,6,1,11
18954,2020,1,2020-06-06,SE,BARCELONA,Barcelones,3,0,1,0,2,0,0,0,1,1,0,0,0,100.0,0.0,1,-1,No n'hi ha,-1.0,3,3,1,0,0,0,0,0,0,0,0,0,0,1,4,-1,1,Envestida (frontal lateral),2,2,2,5,-1,2,0,15.56,1,2,5,6,6
18955,2020,1,2020-08-06,SE,SANT JOAN DESPI,Baix Llobregat,3,0,1,0,2,1,0,0,0,1,0,0,0,100.0,0.0,0,2,No n'hi ha,-1.0,3,3,1,0,0,0,0,0,0,0,0,0,0,1,4,5,1,Atropellament,-1,2,2,5,-1,2,1,12.0,0,3,3,6,8
18956,2020,0,2020-10-03,BP-1417,BARCELONA,Barcelones,3,0,1,0,2,0,0,0,1,1,0,0,0,50.0,0.0,0,1,No n'hi ha,-1.0,3,3,1,0,0,0,0,0,0,0,0,0,0,0,0,-1,1,Envestida (frontal lateral),-1,1,2,4,3,2,0,23.48,2,2,5,3,10
18957,2020,1,2020-07-13,SE,BARCELONA,Barcelones,3,0,1,1,2,1,0,0,1,0,0,0,0,100.0,0.0,1,-1,No n'hi ha,-1.0,3,3,1,0,0,0,0,0,0,0,0,0,0,0,4,-1,0,Atropellament,-1,2,2,5,-1,2,1,17.05,1,3,0,13,7
18958,2020,1,2020-06-02,B-511,ARENYS DE MAR,Maresme,3,0,1,0,2,1,0,0,0,1,0,0,0,40.0,0.0,0,2,No n'hi ha,-1.0,3,3,1,0,0,0,0,0,0,0,0,0,0,1,4,2,1,Atropellament,1,0,2,4,0,2,1,11.5,0,3,1,2,6
18959,2020,1,2020-06-13,SE,REUS,Baix Camp,0,0,1,0,2,1,0,0,0,1,0,0,0,100.0,1.0,0,-1,No n'hi ha,-1.0,3,3,1,0,0,0,0,0,0,0,0,0,0,0,4,-1,-1,Atropellament,-1,2,2,5,-1,2,0,16.39,1,3,5,13,6
18960,2020,1,2020-09-02,SE,GIRONA,Girones,1,0,1,0,2,0,0,0,1,1,0,0,0,100.0,0.0,0,2,No n'hi ha,-1.0,3,3,1,0,0,0,0,0,0,0,0,0,0,0,4,-1,1,Encalç,-1,2,2,5,-1,2,1,12.03,0,2,2,2,9
18961,2020,0,2020-08-24,C-14,RIBERA D'URGELLET,Alt Urgell,2,0,1,1,2,0,0,0,1,1,0,0,0,100.0,0.0,0,1,No n'hi ha,-1.0,3,3,1,0,0,0,0,0,0,0,0,0,0,0,4,-1,1,Fregament o col·lisió lateral,-1,1,2,4,2,2,1,17.33,1,2,0,24,8
18962,2020,0,2020-09-20,C-12,FLIX,Ribera d'Ebre,0,0,3,0,2,0,0,0,0,2,0,0,0,50.0,0.0,0,1,No n'hi ha,-1.0,3,3,1,0,0,0,0,0,0,0,0,0,0,0,3,-1,1,Col·lisió frontal,-1,1,2,4,2,2,0,0.44,2,2,6,20,9
18963,2020,1,2020-09-10,SE,TARRAGONA,Tarragones,0,0,1,0,1,0,0,0,0,1,0,0,0,50.0,0.0,0,2,No n'hi ha,-1.0,3,3,1,0,0,0,0,0,0,0,0,0,0,2,4,5,1,Resta sortides de via,1,2,2,5,0,2,1,13.3,0,1,3,10,9
18964,2020,1,2020-10-07,SE,"PRAT DE LLOBREGAT, E",Baix Llobregat,3,0,1,1,2,0,0,0,1,1,0,0,0,50.0,0.0,0,2,No n'hi ha,-1.0,3,3,1,0,0,0,0,0,0,0,0,0,0,2,4,-1,1,Fregament o col·lisió lateral,0,2,2,5,-1,2,1,15.28,1,2,2,7,10
18965,2020,1,2020-08-26,SE,SANT HILARI SACALM,Selva,1,0,1,0,1,0,0,0,0,1,0,0,0,20.0,0.0,0,-1,Sense Especificar,-1.0,3,3,1,0,0,0,0,0,0,0,0,0,0,2,4,4,-1,Resta sortides de via,0,2,2,5,-1,2,1,16.24,1,1,2,26,8
18966,2020,1,2020-11-13,SE,VILASSAR DE DALT,Maresme,3,0,1,0,2,1,0,0,0,1,0,0,0,100.0,0.0,0,2,No n'hi ha,-1.0,3,3,1,0,0,0,0,0,0,0,0,0,0,0,5,-1,1,Atropellament,-1,2,2,5,-1,2,0,18.35,1,3,4,13,11
18967,2020,1,2020-09-22,N-340,SUBIRATS,Alt Penedes,3,0,1,0,3,0,0,0,1,2,0,0,0,100.0,0.0,0,2,No n'hi ha,-1.0,3,3,1,0,0,0,0,0,0,0,0,0,0,0,4,-1,1,Fregament o col·lisió lateral,-1,0,2,4,1,2,1,9.4,0,2,1,22,9
18968,2020,0,2020-10-06,GI-531,SANT GREGORI,Girones,1,0,1,1,1,0,0,1,0,0,0,0,0,100.0,0.0,0,1,No n'hi ha,-1.0,3,3,1,0,0,0,0,0,0,0,0,0,0,0,4,-1,1,Resta sortides de via,-1,1,2,4,3,2,1,14.55,1,1,1,6,10
18969,2020,1,2020-10-09,SE,ALCANAR,Montsia,0,0,1,0,2,0,0,0,1,1,0,0,0,100.0,0.0,0,2,No n'hi ha,-1.0,3,3,1,0,0,0,0,0,0,0,0,0,0,2,5,4,0,Fregament o col·lisió lateral,1,2,2,5,-1,2,0,23.0,2,2,4,9,10
18970,2020,0,2020-07-30,B-10,SANT ADRIA DE BESOS,Barcelones,3,0,1,0,1,0,0,0,1,0,0,0,0,90.0,0.0,0,-1,Sense Especificar,-1.0,3,3,1,0,0,0,0,0,0,0,0,0,0,0,4,-1,-1,Altres,-1,1,2,4,4,2,1,15.46,1,5,3,30,7
18971,2020,1,2020-09-30,SE,BARCELONA,Barcelones,3,0,1,0,2,0,0,0,1,1,0,0,0,100.0,0.0,1,-1,No n'hi ha,-1.0,3,3,1,0,0,0,0,0,0,0,0,0,0,1,4,-1,1,Envestida (frontal lateral),2,2,2,5,-1,2,1,18.1,1,2,2,30,9
18972,2020,1,2020-12-05,SE,CERDANYOLA DEL VALLES,Valles Occidental,3,0,1,0,1,0,1,0,0,0,0,0,0,20.0,0.0,0,3,No n'hi ha,-1.0,3,3,1,0,0,0,0,0,0,0,0,1,0,0,4,-1,1,Caiguda en la via,-1,2,1,5,-1,2,0,10.3,0,0,5,5,12
18973,2020,1,2020-12-05,SE,MANRESA,Bages,3,0,1,0,2,0,0,1,0,1,0,0,0,30.0,0.0,0,2,No n'hi ha,-1.0,3,3,1,0,0,0,0,0,0,0,0,0,0,0,4,-1,0,Caiguda en la via,-1,2,2,5,-1,2,0,13.0,0,0,5,5,12
18974,2020,1,2020-11-02,SE,BARCELONA,Barcelones,3,0,1,0,2,0,0,0,1,1,0,0,0,100.0,0.0,1,-1,No n'hi ha,-1.0,3,3,1,0,0,0,0,0,0,0,0,0,0,1,0,-1,0,Envestida (frontal lateral),2,2,2,5,-1,2,1,22.0,2,2,0,2,11
18975,2020,1,2020-12-15,SE,VANDELLOS I L'HOSPITALET DE L'INFANT,Baix Camp,0,1,0,0,1,0,0,0,1,0,0,0,0,100.0,0.0,0,-1,No n'hi ha,-1.0,3,3,0,0,0,0,0,0,0,0,0,0,0,0,4,-1,-1,Resta sortides de via,-1,2,2,5,-1,2,1,21.37,1,1,1,15,12