,Year,Area,Date,Road,Municipality Name,County Name,Province Name,Fatalties,Serious Injuries,Light Injuries,Units Involved,Pedestrains Involved,Bicycles Involved,Mopeds Involved,Motorcycles,Light Vehicles Involved,Heavy Vehicles Involved,Other Units Involved,Unspecified Units Involved,Road Speed Limit,Accident with Hit and Run,Fog Presence,Surrounding Environment,Special Lane Presence,Special Traffic Measures,Weather Conditions,Special Road Functions,Severity of Accident,Influence of Fog,Influence of Environment,Influence of Traffic,Influence of Weather,Influence of Wind Intensity,Influence of Lighting,Influence of Special Measures,Influence of Road Objects,Influence of Road Surface,Influence of Visibility,Intersection Characteristics,Lighting Conditions,Traffic Regulation and Priority,Direction of Road,Subtype of Accident,Subtype of Road Section,Subzone within Area,Road Surface Conditions,Type of Road,Road Ownership,Wind Conditions,Day of the Week Grouping,Hour of Day,Time of Day Grouping,Type of Accident,Day Type,Day,Month
18976,2020,1,2020-12-18,SE,SABADELL,Valles Occidental,3,0,1,0,2,1,0,0,0,1,0,0,0,100.0,0.0,0,-1,No n'hi ha,-1.0,3,3,1,0,0,0,0,0,0,0,0,0,0,0,4,-1,-1,Altres,-1,2,2,5,-1,2,0,19.19,1,5,4,18,12
18977,2020,1,2020-10-28,SE,SANT BOI DE LLOBREGAT,Baix Llobregat,3,0,1,1,3,2,0,0,0,1,0,0,0,100.0,0.0,0,2,No n'hi ha,-1.0,3,3,1,0,0,0,0,0,0,0,0,0,0,0,4,-1,0,Atropellament,-1,2,2,5,-1,2,1,10.17,0,3,2,28,10
18978,2020,0,2020-11-13,N-II,MONTGAT,Maresme,3,0,1,0,2,0,1,0,0,1,0,0,0,40.0,0.0,0,3,No n'hi ha,-1.0,3,3,1,0,0,0,0,0,0,0,0,0,0,1,4,4,1,Envestida (frontal lateral),0,1,2,4,1,2,1,10.21,0,2,4,13,11
18979,2020,1,2020-11-14,SE,REUS,Baix Camp,0,0,1,0,1,0,0,0,1,0,0,0,0,100.0,0.0,0,-1,No n'hi ha,-1.0,3,3,1,0,0,0,0,0,0,0,0,0,0,0,4,-1,-1,Caiguda en la via,-1,2,2,5,-1,2,0,11.0,0,0,5,14,11
18980,2020,0,2020-11-04,B-22,"PRAT DE LLOBREGAT, E",Baix Llobregat,3,0,1,0,2,0,0,0,1,0,1,0,0,80.0,0.0,0,0,No n'hi ha,-1.0,3,3,1,0,0,0,0,0,0,0,0,0,0,0,0,-1,0,Fregament o col·lisió lateral,-1,1,2,4,1,2,1,21.11,1,2,2,4,11
18981,2020,1,2020-11-21,SE,TARRAGONA,Tarragones,0,0,1,0,1,0,0,0,1,0,0,0,0,100.0,0.0,0,-1,No n'hi ha,-1.0,3,3,1,0,0,0,0,0,0,0,0,0,0,0,4,-1,-1,Resta sortides de via,-1,2,2,5,-1,2,0,11.4,0,1,5,21,11
18982,2020,1,2020-10-21,SE,TERRASSA,Valles Occidental,3,0,1,0,1,0,0,0,1,0,0,0,0,100.0,0.0,0,2,No n'hi ha,-1.0,3,3,1,0,1,0,0,0,1,0,0,0,0,1,5,2,1,Caiguda en la via,2,2,2,5,-1,2,1,20.15,1,0,2,21,10
18983,2020,0,2020-12-28,TV-3319,ULLDECONA,Montsia,0,0,1,1,2,0,0,0,0,0,1,1,0,100.0,0.0,0,2,No n'hi ha,-1.0,3,3,1,0,0,0,0,0,0,0,0,0,0,0,4,-1,1,Envestida (frontal lateral),-1,1,2,4,2,1,1,10.0,0,2,0,28,12
18984,2020,0,2020-12-07,C-37,MANLLEU,Osona,3,1,0,4,2,0,0,0,0,2,0,0,0,100.0,0.0,0,1,No n'hi ha,-1.0,3,3,0,0,1,0,0,0,1,0,0,0,0,1,3,2,0,Resta sortides de via,3,1,2,4,2,2,1,18.47,1,1,0,7,12
18985,2020,1,2020-12-23,N-230,ALFARRAS,Segria,2,0,1,0,2,1,0,0,0,1,0,0,0,100.0,0.0,1,2,No n'hi ha,-1.0,3,3,1,0,0,0,0,0,0,0,0,0,1,0,5,-1,1,Atropellament,-1,0,2,4,1,2,1,6.39,0,3,2,23,12
18986,2020,1,2020-04-24,SE,"VENDRELL, EL",Baix Penedes,0,0,1,0,1,0,1,0,0,0,0,0,0,40.0,0.0,0,-1,No n'hi ha,-1.0,3,3,1,-1,-1,0,0,-1,0,0,0,0,0,0,4,-1,1,Caiguda en la via,-1,2,2,5,-1,2,1,13.21,0,0,4,24,4
18987,2020,1,2020-01-18,SE,BADALONA,Barcelones,3,0,1,0,2,0,0,0,1,1,0,0,0,20.0,0.0,0,-1,No n'hi ha,-1.0,3,3,1,0,0,0,0,0,0,0,0,0,0,0,5,-1,-1,Fregament o col·lisió lateral,-1,2,2,5,-1,2,0,19.5,1,2,5,18,1
18988,2020,0,2020-01-21,C-31,HOSPITALET DE LLOBREGAT,Barcelones,3,0,1,1,2,0,0,0,1,1,0,0,0,80.0,0.0,0,2,No n'hi ha,-1.0,2,3,1,0,0,0,1,0,0,0,0,0,0,2,2,2,0,Encalç,3,1,2,4,2,0,1,9.13,0,2,1,21,1
18989,2020,0,2020-01-28,C-17,"AMETLLA DEL VALLES,",Valles Oriental,3,1,0,2,3,0,0,0,0,2,1,0,0,100.0,0.0,0,-1,No n'hi ha,-1.0,3,3,0,0,0,0,0,0,0,0,0,0,0,0,4,-1,-1,Col·lisió frontal,-1,1,2,4,-1,2,1,11.44,0,2,1,28,1
18990,2020,0,2020-02-09,C-153,"PLANES D'HOSTOLES, LES",Garrotxa,1,0,1,0,1,0,0,0,1,0,0,0,0,90.0,0.0,0,-1,Sense Especificar,-1.0,3,3,1,0,0,0,0,0,0,0,0,0,0,0,4,-1,-1,Resta sortides de via,-1,1,2,4,4,2,0,12.17,0,1,6,9,2
18991,2020,1,2020-02-27,SE,GIRONA,Girones,1,0,1,0,2,0,0,0,1,1,0,0,0,100.0,0.0,0,2,No n'hi ha,-1.0,3,3,1,0,0,0,0,0,0,0,0,0,0,0,4,-1,1,Caiguda en la via,-1,2,2,5,-1,2,1,8.05,0,0,3,27,2
18992,2020,1,2020-01-27,SE,REUS,Baix Camp,0,0,1,0,1,0,0,1,0,0,0,0,0,100.0,0.0,0,-1,No n'hi ha,-1.0,3,3,1,0,0,0,0,0,0,0,0,0,0,0,4,-1,-1,Altres,-1,2,2,5,-1,2,1,3.51,2,5,0,27,1
18993,2020,1,2020-02-12,SE,GAVA,Baix Llobregat,3,0,1,0,1,0,0,0,0,0,1,0,0,20.0,0.0,0,-1,No n'hi ha,-1.0,3,3,1,-1,-1,0,0,-1,0,0,0,0,-1,0,4,-1,-1,Caiguda en la via,-1,2,2,5,-1,2,1,11.3,0,0,2,12,2
18994,2020,1,2020-01-29,SE,ARGENTONA,Maresme,3,0,1,1,1,0,0,0,1,0,0,0,0,100.0,0.0,0,2,No n'hi ha,-1.0,3,3,1,0,0,0,0,0,1,0,0,0,0,2,0,4,1,Resta sortides de via,1,2,2,5,-1,2,1,20.0,1,1,2,29,1
18995,2020,1,2020-02-22,SE,BARCELONA,Barcelones,3,0,1,0,2,0,0,1,0,1,0,0,0,100.0,0.0,1,-1,No n'hi ha,-1.0,3,3,1,0,0,0,0,0,0,0,0,0,0,0,0,-1,0,Encalç,-1,2,2,5,-1,2,0,6.45,0,2,5,22,2
18996,2020,0,2020-03-04,T-702,"VILELLA BAIXA, LA",Priorat,0,0,1,0,1,0,0,0,1,0,0,0,0,100.0,0.0,0,0,No n'hi ha,-1.0,3,3,1,0,0,0,0,0,0,0,0,0,0,0,4,-1,1,Caiguda en la via,-1,1,2,4,2,2,1,12.57,0,0,2,4,3
18997,2020,1,2020-03-07,B-682,PALAFOLLS,Maresme,3,0,1,0,2,0,0,0,1,1,0,0,0,100.0,0.0,0,-1,No n'hi ha,-1.0,3,3,1,0,0,0,0,0,0,0,0,0,0,0,4,-1,-1,Envestida (frontal lateral),-1,0,2,4,-1,2,0,15.13,1,2,5,7,3
18998,2020,1,2020-02-06,SE,BARCELONA,Barcelones,3,0,1,0,2,0,0,0,1,1,0,0,0,100.0,0.0,1,-1,No n'hi ha,-1.0,3,3,1,0,0,0,0,0,0,0,0,0,0,1,4,-1,1,Envestida (frontal lateral),2,2,2,5,-1,2,1,11.3,0,2,3,6,2
18999,2020,0,2020-01-07,C-31,GAVA,Baix Llobregat,3,0,1,0,2,0,0,0,1,1,0,0,0,100.0,0.0,0,2,No n'hi ha,-1.0,3,3,1,0,0,0,0,0,0,0,0,0,0,0,4,-1,0,Fregament o col·lisió lateral,-1,1,2,4,2,2,1,8.1,0,2,1,7,1
19000,2020,0,2020-02-01,C-241c,ARGENCOLA,Anoia,3,0,1,0,1,0,0,0,1,0,0,0,0,90.0,0.0,0,-1,Sense Especificar,-1.0,3,3,1,0,0,0,0,0,0,0,0,0,0,0,4,-1,-1,Altres,-1,1,2,4,4,2,0,12.55,0,5,5,1,2
19001,2020,1,2020-02-06,SE,SANT ANFREU DE LA BARCA,Baix Llobregat,3,0,1,0,3,0,0,0,1,2,0,0,0,100.0,0.0,0,-1,No n'hi ha,-1.0,3,3,1,0,0,0,0,0,0,0,0,0,1,0,4,-1,-1,Envestida (frontal lateral),-1,2,2,5,-1,2,1,13.55,0,2,3,6,2
19002,2020,1,2020-02-02,SE,"POBLA DE SEGUR, LA",Pallars Jussa,2,0,1,0,2,1,0,0,0,1,0,0,0,50.0,0.0,0,2,No n'hi ha,-1.0,3,3,1,0,0,0,0,0,0,0,0,0,0,0,5,-1,1,Atropellament,-1,2,2,5,-1,2,0,19.1,1,3,6,2,2
19003,2020,1,2020-02-28,SE,BARCELONA,Barcelones,3,0,1,0,4,0,3,0,0,1,0,0,0,100.0,0.0,1,-1,No n'hi ha,-1.0,3,3,1,0,0,0,0,0,0,0,0,0,0,0,4,-1,0,Encalç,-1,2,2,5,-1,2,1,7.15,0,2,4,28,2
19004,2020,0,2020-01-01,BV-2429,AVINYONET DEL PENEDES,Alt Penedes,3,0,1,0,1,0,0,0,1,0,0,0,0,100.0,0.0,0,2,No n'hi ha,-1.0,3,3,1,0,0,0,0,0,0,0,0,0,0,0,4,-1,1,Caiguda en la via,-1,1,2,4,3,2,1,11.2,0,0,2,1,1
19005,2020,0,2020-03-07,B-10,HOSPITALET DE LLOBREGAT,Barcelones,3,0,1,0,1,0,0,0,1,0,0,0,0,60.0,0.0,0,2,No n'hi ha,-1.0,3,3,1,0,0,0,0,0,0,0,0,0,0,0,5,-1,0,Xoc contra objecte/obstacle sense sortida prèvia de via,-1,1,2,4,2,2,0,22.28,2,4,5,7,3
19006,2020,0,2020-01-25,N-340,VALLIRANA,Baix Llobregat,3,3,0,0,2,0,0,0,0,2,0,0,0,100.0,0.0,0,2,No n'hi ha,-1.0,3,3,0,0,0,0,0,0,0,0,0,0,0,0,4,-1,1,Envestida (frontal lateral),-1,1,2,4,1,2,0,13.51,0,2,5,25,1
19007,2020,0,2020-05-19,-GIP 6543.00,PALAFRUGELL,Baix Emporda,1,1,0,0,1,0,0,0,1,0,0,0,0,30.0,0.0,0,3,No n'hi ha,-1.0,3,3,0,0,0,0,0,0,0,0,0,0,0,0,3,-1,1,Resta sortides de via,-1,1,2,4,3,2,1,1.23,2,1,1,19,5
19008,2020,1,2020-01-08,SE,CALAFELL,Baix Penedes,0,0,1,0,1,0,0,1,0,0,0,0,0,20.0,0.0,0,-1,No n'hi ha,-1.0,3,3,1,-1,-1,0,0,-1,0,0,0,0,-1,0,5,-1,-1,Caiguda en la via,-1,2,2,5,-1,2,1,21.25,1,0,2,8,1
19009,2020,1,2020-02-24,SE,BARCELONA,Barcelones,3,0,1,1,3,0,0,0,2,1,0,0,0,100.0,0.0,1,-1,No n'hi ha,-1.0,3,3,1,0,0,0,0,0,0,0,0,0,0,1,0,-1,0,Envestida (frontal lateral),2,2,2,5,-1,2,1,6.5,0,2,0,24,2
19010,2020,1,2020-02-04,SE,BARCELONA,Barcelones,3,0,1,1,3,0,1,0,1,0,1,0,0,100.0,0.0,1,-1,Carril bici,-1.0,3,3,1,0,0,0,0,0,0,0,0,0,0,1,4,-1,0,Envestida (frontal lateral),2,2,2,5,-1,2,1,10.15,0,2,1,4,2
19011,2020,1,2020-03-03,SE,TARRAGONA,Tarragones,0,0,1,0,2,1,0,0,0,1,0,0,0,100.0,0.0,0,2,No n'hi ha,-1.0,3,3,1,0,0,0,0,0,0,0,0,0,0,0,4,-1,0,Atropellament,-1,2,2,5,-1,2,1,12.15,0,3,1,3,3
19012,2020,0,2020-03-24,AP-7,"AMETLLA DE MAR, L'",Baix Ebre,0,1,0,0,1,0,0,0,0,0,1,0,0,100.0,0.0,0,2,No n'hi ha,-1.0,3,3,0,0,0,0,0,0,0,0,0,0,0,0,3,-1,0,Resta sortides de via,-1,1,2,4,1,2,1,21.16,1,1,1,24,3
19013,2020,1,2020-02-22,SE,BARCELONA,Barcelones,3,0,1,0,3,0,0,0,1,2,0,0,0,100.0,0.0,1,-1,No n'hi ha,-1.0,3,3,1,0,0,0,0,0,0,0,0,0,0,0,4,-1,0,Fregament o col·lisió lateral,-1,2,2,5,-1,2,0,17.0,1,2,5,22,2
19014,2020,1,2020-02-23,SE,IGUALADA,Anoia,3,0,2,0,2,0,0,0,1,1,0,0,0,50.0,0.0,0,2,No n'hi ha,-1.0,3,3,1,-1,0,0,0,-1,0,0,0,0,0,1,5,4,0,Fregament o col·lisió lateral,1,2,2,5,0,2,0,19.22,1,2,6,23,2
19015,2020,0,2020-02-17,B-431,PRATS DE LLUCANES,Osona,3,0,1,0,1,0,1,0,0,0,0,0,0,90.0,0.0,0,-1,Sense Especificar,-1.0,3,3,1,0,0,0,0,0,0,0,0,0,0,0,4,-1,-1,Altres,-1,1,2,4,4,2,1,12.14,0,5,0,17,2
19016,2020,1,2020-03-03,SE,BARCELONA,Barcelones,3,0,1,0,2,0,0,0,1,1,0,0,0,100.0,0.0,1,-1,Carril bus,-1.0,3,3,1,0,0,0,0,0,0,0,0,0,0,0,4,-1,1,Fregament o col·lisió lateral,-1,2,2,5,-1,2,1,10.0,0,2,1,3,3
19017,2020,0,2020-02-17,B-10,BARCELONA,Barcelones,3,0,1,0,2,0,0,0,1,1,0,0,0,80.0,0.0,1,-1,No n'hi ha,-1.0,3,3,1,0,0,0,0,0,0,0,0,0,0,0,4,-1,1,Encalç,-1,1,2,4,-1,2,1,17.1,1,2,0,17,2
19018,2020,1,2020-03-13,SE,GIRONA,Girones,1,0,1,2,2,0,1,0,1,0,0,0,0,100.0,0.0,0,2,No n'hi ha,-1.0,3,3,1,0,0,0,0,0,0,0,0,0,0,0,4,-1,1,Encalç,-1,2,2,5,-1,2,0,18.37,1,2,4,13,3
19019,2020,1,2020-06-27,SE,MATARO,Maresme,3,0,1,1,2,0,0,0,1,1,0,0,0,20.0,1.0,0,-1,No n'hi ha,-1.0,3,3,1,0,-1,0,0,0,0,0,0,0,0,0,5,-1,-1,Envestida (frontal lateral),-1,2,2,5,-1,2,0,22.3,2,2,5,27,6
19020,2020,0,2020-06-28,N-II,"MASNOU, EL",Maresme,3,0,1,0,1,0,1,0,0,0,0,0,0,90.0,0.0,0,-1,Sense Especificar,-1.0,3,3,1,0,0,0,0,0,0,0,0,0,0,0,4,-1,-1,Altres,-1,1,2,4,4,2,0,8.31,0,5,6,28,6
19021,2020,0,2020-07-01,BV-5103,LLINARS DEL VALLES,Valles Oriental,3,0,1,0,1,0,1,0,0,0,0,0,0,90.0,0.0,0,-1,Sense Especificar,-1.0,3,3,1,0,0,0,0,0,0,0,0,0,0,0,4,-1,-1,Altres,-1,1,2,4,4,2,1,16.59,1,5,2,1,7
19022,2020,0,2020-10-10,C-55,ABRERA,Baix Llobregat,3,1,1,1,2,0,0,0,0,2,0,0,0,70.0,0.0,0,3,No n'hi ha,-1.0,3,3,0,0,0,0,0,0,0,0,0,0,0,0,4,-1,1,Col·lisió frontal,-1,1,2,4,2,2,0,8.31,0,2,5,10,10
19023,2020,0,2020-08-18,C-152,"PRESES, LES",Garrotxa,1,0,1,1,3,0,0,0,0,3,0,0,0,90.0,0.0,0,-1,Sense Especificar,-1.0,3,3,1,0,0,0,0,0,0,0,0,0,0,1,4,5,-1,Fregament o col·lisió lateral,1,1,2,4,4,2,1,19.46,1,2,1,18,8
19024,2020,0,2020-10-17,C-13,CAMARASA,Noguera,2,0,1,0,1,0,0,0,1,0,0,0,0,90.0,0.0,0,-1,Sense Especificar,-1.0,3,3,1,0,0,0,0,0,0,0,0,0,0,0,4,-1,-1,Resta sortides de via,-1,1,2,4,4,2,0,11.32,0,1,5,17,10
19025,2020,1,2020-10-31,SE,BADALONA,Barcelones,3,0,1,0,1,0,0,0,1,0,0,0,0,20.0,0.0,0,-1,No n'hi ha,-1.0,3,3,1,-1,0,0,0,-1,0,0,0,0,-1,0,5,-1,0,Caiguda en la via,-1,2,1,5,-1,2,0,20.4,1,0,5,31,10
19026,2020,1,2020-06-19,SE,CALAFELL,Baix Penedes,0,0,1,0,1,0,0,1,0,0,0,0,0,40.0,0.0,0,2,No n'hi ha,-1.0,3,3,1,-1,0,0,0,-1,0,0,0,0,-1,1,4,4,0,Sortida de via amb xoc o col·lisió,0,2,2,5,-1,2,0,16.1,1,1,4,19,6
19027,2020,0,2020-02-20,B-10,BARCELONA,Barcelones,3,0,1,0,2,0,0,0,1,1,0,0,0,90.0,0.0,0,-1,Sense Especificar,-1.0,3,3,1,0,0,0,0,0,0,0,0,0,0,0,4,-1,-1,Fregament o col·lisió lateral,-1,1,2,4,4,2,1,18.07,1,2,3,20,2
19028,2020,1,2020-05-28,SE,HOSPITALET DE LLOBREGAT,Barcelones,3,0,1,0,2,1,0,0,0,1,0,0,0,20.0,0.0,0,-1,No n'hi ha,-1.0,3,3,1,0,-1,0,0,0,0,0,0,0,0,1,4,3,-1,Atropellament,0,2,2,5,-1,2,1,20.49,1,3,3,28,5
19029,2020,1,2020-10-30,SE,BARCELONA,Barcelones,3,0,1,0,2,1,0,0,0,0,1,0,0,100.0,0.0,1,-1,No n'hi ha,-1.0,3,3,1,0,0,0,0,0,0,0,0,0,0,0,0,-1,1,Atropellament,-1,2,2,5,-1,2,0,22.35,2,3,4,30,10
19030,2020,1,2020-10-21,C-260,CASTELLO D'EMPURIES,Alt Emporda,1,0,1,0,2,0,0,0,1,1,0,0,0,40.0,0.0,0,2,No n'hi ha,-1.0,3,3,1,0,0,0,0,0,0,0,0,0,0,1,4,5,0,Fregament o col·lisió lateral,0,0,2,4,3,2,1,17.38,1,2,2,21,10
19031,2020,1,2020-07-21,C-12,AGER,Noguera,2,0,1,0,1,0,0,0,0,1,0,0,0,90.0,0.0,0,-1,Sense Especificar,-1.0,3,3,1,0,0,0,0,0,0,0,0,0,0,0,4,-1,-1,Resta sortides de via,-1,0,2,4,4,2,1,13.39,0,1,1,21,7
19032,2020,0,2020-07-10,CR,ALMACELLES,Segria,2,0,1,0,2,0,0,0,0,0,1,1,0,100.0,0.0,0,3,No n'hi ha,-1.0,3,3,1,0,0,0,0,0,0,0,0,0,0,0,4,-1,1,Fregament o col·lisió lateral,-1,1,2,3,0,2,1,9.0,0,2,4,10,7
19033,2020,1,2020-11-15,SE,CANOVELLES,Valles Oriental,3,0,1,0,2,1,0,0,0,1,0,0,0,100.0,0.0,0,2,No n'hi ha,-1.0,3,3,1,0,0,0,0,0,0,0,0,0,0,0,4,-1,0,Atropellament,-1,2,2,5,-1,2,0,14.25,1,3,6,15,11
19034,2020,1,2020-12-05,SE,SALOU,Tarragones,0,0,2,2,1,0,0,0,0,1,0,0,0,30.0,0.0,0,2,No n'hi ha,-1.0,3,3,1,0,0,0,0,0,0,0,0,0,0,1,5,3,1,Xoc contra objecte/obstacle sense sortida prèvia de via,1,2,2,5,-1,2,0,21.25,1,4,5,5,12
19035,2020,1,2020-08-25,SE,BARCELONA,Barcelones,3,0,1,0,2,0,1,0,0,1,0,0,0,100.0,0.0,1,-1,Carril bici,-1.0,3,3,1,0,0,0,0,0,0,0,0,0,0,1,4,-1,1,Envestida (frontal lateral),1,2,2,5,-1,2,1,14.43,1,2,1,25,8
19036,2020,1,2020-09-07,SE,GIRONA,Girones,1,0,1,0,2,1,0,0,0,1,0,0,0,100.0,0.0,0,2,No n'hi ha,-1.0,3,3,1,0,0,0,0,0,0,0,0,0,0,0,2,-1,1,Atropellament,-1,2,2,5,-1,2,1,7.3,0,3,0,7,9
19037,2020,1,2020-09-13,SE,SANT QUIRZE DEL VALLES,Valles Occidental,3,0,1,4,2,0,0,0,0,2,0,0,0,100.0,0.0,0,2,No n'hi ha,-1.0,3,3,1,0,0,0,0,0,0,0,0,0,0,0,5,-1,0,Xoc contra objecte/obstacle sense sortida prèvia de via,-1,2,2,5,-1,2,0,1.4,2,4,6,13,9
19038,2020,0,2020-08-26,C-55,OLESA DE MONTSERRAT,Baix Llobregat,3,0,2,3,4,0,0,0,1,3,0,0,0,90.0,0.0,0,2,No n'hi ha,-1.0,3,3,1,0,0,0,0,0,0,0,0,0,0,0,4,-1,1,Fregament o col·lisió lateral,-1,1,2,4,2,2,1,19.17,1,2,2,26,8
19039,2020,0,2020-09-11,N-240,FIGUEROLA DEL CAMP,Alt Camp,0,0,1,1,2,0,0,0,2,0,0,0,0,80.0,0.0,0,1,Carril lent,-1.0,3,3,1,0,0,0,0,0,0,0,0,0,0,0,4,-1,1,Fregament o col·lisió lateral,-1,1,2,4,1,2,1,12.27,0,2,4,11,9
19040,2020,0,2020-09-05,C-37,CASTELLFOLLIT DEL BO,Bages,3,0,1,1,2,0,0,0,2,0,0,0,0,60.0,0.0,0,2,Carril lent,-1.0,3,3,1,0,0,0,0,0,0,0,0,1,0,0,4,-1,1,Caiguda en la via,-1,1,2,4,2,2,0,10.21,0,0,5,5,9
19041,2020,1,2020-04-22,SE,REUS,Baix Camp,0,1,0,0,1,0,0,0,0,1,0,0,0,100.0,0.0,0,0,No n'hi ha,-1.0,3,3,0,0,0,0,0,0,0,0,0,0,0,1,2,4,0,Resta sortides de via,1,2,2,5,-1,2,1,18.35,1,1,2,22,4
19042,2020,0,2020-05-08,A-2,ALCOLETGE,Segria,2,0,2,0,1,0,0,0,0,1,0,0,0,100.0,0.0,0,0,No n'hi ha,-1.0,3,3,1,0,0,0,0,0,0,0,0,0,0,0,4,-1,0,Resta sortides de via,-1,1,2,4,1,2,0,19.25,1,1,4,8,5
19043,2020,1,2020-05-24,SE,SANT CLIMENT DE LLOBREGAT,Baix Llobregat,3,0,2,0,2,0,2,0,0,0,0,0,0,30.0,0.0,0,1,No n'hi ha,-1.0,3,3,1,-1,0,0,0,-1,0,0,0,1,-1,0,4,-1,1,Caiguda en la via,-1,0,1,0,4,2,0,8.0,0,0,6,24,5
19044,2020,0,2020-03-17,C-16,SALLENT,Bages,3,0,1,0,2,1,0,0,0,1,0,0,0,80.0,0.0,0,3,No n'hi ha,-1.0,3,3,1,0,0,0,0,0,0,0,0,0,1,1,3,5,0,Atropellament,3,1,2,4,2,2,1,22.08,2,3,1,17,3
19045,2020,0,2020-04-06,N-340,TARRAGONA,Tarragones,0,0,1,0,2,1,0,0,0,1,0,0,0,80.0,0.0,0,2,No n'hi ha,-1.0,3,3,1,0,0,0,0,0,0,0,0,0,0,0,3,-1,1,Atropellament,-1,1,2,4,1,2,1,2.2,2,3,0,6,4
19046,2020,1,2020-05-31,SE,CAMBRILS,Baix Camp,0,0,1,0,1,0,0,0,1,0,0,0,0,100.0,0.0,0,-1,No n'hi ha,-1.0,3,3,1,0,0,0,0,0,0,0,0,0,0,0,4,-1,-1,Xoc contra objecte/obstacle sense sortida prèvia de via,-1,2,2,5,-1,2,0,22.3,2,4,6,31,5
19047,2020,1,2020-02-14,N-152a,FRANQUESES DEL VALLE,Valles Oriental,3,0,1,0,2,0,0,0,1,1,0,0,0,90.0,0.0,0,2,No n'hi ha,-1.0,3,3,1,-1,0,0,0,-1,0,0,0,0,-1,0,4,-1,1,Envestida (frontal lateral),-1,0,2,4,-1,2,1,14.22,1,2,4,14,2
19048,2020,1,2020-06-18,SE,ESPLUGUES DE LLOBREGAT,Baix Llobregat,3,0,1,0,1,0,0,1,0,0,0,0,0,20.0,0.0,0,-1,No n'hi ha,-1.0,3,3,1,-1,0,0,0,-1,0,0,0,0,0,1,4,3,0,Caiguda en la via,1,2,2,5,-1,2,1,16.57,1,0,3,18,6
19049,2020,0,2020-06-19,B-10,BARCELONA,Barcelones,3,0,1,0,2,0,0,0,1,1,0,0,0,100.0,0.0,1,-1,No n'hi ha,-1.0,3,3,1,0,0,0,0,0,0,0,0,0,0,0,0,-1,1,Encalç,-1,1,2,4,-1,2,1,3.05,2,2,4,19,6
19050,2020,0,2020-05-26,C-62,SANTA MARIA DE MERLE,Bergueda,3,0,1,2,1,0,0,0,0,1,0,0,0,100.0,0.0,0,1,No n'hi ha,-1.0,3,3,1,0,0,0,0,0,0,0,0,0,0,0,1,-1,1,Resta sortides de via,-1,1,2,4,2,2,1,21.14,1,1,1,26,5
19051,2020,0,2020-06-03,GI-510,TERRADES,Alt Emporda,1,0,1,0,1,0,0,0,0,1,0,0,0,90.0,0.0,0,-1,Sense Especificar,-1.0,3,3,1,0,0,0,0,0,0,0,0,0,0,0,4,-1,-1,Resta sortides de via,-1,1,2,4,4,2,1,19.59,1,1,2,3,6
19052,2020,1,2020-05-22,SE,MANRESA,Bages,3,0,1,0,2,1,0,0,0,1,0,0,0,100.0,0.0,0,2,No n'hi ha,-1.0,3,3,1,0,0,0,0,0,0,0,0,0,0,1,4,5,0,Atropellament,1,2,2,5,-1,2,0,15.21,1,3,4,22,5
19053,2020,0,2020-06-24,BV-5225,"MASIES DE VOLTREGA,LES",Osona,3,0,1,0,2,0,0,0,0,2,0,0,0,100.0,0.0,0,2,No n'hi ha,-1.0,3,3,1,0,0,0,0,0,0,0,0,0,0,0,4,-1,1,Col·lisió frontal,-1,1,2,4,2,2,1,6.27,0,2,2,24,6
19054,2020,1,2020-06-05,SE,SANT ADRIA DE BESOS,Barcelones,3,0,1,1,2,0,0,0,1,1,0,0,0,40.0,0.0,0,2,No n'hi ha,-1.0,3,3,1,0,0,0,0,0,0,0,0,0,0,0,4,-1,0,Envestida (frontal lateral),-1,2,2,5,-1,2,0,15.4,1,2,4,5,6
19055,2020,1,2020-06-26,SE,AMPOSTA,Montsia,0,0,1,0,2,1,0,0,0,1,0,0,0,100.0,0.0,0,2,No n'hi ha,-1.0,3,3,1,0,0,0,0,0,0,0,0,0,0,0,4,-1,0,Atropellament,-1,2,2,5,-1,2,1,10.05,0,3,4,26,6
19056,2020,0,2020-07-02,C-58,VACARISSES,Valles Occidental,3,0,1,0,2,0,0,0,1,1,0,0,0,60.0,0.0,0,2,No n'hi ha,-1.0,3,3,1,0,0,0,0,0,0,0,0,0,0,0,4,-1,1,Encalç,-1,1,2,4,2,2,1,15.17,1,2,3,2,7
19057,2020,1,2020-07-24,SE,BADALONA,Barcelones,3,0,1,0,1,0,0,0,0,0,0,1,0,20.0,0.0,0,-1,No n'hi ha,-1.0,1,3,1,-1,0,0,0,-1,0,0,0,0,0,0,4,-1,0,Caiguda en la via,-1,2,0,5,-1,2,1,9.15,0,0,4,24,7
19058,2020,1,2020-06-06,SE,CREIXELL,Tarragones,0,0,1,0,2,0,1,0,1,0,0,0,0,30.0,0.0,0,2,No n'hi ha,-1.0,3,3,1,0,0,0,0,0,0,0,0,0,0,0,4,-1,1,Caiguda en la via,-1,2,2,5,0,2,0,17.0,1,0,5,6,6
19059,2020,0,2020-07-06,N-II,AIGUAVIVA,Girones,1,0,1,0,2,0,0,0,1,1,0,0,0,90.0,0.0,0,-1,Sense Especificar,-1.0,3,3,1,0,0,0,0,0,0,0,0,0,0,0,4,-1,-1,Encalç,-1,1,2,4,4,2,1,18.5,1,2,0,6,7