,Year,Area,Date,Road,Municipality Name,County Name,Province Name,Fatalties,Serious Injuries,Light Injuries,Units Involved,Pedestrains Involved,Bicycles Involved,Mopeds Involved,Motorcycles,Light Vehicles Involved,Heavy Vehicles Involved,Other Units Involved,Unspecified Units Involved,Road Speed Limit,Accident with Hit and Run,Fog Presence,Surrounding Environment,Special Lane Presence,Special Traffic Measures,Weather Conditions,Special Road Functions,Severity of Accident,Influence of Fog,Influence of Environment,Influence of Traffic,Influence of Weather,Influence of Wind Intensity,Influence of Lighting,Influence of Special Measures,Influence of Road Objects,Influence of Road Surface,Influence of Visibility,Intersection Characteristics,Lighting Conditions,Traffic Regulation and Priority,Direction of Road,Subtype of Accident,Subtype of Road Section,Subzone within Area,Road Surface Conditions,Type of Road,Road Ownership,Wind Conditions,Day of the Week Grouping,Hour of Day,Time of Day Grouping,Type of Accident,Day Type,Day,Month
19060,2020,0,2020-09-15,AP-7,MARTORELL,Baix Llobregat,3,0,1,1,1,0,0,0,0,1,0,0,0,30.0,0.0,0,1,No n'hi ha,-1.0,3,3,1,0,0,0,0,0,0,0,0,0,0,0,4,-1,0,Xoc contra objecte/obstacle sense sortida prèvia de via,-1,1,2,4,1,2,1,18.42,1,4,1,15,9
19061,2020,0,2020-07-04,C-25,RAJADELL,Bages,3,0,1,0,1,0,0,0,1,0,0,0,0,90.0,0.0,0,-1,Sense Especificar,-1.0,3,3,1,0,0,0,0,0,0,0,0,0,0,2,4,5,-1,Altres,3,1,2,4,4,2,0,15.53,1,5,5,4,7
19062,2020,1,2020-08-17,SE,SEVA,Osona,3,0,1,1,1,0,0,1,0,0,0,0,0,30.0,0.0,0,2,No n'hi ha,-1.0,3,3,1,0,0,0,0,0,0,0,0,0,0,1,5,5,0,Caiguda en la via,1,2,2,5,-1,2,1,3.45,2,0,0,17,8
19063,2020,1,2020-08-12,SE,CASTELLDEFELS,Baix Llobregat,3,0,1,0,1,0,1,0,0,0,0,0,0,100.0,0.0,0,2,No n'hi ha,-1.0,3,3,1,0,0,0,0,0,0,0,0,0,0,0,4,-1,1,Caiguda en la via,-1,2,2,5,-1,2,1,9.1,0,0,2,12,8
19064,2020,0,2020-07-18,TV-2126,CALAFELL,Baix Penedes,0,0,1,0,2,0,1,0,0,1,0,0,0,90.0,0.0,0,-1,Sense Especificar,-1.0,3,3,1,0,0,0,0,0,0,0,0,0,0,1,4,4,-1,Envestida (frontal lateral),1,1,2,4,4,2,0,9.17,0,2,5,18,7
19065,2020,0,2020-08-27,B-20,SANTA COLOMA DE GRAMANET,Barcelones,3,0,1,0,1,0,0,0,1,0,0,0,0,90.0,0.0,0,-1,Sense Especificar,-1.0,3,3,1,0,0,0,0,0,0,0,0,0,0,0,4,-1,-1,Altres,-1,1,2,4,4,2,1,22.13,2,5,3,27,8
19066,2020,1,2020-05-22,SE,ROSES,Alt Emporda,1,0,1,0,1,0,0,1,0,0,0,0,0,40.0,0.0,0,-1,No n'hi ha,-1.0,3,3,1,-1,0,0,0,-1,0,0,0,0,0,0,4,-1,1,Xoc contra objecte/obstacle sense sortida prèvia de via,-1,2,2,5,-1,2,1,14.36,1,4,4,22,5
19067,2020,1,2020-08-26,SE,FIGUERES,Alt Emporda,1,0,1,0,2,0,0,0,1,1,0,0,0,100.0,0.0,0,2,No n'hi ha,-1.0,3,3,1,0,0,0,0,0,0,0,0,0,0,0,4,-1,0,Envestida (frontal lateral),-1,2,2,5,-1,2,1,14.0,1,2,2,26,8
19068,2020,0,2020-08-05,C-12,MORA LA NOVA,Ribera d'Ebre,0,0,2,4,2,0,0,0,0,2,0,0,0,100.0,0.0,0,2,No n'hi ha,-1.0,3,3,1,0,0,0,0,0,0,0,0,0,0,1,4,4,1,Envestida (frontal lateral),2,1,2,4,2,2,1,11.23,0,2,2,5,8
19069,2020,0,2020-08-29,C-17,LLICA DE VALL,Valles Oriental,3,0,1,1,2,0,0,0,0,2,0,0,0,80.0,0.0,0,1,No n'hi ha,-1.0,3,3,1,0,0,0,0,0,0,0,0,0,0,0,3,-1,0,Col·lisió frontal,-1,1,2,4,2,2,0,21.27,1,2,5,29,8
19070,2020,1,2020-09-22,SE,TARREGA,Urgell,2,0,1,0,2,0,0,0,0,1,0,1,0,20.0,0.0,0,2,No n'hi ha,-1.0,3,3,1,-1,0,0,0,0,0,0,0,0,-1,0,4,-1,1,Envestida (frontal lateral),-1,0,2,5,-1,0,1,10.58,0,2,1,22,9
19071,2020,1,2020-06-25,N-340,TORREDEMBARRA,Tarragones,0,1,0,0,2,0,0,0,1,1,0,0,0,70.0,0.0,0,2,No n'hi ha,-1.0,3,3,0,0,0,0,0,0,0,0,0,0,0,0,4,-1,1,Resta sortides de via,-1,0,2,4,1,2,1,15.27,1,1,3,25,6
19072,2020,0,2020-07-03,N-152a,FRANQUESES DEL VALLE,Valles Oriental,3,1,0,0,1,0,0,0,1,0,0,0,0,100.0,0.0,0,-1,No n'hi ha,-1.0,3,3,0,0,0,0,0,0,0,0,0,0,0,0,4,-1,-1,Resta sortides de via,-1,1,2,4,-1,2,0,23.2,2,1,4,3,7
19073,2020,1,2020-08-29,SE,MONT-ROIG DEL CAMP,Baix Camp,0,0,1,1,2,0,0,0,0,2,0,0,0,100.0,0.0,0,-1,No n'hi ha,-1.0,3,3,1,0,0,0,0,0,0,0,0,0,0,0,4,-1,-1,Col·lisió frontal,-1,2,2,5,-1,2,0,9.3,0,2,5,29,8
19074,2020,1,2020-07-21,BV-5122,FOGARS DE TORDERA,Selva,3,0,1,0,2,0,0,0,1,1,0,0,0,50.0,0.0,0,2,No n'hi ha,-1.0,3,3,1,0,0,0,0,0,0,0,0,0,0,2,4,4,1,Envestida (frontal lateral),1,0,2,4,3,2,1,17.48,1,2,1,21,7
19075,2020,0,2020-07-31,BV-5105,"ROCA DEL VALLES, LA",Valles Oriental,3,1,0,0,1,0,0,0,1,0,0,0,0,100.0,0.0,0,-1,No n'hi ha,-1.0,3,3,0,0,0,0,0,0,0,0,0,0,0,0,4,-1,-1,Xoc contra objecte/obstacle sense sortida prèvia de via,-1,1,2,4,-1,2,0,22.59,2,4,4,31,7
19076,2020,0,2020-07-20,B-10,HOSPITALET DE LLOBREGAT,Barcelones,3,0,1,2,3,0,0,0,1,2,0,0,0,70.0,0.0,0,3,Carril d'alentiment,-1.0,3,3,1,0,1,0,0,0,0,0,0,0,0,0,4,-1,0,Encalç,-1,1,2,4,1,2,1,9.55,0,2,0,20,7
19077,2020,1,2020-07-15,SE,TERRASSA,Valles Occidental,3,0,1,0,2,0,0,0,1,1,0,0,0,100.0,0.0,0,2,No n'hi ha,-1.0,3,3,1,0,0,0,0,0,0,0,0,0,0,1,4,4,0,Envestida (frontal lateral),2,2,2,5,-1,2,1,12.15,0,2,2,15,7
19078,2020,0,2020-06-21,N-240,"BORGES BLANQUES, LES",Garrigues,2,0,1,2,1,0,0,0,0,1,0,0,0,70.0,0.0,0,3,No n'hi ha,-1.0,3,3,1,0,0,0,0,0,0,0,0,0,0,0,4,-1,1,Resta sortides de via,-1,1,2,4,1,2,0,12.45,0,1,6,21,6
19079,2020,0,2020-08-03,N-260z,CASTELLFOLLIT DE LA ROCA,Garrotxa,1,0,1,0,1,0,0,0,1,0,0,0,0,90.0,0.0,0,-1,Sense Especificar,-1.0,3,3,1,0,0,0,0,0,0,0,0,0,0,0,4,-1,-1,Resta sortides de via,-1,1,2,4,4,2,1,22.2,2,1,0,3,8
19080,2020,1,2020-08-29,SE,BARCELONA,Barcelones,3,0,1,2,2,1,0,0,1,0,0,0,0,100.0,0.0,1,-1,No n'hi ha,-1.0,3,3,1,0,0,0,0,0,0,0,0,0,0,0,0,-1,0,Atropellament,-1,2,2,5,-1,2,0,23.5,2,3,5,29,8
19081,2020,1,2020-09-12,SE,OLOT,Garrotxa,1,0,1,1,1,0,0,0,0,1,0,0,0,100.0,0.0,0,0,No n'hi ha,-1.0,3,3,1,0,0,0,0,0,0,0,0,0,0,0,0,-1,1,Xoc contra objecte/obstacle sense sortida prèvia de via,-1,2,2,5,0,2,0,3.4,2,4,5,12,9
19082,2020,1,2020-09-11,SE,PONTS,Noguera,2,0,1,0,2,0,0,0,1,1,0,0,0,100.0,0.0,0,2,No n'hi ha,-1.0,3,3,1,0,0,0,0,0,0,0,0,0,0,1,4,5,1,Envestida (frontal lateral),1,2,2,5,2,2,1,11.53,0,2,4,11,9
19083,2020,1,2020-09-16,SE,VILANOVA I LA GELTRU,Garraf,3,0,1,0,1,0,1,0,0,0,0,0,0,100.0,0.0,0,-1,No n'hi ha,-1.0,3,3,1,0,0,0,0,0,0,0,0,0,0,0,4,-1,-1,Xoc contra objecte/obstacle sense sortida prèvia de via,-1,2,2,5,-1,2,1,8.41,0,4,2,16,9
19084,2020,0,2020-12-24,CR,BELLVER DE CERDANYA,Cerdanya,2,0,1,0,1,0,0,1,0,0,0,0,0,100.0,0.0,0,2,No n'hi ha,-1.0,3,3,1,0,0,0,0,0,0,0,0,0,0,0,3,-1,1,Resta sortides de via,-1,1,2,4,3,2,1,18.2,1,1,3,24,12
19085,2020,1,2020-10-27,SE,FIGUERES,Alt Emporda,1,0,1,0,2,0,0,0,1,1,0,0,0,100.0,0.0,0,-1,No n'hi ha,-1.0,3,3,1,0,0,0,0,0,0,0,0,0,0,0,4,-1,-1,Altres,-1,2,2,5,-1,2,1,7.5,0,5,1,27,10
19086,2020,0,2020-12-06,C-32,CORNELLA DE LLOBREGAT,Baix Llobregat,3,0,1,0,1,0,0,0,1,0,0,0,0,90.0,0.0,0,-1,Sense Especificar,-1.0,3,3,1,0,0,0,0,0,0,0,0,0,0,2,4,4,-1,Xoc contra objecte/obstacle sense sortida prèvia de via,3,1,2,4,4,2,0,10.43,0,4,6,6,12
19087,2020,1,2020-12-18,SE,"MASNOU, EL",Maresme,3,0,1,0,2,0,0,0,1,1,0,0,0,20.0,0.0,0,-1,No n'hi ha,-1.0,3,3,1,-1,-1,0,0,-1,0,0,0,0,0,0,5,-1,-1,Col·lisió frontal,-1,2,2,5,-1,2,0,21.31,1,2,4,18,12
19088,2020,1,2020-11-24,SE,CASTELLDEFELS,Baix Llobregat,3,0,1,0,2,0,1,0,0,1,0,0,0,30.0,1.0,0,2,No n'hi ha,-1.0,3,3,1,0,0,0,0,0,0,0,0,0,0,2,5,-1,1,Col·lisió frontal,0,2,2,5,-1,2,1,6.0,0,2,1,24,11
19089,2020,0,2020-12-10,AP-7,"PAPIOL, EL",Baix Llobregat,3,0,1,0,1,0,0,0,1,0,0,0,0,90.0,0.0,0,-1,Sense Especificar,-1.0,3,3,1,0,0,0,0,0,0,0,0,0,0,2,4,5,-1,Altres,3,1,2,4,4,2,1,17.56,1,5,3,10,12
19090,2020,0,2020-06-18,GI-555,SILS,Selva,1,0,1,0,1,0,1,0,0,0,0,0,0,100.0,0.0,0,2,No n'hi ha,-1.0,3,3,1,0,0,0,0,0,0,0,0,0,0,0,4,-1,1,Caiguda en la via,-1,1,2,4,3,2,1,17.38,1,0,3,18,6
19091,2020,0,2020-11-16,BP-1503,RUBI,Valles Occidental,3,0,1,0,3,0,0,0,1,1,1,0,0,50.0,0.0,0,1,Carril central,-1.0,3,3,1,0,0,0,0,0,0,0,0,0,0,0,5,-1,1,Col·lisió frontal,-1,1,2,4,3,2,1,6.51,0,2,0,16,11
19092,2020,0,2020-09-02,N-II,PREMIA DE MAR,Maresme,3,0,1,0,2,1,0,0,0,1,0,0,0,90.0,0.0,0,-1,Sense Especificar,-1.0,3,3,1,0,0,0,0,0,0,0,0,0,0,0,4,-1,-1,Atropellament,-1,1,2,4,4,2,1,0.59,2,3,2,2,9
19093,2020,1,2020-06-27,SE,TORNABOUS,Urgell,2,0,1,0,2,1,0,0,0,1,0,0,0,100.0,0.0,0,2,No n'hi ha,-1.0,3,3,1,0,0,0,0,0,0,0,0,0,0,0,4,-1,1,Atropellament,-1,2,2,5,0,2,0,13.17,0,3,5,27,6
19094,2020,1,2020-07-23,SE,VILASSAR DE MAR,Maresme,3,0,1,0,2,1,0,0,0,1,0,0,0,50.0,0.0,0,2,No n'hi ha,-1.0,3,3,1,0,0,0,0,0,0,0,0,0,0,1,4,3,1,Atropellament,2,2,2,5,3,2,1,10.1,0,3,3,23,7
19095,2020,1,2020-11-21,SE,OLESA DE MONTSERRAT,Baix Llobregat,3,0,1,0,2,0,0,0,1,1,0,0,0,20.0,0.0,0,-1,No n'hi ha,-1.0,3,3,1,-1,-1,0,0,-1,0,0,0,0,0,0,5,-1,-1,Xoc contra objecte/obstacle sense sortida prèvia de via,-1,2,2,5,-1,2,0,21.0,1,4,5,21,11
19096,2020,1,2020-10-25,GIV-6621,CASTELL-PLATJA D'ARO,Baix Emporda,1,0,1,0,4,0,2,0,1,1,0,0,0,90.0,0.0,0,-1,Sense Especificar,-1.0,3,3,1,0,0,0,0,0,0,0,0,0,0,0,4,-1,-1,Altres,-1,0,2,4,4,2,0,9.53,0,5,6,25,10
19097,2020,0,2020-09-07,GI-681,LLAGOSTERA,Girones,1,1,0,1,2,0,0,0,1,1,0,0,0,100.0,0.0,0,1,No n'hi ha,-1.0,3,3,0,0,0,0,0,0,0,0,0,0,0,0,4,-1,1,Col·lisió frontal,-1,1,2,4,2,2,1,13.53,0,2,0,7,9
19098,2020,1,2020-08-05,SE,CALONGE,Baix Emporda,1,0,1,0,2,0,0,1,0,1,0,0,0,100.0,0.0,0,2,No n'hi ha,-1.0,3,3,1,0,0,0,0,0,0,0,0,0,0,1,4,4,1,Fregament o col·lisió lateral,1,2,2,5,-1,2,1,19.3,1,2,2,5,8
19099,2020,0,2020-07-24,C-63,ANGLES,Selva,1,1,0,1,2,0,0,0,0,2,0,0,0,100.0,0.0,0,1,No n'hi ha,-1.0,3,3,0,0,0,0,0,0,0,0,0,0,0,0,4,-1,1,Col·lisió frontal,-1,1,2,4,2,2,1,9.3,0,2,4,24,7
19100,2020,1,2020-08-01,SE,MANRESA,Bages,3,0,1,0,5,0,0,0,0,5,0,0,0,50.0,0.0,0,2,No n'hi ha,-1.0,3,3,1,0,0,0,0,0,0,0,0,0,0,0,5,-1,1,Xoc contra objecte/obstacle sense sortida prèvia de via,-1,2,2,5,0,2,0,21.35,1,4,5,1,8
19101,2020,1,2020-08-04,SE,VILANOVA I LA GELTRU,Garraf,3,0,1,0,2,1,0,0,0,1,0,0,0,100.0,0.0,0,2,No n'hi ha,-1.0,3,3,1,0,0,0,0,0,0,0,0,0,0,0,4,-1,1,Atropellament,-1,2,2,5,-1,2,1,10.45,0,3,1,4,8
19102,2020,1,2020-08-05,SE,CAMBRILS,Baix Camp,0,0,1,0,2,1,0,0,0,1,0,0,0,100.0,0.0,0,2,No n'hi ha,-1.0,3,3,1,0,0,0,0,0,0,0,0,0,0,2,1,-1,1,Atropellament,1,2,2,5,-1,2,1,18.5,1,3,2,5,8
19103,2020,0,2020-10-23,L-313,GUISSONA,Segarra,2,0,1,0,3,1,0,0,0,2,0,0,0,100.0,0.0,0,2,No n'hi ha,-1.0,3,3,1,0,0,0,0,0,0,0,0,0,0,0,4,-1,1,Atropellament,-1,1,2,4,0,2,0,18.19,1,3,4,23,10
19104,2020,1,2020-07-13,SE,TERRASSA,Valles Occidental,3,0,1,0,2,0,0,0,1,1,0,0,0,100.0,0.0,0,2,No n'hi ha,-1.0,3,3,1,0,0,0,0,0,0,0,0,0,1,1,1,4,0,Envestida (frontal lateral),2,2,2,5,-1,2,1,20.11,1,2,0,13,7
19105,2020,1,2020-12-12,SE,BARCELONA,Barcelones,3,0,1,0,2,0,1,0,0,1,0,0,0,100.0,0.0,1,-1,Carril bici,-1.0,3,3,1,0,0,0,0,0,0,0,0,0,0,1,0,-1,1,Envestida (frontal lateral),2,2,2,5,-1,2,0,18.1,1,2,5,12,12
19106,2020,1,2020-12-12,SE,BARCELONA,Barcelones,3,0,1,1,2,1,0,0,1,0,0,0,0,100.0,0.0,1,-1,No n'hi ha,-1.0,3,3,1,0,0,0,0,0,0,0,0,0,0,1,0,-1,0,Atropellament,2,2,2,5,-1,2,0,20.15,1,3,5,12,12
19107,2020,0,2020-12-30,TV-2043,ALBINYANA,Baix Penedes,0,0,1,1,1,0,0,0,0,1,0,0,0,90.0,0.0,0,-1,Sense Especificar,-1.0,3,3,1,0,0,0,0,0,0,0,0,0,0,0,4,-1,-1,Resta sortides de via,-1,1,2,4,4,2,1,23.18,2,1,2,30,12
19108,2020,1,2020-08-19,SE,BARCELONA,Barcelones,3,0,1,6,5,2,0,0,1,2,0,0,0,100.0,0.0,1,-1,No n'hi ha,-1.0,3,3,1,0,0,0,0,0,0,0,0,0,0,0,0,-1,1,Fregament o col·lisió lateral,-1,2,2,5,-1,2,1,1.18,2,2,2,19,8
19109,2020,0,2020-09-17,N-340,MOLINS DE REI,Baix Llobregat,3,0,1,2,3,0,0,0,2,1,0,0,0,50.0,0.0,0,2,No n'hi ha,-1.0,3,3,1,0,0,0,0,0,0,0,0,0,0,1,4,3,1,Col·lisió frontal,1,1,2,4,1,2,1,16.45,1,2,3,17,9
19110,2020,1,2020-05-12,SE,AIGUAFREDA,Valles Oriental,3,1,0,0,1,0,1,0,0,0,0,0,0,100.0,0.0,0,-1,No n'hi ha,-1.0,3,3,0,0,0,0,0,0,0,0,0,0,0,0,4,-1,-1,Resta sortides de via,-1,2,2,5,-1,2,1,22.52,2,1,1,12,5
19111,2020,1,2020-11-09,SE,PALAU DE PLEGAMANS,Valles Occidental,3,0,1,0,2,0,1,0,0,1,0,0,0,20.0,0.0,0,2,No n'hi ha,-1.0,3,3,1,0,0,0,0,0,1,0,0,0,0,1,4,4,1,Envestida (frontal lateral),2,2,2,5,-1,2,1,15.49,1,2,0,9,11
19112,2020,0,2020-05-18,BV-2115,CASTELLET I LA GORNA,Alt Penedes,3,0,1,0,3,0,0,0,1,2,0,0,0,100.0,0.0,0,2,No n'hi ha,-1.0,3,3,1,0,0,0,0,0,0,0,0,0,0,0,4,-1,1,Fregament o col·lisió lateral,-1,1,2,4,3,2,1,19.4,1,2,0,18,5
19113,2020,1,2020-11-29,SE,VILAFRANCA DEL PENEDES,Alt Penedes,3,0,1,0,2,1,0,0,0,1,0,0,0,100.0,0.0,0,2,No n'hi ha,-1.0,3,3,1,0,0,0,0,0,0,0,0,0,0,2,4,5,1,Atropellament,0,2,2,5,-1,2,0,9.55,0,3,6,29,11
19114,2020,1,2020-06-21,BP-5002,ALELLA,Maresme,3,0,1,0,1,0,1,0,0,0,0,0,0,50.0,0.0,0,-1,No n'hi ha,-1.0,3,3,1,0,1,0,0,0,0,0,1,0,0,0,4,-1,-1,Xoc contra objecte/obstacle sense sortida prèvia de via,-1,0,2,4,2,2,0,11.0,0,4,6,21,6
19115,2020,1,2020-07-30,SE,LLORET DE MAR,Selva,1,0,1,0,2,0,0,2,0,0,0,0,0,30.0,0.0,0,2,No n'hi ha,-1.0,3,3,1,0,0,1,0,0,0,0,0,0,0,0,4,-1,1,Col·lisió frontal,-1,2,2,5,-1,2,1,13.55,0,2,3,30,7
19116,2020,0,2020-12-16,C-31,SIURANA,Alt Emporda,1,1,0,0,2,1,0,0,0,1,0,0,0,90.0,1.0,0,2,No n'hi ha,-1.0,3,3,0,0,0,0,0,0,0,1,0,0,0,0,4,-1,1,Atropellament,-1,1,2,4,2,2,1,12.22,0,3,2,16,12
19117,2020,0,2020-09-12,N-260,GARRIGUELLA,Alt Emporda,1,1,0,1,1,0,0,0,0,0,1,0,0,100.0,0.0,0,3,No n'hi ha,-1.0,3,3,0,0,0,0,0,0,0,0,0,0,0,0,4,-1,1,Altres,-1,1,2,4,1,2,0,11.0,0,5,5,12,9
19118,2020,1,2020-11-12,SE,BARCELONA,Barcelones,3,0,1,0,1,0,0,0,1,0,0,0,0,50.0,0.0,1,-1,No n'hi ha,-1.0,3,3,1,0,0,0,0,0,0,0,0,0,0,0,0,-1,1,Xoc contra objecte/obstacle sense sortida prèvia de via,-1,2,2,5,-1,2,1,10.4,0,4,3,12,11
19119,2020,1,2020-03-08,SE,GRANOLLERS,Valles Oriental,3,0,1,0,1,0,0,0,1,0,0,0,0,100.0,0.0,0,2,No n'hi ha,1.0,3,3,1,0,0,0,0,0,0,0,0,0,0,0,4,-1,1,Xoc contra objecte/obstacle sense sortida prèvia de via,-1,2,2,5,-1,2,0,16.1,1,4,6,8,3
19120,2020,0,2020-05-18,SE,GIRONA,Girones,1,0,1,0,1,0,1,0,0,0,0,0,0,100.0,0.0,0,1,No n'hi ha,-1.0,3,3,1,0,1,0,0,0,0,0,0,0,0,0,2,-1,1,Caiguda en la via,-1,1,5,0,0,2,1,9.09,0,0,0,18,5
19121,2020,1,2020-10-05,SE,CASTELLDEFELS,Baix Llobregat,3,0,1,1,2,0,0,0,0,1,0,1,0,100.0,0.0,0,2,No n'hi ha,-1.0,3,3,1,0,0,0,0,0,0,0,0,0,0,1,4,5,0,Envestida (frontal lateral),2,2,2,3,0,2,1,15.0,1,2,0,5,10
19122,2020,1,2020-02-12,BV-5151,FRANQUESES DEL VALLE,Valles Oriental,3,0,1,0,1,0,0,0,0,0,0,1,0,50.0,0.0,0,2,No n'hi ha,-1.0,3,3,1,-1,0,0,0,-1,0,0,0,0,-1,1,4,4,1,Caiguda en la via,1,0,2,5,-1,2,1,13.22,0,0,2,12,2
19123,2020,0,2020-09-25,A-2,CASTELLBISBAL,Valles Occidental,3,0,1,1,1,0,0,0,0,1,0,0,0,100.0,0.0,0,3,No n'hi ha,-1.0,3,3,1,0,0,0,0,0,0,0,0,0,0,0,0,-1,0,Resta sortides de via,-1,1,2,4,1,2,1,4.11,2,1,4,25,9
19124,2020,1,2020-11-12,SE,VIC,Osona,3,0,1,0,3,0,0,0,1,2,0,0,0,20.0,0.0,0,2,No n'hi ha,-1.0,3,3,1,-1,0,0,0,-1,0,0,0,0,-1,0,4,-1,1,Envestida (frontal lateral),-1,2,2,5,-1,2,1,15.4,1,2,3,12,11
19125,2020,0,2020-09-20,C-35,SANT CELONI,Valles Oriental,3,0,1,0,2,0,1,0,0,1,0,0,0,80.0,0.0,0,2,No n'hi ha,-1.0,3,3,1,0,0,0,0,0,1,0,0,0,0,1,3,4,1,Envestida (frontal lateral),1,1,2,4,2,2,0,20.4,1,2,6,20,9
19126,2020,1,2020-06-21,SE,HOSPITALET DE LLOBREGAT,Barcelones,3,0,1,0,1,0,0,0,1,0,0,0,0,20.0,0.0,0,2,No n'hi ha,-1.0,3,3,1,-1,0,0,0,-1,0,0,0,0,-1,0,5,-1,0,Sortida de via amb xoc o col·lisió,-1,2,2,5,-1,2,0,2.2,2,1,6,21,6
19127,2020,1,2020-09-01,SE,MATARO,Maresme,3,0,1,0,1,0,0,0,1,0,0,0,0,20.0,0.0,0,-1,No n'hi ha,-1.0,3,3,1,-1,0,0,0,-1,0,0,0,0,-1,0,5,-1,1,Caiguda en la via,-1,2,2,5,-1,2,1,0.41,2,0,1,1,9
19128,2020,0,2020-10-12,GI-513,VILADEMULS,Pla de l'Estany,1,1,0,4,3,0,0,0,2,1,0,0,0,100.0,0.0,0,3,No n'hi ha,-1.0,3,3,0,0,0,0,0,0,0,0,0,0,0,0,4,-1,1,Col·lisió frontal,-1,1,2,4,3,2,1,10.04,0,2,0,12,10
19129,2020,1,2020-08-28,SE,BARCELONA,Barcelones,3,0,3,0,4,0,0,0,2,1,0,1,0,100.0,0.0,1,-1,Carril bici,-1.0,3,3,1,0,0,0,0,0,0,0,0,0,0,1,4,-1,0,Envestida (frontal lateral),2,2,2,5,-1,2,0,19.3,1,2,4,28,8
19130,2020,1,2020-09-30,SE,BARCELONA,Barcelones,3,0,1,0,2,0,1,0,0,1,0,0,0,100.0,0.0,1,-1,No n'hi ha,-1.0,3,3,1,0,0,0,0,0,0,0,0,0,0,1,0,-1,0,Envestida (frontal lateral),2,2,2,5,-1,2,1,21.0,1,2,2,30,9
19131,2020,0,2020-11-11,CR,JUNCOSA,Garrigues,2,0,1,0,1,0,0,0,1,0,0,0,0,90.0,0.0,0,-1,Sense Especificar,-1.0,3,3,1,0,0,0,0,0,0,0,0,0,0,0,4,-1,-1,Altres,-1,1,2,4,4,2,1,15.47,1,5,2,11,11
19132,2020,0,2020-12-30,GIV-5132,FONTCOBERTA,Pla de l'Estany,1,0,2,4,1,0,0,0,0,1,0,0,0,100.0,0.0,0,3,No n'hi ha,-1.0,3,3,1,0,0,0,0,0,0,0,0,0,0,0,4,-1,1,Resta sortides de via,-1,1,2,4,3,2,1,16.45,1,1,2,30,12
19133,2020,1,2020-01-26,SE,BANYOLES,Pla de l'Estany,1,0,1,0,2,1,0,0,0,1,0,0,0,20.0,0.0,0,-1,No n'hi ha,-1.0,3,3,1,0,-1,0,0,0,0,0,0,0,0,1,5,5,-1,Atropellament,2,2,2,5,-1,2,0,18.41,1,3,6,26,1
19134,2020,1,2020-12-16,SE,MATARO,Maresme,3,0,1,0,2,1,0,0,0,1,0,0,0,20.0,0.0,0,-1,No n'hi ha,-1.0,3,3,1,0,0,0,0,0,0,0,0,0,0,1,5,2,-1,Atropellament,0,2,2,5,-1,2,1,19.3,1,3,2,16,12
19135,2020,0,2020-12-24,BV-5108,CANOVES I SAMALUS,Valles Oriental,3,0,1,0,1,0,0,0,1,0,0,0,0,60.0,0.0,0,2,No n'hi ha,-1.0,3,3,1,0,0,0,0,0,0,0,0,0,0,0,4,-1,1,Xoc contra objecte/obstacle sense sortida prèvia de via,-1,1,2,4,3,2,1,9.41,0,4,3,24,12
19136,2020,1,2020-02-10,SE,REUS,Baix Camp,0,0,1,0,2,1,0,0,0,1,0,0,0,100.0,0.0,0,-1,No n'hi ha,-1.0,3,3,1,0,0,0,0,0,0,0,0,0,0,0,4,-1,1,Atropellament,-1,2,2,5,-1,2,1,8.39,0,3,0,10,2
19137,2020,0,2020-02-22,C-31,CALAFELL,Baix Penedes,0,0,1,0,2,0,0,0,1,1,0,0,0,80.0,0.0,0,2,Carril central,-1.0,3,3,1,0,0,0,0,0,0,0,0,0,0,1,4,4,1,Altres,1,1,2,4,2,2,0,13.52,0,5,5,22,2
19138,2020,1,2020-01-14,SE,BARCELONA,Barcelones,3,0,1,0,2,0,1,0,0,0,0,1,0,100.0,0.0,1,-1,Carril bici,-1.0,3,3,1,0,0,0,0,0,0,0,0,0,0,1,4,-1,1,Envestida (frontal lateral),2,2,2,5,-1,2,1,16.4,1,2,1,14,1
19139,2020,0,2020-01-09,C-32,CALELLA,Maresme,3,0,1,0,1,0,0,0,0,1,0,0,0,90.0,0.0,0,-1,Carril acceleració,-1.0,3,3,1,0,0,0,0,0,0,0,0,0,0,2,4,4,0,Resta sortides de via,3,1,2,4,2,2,1,7.49,0,1,3,9,1
19140,2020,0,2020-02-15,C-33,MOLLET DEL VALLES,Valles Oriental,3,1,0,0,2,0,0,0,1,1,0,0,0,100.0,0.0,0,-1,No n'hi ha,-1.0,3,3,0,0,0,0,0,0,0,0,0,0,0,0,4,-1,-1,Fregament o col·lisió lateral,-1,1,2,4,-1,2,0,18.48,1,2,5,15,2
19141,2020,1,2020-01-16,SE,BARCELONA,Barcelones,3,0,1,0,2,1,0,0,0,0,1,0,0,100.0,0.0,1,-1,Carril bus,-1.0,3,3,1,0,0,0,0,0,0,0,0,0,0,1,4,-1,1,Atropellament,2,2,2,5,-1,2,1,12.5,0,3,3,16,1