,Year,Area,Date,Road,Municipality Name,County Name,Province Name,Fatalties,Serious Injuries,Light Injuries,Units Involved,Pedestrains Involved,Bicycles Involved,Mopeds Involved,Motorcycles,Light Vehicles Involved,Heavy Vehicles Involved,Other Units Involved,Unspecified Units Involved,Road Speed Limit,Accident with Hit and Run,Fog Presence,Surrounding Environment,Special Lane Presence,Special Traffic Measures,Weather Conditions,Special Road Functions,Severity of Accident,Influence of Fog,Influence of Environment,Influence of Traffic,Influence of Weather,Influence of Wind Intensity,Influence of Lighting,Influence of Special Measures,Influence of Road Objects,Influence of Road Surface,Influence of Visibility,Intersection Characteristics,Lighting Conditions,Traffic Regulation and Priority,Direction of Road,Subtype of Accident,Subtype of Road Section,Subzone within Area,Road Surface Conditions,Type of Road,Road Ownership,Wind Conditions,Day of the Week Grouping,Hour of Day,Time of Day Grouping,Type of Accident,Day Type,Day,Month
19142,2020,1,2020-01-03,N-141c,SANT FRUITOS DE BAGES,Bages,3,0,1,1,2,0,0,0,0,1,1,0,0,20.0,0.0,1,-1,No n'hi ha,-1.0,3,3,1,-1,0,0,0,-1,0,0,0,0,-1,0,1,-1,1,Envestida (frontal lateral),-1,0,2,5,1,2,1,8.15,0,2,4,3,1
19143,2020,1,2020-02-13,SE,BARCELONA,Barcelones,3,0,1,0,2,1,0,0,0,1,0,0,0,100.0,0.0,1,-1,No n'hi ha,-1.0,3,3,1,0,0,0,0,0,0,0,0,0,0,0,4,-1,0,Atropellament,-1,2,2,5,-1,2,1,14.55,1,3,3,13,2
19144,2020,0,2020-01-09,LP-9221,ALBESA,Noguera,2,0,1,0,1,0,0,0,0,0,1,0,0,90.0,0.0,0,-1,Sense Especificar,-1.0,3,3,1,0,0,0,0,0,0,0,0,0,0,0,4,-1,-1,Resta sortides de via,-1,1,2,4,4,2,1,17.11,1,1,3,9,1
19145,2020,1,2020-01-26,SE,VALLS,Alt Camp,0,0,1,0,2,1,0,0,0,1,0,0,0,100.0,0.0,0,-1,No n'hi ha,-1.0,3,3,1,0,0,0,0,0,0,0,0,0,0,0,4,-1,-1,Atropellament,-1,2,2,5,-1,2,0,16.05,1,3,6,26,1
19146,2020,1,2020-01-26,SE,BARCELONA,Barcelones,3,0,1,0,2,0,0,0,1,1,0,0,0,100.0,0.0,1,-1,No n'hi ha,-1.0,3,3,1,0,0,0,0,0,0,0,0,0,0,0,4,-1,0,Caiguda en la via,-1,2,2,5,-1,2,0,17.05,1,0,6,26,1
19147,2020,0,2020-01-06,C-31,"PRAT DE LLOBREGAT, E",Baix Llobregat,3,0,1,0,2,0,0,0,1,1,0,0,0,100.0,0.0,0,2,No n'hi ha,-1.0,3,3,1,0,0,0,0,0,0,0,0,0,0,0,4,-1,1,Fregament o col·lisió lateral,-1,1,2,4,2,2,1,11.51,0,2,0,6,1
19148,2020,0,2020-01-18,B-22,"PRAT DE LLOBREGAT, E",Baix Llobregat,3,1,0,0,1,0,0,0,0,1,0,0,0,40.0,0.0,0,3,No n'hi ha,-1.0,3,3,0,0,0,0,0,0,0,0,0,0,0,0,5,-1,0,Resta sortides de via,-1,1,2,4,1,2,0,3.45,2,1,5,18,1
19149,2020,1,2020-02-20,SE,SANT FELIU DE GUIXOLS,Baix Emporda,1,0,1,0,2,1,0,0,0,1,0,0,0,100.0,0.0,0,-1,No n'hi ha,-1.0,3,3,1,0,0,0,0,0,0,0,0,0,0,0,4,-1,-1,Altres,-1,2,2,5,-1,2,1,20.03,1,5,3,20,2
19150,2020,0,2020-02-02,BV-1468,MOLINS DE REI,Baix Llobregat,3,0,1,0,1,0,0,0,1,0,0,0,0,90.0,0.0,0,-1,Sense Especificar,-1.0,3,3,1,0,0,0,0,0,0,0,0,0,0,0,4,-1,-1,Altres,-1,1,2,4,4,2,0,11.06,0,5,6,2,2
19151,2020,1,2020-02-26,SE,SENTMENAT,Valles Occidental,3,0,1,0,2,1,0,0,0,1,0,0,0,100.0,1.0,0,-1,No n'hi ha,-1.0,3,3,1,0,0,0,0,0,0,0,0,0,0,0,4,-1,-1,Atropellament,-1,2,2,5,-1,2,1,21.35,1,3,2,26,2
19152,2020,1,2020-01-01,SE,BARCELONA,Barcelones,3,1,0,0,2,1,0,0,0,1,0,0,0,30.0,0.0,1,-1,No n'hi ha,-1.0,3,3,0,0,0,0,0,0,0,0,0,0,0,0,1,-1,0,Atropellament,-1,2,2,5,-1,2,1,17.15,1,3,2,1,1
19153,2020,0,2020-02-17,LP-3322,VILA-SANA,Pla d'Urgell,2,0,1,0,1,0,0,0,0,1,0,0,0,90.0,0.0,0,-1,Sense Especificar,-1.0,3,3,1,0,0,0,0,0,0,0,0,0,0,0,4,-1,-1,Resta sortides de via,-1,1,2,4,4,2,1,14.08,1,1,0,17,2
19154,2020,0,2020-02-14,N-IIa,LLEIDA,Segria,2,1,0,0,2,1,0,0,0,1,0,0,0,70.0,0.0,0,1,No n'hi ha,-1.0,3,3,0,0,0,0,0,0,0,0,0,0,0,0,3,-1,0,Atropellament,-1,1,2,4,1,2,0,23.46,2,3,4,14,2
19155,2020,0,2020-01-29,AP-7,SANTA PERPETUA DE MO,Valles Occidental,3,0,1,0,2,0,0,0,1,1,0,0,0,100.0,0.0,0,0,No n'hi ha,-1.0,3,3,1,0,0,0,0,0,0,0,0,0,0,0,4,-1,0,Encalç,-1,1,2,4,1,2,1,8.17,0,2,2,29,1
19156,2020,1,2020-01-28,SE,VILAFANT,Alt Emporda,1,0,1,0,1,0,1,0,0,0,0,0,0,40.0,0.0,0,2,No n'hi ha,-1.0,3,3,1,0,0,0,0,0,0,0,0,0,0,0,3,-1,1,Altres,-1,2,2,5,-1,2,1,20.3,1,5,1,28,1
19157,2020,1,2020-01-11,SE,SANT CUGAT DEL VALLES,Valles Occidental,3,0,1,1,2,0,0,0,1,0,0,1,0,20.0,0.0,0,-1,No n'hi ha,-1.0,3,3,1,0,-1,0,0,0,0,0,0,0,0,0,4,-1,-1,Fregament o col·lisió lateral,-1,2,2,5,-1,2,0,14.11,1,2,5,11,1
19158,2020,1,2020-03-02,SE,BARCELONA,Barcelones,3,0,1,0,2,0,0,0,1,1,0,0,0,100.0,0.0,1,-1,Carril central,-1.0,3,3,1,0,0,0,0,0,0,0,0,0,0,1,4,-1,1,Envestida (frontal lateral),2,2,2,5,-1,2,1,14.4,1,2,0,2,3
19159,2020,1,2020-02-20,SE,BARCELONA,Barcelones,3,0,1,1,2,1,0,0,1,0,0,0,0,100.0,0.0,1,-1,No n'hi ha,-1.0,3,3,1,0,0,0,0,0,0,0,0,0,0,1,0,-1,1,Atropellament,1,2,2,5,-1,2,1,18.53,1,3,3,20,2
19160,2020,0,2020-02-29,N-II,CAPMANY,Alt Emporda,1,0,1,0,2,1,0,0,0,1,0,0,0,90.0,0.0,0,-1,Sense Especificar,-1.0,3,3,1,0,0,0,0,0,0,0,0,0,0,0,4,-1,-1,Altres,-1,1,2,4,4,2,0,7.13,0,5,5,29,2
19161,2020,1,2020-02-10,SE,BARCELONA,Barcelones,3,0,1,0,2,0,0,0,1,1,0,0,0,100.0,0.0,1,-1,No n'hi ha,-1.0,3,3,1,0,0,0,0,0,0,0,0,0,0,0,4,-1,1,Caiguda en la via,-1,2,2,5,-1,2,1,8.5,0,0,0,10,2
19162,2020,1,2020-02-13,SE,HOSPITALET DE LLOBREGAT,Barcelones,3,0,2,1,1,0,0,0,0,1,0,0,0,20.0,0.0,0,-1,No n'hi ha,-1.0,3,3,1,-1,-1,0,0,-1,0,0,0,0,-1,0,5,-1,-1,Xoc contra objecte/obstacle sense sortida prèvia de via,-1,2,2,5,-1,2,1,21.38,1,4,3,13,2
19163,2020,1,2020-04-12,SE,BARCELONA,Barcelones,3,0,1,0,2,0,0,0,1,1,0,0,0,100.0,0.0,1,-1,No n'hi ha,-1.0,3,3,1,0,0,0,0,0,0,0,0,0,0,1,0,-1,1,Envestida (frontal lateral),2,2,2,5,-1,2,0,22.45,2,2,6,12,4
19164,2020,1,2020-02-18,SE,HOSPITALET DE LLOBREGAT,Barcelones,3,0,1,1,2,0,0,0,2,0,0,0,0,30.0,0.0,0,2,No n'hi ha,-1.0,3,3,1,-1,0,0,0,-1,0,0,0,0,0,1,4,3,0,Envestida (frontal lateral),1,2,2,5,-1,2,1,9.0,0,2,1,18,2
19165,2020,0,2020-02-16,N-141C,MOIA,Moianès,3,0,1,0,1,0,0,0,1,0,0,0,0,90.0,0.0,0,-1,Sense Especificar,-1.0,3,3,1,0,0,0,0,0,0,0,0,0,0,0,4,-1,-1,Altres,-1,1,2,4,4,2,0,11.56,0,5,6,16,2
19166,2020,1,2020-02-18,SE,TERRASSA,Valles Occidental,3,0,1,0,2,0,0,0,1,1,0,0,0,100.0,0.0,0,2,No n'hi ha,-1.0,3,3,1,0,0,0,0,0,0,0,0,0,0,1,5,4,0,Caiguda en la via,2,2,2,5,-1,2,1,18.25,1,0,1,18,2
19167,2020,1,2020-03-06,SE,BARCELONA,Barcelones,3,0,1,1,2,1,0,0,1,0,0,0,0,100.0,0.0,1,-1,No n'hi ha,-1.0,3,3,1,0,0,0,0,0,0,0,0,0,0,0,4,-1,0,Atropellament,-1,2,2,5,-1,2,0,18.08,1,3,4,6,3
19168,2020,1,2020-01-17,SE,BARCELONA,Barcelones,3,0,2,1,3,0,0,0,1,2,0,0,0,100.0,0.0,1,-1,No n'hi ha,-1.0,3,3,1,0,0,0,0,0,0,0,0,0,0,1,4,-1,1,Envestida (frontal lateral),2,2,2,5,-1,2,0,15.25,1,2,4,17,1
19169,2020,1,2020-01-04,SE,BARCELONA,Barcelones,3,0,1,0,2,0,0,0,2,0,0,0,0,100.0,0.0,1,-1,No n'hi ha,-1.0,3,3,1,0,0,0,0,0,0,0,0,0,0,1,0,-1,0,Envestida (frontal lateral),2,2,2,5,-1,2,0,1.05,2,2,5,4,1
19170,2020,0,2020-02-11,C-17,RIPOLL,Ripolles,1,1,0,0,1,0,0,0,0,1,0,0,0,100.0,0.0,0,1,No n'hi ha,-1.0,3,3,0,0,1,0,0,0,0,0,0,0,0,0,3,-1,1,Resta sortides de via,-1,1,2,4,4,2,1,0.06,2,1,1,11,2
19171,2020,0,2020-01-29,BV-1414,CERDANYOLA DEL VALLES,Valles Occidental,3,0,1,0,1,0,0,0,1,0,0,0,0,90.0,0.0,0,-1,Sense Especificar,-1.0,3,3,1,0,0,0,0,0,0,0,0,0,0,0,4,-1,-1,Resta sortides de via,-1,1,2,4,4,2,1,20.48,1,1,2,29,1
19172,2020,1,2020-10-01,SE,SANT QUIRZE DEL VALLES,Valles Occidental,3,0,1,0,1,0,0,0,0,1,0,0,0,30.0,0.0,0,-1,No n'hi ha,-1.0,3,3,1,-1,-1,0,0,-1,0,0,0,0,0,0,0,-1,0,Xoc contra objecte/obstacle sense sortida prèvia de via,-1,2,2,5,-1,2,1,1.54,2,4,3,1,10
19173,2020,1,2020-11-30,SE,CERDANYOLA DEL VALLES,Valles Occidental,3,0,1,0,1,0,1,0,0,0,0,0,0,20.0,0.0,0,1,No n'hi ha,-1.0,3,3,1,0,0,0,0,0,0,0,0,0,0,0,4,-1,1,Caiguda en la via,-1,0,0,5,-1,2,1,11.1,0,0,0,30,11
19174,2020,0,2020-10-19,N-340,OLERDOLA,Alt Penedes,3,0,1,0,2,0,0,0,1,1,0,0,0,30.0,0.0,0,1,No n'hi ha,-1.0,3,3,1,0,0,0,0,0,0,0,0,0,0,2,4,4,0,Encalç,0,1,2,4,1,2,1,17.33,1,2,0,19,10
19175,2020,1,2020-07-03,SE,TERRASSA,Valles Occidental,3,0,1,2,1,0,0,0,0,1,0,0,0,100.0,0.0,0,-1,No n'hi ha,-1.0,3,3,1,0,0,0,0,0,0,0,0,0,0,0,4,-1,-1,Xoc contra objecte/obstacle sense sortida prèvia de via,-1,2,2,5,-1,2,1,2.5,2,4,4,3,7
19176,2020,1,2020-10-01,SE,GIRONA,Girones,1,0,1,0,1,0,0,0,0,0,0,1,0,100.0,0.0,0,3,No n'hi ha,-1.0,3,3,1,0,0,0,0,0,0,0,0,0,0,0,4,-1,1,Resta sortides de via,-1,2,2,5,-1,2,1,10.01,0,1,3,1,10
19177,2020,1,2020-10-04,C-66,CELRA,Girones,1,0,1,1,2,0,0,1,0,1,0,0,0,100.0,0.0,0,2,No n'hi ha,-1.0,3,3,1,0,0,0,0,0,0,0,0,0,0,2,4,4,1,Envestida (frontal lateral),1,0,2,4,2,2,0,2.32,2,2,6,4,10
19178,2020,0,2020-05-05,TV-3148,VILA-SECA,Tarragones,0,0,1,0,2,0,1,0,0,1,0,0,0,40.0,0.0,0,2,No n'hi ha,-1.0,3,3,1,0,0,0,0,0,0,0,0,0,0,1,4,4,0,Altres,0,1,2,4,3,2,1,9.51,0,5,1,5,5
19179,2020,0,2020-07-06,C-13,CAMARASA,Noguera,2,0,1,0,1,0,1,0,0,0,0,0,0,90.0,0.0,0,-1,Sense Especificar,-1.0,3,3,1,0,0,0,0,0,0,0,0,0,0,0,4,-1,-1,Altres,-1,1,2,4,4,2,1,8.26,0,5,0,6,7
19180,2020,1,2020-05-13,SE,PUIG-REIG,Bergueda,3,0,1,0,2,1,0,0,0,1,0,0,0,40.0,0.0,0,2,No n'hi ha,-1.0,3,3,1,0,0,0,0,0,0,0,0,0,0,1,4,2,1,Atropellament,1,2,2,5,-1,2,1,17.49,1,3,2,13,5
19181,2020,1,2020-05-26,SE,BELLPUIG,Urgell,2,0,1,1,2,1,0,0,1,0,0,0,0,30.0,0.0,0,2,No n'hi ha,-1.0,3,3,1,0,0,0,0,0,0,0,0,0,0,0,1,-1,1,Atropellament,-1,2,2,5,-1,2,1,21.11,1,3,1,26,5
19182,2020,0,2020-06-17,BV-1221,MATADEPERA,Valles Occidental,3,0,1,0,2,0,1,0,0,1,0,0,0,50.0,0.0,0,2,No n'hi ha,-1.0,3,3,1,0,0,0,0,0,0,0,0,0,0,0,4,-1,1,Altres,-1,1,2,4,3,2,1,10.05,0,5,2,17,6
19183,2020,1,2020-12-08,C-53,TORNABOUS,Urgell,2,0,1,1,2,0,0,0,0,2,0,0,0,50.0,0.0,0,2,No n'hi ha,-1.0,3,3,1,0,0,0,0,0,0,0,0,0,0,1,4,5,1,Envestida (frontal lateral),1,0,2,4,2,2,1,13.19,0,2,1,8,12
19184,2020,1,2020-07-10,SE,BARCELONA,Barcelones,3,0,1,2,3,0,0,1,0,1,1,0,0,100.0,0.0,1,-1,Carril bus,-1.0,3,3,1,0,0,0,0,0,0,0,0,0,0,0,4,-1,1,Encalç,-1,2,2,5,-1,2,0,15.2,1,2,4,10,7
19185,2020,0,2020-08-09,AP-7,ULLDECONA,Montsia,0,0,1,1,1,0,0,0,0,0,0,1,0,90.0,0.0,0,-1,Sense Especificar,-1.0,3,3,1,0,0,0,0,0,0,0,0,0,0,0,4,-1,-1,Resta sortides de via,-1,1,2,4,4,2,0,7.44,0,1,6,9,8
19186,2020,1,2020-12-22,T-344,MASDENVERGE,Montsia,0,0,1,0,2,1,0,0,0,1,0,0,0,100.0,0.0,0,2,No n'hi ha,-1.0,3,3,1,0,0,0,0,0,1,0,0,0,0,0,4,-1,1,Atropellament,-1,0,2,4,2,2,1,8.55,0,3,1,22,12
19187,2020,1,2020-02-23,SE,BLANES,Selva,1,0,1,0,1,0,0,0,1,0,0,0,0,20.0,0.0,0,-1,No n'hi ha,-1.0,3,3,1,-1,-1,0,0,-1,0,0,0,0,0,0,4,-1,1,Caiguda en la via,-1,2,2,5,-1,2,0,17.48,1,0,6,23,2
19188,2020,0,2020-08-28,TV-7211,REUS,Baix Camp,0,0,1,0,2,1,0,0,0,1,0,0,0,100.0,0.0,0,2,No n'hi ha,-1.0,3,3,1,0,0,0,0,0,0,0,0,0,0,0,4,-1,1,Atropellament,-1,1,2,4,3,2,0,15.08,1,3,4,28,8
19189,2020,1,2020-10-02,SE,CORBERA DE LLOBREGAT,Baix Llobregat,3,0,1,0,1,0,0,1,0,0,0,0,0,100.0,0.0,0,-1,No n'hi ha,-1.0,3,3,1,0,0,0,0,0,0,0,0,0,0,1,4,4,0,Caiguda en la via,1,2,0,5,-1,2,1,14.25,1,0,4,2,10
19190,2020,1,2020-10-06,SE,MARTORELL,Baix Llobregat,3,1,0,0,2,0,1,0,0,1,0,0,0,30.0,0.0,0,2,No n'hi ha,-1.0,3,3,0,0,0,0,0,0,0,0,0,0,0,0,4,-1,1,Fregament o col·lisió lateral,-1,2,2,5,-1,2,1,15.1,1,2,1,6,10
19191,2020,1,2020-09-15,N-150,CERDANYOLA DEL VALLES,Valles Occidental,3,0,1,0,2,0,0,0,1,1,0,0,0,100.0,0.0,0,2,No n'hi ha,-1.0,3,3,1,0,0,0,0,0,0,0,0,0,0,0,4,-1,1,Caiguda en la via,-1,0,2,5,1,2,1,15.16,1,0,1,15,9
19192,2020,1,2020-09-22,SE,MANRESA,Bages,3,0,1,0,1,0,0,0,1,0,0,0,0,30.0,0.0,0,2,No n'hi ha,0.0,3,3,1,0,0,0,0,0,0,0,0,0,0,0,4,-1,0,Caiguda en la via,-1,2,2,5,-1,2,1,10.28,0,0,1,22,9
19193,2020,1,2020-07-07,SE,VALLS,Alt Camp,0,0,1,1,2,0,0,0,0,2,0,0,0,70.0,0.0,0,2,No n'hi ha,-1.0,3,3,1,0,0,0,0,0,0,0,0,0,0,0,4,-1,1,Fregament o col·lisió lateral,-1,2,2,5,-1,2,1,15.2,1,2,1,7,7
19194,2020,1,2020-05-19,SE,TORDERA,Maresme,3,0,1,0,2,0,0,0,1,1,0,0,0,100.0,0.0,0,2,No n'hi ha,-1.0,3,3,1,0,0,0,0,0,0,0,0,0,0,0,4,-1,1,Fregament o col·lisió lateral,-1,2,2,5,-1,2,1,11.0,0,2,1,19,5
19195,2020,1,2020-05-20,SE,CALAF,Anoia,3,0,1,0,2,1,0,0,0,0,0,1,0,100.0,0.0,0,2,No n'hi ha,1.0,3,3,1,0,0,0,0,0,0,0,0,0,0,0,4,-1,1,Atropellament,-1,2,2,5,-1,2,1,10.56,0,3,2,20,5
19196,2020,0,2020-04-05,N-IIa,PALLEJA,Baix Llobregat,3,1,0,0,2,1,0,0,0,1,0,0,0,100.0,0.0,0,2,No n'hi ha,-1.0,3,3,0,0,0,0,0,0,0,0,0,0,1,0,3,-1,1,Atropellament,-1,1,2,4,0,2,0,21.47,1,3,6,5,4
19197,2020,0,2020-04-06,C-245,SANT BOI DE LLOBREGAT,Baix Llobregat,3,3,0,0,4,0,0,0,0,1,3,0,0,60.0,0.0,0,3,No n'hi ha,5.0,3,3,0,0,0,0,0,0,0,0,0,0,0,0,1,-1,1,Encalç,-1,1,2,4,3,2,1,20.54,1,2,0,6,4
19198,2020,0,2020-05-15,TP-7013,ALFORJA,Baix Camp,0,0,1,0,1,0,0,0,1,0,0,0,0,100.0,0.0,0,2,No n'hi ha,-1.0,3,3,1,0,0,0,0,0,0,0,0,0,0,0,3,-1,1,Resta sortides de via,-1,1,2,4,3,2,0,23.3,2,1,4,15,5
19199,2020,1,2020-03-11,SE,HOSPITALET DE LLOBREGAT,Barcelones,3,0,1,1,2,1,0,0,1,0,0,0,0,30.0,0.0,0,-1,No n'hi ha,-1.0,3,3,1,0,0,0,0,0,0,0,0,0,0,0,4,-1,-1,Atropellament,-1,2,2,5,-1,2,1,13.18,0,3,2,11,3
19200,2020,1,2020-05-29,SE,"PRAT DE LLOBREGAT, E",Baix Llobregat,3,0,1,0,2,1,0,0,0,1,0,0,0,100.0,0.0,0,2,No n'hi ha,-1.0,3,3,1,0,0,0,0,0,0,0,0,0,0,2,4,-1,1,Atropellament,0,2,2,5,-1,2,1,12.05,0,3,4,29,5
19201,2020,1,2020-05-20,SE,GIRONA,Girones,1,0,1,0,1,0,0,1,0,0,0,0,0,100.0,0.0,0,2,No n'hi ha,-1.0,3,3,1,0,0,0,0,0,0,0,0,0,0,0,4,-1,1,Caiguda en la via,-1,2,2,5,-1,2,1,20.15,1,0,2,20,5
19202,2020,0,2020-06-26,N-340,VILAFRANCA DEL PENEDES,Alt Penedes,3,1,1,4,5,0,0,0,0,4,1,0,0,80.0,0.0,0,2,No n'hi ha,-1.0,3,3,0,0,0,0,0,0,0,0,0,0,0,0,4,-1,1,Col·lisió frontal,-1,1,2,4,1,2,0,15.29,1,2,4,26,6
19203,2020,1,2020-06-08,SE,MANRESA,Bages,3,0,1,0,2,0,0,0,0,2,0,0,0,100.0,0.0,0,2,No n'hi ha,-1.0,3,3,1,0,0,0,0,0,0,0,0,0,0,1,4,4,1,Col·lisió frontal,1,2,2,5,-1,2,1,16.45,1,2,0,8,6
19204,2020,1,2020-07-07,SE,SANT ADRIA DE BESOS,Barcelones,3,0,1,0,2,0,0,0,1,1,0,0,0,100.0,0.0,0,2,No n'hi ha,-1.0,3,3,1,0,0,0,0,0,0,0,0,0,0,0,4,-1,1,Envestida (frontal lateral),-1,2,2,5,-1,2,1,8.0,0,2,1,7,7
19205,2020,0,2020-07-12,TV-7004,VILANOVA DE PRADES,Conca de Barbera,0,0,1,0,2,0,0,0,1,1,0,0,0,100.0,0.0,0,0,No n'hi ha,-1.0,3,3,1,0,0,0,0,0,0,0,0,0,0,0,4,-1,1,Fregament o col·lisió lateral,-1,1,2,4,2,2,0,12.54,0,2,6,12,7
19206,2020,0,2020-08-15,T-310,PRATDIP,Baix Camp,0,1,0,0,2,0,1,0,0,1,0,0,0,100.0,0.0,0,1,No n'hi ha,-1.0,3,3,0,0,0,0,0,0,0,0,0,0,0,0,4,-1,1,Altres,-1,1,2,4,3,2,0,10.44,0,5,5,15,8
19207,2020,0,2020-06-29,B-10,HOSPITALET DE LLOBREGAT,Barcelones,3,0,1,0,1,0,0,0,1,0,0,0,0,90.0,0.0,0,-1,Sense Especificar,-1.0,3,3,1,0,0,0,0,0,0,0,0,0,0,0,4,-1,-1,Altres,-1,1,2,4,4,2,1,6.27,0,5,0,29,6
19208,2020,0,2020-07-05,C-25,SANTA COLOMA DE FARNERS,Selva,1,0,1,1,1,0,0,0,1,0,0,0,0,90.0,0.0,0,-1,Sense Especificar,-1.0,3,3,1,0,0,0,0,0,0,0,0,0,0,0,4,-1,-1,Resta sortides de via,-1,1,2,4,4,2,0,8.34,0,1,6,5,7
19209,2020,0,2020-07-07,B-124,CASTELLAR DEL VALLES,Valles Occidental,3,0,1,0,1,0,0,0,1,0,0,0,0,90.0,0.0,0,-1,Sense Especificar,-1.0,3,3,1,0,0,0,0,0,0,0,0,0,0,0,4,-1,-1,Altres,-1,1,2,4,4,2,1,12.5,0,5,1,7,7
19210,2020,1,2020-03-08,SE,PARETS DEL VALLES,Valles Oriental,3,0,1,0,1,0,0,0,1,0,0,0,0,20.0,0.0,0,-1,No n'hi ha,-1.0,3,3,1,-1,-1,0,0,-1,0,0,0,0,0,0,4,-1,-1,Caiguda en la via,-1,2,2,5,-1,2,0,16.34,1,0,6,8,3
19211,2020,0,2020-08-20,BP-5002,VILANOVA DEL VALLES,Valles Oriental,3,0,1,0,2,0,0,0,0,1,0,1,0,100.0,0.0,0,2,No n'hi ha,-1.0,3,3,1,0,0,0,0,0,0,0,0,0,0,1,4,4,0,Caiguda en la via,0,1,2,4,2,2,1,12.0,0,0,3,20,8
19212,2020,0,2020-06-27,C-55,ESPARREGUERA,Baix Llobregat,3,0,1,0,1,0,0,0,0,1,0,0,0,90.0,0.0,0,-1,Sense Especificar,-1.0,3,3,1,0,0,0,0,0,0,0,0,0,0,0,4,-1,-1,Resta sortides de via,-1,1,2,4,4,2,0,0.59,2,1,5,27,6
19213,2020,0,2020-08-25,N-340,"AMETLLA DE MAR, L'",Baix Ebre,0,0,1,1,1,0,0,0,0,1,0,0,0,100.0,0.0,0,2,No n'hi ha,-1.0,3,3,1,0,0,0,0,0,0,0,0,0,0,0,0,-1,1,Resta sortides de via,-1,1,2,4,1,1,1,21.44,1,1,1,25,8
19214,2020,0,2020-08-17,B-400,VALLCEBRE,Bergueda,3,0,1,0,2,0,0,0,1,1,0,0,0,100.0,0.0,0,1,No n'hi ha,-1.0,3,3,1,0,0,0,0,0,0,0,0,0,0,0,4,-1,1,Col·lisió frontal,-1,1,2,4,4,2,1,11.39,0,2,0,17,8
19215,2020,1,2020-09-10,SE,VILANOVA I LA GELTRU,Garraf,3,0,1,0,2,0,1,0,0,1,0,0,0,30.0,0.0,0,2,No n'hi ha,-1.0,3,3,1,0,0,0,0,0,0,0,0,0,0,1,4,4,1,Envestida (frontal lateral),0,2,2,5,-1,2,1,8.05,0,2,3,10,9
19216,2020,0,2020-08-09,C-246a,VILANOVA I LA GELTRU,Garraf,3,0,1,0,2,0,0,1,0,1,0,0,0,40.0,0.0,0,3,No n'hi ha,-1.0,3,3,1,0,0,0,0,0,0,0,0,0,0,0,3,-1,1,Col·lisió frontal,-1,1,2,4,3,2,0,1.14,2,2,6,9,8
19217,2020,0,2020-07-05,C-35,LLINARS DEL VALLES,Valles Oriental,3,0,1,1,2,0,0,0,1,1,0,0,0,100.0,0.0,0,3,No n'hi ha,-1.0,3,3,1,0,0,0,0,0,0,0,0,0,0,0,1,-1,1,Altres,-1,1,2,4,2,2,0,20.3,1,5,6,5,7
19218,2020,1,2020-12-18,SE,OLOT,Garrotxa,1,0,1,0,2,0,0,1,0,1,0,0,0,100.0,0.0,0,2,No n'hi ha,-1.0,1,3,1,0,0,0,0,0,0,0,0,0,0,1,5,3,1,Envestida (frontal lateral),2,2,2,5,-1,2,0,20.04,1,2,4,18,12
19219,2020,1,2020-10-20,SE,CANYELLES,Garraf,3,0,1,0,1,0,0,1,0,0,0,0,0,30.0,0.0,0,2,No n'hi ha,-1.0,3,3,1,0,0,0,0,0,0,0,0,0,0,0,5,-1,1,Resta sortides de via,-1,2,2,5,-1,2,1,22.24,2,1,1,20,10
19220,2020,1,2020-12-10,SE,SANT BOI DE LLOBREGAT,Baix Llobregat,3,0,2,0,2,0,0,0,2,0,0,0,0,30.0,0.0,0,-1,No n'hi ha,-1.0,3,3,1,-1,-1,0,0,-1,0,0,0,0,-1,1,5,5,-1,Envestida (frontal lateral),2,2,2,5,-1,2,1,21.38,1,2,3,10,12
19221,2020,0,2020-12-01,N-240,TARRAGONA,Tarragones,0,0,1,0,1,0,0,0,1,0,0,0,0,60.0,0.0,0,1,No n'hi ha,-1.0,3,3,1,0,0,0,0,0,0,0,0,0,0,0,4,-1,0,Caiguda en la via,-1,1,2,4,1,2,1,15.58,1,0,1,1,12
19222,2020,1,2020-09-29,SE,LLICA DE VALL,Valles Oriental,3,0,1,0,2,0,0,0,1,1,0,0,0,20.0,0.0,0,2,No n'hi ha,-1.0,3,3,1,-1,0,0,0,-1,0,0,0,0,-1,1,4,5,1,Envestida (frontal lateral),1,2,2,5,3,2,1,18.21,1,2,1,29,9
19223,2020,0,2020-12-12,BV-5306,MALLA,Osona,3,0,1,1,2,0,0,0,0,2,0,0,0,70.0,0.0,0,3,No n'hi ha,-1.0,3,3,1,0,0,0,0,0,0,0,0,0,0,0,4,-1,1,Col·lisió frontal,-1,1,2,4,3,2,0,14.29,1,2,5,12,12
19224,2020,1,2020-12-18,SE,VILANOVA I LA GELTRU,Garraf,3,0,1,0,2,1,0,0,0,0,1,0,0,100.0,0.0,0,-1,No n'hi ha,-1.0,3,3,1,0,0,0,0,0,0,0,0,0,0,0,4,-1,-1,Altres,-1,2,2,5,-1,2,1,12.0,0,5,4,18,12
19225,2020,1,2020-05-19,SE,BADALONA,Barcelones,3,0,1,0,3,0,0,0,1,2,0,0,0,20.0,0.0,0,-1,No n'hi ha,-1.0,3,3,1,-1,-1,0,0,-1,0,0,0,0,-1,1,1,4,1,Envestida (frontal lateral),1,2,2,5,-1,2,1,6.31,0,2,1,19,5