,Year,Area,Date,Road,Municipality Name,County Name,Province Name,Fatalties,Serious Injuries,Light Injuries,Units Involved,Pedestrains Involved,Bicycles Involved,Mopeds Involved,Motorcycles,Light Vehicles Involved,Heavy Vehicles Involved,Other Units Involved,Unspecified Units Involved,Road Speed Limit,Accident with Hit and Run,Fog Presence,Surrounding Environment,Special Lane Presence,Special Traffic Measures,Weather Conditions,Special Road Functions,Severity of Accident,Influence of Fog,Influence of Environment,Influence of Traffic,Influence of Weather,Influence of Wind Intensity,Influence of Lighting,Influence of Special Measures,Influence of Road Objects,Influence of Road Surface,Influence of Visibility,Intersection Characteristics,Lighting Conditions,Traffic Regulation and Priority,Direction of Road,Subtype of Accident,Subtype of Road Section,Subzone within Area,Road Surface Conditions,Type of Road,Road Ownership,Wind Conditions,Day of the Week Grouping,Hour of Day,Time of Day Grouping,Type of Accident,Day Type,Day,Month
19226,2020,1,2020-07-28,SE,MATARO,Maresme,3,0,1,2,2,0,0,0,1,1,0,0,0,20.0,0.0,0,-1,No n'hi ha,-1.0,3,3,1,0,-1,0,0,0,0,0,0,0,0,1,4,5,-1,Envestida (frontal lateral),1,2,2,5,-1,2,1,13.11,0,2,1,28,7
19227,2020,0,2020-12-21,N-420,"BORGES DEL CAMP, LES",Baix Camp,0,0,1,0,2,0,0,0,1,1,0,0,0,80.0,0.0,0,2,Carril central,-1.0,3,3,1,0,0,0,0,0,0,0,0,0,0,1,4,4,1,Col·lisió frontal,1,1,2,4,1,2,1,10.39,0,2,0,21,12
19228,2020,1,2020-12-25,SE,MANLLEU,Osona,3,1,2,2,1,0,0,0,0,1,0,0,0,100.0,0.0,0,2,No n'hi ha,-1.0,3,3,0,0,0,0,0,0,0,0,0,0,0,0,5,-1,1,Xoc contra objecte/obstacle sense sortida prèvia de via,-1,2,2,5,-1,2,1,1.2,2,4,4,25,12
19229,2020,1,2020-12-18,N-150,SABADELL,Valles Occidental,3,0,1,0,2,0,1,0,0,1,0,0,0,100.0,0.0,0,-1,No n'hi ha,-1.0,3,3,1,0,0,0,1,0,0,0,0,0,1,2,4,-1,0,Envestida (frontal lateral),0,0,2,5,-1,2,0,17.55,1,2,4,18,12
19230,2020,0,2020-11-23,C-14,VILAVERD,Conca de Barbera,0,0,1,0,1,0,0,0,1,0,0,0,0,100.0,0.0,0,3,No n'hi ha,-1.0,3,3,1,0,0,0,0,0,0,0,0,0,0,0,4,-1,1,Caiguda en la via,-1,1,2,4,2,2,1,14.59,1,0,0,23,11
19231,2020,1,2020-11-25,SE,RUBI,Valles Occidental,3,0,1,0,2,0,0,0,1,1,0,0,0,100.0,0.0,0,-1,No n'hi ha,-1.0,3,3,1,0,0,0,0,0,0,0,0,0,0,0,4,-1,-1,Envestida (frontal lateral),-1,2,2,5,-1,2,1,21.4,1,2,2,25,11
19232,2020,0,2020-06-22,N-II,VILASSAR DE MAR,Maresme,3,0,1,0,2,0,1,0,0,1,0,0,0,100.0,0.0,0,2,No n'hi ha,-1.0,3,3,1,0,0,0,0,0,0,0,0,0,0,0,4,-1,1,Encalç,-1,1,2,4,1,2,1,7.02,0,2,0,22,6
19233,2020,1,2020-09-15,SE,HOSPITALET DE LLOBREGAT,Barcelones,3,0,1,0,2,0,0,1,0,1,0,0,0,20.0,0.0,0,-1,No n'hi ha,-1.0,3,3,1,0,0,0,0,0,0,0,0,0,0,1,4,4,-1,Caiguda en la via,0,2,2,5,-1,2,1,11.15,0,0,1,15,9
19234,2020,1,2020-11-29,SE,BARCELONA,Barcelones,3,0,1,5,2,0,0,0,0,1,1,0,0,100.0,1.0,1,-1,No n'hi ha,-1.0,3,3,1,0,0,0,0,0,0,0,0,0,0,1,4,-1,0,Envestida (frontal lateral),2,2,2,5,-1,2,0,14.0,1,2,6,29,11
19235,2020,0,2020-09-13,C-26,"ESPUNYOLA, L'",Bergueda,3,0,1,0,1,0,0,0,1,0,0,0,0,90.0,0.0,0,-1,Sense Especificar,-1.0,3,3,1,0,0,0,0,0,0,0,0,0,0,0,4,-1,-1,Resta sortides de via,-1,1,2,4,4,2,0,12.53,0,1,6,13,9
19236,2020,1,2020-12-09,SE,BARCELONA,Barcelones,3,0,2,0,3,2,0,0,1,0,0,0,0,100.0,0.0,1,-1,Carril bici,-1.0,3,3,1,0,0,0,0,0,0,0,0,0,0,1,1,-1,0,Atropellament,2,2,2,5,-1,2,1,17.45,1,3,2,9,12
19237,2020,0,2020-12-08,BV-2136,"LLACUNA, LA",Anoia,3,0,1,0,1,0,0,0,0,1,0,0,0,50.0,0.0,0,1,No n'hi ha,-1.0,3,3,1,0,0,0,0,0,0,0,0,0,0,0,3,-1,1,Resta sortides de via,-1,1,2,4,4,2,1,5.04,2,1,1,8,12
19238,2020,0,2020-05-20,A-2,SANT FELIU DE LLOBREGAT,Baix Llobregat,3,0,1,0,2,0,0,0,1,1,0,0,0,90.0,0.0,0,-1,Sense Especificar,-1.0,3,3,1,0,0,0,0,0,0,0,0,0,0,0,4,-1,-1,Xoc contra objecte/obstacle sense sortida prèvia de via,-1,1,2,4,4,2,1,20.29,1,4,2,20,5
19239,2020,0,2020-10-04,GI-555,RIUDARENES,Selva,1,0,2,2,2,0,0,0,0,2,0,0,0,60.0,0.0,0,0,No n'hi ha,-1.0,3,3,1,0,0,0,0,0,0,0,0,0,0,0,4,-1,1,Col·lisió frontal,-1,1,2,4,2,2,0,11.1,0,2,6,4,10
19240,2020,0,2020-12-06,B-522,GURB,Osona,3,1,0,0,2,1,0,0,0,1,0,0,0,70.0,0.0,0,1,No n'hi ha,-1.0,3,3,0,0,0,0,0,0,0,0,0,0,1,0,3,-1,1,Atropellament,-1,1,2,4,3,2,0,6.33,0,3,6,6,12
19241,2020,0,2020-09-21,L-500,BARRUERA,Alta Ribagorca,2,0,1,1,1,0,0,0,0,1,0,0,0,100.0,0.0,0,1,No n'hi ha,-1.0,1,3,1,0,0,0,0,0,0,0,0,0,0,0,2,-1,1,Xoc contra objecte/obstacle sense sortida prèvia de via,-1,1,2,4,2,2,1,13.48,0,4,0,21,9
19242,2020,1,2020-10-01,SE,GIRONA,Girones,1,1,0,0,2,0,0,0,1,1,0,0,0,40.0,1.0,0,0,No n'hi ha,-1.0,3,3,0,0,0,0,0,0,0,0,0,0,0,0,5,-1,1,Col·lisió frontal,-1,2,2,5,-1,2,1,23.25,2,2,3,1,10
19243,2020,1,2020-10-21,SE,TERRASSA,Valles Occidental,3,0,1,0,2,0,0,0,0,1,0,1,0,30.0,0.0,0,2,Carril bici,-1.0,3,3,1,0,0,0,0,0,0,0,0,0,0,1,0,5,1,Envestida (frontal lateral),2,2,2,5,-1,2,1,21.15,1,2,2,21,10
19244,2020,1,2020-10-27,SE,BADALONA,Barcelones,3,0,1,0,1,0,0,0,1,0,0,0,0,20.0,0.0,0,2,No n'hi ha,-1.0,3,3,1,-1,0,0,0,-1,0,0,0,0,0,0,5,-1,1,Caiguda en la via,-1,2,2,5,-1,2,1,22.45,2,0,1,27,10
19245,2020,1,2020-11-26,SE,SANTA PERPETUA DE MO,Valles Occidental,3,0,1,0,2,0,0,0,0,2,0,0,0,40.0,0.0,0,1,No n'hi ha,-1.0,3,3,1,0,0,0,0,0,0,0,0,0,0,1,4,4,1,Fregament o col·lisió lateral,0,2,2,5,-1,2,1,14.15,1,2,3,26,11
19246,2020,1,2020-02-20,SE,TERRASSA,Valles Occidental,3,0,2,0,2,0,0,0,0,1,1,0,0,100.0,0.0,0,2,No n'hi ha,0.0,3,3,1,0,0,0,0,0,0,0,0,0,0,1,2,3,1,Envestida (frontal lateral),2,2,2,5,3,2,1,17.3,1,2,3,20,2
19247,2020,0,2020-04-16,CR,"TORRE DE L'ESPANYOL, LA",Ribera d'Ebre,0,1,0,0,1,0,0,0,0,0,1,0,0,100.0,0.0,0,0,No n'hi ha,-1.0,3,3,0,0,1,0,0,0,0,0,0,0,0,0,4,-1,1,Resta sortides de via,-1,1,2,3,0,2,1,19.19,1,1,3,16,4
19248,2020,1,2020-05-05,SE,IGUALADA,Anoia,3,0,1,0,2,0,0,0,1,1,0,0,0,50.0,0.0,0,2,No n'hi ha,-1.0,3,3,1,-1,0,0,0,-1,0,0,0,0,0,1,4,4,0,Fregament o col·lisió lateral,2,2,2,5,-1,2,1,12.45,0,2,1,5,5
19249,2020,0,2020-11-15,BV-4241,BERGA,Bergueda,3,0,1,0,2,0,0,1,0,1,0,0,0,50.0,0.0,0,2,No n'hi ha,-1.0,3,3,1,0,0,0,0,0,0,0,0,0,0,0,4,-1,1,Col·lisió frontal,-1,1,2,4,3,2,0,13.43,0,2,6,15,11
19250,2020,0,2020-07-27,B-224,SANT LLORENC D'HORTO,Alt Penedes,3,1,0,0,2,0,0,0,1,1,0,0,0,100.0,0.0,0,2,No n'hi ha,-1.0,3,3,0,0,0,0,0,0,0,0,0,0,0,1,4,4,1,Envestida (frontal lateral),1,1,2,4,2,2,1,19.0,1,2,0,27,7
19251,2020,0,2020-09-18,C-162,DAS,Cerdanya,1,0,1,0,1,0,0,0,0,1,0,0,0,100.0,0.0,0,1,No n'hi ha,-1.0,3,3,1,0,0,0,0,0,0,0,0,0,0,0,4,-1,1,Resta sortides de via,-1,1,2,4,2,2,0,17.52,1,1,4,18,9
19252,2020,0,2020-09-25,CR,LLEIDA,Segria,2,1,0,0,1,0,0,0,0,1,0,0,0,100.0,0.0,0,1,No n'hi ha,-1.0,3,3,0,0,0,0,0,0,0,0,0,0,0,0,4,-1,1,Resta sortides de via,-1,1,5,3,0,1,0,19.48,1,1,4,25,9
19253,2020,1,2020-09-14,GI-663,CASSA DE LA SELVA,Girones,1,0,1,0,2,0,0,1,0,1,0,0,0,40.0,0.0,0,2,No n'hi ha,-1.0,3,3,1,0,0,0,0,0,0,0,0,0,0,0,4,-1,1,Fregament o col·lisió lateral,-1,0,2,4,2,2,1,8.5,0,2,0,14,9
19254,2020,0,2020-09-13,C-31,PALS,Baix Emporda,1,0,1,0,2,0,0,0,1,1,0,0,0,90.0,0.0,0,-1,Sense Especificar,-1.0,3,3,1,0,0,0,0,0,0,0,0,0,0,1,4,4,-1,Envestida (frontal lateral),0,1,2,4,4,2,0,11.01,0,2,6,13,9
19255,2020,0,2020-12-13,CR,VILANOVA DE SAU,Osona,3,0,1,1,2,0,1,0,1,0,0,0,0,100.0,0.0,0,0,No n'hi ha,-1.0,3,3,1,0,0,0,0,0,0,0,0,0,0,0,4,-1,1,Fregament o col·lisió lateral,-1,1,0,3,0,2,0,13.18,0,2,6,13,12
19256,2020,0,2020-05-11,CR,ROSSELLO,Segria,2,0,2,0,1,0,0,0,0,0,0,1,0,100.0,0.0,0,1,No n'hi ha,-1.0,3,3,1,0,0,0,0,0,0,0,0,0,0,0,4,-1,1,Resta sortides de via,-1,1,0,3,4,2,1,11.24,0,1,0,11,5
19257,2020,0,2020-09-09,BV-2429,SUBIRATS,Alt Penedes,3,0,1,3,2,0,0,0,0,1,1,0,0,60.0,0.0,0,3,No n'hi ha,-1.0,1,3,1,0,0,0,0,0,0,0,0,0,0,0,3,-1,1,Fregament o col·lisió lateral,-1,1,2,4,3,2,1,5.49,2,2,2,9,9
19258,2020,1,2020-05-26,SE,SANT BOI DE LLOBREGAT,Baix Llobregat,3,0,1,0,1,0,1,0,0,0,0,0,0,20.0,,0,-1,No n'hi ha,-1.0,3,3,1,0,-1,0,0,0,0,0,0,0,0,0,4,-1,-1,Caiguda en la via,-1,2,2,5,-1,2,1,16.22,1,0,1,26,5
19259,2020,1,2020-05-28,SE,BANYOLES,Pla de l'Estany,1,0,1,0,2,1,0,0,0,1,0,0,0,20.0,,0,-1,No n'hi ha,-1.0,3,3,1,-1,-1,0,0,-1,0,0,0,0,0,0,4,-1,-1,Atropellament,-1,2,2,5,-1,2,1,10.0,0,3,3,28,5
19260,2020,1,2020-11-13,SE,LLEIDA,Segria,2,0,1,0,2,0,1,0,0,1,0,0,0,20.0,0.0,0,2,No n'hi ha,-1.0,3,3,1,-1,0,0,0,-1,0,0,0,0,-1,1,4,3,0,Fregament o col·lisió lateral,1,2,2,5,0,2,1,14.28,1,2,4,13,11
19261,2020,1,2020-10-11,SE,TARRAGONA,Tarragones,0,0,1,0,1,0,0,0,0,1,0,0,0,100.0,0.0,0,2,No n'hi ha,-1.0,3,3,1,0,0,0,0,0,0,0,0,0,0,0,4,-1,1,Xoc contra objecte/obstacle sense sortida prèvia de via,-1,2,2,5,0,2,0,12.45,0,4,6,11,10
19262,2020,0,2020-09-11,B-520,SANTA EUGENIA DE BER,Osona,3,0,1,1,2,0,0,0,1,1,0,0,0,100.0,0.0,0,2,No n'hi ha,-1.0,3,3,1,0,0,0,0,0,0,0,0,0,0,1,4,4,1,Envestida (frontal lateral),2,1,2,4,3,2,1,12.34,0,2,4,11,9
19263,2020,0,2020-08-13,C-35,SANT CELONI,Valles Oriental,3,0,1,1,2,1,0,0,1,0,0,0,0,50.0,0.0,0,2,Carril central,-1.0,3,3,1,0,0,0,0,0,0,0,0,0,0,0,4,-1,1,Atropellament,-1,1,2,4,2,2,1,16.57,1,3,3,13,8
19264,2020,0,2020-08-14,GI-681,TOSSA DE MAR,Selva,1,0,1,0,1,0,0,0,1,0,0,0,0,90.0,0.0,0,-1,Sense Especificar,-1.0,3,3,1,0,0,0,0,0,0,0,0,0,0,0,4,-1,-1,Resta sortides de via,-1,1,2,4,4,2,0,20.13,1,1,4,14,8
19265,2020,1,2020-09-20,SE,VIC,Osona,3,0,1,0,1,0,1,0,0,0,0,0,0,20.0,0.0,0,-1,No n'hi ha,-1.0,3,3,1,0,-1,0,0,0,0,0,0,0,0,0,4,-1,-1,Caiguda en la via,-1,2,2,5,0,2,0,17.15,1,0,6,20,9
19266,2020,1,2020-11-28,SE,OLOT,Garrotxa,1,0,1,0,2,1,0,0,0,1,0,0,0,100.0,0.0,0,2,Carril central,-1.0,2,3,1,0,0,0,0,0,0,0,0,0,0,2,2,3,1,Atropellament,2,2,2,5,-1,1,0,17.36,1,3,5,28,11
19267,2020,1,2020-12-10,SE,MANRESA,Bages,3,0,1,0,1,0,0,0,0,0,1,0,0,100.0,0.0,0,-1,No n'hi ha,-1.0,3,3,1,0,0,0,0,0,0,0,0,0,0,0,4,-1,-1,Caiguda en la via,-1,2,2,5,-1,2,1,19.05,1,0,3,10,12
19268,2020,1,2020-10-14,SE,TERRASSA,Valles Occidental,3,0,1,0,2,0,0,0,1,1,0,0,0,100.0,0.0,0,2,No n'hi ha,-1.0,3,3,1,0,0,0,0,0,0,0,0,0,0,1,5,4,0,Envestida (frontal lateral),2,2,2,5,-1,2,1,20.19,1,2,2,14,10
19269,2020,1,2020-11-09,SE,CASTELLBISBAL,Valles Occidental,3,0,1,0,2,0,0,0,1,1,0,0,0,100.0,0.0,0,2,No n'hi ha,-1.0,3,3,1,0,0,0,0,0,0,0,0,0,0,0,5,-1,1,Envestida (frontal lateral),-1,2,2,5,-1,2,1,19.57,1,2,0,9,11
19270,2020,0,2020-09-28,AL,ALGUAIRE,Segria,2,1,0,0,2,0,0,0,0,1,1,0,0,100.0,0.0,0,2,No n'hi ha,-1.0,3,3,0,0,0,0,0,0,0,0,0,0,0,0,4,-1,0,Fregament o col·lisió lateral,-1,1,2,1,1,2,1,11.06,0,2,0,28,9
19271,2020,0,2020-10-03,C-17,"GARRIGA, LA",Valles Oriental,3,0,2,2,6,0,0,0,0,6,0,0,0,100.0,0.0,0,3,Carril acceleració,-1.0,3,3,1,0,0,0,0,0,0,0,0,0,0,1,3,4,0,Encalç,3,1,2,4,2,2,0,23.34,2,2,5,3,10
19272,2020,1,2020-12-18,SE,VILAFRANCA DEL PENEDES,Alt Penedes,3,0,1,0,2,1,0,0,0,1,0,0,0,100.0,0.0,0,2,No n'hi ha,-1.0,1,3,1,0,0,0,0,0,0,0,0,0,0,2,1,-1,1,Atropellament,2,2,2,5,-1,2,0,16.45,1,3,4,18,12
19273,2020,1,2020-12-04,SE,"GARRIGA, LA",Valles Oriental,3,0,1,0,4,0,0,0,0,4,0,0,0,20.0,0.0,0,2,No n'hi ha,-1.0,3,3,1,-1,0,0,0,-1,0,0,0,0,0,0,5,-1,1,Xoc contra objecte/obstacle sense sortida prèvia de via,-1,2,2,5,-1,2,0,20.45,1,4,4,4,12
19274,2020,1,2020-02-15,N-340,HOSPITALET DE LLOBREGAT,Barcelones,3,0,1,0,2,0,0,0,1,1,0,0,0,90.0,0.0,0,2,No n'hi ha,-1.0,3,3,1,-1,0,0,0,-1,0,0,0,0,-1,1,5,3,1,Encalç,2,0,2,4,-1,2,0,22.25,2,2,5,15,2
19275,2020,1,2020-02-03,SE,SOLSONA,Solsones,2,0,1,1,3,2,0,0,0,1,0,0,0,40.0,0.0,0,-1,No n'hi ha,-1.0,3,3,1,-1,0,0,0,-1,0,0,0,0,0,0,5,-1,-1,Atropellament,-1,2,2,5,-1,2,1,18.3,1,3,0,3,2
19276,2020,0,2020-01-21,C-17,TONA,Osona,3,0,1,0,2,0,0,1,0,1,0,0,0,100.0,0.0,0,2,No n'hi ha,-1.0,2,3,1,0,0,0,1,0,0,0,0,0,0,0,3,-1,1,Encalç,-1,1,2,4,2,0,1,21.18,1,2,1,21,1
19277,2020,1,2020-01-24,SE,FIGUERES,Alt Emporda,1,0,1,0,2,1,0,0,0,1,0,0,0,100.0,0.0,0,2,No n'hi ha,-1.0,3,3,1,0,0,0,0,0,0,0,0,0,0,0,5,-1,1,Atropellament,-1,2,2,5,-1,2,1,6.2,0,3,4,24,1
19278,2020,0,2020-02-06,N-340,VILA-SECA,Tarragones,0,0,1,0,2,0,0,0,1,1,0,0,0,90.0,0.0,0,2,No n'hi ha,-1.0,3,3,1,0,0,0,0,0,0,0,0,0,0,1,4,4,1,Envestida (frontal lateral),1,1,2,4,1,2,1,15.14,1,2,3,6,2
19279,2020,1,2020-02-07,SE,BARCELONA,Barcelones,3,0,1,0,2,1,0,0,0,0,0,1,0,100.0,0.0,1,-1,No n'hi ha,-1.0,3,3,1,0,0,0,0,0,0,0,0,0,0,1,4,-1,0,Atropellament,2,2,2,5,-1,2,1,13.1,0,3,4,7,2
19280,2020,1,2020-01-12,C-14,OLIANA,Alt Urgell,2,0,1,0,2,0,0,0,1,1,0,0,0,40.0,0.0,0,2,No n'hi ha,-1.0,3,3,1,0,0,0,0,0,0,0,0,0,0,0,4,-1,1,Envestida (frontal lateral),-1,0,2,4,2,2,0,11.3,0,2,6,12,1
19281,2020,1,2020-02-02,SE,BARCELONA,Barcelones,3,0,1,1,2,1,0,0,1,0,0,0,0,100.0,0.0,1,-1,No n'hi ha,-1.0,3,3,1,0,0,0,0,0,0,0,0,0,0,1,0,-1,1,Atropellament,2,2,2,5,-1,2,0,20.16,1,3,6,2,2
19282,2020,1,2020-02-23,C-12B,ASCO,Ribera d'Ebre,0,0,1,0,1,0,0,0,1,0,0,0,0,40.0,0.0,0,0,No n'hi ha,-1.0,3,3,1,0,0,0,0,0,0,0,0,0,0,0,4,-1,1,Resta sortides de via,-1,0,2,4,2,2,0,11.4,0,1,6,23,2
19283,2020,1,2020-01-29,N-340a,"ALDEA, L'",Baix Ebre,0,0,1,0,2,1,0,0,0,1,0,0,0,100.0,0.0,0,0,No n'hi ha,-1.0,3,3,1,0,0,0,0,0,0,0,0,0,0,0,3,-1,1,Atropellament,-1,0,2,4,1,2,1,19.25,1,3,2,29,1
19284,2020,1,2020-02-14,SE,SALOU,Tarragones,0,0,1,0,1,0,0,0,1,0,0,0,0,100.0,0.0,0,2,No n'hi ha,-1.0,3,3,1,0,0,0,0,0,0,0,0,0,0,0,4,-1,1,Xoc contra objecte/obstacle sense sortida prèvia de via,-1,2,2,5,-1,2,1,14.2,1,4,4,14,2
19285,2020,1,2020-01-31,SE,"PRAT DE LLOBREGAT, E",Baix Llobregat,3,0,1,0,2,1,0,0,0,1,0,0,0,100.0,0.0,0,2,No n'hi ha,-1.0,3,3,1,0,0,0,0,0,0,0,0,0,0,0,1,-1,0,Atropellament,-1,2,2,5,-1,2,0,17.5,1,3,4,31,1
19286,2020,1,2020-01-18,SE,BARCELONA,Barcelones,3,0,1,0,1,0,0,0,0,0,1,0,0,100.0,0.0,1,-1,No n'hi ha,-1.0,3,3,1,0,0,0,0,0,0,0,0,0,0,0,4,-1,1,Caiguda en la via,-1,2,2,5,-1,2,0,13.05,0,0,5,18,1
19287,2020,1,2020-01-14,SE,HOSPITALET DE LLOBREGAT,Barcelones,3,0,1,0,2,0,0,0,1,0,1,0,0,20.0,0.0,0,-1,No n'hi ha,-1.0,3,3,1,-1,0,0,0,-1,0,0,0,0,0,0,4,-1,1,Encalç,-1,2,2,5,-1,2,1,7.49,0,2,1,14,1
19288,2020,0,2020-02-12,C-55,MONISTROL DE MONTSER,Bages,3,0,1,1,2,0,0,0,0,2,0,0,0,100.0,0.0,0,1,No n'hi ha,0.0,1,3,1,0,0,0,0,0,0,0,0,0,0,0,2,-1,1,Envestida (frontal lateral),-1,1,2,4,2,2,1,13.05,0,2,2,12,2
19289,2020,1,2020-01-05,SE,REUS,Baix Camp,0,0,1,5,2,0,0,0,0,2,0,0,0,100.0,0.0,0,-1,No n'hi ha,-1.0,3,3,1,0,0,0,0,0,0,0,0,0,0,0,1,-1,1,Envestida (frontal lateral),-1,2,2,5,-1,2,0,17.3,1,2,6,5,1
19290,2020,1,2020-02-01,BP-1413,CERDANYOLA DEL VALLES,Valles Occidental,3,0,1,1,2,0,2,0,0,0,0,0,0,100.0,0.0,0,1,No n'hi ha,-1.0,3,3,1,0,0,0,0,0,0,0,0,0,0,0,4,-1,1,Caiguda en la via,-1,0,2,4,3,2,0,10.23,0,0,5,1,2
19291,2020,1,2020-01-18,SE,MAIA DE MONTCAL,Garrotxa,1,0,1,0,1,0,0,0,0,1,0,0,0,20.0,0.0,0,-1,Sense Especificar,-1.0,3,3,1,0,0,0,0,0,0,0,0,0,0,0,4,-1,-1,Resta sortides de via,-1,2,2,5,-1,2,0,18.07,1,1,5,18,1
19292,2020,0,2020-02-05,C-66,CORNELLA DEL TERRI,Pla de l'Estany,1,0,1,1,3,0,0,0,0,1,2,0,0,100.0,0.0,0,1,Carril lent,-1.0,3,3,1,0,0,0,0,0,0,0,0,0,0,0,4,-1,1,Envestida (frontal lateral),-1,1,2,4,2,2,1,10.51,0,2,2,5,2
19293,2020,1,2020-03-11,SE,CERDANYOLA DEL VALLES,Valles Occidental,3,1,0,0,3,0,0,0,1,2,0,0,0,100.0,0.0,0,2,No n'hi ha,-1.0,3,3,0,0,0,0,0,0,0,0,0,0,0,1,4,4,1,Encalç,2,0,2,5,0,2,1,13.15,0,2,2,11,3
19294,2020,0,2020-03-08,TV-2401,"MONTMELL, EL",Baix Penedes,0,1,0,2,2,0,0,0,1,1,0,0,0,70.0,0.0,0,0,No n'hi ha,-1.0,3,3,0,0,0,0,0,0,0,0,0,0,0,0,4,-1,1,Altres,-1,1,2,4,3,2,0,10.29,0,5,6,8,3
19295,2020,0,2020-02-18,C-15,SANT QUINTI DE MEDIO,Alt Penedes,3,1,0,0,2,0,0,0,0,1,1,0,0,100.0,0.0,0,0,No n'hi ha,-1.0,3,3,0,0,0,0,0,0,0,0,0,0,0,0,4,-1,1,Col·lisió frontal,-1,1,2,4,2,2,1,11.44,0,2,1,18,2
19296,2020,0,2020-03-12,T-310,MONTBRIO DEL CAMP,Baix Camp,0,0,1,1,2,0,0,0,0,2,0,0,0,100.0,0.0,0,2,No n'hi ha,-1.0,3,3,1,0,0,0,0,0,0,0,0,0,0,0,4,-1,1,Col·lisió frontal,-1,1,2,4,2,2,1,10.13,0,2,3,12,3
19297,2020,0,2020-03-13,C-58,SANT QUIRZE DEL VALLES,Valles Occidental,3,0,1,0,1,0,0,0,1,0,0,0,0,90.0,0.0,0,-1,Sense Especificar,-1.0,3,3,1,0,0,0,0,0,0,0,0,0,0,0,4,-1,-1,Altres,-1,1,2,4,4,2,0,16.1,1,5,4,13,3
19298,2020,1,2020-02-14,SE,GIRONA,Girones,1,0,1,1,1,0,0,0,1,0,0,0,0,100.0,0.0,0,2,No n'hi ha,-1.0,3,3,1,0,0,0,0,0,0,0,0,0,0,1,5,5,0,Xoc contra objecte/obstacle sense sortida prèvia de via,0,2,2,5,0,2,0,23.42,2,4,4,14,2
19299,2020,0,2020-01-06,T-314,RIUDOMS,Baix Camp,0,0,2,0,2,0,0,0,0,1,1,0,0,100.0,0.0,0,2,No n'hi ha,-1.0,3,3,1,0,0,0,0,0,0,0,0,0,0,0,4,-1,1,Envestida (frontal lateral),-1,1,2,4,2,2,1,17.06,1,2,0,6,1
19300,2020,0,2020-01-15,C-32,GAVA,Baix Llobregat,3,0,1,0,1,0,0,0,1,0,0,0,0,100.0,0.0,0,3,No n'hi ha,-1.0,3,3,1,0,0,0,0,0,0,0,0,0,0,0,5,-1,0,Caiguda en la via,-1,1,2,4,2,2,1,6.03,0,0,2,15,1
19301,2020,1,2020-01-10,SE,TARRAGONA,Tarragones,0,0,1,0,1,0,0,0,1,0,0,0,0,20.0,,0,2,No n'hi ha,-1.0,1,3,1,-1,0,0,0,-1,0,0,0,0,-1,0,4,-1,0,Caiguda en la via,-1,2,0,5,-1,2,1,13.4,0,0,4,10,1
19302,2020,1,2020-03-06,SE,BARCELONA,Barcelones,3,0,1,1,3,0,0,0,2,1,0,0,0,100.0,0.0,1,-1,No n'hi ha,-1.0,3,3,1,0,0,0,0,0,0,0,0,0,0,0,4,-1,1,Envestida (frontal lateral),-1,2,2,5,-1,2,1,8.2,0,2,4,6,3
19303,2020,0,2020-02-28,B-10,BARCELONA,Barcelones,3,0,1,0,2,0,0,0,1,1,0,0,0,100.0,0.0,1,-1,No n'hi ha,-1.0,3,3,1,0,0,0,0,0,0,0,0,0,0,0,4,-1,1,Fregament o col·lisió lateral,-1,1,2,4,-1,2,1,11.2,0,2,4,28,2
19304,2020,1,2020-02-19,SE,CORNELLA DEL TERRI,Pla de l'Estany,1,0,1,0,2,0,0,0,1,1,0,0,0,30.0,0.0,0,2,No n'hi ha,-1.0,3,3,1,0,0,0,0,0,0,0,0,0,0,0,4,-1,1,Altres,-1,2,2,5,-1,2,1,13.52,0,5,2,19,2
19305,2020,0,2020-01-12,N-340,ALTAFULLA,Tarragones,0,0,2,4,3,0,0,0,0,3,0,0,0,90.0,0.0,0,1,No n'hi ha,-1.0,3,3,1,0,0,0,0,0,0,0,0,0,0,0,4,-1,1,Col·lisió frontal,-1,1,2,4,1,2,0,15.4,1,2,6,12,1
19306,2020,1,2020-02-29,SE,BARCELONA,Barcelones,3,0,1,1,2,1,0,0,1,0,0,0,0,30.0,0.0,1,-1,No n'hi ha,-1.0,3,3,1,0,0,0,0,0,0,0,0,0,0,1,4,-1,1,Atropellament,2,2,2,5,-1,2,0,11.05,0,3,5,29,2
19307,2020,1,2020-02-22,C-31,PALS,Baix Emporda,1,0,1,0,2,0,0,0,1,1,0,0,0,80.0,0.0,0,2,No n'hi ha,-1.0,3,3,1,0,0,0,0,0,0,0,0,0,0,0,4,-1,1,Fregament o col·lisió lateral,-1,0,2,4,2,2,0,16.13,1,2,5,22,2
19308,2020,1,2020-03-31,SE,SANT CARLES DE LA RAPITA,Montsia,0,0,1,0,2,1,0,0,0,1,0,0,0,40.0,0.0,0,2,No n'hi ha,-1.0,2,3,1,0,0,0,1,0,0,0,0,0,0,0,2,-1,1,Atropellament,-1,2,2,5,-1,2,1,10.15,0,3,1,31,3