,Year,Area,Date,Road,Municipality Name,County Name,Province Name,Fatalties,Serious Injuries,Light Injuries,Units Involved,Pedestrains Involved,Bicycles Involved,Mopeds Involved,Motorcycles,Light Vehicles Involved,Heavy Vehicles Involved,Other Units Involved,Unspecified Units Involved,Road Speed Limit,Accident with Hit and Run,Fog Presence,Surrounding Environment,Special Lane Presence,Special Traffic Measures,Weather Conditions,Special Road Functions,Severity of Accident,Influence of Fog,Influence of Environment,Influence of Traffic,Influence of Weather,Influence of Wind Intensity,Influence of Lighting,Influence of Special Measures,Influence of Road Objects,Influence of Road Surface,Influence of Visibility,Intersection Characteristics,Lighting Conditions,Traffic Regulation and Priority,Direction of Road,Subtype of Accident,Subtype of Road Section,Subzone within Area,Road Surface Conditions,Type of Road,Road Ownership,Wind Conditions,Day of the Week Grouping,Hour of Day,Time of Day Grouping,Type of Accident,Day Type,Day,Month
19309,2020,1,2020-02-05,SE,BARCELONA,Barcelones,3,0,1,0,2,1,0,0,0,1,0,0,0,100.0,0.0,1,-1,No n'hi ha,-1.0,3,3,1,0,0,0,0,0,0,0,0,0,0,0,4,-1,0,Atropellament,-1,2,2,5,-1,2,1,16.3,1,3,2,5,2
19310,2020,0,2020-01-04,AP-7,"AMETLLA DE MAR, L'",Baix Ebre,0,0,2,0,4,2,0,0,0,1,1,0,0,100.0,0.0,0,2,No n'hi ha,-1.0,3,3,1,0,0,0,0,0,0,0,0,0,0,0,3,-1,0,Atropellament,-1,1,2,4,1,1,0,19.55,1,3,5,4,1
19311,2020,0,2020-02-09,AP-7,MACANET DE LA SELVA,Selva,1,0,1,0,1,1,0,0,0,0,0,0,0,90.0,1.0,0,-1,Sense Especificar,-1.0,3,3,1,0,0,0,0,0,0,0,0,0,0,0,4,-1,-1,Atropellament,-1,1,2,4,4,2,0,2.56,2,3,6,9,2
19312,2020,1,2020-01-15,SE,CABRERA DE MAR,Maresme,3,0,1,0,2,1,0,0,0,1,0,0,0,20.0,0.0,0,-1,No n'hi ha,-1.0,3,3,1,0,-1,0,0,0,0,0,0,0,0,0,4,-1,-1,Atropellament,-1,2,2,5,-1,2,1,14.55,1,3,2,15,1
19313,2020,1,2020-10-22,C-31,CALAFELL,Baix Penedes,0,0,1,0,2,1,0,0,0,1,0,0,0,20.0,0.0,0,-1,No n'hi ha,-1.0,3,3,1,-1,-1,0,0,-1,0,0,0,0,-1,1,4,3,-1,Atropellament,2,0,2,5,-1,2,1,10.26,0,3,3,22,10
19314,2020,0,2020-01-18,C-12,BALAGUER,Noguera,2,0,1,1,1,0,0,0,0,1,0,0,0,100.0,0.0,0,2,No n'hi ha,-1.0,3,3,1,0,0,0,0,0,0,0,0,0,0,0,1,-1,1,Resta sortides de via,-1,1,2,4,2,2,0,17.35,1,1,5,18,1
19315,2020,0,2020-02-14,C-16C,SANT FRUITOS DE BAGES,Bages,3,0,1,2,3,0,0,0,0,0,3,0,0,100.0,0.0,0,1,No n'hi ha,-1.0,3,3,1,0,0,0,0,0,0,0,0,0,0,0,4,-1,1,Col·lisió frontal,-1,1,2,4,2,2,1,14.34,1,2,4,14,2
19316,2020,1,2020-02-03,SE,MOLLERUSSA,Pla d'Urgell,2,0,1,0,1,0,1,0,0,0,0,0,0,20.0,0.0,0,-1,Sense Especificar,-1.0,3,3,1,0,0,0,0,0,0,0,0,0,0,0,4,-1,-1,Altres,-1,2,2,5,-1,2,1,19.1,1,5,0,3,2
19317,2020,0,2020-03-05,B-431,PRATS DE LLUCANES,Osona,3,0,1,1,2,0,0,0,0,1,1,0,0,100.0,0.0,0,1,No n'hi ha,-1.0,1,3,1,0,0,0,0,0,0,0,0,0,0,0,2,-1,1,Col·lisió frontal,-1,1,2,4,3,2,1,16.32,1,2,3,5,3
19318,2020,1,2020-08-31,SE,GRANOLLERS,Valles Oriental,3,0,1,0,5,0,0,0,0,5,0,0,0,20.0,0.0,0,-1,No n'hi ha,-1.0,3,3,1,0,-1,0,0,0,0,0,0,0,0,0,4,-1,-1,Fregament o col·lisió lateral,-1,2,2,5,-1,2,1,7.27,0,2,0,31,8
19319,2020,0,2020-09-28,A-2,LLEIDA,Segria,2,0,1,0,3,0,0,0,0,1,2,0,0,100.0,0.0,0,2,No n'hi ha,-1.0,3,3,1,0,0,0,0,0,0,0,0,0,0,0,3,-1,0,Envestida (frontal lateral),-1,1,2,4,1,2,1,3.06,2,2,0,28,9
19320,2020,0,2020-10-03,B-20,BARCELONA,Barcelones,3,0,2,1,2,0,0,0,0,2,0,0,0,60.0,0.0,1,-1,No n'hi ha,-1.0,3,3,1,0,0,0,0,0,0,0,0,0,1,0,0,-1,1,Col·lisió frontal,-1,1,2,4,-1,2,0,1.45,2,2,5,3,10
19321,2020,0,2020-09-17,T-721,CONSTANTI,Tarragones,0,1,2,1,1,0,0,0,0,1,0,0,0,80.0,0.0,0,2,No n'hi ha,-1.0,3,3,0,0,0,0,0,0,0,0,0,0,0,0,4,-1,1,Resta sortides de via,-1,1,2,4,3,2,1,17.15,1,1,3,17,9
19322,2020,0,2020-03-13,N-150,TERRASSA,Valles Occidental,3,0,1,0,3,0,0,0,1,2,0,0,0,100.0,0.0,0,2,No n'hi ha,-1.0,3,3,1,0,0,0,0,0,0,0,1,0,0,0,3,-1,1,Xoc contra objecte/obstacle sense sortida prèvia de via,-1,1,2,4,1,2,1,6.3,0,4,4,13,3
19323,2020,1,2020-11-10,SE,VIC,Osona,3,0,1,0,2,0,0,0,1,1,0,0,0,20.0,0.0,0,-1,No n'hi ha,-1.0,3,3,1,-1,0,0,0,-1,0,0,0,0,0,0,4,-1,1,Envestida (frontal lateral),-1,2,2,5,-1,2,1,15.5,1,2,1,10,11
19324,2020,1,2020-05-23,SE,MONTFERRER I CASTELLBO,Alt Urgell,2,0,1,0,1,0,1,0,0,0,0,0,0,30.0,0.0,0,1,No n'hi ha,-1.0,3,3,1,0,0,0,0,0,0,0,0,0,0,0,4,-1,1,Xoc contra objecte/obstacle sense sortida prèvia de via,-1,2,2,5,-1,2,0,18.54,1,4,5,23,5
19325,2020,1,2020-10-14,SE,LLORET DE MAR,Selva,1,0,1,0,2,1,0,0,0,1,0,0,0,30.0,0.0,0,2,No n'hi ha,-1.0,1,3,1,0,0,0,0,0,0,0,0,0,0,1,5,2,1,Atropellament,1,2,2,5,-1,2,1,7.3,0,3,2,14,10
19326,2020,1,2020-10-16,SE,VILADECANS,Baix Llobregat,3,0,1,0,2,0,1,1,0,0,0,0,0,100.0,0.0,0,-1,No n'hi ha,-1.0,3,3,1,0,0,0,0,0,0,0,0,0,0,0,4,-1,-1,Altres,-1,2,2,5,-1,2,0,22.05,2,5,4,16,10
19327,2020,0,2020-09-06,C-33,MONTCADA I REIXAC,Valles Occidental,3,0,1,1,2,0,0,0,1,1,0,0,0,100.0,0.0,0,3,No n'hi ha,-1.0,3,3,1,0,0,0,0,0,0,0,0,0,0,0,5,-1,0,Altres,-1,1,2,4,2,2,0,21.24,1,5,6,6,9
19328,2020,0,2020-09-12,GI-614,"PORT DE LA SELVA, EL",Alt Emporda,1,0,1,0,2,0,0,0,1,1,0,0,0,100.0,0.0,0,1,No n'hi ha,-1.0,3,3,1,0,0,0,0,0,0,0,0,0,0,1,4,4,1,Envestida (frontal lateral),0,1,2,4,2,2,0,17.23,1,2,5,12,9
19329,2020,0,2020-09-08,T-330,HORTA DE SANT JOAN,Terra Alta,0,0,3,0,2,0,0,0,0,2,0,0,0,100.0,0.0,0,3,No n'hi ha,-1.0,3,3,1,0,0,0,0,0,0,0,0,0,0,0,4,-1,1,Col·lisió frontal,-1,1,2,4,2,2,1,16.58,1,2,1,8,9
19330,2020,0,2020-06-10,BV-2202,SANT MARTI DE TOUS,Anoia,3,0,1,0,2,0,0,0,1,0,1,0,0,50.0,0.0,0,1,No n'hi ha,-1.0,3,3,1,0,0,0,0,0,0,0,0,0,0,0,4,-1,1,Fregament o col·lisió lateral,-1,1,2,4,3,2,1,14.14,1,2,2,10,6
19331,2020,1,2020-05-05,SE,CASSA DE LA SELVA,Girones,1,0,1,0,1,0,0,1,0,0,0,0,0,40.0,0.0,0,2,No n'hi ha,-1.0,3,3,1,0,0,0,0,0,0,0,0,0,0,2,5,4,1,Caiguda en la via,0,2,2,5,-1,2,1,4.51,2,0,1,5,5
19332,2020,1,2020-06-14,C-153,VIC,Osona,3,0,1,0,1,0,0,0,0,0,0,1,0,90.0,0.0,0,-1,No n'hi ha,-1.0,3,3,1,0,-1,0,0,0,0,0,0,0,0,0,5,-1,-1,Caiguda en la via,-1,0,2,4,-1,2,0,2.45,2,0,6,14,6
19333,2020,1,2020-03-11,C-17,"MASIES DE VOLTREGA,LES",Osona,3,0,1,0,2,0,0,0,0,2,0,0,0,90.0,0.0,0,-1,Sense Especificar,-1.0,3,3,1,0,0,0,0,0,0,0,0,0,0,0,4,-1,-1,Resta sortides de via,-1,0,2,4,4,2,1,13.45,0,1,2,11,3
19334,2020,1,2020-06-01,SE,LLEIDA,Segria,2,0,1,0,2,1,1,0,0,0,0,0,0,20.0,0.0,0,-1,No n'hi ha,-1.0,3,3,1,-1,0,0,0,-1,0,0,0,0,0,0,1,-1,0,Atropellament,-1,2,2,5,-1,2,1,21.1,1,3,0,1,6
19335,2020,1,2020-05-26,SE,CAMBRILS,Baix Camp,0,0,1,0,2,1,0,0,0,1,0,0,0,100.0,0.0,0,2,No n'hi ha,-1.0,3,3,1,0,0,0,0,0,0,0,0,0,0,1,4,-1,1,Atropellament,2,2,2,5,-1,2,1,12.23,0,3,1,26,5
19336,2020,1,2020-05-19,SE,GRANOLLERS,Valles Oriental,3,1,0,0,1,0,0,0,1,0,0,0,0,30.0,0.0,0,0,No n'hi ha,-1.0,3,3,0,0,0,0,0,0,0,0,0,0,0,0,4,-1,1,Resta sortides de via,-1,2,2,5,0,2,1,19.52,1,1,1,19,5
19337,2020,1,2020-06-20,SE,AIGUAMURCIA,Alt Camp,0,0,1,0,1,0,0,0,1,0,0,0,0,30.0,0.0,0,1,No n'hi ha,-1.0,3,3,1,0,0,0,0,0,0,0,0,0,0,0,3,-1,1,Xoc contra objecte/obstacle sense sortida prèvia de via,-1,2,2,5,-1,2,0,0.27,2,4,5,20,6
19338,2020,1,2020-06-26,SE,VILAFRANCA DEL PENEDES,Alt Penedes,3,0,1,0,2,0,0,0,0,1,0,1,0,20.0,0.0,0,2,No n'hi ha,-1.0,3,3,1,-1,0,0,0,-1,0,0,0,0,0,1,4,2,0,Envestida (frontal lateral),1,2,2,5,0,2,0,15.51,1,2,4,26,6
19339,2020,1,2020-08-06,SE,MORA LA NOVA,Ribera d'Ebre,0,0,1,0,2,1,0,0,0,1,0,0,0,20.0,0.0,0,-1,Sense Especificar,-1.0,3,3,1,0,0,0,0,0,0,0,0,0,0,0,4,-1,-1,Atropellament,-1,2,2,5,-1,2,1,9.58,0,3,3,6,8
19340,2020,1,2020-06-11,TP-2125,BANYERES DEL PENEDES,Baix Penedes,0,0,1,0,1,0,0,0,0,1,0,0,0,40.0,0.0,0,2,No n'hi ha,-1.0,3,3,1,0,0,0,0,0,0,0,0,0,0,1,4,4,1,Resta sortides de via,0,0,2,4,2,2,1,13.49,0,1,3,11,6
19341,2020,0,2020-06-28,GI-543,VILADRAU,Osona,1,0,1,0,1,0,1,0,0,0,0,0,0,90.0,0.0,0,-1,Sense Especificar,-1.0,3,3,1,0,0,0,0,0,0,0,0,0,0,0,4,-1,-1,Resta sortides de via,-1,1,2,4,4,2,0,10.35,0,1,6,28,6
19342,2020,1,2020-06-16,SE,TARRAGONA,Tarragones,0,0,1,0,2,1,0,0,0,1,0,0,0,100.0,0.0,0,2,No n'hi ha,-1.0,3,3,1,0,0,0,0,0,0,0,0,0,0,2,0,2,1,Atropellament,0,2,2,5,-1,2,1,0.34,2,3,1,16,6
19343,2020,0,2020-06-22,N-II,SANT POL DE MAR,Maresme,3,1,0,0,2,1,0,0,0,1,0,0,0,100.0,0.0,0,-1,No n'hi ha,-1.0,3,3,0,0,0,0,0,0,0,0,0,0,0,0,4,-1,-1,Atropellament,-1,1,2,4,-1,2,1,22.31,2,3,0,22,6
19344,2020,1,2020-02-13,SE,OLESA DE MONTSERRAT,Baix Llobregat,3,0,2,0,3,2,1,0,0,0,0,0,0,20.0,0.0,0,-1,No n'hi ha,-1.0,3,3,1,-1,-1,0,0,-1,0,0,0,0,-1,0,5,-1,-1,Atropellament,-1,2,2,5,-1,2,1,20.26,1,3,3,13,2
19345,2020,1,2020-08-17,SE,TORREFARRERA,Segria,2,0,1,0,2,0,1,0,0,1,0,0,0,30.0,0.0,0,2,No n'hi ha,-1.0,3,3,1,0,0,0,0,0,0,0,0,0,0,0,4,-1,1,Caiguda en la via,-1,2,2,5,-1,2,1,20.11,1,0,0,17,8
19346,2020,0,2020-07-25,B-10,BARCELONA,Barcelones,3,0,1,0,1,0,0,0,1,0,0,0,0,60.0,0.0,1,-1,No n'hi ha,-1.0,3,3,1,0,0,0,0,0,0,0,0,0,0,0,0,-1,1,Xoc contra objecte/obstacle sense sortida prèvia de via,-1,1,2,4,-1,2,0,22.24,2,4,5,25,7
19347,2020,0,2020-07-08,A-7,VILA-SECA,Tarragones,0,0,1,0,2,0,0,0,1,1,0,0,0,90.0,0.0,0,-1,Sense Especificar,-1.0,3,3,1,0,0,0,0,0,0,0,0,0,0,0,4,-1,-1,Fregament o col·lisió lateral,-1,1,2,4,4,2,1,15.51,1,2,2,8,7
19348,2020,1,2020-08-24,SE,OLOT,Garrotxa,1,0,1,1,2,0,0,1,0,1,0,0,0,100.0,0.0,0,3,No n'hi ha,-1.0,3,3,1,0,0,0,0,0,0,0,0,0,0,1,4,-1,0,Fregament o col·lisió lateral,1,2,2,5,-1,2,1,19.31,1,2,0,24,8
19349,2020,0,2020-08-09,C-32,MATARO,Maresme,3,0,1,1,1,0,0,0,1,0,0,0,0,100.0,0.0,0,1,No n'hi ha,-1.0,3,3,1,0,0,0,0,0,0,0,0,0,0,0,4,-1,0,Caiguda en la via,-1,1,2,4,2,2,0,12.46,0,0,6,9,8
19350,2020,0,2020-08-13,AL,"PALAU D'ANGLESOLA, EL",Pla d'Urgell,2,0,1,1,1,0,0,0,1,0,0,0,0,100.0,0.0,0,2,No n'hi ha,-1.0,3,3,1,0,0,0,0,0,0,0,0,0,0,0,3,-1,1,Resta sortides de via,-1,1,2,0,0,2,1,1.46,2,1,3,13,8
19351,2020,0,2020-09-22,N-240,FIGUEROLA DEL CAMP,Alt Camp,0,0,1,1,2,0,0,0,1,1,0,0,0,80.0,0.0,0,2,Carril lent,-1.0,3,3,1,0,0,0,0,0,0,0,0,0,0,0,2,-1,1,Col·lisió frontal,-1,1,2,4,1,2,1,16.21,1,2,1,22,9
19352,2020,1,2020-07-30,SE,PALLEJA,Baix Llobregat,3,0,1,0,2,0,0,0,1,1,0,0,0,100.0,0.0,0,-1,No n'hi ha,-1.0,3,3,1,0,0,0,0,0,0,0,0,0,0,0,4,-1,-1,Caiguda en la via,-1,2,2,5,-1,2,1,18.13,1,0,3,30,7
19353,2020,0,2020-08-17,C-31,MONT-RAS,Baix Emporda,1,0,1,1,2,0,0,0,1,1,0,0,0,80.0,0.0,0,2,No n'hi ha,-1.0,3,3,1,0,0,0,0,0,0,0,0,0,0,0,4,-1,0,Encalç,-1,1,2,4,2,2,1,19.4,1,2,0,17,8
19354,2020,0,2020-09-07,C-35,SANT CELONI,Valles Oriental,3,1,0,1,2,0,0,0,1,1,0,0,0,100.0,0.0,0,-1,No n'hi ha,-1.0,3,3,0,0,0,0,0,0,0,0,0,0,0,0,4,-1,-1,Envestida (frontal lateral),-1,1,2,4,-1,2,1,8.57,0,2,0,7,9
19355,2020,0,2020-09-06,C-242,ULLDEMOLINS,Priorat,0,0,1,1,2,0,0,0,1,1,0,0,0,100.0,0.0,0,1,No n'hi ha,-1.0,3,3,1,0,0,0,0,0,0,0,0,0,0,0,4,-1,1,Col·lisió frontal,-1,1,2,4,2,2,0,11.26,0,2,6,6,9
19356,2020,1,2020-08-03,SE,MANRESA,Bages,3,0,1,1,2,0,0,0,0,2,0,0,0,100.0,0.0,0,2,No n'hi ha,-1.0,3,3,1,0,0,0,0,0,0,0,0,0,0,1,4,4,1,Envestida (frontal lateral),2,2,2,5,0,2,1,19.48,1,2,0,3,8
19357,2020,0,2020-06-25,GI-555,MASSANES,Selva,1,1,1,0,3,0,0,0,0,2,1,0,0,60.0,0.0,0,1,No n'hi ha,-1.0,3,3,0,0,0,0,0,0,0,0,0,0,0,0,4,-1,1,Col·lisió frontal,-1,1,2,4,3,2,1,13.11,0,2,3,25,6
19358,2020,1,2020-12-10,SE,TERRASSA,Valles Occidental,3,0,1,0,2,1,0,0,0,1,0,0,0,100.0,0.0,0,2,No n'hi ha,-1.0,3,3,1,0,0,0,0,0,0,0,0,0,0,0,4,-1,0,Atropellament,-1,2,2,5,-1,2,1,17.22,1,3,3,10,12
19359,2020,0,2020-07-03,AP-7,ULLDECONA,Montsia,0,1,0,0,4,0,0,0,1,2,0,1,0,100.0,1.0,0,2,No n'hi ha,-1.0,3,3,0,0,0,0,0,0,1,0,0,0,0,0,3,-1,1,Encalç,-1,1,2,4,1,2,0,23.03,2,2,4,3,7
19360,2020,1,2020-10-22,SE,TARRAGONA,Tarragones,0,0,1,1,3,2,0,0,0,1,0,0,0,100.0,0.0,0,2,No n'hi ha,-1.0,3,3,1,0,0,0,0,0,0,0,0,0,0,0,4,-1,0,Atropellament,-1,2,2,5,-1,2,1,8.0,0,3,3,22,10
19361,2020,1,2020-10-27,SE,JUNEDA,Garrigues,2,0,1,0,2,0,1,0,0,1,0,0,0,100.0,0.0,0,2,No n'hi ha,-1.0,3,3,1,0,0,0,0,0,0,0,0,0,0,0,5,-1,0,Xoc contra objecte/obstacle sense sortida prèvia de via,-1,2,3,5,-1,2,1,18.26,1,4,1,27,10
19362,2020,1,2020-12-31,SE,MOLLET DEL VALLES,Valles Oriental,3,0,1,0,2,1,0,0,0,1,0,0,0,100.0,0.0,0,2,No n'hi ha,-1.0,3,3,1,0,0,0,0,0,0,0,0,0,0,1,5,5,1,Atropellament,2,2,2,5,-1,2,1,18.1,1,3,3,31,12
19363,2020,1,2020-06-22,SE,BARCELONA,Barcelones,3,0,1,2,3,0,0,0,2,1,0,0,0,100.0,0.0,1,-1,No n'hi ha,-1.0,3,3,1,0,0,0,0,0,0,0,0,0,0,1,4,-1,0,Envestida (frontal lateral),2,2,2,5,-1,2,1,19.0,1,2,0,22,6
19364,2020,0,2020-05-28,TP-2039,"CATLLAR, EL",Tarragones,0,0,1,0,1,0,0,0,1,0,0,0,0,90.0,0.0,0,-1,Sense Especificar,-1.0,3,3,1,0,0,0,0,0,0,0,0,0,0,0,4,-1,-1,Resta sortides de via,-1,1,2,4,4,2,1,8.33,0,1,3,28,5
19365,2020,1,2020-11-26,SE,MANLLEU,Osona,3,0,1,0,2,1,0,0,0,1,0,0,0,20.0,0.0,0,-1,No n'hi ha,-1.0,3,3,1,-1,0,0,0,-1,0,0,0,0,-1,0,4,-1,0,Atropellament,-1,2,2,5,-1,2,1,12.0,0,3,3,26,11
19366,2020,1,2020-01-16,SE,PREMIA DE MAR,Maresme,3,0,1,0,2,1,0,0,1,0,0,0,0,40.0,0.0,0,2,No n'hi ha,-1.0,3,3,1,0,0,0,0,0,0,0,0,0,0,1,4,4,1,Atropellament,2,2,2,5,-1,2,1,9.1,0,3,3,16,1
19367,2020,1,2020-09-11,SE,COLLBATO,Baix Llobregat,3,1,0,0,1,0,0,0,1,0,0,0,0,30.0,0.0,0,2,No n'hi ha,-1.0,3,3,0,0,0,0,0,0,0,0,0,0,0,1,0,5,1,Resta sortides de via,2,2,2,5,-1,2,1,1.3,2,1,4,11,9
19368,2020,0,2020-08-06,BP-5107,SANT PERE DE VILAMAJOR,Valles Oriental,3,1,2,1,6,0,5,0,0,1,0,0,0,100.0,0.0,0,3,No n'hi ha,-1.0,3,3,0,0,0,0,0,0,0,0,0,0,0,0,1,-1,1,Col·lisió frontal,-1,1,2,4,3,2,1,20.53,1,2,3,6,8
19369,2020,1,2020-07-03,SE,VILANOVA D'ESCORNALBOU,Baix Camp,0,0,1,0,2,0,1,0,0,1,0,0,0,30.0,0.0,0,2,No n'hi ha,-1.0,3,3,1,0,0,0,0,0,0,0,0,0,0,1,4,5,1,Col·lisió frontal,1,0,2,4,0,2,0,19.09,1,2,4,3,7
19370,2020,1,2020-08-03,SE,OLOT,Garrotxa,1,0,1,0,1,0,1,0,0,0,0,0,0,100.0,0.0,0,2,No n'hi ha,-1.0,3,3,1,0,0,0,0,0,0,0,1,0,0,0,4,-1,1,Resta sortides de via,-1,2,0,5,4,2,1,19.46,1,1,0,3,8
19371,2020,0,2020-10-16,A-2,"BRUC, EL",Anoia,3,1,1,0,2,0,0,0,0,1,1,0,0,80.0,0.0,0,0,No n'hi ha,-1.0,3,3,0,0,0,0,0,0,0,0,0,0,0,0,5,-1,0,Encalç,-1,1,2,4,1,2,0,19.12,1,2,4,16,10
19372,2020,0,2020-07-06,T-322,MONT-ROIG DEL CAMP,Baix Camp,0,0,1,0,2,1,0,0,0,1,0,0,0,100.0,0.0,0,3,No n'hi ha,-1.0,3,3,1,0,0,0,0,0,0,0,0,0,0,0,4,-1,1,Atropellament,-1,1,2,4,0,2,1,13.5,0,3,0,6,7
19373,2020,1,2020-07-22,SE,BLANES,Selva,1,0,1,0,1,0,0,1,0,0,0,0,0,20.0,0.0,0,-1,No n'hi ha,-1.0,3,3,1,-1,-1,0,0,-1,0,0,0,0,0,0,4,-1,1,Caiguda en la via,-1,2,1,5,-1,2,1,16.5,1,0,2,22,7
19374,2020,0,2020-05-11,C-63,VIDRERES,Selva,1,0,1,0,1,0,0,0,0,1,0,0,0,90.0,0.0,0,-1,Sense Especificar,-1.0,3,3,1,0,0,0,0,0,0,0,0,0,0,0,4,-1,-1,Resta sortides de via,-1,1,2,4,4,2,1,11.41,0,1,0,11,5
19375,2020,1,2020-07-21,SE,TERRASSA,Valles Occidental,3,0,2,0,2,1,0,0,0,1,0,0,0,100.0,0.0,0,2,No n'hi ha,-1.0,3,3,1,0,0,0,0,0,0,0,0,0,0,0,4,-1,1,Atropellament,-1,2,2,5,0,2,1,17.35,1,3,1,21,7
19376,2020,1,2020-07-30,SE,FIGUERES,Alt Emporda,1,0,1,0,2,0,0,0,1,1,0,0,0,100.0,0.0,0,2,No n'hi ha,-1.0,3,3,1,0,0,0,0,0,0,0,0,0,0,0,4,-1,1,Envestida (frontal lateral),-1,2,2,5,-1,2,1,13.15,0,2,3,30,7
19377,2020,0,2020-07-03,TV-7044,MONTBLANC,Conca de Barbera,0,0,1,1,2,0,0,0,1,1,0,0,0,100.0,0.0,0,1,No n'hi ha,-1.0,3,3,1,0,0,0,0,0,0,0,0,0,0,0,4,-1,1,Col·lisió frontal,-1,1,2,4,3,2,0,17.36,1,2,4,3,7
19378,2020,0,2020-08-10,A-2,LLEIDA,Segria,2,1,0,0,2,0,0,0,0,1,1,0,0,100.0,0.0,0,2,Altres,-1.0,3,3,0,0,0,0,0,0,0,0,0,0,0,0,4,-1,0,Encalç,-1,1,2,4,1,2,1,6.45,0,2,0,10,8
19379,2020,1,2020-09-03,SE,VILADECAVALLS,Valles Occidental,3,0,1,0,2,0,0,1,0,1,0,0,0,100.0,0.0,0,2,No n'hi ha,-1.0,3,3,1,0,0,0,0,0,0,0,0,0,0,2,4,5,1,Envestida (frontal lateral),1,2,2,5,-1,2,1,12.55,0,2,3,3,9
19380,2020,1,2020-12-03,SE,CORNELLA DE LLOBREGAT,Baix Llobregat,3,0,1,0,1,0,0,0,0,0,1,0,0,30.0,0.0,0,-1,No n'hi ha,-1.0,3,3,1,0,0,0,0,0,0,0,0,0,0,0,4,-1,-1,Caiguda en la via,-1,2,2,5,-1,2,1,11.4,0,0,3,3,12
19381,2020,1,2020-02-27,SE,CORBERA DE LLOBREGAT,Baix Llobregat,3,0,1,0,2,0,0,1,0,1,0,0,0,20.0,0.0,0,-1,No n'hi ha,-1.0,3,3,1,-1,-1,0,0,-1,0,0,0,0,0,1,4,4,1,Fregament o col·lisió lateral,1,2,2,5,0,2,1,9.52,0,2,3,27,2
19382,2020,1,2020-05-21,SE,BARCELONA,Barcelones,3,0,1,0,2,0,0,0,1,1,0,0,0,100.0,0.0,1,-1,No n'hi ha,-1.0,3,3,1,0,0,0,0,0,0,0,0,0,0,1,0,-1,1,Envestida (frontal lateral),2,2,2,5,-1,2,1,6.07,0,2,3,21,5
19383,2020,0,2020-05-15,C-31E,MATARO,Maresme,3,1,0,0,1,0,0,0,1,0,0,0,0,100.0,0.0,0,-1,No n'hi ha,-1.0,3,3,0,0,0,0,0,0,0,0,0,0,0,0,4,-1,-1,Resta sortides de via,-1,1,2,4,-1,2,1,13.24,0,1,4,15,5
19384,2020,0,2020-10-27,CR,ARBECA,Garrigues,2,0,1,0,2,0,0,0,0,0,2,0,0,40.0,0.0,0,1,No n'hi ha,-1.0,3,3,1,0,0,0,0,0,0,0,0,0,0,0,4,-1,1,Envestida (frontal lateral),-1,1,2,3,0,2,1,12.57,0,2,1,27,10
19385,2020,1,2020-12-08,C-31,CALAFELL,Baix Penedes,0,0,1,0,3,0,1,0,0,2,0,0,0,80.0,0.0,0,2,No n'hi ha,-1.0,3,3,1,0,0,0,0,0,0,0,0,0,0,0,2,-1,1,Envestida (frontal lateral),-1,0,2,4,2,0,1,12.36,0,2,1,8,12
19386,2020,0,2020-11-26,N-340,SUBIRATS,Alt Penedes,3,0,2,1,3,0,0,0,0,2,1,0,0,80.0,0.0,0,2,No n'hi ha,-1.0,3,3,1,0,0,0,0,0,0,0,0,0,0,0,4,-1,1,Col·lisió frontal,-1,1,2,4,1,2,1,12.26,0,2,3,26,11
19387,2020,0,2020-07-01,T-301,TORTOSA,Baix Ebre,0,1,0,0,4,0,2,0,0,2,0,0,0,100.0,0.0,0,2,No n'hi ha,-1.0,3,3,0,0,0,0,0,0,0,0,0,0,0,0,3,-1,1,Col·lisió frontal,-1,1,2,4,3,2,1,22.28,2,2,2,1,7
19388,2020,1,2020-08-16,SE,CASTELL-PLATJA D'ARO,Baix Emporda,1,0,1,0,1,0,0,0,1,0,0,0,0,30.0,0.0,0,2,No n'hi ha,-1.0,3,3,1,0,0,0,0,0,0,0,0,0,0,0,5,-1,1,Caiguda en la via,-1,2,2,5,-1,2,0,5.15,2,0,6,16,8
19389,2020,0,2020-04-14,B-10,SANTA COLOMA DE GRAMANET,Barcelones,3,0,1,0,2,0,0,0,1,1,0,0,0,80.0,0.0,1,-1,No n'hi ha,-1.0,3,3,1,0,0,0,0,0,0,0,0,0,0,0,0,-1,0,Fregament o col·lisió lateral,-1,1,2,4,-1,2,1,5.45,2,2,1,14,4
19390,2020,0,2020-05-30,AP-7,SANTA PERPETUA DE MO,Valles Occidental,3,0,1,1,1,0,0,0,0,1,0,0,0,100.0,0.0,0,1,No n'hi ha,-1.0,3,3,1,0,0,0,0,0,0,0,0,0,0,0,4,-1,0,Resta sortides de via,-1,1,2,4,1,2,0,11.15,0,1,5,30,5
19391,2020,0,2020-11-09,B-24,PALLEJA,Baix Llobregat,3,0,1,0,1,0,0,0,1,0,0,0,0,90.0,0.0,0,-1,Sense Especificar,-1.0,3,3,1,0,0,0,0,0,0,0,0,0,0,0,4,-1,-1,Altres,-1,1,2,4,4,2,1,13.16,0,5,0,9,11
19392,2020,1,2020-07-18,SE,BARCELONA,Barcelones,3,0,1,0,2,0,0,0,1,1,0,0,0,100.0,0.0,1,-1,No n'hi ha,-1.0,3,3,1,0,0,0,0,0,0,0,0,0,0,1,0,-1,0,Fregament o col·lisió lateral,0,2,2,5,-1,2,0,21.5,1,2,5,18,7