,Year,Area,Date,Road,Municipality Name,County Name,Province Name,Fatalties,Serious Injuries,Light Injuries,Units Involved,Pedestrains Involved,Bicycles Involved,Mopeds Involved,Motorcycles,Light Vehicles Involved,Heavy Vehicles Involved,Other Units Involved,Unspecified Units Involved,Road Speed Limit,Accident with Hit and Run,Fog Presence,Surrounding Environment,Special Lane Presence,Special Traffic Measures,Weather Conditions,Special Road Functions,Severity of Accident,Influence of Fog,Influence of Environment,Influence of Traffic,Influence of Weather,Influence of Wind Intensity,Influence of Lighting,Influence of Special Measures,Influence of Road Objects,Influence of Road Surface,Influence of Visibility,Intersection Characteristics,Lighting Conditions,Traffic Regulation and Priority,Direction of Road,Subtype of Accident,Subtype of Road Section,Subzone within Area,Road Surface Conditions,Type of Road,Road Ownership,Wind Conditions,Day of the Week Grouping,Hour of Day,Time of Day Grouping,Type of Accident,Day Type,Day,Month
19393,2020,0,2020-08-19,BV-2425,CORBERA DE LLOBREGAT,Baix Llobregat,3,0,1,0,2,0,1,0,0,1,0,0,0,100.0,0.0,0,-1,No n'hi ha,-1.0,3,3,1,0,0,0,0,0,0,0,0,0,0,1,1,5,1,Col·lisió frontal,1,1,2,4,3,2,1,21.15,1,2,2,19,8
19394,2020,0,2020-09-13,N-141c,MOIA,Moianès,3,0,1,0,1,0,0,0,0,1,0,0,0,100.0,0.0,0,0,No n'hi ha,-1.0,3,3,1,0,0,0,0,0,0,0,0,0,0,0,1,-1,1,Resta sortides de via,-1,1,2,4,2,2,0,19.31,1,1,6,13,9
19395,2020,0,2020-10-07,N-260,ALP,Cerdanya,1,0,1,0,1,0,0,0,1,0,0,0,0,60.0,0.0,0,1,No n'hi ha,-1.0,3,3,1,0,0,0,0,0,0,0,0,0,0,0,4,-1,1,Resta sortides de via,-1,1,2,4,1,2,1,12.26,0,1,2,7,10
19396,2020,0,2020-08-30,SE,SORA,Osona,3,0,1,0,1,0,1,0,0,0,0,0,0,30.0,0.0,0,1,No n'hi ha,-1.0,3,3,1,0,0,0,0,0,0,0,0,0,0,0,4,-1,1,Caiguda en la via,-1,1,0,0,4,2,0,11.46,0,0,6,30,8
19397,2020,1,2020-09-03,SE,MANRESA,Bages,3,0,1,0,3,0,1,0,0,2,0,0,0,100.0,0.0,0,2,No n'hi ha,-1.0,3,3,1,0,0,0,0,0,0,0,0,0,0,0,4,-1,0,Envestida (frontal lateral),-1,2,2,5,-1,2,1,15.2,1,2,3,3,9
19398,2020,1,2020-12-12,SE,BARCELONA,Barcelones,3,0,3,0,2,0,0,1,1,0,0,0,0,30.0,0.0,1,-1,No n'hi ha,-1.0,3,3,1,0,0,0,0,0,0,0,0,0,0,1,0,-1,0,Envestida (frontal lateral),2,2,2,5,-1,2,0,21.4,1,2,5,12,12
19399,2020,1,2020-11-17,SE,SABADELL,Valles Occidental,3,1,0,0,2,0,0,0,1,1,0,0,0,100.0,0.0,0,-1,No n'hi ha,-1.0,3,3,0,0,0,0,0,0,0,0,0,0,0,0,4,-1,1,Altres,-1,2,2,5,-1,2,1,18.33,1,5,1,17,11
19400,2020,0,2020-08-13,N-340,VILAFRANCA DEL PENEDES,Alt Penedes,3,0,1,1,1,0,0,0,1,0,0,0,0,40.0,0.0,0,0,No n'hi ha,-1.0,3,3,1,0,0,0,0,0,0,0,0,0,0,2,4,4,1,Caiguda en la via,0,1,2,4,1,2,1,14.41,1,0,3,13,8
19401,2020,0,2020-06-28,C-59,"LLAGOSTA, LA",Valles Oriental,3,0,1,0,1,0,0,0,1,0,0,0,0,100.0,0.0,0,2,No n'hi ha,-1.0,3,3,1,0,0,0,0,0,0,0,0,0,0,0,4,-1,1,Caiguda en la via,-1,1,2,4,2,2,0,17.42,1,0,6,28,6
19402,2020,0,2020-07-31,A-2,ESPARREGUERA,Baix Llobregat,3,0,2,0,2,0,0,0,1,1,0,0,0,100.0,0.0,0,3,No n'hi ha,3.0,3,3,1,0,0,0,0,0,0,0,0,0,0,0,4,-1,0,Encalç,-1,1,2,4,1,2,1,10.19,0,2,4,31,7
19403,2020,0,2020-09-05,N-141e,BESCANO,Girones,1,0,1,0,2,0,0,0,1,1,0,0,0,50.0,0.0,0,1,No n'hi ha,-1.0,3,3,1,0,0,0,0,0,0,0,0,0,0,0,4,-1,1,Col·lisió frontal,-1,1,2,4,1,2,0,18.04,1,2,5,5,9
19404,2020,1,2020-08-11,B-522,VIC,Osona,3,0,1,0,2,1,0,0,0,1,0,0,0,100.0,0.0,0,2,No n'hi ha,-1.0,3,3,1,0,0,0,0,0,0,0,0,0,0,1,1,2,1,Atropellament,2,0,2,4,0,2,1,20.4,1,3,1,11,8
19405,2020,1,2020-09-24,SE,BADALONA,Barcelones,3,1,0,1,1,0,0,0,1,0,0,0,0,30.0,0.0,0,2,No n'hi ha,-1.0,3,3,0,-1,0,0,0,-1,0,0,0,0,-1,0,5,-1,1,Xoc contra objecte/obstacle sense sortida prèvia de via,-1,2,2,5,-1,2,1,21.0,1,4,3,24,9
19406,2020,0,2020-12-02,TP-2031,NULLES,Alt Camp,0,0,2,0,2,0,0,0,0,2,0,0,0,100.0,0.0,0,1,No n'hi ha,-1.0,3,3,1,0,0,0,0,0,0,0,0,0,0,0,4,-1,1,Col·lisió frontal,-1,1,2,4,3,2,1,15.15,1,2,2,2,12
19407,2020,1,2020-11-29,SE,VILANOVA I LA GELTRU,Garraf,3,0,1,0,1,0,0,0,1,0,0,0,0,100.0,0.0,0,-1,No n'hi ha,-1.0,3,3,1,0,0,0,0,0,0,0,0,0,0,0,4,-1,-1,Altres,-1,2,2,5,-1,2,0,21.45,1,5,6,29,11
19408,2020,0,2020-10-25,C-37,ODENA,Anoia,3,0,1,0,2,0,0,0,1,1,0,0,0,100.0,0.0,0,1,No n'hi ha,-1.0,3,3,1,0,0,0,0,0,0,0,0,0,0,0,4,-1,1,Col·lisió frontal,-1,1,2,4,2,2,0,9.37,0,2,6,25,10
19409,2020,0,2020-12-05,N-340,SANTA MARGARIDA I ELS MONJOS,Alt Penedes,3,1,0,0,2,0,0,0,0,1,1,0,0,100.0,0.0,0,2,No n'hi ha,-1.0,3,3,0,0,0,0,0,0,0,0,0,0,0,0,4,-1,1,Col·lisió frontal,-1,1,2,4,1,2,0,16.11,1,2,5,5,12
19410,2020,0,2020-12-13,C-1412b,ISONA I CONCA DELLA,Pallars Jussa,2,0,1,0,1,0,0,0,0,1,0,0,0,100.0,0.0,0,1,No n'hi ha,-1.0,3,3,1,0,0,0,0,0,0,0,0,0,0,0,4,-1,1,Resta sortides de via,-1,1,2,4,2,2,0,23.37,2,1,6,13,12
19411,2020,1,2020-12-29,SE,VILA-SECA,Tarragones,0,0,1,1,2,0,0,0,0,2,0,0,0,100.0,0.0,0,2,No n'hi ha,-1.0,3,3,1,0,0,0,0,0,0,0,0,0,0,1,4,4,1,Envestida (frontal lateral),2,2,2,5,-1,2,1,14.53,1,2,1,29,12
19412,2020,1,2020-10-31,SE,TERRASSA,Valles Occidental,3,0,1,1,2,0,0,1,0,1,0,0,0,100.0,0.0,0,2,No n'hi ha,-1.0,3,3,1,0,0,0,0,0,0,0,0,0,0,1,5,4,0,Envestida (frontal lateral),2,2,2,5,-1,2,0,19.12,1,2,5,31,10
19413,2020,1,2020-11-17,SE,VILANOVA I LA GELTRU,Garraf,3,0,1,0,2,0,0,1,0,1,0,0,0,100.0,0.0,0,2,No n'hi ha,-1.0,3,3,1,0,0,0,0,0,0,0,0,0,0,1,4,4,1,Envestida (frontal lateral),1,2,2,5,-1,2,1,17.3,1,2,1,17,11
19414,2020,1,2020-11-19,TP-2402,"BISBAL DEL PENEDES, LA",Baix Penedes,0,0,1,0,2,0,0,0,1,0,0,1,0,100.0,0.0,0,2,No n'hi ha,-1.0,3,3,1,0,0,0,0,0,0,0,0,0,0,1,4,4,1,Envestida (frontal lateral),1,0,2,4,3,2,1,8.12,0,2,3,19,11
19415,2020,1,2020-12-29,SE,VILASSAR DE MAR,Maresme,3,0,1,0,1,0,0,1,0,0,0,0,0,20.0,0.0,0,-1,No n'hi ha,-1.0,3,3,1,-1,0,0,0,-1,0,0,0,0,0,0,4,-1,0,Caiguda en la via,-1,2,2,5,0,2,1,15.15,1,0,1,29,12
19416,2020,1,2020-11-24,SE,BARCELONA,Barcelones,3,0,1,0,1,0,0,0,1,0,0,0,0,100.0,0.0,1,-1,Carril bus,-1.0,3,3,1,0,0,0,0,0,0,0,0,0,0,0,0,-1,0,Xoc contra objecte/obstacle sense sortida prèvia de via,-1,2,2,5,-1,2,1,20.3,1,4,1,24,11
19417,2020,1,2020-03-04,SE,BADALONA,Barcelones,3,1,0,0,2,1,0,0,0,0,1,0,0,20.0,0.0,0,2,No n'hi ha,-1.0,3,3,0,-1,1,0,0,-1,0,0,0,0,1,1,4,5,0,Atropellament,1,2,2,5,-1,2,1,13.18,0,3,2,4,3
19418,2020,1,2020-04-06,SE,BARCELONA,Barcelones,3,0,1,0,2,0,0,0,1,1,0,0,0,100.0,0.0,1,-1,No n'hi ha,-1.0,3,3,1,0,0,0,0,0,0,0,0,0,0,0,4,-1,1,Caiguda en la via,-1,2,2,5,-1,2,1,14.3,1,0,0,6,4
19419,2020,1,2020-01-31,SE,BARCELONA,Barcelones,3,0,1,0,2,0,0,0,1,1,0,0,0,100.0,0.0,1,-1,Carril bus,-1.0,3,3,1,0,0,0,0,0,0,0,0,0,0,0,4,-1,0,Envestida (frontal lateral),-1,2,2,5,-1,2,1,10.0,0,2,4,31,1
19420,2020,0,2020-02-03,B-10,BARCELONA,Barcelones,3,0,1,0,2,0,0,0,1,1,0,0,0,100.0,0.0,1,-1,No n'hi ha,-1.0,3,3,1,0,0,0,0,0,0,0,0,0,0,0,0,-1,0,Fregament o col·lisió lateral,-1,1,2,4,-1,2,1,6.5,0,2,0,3,2
19421,2020,1,2020-02-15,SE,TORTOSA,Baix Ebre,0,0,1,1,3,2,0,0,0,1,0,0,0,100.0,1.0,0,2,Altres,-1.0,3,3,1,0,0,0,0,0,0,0,0,0,0,0,5,-1,1,Atropellament,-1,2,2,5,-1,2,0,4.15,2,3,5,15,2
19422,2020,0,2020-01-24,N-141c,CALDERS,Moianès,3,1,0,2,2,0,0,0,0,2,0,0,0,100.0,0.0,0,2,No n'hi ha,-1.0,3,3,0,0,0,0,0,0,0,0,0,0,0,0,4,-1,1,Col·lisió frontal,-1,1,2,4,1,2,0,15.15,1,2,4,24,1
19423,2020,1,2020-01-28,SE,NAVARCLES,Bages,3,0,1,0,2,1,0,0,0,0,1,0,0,100.0,0.0,0,2,No n'hi ha,-1.0,3,3,1,0,0,0,0,0,0,0,0,0,0,2,4,4,1,Atropellament,1,2,2,5,0,2,1,15.33,1,3,1,28,1
19424,2020,1,2020-01-01,SE,MOIA,Moianès,3,0,1,0,1,0,0,0,1,0,0,0,0,20.0,0.0,0,-1,Sense Especificar,-1.0,3,1,1,0,0,0,0,0,0,0,0,0,0,0,4,-1,-1,Altres,-1,2,2,5,4,2,1,19.51,1,5,2,1,1
19425,2020,0,2020-01-29,N-420,FALSET,Priorat,0,1,0,0,1,0,0,0,0,1,0,0,0,100.0,0.0,0,0,No n'hi ha,-1.0,3,3,0,0,0,0,0,0,0,0,0,0,0,0,3,-1,1,Resta sortides de via,-1,1,2,4,1,2,1,18.52,1,1,2,29,1
19426,2020,1,2020-02-02,C-55,MONISTROL DE MONTSER,Bages,3,0,1,0,2,1,0,0,0,1,0,0,0,100.0,0.0,0,2,No n'hi ha,-1.0,3,3,1,0,0,0,0,0,0,0,0,0,0,0,4,-1,0,Atropellament,-1,0,2,4,2,2,0,12.13,0,3,6,2,2
19427,2020,0,2020-01-25,CR,VILA-SANA,Pla d'Urgell,2,0,1,1,1,0,0,0,1,0,0,0,0,100.0,0.0,0,2,No n'hi ha,-1.0,3,3,1,0,0,0,0,0,0,0,0,0,0,1,4,4,1,Caiguda en la via,0,1,2,3,0,2,0,12.35,0,0,5,25,1
19428,2020,0,2020-02-09,TV-3408,SANT CARLES DE LA RAPITA,Montsia,0,0,1,0,2,1,0,0,0,1,0,0,0,100.0,1.0,0,2,No n'hi ha,-1.0,3,3,1,0,0,0,0,0,0,0,0,0,0,0,3,-1,1,Atropellament,-1,1,2,4,2,2,0,6.0,0,3,6,9,2
19429,2020,1,2020-02-17,SE,VILANOVA I LA GELTRU,Garraf,3,0,1,0,2,0,0,0,1,1,0,0,0,100.0,0.0,0,-1,No n'hi ha,-1.0,3,3,1,0,0,0,0,0,0,0,0,0,0,0,4,-1,-1,Altres,-1,2,2,5,-1,2,1,20.55,1,5,0,17,2
19430,2020,1,2020-04-23,SE,BARCELONA,Barcelones,3,1,0,2,3,0,0,1,0,1,1,0,0,100.0,0.0,1,-1,Carril bus,-1.0,3,3,0,0,0,0,0,0,0,0,0,0,0,1,4,-1,0,Envestida (frontal lateral),2,2,2,5,-1,2,1,10.45,0,2,3,23,4
19431,2020,1,2020-01-14,SE,BANYOLES,Pla de l'Estany,1,0,1,0,2,1,0,0,0,1,0,0,0,100.0,0.0,0,-1,No n'hi ha,-1.0,3,3,1,0,0,0,0,0,0,0,0,0,0,0,4,-1,-1,Atropellament,-1,2,2,5,-1,2,1,11.56,0,3,1,14,1
19432,2020,1,2020-02-11,LL-11,"ALAMUS, ELS",Segria,2,1,0,0,2,0,0,0,1,1,0,0,0,100.0,0.0,0,-1,No n'hi ha,-1.0,3,3,0,0,0,0,0,0,0,0,0,0,0,0,4,-1,-1,Caiguda en la via,-1,0,2,1,-1,2,1,16.3,1,0,1,11,2
19433,2020,1,2020-01-06,SE,LLEIDA,Segria,2,0,1,0,2,0,0,0,1,1,0,0,0,20.0,0.0,0,1,No n'hi ha,-1.0,3,3,1,-1,0,0,0,-1,0,0,0,0,-1,1,4,3,1,Envestida (frontal lateral),2,2,2,5,-1,2,1,12.15,0,2,0,6,1
19434,2020,1,2020-01-29,SE,PALAU DE PLEGAMANS,Valles Occidental,3,0,1,0,2,0,0,0,1,1,0,0,0,100.0,0.0,0,2,No n'hi ha,-1.0,3,3,1,0,0,0,0,0,0,0,0,0,0,0,4,-1,1,Encalç,-1,2,2,5,-1,2,1,15.5,1,2,2,29,1
19435,2020,1,2020-01-30,BV-2002,SANTA COLOMA DE CERV,Baix Llobregat,3,0,1,0,2,1,0,0,0,1,0,0,0,50.0,0.0,0,2,No n'hi ha,-1.0,3,3,1,0,0,0,0,0,0,0,0,0,0,0,3,-1,1,Atropellament,-1,0,2,4,3,2,1,20.24,1,3,3,30,1
19436,2020,1,2020-04-28,SE,TERRASSA,Valles Occidental,3,0,1,0,2,1,0,0,0,1,0,0,0,30.0,0.0,0,2,No n'hi ha,-1.0,3,3,1,0,1,0,0,0,0,0,0,0,0,2,4,2,0,Atropellament,2,2,2,5,-1,2,1,11.5,0,3,1,28,4
19437,2020,1,2020-02-01,SE,LLORET DE MAR,Selva,1,1,0,0,1,0,1,0,0,0,0,0,0,30.0,0.0,0,2,No n'hi ha,-1.0,3,3,0,0,0,0,0,0,0,0,0,0,0,2,5,5,0,Xoc contra objecte/obstacle sense sortida prèvia de via,1,2,2,5,-1,2,0,3.3,2,4,5,1,2
19438,2020,1,2020-02-06,SE,SABADELL,Valles Occidental,3,0,1,0,2,0,0,0,1,1,0,0,0,100.0,0.0,0,-1,No n'hi ha,-1.0,3,3,1,0,0,0,0,0,0,0,0,0,0,0,4,-1,-1,Envestida (frontal lateral),-1,2,2,5,-1,2,1,11.3,0,2,3,6,2
19439,2020,1,2020-02-18,SE,TARRAGONA,Tarragones,0,0,1,0,2,0,0,0,1,1,0,0,0,20.0,,0,2,No n'hi ha,-1.0,3,3,1,-1,0,0,0,-1,0,0,0,0,0,1,5,4,0,Caiguda en la via,1,2,2,5,-1,2,1,21.25,1,0,1,18,2
19440,2020,1,2020-03-15,SE,SANTA COLOMA DE GRAMANET,Barcelones,3,0,1,0,2,1,0,0,0,1,0,0,0,20.0,0.0,0,-1,Sense Especificar,-1.0,3,3,1,0,0,0,0,0,0,0,0,0,0,0,4,-1,-1,Atropellament,-1,2,2,5,-1,2,0,15.35,1,3,6,15,3
19441,2020,1,2020-03-10,SE,CERDANYOLA DEL VALLES,Valles Occidental,3,1,0,1,2,0,0,0,1,1,0,0,0,50.0,0.0,0,2,No n'hi ha,-1.0,3,3,0,0,0,0,0,0,0,0,0,0,0,1,5,5,1,Envestida (frontal lateral),1,0,2,5,1,2,1,19.05,1,2,1,10,3
19442,2020,0,2020-03-01,C-55,CARDONA,Bages,3,0,1,0,2,0,0,0,1,1,0,0,0,60.0,0.0,0,2,No n'hi ha,-1.0,3,3,1,0,0,0,0,0,0,0,0,0,0,1,4,4,1,Col·lisió frontal,1,1,2,4,2,2,0,12.55,0,2,6,1,3
19443,2020,1,2020-01-17,SE,BARCELONA,Barcelones,3,0,1,1,2,0,0,0,2,0,0,0,0,100.0,0.0,1,-1,No n'hi ha,-1.0,3,3,1,0,0,0,0,0,0,0,0,0,0,1,0,-1,0,Envestida (frontal lateral),2,2,2,5,-1,2,0,21.3,1,2,4,17,1
19444,2020,0,2020-01-28,B-20,BARCELONA,Barcelones,3,0,1,0,2,0,0,0,1,1,0,0,0,80.0,0.0,1,-1,No n'hi ha,-1.0,3,3,1,0,0,0,0,0,0,0,0,0,0,0,0,-1,1,Encalç,-1,1,2,4,-1,2,1,20.3,1,2,1,28,1
19445,2020,0,2020-02-06,N-260,BOLVIR,Cerdanya,1,0,1,0,2,0,0,0,0,2,0,0,0,100.0,0.0,0,1,No n'hi ha,-1.0,3,3,1,0,0,0,0,0,0,0,0,0,0,0,3,-1,1,Fregament o col·lisió lateral,-1,1,2,4,1,2,1,18.59,1,2,3,6,2
19446,2020,1,2020-01-19,SE,RIPOLLET,Valles Occidental,3,0,1,0,2,1,0,0,0,1,0,0,0,20.0,,0,-1,No n'hi ha,-1.0,3,3,1,0,-1,0,0,0,0,0,0,0,0,0,4,-1,-1,Caiguda en la via,-1,2,2,5,-1,2,0,8.2,0,0,6,19,1
19447,2020,1,2020-02-01,SE,SANT SADURNI D'ANOIA,Alt Penedes,3,0,1,0,2,1,0,0,0,1,0,0,0,20.0,0.0,0,-1,Sense Especificar,-1.0,3,3,1,0,0,0,0,0,0,0,0,0,0,0,5,-1,1,Atropellament,-1,2,2,5,-1,2,0,21.3,1,3,5,1,2
19448,2020,0,2020-02-20,B-10,BARCELONA,Barcelones,3,1,0,0,3,0,0,0,1,1,1,0,0,80.0,0.0,1,-1,No n'hi ha,-1.0,3,3,0,0,0,0,0,0,0,0,0,0,0,0,1,-1,0,Fregament o col·lisió lateral,-1,1,2,4,-1,2,1,6.5,0,2,3,20,2
19449,2020,1,2020-01-08,SE,BARCELONA,Barcelones,3,0,2,0,2,0,0,0,2,0,0,0,0,100.0,0.0,1,-1,No n'hi ha,-1.0,3,3,1,0,0,0,0,0,0,0,0,0,0,1,4,-1,0,Envestida (frontal lateral),2,2,2,5,-1,2,1,15.1,1,2,2,8,1
19450,2020,1,2020-03-09,SE,VILANOVA I LA GELTRU,Garraf,3,0,1,1,2,0,0,0,0,2,0,0,0,100.0,0.0,0,-1,No n'hi ha,-1.0,3,3,1,0,0,0,0,0,0,0,0,0,0,0,4,-1,-1,Envestida (frontal lateral),-1,2,2,5,-1,2,1,13.35,0,2,0,9,3
19451,2020,0,2020-03-06,L-303,"PLANS DE SIO, ELS",Segarra,2,0,2,0,1,0,0,0,0,1,0,0,0,100.0,0.0,0,0,No n'hi ha,-1.0,3,3,1,0,0,0,0,0,0,0,0,0,0,0,3,-1,1,Resta sortides de via,-1,1,2,4,3,2,0,23.46,2,1,4,6,3
19452,2020,1,2020-02-21,N-260,MONTELLA I MARTINET,Cerdanya,2,0,1,0,2,0,0,0,0,2,0,0,0,50.0,0.0,0,2,No n'hi ha,-1.0,3,3,1,0,0,0,0,0,0,0,0,0,0,0,4,-1,1,Xoc contra objecte/obstacle sense sortida prèvia de via,-1,0,2,4,1,2,1,11.13,0,4,4,21,2
19453,2020,0,2020-03-01,BP-1101,SANT SALVADOR DE GUARDIA,Bages,3,0,1,1,1,0,0,0,0,1,0,0,0,100.0,0.0,0,2,No n'hi ha,-1.0,3,3,1,0,0,0,0,0,0,0,0,0,0,0,3,-1,1,Resta sortides de via,-1,1,2,4,3,2,0,21.19,1,1,6,1,3
19454,2020,1,2020-02-17,SE,BARCELONA,Barcelones,3,0,1,0,2,0,0,0,1,1,0,0,0,100.0,0.0,1,-1,No n'hi ha,-1.0,3,3,1,0,0,0,0,0,0,0,0,0,0,1,4,-1,0,Caiguda en la via,1,2,2,5,-1,2,1,13.5,0,0,0,17,2
19455,2020,1,2020-03-06,SE,BADALONA,Barcelones,3,2,0,0,3,0,0,0,1,2,0,0,0,20.0,0.0,0,2,No n'hi ha,-1.0,3,3,0,-1,0,0,0,-1,0,0,0,0,0,1,1,3,1,Col·lisió frontal,2,2,2,5,-1,2,0,20.35,1,2,4,6,3
19456,2020,1,2020-03-09,SE,SABADELL,Valles Occidental,3,0,1,0,2,1,0,0,0,1,0,0,0,100.0,0.0,0,-1,No n'hi ha,-1.0,3,3,1,0,0,0,0,0,0,0,0,0,0,0,4,-1,-1,Atropellament,-1,2,2,5,-1,2,1,9.4,0,3,0,9,3
19457,2020,0,2020-02-01,GI-502,DARNIUS,Alt Emporda,1,0,1,0,1,0,0,0,0,1,0,0,0,90.0,0.0,0,-1,Sense Especificar,-1.0,3,3,1,0,0,0,0,0,0,0,0,0,0,0,4,-1,-1,Resta sortides de via,-1,1,2,4,4,2,0,21.1,1,1,5,1,2
19458,2020,1,2020-01-28,SE,BARCELONA,Barcelones,3,0,1,1,2,0,0,0,1,1,0,0,0,100.0,0.0,1,-1,Carril central,-1.0,3,3,1,0,0,0,0,0,0,0,0,0,0,1,0,-1,1,Envestida (frontal lateral),3,2,2,5,-1,2,1,21.2,1,2,1,28,1
19459,2020,1,2020-09-28,SE,BARCELONA,Barcelones,3,0,1,0,2,1,0,0,0,0,1,0,0,100.0,0.0,1,-1,Carril bus,-1.0,3,3,1,0,0,0,0,0,0,0,0,0,0,1,4,-1,1,Atropellament,1,2,2,5,-1,2,1,14.5,1,3,0,28,9
19460,2020,1,2020-10-30,SE,LLEIDA,Segria,2,0,1,0,2,1,0,0,1,0,0,0,0,20.0,0.0,0,2,No n'hi ha,-1.0,3,3,1,-1,0,0,0,-1,0,0,0,0,-1,0,4,-1,0,Atropellament,-1,2,2,5,-1,2,0,16.45,1,3,4,30,10
19461,2020,1,2020-10-15,BV-5001,SANTA COLOMA DE GRAMANET,Barcelones,3,0,1,0,2,1,0,0,0,1,0,0,0,90.0,0.0,0,-1,No n'hi ha,-1.0,3,3,1,0,-1,0,0,0,0,0,0,0,0,0,4,-1,-1,Atropellament,-1,0,2,4,-1,2,1,12.48,0,3,3,15,10
19462,2020,0,2020-04-03,T-301,TORTOSA,Baix Ebre,0,0,1,0,1,0,0,0,0,1,0,0,0,100.0,0.0,0,2,No n'hi ha,-1.0,3,3,1,0,0,0,0,0,0,0,0,0,0,0,1,-1,1,Resta sortides de via,-1,1,2,4,3,2,0,21.2,1,1,4,3,4
19463,2020,1,2020-10-01,SE,HOSPITALET DE LLOBREGAT,Barcelones,3,0,1,0,2,0,0,0,1,0,1,0,0,20.0,0.0,0,-1,No n'hi ha,-1.0,3,3,1,-1,-1,0,0,-1,0,0,0,0,-1,1,4,3,-1,Envestida (frontal lateral),2,2,2,5,-1,2,1,15.54,1,2,3,1,10
19464,2020,1,2020-05-07,GI-682,BLANES,Selva,1,0,1,0,2,1,0,0,0,1,0,0,0,100.0,0.0,0,-1,No n'hi ha,-1.0,3,3,1,0,0,0,0,0,0,0,0,0,0,0,4,-1,1,Atropellament,-1,0,2,4,0,2,1,16.56,1,3,3,7,5
19465,2020,1,2020-07-12,N-II,SANT JULIA DE RAMIS,Girones,1,0,1,0,2,0,0,0,1,1,0,0,0,50.0,0.0,0,2,No n'hi ha,-1.0,3,3,1,0,0,0,0,0,0,0,0,0,0,0,2,-1,1,Encalç,-1,0,2,4,1,2,0,17.22,1,2,6,12,7
19466,2020,1,2020-08-12,SE,BARCELONA,Barcelones,3,0,1,0,2,0,0,0,1,1,0,0,0,100.0,0.0,1,-1,No n'hi ha,-1.0,3,3,1,0,0,0,0,0,0,0,0,0,0,1,0,-1,1,Envestida (frontal lateral),2,2,2,5,-1,2,1,22.32,2,2,2,12,8
19467,2020,1,2020-10-13,SE,VILANOVA I LA GELTRU,Garraf,3,0,1,0,2,1,0,0,0,1,0,0,0,100.0,0.0,0,-1,No n'hi ha,-1.0,3,3,1,0,0,0,0,0,0,0,0,0,0,0,4,-1,-1,Atropellament,-1,2,2,5,-1,2,1,12.0,0,3,1,13,10
19468,2020,0,2020-07-26,BP-2121,TORRELLES DE FOIX,Alt Penedes,3,0,1,0,1,0,0,0,1,0,0,0,0,90.0,0.0,0,-1,Sense Especificar,-1.0,3,3,1,0,0,0,0,0,0,0,0,0,0,0,4,-1,-1,Altres,-1,1,2,4,4,2,0,14.22,1,5,6,26,7
19469,2020,1,2020-10-02,N-230,LLEIDA,Segria,2,0,1,0,1,0,0,1,0,0,0,0,0,90.0,0.0,0,-1,Sense Especificar,-1.0,3,3,1,0,0,0,0,0,0,0,0,0,0,1,4,4,-1,Resta sortides de via,0,0,2,4,4,2,0,15.17,1,1,4,2,10
19470,2020,0,2020-08-17,C-462,NAVES,Solsones,2,0,1,0,1,0,0,0,1,0,0,0,0,90.0,0.0,0,-1,Sense Especificar,-1.0,3,3,1,0,0,0,0,0,0,0,0,0,0,0,4,-1,-1,Resta sortides de via,-1,1,2,4,4,2,1,19.49,1,1,0,17,8
19471,2020,0,2020-07-23,N-141e,BESCANO,Girones,1,1,0,1,3,0,0,0,0,2,1,0,0,50.0,0.0,0,1,No n'hi ha,-1.0,3,3,0,0,0,0,0,0,0,0,0,0,0,0,4,-1,1,Altres,-1,1,2,4,2,2,1,18.3,1,5,3,23,7
19472,2020,1,2020-08-30,SE,CASTELLVI DE ROSANES,Baix Llobregat,3,0,1,0,1,0,1,0,0,0,0,0,0,20.0,0.0,0,-1,Sense Especificar,-1.0,3,3,1,0,0,0,0,0,0,0,0,0,0,0,4,-1,-1,Altres,-1,2,2,5,-1,2,0,11.41,0,5,6,30,8
19473,2020,0,2020-04-06,LP-7041,MASSALCOREIG,Segria,2,0,1,0,1,0,0,0,1,0,0,0,0,100.0,0.0,0,2,No n'hi ha,-1.0,3,3,1,0,0,0,0,0,0,0,1,0,0,0,3,-1,1,Caiguda en la via,-1,1,2,4,2,2,1,23.31,2,0,0,6,4
19474,2020,0,2020-04-07,CR,VINAIXA,Garrigues,2,1,0,0,1,0,0,0,0,0,1,0,0,100.0,0.0,0,1,No n'hi ha,-1.0,3,3,0,0,0,0,0,0,0,1,0,0,0,0,2,-1,1,Resta sortides de via,-1,1,2,3,3,2,1,15.24,1,1,1,7,4
19475,2020,0,2020-06-06,SE,CASSERRES,Bergueda,3,0,1,0,2,0,0,0,1,1,0,0,0,50.0,0.0,0,1,No n'hi ha,-1.0,3,3,1,0,0,0,0,0,0,0,0,0,0,0,4,-1,1,Col·lisió frontal,-1,1,2,0,-1,2,0,11.45,0,2,5,6,6
19476,2020,0,2020-05-13,B-124,SABADELL,Valles Occidental,3,0,1,0,2,0,0,0,2,0,0,0,0,100.0,0.0,0,1,No n'hi ha,-1.0,3,3,1,0,0,0,0,0,0,0,0,0,0,2,3,5,1,Encalç,3,1,2,4,2,2,1,21.4,1,2,2,13,5