,Year,Area,Date,Road,Municipality Name,County Name,Province Name,Fatalties,Serious Injuries,Light Injuries,Units Involved,Pedestrains Involved,Bicycles Involved,Mopeds Involved,Motorcycles,Light Vehicles Involved,Heavy Vehicles Involved,Other Units Involved,Unspecified Units Involved,Road Speed Limit,Accident with Hit and Run,Fog Presence,Surrounding Environment,Special Lane Presence,Special Traffic Measures,Weather Conditions,Special Road Functions,Severity of Accident,Influence of Fog,Influence of Environment,Influence of Traffic,Influence of Weather,Influence of Wind Intensity,Influence of Lighting,Influence of Special Measures,Influence of Road Objects,Influence of Road Surface,Influence of Visibility,Intersection Characteristics,Lighting Conditions,Traffic Regulation and Priority,Direction of Road,Subtype of Accident,Subtype of Road Section,Subzone within Area,Road Surface Conditions,Type of Road,Road Ownership,Wind Conditions,Day of the Week Grouping,Hour of Day,Time of Day Grouping,Type of Accident,Day Type,Day,Month
19477,2020,0,2020-05-28,SE,NAVES,Solsones,2,0,1,1,2,0,2,0,0,0,0,0,0,100.0,0.0,0,1,No n'hi ha,-1.0,3,3,1,0,0,0,0,0,0,0,0,0,0,0,4,-1,1,Altres,-1,1,2,0,0,2,1,20.49,1,5,3,28,5
19478,2020,0,2020-07-01,GI-555,SILS,Selva,1,0,1,0,1,0,0,0,0,1,0,0,0,100.0,0.0,0,2,No n'hi ha,-1.0,3,3,1,0,0,0,0,0,0,0,0,0,0,0,4,-1,1,Resta sortides de via,-1,1,2,4,3,2,1,15.03,1,1,2,1,7
19479,2020,0,2020-05-31,C-242,ALFORJA,Baix Camp,0,0,1,0,2,0,0,0,1,1,0,0,0,100.0,0.0,0,1,No n'hi ha,-1.0,3,3,1,0,0,0,0,0,0,0,0,0,0,0,4,-1,1,Fregament o col·lisió lateral,-1,1,2,4,2,2,0,11.52,0,2,6,31,5
19480,2020,0,2020-06-20,SE,OSOR,Selva,1,0,1,0,1,0,0,0,1,0,0,0,0,100.0,0.0,0,3,No n'hi ha,-1.0,1,3,1,0,0,0,0,0,0,0,0,0,0,0,4,-1,1,Resta sortides de via,-1,1,0,0,0,2,0,17.2,1,1,5,20,6
19481,2020,1,2020-08-01,SE,TARRAGONA,Tarragones,0,0,1,0,1,0,0,0,1,0,0,0,0,100.0,0.0,0,2,No n'hi ha,-1.0,3,3,1,0,0,0,0,0,0,0,0,0,0,0,5,-1,1,Caiguda en la via,-1,2,2,5,-1,2,0,0.29,2,0,5,1,8
19482,2020,1,2020-06-23,SE,RUBI,Valles Occidental,3,0,1,0,2,0,1,0,0,1,0,0,0,100.0,0.0,0,-1,No n'hi ha,-1.0,3,3,1,0,0,0,0,0,0,0,0,0,0,0,4,-1,-1,Altres,-1,2,2,5,-1,2,1,14.3,1,5,1,23,6
19483,2020,1,2020-06-06,SE,PREMIA DE MAR,Maresme,3,0,1,0,1,0,0,0,1,0,0,0,0,100.0,0.0,0,2,No n'hi ha,-1.0,3,3,1,0,0,0,0,0,0,0,0,0,0,0,5,-1,1,Resta sortides de via,-1,2,2,5,0,2,0,0.3,2,1,5,6,6
19484,2020,1,2020-07-03,SE,GIRONA,Girones,1,0,1,0,1,0,0,0,0,0,0,1,0,20.0,0.0,0,-1,Sense Especificar,-1.0,3,3,1,0,0,0,0,0,0,0,0,0,0,1,4,4,-1,Resta sortides de via,0,2,2,5,-1,2,1,12.3,0,1,4,3,7
19485,2020,0,2020-07-18,N-141,BOSSOST,Val d'Aran,2,0,1,0,2,0,1,0,0,1,0,0,0,100.0,0.0,0,1,No n'hi ha,-1.0,3,3,1,0,0,0,0,0,0,0,0,0,0,0,4,-1,1,Envestida (frontal lateral),-1,1,2,4,1,2,0,11.58,0,2,5,18,7
19486,2020,1,2020-06-14,SE,SABADELL,Valles Occidental,3,0,1,2,2,0,0,0,1,1,0,0,0,100.0,0.0,0,2,No n'hi ha,-1.0,3,3,1,0,0,0,0,0,0,0,0,0,0,0,4,-1,1,Encalç,-1,2,2,5,0,2,0,12.33,0,2,6,14,6
19487,2020,1,2020-06-24,SE,ALCANAR,Montsia,0,0,1,0,1,0,0,1,0,0,0,0,0,100.0,0.0,0,1,No n'hi ha,-1.0,3,3,1,0,0,0,0,0,0,0,0,0,0,0,4,-1,1,Caiguda en la via,-1,2,0,5,-1,2,1,17.3,1,0,2,24,6
19488,2020,1,2020-07-22,SE,CERDANYOLA DEL VALLES,Valles Occidental,3,0,2,0,3,2,0,0,0,1,0,0,0,30.0,0.0,0,1,No n'hi ha,-1.0,3,3,1,0,0,0,0,0,0,0,0,0,0,0,4,-1,1,Sortida de via amb atropellament,-1,2,2,5,-1,2,1,15.06,1,1,2,22,7
19489,2020,1,2020-07-11,SE,VILANOVA I LA GELTRU,Garraf,3,0,1,0,2,1,0,0,0,1,0,0,0,100.0,0.0,0,-1,No n'hi ha,-1.0,3,3,1,0,0,0,0,0,0,0,0,0,0,0,4,-1,-1,Atropellament,-1,2,2,5,-1,2,0,15.4,1,3,5,11,7
19490,2020,1,2020-09-14,SE,GIRONA,Girones,1,0,1,0,2,1,0,0,0,1,0,0,0,30.0,0.0,0,2,No n'hi ha,-1.0,3,3,1,0,0,0,0,0,0,0,0,0,0,0,4,-1,1,Atropellament,-1,2,2,5,-1,2,1,9.03,0,3,0,14,9
19491,2020,0,2020-06-27,C-153,SANTA MARIA DE CORCO,Osona,3,0,2,0,2,0,2,0,0,0,0,0,0,90.0,0.0,0,-1,Sense Especificar,-1.0,3,3,1,0,0,0,0,0,0,0,0,0,0,2,4,4,-1,Encalç,1,1,2,4,4,2,0,10.55,0,2,5,27,6
19492,2020,0,2020-07-25,C-243C,TERRASSA,Valles Occidental,3,0,2,2,2,0,0,0,0,2,0,0,0,80.0,0.0,0,1,No n'hi ha,-1.0,3,3,1,0,0,0,0,0,0,0,0,0,0,0,4,-1,1,Col·lisió frontal,-1,1,2,4,2,2,0,12.08,0,2,5,25,7
19493,2020,1,2020-08-05,SE,SANT FELIU DE LLOBREGAT,Baix Llobregat,3,0,1,0,2,1,0,0,1,0,0,0,0,50.0,0.0,0,2,No n'hi ha,-1.0,3,3,1,0,0,0,0,0,0,0,0,0,0,0,1,-1,1,Atropellament,-1,2,2,5,-1,2,1,6.21,0,3,2,5,8
19494,2020,1,2020-08-06,SE,SABADELL,Valles Occidental,3,0,1,0,2,0,0,0,1,1,0,0,0,100.0,0.0,0,2,No n'hi ha,-1.0,3,3,1,0,0,0,0,0,0,0,0,0,0,1,4,5,1,Col·lisió frontal,2,2,2,5,-1,2,1,8.3,0,2,3,6,8
19495,2020,0,2020-06-24,GI-550,ARBUCIES,Selva,1,0,2,0,3,0,0,0,2,1,0,0,0,100.0,0.0,0,1,No n'hi ha,-1.0,3,3,1,0,0,0,0,0,0,0,0,0,0,0,4,-1,1,Col·lisió frontal,-1,1,2,4,2,2,1,12.14,0,2,2,24,6
19496,2020,1,2020-09-02,SE,HOSPITALET DE LLOBREGAT,Barcelones,3,0,1,0,2,0,1,0,0,1,0,0,0,20.0,0.0,0,-1,No n'hi ha,-1.0,3,3,1,0,-1,0,0,0,0,0,0,0,0,1,1,4,-1,Envestida (frontal lateral),2,2,2,5,-1,2,1,19.3,1,2,2,2,9
19497,2020,1,2020-08-31,SE,TERRASSA,Valles Occidental,3,0,1,0,3,0,0,0,1,2,0,0,0,100.0,0.0,0,2,No n'hi ha,-1.0,3,3,1,0,0,0,0,0,0,0,0,0,0,1,4,4,0,Envestida (frontal lateral),2,2,2,5,-1,2,1,15.3,1,2,0,31,8
19498,2020,1,2020-06-20,SE,CASTELL-PLATJA D'ARO,Baix Emporda,1,0,1,0,2,1,0,0,0,1,0,0,0,100.0,1.0,0,2,No n'hi ha,-1.0,3,3,1,0,0,0,0,0,0,0,0,0,0,2,4,4,1,Atropellament,0,2,2,5,-1,2,0,19.45,1,3,5,20,6
19499,2020,1,2020-07-11,SE,BADALONA,Barcelones,3,0,1,1,2,0,0,0,1,1,0,0,0,100.0,0.0,0,2,No n'hi ha,-1.0,3,3,1,0,0,0,0,0,0,0,0,0,0,1,4,3,-1,Envestida (frontal lateral),2,2,2,5,-1,2,0,20.3,1,2,5,11,7
19500,2020,1,2020-07-20,SE,GAVA,Baix Llobregat,3,1,1,0,3,2,0,0,0,1,0,0,0,40.0,0.0,0,2,No n'hi ha,-1.0,3,3,0,0,0,0,0,0,0,0,0,0,0,0,4,-1,1,Atropellament,-1,2,2,5,-1,2,1,9.27,0,3,0,20,7
19501,2020,0,2020-07-18,C-58,BADIA DEL VALLES,Valles Occidental,3,2,1,0,2,0,0,0,0,2,0,0,0,100.0,0.0,0,-1,No n'hi ha,-1.0,3,3,0,0,0,0,0,0,0,0,0,0,0,0,4,-1,-1,Col·lisió frontal,-1,1,2,4,-1,2,0,6.04,0,2,5,18,7
19502,2020,0,2020-09-20,C-35,CARDEDEU,Valles Oriental,3,1,0,1,2,0,0,0,0,2,0,0,0,100.0,0.0,0,-1,No n'hi ha,-1.0,3,3,0,0,0,0,0,0,0,0,0,0,0,0,4,-1,-1,Col·lisió frontal,-1,1,2,4,-1,2,0,12.25,0,2,6,20,9
19503,2020,0,2020-08-02,BV-4241,BERGA,Bergueda,3,0,1,0,2,0,0,0,1,1,0,0,0,100.0,0.0,0,3,No n'hi ha,-1.0,3,3,1,0,0,0,0,0,0,0,0,0,0,1,4,4,1,Encalç,1,1,2,4,3,2,0,18.19,1,2,6,2,8
19504,2020,0,2020-08-03,GIV-6121,"PORT DE LA SELVA, EL",Alt Emporda,1,0,1,1,2,0,0,0,1,1,0,0,0,90.0,0.0,0,-1,Sense Especificar,-1.0,3,3,1,0,0,0,0,0,0,0,0,0,0,0,4,-1,-1,Fregament o col·lisió lateral,-1,1,2,4,4,2,1,12.52,0,2,0,3,8
19505,2020,0,2020-08-10,-GIP 6543.00,PALAFRUGELL,Baix Emporda,1,0,1,0,1,0,0,0,1,0,0,0,0,90.0,0.0,0,-1,Sense Especificar,-1.0,3,3,1,0,0,0,0,0,0,0,0,0,0,0,4,-1,-1,Resta sortides de via,-1,1,2,4,4,2,1,3.5,2,1,0,10,8
19506,2020,1,2020-09-07,SE,REUS,Baix Camp,0,0,1,0,2,1,0,0,0,1,0,0,0,100.0,0.0,0,-1,No n'hi ha,-1.0,3,3,1,0,0,0,0,0,0,0,0,0,0,0,4,-1,-1,Envestida (frontal lateral),-1,2,2,5,-1,2,1,22.3,2,2,0,7,9
19507,2020,0,2020-06-22,C-55,MANRESA,Bages,3,0,1,0,2,0,0,0,1,1,0,0,0,100.0,0.0,0,2,No n'hi ha,-1.0,3,3,1,0,0,1,0,0,0,0,0,0,0,0,4,-1,1,Encalç,-1,1,2,4,2,2,1,19.36,1,2,0,22,6
19508,2020,0,2020-09-24,N-340,"ARBO?, L'",Baix Penedes,0,0,1,1,5,0,0,0,0,5,0,0,0,90.0,0.0,0,-1,Sense Especificar,-1.0,3,3,1,0,0,0,0,0,0,0,0,0,0,0,4,-1,-1,Altres,-1,1,2,4,4,2,1,11.48,0,5,3,24,9
19509,2020,1,2020-06-29,SE,HOSPITALET DE LLOBREGAT,Barcelones,3,0,1,1,2,1,0,0,1,0,0,0,0,20.0,0.0,0,-1,Carril acceleració,-1.0,3,3,1,-1,0,0,0,-1,0,0,0,0,-1,0,4,-1,0,Atropellament,-1,2,2,5,-1,2,1,18.3,1,3,0,29,6
19510,2020,0,2020-05-23,C-241C,SANT MARTI DE TOUS,Anoia,3,0,1,0,1,0,0,0,0,1,0,0,0,50.0,0.0,0,2,No n'hi ha,-1.0,3,3,1,0,0,0,0,0,0,0,0,0,0,0,4,-1,1,Resta sortides de via,-1,1,2,4,2,2,0,8.34,0,1,5,23,5
19511,2020,1,2020-07-12,SE,LLORET DE MAR,Selva,1,0,1,0,2,0,1,0,0,1,0,0,0,100.0,0.0,0,2,No n'hi ha,-1.0,3,3,1,0,0,0,0,0,0,0,0,0,0,1,4,2,1,Fregament o col·lisió lateral,1,2,2,5,-1,2,0,17.23,1,2,6,12,7
19512,2020,0,2020-05-11,C-12,TIVISSA,Ribera d'Ebre,0,0,1,1,1,0,0,0,1,0,0,0,0,90.0,0.0,0,-1,Sense Especificar,-1.0,3,3,1,0,0,0,0,0,0,0,0,0,0,0,4,-1,-1,Resta sortides de via,-1,1,2,4,4,2,1,17.03,1,1,0,11,5
19513,2020,0,2020-12-06,CR,AVINYONET DEL PENEDES,Alt Penedes,3,0,1,0,1,0,0,0,1,0,0,0,0,15.0,0.0,0,2,No n'hi ha,-1.0,3,3,1,0,0,0,0,0,0,0,0,0,0,2,4,5,1,Caiguda en la via,1,1,0,3,0,2,0,9.49,0,0,6,6,12
19514,2020,1,2020-10-10,SE,ARENYS DE MAR,Maresme,3,0,1,0,2,0,0,0,1,1,0,0,0,100.0,0.0,0,-1,No n'hi ha,-1.0,3,3,1,0,0,0,0,0,0,0,0,0,0,0,4,-1,-1,Envestida (frontal lateral),-1,2,2,5,-1,2,0,9.17,0,2,5,10,10
19515,2020,0,2020-12-25,C-66,"PERA, LA",Baix Emporda,1,0,1,0,1,0,1,0,0,0,0,0,0,90.0,0.0,0,-1,Sense Especificar,-1.0,3,3,1,0,0,0,0,0,0,0,0,0,0,0,4,-1,-1,Altres,-1,1,2,4,4,2,1,13.06,0,5,4,25,12
19516,2020,1,2020-04-16,SE,BARCELONA,Barcelones,3,0,1,0,2,0,0,0,1,1,0,0,0,100.0,0.0,1,-1,No n'hi ha,-1.0,3,3,1,0,0,0,0,0,0,0,0,0,0,1,4,-1,1,Caiguda en la via,1,2,2,5,-1,2,1,16.15,1,0,3,16,4
19517,2020,1,2020-06-05,SE,BARCELONA,Barcelones,3,0,1,0,2,1,0,0,1,0,0,0,0,100.0,0.0,1,-1,No n'hi ha,-1.0,3,3,1,0,0,0,0,0,0,0,0,0,0,1,4,-1,0,Atropellament,1,2,2,5,-1,2,0,19.3,1,3,4,5,6
19518,2020,1,2020-11-12,SE,"VENDRELL, EL",Baix Penedes,0,0,1,0,3,0,0,0,0,2,0,1,0,40.0,0.0,0,-1,No n'hi ha,-1.0,3,3,1,-1,-1,0,0,-1,0,0,0,0,-1,1,4,4,1,Envestida (frontal lateral),2,2,2,5,-1,2,1,9.23,0,2,3,12,11
19519,2020,0,2020-09-14,C-62,SANTA MARIA DE MERLE,Bergueda,3,1,2,2,2,0,0,0,0,2,0,0,0,60.0,0.0,0,2,No n'hi ha,-1.0,3,3,0,0,0,0,0,0,0,0,0,0,0,0,1,-1,1,Col·lisió frontal,-1,1,2,4,2,2,1,7.07,0,2,0,14,9
19520,2020,1,2020-12-08,SE,BARCELONA,Barcelones,3,1,1,0,2,1,0,0,1,0,0,0,0,50.0,0.0,1,-1,No n'hi ha,-1.0,3,3,0,0,0,0,0,0,0,0,0,0,0,0,4,-1,0,Atropellament,-1,2,2,5,-1,2,1,17.1,1,3,1,8,12
19521,2020,0,2020-10-20,C-12,MAIALS,Segria,2,0,1,0,1,0,0,0,0,1,0,0,0,90.0,0.0,0,-1,Sense Especificar,-1.0,3,3,1,0,0,0,0,0,0,0,0,0,0,0,4,-1,-1,Resta sortides de via,-1,1,2,4,4,2,1,18.05,1,1,1,20,10
19522,2020,0,2020-07-25,B-20,BARCELONA,Barcelones,3,1,0,0,2,0,0,0,1,1,0,0,0,60.0,0.0,1,-1,Carril acceleració,-1.0,3,3,0,0,0,0,0,0,0,0,0,0,0,0,0,-1,1,Encalç,-1,1,2,4,-1,2,0,21.5,1,2,5,25,7
19523,2020,0,2020-09-19,N-340,CASTELLET I LA GORNA,Alt Penedes,3,0,3,1,2,0,0,0,0,2,0,0,0,100.0,0.0,0,2,No n'hi ha,-1.0,3,3,1,0,0,0,0,0,0,0,0,0,0,0,4,-1,1,Col·lisió frontal,-1,1,2,4,1,2,0,14.0,1,2,5,19,9
19524,2020,0,2020-07-26,GI-550,SANT HILARI SACALM,Selva,1,0,1,0,1,0,1,0,0,0,0,0,0,90.0,0.0,0,-1,Sense Especificar,-1.0,3,3,1,0,0,0,0,0,0,0,0,0,0,0,4,-1,-1,Altres,-1,1,2,4,4,2,0,10.43,0,5,6,26,7
19525,2020,1,2020-10-08,SE,LLICA D'AMUNT,Valles Oriental,3,0,1,0,2,0,0,0,1,1,0,0,0,40.0,0.0,0,-1,No n'hi ha,-1.0,3,3,1,-1,0,0,0,-1,0,0,0,0,0,0,4,-1,1,Envestida (frontal lateral),-1,2,2,5,-1,2,1,11.41,0,2,3,8,10
19526,2020,0,2020-11-27,L-303,PUIGVERD D'AGRAMUNT,Urgell,2,0,1,0,2,0,0,0,0,2,0,0,0,90.0,0.0,0,-1,Sense Especificar,-1.0,3,3,1,0,0,0,0,0,0,0,0,0,0,1,4,4,-1,Envestida (frontal lateral),2,1,2,4,4,2,1,14.54,1,2,4,27,11
19527,2020,1,2020-09-10,SE,VILAFRANCA DEL PENEDES,Alt Penedes,3,0,1,0,2,1,0,0,0,1,0,0,0,100.0,0.0,0,2,No n'hi ha,,2,3,1,0,0,0,1,0,0,0,0,0,0,0,2,-1,1,Atropellament,-1,2,1,5,-1,0,1,18.27,1,3,3,10,9
19528,2020,0,2020-10-18,BP-1121,MARGANELL,Bages,3,0,1,0,1,0,1,0,0,0,0,0,0,100.0,0.0,0,1,No n'hi ha,-1.0,3,3,1,0,0,0,0,0,0,0,0,0,0,0,4,-1,1,Caiguda en la via,-1,1,2,4,3,2,0,16.38,1,0,6,18,10
19529,2020,1,2020-09-03,SE,CALONGE,Baix Emporda,1,0,1,0,2,0,0,0,1,1,0,0,0,100.0,0.0,0,2,No n'hi ha,-1.0,3,3,1,0,0,0,0,0,0,0,0,0,0,1,4,4,1,Envestida (frontal lateral),2,2,2,5,-1,2,1,16.5,1,2,3,3,9
19530,2020,0,2020-05-20,C-13,CAMARASA,Noguera,2,0,1,0,1,0,0,0,1,0,0,0,0,90.0,0.0,0,-1,Sense Especificar,-1.0,3,3,1,0,0,0,0,0,0,0,0,0,0,0,4,-1,-1,Resta sortides de via,-1,1,2,4,4,2,1,19.14,1,1,2,20,5
19531,2020,1,2020-12-10,SE,TARRAGONA,Tarragones,0,0,1,0,2,0,0,0,1,1,0,0,0,100.0,0.0,0,2,No n'hi ha,-1.0,3,3,1,0,0,0,0,0,0,0,0,0,0,1,4,4,0,Envestida (frontal lateral),1,2,2,5,-1,2,1,15.3,1,2,3,10,12
19532,2020,1,2020-07-24,SE,BADALONA,Barcelones,3,0,1,0,2,0,1,0,0,1,0,0,0,20.0,0.0,0,2,No n'hi ha,-1.0,3,3,1,-1,0,0,0,-1,0,0,0,0,1,0,4,-1,-1,Envestida (frontal lateral),-1,2,2,5,-1,2,0,17.5,1,2,4,24,7
19533,2020,1,2020-11-02,SE,BARCELONA,Barcelones,3,0,1,0,2,0,0,0,1,1,0,0,0,100.0,0.0,1,-1,No n'hi ha,-1.0,3,3,1,0,0,0,0,0,0,0,0,0,0,0,4,-1,0,Caiguda en la via,-1,2,2,5,-1,2,1,8.0,0,0,0,2,11
19534,2020,0,2020-11-02,BP-1101,"BRUC, EL",Anoia,3,0,1,4,3,0,0,0,2,1,0,0,0,40.0,0.0,0,1,No n'hi ha,-1.0,3,3,1,0,0,0,0,0,0,0,0,0,0,0,2,-1,1,Col·lisió frontal,-1,1,2,4,3,2,1,17.07,1,2,0,2,11
19535,2020,0,2020-08-16,C-17,GURB,Osona,3,0,1,0,1,0,0,0,0,1,0,0,0,100.0,0.0,0,2,No n'hi ha,-1.0,3,3,1,0,0,0,0,0,0,0,0,0,0,0,4,-1,0,Resta sortides de via,-1,1,2,4,2,2,0,7.14,0,1,6,16,8
19536,2020,0,2020-05-31,A-22,LLEIDA,Segria,2,0,1,0,1,0,0,0,1,0,0,0,0,90.0,0.0,0,-1,Sense Especificar,-1.0,3,3,1,0,0,0,0,0,0,0,0,0,0,0,4,-1,-1,Resta sortides de via,-1,1,2,4,4,2,0,17.16,1,1,6,31,5
19537,2020,0,2020-08-24,C-31,HOSPITALET DE LLOBREGAT,Barcelones,3,0,1,0,2,0,0,0,1,1,0,0,0,90.0,0.0,0,2,No n'hi ha,-1.0,3,3,1,0,0,0,0,0,0,0,0,0,0,0,4,-1,1,Encalç,-1,1,2,4,2,2,1,10.21,0,2,0,24,8
19538,2020,1,2020-08-05,SE,OLESA DE MONTSERRAT,Baix Llobregat,3,0,1,0,3,2,0,0,0,1,0,0,0,20.0,0.0,0,-1,No n'hi ha,-1.0,3,3,1,0,-1,0,0,0,0,0,0,0,0,1,4,5,-1,Atropellament,1,2,2,5,-1,2,1,10.2,0,3,2,5,8
19539,2020,1,2020-10-04,BV-5122,FOGARS DE TORDERA,Selva,3,0,1,0,1,0,0,0,0,1,0,0,0,100.0,0.0,0,2,No n'hi ha,-1.0,3,3,1,0,0,0,0,0,0,0,0,0,0,0,0,-1,1,Resta sortides de via,-1,0,2,4,3,2,0,2.3,2,1,6,4,10
19540,2020,0,2020-10-03,CR,ALOS DE BALAGUER,Noguera,2,0,1,1,1,0,0,0,0,1,0,0,0,100.0,0.0,0,0,No n'hi ha,-1.0,3,3,1,0,0,0,0,0,0,0,0,0,0,0,3,-1,1,Resta sortides de via,-1,1,5,3,0,2,0,2.19,2,1,5,3,10
19541,2020,1,2020-10-17,SE,SANT SADURNI D'ANOIA,Alt Penedes,3,0,1,0,2,1,0,0,0,1,0,0,0,100.0,0.0,0,2,No n'hi ha,-1.0,3,3,1,0,0,0,0,0,0,0,0,0,0,2,4,2,0,Atropellament,1,2,2,5,-1,2,0,17.3,1,3,5,17,10
19542,2020,1,2020-08-12,SE,CALONGE,Baix Emporda,1,0,1,0,2,0,1,0,0,1,0,0,0,50.0,0.0,0,1,No n'hi ha,-1.0,3,3,1,0,0,0,0,0,0,0,0,0,0,1,4,3,1,Caiguda en la via,2,2,2,5,-1,2,1,13.05,0,0,2,12,8
19543,2020,0,2020-08-01,TP-2442,SANT JAUME DELS DOMENYS,Baix Penedes,0,1,0,1,2,0,0,0,1,1,0,0,0,100.0,0.0,0,1,No n'hi ha,-1.0,3,3,0,0,0,0,0,0,0,0,0,0,0,0,4,-1,1,Caiguda en la via,-1,1,2,4,3,2,0,16.0,1,0,5,1,8
19544,2020,0,2020-08-02,B-124,CASTELLAR DEL VALLES,Valles Occidental,3,0,1,0,1,0,0,0,1,0,0,0,0,90.0,0.0,0,-1,Sense Especificar,-1.0,3,3,1,0,0,0,0,0,0,0,0,0,0,0,4,-1,-1,Altres,-1,1,2,4,4,2,0,15.36,1,5,6,2,8
19545,2020,1,2020-10-01,SE,BARCELONA,Barcelones,3,0,1,0,2,1,0,0,0,0,1,0,0,30.0,0.0,1,-1,Carril bus,-1.0,3,3,1,0,0,0,0,0,0,0,0,0,0,0,0,-1,1,Atropellament,-1,2,2,5,-1,2,1,20.01,1,3,3,1,10
19546,2020,0,2020-09-20,B-124,CASTELLAR DEL VALLES,Valles Occidental,3,0,1,2,3,0,0,0,2,1,0,0,0,100.0,0.0,0,3,No n'hi ha,-1.0,3,3,1,0,0,0,0,0,0,0,0,0,0,0,4,-1,1,Col·lisió frontal,-1,1,2,4,3,2,0,8.48,0,2,6,20,9
19547,2020,0,2020-09-30,C-153a,"VALL DE BIANYA, LA",Garrotxa,1,0,1,0,1,0,0,0,0,0,1,0,0,100.0,0.0,0,1,No n'hi ha,-1.0,3,3,1,0,0,0,0,0,0,0,0,0,0,0,4,-1,1,Resta sortides de via,-1,1,2,4,2,2,1,8.3,0,1,2,30,9
19548,2020,0,2020-11-11,C-1412a,COPONS,Anoia,3,1,0,0,1,0,0,0,0,1,0,0,0,100.0,0.0,0,1,No n'hi ha,-1.0,3,3,0,1,1,0,0,0,0,0,0,0,0,0,4,-1,1,Resta sortides de via,-1,1,2,4,0,2,1,10.0,0,1,2,11,11
19549,2020,0,2020-08-31,C-37z,MANRESA,Bages,3,0,2,4,4,0,0,0,0,4,0,0,0,50.0,0.0,0,0,No n'hi ha,-1.0,3,3,1,0,0,0,0,0,0,0,0,0,0,0,5,-1,1,Col·lisió frontal,-1,1,2,4,3,2,1,23.1,2,2,0,31,8
19550,2020,1,2020-10-13,SE,BARCELONA,Barcelones,3,0,1,1,2,0,0,0,1,1,0,0,0,100.0,0.0,1,-1,No n'hi ha,-1.0,3,3,1,0,0,0,0,0,0,0,0,0,0,0,0,-1,1,Fregament o col·lisió lateral,-1,2,2,5,-1,2,1,2.1,2,2,1,13,10
19551,2020,1,2020-12-20,SE,BARCELONA,Barcelones,3,0,1,0,2,0,0,0,1,1,0,0,0,30.0,0.0,1,-1,No n'hi ha,-1.0,3,3,1,0,0,0,0,0,0,0,0,0,0,1,0,-1,1,Envestida (frontal lateral),1,2,2,5,-1,2,0,21.39,1,2,6,20,12
19552,2020,0,2020-11-30,AP-7,SANTA PERPETUA DE MO,Valles Occidental,3,0,1,0,2,0,0,0,1,1,0,0,0,100.0,0.0,0,3,No n'hi ha,3.0,3,3,1,0,0,0,0,0,0,0,0,0,0,0,3,-1,0,Caiguda en la via,-1,1,2,4,1,2,1,21.52,1,0,0,30,11
19553,2020,1,2020-09-17,SE,BARCELONA,Barcelones,3,0,2,0,2,0,0,0,2,0,0,0,0,100.0,0.0,1,-1,Carril bus,-1.0,3,3,1,0,0,0,0,0,0,0,0,0,0,1,0,-1,1,Fregament o col·lisió lateral,2,2,2,5,-1,2,1,21.4,1,2,3,17,9
19554,2020,0,2020-12-08,N-230b,PA?LS,Baix Ebre,0,0,1,0,1,0,0,0,1,0,0,0,0,90.0,0.0,0,-1,Sense Especificar,-1.0,3,3,1,0,0,0,0,0,0,0,0,0,0,0,4,-1,-1,Resta sortides de via,-1,1,2,4,4,2,1,11.56,0,1,1,8,12
19555,2020,1,2020-11-05,SE,CERDANYOLA DEL VALLES,Valles Occidental,3,0,1,0,2,1,0,0,0,1,0,0,0,100.0,0.0,0,1,No n'hi ha,-1.0,3,3,1,0,0,0,0,0,0,0,0,0,0,0,4,-1,1,Atropellament,-1,2,2,5,-1,2,1,11.32,0,3,3,5,11
19556,2020,1,2020-12-07,SE,SANT ADRIA DE BESOS,Barcelones,3,0,1,0,2,1,0,0,0,1,0,0,0,30.0,0.0,0,2,No n'hi ha,-1.0,3,3,1,0,0,0,0,0,0,0,0,0,0,2,5,3,0,Atropellament,1,2,2,5,-1,2,1,20.34,1,3,0,7,12
19557,2020,0,2020-10-24,C-241d,"PILES, LES",Conca de Barbera,0,0,1,1,2,0,0,0,1,0,1,0,0,100.0,1.0,0,3,No n'hi ha,-1.0,3,3,1,0,0,0,0,0,0,0,0,0,0,2,4,2,1,Resta sortides de via,2,1,2,4,2,2,0,10.31,0,1,5,24,10
19558,2020,1,2020-11-10,SE,BARCELONA,Barcelones,3,0,1,0,3,0,0,0,3,0,0,0,0,100.0,0.0,1,-1,No n'hi ha,-1.0,3,3,1,0,0,0,0,0,0,0,0,0,0,0,4,-1,1,Envestida (frontal lateral),-1,2,2,5,-1,2,1,15.0,1,2,1,10,11
19559,2020,0,2020-10-24,N-II,SANT JULIA DE RAMIS,Girones,1,0,4,0,3,0,0,0,3,0,0,0,0,60.0,0.0,0,2,No n'hi ha,-1.0,3,3,1,0,0,0,0,0,0,0,0,0,0,1,4,4,1,Envestida (frontal lateral),1,1,2,4,1,2,0,10.33,0,2,5,24,10
19560,2020,0,2020-10-08,AP-7,"ROCA DEL VALLES, LA",Valles Oriental,3,0,1,0,3,0,0,0,0,1,2,0,0,100.0,0.0,0,3,No n'hi ha,-1.0,3,3,1,0,0,0,0,0,0,0,0,0,0,2,4,2,0,Encalç,3,1,2,4,1,2,1,17.06,1,2,3,8,10
19561,2020,1,2020-11-29,SE,BARCELONA,Barcelones,3,0,1,0,2,0,0,0,1,1,0,0,0,100.0,1.0,1,-1,No n'hi ha,-1.0,3,3,1,0,0,0,0,0,0,0,0,0,0,0,0,-1,0,Fregament o col·lisió lateral,-1,2,2,5,-1,2,0,21.48,1,2,6,29,11