,Year,Area,Date,Road,Municipality Name,County Name,Province Name,Fatalties,Serious Injuries,Light Injuries,Units Involved,Pedestrains Involved,Bicycles Involved,Mopeds Involved,Motorcycles,Light Vehicles Involved,Heavy Vehicles Involved,Other Units Involved,Unspecified Units Involved,Road Speed Limit,Accident with Hit and Run,Fog Presence,Surrounding Environment,Special Lane Presence,Special Traffic Measures,Weather Conditions,Special Road Functions,Severity of Accident,Influence of Fog,Influence of Environment,Influence of Traffic,Influence of Weather,Influence of Wind Intensity,Influence of Lighting,Influence of Special Measures,Influence of Road Objects,Influence of Road Surface,Influence of Visibility,Intersection Characteristics,Lighting Conditions,Traffic Regulation and Priority,Direction of Road,Subtype of Accident,Subtype of Road Section,Subzone within Area,Road Surface Conditions,Type of Road,Road Ownership,Wind Conditions,Day of the Week Grouping,Hour of Day,Time of Day Grouping,Type of Accident,Day Type,Day,Month
19729,2021,1,2021-11-25,SE,BARCELONA,Barcelones,3,0,1,0,3,0,0,0,1,1,1,0,0,100.0,0.0,1,-1,Carril bus,-1.0,3,3,1,0,0,0,0,0,0,0,0,0,0,0,0,-1,1,Encalç,-1,2,2,5,-1,2,1,19.5,1,2,3,25,11
19730,2021,1,2021-03-12,SE,LLEIDA,Segria,2,0,1,0,2,1,0,0,0,0,0,1,0,20.0,0.0,0,-1,No n'hi ha,-1.0,3,3,1,-1,0,0,0,0,0,0,0,0,-1,1,5,5,0,Atropellament,2,2,2,5,-1,0,0,20.51,1,3,4,12,3
19731,2021,1,2021-11-06,SE,BADALONA,Barcelones,3,0,1,1,3,2,0,0,0,1,0,0,0,20.0,1.0,0,-1,No n'hi ha,-1.0,3,3,1,-1,0,0,0,-1,0,0,0,0,0,0,1,-1,1,Atropellament,-1,2,2,5,-1,2,0,7.03,0,3,5,6,11
19732,2021,1,2021-08-29,N-II,CALELLA,Maresme,3,0,1,1,2,0,0,0,1,1,0,0,0,100.0,0.0,0,-1,No n'hi ha,-1.0,3,3,1,0,0,0,0,0,0,0,0,0,0,0,4,-1,-1,Altres,-1,0,2,4,-1,2,0,19.03,1,5,6,29,8
19733,2021,0,2021-10-18,A-2,CASTELLBISBAL,Valles Occidental,3,1,0,0,2,0,0,0,1,0,1,0,0,100.0,1.0,0,2,Carril acceleració,-1.0,3,3,0,0,0,0,0,0,0,0,0,0,0,1,4,4,0,Fregament o col·lisió lateral,3,1,2,4,1,2,1,8.21,0,2,0,18,10
19734,2021,0,2021-11-23,AP-7,RODA DE BARA,Tarragones,0,0,1,1,2,0,0,0,0,1,1,0,0,100.0,0.0,0,0,No n'hi ha,-1.0,3,3,1,0,1,0,0,0,0,0,0,0,0,0,2,-1,0,Altres,-1,1,2,4,1,2,1,12.51,0,5,1,23,11
19735,2021,0,2021-09-02,C-233,"GRANADELLA, LA",Garrigues,2,0,1,1,1,0,0,0,0,1,0,0,0,90.0,0.0,0,-1,Sense Especificar,-1.0,3,3,1,0,0,0,0,0,0,0,0,0,0,0,4,-1,-1,Resta sortides de via,-1,1,2,4,4,2,1,13.39,0,1,3,2,9
19736,2021,1,2021-05-09,SE,CABANELLES,Alt Emporda,1,0,1,0,1,0,1,0,0,0,0,0,0,20.0,0.0,0,-1,Sense Especificar,-1.0,3,3,1,0,0,0,0,0,0,0,0,0,0,0,4,-1,-1,Altres,-1,2,2,5,-1,2,0,10.11,0,5,6,9,5
19737,2021,0,2021-01-24,N-260,LLANCA,Alt Emporda,1,0,1,1,1,0,0,0,0,1,0,0,0,90.0,0.0,0,-1,Sense Especificar,-1.0,3,3,1,0,0,0,0,0,0,0,0,0,0,0,4,-1,-1,Resta sortides de via,-1,1,2,4,4,2,0,12.07,0,1,6,24,1
19738,2021,0,2021-08-26,CR,BOLVIR,Cerdanya,1,0,1,0,2,0,0,0,1,1,0,0,0,40.0,0.0,0,2,No n'hi ha,-1.0,3,3,1,0,0,0,0,0,0,0,0,0,0,1,4,5,1,Envestida (frontal lateral),1,1,2,3,0,2,1,13.21,0,2,3,26,8
19739,2021,1,2021-11-18,SE,"VENDRELL, EL",Baix Penedes,0,0,1,0,2,1,0,0,0,1,0,0,0,30.0,0.0,0,-1,No n'hi ha,-1.0,3,3,1,-1,-1,0,0,-1,1,0,0,0,1,0,4,-1,1,Atropellament,-1,2,2,5,-1,2,1,9.02,0,3,3,18,11
19740,2021,1,2021-02-20,SE,CALAFELL,Baix Penedes,0,0,1,0,1,0,0,0,0,0,0,1,0,20.0,0.0,0,2,No n'hi ha,-1.0,3,3,1,-1,0,0,0,-1,0,0,0,0,-1,0,4,-1,0,Caiguda en la via,-1,2,2,5,-1,2,0,9.3,0,0,5,20,2
19741,2021,0,2021-08-04,N-II,GIRONA,Girones,1,1,0,0,3,1,0,0,0,2,0,0,0,100.0,0.0,0,1,Carril lent,-1.0,3,3,0,0,0,0,0,0,0,0,0,0,0,0,3,-1,1,Atropellament,-1,1,2,4,1,2,1,22.1,2,3,2,4,8
19742,2021,1,2021-04-21,SE,MALGRAT DE MAR,Maresme,3,0,1,0,2,0,0,1,0,1,0,0,0,30.0,0.0,0,2,No n'hi ha,-1.0,3,3,1,0,1,0,0,0,0,0,0,0,0,1,4,4,0,Fregament o col·lisió lateral,2,2,2,5,-1,2,1,14.58,1,2,2,21,4
19743,2021,1,2021-04-15,SE,BARCELONA,Barcelones,3,0,1,1,3,0,0,0,2,1,0,0,0,100.0,0.0,1,-1,Carril bus,-1.0,3,3,1,0,0,0,0,0,0,0,0,0,0,0,4,-1,1,Encalç,-1,2,2,5,-1,2,1,18.15,1,2,3,15,4
19744,2021,1,2021-12-16,SE,BARCELONA,Barcelones,3,0,1,0,2,0,0,0,1,1,0,0,0,100.0,0.0,1,-1,No n'hi ha,-1.0,3,3,1,0,0,0,0,0,0,0,0,0,0,1,0,-1,1,Encalç,2,2,2,5,-1,2,1,21.1,1,2,3,16,12
19745,2021,1,2021-01-07,SE,REUS,Baix Camp,0,0,1,0,2,0,0,0,0,1,0,1,0,100.0,0.0,0,-1,No n'hi ha,-1.0,3,3,1,0,0,0,0,0,0,0,0,0,1,0,4,-1,-1,Fregament o col·lisió lateral,-1,2,2,5,-1,2,1,14.05,1,2,3,7,1
19746,2021,0,2021-04-26,B-10,BARCELONA,Barcelones,3,1,0,0,1,0,0,0,1,0,0,0,0,80.0,0.0,1,-1,No n'hi ha,-1.0,3,3,0,0,0,0,0,0,0,0,0,0,0,0,4,-1,1,Xoc contra objecte/obstacle sense sortida prèvia de via,-1,1,2,4,-1,2,1,10.16,0,4,0,26,4
19747,2021,1,2021-11-30,N-230,TORREFARRERA,Segria,2,0,1,0,2,0,0,1,0,1,0,0,0,40.0,0.0,0,2,No n'hi ha,-1.0,3,3,1,0,0,0,0,0,0,0,0,0,0,1,5,5,1,Envestida (frontal lateral),0,0,2,4,1,2,1,18.1,1,2,1,30,11
19748,2021,0,2021-05-13,CR,FIGOLS I ALINYA,Alt Urgell,2,0,1,0,1,0,0,0,0,0,0,1,0,100.0,0.0,0,1,No n'hi ha,-1.0,3,3,1,0,0,0,0,0,0,0,0,0,0,0,4,-1,1,Resta sortides de via,-1,1,0,3,0,2,1,15.17,1,1,3,13,5
19749,2021,0,2021-01-04,A-2,CORNELLA DE LLOBREGAT,Baix Llobregat,3,0,1,1,2,0,0,0,1,1,0,0,0,100.0,0.0,0,2,No n'hi ha,-1.0,3,3,1,0,0,0,0,0,0,0,0,0,0,0,4,-1,0,Altres,-1,1,2,4,1,2,1,17.12,1,5,0,4,1
19750,2021,0,2021-07-31,C-17,MONTCADA I REIXAC,Valles Occidental,3,0,1,0,1,0,0,1,0,0,0,0,0,50.0,0.0,0,2,No n'hi ha,-1.0,3,3,1,0,0,0,0,0,0,0,0,0,0,0,4,-1,0,Caiguda en la via,-1,1,2,4,2,2,0,14.09,1,0,5,31,7
19751,2021,1,2021-03-12,SE,CASSA DE LA SELVA,Girones,1,0,1,0,2,1,0,0,0,1,0,0,0,100.0,0.0,0,2,No n'hi ha,-1.0,1,3,1,0,0,0,0,0,0,0,0,0,0,2,4,-1,0,Atropellament,2,2,2,5,-1,2,1,14.5,1,3,4,12,3
19752,2021,1,2021-07-12,SE,BAIX PALLARS,Pallars Sobira,2,0,2,0,1,0,0,0,0,1,0,0,0,30.0,0.0,0,1,No n'hi ha,-1.0,3,3,1,0,0,0,0,0,0,0,0,0,0,0,5,-1,1,Resta sortides de via,-1,0,2,4,1,2,1,22.18,2,1,0,12,7
19753,2021,1,2021-09-07,SE,BARCELONA,Barcelones,3,0,1,0,2,0,0,0,1,0,0,1,0,100.0,0.0,1,-1,Carril bici,-1.0,3,3,1,0,0,0,0,0,0,0,0,0,0,1,4,-1,1,Fregament o col·lisió lateral,2,2,2,5,-1,2,1,15.4,1,2,1,7,9
19754,2021,0,2021-03-17,CR,"ALDEA, L'",Baix Ebre,0,0,1,0,1,0,0,0,0,1,0,0,0,100.0,0.0,0,2,No n'hi ha,-1.0,3,3,1,0,0,0,0,0,0,0,0,0,0,0,3,-1,1,Resta sortides de via,-1,1,2,3,0,2,1,4.02,2,1,2,17,3
19755,2021,1,2021-10-15,SE,MATARO,Maresme,3,0,1,0,1,0,0,0,1,0,0,0,0,100.0,0.0,0,2,No n'hi ha,-1.0,3,3,1,0,0,0,0,0,0,0,0,0,0,1,4,4,1,Caiguda en la via,0,2,2,5,-1,2,1,12.3,0,0,4,15,10
19756,2021,0,2021-10-09,AL,CABRERA DE MAR,Maresme,3,0,1,0,1,0,0,0,1,0,0,0,0,50.0,0.0,0,2,No n'hi ha,-1.0,3,3,1,0,0,0,0,0,0,0,0,0,0,2,5,4,1,Caiguda en la via,0,1,2,4,3,2,0,1.05,2,0,5,9,10
19757,2021,1,2021-10-25,SE,MOIA,Moianès,3,0,1,0,1,0,0,0,0,1,0,0,0,100.0,0.0,0,1,No n'hi ha,-1.0,3,3,1,0,0,0,0,0,0,0,0,0,0,0,4,-1,1,Altres,-1,2,0,5,4,2,1,13.23,0,5,0,25,10
19758,2021,0,2021-06-13,GIV-5211,SANT JOAN DE LES ABADESSES,Ripolles,1,0,1,0,2,0,0,0,1,1,0,0,0,100.0,0.0,0,1,No n'hi ha,-1.0,3,3,1,0,0,0,0,0,0,0,0,0,0,0,4,-1,1,Fregament o col·lisió lateral,-1,1,2,4,2,2,0,10.13,0,2,6,13,6
19759,2021,0,2021-07-22,N-230,VILALLER,Alta Ribagorca,2,0,1,0,1,0,0,0,0,1,0,0,0,100.0,0.0,0,0,No n'hi ha,-1.0,3,3,1,0,0,0,0,0,0,0,0,0,0,0,4,-1,1,Resta sortides de via,-1,1,2,4,1,2,1,9.03,0,1,3,22,7
19760,2021,1,2021-04-23,SE,CERDANYOLA DEL VALLES,Valles Occidental,3,0,1,0,2,0,0,0,1,1,0,0,0,20.0,0.0,0,1,No n'hi ha,-1.0,3,3,1,-1,0,0,0,-1,0,0,0,0,-1,0,4,-1,1,Encalç,-1,2,2,5,-1,2,0,18.49,1,2,4,23,4
19761,2021,1,2021-02-07,SE,CORBERA DE LLOBREGAT,Baix Llobregat,3,0,1,0,1,0,0,0,1,0,0,0,0,100.0,0.0,0,-1,No n'hi ha,-1.0,3,3,1,0,0,0,0,0,0,0,0,0,0,0,4,-1,-1,Caiguda en la via,-1,2,2,5,-1,2,0,16.51,1,0,6,7,2
19762,2021,0,2021-01-01,C-32,SANT BOI DE LLOBREGAT,Baix Llobregat,3,1,0,0,1,0,0,0,1,0,0,0,0,40.0,0.0,0,2,No n'hi ha,-1.0,3,3,0,0,0,0,0,0,0,0,0,0,0,0,2,-1,0,Caiguda en la via,-1,1,2,4,2,2,0,16.5,1,0,4,1,1
19763,2021,0,2021-10-12,C-59,CALDES DE MONTBUI,Valles Oriental,3,1,1,0,1,0,0,0,0,1,0,0,0,100.0,0.0,0,1,Carril lent,-1.0,3,3,0,0,0,0,0,0,0,0,0,0,0,0,3,-1,1,Resta sortides de via,-1,1,2,4,2,2,1,3.13,2,1,1,12,10
19764,2021,1,2021-04-23,SE,TARRAGONA,Tarragones,0,0,1,0,2,0,0,0,0,1,0,1,0,100.0,0.0,0,2,No n'hi ha,-1.0,3,3,1,0,0,0,0,0,0,0,0,0,0,0,2,-1,0,Envestida (frontal lateral),-1,2,2,5,-1,2,0,18.3,1,2,4,23,4
19765,2021,0,2021-03-30,C-14,"SELVA DEL CAMP, LA",Baix Camp,0,0,2,2,2,0,0,0,0,2,0,0,0,120.0,0.0,0,2,No n'hi ha,-1.0,3,3,1,0,0,0,0,0,0,0,0,0,0,0,4,-1,0,Resta sortides de via,-1,1,2,4,2,2,1,13.24,0,1,1,30,3
19766,2021,1,2021-12-14,SE,TARRAGONA,Tarragones,0,1,0,1,3,2,0,0,0,1,0,0,0,100.0,0.0,0,2,No n'hi ha,-1.0,3,3,0,0,1,0,0,0,0,0,0,0,0,0,4,-1,0,Atropellament,-1,2,2,5,0,2,1,9.21,0,3,1,14,12
19767,2021,1,2021-07-29,BV-6001,MALGRAT DE MAR,Maresme,3,0,1,0,3,0,0,0,1,2,0,0,0,30.0,0.0,0,-1,No n'hi ha,-1.0,3,3,1,0,0,0,0,0,0,0,0,0,0,0,4,-1,1,Encalç,-1,0,2,4,-1,2,1,13.55,0,2,3,29,7
19768,2021,1,2021-01-28,SE,HOSPITALET DE LLOBREGAT,Barcelones,3,0,1,0,1,0,0,0,1,0,0,0,0,20.0,0.0,0,-1,No n'hi ha,-1.0,3,3,1,-1,0,0,0,-1,0,0,0,0,-1,0,5,-1,0,Caiguda en la via,-1,2,2,5,-1,2,1,20.52,1,0,3,28,1
19769,2021,0,2021-09-07,C-31,SITGES,Garraf,3,0,1,0,2,0,0,0,1,1,0,0,0,60.0,0.0,0,3,No n'hi ha,-1.0,3,3,1,0,0,0,0,0,0,0,0,0,0,0,4,-1,1,Col·lisió frontal,-1,1,2,4,2,2,1,17.29,1,2,1,7,9
19770,2021,1,2021-08-21,SE,TERRASSA,Valles Occidental,3,0,1,0,2,0,0,0,0,1,0,1,0,20.0,0.0,0,-1,No n'hi ha,-1.0,3,3,1,-1,-1,0,0,-1,0,0,0,0,0,1,4,4,-1,Envestida (frontal lateral),2,2,2,5,-1,2,0,15.35,1,2,5,21,8
19771,2021,1,2021-10-10,SE,CASTELLO D'EMPURIES,Alt Emporda,1,1,0,0,2,0,0,0,0,1,0,1,0,20.0,1.0,0,2,No n'hi ha,-1.0,3,3,0,-1,0,0,0,-1,0,0,0,0,-1,1,5,4,1,Fregament o col·lisió lateral,1,2,2,5,-1,2,0,6.0,0,2,6,10,10
19772,2021,0,2021-05-29,C-59,"ESTANY, L'",Moianès,3,0,1,0,1,0,0,0,1,0,0,0,0,90.0,0.0,0,-1,Sense Especificar,-1.0,3,3,1,0,0,0,0,0,0,0,0,0,0,0,4,-1,-1,Altres,-1,1,2,4,4,2,0,17.16,1,5,5,29,5
19773,2021,1,2021-10-18,SE,IGUALADA,Anoia,3,0,1,0,2,0,1,0,0,1,0,0,0,50.0,0.0,0,-1,No n'hi ha,-1.0,3,3,1,-1,0,0,0,-1,0,0,0,0,-1,1,4,5,0,Fregament o col·lisió lateral,0,2,2,5,0,2,1,13.25,0,2,0,18,10
19774,2021,0,2021-09-23,LV-4001,RIBERA D'URGELLET,Alt Urgell,2,0,1,0,1,0,1,0,0,0,0,0,0,100.0,0.0,0,1,No n'hi ha,-1.0,3,3,1,0,0,0,0,0,0,0,0,0,0,0,4,-1,1,Caiguda en la via,-1,1,2,4,3,2,1,14.11,1,0,3,23,9
19775,2021,1,2021-12-10,SE,SANT BOI DE LLOBREGAT,Baix Llobregat,3,0,1,2,2,0,0,0,0,2,0,0,0,100.0,0.0,0,-1,No n'hi ha,-1.0,3,3,1,0,0,0,0,0,0,0,0,0,0,0,4,-1,-1,Col·lisió frontal,-1,2,2,5,-1,2,0,19.3,1,2,4,10,12
19776,2021,0,2021-07-30,N-340,RODA DE BARA,Tarragones,0,0,1,0,2,0,0,0,1,0,0,1,0,90.0,0.0,0,-1,Sense Especificar,-1.0,3,3,1,0,0,0,0,0,0,0,0,0,0,1,4,4,-1,Fregament o col·lisió lateral,2,1,2,4,4,2,0,17.26,1,2,4,30,7
19777,2021,1,2021-06-16,SE,CASTELLDEFELS,Baix Llobregat,3,0,1,0,2,1,0,0,0,1,0,0,0,100.0,0.0,0,2,No n'hi ha,-1.0,3,3,1,0,0,0,0,0,0,0,0,0,0,0,5,-1,1,Atropellament,-1,2,2,5,-1,2,1,23.11,2,3,2,16,6
19778,2021,0,2021-04-02,C-35,MACANET DE LA SELVA,Selva,1,0,1,0,1,0,0,0,1,0,0,0,0,90.0,0.0,0,-1,Sense Especificar,-1.0,3,3,1,0,0,0,0,0,0,0,0,0,0,0,4,-1,-1,Altres,-1,1,2,4,4,2,1,11.02,0,5,4,2,4
19779,2021,0,2021-07-24,C-230a,LLEIDA,Segria,2,0,1,4,5,0,5,0,0,0,0,0,0,70.0,0.0,0,2,No n'hi ha,-1.0,3,3,1,0,0,0,0,0,0,0,0,0,0,2,4,4,1,Caiguda en la via,3,1,2,4,2,2,0,11.23,0,0,5,24,7
19780,2021,0,2021-07-07,N-340,"ARBO?, L'",Baix Penedes,0,0,1,0,2,0,1,0,0,1,0,0,0,40.0,0.0,0,2,No n'hi ha,-1.0,3,3,1,0,0,0,0,0,0,0,0,0,0,1,4,4,1,Envestida (frontal lateral),0,1,2,4,1,2,1,19.27,1,2,2,7,7
19781,2021,0,2021-09-12,T-310,RIUDOMS,Baix Camp,0,1,0,0,2,1,0,0,0,1,0,0,0,60.0,0.0,0,3,No n'hi ha,-1.0,3,3,0,0,0,0,0,0,0,0,0,0,0,0,4,-1,1,Atropellament,-1,1,2,4,2,2,0,6.06,0,3,6,12,9
19782,2021,1,2021-01-19,SE,VILADECANS,Baix Llobregat,3,0,1,0,2,0,1,0,0,1,0,0,0,30.0,0.0,0,2,No n'hi ha,-1.0,3,3,1,0,0,0,0,0,0,0,0,0,0,1,5,4,1,Envestida (frontal lateral),2,2,2,5,-1,2,1,5.3,2,2,1,19,1
19783,2021,0,2021-04-09,C-32,CASTELLDEFELS,Baix Llobregat,3,0,1,1,2,0,0,0,0,1,1,0,0,100.0,0.0,0,2,No n'hi ha,-1.0,3,3,1,0,0,0,0,0,0,0,0,0,0,0,1,-1,0,Encalç,-1,1,2,4,2,2,1,7.21,0,2,4,9,4
19784,2021,1,2021-06-23,SE,TARRAGONA,Tarragones,0,0,1,3,5,4,0,0,0,1,0,0,0,30.0,,0,-1,No n'hi ha,-1.0,3,3,1,-1,-1,0,0,-1,0,0,0,0,-1,0,4,-1,0,Atropellament,-1,2,2,5,-1,2,1,21.0,1,3,2,23,6
19785,2021,1,2021-02-05,SE,MATARO,Maresme,3,0,1,1,3,2,0,0,0,1,0,0,0,20.0,0.0,0,-1,No n'hi ha,-1.0,3,3,1,-1,-1,0,0,-1,0,0,0,0,0,0,4,-1,-1,Atropellament,-1,2,2,5,-1,2,1,14.55,1,3,4,5,2
19786,2021,1,2021-07-28,SE,TARRAGONA,Tarragones,0,0,1,0,2,0,0,0,0,1,0,1,0,20.0,,0,2,No n'hi ha,-1.0,3,3,1,-1,0,0,0,-1,0,0,0,0,-1,1,4,2,1,Envestida (frontal lateral),1,2,2,5,-1,2,1,7.1,0,2,2,28,7
19787,2021,1,2021-04-16,SE,BARCELONA,Barcelones,3,0,1,2,2,0,0,0,1,0,1,0,0,100.0,0.0,1,-1,No n'hi ha,-1.0,3,3,1,0,0,0,0,0,0,0,0,0,0,1,4,-1,1,Encalç,2,2,2,5,-1,2,1,14.4,1,2,4,16,4
19788,2021,1,2021-11-01,SE,VALLFOGONA DE BALAGUER,Noguera,2,0,2,2,1,0,0,0,0,1,0,0,0,50.0,0.0,0,2,No n'hi ha,-1.0,1,3,1,0,0,0,0,0,0,0,0,0,0,0,3,-1,1,Resta sortides de via,-1,2,2,5,0,2,1,1.26,2,1,0,1,11
19789,2021,1,2021-10-24,SE,IGUALADA,Anoia,3,0,1,0,2,0,0,0,1,1,0,0,0,50.0,0.0,0,-1,No n'hi ha,-1.0,3,3,1,-1,-1,0,0,-1,0,0,0,0,-1,1,4,4,1,Fregament o col·lisió lateral,1,2,2,5,0,2,0,16.16,1,2,6,24,10
19790,2021,0,2021-10-18,TV-3148,VILA-SECA,Tarragones,0,0,1,0,2,0,0,0,1,0,1,0,0,40.0,0.0,0,2,No n'hi ha,-1.0,3,3,1,0,0,0,0,0,0,0,0,0,0,1,1,4,0,Caiguda en la via,0,1,2,4,3,2,1,17.3,1,0,0,18,10
19791,2021,0,2021-04-02,N-260,"SEU D'URGELL, LA",Alt Urgell,2,0,2,3,2,0,0,0,0,2,0,0,0,100.0,0.0,0,2,No n'hi ha,-1.0,3,3,1,0,0,0,0,0,0,0,0,0,0,0,4,-1,1,Col·lisió frontal,-1,1,2,4,1,2,0,17.23,1,2,4,2,4
19792,2021,1,2021-09-28,SE,BARCELONA,Barcelones,3,0,1,0,2,1,0,0,0,1,0,0,0,100.0,0.0,1,-1,Carril bus,-1.0,3,3,1,0,0,0,0,0,0,0,0,0,0,0,4,-1,0,Atropellament,-1,2,2,5,-1,2,1,15.52,1,3,1,28,9
19793,2021,0,2021-02-13,C-58,VACARISSES,Valles Occidental,3,0,1,0,1,0,0,0,1,0,0,0,0,90.0,0.0,0,-1,Sense Especificar,-1.0,3,3,1,0,0,0,0,0,0,0,0,0,0,0,4,-1,-1,Altres,-1,1,2,4,4,2,0,15.41,1,5,5,13,2
19794,2021,1,2021-11-02,SE,SANT JOAN DESPI,Baix Llobregat,3,0,1,0,2,0,0,0,1,1,0,0,0,30.0,0.0,0,2,No n'hi ha,-1.0,3,3,1,0,0,0,0,0,0,0,0,0,0,1,5,4,0,Envestida (frontal lateral),1,2,2,5,-1,2,1,20.45,1,2,1,2,11
19795,2021,0,2021-05-29,BP-2121,TORRELLES DE FOIX,Alt Penedes,3,0,1,0,1,0,0,0,1,0,0,0,0,90.0,0.0,0,-1,Sense Especificar,-1.0,3,3,1,0,0,0,0,0,0,0,0,0,0,0,4,-1,-1,Altres,-1,1,2,4,4,2,0,12.3,0,5,5,29,5
19796,2021,0,2021-05-28,GIV-6216,CASTELLO D'EMPURIES,Alt Emporda,1,0,1,0,1,0,0,0,0,1,0,0,0,80.0,0.0,0,2,No n'hi ha,-1.0,3,3,1,0,0,0,0,0,0,0,0,0,0,0,3,-1,1,Resta sortides de via,-1,1,2,4,3,2,0,21.19,1,1,4,28,5
19797,2021,0,2021-03-08,CR,ALAS I CERC,Alt Urgell,2,1,0,0,2,1,0,0,0,1,0,0,0,100.0,0.0,0,1,No n'hi ha,-1.0,3,3,0,0,0,0,0,0,0,0,0,0,0,0,4,-1,1,Atropellament,-1,1,3,3,0,2,1,16.45,1,3,0,8,3
19798,2021,0,2021-09-01,C-58,BADIA DEL VALLES,Valles Occidental,3,0,1,0,2,0,0,0,1,1,0,0,0,100.0,0.0,0,2,No n'hi ha,-1.0,1,3,1,0,0,0,0,0,0,0,0,0,0,2,2,2,1,Fregament o col·lisió lateral,3,1,2,4,3,2,1,13.17,0,2,2,1,9
19799,2021,1,2021-01-22,SE,LLEIDA,Segria,2,0,1,0,3,0,2,0,0,1,0,0,0,30.0,0.0,0,1,No n'hi ha,-1.0,3,3,1,0,0,0,0,0,0,0,0,0,0,0,5,-1,1,Envestida (frontal lateral),-1,2,2,5,-1,2,0,18.33,1,2,4,22,1
19800,2021,1,2021-10-16,SE,VILAFRANCA DEL PENEDES,Alt Penedes,3,0,1,0,2,0,0,0,1,1,0,0,0,40.0,0.0,0,1,No n'hi ha,-1.0,3,3,1,0,0,0,0,0,0,0,0,0,0,2,4,4,1,Encalç,0,2,2,5,-1,2,0,10.48,0,2,5,16,10
19801,2021,0,2021-07-31,C-58,RIPOLLET,Valles Occidental,3,0,1,1,1,0,0,0,1,0,0,0,0,100.0,0.0,0,2,Carril acceleració,-1.0,2,3,1,0,0,0,0,0,0,0,1,0,0,0,3,-1,0,Xoc contra objecte/obstacle sense sortida prèvia de via,-1,1,2,4,2,0,0,21.55,1,4,5,31,7
19802,2021,0,2021-09-05,C-12,SARROCA DE LLEIDA,Segria,2,0,1,0,1,0,0,0,1,0,0,0,0,90.0,0.0,0,-1,Sense Especificar,-1.0,3,3,1,0,0,0,0,0,0,0,0,0,0,0,4,-1,-1,Xoc amb animal a la calçada,-1,1,2,4,4,2,0,21.25,1,4,6,5,9
19803,2021,0,2021-08-04,CR,"ALAMUS, ELS",Segria,2,0,1,1,2,0,0,0,0,2,0,0,0,100.0,0.0,0,2,No n'hi ha,-1.0,3,3,1,0,0,0,0,0,0,0,0,0,0,0,4,-1,1,Col·lisió frontal,-1,1,2,3,0,2,1,7.42,0,2,2,4,8
19804,2021,1,2021-03-28,SE,TERRASSA,Valles Occidental,3,0,1,0,2,0,0,0,0,0,0,2,0,20.0,0.0,0,2,No n'hi ha,-1.0,3,3,1,-1,0,0,0,-1,0,0,0,0,-1,1,4,5,1,Col·lisió frontal,2,2,2,5,-1,2,0,17.05,1,2,6,28,3
19805,2021,0,2021-04-20,B-20,SANTA COLOMA DE GRAMANET,Barcelones,3,0,1,0,1,0,0,0,1,0,0,0,0,90.0,0.0,0,-1,Sense Especificar,-1.0,3,3,1,0,0,0,0,0,0,0,0,0,0,0,4,-1,-1,Altres,-1,1,2,4,4,2,1,9.19,0,5,1,20,4
19806,2021,1,2021-08-06,SE,SANT SADURNI D'ANOIA,Alt Penedes,3,0,1,0,2,0,1,0,0,1,0,0,0,100.0,0.0,0,2,No n'hi ha,-1.0,3,3,1,0,0,0,0,0,0,0,0,0,0,1,4,4,1,Envestida (frontal lateral),2,2,2,5,-1,2,1,14.3,1,2,4,6,8
19807,2021,0,2021-07-09,GI-614,CADAQUES,Alt Emporda,1,0,1,1,2,0,0,0,0,2,0,0,0,60.0,0.0,0,1,No n'hi ha,-1.0,3,3,1,0,0,0,0,0,0,0,0,0,0,0,4,-1,1,Col·lisió frontal,-1,1,2,4,3,2,0,20.45,1,2,4,9,7
19808,2021,0,2021-06-12,C-59,MOIA,Moianès,3,1,0,0,2,0,0,0,1,1,0,0,0,100.0,0.0,0,3,No n'hi ha,-1.0,3,3,0,0,0,0,0,0,0,0,0,0,0,0,1,-1,1,Xoc contra objecte/obstacle sense sortida prèvia de via,-1,1,2,4,3,2,0,21.24,1,4,5,12,6
19809,2021,0,2021-05-11,N-141c,CALDERS,Moianès,3,0,1,2,2,0,0,0,0,2,0,0,0,70.0,0.0,0,2,No n'hi ha,-1.0,3,3,1,0,0,0,0,0,0,0,0,0,0,1,4,4,1,Envestida (frontal lateral),0,1,2,4,2,2,1,12.38,0,2,1,11,5
19810,2021,1,2021-10-15,SE,MOLINS DE REI,Baix Llobregat,3,0,1,0,2,0,0,0,0,2,0,0,0,30.0,0.0,0,2,No n'hi ha,-1.0,3,3,1,-1,0,0,0,-1,0,0,0,0,-1,0,4,-1,0,Encalç,-1,2,2,5,-1,2,0,18.14,1,2,4,15,10
19811,2021,0,2021-04-19,BV-1221,TALAMANCA,Bages,3,0,1,0,1,0,0,0,0,1,0,0,0,90.0,0.0,0,-1,Sense Especificar,-1.0,3,3,1,0,0,0,0,0,0,0,0,0,0,0,4,-1,-1,Resta sortides de via,-1,1,2,4,4,2,1,10.37,0,1,0,19,4
19812,2021,1,2021-01-15,SE,OLOT,Garrotxa,1,0,1,0,2,1,0,0,0,1,0,0,0,100.0,0.0,0,2,No n'hi ha,-1.0,3,3,1,0,0,0,0,0,0,0,0,0,0,1,4,2,1,Atropellament,0,2,2,5,-1,2,0,16.0,1,3,4,15,1