,Year,Area,Date,Road,Municipality Name,County Name,Province Name,Fatalties,Serious Injuries,Light Injuries,Units Involved,Pedestrains Involved,Bicycles Involved,Mopeds Involved,Motorcycles,Light Vehicles Involved,Heavy Vehicles Involved,Other Units Involved,Unspecified Units Involved,Road Speed Limit,Accident with Hit and Run,Fog Presence,Surrounding Environment,Special Lane Presence,Special Traffic Measures,Weather Conditions,Special Road Functions,Severity of Accident,Influence of Fog,Influence of Environment,Influence of Traffic,Influence of Weather,Influence of Wind Intensity,Influence of Lighting,Influence of Special Measures,Influence of Road Objects,Influence of Road Surface,Influence of Visibility,Intersection Characteristics,Lighting Conditions,Traffic Regulation and Priority,Direction of Road,Subtype of Accident,Subtype of Road Section,Subzone within Area,Road Surface Conditions,Type of Road,Road Ownership,Wind Conditions,Day of the Week Grouping,Hour of Day,Time of Day Grouping,Type of Accident,Day Type,Day,Month
19813,2021,1,2021-06-29,SE,TARRAGONA,Tarragones,0,0,1,0,1,0,0,0,0,0,0,1,0,100.0,0.0,0,-1,No n'hi ha,-1.0,3,3,1,0,0,0,0,0,0,0,0,0,0,0,4,-1,-1,Altres,-1,2,2,5,-1,2,1,7.3,0,5,1,29,6
19814,2021,0,2021-09-07,A-2,CORNELLA DE LLOBREGAT,Baix Llobregat,3,0,1,0,2,0,0,0,1,1,0,0,0,80.0,0.0,0,0,No n'hi ha,-1.0,3,3,1,0,0,0,0,0,0,0,0,0,0,0,0,-1,1,Encalç,-1,1,2,4,1,2,1,20.5,1,2,1,7,9
19815,2021,1,2021-03-04,SE,REUS,Baix Camp,0,0,1,0,1,0,0,1,0,0,0,0,0,100.0,0.0,0,-1,No n'hi ha,-1.0,3,3,1,0,0,0,0,0,0,0,0,0,0,0,4,-1,-1,Xoc contra objecte/obstacle sense sortida prèvia de via,-1,2,2,5,-1,2,1,13.18,0,4,3,4,3
19816,2021,0,2021-08-18,C-153,SANTA MARIA DE CORCO,Osona,3,1,0,1,2,0,0,0,1,0,1,0,0,100.0,0.0,0,1,No n'hi ha,-1.0,3,3,0,0,0,0,0,0,0,0,0,0,0,1,4,5,1,Encalç,3,1,2,4,2,2,1,14.51,1,2,2,18,8
19817,2021,0,2021-05-07,C-66,CORNELLA DEL TERRI,Pla de l'Estany,1,1,0,1,2,0,0,0,0,1,1,0,0,90.0,0.0,0,1,Carril avançament,-1.0,3,3,0,0,0,0,0,0,0,0,0,0,0,0,4,-1,1,Col·lisió frontal,-1,1,2,4,2,2,1,12.06,0,2,4,7,5
19818,2021,1,2021-01-27,N-II,VILASSAR DE MAR,Maresme,3,1,0,2,2,0,0,0,1,1,0,0,0,100.0,0.0,0,-1,No n'hi ha,-1.0,3,3,0,0,0,0,0,0,0,0,0,0,0,0,4,-1,-1,Encalç,-1,0,2,4,-1,2,1,12.06,0,2,2,27,1
19819,2021,0,2021-08-22,CR,"FAR D'EMPORDA, EL",Alt Emporda,1,0,1,0,2,0,0,1,0,1,0,0,0,100.0,0.0,0,2,No n'hi ha,-1.0,3,3,1,0,0,0,0,0,0,0,0,0,0,1,5,5,1,Envestida (frontal lateral),2,1,0,3,0,2,0,21.05,1,2,6,22,8
19820,2021,0,2021-06-04,B-30,BARBERA DEL VALLES,Valles Occidental,3,0,1,0,1,0,0,0,1,0,0,0,0,90.0,0.0,0,-1,Sense Especificar,-1.0,3,3,1,0,0,0,0,0,0,0,0,0,0,2,4,2,-1,Altres,3,1,2,4,4,2,1,7.02,0,5,4,4,6
19821,2021,1,2021-02-12,SE,SANT FRUITOS DE BAGES,Bages,3,0,1,0,2,0,0,0,1,1,0,0,0,50.0,0.0,0,3,No n'hi ha,-1.0,3,3,1,-1,0,0,0,-1,0,0,0,0,-1,0,5,-1,1,Col·lisió frontal,-1,2,2,5,-1,2,0,22.12,2,2,4,12,2
19822,2021,1,2021-03-03,SE,BARCELONA,Barcelones,3,0,3,0,3,1,1,0,1,0,0,0,0,100.0,0.0,1,-1,Carril bus,-1.0,3,3,1,0,0,0,0,0,0,0,0,0,0,1,0,-1,0,Atropellament,2,2,2,5,-1,2,1,21.18,1,3,2,3,3
19823,2021,1,2021-12-29,SE,BARCELONA,Barcelones,3,0,1,0,2,0,0,0,1,1,0,0,0,100.0,0.0,1,-1,No n'hi ha,-1.0,3,3,1,0,0,0,0,0,0,0,0,0,0,1,4,-1,1,Fregament o col·lisió lateral,1,2,2,5,-1,2,1,9.15,0,2,2,29,12
19824,2021,0,2021-07-04,BV-4024,GUARDIOLA DE BERGUEDA,Bergueda,3,0,1,0,2,0,2,0,0,0,0,0,0,90.0,0.0,0,-1,Sense Especificar,-1.0,3,3,1,0,0,0,0,0,0,0,0,0,0,0,4,-1,-1,Envestida (frontal lateral),-1,1,2,4,4,2,0,15.24,1,2,6,4,7
19825,2021,1,2021-04-12,SE,DELTEBRE,Baix Ebre,0,0,1,0,2,0,0,1,0,1,0,0,0,100.0,0.0,0,2,No n'hi ha,-1.0,3,3,1,0,0,0,0,0,0,0,0,0,0,1,4,4,1,Envestida (frontal lateral),2,2,2,5,-1,2,1,17.3,1,2,0,12,4
19826,2021,0,2021-06-24,T-313,BOTARELL,Baix Camp,0,0,1,0,2,1,0,0,0,0,1,0,0,30.0,0.0,0,2,No n'hi ha,-1.0,3,3,1,0,0,0,0,0,0,0,0,0,0,0,1,-1,1,Atropellament,-1,1,2,4,3,2,1,21.0,1,3,3,24,6
19827,2021,1,2021-09-30,SE,BARCELONA,Barcelones,3,0,2,0,3,2,0,0,0,1,0,0,0,100.0,0.0,1,-1,No n'hi ha,-1.0,3,3,1,0,0,0,0,0,0,0,0,0,0,1,4,-1,0,Atropellament,1,2,2,5,-1,2,1,11.4,0,3,3,30,9
19828,2021,0,2021-07-26,N-IIa,CORBERA DE LLOBREGAT,Baix Llobregat,3,0,1,1,2,0,0,0,0,2,0,0,0,100.0,0.0,0,2,No n'hi ha,-1.0,3,3,1,0,0,0,0,0,0,0,0,0,0,0,4,-1,1,Col·lisió frontal,-1,1,2,4,1,2,1,17.07,1,2,0,26,7
19829,2021,1,2021-11-04,SE,TERRASSA,Valles Occidental,3,0,1,1,2,0,0,0,1,1,0,0,0,100.0,0.0,0,2,No n'hi ha,-1.0,3,3,1,0,0,0,0,0,1,0,0,0,1,2,4,4,0,Caiguda en la via,2,2,2,5,-1,2,1,9.42,0,0,3,4,11
19830,2021,1,2021-11-25,C-17,"MASIES DE VOLTREGA,LES",Osona,3,0,1,0,2,0,0,0,0,1,1,0,0,60.0,0.0,0,2,No n'hi ha,-1.0,3,3,1,0,0,0,0,0,0,0,0,0,0,1,2,5,1,Altres,2,0,2,4,0,2,1,11.0,0,5,3,25,11
19831,2021,0,2021-10-29,B-10,SANT ADRIA DE BESOS,Barcelones,3,0,1,0,2,0,0,0,1,1,0,0,0,80.0,0.0,0,2,No n'hi ha,-1.0,3,3,1,0,0,0,0,0,0,0,0,0,0,1,5,2,0,Encalç,3,1,2,4,0,2,0,21.05,1,2,4,29,10
19832,2021,0,2021-03-28,C-55,SANT MATEU DE BAGES,Bages,3,0,1,0,1,0,0,0,1,0,0,0,0,100.0,0.0,0,1,Carril lent,-1.0,3,3,1,0,0,0,0,0,0,0,0,0,1,0,4,-1,1,Caiguda en la via,-1,1,2,4,2,2,0,9.55,0,0,6,28,3
19833,2021,1,2021-01-29,SE,BARCELONA,Barcelones,3,0,1,0,2,1,0,0,0,0,1,0,0,100.0,0.0,1,-1,Carril bus,-1.0,3,3,1,0,0,0,0,0,0,0,0,0,0,1,4,-1,1,Atropellament,1,2,2,5,-1,2,1,14.31,1,3,4,29,1
19834,2021,1,2021-08-10,SE,CABRERA DE MAR,Maresme,3,0,2,0,3,0,0,0,1,2,0,0,0,10.0,0.0,0,-1,No n'hi ha,-1.0,3,3,1,0,-1,0,0,0,0,0,0,0,0,0,4,-1,-1,Envestida (frontal lateral),-1,2,2,5,-1,2,1,17.2,1,2,1,10,8
19835,2021,0,2021-10-25,B-10,HOSPITALET DE LLOBREGAT,Barcelones,3,0,1,0,2,0,0,0,1,1,0,0,0,80.0,0.0,0,3,No n'hi ha,-1.0,3,3,1,0,0,0,0,0,0,0,0,0,0,0,4,-1,1,Fregament o col·lisió lateral,-1,1,2,4,2,2,1,8.32,0,2,0,25,10
19836,2021,0,2021-10-10,T-730,"FIGUERA, LA",Priorat,0,0,1,0,1,0,0,0,1,0,0,0,0,90.0,0.0,0,-1,Sense Especificar,-1.0,3,3,1,0,0,0,0,0,0,0,0,0,0,0,4,-1,-1,Xoc amb animal a la calçada,-1,1,2,4,4,2,0,11.55,0,4,6,10,10
19837,2021,1,2021-08-09,SE,VILANOVA I LA GELTRU,Garraf,3,0,1,0,2,0,0,0,0,1,0,1,0,100.0,0.0,0,-1,No n'hi ha,-1.0,3,3,1,0,0,0,0,0,0,0,0,0,0,0,4,-1,-1,Envestida (frontal lateral),-1,2,2,5,-1,2,1,14.0,1,2,0,9,8
19838,2021,1,2021-08-21,SE,SANTA COLOMA DE GRAMANET,Barcelones,3,0,1,0,1,0,0,0,0,0,0,1,0,20.0,0.0,0,-1,No n'hi ha,-1.0,3,3,1,0,-1,0,0,0,0,0,0,0,0,0,4,-1,-1,Caiguda en la via,-1,2,2,5,-1,2,0,21.5,1,0,5,21,8
19839,2021,0,2021-03-21,B-231,ESPARREGUERA,Baix Llobregat,3,0,2,0,1,0,0,0,1,0,0,0,0,100.0,0.0,0,1,No n'hi ha,-1.0,3,3,1,0,0,0,0,0,0,0,0,0,0,0,4,-1,1,Resta sortides de via,-1,1,2,4,3,2,0,12.21,0,1,6,21,3
19840,2021,1,2021-04-23,SE,TERRASSA,Valles Occidental,3,0,1,0,2,0,0,0,1,1,0,0,0,100.0,0.0,0,2,No n'hi ha,-1.0,3,3,1,0,0,0,0,0,0,0,0,0,0,1,4,4,0,Envestida (frontal lateral),2,2,2,5,-1,2,1,12.3,0,2,4,23,4
19841,2021,1,2021-04-30,SE,HOSPITALET DE LLOBREGAT,Barcelones,3,0,1,0,2,0,0,0,1,1,0,0,0,20.0,0.0,0,-1,No n'hi ha,-1.0,3,3,1,-1,-1,0,0,-1,0,0,0,0,0,0,4,-1,-1,Envestida (frontal lateral),-1,2,2,5,-1,2,1,14.4,1,2,4,30,4
19842,2021,0,2021-09-29,C-58,MONTCADA I REIXAC,Valles Occidental,3,0,1,0,2,0,0,0,1,1,0,0,0,100.0,0.0,0,1,No n'hi ha,-1.0,3,3,1,0,0,0,0,0,0,0,0,0,0,0,4,-1,0,Fregament o col·lisió lateral,-1,1,2,4,2,2,1,8.24,0,2,2,29,9
19843,2021,0,2021-09-23,N-141c,MOIA,Moianès,3,0,1,1,2,0,0,0,0,1,1,0,0,100.0,0.0,0,2,No n'hi ha,-1.0,3,3,1,0,0,0,0,0,0,0,0,0,0,0,4,-1,1,Col·lisió frontal,-1,1,2,4,1,2,1,15.12,1,2,3,23,9
19844,2021,0,2021-04-04,GI-652,PALS,Baix Emporda,1,0,2,0,2,0,0,0,0,2,0,0,0,100.0,0.0,0,2,No n'hi ha,-1.0,3,3,1,0,0,0,0,0,0,0,0,0,0,0,3,-1,1,Xoc contra objecte/obstacle sense sortida prèvia de via,-1,1,2,4,2,2,0,21.02,1,4,6,4,4
19845,2021,1,2021-09-16,SE,MANRESA,Bages,3,0,1,0,2,1,0,0,0,1,0,0,0,100.0,0.0,0,2,Habilitació voral/carril addicional,-1.0,3,3,1,0,0,0,0,0,0,0,0,0,0,0,4,-1,0,Atropellament,-1,2,3,5,-1,2,1,13.2,0,3,3,16,9
19846,2021,1,2021-09-18,SE,"SEU D'URGELL, LA",Alt Urgell,2,0,1,0,2,1,0,0,0,1,0,0,0,100.0,1.0,0,2,No n'hi ha,-1.0,2,3,1,0,0,0,0,0,0,0,0,0,0,0,2,-1,1,Atropellament,-1,2,2,5,-1,2,0,18.4,1,3,5,18,9
19847,2021,0,2021-04-05,BV-1310,CASTELLTERCOL,Moianès,3,0,1,1,1,0,0,0,1,0,0,0,0,100.0,0.0,0,2,No n'hi ha,-1.0,3,3,1,0,0,0,0,0,0,0,0,0,0,0,1,-1,1,Caiguda en la via,-1,1,2,4,4,2,1,20.27,1,0,0,5,4
19848,2021,0,2021-04-24,C-31,VENTALLO,Alt Emporda,1,1,1,1,2,0,0,0,0,2,0,0,0,100.0,0.0,0,2,No n'hi ha,-1.0,3,3,0,0,0,0,0,0,0,0,0,0,0,0,4,-1,1,Col·lisió frontal,-1,1,2,4,2,2,0,15.58,1,2,5,24,4
19849,2021,0,2021-06-15,BV-2151,SANT MARTI SARROCA,Alt Penedes,3,1,0,0,1,0,0,0,1,0,0,0,0,100.0,0.0,0,2,No n'hi ha,-1.0,3,3,0,0,0,0,0,0,0,0,0,0,0,0,3,-1,1,Xoc contra objecte/obstacle sense sortida prèvia de via,-1,1,2,4,3,2,1,2.27,2,4,1,15,6
19850,2021,1,2021-02-26,SE,TARRAGONA,Tarragones,0,0,2,0,2,1,0,0,1,0,0,0,0,100.0,0.0,0,2,No n'hi ha,-1.0,3,3,1,0,0,0,0,0,0,0,0,0,0,0,5,-1,1,Atropellament,-1,2,2,5,-1,2,0,18.58,1,3,4,26,2
19851,2021,0,2021-02-28,C-31,"PRAT DE LLOBREGAT, E",Baix Llobregat,3,0,1,0,1,0,0,0,1,0,0,0,0,90.0,0.0,0,-1,Sense Especificar,-1.0,3,3,1,0,0,0,0,0,0,0,0,0,0,0,4,-1,-1,Altres,-1,1,2,4,4,2,0,19.19,1,5,6,28,2
19852,2021,1,2021-12-14,SE,BARCELONA,Barcelones,3,0,1,0,2,0,1,0,1,0,0,0,0,30.0,0.0,1,-1,Carril bici,-1.0,3,3,1,0,0,0,0,0,0,0,0,0,0,1,0,-1,1,Envestida (frontal lateral),2,2,2,5,-1,2,1,23.33,2,2,1,14,12
19853,2021,1,2021-05-27,SE,BARCELONA,Barcelones,3,0,1,0,2,1,0,0,0,1,0,0,0,100.0,0.0,1,-1,No n'hi ha,-1.0,3,3,1,0,0,0,0,0,0,0,0,0,0,0,4,-1,0,Atropellament,-1,2,2,5,-1,2,1,10.15,0,3,3,27,5
19854,2021,0,2021-03-04,C-55,MANRESA,Bages,3,0,1,0,2,0,0,1,0,0,1,0,0,80.0,0.0,0,0,Carril central,-1.0,3,3,1,0,0,1,0,0,0,0,0,0,0,1,2,4,1,Fregament o col·lisió lateral,1,1,2,4,2,2,1,8.03,0,2,3,4,3
19855,2021,1,2021-07-16,TV-3531,GANDESA,Terra Alta,0,0,1,0,3,0,0,0,1,1,1,0,0,40.0,0.0,0,2,No n'hi ha,-1.0,3,3,1,0,0,0,0,0,0,0,0,0,0,0,4,-1,1,Col·lisió frontal,-1,0,2,4,0,2,1,11.17,0,2,4,16,7
19856,2021,0,2021-09-24,SE,CASTELL DE L'ARENY,Bergueda,3,0,1,0,2,0,0,0,1,1,0,0,0,100.0,0.0,0,0,No n'hi ha,-1.0,3,3,1,0,1,0,0,0,0,0,0,0,0,0,4,-1,1,Col·lisió frontal,-1,1,0,0,0,2,0,15.53,1,2,4,24,9
19857,2021,1,2021-10-17,SE,REUS,Baix Camp,0,0,1,0,2,0,0,0,1,1,0,0,0,100.0,0.0,0,-1,No n'hi ha,-1.0,3,3,1,0,0,0,0,0,0,0,0,0,0,0,4,-1,-1,Envestida (frontal lateral),-1,2,2,5,-1,2,0,18.35,1,2,6,17,10
19858,2021,1,2021-05-22,SE,COLLDEJOU,Baix Camp,0,0,1,0,1,0,1,0,0,0,0,0,0,20.0,0.0,0,-1,Sense Especificar,-1.0,3,3,1,0,0,0,0,0,0,0,0,0,0,0,4,-1,-1,Altres,-1,2,2,5,-1,2,0,10.18,0,5,5,22,5
19859,2021,1,2021-07-13,SE,VILASSAR DE MAR,Maresme,3,0,1,0,2,1,0,0,0,1,0,0,0,100.0,0.0,0,2,No n'hi ha,-1.0,3,3,1,0,0,0,0,0,0,0,0,0,0,0,4,-1,0,Atropellament,-1,2,2,5,-1,2,1,15.3,1,3,1,13,7
19860,2021,0,2021-09-03,C-16C,SANT FRUITOS DE BAGES,Bages,3,0,1,1,3,0,0,0,0,3,0,0,0,100.0,0.0,0,3,No n'hi ha,-1.0,3,3,1,0,0,0,0,0,0,0,0,0,0,0,4,-1,1,Encalç,-1,1,2,4,2,2,1,14.51,1,2,4,3,9
19861,2021,0,2021-07-31,BV-4031,CASTELLAR DE N'HUG,Bergueda,3,0,1,0,1,0,0,0,1,0,0,0,0,100.0,0.0,1,1,No n'hi ha,-1.0,1,3,1,1,0,0,0,0,0,0,0,0,0,0,2,-1,1,Caiguda en la via,-1,1,2,4,4,2,0,19.19,1,0,5,31,7
19862,2021,1,2021-05-09,SE,HOSPITALET DE LLOBREGAT,Barcelones,3,0,1,0,1,0,0,0,0,0,0,1,0,20.0,0.0,0,-1,No n'hi ha,-1.0,3,3,1,0,-1,0,0,0,0,0,0,0,0,1,4,5,-1,Caiguda en la via,2,2,2,5,-1,2,0,13.0,0,0,6,9,5
19863,2021,1,2021-01-12,SE,BARCELONA,Barcelones,3,0,1,0,2,1,0,0,1,0,0,0,0,100.0,0.0,1,-1,No n'hi ha,-1.0,3,3,1,0,0,0,0,0,0,0,0,0,0,0,4,-1,1,Atropellament,-1,2,2,5,-1,2,1,13.05,0,3,1,12,1
19864,2021,1,2021-11-28,SE,PALAU DE PLEGAMANS,Valles Occidental,3,0,1,0,2,0,0,0,1,1,0,0,0,100.0,0.0,0,2,No n'hi ha,-1.0,3,3,1,0,0,0,0,0,0,0,0,0,0,1,4,4,1,Envestida (frontal lateral),2,2,2,5,-1,2,0,16.26,1,2,6,28,11
19865,2021,1,2021-05-12,GI-641,TORROELLA DE MONTGRI,Baix Emporda,1,0,1,0,2,1,0,0,0,1,0,0,0,100.0,0.0,0,2,No n'hi ha,-1.0,1,3,1,0,0,0,0,0,0,0,0,0,0,0,4,-1,1,Atropellament,-1,0,2,4,2,2,1,18.46,1,3,2,12,5
19866,2021,0,2021-12-29,GIV-6303,"ARMENTERA, L'",Alt Emporda,1,1,1,4,2,0,0,0,0,2,0,0,0,100.0,0.0,0,2,No n'hi ha,-1.0,3,3,0,0,0,0,0,0,0,0,0,0,0,0,4,-1,1,Col·lisió frontal,-1,1,2,4,3,2,1,15.28,1,2,2,29,12
19867,2021,0,2021-12-16,BV-2429,SUBIRATS,Alt Penedes,3,0,1,0,1,0,1,0,0,0,0,0,0,90.0,0.0,0,-1,Sense Especificar,-1.0,3,1,1,0,0,0,0,0,0,0,0,0,0,0,4,-1,-1,Altres,-1,1,2,4,4,2,1,11.5,0,5,3,16,12
19868,2021,0,2021-08-16,C-65,SANTA CRISTINA D'ARO,Baix Emporda,1,0,2,0,1,0,0,0,0,1,0,0,0,40.0,0.0,0,2,No n'hi ha,-1.0,3,3,1,0,0,0,0,0,0,0,0,0,0,1,4,2,0,Resta sortides de via,3,1,2,4,2,2,1,16.49,1,1,0,16,8
19869,2021,0,2021-01-23,N-260,COLERA,Alt Emporda,1,0,1,0,1,0,0,0,1,0,0,0,0,90.0,0.0,0,-1,Sense Especificar,-1.0,3,3,1,0,0,0,0,0,0,0,0,0,0,0,4,-1,-1,Resta sortides de via,-1,1,2,4,4,2,0,16.04,1,1,5,23,1
19870,2021,1,2021-01-15,SE,SANT CUGAT DEL VALLES,Valles Occidental,3,0,1,1,2,0,0,0,1,1,0,0,0,20.0,0.0,0,-1,No n'hi ha,-1.0,3,3,1,0,-1,0,0,0,0,0,0,0,0,1,4,5,-1,Caiguda en la via,1,2,2,5,0,2,1,14.15,1,0,4,15,1
19871,2021,0,2021-02-22,C-32,ARGENTONA,Maresme,3,0,1,1,7,0,0,0,0,5,2,0,0,80.0,0.0,0,2,No n'hi ha,-1.0,1,3,1,0,0,0,1,0,0,0,0,0,0,0,2,-1,0,Encalç,-1,1,2,4,2,2,1,7.42,0,2,0,22,2
19872,2021,0,2021-08-22,AL,BATEA,Terra Alta,0,0,1,1,1,0,0,0,0,1,0,0,0,100.0,0.0,0,1,No n'hi ha,-1.0,3,3,1,0,0,0,0,0,0,0,0,0,0,0,4,-1,1,Resta sortides de via,-1,1,2,4,2,2,0,8.51,0,1,6,22,8
19873,2021,1,2021-01-24,SE,BADALONA,Barcelones,3,0,1,0,2,1,0,0,0,1,0,0,0,20.0,0.0,0,-1,No n'hi ha,-1.0,3,3,1,0,-1,0,0,0,0,0,0,0,1,1,4,4,-1,Atropellament,2,2,2,5,-1,2,0,16.15,1,3,6,24,1
19874,2021,0,2021-05-18,N-420,RIUDECOLS,Baix Camp,0,1,0,0,2,1,0,0,0,1,0,0,0,80.0,0.0,0,2,No n'hi ha,-1.0,3,3,0,0,0,0,0,0,0,0,0,0,0,0,3,-1,1,Atropellament,-1,1,2,4,1,2,1,21.41,1,3,1,18,5
19875,2021,1,2021-02-23,SE,OLOT,Garrotxa,1,2,0,1,1,0,0,0,0,1,0,0,0,100.0,0.0,0,0,No n'hi ha,-1.0,3,3,0,0,0,0,0,0,0,0,0,0,0,0,0,-1,0,Altres,-1,2,2,5,0,2,1,23.51,2,5,1,23,2
19876,2021,1,2021-03-06,SE,GRANOLLERS,Valles Oriental,3,0,1,3,6,0,0,0,0,6,0,0,0,100.0,0.0,0,2,No n'hi ha,-1.0,3,3,1,0,0,0,0,0,0,0,0,0,0,1,5,4,1,Envestida (frontal lateral),1,2,2,5,-1,2,0,20.35,1,2,5,6,3
19877,2021,0,2021-06-03,BV-1201,ABRERA,Baix Llobregat,3,1,1,1,2,0,0,0,0,2,0,0,0,90.0,0.0,0,-1,Sense Especificar,-1.0,3,3,0,0,0,0,0,0,0,0,0,0,0,0,4,-1,-1,Col·lisió frontal,-1,1,2,4,4,2,1,23.03,2,2,3,3,6
19878,2021,0,2021-07-28,N-260,CRESPIA,Pla de l'Estany,1,0,1,0,1,0,0,0,1,0,0,0,0,90.0,0.0,0,-1,Sense Especificar,-1.0,3,3,1,0,0,0,0,0,0,0,0,0,0,0,4,-1,-1,Xoc amb animal a la calçada,-1,1,2,4,4,2,1,22.55,2,4,2,28,7
19879,2021,0,2021-11-14,C-31,SANT PERE DE RIBES,Garraf,3,0,1,1,2,0,0,0,1,1,0,0,0,100.0,0.0,0,2,No n'hi ha,-1.0,3,3,1,0,0,0,0,0,0,0,0,0,0,0,3,-1,1,Envestida (frontal lateral),-1,1,2,4,2,2,0,19.53,1,2,6,14,11
19880,2021,0,2021-02-12,C-59,CALDES DE MONTBUI,Valles Oriental,3,1,1,1,3,2,0,0,1,0,0,0,0,100.0,0.0,0,-1,No n'hi ha,-1.0,3,3,0,0,0,0,0,0,0,0,0,0,0,0,4,-1,-1,Atropellament,-1,1,2,4,-1,2,0,18.51,1,3,4,12,2
19881,2021,1,2021-02-06,SE,LLICA D'AMUNT,Valles Oriental,3,0,1,0,1,0,0,0,0,0,0,1,0,20.0,0.0,0,-1,No n'hi ha,-1.0,3,3,1,0,-1,1,0,0,0,0,0,0,0,0,4,-1,0,Resta sortides de via,-1,2,2,5,0,2,0,12.57,0,1,5,6,2
19882,2021,1,2021-09-14,SE,HOSPITALET DE LLOBREGAT,Barcelones,3,0,1,0,2,0,0,0,2,0,0,0,0,20.0,0.0,0,-1,No n'hi ha,-1.0,3,3,1,-1,-1,0,0,-1,0,0,0,0,-1,0,4,-1,-1,Encalç,-1,2,2,5,-1,2,1,14.36,1,2,1,14,9
19883,2021,1,2021-07-02,SE,SANTA COLOMA DE GRAMANET,Barcelones,3,0,1,0,1,0,1,0,0,0,0,0,0,20.0,0.0,0,-1,No n'hi ha,-1.0,3,3,1,0,-1,0,0,0,0,0,0,0,0,0,4,-1,-1,Xoc amb animal a la calçada,-1,2,2,5,-1,2,1,14.45,1,4,4,2,7
19884,2021,1,2021-08-07,N-II,"JONQUERA, LA",Alt Emporda,1,0,1,0,1,0,0,0,1,0,0,0,0,90.0,0.0,0,-1,Sense Especificar,-1.0,3,1,1,0,0,0,0,0,0,0,0,0,0,1,4,-1,-1,Altres,-1,0,2,4,4,2,0,19.26,1,5,5,7,8
19885,2021,0,2021-08-04,C-65,SANTA CRISTINA D'ARO,Baix Emporda,1,1,0,0,1,0,0,0,0,1,0,0,0,100.0,0.0,0,2,No n'hi ha,-1.0,3,3,0,0,0,0,0,0,0,0,0,0,0,2,3,3,0,Resta sortides de via,3,1,2,4,2,2,1,22.3,2,1,2,4,8
19886,2021,0,2021-05-02,C-17,BELANYA,Osona,3,0,1,0,1,0,0,0,1,0,0,0,0,100.0,0.0,0,1,No n'hi ha,-1.0,3,3,1,0,0,0,0,0,0,0,0,0,0,0,4,-1,0,Caiguda en la via,-1,1,2,4,2,2,0,18.4,1,0,6,2,5
19887,2021,1,2021-09-28,SE,GIRONA,Girones,1,0,1,0,1,0,0,0,1,0,0,0,0,100.0,0.0,0,2,No n'hi ha,-1.0,3,3,1,0,0,0,0,0,0,0,0,0,0,0,4,-1,1,Caiguda en la via,-1,2,2,5,-1,2,1,16.09,1,0,1,28,9
19888,2021,0,2021-09-23,C-25,GURB,Osona,3,1,0,1,2,0,0,0,0,0,2,0,0,100.0,0.0,0,1,Carril acceleració,-1.0,3,3,0,0,0,0,0,0,0,0,0,0,0,1,1,4,0,Encalç,3,1,2,4,2,2,1,19.09,1,2,3,23,9
19889,2021,1,2021-12-03,SE,GIRONA,Girones,1,0,1,0,3,0,0,1,0,2,0,0,0,30.0,0.0,0,2,No n'hi ha,-1.0,3,3,1,0,0,0,0,0,0,0,0,0,0,1,5,3,0,Envestida (frontal lateral),2,2,2,5,-1,2,0,23.39,2,2,4,3,12
19890,2021,0,2021-12-22,B-10,SANT ADRIA DE BESOS,Barcelones,3,0,1,0,1,0,0,0,1,0,0,0,0,90.0,0.0,0,-1,Sense Especificar,-1.0,3,3,1,0,0,0,0,0,0,0,0,0,0,0,4,-1,-1,Altres,-1,1,2,4,4,2,1,18.34,1,5,2,22,12
19891,2021,0,2021-07-15,A-7,CASTELLET I LA GORNA,Alt Penedes,3,1,0,0,3,1,0,0,0,0,2,0,0,80.0,0.0,0,2,No n'hi ha,4.0,3,3,0,0,0,0,0,0,0,0,0,0,0,0,3,-1,1,Atropellament,-1,1,2,4,1,2,1,4.28,2,3,3,15,7
19892,2021,0,2021-05-27,A-2,LLEIDA,Segria,2,0,1,0,2,0,0,0,0,1,1,0,0,100.0,0.0,0,2,Altres,1.0,3,3,1,0,0,0,0,0,0,0,0,0,0,0,4,-1,0,Encalç,-1,1,2,4,1,2,1,18.24,1,2,3,27,5
19893,2021,1,2021-06-10,SE,BARCELONA,Barcelones,3,0,1,1,2,0,1,0,1,0,0,0,0,100.0,0.0,1,-1,Carril bici,-1.0,3,3,1,0,0,0,0,0,0,0,0,0,0,1,0,-1,1,Caiguda en la via,0,2,2,5,-1,2,1,1.27,2,0,3,10,6
19894,2021,1,2021-10-18,SE,GIRONA,Girones,1,0,1,0,1,0,0,0,1,0,0,0,0,100.0,0.0,0,2,No n'hi ha,-1.0,3,3,1,0,0,0,0,0,0,0,0,0,0,2,4,4,1,Caiguda en la via,0,2,2,5,-1,2,1,18.24,1,0,0,18,10
19895,2021,0,2021-11-21,C-63,BRUNYOLA,Selva,1,1,0,0,1,0,0,0,0,1,0,0,0,100.0,0.0,0,1,No n'hi ha,-1.0,3,3,0,0,0,0,0,0,0,0,0,0,0,0,3,-1,1,Resta sortides de via,-1,1,2,4,2,2,0,3.05,2,1,6,21,11
19896,2021,1,2021-12-01,SE,LLEIDA,Segria,2,0,1,0,2,0,0,0,1,1,0,0,0,100.0,0.0,0,2,No n'hi ha,-1.0,1,3,1,0,0,0,0,0,0,0,0,0,0,1,2,4,1,Envestida (frontal lateral),0,2,2,5,-1,2,1,15.0,1,2,2,1,12