,Year,Area,Date,Road,Municipality Name,County Name,Province Name,Fatalties,Serious Injuries,Light Injuries,Units Involved,Pedestrains Involved,Bicycles Involved,Mopeds Involved,Motorcycles,Light Vehicles Involved,Heavy Vehicles Involved,Other Units Involved,Unspecified Units Involved,Road Speed Limit,Accident with Hit and Run,Fog Presence,Surrounding Environment,Special Lane Presence,Special Traffic Measures,Weather Conditions,Special Road Functions,Severity of Accident,Influence of Fog,Influence of Environment,Influence of Traffic,Influence of Weather,Influence of Wind Intensity,Influence of Lighting,Influence of Special Measures,Influence of Road Objects,Influence of Road Surface,Influence of Visibility,Intersection Characteristics,Lighting Conditions,Traffic Regulation and Priority,Direction of Road,Subtype of Accident,Subtype of Road Section,Subzone within Area,Road Surface Conditions,Type of Road,Road Ownership,Wind Conditions,Day of the Week Grouping,Hour of Day,Time of Day Grouping,Type of Accident,Day Type,Day,Month
19982,2021,1,2021-07-18,SE,REUS,Baix Camp,0,0,1,0,2,0,1,0,0,1,0,0,0,100.0,0.0,0,-1,No n'hi ha,-1.0,3,3,1,0,0,0,0,0,0,0,0,0,0,0,4,-1,-1,Fregament o col·lisió lateral,-1,2,2,5,-1,2,0,22.19,2,2,6,18,7
19983,2021,1,2021-09-16,SE,BARCELONA,Barcelones,3,0,1,0,2,1,0,0,0,0,1,0,0,30.0,0.0,1,-1,No n'hi ha,-1.0,3,3,1,0,0,0,0,0,0,0,0,0,0,0,4,-1,1,Atropellament,-1,2,2,5,-1,2,1,11.18,0,3,3,16,9
19984,2021,1,2021-09-23,SE,CORBERA DE LLOBREGAT,Baix Llobregat,3,0,1,0,1,0,0,0,1,0,0,0,0,20.0,0.0,0,-1,No n'hi ha,-1.0,1,3,1,-1,-1,0,0,-1,0,0,0,0,0,0,2,-1,-1,Caiguda en la via,-1,2,0,5,-1,2,1,9.15,0,0,3,23,9
19985,2021,1,2021-09-13,SE,BARCELONA,Barcelones,3,0,2,1,2,0,0,0,1,0,1,0,0,30.0,0.0,1,-1,No n'hi ha,-1.0,3,3,1,0,0,0,0,0,0,0,0,0,0,0,0,-1,0,Encalç,-1,2,2,5,-1,2,1,2.24,2,2,0,13,9
19986,2021,0,2021-05-22,C-13,CAMARASA,Noguera,2,0,1,0,1,0,0,0,1,0,0,0,0,90.0,0.0,0,-1,Sense Especificar,-1.0,3,3,1,0,0,0,0,0,0,0,0,0,0,0,4,-1,-1,Resta sortides de via,-1,1,2,4,4,2,0,17.09,1,1,5,22,5
19987,2021,0,2021-09-14,BV-4031,CASTELLAR DE N'HUG,Bergueda,3,0,1,0,1,0,1,0,0,0,0,0,0,90.0,0.0,0,-1,Sense Especificar,-1.0,3,3,1,0,0,0,0,0,0,0,0,0,0,0,4,-1,-1,Altres,-1,1,2,4,4,2,1,11.36,0,5,1,14,9
19988,2021,0,2021-01-02,N-II,VIDRERES,Selva,1,1,2,2,2,0,0,0,0,2,0,0,0,100.0,0.0,0,2,No n'hi ha,-1.0,3,3,0,0,0,0,0,0,0,0,0,0,0,0,0,-1,1,Col·lisió frontal,-1,1,2,4,1,2,0,19.35,1,2,5,2,1
19989,2021,1,2021-03-11,SE,CORNELLA DE LLOBREGAT,Baix Llobregat,3,0,1,0,2,0,1,0,0,1,0,0,0,20.0,0.0,0,-1,No n'hi ha,-1.0,3,3,1,-1,0,0,0,-1,0,0,0,0,-1,1,4,4,0,Envestida (frontal lateral),0,2,2,5,-1,2,1,18.35,1,2,3,11,3
19990,2021,1,2021-10-25,SE,BARCELONA,Barcelones,3,0,1,1,2,0,0,0,1,1,0,0,0,100.0,0.0,1,-1,No n'hi ha,-1.0,3,3,1,0,0,0,0,0,0,0,0,0,0,1,0,-1,0,Encalç,2,2,2,5,-1,2,1,20.0,1,2,0,25,10
19991,2021,1,2021-01-12,SE,BARCELONA,Barcelones,3,0,1,0,2,1,0,0,0,1,0,0,0,100.0,0.0,1,-1,No n'hi ha,-1.0,3,3,1,0,0,0,0,0,0,0,0,0,0,1,4,-1,1,Atropellament,2,2,2,5,-1,2,1,11.3,0,3,1,12,1
19992,2021,1,2021-10-03,SE,CADAQUES,Alt Emporda,1,0,1,0,2,0,0,0,1,1,0,0,0,20.0,0.0,0,-1,Sense Especificar,-1.0,3,3,1,0,0,0,0,0,0,0,0,0,0,0,4,-1,-1,Envestida (frontal lateral),-1,2,2,5,-1,2,0,12.37,0,2,6,3,10
19993,2021,1,2021-07-19,SE,VILADECANS,Baix Llobregat,3,0,1,1,1,0,0,0,1,0,0,0,0,40.0,0.0,0,2,No n'hi ha,-1.0,3,3,1,0,0,0,0,0,0,0,0,0,0,0,5,-1,0,Altres,-1,2,2,5,-1,2,1,3.0,2,5,0,19,7
19994,2021,1,2021-05-08,SE,TARRAGONA,Tarragones,0,0,1,0,2,1,0,0,0,1,0,0,0,30.0,0.0,0,2,No n'hi ha,-1.0,3,3,1,0,0,0,0,0,0,0,0,0,0,0,4,-1,1,Atropellament,-1,2,2,5,-1,2,0,19.3,1,3,5,8,5
19995,2021,1,2021-01-02,SE,LLEIDA,Segria,2,0,1,0,2,1,0,0,0,1,0,0,0,100.0,0.0,0,2,No n'hi ha,-1.0,3,3,1,0,0,0,0,0,0,0,0,0,0,1,0,3,1,Atropellament,2,2,2,5,-1,2,0,20.25,1,3,5,2,1
19996,2021,1,2021-09-17,SE,"MASNOU, EL",Maresme,3,0,1,1,2,0,1,0,1,0,0,0,0,100.0,0.0,0,-1,No n'hi ha,-1.0,3,3,1,0,0,0,0,0,0,0,0,0,1,0,4,-1,-1,Envestida (frontal lateral),-1,2,2,5,-1,2,1,12.48,0,2,4,17,9
19997,2021,1,2021-12-13,SE,CALAFELL,Baix Penedes,0,1,1,0,2,0,0,0,1,1,0,0,0,40.0,0.0,0,2,No n'hi ha,-1.0,3,3,0,-1,0,0,0,-1,0,0,0,0,-1,1,4,5,1,Envestida (frontal lateral),1,2,0,5,-1,2,1,14.54,1,2,0,13,12
19998,2021,1,2021-07-06,SE,TARRAGONA,Tarragones,0,0,1,0,2,0,0,0,1,1,0,0,0,100.0,0.0,0,-1,No n'hi ha,-1.0,3,3,1,0,0,0,0,0,0,0,0,0,0,0,4,-1,-1,Envestida (frontal lateral),-1,2,2,5,-1,2,1,17.0,1,2,1,6,7
19999,2021,0,2021-08-09,N-260,RIBERA D'URGELLET,Alt Urgell,2,0,1,0,2,0,0,0,1,1,0,0,0,100.0,0.0,0,1,No n'hi ha,-1.0,3,3,1,0,0,0,0,0,0,0,0,0,0,0,4,-1,1,Caiguda en la via,-1,1,2,4,1,2,1,9.57,0,0,0,9,8
20000,2021,1,2021-10-14,SE,BARCELONA,Barcelones,3,0,1,0,2,0,0,0,1,0,1,0,0,100.0,0.0,1,-1,No n'hi ha,-1.0,3,3,1,0,0,0,0,0,0,0,0,0,0,0,4,-1,0,Fregament o col·lisió lateral,-1,2,2,5,-1,2,1,9.0,0,2,3,14,10
20001,2021,0,2021-10-26,BV-5151,FRANQUESES DEL VALLE,Valles Oriental,3,0,2,1,3,0,0,1,0,0,2,0,0,100.0,0.0,0,1,No n'hi ha,-1.0,3,3,1,0,0,0,0,0,0,0,0,0,0,0,4,-1,1,Col·lisió frontal,-1,1,2,4,3,2,1,16.5,1,2,1,26,10
20002,2021,0,2021-09-04,N-340,TARRAGONA,Tarragones,0,0,1,1,2,0,0,0,0,2,0,0,0,50.0,0.0,0,1,No n'hi ha,-1.0,3,3,1,0,0,0,0,0,0,0,0,0,0,0,4,-1,1,Fregament o col·lisió lateral,-1,1,2,4,1,2,0,19.41,1,2,5,4,9
20003,2021,0,2021-10-09,CR,FORALLAC,Baix Emporda,1,0,1,1,3,0,2,0,0,0,0,1,0,100.0,0.0,0,3,No n'hi ha,-1.0,3,3,1,0,0,0,0,0,0,0,0,0,0,0,4,-1,1,Col·lisió frontal,-1,1,0,3,4,2,0,11.59,0,2,5,9,10
20004,2021,1,2021-11-04,SE,TARRAGONA,Tarragones,0,0,1,0,2,1,0,0,0,1,0,0,0,100.0,0.0,0,-1,No n'hi ha,-1.0,3,3,1,0,0,0,0,0,0,0,0,0,0,0,4,-1,-1,Atropellament,-1,2,2,5,-1,2,1,9.25,0,3,3,4,11
20005,2021,1,2021-01-18,SE,CERDANYOLA DEL VALLES,Valles Occidental,3,0,1,0,2,0,0,0,1,1,0,0,0,40.0,0.0,0,2,No n'hi ha,-1.0,3,3,1,-1,0,0,0,-1,0,0,0,0,-1,1,5,2,1,Envestida (frontal lateral),2,2,2,5,0,2,1,21.01,1,2,0,18,1
20006,2021,1,2021-07-01,SE,BADALONA,Barcelones,3,0,1,0,2,0,0,0,1,1,0,0,0,20.0,0.0,0,-1,No n'hi ha,-1.0,3,3,1,-1,0,0,0,-1,0,0,0,0,-1,1,5,3,1,Envestida (frontal lateral),2,2,2,5,0,2,1,22.44,2,2,3,1,7
20007,2021,1,2021-01-07,SE,REUS,Baix Camp,0,0,1,0,2,0,0,1,0,1,0,0,0,100.0,0.0,0,-1,No n'hi ha,-1.0,3,3,1,0,0,0,0,0,0,0,0,0,0,0,4,-1,-1,Envestida (frontal lateral),-1,2,2,5,-1,2,1,20.5,1,2,3,7,1
20008,2021,1,2021-02-16,SE,TERRASSA,Valles Occidental,3,0,1,0,1,0,0,0,0,0,0,1,0,20.0,0.0,0,-1,No n'hi ha,-1.0,3,3,1,0,-1,0,0,0,0,0,0,0,0,0,5,-1,-1,Xoc contra objecte/obstacle sense sortida prèvia de via,-1,2,2,5,-1,2,1,21.5,1,4,1,16,2
20009,2021,1,2021-07-28,SE,HOSPITALET DE LLOBREGAT,Barcelones,3,1,0,0,2,0,0,0,1,0,1,0,0,20.0,0.0,0,-1,No n'hi ha,-1.0,3,3,0,-1,-1,0,0,-1,0,0,0,0,0,0,4,-1,-1,Caiguda en la via,-1,2,1,5,-1,2,1,14.52,1,0,2,28,7
20010,2021,0,2021-12-12,GI-664,CASSA DE LA SELVA,Girones,1,0,1,0,2,0,0,0,1,1,0,0,0,90.0,0.0,0,-1,Sense Especificar,-1.0,3,1,1,0,0,0,0,0,0,0,0,0,0,0,4,-1,-1,Fregament o col·lisió lateral,-1,1,2,4,4,2,0,17.4,1,2,6,12,12
20011,2021,0,2021-03-15,LV-4241,LLADURS,Solsones,2,0,1,0,1,0,0,0,1,0,0,0,0,90.0,0.0,0,-1,Sense Especificar,-1.0,3,3,1,0,0,0,0,0,0,0,0,0,0,0,4,-1,-1,Altres,-1,1,2,4,4,2,1,13.49,0,5,0,15,3
20012,2021,0,2021-05-15,GI-555,MASSANES,Selva,1,0,1,0,1,0,0,0,1,0,0,0,0,60.0,0.0,0,3,No n'hi ha,-1.0,3,3,1,0,0,0,0,0,0,0,0,0,0,0,4,-1,1,Resta sortides de via,-1,1,2,4,3,2,0,11.21,0,1,5,15,5
20013,2021,0,2021-09-04,C-1412a,CALAF,Anoia,3,0,1,2,2,0,0,0,0,2,0,0,0,90.0,0.0,0,2,No n'hi ha,-1.0,3,3,1,0,0,0,0,0,0,0,0,0,0,1,4,4,1,Envestida (frontal lateral),1,1,2,4,2,2,0,18.56,1,2,5,4,9
20014,2021,1,2021-11-23,SE,REUS,Baix Camp,0,0,1,0,2,0,0,0,1,1,0,0,0,100.0,0.0,0,-1,No n'hi ha,-1.0,3,3,1,0,0,0,0,0,0,0,0,0,0,0,4,-1,-1,Fregament o col·lisió lateral,-1,2,2,5,-1,2,1,12.1,0,2,1,23,11
20015,2021,1,2021-09-10,SE,BARCELONA,Barcelones,3,0,1,0,1,0,0,0,0,0,1,0,0,100.0,0.0,1,-1,No n'hi ha,-1.0,3,3,1,0,0,0,0,0,0,0,0,0,0,0,0,-1,1,Xoc contra objecte/obstacle sense sortida prèvia de via,-1,2,2,5,-1,2,1,4.0,2,4,4,10,9
20016,2021,1,2021-11-20,SE,MOLLET DEL VALLES,Valles Oriental,3,0,1,0,2,1,0,0,0,1,0,0,0,100.0,0.0,0,2,No n'hi ha,-1.0,3,3,1,0,0,0,0,0,0,0,0,0,0,0,4,-1,0,Atropellament,-1,2,2,5,-1,2,0,10.48,0,3,5,20,11
20017,2021,0,2021-08-15,C-233,JUNEDA,Garrigues,2,0,2,0,1,0,0,0,0,1,0,0,0,100.0,0.0,0,1,No n'hi ha,-1.0,3,3,1,0,0,0,0,0,0,0,0,0,0,0,4,-1,1,Resta sortides de via,-1,1,2,4,2,2,0,7.04,0,1,6,15,8
20018,2021,0,2021-10-12,LV-5004,ESPOT,Pallars Sobira,2,0,1,1,1,0,0,0,1,0,0,0,0,100.0,0.0,0,1,No n'hi ha,-1.0,3,3,1,0,0,0,0,0,0,0,0,0,0,0,4,-1,1,Caiguda en la via,-1,1,2,4,3,1,1,14.56,1,0,1,12,10
20019,2021,1,2021-04-10,SE,"PRAT DE LLOBREGAT, E",Baix Llobregat,3,0,1,0,2,0,0,0,1,1,0,0,0,100.0,0.0,0,-1,No n'hi ha,-1.0,3,3,1,0,0,0,0,0,0,0,0,0,1,0,4,-1,-1,Envestida (frontal lateral),-1,2,2,5,-1,2,0,16.21,1,2,5,10,4
20020,2021,1,2021-03-29,SE,BARCELONA,Barcelones,3,0,1,0,2,1,0,0,0,0,0,1,0,100.0,0.0,1,-1,Carril bici,-1.0,3,3,1,0,0,0,0,0,0,0,0,0,0,0,4,-1,0,Atropellament,-1,2,2,5,-1,2,1,9.4,0,3,0,29,3
20021,2021,1,2021-07-08,GI-682,LLORET DE MAR,Selva,1,0,1,0,1,0,0,0,1,0,0,0,0,100.0,0.0,0,-1,No n'hi ha,-1.0,3,3,1,0,0,0,0,0,0,0,0,0,0,0,4,-1,-1,Caiguda en la via,-1,0,2,4,-1,2,1,13.55,0,0,3,8,7
20022,2021,0,2021-10-02,A-2,LLEIDA,Segria,2,1,0,0,2,0,0,0,0,2,0,0,0,100.0,0.0,0,2,No n'hi ha,-1.0,3,3,0,0,0,0,0,0,0,0,0,0,0,0,4,-1,0,Fregament o col·lisió lateral,-1,1,2,4,1,2,0,16.11,1,2,5,2,10
20023,2021,0,2021-05-07,N-II,CASTELLNOU DE SEANA,Pla d'Urgell,2,1,1,0,2,0,0,0,0,2,0,0,0,100.0,0.0,0,2,No n'hi ha,-1.0,3,3,0,0,0,0,0,0,0,0,0,0,0,0,4,-1,1,Col·lisió frontal,-1,1,2,4,1,2,0,19.21,1,2,4,7,5
20024,2021,1,2021-07-17,SE,CORNELLA DE LLOBREGAT,Baix Llobregat,3,0,1,0,1,0,0,0,1,0,0,0,0,20.0,0.0,0,-1,No n'hi ha,-1.0,3,3,1,0,0,0,0,0,0,0,0,0,0,0,4,-1,-1,Caiguda en la via,-1,2,2,5,0,2,0,9.15,0,0,5,17,7
20025,2021,1,2021-06-19,SE,SETCASES,Ripolles,1,0,1,0,2,0,1,0,0,1,0,0,0,20.0,0.0,0,-1,Sense Especificar,-1.0,3,3,1,0,0,0,0,0,0,0,0,0,0,0,4,-1,-1,Col·lisió frontal,-1,2,2,5,-1,2,0,12.15,0,2,5,19,6
20026,2021,1,2021-10-22,SE,LLEIDA,Segria,2,0,1,0,2,1,0,0,0,1,0,0,0,20.0,0.0,0,2,No n'hi ha,-1.0,3,3,1,-1,0,0,0,-1,0,0,0,0,-1,1,4,2,1,Atropellament,1,2,2,5,-1,2,1,10.06,0,3,4,22,10
20027,2021,0,2021-10-09,TV-3148,VILA-SECA,Tarragones,0,0,1,0,2,0,0,1,0,1,0,0,0,40.0,0.0,0,2,No n'hi ha,-1.0,3,3,1,0,0,0,0,0,0,0,0,0,0,1,2,4,0,Envestida (frontal lateral),0,1,2,4,3,2,0,10.18,0,2,5,9,10
20028,2021,1,2021-12-10,C-153,OLOT,Garrotxa,1,0,1,0,2,1,0,0,0,1,0,0,0,100.0,0.0,0,2,No n'hi ha,-1.0,3,3,1,0,0,0,0,0,0,0,0,0,0,0,4,-1,0,Atropellament,-1,0,2,4,1,2,1,12.03,0,3,4,10,12
20029,2021,1,2021-07-07,SE,BARCELONA,Barcelones,3,0,1,0,2,0,0,0,1,1,0,0,0,30.0,0.0,1,-1,No n'hi ha,-1.0,3,3,1,0,0,0,0,0,0,0,0,0,0,1,4,-1,1,Caiguda en la via,1,2,2,5,-1,2,1,18.1,1,0,2,7,7
20030,2021,1,2021-12-08,SE,CASTELLDEFELS,Baix Llobregat,3,0,1,0,2,1,0,0,0,1,0,0,0,100.0,0.0,0,2,No n'hi ha,-1.0,3,3,1,0,0,0,0,1,0,0,0,0,0,0,4,-1,1,Atropellament,-1,2,2,5,-1,0,1,15.48,1,3,2,8,12
20031,2021,1,2021-08-23,SE,SANTA COLOMA DE GRAMANET,Barcelones,3,0,1,0,1,0,0,0,1,0,0,0,0,20.0,0.0,0,-1,No n'hi ha,-1.0,3,3,1,0,-1,0,0,0,0,0,0,0,0,0,4,-1,-1,Sortida de via amb xoc o col·lisió,-1,2,2,5,-1,2,1,19.3,1,1,0,23,8
20032,2021,0,2021-11-01,C-153,"VALL D'EN BAS, LA",Garrotxa,1,1,1,1,2,0,0,0,0,2,0,0,0,100.0,0.0,0,2,No n'hi ha,-1.0,3,3,0,0,0,0,0,0,0,0,0,0,0,0,2,-1,1,Col·lisió frontal,-1,1,2,4,2,2,1,9.42,0,2,0,1,11
20033,2021,1,2021-07-16,SE,ALCANAR,Montsia,0,0,1,0,2,1,0,0,0,1,0,0,0,100.0,0.0,0,2,No n'hi ha,-1.0,3,3,1,0,0,0,0,0,0,0,0,0,0,0,1,-1,1,Atropellament,-1,2,2,5,-1,2,0,20.45,1,3,4,16,7
20034,2021,1,2021-10-21,SE,SANT BOI DE LLOBREGAT,Baix Llobregat,3,0,1,0,2,1,0,0,0,1,0,0,0,30.0,0.0,0,2,No n'hi ha,-1.0,3,3,1,-1,0,0,0,-1,0,0,0,0,-1,0,4,-1,0,Atropellament,-1,2,2,5,-1,2,1,8.2,0,3,3,21,10
20035,2021,1,2021-06-06,SE,TARRAGONA,Tarragones,0,0,1,0,1,0,0,0,0,1,0,0,0,100.0,0.0,0,2,No n'hi ha,-1.0,3,3,1,0,0,0,0,0,0,0,0,0,0,0,4,-1,0,Altres,-1,2,2,5,0,2,0,16.35,1,5,6,6,6
20036,2021,1,2021-03-25,SE,TERRASSA,Valles Occidental,3,0,1,0,2,1,0,0,0,1,0,0,0,30.0,1.0,0,2,No n'hi ha,-1.0,3,3,1,0,1,0,0,0,1,0,0,0,0,2,5,4,1,Atropellament,1,2,2,5,-1,2,1,21.36,1,3,3,25,3
20037,2021,0,2021-06-30,C-16,URUS,Cerdanya,1,1,0,1,2,0,0,0,0,1,1,0,0,80.0,0.0,0,2,No n'hi ha,-1.0,3,3,0,0,0,0,0,0,0,0,0,0,0,0,5,-1,1,Col·lisió frontal,-1,1,2,4,2,2,1,19.57,1,2,2,30,6
20038,2021,1,2021-08-22,SE,LLEIDA,Segria,2,0,1,2,1,0,0,0,0,1,0,0,0,100.0,0.0,0,1,No n'hi ha,-1.0,3,3,1,0,0,0,0,0,0,0,0,0,0,1,0,4,1,Resta sortides de via,1,2,2,5,-1,2,0,1.25,2,1,6,22,8
20039,2021,1,2021-01-16,SE,"SEU D'URGELL, LA",Alt Urgell,2,0,1,3,2,0,0,0,0,2,0,0,0,20.0,0.0,0,-1,No n'hi ha,-1.0,3,3,1,-1,0,0,0,-1,0,0,0,0,-1,0,4,-1,1,Col·lisió frontal,-1,2,2,5,-1,2,0,11.25,0,2,5,16,1
20040,2021,0,2021-09-10,C-35,SANT CELONI,Valles Oriental,3,1,0,1,2,0,0,0,1,1,0,0,0,100.0,0.0,0,-1,No n'hi ha,-1.0,3,3,0,0,0,0,0,0,0,0,0,0,0,0,4,-1,-1,Envestida (frontal lateral),-1,1,2,4,-1,2,1,13.4,0,2,4,10,9
20041,2021,1,2021-04-15,SE,TERRASSA,Valles Occidental,3,0,1,0,1,0,1,0,0,0,0,0,0,20.0,0.0,0,2,No n'hi ha,-1.0,3,3,1,0,0,0,0,0,0,0,0,0,0,0,4,-1,1,Caiguda en la via,-1,2,2,5,-1,2,1,9.15,0,0,3,15,4
20042,2021,1,2021-10-29,SE,RUBI,Valles Occidental,3,0,1,0,2,0,0,0,1,1,0,0,0,100.0,0.0,0,2,No n'hi ha,-1.0,3,3,1,0,0,0,0,0,0,0,0,0,0,1,4,5,1,Altres,1,2,2,5,-1,2,1,13.09,0,5,4,29,10
20043,2021,1,2021-07-04,SE,BELLVEI,Baix Penedes,0,0,1,0,1,0,0,1,0,0,0,0,0,100.0,0.0,0,2,No n'hi ha,-1.0,3,3,1,0,0,0,0,0,0,0,0,0,0,1,4,5,0,Resta sortides de via,1,2,2,5,0,2,0,19.04,1,1,6,4,7
20044,2021,0,2021-03-31,CR,CASTELL DE MUR,Pallars Jussa,2,0,1,0,1,0,0,0,0,1,0,0,0,100.0,0.0,0,0,No n'hi ha,-1.0,3,3,1,0,0,0,0,0,0,0,0,0,0,0,4,-1,1,Resta sortides de via,-1,1,0,3,4,2,1,18.37,1,1,2,31,3
20045,2021,0,2021-12-04,AP-7,GELIDA,Alt Penedes,3,0,1,0,1,0,0,0,0,0,0,1,0,100.0,0.0,0,2,No n'hi ha,-1.0,3,3,1,0,0,0,0,0,0,0,0,0,0,0,0,-1,1,Caiguda en la via,-1,1,2,4,1,1,0,17.35,1,0,5,4,12
20046,2021,1,2021-03-31,SE,GIRONA,Girones,1,0,1,0,2,0,0,0,1,1,0,0,0,30.0,0.0,0,2,No n'hi ha,-1.0,3,3,1,0,0,0,0,0,0,0,0,0,0,1,4,3,1,Envestida (frontal lateral),2,2,2,5,-1,2,1,11.57,0,2,2,31,3
20047,2021,1,2021-12-03,SE,SABADELL,Valles Occidental,3,0,1,0,2,0,0,0,1,1,0,0,0,100.0,0.0,0,-1,No n'hi ha,-1.0,3,3,1,0,0,0,0,0,0,0,0,0,0,0,4,-1,-1,Altres,-1,2,2,5,-1,2,0,18.21,1,5,4,3,12
20048,2021,0,2021-07-07,C-35,SANT FELIU DE BUIXALLEU,Selva,1,0,1,1,2,0,0,0,0,1,1,0,0,80.0,0.0,0,2,No n'hi ha,-1.0,3,3,1,0,0,0,0,0,0,0,0,0,0,0,4,-1,1,Col·lisió frontal,-1,1,2,4,2,2,1,16.3,1,2,2,7,7
20049,2021,0,2021-05-15,N-340,"AMETLLA DE MAR, L'",Baix Ebre,0,0,1,0,1,0,0,0,1,0,0,0,0,90.0,0.0,0,-1,Sense Especificar,-1.0,3,3,1,0,0,0,0,0,0,0,0,0,0,2,4,4,-1,Resta sortides de via,0,1,2,4,4,2,0,21.27,1,1,5,15,5
20050,2021,1,2021-12-09,SE,SANT FELIU DE LLOBREGAT,Baix Llobregat,3,0,1,0,1,0,0,1,0,0,0,0,0,100.0,0.0,0,2,No n'hi ha,-1.0,3,3,1,0,0,0,0,0,0,0,0,0,0,0,0,-1,1,Caiguda en la via,-1,2,2,5,-1,2,1,6.0,0,0,3,9,12
20051,2021,1,2021-04-07,SE,ROSES,Alt Emporda,1,1,0,0,1,0,0,0,0,1,0,0,0,100.0,0.0,0,-1,No n'hi ha,-1.0,3,3,0,0,0,0,0,0,0,0,0,0,0,0,4,-1,-1,Altres,-1,2,2,5,-1,2,1,12.54,0,5,2,7,4
20052,2021,0,2021-04-08,CR,SANT PERE PESCADOR,Alt Emporda,1,0,2,1,2,0,0,0,0,2,0,0,0,40.0,0.0,0,2,No n'hi ha,-1.0,3,3,1,0,0,0,0,0,0,0,0,0,0,0,4,-1,1,Col·lisió frontal,-1,1,2,3,0,2,1,14.28,1,2,3,8,4
20053,2021,1,2021-07-19,SE,TERRASSA,Valles Occidental,3,0,1,0,2,0,0,0,0,0,1,1,0,20.0,0.0,0,-1,No n'hi ha,-1.0,3,3,1,-1,0,0,0,-1,0,0,0,0,0,1,4,5,0,Envestida (frontal lateral),1,2,2,5,-1,2,1,15.1,1,2,0,19,7
20054,2021,1,2021-09-17,SE,"SELVA DEL CAMP, LA",Baix Camp,0,0,1,0,2,0,1,0,0,1,0,0,0,20.0,0.0,0,-1,Sense Especificar,-1.0,3,3,1,0,0,0,0,0,0,0,0,0,0,1,4,4,-1,Envestida (frontal lateral),2,2,2,5,-1,2,1,10.37,0,2,4,17,9
20055,2021,0,2021-10-07,T-240,"BISBAL DEL PENEDES, LA",Baix Penedes,0,0,1,0,1,0,0,0,1,0,0,0,0,60.0,0.0,0,2,No n'hi ha,-1.0,3,3,1,0,0,0,0,0,0,0,0,0,0,0,4,-1,1,Caiguda en la via,-1,1,2,4,3,2,1,13.32,0,0,3,7,10
20056,2021,0,2021-06-27,GI-514,CORNELLA DEL TERRI,Pla de l'Estany,1,0,1,0,1,0,0,0,1,0,0,0,0,90.0,0.0,0,-1,Sense Especificar,-1.0,3,1,1,0,0,0,0,0,0,0,0,0,0,0,4,-1,-1,Resta sortides de via,-1,1,2,4,4,2,0,3.03,2,1,6,27,6
20057,2021,0,2021-07-15,GI-600,TORDERA,Maresme,3,0,1,0,1,0,0,0,0,1,0,0,0,90.0,0.0,0,-1,Sense Especificar,-1.0,3,3,1,0,0,0,0,0,0,0,0,0,0,0,4,-1,-1,Resta sortides de via,-1,1,2,4,4,2,1,7.07,0,1,3,15,7
20058,2021,1,2021-11-12,SE,HOSPITALET DE LLOBREGAT,Barcelones,3,0,2,0,3,0,0,0,0,1,2,0,0,20.0,1.0,0,-1,No n'hi ha,-1.0,1,3,1,0,-1,0,0,0,0,0,0,0,0,0,2,-1,-1,Col·lisió frontal,-1,2,0,5,-1,2,1,9.36,0,2,4,12,11
20059,2021,1,2021-07-15,SE,LLEIDA,Segria,2,0,1,0,2,0,0,0,1,1,0,0,0,20.0,0.0,0,-1,No n'hi ha,-1.0,3,3,1,-1,0,0,0,-1,0,0,0,0,-1,1,4,4,0,Envestida (frontal lateral),2,2,2,5,-1,2,1,20.27,1,2,3,15,7
20060,2021,0,2021-05-26,N-II,SANT POL DE MAR,Maresme,3,0,1,0,2,0,0,0,1,1,0,0,0,50.0,0.0,0,1,No n'hi ha,-1.0,3,3,1,0,0,0,0,0,0,0,0,0,0,0,4,-1,1,Encalç,-1,1,2,4,1,2,1,12.25,0,2,2,26,5
20061,2021,1,2021-03-24,SE,LLEIDA,Segria,2,0,1,0,1,0,1,0,0,0,0,0,0,20.0,0.0,0,2,No n'hi ha,-1.0,3,3,1,-1,0,0,0,-1,0,0,0,0,-1,0,4,-1,1,Caiguda en la via,-1,2,2,5,0,2,1,14.2,1,0,2,24,3
20062,2021,0,2021-02-15,LP-9221,LLEIDA,Segria,2,0,1,0,2,0,0,0,1,1,0,0,0,100.0,0.0,0,2,No n'hi ha,-1.0,3,3,1,0,0,0,0,0,0,0,0,0,0,1,3,5,1,Fregament o col·lisió lateral,1,1,2,4,0,2,1,18.4,1,2,0,15,2
20063,2021,1,2021-09-24,SE,TERRASSA,Valles Occidental,3,0,1,0,1,0,0,0,0,0,0,1,0,20.0,0.0,0,-1,No n'hi ha,-1.0,3,3,1,0,-1,0,0,0,0,0,0,0,0,0,4,-1,-1,Caiguda en la via,-1,2,2,5,-1,2,0,17.1,1,0,4,24,9
20064,2021,1,2021-12-13,N-230,ALFARRAS,Segria,2,0,1,0,2,1,0,0,0,1,0,0,0,100.0,0.0,0,2,No n'hi ha,-1.0,3,3,1,0,1,0,0,0,0,0,0,0,0,0,0,-1,1,Atropellament,-1,0,2,4,-1,2,1,18.47,1,3,0,13,12
20065,2021,1,2021-09-03,SE,VILANOVA I LA GELTRU,Garraf,3,0,1,0,1,0,1,0,0,0,0,0,0,100.0,0.0,0,2,No n'hi ha,-1.0,3,3,1,0,0,0,0,0,0,0,0,0,0,1,4,4,0,Altres,1,2,2,5,-1,2,0,18.0,1,5,4,3,9