,Year,Area,Date,Road,Municipality Name,County Name,Province Name,Fatalties,Serious Injuries,Light Injuries,Units Involved,Pedestrains Involved,Bicycles Involved,Mopeds Involved,Motorcycles,Light Vehicles Involved,Heavy Vehicles Involved,Other Units Involved,Unspecified Units Involved,Road Speed Limit,Accident with Hit and Run,Fog Presence,Surrounding Environment,Special Lane Presence,Special Traffic Measures,Weather Conditions,Special Road Functions,Severity of Accident,Influence of Fog,Influence of Environment,Influence of Traffic,Influence of Weather,Influence of Wind Intensity,Influence of Lighting,Influence of Special Measures,Influence of Road Objects,Influence of Road Surface,Influence of Visibility,Intersection Characteristics,Lighting Conditions,Traffic Regulation and Priority,Direction of Road,Subtype of Accident,Subtype of Road Section,Subzone within Area,Road Surface Conditions,Type of Road,Road Ownership,Wind Conditions,Day of the Week Grouping,Hour of Day,Time of Day Grouping,Type of Accident,Day Type,Day,Month
20066,2021,0,2021-02-05,C-17,PARETS DEL VALLES,Valles Oriental,3,1,0,0,5,1,0,0,0,4,0,0,0,100.0,0.0,0,-1,No n'hi ha,-1.0,3,3,0,0,0,0,0,0,0,0,0,0,0,0,4,-1,-1,Atropellament,-1,1,2,4,-1,2,1,5.47,2,3,4,5,2
20067,2021,1,2021-05-21,SE,MANRESA,Bages,3,0,1,1,3,2,0,0,0,1,0,0,0,100.0,0.0,0,2,No n'hi ha,-1.0,3,3,1,0,0,0,0,0,0,0,0,0,0,0,4,-1,0,Atropellament,-1,2,2,5,-1,2,0,19.3,1,3,4,21,5
20068,2021,1,2021-06-28,SE,BORREDA,Bergueda,3,0,1,0,2,1,0,0,0,1,0,0,0,20.0,0.0,0,-1,Sense Especificar,-1.0,3,3,1,0,0,0,0,0,0,0,0,0,0,0,4,-1,-1,Atropellament,-1,2,2,5,-1,2,1,8.02,0,3,0,28,6
20069,2021,0,2021-10-11,C-1412a,PONTS,Noguera,2,0,2,0,2,0,0,0,2,0,0,0,0,100.0,0.0,0,2,No n'hi ha,-1.0,3,3,1,0,0,0,0,0,0,0,1,0,0,0,3,-1,1,Xoc contra objecte/obstacle sense sortida prèvia de via,-1,1,2,4,2,2,1,20.55,1,4,0,11,10
20070,2021,1,2021-03-10,SE,BARCELONA,Barcelones,3,0,1,1,3,0,0,0,2,1,0,0,0,100.0,0.0,1,-1,No n'hi ha,-1.0,3,3,1,0,0,0,0,0,0,0,0,0,0,1,4,-1,0,Envestida (frontal lateral),2,2,2,5,-1,2,1,15.57,1,2,2,10,3
20071,2021,1,2021-07-11,SE,SANT ADRIA DE BESOS,Barcelones,3,0,1,0,1,0,0,0,0,0,0,1,0,20.0,0.0,0,2,No n'hi ha,-1.0,3,3,1,-1,0,0,0,-1,0,0,0,0,-1,0,1,-1,1,Caiguda en la via,-1,2,2,5,0,2,0,6.5,0,0,6,11,7
20072,2021,1,2021-07-29,SE,LLORET DE MAR,Selva,1,0,1,0,1,0,1,0,0,0,0,0,0,100.0,0.0,0,-1,No n'hi ha,-1.0,3,3,1,0,0,0,0,0,0,0,0,0,0,0,4,-1,-1,Caiguda en la via,-1,2,2,5,-1,2,1,7.3,0,0,3,29,7
20073,2021,1,2021-11-09,SE,OLOT,Garrotxa,1,0,1,0,1,0,1,0,0,0,0,0,0,100.0,0.0,0,2,No n'hi ha,-1.0,1,3,1,0,0,0,0,0,0,0,0,0,0,0,5,-1,1,Resta sortides de via,-1,2,2,5,-1,2,1,22.2,2,1,1,9,11
20074,2021,1,2021-05-27,SE,VILA-SECA,Tarragones,0,0,1,0,2,1,0,0,0,1,0,0,0,100.0,0.0,0,-1,No n'hi ha,-1.0,3,3,1,0,0,0,0,0,0,0,0,0,0,0,4,-1,-1,Altres,-1,2,2,5,-1,2,1,12.12,0,5,3,27,5
20075,2021,1,2021-11-02,SE,SANT JOAN DESPI,Baix Llobregat,3,0,1,0,1,0,0,0,1,0,0,0,0,100.0,0.0,0,-1,No n'hi ha,-1.0,3,3,1,0,0,0,0,0,0,0,1,0,0,0,4,-1,0,Altres,-1,2,1,5,-1,2,1,13.1,0,5,1,2,11
20076,2021,0,2021-01-16,C-1415B,SANTA EULALIA DE RON,Valles Oriental,3,0,2,0,1,0,0,0,0,1,0,0,0,50.0,0.0,0,2,No n'hi ha,-1.0,3,3,1,0,0,0,0,0,0,0,0,0,0,1,4,5,1,Resta sortides de via,1,1,2,4,4,2,0,11.03,0,1,5,16,1
20077,2021,0,2021-11-29,A-2,TORRES DE SEGRE,Segria,2,1,0,0,2,0,0,0,0,1,1,0,0,100.0,0.0,0,2,No n'hi ha,-1.0,3,3,0,0,0,0,0,0,0,0,0,0,0,0,3,-1,0,Encalç,-1,1,2,4,1,2,1,6.22,0,2,0,29,11
20078,2021,0,2021-02-20,SE,MONTMAJOR,Bergueda,3,0,1,0,1,0,0,0,1,0,0,0,0,100.0,0.0,0,1,No n'hi ha,-1.0,3,3,1,0,0,0,0,0,0,0,0,0,0,0,4,-1,1,Caiguda en la via,-1,1,0,0,-1,2,0,9.33,0,0,5,20,2
20079,2021,0,2021-03-20,N-230,"BORDES, ES",Val d'Aran,2,0,1,1,2,0,0,0,0,2,0,0,0,70.0,0.0,0,1,No n'hi ha,-1.0,3,3,1,0,0,0,0,0,0,0,0,0,0,1,4,4,1,Envestida (frontal lateral),1,1,2,4,1,2,0,16.06,1,2,5,20,3
20080,2021,0,2021-09-25,BV-4608,MANLLEU,Osona,3,0,3,1,1,0,0,0,0,1,0,0,0,50.0,0.0,0,2,No n'hi ha,-1.0,3,3,1,0,0,0,0,0,0,0,0,0,0,0,4,-1,1,Resta sortides de via,-1,1,2,4,3,2,0,11.39,0,1,5,25,9
20081,2021,1,2021-10-28,SE,HOSPITALET DE LLOBREGAT,Barcelones,3,0,1,0,2,1,0,0,0,1,0,0,0,20.0,0.0,0,-1,No n'hi ha,-1.0,3,3,1,-1,-1,0,0,-1,0,0,0,0,0,0,4,-1,-1,Atropellament,-1,2,2,5,-1,2,1,19.12,1,3,3,28,10
20082,2021,0,2021-07-28,AP-7,PARETS DEL VALLES,Valles Oriental,3,0,1,0,3,0,0,0,0,3,0,0,0,90.0,0.0,0,-1,Sense Especificar,-1.0,3,3,1,0,0,0,0,0,0,0,0,0,0,2,4,2,-1,Resta sortides de via,3,1,2,4,4,2,1,16.54,1,1,2,28,7
20083,2021,1,2021-07-15,SE,BARCELONA,Barcelones,3,0,1,1,2,1,0,0,1,0,0,0,0,100.0,0.0,1,-1,Carril bus,-1.0,3,3,1,0,0,0,0,0,0,0,0,0,0,0,4,-1,0,Atropellament,-1,2,2,5,-1,2,1,12.55,0,3,3,15,7
20084,2021,0,2021-12-29,A-2,TARREGA,Urgell,2,1,0,1,2,0,0,0,0,1,1,0,0,100.0,0.0,0,2,No n'hi ha,-1.0,3,3,0,0,0,0,0,0,0,0,0,0,0,0,0,-1,1,Encalç,-1,1,2,4,1,2,1,18.49,1,2,2,29,12
20085,2021,1,2021-08-28,SE,BARCELONA,Barcelones,3,0,1,0,2,1,1,0,0,0,0,0,0,100.0,0.0,1,-1,Carril bici,-1.0,3,3,1,0,0,0,0,0,0,0,0,0,0,0,0,-1,0,Atropellament,-1,2,2,5,-1,2,0,0.05,2,3,5,28,8
20086,2021,0,2021-04-20,C-14,OLIANA,Alt Urgell,2,1,0,1,2,0,0,0,0,1,1,0,0,100.0,0.0,0,1,No n'hi ha,-1.0,3,3,0,0,0,0,0,0,0,0,0,0,0,0,1,-1,1,Col·lisió frontal,-1,1,2,4,2,2,1,6.4,0,2,1,20,4
20087,2021,0,2021-10-05,C-17,PARETS DEL VALLES,Valles Oriental,3,0,1,1,2,0,0,0,0,2,0,0,0,60.0,0.0,0,2,Altres,0.0,3,3,1,0,0,0,0,0,0,1,0,0,0,1,0,4,0,Encalç,1,1,2,4,2,2,1,0.57,2,2,1,5,10
20088,2021,1,2021-08-26,SE,TARRAGONA,Tarragones,0,0,1,1,2,0,0,0,1,1,0,0,0,100.0,0.0,0,2,No n'hi ha,-1.0,3,3,1,0,0,0,0,0,0,0,0,0,0,0,5,-1,0,Caiguda en la via,-1,2,2,5,0,2,1,23.2,2,0,3,26,8
20089,2021,1,2021-07-27,SE,SANT HIPOLIT DE VOLTREGA,Osona,3,0,2,2,1,0,0,0,0,1,0,0,0,50.0,0.0,0,2,No n'hi ha,-1.0,3,3,1,0,0,0,0,0,0,0,0,0,0,0,4,-1,1,Resta sortides de via,-1,0,2,4,3,2,1,19.55,1,1,1,27,7
20090,2021,1,2021-06-02,SE,GIRONA,Girones,1,0,1,1,2,0,0,0,0,2,0,0,0,100.0,0.0,0,2,No n'hi ha,-1.0,3,3,1,0,0,0,0,0,0,0,0,0,0,1,4,4,1,Envestida (frontal lateral),2,2,2,5,-1,2,1,11.05,0,2,2,2,6
20091,2021,1,2021-06-26,SE,ESPOLLA,Alt Emporda,1,0,1,0,1,0,1,0,0,0,0,0,0,20.0,0.0,0,-1,Sense Especificar,-1.0,3,3,1,0,0,0,0,0,0,0,0,0,0,0,4,-1,-1,Altres,-1,2,2,5,-1,2,0,12.36,0,5,5,26,6
20092,2021,1,2021-06-14,SE,BARCELONA,Barcelones,3,0,1,0,2,1,1,0,0,0,0,0,0,100.0,0.0,1,-1,No n'hi ha,-1.0,3,3,1,0,0,0,0,0,0,0,0,0,0,0,4,-1,0,Atropellament,-1,2,2,5,-1,2,1,16.45,1,3,0,14,6
20093,2021,0,2021-12-22,C-66,PALOL DE REVARDIT,Pla de l'Estany,1,0,1,0,1,0,0,0,0,1,0,0,0,100.0,0.0,0,2,No n'hi ha,-1.0,3,3,1,0,0,0,0,0,0,0,0,0,0,0,4,-1,0,Resta sortides de via,-1,1,2,4,2,2,1,13.51,0,1,2,22,12
20094,2021,0,2021-03-11,T-702,"BISBAL DE FALSET, LA",Priorat,0,0,1,0,1,0,0,1,0,0,0,0,0,100.0,0.0,0,1,No n'hi ha,-1.0,3,3,1,0,0,0,0,0,0,0,0,0,0,0,4,-1,1,Resta sortides de via,-1,1,2,4,3,2,1,16.1,1,1,3,11,3
20095,2021,1,2021-05-07,SE,VIC,Osona,3,0,1,0,2,0,0,1,0,1,0,0,0,100.0,0.0,0,-1,No n'hi ha,-1.0,3,3,1,0,0,0,0,0,0,0,0,0,0,0,4,-1,-1,Col·lisió frontal,-1,2,2,5,-1,2,0,22.07,2,2,4,7,5
20096,2021,0,2021-05-15,C-59,CALDES DE MONTBUI,Valles Oriental,3,0,1,0,2,1,0,0,0,1,0,0,0,60.0,0.0,0,2,No n'hi ha,-1.0,3,3,1,0,0,0,0,0,0,0,0,0,0,0,4,-1,1,Atropellament,-1,1,2,4,2,2,0,14.07,1,3,5,15,5
20097,2021,0,2021-10-23,C-241C,JORBA,Anoia,3,0,1,0,1,0,0,0,0,1,0,0,0,90.0,0.0,0,-1,Sense Especificar,-1.0,3,3,1,0,0,0,0,0,0,0,0,0,0,0,4,-1,-1,Resta sortides de via,-1,1,2,4,4,2,0,18.07,1,1,5,23,10
20098,2021,1,2021-05-13,SE,BARCELONA,Barcelones,3,0,1,0,1,0,0,0,1,0,0,0,0,100.0,0.0,1,-1,No n'hi ha,-1.0,3,3,1,0,0,0,0,0,0,0,0,0,0,0,0,-1,1,Resta sortides de via,-1,2,2,5,-1,2,1,22.4,2,1,3,13,5
20099,2021,0,2021-05-02,C-13,LLAVORSI,Pallars Sobira,2,0,1,0,1,0,0,0,0,1,0,0,0,100.0,0.0,0,0,No n'hi ha,-1.0,3,3,1,0,0,0,0,0,0,0,0,0,0,0,4,-1,1,Resta sortides de via,-1,1,2,4,2,2,0,20.54,1,1,6,2,5
20100,2021,1,2021-09-07,SE,BARCELONA,Barcelones,3,0,1,1,3,2,0,0,0,0,1,0,0,100.0,0.0,1,-1,Carril bus,-1.0,3,3,1,0,0,0,0,0,0,0,0,0,0,1,4,-1,0,Atropellament,2,2,2,5,-1,2,1,9.58,0,3,1,7,9
20101,2021,0,2021-11-13,C-26,BALAGUER,Noguera,2,0,1,0,1,0,0,0,0,1,0,0,0,90.0,0.0,0,-1,Sense Especificar,-1.0,3,3,1,0,0,0,0,0,0,0,0,0,0,0,4,-1,-1,Resta sortides de via,-1,1,2,4,4,2,0,13.4,0,1,5,13,11
20102,2021,1,2021-01-15,SE,FRANQUESES DEL VALLE,Valles Oriental,3,0,1,0,2,1,0,0,0,0,1,0,0,100.0,0.0,0,2,No n'hi ha,-1.0,3,3,1,0,0,0,0,0,0,0,0,0,0,0,4,-1,1,Atropellament,-1,2,2,5,-1,2,1,13.15,0,3,4,15,1
20103,2021,1,2021-01-13,SE,BARCELONA,Barcelones,3,0,1,1,2,0,0,1,1,0,0,0,0,100.0,0.0,1,-1,No n'hi ha,-1.0,3,3,1,0,0,0,0,0,0,0,0,0,0,1,0,-1,1,Col·lisió frontal,2,2,2,5,-1,2,1,21.25,1,2,2,13,1
20104,2021,0,2021-10-14,B-224,MASQUEFA,Anoia,3,0,1,1,2,0,0,0,0,2,0,0,0,100.0,0.0,0,1,No n'hi ha,-1.0,3,3,1,0,0,0,0,0,0,0,0,0,0,0,4,-1,1,Col·lisió frontal,-1,1,2,4,3,2,1,14.5,1,2,3,14,10
20105,2021,1,2021-03-31,SE,BARCELONA,Barcelones,3,0,1,0,2,0,0,0,1,1,0,0,0,100.0,0.0,1,-1,No n'hi ha,-1.0,3,3,1,0,0,0,0,0,0,0,0,0,0,1,4,-1,0,Envestida (frontal lateral),2,2,2,5,-1,2,1,19.47,1,2,2,31,3
20106,2021,1,2021-05-28,SE,MATARO,Maresme,3,0,1,0,2,0,0,0,1,1,0,0,0,20.0,0.0,0,2,No n'hi ha,-1.0,3,3,1,-1,0,0,0,-1,0,0,0,0,0,1,4,4,1,Fregament o col·lisió lateral,1,2,2,5,-1,2,1,14.52,1,2,4,28,5
20107,2021,1,2021-09-28,SE,BARCELONA,Barcelones,3,0,1,0,2,0,0,0,1,1,0,0,0,30.0,0.0,1,-1,No n'hi ha,-1.0,3,3,1,0,0,0,0,0,0,0,0,0,0,0,0,-1,1,Col·lisió frontal,-1,2,2,5,-1,2,1,0.15,2,2,1,28,9
20108,2021,1,2021-09-23,SE,BADALONA,Barcelones,3,0,1,0,2,0,1,0,0,1,0,0,0,20.0,0.0,0,2,Carril bici,-1.0,1,3,1,-1,0,0,0,-1,0,0,0,0,-1,1,5,2,1,Envestida (frontal lateral),3,2,0,5,-1,2,1,7.41,0,2,3,23,9
20109,2021,1,2021-02-16,SE,BARCELONA,Barcelones,3,0,1,0,3,0,0,0,1,0,2,0,0,30.0,0.0,1,-1,Carril bus,-1.0,3,3,1,0,0,0,0,0,0,0,0,0,0,0,4,-1,1,Encalç,-1,2,2,5,-1,2,1,11.19,0,2,1,16,2
20110,2021,1,2021-06-13,SE,CASTELLDEFELS,Baix Llobregat,3,0,1,0,2,0,0,0,1,1,0,0,0,50.0,0.0,0,2,No n'hi ha,-1.0,3,3,1,0,0,0,0,0,0,0,0,0,0,1,4,5,1,Envestida (frontal lateral),1,2,2,5,-1,2,0,17.38,1,2,6,13,6
20111,2021,1,2021-05-02,SE,TARRAGONA,Tarragones,0,0,1,2,1,0,0,0,0,1,0,0,0,100.0,0.0,0,-1,No n'hi ha,-1.0,3,3,1,0,0,0,0,0,0,0,0,0,0,0,4,-1,-1,Altres,-1,2,2,5,-1,2,0,17.05,1,5,6,2,5
20112,2021,1,2021-06-17,SE,BARCELONA,Barcelones,3,0,1,0,2,0,0,0,1,1,0,0,0,100.0,0.0,1,-1,Carril bus,-1.0,3,3,1,0,0,0,0,0,0,0,0,0,0,0,4,-1,0,Envestida (frontal lateral),-1,2,2,5,-1,2,1,20.0,1,2,3,17,6
20113,2021,1,2021-06-09,SE,HOSPITALET DE LLOBREGAT,Barcelones,3,0,1,0,2,0,0,0,1,1,0,0,0,20.0,0.0,0,-1,No n'hi ha,-1.0,3,3,1,-1,0,0,0,-1,0,0,0,0,0,1,4,3,0,Envestida (frontal lateral),2,2,2,5,0,2,1,18.3,1,2,2,9,6
20114,2021,1,2021-12-18,SE,MATARO,Maresme,3,0,1,0,2,0,0,0,1,1,0,0,0,20.0,0.0,0,-1,No n'hi ha,-1.0,3,3,1,0,0,0,0,0,0,0,0,0,0,0,5,-1,0,Envestida (frontal lateral),-1,2,2,5,-1,2,0,4.3,2,2,5,18,12
20115,2021,0,2021-12-16,C-1413a,SENTMENAT,Valles Occidental,3,0,1,0,2,0,0,0,1,0,1,0,0,100.0,0.0,0,3,No n'hi ha,-1.0,3,3,1,0,0,0,0,0,0,0,0,0,0,0,4,-1,1,Altres,-1,1,2,4,3,2,1,16.38,1,5,3,16,12
20116,2021,0,2021-05-28,TP-7225,CONSTANTI,Tarragones,0,1,0,0,2,0,0,0,1,0,1,0,0,100.0,0.0,0,2,No n'hi ha,-1.0,3,3,0,0,0,0,0,0,0,0,0,0,0,2,4,5,1,Envestida (frontal lateral),2,1,2,4,3,2,1,14.46,1,2,4,28,5
20117,2021,1,2021-04-06,SE,HOSPITALET DE LLOBREGAT,Barcelones,3,0,1,0,2,0,0,0,0,0,1,1,0,20.0,0.0,0,-1,No n'hi ha,-1.0,3,3,1,-1,0,0,0,-1,0,0,0,0,0,1,4,3,0,Envestida (frontal lateral),0,2,2,5,0,2,1,16.02,1,2,1,6,4
20118,2021,1,2021-09-03,SE,CERDANYOLA DEL VALLES,Valles Occidental,3,0,1,0,2,0,0,0,1,1,0,0,0,50.0,0.0,0,2,No n'hi ha,-1.0,3,3,1,0,0,0,0,0,0,0,0,0,0,1,5,3,1,Envestida (frontal lateral),2,0,2,5,0,2,0,22.55,2,2,4,3,9
20119,2021,0,2021-09-27,N-420,MORA D'EBRE,Ribera d'Ebre,0,1,0,2,3,0,0,0,0,3,0,0,0,100.0,0.0,0,1,No n'hi ha,-1.0,3,3,0,0,0,0,0,0,0,0,0,0,0,0,4,-1,1,Envestida (frontal lateral),-1,1,2,4,1,2,1,9.33,0,2,0,27,9
20120,2021,1,2021-04-18,SE,REUS,Baix Camp,0,0,1,0,1,0,0,1,0,0,0,0,0,100.0,0.0,0,-1,No n'hi ha,-1.0,3,3,1,0,0,0,0,0,0,0,0,0,0,0,4,-1,-1,Xoc contra objecte/obstacle sense sortida prèvia de via,-1,2,2,5,-1,2,0,6.25,0,4,6,18,4
20121,2021,0,2021-06-08,A-27,VILALLONGA DEL CAMP,Tarragones,0,0,1,0,2,1,0,0,0,1,0,0,0,100.0,1.0,0,2,No n'hi ha,-1.0,3,3,1,0,0,0,0,0,0,0,0,0,0,0,4,-1,0,Atropellament,-1,1,2,1,1,2,1,6.39,0,3,1,8,6
20122,2021,1,2021-01-21,SE,CASTELLBISBAL,Valles Occidental,3,0,1,0,2,1,0,0,0,1,0,0,0,100.0,0.0,0,-1,No n'hi ha,-1.0,3,3,1,0,0,0,0,0,0,0,0,0,0,0,4,-1,-1,Altres,-1,2,2,5,-1,2,1,7.07,0,5,3,21,1
20123,2021,1,2021-04-15,SE,REUS,Baix Camp,0,0,1,0,2,1,0,0,1,0,0,0,0,100.0,0.0,0,-1,No n'hi ha,-1.0,3,3,1,0,0,0,0,0,0,0,1,0,0,0,4,-1,-1,Caiguda en la via,-1,2,2,5,-1,2,1,19.2,1,0,3,15,4
20124,2021,0,2021-03-07,C-31,SITGES,Garraf,3,0,1,0,1,0,1,0,0,0,0,0,0,90.0,0.0,0,-1,Sense Especificar,-1.0,3,3,1,0,0,0,0,0,0,0,0,0,0,0,4,-1,-1,Altres,-1,1,2,4,4,2,0,10.31,0,5,6,7,3
20125,2021,0,2021-08-07,C-251,"ROCA DEL VALLES, LA",Valles Oriental,3,0,1,0,2,0,0,0,1,1,0,0,0,100.0,0.0,0,2,No n'hi ha,-1.0,3,3,1,0,0,0,0,0,0,0,0,0,1,0,3,-1,1,Xoc contra objecte/obstacle sense sortida prèvia de via,-1,1,2,4,2,2,0,0.31,2,4,5,7,8
20126,2021,1,2021-01-02,SE,"VENDRELL, EL",Baix Penedes,0,0,1,3,2,0,0,0,0,2,0,0,0,40.0,1.0,0,-1,No n'hi ha,-1.0,3,3,1,-1,-1,0,0,-1,0,0,0,0,-1,0,4,-1,1,Col·lisió frontal,-1,2,2,5,-1,2,0,13.28,0,2,5,2,1
20127,2021,1,2021-05-08,SE,PARLAVA,Baix Emporda,1,0,1,0,1,0,1,0,0,0,0,0,0,20.0,0.0,0,-1,Sense Especificar,-1.0,3,3,1,0,0,0,0,0,0,0,0,0,0,0,4,-1,-1,Altres,-1,2,2,5,-1,2,0,11.3,0,5,5,8,5
20128,2021,0,2021-03-28,N-II,BORRASSA,Alt Emporda,1,0,1,0,1,0,0,0,1,0,0,0,0,90.0,0.0,0,-1,Sense Especificar,-1.0,3,3,1,0,0,0,0,0,0,0,0,0,0,0,4,-1,-1,Xoc amb animal a la calçada,-1,1,2,4,4,2,0,8.22,0,4,6,28,3
20129,2021,1,2021-10-26,SE,MATARO,Maresme,3,0,1,0,1,0,0,0,0,0,0,1,0,20.0,0.0,0,-1,No n'hi ha,-1.0,3,3,1,-1,-1,0,0,-1,0,0,0,0,0,0,4,-1,-1,Xoc contra objecte/obstacle sense sortida prèvia de via,-1,2,2,5,-1,2,1,14.0,1,4,1,26,10
20130,2021,0,2021-08-07,GI-542,OSOR,Selva,1,0,1,0,1,0,0,0,1,0,0,0,0,90.0,0.0,0,-1,Sense Especificar,-1.0,3,3,1,0,0,0,0,0,0,0,0,0,0,0,4,-1,-1,Resta sortides de via,-1,1,2,4,4,2,0,9.44,0,1,5,7,8
20131,2021,1,2021-05-09,SE,GIRONA,Girones,1,0,1,1,1,0,0,0,0,1,0,0,0,30.0,0.0,0,2,No n'hi ha,-1.0,3,3,1,0,0,0,0,0,0,0,0,0,0,0,3,-1,1,Resta sortides de via,-1,2,2,5,0,2,0,4.13,2,1,6,9,5
20132,2021,0,2021-07-21,A-2,ABRERA,Baix Llobregat,3,0,1,0,1,0,0,0,1,0,0,0,0,100.0,0.0,0,2,No n'hi ha,-1.0,3,3,1,0,0,0,0,0,0,0,0,0,0,0,4,-1,0,Caiguda en la via,-1,1,2,4,1,2,1,9.58,0,0,2,21,7
20133,2021,0,2021-04-25,CR,VESPELLA,Tarragones,0,0,1,1,2,0,0,1,1,0,0,0,0,100.0,0.0,0,3,No n'hi ha,-1.0,3,3,1,0,0,0,0,0,0,0,0,0,0,0,4,-1,1,Col·lisió frontal,-1,1,2,3,0,2,0,17.31,1,2,6,25,4
20134,2021,1,2021-06-04,SE,MATARO,Maresme,3,0,1,0,2,1,0,0,0,1,0,0,0,20.0,0.0,0,-1,No n'hi ha,-1.0,3,3,1,0,-1,0,0,0,0,0,0,0,0,1,4,2,-1,Atropellament,2,2,2,5,-1,2,1,14.56,1,3,4,4,6
20135,2021,0,2021-10-26,B-124,MURA,Bages,3,0,1,0,1,0,1,0,0,0,0,0,0,90.0,0.0,0,-1,Sense Especificar,-1.0,3,3,1,0,0,0,0,0,0,0,0,0,0,0,4,-1,-1,Resta sortides de via,-1,1,2,4,4,2,1,18.0,1,1,1,26,10
20136,2021,0,2021-05-10,L-702,ARTESA DE LLEIDA,Segria,2,2,1,0,2,0,0,0,0,2,0,0,0,100.0,0.0,0,2,No n'hi ha,-1.0,3,3,0,0,0,0,0,0,0,0,0,0,0,0,4,-1,1,Col·lisió frontal,-1,1,2,4,2,2,1,8.05,0,2,0,10,5
20137,2021,1,2021-08-05,SE,VIC,Osona,3,0,1,0,2,0,0,0,0,1,0,1,0,30.0,0.0,0,2,No n'hi ha,-1.0,3,3,1,0,0,0,0,0,0,0,0,0,0,1,5,3,0,Envestida (frontal lateral),2,2,2,5,-1,2,1,23.1,2,2,3,5,8
20138,2021,0,2021-07-01,BP-1417,SANT CUGAT DEL VALLES,Valles Occidental,3,0,1,0,2,0,0,0,1,1,0,0,0,100.0,0.0,0,1,No n'hi ha,-1.0,3,3,1,0,0,0,0,0,0,0,0,0,0,0,4,-1,1,Fregament o col·lisió lateral,-1,1,2,4,3,2,1,14.52,1,2,3,1,7
20139,2021,1,2021-02-23,SE,TERRASSA,Valles Occidental,3,0,1,0,2,0,0,0,1,1,0,0,0,20.0,0.0,0,-1,No n'hi ha,-1.0,3,3,1,0,-1,0,0,0,0,0,0,0,0,0,4,-1,-1,Envestida (frontal lateral),-1,2,2,5,-1,2,1,7.4,0,2,1,23,2
20140,2021,1,2021-07-24,SE,VILA-SECA,Tarragones,0,0,1,0,2,1,0,0,0,1,0,0,0,100.0,0.0,0,-1,No n'hi ha,-1.0,3,3,1,0,0,0,0,0,0,0,0,0,0,0,4,-1,-1,Altres,-1,2,2,5,-1,2,0,9.25,0,5,5,24,7
20141,2021,0,2021-10-16,N-340,CERVELLO,Baix Llobregat,3,0,1,0,2,0,1,0,0,1,0,0,0,50.0,0.0,0,2,No n'hi ha,-1.0,3,3,1,0,0,0,0,0,0,0,0,0,0,0,4,-1,1,Encalç,-1,1,2,4,0,2,0,13.0,0,2,5,16,10
20142,2021,1,2021-02-22,SE,ROQUETES,Baix Ebre,0,0,1,0,1,0,1,0,0,0,0,0,0,20.0,0.0,0,2,No n'hi ha,-1.0,3,3,1,-1,0,0,0,-1,0,0,0,0,-1,1,4,4,1,Caiguda en la via,0,2,2,5,-1,2,1,14.45,1,0,0,22,2
20143,2021,1,2021-06-04,SE,MATARO,Maresme,3,0,1,0,2,0,0,0,1,1,0,0,0,20.0,1.0,0,-1,No n'hi ha,-1.0,3,3,1,0,0,0,0,0,0,0,0,0,0,1,4,4,-1,Envestida (frontal lateral),0,2,2,5,-1,2,0,16.55,1,2,4,4,6
20144,2021,1,2021-03-31,SE,BARCELONA,Barcelones,3,0,1,0,2,0,0,0,1,1,0,0,0,100.0,0.0,1,-1,No n'hi ha,-1.0,3,3,1,0,0,0,0,0,0,0,0,0,0,1,4,-1,0,Envestida (frontal lateral),2,2,2,5,-1,2,1,16.45,1,2,2,31,3
20145,2021,0,2021-03-16,AP-7,"ALDEA, L'",Baix Ebre,0,0,1,1,3,0,0,0,0,0,3,0,0,90.0,0.0,0,-1,Sense Especificar,-1.0,3,3,1,0,0,0,0,0,0,0,0,0,0,0,4,-1,-1,Encalç,-1,1,2,4,4,2,1,1.56,2,2,1,16,3
20146,2021,0,2021-03-11,AP-2,ALFES,Segria,2,0,1,0,1,0,0,0,0,1,0,0,0,100.0,0.0,0,2,No n'hi ha,-1.0,3,3,1,0,0,0,0,0,0,0,0,0,0,0,4,-1,0,Resta sortides de via,-1,1,2,4,1,2,1,18.3,1,1,3,11,3
20147,2021,1,2021-10-25,SE,SANT BOI DE LLOBREGAT,Baix Llobregat,3,0,1,3,2,0,0,0,0,1,1,0,0,30.0,0.0,0,-1,No n'hi ha,-1.0,3,3,1,0,0,0,0,0,0,0,0,0,0,1,4,5,-1,Envestida (frontal lateral),0,2,2,5,-1,2,1,16.18,1,2,0,25,10
20148,2021,1,2021-08-14,SE,TERRASSA,Valles Occidental,3,0,2,1,2,0,0,0,0,2,0,0,0,100.0,0.0,0,-1,No n'hi ha,-1.0,3,3,1,0,0,0,0,0,0,0,0,0,0,0,4,-1,-1,Altres,-1,2,2,5,-1,2,0,16.55,1,5,5,14,8
20149,2021,0,2021-08-14,N-260,GER,Cerdanya,1,0,1,2,3,0,0,0,0,3,0,0,0,100.0,0.0,0,1,No n'hi ha,-1.0,3,3,1,0,0,0,0,0,0,0,0,0,0,0,4,-1,1,Col·lisió frontal,-1,1,2,4,1,2,0,15.2,1,2,5,14,8
20150,2021,0,2021-07-09,AP-7,MONT-ROIG DEL CAMP,Baix Camp,0,0,3,2,1,0,0,0,0,1,0,0,0,90.0,0.0,0,-1,Sense Especificar,-1.0,3,3,1,0,0,0,0,0,0,0,0,0,0,0,4,-1,-1,Resta sortides de via,-1,1,2,4,4,2,1,14.27,1,1,4,9,7