,Year,Area,Date,Road,Municipality Name,County Name,Province Name,Fatalties,Serious Injuries,Light Injuries,Units Involved,Pedestrains Involved,Bicycles Involved,Mopeds Involved,Motorcycles,Light Vehicles Involved,Heavy Vehicles Involved,Other Units Involved,Unspecified Units Involved,Road Speed Limit,Accident with Hit and Run,Fog Presence,Surrounding Environment,Special Lane Presence,Special Traffic Measures,Weather Conditions,Special Road Functions,Severity of Accident,Influence of Fog,Influence of Environment,Influence of Traffic,Influence of Weather,Influence of Wind Intensity,Influence of Lighting,Influence of Special Measures,Influence of Road Objects,Influence of Road Surface,Influence of Visibility,Intersection Characteristics,Lighting Conditions,Traffic Regulation and Priority,Direction of Road,Subtype of Accident,Subtype of Road Section,Subzone within Area,Road Surface Conditions,Type of Road,Road Ownership,Wind Conditions,Day of the Week Grouping,Hour of Day,Time of Day Grouping,Type of Accident,Day Type,Day,Month
20151,2021,0,2021-10-09,L-311,CERVERA,Segarra,2,0,1,1,2,0,0,0,2,0,0,0,0,100.0,0.0,0,2,No n'hi ha,-1.0,3,3,1,0,0,0,0,0,0,0,0,0,0,1,4,4,1,Fregament o col·lisió lateral,1,1,2,4,3,2,0,10.3,0,2,5,9,10
20152,2021,1,2021-10-04,SE,BARCELONA,Barcelones,3,0,1,0,2,0,0,0,1,1,0,0,0,100.0,0.0,1,-1,No n'hi ha,-1.0,3,3,1,0,0,0,0,0,0,0,0,0,0,1,0,-1,1,Col·lisió frontal,1,2,2,5,-1,2,1,20.2,1,2,0,4,10
20153,2021,1,2021-06-24,GI-612,"PORT DE LA SELVA, EL",Alt Emporda,1,0,1,1,2,1,0,0,1,0,0,0,0,50.0,0.0,0,1,No n'hi ha,-1.0,3,3,1,0,0,0,0,0,0,0,0,0,0,0,3,-1,1,Atropellament,-1,0,2,4,2,2,1,0.05,2,3,3,24,6
20154,2021,1,2021-10-16,SE,BARCELONA,Barcelones,3,1,0,2,5,0,0,0,3,2,0,0,0,100.0,0.0,1,-1,No n'hi ha,-1.0,3,3,0,0,0,0,0,0,0,0,0,0,0,1,0,-1,1,Envestida (frontal lateral),2,2,2,5,-1,2,0,6.48,0,2,5,16,10
20155,2021,0,2021-07-29,C-1413a,SENTMENAT,Valles Occidental,3,0,1,0,2,0,0,0,0,1,0,1,0,90.0,0.0,0,-1,Sense Especificar,-1.0,3,3,1,0,0,0,0,0,0,0,0,0,0,0,4,-1,-1,Col·lisió frontal,-1,1,2,4,4,2,1,18.19,1,2,3,29,7
20156,2021,0,2021-02-09,C-35,LLINARS DEL VALLES,Valles Oriental,3,1,1,3,3,0,0,0,0,3,0,0,0,100.0,0.0,0,-1,No n'hi ha,-1.0,3,3,0,0,0,0,0,0,0,0,0,0,0,0,4,-1,-1,Altres,-1,1,2,4,-1,2,1,7.52,0,5,1,9,2
20157,2021,1,2021-07-10,SE,SABADELL,Valles Occidental,3,0,1,0,3,1,0,0,0,2,0,0,0,100.0,1.0,0,-1,No n'hi ha,-1.0,3,3,1,0,0,0,0,0,0,0,0,0,0,0,4,-1,-1,Atropellament,-1,2,2,5,-1,2,0,20.43,1,3,5,10,7
20158,2021,1,2021-06-09,SE,ANGLES,Selva,1,0,1,0,2,1,0,0,0,1,0,0,0,100.0,0.0,0,2,No n'hi ha,-1.0,3,3,1,0,0,0,0,0,0,0,0,0,0,0,4,-1,1,Atropellament,-1,0,2,4,2,2,1,19.31,1,3,2,9,6
20159,2021,1,2021-03-18,SE,VILA-SECA,Tarragones,0,0,1,0,2,1,0,0,0,1,0,0,0,100.0,0.0,0,-1,No n'hi ha,-1.0,3,3,1,0,0,0,0,0,0,0,0,0,0,0,4,-1,-1,Atropellament,-1,2,2,5,-1,2,1,11.35,0,3,3,18,3
20160,2021,0,2021-07-07,B-10,BARCELONA,Barcelones,3,0,1,0,1,0,0,0,1,0,0,0,0,60.0,0.0,1,-1,No n'hi ha,-1.0,3,3,1,0,0,0,0,0,0,0,0,0,0,0,0,-1,1,Xoc contra objecte/obstacle sense sortida prèvia de via,-1,1,2,4,-1,2,1,3.4,2,4,2,7,7
20161,2021,0,2021-10-15,B-502,ARGENTONA,Maresme,3,0,1,3,2,0,0,0,0,1,1,0,0,50.0,0.0,0,3,No n'hi ha,-1.0,3,3,1,0,0,0,0,0,0,0,0,0,0,1,0,4,1,Envestida (frontal lateral),0,1,2,4,3,2,1,7.37,0,2,4,15,10
20162,2021,1,2021-12-03,SE,BARCELONA,Barcelones,3,0,2,4,2,0,0,0,0,2,0,0,0,100.0,0.0,1,-1,No n'hi ha,-1.0,3,3,1,0,0,0,0,0,0,0,0,0,0,1,0,-1,1,Envestida (frontal lateral),2,2,2,5,-1,2,1,5.45,2,2,4,3,12
20163,2021,1,2021-05-08,SE,ROSES,Alt Emporda,1,2,0,0,3,2,0,0,0,1,0,0,0,40.0,0.0,0,2,No n'hi ha,-1.0,3,3,0,0,0,0,0,0,0,0,0,0,0,0,4,-1,1,Atropellament,-1,2,2,5,-1,2,0,14.55,1,3,5,8,5
20164,2021,0,2021-05-10,CR,PUIGVERD DE LLEIDA,Segria,2,1,0,0,1,0,0,0,0,0,1,0,0,100.0,0.0,0,1,No n'hi ha,-1.0,3,3,0,0,0,0,0,0,0,0,0,0,0,0,4,-1,1,Resta sortides de via,-1,1,2,3,0,2,1,13.3,0,1,0,10,5
20165,2021,1,2021-02-17,SE,BARCELONA,Barcelones,3,0,1,0,2,1,0,0,0,1,0,0,0,30.0,0.0,1,-1,No n'hi ha,-1.0,3,3,1,0,0,0,0,0,0,0,0,0,0,1,4,-1,0,Atropellament,2,2,2,5,-1,2,1,13.15,0,3,2,17,2
20166,2021,1,2021-02-12,SE,SANT FELIU DE PALLEROLS,Garrotxa,1,0,1,0,1,0,1,0,0,0,0,0,0,20.0,0.0,0,-1,Sense Especificar,-1.0,3,3,1,0,0,0,0,0,0,0,0,0,0,0,4,-1,-1,Altres,-1,2,2,5,-1,2,1,10.59,0,5,4,12,2
20167,2021,0,2021-08-08,C-31,MONT-RAS,Baix Emporda,1,0,1,0,2,0,0,0,0,2,0,0,0,80.0,0.0,0,1,No n'hi ha,-1.0,3,3,1,0,0,0,0,0,0,0,0,0,0,0,3,-1,0,Encalç,-1,1,2,4,2,2,0,21.42,1,2,6,8,8
20168,2021,1,2021-11-26,SE,SANT FELIU DE LLOBREGAT,Baix Llobregat,3,0,1,0,1,0,0,1,0,0,0,0,0,20.0,0.0,0,2,No n'hi ha,-1.0,3,3,1,-1,0,0,0,-1,0,0,0,0,-1,0,5,-1,1,Xoc contra objecte/obstacle sense sortida prèvia de via,-1,2,2,5,-1,2,0,23.08,2,4,4,26,11
20169,2021,0,2021-09-11,C-16z,BERGA,Bergueda,3,0,1,0,1,0,0,0,0,1,0,0,0,100.0,0.0,0,1,No n'hi ha,-1.0,3,3,1,0,0,0,0,0,0,0,0,0,0,0,4,-1,1,Resta sortides de via,-1,1,2,4,3,2,0,18.57,1,1,5,11,9
20170,2021,0,2021-05-14,N-IIa,LLEIDA,Segria,2,0,1,4,2,0,0,0,0,2,0,0,0,100.0,0.0,0,2,No n'hi ha,-1.0,3,3,1,0,0,0,0,0,0,0,0,0,0,0,4,-1,1,Envestida (frontal lateral),-1,1,2,4,0,2,0,19.34,1,2,4,14,5
20171,2021,0,2021-05-23,BV-4404,ORISTA,Osona,3,0,1,0,1,0,0,0,1,0,0,0,0,70.0,0.0,0,1,No n'hi ha,-1.0,3,3,1,0,0,0,0,0,0,0,0,0,0,2,4,5,1,Resta sortides de via,1,1,2,4,3,2,0,10.26,0,1,6,23,5
20172,2021,1,2021-02-06,SE,BARCELONA,Barcelones,3,0,1,0,1,0,0,0,1,0,0,0,0,100.0,0.0,1,-1,No n'hi ha,-1.0,3,3,1,0,0,0,0,0,0,0,0,0,0,1,0,-1,1,Xoc contra objecte/obstacle sense sortida prèvia de via,2,2,2,5,-1,2,0,22.38,2,4,5,6,2
20173,2021,0,2021-08-07,GI-512,MACANET DE LA SELVA,Selva,1,0,2,4,3,0,0,0,0,3,0,0,0,100.0,1.0,0,3,No n'hi ha,-1.0,3,3,1,0,0,0,0,0,0,0,0,0,0,0,4,-1,1,Col·lisió frontal,-1,1,2,4,3,2,0,10.41,0,2,5,7,8
20174,2021,1,2021-09-27,SE,BADALONA,Barcelones,3,0,1,0,2,0,0,0,0,2,0,0,0,30.0,0.0,0,2,No n'hi ha,-1.0,3,3,1,-1,0,0,0,-1,0,0,0,0,0,1,4,4,0,Sortida de via amb xoc o col·lisió,1,2,2,5,-1,2,1,11.58,0,1,0,27,9
20175,2021,1,2021-02-26,SE,BARCELONA,Barcelones,3,0,1,0,2,0,0,1,1,0,0,0,0,100.0,0.0,1,-1,No n'hi ha,-1.0,3,3,1,0,0,0,0,0,0,0,0,0,0,1,0,-1,1,Encalç,2,2,2,5,-1,2,0,19.36,1,2,4,26,2
20176,2021,0,2021-08-22,N-340,CERVELLO,Baix Llobregat,3,0,1,0,1,0,0,0,1,0,0,0,0,90.0,0.0,0,-1,Sense Especificar,-1.0,3,3,1,0,0,0,0,0,0,0,0,0,0,2,4,4,-1,Altres,0,1,2,4,4,2,0,0.15,2,5,6,22,8
20177,2021,0,2021-12-25,L-303,"PLANS DE SIO, ELS",Segarra,2,0,1,1,1,0,0,0,0,1,0,0,0,100.0,0.0,0,2,No n'hi ha,-1.0,3,3,1,0,0,0,0,0,0,0,0,0,0,0,3,-1,1,Resta sortides de via,-1,1,2,4,2,2,0,18.44,1,1,5,25,12
20178,2021,0,2021-05-02,N-230b,"PINELL DE BRAI, EL",Terra Alta,0,1,0,0,1,0,0,0,1,0,0,0,0,100.0,0.0,0,1,No n'hi ha,-1.0,3,3,0,0,0,0,0,0,0,0,0,0,0,0,4,-1,1,Resta sortides de via,-1,1,2,4,3,2,0,9.34,0,1,6,2,5
20179,2021,1,2021-03-15,SE,PALAU DE PLEGAMANS,Valles Occidental,3,0,1,0,1,0,0,0,1,0,0,0,0,100.0,0.0,0,0,No n'hi ha,-1.0,3,3,1,0,0,0,0,0,0,0,0,0,0,1,4,-1,1,Resta sortides de via,1,2,0,5,-1,2,1,10.0,0,1,0,15,3
20180,2021,1,2021-09-07,SE,SANT ADRIA DE BESOS,Barcelones,3,0,1,0,2,0,0,0,1,0,1,0,0,20.0,0.0,0,-1,No n'hi ha,-1.0,3,3,1,0,0,0,0,0,0,0,0,0,0,1,4,4,-1,Fregament o col·lisió lateral,0,2,2,5,-1,2,1,13.15,0,2,1,7,9
20181,2021,0,2021-02-04,B-231,HOSTALETS DE PIEROLA,Anoia,3,1,0,1,3,0,0,0,1,2,0,0,0,100.0,0.0,0,2,No n'hi ha,-1.0,3,3,0,0,0,0,0,0,0,0,0,0,0,0,4,-1,1,Fregament o col·lisió lateral,-1,1,2,4,2,2,1,14.53,1,2,3,4,2
20182,2021,0,2021-02-12,A-2,LLEIDA,Segria,2,0,1,0,1,0,0,0,0,1,0,0,0,90.0,0.0,0,-1,Sense Especificar,-1.0,3,3,1,0,0,0,0,0,0,0,0,0,0,0,4,-1,-1,Resta sortides de via,-1,1,2,4,4,2,1,14.58,1,1,4,12,2
20183,2021,0,2021-05-06,A-2,MONTMANEU,Anoia,3,0,1,1,2,0,0,0,0,0,2,0,0,100.0,0.0,0,1,No n'hi ha,-1.0,3,3,1,0,0,0,0,0,0,0,0,0,0,0,3,-1,0,Fregament o col·lisió lateral,-1,1,2,4,1,2,1,6.15,0,2,3,6,5
20184,2021,0,2021-01-29,C-17,MALLA,Osona,3,0,2,0,2,0,0,0,1,1,0,0,0,100.0,0.0,0,2,No n'hi ha,-1.0,3,3,1,0,0,0,0,0,0,0,0,0,0,0,4,-1,0,Encalç,-1,1,2,4,2,2,0,17.35,1,2,4,29,1
20185,2021,1,2021-10-18,SE,CASTELLDEFELS,Baix Llobregat,3,0,1,0,1,0,0,0,1,0,0,0,0,100.0,0.0,0,2,No n'hi ha,-1.0,3,3,1,0,0,0,0,0,0,0,0,0,0,0,5,-1,1,Resta sortides de via,-1,2,2,5,-1,2,1,1.25,2,1,0,18,10
20186,2021,0,2021-05-18,CR,"GRANADELLA, LA",Garrigues,2,0,2,0,2,0,0,0,1,0,0,1,0,100.0,0.0,0,3,No n'hi ha,-1.0,3,3,1,0,0,0,0,0,0,0,0,0,0,0,4,-1,1,Col·lisió frontal,-1,1,5,3,0,2,1,17.53,1,2,1,18,5
20187,2021,1,2021-01-15,SE,BARCELONA,Barcelones,3,0,1,0,2,0,0,0,1,1,0,0,0,100.0,0.0,1,-1,Carril bici,-1.0,3,3,1,0,0,0,0,0,0,0,0,0,0,0,4,-1,0,Fregament o col·lisió lateral,-1,2,2,5,-1,2,1,10.0,0,2,4,15,1
20188,2021,0,2021-03-07,CR,LLEIDA,Segria,2,0,1,2,1,0,0,0,0,0,0,1,0,100.0,0.0,0,2,No n'hi ha,-1.0,3,3,1,0,0,0,0,0,0,0,0,1,0,0,4,-1,1,Resta sortides de via,-1,1,0,3,0,2,0,17.14,1,1,6,7,3
20189,2021,1,2021-03-02,SE,MATARO,Maresme,3,1,0,1,2,0,0,0,0,1,1,0,0,20.0,0.0,0,-1,No n'hi ha,-1.0,3,3,0,-1,0,0,0,-1,0,0,0,0,0,0,5,-1,1,Col·lisió frontal,-1,2,2,5,-1,2,1,21.42,1,2,1,2,3
20190,2021,0,2021-12-17,C-25D,VIC,Osona,3,0,3,1,2,0,0,0,0,2,0,0,0,100.0,0.0,0,2,No n'hi ha,-1.0,3,3,1,0,0,0,0,0,0,0,0,0,0,1,3,4,1,Envestida (frontal lateral),1,1,2,4,2,2,1,6.06,0,2,4,17,12
20191,2021,0,2021-11-11,BP-1432,"AMETLLA DEL VALLES,",Valles Oriental,3,0,1,0,2,0,0,0,0,1,1,0,0,30.0,0.0,0,1,No n'hi ha,-1.0,1,3,1,0,0,0,1,0,0,0,0,0,0,0,2,-1,1,Col·lisió frontal,-1,1,2,4,2,2,1,9.26,0,2,3,11,11
20192,2021,1,2021-05-20,SE,FIGUERES,Alt Emporda,1,0,1,0,2,0,0,0,1,1,0,0,0,20.0,0.0,0,2,No n'hi ha,-1.0,3,3,1,-1,0,0,0,-1,0,0,0,0,-1,1,4,5,1,Envestida (frontal lateral),2,2,2,5,-1,2,1,14.3,1,2,3,20,5
20193,2021,0,2021-06-15,C-13,TALARN,Pallars Jussa,2,0,2,0,2,0,0,0,0,2,0,0,0,100.0,0.0,0,1,No n'hi ha,-1.0,3,3,1,0,0,0,0,0,0,0,0,0,0,0,4,-1,1,Col·lisió frontal,-1,1,2,4,2,2,1,11.28,0,2,1,15,6
20194,2021,1,2021-10-01,SE,GIRONA,Girones,1,0,1,0,2,1,1,0,0,0,0,0,0,100.0,0.0,0,2,No n'hi ha,-1.0,3,3,1,0,0,0,0,0,0,0,0,0,0,0,4,-1,1,Atropellament,-1,2,2,5,-1,2,1,7.52,0,3,4,1,10
20195,2021,1,2021-04-20,SE,BARCELONA,Barcelones,3,0,1,0,2,0,0,0,1,1,0,0,0,100.0,0.0,1,-1,No n'hi ha,-1.0,3,3,1,0,0,0,0,0,0,0,0,0,0,1,4,-1,0,Encalç,2,2,2,5,-1,2,1,16.4,1,2,1,20,4
20196,2021,1,2021-08-20,SE,TARRAGONA,Tarragones,0,0,1,0,2,1,0,0,0,1,0,0,0,100.0,0.0,0,2,No n'hi ha,-1.0,3,3,1,0,0,0,0,0,0,0,0,0,0,1,4,5,0,Atropellament,1,2,2,5,-1,2,0,18.21,1,3,4,20,8
20197,2021,1,2021-09-16,SE,CERVELLO,Baix Llobregat,3,1,0,0,1,0,0,0,1,0,0,0,0,100.0,0.0,0,-1,No n'hi ha,-1.0,3,3,0,0,0,0,0,0,0,0,0,0,0,0,4,-1,-1,Altres,-1,2,2,5,-1,2,1,19.25,1,5,3,16,9
20198,2021,0,2021-09-08,B-23,SANT JOAN DESPI,Baix Llobregat,3,0,2,1,3,0,0,0,1,1,1,0,0,80.0,0.0,0,2,No n'hi ha,-1.0,3,3,1,0,0,0,0,0,0,0,0,0,0,0,4,-1,1,Encalç,-1,1,3,4,3,2,1,11.41,0,2,2,8,9
20199,2021,0,2021-02-03,BV-4511,SANT JOAN DE VILATOR,Bages,3,0,2,2,1,0,0,0,0,1,0,0,0,50.0,0.0,0,3,No n'hi ha,-1.0,3,3,1,0,0,0,0,0,0,0,0,0,0,0,4,-1,1,Resta sortides de via,-1,1,2,4,2,2,1,16.24,1,1,2,3,2
20200,2021,0,2021-02-16,-GIP 6531.00,BEGUR,Baix Emporda,1,0,1,1,1,0,0,0,0,1,0,0,0,90.0,0.0,0,-1,Sense Especificar,-1.0,3,3,1,0,0,0,0,0,0,0,0,0,0,0,4,-1,-1,Resta sortides de via,-1,1,2,4,4,2,1,18.38,1,1,1,16,2
20201,2021,0,2021-08-19,GI-553,SANT FELIU DE BUIXALLEU,Selva,1,0,1,2,2,0,0,0,0,2,0,0,0,100.0,0.0,0,2,No n'hi ha,-1.0,3,3,1,0,0,0,0,0,0,0,0,0,0,1,4,4,1,Envestida (frontal lateral),2,1,2,4,2,2,1,11.35,0,2,3,19,8
20202,2021,1,2021-10-24,SE,BADALONA,Barcelones,3,0,1,0,1,0,0,0,0,1,0,0,0,20.0,0.0,0,-1,No n'hi ha,-1.0,3,3,1,0,-1,0,0,0,0,0,0,0,0,0,5,-1,-1,Sortida de via amb bolcada,-1,2,2,5,-1,2,0,2.18,2,1,6,24,10
20203,2021,1,2021-10-26,SE,IGUALADA,Anoia,3,0,1,0,2,0,0,1,0,1,0,0,0,50.0,0.0,0,-1,No n'hi ha,-1.0,3,3,1,-1,-1,0,0,-1,0,0,0,0,-1,1,4,4,1,Fregament o col·lisió lateral,2,2,2,5,0,2,1,16.3,1,2,1,26,10
20204,2021,1,2021-05-17,SE,MATARO,Maresme,3,0,1,0,2,1,1,0,0,0,0,0,0,20.0,0.0,0,-1,No n'hi ha,-1.0,3,3,1,-1,-1,0,0,-1,0,0,0,0,-1,0,4,-1,-1,Atropellament,-1,2,2,5,-1,2,1,17.5,1,3,0,17,5
20205,2021,0,2021-10-11,B-23,ESPLUGUES DE LLOBREGAT,Baix Llobregat,3,0,1,0,1,0,0,0,1,0,0,0,0,90.0,0.0,0,-1,Sense Especificar,-1.0,3,3,1,0,0,0,0,0,0,0,0,0,0,0,4,-1,-1,Altres,-1,1,2,4,4,2,1,18.25,1,5,0,11,10
20206,2021,1,2021-10-14,SE,BARCELONA,Barcelones,3,0,1,0,2,0,0,0,1,1,0,0,0,30.0,0.0,1,-1,No n'hi ha,-1.0,3,3,1,0,0,0,0,0,0,0,0,0,0,1,0,-1,1,Envestida (frontal lateral),2,2,2,5,-1,2,1,19.3,1,2,3,14,10
20207,2021,1,2021-12-20,SE,TARRAGONA,Tarragones,0,0,1,0,2,1,0,0,0,1,0,0,0,100.0,0.0,0,2,No n'hi ha,-1.0,3,3,1,0,0,0,0,0,0,0,0,0,0,1,4,-1,1,Atropellament,1,2,2,5,-1,2,1,9.49,0,3,0,20,12
20208,2021,0,2021-01-11,AP-7,"ROCA DEL VALLES, LA",Valles Oriental,3,0,1,0,2,0,0,0,0,1,1,0,0,100.0,0.0,0,2,Carril acceleració,-1.0,3,3,1,0,0,0,0,0,0,0,1,0,0,0,4,-1,1,Encalç,-1,1,2,4,1,2,1,10.37,0,2,0,11,1
20209,2021,1,2021-08-20,SE,BARCELONA,Barcelones,3,0,1,0,2,1,0,0,0,1,0,0,0,100.0,0.0,1,-1,No n'hi ha,-1.0,3,3,1,0,0,0,0,0,0,0,0,0,0,1,4,-1,0,Atropellament,2,2,2,5,-1,2,0,20.1,1,3,4,20,8
20210,2021,0,2021-03-25,C-1412a,SANA?JA,Segarra,2,1,3,1,2,0,0,0,0,2,0,0,0,100.0,0.0,0,2,No n'hi ha,-1.0,3,3,0,0,0,0,0,0,0,0,0,0,0,0,1,-1,1,Col·lisió frontal,-1,1,2,4,0,2,1,19.14,1,2,3,25,3
20211,2021,1,2021-10-18,SE,BARCELONA,Barcelones,3,0,1,0,2,0,1,0,0,1,0,0,0,100.0,0.0,1,-1,No n'hi ha,-1.0,3,3,1,0,0,0,0,0,0,0,0,0,0,0,0,-1,0,Envestida (frontal lateral),-1,2,2,5,-1,2,1,19.56,1,2,0,18,10
20212,2021,1,2021-12-19,SE,BADALONA,Barcelones,3,1,0,1,3,0,0,0,1,2,0,0,0,20.0,0.0,0,-1,No n'hi ha,-1.0,3,3,0,-1,-1,0,0,-1,0,0,0,0,-1,0,5,-1,0,Encalç,-1,2,2,5,-1,2,0,22.33,2,2,6,19,12
20213,2021,1,2021-01-27,SE,MARTORELL,Baix Llobregat,3,0,1,0,1,0,1,0,0,0,0,0,0,50.0,0.0,0,-1,No n'hi ha,-1.0,3,3,1,-1,-1,0,0,-1,0,0,0,0,0,0,4,-1,-1,Sortida de via amb bolcada,-1,2,2,5,-1,2,1,12.35,0,1,2,27,1
20214,2021,0,2021-12-27,C-63,VIDRERES,Selva,1,0,1,0,2,0,0,0,1,0,1,0,0,100.0,0.0,0,2,No n'hi ha,-1.0,3,3,1,0,0,0,0,0,0,0,0,0,0,0,4,-1,1,Envestida (frontal lateral),-1,1,2,4,0,2,1,16.3,1,2,0,27,12
20215,2021,0,2021-12-27,GI-644,SERRA DE DARO,Baix Emporda,1,0,2,0,2,0,0,0,0,2,0,0,0,50.0,0.0,0,3,No n'hi ha,-1.0,1,3,1,0,0,0,0,0,0,0,0,0,0,0,4,-1,1,Fregament o col·lisió lateral,-1,1,2,4,2,2,1,13.2,0,2,0,27,12
20216,2021,0,2021-12-22,GI-634,JAFRE,Baix Emporda,1,0,2,0,2,0,0,0,0,2,0,0,0,100.0,0.0,0,2,No n'hi ha,-1.0,3,3,1,0,0,0,0,0,0,0,0,0,0,0,3,-1,1,Col·lisió frontal,-1,1,2,4,3,2,1,7.19,0,2,2,22,12
20217,2021,1,2021-11-04,SE,BARCELONA,Barcelones,3,0,1,0,2,0,0,0,0,0,1,1,0,100.0,0.0,1,-1,No n'hi ha,-1.0,3,3,1,0,0,0,0,0,0,0,0,0,0,0,4,-1,0,Envestida (frontal lateral),-1,2,2,5,-1,2,1,11.5,0,2,3,4,11
20218,2021,1,2021-12-15,SE,SANT FRUITOS DE BAGES,Bages,3,0,1,2,2,0,0,0,0,2,0,0,0,20.0,0.0,0,2,No n'hi ha,-1.0,3,3,1,-1,0,0,0,-1,0,0,0,0,-1,0,4,-1,1,Xoc contra objecte/obstacle sense sortida prèvia de via,-1,2,2,5,-1,2,1,15.0,1,4,2,15,12
20219,2021,0,2021-12-31,AP-2,CASTELLDANS,Garrigues,2,3,2,1,7,0,0,0,0,3,3,1,0,100.0,0.0,1,2,No n'hi ha,-1.0,3,3,0,1,0,0,0,0,0,0,0,0,0,0,3,-1,0,Encalç,-1,1,2,4,1,2,1,4.4,2,2,4,31,12
20220,2021,0,2021-10-10,C-28,ALT ANEU,Pallars Sobira,2,0,1,1,1,0,0,0,1,0,0,0,0,100.0,0.0,0,1,No n'hi ha,-1.0,3,3,1,0,0,0,0,0,0,0,0,0,0,0,3,-1,1,Xoc contra objecte/obstacle sense sortida prèvia de via,-1,1,2,4,2,2,0,20.18,1,4,6,10,10
20221,2021,1,2021-08-07,SE,VILAFRANCA DEL PENEDES,Alt Penedes,3,0,1,0,2,1,0,0,0,1,0,0,0,100.0,0.0,0,2,No n'hi ha,-1.0,3,3,1,0,0,0,0,0,0,0,0,0,0,2,4,3,1,Atropellament,2,2,2,5,-1,2,0,9.0,0,3,5,7,8
20222,2021,1,2021-02-06,SE,BARCELONA,Barcelones,3,0,1,1,2,0,0,1,0,1,0,0,0,100.0,0.0,1,-1,No n'hi ha,-1.0,3,3,1,0,0,0,0,0,0,0,0,0,0,1,0,-1,1,Col·lisió frontal,1,2,2,5,-1,2,0,20.3,1,2,5,6,2
20223,2021,1,2021-11-18,SE,SALOU,Tarragones,0,0,1,1,2,1,0,0,1,0,0,0,0,100.0,0.0,0,2,No n'hi ha,-1.0,3,3,1,0,0,0,0,0,0,0,0,0,0,0,4,-1,0,Atropellament,-1,2,2,5,-1,2,1,16.15,1,3,3,18,11
20224,2021,1,2021-05-26,SE,TERRASSA,Valles Occidental,3,0,1,0,1,0,1,0,0,0,0,0,0,20.0,0.0,0,-1,No n'hi ha,-1.0,3,3,1,-1,-1,0,0,-1,0,0,0,0,0,0,1,-1,-1,Caiguda en la via,-1,2,2,5,-1,2,1,21.0,1,0,2,26,5
20225,2021,1,2021-09-01,SE,VILAFRANCA DEL PENEDES,Alt Penedes,3,0,1,0,2,1,0,0,0,1,0,0,0,20.0,0.0,0,2,No n'hi ha,-1.0,3,3,1,-1,0,0,0,-1,0,0,0,0,0,1,4,2,0,Atropellament,2,2,2,5,0,2,1,12.22,0,3,2,1,9
20226,2021,1,2021-09-12,SE,GIRONA,Girones,1,0,1,0,1,0,1,0,0,0,0,0,0,20.0,0.0,0,-1,Sense Especificar,-1.0,3,3,1,0,0,0,0,0,0,0,0,0,0,0,4,-1,-1,Altres,-1,2,2,5,-1,2,0,10.19,0,5,6,12,9
20227,2021,1,2021-02-04,SE,CORNELLA DE LLOBREGAT,Baix Llobregat,3,0,1,0,2,1,0,0,1,0,0,0,0,30.0,0.0,0,-1,No n'hi ha,-1.0,3,3,1,0,0,0,0,0,0,0,0,0,0,0,4,-1,0,Atropellament,-1,2,2,5,0,2,1,10.0,0,3,3,4,2
20228,2021,0,2021-02-11,A-2,CORNELLA DE LLOBREGAT,Baix Llobregat,3,0,1,0,2,0,0,0,1,1,0,0,0,40.0,0.0,0,0,No n'hi ha,-1.0,3,3,1,0,0,0,0,0,0,0,0,0,0,1,1,4,0,Caiguda en la via,0,1,2,4,1,2,1,7.03,0,0,3,11,2
20229,2021,1,2021-03-31,SE,REUS,Baix Camp,0,0,1,0,1,0,1,0,0,0,0,0,0,100.0,0.0,0,-1,No n'hi ha,-1.0,3,3,1,0,0,0,0,0,0,0,0,0,0,0,4,-1,-1,Caiguda en la via,-1,2,2,5,-1,2,1,22.01,2,0,2,31,3
20230,2021,1,2021-08-18,SE,GIRONA,Girones,1,0,1,0,2,0,0,1,0,1,0,0,0,100.0,0.0,0,2,No n'hi ha,-1.0,3,3,1,0,0,0,0,0,0,0,0,0,0,1,4,4,0,Envestida (frontal lateral),0,2,2,5,-1,2,1,9.07,0,2,2,18,8
20231,2021,1,2021-12-09,SE,BARCELONA,Barcelones,3,0,1,0,2,1,0,0,0,0,0,1,0,100.0,0.0,1,-1,No n'hi ha,-1.0,3,3,1,0,0,0,0,0,0,0,0,0,0,0,4,-1,1,Atropellament,-1,2,2,5,-1,2,1,12.5,0,3,3,9,12
20232,2021,1,2021-07-24,SE,CORNELLA DE LLOBREGAT,Baix Llobregat,3,0,1,0,2,1,0,0,0,1,0,0,0,20.0,0.0,0,2,No n'hi ha,-1.0,3,3,1,-1,0,0,0,-1,0,0,0,0,-1,1,4,3,1,Atropellament,2,2,2,5,-1,2,0,19.4,1,3,5,24,7
20233,2021,1,2021-10-26,SE,BARCELONA,Barcelones,3,0,1,0,2,1,0,0,0,1,0,0,0,100.0,0.0,1,-1,No n'hi ha,-1.0,3,3,1,0,0,0,0,0,0,0,0,0,0,1,4,-1,1,Atropellament,1,2,2,5,-1,2,1,8.05,0,3,1,26,10
20234,2021,0,2021-12-15,AP-7,CERDANYOLA DEL VALLES,Valles Occidental,3,0,1,0,3,0,0,0,1,1,1,0,0,100.0,1.0,0,2,No n'hi ha,-1.0,3,3,1,0,0,0,0,0,0,0,0,0,0,0,4,-1,0,Fregament o col·lisió lateral,-1,1,2,4,1,2,1,15.34,1,2,2,15,12