,Year,Area,Date,Road,Municipality Name,County Name,Province Name,Fatalties,Serious Injuries,Light Injuries,Units Involved,Pedestrains Involved,Bicycles Involved,Mopeds Involved,Motorcycles,Light Vehicles Involved,Heavy Vehicles Involved,Other Units Involved,Unspecified Units Involved,Road Speed Limit,Accident with Hit and Run,Fog Presence,Surrounding Environment,Special Lane Presence,Special Traffic Measures,Weather Conditions,Special Road Functions,Severity of Accident,Influence of Fog,Influence of Environment,Influence of Traffic,Influence of Weather,Influence of Wind Intensity,Influence of Lighting,Influence of Special Measures,Influence of Road Objects,Influence of Road Surface,Influence of Visibility,Intersection Characteristics,Lighting Conditions,Traffic Regulation and Priority,Direction of Road,Subtype of Accident,Subtype of Road Section,Subzone within Area,Road Surface Conditions,Type of Road,Road Ownership,Wind Conditions,Day of the Week Grouping,Hour of Day,Time of Day Grouping,Type of Accident,Day Type,Day,Month
20235,2021,1,2021-11-29,SE,HOSPITALET DE LLOBREGAT,Barcelones,3,1,0,0,2,1,0,0,0,1,0,0,0,20.0,0.0,1,-1,No n'hi ha,-1.0,3,3,0,0,0,0,0,-1,1,0,0,0,0,0,4,-1,1,Atropellament,-1,2,2,5,-1,2,1,9.12,0,3,0,29,11
20236,2021,1,2021-04-06,SE,CERDANYOLA DEL VALLES,Valles Occidental,3,0,1,0,2,0,0,0,1,1,0,0,0,20.0,0.0,0,2,No n'hi ha,-1.0,3,3,1,-1,0,0,0,-1,0,0,0,0,0,0,4,-1,1,Caiguda en la via,-1,2,2,5,-1,2,1,9.05,0,0,1,6,4
20237,2021,1,2021-04-21,SE,TARRAGONA,Tarragones,0,0,1,0,2,1,0,0,0,1,0,0,0,100.0,0.0,0,2,No n'hi ha,-1.0,3,3,1,0,0,0,0,0,0,0,0,0,1,0,4,-1,0,Atropellament,-1,2,2,5,-1,2,1,12.17,0,3,2,21,4
20238,2021,1,2021-10-18,C-61,ARENYS DE MAR,Maresme,3,0,1,1,2,0,0,0,0,2,0,0,0,50.0,0.0,0,2,No n'hi ha,-1.0,3,3,1,0,0,0,0,0,0,0,0,0,0,1,4,4,1,Envestida (frontal lateral),2,0,2,4,2,2,1,12.14,0,2,0,18,10
20239,2021,0,2021-07-20,N-IIa,GOLMES,Pla d'Urgell,2,1,0,0,2,0,0,0,0,1,1,0,0,100.0,0.0,0,2,No n'hi ha,-1.0,3,3,0,0,0,0,0,0,0,0,0,0,0,0,4,-1,1,Col·lisió frontal,-1,1,2,4,1,2,1,18.12,1,2,1,20,7
20240,2021,1,2021-07-29,SE,ESPARREGUERA,Baix Llobregat,3,0,1,0,2,1,0,0,0,1,0,0,0,20.0,0.0,0,-1,No n'hi ha,-1.0,3,3,1,-1,0,0,0,-1,0,0,0,0,0,0,4,-1,-1,Atropellament,-1,2,2,5,-1,2,1,11.0,0,3,3,29,7
20241,2021,1,2021-04-12,SE,VILASSAR DE MAR,Maresme,3,0,1,0,1,0,1,0,0,0,0,0,0,30.0,0.0,0,2,No n'hi ha,-1.0,3,3,1,0,0,0,0,0,0,0,0,0,0,0,4,-1,1,Caiguda en la via,-1,2,2,5,-1,2,1,14.25,1,0,0,12,4
20242,2021,0,2021-05-23,T-11,TARRAGONA,Tarragones,0,1,0,0,2,0,0,0,0,2,0,0,0,40.0,0.0,0,1,No n'hi ha,-1.0,3,3,0,0,0,0,0,0,0,0,0,0,0,1,5,4,1,Resta sortides de via,0,1,2,4,1,2,0,21.31,1,1,6,23,5
20243,2021,1,2021-10-28,SE,BADALONA,Barcelones,3,0,1,0,2,0,0,0,1,1,0,0,0,100.0,0.0,0,-1,No n'hi ha,-1.0,3,3,1,0,0,0,0,0,1,0,0,0,0,0,4,-1,-1,Envestida (frontal lateral),-1,2,2,5,-1,2,1,16.3,1,2,3,28,10
20244,2021,0,2021-06-22,N-340,VILAFRANCA DEL PENEDES,Alt Penedes,3,0,2,0,2,0,0,0,0,1,1,0,0,80.0,0.0,0,2,No n'hi ha,-1.0,3,3,1,0,0,0,0,0,0,0,0,0,0,0,1,-1,1,Col·lisió frontal,-1,1,2,4,1,2,1,6.17,0,2,1,22,6
20245,2021,0,2021-11-14,N-260,MONTFERRER I CASTELLBO,Alt Urgell,2,0,1,1,1,0,0,0,0,1,0,0,0,100.0,0.0,0,2,No n'hi ha,-1.0,3,3,1,0,0,0,0,0,0,0,0,0,0,0,1,-1,1,Resta sortides de via,-1,1,2,4,1,2,0,7.42,0,1,6,14,11
20246,2021,0,2021-06-11,LP-9221,LLEIDA,Segria,2,1,0,12,2,0,0,0,0,1,1,0,0,100.0,0.0,0,1,No n'hi ha,-1.0,3,3,0,0,0,0,0,0,0,0,0,0,0,0,4,-1,1,Col·lisió frontal,-1,1,2,4,3,2,0,15.02,1,2,4,11,6
20247,2021,1,2021-06-04,C-59,SAN FELIU DE CODINES,Valles Oriental,3,0,1,0,2,0,0,0,1,1,0,0,0,90.0,0.0,0,-1,Sense Especificar,-1.0,3,3,1,0,0,0,0,0,0,0,0,0,0,0,4,-1,-1,Col·lisió frontal,-1,0,2,4,4,2,0,19.29,1,2,4,4,6
20248,2021,1,2021-10-11,SE,BARCELONA,Barcelones,3,0,1,0,2,1,0,0,0,0,1,0,0,100.0,0.0,1,-1,No n'hi ha,-1.0,3,3,1,0,0,0,0,0,0,0,0,0,0,1,4,-1,1,Atropellament,2,2,2,5,-1,2,1,15.25,1,3,0,11,10
20249,2021,1,2021-03-14,SE,SANT BOI DE LLOBREGAT,Baix Llobregat,3,0,1,0,1,0,0,1,0,0,0,0,0,30.0,0.0,0,2,No n'hi ha,0.0,3,3,1,0,0,0,0,0,0,0,0,0,0,1,5,4,0,Altres,1,2,2,5,0,2,0,5.22,2,5,6,14,3
20250,2021,1,2021-03-24,C-26,ALFARRAS,Segria,2,0,1,0,2,0,0,0,1,1,0,0,0,50.0,0.0,0,2,No n'hi ha,-1.0,3,3,1,0,0,0,0,0,0,0,0,0,0,1,4,4,1,Envestida (frontal lateral),2,0,2,4,0,2,1,15.07,1,2,2,24,3
20251,2021,1,2021-02-24,SE,IGUALADA,Anoia,3,0,1,0,2,1,0,0,0,1,0,0,0,50.0,0.0,0,2,No n'hi ha,-1.0,3,3,1,-1,0,0,0,-1,0,0,0,0,-1,1,4,2,0,Atropellament,2,2,2,5,0,2,1,13.1,0,3,2,24,2
20252,2021,1,2021-07-22,SE,CAMPDEVANOL,Ripolles,1,0,1,1,1,0,0,0,0,1,0,0,0,20.0,0.0,0,-1,Sense Especificar,-1.0,3,3,1,0,0,0,0,0,0,0,0,0,0,0,4,-1,-1,Resta sortides de via,-1,2,2,5,-1,2,1,19.23,1,1,3,22,7
20253,2021,1,2021-05-13,SE,SANT PERE DE RIBES,Garraf,3,0,1,0,2,0,0,0,1,1,0,0,0,100.0,0.0,0,-1,No n'hi ha,-1.0,3,3,1,0,0,0,0,0,0,0,0,0,0,0,4,-1,-1,Col·lisió frontal,-1,2,2,5,-1,2,1,15.4,1,2,3,13,5
20254,2021,0,2021-06-08,BV-2421,"PALMA DE CERVELLO, LA",Baix Llobregat,3,1,0,0,3,0,0,0,1,2,0,0,0,50.0,0.0,0,2,No n'hi ha,-1.0,3,3,0,0,0,0,0,0,0,0,0,0,0,2,4,4,1,Col·lisió frontal,1,1,2,4,0,2,1,15.11,1,2,1,8,6
20255,2021,0,2021-04-24,AP-7,SUBIRATS,Alt Penedes,3,1,0,0,2,0,0,0,0,0,2,0,0,100.0,0.0,0,2,No n'hi ha,3.0,3,3,0,0,0,0,0,0,0,0,0,0,0,0,4,-1,0,Encalç,-1,1,2,4,1,2,0,14.29,1,2,5,24,4
20256,2021,0,2021-11-12,T-710,GRATALLOPS,Priorat,0,0,1,0,2,0,0,0,1,1,0,0,0,100.0,0.0,0,1,No n'hi ha,-1.0,3,3,1,0,0,0,0,0,0,0,0,0,0,0,4,-1,1,Fregament o col·lisió lateral,-1,1,2,4,2,2,1,13.19,0,2,4,12,11
20257,2021,1,2021-11-30,SE,SABADELL,Valles Occidental,3,0,1,0,2,0,0,0,1,1,0,0,0,100.0,0.0,0,-1,No n'hi ha,-1.0,3,3,1,0,0,0,0,0,0,0,0,0,0,0,4,-1,-1,Col·lisió frontal,-1,2,2,5,-1,2,1,17.56,1,2,1,30,11
20258,2021,0,2021-10-24,BV-1221,MATADEPERA,Valles Occidental,3,0,1,0,2,0,0,0,1,1,0,0,0,50.0,0.0,0,1,No n'hi ha,-1.0,3,3,1,0,0,0,0,0,0,0,0,0,0,1,4,5,1,Fregament o col·lisió lateral,1,1,2,4,3,2,0,10.21,0,2,6,24,10
20259,2021,0,2021-12-30,TV-3022,"PERELLO, EL",Baix Ebre,0,0,1,0,2,0,0,0,1,1,0,0,0,100.0,0.0,0,1,No n'hi ha,-1.0,3,3,1,0,0,0,0,0,0,0,0,0,0,2,4,5,1,Encalç,1,1,2,4,2,2,1,11.32,0,2,3,30,12
20260,2021,1,2021-02-14,SE,SANT QUIRZE DEL VALLES,Valles Occidental,3,1,0,0,2,1,0,0,0,1,0,0,0,20.0,0.0,0,2,No n'hi ha,-1.0,1,3,0,-1,0,0,0,-1,0,0,0,0,0,0,2,-1,-1,Atropellament,-1,2,0,5,-1,2,0,11.05,0,3,6,14,2
20261,2021,1,2021-08-22,SE,VILANOVA I LA GELTRU,Garraf,3,0,1,1,2,0,0,0,0,2,0,0,0,100.0,0.0,0,2,No n'hi ha,-1.0,3,3,1,0,0,0,0,0,0,0,0,0,0,1,4,3,1,Envestida (frontal lateral),2,2,2,5,-1,2,0,15.1,1,2,6,22,8
20262,2021,0,2021-10-08,N-340,VILAFRANCA DEL PENEDES,Alt Penedes,3,0,1,2,4,0,0,0,0,4,0,0,0,90.0,0.0,0,2,No n'hi ha,-1.0,3,3,1,0,0,0,0,0,0,0,0,0,0,0,3,-1,1,Envestida (frontal lateral),-1,1,2,4,1,2,0,20.34,1,2,4,8,10
20263,2021,1,2021-10-29,N-240,TARRAGONA,Tarragones,0,0,1,0,2,1,0,0,0,1,0,0,0,100.0,0.0,0,2,No n'hi ha,-1.0,3,3,1,0,0,0,0,0,0,0,0,0,0,0,4,-1,0,Atropellament,-1,0,3,4,-1,2,1,14.05,1,3,4,29,10
20264,2021,0,2021-06-12,A-7,TARRAGONA,Tarragones,0,0,1,3,2,0,0,0,0,2,0,0,0,80.0,0.0,0,2,No n'hi ha,-1.0,3,3,1,0,0,0,0,0,0,0,0,0,0,0,3,-1,0,Resta sortides de via,-1,1,2,4,1,2,0,22.28,2,1,5,12,6
20265,2021,0,2021-02-28,BV-5031,ARENYS DE MUNT,Maresme,3,0,1,0,1,0,0,0,1,0,0,0,0,90.0,0.0,0,-1,Sense Especificar,-1.0,3,3,1,0,0,0,0,0,0,0,0,0,0,0,4,-1,-1,Altres,-1,1,2,4,4,2,0,11.53,0,5,6,28,2
20266,2021,0,2021-01-24,BP-1417,SANT CUGAT DEL VALLES,Valles Occidental,3,0,1,0,2,0,2,0,0,0,0,0,0,90.0,0.0,0,-1,Sense Especificar,-1.0,3,3,1,0,0,0,0,0,0,0,0,0,0,0,4,-1,-1,Fregament o col·lisió lateral,-1,1,2,4,4,2,0,13.57,0,2,6,24,1
20267,2021,0,2021-12-09,C-58,BADIA DEL VALLES,Valles Occidental,3,0,1,1,2,0,0,0,1,1,0,0,0,100.0,0.0,0,2,No n'hi ha,-1.0,3,3,1,0,0,0,0,0,0,0,0,0,0,0,4,-1,0,Envestida (frontal lateral),-1,1,2,4,2,1,1,13.2,0,2,3,9,12
20268,2021,1,2021-10-31,SE,CERDANYOLA DEL VALLES,Valles Occidental,3,0,1,0,2,1,0,0,0,1,0,0,0,20.0,0.0,0,2,No n'hi ha,-1.0,1,3,1,0,0,0,0,0,0,0,0,0,0,0,5,-1,1,Atropellament,-1,2,0,5,-1,2,0,19.4,1,3,6,31,10
20269,2021,1,2021-12-02,SE,BARCELONA,Barcelones,3,0,1,0,3,2,0,0,0,1,0,0,0,100.0,0.0,1,-1,No n'hi ha,-1.0,3,3,1,0,0,0,0,0,0,0,0,0,0,0,0,-1,0,Atropellament,-1,2,2,5,-1,2,1,17.15,1,3,3,2,12
20270,2021,0,2021-11-19,C-32,ARENYS DE MAR,Maresme,3,0,1,0,1,0,0,0,0,1,0,0,0,90.0,0.0,0,-1,Sense Especificar,-1.0,3,3,1,0,0,0,0,0,0,0,0,0,0,0,4,-1,-1,Resta sortides de via,-1,1,2,4,4,2,1,6.09,0,1,4,19,11
20271,2021,1,2021-02-12,SE,VIC,Osona,3,0,1,0,1,0,0,0,1,0,0,0,0,20.0,0.0,0,-1,No n'hi ha,-1.0,2,3,1,0,0,0,0,0,0,1,0,0,0,1,5,4,-1,Caiguda en la via,1,2,0,5,-1,2,0,18.15,1,0,4,12,2
20272,2021,1,2021-02-15,SE,VILASSAR DE MAR,Maresme,3,0,1,0,2,1,0,0,0,1,0,0,0,100.0,0.0,0,2,No n'hi ha,-1.0,3,3,1,0,0,0,0,0,0,0,0,0,0,2,5,4,1,Atropellament,1,2,2,5,-1,2,1,19.3,1,3,0,15,2
20273,2021,0,2021-04-07,C-233,CASTELLDANS,Garrigues,2,0,1,0,2,0,0,0,1,0,1,0,0,100.0,0.0,0,2,No n'hi ha,-1.0,3,3,1,0,0,0,0,0,0,0,0,0,0,1,4,4,1,Envestida (frontal lateral),1,1,2,4,3,2,1,16.01,1,2,2,7,4
20274,2021,1,2021-01-24,SE,CERDANYOLA DEL VALLES,Valles Occidental,3,0,1,0,1,0,1,0,0,0,0,0,0,20.0,0.0,0,1,No n'hi ha,-1.0,3,3,1,0,0,0,0,0,0,0,0,1,0,0,4,-1,1,Caiguda en la via,-1,2,1,5,-1,2,0,12.0,0,0,6,24,1
20275,2021,0,2021-07-16,A-2,SANT FELIU DE LLOBREGAT,Baix Llobregat,3,0,1,0,4,0,0,0,1,3,0,0,0,80.0,0.0,0,2,No n'hi ha,-1.0,3,3,1,0,0,0,0,0,0,0,0,0,0,0,4,-1,0,Encalç,-1,1,2,4,1,2,1,13.42,0,2,4,16,7
20276,2021,1,2021-08-11,SE,BARCELONA,Barcelones,3,0,1,0,2,0,0,0,1,1,0,0,0,100.0,0.0,1,-1,No n'hi ha,-1.0,3,3,1,0,0,0,0,0,0,0,0,0,0,1,4,-1,0,Envestida (frontal lateral),2,2,2,5,-1,2,1,18.35,1,2,2,11,8
20277,2021,0,2021-10-16,A-2,BELL-LLOC D'URGELL,Pla d'Urgell,2,1,1,0,2,0,0,0,0,2,0,0,0,100.0,0.0,0,2,No n'hi ha,-1.0,3,3,0,0,0,0,0,0,0,0,0,0,0,0,3,-1,0,Encalç,-1,1,2,4,1,2,0,22.54,2,2,5,16,10
20278,2021,1,2021-09-07,SE,BADALONA,Barcelones,3,1,0,0,1,0,1,0,0,0,0,0,0,20.0,0.0,0,-1,No n'hi ha,-1.0,3,3,0,0,-1,0,0,0,0,0,0,0,0,0,4,-1,-1,Caiguda en la via,-1,2,2,5,-1,2,1,16.1,1,0,1,7,9
20279,2021,1,2021-02-10,SE,VILANOVA I LA GELTRU,Garraf,3,0,1,0,2,0,0,0,1,1,0,0,0,100.0,0.0,0,2,No n'hi ha,-1.0,3,3,1,0,0,0,0,0,0,0,0,0,0,1,5,5,1,Envestida (frontal lateral),1,2,2,5,-1,2,1,18.3,1,2,2,10,2
20280,2021,0,2021-05-24,C-12,CORBINS,Segria,2,1,0,1,2,0,0,0,0,1,1,0,0,100.0,0.0,0,3,No n'hi ha,-1.0,3,3,0,0,0,0,0,0,0,0,0,0,0,0,4,-1,1,Col·lisió frontal,-1,1,2,4,2,2,1,14.06,1,2,0,24,5
20281,2021,1,2021-04-24,SE,BARCELONA,Barcelones,3,1,0,0,1,0,0,0,1,0,0,0,0,100.0,0.0,1,-1,Carril bus,-1.0,3,3,0,0,0,0,0,0,0,0,0,0,0,0,4,-1,0,Xoc contra objecte/obstacle sense sortida prèvia de via,-1,2,2,5,-1,2,0,18.32,1,4,5,24,4
20282,2021,0,2021-06-10,AP-7,BARBERA DEL VALLES,Valles Occidental,3,0,1,3,5,0,0,0,0,2,3,0,0,100.0,0.0,0,3,No n'hi ha,-1.0,3,3,1,0,0,1,0,0,0,0,0,0,0,0,4,-1,0,Encalç,-1,1,2,4,1,2,1,10.02,0,2,3,10,6
20283,2021,0,2021-10-24,C-1415c,ARGENTONA,Maresme,3,0,1,0,1,0,0,0,1,0,0,0,0,90.0,0.0,0,-1,Sense Especificar,-1.0,3,3,1,0,0,0,0,0,0,0,0,0,0,0,4,-1,-1,Altres,-1,1,2,4,4,2,0,11.03,0,5,6,24,10
20284,2021,0,2021-05-16,C-16,BARCELONA,Barcelones,3,1,1,2,2,0,0,0,0,2,0,0,0,100.0,0.0,0,-1,No n'hi ha,-1.0,3,3,0,0,0,0,0,0,0,0,0,0,0,0,4,-1,-1,Col·lisió frontal,-1,1,2,4,-1,2,0,20.26,1,2,6,16,5
20285,2021,1,2021-10-26,SE,BARCELONA,Barcelones,3,0,1,0,2,1,0,0,0,1,0,0,0,100.0,0.0,1,-1,No n'hi ha,-1.0,3,3,1,0,0,0,0,0,0,0,0,0,1,1,4,-1,0,Atropellament,2,2,2,5,-1,2,1,16.55,1,3,1,26,10
20286,2021,0,2021-07-29,AP-7,"JONQUERA, LA",Alt Emporda,1,0,2,1,2,0,0,0,0,1,1,0,0,100.0,0.0,0,1,No n'hi ha,-1.0,3,3,1,0,0,0,0,0,0,0,0,0,0,0,3,-1,0,Encalç,-1,1,1,4,1,2,1,21.23,1,2,3,29,7
20287,2021,1,2021-07-14,SE,BARCELONA,Barcelones,3,0,1,2,4,0,0,0,3,1,0,0,0,60.0,0.0,1,-1,Carril d'alentiment,-1.0,3,3,1,0,0,0,0,0,0,0,0,0,0,0,4,-1,1,Fregament o col·lisió lateral,-1,2,2,5,-1,2,1,20.25,1,2,2,14,7
20288,2021,1,2021-02-28,SE,HOSPITALET DE LLOBREGAT,Barcelones,3,0,1,0,1,0,0,0,0,0,0,1,0,20.0,0.0,0,-1,No n'hi ha,-1.0,3,3,1,-1,-1,0,0,-1,0,0,0,0,0,0,1,-1,-1,Caiguda en la via,-1,2,2,5,-1,2,0,19.1,1,0,6,28,2
20289,2021,1,2021-03-08,SE,CONSTANTI,Tarragones,0,0,1,1,3,2,0,0,0,1,0,0,0,100.0,0.0,0,2,No n'hi ha,-1.0,1,3,1,0,0,0,0,0,0,0,0,0,0,1,5,2,0,Atropellament,1,2,2,5,-1,2,1,19.4,1,3,0,8,3
20290,2021,1,2021-11-29,SE,OLESA DE MONTSERRAT,Baix Llobregat,3,0,1,0,2,0,0,0,1,1,0,0,0,100.0,0.0,0,-1,No n'hi ha,-1.0,3,3,1,0,0,0,0,0,0,0,0,0,0,0,4,-1,-1,Envestida (frontal lateral),-1,2,2,5,-1,2,1,12.15,0,2,0,29,11
20291,2021,0,2021-03-16,TV-3454,DELTEBRE,Baix Ebre,0,1,0,0,1,0,0,0,0,1,0,0,0,50.0,0.0,0,0,No n'hi ha,-1.0,3,3,0,0,0,0,0,0,0,0,0,0,0,1,4,4,1,Resta sortides de via,2,1,2,4,2,2,1,14.15,1,1,1,16,3
20292,2021,1,2021-03-21,SE,DELTEBRE,Baix Ebre,0,0,1,0,2,0,0,1,0,1,0,0,0,100.0,0.0,0,-1,No n'hi ha,-1.0,3,3,1,0,1,0,0,0,0,0,0,0,0,0,4,-1,-1,Envestida (frontal lateral),-1,2,2,5,-1,2,0,13.25,0,2,6,21,3
20293,2021,0,2021-06-07,C-55,MANRESA,Bages,3,0,1,0,2,0,0,0,1,1,0,0,0,70.0,0.0,0,1,No n'hi ha,-1.0,3,3,1,0,0,0,0,0,0,0,0,0,0,1,4,4,1,Envestida (frontal lateral),1,1,2,4,2,2,1,20.36,1,2,0,7,6
20294,2021,1,2021-05-20,N-340A,TARRAGONA,Tarragones,0,0,1,0,2,0,0,0,1,1,0,0,0,50.0,0.0,0,-1,No n'hi ha,-1.0,3,3,1,0,0,0,0,0,0,0,0,0,0,0,4,-1,1,Altres,-1,0,2,4,1,2,1,19.35,1,5,3,20,5
20295,2021,0,2021-11-16,C-14,TARREGA,Urgell,2,0,1,0,2,0,0,0,1,1,0,0,0,90.0,0.0,0,-1,Sense Especificar,-1.0,3,3,1,0,0,0,0,0,0,0,0,0,0,1,4,4,-1,Envestida (frontal lateral),0,1,2,4,4,2,1,17.09,1,2,1,16,11
20296,2021,1,2021-09-20,SE,TARRAGONA,Tarragones,0,0,1,1,2,0,0,0,1,1,0,0,0,100.0,0.0,0,2,No n'hi ha,-1.0,3,3,1,0,0,0,0,0,0,0,0,0,0,0,4,-1,0,Fregament o col·lisió lateral,-1,2,2,5,-1,2,1,15.35,1,2,0,20,9
20297,2021,1,2021-07-06,SE,MONTAGUT,Garrotxa,1,0,1,0,1,0,0,0,1,0,0,0,0,20.0,0.0,0,-1,Sense Especificar,-1.0,3,3,1,0,0,0,0,0,0,0,0,0,0,0,4,-1,-1,Altres,-1,2,2,5,-1,2,1,12.16,0,5,1,6,7
20298,2021,0,2021-10-06,T-313,RIUDECANYES,Baix Camp,0,0,1,0,1,0,0,0,1,0,0,0,0,90.0,0.0,0,-1,Sense Especificar,-1.0,3,3,1,0,0,0,0,0,0,0,0,0,0,0,4,-1,-1,Resta sortides de via,-1,1,2,4,4,2,1,11.42,0,1,2,6,10
20299,2021,1,2021-12-28,SE,TARRAGONA,Tarragones,0,0,1,0,2,1,0,0,0,1,0,0,0,100.0,0.0,0,2,No n'hi ha,-1.0,3,3,1,0,0,0,0,0,0,0,0,0,0,0,5,-1,1,Atropellament,-1,2,2,5,-1,2,1,19.15,1,3,1,28,12
20300,2021,0,2021-11-06,BV-1248,TERRASSA,Valles Occidental,3,0,1,0,1,0,0,0,0,1,0,0,0,100.0,0.0,0,1,No n'hi ha,-1.0,3,3,1,0,0,0,0,0,0,0,0,0,0,0,3,-1,1,Resta sortides de via,-1,1,2,4,3,2,0,18.55,1,1,5,6,11
20301,2021,1,2021-08-31,SE,DELTEBRE,Baix Ebre,0,0,1,0,2,0,1,0,0,1,0,0,0,100.0,0.0,0,-1,No n'hi ha,-1.0,3,3,1,0,0,0,0,0,0,0,0,0,0,0,4,-1,-1,Altres,-1,2,2,5,-1,2,1,9.05,0,5,1,31,8
20302,2021,0,2021-03-16,C-16,RUBI,Valles Occidental,3,0,1,0,2,0,0,0,1,1,0,0,0,60.0,0.0,0,3,Carril acceleració,-1.0,3,3,1,0,0,0,0,0,0,0,0,0,0,0,1,-1,0,Caiguda en la via,-1,1,2,4,2,2,1,7.21,0,0,1,16,3
20303,2021,1,2021-09-07,SE,HOSPITALET DE LLOBREGAT,Barcelones,3,0,1,1,2,1,0,0,1,0,0,0,0,20.0,0.0,0,-1,No n'hi ha,-1.0,3,3,1,-1,0,0,0,-1,0,0,0,0,-1,0,4,-1,0,Caiguda en la via,-1,2,2,5,-1,2,1,18.35,1,0,1,7,9
20304,2021,0,2021-10-02,AP-7,"ROCA DEL VALLES, LA",Valles Oriental,3,1,0,0,3,0,0,0,1,2,0,0,0,100.0,0.0,0,-1,No n'hi ha,-1.0,3,3,0,0,0,0,0,0,0,0,0,0,0,0,4,-1,-1,Encalç,-1,1,2,4,-1,2,0,6.23,0,2,5,2,10
20305,2021,1,2021-03-21,SE,MOLLET DEL VALLES,Valles Oriental,3,0,1,0,2,0,0,0,1,1,0,0,0,100.0,0.0,0,2,No n'hi ha,-1.0,3,3,1,0,0,0,0,0,0,0,0,0,0,1,4,4,0,Envestida (frontal lateral),2,2,2,5,-1,2,0,17.23,1,2,6,21,3
20306,2021,1,2021-03-25,SE,SANT BOI DE LLOBREGAT,Baix Llobregat,3,0,1,0,1,0,0,0,1,0,0,0,0,20.0,0.0,0,2,No n'hi ha,-1.0,3,3,1,-1,0,0,0,-1,0,0,0,0,-1,1,1,4,0,Caiguda en la via,0,2,1,5,-1,2,1,6.44,0,0,3,25,3
20307,2021,1,2021-04-24,SE,BARCELONA,Barcelones,3,0,1,0,2,1,0,0,0,1,0,0,0,30.0,0.0,1,-1,No n'hi ha,-1.0,3,3,1,0,0,0,0,0,0,0,0,0,0,1,4,-1,0,Atropellament,2,2,2,5,-1,2,0,16.15,1,3,5,24,4
20308,2021,0,2021-09-17,C-55,OLESA DE MONTSERRAT,Baix Llobregat,3,0,1,2,3,0,0,0,0,2,1,0,0,90.0,0.0,0,0,No n'hi ha,-1.0,3,3,1,0,0,0,0,0,0,0,0,0,0,0,4,-1,1,Altres,-1,1,2,4,2,2,0,18.23,1,5,4,17,9
20309,2021,1,2021-04-01,C-14,OLIANA,Alt Urgell,2,0,1,0,2,1,0,0,0,1,0,0,0,50.0,0.0,0,2,No n'hi ha,-1.0,3,3,1,0,0,0,0,0,0,0,0,0,0,1,1,4,1,Atropellament,2,0,2,4,2,2,1,20.31,1,3,3,1,4
20310,2021,0,2021-09-03,C-13,CASTELL DE MUR,Pallars Jussa,2,1,0,0,1,0,0,0,1,0,0,0,0,100.0,0.0,0,1,No n'hi ha,-1.0,1,3,0,0,0,0,0,0,0,0,0,0,0,0,2,-1,1,Resta sortides de via,-1,1,2,4,2,2,1,14.24,1,1,4,3,9
20311,2021,0,2021-11-20,N-II,GIRONA,Girones,1,0,3,1,2,0,0,0,0,2,0,0,0,90.0,0.0,0,2,No n'hi ha,-1.0,3,3,1,0,0,0,0,0,0,0,0,0,0,0,4,-1,1,Col·lisió frontal,-1,1,2,4,1,2,0,10.48,0,2,5,20,11
20312,2021,1,2021-07-31,SE,SANT BOI DE LLOBREGAT,Baix Llobregat,3,0,1,0,2,1,0,0,0,1,0,0,0,100.0,0.0,0,2,No n'hi ha,-1.0,3,3,1,0,0,0,0,0,0,0,0,0,0,1,4,4,0,Atropellament,0,2,2,5,0,2,0,8.25,0,3,5,31,7
20313,2021,0,2021-01-28,A-2,SANT JOAN DESPI,Baix Llobregat,3,0,1,0,4,0,0,0,0,1,3,0,0,80.0,0.0,0,2,No n'hi ha,-1.0,3,3,1,0,0,0,0,0,0,0,0,0,0,0,4,-1,0,Fregament o col·lisió lateral,-1,1,2,4,1,2,1,15.14,1,2,3,28,1
20314,2021,1,2021-08-07,SE,OLESA DE MONTSERRAT,Baix Llobregat,3,0,1,0,2,1,0,0,0,1,0,0,0,20.0,0.0,0,-1,No n'hi ha,-1.0,3,3,1,-1,-1,0,0,-1,0,0,0,0,0,1,5,2,0,Atropellament,2,2,2,5,-1,2,0,23.56,2,3,5,7,8
20315,2021,0,2021-03-23,N-420,PRADELL DE LA TEIXETA,Priorat,0,0,1,0,2,0,0,0,0,1,1,0,0,80.0,0.0,0,1,No n'hi ha,-1.0,3,3,1,0,0,0,0,0,0,0,0,0,0,0,4,-1,1,Fregament o col·lisió lateral,-1,1,2,4,1,2,1,16.19,1,2,1,23,3
20316,2021,1,2021-01-17,SE,GAVA,Baix Llobregat,3,0,1,0,2,1,0,0,0,1,0,0,0,100.0,0.0,0,2,No n'hi ha,-1.0,3,3,1,0,0,0,0,0,1,0,0,0,0,2,4,-1,1,Atropellament,0,2,2,5,-1,2,0,15.03,1,3,6,17,1
20317,2021,0,2021-09-25,BV-1468,BARCELONA,Barcelones,3,0,1,0,1,0,0,0,1,0,0,0,0,90.0,0.0,0,-1,Sense Especificar,-1.0,3,3,1,0,0,0,0,0,0,0,0,0,0,0,4,-1,-1,Altres,-1,1,2,4,4,2,0,21.11,1,5,5,25,9
20318,2021,0,2021-08-30,B-24,CERVELLO,Baix Llobregat,3,0,1,0,1,0,0,0,1,0,0,0,0,90.0,0.0,0,-1,Sense Especificar,-1.0,3,3,1,0,0,0,0,0,0,0,0,0,0,0,4,-1,-1,Altres,-1,1,2,4,4,2,1,9.11,0,5,0,30,8