,Year,Area,Date,Road,Municipality Name,County Name,Province Name,Fatalties,Serious Injuries,Light Injuries,Units Involved,Pedestrains Involved,Bicycles Involved,Mopeds Involved,Motorcycles,Light Vehicles Involved,Heavy Vehicles Involved,Other Units Involved,Unspecified Units Involved,Road Speed Limit,Accident with Hit and Run,Fog Presence,Surrounding Environment,Special Lane Presence,Special Traffic Measures,Weather Conditions,Special Road Functions,Severity of Accident,Influence of Fog,Influence of Environment,Influence of Traffic,Influence of Weather,Influence of Wind Intensity,Influence of Lighting,Influence of Special Measures,Influence of Road Objects,Influence of Road Surface,Influence of Visibility,Intersection Characteristics,Lighting Conditions,Traffic Regulation and Priority,Direction of Road,Subtype of Accident,Subtype of Road Section,Subzone within Area,Road Surface Conditions,Type of Road,Road Ownership,Wind Conditions,Day of the Week Grouping,Hour of Day,Time of Day Grouping,Type of Accident,Day Type,Day,Month
20319,2021,0,2021-07-21,C-31,BARCELONA,Barcelones,3,0,1,0,2,0,0,0,1,1,0,0,0,60.0,0.0,1,-1,No n'hi ha,-1.0,3,3,1,0,0,0,0,0,0,0,0,0,0,0,4,-1,0,Fregament o col·lisió lateral,-1,1,2,4,-1,2,1,20.5,1,2,2,21,7
20320,2021,0,2021-07-08,C-53,VALLFOGONA DE BALAGUER,Noguera,2,1,2,0,2,0,0,0,0,1,1,0,0,70.0,0.0,0,2,Altres,-1.0,3,3,0,0,0,0,0,0,0,0,0,0,0,1,4,4,1,Envestida (frontal lateral),3,1,2,4,2,2,1,19.08,1,2,3,8,7
20321,2021,1,2021-10-24,SE,HOSPITALET DE LLOBREGAT,Barcelones,3,0,1,0,2,1,1,0,0,0,0,0,0,20.0,0.0,0,-1,No n'hi ha,-1.0,3,3,1,-1,-1,0,0,-1,0,0,0,0,0,0,4,-1,0,Caiguda en la via,-1,2,2,5,-1,2,0,11.01,0,0,6,24,10
20322,2021,1,2021-04-12,SE,GIRONA,Girones,1,0,1,0,2,0,0,0,1,1,0,0,0,100.0,0.0,0,2,No n'hi ha,-1.0,3,3,1,0,0,0,0,0,0,0,0,0,0,1,4,3,1,Col·lisió frontal,2,2,2,5,-1,2,1,18.16,1,2,0,12,4
20323,2021,1,2021-07-13,SE,CORBERA DE LLOBREGAT,Baix Llobregat,3,0,1,0,3,0,0,0,0,3,0,0,0,20.0,0.0,0,-1,No n'hi ha,-1.0,3,3,1,-1,0,0,0,-1,0,0,0,0,-1,0,5,-1,1,Encalç,-1,2,2,5,-1,2,1,22.34,2,2,1,13,7
20324,2021,0,2021-11-19,C-55,OLESA DE MONTSERRAT,Baix Llobregat,3,0,1,0,2,0,1,0,0,1,0,0,0,90.0,0.0,0,-1,No n'hi ha,-1.0,3,3,1,-1,-1,0,0,-1,0,0,0,0,0,1,4,5,0,Envestida (frontal lateral),0,1,2,4,-1,2,0,16.07,1,2,4,19,11
20325,2021,1,2021-02-07,SE,BARBERA DEL VALLES,Valles Occidental,3,0,1,0,2,0,1,0,0,1,0,0,0,20.0,0.0,0,2,No n'hi ha,-1.0,3,3,1,-1,0,0,0,-1,0,0,0,0,0,1,2,5,0,Envestida (frontal lateral),1,2,2,5,-1,2,0,17.1,1,2,6,7,2
20326,2021,0,2021-11-02,C-14,VILAVERD,Conca de Barbera,0,0,1,1,2,0,0,0,0,2,0,0,0,100.0,0.0,0,1,No n'hi ha,-1.0,3,3,1,0,0,0,0,0,0,0,0,0,0,0,4,-1,1,Col·lisió frontal,-1,1,2,4,2,2,1,8.06,0,2,1,2,11
20327,2021,1,2021-07-22,SE,BARCELONA,Barcelones,3,0,1,0,2,0,0,1,0,1,0,0,0,100.0,0.0,1,-1,No n'hi ha,-1.0,3,3,1,0,0,0,0,0,0,0,0,0,0,0,4,-1,1,Fregament o col·lisió lateral,-1,2,2,5,-1,2,1,16.35,1,2,3,22,7
20328,2021,0,2021-09-23,C-243B,SANT SADURNI D'ANOIA,Alt Penedes,3,0,1,0,2,0,0,0,0,1,1,0,0,50.0,0.0,0,2,No n'hi ha,-1.0,3,3,1,0,0,0,0,0,0,0,0,0,0,0,3,-1,1,Fregament o col·lisió lateral,-1,1,2,4,2,2,1,4.28,2,2,3,23,9
20329,2021,1,2021-03-12,SE,VIC,Osona,3,0,1,0,3,2,0,0,0,1,0,0,0,100.0,0.0,0,2,No n'hi ha,-1.0,3,3,1,0,0,0,0,0,0,0,0,0,0,2,4,4,1,Atropellament,0,2,2,5,-1,2,1,11.15,0,3,4,12,3
20330,2021,1,2021-05-19,SE,CASTELLDEFELS,Baix Llobregat,3,0,1,0,2,1,0,0,0,1,0,0,0,100.0,0.0,0,2,No n'hi ha,-1.0,3,3,1,0,0,0,0,0,0,0,0,0,0,2,4,4,1,Atropellament,1,2,2,5,-1,2,1,14.05,1,3,2,19,5
20331,2021,0,2021-12-06,BP-2151,SANT PERE DE RIUDEBITLLES,Alt Penedes,3,0,2,0,1,0,0,0,1,0,0,0,0,50.0,0.0,0,2,No n'hi ha,-1.0,3,3,1,0,0,0,0,0,0,0,0,0,0,0,0,-1,1,Caiguda en la via,-1,1,2,4,2,1,1,5.39,2,0,0,6,12
20332,2021,0,2021-09-17,C-1413a,"PAPIOL, EL",Baix Llobregat,3,0,1,0,1,0,0,0,1,0,0,0,0,90.0,0.0,0,2,No n'hi ha,-1.0,3,3,1,0,0,0,0,0,0,0,0,0,0,0,0,-1,1,Xoc contra objecte/obstacle sense sortida prèvia de via,-1,1,2,4,3,2,1,6.07,0,4,4,17,9
20333,2021,0,2021-09-29,N-260,ISOVOL,Cerdanya,1,0,1,2,2,0,0,0,0,2,0,0,0,70.0,0.0,0,2,No n'hi ha,-1.0,3,3,1,0,0,0,0,0,0,0,0,0,0,1,4,4,1,Envestida (frontal lateral),0,1,2,4,1,2,1,11.19,0,2,2,29,9
20334,2021,1,2021-12-04,SE,TARRAGONA,Tarragones,0,1,0,0,2,1,0,0,0,0,1,0,0,100.0,0.0,0,2,No n'hi ha,-1.0,3,3,0,0,0,0,0,0,0,0,0,0,0,2,4,4,1,Atropellament,2,2,2,5,-1,2,0,11.4,0,3,5,4,12
20335,2021,1,2021-01-04,SE,MATARO,Maresme,3,0,1,0,2,0,1,0,0,1,0,0,0,20.0,0.0,0,-1,No n'hi ha,-1.0,3,3,1,0,0,0,0,0,0,0,0,0,0,0,4,-1,-1,Envestida (frontal lateral),-1,2,2,5,-1,2,1,12.45,0,2,0,4,1
20336,2021,0,2021-04-25,C-63,SILS,Selva,1,1,0,0,2,0,0,0,1,1,0,0,0,100.0,0.0,0,2,No n'hi ha,-1.0,3,3,0,0,0,0,0,0,0,0,0,0,0,2,4,5,1,Col·lisió frontal,3,1,2,4,3,2,0,16.13,1,2,6,25,4
20337,2021,0,2021-12-16,C-243a,"GRANADA, LA",Alt Penedes,3,0,1,2,2,0,0,0,0,2,0,0,0,60.0,0.0,0,2,No n'hi ha,-1.0,3,3,1,0,0,0,0,0,0,0,0,0,0,2,4,5,1,Envestida (frontal lateral),2,1,2,4,2,2,1,14.25,1,2,3,16,12
20338,2021,0,2021-01-22,AL,LA CANONJA,Tarragones,0,0,1,0,2,1,0,0,0,1,0,0,0,40.0,0.0,0,2,No n'hi ha,-1.0,3,3,1,0,0,0,0,0,0,0,0,0,1,0,1,-1,1,Atropellament,-1,1,2,0,0,2,1,7.5,0,3,4,22,1
20339,2021,0,2021-10-21,C-32,GAVA,Baix Llobregat,3,0,1,0,2,0,0,0,1,1,0,0,0,100.0,0.0,0,2,No n'hi ha,-1.0,3,3,1,0,0,0,0,0,0,0,1,0,0,0,4,-1,0,Xoc contra objecte/obstacle sense sortida prèvia de via,-1,1,2,4,2,2,1,14.53,1,4,3,21,10
20340,2021,1,2021-06-04,SE,"PRAT DE LLOBREGAT, E",Baix Llobregat,3,0,1,1,2,1,0,1,0,0,0,0,0,100.0,0.0,0,2,No n'hi ha,-1.0,3,3,1,0,0,0,0,0,0,0,0,0,0,2,1,4,1,Atropellament,2,2,2,5,-1,2,0,21.53,1,3,4,4,6
20341,2021,1,2021-11-06,SE,CABRERA DE MAR,Maresme,3,0,1,0,1,1,0,0,0,0,0,0,0,100.0,1.0,0,2,No n'hi ha,-1.0,3,3,1,0,0,0,0,0,0,0,0,0,0,2,3,4,1,Atropellament,0,2,2,5,-1,2,0,2.29,2,3,5,6,11
20342,2021,0,2021-12-06,C-58,VACARISSES,Valles Occidental,3,0,1,0,2,0,0,0,1,1,0,0,0,80.0,0.0,0,2,No n'hi ha,-1.0,3,3,1,0,0,0,0,0,0,0,0,0,0,0,4,-1,0,Encalç,-1,1,2,4,3,2,1,15.14,1,2,0,6,12
20343,2021,1,2021-03-26,SE,TERRASSA,Valles Occidental,3,0,1,0,2,1,0,0,0,1,0,0,0,100.0,0.0,0,2,No n'hi ha,-1.0,3,3,1,0,1,0,0,0,1,0,0,0,0,2,4,4,0,Atropellament,2,2,2,5,-1,2,1,13.0,0,3,4,26,3
20344,2021,0,2021-06-26,L-511,ABELLA DE LA CONCA,Pallars Jussa,2,0,1,0,2,0,0,0,2,0,0,0,0,100.0,0.0,0,1,No n'hi ha,-1.0,3,3,1,0,0,0,0,0,0,0,0,0,0,0,4,-1,1,Caiguda en la via,-1,1,2,4,2,2,0,17.01,1,0,5,26,6
20345,2021,1,2021-07-26,SE,SANTA COLOMA DE GRAMANET,Barcelones,3,0,1,0,1,0,0,0,1,0,0,0,0,20.0,0.0,0,-1,No n'hi ha,-1.0,3,3,1,0,-1,0,0,0,0,0,0,0,0,1,4,4,-1,Sortida de via amb xoc o col·lisió,1,0,2,5,-1,2,1,21.1,1,1,0,26,7
20346,2021,1,2021-10-16,SE,SITGES,Garraf,3,0,1,0,3,0,0,0,2,1,0,0,0,100.0,0.0,0,-1,No n'hi ha,-1.0,3,3,1,0,0,0,0,0,0,0,0,0,0,0,4,-1,-1,Altres,-1,2,2,5,-1,2,0,1.4,2,5,5,16,10
20347,2021,1,2021-06-28,SE,BELANYA,Osona,3,0,1,0,2,1,0,0,0,1,0,0,0,100.0,0.0,0,2,No n'hi ha,-1.0,3,3,1,0,0,0,0,0,0,0,0,0,0,1,4,5,0,Atropellament,2,2,2,5,-1,2,1,10.12,0,3,0,28,6
20348,2021,1,2021-05-31,N-II,MATARO,Maresme,3,0,1,0,2,0,0,0,0,1,0,1,0,90.0,0.0,0,-1,No n'hi ha,-1.0,3,3,1,0,-1,0,0,0,0,0,0,0,0,1,4,5,-1,Envestida (frontal lateral),0,0,2,4,-1,2,1,6.04,0,2,0,31,5
20349,2021,0,2021-05-18,T-331,SANTA BARBARA,Montsia,0,1,1,0,2,0,0,0,0,2,0,0,0,100.0,0.0,0,0,No n'hi ha,-1.0,3,3,0,0,0,0,0,0,0,0,0,0,0,0,4,-1,1,Col·lisió frontal,-1,1,2,4,2,2,1,16.25,1,2,1,18,5
20350,2021,1,2021-07-17,SE,MATARO,Maresme,3,0,1,0,2,1,0,0,0,0,0,1,0,20.0,0.0,0,-1,No n'hi ha,-1.0,3,3,1,0,0,0,0,0,0,0,0,0,0,0,4,-1,1,Atropellament,-1,2,2,5,-1,2,0,11.07,0,3,5,17,7
20351,2021,0,2021-10-23,CR,ALCANAR,Montsia,0,0,1,1,1,0,0,0,0,1,0,0,0,100.0,0.0,0,2,No n'hi ha,-1.0,3,3,1,0,0,0,0,0,0,0,0,0,0,0,3,-1,1,Resta sortides de via,-1,1,2,3,0,2,0,4.02,2,1,5,23,10
20352,2021,0,2021-08-26,B-30,SANT CUGAT DEL VALLES,Valles Occidental,3,0,1,0,3,0,0,0,1,2,0,0,0,100.0,0.0,0,1,No n'hi ha,-1.0,3,3,1,0,0,1,0,0,0,0,0,0,0,2,4,5,0,Encalç,3,1,2,4,1,2,1,15.47,1,2,3,26,8
20353,2021,1,2021-09-12,SE,CASTELLGALI,Bages,3,0,1,0,1,0,1,0,0,0,0,0,0,100.0,0.0,0,2,No n'hi ha,-1.0,3,3,1,0,0,0,0,0,0,0,0,0,0,0,5,-1,1,Resta sortides de via,-1,2,2,5,-1,2,0,22.5,2,1,6,12,9
20354,2021,1,2021-12-27,SE,TARRAGONA,Tarragones,0,0,1,0,2,1,0,0,0,1,0,0,0,100.0,0.0,0,2,No n'hi ha,-1.0,3,3,1,0,0,0,0,0,0,0,0,0,0,0,4,-1,1,Atropellament,-1,2,2,5,-1,2,1,16.45,1,3,0,27,12
20355,2021,0,2021-02-26,GIV-4082,ALP,Cerdanya,1,0,3,2,1,0,0,0,0,1,0,0,0,100.0,0.0,0,1,No n'hi ha,-1.0,3,3,1,0,0,0,0,0,0,0,0,0,0,0,3,-1,1,Resta sortides de via,-1,1,2,4,3,2,0,22.35,2,1,4,26,2
20356,2021,1,2021-04-19,SE,SANT ADRIA DE BESOS,Barcelones,3,0,1,0,2,0,0,0,1,1,0,0,0,40.0,1.0,0,2,No n'hi ha,-1.0,3,3,1,0,0,0,0,0,0,0,0,0,0,1,5,4,0,Envestida (frontal lateral),0,2,2,5,-1,2,1,22.53,2,2,0,19,4
20357,2021,0,2021-08-21,C-62,ORISTA,Osona,3,0,1,0,1,0,0,0,1,0,0,0,0,90.0,0.0,0,-1,Sense Especificar,-1.0,3,3,1,0,0,0,0,0,0,0,0,0,0,1,4,5,-1,Resta sortides de via,2,1,2,4,4,2,0,16.45,1,1,5,21,8
20358,2021,0,2021-10-24,B-112,COLLBATO,Baix Llobregat,3,1,0,0,2,0,0,0,1,1,0,0,0,50.0,0.0,0,1,No n'hi ha,-1.0,3,3,0,0,0,0,0,0,0,0,0,0,0,0,4,-1,1,Fregament o col·lisió lateral,-1,1,2,4,3,2,0,14.38,1,2,6,24,10
20359,2021,1,2021-06-14,SE,BARCELONA,Barcelones,3,0,2,0,1,0,0,0,0,1,0,0,0,100.0,0.0,1,-1,No n'hi ha,-1.0,3,3,1,0,0,0,0,0,0,0,0,0,0,0,0,-1,1,Xoc contra objecte/obstacle sense sortida prèvia de via,-1,2,2,5,-1,2,1,23.15,2,4,0,14,6
20360,2021,1,2021-03-24,SE,TARRAGONA,Tarragones,0,0,1,0,2,0,0,0,0,1,0,1,0,100.0,0.0,0,2,No n'hi ha,-1.0,3,3,1,0,0,0,0,0,0,0,0,0,0,1,5,3,1,Envestida (frontal lateral),2,2,2,5,-1,2,1,21.09,1,2,2,24,3
20361,2021,0,2021-06-07,B-10,BARCELONA,Barcelones,3,0,1,0,2,0,0,0,1,1,0,0,0,80.0,0.0,1,-1,No n'hi ha,-1.0,3,3,1,0,0,0,0,0,0,0,0,0,0,0,0,-1,1,Col·lisió frontal,-1,1,2,4,-1,2,1,0.2,2,2,0,7,6
20362,2021,1,2021-12-20,SE,HOSPITALET DE LLOBREGAT,Barcelones,3,0,1,0,1,0,0,1,0,0,0,0,0,20.0,0.0,0,2,No n'hi ha,-1.0,3,3,1,-1,0,0,0,-1,0,0,0,0,-1,0,5,-1,0,Sortida de via amb xoc o col·lisió,-1,2,2,5,-1,2,1,1.46,2,1,0,20,12
20363,2021,1,2021-12-11,SE,LLEIDA,Segria,2,0,1,0,2,1,0,0,0,1,0,0,0,20.0,0.0,0,2,No n'hi ha,-1.0,3,3,1,-1,0,0,0,-1,0,0,0,0,-1,0,1,-1,1,Atropellament,-1,2,2,5,-1,2,0,17.15,1,3,5,11,12
20364,2021,0,2021-12-31,AP-2,CASTELLDANS,Garrigues,2,0,3,8,19,0,0,0,0,3,16,0,0,100.0,0.0,1,2,No n'hi ha,-1.0,3,3,1,1,0,0,0,0,0,0,0,0,0,0,3,-1,0,Encalç,-1,1,2,4,1,2,1,4.48,2,2,4,31,12
20365,2021,0,2021-10-04,C-58,CASTELLBELL I EL VIL,Bages,3,0,2,2,5,0,0,0,1,4,0,0,0,100.0,0.0,0,0,No n'hi ha,-1.0,3,3,1,0,0,0,0,0,0,0,0,0,0,0,4,-1,1,Col·lisió frontal,-1,1,2,4,2,2,1,16.41,1,2,0,4,10
20366,2021,0,2021-09-21,GI-623,SAUS,Alt Emporda,1,1,0,0,1,0,0,0,0,1,0,0,0,90.0,0.0,0,1,No n'hi ha,-1.0,3,3,0,0,0,0,0,0,0,0,0,0,0,0,4,-1,1,Resta sortides de via,-1,1,2,4,2,2,1,8.3,0,1,1,21,9
20367,2021,0,2021-11-11,C-16,CERCS,Bergueda,3,1,0,1,2,0,0,0,0,2,0,0,0,100.0,0.0,0,0,No n'hi ha,-1.0,3,3,0,0,0,0,0,0,0,0,0,0,0,0,0,-1,1,Resta sortides de via,-1,1,2,4,2,2,1,20.38,1,1,3,11,11
20368,2021,0,2021-06-24,N-420,RIUDOMS,Baix Camp,0,0,1,2,2,0,0,0,1,1,0,0,0,100.0,0.0,0,2,No n'hi ha,-1.0,3,3,1,0,0,0,0,0,0,0,0,0,0,1,4,5,1,Col·lisió frontal,2,1,2,4,1,2,1,12.54,0,2,3,24,6
20369,2021,0,2021-11-05,TP-2402,"BISBAL DEL PENEDES, LA",Baix Penedes,0,0,1,0,1,0,0,0,1,0,0,0,0,60.0,0.0,0,2,No n'hi ha,-1.0,3,3,1,0,0,0,0,0,0,0,0,0,0,1,4,4,1,Caiguda en la via,1,1,2,4,3,2,0,23.36,2,0,4,5,11
20370,2021,1,2021-11-05,SE,BARCELONA,Barcelones,3,0,1,0,2,0,0,0,0,0,0,2,0,10.0,0.0,1,-1,No n'hi ha,-1.0,3,3,1,0,0,0,0,0,0,0,0,0,0,0,0,-1,1,Caiguda en la via,-1,2,2,5,-1,2,1,6.45,0,0,4,5,11
20371,2021,0,2021-03-31,C-13,VILANOVA DE LA BARCA,Segria,2,0,1,1,2,0,0,0,0,2,0,0,0,80.0,0.0,0,2,No n'hi ha,-1.0,3,3,1,0,0,0,0,0,0,0,0,0,0,1,4,4,1,Envestida (frontal lateral),2,1,2,4,4,2,1,14.4,1,2,2,31,3
20372,2021,1,2021-02-16,SE,VILADECANS,Baix Llobregat,3,0,1,1,2,0,0,0,1,1,0,0,0,100.0,0.0,0,2,No n'hi ha,-1.0,3,3,1,0,0,0,0,0,0,0,0,0,0,0,4,-1,0,Envestida (frontal lateral),-1,2,2,5,-1,2,1,10.49,0,2,1,16,2
20373,2021,1,2021-07-08,SE,OLESA DE MONTSERRAT,Baix Llobregat,3,0,1,0,1,0,0,0,1,0,0,0,0,20.0,0.0,0,-1,No n'hi ha,-1.0,3,3,1,-1,0,0,0,-1,0,0,0,0,0,0,4,-1,0,Sortida de via amb bolcada,-1,2,2,5,-1,2,1,19.44,1,1,3,8,7
20374,2021,1,2021-11-12,SE,BARCELONA,Barcelones,3,0,1,3,2,0,0,0,0,1,1,0,0,100.0,0.0,1,-1,Carril bus,-1.0,3,3,1,0,0,0,0,0,0,0,0,0,0,0,1,-1,0,Envestida (frontal lateral),-1,2,2,5,-1,2,1,6.05,0,2,4,12,11
20375,2021,1,2021-12-02,SE,SANT CUGAT DEL VALLES,Valles Occidental,3,0,1,0,1,0,0,0,0,0,0,1,0,100.0,0.0,0,-1,No n'hi ha,-1.0,3,3,1,0,0,0,0,0,0,0,0,0,0,0,4,-1,-1,Caiguda en la via,-1,2,2,5,-1,2,1,14.25,1,0,3,2,12
20376,2021,1,2021-11-18,SE,CALELLA,Maresme,3,0,1,0,1,0,1,0,0,0,0,0,0,100.0,0.0,0,-1,No n'hi ha,-1.0,3,3,1,0,0,0,0,0,0,0,0,0,0,0,4,-1,-1,Altres,-1,2,2,5,-1,2,1,13.18,0,5,3,18,11
20377,2021,1,2021-12-27,SE,SANT ANFREU DE LA BARCA,Baix Llobregat,3,0,1,0,2,1,0,0,0,1,0,0,0,100.0,0.0,0,-1,No n'hi ha,-1.0,3,3,1,0,0,0,0,0,0,0,0,0,0,0,4,-1,-1,Atropellament,-1,2,2,5,-1,2,1,14.18,1,3,0,27,12
20378,2021,1,2021-11-16,SE,HOSPITALET DE LLOBREGAT,Barcelones,3,0,1,0,1,0,0,0,0,0,0,1,0,20.0,0.0,0,-1,No n'hi ha,-1.0,1,3,1,0,-1,0,0,0,0,0,0,0,0,0,4,-1,-1,Caiguda en la via,-1,2,0,5,-1,2,1,14.1,1,0,1,16,11
20379,2021,0,2021-08-29,C-15z,VILAFRANCA DEL PENEDES,Alt Penedes,3,0,1,0,2,0,0,0,0,2,0,0,0,100.0,0.0,0,0,No n'hi ha,-1.0,3,3,1,0,0,0,0,0,0,0,0,0,0,0,3,-1,1,Col·lisió frontal,-1,1,2,4,2,2,0,1.24,2,2,6,29,8
20380,2021,0,2021-07-23,AP-7,CERVIA DE TER,Girones,1,0,1,0,2,0,0,0,0,2,0,0,0,120.0,0.0,0,3,No n'hi ha,3.0,3,3,1,0,0,0,0,0,0,0,1,0,0,0,3,-1,0,Xoc contra objecte/obstacle sense sortida prèvia de via,-1,1,2,4,1,2,1,1.31,2,4,4,23,7
20381,2021,0,2021-10-24,C-13,TERMENS,Noguera,2,0,1,1,2,0,0,0,0,2,0,0,0,100.0,0.0,0,2,No n'hi ha,-1.0,3,3,1,0,0,0,0,0,0,0,0,0,0,0,1,-1,1,Col·lisió frontal,-1,1,2,4,2,2,0,7.52,0,2,6,24,10
20382,2021,0,2021-12-15,GI-614,ROSES,Alt Emporda,1,0,2,0,2,0,0,0,1,1,0,0,0,100.0,0.0,0,2,No n'hi ha,-1.0,3,3,1,0,0,0,0,0,0,0,0,0,0,1,4,4,1,Col·lisió frontal,1,1,2,4,0,2,1,13.01,0,2,2,15,12
20383,2021,0,2021-07-17,C-63,VIDRERES,Selva,1,2,5,3,2,0,0,0,0,2,0,0,0,100.0,0.0,0,2,No n'hi ha,-1.0,3,3,0,0,0,0,0,0,0,0,0,0,0,0,3,-1,1,Col·lisió frontal,-1,1,2,4,3,2,0,23.46,2,2,5,17,7
20384,2021,1,2021-07-22,SE,BARCELONA,Barcelones,3,0,1,0,2,0,0,0,1,1,0,0,0,100.0,0.0,1,-1,No n'hi ha,-1.0,3,3,1,0,0,0,0,0,0,0,0,0,0,1,4,-1,0,Envestida (frontal lateral),2,2,2,5,-1,2,1,17.15,1,2,3,22,7
20385,2021,1,2021-12-01,SE,CUBELLES,Garraf,3,0,1,0,2,1,0,0,0,1,0,0,0,100.0,0.0,0,2,No n'hi ha,-1.0,3,3,1,0,0,0,0,0,0,0,0,0,0,1,4,4,1,Altres,1,2,2,5,-1,2,1,11.35,0,5,2,1,12
20386,2021,1,2021-05-05,SE,REUS,Baix Camp,0,0,1,0,1,0,0,0,0,1,0,0,0,100.0,0.0,0,-1,No n'hi ha,-1.0,3,3,1,0,0,0,0,0,0,0,0,0,0,0,4,-1,-1,Resta sortides de via,-1,2,2,5,-1,2,1,16.4,1,1,2,5,5
20387,2021,1,2021-05-27,SE,BARCELONA,Barcelones,3,0,1,0,2,0,0,0,2,0,0,0,0,100.0,0.0,1,-1,No n'hi ha,-1.0,3,3,1,0,0,0,0,0,0,0,0,0,0,1,4,-1,1,Encalç,2,2,2,5,-1,2,1,15.4,1,2,3,27,5
20388,2021,0,2021-11-26,BV-5001,MONTORNES DEL VALLES,Valles Oriental,3,0,1,0,3,0,0,0,0,2,1,0,0,100.0,0.0,0,1,No n'hi ha,-1.0,3,3,1,0,0,0,0,0,1,0,0,0,0,0,3,-1,1,Col·lisió frontal,-1,1,2,4,3,2,1,5.53,2,2,4,26,11
20389,2021,0,2021-08-01,N-II,CALELLA,Maresme,3,0,1,1,2,1,0,0,1,0,0,0,0,60.0,0.0,0,2,No n'hi ha,-1.0,3,3,1,0,0,0,0,0,0,0,0,0,0,1,4,4,1,Atropellament,3,1,2,4,1,2,0,12.21,0,3,6,1,8
20390,2021,1,2021-08-07,SE,BARCELONA,Barcelones,3,0,1,1,2,0,0,0,2,0,0,0,0,60.0,0.0,1,-1,Carril d'alentiment,-1.0,3,3,1,0,0,0,0,0,0,0,0,0,0,0,0,-1,1,Xoc contra objecte/obstacle sense sortida prèvia de via,-1,2,2,5,-1,2,0,21.3,1,4,5,7,8
20391,2021,0,2021-08-27,C-243a,SANT SADURNI D'ANOIA,Alt Penedes,3,1,0,0,1,0,0,0,0,1,0,0,0,40.0,0.0,0,3,No n'hi ha,-1.0,3,3,0,0,0,0,0,0,0,0,0,0,0,1,4,4,1,Resta sortides de via,0,1,2,4,2,2,1,14.39,1,1,4,27,8
20392,2021,1,2021-08-12,SE,LLORET DE MAR,Selva,1,0,1,0,4,0,0,0,1,3,0,0,0,100.0,0.0,0,2,No n'hi ha,-1.0,3,3,1,0,0,0,0,0,0,0,0,0,0,0,0,-1,1,Sortida de via amb xoc o col·lisió,-1,2,2,5,-1,2,1,22.14,2,1,3,12,8
20393,2021,1,2021-05-08,B-143,PALAU DE PLEGAMANS,Valles Occidental,3,0,1,1,2,0,0,0,1,1,0,0,0,100.0,0.0,0,2,Carril d'alentiment,-1.0,3,3,1,0,0,0,0,0,0,0,0,0,0,1,5,4,1,Envestida (frontal lateral),1,0,2,4,-1,2,0,21.5,1,2,5,8,5
20394,2021,1,2021-05-16,SE,PINEDA DE MAR,Maresme,3,0,1,0,2,1,0,0,0,1,0,0,0,100.0,0.0,0,3,No n'hi ha,-1.0,3,3,1,0,0,0,0,0,0,0,0,0,0,0,4,-1,1,Atropellament,-1,2,3,5,-1,2,0,15.15,1,3,6,16,5
20395,2021,0,2021-05-08,CR,ISONA I CONCA DELLA,Pallars Jussa,2,0,1,0,1,0,0,0,1,0,0,0,0,100.0,0.0,0,0,No n'hi ha,-1.0,3,3,1,0,0,0,0,0,0,0,0,0,0,0,4,-1,1,Caiguda en la via,-1,1,0,3,0,2,0,12.04,0,0,5,8,5
20396,2021,1,2021-04-16,SE,TERRASSA,Valles Occidental,3,0,1,0,2,1,0,0,0,1,0,0,0,20.0,0.0,0,2,No n'hi ha,-1.0,1,3,1,-1,0,0,0,-1,0,0,0,0,-1,0,2,-1,0,Atropellament,-1,2,0,5,-1,2,0,17.4,1,3,4,16,4
20397,2021,1,2021-04-13,C-1413a,SANT QUIRZE DEL VALLES,Valles Occidental,3,0,1,0,2,0,1,0,0,1,0,0,0,100.0,0.0,0,2,No n'hi ha,-1.0,3,3,1,0,0,0,0,0,0,0,0,0,0,1,4,4,1,Fregament o col·lisió lateral,1,0,2,4,0,2,1,15.48,1,2,1,13,4
20398,2021,1,2021-09-05,SE,LLEIDA,Segria,2,0,1,0,2,0,0,1,0,0,1,0,0,50.0,0.0,0,2,No n'hi ha,1.0,3,3,1,-1,0,0,0,-1,0,0,0,0,0,0,0,-1,1,Xoc contra objecte/obstacle sense sortida prèvia de via,-1,2,2,5,-1,2,0,0.54,2,4,6,5,9
20399,2021,1,2021-10-07,SE,TARRAGONA,Tarragones,0,0,1,0,2,1,0,0,0,0,1,0,0,100.0,0.0,0,2,No n'hi ha,-1.0,3,3,1,0,0,0,0,0,0,0,0,0,0,0,4,-1,0,Atropellament,-1,2,2,5,-1,2,1,11.3,0,3,3,7,10
20400,2021,1,2021-09-08,TP-2031,TARRAGONA,Tarragones,0,0,1,0,1,0,0,1,0,0,0,0,0,50.0,0.0,0,2,No n'hi ha,-1.0,3,3,1,0,0,0,0,0,0,0,0,0,0,2,0,-1,1,Caiguda en la via,0,0,2,4,3,2,1,1.4,2,0,2,8,9
20401,2021,0,2021-09-01,N-260,VILAJUIGA,Alt Emporda,1,0,3,0,3,0,0,0,0,3,0,0,0,60.0,0.0,0,2,No n'hi ha,-1.0,3,3,1,0,0,0,0,0,0,0,0,0,0,0,4,-1,1,Col·lisió frontal,-1,1,2,4,1,2,1,10.51,0,2,2,1,9