,Year,Area,Date,Road,Municipality Name,County Name,Province Name,Fatalties,Serious Injuries,Light Injuries,Units Involved,Pedestrains Involved,Bicycles Involved,Mopeds Involved,Motorcycles,Light Vehicles Involved,Heavy Vehicles Involved,Other Units Involved,Unspecified Units Involved,Road Speed Limit,Accident with Hit and Run,Fog Presence,Surrounding Environment,Special Lane Presence,Special Traffic Measures,Weather Conditions,Special Road Functions,Severity of Accident,Influence of Fog,Influence of Environment,Influence of Traffic,Influence of Weather,Influence of Wind Intensity,Influence of Lighting,Influence of Special Measures,Influence of Road Objects,Influence of Road Surface,Influence of Visibility,Intersection Characteristics,Lighting Conditions,Traffic Regulation and Priority,Direction of Road,Subtype of Accident,Subtype of Road Section,Subzone within Area,Road Surface Conditions,Type of Road,Road Ownership,Wind Conditions,Day of the Week Grouping,Hour of Day,Time of Day Grouping,Type of Accident,Day Type,Day,Month
20402,2021,1,2021-03-12,SE,BARCELONA,Barcelones,3,1,0,0,2,0,0,0,0,1,0,1,0,100.0,0.0,1,-1,Carril bici,-1.0,3,3,0,0,0,0,0,0,0,0,0,0,0,1,0,-1,1,Xoc contra objecte/obstacle sense sortida prèvia de via,2,2,2,5,-1,2,0,21.33,1,4,4,12,3
20403,2021,0,2021-06-11,BV-5105,"ROCA DEL VALLES, LA",Valles Oriental,3,1,1,1,2,0,0,0,0,2,0,0,0,100.0,0.0,0,-1,No n'hi ha,-1.0,3,3,0,0,0,0,0,0,0,0,0,0,0,0,4,-1,-1,Col·lisió frontal,-1,1,2,4,-1,2,0,21.51,1,2,4,11,6
20404,2021,1,2021-11-21,SE,GRANOLLERS,Valles Oriental,3,0,1,0,1,0,0,0,0,1,0,0,0,100.0,0.0,0,-1,No n'hi ha,-1.0,3,3,1,0,0,0,0,0,0,0,0,0,0,0,4,-1,-1,Sortida de via amb xoc o col·lisió,-1,2,2,5,-1,2,0,3.0,2,1,6,21,11
20405,2021,1,2021-07-29,SE,VILADEMULS,Pla de l'Estany,1,0,1,0,1,0,1,0,0,0,0,0,0,20.0,0.0,0,-1,Sense Especificar,-1.0,3,3,1,0,0,0,0,0,0,0,0,0,0,0,4,-1,-1,Altres,-1,2,2,5,-1,2,1,13.55,0,5,3,29,7
20406,2021,1,2021-05-30,SE,MANRESA,Bages,3,0,1,0,1,0,0,0,1,0,0,0,0,100.0,0.0,0,2,No n'hi ha,,1,3,1,0,0,0,1,0,0,0,0,0,0,1,5,2,1,Caiguda en la via,2,2,2,5,-1,2,0,0.1,2,0,6,30,5
20407,2021,1,2021-08-10,SE,TARRAGONA,Tarragones,0,0,1,0,2,0,0,0,1,1,0,0,0,100.0,0.0,0,-1,No n'hi ha,-1.0,3,3,1,0,0,0,0,0,0,0,0,0,0,0,4,-1,-1,Envestida (frontal lateral),-1,2,2,5,-1,2,1,19.35,1,2,1,10,8
20408,2021,0,2021-06-04,C-32,VILADECANS,Baix Llobregat,3,1,0,0,1,0,0,0,1,0,0,0,0,100.0,0.0,0,2,Carril acceleració,-1.0,3,3,0,0,0,0,0,0,0,0,0,0,0,1,3,4,1,Altres,3,1,2,4,2,2,1,1.36,2,5,4,4,6
20409,2021,1,2021-08-02,SE,BARCELONA,Barcelones,3,0,2,0,2,0,0,0,1,1,0,0,0,100.0,0.0,1,-1,No n'hi ha,-1.0,3,3,1,0,0,0,0,0,0,0,0,0,0,1,0,-1,0,Envestida (frontal lateral),2,2,2,5,-1,2,1,22.3,2,2,0,2,8
20410,2021,1,2021-10-17,SE,LLEIDA,Segria,2,0,1,0,2,1,0,0,0,1,0,0,0,20.0,0.0,0,-1,No n'hi ha,-1.0,3,3,1,-1,0,0,0,-1,0,0,0,0,0,0,0,-1,1,Atropellament,-1,2,2,5,0,2,0,6.14,0,3,6,17,10
20411,2021,0,2021-11-17,C-60,ARGENTONA,Maresme,3,0,1,0,3,0,0,0,0,3,0,0,0,80.0,0.0,0,1,No n'hi ha,-1.0,3,3,1,0,0,0,0,0,0,0,0,0,0,0,3,-1,0,Encalç,-1,1,2,4,2,2,1,19.06,1,2,2,17,11
20412,2021,1,2021-04-19,SE,BARCELONA,Barcelones,3,1,0,0,3,0,0,0,1,1,1,0,0,100.0,0.0,1,-1,No n'hi ha,-1.0,3,3,0,0,0,0,0,0,0,0,0,0,0,0,4,-1,1,Fregament o col·lisió lateral,-1,2,2,5,-1,2,1,14.25,1,2,0,19,4
20413,2021,1,2021-05-22,SE,TARRAGONA,Tarragones,0,0,1,0,1,0,0,0,0,0,0,1,0,100.0,0.0,0,2,No n'hi ha,-1.0,3,3,1,0,0,0,0,0,0,0,0,0,0,0,4,-1,-1,Caiguda en la via,-1,2,2,5,-1,2,0,7.18,0,0,5,22,5
20414,2021,1,2021-06-17,SE,BARCELONA,Barcelones,3,0,1,0,2,0,0,0,0,0,0,2,0,100.0,0.0,1,-1,No n'hi ha,-1.0,3,3,1,0,0,0,0,0,0,0,0,0,0,1,4,-1,0,Envestida (frontal lateral),2,2,2,5,-1,2,1,20.25,1,2,3,17,6
20415,2021,1,2021-05-16,SE,PRADES,Baix Camp,0,0,1,0,1,0,0,0,0,1,0,0,0,20.0,0.0,0,-1,Sense Especificar,-1.0,3,3,1,0,0,0,0,0,0,0,0,0,0,0,4,-1,-1,Resta sortides de via,-1,2,2,5,-1,2,0,14.31,1,1,6,16,5
20416,2021,1,2021-11-12,SE,TORELLO,Osona,3,0,1,0,2,1,0,0,0,1,0,0,0,100.0,0.0,0,2,No n'hi ha,-1.0,1,3,1,0,0,0,0,0,0,0,0,0,0,2,4,2,0,Atropellament,2,2,2,5,-1,2,1,12.05,0,3,4,12,11
20417,2021,1,2021-09-19,BP-5002,GRANOLLERS,Valles Oriental,3,0,1,0,1,0,0,0,1,0,0,0,0,90.0,0.0,0,2,No n'hi ha,-1.0,3,3,1,-1,0,0,0,-1,0,0,0,0,-1,0,4,-1,0,Caiguda en la via,-1,0,2,4,0,2,0,12.19,0,0,6,19,9
20418,2021,1,2021-06-02,SE,"AMPOLLA, L'",Baix Ebre,0,0,1,1,2,0,0,1,0,1,0,0,0,20.0,0.0,0,-1,Sense Especificar,-1.0,3,3,1,0,0,0,0,0,0,0,0,0,0,1,4,4,-1,Envestida (frontal lateral),2,2,2,5,-1,2,1,18.33,1,2,2,2,6
20419,2021,1,2021-12-19,SE,SANT BOI DE LLOBREGAT,Baix Llobregat,3,0,1,5,6,0,0,0,0,6,0,0,0,50.0,0.0,0,-1,No n'hi ha,-1.0,3,3,1,0,0,0,0,0,0,0,0,0,0,1,4,3,-1,Envestida (frontal lateral),2,2,2,5,-1,2,0,14.15,1,2,6,19,12
20420,2021,0,2021-05-23,C-51,"BISBAL DEL PENEDES, LA",Baix Penedes,0,0,2,1,2,0,0,0,0,2,0,0,0,100.0,0.0,0,2,No n'hi ha,-1.0,3,3,1,0,0,0,0,0,0,0,0,0,0,1,4,5,1,Col·lisió frontal,1,1,2,4,2,2,0,19.1,1,2,6,23,5
20421,2021,0,2021-04-13,A-2,CERVERA,Segarra,2,0,1,1,2,0,0,0,0,0,2,0,0,100.0,0.0,0,2,No n'hi ha,1.0,3,3,1,0,0,0,0,0,0,0,0,0,0,0,3,-1,1,Fregament o col·lisió lateral,-1,1,2,4,1,2,1,4.56,2,2,1,13,4
20422,2021,0,2021-07-16,C-59,CALDES DE MONTBUI,Valles Oriental,3,0,1,0,2,0,0,0,1,1,0,0,0,50.0,0.0,0,2,No n'hi ha,-1.0,3,3,1,0,0,0,0,0,0,0,0,0,0,0,4,-1,1,Encalç,-1,1,2,4,2,2,1,14.17,1,2,4,16,7
20423,2021,1,2021-09-03,TP-2044,"VENDRELL, EL",Baix Penedes,0,0,1,0,2,1,0,0,0,1,0,0,0,30.0,0.0,0,-1,No n'hi ha,-1.0,3,3,1,-1,-1,0,0,-1,1,0,0,0,1,0,0,-1,1,Atropellament,-1,0,2,4,0,2,0,21.5,1,3,4,3,9
20424,2021,1,2021-11-29,C-13,SORT,Pallars Sobira,2,0,1,0,1,0,0,0,1,0,0,0,0,100.0,0.0,0,2,No n'hi ha,0.0,3,3,1,0,0,0,0,0,0,0,0,0,0,0,2,-1,1,Caiguda en la via,-1,0,2,4,-1,2,1,17.13,1,0,0,29,11
20425,2021,1,2021-09-15,SE,OLESA DE MONTSERRAT,Baix Llobregat,3,0,1,0,1,0,0,0,0,0,0,1,0,20.0,0.0,0,-1,No n'hi ha,-1.0,3,3,1,-1,0,0,0,-1,0,0,0,1,0,0,5,-1,0,Caiguda en la via,-1,2,2,5,1,2,1,22.27,2,0,2,15,9
20426,2021,0,2021-04-15,C-65,LLAMBILLES,Girones,1,0,1,1,2,0,0,0,0,1,1,0,0,90.0,0.0,0,-1,Sense Especificar,-1.0,3,3,1,0,0,0,0,0,0,0,0,0,0,1,4,4,-1,Fregament o col·lisió lateral,0,1,2,4,4,2,1,13.16,0,2,3,15,4
20427,2021,1,2021-10-01,SE,BARCELONA,Barcelones,3,0,2,0,3,2,0,0,0,1,0,0,0,30.0,0.0,1,-1,No n'hi ha,-1.0,3,3,1,0,0,0,0,0,0,0,0,0,0,1,4,-1,1,Atropellament,2,2,2,5,-1,2,1,12.4,0,3,4,1,10
20428,2021,0,2021-02-25,C-58,SANT QUIRZE DEL VALLES,Valles Occidental,3,1,0,0,4,0,0,0,1,3,0,0,0,100.0,0.0,0,-1,No n'hi ha,-1.0,3,3,0,0,0,0,0,0,0,0,0,0,0,0,4,-1,-1,Altres,-1,1,2,4,-1,2,1,21.51,1,5,3,25,2
20429,2021,0,2021-05-30,B-124,MONISTROL DE CALDERS,Moianès,3,0,1,0,1,0,0,0,1,0,0,0,0,100.0,0.0,0,1,No n'hi ha,-1.0,3,3,1,0,0,0,0,0,0,0,0,0,0,0,4,-1,1,Caiguda en la via,-1,1,2,4,3,2,0,12.07,0,0,6,30,5
20430,2021,1,2021-09-24,SE,MANLLEU,Osona,3,0,1,1,5,1,0,0,0,4,0,0,0,20.0,0.0,0,-1,No n'hi ha,-1.0,3,3,1,-1,0,0,0,-1,0,0,0,0,-1,0,4,-1,0,Atropellament,-1,2,2,5,-1,2,0,18.3,1,3,4,24,9
20431,2021,0,2021-11-27,A-2,SANT JOAN DESPI,Baix Llobregat,3,0,1,1,1,0,0,0,0,1,0,0,0,80.0,0.0,0,2,No n'hi ha,-1.0,3,3,1,0,0,0,0,0,0,0,0,0,0,0,5,-1,0,Resta sortides de via,-1,1,2,4,1,2,0,22.16,2,1,5,27,11
20432,2021,1,2021-03-23,SE,BARCELONA,Barcelones,3,0,2,0,2,0,0,1,0,0,1,0,0,100.0,0.0,1,-1,Carril bus,-1.0,3,3,1,0,0,0,0,0,0,0,0,0,0,0,0,-1,1,Fregament o col·lisió lateral,-1,2,2,5,-1,2,1,21.35,1,2,1,23,3
20433,2021,0,2021-08-06,CR,NAUT ARAN,Val d'Aran,2,0,1,0,1,0,1,0,0,0,0,0,0,30.0,0.0,0,1,No n'hi ha,-1.0,3,3,1,0,0,0,0,0,0,0,0,0,0,1,4,5,1,Caiguda en la via,1,1,3,3,0,2,0,19.4,1,0,4,6,8
20434,2021,1,2021-09-15,SE,BARCELONA,Barcelones,3,0,1,1,3,0,0,0,2,1,0,0,0,100.0,0.0,1,-1,Carril bus,-1.0,3,3,1,0,0,0,0,0,0,0,0,0,0,0,1,-1,0,Encalç,-1,2,2,5,-1,2,1,19.3,1,2,2,15,9
20435,2021,1,2021-01-21,SE,SANT CUGAT DEL VALLES,Valles Occidental,3,0,1,1,2,0,0,1,0,1,0,0,0,20.0,0.0,0,-1,No n'hi ha,-1.0,3,3,1,0,-1,0,0,0,0,0,0,0,0,1,4,4,-1,Envestida (frontal lateral),2,2,2,5,0,2,1,17.2,1,2,3,21,1
20436,2021,1,2021-01-15,SE,BARCELONA,Barcelones,3,0,1,0,3,0,0,0,1,2,0,0,0,100.0,0.0,1,-1,No n'hi ha,-1.0,3,3,1,0,0,0,0,0,0,0,0,0,0,0,4,-1,1,Fregament o col·lisió lateral,-1,2,2,5,-1,2,1,9.02,0,2,4,15,1
20437,2021,0,2021-03-09,LV-7021,ARTESA DE LLEIDA,Segria,2,0,1,0,2,0,0,0,0,0,2,0,0,100.0,0.0,0,3,No n'hi ha,-1.0,3,3,1,0,0,0,0,0,0,0,0,0,0,0,3,-1,1,Encalç,-1,1,2,4,0,2,1,19.58,1,2,1,9,3
20438,2021,0,2021-06-08,AL,ALPICAT,Segria,2,0,1,0,2,0,0,0,1,1,0,0,0,40.0,0.0,0,2,No n'hi ha,-1.0,3,3,1,0,0,0,0,0,0,0,0,0,1,1,4,4,1,Envestida (frontal lateral),1,1,2,0,0,2,1,8.0,0,2,1,8,6
20439,2021,1,2021-03-14,SE,RIBES DE FRESER,Ripolles,1,0,1,0,1,0,0,0,0,0,0,1,0,20.0,0.0,0,-1,Sense Especificar,-1.0,3,3,1,0,0,0,0,0,0,0,0,0,0,0,4,-1,-1,Resta sortides de via,-1,2,2,5,-1,2,0,11.55,0,1,6,14,3
20440,2021,0,2021-10-31,C-244,"POBLA DE CLARAMUNT,LA",Anoia,3,0,1,1,1,0,0,0,0,1,0,0,0,40.0,0.0,0,1,No n'hi ha,-1.0,3,3,1,0,0,0,0,0,0,0,0,0,0,0,0,-1,1,Resta sortides de via,-1,1,2,4,2,2,0,3.34,2,1,6,31,10
20441,2021,1,2021-12-24,SE,LLEIDA,Segria,2,0,1,0,2,1,0,0,0,1,0,0,0,20.0,0.0,0,2,No n'hi ha,-1.0,3,3,1,-1,0,0,0,-1,0,0,0,0,0,0,5,-1,0,Atropellament,-1,2,2,5,-1,2,1,3.3,2,3,4,24,12
20442,2021,1,2021-11-30,SE,VILA-SECA,Tarragones,0,0,1,0,2,0,1,0,0,1,0,0,0,100.0,0.0,0,-1,No n'hi ha,-1.0,3,3,1,0,0,0,0,0,0,0,0,0,0,0,4,-1,-1,Altres,-1,2,2,5,-1,2,1,13.35,0,5,1,30,11
20443,2021,1,2021-05-24,C-25,RIUDELLOTS DE LA SELVA,Selva,1,0,1,4,2,0,0,0,0,1,1,0,0,100.0,0.0,0,2,No n'hi ha,4.0,3,3,1,0,0,0,0,0,0,0,0,0,0,0,5,-1,1,Col·lisió frontal,-1,0,2,4,2,2,1,4.56,2,2,0,24,5
20444,2021,1,2021-05-13,SE,"VENDRELL, EL",Baix Penedes,0,0,1,0,2,0,1,0,0,1,0,0,0,30.0,0.0,0,-1,No n'hi ha,-1.0,3,3,1,-1,-1,0,0,-1,0,0,0,0,-1,1,4,4,0,Envestida (frontal lateral),0,2,2,5,0,2,1,15.05,1,2,3,13,5
20445,2021,1,2021-06-25,SE,LLEIDA,Segria,2,0,1,0,1,0,1,0,0,0,0,0,0,20.0,0.0,0,2,No n'hi ha,-1.0,3,3,1,0,0,0,0,0,0,0,0,1,0,0,4,-1,0,Caiguda en la via,-1,2,2,5,0,2,0,18.0,1,0,4,25,6
20446,2021,1,2021-01-29,SE,LINYOLA,Pla d'Urgell,2,0,1,0,2,0,0,0,1,1,0,0,0,20.0,0.0,0,2,No n'hi ha,-1.0,3,3,1,0,0,0,0,0,0,0,0,0,1,1,4,4,1,Envestida (frontal lateral),1,2,2,5,-1,2,0,16.56,1,2,4,29,1
20447,2021,0,2021-08-12,C-31,PALAMOS,Baix Emporda,1,2,0,0,2,0,0,0,1,0,1,0,0,100.0,0.0,0,2,No n'hi ha,-1.0,3,3,0,0,0,0,0,0,0,0,0,0,0,1,1,4,1,Resta sortides de via,3,1,2,4,2,2,1,21.06,1,1,3,12,8
20448,2021,1,2021-03-06,SE,FIGUERES,Alt Emporda,1,0,1,0,2,0,0,0,1,1,0,0,0,100.0,0.0,0,2,No n'hi ha,-1.0,3,3,1,0,0,0,0,0,0,0,0,0,0,2,5,5,1,Envestida (frontal lateral),1,2,2,5,-1,2,0,22.5,2,2,5,6,3
20449,2021,0,2021-07-21,C-13,VALLFOGONA DE BALAGUER,Noguera,2,0,1,0,2,0,0,0,0,1,1,0,0,100.0,0.0,0,2,No n'hi ha,-1.0,3,3,1,0,0,0,0,0,0,0,0,0,0,0,4,-1,1,Col·lisió frontal,-1,1,2,4,2,2,1,13.2,0,2,2,21,7
20450,2021,0,2021-10-31,N-II,VILASSAR DE MAR,Maresme,3,0,1,1,2,0,0,0,1,1,0,0,0,60.0,0.0,0,2,No n'hi ha,-1.0,3,3,1,0,0,0,0,0,0,0,0,0,0,0,4,-1,0,Altres,-1,1,2,4,1,2,0,12.25,0,5,6,31,10
20451,2021,1,2021-12-27,N-II,CABRERA DE MAR,Maresme,3,0,1,0,2,0,0,1,0,1,0,0,0,50.0,0.0,0,2,No n'hi ha,-1.0,3,3,1,0,0,0,0,0,0,0,0,0,0,1,4,4,1,Envestida (frontal lateral),1,0,2,4,1,2,1,16.22,1,2,0,27,12
20452,2021,1,2021-10-11,SE,BADALONA,Barcelones,3,1,0,0,2,0,0,0,2,0,0,0,0,20.0,0.0,0,2,Carril bici,-1.0,3,3,0,-1,0,0,0,-1,0,0,0,0,-1,0,5,-1,1,Sortida de via amb xoc o col·lisió,-1,2,2,5,-1,2,1,3.07,2,1,0,11,10
20453,2021,1,2021-07-01,SE,GAVA,Baix Llobregat,3,0,1,1,5,0,0,0,1,4,0,0,0,100.0,0.0,0,-1,No n'hi ha,-1.0,3,3,1,0,0,0,0,0,0,0,0,0,0,0,4,-1,-1,Encalç,-1,2,2,5,-1,2,1,0.4,2,2,3,1,7
20454,2021,0,2021-11-25,AP-7,AIGUAVIVA,Girones,1,1,0,0,2,0,0,0,1,1,0,0,0,100.0,0.0,0,3,No n'hi ha,-1.0,3,3,0,0,0,0,0,0,0,0,0,0,0,0,3,-1,0,Encalç,-1,1,2,4,1,2,1,4.58,2,2,3,25,11
20455,2021,1,2021-11-21,SE,VALLBONA DE LES MONGES,Urgell,2,0,1,0,1,0,1,0,0,0,0,0,0,20.0,0.0,0,-1,Sense Especificar,-1.0,3,3,1,0,0,0,0,0,0,0,0,0,0,0,4,-1,-1,Altres,-1,2,2,5,-1,2,0,10.05,0,5,6,21,11
20456,2021,1,2021-02-18,SE,MOLINS DE REI,Baix Llobregat,3,0,1,0,2,0,0,0,1,1,0,0,0,20.0,0.0,0,-1,No n'hi ha,-1.0,3,3,1,-1,0,0,0,-1,0,0,0,0,-1,0,4,-1,1,Col·lisió frontal,-1,2,2,5,-1,2,1,14.0,1,2,3,18,2
20457,2021,1,2021-03-23,SE,MANRESA,Bages,3,0,1,0,2,0,0,0,1,1,0,0,0,100.0,0.0,0,2,No n'hi ha,-1.0,3,3,1,0,0,0,0,0,0,0,0,0,0,0,4,-1,1,Envestida (frontal lateral),-1,2,2,5,-1,2,1,17.37,1,2,1,23,3
20458,2021,0,2021-04-13,N-IIa,FIGUERES,Alt Emporda,1,1,0,1,2,1,0,0,0,1,0,0,0,80.0,0.0,0,1,No n'hi ha,-1.0,3,3,0,0,0,0,0,0,0,0,0,0,0,0,3,-1,1,Atropellament,-1,1,2,4,1,2,1,22.39,2,3,1,13,4
20459,2021,1,2021-07-28,BV-2421,CORBERA DE LLOBREGAT,Baix Llobregat,3,0,1,0,2,0,0,0,0,1,0,1,0,100.0,0.0,0,-1,No n'hi ha,-1.0,3,3,1,0,0,0,0,0,0,0,0,0,0,0,0,-1,0,Col·lisió frontal,-1,0,2,4,-1,2,1,21.4,1,2,2,28,7
20460,2021,1,2021-04-08,SE,MALGRAT DE MAR,Maresme,3,0,1,0,2,1,0,0,0,1,0,0,0,20.0,0.0,0,2,No n'hi ha,-1.0,3,3,1,0,0,1,0,0,0,0,0,0,0,1,4,5,1,Atropellament,2,2,2,5,-1,2,1,10.0,0,3,3,8,4
20461,2021,0,2021-12-27,CR,GELIDA,Alt Penedes,3,1,0,0,1,0,0,0,0,0,1,0,0,100.0,0.0,0,0,No n'hi ha,-1.0,3,3,0,0,0,0,0,0,0,0,0,0,0,0,4,-1,1,Caiguda en la via,-1,1,0,3,0,2,1,10.38,0,0,0,27,12
20462,2021,1,2021-07-22,SE,GRANOLLERS,Valles Oriental,3,0,1,0,2,0,0,0,0,2,0,0,0,30.0,0.0,0,-1,No n'hi ha,-1.0,3,3,1,0,0,0,0,0,0,0,0,0,0,1,4,3,-1,Envestida (frontal lateral),2,2,2,5,0,2,1,18.07,1,2,3,22,7
20463,2021,1,2021-02-10,SE,CANOVELLES,Valles Oriental,3,0,1,1,2,0,0,1,0,1,0,0,0,100.0,0.0,0,-1,No n'hi ha,-1.0,3,3,1,0,0,0,0,0,0,0,0,0,0,0,4,-1,-1,Envestida (frontal lateral),-1,2,2,5,-1,2,1,14.15,1,2,2,10,2
20464,2021,1,2021-05-28,SE,TERRASSA,Valles Occidental,3,0,1,0,2,1,0,0,0,1,0,0,0,30.0,0.0,0,2,No n'hi ha,-1.0,3,3,1,0,0,0,0,0,0,0,0,0,0,1,5,2,0,Atropellament,2,2,2,5,-1,2,0,22.0,2,3,4,28,5
20465,2021,1,2021-08-12,SE,TARRAGONA,Tarragones,0,0,1,0,2,1,0,0,0,1,0,0,0,100.0,0.0,0,2,No n'hi ha,-1.0,3,3,1,0,0,0,0,0,0,0,0,0,0,2,4,2,0,Atropellament,-1,2,2,5,-1,1,1,17.1,1,3,3,12,8
20466,2021,0,2021-10-12,SE,MUNTANYOLA,Osona,3,1,0,0,1,0,0,0,1,0,0,0,0,100.0,0.0,0,1,No n'hi ha,-1.0,3,3,0,0,0,0,0,0,0,0,0,0,0,0,4,-1,1,Resta sortides de via,-1,1,0,0,-1,2,1,12.17,0,1,1,12,10
20467,2021,0,2021-09-12,BP-1241,SAN FELIU DE CODINES,Valles Oriental,3,0,1,0,1,0,0,0,0,1,0,0,0,50.0,0.0,0,1,No n'hi ha,-1.0,2,3,1,0,0,0,1,0,0,0,0,0,0,0,2,-1,1,Altres,-1,1,2,4,3,2,0,13.46,0,5,6,12,9
20468,2021,1,2021-06-07,SE,BADALONA,Barcelones,3,0,1,1,3,0,0,0,2,1,0,0,0,20.0,0.0,0,-1,No n'hi ha,-1.0,3,3,1,-1,0,0,0,-1,0,0,0,0,0,0,4,-1,0,Envestida (frontal lateral),-1,2,2,5,-1,2,1,12.52,0,2,0,7,6
20469,2021,1,2021-03-30,SE,LLEIDA,Segria,2,0,1,0,2,1,0,0,0,1,0,0,0,20.0,0.0,0,-1,No n'hi ha,-1.0,3,3,1,0,0,0,0,0,0,0,0,0,0,1,4,2,-1,Atropellament,1,2,2,5,0,2,1,11.2,0,3,1,30,3
20470,2021,0,2021-06-24,C-31,PALS,Baix Emporda,1,1,0,1,5,0,0,0,2,3,0,0,0,80.0,1.0,0,2,No n'hi ha,-1.0,3,3,0,0,0,0,0,0,0,0,0,0,0,0,4,-1,1,Fregament o col·lisió lateral,-1,1,2,4,2,0,1,19.52,1,2,3,24,6
20471,2021,1,2021-02-02,SE,GIRONA,Girones,1,0,1,0,2,0,1,0,0,0,1,0,0,100.0,0.0,0,2,No n'hi ha,-1.0,3,3,1,0,0,0,0,0,0,0,0,0,0,1,5,4,1,Envestida (frontal lateral),2,2,2,5,0,2,1,19.31,1,2,1,2,2
20472,2021,1,2021-05-05,SE,OLESA DE MONTSERRAT,Baix Llobregat,3,0,1,0,2,0,1,0,0,1,0,0,0,20.0,0.0,0,-1,No n'hi ha,-1.0,3,3,1,-1,-1,0,0,-1,0,0,0,0,-1,1,4,4,-1,Envestida (frontal lateral),0,2,2,5,-1,2,1,18.07,1,2,2,5,5
20473,2021,0,2021-06-29,GI-502,DARNIUS,Alt Emporda,1,0,1,0,2,0,0,0,2,0,0,0,0,100.0,0.0,0,1,No n'hi ha,-1.0,3,3,1,0,0,0,0,0,0,0,0,0,0,1,4,4,1,Envestida (frontal lateral),1,1,2,4,3,2,1,9.59,0,2,1,29,6
20474,2021,0,2021-10-19,C-31,GAVA,Baix Llobregat,3,0,1,1,2,0,1,0,0,1,0,0,0,100.0,0.0,0,2,No n'hi ha,-1.0,3,3,1,0,0,0,0,0,0,0,0,0,0,0,4,-1,1,Caiguda en la via,-1,1,2,4,2,2,1,11.39,0,0,1,19,10
20475,2021,0,2021-05-06,BV-1462,BARCELONA,Barcelones,3,0,2,0,2,0,0,0,2,0,0,0,0,50.0,0.0,1,-1,No n'hi ha,-1.0,3,3,1,0,0,0,0,0,0,0,0,0,0,0,3,-1,1,Col·lisió frontal,-1,1,2,4,-1,2,1,22.1,2,2,3,6,5
20476,2021,1,2021-03-15,SE,VILADECANS,Baix Llobregat,3,0,1,0,2,0,0,0,1,1,0,0,0,30.0,0.0,0,-1,No n'hi ha,-1.0,3,3,1,0,0,0,0,0,0,0,0,0,0,0,1,-1,0,Envestida (frontal lateral),-1,2,2,5,-1,2,1,6.3,0,2,0,15,3
20477,2021,1,2021-08-27,SE,MATARO,Maresme,3,1,0,0,2,1,0,0,0,1,0,0,0,20.0,0.0,0,2,No n'hi ha,-1.0,3,3,0,-1,0,0,0,-1,0,0,0,0,-1,1,4,3,1,Atropellament,0,2,2,5,-1,2,1,12.02,0,3,4,27,8
20478,2021,1,2021-03-19,SE,SABADELL,Valles Occidental,3,0,1,0,2,1,0,0,0,0,1,0,0,100.0,0.0,0,2,No n'hi ha,0.0,3,3,1,0,0,0,0,0,0,0,0,0,0,0,4,-1,1,Altres,-1,2,2,5,-1,2,1,8.28,0,5,4,19,3
20479,2021,1,2021-09-16,SE,DOSRIUS,Maresme,3,0,1,0,1,0,0,0,0,1,0,0,0,100.0,0.0,0,-1,No n'hi ha,-1.0,3,3,1,0,0,0,0,0,0,0,0,0,0,0,4,-1,-1,Altres,-1,2,2,5,-1,2,1,7.0,0,5,3,16,9
20480,2021,1,2021-05-26,SE,LLEIDA,Segria,2,0,1,0,2,0,0,0,1,1,0,0,0,20.0,0.0,0,2,No n'hi ha,-1.0,3,3,1,-1,0,0,0,-1,0,0,0,0,0,1,4,3,-1,Envestida (frontal lateral),2,2,2,5,-1,2,1,8.1,0,2,2,26,5
20481,2021,0,2021-09-12,N-260,"POBLA DE SEGUR, LA",Pallars Jussa,2,0,1,0,1,0,1,0,0,0,0,0,0,100.0,0.0,0,2,No n'hi ha,-1.0,3,3,1,0,0,0,0,0,0,0,0,0,0,0,4,-1,1,Caiguda en la via,-1,1,2,4,1,2,0,12.34,0,0,6,12,9
20482,2021,1,2021-04-17,SE,BARCELONA,Barcelones,3,0,3,0,3,2,0,0,1,0,0,0,0,100.0,0.0,1,-1,Carril bus,-1.0,3,3,1,0,0,0,0,0,0,0,0,0,0,1,0,-1,0,Atropellament,2,2,2,5,-1,2,0,21.12,1,3,5,17,4
20483,2021,0,2021-03-02,CR,"CATLLAR, EL",Tarragones,0,1,0,0,1,0,0,0,0,1,0,0,0,100.0,0.0,0,0,No n'hi ha,-1.0,3,3,0,0,0,0,0,0,0,0,0,0,0,0,4,-1,1,Resta sortides de via,-1,1,2,3,0,2,1,21.3,1,1,1,2,3
20484,2021,1,2021-08-14,SE,MALGRAT DE MAR,Maresme,3,0,1,0,1,0,1,0,0,0,0,0,0,30.0,0.0,0,-1,No n'hi ha,-1.0,3,3,1,0,0,0,0,0,0,0,0,0,0,0,4,-1,-1,Caiguda en la via,-1,2,2,5,-1,2,0,11.36,0,0,5,14,8
20485,2021,1,2021-06-18,SE,BARCELONA,Barcelones,3,0,1,1,2,1,0,0,1,0,0,0,0,100.0,0.0,1,-1,No n'hi ha,-1.0,3,3,1,0,0,0,0,0,0,0,0,0,0,1,0,-1,1,Atropellament,2,2,2,5,-1,2,0,22.06,2,3,4,18,6
20486,2021,0,2021-07-26,C-37,TORELLO,Osona,3,1,1,0,2,0,0,0,0,2,0,0,0,100.0,0.0,0,2,No n'hi ha,-1.0,3,3,0,0,0,0,0,0,0,0,0,0,0,0,4,-1,1,Col·lisió frontal,-1,1,2,4,2,2,1,17.06,1,2,0,26,7
20487,2021,1,2021-06-13,SE,BARCELONA,Barcelones,3,0,1,0,2,1,0,0,0,1,0,0,0,100.0,0.0,1,-1,No n'hi ha,-1.0,3,3,1,0,0,0,0,0,0,0,0,0,0,0,4,-1,0,Atropellament,-1,2,2,5,-1,2,0,16.4,1,3,6,13,6