,Year,Area,Date,Road,Municipality Name,County Name,Province Name,Fatalties,Serious Injuries,Light Injuries,Units Involved,Pedestrains Involved,Bicycles Involved,Mopeds Involved,Motorcycles,Light Vehicles Involved,Heavy Vehicles Involved,Other Units Involved,Unspecified Units Involved,Road Speed Limit,Accident with Hit and Run,Fog Presence,Surrounding Environment,Special Lane Presence,Special Traffic Measures,Weather Conditions,Special Road Functions,Severity of Accident,Influence of Fog,Influence of Environment,Influence of Traffic,Influence of Weather,Influence of Wind Intensity,Influence of Lighting,Influence of Special Measures,Influence of Road Objects,Influence of Road Surface,Influence of Visibility,Intersection Characteristics,Lighting Conditions,Traffic Regulation and Priority,Direction of Road,Subtype of Accident,Subtype of Road Section,Subzone within Area,Road Surface Conditions,Type of Road,Road Ownership,Wind Conditions,Day of the Week Grouping,Hour of Day,Time of Day Grouping,Type of Accident,Day Type,Day,Month
20488,2021,1,2021-04-07,SE,VIC,Osona,3,0,1,0,2,0,0,0,1,1,0,0,0,20.0,,0,-1,No n'hi ha,-1.0,3,3,1,0,-1,0,0,0,0,0,0,0,0,0,4,-1,-1,Col·lisió frontal,-1,2,2,5,-1,2,1,15.4,1,2,2,7,4
20489,2021,1,2021-02-27,SE,BARCELONA,Barcelones,3,0,1,2,4,3,0,0,0,1,0,0,0,30.0,0.0,1,-1,No n'hi ha,-1.0,3,3,1,0,0,0,0,0,0,0,0,0,0,1,0,-1,0,Atropellament,2,2,2,5,-1,2,0,20.0,1,3,5,27,2
20490,2021,1,2021-01-30,SE,SANTA CRISTINA D'ARO,Baix Emporda,1,1,0,1,1,0,0,0,0,1,0,0,0,100.0,0.0,0,2,No n'hi ha,-1.0,3,3,0,0,0,0,0,0,0,0,0,0,0,1,4,-1,0,Xoc contra objecte/obstacle sense sortida prèvia de via,0,2,2,5,-1,2,0,9.5,0,4,5,30,1
20491,2021,1,2021-08-13,SE,BARCELONA,Barcelones,3,0,1,0,1,0,0,0,0,0,0,1,0,30.0,0.0,1,-1,Carril bici,-1.0,3,3,1,0,0,0,0,0,0,0,0,0,0,0,4,-1,1,Caiguda en la via,-1,2,2,5,-1,2,1,13.5,0,0,4,13,8
20492,2021,1,2021-10-14,SE,GIRONA,Girones,1,0,1,0,2,0,1,0,0,1,0,0,0,30.0,0.0,0,2,No n'hi ha,-1.0,3,3,1,0,0,0,0,0,0,0,0,0,0,1,4,4,0,Envestida (frontal lateral),0,2,2,5,0,2,1,10.36,0,2,3,14,10
20493,2021,1,2021-04-05,SE,SEVA,Osona,3,0,1,0,2,1,0,0,0,1,0,0,0,100.0,0.0,0,2,No n'hi ha,-1.0,3,3,1,0,1,0,0,0,0,0,0,0,0,0,4,-1,1,Atropellament,-1,2,2,5,-1,2,1,10.41,0,3,0,5,4
20494,2021,0,2021-10-04,N-260,AVINYONET DE PUIGVENTOS,Alt Emporda,1,1,0,1,2,0,0,0,0,1,1,0,0,100.0,0.0,0,1,No n'hi ha,-1.0,3,3,0,0,0,0,0,0,0,0,0,0,0,0,4,-1,1,Col·lisió frontal,-1,1,2,4,1,2,1,17.0,1,2,0,4,10
20495,2021,1,2021-07-01,SE,GUISSONA,Segarra,2,0,1,0,2,0,1,0,0,1,0,0,0,100.0,0.0,0,2,No n'hi ha,-1.0,3,3,1,0,0,0,0,0,0,0,0,0,0,0,4,-1,1,Envestida (frontal lateral),-1,2,2,5,-1,2,1,11.16,0,2,3,1,7
20496,2021,0,2021-03-12,C-17,PARETS DEL VALLES,Valles Oriental,3,1,0,0,2,0,0,0,1,0,1,0,0,100.0,0.0,0,-1,No n'hi ha,-1.0,3,3,0,0,0,0,0,0,0,0,0,0,0,0,4,-1,-1,Altres,-1,1,2,4,-1,2,1,10.32,0,5,4,12,3
20497,2021,1,2021-04-01,SE,BARCELONA,Barcelones,3,0,1,0,2,0,0,0,1,1,0,0,0,100.0,0.0,1,-1,No n'hi ha,-1.0,3,3,1,0,0,0,0,0,0,0,0,0,0,0,4,-1,1,Encalç,-1,2,2,5,-1,2,1,15.36,1,2,3,1,4
20498,2021,1,2021-04-22,SE,IGUALADA,Anoia,3,0,1,0,2,1,0,0,0,1,0,0,0,50.0,0.0,0,-1,No n'hi ha,-1.0,3,3,1,-1,1,0,0,-1,1,0,0,0,1,0,0,-1,0,Atropellament,-1,2,2,5,0,2,1,17.1,1,3,3,22,4
20499,2021,1,2021-01-26,SE,BARCELONA,Barcelones,3,0,1,1,2,0,0,0,2,0,0,0,0,100.0,0.0,1,-1,No n'hi ha,-1.0,3,3,1,0,0,0,0,0,0,0,0,0,0,0,0,-1,0,Envestida (frontal lateral),-1,2,2,5,-1,2,1,22.5,2,2,1,26,1
20500,2021,1,2021-08-11,SE,"VENDRELL, EL",Baix Penedes,0,0,1,4,2,0,0,0,0,2,0,0,0,30.0,0.0,0,-1,No n'hi ha,-1.0,3,3,1,-1,-1,0,0,-1,0,0,0,0,-1,1,5,4,1,Envestida (frontal lateral),2,2,2,5,0,2,1,22.41,2,2,2,11,8
20501,2021,0,2021-10-12,GI-502,DARNIUS,Alt Emporda,1,0,1,0,2,0,0,0,1,1,0,0,0,100.0,0.0,0,0,No n'hi ha,-1.0,3,3,1,0,0,0,0,0,0,0,0,0,0,0,4,-1,1,Col·lisió frontal,-1,1,2,4,3,2,1,18.36,1,2,1,12,10
20502,2021,1,2021-02-10,SE,RUBI,Valles Occidental,3,0,1,1,2,0,0,0,0,2,0,0,0,100.0,0.0,0,-1,No n'hi ha,-1.0,3,3,1,0,0,0,0,0,0,0,0,0,0,0,4,-1,-1,Col·lisió frontal,-1,2,2,5,-1,2,1,12.2,0,2,2,10,2
20503,2021,0,2021-10-17,C-66,TORRENT,Baix Emporda,1,1,0,1,2,0,0,0,0,2,0,0,0,80.0,0.0,0,1,No n'hi ha,-1.0,3,3,0,0,0,0,0,0,0,0,0,0,0,0,3,-1,1,Col·lisió frontal,-1,1,2,4,3,2,0,6.54,0,2,6,17,10
20504,2021,1,2021-09-27,SE,SABADELL,Valles Occidental,3,0,1,0,2,0,0,0,1,0,1,0,0,100.0,0.0,0,2,No n'hi ha,-1.0,3,3,1,0,0,0,0,0,0,0,0,0,0,1,4,4,0,Envestida (frontal lateral),2,2,2,5,-1,2,1,12.16,0,2,0,27,9
20505,2021,1,2021-11-16,SE,HOSPITALET DE LLOBREGAT,Barcelones,3,0,1,0,2,1,0,0,0,0,1,0,0,20.0,0.0,0,-1,No n'hi ha,-1.0,3,3,1,-1,-1,0,0,-1,0,0,0,0,-1,0,4,-1,-1,Atropellament,-1,2,2,5,-1,2,1,14.51,1,3,1,16,11
20506,2021,0,2021-01-16,BP-1417,BARCELONA,Barcelones,3,0,1,1,2,0,0,0,1,1,0,0,0,30.0,0.0,1,-1,Carril d'alentiment,-1.0,3,3,1,0,0,0,0,0,0,0,0,0,0,0,4,-1,1,Envestida (frontal lateral),-1,1,2,4,-1,2,0,13.0,0,2,5,16,1
20507,2021,1,2021-02-01,SE,GRANOLLERS,Valles Oriental,3,1,1,0,2,1,0,0,1,0,0,0,0,20.0,0.0,0,-1,No n'hi ha,-1.0,3,3,0,-1,-1,0,0,-1,0,0,0,0,0,1,5,3,-1,Atropellament,2,2,2,5,-1,2,1,20.47,1,3,0,1,2
20508,2021,1,2021-08-19,SE,ROSES,Alt Emporda,1,0,1,0,2,1,0,0,0,1,0,0,0,40.0,0.0,0,-1,No n'hi ha,-1.0,3,3,1,-1,0,0,0,-1,0,0,0,0,0,0,4,-1,1,Atropellament,-1,2,2,5,-1,2,1,9.45,0,3,3,19,8
20509,2021,0,2021-12-14,N-240,VALLS,Alt Camp,0,0,1,1,2,0,0,0,0,2,0,0,0,100.0,0.0,0,2,No n'hi ha,-1.0,3,3,1,0,0,0,0,0,0,0,0,0,0,0,3,-1,1,Col·lisió frontal,-1,1,2,4,1,2,1,21.44,1,2,1,14,12
20510,2021,0,2021-04-23,GIV-5147,PORQUERES,Pla de l'Estany,1,0,1,0,2,0,0,0,0,0,1,1,0,50.0,0.0,0,2,No n'hi ha,-1.0,3,3,1,0,0,0,0,0,0,0,0,0,0,0,4,-1,1,Encalç,-1,1,2,4,3,2,0,19.15,1,2,4,23,4
20511,2021,1,2021-05-22,SE,PERAFORT,Tarragones,0,0,1,0,1,0,0,0,1,0,0,0,0,100.0,0.0,0,2,No n'hi ha,-1.0,3,3,1,0,0,0,0,0,0,0,0,0,0,0,4,-1,1,Altres,-1,2,2,5,-1,2,0,19.28,1,5,5,22,5
20512,2021,0,2021-06-10,BV-5031,MATARO,Maresme,3,0,1,0,2,0,0,0,1,1,0,0,0,50.0,0.0,0,1,No n'hi ha,-1.0,3,3,1,0,0,0,0,0,0,0,0,0,0,0,4,-1,1,Fregament o col·lisió lateral,-1,1,2,4,3,2,1,18.31,1,2,3,10,6
20513,2021,0,2021-05-15,C-59,MOIA,Moianès,3,0,1,0,2,0,0,0,1,1,0,0,0,100.0,0.0,0,2,No n'hi ha,-1.0,3,3,1,0,0,0,0,0,0,0,0,0,0,2,4,5,1,Fregament o col·lisió lateral,1,1,2,4,2,2,0,9.44,0,2,5,15,5
20514,2021,1,2021-10-04,SE,ALELLA,Maresme,3,1,0,0,2,0,0,0,1,1,0,0,0,50.0,0.0,0,2,No n'hi ha,-1.0,3,3,0,-1,0,0,0,-1,0,0,0,0,-1,1,5,3,1,Col·lisió frontal,1,0,2,5,-1,2,1,19.29,1,2,0,4,10
20515,2021,0,2021-08-18,BP-1417,SANT CUGAT DEL VALLES,Valles Occidental,3,0,2,0,2,0,0,0,2,0,0,0,0,90.0,0.0,0,-1,Sense Especificar,-1.0,3,3,1,0,0,0,0,0,0,0,0,0,0,0,4,-1,-1,Altres,-1,1,2,4,4,2,1,13.49,0,5,2,18,8
20516,2021,1,2021-05-26,SE,BADALONA,Barcelones,3,0,1,0,2,0,0,0,1,1,0,0,0,20.0,0.0,0,-1,No n'hi ha,-1.0,3,3,1,-1,-1,0,0,-1,0,0,0,0,0,0,4,-1,-1,Fregament o col·lisió lateral,-1,2,2,5,-1,2,1,18.38,1,2,2,26,5
20517,2021,1,2021-05-23,SE,BARCELONA,Barcelones,3,1,0,0,2,0,0,0,0,1,0,1,0,100.0,0.0,1,-1,No n'hi ha,-1.0,3,3,0,0,0,0,0,0,0,0,0,0,1,1,0,-1,1,Envestida (frontal lateral),2,2,2,5,-1,2,0,22.26,2,2,6,23,5
20518,2021,1,2021-05-08,C-1415c,"ROCA DEL VALLES, LA",Valles Oriental,3,0,4,2,2,0,0,0,0,2,0,0,0,50.0,0.0,0,3,No n'hi ha,-1.0,3,3,1,0,0,0,0,0,0,0,0,0,0,2,4,4,1,Envestida (frontal lateral),1,0,2,4,2,2,0,19.03,1,2,5,8,5
20519,2021,0,2021-11-21,C-59,SAN FELIU DE CODINES,Valles Oriental,3,1,0,0,1,0,0,0,0,1,0,0,0,100.0,0.0,0,-1,No n'hi ha,-1.0,3,3,0,0,0,0,0,0,0,0,0,0,0,0,4,-1,-1,Resta sortides de via,-1,1,2,4,-1,2,0,21.32,1,1,6,21,11
20520,2021,1,2021-12-01,SE,LLEIDA,Segria,2,0,1,0,2,0,0,0,0,2,0,0,0,20.0,0.0,0,-1,No n'hi ha,-1.0,3,3,1,0,0,0,0,0,0,0,0,0,0,0,5,-1,-1,Xoc contra objecte/obstacle sense sortida prèvia de via,-1,2,2,5,-1,2,1,21.55,1,4,2,1,12
20521,2021,1,2021-03-26,SE,CASTELLDEFELS,Baix Llobregat,3,0,1,1,2,1,0,1,0,0,0,0,0,30.0,0.0,0,2,No n'hi ha,-1.0,3,3,1,0,0,0,0,0,0,0,0,0,0,2,4,-1,1,Atropellament,0,2,2,5,-1,2,0,17.17,1,3,4,26,3
20522,2021,1,2021-05-10,SE,VIC,Osona,3,0,1,0,2,1,0,0,0,0,0,1,0,100.0,1.0,0,2,No n'hi ha,-1.0,3,3,1,0,0,0,0,0,0,0,0,0,0,1,4,2,0,Atropellament,2,2,2,5,-1,2,1,17.19,1,3,0,10,5
20523,2021,0,2021-08-11,N-230,LLEIDA,Segria,2,0,1,0,2,0,0,0,1,1,0,0,0,40.0,0.0,0,2,No n'hi ha,-1.0,3,3,1,0,0,0,0,0,0,0,0,0,0,1,4,4,1,Fregament o col·lisió lateral,0,1,2,4,1,2,1,7.35,0,2,2,11,8
20524,2021,1,2021-07-21,SE,GIRONA,Girones,1,0,1,0,2,1,0,0,0,1,0,0,0,100.0,0.0,0,2,No n'hi ha,-1.0,3,3,1,0,0,0,0,0,0,0,0,0,0,0,4,-1,1,Atropellament,-1,2,2,5,-1,2,1,12.07,0,3,2,21,7
20525,2021,1,2021-04-21,SE,LA CANONJA,Tarragones,0,0,1,0,2,0,0,0,1,1,0,0,0,40.0,0.0,0,2,No n'hi ha,-1.0,3,3,1,0,0,0,0,0,0,0,0,0,0,1,4,4,1,Envestida (frontal lateral),2,2,2,5,0,2,1,17.03,1,2,2,21,4
20526,2021,0,2021-07-04,N-260,LLANCA,Alt Emporda,1,0,1,0,1,0,0,0,0,1,0,0,0,90.0,0.0,0,-1,Sense Especificar,-1.0,3,3,1,0,0,0,0,0,0,0,0,0,0,0,4,-1,-1,Resta sortides de via,-1,1,2,4,4,2,0,8.35,0,1,6,4,7
20527,2021,1,2021-03-18,SE,TARRAGONA,Tarragones,0,0,1,0,2,0,0,0,1,1,0,0,0,100.0,0.0,0,2,No n'hi ha,-1.0,3,3,1,0,0,0,0,0,0,0,0,0,0,1,4,4,1,Envestida (frontal lateral),0,2,2,5,-1,2,1,7.2,0,2,3,18,3
20528,2021,0,2021-05-29,TV-2336,"ESPLUGA DE FRANCOLI, L'",Conca de Barbera,0,0,1,0,2,0,0,0,1,1,0,0,0,100.0,0.0,0,2,No n'hi ha,-1.0,3,3,1,0,0,0,0,0,0,1,0,0,0,0,4,-1,1,Fregament o col·lisió lateral,-1,1,2,4,3,2,0,9.48,0,2,5,29,5
20529,2021,1,2021-01-03,SE,GRANOLLERS,Valles Oriental,3,0,1,0,1,0,0,0,0,0,0,1,0,100.0,0.0,0,-1,No n'hi ha,-1.0,3,3,1,0,0,0,0,0,0,0,0,0,0,0,4,-1,-1,Caiguda en la via,-1,2,2,5,-1,2,0,0.45,2,0,6,3,1
20530,2021,0,2021-12-17,A-2,CORNELLA DE LLOBREGAT,Baix Llobregat,3,0,1,0,1,0,0,0,1,0,0,0,0,90.0,0.0,0,-1,Sense Especificar,-1.0,3,3,1,0,0,0,0,0,0,0,0,0,0,0,4,-1,-1,Altres,-1,1,2,4,4,2,1,8.0,0,5,4,17,12
20531,2021,1,2021-01-19,LV-4241b,SOLSONA,Solsones,2,1,0,0,2,1,0,0,0,0,1,0,0,90.0,0.0,0,-1,No n'hi ha,-1.0,3,3,0,-1,0,0,0,-1,0,0,0,0,0,0,4,-1,1,Atropellament,-1,0,2,4,-1,2,1,10.42,0,3,1,19,1
20532,2021,1,2021-06-09,SE,CERCS,Bergueda,3,0,1,0,3,0,0,0,0,3,0,0,0,20.0,0.0,0,-1,Sense Especificar,-1.0,3,3,1,0,0,0,0,0,0,0,0,0,0,0,4,-1,-1,Resta sortides de via,-1,2,2,5,-1,2,1,13.14,0,1,2,9,6
20533,2021,0,2021-06-13,A-2,CASTELLOLI,Anoia,3,0,1,0,1,0,0,0,1,0,0,0,0,90.0,0.0,0,-1,Sense Especificar,-1.0,3,3,1,0,0,0,0,0,0,0,0,0,0,0,4,-1,-1,Resta sortides de via,-1,1,2,4,4,2,0,11.52,0,1,6,13,6
20534,2021,1,2021-12-01,SE,BARCELONA,Barcelones,3,0,1,1,4,2,0,0,0,2,0,0,0,100.0,0.0,1,-1,No n'hi ha,-1.0,1,3,1,0,0,0,0,0,0,0,0,0,1,0,0,-1,0,Atropellament,-1,2,0,5,-1,2,1,19.25,1,3,2,1,12
20535,2021,0,2021-11-17,B-10,SANTA COLOMA DE GRAMANET,Barcelones,3,0,2,0,2,0,0,0,2,0,0,0,0,80.0,0.0,1,-1,Carril acceleració,-1.0,3,3,1,0,0,0,0,0,0,0,0,0,0,0,0,-1,0,Encalç,-1,1,2,4,-1,2,1,18.3,1,2,2,17,11
20536,2021,0,2021-03-20,C-60,ARGENTONA,Maresme,3,0,1,2,1,0,0,0,0,1,0,0,0,80.0,0.0,0,2,No n'hi ha,-1.0,3,3,1,0,0,0,0,0,0,0,0,0,0,0,4,-1,0,Resta sortides de via,-1,1,2,4,2,2,0,18.22,1,1,5,20,3
20537,2021,1,2021-10-14,SE,VILANOVA I LA GELTRU,Garraf,3,0,1,0,2,1,0,0,0,1,0,0,0,100.0,0.0,0,2,No n'hi ha,-1.0,3,3,1,0,0,0,0,0,1,0,0,0,0,0,1,-1,1,Atropellament,-1,2,2,5,-1,2,1,18.2,1,3,3,14,10
20538,2021,1,2021-10-18,SE,"PRAT DE LLOBREGAT, E",Baix Llobregat,3,0,1,0,2,1,0,0,0,1,0,0,0,100.0,0.0,0,2,No n'hi ha,-1.0,3,3,1,0,0,0,0,0,0,0,0,0,0,2,4,2,0,Atropellament,1,2,2,5,-1,2,1,10.52,0,3,0,18,10
20539,2021,0,2021-03-22,BP-2151,SANT PERE DE RIUDEBITLLES,Alt Penedes,3,0,1,2,2,0,0,1,0,1,0,0,0,100.0,0.0,0,0,No n'hi ha,-1.0,3,3,1,0,0,0,0,0,0,0,0,0,0,1,4,4,1,Fregament o col·lisió lateral,1,1,2,4,3,2,1,17.11,1,2,0,22,3
20540,2021,0,2021-12-18,B-231,ESPARREGUERA,Baix Llobregat,3,0,1,0,2,0,0,0,0,1,1,0,0,100.0,0.0,0,2,No n'hi ha,-1.0,3,3,1,0,0,0,0,0,0,0,0,0,0,0,3,-1,1,Col·lisió frontal,-1,1,2,4,2,2,0,18.22,1,2,5,18,12
20541,2021,0,2021-10-24,C-25,CAMPLLONG,Girones,1,0,1,0,1,0,0,0,1,0,0,0,0,90.0,0.0,0,-1,Sense Especificar,-1.0,3,3,1,0,0,0,0,0,0,0,0,0,0,0,4,-1,-1,Xoc amb animal a la calçada,-1,1,2,4,4,2,0,0.16,2,4,6,24,10
20542,2021,1,2021-12-02,SE,REUS,Baix Camp,0,0,1,0,2,1,0,0,0,1,0,0,0,100.0,0.0,0,-1,No n'hi ha,-1.0,3,3,1,0,0,0,0,0,0,0,0,0,0,0,4,-1,-1,Atropellament,-1,2,2,5,-1,2,1,14.22,1,3,3,2,12
20543,2021,0,2021-09-23,B-151,RUBI,Valles Occidental,3,0,1,1,2,0,0,0,1,1,0,0,0,50.0,0.0,0,2,No n'hi ha,-1.0,1,3,1,0,0,0,0,0,0,0,0,0,0,0,2,-1,1,Caiguda en la via,-1,1,1,4,3,2,1,14.13,1,0,3,23,9
20544,2021,0,2021-07-06,B-20,BARCELONA,Barcelones,3,0,1,0,3,0,0,0,1,2,0,0,0,100.0,0.0,1,-1,No n'hi ha,-1.0,3,3,1,0,0,0,0,0,0,0,0,0,0,0,4,-1,1,Encalç,-1,1,2,4,-1,2,1,11.4,0,2,1,6,7
20545,2021,0,2021-12-04,C-44,TIVISSA,Ribera d'Ebre,0,0,2,1,3,0,0,0,0,3,0,0,0,70.0,0.0,0,1,No n'hi ha,-1.0,3,3,1,0,0,0,0,0,0,0,0,0,0,0,4,-1,1,Col·lisió frontal,-1,1,2,4,2,1,0,14.5,1,2,5,4,12
20546,2021,1,2021-06-01,SE,HOSPITALET DE LLOBREGAT,Barcelones,3,0,1,0,2,1,0,0,0,1,0,0,0,20.0,0.0,0,-1,No n'hi ha,-1.0,3,3,1,-1,0,0,0,-1,0,0,0,0,0,0,4,-1,0,Atropellament,-1,2,2,5,0,2,1,15.55,1,3,1,1,6
20547,2021,0,2021-07-24,C-1412b,"BARONIA DE RIALB, LA",Noguera,2,0,1,0,1,0,0,0,1,0,0,0,0,90.0,0.0,0,-1,Sense Especificar,-1.0,3,1,1,0,0,0,0,0,0,0,0,0,0,0,4,-1,-1,Altres,-1,1,2,4,4,2,0,15.19,1,5,5,24,7
20548,2021,1,2021-07-23,SE,VALLS,Alt Camp,0,0,1,0,2,1,0,0,1,0,0,0,0,100.0,0.0,0,-1,No n'hi ha,-1.0,3,3,1,0,0,0,0,0,0,0,0,0,0,0,4,-1,-1,Atropellament,-1,2,2,5,-1,2,0,22.2,2,3,4,23,7
20549,2021,0,2021-09-03,-GIP 6821.00,TOSSA DE MAR,Selva,1,0,1,0,1,0,1,0,0,0,0,0,0,90.0,0.0,0,-1,Sense Especificar,-1.0,3,3,1,0,0,0,0,0,0,0,0,0,0,0,4,-1,-1,Altres,-1,1,2,4,4,2,1,9.33,0,5,4,3,9
20550,2021,0,2021-11-22,C-59,PALAU DE PLEGAMANS,Valles Occidental,3,0,1,0,3,0,0,0,1,2,0,0,0,90.0,0.0,0,2,No n'hi ha,-1.0,3,3,1,0,0,0,0,0,0,0,0,0,0,0,4,-1,1,Encalç,-1,1,2,4,2,2,1,7.55,0,2,0,22,11
20551,2021,0,2021-08-21,N-420,MAR?A,Priorat,0,0,3,3,2,0,0,0,0,2,0,0,0,100.0,0.0,0,2,No n'hi ha,-1.0,3,3,1,0,0,0,0,0,0,0,0,0,0,1,4,4,1,Envestida (frontal lateral),2,1,2,4,1,2,0,17.19,1,2,5,21,8
20552,2021,0,2021-11-21,GIV-6217,TORROELLA DE FLUVIA,Alt Emporda,1,0,1,0,1,0,0,0,0,1,0,0,0,90.0,0.0,0,-1,Sense Especificar,-1.0,3,3,1,0,0,0,0,0,0,0,0,0,0,0,4,-1,-1,Resta sortides de via,-1,1,2,4,4,2,0,23.52,2,1,6,21,11
20553,2021,0,2021-02-21,C-60,"ROCA DEL VALLES, LA",Valles Oriental,3,1,0,2,3,0,0,0,3,0,0,0,0,80.0,0.0,0,3,No n'hi ha,-1.0,3,3,0,0,0,0,0,0,0,0,0,0,0,1,4,5,0,Xoc contra objecte/obstacle sense sortida prèvia de via,3,1,2,4,2,2,0,11.02,0,4,6,21,2
20554,2021,0,2021-11-07,C-31,PALAFRUGELL,Baix Emporda,1,0,2,0,2,0,0,0,0,2,0,0,0,50.0,0.0,0,2,No n'hi ha,-1.0,3,3,1,0,0,0,0,0,0,0,0,0,0,1,5,4,1,Resta sortides de via,0,1,2,4,3,2,0,19.54,1,1,6,7,11
20555,2021,0,2021-04-07,C-12,BALAGUER,Noguera,2,0,1,0,2,0,0,0,1,0,1,0,0,70.0,0.0,0,2,Carril central,-1.0,3,3,1,0,0,0,0,0,0,0,0,0,0,1,4,4,1,Envestida (frontal lateral),1,1,2,4,2,2,1,7.49,0,2,2,7,4
20556,2021,1,2021-08-27,SE,BARCELONA,Barcelones,3,0,1,0,2,0,0,0,0,1,0,1,0,100.0,0.0,1,-1,Carril bici,-1.0,3,3,1,0,0,0,0,0,0,0,0,0,0,1,4,-1,0,Envestida (frontal lateral),2,2,2,5,-1,2,0,20.0,1,2,4,27,8
20557,2021,1,2021-11-29,SE,CORNELLA DE LLOBREGAT,Baix Llobregat,3,0,1,0,2,1,0,0,0,1,0,0,0,20.0,0.0,0,-1,No n'hi ha,-1.0,3,3,1,0,0,0,0,0,0,0,0,0,0,0,4,-1,-1,Atropellament,-1,2,2,5,-1,2,1,10.2,0,3,0,29,11
20558,2021,0,2021-11-05,N-152z,SANTA PERPETUA DE MO,Valles Occidental,3,0,1,0,2,0,0,0,1,1,0,0,0,100.0,0.0,0,1,Carril central,-1.0,3,3,1,0,0,0,0,0,0,0,0,0,0,1,4,4,1,Envestida (frontal lateral),1,1,2,4,1,2,1,13.42,0,2,4,5,11
20559,2021,1,2021-05-27,SE,TARRAGONA,Tarragones,0,0,1,0,2,0,0,0,1,1,0,0,0,100.0,0.0,0,2,No n'hi ha,-1.0,3,3,1,0,0,0,0,0,0,0,0,0,0,0,4,-1,-1,Fregament o col·lisió lateral,-1,2,2,5,-1,2,1,15.15,1,2,3,27,5
20560,2021,1,2021-06-01,SE,MANRESA,Bages,3,0,1,1,2,1,0,1,0,0,0,0,0,100.0,0.0,0,2,No n'hi ha,-1.0,3,3,1,0,0,0,0,0,0,0,0,0,0,0,4,-1,1,Atropellament,-1,2,2,5,-1,2,1,12.56,0,3,1,1,6
20561,2021,1,2021-09-01,SE,BARCELONA,Barcelones,3,0,1,0,2,0,0,0,1,1,0,0,0,100.0,0.0,1,-1,No n'hi ha,-1.0,3,3,1,0,0,0,0,0,0,0,0,0,0,0,4,-1,0,Fregament o col·lisió lateral,-1,2,2,5,-1,2,1,7.5,0,2,2,1,9
20562,2021,1,2021-10-20,SE,SABADELL,Valles Occidental,3,0,1,0,2,1,0,0,0,1,0,0,0,100.0,0.0,0,2,No n'hi ha,-1.0,3,3,1,0,0,0,0,0,0,0,0,0,0,2,4,4,0,Altres,2,2,2,5,-1,2,1,8.2,0,5,2,20,10
20563,2021,0,2021-09-03,AP-7,FREGINALS,Montsia,0,0,2,2,3,0,0,0,0,2,1,0,0,100.0,0.0,0,3,No n'hi ha,-1.0,3,3,1,0,0,0,0,0,0,0,0,0,0,0,4,-1,0,Fregament o col·lisió lateral,-1,1,2,4,1,2,1,11.32,0,2,4,3,9
20564,2021,0,2021-10-30,C-65,LLAGOSTERA,Girones,1,1,0,0,1,0,0,0,1,0,0,0,0,100.0,0.0,0,2,No n'hi ha,-1.0,3,3,0,0,0,0,0,0,0,0,0,0,0,0,4,-1,1,Caiguda en la via,-1,1,2,4,3,2,0,13.18,0,0,5,30,10
20565,2021,1,2021-04-24,SE,BARCELONA,Barcelones,3,0,1,1,2,0,0,0,1,1,0,0,0,100.0,0.0,1,-1,No n'hi ha,-1.0,3,3,1,0,0,0,0,0,0,0,0,0,0,1,1,-1,0,Envestida (frontal lateral),2,2,2,5,-1,2,0,21.0,1,2,5,24,4
20566,2021,1,2021-03-10,SE,SABADELL,Valles Occidental,3,0,1,0,2,1,0,0,0,1,0,0,0,100.0,1.0,0,2,Carril bici,-1.0,3,3,1,0,0,0,0,0,0,0,0,0,0,0,4,-1,1,Atropellament,-1,2,2,5,-1,2,1,15.5,1,3,2,10,3
20567,2021,0,2021-12-04,C-31,SITGES,Garraf,3,0,1,2,2,0,0,0,0,2,0,0,0,70.0,0.0,0,3,No n'hi ha,-1.0,3,3,1,0,0,0,0,0,0,0,0,0,0,0,3,-1,1,Col·lisió frontal,-1,1,2,4,2,2,0,21.09,1,2,5,4,12
20568,2021,0,2021-06-18,BV-4342,LLUCA,Osona,3,0,2,2,1,0,0,0,0,1,0,0,0,100.0,0.0,0,2,No n'hi ha,-1.0,3,3,1,0,0,0,0,0,0,0,0,0,0,1,4,5,1,Resta sortides de via,1,1,2,4,3,2,0,20.43,1,1,4,18,6
20569,2021,1,2021-09-12,SE,CERDANYOLA DEL VALLES,Valles Occidental,3,0,1,0,1,0,0,0,0,0,0,1,0,20.0,0.0,0,2,Carril bici,-1.0,3,3,1,-1,0,0,0,-1,0,0,0,0,-1,0,4,-1,1,Caiguda en la via,-1,2,2,5,0,2,0,18.35,1,0,6,12,9
20570,2021,1,2021-03-15,SE,TARRAGONA,Tarragones,0,0,1,0,2,1,0,0,0,1,0,0,0,100.0,0.0,0,-1,No n'hi ha,-1.0,3,3,1,0,0,0,0,0,0,0,0,0,0,0,4,-1,-1,Altres,-1,2,2,5,-1,2,1,21.0,1,5,0,15,3
20571,2021,1,2021-10-08,C-13,TREMP,Pallars Jussa,2,0,1,0,2,1,0,0,0,1,0,0,0,50.0,0.0,0,2,No n'hi ha,-1.0,3,3,1,0,0,0,0,0,0,0,0,0,0,0,4,-1,1,Atropellament,-1,0,2,4,-1,2,1,12.27,0,3,4,8,10