,Year,Area,Date,Road,Municipality Name,County Name,Province Name,Fatalties,Serious Injuries,Light Injuries,Units Involved,Pedestrains Involved,Bicycles Involved,Mopeds Involved,Motorcycles,Light Vehicles Involved,Heavy Vehicles Involved,Other Units Involved,Unspecified Units Involved,Road Speed Limit,Accident with Hit and Run,Fog Presence,Surrounding Environment,Special Lane Presence,Special Traffic Measures,Weather Conditions,Special Road Functions,Severity of Accident,Influence of Fog,Influence of Environment,Influence of Traffic,Influence of Weather,Influence of Wind Intensity,Influence of Lighting,Influence of Special Measures,Influence of Road Objects,Influence of Road Surface,Influence of Visibility,Intersection Characteristics,Lighting Conditions,Traffic Regulation and Priority,Direction of Road,Subtype of Accident,Subtype of Road Section,Subzone within Area,Road Surface Conditions,Type of Road,Road Ownership,Wind Conditions,Day of the Week Grouping,Hour of Day,Time of Day Grouping,Type of Accident,Day Type,Day,Month
20572,2021,0,2021-10-30,B-224,SANT ESTEVE SESROVIRES,Baix Llobregat,3,0,1,2,3,0,0,0,0,2,1,0,0,100.0,0.0,0,2,No n'hi ha,-1.0,1,3,1,0,0,0,0,0,0,0,0,0,0,0,2,-1,1,Col·lisió frontal,-1,1,2,4,3,2,0,8.15,0,2,5,30,10
20573,2021,1,2021-07-31,SE,"JONQUERA, LA",Alt Emporda,1,0,1,0,2,1,0,0,1,0,0,0,0,40.0,0.0,0,2,No n'hi ha,-1.0,3,3,1,0,0,0,0,0,0,0,0,0,0,0,4,-1,1,Atropellament,-1,0,2,4,1,2,0,17.07,1,3,5,31,7
20574,2021,1,2021-06-04,SE,AMPOSTA,Montsia,0,0,1,0,2,1,0,0,0,1,0,0,0,100.0,0.0,0,2,No n'hi ha,-1.0,3,3,1,0,0,0,0,0,0,0,0,0,0,2,4,-1,1,Atropellament,0,2,2,5,-1,2,1,10.05,0,3,4,4,6
20575,2021,1,2021-06-29,SE,BARCELONA,Barcelones,3,0,1,0,3,2,0,0,0,1,0,0,0,30.0,0.0,1,-1,Carril bici,-1.0,3,3,1,0,0,0,0,0,0,0,0,0,0,1,0,-1,0,Atropellament,1,2,2,5,-1,2,1,1.47,2,3,1,29,6
20576,2021,1,2021-04-05,SE,CASTELLFOLLIT DEL BO,Bages,3,0,1,0,1,0,0,0,1,0,0,0,0,20.0,0.0,0,-1,Sense Especificar,-1.0,3,3,1,0,0,0,0,0,0,0,0,0,0,0,4,-1,-1,Altres,-1,2,2,5,-1,2,1,12.58,0,5,0,5,4
20577,2021,0,2021-12-27,A-27,TARRAGONA,Tarragones,0,0,1,0,2,0,0,0,1,1,0,0,0,100.0,0.0,0,2,No n'hi ha,-1.0,3,3,1,0,0,0,0,0,0,0,0,0,0,0,4,-1,0,Encalç,-1,1,2,1,1,1,1,12.19,0,2,0,27,12
20578,2021,0,2021-07-02,C-58,CERDANYOLA DEL VALLES,Valles Occidental,3,0,1,0,1,0,0,0,0,1,0,0,0,100.0,1.0,0,2,No n'hi ha,-1.0,3,3,1,0,0,0,0,0,0,0,0,0,0,0,3,-1,0,Altres,-1,1,2,4,2,2,0,23.07,2,5,4,2,7
20579,2021,0,2021-04-13,C-16,SANT CUGAT DEL VALLES,Valles Occidental,3,0,1,0,2,0,0,0,1,1,0,0,0,110.0,0.0,0,3,No n'hi ha,-1.0,3,3,1,0,0,0,0,0,0,0,0,0,0,1,4,4,0,Fregament o col·lisió lateral,3,1,2,4,2,2,1,9.21,0,2,1,13,4
20580,2021,1,2021-04-30,SE,BARCELONA,Barcelones,3,0,1,0,1,0,0,0,1,0,0,0,0,100.0,0.0,1,-1,No n'hi ha,-1.0,3,3,1,0,0,0,0,0,0,0,0,0,0,1,0,-1,0,Caiguda en la via,0,2,2,5,-1,2,0,22.3,2,0,4,30,4
20581,2021,1,2021-09-09,SE,MARTORELL,Baix Llobregat,3,0,1,0,1,0,0,0,0,0,0,1,0,20.0,0.0,0,-1,No n'hi ha,-1.0,1,3,1,0,-1,0,0,0,0,0,0,0,0,0,5,-1,-1,Caiguda en la via,-1,2,3,5,-1,2,1,23.1,2,0,3,9,9
20582,2021,0,2021-09-11,BV-4241,CAPOLAT,Bergueda,3,0,1,0,2,0,0,0,1,1,0,0,0,50.0,0.0,0,1,No n'hi ha,-1.0,3,3,1,0,0,0,0,0,0,0,0,0,0,1,4,5,1,Envestida (frontal lateral),1,1,2,4,3,2,0,14.14,1,2,5,11,9
20583,2021,0,2021-08-12,A-2,CERVERA,Segarra,2,1,0,1,2,0,0,0,0,0,2,0,0,100.0,0.0,0,2,No n'hi ha,-1.0,3,3,0,0,0,0,0,0,0,0,0,0,0,0,4,-1,0,Encalç,-1,1,2,4,2,2,1,14.35,1,2,3,12,8
20584,2021,0,2021-06-12,C-16,CERCS,Bergueda,3,0,1,2,2,0,0,0,0,2,0,0,0,100.0,0.0,0,2,No n'hi ha,-1.0,3,3,1,0,0,0,0,0,0,0,0,0,0,1,4,4,1,Envestida (frontal lateral),1,1,2,4,2,2,0,11.57,0,2,5,12,6
20585,2021,1,2021-09-12,BV-5001,SANTA COLOMA DE GRAMANET,Barcelones,3,0,1,0,2,0,1,0,0,1,0,0,0,90.0,0.0,0,-1,No n'hi ha,-1.0,3,3,1,-1,-1,0,0,-1,0,0,0,0,0,0,4,-1,-1,Encalç,-1,0,2,4,-1,2,0,8.2,0,2,6,12,9
20586,2021,1,2021-01-05,SE,TERRASSA,Valles Occidental,3,0,1,0,1,0,0,0,1,0,0,0,0,100.0,1.0,0,-1,No n'hi ha,-1.0,3,3,1,0,0,0,0,0,0,0,0,0,0,0,4,-1,-1,Envestida (frontal lateral),-1,2,2,5,-1,2,1,20.35,1,2,1,5,1
20587,2021,1,2021-03-27,SE,BADALONA,Barcelones,3,0,1,0,2,1,0,0,0,1,0,0,0,20.0,0.0,0,2,No n'hi ha,-1.0,3,3,1,-1,0,0,0,-1,0,0,0,0,-1,0,4,-1,0,Atropellament,-1,2,2,5,-1,2,0,12.46,0,3,5,27,3
20588,2021,1,2021-04-02,SE,"VENDRELL, EL",Baix Penedes,0,0,1,0,2,0,0,0,1,1,0,0,0,40.0,0.0,0,-1,No n'hi ha,-1.0,3,3,1,-1,-1,0,0,-1,0,0,0,0,-1,1,4,4,1,Envestida (frontal lateral),2,2,2,5,0,2,0,15.35,1,2,4,2,4
20589,2021,1,2021-10-05,SE,VILAFRANCA DEL PENEDES,Alt Penedes,3,0,1,0,2,1,0,0,0,1,0,0,0,100.0,0.0,0,2,No n'hi ha,-1.0,3,3,1,0,0,0,0,0,0,0,0,0,0,1,4,5,0,Atropellament,2,2,2,5,-1,2,1,12.0,0,3,1,5,10
20590,2021,1,2021-03-18,SE,MATARO,Maresme,3,0,1,0,2,1,0,0,0,1,0,0,0,20.0,0.0,0,-1,No n'hi ha,-1.0,3,3,1,0,0,0,0,0,0,0,0,0,0,0,4,-1,-1,Atropellament,-1,2,2,5,-1,2,1,12.3,0,3,3,18,3
20591,2021,0,2021-08-26,AP-7,REUS,Baix Camp,0,0,1,0,2,0,0,0,1,0,1,0,0,120.0,0.0,0,2,No n'hi ha,-1.0,3,3,1,0,0,0,0,0,0,0,0,0,0,0,4,-1,0,Encalç,-1,1,2,4,1,2,1,11.42,0,2,3,26,8
20592,2021,1,2021-11-11,SE,BADALONA,Barcelones,3,0,1,0,2,0,0,1,0,1,0,0,0,20.0,0.0,0,-1,No n'hi ha,-1.0,3,3,1,-1,0,0,0,-1,0,0,0,0,0,1,4,4,1,Envestida (frontal lateral),0,2,2,5,0,2,1,9.41,0,2,3,11,11
20593,2021,1,2021-01-31,SE,VIC,Osona,3,0,1,0,1,0,0,0,0,0,0,1,0,20.0,0.0,0,2,No n'hi ha,-1.0,3,3,1,-1,0,0,0,-1,0,0,0,0,0,0,4,-1,0,Caiguda en la via,-1,2,2,5,-1,2,0,16.15,1,0,6,31,1
20594,2021,1,2021-05-19,SE,GIRONA,Girones,1,0,1,1,2,0,0,1,0,1,0,0,0,30.0,0.0,0,2,No n'hi ha,-1.0,3,3,1,0,0,0,0,0,0,0,0,0,0,1,4,4,1,Envestida (frontal lateral),2,2,2,5,-1,2,1,20.37,1,2,2,19,5
20595,2021,1,2021-12-24,SE,TARRAGONA,Tarragones,0,0,1,0,1,0,0,0,0,0,0,1,0,100.0,0.0,0,2,No n'hi ha,-1.0,1,3,1,0,0,0,0,0,0,0,0,0,0,0,0,-1,1,Caiguda en la via,-1,2,2,5,-1,2,0,18.0,1,0,4,24,12
20596,2021,0,2021-04-07,N-420,RIUDOMS,Baix Camp,0,0,1,1,2,0,0,0,0,2,0,0,0,80.0,0.0,0,3,No n'hi ha,-1.0,3,3,1,0,0,0,0,0,0,0,0,0,0,0,3,-1,1,Col·lisió frontal,-1,1,2,4,1,2,1,20.38,1,2,2,7,4
20597,2021,1,2021-10-22,BV-5222,RODA DE TER,Osona,3,0,1,0,1,1,0,0,0,0,0,0,0,50.0,1.0,0,2,No n'hi ha,-1.0,3,3,1,0,0,0,0,0,0,0,0,0,0,1,1,2,1,Atropellament,1,0,2,4,4,2,0,19.44,1,3,4,22,10
20598,2021,0,2021-02-20,BV-1221,NAVARCLES,Bages,3,0,1,1,2,0,0,0,2,0,0,0,0,50.0,0.0,0,2,No n'hi ha,-1.0,3,3,1,0,0,0,0,0,0,0,0,0,0,0,4,-1,1,Caiguda en la via,-1,1,2,4,3,2,0,17.06,1,0,5,20,2
20599,2021,1,2021-10-01,SE,SANT CUGAT DEL VALLES,Valles Occidental,3,0,1,0,1,0,0,0,0,0,0,1,0,100.0,0.0,0,-1,No n'hi ha,-1.0,3,3,1,0,0,0,0,0,0,0,0,0,0,0,4,-1,-1,Altres,-1,2,2,5,-1,2,0,22.28,2,5,4,1,10
20600,2021,0,2021-10-06,CR,"PRAT DE LLOBREGAT, E",Baix Llobregat,3,0,1,0,2,0,0,0,1,1,0,0,0,100.0,0.0,0,2,Carril reversible,-1.0,3,3,1,0,0,0,0,0,0,0,0,0,0,0,4,-1,1,Col·lisió frontal,-1,1,2,3,0,2,1,16.37,1,2,2,6,10
20601,2021,0,2021-04-07,C-230a,SUDANELL,Segria,2,0,1,0,1,0,1,0,0,0,0,0,0,90.0,0.0,0,-1,Sense Especificar,-1.0,3,3,1,0,0,0,0,0,0,0,0,0,0,0,4,-1,-1,Altres,-1,1,2,4,4,2,1,15.19,1,5,2,7,4
20602,2021,1,2021-01-13,SE,ROSES,Alt Emporda,1,0,1,0,2,0,0,0,1,1,0,0,0,20.0,0.0,0,-1,No n'hi ha,-1.0,3,3,1,-1,0,0,0,-1,0,0,0,0,0,0,4,-1,0,Fregament o col·lisió lateral,-1,2,2,5,-1,2,1,13.1,0,2,2,13,1
20603,2021,0,2021-12-09,BV-2411,BEGUES,Baix Llobregat,3,0,1,0,1,0,0,0,0,1,0,0,0,40.0,0.0,0,2,No n'hi ha,-1.0,3,3,1,0,0,0,0,0,0,0,0,0,0,0,4,-1,1,Resta sortides de via,-1,1,2,4,3,2,1,12.58,0,1,3,9,12
20604,2021,0,2021-05-20,C-62,SANT BARTOMEU DEL GR,Osona,3,0,1,0,1,0,0,0,0,1,0,0,0,90.0,0.0,0,-1,Sense Especificar,-1.0,3,3,1,0,0,0,0,0,0,0,0,0,0,0,4,-1,-1,Resta sortides de via,-1,1,2,4,4,2,1,15.03,1,1,3,20,5
20605,2021,1,2021-07-07,SE,GIRONA,Girones,1,0,1,0,2,0,1,0,0,1,0,0,0,40.0,0.0,0,-1,No n'hi ha,-1.0,3,3,1,0,0,0,0,0,0,0,0,0,0,0,4,-1,-1,Envestida (frontal lateral),-1,2,2,5,-1,2,1,17.01,1,2,2,7,7
20606,2021,1,2021-07-18,SE,LLORET DE MAR,Selva,1,0,1,0,1,0,1,0,0,0,0,0,0,100.0,0.0,0,-1,No n'hi ha,-1.0,3,3,1,0,0,0,0,0,0,0,0,0,0,0,4,-1,-1,Caiguda en la via,-1,2,2,5,-1,2,0,8.3,0,0,6,18,7
20607,2021,1,2021-12-18,SE,RUBI,Valles Occidental,3,0,1,0,2,1,0,0,0,1,0,0,0,100.0,0.0,0,-1,No n'hi ha,-1.0,3,3,1,0,0,0,0,0,1,0,0,0,0,0,4,-1,-1,Atropellament,-1,2,2,5,-1,2,0,10.45,0,3,5,18,12
20608,2021,0,2021-10-28,N-240,TARRAGONA,Tarragones,0,0,1,0,2,0,1,0,0,1,0,0,0,50.0,0.0,0,1,No n'hi ha,-1.0,3,3,1,0,0,0,0,0,0,0,0,0,0,0,5,-1,0,Envestida (frontal lateral),-1,1,2,4,1,2,1,5.49,2,2,3,28,10
20609,2021,1,2021-10-20,SE,CERDANYOLA DEL VALLES,Valles Occidental,3,0,1,0,2,0,1,0,0,1,0,0,0,20.0,0.0,0,2,No n'hi ha,-1.0,3,3,1,-1,0,0,0,-1,0,0,0,0,-1,0,4,-1,1,Xoc contra objecte/obstacle sense sortida prèvia de via,-1,2,2,5,-1,2,1,8.0,0,4,2,20,10
20610,2021,1,2021-12-11,SE,HOSPITALET DE LLOBREGAT,Barcelones,3,0,1,0,2,0,0,0,1,1,0,0,0,20.0,0.0,0,-1,No n'hi ha,-1.0,3,3,1,0,-1,0,0,0,0,0,0,0,0,0,4,-1,-1,Fregament o col·lisió lateral,-1,2,2,5,-1,2,0,14.06,1,2,5,11,12
20611,2021,1,2021-11-27,SE,LLEIDA,Segria,2,0,1,1,2,0,0,0,0,2,0,0,0,100.0,0.0,0,2,No n'hi ha,-1.0,3,3,1,0,0,0,0,0,0,0,0,0,0,1,1,3,1,Fregament o col·lisió lateral,2,2,2,5,-1,2,0,7.4,0,2,5,27,11
20612,2021,1,2021-08-12,SE,FIGUERES,Alt Emporda,1,0,1,0,2,0,0,0,1,1,0,0,0,100.0,0.0,0,2,No n'hi ha,-1.0,3,3,1,0,0,0,0,0,0,0,0,0,0,2,1,5,1,Envestida (frontal lateral),1,2,2,5,-1,2,1,19.21,1,2,3,12,8
20613,2021,1,2021-01-16,SE,CALAFELL,Baix Penedes,0,0,1,0,2,0,0,0,1,1,0,0,0,20.0,0.0,0,-1,No n'hi ha,-1.0,3,3,1,-1,-1,0,0,-1,0,0,0,0,0,1,5,4,0,Fregament o col·lisió lateral,0,2,2,5,-1,2,0,21.15,1,2,5,16,1
20614,2021,1,2021-02-19,SE,BARCELONA,Barcelones,3,0,1,0,2,1,0,0,0,1,0,0,0,40.0,0.0,1,-1,No n'hi ha,-1.0,3,3,1,0,0,0,0,0,0,0,0,0,0,1,4,-1,1,Atropellament,0,2,2,5,-1,2,0,16.4,1,3,4,19,2
20615,2021,0,2021-09-22,BV-5001,MARTORELLES,Valles Oriental,3,0,1,0,1,0,0,0,1,0,0,0,0,50.0,0.0,0,1,No n'hi ha,-1.0,3,3,1,0,0,0,0,0,0,0,0,0,0,0,4,-1,1,Resta sortides de via,-1,1,2,4,3,2,1,18.27,1,1,2,22,9
20616,2021,1,2021-03-01,SE,BARCELONA,Barcelones,3,1,0,0,2,1,0,0,0,1,0,0,0,100.0,0.0,1,-1,No n'hi ha,-1.0,3,3,0,0,0,0,0,0,0,0,0,0,0,1,4,-1,1,Atropellament,2,2,2,5,-1,2,1,17.45,1,3,0,1,3
20617,2021,0,2021-12-20,C-59,PALAU DE PLEGAMANS,Valles Occidental,3,0,1,0,2,0,0,0,0,2,0,0,0,90.0,0.0,0,1,No n'hi ha,-1.0,3,3,1,0,0,0,0,0,0,0,0,0,0,0,3,-1,1,Col·lisió frontal,-1,1,2,4,2,2,1,18.32,1,2,0,20,12
20618,2021,1,2021-01-31,SE,BARCELONA,Barcelones,3,0,1,0,2,0,1,0,0,1,0,0,0,30.0,0.0,1,-1,No n'hi ha,-1.0,3,3,1,0,0,0,0,0,0,0,0,0,0,1,4,-1,1,Envestida (frontal lateral),2,2,2,5,-1,2,0,16.4,1,2,6,31,1
20619,2021,1,2021-09-08,C-26,ALFARRAS,Segria,2,0,1,0,2,1,0,0,0,1,0,0,0,100.0,0.0,0,2,No n'hi ha,-1.0,3,3,1,0,0,0,0,0,1,0,0,0,0,0,4,-1,1,Atropellament,-1,0,2,4,-1,2,1,10.51,0,3,2,8,9
20620,2021,0,2021-06-18,C-1412b,TREMP,Pallars Jussa,2,0,1,0,2,0,0,0,1,1,0,0,0,100.0,0.0,0,2,No n'hi ha,-1.0,3,3,1,0,0,0,0,0,0,0,0,0,0,1,4,4,1,Envestida (frontal lateral),0,1,2,4,2,2,1,12.05,0,2,4,18,6
20621,2021,1,2021-10-12,SE,CALELLA,Maresme,3,0,1,0,2,0,0,0,1,1,0,0,0,100.0,0.0,0,-1,No n'hi ha,-1.0,3,3,1,0,0,0,0,0,0,0,0,0,0,0,4,-1,-1,Altres,-1,2,2,5,-1,2,1,20.0,1,5,1,12,10
20622,2021,0,2021-06-06,-GIP 6531.00,BEGUR,Baix Emporda,1,1,0,2,2,0,0,0,0,2,0,0,0,70.0,0.0,0,1,No n'hi ha,-1.0,3,3,0,0,0,0,0,0,0,0,0,0,0,0,3,-1,1,Col·lisió frontal,-1,1,2,4,2,2,0,0.25,2,2,6,6,6
20623,2021,0,2021-08-16,A-2,LLEIDA,Segria,2,0,1,1,2,0,0,0,0,1,1,0,0,80.0,0.0,0,2,Carril acceleració,-1.0,3,3,1,0,0,0,0,0,0,0,0,0,0,0,4,-1,1,Encalç,-1,1,2,4,1,2,1,8.41,0,2,0,16,8
20624,2021,1,2021-08-13,SE,RIPOLLET,Valles Occidental,3,0,1,0,3,0,0,0,0,3,0,0,0,30.0,0.0,0,2,No n'hi ha,-1.0,3,3,1,0,0,0,0,0,0,0,0,0,0,1,4,4,0,Encalç,2,2,2,5,-1,2,0,16.56,1,2,4,13,8
20625,2021,1,2021-10-08,SE,GIRONA,Girones,1,0,1,0,2,1,0,0,0,1,0,0,0,100.0,0.0,0,2,No n'hi ha,-1.0,3,3,1,0,0,0,0,0,0,0,0,0,0,2,4,4,0,Atropellament,2,2,2,5,-1,2,1,14.33,1,3,4,8,10
20626,2021,0,2021-06-24,C-17,MOLLET DEL VALLES,Valles Oriental,3,0,1,1,2,0,0,0,1,1,0,0,0,90.0,0.0,0,-1,Sense Especificar,-1.0,3,3,1,0,0,0,0,0,0,0,0,0,0,2,4,2,-1,Envestida (frontal lateral),3,1,2,4,4,2,1,22.09,2,2,3,24,6
20627,2021,1,2021-02-25,SE,CALDERS,Moianès,3,0,1,0,1,0,1,0,0,0,0,0,0,20.0,0.0,0,-1,Sense Especificar,-1.0,3,3,1,0,0,0,0,0,0,0,0,0,0,0,4,-1,-1,Altres,-1,2,2,5,-1,2,1,9.36,0,5,3,25,2
20628,2021,1,2021-10-11,SE,BADALONA,Barcelones,3,0,1,0,2,0,0,1,0,1,0,0,0,100.0,0.0,0,-1,No n'hi ha,-1.0,3,3,1,0,0,0,0,0,0,0,0,0,0,0,4,-1,-1,Altres,-1,2,2,5,-1,2,1,9.41,0,5,0,11,10
20629,2021,0,2021-12-25,AP-7,"AMETLLA DE MAR, L'",Baix Ebre,0,1,0,0,1,0,0,0,1,0,0,0,0,60.0,0.0,0,1,No n'hi ha,-1.0,3,3,0,0,0,0,0,0,0,0,0,0,0,0,4,-1,0,Caiguda en la via,-1,1,2,4,1,2,0,11.4,0,0,5,25,12
20630,2021,1,2021-10-16,SE,SANT PERE DE RIBES,Garraf,3,1,0,0,1,0,0,0,0,0,0,1,0,100.0,0.0,0,-1,No n'hi ha,-1.0,3,3,0,0,0,0,0,0,0,0,0,0,0,0,4,-1,-1,Caiguda en la via,-1,2,2,5,-1,2,0,12.29,0,0,5,16,10
20631,2021,1,2021-08-01,SE,LLEIDA,Segria,2,0,1,0,1,0,0,0,1,0,0,0,0,20.0,0.0,0,-1,No n'hi ha,-1.0,3,3,1,-1,0,0,0,-1,0,0,0,0,-1,0,4,-1,1,Sortida de via amb xoc o col·lisió,-1,2,2,5,0,2,0,20.35,1,1,6,1,8
20632,2021,1,2021-02-22,SE,TERRASSA,Valles Occidental,3,0,1,2,3,2,0,0,0,0,0,1,0,20.0,0.0,0,-1,No n'hi ha,-1.0,2,3,1,0,0,0,0,0,0,0,0,0,0,0,4,-1,-1,Atropellament,-1,2,0,5,-1,2,1,15.5,1,3,0,22,2
20633,2021,1,2021-04-02,SE,CAMBRILS,Baix Camp,0,0,1,0,2,0,0,0,1,1,0,0,0,100.0,0.0,0,2,Altres,-1.0,3,3,1,0,0,0,0,0,0,0,0,0,0,1,1,-1,1,Envestida (frontal lateral),1,2,2,5,-1,2,0,20.32,1,2,4,2,4
20634,2021,0,2021-05-12,AP-7,SANT CUGAT DEL VALLES,Valles Occidental,3,2,0,1,2,0,0,0,0,2,0,0,0,100.0,0.0,0,-1,No n'hi ha,-1.0,3,3,0,0,0,0,0,0,0,0,0,0,0,0,4,-1,-1,Encalç,-1,1,2,4,-1,2,1,17.06,1,2,2,12,5
20635,2021,1,2021-06-20,SE,TONA,Osona,3,0,1,0,1,0,0,0,0,0,0,1,0,100.0,0.0,0,-1,No n'hi ha,-1.0,3,3,1,0,0,0,0,0,0,0,0,0,0,0,4,-1,-1,Altres,-1,2,2,5,-1,2,0,19.3,1,5,6,20,6
20636,2021,1,2021-07-29,SE,BARCELONA,Barcelones,3,0,1,0,4,1,0,0,2,1,0,0,0,100.0,0.0,1,-1,Carril bus,-1.0,3,3,1,0,0,0,0,0,0,0,0,0,0,1,4,-1,0,Atropellament,2,2,2,5,-1,2,1,12.2,0,3,3,29,7
20637,2021,1,2021-06-05,C-31,TORROELLA DE MONTGRI,Baix Emporda,1,0,1,0,2,1,0,0,0,1,0,0,0,50.0,0.0,0,1,No n'hi ha,-1.0,3,3,1,0,0,0,0,0,0,0,0,0,0,0,4,-1,1,Atropellament,-1,0,2,4,2,2,0,18.48,1,3,5,5,6
20638,2021,0,2021-08-26,C-63,RIUDARENES,Selva,1,0,3,4,3,0,0,0,0,2,1,0,0,100.0,0.0,0,2,No n'hi ha,-1.0,3,3,1,0,0,0,0,0,0,0,0,0,0,0,4,-1,1,Col·lisió frontal,-1,1,2,4,2,2,1,16.05,1,2,3,26,8
20639,2021,1,2021-01-26,SE,CORNELLA DE LLOBREGAT,Baix Llobregat,3,0,1,0,1,0,1,0,0,0,0,0,0,20.0,0.0,0,-1,No n'hi ha,-1.0,3,3,1,0,0,0,0,0,0,0,0,0,0,1,2,2,-1,Caiguda en la via,0,2,0,5,0,2,1,8.45,0,0,1,26,1
20640,2021,1,2021-02-16,SE,REUS,Baix Camp,0,0,1,0,1,0,0,0,1,0,0,0,0,100.0,0.0,0,-1,No n'hi ha,-1.0,3,3,1,0,0,0,0,0,0,0,0,0,0,0,4,-1,-1,Caiguda en la via,-1,2,2,5,-1,2,1,7.15,0,0,1,16,2
20641,2021,1,2021-01-30,SE,REUS,Baix Camp,0,0,6,2,9,8,0,0,0,1,0,0,0,100.0,0.0,0,-1,No n'hi ha,-1.0,3,3,1,0,0,0,0,0,0,0,0,0,0,0,4,-1,-1,Altres,-1,2,2,5,-1,2,0,12.3,0,5,5,30,1
20642,2021,0,2021-04-22,B-10,BARCELONA,Barcelones,3,0,1,0,3,0,0,0,1,2,0,0,0,80.0,0.0,1,-1,No n'hi ha,-1.0,3,3,1,0,0,0,0,0,0,0,0,0,0,0,4,-1,1,Encalç,-1,1,2,4,-1,2,1,18.4,1,2,3,22,4
20643,2021,0,2021-11-18,C-58,SANT QUIRZE DEL VALLES,Valles Occidental,3,0,1,0,2,0,0,0,1,1,0,0,0,100.0,0.0,0,3,No n'hi ha,-1.0,3,3,1,0,0,0,0,0,0,0,0,0,0,0,4,-1,0,Fregament o col·lisió lateral,-1,1,2,4,2,2,1,12.37,0,2,3,18,11
20644,2021,1,2021-06-13,SE,BARCELONA,Barcelones,3,0,1,0,1,0,0,0,1,0,0,0,0,50.0,0.0,1,-1,No n'hi ha,-1.0,3,3,1,0,0,0,0,0,0,0,0,0,0,0,0,-1,0,Caiguda en la via,-1,2,2,5,-1,2,0,22.13,2,0,6,13,6
20645,2021,1,2021-07-13,SE,TARRAGONA,Tarragones,0,1,0,0,2,0,0,0,0,2,0,0,0,100.0,0.0,0,2,No n'hi ha,-1.0,3,3,0,0,0,0,0,0,0,0,0,0,0,0,4,-1,1,Xoc contra objecte/obstacle sense sortida prèvia de via,-1,2,2,5,-1,2,1,13.55,0,4,1,13,7
20646,2021,1,2021-02-21,C-246a,VILANOVA I LA GELTRU,Garraf,3,0,1,0,1,0,0,0,1,0,0,0,0,100.0,0.0,0,2,No n'hi ha,-1.0,3,3,1,0,0,0,0,0,0,0,0,0,0,1,5,4,1,Resta sortides de via,0,0,2,4,-1,2,0,21.05,1,1,6,21,2
20647,2021,0,2021-11-12,B-30,CERDANYOLA DEL VALLES,Valles Occidental,3,0,1,0,2,0,0,0,1,1,0,0,0,80.0,0.0,0,2,No n'hi ha,-1.0,1,3,1,0,0,1,0,0,0,0,0,0,0,0,4,-1,0,Encalç,-1,1,2,4,1,2,1,7.48,0,2,4,12,11
20648,2021,0,2021-02-02,BP-1417,SANT CUGAT DEL VALLES,Valles Occidental,3,0,1,0,2,0,0,0,1,1,0,0,0,40.0,0.0,0,2,No n'hi ha,-1.0,3,3,1,0,0,0,0,0,1,0,0,0,1,1,1,4,1,Altres,1,1,2,4,3,2,1,17.22,1,5,1,2,2
20649,2021,0,2021-05-31,AL,"ROCA DEL VALLES, LA",Valles Oriental,3,0,1,0,4,0,0,0,1,3,0,0,0,80.0,0.0,0,2,No n'hi ha,-1.0,3,3,1,0,0,0,0,0,0,0,0,0,0,0,4,-1,1,Altres,-1,1,2,4,2,2,1,8.53,0,5,0,31,5
20650,2021,1,2021-10-20,SE,BARCELONA,Barcelones,3,0,1,0,2,1,0,0,0,1,0,0,0,100.0,0.0,1,-1,No n'hi ha,-1.0,3,3,1,0,0,0,0,0,0,0,0,0,0,0,0,-1,1,Atropellament,-1,2,2,5,-1,2,1,1.17,2,3,2,20,10
20651,2021,1,2021-05-13,SE,PUIGCERDA,Cerdanya,1,0,1,0,2,1,0,0,0,1,0,0,0,100.0,1.0,0,1,No n'hi ha,-1.0,3,3,1,0,0,0,0,0,0,0,0,0,0,0,4,-1,1,Atropellament,-1,0,2,4,1,2,1,18.41,1,3,3,13,5
20652,2021,0,2021-02-23,AP-2,"BORGES BLANQUES, LES",Garrigues,2,0,1,0,2,0,0,0,0,1,1,0,0,100.0,0.0,0,2,No n'hi ha,-1.0,3,3,1,0,0,0,0,0,0,0,0,0,0,0,4,-1,0,Encalç,-1,1,2,4,1,2,1,7.08,0,2,1,23,2
20653,2021,1,2021-12-04,SE,BARCELONA,Barcelones,3,0,1,0,3,2,0,0,1,0,0,0,0,100.0,0.0,1,-1,No n'hi ha,-1.0,3,3,1,0,0,0,0,0,0,0,0,0,0,0,0,-1,1,Caiguda en la via,-1,2,2,5,-1,2,0,22.43,2,0,5,4,12
20654,2021,0,2021-06-14,N-340,"VENDRELL, EL",Baix Penedes,0,0,1,1,2,0,0,0,0,2,0,0,0,100.0,0.0,0,2,No n'hi ha,-1.0,3,3,1,0,0,0,0,0,0,0,0,0,0,0,4,-1,1,Col·lisió frontal,-1,1,2,4,1,2,1,12.1,0,2,0,14,6
20655,2021,0,2021-04-01,C-59,"ESTANY, L'",Moianès,3,0,2,0,2,0,0,0,2,0,0,0,0,50.0,0.0,0,2,No n'hi ha,-1.0,3,3,1,0,0,0,0,0,0,0,0,0,0,0,4,-1,1,Fregament o col·lisió lateral,-1,1,2,4,2,2,1,17.42,1,2,3,1,4
20656,2021,1,2021-05-11,SE,CASTELLDEFELS,Baix Llobregat,3,0,1,0,2,1,0,0,0,1,0,0,0,100.0,0.0,0,2,No n'hi ha,-1.0,3,3,1,0,0,0,0,0,0,0,0,0,0,0,4,-1,0,Atropellament,-1,2,2,5,-1,2,1,9.55,0,3,1,11,5