,Year,Area,Date,Road,Municipality Name,County Name,Province Name,Fatalties,Serious Injuries,Light Injuries,Units Involved,Pedestrains Involved,Bicycles Involved,Mopeds Involved,Motorcycles,Light Vehicles Involved,Heavy Vehicles Involved,Other Units Involved,Unspecified Units Involved,Road Speed Limit,Accident with Hit and Run,Fog Presence,Surrounding Environment,Special Lane Presence,Special Traffic Measures,Weather Conditions,Special Road Functions,Severity of Accident,Influence of Fog,Influence of Environment,Influence of Traffic,Influence of Weather,Influence of Wind Intensity,Influence of Lighting,Influence of Special Measures,Influence of Road Objects,Influence of Road Surface,Influence of Visibility,Intersection Characteristics,Lighting Conditions,Traffic Regulation and Priority,Direction of Road,Subtype of Accident,Subtype of Road Section,Subzone within Area,Road Surface Conditions,Type of Road,Road Ownership,Wind Conditions,Day of the Week Grouping,Hour of Day,Time of Day Grouping,Type of Accident,Day Type,Day,Month
20657,2021,0,2021-11-16,GIV-6322,ALBONS,Baix Emporda,1,0,1,0,1,0,0,0,0,1,0,0,0,90.0,0.0,0,-1,Sense Especificar,-1.0,3,3,1,0,0,0,0,0,0,0,0,0,0,0,4,-1,-1,Resta sortides de via,-1,1,2,4,4,2,1,10.48,0,1,1,16,11
20658,2021,1,2021-10-01,SE,VIC,Osona,3,0,1,0,2,0,0,0,1,1,0,0,0,100.0,0.0,0,2,No n'hi ha,-1.0,3,3,1,0,0,0,0,0,0,0,0,0,0,1,5,4,1,Col·lisió frontal,2,2,2,5,-1,2,0,19.45,1,2,4,1,10
20659,2021,0,2021-09-10,C-12,MAIALS,Segria,2,0,1,2,2,0,0,0,1,1,0,0,0,80.0,0.0,0,2,Carril acceleració,-1.0,3,3,1,0,0,0,0,0,0,0,0,0,0,1,4,4,1,Envestida (frontal lateral),1,1,2,4,2,2,1,14.19,1,2,4,10,9
20660,2021,0,2021-07-01,N-141e,BESCANO,Girones,1,1,0,0,2,0,0,0,0,1,1,0,0,40.0,0.0,0,1,Habilitació voral/carril addicional,0.0,3,3,0,0,0,0,0,0,0,0,0,0,0,0,4,-1,1,Col·lisió frontal,-1,1,2,4,1,2,1,10.38,0,2,3,1,7
20661,2021,1,2021-10-15,SE,ROQUETES,Baix Ebre,0,0,1,0,1,0,0,0,0,1,0,0,0,20.0,0.0,0,-1,No n'hi ha,-1.0,3,3,1,-1,0,0,0,-1,0,0,0,0,0,0,1,-1,1,Xoc contra objecte/obstacle sense sortida prèvia de via,-1,2,2,5,0,2,0,18.55,1,4,4,15,10
20662,2021,0,2021-06-26,GIV-5313,CANET D'ADRI,Girones,1,0,1,0,2,0,1,0,0,0,1,0,0,100.0,0.0,0,2,No n'hi ha,-1.0,3,3,1,0,0,0,0,0,0,0,0,0,0,0,4,-1,1,Altres,-1,1,2,4,3,2,0,9.47,0,5,5,26,6
20663,2021,1,2021-03-30,SE,BARCELONA,Barcelones,3,0,1,0,1,0,0,0,1,0,0,0,0,30.0,0.0,1,-1,Carril bus,-1.0,3,3,1,0,0,0,0,0,0,0,0,0,0,0,4,-1,0,Caiguda en la via,-1,2,1,5,-1,2,1,11.0,0,0,1,30,3
20664,2021,1,2021-11-04,SE,RUBI,Valles Occidental,3,0,1,0,2,1,0,0,0,1,0,0,0,100.0,0.0,0,-1,No n'hi ha,-1.0,3,3,1,0,0,0,0,0,0,0,0,0,0,0,4,-1,-1,Altres,-1,2,2,5,-1,2,1,20.42,1,5,3,4,11
20665,2021,0,2021-06-18,B-30,BARBERA DEL VALLES,Valles Occidental,3,0,1,0,2,0,0,0,1,1,0,0,0,100.0,0.0,0,3,No n'hi ha,-1.0,3,3,1,0,0,0,0,0,0,0,0,0,0,2,4,5,0,Encalç,3,1,2,4,3,2,0,18.55,1,2,4,18,6
20666,2021,1,2021-03-11,SE,TERRASSA,Valles Occidental,3,0,1,0,2,1,0,0,0,1,0,0,0,30.0,0.0,0,2,No n'hi ha,-1.0,3,3,1,0,0,0,0,0,0,0,0,0,0,0,4,-1,1,Atropellament,-1,2,2,5,-1,2,1,18.0,1,3,3,11,3
20667,2021,0,2021-10-20,T-330,ARNES,Terra Alta,0,0,1,0,1,0,0,0,1,0,0,0,0,90.0,0.0,0,-1,Sense Especificar,-1.0,3,3,1,0,0,0,0,0,0,0,0,0,0,0,4,-1,-1,Resta sortides de via,-1,1,2,4,4,2,1,16.02,1,1,2,20,10
20668,2021,1,2021-10-07,SE,BANYOLES,Pla de l'Estany,1,0,1,0,3,0,0,0,1,2,0,0,0,100.0,0.0,0,2,No n'hi ha,-1.0,3,3,1,0,0,0,0,0,0,0,0,0,0,1,5,2,0,Fregament o col·lisió lateral,2,2,2,5,-1,2,1,7.15,0,2,3,7,10
20669,2021,0,2021-10-31,CR,ULLDECONA,Montsia,0,1,0,0,1,0,0,0,1,0,0,0,0,100.0,0.0,0,2,No n'hi ha,-1.0,3,3,0,0,0,0,0,0,0,0,0,1,0,0,3,-1,1,Resta sortides de via,-1,1,2,3,0,2,0,22.01,2,1,6,31,10
20670,2021,1,2021-05-09,N-260,CAMPDEVANOL,Ripolles,1,0,2,3,1,0,0,0,0,1,0,0,0,90.0,0.0,0,-1,Sense Especificar,-1.0,3,1,1,0,0,0,0,0,0,0,0,0,0,1,4,-1,-1,Resta sortides de via,-1,0,2,4,4,2,0,4.01,2,1,6,9,5
20671,2021,0,2021-11-14,C-32,SANT PERE DE RIBES,Garraf,3,1,0,2,3,1,0,0,0,2,0,0,0,100.0,0.0,0,2,No n'hi ha,-1.0,3,3,0,0,0,0,0,0,0,0,0,0,0,0,1,-1,0,Atropellament,-1,1,2,4,2,2,0,18.06,1,3,6,14,11
20672,2021,1,2021-05-26,SE,GIRONA,Girones,1,0,1,0,2,0,0,1,0,1,0,0,0,100.0,0.0,0,2,No n'hi ha,-1.0,3,3,1,0,0,0,0,0,0,0,0,0,0,1,4,3,1,Envestida (frontal lateral),2,2,2,5,-1,1,1,20.13,1,2,2,26,5
20673,2021,0,2021-10-30,GIV-6703,QUART,Girones,1,1,0,0,2,0,1,0,0,1,0,0,0,100.0,0.0,0,1,No n'hi ha,-1.0,3,3,0,0,0,0,0,0,0,0,0,0,0,0,1,-1,1,Envestida (frontal lateral),-1,1,1,4,3,2,0,7.58,0,2,5,30,10
20674,2021,1,2021-01-05,SE,"VENDRELL, EL",Baix Penedes,0,0,1,0,2,0,0,0,1,1,0,0,0,40.0,0.0,0,-1,No n'hi ha,-1.0,3,3,1,-1,-1,0,0,-1,0,0,0,0,-1,1,4,4,0,Encalç,1,2,2,5,-1,2,1,13.24,0,2,1,5,1
20675,2021,1,2021-05-05,SE,"VENDRELL, EL",Baix Penedes,0,0,1,1,2,1,0,0,0,1,0,0,0,40.0,0.0,0,-1,No n'hi ha,-1.0,3,3,1,-1,-1,0,0,-1,0,0,0,0,-1,0,4,-1,1,Atropellament,-1,2,2,5,0,2,1,14.25,1,3,2,5,5
20676,2021,1,2021-06-11,SE,REUS,Baix Camp,0,0,1,1,2,0,0,0,0,2,0,0,0,100.0,0.0,0,-1,No n'hi ha,-1.0,3,3,1,0,0,0,0,0,0,0,0,0,0,0,4,-1,-1,Encalç,-1,2,2,5,-1,2,0,19.4,1,2,4,11,6
20677,2021,1,2021-10-15,SE,TERRASSA,Valles Occidental,3,0,1,0,1,0,0,0,0,0,0,1,0,20.0,0.0,0,2,No n'hi ha,-1.0,3,3,1,-1,0,0,0,-1,0,0,0,0,0,0,4,-1,0,Caiguda en la via,-1,2,2,5,-1,2,1,12.45,0,0,4,15,10
20678,2021,0,2021-04-01,LV-4241,GUIXERS,Solsones,2,0,1,0,2,0,1,0,0,1,0,0,0,60.0,0.0,0,2,No n'hi ha,-1.0,3,3,1,0,0,0,0,0,0,0,0,0,0,1,4,4,1,Fregament o col·lisió lateral,1,1,2,4,3,2,1,14.45,1,2,3,1,4
20679,2021,1,2021-11-08,N-340a,"ALDEA, L'",Baix Ebre,0,0,1,0,2,1,0,0,0,1,0,0,0,50.0,0.0,0,2,Habilitació voral/carril addicional,-1.0,3,3,1,0,0,0,0,0,1,0,0,0,0,0,4,-1,1,Atropellament,-1,0,2,4,0,2,1,17.04,1,3,0,8,11
20680,2021,1,2021-11-17,SE,TARRAGONA,Tarragones,0,0,1,0,2,0,0,0,1,1,0,0,0,100.0,0.0,0,2,No n'hi ha,-1.0,3,3,1,0,0,0,0,0,0,0,0,0,0,1,5,4,1,Fregament o col·lisió lateral,0,2,2,5,-1,2,1,18.5,1,2,2,17,11
20681,2021,1,2021-07-06,SE,SABADELL,Valles Occidental,3,0,1,0,3,0,0,1,0,2,0,0,0,100.0,0.0,0,-1,No n'hi ha,-1.0,3,3,1,0,0,0,0,0,0,0,0,0,0,0,4,-1,-1,Altres,-1,2,2,5,-1,2,1,21.21,1,5,1,6,7
20682,2021,1,2021-09-22,SE,SANT QUIRZE DEL VALLES,Valles Occidental,3,1,0,0,2,1,0,0,0,1,0,0,0,20.0,0.0,0,-1,No n'hi ha,-1.0,3,3,0,-1,-1,0,0,-1,0,0,0,0,-1,1,4,4,-1,Atropellament,2,2,2,5,-1,2,1,10.15,0,3,2,22,9
20683,2021,0,2021-06-08,A-2,SANT VICENC DELS HORTS,Baix Llobregat,3,0,1,0,2,0,0,0,1,1,0,0,0,120.0,1.0,0,2,No n'hi ha,-1.0,3,3,1,0,0,0,0,0,0,0,0,0,0,0,4,-1,0,Fregament o col·lisió lateral,-1,1,2,4,1,2,1,19.08,1,2,1,8,6
20684,2021,1,2021-10-31,SE,SABADELL,Valles Occidental,3,0,1,1,2,0,0,0,1,1,0,0,0,30.0,0.0,0,2,No n'hi ha,-1.0,3,3,1,0,0,0,0,0,0,0,0,0,0,1,4,3,1,Envestida (frontal lateral),1,2,2,5,-1,2,0,11.4,0,2,6,31,10
20685,2021,1,2021-09-30,SE,GIRONA,Girones,1,0,1,0,1,0,0,0,1,0,0,0,0,40.0,0.0,0,2,No n'hi ha,-1.0,3,3,1,0,0,0,0,0,0,0,0,0,0,0,4,-1,1,Caiguda en la via,-1,2,2,5,-1,2,1,12.09,0,0,3,30,9
20686,2021,0,2021-07-02,C-37,ODENA,Anoia,3,0,1,0,1,0,0,0,0,1,0,0,0,90.0,0.0,0,-1,Sense Especificar,-1.0,3,3,1,0,0,0,0,0,0,0,0,0,0,0,4,-1,-1,Resta sortides de via,-1,1,2,4,4,2,0,23.54,2,1,4,2,7
20687,2021,1,2021-01-05,SE,REUS,Baix Camp,0,0,1,0,1,0,1,0,0,0,0,0,0,100.0,0.0,0,-1,No n'hi ha,-1.0,3,3,1,0,0,0,0,0,0,0,0,0,0,0,4,-1,-1,Caiguda en la via,-1,2,2,5,-1,2,1,14.1,1,0,1,5,1
20688,2021,1,2021-04-06,SE,IGUALADA,Anoia,3,0,1,0,1,0,0,0,1,0,0,0,0,50.0,0.0,0,-1,No n'hi ha,-1.0,3,3,1,-1,0,0,0,-1,0,0,0,0,-1,1,5,4,1,Xoc contra objecte/obstacle sense sortida prèvia de via,0,2,2,5,-1,2,1,20.3,1,4,1,6,4
20689,2021,1,2021-12-27,SE,BADALONA,Barcelones,3,0,1,0,2,0,0,0,0,0,2,0,0,20.0,0.0,0,-1,No n'hi ha,-1.0,3,3,1,-1,0,0,0,-1,0,0,0,0,0,1,4,4,0,Envestida (frontal lateral),2,2,2,5,-1,2,1,11.48,0,2,0,27,12
20690,2021,0,2021-10-07,C-66,SERINYA,Pla de l'Estany,1,0,1,0,2,0,1,0,0,1,0,0,0,90.0,0.0,0,-1,Sense Especificar,-1.0,3,3,1,0,0,0,0,0,0,0,0,0,0,1,4,4,-1,Envestida (frontal lateral),3,1,2,4,4,2,1,15.14,1,2,3,7,10
20691,2021,1,2021-11-05,SE,MANRESA,Bages,3,0,1,1,3,2,0,0,0,1,0,0,0,100.0,0.0,0,2,No n'hi ha,-1.0,3,3,1,0,0,0,0,0,1,0,0,0,0,1,5,2,0,Atropellament,1,2,2,5,-1,2,1,6.3,0,3,4,5,11
20692,2021,1,2021-04-14,SE,VIC,Osona,3,0,1,0,1,0,0,1,0,0,0,0,0,100.0,0.0,0,2,No n'hi ha,-1.0,3,3,1,0,0,0,0,0,0,0,0,0,0,0,5,-1,1,Resta sortides de via,-1,2,2,5,-1,2,1,22.52,2,1,2,14,4
20693,2021,0,2021-07-10,C-16C,SANT FRUITOS DE BAGES,Bages,3,0,1,0,2,0,0,0,1,1,0,0,0,80.0,0.0,0,2,Habilitació voral/carril addicional,-1.0,3,3,1,0,0,0,0,0,0,0,0,0,0,0,4,-1,1,Col·lisió frontal,-1,1,2,4,4,2,0,14.48,1,2,5,10,7
20694,2021,0,2021-03-28,C-246a,VILANOVA I LA GELTRU,Garraf,3,0,1,0,2,0,0,0,1,1,0,0,0,60.0,0.0,0,2,No n'hi ha,-1.0,3,3,1,0,0,0,0,0,0,0,0,0,0,1,5,5,1,Envestida (frontal lateral),1,1,2,4,2,2,0,22.12,2,2,6,28,3
20695,2021,1,2021-06-21,SE,MANRESA,Bages,3,0,1,0,2,1,0,0,0,1,0,0,0,100.0,0.0,0,2,No n'hi ha,-1.0,3,3,1,0,0,0,0,0,0,0,0,0,0,1,4,2,1,Atropellament,1,2,2,5,-1,2,1,9.15,0,3,0,21,6
20696,2021,0,2021-10-08,C-32,GAVA,Baix Llobregat,3,1,0,0,4,1,0,0,0,3,0,0,0,90.0,0.0,0,-1,Sense Especificar,-1.0,3,3,0,0,0,0,0,0,0,0,0,0,0,0,4,-1,-1,Atropellament,-1,1,2,4,4,2,0,23.27,2,3,4,8,10
20697,2021,0,2021-06-25,C-15,"POBLA DE CLARAMUNT,LA",Anoia,3,1,0,2,2,0,0,0,0,2,0,0,0,100.0,0.0,0,1,No n'hi ha,-1.0,3,3,0,0,0,0,0,0,0,0,0,0,0,0,4,-1,1,Col·lisió frontal,-1,1,2,4,2,2,1,12.39,0,2,4,25,6
20698,2021,1,2021-11-17,SE,REUS,Baix Camp,0,0,1,0,2,0,1,0,0,1,0,0,0,100.0,0.0,0,-1,No n'hi ha,-1.0,3,3,1,0,0,0,0,0,0,0,0,0,0,0,4,-1,-1,Col·lisió frontal,-1,2,2,5,-1,2,1,20.0,1,2,2,17,11
20699,2021,0,2021-08-03,CR,ALPICAT,Segria,2,0,1,0,1,0,0,0,0,0,1,0,0,100.0,0.0,0,2,No n'hi ha,-1.0,3,3,1,0,0,0,0,0,0,0,0,0,0,0,4,-1,1,Altres,-1,1,2,3,0,2,1,19.45,1,5,1,3,8
20700,2021,0,2021-12-21,C-12B,ASCO,Ribera d'Ebre,0,0,1,0,2,0,0,0,1,0,1,0,0,100.0,0.0,0,2,No n'hi ha,-1.0,3,3,1,0,0,0,0,0,0,0,0,0,0,0,1,-1,1,Fregament o col·lisió lateral,-1,1,2,4,2,2,1,17.33,1,2,1,21,12
20701,2021,0,2021-04-25,BV-2411,OLESA DE BONESVALLS,Alt Penedes,3,0,1,0,1,0,1,0,0,0,0,0,0,90.0,0.0,0,-1,Sense Especificar,-1.0,3,3,1,0,0,0,0,0,0,0,0,0,0,0,4,-1,-1,Altres,-1,1,2,4,4,2,0,12.48,0,5,6,25,4
20702,2021,0,2021-04-08,B-20,BARCELONA,Barcelones,3,0,1,0,2,0,0,0,1,1,0,0,0,80.0,0.0,1,-1,No n'hi ha,-1.0,3,3,1,0,0,0,0,0,0,0,0,0,0,0,4,-1,1,Encalç,-1,1,2,4,-1,2,1,18.0,1,2,3,8,4
20703,2021,1,2021-12-21,SE,VIC,Osona,3,0,1,1,3,2,0,0,0,1,0,0,0,20.0,0.0,0,-1,No n'hi ha,-1.0,3,3,1,0,0,0,0,0,0,0,0,0,0,0,5,-1,-1,Atropellament,-1,2,2,5,-1,2,1,19.05,1,3,1,21,12
20704,2021,0,2021-02-14,BV-2004,SANT CLIMENT DE LLOBREGAT,Baix Llobregat,3,0,1,0,1,0,0,0,0,1,0,0,0,40.0,0.0,0,0,No n'hi ha,-1.0,1,3,1,-1,1,0,0,-1,0,0,0,0,0,0,2,-1,1,Sortida de via amb bolcada,-1,1,0,4,3,2,0,10.35,0,1,6,14,2
20705,2021,1,2021-07-05,SE,BARCELONA,Barcelones,3,0,1,1,3,1,0,0,0,1,1,0,0,100.0,0.0,1,-1,No n'hi ha,-1.0,3,3,1,0,0,0,0,0,0,0,0,0,0,0,4,-1,0,Atropellament,-1,2,2,5,-1,2,1,10.46,0,3,0,5,7
20706,2021,0,2021-03-25,C-53,ANGLESOLA,Urgell,2,1,0,0,2,0,0,0,1,0,1,0,0,100.0,0.0,0,2,No n'hi ha,-1.0,3,3,0,0,0,0,0,0,0,0,0,0,0,0,4,-1,1,Envestida (frontal lateral),-1,1,2,4,2,2,1,9.58,0,2,3,25,3
20707,2021,1,2021-12-24,SE,BARCELONA,Barcelones,3,0,1,1,2,0,0,0,1,1,0,0,0,100.0,0.0,1,-1,No n'hi ha,-1.0,3,3,1,0,0,0,0,0,0,0,0,0,0,1,4,-1,0,Fregament o col·lisió lateral,2,2,2,5,-1,2,1,12.45,0,2,4,24,12
20708,2021,1,2021-06-14,SE,BARCELONA,Barcelones,3,0,1,0,2,0,0,0,1,1,0,0,0,100.0,0.0,1,-1,Carril bus,-1.0,3,3,1,0,0,0,0,0,0,0,0,0,0,1,4,-1,0,Envestida (frontal lateral),2,2,2,5,-1,2,1,20.0,1,2,0,14,6
20709,2021,1,2021-07-23,SE,AMPOSTA,Montsia,0,0,1,0,2,1,0,0,0,1,0,0,0,100.0,0.0,0,2,No n'hi ha,-1.0,3,3,1,0,0,0,0,0,0,0,0,0,0,1,4,4,0,Atropellament,2,2,2,5,-1,2,1,13.3,0,3,4,23,7
20710,2021,0,2021-08-28,AP-7,"ROCA DEL VALLES, LA",Valles Oriental,3,0,1,1,2,0,0,0,0,1,1,0,0,90.0,0.0,0,2,No n'hi ha,-1.0,3,3,1,0,0,0,0,0,0,0,0,0,0,0,3,-1,0,Encalç,-1,1,2,4,1,2,0,22.0,2,2,5,28,8
20711,2021,0,2021-10-10,CR,"PRAT DE LLOBREGAT, E",Baix Llobregat,3,0,1,0,2,0,0,1,0,1,0,0,0,100.0,0.0,0,2,No n'hi ha,-1.0,3,3,1,0,0,0,0,0,0,0,0,0,0,0,5,-1,1,Col·lisió frontal,-1,1,2,3,0,2,0,21.48,1,2,6,10,10
20712,2021,1,2021-05-16,SE,BARCELONA,Barcelones,3,0,1,1,2,0,0,0,1,1,0,0,0,30.0,0.0,1,-1,No n'hi ha,-1.0,3,3,1,0,0,0,0,0,0,0,0,0,0,1,0,-1,0,Envestida (frontal lateral),2,2,2,5,-1,2,0,20.35,1,2,6,16,5
20713,2021,1,2021-04-24,SE,BARCELONA,Barcelones,3,0,1,2,4,2,0,0,1,1,0,0,0,100.0,0.0,1,-1,Carril bus,-1.0,3,3,1,0,0,0,0,0,0,0,0,0,0,0,4,-1,1,Atropellament,-1,2,2,5,-1,2,0,18.1,1,3,5,24,4
20714,2021,0,2021-05-09,C-14,CIUTADILLA,Urgell,2,0,3,0,2,0,0,0,0,2,0,0,0,100.0,0.0,0,3,No n'hi ha,-1.0,1,3,1,0,0,0,0,0,0,0,0,0,0,0,4,-1,1,Envestida (frontal lateral),-1,1,2,4,2,2,0,18.5,1,2,6,9,5
20715,2021,1,2021-03-09,SE,BADALONA,Barcelones,3,0,1,0,1,0,0,0,0,0,0,1,0,20.0,0.0,0,-1,No n'hi ha,-1.0,3,3,1,-1,0,0,0,-1,0,0,0,0,0,0,1,-1,0,Caiguda en la via,-1,2,2,5,-1,2,1,6.4,0,0,1,9,3
20716,2021,1,2021-09-25,SE,HOSPITALET DE LLOBREGAT,Barcelones,3,0,1,0,2,0,0,0,0,1,0,1,0,20.0,0.0,0,-1,No n'hi ha,-1.0,3,3,1,-1,0,0,0,-1,0,0,0,0,0,1,1,3,1,Envestida (frontal lateral),2,2,2,5,0,2,0,6.05,0,2,5,25,9
20717,2021,1,2021-12-16,BV-5306,TARADELL,Osona,3,0,1,0,2,1,0,0,0,1,0,0,0,30.0,0.0,0,2,No n'hi ha,-1.0,3,3,1,0,0,0,0,0,0,0,0,0,0,2,5,2,0,Atropellament,1,0,2,4,-1,2,1,19.01,1,3,3,16,12
20718,2021,1,2021-02-16,SE,BARCELONA,Barcelones,3,0,1,0,2,1,0,0,0,1,0,0,0,100.0,0.0,1,-1,Carril bus,-1.0,3,3,1,0,0,0,0,0,0,0,0,0,0,1,4,-1,0,Atropellament,2,2,2,5,-1,2,1,15.25,1,3,1,16,2
20719,2021,1,2021-08-07,SE,TARRAGONA,Tarragones,0,0,1,0,2,1,0,0,0,1,0,0,0,100.0,0.0,0,2,No n'hi ha,-1.0,3,3,1,0,0,0,0,0,0,0,0,0,0,1,4,-1,0,Atropellament,2,2,2,5,-1,2,0,9.27,0,3,5,7,8
20720,2021,1,2021-02-24,SE,LLICA D'AMUNT,Valles Oriental,3,0,1,0,1,0,0,0,1,0,0,0,0,20.0,0.0,0,-1,No n'hi ha,-1.0,3,3,1,0,-1,1,0,0,0,0,0,0,0,0,5,-1,-1,Caiguda en la via,-1,2,2,5,-1,2,1,23.46,2,0,2,24,2
20721,2021,1,2021-12-18,SE,VIC,Osona,3,0,1,2,2,0,0,0,0,2,0,0,0,50.0,0.0,0,2,No n'hi ha,-1.0,3,3,1,0,0,0,0,0,0,0,0,0,0,1,0,4,1,Envestida (frontal lateral),2,2,2,5,-1,2,0,19.13,1,2,5,18,12
20722,2021,1,2021-08-09,SE,SABADELL,Valles Occidental,3,0,1,0,2,1,0,0,0,1,0,0,0,100.0,0.0,0,2,No n'hi ha,-1.0,3,3,1,0,0,0,0,0,0,0,0,0,0,2,4,3,1,Xoc contra objecte/obstacle sense sortida prèvia de via,2,2,2,5,-1,2,1,12.3,0,4,0,9,8
20723,2021,0,2021-12-02,C-13,"SENTIU DE SIO, LA",Noguera,2,0,2,0,2,0,0,0,0,2,0,0,0,70.0,0.0,0,0,No n'hi ha,-1.0,3,3,1,0,0,0,0,0,0,0,0,0,0,0,4,-1,1,Col·lisió frontal,-1,1,2,4,2,1,1,15.58,1,2,3,2,12
20724,2021,1,2021-08-24,SE,BADALONA,Barcelones,3,0,1,0,2,1,0,0,0,1,0,0,0,100.0,0.0,0,-1,No n'hi ha,-1.0,3,3,1,0,0,0,0,0,0,0,0,0,0,0,4,-1,-1,Altres,-1,2,2,5,-1,2,1,12.15,0,5,1,24,8
20725,2021,1,2021-01-19,SE,CERDANYOLA DEL VALLES,Valles Occidental,3,0,1,0,2,1,0,0,0,1,0,0,0,20.0,0.0,0,2,No n'hi ha,-1.0,3,3,1,-1,0,0,0,-1,0,0,0,0,-1,1,4,4,1,Atropellament,2,2,2,5,-1,2,1,9.48,0,3,1,19,1
20726,2021,0,2021-05-05,SE,TORDERA,Maresme,3,0,2,1,1,0,0,0,0,1,0,0,0,100.0,0.0,0,0,No n'hi ha,-1.0,3,3,1,0,0,0,0,0,0,0,0,0,0,1,3,5,1,Sortida de via amb bolcada,1,1,0,0,0,2,1,0.45,2,1,2,5,5
20727,2021,0,2021-04-10,BV-2116,CASTELLET I LA GORNA,Alt Penedes,3,1,0,0,1,0,0,0,0,1,0,0,0,100.0,0.0,0,0,No n'hi ha,-1.0,3,3,0,0,0,0,0,0,0,0,0,0,0,0,4,-1,1,Resta sortides de via,-1,1,2,4,3,2,0,13.33,0,1,5,10,4
20728,2021,1,2021-07-24,SE,MANRESA,Bages,3,0,1,0,2,1,0,0,0,1,0,0,0,100.0,0.0,0,2,No n'hi ha,-1.0,3,3,1,0,0,0,0,0,1,0,0,0,0,1,4,3,1,Atropellament,2,2,2,5,-1,2,0,11.35,0,3,5,24,7
20729,2021,1,2021-11-08,SE,BADALONA,Barcelones,3,0,1,1,2,0,0,0,1,1,0,0,0,20.0,0.0,0,2,No n'hi ha,-1.0,3,3,1,-1,0,0,0,-1,0,0,0,0,0,0,5,-1,0,Envestida (frontal lateral),-1,2,2,5,-1,2,1,19.05,1,2,0,8,11
20730,2021,1,2021-11-10,SE,OLESA DE MONTSERRAT,Baix Llobregat,3,0,1,0,1,0,0,1,0,0,0,0,0,100.0,0.0,0,-1,No n'hi ha,-1.0,3,3,1,0,0,0,0,0,0,0,0,0,0,0,4,-1,-1,Caiguda en la via,-1,2,2,5,-1,2,1,14.2,1,0,2,10,11
20731,2021,1,2021-09-08,SE,VILAFRANCA DEL PENEDES,Alt Penedes,3,0,1,0,2,1,0,0,0,1,0,0,0,100.0,0.0,0,2,No n'hi ha,-1.0,3,3,1,0,0,0,0,0,0,0,0,0,0,0,4,-1,1,Atropellament,-1,2,2,5,-1,1,1,10.15,0,3,2,8,9
20732,2021,0,2021-04-07,B-224,MASQUEFA,Anoia,3,0,1,0,2,0,0,0,0,1,1,0,0,90.0,0.0,0,-1,Sense Especificar,-1.0,3,3,1,0,0,0,0,0,0,0,0,0,0,1,4,5,-1,Envestida (frontal lateral),2,1,2,4,4,2,1,13.42,0,2,2,7,4
20733,2021,1,2021-06-03,SE,GIRONA,Girones,1,0,1,0,2,0,0,0,0,1,0,1,0,100.0,0.0,0,2,Carril bici,-1.0,3,3,1,0,0,0,0,0,0,0,0,0,0,0,4,-1,1,Envestida (frontal lateral),-1,2,2,5,-1,2,1,15.33,1,2,3,3,6
20734,2021,0,2021-06-27,B-212,SANT MARTI SARROCA,Alt Penedes,3,0,1,0,1,0,0,0,1,0,0,0,0,90.0,0.0,0,-1,Sense Especificar,-1.0,3,3,1,0,0,0,0,0,0,0,0,0,0,0,4,-1,-1,Resta sortides de via,-1,1,2,4,4,2,0,8.0,0,1,6,27,6
20735,2021,0,2021-05-23,GIV-6703,GIRONA,Girones,1,0,1,0,1,0,1,0,0,0,0,0,0,90.0,0.0,0,-1,Sense Especificar,-1.0,3,3,1,0,0,0,0,0,0,0,0,0,0,0,4,-1,-1,Altres,-1,1,2,4,4,2,0,10.54,0,5,6,23,5
20736,2021,0,2021-10-04,T-211,"POBLA DE MONTORNES, LA",Tarragones,0,0,1,0,2,0,0,1,0,1,0,0,0,100.0,0.0,0,2,No n'hi ha,-1.0,3,3,1,0,0,0,0,0,0,0,0,0,0,0,4,-1,1,Fregament o col·lisió lateral,-1,1,2,4,0,2,1,18.3,1,2,0,4,10
20737,2021,0,2021-10-17,BV-5301,"BRULL, EL",Osona,3,0,1,0,2,0,0,0,1,1,0,0,0,100.0,0.0,0,1,No n'hi ha,-1.0,3,3,1,0,1,0,0,0,0,0,0,0,0,0,4,-1,1,Col·lisió frontal,-1,1,2,4,2,2,0,11.45,0,2,6,17,10
20738,2021,1,2021-05-12,SE,GIRONA,Girones,1,0,1,0,2,1,0,0,0,1,0,0,0,20.0,0.0,0,-1,Sense Especificar,-1.0,3,3,1,0,0,0,0,0,0,0,0,0,0,2,4,-1,-1,Atropellament,-1,2,2,5,-1,2,1,19.05,1,3,2,12,5
20739,2021,0,2021-04-23,C-1415c,ARGENTONA,Maresme,3,0,1,0,2,0,0,1,0,1,0,0,0,100.0,0.0,0,3,No n'hi ha,-1.0,3,3,1,0,0,0,0,0,0,0,0,0,0,0,4,-1,1,Fregament o col·lisió lateral,-1,1,2,4,2,2,1,8.1,0,2,4,23,4
20740,2021,0,2021-12-23,GI-552,RIELLS I VIABREA,Selva,1,0,1,0,1,0,0,0,0,1,0,0,0,90.0,0.0,0,-1,Sense Especificar,-1.0,3,3,1,0,0,0,0,0,0,0,0,0,0,0,4,-1,-1,Resta sortides de via,-1,1,2,4,4,2,1,2.31,2,1,3,23,12