,Year,Area,Date,Road,Municipality Name,County Name,Province Name,Fatalties,Serious Injuries,Light Injuries,Units Involved,Pedestrains Involved,Bicycles Involved,Mopeds Involved,Motorcycles,Light Vehicles Involved,Heavy Vehicles Involved,Other Units Involved,Unspecified Units Involved,Road Speed Limit,Accident with Hit and Run,Fog Presence,Surrounding Environment,Special Lane Presence,Special Traffic Measures,Weather Conditions,Special Road Functions,Severity of Accident,Influence of Fog,Influence of Environment,Influence of Traffic,Influence of Weather,Influence of Wind Intensity,Influence of Lighting,Influence of Special Measures,Influence of Road Objects,Influence of Road Surface,Influence of Visibility,Intersection Characteristics,Lighting Conditions,Traffic Regulation and Priority,Direction of Road,Subtype of Accident,Subtype of Road Section,Subzone within Area,Road Surface Conditions,Type of Road,Road Ownership,Wind Conditions,Day of the Week Grouping,Hour of Day,Time of Day Grouping,Type of Accident,Day Type,Day,Month
20741,2021,1,2021-01-01,SE,REUS,Baix Camp,0,0,1,0,2,0,0,0,1,1,0,0,0,100.0,0.0,0,-1,No n'hi ha,-1.0,3,3,1,0,0,0,0,0,0,0,0,0,0,0,4,-1,-1,Envestida (frontal lateral),-1,2,2,5,-1,2,1,12.3,0,2,4,1,1
20742,2021,1,2021-01-12,SE,AITONA,Segria,2,1,0,2,1,0,0,0,0,1,0,0,0,100.0,0.0,0,2,No n'hi ha,-1.0,3,3,0,0,0,0,0,0,0,0,0,0,0,1,0,5,1,Resta sortides de via,1,2,3,5,0,2,1,20.23,1,1,1,12,1
20743,2021,1,2021-01-30,SE,"VENDRELL, EL",Baix Penedes,0,0,1,1,2,1,0,0,0,1,0,0,0,40.0,0.0,0,-1,No n'hi ha,-1.0,3,3,1,-1,-1,0,0,-1,0,0,0,0,-1,0,4,-1,1,Atropellament,-1,2,2,5,0,2,0,10.15,0,3,5,30,1
20744,2021,1,2021-04-10,L-303,CERVERA,Segarra,2,0,2,0,3,0,2,0,0,1,0,0,0,100.0,0.0,0,2,No n'hi ha,-1.0,3,3,1,0,0,0,0,0,0,0,0,0,0,2,1,4,1,Envestida (frontal lateral),0,0,2,4,0,2,0,20.09,1,2,5,10,4
20745,2021,0,2021-08-28,B-433,ORISTA,Osona,3,0,1,0,1,0,0,0,1,0,0,0,0,100.0,0.0,0,0,No n'hi ha,-1.0,3,3,1,0,0,0,0,0,0,0,0,0,0,0,4,-1,1,Resta sortides de via,-1,1,2,4,3,2,0,10.4,0,1,5,28,8
20746,2021,0,2021-11-10,GIV-6216,TORROELLA DE FLUVIA,Alt Emporda,1,0,1,0,1,0,0,0,0,1,0,0,0,90.0,0.0,0,-1,Sense Especificar,-1.0,3,3,1,0,0,0,0,0,0,0,0,0,0,0,4,-1,-1,Resta sortides de via,-1,1,2,4,4,2,1,16.29,1,1,2,10,11
20747,2021,0,2021-12-15,C-58,SABADELL,Valles Occidental,3,1,0,0,3,1,0,0,0,1,1,0,0,100.0,0.0,0,-1,No n'hi ha,-1.0,3,3,0,0,0,0,0,0,0,0,0,0,0,0,4,-1,-1,Atropellament,-1,1,2,4,-1,2,1,13.21,0,3,2,15,12
20748,2021,0,2021-05-24,AP-7,CONSTANTI,Tarragones,0,0,1,5,2,0,0,0,0,2,0,0,0,100.0,0.0,0,1,No n'hi ha,-1.0,3,3,1,0,0,0,0,0,0,0,0,0,0,0,4,-1,1,Encalç,-1,1,2,4,1,2,1,18.19,1,2,0,24,5
20749,2021,1,2021-01-15,SE,TARRAGONA,Tarragones,0,0,1,0,1,0,0,0,1,0,0,0,0,30.0,0.0,0,3,No n'hi ha,-1.0,3,3,1,0,0,0,0,0,0,0,0,0,0,0,4,-1,1,Caiguda en la via,-1,2,2,5,-1,2,0,15.5,1,0,4,15,1
20750,2021,1,2021-06-05,SE,TERRASSA,Valles Occidental,3,0,2,0,2,1,0,0,1,0,0,0,0,20.0,0.0,0,-1,No n'hi ha,-1.0,3,3,1,0,-1,0,0,0,0,0,0,0,0,1,5,4,0,Atropellament,1,2,2,5,-1,2,0,1.0,2,3,5,5,6
20751,2021,0,2021-05-14,N-260,RIBERA D'URGELLET,Alt Urgell,2,0,1,0,2,0,1,0,0,0,1,0,0,100.0,0.0,0,2,No n'hi ha,-1.0,3,3,1,0,0,0,0,0,0,0,0,0,0,0,4,-1,1,Altres,-1,1,2,4,1,2,0,17.38,1,5,4,14,5
20752,2021,0,2021-10-27,C-31,HOSPITALET DE LLOBREGAT,Barcelones,3,0,1,0,2,0,0,0,1,1,0,0,0,80.0,0.0,0,2,No n'hi ha,-1.0,3,3,1,0,0,0,0,0,0,0,0,0,0,0,5,-1,0,Fregament o col·lisió lateral,-1,1,2,4,2,2,1,5.45,2,2,2,27,10
20753,2021,1,2021-12-21,SE,VIC,Osona,3,0,1,1,3,2,0,0,0,1,0,0,0,100.0,0.0,0,3,No n'hi ha,-1.0,3,3,1,0,0,0,0,0,0,0,0,0,0,0,5,-1,0,Atropellament,-1,2,2,5,-1,2,1,19.05,1,3,1,21,12
20754,2021,1,2021-09-01,SE,SANT ADRIA DE BESOS,Barcelones,3,0,1,0,2,1,0,0,0,1,0,0,0,20.0,0.0,0,2,No n'hi ha,-1.0,3,3,1,-1,0,0,0,-1,0,0,0,0,-1,0,4,-1,1,Atropellament,-1,2,2,5,-1,2,1,13.3,0,3,2,1,9
20755,2021,0,2021-10-26,C-1413a,MOLINS DE REI,Baix Llobregat,3,0,1,0,1,0,0,0,1,0,0,0,0,90.0,0.0,0,-1,Sense Especificar,-1.0,3,3,1,0,0,0,0,0,0,0,0,0,0,2,4,4,-1,Altres,3,1,2,4,4,2,1,18.17,1,5,1,26,10
20756,2021,0,2021-10-19,B-430,ARTES,Bages,3,0,1,1,3,0,0,0,0,1,2,0,0,100.0,0.0,0,2,No n'hi ha,-1.0,3,3,1,0,0,0,0,0,0,0,0,0,0,0,2,-1,1,Col·lisió frontal,-1,1,2,4,4,2,1,7.52,0,2,1,19,10
20757,2021,1,2021-05-08,SE,BARCELONA,Barcelones,3,0,1,1,2,0,0,0,1,1,0,0,0,100.0,0.0,1,-1,No n'hi ha,-1.0,3,3,1,0,0,0,0,0,0,0,0,0,0,1,0,-1,0,Fregament o col·lisió lateral,1,2,2,5,-1,2,0,21.35,1,2,5,8,5
20758,2021,0,2021-07-18,AP-7,"AMPOLLA, L'",Baix Ebre,0,1,2,7,8,0,0,0,0,7,1,0,0,100.0,0.0,0,3,No n'hi ha,-1.0,3,3,0,0,0,0,0,0,0,0,0,0,0,0,4,-1,0,Encalç,-1,1,2,4,1,2,0,20.09,1,2,6,18,7
20759,2021,1,2021-08-26,SE,"PALLARESOS, ELS",Tarragones,0,0,1,0,2,0,1,0,0,1,0,0,0,100.0,0.0,0,1,No n'hi ha,-1.0,3,3,1,0,0,1,0,0,0,0,0,0,0,1,4,4,1,Altres,1,2,2,5,-1,2,1,17.37,1,5,3,26,8
20760,2021,0,2021-05-25,A-2,SANT JOAN DESPI,Baix Llobregat,3,0,1,0,2,0,0,0,1,0,1,0,0,100.0,0.0,0,2,No n'hi ha,-1.0,3,3,1,0,0,0,0,0,0,0,0,0,0,0,4,-1,0,Encalç,-1,1,2,4,1,2,1,13.52,0,2,1,25,5
20761,2021,0,2021-05-10,B-124,CASTELLAR DEL VALLES,Valles Occidental,3,0,1,1,2,0,0,0,1,1,0,0,0,60.0,0.0,0,3,No n'hi ha,-1.0,3,3,1,0,0,0,0,0,0,0,0,0,0,0,4,-1,1,Fregament o col·lisió lateral,-1,1,2,4,2,2,1,17.09,1,2,0,10,5
20762,2021,1,2021-08-09,SE,ROSES,Alt Emporda,1,0,1,1,2,0,0,0,1,1,0,0,0,40.0,0.0,0,-1,No n'hi ha,-1.0,3,3,1,-1,0,0,0,-1,0,0,0,0,0,1,4,5,1,Envestida (frontal lateral),2,2,2,5,-1,2,1,17.41,1,2,0,9,8
20763,2021,0,2021-06-30,CR,"ESCALA, L'",Alt Emporda,1,0,1,0,1,0,1,0,0,0,0,0,0,100.0,0.0,0,2,No n'hi ha,-1.0,3,3,1,0,0,0,0,0,0,0,0,0,0,0,3,-1,1,Resta sortides de via,-1,1,2,3,3,2,1,0.28,2,1,2,30,6
20764,2021,1,2021-08-09,SE,BARCELONA,Barcelones,3,0,1,0,2,0,1,0,0,1,0,0,0,100.0,0.0,1,-1,No n'hi ha,-1.0,3,3,1,0,0,0,0,0,0,0,0,0,0,0,0,-1,1,Envestida (frontal lateral),-1,2,2,5,-1,2,1,0.0,2,2,0,9,8
20765,2021,1,2021-09-30,SE,COLLBATO,Baix Llobregat,3,0,1,0,1,0,0,0,0,0,0,1,0,20.0,0.0,0,-1,Sense Especificar,-1.0,3,1,1,0,0,0,0,0,0,0,0,0,0,0,4,-1,-1,Altres,-1,0,2,5,4,2,1,11.39,0,5,3,30,9
20766,2021,0,2021-11-05,C-14,COLL DE NARGO,Alt Urgell,2,0,1,1,1,0,0,0,0,1,0,0,0,100.0,0.0,0,1,No n'hi ha,-1.0,3,3,1,0,0,0,0,0,0,0,0,0,0,0,4,-1,1,Resta sortides de via,-1,1,2,4,2,2,0,15.43,1,1,4,5,11
20767,2021,1,2021-05-13,SE,RUBI,Valles Occidental,3,0,1,1,2,0,0,0,1,1,0,0,0,100.0,0.0,0,2,No n'hi ha,-1.0,3,3,1,0,0,0,0,0,0,0,0,0,0,1,4,4,0,Fregament o col·lisió lateral,0,2,2,5,-1,2,1,10.05,0,2,3,13,5
20768,2021,0,2021-12-19,T-11,TARRAGONA,Tarragones,0,0,1,0,1,0,0,0,0,1,0,0,0,40.0,0.0,0,2,No n'hi ha,-1.0,3,3,1,0,0,0,0,0,0,0,0,0,0,1,5,4,0,Resta sortides de via,0,1,2,4,1,2,0,6.41,0,1,6,19,12
20769,2021,0,2021-04-28,C-243B,CASTELLVI DE ROSANES,Baix Llobregat,3,0,1,1,2,0,0,0,1,1,0,0,0,50.0,0.0,0,1,No n'hi ha,-1.0,3,3,1,0,0,0,0,0,0,0,0,0,0,0,4,-1,1,Col·lisió frontal,-1,1,2,4,3,2,1,14.33,1,2,2,28,4
20770,2021,1,2021-04-22,SE,DELTEBRE,Baix Ebre,0,0,1,0,2,0,0,1,0,1,0,0,0,100.0,0.0,0,2,No n'hi ha,-1.0,3,3,1,0,0,0,0,0,0,0,0,0,0,1,4,4,1,Envestida (frontal lateral),2,2,2,5,-1,2,1,14.36,1,2,3,22,4
20771,2021,0,2021-06-10,C-260,CASTELLO D'EMPURIES,Alt Emporda,1,0,1,1,1,0,0,0,1,0,0,0,0,100.0,0.0,0,2,No n'hi ha,-1.0,3,3,1,0,0,0,0,0,0,0,0,0,0,2,4,5,0,Caiguda en la via,0,1,2,4,3,2,1,15.27,1,0,3,10,6
20772,2021,1,2021-02-26,SE,BARCELONA,Barcelones,3,0,1,0,3,0,0,0,1,1,1,0,0,100.0,0.0,1,-1,Carril bus,-1.0,3,3,1,0,0,0,0,0,0,0,0,0,0,0,4,-1,1,Caiguda en la via,-1,2,2,5,-1,2,1,10.2,0,0,4,26,2
20773,2021,1,2021-06-20,SE,BARCELONA,Barcelones,3,0,2,0,3,0,0,0,1,2,0,0,0,30.0,0.0,1,-1,Carril bici,-1.0,3,3,1,0,0,0,0,0,0,0,0,0,0,0,4,-1,0,Encalç,-1,2,2,5,-1,2,0,16.41,1,2,6,20,6
20774,2021,1,2021-10-04,SE,SANT FELIU DE BUIXALLEU,Selva,1,0,1,0,2,1,0,0,0,1,0,0,0,100.0,0.0,0,2,No n'hi ha,-1.0,3,3,1,0,0,0,0,0,0,0,0,0,1,0,3,-1,1,Atropellament,-1,2,2,5,-1,2,1,7.08,0,3,0,4,10
20775,2021,1,2021-10-10,SE,MONTORNES DEL VALLES,Valles Oriental,3,0,1,2,2,0,0,0,2,0,0,0,0,40.0,0.0,0,2,No n'hi ha,-1.0,3,3,1,0,0,0,0,0,0,0,0,0,0,2,5,4,1,Col·lisió frontal,1,2,2,5,-1,2,0,2.12,2,2,6,10,10
20776,2021,1,2021-05-04,SE,TERRASSA,Valles Occidental,3,0,1,0,2,0,0,0,0,1,0,1,0,50.0,0.0,0,-1,No n'hi ha,-1.0,3,3,1,0,-1,0,0,0,0,0,0,0,0,0,4,-1,-1,Envestida (frontal lateral),-1,2,2,5,-1,2,1,15.45,1,2,1,4,5
20777,2021,0,2021-08-26,BP-2151,SANT PERE DE RIUDEBITLLES,Alt Penedes,3,0,1,0,2,0,0,0,1,1,0,0,0,100.0,0.0,0,1,No n'hi ha,-1.0,3,3,1,0,0,0,0,0,0,0,0,0,0,1,0,4,0,Fregament o col·lisió lateral,0,1,2,4,2,2,1,5.47,2,2,3,26,8
20778,2021,0,2021-05-17,C-55,CLARIANA DE CARDENER,Solsones,2,0,1,1,1,0,0,0,0,0,1,0,0,100.0,0.0,0,1,No n'hi ha,-1.0,3,3,1,0,0,0,0,0,0,0,0,0,0,0,4,-1,1,Resta sortides de via,-1,1,2,4,2,2,1,9.13,0,1,0,17,5
20779,2021,1,2021-09-21,SE,LLEIDA,Segria,2,1,0,0,2,1,0,0,0,0,0,1,0,20.0,0.0,0,-1,No n'hi ha,-1.0,3,3,0,-1,0,0,0,-1,0,0,0,0,-1,0,4,-1,1,Atropellament,-1,2,2,5,0,2,1,13.12,0,3,1,21,9
20780,2021,0,2021-04-26,C-14,ALCOVER,Alt Camp,0,0,1,0,3,0,0,0,0,1,2,0,0,100.0,0.0,0,1,No n'hi ha,-1.0,1,3,1,0,0,0,0,0,0,0,0,0,0,0,2,-1,1,Col·lisió frontal,-1,1,2,4,2,2,1,17.05,1,2,0,26,4
20781,2021,0,2021-11-22,BV-5001,SANT FOST DE CAMPSEN,Valles Oriental,3,0,1,0,2,0,0,0,1,0,1,0,0,50.0,0.0,0,1,No n'hi ha,-1.0,3,3,1,0,0,1,0,0,0,0,0,0,0,1,4,5,1,Col·lisió frontal,1,1,2,4,0,2,1,14.29,1,2,0,22,11
20782,2021,0,2021-07-23,BP-1417,SANT CUGAT DEL VALLES,Valles Occidental,3,0,1,0,2,0,0,0,1,1,0,0,0,50.0,0.0,1,-1,No n'hi ha,-1.0,3,3,1,0,0,0,0,0,0,0,0,0,0,0,3,-1,1,Col·lisió frontal,-1,1,2,4,-1,2,1,0.35,2,2,4,23,7
20783,2021,0,2021-12-11,TV-2441,QUEROL,Alt Camp,0,1,0,0,1,0,0,0,1,0,0,0,0,100.0,0.0,0,1,No n'hi ha,-1.0,3,3,0,0,0,0,0,0,0,0,0,0,0,0,4,-1,1,Resta sortides de via,-1,1,2,4,3,2,0,13.14,0,1,5,11,12
20784,2021,1,2021-07-10,SE,TERRASSA,Valles Occidental,3,0,1,0,2,0,0,0,0,2,0,0,0,100.0,0.0,0,-1,No n'hi ha,-1.0,3,3,1,0,0,0,0,0,0,0,0,0,0,0,4,-1,-1,Fregament o col·lisió lateral,-1,2,2,5,-1,2,0,15.3,1,2,5,10,7
20785,2021,1,2021-04-15,SE,BARCELONA,Barcelones,3,0,1,1,2,0,0,0,1,1,0,0,0,100.0,0.0,1,-1,Carril bus,-1.0,3,3,1,0,0,0,0,0,0,0,0,0,0,1,4,-1,1,Fregament o col·lisió lateral,2,2,2,5,-1,2,1,18.2,1,2,3,15,4
20786,2021,1,2021-09-11,C-55,MONISTROL DE MONTSER,Bages,3,1,3,1,2,0,0,0,0,2,0,0,0,100.0,0.0,0,1,No n'hi ha,-1.0,3,3,0,0,0,0,0,0,0,0,0,0,0,2,1,4,1,Envestida (frontal lateral),1,0,2,4,2,2,0,6.45,0,2,5,11,9
20787,2021,1,2021-08-04,SE,BARCELONA,Barcelones,3,0,1,0,2,0,0,0,1,1,0,0,0,30.0,0.0,1,-1,Carril bus,-1.0,3,3,1,0,0,0,0,0,0,0,0,0,0,1,4,-1,0,Fregament o col·lisió lateral,2,2,2,5,-1,2,1,14.05,1,2,2,4,8
20788,2021,1,2021-08-17,SE,TARRAGONA,Tarragones,0,0,1,1,3,2,0,0,0,0,1,0,0,100.0,0.0,0,2,No n'hi ha,-1.0,3,3,1,0,0,0,0,0,0,0,0,0,0,0,4,-1,0,Xoc contra objecte/obstacle sense sortida prèvia de via,-1,2,2,5,-1,2,1,19.3,1,4,1,17,8
20789,2021,1,2021-06-02,SE,LLEIDA,Segria,2,0,1,0,2,1,0,0,0,1,0,0,0,20.0,0.0,0,2,No n'hi ha,-1.0,3,3,1,-1,0,0,0,-1,0,0,0,0,0,0,4,-1,1,Atropellament,-1,2,2,5,-1,2,1,16.2,1,3,2,2,6
20790,2021,0,2021-01-27,B-225,CASTELLBISBAL,Valles Occidental,3,0,1,0,2,1,0,0,0,1,0,0,0,100.0,0.0,0,2,No n'hi ha,-1.0,3,3,1,0,0,0,0,0,0,0,0,0,0,1,1,4,1,Atropellament,0,1,2,4,4,2,1,6.43,0,3,2,27,1
20791,2021,1,2021-04-18,SE,SANT BOI DE LLOBREGAT,Baix Llobregat,3,0,1,1,2,1,0,1,0,0,0,0,0,30.0,0.0,0,-1,No n'hi ha,-1.0,3,3,1,0,-1,0,0,0,0,0,0,0,0,0,1,-1,-1,Caiguda en la via,-1,2,2,5,-1,2,0,20.14,1,0,6,18,4
20792,2021,1,2021-01-18,SE,VILADECANS,Baix Llobregat,3,0,1,0,2,1,0,0,0,1,0,0,0,20.0,0.0,0,2,No n'hi ha,-1.0,3,3,1,-1,0,0,0,-1,0,0,0,0,-1,1,4,2,1,Atropellament,0,2,2,5,-1,2,1,8.3,0,3,0,18,1
20793,2021,1,2021-11-22,SE,BADALONA,Barcelones,3,0,1,0,2,1,0,0,0,1,0,0,0,20.0,0.0,0,-1,No n'hi ha,-1.0,3,3,1,-1,0,0,0,-1,0,0,0,0,0,0,4,-1,1,Atropellament,-1,2,2,5,0,2,1,9.0,0,3,0,22,11
20794,2021,1,2021-03-17,SE,SABADELL,Valles Occidental,3,0,1,0,2,1,0,0,0,1,0,0,0,30.0,0.0,0,2,No n'hi ha,-1.0,3,3,1,0,0,0,0,0,0,0,0,0,0,0,4,-1,1,Atropellament,-1,2,2,5,-1,2,1,7.22,0,3,2,17,3
20795,2021,1,2021-08-15,SE,MOIA,Moianès,3,0,1,0,1,0,0,0,1,0,0,0,0,100.0,0.0,0,2,No n'hi ha,-1.0,3,3,1,0,1,0,0,0,1,0,0,0,0,1,5,4,1,Resta sortides de via,2,2,2,5,0,2,0,5.13,2,1,6,15,8
20796,2021,1,2021-10-08,SE,HOSTALETS DE PIEROLA,Anoia,3,0,1,0,1,0,0,0,0,1,0,0,0,100.0,0.0,0,2,No n'hi ha,-1.0,3,3,1,0,0,0,0,0,0,0,0,0,0,0,0,-1,1,Xoc contra objecte/obstacle sense sortida prèvia de via,-1,2,3,5,-1,2,1,1.08,2,4,4,8,10
20797,2021,1,2021-06-20,SE,BARCELONA,Barcelones,3,0,1,1,3,0,0,0,1,2,0,0,0,100.0,0.0,1,-1,Carril bus,-1.0,3,3,1,0,0,0,0,0,0,0,0,0,0,1,0,-1,0,Fregament o col·lisió lateral,2,2,2,5,-1,2,0,0.28,2,2,6,20,6
20798,2021,1,2021-05-11,SE,CAMBRILS,Baix Camp,0,0,3,0,1,0,0,0,0,1,0,0,0,100.0,0.0,0,2,No n'hi ha,-1.0,3,3,1,0,0,0,0,0,0,0,0,0,0,2,5,3,0,Xoc contra objecte/obstacle sense sortida prèvia de via,2,2,3,5,-1,2,1,23.47,2,4,1,11,5
20799,2021,0,2021-09-19,B-23,"PAPIOL, EL",Baix Llobregat,3,0,1,1,1,0,0,0,1,0,0,0,0,60.0,0.0,0,2,No n'hi ha,-1.0,3,3,1,0,0,0,0,0,0,0,0,0,0,0,0,-1,1,Xoc contra objecte/obstacle sense sortida prèvia de via,-1,1,2,4,1,2,0,6.06,0,4,6,19,9
20800,2021,1,2021-05-26,SE,JUNEDA,Garrigues,2,0,1,0,2,1,0,0,0,1,0,0,0,100.0,0.0,0,2,No n'hi ha,-1.0,3,3,1,0,0,0,0,0,0,0,0,0,0,0,4,-1,1,Atropellament,-1,2,2,5,-1,2,1,14.57,1,3,2,26,5
20801,2021,1,2021-11-20,SE,TARRAGONA,Tarragones,0,0,1,0,1,0,0,0,0,0,1,0,0,100.0,0.0,0,-1,No n'hi ha,-1.0,3,3,1,0,0,0,0,0,0,0,0,0,0,0,4,-1,-1,Altres,-1,2,2,5,-1,2,0,18.39,1,5,5,20,11
20802,2021,0,2021-06-27,AP-7,MACANET DE LA SELVA,Selva,1,1,0,0,2,0,0,0,1,1,0,0,0,100.0,0.0,0,1,No n'hi ha,-1.0,3,3,0,0,0,0,0,0,0,0,0,0,0,0,3,-1,1,Envestida (frontal lateral),-1,1,2,4,1,2,0,2.4,2,2,6,27,6
20803,2021,0,2021-10-02,B-420,CARDONA,Bages,3,0,1,0,2,0,1,0,0,0,1,0,0,20.0,0.0,0,0,No n'hi ha,-1.0,3,3,1,0,1,0,0,0,0,0,0,0,0,0,4,-1,1,Fregament o col·lisió lateral,-1,1,2,4,2,2,0,12.5,0,2,5,2,10
20804,2021,1,2021-09-11,SE,MOIA,Moianès,3,1,0,0,2,1,0,0,0,1,0,0,0,50.0,0.0,0,2,No n'hi ha,-1.0,3,3,0,0,0,0,0,0,0,0,0,0,1,2,4,5,1,Atropellament,1,0,2,4,1,2,0,12.37,0,3,5,11,9
20805,2021,1,2021-06-18,SE,MANLLEU,Osona,3,0,1,0,2,1,0,0,0,1,0,0,0,20.0,0.0,0,-1,No n'hi ha,-1.0,3,3,1,-1,0,0,0,-1,0,0,0,0,-1,0,4,-1,0,Atropellament,-1,2,2,5,-1,2,0,19.11,1,3,4,18,6
20806,2021,1,2021-07-27,SE,TERRASSA,Valles Occidental,3,0,1,0,2,0,0,0,1,1,0,0,0,100.0,0.0,0,2,No n'hi ha,-1.0,3,3,1,0,1,0,0,0,0,0,0,0,1,1,4,4,1,Fregament o col·lisió lateral,1,2,2,5,-1,2,1,13.25,0,2,1,27,7
20807,2021,0,2021-06-20,B-522,MANLLEU,Osona,3,0,1,0,2,0,0,0,1,1,0,0,0,70.0,0.0,0,2,No n'hi ha,-1.0,3,3,1,0,0,0,0,0,0,0,0,0,0,0,3,-1,1,Encalç,-1,1,2,4,3,2,0,0.06,2,2,6,20,6
20808,2021,0,2021-06-29,A-2,CALDES DE MALAVELLA,Selva,1,0,1,1,1,0,0,0,0,0,0,1,0,90.0,0.0,0,-1,Sense Especificar,-1.0,3,3,1,0,0,0,0,0,0,0,0,0,0,0,4,-1,-1,Resta sortides de via,-1,1,2,4,4,2,1,13.03,0,1,1,29,6
20809,2021,0,2021-06-04,N-II,TORDERA,Maresme,3,1,0,0,1,0,0,0,0,1,0,0,0,100.0,0.0,0,-1,No n'hi ha,-1.0,3,3,0,0,0,0,0,0,0,0,0,0,0,0,4,-1,-1,Resta sortides de via,-1,1,2,4,-1,2,1,6.56,0,1,4,4,6
20810,2021,0,2021-04-02,CR,BELLVEI,Baix Penedes,0,0,2,0,3,2,0,0,0,1,0,0,0,40.0,0.0,0,1,No n'hi ha,-1.0,3,3,1,0,0,0,0,0,0,0,0,0,0,0,4,-1,1,Atropellament,-1,1,2,3,0,2,0,18.0,1,3,4,2,4
20811,2021,0,2021-03-20,GI-681,LLAGOSTERA,Girones,1,1,0,0,1,0,0,0,1,0,0,0,0,100.0,0.0,0,1,No n'hi ha,-1.0,3,3,0,0,0,0,0,0,0,0,0,0,0,0,4,-1,1,Caiguda en la via,-1,1,2,4,3,2,0,17.01,1,0,5,20,3
20812,2021,1,2021-08-14,SE,VALLFOGONA DE BALAGUER,Noguera,2,0,1,0,1,0,0,0,0,1,0,0,0,100.0,0.0,0,2,No n'hi ha,-1.0,3,3,1,0,0,0,0,0,0,0,0,0,0,1,1,5,1,Resta sortides de via,1,2,2,5,-1,2,0,7.48,0,1,5,14,8
20813,2021,1,2021-12-28,SE,SANT CARLES DE LA RAPITA,Montsia,0,0,1,0,1,0,0,1,0,0,0,0,0,100.0,0.0,0,2,No n'hi ha,-1.0,3,3,1,0,0,0,0,0,0,0,0,0,0,2,4,-1,1,Caiguda en la via,2,2,2,5,-1,2,1,11.5,0,0,1,28,12
20814,2021,1,2021-08-03,SE,VILABLAREIX,Girones,1,0,1,0,1,0,1,0,0,0,0,0,0,20.0,0.0,0,-1,Sense Especificar,-1.0,3,1,1,0,0,0,0,0,0,0,0,0,0,1,4,-1,-1,Altres,-1,0,2,5,4,2,1,14.31,1,5,1,3,8
20815,2021,0,2021-11-26,T-344,AMPOSTA,Montsia,0,0,1,5,5,0,0,0,0,5,0,0,0,100.0,0.0,0,2,No n'hi ha,-1.0,3,3,1,0,0,0,0,0,0,0,0,0,0,0,4,-1,1,Col·lisió frontal,-1,1,2,4,2,2,1,13.1,0,2,4,26,11
20816,2021,0,2021-08-14,CR,BELLVER DE CERDANYA,Cerdanya,2,0,1,0,1,0,1,0,0,0,0,0,0,30.0,0.0,0,1,No n'hi ha,-1.0,3,3,1,0,0,0,0,0,0,0,0,0,0,0,4,-1,1,Caiguda en la via,-1,1,2,3,0,2,0,17.21,1,0,5,14,8
20817,2021,1,2021-03-07,SE,SABADELL,Valles Occidental,3,0,1,1,3,2,0,0,1,0,0,0,0,100.0,0.0,0,-1,No n'hi ha,-1.0,3,3,1,0,0,0,0,0,0,0,0,0,0,0,4,-1,-1,Atropellament,-1,2,2,5,-1,2,0,15.25,1,3,6,7,3
20818,2021,1,2021-11-14,SE,CERDANYOLA DEL VALLES,Valles Occidental,3,0,1,0,1,0,1,0,0,0,0,0,0,20.0,0.0,0,1,No n'hi ha,-1.0,3,3,1,-1,0,0,0,-1,0,0,0,0,-1,0,4,-1,1,Caiguda en la via,-1,2,1,5,-1,2,0,9.58,0,0,6,14,11
20819,2021,0,2021-03-28,BV-5033,SANT ANDREU DE LLAVANERES,Maresme,3,0,1,1,2,0,0,0,0,1,0,1,0,100.0,0.0,0,-1,No n'hi ha,-1.0,3,3,1,0,0,0,0,0,0,0,0,0,0,0,4,-1,-1,Envestida (frontal lateral),-1,1,2,4,-1,2,0,20.3,1,2,6,28,3
20820,2021,0,2021-02-25,-GIP 5226.00,"VALL D'EN BAS, LA",Garrotxa,1,0,1,0,2,0,0,0,1,0,1,0,0,90.0,0.0,0,-1,Sense Especificar,-1.0,3,3,1,0,0,0,0,0,0,0,0,0,0,1,4,4,-1,Fregament o col·lisió lateral,1,1,2,4,4,2,1,11.23,0,2,3,25,2
20821,2021,1,2021-05-28,SE,BADALONA,Barcelones,3,0,1,0,2,1,0,0,0,1,0,0,0,20.0,0.0,0,2,No n'hi ha,-1.0,3,3,1,-1,0,0,0,-1,0,0,0,0,0,1,4,5,0,Atropellament,2,2,2,5,-1,2,1,12.4,0,3,4,28,5
20822,2021,1,2021-07-25,SE,HOSTALRIC,Selva,1,0,1,0,2,0,0,1,0,1,0,0,0,100.0,0.0,0,-1,No n'hi ha,-1.0,3,3,1,0,0,0,0,0,0,0,0,0,0,0,4,-1,-1,Fregament o col·lisió lateral,-1,2,2,5,-1,2,0,13.55,0,2,6,25,7
20823,2021,1,2021-08-10,GI-682,LLORET DE MAR,Selva,1,0,1,0,2,0,0,0,1,1,0,0,0,40.0,0.0,0,2,No n'hi ha,-1.0,3,3,1,0,0,0,0,0,0,0,0,0,1,1,4,4,1,Col·lisió frontal,1,0,2,4,-1,2,1,19.0,1,2,1,10,8
20824,2021,1,2021-01-08,SE,BARCELONA,Barcelones,3,0,1,0,1,0,0,0,1,0,0,0,0,100.0,0.0,1,-1,No n'hi ha,-1.0,3,3,1,0,0,0,0,0,0,0,0,0,0,1,0,-1,1,Caiguda en la via,1,2,2,5,-1,2,0,15.05,1,0,4,8,1