,Year,Area,Date,Road,Municipality Name,County Name,Province Name,Fatalties,Serious Injuries,Light Injuries,Units Involved,Pedestrains Involved,Bicycles Involved,Mopeds Involved,Motorcycles,Light Vehicles Involved,Heavy Vehicles Involved,Other Units Involved,Unspecified Units Involved,Road Speed Limit,Accident with Hit and Run,Fog Presence,Surrounding Environment,Special Lane Presence,Special Traffic Measures,Weather Conditions,Special Road Functions,Severity of Accident,Influence of Fog,Influence of Environment,Influence of Traffic,Influence of Weather,Influence of Wind Intensity,Influence of Lighting,Influence of Special Measures,Influence of Road Objects,Influence of Road Surface,Influence of Visibility,Intersection Characteristics,Lighting Conditions,Traffic Regulation and Priority,Direction of Road,Subtype of Accident,Subtype of Road Section,Subzone within Area,Road Surface Conditions,Type of Road,Road Ownership,Wind Conditions,Day of the Week Grouping,Hour of Day,Time of Day Grouping,Type of Accident,Day Type,Day,Month
20825,2021,0,2021-11-20,BV-4031,CASTELLAR DE N'HUG,Bergueda,3,0,1,0,1,0,0,0,1,0,0,0,0,90.0,0.0,0,-1,Sense Especificar,-1.0,3,3,1,0,0,0,0,0,0,0,0,0,0,0,4,-1,-1,Resta sortides de via,-1,1,2,4,4,2,0,14.26,1,1,5,20,11
20826,2021,0,2021-02-20,BV-1468,SANT JUST DESVERN,Baix Llobregat,3,0,1,0,2,0,2,0,0,0,0,0,0,50.0,0.0,0,3,No n'hi ha,-1.0,3,3,1,0,0,0,0,0,0,0,0,0,0,0,2,-1,1,Altres,-1,1,2,4,3,2,0,10.45,0,5,5,20,2
20827,2021,0,2021-04-05,C-1415c,ARGENTONA,Maresme,3,0,1,0,2,0,1,0,0,1,0,0,0,90.0,0.0,0,-1,Sense Especificar,-1.0,3,1,1,0,0,0,0,0,0,0,0,0,0,0,4,-1,-1,Envestida (frontal lateral),-1,1,2,4,4,2,1,8.37,0,2,0,5,4
20828,2021,0,2021-08-16,AP-7,AGULLANA,Alt Emporda,1,1,1,0,2,0,0,0,0,1,1,0,0,120.0,0.0,0,2,Carril reversible,-1.0,3,3,0,0,0,0,0,0,0,0,0,0,0,0,4,-1,1,Encalç,-1,1,2,4,1,2,1,7.0,0,2,0,16,8
20829,2021,0,2021-08-22,C-38,CAMPRODON,Ripolles,1,0,1,3,1,0,0,0,0,1,0,0,0,90.0,0.0,0,-1,Sense Especificar,-1.0,3,3,1,0,0,0,0,0,0,0,0,0,0,1,4,4,-1,Resta sortides de via,0,1,2,4,4,2,0,5.05,2,1,6,22,8
20830,2021,0,2021-10-27,B-124,CASTELLAR DEL VALLES,Valles Occidental,3,0,1,1,3,0,0,0,1,2,0,0,0,100.0,0.0,0,3,No n'hi ha,-1.0,3,3,1,0,0,0,0,0,0,0,0,0,0,0,4,-1,1,Fregament o col·lisió lateral,-1,1,2,4,3,2,1,13.06,0,2,2,27,10
20831,2021,1,2021-06-09,SE,IGUALADA,Anoia,3,0,1,0,2,1,0,0,0,1,0,0,0,50.0,0.0,0,-1,No n'hi ha,-1.0,3,3,1,-1,0,0,0,-1,0,0,0,0,0,1,4,2,0,Atropellament,2,2,2,5,0,2,1,8.46,0,3,2,9,6
20832,2021,1,2021-01-26,SE,HOSPITALET DE LLOBREGAT,Barcelones,3,0,1,1,2,0,0,0,2,0,0,0,0,20.0,0.0,0,-1,No n'hi ha,-1.0,3,3,1,-1,-1,0,0,-1,0,0,0,0,-1,0,4,-1,-1,Fregament o col·lisió lateral,-1,2,2,5,-1,2,1,18.15,1,2,1,26,1
20833,2021,1,2021-11-05,SE,BARCELONA,Barcelones,3,0,1,0,2,1,0,0,0,0,0,1,0,100.0,0.0,1,-1,No n'hi ha,-1.0,3,3,1,0,0,0,0,0,0,0,0,0,0,0,4,-1,1,Atropellament,-1,2,2,5,-1,2,1,14.1,1,3,4,5,11
20834,2021,1,2021-12-10,SE,BADALONA,Barcelones,3,0,1,0,1,0,0,0,0,0,0,1,0,20.0,0.0,0,-1,No n'hi ha,-1.0,3,3,1,-1,0,0,0,-1,0,0,0,0,0,0,4,-1,0,Xoc contra objecte/obstacle sense sortida prèvia de via,-1,2,2,5,-1,2,1,8.51,0,4,4,10,12
20835,2021,0,2021-11-13,C-31,CASTELLDEFELS,Baix Llobregat,3,0,2,1,1,0,0,0,0,1,0,0,0,60.0,0.0,0,2,No n'hi ha,-1.0,3,3,1,0,0,0,0,0,1,0,0,0,0,1,5,5,0,Xoc contra objecte/obstacle sense sortida prèvia de via,1,1,2,4,2,2,0,20.42,1,4,5,13,11
20836,2021,0,2021-05-08,N-260,ALP,Cerdanya,1,0,1,0,1,0,0,0,1,0,0,0,0,60.0,0.0,0,1,No n'hi ha,-1.0,3,3,1,0,0,0,0,0,0,0,0,0,0,0,4,-1,1,Caiguda en la via,-1,1,2,4,1,2,0,16.59,1,0,5,8,5
20837,2021,0,2021-08-10,C-63,RIUDARENES,Selva,1,0,1,0,1,0,0,0,1,0,0,0,0,100.0,0.0,0,3,No n'hi ha,-1.0,3,3,1,0,0,0,0,0,0,0,0,0,0,0,4,-1,1,Resta sortides de via,-1,1,2,4,2,2,1,11.45,0,1,1,10,8
20838,2021,1,2021-04-05,SE,BADALONA,Barcelones,3,0,1,0,2,1,0,0,0,1,0,0,0,20.0,0.0,0,-1,No n'hi ha,-1.0,3,3,1,0,-1,0,0,0,0,0,0,0,0,0,4,-1,-1,Atropellament,-1,2,2,5,-1,2,1,17.05,1,3,0,5,4
20839,2021,0,2021-04-09,B-20,TIANA,Maresme,3,0,1,1,2,0,0,0,1,1,0,0,0,100.0,0.0,0,3,No n'hi ha,-1.0,3,3,1,0,0,0,0,0,0,0,0,0,0,0,0,-1,0,Encalç,-1,1,2,4,2,2,0,21.3,1,2,4,9,4
20840,2021,1,2021-01-12,SE,SANT JOAN DESPI,Baix Llobregat,3,0,1,0,2,1,0,0,0,1,0,0,0,30.0,0.0,0,2,No n'hi ha,-1.0,3,3,1,0,0,0,0,0,0,0,0,0,0,1,5,5,1,Atropellament,2,2,2,5,-1,2,1,18.3,1,3,1,12,1
20841,2021,0,2021-08-06,C-12,RASQUERA,Ribera d'Ebre,0,0,1,0,1,0,0,0,0,1,0,0,0,90.0,0.0,0,-1,Sense Especificar,-1.0,3,3,1,0,0,0,0,0,0,0,0,0,0,0,4,-1,-1,Resta sortides de via,-1,1,2,4,4,2,0,22.07,2,1,4,6,8
20842,2021,1,2021-06-19,SE,BARCELONA,Barcelones,3,0,1,0,2,0,0,0,1,1,0,0,0,100.0,0.0,1,-1,Carril bici,-1.0,3,3,1,0,0,0,0,0,0,0,0,0,0,1,4,-1,0,Caiguda en la via,2,2,2,5,-1,2,0,19.08,1,0,5,19,6
20843,2021,0,2021-05-30,C-32,ARGENTONA,Maresme,3,0,1,0,1,0,0,0,1,0,0,0,0,100.0,0.0,0,2,No n'hi ha,-1.0,3,3,1,0,0,0,0,0,0,0,0,0,0,0,5,-1,1,Caiguda en la via,-1,1,2,4,2,2,0,1.23,2,0,6,30,5
20844,2021,1,2021-04-13,SE,MATARO,Maresme,3,0,1,0,2,1,1,0,0,0,0,0,0,20.0,0.0,0,-1,No n'hi ha,-1.0,3,3,1,0,-1,0,0,0,0,0,0,0,0,0,5,-1,-1,Atropellament,-1,2,2,5,-1,2,1,21.5,1,3,1,13,4
20845,2021,0,2021-04-16,B-20,BARCELONA,Barcelones,3,0,1,0,2,0,0,0,1,1,0,0,0,80.0,0.0,1,-1,No n'hi ha,-1.0,3,3,1,0,0,0,0,0,0,0,0,0,0,0,4,-1,0,Encalç,-1,1,2,4,-1,2,0,15.0,1,2,4,16,4
20846,2021,1,2021-02-13,SE,CASTELLDEFELS,Baix Llobregat,3,0,1,0,2,0,1,0,0,1,0,0,0,100.0,0.0,0,2,No n'hi ha,-1.0,3,3,1,0,0,0,0,0,0,0,0,0,0,0,4,-1,1,Fregament o col·lisió lateral,-1,2,2,5,-1,2,0,17.5,1,2,5,13,2
20847,2021,1,2021-06-04,SE,TERRASSA,Valles Occidental,3,0,1,0,2,0,0,0,1,1,0,0,0,100.0,0.0,0,2,No n'hi ha,-1.0,3,3,1,0,0,0,0,0,0,0,0,0,0,1,4,4,1,Envestida (frontal lateral),1,2,2,5,-1,2,0,17.15,1,2,4,4,6
20848,2021,1,2021-11-03,SE,TERRASSA,Valles Occidental,3,0,2,1,2,0,0,0,0,2,0,0,0,100.0,0.0,0,2,No n'hi ha,-1.0,3,3,1,0,0,0,0,0,0,0,0,0,1,1,4,4,1,Envestida (frontal lateral),2,2,2,5,-1,2,1,12.5,0,2,2,3,11
20849,2021,1,2021-09-27,SE,BARCELONA,Barcelones,3,0,1,0,2,0,0,0,1,1,0,0,0,100.0,0.0,1,-1,No n'hi ha,-1.0,3,3,1,0,0,0,0,0,0,0,0,0,0,0,0,-1,1,Encalç,-1,2,2,5,-1,2,1,20.35,1,2,0,27,9
20850,2021,0,2021-09-05,B-433,ORISTA,Osona,3,0,1,0,1,0,0,0,1,0,0,0,0,90.0,0.0,0,-1,Sense Especificar,-1.0,3,3,1,0,0,0,0,0,0,0,0,0,0,0,4,-1,-1,Resta sortides de via,-1,1,2,4,4,2,0,10.03,0,1,6,5,9
20851,2021,1,2021-12-04,SE,TERRASSA,Valles Occidental,3,0,1,0,2,0,0,0,1,1,0,0,0,100.0,1.0,0,2,No n'hi ha,-1.0,3,3,1,0,0,0,0,0,0,0,0,0,0,1,5,4,0,Envestida (frontal lateral),2,2,2,5,-1,2,0,21.35,1,2,5,4,12
20852,2021,1,2021-04-03,SE,BARCELONA,Barcelones,3,0,1,0,2,0,1,0,0,0,0,1,0,100.0,1.0,1,-1,No n'hi ha,-1.0,3,3,1,0,0,0,0,0,0,0,0,0,0,0,0,-1,0,Col·lisió frontal,-1,2,2,5,-1,2,0,21.0,1,2,5,3,4
20853,2021,1,2021-11-16,SE,AMPOSTA,Montsia,0,0,1,0,1,0,0,0,0,0,1,0,0,100.0,0.0,0,3,No n'hi ha,-1.0,3,3,1,0,0,0,0,0,0,0,0,0,0,0,4,-1,1,Resta sortides de via,-1,2,2,5,0,2,1,14.1,1,1,1,16,11
20854,2021,1,2021-10-01,SE,CALELLA,Maresme,3,0,1,1,2,0,0,1,0,1,0,0,0,100.0,0.0,0,-1,No n'hi ha,-1.0,3,3,1,0,0,0,0,0,0,0,0,0,0,0,4,-1,-1,Altres,-1,2,2,5,-1,2,1,12.45,0,5,4,1,10
20855,2021,1,2021-04-29,SE,TARRAGONA,Tarragones,0,0,1,0,2,1,0,0,0,1,0,0,0,100.0,0.0,0,2,No n'hi ha,-1.0,3,3,1,0,0,0,0,0,0,0,0,0,0,0,5,-1,0,Atropellament,-1,2,2,5,-1,2,1,23.03,2,3,3,29,4
20856,2021,1,2021-03-29,SE,MALGRAT DE MAR,Maresme,3,0,1,0,2,1,0,0,0,1,0,0,0,100.0,0.0,0,2,No n'hi ha,-1.0,3,3,1,0,0,0,0,0,0,0,0,0,1,1,4,5,0,Atropellament,2,2,2,5,-1,2,1,16.43,1,3,0,29,3
20857,2021,1,2021-07-10,C-31,CALAFELL,Baix Penedes,0,0,1,0,3,0,0,0,1,2,0,0,0,100.0,0.0,0,2,No n'hi ha,-1.0,3,3,1,0,0,0,0,0,0,0,0,0,0,0,4,-1,1,Fregament o col·lisió lateral,-1,0,2,4,-1,2,0,19.46,1,2,5,10,7
20858,2021,0,2021-12-14,L-310,"PLANS DE SIO, ELS",Segarra,2,0,1,0,2,0,0,0,0,1,1,0,0,100.0,0.0,1,2,No n'hi ha,-1.0,1,3,1,0,0,0,0,0,0,0,0,0,0,0,3,-1,1,Envestida (frontal lateral),-1,1,2,4,3,2,1,4.33,2,2,1,14,12
20859,2021,1,2021-12-05,SE,BADALONA,Barcelones,3,0,1,0,1,0,0,0,0,0,0,1,0,20.0,0.0,0,2,No n'hi ha,-1.0,3,3,1,0,0,0,0,0,0,0,0,0,0,0,5,-1,0,Caiguda en la via,-1,2,2,5,-1,2,0,20.36,1,0,6,5,12
20860,2021,0,2021-11-08,C-37,ODENA,Anoia,3,0,1,0,4,0,0,0,1,3,0,0,0,100.0,0.0,0,1,No n'hi ha,-1.0,3,3,1,0,0,0,0,0,0,0,0,0,0,0,3,-1,1,Xoc contra objecte/obstacle sense sortida prèvia de via,-1,1,2,4,2,2,1,19.01,1,4,0,8,11
20861,2021,1,2021-05-28,SE,MATARO,Maresme,3,0,1,0,2,0,0,0,1,1,0,0,0,100.0,0.0,0,2,No n'hi ha,-1.0,3,3,1,0,0,0,0,0,0,0,0,0,0,1,4,5,1,Envestida (frontal lateral),1,2,2,5,-1,2,1,14.53,1,2,4,28,5
20862,2021,1,2021-10-24,SE,LLEIDA,Segria,2,0,1,0,2,0,1,0,0,1,0,0,0,20.0,0.0,0,2,No n'hi ha,-1.0,3,3,1,-1,0,0,0,-1,0,0,0,0,-1,1,1,3,1,Envestida (frontal lateral),1,2,2,5,-1,2,0,7.55,0,2,6,24,10
20863,2021,1,2021-03-07,SE,SANT CARLES DE LA RAPITA,Montsia,0,0,1,0,1,0,0,0,1,0,0,0,0,40.0,0.0,0,2,No n'hi ha,-1.0,1,3,1,0,0,0,1,0,0,0,0,0,0,2,2,-1,1,Caiguda en la via,1,2,2,5,-1,2,0,8.05,0,0,6,7,3
20864,2021,0,2021-03-12,GI-623,VENTALLO,Alt Emporda,1,0,1,0,3,0,0,0,0,2,0,1,0,90.0,0.0,0,-1,Sense Especificar,-1.0,3,3,1,0,0,0,0,0,0,0,0,0,0,0,4,-1,-1,Altres,-1,1,2,4,4,2,0,18.47,1,5,4,12,3
20865,2021,0,2021-07-14,B-24,CERVELLO,Baix Llobregat,3,1,0,0,2,0,0,0,1,0,1,0,0,80.0,0.0,0,1,No n'hi ha,-1.0,3,3,0,0,0,0,0,0,0,0,0,0,0,0,4,-1,0,Encalç,-1,1,2,4,2,2,1,16.12,1,2,2,14,7
20866,2021,0,2021-06-26,GI-614,ROSES,Alt Emporda,1,0,1,0,2,0,1,0,0,1,0,0,0,100.0,0.0,0,1,No n'hi ha,-1.0,3,3,1,0,0,0,0,0,0,0,0,0,0,0,4,-1,1,Col·lisió frontal,-1,1,2,4,2,2,0,11.12,0,2,5,26,6
20867,2021,0,2021-08-02,A-7,REUS,Baix Camp,0,1,0,1,3,1,0,0,0,1,1,0,0,100.0,0.0,0,3,No n'hi ha,-1.0,3,3,0,0,0,0,0,0,0,0,0,0,0,0,4,-1,0,Atropellament,-1,1,2,4,1,2,1,9.22,0,3,0,2,8
20868,2021,1,2021-03-21,SE,BADALONA,Barcelones,3,0,1,2,2,0,0,0,1,1,0,0,0,20.0,0.0,0,2,No n'hi ha,-1.0,3,3,1,-1,0,0,0,-1,0,0,0,0,0,0,4,-1,1,Encalç,-1,2,2,5,-1,2,0,17.29,1,2,6,21,3
20869,2021,0,2021-04-30,C-31,CASTELLDEFELS,Baix Llobregat,3,0,1,0,2,0,1,0,0,1,0,0,0,80.0,0.0,0,2,No n'hi ha,-1.0,3,3,1,0,0,0,0,0,0,0,0,0,0,0,4,-1,1,Encalç,-1,1,2,4,2,2,0,15.54,1,2,4,30,4
20870,2021,0,2021-10-25,GI-555,SILS,Selva,1,0,1,0,2,0,1,0,0,1,0,0,0,90.0,0.0,0,-1,Sense Especificar,-1.0,3,3,1,0,0,0,0,0,0,0,0,0,0,0,4,-1,-1,Fregament o col·lisió lateral,-1,1,2,4,4,2,1,11.4,0,2,0,25,10
20871,2021,1,2021-07-23,SE,VILANOVA I LA GELTRU,Garraf,3,0,1,0,1,0,1,0,0,0,0,0,0,100.0,0.0,0,-1,No n'hi ha,-1.0,3,3,1,0,0,0,0,0,0,0,0,0,0,0,4,-1,-1,Altres,-1,2,2,5,-1,2,0,22.59,2,5,4,23,7
20872,2021,0,2021-02-25,C-32,SANT BOI DE LLOBREGAT,Baix Llobregat,3,0,1,0,1,0,0,0,1,0,0,0,0,90.0,0.0,0,-1,Sense Especificar,-1.0,3,3,1,0,0,0,0,0,0,0,0,0,0,0,4,-1,-1,Altres,-1,1,2,4,4,2,1,11.36,0,5,3,25,2
20873,2021,1,2021-10-14,SE,HOSPITALET DE LLOBREGAT,Barcelones,3,0,1,0,2,0,0,0,1,1,0,0,0,20.0,,0,-1,No n'hi ha,-1.0,3,3,1,-1,0,0,0,-1,0,0,0,0,0,0,4,-1,0,Fregament o col·lisió lateral,-1,2,2,5,-1,2,1,8.43,0,2,3,14,10
20874,2021,1,2021-05-19,SE,HOSPITALET DE LLOBREGAT,Barcelones,3,0,1,0,2,0,2,0,0,0,0,0,0,20.0,0.0,0,-1,No n'hi ha,-1.0,3,3,1,-1,0,0,0,-1,0,0,0,0,0,0,4,-1,1,Encalç,-1,2,2,5,0,2,1,19.19,1,2,2,19,5
20875,2021,0,2021-07-06,C-31,BEGUR,Baix Emporda,1,0,1,1,2,0,0,0,1,1,0,0,0,100.0,0.0,0,2,No n'hi ha,-1.0,3,3,1,0,0,0,0,0,0,0,0,0,0,2,4,2,1,Fregament o col·lisió lateral,0,1,2,4,2,2,1,15.31,1,2,1,6,7
20876,2021,1,2021-03-25,SE,BARCELONA,Barcelones,3,0,1,0,2,0,0,0,1,1,0,0,0,100.0,0.0,1,-1,No n'hi ha,-1.0,3,3,1,0,0,0,0,0,0,0,0,0,0,0,4,-1,0,Fregament o col·lisió lateral,-1,2,2,5,-1,2,1,8.45,0,2,3,25,3
20877,2021,1,2021-10-24,SE,LLEIDA,Segria,2,0,2,0,2,0,0,0,1,1,0,0,0,100.0,0.0,0,2,No n'hi ha,-1.0,3,3,1,0,0,0,0,0,0,0,0,0,0,0,4,-1,1,Fregament o col·lisió lateral,-1,2,2,5,-1,2,0,17.03,1,2,6,24,10
20878,2021,0,2021-07-24,C-17,ORIS,Osona,3,0,1,1,1,0,0,0,1,0,0,0,0,100.0,0.0,0,0,No n'hi ha,-1.0,3,3,1,0,0,0,0,0,0,0,0,0,0,0,3,-1,1,Resta sortides de via,-1,1,2,4,4,2,0,3.35,2,1,5,24,7
20879,2021,1,2021-08-09,SE,CAMBRILS,Baix Camp,0,0,1,0,2,0,2,0,0,0,0,0,0,100.0,0.0,0,2,Carril bici,-1.0,3,3,1,0,0,0,0,0,0,0,0,0,0,0,4,-1,1,Caiguda en la via,-1,2,2,5,-1,2,1,11.05,0,0,0,9,8
20880,2021,0,2021-10-23,N-II,MALGRAT DE MAR,Maresme,3,0,1,2,1,0,0,0,0,1,0,0,0,100.0,0.0,0,2,No n'hi ha,-1.0,3,3,1,0,0,0,0,0,0,0,0,0,0,0,3,-1,1,Altres,-1,1,2,4,1,2,0,6.37,0,5,5,23,10
20881,2021,0,2021-10-22,C-242,ULLDEMOLINS,Priorat,0,0,1,0,1,0,0,0,1,0,0,0,0,90.0,0.0,0,-1,Sense Especificar,-1.0,3,3,1,0,0,0,0,0,0,0,0,0,0,0,4,-1,-1,Resta sortides de via,-1,1,2,4,4,2,0,15.59,1,1,4,22,10
20882,2021,0,2021-09-22,C-230a,ALBATARREC,Segria,2,0,1,0,2,0,1,0,0,1,0,0,0,70.0,1.0,0,2,No n'hi ha,-1.0,3,3,1,0,0,0,0,0,0,0,0,0,0,2,4,4,1,Envestida (frontal lateral),3,1,2,4,3,2,1,19.34,1,2,2,22,9
20883,2021,0,2021-08-29,N-II,FORNELLS DE LA SELVA,Girones,1,1,2,1,2,0,0,0,0,2,0,0,0,100.0,0.0,0,3,No n'hi ha,-1.0,3,3,0,0,0,0,0,0,0,0,0,0,0,0,4,-1,1,Col·lisió frontal,-1,1,2,4,1,2,0,12.11,0,2,6,29,8
20884,2021,0,2021-10-30,N-340,CREIXELL,Tarragones,0,0,1,0,2,1,0,0,0,1,0,0,0,90.0,0.0,0,2,No n'hi ha,-1.0,3,3,1,0,0,0,0,0,0,0,0,0,0,0,4,-1,1,Atropellament,-1,1,2,4,1,2,0,17.51,1,3,5,30,10
20885,2021,1,2021-10-01,SE,BARCELONA,Barcelones,3,0,2,0,2,1,0,0,1,0,0,0,0,100.0,0.0,1,-1,No n'hi ha,-1.0,3,3,1,0,0,0,0,0,0,0,0,0,0,1,4,-1,1,Atropellament,2,2,2,5,-1,2,0,18.3,1,3,4,1,10
20886,2021,0,2021-12-20,BP-5002,ALELLA,Maresme,3,0,1,0,2,0,0,0,1,1,0,0,0,90.0,0.0,0,-1,No n'hi ha,-1.0,3,3,1,-1,0,0,0,-1,0,0,0,0,-1,2,2,5,1,Envestida (frontal lateral),3,1,2,4,0,2,1,17.03,1,2,0,20,12
20887,2021,1,2021-07-31,SE,CARDEDEU,Valles Oriental,3,0,1,0,1,0,0,0,0,1,0,0,0,20.0,0.0,0,2,No n'hi ha,-1.0,3,3,1,-1,0,0,0,-1,0,0,0,0,-1,0,4,-1,0,Xoc contra objecte/obstacle sense sortida prèvia de via,-1,2,2,5,-1,2,0,8.15,0,4,5,31,7
20888,2021,1,2021-09-15,SE,ROSES,Alt Emporda,1,0,1,0,2,1,0,0,0,1,0,0,0,40.0,0.0,0,-1,No n'hi ha,-1.0,3,3,1,-1,0,0,0,-1,0,0,0,0,0,0,4,-1,1,Atropellament,-1,2,2,5,-1,2,1,18.35,1,3,2,15,9
20889,2021,0,2021-09-30,C-58,BARCELONA,Barcelones,3,0,1,0,2,0,0,0,1,1,0,0,0,90.0,0.0,0,-1,Sense Especificar,-1.0,3,3,1,0,0,0,0,0,0,0,0,0,0,0,4,-1,-1,Encalç,-1,1,2,4,4,2,1,17.01,1,2,3,30,9
20890,2021,1,2021-04-21,SE,OLOT,Garrotxa,1,0,1,0,2,0,0,0,1,1,0,0,0,100.0,0.0,0,3,No n'hi ha,-1.0,1,3,1,0,0,0,0,0,0,0,0,0,0,1,2,4,1,Col·lisió frontal,2,2,2,5,-1,2,1,11.49,0,2,2,21,4
20891,2021,1,2021-01-04,SE,BARCELONA,Barcelones,3,0,1,1,2,0,0,1,0,1,0,0,0,100.0,1.0,1,-1,No n'hi ha,-1.0,3,3,1,0,0,0,0,0,0,0,0,0,0,1,1,-1,0,Caiguda en la via,2,2,2,5,-1,2,1,17.3,1,0,0,4,1
20892,2021,1,2021-10-27,SE,MANRESA,Bages,3,0,1,0,1,0,1,0,0,0,0,0,0,30.0,0.0,0,2,No n'hi ha,-1.0,3,3,1,0,0,0,0,0,0,0,0,0,0,0,4,-1,0,Altres,-1,2,2,5,-1,2,1,14.5,1,5,2,27,10
20893,2021,1,2021-05-09,SE,"PRAT DE LLOBREGAT, E",Baix Llobregat,3,0,2,0,2,0,0,0,1,1,0,0,0,40.0,0.0,0,2,No n'hi ha,-1.0,3,3,1,0,0,0,0,0,0,0,0,0,0,0,0,-1,1,Envestida (frontal lateral),-1,2,2,5,-1,2,0,0.37,2,2,6,9,5
20894,2021,1,2021-07-29,SE,CORBERA D'EBRE,Terra Alta,0,0,1,0,1,0,0,0,0,1,0,0,0,100.0,0.0,0,2,No n'hi ha,-1.0,3,3,1,0,0,0,0,0,0,0,0,0,0,0,4,-1,1,Xoc contra objecte/obstacle sense sortida prèvia de via,-1,2,3,5,-1,2,1,12.18,0,4,3,29,7
20895,2021,1,2021-02-04,SE,BARCELONA,Barcelones,3,0,1,0,2,0,0,0,0,1,1,0,0,100.0,1.0,1,-1,Carril bus,-1.0,3,3,1,0,0,0,0,0,0,0,0,0,0,0,4,-1,0,Caiguda en la via,-1,2,2,5,-1,2,1,13.15,0,0,3,4,2
20896,2021,1,2021-07-13,SE,LINYOLA,Pla d'Urgell,2,0,1,0,3,0,0,0,1,2,0,0,0,100.0,0.0,0,2,No n'hi ha,-1.0,3,3,1,0,0,0,0,0,0,0,0,0,0,0,4,-1,1,Envestida (frontal lateral),-1,2,2,5,-1,2,1,21.15,1,2,1,13,7
20897,2021,1,2021-11-08,SE,LLEIDA,Segria,2,0,1,0,2,0,0,0,1,1,0,0,0,100.0,0.0,0,2,No n'hi ha,-1.0,3,3,1,0,0,0,0,0,0,0,0,0,0,1,5,3,1,Caiguda en la via,1,2,2,5,-1,2,1,18.55,1,0,0,8,11
20898,2021,1,2021-06-03,SE,BARCELONA,Barcelones,3,0,1,1,1,0,0,0,1,0,0,0,0,100.0,0.0,1,-1,No n'hi ha,-1.0,3,3,1,0,0,0,0,0,0,0,0,0,0,0,4,-1,1,Caiguda en la via,-1,2,2,5,-1,2,1,16.59,1,0,3,3,6
20899,2021,1,2021-03-30,SE,MATARO,Maresme,3,0,1,0,2,0,0,0,1,1,0,0,0,20.0,0.0,0,3,No n'hi ha,-1.0,3,3,1,-1,0,0,0,-1,0,0,0,0,-1,1,4,4,1,Envestida (frontal lateral),2,2,2,5,-1,2,1,13.35,0,2,1,30,3
20900,2021,1,2021-06-09,SE,SANT PERE DE RIBES,Garraf,3,0,1,0,2,0,0,0,0,1,0,1,0,20.0,0.0,0,-1,No n'hi ha,-1.0,3,3,1,-1,-1,0,0,-1,0,0,0,0,0,0,4,-1,-1,Xoc contra objecte/obstacle sense sortida prèvia de via,-1,2,2,5,-1,2,1,19.21,1,4,2,9,6
20901,2021,1,2021-06-02,SE,TARRAGONA,Tarragones,0,0,1,1,1,0,0,0,0,0,0,1,0,100.0,0.0,0,-1,No n'hi ha,-1.0,3,3,1,0,0,0,0,0,0,0,0,0,0,0,4,-1,-1,Caiguda en la via,-1,2,2,5,-1,2,1,18.1,1,0,2,2,6
20902,2021,1,2021-01-05,SE,TARRAGONA,Tarragones,0,0,1,0,2,1,0,0,0,1,0,0,0,100.0,0.0,0,2,No n'hi ha,-1.0,3,3,1,0,0,0,0,0,0,0,0,0,0,0,1,-1,0,Atropellament,-1,2,2,5,-1,2,1,7.35,0,3,1,5,1
20903,2021,1,2021-06-21,SE,CERDANYOLA DEL VALLES,Valles Occidental,3,0,1,0,1,0,0,0,0,0,0,1,0,20.0,0.0,0,2,No n'hi ha,-1.0,3,3,1,-1,0,0,0,-1,0,0,0,0,-1,1,4,5,1,Caiguda en la via,2,2,2,5,-1,2,1,11.12,0,0,0,21,6
20904,2021,0,2021-11-05,C-31,SANTA CRISTINA D'ARO,Baix Emporda,1,0,2,0,2,0,0,0,0,1,0,1,0,100.0,0.0,0,2,No n'hi ha,-1.0,3,3,1,0,0,0,0,0,0,0,0,0,0,0,3,-1,0,Encalç,-1,1,2,4,2,2,0,19.39,1,2,4,5,11
20905,2021,0,2021-02-25,C-59,SAN FELIU DE CODINES,Valles Oriental,3,0,1,0,1,0,0,0,1,0,0,0,0,50.0,0.0,0,1,No n'hi ha,-1.0,3,3,1,0,0,0,0,0,0,0,0,0,0,0,4,-1,1,Caiguda en la via,-1,1,2,4,2,2,1,16.58,1,0,3,25,2
20906,2021,0,2021-06-19,C-14,VILANOVA DE L'AGUDA,Noguera,2,2,1,2,5,0,0,0,0,4,1,0,0,100.0,0.0,0,1,Carril lent,-1.0,3,3,0,0,0,0,0,0,0,0,0,0,0,0,4,-1,1,Col·lisió frontal,-1,1,2,4,2,2,0,8.47,0,2,5,19,6
20907,2021,1,2021-06-25,SE,TONA,Osona,3,0,1,0,2,0,0,0,1,1,0,0,0,100.0,0.0,0,-1,No n'hi ha,-1.0,3,3,1,0,0,0,0,0,0,0,0,0,0,0,4,-1,-1,Altres,-1,2,2,5,-1,2,0,18.3,1,5,4,25,6
20908,2021,0,2021-05-29,C-62,SANT BARTOMEU DEL GR,Osona,3,0,1,1,2,0,0,0,0,2,0,0,0,100.0,0.0,0,1,No n'hi ha,-1.0,3,3,1,0,0,0,0,0,0,0,0,0,0,0,4,-1,1,Col·lisió frontal,-1,1,2,4,2,2,0,19.53,1,2,5,29,5
20909,2021,1,2021-02-20,SE,TARRAGONA,Tarragones,0,0,1,0,1,0,0,1,0,0,0,0,0,100.0,0.0,0,2,No n'hi ha,-1.0,3,3,1,0,0,0,0,0,0,0,0,0,0,0,5,-1,1,Caiguda en la via,-1,2,2,5,-1,2,0,22.15,2,0,5,20,2