,Year,Area,Date,Road,Municipality Name,County Name,Province Name,Fatalties,Serious Injuries,Light Injuries,Units Involved,Pedestrains Involved,Bicycles Involved,Mopeds Involved,Motorcycles,Light Vehicles Involved,Heavy Vehicles Involved,Other Units Involved,Unspecified Units Involved,Road Speed Limit,Accident with Hit and Run,Fog Presence,Surrounding Environment,Special Lane Presence,Special Traffic Measures,Weather Conditions,Special Road Functions,Severity of Accident,Influence of Fog,Influence of Environment,Influence of Traffic,Influence of Weather,Influence of Wind Intensity,Influence of Lighting,Influence of Special Measures,Influence of Road Objects,Influence of Road Surface,Influence of Visibility,Intersection Characteristics,Lighting Conditions,Traffic Regulation and Priority,Direction of Road,Subtype of Accident,Subtype of Road Section,Subzone within Area,Road Surface Conditions,Type of Road,Road Ownership,Wind Conditions,Day of the Week Grouping,Hour of Day,Time of Day Grouping,Type of Accident,Day Type,Day,Month
20910,2021,1,2021-12-20,SE,ARTESA DE LLEIDA,Segria,2,1,0,0,2,1,0,0,0,1,0,0,0,20.0,0.0,0,-1,Sense Especificar,-1.0,3,3,0,0,0,0,0,0,0,0,0,0,0,0,4,-1,-1,Atropellament,-1,2,2,5,-1,2,1,19.14,1,3,0,20,12
20911,2021,0,2021-03-24,N-240,LLEIDA,Segria,2,0,1,2,4,0,0,0,0,2,1,1,0,90.0,0.0,0,-1,Sense Especificar,-1.0,3,3,1,0,0,0,0,0,0,0,0,0,0,0,4,-1,-1,Col·lisió frontal,-1,1,2,4,4,2,1,15.48,1,2,2,24,3
20912,2021,0,2021-08-07,BV-4609,"MASIES DE VOLTREGA,LES",Osona,3,0,1,0,1,0,0,1,0,0,0,0,0,90.0,0.0,0,-1,Sense Especificar,-1.0,3,3,1,0,0,0,0,0,0,0,0,0,0,0,4,-1,-1,Resta sortides de via,-1,1,2,4,4,2,0,6.31,0,1,5,7,8
20913,2021,1,2021-05-08,SE,ARENYS DE MAR,Maresme,3,0,1,0,1,0,0,1,0,0,0,0,0,100.0,0.0,0,-1,No n'hi ha,-1.0,3,3,1,0,0,0,0,0,0,0,0,0,0,0,4,-1,-1,Resta sortides de via,-1,2,2,5,-1,2,0,17.27,1,1,5,8,5
20914,2021,0,2021-06-05,N-141c,TONA,Osona,3,0,1,0,2,0,2,0,0,0,0,0,0,100.0,0.0,0,3,No n'hi ha,-1.0,3,3,1,0,0,0,0,0,0,0,0,0,0,0,4,-1,1,Caiguda en la via,-1,1,2,4,2,2,0,10.08,0,0,5,5,6
20915,2021,1,2021-05-26,SE,FALSET,Priorat,0,0,1,4,4,2,0,0,0,1,0,1,0,20.0,0.0,0,-1,Sense Especificar,-1.0,3,3,1,0,0,0,0,0,0,0,0,0,0,0,4,-1,-1,Atropellament,-1,2,2,5,-1,2,1,11.57,0,3,2,26,5
20916,2021,0,2021-10-16,T-310,MONTBRIO DEL CAMP,Baix Camp,0,0,1,3,2,0,0,0,0,2,0,0,0,100.0,0.0,0,2,No n'hi ha,-1.0,3,3,1,0,0,0,0,0,0,0,0,0,0,0,3,-1,1,Col·lisió frontal,-1,1,2,4,2,2,0,22.1,2,2,5,16,10
20917,2021,1,2021-07-15,SE,SANT PERE DE RIBES,Garraf,3,0,1,0,1,0,1,0,0,0,0,0,0,20.0,0.0,0,-1,No n'hi ha,-1.0,3,3,1,0,-1,0,0,0,0,0,0,0,0,0,0,-1,-1,Caiguda en la via,-1,2,2,5,-1,2,1,23.09,2,0,3,15,7
20918,2021,1,2021-11-26,SE,OLESA DE MONTSERRAT,Baix Llobregat,3,0,1,0,1,0,0,0,0,0,0,1,0,20.0,0.0,0,-1,No n'hi ha,-1.0,3,3,1,-1,-1,0,0,-1,0,0,0,0,0,0,4,-1,1,Caiguda en la via,-1,2,1,5,-1,2,1,12.07,0,0,4,26,11
20919,2021,1,2021-06-22,SE,LLEIDA,Segria,2,0,1,0,2,1,0,0,0,0,1,0,0,20.0,0.0,0,2,No n'hi ha,-1.0,3,3,1,-1,0,0,0,-1,0,0,0,0,-1,0,4,-1,1,Atropellament,-1,2,2,5,0,2,1,16.35,1,3,1,22,6
20920,2021,1,2021-10-06,SE,SANTA PERPETUA DE MO,Valles Occidental,3,0,1,0,1,0,0,0,1,0,0,0,0,100.0,0.0,0,2,No n'hi ha,-1.0,3,3,1,0,0,0,0,0,0,0,0,0,0,0,4,-1,1,Xoc amb animal a la calçada,-1,2,2,5,-1,2,1,10.05,0,4,2,6,10
20921,2021,0,2021-06-13,B-150,CASTELLBISBAL,Valles Occidental,3,0,2,0,1,0,0,0,0,0,0,1,0,50.0,0.0,0,2,No n'hi ha,-1.0,3,3,1,0,0,0,0,0,0,0,0,0,1,0,0,-1,1,Altres,-1,1,2,4,3,2,0,3.34,2,5,6,13,6
20922,2021,1,2021-08-22,SE,BARCELONA,Barcelones,3,0,1,0,2,1,0,0,0,1,0,0,0,100.0,0.0,1,-1,No n'hi ha,-1.0,3,3,1,0,0,0,0,0,0,0,0,0,0,0,0,-1,1,Atropellament,-1,2,2,5,-1,2,0,23.15,2,3,6,22,8
20923,2021,1,2021-03-20,SE,BARCELONA,Barcelones,3,0,1,0,2,0,0,0,1,1,0,0,0,100.0,0.0,1,-1,No n'hi ha,-1.0,3,3,1,0,0,0,0,0,0,0,0,0,0,1,4,-1,1,Envestida (frontal lateral),2,2,2,5,-1,2,0,13.0,0,2,5,20,3
20924,2021,0,2021-10-25,N-340,CAMBRILS,Baix Camp,0,1,0,0,2,0,1,0,0,1,0,0,0,100.0,0.0,0,2,No n'hi ha,-1.0,3,3,0,0,0,0,0,0,0,0,0,0,0,0,4,-1,1,Encalç,-1,1,2,4,1,2,1,17.43,1,2,0,25,10
20925,2021,0,2021-06-02,BV-1468,SANT CUGAT DEL VALLES,Valles Occidental,3,0,1,0,1,0,0,0,1,0,0,0,0,90.0,0.0,0,-1,Sense Especificar,-1.0,3,3,1,0,0,0,0,0,0,0,0,0,0,0,4,-1,-1,Resta sortides de via,-1,1,2,4,4,2,1,17.35,1,1,2,2,6
20926,2021,0,2021-05-28,BV-5151,FRANQUESES DEL VALLE,Valles Oriental,3,0,1,0,1,0,0,0,1,0,0,0,0,90.0,0.0,0,-1,Sense Especificar,-1.0,3,3,1,0,0,0,0,0,0,0,0,0,0,0,4,-1,-1,Altres,-1,1,2,4,4,2,0,15.37,1,5,4,28,5
20927,2021,0,2021-06-06,CR,BELLVER DE CERDANYA,Cerdanya,2,0,1,0,1,0,0,0,0,0,0,1,0,30.0,0.0,0,1,No n'hi ha,-1.0,1,3,1,0,0,0,0,0,0,0,0,0,0,0,2,-1,1,Resta sortides de via,-1,1,2,3,0,1,0,13.53,0,1,6,6,6
20928,2021,1,2021-07-15,N-II,CANET DE MAR,Maresme,3,1,0,0,2,0,0,0,1,1,0,0,0,100.0,0.0,0,-1,No n'hi ha,-1.0,3,3,0,0,0,0,0,0,0,0,0,0,0,0,4,-1,-1,Fregament o col·lisió lateral,-1,0,2,4,-1,2,1,9.19,0,2,3,15,7
20929,2021,0,2021-12-08,C-13,"SENTIU DE SIO, LA",Noguera,2,0,1,0,1,0,0,0,1,0,0,0,0,90.0,0.0,0,-1,Sense Especificar,-1.0,3,3,1,0,0,0,0,0,0,0,0,0,0,2,4,4,-1,Altres,1,1,2,4,4,2,1,15.04,1,5,2,8,12
20930,2021,1,2021-09-17,SE,ROSES,Alt Emporda,1,0,1,0,1,0,1,0,0,0,0,0,0,20.0,0.0,0,-1,No n'hi ha,-1.0,3,3,1,-1,0,0,0,-1,0,0,0,0,0,1,4,5,0,Caiguda en la via,0,2,2,5,-1,2,1,14.0,1,0,4,17,9
20931,2021,0,2021-07-03,B-124,SANT LLORENC SAVALL,Valles Occidental,3,0,1,0,2,0,0,0,1,1,0,0,0,100.0,0.0,0,3,No n'hi ha,-1.0,3,3,1,0,0,0,0,0,0,0,0,0,0,0,4,-1,1,Fregament o col·lisió lateral,-1,1,2,4,3,2,0,13.28,0,2,5,3,7
20932,2021,0,2021-11-28,GI-512,TORDERA,Maresme,3,0,2,2,3,0,0,0,0,3,0,0,0,100.0,0.0,0,2,Carril central,-1.0,3,3,1,0,0,0,0,0,0,0,0,0,0,1,4,4,1,Envestida (frontal lateral),1,1,2,4,3,2,0,13.18,0,2,6,28,11
20933,2021,1,2021-02-11,SE,SANTA PERPETUA DE MO,Valles Occidental,3,0,1,0,2,0,1,0,0,1,0,0,0,100.0,0.0,0,2,No n'hi ha,-1.0,3,3,1,0,0,0,0,0,0,0,0,0,0,1,1,4,1,Envestida (frontal lateral),0,2,2,5,-1,2,1,6.18,0,2,3,11,2
20934,2021,0,2021-11-25,C-37z,MANRESA,Bages,3,0,1,0,1,0,0,0,1,0,0,0,0,100.0,0.0,0,1,No n'hi ha,-1.0,3,3,1,0,1,0,0,0,0,0,0,0,0,0,3,-1,1,Xoc contra objecte/obstacle sense sortida prèvia de via,-1,1,2,4,3,2,1,19.04,1,4,3,25,11
20935,2021,1,2021-03-07,SE,RIPOLLET,Valles Occidental,3,0,1,0,2,0,0,0,1,1,0,0,0,20.0,0.0,0,-1,No n'hi ha,-1.0,3,3,1,0,-1,0,0,0,0,0,0,0,0,1,5,4,-1,Envestida (frontal lateral),0,2,2,5,-1,2,0,20.0,1,2,6,7,3
20936,2021,1,2021-07-24,SE,TERRASSA,Valles Occidental,3,0,1,0,2,1,0,0,0,1,0,0,0,30.0,0.0,0,2,No n'hi ha,-1.0,3,3,1,0,0,0,0,0,1,0,0,0,0,2,4,2,0,Atropellament,2,2,2,5,-1,2,0,10.1,0,3,5,24,7
20937,2021,1,2021-03-05,SE,HOSPITALET DE LLOBREGAT,Barcelones,3,0,1,0,2,1,0,0,0,1,0,0,0,20.0,0.0,0,-1,No n'hi ha,-1.0,3,3,1,-1,0,0,0,-1,0,0,0,0,0,1,4,2,0,Atropellament,2,2,2,5,-1,2,1,13.26,0,3,4,5,3
20938,2021,1,2021-09-20,SE,LLEIDA,Segria,2,0,1,0,2,0,0,1,0,1,0,0,0,20.0,0.0,0,2,No n'hi ha,-1.0,3,3,1,-1,0,0,0,-1,0,0,0,0,-1,1,4,4,0,Envestida (frontal lateral),0,2,2,5,0,2,1,15.15,1,2,0,20,9
20939,2021,0,2021-07-16,C-153,"VALL D'EN BAS, LA",Garrotxa,1,0,1,0,2,0,1,0,0,0,0,1,0,90.0,0.0,0,-1,Sense Especificar,-1.0,3,3,1,0,0,0,0,0,0,0,0,0,0,0,4,-1,-1,Altres,-1,1,2,4,4,2,0,18.56,1,5,4,16,7
20940,2021,0,2021-09-21,B-23,"PAPIOL, EL",Baix Llobregat,3,0,1,0,2,0,0,0,1,1,0,0,0,100.0,0.0,0,0,No n'hi ha,-1.0,3,3,1,0,0,0,0,0,0,0,0,0,0,0,4,-1,0,Fregament o col·lisió lateral,-1,1,2,4,2,2,1,8.52,0,2,1,21,9
20941,2021,0,2021-12-04,GIV-5264,LLANARS,Ripolles,1,0,1,0,2,1,0,0,0,1,0,0,0,50.0,0.0,0,2,No n'hi ha,-1.0,3,3,1,0,0,0,0,0,0,0,0,0,0,0,0,-1,1,Atropellament,-1,1,2,4,0,2,0,19.58,1,3,5,4,12
20942,2021,0,2021-03-08,N-340,TARRAGONA,Tarragones,0,0,1,0,1,0,0,0,1,0,0,0,0,100.0,0.0,0,2,No n'hi ha,-1.0,1,3,1,0,0,0,1,0,0,0,0,0,0,1,2,4,1,Caiguda en la via,0,1,0,4,1,2,1,14.15,1,0,0,8,3
20943,2021,1,2021-10-21,SE,VILA-SECA,Tarragones,0,0,1,1,3,2,0,0,0,1,0,0,0,20.0,0.0,0,2,No n'hi ha,-1.0,3,3,1,0,0,0,0,0,1,0,0,0,0,0,4,-1,0,Atropellament,-1,2,3,5,-1,2,1,10.1,0,3,3,21,10
20944,2021,0,2021-05-15,N-II,MATARO,Maresme,3,1,0,0,3,0,0,1,0,1,1,0,0,100.0,0.0,0,-1,No n'hi ha,-1.0,3,3,0,0,0,0,0,0,0,0,0,0,0,0,4,-1,-1,Caiguda en la via,-1,1,2,4,-1,2,0,4.41,2,0,5,15,5
20945,2021,1,2021-03-30,SE,BADALONA,Barcelones,3,0,1,1,2,1,0,0,1,0,0,0,0,20.0,0.0,0,-1,No n'hi ha,-1.0,3,3,1,0,-1,0,0,0,0,0,0,0,0,0,4,-1,-1,Atropellament,-1,2,2,5,-1,2,1,9.58,0,3,1,30,3
20946,2021,0,2021-05-28,BV-2443,OLERDOLA,Alt Penedes,3,0,1,0,1,0,1,0,0,0,0,0,0,90.0,0.0,0,-1,Sense Especificar,-1.0,3,3,1,0,0,0,0,0,0,0,0,0,0,0,4,-1,-1,Altres,-1,1,2,4,4,2,1,11.57,0,5,4,28,5
20947,2021,0,2021-04-02,C-55,SANT JOAN DE VILATOR,Bages,3,1,0,0,2,0,0,0,0,2,0,0,0,100.0,0.0,0,1,No n'hi ha,-1.0,3,3,0,0,0,0,0,0,0,0,0,0,0,0,4,-1,1,Col·lisió frontal,-1,1,2,4,2,2,0,17.55,1,2,4,2,4
20948,2021,0,2021-07-01,AP-7,SANT GREGORI,Girones,1,1,0,0,4,1,0,0,0,3,0,0,0,120.0,0.0,0,2,No n'hi ha,-1.0,3,3,0,0,0,0,0,0,0,0,0,0,0,0,3,-1,1,Atropellament,-1,1,2,4,1,2,1,23.24,2,3,3,1,7
20949,2021,1,2021-09-27,SE,SANT BOI DE LLOBREGAT,Baix Llobregat,3,1,0,0,2,1,0,0,0,0,1,0,0,100.0,0.0,0,2,No n'hi ha,0.0,3,3,0,0,0,0,0,0,0,0,0,0,0,1,4,3,1,Atropellament,2,2,2,5,-1,2,1,14.2,1,3,0,27,9
20950,2021,0,2021-06-11,N-II,MACANET DE LA SELVA,Selva,1,0,2,3,2,0,0,0,0,2,0,0,0,60.0,0.0,0,0,No n'hi ha,0.0,3,3,1,0,0,0,0,0,0,0,0,0,0,0,4,-1,1,Col·lisió frontal,-1,1,2,4,1,2,0,17.05,1,2,4,11,6
20951,2021,1,2021-04-23,SE,CAMBRILS,Baix Camp,0,0,1,0,2,1,0,0,0,1,0,0,0,30.0,0.0,0,2,No n'hi ha,-1.0,3,3,1,0,0,0,0,0,0,0,0,0,0,0,1,-1,1,Atropellament,-1,2,2,5,-1,2,1,8.3,0,3,4,23,4
20952,2021,0,2021-05-30,C-26,CASTELLAR DE LA RIBERA,Solsones,2,0,1,0,1,0,0,0,1,0,0,0,0,90.0,0.0,0,-1,Sense Especificar,-1.0,3,3,1,0,0,0,0,0,0,0,0,0,0,0,4,-1,-1,Altres,-1,1,2,4,4,2,0,10.42,0,5,6,30,5
20953,2021,1,2021-09-10,SE,TARRAGONA,Tarragones,0,0,1,0,2,0,0,0,1,1,0,0,0,30.0,0.0,0,2,No n'hi ha,-1.0,3,3,1,0,0,0,0,0,0,0,0,0,0,0,4,-1,0,Envestida (frontal lateral),-1,2,2,5,0,2,1,14.2,1,2,4,10,9
20954,2021,1,2021-11-11,SE,CORBERA DE LLOBREGAT,Baix Llobregat,3,0,1,0,2,0,0,0,1,1,0,0,0,100.0,0.0,0,-1,No n'hi ha,-1.0,3,3,1,0,0,0,0,0,0,0,0,0,0,1,4,4,-1,Fregament o col·lisió lateral,1,2,2,5,-1,2,1,17.5,1,2,3,11,11
20955,2021,0,2021-02-01,B-20,BARCELONA,Barcelones,3,0,1,5,5,0,0,0,1,2,2,0,0,80.0,0.0,1,-1,No n'hi ha,-1.0,3,3,1,0,0,0,0,0,0,0,0,0,0,0,4,-1,0,Encalç,-1,1,2,4,-1,2,1,11.0,0,2,0,1,2
20956,2021,0,2021-09-25,BV-2242,PIERA,Anoia,3,1,0,1,2,0,0,0,1,1,0,0,0,70.0,0.0,0,0,No n'hi ha,-1.0,3,3,0,0,0,0,0,0,0,0,0,0,0,2,4,4,1,Col·lisió frontal,1,1,2,4,3,2,0,18.42,1,2,5,25,9
20957,2021,0,2021-12-29,A-2,HOSTALETS DE PIEROLA,Anoia,3,0,1,1,2,0,0,0,0,1,1,0,0,100.0,0.0,0,2,No n'hi ha,-1.0,3,3,1,0,1,0,0,0,0,0,0,0,0,2,1,4,0,Encalç,3,1,2,4,1,2,1,19.23,1,2,2,29,12
20958,2021,0,2021-08-08,T-702,CABACES,Priorat,0,1,0,0,1,0,0,0,1,0,0,0,0,100.0,0.0,0,2,No n'hi ha,-1.0,3,3,0,0,0,0,0,0,0,0,0,0,0,0,4,-1,1,Resta sortides de via,-1,1,2,4,2,2,0,12.0,0,1,6,8,8
20959,2021,1,2021-05-06,SE,BARCELONA,Barcelones,3,0,1,0,6,0,0,0,2,4,0,0,0,100.0,1.0,1,-1,No n'hi ha,-1.0,3,3,1,0,0,0,0,0,0,0,0,0,0,0,4,-1,1,Fregament o col·lisió lateral,-1,2,2,5,-1,2,1,13.58,0,2,3,6,5
20960,2021,0,2021-10-23,C-12,BENIFALLET,Baix Ebre,0,0,1,0,2,0,0,0,0,2,0,0,0,80.0,0.0,0,1,No n'hi ha,-1.0,3,3,1,0,0,0,0,0,0,0,0,0,0,0,0,-1,1,Resta sortides de via,-1,1,2,4,2,2,0,3.08,2,1,5,23,10
20961,2021,1,2021-04-05,SE,SANT PERE PESCADOR,Alt Emporda,1,0,1,0,1,0,1,0,0,0,0,0,0,20.0,0.0,0,-1,Sense Especificar,-1.0,3,3,1,0,0,0,0,0,0,0,0,0,0,0,4,-1,-1,Resta sortides de via,-1,2,2,5,-1,2,1,11.41,0,1,0,5,4
20962,2021,0,2021-04-03,TV-7046,"ALBIOL, L'",Baix Camp,0,0,1,0,2,0,1,0,0,0,0,1,0,90.0,0.0,0,-1,Sense Especificar,-1.0,3,3,1,0,0,0,0,0,0,0,0,0,0,0,4,-1,-1,Altres,-1,1,2,4,4,2,0,18.37,1,5,5,3,4
20963,2021,1,2021-06-11,SE,RUBI,Valles Occidental,3,0,1,0,2,1,0,0,0,1,0,0,0,100.0,0.0,0,-1,No n'hi ha,-1.0,3,3,1,0,0,0,0,0,0,0,0,0,0,0,4,-1,-1,Atropellament,-1,2,2,5,-1,2,1,10.3,0,3,4,11,6
20964,2021,1,2021-11-17,SE,OLESA DE MONTSERRAT,Baix Llobregat,3,0,2,0,3,2,0,0,0,1,0,0,0,100.0,0.0,0,-1,No n'hi ha,-1.0,3,3,1,0,0,0,0,0,0,0,0,0,0,0,4,-1,-1,Atropellament,-1,2,2,5,-1,2,1,13.1,0,3,2,17,11
20965,2021,1,2021-09-30,C-26,RIPOLL,Ripolles,1,1,0,0,1,0,0,0,1,0,0,0,0,100.0,0.0,0,2,No n'hi ha,-1.0,3,3,0,0,0,0,0,0,0,0,0,0,0,2,4,-1,1,Xoc contra objecte/obstacle sense sortida prèvia de via,2,0,2,4,-1,2,1,12.55,0,4,3,30,9
20966,2021,0,2021-01-30,GIV-6703,QUART,Girones,1,0,1,1,1,0,0,0,0,1,0,0,0,100.0,0.0,0,1,No n'hi ha,-1.0,1,3,1,0,0,0,0,0,0,0,0,0,0,0,3,-1,1,Resta sortides de via,-1,1,2,4,3,2,0,20.01,1,1,5,30,1
20967,2021,1,2021-09-27,SE,BARCELONA,Barcelones,3,0,1,0,2,0,0,0,1,1,0,0,0,100.0,0.0,1,-1,No n'hi ha,-1.0,3,3,1,0,0,0,0,0,0,0,0,0,0,1,4,-1,0,Envestida (frontal lateral),2,2,2,5,-1,2,1,12.15,0,2,0,27,9
20968,2021,1,2021-11-30,N-II,MATARO,Maresme,3,0,1,1,2,0,0,1,1,0,0,0,0,90.0,0.0,0,-1,No n'hi ha,-1.0,3,3,1,-1,-1,0,0,-1,0,0,0,0,0,0,5,-1,-1,Envestida (frontal lateral),-1,0,2,4,-1,2,1,17.15,1,2,1,30,11
20969,2021,0,2021-06-25,N-260,PEDRET I MARZA,Alt Emporda,1,0,1,0,2,0,0,0,1,1,0,0,0,100.0,0.0,0,2,No n'hi ha,-1.0,3,3,1,0,0,0,0,0,0,0,0,0,0,0,4,-1,1,Envestida (frontal lateral),-1,1,2,4,1,2,0,17.34,1,2,4,25,6
20970,2021,0,2021-10-03,B-245,VILADECAVALLS,Valles Occidental,3,0,1,1,2,0,0,0,0,2,0,0,0,50.0,0.0,0,1,No n'hi ha,-1.0,3,3,1,0,0,0,0,0,0,0,0,0,0,0,4,-1,1,Col·lisió frontal,-1,1,2,4,2,2,0,9.1,0,2,6,3,10
20971,2021,1,2021-01-09,SE,TERRASSA,Valles Occidental,3,0,1,0,2,1,0,0,0,1,0,0,0,30.0,0.0,0,2,No n'hi ha,-1.0,1,3,1,0,0,0,1,0,0,0,0,0,1,2,2,2,0,Atropellament,1,2,2,5,-1,2,0,10.18,0,3,5,9,1
20972,2021,1,2021-07-08,SE,SANT HILARI SACALM,Selva,1,0,1,1,1,0,0,0,0,1,0,0,0,20.0,0.0,0,-1,Sense Especificar,-1.0,3,3,1,0,0,0,0,0,0,0,0,0,0,1,4,4,-1,Resta sortides de via,1,2,2,5,-1,2,1,21.12,1,1,3,8,7
20973,2021,0,2021-05-30,N-260,TOSES,Ripolles,1,0,1,0,1,0,0,0,1,0,0,0,0,60.0,0.0,0,1,No n'hi ha,-1.0,3,3,1,0,0,0,0,0,0,0,0,0,0,0,2,-1,1,Caiguda en la via,-1,1,2,4,1,2,0,12.43,0,0,6,30,5
20974,2021,1,2021-05-15,SE,OLERDOLA,Alt Penedes,3,0,1,0,2,1,0,0,0,1,0,0,0,100.0,0.0,0,2,No n'hi ha,-1.0,3,3,1,0,0,0,0,0,0,0,0,0,0,0,5,-1,1,Atropellament,-1,2,2,5,-1,2,0,21.29,1,3,5,15,5
20975,2021,0,2021-10-03,B-431,AVINYO,Bages,3,1,0,1,2,0,0,0,1,1,0,0,0,50.0,0.0,0,1,No n'hi ha,-1.0,3,3,0,0,1,0,0,0,0,0,0,0,0,1,4,4,1,Envestida (frontal lateral),1,1,2,4,3,2,0,12.56,0,2,6,3,10
20976,2021,0,2021-11-02,C-26,ALGERRI,Noguera,2,1,0,0,3,0,0,0,1,0,2,0,0,90.0,0.0,0,2,No n'hi ha,-1.0,3,3,0,0,0,0,0,0,0,0,0,0,0,0,4,-1,1,Fregament o col·lisió lateral,-1,1,2,4,2,2,1,9.42,0,2,1,2,11
20977,2021,0,2021-03-14,T-233,SARRAL,Conca de Barbera,0,0,1,1,2,0,0,0,0,2,0,0,0,100.0,0.0,0,1,No n'hi ha,-1.0,3,3,1,0,0,0,0,0,0,0,0,0,0,0,4,-1,1,Col·lisió frontal,-1,1,2,4,2,2,0,13.2,0,2,6,14,3
20978,2021,1,2021-11-30,SE,REUS,Baix Camp,0,0,1,0,2,1,0,0,0,1,0,0,0,100.0,0.0,0,-1,No n'hi ha,-1.0,3,3,1,0,0,0,0,0,0,0,0,0,0,0,4,-1,-1,Atropellament,-1,2,2,5,-1,2,1,18.48,1,3,1,30,11
20979,2021,1,2021-08-10,SE,BARCELONA,Barcelones,3,0,1,0,1,0,0,0,1,0,0,0,0,100.0,0.0,1,-1,No n'hi ha,-1.0,3,3,1,0,0,0,0,0,0,0,0,0,0,0,4,-1,1,Xoc contra objecte/obstacle sense sortida prèvia de via,-1,2,2,5,-1,2,1,16.2,1,4,1,10,8
20980,2021,1,2021-09-23,SE,CERDANYOLA DEL VALLES,Valles Occidental,3,0,1,0,2,0,1,0,0,1,0,0,0,20.0,0.0,0,2,No n'hi ha,-1.0,3,3,1,-1,0,0,0,-1,0,0,0,0,0,1,5,3,0,Encalç,0,0,2,5,-1,2,1,19.3,1,2,3,23,9
20981,2021,0,2021-02-01,GI-503,DARNIUS,Alt Emporda,1,0,1,2,2,0,0,0,0,2,0,0,0,100.0,0.0,0,1,No n'hi ha,-1.0,3,3,1,0,0,0,0,0,0,0,0,0,0,0,4,-1,1,Col·lisió frontal,-1,1,2,4,3,2,1,8.35,0,2,0,1,2
20982,2021,0,2021-10-28,N-150,CERDANYOLA DEL VALLES,Valles Occidental,3,0,1,0,2,0,0,1,0,1,0,0,0,100.0,0.0,0,2,No n'hi ha,-1.0,3,3,1,0,0,0,0,0,0,0,0,0,0,1,5,4,0,Encalç,3,1,2,4,1,2,1,18.52,1,2,3,28,10
20983,2021,1,2021-10-07,SE,SANTA COLOMA DE GRAMANET,Barcelones,3,0,1,0,2,1,0,1,0,0,0,0,0,20.0,0.0,0,-1,No n'hi ha,-1.0,3,3,1,-1,-1,0,0,-1,0,0,0,0,0,0,4,-1,-1,Atropellament,-1,2,2,5,-1,2,1,20.44,1,3,3,7,10
20984,2021,1,2021-08-07,SE,OLOT,Garrotxa,1,0,1,0,2,0,1,0,0,1,0,0,0,100.0,0.0,0,1,No n'hi ha,-1.0,3,3,1,0,0,0,0,0,0,0,0,0,0,1,4,4,1,Fregament o col·lisió lateral,0,2,2,5,-1,2,0,10.28,0,2,5,7,8
20985,2021,0,2021-12-27,C-15,"POBLA DE CLARAMUNT,LA",Anoia,3,0,2,1,3,0,0,0,0,3,0,0,0,100.0,0.0,0,3,No n'hi ha,-1.0,3,3,1,0,0,0,0,0,0,0,0,0,0,0,3,-1,1,Col·lisió frontal,-1,1,2,4,2,1,1,23.4,2,2,0,27,12
20986,2021,1,2021-08-07,SE,VALLROMANES,Valles Oriental,3,0,1,0,2,0,1,0,0,1,0,0,0,20.0,0.0,0,-1,Sense Especificar,-1.0,3,3,1,0,0,0,0,0,0,0,0,0,0,0,4,-1,-1,Altres,-1,2,2,5,-1,2,0,19.07,1,5,5,7,8
20987,2021,1,2021-11-14,SE,BARCELONA,Barcelones,3,0,1,0,1,0,0,0,0,0,0,1,0,100.0,0.0,1,-1,No n'hi ha,-1.0,3,3,1,0,0,0,0,0,0,0,0,0,0,1,0,-1,0,Caiguda en la via,2,2,2,5,-1,2,0,4.16,2,0,6,14,11
20988,2021,1,2021-03-05,C-35,SANT CELONI,Valles Oriental,3,0,1,0,2,0,0,0,1,1,0,0,0,50.0,0.0,0,2,No n'hi ha,-1.0,3,3,1,0,0,0,0,0,0,0,0,0,0,1,4,4,1,Fregament o col·lisió lateral,1,0,2,4,2,2,0,16.39,1,2,4,5,3
20989,2021,1,2021-04-09,SE,CERDANYOLA DEL VALLES,Valles Occidental,3,0,1,0,2,1,0,0,0,1,0,0,0,100.0,0.0,0,2,No n'hi ha,-1.0,1,3,1,0,0,0,1,0,0,0,0,0,0,0,5,-1,1,Atropellament,-1,2,2,5,-1,2,0,21.35,1,3,4,9,4
20990,2021,1,2021-07-25,SE,SANT QUIRZE DEL VALLES,Valles Occidental,3,0,1,0,4,0,0,0,0,4,0,0,0,20.0,0.0,0,2,No n'hi ha,-1.0,3,3,1,-1,0,0,0,-1,0,0,0,0,-1,0,5,-1,0,Xoc contra objecte/obstacle sense sortida prèvia de via,-1,2,2,5,-1,2,0,22.18,2,4,6,25,7
20991,2021,0,2021-09-19,GI-502,DARNIUS,Alt Emporda,1,0,1,0,1,0,0,0,1,0,0,0,0,90.0,0.0,0,-1,Sense Especificar,-1.0,3,3,1,0,0,0,0,0,0,0,0,0,0,0,4,-1,-1,Altres,-1,1,2,4,4,2,0,14.16,1,5,6,19,9
20992,2021,0,2021-01-09,C-13,ALCOLETGE,Segria,2,0,2,0,2,0,0,0,0,2,0,0,0,100.0,0.0,0,1,No n'hi ha,-1.0,0,3,1,0,0,0,0,0,0,0,0,0,0,0,2,-1,1,Envestida (frontal lateral),-1,1,2,4,2,2,0,8.59,0,2,5,9,1
20993,2021,1,2021-09-28,SE,"VENDRELL, EL",Baix Penedes,0,0,1,0,2,0,0,0,1,1,0,0,0,30.0,0.0,0,-1,No n'hi ha,-1.0,3,3,1,-1,-1,0,0,-1,0,0,0,0,-1,1,4,4,1,Envestida (frontal lateral),0,2,2,5,-1,2,1,8.24,0,2,1,28,9