,Year,Area,Date,Road,Municipality Name,County Name,Province Name,Fatalties,Serious Injuries,Light Injuries,Units Involved,Pedestrains Involved,Bicycles Involved,Mopeds Involved,Motorcycles,Light Vehicles Involved,Heavy Vehicles Involved,Other Units Involved,Unspecified Units Involved,Road Speed Limit,Accident with Hit and Run,Fog Presence,Surrounding Environment,Special Lane Presence,Special Traffic Measures,Weather Conditions,Special Road Functions,Severity of Accident,Influence of Fog,Influence of Environment,Influence of Traffic,Influence of Weather,Influence of Wind Intensity,Influence of Lighting,Influence of Special Measures,Influence of Road Objects,Influence of Road Surface,Influence of Visibility,Intersection Characteristics,Lighting Conditions,Traffic Regulation and Priority,Direction of Road,Subtype of Accident,Subtype of Road Section,Subzone within Area,Road Surface Conditions,Type of Road,Road Ownership,Wind Conditions,Day of the Week Grouping,Hour of Day,Time of Day Grouping,Type of Accident,Day Type,Day,Month
20994,2021,0,2021-02-08,N-240,"BORGES BLANQUES, LES",Garrigues,2,0,1,3,3,0,0,0,0,2,1,0,0,100.0,0.0,0,2,No n'hi ha,-1.0,1,3,1,0,0,0,0,0,0,0,0,0,0,0,3,-1,1,Col·lisió frontal,-1,1,2,4,1,2,1,18.45,1,2,0,8,2
20995,2021,0,2021-09-10,C-16,BALSARENY,Bages,3,0,1,0,1,0,0,0,0,1,0,0,0,90.0,0.0,0,-1,Sense Especificar,-1.0,3,3,1,0,0,0,0,0,0,0,0,0,0,1,4,4,-1,Resta sortides de via,3,1,2,4,4,2,0,16.45,1,1,4,10,9
20996,2021,1,2021-11-01,SE,TERRASSA,Valles Occidental,3,0,1,0,1,0,1,0,0,0,0,0,0,20.0,0.0,0,-1,No n'hi ha,-1.0,3,3,1,0,-1,0,0,0,0,0,0,0,0,0,4,-1,-1,Caiguda en la via,-1,2,2,5,-1,2,1,17.35,1,0,0,1,11
20997,2021,1,2021-10-02,C-38,SANT PAU DE SEGURIES,Ripolles,1,0,1,0,2,0,1,0,0,1,0,0,0,90.0,0.0,0,-1,Sense Especificar,-1.0,3,1,1,0,0,0,0,0,0,0,0,0,0,1,4,-1,-1,Envestida (frontal lateral),-1,0,2,4,4,2,0,14.13,1,2,5,2,10
20998,2021,1,2021-12-01,SE,SANT BOI DE LLOBREGAT,Baix Llobregat,3,0,1,0,2,0,0,0,1,1,0,0,0,50.0,0.0,0,-1,No n'hi ha,-1.0,3,3,1,0,-1,0,0,0,0,0,0,0,0,0,4,-1,-1,Encalç,-1,2,2,5,-1,2,1,14.58,1,2,2,1,12
20999,2021,0,2021-09-21,C-12,GARCIA,Ribera d'Ebre,0,0,1,0,1,0,0,0,0,0,1,0,0,90.0,0.0,0,-1,Sense Especificar,-1.0,3,1,1,0,0,0,0,0,0,0,0,0,0,0,4,-1,-1,Resta sortides de via,-1,1,2,4,4,2,1,16.48,1,1,1,21,9
21000,2021,0,2021-05-08,C-32,GAVA,Baix Llobregat,3,0,1,0,2,0,0,0,1,1,0,0,0,100.0,0.0,0,2,No n'hi ha,1.0,3,3,1,0,0,0,0,0,0,0,0,0,0,0,4,-1,0,Encalç,-1,1,2,4,2,2,0,17.34,1,2,5,8,5
21001,2021,1,2021-04-12,SE,HOSPITALET DE LLOBREGAT,Barcelones,3,0,1,0,2,0,0,0,1,1,0,0,0,20.0,0.0,0,-1,No n'hi ha,-1.0,3,3,1,-1,0,0,0,-1,0,0,0,0,0,0,4,-1,0,Encalç,-1,2,2,5,0,2,1,19.34,1,2,0,12,4
21002,2021,0,2021-05-29,T-703,"PALMA D'EBRE, LA",Ribera d'Ebre,0,0,1,0,1,0,0,0,1,0,0,0,0,90.0,0.0,0,-1,Sense Especificar,-1.0,3,3,1,0,0,0,0,0,0,0,0,0,0,0,4,-1,-1,Xoc contra objecte/obstacle sense sortida prèvia de via,-1,1,2,4,4,2,0,10.24,0,4,5,29,5
21003,2021,1,2021-11-22,SE,BADALONA,Barcelones,3,0,1,0,3,2,0,0,0,1,0,0,0,100.0,0.0,0,-1,No n'hi ha,-1.0,3,3,1,0,0,0,0,0,0,0,0,0,0,0,4,-1,-1,Atropellament,-1,2,2,5,-1,2,1,9.0,0,3,0,22,11
21004,2021,0,2021-02-12,N-240,JUNEDA,Garrigues,2,0,2,3,2,0,0,0,0,1,1,0,0,80.0,0.0,0,2,Carril d'alentiment,-1.0,2,3,1,0,0,0,1,0,0,0,0,0,0,1,2,4,1,Envestida (frontal lateral),0,1,2,4,1,2,1,14.59,1,2,4,12,2
21005,2021,1,2021-12-28,SE,"VALLS DE VALIRA, LES",Alt Urgell,2,0,1,0,1,0,1,0,0,0,0,0,0,20.0,0.0,0,-1,Sense Especificar,-1.0,3,3,1,0,0,0,0,0,0,0,0,0,0,0,4,-1,-1,Altres,-1,2,2,5,-1,2,1,16.57,1,5,1,28,12
21006,2021,1,2021-03-24,SE,DELTEBRE,Baix Ebre,0,0,1,0,2,0,0,1,0,1,0,0,0,100.0,0.0,0,2,No n'hi ha,0.0,3,3,1,0,0,0,0,0,0,0,0,0,0,1,4,5,1,Envestida (frontal lateral),2,2,2,5,-1,2,1,7.55,0,2,2,24,3
21007,2021,0,2021-03-06,C-25D,VIC,Osona,3,0,1,8,2,0,0,0,0,2,0,0,0,60.0,0.0,0,0,No n'hi ha,-1.0,3,3,1,0,0,0,0,0,0,0,0,0,0,1,3,4,1,Envestida (frontal lateral),1,1,2,4,2,2,0,20.16,1,2,5,6,3
21008,2021,0,2021-04-24,N-260,ALAS I CERC,Alt Urgell,2,0,1,1,2,0,0,0,0,2,0,0,0,100.0,0.0,0,1,No n'hi ha,-1.0,3,3,1,0,0,0,0,0,0,0,0,0,0,0,2,-1,1,Resta sortides de via,-1,1,2,4,1,2,0,19.44,1,1,5,24,4
21009,2021,1,2021-04-08,SE,GIRONA,Girones,1,0,1,0,2,0,0,0,1,1,0,0,0,30.0,0.0,0,2,No n'hi ha,-1.0,3,3,1,0,0,0,0,0,0,0,0,0,0,1,4,4,1,Envestida (frontal lateral),2,2,2,5,-1,2,1,16.28,1,2,3,8,4
21010,2021,1,2021-02-24,SE,GIRONA,Girones,1,0,1,1,2,0,0,0,0,2,0,0,0,100.0,0.0,0,2,No n'hi ha,-1.0,3,3,1,0,0,0,0,0,0,0,0,0,0,1,4,4,1,Envestida (frontal lateral),2,2,2,5,-1,2,1,13.56,0,2,2,24,2
21011,2021,1,2021-04-03,SE,BARCELONA,Barcelones,3,0,1,0,3,0,0,0,1,2,0,0,0,100.0,0.0,1,-1,No n'hi ha,-1.0,3,3,1,0,0,0,0,0,0,0,0,0,0,0,0,-1,0,Encalç,-1,2,2,5,-1,2,0,8.15,0,2,5,3,4
21012,2021,1,2021-04-17,SE,SANT ADRIA DE BESOS,Barcelones,3,0,1,0,2,1,0,0,0,1,0,0,0,100.0,0.0,0,2,No n'hi ha,-1.0,3,3,1,0,0,0,0,0,0,0,0,0,0,1,4,3,1,Atropellament,2,2,2,5,-1,2,0,20.21,1,3,5,17,4
21013,2021,0,2021-06-13,C-245,SANT BOI DE LLOBREGAT,Baix Llobregat,3,1,0,0,1,0,0,0,1,0,0,0,0,40.0,0.0,0,2,No n'hi ha,0.0,3,3,0,0,0,0,0,0,0,0,0,0,0,0,4,-1,1,Xoc contra objecte/obstacle sense sortida prèvia de via,-1,1,2,4,2,2,0,17.24,1,4,6,13,6
21014,2021,1,2021-09-14,SE,HOSPITALET DE LLOBREGAT,Barcelones,3,0,1,0,2,1,0,0,0,1,0,0,0,20.0,0.0,0,-1,No n'hi ha,-1.0,3,3,1,0,-1,0,0,0,0,0,0,0,0,0,4,-1,-1,Atropellament,-1,2,2,5,-1,2,1,15.17,1,3,1,14,9
21015,2021,1,2021-04-17,SE,CAMBRILS,Baix Camp,0,0,1,0,2,0,1,0,0,1,0,0,0,100.0,0.0,0,-1,No n'hi ha,-1.0,3,3,1,0,0,0,0,0,0,0,0,0,0,0,4,-1,-1,Envestida (frontal lateral),-1,2,2,5,-1,2,0,13.45,0,2,5,17,4
21016,2021,0,2021-07-08,TV-3146,VILA-SECA,Tarragones,0,0,1,0,2,0,0,0,1,1,0,0,0,100.0,0.0,0,2,No n'hi ha,-1.0,3,3,1,0,0,0,0,0,0,0,0,0,0,2,4,4,1,Envestida (frontal lateral),1,1,2,4,3,2,1,18.52,1,2,3,8,7
21017,2021,0,2021-03-18,N-141e,BESCANO,Girones,1,1,0,0,2,1,0,0,0,1,0,0,0,100.0,0.0,0,2,No n'hi ha,-1.0,3,3,0,0,0,0,0,0,0,0,0,0,0,0,4,-1,1,Atropellament,-1,1,2,4,1,2,1,12.2,0,3,3,18,3
21018,2021,1,2021-02-15,SE,BADALONA,Barcelones,3,0,1,0,2,0,0,0,1,1,0,0,0,20.0,0.0,0,-1,No n'hi ha,-1.0,3,3,1,0,-1,0,0,0,0,0,0,0,0,0,4,-1,-1,Envestida (frontal lateral),-1,2,2,5,-1,2,1,8.3,0,2,0,15,2
21019,2021,1,2021-12-07,SE,BADALONA,Barcelones,3,0,1,0,2,1,0,0,0,1,0,0,0,20.0,0.0,0,1,No n'hi ha,-1.0,3,3,1,-1,0,0,0,0,0,0,0,0,0,0,4,-1,0,Atropellament,-1,2,2,5,-1,1,1,13.11,0,3,1,7,12
21020,2021,1,2021-10-01,SE,GIRONA,Girones,1,0,1,0,2,0,0,1,0,1,0,0,0,30.0,0.0,0,2,No n'hi ha,-1.0,3,3,1,0,0,0,0,0,0,0,0,0,0,1,4,4,0,Caiguda en la via,2,2,2,5,-1,2,1,12.24,0,0,4,1,10
21021,2021,1,2021-07-14,SE,BARCELONA,Barcelones,3,0,1,0,2,0,0,0,1,1,0,0,0,100.0,0.0,1,-1,No n'hi ha,-1.0,3,3,1,0,0,0,0,0,0,0,0,0,0,1,4,-1,0,Envestida (frontal lateral),2,2,2,5,-1,2,1,12.28,0,2,2,14,7
21022,2021,1,2021-02-17,SE,BARCELONA,Barcelones,3,0,1,0,2,0,0,0,1,1,0,0,0,100.0,0.0,1,-1,No n'hi ha,-1.0,3,3,1,0,0,0,0,0,0,0,0,0,0,0,4,-1,0,Envestida (frontal lateral),-1,2,2,5,-1,2,1,9.2,0,2,2,17,2
21023,2021,1,2021-05-17,SE,CASSA DE LA SELVA,Girones,1,1,0,0,2,0,0,0,1,1,0,0,0,40.0,0.0,0,2,No n'hi ha,-1.0,3,3,0,0,0,0,0,0,0,0,0,0,0,0,4,-1,1,Envestida (frontal lateral),-1,2,2,5,-1,1,1,18.0,1,2,0,17,5
21024,2021,0,2021-03-15,C-31B,TARRAGONA,Tarragones,0,1,0,0,1,0,0,0,1,0,0,0,0,100.0,0.0,0,2,No n'hi ha,-1.0,3,3,0,0,0,0,0,0,0,0,0,0,0,0,4,-1,0,Resta sortides de via,-1,1,2,4,3,2,1,18.37,1,1,0,15,3
21025,2021,1,2021-06-29,SE,FRANQUESES DEL VALLE,Valles Oriental,3,0,1,0,2,1,0,0,0,1,0,0,0,30.0,0.0,0,2,No n'hi ha,-1.0,3,3,1,-1,0,0,0,-1,0,0,0,0,0,0,4,-1,1,Atropellament,-1,2,2,5,-1,2,1,17.22,1,3,1,29,6
21026,2021,0,2021-05-10,A-2,LLEIDA,Segria,2,0,1,0,3,0,0,0,0,1,2,0,0,80.0,0.0,0,2,No n'hi ha,0.0,3,3,1,0,0,1,0,0,1,1,0,0,0,0,4,-1,0,Encalç,-1,1,2,4,1,2,1,8.06,0,2,0,10,5
21027,2021,0,2021-03-08,C-12,GARCIA,Ribera d'Ebre,0,0,1,1,3,0,0,0,0,2,1,0,0,100.0,0.0,0,1,No n'hi ha,-1.0,3,3,1,0,0,0,0,0,0,0,0,0,0,0,4,-1,1,Envestida (frontal lateral),-1,1,2,4,2,2,1,16.49,1,2,0,8,3
21028,2021,1,2021-10-02,SE,ALPENS,Osona,3,0,1,0,1,0,0,0,1,0,0,0,0,20.0,0.0,0,-1,Sense Especificar,-1.0,3,3,1,0,0,0,0,0,0,0,0,0,0,0,4,-1,-1,Resta sortides de via,-1,2,2,5,-1,2,0,13.28,0,1,5,2,10
21029,2021,0,2021-09-12,AP-7,SANT JULIA DE RAMIS,Girones,1,0,1,3,1,0,0,0,0,1,0,0,0,120.0,0.0,0,2,No n'hi ha,-1.0,3,3,1,0,0,0,0,0,0,0,0,0,0,0,3,-1,1,Resta sortides de via,-1,1,2,4,1,2,0,5.05,2,1,6,12,9
21030,2021,1,2021-06-16,SE,GIRONA,Girones,1,0,1,0,2,0,0,1,0,1,0,0,0,100.0,0.0,0,2,No n'hi ha,-1.0,3,3,1,0,0,0,0,0,0,0,0,0,0,2,4,4,1,Encalç,0,2,2,5,-1,2,1,9.49,0,2,2,16,6
21031,2021,1,2021-07-30,SE,BADALONA,Barcelones,3,0,1,0,2,0,0,0,1,1,0,0,0,20.0,0.0,0,-1,No n'hi ha,-1.0,3,3,1,0,-1,0,0,0,0,0,0,0,0,0,4,-1,-1,Encalç,-1,2,2,5,-1,2,1,12.3,0,2,4,30,7
21032,2021,1,2021-03-24,SE,BARCELONA,Barcelones,3,0,1,0,2,1,0,0,0,0,1,0,0,100.0,0.0,1,-1,Altres,-1.0,3,3,1,0,0,0,0,0,0,0,0,0,0,0,0,-1,1,Atropellament,-1,2,2,5,-1,2,1,17.0,1,3,2,24,3
21033,2021,0,2021-03-11,CR,"PONT DE SUERT, EL",Alta Ribagorca,2,0,1,0,1,0,0,0,1,0,0,0,0,100.0,0.0,0,1,No n'hi ha,-1.0,3,3,1,0,0,0,0,0,0,0,0,0,0,0,1,-1,1,Caiguda en la via,-1,1,0,3,0,2,1,19.12,1,0,3,11,3
21034,2021,0,2021-09-12,BV-2411,OLESA DE BONESVALLS,Alt Penedes,3,0,1,0,1,0,0,0,1,0,0,0,0,90.0,0.0,0,-1,Sense Especificar,-1.0,3,3,1,0,0,0,0,0,0,0,0,0,0,0,4,-1,-1,Altres,-1,1,2,4,4,2,0,13.3,0,5,6,12,9
21035,2021,0,2021-10-19,L-501,BARRUERA,Alta Ribagorca,2,0,1,1,2,0,0,0,0,2,0,0,0,100.0,0.0,0,1,No n'hi ha,-1.0,3,3,1,0,0,0,0,0,0,0,0,0,0,0,4,-1,1,Col·lisió frontal,-1,1,2,4,2,2,1,9.38,0,2,1,19,10
21036,2021,1,2021-06-29,SE,BARCELONA,Barcelones,3,1,0,0,2,0,0,0,1,0,1,0,0,100.0,0.0,1,-1,No n'hi ha,-1.0,3,3,0,0,0,0,0,0,0,0,0,0,0,1,4,-1,0,Caiguda en la via,2,2,2,5,-1,2,1,10.3,0,0,1,29,6
21037,2021,0,2021-08-23,TP-2442,"MONTMELL, EL",Baix Penedes,0,0,1,1,1,0,0,0,0,1,0,0,0,100.0,0.0,0,1,No n'hi ha,-1.0,3,3,1,0,0,0,0,0,0,0,0,0,0,0,4,-1,1,Resta sortides de via,-1,1,2,4,3,2,1,10.34,0,1,0,23,8
21038,2021,1,2021-06-09,SE,TARADELL,Osona,3,0,1,1,2,0,0,1,0,1,0,0,0,30.0,0.0,0,1,No n'hi ha,-1.0,3,3,1,0,0,0,0,0,0,0,0,0,0,1,4,4,1,Envestida (frontal lateral),2,2,2,5,-1,2,1,15.53,1,2,2,9,6
21039,2021,1,2021-10-24,SE,SABADELL,Valles Occidental,3,0,1,0,2,1,0,0,0,0,1,0,0,30.0,0.0,0,2,No n'hi ha,-1.0,3,3,1,0,0,0,0,0,0,0,0,0,0,0,4,-1,0,Atropellament,-1,2,2,5,-1,2,0,16.42,1,3,6,24,10
21040,2021,0,2021-07-02,C-13,CAMARASA,Noguera,2,0,1,0,1,0,0,0,1,0,0,0,0,90.0,0.0,0,-1,Sense Especificar,-1.0,3,3,1,0,0,0,0,0,0,0,0,0,0,0,4,-1,-1,Resta sortides de via,-1,1,2,4,4,2,0,16.3,1,1,4,2,7
21041,2021,1,2021-10-31,SE,CASTELLDEFELS,Baix Llobregat,3,0,1,1,2,0,0,0,0,2,0,0,0,30.0,0.0,0,2,No n'hi ha,-1.0,3,3,1,0,0,0,0,0,0,0,0,0,0,1,5,4,0,Envestida (frontal lateral),2,2,2,5,-1,2,0,20.07,1,2,6,31,10
21042,2021,0,2021-07-24,N-II,VILADEMULS,Pla de l'Estany,1,1,1,0,2,0,0,0,0,2,0,0,0,100.0,0.0,0,1,No n'hi ha,-1.0,3,3,0,0,0,0,0,0,0,0,0,0,0,0,4,-1,0,Col·lisió frontal,-1,1,2,4,1,2,0,14.23,1,2,5,24,7
21043,2021,1,2021-02-21,SE,PUIG-REIG,Bergueda,3,0,1,0,1,0,1,0,0,0,0,0,0,20.0,0.0,0,-1,Sense Especificar,-1.0,3,3,1,0,0,0,0,0,0,0,0,0,0,0,4,-1,-1,Xoc amb animal a la calçada,-1,2,2,5,-1,2,0,19.2,1,4,6,21,2
21044,2021,0,2021-08-20,C-14,ARTESA DE SEGRE,Noguera,2,1,1,1,2,0,0,0,0,2,0,0,0,100.0,0.0,0,2,No n'hi ha,-1.0,3,3,0,0,0,0,0,0,0,0,0,0,0,0,4,-1,1,Col·lisió frontal,-1,1,2,4,2,2,1,13.23,0,2,4,20,8
21045,2021,1,2021-09-24,SE,BARCELONA,Barcelones,3,0,1,0,1,0,0,0,0,0,0,1,0,20.0,0.0,1,-1,No n'hi ha,-1.0,3,3,1,0,0,0,0,0,0,0,0,0,0,1,4,-1,0,Xoc contra objecte/obstacle sense sortida prèvia de via,2,2,2,5,-1,2,0,18.0,1,4,4,24,9
21046,2021,1,2021-02-27,GI-681,TOSSA DE MAR,Selva,1,0,1,0,1,0,0,0,1,0,0,0,0,100.0,0.0,0,2,No n'hi ha,-1.0,3,3,1,0,0,0,0,0,0,0,0,0,0,0,4,-1,1,Resta sortides de via,-1,0,2,4,2,2,0,17.55,1,1,5,27,2
21047,2021,1,2021-03-28,SE,AMPOSTA,Montsia,0,0,1,0,2,1,0,0,0,1,0,0,0,40.0,0.0,0,2,No n'hi ha,-1.0,3,3,1,0,0,0,0,0,0,0,0,0,0,0,5,-1,1,Atropellament,-1,2,2,5,-1,2,0,21.22,1,3,6,28,3
21048,2021,1,2021-06-30,C-1415a,SENTMENAT,Valles Occidental,3,0,1,0,2,1,0,0,0,1,0,0,0,100.0,0.0,0,2,No n'hi ha,-1.0,3,3,1,0,0,0,0,0,0,0,0,0,0,0,4,-1,1,Atropellament,-1,0,2,4,-1,2,1,8.15,0,3,2,30,6
21049,2021,1,2021-12-27,SE,MANRESA,Bages,3,0,1,0,2,1,0,0,0,1,0,0,0,100.0,0.0,0,2,No n'hi ha,-1.0,3,3,1,0,0,0,0,0,0,0,0,0,0,1,5,3,1,Atropellament,2,2,2,5,0,2,1,18.2,1,3,0,27,12
21050,2021,0,2021-08-21,C-31,BADALONA,Barcelones,3,0,1,0,2,0,0,0,1,1,0,0,0,100.0,0.0,0,2,No n'hi ha,-1.0,3,3,1,0,0,0,0,0,0,0,0,0,0,0,4,-1,0,Encalç,-1,1,2,4,2,2,0,18.12,1,2,5,21,8
21051,2021,0,2021-08-07,B-10,BARCELONA,Barcelones,3,1,0,0,1,0,0,0,1,0,0,0,0,60.0,0.0,1,-1,No n'hi ha,-1.0,3,3,0,0,0,0,0,0,0,0,0,0,0,0,0,-1,1,Xoc contra objecte/obstacle sense sortida prèvia de via,-1,1,2,4,-1,2,0,1.1,2,4,5,7,8
21052,2021,1,2021-03-18,SE,SALOU,Tarragones,0,1,0,0,2,1,0,0,0,1,0,0,0,100.0,0.0,0,2,No n'hi ha,-1.0,3,3,0,0,0,0,0,0,0,0,0,0,0,0,4,-1,1,Atropellament,-1,2,2,5,-1,2,1,13.45,0,3,3,18,3
21053,2021,1,2021-07-06,AL,FLACA,Girones,1,0,1,0,2,1,1,0,0,0,0,0,0,100.0,0.0,0,2,No n'hi ha,-1.0,3,3,1,0,0,0,0,0,0,0,0,0,0,0,4,-1,1,Atropellament,-1,0,2,4,-1,2,1,7.29,0,3,1,6,7
21054,2021,1,2021-06-14,SE,GIRONA,Girones,1,0,1,0,1,0,1,0,0,0,0,0,0,20.0,0.0,0,2,No n'hi ha,-1.0,3,3,1,0,0,0,0,0,0,0,0,0,0,0,4,-1,1,Caiguda en la via,-1,2,2,5,4,2,1,12.59,0,0,0,14,6
21055,2021,0,2021-12-11,N-260,PEDRET I MARZA,Alt Emporda,1,1,2,1,1,0,0,0,0,1,0,0,0,100.0,0.0,0,2,No n'hi ha,-1.0,3,3,0,0,0,0,0,0,0,0,0,0,0,0,0,-1,1,Resta sortides de via,-1,1,2,4,1,0,0,6.56,0,1,5,11,12
21056,2021,0,2021-07-26,C-17,"MASIES DE VOLTREGA,LES",Osona,3,1,1,0,2,0,0,0,0,2,0,0,0,100.0,0.0,0,2,No n'hi ha,-1.0,3,3,0,0,0,0,0,0,0,0,0,0,0,0,4,-1,0,Col·lisió frontal,-1,1,2,4,2,2,1,16.55,1,2,0,26,7
21057,2021,1,2021-08-17,SE,VERGES,Baix Emporda,1,0,1,0,2,0,0,0,1,1,0,0,0,100.0,0.0,0,2,No n'hi ha,-1.0,3,3,1,0,0,0,0,0,0,0,0,0,0,0,1,-1,1,Fregament o col·lisió lateral,-1,0,2,4,2,2,1,19.41,1,2,1,17,8
21058,2021,0,2021-12-27,C-62,OLVAN,Bergueda,3,0,1,1,2,0,0,0,0,2,0,0,0,100.0,0.0,0,1,No n'hi ha,-1.0,3,3,1,0,0,0,0,0,0,0,0,0,0,0,1,-1,1,Col·lisió frontal,-1,1,2,4,2,2,1,7.28,0,2,0,27,12
21059,2021,1,2021-08-06,SE,ABRERA,Baix Llobregat,3,0,2,0,2,0,0,1,0,1,0,0,0,30.0,0.0,0,2,No n'hi ha,-1.0,3,3,1,0,0,0,0,0,0,0,0,0,0,1,4,4,0,Fregament o col·lisió lateral,1,2,2,5,-1,2,0,18.41,1,2,4,6,8
21060,2021,0,2021-10-14,B-10,BARCELONA,Barcelones,3,0,1,1,2,0,0,0,1,1,0,0,0,80.0,0.0,1,-1,No n'hi ha,-1.0,3,3,1,0,0,0,0,0,0,0,0,0,0,0,4,-1,1,Encalç,-1,1,2,4,-1,2,1,14.45,1,2,3,14,10
21061,2021,0,2021-12-18,C-17,"GARRIGA, LA",Valles Oriental,3,0,1,0,1,0,0,0,0,1,0,0,0,90.0,0.0,0,-1,Sense Especificar,-1.0,3,3,1,0,0,0,0,0,0,0,0,0,0,0,4,-1,-1,Resta sortides de via,-1,1,2,4,4,2,0,22.48,2,1,5,18,12
21062,2021,1,2021-06-04,SE,CALELLA,Maresme,3,0,1,1,2,0,0,1,0,1,0,0,0,100.0,0.0,0,2,Carril central,-1.0,3,3,1,0,0,0,0,0,0,0,0,0,0,1,4,4,1,Envestida (frontal lateral),2,2,2,5,-1,2,0,19.03,1,2,4,4,6
21063,2021,1,2021-03-13,SE,BADALONA,Barcelones,3,0,1,0,2,1,0,0,0,1,0,0,0,20.0,0.0,0,-1,No n'hi ha,-1.0,3,3,1,0,-1,0,0,0,0,0,0,0,0,0,4,-1,-1,Atropellament,-1,2,2,5,-1,2,0,13.1,0,3,5,13,3
21064,2021,1,2021-02-15,SE,SANT QUIRZE DEL VALLES,Valles Occidental,3,0,1,0,1,0,0,0,0,0,1,0,0,100.0,0.0,0,1,No n'hi ha,-1.0,3,3,1,0,0,0,0,0,0,0,0,0,0,0,2,-1,1,Xoc contra objecte/obstacle sense sortida prèvia de via,-1,2,2,5,0,2,1,16.02,1,4,0,15,2
21065,2021,1,2021-11-25,C-31,CUBELLES,Garraf,3,0,1,0,2,1,0,0,0,1,0,0,0,100.0,0.0,0,-1,No n'hi ha,-1.0,3,3,1,0,0,0,0,0,0,0,0,0,0,0,4,-1,-1,Altres,-1,0,2,4,-1,2,1,6.4,0,5,3,25,11
21066,2021,1,2021-05-30,BV-5103,CARDEDEU,Valles Oriental,3,0,1,0,3,0,0,0,1,2,0,0,0,40.0,0.0,0,2,No n'hi ha,-1.0,3,3,1,0,0,0,0,0,0,0,0,0,0,2,4,4,1,Envestida (frontal lateral),0,0,2,4,-1,2,0,16.27,1,2,6,30,5
21067,2021,1,2021-09-18,SE,HOSPITALET DE LLOBREGAT,Barcelones,3,0,1,1,2,0,0,0,1,0,0,1,0,20.0,0.0,0,2,No n'hi ha,-1.0,1,3,1,-1,1,0,0,-1,0,0,0,0,0,0,5,-1,1,Fregament o col·lisió lateral,-1,2,0,5,-1,2,0,22.43,2,2,5,18,9
21068,2021,0,2021-02-20,GIV-5313,CANET D'ADRI,Girones,1,0,1,0,1,0,0,0,0,1,0,0,0,90.0,0.0,0,-1,Sense Especificar,-1.0,3,3,1,0,0,0,0,0,0,0,0,0,0,0,4,-1,-1,Resta sortides de via,-1,1,2,4,4,2,0,18.17,1,1,5,20,2
21069,2021,1,2021-10-28,SE,MATARO,Maresme,3,0,1,0,2,0,0,0,1,1,0,0,0,20.0,0.0,0,-1,No n'hi ha,-1.0,3,3,1,0,-1,0,0,0,0,0,0,0,0,1,4,5,-1,Envestida (frontal lateral),2,2,2,5,-1,2,1,8.0,0,2,3,28,10
21070,2021,1,2021-09-17,SE,SANT GREGORI,Girones,1,0,1,0,1,0,0,0,1,0,0,0,0,20.0,0.0,0,-1,Sense Especificar,-1.0,3,3,1,0,0,0,0,0,0,0,0,0,0,0,4,-1,-1,Altres,-1,2,2,5,-1,2,1,12.48,0,5,4,17,9
21071,2021,1,2021-07-14,SE,HOSPITALET DE LLOBREGAT,Barcelones,3,0,1,3,4,0,0,0,1,3,0,0,0,20.0,0.0,0,-1,No n'hi ha,-1.0,3,3,1,0,-1,0,0,0,0,0,0,0,0,0,4,-1,-1,Encalç,-1,2,2,5,-1,2,1,16.21,1,2,2,14,7
21072,2021,1,2021-09-27,SE,BARCELONA,Barcelones,3,0,2,0,3,0,0,1,1,1,0,0,0,100.0,0.0,1,-1,No n'hi ha,-1.0,3,3,1,0,0,0,0,0,0,0,0,0,0,1,0,-1,0,Envestida (frontal lateral),2,2,2,5,-1,2,1,3.25,2,2,0,27,9
21073,2021,0,2021-01-30,C-260,CASTELLO D'EMPURIES,Alt Emporda,1,1,0,0,2,0,1,0,0,1,0,0,0,90.0,0.0,0,-1,Sense Especificar,-1.0,3,3,0,0,0,0,0,0,0,0,0,0,0,0,4,-1,-1,Envestida (frontal lateral),-1,1,2,4,4,2,0,8.24,0,2,5,30,1
21074,2021,0,2021-05-17,LV-3344,CASTELLNOU DE SEANA,Pla d'Urgell,2,0,3,0,2,0,0,0,0,2,0,0,0,100.0,0.0,0,2,No n'hi ha,-1.0,3,3,1,0,0,0,0,0,0,0,0,0,0,0,4,-1,1,Col·lisió frontal,-1,1,2,4,3,2,1,14.55,1,2,0,17,5
21075,2021,1,2021-08-21,SE,TARREGA,Urgell,2,1,0,0,1,0,0,0,0,1,0,0,0,30.0,0.0,0,2,No n'hi ha,-1.0,3,3,0,-1,0,0,0,-1,0,0,0,0,-1,1,4,5,0,Xoc contra objecte/obstacle sense sortida prèvia de via,0,2,2,5,-1,2,0,7.2,0,4,5,21,8
21076,2021,1,2021-03-20,SE,OLOT,Garrotxa,1,0,2,0,2,0,0,0,1,1,0,0,0,100.0,0.0,0,3,No n'hi ha,,3,3,1,0,0,0,0,0,0,0,0,0,0,1,4,4,1,Envestida (frontal lateral),2,2,2,5,-1,2,0,10.4,0,2,5,20,3