,Year,Area,Date,Road,Municipality Name,County Name,Province Name,Fatalties,Serious Injuries,Light Injuries,Units Involved,Pedestrains Involved,Bicycles Involved,Mopeds Involved,Motorcycles,Light Vehicles Involved,Heavy Vehicles Involved,Other Units Involved,Unspecified Units Involved,Road Speed Limit,Accident with Hit and Run,Fog Presence,Surrounding Environment,Special Lane Presence,Special Traffic Measures,Weather Conditions,Special Road Functions,Severity of Accident,Influence of Fog,Influence of Environment,Influence of Traffic,Influence of Weather,Influence of Wind Intensity,Influence of Lighting,Influence of Special Measures,Influence of Road Objects,Influence of Road Surface,Influence of Visibility,Intersection Characteristics,Lighting Conditions,Traffic Regulation and Priority,Direction of Road,Subtype of Accident,Subtype of Road Section,Subzone within Area,Road Surface Conditions,Type of Road,Road Ownership,Wind Conditions,Day of the Week Grouping,Hour of Day,Time of Day Grouping,Type of Accident,Day Type,Day,Month
21077,2021,1,2021-08-02,SE,LLEIDA,Segria,2,0,1,0,2,1,0,0,0,1,0,0,0,20.0,0.0,0,2,No n'hi ha,-1.0,3,3,1,-1,0,0,0,-1,0,0,0,0,-1,1,4,2,0,Atropellament,2,2,2,5,-1,2,1,13.02,0,3,0,2,8
21078,2021,0,2021-05-07,B-112,COLLBATO,Baix Llobregat,3,0,1,2,2,0,0,0,1,1,0,0,0,40.0,0.0,0,3,No n'hi ha,-1.0,3,3,1,0,0,0,0,0,0,0,0,0,0,0,4,-1,1,Fregament o col·lisió lateral,-1,1,2,4,3,2,1,13.1,0,2,4,7,5
21079,2021,0,2021-12-04,BV-5106,"ROCA DEL VALLES, LA",Valles Oriental,3,0,1,0,1,0,1,0,0,0,0,0,0,90.0,0.0,0,-1,Sense Especificar,-1.0,3,3,1,0,0,0,0,0,0,0,0,0,0,0,4,-1,-1,Altres,-1,1,2,4,4,2,0,10.58,0,5,5,4,12
21080,2021,0,2021-05-01,N-340a,"AMETLLA DE MAR, L'",Baix Ebre,0,1,0,0,1,0,0,0,1,0,0,0,0,100.0,0.0,0,1,No n'hi ha,-1.0,3,3,0,0,0,0,0,0,0,0,0,0,0,0,1,-1,1,Resta sortides de via,-1,1,2,4,1,2,0,18.0,1,1,5,1,5
21081,2021,0,2021-03-25,T-318,PRATDIP,Baix Camp,0,1,0,0,2,0,1,0,0,0,1,0,0,80.0,0.0,0,2,No n'hi ha,-1.0,3,3,0,0,0,0,0,0,0,0,0,0,0,1,4,4,1,Envestida (frontal lateral),2,1,2,4,3,2,1,8.53,0,2,3,25,3
21082,2021,0,2021-08-02,bp-5002,ALELLA,Maresme,3,0,1,0,2,0,0,0,1,1,0,0,0,50.0,0.0,0,2,No n'hi ha,-1.0,3,3,1,-1,0,0,0,-1,0,0,0,0,-1,1,5,4,1,Col·lisió frontal,3,1,2,4,0,2,1,22.2,2,2,0,2,8
21083,2021,1,2021-08-24,SE,CAMBRILS,Baix Camp,0,0,1,0,2,1,0,0,0,1,0,0,0,100.0,0.0,0,2,No n'hi ha,-1.0,3,3,1,0,0,0,0,0,0,0,0,0,0,0,1,-1,0,Atropellament,-1,2,2,5,-1,2,1,20.18,1,3,1,24,8
21084,2021,0,2021-04-03,BV-2115,CASTELLET I LA GORNA,Alt Penedes,3,1,0,0,2,0,0,0,1,1,0,0,0,100.0,0.0,0,3,No n'hi ha,-1.0,3,3,0,0,0,0,0,0,0,0,0,0,0,0,4,-1,1,Caiguda en la via,-1,1,2,4,3,2,0,18.04,1,0,5,3,4
21085,2021,0,2021-08-05,A-2,BELLPUIG,Urgell,2,1,0,0,2,0,0,0,1,1,0,0,0,100.0,1.0,0,2,No n'hi ha,-1.0,3,3,0,0,0,0,0,0,0,0,0,0,0,0,3,-1,1,Encalç,-1,1,2,4,1,2,1,23.42,2,2,3,5,8
21086,2021,0,2021-04-18,C-1413a,SABADELL,Valles Occidental,3,0,1,1,1,0,0,0,0,1,0,0,0,40.0,0.0,0,1,No n'hi ha,-1.0,3,3,1,0,0,0,0,0,0,0,0,0,0,0,4,-1,1,Resta sortides de via,-1,1,2,4,2,2,0,17.41,1,1,6,18,4
21087,2021,1,2021-02-27,SE,VALLIRANA,Baix Llobregat,3,0,1,0,1,0,1,0,0,0,0,0,0,100.0,0.0,0,0,No n'hi ha,-1.0,3,3,1,0,0,0,0,0,0,0,0,0,0,0,4,-1,1,Altres,-1,2,0,5,-1,2,0,12.0,0,5,5,27,2
21088,2021,1,2021-09-14,SE,FORTIA,Alt Emporda,1,0,1,1,2,0,0,0,1,1,0,0,0,30.0,0.0,0,2,No n'hi ha,-1.0,3,3,1,0,0,0,0,0,0,0,0,0,0,0,5,-1,1,Envestida (frontal lateral),-1,2,2,5,-1,2,1,20.23,1,2,1,14,9
21089,2021,1,2021-06-17,SE,BARCELONA,Barcelones,3,0,1,0,2,0,0,0,1,1,0,0,0,100.0,0.0,1,-1,No n'hi ha,-1.0,3,3,1,0,0,0,0,0,0,0,0,0,0,1,0,-1,0,Envestida (frontal lateral),2,2,2,5,-1,2,1,22.0,2,2,3,17,6
21090,2021,1,2021-08-13,SE,SANT PERE DE RIBES,Garraf,3,0,1,0,2,1,1,0,0,0,0,0,0,100.0,0.0,0,-1,No n'hi ha,-1.0,3,3,1,0,0,0,0,0,0,0,0,0,0,0,4,-1,-1,Atropellament,-1,2,2,5,-1,2,1,14.0,1,3,4,13,8
21091,2021,1,2021-12-19,SE,GRANYANELLA,Segarra,2,1,0,0,1,0,0,0,0,1,0,0,0,40.0,0.0,1,2,No n'hi ha,-1.0,1,3,0,0,0,0,0,0,0,0,0,0,0,0,2,-1,1,Resta sortides de via,-1,2,2,5,0,2,0,9.24,0,1,6,19,12
21092,2021,1,2021-03-11,SE,BARCELONA,Barcelones,3,0,1,1,4,0,0,0,2,1,1,0,0,100.0,0.0,1,-1,No n'hi ha,-1.0,3,3,1,0,0,0,0,0,0,0,0,0,0,0,4,-1,1,Fregament o col·lisió lateral,-1,2,2,5,-1,2,1,15.53,1,2,3,11,3
21093,2021,0,2021-12-10,C-32,SANT POL DE MAR,Maresme,3,1,0,0,2,0,0,0,0,1,1,0,0,100.0,0.0,0,-1,No n'hi ha,-1.0,3,3,0,0,0,0,0,0,0,0,0,0,0,0,4,-1,-1,Encalç,-1,1,2,4,-1,2,1,6.0,0,2,4,10,12
21094,2021,1,2021-12-16,SE,BARCELONA,Barcelones,3,0,1,0,2,0,0,0,1,1,0,0,0,100.0,0.0,1,-1,No n'hi ha,-1.0,3,3,1,0,0,0,0,0,0,0,0,0,0,0,4,-1,1,Caiguda en la via,-1,2,2,5,-1,2,1,11.25,0,0,3,16,12
21095,2021,0,2021-05-24,C-31,PALAMOS,Baix Emporda,1,0,1,0,2,0,0,0,0,2,0,0,0,100.0,0.0,0,2,No n'hi ha,-1.0,3,3,1,0,0,0,0,0,0,0,0,0,0,0,4,-1,0,Encalç,-1,1,2,4,2,2,1,13.59,0,2,0,24,5
21096,2021,0,2021-07-07,C-58c,SABADELL,Valles Occidental,3,0,1,0,1,0,0,0,1,0,0,0,0,100.0,0.0,0,3,No n'hi ha,-1.0,3,3,1,0,0,0,0,0,0,0,0,0,0,0,4,-1,0,Resta sortides de via,-1,1,2,4,2,2,1,15.14,1,1,2,7,7
21097,2021,1,2021-01-29,SE,SANT ADRIA DE BESOS,Barcelones,3,0,1,0,2,0,1,0,0,1,0,0,0,30.0,0.0,0,2,No n'hi ha,-1.0,3,3,1,0,0,0,0,0,0,0,0,0,0,0,5,-1,1,Envestida (frontal lateral),-1,2,2,5,-1,2,0,20.55,1,2,4,29,1
21098,2021,1,2021-03-08,SE,CORNELLA DE LLOBREGAT,Baix Llobregat,3,0,1,0,1,0,0,0,1,0,0,0,0,20.0,0.0,0,-1,No n'hi ha,-1.0,1,3,1,0,-1,0,1,0,0,0,0,0,0,0,2,-1,-1,Caiguda en la via,-1,2,0,5,-1,2,1,16.4,1,0,0,8,3
21099,2021,1,2021-05-28,SE,BARCELONA,Barcelones,3,0,1,0,2,0,0,0,1,1,0,0,0,100.0,0.0,1,-1,No n'hi ha,-1.0,3,3,1,0,0,0,0,0,0,0,0,0,0,0,1,-1,0,Envestida (frontal lateral),-1,2,2,5,-1,2,0,21.15,1,2,4,28,5
21100,2021,0,2021-07-17,C-162,FONTANALS DE CERDANYA,Cerdanya,1,0,3,0,2,0,0,0,0,2,0,0,0,100.0,0.0,0,3,No n'hi ha,-1.0,3,3,1,0,0,0,0,0,0,0,0,0,0,0,4,-1,1,Col·lisió frontal,-1,1,2,4,2,2,0,7.14,0,2,5,17,7
21101,2021,0,2021-12-28,CR,"COMA I LA PEDRA, LA",Solsones,2,0,1,0,2,1,0,0,0,1,0,0,0,20.0,0.0,0,1,No n'hi ha,-1.0,3,3,1,0,0,0,0,0,0,0,0,0,0,0,3,-1,1,Atropellament,-1,1,2,3,0,2,1,18.03,1,3,1,28,12
21102,2021,1,2021-04-27,SE,SANT QUIRZE DEL VALLES,Valles Occidental,3,0,1,4,5,0,0,0,0,5,0,0,0,20.0,0.0,0,-1,No n'hi ha,-1.0,3,3,1,-1,-1,0,0,-1,0,0,0,0,-1,0,4,-1,-1,Encalç,-1,2,2,5,-1,2,1,16.22,1,2,1,27,4
21103,2021,1,2021-03-15,SE,BARBERA DEL VALLES,Valles Occidental,3,0,1,0,1,0,0,0,1,0,0,0,0,20.0,0.0,0,-1,No n'hi ha,-1.0,3,3,1,0,0,0,0,0,0,0,0,0,0,0,4,-1,-1,Xoc contra objecte/obstacle sense sortida prèvia de via,-1,2,2,5,-1,2,1,14.3,1,4,0,15,3
21104,2021,0,2021-08-27,GI-643,GUALTA,Baix Emporda,1,0,1,4,2,0,0,0,0,2,0,0,0,100.0,0.0,0,2,No n'hi ha,-1.0,3,3,1,0,0,0,0,0,0,0,0,0,0,2,1,4,1,Col·lisió frontal,1,1,2,4,2,2,0,20.05,1,2,4,27,8
21105,2021,1,2021-07-19,SE,BADALONA,Barcelones,3,0,1,1,2,0,0,0,2,0,0,0,0,20.0,0.0,0,2,No n'hi ha,-1.0,3,3,1,-1,0,0,0,-1,0,0,0,0,0,1,4,3,0,Envestida (frontal lateral),2,2,2,5,-1,2,1,12.14,0,2,0,19,7
21106,2021,0,2021-09-20,AP-7,"AMETLLA DE MAR, L'",Baix Ebre,0,0,1,0,2,0,0,0,0,0,2,0,0,100.0,0.0,0,2,No n'hi ha,0.0,3,3,1,0,0,0,0,0,0,0,0,0,0,0,4,-1,1,Altres,-1,1,2,4,1,2,1,14.15,1,5,0,20,9
21107,2021,0,2021-03-11,BV-4316,VIC,Osona,3,0,1,0,2,0,2,0,0,0,0,0,0,90.0,0.0,0,-1,Sense Especificar,-1.0,3,3,1,0,0,0,0,0,0,0,0,0,0,0,4,-1,-1,Fregament o col·lisió lateral,-1,1,2,4,4,2,1,11.07,0,2,3,11,3
21108,2021,1,2021-10-25,SE,SALT,Girones,1,0,1,0,1,0,0,0,1,0,0,0,0,40.0,0.0,0,2,No n'hi ha,-1.0,3,3,1,0,0,0,0,0,0,0,0,0,0,2,4,3,0,Caiguda en la via,-1,2,2,5,-1,2,1,13.3,0,0,0,25,10
21109,2021,1,2021-09-13,SE,CASTELLVELL DEL CAMP,Baix Camp,0,0,1,0,1,0,0,0,1,0,0,0,0,20.0,0.0,0,-1,Sense Especificar,-1.0,3,3,1,0,0,0,0,0,0,0,0,0,0,0,4,-1,-1,Resta sortides de via,-1,2,2,5,-1,2,1,10.12,0,1,0,13,9
21110,2021,0,2021-07-19,GIV-4082,ALP,Cerdanya,1,0,1,0,1,0,0,0,1,0,0,0,0,100.0,0.0,0,1,Carril central,-1.0,3,3,1,0,0,0,0,0,0,0,0,0,0,1,4,4,1,Xoc contra objecte/obstacle sense sortida prèvia de via,1,1,2,4,2,2,1,15.26,1,4,0,19,7
21111,2021,0,2021-10-07,BV-5226,SANT VICENC DE TORELLO,Osona,3,0,2,2,2,0,0,0,0,2,0,0,0,90.0,0.0,0,-1,Sense Especificar,-1.0,3,3,1,0,0,0,0,0,0,0,0,0,0,2,4,4,-1,Col·lisió frontal,1,1,2,4,4,2,1,13.2,0,2,3,7,10
21112,2021,1,2021-08-30,SE,SANT FELIU DE GUIXOLS,Baix Emporda,1,0,1,0,2,0,1,0,0,1,0,0,0,30.0,0.0,0,2,No n'hi ha,-1.0,3,3,1,0,0,0,0,0,0,0,0,0,1,0,0,-1,1,Col·lisió frontal,-1,2,2,5,0,2,1,21.21,1,2,0,30,8
21113,2021,1,2021-03-27,SE,HOSPITALET DE LLOBREGAT,Barcelones,3,0,1,0,2,0,0,0,1,1,0,0,0,20.0,0.0,0,-1,No n'hi ha,-1.0,3,3,1,-1,0,0,0,-1,0,0,0,0,0,1,4,5,1,Envestida (frontal lateral),1,2,2,5,-1,2,0,13.3,0,2,5,27,3
21114,2021,1,2021-10-14,SE,TARRAGONA,Tarragones,0,0,1,0,2,0,0,0,0,1,0,1,0,100.0,1.0,0,2,No n'hi ha,-1.0,3,3,1,0,0,0,0,0,0,0,0,0,0,1,4,4,0,Fregament o col·lisió lateral,2,2,2,5,-1,2,1,15.27,1,2,3,14,10
21115,2021,0,2021-04-19,BV-2041,BEGUES,Baix Llobregat,3,0,1,1,2,0,0,0,1,1,0,0,0,100.0,0.0,0,1,No n'hi ha,-1.0,3,3,1,0,0,0,0,0,0,0,0,0,0,0,4,-1,1,Caiguda en la via,-1,1,2,4,2,2,1,10.31,0,0,0,19,4
21116,2021,1,2021-03-23,SE,BARCELONA,Barcelones,3,0,1,0,2,1,0,0,0,1,0,0,0,30.0,0.0,1,-1,No n'hi ha,-1.0,3,3,1,0,0,0,0,0,0,0,0,0,0,1,4,-1,0,Atropellament,1,2,2,5,-1,2,1,17.15,1,3,1,23,3
21117,2021,1,2021-12-19,SE,BARCELONA,Barcelones,3,1,0,1,1,0,0,0,1,0,0,0,0,100.0,0.0,1,-1,No n'hi ha,-1.0,3,3,0,0,0,0,0,0,0,0,0,0,0,0,0,-1,1,Xoc contra objecte/obstacle sense sortida prèvia de via,-1,2,2,5,-1,2,0,1.15,2,4,6,19,12
21118,2021,1,2021-11-04,SE,BADALONA,Barcelones,3,0,1,1,2,0,0,0,0,2,0,0,0,20.0,0.0,0,-1,No n'hi ha,-1.0,3,3,1,-1,0,0,0,-1,0,0,0,0,0,1,5,3,0,Envestida (frontal lateral),2,2,2,5,-1,2,1,6.35,0,2,3,4,11
21119,2021,1,2021-04-02,SE,BARCELONA,Barcelones,3,0,1,0,2,1,0,0,0,1,0,0,0,10.0,0.0,1,-1,No n'hi ha,-1.0,3,3,1,0,0,0,0,0,0,0,0,0,0,0,0,-1,0,Atropellament,-1,2,2,5,-1,2,0,19.48,1,3,4,2,4
21120,2021,1,2021-05-26,SE,HOSPITALET DE LLOBREGAT,Barcelones,3,0,1,0,2,0,0,0,1,1,0,0,0,20.0,0.0,0,-1,No n'hi ha,-1.0,3,3,1,0,-1,0,0,0,0,0,0,0,0,0,4,-1,-1,Envestida (frontal lateral),-1,2,2,5,-1,2,1,15.12,1,2,2,26,5
21121,2021,0,2021-03-28,TP-7013,"SELVA DEL CAMP, LA",Baix Camp,0,0,1,1,2,0,0,0,2,0,0,0,0,100.0,0.0,0,3,No n'hi ha,-1.0,3,3,1,0,0,0,0,0,0,0,0,0,0,0,4,-1,1,Fregament o col·lisió lateral,-1,1,1,4,2,2,0,12.37,0,2,6,28,3
21122,2021,1,2021-08-24,SE,SANT CARLES DE LA RAPITA,Montsia,0,0,1,0,1,0,0,0,1,0,0,0,0,100.0,0.0,0,2,No n'hi ha,-1.0,1,3,1,0,0,0,1,0,0,0,0,0,0,1,5,4,1,Caiguda en la via,0,2,2,5,-1,2,1,0.15,2,0,1,24,8
21123,2021,0,2021-06-03,C-31,CUBELLES,Garraf,3,0,1,0,2,0,0,0,0,1,0,1,0,40.0,0.0,0,2,No n'hi ha,-1.0,3,3,1,0,0,0,0,0,0,0,0,0,0,1,4,4,1,Envestida (frontal lateral),0,1,2,4,2,2,1,15.08,1,2,3,3,6
21124,2021,1,2021-07-31,SE,SANTA COLOMA DE GRAMANET,Barcelones,3,0,1,0,1,0,1,0,0,0,0,0,0,20.0,0.0,0,-1,No n'hi ha,-1.0,3,3,1,-1,0,0,0,-1,0,0,0,0,0,0,4,-1,-1,Sortida de via amb bolcada,-1,2,2,5,-1,2,0,14.0,1,1,5,31,7
21125,2021,1,2021-08-05,SE,BARCELONA,Barcelones,3,0,1,0,2,0,0,0,1,1,0,0,0,30.0,0.0,1,-1,No n'hi ha,-1.0,3,3,1,0,0,0,0,0,0,0,0,0,0,1,4,-1,0,Envestida (frontal lateral),2,2,2,5,-1,2,1,16.0,1,2,3,5,8
21126,2021,1,2021-06-03,SE,SANT BOI DE LLOBREGAT,Baix Llobregat,3,0,1,0,1,0,0,0,0,0,1,0,0,20.0,0.0,0,-1,No n'hi ha,-1.0,3,3,1,0,-1,0,0,0,0,0,0,0,0,0,4,-1,-1,Altres,-1,2,2,5,-1,2,1,12.3,0,5,3,3,6
21127,2021,1,2021-03-17,SE,PARETS DEL VALLES,Valles Oriental,3,0,1,0,3,0,0,0,0,2,1,0,0,100.0,0.0,0,2,No n'hi ha,-1.0,3,3,1,0,0,0,0,0,0,0,0,0,0,1,5,2,0,Encalç,1,2,2,5,-1,2,1,0.05,2,2,2,17,3
21128,2021,0,2021-11-26,AP-7,SANTA PERPETUA DE MO,Valles Occidental,3,0,1,2,2,0,0,0,0,2,0,0,0,100.0,0.0,0,1,No n'hi ha,-1.0,3,3,1,0,0,0,0,0,0,0,0,0,0,0,4,-1,0,Encalç,-1,1,2,4,1,2,0,16.49,1,2,4,26,11
21129,2021,1,2021-02-09,SE,MALGRAT DE MAR,Maresme,3,0,1,0,2,1,0,0,0,1,0,0,0,20.0,0.0,0,2,No n'hi ha,-1.0,3,3,1,-1,0,0,0,-1,0,0,0,0,-1,0,4,-1,1,Atropellament,-1,2,2,5,-1,2,1,12.29,0,3,1,9,2
21130,2021,0,2021-03-07,C-13,CAMARASA,Noguera,2,0,1,0,1,0,0,0,1,0,0,0,0,100.0,0.0,0,1,No n'hi ha,-1.0,3,3,1,0,0,0,0,0,0,0,0,0,0,0,4,-1,1,Resta sortides de via,-1,1,2,4,2,2,0,11.58,0,1,6,7,3
21131,2021,1,2021-02-01,B-502,CABRERA DE MAR,Maresme,3,0,1,0,2,1,0,0,0,0,1,0,0,30.0,0.0,0,2,No n'hi ha,-1.0,3,3,1,0,0,0,0,0,0,0,0,0,0,0,4,-1,1,Atropellament,-1,0,2,4,3,2,1,17.45,1,3,0,1,2
21132,2021,0,2021-07-06,C-31,SANT ADRIA DE BESOS,Barcelones,3,0,1,0,1,0,0,0,1,0,0,0,0,80.0,0.0,0,3,No n'hi ha,-1.0,3,3,1,0,0,0,0,0,0,0,0,0,0,0,4,-1,0,Caiguda en la via,-1,1,2,4,2,2,1,9.37,0,0,1,6,7
21133,2021,1,2021-10-18,SE,AMPOSTA,Montsia,0,0,1,0,1,0,0,0,0,0,0,1,0,100.0,0.0,0,2,No n'hi ha,-1.0,3,3,1,0,0,0,0,0,0,0,0,0,0,0,4,-1,0,Caiguda en la via,-1,2,2,5,-1,2,1,15.48,1,0,0,18,10
21134,2021,0,2021-02-24,C-65,GIRONA,Girones,1,0,1,0,1,0,0,0,1,0,0,0,0,40.0,0.0,0,2,Carril habilitat en sentit contrari habitual,0.0,3,3,1,0,0,0,0,0,0,1,0,1,0,0,3,-1,1,Caiguda en la via,-1,1,2,4,3,2,1,22.28,2,0,2,24,2
21135,2021,0,2021-07-19,B-151,CASTELLBISBAL,Valles Occidental,3,0,1,0,2,0,0,0,1,1,0,0,0,50.0,0.0,0,1,No n'hi ha,-1.0,3,3,1,0,0,0,0,0,0,0,0,0,0,1,4,4,1,Envestida (frontal lateral),1,1,2,4,4,2,1,8.28,0,2,0,19,7
21136,2021,1,2021-10-21,SE,ARGENTONA,Maresme,3,1,0,0,3,0,0,0,1,2,0,0,0,50.0,1.0,0,3,No n'hi ha,-1.0,3,3,0,0,0,0,0,0,0,0,0,0,0,0,3,-1,1,Encalç,-1,2,2,5,3,2,1,21.0,1,2,3,21,10
21137,2021,1,2021-10-11,SE,MALGRAT DE MAR,Maresme,3,0,2,0,2,0,0,0,0,2,0,0,0,20.0,0.0,0,-1,Sense Especificar,-1.0,3,3,1,0,0,0,0,0,0,0,0,0,0,0,4,-1,-1,Col·lisió frontal,-1,2,2,5,-1,2,1,15.45,1,2,0,11,10
21138,2021,1,2021-11-23,SE,RUBI,Valles Occidental,3,0,1,0,2,1,0,0,0,1,0,0,0,100.0,0.0,0,-1,No n'hi ha,-1.0,3,3,1,0,0,0,0,0,0,0,0,0,0,0,4,-1,-1,Altres,-1,2,2,5,-1,2,1,19.3,1,5,1,23,11
21139,2021,0,2021-12-19,BV-1037,RUBIO,Anoia,3,0,1,0,1,0,0,0,1,0,0,0,0,90.0,0.0,0,-1,Sense Especificar,-1.0,3,3,1,0,0,0,0,0,0,0,0,0,0,0,4,-1,-1,Resta sortides de via,-1,1,2,4,4,2,0,9.1,0,1,6,19,12
21140,2021,1,2021-10-30,SE,"CRUILLES, MONELLS I SANT SADURNI DE L'HE",Baix Emporda,1,0,1,0,1,0,1,0,0,0,0,0,0,20.0,0.0,0,-1,Sense Especificar,-1.0,3,3,1,0,0,0,0,0,0,0,0,0,0,0,4,-1,-1,Altres,-1,2,2,5,-1,2,0,9.32,0,5,5,30,10
21141,2021,1,2021-10-01,SE,TERRASSA,Valles Occidental,3,0,1,0,2,1,0,0,0,1,0,0,0,30.0,1.0,0,2,Altres,-1.0,3,3,1,0,1,0,0,0,0,0,0,0,0,0,4,-1,1,Atropellament,-1,2,2,5,-1,2,1,12.0,0,3,4,1,10
21142,2021,0,2021-11-17,GI-674,CALDES DE MALAVELLA,Selva,1,0,1,0,1,0,0,0,1,0,0,0,0,90.0,0.0,0,-1,Sense Especificar,-1.0,3,3,1,0,0,0,0,0,0,0,0,0,0,0,4,-1,-1,Resta sortides de via,-1,1,2,4,4,2,1,16.51,1,1,2,17,11
21143,2021,0,2021-08-15,C-58,MONTCADA I REIXAC,Valles Occidental,3,1,0,0,3,0,0,0,1,2,0,0,0,100.0,0.0,0,1,No n'hi ha,-1.0,3,3,0,0,0,0,0,0,0,0,0,0,0,1,1,5,0,Resta sortides de via,1,1,2,4,2,2,0,20.55,1,1,6,15,8
21144,2021,1,2021-05-04,SE,BARCELONA,Barcelones,3,0,1,0,2,0,0,0,1,1,0,0,0,100.0,0.0,1,-1,Carril bus,-1.0,3,3,1,0,0,0,0,0,0,0,0,0,0,1,4,-1,0,Fregament o col·lisió lateral,1,2,2,5,-1,2,1,17.15,1,2,1,4,5
21145,2021,1,2021-08-21,SE,LLEIDA,Segria,2,1,0,1,2,1,0,0,1,0,0,0,0,20.0,0.0,0,-1,No n'hi ha,-1.0,3,3,0,-1,-1,0,0,-1,0,0,0,0,-1,0,4,-1,-1,Atropellament,-1,2,2,5,-1,2,0,11.5,0,3,5,21,8
21146,2021,1,2021-06-11,SE,SABADELL,Valles Occidental,3,0,1,0,2,0,0,1,0,1,0,0,0,100.0,0.0,0,-1,No n'hi ha,-1.0,3,3,1,0,0,0,0,0,0,0,0,0,0,0,4,-1,-1,Envestida (frontal lateral),-1,2,2,5,-1,2,0,23.4,2,2,4,11,6
21147,2021,1,2021-03-20,SE,BARCELONA,Barcelones,3,0,1,1,2,0,0,0,0,1,1,0,0,100.0,1.0,1,-1,Carril bus,-1.0,3,3,1,0,0,0,0,0,0,0,0,0,0,0,4,-1,0,Caiguda en la via,-1,2,2,5,-1,2,0,14.2,1,0,5,20,3
21148,2021,1,2021-07-08,SE,BARCELONA,Barcelones,3,1,0,0,7,0,0,3,0,2,2,0,0,30.0,0.0,1,-1,No n'hi ha,-1.0,3,3,0,0,0,0,0,0,0,0,0,0,0,0,4,-1,0,Encalç,-1,2,2,5,-1,2,1,16.09,1,2,3,8,7
21149,2021,1,2021-07-13,SE,BARCELONA,Barcelones,3,0,1,1,2,0,0,0,2,0,0,0,0,100.0,0.0,1,-1,Carril bus,-1.0,3,3,1,0,0,0,0,0,0,0,0,0,0,1,4,-1,0,Col·lisió frontal,1,2,2,5,-1,2,1,20.2,1,2,1,13,7
21150,2021,1,2021-04-30,SE,TERRASSA,Valles Occidental,3,0,1,0,2,0,0,0,0,2,0,0,0,100.0,0.0,0,2,Carril bus,-1.0,3,3,1,0,0,0,0,0,1,0,0,0,1,1,1,3,1,Envestida (frontal lateral),2,2,2,5,-1,2,1,7.15,0,2,4,30,4
21151,2021,1,2021-05-07,SE,SANT MARTI SARROCA,Alt Penedes,3,0,1,0,2,0,0,1,0,1,0,0,0,50.0,0.0,0,2,No n'hi ha,-1.0,3,3,1,0,0,0,0,0,0,0,0,0,0,0,4,-1,1,Fregament o col·lisió lateral,-1,2,2,5,-1,2,0,15.45,1,2,4,7,5
21152,2021,1,2021-02-18,SE,SALT,Girones,1,1,0,1,2,0,1,0,1,0,0,0,0,20.0,0.0,0,2,No n'hi ha,-1.0,3,3,0,-1,0,0,0,-1,0,0,0,0,1,0,4,-1,1,Fregament o col·lisió lateral,-1,2,2,5,-1,2,1,10.39,0,2,3,18,2
21153,2021,1,2021-03-01,SE,REUS,Baix Camp,0,0,1,0,1,0,0,0,0,0,0,1,0,100.0,0.0,0,-1,No n'hi ha,-1.0,3,3,1,0,0,0,0,0,0,0,0,0,0,0,4,-1,-1,Caiguda en la via,-1,2,2,5,-1,2,1,14.55,1,0,0,1,3
21154,2021,1,2021-04-04,SE,VILANOVA I LA GELTRU,Garraf,3,0,1,0,2,1,0,0,0,0,0,1,0,100.0,0.0,0,-1,No n'hi ha,-1.0,3,3,1,0,0,0,0,0,0,0,0,0,0,0,4,-1,-1,Atropellament,-1,2,2,5,-1,2,0,11.0,0,3,6,4,4
21155,2021,0,2021-10-01,BV-2005,SANT VICENC DELS HORTS,Baix Llobregat,3,0,3,4,2,0,0,0,0,2,0,0,0,50.0,0.0,0,1,No n'hi ha,-1.0,3,3,1,0,0,0,0,0,0,0,0,0,0,0,3,-1,1,Col·lisió frontal,-1,1,2,4,3,2,0,20.04,1,2,4,1,10
21156,2021,1,2021-12-21,BV-2002,SANT VICENC DELS HORTS,Baix Llobregat,3,1,0,0,2,0,0,0,0,2,0,0,0,100.0,0.0,0,-1,No n'hi ha,-1.0,3,3,0,0,0,0,0,0,0,0,0,0,0,0,4,-1,-1,Altres,-1,0,2,4,-1,2,1,11.28,0,5,1,21,12
21157,2021,1,2021-11-08,SE,LLEIDA,Segria,2,0,1,0,2,1,0,0,0,1,0,0,0,20.0,0.0,0,2,No n'hi ha,-1.0,3,3,1,-1,0,0,0,-1,0,0,0,0,-1,0,4,-1,1,Atropellament,-1,2,2,5,-1,2,1,14.55,1,3,0,8,11
21158,2021,0,2021-12-29,N-230,TORREFARRERA,Segria,2,0,2,0,2,0,0,0,0,2,0,0,0,100.0,0.0,0,2,No n'hi ha,-1.0,3,3,1,0,0,0,0,0,0,0,0,0,0,0,4,-1,1,Col·lisió frontal,-1,1,2,4,1,2,1,9.49,0,2,2,29,12
21159,2021,1,2021-11-19,SE,REUS,Baix Camp,0,0,1,0,2,0,0,0,1,1,0,0,0,100.0,0.0,0,-1,No n'hi ha,-1.0,3,3,1,0,0,0,0,0,0,0,0,0,0,0,4,-1,-1,Envestida (frontal lateral),-1,2,2,5,-1,2,1,12.44,0,2,4,19,11
21160,2021,1,2021-03-15,SE,TARRAGONA,Tarragones,0,0,1,0,2,1,0,0,0,1,0,0,0,40.0,0.0,0,2,No n'hi ha,-1.0,3,3,1,0,0,0,0,0,0,0,0,0,1,0,4,-1,1,Atropellament,-1,2,2,5,0,2,1,11.3,0,3,0,15,3